Time,Playercount
2017-12-14 00:00,8432
2017-12-14 00:05,8341
2017-12-14 00:10,8256
2017-12-14 00:15,8181
2017-12-14 00:20,8171
2017-12-14 00:25,8213
2017-12-14 00:30,8158
2017-12-14 00:35,8185
2017-12-14 00:40,8180
2017-12-14 00:45,8166
2017-12-14 00:50,8120
2017-12-14 00:55,8095
2017-12-14 01:00,8058
2017-12-14 01:05,0
2017-12-14 01:10,8016
2017-12-14 01:15,8044
2017-12-14 01:20,7981
2017-12-14 01:25,7988
2017-12-14 01:30,7895
2017-12-14 01:35,7877
2017-12-14 01:40,7888
2017-12-14 01:45,7846
2017-12-14 01:50,7673
2017-12-14 01:55,7786
2017-12-14 02:00,7708
2017-12-14 02:05,7680
2017-12-14 02:10,7666
2017-12-14 02:15,7677
2017-12-14 02:20,7649
2017-12-14 02:25,7622
2017-12-14 02:30,7609
2017-12-14 02:35,7647
2017-12-14 02:40,7619
2017-12-14 02:45,7544
2017-12-14 02:50,7567
2017-12-14 02:55,7483
2017-12-14 03:00,7405
2017-12-14 03:05,7357
2017-12-14 03:10,7272
2017-12-14 03:15,7195
2017-12-14 03:20,7143
2017-12-14 03:25,7113
2017-12-14 03:30,7022
2017-12-14 03:35,6933
2017-12-14 03:40,6850
2017-12-14 03:45,6839
2017-12-14 03:50,6761
2017-12-14 03:55,6661
2017-12-14 04:00,6579
2017-12-14 04:05,6478
2017-12-14 04:10,6364
2017-12-14 04:15,6273
2017-12-14 04:20,6168
2017-12-14 04:25,6078
2017-12-14 04:30,6032
2017-12-14 04:35,5967
2017-12-14 04:40,5912
2017-12-14 04:45,5816
2017-12-14 04:50,5756
2017-12-14 04:55,5660
2017-12-14 05:00,5630
2017-12-14 05:05,5583
2017-12-14 05:10,5516
2017-12-14 05:15,5399
2017-12-14 05:20,5260
2017-12-14 05:25,5178
2017-12-14 05:30,5091
2017-12-14 05:35,5026
2017-12-14 05:40,4900
2017-12-14 05:45,4833
2017-12-14 05:50,4739
2017-12-14 05:55,4600
2017-12-14 06:00,4565
2017-12-14 06:05,4497
2017-12-14 06:10,4427
2017-12-14 06:15,4356
2017-12-14 06:20,4281
2017-12-14 06:25,4249
2017-12-14 06:30,4173
2017-12-14 06:35,4134
2017-12-14 06:40,4113
2017-12-14 06:45,4015
2017-12-14 06:50,3976
2017-12-14 06:55,3903
2017-12-14 07:00,3829
2017-12-14 07:05,3786
2017-12-14 07:10,3735
2017-12-14 07:15,3662
2017-12-14 07:20,3591
2017-12-14 07:25,3530
2017-12-14 07:30,3436
2017-12-14 07:35,3392
2017-12-14 07:40,3304
2017-12-14 07:45,3257
2017-12-14 07:50,3183
2017-12-14 07:55,3170
2017-12-14 08:00,3104
2017-12-14 08:05,3115
2017-12-14 08:10,3087
2017-12-14 08:15,3053
2017-12-14 08:20,3010
2017-12-14 08:25,3001
2017-12-14 08:30,2986
2017-12-14 08:35,2914
2017-12-14 08:40,2856
2017-12-14 08:45,2774
2017-12-14 08:50,2774
2017-12-14 08:55,2765
2017-12-14 09:00,2749
2017-12-14 09:05,2765
2017-12-14 09:10,2785
2017-12-14 09:15,2839
2017-12-14 09:20,2916
2017-12-14 09:25,2984
2017-12-14 09:30,3039
2017-12-14 09:35,3073
2017-12-14 09:40,3082
2017-12-14 09:45,3119
2017-12-14 09:50,3192
2017-12-14 09:55,3230
2017-12-14 10:00,3247
2017-12-14 10:05,3261
2017-12-14 10:10,3312
2017-12-14 10:15,3358
2017-12-14 10:20,3359
2017-12-14 10:25,3417
2017-12-14 10:30,3437
2017-12-14 10:35,3456
2017-12-14 10:40,3518
2017-12-14 10:45,3556
2017-12-14 10:50,3549
2017-12-14 10:55,3546
2017-12-14 11:00,3563
2017-12-14 11:05,3634
2017-12-14 11:10,3654
2017-12-14 11:15,3688
2017-12-14 11:20,3708
2017-12-14 11:25,3760
2017-12-14 11:30,3805
2017-12-14 11:35,3840
2017-12-14 11:40,3835
2017-12-14 11:45,3883
2017-12-14 11:50,3913
2017-12-14 11:55,3934
2017-12-14 12:00,4008
2017-12-14 12:05,4069
2017-12-14 12:10,4116
2017-12-14 12:15,4137
2017-12-14 12:20,4173
2017-12-14 12:25,4266
2017-12-14 12:30,4333
2017-12-14 12:35,4348
2017-12-14 12:40,4392
2017-12-14 12:45,4461
2017-12-14 12:50,4537
2017-12-14 12:55,4568
2017-12-14 13:00,4650
2017-12-14 13:05,4764
2017-12-14 13:10,4864
2017-12-14 13:15,4939
2017-12-14 13:20,4996
2017-12-14 13:25,5033
2017-12-14 13:30,5095
2017-12-14 13:35,5200
2017-12-14 13:40,5302
2017-12-14 13:45,5380
2017-12-14 13:50,5451
2017-12-14 13:55,5523
2017-12-14 14:00,5622
2017-12-14 14:05,5709
2017-12-14 14:10,5777
2017-12-14 14:15,5918
2017-12-14 14:20,6008
2017-12-14 14:25,6095
2017-12-14 14:30,6191
2017-12-14 14:35,6294
2017-12-14 14:40,6368
2017-12-14 14:45,6444
2017-12-14 14:50,6576
2017-12-14 14:55,6682
2017-12-14 15:00,6771
2017-12-14 15:05,6867
2017-12-14 15:10,6962
2017-12-14 15:15,7101
2017-12-14 15:20,7199
2017-12-14 15:25,7221
2017-12-14 15:30,7344
2017-12-14 15:35,7420
2017-12-14 15:40,7519
2017-12-14 15:45,7552
2017-12-14 15:50,7610
2017-12-14 15:55,7682
2017-12-14 16:00,7787
2017-12-14 16:05,7854
2017-12-14 16:10,7878
2017-12-14 16:15,7947
2017-12-14 16:20,8002
2017-12-14 16:25,8095
2017-12-14 16:30,8225
2017-12-14 16:35,8298
2017-12-14 16:40,8365
2017-12-14 16:45,8440
2017-12-14 16:50,8488
2017-12-14 16:55,8541
2017-12-14 17:00,8617
2017-12-14 17:05,8711
2017-12-14 17:10,8769
2017-12-14 17:15,8764
2017-12-14 17:20,8753
2017-12-14 17:25,8773
2017-12-14 17:30,8844
2017-12-14 17:35,8963
2017-12-14 17:40,8976
2017-12-14 17:45,9124
2017-12-14 17:50,9212
2017-12-14 17:55,9226
2017-12-14 18:00,9293
2017-12-14 18:05,9407
2017-12-14 18:10,9518
2017-12-14 18:15,9532
2017-12-14 18:20,9554
2017-12-14 18:25,9616
2017-12-14 18:30,9732
2017-12-14 18:35,9801
2017-12-14 18:40,9821
2017-12-14 18:45,9920
2017-12-14 18:50,9958
2017-12-14 18:55,10052
2017-12-14 19:00,10124
2017-12-14 19:05,10181
2017-12-14 19:10,10273
2017-12-14 19:15,10399
2017-12-14 19:20,10440
2017-12-14 19:25,10396
2017-12-14 19:30,10402
2017-12-14 19:35,10419
2017-12-14 19:40,10464
2017-12-14 19:45,10504
2017-12-14 19:50,10508
2017-12-14 19:55,10512
2017-12-14 20:00,10525
2017-12-14 20:05,10551
2017-12-14 20:10,10545
2017-12-14 20:15,10555
2017-12-14 20:20,10538
2017-12-14 20:25,10579
2017-12-14 20:30,10544
2017-12-14 20:35,10577
2017-12-14 20:40,10554
2017-12-14 20:45,10562
2017-12-14 20:50,10542
2017-12-14 20:55,10448
2017-12-14 21:00,10392
2017-12-14 21:05,10258
2017-12-14 21:10,10225
2017-12-14 21:15,10162
2017-12-14 21:20,10157
2017-12-14 21:25,10132
2017-12-14 21:30,10087
2017-12-14 21:35,10051
2017-12-14 21:40,9985
2017-12-14 21:45,9902
2017-12-14 21:50,9786
2017-12-14 21:55,9788
2017-12-14 22:00,9732
2017-12-14 22:05,9675
2017-12-14 22:10,9577
2017-12-14 22:15,9552
2017-12-14 22:20,9514
2017-12-14 22:25,9446
2017-12-14 22:30,9362
2017-12-14 22:35,9234
2017-12-14 22:40,9183
2017-12-14 22:45,9096
2017-12-14 22:50,9007
2017-12-14 22:55,8958
2017-12-14 23:00,8920
2017-12-14 23:05,8827
2017-12-14 23:10,8735
2017-12-14 23:15,8620
2017-12-14 23:20,8574
2017-12-14 23:25,8508
2017-12-14 23:30,8515
2017-12-14 23:35,8435
2017-12-14 23:40,8423
2017-12-14 23:45,8348
2017-12-14 23:50,8287
2017-12-14 23:55,8270
2017-12-15 00:00,8307
2017-12-15 00:05,8297
2017-12-15 00:10,8268
2017-12-15 00:15,8226
2017-12-15 00:20,8197
2017-12-15 00:25,8185
2017-12-15 00:30,8214
2017-12-15 00:35,8140
2017-12-15 00:40,8120
2017-12-15 00:45,8163
2017-12-15 00:50,8198
2017-12-15 00:55,8178
2017-12-15 01:00,8119
2017-12-15 01:05,8113
2017-12-15 01:10,8071
2017-12-15 01:15,8043
2017-12-15 01:20,8034
2017-12-15 01:25,8018
2017-12-15 01:30,8039
2017-12-15 01:35,8025
2017-12-15 01:40,7994
2017-12-15 01:45,7941
2017-12-15 01:50,7926
2017-12-15 01:55,7934
2017-12-15 02:00,7907
2017-12-15 02:05,7893
2017-12-15 02:10,7852
2017-12-15 02:15,7845
2017-12-15 02:20,7754
2017-12-15 02:25,7660
2017-12-15 02:30,7641
2017-12-15 02:35,7606
2017-12-15 02:40,7547
2017-12-15 02:45,7574
2017-12-15 02:50,7482
2017-12-15 02:55,7397
2017-12-15 03:00,7304
2017-12-15 03:05,7241
2017-12-15 03:10,7199
2017-12-15 03:15,7156
2017-12-15 03:20,7054
2017-12-15 03:25,6962
2017-12-15 03:30,6854
2017-12-15 03:35,6843
2017-12-15 03:40,6786
2017-12-15 03:45,6684
2017-12-15 03:50,6610
2017-12-15 03:55,6588
2017-12-15 04:00,6505
2017-12-15 04:05,6387
2017-12-15 04:10,6329
2017-12-15 04:15,6202
2017-12-15 04:20,6152
2017-12-15 04:25,6103
2017-12-15 04:30,6055
2017-12-15 04:35,5998
2017-12-15 04:40,5930
2017-12-15 04:45,5867
2017-12-15 04:50,5787
2017-12-15 04:55,5756
2017-12-15 05:00,5661
2017-12-15 05:05,5530
2017-12-15 05:10,5424
2017-12-15 05:15,5312
2017-12-15 05:20,5216
2017-12-15 05:25,5171
2017-12-15 05:30,5155
2017-12-15 05:35,5046
2017-12-15 05:40,4935
2017-12-15 05:45,4885
2017-12-15 05:50,4824
2017-12-15 05:55,4698
2017-12-15 06:00,4586
2017-12-15 06:05,4490
2017-12-15 06:10,4423
2017-12-15 06:15,4344
2017-12-15 06:20,4308
2017-12-15 06:25,4228
2017-12-15 06:30,4174
2017-12-15 06:35,4131
2017-12-15 06:40,4042
2017-12-15 06:45,3984
2017-12-15 06:50,3937
2017-12-15 06:55,3841
2017-12-15 07:00,3783
2017-12-15 07:05,3712
2017-12-15 07:10,3634
2017-12-15 07:15,3592
2017-12-15 07:20,3558
2017-12-15 07:25,3508
2017-12-15 07:30,3500
2017-12-15 07:35,3462
2017-12-15 07:40,3435
2017-12-15 07:45,3404
2017-12-15 07:50,3340
2017-12-15 07:55,3326
2017-12-15 08:00,3276
2017-12-15 08:05,3247
2017-12-15 08:10,3223
2017-12-15 08:15,3181
2017-12-15 08:20,3173
2017-12-15 08:25,3106
2017-12-15 08:30,3092
2017-12-15 08:35,3044
2017-12-15 08:40,3051
2017-12-15 08:45,3043
2017-12-15 08:50,3061
2017-12-15 08:55,3030
2017-12-15 09:00,3047
2017-12-15 09:05,3094
2017-12-15 09:10,3119
2017-12-15 09:15,3154
2017-12-15 09:20,3183
2017-12-15 09:25,3233
2017-12-15 09:30,3268
2017-12-15 09:35,3291
2017-12-15 09:40,3316
2017-12-15 09:45,3363
2017-12-15 09:50,3407
2017-12-15 09:55,3449
2017-12-15 10:00,3450
2017-12-15 10:05,3472
2017-12-15 10:10,3505
2017-12-15 10:15,3543
2017-12-15 10:20,3530
2017-12-15 10:25,3581
2017-12-15 10:30,3590
2017-12-15 10:35,3641
2017-12-15 10:40,3660
2017-12-15 10:45,3722
2017-12-15 10:50,3741
2017-12-15 10:55,3773
2017-12-15 11:00,3767
2017-12-15 11:05,3812
2017-12-15 11:10,3853
2017-12-15 11:15,3881
2017-12-15 11:20,3897
2017-12-15 11:25,3926
2017-12-15 11:30,3983
2017-12-15 11:35,4012
2017-12-15 11:40,4079
2017-12-15 11:45,4099
2017-12-15 11:50,4166
2017-12-15 11:55,4197
2017-12-15 12:00,4262
2017-12-15 12:05,4369
2017-12-15 12:10,4474
2017-12-15 12:15,4543
2017-12-15 12:20,4601
2017-12-15 12:25,4671
2017-12-15 12:30,4740
2017-12-15 12:35,4800
2017-12-15 12:40,4887
2017-12-15 12:45,4979
2017-12-15 12:50,5058
2017-12-15 12:55,5128
2017-12-15 13:00,5145
2017-12-15 13:05,5246
2017-12-15 13:10,5291
2017-12-15 13:15,5389
2017-12-15 13:20,5478
2017-12-15 13:25,5571
2017-12-15 13:30,5628
2017-12-15 13:35,5664
2017-12-15 13:40,5764
2017-12-15 13:45,5842
2017-12-15 13:50,5922
2017-12-15 13:55,5960
2017-12-15 14:00,6053
2017-12-15 14:05,6155
2017-12-15 14:10,6250
2017-12-15 14:15,6375
2017-12-15 14:20,6450
2017-12-15 14:25,6606
2017-12-15 14:30,6756
2017-12-15 14:35,6851
2017-12-15 14:40,6977
2017-12-15 14:45,7031
2017-12-15 14:50,7123
2017-12-15 14:55,7235
2017-12-15 15:00,7309
2017-12-15 15:05,7378
2017-12-15 15:10,7467
2017-12-15 15:15,7573
2017-12-15 15:20,7625
2017-12-15 15:25,7713
2017-12-15 15:30,7826
2017-12-15 15:35,7911
2017-12-15 15:40,7941
2017-12-15 15:45,8039
2017-12-15 15:50,8097
2017-12-15 15:55,8162
2017-12-15 16:00,8254
2017-12-15 16:05,8301
2017-12-15 16:10,8390
2017-12-15 16:15,8512
2017-12-15 16:20,8563
2017-12-15 16:25,8613
2017-12-15 16:30,8646
2017-12-15 16:35,8730
2017-12-15 16:40,8738
2017-12-15 16:45,8827
2017-12-15 16:50,8896
2017-12-15 16:55,8886
2017-12-15 17:00,8928
2017-12-15 17:05,8952
2017-12-15 17:10,9047
2017-12-15 17:15,9103
2017-12-15 17:20,9184
2017-12-15 17:25,9269
2017-12-15 17:30,9307
2017-12-15 17:35,9337
2017-12-15 17:40,9361
2017-12-15 17:45,9438
2017-12-15 17:50,9519
2017-12-15 17:55,9573
2017-12-15 18:00,9602
2017-12-15 18:05,9736
2017-12-15 18:10,9791
2017-12-15 18:15,9832
2017-12-15 18:20,9940
2017-12-15 18:25,10016
2017-12-15 18:30,10065
2017-12-15 18:35,10110
2017-12-15 18:40,10178
2017-12-15 18:45,10239
2017-12-15 18:50,10355
2017-12-15 18:55,10363
2017-12-15 19:00,10327
2017-12-15 19:05,10432
2017-12-15 19:10,10476
2017-12-15 19:15,10501
2017-12-15 19:20,10470
2017-12-15 19:25,10531
2017-12-15 19:30,10567
2017-12-15 19:35,10573
2017-12-15 19:40,10577
2017-12-15 19:45,10590
2017-12-15 19:50,10597
2017-12-15 19:55,10673
2017-12-15 20:00,10642
2017-12-15 20:05,10703
2017-12-15 20:10,10761
2017-12-15 20:15,10851
2017-12-15 20:20,10891
2017-12-15 20:25,10903
2017-12-15 20:30,10943
2017-12-15 20:35,11008
2017-12-15 20:40,11046
2017-12-15 20:45,11016
2017-12-15 20:50,11029
2017-12-15 20:55,11109
2017-12-15 21:00,11132
2017-12-15 21:05,11132
2017-12-15 21:10,11147
2017-12-15 21:15,11199
2017-12-15 21:20,11138
2017-12-15 21:25,11094
2017-12-15 21:30,11077
2017-12-15 21:35,11111
2017-12-15 21:40,11064
2017-12-15 21:45,11040
2017-12-15 21:50,11052
2017-12-15 21:55,11044
2017-12-15 22:00,10990
2017-12-15 22:05,10938
2017-12-15 22:10,10882
2017-12-15 22:15,10896
2017-12-15 22:20,10829
2017-12-15 22:25,10716
2017-12-15 22:30,10632
2017-12-15 22:35,10589
2017-12-15 22:40,10512
2017-12-15 22:45,10430
2017-12-15 22:50,10343
2017-12-15 22:55,10187
2017-12-15 23:00,10043
2017-12-15 23:05,9975
2017-12-15 23:10,9903
2017-12-15 23:15,9852
2017-12-15 23:20,9772
2017-12-15 23:25,9702
2017-12-15 23:30,9636
2017-12-15 23:35,9525
2017-12-15 23:40,9507
2017-12-15 23:45,9480
2017-12-15 23:50,9398
2017-12-15 23:55,9312
2017-12-16 00:00,9253
2017-12-16 00:05,9141
2017-12-16 00:10,9055
2017-12-16 00:15,9047
2017-12-16 00:20,9006
2017-12-16 00:25,8987
2017-12-16 00:30,8908
2017-12-16 00:35,8853
2017-12-16 00:40,8788
2017-12-16 00:45,8735
2017-12-16 00:50,8719
2017-12-16 00:55,8705
2017-12-16 01:00,8684
2017-12-16 01:05,8621
2017-12-16 01:10,8575
2017-12-16 01:15,8549
2017-12-16 01:20,8467
2017-12-16 01:25,8467
2017-12-16 01:30,8474
2017-12-16 01:35,8429
2017-12-16 01:40,8365
2017-12-16 01:45,8340
2017-12-16 01:50,8321
2017-12-16 01:55,8308
2017-12-16 02:00,8335
2017-12-16 02:05,8359
2017-12-16 02:10,8312
2017-12-16 02:15,8256
2017-12-16 02:20,8208
2017-12-16 02:25,8186
2017-12-16 02:30,8158
2017-12-16 02:35,8142
2017-12-16 02:40,8095
2017-12-16 02:45,8060
2017-12-16 02:50,8024
2017-12-16 02:55,7975
2017-12-16 03:00,7968
2017-12-16 03:05,7932
2017-12-16 03:10,7850
2017-12-16 03:15,7812
2017-12-16 03:20,7798
2017-12-16 03:25,7773
2017-12-16 03:30,7729
2017-12-16 03:35,7688
2017-12-16 03:40,7683
2017-12-16 03:45,7696
2017-12-16 03:50,7634
2017-12-16 03:55,7615
2017-12-16 04:00,7566
2017-12-16 04:05,7524
2017-12-16 04:10,7472
2017-12-16 04:15,7435
2017-12-16 04:20,7390
2017-12-16 04:25,7291
2017-12-16 04:30,7202
2017-12-16 04:35,7123
2017-12-16 04:40,7131
2017-12-16 04:45,7116
2017-12-16 04:50,7018
2017-12-16 04:55,6910
2017-12-16 05:00,6850
2017-12-16 05:05,6773
2017-12-16 05:10,6671
2017-12-16 05:15,6625
2017-12-16 05:20,6547
2017-12-16 05:25,6500
2017-12-16 05:30,6370
2017-12-16 05:35,6212
2017-12-16 05:40,6095
2017-12-16 05:45,5984
2017-12-16 05:50,5905
2017-12-16 05:55,5851
2017-12-16 06:00,5805
2017-12-16 06:05,5762
2017-12-16 06:10,5663
2017-12-16 06:15,5595
2017-12-16 06:20,5500
2017-12-16 06:25,5367
2017-12-16 06:30,5301
2017-12-16 06:35,5215
2017-12-16 06:40,5113
2017-12-16 06:45,5078
2017-12-16 06:50,4997
2017-12-16 06:55,4921
2017-12-16 07:00,4835
2017-12-16 07:05,4750
2017-12-16 07:10,4723
2017-12-16 07:15,0
2017-12-16 07:20,4595
2017-12-16 07:25,4528
2017-12-16 07:30,4477
2017-12-16 07:35,4419
2017-12-16 07:40,4403
2017-12-16 07:45,4376
2017-12-16 07:50,4351
2017-12-16 07:55,4319
2017-12-16 08:00,4259
2017-12-16 08:05,4232
2017-12-16 08:10,4189
2017-12-16 08:15,4186
2017-12-16 08:20,4170
2017-12-16 08:25,4146
2017-12-16 08:30,4111
2017-12-16 08:35,4100
2017-12-16 08:40,4116
2017-12-16 08:45,4084
2017-12-16 08:50,4105
2017-12-16 08:55,4091
2017-12-16 09:00,4107
2017-12-16 09:05,4114
2017-12-16 09:10,4192
2017-12-16 09:15,4255
2017-12-16 09:20,4343
2017-12-16 09:25,4389
2017-12-16 09:30,4410
2017-12-16 09:35,4494
2017-12-16 09:40,4541
2017-12-16 09:45,4585
2017-12-16 09:50,4665
2017-12-16 09:55,4770
2017-12-16 10:00,4822
2017-12-16 10:05,4873
2017-12-16 10:10,4940
2017-12-16 10:15,5016
2017-12-16 10:20,5048
2017-12-16 10:25,5102
2017-12-16 10:30,5222
2017-12-16 10:35,5254
2017-12-16 10:40,5342
2017-12-16 10:45,5343
2017-12-16 10:50,5393
2017-12-16 10:55,5429
2017-12-16 11:00,5506
2017-12-16 11:05,5585
2017-12-16 11:10,5638
2017-12-16 11:15,5703
2017-12-16 11:20,5761
2017-12-16 11:25,5863
2017-12-16 11:30,5926
2017-12-16 11:35,5983
2017-12-16 11:40,6090
2017-12-16 11:45,6177
2017-12-16 11:50,6233
2017-12-16 11:55,6275
2017-12-16 12:00,6311
2017-12-16 12:05,6409
2017-12-16 12:10,6460
2017-12-16 12:15,6489
2017-12-16 12:20,6606
2017-12-16 12:25,6619
2017-12-16 12:30,6709
2017-12-16 12:35,6741
2017-12-16 12:40,6762
2017-12-16 12:45,6849
2017-12-16 12:50,6867
2017-12-16 12:55,6929
2017-12-16 13:00,7024
2017-12-16 13:05,7136
2017-12-16 13:10,7183
2017-12-16 13:15,7217
2017-12-16 13:20,7253
2017-12-16 13:25,7327
2017-12-16 13:30,7366
2017-12-16 13:35,7364
2017-12-16 13:40,7415
2017-12-16 13:45,7487
2017-12-16 13:50,7565
2017-12-16 13:55,7662
2017-12-16 14:00,7758
2017-12-16 14:05,7859
2017-12-16 14:10,7934
2017-12-16 14:15,8029
2017-12-16 14:20,8109
2017-12-16 14:25,8184
2017-12-16 14:30,8267
2017-12-16 14:35,8371
2017-12-16 14:40,8384
2017-12-16 14:45,8463
2017-12-16 14:50,8538
2017-12-16 14:55,8608
2017-12-16 15:00,8683
2017-12-16 15:05,8789
2017-12-16 15:10,8884
2017-12-16 15:15,8893
2017-12-16 15:20,8992
2017-12-16 15:25,9071
2017-12-16 15:30,9115
2017-12-16 15:35,9215
2017-12-16 15:40,9272
2017-12-16 15:45,9370
2017-12-16 15:50,9501
2017-12-16 15:55,9561
2017-12-16 16:00,9657
2017-12-16 16:05,9690
2017-12-16 16:10,9745
2017-12-16 16:15,9868
2017-12-16 16:20,9964
2017-12-16 16:25,10078
2017-12-16 16:30,10150
2017-12-16 16:35,10200
2017-12-16 16:40,10255
2017-12-16 16:45,10315
2017-12-16 16:50,10359
2017-12-16 16:55,10401
2017-12-16 17:00,10395
2017-12-16 17:05,10435
2017-12-16 17:10,10469
2017-12-16 17:15,10499
2017-12-16 17:20,10517
2017-12-16 17:25,10563
2017-12-16 17:30,10706
2017-12-16 17:35,10709
2017-12-16 17:40,10811
2017-12-16 17:45,10860
2017-12-16 17:50,10939
2017-12-16 17:55,11000
2017-12-16 18:00,11057
2017-12-16 18:05,11105
2017-12-16 18:10,11127
2017-12-16 18:15,11147
2017-12-16 18:20,11258
2017-12-16 18:25,11287
2017-12-16 18:30,11290
2017-12-16 18:35,11328
2017-12-16 18:40,11348
2017-12-16 18:45,11366
2017-12-16 18:50,11486
2017-12-16 18:55,11529
2017-12-16 19:00,11558
2017-12-16 19:05,11689
2017-12-16 19:10,11775
2017-12-16 19:15,11811
2017-12-16 19:20,11825
2017-12-16 19:25,11831
2017-12-16 19:30,11883
2017-12-16 19:35,11887
2017-12-16 19:40,11940
2017-12-16 19:45,12009
2017-12-16 19:50,12002
2017-12-16 19:55,12088
2017-12-16 20:00,12076
2017-12-16 20:05,12062
2017-12-16 20:10,12123
2017-12-16 20:15,12204
2017-12-16 20:20,12182
2017-12-16 20:25,12185
2017-12-16 20:30,12191
2017-12-16 20:35,12159
2017-12-16 20:40,12145
2017-12-16 20:45,12124
2017-12-16 20:50,12143
2017-12-16 20:55,12117
2017-12-16 21:00,12101
2017-12-16 21:05,12057
2017-12-16 21:10,12074
2017-12-16 21:15,12051
2017-12-16 21:20,11997
2017-12-16 21:25,11960
2017-12-16 21:30,11891
2017-12-16 21:35,11779
2017-12-16 21:40,11696
2017-12-16 21:45,11626
2017-12-16 21:50,11600
2017-12-16 21:55,11579
2017-12-16 22:00,11552
2017-12-16 22:05,11518
2017-12-16 22:10,11423
2017-12-16 22:15,11397
2017-12-16 22:20,11264
2017-12-16 22:25,11263
2017-12-16 22:30,11151
2017-12-16 22:35,11112
2017-12-16 22:40,11085
2017-12-16 22:45,11018
2017-12-16 22:50,10946
2017-12-16 22:55,10853
2017-12-16 23:00,10705
2017-12-16 23:05,10643
2017-12-16 23:10,10623
2017-12-16 23:15,10550
2017-12-16 23:20,10475
2017-12-16 23:25,10336
2017-12-16 23:30,10200
2017-12-16 23:35,10124
2017-12-16 23:40,9975
2017-12-16 23:45,9895
2017-12-16 23:50,9754
2017-12-16 23:55,9686
2017-12-17 00:00,9569
2017-12-17 00:05,9465
2017-12-17 00:10,9351
2017-12-17 00:15,9173
2017-12-17 00:20,9077
2017-12-17 00:25,9006
2017-12-17 00:30,8903
2017-12-17 00:35,8883
2017-12-17 00:40,8834
2017-12-17 00:45,8766
2017-12-17 00:50,8726
2017-12-17 00:55,8672
2017-12-17 01:00,8648
2017-12-17 01:05,8633
2017-12-17 01:10,8546
2017-12-17 01:15,8504
2017-12-17 01:20,8380
2017-12-17 01:25,8339
2017-12-17 01:30,8370
2017-12-17 01:35,8352
2017-12-17 01:40,8333
2017-12-17 01:45,8316
2017-12-17 01:50,8265
2017-12-17 01:55,8219
2017-12-17 02:00,8210
2017-12-17 02:05,8099
2017-12-17 02:10,8067
2017-12-17 02:15,8066
2017-12-17 02:20,8014
2017-12-17 02:25,7980
2017-12-17 02:30,7919
2017-12-17 02:35,7931
2017-12-17 02:40,7877
2017-12-17 02:45,7878
2017-12-17 02:50,7820
2017-12-17 02:55,7806
2017-12-17 03:00,7765
2017-12-17 03:05,7712
2017-12-17 03:10,7695
2017-12-17 03:15,7687
2017-12-17 03:20,0
2017-12-17 03:25,7585
2017-12-17 03:30,7565
2017-12-17 03:35,7485
2017-12-17 03:40,7446
2017-12-17 03:45,7441
2017-12-17 03:50,7454
2017-12-17 03:55,7418
2017-12-17 04:00,7360
2017-12-17 04:05,7276
2017-12-17 04:10,7234
2017-12-17 04:15,7204
2017-12-17 04:20,7171
2017-12-17 04:25,7087
2017-12-17 04:30,7021
2017-12-17 04:35,6954
2017-12-17 04:40,6909
2017-12-17 04:45,6803
2017-12-17 04:50,6764
2017-12-17 04:55,6715
2017-12-17 05:00,6729
2017-12-17 05:05,6639
2017-12-17 05:10,6584
2017-12-17 05:15,6524
2017-12-17 05:20,6488
2017-12-17 05:25,6399
2017-12-17 05:30,6314
2017-12-17 05:35,6253
2017-12-17 05:40,6218
2017-12-17 05:45,6135
2017-12-17 05:50,6032
2017-12-17 05:55,5958
2017-12-17 06:00,5920
2017-12-17 06:05,5835
2017-12-17 06:10,5781
2017-12-17 06:15,5678
2017-12-17 06:20,5644
2017-12-17 06:25,5605
2017-12-17 06:30,5535
2017-12-17 06:35,5453
2017-12-17 06:40,5345
2017-12-17 06:45,5241
2017-12-17 06:50,5115
2017-12-17 06:55,5079
2017-12-17 07:00,5014
2017-12-17 07:05,4938
2017-12-17 07:10,4888
2017-12-17 07:15,4855
2017-12-17 07:20,4770
2017-12-17 07:25,4659
2017-12-17 07:30,4649
2017-12-17 07:35,4622
2017-12-17 07:40,4585
2017-12-17 07:45,4535
2017-12-17 07:50,4529
2017-12-17 07:55,4503
2017-12-17 08:00,4445
2017-12-17 08:05,4431
2017-12-17 08:10,4412
2017-12-17 08:15,4370
2017-12-17 08:20,4373
2017-12-17 08:25,4374
2017-12-17 08:30,4352
2017-12-17 08:35,4332
2017-12-17 08:40,4321
2017-12-17 08:45,4344
2017-12-17 08:50,4342
2017-12-17 08:55,4350
2017-12-17 09:00,4319
2017-12-17 09:05,4365
2017-12-17 09:10,4449
2017-12-17 09:15,4504
2017-12-17 09:20,4595
2017-12-17 09:25,4670
2017-12-17 09:30,4757
2017-12-17 09:35,4835
2017-12-17 09:40,4890
2017-12-17 09:45,4953
2017-12-17 09:50,4993
2017-12-17 09:55,5069
2017-12-17 10:00,5146
2017-12-17 10:05,5227
2017-12-17 10:10,5284
2017-12-17 10:15,5366
2017-12-17 10:20,5393
2017-12-17 10:25,5486
2017-12-17 10:30,5505
2017-12-17 10:35,5606
2017-12-17 10:40,5679
2017-12-17 10:45,5708
2017-12-17 10:50,5779
2017-12-17 10:55,5835
2017-12-17 11:00,5849
2017-12-17 11:05,5904
2017-12-17 11:10,5937
2017-12-17 11:15,5937
2017-12-17 11:20,6029
2017-12-17 11:25,6070
2017-12-17 11:30,6127
2017-12-17 11:35,6188
2017-12-17 11:40,6303
2017-12-17 11:45,6350
2017-12-17 11:50,6422
2017-12-17 11:55,6461
2017-12-17 12:00,6502
2017-12-17 12:05,6556
2017-12-17 12:10,6635
2017-12-17 12:15,6719
2017-12-17 12:20,6819
2017-12-17 12:25,6905
2017-12-17 12:30,7013
2017-12-17 12:35,7071
2017-12-17 12:40,7115
2017-12-17 12:45,7148
2017-12-17 12:50,7185
2017-12-17 12:55,7198
2017-12-17 13:00,7237
2017-12-17 13:05,7285
2017-12-17 13:10,7376
2017-12-17 13:15,7425
2017-12-17 13:20,7455
2017-12-17 13:25,7502
2017-12-17 13:30,7532
2017-12-17 13:35,7585
2017-12-17 13:40,7627
2017-12-17 13:45,7713
2017-12-17 13:50,7797
2017-12-17 13:55,7833
2017-12-17 14:00,7869
2017-12-17 14:05,7924
2017-12-17 14:10,8012
2017-12-17 14:15,8135
2017-12-17 14:20,8190
2017-12-17 14:25,8297
2017-12-17 14:30,8368
2017-12-17 14:35,8447
2017-12-17 14:40,8506
2017-12-17 14:45,8626
2017-12-17 14:50,8758
2017-12-17 14:55,8831
2017-12-17 15:00,8987
2017-12-17 15:05,9039
2017-12-17 15:10,9112
2017-12-17 15:15,9236
2017-12-17 15:20,9365
2017-12-17 15:25,9451
2017-12-17 15:30,9496
2017-12-17 15:35,9577
2017-12-17 15:40,9715
2017-12-17 15:45,9804
2017-12-17 15:50,9894
2017-12-17 15:55,9944
2017-12-17 16:00,10003
2017-12-17 16:05,10070
2017-12-17 16:10,10072
2017-12-17 16:15,10125
2017-12-17 16:20,10216
2017-12-17 16:25,10257
2017-12-17 16:30,10371
2017-12-17 16:35,10443
2017-12-17 16:40,10502
2017-12-17 16:45,10554
2017-12-17 16:50,10518
2017-12-17 16:55,10542
2017-12-17 17:00,10561
2017-12-17 17:05,10649
2017-12-17 17:10,10777
2017-12-17 17:15,10766
2017-12-17 17:20,10832
2017-12-17 17:25,10897
2017-12-17 17:30,10932
2017-12-17 17:35,11027
2017-12-17 17:40,11028
2017-12-17 17:45,11107
2017-12-17 17:50,11162
2017-12-17 17:55,11279
2017-12-17 18:00,11352
2017-12-17 18:05,11374
2017-12-17 18:10,11334
2017-12-17 18:15,11447
2017-12-17 18:20,11443
2017-12-17 18:25,11474
2017-12-17 18:30,11549
2017-12-17 18:35,11600
2017-12-17 18:40,11656
2017-12-17 18:45,11706
2017-12-17 18:50,11783
2017-12-17 18:55,11810
2017-12-17 19:00,11821
2017-12-17 19:05,11830
2017-12-17 19:10,11851
2017-12-17 19:15,11959
2017-12-17 19:20,12000
2017-12-17 19:25,11995
2017-12-17 19:30,12031
2017-12-17 19:35,12108
2017-12-17 19:40,12212
2017-12-17 19:45,12218
2017-12-17 19:50,12210
2017-12-17 19:55,12208
2017-12-17 20:00,12230
2017-12-17 20:05,12166
2017-12-17 20:10,12152
2017-12-17 20:15,12183
2017-12-17 20:20,12185
2017-12-17 20:25,12158
2017-12-17 20:30,12212
2017-12-17 20:35,12149
2017-12-17 20:40,12127
2017-12-17 20:45,12143
2017-12-17 20:50,12080
2017-12-17 20:55,11960
2017-12-17 21:00,11902
2017-12-17 21:05,11772
2017-12-17 21:10,11693
2017-12-17 21:15,11594
2017-12-17 21:20,11516
2017-12-17 21:25,11437
2017-12-17 21:30,11340
2017-12-17 21:35,11313
2017-12-17 21:40,11240
2017-12-17 21:45,11152
2017-12-17 21:50,11056
2017-12-17 21:55,10984
2017-12-17 22:00,10995
2017-12-17 22:05,10874
2017-12-17 22:10,10786
2017-12-17 22:15,10657
2017-12-17 22:20,10611
2017-12-17 22:25,10508
2017-12-17 22:30,10390
2017-12-17 22:35,10238
2017-12-17 22:40,10089
2017-12-17 22:45,9986
2017-12-17 22:50,9882
2017-12-17 22:55,9794
2017-12-17 23:00,9685
2017-12-17 23:05,9557
2017-12-17 23:10,9469
2017-12-17 23:15,9431
2017-12-17 23:20,9359
2017-12-17 23:25,9217
2017-12-17 23:30,9127
2017-12-17 23:35,9039
2017-12-17 23:40,8930
2017-12-17 23:45,8867
2017-12-17 23:50,8818
2017-12-17 23:55,8774
2017-12-18 00:00,8771
2017-12-18 00:05,8702
2017-12-18 00:10,8681
2017-12-18 00:15,8626
2017-12-18 00:20,8559
2017-12-18 00:25,8492
2017-12-18 00:30,8495
2017-12-18 00:35,8502
2017-12-18 00:40,8506
2017-12-18 00:45,8459
2017-12-18 00:50,8451
2017-12-18 00:55,8401
2017-12-18 01:00,8337
2017-12-18 01:05,8341
2017-12-18 01:10,8325
2017-12-18 01:15,8289
2017-12-18 01:20,8261
2017-12-18 01:25,8276
2017-12-18 01:30,8216
2017-12-18 01:35,8227
2017-12-18 01:40,8193
2017-12-18 01:45,8171
2017-12-18 01:50,8134
2017-12-18 01:55,8072
2017-12-18 02:00,8013
2017-12-18 02:05,7967
2017-12-18 02:10,7929
2017-12-18 02:15,7919
2017-12-18 02:20,7851
2017-12-18 02:25,7786
2017-12-18 02:30,7782
2017-12-18 02:35,7749
2017-12-18 02:40,7692
2017-12-18 02:45,7634
2017-12-18 02:50,7570
2017-12-18 02:55,7535
2017-12-18 03:00,7443
2017-12-18 03:05,7432
2017-12-18 03:10,7357
2017-12-18 03:15,7315
2017-12-18 03:20,7252
2017-12-18 03:25,7182
2017-12-18 03:30,7141
2017-12-18 03:35,7037
2017-12-18 03:40,6982
2017-12-18 03:45,6917
2017-12-18 03:50,6868
2017-12-18 03:55,6787
2017-12-18 04:00,6691
2017-12-18 04:05,6642
2017-12-18 04:10,6556
2017-12-18 04:15,6460
2017-12-18 04:20,6388
2017-12-18 04:25,6331
2017-12-18 04:30,6304
2017-12-18 04:35,6210
2017-12-18 04:40,6138
2017-12-18 04:45,6050
2017-12-18 04:50,5945
2017-12-18 04:55,5887
2017-12-18 05:00,5843
2017-12-18 05:05,5760
2017-12-18 05:10,5654
2017-12-18 05:15,5555
2017-12-18 05:20,5507
2017-12-18 05:25,5469
2017-12-18 05:30,5320
2017-12-18 05:35,5255
2017-12-18 05:40,5185
2017-12-18 05:45,5099
2017-12-18 05:50,5040
2017-12-18 05:55,4943
2017-12-18 06:00,4865
2017-12-18 06:05,4827
2017-12-18 06:10,4718
2017-12-18 06:15,4622
2017-12-18 06:20,4567
2017-12-18 06:25,4450
2017-12-18 06:30,4401
2017-12-18 06:35,4287
2017-12-18 06:40,4199
2017-12-18 06:45,4145
2017-12-18 06:50,4074
2017-12-18 06:55,4006
2017-12-18 07:00,3904
2017-12-18 07:05,3842
2017-12-18 07:10,3816
2017-12-18 07:15,3771
2017-12-18 07:20,3721
2017-12-18 07:25,3628
2017-12-18 07:30,3576
2017-12-18 07:35,3500
2017-12-18 07:40,3480
2017-12-18 07:45,3464
2017-12-18 07:50,3417
2017-12-18 07:55,3391
2017-12-18 08:00,3364
2017-12-18 08:05,3304
2017-12-18 08:10,3259
2017-12-18 08:15,3207
2017-12-18 08:20,3182
2017-12-18 08:25,3191
2017-12-18 08:30,3194
2017-12-18 08:35,3193
2017-12-18 08:40,3166
2017-12-18 08:45,3163
2017-12-18 08:50,3140
2017-12-18 08:55,3105
2017-12-18 09:00,3080
2017-12-18 09:05,3112
2017-12-18 09:10,3161
2017-12-18 09:15,3171
2017-12-18 09:20,3197
2017-12-18 09:25,3225
2017-12-18 09:30,3244
2017-12-18 09:35,3297
2017-12-18 09:40,3344
2017-12-18 09:45,3388
2017-12-18 09:50,3451
2017-12-18 09:55,3447
2017-12-18 10:00,3453
2017-12-18 10:05,3481
2017-12-18 10:10,3509
2017-12-18 10:15,3546
2017-12-18 10:20,3528
2017-12-18 10:25,3564
2017-12-18 10:30,3557
2017-12-18 10:35,3586
2017-12-18 10:40,3594
2017-12-18 10:45,3565
2017-12-18 10:50,3543
2017-12-18 10:55,3562
2017-12-18 11:00,3549
2017-12-18 11:05,3531
2017-12-18 11:10,3495
2017-12-18 11:15,3506
2017-12-18 11:20,3476
2017-12-18 11:25,3515
2017-12-18 11:30,3532
2017-12-18 11:35,3564
2017-12-18 11:40,3582
2017-12-18 11:45,3675
2017-12-18 11:50,3809
2017-12-18 11:55,3876
2017-12-18 12:00,4003
2017-12-18 12:05,4104
2017-12-18 12:10,4189
2017-12-18 12:15,4268
2017-12-18 12:20,4389
2017-12-18 12:25,4475
2017-12-18 12:30,4536
2017-12-18 12:35,4587
2017-12-18 12:40,4649
2017-12-18 12:45,4708
2017-12-18 12:50,4803
2017-12-18 12:55,4904
2017-12-18 13:00,4940
2017-12-18 13:05,4994
2017-12-18 13:10,5081
2017-12-18 13:15,5133
2017-12-18 13:20,5191
2017-12-18 13:25,5239
2017-12-18 13:30,5360
2017-12-18 13:35,5445
2017-12-18 13:40,5524
2017-12-18 13:45,5639
2017-12-18 13:50,5691
2017-12-18 13:55,5820
2017-12-18 14:00,5844
2017-12-18 14:05,5754
2017-12-18 14:10,5897
2017-12-18 14:15,5933
2017-12-18 14:20,6018
2017-12-18 14:25,6108
2017-12-18 14:30,6147
2017-12-18 14:35,6267
2017-12-18 14:40,6370
2017-12-18 14:45,6402
2017-12-18 14:50,6417
2017-12-18 14:55,6515
2017-12-18 15:00,6580
2017-12-18 15:05,6642
2017-12-18 15:10,6700
2017-12-18 15:15,6836
2017-12-18 15:20,6877
2017-12-18 15:25,6947
2017-12-18 15:30,7031
2017-12-18 15:35,7123
2017-12-18 15:40,7153
2017-12-18 15:45,7253
2017-12-18 15:50,7203
2017-12-18 15:55,7289
2017-12-18 16:00,7309
2017-12-18 16:05,7504
2017-12-18 16:10,7576
2017-12-18 16:15,7778
2017-12-18 16:20,7867
2017-12-18 16:25,8069
2017-12-18 16:30,8145
2017-12-18 16:35,8217
2017-12-18 16:40,8245
2017-12-18 16:45,8400
2017-12-18 16:50,8469
2017-12-18 16:55,8614
2017-12-18 17:00,8745
2017-12-18 17:05,8692
2017-12-18 17:10,8903
2017-12-18 17:15,8975
2017-12-18 17:20,9088
2017-12-18 17:25,9148
2017-12-18 17:30,9204
2017-12-18 17:35,9357
2017-12-18 17:40,9426
2017-12-18 17:45,9510
2017-12-18 17:50,9627
2017-12-18 17:55,9724
2017-12-18 18:00,9801
2017-12-18 18:05,9955
2017-12-18 18:10,10102
2017-12-18 18:15,10121
2017-12-18 18:20,10227
2017-12-18 18:25,10315
2017-12-18 18:30,10410
2017-12-18 18:35,10395
2017-12-18 18:40,10530
2017-12-18 18:45,10571
2017-12-18 18:50,10635
2017-12-18 18:55,10689
2017-12-18 19:00,10766
2017-12-18 19:05,10784
2017-12-18 19:10,10861
2017-12-18 19:15,10860
2017-12-18 19:20,10895
2017-12-18 19:25,10915
2017-12-18 19:30,10953
2017-12-18 19:35,11080
2017-12-18 19:40,11121
2017-12-18 19:45,11184
2017-12-18 19:50,11186
2017-12-18 19:55,11224
2017-12-18 20:00,11261
2017-12-18 20:05,11305
2017-12-18 20:10,11258
2017-12-18 20:15,11185
2017-12-18 20:20,11162
2017-12-18 20:25,11092
2017-12-18 20:30,11057
2017-12-18 20:35,11047
2017-12-18 20:40,11043
2017-12-18 20:45,10990
2017-12-18 20:50,10960
2017-12-18 20:55,10964
2017-12-18 21:00,10876
2017-12-18 21:05,10852
2017-12-18 21:10,10769
2017-12-18 21:15,10735
2017-12-18 21:20,10654
2017-12-18 21:25,10617
2017-12-18 21:30,10610
2017-12-18 21:35,10517
2017-12-18 21:40,10473
2017-12-18 21:45,10423
2017-12-18 21:50,10365
2017-12-18 21:55,10262
2017-12-18 22:00,10191
2017-12-18 22:05,10189
2017-12-18 22:10,10178
2017-12-18 22:15,10133
2017-12-18 22:20,10056
2017-12-18 22:25,9985
2017-12-18 22:30,9924
2017-12-18 22:35,9810
2017-12-18 22:40,9743
2017-12-18 22:45,9625
2017-12-18 22:50,9519
2017-12-18 22:55,9423
2017-12-18 23:00,9309
2017-12-18 23:05,9227
2017-12-18 23:10,9171
2017-12-18 23:15,9082
2017-12-18 23:20,9004
2017-12-18 23:25,8939
2017-12-18 23:30,8839
2017-12-18 23:35,8740
2017-12-18 23:40,8645
2017-12-18 23:45,8637
2017-12-18 23:50,8582
2017-12-18 23:55,8563
2017-12-19 00:00,8522
2017-12-19 00:05,8465
2017-12-19 00:10,8410
2017-12-19 00:15,8431
2017-12-19 00:20,8370
2017-12-19 00:25,8310
2017-12-19 00:30,8286
2017-12-19 00:35,8242
2017-12-19 00:40,8205
2017-12-19 00:45,8200
2017-12-19 00:50,8188
2017-12-19 00:55,8134
2017-12-19 01:00,8122
2017-12-19 01:05,8062
2017-12-19 01:10,7996
2017-12-19 01:15,7967
2017-12-19 01:20,8000
2017-12-19 01:25,7994
2017-12-19 01:30,7938
2017-12-19 01:35,7967
2017-12-19 01:40,7954
2017-12-19 01:45,7969
2017-12-19 01:50,7956
2017-12-19 01:55,7918
2017-12-19 02:00,0
2017-12-19 02:05,7840
2017-12-19 02:10,7804
2017-12-19 02:15,7802
2017-12-19 02:20,7849
2017-12-19 02:25,7801
2017-12-19 02:30,7800
2017-12-19 02:35,7783
2017-12-19 02:40,7789
2017-12-19 02:45,7747
2017-12-19 02:50,7679
2017-12-19 02:55,7666
2017-12-19 03:00,7594
2017-12-19 03:05,7487
2017-12-19 03:10,7414
2017-12-19 03:15,7367
2017-12-19 03:20,7299
2017-12-19 03:25,7308
2017-12-19 03:30,7249
2017-12-19 03:35,7169
2017-12-19 03:40,7075
2017-12-19 03:45,7020
2017-12-19 03:50,6914
2017-12-19 03:55,6863
2017-12-19 04:00,6780
2017-12-19 04:05,6690
2017-12-19 04:10,6598
2017-12-19 04:15,6523
2017-12-19 04:20,6477
2017-12-19 04:25,6454
2017-12-19 04:30,6357
2017-12-19 04:35,6255
2017-12-19 04:40,6202
2017-12-19 04:45,6105
2017-12-19 04:50,6038
2017-12-19 04:55,5963
2017-12-19 05:00,5910
2017-12-19 05:05,5811
2017-12-19 05:10,5680
2017-12-19 05:15,5616
2017-12-19 05:20,5499
2017-12-19 05:25,5402
2017-12-19 05:30,5367
2017-12-19 05:35,5262
2017-12-19 05:40,5169
2017-12-19 05:45,5086
2017-12-19 05:50,5010
2017-12-19 05:55,4932
2017-12-19 06:00,4810
2017-12-19 06:05,4756
2017-12-19 06:10,4650
2017-12-19 06:15,4520
2017-12-19 06:20,4469
2017-12-19 06:25,4438
2017-12-19 06:30,4378
2017-12-19 06:35,4282
2017-12-19 06:40,4237
2017-12-19 06:45,4152
2017-12-19 06:50,4101
2017-12-19 06:55,4029
2017-12-19 07:00,3975
2017-12-19 07:05,3861
2017-12-19 07:10,3779
2017-12-19 07:15,3751
2017-12-19 07:20,3721
2017-12-19 07:25,3682
2017-12-19 07:30,3630
2017-12-19 07:35,3598
2017-12-19 07:40,3549
2017-12-19 07:45,3486
2017-12-19 07:50,3467
2017-12-19 07:55,3433
2017-12-19 08:00,3383
2017-12-19 08:05,3335
2017-12-19 08:10,3295
2017-12-19 08:15,3265
2017-12-19 08:20,3239
2017-12-19 08:25,3217
2017-12-19 08:30,3182
2017-12-19 08:35,3066
2017-12-19 08:40,2994
2017-12-19 08:45,2988
2017-12-19 08:50,2936
2017-12-19 08:55,2888
2017-12-19 09:00,2920
2017-12-19 09:05,2917
2017-12-19 09:10,2946
2017-12-19 09:15,2975
2017-12-19 09:20,2907
2017-12-19 09:25,2920
2017-12-19 09:30,2923
2017-12-19 09:35,2387
2017-12-19 09:40,1860
2017-12-19 09:45,1464
2017-12-19 09:50,1164
2017-12-19 09:55,1035
2017-12-19 10:00,975
2017-12-19 10:05,931
2017-12-19 10:10,903
2017-12-19 10:15,890
2017-12-19 10:20,890
2017-12-19 10:25,919
2017-12-19 10:30,931
2017-12-19 10:35,950
2017-12-19 10:40,953
2017-12-19 10:45,990
2017-12-19 10:50,1020
2017-12-19 10:55,1027
2017-12-19 11:00,1014
2017-12-19 11:05,1046
2017-12-19 11:10,1052
2017-12-19 11:15,1055
2017-12-19 11:20,1031
2017-12-19 11:25,1010
2017-12-19 11:30,987
2017-12-19 11:35,980
2017-12-19 11:40,1045
2017-12-19 11:45,1060
2017-12-19 11:50,1083
2017-12-19 11:55,1488
2017-12-19 12:00,2062
2017-12-19 12:05,2485
2017-12-19 12:10,2921
2017-12-19 12:15,3286
2017-12-19 12:20,3661
2017-12-19 12:25,3944
2017-12-19 12:30,4182
2017-12-19 12:35,4458
2017-12-19 12:40,4679
2017-12-19 12:45,4868
2017-12-19 12:50,5044
2017-12-19 12:55,5229
2017-12-19 13:00,5360
2017-12-19 13:05,5475
2017-12-19 13:10,5625
2017-12-19 13:15,5752
2017-12-19 13:20,5844
2017-12-19 13:25,5986
2017-12-19 13:30,6124
2017-12-19 13:35,6196
2017-12-19 13:40,6269
2017-12-19 13:45,6330
2017-12-19 13:50,6399
2017-12-19 13:55,6516
2017-12-19 14:00,6655
2017-12-19 14:05,6745
2017-12-19 14:10,6840
2017-12-19 14:15,6955
2017-12-19 14:20,7074
2017-12-19 14:25,7128
2017-12-19 14:30,7271
2017-12-19 14:35,7343
2017-12-19 14:40,7409
2017-12-19 14:45,7550
2017-12-19 14:50,7635
2017-12-19 14:55,7750
2017-12-19 15:00,7846
2017-12-19 15:05,7903
2017-12-19 15:10,7997
2017-12-19 15:15,8071
2017-12-19 15:20,8164
2017-12-19 15:25,8225
2017-12-19 15:30,8259
2017-12-19 15:35,8352
2017-12-19 15:40,8449
2017-12-19 15:45,8522
2017-12-19 15:50,8585
2017-12-19 15:55,8723
2017-12-19 16:00,8782
2017-12-19 16:05,8862
2017-12-19 16:10,8858
2017-12-19 16:15,8890
2017-12-19 16:20,9021
2017-12-19 16:25,9138
2017-12-19 16:30,9231
2017-12-19 16:35,9299
2017-12-19 16:40,9448
2017-12-19 16:45,9557
2017-12-19 16:50,9638
2017-12-19 16:55,9747
2017-12-19 17:00,9817
2017-12-19 17:05,9914
2017-12-19 17:10,10021
2017-12-19 17:15,10109
2017-12-19 17:20,10156
2017-12-19 17:25,10224
2017-12-19 17:30,10270
2017-12-19 17:35,10298
2017-12-19 17:40,10355
2017-12-19 17:45,10432
2017-12-19 17:50,10517
2017-12-19 17:55,10524
2017-12-19 18:00,10587
2017-12-19 18:05,10702
2017-12-19 18:10,10716
2017-12-19 18:15,10715
2017-12-19 18:20,10761
2017-12-19 18:25,10830
2017-12-19 18:30,10853
2017-12-19 18:35,10956
2017-12-19 18:40,11039
2017-12-19 18:45,11147
2017-12-19 18:50,11229
2017-12-19 18:55,11367
2017-12-19 19:00,11413
2017-12-19 19:05,11545
2017-12-19 19:10,11571
2017-12-19 19:15,11606
2017-12-19 19:20,11686
2017-12-19 19:25,11706
2017-12-19 19:30,11661
2017-12-19 19:35,11634
2017-12-19 19:40,11686
2017-12-19 19:45,11654
2017-12-19 19:50,11635
2017-12-19 19:55,11675
2017-12-19 20:00,11628
2017-12-19 20:05,11634
2017-12-19 20:10,11656
2017-12-19 20:15,11603
2017-12-19 20:20,11576
2017-12-19 20:25,11509
2017-12-19 20:30,11486
2017-12-19 20:35,11489
2017-12-19 20:40,11527
2017-12-19 20:45,11513
2017-12-19 20:50,11515
2017-12-19 20:55,11539
2017-12-19 21:00,11475
2017-12-19 21:05,11359
2017-12-19 21:10,11305
2017-12-19 21:15,11257
2017-12-19 21:20,11152
2017-12-19 21:25,11165
2017-12-19 21:30,11116
2017-12-19 21:35,11142
2017-12-19 21:40,11114
2017-12-19 21:45,11038
2017-12-19 21:50,11047
2017-12-19 21:55,10932
2017-12-19 22:00,10833
2017-12-19 22:05,10786
2017-12-19 22:10,10734
2017-12-19 22:15,10669
2017-12-19 22:20,10648
2017-12-19 22:25,10563
2017-12-19 22:30,10421
2017-12-19 22:35,10443
2017-12-19 22:40,10420
2017-12-19 22:45,10445
2017-12-19 22:50,10446
2017-12-19 22:55,10397
2017-12-19 23:00,10248
2017-12-19 23:05,10131
2017-12-19 23:10,10066
2017-12-19 23:15,9950
2017-12-19 23:20,9803
2017-12-19 23:25,9755
2017-12-19 23:30,9782
2017-12-19 23:35,9738
2017-12-19 23:40,9679
2017-12-19 23:45,9570
2017-12-19 23:50,9526
2017-12-19 23:55,9353
2017-12-20 00:00,9287
2017-12-20 00:05,9186
2017-12-20 00:10,9163
2017-12-20 00:15,9134
2017-12-20 00:20,9058
2017-12-20 00:25,0
2017-12-20 00:30,8429
2017-12-20 00:35,8715
2017-12-20 00:40,8833
2017-12-20 00:45,8808
2017-12-20 00:50,8790
2017-12-20 00:55,8768
2017-12-20 01:00,8755
2017-12-20 01:05,8710
2017-12-20 01:10,8694
2017-12-20 01:15,8694
2017-12-20 01:20,8635
2017-12-20 01:25,8582
2017-12-20 01:30,8545
2017-12-20 01:35,8564
2017-12-20 01:40,8507
2017-12-20 01:45,8495
2017-12-20 01:50,8454
2017-12-20 01:55,8449
2017-12-20 02:00,8395
2017-12-20 02:05,8368
2017-12-20 02:10,8352
2017-12-20 02:15,8326
2017-12-20 02:20,8305
2017-12-20 02:25,8259
2017-12-20 02:30,8232
2017-12-20 02:35,8234
2017-12-20 02:40,8187
2017-12-20 02:45,8087
2017-12-20 02:50,8090
2017-12-20 02:55,7997
2017-12-20 03:00,7957
2017-12-20 03:05,7859
2017-12-20 03:10,7796
2017-12-20 03:15,7714
2017-12-20 03:20,7664
2017-12-20 03:25,7640
2017-12-20 03:30,7580
2017-12-20 03:35,7521
2017-12-20 03:40,7485
2017-12-20 03:45,7426
2017-12-20 03:50,7350
2017-12-20 03:55,7278
2017-12-20 04:00,7227
2017-12-20 04:05,7149
2017-12-20 04:10,7130
2017-12-20 04:15,7013
2017-12-20 04:20,6922
2017-12-20 04:25,6880
2017-12-20 04:30,6844
2017-12-20 04:35,6746
2017-12-20 04:40,6655
2017-12-20 04:45,6609
2017-12-20 04:50,6557
2017-12-20 04:55,6460
2017-12-20 05:00,6345
2017-12-20 05:05,6243
2017-12-20 05:10,6137
2017-12-20 05:15,6039
2017-12-20 05:20,5965
2017-12-20 05:25,5890
2017-12-20 05:30,5823
2017-12-20 05:35,5802
2017-12-20 05:40,5729
2017-12-20 05:45,5685
2017-12-20 05:50,5589
2017-12-20 05:55,5505
2017-12-20 06:00,5417
2017-12-20 06:05,5326
2017-12-20 06:10,5245
2017-12-20 06:15,5185
2017-12-20 06:20,5089
2017-12-20 06:25,4595
2017-12-20 06:30,4477
2017-12-20 06:35,4389
2017-12-20 06:40,4351
2017-12-20 06:45,4335
2017-12-20 06:50,4316
2017-12-20 06:55,4267
2017-12-20 07:00,4239
2017-12-20 07:05,4195
2017-12-20 07:10,4098
2017-12-20 07:15,4067
2017-12-20 07:20,4038
2017-12-20 07:25,3961
2017-12-20 07:30,3941
2017-12-20 07:35,3934
2017-12-20 07:40,3922
2017-12-20 07:45,3859
2017-12-20 07:50,3837
2017-12-20 07:55,3817
2017-12-20 08:00,3757
2017-12-20 08:05,3692
2017-12-20 08:10,3636
2017-12-20 08:15,3624
2017-12-20 08:20,3573
2017-12-20 08:25,3532
2017-12-20 08:30,3562
2017-12-20 08:35,3540
2017-12-20 08:40,3519
2017-12-20 08:45,3479
2017-12-20 08:50,3478
2017-12-20 08:55,3482
2017-12-20 09:00,3435
2017-12-20 09:05,3450
2017-12-20 09:10,3469
2017-12-20 09:15,3456
2017-12-20 09:20,3484
2017-12-20 09:25,3537
2017-12-20 09:30,3580
2017-12-20 09:35,3619
2017-12-20 09:40,3649
2017-12-20 09:45,3731
2017-12-20 09:50,3793
2017-12-20 09:55,3807
2017-12-20 10:00,3827
2017-12-20 10:05,3841
2017-12-20 10:10,3876
2017-12-20 10:15,3903
2017-12-20 10:20,3926
2017-12-20 10:25,3955
2017-12-20 10:30,4003
2017-12-20 10:35,4011
2017-12-20 10:40,4053
2017-12-20 10:45,4099
2017-12-20 10:50,4119
2017-12-20 10:55,4190
2017-12-20 11:00,4219
2017-12-20 11:05,4263
2017-12-20 11:10,4272
2017-12-20 11:15,4291
2017-12-20 11:20,4347
2017-12-20 11:25,4423
2017-12-20 11:30,4483
2017-12-20 11:35,4552
2017-12-20 11:40,4591
2017-12-20 11:45,4642
2017-12-20 11:50,4715
2017-12-20 11:55,4741
2017-12-20 12:00,4775
2017-12-20 12:05,4805
2017-12-20 12:10,4860
2017-12-20 12:15,4905
2017-12-20 12:20,4983
2017-12-20 12:25,5008
2017-12-20 12:30,5096
2017-12-20 12:35,5197
2017-12-20 12:40,5254
2017-12-20 12:45,5323
2017-12-20 12:50,5408
2017-12-20 12:55,5501
2017-12-20 13:00,5590
2017-12-20 13:05,5660
2017-12-20 13:10,5722
2017-12-20 13:15,5793
2017-12-20 13:20,5883
2017-12-20 13:25,5987
2017-12-20 13:30,6064
2017-12-20 13:35,6160
2017-12-20 13:40,6250
2017-12-20 13:45,6269
2017-12-20 13:50,6340
2017-12-20 13:55,6410
2017-12-20 14:00,6491
2017-12-20 14:05,6573
2017-12-20 14:10,6714
2017-12-20 14:15,6799
2017-12-20 14:20,6935
2017-12-20 14:25,7071
2017-12-20 14:30,7178
2017-12-20 14:35,7305
2017-12-20 14:40,7376
2017-12-20 14:45,7510
2017-12-20 14:50,7571
2017-12-20 14:55,7654
2017-12-20 15:00,7753
2017-12-20 15:05,7766
2017-12-20 15:10,7890
2017-12-20 15:15,7966
2017-12-20 15:20,8037
2017-12-20 15:25,8085
2017-12-20 15:30,8173
2017-12-20 15:35,8249
2017-12-20 15:40,8372
2017-12-20 15:45,8456
2017-12-20 15:50,8536
2017-12-20 15:55,8569
2017-12-20 16:00,8627
2017-12-20 16:05,8727
2017-12-20 16:10,8796
2017-12-20 16:15,8867
2017-12-20 16:20,8916
2017-12-20 16:25,9013
2017-12-20 16:30,9082
2017-12-20 16:35,9209
2017-12-20 16:40,9351
2017-12-20 16:45,9453
2017-12-20 16:50,9585
2017-12-20 16:55,9711
2017-12-20 17:00,9826
2017-12-20 17:05,9889
2017-12-20 17:10,9934
2017-12-20 17:15,9994
2017-12-20 17:20,10051
2017-12-20 17:25,9999
2017-12-20 17:30,10041
2017-12-20 17:35,10092
2017-12-20 17:40,10113
2017-12-20 17:45,10168
2017-12-20 17:50,10244
2017-12-20 17:55,10274
2017-12-20 18:00,10345
2017-12-20 18:05,10389
2017-12-20 18:10,10535
2017-12-20 18:15,10631
2017-12-20 18:20,10767
2017-12-20 18:25,10818
2017-12-20 18:30,10905
2017-12-20 18:35,11012
2017-12-20 18:40,11066
2017-12-20 18:45,11100
2017-12-20 18:50,11146
2017-12-20 18:55,11101
2017-12-20 19:00,11104
2017-12-20 19:05,11101
2017-12-20 19:10,11167
2017-12-20 19:15,11162
2017-12-20 19:20,11181
2017-12-20 19:25,11255
2017-12-20 19:30,11282
2017-12-20 19:35,11304
2017-12-20 19:40,11292
2017-12-20 19:45,11386
2017-12-20 19:50,11417
2017-12-20 19:55,11421
2017-12-20 20:00,11407
2017-12-20 20:05,11418
2017-12-20 20:10,11439
2017-12-20 20:15,11456
2017-12-20 20:20,11474
2017-12-20 20:25,11492
2017-12-20 20:30,11496
2017-12-20 20:35,11568
2017-12-20 20:40,11529
2017-12-20 20:45,11572
2017-12-20 20:50,11492
2017-12-20 20:55,11476
2017-12-20 21:00,11435
2017-12-20 21:05,11367
2017-12-20 21:10,11360
2017-12-20 21:15,11259
2017-12-20 21:20,11193
2017-12-20 21:25,11149
2017-12-20 21:30,11117
2017-12-20 21:35,11053
2017-12-20 21:40,11002
2017-12-20 21:45,10939
2017-12-20 21:50,10930
2017-12-20 21:55,10885
2017-12-20 22:00,10833
2017-12-20 22:05,10821
2017-12-20 22:10,10746
2017-12-20 22:15,10574
2017-12-20 22:20,10526
2017-12-20 22:25,10485
2017-12-20 22:30,10368
2017-12-20 22:35,10351
2017-12-20 22:40,10311
2017-12-20 22:45,10269
2017-12-20 22:50,10176
2017-12-20 22:55,10147
2017-12-20 23:00,10086
2017-12-20 23:05,10043
2017-12-20 23:10,9932
2017-12-20 23:15,9797
2017-12-20 23:20,9710
2017-12-20 23:25,9569
2017-12-20 23:30,9462
2017-12-20 23:35,9433
2017-12-20 23:40,9364
2017-12-20 23:45,9348
2017-12-20 23:50,9311
2017-12-20 23:55,9238
2017-12-21 00:00,9180
2017-12-21 00:05,9136
2017-12-21 00:10,9085
2017-12-21 00:15,9034
2017-12-21 00:20,8980
2017-12-21 00:25,8991
2017-12-21 00:30,8946
2017-12-21 00:35,8932
2017-12-21 00:40,8970
2017-12-21 00:45,8926
2017-12-21 00:50,8868
2017-12-21 00:55,8815
2017-12-21 01:00,8768
2017-12-21 01:05,8751
2017-12-21 01:10,8755
2017-12-21 01:15,8689
2017-12-21 01:20,8649
2017-12-21 01:25,8629
2017-12-21 01:30,8579
2017-12-21 01:35,8556
2017-12-21 01:40,8577
2017-12-21 01:45,8587
2017-12-21 01:50,8527
2017-12-21 01:55,8443
2017-12-21 02:00,8416
2017-12-21 02:05,8392
2017-12-21 02:10,8345
2017-12-21 02:15,8318
2017-12-21 02:20,8284
2017-12-21 02:25,8271
2017-12-21 02:30,8227
2017-12-21 02:35,8239
2017-12-21 02:40,8241
2017-12-21 02:45,8159
2017-12-21 02:50,8136
2017-12-21 02:55,8059
2017-12-21 03:00,7939
2017-12-21 03:05,7930
2017-12-21 03:10,7920
2017-12-21 03:15,7845
2017-12-21 03:20,7804
2017-12-21 03:25,7763
2017-12-21 03:30,7770
2017-12-21 03:35,7757
2017-12-21 03:40,7704
2017-12-21 03:45,7622
2017-12-21 03:50,7562
2017-12-21 03:55,7478
2017-12-21 04:00,7410
2017-12-21 04:05,7370
2017-12-21 04:10,7289
2017-12-21 04:15,7197
2017-12-21 04:20,7087
2017-12-21 04:25,7002
2017-12-21 04:30,6919
2017-12-21 04:35,6833
2017-12-21 04:40,6750
2017-12-21 04:45,6670
2017-12-21 04:50,6562
2017-12-21 04:55,6470
2017-12-21 05:00,6336
2017-12-21 05:05,6282
2017-12-21 05:10,6210
2017-12-21 05:15,5847
2017-12-21 05:20,5596
2017-12-21 05:25,5539
2017-12-21 05:30,5477
2017-12-21 05:35,5495
2017-12-21 05:40,5477
2017-12-21 05:45,5448
2017-12-21 05:50,5370
2017-12-21 05:55,5353
2017-12-21 06:00,5291
2017-12-21 06:05,5217
2017-12-21 06:10,5131
2017-12-21 06:15,5081
2017-12-21 06:20,4945
2017-12-21 06:25,4855
2017-12-21 06:30,4700
2017-12-21 06:35,4605
2017-12-21 06:40,4544
2017-12-21 06:45,4481
2017-12-21 06:50,4428
2017-12-21 06:55,4413
2017-12-21 07:00,4342
2017-12-21 07:05,4230
2017-12-21 07:10,4153
2017-12-21 07:15,4094
2017-12-21 07:20,4064
2017-12-21 07:25,4030
2017-12-21 07:30,4018
2017-12-21 07:35,3989
2017-12-21 07:40,3994
2017-12-21 07:45,3918
2017-12-21 07:50,3867
2017-12-21 07:55,3840
2017-12-21 08:00,3803
2017-12-21 08:05,3726
2017-12-21 08:10,3687
2017-12-21 08:15,3629
2017-12-21 08:20,3561
2017-12-21 08:25,3493
2017-12-21 08:30,3408
2017-12-21 08:35,3399
2017-12-21 08:40,3454
2017-12-21 08:45,3436
2017-12-21 08:50,3411
2017-12-21 08:55,3403
2017-12-21 09:00,3393
2017-12-21 09:05,3462
2017-12-21 09:10,3504
2017-12-21 09:15,3549
2017-12-21 09:20,3604
2017-12-21 09:25,3627
2017-12-21 09:30,3716
2017-12-21 09:35,3770
2017-12-21 09:40,3782
2017-12-21 09:45,3776
2017-12-21 09:50,3848
2017-12-21 09:55,3881
2017-12-21 10:00,3933
2017-12-21 10:05,3996
2017-12-21 10:10,3988
2017-12-21 10:15,4039
2017-12-21 10:20,4108
2017-12-21 10:25,4098
2017-12-21 10:30,4148
2017-12-21 10:35,4142
2017-12-21 10:40,4232
2017-12-21 10:45,4264
2017-12-21 10:50,4308
2017-12-21 10:55,4374
2017-12-21 11:00,4428
2017-12-21 11:05,4470
2017-12-21 11:10,4507
2017-12-21 11:15,4543
2017-12-21 11:20,4590
2017-12-21 11:25,4633
2017-12-21 11:30,4696
2017-12-21 11:35,4772
2017-12-21 11:40,4839
2017-12-21 11:45,4950
2017-12-21 11:50,4990
2017-12-21 11:55,5035
2017-12-21 12:00,5086
2017-12-21 12:05,5182
2017-12-21 12:10,5237
2017-12-21 12:15,5301
2017-12-21 12:20,5396
2017-12-21 12:25,5482
2017-12-21 12:30,5563
2017-12-21 12:35,5660
2017-12-21 12:40,5725
2017-12-21 12:45,5816
2017-12-21 12:50,5917
2017-12-21 12:55,5978
2017-12-21 13:00,6061
2017-12-21 13:05,6150
2017-12-21 13:10,6196
2017-12-21 13:15,6256
2017-12-21 13:20,6357
2017-12-21 13:25,6460
2017-12-21 13:30,6568
2017-12-21 13:35,6473
2017-12-21 13:40,6483
2017-12-21 13:45,6560
2017-12-21 13:50,6612
2017-12-21 13:55,6656
2017-12-21 14:00,6705
2017-12-21 14:05,6643
2017-12-21 14:10,6667
2017-12-21 14:15,6685
2017-12-21 14:20,6656
2017-12-21 14:25,6633
2017-12-21 14:30,6632
2017-12-21 14:35,5311
2017-12-21 14:40,4219
2017-12-21 14:45,3398
2017-12-21 14:50,2579
2017-12-21 14:55,2049
2017-12-21 15:00,1915
2017-12-21 15:05,1775
2017-12-21 15:10,1765
2017-12-21 15:15,1737
2017-12-21 15:20,1786
2017-12-21 15:25,1712
2017-12-21 15:30,1722
2017-12-21 15:35,2205
2017-12-21 15:40,2770
2017-12-21 15:45,3623
2017-12-21 15:50,4366
2017-12-21 15:55,5001
2017-12-21 16:00,5637
2017-12-21 16:05,6223
2017-12-21 16:10,6749
2017-12-21 16:15,7186
2017-12-21 16:20,7599
2017-12-21 16:25,7962
2017-12-21 16:30,8267
2017-12-21 16:35,8644
2017-12-21 16:40,8931
2017-12-21 16:45,9201
2017-12-21 16:50,9474
2017-12-21 16:55,9709
2017-12-21 17:00,9905
2017-12-21 17:05,10084
2017-12-21 17:10,10264
2017-12-21 17:15,10398
2017-12-21 17:20,10536
2017-12-21 17:25,10670
2017-12-21 17:30,10811
2017-12-21 17:35,10897
2017-12-21 17:40,11041
2017-12-21 17:45,11146
2017-12-21 17:50,11218
2017-12-21 17:55,11249
2017-12-21 18:00,11390
2017-12-21 18:05,11382
2017-12-21 18:10,11506
2017-12-21 18:15,11608
2017-12-21 18:20,11717
2017-12-21 18:25,11769
2017-12-21 18:30,11854
2017-12-21 18:35,11878
2017-12-21 18:40,11904
2017-12-21 18:45,11947
2017-12-21 18:50,11997
2017-12-21 18:55,12088
2017-12-21 19:00,12105
2017-12-21 19:05,12051
2017-12-21 19:10,12100
2017-12-21 19:15,12131
2017-12-21 19:20,12206
2017-12-21 19:25,12171
2017-12-21 19:30,12198
2017-12-21 19:35,12229
2017-12-21 19:40,12246
2017-12-21 19:45,12272
2017-12-21 19:50,12331
2017-12-21 19:55,12329
2017-12-21 20:00,12265
2017-12-21 20:05,12275
2017-12-21 20:10,12270
2017-12-21 20:15,12273
2017-12-21 20:20,12283
2017-12-21 20:25,12381
2017-12-21 20:30,12369
2017-12-21 20:35,12370
2017-12-21 20:40,12341
2017-12-21 20:45,12346
2017-12-21 20:50,12409
2017-12-21 20:55,12301
2017-12-21 21:00,12206
2017-12-21 21:05,12127
2017-12-21 21:10,12051
2017-12-21 21:15,12038
2017-12-21 21:20,12041
2017-12-21 21:25,11939
2017-12-21 21:30,11850
2017-12-21 21:35,11774
2017-12-21 21:40,11759
2017-12-21 21:45,11714
2017-12-21 21:50,11603
2017-12-21 21:55,11592
2017-12-21 22:00,11560
2017-12-21 22:05,11520
2017-12-21 22:10,11461
2017-12-21 22:15,11292
2017-12-21 22:20,11227
2017-12-21 22:25,11197
2017-12-21 22:30,0
2017-12-21 22:35,11123
2017-12-21 22:40,11041
2017-12-21 22:45,10931
2017-12-21 22:50,10877
2017-12-21 22:55,10792
2017-12-21 23:00,10660
2017-12-21 23:05,10571
2017-12-21 23:10,10430
2017-12-21 23:15,10319
2017-12-21 23:20,10232
2017-12-21 23:25,10207
2017-12-21 23:30,10126
2017-12-21 23:35,10047
2017-12-21 23:40,10042
2017-12-21 23:45,10010
2017-12-21 23:50,9897
2017-12-21 23:55,9816
2017-12-22 00:00,9710
2017-12-22 00:05,9564
2017-12-22 00:10,9540
2017-12-22 00:15,9501
2017-12-22 00:20,9426
2017-12-22 00:25,9355
2017-12-22 00:30,9287
2017-12-22 00:35,9237
2017-12-22 00:40,9259
2017-12-22 00:45,9186
2017-12-22 00:50,9119
2017-12-22 00:55,9076
2017-12-22 01:00,9056
2017-12-22 01:05,8996
2017-12-22 01:10,8988
2017-12-22 01:15,8914
2017-12-22 01:20,8896
2017-12-22 01:25,8893
2017-12-22 01:30,8874
2017-12-22 01:35,8873
2017-12-22 01:40,8821
2017-12-22 01:45,8858
2017-12-22 01:50,8863
2017-12-22 01:55,8770
2017-12-22 02:00,8703
2017-12-22 02:05,8647
2017-12-22 02:10,8627
2017-12-22 02:15,8556
2017-12-22 02:20,8538
2017-12-22 02:25,8527
2017-12-22 02:30,8489
2017-12-22 02:35,8416
2017-12-22 02:40,8287
2017-12-22 02:45,8258
2017-12-22 02:50,8206
2017-12-22 02:55,8099
2017-12-22 03:00,8022
2017-12-22 03:05,7968
2017-12-22 03:10,7902
2017-12-22 03:15,7848
2017-12-22 03:20,7835
2017-12-22 03:25,7683
2017-12-22 03:30,7644
2017-12-22 03:35,7580
2017-12-22 03:40,7577
2017-12-22 03:45,7516
2017-12-22 03:50,7559
2017-12-22 03:55,7504
2017-12-22 04:00,7429
2017-12-22 04:05,7345
2017-12-22 04:10,7285
2017-12-22 04:15,7217
2017-12-22 04:20,7192
2017-12-22 04:25,7108
2017-12-22 04:30,7005
2017-12-22 04:35,6938
2017-12-22 04:40,6902
2017-12-22 04:45,6826
2017-12-22 04:50,6797
2017-12-22 04:55,6679
2017-12-22 05:00,6572
2017-12-22 05:05,6466
2017-12-22 05:10,6353
2017-12-22 05:15,6256
2017-12-22 05:20,6210
2017-12-22 05:25,6131
2017-12-22 05:30,6083
2017-12-22 05:35,5992
2017-12-22 05:40,5955
2017-12-22 05:45,5891
2017-12-22 05:50,5801
2017-12-22 05:55,5761
2017-12-22 06:00,5758
2017-12-22 06:05,5694
2017-12-22 06:10,5566
2017-12-22 06:15,5468
2017-12-22 06:20,5416
2017-12-22 06:25,5333
2017-12-22 06:30,5260
2017-12-22 06:35,5208
2017-12-22 06:40,5124
2017-12-22 06:45,5041
2017-12-22 06:50,4972
2017-12-22 06:55,4897
2017-12-22 07:00,4828
2017-12-22 07:05,4774
2017-12-22 07:10,4682
2017-12-22 07:15,4611
2017-12-22 07:20,4555
2017-12-22 07:25,4488
2017-12-22 07:30,4420
2017-12-22 07:35,4324
2017-12-22 07:40,4284
2017-12-22 07:45,4244
2017-12-22 07:50,4185
2017-12-22 07:55,4142
2017-12-22 08:00,4099
2017-12-22 08:05,4039
2017-12-22 08:10,3987
2017-12-22 08:15,3944
2017-12-22 08:20,3924
2017-12-22 08:25,3882
2017-12-22 08:30,3837
2017-12-22 08:35,3791
2017-12-22 08:40,3797
2017-12-22 08:45,3782
2017-12-22 08:50,3788
2017-12-22 08:55,3774
2017-12-22 09:00,3773
2017-12-22 09:05,3726
2017-12-22 09:10,3823
2017-12-22 09:15,3915
2017-12-22 09:20,3990
2017-12-22 09:25,4069
2017-12-22 09:30,4124
2017-12-22 09:35,4157
2017-12-22 09:40,4194
2017-12-22 09:45,4296
2017-12-22 09:50,4373
2017-12-22 09:55,4396
2017-12-22 10:00,4439
2017-12-22 10:05,4479
2017-12-22 10:10,4571
2017-12-22 10:15,4609
2017-12-22 10:20,4674
2017-12-22 10:25,4715
2017-12-22 10:30,4778
2017-12-22 10:35,4828
2017-12-22 10:40,4884
2017-12-22 10:45,4965
2017-12-22 10:50,5012
2017-12-22 10:55,5085
2017-12-22 11:00,5142
2017-12-22 11:05,5203
2017-12-22 11:10,5303
2017-12-22 11:15,5308
2017-12-22 11:20,5397
2017-12-22 11:25,5473
2017-12-22 11:30,5545
2017-12-22 11:35,5621
2017-12-22 11:40,5671
2017-12-22 11:45,5722
2017-12-22 11:50,5818
2017-12-22 11:55,5862
2017-12-22 12:00,5934
2017-12-22 12:05,6010
2017-12-22 12:10,6091
2017-12-22 12:15,6173
2017-12-22 12:20,6215
2017-12-22 12:25,6222
2017-12-22 12:30,6273
2017-12-22 12:35,6402
2017-12-22 12:40,6414
2017-12-22 12:45,6516
2017-12-22 12:50,6549
2017-12-22 12:55,6577
2017-12-22 13:00,6583
2017-12-22 13:05,6666
2017-12-22 13:10,6757
2017-12-22 13:15,6796
2017-12-22 13:20,6869
2017-12-22 13:25,6936
2017-12-22 13:30,7096
2017-12-22 13:35,7173
2017-12-22 13:40,7203
2017-12-22 13:45,7304
2017-12-22 13:50,7423
2017-12-22 13:55,7526
2017-12-22 14:00,7676
2017-12-22 14:05,7740
2017-12-22 14:10,7860
2017-12-22 14:15,7945
2017-12-22 14:20,8019
2017-12-22 14:25,8070
2017-12-22 14:30,8171
2017-12-22 14:35,8240
2017-12-22 14:40,8342
2017-12-22 14:45,8392
2017-12-22 14:50,8464
2017-12-22 14:55,8572
2017-12-22 15:00,8660
2017-12-22 15:05,8713
2017-12-22 15:10,8831
2017-12-22 15:15,8977
2017-12-22 15:20,9026
2017-12-22 15:25,9108
2017-12-22 15:30,9161
2017-12-22 15:35,9301
2017-12-22 15:40,9459
2017-12-22 15:45,9593
2017-12-22 15:50,9658
2017-12-22 15:55,9664
2017-12-22 16:00,9746
2017-12-22 16:05,9768
2017-12-22 16:10,9800
2017-12-22 16:15,9883
2017-12-22 16:20,9943
2017-12-22 16:25,9990
2017-12-22 16:30,10061
2017-12-22 16:35,10181
2017-12-22 16:40,10288
2017-12-22 16:45,10334
2017-12-22 16:50,10463
2017-12-22 16:55,10565
2017-12-22 17:00,10681
2017-12-22 17:05,10809
2017-12-22 17:10,10935
2017-12-22 17:15,11001
2017-12-22 17:20,11016
2017-12-22 17:25,11084
2017-12-22 17:30,11157
2017-12-22 17:35,11215
2017-12-22 17:40,11265
2017-12-22 17:45,11285
2017-12-22 17:50,11406
2017-12-22 17:55,11475
2017-12-22 18:00,11553
2017-12-22 18:05,11632
2017-12-22 18:10,11749
2017-12-22 18:15,11850
2017-12-22 18:20,11996
2017-12-22 18:25,12036
2017-12-22 18:30,12134
2017-12-22 18:35,12117
2017-12-22 18:40,12151
2017-12-22 18:45,12168
2017-12-22 18:50,12185
2017-12-22 18:55,12238
2017-12-22 19:00,12214
2017-12-22 19:05,12260
2017-12-22 19:10,12256
2017-12-22 19:15,12265
2017-12-22 19:20,12272
2017-12-22 19:25,12365
2017-12-22 19:30,12399
2017-12-22 19:35,12443
2017-12-22 19:40,12438
2017-12-22 19:45,12433
2017-12-22 19:50,12490
2017-12-22 19:55,12504
2017-12-22 20:00,12527
2017-12-22 20:05,12470
2017-12-22 20:10,12475
2017-12-22 20:15,12475
2017-12-22 20:20,12406
2017-12-22 20:25,12466
2017-12-22 20:30,12512
2017-12-22 20:35,12538
2017-12-22 20:40,12494
2017-12-22 20:45,12534
2017-12-22 20:50,12460
2017-12-22 20:55,12492
2017-12-22 21:00,12467
2017-12-22 21:05,12474
2017-12-22 21:10,12485
2017-12-22 21:15,12398
2017-12-22 21:20,12348
2017-12-22 21:25,12304
2017-12-22 21:30,12310
2017-12-22 21:35,12286
2017-12-22 21:40,12204
2017-12-22 21:45,12210
2017-12-22 21:50,12170
2017-12-22 21:55,12133
2017-12-22 22:00,12114
2017-12-22 22:05,12008
2017-12-22 22:10,12003
2017-12-22 22:15,11952
2017-12-22 22:20,11927
2017-12-22 22:25,11851
2017-12-22 22:30,11784
2017-12-22 22:35,11735
2017-12-22 22:40,11706
2017-12-22 22:45,11623
2017-12-22 22:50,11530
2017-12-22 22:55,11455
2017-12-22 23:00,11341
2017-12-22 23:05,11225
2017-12-22 23:10,11147
2017-12-22 23:15,11028
2017-12-22 23:20,10976
2017-12-22 23:25,10915
2017-12-22 23:30,10849
2017-12-22 23:35,10738
2017-12-22 23:40,10591
2017-12-22 23:45,10456
2017-12-22 23:50,10399
2017-12-22 23:55,10354
2017-12-23 00:00,10251
2017-12-23 00:05,10201
2017-12-23 00:10,10101
2017-12-23 00:15,9972
2017-12-23 00:20,9883
2017-12-23 00:25,9822
2017-12-23 00:30,9720
2017-12-23 00:35,9644
2017-12-23 00:40,9582
2017-12-23 00:45,9513
2017-12-23 00:50,9467
2017-12-23 00:55,9424
2017-12-23 01:00,9412
2017-12-23 01:05,9331
2017-12-23 01:10,9279
2017-12-23 01:15,9199
2017-12-23 01:20,9135
2017-12-23 01:25,9131
2017-12-23 01:30,9128
2017-12-23 01:35,9074
2017-12-23 01:40,8975
2017-12-23 01:45,8936
2017-12-23 01:50,8893
2017-12-23 01:55,8862
2017-12-23 02:00,8804
2017-12-23 02:05,8810
2017-12-23 02:10,8742
2017-12-23 02:15,8694
2017-12-23 02:20,8653
2017-12-23 02:25,8620
2017-12-23 02:30,8580
2017-12-23 02:35,8556
2017-12-23 02:40,8453
2017-12-23 02:45,8434
2017-12-23 02:50,8454
2017-12-23 02:55,8424
2017-12-23 03:00,8411
2017-12-23 03:05,8449
2017-12-23 03:10,8430
2017-12-23 03:15,8363
2017-12-23 03:20,8350
2017-12-23 03:25,8255
2017-12-23 03:30,8192
2017-12-23 03:35,8180
2017-12-23 03:40,8168
2017-12-23 03:45,8159
2017-12-23 03:50,8164
2017-12-23 03:55,8083
2017-12-23 04:00,8015
2017-12-23 04:05,7986
2017-12-23 04:10,7959
2017-12-23 04:15,7887
2017-12-23 04:20,7868
2017-12-23 04:25,7843
2017-12-23 04:30,7810
2017-12-23 04:35,7775
2017-12-23 04:40,7745
2017-12-23 04:45,7699
2017-12-23 04:50,7626
2017-12-23 04:55,7597
2017-12-23 05:00,7506
2017-12-23 05:05,7398
2017-12-23 05:10,0
2017-12-23 05:15,7194
2017-12-23 05:20,7088
2017-12-23 05:25,7016
2017-12-23 05:30,6979
2017-12-23 05:35,6893
2017-12-23 05:40,6822
2017-12-23 05:45,6754
2017-12-23 05:50,6674
2017-12-23 05:55,6578
2017-12-23 06:00,6491
2017-12-23 06:05,6431
2017-12-23 06:10,6357
2017-12-23 06:15,6283
2017-12-23 06:20,6198
2017-12-23 06:25,6130
2017-12-23 06:30,6027
2017-12-23 06:35,5954
2017-12-23 06:40,5826
2017-12-23 06:45,5725
2017-12-23 06:50,5632
2017-12-23 06:55,5606
2017-12-23 07:00,5505
2017-12-23 07:05,5417
2017-12-23 07:10,5354
2017-12-23 07:15,5275
2017-12-23 07:20,5211
2017-12-23 07:25,5149
2017-12-23 07:30,5156
2017-12-23 07:35,5093
2017-12-23 07:40,5047
2017-12-23 07:45,4964
2017-12-23 07:50,4862
2017-12-23 07:55,4796
2017-12-23 08:00,4735
2017-12-23 08:05,4697
2017-12-23 08:10,4641
2017-12-23 08:15,4596
2017-12-23 08:20,4521
2017-12-23 08:25,4524
2017-12-23 08:30,4476
2017-12-23 08:35,4443
2017-12-23 08:40,4469
2017-12-23 08:45,4435
2017-12-23 08:50,4380
2017-12-23 08:55,4375
2017-12-23 09:00,4406
2017-12-23 09:05,4514
2017-12-23 09:10,4635
2017-12-23 09:15,4653
2017-12-23 09:20,4706
2017-12-23 09:25,4767
2017-12-23 09:30,4877
2017-12-23 09:35,4943
2017-12-23 09:40,5027
2017-12-23 09:45,5146
2017-12-23 09:50,5200
2017-12-23 09:55,5223
2017-12-23 10:00,5254
2017-12-23 10:05,5318
2017-12-23 10:10,5413
2017-12-23 10:15,5467
2017-12-23 10:20,5577
2017-12-23 10:25,5619
2017-12-23 10:30,5695
2017-12-23 10:35,5763
2017-12-23 10:40,5850
2017-12-23 10:45,5898
2017-12-23 10:50,5949
2017-12-23 10:55,5998
2017-12-23 11:00,6061
2017-12-23 11:05,6132
2017-12-23 11:10,6209
2017-12-23 11:15,6262
2017-12-23 11:20,6313
2017-12-23 11:25,6345
2017-12-23 11:30,6429
2017-12-23 11:35,6470
2017-12-23 11:40,6540
2017-12-23 11:45,6571
2017-12-23 11:50,6557
2017-12-23 11:55,6627
2017-12-23 12:00,6602
2017-12-23 12:05,6616
2017-12-23 12:10,6604
2017-12-23 12:15,6645
2017-12-23 12:20,6653
2017-12-23 12:25,6704
2017-12-23 12:30,6797
2017-12-23 12:35,6835
2017-12-23 12:40,6915
2017-12-23 12:45,6936
2017-12-23 12:50,6994
2017-12-23 12:55,7094
2017-12-23 13:00,7116
2017-12-23 13:05,7220
2017-12-23 13:10,7332
2017-12-23 13:15,7432
2017-12-23 13:20,7487
2017-12-23 13:25,7501
2017-12-23 13:30,7585
2017-12-23 13:35,7623
2017-12-23 13:40,7670
2017-12-23 13:45,7797
2017-12-23 13:50,7881
2017-12-23 13:55,7987
2017-12-23 14:00,8086
2017-12-23 14:05,8227
2017-12-23 14:10,8364
2017-12-23 14:15,8476
2017-12-23 14:20,8535
2017-12-23 14:25,8619
2017-12-23 14:30,8703
2017-12-23 14:35,8785
2017-12-23 14:40,8839
2017-12-23 14:45,8918
2017-12-23 14:50,8963
2017-12-23 14:55,9062
2017-12-23 15:00,9191
2017-12-23 15:05,9258
2017-12-23 15:10,9415
2017-12-23 15:15,9466
2017-12-23 15:20,9571
2017-12-23 15:25,9623
2017-12-23 15:30,9705
2017-12-23 15:35,9773
2017-12-23 15:40,9861
2017-12-23 15:45,9989
2017-12-23 15:50,10077
2017-12-23 15:55,10151
2017-12-23 16:00,10199
2017-12-23 16:05,10324
2017-12-23 16:10,10416
2017-12-23 16:15,10439
2017-12-23 16:20,10463
2017-12-23 16:25,10489
2017-12-23 16:30,10514
2017-12-23 16:35,10560
2017-12-23 16:40,10585
2017-12-23 16:45,10716
2017-12-23 16:50,10851
2017-12-23 16:55,10879
2017-12-23 17:00,10925
2017-12-23 17:05,10957
2017-12-23 17:10,11024
2017-12-23 17:15,11070
2017-12-23 17:20,11178
2017-12-23 17:25,11266
2017-12-23 17:30,11349
2017-12-23 17:35,11374
2017-12-23 17:40,11400
2017-12-23 17:45,11447
2017-12-23 17:50,11438
2017-12-23 17:55,11506
2017-12-23 18:00,11520
2017-12-23 18:05,11578
2017-12-23 18:10,11605
2017-12-23 18:15,11636
2017-12-23 18:20,11666
2017-12-23 18:25,11649
2017-12-23 18:30,11661
2017-12-23 18:35,11675
2017-12-23 18:40,11747
2017-12-23 18:45,11824
2017-12-23 18:50,11862
2017-12-23 18:55,11955
2017-12-23 19:00,11933
2017-12-23 19:05,12029
2017-12-23 19:10,12127
2017-12-23 19:15,12124
2017-12-23 19:20,12182
2017-12-23 19:25,12237
2017-12-23 19:30,12191
2017-12-23 19:35,12221
2017-12-23 19:40,12303
2017-12-23 19:45,12277
2017-12-23 19:50,12290
2017-12-23 19:55,12322
2017-12-23 20:00,12284
2017-12-23 20:05,12360
2017-12-23 20:10,12369
2017-12-23 20:15,12379
2017-12-23 20:20,12363
2017-12-23 20:25,12361
2017-12-23 20:30,12384
2017-12-23 20:35,12398
2017-12-23 20:40,12369
2017-12-23 20:45,12368
2017-12-23 20:50,12338
2017-12-23 20:55,12343
2017-12-23 21:00,12331
2017-12-23 21:05,12306
2017-12-23 21:10,12255
2017-12-23 21:15,12222
2017-12-23 21:20,12166
2017-12-23 21:25,12193
2017-12-23 21:30,12200
2017-12-23 21:35,12167
2017-12-23 21:40,12104
2017-12-23 21:45,12069
2017-12-23 21:50,12050
2017-12-23 21:55,12031
2017-12-23 22:00,11934
2017-12-23 22:05,11836
2017-12-23 22:10,11726
2017-12-23 22:15,11596
2017-12-23 22:20,11554
2017-12-23 22:25,11499
2017-12-23 22:30,11433
2017-12-23 22:35,11377
2017-12-23 22:40,11301
2017-12-23 22:45,11210
2017-12-23 22:50,11121
2017-12-23 22:55,11010
2017-12-23 23:00,11010
2017-12-23 23:05,10907
2017-12-23 23:10,10848
2017-12-23 23:15,10780
2017-12-23 23:20,10665
2017-12-23 23:25,10617
2017-12-23 23:30,10553
2017-12-23 23:35,10415
2017-12-23 23:40,10276
2017-12-23 23:45,10119
2017-12-23 23:50,10071
2017-12-23 23:55,10007
2017-12-24 00:00,9865
2017-12-24 00:05,9731
2017-12-24 00:10,9660
2017-12-24 00:15,9530
2017-12-24 00:20,9442
2017-12-24 00:25,9391
2017-12-24 00:30,9342
2017-12-24 00:35,9275
2017-12-24 00:40,9266
2017-12-24 00:45,9116
2017-12-24 00:50,9050
2017-12-24 00:55,8965
2017-12-24 01:00,8910
2017-12-24 01:05,8797
2017-12-24 01:10,8765
2017-12-24 01:15,8689
2017-12-24 01:20,8642
2017-12-24 01:25,8579
2017-12-24 01:30,8467
2017-12-24 01:35,8473
2017-12-24 01:40,8455
2017-12-24 01:45,8451
2017-12-24 01:50,8357
2017-12-24 01:55,8339
2017-12-24 02:00,8269
2017-12-24 02:05,8248
2017-12-24 02:10,8218
2017-12-24 02:15,8171
2017-12-24 02:20,8176
2017-12-24 02:25,8135
2017-12-24 02:30,8106
2017-12-24 02:35,8101
2017-12-24 02:40,8048
2017-12-24 02:45,8031
2017-12-24 02:50,8042
2017-12-24 02:55,7976
2017-12-24 03:00,7957
2017-12-24 03:05,7910
2017-12-24 03:10,7882
2017-12-24 03:15,7883
2017-12-24 03:20,7875
2017-12-24 03:25,7831
2017-12-24 03:30,7800
2017-12-24 03:35,7795
2017-12-24 03:40,7767
2017-12-24 03:45,7757
2017-12-24 03:50,7728
2017-12-24 03:55,7695
2017-12-24 04:00,7609
2017-12-24 04:05,7599
2017-12-24 04:10,7520
2017-12-24 04:15,7492
2017-12-24 04:20,7405
2017-12-24 04:25,7367
2017-12-24 04:30,7338
2017-12-24 04:35,7289
2017-12-24 04:40,7237
2017-12-24 04:45,7198
2017-12-24 04:50,7134
2017-12-24 04:55,7040
2017-12-24 05:00,6948
2017-12-24 05:05,6879
2017-12-24 05:10,6855
2017-12-24 05:15,6821
2017-12-24 05:20,6785
2017-12-24 05:25,6758
2017-12-24 05:30,6651
2017-12-24 05:35,6584
2017-12-24 05:40,6509
2017-12-24 05:45,6463
2017-12-24 05:50,6360
2017-12-24 05:55,0
2017-12-24 06:00,6228
2017-12-24 06:05,6139
2017-12-24 06:10,5992
2017-12-24 06:15,5906
2017-12-24 06:20,5701
2017-12-24 06:25,5536
2017-12-24 06:30,5432
2017-12-24 06:35,5352
2017-12-24 06:40,5358
2017-12-24 06:45,5327
2017-12-24 06:50,5280
2017-12-24 06:55,5184
2017-12-24 07:00,5101
2017-12-24 07:05,5095
2017-12-24 07:10,5078
2017-12-24 07:15,5050
2017-12-24 07:20,4958
2017-12-24 07:25,4916
2017-12-24 07:30,4870
2017-12-24 07:35,4815
2017-12-24 07:40,4788
2017-12-24 07:45,4781
2017-12-24 07:50,4743
2017-12-24 07:55,4683
2017-12-24 08:00,4679
2017-12-24 08:05,4649
2017-12-24 08:10,4580
2017-12-24 08:15,4541
2017-12-24 08:20,4545
2017-12-24 08:25,4517
2017-12-24 08:30,4517
2017-12-24 08:35,4495
2017-12-24 08:40,4479
2017-12-24 08:45,4454
2017-12-24 08:50,4419
2017-12-24 08:55,4375
2017-12-24 09:00,4356
2017-12-24 09:05,4444
2017-12-24 09:10,4592
2017-12-24 09:15,4642
2017-12-24 09:20,4750
2017-12-24 09:25,4847
2017-12-24 09:30,4945
2017-12-24 09:35,5061
2017-12-24 09:40,5147
2017-12-24 09:45,5238
2017-12-24 09:50,5343
2017-12-24 09:55,5400
2017-12-24 10:00,5420
2017-12-24 10:05,5516
2017-12-24 10:10,5583
2017-12-24 10:15,5645
2017-12-24 10:20,5742
2017-12-24 10:25,5837
2017-12-24 10:30,5909
2017-12-24 10:35,5914
2017-12-24 10:40,6035
2017-12-24 10:45,6077
2017-12-24 10:50,6105
2017-12-24 10:55,6203
2017-12-24 11:00,6242
2017-12-24 11:05,6312
2017-12-24 11:10,6412
2017-12-24 11:15,6518
2017-12-24 11:20,6570
2017-12-24 11:25,6634
2017-12-24 11:30,6713
2017-12-24 11:35,6787
2017-12-24 11:40,6897
2017-12-24 11:45,6931
2017-12-24 11:50,6964
2017-12-24 11:55,6997
2017-12-24 12:00,7028
2017-12-24 12:05,7089
2017-12-24 12:10,7118
2017-12-24 12:15,7234
2017-12-24 12:20,7248
2017-12-24 12:25,7347
2017-12-24 12:30,7391
2017-12-24 12:35,7469
2017-12-24 12:40,7551
2017-12-24 12:45,7582
2017-12-24 12:50,7646
2017-12-24 12:55,7710
2017-12-24 13:00,7743
2017-12-24 13:05,7743
2017-12-24 13:10,7777
2017-12-24 13:15,7774
2017-12-24 13:20,7853
2017-12-24 13:25,7940
2017-12-24 13:30,8006
2017-12-24 13:35,8059
2017-12-24 13:40,8046
2017-12-24 13:45,8135
2017-12-24 13:50,8199
2017-12-24 13:55,8205
2017-12-24 14:00,8308
2017-12-24 14:05,8344
2017-12-24 14:10,8362
2017-12-24 14:15,8378
2017-12-24 14:20,8441
2017-12-24 14:25,8467
2017-12-24 14:30,8576
2017-12-24 14:35,8692
2017-12-24 14:40,8787
2017-12-24 14:45,8805
2017-12-24 14:50,8898
2017-12-24 14:55,8881
2017-12-24 15:00,8974
2017-12-24 15:05,9059
2017-12-24 15:10,9082
2017-12-24 15:15,9113
2017-12-24 15:20,9137
2017-12-24 15:25,9224
2017-12-24 15:30,9233
2017-12-24 15:35,9236
2017-12-24 15:40,9287
2017-12-24 15:45,9303
2017-12-24 15:50,9346
2017-12-24 15:55,9411
2017-12-24 16:00,9451
2017-12-24 16:05,9512
2017-12-24 16:10,9602
2017-12-24 16:15,9636
2017-12-24 16:20,9651
2017-12-24 16:25,9692
2017-12-24 16:30,9714
2017-12-24 16:35,9723
2017-12-24 16:40,9761
2017-12-24 16:45,9808
2017-12-24 16:50,9851
2017-12-24 16:55,9935
2017-12-24 17:00,9972
2017-12-24 17:05,10035
2017-12-24 17:10,10075
2017-12-24 17:15,10142
2017-12-24 17:20,10108
2017-12-24 17:25,10163
2017-12-24 17:30,10214
2017-12-24 17:35,10277
2017-12-24 17:40,10377
2017-12-24 17:45,10389
2017-12-24 17:50,10381
2017-12-24 17:55,10437
2017-12-24 18:00,10419
2017-12-24 18:05,10359
2017-12-24 18:10,10361
2017-12-24 18:15,10367
2017-12-24 18:20,10407
2017-12-24 18:25,10437
2017-12-24 18:30,10491
2017-12-24 18:35,10463
2017-12-24 18:40,10495
2017-12-24 18:45,10491
2017-12-24 18:50,10492
2017-12-24 18:55,10471
2017-12-24 19:00,10454
2017-12-24 19:05,10415
2017-12-24 19:10,10440
2017-12-24 19:15,10422
2017-12-24 19:20,10412
2017-12-24 19:25,10419
2017-12-24 19:30,10403
2017-12-24 19:35,10381
2017-12-24 19:40,10380
2017-12-24 19:45,10389
2017-12-24 19:50,10388
2017-12-24 19:55,10417
2017-12-24 20:00,10440
2017-12-24 20:05,10379
2017-12-24 20:10,10336
2017-12-24 20:15,10366
2017-12-24 20:20,10414
2017-12-24 20:25,10368
2017-12-24 20:30,10396
2017-12-24 20:35,10334
2017-12-24 20:40,10304
2017-12-24 20:45,10261
2017-12-24 20:50,10306
2017-12-24 20:55,10292
2017-12-24 21:00,10312
2017-12-24 21:05,10300
2017-12-24 21:10,10285
2017-12-24 21:15,10266
2017-12-24 21:20,10255
2017-12-24 21:25,10163
2017-12-24 21:30,10104
2017-12-24 21:35,10043
2017-12-24 21:40,10000
2017-12-24 21:45,10018
2017-12-24 21:50,9915
2017-12-24 21:55,9887
2017-12-24 22:00,9820
2017-12-24 22:05,9744
2017-12-24 22:10,9693
2017-12-24 22:15,9695
2017-12-24 22:20,9625
2017-12-24 22:25,9519
2017-12-24 22:30,9428
2017-12-24 22:35,9308
2017-12-24 22:40,9188
2017-12-24 22:45,9082
2017-12-24 22:50,9002
2017-12-24 22:55,8891
2017-12-24 23:00,8843
2017-12-24 23:05,8779
2017-12-24 23:10,8750
2017-12-24 23:15,8639
2017-12-24 23:20,8491
2017-12-24 23:25,8397
2017-12-24 23:30,8317
2017-12-24 23:35,8211
2017-12-24 23:40,8096
2017-12-24 23:45,8027
2017-12-24 23:50,7978
2017-12-24 23:55,7872
2017-12-25 00:00,7735
2017-12-25 00:05,7669
2017-12-25 00:10,7624
2017-12-25 00:15,7530
2017-12-25 00:20,7448
2017-12-25 00:25,7393
2017-12-25 00:30,7316
2017-12-25 00:35,7225
2017-12-25 00:40,7178
2017-12-25 00:45,7128
2017-12-25 00:50,7089
2017-12-25 00:55,7015
2017-12-25 01:00,6965
2017-12-25 01:05,6889
2017-12-25 01:10,6767
2017-12-25 01:15,6724
2017-12-25 01:20,6665
2017-12-25 01:25,6579
2017-12-25 01:30,6527
2017-12-25 01:35,6518
2017-12-25 01:40,6414
2017-12-25 01:45,6400
2017-12-25 01:50,6388
2017-12-25 01:55,6318
2017-12-25 02:00,6248
2017-12-25 02:05,6193
2017-12-25 02:10,6150
2017-12-25 02:15,6132
2017-12-25 02:20,6138
2017-12-25 02:25,6125
2017-12-25 02:30,6094
2017-12-25 02:35,6116
2017-12-25 02:40,6092
2017-12-25 02:45,6074
2017-12-25 02:50,6032
2017-12-25 02:55,5991
2017-12-25 03:00,5940
2017-12-25 03:05,5933
2017-12-25 03:10,5907
2017-12-25 03:15,5894
2017-12-25 03:20,5896
2017-12-25 03:25,5872
2017-12-25 03:30,5859
2017-12-25 03:35,5887
2017-12-25 03:40,5949
2017-12-25 03:45,5994
2017-12-25 03:50,5973
2017-12-25 03:55,5905
2017-12-25 04:00,5907
2017-12-25 04:05,5905
2017-12-25 04:10,5910
2017-12-25 04:15,5918
2017-12-25 04:20,5960
2017-12-25 04:25,5996
2017-12-25 04:30,5970
2017-12-25 04:35,5945
2017-12-25 04:40,5939
2017-12-25 04:45,5939
2017-12-25 04:50,5916
2017-12-25 04:55,5872
2017-12-25 05:00,5796
2017-12-25 05:05,5760
2017-12-25 05:10,5685
2017-12-25 05:15,5622
2017-12-25 05:20,5563
2017-12-25 05:25,5511
2017-12-25 05:30,5471
2017-12-25 05:35,5411
2017-12-25 05:40,5383
2017-12-25 05:45,5382
2017-12-25 05:50,5367
2017-12-25 05:55,0
2017-12-25 06:00,5280
2017-12-25 06:05,5202
2017-12-25 06:10,5168
2017-12-25 06:15,5140
2017-12-25 06:20,5070
2017-12-25 06:25,5054
2017-12-25 06:30,5025
2017-12-25 06:35,4946
2017-12-25 06:40,4893
2017-12-25 06:45,4798
2017-12-25 06:50,4725
2017-12-25 06:55,4641
2017-12-25 07:00,4592
2017-12-25 07:05,4492
2017-12-25 07:10,4401
2017-12-25 07:15,4314
2017-12-25 07:20,4283
2017-12-25 07:25,4191
2017-12-25 07:30,4207
2017-12-25 07:35,4166
2017-12-25 07:40,4162
2017-12-25 07:45,4152
2017-12-25 07:50,4142
2017-12-25 07:55,4088
2017-12-25 08:00,4052
2017-12-25 08:05,3994
2017-12-25 08:10,3954
2017-12-25 08:15,3903
2017-12-25 08:20,3928
2017-12-25 08:25,3904
2017-12-25 08:30,3904
2017-12-25 08:35,3909
2017-12-25 08:40,3897
2017-12-25 08:45,3879
2017-12-25 08:50,3861
2017-12-25 08:55,3866
2017-12-25 09:00,3880
2017-12-25 09:05,3915
2017-12-25 09:10,4013
2017-12-25 09:15,4090
2017-12-25 09:20,4163
2017-12-25 09:25,4195
2017-12-25 09:30,4248
2017-12-25 09:35,4327
2017-12-25 09:40,4365
2017-12-25 09:45,4424
2017-12-25 09:50,4481
2017-12-25 09:55,4542
2017-12-25 10:00,4613
2017-12-25 10:05,4695
2017-12-25 10:10,4795
2017-12-25 10:15,4819
2017-12-25 10:20,4883
2017-12-25 10:25,4947
2017-12-25 10:30,5001
2017-12-25 10:35,5036
2017-12-25 10:40,5052
2017-12-25 10:45,5067
2017-12-25 10:50,5117
2017-12-25 10:55,5160
2017-12-25 11:00,5188
2017-12-25 11:05,5236
2017-12-25 11:10,5296
2017-12-25 11:15,5339
2017-12-25 11:20,5331
2017-12-25 11:25,5347
2017-12-25 11:30,5381
2017-12-25 11:35,5433
2017-12-25 11:40,5436
2017-12-25 11:45,5465
2017-12-25 11:50,5531
2017-12-25 11:55,5565
2017-12-25 12:00,5601
2017-12-25 12:05,5666
2017-12-25 12:10,5745
2017-12-25 12:15,5787
2017-12-25 12:20,5872
2017-12-25 12:25,5903
2017-12-25 12:30,5920
2017-12-25 12:35,5930
2017-12-25 12:40,5969
2017-12-25 12:45,6031
2017-12-25 12:50,6079
2017-12-25 12:55,6081
2017-12-25 13:00,6162
2017-12-25 13:05,6191
2017-12-25 13:10,6239
2017-12-25 13:15,6242
2017-12-25 13:20,6284
2017-12-25 13:25,6350
2017-12-25 13:30,6387
2017-12-25 13:35,6363
2017-12-25 13:40,6436
2017-12-25 13:45,6491
2017-12-25 13:50,6566
2017-12-25 13:55,6628
2017-12-25 14:00,6686
2017-12-25 14:05,6735
2017-12-25 14:10,6791
2017-12-25 14:15,6798
2017-12-25 14:20,6878
2017-12-25 14:25,6927
2017-12-25 14:30,6989
2017-12-25 14:35,7065
2017-12-25 14:40,7140
2017-12-25 14:45,7237
2017-12-25 14:50,7280
2017-12-25 14:55,7363
2017-12-25 15:00,7455
2017-12-25 15:05,7546
2017-12-25 15:10,7659
2017-12-25 15:15,7750
2017-12-25 15:20,7851
2017-12-25 15:25,7920
2017-12-25 15:30,7974
2017-12-25 15:35,8060
2017-12-25 15:40,8110
2017-12-25 15:45,8155
2017-12-25 15:50,8271
2017-12-25 15:55,8374
2017-12-25 16:00,8443
2017-12-25 16:05,8544
2017-12-25 16:10,8700
2017-12-25 16:15,8783
2017-12-25 16:20,8898
2017-12-25 16:25,8979
2017-12-25 16:30,9090
2017-12-25 16:35,9173
2017-12-25 16:40,9209
2017-12-25 16:45,9229
2017-12-25 16:50,9362
2017-12-25 16:55,9454
2017-12-25 17:00,9489
2017-12-25 17:05,9499
2017-12-25 17:10,9601
2017-12-25 17:15,9709
2017-12-25 17:20,9798
2017-12-25 17:25,9871
2017-12-25 17:30,9929
2017-12-25 17:35,10045
2017-12-25 17:40,10183
2017-12-25 17:45,10277
2017-12-25 17:50,10324
2017-12-25 17:55,10414
2017-12-25 18:00,10491
2017-12-25 18:05,10507
2017-12-25 18:10,10588
2017-12-25 18:15,10637
2017-12-25 18:20,10680
2017-12-25 18:25,10767
2017-12-25 18:30,10845
2017-12-25 18:35,10922
2017-12-25 18:40,10965
2017-12-25 18:45,11068
2017-12-25 18:50,11123
2017-12-25 18:55,11187
2017-12-25 19:00,11238
2017-12-25 19:05,11287
2017-12-25 19:10,11361
2017-12-25 19:15,11353
2017-12-25 19:20,11372
2017-12-25 19:25,11453
2017-12-25 19:30,11453
2017-12-25 19:35,11459
2017-12-25 19:40,11488
2017-12-25 19:45,11566
2017-12-25 19:50,11582
2017-12-25 19:55,11552
2017-12-25 20:00,11580
2017-12-25 20:05,11598
2017-12-25 20:10,11561
2017-12-25 20:15,11547
2017-12-25 20:20,11554
2017-12-25 20:25,11581
2017-12-25 20:30,11587
2017-12-25 20:35,11613
2017-12-25 20:40,11624
2017-12-25 20:45,11590
2017-12-25 20:50,11614
2017-12-25 20:55,11565
2017-12-25 21:00,11560
2017-12-25 21:05,11538
2017-12-25 21:10,11552
2017-12-25 21:15,11542
2017-12-25 21:20,11555
2017-12-25 21:25,11525
2017-12-25 21:30,11471
2017-12-25 21:35,11475
2017-12-25 21:40,11454
2017-12-25 21:45,11424
2017-12-25 21:50,11421
2017-12-25 21:55,11316
2017-12-25 22:00,11308
2017-12-25 22:05,11258
2017-12-25 22:10,11159
2017-12-25 22:15,11092
2017-12-25 22:20,11021
2017-12-25 22:25,11024
2017-12-25 22:30,10991
2017-12-25 22:35,10911
2017-12-25 22:40,10834
2017-12-25 22:45,10754
2017-12-25 22:50,10712
2017-12-25 22:55,10600
2017-12-25 23:00,10506
2017-12-25 23:05,10431
2017-12-25 23:10,10317
2017-12-25 23:15,10319
2017-12-25 23:20,10248
2017-12-25 23:25,10163
2017-12-25 23:30,10078
2017-12-25 23:35,10018
2017-12-25 23:40,9956
2017-12-25 23:45,9906
2017-12-25 23:50,9794
2017-12-25 23:55,9739
2017-12-26 00:00,9687
2017-12-26 00:05,9582
2017-12-26 00:10,9499
2017-12-26 00:15,9496
2017-12-26 00:20,9440
2017-12-26 00:25,9445
2017-12-26 00:30,9417
2017-12-26 00:35,9340
2017-12-26 00:40,9238
2017-12-26 00:45,9184
2017-12-26 00:50,9065
2017-12-26 00:55,9061
2017-12-26 01:00,8975
2017-12-26 01:05,8904
2017-12-26 01:10,8830
2017-12-26 01:15,8804
2017-12-26 01:20,8782
2017-12-26 01:25,8791
2017-12-26 01:30,8761
2017-12-26 01:35,8752
2017-12-26 01:40,8722
2017-12-26 01:45,8631
2017-12-26 01:50,8588
2017-12-26 01:55,8549
2017-12-26 02:00,8487
2017-12-26 02:05,8459
2017-12-26 02:10,8454
2017-12-26 02:15,8393
2017-12-26 02:20,8322
2017-12-26 02:25,8289
2017-12-26 02:30,8283
2017-12-26 02:35,8225
2017-12-26 02:40,8167
2017-12-26 02:45,8083
2017-12-26 02:50,8076
2017-12-26 02:55,8051
2017-12-26 03:00,8037
2017-12-26 03:05,7985
2017-12-26 03:10,7961
2017-12-26 03:15,7931
2017-12-26 03:20,7874
2017-12-26 03:25,7791
2017-12-26 03:30,7747
2017-12-26 03:35,7687
2017-12-26 03:40,7635
2017-12-26 03:45,7620
2017-12-26 03:50,7517
2017-12-26 03:55,7482
2017-12-26 04:00,7422
2017-12-26 04:05,7368
2017-12-26 04:10,7331
2017-12-26 04:15,7334
2017-12-26 04:20,7234
2017-12-26 04:25,7118
2017-12-26 04:30,7056
2017-12-26 04:35,7024
2017-12-26 04:40,6961
2017-12-26 04:45,6945
2017-12-26 04:50,6915
2017-12-26 04:55,6858
2017-12-26 05:00,6785
2017-12-26 05:05,6682
2017-12-26 05:10,6567
2017-12-26 05:15,6471
2017-12-26 05:20,6367
2017-12-26 05:25,6308
2017-12-26 05:30,6210
2017-12-26 05:35,6128
2017-12-26 05:40,6076
2017-12-26 05:45,6015
2017-12-26 05:50,5941
2017-12-26 05:55,5831
2017-12-26 06:00,5761
2017-12-26 06:05,5672
2017-12-26 06:10,5546
2017-12-26 06:15,5491
2017-12-26 06:20,5389
2017-12-26 06:25,5305
2017-12-26 06:30,5260
2017-12-26 06:35,5167
2017-12-26 06:40,5053
2017-12-26 06:45,4993
2017-12-26 06:50,4911
2017-12-26 06:55,4817
2017-12-26 07:00,4710
2017-12-26 07:05,4621
2017-12-26 07:10,4575
2017-12-26 07:15,4508
2017-12-26 07:20,4461
2017-12-26 07:25,4436
2017-12-26 07:30,4366
2017-12-26 07:35,4281
2017-12-26 07:40,4231
2017-12-26 07:45,4188
2017-12-26 07:50,4125
2017-12-26 07:55,4081
2017-12-26 08:00,4010
2017-12-26 08:05,3949
2017-12-26 08:10,3893
2017-12-26 08:15,3838
2017-12-26 08:20,3822
2017-12-26 08:25,3773
2017-12-26 08:30,3724
2017-12-26 08:35,3702
2017-12-26 08:40,3678
2017-12-26 08:45,3644
2017-12-26 08:50,0
2017-12-26 08:55,3585
2017-12-26 09:00,3581
2017-12-26 09:05,3624
2017-12-26 09:10,3750
2017-12-26 09:15,3830
2017-12-26 09:20,3911
2017-12-26 09:25,4018
2017-12-26 09:30,4080
2017-12-26 09:35,4139
2017-12-26 09:40,4183
2017-12-26 09:45,4251
2017-12-26 09:50,4318
2017-12-26 09:55,4382
2017-12-26 10:00,4426
2017-12-26 10:05,4493
2017-12-26 10:10,4599
2017-12-26 10:15,4683
2017-12-26 10:20,4734
2017-12-26 10:25,4815
2017-12-26 10:30,4876
2017-12-26 10:35,4904
2017-12-26 10:40,4970
2017-12-26 10:45,5048
2017-12-26 10:50,5122
2017-12-26 10:55,5171
2017-12-26 11:00,5248
2017-12-26 11:05,5363
2017-12-26 11:10,5424
2017-12-26 11:15,5459
2017-12-26 11:20,5522
2017-12-26 11:25,5605
2017-12-26 11:30,5645
2017-12-26 11:35,5721
2017-12-26 11:40,5775
2017-12-26 11:45,5848
2017-12-26 11:50,5925
2017-12-26 11:55,5990
2017-12-26 12:00,6067
2017-12-26 12:05,6182
2017-12-26 12:10,6292
2017-12-26 12:15,6299
2017-12-26 12:20,6378
2017-12-26 12:25,6430
2017-12-26 12:30,6465
2017-12-26 12:35,6547
2017-12-26 12:40,6620
2017-12-26 12:45,6680
2017-12-26 12:50,6745
2017-12-26 12:55,6775
2017-12-26 13:00,6832
2017-12-26 13:05,6870
2017-12-26 13:10,6923
2017-12-26 13:15,7041
2017-12-26 13:20,7056
2017-12-26 13:25,7116
2017-12-26 13:30,7191
2017-12-26 13:35,7278
2017-12-26 13:40,7317
2017-12-26 13:45,7435
2017-12-26 13:50,7458
2017-12-26 13:55,7522
2017-12-26 14:00,7588
2017-12-26 14:05,7700
2017-12-26 14:10,7829
2017-12-26 14:15,7950
2017-12-26 14:20,8035
2017-12-26 14:25,8123
2017-12-26 14:30,8139
2017-12-26 14:35,8222
2017-12-26 14:40,8262
2017-12-26 14:45,8409
2017-12-26 14:50,8472
2017-12-26 14:55,8488
2017-12-26 15:00,8564
2017-12-26 15:05,8646
2017-12-26 15:10,8733
2017-12-26 15:15,8806
2017-12-26 15:20,8850
2017-12-26 15:25,8943
2017-12-26 15:30,9031
2017-12-26 15:35,9111
2017-12-26 15:40,9211
2017-12-26 15:45,9264
2017-12-26 15:50,9336
2017-12-26 15:55,9414
2017-12-26 16:00,9495
2017-12-26 16:05,9611
2017-12-26 16:10,9703
2017-12-26 16:15,9800
2017-12-26 16:20,9904
2017-12-26 16:25,9939
2017-12-26 16:30,10033
2017-12-26 16:35,10148
2017-12-26 16:40,10245
2017-12-26 16:45,10357
2017-12-26 16:50,10472
2017-12-26 16:55,10529
2017-12-26 17:00,10582
2017-12-26 17:05,10628
2017-12-26 17:10,10697
2017-12-26 17:15,10786
2017-12-26 17:20,10865
2017-12-26 17:25,10939
2017-12-26 17:30,10953
2017-12-26 17:35,10962
2017-12-26 17:40,11045
2017-12-26 17:45,11119
2017-12-26 17:50,11124
2017-12-26 17:55,11198
2017-12-26 18:00,11150
2017-12-26 18:05,11168
2017-12-26 18:10,11192
2017-12-26 18:15,11058
2017-12-26 18:20,11086
2017-12-26 18:25,11232
2017-12-26 18:30,11345
2017-12-26 18:35,11416
2017-12-26 18:40,11503
2017-12-26 18:45,11567
2017-12-26 18:50,11614
2017-12-26 18:55,11719
2017-12-26 19:00,11813
2017-12-26 19:05,11862
2017-12-26 19:10,11869
2017-12-26 19:15,11927
2017-12-26 19:20,12005
2017-12-26 19:25,12063
2017-12-26 19:30,12068
2017-12-26 19:35,12083
2017-12-26 19:40,12094
2017-12-26 19:45,12119
2017-12-26 19:50,12136
2017-12-26 19:55,12171
2017-12-26 20:00,12208
2017-12-26 20:05,12251
2017-12-26 20:10,12315
2017-12-26 20:15,12373
2017-12-26 20:20,12391
2017-12-26 20:25,12444
2017-12-26 20:30,12562
2017-12-26 20:35,12572
2017-12-26 20:40,12606
2017-12-26 20:45,12674
2017-12-26 20:50,12675
2017-12-26 20:55,12690
2017-12-26 21:00,12642
2017-12-26 21:05,12595
2017-12-26 21:10,12574
2017-12-26 21:15,12565
2017-12-26 21:20,12555
2017-12-26 21:25,12478
2017-12-26 21:30,12436
2017-12-26 21:35,12391
2017-12-26 21:40,12454
2017-12-26 21:45,12330
2017-12-26 21:50,12292
2017-12-26 21:55,12266
2017-12-26 22:00,12204
2017-12-26 22:05,12190
2017-12-26 22:10,12126
2017-12-26 22:15,12085
2017-12-26 22:20,12020
2017-12-26 22:25,11935
2017-12-26 22:30,11796
2017-12-26 22:35,11715
2017-12-26 22:40,11599
2017-12-26 22:45,11547
2017-12-26 22:50,11487
2017-12-26 22:55,11404
2017-12-26 23:00,11276
2017-12-26 23:05,11147
2017-12-26 23:10,11022
2017-12-26 23:15,10949
2017-12-26 23:20,10860
2017-12-26 23:25,10719
2017-12-26 23:30,10661
2017-12-26 23:35,10585
2017-12-26 23:40,10495
2017-12-26 23:45,10473
2017-12-26 23:50,10409
2017-12-26 23:55,10323
2017-12-27 00:00,10291
2017-12-27 00:05,10199
2017-12-27 00:10,10163
2017-12-27 00:15,10119
2017-12-27 00:20,10071
2017-12-27 00:25,9930
2017-12-27 00:30,9911
2017-12-27 00:35,9839
2017-12-27 00:40,9734
2017-12-27 00:45,9694
2017-12-27 00:50,9561
2017-12-27 00:55,9522
2017-12-27 01:00,9426
2017-12-27 01:05,9306
2017-12-27 01:10,9209
2017-12-27 01:15,9093
2017-12-27 01:20,9110
2017-12-27 01:25,9066
2017-12-27 01:30,9049
2017-12-27 01:35,8977
2017-12-27 01:40,8929
2017-12-27 01:45,8935
2017-12-27 01:50,8882
2017-12-27 01:55,8867
2017-12-27 02:00,8823
2017-12-27 02:05,8796
2017-12-27 02:10,8693
2017-12-27 02:15,8695
2017-12-27 02:20,8665
2017-12-27 02:25,8574
2017-12-27 02:30,8532
2017-12-27 02:35,8477
2017-12-27 02:40,8380
2017-12-27 02:45,8299
2017-12-27 02:50,8246
2017-12-27 02:55,8262
2017-12-27 03:00,8212
2017-12-27 03:05,8169
2017-12-27 03:10,8131
2017-12-27 03:15,8111
2017-12-27 03:20,8039
2017-12-27 03:25,7987
2017-12-27 03:30,8002
2017-12-27 03:35,7919
2017-12-27 03:40,7885
2017-12-27 03:45,7831
2017-12-27 03:50,7793
2017-12-27 03:55,7757
2017-12-27 04:00,7649
2017-12-27 04:05,7593
2017-12-27 04:10,7561
2017-12-27 04:15,7457
2017-12-27 04:20,7404
2017-12-27 04:25,7300
2017-12-27 04:30,7209
2017-12-27 04:35,7176
2017-12-27 04:40,7119
2017-12-27 04:45,7051
2017-12-27 04:50,6986
2017-12-27 04:55,6891
2017-12-27 05:00,6833
2017-12-27 05:05,6764
2017-12-27 05:10,6681
2017-12-27 05:15,6623
2017-12-27 05:20,6487
2017-12-27 05:25,6442
2017-12-27 05:30,6378
2017-12-27 05:35,6323
2017-12-27 05:40,6251
2017-12-27 05:45,6230
2017-12-27 05:50,6139
2017-12-27 05:55,6106
2017-12-27 06:00,5983
2017-12-27 06:05,5893
2017-12-27 06:10,5818
2017-12-27 06:15,5737
2017-12-27 06:20,5637
2017-12-27 06:25,5548
2017-12-27 06:30,5453
2017-12-27 06:35,5354
2017-12-27 06:40,5317
2017-12-27 06:45,5267
2017-12-27 06:50,5178
2017-12-27 06:55,5117
2017-12-27 07:00,5047
2017-12-27 07:05,4980
2017-12-27 07:10,4905
2017-12-27 07:15,4823
2017-12-27 07:20,4775
2017-12-27 07:25,4724
2017-12-27 07:30,4656
2017-12-27 07:35,4577
2017-12-27 07:40,4560
2017-12-27 07:45,4483
2017-12-27 07:50,4424
2017-12-27 07:55,4373
2017-12-27 08:00,4355
2017-12-27 08:05,4247
2017-12-27 08:10,4203
2017-12-27 08:15,4113
2017-12-27 08:20,4094
2017-12-27 08:25,4018
2017-12-27 08:30,3988
2017-12-27 08:35,4002
2017-12-27 08:40,3953
2017-12-27 08:45,3899
2017-12-27 08:50,3854
2017-12-27 08:55,3841
2017-12-27 09:00,3797
2017-12-27 09:05,3846
2017-12-27 09:10,3971
2017-12-27 09:15,4047
2017-12-27 09:20,4100
2017-12-27 09:25,4189
2017-12-27 09:30,4048
2017-12-27 09:35,4156
2017-12-27 09:40,4234
2017-12-27 09:45,4329
2017-12-27 09:50,4389
2017-12-27 09:55,4427
2017-12-27 10:00,4481
2017-12-27 10:05,4528
2017-12-27 10:10,4577
2017-12-27 10:15,4667
2017-12-27 10:20,4736
2017-12-27 10:25,4832
2017-12-27 10:30,4954
2017-12-27 10:35,5003
2017-12-27 10:40,5067
2017-12-27 10:45,5132
2017-12-27 10:50,5247
2017-12-27 10:55,5316
2017-12-27 11:00,5366
2017-12-27 11:05,5461
2017-12-27 11:10,5535
2017-12-27 11:15,5607
2017-12-27 11:20,5693
2017-12-27 11:25,5794
2017-12-27 11:30,5799
2017-12-27 11:35,5871
2017-12-27 11:40,5916
2017-12-27 11:45,6038
2017-12-27 11:50,6118
2017-12-27 11:55,6201
2017-12-27 12:00,6273
2017-12-27 12:05,6351
2017-12-27 12:10,6393
2017-12-27 12:15,6473
2017-12-27 12:20,6505
2017-12-27 12:25,6542
2017-12-27 12:30,6566
2017-12-27 12:35,6628
2017-12-27 12:40,6729
2017-12-27 12:45,6802
2017-12-27 12:50,6862
2017-12-27 12:55,6976
2017-12-27 13:00,6988
2017-12-27 13:05,7043
2017-12-27 13:10,7127
2017-12-27 13:15,7156
2017-12-27 13:20,7244
2017-12-27 13:25,7305
2017-12-27 13:30,7381
2017-12-27 13:35,7475
2017-12-27 13:40,7521
2017-12-27 13:45,7602
2017-12-27 13:50,7689
2017-12-27 13:55,7733
2017-12-27 14:00,7795
2017-12-27 14:05,7908
2017-12-27 14:10,8012
2017-12-27 14:15,8101
2017-12-27 14:20,8142
2017-12-27 14:25,8275
2017-12-27 14:30,8380
2017-12-27 14:35,8420
2017-12-27 14:40,8542
2017-12-27 14:45,8634
2017-12-27 14:50,8739
2017-12-27 14:55,8826
2017-12-27 15:00,8857
2017-12-27 15:05,8921
2017-12-27 15:10,9061
2017-12-27 15:15,9145
2017-12-27 15:20,9178
2017-12-27 15:25,9280
2017-12-27 15:30,9395
2017-12-27 15:35,9478
2017-12-27 15:40,9606
2017-12-27 15:45,9648
2017-12-27 15:50,9726
2017-12-27 15:55,9762
2017-12-27 16:00,9835
2017-12-27 16:05,9916
2017-12-27 16:10,9968
2017-12-27 16:15,10022
2017-12-27 16:20,10108
2017-12-27 16:25,10187
2017-12-27 16:30,10254
2017-12-27 16:35,10327
2017-12-27 16:40,10421
2017-12-27 16:45,10527
2017-12-27 16:50,10559
2017-12-27 16:55,10616
2017-12-27 17:00,10685
2017-12-27 17:05,10806
2017-12-27 17:10,10856
2017-12-27 17:15,10984
2017-12-27 17:20,11050
2017-12-27 17:25,11185
2017-12-27 17:30,0
2017-12-27 17:35,11355
2017-12-27 17:40,11423
2017-12-27 17:45,11499
2017-12-27 17:50,11541
2017-12-27 17:55,11610
2017-12-27 18:00,11691
2017-12-27 18:05,11720
2017-12-27 18:10,11816
2017-12-27 18:15,11861
2017-12-27 18:20,11865
2017-12-27 18:25,11915
2017-12-27 18:30,12000
2017-12-27 18:35,12041
2017-12-27 18:40,12040
2017-12-27 18:45,12126
2017-12-27 18:50,12175
2017-12-27 18:55,12235
2017-12-27 19:00,12257
2017-12-27 19:05,12302
2017-12-27 19:10,12340
2017-12-27 19:15,12413
2017-12-27 19:20,12383
2017-12-27 19:25,12378
2017-12-27 19:30,12424
2017-12-27 19:35,12472
2017-12-27 19:40,12493
2017-12-27 19:45,12466
2017-12-27 19:50,12507
2017-12-27 19:55,12515
2017-12-27 20:00,12518
2017-12-27 20:05,12473
2017-12-27 20:10,12501
2017-12-27 20:15,12539
2017-12-27 20:20,12559
2017-12-27 20:25,12531
2017-12-27 20:30,12517
2017-12-27 20:35,12531
2017-12-27 20:40,12589
2017-12-27 20:45,12604
2017-12-27 20:50,12651
2017-12-27 20:55,12669
2017-12-27 21:00,12650
2017-12-27 21:05,12609
2017-12-27 21:10,12555
2017-12-27 21:15,12530
2017-12-27 21:20,12527
2017-12-27 21:25,12506
2017-12-27 21:30,12500
2017-12-27 21:35,12518
2017-12-27 21:40,12481
2017-12-27 21:45,12465
2017-12-27 21:50,12389
2017-12-27 21:55,12296
2017-12-27 22:00,12281
2017-12-27 22:05,12293
2017-12-27 22:10,12298
2017-12-27 22:15,12210
2017-12-27 22:20,12179
2017-12-27 22:25,12086
2017-12-27 22:30,11990
2017-12-27 22:35,11935
2017-12-27 22:40,11827
2017-12-27 22:45,11790
2017-12-27 22:50,11752
2017-12-27 22:55,11684
2017-12-27 23:00,11601
2017-12-27 23:05,11482
2017-12-27 23:10,11406
2017-12-27 23:15,11251
2017-12-27 23:20,11083
2017-12-27 23:25,10975
2017-12-27 23:30,10915
2017-12-27 23:35,10834
2017-12-27 23:40,10702
2017-12-27 23:45,10700
2017-12-27 23:50,10614
2017-12-27 23:55,10516
2017-12-28 00:00,10421
2017-12-28 00:05,10346
2017-12-28 00:10,10281
2017-12-28 00:15,10209
2017-12-28 00:20,10145
2017-12-28 00:25,10079
2017-12-28 00:30,9961
2017-12-28 00:35,9874
2017-12-28 00:40,9837
2017-12-28 00:45,9799
2017-12-28 00:50,9783
2017-12-28 00:55,9702
2017-12-28 01:00,9601
2017-12-28 01:05,9530
2017-12-28 01:10,9489
2017-12-28 01:15,9452
2017-12-28 01:20,9409
2017-12-28 01:25,9387
2017-12-28 01:30,9359
2017-12-28 01:35,9342
2017-12-28 01:40,9316
2017-12-28 01:45,9327
2017-12-28 01:50,9289
2017-12-28 01:55,9255
2017-12-28 02:00,9229
2017-12-28 02:05,9166
2017-12-28 02:10,9146
2017-12-28 02:15,9182
2017-12-28 02:20,9223
2017-12-28 02:25,9165
2017-12-28 02:30,9094
2017-12-28 02:35,9117
2017-12-28 02:40,9120
2017-12-28 02:45,9079
2017-12-28 02:50,8983
2017-12-28 02:55,8945
2017-12-28 03:00,8875
2017-12-28 03:05,8830
2017-12-28 03:10,8832
2017-12-28 03:15,8791
2017-12-28 03:20,8703
2017-12-28 03:25,8638
2017-12-28 03:30,8582
2017-12-28 03:35,8492
2017-12-28 03:40,8428
2017-12-28 03:45,8308
2017-12-28 03:50,8017
2017-12-28 03:55,7889
2017-12-28 04:00,7864
2017-12-28 04:05,7822
2017-12-28 04:10,7821
2017-12-28 04:15,7455
2017-12-28 04:20,6467
2017-12-28 04:25,6018
2017-12-28 04:30,6118
2017-12-28 04:35,6237
2017-12-28 04:40,6399
2017-12-28 04:45,6522
2017-12-28 04:50,6511
2017-12-28 04:55,6487
2017-12-28 05:00,6440
2017-12-28 05:05,6439
2017-12-28 05:10,6416
2017-12-28 05:15,6387
2017-12-28 05:20,6394
2017-12-28 05:25,6342
2017-12-28 05:30,6306
2017-12-28 05:35,6259
2017-12-28 05:40,6212
2017-12-28 05:45,6157
2017-12-28 05:50,6109
2017-12-28 05:55,6081
2017-12-28 06:00,6030
2017-12-28 06:05,5994
2017-12-28 06:10,5879
2017-12-28 06:15,5784
2017-12-28 06:20,5699
2017-12-28 06:25,5622
2017-12-28 06:30,5526
2017-12-28 06:35,5440
2017-12-28 06:40,5344
2017-12-28 06:45,5254
2017-12-28 06:50,5162
2017-12-28 06:55,5109
2017-12-28 07:00,5037
2017-12-28 07:05,4980
2017-12-28 07:10,4943
2017-12-28 07:15,4868
2017-12-28 07:20,4836
2017-12-28 07:25,4751
2017-12-28 07:30,4659
2017-12-28 07:35,4567
2017-12-28 07:40,4492
2017-12-28 07:45,4367
2017-12-28 07:50,4303
2017-12-28 07:55,4255
2017-12-28 08:00,4210
2017-12-28 08:05,4129
2017-12-28 08:10,4131
2017-12-28 08:15,4039
2017-12-28 08:20,4026
2017-12-28 08:25,4012
2017-12-28 08:30,3998
2017-12-28 08:35,3955
2017-12-28 08:40,3940
2017-12-28 08:45,3929
2017-12-28 08:50,3917
2017-12-28 08:55,3902
2017-12-28 09:00,3863
2017-12-28 09:05,3890
2017-12-28 09:10,4008
2017-12-28 09:15,4061
2017-12-28 09:20,4081
2017-12-28 09:25,4081
2017-12-28 09:30,4166
2017-12-28 09:35,4212
2017-12-28 09:40,4267
2017-12-28 09:45,4272
2017-12-28 09:50,4350
2017-12-28 09:55,4366
2017-12-28 10:00,4466
2017-12-28 10:05,4535
2017-12-28 10:10,4622
2017-12-28 10:15,4697
2017-12-28 10:20,4755
2017-12-28 10:25,4822
2017-12-28 10:30,4896
2017-12-28 10:35,4942
2017-12-28 10:40,4979
2017-12-28 10:45,4995
2017-12-28 10:50,5008
2017-12-28 10:55,5021
2017-12-28 11:00,5088
2017-12-28 11:05,5158
2017-12-28 11:10,5227
2017-12-28 11:15,5277
2017-12-28 11:20,5334
2017-12-28 11:25,5396
2017-12-28 11:30,5431
2017-12-28 11:35,5445
2017-12-28 11:40,5497
2017-12-28 11:45,5563
2017-12-28 11:50,5673
2017-12-28 11:55,5749
2017-12-28 12:00,5838
2017-12-28 12:05,5897
2017-12-28 12:10,5958
2017-12-28 12:15,6055
2017-12-28 12:20,6173
2017-12-28 12:25,6236
2017-12-28 12:30,6336
2017-12-28 12:35,6333
2017-12-28 12:40,6420
2017-12-28 12:45,6431
2017-12-28 12:50,6451
2017-12-28 12:55,6522
2017-12-28 13:00,6601
2017-12-28 13:05,6650
2017-12-28 13:10,6756
2017-12-28 13:15,6801
2017-12-28 13:20,6895
2017-12-28 13:25,6955
2017-12-28 13:30,7024
2017-12-28 13:35,7107
2017-12-28 13:40,7148
2017-12-28 13:45,7239
2017-12-28 13:50,7249
2017-12-28 13:55,7350
2017-12-28 14:00,7399
2017-12-28 14:05,7495
2017-12-28 14:10,7573
2017-12-28 14:15,7683
2017-12-28 14:20,7815
2017-12-28 14:25,7939
2017-12-28 14:30,8008
2017-12-28 14:35,8087
2017-12-28 14:40,8163
2017-12-28 14:45,8203
2017-12-28 14:50,8284
2017-12-28 14:55,8349
2017-12-28 15:00,8436
2017-12-28 15:05,8528
2017-12-28 15:10,8609
2017-12-28 15:15,8686
2017-12-28 15:20,8750
2017-12-28 15:25,8845
2017-12-28 15:30,0
2017-12-28 15:35,9030
2017-12-28 15:40,9153
2017-12-28 15:45,9204
2017-12-28 15:50,9316
2017-12-28 15:55,9380
2017-12-28 16:00,9416
2017-12-28 16:05,9460
2017-12-28 16:10,9530
2017-12-28 16:15,9568
2017-12-28 16:20,9670
2017-12-28 16:25,9769
2017-12-28 16:30,9855
2017-12-28 16:35,9960
2017-12-28 16:40,10065
2017-12-28 16:45,10135
2017-12-28 16:50,10013
2017-12-28 16:55,10194
2017-12-28 17:00,10235
2017-12-28 17:05,10334
2017-12-28 17:10,10382
2017-12-28 17:15,10469
2017-12-28 17:20,10428
2017-12-28 17:25,10441
2017-12-28 17:30,10498
2017-12-28 17:35,10576
2017-12-28 17:40,10664
2017-12-28 17:45,10652
2017-12-28 17:50,10739
2017-12-28 17:55,10819
2017-12-28 18:00,10851
2017-12-28 18:05,10885
2017-12-28 18:10,10915
2017-12-28 18:15,11006
2017-12-28 18:20,11081
2017-12-28 18:25,11128
2017-12-28 18:30,10981
2017-12-28 18:35,10228
2017-12-28 18:40,9579
2017-12-28 18:45,9500
2017-12-28 18:50,9754
2017-12-28 18:55,10028
2017-12-28 19:00,10277
2017-12-28 19:05,10490
2017-12-28 19:10,10707
2017-12-28 19:15,10905
2017-12-28 19:20,11083
2017-12-28 19:25,11199
2017-12-28 19:30,11353
2017-12-28 19:35,11493
2017-12-28 19:40,11562
2017-12-28 19:45,11652
2017-12-28 19:50,11760
2017-12-28 19:55,11834
2017-12-28 20:00,11916
2017-12-28 20:05,11917
2017-12-28 20:10,11976
2017-12-28 20:15,12083
2017-12-28 20:20,12129
2017-12-28 20:25,12068
2017-12-28 20:30,12105
2017-12-28 20:35,12160
2017-12-28 20:40,12193
2017-12-28 20:45,12276
2017-12-28 20:50,12296
2017-12-28 20:55,12301
2017-12-28 21:00,12388
2017-12-28 21:05,12339
2017-12-28 21:10,12317
2017-12-28 21:15,12257
2017-12-28 21:20,12239
2017-12-28 21:25,12227
2017-12-28 21:30,12193
2017-12-28 21:35,12188
2017-12-28 21:40,12128
2017-12-28 21:45,12054
2017-12-28 21:50,12023
2017-12-28 21:55,11937
2017-12-28 22:00,11904
2017-12-28 22:05,11859
2017-12-28 22:10,11780
2017-12-28 22:15,11745
2017-12-28 22:20,11687
2017-12-28 22:25,11631
2017-12-28 22:30,11519
2017-12-28 22:35,11424
2017-12-28 22:40,11362
2017-12-28 22:45,11318
2017-12-28 22:50,11218
2017-12-28 22:55,11152
2017-12-28 23:00,11037
2017-12-28 23:05,10942
2017-12-28 23:10,10893
2017-12-28 23:15,10857
2017-12-28 23:20,10685
2017-12-28 23:25,10604
2017-12-28 23:30,10499
2017-12-28 23:35,10442
2017-12-28 23:40,10327
2017-12-28 23:45,10328
2017-12-28 23:50,10245
2017-12-28 23:55,10203
2017-12-29 00:00,10101
2017-12-29 00:05,10028
2017-12-29 00:10,9904
2017-12-29 00:15,9864
2017-12-29 00:20,9786
2017-12-29 00:25,9786
2017-12-29 00:30,9706
2017-12-29 00:35,9689
2017-12-29 00:40,9674
2017-12-29 00:45,9565
2017-12-29 00:50,9478
2017-12-29 00:55,9445
2017-12-29 01:00,9364
2017-12-29 01:05,9301
2017-12-29 01:10,9207
2017-12-29 01:15,9176
2017-12-29 01:20,9102
2017-12-29 01:25,9017
2017-12-29 01:30,8962
2017-12-29 01:35,8885
2017-12-29 01:40,8848
2017-12-29 01:45,8839
2017-12-29 01:50,8800
2017-12-29 01:55,8764
2017-12-29 02:00,8682
2017-12-29 02:05,8646
2017-12-29 02:10,8597
2017-12-29 02:15,8544
2017-12-29 02:20,8492
2017-12-29 02:25,8519
2017-12-29 02:30,8515
2017-12-29 02:35,8467
2017-12-29 02:40,8422
2017-12-29 02:45,8259
2017-12-29 02:50,8184
2017-12-29 02:55,8092
2017-12-29 03:00,8086
2017-12-29 03:05,8055
2017-12-29 03:10,8023
2017-12-29 03:15,8055
2017-12-29 03:20,8016
2017-12-29 03:25,8057
2017-12-29 03:30,8057
2017-12-29 03:35,8033
2017-12-29 03:40,8045
2017-12-29 03:45,8012
2017-12-29 03:50,7950
2017-12-29 03:55,7855
2017-12-29 04:00,7798
2017-12-29 04:05,7754
2017-12-29 04:10,7703
2017-12-29 04:15,7643
2017-12-29 04:20,7514
2017-12-29 04:25,7396
2017-12-29 04:30,7396
2017-12-29 04:35,7232
2017-12-29 04:40,7169
2017-12-29 04:45,7113
2017-12-29 04:50,7088
2017-12-29 04:55,6973
2017-12-29 05:00,6888
2017-12-29 05:05,6854
2017-12-29 05:10,6813
2017-12-29 05:15,6722
2017-12-29 05:20,6632
2017-12-29 05:25,6540
2017-12-29 05:30,6479
2017-12-29 05:35,6438
2017-12-29 05:40,6384
2017-12-29 05:45,6306
2017-12-29 05:50,6244
2017-12-29 05:55,6147
2017-12-29 06:00,6047
2017-12-29 06:05,5922
2017-12-29 06:10,5819
2017-12-29 06:15,5713
2017-12-29 06:20,5619
2017-12-29 06:25,5526
2017-12-29 06:30,5526
2017-12-29 06:35,5423
2017-12-29 06:40,5340
2017-12-29 06:45,5249
2017-12-29 06:50,5188
2017-12-29 06:55,5111
2017-12-29 07:00,5018
2017-12-29 07:05,4919
2017-12-29 07:10,4846
2017-12-29 07:15,4767
2017-12-29 07:20,4702
2017-12-29 07:25,4649
2017-12-29 07:30,4649
2017-12-29 07:35,4516
2017-12-29 07:40,4511
2017-12-29 07:45,4463
2017-12-29 07:50,4411
2017-12-29 07:55,4315
2017-12-29 08:00,4242
2017-12-29 08:05,4161
2017-12-29 08:10,4138
2017-12-29 08:15,4107
2017-12-29 08:20,4056
2017-12-29 08:25,4020
2017-12-29 08:30,3997
2017-12-29 08:35,3985
2017-12-29 08:40,3959
2017-12-29 08:45,3952
2017-12-29 08:50,3952
2017-12-29 08:55,3899
2017-12-29 09:00,3907
2017-12-29 09:05,3944
2017-12-29 09:10,3964
2017-12-29 09:15,3991
2017-12-29 09:20,4033
2017-12-29 09:25,4110
2017-12-29 09:30,4110
2017-12-29 09:35,4171
2017-12-29 09:40,4225
2017-12-29 09:45,4279
2017-12-29 09:50,4304
2017-12-29 09:55,4307
2017-12-29 10:00,4307
2017-12-29 10:05,4377
2017-12-29 10:10,4422
2017-12-29 10:15,4520
2017-12-29 10:20,4590
2017-12-29 10:25,4616
2017-12-29 10:30,4616
2017-12-29 10:35,4749
2017-12-29 10:40,4749
2017-12-29 10:45,4844
2017-12-29 10:50,4895
2017-12-29 10:55,4895
2017-12-29 11:00,4918
2017-12-29 11:05,5008
2017-12-29 11:10,5047
2017-12-29 11:15,5102
2017-12-29 11:20,5174
2017-12-29 11:25,5292
2017-12-29 11:30,5292
2017-12-29 11:35,5376
2017-12-29 11:40,5380
2017-12-29 11:45,5485
2017-12-29 11:50,5535
2017-12-29 11:55,5602
2017-12-29 12:00,5668
2017-12-29 12:05,5718
2017-12-29 12:10,5770
2017-12-29 12:15,5786
2017-12-29 12:20,5852
2017-12-29 12:25,5920
2017-12-29 12:30,5993
2017-12-29 12:35,6011
2017-12-29 12:40,6099
2017-12-29 12:45,6153
2017-12-29 12:50,6173
2017-12-29 12:55,6261
2017-12-29 13:00,0
2017-12-29 13:05,6462
2017-12-29 13:10,6557
2017-12-29 13:15,6622
2017-12-29 13:20,6706
2017-12-29 13:25,6783
2017-12-29 13:30,6868
2017-12-29 13:35,6937
2017-12-29 13:40,6973
2017-12-29 13:45,7056
2017-12-29 13:50,7091
2017-12-29 13:55,7169
2017-12-29 14:00,7209
2017-12-29 14:05,7314
2017-12-29 14:10,7398
2017-12-29 14:15,7494
2017-12-29 14:20,7588
2017-12-29 14:25,7683
2017-12-29 14:30,7739
2017-12-29 14:35,7843
2017-12-29 14:40,7945
2017-12-29 14:45,8058
2017-12-29 14:50,8164
2017-12-29 14:55,8248
2017-12-29 15:00,8280
2017-12-29 15:05,8371
2017-12-29 15:10,8464
2017-12-29 15:15,8562
2017-12-29 15:20,8676
2017-12-29 15:25,8722
2017-12-29 15:30,8841
2017-12-29 15:35,8845
2017-12-29 15:40,8932
2017-12-29 15:45,9009
2017-12-29 15:50,9051
2017-12-29 15:55,9130
2017-12-29 16:00,9130
2017-12-29 16:05,9258
2017-12-29 16:10,9301
2017-12-29 16:15,9384
2017-12-29 16:20,9446
2017-12-29 16:25,9465
2017-12-29 16:30,9482
2017-12-29 16:35,9482
2017-12-29 16:40,9663
2017-12-29 16:45,9736
2017-12-29 16:50,9736
2017-12-29 16:55,9912
2017-12-29 17:00,10022
2017-12-29 17:05,10056
2017-12-29 17:10,10063
2017-12-29 17:15,10227
2017-12-29 17:20,10275
2017-12-29 17:25,10334
2017-12-29 17:30,10406
2017-12-29 17:35,10531
2017-12-29 17:40,10631
2017-12-29 17:45,10705
2017-12-29 17:50,10818
2017-12-29 17:55,10853
2017-12-29 18:00,10950
2017-12-29 18:05,10938
2017-12-29 18:10,11038
2017-12-29 18:15,11058
2017-12-29 18:20,11103
2017-12-29 18:25,11160
2017-12-29 18:30,11293
2017-12-29 18:35,11300
2017-12-29 18:40,11326
2017-12-29 18:45,11344
2017-12-29 18:50,11370
2017-12-29 18:55,11464
2017-12-29 19:00,11464
2017-12-29 19:05,11548
2017-12-29 19:10,11583
2017-12-29 19:15,11624
2017-12-29 19:20,11639
2017-12-29 19:25,11683
2017-12-29 19:30,11732
2017-12-29 19:35,11764
2017-12-29 19:40,11710
2017-12-29 19:45,11806
2017-12-29 19:50,11856
2017-12-29 19:55,11947
2017-12-29 20:00,11965
2017-12-29 20:05,11985
2017-12-29 20:10,11955
2017-12-29 20:15,11960
2017-12-29 20:20,11974
2017-12-29 20:25,11928
2017-12-29 20:30,11975
2017-12-29 20:35,12030
2017-12-29 20:40,12008
2017-12-29 20:45,12061
2017-12-29 20:50,12115
2017-12-29 20:55,12114
2017-12-29 21:00,12154
2017-12-29 21:05,12126
2017-12-29 21:10,12006
2017-12-29 21:15,11973
2017-12-29 21:20,11982
2017-12-29 21:25,11964
2017-12-29 21:30,11939
2017-12-29 21:35,11887
2017-12-29 21:40,11902
2017-12-29 21:45,11891
2017-12-29 21:50,11846
2017-12-29 21:55,11861
2017-12-29 22:00,11861
2017-12-29 22:05,11771
2017-12-29 22:10,11741
2017-12-29 22:15,11707
2017-12-29 22:20,11625
2017-12-29 22:25,11517
2017-12-29 22:30,11391
2017-12-29 22:35,11329
2017-12-29 22:40,11284
2017-12-29 22:45,11249
2017-12-29 22:50,11197
2017-12-29 22:55,11141
2017-12-29 23:00,11021
2017-12-29 23:05,10943
2017-12-29 23:10,10845
2017-12-29 23:15,10756
2017-12-29 23:20,10756
2017-12-29 23:25,10666
2017-12-29 23:30,10487
2017-12-29 23:35,10426
2017-12-29 23:40,10363
2017-12-29 23:45,10218
2017-12-29 23:50,10111
2017-12-29 23:55,10013
2017-12-30 00:00,10013
2017-12-30 00:05,9872
2017-12-30 00:10,9804
2017-12-30 00:15,9804
2017-12-30 00:20,9687
2017-12-30 00:25,9606
2017-12-30 00:30,9586
2017-12-30 00:35,9540
2017-12-30 00:40,9485
2017-12-30 00:45,9485
2017-12-30 00:50,9328
2017-12-30 00:55,9253
2017-12-30 01:00,9253
2017-12-30 01:05,9170
2017-12-30 01:10,9079
2017-12-30 01:15,8944
2017-12-30 01:20,8944
2017-12-30 01:25,8832
2017-12-30 01:30,8832
2017-12-30 01:35,8789
2017-12-30 01:40,8724
2017-12-30 01:45,8684
2017-12-30 01:50,8639
2017-12-30 01:55,8602
2017-12-30 02:00,8602
2017-12-30 02:05,8506
2017-12-30 02:10,8453
2017-12-30 02:15,8482
2017-12-30 02:20,8482
2017-12-30 02:25,8386
2017-12-30 02:30,8321
2017-12-30 02:35,8307
2017-12-30 02:40,8269
2017-12-30 02:45,8237
2017-12-30 02:50,8188
2017-12-30 02:55,8137
2017-12-30 03:00,8083
2017-12-30 03:05,8047
2017-12-30 03:10,7960
2017-12-30 03:15,7880
2017-12-30 03:20,7852
2017-12-30 03:25,7800
2017-12-30 03:30,7790
2017-12-30 03:35,7739
2017-12-30 03:40,7695
2017-12-30 03:45,7662
2017-12-30 03:50,7636
2017-12-30 03:55,7593
2017-12-30 04:00,7596
2017-12-30 04:05,7576
2017-12-30 04:10,7534
2017-12-30 04:15,7477
2017-12-30 04:20,7469
2017-12-30 04:25,7408
2017-12-30 04:30,7341
2017-12-30 04:35,7293
2017-12-30 04:40,7200
2017-12-30 04:45,7165
2017-12-30 04:50,7138
2017-12-30 04:55,7095
2017-12-30 05:00,7045
2017-12-30 05:05,7055
2017-12-30 05:10,6957
2017-12-30 05:15,6915
2017-12-30 05:20,6882
2017-12-30 05:25,6821
2017-12-30 05:30,6741
2017-12-30 05:35,6679
2017-12-30 05:40,6632
2017-12-30 05:45,6565
2017-12-30 05:50,6535
2017-12-30 05:55,6446
2017-12-30 06:00,6351
2017-12-30 06:05,6187
2017-12-30 06:10,6051
2017-12-30 06:15,5941
2017-12-30 06:20,5895
2017-12-30 06:25,5793
2017-12-30 06:30,5750
2017-12-30 06:35,5666
2017-12-30 06:40,5568
2017-12-30 06:45,5515
2017-12-30 06:50,5470
2017-12-30 06:55,5434
2017-12-30 07:00,5411
2017-12-30 07:05,5360
2017-12-30 07:10,5255
2017-12-30 07:15,5182
2017-12-30 07:20,5115
2017-12-30 07:25,5102
2017-12-30 07:30,5047
2017-12-30 07:35,4977
2017-12-30 07:40,4896
2017-12-30 07:45,4791
2017-12-30 07:50,4732
2017-12-30 07:55,4701
2017-12-30 08:00,4658
2017-12-30 08:05,4579
2017-12-30 08:10,4442
2017-12-30 08:15,4442
2017-12-30 08:20,4394
2017-12-30 08:25,4366
2017-12-30 08:30,4334
2017-12-30 08:35,4305
2017-12-30 08:40,4285
2017-12-30 08:45,4280
2017-12-30 08:50,4244
2017-12-30 08:55,4233
2017-12-30 09:00,4202
2017-12-30 09:05,4136
2017-12-30 09:10,4171
2017-12-30 09:15,4235
2017-12-30 09:20,4240
2017-12-30 09:25,4257
2017-12-30 09:30,4345
2017-12-30 09:35,4391
2017-12-30 09:40,4383
2017-12-30 09:45,4436
2017-12-30 09:50,4463
2017-12-30 09:55,4532
2017-12-30 10:00,4561
2017-12-30 10:05,4567
2017-12-30 10:10,4635
2017-12-30 10:15,4698
2017-12-30 10:20,4776
2017-12-30 10:25,4789
2017-12-30 10:30,4856
2017-12-30 10:35,4944
2017-12-30 10:40,4964
2017-12-30 10:45,5022
2017-12-30 10:50,5109
2017-12-30 10:55,5169
2017-12-30 11:00,5266
2017-12-30 11:05,5277
2017-12-30 11:10,5337
2017-12-30 11:15,5413
2017-12-30 11:20,5456
2017-12-30 11:25,5495
2017-12-30 11:30,5519
2017-12-30 11:35,5578
2017-12-30 11:40,5652
2017-12-30 11:45,5724
2017-12-30 11:50,5777
2017-12-30 11:55,5891
2017-12-30 12:00,5953
2017-12-30 12:05,6050
2017-12-30 12:10,6018
2017-12-30 12:15,6039
2017-12-30 12:20,6089
2017-12-30 12:25,0
2017-12-30 12:30,6347
2017-12-30 12:35,6400
2017-12-30 12:40,6489
2017-12-30 12:45,6583
2017-12-30 12:50,6652
2017-12-30 12:55,6691
2017-12-30 13:00,6687
2017-12-30 13:05,6760
2017-12-30 13:10,6809
2017-12-30 13:15,6871
2017-12-30 13:20,6919
2017-12-30 13:25,6955
2017-12-30 13:30,7071
2017-12-30 13:35,7126
2017-12-30 13:40,7189
2017-12-30 13:45,7260
2017-12-30 13:50,7333
2017-12-30 13:55,7324
2017-12-30 14:00,7426
2017-12-30 14:05,7543
2017-12-30 14:10,7601
2017-12-30 14:15,7663
2017-12-30 14:20,0
2017-12-30 14:25,7781
2017-12-30 14:30,7888
2017-12-30 14:35,7938
2017-12-30 14:40,8039
2017-12-30 14:45,8101
2017-12-30 14:50,8153
2017-12-30 14:55,8194
2017-12-30 15:00,8242
2017-12-30 15:05,8313
2017-12-30 15:10,8427
2017-12-30 15:15,8549
2017-12-30 15:20,8631
2017-12-30 15:25,8696
2017-12-30 15:30,8794
2017-12-30 15:35,8916
2017-12-30 15:40,9039
2017-12-30 15:45,9068
2017-12-30 15:50,9210
2017-12-30 15:55,9268
2017-12-30 16:00,9362
2017-12-30 16:05,9427
2017-12-30 16:10,9549
2017-12-30 16:15,9610
2017-12-30 16:20,9698
2017-12-30 16:25,9759
2017-12-30 16:30,9821
2017-12-30 16:35,9862
2017-12-30 16:40,9931
2017-12-30 16:45,9982
2017-12-30 16:50,10058
2017-12-30 16:55,10143
2017-12-30 17:00,10165
2017-12-30 17:05,10173
2017-12-30 17:10,10253
2017-12-30 17:15,10235
2017-12-30 17:20,10289
2017-12-30 17:25,10373
2017-12-30 17:30,10413
2017-12-30 17:35,10472
2017-12-30 17:40,10551
2017-12-30 17:45,10549
2017-12-30 17:50,10624
2017-12-30 17:55,10680
2017-12-30 18:00,10759
2017-12-30 18:05,10858
2017-12-30 18:10,10949
2017-12-30 18:15,11027
2017-12-30 18:20,11050
2017-12-30 18:25,11045
2017-12-30 18:30,11138
2017-12-30 18:35,11188
2017-12-30 18:40,11257
2017-12-30 18:45,11285
2017-12-30 18:50,11340
2017-12-30 18:55,11376
2017-12-30 19:00,11459
2017-12-30 19:05,11456
2017-12-30 19:10,11602
2017-12-30 19:15,11656
2017-12-30 19:20,11655
2017-12-30 19:25,11746
2017-12-30 19:30,11797
2017-12-30 19:35,11878
2017-12-30 19:40,11920
2017-12-30 19:45,12049
2017-12-30 19:50,12082
2017-12-30 19:55,12098
2017-12-30 20:00,12144
2017-12-30 20:05,12118
2017-12-30 20:10,12156
2017-12-30 20:15,12202
2017-12-30 20:20,12167
2017-12-30 20:25,12198
2017-12-30 20:30,12178
2017-12-30 20:35,12293
2017-12-30 20:40,12291
2017-12-30 20:45,12277
2017-12-30 20:50,12238
2017-12-30 20:55,12135
2017-12-30 21:00,12102
2017-12-30 21:05,12122
2017-12-30 21:10,12129
2017-12-30 21:15,12107
2017-12-30 21:20,12142
2017-12-30 21:25,12052
2017-12-30 21:30,11985
2017-12-30 21:35,11958
2017-12-30 21:40,11922
2017-12-30 21:45,11954
2017-12-30 21:50,11854
2017-12-30 21:55,11858
2017-12-30 22:00,11822
2017-12-30 22:05,11832
2017-12-30 22:10,11755
2017-12-30 22:15,11666
2017-12-30 22:20,11614
2017-12-30 22:25,11494
2017-12-30 22:30,11358
2017-12-30 22:35,11251
2017-12-30 22:40,11244
2017-12-30 22:45,11229
2017-12-30 22:50,11155
2017-12-30 22:55,11108
2017-12-30 23:00,11079
2017-12-30 23:05,11000
2017-12-30 23:10,10928
2017-12-30 23:15,10819
2017-12-30 23:20,10771
2017-12-30 23:25,10701
2017-12-30 23:30,10600
2017-12-30 23:35,10471
2017-12-30 23:40,10406
2017-12-30 23:45,10330
2017-12-30 23:50,10257
2017-12-30 23:55,10224
2017-12-31 00:00,10091
2017-12-31 00:05,10004
2017-12-31 00:10,9967
2017-12-31 00:15,9919
2017-12-31 00:20,9852
2017-12-31 00:25,9799
2017-12-31 00:30,9738
2017-12-31 00:35,9605
2017-12-31 00:40,9505
2017-12-31 00:45,9437
2017-12-31 00:50,9368
2017-12-31 00:55,9272
2017-12-31 01:00,9235
2017-12-31 01:05,9128
2017-12-31 01:10,9126
2017-12-31 01:15,9140
2017-12-31 01:20,9077
2017-12-31 01:25,9040
2017-12-31 01:30,8978
2017-12-31 01:35,8884
2017-12-31 01:40,8815
2017-12-31 01:45,8730
2017-12-31 01:50,8652
2017-12-31 01:55,8610
2017-12-31 02:00,8624
2017-12-31 02:05,8578
2017-12-31 02:10,8535
2017-12-31 02:15,8573
2017-12-31 02:20,8539
2017-12-31 02:25,8489
2017-12-31 02:30,8401
2017-12-31 02:35,8350
2017-12-31 02:40,8325
2017-12-31 02:45,8292
2017-12-31 02:50,8250
2017-12-31 02:55,8236
2017-12-31 03:00,8172
2017-12-31 03:05,8131
2017-12-31 03:10,8079
2017-12-31 03:15,8072
2017-12-31 03:20,8041
2017-12-31 03:25,7977
2017-12-31 03:30,7999
2017-12-31 03:35,7978
2017-12-31 03:40,7937
2017-12-31 03:45,7947
2017-12-31 03:50,7814
2017-12-31 03:55,7766
2017-12-31 04:00,7707
2017-12-31 04:05,7645
2017-12-31 04:10,7584
2017-12-31 04:15,7563
2017-12-31 04:20,7551
2017-12-31 04:25,7506
2017-12-31 04:30,7455
2017-12-31 04:35,7401
2017-12-31 04:40,7339
2017-12-31 04:45,7303
2017-12-31 04:50,7213
2017-12-31 04:55,7171
2017-12-31 05:00,7069
2017-12-31 05:05,7018
2017-12-31 05:10,6984
2017-12-31 05:15,6905
2017-12-31 05:20,6850
2017-12-31 05:25,6759
2017-12-31 05:30,6652
2017-12-31 05:35,6541
2017-12-31 05:40,6449
2017-12-31 05:45,6414
2017-12-31 05:50,6378
2017-12-31 05:55,6306
2017-12-31 06:00,6251
2017-12-31 06:05,6167
2017-12-31 06:10,6099
2017-12-31 06:15,5966
2017-12-31 06:20,5894
2017-12-31 06:25,5187
2017-12-31 06:30,4344
2017-12-31 06:35,3856
2017-12-31 06:40,3991
2017-12-31 06:45,4064
2017-12-31 06:50,4177
2017-12-31 06:55,4247
2017-12-31 07:00,4241
2017-12-31 07:05,4258
2017-12-31 07:10,4274
2017-12-31 07:15,4332
2017-12-31 07:20,4370
2017-12-31 07:25,4306
2017-12-31 07:30,4312
2017-12-31 07:35,4330
2017-12-31 07:40,4306
2017-12-31 07:45,4269
2017-12-31 07:50,4254
2017-12-31 07:55,4270
2017-12-31 08:00,4229
2017-12-31 08:05,4214
2017-12-31 08:10,4154
2017-12-31 08:15,4165
2017-12-31 08:20,4143
2017-12-31 08:25,4096
2017-12-31 08:30,4069
2017-12-31 08:35,4050
2017-12-31 08:40,4025
2017-12-31 08:45,4001
2017-12-31 08:50,4021
2017-12-31 08:55,4018
2017-12-31 09:00,3985
2017-12-31 09:05,4054
2017-12-31 09:10,4122
2017-12-31 09:15,4197
2017-12-31 09:20,4224
2017-12-31 09:25,4264
2017-12-31 09:30,4276
2017-12-31 09:35,4274
2017-12-31 09:40,4327
2017-12-31 09:45,4381
2017-12-31 09:50,0
2017-12-31 09:55,4459
2017-12-31 10:00,4497
2017-12-31 10:05,4569
2017-12-31 10:10,4617
2017-12-31 10:15,4664
2017-12-31 10:20,4720
2017-12-31 10:25,4800
2017-12-31 10:30,4807
2017-12-31 10:35,4853
2017-12-31 10:40,4891
2017-12-31 10:45,4966
2017-12-31 10:50,4992
2017-12-31 10:55,5041
2017-12-31 11:00,5058
2017-12-31 11:05,5132
2017-12-31 11:10,5220
2017-12-31 11:15,5276
2017-12-31 11:20,5322
2017-12-31 11:25,5419
2017-12-31 11:30,5507
2017-12-31 11:35,5603
2017-12-31 11:40,5704
2017-12-31 11:45,5729
2017-12-31 11:50,5756
2017-12-31 11:55,5763
2017-12-31 12:00,5862
2017-12-31 12:05,5969
2017-12-31 12:10,5972
2017-12-31 12:15,6048
2017-12-31 12:20,6099
2017-12-31 12:25,6137
2017-12-31 12:30,6223
2017-12-31 12:35,6259
2017-12-31 12:40,6368
2017-12-31 12:45,6448
2017-12-31 12:50,6525
2017-12-31 12:55,6593
2017-12-31 13:00,6552
2017-12-31 13:05,6567
2017-12-31 13:10,6673
2017-12-31 13:15,6705
2017-12-31 13:20,6801
2017-12-31 13:25,6893
2017-12-31 13:30,6983
2017-12-31 13:35,7005
2017-12-31 13:40,7061
2017-12-31 13:45,7164
2017-12-31 13:50,7244
2017-12-31 13:55,7230
2017-12-31 14:00,7284
2017-12-31 14:05,7380
2017-12-31 14:10,7473
2017-12-31 14:15,7560
2017-12-31 14:20,7617
2017-12-31 14:25,7606
2017-12-31 14:30,7704
2017-12-31 14:35,7776
2017-12-31 14:40,7835
2017-12-31 14:45,7915
2017-12-31 14:50,8016
2017-12-31 14:55,8005
2017-12-31 15:00,8028
2017-12-31 15:05,8041
2017-12-31 15:10,8136
2017-12-31 15:15,8210
2017-12-31 15:20,8264
2017-12-31 15:25,8355
2017-12-31 15:30,8333
2017-12-31 15:35,8329
2017-12-31 15:40,8422
2017-12-31 15:45,8450
2017-12-31 15:50,8539
2017-12-31 15:55,8543
2017-12-31 16:00,8528
2017-12-31 16:05,8579
2017-12-31 16:10,8598
2017-12-31 16:15,8627
2017-12-31 16:20,8668
2017-12-31 16:25,8734
2017-12-31 16:30,8771
2017-12-31 16:35,8746
2017-12-31 16:40,8795
2017-12-31 16:45,8841
2017-12-31 16:50,8855
2017-12-31 16:55,8941
2017-12-31 17:00,8969
2017-12-31 17:05,8987
2017-12-31 17:10,9021
2017-12-31 17:15,9020
2017-12-31 17:20,9038
2017-12-31 17:25,9017
2017-12-31 17:30,8981
2017-12-31 17:35,9009
2017-12-31 17:40,9007
2017-12-31 17:45,9008
2017-12-31 17:50,9035
2017-12-31 17:55,9001
2017-12-31 18:00,9019
2017-12-31 18:05,9024
2017-12-31 18:10,9043
2017-12-31 18:15,9093
2017-12-31 18:20,9077
2017-12-31 18:25,9081
2017-12-31 18:30,9031
2017-12-31 18:35,9010
2017-12-31 18:40,8981
2017-12-31 18:45,8936
2017-12-31 18:50,8901
2017-12-31 18:55,8949
2017-12-31 19:00,8978
2017-12-31 19:05,8966
2017-12-31 19:10,8988
2017-12-31 19:15,9046
2017-12-31 19:20,9070
2017-12-31 19:25,9100
2017-12-31 19:30,9151
2017-12-31 19:35,9186
2017-12-31 19:40,9160
2017-12-31 19:45,9143
2017-12-31 19:50,9192
2017-12-31 19:55,9185
2017-12-31 20:00,9234
2017-12-31 20:05,9243
2017-12-31 20:10,9231
2017-12-31 20:15,9169
2017-12-31 20:20,9229
2017-12-31 20:25,9134
2017-12-31 20:30,9118
2017-12-31 20:35,9075
2017-12-31 20:40,9046
2017-12-31 20:45,9003
2017-12-31 20:50,8983
2017-12-31 20:55,8946
2017-12-31 21:00,8890
2017-12-31 21:05,8809
2017-12-31 21:10,8805
2017-12-31 21:15,8775
2017-12-31 21:20,8784
2017-12-31 21:25,8799
2017-12-31 21:30,8752
2017-12-31 21:35,8700
2017-12-31 21:40,8656
2017-12-31 21:45,8710
2017-12-31 21:50,8618
2017-12-31 21:55,8590
2017-12-31 22:00,8525
2017-12-31 22:05,8468
2017-12-31 22:10,8491
2017-12-31 22:15,8509
2017-12-31 22:20,8437
2017-12-31 22:25,8384
2017-12-31 22:30,8351
2017-12-31 22:35,8333
2017-12-31 22:40,8255
2017-12-31 22:45,8226
2017-12-31 22:50,8140
2017-12-31 22:55,8026
2017-12-31 23:00,7920
2017-12-31 23:05,7812
2017-12-31 23:10,7809
2017-12-31 23:15,7766
2017-12-31 23:20,7750
2017-12-31 23:25,7702
2017-12-31 23:30,7714
2017-12-31 23:35,7692
2017-12-31 23:40,7647
2017-12-31 23:45,7644
2017-12-31 23:50,7599
2017-12-31 23:55,7547
2018-01-01 00:00,7480
2018-01-01 00:05,7414
2018-01-01 00:10,7375
2018-01-01 00:15,7281
2018-01-01 00:20,7250
2018-01-01 00:25,7246
2018-01-01 00:30,7250
2018-01-01 00:35,7221
2018-01-01 00:40,7205
2018-01-01 00:45,7146
2018-01-01 00:50,7069
2018-01-01 00:55,7027
2018-01-01 01:00,6961
2018-01-01 01:05,6773
2018-01-01 01:10,6759
2018-01-01 01:15,6773
2018-01-01 01:20,6795
2018-01-01 01:25,6699
2018-01-01 01:30,6664
2018-01-01 01:35,6677
2018-01-01 01:40,6632
2018-01-01 01:45,6571
2018-01-01 01:50,6546
2018-01-01 01:55,6510
2018-01-01 02:00,6465
2018-01-01 02:05,6462
2018-01-01 02:10,6446
2018-01-01 02:15,6414
2018-01-01 02:20,6385
2018-01-01 02:25,6418
2018-01-01 02:30,6353
2018-01-01 02:35,6351
2018-01-01 02:40,6322
2018-01-01 02:45,6316
2018-01-01 02:50,6286
2018-01-01 02:55,6258
2018-01-01 03:00,6259
2018-01-01 03:05,6182
2018-01-01 03:10,6127
2018-01-01 03:15,6067
2018-01-01 03:20,6012
2018-01-01 03:25,5990
2018-01-01 03:30,5934
2018-01-01 03:35,5942
2018-01-01 03:40,5876
2018-01-01 03:45,5815
2018-01-01 03:50,5806
2018-01-01 03:55,5767
2018-01-01 04:00,5732
2018-01-01 04:05,5698
2018-01-01 04:10,5674
2018-01-01 04:15,5622
2018-01-01 04:20,5609
2018-01-01 04:25,5584
2018-01-01 04:30,5588
2018-01-01 04:35,5500
2018-01-01 04:40,5483
2018-01-01 04:45,5423
2018-01-01 04:50,5305
2018-01-01 04:55,5282
2018-01-01 05:00,5203
2018-01-01 05:05,5118
2018-01-01 05:10,5136
2018-01-01 05:15,5131
2018-01-01 05:20,5042
2018-01-01 05:25,4997
2018-01-01 05:30,4968
2018-01-01 05:35,4983
2018-01-01 05:40,4980
2018-01-01 05:45,5004
2018-01-01 05:50,4991
2018-01-01 05:55,5001
2018-01-01 06:00,4978
2018-01-01 06:05,4989
2018-01-01 06:10,4973
2018-01-01 06:15,4997
2018-01-01 06:20,5024
2018-01-01 06:25,5007
2018-01-01 06:30,4977
2018-01-01 06:35,4941
2018-01-01 06:40,4924
2018-01-01 06:45,4869
2018-01-01 06:50,4834
2018-01-01 06:55,4879
2018-01-01 07:00,4824
2018-01-01 07:05,4760
2018-01-01 07:10,4734
2018-01-01 07:15,4706
2018-01-01 07:20,4690
2018-01-01 07:25,4615
2018-01-01 07:30,4558
2018-01-01 07:35,0
2018-01-01 07:40,4518
2018-01-01 07:45,4488
2018-01-01 07:50,4413
2018-01-01 07:55,4356
2018-01-01 08:00,4320
2018-01-01 08:05,4285
2018-01-01 08:10,4211
2018-01-01 08:15,4151
2018-01-01 08:20,4120
2018-01-01 08:25,4055
2018-01-01 08:30,3976
2018-01-01 08:35,3955
2018-01-01 08:40,3953
2018-01-01 08:45,3937
2018-01-01 08:50,3904
2018-01-01 08:55,3856
2018-01-01 09:00,3852
2018-01-01 09:05,3859
2018-01-01 09:10,3881
2018-01-01 09:15,3881
2018-01-01 09:20,3891
2018-01-01 09:25,3897
2018-01-01 09:30,3915
2018-01-01 09:35,3955
2018-01-01 09:40,4000
2018-01-01 09:45,4004
2018-01-01 09:50,4012
2018-01-01 09:55,4041
2018-01-01 10:00,4066
2018-01-01 10:05,4103
2018-01-01 10:10,4086
2018-01-01 10:15,4081
2018-01-01 10:20,4096
2018-01-01 10:25,4143
2018-01-01 10:30,4166
2018-01-01 10:35,4199
2018-01-01 10:40,4193
2018-01-01 10:45,4326
2018-01-01 10:50,4349
2018-01-01 10:55,4401
2018-01-01 11:00,4436
2018-01-01 11:05,4486
2018-01-01 11:10,4472
2018-01-01 11:15,4503
2018-01-01 11:20,4574
2018-01-01 11:25,4646
2018-01-01 11:30,4710
2018-01-01 11:35,4744
2018-01-01 11:40,4777
2018-01-01 11:45,4846
2018-01-01 11:50,4846
2018-01-01 11:55,4966
2018-01-01 12:00,5017
2018-01-01 12:05,5070
2018-01-01 12:10,5150
2018-01-01 12:15,5194
2018-01-01 12:20,5296
2018-01-01 12:25,5342
2018-01-01 12:30,5418
2018-01-01 12:35,5413
2018-01-01 12:40,5462
2018-01-01 12:45,5531
2018-01-01 12:50,5584
2018-01-01 12:55,5645
2018-01-01 13:00,5671
2018-01-01 13:05,5758
2018-01-01 13:10,5886
2018-01-01 13:15,5893
2018-01-01 13:20,5975
2018-01-01 13:25,6049
2018-01-01 13:30,6130
2018-01-01 13:35,6163
2018-01-01 13:40,6194
2018-01-01 13:45,6249
2018-01-01 13:50,6287
2018-01-01 13:55,6341
2018-01-01 14:00,6420
2018-01-01 14:05,6445
2018-01-01 14:10,6491
2018-01-01 14:15,6590
2018-01-01 14:20,6661
2018-01-01 14:25,6790
2018-01-01 14:30,6839
2018-01-01 14:35,6917
2018-01-01 14:40,7020
2018-01-01 14:45,7111
2018-01-01 14:50,7115
2018-01-01 14:55,7247
2018-01-01 15:00,7295
2018-01-01 15:05,7431
2018-01-01 15:10,7519
2018-01-01 15:15,7625
2018-01-01 15:20,7713
2018-01-01 15:25,7825
2018-01-01 15:30,7840
2018-01-01 15:35,7971
2018-01-01 15:40,8105
2018-01-01 15:45,8200
2018-01-01 15:50,8274
2018-01-01 15:55,8365
2018-01-01 16:00,8484
2018-01-01 16:05,8590
2018-01-01 16:10,8665
2018-01-01 16:15,8795
2018-01-01 16:20,8920
2018-01-01 16:25,8965
2018-01-01 16:30,9048
2018-01-01 16:35,9095
2018-01-01 16:40,9208
2018-01-01 16:45,9270
2018-01-01 16:50,9300
2018-01-01 16:55,9373
2018-01-01 17:00,9414
2018-01-01 17:05,9500
2018-01-01 17:10,9629
2018-01-01 17:15,9729
2018-01-01 17:20,9815
2018-01-01 17:25,9881
2018-01-01 17:30,9939
2018-01-01 17:35,10024
2018-01-01 17:40,10035
2018-01-01 17:45,10087
2018-01-01 17:50,10120
2018-01-01 17:55,10155
2018-01-01 18:00,10252
2018-01-01 18:05,10293
2018-01-01 18:10,10393
2018-01-01 18:15,10499
2018-01-01 18:20,10617
2018-01-01 18:25,10713
2018-01-01 18:30,10799
2018-01-01 18:35,10867
2018-01-01 18:40,10971
2018-01-01 18:45,11015
2018-01-01 18:50,11086
2018-01-01 18:55,11152
2018-01-01 19:00,11235
2018-01-01 19:05,11256
2018-01-01 19:10,11305
2018-01-01 19:15,11415
2018-01-01 19:20,11443
2018-01-01 19:25,11531
2018-01-01 19:30,11611
2018-01-01 19:35,11626
2018-01-01 19:40,11681
2018-01-01 19:45,11734
2018-01-01 19:50,11771
2018-01-01 19:55,11772
2018-01-01 20:00,11808
2018-01-01 20:05,11897
2018-01-01 20:10,11917
2018-01-01 20:15,11929
2018-01-01 20:20,11933
2018-01-01 20:25,11961
2018-01-01 20:30,11959
2018-01-01 20:35,11962
2018-01-01 20:40,12001
2018-01-01 20:45,11970
2018-01-01 20:50,11945
2018-01-01 20:55,11939
2018-01-01 21:00,11912
2018-01-01 21:05,11861
2018-01-01 21:10,11846
2018-01-01 21:15,11826
2018-01-01 21:20,11905
2018-01-01 21:25,11840
2018-01-01 21:30,11852
2018-01-01 21:35,11768
2018-01-01 21:40,11779
2018-01-01 21:45,11661
2018-01-01 21:50,11580
2018-01-01 21:55,11564
2018-01-01 22:00,11523
2018-01-01 22:05,11531
2018-01-01 22:10,11474
2018-01-01 22:15,11397
2018-01-01 22:20,11293
2018-01-01 22:25,11273
2018-01-01 22:30,11151
2018-01-01 22:35,11056
2018-01-01 22:40,10990
2018-01-01 22:45,10956
2018-01-01 22:50,10873
2018-01-01 22:55,10821
2018-01-01 23:00,10700
2018-01-01 23:05,10615
2018-01-01 23:10,10536
2018-01-01 23:15,10439
2018-01-01 23:20,10407
2018-01-01 23:25,10368
2018-01-01 23:30,10283
2018-01-01 23:35,10174
2018-01-01 23:40,10113
2018-01-01 23:45,10038
2018-01-01 23:50,9928
2018-01-01 23:55,9850
2018-01-02 00:00,9799
2018-01-02 00:05,9749
2018-01-02 00:10,9662
2018-01-02 00:15,9624
2018-01-02 00:20,9579
2018-01-02 00:25,9559
2018-01-02 00:30,9477
2018-01-02 00:35,9475
2018-01-02 00:40,9385
2018-01-02 00:45,9321
2018-01-02 00:50,9274
2018-01-02 00:55,9194
2018-01-02 01:00,9067
2018-01-02 01:05,9029
2018-01-02 01:10,8999
2018-01-02 01:15,8959
2018-01-02 01:20,8910
2018-01-02 01:25,8876
2018-01-02 01:30,0
2018-01-02 01:35,8784
2018-01-02 01:40,8797
2018-01-02 01:45,8749
2018-01-02 01:50,8705
2018-01-02 01:55,8748
2018-01-02 02:00,8688
2018-01-02 02:05,8621
2018-01-02 02:10,8510
2018-01-02 02:15,8449
2018-01-02 02:20,8385
2018-01-02 02:25,8327
2018-01-02 02:30,8270
2018-01-02 02:35,8198
2018-01-02 02:40,8109
2018-01-02 02:45,8099
2018-01-02 02:50,8089
2018-01-02 02:55,8053
2018-01-02 03:00,8030
2018-01-02 03:05,7934
2018-01-02 03:10,7918
2018-01-02 03:15,7901
2018-01-02 03:20,7838
2018-01-02 03:25,7749
2018-01-02 03:30,7749
2018-01-02 03:35,7674
2018-01-02 03:40,7600
2018-01-02 03:45,7610
2018-01-02 03:50,7539
2018-01-02 03:55,7478
2018-01-02 04:00,7391
2018-01-02 04:05,7281
2018-01-02 04:10,7236
2018-01-02 04:15,7161
2018-01-02 04:20,7124
2018-01-02 04:25,7032
2018-01-02 04:30,6899
2018-01-02 04:35,6836
2018-01-02 04:40,6821
2018-01-02 04:45,6715
2018-01-02 04:50,6591
2018-01-02 04:55,6530
2018-01-02 05:00,6421
2018-01-02 05:05,6310
2018-01-02 05:10,6231
2018-01-02 05:15,6149
2018-01-02 05:20,6095
2018-01-02 05:25,6110
2018-01-02 05:30,6048
2018-01-02 05:35,5927
2018-01-02 05:40,5832
2018-01-02 05:45,5735
2018-01-02 05:50,5643
2018-01-02 05:55,5613
2018-01-02 06:00,5558
2018-01-02 06:05,5469
2018-01-02 06:10,5406
2018-01-02 06:15,5308
2018-01-02 06:20,5235
2018-01-02 06:25,5165
2018-01-02 06:30,5071
2018-01-02 06:35,5011
2018-01-02 06:40,4923
2018-01-02 06:45,4836
2018-01-02 06:50,4753
2018-01-02 06:55,4658
2018-01-02 07:00,4587
2018-01-02 07:05,4525
2018-01-02 07:10,4440
2018-01-02 07:15,4338
2018-01-02 07:20,4295
2018-01-02 07:25,4233
2018-01-02 07:30,4206
2018-01-02 07:35,4217
2018-01-02 07:40,4142
2018-01-02 07:45,4102
2018-01-02 07:50,4066
2018-01-02 07:55,4021
2018-01-02 08:00,4011
2018-01-02 08:05,3989
2018-01-02 08:10,3938
2018-01-02 08:15,3931
2018-01-02 08:20,3913
2018-01-02 08:25,3892
2018-01-02 08:30,3883
2018-01-02 08:35,3814
2018-01-02 08:40,3793
2018-01-02 08:45,3767
2018-01-02 08:50,3735
2018-01-02 08:55,3737
2018-01-02 09:00,3698
2018-01-02 09:05,3701
2018-01-02 09:10,3769
2018-01-02 09:15,3796
2018-01-02 09:20,3828
2018-01-02 09:25,3853
2018-01-02 09:30,3890
2018-01-02 09:35,3973
2018-01-02 09:40,4002
2018-01-02 09:45,4058
2018-01-02 09:50,4129
2018-01-02 09:55,4188
2018-01-02 10:00,4194
2018-01-02 10:05,4233
2018-01-02 10:10,4269
2018-01-02 10:15,4301
2018-01-02 10:20,4354
2018-01-02 10:25,4378
2018-01-02 10:30,4426
2018-01-02 10:35,4480
2018-01-02 10:40,4524
2018-01-02 10:45,4623
2018-01-02 10:50,4661
2018-01-02 10:55,4760
2018-01-02 11:00,4791
2018-01-02 11:05,4841
2018-01-02 11:10,4915
2018-01-02 11:15,4944
2018-01-02 11:20,5027
2018-01-02 11:25,5116
2018-01-02 11:30,5192
2018-01-02 11:35,5227
2018-01-02 11:40,5331
2018-01-02 11:45,5377
2018-01-02 11:50,5453
2018-01-02 11:55,5508
2018-01-02 12:00,5610
2018-01-02 12:05,5665
2018-01-02 12:10,5747
2018-01-02 12:15,5795
2018-01-02 12:20,5960
2018-01-02 12:25,6011
2018-01-02 12:30,6102
2018-01-02 12:35,6199
2018-01-02 12:40,6230
2018-01-02 12:45,6288
2018-01-02 12:50,6351
2018-01-02 12:55,6439
2018-01-02 13:00,6507
2018-01-02 13:05,6605
2018-01-02 13:10,6673
2018-01-02 13:15,6722
2018-01-02 13:20,6753
2018-01-02 13:25,6767
2018-01-02 13:30,6845
2018-01-02 13:35,6882
2018-01-02 13:40,6952
2018-01-02 13:45,7030
2018-01-02 13:50,7137
2018-01-02 13:55,7174
2018-01-02 14:00,7237
2018-01-02 14:05,7323
2018-01-02 14:10,7379
2018-01-02 14:15,7506
2018-01-02 14:20,7589
2018-01-02 14:25,7673
2018-01-02 14:30,7797
2018-01-02 14:35,7924
2018-01-02 14:40,7960
2018-01-02 14:45,8002
2018-01-02 14:50,8078
2018-01-02 14:55,8153
2018-01-02 15:00,8224
2018-01-02 15:05,8243
2018-01-02 15:10,8336
2018-01-02 15:15,8409
2018-01-02 15:20,8521
2018-01-02 15:25,8590
2018-01-02 15:30,8588
2018-01-02 15:35,8551
2018-01-02 15:40,8651
2018-01-02 15:45,8695
2018-01-02 15:50,8764
2018-01-02 15:55,8822
2018-01-02 16:00,8926
2018-01-02 16:05,8909
2018-01-02 16:10,9027
2018-01-02 16:15,9104
2018-01-02 16:20,9255
2018-01-02 16:25,9350
2018-01-02 16:30,9458
2018-01-02 16:35,9602
2018-01-02 16:40,9651
2018-01-02 16:45,9681
2018-01-02 16:50,9737
2018-01-02 16:55,9789
2018-01-02 17:00,9874
2018-01-02 17:05,9989
2018-01-02 17:10,10018
2018-01-02 17:15,10015
2018-01-02 17:20,10077
2018-01-02 17:25,10166
2018-01-02 17:30,10209
2018-01-02 17:35,10314
2018-01-02 17:40,10398
2018-01-02 17:45,10490
2018-01-02 17:50,10627
2018-01-02 17:55,10748
2018-01-02 18:00,10772
2018-01-02 18:05,10812
2018-01-02 18:10,10865
2018-01-02 18:15,10909
2018-01-02 18:20,10999
2018-01-02 18:25,11055
2018-01-02 18:30,11217
2018-01-02 18:35,11285
2018-01-02 18:40,11374
2018-01-02 18:45,11451
2018-01-02 18:50,11441
2018-01-02 18:55,11464
2018-01-02 19:00,11550
2018-01-02 19:05,11605
2018-01-02 19:10,11651
2018-01-02 19:15,11696
2018-01-02 19:20,11715
2018-01-02 19:25,11796
2018-01-02 19:30,11825
2018-01-02 19:35,11880
2018-01-02 19:40,11911
2018-01-02 19:45,11901
2018-01-02 19:50,11879
2018-01-02 19:55,11932
2018-01-02 20:00,11946
2018-01-02 20:05,11936
2018-01-02 20:10,11989
2018-01-02 20:15,12003
2018-01-02 20:20,12070
2018-01-02 20:25,12120
2018-01-02 20:30,12131
2018-01-02 20:35,12216
2018-01-02 20:40,12212
2018-01-02 20:45,12203
2018-01-02 20:50,12217
2018-01-02 20:55,12155
2018-01-02 21:00,12147
2018-01-02 21:05,12109
2018-01-02 21:10,12099
2018-01-02 21:15,12090
2018-01-02 21:20,12107
2018-01-02 21:25,12002
2018-01-02 21:30,11989
2018-01-02 21:35,11973
2018-01-02 21:40,11920
2018-01-02 21:45,11879
2018-01-02 21:50,11839
2018-01-02 21:55,11782
2018-01-02 22:00,11744
2018-01-02 22:05,11673
2018-01-02 22:10,11557
2018-01-02 22:15,11497
2018-01-02 22:20,11402
2018-01-02 22:25,11337
2018-01-02 22:30,11261
2018-01-02 22:35,11193
2018-01-02 22:40,11109
2018-01-02 22:45,11001
2018-01-02 22:50,10926
2018-01-02 22:55,10840
2018-01-02 23:00,10712
2018-01-02 23:05,10705
2018-01-02 23:10,10664
2018-01-02 23:15,0
2018-01-02 23:20,10617
2018-01-02 23:25,10469
2018-01-02 23:30,10423
2018-01-02 23:35,10342
2018-01-02 23:40,10267
2018-01-02 23:45,10189
2018-01-02 23:50,10129
2018-01-02 23:55,10041
2018-01-03 00:00,9945
2018-01-03 00:05,9930
2018-01-03 00:10,9799
2018-01-03 00:15,9763
2018-01-03 00:20,9651
2018-01-03 00:25,9608
2018-01-03 00:30,9607
2018-01-03 00:35,9526
2018-01-03 00:40,9467
2018-01-03 00:45,9432
2018-01-03 00:50,9402
2018-01-03 00:55,9358
2018-01-03 01:00,9258
2018-01-03 01:05,9242
2018-01-03 01:10,9155
2018-01-03 01:15,9133
2018-01-03 01:20,9084
2018-01-03 01:25,9070
2018-01-03 01:30,8980
2018-01-03 01:35,8910
2018-01-03 01:40,8829
2018-01-03 01:45,8810
2018-01-03 01:50,8694
2018-01-03 01:55,8650
2018-01-03 02:00,8602
2018-01-03 02:05,8577
2018-01-03 02:10,8533
2018-01-03 02:15,8517
2018-01-03 02:20,8515
2018-01-03 02:25,8437
2018-01-03 02:30,8403
2018-01-03 02:35,8325
2018-01-03 02:40,8291
2018-01-03 02:45,8273
2018-01-03 02:50,8194
2018-01-03 02:55,8091
2018-01-03 03:00,8016
2018-01-03 03:05,7940
2018-01-03 03:10,7860
2018-01-03 03:15,7778
2018-01-03 03:20,7754
2018-01-03 03:25,7722
2018-01-03 03:30,7657
2018-01-03 03:35,7527
2018-01-03 03:40,7444
2018-01-03 03:45,7356
2018-01-03 03:50,7318
2018-01-03 03:55,7304
2018-01-03 04:00,7233
2018-01-03 04:05,7187
2018-01-03 04:10,7113
2018-01-03 04:15,7019
2018-01-03 04:20,7001
2018-01-03 04:25,6943
2018-01-03 04:30,6931
2018-01-03 04:35,6819
2018-01-03 04:40,6741
2018-01-03 04:45,6686
2018-01-03 04:50,6574
2018-01-03 04:55,6496
2018-01-03 05:00,6431
2018-01-03 05:05,6350
2018-01-03 05:10,6283
2018-01-03 05:15,6178
2018-01-03 05:20,6088
2018-01-03 05:25,6069
2018-01-03 05:30,5980
2018-01-03 05:35,5870
2018-01-03 05:40,5772
2018-01-03 05:45,5713
2018-01-03 05:50,5633
2018-01-03 05:55,5606
2018-01-03 06:00,5493
2018-01-03 06:05,5429
2018-01-03 06:10,5315
2018-01-03 06:15,5260
2018-01-03 06:20,5207
2018-01-03 06:25,5098
2018-01-03 06:30,5053
2018-01-03 06:35,4960
2018-01-03 06:40,4850
2018-01-03 06:45,4775
2018-01-03 06:50,4744
2018-01-03 06:55,4660
2018-01-03 07:00,4603
2018-01-03 07:05,4507
2018-01-03 07:10,4460
2018-01-03 07:15,4360
2018-01-03 07:20,4311
2018-01-03 07:25,4244
2018-01-03 07:30,4216
2018-01-03 07:35,4093
2018-01-03 07:40,3980
2018-01-03 07:45,3889
2018-01-03 07:50,3818
2018-01-03 07:55,3750
2018-01-03 08:00,3700
2018-01-03 08:05,3616
2018-01-03 08:10,3522
2018-01-03 08:15,3467
2018-01-03 08:20,3346
2018-01-03 08:25,3318
2018-01-03 08:30,3280
2018-01-03 08:35,2967
2018-01-03 08:40,2346
2018-01-03 08:45,1887
2018-01-03 08:50,1548
2018-01-03 08:55,1249
2018-01-03 09:00,1094
2018-01-03 09:05,1021
2018-01-03 09:10,961
2018-01-03 09:15,924
2018-01-03 09:20,934
2018-01-03 09:25,1032
2018-01-03 09:30,1476
2018-01-03 09:35,1812
2018-01-03 09:40,2137
2018-01-03 09:45,2408
2018-01-03 09:50,2667
2018-01-03 09:55,2847
2018-01-03 10:00,3073
2018-01-03 10:05,3314
2018-01-03 10:10,3482
2018-01-03 10:15,3678
2018-01-03 10:20,3813
2018-01-03 10:25,3939
2018-01-03 10:30,4063
2018-01-03 10:35,4158
2018-01-03 10:40,4299
2018-01-03 10:45,4403
2018-01-03 10:50,4491
2018-01-03 10:55,4600
2018-01-03 11:00,4664
2018-01-03 11:05,4731
2018-01-03 11:10,4795
2018-01-03 11:15,4854
2018-01-03 11:20,4933
2018-01-03 11:25,5026
2018-01-03 11:30,5125
2018-01-03 11:35,5176
2018-01-03 11:40,5249
2018-01-03 11:45,5363
2018-01-03 11:50,5403
2018-01-03 11:55,5452
2018-01-03 12:00,5502
2018-01-03 12:05,5586
2018-01-03 12:10,5639
2018-01-03 12:15,5751
2018-01-03 12:20,5771
2018-01-03 12:25,5763
2018-01-03 12:30,5855
2018-01-03 12:35,5916
2018-01-03 12:40,5950
2018-01-03 12:45,6009
2018-01-03 12:50,6026
2018-01-03 12:55,6059
2018-01-03 13:00,6089
2018-01-03 13:05,6139
2018-01-03 13:10,6237
2018-01-03 13:15,6321
2018-01-03 13:20,6356
2018-01-03 13:25,6423
2018-01-03 13:30,6496
2018-01-03 13:35,6549
2018-01-03 13:40,6626
2018-01-03 13:45,6694
2018-01-03 13:50,6759
2018-01-03 13:55,6817
2018-01-03 14:00,6907
2018-01-03 14:05,6941
2018-01-03 14:10,7055
2018-01-03 14:15,7108
2018-01-03 14:20,7185
2018-01-03 14:25,7203
2018-01-03 14:30,7284
2018-01-03 14:35,7440
2018-01-03 14:40,7498
2018-01-03 14:45,7623
2018-01-03 14:50,7687
2018-01-03 14:55,7800
2018-01-03 15:00,7906
2018-01-03 15:05,8004
2018-01-03 15:10,8094
2018-01-03 15:15,8207
2018-01-03 15:20,8275
2018-01-03 15:25,8350
2018-01-03 15:30,8391
2018-01-03 15:35,0
2018-01-03 15:40,8494
2018-01-03 15:45,8513
2018-01-03 15:50,8581
2018-01-03 15:55,8625
2018-01-03 16:00,8741
2018-01-03 16:05,8860
2018-01-03 16:10,8919
2018-01-03 16:15,9041
2018-01-03 16:20,9131
2018-01-03 16:25,9208
2018-01-03 16:30,9225
2018-01-03 16:35,9283
2018-01-03 16:40,9364
2018-01-03 16:45,9434
2018-01-03 16:50,9541
2018-01-03 16:55,9555
2018-01-03 17:00,9602
2018-01-03 17:05,9711
2018-01-03 17:10,9785
2018-01-03 17:15,9922
2018-01-03 17:20,10026
2018-01-03 17:25,10119
2018-01-03 17:30,10190
2018-01-03 17:35,10240
2018-01-03 17:40,10305
2018-01-03 17:45,10336
2018-01-03 17:50,10401
2018-01-03 17:55,10464
2018-01-03 18:00,10544
2018-01-03 18:05,10621
2018-01-03 18:10,10625
2018-01-03 18:15,10658
2018-01-03 18:20,10735
2018-01-03 18:25,10779
2018-01-03 18:30,10873
2018-01-03 18:35,10944
2018-01-03 18:40,11012
2018-01-03 18:45,11098
2018-01-03 18:50,11216
2018-01-03 18:55,11298
2018-01-03 19:00,11371
2018-01-03 19:05,11416
2018-01-03 19:10,11493
2018-01-03 19:15,11468
2018-01-03 19:20,11508
2018-01-03 19:25,11514
2018-01-03 19:30,11523
2018-01-03 19:35,11489
2018-01-03 19:40,11529
2018-01-03 19:45,11642
2018-01-03 19:50,11812
2018-01-03 19:55,12031
2018-01-03 20:00,12203
2018-01-03 20:05,12339
2018-01-03 20:10,12464
2018-01-03 20:15,12510
2018-01-03 20:20,12539
2018-01-03 20:25,12611
2018-01-03 20:30,12633
2018-01-03 20:35,12584
2018-01-03 20:40,12662
2018-01-03 20:45,12709
2018-01-03 20:50,12705
2018-01-03 20:55,12717
2018-01-03 21:00,12522
2018-01-03 21:05,12458
2018-01-03 21:10,12362
2018-01-03 21:15,12272
2018-01-03 21:20,12594
2018-01-03 21:25,12886
2018-01-03 21:30,13207
2018-01-03 21:35,13369
2018-01-03 21:40,13555
2018-01-03 21:45,13581
2018-01-03 21:50,13596
2018-01-03 21:55,13500
2018-01-03 22:00,13484
2018-01-03 22:05,13403
2018-01-03 22:10,13291
2018-01-03 22:15,13272
2018-01-03 22:20,13162
2018-01-03 22:25,13072
2018-01-03 22:30,12969
2018-01-03 22:35,12924
2018-01-03 22:40,12904
2018-01-03 22:45,12919
2018-01-03 22:50,12873
2018-01-03 22:55,12807
2018-01-03 23:00,12746
2018-01-03 23:05,12619
2018-01-03 23:10,13037
2018-01-03 23:15,12949
2018-01-03 23:20,12817
2018-01-03 23:25,12750
2018-01-03 23:30,12690
2018-01-03 23:35,12653
2018-01-03 23:40,12588
2018-01-03 23:45,12615
2018-01-03 23:50,12543
2018-01-03 23:55,12488
2018-01-04 00:00,12412
2018-01-04 00:05,12274
2018-01-04 00:10,12098
2018-01-04 00:15,11927
2018-01-04 00:20,11872
2018-01-04 00:25,11705
2018-01-04 00:30,12002
2018-01-04 00:35,11835
2018-01-04 00:40,11550
2018-01-04 00:45,11288
2018-01-04 00:50,11143
2018-01-04 00:55,11031
2018-01-04 01:00,10963
2018-01-04 01:05,10731
2018-01-04 01:10,10571
2018-01-04 01:15,10332
2018-01-04 01:20,10235
2018-01-04 01:25,10153
2018-01-04 01:30,10045
2018-01-04 01:35,9920
2018-01-04 01:40,9832
2018-01-04 01:45,9709
2018-01-04 01:50,9606
2018-01-04 01:55,9516
2018-01-04 02:00,9367
2018-01-04 02:05,9319
2018-01-04 02:10,9272
2018-01-04 02:15,9221
2018-01-04 02:20,9161
2018-01-04 02:25,9104
2018-01-04 02:30,9032
2018-01-04 02:35,8966
2018-01-04 02:40,8896
2018-01-04 02:45,8880
2018-01-04 02:50,8833
2018-01-04 02:55,8811
2018-01-04 03:00,8727
2018-01-04 03:05,8649
2018-01-04 03:10,8521
2018-01-04 03:15,8457
2018-01-04 03:20,8435
2018-01-04 03:25,8371
2018-01-04 03:30,8337
2018-01-04 03:35,8245
2018-01-04 03:40,8189
2018-01-04 03:45,8127
2018-01-04 03:50,8089
2018-01-04 03:55,8001
2018-01-04 04:00,7913
2018-01-04 04:05,7799
2018-01-04 04:10,7715
2018-01-04 04:15,7602
2018-01-04 04:20,7458
2018-01-04 04:25,7349
2018-01-04 04:30,7281
2018-01-04 04:35,7216
2018-01-04 04:40,7145
2018-01-04 04:45,7061
2018-01-04 04:50,7002
2018-01-04 04:55,6944
2018-01-04 05:00,6839
2018-01-04 05:05,6728
2018-01-04 05:10,6631
2018-01-04 05:15,6514
2018-01-04 05:20,6426
2018-01-04 05:25,6331
2018-01-04 05:30,6256
2018-01-04 05:35,6160
2018-01-04 05:40,6096
2018-01-04 05:45,5992
2018-01-04 05:50,5952
2018-01-04 05:55,5877
2018-01-04 06:00,5767
2018-01-04 06:05,5644
2018-01-04 06:10,5584
2018-01-04 06:15,5411
2018-01-04 06:20,5363
2018-01-04 06:25,5343
2018-01-04 06:30,5297
2018-01-04 06:35,5184
2018-01-04 06:40,5080
2018-01-04 06:45,4993
2018-01-04 06:50,4922
2018-01-04 06:55,4870
2018-01-04 07:00,4775
2018-01-04 07:05,4661
2018-01-04 07:10,4588
2018-01-04 07:15,4540
2018-01-04 07:20,4461
2018-01-04 07:25,4368
2018-01-04 07:30,4347
2018-01-04 07:35,4262
2018-01-04 07:40,4218
2018-01-04 07:45,4187
2018-01-04 07:50,4147
2018-01-04 07:55,4084
2018-01-04 08:00,4034
2018-01-04 08:05,4017
2018-01-04 08:10,3973
2018-01-04 08:15,3940
2018-01-04 08:20,3910
2018-01-04 08:25,3876
2018-01-04 08:30,3842
2018-01-04 08:35,3796
2018-01-04 08:40,3796
2018-01-04 08:45,3803
2018-01-04 08:50,3779
2018-01-04 08:55,3766
2018-01-04 09:00,3794
2018-01-04 09:05,3861
2018-01-04 09:10,3871
2018-01-04 09:15,3889
2018-01-04 09:20,3897
2018-01-04 09:25,3945
2018-01-04 09:30,3947
2018-01-04 09:35,3996
2018-01-04 09:40,4065
2018-01-04 09:45,4113
2018-01-04 09:50,4143
2018-01-04 09:55,4190
2018-01-04 10:00,4272
2018-01-04 10:05,4358
2018-01-04 10:10,4424
2018-01-04 10:15,4503
2018-01-04 10:20,4526
2018-01-04 10:25,4607
2018-01-04 10:30,4665
2018-01-04 10:35,4721
2018-01-04 10:40,4810
2018-01-04 10:45,4815
2018-01-04 10:50,4898
2018-01-04 10:55,4954
2018-01-04 11:00,5016
2018-01-04 11:05,5012
2018-01-04 11:10,5002
2018-01-04 11:15,5082
2018-01-04 11:20,5113
2018-01-04 11:25,5168
2018-01-04 11:30,5166
2018-01-04 11:35,5210
2018-01-04 11:40,5227
2018-01-04 11:45,5301
2018-01-04 11:50,5347
2018-01-04 11:55,5351
2018-01-04 12:00,5428
2018-01-04 12:05,5461
2018-01-04 12:10,5539
2018-01-04 12:15,5593
2018-01-04 12:20,5729
2018-01-04 12:25,5810
2018-01-04 12:30,5830
2018-01-04 12:35,5874
2018-01-04 12:40,5914
2018-01-04 12:45,5989
2018-01-04 12:50,6037
2018-01-04 12:55,6059
2018-01-04 13:00,6154
2018-01-04 13:05,6213
2018-01-04 13:10,6288
2018-01-04 13:15,6296
2018-01-04 13:20,6332
2018-01-04 13:25,6392
2018-01-04 13:30,6477
2018-01-04 13:35,6612
2018-01-04 13:40,6671
2018-01-04 13:45,6767
2018-01-04 13:50,6863
2018-01-04 13:55,6954
2018-01-04 14:00,0
2018-01-04 14:05,7111
2018-01-04 14:10,7232
2018-01-04 14:15,7332
2018-01-04 14:20,7498
2018-01-04 14:25,7589
2018-01-04 14:30,7707
2018-01-04 14:35,7856
2018-01-04 14:40,7917
2018-01-04 14:45,8054
2018-01-04 14:50,8151
2018-01-04 14:55,8260
2018-01-04 15:00,8363
2018-01-04 15:05,8469
2018-01-04 15:10,8575
2018-01-04 15:15,8766
2018-01-04 15:20,8830
2018-01-04 15:25,8937
2018-01-04 15:30,9068
2018-01-04 15:35,9207
2018-01-04 15:40,9259
2018-01-04 15:45,9320
2018-01-04 15:50,9493
2018-01-04 15:55,9538
2018-01-04 16:00,9683
2018-01-04 16:05,9793
2018-01-04 16:10,10081
2018-01-04 16:15,10330
2018-01-04 16:20,10809
2018-01-04 16:25,11176
2018-01-04 16:30,11444
2018-01-04 16:35,11812
2018-01-04 16:40,11961
2018-01-04 16:45,12026
2018-01-04 16:50,12110
2018-01-04 16:55,12203
2018-01-04 17:00,12346
2018-01-04 17:05,12412
2018-01-04 17:10,12594
2018-01-04 17:15,12753
2018-01-04 17:20,12774
2018-01-04 17:25,12841
2018-01-04 17:30,12952
2018-01-04 17:35,13039
2018-01-04 17:40,13123
2018-01-04 17:45,13231
2018-01-04 17:50,13241
2018-01-04 17:55,13258
2018-01-04 18:00,13343
2018-01-04 18:05,13801
2018-01-04 18:10,14094
2018-01-04 18:15,14306
2018-01-04 18:20,14413
2018-01-04 18:25,14435
2018-01-04 18:30,14532
2018-01-04 18:35,14693
2018-01-04 18:40,15352
2018-01-04 18:45,15364
2018-01-04 18:50,15552
2018-01-04 18:55,15552
2018-01-04 19:00,15558
2018-01-04 19:05,15642
2018-01-04 19:10,15704
2018-01-04 19:15,15768
2018-01-04 19:20,15806
2018-01-04 19:25,15869
2018-01-04 19:30,15871
2018-01-04 19:35,15869
2018-01-04 19:40,15860
2018-01-04 19:45,15856
2018-01-04 19:50,15837
2018-01-04 19:55,15792
2018-01-04 20:00,15742
2018-01-04 20:05,15715
2018-01-04 20:10,16167
2018-01-04 20:15,16222
2018-01-04 20:20,16045
2018-01-04 20:25,16063
2018-01-04 20:30,15963
2018-01-04 20:35,15923
2018-01-04 20:40,15953
2018-01-04 20:45,15903
2018-01-04 20:50,15833
2018-01-04 20:55,15851
2018-01-04 21:00,15747
2018-01-04 21:05,15678
2018-01-04 21:10,15598
2018-01-04 21:15,15596
2018-01-04 21:20,15633
2018-01-04 21:25,15624
2018-01-04 21:30,15564
2018-01-04 21:35,15507
2018-01-04 21:40,15367
2018-01-04 21:45,15255
2018-01-04 21:50,15207
2018-01-04 21:55,15013
2018-01-04 22:00,14990
2018-01-04 22:05,14949
2018-01-04 22:10,14786
2018-01-04 22:15,14899
2018-01-04 22:20,15108
2018-01-04 22:25,14990
2018-01-04 22:30,14770
2018-01-04 22:35,14690
2018-01-04 22:40,14567
2018-01-04 22:45,14482
2018-01-04 22:50,14307
2018-01-04 22:55,14175
2018-01-04 23:00,14013
2018-01-04 23:05,13858
2018-01-04 23:10,13830
2018-01-04 23:15,13724
2018-01-04 23:20,13509
2018-01-04 23:25,13394
2018-01-04 23:30,13297
2018-01-04 23:35,13181
2018-01-04 23:40,13056
2018-01-04 23:45,13298
2018-01-04 23:50,13314
2018-01-04 23:55,13050
2018-01-05 00:00,12816
2018-01-05 00:05,12617
2018-01-05 00:10,12473
2018-01-05 00:15,12309
2018-01-05 00:20,12124
2018-01-05 00:25,12010
2018-01-05 00:30,11866
2018-01-05 00:35,11751
2018-01-05 00:40,11631
2018-01-05 00:45,11465
2018-01-05 00:50,11370
2018-01-05 00:55,11264
2018-01-05 01:00,11098
2018-01-05 01:05,10975
2018-01-05 01:10,10845
2018-01-05 01:15,10776
2018-01-05 01:20,10693
2018-01-05 01:25,10568
2018-01-05 01:30,10569
2018-01-05 01:35,10478
2018-01-05 01:40,10363
2018-01-05 01:45,10311
2018-01-05 01:50,10228
2018-01-05 01:55,10108
2018-01-05 02:00,9994
2018-01-05 02:05,9827
2018-01-05 02:10,9758
2018-01-05 02:15,9711
2018-01-05 02:20,9661
2018-01-05 02:25,9531
2018-01-05 02:30,9447
2018-01-05 02:35,9385
2018-01-05 02:40,9354
2018-01-05 02:45,9287
2018-01-05 02:50,9238
2018-01-05 02:55,9166
2018-01-05 03:00,9080
2018-01-05 03:05,8987
2018-01-05 03:10,8978
2018-01-05 03:15,8949
2018-01-05 03:20,8908
2018-01-05 03:25,8886
2018-01-05 03:30,8847
2018-01-05 03:35,8781
2018-01-05 03:40,8751
2018-01-05 03:45,8686
2018-01-05 03:50,8549
2018-01-05 03:55,8478
2018-01-05 04:00,8377
2018-01-05 04:05,8233
2018-01-05 04:10,8147
2018-01-05 04:15,8052
2018-01-05 04:20,7952
2018-01-05 04:25,7916
2018-01-05 04:30,7781
2018-01-05 04:35,7763
2018-01-05 04:40,7633
2018-01-05 04:45,7534
2018-01-05 04:50,7457
2018-01-05 04:55,7337
2018-01-05 05:00,7244
2018-01-05 05:05,7151
2018-01-05 05:10,7042
2018-01-05 05:15,6982
2018-01-05 05:20,6924
2018-01-05 05:25,6865
2018-01-05 05:30,6822
2018-01-05 05:35,6731
2018-01-05 05:40,6678
2018-01-05 05:45,6531
2018-01-05 05:50,6471
2018-01-05 05:55,6373
2018-01-05 06:00,6284
2018-01-05 06:05,6178
2018-01-05 06:10,6035
2018-01-05 06:15,5911
2018-01-05 06:20,5819
2018-01-05 06:25,5718
2018-01-05 06:30,5606
2018-01-05 06:35,5515
2018-01-05 06:40,5447
2018-01-05 06:45,5351
2018-01-05 06:50,5306
2018-01-05 06:55,5217
2018-01-05 07:00,5109
2018-01-05 07:05,5053
2018-01-05 07:10,4951
2018-01-05 07:15,4926
2018-01-05 07:20,4885
2018-01-05 07:25,4791
2018-01-05 07:30,4765
2018-01-05 07:35,4691
2018-01-05 07:40,4560
2018-01-05 07:45,4499
2018-01-05 07:50,4481
2018-01-05 07:55,4440
2018-01-05 08:00,4385
2018-01-05 08:05,4304
2018-01-05 08:10,4224
2018-01-05 08:15,4154
2018-01-05 08:20,4131
2018-01-05 08:25,4096
2018-01-05 08:30,4050
2018-01-05 08:35,4015
2018-01-05 08:40,4020
2018-01-05 08:45,3996
2018-01-05 08:50,3970
2018-01-05 08:55,3996
2018-01-05 09:00,3938
2018-01-05 09:05,4024
2018-01-05 09:10,4074
2018-01-05 09:15,4090
2018-01-05 09:20,4134
2018-01-05 09:25,4181
2018-01-05 09:30,4191
2018-01-05 09:35,4216
2018-01-05 09:40,4269
2018-01-05 09:45,4293
2018-01-05 09:50,4342
2018-01-05 09:55,4345
2018-01-05 10:00,4440
2018-01-05 10:05,4486
2018-01-05 10:10,4522
2018-01-05 10:15,4600
2018-01-05 10:20,4668
2018-01-05 10:25,4764
2018-01-05 10:30,4819
2018-01-05 10:35,4846
2018-01-05 10:40,4928
2018-01-05 10:45,4941
2018-01-05 10:50,4994
2018-01-05 10:55,5027
2018-01-05 11:00,5055
2018-01-05 11:05,5085
2018-01-05 11:10,5199
2018-01-05 11:15,5270
2018-01-05 11:20,5312
2018-01-05 11:25,5417
2018-01-05 11:30,5494
2018-01-05 11:35,5551
2018-01-05 11:40,5650
2018-01-05 11:45,5700
2018-01-05 11:50,5777
2018-01-05 11:55,5838
2018-01-05 12:00,5907
2018-01-05 12:05,6025
2018-01-05 12:10,6058
2018-01-05 12:15,6146
2018-01-05 12:20,6214
2018-01-05 12:25,6294
2018-01-05 12:30,6374
2018-01-05 12:35,6434
2018-01-05 12:40,6509
2018-01-05 12:45,6577
2018-01-05 12:50,6628
2018-01-05 12:55,6685
2018-01-05 13:00,6752
2018-01-05 13:05,6812
2018-01-05 13:10,6910
2018-01-05 13:15,6981
2018-01-05 13:20,7059
2018-01-05 13:25,7141
2018-01-05 13:30,7200
2018-01-05 13:35,7292
2018-01-05 13:40,7404
2018-01-05 13:45,7435
2018-01-05 13:50,7540
2018-01-05 13:55,7625
2018-01-05 14:00,7756
2018-01-05 14:05,0
2018-01-05 14:10,7975
2018-01-05 14:15,8105
2018-01-05 14:20,8276
2018-01-05 14:25,8460
2018-01-05 14:30,8647
2018-01-05 14:35,8817
2018-01-05 14:40,9015
2018-01-05 14:45,9206
2018-01-05 14:50,9336
2018-01-05 14:55,9526
2018-01-05 15:00,9655
2018-01-05 15:05,9735
2018-01-05 15:10,9826
2018-01-05 15:15,9908
2018-01-05 15:20,10524
2018-01-05 15:25,11126
2018-01-05 15:30,11421
2018-01-05 15:35,11611
2018-01-05 15:40,11734
2018-01-05 15:45,11900
2018-01-05 15:50,0
2018-01-05 15:55,12193
2018-01-05 16:00,12314
2018-01-05 16:05,12435
2018-01-05 16:10,12525
2018-01-05 16:15,12647
2018-01-05 16:20,12681
2018-01-05 16:25,12798
2018-01-05 16:30,12866
2018-01-05 16:35,13004
2018-01-05 16:40,13124
2018-01-05 16:45,13189
2018-01-05 16:50,13233
2018-01-05 16:55,13298
2018-01-05 17:00,13406
2018-01-05 17:05,13543
2018-01-05 17:10,13696
2018-01-05 17:15,13734
2018-01-05 17:20,13809
2018-01-05 17:25,14506
2018-01-05 17:30,14499
2018-01-05 17:35,14472
2018-01-05 17:40,14487
2018-01-05 17:45,14494
2018-01-05 17:50,14598
2018-01-05 17:55,14637
2018-01-05 18:00,14636
2018-01-05 18:05,14732
2018-01-05 18:10,14738
2018-01-05 18:15,14817
2018-01-05 18:20,14817
2018-01-05 18:25,14908
2018-01-05 18:30,15018
2018-01-05 18:35,15033
2018-01-05 18:40,15098
2018-01-05 18:45,15177
2018-01-05 18:50,15258
2018-01-05 18:55,15431
2018-01-05 19:00,15582
2018-01-05 19:05,15656
2018-01-05 19:10,15744
2018-01-05 19:15,15883
2018-01-05 19:20,16246
2018-01-05 19:25,16737
2018-01-05 19:30,16584
2018-01-05 19:35,16479
2018-01-05 19:40,16443
2018-01-05 19:45,16475
2018-01-05 19:50,16560
2018-01-05 19:55,16605
2018-01-05 20:00,16614
2018-01-05 20:05,16560
2018-01-05 20:10,16574
2018-01-05 20:15,16549
2018-01-05 20:20,16544
2018-01-05 20:25,16626
2018-01-05 20:30,16684
2018-01-05 20:35,16702
2018-01-05 20:40,16658
2018-01-05 20:45,16598
2018-01-05 20:50,16705
2018-01-05 20:55,16746
2018-01-05 21:00,17518
2018-01-05 21:05,16930
2018-01-05 21:10,16950
2018-01-05 21:15,16773
2018-01-05 21:20,16657
2018-01-05 21:25,16553
2018-01-05 21:30,16400
2018-01-05 21:35,16311
2018-01-05 21:40,16249
2018-01-05 21:45,16153
2018-01-05 21:50,16162
2018-01-05 21:55,16161
2018-01-05 22:00,16108
2018-01-05 22:05,16030
2018-01-05 22:10,15982
2018-01-05 22:15,15970
2018-01-05 22:20,15909
2018-01-05 22:25,15906
2018-01-05 22:30,15870
2018-01-05 22:35,15815
2018-01-05 22:40,15690
2018-01-05 22:45,15551
2018-01-05 22:50,15432
2018-01-05 22:55,15266
2018-01-05 23:00,15102
2018-01-05 23:05,15055
2018-01-05 23:10,15024
2018-01-05 23:15,15015
2018-01-05 23:20,14750
2018-01-05 23:25,14522
2018-01-05 23:30,14222
2018-01-05 23:35,14019
2018-01-05 23:40,13871
2018-01-05 23:45,13688
2018-01-05 23:50,13587
2018-01-05 23:55,13467
2018-01-06 00:00,13337
2018-01-06 00:05,13174
2018-01-06 00:10,12936
2018-01-06 00:15,12847
2018-01-06 00:20,12365
2018-01-06 00:25,12028
2018-01-06 00:30,11843
2018-01-06 00:35,11815
2018-01-06 00:40,11690
2018-01-06 00:45,11600
2018-01-06 00:50,11508
2018-01-06 00:55,11489
2018-01-06 01:00,11414
2018-01-06 01:05,11338
2018-01-06 01:10,11214
2018-01-06 01:15,11100
2018-01-06 01:20,11017
2018-01-06 01:25,10943
2018-01-06 01:30,10861
2018-01-06 01:35,10832
2018-01-06 01:40,10761
2018-01-06 01:45,10692
2018-01-06 01:50,10701
2018-01-06 01:55,10635
2018-01-06 02:00,10621
2018-01-06 02:05,10609
2018-01-06 02:10,10557
2018-01-06 02:15,10504
2018-01-06 02:20,10448
2018-01-06 02:25,10417
2018-01-06 02:30,10391
2018-01-06 02:35,10309
2018-01-06 02:40,10230
2018-01-06 02:45,10155
2018-01-06 02:50,10110
2018-01-06 02:55,10121
2018-01-06 03:00,10065
2018-01-06 03:05,10026
2018-01-06 03:10,9932
2018-01-06 03:15,9860
2018-01-06 03:20,9798
2018-01-06 03:25,9739
2018-01-06 03:30,9715
2018-01-06 03:35,9662
2018-01-06 03:40,9656
2018-01-06 03:45,9549
2018-01-06 03:50,9547
2018-01-06 03:55,9451
2018-01-06 04:00,9367
2018-01-06 04:05,9322
2018-01-06 04:10,9236
2018-01-06 04:15,9181
2018-01-06 04:20,9132
2018-01-06 04:25,9057
2018-01-06 04:30,9006
2018-01-06 04:35,8910
2018-01-06 04:40,8843
2018-01-06 04:45,8770
2018-01-06 04:50,8764
2018-01-06 04:55,8680
2018-01-06 05:00,8568
2018-01-06 05:05,8524
2018-01-06 05:10,8417
2018-01-06 05:15,8312
2018-01-06 05:20,8280
2018-01-06 05:25,8197
2018-01-06 05:30,8092
2018-01-06 05:35,7978
2018-01-06 05:40,7883
2018-01-06 05:45,7757
2018-01-06 05:50,7651
2018-01-06 05:55,7520
2018-01-06 06:00,7424
2018-01-06 06:05,7251
2018-01-06 06:10,7154
2018-01-06 06:15,7064
2018-01-06 06:20,6949
2018-01-06 06:25,6858
2018-01-06 06:30,6794
2018-01-06 06:35,6743
2018-01-06 06:40,6657
2018-01-06 06:45,6550
2018-01-06 06:50,6484
2018-01-06 06:55,6370
2018-01-06 07:00,6318
2018-01-06 07:05,6193
2018-01-06 07:10,6060
2018-01-06 07:15,5977
2018-01-06 07:20,5884
2018-01-06 07:25,5754
2018-01-06 07:30,5653
2018-01-06 07:35,5558
2018-01-06 07:40,5489
2018-01-06 07:45,5439
2018-01-06 07:50,5350
2018-01-06 07:55,5304
2018-01-06 08:00,5243
2018-01-06 08:05,5181
2018-01-06 08:10,5140
2018-01-06 08:15,5111
2018-01-06 08:20,5110
2018-01-06 08:25,5074
2018-01-06 08:30,5049
2018-01-06 08:35,5043
2018-01-06 08:40,4978
2018-01-06 08:45,4951
2018-01-06 08:50,4934
2018-01-06 08:55,4921
2018-01-06 09:00,4913
2018-01-06 09:05,4914
2018-01-06 09:10,4953
2018-01-06 09:15,4997
2018-01-06 09:20,5026
2018-01-06 09:25,5079
2018-01-06 09:30,5155
2018-01-06 09:35,5157
2018-01-06 09:40,5236
2018-01-06 09:45,5266
2018-01-06 09:50,5316
2018-01-06 09:55,5324
2018-01-06 10:00,5381
2018-01-06 10:05,5393
2018-01-06 10:10,5441
2018-01-06 10:15,5496
2018-01-06 10:20,5494
2018-01-06 10:25,5598
2018-01-06 10:30,5663
2018-01-06 10:35,5727
2018-01-06 10:40,5797
2018-01-06 10:45,5874
2018-01-06 10:50,5946
2018-01-06 10:55,5975
2018-01-06 11:00,6102
2018-01-06 11:05,6114
2018-01-06 11:10,6161
2018-01-06 11:15,6250
2018-01-06 11:20,6295
2018-01-06 11:25,6303
2018-01-06 11:30,6331
2018-01-06 11:35,6375
2018-01-06 11:40,6477
2018-01-06 11:45,6564
2018-01-06 11:50,6598
2018-01-06 11:55,6645
2018-01-06 12:00,6726
2018-01-06 12:05,6836
2018-01-06 12:10,6941
2018-01-06 12:15,6995
2018-01-06 12:20,7134
2018-01-06 12:25,7204
2018-01-06 12:30,7326
2018-01-06 12:35,7387
2018-01-06 12:40,0
2018-01-06 12:45,7488
2018-01-06 12:50,7586
2018-01-06 12:55,7707
2018-01-06 13:00,7788
2018-01-06 13:05,7879
2018-01-06 13:10,7987
2018-01-06 13:15,8080
2018-01-06 13:20,8107
2018-01-06 13:25,8154
2018-01-06 13:30,8252
2018-01-06 13:35,8346
2018-01-06 13:40,8433
2018-01-06 13:45,8496
2018-01-06 13:50,8579
2018-01-06 13:55,8697
2018-01-06 14:00,8795
2018-01-06 14:05,8925
2018-01-06 14:10,9080
2018-01-06 14:15,9203
2018-01-06 14:20,9315
2018-01-06 14:25,9366
2018-01-06 14:30,9509
2018-01-06 14:35,9674
2018-01-06 14:40,9890
2018-01-06 14:45,10071
2018-01-06 14:50,10274
2018-01-06 14:55,10418
2018-01-06 15:00,10606
2018-01-06 15:05,11549
2018-01-06 15:10,11863
2018-01-06 15:15,12073
2018-01-06 15:20,12195
2018-01-06 15:25,12281
2018-01-06 15:30,12444
2018-01-06 15:35,12519
2018-01-06 15:40,12781
2018-01-06 15:45,12953
2018-01-06 15:50,13075
2018-01-06 15:55,13199
2018-01-06 16:00,13312
2018-01-06 16:05,13395
2018-01-06 16:10,13510
2018-01-06 16:15,13592
2018-01-06 16:20,13692
2018-01-06 16:25,13847
2018-01-06 16:30,14038
2018-01-06 16:35,14190
2018-01-06 16:40,14219
2018-01-06 16:45,14324
2018-01-06 16:50,14370
2018-01-06 16:55,14464
2018-01-06 17:00,14569
2018-01-06 17:05,14625
2018-01-06 17:10,14701
2018-01-06 17:15,14908
2018-01-06 17:20,14997
2018-01-06 17:25,15058
2018-01-06 17:30,15078
2018-01-06 17:35,15634
2018-01-06 17:40,16275
2018-01-06 17:45,16148
2018-01-06 17:50,16090
2018-01-06 17:55,16073
2018-01-06 18:00,16075
2018-01-06 18:05,16132
2018-01-06 18:10,16085
2018-01-06 18:15,16078
2018-01-06 18:20,16142
2018-01-06 18:25,16182
2018-01-06 18:30,16174
2018-01-06 18:35,16195
2018-01-06 18:40,16240
2018-01-06 18:45,16288
2018-01-06 18:50,16218
2018-01-06 18:55,16261
2018-01-06 19:00,16463
2018-01-06 19:05,16722
2018-01-06 19:10,16835
2018-01-06 19:15,16948
2018-01-06 19:20,17000
2018-01-06 19:25,17122
2018-01-06 19:30,17208
2018-01-06 19:35,17317
2018-01-06 19:40,18379
2018-01-06 19:45,18588
2018-01-06 19:50,18175
2018-01-06 19:55,17615
2018-01-06 20:00,16873
2018-01-06 20:05,16028
2018-01-06 20:10,14901
2018-01-06 20:15,13923
2018-01-06 20:20,13343
2018-01-06 20:25,12710
2018-01-06 20:30,10702
2018-01-06 20:35,11476
2018-01-06 20:40,12387
2018-01-06 20:45,13059
2018-01-06 20:50,13590
2018-01-06 20:55,14098
2018-01-06 21:00,14624
2018-01-06 21:05,15108
2018-01-06 21:10,15423
2018-01-06 21:15,15728
2018-01-06 21:20,15943
2018-01-06 21:25,16142
2018-01-06 21:30,16426
2018-01-06 21:35,16984
2018-01-06 21:40,17736
2018-01-06 21:45,17785
2018-01-06 21:50,17736
2018-01-06 21:55,17652
2018-01-06 22:00,17529
2018-01-06 22:05,17409
2018-01-06 22:10,17248
2018-01-06 22:15,17190
2018-01-06 22:20,17194
2018-01-06 22:25,17092
2018-01-06 22:30,17030
2018-01-06 22:35,16873
2018-01-06 22:40,16740
2018-01-06 22:45,16627
2018-01-06 22:50,16548
2018-01-06 22:55,16418
2018-01-06 23:00,16262
2018-01-06 23:05,16152
2018-01-06 23:10,15984
2018-01-06 23:15,15839
2018-01-06 23:20,15680
2018-01-06 23:25,15583
2018-01-06 23:30,15488
2018-01-06 23:35,15410
2018-01-06 23:40,15739
2018-01-06 23:45,15666
2018-01-06 23:50,15564
2018-01-06 23:55,15398
2018-01-07 00:00,15133
2018-01-07 00:05,14969
2018-01-07 00:10,14724
2018-01-07 00:15,14592
2018-01-07 00:20,14357
2018-01-07 00:25,14151
2018-01-07 00:30,13910
2018-01-07 00:35,13752
2018-01-07 00:40,13551
2018-01-07 00:45,13449
2018-01-07 00:50,13275
2018-01-07 00:55,13146
2018-01-07 01:00,13038
2018-01-07 01:05,12874
2018-01-07 01:10,12698
2018-01-07 01:15,12619
2018-01-07 01:20,12527
2018-01-07 01:25,12389
2018-01-07 01:30,12231
2018-01-07 01:35,12128
2018-01-07 01:40,11979
2018-01-07 01:45,11904
2018-01-07 01:50,11823
2018-01-07 01:55,11701
2018-01-07 02:00,11582
2018-01-07 02:05,11545
2018-01-07 02:10,11439
2018-01-07 02:15,11273
2018-01-07 02:20,11171
2018-01-07 02:25,11133
2018-01-07 02:30,11078
2018-01-07 02:35,10980
2018-01-07 02:40,10913
2018-01-07 02:45,10799
2018-01-07 02:50,10761
2018-01-07 02:55,10690
2018-01-07 03:00,10677
2018-01-07 03:05,10634
2018-01-07 03:10,10547
2018-01-07 03:15,10524
2018-01-07 03:20,10415
2018-01-07 03:25,10401
2018-01-07 03:30,10331
2018-01-07 03:35,10280
2018-01-07 03:40,10177
2018-01-07 03:45,10126
2018-01-07 03:50,10058
2018-01-07 03:55,9984
2018-01-07 04:00,9912
2018-01-07 04:05,9740
2018-01-07 04:10,9662
2018-01-07 04:15,9520
2018-01-07 04:20,9391
2018-01-07 04:25,9238
2018-01-07 04:30,9072
2018-01-07 04:35,8936
2018-01-07 04:40,8833
2018-01-07 04:45,8632
2018-01-07 04:50,8502
2018-01-07 04:55,8368
2018-01-07 05:00,8225
2018-01-07 05:05,8075
2018-01-07 05:10,8009
2018-01-07 05:15,7906
2018-01-07 05:20,7789
2018-01-07 05:25,7661
2018-01-07 05:30,7502
2018-01-07 05:35,7386
2018-01-07 05:40,7270
2018-01-07 05:45,7180
2018-01-07 05:50,7106
2018-01-07 05:55,7090
2018-01-07 06:00,7006
2018-01-07 06:05,6791
2018-01-07 06:10,6690
2018-01-07 06:15,6619
2018-01-07 06:20,6483
2018-01-07 06:25,6437
2018-01-07 06:30,6429
2018-01-07 06:35,6412
2018-01-07 06:40,6389
2018-01-07 06:45,6323
2018-01-07 06:50,6276
2018-01-07 06:55,6220
2018-01-07 07:00,6193
2018-01-07 07:05,6109
2018-01-07 07:10,6066
2018-01-07 07:15,6004
2018-01-07 07:20,5980
2018-01-07 07:25,5903
2018-01-07 07:30,5778
2018-01-07 07:35,5726
2018-01-07 07:40,5709
2018-01-07 07:45,5667
2018-01-07 07:50,5621
2018-01-07 07:55,5545
2018-01-07 08:00,5463
2018-01-07 08:05,5386
2018-01-07 08:10,5359
2018-01-07 08:15,5267
2018-01-07 08:20,5241
2018-01-07 08:25,5233
2018-01-07 08:30,5181
2018-01-07 08:35,5164
2018-01-07 08:40,5168
2018-01-07 08:45,5141
2018-01-07 08:50,5118
2018-01-07 08:55,5074
2018-01-07 09:00,5064
2018-01-07 09:05,5012
2018-01-07 09:10,5069
2018-01-07 09:15,5124
2018-01-07 09:20,5148
2018-01-07 09:25,5203
2018-01-07 09:30,5258
2018-01-07 09:35,5244
2018-01-07 09:40,5295
2018-01-07 09:45,5325
2018-01-07 09:50,5419
2018-01-07 09:55,5478
2018-01-07 10:00,5563
2018-01-07 10:05,5590
2018-01-07 10:10,5696
2018-01-07 10:15,5730
2018-01-07 10:20,5749
2018-01-07 10:25,5785
2018-01-07 10:30,5858
2018-01-07 10:35,5890
2018-01-07 10:40,5981
2018-01-07 10:45,6033
2018-01-07 10:50,6169
2018-01-07 10:55,6270
2018-01-07 11:00,6361
2018-01-07 11:05,6415
2018-01-07 11:10,6505
2018-01-07 11:15,6540
2018-01-07 11:20,6624
2018-01-07 11:25,6706
2018-01-07 11:30,6769
2018-01-07 11:35,6851
2018-01-07 11:40,6928
2018-01-07 11:45,7044
2018-01-07 11:50,7133
2018-01-07 11:55,7286
2018-01-07 12:00,7359
2018-01-07 12:05,7474
2018-01-07 12:10,7515
2018-01-07 12:15,7586
2018-01-07 12:20,7647
2018-01-07 12:25,7730
2018-01-07 12:30,7751
2018-01-07 12:35,7851
2018-01-07 12:40,7918
2018-01-07 12:45,7981
2018-01-07 12:50,8078
2018-01-07 12:55,8190
2018-01-07 13:00,8271
2018-01-07 13:05,8361
2018-01-07 13:10,8408
2018-01-07 13:15,8502
2018-01-07 13:20,8589
2018-01-07 13:25,8702
2018-01-07 13:30,8878
2018-01-07 13:35,8964
2018-01-07 13:40,9066
2018-01-07 13:45,0
2018-01-07 13:50,9303
2018-01-07 13:55,9435
2018-01-07 14:00,9559
2018-01-07 14:05,9641
2018-01-07 14:10,9722
2018-01-07 14:15,9804
2018-01-07 14:20,9933
2018-01-07 14:25,10030
2018-01-07 14:30,10114
2018-01-07 14:35,10230
2018-01-07 14:40,10335
2018-01-07 14:45,10456
2018-01-07 14:50,10630
2018-01-07 14:55,10713
2018-01-07 15:00,10842
2018-01-07 15:05,10951
2018-01-07 15:10,11059
2018-01-07 15:15,11227
2018-01-07 15:20,11396
2018-01-07 15:25,11557
2018-01-07 15:30,11730
2018-01-07 15:35,11878
2018-01-07 15:40,12060
2018-01-07 15:45,12159
2018-01-07 15:50,12311
2018-01-07 15:55,12435
2018-01-07 16:00,12573
2018-01-07 16:05,12691
2018-01-07 16:10,12762
2018-01-07 16:15,12808
2018-01-07 16:20,12903
2018-01-07 16:25,13023
2018-01-07 16:30,13168
2018-01-07 16:35,13235
2018-01-07 16:40,13353
2018-01-07 16:45,13415
2018-01-07 16:50,13502
2018-01-07 16:55,13502
2018-01-07 17:00,13537
2018-01-07 17:05,13621
2018-01-07 17:10,13731
2018-01-07 17:15,13814
2018-01-07 17:20,13920
2018-01-07 17:25,14031
2018-01-07 17:30,14163
2018-01-07 17:35,14219
2018-01-07 17:40,14285
2018-01-07 17:45,14416
2018-01-07 17:50,14484
2018-01-07 17:55,14526
2018-01-07 18:00,14588
2018-01-07 18:05,14695
2018-01-07 18:10,14676
2018-01-07 18:15,14697
2018-01-07 18:20,14781
2018-01-07 18:25,14930
2018-01-07 18:30,15056
2018-01-07 18:35,15192
2018-01-07 18:40,15191
2018-01-07 18:45,15267
2018-01-07 18:50,15326
2018-01-07 18:55,15400
2018-01-07 19:00,15489
2018-01-07 19:05,15517
2018-01-07 19:10,15485
2018-01-07 19:15,15638
2018-01-07 19:20,15656
2018-01-07 19:25,15707
2018-01-07 19:30,15779
2018-01-07 19:35,15873
2018-01-07 19:40,15998
2018-01-07 19:45,16072
2018-01-07 19:50,16128
2018-01-07 19:55,16136
2018-01-07 20:00,16235
2018-01-07 20:05,16314
2018-01-07 20:10,16462
2018-01-07 20:15,16875
2018-01-07 20:20,18517
2018-01-07 20:25,18513
2018-01-07 20:30,17886
2018-01-07 20:35,17055
2018-01-07 20:40,16288
2018-01-07 20:45,15434
2018-01-07 20:50,14665
2018-01-07 20:55,14114
2018-01-07 21:00,12201
2018-01-07 21:05,11313
2018-01-07 21:10,10918
2018-01-07 21:15,12326
2018-01-07 21:20,13188
2018-01-07 21:25,13870
2018-01-07 21:30,14316
2018-01-07 21:35,14769
2018-01-07 21:40,15215
2018-01-07 21:45,15626
2018-01-07 21:50,15984
2018-01-07 21:55,16258
2018-01-07 22:00,16445
2018-01-07 22:05,16550
2018-01-07 22:10,16562
2018-01-07 22:15,16625
2018-01-07 22:20,16674
2018-01-07 22:25,16689
2018-01-07 22:30,16633
2018-01-07 22:35,16529
2018-01-07 22:40,16527
2018-01-07 22:45,16502
2018-01-07 22:50,16459
2018-01-07 22:55,16386
2018-01-07 23:00,16249
2018-01-07 23:05,16090
2018-01-07 23:10,15888
2018-01-07 23:15,15734
2018-01-07 23:20,15601
2018-01-07 23:25,15605
2018-01-07 23:30,16628
2018-01-07 23:35,16178
2018-01-07 23:40,15733
2018-01-07 23:45,15188
2018-01-07 23:50,14723
2018-01-07 23:55,14458
2018-01-08 00:00,14146
2018-01-08 00:05,13820
2018-01-08 00:10,13620
2018-01-08 00:15,13352
2018-01-08 00:20,13074
2018-01-08 00:25,12873
2018-01-08 00:30,12707
2018-01-08 00:35,12456
2018-01-08 00:40,12246
2018-01-08 00:45,12145
2018-01-08 00:50,11928
2018-01-08 00:55,11746
2018-01-08 01:00,11571
2018-01-08 01:05,11374
2018-01-08 01:10,11242
2018-01-08 01:15,11172
2018-01-08 01:20,11241
2018-01-08 01:25,10960
2018-01-08 01:30,10886
2018-01-08 01:35,10835
2018-01-08 01:40,10895
2018-01-08 01:45,10915
2018-01-08 01:50,10928
2018-01-08 01:55,10898
2018-01-08 02:00,10802
2018-01-08 02:05,10794
2018-01-08 02:10,10739
2018-01-08 02:15,10777
2018-01-08 02:20,10815
2018-01-08 02:25,10805
2018-01-08 02:30,10802
2018-01-08 02:35,10805
2018-01-08 02:40,10771
2018-01-08 02:45,10634
2018-01-08 02:50,10545
2018-01-08 02:55,10475
2018-01-08 03:00,10358
2018-01-08 03:05,10280
2018-01-08 03:10,10140
2018-01-08 03:15,10054
2018-01-08 03:20,9919
2018-01-08 03:25,9737
2018-01-08 03:30,9696
2018-01-08 03:35,9560
2018-01-08 03:40,9411
2018-01-08 03:45,9355
2018-01-08 03:50,9240
2018-01-08 03:55,9110
2018-01-08 04:00,8955
2018-01-08 04:05,8804
2018-01-08 04:10,8650
2018-01-08 04:15,8473
2018-01-08 04:20,8375
2018-01-08 04:25,8283
2018-01-08 04:30,8136
2018-01-08 04:35,7981
2018-01-08 04:40,7914
2018-01-08 04:45,7877
2018-01-08 04:50,7784
2018-01-08 04:55,7675
2018-01-08 05:00,7566
2018-01-08 05:05,7435
2018-01-08 05:10,7304
2018-01-08 05:15,7102
2018-01-08 05:20,6962
2018-01-08 05:25,6784
2018-01-08 05:30,6645
2018-01-08 05:35,6478
2018-01-08 05:40,6420
2018-01-08 05:45,6307
2018-01-08 05:50,6249
2018-01-08 05:55,6172
2018-01-08 06:00,6088
2018-01-08 06:05,5986
2018-01-08 06:10,5895
2018-01-08 06:15,5763
2018-01-08 06:20,5709
2018-01-08 06:25,5585
2018-01-08 06:30,5499
2018-01-08 06:35,5411
2018-01-08 06:40,5351
2018-01-08 06:45,5222
2018-01-08 06:50,5134
2018-01-08 06:55,5079
2018-01-08 07:00,4978
2018-01-08 07:05,4853
2018-01-08 07:10,4802
2018-01-08 07:15,4755
2018-01-08 07:20,4704
2018-01-08 07:25,4675
2018-01-08 07:30,4626
2018-01-08 07:35,4564
2018-01-08 07:40,4509
2018-01-08 07:45,4434
2018-01-08 07:50,4384
2018-01-08 07:55,4351
2018-01-08 08:00,4311
2018-01-08 08:05,4243
2018-01-08 08:10,4202
2018-01-08 08:15,4126
2018-01-08 08:20,4062
2018-01-08 08:25,3964
2018-01-08 08:30,3951
2018-01-08 08:35,3934
2018-01-08 08:40,3946
2018-01-08 08:45,3952
2018-01-08 08:50,3954
2018-01-08 08:55,3950
2018-01-08 09:00,3948
2018-01-08 09:05,3993
2018-01-08 09:10,4009
2018-01-08 09:15,4049
2018-01-08 09:20,4094
2018-01-08 09:25,4120
2018-01-08 09:30,4146
2018-01-08 09:35,4193
2018-01-08 09:40,4235
2018-01-08 09:45,4257
2018-01-08 09:50,4283
2018-01-08 09:55,4322
2018-01-08 10:00,4363
2018-01-08 10:05,4395
2018-01-08 10:10,4434
2018-01-08 10:15,4477
2018-01-08 10:20,4516
2018-01-08 10:25,4544
2018-01-08 10:30,4615
2018-01-08 10:35,4614
2018-01-08 10:40,4651
2018-01-08 10:45,4732
2018-01-08 10:50,4733
2018-01-08 10:55,4773
2018-01-08 11:00,4849
2018-01-08 11:05,4900
2018-01-08 11:10,4990
2018-01-08 11:15,5029
2018-01-08 11:20,5098
2018-01-08 11:25,5152
2018-01-08 11:30,5215
2018-01-08 11:35,5258
2018-01-08 11:40,5271
2018-01-08 11:45,5283
2018-01-08 11:50,5376
2018-01-08 11:55,5424
2018-01-08 12:00,5490
2018-01-08 12:05,5574
2018-01-08 12:10,5590
2018-01-08 12:15,5650
2018-01-08 12:20,5709
2018-01-08 12:25,5777
2018-01-08 12:30,5828
2018-01-08 12:35,5881
2018-01-08 12:40,5875
2018-01-08 12:45,5960
2018-01-08 12:50,6003
2018-01-08 12:55,6075
2018-01-08 13:00,6148
2018-01-08 13:05,6224
2018-01-08 13:10,6286
2018-01-08 13:15,6375
2018-01-08 13:20,6468
2018-01-08 13:25,6529
2018-01-08 13:30,6627
2018-01-08 13:35,6734
2018-01-08 13:40,6797
2018-01-08 13:45,6831
2018-01-08 13:50,6950
2018-01-08 13:55,7053
2018-01-08 14:00,7137
2018-01-08 14:05,7216
2018-01-08 14:10,7293
2018-01-08 14:15,7350
2018-01-08 14:20,7470
2018-01-08 14:25,7575
2018-01-08 14:30,7791
2018-01-08 14:35,7895
2018-01-08 14:40,8032
2018-01-08 14:45,8124
2018-01-08 14:50,8235
2018-01-08 14:55,8358
2018-01-08 15:00,8462
2018-01-08 15:05,8502
2018-01-08 15:10,8571
2018-01-08 15:15,8676
2018-01-08 15:20,8767
2018-01-08 15:25,8899
2018-01-08 15:30,8934
2018-01-08 15:35,9052
2018-01-08 15:40,9170
2018-01-08 15:45,9253
2018-01-08 15:50,9391
2018-01-08 15:55,9499
2018-01-08 16:00,9588
2018-01-08 16:05,9719
2018-01-08 16:10,9917
2018-01-08 16:15,10055
2018-01-08 16:20,10176
2018-01-08 16:25,10282
2018-01-08 16:30,10472
2018-01-08 16:35,10545
2018-01-08 16:40,10612
2018-01-08 16:45,10740
2018-01-08 16:50,10835
2018-01-08 16:55,10924
2018-01-08 17:00,11018
2018-01-08 17:05,11201
2018-01-08 17:10,11280
2018-01-08 17:15,11372
2018-01-08 17:20,11457
2018-01-08 17:25,11470
2018-01-08 17:30,11557
2018-01-08 17:35,11641
2018-01-08 17:40,11819
2018-01-08 17:45,11911
2018-01-08 17:50,11987
2018-01-08 17:55,12091
2018-01-08 18:00,12189
2018-01-08 18:05,12218
2018-01-08 18:10,12313
2018-01-08 18:15,12457
2018-01-08 18:20,12572
2018-01-08 18:25,12595
2018-01-08 18:30,12695
2018-01-08 18:35,12756
2018-01-08 18:40,12844
2018-01-08 18:45,12902
2018-01-08 18:50,13023
2018-01-08 18:55,13077
2018-01-08 19:00,13131
2018-01-08 19:05,13256
2018-01-08 19:10,13348
2018-01-08 19:15,13373
2018-01-08 19:20,13411
2018-01-08 19:25,13476
2018-01-08 19:30,13489
2018-01-08 19:35,13607
2018-01-08 19:40,13731
2018-01-08 19:45,13742
2018-01-08 19:50,13723
2018-01-08 19:55,13757
2018-01-08 20:00,13779
2018-01-08 20:05,13845
2018-01-08 20:10,13893
2018-01-08 20:15,13888
2018-01-08 20:20,13911
2018-01-08 20:25,13888
2018-01-08 20:30,13879
2018-01-08 20:35,13856
2018-01-08 20:40,13834
2018-01-08 20:45,13892
2018-01-08 20:50,13828
2018-01-08 20:55,13853
2018-01-08 21:00,13821
2018-01-08 21:05,13874
2018-01-08 21:10,13768
2018-01-08 21:15,13660
2018-01-08 21:20,13617
2018-01-08 21:25,13533
2018-01-08 21:30,13395
2018-01-08 21:35,13288
2018-01-08 21:40,13244
2018-01-08 21:45,13210
2018-01-08 21:50,13118
2018-01-08 21:55,13119
2018-01-08 22:00,12988
2018-01-08 22:05,12878
2018-01-08 22:10,12762
2018-01-08 22:15,12787
2018-01-08 22:20,12693
2018-01-08 22:25,12266
2018-01-08 22:30,11213
2018-01-08 22:35,9300
2018-01-08 22:40,9465
2018-01-08 22:45,9741
2018-01-08 22:50,9849
2018-01-08 22:55,9584
2018-01-08 23:00,9088
2018-01-08 23:05,8751
2018-01-08 23:10,8875
2018-01-08 23:15,9059
2018-01-08 23:20,9354
2018-01-08 23:25,9625
2018-01-08 23:30,0
2018-01-08 23:35,9925
2018-01-08 23:40,9925
2018-01-08 23:45,9998
2018-01-08 23:50,10106
2018-01-08 23:55,10286
2018-01-09 00:00,10333
2018-01-09 00:05,10343
2018-01-09 00:10,10475
2018-01-09 00:15,10539
2018-01-09 00:20,10629
2018-01-09 00:25,10745
2018-01-09 00:30,10793
2018-01-09 00:35,10808
2018-01-09 00:40,10828
2018-01-09 00:45,10782
2018-01-09 00:50,10734
2018-01-09 00:55,10734
2018-01-09 01:00,10648
2018-01-09 01:05,10639
2018-01-09 01:10,10597
2018-01-09 01:15,10568
2018-01-09 01:20,10535
2018-01-09 01:25,10544
2018-01-09 01:30,10630
2018-01-09 01:35,10580
2018-01-09 01:40,10509
2018-01-09 01:45,10533
2018-01-09 01:50,10487
2018-01-09 01:55,10414
2018-01-09 02:00,10368
2018-01-09 02:05,10260
2018-01-09 02:10,10210
2018-01-09 02:15,10187
2018-01-09 02:20,10168
2018-01-09 02:25,10053
2018-01-09 02:30,9999
2018-01-09 02:35,9938
2018-01-09 02:40,9919
2018-01-09 02:45,9857
2018-01-09 02:50,9744
2018-01-09 02:55,9628
2018-01-09 03:00,9548
2018-01-09 03:05,9490
2018-01-09 03:10,9380
2018-01-09 03:15,9308
2018-01-09 03:20,9146
2018-01-09 03:25,9100
2018-01-09 03:30,8952
2018-01-09 03:35,8854
2018-01-09 03:40,8750
2018-01-09 03:45,8682
2018-01-09 03:50,8620
2018-01-09 03:55,8508
2018-01-09 04:00,8393
2018-01-09 04:05,8273
2018-01-09 04:10,8146
2018-01-09 04:15,8018
2018-01-09 04:20,7916
2018-01-09 04:25,7827
2018-01-09 04:30,7725
2018-01-09 04:35,7639
2018-01-09 04:40,7557
2018-01-09 04:45,7482
2018-01-09 04:50,7378
2018-01-09 04:55,7286
2018-01-09 05:00,7176
2018-01-09 05:05,7090
2018-01-09 05:10,6890
2018-01-09 05:15,6801
2018-01-09 05:20,6674
2018-01-09 05:25,6544
2018-01-09 05:30,6463
2018-01-09 05:35,6314
2018-01-09 05:40,6244
2018-01-09 05:45,6156
2018-01-09 05:50,6043
2018-01-09 05:55,5947
2018-01-09 06:00,5824
2018-01-09 06:05,5704
2018-01-09 06:10,5564
2018-01-09 06:15,5464
2018-01-09 06:20,5343
2018-01-09 06:25,5290
2018-01-09 06:30,5212
2018-01-09 06:35,5141
2018-01-09 06:40,5072
2018-01-09 06:45,4974
2018-01-09 06:50,4841
2018-01-09 06:55,4746
2018-01-09 07:00,4646
2018-01-09 07:05,4600
2018-01-09 07:10,4467
2018-01-09 07:15,4435
2018-01-09 07:20,4378
2018-01-09 07:25,4281
2018-01-09 07:30,4211
2018-01-09 07:35,4138
2018-01-09 07:40,4114
2018-01-09 07:45,4089
2018-01-09 07:50,4051
2018-01-09 07:55,4010
2018-01-09 08:00,3964
2018-01-09 08:05,3907
2018-01-09 08:10,3906
2018-01-09 08:15,3883
2018-01-09 08:20,3875
2018-01-09 08:25,3819
2018-01-09 08:30,3825
2018-01-09 08:35,3726
2018-01-09 08:40,3660
2018-01-09 08:45,3635
2018-01-09 08:50,3599
2018-01-09 08:55,3576
2018-01-09 09:00,3566
2018-01-09 09:05,3578
2018-01-09 09:10,3556
2018-01-09 09:15,3544
2018-01-09 09:20,3502
2018-01-09 09:25,3506
2018-01-09 09:30,3440
2018-01-09 09:35,3071
2018-01-09 09:40,2426
2018-01-09 09:45,1940
2018-01-09 09:50,1542
2018-01-09 09:55,1317
2018-01-09 10:00,1170
2018-01-09 10:05,1078
2018-01-09 10:10,1031
2018-01-09 10:15,1050
2018-01-09 10:20,1083
2018-01-09 10:25,1104
2018-01-09 10:30,1097
2018-01-09 10:35,1174
2018-01-09 10:40,1145
2018-01-09 10:45,1156
2018-01-09 10:50,1197
2018-01-09 10:55,1216
2018-01-09 11:00,1210
2018-01-09 11:05,1237
2018-01-09 11:10,1229
2018-01-09 11:15,1254
2018-01-09 11:20,1306
2018-01-09 11:25,1306
2018-01-09 11:30,1327
2018-01-09 11:35,1349
2018-01-09 11:40,1356
2018-01-09 11:45,1369
2018-01-09 11:50,1390
2018-01-09 11:55,1375
2018-01-09 12:00,1427
2018-01-09 12:05,1444
2018-01-09 12:10,1469
2018-01-09 12:15,1547
2018-01-09 12:20,1841
2018-01-09 12:25,1474
2018-01-09 12:30,1439
2018-01-09 12:35,1445
2018-01-09 12:40,1520
2018-01-09 12:45,1549
2018-01-09 12:50,1622
2018-01-09 12:55,1638
2018-01-09 13:00,1715
2018-01-09 13:05,1796
2018-01-09 13:10,1822
2018-01-09 13:15,1872
2018-01-09 13:20,1932
2018-01-09 13:25,1970
2018-01-09 13:30,1956
2018-01-09 13:35,2083
2018-01-09 13:40,3539
2018-01-09 13:45,4580
2018-01-09 13:50,5418
2018-01-09 13:55,6031
2018-01-09 14:00,6629
2018-01-09 14:05,7133
2018-01-09 14:10,7575
2018-01-09 14:15,7942
2018-01-09 14:20,8285
2018-01-09 14:25,8681
2018-01-09 14:30,9005
2018-01-09 14:35,9249
2018-01-09 14:40,9479
2018-01-09 14:45,9708
2018-01-09 14:50,9944
2018-01-09 14:55,10142
2018-01-09 15:00,10324
2018-01-09 15:05,10493
2018-01-09 15:10,10667
2018-01-09 15:15,10812
2018-01-09 15:20,10848
2018-01-09 15:25,10936
2018-01-09 15:30,11043
2018-01-09 15:35,11147
2018-01-09 15:40,11264
2018-01-09 15:45,11399
2018-01-09 15:50,11488
2018-01-09 15:55,11581
2018-01-09 16:00,11720
2018-01-09 16:05,11820
2018-01-09 16:10,11955
2018-01-09 16:15,12046
2018-01-09 16:20,12146
2018-01-09 16:25,12313
2018-01-09 16:30,12342
2018-01-09 16:35,12453
2018-01-09 16:40,12636
2018-01-09 16:45,12699
2018-01-09 16:50,12743
2018-01-09 16:55,12726
2018-01-09 17:00,12712
2018-01-09 17:05,12712
2018-01-09 17:10,12792
2018-01-09 17:15,12855
2018-01-09 17:20,12926
2018-01-09 17:25,12946
2018-01-09 17:30,13053
2018-01-09 17:35,13236
2018-01-09 17:40,13425
2018-01-09 17:45,13561
2018-01-09 17:50,13738
2018-01-09 17:55,13869
2018-01-09 18:00,14004
2018-01-09 18:05,14189
2018-01-09 18:10,14262
2018-01-09 18:15,14336
2018-01-09 18:20,14549
2018-01-09 18:25,14688
2018-01-09 18:30,14798
2018-01-09 18:35,14958
2018-01-09 18:40,15065
2018-01-09 18:45,15208
2018-01-09 18:50,15372
2018-01-09 18:55,15386
2018-01-09 19:00,15458
2018-01-09 19:05,15515
2018-01-09 19:10,15595
2018-01-09 19:15,15796
2018-01-09 19:20,15811
2018-01-09 19:25,15922
2018-01-09 19:30,15928
2018-01-09 19:35,15932
2018-01-09 19:40,15920
2018-01-09 19:45,15964
2018-01-09 19:50,15995
2018-01-09 19:55,16046
2018-01-09 20:00,15989
2018-01-09 20:05,15943
2018-01-09 20:10,15976
2018-01-09 20:15,16031
2018-01-09 20:20,16026
2018-01-09 20:25,16005
2018-01-09 20:30,16054
2018-01-09 20:35,16181
2018-01-09 20:40,16110
2018-01-09 20:45,16012
2018-01-09 20:50,15899
2018-01-09 20:55,15819
2018-01-09 21:00,15776
2018-01-09 21:05,15699
2018-01-09 21:10,15661
2018-01-09 21:15,15602
2018-01-09 21:20,15563
2018-01-09 21:25,15594
2018-01-09 21:30,15593
2018-01-09 21:35,15496
2018-01-09 21:40,15471
2018-01-09 21:45,15431
2018-01-09 21:50,15409
2018-01-09 21:55,15367
2018-01-09 22:00,15255
2018-01-09 22:05,15063
2018-01-09 22:10,14958
2018-01-09 22:15,14779
2018-01-09 22:20,14656
2018-01-09 22:25,14631
2018-01-09 22:30,14537
2018-01-09 22:35,14389
2018-01-09 22:40,14340
2018-01-09 22:45,14179
2018-01-09 22:50,14059
2018-01-09 22:55,14003
2018-01-09 23:00,13912
2018-01-09 23:05,13797
2018-01-09 23:10,13682
2018-01-09 23:15,13579
2018-01-09 23:20,13420
2018-01-09 23:25,13376
2018-01-09 23:30,13264
2018-01-09 23:35,13187
2018-01-09 23:40,13134
2018-01-09 23:45,13076
2018-01-09 23:50,13070
2018-01-09 23:55,13049
2018-01-10 00:00,12993
2018-01-10 00:05,12999
2018-01-10 00:10,12831
2018-01-10 00:15,12682
2018-01-10 00:20,12639
2018-01-10 00:25,12575
2018-01-10 00:30,12514
2018-01-10 00:35,
2018-01-10 00:40,0
2018-01-10 00:45,11412
2018-01-10 00:50,12167
2018-01-10 00:55,0
2018-01-10 01:00,12108
2018-01-10 01:05,12074
2018-01-10 01:10,0
2018-01-10 01:15,11989
2018-01-10 01:20,11979
2018-01-10 01:25,0
2018-01-10 01:30,11941
2018-01-10 01:35,11928
2018-01-10 01:40,0
2018-01-10 01:45,11914
2018-01-10 01:50,11955
2018-01-10 01:55,0
2018-01-10 02:00,11920
2018-01-10 02:05,11867
2018-01-10 02:10,0
2018-01-10 02:15,11857
2018-01-10 02:20,11787
2018-01-10 02:25,0
2018-01-10 02:30,11674
2018-01-10 02:35,11597
2018-01-10 02:40,0
2018-01-10 02:45,11510
2018-01-10 02:50,11408
2018-01-10 02:55,0
2018-01-10 03:00,11304
2018-01-10 03:05,11183
2018-01-10 03:10,0
2018-01-10 03:15,10887
2018-01-10 03:20,10782
2018-01-10 03:25,0
2018-01-10 03:30,10599
2018-01-10 03:35,10516
2018-01-10 03:40,0
2018-01-10 03:45,10243
2018-01-10 03:50,10127
2018-01-10 03:55,0
2018-01-10 04:00,9917
2018-01-10 04:05,9794
2018-01-10 04:10,0
2018-01-10 04:15,9472
2018-01-10 04:20,9397
2018-01-10 04:25,0
2018-01-10 04:30,9092
2018-01-10 04:35,8917
2018-01-10 04:40,0
2018-01-10 04:45,8613
2018-01-10 04:50,8475
2018-01-10 04:55,0
2018-01-10 05:00,8218
2018-01-10 05:05,8052
2018-01-10 05:10,0
2018-01-10 05:15,7789
2018-01-10 05:20,7681
2018-01-10 05:25,0
2018-01-10 05:30,7451
2018-01-10 05:35,7364
2018-01-10 05:40,0
2018-01-10 05:45,7127
2018-01-10 05:50,7010
2018-01-10 05:55,6849
2018-01-10 06:00,6717
2018-01-10 06:05,6664
2018-01-10 06:10,6574
2018-01-10 06:15,6422
2018-01-10 06:20,6319
2018-01-10 06:25,6278
2018-01-10 06:30,6203
2018-01-10 06:35,6045
2018-01-10 06:40,5915
2018-01-10 06:45,5833
2018-01-10 06:50,5782
2018-01-10 06:55,5677
2018-01-10 07:00,5541
2018-01-10 07:05,5397
2018-01-10 07:10,5280
2018-01-10 07:15,5214
2018-01-10 07:20,5192
2018-01-10 07:25,5090
2018-01-10 07:30,5011
2018-01-10 07:35,4979
2018-01-10 07:40,4957
2018-01-10 07:45,4883
2018-01-10 07:50,4781
2018-01-10 07:55,4682
2018-01-10 08:00,4658
2018-01-10 08:05,4605
2018-01-10 08:10,4542
2018-01-10 08:15,4473
2018-01-10 08:20,4480
2018-01-10 08:25,4478
2018-01-10 08:30,4443
2018-01-10 08:35,4433
2018-01-10 08:40,4423
2018-01-10 08:45,4391
2018-01-10 08:50,4384
2018-01-10 08:55,4356
2018-01-10 09:00,4354
2018-01-10 09:05,4362
2018-01-10 09:10,4404
2018-01-10 09:15,4438
2018-01-10 09:20,4434
2018-01-10 09:25,4450
2018-01-10 09:30,4477
2018-01-10 09:35,4507
2018-01-10 09:40,4574
2018-01-10 09:45,4594
2018-01-10 09:50,4660
2018-01-10 09:55,4718
2018-01-10 10:00,4767
2018-01-10 10:05,4856
2018-01-10 10:10,4909
2018-01-10 10:15,5003
2018-01-10 10:20,5052
2018-01-10 10:25,5091
2018-01-10 10:30,5128
2018-01-10 10:35,5165
2018-01-10 10:40,5229
2018-01-10 10:45,5275
2018-01-10 10:50,5348
2018-01-10 10:55,5391
2018-01-10 11:00,5509
2018-01-10 11:05,5546
2018-01-10 11:10,5578
2018-01-10 11:15,5573
2018-01-10 11:20,5639
2018-01-10 11:25,5693
2018-01-10 11:30,5735
2018-01-10 11:35,5750
2018-01-10 11:40,5849
2018-01-10 11:45,5873
2018-01-10 11:50,5899
2018-01-10 11:55,5984
2018-01-10 12:00,6076
2018-01-10 12:05,6163
2018-01-10 12:10,6231
2018-01-10 12:15,6267
2018-01-10 12:20,6326
2018-01-10 12:25,6386
2018-01-10 12:30,6448
2018-01-10 12:35,6488
2018-01-10 12:40,6543
2018-01-10 12:45,6578
2018-01-10 12:50,6626
2018-01-10 12:55,6698
2018-01-10 13:00,6715
2018-01-10 13:05,6830
2018-01-10 13:10,6947
2018-01-10 13:15,7016
2018-01-10 13:20,7117
2018-01-10 13:25,7186
2018-01-10 13:30,7267
2018-01-10 13:35,7312
2018-01-10 13:40,7382
2018-01-10 13:45,7536
2018-01-10 13:50,7615
2018-01-10 13:55,7756
2018-01-10 14:00,7793
2018-01-10 14:05,8034
2018-01-10 14:10,8195
2018-01-10 14:15,8320
2018-01-10 14:20,8356
2018-01-10 14:25,8476
2018-01-10 14:30,8637
2018-01-10 14:35,8721
2018-01-10 14:40,8835
2018-01-10 14:45,8952
2018-01-10 14:50,9041
2018-01-10 14:55,9198
2018-01-10 15:00,9372
2018-01-10 15:05,9488
2018-01-10 15:10,9614
2018-01-10 15:15,9687
2018-01-10 15:20,8193
2018-01-10 15:25,6666
2018-01-10 15:30,5449
2018-01-10 15:35,4458
2018-01-10 15:40,3834
2018-01-10 15:45,3356
2018-01-10 15:50,4239
2018-01-10 15:55,5487
2018-01-10 16:00,6436
2018-01-10 16:05,7170
2018-01-10 16:10,7831
2018-01-10 16:15,8421
2018-01-10 16:20,8953
2018-01-10 16:25,9387
2018-01-10 16:30,9780
2018-01-10 16:35,10191
2018-01-10 16:40,10577
2018-01-10 16:45,10778
2018-01-10 16:50,10953
2018-01-10 16:55,11172
2018-01-10 17:00,11155
2018-01-10 17:05,11437
2018-01-10 17:10,11618
2018-01-10 17:15,9648
2018-01-10 17:20,7829
2018-01-10 17:25,6316
2018-01-10 17:30,5496
2018-01-10 17:35,6868
2018-01-10 17:40,7874
2018-01-10 17:45,8754
2018-01-10 17:50,9365
2018-01-10 17:55,10066
2018-01-10 18:00,10645
2018-01-10 18:05,11209
2018-01-10 18:10,11676
2018-01-10 18:15,12151
2018-01-10 18:20,12587
2018-01-10 18:25,13032
2018-01-10 18:30,13351
2018-01-10 18:35,13626
2018-01-10 18:40,13843
2018-01-10 18:45,14065
2018-01-10 18:50,14225
2018-01-10 18:55,14332
2018-01-10 19:00,14450
2018-01-10 19:05,14540
2018-01-10 19:10,14648
2018-01-10 19:15,14766
2018-01-10 19:20,14851
2018-01-10 19:25,14919
2018-01-10 19:30,14913
2018-01-10 19:35,14919
2018-01-10 19:40,14935
2018-01-10 19:45,14885
2018-01-10 19:50,15017
2018-01-10 19:55,15005
2018-01-10 20:00,15030
2018-01-10 20:05,14961
2018-01-10 20:10,14974
2018-01-10 20:15,14953
2018-01-10 20:20,14976
2018-01-10 20:25,14941
2018-01-10 20:30,14909
2018-01-10 20:35,14892
2018-01-10 20:40,14977
2018-01-10 20:45,14962
2018-01-10 20:50,14916
2018-01-10 20:55,14763
2018-01-10 21:00,14790
2018-01-10 21:05,14728
2018-01-10 21:10,14646
2018-01-10 21:15,14578
2018-01-10 21:20,14457
2018-01-10 21:25,14363
2018-01-10 21:30,14370
2018-01-10 21:35,14349
2018-01-10 21:40,14281
2018-01-10 21:45,14183
2018-01-10 21:50,14145
2018-01-10 21:55,14102
2018-01-10 22:00,14046
2018-01-10 22:05,13927
2018-01-10 22:10,13847
2018-01-10 22:15,13679
2018-01-10 22:20,13612
2018-01-10 22:25,13564
2018-01-10 22:30,13409
2018-01-10 22:35,13266
2018-01-10 22:40,13219
2018-01-10 22:45,13054
2018-01-10 22:50,12992
2018-01-10 22:55,12856
2018-01-10 23:00,12726
2018-01-10 23:05,12603
2018-01-10 23:10,12428
2018-01-10 23:15,12382
2018-01-10 23:20,12367
2018-01-10 23:25,12268
2018-01-10 23:30,12239
2018-01-10 23:35,12169
2018-01-10 23:40,12050
2018-01-10 23:45,12033
2018-01-10 23:50,11987
2018-01-10 23:55,11934
2018-01-11 00:00,11827
2018-01-11 00:05,11748
2018-01-11 00:10,11664
2018-01-11 00:15,11583
2018-01-11 00:20,11588
2018-01-11 00:25,11529
2018-01-11 00:30,11481
2018-01-11 00:35,11403
2018-01-11 00:40,11384
2018-01-11 00:45,11344
2018-01-11 00:50,11327
2018-01-11 00:55,11326
2018-01-11 01:00,11331
2018-01-11 01:05,11356
2018-01-11 01:10,11279
2018-01-11 01:15,11183
2018-01-11 01:20,11101
2018-01-11 01:25,11091
2018-01-11 01:30,11103
2018-01-11 01:35,11077
2018-01-11 01:40,11111
2018-01-11 01:45,11152
2018-01-11 01:50,11146
2018-01-11 01:55,11053
2018-01-11 02:00,11058
2018-01-11 02:05,11040
2018-01-11 02:10,11046
2018-01-11 02:15,11072
2018-01-11 02:20,11016
2018-01-11 02:25,11061
2018-01-11 02:30,10996
2018-01-11 02:35,11035
2018-01-11 02:40,10965
2018-01-11 02:45,10856
2018-01-11 02:50,10787
2018-01-11 02:55,10693
2018-01-11 03:00,10572
2018-01-11 03:05,10481
2018-01-11 03:10,10369
2018-01-11 03:15,10267
2018-01-11 03:20,10212
2018-01-11 03:25,10106
2018-01-11 03:30,10016
2018-01-11 03:35,9913
2018-01-11 03:40,9749
2018-01-11 03:45,9674
2018-01-11 03:50,9661
2018-01-11 03:55,9539
2018-01-11 04:00,9482
2018-01-11 04:05,9368
2018-01-11 04:10,9213
2018-01-11 04:15,9086
2018-01-11 04:20,9027
2018-01-11 04:25,8867
2018-01-11 04:30,8733
2018-01-11 04:35,8601
2018-01-11 04:40,8410
2018-01-11 04:45,8302
2018-01-11 04:50,8149
2018-01-11 04:55,8035
2018-01-11 05:00,7931
2018-01-11 05:05,7771
2018-01-11 05:10,7603
2018-01-11 05:15,7463
2018-01-11 05:20,7334
2018-01-11 05:25,7236
2018-01-11 05:30,7137
2018-01-11 05:35,6983
2018-01-11 05:40,6871
2018-01-11 05:45,6747
2018-01-11 05:50,6603
2018-01-11 05:55,6468
2018-01-11 06:00,6323
2018-01-11 06:05,6155
2018-01-11 06:10,6034
2018-01-11 06:15,5958
2018-01-11 06:20,5850
2018-01-11 06:25,5774
2018-01-11 06:30,5684
2018-01-11 06:35,5593
2018-01-11 06:40,5511
2018-01-11 06:45,5466
2018-01-11 06:50,5328
2018-01-11 06:55,5280
2018-01-11 07:00,5190
2018-01-11 07:05,5013
2018-01-11 07:10,4919
2018-01-11 07:15,4840
2018-01-11 07:20,4784
2018-01-11 07:25,4681
2018-01-11 07:30,4611
2018-01-11 07:35,4542
2018-01-11 07:40,4504
2018-01-11 07:45,4405
2018-01-11 07:50,4354
2018-01-11 07:55,4318
2018-01-11 08:00,4244
2018-01-11 08:05,4195
2018-01-11 08:10,4165
2018-01-11 08:15,4114
2018-01-11 08:20,4124
2018-01-11 08:25,4057
2018-01-11 08:30,4070
2018-01-11 08:35,4066
2018-01-11 08:40,4063
2018-01-11 08:45,4033
2018-01-11 08:50,4022
2018-01-11 08:55,4039
2018-01-11 09:00,4075
2018-01-11 09:05,4156
2018-01-11 09:10,4184
2018-01-11 09:15,4201
2018-01-11 09:20,4241
2018-01-11 09:25,4279
2018-01-11 09:30,4267
2018-01-11 09:35,4284
2018-01-11 09:40,4307
2018-01-11 09:45,4358
2018-01-11 09:50,4359
2018-01-11 09:55,4391
2018-01-11 10:00,4419
2018-01-11 10:05,4435
2018-01-11 10:10,4488
2018-01-11 10:15,4548
2018-01-11 10:20,4600
2018-01-11 10:25,4608
2018-01-11 10:30,4641
2018-01-11 10:35,4706
2018-01-11 10:40,4785
2018-01-11 10:45,4841
2018-01-11 10:50,4883
2018-01-11 10:55,4933
2018-01-11 11:00,4989
2018-01-11 11:05,5042
2018-01-11 11:10,5137
2018-01-11 11:15,5143
2018-01-11 11:20,5233
2018-01-11 11:25,5260
2018-01-11 11:30,5308
2018-01-11 11:35,5272
2018-01-11 11:40,5234
2018-01-11 11:45,5232
2018-01-11 11:50,5274
2018-01-11 11:55,5343
2018-01-11 12:00,5363
2018-01-11 12:05,5304
2018-01-11 12:10,5357
2018-01-11 12:15,5389
2018-01-11 12:20,5275
2018-01-11 12:25,5300
2018-01-11 12:30,5278
2018-01-11 12:35,4341
2018-01-11 12:40,3536
2018-01-11 12:45,2847
2018-01-11 12:50,2221
2018-01-11 12:55,1778
2018-01-11 13:00,1640
2018-01-11 13:05,1502
2018-01-11 13:10,1483
2018-01-11 13:15,1483
2018-01-11 13:20,1520
2018-01-11 13:25,1545
2018-01-11 13:30,1566
2018-01-11 13:35,1523
2018-01-11 13:40,1649
2018-01-11 13:45,2103
2018-01-11 13:50,
2018-01-11 13:55,
2018-01-11 14:00,
2018-01-11 14:05,
2018-01-11 14:10,
2018-01-11 14:15,
2018-01-11 14:20,
2018-01-11 14:25,
2018-01-11 14:30,
2018-01-11 14:35,
2018-01-11 14:40,
2018-01-11 14:45,
2018-01-11 14:50,
2018-01-11 14:55,
2018-01-11 15:00,
2018-01-11 15:05,
2018-01-11 15:10,
2018-01-11 15:15,
2018-01-11 15:20,
2018-01-11 15:25,
2018-01-11 15:30,
2018-01-11 15:35,
2018-01-11 15:40,
2018-01-11 15:45,
2018-01-11 15:50,
2018-01-11 15:55,
2018-01-11 16:00,
2018-01-11 16:05,
2018-01-11 16:10,
2018-01-11 16:15,
2018-01-11 16:20,
2018-01-11 16:25,
2018-01-11 16:30,
2018-01-11 16:35,
2018-01-11 16:40,
2018-01-11 16:45,
2018-01-11 16:50,
2018-01-11 16:55,
2018-01-11 17:00,
2018-01-11 17:05,
2018-01-11 17:10,
2018-01-11 17:15,
2018-01-11 17:20,
2018-01-11 17:25,
2018-01-11 17:30,
2018-01-11 17:35,
2018-01-11 17:40,
2018-01-11 17:45,
2018-01-11 17:50,
2018-01-11 17:55,
2018-01-11 18:00,
2018-01-11 18:05,
2018-01-11 18:10,
2018-01-11 18:15,
2018-01-11 18:20,
2018-01-11 18:25,
2018-01-11 18:30,
2018-01-11 18:35,
2018-01-11 18:40,
2018-01-11 18:45,
2018-01-11 18:50,
2018-01-11 18:55,
2018-01-11 19:00,
2018-01-11 19:05,
2018-01-11 19:10,
2018-01-11 19:15,
2018-01-11 19:20,
2018-01-11 19:25,
2018-01-11 19:30,
2018-01-11 19:35,
2018-01-11 19:40,
2018-01-11 19:45,
2018-01-11 19:50,
2018-01-11 19:55,
2018-01-11 20:00,
2018-01-11 20:05,
2018-01-11 20:10,
2018-01-11 20:15,
2018-01-11 20:20,
2018-01-11 20:25,
2018-01-11 20:30,
2018-01-11 20:35,
2018-01-11 20:40,
2018-01-11 20:45,
2018-01-11 20:50,
2018-01-11 20:55,
2018-01-11 21:00,
2018-01-11 21:05,
2018-01-11 21:10,
2018-01-11 21:15,
2018-01-11 21:20,
2018-01-11 21:25,
2018-01-11 21:30,
2018-01-11 21:35,
2018-01-11 21:40,
2018-01-11 21:45,
2018-01-11 21:50,
2018-01-11 21:55,
2018-01-11 22:00,
2018-01-11 22:05,13501
2018-01-11 22:10,13513
2018-01-11 22:15,13498
2018-01-11 22:20,13432
2018-01-11 22:25,13274
2018-01-11 22:30,13119
2018-01-11 22:35,12966
2018-01-11 22:40,12915
2018-01-11 22:45,12809
2018-01-11 22:50,12676
2018-01-11 22:55,12502
2018-01-11 23:00,12410
2018-01-11 23:05,12243
2018-01-11 23:10,12265
2018-01-11 23:15,12199
2018-01-11 23:20,12165
2018-01-11 23:25,12039
2018-01-11 23:30,11939
2018-01-11 23:35,11785
2018-01-11 23:40,11732
2018-01-11 23:45,11689
2018-01-11 23:50,11561
2018-01-11 23:55,11464
2018-01-12 00:00,11390
2018-01-12 00:05,11378
2018-01-12 00:10,11315
2018-01-12 00:15,11232
2018-01-12 00:20,11139
2018-01-12 00:25,11116
2018-01-12 00:30,11121
2018-01-12 00:35,11108
2018-01-12 00:40,11080
2018-01-12 00:45,11052
2018-01-12 00:50,10987
2018-01-12 00:55,11013
2018-01-12 01:00,10929
2018-01-12 01:05,10665
2018-01-12 01:10,10871
2018-01-12 01:15,10845
2018-01-12 01:20,10864
2018-01-12 01:25,0
2018-01-12 01:30,
2018-01-12 01:35,10756
2018-01-12 01:40,10769
2018-01-12 01:45,10794
2018-01-12 01:50,10748
2018-01-12 01:55,10758
2018-01-12 02:00,10621
2018-01-12 02:05,10621
2018-01-12 02:10,10463
2018-01-12 02:15,10497
2018-01-12 02:20,10454
2018-01-12 02:25,10429
2018-01-12 02:30,10455
2018-01-12 02:35,10381
2018-01-12 02:40,10307
2018-01-12 02:45,10222
2018-01-12 02:50,10150
2018-01-12 02:55,10047
2018-01-12 03:00,9981
2018-01-12 03:05,9877
2018-01-12 03:10,9825
2018-01-12 03:15,9705
2018-01-12 03:20,9568
2018-01-12 03:25,9486
2018-01-12 03:30,9411
2018-01-12 03:35,9404
2018-01-12 03:40,9260
2018-01-12 03:45,9131
2018-01-12 03:50,9059
2018-01-12 03:55,8942
2018-01-12 04:00,8838
2018-01-12 04:05,8747
2018-01-12 04:10,8630
2018-01-12 04:15,8570
2018-01-12 04:20,8482
2018-01-12 04:25,8391
2018-01-12 04:30,8260
2018-01-12 04:35,8149
2018-01-12 04:40,8031
2018-01-12 04:45,7673
2018-01-12 04:50,7918
2018-01-12 04:55,7816
2018-01-12 05:00,7681
2018-01-12 05:05,
2018-01-12 05:10,7417
2018-01-12 05:15,7296
2018-01-12 05:20,7214
2018-01-12 05:25,7142
2018-01-12 05:30,7005
2018-01-12 05:35,6891
2018-01-12 05:40,
2018-01-12 05:45,6681
2018-01-12 05:50,6563
2018-01-12 05:55,6439
2018-01-12 06:00,6346
2018-01-12 06:05,6215
2018-01-12 06:10,6134
2018-01-12 06:15,6051
2018-01-12 06:20,5955
2018-01-12 06:25,5863
2018-01-12 06:30,5777
2018-01-12 06:35,5677
2018-01-12 06:40,5582
2018-01-12 06:45,5488
2018-01-12 06:50,5410
2018-01-12 06:55,5296
2018-01-12 07:00,5199
2018-01-12 07:05,5120
2018-01-12 07:10,5038
2018-01-12 07:15,4961
2018-01-12 07:20,4846
2018-01-12 07:25,4786
2018-01-12 07:30,4707
2018-01-12 07:35,4610
2018-01-12 07:40,4572
2018-01-12 07:45,4479
2018-01-12 07:50,4421
2018-01-12 07:55,4369
2018-01-12 08:00,4368
2018-01-12 08:05,
2018-01-12 08:10,4293
2018-01-12 08:15,4251
2018-01-12 08:20,4273
2018-01-12 08:25,4237
2018-01-12 08:30,4246
2018-01-12 08:35,4239
2018-01-12 08:40,4224
2018-01-12 08:45,4234
2018-01-12 08:50,4187
2018-01-12 08:55,4160
2018-01-12 09:00,4104
2018-01-12 09:05,4121
2018-01-12 09:10,4205
2018-01-12 09:15,4233
2018-01-12 09:20,4250
2018-01-12 09:25,4265
2018-01-12 09:30,4257
2018-01-12 09:35,4240
2018-01-12 09:40,4281
2018-01-12 09:45,4292
2018-01-12 09:50,
2018-01-12 09:55,4324
2018-01-12 10:00,4365
2018-01-12 10:05,4417
2018-01-12 10:10,4453
2018-01-12 10:15,4478
2018-01-12 10:20,4529
2018-01-12 10:25,
2018-01-12 10:30,4625
2018-01-12 10:35,4667
2018-01-12 10:40,
2018-01-12 10:45,
2018-01-12 10:50,4827
2018-01-12 10:55,4878
2018-01-12 11:00,4942
2018-01-12 11:05,
2018-01-12 11:10,5033
2018-01-12 11:15,5087
2018-01-12 11:20,5152
2018-01-12 11:25,5213
2018-01-12 11:30,5303
2018-01-12 11:35,5354
2018-01-12 11:40,5412
2018-01-12 11:45,5493
2018-01-12 11:50,5610
2018-01-12 11:55,
2018-01-12 12:00,
2018-01-12 12:05,5803
2018-01-12 12:10,
2018-01-12 12:15,5931
2018-01-12 12:20,6005
2018-01-12 12:25,
2018-01-12 12:30,6256
2018-01-12 12:35,
2018-01-12 12:40,6468
2018-01-12 12:45,6555
2018-01-12 12:50,6611
2018-01-12 12:55,6726
2018-01-12 13:00,6799
2018-01-12 13:05,6880
2018-01-12 13:10,6918
2018-01-12 13:15,6982
2018-01-12 13:20,7105
2018-01-12 13:25,7179
2018-01-12 13:30,7259
2018-01-12 13:35,7338
2018-01-12 13:40,7453
2018-01-12 13:45,7539
2018-01-12 13:50,7582
2018-01-12 13:55,7686
2018-01-12 14:00,7831
2018-01-12 14:05,7896
2018-01-12 14:10,8038
2018-01-12 14:15,8147
2018-01-12 14:20,8255
2018-01-12 14:25,8368
2018-01-12 14:30,8496
2018-01-12 14:35,8581
2018-01-12 14:40,8702
2018-01-12 14:45,8837
2018-01-12 14:50,8928
2018-01-12 14:55,9140
2018-01-12 15:00,9282
2018-01-12 15:05,9383
2018-01-12 15:10,9509
2018-01-12 15:15,9611
2018-01-12 15:20,9737
2018-01-12 15:25,
2018-01-12 15:30,10055
2018-01-12 15:35,
2018-01-12 15:40,10246
2018-01-12 15:45,10324
2018-01-12 15:50,10467
2018-01-12 15:55,10547
2018-01-12 16:00,10628
2018-01-12 16:05,10707
2018-01-12 16:10,10781
2018-01-12 16:15,
2018-01-12 16:20,
2018-01-12 16:25,11165
2018-01-12 16:30,
2018-01-12 16:35,
2018-01-12 16:40,
2018-01-12 16:45,
2018-01-12 16:50,
2018-01-12 16:55,
2018-01-12 17:00,
2018-01-12 17:05,
2018-01-12 17:10,
2018-01-12 17:15,
2018-01-12 17:20,
2018-01-12 17:25,12281
2018-01-12 17:30,12317
2018-01-12 17:35,
2018-01-12 17:40,
2018-01-12 17:45,12483
2018-01-12 17:50,
2018-01-12 17:55,
2018-01-12 18:00,12689
2018-01-12 18:05,12737
2018-01-12 18:10,12784
2018-01-12 18:15,12873
2018-01-12 18:20,12928
2018-01-12 18:25,13058
2018-01-12 18:30,13223
2018-01-12 18:35,13343
2018-01-12 18:40,
2018-01-12 18:45,13476
2018-01-12 18:50,13564
2018-01-12 18:55,13565
2018-01-12 19:00,13614
2018-01-12 19:05,13725
2018-01-12 19:10,13778
2018-01-12 19:15,13846
2018-01-12 19:20,13947
2018-01-12 19:25,13975
2018-01-12 19:30,14014
2018-01-12 19:35,14086
2018-01-12 19:40,
2018-01-12 19:45,14200
2018-01-12 19:50,14244
2018-01-12 19:55,14333
2018-01-12 20:00,14318
2018-01-12 20:05,14326
2018-01-12 20:10,14392
2018-01-12 20:15,14429
2018-01-12 20:20,14457
2018-01-12 20:25,14515
2018-01-12 20:30,14558
2018-01-12 20:35,14653
2018-01-12 20:40,14741
2018-01-12 20:45,14808
2018-01-12 20:50,14899
2018-01-12 20:55,14902
2018-01-12 21:00,14890
2018-01-12 21:05,14925
2018-01-12 21:10,14996
2018-01-12 21:15,15028
2018-01-12 21:20,15070
2018-01-12 21:25,15072
2018-01-12 21:30,15065
2018-01-12 21:35,15086
2018-01-12 21:40,15099
2018-01-12 21:45,15167
2018-01-12 21:50,15127
2018-01-12 21:55,15094
2018-01-12 22:00,15043
2018-01-12 22:05,15025
2018-01-12 22:10,15026
2018-01-12 22:15,15076
2018-01-12 22:20,14997
2018-01-12 22:25,14929
2018-01-12 22:30,14803
2018-01-12 22:35,14762
2018-01-12 22:40,
2018-01-12 22:45,
2018-01-12 22:50,14615
2018-01-12 22:55,14508
2018-01-12 23:00,14439
2018-01-12 23:05,14360
2018-01-12 23:10,14263
2018-01-12 23:15,14116
2018-01-12 23:20,14029
2018-01-12 23:25,13937
2018-01-12 23:30,13862
2018-01-12 23:35,13743
2018-01-12 23:40,13622
2018-01-12 23:45,13529
2018-01-12 23:50,13477
2018-01-12 23:55,13286
2018-01-13 00:00,13189
2018-01-13 00:05,13105
2018-01-13 00:10,13055
2018-01-13 00:15,12912
2018-01-13 00:20,12814
2018-01-13 00:25,12771
2018-01-13 00:30,12692
2018-01-13 00:35,12653
2018-01-13 00:40,12562
2018-01-13 00:45,12339
2018-01-13 00:50,12191
2018-01-13 00:55,12065
2018-01-13 01:00,11948
2018-01-13 01:05,11931
2018-01-13 01:10,11910
2018-01-13 01:15,11783
2018-01-13 01:20,11781
2018-01-13 01:25,11696
2018-01-13 01:30,11763
2018-01-13 01:35,11726
2018-01-13 01:40,11723
2018-01-13 01:45,11683
2018-01-13 01:50,11608
2018-01-13 01:55,11593
2018-01-13 02:00,11546
2018-01-13 02:05,11466
2018-01-13 02:10,11437
2018-01-13 02:15,11448
2018-01-13 02:20,11432
2018-01-13 02:25,11377
2018-01-13 02:30,11370
2018-01-13 02:35,11331
2018-01-13 02:40,11371
2018-01-13 02:45,11382
2018-01-13 02:50,11400
2018-01-13 02:55,11285
2018-01-13 03:00,
2018-01-13 03:05,
2018-01-13 03:10,
2018-01-13 03:15,
2018-01-13 03:20,
2018-01-13 03:25,10774
2018-01-13 03:30,10795
2018-01-13 03:35,10714
2018-01-13 03:40,10656
2018-01-13 03:45,10593
2018-01-13 03:50,10501
2018-01-13 03:55,
2018-01-13 04:00,10439
2018-01-13 04:05,10391
2018-01-13 04:10,
2018-01-13 04:15,10174
2018-01-13 04:20,10127
2018-01-13 04:25,10022
2018-01-13 04:30,9961
2018-01-13 04:35,9881
2018-01-13 04:40,9697
2018-01-13 04:45,9614
2018-01-13 04:50,
2018-01-13 04:55,9426
2018-01-13 05:00,9282
2018-01-13 05:05,9175
2018-01-13 05:10,9097
2018-01-13 05:15,9003
2018-01-13 05:20,8896
2018-01-13 05:25,
2018-01-13 05:30,8729
2018-01-13 05:35,8587
2018-01-13 05:40,8407
2018-01-13 05:45,8327
2018-01-13 05:50,8226
2018-01-13 05:55,8113
2018-01-13 06:00,8008
2018-01-13 06:05,7880
2018-01-13 06:10,7786
2018-01-13 06:15,7717
2018-01-13 06:20,7608
2018-01-13 06:25,7528
2018-01-13 06:30,7424
2018-01-13 06:35,7342
2018-01-13 06:40,7153
2018-01-13 06:45,6995
2018-01-13 06:50,6891
2018-01-13 06:55,6758
2018-01-13 07:00,6673
2018-01-13 07:05,6542
2018-01-13 07:10,6469
2018-01-13 07:15,6410
2018-01-13 07:20,6373
2018-01-13 07:25,6283
2018-01-13 07:30,6250
2018-01-13 07:35,6166
2018-01-13 07:40,6098
2018-01-13 07:45,6052
2018-01-13 07:50,6021
2018-01-13 07:55,5947
2018-01-13 08:00,5868
2018-01-13 08:05,5800
2018-01-13 08:10,5724
2018-01-13 08:15,5709
2018-01-13 08:20,5641
2018-01-13 08:25,5605
2018-01-13 08:30,5577
2018-01-13 08:35,5553
2018-01-13 08:40,5544
2018-01-13 08:45,5551
2018-01-13 08:50,5506
2018-01-13 08:55,5440
2018-01-13 09:00,5435
2018-01-13 09:05,5445
2018-01-13 09:10,5455
2018-01-13 09:15,5480
2018-01-13 09:20,5485
2018-01-13 09:25,5500
2018-01-13 09:30,5541
2018-01-13 09:35,5549
2018-01-13 09:40,5629
2018-01-13 09:45,5698
2018-01-13 09:50,5755
2018-01-13 09:55,5776
2018-01-13 10:00,5848
2018-01-13 10:05,5862
2018-01-13 10:10,5964
2018-01-13 10:15,5995
2018-01-13 10:20,6040
2018-01-13 10:25,6166
2018-01-13 10:30,6285
2018-01-13 10:35,6391
2018-01-13 10:40,6465
2018-01-13 10:45,6540
2018-01-13 10:50,6622
2018-01-13 10:55,6709
2018-01-13 11:00,6747
2018-01-13 11:05,6844
2018-01-13 11:10,6909
2018-01-13 11:15,6972
2018-01-13 11:20,7009
2018-01-13 11:25,7097
2018-01-13 11:30,7170
2018-01-13 11:35,7266
2018-01-13 11:40,7352
2018-01-13 11:45,7427
2018-01-13 11:50,7466
2018-01-13 11:55,7545
2018-01-13 12:00,7662
2018-01-13 12:05,7752
2018-01-13 12:10,7904
2018-01-13 12:15,8030
2018-01-13 12:20,8149
2018-01-13 12:25,8181
2018-01-13 12:30,8230
2018-01-13 12:35,8317
2018-01-13 12:40,8366
2018-01-13 12:45,8491
2018-01-13 12:50,8585
2018-01-13 12:55,8704
2018-01-13 13:00,8774
2018-01-13 13:05,8822
2018-01-13 13:10,8995
2018-01-13 13:15,9095
2018-01-13 13:20,9151
2018-01-13 13:25,9258
2018-01-13 13:30,9371
2018-01-13 13:35,9494
2018-01-13 13:40,9609
2018-01-13 13:45,9631
2018-01-13 13:50,9772
2018-01-13 13:55,9877
2018-01-13 14:00,9932
2018-01-13 14:05,10006
2018-01-13 14:10,10142
2018-01-13 14:15,10294
2018-01-13 14:20,10347
2018-01-13 14:25,10490
2018-01-13 14:30,10606
2018-01-13 14:35,10714
2018-01-13 14:40,10799
2018-01-13 14:45,10913
2018-01-13 14:50,10975
2018-01-13 14:55,11076
2018-01-13 15:00,11168
2018-01-13 15:05,11251
2018-01-13 15:10,0
2018-01-13 15:15,11552
2018-01-13 15:20,11738
2018-01-13 15:25,11814
2018-01-13 15:30,11932
2018-01-13 15:35,12110
2018-01-13 15:40,12220
2018-01-13 15:45,12263
2018-01-13 15:50,12353
2018-01-13 15:55,12380
2018-01-13 16:00,12464
2018-01-13 16:05,12575
2018-01-13 16:10,12615
2018-01-13 16:15,12714
2018-01-13 16:20,12824
2018-01-13 16:25,12883
2018-01-13 16:30,12972
2018-01-13 16:35,13071
2018-01-13 16:40,13103
2018-01-13 16:45,13189
2018-01-13 16:50,13230
2018-01-13 16:55,13275
2018-01-13 17:00,13302
2018-01-13 17:05,13443
2018-01-13 17:10,13538
2018-01-13 17:15,13622
2018-01-13 17:20,13729
2018-01-13 17:25,13863
2018-01-13 17:30,13938
2018-01-13 17:35,14054
2018-01-13 17:40,14132
2018-01-13 17:45,14210
2018-01-13 17:50,14253
2018-01-13 17:55,14315
2018-01-13 18:00,14344
2018-01-13 18:05,14405
2018-01-13 18:10,14470
2018-01-13 18:15,14564
2018-01-13 18:20,14716
2018-01-13 18:25,14753
2018-01-13 18:30,14769
2018-01-13 18:35,14805
2018-01-13 18:40,14910
2018-01-13 18:45,15042
2018-01-13 18:50,15099
2018-01-13 18:55,15178
2018-01-13 19:00,15229
2018-01-13 19:05,15368
2018-01-13 19:10,15406
2018-01-13 19:15,15493
2018-01-13 19:20,15592
2018-01-13 19:25,15634
2018-01-13 19:30,15633
2018-01-13 19:35,15711
2018-01-13 19:40,15811
2018-01-13 19:45,15887
2018-01-13 19:50,15994
2018-01-13 19:55,15977
2018-01-13 20:00,16075
2018-01-13 20:05,16118
2018-01-13 20:10,16243
2018-01-13 20:15,16263
2018-01-13 20:20,16291
2018-01-13 20:25,16354
2018-01-13 20:30,16326
2018-01-13 20:35,16341
2018-01-13 20:40,16345
2018-01-13 20:45,16398
2018-01-13 20:50,16476
2018-01-13 20:55,16493
2018-01-13 21:00,16537
2018-01-13 21:05,16503
2018-01-13 21:10,16368
2018-01-13 21:15,16292
2018-01-13 21:20,16065
2018-01-13 21:25,15866
2018-01-13 21:30,15765
2018-01-13 21:35,15551
2018-01-13 21:40,15488
2018-01-13 21:45,15281
2018-01-13 21:50,15149
2018-01-13 21:55,15028
2018-01-13 22:00,14869
2018-01-13 22:05,14720
2018-01-13 22:10,14561
2018-01-13 22:15,14438
2018-01-13 22:20,14304
2018-01-13 22:25,14220
2018-01-13 22:30,
2018-01-13 22:35,14118
2018-01-13 22:40,14005
2018-01-13 22:45,13905
2018-01-13 22:50,13858
2018-01-13 22:55,13858
2018-01-13 23:00,13856
2018-01-13 23:05,13736
2018-01-13 23:10,13714
2018-01-13 23:15,13739
2018-01-13 23:20,13762
2018-01-13 23:25,13783
2018-01-13 23:30,13755
2018-01-13 23:35,13650
2018-01-13 23:40,13596
2018-01-13 23:45,13613
2018-01-13 23:50,13538
2018-01-13 23:55,13533
2018-01-14 00:00,13465
2018-01-14 00:05,13411
2018-01-14 00:10,13329
2018-01-14 00:15,13203
2018-01-14 00:20,13125
2018-01-14 00:25,13024
2018-01-14 00:30,12956
2018-01-14 00:35,12868
2018-01-14 00:40,12811
2018-01-14 00:45,12688
2018-01-14 00:50,12645
2018-01-14 00:55,12546
2018-01-14 01:00,12444
2018-01-14 01:05,12333
2018-01-14 01:10,12255
2018-01-14 01:15,12195
2018-01-14 01:20,12085
2018-01-14 01:25,12053
2018-01-14 01:30,12048
2018-01-14 01:35,12002
2018-01-14 01:40,11961
2018-01-14 01:45,11887
2018-01-14 01:50,11824
2018-01-14 01:55,11742
2018-01-14 02:00,11679
2018-01-14 02:05,11604
2018-01-14 02:10,11558
2018-01-14 02:15,11497
2018-01-14 02:20,11546
2018-01-14 02:25,11438
2018-01-14 02:30,11398
2018-01-14 02:35,11351
2018-01-14 02:40,11222
2018-01-14 02:45,11127
2018-01-14 02:50,11098
2018-01-14 02:55,11020
2018-01-14 03:00,11008
2018-01-14 03:05,10950
2018-01-14 03:10,10889
2018-01-14 03:15,10867
2018-01-14 03:20,10749
2018-01-14 03:25,10753
2018-01-14 03:30,10689
2018-01-14 03:35,10584
2018-01-14 03:40,10563
2018-01-14 03:45,10559
2018-01-14 03:50,10477
2018-01-14 03:55,10442
2018-01-14 04:00,10331
2018-01-14 04:05,10243
2018-01-14 04:10,10166
2018-01-14 04:15,10080
2018-01-14 04:20,10064
2018-01-14 04:25,9989
2018-01-14 04:30,9941
2018-01-14 04:35,9886
2018-01-14 04:40,9849
2018-01-14 04:45,9722
2018-01-14 04:50,9592
2018-01-14 04:55,9483
2018-01-14 05:00,9354
2018-01-14 05:05,9268
2018-01-14 05:10,9211
2018-01-14 05:15,9077
2018-01-14 05:20,8999
2018-01-14 05:25,8894
2018-01-14 05:30,8770
2018-01-14 05:35,8718
2018-01-14 05:40,8596
2018-01-14 05:45,8520
2018-01-14 05:50,8445
2018-01-14 05:55,8303
2018-01-14 06:00,8192
2018-01-14 06:05,8093
2018-01-14 06:10,7942
2018-01-14 06:15,7873
2018-01-14 06:20,7763
2018-01-14 06:25,7763
2018-01-14 06:30,7500
2018-01-14 06:35,7373
2018-01-14 06:40,7275
2018-01-14 06:45,7237
2018-01-14 06:50,7067
2018-01-14 06:55,6934
2018-01-14 07:00,6863
2018-01-14 07:05,6746
2018-01-14 07:10,6664
2018-01-14 07:15,6549
2018-01-14 07:20,6496
2018-01-14 07:25,6487
2018-01-14 07:30,6454
2018-01-14 07:35,6415
2018-01-14 07:40,6354
2018-01-14 07:45,6249
2018-01-14 07:50,6176
2018-01-14 07:55,6072
2018-01-14 08:00,5953
2018-01-14 08:05,5899
2018-01-14 08:10,5860
2018-01-14 08:15,5804
2018-01-14 08:20,5784
2018-01-14 08:25,5770
2018-01-14 08:30,5755
2018-01-14 08:35,5747
2018-01-14 08:40,5686
2018-01-14 08:45,5685
2018-01-14 08:50,5676
2018-01-14 08:55,5645
2018-01-14 09:00,5616
2018-01-14 09:05,5593
2018-01-14 09:10,5634
2018-01-14 09:15,5687
2018-01-14 09:20,5714
2018-01-14 09:25,5730
2018-01-14 09:30,5769
2018-01-14 09:35,5825
2018-01-14 09:40,5881
2018-01-14 09:45,5968
2018-01-14 09:50,6070
2018-01-14 09:55,6128
2018-01-14 10:00,6205
2018-01-14 10:05,6281
2018-01-14 10:10,6349
2018-01-14 10:15,6400
2018-01-14 10:20,6490
2018-01-14 10:25,6570
2018-01-14 10:30,6674
2018-01-14 10:35,6754
2018-01-14 10:40,6819
2018-01-14 10:45,6895
2018-01-14 10:50,6988
2018-01-14 10:55,7052
2018-01-14 11:00,7162
2018-01-14 11:05,7185
2018-01-14 11:10,7236
2018-01-14 11:15,7306
2018-01-14 11:20,7348
2018-01-14 11:25,7420
2018-01-14 11:30,7549
2018-01-14 11:35,
2018-01-14 11:40,7628
2018-01-14 11:45,7693
2018-01-14 11:50,7765
2018-01-14 11:55,7883
2018-01-14 12:00,7974
2018-01-14 12:05,8091
2018-01-14 12:10,8254
2018-01-14 12:15,8307
2018-01-14 12:20,8432
2018-01-14 12:25,8542
2018-01-14 12:30,8625
2018-01-14 12:35,8750
2018-01-14 12:40,8835
2018-01-14 12:45,8963
2018-01-14 12:50,9015
2018-01-14 12:55,9085
2018-01-14 13:00,9196
2018-01-14 13:05,9239
2018-01-14 13:10,9405
2018-01-14 13:15,9408
2018-01-14 13:20,9503
2018-01-14 13:25,9603
2018-01-14 13:30,9630
2018-01-14 13:35,9712
2018-01-14 13:40,9857
2018-01-14 13:45,9867
2018-01-14 13:50,
2018-01-14 13:55,10077
2018-01-14 14:00,10068
2018-01-14 14:05,10190
2018-01-14 14:10,10305
2018-01-14 14:15,10410
2018-01-14 14:20,10483
2018-01-14 14:25,10556
2018-01-14 14:30,10607
2018-01-14 14:35,10711
2018-01-14 14:40,10818
2018-01-14 14:45,10919
2018-01-14 14:50,11041
2018-01-14 14:55,11121
2018-01-14 15:00,11217
2018-01-14 15:05,11346
2018-01-14 15:10,11488
2018-01-14 15:15,11608
2018-01-14 15:20,11685
2018-01-14 15:25,11796
2018-01-14 15:30,11787
2018-01-14 15:35,11965
2018-01-14 15:40,12048
2018-01-14 15:45,12179
2018-01-14 15:50,12244
2018-01-14 15:55,12337
2018-01-14 16:00,12443
2018-01-14 16:05,12548
2018-01-14 16:10,12670
2018-01-14 16:15,12789
2018-01-14 16:20,12912
2018-01-14 16:25,12956
2018-01-14 16:30,13068
2018-01-14 16:35,13165
2018-01-14 16:40,13195
2018-01-14 16:45,13284
2018-01-14 16:50,13375
2018-01-14 16:55,13566
2018-01-14 17:00,13673
2018-01-14 17:05,13764
2018-01-14 17:10,13814
2018-01-14 17:15,13963
2018-01-14 17:20,14155
2018-01-14 17:25,14265
2018-01-14 17:30,14302
2018-01-14 17:35,14366
2018-01-14 17:40,14402
2018-01-14 17:45,14437
2018-01-14 17:50,14546
2018-01-14 17:55,14556
2018-01-14 18:00,14658
2018-01-14 18:05,14732
2018-01-14 18:10,14857
2018-01-14 18:15,14935
2018-01-14 18:20,14948
2018-01-14 18:25,15113
2018-01-14 18:30,15237
2018-01-14 18:35,15328
2018-01-14 18:40,15456
2018-01-14 18:45,15526
2018-01-14 18:50,15562
2018-01-14 18:55,15518
2018-01-14 19:00,15635
2018-01-14 19:05,15695
2018-01-14 19:10,15791
2018-01-14 19:15,15809
2018-01-14 19:20,15869
2018-01-14 19:25,15897
2018-01-14 19:30,15956
2018-01-14 19:35,15984
2018-01-14 19:40,16090
2018-01-14 19:45,16044
2018-01-14 19:50,16088
2018-01-14 19:55,16052
2018-01-14 20:00,16016
2018-01-14 20:05,15945
2018-01-14 20:10,15901
2018-01-14 20:15,15874
2018-01-14 20:20,15923
2018-01-14 20:25,15864
2018-01-14 20:30,15822
2018-01-14 20:35,15751
2018-01-14 20:40,15679
2018-01-14 20:45,15672
2018-01-14 20:50,15590
2018-01-14 20:55,15471
2018-01-14 21:00,15420
2018-01-14 21:05,15324
2018-01-14 21:10,15212
2018-01-14 21:15,15071
2018-01-14 21:20,14974
2018-01-14 21:25,14906
2018-01-14 21:30,14824
2018-01-14 21:35,14748
2018-01-14 21:40,14658
2018-01-14 21:45,14631
2018-01-14 21:50,14493
2018-01-14 21:55,14392
2018-01-14 22:00,14266
2018-01-14 22:05,14147
2018-01-14 22:10,14020
2018-01-14 22:15,13916
2018-01-14 22:20,13720
2018-01-14 22:25,13604
2018-01-14 22:30,13498
2018-01-14 22:35,13374
2018-01-14 22:40,13280
2018-01-14 22:45,13099
2018-01-14 22:50,13037
2018-01-14 22:55,12945
2018-01-14 23:00,12816
2018-01-14 23:05,12666
2018-01-14 23:10,12514
2018-01-14 23:15,12483
2018-01-14 23:20,12357
2018-01-14 23:25,12243
2018-01-14 23:30,12193
2018-01-14 23:35,12147
2018-01-14 23:40,12073
2018-01-14 23:45,12002
2018-01-14 23:50,11909
2018-01-14 23:55,0
2018-01-15 00:00,11737
2018-01-15 00:05,11677
2018-01-15 00:10,11583
2018-01-15 00:15,11463
2018-01-15 00:20,11441
2018-01-15 00:25,11351
2018-01-15 00:30,11346
2018-01-15 00:35,11301
2018-01-15 00:40,11245
2018-01-15 00:45,11246
2018-01-15 00:50,11278
2018-01-15 00:55,11270
2018-01-15 01:00,11197
2018-01-15 01:05,11099
2018-01-15 01:10,11023
2018-01-15 01:15,11005
2018-01-15 01:20,11007
2018-01-15 01:25,10965
2018-01-15 01:30,10908
2018-01-15 01:35,10944
2018-01-15 01:40,10946
2018-01-15 01:45,10926
2018-01-15 01:50,10913
2018-01-15 01:55,10851
2018-01-15 02:00,10791
2018-01-15 02:05,10771
2018-01-15 02:10,10744
2018-01-15 02:15,10748
2018-01-15 02:20,10731
2018-01-15 02:25,10721
2018-01-15 02:30,10708
2018-01-15 02:35,10667
2018-01-15 02:40,10658
2018-01-15 02:45,10597
2018-01-15 02:50,10533
2018-01-15 02:55,10481
2018-01-15 03:00,10470
2018-01-15 03:05,10433
2018-01-15 03:10,10378
2018-01-15 03:15,10265
2018-01-15 03:20,10215
2018-01-15 03:25,10086
2018-01-15 03:30,10054
2018-01-15 03:35,10038
2018-01-15 03:40,9969
2018-01-15 03:45,9897
2018-01-15 03:50,9834
2018-01-15 03:55,9810
2018-01-15 04:00,9721
2018-01-15 04:05,9623
2018-01-15 04:10,9449
2018-01-15 04:15,9318
2018-01-15 04:20,9354
2018-01-15 04:25,9231
2018-01-15 04:30,9138
2018-01-15 04:35,9069
2018-01-15 04:40,9039
2018-01-15 04:45,8942
2018-01-15 04:50,8813
2018-01-15 04:55,8692
2018-01-15 05:00,8563
2018-01-15 05:05,
2018-01-15 05:10,
2018-01-15 05:15,8204
2018-01-15 05:20,8117
2018-01-15 05:25,8029
2018-01-15 05:30,7871
2018-01-15 05:35,
2018-01-15 05:40,7722
2018-01-15 05:45,7604
2018-01-15 05:50,7469
2018-01-15 05:55,7402
2018-01-15 06:00,7267
2018-01-15 06:05,7152
2018-01-15 06:10,7011
2018-01-15 06:15,6890
2018-01-15 06:20,6806
2018-01-15 06:25,6713
2018-01-15 06:30,6617
2018-01-15 06:35,6468
2018-01-15 06:40,6366
2018-01-15 06:45,6183
2018-01-15 06:50,6054
2018-01-15 06:55,5976
2018-01-15 07:00,5861
2018-01-15 07:05,5717
2018-01-15 07:10,5599
2018-01-15 07:15,5443
2018-01-15 07:20,5326
2018-01-15 07:25,5255
2018-01-15 07:30,5182
2018-01-15 07:35,5129
2018-01-15 07:40,5070
2018-01-15 07:45,
2018-01-15 07:50,
2018-01-15 07:55,4859
2018-01-15 08:00,4795
2018-01-15 08:05,4793
2018-01-15 08:10,4706
2018-01-15 08:15,4658
2018-01-15 08:20,4583
2018-01-15 08:25,4533
2018-01-15 08:30,4469
2018-01-15 08:35,4395
2018-01-15 08:40,4359
2018-01-15 08:45,4305
2018-01-15 08:50,4270
2018-01-15 08:55,4213
2018-01-15 09:00,4196
2018-01-15 09:05,4159
2018-01-15 09:10,4188
2018-01-15 09:15,4183
2018-01-15 09:20,4164
2018-01-15 09:25,4143
2018-01-15 09:30,4094
2018-01-15 09:35,4065
2018-01-15 09:40,4039
2018-01-15 09:45,
2018-01-15 09:50,4069
2018-01-15 09:55,
2018-01-15 10:00,4080
2018-01-15 10:05,4094
2018-01-15 10:10,4102
2018-01-15 10:15,4147
2018-01-15 10:20,4145
2018-01-15 10:25,4170
2018-01-15 10:30,4194
2018-01-15 10:35,4252
2018-01-15 10:40,4318
2018-01-15 10:45,4365
2018-01-15 10:50,4378
2018-01-15 10:55,4400
2018-01-15 11:00,4398
2018-01-15 11:05,4397
2018-01-15 11:10,4461
2018-01-15 11:15,4508
2018-01-15 11:20,4460
2018-01-15 11:25,4477
2018-01-15 11:30,4528
2018-01-15 11:35,4596
2018-01-15 11:40,4627
2018-01-15 11:45,4689
2018-01-15 11:50,4752
2018-01-15 11:55,4776
2018-01-15 12:00,4778
2018-01-15 12:05,4819
2018-01-15 12:10,4870
2018-01-15 12:15,4948
2018-01-15 12:20,4978
2018-01-15 12:25,5059
2018-01-15 12:30,5097
2018-01-15 12:35,5154
2018-01-15 12:40,5197
2018-01-15 12:45,5261
2018-01-15 12:50,5292
2018-01-15 12:55,5429
2018-01-15 13:00,5498
2018-01-15 13:05,5616
2018-01-15 13:10,5682
2018-01-15 13:15,5807
2018-01-15 13:20,5901
2018-01-15 13:25,6012
2018-01-15 13:30,6136
2018-01-15 13:35,6191
2018-01-15 13:40,6295
2018-01-15 13:45,6356
2018-01-15 13:50,6419
2018-01-15 13:55,6555
2018-01-15 14:00,6646
2018-01-15 14:05,6762
2018-01-15 14:10,6830
2018-01-15 14:15,6893
2018-01-15 14:20,7055
2018-01-15 14:25,7146
2018-01-15 14:30,7315
2018-01-15 14:35,7416
2018-01-15 14:40,7626
2018-01-15 14:45,7739
2018-01-15 14:50,7847
2018-01-15 14:55,7972
2018-01-15 15:00,8106
2018-01-15 15:05,8233
2018-01-15 15:10,8420
2018-01-15 15:15,8596
2018-01-15 15:20,8734
2018-01-15 15:25,8902
2018-01-15 15:30,8999
2018-01-15 15:35,9166
2018-01-15 15:40,9310
2018-01-15 15:45,9429
2018-01-15 15:50,9556
2018-01-15 15:55,9633
2018-01-15 16:00,9669
2018-01-15 16:05,9790
2018-01-15 16:10,9930
2018-01-15 16:15,10005
2018-01-15 16:20,10156
2018-01-15 16:25,10287
2018-01-15 16:30,10438
2018-01-15 16:35,10573
2018-01-15 16:40,10711
2018-01-15 16:45,10813
2018-01-15 16:50,10897
2018-01-15 16:55,11000
2018-01-15 17:00,11114
2018-01-15 17:05,11214
2018-01-15 17:10,11304
2018-01-15 17:15,11440
2018-01-15 17:20,11574
2018-01-15 17:25,11719
2018-01-15 17:30,11865
2018-01-15 17:35,11945
2018-01-15 17:40,12105
2018-01-15 17:45,12257
2018-01-15 17:50,12426
2018-01-15 17:55,12595
2018-01-15 18:00,12668
2018-01-15 18:05,12749
2018-01-15 18:10,12878
2018-01-15 18:15,12990
2018-01-15 18:20,13109
2018-01-15 18:25,13221
2018-01-15 18:30,13343
2018-01-15 18:35,13412
2018-01-15 18:40,13522
2018-01-15 18:45,13661
2018-01-15 18:50,13765
2018-01-15 18:55,13856
2018-01-15 19:00,13964
2018-01-15 19:05,14001
2018-01-15 19:10,14107
2018-01-15 19:15,14199
2018-01-15 19:20,14251
2018-01-15 19:25,14253
2018-01-15 19:30,14285
2018-01-15 19:35,14349
2018-01-15 19:40,14438
2018-01-15 19:45,14434
2018-01-15 19:50,14500
2018-01-15 19:55,14463
2018-01-15 20:00,
2018-01-15 20:05,14544
2018-01-15 20:10,14546
2018-01-15 20:15,14523
2018-01-15 20:20,14476
2018-01-15 20:25,14492
2018-01-15 20:30,14506
2018-01-15 20:35,14547
2018-01-15 20:40,14553
2018-01-15 20:45,14534
2018-01-15 20:50,14472
2018-01-15 20:55,14322
2018-01-15 21:00,14336
2018-01-15 21:05,14277
2018-01-15 21:10,14210
2018-01-15 21:15,14137
2018-01-15 21:20,14037
2018-01-15 21:25,13917
2018-01-15 21:30,13915
2018-01-15 21:35,13764
2018-01-15 21:40,13694
2018-01-15 21:45,13620
2018-01-15 21:50,13503
2018-01-15 21:55,13377
2018-01-15 22:00,13281
2018-01-15 22:05,13155
2018-01-15 22:10,13048
2018-01-15 22:15,12961
2018-01-15 22:20,12867
2018-01-15 22:25,12785
2018-01-15 22:30,12630
2018-01-15 22:35,12542
2018-01-15 22:40,12533
2018-01-15 22:45,12435
2018-01-15 22:50,12311
2018-01-15 22:55,12153
2018-01-15 23:00,12037
2018-01-15 23:05,11917
2018-01-15 23:10,11879
2018-01-15 23:15,11711
2018-01-15 23:20,11523
2018-01-15 23:25,11439
2018-01-15 23:30,11337
2018-01-15 23:35,11261
2018-01-15 23:40,11289
2018-01-15 23:45,11325
2018-01-15 23:50,11366
2018-01-15 23:55,11344
2018-01-16 00:00,11298
2018-01-16 00:05,11273
2018-01-16 00:10,11152
2018-01-16 00:15,11123
2018-01-16 00:20,11075
2018-01-16 00:25,11017
2018-01-16 00:30,11007
2018-01-16 00:35,10880
2018-01-16 00:40,10820
2018-01-16 00:45,10796
2018-01-16 00:50,10795
2018-01-16 00:55,10782
2018-01-16 01:00,10751
2018-01-16 01:05,10738
2018-01-16 01:10,10706
2018-01-16 01:15,10633
2018-01-16 01:20,10627
2018-01-16 01:25,10625
2018-01-16 01:30,10574
2018-01-16 01:35,10527
2018-01-16 01:40,10535
2018-01-16 01:45,10418
2018-01-16 01:50,10399
2018-01-16 01:55,10259
2018-01-16 02:00,10152
2018-01-16 02:05,10081
2018-01-16 02:10,10051
2018-01-16 02:15,10010
2018-01-16 02:20,10018
2018-01-16 02:25,9973
2018-01-16 02:30,9916
2018-01-16 02:35,9821
2018-01-16 02:40,9783
2018-01-16 02:45,9766
2018-01-16 02:50,9723
2018-01-16 02:55,9676
2018-01-16 03:00,9602
2018-01-16 03:05,9472
2018-01-16 03:10,9386
2018-01-16 03:15,9293
2018-01-16 03:20,9191
2018-01-16 03:25,9100
2018-01-16 03:30,9020
2018-01-16 03:35,8963
2018-01-16 03:40,8876
2018-01-16 03:45,8746
2018-01-16 03:50,8647
2018-01-16 03:55,8560
2018-01-16 04:00,8514
2018-01-16 04:05,8395
2018-01-16 04:10,8299
2018-01-16 04:15,8239
2018-01-16 04:20,8152
2018-01-16 04:25,8071
2018-01-16 04:30,8006
2018-01-16 04:35,7926
2018-01-16 04:40,7821
2018-01-16 04:45,7726
2018-01-16 04:50,7577
2018-01-16 04:55,7457
2018-01-16 05:00,7323
2018-01-16 05:05,7198
2018-01-16 05:10,7082
2018-01-16 05:15,7004
2018-01-16 05:20,6909
2018-01-16 05:25,6808
2018-01-16 05:30,6666
2018-01-16 05:35,6517
2018-01-16 05:40,6385
2018-01-16 05:45,6276
2018-01-16 05:50,6159
2018-01-16 05:55,6015
2018-01-16 06:00,5890
2018-01-16 06:05,5759
2018-01-16 06:10,5603
2018-01-16 06:15,5535
2018-01-16 06:20,5380
2018-01-16 06:25,5245
2018-01-16 06:30,5157
2018-01-16 06:35,5072
2018-01-16 06:40,5012
2018-01-16 06:45,4939
2018-01-16 06:50,4795
2018-01-16 06:55,4709
2018-01-16 07:00,4631
2018-01-16 07:05,4528
2018-01-16 07:10,4492
2018-01-16 07:15,4435
2018-01-16 07:20,4329
2018-01-16 07:25,4256
2018-01-16 07:30,4177
2018-01-16 07:35,4113
2018-01-16 07:40,4073
2018-01-16 07:45,4038
2018-01-16 07:50,3974
2018-01-16 07:55,3893
2018-01-16 08:00,3859
2018-01-16 08:05,3814
2018-01-16 08:10,3766
2018-01-16 08:15,3736
2018-01-16 08:20,3705
2018-01-16 08:25,3676
2018-01-16 08:30,3645
2018-01-16 08:35,3611
2018-01-16 08:40,3582
2018-01-16 08:45,3576
2018-01-16 08:50,3559
2018-01-16 08:55,3541
2018-01-16 09:00,3484
2018-01-16 09:05,3515
2018-01-16 09:10,3564
2018-01-16 09:15,3569
2018-01-16 09:20,3631
2018-01-16 09:25,3672
2018-01-16 09:30,3709
2018-01-16 09:35,3764
2018-01-16 09:40,3785
2018-01-16 09:45,3814
2018-01-16 09:50,3848
2018-01-16 09:55,3906
2018-01-16 10:00,3932
2018-01-16 10:05,3966
2018-01-16 10:10,3972
2018-01-16 10:15,3979
2018-01-16 10:20,4043
2018-01-16 10:25,4085
2018-01-16 10:30,4127
2018-01-16 10:35,4114
2018-01-16 10:40,4188
2018-01-16 10:45,4184
2018-01-16 10:50,4252
2018-01-16 10:55,4274
2018-01-16 11:00,4322
2018-01-16 11:05,4379
2018-01-16 11:10,4388
2018-01-16 11:15,4464
2018-01-16 11:20,4530
2018-01-16 11:25,4588
2018-01-16 11:30,4607
2018-01-16 11:35,4615
2018-01-16 11:40,4710
2018-01-16 11:45,4786
2018-01-16 11:50,4843
2018-01-16 11:55,4885
2018-01-16 12:00,4942
2018-01-16 12:05,5017
2018-01-16 12:10,5098
2018-01-16 12:15,5150
2018-01-16 12:20,5216
2018-01-16 12:25,5275
2018-01-16 12:30,5310
2018-01-16 12:35,5379
2018-01-16 12:40,5442
2018-01-16 12:45,5530
2018-01-16 12:50,5586
2018-01-16 12:55,5646
2018-01-16 13:00,5720
2018-01-16 13:05,5780
2018-01-16 13:10,5830
2018-01-16 13:15,5952
2018-01-16 13:20,6025
2018-01-16 13:25,6124
2018-01-16 13:30,6192
2018-01-16 13:35,6300
2018-01-16 13:40,6418
2018-01-16 13:45,6492
2018-01-16 13:50,6527
2018-01-16 13:55,6631
2018-01-16 14:00,6727
2018-01-16 14:05,6824
2018-01-16 14:10,6923
2018-01-16 14:15,6997
2018-01-16 14:20,7105
2018-01-16 14:25,7200
2018-01-16 14:30,7319
2018-01-16 14:35,7410
2018-01-16 14:40,7568
2018-01-16 14:45,7685
2018-01-16 14:50,7759
2018-01-16 14:55,7902
2018-01-16 15:00,7994
2018-01-16 15:05,8102
2018-01-16 15:10,8176
2018-01-16 15:15,8327
2018-01-16 15:20,8457
2018-01-16 15:25,8516
2018-01-16 15:30,8641
2018-01-16 15:35,8778
2018-01-16 15:40,8859
2018-01-16 15:45,8943
2018-01-16 15:50,9065
2018-01-16 15:55,9136
2018-01-16 16:00,8842
2018-01-16 16:05,7709
2018-01-16 16:10,8020
2018-01-16 16:15,8236
2018-01-16 16:20,8505
2018-01-16 16:25,8857
2018-01-16 16:30,9122
2018-01-16 16:35,9307
2018-01-16 16:40,9473
2018-01-16 16:45,9662
2018-01-16 16:50,9870
2018-01-16 16:55,10018
2018-01-16 17:00,10180
2018-01-16 17:05,10374
2018-01-16 17:10,10535
2018-01-16 17:15,10651
2018-01-16 17:20,10746
2018-01-16 17:25,10902
2018-01-16 17:30,11062
2018-01-16 17:35,11116
2018-01-16 17:40,11271
2018-01-16 17:45,11379
2018-01-16 17:50,11483
2018-01-16 17:55,11640
2018-01-16 18:00,11711
2018-01-16 18:05,11798
2018-01-16 18:10,11944
2018-01-16 18:15,12046
2018-01-16 18:20,12083
2018-01-16 18:25,12195
2018-01-16 18:30,12313
2018-01-16 18:35,12453
2018-01-16 18:40,12566
2018-01-16 18:45,12707
2018-01-16 18:50,12812
2018-01-16 18:55,12867
2018-01-16 19:00,12898
2018-01-16 19:05,12998
2018-01-16 19:10,12990
2018-01-16 19:15,13027
2018-01-16 19:20,13072
2018-01-16 19:25,13125
2018-01-16 19:30,13176
2018-01-16 19:35,13221
2018-01-16 19:40,13258
2018-01-16 19:45,13257
2018-01-16 19:50,13321
2018-01-16 19:55,13356
2018-01-16 20:00,13341
2018-01-16 20:05,13325
2018-01-16 20:10,13344
2018-01-16 20:15,13416
2018-01-16 20:20,13440
2018-01-16 20:25,13388
2018-01-16 20:30,13400
2018-01-16 20:35,13342
2018-01-16 20:40,13353
2018-01-16 20:45,13285
2018-01-16 20:50,13223
2018-01-16 20:55,13189
2018-01-16 21:00,13079
2018-01-16 21:05,13010
2018-01-16 21:10,13003
2018-01-16 21:15,13017
2018-01-16 21:20,12971
2018-01-16 21:25,12847
2018-01-16 21:30,12750
2018-01-16 21:35,12685
2018-01-16 21:40,12633
2018-01-16 21:45,12670
2018-01-16 21:50,12602
2018-01-16 21:55,12438
2018-01-16 22:00,12380
2018-01-16 22:05,12285
2018-01-16 22:10,12267
2018-01-16 22:15,12154
2018-01-16 22:20,12101
2018-01-16 22:25,12045
2018-01-16 22:30,11884
2018-01-16 22:35,11799
2018-01-16 22:40,11721
2018-01-16 22:45,11630
2018-01-16 22:50,11617
2018-01-16 22:55,11506
2018-01-16 23:00,11457
2018-01-16 23:05,11364
2018-01-16 23:10,11286
2018-01-16 23:15,11231
2018-01-16 23:20,11099
2018-01-16 23:25,11065
2018-01-16 23:30,10961
2018-01-16 23:35,10916
2018-01-16 23:40,10883
2018-01-16 23:45,10839
2018-01-16 23:50,10876
2018-01-16 23:55,10795
2018-01-17 00:00,10680
2018-01-17 00:05,10568
2018-01-17 00:10,10500
2018-01-17 00:15,10421
2018-01-17 00:20,10410
2018-01-17 00:25,10414
2018-01-17 00:30,10413
2018-01-17 00:35,0
2018-01-17 00:40,9795
2018-01-17 00:45,9989
2018-01-17 00:50,10121
2018-01-17 00:55,10185
2018-01-17 01:00,10107
2018-01-17 01:05,10110
2018-01-17 01:10,10003
2018-01-17 01:15,9985
2018-01-17 01:20,9960
2018-01-17 01:25,9885
2018-01-17 01:30,9924
2018-01-17 01:35,9948
2018-01-17 01:40,9919
2018-01-17 01:45,9908
2018-01-17 01:50,9940
2018-01-17 01:55,9929
2018-01-17 02:00,9938
2018-01-17 02:05,9914
2018-01-17 02:10,9898
2018-01-17 02:15,9850
2018-01-17 02:20,9756
2018-01-17 02:25,9729
2018-01-17 02:30,9719
2018-01-17 02:35,9699
2018-01-17 02:40,9603
2018-01-17 02:45,9550
2018-01-17 02:50,9453
2018-01-17 02:55,9388
2018-01-17 03:00,9315
2018-01-17 03:05,9247
2018-01-17 03:10,9146
2018-01-17 03:15,9078
2018-01-17 03:20,8951
2018-01-17 03:25,8879
2018-01-17 03:30,8840
2018-01-17 03:35,8729
2018-01-17 03:40,8664
2018-01-17 03:45,8591
2018-01-17 03:50,8478
2018-01-17 03:55,8456
2018-01-17 04:00,8320
2018-01-17 04:05,8209
2018-01-17 04:10,8132
2018-01-17 04:15,7993
2018-01-17 04:20,7928
2018-01-17 04:25,7891
2018-01-17 04:30,7788
2018-01-17 04:35,7700
2018-01-17 04:40,7633
2018-01-17 04:45,7552
2018-01-17 04:50,7475
2018-01-17 04:55,7348
2018-01-17 05:00,7215
2018-01-17 05:05,7138
2018-01-17 05:10,7019
2018-01-17 05:15,6908
2018-01-17 05:20,6771
2018-01-17 05:25,6633
2018-01-17 05:30,6499
2018-01-17 05:35,6438
2018-01-17 05:40,6339
2018-01-17 05:45,6228
2018-01-17 05:50,6117
2018-01-17 05:55,5950
2018-01-17 06:00,5870
2018-01-17 06:05,5676
2018-01-17 06:10,5554
2018-01-17 06:15,5401
2018-01-17 06:20,5320
2018-01-17 06:25,5233
2018-01-17 06:30,5126
2018-01-17 06:35,4986
2018-01-17 06:40,4936
2018-01-17 06:45,4898
2018-01-17 06:50,4802
2018-01-17 06:55,4674
2018-01-17 07:00,4605
2018-01-17 07:05,4545
2018-01-17 07:10,4412
2018-01-17 07:15,4307
2018-01-17 07:20,4215
2018-01-17 07:25,4145
2018-01-17 07:30,4057
2018-01-17 07:35,3974
2018-01-17 07:40,3948
2018-01-17 07:45,3888
2018-01-17 07:50,3866
2018-01-17 07:55,3835
2018-01-17 08:00,3820
2018-01-17 08:05,3776
2018-01-17 08:10,3718
2018-01-17 08:15,3663
2018-01-17 08:20,3681
2018-01-17 08:25,3675
2018-01-17 08:30,3656
2018-01-17 08:35,3630
2018-01-17 08:40,3626
2018-01-17 08:45,3630
2018-01-17 08:50,3601
2018-01-17 08:55,3616
2018-01-17 09:00,3595
2018-01-17 09:05,3669
2018-01-17 09:10,3702
2018-01-17 09:15,3719
2018-01-17 09:20,3711
2018-01-17 09:25,3697
2018-01-17 09:30,3727
2018-01-17 09:35,3742
2018-01-17 09:40,3795
2018-01-17 09:45,3816
2018-01-17 09:50,3856
2018-01-17 09:55,3868
2018-01-17 10:00,3892
2018-01-17 10:05,3939
2018-01-17 10:10,3987
2018-01-17 10:15,3985
2018-01-17 10:20,4000
2018-01-17 10:25,3981
2018-01-17 10:30,4037
2018-01-17 10:35,4081
2018-01-17 10:40,4120
2018-01-17 10:45,4151
2018-01-17 10:50,4237
2018-01-17 10:55,4259
2018-01-17 11:00,4305
2018-01-17 11:05,4329
2018-01-17 11:10,4381
2018-01-17 11:15,4418
2018-01-17 11:20,4498
2018-01-17 11:25,4414
2018-01-17 11:30,4566
2018-01-17 11:35,4618
2018-01-17 11:40,4643
2018-01-17 11:45,4723
2018-01-17 11:50,4813
2018-01-17 11:55,4890
2018-01-17 12:00,4952
2018-01-17 12:05,5001
2018-01-17 12:10,
2018-01-17 12:15,5152
2018-01-17 12:20,5226
2018-01-17 12:25,5310
2018-01-17 12:30,5378
2018-01-17 12:35,5442
2018-01-17 12:40,5519
2018-01-17 12:45,5624
2018-01-17 12:50,5710
2018-01-17 12:55,5784
2018-01-17 13:00,5883
2018-01-17 13:05,5947
2018-01-17 13:10,5972
2018-01-17 13:15,6051
2018-01-17 13:20,6132
2018-01-17 13:25,6232
2018-01-17 13:30,6366
2018-01-17 13:35,6383
2018-01-17 13:40,6490
2018-01-17 13:45,6573
2018-01-17 13:50,6651
2018-01-17 13:55,6680
2018-01-17 14:00,6784
2018-01-17 14:05,6876
2018-01-17 14:10,6979
2018-01-17 14:15,7064
2018-01-17 14:20,7207
2018-01-17 14:25,7349
2018-01-17 14:30,7431
2018-01-17 14:35,7516
2018-01-17 14:40,7635
2018-01-17 14:45,7717
2018-01-17 14:50,7799
2018-01-17 14:55,7921
2018-01-17 15:00,8017
2018-01-17 15:05,8093
2018-01-17 15:10,8197
2018-01-17 15:15,8292
2018-01-17 15:20,8464
2018-01-17 15:25,8602
2018-01-17 15:30,8694
2018-01-17 15:35,8850
2018-01-17 15:40,8942
2018-01-17 15:45,8997
2018-01-17 15:50,9165
2018-01-17 15:55,9267
2018-01-17 16:00,9405
2018-01-17 16:05,9556
2018-01-17 16:10,9688
2018-01-17 16:15,9839
2018-01-17 16:20,9994
2018-01-17 16:25,10103
2018-01-17 16:30,10169
2018-01-17 16:35,10268
2018-01-17 16:40,10322
2018-01-17 16:45,10361
2018-01-17 16:50,10410
2018-01-17 16:55,10456
2018-01-17 17:00,10523
2018-01-17 17:05,
2018-01-17 17:10,10676
2018-01-17 17:15,10733
2018-01-17 17:20,10807
2018-01-17 17:25,10878
2018-01-17 17:30,11030
2018-01-17 17:35,11132
2018-01-17 17:40,11253
2018-01-17 17:45,11390
2018-01-17 17:50,11494
2018-01-17 17:55,11590
2018-01-17 18:00,11628
2018-01-17 18:05,11702
2018-01-17 18:10,11728
2018-01-17 18:15,11837
2018-01-17 18:20,11918
2018-01-17 18:25,11961
2018-01-17 18:30,11916
2018-01-17 18:35,11917
2018-01-17 18:40,11944
2018-01-17 18:45,11910
2018-01-17 18:50,11877
2018-01-17 18:55,11846
2018-01-17 19:00,11864
2018-01-17 19:05,11894
2018-01-17 19:10,11903
2018-01-17 19:15,11879
2018-01-17 19:20,11901
2018-01-17 19:25,11915
2018-01-17 19:30,11949
2018-01-17 19:35,11898
2018-01-17 19:40,11959
2018-01-17 19:45,11997
2018-01-17 19:50,11967
2018-01-17 19:55,12002
2018-01-17 20:00,12089
2018-01-17 20:05,12168
2018-01-17 20:10,12227
2018-01-17 20:15,12329
2018-01-17 20:20,12474
2018-01-17 20:25,12554
2018-01-17 20:30,12642
2018-01-17 20:35,12704
2018-01-17 20:40,12744
2018-01-17 20:45,12816
2018-01-17 20:50,12798
2018-01-17 20:55,12824
2018-01-17 21:00,12834
2018-01-17 21:05,12809
2018-01-17 21:10,12766
2018-01-17 21:15,12734
2018-01-17 21:20,12741
2018-01-17 21:25,12728
2018-01-17 21:30,12674
2018-01-17 21:35,12584
2018-01-17 21:40,12544
2018-01-17 21:45,12505
2018-01-17 21:50,12393
2018-01-17 21:55,12306
2018-01-17 22:00,12300
2018-01-17 22:05,12195
2018-01-17 22:10,12063
2018-01-17 22:15,12007
2018-01-17 22:20,11907
2018-01-17 22:25,11855
2018-01-17 22:30,11789
2018-01-17 22:35,11700
2018-01-17 22:40,11600
2018-01-17 22:45,11562
2018-01-17 22:50,11490
2018-01-17 22:55,11409
2018-01-17 23:00,11256
2018-01-17 23:05,11106
2018-01-17 23:10,11025
2018-01-17 23:15,10970
2018-01-17 23:20,10954
2018-01-17 23:25,10915
2018-01-17 23:30,10884
2018-01-17 23:35,10769
2018-01-17 23:40,10738
2018-01-17 23:45,10666
2018-01-17 23:50,10629
2018-01-17 23:55,10592
2018-01-18 00:00,10497
2018-01-18 00:05,10449
2018-01-18 00:10,10375
2018-01-18 00:15,10371
2018-01-18 00:20,10295
2018-01-18 00:25,10266
2018-01-18 00:30,10214
2018-01-18 00:35,10195
2018-01-18 00:40,10189
2018-01-18 00:45,10171
2018-01-18 00:50,10147
2018-01-18 00:55,10140
2018-01-18 01:00,10108
2018-01-18 01:05,10064
2018-01-18 01:10,10030
2018-01-18 01:15,10039
2018-01-18 01:20,10038
2018-01-18 01:25,10021
2018-01-18 01:30,10062
2018-01-18 01:35,10150
2018-01-18 01:40,10075
2018-01-18 01:45,10111
2018-01-18 01:50,10101
2018-01-18 01:55,10018
2018-01-18 02:00,9976
2018-01-18 02:05,9987
2018-01-18 02:10,9975
2018-01-18 02:15,9946
2018-01-18 02:20,9937
2018-01-18 02:25,9899
2018-01-18 02:30,9853
2018-01-18 02:35,9781
2018-01-18 02:40,9705
2018-01-18 02:45,9643
2018-01-18 02:50,9588
2018-01-18 02:55,9502
2018-01-18 03:00,9380
2018-01-18 03:05,9310
2018-01-18 03:10,9236
2018-01-18 03:15,9201
2018-01-18 03:20,9068
2018-01-18 03:25,8981
2018-01-18 03:30,8911
2018-01-18 03:35,8839
2018-01-18 03:40,8714
2018-01-18 03:45,8673
2018-01-18 03:50,8588
2018-01-18 03:55,8534
2018-01-18 04:00,8358
2018-01-18 04:05,8190
2018-01-18 04:10,8114
2018-01-18 04:15,7997
2018-01-18 04:20,7885
2018-01-18 04:25,7733
2018-01-18 04:30,7630
2018-01-18 04:35,7536
2018-01-18 04:40,7462
2018-01-18 04:45,7356
2018-01-18 04:50,7255
2018-01-18 04:55,7064
2018-01-18 05:00,6893
2018-01-18 05:05,6759
2018-01-18 05:10,6653
2018-01-18 05:15,6528
2018-01-18 05:20,6359
2018-01-18 05:25,6245
2018-01-18 05:30,6153
2018-01-18 05:35,6127
2018-01-18 05:40,6041
2018-01-18 05:45,5896
2018-01-18 05:50,5822
2018-01-18 05:55,5766
2018-01-18 06:00,5678
2018-01-18 06:05,5572
2018-01-18 06:10,5484
2018-01-18 06:15,5379
2018-01-18 06:20,5272
2018-01-18 06:25,5141
2018-01-18 06:30,5061
2018-01-18 06:35,4942
2018-01-18 06:40,4844
2018-01-18 06:45,4743
2018-01-18 06:50,4659
2018-01-18 06:55,4565
2018-01-18 07:00,4455
2018-01-18 07:05,4396
2018-01-18 07:10,4328
2018-01-18 07:15,4270
2018-01-18 07:20,4241
2018-01-18 07:25,4200
2018-01-18 07:30,4158
2018-01-18 07:35,4061
2018-01-18 07:40,3997
2018-01-18 07:45,3942
2018-01-18 07:50,3875
2018-01-18 07:55,3845
2018-01-18 08:00,3798
2018-01-18 08:05,3822
2018-01-18 08:10,3809
2018-01-18 08:15,3732
2018-01-18 08:20,3692
2018-01-18 08:25,3658
2018-01-18 08:30,3654
2018-01-18 08:35,3610
2018-01-18 08:40,3558
2018-01-18 08:45,3522
2018-01-18 08:50,3534
2018-01-18 08:55,3531
2018-01-18 09:00,3545
2018-01-18 09:05,3608
2018-01-18 09:10,3612
2018-01-18 09:15,3632
2018-01-18 09:20,3648
2018-01-18 09:25,3669
2018-01-18 09:30,3716
2018-01-18 09:35,3722
2018-01-18 09:40,3770
2018-01-18 09:45,3784
2018-01-18 09:50,3823
2018-01-18 09:55,3858
2018-01-18 10:00,3872
2018-01-18 10:05,3898
2018-01-18 10:10,3962
2018-01-18 10:15,3966
2018-01-18 10:20,4008
2018-01-18 10:25,4034
2018-01-18 10:30,4053
2018-01-18 10:35,4098
2018-01-18 10:40,4172
2018-01-18 10:45,4165
2018-01-18 10:50,4244
2018-01-18 10:55,4300
2018-01-18 11:00,4339
2018-01-18 11:05,4372
2018-01-18 11:10,4394
2018-01-18 11:15,4480
2018-01-18 11:20,4541
2018-01-18 11:25,4595
2018-01-18 11:30,4624
2018-01-18 11:35,4657
2018-01-18 11:40,4741
2018-01-18 11:45,4828
2018-01-18 11:50,4895
2018-01-18 11:55,4965
2018-01-18 12:00,5054
2018-01-18 12:05,5096
2018-01-18 12:10,5138
2018-01-18 12:15,5209
2018-01-18 12:20,5266
2018-01-18 12:25,5272
2018-01-18 12:30,5334
2018-01-18 12:35,5409
2018-01-18 12:40,5459
2018-01-18 12:45,5514
2018-01-18 12:50,5608
2018-01-18 12:55,5652
2018-01-18 13:00,5708
2018-01-18 13:05,5735
2018-01-18 13:10,5776
2018-01-18 13:15,5798
2018-01-18 13:20,5891
2018-01-18 13:25,5968
2018-01-18 13:30,6045
2018-01-18 13:35,6190
2018-01-18 13:40,6228
2018-01-18 13:45,6384
2018-01-18 13:50,6444
2018-01-18 13:55,6547
2018-01-18 14:00,6661
2018-01-18 14:05,6694
2018-01-18 14:10,6807
2018-01-18 14:15,6924
2018-01-18 14:20,7093
2018-01-18 14:25,7219
2018-01-18 14:30,7309
2018-01-18 14:35,7422
2018-01-18 14:40,7528
2018-01-18 14:45,7646
2018-01-18 14:50,7686
2018-01-18 14:55,7765
2018-01-18 15:00,7869
2018-01-18 15:05,7957
2018-01-18 15:10,8018
2018-01-18 15:15,8115
2018-01-18 15:20,8239
2018-01-18 15:25,8368
2018-01-18 15:30,8470
2018-01-18 15:35,8510
2018-01-18 15:40,8606
2018-01-18 15:45,8705
2018-01-18 15:50,8724
2018-01-18 15:55,8805
2018-01-18 16:00,8928
2018-01-18 16:05,9001
2018-01-18 16:10,9053
2018-01-18 16:15,9195
2018-01-18 16:20,9278
2018-01-18 16:25,0
2018-01-18 16:30,9395
2018-01-18 16:35,9445
2018-01-18 16:40,9584
2018-01-18 16:45,9692
2018-01-18 16:50,9819
2018-01-18 16:55,9956
2018-01-18 17:00,10090
2018-01-18 17:05,10157
2018-01-18 17:10,10257
2018-01-18 17:15,10321
2018-01-18 17:20,10407
2018-01-18 17:25,10457
2018-01-18 17:30,10565
2018-01-18 17:35,10671
2018-01-18 17:40,10767
2018-01-18 17:45,10769
2018-01-18 17:50,10780
2018-01-18 17:55,10791
2018-01-18 18:00,10865
2018-01-18 18:05,10793
2018-01-18 18:10,10744
2018-01-18 18:15,10828
2018-01-18 18:20,10848
2018-01-18 18:25,10918
2018-01-18 18:30,10944
2018-01-18 18:35,11049
2018-01-18 18:40,11129
2018-01-18 18:45,11157
2018-01-18 18:50,11217
2018-01-18 18:55,11292
2018-01-18 19:00,11344
2018-01-18 19:05,11391
2018-01-18 19:10,11422
2018-01-18 19:15,11360
2018-01-18 19:20,11451
2018-01-18 19:25,11445
2018-01-18 19:30,11470
2018-01-18 19:35,11550
2018-01-18 19:40,11571
2018-01-18 19:45,11552
2018-01-18 19:50,11552
2018-01-18 19:55,11701
2018-01-18 20:00,11584
2018-01-18 20:05,11713
2018-01-18 20:10,11772
2018-01-18 20:15,11828
2018-01-18 20:20,11929
2018-01-18 20:25,11988
2018-01-18 20:30,11983
2018-01-18 20:35,12036
2018-01-18 20:40,12108
2018-01-18 20:45,12130
2018-01-18 20:50,12103
2018-01-18 20:55,12030
2018-01-18 21:00,12021
2018-01-18 21:05,11912
2018-01-18 21:10,11919
2018-01-18 21:15,11866
2018-01-18 21:20,11747
2018-01-18 21:25,11793
2018-01-18 21:30,11707
2018-01-18 21:35,11654
2018-01-18 21:40,11603
2018-01-18 21:45,11668
2018-01-18 21:50,11372
2018-01-18 21:55,11423
2018-01-18 22:00,11306
2018-01-18 22:05,11250
2018-01-18 22:10,11224
2018-01-18 22:15,11223
2018-01-18 22:20,11222
2018-01-18 22:25,11246
2018-01-18 22:30,11202
2018-01-18 22:35,11089
2018-01-18 22:40,10962
2018-01-18 22:45,10892
2018-01-18 22:50,10818
2018-01-18 22:55,10590
2018-01-18 23:00,10583
2018-01-18 23:05,10492
2018-01-18 23:10,10273
2018-01-18 23:15,10228
2018-01-18 23:20,10163
2018-01-18 23:25,10083
2018-01-18 23:30,10051
2018-01-18 23:35,10023
2018-01-18 23:40,9954
2018-01-18 23:45,9902
2018-01-18 23:50,9865
2018-01-18 23:55,9810
2018-01-19 00:00,9763
2018-01-19 00:05,9711
2018-01-19 00:10,9722
2018-01-19 00:15,9663
2018-01-19 00:20,9687
2018-01-19 00:25,9691
2018-01-19 00:30,9626
2018-01-19 00:35,9591
2018-01-19 00:40,9577
2018-01-19 00:45,9500
2018-01-19 00:50,9501
2018-01-19 00:55,
2018-01-19 01:00,9502
2018-01-19 01:05,9476
2018-01-19 01:10,9519
2018-01-19 01:15,9542
2018-01-19 01:20,9554
2018-01-19 01:25,9601
2018-01-19 01:30,9667
2018-01-19 01:35,9641
2018-01-19 01:40,9614
2018-01-19 01:45,9639
2018-01-19 01:50,9662
2018-01-19 01:55,9606
2018-01-19 02:00,9586
2018-01-19 02:05,9529
2018-01-19 02:10,9470
2018-01-19 02:15,9445
2018-01-19 02:20,
2018-01-19 02:25,
2018-01-19 02:30,
2018-01-19 02:35,
2018-01-19 02:40,9279
2018-01-19 02:45,9251
2018-01-19 02:50,9134
2018-01-19 02:55,9046
2018-01-19 03:00,
2018-01-19 03:05,
2018-01-19 03:10,
2018-01-19 03:15,
2018-01-19 03:20,
2018-01-19 03:25,
2018-01-19 03:30,8545
2018-01-19 03:35,8464
2018-01-19 03:40,8444
2018-01-19 03:45,8343
2018-01-19 03:50,8261
2018-01-19 03:55,
2018-01-19 04:00,8013
2018-01-19 04:05,7902
2018-01-19 04:10,7803
2018-01-19 04:15,7699
2018-01-19 04:20,7549
2018-01-19 04:25,7444
2018-01-19 04:30,
2018-01-19 04:35,7235
2018-01-19 04:40,7157
2018-01-19 04:45,7070
2018-01-19 04:50,
2018-01-19 04:55,
2018-01-19 05:00,6807
2018-01-19 05:05,6655
2018-01-19 05:10,6576
2018-01-19 05:15,6393
2018-01-19 05:20,6278
2018-01-19 05:25,6174
2018-01-19 05:30,
2018-01-19 05:35,6005
2018-01-19 05:40,5916
2018-01-19 05:45,5867
2018-01-19 05:50,5752
2018-01-19 05:55,5659
2018-01-19 06:00,5566
2018-01-19 06:05,5476
2018-01-19 06:10,5400
2018-01-19 06:15,5317
2018-01-19 06:20,5222
2018-01-19 06:25,5153
2018-01-19 06:30,5054
2018-01-19 06:35,4945
2018-01-19 06:40,4853
2018-01-19 06:45,4769
2018-01-19 06:50,4689
2018-01-19 06:55,4630
2018-01-19 07:00,4509
2018-01-19 07:05,4437
2018-01-19 07:10,4343
2018-01-19 07:15,4293
2018-01-19 07:20,4263
2018-01-19 07:25,4207
2018-01-19 07:30,
2018-01-19 07:35,4136
2018-01-19 07:40,4087
2018-01-19 07:45,4026
2018-01-19 07:50,3933
2018-01-19 07:55,3929
2018-01-19 08:00,3844
2018-01-19 08:05,3833
2018-01-19 08:10,3794
2018-01-19 08:15,3749
2018-01-19 08:20,3721
2018-01-19 08:25,3724
2018-01-19 08:30,3755
2018-01-19 08:35,3699
2018-01-19 08:40,3682
2018-01-19 08:45,
2018-01-19 08:50,
2018-01-19 08:55,
2018-01-19 09:00,3611
2018-01-19 09:05,3634
2018-01-19 09:10,
2018-01-19 09:15,3665
2018-01-19 09:20,3687
2018-01-19 09:25,3694
2018-01-19 09:30,3705
2018-01-19 09:35,3737
2018-01-19 09:40,3767
2018-01-19 09:45,3807
2018-01-19 09:50,3823
2018-01-19 09:55,3859
2018-01-19 10:00,3891
2018-01-19 10:05,3944
2018-01-19 10:10,3989
2018-01-19 10:15,4062
2018-01-19 10:20,4078
2018-01-19 10:25,4125
2018-01-19 10:30,
2018-01-19 10:35,4216
2018-01-19 10:40,4217
2018-01-19 10:45,4262
2018-01-19 10:50,4302
2018-01-19 10:55,4364
2018-01-19 11:00,4412
2018-01-19 11:05,4463
2018-01-19 11:10,4481
2018-01-19 11:15,4538
2018-01-19 11:20,4614
2018-01-19 11:25,4678
2018-01-19 11:30,4739
2018-01-19 11:35,4768
2018-01-19 11:40,4813
2018-01-19 11:45,4885
2018-01-19 11:50,4942
2018-01-19 11:55,5002
2018-01-19 12:00,5051
2018-01-19 12:05,5097
2018-01-19 12:10,
2018-01-19 12:15,5238
2018-01-19 12:20,
2018-01-19 12:25,5386
2018-01-19 12:30,
2018-01-19 12:35,
2018-01-19 12:40,5587
2018-01-19 12:45,
2018-01-19 12:50,5730
2018-01-19 12:55,
2018-01-19 13:00,5850
2018-01-19 13:05,
2018-01-19 13:10,
2018-01-19 13:15,6053
2018-01-19 13:20,6154
2018-01-19 13:25,
2018-01-19 13:30,6336
2018-01-19 13:35,6419
2018-01-19 13:40,6507
2018-01-19 13:45,6581
2018-01-19 13:50,
2018-01-19 13:55,6711
2018-01-19 14:00,6850
2018-01-19 14:05,6966
2018-01-19 14:10,7049
2018-01-19 14:15,7175
2018-01-19 14:20,
2018-01-19 14:25,
2018-01-19 14:30,
2018-01-19 14:35,7666
2018-01-19 14:40,7746
2018-01-19 14:45,
2018-01-19 14:50,8020
2018-01-19 14:55,8112
2018-01-19 15:00,8194
2018-01-19 15:05,
2018-01-19 15:10,8430
2018-01-19 15:15,8511
2018-01-19 15:20,8632
2018-01-19 15:25,
2018-01-19 15:30,
2018-01-19 15:35,
2018-01-19 15:40,
2018-01-19 15:45,8808
2018-01-19 15:50,8935
2018-01-19 15:55,9033
2018-01-19 16:00,9145
2018-01-19 16:05,
2018-01-19 16:10,9412
2018-01-19 16:15,9471
2018-01-19 16:20,
2018-01-19 16:25,
2018-01-19 16:30,9810
2018-01-19 16:35,
2018-01-19 16:40,10013
2018-01-19 16:45,
2018-01-19 16:50,
2018-01-19 16:55,10121
2018-01-19 17:00,10209
2018-01-19 17:05,10338
2018-01-19 17:10,10453
2018-01-19 17:15,10555
2018-01-19 17:20,
2018-01-19 17:25,10678
2018-01-19 17:30,10726
2018-01-19 17:35,10753
2018-01-19 17:40,10821
2018-01-19 17:45,
2018-01-19 17:50,10914
2018-01-19 17:55,
2018-01-19 18:00,
2018-01-19 18:05,
2018-01-19 18:10,
2018-01-19 18:15,11355
2018-01-19 18:20,11458
2018-01-19 18:25,11557
2018-01-19 18:30,11772
2018-01-19 18:35,11804
2018-01-19 18:40,11692
2018-01-19 18:45,11791
2018-01-19 18:50,11837
2018-01-19 18:55,11949
2018-01-19 19:00,11964
2018-01-19 19:05,11981
2018-01-19 19:10,12018
2018-01-19 19:15,12053
2018-01-19 19:20,12074
2018-01-19 19:25,12124
2018-01-19 19:30,12221
2018-01-19 19:35,12040
2018-01-19 19:40,12035
2018-01-19 19:45,12096
2018-01-19 19:50,12206
2018-01-19 19:55,12355
2018-01-19 20:00,12350
2018-01-19 20:05,12428
2018-01-19 20:10,12521
2018-01-19 20:15,12586
2018-01-19 20:20,12683
2018-01-19 20:25,12662
2018-01-19 20:30,12707
2018-01-19 20:35,12762
2018-01-19 20:40,12885
2018-01-19 20:45,12930
2018-01-19 20:50,12969
2018-01-19 20:55,13055
2018-01-19 21:00,13055
2018-01-19 21:05,13002
2018-01-19 21:10,12933
2018-01-19 21:15,12953
2018-01-19 21:20,12898
2018-01-19 21:25,12856
2018-01-19 21:30,12789
2018-01-19 21:35,12814
2018-01-19 21:40,12789
2018-01-19 21:45,12781
2018-01-19 21:50,12867
2018-01-19 21:55,12925
2018-01-19 22:00,12816
2018-01-19 22:05,12796
2018-01-19 22:10,12692
2018-01-19 22:15,12669
2018-01-19 22:20,12729
2018-01-19 22:25,12593
2018-01-19 22:30,12440
2018-01-19 22:35,12346
2018-01-19 22:40,12205
2018-01-19 22:45,12078
2018-01-19 22:50,11996
2018-01-19 22:55,11866
2018-01-19 23:00,11768
2018-01-19 23:05,11682
2018-01-19 23:10,11555
2018-01-19 23:15,11552
2018-01-19 23:20,11508
2018-01-19 23:25,11411
2018-01-19 23:30,11336
2018-01-19 23:35,11385
2018-01-19 23:40,11262
2018-01-19 23:45,11112
2018-01-19 23:50,11012
2018-01-19 23:55,10998
2018-01-20 00:00,10952
2018-01-20 00:05,10843
2018-01-20 00:10,10821
2018-01-20 00:15,10784
2018-01-20 00:20,10793
2018-01-20 00:25,10766
2018-01-20 00:30,10731
2018-01-20 00:35,10667
2018-01-20 00:40,10615
2018-01-20 00:45,10544
2018-01-20 00:50,10473
2018-01-20 00:55,10425
2018-01-20 01:00,10390
2018-01-20 01:05,10347
2018-01-20 01:10,10263
2018-01-20 01:15,10178
2018-01-20 01:20,10166
2018-01-20 01:25,10085
2018-01-20 01:30,9957
2018-01-20 01:35,9991
2018-01-20 01:40,9916
2018-01-20 01:45,9951
2018-01-20 01:50,9941
2018-01-20 01:55,9901
2018-01-20 02:00,9849
2018-01-20 02:05,9847
2018-01-20 02:10,9773
2018-01-20 02:15,9726
2018-01-20 02:20,9649
2018-01-20 02:25,9646
2018-01-20 02:30,9702
2018-01-20 02:35,9715
2018-01-20 02:40,9657
2018-01-20 02:45,9629
2018-01-20 02:50,9650
2018-01-20 02:55,9643
2018-01-20 03:00,9639
2018-01-20 03:05,9630
2018-01-20 03:10,9632
2018-01-20 03:15,9575
2018-01-20 03:20,9560
2018-01-20 03:25,9509
2018-01-20 03:30,9476
2018-01-20 03:35,9393
2018-01-20 03:40,9402
2018-01-20 03:45,9424
2018-01-20 03:50,9320
2018-01-20 03:55,9186
2018-01-20 04:00,9096
2018-01-20 04:05,9009
2018-01-20 04:10,8960
2018-01-20 04:15,0
2018-01-20 04:20,8874
2018-01-20 04:25,8796
2018-01-20 04:30,8718
2018-01-20 04:35,8596
2018-01-20 04:40,8515
2018-01-20 04:45,8441
2018-01-20 04:50,8405
2018-01-20 04:55,8310
2018-01-20 05:00,8219
2018-01-20 05:05,8128
2018-01-20 05:10,8044
2018-01-20 05:15,7957
2018-01-20 05:20,7831
2018-01-20 05:25,7740
2018-01-20 05:30,7684
2018-01-20 05:35,7610
2018-01-20 05:40,7567
2018-01-20 05:45,7502
2018-01-20 05:50,7327
2018-01-20 05:55,7224
2018-01-20 06:00,7166
2018-01-20 06:05,7003
2018-01-20 06:10,6976
2018-01-20 06:15,6906
2018-01-20 06:20,6810
2018-01-20 06:25,6722
2018-01-20 06:30,6680
2018-01-20 06:35,6608
2018-01-20 06:40,6493
2018-01-20 06:45,6463
2018-01-20 06:50,6406
2018-01-20 06:55,6299
2018-01-20 07:00,6216
2018-01-20 07:05,6141
2018-01-20 07:10,6021
2018-01-20 07:15,5918
2018-01-20 07:20,5862
2018-01-20 07:25,5753
2018-01-20 07:30,5637
2018-01-20 07:35,5609
2018-01-20 07:40,5562
2018-01-20 07:45,5451
2018-01-20 07:50,5386
2018-01-20 07:55,5327
2018-01-20 08:00,5285
2018-01-20 08:05,5250
2018-01-20 08:10,5170
2018-01-20 08:15,5162
2018-01-20 08:20,5101
2018-01-20 08:25,5087
2018-01-20 08:30,5074
2018-01-20 08:35,5095
2018-01-20 08:40,5099
2018-01-20 08:45,5046
2018-01-20 08:50,5017
2018-01-20 08:55,5011
2018-01-20 09:00,5043
2018-01-20 09:05,5095
2018-01-20 09:10,5144
2018-01-20 09:15,5197
2018-01-20 09:20,5206
2018-01-20 09:25,5266
2018-01-20 09:30,5356
2018-01-20 09:35,5405
2018-01-20 09:40,5485
2018-01-20 09:45,5519
2018-01-20 09:50,5550
2018-01-20 09:55,5582
2018-01-20 10:00,5640
2018-01-20 10:05,5653
2018-01-20 10:10,5719
2018-01-20 10:15,5791
2018-01-20 10:20,5783
2018-01-20 10:25,5885
2018-01-20 10:30,5988
2018-01-20 10:35,6085
2018-01-20 10:40,6103
2018-01-20 10:45,6220
2018-01-20 10:50,6215
2018-01-20 10:55,6246
2018-01-20 11:00,6330
2018-01-20 11:05,6380
2018-01-20 11:10,6471
2018-01-20 11:15,6557
2018-01-20 11:20,6613
2018-01-20 11:25,6699
2018-01-20 11:30,6806
2018-01-20 11:35,6820
2018-01-20 11:40,6947
2018-01-20 11:45,7050
2018-01-20 11:50,7119
2018-01-20 11:55,7292
2018-01-20 12:00,7312
2018-01-20 12:05,7378
2018-01-20 12:10,7385
2018-01-20 12:15,7478
2018-01-20 12:20,7554
2018-01-20 12:25,7578
2018-01-20 12:30,7666
2018-01-20 12:35,7767
2018-01-20 12:40,7845
2018-01-20 12:45,7936
2018-01-20 12:50,7963
2018-01-20 12:55,8016
2018-01-20 13:00,8055
2018-01-20 13:05,8163
2018-01-20 13:10,8269
2018-01-20 13:15,8328
2018-01-20 13:20,8376
2018-01-20 13:25,8483
2018-01-20 13:30,8562
2018-01-20 13:35,8686
2018-01-20 13:40,8793
2018-01-20 13:45,8871
2018-01-20 13:50,8920
2018-01-20 13:55,8966
2018-01-20 14:00,9068
2018-01-20 14:05,9226
2018-01-20 14:10,9282
2018-01-20 14:15,9356
2018-01-20 14:20,9475
2018-01-20 14:25,9546
2018-01-20 14:30,9608
2018-01-20 14:35,9731
2018-01-20 14:40,9755
2018-01-20 14:45,9825
2018-01-20 14:50,9916
2018-01-20 14:55,10006
2018-01-20 15:00,10133
2018-01-20 15:05,10175
2018-01-20 15:10,10252
2018-01-20 15:15,10377
2018-01-20 15:20,10412
2018-01-20 15:25,10479
2018-01-20 15:30,10561
2018-01-20 15:35,10688
2018-01-20 15:40,10771
2018-01-20 15:45,10891
2018-01-20 15:50,10986
2018-01-20 15:55,11069
2018-01-20 16:00,11166
2018-01-20 16:05,11222
2018-01-20 16:10,11225
2018-01-20 16:15,11333
2018-01-20 16:20,11335
2018-01-20 16:25,11435
2018-01-20 16:30,11560
2018-01-20 16:35,11604
2018-01-20 16:40,11694
2018-01-20 16:45,11768
2018-01-20 16:50,11820
2018-01-20 16:55,11930
2018-01-20 17:00,11950
2018-01-20 17:05,12019
2018-01-20 17:10,12065
2018-01-20 17:15,12158
2018-01-20 17:20,12215
2018-01-20 17:25,12261
2018-01-20 17:30,12375
2018-01-20 17:35,12494
2018-01-20 17:40,12599
2018-01-20 17:45,12684
2018-01-20 17:50,12754
2018-01-20 17:55,12839
2018-01-20 18:00,12882
2018-01-20 18:05,12963
2018-01-20 18:10,12970
2018-01-20 18:15,13031
2018-01-20 18:20,13107
2018-01-20 18:25,13166
2018-01-20 18:30,13260
2018-01-20 18:35,13293
2018-01-20 18:40,13333
2018-01-20 18:45,13446
2018-01-20 18:50,13537
2018-01-20 18:55,13463
2018-01-20 19:00,13580
2018-01-20 19:05,13647
2018-01-20 19:10,13740
2018-01-20 19:15,13675
2018-01-20 19:20,13776
2018-01-20 19:25,13786
2018-01-20 19:30,13875
2018-01-20 19:35,13998
2018-01-20 19:40,14059
2018-01-20 19:45,14189
2018-01-20 19:50,14229
2018-01-20 19:55,14312
2018-01-20 20:00,14426
2018-01-20 20:05,14543
2018-01-20 20:10,14550
2018-01-20 20:15,14581
2018-01-20 20:20,14546
2018-01-20 20:25,14633
2018-01-20 20:30,14655
2018-01-20 20:35,14559
2018-01-20 20:40,14479
2018-01-20 20:45,14474
2018-01-20 20:50,14509
2018-01-20 20:55,14471
2018-01-20 21:00,14350
2018-01-20 21:05,14308
2018-01-20 21:10,14218
2018-01-20 21:15,14142
2018-01-20 21:20,14107
2018-01-20 21:25,14121
2018-01-20 21:30,14097
2018-01-20 21:35,14084
2018-01-20 21:40,14033
2018-01-20 21:45,14014
2018-01-20 21:50,13957
2018-01-20 21:55,13939
2018-01-20 22:00,13889
2018-01-20 22:05,13746
2018-01-20 22:10,13614
2018-01-20 22:15,13536
2018-01-20 22:20,13402
2018-01-20 22:25,13236
2018-01-20 22:30,13110
2018-01-20 22:35,13085
2018-01-20 22:40,13005
2018-01-20 22:45,12959
2018-01-20 22:50,12857
2018-01-20 22:55,12836
2018-01-20 23:00,12804
2018-01-20 23:05,12785
2018-01-20 23:10,12615
2018-01-20 23:15,12583
2018-01-20 23:20,12431
2018-01-20 23:25,12346
2018-01-20 23:30,12265
2018-01-20 23:35,12256
2018-01-20 23:40,12164
2018-01-20 23:45,12107
2018-01-20 23:50,12046
2018-01-20 23:55,11962
2018-01-21 00:00,11781
2018-01-21 00:05,11724
2018-01-21 00:10,11569
2018-01-21 00:15,11480
2018-01-21 00:20,11343
2018-01-21 00:25,11292
2018-01-21 00:30,11104
2018-01-21 00:35,10970
2018-01-21 00:40,10898
2018-01-21 00:45,10868
2018-01-21 00:50,10830
2018-01-21 00:55,10731
2018-01-21 01:00,10689
2018-01-21 01:05,10625
2018-01-21 01:10,10522
2018-01-21 01:15,10413
2018-01-21 01:20,10299
2018-01-21 01:25,10289
2018-01-21 01:30,10250
2018-01-21 01:35,10262
2018-01-21 01:40,10218
2018-01-21 01:45,10155
2018-01-21 01:50,10158
2018-01-21 01:55,10087
2018-01-21 02:00,10037
2018-01-21 02:05,10006
2018-01-21 02:10,10005
2018-01-21 02:15,9993
2018-01-21 02:20,9913
2018-01-21 02:25,9866
2018-01-21 02:30,9782
2018-01-21 02:35,9766
2018-01-21 02:40,9761
2018-01-21 02:45,9683
2018-01-21 02:50,9653
2018-01-21 02:55,9530
2018-01-21 03:00,9529
2018-01-21 03:05,9463
2018-01-21 03:10,9425
2018-01-21 03:15,9390
2018-01-21 03:20,9382
2018-01-21 03:25,9377
2018-01-21 03:30,9432
2018-01-21 03:35,9379
2018-01-21 03:40,9348
2018-01-21 03:45,9278
2018-01-21 03:50,9249
2018-01-21 03:55,9215
2018-01-21 04:00,9145
2018-01-21 04:05,9047
2018-01-21 04:10,9040
2018-01-21 04:15,9032
2018-01-21 04:20,9000
2018-01-21 04:25,8909
2018-01-21 04:30,8815
2018-01-21 04:35,8769
2018-01-21 04:40,8756
2018-01-21 04:45,8680
2018-01-21 04:50,8627
2018-01-21 04:55,8571
2018-01-21 05:00,8513
2018-01-21 05:05,8431
2018-01-21 05:10,8316
2018-01-21 05:15,8213
2018-01-21 05:20,8145
2018-01-21 05:25,8080
2018-01-21 05:30,7976
2018-01-21 05:35,7901
2018-01-21 05:40,7840
2018-01-21 05:45,0
2018-01-21 05:50,7671
2018-01-21 05:55,7538
2018-01-21 06:00,7452
2018-01-21 06:05,7331
2018-01-21 06:10,7270
2018-01-21 06:15,7185
2018-01-21 06:20,7083
2018-01-21 06:25,6979
2018-01-21 06:30,6839
2018-01-21 06:35,6742
2018-01-21 06:40,6662
2018-01-21 06:45,6566
2018-01-21 06:50,6540
2018-01-21 06:55,6452
2018-01-21 07:00,6414
2018-01-21 07:05,6324
2018-01-21 07:10,6258
2018-01-21 07:15,6203
2018-01-21 07:20,6126
2018-01-21 07:25,6036
2018-01-21 07:30,5926
2018-01-21 07:35,5858
2018-01-21 07:40,5760
2018-01-21 07:45,5716
2018-01-21 07:50,5662
2018-01-21 07:55,5587
2018-01-21 08:00,5531
2018-01-21 08:05,5455
2018-01-21 08:10,5470
2018-01-21 08:15,5445
2018-01-21 08:20,5391
2018-01-21 08:25,5431
2018-01-21 08:30,5389
2018-01-21 08:35,5358
2018-01-21 08:40,5353
2018-01-21 08:45,5330
2018-01-21 08:50,5288
2018-01-21 08:55,5288
2018-01-21 09:00,5261
2018-01-21 09:05,5319
2018-01-21 09:10,5387
2018-01-21 09:15,5408
2018-01-21 09:20,5384
2018-01-21 09:25,5440
2018-01-21 09:30,5451
2018-01-21 09:35,5530
2018-01-21 09:40,5560
2018-01-21 09:45,5597
2018-01-21 09:50,5670
2018-01-21 09:55,5744
2018-01-21 10:00,5817
2018-01-21 10:05,5881
2018-01-21 10:10,5999
2018-01-21 10:15,6066
2018-01-21 10:20,6166
2018-01-21 10:25,6253
2018-01-21 10:30,6333
2018-01-21 10:35,6416
2018-01-21 10:40,6510
2018-01-21 10:45,6586
2018-01-21 10:50,6645
2018-01-21 10:55,6755
2018-01-21 11:00,6825
2018-01-21 11:05,6858
2018-01-21 11:10,6923
2018-01-21 11:15,7043
2018-01-21 11:20,7119
2018-01-21 11:25,7203
2018-01-21 11:30,7196
2018-01-21 11:35,7289
2018-01-21 11:40,7376
2018-01-21 11:45,7410
2018-01-21 11:50,7435
2018-01-21 11:55,7502
2018-01-21 12:00,7566
2018-01-21 12:05,7675
2018-01-21 12:10,7818
2018-01-21 12:15,7853
2018-01-21 12:20,7931
2018-01-21 12:25,7998
2018-01-21 12:30,8056
2018-01-21 12:35,8174
2018-01-21 12:40,8251
2018-01-21 12:45,8295
2018-01-21 12:50,8340
2018-01-21 12:55,8455
2018-01-21 13:00,8519
2018-01-21 13:05,8604
2018-01-21 13:10,8626
2018-01-21 13:15,8691
2018-01-21 13:20,8839
2018-01-21 13:25,8931
2018-01-21 13:30,9013
2018-01-21 13:35,9110
2018-01-21 13:40,9218
2018-01-21 13:45,9261
2018-01-21 13:50,9347
2018-01-21 13:55,9417
2018-01-21 14:00,9516
2018-01-21 14:05,9549
2018-01-21 14:10,9613
2018-01-21 14:15,9718
2018-01-21 14:20,9784
2018-01-21 14:25,9874
2018-01-21 14:30,9938
2018-01-21 14:35,10014
2018-01-21 14:40,10035
2018-01-21 14:45,10130
2018-01-21 14:50,10210
2018-01-21 14:55,10341
2018-01-21 15:00,10315
2018-01-21 15:05,10451
2018-01-21 15:10,10495
2018-01-21 15:15,10532
2018-01-21 15:20,10589
2018-01-21 15:25,10676
2018-01-21 15:30,10781
2018-01-21 15:35,10872
2018-01-21 15:40,10960
2018-01-21 15:45,11074
2018-01-21 15:50,11064
2018-01-21 15:55,11116
2018-01-21 16:00,11211
2018-01-21 16:05,11279
2018-01-21 16:10,11370
2018-01-21 16:15,11475
2018-01-21 16:20,11614
2018-01-21 16:25,11704
2018-01-21 16:30,11877
2018-01-21 16:35,11936
2018-01-21 16:40,12089
2018-01-21 16:45,12219
2018-01-21 16:50,12297
2018-01-21 16:55,12345
2018-01-21 17:00,12462
2018-01-21 17:05,12460
2018-01-21 17:10,12493
2018-01-21 17:15,12543
2018-01-21 17:20,12621
2018-01-21 17:25,12794
2018-01-21 17:30,12893
2018-01-21 17:35,12981
2018-01-21 17:40,13104
2018-01-21 17:45,13217
2018-01-21 17:50,13225
2018-01-21 17:55,13332
2018-01-21 18:00,13387
2018-01-21 18:05,13438
2018-01-21 18:10,13567
2018-01-21 18:15,13590
2018-01-21 18:20,13711
2018-01-21 18:25,13808
2018-01-21 18:30,13954
2018-01-21 18:35,13994
2018-01-21 18:40,14026
2018-01-21 18:45,14022
2018-01-21 18:50,14041
2018-01-21 18:55,14150
2018-01-21 19:00,14135
2018-01-21 19:05,14106
2018-01-21 19:10,14186
2018-01-21 19:15,14185
2018-01-21 19:20,14247
2018-01-21 19:25,14240
2018-01-21 19:30,14284
2018-01-21 19:35,14304
2018-01-21 19:40,14363
2018-01-21 19:45,14482
2018-01-21 19:50,14490
2018-01-21 19:55,14512
2018-01-21 20:00,14507
2018-01-21 20:05,14433
2018-01-21 20:10,14327
2018-01-21 20:15,14329
2018-01-21 20:20,14284
2018-01-21 20:25,14249
2018-01-21 20:30,14249
2018-01-21 20:35,14191
2018-01-21 20:40,14147
2018-01-21 20:45,14079
2018-01-21 20:50,14023
2018-01-21 20:55,13942
2018-01-21 21:00,13894
2018-01-21 21:05,13777
2018-01-21 21:10,13690
2018-01-21 21:15,13566
2018-01-21 21:20,13434
2018-01-21 21:25,13305
2018-01-21 21:30,13217
2018-01-21 21:35,13113
2018-01-21 21:40,12986
2018-01-21 21:45,12876
2018-01-21 21:50,12793
2018-01-21 21:55,12721
2018-01-21 22:00,12562
2018-01-21 22:05,12461
2018-01-21 22:10,12371
2018-01-21 22:15,12266
2018-01-21 22:20,12187
2018-01-21 22:25,12056
2018-01-21 22:30,11923
2018-01-21 22:35,11817
2018-01-21 22:40,11746
2018-01-21 22:45,11620
2018-01-21 22:50,11523
2018-01-21 22:55,11442
2018-01-21 23:00,11348
2018-01-21 23:05,11224
2018-01-21 23:10,11125
2018-01-21 23:15,11112
2018-01-21 23:20,11052
2018-01-21 23:25,11017
2018-01-21 23:30,10905
2018-01-21 23:35,10882
2018-01-21 23:40,10728
2018-01-21 23:45,10658
2018-01-21 23:50,10563
2018-01-21 23:55,10507
2018-01-22 00:00,10442
2018-01-22 00:05,10367
2018-01-22 00:10,10281
2018-01-22 00:15,10231
2018-01-22 00:20,10164
2018-01-22 00:25,10125
2018-01-22 00:30,10053
2018-01-22 00:35,10039
2018-01-22 00:40,10016
2018-01-22 00:45,10004
2018-01-22 00:50,9929
2018-01-22 00:55,9886
2018-01-22 01:00,9829
2018-01-22 01:05,9839
2018-01-22 01:10,9764
2018-01-22 01:15,9781
2018-01-22 01:20,9852
2018-01-22 01:25,9787
2018-01-22 01:30,9750
2018-01-22 01:35,9722
2018-01-22 01:40,9697
2018-01-22 01:45,9689
2018-01-22 01:50,9605
2018-01-22 01:55,9641
2018-01-22 02:00,9548
2018-01-22 02:05,9539
2018-01-22 02:10,9517
2018-01-22 02:15,9489
2018-01-22 02:20,9463
2018-01-22 02:25,9423
2018-01-22 02:30,9428
2018-01-22 02:35,9368
2018-01-22 02:40,9334
2018-01-22 02:45,9289
2018-01-22 02:50,9203
2018-01-22 02:55,9099
2018-01-22 03:00,8986
2018-01-22 03:05,8847
2018-01-22 03:10,8744
2018-01-22 03:15,8633
2018-01-22 03:20,8569
2018-01-22 03:25,8492
2018-01-22 03:30,8346
2018-01-22 03:35,8231
2018-01-22 03:40,8157
2018-01-22 03:45,8084
2018-01-22 03:50,7980
2018-01-22 03:55,7888
2018-01-22 04:00,7782
2018-01-22 04:05,7648
2018-01-22 04:10,7554
2018-01-22 04:15,7457
2018-01-22 04:20,7371
2018-01-22 04:25,7262
2018-01-22 04:30,7093
2018-01-22 04:35,6998
2018-01-22 04:40,6900
2018-01-22 04:45,6806
2018-01-22 04:50,6685
2018-01-22 04:55,6606
2018-01-22 05:00,6455
2018-01-22 05:05,6320
2018-01-22 05:10,6205
2018-01-22 05:15,6090
2018-01-22 05:20,5969
2018-01-22 05:25,5834
2018-01-22 05:30,5755
2018-01-22 05:35,5640
2018-01-22 05:40,5547
2018-01-22 05:45,5527
2018-01-22 05:50,5395
2018-01-22 05:55,5306
2018-01-22 06:00,5248
2018-01-22 06:05,5120
2018-01-22 06:10,5039
2018-01-22 06:15,4917
2018-01-22 06:20,4811
2018-01-22 06:25,4741
2018-01-22 06:30,4692
2018-01-22 06:35,4606
2018-01-22 06:40,4525
2018-01-22 06:45,4473
2018-01-22 06:50,4390
2018-01-22 06:55,4347
2018-01-22 07:00,4266
2018-01-22 07:05,4184
2018-01-22 07:10,4154
2018-01-22 07:15,4069
2018-01-22 07:20,0
2018-01-22 07:25,
2018-01-22 07:30,3787
2018-01-22 07:35,0
2018-01-22 07:40,0
2018-01-22 07:45,3599
2018-01-22 07:50,3599
2018-01-22 07:55,3576
2018-01-22 08:00,3561
2018-01-22 08:05,3560
2018-01-22 08:10,3519
2018-01-22 08:15,3490
2018-01-22 08:20,3469
2018-01-22 08:25,3469
2018-01-22 08:30,3468
2018-01-22 08:35,3457
2018-01-22 08:40,3427
2018-01-22 08:45,3398
2018-01-22 08:50,3398
2018-01-22 08:55,3392
2018-01-22 09:00,3378
2018-01-22 09:05,3359
2018-01-22 09:10,3442
2018-01-22 09:15,3487
2018-01-22 09:20,3498
2018-01-22 09:25,3497
2018-01-22 09:30,3538
2018-01-22 09:35,3558
2018-01-22 09:40,3553
2018-01-22 09:45,3585
2018-01-22 09:50,3584
2018-01-22 09:55,3631
2018-01-22 10:00,3648
2018-01-22 10:05,3662
2018-01-22 10:10,3729
2018-01-22 10:15,3742
2018-01-22 10:20,3756
2018-01-22 10:25,3784
2018-01-22 10:30,3814
2018-01-22 10:35,3873
2018-01-22 10:40,3977
2018-01-22 10:45,4030
2018-01-22 10:50,4030
2018-01-22 10:55,4085
2018-01-22 11:00,4119
2018-01-22 11:05,4140
2018-01-22 11:10,4185
2018-01-22 11:15,4177
2018-01-22 11:20,4232
2018-01-22 11:25,4240
2018-01-22 11:30,4299
2018-01-22 11:35,4396
2018-01-22 11:40,4421
2018-01-22 11:45,4524
2018-01-22 11:50,4585
2018-01-22 11:55,4649
2018-01-22 12:00,4639
2018-01-22 12:05,4681
2018-01-22 12:10,4744
2018-01-22 12:15,4791
2018-01-22 12:20,4845
2018-01-22 12:25,4886
2018-01-22 12:30,4969
2018-01-22 12:35,5053
2018-01-22 12:40,5220
2018-01-22 12:45,5220
2018-01-22 12:50,5252
2018-01-22 12:55,5325
2018-01-22 13:00,5404
2018-01-22 13:05,5555
2018-01-22 13:10,5584
2018-01-22 13:15,5584
2018-01-22 13:20,5746
2018-01-22 13:25,5746
2018-01-22 13:30,5833
2018-01-22 13:35,5905
2018-01-22 13:40,5989
2018-01-22 13:45,6044
2018-01-22 13:50,6109
2018-01-22 13:55,6189
2018-01-22 14:00,6293
2018-01-22 14:05,6378
2018-01-22 14:10,6443
2018-01-22 14:15,6549
2018-01-22 14:20,6623
2018-01-22 14:25,6730
2018-01-22 14:30,6774
2018-01-22 14:35,6891
2018-01-22 14:40,6963
2018-01-22 14:45,7012
2018-01-22 14:50,7108
2018-01-22 14:55,7230
2018-01-22 15:00,7285
2018-01-22 15:05,7363
2018-01-22 15:10,7413
2018-01-22 15:15,7538
2018-01-22 15:20,7716
2018-01-22 15:25,7781
2018-01-22 15:30,7847
2018-01-22 15:35,7924
2018-01-22 15:40,8010
2018-01-22 15:45,8112
2018-01-22 15:50,8194
2018-01-22 15:55,8238
2018-01-22 16:00,8311
2018-01-22 16:05,8457
2018-01-22 16:10,8559
2018-01-22 16:15,8639
2018-01-22 16:20,8774
2018-01-22 16:25,8926
2018-01-22 16:30,9024
2018-01-22 16:35,9135
2018-01-22 16:40,9197
2018-01-22 16:45,9348
2018-01-22 16:50,9438
2018-01-22 16:55,9503
2018-01-22 17:00,9538
2018-01-22 17:05,9633
2018-01-22 17:10,9774
2018-01-22 17:15,9812
2018-01-22 17:20,9846
2018-01-22 17:25,9977
2018-01-22 17:30,10037
2018-01-22 17:35,10015
2018-01-22 17:40,10196
2018-01-22 17:45,10295
2018-01-22 17:50,10380
2018-01-22 17:55,10479
2018-01-22 18:00,10546
2018-01-22 18:05,10581
2018-01-22 18:10,10688
2018-01-22 18:15,10815
2018-01-22 18:20,10890
2018-01-22 18:25,10927
2018-01-22 18:30,11001
2018-01-22 18:35,11141
2018-01-22 18:40,11393
2018-01-22 18:45,11393
2018-01-22 18:50,11502
2018-01-22 18:55,11637
2018-01-22 19:00,11708
2018-01-22 19:05,11761
2018-01-22 19:10,11811
2018-01-22 19:15,11892
2018-01-22 19:20,11904
2018-01-22 19:25,12000
2018-01-22 19:30,12040
2018-01-22 19:35,12013
2018-01-22 19:40,12042
2018-01-22 19:45,12103
2018-01-22 19:50,12174
2018-01-22 19:55,12222
2018-01-22 20:00,12300
2018-01-22 20:05,12310
2018-01-22 20:10,12327
2018-01-22 20:15,12255
2018-01-22 20:20,12306
2018-01-22 20:25,12342
2018-01-22 20:30,12328
2018-01-22 20:35,12326
2018-01-22 20:40,12290
2018-01-22 20:45,12319
2018-01-22 20:50,12292
2018-01-22 20:55,12185
2018-01-22 21:00,12185
2018-01-22 21:05,12050
2018-01-22 21:10,10334
2018-01-22 21:15,12004
2018-01-22 21:20,11952
2018-01-22 21:25,11933
2018-01-22 21:30,11859
2018-01-22 21:35,11753
2018-01-22 21:40,11597
2018-01-22 21:45,11535
2018-01-22 21:50,11490
2018-01-22 21:55,11449
2018-01-22 22:00,11469
2018-01-22 22:05,11423
2018-01-22 22:10,11297
2018-01-22 22:15,11274
2018-01-22 22:20,11138
2018-01-22 22:25,11077
2018-01-22 22:30,10992
2018-01-22 22:35,10859
2018-01-22 22:40,10791
2018-01-22 22:45,10702
2018-01-22 22:50,10613
2018-01-22 22:55,10515
2018-01-22 23:00,10438
2018-01-22 23:05,10379
2018-01-22 23:10,10220
2018-01-22 23:15,10137
2018-01-22 23:20,10024
2018-01-22 23:25,9981
2018-01-22 23:30,9879
2018-01-22 23:35,9762
2018-01-22 23:40,9690
2018-01-22 23:45,9623
2018-01-22 23:50,9586
2018-01-22 23:55,9577
2018-01-23 00:00,9563
2018-01-23 00:05,9527
2018-01-23 00:10,9494
2018-01-23 00:15,9463
2018-01-23 00:20,9466
2018-01-23 00:25,9496
2018-01-23 00:30,9423
2018-01-23 00:35,9385
2018-01-23 00:40,9359
2018-01-23 00:45,9332
2018-01-23 00:50,9326
2018-01-23 00:55,9322
2018-01-23 01:00,9297
2018-01-23 01:05,9304
2018-01-23 01:10,9297
2018-01-23 01:15,9276
2018-01-23 01:20,9248
2018-01-23 01:25,9194
2018-01-23 01:30,9209
2018-01-23 01:35,9176
2018-01-23 01:40,9178
2018-01-23 01:45,9212
2018-01-23 01:50,9234
2018-01-23 01:55,9184
2018-01-23 02:00,9139
2018-01-23 02:05,9071
2018-01-23 02:10,9103
2018-01-23 02:15,9053
2018-01-23 02:20,9028
2018-01-23 02:25,9038
2018-01-23 02:30,8982
2018-01-23 02:35,8998
2018-01-23 02:40,8939
2018-01-23 02:45,8868
2018-01-23 02:50,8846
2018-01-23 02:55,8754
2018-01-23 03:00,8693
2018-01-23 03:05,8571
2018-01-23 03:10,8413
2018-01-23 03:15,8397
2018-01-23 03:20,8288
2018-01-23 03:25,8242
2018-01-23 03:30,8210
2018-01-23 03:35,8082
2018-01-23 03:40,7996
2018-01-23 03:45,7899
2018-01-23 03:50,7763
2018-01-23 03:55,7715
2018-01-23 04:00,7609
2018-01-23 04:05,7513
2018-01-23 04:10,7380
2018-01-23 04:15,7245
2018-01-23 04:20,7179
2018-01-23 04:25,7077
2018-01-23 04:30,7019
2018-01-23 04:35,6881
2018-01-23 04:40,6745
2018-01-23 04:45,6656
2018-01-23 04:50,6591
2018-01-23 04:55,6450
2018-01-23 05:00,6308
2018-01-23 05:05,6208
2018-01-23 05:10,6110
2018-01-23 05:15,5984
2018-01-23 05:20,5853
2018-01-23 05:25,5755
2018-01-23 05:30,5653
2018-01-23 05:35,5541
2018-01-23 05:40,5458
2018-01-23 05:45,5324
2018-01-23 05:50,5255
2018-01-23 05:55,5171
2018-01-23 06:00,5046
2018-01-23 06:05,4928
2018-01-23 06:10,4816
2018-01-23 06:15,4764
2018-01-23 06:20,4667
2018-01-23 06:25,4580
2018-01-23 06:30,4494
2018-01-23 06:35,4402
2018-01-23 06:40,4367
2018-01-23 06:45,4311
2018-01-23 06:50,4215
2018-01-23 06:55,4152
2018-01-23 07:00,4086
2018-01-23 07:05,4074
2018-01-23 07:10,3987
2018-01-23 07:15,3907
2018-01-23 07:20,3837
2018-01-23 07:25,3773
2018-01-23 07:30,3732
2018-01-23 07:35,3706
2018-01-23 07:40,3692
2018-01-23 07:45,3651
2018-01-23 07:50,3592
2018-01-23 07:55,3569
2018-01-23 08:00,3540
2018-01-23 08:05,3490
2018-01-23 08:10,3448
2018-01-23 08:15,3410
2018-01-23 08:20,3339
2018-01-23 08:25,3355
2018-01-23 08:30,3326
2018-01-23 08:35,3306
2018-01-23 08:40,3276
2018-01-23 08:45,3232
2018-01-23 08:50,3240
2018-01-23 08:55,3251
2018-01-23 09:00,3262
2018-01-23 09:05,3304
2018-01-23 09:10,3353
2018-01-23 09:15,3437
2018-01-23 09:20,3437
2018-01-23 09:25,3454
2018-01-23 09:30,3482
2018-01-23 09:35,3552
2018-01-23 09:40,3573
2018-01-23 09:45,3606
2018-01-23 09:50,3639
2018-01-23 09:55,3696
2018-01-23 10:00,3728
2018-01-23 10:05,3763
2018-01-23 10:10,3797
2018-01-23 10:15,3828
2018-01-23 10:20,3897
2018-01-23 10:25,3897
2018-01-23 10:30,3967
2018-01-23 10:35,3997
2018-01-23 10:40,4008
2018-01-23 10:45,4057
2018-01-23 10:50,4072
2018-01-23 10:55,4096
2018-01-23 11:00,4114
2018-01-23 11:05,4141
2018-01-23 11:10,4173
2018-01-23 11:15,4209
2018-01-23 11:20,4276
2018-01-23 11:25,4327
2018-01-23 11:30,4392
2018-01-23 11:35,4422
2018-01-23 11:40,4495
2018-01-23 11:45,4599
2018-01-23 11:50,4634
2018-01-23 11:55,4722
2018-01-23 12:00,4767
2018-01-23 12:05,4788
2018-01-23 12:10,4814
2018-01-23 12:15,4872
2018-01-23 12:20,4997
2018-01-23 12:25,5080
2018-01-23 12:30,5115
2018-01-23 12:35,5230
2018-01-23 12:40,5307
2018-01-23 12:45,5363
2018-01-23 12:50,5420
2018-01-23 12:55,5418
2018-01-23 13:00,5499
2018-01-23 13:05,5532
2018-01-23 13:10,5591
2018-01-23 13:15,5648
2018-01-23 13:20,5777
2018-01-23 13:25,5863
2018-01-23 13:30,5927
2018-01-23 13:35,5979
2018-01-23 13:40,5953
2018-01-23 13:45,6023
2018-01-23 13:50,6079
2018-01-23 13:55,6114
2018-01-23 14:00,6140
2018-01-23 14:05,6123
2018-01-23 14:10,6120
2018-01-23 14:15,6179
2018-01-23 14:20,6193
2018-01-23 14:25,6204
2018-01-23 14:30,6179
2018-01-23 14:35,5913
2018-01-23 14:40,4830
2018-01-23 14:45,3937
2018-01-23 14:50,3060
2018-01-23 14:55,2342
2018-01-23 15:00,2006
2018-01-23 15:05,1782
2018-01-23 15:10,1661
2018-01-23 15:15,1673
2018-01-23 15:20,1697
2018-01-23 15:25,1714
2018-01-23 15:30,1734
2018-01-23 15:35,1738
2018-01-23 15:40,1784
2018-01-23 15:45,1782
2018-01-23 15:50,1862
2018-01-23 15:55,1831
2018-01-23 16:00,1885
2018-01-23 16:05,2234
2018-01-23 16:10,3469
2018-01-23 16:15,4488
2018-01-23 16:20,5324
2018-01-23 16:25,5995
2018-01-23 16:30,6628
2018-01-23 16:35,7197
2018-01-23 16:40,7622
2018-01-23 16:45,8008
2018-01-23 16:50,8460
2018-01-23 16:55,8901
2018-01-23 17:00,9234
2018-01-23 17:05,9589
2018-01-23 17:10,9881
2018-01-23 17:15,10112
2018-01-23 17:20,10333
2018-01-23 17:25,10610
2018-01-23 17:30,10699
2018-01-23 17:35,10926
2018-01-23 17:40,10946
2018-01-23 17:45,11235
2018-01-23 17:50,11435
2018-01-23 17:55,11567
2018-01-23 18:00,11671
2018-01-23 18:05,11716
2018-01-23 18:10,11729
2018-01-23 18:15,11871
2018-01-23 18:20,12043
2018-01-23 18:25,12063
2018-01-23 18:30,12168
2018-01-23 18:35,11277
2018-01-23 18:40,9110
2018-01-23 18:45,
2018-01-23 18:50,
2018-01-23 18:55,
2018-01-23 19:00,
2018-01-23 19:05,3191
2018-01-23 19:10,
2018-01-23 19:15,
2018-01-23 19:20,
2018-01-23 19:25,
2018-01-23 19:30,2581
2018-01-23 19:35,2533
2018-01-23 19:40,2533
2018-01-23 19:45,2551
2018-01-23 19:50,
2018-01-23 19:55,
2018-01-23 20:00,
2018-01-23 20:05,
2018-01-23 20:10,
2018-01-23 20:15,8192
2018-01-23 20:20,
2018-01-23 20:25,
2018-01-23 20:30,10399
2018-01-23 20:35,10934
2018-01-23 20:40,11426
2018-01-23 20:45,
2018-01-23 20:50,12145
2018-01-23 20:55,
2018-01-23 21:00,
2018-01-23 21:05,
2018-01-23 21:10,12738
2018-01-23 21:15,12849
2018-01-23 21:20,12931
2018-01-23 21:25,13029
2018-01-23 21:30,13006
2018-01-23 21:35,12979
2018-01-23 21:40,12956
2018-01-23 21:45,12889
2018-01-23 21:50,12879
2018-01-23 21:55,11766
2018-01-23 22:00,10809
2018-01-23 22:05,10866
2018-01-23 22:10,10872
2018-01-23 22:15,0
2018-01-23 22:20,10935
2018-01-23 22:25,10980
2018-01-23 22:30,10969
2018-01-23 22:35,10968
2018-01-23 22:40,11012
2018-01-23 22:45,11015
2018-01-23 22:50,10901
2018-01-23 22:55,10845
2018-01-23 23:00,10813
2018-01-23 23:05,10655
2018-01-23 23:10,10582
2018-01-23 23:15,10442
2018-01-23 23:20,10340
2018-01-23 23:25,10287
2018-01-23 23:30,10252
2018-01-23 23:35,10155
2018-01-23 23:40,10093
2018-01-23 23:45,10128
2018-01-23 23:50,10148
2018-01-23 23:55,9982
2018-01-24 00:00,9953
2018-01-24 00:05,9887
2018-01-24 00:10,9780
2018-01-24 00:15,9744
2018-01-24 00:20,9693
2018-01-24 00:25,9662
2018-01-24 00:30,9626
2018-01-24 00:35,0
2018-01-24 00:40,9078
2018-01-24 00:45,9316
2018-01-24 00:50,9426
2018-01-24 00:55,9497
2018-01-24 01:00,9464
2018-01-24 01:05,9481
2018-01-24 01:10,9442
2018-01-24 01:15,9402
2018-01-24 01:20,9265
2018-01-24 01:25,9225
2018-01-24 01:30,9252
2018-01-24 01:35,9226
2018-01-24 01:40,9216
2018-01-24 01:45,9209
2018-01-24 01:50,9214
2018-01-24 01:55,9230
2018-01-24 02:00,9103
2018-01-24 02:05,9045
2018-01-24 02:10,9051
2018-01-24 02:15,8997
2018-01-24 02:20,8991
2018-01-24 02:25,8936
2018-01-24 02:30,8901
2018-01-24 02:35,8859
2018-01-24 02:40,8815
2018-01-24 02:45,8770
2018-01-24 02:50,8754
2018-01-24 02:55,8715
2018-01-24 03:00,8621
2018-01-24 03:05,8539
2018-01-24 03:10,8501
2018-01-24 03:15,8416
2018-01-24 03:20,8325
2018-01-24 03:25,8266
2018-01-24 03:30,8198
2018-01-24 03:35,8069
2018-01-24 03:40,8023
2018-01-24 03:45,7940
2018-01-24 03:50,7896
2018-01-24 03:55,7847
2018-01-24 04:00,7780
2018-01-24 04:05,7654
2018-01-24 04:10,7566
2018-01-24 04:15,7463
2018-01-24 04:20,7332
2018-01-24 04:25,7204
2018-01-24 04:30,7100
2018-01-24 04:35,7021
2018-01-24 04:40,6905
2018-01-24 04:45,6818
2018-01-24 04:50,6673
2018-01-24 04:55,6576
2018-01-24 05:00,6529
2018-01-24 05:05,6409
2018-01-24 05:10,6311
2018-01-24 05:15,6179
2018-01-24 05:20,6109
2018-01-24 05:25,5986
2018-01-24 05:30,5888
2018-01-24 05:35,5794
2018-01-24 05:40,5680
2018-01-24 05:45,5602
2018-01-24 05:50,5496
2018-01-24 05:55,5419
2018-01-24 06:00,5369
2018-01-24 06:05,5226
2018-01-24 06:10,5144
2018-01-24 06:15,5052
2018-01-24 06:20,4920
2018-01-24 06:25,4815
2018-01-24 06:30,4715
2018-01-24 06:35,4612
2018-01-24 06:40,4539
2018-01-24 06:45,4419
2018-01-24 06:50,4348
2018-01-24 06:55,4286
2018-01-24 07:00,4217
2018-01-24 07:05,4145
2018-01-24 07:10,4100
2018-01-24 07:15,4026
2018-01-24 07:20,3930
2018-01-24 07:25,3893
2018-01-24 07:30,3848
2018-01-24 07:35,3787
2018-01-24 07:40,3761
2018-01-24 07:45,3686
2018-01-24 07:50,3676
2018-01-24 07:55,3657
2018-01-24 08:00,3564
2018-01-24 08:05,3585
2018-01-24 08:10,3584
2018-01-24 08:15,3568
2018-01-24 08:20,3552
2018-01-24 08:25,3527
2018-01-24 08:30,3514
2018-01-24 08:35,3492
2018-01-24 08:40,3427
2018-01-24 08:45,3434
2018-01-24 08:50,3450
2018-01-24 08:55,3460
2018-01-24 09:00,3423
2018-01-24 09:05,3480
2018-01-24 09:10,3471
2018-01-24 09:15,3385
2018-01-24 09:20,3401
2018-01-24 09:25,3462
2018-01-24 09:30,3533
2018-01-24 09:35,3554
2018-01-24 09:40,3571
2018-01-24 09:45,3632
2018-01-24 09:50,3678
2018-01-24 09:55,3721
2018-01-24 10:00,3782
2018-01-24 10:05,3788
2018-01-24 10:10,3838
2018-01-24 10:15,3907
2018-01-24 10:20,3976
2018-01-24 10:25,4034
2018-01-24 10:30,4092
2018-01-24 10:35,4101
2018-01-24 10:40,4122
2018-01-24 10:45,4155
2018-01-24 10:50,4200
2018-01-24 10:55,4267
2018-01-24 11:00,4294
2018-01-24 11:05,4321
2018-01-24 11:10,4378
2018-01-24 11:15,4439
2018-01-24 11:20,4490
2018-01-24 11:25,4504
2018-01-24 11:30,4543
2018-01-24 11:35,4622
2018-01-24 11:40,4643
2018-01-24 11:45,4700
2018-01-24 11:50,4745
2018-01-24 11:55,4797
2018-01-24 12:00,4855
2018-01-24 12:05,4919
2018-01-24 12:10,5033
2018-01-24 12:15,5129
2018-01-24 12:20,5163
2018-01-24 12:25,5202
2018-01-24 12:30,5260
2018-01-24 12:35,5373
2018-01-24 12:40,5414
2018-01-24 12:45,5513
2018-01-24 12:50,5600
2018-01-24 12:55,5689
2018-01-24 13:00,5771
2018-01-24 13:05,5845
2018-01-24 13:10,5952
2018-01-24 13:15,6034
2018-01-24 13:20,6091
2018-01-24 13:25,6134
2018-01-24 13:30,6227
2018-01-24 13:35,6326
2018-01-24 13:40,6350
2018-01-24 13:45,6400
2018-01-24 13:50,6469
2018-01-24 13:55,6562
2018-01-24 14:00,6644
2018-01-24 14:05,6713
2018-01-24 14:10,6816
2018-01-24 14:15,6922
2018-01-24 14:20,6987
2018-01-24 14:25,7109
2018-01-24 14:30,7192
2018-01-24 14:35,7290
2018-01-24 14:40,7433
2018-01-24 14:45,7529
2018-01-24 14:50,7624
2018-01-24 14:55,7631
2018-01-24 15:00,7702
2018-01-24 15:05,
2018-01-24 15:10,7955
2018-01-24 15:15,8003
2018-01-24 15:20,8076
2018-01-24 15:25,8175
2018-01-24 15:30,8323
2018-01-24 15:35,8362
2018-01-24 15:40,8416
2018-01-24 15:45,8514
2018-01-24 15:50,8611
2018-01-24 15:55,8740
2018-01-24 16:00,8781
2018-01-24 16:05,8889
2018-01-24 16:10,8962
2018-01-24 16:15,9088
2018-01-24 16:20,9192
2018-01-24 16:25,9321
2018-01-24 16:30,9440
2018-01-24 16:35,9550
2018-01-24 16:40,9616
2018-01-24 16:45,9746
2018-01-24 16:50,9793
2018-01-24 16:55,9898
2018-01-24 17:00,10008
2018-01-24 17:05,10031
2018-01-24 17:10,10097
2018-01-24 17:15,10219
2018-01-24 17:20,10247
2018-01-24 17:25,10267
2018-01-24 17:30,10357
2018-01-24 17:35,10457
2018-01-24 17:40,10517
2018-01-24 17:45,10633
2018-01-24 17:50,10696
2018-01-24 17:55,10720
2018-01-24 18:00,10838
2018-01-24 18:05,11004
2018-01-24 18:10,11240
2018-01-24 18:15,11298
2018-01-24 18:20,11431
2018-01-24 18:25,11544
2018-01-24 18:30,11586
2018-01-24 18:35,11617
2018-01-24 18:40,11703
2018-01-24 18:45,11703
2018-01-24 18:50,11768
2018-01-24 18:55,11789
2018-01-24 19:00,11852
2018-01-24 19:05,11821
2018-01-24 19:10,11874
2018-01-24 19:15,11882
2018-01-24 19:20,11904
2018-01-24 19:25,11831
2018-01-24 19:30,11945
2018-01-24 19:35,11885
2018-01-24 19:40,11896
2018-01-24 19:45,11931
2018-01-24 19:50,11880
2018-01-24 19:55,11902
2018-01-24 20:00,11911
2018-01-24 20:05,12008
2018-01-24 20:10,11988
2018-01-24 20:15,11980
2018-01-24 20:20,11977
2018-01-24 20:25,11981
2018-01-24 20:30,11917
2018-01-24 20:35,11907
2018-01-24 20:40,12007
2018-01-24 20:45,12027
2018-01-24 20:50,12058
2018-01-24 20:55,11944
2018-01-24 21:00,11963
2018-01-24 21:05,11893
2018-01-24 21:10,11886
2018-01-24 21:15,11532
2018-01-24 21:20,11548
2018-01-24 21:25,11531
2018-01-24 21:30,11513
2018-01-24 21:35,11489
2018-01-24 21:40,11432
2018-01-24 21:45,11186
2018-01-24 21:50,11168
2018-01-24 21:55,11115
2018-01-24 22:00,11028
2018-01-24 22:05,10869
2018-01-24 22:10,10861
2018-01-24 22:15,10868
2018-01-24 22:20,10876
2018-01-24 22:25,10905
2018-01-24 22:30,10897
2018-01-24 22:35,10845
2018-01-24 22:40,10726
2018-01-24 22:45,10662
2018-01-24 22:50,10611
2018-01-24 22:55,10560
2018-01-24 23:00,10557
2018-01-24 23:05,10495
2018-01-24 23:10,10353
2018-01-24 23:15,10256
2018-01-24 23:20,10211
2018-01-24 23:25,10174
2018-01-24 23:30,10082
2018-01-24 23:35,9961
2018-01-24 23:40,9929
2018-01-24 23:45,9829
2018-01-24 23:50,9784
2018-01-24 23:55,9742
2018-01-25 00:00,9629
2018-01-25 00:05,9641
2018-01-25 00:10,9621
2018-01-25 00:15,9620
2018-01-25 00:20,9599
2018-01-25 00:25,9540
2018-01-25 00:30,9551
2018-01-25 00:35,9534
2018-01-25 00:40,9509
2018-01-25 00:45,9512
2018-01-25 00:50,9486
2018-01-25 00:55,9419
2018-01-25 01:00,9410
2018-01-25 01:05,9322
2018-01-25 01:10,9209
2018-01-25 01:15,9157
2018-01-25 01:20,9151
2018-01-25 01:25,9101
2018-01-25 01:30,9067
2018-01-25 01:35,9037
2018-01-25 01:40,9005
2018-01-25 01:45,8980
2018-01-25 01:50,8944
2018-01-25 01:55,8920
2018-01-25 02:00,8988
2018-01-25 02:05,8963
2018-01-25 02:10,8974
2018-01-25 02:15,8992
2018-01-25 02:20,8975
2018-01-25 02:25,8948
2018-01-25 02:30,8896
2018-01-25 02:35,8880
2018-01-25 02:40,8881
2018-01-25 02:45,8856
2018-01-25 02:50,8819
2018-01-25 02:55,8800
2018-01-25 03:00,8737
2018-01-25 03:05,8648
2018-01-25 03:10,8606
2018-01-25 03:15,8523
2018-01-25 03:20,8438
2018-01-25 03:25,8405
2018-01-25 03:30,8311
2018-01-25 03:35,8199
2018-01-25 03:40,8131
2018-01-25 03:45,8039
2018-01-25 03:50,7934
2018-01-25 03:55,7784
2018-01-25 04:00,7673
2018-01-25 04:05,7575
2018-01-25 04:10,7477
2018-01-25 04:15,7363
2018-01-25 04:20,7220
2018-01-25 04:25,7213
2018-01-25 04:30,7118
2018-01-25 04:35,7015
2018-01-25 04:40,6902
2018-01-25 04:45,6807
2018-01-25 04:50,6719
2018-01-25 04:55,6631
2018-01-25 05:00,6543
2018-01-25 05:05,6368
2018-01-25 05:10,6233
2018-01-25 05:15,6070
2018-01-25 05:20,5986
2018-01-25 05:25,5827
2018-01-25 05:30,5725
2018-01-25 05:35,5639
2018-01-25 05:40,5482
2018-01-25 05:45,5402
2018-01-25 05:50,5355
2018-01-25 05:55,5262
2018-01-25 06:00,5159
2018-01-25 06:05,5079
2018-01-25 06:10,4947
2018-01-25 06:15,4866
2018-01-25 06:20,4765
2018-01-25 06:25,4676
2018-01-25 06:30,4612
2018-01-25 06:35,4523
2018-01-25 06:40,4467
2018-01-25 06:45,4413
2018-01-25 06:50,4357
2018-01-25 06:55,4275
2018-01-25 07:00,4155
2018-01-25 07:05,4054
2018-01-25 07:10,3992
2018-01-25 07:15,3902
2018-01-25 07:20,3887
2018-01-25 07:25,3825
2018-01-25 07:30,3754
2018-01-25 07:35,3723
2018-01-25 07:40,3659
2018-01-25 07:45,3668
2018-01-25 07:50,3639
2018-01-25 07:55,3634
2018-01-25 08:00,3609
2018-01-25 08:05,3593
2018-01-25 08:10,3556
2018-01-25 08:15,3522
2018-01-25 08:20,3519
2018-01-25 08:25,3515
2018-01-25 08:30,3490
2018-01-25 08:35,3475
2018-01-25 08:40,3467
2018-01-25 08:45,3466
2018-01-25 08:50,3449
2018-01-25 08:55,3429
2018-01-25 09:00,3449
2018-01-25 09:05,3500
2018-01-25 09:10,3514
2018-01-25 09:15,3548
2018-01-25 09:20,3578
2018-01-25 09:25,3573
2018-01-25 09:30,3635
2018-01-25 09:35,3671
2018-01-25 09:40,3709
2018-01-25 09:45,3734
2018-01-25 09:50,3781
2018-01-25 09:55,3768
2018-01-25 10:00,3815
2018-01-25 10:05,3842
2018-01-25 10:10,3861
2018-01-25 10:15,3875
2018-01-25 10:20,3899
2018-01-25 10:25,3972
2018-01-25 10:30,4004
2018-01-25 10:35,4042
2018-01-25 10:40,4075
2018-01-25 10:45,4112
2018-01-25 10:50,4164
2018-01-25 10:55,4186
2018-01-25 11:00,4203
2018-01-25 11:05,4203
2018-01-25 11:10,4230
2018-01-25 11:15,4281
2018-01-25 11:20,4329
2018-01-25 11:25,4360
2018-01-25 11:30,4447
2018-01-25 11:35,4461
2018-01-25 11:40,4507
2018-01-25 11:45,4579
2018-01-25 11:50,4631
2018-01-25 11:55,4696
2018-01-25 12:00,4727
2018-01-25 12:05,4828
2018-01-25 12:10,4896
2018-01-25 12:15,4966
2018-01-25 12:20,4968
2018-01-25 12:25,5031
2018-01-25 12:30,5156
2018-01-25 12:35,5218
2018-01-25 12:40,5249
2018-01-25 12:45,5352
2018-01-25 12:50,5415
2018-01-25 12:55,5511
2018-01-25 13:00,5603
2018-01-25 13:05,5678
2018-01-25 13:10,5712
2018-01-25 13:15,5786
2018-01-25 13:20,5883
2018-01-25 13:25,5976
2018-01-25 13:30,6031
2018-01-25 13:35,6106
2018-01-25 13:40,6202
2018-01-25 13:45,6291
2018-01-25 13:50,6328
2018-01-25 13:55,6392
2018-01-25 14:00,6491
2018-01-25 14:05,6562
2018-01-25 14:10,6651
2018-01-25 14:15,6771
2018-01-25 14:20,6915
2018-01-25 14:25,7044
2018-01-25 14:30,7134
2018-01-25 14:35,7182
2018-01-25 14:40,7316
2018-01-25 14:45,7386
2018-01-25 14:50,7415
2018-01-25 14:55,7368
2018-01-25 15:00,7450
2018-01-25 15:05,7491
2018-01-25 15:10,7722
2018-01-25 15:15,7799
2018-01-25 15:20,7889
2018-01-25 15:25,7993
2018-01-25 15:30,8172
2018-01-25 15:35,8235
2018-01-25 15:40,8366
2018-01-25 15:45,8430
2018-01-25 15:50,8520
2018-01-25 15:55,8605
2018-01-25 16:00,8743
2018-01-25 16:05,8907
2018-01-25 16:10,8951
2018-01-25 16:15,9047
2018-01-25 16:20,9114
2018-01-25 16:25,9179
2018-01-25 16:30,9323
2018-01-25 16:35,9438
2018-01-25 16:40,9549
2018-01-25 16:45,9644
2018-01-25 16:50,0
2018-01-25 16:55,9794
2018-01-25 17:00,9901
2018-01-25 17:05,9962
2018-01-25 17:10,9966
2018-01-25 17:15,10085
2018-01-25 17:20,10239
2018-01-25 17:25,10324
2018-01-25 17:30,10432
2018-01-25 17:35,10513
2018-01-25 17:40,10652
2018-01-25 17:45,10701
2018-01-25 17:50,10773
2018-01-25 17:55,10709
2018-01-25 18:00,10754
2018-01-25 18:05,10884
2018-01-25 18:10,11044
2018-01-25 18:15,11025
2018-01-25 18:20,11109
2018-01-25 18:25,11266
2018-01-25 18:30,11227
2018-01-25 18:35,11275
2018-01-25 18:40,11377
2018-01-25 18:45,11524
2018-01-25 18:50,11664
2018-01-25 18:55,11809
2018-01-25 19:00,11826
2018-01-25 19:05,11797
2018-01-25 19:10,11835
2018-01-25 19:15,11859
2018-01-25 19:20,11992
2018-01-25 19:25,12111
2018-01-25 19:30,12140
2018-01-25 19:35,12192
2018-01-25 19:40,12226
2018-01-25 19:45,12296
2018-01-25 19:50,12273
2018-01-25 19:55,12358
2018-01-25 20:00,12393
2018-01-25 20:05,12386
2018-01-25 20:10,12377
2018-01-25 20:15,12371
2018-01-25 20:20,12351
2018-01-25 20:25,12322
2018-01-25 20:30,12229
2018-01-25 20:35,12164
2018-01-25 20:40,12197
2018-01-25 20:45,12165
2018-01-25 20:50,12168
2018-01-25 20:55,12078
2018-01-25 21:00,11925
2018-01-25 21:05,11929
2018-01-25 21:10,11853
2018-01-25 21:15,11748
2018-01-25 21:20,11692
2018-01-25 21:25,11625
2018-01-25 21:30,11616
2018-01-25 21:35,11568
2018-01-25 21:40,11525
2018-01-25 21:45,11401
2018-01-25 21:50,11368
2018-01-25 21:55,11244
2018-01-25 22:00,11185
2018-01-25 22:05,11119
2018-01-25 22:10,11010
2018-01-25 22:15,10955
2018-01-25 22:20,10922
2018-01-25 22:25,10863
2018-01-25 22:30,10728
2018-01-25 22:35,10742
2018-01-25 22:40,10672
2018-01-25 22:45,10591
2018-01-25 22:50,10511
2018-01-25 22:55,10378
2018-01-25 23:00,10222
2018-01-25 23:05,10138
2018-01-25 23:10,9981
2018-01-25 23:15,9901
2018-01-25 23:20,9814
2018-01-25 23:25,9721
2018-01-25 23:30,9608
2018-01-25 23:35,9512
2018-01-25 23:40,9498
2018-01-25 23:45,9482
2018-01-25 23:50,9459
2018-01-25 23:55,9394
2018-01-26 00:00,9329
2018-01-26 00:05,9338
2018-01-26 00:10,9325
2018-01-26 00:15,9307
2018-01-26 00:20,9300
2018-01-26 00:25,9280
2018-01-26 00:30,9243
2018-01-26 00:35,9217
2018-01-26 00:40,9244
2018-01-26 00:45,9265
2018-01-26 00:50,9276
2018-01-26 00:55,9255
2018-01-26 01:00,9280
2018-01-26 01:05,9310
2018-01-26 01:10,9298
2018-01-26 01:15,9242
2018-01-26 01:20,9248
2018-01-26 01:25,9188
2018-01-26 01:30,9164
2018-01-26 01:35,9148
2018-01-26 01:40,9118
2018-01-26 01:45,9069
2018-01-26 01:50,9043
2018-01-26 01:55,8975
2018-01-26 02:00,8930
2018-01-26 02:05,8906
2018-01-26 02:10,8802
2018-01-26 02:15,8716
2018-01-26 02:20,8656
2018-01-26 02:25,8567
2018-01-26 02:30,8503
2018-01-26 02:35,8452
2018-01-26 02:40,8402
2018-01-26 02:45,8365
2018-01-26 02:50,8314
2018-01-26 02:55,8266
2018-01-26 03:00,8222
2018-01-26 03:05,8172
2018-01-26 03:10,8102
2018-01-26 03:15,8012
2018-01-26 03:20,7972
2018-01-26 03:25,7906
2018-01-26 03:30,7845
2018-01-26 03:35,7744
2018-01-26 03:40,7728
2018-01-26 03:45,7695
2018-01-26 03:50,7657
2018-01-26 03:55,7591
2018-01-26 04:00,7486
2018-01-26 04:05,7357
2018-01-26 04:10,7286
2018-01-26 04:15,7191
2018-01-26 04:20,7075
2018-01-26 04:25,6970
2018-01-26 04:30,6951
2018-01-26 04:35,6840
2018-01-26 04:40,6772
2018-01-26 04:45,6675
2018-01-26 04:50,6566
2018-01-26 04:55,6434
2018-01-26 05:00,6342
2018-01-26 05:05,6235
2018-01-26 05:10,6098
2018-01-26 05:15,5960
2018-01-26 05:20,5899
2018-01-26 05:25,5794
2018-01-26 05:30,5673
2018-01-26 05:35,5561
2018-01-26 05:40,5458
2018-01-26 05:45,5348
2018-01-26 05:50,5300
2018-01-26 05:55,5180
2018-01-26 06:00,5122
2018-01-26 06:05,5021
2018-01-26 06:10,4968
2018-01-26 06:15,4858
2018-01-26 06:20,4720
2018-01-26 06:25,4658
2018-01-26 06:30,4589
2018-01-26 06:35,4489
2018-01-26 06:40,4413
2018-01-26 06:45,4327
2018-01-26 06:50,4288
2018-01-26 06:55,4250
2018-01-26 07:00,4166
2018-01-26 07:05,4059
2018-01-26 07:10,3988
2018-01-26 07:15,3948
2018-01-26 07:20,3924
2018-01-26 07:25,3870
2018-01-26 07:30,3850
2018-01-26 07:35,3781
2018-01-26 07:40,3761
2018-01-26 07:45,3741
2018-01-26 07:50,3726
2018-01-26 07:55,3705
2018-01-26 08:00,3688
2018-01-26 08:05,3644
2018-01-26 08:10,3601
2018-01-26 08:15,3568
2018-01-26 08:20,3540
2018-01-26 08:25,3481
2018-01-26 08:30,3450
2018-01-26 08:35,3410
2018-01-26 08:40,3379
2018-01-26 08:45,3357
2018-01-26 08:50,3359
2018-01-26 08:55,3375
2018-01-26 09:00,3339
2018-01-26 09:05,3376
2018-01-26 09:10,3413
2018-01-26 09:15,3415
2018-01-26 09:20,3442
2018-01-26 09:25,3489
2018-01-26 09:30,3514
2018-01-26 09:35,3524
2018-01-26 09:40,3527
2018-01-26 09:45,3529
2018-01-26 09:50,3572
2018-01-26 09:55,3634
2018-01-26 10:00,3681
2018-01-26 10:05,3708
2018-01-26 10:10,3775
2018-01-26 10:15,3835
2018-01-26 10:20,3866
2018-01-26 10:25,3937
2018-01-26 10:30,4011
2018-01-26 10:35,4007
2018-01-26 10:40,4026
2018-01-26 10:45,4059
2018-01-26 10:50,4086
2018-01-26 10:55,4188
2018-01-26 11:00,4205
2018-01-26 11:05,4198
2018-01-26 11:10,4253
2018-01-26 11:15,4274
2018-01-26 11:20,4325
2018-01-26 11:25,4433
2018-01-26 11:30,4470
2018-01-26 11:35,4568
2018-01-26 11:40,4623
2018-01-26 11:45,4658
2018-01-26 11:50,4771
2018-01-26 11:55,4808
2018-01-26 12:00,4842
2018-01-26 12:05,4887
2018-01-26 12:10,5011
2018-01-26 12:15,5039
2018-01-26 12:20,5154
2018-01-26 12:25,5244
2018-01-26 12:30,5343
2018-01-26 12:35,5378
2018-01-26 12:40,5411
2018-01-26 12:45,5512
2018-01-26 12:50,5590
2018-01-26 12:55,5676
2018-01-26 13:00,5792
2018-01-26 13:05,5845
2018-01-26 13:10,5959
2018-01-26 13:15,6005
2018-01-26 13:20,6075
2018-01-26 13:25,6180
2018-01-26 13:30,6286
2018-01-26 13:35,6370
2018-01-26 13:40,6452
2018-01-26 13:45,6556
2018-01-26 13:50,6620
2018-01-26 13:55,6720
2018-01-26 14:00,6784
2018-01-26 14:05,6892
2018-01-26 14:10,6976
2018-01-26 14:15,7089
2018-01-26 14:20,7192
2018-01-26 14:25,7314
2018-01-26 14:30,7420
2018-01-26 14:35,7472
2018-01-26 14:40,7571
2018-01-26 14:45,7640
2018-01-26 14:50,7808
2018-01-26 14:55,7882
2018-01-26 15:00,7960
2018-01-26 15:05,8089
2018-01-26 15:10,8180
2018-01-26 15:15,8296
2018-01-26 15:20,8416
2018-01-26 15:25,8510
2018-01-26 15:30,8648
2018-01-26 15:35,8768
2018-01-26 15:40,8888
2018-01-26 15:45,9007
2018-01-26 15:50,9092
2018-01-26 15:55,9189
2018-01-26 16:00,9265
2018-01-26 16:05,9331
2018-01-26 16:10,9465
2018-01-26 16:15,9519
2018-01-26 16:20,9635
2018-01-26 16:25,9710
2018-01-26 16:30,9811
2018-01-26 16:35,9926
2018-01-26 16:40,9966
2018-01-26 16:45,10111
2018-01-26 16:50,10174
2018-01-26 16:55,10128
2018-01-26 17:00,10259
2018-01-26 17:05,10266
2018-01-26 17:10,10322
2018-01-26 17:15,10380
2018-01-26 17:20,10431
2018-01-26 17:25,10558
2018-01-26 17:30,10621
2018-01-26 17:35,10753
2018-01-26 17:40,10797
2018-01-26 17:45,10884
2018-01-26 17:50,10966
2018-01-26 17:55,11121
2018-01-26 18:00,11203
2018-01-26 18:05,11236
2018-01-26 18:10,11331
2018-01-26 18:15,11429
2018-01-26 18:20,11526
2018-01-26 18:25,11483
2018-01-26 18:30,11573
2018-01-26 18:35,
2018-01-26 18:40,11719
2018-01-26 18:45,11850
2018-01-26 18:50,11915
2018-01-26 18:55,11958
2018-01-26 19:00,11967
2018-01-26 19:05,12101
2018-01-26 19:10,12138
2018-01-26 19:15,12243
2018-01-26 19:20,12260
2018-01-26 19:25,12384
2018-01-26 19:30,12426
2018-01-26 19:35,12421
2018-01-26 19:40,12460
2018-01-26 19:45,12438
2018-01-26 19:50,12468
2018-01-26 19:55,12543
2018-01-26 20:00,12540
2018-01-26 20:05,12614
2018-01-26 20:10,12607
2018-01-26 20:15,12640
2018-01-26 20:20,12754
2018-01-26 20:25,12689
2018-01-26 20:30,12726
2018-01-26 20:35,12758
2018-01-26 20:40,12790
2018-01-26 20:45,12809
2018-01-26 20:50,12819
2018-01-26 20:55,12839
2018-01-26 21:00,12854
2018-01-26 21:05,12854
2018-01-26 21:10,12904
2018-01-26 21:15,12968
2018-01-26 21:20,12937
2018-01-26 21:25,12998
2018-01-26 21:30,13043
2018-01-26 21:35,13139
2018-01-26 21:40,13197
2018-01-26 21:45,13226
2018-01-26 21:50,13119
2018-01-26 21:55,13133
2018-01-26 22:00,13081
2018-01-26 22:05,12953
2018-01-26 22:10,12876
2018-01-26 22:15,12832
2018-01-26 22:20,12768
2018-01-26 22:25,12657
2018-01-26 22:30,12646
2018-01-26 22:35,12498
2018-01-26 22:40,12382
2018-01-26 22:45,12329
2018-01-26 22:50,12245
2018-01-26 22:55,12120
2018-01-26 23:00,11970
2018-01-26 23:05,11901
2018-01-26 23:10,11807
2018-01-26 23:15,11750
2018-01-26 23:20,11672
2018-01-26 23:25,11593
2018-01-26 23:30,11534
2018-01-26 23:35,11446
2018-01-26 23:40,11347
2018-01-26 23:45,11215
2018-01-26 23:50,11136
2018-01-26 23:55,11038
2018-01-27 00:00,10937
2018-01-27 00:05,10851
2018-01-27 00:10,10855
2018-01-27 00:15,10751
2018-01-27 00:20,10671
2018-01-27 00:25,10639
2018-01-27 00:30,10621
2018-01-27 00:35,10545
2018-01-27 00:40,10448
2018-01-27 00:45,10325
2018-01-27 00:50,10299
2018-01-27 00:55,10236
2018-01-27 01:00,10176
2018-01-27 01:05,10061
2018-01-27 01:10,9939
2018-01-27 01:15,9862
2018-01-27 01:20,9801
2018-01-27 01:25,9772
2018-01-27 01:30,9638
2018-01-27 01:35,9614
2018-01-27 01:40,9637
2018-01-27 01:45,9634
2018-01-27 01:50,9610
2018-01-27 01:55,9574
2018-01-27 02:00,9526
2018-01-27 02:05,9491
2018-01-27 02:10,9494
2018-01-27 02:15,9528
2018-01-27 02:20,9427
2018-01-27 02:25,9406
2018-01-27 02:30,9378
2018-01-27 02:35,9356
2018-01-27 02:40,9270
2018-01-27 02:45,9275
2018-01-27 02:50,9209
2018-01-27 02:55,9144
2018-01-27 03:00,9135
2018-01-27 03:05,9134
2018-01-27 03:10,9082
2018-01-27 03:15,9065
2018-01-27 03:20,9064
2018-01-27 03:25,0
2018-01-27 03:30,9014
2018-01-27 03:35,8956
2018-01-27 03:40,8943
2018-01-27 03:45,8911
2018-01-27 03:50,8851
2018-01-27 03:55,8832
2018-01-27 04:00,8796
2018-01-27 04:05,8823
2018-01-27 04:10,8744
2018-01-27 04:15,8729
2018-01-27 04:20,8636
2018-01-27 04:25,8612
2018-01-27 04:30,8491
2018-01-27 04:35,8441
2018-01-27 04:40,8368
2018-01-27 04:45,8249
2018-01-27 04:50,8101
2018-01-27 04:55,7997
2018-01-27 05:00,7893
2018-01-27 05:05,7854
2018-01-27 05:10,7758
2018-01-27 05:15,7702
2018-01-27 05:20,7644
2018-01-27 05:25,7584
2018-01-27 05:30,7505
2018-01-27 05:35,7383
2018-01-27 05:40,7301
2018-01-27 05:45,0
2018-01-27 05:50,7064
2018-01-27 05:55,6978
2018-01-27 06:00,6877
2018-01-27 06:05,6745
2018-01-27 06:10,6633
2018-01-27 06:15,6502
2018-01-27 06:20,6417
2018-01-27 06:25,6361
2018-01-27 06:30,6313
2018-01-27 06:35,6174
2018-01-27 06:40,6111
2018-01-27 06:45,6020
2018-01-27 06:50,5939
2018-01-27 06:55,5859
2018-01-27 07:00,5733
2018-01-27 07:05,5624
2018-01-27 07:10,5502
2018-01-27 07:15,5490
2018-01-27 07:20,5430
2018-01-27 07:25,5362
2018-01-27 07:30,5275
2018-01-27 07:35,5240
2018-01-27 07:40,5130
2018-01-27 07:45,5087
2018-01-27 07:50,5034
2018-01-27 07:55,4987
2018-01-27 08:00,4944
2018-01-27 08:05,4921
2018-01-27 08:10,4891
2018-01-27 08:15,4889
2018-01-27 08:20,4856
2018-01-27 08:25,4871
2018-01-27 08:30,4845
2018-01-27 08:35,4882
2018-01-27 08:40,4876
2018-01-27 08:45,4886
2018-01-27 08:50,4891
2018-01-27 08:55,4905
2018-01-27 09:00,4906
2018-01-27 09:05,5021
2018-01-27 09:10,5041
2018-01-27 09:15,5095
2018-01-27 09:20,5127
2018-01-27 09:25,5212
2018-01-27 09:30,5269
2018-01-27 09:35,5330
2018-01-27 09:40,5393
2018-01-27 09:45,5447
2018-01-27 09:50,5536
2018-01-27 09:55,5606
2018-01-27 10:00,5684
2018-01-27 10:05,5706
2018-01-27 10:10,5738
2018-01-27 10:15,5821
2018-01-27 10:20,5897
2018-01-27 10:25,5983
2018-01-27 10:30,6009
2018-01-27 10:35,6074
2018-01-27 10:40,6151
2018-01-27 10:45,6235
2018-01-27 10:50,6302
2018-01-27 10:55,6353
2018-01-27 11:00,6354
2018-01-27 11:05,6361
2018-01-27 11:10,6384
2018-01-27 11:15,6381
2018-01-27 11:20,6462
2018-01-27 11:25,6606
2018-01-27 11:30,6695
2018-01-27 11:35,6789
2018-01-27 11:40,6892
2018-01-27 11:45,7000
2018-01-27 11:50,7093
2018-01-27 11:55,7170
2018-01-27 12:00,7228
2018-01-27 12:05,7305
2018-01-27 12:10,7390
2018-01-27 12:15,7509
2018-01-27 12:20,7604
2018-01-27 12:25,7689
2018-01-27 12:30,7731
2018-01-27 12:35,7799
2018-01-27 12:40,7848
2018-01-27 12:45,7933
2018-01-27 12:50,8021
2018-01-27 12:55,8094
2018-01-27 13:00,8182
2018-01-27 13:05,8263
2018-01-27 13:10,8330
2018-01-27 13:15,8370
2018-01-27 13:20,8443
2018-01-27 13:25,8506
2018-01-27 13:30,8624
2018-01-27 13:35,8654
2018-01-27 13:40,8740
2018-01-27 13:45,8848
2018-01-27 13:50,8875
2018-01-27 13:55,8987
2018-01-27 14:00,8993
2018-01-27 14:05,9107
2018-01-27 14:10,9224
2018-01-27 14:15,9274
2018-01-27 14:20,9379
2018-01-27 14:25,9510
2018-01-27 14:30,9571
2018-01-27 14:35,9632
2018-01-27 14:40,9724
2018-01-27 14:45,9802
2018-01-27 14:50,9926
2018-01-27 14:55,10002
2018-01-27 15:00,10094
2018-01-27 15:05,10096
2018-01-27 15:10,10167
2018-01-27 15:15,10313
2018-01-27 15:20,10429
2018-01-27 15:25,10471
2018-01-27 15:30,10513
2018-01-27 15:35,10670
2018-01-27 15:40,10729
2018-01-27 15:45,10806
2018-01-27 15:50,10923
2018-01-27 15:55,11016
2018-01-27 16:00,11127
2018-01-27 16:05,11169
2018-01-27 16:10,11228
2018-01-27 16:15,11275
2018-01-27 16:20,11403
2018-01-27 16:25,11517
2018-01-27 16:30,11586
2018-01-27 16:35,11654
2018-01-27 16:40,11769
2018-01-27 16:45,11801
2018-01-27 16:50,11879
2018-01-27 16:55,11951
2018-01-27 17:00,12015
2018-01-27 17:05,12042
2018-01-27 17:10,12145
2018-01-27 17:15,12196
2018-01-27 17:20,12378
2018-01-27 17:25,12468
2018-01-27 17:30,12467
2018-01-27 17:35,12536
2018-01-27 17:40,12582
2018-01-27 17:45,12642
2018-01-27 17:50,12761
2018-01-27 17:55,12915
2018-01-27 18:00,12926
2018-01-27 18:05,12970
2018-01-27 18:10,13045
2018-01-27 18:15,13088
2018-01-27 18:20,13110
2018-01-27 18:25,13230
2018-01-27 18:30,13211
2018-01-27 18:35,13310
2018-01-27 18:40,13387
2018-01-27 18:45,13472
2018-01-27 18:50,13475
2018-01-27 18:55,13528
2018-01-27 19:00,13543
2018-01-27 19:05,13610
2018-01-27 19:10,13763
2018-01-27 19:15,13834
2018-01-27 19:20,13868
2018-01-27 19:25,13931
2018-01-27 19:30,13980
2018-01-27 19:35,14029
2018-01-27 19:40,14016
2018-01-27 19:45,14095
2018-01-27 19:50,14135
2018-01-27 19:55,14210
2018-01-27 20:00,14160
2018-01-27 20:05,14159
2018-01-27 20:10,14112
2018-01-27 20:15,14115
2018-01-27 20:20,14033
2018-01-27 20:25,14002
2018-01-27 20:30,14007
2018-01-27 20:35,14117
2018-01-27 20:40,14193
2018-01-27 20:45,14185
2018-01-27 20:50,14185
2018-01-27 20:55,14172
2018-01-27 21:00,14140
2018-01-27 21:05,14138
2018-01-27 21:10,14138
2018-01-27 21:15,14180
2018-01-27 21:20,14131
2018-01-27 21:25,14141
2018-01-27 21:30,14093
2018-01-27 21:35,14084
2018-01-27 21:40,14043
2018-01-27 21:45,13970
2018-01-27 21:50,13838
2018-01-27 21:55,13829
2018-01-27 22:00,13754
2018-01-27 22:05,13689
2018-01-27 22:10,13567
2018-01-27 22:15,13531
2018-01-27 22:20,13462
2018-01-27 22:25,13365
2018-01-27 22:30,13294
2018-01-27 22:35,13268
2018-01-27 22:40,13167
2018-01-27 22:45,13085
2018-01-27 22:50,12944
2018-01-27 22:55,12865
2018-01-27 23:00,12870
2018-01-27 23:05,12756
2018-01-27 23:10,12586
2018-01-27 23:15,12467
2018-01-27 23:20,12369
2018-01-27 23:25,12279
2018-01-27 23:30,12152
2018-01-27 23:35,12067
2018-01-27 23:40,12027
2018-01-27 23:45,11940
2018-01-27 23:50,11832
2018-01-27 23:55,11757
2018-01-28 00:00,11674
2018-01-28 00:05,11597
2018-01-28 00:10,11489
2018-01-28 00:15,11392
2018-01-28 00:20,11255
2018-01-28 00:25,11121
2018-01-28 00:30,11064
2018-01-28 00:35,11000
2018-01-28 00:40,10970
2018-01-28 00:45,10840
2018-01-28 00:50,10746
2018-01-28 00:55,10650
2018-01-28 01:00,10631
2018-01-28 01:05,10543
2018-01-28 01:10,10451
2018-01-28 01:15,10353
2018-01-28 01:20,10341
2018-01-28 01:25,10245
2018-01-28 01:30,10211
2018-01-28 01:35,10106
2018-01-28 01:40,10110
2018-01-28 01:45,10051
2018-01-28 01:50,9916
2018-01-28 01:55,9876
2018-01-28 02:00,9827
2018-01-28 02:05,9827
2018-01-28 02:10,9832
2018-01-28 02:15,9857
2018-01-28 02:20,9780
2018-01-28 02:25,9669
2018-01-28 02:30,9610
2018-01-28 02:35,9633
2018-01-28 02:40,9615
2018-01-28 02:45,9596
2018-01-28 02:50,9563
2018-01-28 02:55,9519
2018-01-28 03:00,9469
2018-01-28 03:05,9460
2018-01-28 03:10,9467
2018-01-28 03:15,9405
2018-01-28 03:20,9372
2018-01-28 03:25,9339
2018-01-28 03:30,9300
2018-01-28 03:35,9296
2018-01-28 03:40,9280
2018-01-28 03:45,9239
2018-01-28 03:50,9193
2018-01-28 03:55,9089
2018-01-28 04:00,8994
2018-01-28 04:05,8949
2018-01-28 04:10,8835
2018-01-28 04:15,8821
2018-01-28 04:20,8853
2018-01-28 04:25,8820
2018-01-28 04:30,8783
2018-01-28 04:35,8702
2018-01-28 04:40,8574
2018-01-28 04:45,8509
2018-01-28 04:50,8443
2018-01-28 04:55,8376
2018-01-28 05:00,8297
2018-01-28 05:05,8208
2018-01-28 05:10,8098
2018-01-28 05:15,8044
2018-01-28 05:20,7954
2018-01-28 05:25,7824
2018-01-28 05:30,7772
2018-01-28 05:35,7708
2018-01-28 05:40,7619
2018-01-28 05:45,7603
2018-01-28 05:50,7406
2018-01-28 05:55,7443
2018-01-28 06:00,7332
2018-01-28 06:05,7216
2018-01-28 06:10,7125
2018-01-28 06:15,7041
2018-01-28 06:20,6918
2018-01-28 06:25,6839
2018-01-28 06:30,6753
2018-01-28 06:35,6645
2018-01-28 06:40,6544
2018-01-28 06:45,6544
2018-01-28 06:50,6444
2018-01-28 06:55,6354
2018-01-28 07:00,6179
2018-01-28 07:05,6043
2018-01-28 07:10,5955
2018-01-28 07:15,5871
2018-01-28 07:20,5812
2018-01-28 07:25,5754
2018-01-28 07:30,5728
2018-01-28 07:35,5664
2018-01-28 07:40,5651
2018-01-28 07:45,5591
2018-01-28 07:50,5560
2018-01-28 07:55,5533
2018-01-28 08:00,5513
2018-01-28 08:05,5433
2018-01-28 08:10,5404
2018-01-28 08:15,5387
2018-01-28 08:20,5360
2018-01-28 08:25,5330
2018-01-28 08:30,5342
2018-01-28 08:35,5311
2018-01-28 08:40,5282
2018-01-28 08:45,5262
2018-01-28 08:50,5283
2018-01-28 08:55,5253
2018-01-28 09:00,5231
2018-01-28 09:05,5252
2018-01-28 09:10,5325
2018-01-28 09:15,5333
2018-01-28 09:20,5322
2018-01-28 09:25,5405
2018-01-28 09:30,5452
2018-01-28 09:35,5577
2018-01-28 09:40,5631
2018-01-28 09:45,5708
2018-01-28 09:50,5763
2018-01-28 09:55,5799
2018-01-28 10:00,5887
2018-01-28 10:05,5907
2018-01-28 10:10,5954
2018-01-28 10:15,6042
2018-01-28 10:20,6065
2018-01-28 10:25,6126
2018-01-28 10:30,6214
2018-01-28 10:35,6276
2018-01-28 10:40,6326
2018-01-28 10:45,6369
2018-01-28 10:50,6413
2018-01-28 10:55,6512
2018-01-28 11:00,6598
2018-01-28 11:05,6746
2018-01-28 11:10,6803
2018-01-28 11:15,6873
2018-01-28 11:20,6919
2018-01-28 11:25,7007
2018-01-28 11:30,7065
2018-01-28 11:35,7158
2018-01-28 11:40,7232
2018-01-28 11:45,7289
2018-01-28 11:50,7402
2018-01-28 11:55,7529
2018-01-28 12:00,7590
2018-01-28 12:05,7670
2018-01-28 12:10,7751
2018-01-28 12:15,7810
2018-01-28 12:20,7893
2018-01-28 12:25,7969
2018-01-28 12:30,8074
2018-01-28 12:35,8142
2018-01-28 12:40,8172
2018-01-28 12:45,8199
2018-01-28 12:50,8284
2018-01-28 12:55,8335
2018-01-28 13:00,8460
2018-01-28 13:05,8581
2018-01-28 13:10,8636
2018-01-28 13:15,8757
2018-01-28 13:20,8794
2018-01-28 13:25,8848
2018-01-28 13:30,8918
2018-01-28 13:35,8979
2018-01-28 13:40,9090
2018-01-28 13:45,9173
2018-01-28 13:50,9302
2018-01-28 13:55,9419
2018-01-28 14:00,9542
2018-01-28 14:05,9522
2018-01-28 14:10,9612
2018-01-28 14:15,9546
2018-01-28 14:20,9797
2018-01-28 14:25,9923
2018-01-28 14:30,9961
2018-01-28 14:35,10080
2018-01-28 14:40,10188
2018-01-28 14:45,10277
2018-01-28 14:50,10429
2018-01-28 14:55,10496
2018-01-28 15:00,10619
2018-01-28 15:05,10766
2018-01-28 15:10,10799
2018-01-28 15:15,10901
2018-01-28 15:20,10998
2018-01-28 15:25,11136
2018-01-28 15:30,11257
2018-01-28 15:35,11293
2018-01-28 15:40,11417
2018-01-28 15:45,11516
2018-01-28 15:50,11560
2018-01-28 15:55,11646
2018-01-28 16:00,11698
2018-01-28 16:05,11843
2018-01-28 16:10,11920
2018-01-28 16:15,11958
2018-01-28 16:20,12084
2018-01-28 16:25,12127
2018-01-28 16:30,12218
2018-01-28 16:35,12219
2018-01-28 16:40,12243
2018-01-28 16:45,12375
2018-01-28 16:50,12491
2018-01-28 16:55,12573
2018-01-28 17:00,12625
2018-01-28 17:05,12680
2018-01-28 17:10,12757
2018-01-28 17:15,12838
2018-01-28 17:20,12839
2018-01-28 17:25,12906
2018-01-28 17:30,13026
2018-01-28 17:35,13110
2018-01-28 17:40,13089
2018-01-28 17:45,13187
2018-01-28 17:50,13292
2018-01-28 17:55,13287
2018-01-28 18:00,13433
2018-01-28 18:05,13506
2018-01-28 18:10,13605
2018-01-28 18:15,13614
2018-01-28 18:20,13647
2018-01-28 18:25,13718
2018-01-28 18:30,13821
2018-01-28 18:35,13940
2018-01-28 18:40,14032
2018-01-28 18:45,14124
2018-01-28 18:50,14118
2018-01-28 18:55,14209
2018-01-28 19:00,14229
2018-01-28 19:05,14258
2018-01-28 19:10,14329
2018-01-28 19:15,14395
2018-01-28 19:20,14422
2018-01-28 19:25,14452
2018-01-28 19:30,14452
2018-01-28 19:35,14488
2018-01-28 19:40,14528
2018-01-28 19:45,14478
2018-01-28 19:50,14478
2018-01-28 19:55,14500
2018-01-28 20:00,14490
2018-01-28 20:05,14486
2018-01-28 20:10,14472
2018-01-28 20:15,14469
2018-01-28 20:20,0
2018-01-28 20:25,14417
2018-01-28 20:30,14375
2018-01-28 20:35,14400
2018-01-28 20:40,14440
2018-01-28 20:45,14430
2018-01-28 20:50,14326
2018-01-28 20:55,14172
2018-01-28 21:00,14044
2018-01-28 21:05,13868
2018-01-28 21:10,13763
2018-01-28 21:15,13709
2018-01-28 21:20,13555
2018-01-28 21:25,13449
2018-01-28 21:30,13320
2018-01-28 21:35,13282
2018-01-28 21:40,13159
2018-01-28 21:45,13068
2018-01-28 21:50,12974
2018-01-28 21:55,12896
2018-01-28 22:00,12805
2018-01-28 22:05,12711
2018-01-28 22:10,12673
2018-01-28 22:15,12556
2018-01-28 22:20,12412
2018-01-28 22:25,12250
2018-01-28 22:30,12153
2018-01-28 22:35,12046
2018-01-28 22:40,11843
2018-01-28 22:45,11710
2018-01-28 22:50,11555
2018-01-28 22:55,11358
2018-01-28 23:00,11202
2018-01-28 23:05,11026
2018-01-28 23:10,10931
2018-01-28 23:15,10865
2018-01-28 23:20,10727
2018-01-28 23:25,10664
2018-01-28 23:30,10596
2018-01-28 23:35,10474
2018-01-28 23:40,10487
2018-01-28 23:45,10437
2018-01-28 23:50,10402
2018-01-28 23:55,10376
2018-01-29 00:00,10210
2018-01-29 00:05,10145
2018-01-29 00:10,10085
2018-01-29 00:15,9980
2018-01-29 00:20,9984
2018-01-29 00:25,9908
2018-01-29 00:30,9837
2018-01-29 00:35,9761
2018-01-29 00:40,9729
2018-01-29 00:45,9688
2018-01-29 00:50,9619
2018-01-29 00:55,9589
2018-01-29 01:00,9539
2018-01-29 01:05,9509
2018-01-29 01:10,9502
2018-01-29 01:15,9446
2018-01-29 01:20,9420
2018-01-29 01:25,9403
2018-01-29 01:30,9334
2018-01-29 01:35,9377
2018-01-29 01:40,9375
2018-01-29 01:45,9345
2018-01-29 01:50,9302
2018-01-29 01:55,9243
2018-01-29 02:00,9174
2018-01-29 02:05,9100
2018-01-29 02:10,9052
2018-01-29 02:15,8998
2018-01-29 02:20,8947
2018-01-29 02:25,8900
2018-01-29 02:30,8851
2018-01-29 02:35,8784
2018-01-29 02:40,8798
2018-01-29 02:45,8722
2018-01-29 02:50,8684
2018-01-29 02:55,8649
2018-01-29 03:00,8566
2018-01-29 03:05,8543
2018-01-29 03:10,8405
2018-01-29 03:15,8288
2018-01-29 03:20,8218
2018-01-29 03:25,8119
2018-01-29 03:30,8090
2018-01-29 03:35,8041
2018-01-29 03:40,7915
2018-01-29 03:45,7810
2018-01-29 03:50,7727
2018-01-29 03:55,7605
2018-01-29 04:00,7471
2018-01-29 04:05,7373
2018-01-29 04:10,7287
2018-01-29 04:15,7177
2018-01-29 04:20,7058
2018-01-29 04:25,6931
2018-01-29 04:30,6870
2018-01-29 04:35,6791
2018-01-29 04:40,6744
2018-01-29 04:45,6664
2018-01-29 04:50,6524
2018-01-29 04:55,6445
2018-01-29 05:00,6322
2018-01-29 05:05,6217
2018-01-29 05:10,6103
2018-01-29 05:15,6004
2018-01-29 05:20,5934
2018-01-29 05:25,5836
2018-01-29 05:30,5769
2018-01-29 05:35,5697
2018-01-29 05:40,5546
2018-01-29 05:45,5449
2018-01-29 05:50,5346
2018-01-29 05:55,5226
2018-01-29 06:00,
2018-01-29 06:05,5023
2018-01-29 06:10,4909
2018-01-29 06:15,4815
2018-01-29 06:20,4714
2018-01-29 06:25,4606
2018-01-29 06:30,4496
2018-01-29 06:35,4447
2018-01-29 06:40,4352
2018-01-29 06:45,4274
2018-01-29 06:50,4209
2018-01-29 06:55,4162
2018-01-29 07:00,4076
2018-01-29 07:05,4023
2018-01-29 07:10,3958
2018-01-29 07:15,3856
2018-01-29 07:20,3794
2018-01-29 07:25,3728
2018-01-29 07:30,3717
2018-01-29 07:35,3658
2018-01-29 07:40,3606
2018-01-29 07:45,3609
2018-01-29 07:50,3604
2018-01-29 07:55,3578
2018-01-29 08:00,3553
2018-01-29 08:05,3516
2018-01-29 08:10,3500
2018-01-29 08:15,3453
2018-01-29 08:20,3443
2018-01-29 08:25,3413
2018-01-29 08:30,3374
2018-01-29 08:35,3371
2018-01-29 08:40,3388
2018-01-29 08:45,3378
2018-01-29 08:50,3384
2018-01-29 08:55,3357
2018-01-29 09:00,3332
2018-01-29 09:05,3376
2018-01-29 09:10,3426
2018-01-29 09:15,3391
2018-01-29 09:20,3424
2018-01-29 09:25,3449
2018-01-29 09:30,3502
2018-01-29 09:35,3537
2018-01-29 09:40,3587
2018-01-29 09:45,3598
2018-01-29 09:50,3601
2018-01-29 09:55,3623
2018-01-29 10:00,3665
2018-01-29 10:05,3744
2018-01-29 10:10,3795
2018-01-29 10:15,3827
2018-01-29 10:20,3857
2018-01-29 10:25,3900
2018-01-29 10:30,3907
2018-01-29 10:35,3912
2018-01-29 10:40,3909
2018-01-29 10:45,3978
2018-01-29 10:50,4025
2018-01-29 10:55,4039
2018-01-29 11:00,4078
2018-01-29 11:05,4158
2018-01-29 11:10,4192
2018-01-29 11:15,4214
2018-01-29 11:20,4247
2018-01-29 11:25,4325
2018-01-29 11:30,4392
2018-01-29 11:35,4409
2018-01-29 11:40,4433
2018-01-29 11:45,4490
2018-01-29 11:50,4539
2018-01-29 11:55,4599
2018-01-29 12:00,4657
2018-01-29 12:05,4661
2018-01-29 12:10,4693
2018-01-29 12:15,4765
2018-01-29 12:20,4790
2018-01-29 12:25,4824
2018-01-29 12:30,4886
2018-01-29 12:35,4934
2018-01-29 12:40,5024
2018-01-29 12:45,5090
2018-01-29 12:50,5143
2018-01-29 12:55,5174
2018-01-29 13:00,5245
2018-01-29 13:05,5270
2018-01-29 13:10,5351
2018-01-29 13:15,5437
2018-01-29 13:20,5525
2018-01-29 13:25,5606
2018-01-29 13:30,5724
2018-01-29 13:35,5778
2018-01-29 13:40,5804
2018-01-29 13:45,5892
2018-01-29 13:50,5945
2018-01-29 13:55,6089
2018-01-29 14:00,6206
2018-01-29 14:05,6279
2018-01-29 14:10,6358
2018-01-29 14:15,6446
2018-01-29 14:20,6572
2018-01-29 14:25,6598
2018-01-29 14:30,6704
2018-01-29 14:35,6766
2018-01-29 14:40,6836
2018-01-29 14:45,6946
2018-01-29 14:50,7080
2018-01-29 14:55,7194
2018-01-29 15:00,7295
2018-01-29 15:05,7336
2018-01-29 15:10,7448
2018-01-29 15:15,7528
2018-01-29 15:20,7567
2018-01-29 15:25,7694
2018-01-29 15:30,7836
2018-01-29 15:35,7929
2018-01-29 15:40,8088
2018-01-29 15:45,8181
2018-01-29 15:50,8283
2018-01-29 15:55,8411
2018-01-29 16:00,8395
2018-01-29 16:05,8558
2018-01-29 16:10,8673
2018-01-29 16:15,8907
2018-01-29 16:20,8971
2018-01-29 16:25,9022
2018-01-29 16:30,9119
2018-01-29 16:35,9225
2018-01-29 16:40,9304
2018-01-29 16:45,9401
2018-01-29 16:50,9454
2018-01-29 16:55,9577
2018-01-29 17:00,9669
2018-01-29 17:05,9813
2018-01-29 17:10,9918
2018-01-29 17:15,10066
2018-01-29 17:20,10143
2018-01-29 17:25,10244
2018-01-29 17:30,10382
2018-01-29 17:35,10448
2018-01-29 17:40,10532
2018-01-29 17:45,10608
2018-01-29 17:50,10700
2018-01-29 17:55,10840
2018-01-29 18:00,10880
2018-01-29 18:05,10950
2018-01-29 18:10,11048
2018-01-29 18:15,11111
2018-01-29 18:20,11284
2018-01-29 18:25,11310
2018-01-29 18:30,11356
2018-01-29 18:35,11405
2018-01-29 18:40,11463
2018-01-29 18:45,11480
2018-01-29 18:50,11503
2018-01-29 18:55,11306
2018-01-29 19:00,11490
2018-01-29 19:05,11532
2018-01-29 19:10,11529
2018-01-29 19:15,11620
2018-01-29 19:20,11704
2018-01-29 19:25,11623
2018-01-29 19:30,11693
2018-01-29 19:35,11679
2018-01-29 19:40,11763
2018-01-29 19:45,11843
2018-01-29 19:50,11917
2018-01-29 19:55,11919
2018-01-29 20:00,11957
2018-01-29 20:05,11906
2018-01-29 20:10,11934
2018-01-29 20:15,11909
2018-01-29 20:20,11835
2018-01-29 20:25,11900
2018-01-29 20:30,11840
2018-01-29 20:35,11870
2018-01-29 20:40,11868
2018-01-29 20:45,11899
2018-01-29 20:50,11874
2018-01-29 20:55,11866
2018-01-29 21:00,11883
2018-01-29 21:05,11847
2018-01-29 21:10,11778
2018-01-29 21:15,11738
2018-01-29 21:20,11755
2018-01-29 21:25,11686
2018-01-29 21:30,11583
2018-01-29 21:35,11535
2018-01-29 21:40,11493
2018-01-29 21:45,11501
2018-01-29 21:50,11443
2018-01-29 21:55,11306
2018-01-29 22:00,11135
2018-01-29 22:05,11078
2018-01-29 22:10,11037
2018-01-29 22:15,10882
2018-01-29 22:20,10770
2018-01-29 22:25,10692
2018-01-29 22:30,10584
2018-01-29 22:35,10530
2018-01-29 22:40,10384
2018-01-29 22:45,10247
2018-01-29 22:50,10194
2018-01-29 22:55,10100
2018-01-29 23:00,9996
2018-01-29 23:05,9936
2018-01-29 23:10,9901
2018-01-29 23:15,9816
2018-01-29 23:20,9797
2018-01-29 23:25,9810
2018-01-29 23:30,9779
2018-01-29 23:35,9780
2018-01-29 23:40,9691
2018-01-29 23:45,9663
2018-01-29 23:50,9592
2018-01-29 23:55,9597
2018-01-30 00:00,9547
2018-01-30 00:05,9536
2018-01-30 00:10,9442
2018-01-30 00:15,9388
2018-01-30 00:20,9399
2018-01-30 00:25,9347
2018-01-30 00:30,9328
2018-01-30 00:35,9332
2018-01-30 00:40,9225
2018-01-30 00:45,9173
2018-01-30 00:50,9161
2018-01-30 00:55,9123
2018-01-30 01:00,9152
2018-01-30 01:05,9125
2018-01-30 01:10,9192
2018-01-30 01:15,9150
2018-01-30 01:20,9115
2018-01-30 01:25,9074
2018-01-30 01:30,9060
2018-01-30 01:35,9073
2018-01-30 01:40,9057
2018-01-30 01:45,9012
2018-01-30 01:50,8968
2018-01-30 01:55,8997
2018-01-30 02:00,8964
2018-01-30 02:05,8891
2018-01-30 02:10,8868
2018-01-30 02:15,8807
2018-01-30 02:20,8816
2018-01-30 02:25,8727
2018-01-30 02:30,8735
2018-01-30 02:35,8639
2018-01-30 02:40,8585
2018-01-30 02:45,8488
2018-01-30 02:50,8429
2018-01-30 02:55,8376
2018-01-30 03:00,8334
2018-01-30 03:05,8237
2018-01-30 03:10,8183
2018-01-30 03:15,8038
2018-01-30 03:20,7981
2018-01-30 03:25,7909
2018-01-30 03:30,7802
2018-01-30 03:35,7649
2018-01-30 03:40,7562
2018-01-30 03:45,7458
2018-01-30 03:50,7324
2018-01-30 03:55,7266
2018-01-30 04:00,7194
2018-01-30 04:05,7075
2018-01-30 04:10,6980
2018-01-30 04:15,6949
2018-01-30 04:20,6895
2018-01-30 04:25,6753
2018-01-30 04:30,6666
2018-01-30 04:35,6570
2018-01-30 04:40,6488
2018-01-30 04:45,6428
2018-01-30 04:50,6315
2018-01-30 04:55,6204
2018-01-30 05:00,6102
2018-01-30 05:05,5958
2018-01-30 05:10,5864
2018-01-30 05:15,5707
2018-01-30 05:20,5662
2018-01-30 05:25,5554
2018-01-30 05:30,5465
2018-01-30 05:35,5374
2018-01-30 05:40,5289
2018-01-30 05:45,5262
2018-01-30 05:50,5161
2018-01-30 05:55,5063
2018-01-30 06:00,4934
2018-01-30 06:05,4841
2018-01-30 06:10,4786
2018-01-30 06:15,4668
2018-01-30 06:20,4513
2018-01-30 06:25,4439
2018-01-30 06:30,4389
2018-01-30 06:35,4307
2018-01-30 06:40,4251
2018-01-30 06:45,4186
2018-01-30 06:50,4064
2018-01-30 06:55,4021
2018-01-30 07:00,3969
2018-01-30 07:05,3888
2018-01-30 07:10,3814
2018-01-30 07:15,3785
2018-01-30 07:20,3731
2018-01-30 07:25,3696
2018-01-30 07:30,3648
2018-01-30 07:35,3613
2018-01-30 07:40,3518
2018-01-30 07:45,3478
2018-01-30 07:50,3466
2018-01-30 07:55,3472
2018-01-30 08:00,3416
2018-01-30 08:05,3345
2018-01-30 08:10,3330
2018-01-30 08:15,3305
2018-01-30 08:20,3296
2018-01-30 08:25,3296
2018-01-30 08:30,3292
2018-01-30 08:35,3170
2018-01-30 08:40,3177
2018-01-30 08:45,3162
2018-01-30 08:50,3171
2018-01-30 08:55,3133
2018-01-30 09:00,3099
2018-01-30 09:05,3093
2018-01-30 09:10,3131
2018-01-30 09:15,3095
2018-01-30 09:20,3088
2018-01-30 09:25,3082
2018-01-30 09:30,3100
2018-01-30 09:35,2535
2018-01-30 09:40,2109
2018-01-30 09:45,1759
2018-01-30 09:50,1406
2018-01-30 09:55,1226
2018-01-30 10:00,1132
2018-01-30 10:05,1045
2018-01-30 10:10,1061
2018-01-30 10:15,1083
2018-01-30 10:20,1111
2018-01-30 10:25,1154
2018-01-30 10:30,1189
2018-01-30 10:35,1188
2018-01-30 10:40,1200
2018-01-30 10:45,1232
2018-01-30 10:50,1250
2018-01-30 10:55,1237
2018-01-30 11:00,1270
2018-01-30 11:05,1303
2018-01-30 11:10,1332
2018-01-30 11:15,1355
2018-01-30 11:20,1382
2018-01-30 11:25,1415
2018-01-30 11:30,1440
2018-01-30 11:35,0
2018-01-30 11:40,1435
2018-01-30 11:45,1453
2018-01-30 11:50,1485
2018-01-30 11:55,1515
2018-01-30 12:00,1568
2018-01-30 12:05,1558
2018-01-30 12:10,1565
2018-01-30 12:15,1572
2018-01-30 12:20,1578
2018-01-30 12:25,1598
2018-01-30 12:30,1615
2018-01-30 12:35,1673
2018-01-30 12:40,1684
2018-01-30 12:45,1721
2018-01-30 12:50,1738
2018-01-30 12:55,1792
2018-01-30 13:00,1800
2018-01-30 13:05,1856
2018-01-30 13:10,1839
2018-01-30 13:15,1879
2018-01-30 13:20,1867
2018-01-30 13:25,1898
2018-01-30 13:30,1967
2018-01-30 13:35,2120
2018-01-30 13:40,2197
2018-01-30 13:45,2202
2018-01-30 13:50,2257
2018-01-30 13:55,2297
2018-01-30 14:00,2365
2018-01-30 14:05,2369
2018-01-30 14:10,2354
2018-01-30 14:15,2417
2018-01-30 14:20,2384
2018-01-30 14:25,2429
2018-01-30 14:30,2465
2018-01-30 14:35,2506
2018-01-30 14:40,2513
2018-01-30 14:45,2543
2018-01-30 14:50,2601
2018-01-30 14:55,2581
2018-01-30 15:00,2645
2018-01-30 15:05,2716
2018-01-30 15:10,2712
2018-01-30 15:15,2679
2018-01-30 15:20,2961
2018-01-30 15:25,3198
2018-01-30 15:30,3835
2018-01-30 15:35,4979
2018-01-30 15:40,6003
2018-01-30 15:45,7110
2018-01-30 15:50,8175
2018-01-30 15:55,9093
2018-01-30 16:00,9907
2018-01-30 16:05,10634
2018-01-30 16:10,11173
2018-01-30 16:15,11674
2018-01-30 16:20,12273
2018-01-30 16:25,12823
2018-01-30 16:30,13249
2018-01-30 16:35,13705
2018-01-30 16:40,14121
2018-01-30 16:45,14272
2018-01-30 16:50,14473
2018-01-30 16:55,14620
2018-01-30 17:00,14833
2018-01-30 17:05,15090
2018-01-30 17:10,15308
2018-01-30 17:15,15494
2018-01-30 17:20,15668
2018-01-30 17:25,15793
2018-01-30 17:30,15783
2018-01-30 17:35,15964
2018-01-30 17:40,16040
2018-01-30 17:45,16261
2018-01-30 17:50,16381
2018-01-30 17:55,15968
2018-01-30 18:00,15882
2018-01-30 18:05,16138
2018-01-30 18:10,16307
2018-01-30 18:15,16321
2018-01-30 18:20,16390
2018-01-30 18:25,16481
2018-01-30 18:30,16622
2018-01-30 18:35,16701
2018-01-30 18:40,16790
2018-01-30 18:45,16699
2018-01-30 18:50,16601
2018-01-30 18:55,16690
2018-01-30 19:00,16838
2018-01-30 19:05,16852
2018-01-30 19:10,16937
2018-01-30 19:15,16938
2018-01-30 19:20,17037
2018-01-30 19:25,17152
2018-01-30 19:30,17247
2018-01-30 19:35,17225
2018-01-30 19:40,17270
2018-01-30 19:45,17188
2018-01-30 19:50,17210
2018-01-30 19:55,17168
2018-01-30 20:00,17178
2018-01-30 20:05,17027
2018-01-30 20:10,17021
2018-01-30 20:15,17041
2018-01-30 20:20,17043
2018-01-30 20:25,17055
2018-01-30 20:30,17065
2018-01-30 20:35,17028
2018-01-30 20:40,16982
2018-01-30 20:45,16995
2018-01-30 20:50,17032
2018-01-30 20:55,16961
2018-01-30 21:00,16812
2018-01-30 21:05,16663
2018-01-30 21:10,16539
2018-01-30 21:15,16436
2018-01-30 21:20,16349
2018-01-30 21:25,16236
2018-01-30 21:30,16195
2018-01-30 21:35,16118
2018-01-30 21:40,16157
2018-01-30 21:45,16141
2018-01-30 21:50,16049
2018-01-30 21:55,15923
2018-01-30 22:00,15789
2018-01-30 22:05,15620
2018-01-30 22:10,15489
2018-01-30 22:15,15412
2018-01-30 22:20,15204
2018-01-30 22:25,15082
2018-01-30 22:30,14963
2018-01-30 22:35,14871
2018-01-30 22:40,14725
2018-01-30 22:45,14613
2018-01-30 22:50,14517
2018-01-30 22:55,14354
2018-01-30 23:00,14299
2018-01-30 23:05,14205
2018-01-30 23:10,14125
2018-01-30 23:15,
2018-01-30 23:20,0
2018-01-30 23:25,13193
2018-01-30 23:30,13642
2018-01-30 23:35,13719
2018-01-30 23:40,13699
2018-01-30 23:45,13666
2018-01-30 23:50,13587
2018-01-30 23:55,13525
2018-01-31 00:00,13464
2018-01-31 00:05,13455
2018-01-31 00:10,13329
2018-01-31 00:15,13332
2018-01-31 00:20,0
2018-01-31 00:25,13078
2018-01-31 00:30,13139
2018-01-31 00:35,13090
2018-01-31 00:40,12975
2018-01-31 00:45,12904
2018-01-31 00:50,12865
2018-01-31 00:55,12842
2018-01-31 01:00,12832
2018-01-31 01:05,12729
2018-01-31 01:10,12681
2018-01-31 01:15,12673
2018-01-31 01:20,12610
2018-01-31 01:25,12554
2018-01-31 01:30,12539
2018-01-31 01:35,12511
2018-01-31 01:40,12500
2018-01-31 01:45,12439
2018-01-31 01:50,12442
2018-01-31 01:55,12403
2018-01-31 02:00,12346
2018-01-31 02:05,12310
2018-01-31 02:10,12189
2018-01-31 02:15,12124
2018-01-31 02:20,12114
2018-01-31 02:25,12044
2018-01-31 02:30,12009
2018-01-31 02:35,11966
2018-01-31 02:40,11877
2018-01-31 02:45,11878
2018-01-31 02:50,11784
2018-01-31 02:55,11688
2018-01-31 03:00,11581
2018-01-31 03:05,11471
2018-01-31 03:10,11287
2018-01-31 03:15,11211
2018-01-31 03:20,11096
2018-01-31 03:25,11021
2018-01-31 03:30,10929
2018-01-31 03:35,10774
2018-01-31 03:40,10690
2018-01-31 03:45,10505
2018-01-31 03:50,10411
2018-01-31 03:55,10238
2018-01-31 04:00,10077
2018-01-31 04:05,9890
2018-01-31 04:10,9767
2018-01-31 04:15,9638
2018-01-31 04:20,9482
2018-01-31 04:25,9350
2018-01-31 04:30,9212
2018-01-31 04:35,9119
2018-01-31 04:40,9017
2018-01-31 04:45,8846
2018-01-31 04:50,8692
2018-01-31 04:55,8548
2018-01-31 05:00,8414
2018-01-31 05:05,8231
2018-01-31 05:10,8044
2018-01-31 05:15,7819
2018-01-31 05:20,7689
2018-01-31 05:25,7613
2018-01-31 05:30,7469
2018-01-31 05:35,7280
2018-01-31 05:40,7148
2018-01-31 05:45,6985
2018-01-31 05:50,6863
2018-01-31 05:55,6742
2018-01-31 06:00,6628
2018-01-31 06:05,6440
2018-01-31 06:10,6334
2018-01-31 06:15,6183
2018-01-31 06:20,6041
2018-01-31 06:25,5926
2018-01-31 06:30,5824
2018-01-31 06:35,5779
2018-01-31 06:40,5681
2018-01-31 06:45,5572
2018-01-31 06:50,5496
2018-01-31 06:55,5403
2018-01-31 07:00,5307
2018-01-31 07:05,5220
2018-01-31 07:10,5102
2018-01-31 07:15,5027
2018-01-31 07:20,4951
2018-01-31 07:25,4888
2018-01-31 07:30,4794
2018-01-31 07:35,4751
2018-01-31 07:40,4721
2018-01-31 07:45,4647
2018-01-31 07:50,4590
2018-01-31 07:55,4545
2018-01-31 08:00,4511
2018-01-31 08:05,4501
2018-01-31 08:10,4453
2018-01-31 08:15,4399
2018-01-31 08:20,4384
2018-01-31 08:25,4345
2018-01-31 08:30,4324
2018-01-31 08:35,4338
2018-01-31 08:40,4353
2018-01-31 08:45,4364
2018-01-31 08:50,4321
2018-01-31 08:55,4312
2018-01-31 09:00,4297
2018-01-31 09:05,4353
2018-01-31 09:10,4335
2018-01-31 09:15,4393
2018-01-31 09:20,4420
2018-01-31 09:25,4462
2018-01-31 09:30,4505
2018-01-31 09:35,4538
2018-01-31 09:40,4597
2018-01-31 09:45,4694
2018-01-31 09:50,4729
2018-01-31 09:55,4771
2018-01-31 10:00,4781
2018-01-31 10:05,4838
2018-01-31 10:10,4884
2018-01-31 10:15,4976
2018-01-31 10:20,5066
2018-01-31 10:25,5121
2018-01-31 10:30,5147
2018-01-31 10:35,5192
2018-01-31 10:40,5264
2018-01-31 10:45,5305
2018-01-31 10:50,5331
2018-01-31 10:55,5367
2018-01-31 11:00,5408
2018-01-31 11:05,5463
2018-01-31 11:10,5499
2018-01-31 11:15,5587
2018-01-31 11:20,5628
2018-01-31 11:25,5702
2018-01-31 11:30,5722
2018-01-31 11:35,5801
2018-01-31 11:40,5896
2018-01-31 11:45,5898
2018-01-31 11:50,5990
2018-01-31 11:55,6110
2018-01-31 12:00,6204
2018-01-31 12:05,6247
2018-01-31 12:10,6284
2018-01-31 12:15,6356
2018-01-31 12:20,6490
2018-01-31 12:25,6622
2018-01-31 12:30,6645
2018-01-31 12:35,6733
2018-01-31 12:40,6834
2018-01-31 12:45,6927
2018-01-31 12:50,7003
2018-01-31 12:55,7120
2018-01-31 13:00,7195
2018-01-31 13:05,7278
2018-01-31 13:10,7395
2018-01-31 13:15,7475
2018-01-31 13:20,7594
2018-01-31 13:25,7657
2018-01-31 13:30,7798
2018-01-31 13:35,8015
2018-01-31 13:40,8126
2018-01-31 13:45,8203
2018-01-31 13:50,8278
2018-01-31 13:55,8349
2018-01-31 14:00,8483
2018-01-31 14:05,8571
2018-01-31 14:10,8630
2018-01-31 14:15,8748
2018-01-31 14:20,8885
2018-01-31 14:25,8988
2018-01-31 14:30,9124
2018-01-31 14:35,9304
2018-01-31 14:40,9467
2018-01-31 14:45,9604
2018-01-31 14:50,9716
2018-01-31 14:55,9756
2018-01-31 15:00,9872
2018-01-31 15:05,9996
2018-01-31 15:10,10113
2018-01-31 15:15,10294
2018-01-31 15:20,10412
2018-01-31 15:25,10524
2018-01-31 15:30,10602
2018-01-31 15:35,10738
2018-01-31 15:40,10905
2018-01-31 15:45,10959
2018-01-31 15:50,11051
2018-01-31 15:55,11132
2018-01-31 16:00,11260
2018-01-31 16:05,11371
2018-01-31 16:10,11479
2018-01-31 16:15,11565
2018-01-31 16:20,11738
2018-01-31 16:25,11718
2018-01-31 16:30,11844
2018-01-31 16:35,11933
2018-01-31 16:40,12120
2018-01-31 16:45,12170
2018-01-31 16:50,12187
2018-01-31 16:55,12242
2018-01-31 17:00,12297
2018-01-31 17:05,12384
2018-01-31 17:10,12546
2018-01-31 17:15,12711
2018-01-31 17:20,12776
2018-01-31 17:25,12915
2018-01-31 17:30,12950
2018-01-31 17:35,13052
2018-01-31 17:40,13179
2018-01-31 17:45,13198
2018-01-31 17:50,13355
2018-01-31 17:55,13438
2018-01-31 18:00,13591
2018-01-31 18:05,13656
2018-01-31 18:10,13729
2018-01-31 18:15,13780
2018-01-31 18:20,13835
2018-01-31 18:25,13949
2018-01-31 18:30,14023
2018-01-31 18:35,14125
2018-01-31 18:40,14171
2018-01-31 18:45,14255
2018-01-31 18:50,14343
2018-01-31 18:55,14356
2018-01-31 19:00,14416
2018-01-31 19:05,14449
2018-01-31 19:10,14396
2018-01-31 19:15,14417
2018-01-31 19:20,14463
2018-01-31 19:25,14541
2018-01-31 19:30,14601
2018-01-31 19:35,14583
2018-01-31 19:40,14627
2018-01-31 19:45,14614
2018-01-31 19:50,14633
2018-01-31 19:55,14663
2018-01-31 20:00,14687
2018-01-31 20:05,14648
2018-01-31 20:10,14563
2018-01-31 20:15,14504
2018-01-31 20:20,14530
2018-01-31 20:25,14553
2018-01-31 20:30,14535
2018-01-31 20:35,14507
2018-01-31 20:40,14503
2018-01-31 20:45,14520
2018-01-31 20:50,14566
2018-01-31 20:55,14512
2018-01-31 21:00,14474
2018-01-31 21:05,14394
2018-01-31 21:10,14316
2018-01-31 21:15,14209
2018-01-31 21:20,14185
2018-01-31 21:25,14216
2018-01-31 21:30,14175
2018-01-31 21:35,14137
2018-01-31 21:40,14035
2018-01-31 21:45,14004
2018-01-31 21:50,13960
2018-01-31 21:55,13852
2018-01-31 22:00,13704
2018-01-31 22:05,13675
2018-01-31 22:10,13586
2018-01-31 22:15,13507
2018-01-31 22:20,13446
2018-01-31 22:25,13387
2018-01-31 22:30,13286
2018-01-31 22:35,13096
2018-01-31 22:40,13027
2018-01-31 22:45,12878
2018-01-31 22:50,12776
2018-01-31 22:55,12571
2018-01-31 23:00,12463
2018-01-31 23:05,12363
2018-01-31 23:10,12272
2018-01-31 23:15,12225
2018-01-31 23:20,12185
2018-01-31 23:25,12097
2018-01-31 23:30,12007
2018-01-31 23:35,11921
2018-01-31 23:40,11828
2018-01-31 23:45,
2018-01-31 23:50,11745
2018-01-31 23:55,11685
2018-02-01 00:00,11569
2018-02-01 00:05,11540
2018-02-01 00:10,11502
2018-02-01 00:15,11429
2018-02-01 00:20,11366
2018-02-01 00:25,11290
2018-02-01 00:30,11256
2018-02-01 00:35,11200
2018-02-01 00:40,11143
2018-02-01 00:45,11075
2018-02-01 00:50,11080
2018-02-01 00:55,11031
2018-02-01 01:00,11046
2018-02-01 01:05,10983
2018-02-01 01:10,11008
2018-02-01 01:15,10971
2018-02-01 01:20,10896
2018-02-01 01:25,10890
2018-02-01 01:30,10927
2018-02-01 01:35,10880
2018-02-01 01:40,10888
2018-02-01 01:45,10933
2018-02-01 01:50,10911
2018-02-01 01:55,7433
2018-02-01 02:00,6504
2018-02-01 02:05,6697
2018-02-01 02:10,7275
2018-02-01 02:15,7778
2018-02-01 02:20,8194
2018-02-01 02:25,8532
2018-02-01 02:30,8819
2018-02-01 02:35,9059
2018-02-01 02:40,9269
2018-02-01 02:45,9481
2018-02-01 02:50,9583
2018-02-01 02:55,9693
2018-02-01 03:00,9719
2018-02-01 03:05,9768
2018-02-01 03:10,9804
2018-02-01 03:15,9808
2018-02-01 03:20,9709
2018-02-01 03:25,9721
2018-02-01 03:30,9667
2018-02-01 03:35,9583
2018-02-01 03:40,9467
2018-02-01 03:45,9430
2018-02-01 03:50,9364
2018-02-01 03:55,9281
2018-02-01 04:00,9135
2018-02-01 04:05,9050
2018-02-01 04:10,8924
2018-02-01 04:15,8823
2018-02-01 04:20,8673
2018-02-01 04:25,8498
2018-02-01 04:30,8329
2018-02-01 04:35,8214
2018-02-01 04:40,8059
2018-02-01 04:45,7954
2018-02-01 04:50,7814
2018-02-01 04:55,7703
2018-02-01 05:00,7529
2018-02-01 05:05,7373
2018-02-01 05:10,7231
2018-02-01 05:15,7107
2018-02-01 05:20,7004
2018-02-01 05:25,6907
2018-02-01 05:30,6804
2018-02-01 05:35,6706
2018-02-01 05:40,6589
2018-02-01 05:45,6429
2018-02-01 05:50,6361
2018-02-01 05:55,6231
2018-02-01 06:00,6135
2018-02-01 06:05,6039
2018-02-01 06:10,5891
2018-02-01 06:15,5786
2018-02-01 06:20,5667
2018-02-01 06:25,5553
2018-02-01 06:30,5445
2018-02-01 06:35,5370
2018-02-01 06:40,5268
2018-02-01 06:45,5140
2018-02-01 06:50,5079
2018-02-01 06:55,4997
2018-02-01 07:00,4902
2018-02-01 07:05,4792
2018-02-01 07:10,4748
2018-02-01 07:15,4683
2018-02-01 07:20,4571
2018-02-01 07:25,4530
2018-02-01 07:30,4455
2018-02-01 07:35,4420
2018-02-01 07:40,4378
2018-02-01 07:45,4321
2018-02-01 07:50,4316
2018-02-01 07:55,4284
2018-02-01 08:00,4237
2018-02-01 08:05,4183
2018-02-01 08:10,4145
2018-02-01 08:15,4097
2018-02-01 08:20,4094
2018-02-01 08:25,4072
2018-02-01 08:30,4059
2018-02-01 08:35,4015
2018-02-01 08:40,4009
2018-02-01 08:45,3987
2018-02-01 08:50,4009
2018-02-01 08:55,3993
2018-02-01 09:00,4025
2018-02-01 09:05,4036
2018-02-01 09:10,4058
2018-02-01 09:15,4091
2018-02-01 09:20,4113
2018-02-01 09:25,4166
2018-02-01 09:30,4182
2018-02-01 09:35,4174
2018-02-01 09:40,4246
2018-02-01 09:45,4292
2018-02-01 09:50,4328
2018-02-01 09:55,4370
2018-02-01 10:00,4411
2018-02-01 10:05,4458
2018-02-01 10:10,4519
2018-02-01 10:15,4567
2018-02-01 10:20,4637
2018-02-01 10:25,4678
2018-02-01 10:30,4735
2018-02-01 10:35,4804
2018-02-01 10:40,4850
2018-02-01 10:45,4882
2018-02-01 10:50,4958
2018-02-01 10:55,5002
2018-02-01 11:00,5078
2018-02-01 11:05,5149
2018-02-01 11:10,5213
2018-02-01 11:15,5206
2018-02-01 11:20,5234
2018-02-01 11:25,5341
2018-02-01 11:30,5422
2018-02-01 11:35,5529
2018-02-01 11:40,5645
2018-02-01 11:45,5697
2018-02-01 11:50,5731
2018-02-01 11:55,5791
2018-02-01 12:00,5804
2018-02-01 12:05,5870
2018-02-01 12:10,5928
2018-02-01 12:15,5994
2018-02-01 12:20,6049
2018-02-01 12:25,6093
2018-02-01 12:30,6173
2018-02-01 12:35,6239
2018-02-01 12:40,6289
2018-02-01 12:45,6406
2018-02-01 12:50,6465
2018-02-01 12:55,6514
2018-02-01 13:00,6576
2018-02-01 13:05,6508
2018-02-01 13:10,6565
2018-02-01 13:15,6572
2018-02-01 13:20,6620
2018-02-01 13:25,6735
2018-02-01 13:30,6815
2018-02-01 13:35,6804
2018-02-01 13:40,6880
2018-02-01 13:45,6899
2018-02-01 13:50,6790
2018-02-01 13:55,6747
2018-02-01 14:00,6718
2018-02-01 14:05,5945
2018-02-01 14:10,4838
2018-02-01 14:15,3902
2018-02-01 14:20,3003
2018-02-01 14:25,2430
2018-02-01 14:30,2097
2018-02-01 14:35,1779
2018-02-01 14:40,1783
2018-02-01 14:45,1803
2018-02-01 14:50,1794
2018-02-01 14:55,1870
2018-02-01 15:00,1869
2018-02-01 15:05,1984
2018-02-01 15:10,2094
2018-02-01 15:15,2153
2018-02-01 15:20,2177
2018-02-01 15:25,2243
2018-02-01 15:30,2118
2018-02-01 15:35,2336
2018-02-01 15:40,2789
2018-02-01 15:45,3673
2018-02-01 15:50,4614
2018-02-01 15:55,5511
2018-02-01 16:00,6312
2018-02-01 16:05,6958
2018-02-01 16:10,7662
2018-02-01 16:15,8246
2018-02-01 16:20,8826
2018-02-01 16:25,9297
2018-02-01 16:30,9742
2018-02-01 16:35,10160
2018-02-01 16:40,10496
2018-02-01 16:45,0
2018-02-01 16:50,10904
2018-02-01 16:55,11124
2018-02-01 17:00,11408
2018-02-01 17:05,11633
2018-02-01 17:10,11794
2018-02-01 17:15,11983
2018-02-01 17:20,12116
2018-02-01 17:25,12276
2018-02-01 17:30,12393
2018-02-01 17:35,12556
2018-02-01 17:40,12649
2018-02-01 17:45,12792
2018-02-01 17:50,12926
2018-02-01 17:55,13020
2018-02-01 18:00,13067
2018-02-01 18:05,13157
2018-02-01 18:10,13285
2018-02-01 18:15,13381
2018-02-01 18:20,13404
2018-02-01 18:25,13479
2018-02-01 18:30,13634
2018-02-01 18:35,13709
2018-02-01 18:40,13818
2018-02-01 18:45,13865
2018-02-01 18:50,14031
2018-02-01 18:55,14007
2018-02-01 19:00,14040
2018-02-01 19:05,14036
2018-02-01 19:10,14110
2018-02-01 19:15,14193
2018-02-01 19:20,14258
2018-02-01 19:25,14306
2018-02-01 19:30,14297
2018-02-01 19:35,14396
2018-02-01 19:40,14468
2018-02-01 19:45,14496
2018-02-01 19:50,14478
2018-02-01 19:55,14420
2018-02-01 20:00,14362
2018-02-01 20:05,14378
2018-02-01 20:10,14340
2018-02-01 20:15,14319
2018-02-01 20:20,14216
2018-02-01 20:25,14199
2018-02-01 20:30,14213
2018-02-01 20:35,14116
2018-02-01 20:40,14033
2018-02-01 20:45,14047
2018-02-01 20:50,14008
2018-02-01 20:55,13948
2018-02-01 21:00,13811
2018-02-01 21:05,13695
2018-02-01 21:10,13632
2018-02-01 21:15,13592
2018-02-01 21:20,13526
2018-02-01 21:25,13459
2018-02-01 21:30,13415
2018-02-01 21:35,13375
2018-02-01 21:40,13343
2018-02-01 21:45,13279
2018-02-01 21:50,13243
2018-02-01 21:55,13201
2018-02-01 22:00,13182
2018-02-01 22:05,13042
2018-02-01 22:10,12954
2018-02-01 22:15,12802
2018-02-01 22:20,12805
2018-02-01 22:25,12751
2018-02-01 22:30,12722
2018-02-01 22:35,12601
2018-02-01 22:40,12541
2018-02-01 22:45,12502
2018-02-01 22:50,12439
2018-02-01 22:55,12254
2018-02-01 23:00,12093
2018-02-01 23:05,11997
2018-02-01 23:10,11818
2018-02-01 23:15,11752
2018-02-01 23:20,11651
2018-02-01 23:25,11532
2018-02-01 23:30,11379
2018-02-01 23:35,11368
2018-02-01 23:40,11295
2018-02-01 23:45,11277
2018-02-01 23:50,11243
2018-02-01 23:55,11166
2018-02-02 00:00,11041
2018-02-02 00:05,10955
2018-02-02 00:10,10891
2018-02-02 00:15,10867
2018-02-02 00:20,10779
2018-02-02 00:25,10709
2018-02-02 00:30,10687
2018-02-02 00:35,10668
2018-02-02 00:40,10750
2018-02-02 00:45,10709
2018-02-02 00:50,10708
2018-02-02 00:55,10680
2018-02-02 01:00,10652
2018-02-02 01:05,10606
2018-02-02 01:10,10669
2018-02-02 01:15,10716
2018-02-02 01:20,10635
2018-02-02 01:25,10592
2018-02-02 01:30,10559
2018-02-02 01:35,10544
2018-02-02 01:40,10532
2018-02-02 01:45,10507
2018-02-02 01:50,10480
2018-02-02 01:55,10521
2018-02-02 02:00,10515
2018-02-02 02:05,10461
2018-02-02 02:10,10411
2018-02-02 02:15,10423
2018-02-02 02:20,10391
2018-02-02 02:25,10353
2018-02-02 02:30,10287
2018-02-02 02:35,10215
2018-02-02 02:40,10172
2018-02-02 02:45,10152
2018-02-02 02:50,10062
2018-02-02 02:55,10000
2018-02-02 03:00,9925
2018-02-02 03:05,9860
2018-02-02 03:10,9769
2018-02-02 03:15,9669
2018-02-02 03:20,9618
2018-02-02 03:25,9545
2018-02-02 03:30,9431
2018-02-02 03:35,9374
2018-02-02 03:40,9278
2018-02-02 03:45,9190
2018-02-02 03:50,9178
2018-02-02 03:55,9048
2018-02-02 04:00,8940
2018-02-02 04:05,8791
2018-02-02 04:10,8671
2018-02-02 04:15,8548
2018-02-02 04:20,8445
2018-02-02 04:25,8327
2018-02-02 04:30,8200
2018-02-02 04:35,8064
2018-02-02 04:40,7989
2018-02-02 04:45,7895
2018-02-02 04:50,7754
2018-02-02 04:55,7572
2018-02-02 05:00,7435
2018-02-02 05:05,7363
2018-02-02 05:10,7209
2018-02-02 05:15,7080
2018-02-02 05:20,6995
2018-02-02 05:25,6879
2018-02-02 05:30,6726
2018-02-02 05:35,6616
2018-02-02 05:40,6469
2018-02-02 05:45,6364
2018-02-02 05:50,6269
2018-02-02 05:55,6197
2018-02-02 06:00,6064
2018-02-02 06:05,5909
2018-02-02 06:10,5778
2018-02-02 06:15,5690
2018-02-02 06:20,5600
2018-02-02 06:25,5525
2018-02-02 06:30,5446
2018-02-02 06:35,5331
2018-02-02 06:40,5292
2018-02-02 06:45,5176
2018-02-02 06:50,5093
2018-02-02 06:55,5026
2018-02-02 07:00,4952
2018-02-02 07:05,4875
2018-02-02 07:10,4856
2018-02-02 07:15,4783
2018-02-02 07:20,4730
2018-02-02 07:25,4703
2018-02-02 07:30,4643
2018-02-02 07:35,4590
2018-02-02 07:40,4524
2018-02-02 07:45,4479
2018-02-02 07:50,4448
2018-02-02 07:55,4443
2018-02-02 08:00,4377
2018-02-02 08:05,4323
2018-02-02 08:10,4279
2018-02-02 08:15,4258
2018-02-02 08:20,4274
2018-02-02 08:25,4311
2018-02-02 08:30,4298
2018-02-02 08:35,4189
2018-02-02 08:40,4143
2018-02-02 08:45,4135
2018-02-02 08:50,4059
2018-02-02 08:55,4000
2018-02-02 09:00,4029
2018-02-02 09:05,4010
2018-02-02 09:10,3995
2018-02-02 09:15,3971
2018-02-02 09:20,3932
2018-02-02 09:25,3911
2018-02-02 09:30,3881
2018-02-02 09:35,3405
2018-02-02 09:40,2748
2018-02-02 09:45,2217
2018-02-02 09:50,1742
2018-02-02 09:55,1445
2018-02-02 10:00,1303
2018-02-02 10:05,1240
2018-02-02 10:10,1225
2018-02-02 10:15,1249
2018-02-02 10:20,1274
2018-02-02 10:25,1246
2018-02-02 10:30,1260
2018-02-02 10:35,1289
2018-02-02 10:40,1295
2018-02-02 10:45,1639
2018-02-02 10:50,2188
2018-02-02 10:55,2738
2018-02-02 11:00,3261
2018-02-02 11:05,3662
2018-02-02 11:10,4024
2018-02-02 11:15,4419
2018-02-02 11:20,4730
2018-02-02 11:25,4994
2018-02-02 11:30,5282
2018-02-02 11:35,5509
2018-02-02 11:40,5709
2018-02-02 11:45,5931
2018-02-02 11:50,6133
2018-02-02 11:55,6269
2018-02-02 12:00,6416
2018-02-02 12:05,6541
2018-02-02 12:10,6643
2018-02-02 12:15,6748
2018-02-02 12:20,6877
2018-02-02 12:25,6947
2018-02-02 12:30,7043
2018-02-02 12:35,7134
2018-02-02 12:40,7201
2018-02-02 12:45,7273
2018-02-02 12:50,7305
2018-02-02 12:55,7401
2018-02-02 13:00,7493
2018-02-02 13:05,7515
2018-02-02 13:10,7105
2018-02-02 13:15,6745
2018-02-02 13:20,6445
2018-02-02 13:25,6195
2018-02-02 13:30,6082
2018-02-02 13:35,6529
2018-02-02 13:40,6871
2018-02-02 13:45,7203
2018-02-02 13:50,7460
2018-02-02 13:55,7719
2018-02-02 14:00,7928
2018-02-02 14:05,8126
2018-02-02 14:10,8358
2018-02-02 14:15,8582
2018-02-02 14:20,8781
2018-02-02 14:25,8960
2018-02-02 14:30,9168
2018-02-02 14:35,9301
2018-02-02 14:40,9483
2018-02-02 14:45,9662
2018-02-02 14:50,9807
2018-02-02 14:55,9949
2018-02-02 15:00,10067
2018-02-02 15:05,10192
2018-02-02 15:10,10320
2018-02-02 15:15,10460
2018-02-02 15:20,10573
2018-02-02 15:25,10672
2018-02-02 15:30,10779
2018-02-02 15:35,10793
2018-02-02 15:40,10916
2018-02-02 15:45,10943
2018-02-02 15:50,11109
2018-02-02 15:55,11215
2018-02-02 16:00,11297
2018-02-02 16:05,11370
2018-02-02 16:10,11462
2018-02-02 16:15,11526
2018-02-02 16:20,11574
2018-02-02 16:25,11672
2018-02-02 16:30,11662
2018-02-02 16:35,11775
2018-02-02 16:40,11875
2018-02-02 16:45,12020
2018-02-02 16:50,12170
2018-02-02 16:55,12152
2018-02-02 17:00,11988
2018-02-02 17:05,11820
2018-02-02 17:10,12004
2018-02-02 17:15,12152
2018-02-02 17:20,12242
2018-02-02 17:25,12439
2018-02-02 17:30,12564
2018-02-02 17:35,12709
2018-02-02 17:40,12927
2018-02-02 17:45,13106
2018-02-02 17:50,13132
2018-02-02 17:55,13282
2018-02-02 18:00,13435
2018-02-02 18:05,13633
2018-02-02 18:10,13674
2018-02-02 18:15,
2018-02-02 18:20,
2018-02-02 18:25,
2018-02-02 18:30,
2018-02-02 18:35,
2018-02-02 18:40,
2018-02-02 18:45,
2018-02-02 18:50,
2018-02-02 18:55,
2018-02-02 19:00,
2018-02-02 19:05,
2018-02-02 19:10,
2018-02-02 19:15,
2018-02-02 19:20,
2018-02-02 19:25,
2018-02-02 19:30,
2018-02-02 19:35,
2018-02-02 19:40,
2018-02-02 19:45,
2018-02-02 19:50,
2018-02-02 19:55,
2018-02-02 20:00,
2018-02-02 20:05,
2018-02-02 20:10,
2018-02-02 20:15,
2018-02-02 20:20,
2018-02-02 20:25,
2018-02-02 20:30,
2018-02-02 20:35,
2018-02-02 20:40,
2018-02-02 20:45,
2018-02-02 20:50,
2018-02-02 20:55,
2018-02-02 21:00,
2018-02-02 21:05,
2018-02-02 21:10,
2018-02-02 21:15,
2018-02-02 21:20,
2018-02-02 21:25,
2018-02-02 21:30,
2018-02-02 21:35,
2018-02-02 21:40,
2018-02-02 21:45,
2018-02-02 21:50,
2018-02-02 21:55,
2018-02-02 22:00,
2018-02-02 22:05,
2018-02-02 22:10,
2018-02-02 22:15,
2018-02-02 22:20,
2018-02-02 22:25,14937
2018-02-02 22:30,14900
2018-02-02 22:35,14805
2018-02-02 22:40,14772
2018-02-02 22:45,14639
2018-02-02 22:50,14549
2018-02-02 22:55,14466
2018-02-02 23:00,14385
2018-02-02 23:05,14225
2018-02-02 23:10,14179
2018-02-02 23:15,14147
2018-02-02 23:20,14079
2018-02-02 23:25,13964
2018-02-02 23:30,13808
2018-02-02 23:35,13641
2018-02-02 23:40,13506
2018-02-02 23:45,13402
2018-02-02 23:50,13328
2018-02-02 23:55,13242
2018-02-03 00:00,13113
2018-02-03 00:05,13034
2018-02-03 00:10,12956
2018-02-03 00:15,12871
2018-02-03 00:20,12777
2018-02-03 00:25,12732
2018-02-03 00:30,12631
2018-02-03 00:35,12589
2018-02-03 00:40,
2018-02-03 00:45,
2018-02-03 00:50,
2018-02-03 00:55,
2018-02-03 01:00,
2018-02-03 01:05,
2018-02-03 01:10,
2018-02-03 01:15,
2018-02-03 01:20,
2018-02-03 01:25,11859
2018-02-03 01:30,11843
2018-02-03 01:35,11834
2018-02-03 01:40,11791
2018-02-03 01:45,11698
2018-02-03 01:50,11704
2018-02-03 01:55,11707
2018-02-03 02:00,11647
2018-02-03 02:05,11603
2018-02-03 02:10,11623
2018-02-03 02:15,11633
2018-02-03 02:20,11592
2018-02-03 02:25,11541
2018-02-03 02:30,11496
2018-02-03 02:35,11505
2018-02-03 02:40,11532
2018-02-03 02:45,11446
2018-02-03 02:50,11409
2018-02-03 02:55,11376
2018-02-03 03:00,11321
2018-02-03 03:05,11216
2018-02-03 03:10,11202
2018-02-03 03:15,0
2018-02-03 03:20,11056
2018-02-03 03:25,11004
2018-02-03 03:30,10959
2018-02-03 03:35,10923
2018-02-03 03:40,10846
2018-02-03 03:45,10751
2018-02-03 03:50,10668
2018-02-03 03:55,10542
2018-02-03 04:00,10453
2018-02-03 04:05,10348
2018-02-03 04:10,10295
2018-02-03 04:15,10240
2018-02-03 04:20,10242
2018-02-03 04:25,10212
2018-02-03 04:30,10149
2018-02-03 04:35,10086
2018-02-03 04:40,9995
2018-02-03 04:45,9963
2018-02-03 04:50,9907
2018-02-03 04:55,9782
2018-02-03 05:00,9672
2018-02-03 05:05,9543
2018-02-03 05:10,9464
2018-02-03 05:15,9394
2018-02-03 05:20,9285
2018-02-03 05:25,9129
2018-02-03 05:30,9045
2018-02-03 05:35,8974
2018-02-03 05:40,8846
2018-02-03 05:45,8738
2018-02-03 05:50,8647
2018-02-03 05:55,8527
2018-02-03 06:00,8411
2018-02-03 06:05,8289
2018-02-03 06:10,8135
2018-02-03 06:15,8001
2018-02-03 06:20,7869
2018-02-03 06:25,7791
2018-02-03 06:30,7721
2018-02-03 06:35,7637
2018-02-03 06:40,7587
2018-02-03 06:45,7482
2018-02-03 06:50,7402
2018-02-03 06:55,7290
2018-02-03 07:00,7240
2018-02-03 07:05,7145
2018-02-03 07:10,7037
2018-02-03 07:15,6970
2018-02-03 07:20,6881
2018-02-03 07:25,6862
2018-02-03 07:30,6758
2018-02-03 07:35,6646
2018-02-03 07:40,6621
2018-02-03 07:45,6523
2018-02-03 07:50,6461
2018-02-03 07:55,6422
2018-02-03 08:00,6331
2018-02-03 08:05,6243
2018-02-03 08:10,6173
2018-02-03 08:15,6130
2018-02-03 08:20,6077
2018-02-03 08:25,6058
2018-02-03 08:30,6071
2018-02-03 08:35,6018
2018-02-03 08:40,5967
2018-02-03 08:45,5980
2018-02-03 08:50,5971
2018-02-03 08:55,5979
2018-02-03 09:00,5914
2018-02-03 09:05,5934
2018-02-03 09:10,5965
2018-02-03 09:15,5946
2018-02-03 09:20,6019
2018-02-03 09:25,6054
2018-02-03 09:30,6106
2018-02-03 09:35,6184
2018-02-03 09:40,6294
2018-02-03 09:45,6346
2018-02-03 09:50,6479
2018-02-03 09:55,6591
2018-02-03 10:00,6642
2018-02-03 10:05,6736
2018-02-03 10:10,6831
2018-02-03 10:15,6902
2018-02-03 10:20,7014
2018-02-03 10:25,7084
2018-02-03 10:30,7198
2018-02-03 10:35,7285
2018-02-03 10:40,7351
2018-02-03 10:45,7389
2018-02-03 10:50,7448
2018-02-03 10:55,7544
2018-02-03 11:00,7577
2018-02-03 11:05,7654
2018-02-03 11:10,7683
2018-02-03 11:15,7795
2018-02-03 11:20,7865
2018-02-03 11:25,7946
2018-02-03 11:30,8036
2018-02-03 11:35,8142
2018-02-03 11:40,8290
2018-02-03 11:45,8336
2018-02-03 11:50,8380
2018-02-03 11:55,8438
2018-02-03 12:00,8541
2018-02-03 12:05,8623
2018-02-03 12:10,8733
2018-02-03 12:15,8798
2018-02-03 12:20,8904
2018-02-03 12:25,9031
2018-02-03 12:30,9153
2018-02-03 12:35,9270
2018-02-03 12:40,9356
2018-02-03 12:45,9389
2018-02-03 12:50,9493
2018-02-03 12:55,9589
2018-02-03 13:00,9653
2018-02-03 13:05,9708
2018-02-03 13:10,9825
2018-02-03 13:15,9845
2018-02-03 13:20,9950
2018-02-03 13:25,10108
2018-02-03 13:30,10252
2018-02-03 13:35,10269
2018-02-03 13:40,10341
2018-02-03 13:45,10510
2018-02-03 13:50,10648
2018-02-03 13:55,10764
2018-02-03 14:00,10842
2018-02-03 14:05,10947
2018-02-03 14:10,11050
2018-02-03 14:15,11248
2018-02-03 14:20,11391
2018-02-03 14:25,11498
2018-02-03 14:30,11617
2018-02-03 14:35,11720
2018-02-03 14:40,11798
2018-02-03 14:45,11899
2018-02-03 14:50,11975
2018-02-03 14:55,12151
2018-02-03 15:00,12248
2018-02-03 15:05,12414
2018-02-03 15:10,12468
2018-02-03 15:15,12572
2018-02-03 15:20,12665
2018-02-03 15:25,12762
2018-02-03 15:30,12845
2018-02-03 15:35,12887
2018-02-03 15:40,12996
2018-02-03 15:45,13054
2018-02-03 15:50,13184
2018-02-03 15:55,13390
2018-02-03 16:00,13434
2018-02-03 16:05,13566
2018-02-03 16:10,13675
2018-02-03 16:15,13739
2018-02-03 16:20,13764
2018-02-03 16:25,13863
2018-02-03 16:30,13989
2018-02-03 16:35,14057
2018-02-03 16:40,14165
2018-02-03 16:45,14203
2018-02-03 16:50,14324
2018-02-03 16:55,14425
2018-02-03 17:00,14445
2018-02-03 17:05,14538
2018-02-03 17:10,14582
2018-02-03 17:15,14616
2018-02-03 17:20,14642
2018-02-03 17:25,14778
2018-02-03 17:30,14853
2018-02-03 17:35,14915
2018-02-03 17:40,15063
2018-02-03 17:45,15113
2018-02-03 17:50,15138
2018-02-03 17:55,15185
2018-02-03 18:00,15305
2018-02-03 18:05,15338
2018-02-03 18:10,15349
2018-02-03 18:15,15412
2018-02-03 18:20,15511
2018-02-03 18:25,15614
2018-02-03 18:30,15621
2018-02-03 18:35,15665
2018-02-03 18:40,15722
2018-02-03 18:45,15771
2018-02-03 18:50,15879
2018-02-03 18:55,15986
2018-02-03 19:00,16026
2018-02-03 19:05,16031
2018-02-03 19:10,16036
2018-02-03 19:15,16173
2018-02-03 19:20,16251
2018-02-03 19:25,16326
2018-02-03 19:30,16402
2018-02-03 19:35,16551
2018-02-03 19:40,16567
2018-02-03 19:45,16637
2018-02-03 19:50,16735
2018-02-03 19:55,16741
2018-02-03 20:00,16818
2018-02-03 20:05,16926
2018-02-03 20:10,16917
2018-02-03 20:15,16993
2018-02-03 20:20,16954
2018-02-03 20:25,17019
2018-02-03 20:30,17063
2018-02-03 20:35,17087
2018-02-03 20:40,17105
2018-02-03 20:45,17165
2018-02-03 20:50,17087
2018-02-03 20:55,17007
2018-02-03 21:00,16976
2018-02-03 21:05,16916
2018-02-03 21:10,16877
2018-02-03 21:15,16824
2018-02-03 21:20,16837
2018-02-03 21:25,16832
2018-02-03 21:30,16807
2018-02-03 21:35,16733
2018-02-03 21:40,16651
2018-02-03 21:45,16709
2018-02-03 21:50,16704
2018-02-03 21:55,16687
2018-02-03 22:00,16561
2018-02-03 22:05,16538
2018-02-03 22:10,16471
2018-02-03 22:15,16372
2018-02-03 22:20,16237
2018-02-03 22:25,16161
2018-02-03 22:30,16065
2018-02-03 22:35,15841
2018-02-03 22:40,15724
2018-02-03 22:45,15584
2018-02-03 22:50,15445
2018-02-03 22:55,15297
2018-02-03 23:00,15270
2018-02-03 23:05,15131
2018-02-03 23:10,15072
2018-02-03 23:15,15028
2018-02-03 23:20,14905
2018-02-03 23:25,14806
2018-02-03 23:30,14663
2018-02-03 23:35,14575
2018-02-03 23:40,14461
2018-02-03 23:45,14403
2018-02-03 23:50,14260
2018-02-03 23:55,14189
2018-02-04 00:00,13992
2018-02-04 00:05,13934
2018-02-04 00:10,13851
2018-02-04 00:15,13795
2018-02-04 00:20,13665
2018-02-04 00:25,13592
2018-02-04 00:30,13443
2018-02-04 00:35,13298
2018-02-04 00:40,13219
2018-02-04 00:45,13115
2018-02-04 00:50,13003
2018-02-04 00:55,12939
2018-02-04 01:00,12779
2018-02-04 01:05,12671
2018-02-04 01:10,12552
2018-02-04 01:15,12447
2018-02-04 01:20,12464
2018-02-04 01:25,12390
2018-02-04 01:30,12248
2018-02-04 01:35,12206
2018-02-04 01:40,12179
2018-02-04 01:45,12122
2018-02-04 01:50,11986
2018-02-04 01:55,11988
2018-02-04 02:00,11992
2018-02-04 02:05,11962
2018-02-04 02:10,11868
2018-02-04 02:15,11868
2018-02-04 02:20,11730
2018-02-04 02:25,11668
2018-02-04 02:30,11588
2018-02-04 02:35,11528
2018-02-04 02:40,11491
2018-02-04 02:45,11491
2018-02-04 02:50,11424
2018-02-04 02:55,11405
2018-02-04 03:00,11410
2018-02-04 03:05,11394
2018-02-04 03:10,11312
2018-02-04 03:15,11276
2018-02-04 03:20,11244
2018-02-04 03:25,11199
2018-02-04 03:30,11172
2018-02-04 03:35,
2018-02-04 03:40,11046
2018-02-04 03:45,10915
2018-02-04 03:50,10878
2018-02-04 03:55,10805
2018-02-04 04:00,10746
2018-02-04 04:05,10650
2018-02-04 04:10,10559
2018-02-04 04:15,10477
2018-02-04 04:20,10447
2018-02-04 04:25,10399
2018-02-04 04:30,10327
2018-02-04 04:35,10284
2018-02-04 04:40,10211
2018-02-04 04:45,10179
2018-02-04 04:50,10110
2018-02-04 04:55,10020
2018-02-04 05:00,9907
2018-02-04 05:05,9817
2018-02-04 05:10,9712
2018-02-04 05:15,9617
2018-02-04 05:20,9512
2018-02-04 05:25,9399
2018-02-04 05:30,9248
2018-02-04 05:35,9137
2018-02-04 05:40,9020
2018-02-04 05:45,8869
2018-02-04 05:50,8742
2018-02-04 05:55,8666
2018-02-04 06:00,8567
2018-02-04 06:05,8402
2018-02-04 06:10,8295
2018-02-04 06:15,8249
2018-02-04 06:20,8158
2018-02-04 06:25,8082
2018-02-04 06:30,7913
2018-02-04 06:35,7773
2018-02-04 06:40,7697
2018-02-04 06:45,7611
2018-02-04 06:50,7524
2018-02-04 06:55,7484
2018-02-04 07:00,7379
2018-02-04 07:05,7314
2018-02-04 07:10,7268
2018-02-04 07:15,7165
2018-02-04 07:20,7084
2018-02-04 07:25,7026
2018-02-04 07:30,6950
2018-02-04 07:35,6878
2018-02-04 07:40,6838
2018-02-04 07:45,6754
2018-02-04 07:50,6732
2018-02-04 07:55,6610
2018-02-04 08:00,6583
2018-02-04 08:05,6535
2018-02-04 08:10,6481
2018-02-04 08:15,6435
2018-02-04 08:20,6394
2018-02-04 08:25,6392
2018-02-04 08:30,6377
2018-02-04 08:35,6346
2018-02-04 08:40,6315
2018-02-04 08:45,6373
2018-02-04 08:50,6368
2018-02-04 08:55,6331
2018-02-04 09:00,6317
2018-02-04 09:05,6323
2018-02-04 09:10,6392
2018-02-04 09:15,6423
2018-02-04 09:20,6510
2018-02-04 09:25,6554
2018-02-04 09:30,6584
2018-02-04 09:35,6653
2018-02-04 09:40,6737
2018-02-04 09:45,6746
2018-02-04 09:50,6836
2018-02-04 09:55,6941
2018-02-04 10:00,7045
2018-02-04 10:05,7159
2018-02-04 10:10,7233
2018-02-04 10:15,7330
2018-02-04 10:20,7403
2018-02-04 10:25,7491
2018-02-04 10:30,7570
2018-02-04 10:35,7642
2018-02-04 10:40,7670
2018-02-04 10:45,7816
2018-02-04 10:50,7927
2018-02-04 10:55,8053
2018-02-04 11:00,8137
2018-02-04 11:05,8262
2018-02-04 11:10,8345
2018-02-04 11:15,8486
2018-02-04 11:20,8574
2018-02-04 11:25,8732
2018-02-04 11:30,8855
2018-02-04 11:35,8948
2018-02-04 11:40,9067
2018-02-04 11:45,9100
2018-02-04 11:50,9185
2018-02-04 11:55,9280
2018-02-04 12:00,9407
2018-02-04 12:05,9557
2018-02-04 12:10,9617
2018-02-04 12:15,9713
2018-02-04 12:20,9735
2018-02-04 12:25,9773
2018-02-04 12:30,9913
2018-02-04 12:35,10022
2018-02-04 12:40,10138
2018-02-04 12:45,10177
2018-02-04 12:50,10272
2018-02-04 12:55,10310
2018-02-04 13:00,10394
2018-02-04 13:05,10504
2018-02-04 13:10,10558
2018-02-04 13:15,10656
2018-02-04 13:20,10722
2018-02-04 13:25,10816
2018-02-04 13:30,10912
2018-02-04 13:35,10998
2018-02-04 13:40,11076
2018-02-04 13:45,11144
2018-02-04 13:50,11285
2018-02-04 13:55,11449
2018-02-04 14:00,11556
2018-02-04 14:05,11611
2018-02-04 14:10,11795
2018-02-04 14:15,11804
2018-02-04 14:20,11913
2018-02-04 14:25,11973
2018-02-04 14:30,12084
2018-02-04 14:35,12186
2018-02-04 14:40,12260
2018-02-04 14:45,12388
2018-02-04 14:50,12582
2018-02-04 14:55,12732
2018-02-04 15:00,12879
2018-02-04 15:05,12940
2018-02-04 15:10,12976
2018-02-04 15:15,13091
2018-02-04 15:20,13245
2018-02-04 15:25,13310
2018-02-04 15:30,13423
2018-02-04 15:35,13544
2018-02-04 15:40,13640
2018-02-04 15:45,13750
2018-02-04 15:50,13848
2018-02-04 15:55,13937
2018-02-04 16:00,14052
2018-02-04 16:05,14151
2018-02-04 16:10,14268
2018-02-04 16:15,14378
2018-02-04 16:20,14439
2018-02-04 16:25,14589
2018-02-04 16:30,14656
2018-02-04 16:35,14834
2018-02-04 16:40,14963
2018-02-04 16:45,15078
2018-02-04 16:50,15159
2018-02-04 16:55,15265
2018-02-04 17:00,15365
2018-02-04 17:05,15516
2018-02-04 17:10,15643
2018-02-04 17:15,15802
2018-02-04 17:20,15895
2018-02-04 17:25,15928
2018-02-04 17:30,15976
2018-02-04 17:35,16099
2018-02-04 17:40,16234
2018-02-04 17:45,16288
2018-02-04 17:50,16345
2018-02-04 17:55,16462
2018-02-04 18:00,16489
2018-02-04 18:05,16497
2018-02-04 18:10,16572
2018-02-04 18:15,16646
2018-02-04 18:20,16722
2018-02-04 18:25,16753
2018-02-04 18:30,16802
2018-02-04 18:35,16942
2018-02-04 18:40,17131
2018-02-04 18:45,17209
2018-02-04 18:50,0
2018-02-04 18:55,17308
2018-02-04 19:00,17352
2018-02-04 19:05,17453
2018-02-04 19:10,17526
2018-02-04 19:15,17608
2018-02-04 19:20,17721
2018-02-04 19:25,17821
2018-02-04 19:30,17890
2018-02-04 19:35,17996
2018-02-04 19:40,18148
2018-02-04 19:45,18236
2018-02-04 19:50,18286
2018-02-04 19:55,18154
2018-02-04 20:00,18242
2018-02-04 20:05,18277
2018-02-04 20:10,18252
2018-02-04 20:15,18196
2018-02-04 20:20,18202
2018-02-04 20:25,18172
2018-02-04 20:30,18081
2018-02-04 20:35,18013
2018-02-04 20:40,17910
2018-02-04 20:45,17774
2018-02-04 20:50,17725
2018-02-04 20:55,17541
2018-02-04 21:00,17394
2018-02-04 21:05,17287
2018-02-04 21:10,17202
2018-02-04 21:15,17111
2018-02-04 21:20,16935
2018-02-04 21:25,16775
2018-02-04 21:30,16626
2018-02-04 21:35,16535
2018-02-04 21:40,16346
2018-02-04 21:45,16249
2018-02-04 21:50,16103
2018-02-04 21:55,15887
2018-02-04 22:00,15762
2018-02-04 22:05,15597
2018-02-04 22:10,15495
2018-02-04 22:15,15278
2018-02-04 22:20,15117
2018-02-04 22:25,14984
2018-02-04 22:30,14837
2018-02-04 22:35,14648
2018-02-04 22:40,14423
2018-02-04 22:45,14256
2018-02-04 22:50,14002
2018-02-04 22:55,13811
2018-02-04 23:00,13721
2018-02-04 23:05,13531
2018-02-04 23:10,13352
2018-02-04 23:15,13152
2018-02-04 23:20,12947
2018-02-04 23:25,12742
2018-02-04 23:30,12579
2018-02-04 23:35,12410
2018-02-04 23:40,12231
2018-02-04 23:45,12057
2018-02-04 23:50,11889
2018-02-04 23:55,11766
2018-02-05 00:00,11681
2018-02-05 00:05,11522
2018-02-05 00:10,11377
2018-02-05 00:15,11287
2018-02-05 00:20,11184
2018-02-05 00:25,11122
2018-02-05 00:30,11041
2018-02-05 00:35,10938
2018-02-05 00:40,10869
2018-02-05 00:45,10826
2018-02-05 00:50,10815
2018-02-05 00:55,10810
2018-02-05 01:00,10766
2018-02-05 01:05,10687
2018-02-05 01:10,10711
2018-02-05 01:15,10648
2018-02-05 01:20,10608
2018-02-05 01:25,10566
2018-02-05 01:30,10563
2018-02-05 01:35,10505
2018-02-05 01:40,10447
2018-02-05 01:45,10424
2018-02-05 01:50,10381
2018-02-05 01:55,10337
2018-02-05 02:00,10309
2018-02-05 02:05,10301
2018-02-05 02:10,10150
2018-02-05 02:15,10109
2018-02-05 02:20,10074
2018-02-05 02:25,10020
2018-02-05 02:30,9941
2018-02-05 02:35,9904
2018-02-05 02:40,9800
2018-02-05 02:45,9739
2018-02-05 02:50,9622
2018-02-05 02:55,9535
2018-02-05 03:00,9426
2018-02-05 03:05,9275
2018-02-05 03:10,9153
2018-02-05 03:15,9017
2018-02-05 03:20,8877
2018-02-05 03:25,8741
2018-02-05 03:30,8713
2018-02-05 03:35,8716
2018-02-05 03:40,8674
2018-02-05 03:45,8578
2018-02-05 03:50,8574
2018-02-05 03:55,8562
2018-02-05 04:00,8517
2018-02-05 04:05,8502
2018-02-05 04:10,8434
2018-02-05 04:15,8371
2018-02-05 04:20,8388
2018-02-05 04:25,8331
2018-02-05 04:30,8292
2018-02-05 04:35,8194
2018-02-05 04:40,8140
2018-02-05 04:45,8056
2018-02-05 04:50,7995
2018-02-05 04:55,7887
2018-02-05 05:00,7735
2018-02-05 05:05,7606
2018-02-05 05:10,7490
2018-02-05 05:15,7331
2018-02-05 05:20,7218
2018-02-05 05:25,7182
2018-02-05 05:30,7028
2018-02-05 05:35,6919
2018-02-05 05:40,6771
2018-02-05 05:45,6692
2018-02-05 05:50,6585
2018-02-05 05:55,6457
2018-02-05 06:00,6315
2018-02-05 06:05,6214
2018-02-05 06:10,6103
2018-02-05 06:15,6017
2018-02-05 06:20,5901
2018-02-05 06:25,5862
2018-02-05 06:30,5734
2018-02-05 06:35,5657
2018-02-05 06:40,5498
2018-02-05 06:45,5391
2018-02-05 06:50,5322
2018-02-05 06:55,5199
2018-02-05 07:00,5084
2018-02-05 07:05,4996
2018-02-05 07:10,4932
2018-02-05 07:15,4857
2018-02-05 07:20,4788
2018-02-05 07:25,4747
2018-02-05 07:30,4670
2018-02-05 07:35,4611
2018-02-05 07:40,4588
2018-02-05 07:45,4567
2018-02-05 07:50,4502
2018-02-05 07:55,4459
2018-02-05 08:00,4412
2018-02-05 08:05,4383
2018-02-05 08:10,4350
2018-02-05 08:15,4308
2018-02-05 08:20,4279
2018-02-05 08:25,4240
2018-02-05 08:30,4230
2018-02-05 08:35,4190
2018-02-05 08:40,4183
2018-02-05 08:45,4193
2018-02-05 08:50,4148
2018-02-05 08:55,4186
2018-02-05 09:00,4151
2018-02-05 09:05,4146
2018-02-05 09:10,4184
2018-02-05 09:15,4210
2018-02-05 09:20,4251
2018-02-05 09:25,4275
2018-02-05 09:30,4317
2018-02-05 09:35,4314
2018-02-05 09:40,4368
2018-02-05 09:45,4369
2018-02-05 09:50,4437
2018-02-05 09:55,4458
2018-02-05 10:00,4519
2018-02-05 10:05,4557
2018-02-05 10:10,4570
2018-02-05 10:15,4610
2018-02-05 10:20,4652
2018-02-05 10:25,4696
2018-02-05 10:30,4750
2018-02-05 10:35,4777
2018-02-05 10:40,4805
2018-02-05 10:45,4901
2018-02-05 10:50,4930
2018-02-05 10:55,4982
2018-02-05 11:00,5032
2018-02-05 11:05,5063
2018-02-05 11:10,5067
2018-02-05 11:15,5128
2018-02-05 11:20,5214
2018-02-05 11:25,5249
2018-02-05 11:30,5279
2018-02-05 11:35,5315
2018-02-05 11:40,5368
2018-02-05 11:45,5429
2018-02-05 11:50,5478
2018-02-05 11:55,5525
2018-02-05 12:00,5593
2018-02-05 12:05,5652
2018-02-05 12:10,5720
2018-02-05 12:15,5786
2018-02-05 12:20,5914
2018-02-05 12:25,5996
2018-02-05 12:30,6075
2018-02-05 12:35,6163
2018-02-05 12:40,6208
2018-02-05 12:45,6295
2018-02-05 12:50,6389
2018-02-05 12:55,6421
2018-02-05 13:00,6487
2018-02-05 13:05,6558
2018-02-05 13:10,6294
2018-02-05 13:15,6419
2018-02-05 13:20,6496
2018-02-05 13:25,6653
2018-02-05 13:30,6759
2018-02-05 13:35,6854
2018-02-05 13:40,7019
2018-02-05 13:45,7138
2018-02-05 13:50,7272
2018-02-05 13:55,7370
2018-02-05 14:00,7448
2018-02-05 14:05,7573
2018-02-05 14:10,7709
2018-02-05 14:15,7872
2018-02-05 14:20,7967
2018-02-05 14:25,8061
2018-02-05 14:30,8197
2018-02-05 14:35,8305
2018-02-05 14:40,8471
2018-02-05 14:45,8601
2018-02-05 14:50,8737
2018-02-05 14:55,8850
2018-02-05 15:00,8980
2018-02-05 15:05,9104
2018-02-05 15:10,9194
2018-02-05 15:15,9365
2018-02-05 15:20,9488
2018-02-05 15:25,9614
2018-02-05 15:30,9772
2018-02-05 15:35,9869
2018-02-05 15:40,9957
2018-02-05 15:45,10133
2018-02-05 15:50,10129
2018-02-05 15:55,10202
2018-02-05 16:00,10299
2018-02-05 16:05,10440
2018-02-05 16:10,10571
2018-02-05 16:15,10755
2018-02-05 16:20,10893
2018-02-05 16:25,11026
2018-02-05 16:30,11234
2018-02-05 16:35,11356
2018-02-05 16:40,11463
2018-02-05 16:45,11605
2018-02-05 16:50,11706
2018-02-05 16:55,11764
2018-02-05 17:00,11716
2018-02-05 17:05,11864
2018-02-05 17:10,12054
2018-02-05 17:15,12177
2018-02-05 17:20,12295
2018-02-05 17:25,12398
2018-02-05 17:30,12537
2018-02-05 17:35,12701
2018-02-05 17:40,12765
2018-02-05 17:45,12823
2018-02-05 17:50,12957
2018-02-05 17:55,13048
2018-02-05 18:00,13222
2018-02-05 18:05,13301
2018-02-05 18:10,13360
2018-02-05 18:15,13439
2018-02-05 18:20,13519
2018-02-05 18:25,13562
2018-02-05 18:30,13605
2018-02-05 18:35,13629
2018-02-05 18:40,13735
2018-02-05 18:45,13873
2018-02-05 18:50,13897
2018-02-05 18:55,13886
2018-02-05 19:00,14009
2018-02-05 19:05,13959
2018-02-05 19:10,13950
2018-02-05 19:15,13967
2018-02-05 19:20,14022
2018-02-05 19:25,14142
2018-02-05 19:30,14258
2018-02-05 19:35,14278
2018-02-05 19:40,14328
2018-02-05 19:45,14441
2018-02-05 19:50,14516
2018-02-05 19:55,14589
2018-02-05 20:00,14578
2018-02-05 20:05,14546
2018-02-05 20:10,14539
2018-02-05 20:15,14439
2018-02-05 20:20,14420
2018-02-05 20:25,14388
2018-02-05 20:30,14430
2018-02-05 20:35,14380
2018-02-05 20:40,14363
2018-02-05 20:45,14285
2018-02-05 20:50,14312
2018-02-05 20:55,14322
2018-02-05 21:00,14201
2018-02-05 21:05,14070
2018-02-05 21:10,13900
2018-02-05 21:15,13904
2018-02-05 21:20,13909
2018-02-05 21:25,13898
2018-02-05 21:30,13945
2018-02-05 21:35,13878
2018-02-05 21:40,13776
2018-02-05 21:45,13700
2018-02-05 21:50,13698
2018-02-05 21:55,13608
2018-02-05 22:00,13521
2018-02-05 22:05,13356
2018-02-05 22:10,13310
2018-02-05 22:15,13183
2018-02-05 22:20,13182
2018-02-05 22:25,13107
2018-02-05 22:30,13018
2018-02-05 22:35,12904
2018-02-05 22:40,12846
2018-02-05 22:45,12699
2018-02-05 22:50,12610
2018-02-05 22:55,12514
2018-02-05 23:00,12365
2018-02-05 23:05,12243
2018-02-05 23:10,12110
2018-02-05 23:15,12033
2018-02-05 23:20,11898
2018-02-05 23:25,11862
2018-02-05 23:30,11823
2018-02-05 23:35,11688
2018-02-05 23:40,11650
2018-02-05 23:45,11591
2018-02-05 23:50,11533
2018-02-05 23:55,11495
2018-02-06 00:00,11397
2018-02-06 00:05,11352
2018-02-06 00:10,11318
2018-02-06 00:15,11233
2018-02-06 00:20,11183
2018-02-06 00:25,11162
2018-02-06 00:30,11113
2018-02-06 00:35,11054
2018-02-06 00:40,11096
2018-02-06 00:45,11061
2018-02-06 00:50,10981
2018-02-06 00:55,10977
2018-02-06 01:00,10978
2018-02-06 01:05,10866
2018-02-06 01:10,10868
2018-02-06 01:15,10816
2018-02-06 01:20,10762
2018-02-06 01:25,10714
2018-02-06 01:30,10751
2018-02-06 01:35,10783
2018-02-06 01:40,10748
2018-02-06 01:45,10765
2018-02-06 01:50,10746
2018-02-06 01:55,10661
2018-02-06 02:00,10601
2018-02-06 02:05,10525
2018-02-06 02:10,10508
2018-02-06 02:15,10469
2018-02-06 02:20,10388
2018-02-06 02:25,10355
2018-02-06 02:30,10320
2018-02-06 02:35,10257
2018-02-06 02:40,10259
2018-02-06 02:45,10185
2018-02-06 02:50,10110
2018-02-06 02:55,9992
2018-02-06 03:00,9898
2018-02-06 03:05,9841
2018-02-06 03:10,9689
2018-02-06 03:15,9550
2018-02-06 03:20,9483
2018-02-06 03:25,9435
2018-02-06 03:30,9301
2018-02-06 03:35,9173
2018-02-06 03:40,9052
2018-02-06 03:45,8986
2018-02-06 03:50,8922
2018-02-06 03:55,8808
2018-02-06 04:00,8706
2018-02-06 04:05,8622
2018-02-06 04:10,8474
2018-02-06 04:15,8372
2018-02-06 04:20,8249
2018-02-06 04:25,8148
2018-02-06 04:30,7992
2018-02-06 04:35,7869
2018-02-06 04:40,7743
2018-02-06 04:45,7641
2018-02-06 04:50,7466
2018-02-06 04:55,7354
2018-02-06 05:00,7202
2018-02-06 05:05,7071
2018-02-06 05:10,6950
2018-02-06 05:15,6821
2018-02-06 05:20,6700
2018-02-06 05:25,6594
2018-02-06 05:30,6444
2018-02-06 05:35,6317
2018-02-06 05:40,6202
2018-02-06 05:45,6079
2018-02-06 05:50,6013
2018-02-06 05:55,5911
2018-02-06 06:00,5837
2018-02-06 06:05,5741
2018-02-06 06:10,5688
2018-02-06 06:15,5618
2018-02-06 06:20,5538
2018-02-06 06:25,5416
2018-02-06 06:30,5251
2018-02-06 06:35,5167
2018-02-06 06:40,5057
2018-02-06 06:45,4967
2018-02-06 06:50,4884
2018-02-06 06:55,4796
2018-02-06 07:00,4722
2018-02-06 07:05,4678
2018-02-06 07:10,4605
2018-02-06 07:15,4561
2018-02-06 07:20,4473
2018-02-06 07:25,4436
2018-02-06 07:30,4375
2018-02-06 07:35,4346
2018-02-06 07:40,4331
2018-02-06 07:45,4267
2018-02-06 07:50,4233
2018-02-06 07:55,4156
2018-02-06 08:00,4147
2018-02-06 08:05,4090
2018-02-06 08:10,4089
2018-02-06 08:15,4065
2018-02-06 08:20,3984
2018-02-06 08:25,3967
2018-02-06 08:30,3914
2018-02-06 08:35,3911
2018-02-06 08:40,3916
2018-02-06 08:45,3882
2018-02-06 08:50,3848
2018-02-06 08:55,3842
2018-02-06 09:00,3826
2018-02-06 09:05,3896
2018-02-06 09:10,3949
2018-02-06 09:15,3988
2018-02-06 09:20,4038
2018-02-06 09:25,4076
2018-02-06 09:30,4136
2018-02-06 09:35,4106
2018-02-06 09:40,4103
2018-02-06 09:45,4141
2018-02-06 09:50,4158
2018-02-06 09:55,4247
2018-02-06 10:00,4309
2018-02-06 10:05,4242
2018-02-06 10:10,4094
2018-02-06 10:15,4190
2018-02-06 10:20,4202
2018-02-06 10:25,4208
2018-02-06 10:30,4228
2018-02-06 10:35,3772
2018-02-06 10:40,3089
2018-02-06 10:45,2466
2018-02-06 10:50,1966
2018-02-06 10:55,1649
2018-02-06 11:00,1458
2018-02-06 11:05,1376
2018-02-06 11:10,1303
2018-02-06 11:15,1304
2018-02-06 11:20,1307
2018-02-06 11:25,1317
2018-02-06 11:30,1349
2018-02-06 11:35,1372
2018-02-06 11:40,1389
2018-02-06 11:45,1432
2018-02-06 11:50,1435
2018-02-06 11:55,1441
2018-02-06 12:00,1470
2018-02-06 12:05,1755
2018-02-06 12:10,2455
2018-02-06 12:15,3114
2018-02-06 12:20,3673
2018-02-06 12:25,4195
2018-02-06 12:30,4604
2018-02-06 12:35,4994
2018-02-06 12:40,5299
2018-02-06 12:45,5592
2018-02-06 12:50,5852
2018-02-06 12:55,6079
2018-02-06 13:00,6258
2018-02-06 13:05,6460
2018-02-06 13:10,6629
2018-02-06 13:15,6792
2018-02-06 13:20,6979
2018-02-06 13:25,7140
2018-02-06 13:30,7313
2018-02-06 13:35,7441
2018-02-06 13:40,7596
2018-02-06 13:45,7753
2018-02-06 13:50,7822
2018-02-06 13:55,7940
2018-02-06 14:00,7996
2018-02-06 14:05,8119
2018-02-06 14:10,8207
2018-02-06 14:15,8299
2018-02-06 14:20,8412
2018-02-06 14:25,8526
2018-02-06 14:30,8587
2018-02-06 14:35,8708
2018-02-06 14:40,8764
2018-02-06 14:45,8773
2018-02-06 14:50,8885
2018-02-06 14:55,9015
2018-02-06 15:00,9154
2018-02-06 15:05,9220
2018-02-06 15:10,9326
2018-02-06 15:15,9441
2018-02-06 15:20,9491
2018-02-06 15:25,9629
2018-02-06 15:30,9703
2018-02-06 15:35,9742
2018-02-06 15:40,9862
2018-02-06 15:45,9977
2018-02-06 15:50,10056
2018-02-06 15:55,10197
2018-02-06 16:00,10304
2018-02-06 16:05,10383
2018-02-06 16:10,10474
2018-02-06 16:15,10561
2018-02-06 16:20,10716
2018-02-06 16:25,10842
2018-02-06 16:30,10879
2018-02-06 16:35,11073
2018-02-06 16:40,11260
2018-02-06 16:45,11389
2018-02-06 16:50,11474
2018-02-06 16:55,11479
2018-02-06 17:00,11578
2018-02-06 17:05,11659
2018-02-06 17:10,11784
2018-02-06 17:15,11914
2018-02-06 17:20,12099
2018-02-06 17:25,12227
2018-02-06 17:30,12249
2018-02-06 17:35,12453
2018-02-06 17:40,12477
2018-02-06 17:45,12637
2018-02-06 17:50,12632
2018-02-06 17:55,12718
2018-02-06 18:00,12834
2018-02-06 18:05,12918
2018-02-06 18:10,12959
2018-02-06 18:15,12951
2018-02-06 18:20,13073
2018-02-06 18:25,13139
2018-02-06 18:30,13221
2018-02-06 18:35,13319
2018-02-06 18:40,13507
2018-02-06 18:45,13469
2018-02-06 18:50,13548
2018-02-06 18:55,13675
2018-02-06 19:00,13751
2018-02-06 19:05,13792
2018-02-06 19:10,13780
2018-02-06 19:15,13917
2018-02-06 19:20,13986
2018-02-06 19:25,14059
2018-02-06 19:30,14091
2018-02-06 19:35,14150
2018-02-06 19:40,14146
2018-02-06 19:45,14216
2018-02-06 19:50,14200
2018-02-06 19:55,14148
2018-02-06 20:00,14142
2018-02-06 20:05,14179
2018-02-06 20:10,14147
2018-02-06 20:15,14155
2018-02-06 20:20,14134
2018-02-06 20:25,14162
2018-02-06 20:30,14171
2018-02-06 20:35,14081
2018-02-06 20:40,13994
2018-02-06 20:45,13999
2018-02-06 20:50,13992
2018-02-06 20:55,13900
2018-02-06 21:00,13808
2018-02-06 21:05,13727
2018-02-06 21:10,13591
2018-02-06 21:15,13547
2018-02-06 21:20,13466
2018-02-06 21:25,13456
2018-02-06 21:30,13328
2018-02-06 21:35,13279
2018-02-06 21:40,13273
2018-02-06 21:45,13201
2018-02-06 21:50,13178
2018-02-06 21:55,13086
2018-02-06 22:00,12982
2018-02-06 22:05,12875
2018-02-06 22:10,12774
2018-02-06 22:15,12638
2018-02-06 22:20,12594
2018-02-06 22:25,12445
2018-02-06 22:30,12402
2018-02-06 22:35,12295
2018-02-06 22:40,12208
2018-02-06 22:45,12112
2018-02-06 22:50,12022
2018-02-06 22:55,11915
2018-02-06 23:00,11822
2018-02-06 23:05,11643
2018-02-06 23:10,0
2018-02-06 23:15,10478
2018-02-06 23:20,11200
2018-02-06 23:25,11349
2018-02-06 23:30,11202
2018-02-06 23:35,11167
2018-02-06 23:40,11092
2018-02-06 23:45,11006
2018-02-06 23:50,11002
2018-02-06 23:55,10944
2018-02-07 00:00,10848
2018-02-07 00:05,10855
2018-02-07 00:10,10777
2018-02-07 00:15,0
2018-02-07 00:20,10645
2018-02-07 00:25,10541
2018-02-07 00:30,10527
2018-02-07 00:35,10489
2018-02-07 00:40,10505
2018-02-07 00:45,10406
2018-02-07 00:50,10370
2018-02-07 00:55,10348
2018-02-07 01:00,10395
2018-02-07 01:05,10369
2018-02-07 01:10,10346
2018-02-07 01:15,10343
2018-02-07 01:20,10294
2018-02-07 01:25,10302
2018-02-07 01:30,10280
2018-02-07 01:35,10273
2018-02-07 01:40,10244
2018-02-07 01:45,10229
2018-02-07 01:50,10263
2018-02-07 01:55,10233
2018-02-07 02:00,10226
2018-02-07 02:05,10238
2018-02-07 02:10,10205
2018-02-07 02:15,10147
2018-02-07 02:20,10157
2018-02-07 02:25,10075
2018-02-07 02:30,10006
2018-02-07 02:35,9979
2018-02-07 02:40,9986
2018-02-07 02:45,9954
2018-02-07 02:50,9959
2018-02-07 02:55,9896
2018-02-07 03:00,9761
2018-02-07 03:05,9609
2018-02-07 03:10,9532
2018-02-07 03:15,9426
2018-02-07 03:20,9375
2018-02-07 03:25,9309
2018-02-07 03:30,9263
2018-02-07 03:35,9174
2018-02-07 03:40,9030
2018-02-07 03:45,8938
2018-02-07 03:50,8789
2018-02-07 03:55,8745
2018-02-07 04:00,8674
2018-02-07 04:05,8496
2018-02-07 04:10,8348
2018-02-07 04:15,8233
2018-02-07 04:20,8171
2018-02-07 04:25,8056
2018-02-07 04:30,7984
2018-02-07 04:35,7900
2018-02-07 04:40,7782
2018-02-07 04:45,7668
2018-02-07 04:50,7491
2018-02-07 04:55,7401
2018-02-07 05:00,7266
2018-02-07 05:05,7168
2018-02-07 05:10,6975
2018-02-07 05:15,6877
2018-02-07 05:20,6721
2018-02-07 05:25,6583
2018-02-07 05:30,6432
2018-02-07 05:35,6387
2018-02-07 05:40,6281
2018-02-07 05:45,6170
2018-02-07 05:50,6051
2018-02-07 05:55,5983
2018-02-07 06:00,5872
2018-02-07 06:05,5759
2018-02-07 06:10,5672
2018-02-07 06:15,5529
2018-02-07 06:20,5392
2018-02-07 06:25,5310
2018-02-07 06:30,5216
2018-02-07 06:35,5116
2018-02-07 06:40,5025
2018-02-07 06:45,4970
2018-02-07 06:50,4868
2018-02-07 06:55,4806
2018-02-07 07:00,4764
2018-02-07 07:05,4687
2018-02-07 07:10,4573
2018-02-07 07:15,4506
2018-02-07 07:20,4447
2018-02-07 07:25,4414
2018-02-07 07:30,4398
2018-02-07 07:35,4347
2018-02-07 07:40,4330
2018-02-07 07:45,4262
2018-02-07 07:50,4229
2018-02-07 07:55,4187
2018-02-07 08:00,4158
2018-02-07 08:05,4176
2018-02-07 08:10,4149
2018-02-07 08:15,4146
2018-02-07 08:20,4139
2018-02-07 08:25,4111
2018-02-07 08:30,4143
2018-02-07 08:35,4119
2018-02-07 08:40,4104
2018-02-07 08:45,4073
2018-02-07 08:50,4073
2018-02-07 08:55,4077
2018-02-07 09:00,4080
2018-02-07 09:05,4138
2018-02-07 09:10,4166
2018-02-07 09:15,4170
2018-02-07 09:20,4204
2018-02-07 09:25,4204
2018-02-07 09:30,4244
2018-02-07 09:35,4267
2018-02-07 09:40,4311
2018-02-07 09:45,4352
2018-02-07 09:50,4363
2018-02-07 09:55,4434
2018-02-07 10:00,4465
2018-02-07 10:05,4510
2018-02-07 10:10,4528
2018-02-07 10:15,4585
2018-02-07 10:20,4624
2018-02-07 10:25,4661
2018-02-07 10:30,4697
2018-02-07 10:35,4701
2018-02-07 10:40,4730
2018-02-07 10:45,4818
2018-02-07 10:50,4896
2018-02-07 10:55,4936
2018-02-07 11:00,4949
2018-02-07 11:05,4990
2018-02-07 11:10,5021
2018-02-07 11:15,5041
2018-02-07 11:20,5097
2018-02-07 11:25,5165
2018-02-07 11:30,5258
2018-02-07 11:35,5326
2018-02-07 11:40,5409
2018-02-07 11:45,5482
2018-02-07 11:50,5572
2018-02-07 11:55,5651
2018-02-07 12:00,5743
2018-02-07 12:05,5800
2018-02-07 12:10,5883
2018-02-07 12:15,5981
2018-02-07 12:20,6025
2018-02-07 12:25,6108
2018-02-07 12:30,6218
2018-02-07 12:35,6287
2018-02-07 12:40,6392
2018-02-07 12:45,6439
2018-02-07 12:50,6520
2018-02-07 12:55,6551
2018-02-07 13:00,6616
2018-02-07 13:05,6670
2018-02-07 13:10,6773
2018-02-07 13:15,6868
2018-02-07 13:20,6962
2018-02-07 13:25,7057
2018-02-07 13:30,7191
2018-02-07 13:35,7309
2018-02-07 13:40,7376
2018-02-07 13:45,7492
2018-02-07 13:50,7559
2018-02-07 13:55,7628
2018-02-07 14:00,7721
2018-02-07 14:05,7823
2018-02-07 14:10,7954
2018-02-07 14:15,8048
2018-02-07 14:20,8203
2018-02-07 14:25,8355
2018-02-07 14:30,8471
2018-02-07 14:35,8645
2018-02-07 14:40,8715
2018-02-07 14:45,8809
2018-02-07 14:50,8917
2018-02-07 14:55,9023
2018-02-07 15:00,9100
2018-02-07 15:05,9194
2018-02-07 15:10,9287
2018-02-07 15:15,9434
2018-02-07 15:20,9524
2018-02-07 15:25,9644
2018-02-07 15:30,9758
2018-02-07 15:35,9886
2018-02-07 15:40,9975
2018-02-07 15:45,10102
2018-02-07 15:50,10166
2018-02-07 15:55,10325
2018-02-07 16:00,10441
2018-02-07 16:05,10495
2018-02-07 16:10,10695
2018-02-07 16:15,10763
2018-02-07 16:20,10870
2018-02-07 16:25,10985
2018-02-07 16:30,11067
2018-02-07 16:35,11150
2018-02-07 16:40,11219
2018-02-07 16:45,11362
2018-02-07 16:50,11487
2018-02-07 16:55,11575
2018-02-07 17:00,11691
2018-02-07 17:05,11811
2018-02-07 17:10,11815
2018-02-07 17:15,11925
2018-02-07 17:20,12003
2018-02-07 17:25,12014
2018-02-07 17:30,12136
2018-02-07 17:35,12133
2018-02-07 17:40,12278
2018-02-07 17:45,12418
2018-02-07 17:50,12581
2018-02-07 17:55,12589
2018-02-07 18:00,12652
2018-02-07 18:05,12746
2018-02-07 18:10,12801
2018-02-07 18:15,12855
2018-02-07 18:20,12880
2018-02-07 18:25,12974
2018-02-07 18:30,13071
2018-02-07 18:35,13230
2018-02-07 18:40,13359
2018-02-07 18:45,13460
2018-02-07 18:50,13483
2018-02-07 18:55,13566
2018-02-07 19:00,13589
2018-02-07 19:05,13595
2018-02-07 19:10,13643
2018-02-07 19:15,13728
2018-02-07 19:20,13805
2018-02-07 19:25,13845
2018-02-07 19:30,13848
2018-02-07 19:35,13869
2018-02-07 19:40,14028
2018-02-07 19:45,14060
2018-02-07 19:50,14139
2018-02-07 19:55,14160
2018-02-07 20:00,14157
2018-02-07 20:05,14144
2018-02-07 20:10,14108
2018-02-07 20:15,14131
2018-02-07 20:20,14094
2018-02-07 20:25,14072
2018-02-07 20:30,14125
2018-02-07 20:35,14130
2018-02-07 20:40,14066
2018-02-07 20:45,13990
2018-02-07 20:50,13973
2018-02-07 20:55,13964
2018-02-07 21:00,13904
2018-02-07 21:05,13749
2018-02-07 21:10,13641
2018-02-07 21:15,13584
2018-02-07 21:20,13461
2018-02-07 21:25,13382
2018-02-07 21:30,13364
2018-02-07 21:35,13256
2018-02-07 21:40,13225
2018-02-07 21:45,13006
2018-02-07 21:50,12998
2018-02-07 21:55,12881
2018-02-07 22:00,12800
2018-02-07 22:05,12687
2018-02-07 22:10,12621
2018-02-07 22:15,12474
2018-02-07 22:20,12468
2018-02-07 22:25,12550
2018-02-07 22:30,12549
2018-02-07 22:35,12521
2018-02-07 22:40,12462
2018-02-07 22:45,12402
2018-02-07 22:50,12370
2018-02-07 22:55,12269
2018-02-07 23:00,12230
2018-02-07 23:05,12133
2018-02-07 23:10,12017
2018-02-07 23:15,11928
2018-02-07 23:20,11789
2018-02-07 23:25,11700
2018-02-07 23:30,11567
2018-02-07 23:35,11521
2018-02-07 23:40,11460
2018-02-07 23:45,11440
2018-02-07 23:50,11438
2018-02-07 23:55,11345
2018-02-08 00:00,11271
2018-02-08 00:05,11182
2018-02-08 00:10,11123
2018-02-08 00:15,11037
2018-02-08 00:20,10961
2018-02-08 00:25,10897
2018-02-08 00:30,10806
2018-02-08 00:35,10799
2018-02-08 00:40,10782
2018-02-08 00:45,10811
2018-02-08 00:50,10754
2018-02-08 00:55,10744
2018-02-08 01:00,10716
2018-02-08 01:05,10701
2018-02-08 01:10,10655
2018-02-08 01:15,10658
2018-02-08 01:20,10640
2018-02-08 01:25,10714
2018-02-08 01:30,10723
2018-02-08 01:35,10663
2018-02-08 01:40,10669
2018-02-08 01:45,10649
2018-02-08 01:50,10653
2018-02-08 01:55,10673
2018-02-08 02:00,10622
2018-02-08 02:05,10592
2018-02-08 02:10,10509
2018-02-08 02:15,10492
2018-02-08 02:20,10477
2018-02-08 02:25,10455
2018-02-08 02:30,10445
2018-02-08 02:35,10369
2018-02-08 02:40,10403
2018-02-08 02:45,10362
2018-02-08 02:50,10298
2018-02-08 02:55,10211
2018-02-08 03:00,10168
2018-02-08 03:05,10132
2018-02-08 03:10,10036
2018-02-08 03:15,10004
2018-02-08 03:20,9928
2018-02-08 03:25,9797
2018-02-08 03:30,9716
2018-02-08 03:35,9592
2018-02-08 03:40,9472
2018-02-08 03:45,9383
2018-02-08 03:50,9296
2018-02-08 03:55,9240
2018-02-08 04:00,9132
2018-02-08 04:05,9074
2018-02-08 04:10,8930
2018-02-08 04:15,8836
2018-02-08 04:20,8703
2018-02-08 04:25,8548
2018-02-08 04:30,8401
2018-02-08 04:35,8283
2018-02-08 04:40,8199
2018-02-08 04:45,8030
2018-02-08 04:50,
2018-02-08 04:55,
2018-02-08 05:00,7637
2018-02-08 05:05,7479
2018-02-08 05:10,7322
2018-02-08 05:15,7174
2018-02-08 05:20,7016
2018-02-08 05:25,6850
2018-02-08 05:30,6747
2018-02-08 05:35,6657
2018-02-08 05:40,6534
2018-02-08 05:45,6441
2018-02-08 05:50,6361
2018-02-08 05:55,6260
2018-02-08 06:00,6140
2018-02-08 06:05,5998
2018-02-08 06:10,5839
2018-02-08 06:15,5767
2018-02-08 06:20,5706
2018-02-08 06:25,5608
2018-02-08 06:30,5578
2018-02-08 06:35,5467
2018-02-08 06:40,5359
2018-02-08 06:45,5305
2018-02-08 06:50,5181
2018-02-08 06:55,5085
2018-02-08 07:00,4977
2018-02-08 07:05,4852
2018-02-08 07:10,4745
2018-02-08 07:15,4610
2018-02-08 07:20,4547
2018-02-08 07:25,4535
2018-02-08 07:30,4484
2018-02-08 07:35,4427
2018-02-08 07:40,4365
2018-02-08 07:45,4306
2018-02-08 07:50,4247
2018-02-08 07:55,4220
2018-02-08 08:00,4198
2018-02-08 08:05,4135
2018-02-08 08:10,4123
2018-02-08 08:15,
2018-02-08 08:20,4061
2018-02-08 08:25,4092
2018-02-08 08:30,4107
2018-02-08 08:35,4075
2018-02-08 08:40,4074
2018-02-08 08:45,4114
2018-02-08 08:50,4113
2018-02-08 08:55,4086
2018-02-08 09:00,4045
2018-02-08 09:05,4138
2018-02-08 09:10,4160
2018-02-08 09:15,4216
2018-02-08 09:20,4194
2018-02-08 09:25,
2018-02-08 09:30,4314
2018-02-08 09:35,4382
2018-02-08 09:40,4409
2018-02-08 09:45,
2018-02-08 09:50,4484
2018-02-08 09:55,4522
2018-02-08 10:00,4569
2018-02-08 10:05,4621
2018-02-08 10:10,4644
2018-02-08 10:15,4722
2018-02-08 10:20,4739
2018-02-08 10:25,4800
2018-02-08 10:30,4827
2018-02-08 10:35,4887
2018-02-08 10:40,
2018-02-08 10:45,4934
2018-02-08 10:50,
2018-02-08 10:55,5044
2018-02-08 11:00,5087
2018-02-08 11:05,5153
2018-02-08 11:10,5158
2018-02-08 11:15,5162
2018-02-08 11:20,5190
2018-02-08 11:25,
2018-02-08 11:30,
2018-02-08 11:35,5329
2018-02-08 11:40,5405
2018-02-08 11:45,5511
2018-02-08 11:50,5589
2018-02-08 11:55,5639
2018-02-08 12:00,5725
2018-02-08 12:05,5795
2018-02-08 12:10,5904
2018-02-08 12:15,5955
2018-02-08 12:20,6063
2018-02-08 12:25,6095
2018-02-08 12:30,6170
2018-02-08 12:35,6118
2018-02-08 12:40,6061
2018-02-08 12:45,6112
2018-02-08 12:50,6099
2018-02-08 12:55,6071
2018-02-08 13:00,6007
2018-02-08 13:05,
2018-02-08 13:10,4375
2018-02-08 13:15,3567
2018-02-08 13:20,2805
2018-02-08 13:25,
2018-02-08 13:30,1987
2018-02-08 13:35,1782
2018-02-08 13:40,1828
2018-02-08 13:45,2019
2018-02-08 13:50,1845
2018-02-08 13:55,1913
2018-02-08 14:00,2858
2018-02-08 14:05,3662
2018-02-08 14:10,4357
2018-02-08 14:15,4998
2018-02-08 14:20,5577
2018-02-08 14:25,6134
2018-02-08 14:30,6544
2018-02-08 14:35,7017
2018-02-08 14:40,7395
2018-02-08 14:45,7753
2018-02-08 14:50,8095
2018-02-08 14:55,8371
2018-02-08 15:00,8623
2018-02-08 15:05,8926
2018-02-08 15:10,9118
2018-02-08 15:15,9311
2018-02-08 15:20,9491
2018-02-08 15:25,9726
2018-02-08 15:30,9854
2018-02-08 15:35,10013
2018-02-08 15:40,10066
2018-02-08 15:45,10212
2018-02-08 15:50,10319
2018-02-08 15:55,10330
2018-02-08 16:00,10463
2018-02-08 16:05,10626
2018-02-08 16:10,10728
2018-02-08 16:15,10845
2018-02-08 16:20,10915
2018-02-08 16:25,11026
2018-02-08 16:30,11150
2018-02-08 16:35,11254
2018-02-08 16:40,11356
2018-02-08 16:45,11442
2018-02-08 16:50,11517
2018-02-08 16:55,11608
2018-02-08 17:00,11706
2018-02-08 17:05,11764
2018-02-08 17:10,11801
2018-02-08 17:15,11899
2018-02-08 17:20,11982
2018-02-08 17:25,12057
2018-02-08 17:30,12135
2018-02-08 17:35,12217
2018-02-08 17:40,12274
2018-02-08 17:45,12368
2018-02-08 17:50,12424
2018-02-08 17:55,12458
2018-02-08 18:00,12582
2018-02-08 18:05,12597
2018-02-08 18:10,12689
2018-02-08 18:15,12769
2018-02-08 18:20,12867
2018-02-08 18:25,12940
2018-02-08 18:30,13052
2018-02-08 18:35,13114
2018-02-08 18:40,13148
2018-02-08 18:45,13162
2018-02-08 18:50,13175
2018-02-08 18:55,13285
2018-02-08 19:00,13426
2018-02-08 19:05,13439
2018-02-08 19:10,13475
2018-02-08 19:15,13503
2018-02-08 19:20,13484
2018-02-08 19:25,13564
2018-02-08 19:30,13554
2018-02-08 19:35,13644
2018-02-08 19:40,13654
2018-02-08 19:45,13733
2018-02-08 19:50,13740
2018-02-08 19:55,13780
2018-02-08 20:00,13802
2018-02-08 20:05,13744
2018-02-08 20:10,13734
2018-02-08 20:15,13721
2018-02-08 20:20,13707
2018-02-08 20:25,13705
2018-02-08 20:30,13655
2018-02-08 20:35,13678
2018-02-08 20:40,13692
2018-02-08 20:45,13627
2018-02-08 20:50,13529
2018-02-08 20:55,13541
2018-02-08 21:00,13471
2018-02-08 21:05,13346
2018-02-08 21:10,13269
2018-02-08 21:15,13269
2018-02-08 21:20,13244
2018-02-08 21:25,13271
2018-02-08 21:30,13249
2018-02-08 21:35,13127
2018-02-08 21:40,13046
2018-02-08 21:45,12956
2018-02-08 21:50,12905
2018-02-08 21:55,12857
2018-02-08 22:00,12621
2018-02-08 22:05,12529
2018-02-08 22:10,12408
2018-02-08 22:15,12284
2018-02-08 22:20,12242
2018-02-08 22:25,12163
2018-02-08 22:30,12093
2018-02-08 22:35,12027
2018-02-08 22:40,11960
2018-02-08 22:45,11894
2018-02-08 22:50,11805
2018-02-08 22:55,11690
2018-02-08 23:00,11517
2018-02-08 23:05,11360
2018-02-08 23:10,11252
2018-02-08 23:15,11180
2018-02-08 23:20,11075
2018-02-08 23:25,11074
2018-02-08 23:30,11013
2018-02-08 23:35,10960
2018-02-08 23:40,10913
2018-02-08 23:45,10844
2018-02-08 23:50,10835
2018-02-08 23:55,10782
2018-02-09 00:00,10665
2018-02-09 00:05,10605
2018-02-09 00:10,10526
2018-02-09 00:15,10522
2018-02-09 00:20,10454
2018-02-09 00:25,10474
2018-02-09 00:30,10512
2018-02-09 00:35,10499
2018-02-09 00:40,10461
2018-02-09 00:45,10354
2018-02-09 00:50,10357
2018-02-09 00:55,10345
2018-02-09 01:00,10406
2018-02-09 01:05,10327
2018-02-09 01:10,10327
2018-02-09 01:15,
2018-02-09 01:20,10288
2018-02-09 01:25,10309
2018-02-09 01:30,10297
2018-02-09 01:35,10294
2018-02-09 01:40,10300
2018-02-09 01:45,10240
2018-02-09 01:50,10283
2018-02-09 01:55,10214
2018-02-09 02:00,10161
2018-02-09 02:05,10120
2018-02-09 02:10,10107
2018-02-09 02:15,10039
2018-02-09 02:20,10001
2018-02-09 02:25,10008
2018-02-09 02:30,9982
2018-02-09 02:35,9941
2018-02-09 02:40,9976
2018-02-09 02:45,9933
2018-02-09 02:50,9931
2018-02-09 02:55,9794
2018-02-09 03:00,9701
2018-02-09 03:05,9610
2018-02-09 03:10,9509
2018-02-09 03:15,9449
2018-02-09 03:20,9435
2018-02-09 03:25,9325
2018-02-09 03:30,9213
2018-02-09 03:35,9123
2018-02-09 03:40,9040
2018-02-09 03:45,8945
2018-02-09 03:50,8876
2018-02-09 03:55,8772
2018-02-09 04:00,8692
2018-02-09 04:05,8610
2018-02-09 04:10,8441
2018-02-09 04:15,8387
2018-02-09 04:20,8276
2018-02-09 04:25,8157
2018-02-09 04:30,8068
2018-02-09 04:35,8036
2018-02-09 04:40,7912
2018-02-09 04:45,7797
2018-02-09 04:50,7719
2018-02-09 04:55,7597
2018-02-09 05:00,7428
2018-02-09 05:05,7276
2018-02-09 05:10,7112
2018-02-09 05:15,6921
2018-02-09 05:20,6807
2018-02-09 05:25,6643
2018-02-09 05:30,6566
2018-02-09 05:35,6455
2018-02-09 05:40,6363
2018-02-09 05:45,6269
2018-02-09 05:50,6150
2018-02-09 05:55,6074
2018-02-09 06:00,5948
2018-02-09 06:05,5887
2018-02-09 06:10,5762
2018-02-09 06:15,5647
2018-02-09 06:20,5571
2018-02-09 06:25,5474
2018-02-09 06:30,5384
2018-02-09 06:35,5316
2018-02-09 06:40,5241
2018-02-09 06:45,5153
2018-02-09 06:50,5100
2018-02-09 06:55,5060
2018-02-09 07:00,5029
2018-02-09 07:05,4927
2018-02-09 07:10,4896
2018-02-09 07:15,4826
2018-02-09 07:20,4761
2018-02-09 07:25,4696
2018-02-09 07:30,4640
2018-02-09 07:35,4562
2018-02-09 07:40,4497
2018-02-09 07:45,4470
2018-02-09 07:50,4447
2018-02-09 07:55,4402
2018-02-09 08:00,4315
2018-02-09 08:05,4291
2018-02-09 08:10,4295
2018-02-09 08:15,4275
2018-02-09 08:20,4259
2018-02-09 08:25,4279
2018-02-09 08:30,4236
2018-02-09 08:35,4190
2018-02-09 08:40,4165
2018-02-09 08:45,4125
2018-02-09 08:50,4071
2018-02-09 08:55,4051
2018-02-09 09:00,4040
2018-02-09 09:05,4075
2018-02-09 09:10,4178
2018-02-09 09:15,4238
2018-02-09 09:20,4273
2018-02-09 09:25,4318
2018-02-09 09:30,4320
2018-02-09 09:35,4359
2018-02-09 09:40,4406
2018-02-09 09:45,4495
2018-02-09 09:50,4536
2018-02-09 09:55,4580
2018-02-09 10:00,4606
2018-02-09 10:05,4676
2018-02-09 10:10,4746
2018-02-09 10:15,4814
2018-02-09 10:20,4810
2018-02-09 10:25,4791
2018-02-09 10:30,4820
2018-02-09 10:35,4927
2018-02-09 10:40,5001
2018-02-09 10:45,5005
2018-02-09 10:50,5074
2018-02-09 10:55,5118
2018-02-09 11:00,5176
2018-02-09 11:05,5256
2018-02-09 11:10,5285
2018-02-09 11:15,5325
2018-02-09 11:20,5415
2018-02-09 11:25,5449
2018-02-09 11:30,5489
2018-02-09 11:35,5554
2018-02-09 11:40,5624
2018-02-09 11:45,5720
2018-02-09 11:50,5780
2018-02-09 11:55,5890
2018-02-09 12:00,6041
2018-02-09 12:05,6159
2018-02-09 12:10,6198
2018-02-09 12:15,6279
2018-02-09 12:20,6410
2018-02-09 12:25,6496
2018-02-09 12:30,6600
2018-02-09 12:35,6722
2018-02-09 12:40,6806
2018-02-09 12:45,6901
2018-02-09 12:50,7020
2018-02-09 12:55,7119
2018-02-09 13:00,7239
2018-02-09 13:05,7315
2018-02-09 13:10,7390
2018-02-09 13:15,7526
2018-02-09 13:20,7640
2018-02-09 13:25,7770
2018-02-09 13:30,7834
2018-02-09 13:35,8001
2018-02-09 13:40,8112
2018-02-09 13:45,8257
2018-02-09 13:50,8437
2018-02-09 13:55,8544
2018-02-09 14:00,8648
2018-02-09 14:05,8802
2018-02-09 14:10,8895
2018-02-09 14:15,9007
2018-02-09 14:20,9154
2018-02-09 14:25,9323
2018-02-09 14:30,9376
2018-02-09 14:35,9486
2018-02-09 14:40,9618
2018-02-09 14:45,9743
2018-02-09 14:50,9871
2018-02-09 14:55,9981
2018-02-09 15:00,10110
2018-02-09 15:05,
2018-02-09 15:10,10384
2018-02-09 15:15,10503
2018-02-09 15:20,10607
2018-02-09 15:25,10690
2018-02-09 15:30,10756
2018-02-09 15:35,10875
2018-02-09 15:40,11016
2018-02-09 15:45,11137
2018-02-09 15:50,11271
2018-02-09 15:55,11394
2018-02-09 16:00,11343
2018-02-09 16:05,11447
2018-02-09 16:10,11594
2018-02-09 16:15,11736
2018-02-09 16:20,11905
2018-02-09 16:25,11957
2018-02-09 16:30,12069
2018-02-09 16:35,12209
2018-02-09 16:40,12290
2018-02-09 16:45,12411
2018-02-09 16:50,12453
2018-02-09 16:55,12596
2018-02-09 17:00,12629
2018-02-09 17:05,12737
2018-02-09 17:10,12817
2018-02-09 17:15,12918
2018-02-09 17:20,12974
2018-02-09 17:25,13030
2018-02-09 17:30,13131
2018-02-09 17:35,13177
2018-02-09 17:40,13264
2018-02-09 17:45,13436
2018-02-09 17:50,13456
2018-02-09 17:55,13481
2018-02-09 18:00,13574
2018-02-09 18:05,13619
2018-02-09 18:10,13622
2018-02-09 18:15,13666
2018-02-09 18:20,13763
2018-02-09 18:25,13831
2018-02-09 18:30,13916
2018-02-09 18:35,13950
2018-02-09 18:40,14094
2018-02-09 18:45,14144
2018-02-09 18:50,14231
2018-02-09 18:55,14238
2018-02-09 19:00,14307
2018-02-09 19:05,14343
2018-02-09 19:10,14431
2018-02-09 19:15,14465
2018-02-09 19:20,14483
2018-02-09 19:25,14580
2018-02-09 19:30,14618
2018-02-09 19:35,14739
2018-02-09 19:40,14861
2018-02-09 19:45,14912
2018-02-09 19:50,14991
2018-02-09 19:55,15046
2018-02-09 20:00,15110
2018-02-09 20:05,15143
2018-02-09 20:10,15203
2018-02-09 20:15,15283
2018-02-09 20:20,15344
2018-02-09 20:25,15383
2018-02-09 20:30,15377
2018-02-09 20:35,15364
2018-02-09 20:40,15417
2018-02-09 20:45,15487
2018-02-09 20:50,15562
2018-02-09 20:55,15563
2018-02-09 21:00,15592
2018-02-09 21:05,15551
2018-02-09 21:10,15613
2018-02-09 21:15,15589
2018-02-09 21:20,15610
2018-02-09 21:25,15649
2018-02-09 21:30,15622
2018-02-09 21:35,15650
2018-02-09 21:40,15646
2018-02-09 21:45,15536
2018-02-09 21:50,15597
2018-02-09 21:55,15557
2018-02-09 22:00,15473
2018-02-09 22:05,15439
2018-02-09 22:10,15387
2018-02-09 22:15,15291
2018-02-09 22:20,15279
2018-02-09 22:25,15207
2018-02-09 22:30,15099
2018-02-09 22:35,15024
2018-02-09 22:40,14934
2018-02-09 22:45,14892
2018-02-09 22:50,14783
2018-02-09 22:55,14713
2018-02-09 23:00,14558
2018-02-09 23:05,14522
2018-02-09 23:10,14447
2018-02-09 23:15,14362
2018-02-09 23:20,14228
2018-02-09 23:25,14060
2018-02-09 23:30,13918
2018-02-09 23:35,13836
2018-02-09 23:40,13771
2018-02-09 23:45,13725
2018-02-09 23:50,13621
2018-02-09 23:55,13525
2018-02-10 00:00,13435
2018-02-10 00:05,13324
2018-02-10 00:10,13203
2018-02-10 00:15,13090
2018-02-10 00:20,12991
2018-02-10 00:25,12881
2018-02-10 00:30,12798
2018-02-10 00:35,12741
2018-02-10 00:40,12696
2018-02-10 00:45,12657
2018-02-10 00:50,12682
2018-02-10 00:55,12597
2018-02-10 01:00,12528
2018-02-10 01:05,12479
2018-02-10 01:10,12434
2018-02-10 01:15,12378
2018-02-10 01:20,12339
2018-02-10 01:25,12169
2018-02-10 01:30,12176
2018-02-10 01:35,12131
2018-02-10 01:40,12125
2018-02-10 01:45,12066
2018-02-10 01:50,12012
2018-02-10 01:55,12000
2018-02-10 02:00,11946
2018-02-10 02:05,11856
2018-02-10 02:10,11839
2018-02-10 02:15,11731
2018-02-10 02:20,11722
2018-02-10 02:25,11690
2018-02-10 02:30,11690
2018-02-10 02:35,11696
2018-02-10 02:40,11706
2018-02-10 02:45,11638
2018-02-10 02:50,11611
2018-02-10 02:55,11576
2018-02-10 03:00,11496
2018-02-10 03:05,11498
2018-02-10 03:10,11388
2018-02-10 03:15,11299
2018-02-10 03:20,
2018-02-10 03:25,
2018-02-10 03:30,
2018-02-10 03:35,
2018-02-10 03:40,
2018-02-10 03:45,
2018-02-10 03:50,
2018-02-10 03:55,
2018-02-10 04:00,
2018-02-10 04:05,
2018-02-10 04:10,
2018-02-10 04:15,
2018-02-10 04:20,
2018-02-10 04:25,
2018-02-10 04:30,
2018-02-10 04:35,
2018-02-10 04:40,
2018-02-10 04:45,
2018-02-10 04:50,
2018-02-10 04:55,
2018-02-10 05:00,
2018-02-10 05:05,
2018-02-10 05:10,
2018-02-10 05:15,
2018-02-10 05:20,
2018-02-10 05:25,
2018-02-10 05:30,
2018-02-10 05:35,
2018-02-10 05:40,
2018-02-10 05:45,
2018-02-10 05:50,
2018-02-10 05:55,
2018-02-10 06:00,
2018-02-10 06:05,
2018-02-10 06:10,
2018-02-10 06:15,
2018-02-10 06:20,
2018-02-10 06:25,
2018-02-10 06:30,
2018-02-10 06:35,
2018-02-10 06:40,
2018-02-10 06:45,
2018-02-10 06:50,
2018-02-10 06:55,
2018-02-10 07:00,
2018-02-10 07:05,
2018-02-10 07:10,
2018-02-10 07:15,
2018-02-10 07:20,
2018-02-10 07:25,
2018-02-10 07:30,
2018-02-10 07:35,
2018-02-10 07:40,
2018-02-10 07:45,
2018-02-10 07:50,
2018-02-10 07:55,
2018-02-10 08:00,
2018-02-10 08:05,
2018-02-10 08:10,
2018-02-10 08:15,
2018-02-10 08:20,
2018-02-10 08:25,
2018-02-10 08:30,
2018-02-10 08:35,
2018-02-10 08:40,
2018-02-10 08:45,
2018-02-10 08:50,
2018-02-10 08:55,
2018-02-10 09:00,
2018-02-10 09:05,
2018-02-10 09:10,
2018-02-10 09:15,
2018-02-10 09:20,
2018-02-10 09:25,
2018-02-10 09:30,
2018-02-10 09:35,
2018-02-10 09:40,
2018-02-10 09:45,
2018-02-10 09:50,
2018-02-10 09:55,
2018-02-10 10:00,
2018-02-10 10:05,
2018-02-10 10:10,
2018-02-10 10:15,
2018-02-10 10:20,
2018-02-10 10:25,
2018-02-10 10:30,
2018-02-10 10:35,
2018-02-10 10:40,
2018-02-10 10:45,
2018-02-10 10:50,
2018-02-10 10:55,
2018-02-10 11:00,
2018-02-10 11:05,
2018-02-10 11:10,
2018-02-10 11:15,
2018-02-10 11:20,
2018-02-10 11:25,
2018-02-10 11:30,
2018-02-10 11:35,
2018-02-10 11:40,
2018-02-10 11:45,
2018-02-10 11:50,
2018-02-10 11:55,
2018-02-10 12:00,
2018-02-10 12:05,
2018-02-10 12:10,
2018-02-10 12:15,
2018-02-10 12:20,
2018-02-10 12:25,
2018-02-10 12:30,
2018-02-10 12:35,
2018-02-10 12:40,
2018-02-10 12:45,
2018-02-10 12:50,
2018-02-10 12:55,
2018-02-10 13:00,
2018-02-10 13:05,
2018-02-10 13:10,
2018-02-10 13:15,
2018-02-10 13:20,
2018-02-10 13:25,
2018-02-10 13:30,
2018-02-10 13:35,
2018-02-10 13:40,
2018-02-10 13:45,
2018-02-10 13:50,
2018-02-10 13:55,
2018-02-10 14:00,
2018-02-10 14:05,
2018-02-10 14:10,
2018-02-10 14:15,
2018-02-10 14:20,
2018-02-10 14:25,
2018-02-10 14:30,
2018-02-10 14:35,
2018-02-10 14:40,
2018-02-10 14:45,
2018-02-10 14:50,
2018-02-10 14:55,
2018-02-10 15:00,
2018-02-10 15:05,
2018-02-10 15:10,
2018-02-10 15:15,
2018-02-10 15:20,
2018-02-10 15:25,
2018-02-10 15:30,
2018-02-10 15:35,
2018-02-10 15:40,
2018-02-10 15:45,
2018-02-10 15:50,
2018-02-10 15:55,
2018-02-10 16:00,
2018-02-10 16:05,
2018-02-10 16:10,
2018-02-10 16:15,
2018-02-10 16:20,
2018-02-10 16:25,
2018-02-10 16:30,
2018-02-10 16:35,
2018-02-10 16:40,
2018-02-10 16:45,
2018-02-10 16:50,
2018-02-10 16:55,
2018-02-10 17:00,
2018-02-10 17:05,
2018-02-10 17:10,
2018-02-10 17:15,
2018-02-10 17:20,
2018-02-10 17:25,
2018-02-10 17:30,
2018-02-10 17:35,
2018-02-10 17:40,
2018-02-10 17:45,
2018-02-10 17:50,
2018-02-10 17:55,
2018-02-10 18:00,
2018-02-10 18:05,
2018-02-10 18:10,
2018-02-10 18:15,
2018-02-10 18:20,
2018-02-10 18:25,
2018-02-10 18:30,
2018-02-10 18:35,
2018-02-10 18:40,
2018-02-10 18:45,
2018-02-10 18:50,
2018-02-10 18:55,
2018-02-10 19:00,
2018-02-10 19:05,
2018-02-10 19:10,
2018-02-10 19:15,
2018-02-10 19:20,
2018-02-10 19:25,
2018-02-10 19:30,
2018-02-10 19:35,
2018-02-10 19:40,
2018-02-10 19:45,
2018-02-10 19:50,
2018-02-10 19:55,
2018-02-10 20:00,
2018-02-10 20:05,
2018-02-10 20:10,
2018-02-10 20:15,
2018-02-10 20:20,
2018-02-10 20:25,
2018-02-10 20:30,
2018-02-10 20:35,
2018-02-10 20:40,
2018-02-10 20:45,
2018-02-10 20:50,
2018-02-10 20:55,
2018-02-10 21:00,
2018-02-10 21:05,
2018-02-10 21:10,
2018-02-10 21:15,
2018-02-10 21:20,
2018-02-10 21:25,
2018-02-10 21:30,
2018-02-10 21:35,
2018-02-10 21:40,
2018-02-10 21:45,
2018-02-10 21:50,
2018-02-10 21:55,
2018-02-10 22:00,
2018-02-10 22:05,
2018-02-10 22:10,
2018-02-10 22:15,
2018-02-10 22:20,
2018-02-10 22:25,
2018-02-10 22:30,
2018-02-10 22:35,
2018-02-10 22:40,
2018-02-10 22:45,
2018-02-10 22:50,
2018-02-10 22:55,
2018-02-10 23:00,
2018-02-10 23:05,
2018-02-10 23:10,
2018-02-10 23:15,
2018-02-10 23:20,
2018-02-10 23:25,
2018-02-10 23:30,
2018-02-10 23:35,
2018-02-10 23:40,
2018-02-10 23:45,
2018-02-10 23:50,
2018-02-10 23:55,
2018-02-11 00:00,
2018-02-11 00:05,
2018-02-11 00:10,
2018-02-11 00:15,
2018-02-11 00:20,
2018-02-11 00:25,
2018-02-11 00:30,
2018-02-11 00:35,
2018-02-11 00:40,
2018-02-11 00:45,
2018-02-11 00:50,
2018-02-11 00:55,
2018-02-11 01:00,
2018-02-11 01:05,
2018-02-11 01:10,
2018-02-11 01:15,
2018-02-11 01:20,
2018-02-11 01:25,
2018-02-11 01:30,
2018-02-11 01:35,
2018-02-11 01:40,
2018-02-11 01:45,
2018-02-11 01:50,
2018-02-11 01:55,
2018-02-11 02:00,
2018-02-11 02:05,
2018-02-11 02:10,
2018-02-11 02:15,
2018-02-11 02:20,
2018-02-11 02:25,
2018-02-11 02:30,
2018-02-11 02:35,
2018-02-11 02:40,
2018-02-11 02:45,
2018-02-11 02:50,
2018-02-11 02:55,
2018-02-11 03:00,
2018-02-11 03:05,
2018-02-11 03:10,
2018-02-11 03:15,
2018-02-11 03:20,
2018-02-11 03:25,
2018-02-11 03:30,
2018-02-11 03:35,
2018-02-11 03:40,
2018-02-11 03:45,
2018-02-11 03:50,
2018-02-11 03:55,
2018-02-11 04:00,
2018-02-11 04:05,
2018-02-11 04:10,
2018-02-11 04:15,
2018-02-11 04:20,
2018-02-11 04:25,
2018-02-11 04:30,
2018-02-11 04:35,
2018-02-11 04:40,
2018-02-11 04:45,
2018-02-11 04:50,
2018-02-11 04:55,
2018-02-11 05:00,
2018-02-11 05:05,
2018-02-11 05:10,
2018-02-11 05:15,
2018-02-11 05:20,
2018-02-11 05:25,
2018-02-11 05:30,
2018-02-11 05:35,
2018-02-11 05:40,
2018-02-11 05:45,
2018-02-11 05:50,
2018-02-11 05:55,
2018-02-11 06:00,
2018-02-11 06:05,
2018-02-11 06:10,
2018-02-11 06:15,
2018-02-11 06:20,
2018-02-11 06:25,
2018-02-11 06:30,
2018-02-11 06:35,
2018-02-11 06:40,
2018-02-11 06:45,
2018-02-11 06:50,
2018-02-11 06:55,
2018-02-11 07:00,
2018-02-11 07:05,
2018-02-11 07:10,
2018-02-11 07:15,
2018-02-11 07:20,
2018-02-11 07:25,
2018-02-11 07:30,
2018-02-11 07:35,
2018-02-11 07:40,
2018-02-11 07:45,
2018-02-11 07:50,
2018-02-11 07:55,
2018-02-11 08:00,
2018-02-11 08:05,
2018-02-11 08:10,
2018-02-11 08:15,
2018-02-11 08:20,
2018-02-11 08:25,
2018-02-11 08:30,
2018-02-11 08:35,
2018-02-11 08:40,
2018-02-11 08:45,
2018-02-11 08:50,
2018-02-11 08:55,
2018-02-11 09:00,
2018-02-11 09:05,
2018-02-11 09:10,
2018-02-11 09:15,
2018-02-11 09:20,
2018-02-11 09:25,
2018-02-11 09:30,
2018-02-11 09:35,
2018-02-11 09:40,
2018-02-11 09:45,
2018-02-11 09:50,
2018-02-11 09:55,
2018-02-11 10:00,
2018-02-11 10:05,
2018-02-11 10:10,
2018-02-11 10:15,
2018-02-11 10:20,
2018-02-11 10:25,
2018-02-11 10:30,
2018-02-11 10:35,
2018-02-11 10:40,
2018-02-11 10:45,
2018-02-11 10:50,
2018-02-11 10:55,
2018-02-11 11:00,
2018-02-11 11:05,
2018-02-11 11:10,
2018-02-11 11:15,
2018-02-11 11:20,
2018-02-11 11:25,
2018-02-11 11:30,
2018-02-11 11:35,
2018-02-11 11:40,
2018-02-11 11:45,
2018-02-11 11:50,
2018-02-11 11:55,
2018-02-11 12:00,
2018-02-11 12:05,
2018-02-11 12:10,
2018-02-11 12:15,
2018-02-11 12:20,
2018-02-11 12:25,
2018-02-11 12:30,
2018-02-11 12:35,
2018-02-11 12:40,
2018-02-11 12:45,
2018-02-11 12:50,
2018-02-11 12:55,
2018-02-11 13:00,
2018-02-11 13:05,
2018-02-11 13:10,
2018-02-11 13:15,
2018-02-11 13:20,
2018-02-11 13:25,
2018-02-11 13:30,
2018-02-11 13:35,
2018-02-11 13:40,
2018-02-11 13:45,
2018-02-11 13:50,
2018-02-11 13:55,
2018-02-11 14:00,
2018-02-11 14:05,
2018-02-11 14:10,
2018-02-11 14:15,
2018-02-11 14:20,
2018-02-11 14:25,
2018-02-11 14:30,
2018-02-11 14:35,
2018-02-11 14:40,
2018-02-11 14:45,
2018-02-11 14:50,
2018-02-11 14:55,
2018-02-11 15:00,
2018-02-11 15:05,
2018-02-11 15:10,
2018-02-11 15:15,
2018-02-11 15:20,
2018-02-11 15:25,
2018-02-11 15:30,
2018-02-11 15:35,
2018-02-11 15:40,
2018-02-11 15:45,
2018-02-11 15:50,
2018-02-11 15:55,
2018-02-11 16:00,
2018-02-11 16:05,
2018-02-11 16:10,
2018-02-11 16:15,
2018-02-11 16:20,
2018-02-11 16:25,
2018-02-11 16:30,
2018-02-11 16:35,
2018-02-11 16:40,
2018-02-11 16:45,
2018-02-11 16:50,
2018-02-11 16:55,
2018-02-11 17:00,
2018-02-11 17:05,
2018-02-11 17:10,
2018-02-11 17:15,
2018-02-11 17:20,
2018-02-11 17:25,
2018-02-11 17:30,
2018-02-11 17:35,
2018-02-11 17:40,
2018-02-11 17:45,
2018-02-11 17:50,
2018-02-11 17:55,
2018-02-11 18:00,
2018-02-11 18:05,
2018-02-11 18:10,
2018-02-11 18:15,
2018-02-11 18:20,
2018-02-11 18:25,
2018-02-11 18:30,
2018-02-11 18:35,
2018-02-11 18:40,
2018-02-11 18:45,
2018-02-11 18:50,
2018-02-11 18:55,
2018-02-11 19:00,
2018-02-11 19:05,
2018-02-11 19:10,
2018-02-11 19:15,
2018-02-11 19:20,
2018-02-11 19:25,
2018-02-11 19:30,
2018-02-11 19:35,
2018-02-11 19:40,
2018-02-11 19:45,
2018-02-11 19:50,
2018-02-11 19:55,
2018-02-11 20:00,
2018-02-11 20:05,
2018-02-11 20:10,
2018-02-11 20:15,
2018-02-11 20:20,
2018-02-11 20:25,
2018-02-11 20:30,
2018-02-11 20:35,
2018-02-11 20:40,
2018-02-11 20:45,
2018-02-11 20:50,
2018-02-11 20:55,
2018-02-11 21:00,
2018-02-11 21:05,
2018-02-11 21:10,
2018-02-11 21:15,
2018-02-11 21:20,
2018-02-11 21:25,
2018-02-11 21:30,
2018-02-11 21:35,
2018-02-11 21:40,
2018-02-11 21:45,
2018-02-11 21:50,
2018-02-11 21:55,
2018-02-11 22:00,
2018-02-11 22:05,
2018-02-11 22:10,15749
2018-02-11 22:15,15708
2018-02-11 22:20,15578
2018-02-11 22:25,15417
2018-02-11 22:30,15261
2018-02-11 22:35,15039
2018-02-11 22:40,14885
2018-02-11 22:45,14705
2018-02-11 22:50,14590
2018-02-11 22:55,14380
2018-02-11 23:00,14203
2018-02-11 23:05,14049
2018-02-11 23:10,13894
2018-02-11 23:15,13797
2018-02-11 23:20,13653
2018-02-11 23:25,13528
2018-02-11 23:30,13428
2018-02-11 23:35,13332
2018-02-11 23:40,13143
2018-02-11 23:45,13067
2018-02-11 23:50,12978
2018-02-11 23:55,12863
2018-02-12 00:00,12764
2018-02-12 00:05,12686
2018-02-12 00:10,12560
2018-02-12 00:15,12442
2018-02-12 00:20,12284
2018-02-12 00:25,12218
2018-02-12 00:30,12185
2018-02-12 00:35,12164
2018-02-12 00:40,12080
2018-02-12 00:45,11965
2018-02-12 00:50,11911
2018-02-12 00:55,11838
2018-02-12 01:00,11855
2018-02-12 01:05,11757
2018-02-12 01:10,11682
2018-02-12 01:15,11674
2018-02-12 01:20,11599
2018-02-12 01:25,11538
2018-02-12 01:30,11505
2018-02-12 01:35,11439
2018-02-12 01:40,11392
2018-02-12 01:45,11375
2018-02-12 01:50,11391
2018-02-12 01:55,11351
2018-02-12 02:00,11291
2018-02-12 02:05,11242
2018-02-12 02:10,11250
2018-02-12 02:15,11207
2018-02-12 02:20,11223
2018-02-12 02:25,11168
2018-02-12 02:30,11060
2018-02-12 02:35,11023
2018-02-12 02:40,10928
2018-02-12 02:45,10909
2018-02-12 02:50,10864
2018-02-12 02:55,10819
2018-02-12 03:00,10679
2018-02-12 03:05,10526
2018-02-12 03:10,10548
2018-02-12 03:15,10467
2018-02-12 03:20,10376
2018-02-12 03:25,10304
2018-02-12 03:30,10179
2018-02-12 03:35,10024
2018-02-12 03:40,9890
2018-02-12 03:45,9771
2018-02-12 03:50,9648
2018-02-12 03:55,9484
2018-02-12 04:00,9357
2018-02-12 04:05,9276
2018-02-12 04:10,9112
2018-02-12 04:15,9010
2018-02-12 04:20,9010
2018-02-12 04:25,8761
2018-02-12 04:30,8646
2018-02-12 04:35,8541
2018-02-12 04:40,8412
2018-02-12 04:45,8256
2018-02-12 04:50,8073
2018-02-12 04:55,7955
2018-02-12 05:00,7836
2018-02-12 05:05,7715
2018-02-12 05:10,7614
2018-02-12 05:15,7532
2018-02-12 05:20,7459
2018-02-12 05:25,7338
2018-02-12 05:30,7206
2018-02-12 05:35,7105
2018-02-12 05:40,6977
2018-02-12 05:45,6816
2018-02-12 05:50,6716
2018-02-12 05:55,6614
2018-02-12 06:00,6475
2018-02-12 06:05,6356
2018-02-12 06:10,6257
2018-02-12 06:15,6154
2018-02-12 06:20,6117
2018-02-12 06:25,5976
2018-02-12 06:30,5920
2018-02-12 06:35,5832
2018-02-12 06:40,5734
2018-02-12 06:45,5650
2018-02-12 06:50,5571
2018-02-12 06:55,5464
2018-02-12 07:00,5385
2018-02-12 07:05,5385
2018-02-12 07:10,5165
2018-02-12 07:15,5089
2018-02-12 07:20,5089
2018-02-12 07:25,5007
2018-02-12 07:30,4910
2018-02-12 07:35,4757
2018-02-12 07:40,4685
2018-02-12 07:45,4623
2018-02-12 07:50,4547
2018-02-12 07:55,4502
2018-02-12 08:00,4465
2018-02-12 08:05,4473
2018-02-12 08:10,4433
2018-02-12 08:15,4444
2018-02-12 08:20,4394
2018-02-12 08:25,4376
2018-02-12 08:30,4376
2018-02-12 08:35,4336
2018-02-12 08:40,4341
2018-02-12 08:45,4322
2018-02-12 08:50,4281
2018-02-12 08:55,4272
2018-02-12 09:00,4211
2018-02-12 09:05,4285
2018-02-12 09:10,4285
2018-02-12 09:15,4294
2018-02-12 09:20,4297
2018-02-12 09:25,4305
2018-02-12 09:30,4367
2018-02-12 09:35,4423
2018-02-12 09:40,4449
2018-02-12 09:45,4530
2018-02-12 09:50,4584
2018-02-12 09:55,4665
2018-02-12 10:00,4725
2018-02-12 10:05,4725
2018-02-12 10:10,4824
2018-02-12 10:15,4876
2018-02-12 10:20,4876
2018-02-12 10:25,4903
2018-02-12 10:30,4951
2018-02-12 10:35,4982
2018-02-12 10:40,4962
2018-02-12 10:45,5011
2018-02-12 10:50,5011
2018-02-12 10:55,5058
2018-02-12 11:00,5112
2018-02-12 11:05,5143
2018-02-12 11:10,5239
2018-02-12 11:15,5291
2018-02-12 11:20,5291
2018-02-12 11:25,5368
2018-02-12 11:30,5430
2018-02-12 11:35,5506
2018-02-12 11:40,5573
2018-02-12 11:45,5658
2018-02-12 11:50,5730
2018-02-12 11:55,5748
2018-02-12 12:00,5861
2018-02-12 12:05,5861
2018-02-12 12:10,6033
2018-02-12 12:15,6033
2018-02-12 12:20,6115
2018-02-12 12:25,6251
2018-02-12 12:30,6285
2018-02-12 12:35,6363
2018-02-12 12:40,6492
2018-02-12 12:45,6519
2018-02-12 12:50,6519
2018-02-12 12:55,6711
2018-02-12 13:00,6711
2018-02-12 13:05,6703
2018-02-12 13:10,6864
2018-02-12 13:15,6954
2018-02-12 13:20,6954
2018-02-12 13:25,7102
2018-02-12 13:30,7250
2018-02-12 13:35,7250
2018-02-12 13:40,7396
2018-02-12 13:45,7396
2018-02-12 13:50,7644
2018-02-12 13:55,7744
2018-02-12 14:00,7857
2018-02-12 14:05,7857
2018-02-12 14:10,8008
2018-02-12 14:15,8110
2018-02-12 14:20,8110
2018-02-12 14:25,8294
2018-02-12 14:30,8392
2018-02-12 14:35,8443
2018-02-12 14:40,8538
2018-02-12 14:45,8629
2018-02-12 14:50,8684
2018-02-12 14:55,8834
2018-02-12 15:00,8908
2018-02-12 15:05,9023
2018-02-12 15:10,9136
2018-02-12 15:15,9136
2018-02-12 15:20,9225
2018-02-12 15:25,9501
2018-02-12 15:30,9647
2018-02-12 15:35,9647
2018-02-12 15:40,9876
2018-02-12 15:45,9997
2018-02-12 15:50,9997
2018-02-12 15:55,10160
2018-02-12 16:00,10160
2018-02-12 16:05,10205
2018-02-12 16:10,10418
2018-02-12 16:15,10525
2018-02-12 16:20,10525
2018-02-12 16:25,10539
2018-02-12 16:30,10628
2018-02-12 16:35,10750
2018-02-12 16:40,10801
2018-02-12 16:45,10826
2018-02-12 16:50,10880
2018-02-12 16:55,10976
2018-02-12 17:00,11079
2018-02-12 17:05,11108
2018-02-12 17:10,11180
2018-02-12 17:15,11258
2018-02-12 17:20,11367
2018-02-12 17:25,11478
2018-02-12 17:30,11589
2018-02-12 17:35,11651
2018-02-12 17:40,11803
2018-02-12 17:45,11968
2018-02-12 17:50,12063
2018-02-12 17:55,12165
2018-02-12 18:00,12246
2018-02-12 18:05,12400
2018-02-12 18:10,12542
2018-02-12 18:15,12580
2018-02-12 18:20,12638
2018-02-12 18:25,12727
2018-02-12 18:30,12820
2018-02-12 18:35,12908
2018-02-12 18:40,13004
2018-02-12 18:45,13122
2018-02-12 18:50,13216
2018-02-12 18:55,13303
2018-02-12 19:00,13326
2018-02-12 19:05,13461
2018-02-12 19:10,13441
2018-02-12 19:15,13542
2018-02-12 19:20,13583
2018-02-12 19:25,13624
2018-02-12 19:30,13653
2018-02-12 19:35,13657
2018-02-12 19:40,13711
2018-02-12 19:45,13706
2018-02-12 19:50,13888
2018-02-12 19:55,13871
2018-02-12 20:00,13909
2018-02-12 20:05,13824
2018-02-12 20:10,13685
2018-02-12 20:15,13732
2018-02-12 20:20,13707
2018-02-12 20:25,13741
2018-02-12 20:30,13727
2018-02-12 20:35,13497
2018-02-12 20:40,13566
2018-02-12 20:45,13588
2018-02-12 20:50,13576
2018-02-12 20:55,13518
2018-02-12 21:00,13528
2018-02-12 21:05,13458
2018-02-12 21:10,13417
2018-02-12 21:15,13379
2018-02-12 21:20,13325
2018-02-12 21:25,13251
2018-02-12 21:30,13242
2018-02-12 21:35,13144
2018-02-12 21:40,13092
2018-02-12 21:45,13015
2018-02-12 21:50,12972
2018-02-12 21:55,12952
2018-02-12 22:00,12870
2018-02-12 22:05,12734
2018-02-12 22:10,12557
2018-02-12 22:15,12493
2018-02-12 22:20,12409
2018-02-12 22:25,12269
2018-02-12 22:30,12167
2018-02-12 22:35,11998
2018-02-12 22:40,11865
2018-02-12 22:45,11789
2018-02-12 22:50,11688
2018-02-12 22:55,11655
2018-02-12 23:00,11625
2018-02-12 23:05,11551
2018-02-12 23:10,11452
2018-02-12 23:15,11366
2018-02-12 23:20,11349
2018-02-12 23:25,11261
2018-02-12 23:30,11212
2018-02-12 23:35,11152
2018-02-12 23:40,11026
2018-02-12 23:45,10898
2018-02-12 23:50,10871
2018-02-12 23:55,10875
2018-02-13 00:00,10826
2018-02-13 00:05,10738
2018-02-13 00:10,10664
2018-02-13 00:15,10616
2018-02-13 00:20,10582
2018-02-13 00:25,10502
2018-02-13 00:30,10456
2018-02-13 00:35,10384
2018-02-13 00:40,10340
2018-02-13 00:45,10309
2018-02-13 00:50,10337
2018-02-13 00:55,10358
2018-02-13 01:00,10377
2018-02-13 01:05,10315
2018-02-13 01:10,10268
2018-02-13 01:15,10263
2018-02-13 01:20,10197
2018-02-13 01:25,10134
2018-02-13 01:30,10125
2018-02-13 01:35,10156
2018-02-13 01:40,10137
2018-02-13 01:45,10089
2018-02-13 01:50,10133
2018-02-13 01:55,10132
2018-02-13 02:00,10139
2018-02-13 02:05,10104
2018-02-13 02:10,10046
2018-02-13 02:15,9977
2018-02-13 02:20,9993
2018-02-13 02:25,10000
2018-02-13 02:30,10010
2018-02-13 02:35,9960
2018-02-13 02:40,9910
2018-02-13 02:45,9875
2018-02-13 02:50,9789
2018-02-13 02:55,9788
2018-02-13 03:00,9715
2018-02-13 03:05,9628
2018-02-13 03:10,9562
2018-02-13 03:15,9513
2018-02-13 03:20,9451
2018-02-13 03:25,9362
2018-02-13 03:30,9239
2018-02-13 03:35,9204
2018-02-13 03:40,9143
2018-02-13 03:45,9080
2018-02-13 03:50,9016
2018-02-13 03:55,8898
2018-02-13 04:00,8773
2018-02-13 04:05,8607
2018-02-13 04:10,8442
2018-02-13 04:15,8317
2018-02-13 04:20,8188
2018-02-13 04:25,8132
2018-02-13 04:30,8020
2018-02-13 04:35,7911
2018-02-13 04:40,7834
2018-02-13 04:45,7764
2018-02-13 04:50,7655
2018-02-13 04:55,7571
2018-02-13 05:00,7464
2018-02-13 05:05,7342
2018-02-13 05:10,7232
2018-02-13 05:15,7071
2018-02-13 05:20,7012
2018-02-13 05:25,6909
2018-02-13 05:30,6785
2018-02-13 05:35,6667
2018-02-13 05:40,6574
2018-02-13 05:45,6511
2018-02-13 05:50,6420
2018-02-13 05:55,6315
2018-02-13 06:00,6165
2018-02-13 06:05,6043
2018-02-13 06:10,5956
2018-02-13 06:15,5832
2018-02-13 06:20,5714
2018-02-13 06:25,5636
2018-02-13 06:30,5536
2018-02-13 06:35,5420
2018-02-13 06:40,5361
2018-02-13 06:45,5318
2018-02-13 06:50,5220
2018-02-13 06:55,5168
2018-02-13 07:00,5090
2018-02-13 07:05,4984
2018-02-13 07:10,4892
2018-02-13 07:15,4810
2018-02-13 07:20,4746
2018-02-13 07:25,4756
2018-02-13 07:30,4657
2018-02-13 07:35,4554
2018-02-13 07:40,4500
2018-02-13 07:45,4419
2018-02-13 07:50,4348
2018-02-13 07:55,4315
2018-02-13 08:00,4272
2018-02-13 08:05,4267
2018-02-13 08:10,4241
2018-02-13 08:15,4204
2018-02-13 08:20,4121
2018-02-13 08:25,4105
2018-02-13 08:30,4067
2018-02-13 08:35,4045
2018-02-13 08:40,4053
2018-02-13 08:45,4020
2018-02-13 08:50,4038
2018-02-13 08:55,4027
2018-02-13 09:00,4007
2018-02-13 09:05,3961
2018-02-13 09:10,4027
2018-02-13 09:15,4078
2018-02-13 09:20,4126
2018-02-13 09:25,4156
2018-02-13 09:30,4193
2018-02-13 09:35,4243
2018-02-13 09:40,4282
2018-02-13 09:45,4311
2018-02-13 09:50,4377
2018-02-13 09:55,4388
2018-02-13 10:00,4428
2018-02-13 10:05,4455
2018-02-13 10:10,4493
2018-02-13 10:15,4559
2018-02-13 10:20,4579
2018-02-13 10:25,4647
2018-02-13 10:30,4676
2018-02-13 10:35,
2018-02-13 10:40,4755
2018-02-13 10:45,4795
2018-02-13 10:50,4834
2018-02-13 10:55,4891
2018-02-13 11:00,4927
2018-02-13 11:05,4986
2018-02-13 11:10,5047
2018-02-13 11:15,5080
2018-02-13 11:20,5144
2018-02-13 11:25,5256
2018-02-13 11:30,5281
2018-02-13 11:35,5357
2018-02-13 11:40,5398
2018-02-13 11:45,5499
2018-02-13 11:50,5643
2018-02-13 11:55,5719
2018-02-13 12:00,5810
2018-02-13 12:05,5879
2018-02-13 12:10,5978
2018-02-13 12:15,6063
2018-02-13 12:20,6111
2018-02-13 12:25,6187
2018-02-13 12:30,6286
2018-02-13 12:35,6354
2018-02-13 12:40,6430
2018-02-13 12:45,6472
2018-02-13 12:50,6560
2018-02-13 12:55,6683
2018-02-13 13:00,6774
2018-02-13 13:05,6875
2018-02-13 13:10,6953
2018-02-13 13:15,7032
2018-02-13 13:20,7112
2018-02-13 13:25,7156
2018-02-13 13:30,7248
2018-02-13 13:35,7292
2018-02-13 13:40,7271
2018-02-13 13:45,7308
2018-02-13 13:50,7325
2018-02-13 13:55,7407
2018-02-13 14:00,7519
2018-02-13 14:05,7605
2018-02-13 14:10,7548
2018-02-13 14:15,7613
2018-02-13 14:20,7657
2018-02-13 14:25,7558
2018-02-13 14:30,7507
2018-02-13 14:35,7448
2018-02-13 14:40,5992
2018-02-13 14:45,4815
2018-02-13 14:50,3782
2018-02-13 14:55,2909
2018-02-13 15:00,2450
2018-02-13 15:05,2259
2018-02-13 15:10,2102
2018-02-13 15:15,2087
2018-02-13 15:20,2086
2018-02-13 15:25,2139
2018-02-13 15:30,2202
2018-02-13 15:35,2280
2018-02-13 15:40,2300
2018-02-13 15:45,2397
2018-02-13 15:50,2441
2018-02-13 15:55,2451
2018-02-13 16:00,2518
2018-02-13 16:05,2616
2018-02-13 16:10,2628
2018-02-13 16:15,2644
2018-02-13 16:20,2711
2018-02-13 16:25,2735
2018-02-13 16:30,2781
2018-02-13 16:35,2841
2018-02-13 16:40,2921
2018-02-13 16:45,2915
2018-02-13 16:50,3013
2018-02-13 16:55,2996
2018-02-13 17:00,3046
2018-02-13 17:05,3016
2018-02-13 17:10,2794
2018-02-13 17:15,2627
2018-02-13 17:20,2564
2018-02-13 17:25,3304
2018-02-13 17:30,4671
2018-02-13 17:35,6008
2018-02-13 17:40,7290
2018-02-13 17:45,8367
2018-02-13 17:50,9263
2018-02-13 17:55,10201
2018-02-13 18:00,10932
2018-02-13 18:05,11630
2018-02-13 18:10,11660
2018-02-13 18:15,9751
2018-02-13 18:20,7891
2018-02-13 18:25,6272
2018-02-13 18:30,5111
2018-02-13 18:35,7238
2018-02-13 18:40,9034
2018-02-13 18:45,7400
2018-02-13 18:50,6563
2018-02-13 18:55,5896
2018-02-13 19:00,5305
2018-02-13 19:05,5147
2018-02-13 19:10,4914
2018-02-13 19:15,4851
2018-02-13 19:20,5040
2018-02-13 19:25,7756
2018-02-13 19:30,9358
2018-02-13 19:35,10855
2018-02-13 19:40,12164
2018-02-13 19:45,13329
2018-02-13 19:50,14257
2018-02-13 19:55,15079
2018-02-13 20:00,15679
2018-02-13 20:05,16195
2018-02-13 20:10,16529
2018-02-13 20:15,16881
2018-02-13 20:20,17013
2018-02-13 20:25,17243
2018-02-13 20:30,17459
2018-02-13 20:35,17541
2018-02-13 20:40,17718
2018-02-13 20:45,17798
2018-02-13 20:50,17602
2018-02-13 20:55,17601
2018-02-13 21:00,17627
2018-02-13 21:05,17582
2018-02-13 21:10,17545
2018-02-13 21:15,17545
2018-02-13 21:20,17490
2018-02-13 21:25,17405
2018-02-13 21:30,17112
2018-02-13 21:35,17011
2018-02-13 21:40,16838
2018-02-13 21:45,16790
2018-02-13 21:50,16732
2018-02-13 21:55,16686
2018-02-13 22:00,16498
2018-02-13 22:05,16363
2018-02-13 22:10,16242
2018-02-13 22:15,16053
2018-02-13 22:20,15868
2018-02-13 22:25,15691
2018-02-13 22:30,15412
2018-02-13 22:35,15256
2018-02-13 22:40,15037
2018-02-13 22:45,14865
2018-02-13 22:50,14708
2018-02-13 22:55,14637
2018-02-13 23:00,14495
2018-02-13 23:05,14272
2018-02-13 23:10,14116
2018-02-13 23:15,13932
2018-02-13 23:20,13844
2018-02-13 23:25,13729
2018-02-13 23:30,13627
2018-02-13 23:35,0
2018-02-13 23:40,12458
2018-02-13 23:45,13036
2018-02-13 23:50,13075
2018-02-13 23:55,12949
2018-02-14 00:00,12937
2018-02-14 00:05,12852
2018-02-14 00:10,12792
2018-02-14 00:15,12628
2018-02-14 00:20,12560
2018-02-14 00:25,12470
2018-02-14 00:30,12408
2018-02-14 00:35,12369
2018-02-14 00:40,12428
2018-02-14 00:45,12364
2018-02-14 00:50,12326
2018-02-14 00:55,12240
2018-02-14 01:00,12182
2018-02-14 01:05,12162
2018-02-14 01:10,12107
2018-02-14 01:15,12110
2018-02-14 01:20,12095
2018-02-14 01:25,12055
2018-02-14 01:30,12042
2018-02-14 01:35,11969
2018-02-14 01:40,11917
2018-02-14 01:45,11938
2018-02-14 01:50,11959
2018-02-14 01:55,11975
2018-02-14 02:00,11900
2018-02-14 02:05,11801
2018-02-14 02:10,11752
2018-02-14 02:15,11727
2018-02-14 02:20,11653
2018-02-14 02:25,11529
2018-02-14 02:30,11498
2018-02-14 02:35,11439
2018-02-14 02:40,11415
2018-02-14 02:45,11350
2018-02-14 02:50,11281
2018-02-14 02:55,11211
2018-02-14 03:00,11134
2018-02-14 03:05,11005
2018-02-14 03:10,10970
2018-02-14 03:15,10843
2018-02-14 03:20,10762
2018-02-14 03:25,10708
2018-02-14 03:30,10603
2018-02-14 03:35,10440
2018-02-14 03:40,10402
2018-02-14 03:45,10366
2018-02-14 03:50,10334
2018-02-14 03:55,10176
2018-02-14 04:00,10099
2018-02-14 04:05,9972
2018-02-14 04:10,9879
2018-02-14 04:15,9752
2018-02-14 04:20,9628
2018-02-14 04:25,9523
2018-02-14 04:30,9460
2018-02-14 04:35,9352
2018-02-14 04:40,9203
2018-02-14 04:45,9076
2018-02-14 04:50,8900
2018-02-14 04:55,8738
2018-02-14 05:00,8669
2018-02-14 05:05,8505
2018-02-14 05:10,8289
2018-02-14 05:15,8143
2018-02-14 05:20,8014
2018-02-14 05:25,7895
2018-02-14 05:30,7792
2018-02-14 05:35,7698
2018-02-14 05:40,7575
2018-02-14 05:45,7461
2018-02-14 05:50,7352
2018-02-14 05:55,7286
2018-02-14 06:00,7118
2018-02-14 06:05,6982
2018-02-14 06:10,6861
2018-02-14 06:15,6707
2018-02-14 06:20,6583
2018-02-14 06:25,6454
2018-02-14 06:30,6368
2018-02-14 06:35,6244
2018-02-14 06:40,6162
2018-02-14 06:45,6071
2018-02-14 06:50,5970
2018-02-14 06:55,5929
2018-02-14 07:00,5794
2018-02-14 07:05,5691
2018-02-14 07:10,5626
2018-02-14 07:15,5540
2018-02-14 07:20,5464
2018-02-14 07:25,5427
2018-02-14 07:30,5349
2018-02-14 07:35,5302
2018-02-14 07:40,5203
2018-02-14 07:45,5172
2018-02-14 07:50,5104
2018-02-14 07:55,5070
2018-02-14 08:00,5040
2018-02-14 08:05,4992
2018-02-14 08:10,4988
2018-02-14 08:15,4972
2018-02-14 08:20,4931
2018-02-14 08:25,4900
2018-02-14 08:30,4884
2018-02-14 08:35,4915
2018-02-14 08:40,4908
2018-02-14 08:45,4900
2018-02-14 08:50,4922
2018-02-14 08:55,4945
2018-02-14 09:00,4951
2018-02-14 09:05,4987
2018-02-14 09:10,5006
2018-02-14 09:15,5079
2018-02-14 09:20,5124
2018-02-14 09:25,5108
2018-02-14 09:30,5179
2018-02-14 09:35,5225
2018-02-14 09:40,5272
2018-02-14 09:45,5311
2018-02-14 09:50,5318
2018-02-14 09:55,5335
2018-02-14 10:00,5373
2018-02-14 10:05,5454
2018-02-14 10:10,5500
2018-02-14 10:15,5559
2018-02-14 10:20,5600
2018-02-14 10:25,5661
2018-02-14 10:30,5742
2018-02-14 10:35,5780
2018-02-14 10:40,5809
2018-02-14 10:45,5881
2018-02-14 10:50,5915
2018-02-14 10:55,5973
2018-02-14 11:00,6021
2018-02-14 11:05,6107
2018-02-14 11:10,6209
2018-02-14 11:15,6252
2018-02-14 11:20,6303
2018-02-14 11:25,6390
2018-02-14 11:30,6469
2018-02-14 11:35,6570
2018-02-14 11:40,6668
2018-02-14 11:45,6738
2018-02-14 11:50,6810
2018-02-14 11:55,6824
2018-02-14 12:00,6883
2018-02-14 12:05,6946
2018-02-14 12:10,7015
2018-02-14 12:15,7136
2018-02-14 12:20,7250
2018-02-14 12:25,7390
2018-02-14 12:30,7420
2018-02-14 12:35,7547
2018-02-14 12:40,7647
2018-02-14 12:45,7673
2018-02-14 12:50,7763
2018-02-14 12:55,7860
2018-02-14 13:00,7941
2018-02-14 13:05,7976
2018-02-14 13:10,8095
2018-02-14 13:15,8182
2018-02-14 13:20,8266
2018-02-14 13:25,8386
2018-02-14 13:30,8496
2018-02-14 13:35,8548
2018-02-14 13:40,8724
2018-02-14 13:45,8853
2018-02-14 13:50,8964
2018-02-14 13:55,9058
2018-02-14 14:00,9149
2018-02-14 14:05,9276
2018-02-14 14:10,9417
2018-02-14 14:15,9541
2018-02-14 14:20,9702
2018-02-14 14:25,9816
2018-02-14 14:30,9955
2018-02-14 14:35,10052
2018-02-14 14:40,10135
2018-02-14 14:45,10307
2018-02-14 14:50,10445
2018-02-14 14:55,10474
2018-02-14 15:00,10588
2018-02-14 15:05,10666
2018-02-14 15:10,10757
2018-02-14 15:15,10848
2018-02-14 15:20,10960
2018-02-14 15:25,11061
2018-02-14 15:30,11107
2018-02-14 15:35,11129
2018-02-14 15:40,11321
2018-02-14 15:45,11398
2018-02-14 15:50,11554
2018-02-14 15:55,11564
2018-02-14 16:00,11645
2018-02-14 16:05,11678
2018-02-14 16:10,11798
2018-02-14 16:15,11871
2018-02-14 16:20,11915
2018-02-14 16:25,11939
2018-02-14 16:30,11988
2018-02-14 16:35,12009
2018-02-14 16:40,12143
2018-02-14 16:45,12257
2018-02-14 16:50,12401
2018-02-14 16:55,12435
2018-02-14 17:00,12543
2018-02-14 17:05,12569
2018-02-14 17:10,12629
2018-02-14 17:15,12559
2018-02-14 17:20,12673
2018-02-14 17:25,12793
2018-02-14 17:30,12896
2018-02-14 17:35,12998
2018-02-14 17:40,13091
2018-02-14 17:45,13187
2018-02-14 17:50,13237
2018-02-14 17:55,13339
2018-02-14 18:00,13459
2018-02-14 18:05,13497
2018-02-14 18:10,13553
2018-02-14 18:15,13645
2018-02-14 18:20,13682
2018-02-14 18:25,13699
2018-02-14 18:30,13656
2018-02-14 18:35,13724
2018-02-14 18:40,13749
2018-02-14 18:45,13798
2018-02-14 18:50,13737
2018-02-14 18:55,13698
2018-02-14 19:00,13672
2018-02-14 19:05,13681
2018-02-14 19:10,13745
2018-02-14 19:15,13859
2018-02-14 19:20,13902
2018-02-14 19:25,13910
2018-02-14 19:30,13978
2018-02-14 19:35,13917
2018-02-14 19:40,13898
2018-02-14 19:45,13817
2018-02-14 19:50,13810
2018-02-14 19:55,13810
2018-02-14 20:00,13832
2018-02-14 20:05,13758
2018-02-14 20:10,13750
2018-02-14 20:15,13704
2018-02-14 20:20,13746
2018-02-14 20:25,13760
2018-02-14 20:30,13787
2018-02-14 20:35,13773
2018-02-14 20:40,13827
2018-02-14 20:45,13771
2018-02-14 20:50,13772
2018-02-14 20:55,13773
2018-02-14 21:00,13689
2018-02-14 21:05,13565
2018-02-14 21:10,13454
2018-02-14 21:15,13379
2018-02-14 21:20,13311
2018-02-14 21:25,13201
2018-02-14 21:30,13117
2018-02-14 21:35,12951
2018-02-14 21:40,13017
2018-02-14 21:45,13062
2018-02-14 21:50,13047
2018-02-14 21:55,13055
2018-02-14 22:00,13043
2018-02-14 22:05,12994
2018-02-14 22:10,12878
2018-02-14 22:15,12835
2018-02-14 22:20,12823
2018-02-14 22:25,12708
2018-02-14 22:30,12597
2018-02-14 22:35,12480
2018-02-14 22:40,12486
2018-02-14 22:45,12461
2018-02-14 22:50,12461
2018-02-14 22:55,12213
2018-02-14 23:00,
2018-02-14 23:05,
2018-02-14 23:10,
2018-02-14 23:15,
2018-02-14 23:20,
2018-02-14 23:25,
2018-02-14 23:30,
2018-02-14 23:35,
2018-02-14 23:40,
2018-02-14 23:45,
2018-02-14 23:50,
2018-02-14 23:55,
2018-02-15 00:00,
2018-02-15 00:05,
2018-02-15 00:10,
2018-02-15 00:15,
2018-02-15 00:20,11018
2018-02-15 00:25,10897
2018-02-15 00:30,10887
2018-02-15 00:35,10820
2018-02-15 00:40,10817
2018-02-15 00:45,10702
2018-02-15 00:50,10705
2018-02-15 00:55,10626
2018-02-15 01:00,10635
2018-02-15 01:05,10586
2018-02-15 01:10,10571
2018-02-15 01:15,10548
2018-02-15 01:20,10583
2018-02-15 01:25,10592
2018-02-15 01:30,10575
2018-02-15 01:35,10596
2018-02-15 01:40,10537
2018-02-15 01:45,10552
2018-02-15 01:50,10504
2018-02-15 01:55,10461
2018-02-15 02:00,10440
2018-02-15 02:05,10384
2018-02-15 02:10,10333
2018-02-15 02:15,10314
2018-02-15 02:20,10252
2018-02-15 02:25,10186
2018-02-15 02:30,10114
2018-02-15 02:35,10073
2018-02-15 02:40,10046
2018-02-15 02:45,9984
2018-02-15 02:50,9939
2018-02-15 02:55,9886
2018-02-15 03:00,9819
2018-02-15 03:05,9718
2018-02-15 03:10,9638
2018-02-15 03:15,9561
2018-02-15 03:20,9423
2018-02-15 03:25,9360
2018-02-15 03:30,9295
2018-02-15 03:35,9257
2018-02-15 03:40,9183
2018-02-15 03:45,9134
2018-02-15 03:50,9033
2018-02-15 03:55,8944
2018-02-15 04:00,8864
2018-02-15 04:05,8783
2018-02-15 04:10,8680
2018-02-15 04:15,8589
2018-02-15 04:20,8487
2018-02-15 04:25,8374
2018-02-15 04:30,8241
2018-02-15 04:35,8136
2018-02-15 04:40,7986
2018-02-15 04:45,7851
2018-02-15 04:50,7778
2018-02-15 04:55,7686
2018-02-15 05:00,7578
2018-02-15 05:05,7449
2018-02-15 05:10,7311
2018-02-15 05:15,7208
2018-02-15 05:20,7090
2018-02-15 05:25,6961
2018-02-15 05:30,6787
2018-02-15 05:35,6708
2018-02-15 05:40,6639
2018-02-15 05:45,6567
2018-02-15 05:50,6435
2018-02-15 05:55,6330
2018-02-15 06:00,6223
2018-02-15 06:05,6131
2018-02-15 06:10,6033
2018-02-15 06:15,5956
2018-02-15 06:20,5832
2018-02-15 06:25,5782
2018-02-15 06:30,5716
2018-02-15 06:35,5633
2018-02-15 06:40,5570
2018-02-15 06:45,5550
2018-02-15 06:50,5513
2018-02-15 06:55,5411
2018-02-15 07:00,5356
2018-02-15 07:05,5293
2018-02-15 07:10,5226
2018-02-15 07:15,5140
2018-02-15 07:20,5104
2018-02-15 07:25,4999
2018-02-15 07:30,4890
2018-02-15 07:35,4895
2018-02-15 07:40,4853
2018-02-15 07:45,4831
2018-02-15 07:50,4772
2018-02-15 07:55,4710
2018-02-15 08:00,4685
2018-02-15 08:05,4643
2018-02-15 08:10,4634
2018-02-15 08:15,4598
2018-02-15 08:20,4493
2018-02-15 08:25,4532
2018-02-15 08:30,4519
2018-02-15 08:35,4477
2018-02-15 08:40,4458
2018-02-15 08:45,4451
2018-02-15 08:50,4455
2018-02-15 08:55,4432
2018-02-15 09:00,4410
2018-02-15 09:05,4432
2018-02-15 09:10,4493
2018-02-15 09:15,4514
2018-02-15 09:20,4562
2018-02-15 09:25,4594
2018-02-15 09:30,4672
2018-02-15 09:35,4667
2018-02-15 09:40,4707
2018-02-15 09:45,4758
2018-02-15 09:50,4790
2018-02-15 09:55,4881
2018-02-15 10:00,4894
2018-02-15 10:05,4917
2018-02-15 10:10,4988
2018-02-15 10:15,5039
2018-02-15 10:20,5094
2018-02-15 10:25,5159
2018-02-15 10:30,5183
2018-02-15 10:35,5231
2018-02-15 10:40,5298
2018-02-15 10:45,5352
2018-02-15 10:50,5396
2018-02-15 10:55,5476
2018-02-15 11:00,5523
2018-02-15 11:05,5521
2018-02-15 11:10,5524
2018-02-15 11:15,5653
2018-02-15 11:20,5679
2018-02-15 11:25,5718
2018-02-15 11:30,5764
2018-02-15 11:35,5866
2018-02-15 11:40,5912
2018-02-15 11:45,5978
2018-02-15 11:50,6052
2018-02-15 11:55,6114
2018-02-15 12:00,6170
2018-02-15 12:05,6230
2018-02-15 12:10,6277
2018-02-15 12:15,6388
2018-02-15 12:20,6457
2018-02-15 12:25,6542
2018-02-15 12:30,6653
2018-02-15 12:35,6731
2018-02-15 12:40,6813
2018-02-15 12:45,6886
2018-02-15 12:50,7001
2018-02-15 12:55,7116
2018-02-15 13:00,7239
2018-02-15 13:05,7315
2018-02-15 13:10,7405
2018-02-15 13:15,7546
2018-02-15 13:20,7643
2018-02-15 13:25,7699
2018-02-15 13:30,7783
2018-02-15 13:35,7764
2018-02-15 13:40,7804
2018-02-15 13:45,7897
2018-02-15 13:50,7974
2018-02-15 13:55,8036
2018-02-15 14:00,8107
2018-02-15 14:05,8106
2018-02-15 14:10,8145
2018-02-15 14:15,8176
2018-02-15 14:20,8097
2018-02-15 14:25,8078
2018-02-15 14:30,8071
2018-02-15 14:35,7340
2018-02-15 14:40,5900
2018-02-15 14:45,4702
2018-02-15 14:50,3450
2018-02-15 14:55,2702
2018-02-15 15:00,2496
2018-02-15 15:05,2182
2018-02-15 15:10,2107
2018-02-15 15:15,2118
2018-02-15 15:20,2112
2018-02-15 15:25,2142
2018-02-15 15:30,2208
2018-02-15 15:35,2204
2018-02-15 15:40,2224
2018-02-15 15:45,2283
2018-02-15 15:50,2358
2018-02-15 15:55,2332
2018-02-15 16:00,2373
2018-02-15 16:05,2425
2018-02-15 16:10,2412
2018-02-15 16:15,2322
2018-02-15 16:20,2247
2018-02-15 16:25,2254
2018-02-15 16:30,2853
2018-02-15 16:35,4299
2018-02-15 16:40,5440
2018-02-15 16:45,6520
2018-02-15 16:50,7453
2018-02-15 16:55,8290
2018-02-15 17:00,8769
2018-02-15 17:05,9538
2018-02-15 17:10,10197
2018-02-15 17:15,10801
2018-02-15 17:20,11229
2018-02-15 17:25,11599
2018-02-15 17:30,11968
2018-02-15 17:35,12374
2018-02-15 17:40,12677
2018-02-15 17:45,12935
2018-02-15 17:50,13193
2018-02-15 17:55,13436
2018-02-15 18:00,13599
2018-02-15 18:05,13766
2018-02-15 18:10,13913
2018-02-15 18:15,13965
2018-02-15 18:20,14045
2018-02-15 18:25,14221
2018-02-15 18:30,14305
2018-02-15 18:35,14297
2018-02-15 18:40,14389
2018-02-15 18:45,14442
2018-02-15 18:50,14442
2018-02-15 18:55,14492
2018-02-15 19:00,14523
2018-02-15 19:05,14545
2018-02-15 19:10,14563
2018-02-15 19:15,14525
2018-02-15 19:20,14541
2018-02-15 19:25,14606
2018-02-15 19:30,14542
2018-02-15 19:35,14562
2018-02-15 19:40,14575
2018-02-15 19:45,14562
2018-02-15 19:50,14588
2018-02-15 19:55,14640
2018-02-15 20:00,14635
2018-02-15 20:05,14621
2018-02-15 20:10,14659
2018-02-15 20:15,14695
2018-02-15 20:20,14753
2018-02-15 20:25,14755
2018-02-15 20:30,14810
2018-02-15 20:35,14752
2018-02-15 20:40,14734
2018-02-15 20:45,14730
2018-02-15 20:50,14617
2018-02-15 20:55,14622
2018-02-15 21:00,14554
2018-02-15 21:05,14502
2018-02-15 21:10,14427
2018-02-15 21:15,14285
2018-02-15 21:20,14226
2018-02-15 21:25,14207
2018-02-15 21:30,14120
2018-02-15 21:35,14039
2018-02-15 21:40,14009
2018-02-15 21:45,13921
2018-02-15 21:50,13869
2018-02-15 21:55,13779
2018-02-15 22:00,13680
2018-02-15 22:05,13587
2018-02-15 22:10,13487
2018-02-15 22:15,13385
2018-02-15 22:20,13269
2018-02-15 22:25,13242
2018-02-15 22:30,13177
2018-02-15 22:35,13057
2018-02-15 22:40,13026
2018-02-15 22:45,12924
2018-02-15 22:50,12809
2018-02-15 22:55,12672
2018-02-15 23:00,12566
2018-02-15 23:05,12430
2018-02-15 23:10,12316
2018-02-15 23:15,12227
2018-02-15 23:20,12123
2018-02-15 23:25,12074
2018-02-15 23:30,11996
2018-02-15 23:35,11953
2018-02-15 23:40,11893
2018-02-15 23:45,11817
2018-02-15 23:50,11729
2018-02-15 23:55,11610
2018-02-16 00:00,11584
2018-02-16 00:05,11547
2018-02-16 00:10,11522
2018-02-16 00:15,11483
2018-02-16 00:20,11415
2018-02-16 00:25,11392
2018-02-16 00:30,11341
2018-02-16 00:35,11249
2018-02-16 00:40,11194
2018-02-16 00:45,11201
2018-02-16 00:50,11168
2018-02-16 00:55,11166
2018-02-16 01:00,11120
2018-02-16 01:05,11125
2018-02-16 01:10,11195
2018-02-16 01:15,11116
2018-02-16 01:20,11091
2018-02-16 01:25,11081
2018-02-16 01:30,11034
2018-02-16 01:35,11039
2018-02-16 01:40,11060
2018-02-16 01:45,11005
2018-02-16 01:50,11013
2018-02-16 01:55,10990
2018-02-16 02:00,10935
2018-02-16 02:05,10856
2018-02-16 02:10,10797
2018-02-16 02:15,10724
2018-02-16 02:20,10653
2018-02-16 02:25,10588
2018-02-16 02:30,10579
2018-02-16 02:35,10490
2018-02-16 02:40,10411
2018-02-16 02:45,10337
2018-02-16 02:50,10273
2018-02-16 02:55,10234
2018-02-16 03:00,10154
2018-02-16 03:05,10102
2018-02-16 03:10,10023
2018-02-16 03:15,9945
2018-02-16 03:20,9852
2018-02-16 03:25,9744
2018-02-16 03:30,9727
2018-02-16 03:35,9651
2018-02-16 03:40,9576
2018-02-16 03:45,9511
2018-02-16 03:50,9405
2018-02-16 03:55,9291
2018-02-16 04:00,9158
2018-02-16 04:05,8989
2018-02-16 04:10,8895
2018-02-16 04:15,8789
2018-02-16 04:20,8667
2018-02-16 04:25,8615
2018-02-16 04:30,8545
2018-02-16 04:35,8468
2018-02-16 04:40,8356
2018-02-16 04:45,8282
2018-02-16 04:50,8175
2018-02-16 04:55,8047
2018-02-16 05:00,7943
2018-02-16 05:05,7832
2018-02-16 05:10,7697
2018-02-16 05:15,7585
2018-02-16 05:20,7464
2018-02-16 05:25,7386
2018-02-16 05:30,7283
2018-02-16 05:35,7199
2018-02-16 05:40,7104
2018-02-16 05:45,6995
2018-02-16 05:50,6861
2018-02-16 05:55,6779
2018-02-16 06:00,6708
2018-02-16 06:05,6579
2018-02-16 06:10,6496
2018-02-16 06:15,6432
2018-02-16 06:20,6309
2018-02-16 06:25,6162
2018-02-16 06:30,6020
2018-02-16 06:35,5921
2018-02-16 06:40,5826
2018-02-16 06:45,5780
2018-02-16 06:50,5676
2018-02-16 06:55,5628
2018-02-16 07:00,5522
2018-02-16 07:05,5471
2018-02-16 07:10,5406
2018-02-16 07:15,5286
2018-02-16 07:20,5250
2018-02-16 07:25,5198
2018-02-16 07:30,5164
2018-02-16 07:35,5120
2018-02-16 07:40,5082
2018-02-16 07:45,5077
2018-02-16 07:50,5039
2018-02-16 07:55,5007
2018-02-16 08:00,4953
2018-02-16 08:05,4875
2018-02-16 08:10,4849
2018-02-16 08:15,4771
2018-02-16 08:20,4782
2018-02-16 08:25,4798
2018-02-16 08:30,4762
2018-02-16 08:35,4772
2018-02-16 08:40,4744
2018-02-16 08:45,4730
2018-02-16 08:50,4740
2018-02-16 08:55,4709
2018-02-16 09:00,4747
2018-02-16 09:05,4758
2018-02-16 09:10,4801
2018-02-16 09:15,4794
2018-02-16 09:20,4823
2018-02-16 09:25,4869
2018-02-16 09:30,4923
2018-02-16 09:35,4928
2018-02-16 09:40,4971
2018-02-16 09:45,4987
2018-02-16 09:50,5034
2018-02-16 09:55,5072
2018-02-16 10:00,5095
2018-02-16 10:05,5148
2018-02-16 10:10,5222
2018-02-16 10:15,5276
2018-02-16 10:20,5284
2018-02-16 10:25,5254
2018-02-16 10:30,5253
2018-02-16 10:35,5302
2018-02-16 10:40,5308
2018-02-16 10:45,5301
2018-02-16 10:50,5324
2018-02-16 10:55,5391
2018-02-16 11:00,5434
2018-02-16 11:05,5489
2018-02-16 11:10,5544
2018-02-16 11:15,5571
2018-02-16 11:20,5597
2018-02-16 11:25,5673
2018-02-16 11:30,5702
2018-02-16 11:35,5747
2018-02-16 11:40,5792
2018-02-16 11:45,5989
2018-02-16 11:50,6132
2018-02-16 11:55,6346
2018-02-16 12:00,6513
2018-02-16 12:05,6648
2018-02-16 12:10,6799
2018-02-16 12:15,6911
2018-02-16 12:20,6966
2018-02-16 12:25,7081
2018-02-16 12:30,7141
2018-02-16 12:35,7227
2018-02-16 12:40,7345
2018-02-16 12:45,7440
2018-02-16 12:50,7509
2018-02-16 12:55,7590
2018-02-16 13:00,7637
2018-02-16 13:05,7687
2018-02-16 13:10,7846
2018-02-16 13:15,8035
2018-02-16 13:20,8173
2018-02-16 13:25,8367
2018-02-16 13:30,8542
2018-02-16 13:35,8671
2018-02-16 13:40,8773
2018-02-16 13:45,8909
2018-02-16 13:50,9067
2018-02-16 13:55,9199
2018-02-16 14:00,9318
2018-02-16 14:05,9403
2018-02-16 14:10,9546
2018-02-16 14:15,9785
2018-02-16 14:20,9909
2018-02-16 14:25,10008
2018-02-16 14:30,10156
2018-02-16 14:35,10299
2018-02-16 14:40,10433
2018-02-16 14:45,10569
2018-02-16 14:50,10660
2018-02-16 14:55,10789
2018-02-16 15:00,10820
2018-02-16 15:05,10921
2018-02-16 15:10,11022
2018-02-16 15:15,11201
2018-02-16 15:20,11322
2018-02-16 15:25,11441
2018-02-16 15:30,11522
2018-02-16 15:35,11591
2018-02-16 15:40,11757
2018-02-16 15:45,11764
2018-02-16 15:50,0
2018-02-16 15:55,11938
2018-02-16 16:00,11998
2018-02-16 16:05,12045
2018-02-16 16:10,12140
2018-02-16 16:15,12227
2018-02-16 16:20,12361
2018-02-16 16:25,12481
2018-02-16 16:30,12580
2018-02-16 16:35,12674
2018-02-16 16:40,12777
2018-02-16 16:45,12884
2018-02-16 16:50,12996
2018-02-16 16:55,13081
2018-02-16 17:00,13231
2018-02-16 17:05,13298
2018-02-16 17:10,13364
2018-02-16 17:15,13379
2018-02-16 17:20,13465
2018-02-16 17:25,13522
2018-02-16 17:30,13587
2018-02-16 17:35,13645
2018-02-16 17:40,13752
2018-02-16 17:45,13804
2018-02-16 17:50,13851
2018-02-16 17:55,13887
2018-02-16 18:00,13953
2018-02-16 18:05,14028
2018-02-16 18:10,14125
2018-02-16 18:15,14198
2018-02-16 18:20,14295
2018-02-16 18:25,14402
2018-02-16 18:30,14455
2018-02-16 18:35,14491
2018-02-16 18:40,14578
2018-02-16 18:45,14570
2018-02-16 18:50,14654
2018-02-16 18:55,14735
2018-02-16 19:00,14751
2018-02-16 19:05,14787
2018-02-16 19:10,14868
2018-02-16 19:15,14977
2018-02-16 19:20,15024
2018-02-16 19:25,15183
2018-02-16 19:30,15214
2018-02-16 19:35,15292
2018-02-16 19:40,15371
2018-02-16 19:45,15430
2018-02-16 19:50,15462
2018-02-16 19:55,15554
2018-02-16 20:00,15572
2018-02-16 20:05,15594
2018-02-16 20:10,15611
2018-02-16 20:15,15694
2018-02-16 20:20,15688
2018-02-16 20:25,15761
2018-02-16 20:30,15792
2018-02-16 20:35,15904
2018-02-16 20:40,15911
2018-02-16 20:45,15965
2018-02-16 20:50,16120
2018-02-16 20:55,16138
2018-02-16 21:00,16166
2018-02-16 21:05,16161
2018-02-16 21:10,16099
2018-02-16 21:15,16196
2018-02-16 21:20,16180
2018-02-16 21:25,16207
2018-02-16 21:30,16201
2018-02-16 21:35,16200
2018-02-16 21:40,16230
2018-02-16 21:45,16188
2018-02-16 21:50,16167
2018-02-16 21:55,16088
2018-02-16 22:00,16028
2018-02-16 22:05,15891
2018-02-16 22:10,15802
2018-02-16 22:15,15683
2018-02-16 22:20,15582
2018-02-16 22:25,15434
2018-02-16 22:30,15346
2018-02-16 22:35,15295
2018-02-16 22:40,15207
2018-02-16 22:45,15109
2018-02-16 22:50,14980
2018-02-16 22:55,14923
2018-02-16 23:00,14848
2018-02-16 23:05,14631
2018-02-16 23:10,14449
2018-02-16 23:15,14355
2018-02-16 23:20,14233
2018-02-16 23:25,14159
2018-02-16 23:30,14021
2018-02-16 23:35,13951
2018-02-16 23:40,13801
2018-02-16 23:45,13747
2018-02-16 23:50,13627
2018-02-16 23:55,13545
2018-02-17 00:00,13396
2018-02-17 00:05,13289
2018-02-17 00:10,13214
2018-02-17 00:15,13178
2018-02-17 00:20,13092
2018-02-17 00:25,13017
2018-02-17 00:30,12902
2018-02-17 00:35,12839
2018-02-17 00:40,12791
2018-02-17 00:45,12779
2018-02-17 00:50,12719
2018-02-17 00:55,12706
2018-02-17 01:00,12593
2018-02-17 01:05,12534
2018-02-17 01:10,12533
2018-02-17 01:15,12449
2018-02-17 01:20,12424
2018-02-17 01:25,12373
2018-02-17 01:30,12355
2018-02-17 01:35,12291
2018-02-17 01:40,12229
2018-02-17 01:45,12114
2018-02-17 01:50,12099
2018-02-17 01:55,12055
2018-02-17 02:00,11945
2018-02-17 02:05,11916
2018-02-17 02:10,11928
2018-02-17 02:15,11923
2018-02-17 02:20,11865
2018-02-17 02:25,11798
2018-02-17 02:30,11791
2018-02-17 02:35,11743
2018-02-17 02:40,11648
2018-02-17 02:45,11642
2018-02-17 02:50,11594
2018-02-17 02:55,11561
2018-02-17 03:00,11475
2018-02-17 03:05,11404
2018-02-17 03:10,11455
2018-02-17 03:15,11386
2018-02-17 03:20,11401
2018-02-17 03:25,11377
2018-02-17 03:30,11287
2018-02-17 03:35,11206
2018-02-17 03:40,11094
2018-02-17 03:45,10998
2018-02-17 03:50,10948
2018-02-17 03:55,10856
2018-02-17 04:00,10774
2018-02-17 04:05,10687
2018-02-17 04:10,10630
2018-02-17 04:15,10590
2018-02-17 04:20,10503
2018-02-17 04:25,10479
2018-02-17 04:30,10383
2018-02-17 04:35,10321
2018-02-17 04:40,10248
2018-02-17 04:45,10176
2018-02-17 04:50,10153
2018-02-17 04:55,10049
2018-02-17 05:00,9933
2018-02-17 05:05,9865
2018-02-17 05:10,9738
2018-02-17 05:15,9624
2018-02-17 05:20,9511
2018-02-17 05:25,9415
2018-02-17 05:30,9235
2018-02-17 05:35,9126
2018-02-17 05:40,9013
2018-02-17 05:45,8846
2018-02-17 05:50,8739
2018-02-17 05:55,8626
2018-02-17 06:00,8521
2018-02-17 06:05,8433
2018-02-17 06:10,8286
2018-02-17 06:15,8154
2018-02-17 06:20,8043
2018-02-17 06:25,7979
2018-02-17 06:30,7814
2018-02-17 06:35,7751
2018-02-17 06:40,7653
2018-02-17 06:45,7581
2018-02-17 06:50,7465
2018-02-17 06:55,7417
2018-02-17 07:00,7324
2018-02-17 07:05,7240
2018-02-17 07:10,7189
2018-02-17 07:15,7130
2018-02-17 07:20,7067
2018-02-17 07:25,7040
2018-02-17 07:30,6999
2018-02-17 07:35,6942
2018-02-17 07:40,6886
2018-02-17 07:45,6839
2018-02-17 07:50,6848
2018-02-17 07:55,6789
2018-02-17 08:00,6718
2018-02-17 08:05,6651
2018-02-17 08:10,6610
2018-02-17 08:15,6586
2018-02-17 08:20,6536
2018-02-17 08:25,6496
2018-02-17 08:30,6505
2018-02-17 08:35,6496
2018-02-17 08:40,6471
2018-02-17 08:45,6477
2018-02-17 08:50,6463
2018-02-17 08:55,6433
2018-02-17 09:00,6414
2018-02-17 09:05,6508
2018-02-17 09:10,6516
2018-02-17 09:15,6546
2018-02-17 09:20,6572
2018-02-17 09:25,6616
2018-02-17 09:30,6661
2018-02-17 09:35,6774
2018-02-17 09:40,6855
2018-02-17 09:45,6899
2018-02-17 09:50,6948
2018-02-17 09:55,7021
2018-02-17 10:00,7126
2018-02-17 10:05,7169
2018-02-17 10:10,7280
2018-02-17 10:15,7380
2018-02-17 10:20,7462
2018-02-17 10:25,7538
2018-02-17 10:30,7589
2018-02-17 10:35,7679
2018-02-17 10:40,7793
2018-02-17 10:45,7866
2018-02-17 10:50,7901
2018-02-17 10:55,8010
2018-02-17 11:00,8052
2018-02-17 11:05,8148
2018-02-17 11:10,8178
2018-02-17 11:15,8301
2018-02-17 11:20,8361
2018-02-17 11:25,8455
2018-02-17 11:30,8569
2018-02-17 11:35,8643
2018-02-17 11:40,8797
2018-02-17 11:45,8867
2018-02-17 11:50,8996
2018-02-17 11:55,9114
2018-02-17 12:00,9190
2018-02-17 12:05,9285
2018-02-17 12:10,9382
2018-02-17 12:15,9498
2018-02-17 12:20,9604
2018-02-17 12:25,9698
2018-02-17 12:30,9758
2018-02-17 12:35,9819
2018-02-17 12:40,9927
2018-02-17 12:45,9984
2018-02-17 12:50,10171
2018-02-17 12:55,10269
2018-02-17 13:00,10307
2018-02-17 13:05,10367
2018-02-17 13:10,10403
2018-02-17 13:15,10469
2018-02-17 13:20,10577
2018-02-17 13:25,10640
2018-02-17 13:30,10726
2018-02-17 13:35,10791
2018-02-17 13:40,10880
2018-02-17 13:45,11030
2018-02-17 13:50,11143
2018-02-17 13:55,11261
2018-02-17 14:00,11347
2018-02-17 14:05,11499
2018-02-17 14:10,11575
2018-02-17 14:15,11659
2018-02-17 14:20,11781
2018-02-17 14:25,11922
2018-02-17 14:30,12058
2018-02-17 14:35,12215
2018-02-17 14:40,12315
2018-02-17 14:45,12402
2018-02-17 14:50,12610
2018-02-17 14:55,12724
2018-02-17 15:00,12870
2018-02-17 15:05,12988
2018-02-17 15:10,12996
2018-02-17 15:15,13113
2018-02-17 15:20,13158
2018-02-17 15:25,13314
2018-02-17 15:30,13400
2018-02-17 15:35,13497
2018-02-17 15:40,13565
2018-02-17 15:45,13688
2018-02-17 15:50,13790
2018-02-17 15:55,13942
2018-02-17 16:00,13980
2018-02-17 16:05,14028
2018-02-17 16:10,14093
2018-02-17 16:15,14158
2018-02-17 16:20,14214
2018-02-17 16:25,14287
2018-02-17 16:30,14425
2018-02-17 16:35,14531
2018-02-17 16:40,14669
2018-02-17 16:45,14696
2018-02-17 16:50,14752
2018-02-17 16:55,14855
2018-02-17 17:00,14894
2018-02-17 17:05,14960
2018-02-17 17:10,15002
2018-02-17 17:15,15047
2018-02-17 17:20,15053
2018-02-17 17:25,15167
2018-02-17 17:30,15263
2018-02-17 17:35,15349
2018-02-17 17:40,0
2018-02-17 17:45,15384
2018-02-17 17:50,15463
2018-02-17 17:55,15492
2018-02-17 18:00,15543
2018-02-17 18:05,15564
2018-02-17 18:10,15570
2018-02-17 18:15,15624
2018-02-17 18:20,15646
2018-02-17 18:25,15679
2018-02-17 18:30,15740
2018-02-17 18:35,15847
2018-02-17 18:40,15920
2018-02-17 18:45,16014
2018-02-17 18:50,16035
2018-02-17 18:55,16032
2018-02-17 19:00,16191
2018-02-17 19:05,16247
2018-02-17 19:10,16348
2018-02-17 19:15,16380
2018-02-17 19:20,16466
2018-02-17 19:25,16597
2018-02-17 19:30,16724
2018-02-17 19:35,16809
2018-02-17 19:40,16819
2018-02-17 19:45,16897
2018-02-17 19:50,16941
2018-02-17 19:55,16945
2018-02-17 20:00,16950
2018-02-17 20:05,16980
2018-02-17 20:10,17043
2018-02-17 20:15,17090
2018-02-17 20:20,17096
2018-02-17 20:25,17162
2018-02-17 20:30,17167
2018-02-17 20:35,17221
2018-02-17 20:40,17290
2018-02-17 20:45,17302
2018-02-17 20:50,17359
2018-02-17 20:55,17336
2018-02-17 21:00,17250
2018-02-17 21:05,17258
2018-02-17 21:10,17251
2018-02-17 21:15,17283
2018-02-17 21:20,17219
2018-02-17 21:25,17192
2018-02-17 21:30,17163
2018-02-17 21:35,17154
2018-02-17 21:40,17217
2018-02-17 21:45,17058
2018-02-17 21:50,16946
2018-02-17 21:55,16797
2018-02-17 22:00,16671
2018-02-17 22:05,16621
2018-02-17 22:10,16542
2018-02-17 22:15,16449
2018-02-17 22:20,16375
2018-02-17 22:25,16231
2018-02-17 22:30,16106
2018-02-17 22:35,16069
2018-02-17 22:40,15880
2018-02-17 22:45,15801
2018-02-17 22:50,15621
2018-02-17 22:55,15554
2018-02-17 23:00,15392
2018-02-17 23:05,15197
2018-02-17 23:10,15073
2018-02-17 23:15,14938
2018-02-17 23:20,14786
2018-02-17 23:25,14669
2018-02-17 23:30,14558
2018-02-17 23:35,14415
2018-02-17 23:40,14321
2018-02-17 23:45,14210
2018-02-17 23:50,14046
2018-02-17 23:55,13906
2018-02-18 00:00,13759
2018-02-18 00:05,13651
2018-02-18 00:10,13577
2018-02-18 00:15,13444
2018-02-18 00:20,13407
2018-02-18 00:25,13275
2018-02-18 00:30,13176
2018-02-18 00:35,13070
2018-02-18 00:40,12979
2018-02-18 00:45,12842
2018-02-18 00:50,12727
2018-02-18 00:55,12709
2018-02-18 01:00,12673
2018-02-18 01:05,12589
2018-02-18 01:10,12525
2018-02-18 01:15,12400
2018-02-18 01:20,12352
2018-02-18 01:25,12285
2018-02-18 01:30,12226
2018-02-18 01:35,12220
2018-02-18 01:40,12196
2018-02-18 01:45,12142
2018-02-18 01:50,12116
2018-02-18 01:55,12038
2018-02-18 02:00,11965
2018-02-18 02:05,11874
2018-02-18 02:10,11839
2018-02-18 02:15,11841
2018-02-18 02:20,11763
2018-02-18 02:25,11696
2018-02-18 02:30,11681
2018-02-18 02:35,11646
2018-02-18 02:40,11634
2018-02-18 02:45,11565
2018-02-18 02:50,11499
2018-02-18 02:55,11456
2018-02-18 03:00,11427
2018-02-18 03:05,11411
2018-02-18 03:10,11432
2018-02-18 03:15,11397
2018-02-18 03:20,11331
2018-02-18 03:25,11314
2018-02-18 03:30,11273
2018-02-18 03:35,11309
2018-02-18 03:40,11299
2018-02-18 03:45,11304
2018-02-18 03:50,11230
2018-02-18 03:55,11173
2018-02-18 04:00,11067
2018-02-18 04:05,11036
2018-02-18 04:10,10879
2018-02-18 04:15,10822
2018-02-18 04:20,10809
2018-02-18 04:25,10750
2018-02-18 04:30,10707
2018-02-18 04:35,10605
2018-02-18 04:40,10539
2018-02-18 04:45,10427
2018-02-18 04:50,10386
2018-02-18 04:55,10299
2018-02-18 05:00,10192
2018-02-18 05:05,10074
2018-02-18 05:10,10003
2018-02-18 05:15,9882
2018-02-18 05:20,9742
2018-02-18 05:25,9674
2018-02-18 05:30,9593
2018-02-18 05:35,9551
2018-02-18 05:40,9429
2018-02-18 05:45,9336
2018-02-18 05:50,9288
2018-02-18 05:55,9228
2018-02-18 06:00,9129
2018-02-18 06:05,8974
2018-02-18 06:10,8843
2018-02-18 06:15,8791
2018-02-18 06:20,8747
2018-02-18 06:25,8697
2018-02-18 06:30,8586
2018-02-18 06:35,8465
2018-02-18 06:40,8323
2018-02-18 06:45,8226
2018-02-18 06:50,8138
2018-02-18 06:55,8083
2018-02-18 07:00,7952
2018-02-18 07:05,7844
2018-02-18 07:10,7761
2018-02-18 07:15,7629
2018-02-18 07:20,7602
2018-02-18 07:25,7511
2018-02-18 07:30,7467
2018-02-18 07:35,7376
2018-02-18 07:40,7344
2018-02-18 07:45,7293
2018-02-18 07:50,7225
2018-02-18 07:55,7144
2018-02-18 08:00,7067
2018-02-18 08:05,6973
2018-02-18 08:10,6916
2018-02-18 08:15,6861
2018-02-18 08:20,6845
2018-02-18 08:25,6791
2018-02-18 08:30,6790
2018-02-18 08:35,6756
2018-02-18 08:40,6766
2018-02-18 08:45,6747
2018-02-18 08:50,6774
2018-02-18 08:55,6753
2018-02-18 09:00,6709
2018-02-18 09:05,6730
2018-02-18 09:10,6797
2018-02-18 09:15,6829
2018-02-18 09:20,6854
2018-02-18 09:25,6907
2018-02-18 09:30,6938
2018-02-18 09:35,6988
2018-02-18 09:40,7034
2018-02-18 09:45,7032
2018-02-18 09:50,7071
2018-02-18 09:55,7124
2018-02-18 10:00,7161
2018-02-18 10:05,7225
2018-02-18 10:10,7317
2018-02-18 10:15,7387
2018-02-18 10:20,7459
2018-02-18 10:25,7571
2018-02-18 10:30,7666
2018-02-18 10:35,7748
2018-02-18 10:40,7774
2018-02-18 10:45,7823
2018-02-18 10:50,7907
2018-02-18 10:55,8033
2018-02-18 11:00,8107
2018-02-18 11:05,8214
2018-02-18 11:10,8350
2018-02-18 11:15,8374
2018-02-18 11:20,8452
2018-02-18 11:25,8480
2018-02-18 11:30,8630
2018-02-18 11:35,8708
2018-02-18 11:40,8771
2018-02-18 11:45,8796
2018-02-18 11:50,8877
2018-02-18 11:55,8990
2018-02-18 12:00,9050
2018-02-18 12:05,9178
2018-02-18 12:10,9259
2018-02-18 12:15,9348
2018-02-18 12:20,9498
2018-02-18 12:25,9576
2018-02-18 12:30,9616
2018-02-18 12:35,9758
2018-02-18 12:40,9828
2018-02-18 12:45,9948
2018-02-18 12:50,9994
2018-02-18 12:55,10102
2018-02-18 13:00,10153
2018-02-18 13:05,10241
2018-02-18 13:10,10287
2018-02-18 13:15,10392
2018-02-18 13:20,10461
2018-02-18 13:25,10503
2018-02-18 13:30,10567
2018-02-18 13:35,10661
2018-02-18 13:40,10755
2018-02-18 13:45,10951
2018-02-18 13:50,11069
2018-02-18 13:55,11170
2018-02-18 14:00,11280
2018-02-18 14:05,11397
2018-02-18 14:10,11498
2018-02-18 14:15,11650
2018-02-18 14:20,11823
2018-02-18 14:25,11846
2018-02-18 14:30,11998
2018-02-18 14:35,12056
2018-02-18 14:40,12175
2018-02-18 14:45,12305
2018-02-18 14:50,12383
2018-02-18 14:55,12446
2018-02-18 15:00,12507
2018-02-18 15:05,12598
2018-02-18 15:10,12724
2018-02-18 15:15,12856
2018-02-18 15:20,12963
2018-02-18 15:25,13081
2018-02-18 15:30,0
2018-02-18 15:35,13151
2018-02-18 15:40,13274
2018-02-18 15:45,13321
2018-02-18 15:50,13450
2018-02-18 15:55,13559
2018-02-18 16:00,13609
2018-02-18 16:05,13728
2018-02-18 16:10,13852
2018-02-18 16:15,13940
2018-02-18 16:20,14090
2018-02-18 16:25,14125
2018-02-18 16:30,14227
2018-02-18 16:35,14221
2018-02-18 16:40,14308
2018-02-18 16:45,14400
2018-02-18 16:50,14569
2018-02-18 16:55,14659
2018-02-18 17:00,14740
2018-02-18 17:05,14678
2018-02-18 17:10,14834
2018-02-18 17:15,14938
2018-02-18 17:20,15014
2018-02-18 17:25,15173
2018-02-18 17:30,15275
2018-02-18 17:35,15352
2018-02-18 17:40,15439
2018-02-18 17:45,15505
2018-02-18 17:50,15522
2018-02-18 17:55,15666
2018-02-18 18:00,15741
2018-02-18 18:05,15788
2018-02-18 18:10,15879
2018-02-18 18:15,15934
2018-02-18 18:20,15999
2018-02-18 18:25,16134
2018-02-18 18:30,16225
2018-02-18 18:35,16216
2018-02-18 18:40,16262
2018-02-18 18:45,16325
2018-02-18 18:50,16386
2018-02-18 18:55,16499
2018-02-18 19:00,16514
2018-02-18 19:05,16546
2018-02-18 19:10,16596
2018-02-18 19:15,16658
2018-02-18 19:20,16728
2018-02-18 19:25,16844
2018-02-18 19:30,16900
2018-02-18 19:35,16995
2018-02-18 19:40,16990
2018-02-18 19:45,17043
2018-02-18 19:50,17091
2018-02-18 19:55,17256
2018-02-18 20:00,17155
2018-02-18 20:05,17107
2018-02-18 20:10,17070
2018-02-18 20:15,17010
2018-02-18 20:20,16921
2018-02-18 20:25,16921
2018-02-18 20:30,16864
2018-02-18 20:35,16814
2018-02-18 20:40,16712
2018-02-18 20:45,16687
2018-02-18 20:50,16625
2018-02-18 20:55,16570
2018-02-18 21:00,16534
2018-02-18 21:05,16322
2018-02-18 21:10,16281
2018-02-18 21:15,16227
2018-02-18 21:20,16123
2018-02-18 21:25,16040
2018-02-18 21:30,15935
2018-02-18 21:35,15800
2018-02-18 21:40,15716
2018-02-18 21:45,15551
2018-02-18 21:50,15369
2018-02-18 21:55,15254
2018-02-18 22:00,15071
2018-02-18 22:05,14925
2018-02-18 22:10,14762
2018-02-18 22:15,14659
2018-02-18 22:20,14573
2018-02-18 22:25,14480
2018-02-18 22:30,14284
2018-02-18 22:35,14141
2018-02-18 22:40,13993
2018-02-18 22:45,13794
2018-02-18 22:50,13707
2018-02-18 22:55,13528
2018-02-18 23:00,13374
2018-02-18 23:05,13194
2018-02-18 23:10,12997
2018-02-18 23:15,12903
2018-02-18 23:20,12782
2018-02-18 23:25,12630
2018-02-18 23:30,12539
2018-02-18 23:35,12463
2018-02-18 23:40,12416
2018-02-18 23:45,12363
2018-02-18 23:50,12267
2018-02-18 23:55,12173
2018-02-19 00:00,12122
2018-02-19 00:05,11981
2018-02-19 00:10,11902
2018-02-19 00:15,11836
2018-02-19 00:20,11755
2018-02-19 00:25,11664
2018-02-19 00:30,11550
2018-02-19 00:35,11576
2018-02-19 00:40,11587
2018-02-19 00:45,11586
2018-02-19 00:50,11505
2018-02-19 00:55,11454
2018-02-19 01:00,11409
2018-02-19 01:05,11305
2018-02-19 01:10,11282
2018-02-19 01:15,11262
2018-02-19 01:20,11223
2018-02-19 01:25,11225
2018-02-19 01:30,11214
2018-02-19 01:35,11211
2018-02-19 01:40,11080
2018-02-19 01:45,11062
2018-02-19 01:50,10988
2018-02-19 01:55,10991
2018-02-19 02:00,10982
2018-02-19 02:05,10975
2018-02-19 02:10,10946
2018-02-19 02:15,10924
2018-02-19 02:20,10901
2018-02-19 02:25,10878
2018-02-19 02:30,10869
2018-02-19 02:35,10888
2018-02-19 02:40,10888
2018-02-19 02:45,10856
2018-02-19 02:50,10834
2018-02-19 02:55,10790
2018-02-19 03:00,10616
2018-02-19 03:05,10560
2018-02-19 03:10,10472
2018-02-19 03:15,10403
2018-02-19 03:20,10310
2018-02-19 03:25,10250
2018-02-19 03:30,10182
2018-02-19 03:35,10145
2018-02-19 03:40,10091
2018-02-19 03:45,10036
2018-02-19 03:50,9938
2018-02-19 03:55,9821
2018-02-19 04:00,9789
2018-02-19 04:05,9656
2018-02-19 04:10,9573
2018-02-19 04:15,9465
2018-02-19 04:20,9345
2018-02-19 04:25,9276
2018-02-19 04:30,9250
2018-02-19 04:35,9148
2018-02-19 04:40,9029
2018-02-19 04:45,8927
2018-02-19 04:50,8842
2018-02-19 04:55,8793
2018-02-19 05:00,8692
2018-02-19 05:05,8559
2018-02-19 05:10,8429
2018-02-19 05:15,8313
2018-02-19 05:20,8257
2018-02-19 05:25,8181
2018-02-19 05:30,8046
2018-02-19 05:35,7957
2018-02-19 05:40,7840
2018-02-19 05:45,7691
2018-02-19 05:50,7614
2018-02-19 05:55,7527
2018-02-19 06:00,7421
2018-02-19 06:05,7301
2018-02-19 06:10,7177
2018-02-19 06:15,7040
2018-02-19 06:20,6936
2018-02-19 06:25,6817
2018-02-19 06:30,6701
2018-02-19 06:35,6592
2018-02-19 06:40,6503
2018-02-19 06:45,6421
2018-02-19 06:50,6324
2018-02-19 06:55,6247
2018-02-19 07:00,6141
2018-02-19 07:05,6023
2018-02-19 07:10,5982
2018-02-19 07:15,5875
2018-02-19 07:20,5759
2018-02-19 07:25,5698
2018-02-19 07:30,5622
2018-02-19 07:35,5545
2018-02-19 07:40,5514
2018-02-19 07:45,5459
2018-02-19 07:50,5355
2018-02-19 07:55,5298
2018-02-19 08:00,5230
2018-02-19 08:05,5192
2018-02-19 08:10,5132
2018-02-19 08:15,5085
2018-02-19 08:20,5026
2018-02-19 08:25,4961
2018-02-19 08:30,4917
2018-02-19 08:35,4893
2018-02-19 08:40,4885
2018-02-19 08:45,4845
2018-02-19 08:50,4812
2018-02-19 08:55,4788
2018-02-19 09:00,4739
2018-02-19 09:05,4763
2018-02-19 09:10,4744
2018-02-19 09:15,4716
2018-02-19 09:20,4685
2018-02-19 09:25,4668
2018-02-19 09:30,4672
2018-02-19 09:35,4652
2018-02-19 09:40,4615
2018-02-19 09:45,4644
2018-02-19 09:50,4644
2018-02-19 09:55,4678
2018-02-19 10:00,4688
2018-02-19 10:05,4694
2018-02-19 10:10,4732
2018-02-19 10:15,4724
2018-02-19 10:20,4738
2018-02-19 10:25,4735
2018-02-19 10:30,4751
2018-02-19 10:35,4736
2018-02-19 10:40,4785
2018-02-19 10:45,4843
2018-02-19 10:50,4855
2018-02-19 10:55,4930
2018-02-19 11:00,4940
2018-02-19 11:05,4947
2018-02-19 11:10,5036
2018-02-19 11:15,5058
2018-02-19 11:20,5106
2018-02-19 11:25,5147
2018-02-19 11:30,5174
2018-02-19 11:35,5230
2018-02-19 11:40,5287
2018-02-19 11:45,5394
2018-02-19 11:50,5433
2018-02-19 11:55,5482
2018-02-19 12:00,5557
2018-02-19 12:05,5622
2018-02-19 12:10,5676
2018-02-19 12:15,5778
2018-02-19 12:20,5800
2018-02-19 12:25,5887
2018-02-19 12:30,5946
2018-02-19 12:35,6019
2018-02-19 12:40,6062
2018-02-19 12:45,6153
2018-02-19 12:50,6214
2018-02-19 12:55,6292
2018-02-19 13:00,6355
2018-02-19 13:05,6467
2018-02-19 13:10,6527
2018-02-19 13:15,6601
2018-02-19 13:20,6659
2018-02-19 13:25,6731
2018-02-19 13:30,6818
2018-02-19 13:35,6840
2018-02-19 13:40,6943
2018-02-19 13:45,7008
2018-02-19 13:50,7089
2018-02-19 13:55,7193
2018-02-19 14:00,7268
2018-02-19 14:05,7365
2018-02-19 14:10,7463
2018-02-19 14:15,7625
2018-02-19 14:20,7762
2018-02-19 14:25,7884
2018-02-19 14:30,8027
2018-02-19 14:35,8096
2018-02-19 14:40,8222
2018-02-19 14:45,8271
2018-02-19 14:50,8402
2018-02-19 14:55,8534
2018-02-19 15:00,8655
2018-02-19 15:05,8740
2018-02-19 15:10,8827
2018-02-19 15:15,8940
2018-02-19 15:20,9089
2018-02-19 15:25,9244
2018-02-19 15:30,9286
2018-02-19 15:35,9415
2018-02-19 15:40,9516
2018-02-19 15:45,9588
2018-02-19 15:50,9704
2018-02-19 15:55,9792
2018-02-19 16:00,9927
2018-02-19 16:05,10069
2018-02-19 16:10,10199
2018-02-19 16:15,10357
2018-02-19 16:20,10459
2018-02-19 16:25,10644
2018-02-19 16:30,10807
2018-02-19 16:35,10927
2018-02-19 16:40,11013
2018-02-19 16:45,11201
2018-02-19 16:50,11354
2018-02-19 16:55,11473
2018-02-19 17:00,11592
2018-02-19 17:05,11598
2018-02-19 17:10,11794
2018-02-19 17:15,11898
2018-02-19 17:20,12021
2018-02-19 17:25,12167
2018-02-19 17:30,12279
2018-02-19 17:35,12474
2018-02-19 17:40,12517
2018-02-19 17:45,12610
2018-02-19 17:50,12624
2018-02-19 17:55,12713
2018-02-19 18:00,12823
2018-02-19 18:05,12850
2018-02-19 18:10,12883
2018-02-19 18:15,13044
2018-02-19 18:20,13210
2018-02-19 18:25,13293
2018-02-19 18:30,13350
2018-02-19 18:35,13498
2018-02-19 18:40,13620
2018-02-19 18:45,13819
2018-02-19 18:50,13876
2018-02-19 18:55,14008
2018-02-19 19:00,14042
2018-02-19 19:05,14149
2018-02-19 19:10,14210
2018-02-19 19:15,14277
2018-02-19 19:20,14331
2018-02-19 19:25,14484
2018-02-19 19:30,14530
2018-02-19 19:35,14565
2018-02-19 19:40,14652
2018-02-19 19:45,14666
2018-02-19 19:50,14720
2018-02-19 19:55,14713
2018-02-19 20:00,14699
2018-02-19 20:05,14689
2018-02-19 20:10,14666
2018-02-19 20:15,14670
2018-02-19 20:20,14621
2018-02-19 20:25,14677
2018-02-19 20:30,14685
2018-02-19 20:35,14665
2018-02-19 20:40,14629
2018-02-19 20:45,14597
2018-02-19 20:50,14586
2018-02-19 20:55,14452
2018-02-19 21:00,14328
2018-02-19 21:05,14279
2018-02-19 21:10,14229
2018-02-19 21:15,14188
2018-02-19 21:20,14108
2018-02-19 21:25,14045
2018-02-19 21:30,13883
2018-02-19 21:35,13817
2018-02-19 21:40,13770
2018-02-19 21:45,13645
2018-02-19 21:50,13519
2018-02-19 21:55,13481
2018-02-19 22:00,13395
2018-02-19 22:05,13308
2018-02-19 22:10,13161
2018-02-19 22:15,12999
2018-02-19 22:20,0
2018-02-19 22:25,12757
2018-02-19 22:30,12579
2018-02-19 22:35,12437
2018-02-19 22:40,12353
2018-02-19 22:45,12275
2018-02-19 22:50,12169
2018-02-19 22:55,12074
2018-02-19 23:00,11967
2018-02-19 23:05,11818
2018-02-19 23:10,11684
2018-02-19 23:15,11498
2018-02-19 23:20,11419
2018-02-19 23:25,11372
2018-02-19 23:30,11355
2018-02-19 23:35,11231
2018-02-19 23:40,11150
2018-02-19 23:45,11044
2018-02-19 23:50,10982
2018-02-19 23:55,10883
2018-02-20 00:00,10843
2018-02-20 00:05,10753
2018-02-20 00:10,10743
2018-02-20 00:15,10651
2018-02-20 00:20,10635
2018-02-20 00:25,10546
2018-02-20 00:30,10515
2018-02-20 00:35,10470
2018-02-20 00:40,10495
2018-02-20 00:45,10459
2018-02-20 00:50,10459
2018-02-20 00:55,10397
2018-02-20 01:00,10387
2018-02-20 01:05,10326
2018-02-20 01:10,10310
2018-02-20 01:15,10311
2018-02-20 01:20,10314
2018-02-20 01:25,10264
2018-02-20 01:30,10273
2018-02-20 01:35,10279
2018-02-20 01:40,10252
2018-02-20 01:45,10233
2018-02-20 01:50,10238
2018-02-20 01:55,10178
2018-02-20 02:00,10166
2018-02-20 02:05,10150
2018-02-20 02:10,10060
2018-02-20 02:15,10043
2018-02-20 02:20,10008
2018-02-20 02:25,9993
2018-02-20 02:30,9965
2018-02-20 02:35,9924
2018-02-20 02:40,9810
2018-02-20 02:45,9813
2018-02-20 02:50,9756
2018-02-20 02:55,9707
2018-02-20 03:00,9574
2018-02-20 03:05,9402
2018-02-20 03:10,9376
2018-02-20 03:15,9341
2018-02-20 03:20,9212
2018-02-20 03:25,9171
2018-02-20 03:30,9076
2018-02-20 03:35,8972
2018-02-20 03:40,8862
2018-02-20 03:45,8831
2018-02-20 03:50,8743
2018-02-20 03:55,8654
2018-02-20 04:00,8577
2018-02-20 04:05,8518
2018-02-20 04:10,8399
2018-02-20 04:15,8317
2018-02-20 04:20,8257
2018-02-20 04:25,8203
2018-02-20 04:30,8081
2018-02-20 04:35,7923
2018-02-20 04:40,7806
2018-02-20 04:45,7704
2018-02-20 04:50,7645
2018-02-20 04:55,7505
2018-02-20 05:00,7373
2018-02-20 05:05,7218
2018-02-20 05:10,7097
2018-02-20 05:15,6951
2018-02-20 05:20,6858
2018-02-20 05:25,6679
2018-02-20 05:30,6587
2018-02-20 05:35,6509
2018-02-20 05:40,6380
2018-02-20 05:45,6266
2018-02-20 05:50,6152
2018-02-20 05:55,6030
2018-02-20 06:00,5978
2018-02-20 06:05,5887
2018-02-20 06:10,5749
2018-02-20 06:15,5607
2018-02-20 06:20,5553
2018-02-20 06:25,5464
2018-02-20 06:30,5353
2018-02-20 06:35,5326
2018-02-20 06:40,5282
2018-02-20 06:45,5198
2018-02-20 06:50,5119
2018-02-20 06:55,5008
2018-02-20 07:00,4926
2018-02-20 07:05,4846
2018-02-20 07:10,4825
2018-02-20 07:15,4724
2018-02-20 07:20,4675
2018-02-20 07:25,4642
2018-02-20 07:30,4555
2018-02-20 07:35,4527
2018-02-20 07:40,4483
2018-02-20 07:45,4455
2018-02-20 07:50,4414
2018-02-20 07:55,4370
2018-02-20 08:00,4319
2018-02-20 08:05,4343
2018-02-20 08:10,4308
2018-02-20 08:15,4276
2018-02-20 08:20,4245
2018-02-20 08:25,4253
2018-02-20 08:30,4221
2018-02-20 08:35,4198
2018-02-20 08:40,4197
2018-02-20 08:45,4182
2018-02-20 08:50,4181
2018-02-20 08:55,4176
2018-02-20 09:00,4148
2018-02-20 09:05,4096
2018-02-20 09:10,4181
2018-02-20 09:15,4222
2018-02-20 09:20,4225
2018-02-20 09:25,4247
2018-02-20 09:30,4300
2018-02-20 09:35,4321
2018-02-20 09:40,4338
2018-02-20 09:45,4414
2018-02-20 09:50,4445
2018-02-20 09:55,4436
2018-02-20 10:00,4482
2018-02-20 10:05,4491
2018-02-20 10:10,4509
2018-02-20 10:15,4489
2018-02-20 10:20,4506
2018-02-20 10:25,4568
2018-02-20 10:30,4633
2018-02-20 10:35,4641
2018-02-20 10:40,4682
2018-02-20 10:45,4738
2018-02-20 10:50,4777
2018-02-20 10:55,4802
2018-02-20 11:00,4836
2018-02-20 11:05,4842
2018-02-20 11:10,4887
2018-02-20 11:15,4970
2018-02-20 11:20,5032
2018-02-20 11:25,5049
2018-02-20 11:30,5109
2018-02-20 11:35,5138
2018-02-20 11:40,5189
2018-02-20 11:45,5240
2018-02-20 11:50,5262
2018-02-20 11:55,5306
2018-02-20 12:00,5430
2018-02-20 12:05,5486
2018-02-20 12:10,5552
2018-02-20 12:15,5602
2018-02-20 12:20,5644
2018-02-20 12:25,5701
2018-02-20 12:30,5712
2018-02-20 12:35,5757
2018-02-20 12:40,5801
2018-02-20 12:45,5872
2018-02-20 12:50,6014
2018-02-20 12:55,6029
2018-02-20 13:00,6086
2018-02-20 13:05,6109
2018-02-20 13:10,6206
2018-02-20 13:15,6319
2018-02-20 13:20,6385
2018-02-20 13:25,6477
2018-02-20 13:30,6581
2018-02-20 13:35,6692
2018-02-20 13:40,6827
2018-02-20 13:45,6941
2018-02-20 13:50,7021
2018-02-20 13:55,7123
2018-02-20 14:00,7238
2018-02-20 14:05,7368
2018-02-20 14:10,7436
2018-02-20 14:15,7548
2018-02-20 14:20,7639
2018-02-20 14:25,7764
2018-02-20 14:30,7816
2018-02-20 14:35,7884
2018-02-20 14:40,7956
2018-02-20 14:45,8097
2018-02-20 14:50,8216
2018-02-20 14:55,8291
2018-02-20 15:00,8412
2018-02-20 15:05,8547
2018-02-20 15:10,8665
2018-02-20 15:15,8821
2018-02-20 15:20,8862
2018-02-20 15:25,8976
2018-02-20 15:30,9022
2018-02-20 15:35,9196
2018-02-20 15:40,9285
2018-02-20 15:45,9403
2018-02-20 15:50,9486
2018-02-20 15:55,9582
2018-02-20 16:00,9705
2018-02-20 16:05,9828
2018-02-20 16:10,9907
2018-02-20 16:15,10069
2018-02-20 16:20,10250
2018-02-20 16:25,10337
2018-02-20 16:30,10392
2018-02-20 16:35,10463
2018-02-20 16:40,10586
2018-02-20 16:45,10701
2018-02-20 16:50,10802
2018-02-20 16:55,10884
2018-02-20 17:00,11001
2018-02-20 17:05,11128
2018-02-20 17:10,11228
2018-02-20 17:15,11381
2018-02-20 17:20,11458
2018-02-20 17:25,11591
2018-02-20 17:30,11657
2018-02-20 17:35,11753
2018-02-20 17:40,11826
2018-02-20 17:45,11952
2018-02-20 17:50,12048
2018-02-20 17:55,12196
2018-02-20 18:00,12289
2018-02-20 18:05,12348
2018-02-20 18:10,12348
2018-02-20 18:15,12439
2018-02-20 18:20,12289
2018-02-20 18:25,12242
2018-02-20 18:30,12260
2018-02-20 18:35,12345
2018-02-20 18:40,12390
2018-02-20 18:45,12441
2018-02-20 18:50,12509
2018-02-20 18:55,12549
2018-02-20 19:00,12605
2018-02-20 19:05,12581
2018-02-20 19:10,12662
2018-02-20 19:15,12674
2018-02-20 19:20,12728
2018-02-20 19:25,12770
2018-02-20 19:30,12785
2018-02-20 19:35,12864
2018-02-20 19:40,12846
2018-02-20 19:45,12894
2018-02-20 19:50,12831
2018-02-20 19:55,12809
2018-02-20 20:00,12807
2018-02-20 20:05,12789
2018-02-20 20:10,12643
2018-02-20 20:15,12742
2018-02-20 20:20,12730
2018-02-20 20:25,12745
2018-02-20 20:30,12685
2018-02-20 20:35,12644
2018-02-20 20:40,12683
2018-02-20 20:45,12739
2018-02-20 20:50,12761
2018-02-20 20:55,12712
2018-02-20 21:00,12659
2018-02-20 21:05,12586
2018-02-20 21:10,12449
2018-02-20 21:15,12331
2018-02-20 21:20,12234
2018-02-20 21:25,12150
2018-02-20 21:30,12125
2018-02-20 21:35,12120
2018-02-20 21:40,12045
2018-02-20 21:45,12050
2018-02-20 21:50,12015
2018-02-20 21:55,12031
2018-02-20 22:00,11961
2018-02-20 22:05,11948
2018-02-20 22:10,11955
2018-02-20 22:15,11816
2018-02-20 22:20,11744
2018-02-20 22:25,11744
2018-02-20 22:30,11663
2018-02-20 22:35,11513
2018-02-20 22:40,11466
2018-02-20 22:45,11440
2018-02-20 22:50,11401
2018-02-20 22:55,11301
2018-02-20 23:00,11158
2018-02-20 23:05,11074
2018-02-20 23:10,11051
2018-02-20 23:15,10978
2018-02-20 23:20,0
2018-02-20 23:25,10215
2018-02-20 23:30,10493
2018-02-20 23:35,10512
2018-02-20 23:40,10435
2018-02-20 23:45,10397
2018-02-20 23:50,10376
2018-02-20 23:55,10325
2018-02-21 00:00,10324
2018-02-21 00:05,10179
2018-02-21 00:10,10147
2018-02-21 00:15,10095
2018-02-21 00:20,10095
2018-02-21 00:25,9986
2018-02-21 00:30,9991
2018-02-21 00:35,9953
2018-02-21 00:40,9877
2018-02-21 00:45,9857
2018-02-21 00:50,9872
2018-02-21 00:55,9776
2018-02-21 01:00,9783
2018-02-21 01:05,9823
2018-02-21 01:10,9862
2018-02-21 01:15,9827
2018-02-21 01:20,9838
2018-02-21 01:25,9769
2018-02-21 01:30,9775
2018-02-21 01:35,9758
2018-02-21 01:40,9770
2018-02-21 01:45,9753
2018-02-21 01:50,9767
2018-02-21 01:55,9790
2018-02-21 02:00,9800
2018-02-21 02:05,9750
2018-02-21 02:10,9744
2018-02-21 02:15,9726
2018-02-21 02:20,9726
2018-02-21 02:25,9660
2018-02-21 02:30,9601
2018-02-21 02:35,9518
2018-02-21 02:40,9483
2018-02-21 02:45,9335
2018-02-21 02:50,9297
2018-02-21 02:55,9225
2018-02-21 03:00,9205
2018-02-21 03:05,9067
2018-02-21 03:10,8948
2018-02-21 03:15,8878
2018-02-21 03:20,8905
2018-02-21 03:25,8808
2018-02-21 03:30,8725
2018-02-21 03:35,8629
2018-02-21 03:40,8596
2018-02-21 03:45,8492
2018-02-21 03:50,8431
2018-02-21 03:55,8382
2018-02-21 04:00,8292
2018-02-21 04:05,8224
2018-02-21 04:10,8113
2018-02-21 04:15,8055
2018-02-21 04:20,7974
2018-02-21 04:25,7840
2018-02-21 04:30,7809
2018-02-21 04:35,7725
2018-02-21 04:40,7670
2018-02-21 04:45,7614
2018-02-21 04:50,7549
2018-02-21 04:55,7410
2018-02-21 05:00,7197
2018-02-21 05:05,7034
2018-02-21 05:10,6884
2018-02-21 05:15,6779
2018-02-21 05:20,6779
2018-02-21 05:25,6643
2018-02-21 05:30,6576
2018-02-21 05:35,6374
2018-02-21 05:40,6311
2018-02-21 05:45,6311
2018-02-21 05:50,6158
2018-02-21 05:55,6030
2018-02-21 06:00,5955
2018-02-21 06:05,5836
2018-02-21 06:10,5747
2018-02-21 06:15,5589
2018-02-21 06:20,5589
2018-02-21 06:25,5439
2018-02-21 06:30,5372
2018-02-21 06:35,5302
2018-02-21 06:40,5217
2018-02-21 06:45,5167
2018-02-21 06:50,5091
2018-02-21 06:55,5002
2018-02-21 07:00,4859
2018-02-21 07:05,4810
2018-02-21 07:10,4721
2018-02-21 07:15,4635
2018-02-21 07:20,4635
2018-02-21 07:25,4546
2018-02-21 07:30,4546
2018-02-21 07:35,4491
2018-02-21 07:40,4347
2018-02-21 07:45,4327
2018-02-21 07:50,4250
2018-02-21 07:55,4275
2018-02-21 08:00,4247
2018-02-21 08:05,4216
2018-02-21 08:10,4195
2018-02-21 08:15,4195
2018-02-21 08:20,4143
2018-02-21 08:25,4113
2018-02-21 08:30,4116
2018-02-21 08:35,4131
2018-02-21 08:40,4130
2018-02-21 08:45,4144
2018-02-21 08:50,4144
2018-02-21 08:55,4135
2018-02-21 09:00,4108
2018-02-21 09:05,4140
2018-02-21 09:10,4140
2018-02-21 09:15,4107
2018-02-21 09:20,4107
2018-02-21 09:25,4176
2018-02-21 09:30,4217
2018-02-21 09:35,4314
2018-02-21 09:40,4348
2018-02-21 09:45,4341
2018-02-21 09:50,4402
2018-02-21 09:55,4470
2018-02-21 10:00,4566
2018-02-21 10:05,4580
2018-02-21 10:10,4596
2018-02-21 10:15,4596
2018-02-21 10:20,4598
2018-02-21 10:25,4684
2018-02-21 10:30,4748
2018-02-21 10:35,4748
2018-02-21 10:40,4789
2018-02-21 10:45,4818
2018-02-21 10:50,4873
2018-02-21 10:55,4912
2018-02-21 11:00,4912
2018-02-21 11:05,4949
2018-02-21 11:10,4949
2018-02-21 11:15,5017
2018-02-21 11:20,5056
2018-02-21 11:25,5078
2018-02-21 11:30,5099
2018-02-21 11:35,5135
2018-02-21 11:40,5123
2018-02-21 11:45,5204
2018-02-21 11:50,5300
2018-02-21 11:55,5348
2018-02-21 12:00,5406
2018-02-21 12:05,5468
2018-02-21 12:10,5468
2018-02-21 12:15,5598
2018-02-21 12:20,5718
2018-02-21 12:25,5779
2018-02-21 12:30,5852
2018-02-21 12:35,5930
2018-02-21 12:40,6030
2018-02-21 12:45,6159
2018-02-21 12:50,6159
2018-02-21 12:55,6258
2018-02-21 13:00,6339
2018-02-21 13:05,6339
2018-02-21 13:10,6444
2018-02-21 13:15,6490
2018-02-21 13:20,6552
2018-02-21 13:25,6626
2018-02-21 13:30,6691
2018-02-21 13:35,6792
2018-02-21 13:40,6880
2018-02-21 13:45,7022
2018-02-21 13:50,7068
2018-02-21 13:55,7133
2018-02-21 14:00,7195
2018-02-21 14:05,7296
2018-02-21 14:10,7406
2018-02-21 14:15,7502
2018-02-21 14:20,7648
2018-02-21 14:25,7813
2018-02-21 14:30,7928
2018-02-21 14:35,7966
2018-02-21 14:40,8060
2018-02-21 14:45,8154
2018-02-21 14:50,8262
2018-02-21 14:55,8351
2018-02-21 15:00,8390
2018-02-21 15:05,8466
2018-02-21 15:10,8590
2018-02-21 15:15,8657
2018-02-21 15:20,8682
2018-02-21 15:25,8743
2018-02-21 15:30,8804
2018-02-21 15:35,8863
2018-02-21 15:40,8929
2018-02-21 15:45,9069
2018-02-21 15:50,9204
2018-02-21 15:55,9332
2018-02-21 16:00,9512
2018-02-21 16:05,9583
2018-02-21 16:10,9739
2018-02-21 16:15,9739
2018-02-21 16:20,9777
2018-02-21 16:25,9842
2018-02-21 16:30,10029
2018-02-21 16:35,10171
2018-02-21 16:40,10225
2018-02-21 16:45,10306
2018-02-21 16:50,10377
2018-02-21 16:55,10412
2018-02-21 17:00,10511
2018-02-21 17:05,10559
2018-02-21 17:10,10656
2018-02-21 17:15,10675
2018-02-21 17:20,10777
2018-02-21 17:25,10862
2018-02-21 17:30,10948
2018-02-21 17:35,11059
2018-02-21 17:40,11182
2018-02-21 17:45,11216
2018-02-21 17:50,11287
2018-02-21 17:55,11405
2018-02-21 18:00,11459
2018-02-21 18:05,11507
2018-02-21 18:10,11579
2018-02-21 18:15,11666
2018-02-21 18:20,11610
2018-02-21 18:25,11800
2018-02-21 18:30,11857
2018-02-21 18:35,12001
2018-02-21 18:40,12098
2018-02-21 18:45,12293
2018-02-21 18:50,12351
2018-02-21 18:55,12466
2018-02-21 19:00,12559
2018-02-21 19:05,12567
2018-02-21 19:10,12657
2018-02-21 19:15,12673
2018-02-21 19:20,12712
2018-02-21 19:25,12798
2018-02-21 19:30,12823
2018-02-21 19:35,12824
2018-02-21 19:40,12894
2018-02-21 19:45,12914
2018-02-21 19:50,12901
2018-02-21 19:55,12901
2018-02-21 20:00,12897
2018-02-21 20:05,12890
2018-02-21 20:10,12921
2018-02-21 20:15,12942
2018-02-21 20:20,12907
2018-02-21 20:25,13002
2018-02-21 20:30,13000
2018-02-21 20:35,13000
2018-02-21 20:40,12965
2018-02-21 20:45,12902
2018-02-21 20:50,12835
2018-02-21 20:55,12743
2018-02-21 21:00,12631
2018-02-21 21:05,12473
2018-02-21 21:10,12296
2018-02-21 21:15,12201
2018-02-21 21:20,12109
2018-02-21 21:25,12081
2018-02-21 21:30,12061
2018-02-21 21:35,12024
2018-02-21 21:40,11887
2018-02-21 21:45,11823
2018-02-21 21:50,11800
2018-02-21 21:55,11817
2018-02-21 22:00,11836
2018-02-21 22:05,11806
2018-02-21 22:10,11798
2018-02-21 22:15,11733
2018-02-21 22:20,11788
2018-02-21 22:25,11678
2018-02-21 22:30,11587
2018-02-21 22:35,11495
2018-02-21 22:40,11388
2018-02-21 22:45,11335
2018-02-21 22:50,11261
2018-02-21 22:55,11228
2018-02-21 23:00,11121
2018-02-21 23:05,11083
2018-02-21 23:10,11027
2018-02-21 23:15,10889
2018-02-21 23:20,10801
2018-02-21 23:25,10694
2018-02-21 23:30,10656
2018-02-21 23:35,10634
2018-02-21 23:40,10604
2018-02-21 23:45,10594
2018-02-21 23:50,10538
2018-02-21 23:55,10522
2018-02-22 00:00,10440
2018-02-22 00:05,10359
2018-02-22 00:10,10260
2018-02-22 00:15,10291
2018-02-22 00:20,10169
2018-02-22 00:25,10096
2018-02-22 00:30,10059
2018-02-22 00:35,10053
2018-02-22 00:40,10002
2018-02-22 00:45,10042
2018-02-22 00:50,9984
2018-02-22 00:55,9978
2018-02-22 01:00,9964
2018-02-22 01:05,9947
2018-02-22 01:10,9880
2018-02-22 01:15,9883
2018-02-22 01:20,9907
2018-02-22 01:25,9880
2018-02-22 01:30,9885
2018-02-22 01:35,9893
2018-02-22 01:40,9885
2018-02-22 01:45,9903
2018-02-22 01:50,9841
2018-02-22 01:55,9762
2018-02-22 02:00,9718
2018-02-22 02:05,9691
2018-02-22 02:10,9645
2018-02-22 02:15,9626
2018-02-22 02:20,9575
2018-02-22 02:25,9479
2018-02-22 02:30,9469
2018-02-22 02:35,9460
2018-02-22 02:40,9465
2018-02-22 02:45,9391
2018-02-22 02:50,9390
2018-02-22 02:55,9387
2018-02-22 03:00,9342
2018-02-22 03:05,9296
2018-02-22 03:10,9233
2018-02-22 03:15,9254
2018-02-22 03:20,9224
2018-02-22 03:25,9182
2018-02-22 03:30,9094
2018-02-22 03:35,9015
2018-02-22 03:40,8939
2018-02-22 03:45,8870
2018-02-22 03:50,8824
2018-02-22 03:55,8728
2018-02-22 04:00,8688
2018-02-22 04:05,8611
2018-02-22 04:10,8492
2018-02-22 04:15,8408
2018-02-22 04:20,8333
2018-02-22 04:25,8242
2018-02-22 04:30,8131
2018-02-22 04:35,8031
2018-02-22 04:40,7870
2018-02-22 04:45,7771
2018-02-22 04:50,7662
2018-02-22 04:55,7472
2018-02-22 05:00,7337
2018-02-22 05:05,7245
2018-02-22 05:10,7104
2018-02-22 05:15,6991
2018-02-22 05:20,6834
2018-02-22 05:25,6726
2018-02-22 05:30,6591
2018-02-22 05:35,6478
2018-02-22 05:40,6390
2018-02-22 05:45,6279
2018-02-22 05:50,6191
2018-02-22 05:55,6081
2018-02-22 06:00,5966
2018-02-22 06:05,5852
2018-02-22 06:10,5782
2018-02-22 06:15,5666
2018-02-22 06:20,5581
2018-02-22 06:25,5452
2018-02-22 06:30,5368
2018-02-22 06:35,5274
2018-02-22 06:40,5200
2018-02-22 06:45,5156
2018-02-22 06:50,5059
2018-02-22 06:55,4948
2018-02-22 07:00,4864
2018-02-22 07:05,4824
2018-02-22 07:10,4811
2018-02-22 07:15,4767
2018-02-22 07:20,4698
2018-02-22 07:25,4662
2018-02-22 07:30,4613
2018-02-22 07:35,4534
2018-02-22 07:40,4504
2018-02-22 07:45,4481
2018-02-22 07:50,4403
2018-02-22 07:55,4360
2018-02-22 08:00,4343
2018-02-22 08:05,4356
2018-02-22 08:10,4354
2018-02-22 08:15,4300
2018-02-22 08:20,4264
2018-02-22 08:25,4197
2018-02-22 08:30,4190
2018-02-22 08:35,4178
2018-02-22 08:40,4111
2018-02-22 08:45,4153
2018-02-22 08:50,4152
2018-02-22 08:55,4116
2018-02-22 09:00,4097
2018-02-22 09:05,4067
2018-02-22 09:10,4148
2018-02-22 09:15,4157
2018-02-22 09:20,4134
2018-02-22 09:25,4173
2018-02-22 09:30,4233
2018-02-22 09:35,4269
2018-02-22 09:40,4288
2018-02-22 09:45,4334
2018-02-22 09:50,4377
2018-02-22 09:55,4417
2018-02-22 10:00,4502
2018-02-22 10:05,4554
2018-02-22 10:10,4660
2018-02-22 10:15,4742
2018-02-22 10:20,4771
2018-02-22 10:25,4822
2018-02-22 10:30,4845
2018-02-22 10:35,4834
2018-02-22 10:40,4903
2018-02-22 10:45,4929
2018-02-22 10:50,4930
2018-02-22 10:55,4936
2018-02-22 11:00,4982
2018-02-22 11:05,5027
2018-02-22 11:10,5083
2018-02-22 11:15,5138
2018-02-22 11:20,5229
2018-02-22 11:25,5247
2018-02-22 11:30,5249
2018-02-22 11:35,5310
2018-02-22 11:40,5406
2018-02-22 11:45,5494
2018-02-22 11:50,5573
2018-02-22 11:55,5651
2018-02-22 12:00,5725
2018-02-22 12:05,5787
2018-02-22 12:10,5843
2018-02-22 12:15,5861
2018-02-22 12:20,5925
2018-02-22 12:25,5990
2018-02-22 12:30,6043
2018-02-22 12:35,6090
2018-02-22 12:40,0
2018-02-22 12:45,6210
2018-02-22 12:50,6283
2018-02-22 12:55,6320
2018-02-22 13:00,6381
2018-02-22 13:05,6462
2018-02-22 13:10,6536
2018-02-22 13:15,6665
2018-02-22 13:20,6749
2018-02-22 13:25,6871
2018-02-22 13:30,6900
2018-02-22 13:35,6997
2018-02-22 13:40,7052
2018-02-22 13:45,7129
2018-02-22 13:50,7201
2018-02-22 13:55,7312
2018-02-22 14:00,7342
2018-02-22 14:05,7452
2018-02-22 14:10,7565
2018-02-22 14:15,7622
2018-02-22 14:20,7679
2018-02-22 14:25,7777
2018-02-22 14:30,7881
2018-02-22 14:35,7990
2018-02-22 14:40,8123
2018-02-22 14:45,8265
2018-02-22 14:50,8362
2018-02-22 14:55,8457
2018-02-22 15:00,8485
2018-02-22 15:05,8526
2018-02-22 15:10,8577
2018-02-22 15:15,8607
2018-02-22 15:20,8693
2018-02-22 15:25,8797
2018-02-22 15:30,8835
2018-02-22 15:35,8878
2018-02-22 15:40,8911
2018-02-22 15:45,8977
2018-02-22 15:50,9069
2018-02-22 15:55,9157
2018-02-22 16:00,9203
2018-02-22 16:05,9323
2018-02-22 16:10,9401
2018-02-22 16:15,9489
2018-02-22 16:20,9565
2018-02-22 16:25,9671
2018-02-22 16:30,9817
2018-02-22 16:35,9946
2018-02-22 16:40,10076
2018-02-22 16:45,10178
2018-02-22 16:50,10317
2018-02-22 16:55,10434
2018-02-22 17:00,10493
2018-02-22 17:05,10545
2018-02-22 17:10,10668
2018-02-22 17:15,10728
2018-02-22 17:20,10799
2018-02-22 17:25,10900
2018-02-22 17:30,10995
2018-02-22 17:35,11072
2018-02-22 17:40,11091
2018-02-22 17:45,11167
2018-02-22 17:50,11289
2018-02-22 17:55,11340
2018-02-22 18:00,11393
2018-02-22 18:05,11490
2018-02-22 18:10,11594
2018-02-22 18:15,11674
2018-02-22 18:20,11761
2018-02-22 18:25,11884
2018-02-22 18:30,11969
2018-02-22 18:35,12030
2018-02-22 18:40,12127
2018-02-22 18:45,12210
2018-02-22 18:50,12270
2018-02-22 18:55,12311
2018-02-22 19:00,12364
2018-02-22 19:05,12412
2018-02-22 19:10,12561
2018-02-22 19:15,12647
2018-02-22 19:20,12679
2018-02-22 19:25,12749
2018-02-22 19:30,12762
2018-02-22 19:35,12796
2018-02-22 19:40,12833
2018-02-22 19:45,12823
2018-02-22 19:50,12887
2018-02-22 19:55,12968
2018-02-22 20:00,12939
2018-02-22 20:05,12977
2018-02-22 20:10,12982
2018-02-22 20:15,12967
2018-02-22 20:20,12972
2018-02-22 20:25,12974
2018-02-22 20:30,12982
2018-02-22 20:35,13015
2018-02-22 20:40,13072
2018-02-22 20:45,13050
2018-02-22 20:50,13058
2018-02-22 20:55,13006
2018-02-22 21:00,12876
2018-02-22 21:05,12832
2018-02-22 21:10,12736
2018-02-22 21:15,12758
2018-02-22 21:20,12652
2018-02-22 21:25,12638
2018-02-22 21:30,12568
2018-02-22 21:35,12443
2018-02-22 21:40,12361
2018-02-22 21:45,12281
2018-02-22 21:50,12209
2018-02-22 21:55,12109
2018-02-22 22:00,12024
2018-02-22 22:05,11927
2018-02-22 22:10,11890
2018-02-22 22:15,11795
2018-02-22 22:20,11698
2018-02-22 22:25,11616
2018-02-22 22:30,11522
2018-02-22 22:35,11383
2018-02-22 22:40,11357
2018-02-22 22:45,11290
2018-02-22 22:50,11195
2018-02-22 22:55,11062
2018-02-22 23:00,10984
2018-02-22 23:05,10863
2018-02-22 23:10,10857
2018-02-22 23:15,10805
2018-02-22 23:20,10767
2018-02-22 23:25,10697
2018-02-22 23:30,10657
2018-02-22 23:35,10610
2018-02-22 23:40,10484
2018-02-22 23:45,10408
2018-02-22 23:50,10410
2018-02-22 23:55,10299
2018-02-23 00:00,10217
2018-02-23 00:05,10116
2018-02-23 00:10,10042
2018-02-23 00:15,9985
2018-02-23 00:20,9984
2018-02-23 00:25,9976
2018-02-23 00:30,9936
2018-02-23 00:35,9886
2018-02-23 00:40,9850
2018-02-23 00:45,9892
2018-02-23 00:50,9861
2018-02-23 00:55,9845
2018-02-23 01:00,9845
2018-02-23 01:05,9779
2018-02-23 01:10,9819
2018-02-23 01:15,9783
2018-02-23 01:20,9747
2018-02-23 01:25,9764
2018-02-23 01:30,9771
2018-02-23 01:35,9746
2018-02-23 01:40,9685
2018-02-23 01:45,9629
2018-02-23 01:50,9572
2018-02-23 01:55,9537
2018-02-23 02:00,9548
2018-02-23 02:05,9487
2018-02-23 02:10,9433
2018-02-23 02:15,9366
2018-02-23 02:20,9342
2018-02-23 02:25,9360
2018-02-23 02:30,9288
2018-02-23 02:35,9254
2018-02-23 02:40,9196
2018-02-23 02:45,9171
2018-02-23 02:50,9157
2018-02-23 02:55,9124
2018-02-23 03:00,9047
2018-02-23 03:05,8943
2018-02-23 03:10,8945
2018-02-23 03:15,8880
2018-02-23 03:20,8784
2018-02-23 03:25,8720
2018-02-23 03:30,8692
2018-02-23 03:35,8654
2018-02-23 03:40,8560
2018-02-23 03:45,8529
2018-02-23 03:50,8501
2018-02-23 03:55,8411
2018-02-23 04:00,8333
2018-02-23 04:05,8275
2018-02-23 04:10,8217
2018-02-23 04:15,8115
2018-02-23 04:20,8042
2018-02-23 04:25,7980
2018-02-23 04:30,7859
2018-02-23 04:35,7750
2018-02-23 04:40,7723
2018-02-23 04:45,7622
2018-02-23 04:50,7498
2018-02-23 04:55,7388
2018-02-23 05:00,7285
2018-02-23 05:05,7187
2018-02-23 05:10,7091
2018-02-23 05:15,6996
2018-02-23 05:20,6867
2018-02-23 05:25,6812
2018-02-23 05:30,6715
2018-02-23 05:35,6662
2018-02-23 05:40,6577
2018-02-23 05:45,6467
2018-02-23 05:50,6394
2018-02-23 05:55,6302
2018-02-23 06:00,6216
2018-02-23 06:05,6164
2018-02-23 06:10,6109
2018-02-23 06:15,5910
2018-02-23 06:20,5811
2018-02-23 06:25,5655
2018-02-23 06:30,5591
2018-02-23 06:35,5534
2018-02-23 06:40,5494
2018-02-23 06:45,5404
2018-02-23 06:50,5360
2018-02-23 06:55,5306
2018-02-23 07:00,5266
2018-02-23 07:05,5191
2018-02-23 07:10,5172
2018-02-23 07:15,5068
2018-02-23 07:20,5028
2018-02-23 07:25,4987
2018-02-23 07:30,4912
2018-02-23 07:35,4852
2018-02-23 07:40,4824
2018-02-23 07:45,4809
2018-02-23 07:50,4755
2018-02-23 07:55,4702
2018-02-23 08:00,4682
2018-02-23 08:05,4650
2018-02-23 08:10,4624
2018-02-23 08:15,4556
2018-02-23 08:20,4550
2018-02-23 08:25,4511
2018-02-23 08:30,4487
2018-02-23 08:35,4459
2018-02-23 08:40,4466
2018-02-23 08:45,4444
2018-02-23 08:50,4486
2018-02-23 08:55,4489
2018-02-23 09:00,4479
2018-02-23 09:05,4513
2018-02-23 09:10,4615
2018-02-23 09:15,4628
2018-02-23 09:20,4653
2018-02-23 09:25,4692
2018-02-23 09:30,4749
2018-02-23 09:35,4770
2018-02-23 09:40,4777
2018-02-23 09:45,4802
2018-02-23 09:50,4836
2018-02-23 09:55,4841
2018-02-23 10:00,4879
2018-02-23 10:05,4928
2018-02-23 10:10,5014
2018-02-23 10:15,5071
2018-02-23 10:20,5121
2018-02-23 10:25,5178
2018-02-23 10:30,5237
2018-02-23 10:35,5308
2018-02-23 10:40,5352
2018-02-23 10:45,5437
2018-02-23 10:50,5513
2018-02-23 10:55,5537
2018-02-23 11:00,5559
2018-02-23 11:05,5584
2018-02-23 11:10,5637
2018-02-23 11:15,5668
2018-02-23 11:20,5691
2018-02-23 11:25,5691
2018-02-23 11:30,5762
2018-02-23 11:35,5792
2018-02-23 11:40,5885
2018-02-23 11:45,5902
2018-02-23 11:50,5965
2018-02-23 11:55,6015
2018-02-23 12:00,6076
2018-02-23 12:05,6152
2018-02-23 12:10,6223
2018-02-23 12:15,6337
2018-02-23 12:20,6349
2018-02-23 12:25,6411
2018-02-23 12:30,6504
2018-02-23 12:35,6567
2018-02-23 12:40,6606
2018-02-23 12:45,6708
2018-02-23 12:50,6830
2018-02-23 12:55,6926
2018-02-23 13:00,6970
2018-02-23 13:05,7041
2018-02-23 13:10,7136
2018-02-23 13:15,7242
2018-02-23 13:20,7353
2018-02-23 13:25,7447
2018-02-23 13:30,7557
2018-02-23 13:35,7672
2018-02-23 13:40,7685
2018-02-23 13:45,7700
2018-02-23 13:50,7850
2018-02-23 13:55,7905
2018-02-23 14:00,7994
2018-02-23 14:05,8107
2018-02-23 14:10,8168
2018-02-23 14:15,8321
2018-02-23 14:20,8441
2018-02-23 14:25,8536
2018-02-23 14:30,8621
2018-02-23 14:35,8736
2018-02-23 14:40,8860
2018-02-23 14:45,8968
2018-02-23 14:50,9042
2018-02-23 14:55,9103
2018-02-23 15:00,9134
2018-02-23 15:05,9169
2018-02-23 15:10,9354
2018-02-23 15:15,9406
2018-02-23 15:20,9507
2018-02-23 15:25,9552
2018-02-23 15:30,9627
2018-02-23 15:35,9723
2018-02-23 15:40,9886
2018-02-23 15:45,9966
2018-02-23 15:50,10040
2018-02-23 15:55,10131
2018-02-23 16:00,10204
2018-02-23 16:05,0
2018-02-23 16:10,10300
2018-02-23 16:15,10374
2018-02-23 16:20,10449
2018-02-23 16:25,10505
2018-02-23 16:30,10616
2018-02-23 16:35,10662
2018-02-23 16:40,10802
2018-02-23 16:45,10863
2018-02-23 16:50,10957
2018-02-23 16:55,11015
2018-02-23 17:00,11121
2018-02-23 17:05,11165
2018-02-23 17:10,11296
2018-02-23 17:15,11346
2018-02-23 17:20,11386
2018-02-23 17:25,11525
2018-02-23 17:30,11609
2018-02-23 17:35,11677
2018-02-23 17:40,11798
2018-02-23 17:45,11862
2018-02-23 17:50,11955
2018-02-23 17:55,0
2018-02-23 18:00,12029
2018-02-23 18:05,12143
2018-02-23 18:10,12170
2018-02-23 18:15,12200
2018-02-23 18:20,12265
2018-02-23 18:25,12367
2018-02-23 18:30,12455
2018-02-23 18:35,12519
2018-02-23 18:40,12600
2018-02-23 18:45,12619
2018-02-23 18:50,12674
2018-02-23 18:55,12783
2018-02-23 19:00,12830
2018-02-23 19:05,12864
2018-02-23 19:10,12925
2018-02-23 19:15,13061
2018-02-23 19:20,13081
2018-02-23 19:25,13177
2018-02-23 19:30,13191
2018-02-23 19:35,13193
2018-02-23 19:40,13173
2018-02-23 19:45,0
2018-02-23 19:50,13284
2018-02-23 19:55,13370
2018-02-23 20:00,13465
2018-02-23 20:05,13526
2018-02-23 20:10,13548
2018-02-23 20:15,13577
2018-02-23 20:20,13582
2018-02-23 20:25,13631
2018-02-23 20:30,13671
2018-02-23 20:35,13675
2018-02-23 20:40,13745
2018-02-23 20:45,13741
2018-02-23 20:50,13821
2018-02-23 20:55,13855
2018-02-23 21:00,13817
2018-02-23 21:05,13803
2018-02-23 21:10,13792
2018-02-23 21:15,13861
2018-02-23 21:20,13854
2018-02-23 21:25,13867
2018-02-23 21:30,13844
2018-02-23 21:35,13840
2018-02-23 21:40,13878
2018-02-23 21:45,13880
2018-02-23 21:50,13817
2018-02-23 21:55,13828
2018-02-23 22:00,13815
2018-02-23 22:05,13770
2018-02-23 22:10,13798
2018-02-23 22:15,13726
2018-02-23 22:20,13657
2018-02-23 22:25,13559
2018-02-23 22:30,13515
2018-02-23 22:35,13456
2018-02-23 22:40,13389
2018-02-23 22:45,13267
2018-02-23 22:50,13194
2018-02-23 22:55,13090
2018-02-23 23:00,12985
2018-02-23 23:05,12835
2018-02-23 23:10,12730
2018-02-23 23:15,12639
2018-02-23 23:20,12638
2018-02-23 23:25,12546
2018-02-23 23:30,12420
2018-02-23 23:35,12328
2018-02-23 23:40,12283
2018-02-23 23:45,12168
2018-02-23 23:50,12083
2018-02-23 23:55,11965
2018-02-24 00:00,11930
2018-02-24 00:05,11780
2018-02-24 00:10,11629
2018-02-24 00:15,11529
2018-02-24 00:20,11492
2018-02-24 00:25,11398
2018-02-24 00:30,11312
2018-02-24 00:35,11218
2018-02-24 00:40,11173
2018-02-24 00:45,11080
2018-02-24 00:50,11036
2018-02-24 00:55,10980
2018-02-24 01:00,10918
2018-02-24 01:05,10848
2018-02-24 01:10,10802
2018-02-24 01:15,10731
2018-02-24 01:20,10697
2018-02-24 01:25,10672
2018-02-24 01:30,10706
2018-02-24 01:35,10652
2018-02-24 01:40,10558
2018-02-24 01:45,10572
2018-02-24 01:50,10583
2018-02-24 01:55,10625
2018-02-24 02:00,10646
2018-02-24 02:05,10571
2018-02-24 02:10,10593
2018-02-24 02:15,10642
2018-02-24 02:20,10565
2018-02-24 02:25,10566
2018-02-24 02:30,10564
2018-02-24 02:35,10561
2018-02-24 02:40,10556
2018-02-24 02:45,10597
2018-02-24 02:50,10527
2018-02-24 02:55,10518
2018-02-24 03:00,10490
2018-02-24 03:05,10485
2018-02-24 03:10,10420
2018-02-24 03:15,10350
2018-02-24 03:20,10271
2018-02-24 03:25,10235
2018-02-24 03:30,10175
2018-02-24 03:35,10124
2018-02-24 03:40,10091
2018-02-24 03:45,10010
2018-02-24 03:50,9939
2018-02-24 03:55,9882
2018-02-24 04:00,9793
2018-02-24 04:05,9709
2018-02-24 04:10,9606
2018-02-24 04:15,9528
2018-02-24 04:20,9462
2018-02-24 04:25,9449
2018-02-24 04:30,9321
2018-02-24 04:35,9333
2018-02-24 04:40,9270
2018-02-24 04:45,9237
2018-02-24 04:50,9173
2018-02-24 04:55,9146
2018-02-24 05:00,9065
2018-02-24 05:05,8956
2018-02-24 05:10,8845
2018-02-24 05:15,8719
2018-02-24 05:20,8644
2018-02-24 05:25,8585
2018-02-24 05:30,8459
2018-02-24 05:35,8399
2018-02-24 05:40,8332
2018-02-24 05:45,8222
2018-02-24 05:50,8183
2018-02-24 05:55,8144
2018-02-24 06:00,7972
2018-02-24 06:05,7818
2018-02-24 06:10,7783
2018-02-24 06:15,7671
2018-02-24 06:20,7586
2018-02-24 06:25,7546
2018-02-24 06:30,7448
2018-02-24 06:35,7356
2018-02-24 06:40,7264
2018-02-24 06:45,7195
2018-02-24 06:50,7115
2018-02-24 06:55,6986
2018-02-24 07:00,6894
2018-02-24 07:05,6847
2018-02-24 07:10,6813
2018-02-24 07:15,6720
2018-02-24 07:20,6694
2018-02-24 07:25,6616
2018-02-24 07:30,6511
2018-02-24 07:35,6450
2018-02-24 07:40,6368
2018-02-24 07:45,6316
2018-02-24 07:50,6293
2018-02-24 07:55,6231
2018-02-24 08:00,6195
2018-02-24 08:05,6131
2018-02-24 08:10,6089
2018-02-24 08:15,6074
2018-02-24 08:20,6055
2018-02-24 08:25,6063
2018-02-24 08:30,6032
2018-02-24 08:35,6044
2018-02-24 08:40,6032
2018-02-24 08:45,6008
2018-02-24 08:50,6008
2018-02-24 08:55,6012
2018-02-24 09:00,5998
2018-02-24 09:05,5985
2018-02-24 09:10,6001
2018-02-24 09:15,6101
2018-02-24 09:20,6159
2018-02-24 09:25,6267
2018-02-24 09:30,6356
2018-02-24 09:35,6394
2018-02-24 09:40,6428
2018-02-24 09:45,6512
2018-02-24 09:50,6557
2018-02-24 09:55,6635
2018-02-24 10:00,6669
2018-02-24 10:05,6741
2018-02-24 10:10,6788
2018-02-24 10:15,6849
2018-02-24 10:20,6873
2018-02-24 10:25,6951
2018-02-24 10:30,6998
2018-02-24 10:35,7043
2018-02-24 10:40,7102
2018-02-24 10:45,7180
2018-02-24 10:50,7174
2018-02-24 10:55,7290
2018-02-24 11:00,7339
2018-02-24 11:05,7347
2018-02-24 11:10,7405
2018-02-24 11:15,7499
2018-02-24 11:20,7593
2018-02-24 11:25,7675
2018-02-24 11:30,7722
2018-02-24 11:35,7808
2018-02-24 11:40,7889
2018-02-24 11:45,7976
2018-02-24 11:50,8056
2018-02-24 11:55,8133
2018-02-24 12:00,8156
2018-02-24 12:05,8174
2018-02-24 12:10,8243
2018-02-24 12:15,8317
2018-02-24 12:20,8462
2018-02-24 12:25,8486
2018-02-24 12:30,8550
2018-02-24 12:35,8625
2018-02-24 12:40,8712
2018-02-24 12:45,8850
2018-02-24 12:50,8920
2018-02-24 12:55,9040
2018-02-24 13:00,9132
2018-02-24 13:05,9265
2018-02-24 13:10,9248
2018-02-24 13:15,9347
2018-02-24 13:20,9404
2018-02-24 13:25,9481
2018-02-24 13:30,9550
2018-02-24 13:35,9683
2018-02-24 13:40,9740
2018-02-24 13:45,9799
2018-02-24 13:50,9890
2018-02-24 13:55,10003
2018-02-24 14:00,10094
2018-02-24 14:05,10195
2018-02-24 14:10,10280
2018-02-24 14:15,10395
2018-02-24 14:20,10514
2018-02-24 14:25,10588
2018-02-24 14:30,10715
2018-02-24 14:35,10693
2018-02-24 14:40,10738
2018-02-24 14:45,10859
2018-02-24 14:50,0
2018-02-24 14:55,11105
2018-02-24 15:00,11206
2018-02-24 15:05,11277
2018-02-24 15:10,11356
2018-02-24 15:15,11391
2018-02-24 15:20,11413
2018-02-24 15:25,11574
2018-02-24 15:30,11669
2018-02-24 15:35,11678
2018-02-24 15:40,11789
2018-02-24 15:45,11838
2018-02-24 15:50,11945
2018-02-24 15:55,12047
2018-02-24 16:00,12182
2018-02-24 16:05,12225
2018-02-24 16:10,12309
2018-02-24 16:15,12373
2018-02-24 16:20,12448
2018-02-24 16:25,12510
2018-02-24 16:30,12559
2018-02-24 16:35,12620
2018-02-24 16:40,12692
2018-02-24 16:45,12778
2018-02-24 16:50,12841
2018-02-24 16:55,12906
2018-02-24 17:00,13027
2018-02-24 17:05,13088
2018-02-24 17:10,13166
2018-02-24 17:15,13281
2018-02-24 17:20,13328
2018-02-24 17:25,13396
2018-02-24 17:30,13436
2018-02-24 17:35,13459
2018-02-24 17:40,13534
2018-02-24 17:45,13609
2018-02-24 17:50,13725
2018-02-24 17:55,13708
2018-02-24 18:00,13834
2018-02-24 18:05,13865
2018-02-24 18:10,13998
2018-02-24 18:15,14076
2018-02-24 18:20,14129
2018-02-24 18:25,14213
2018-02-24 18:30,14328
2018-02-24 18:35,14376
2018-02-24 18:40,14452
2018-02-24 18:45,14557
2018-02-24 18:50,14592
2018-02-24 18:55,14635
2018-02-24 19:00,14682
2018-02-24 19:05,14758
2018-02-24 19:10,14724
2018-02-24 19:15,14746
2018-02-24 19:20,14730
2018-02-24 19:25,14679
2018-02-24 19:30,14802
2018-02-24 19:35,14886
2018-02-24 19:40,14973
2018-02-24 19:45,14975
2018-02-24 19:50,15101
2018-02-24 19:55,15093
2018-02-24 20:00,15138
2018-02-24 20:05,15176
2018-02-24 20:10,15147
2018-02-24 20:15,15158
2018-02-24 20:20,15177
2018-02-24 20:25,15179
2018-02-24 20:30,15160
2018-02-24 20:35,15153
2018-02-24 20:40,15158
2018-02-24 20:45,15133
2018-02-24 20:50,15141
2018-02-24 20:55,15070
2018-02-24 21:00,15049
2018-02-24 21:05,15009
2018-02-24 21:10,14918
2018-02-24 21:15,14872
2018-02-24 21:20,14795
2018-02-24 21:25,14807
2018-02-24 21:30,14768
2018-02-24 21:35,14733
2018-02-24 21:40,14701
2018-02-24 21:45,14678
2018-02-24 21:50,14369
2018-02-24 21:55,14544
2018-02-24 22:00,14448
2018-02-24 22:05,14419
2018-02-24 22:10,14347
2018-02-24 22:15,14346
2018-02-24 22:20,14249
2018-02-24 22:25,14186
2018-02-24 22:30,14080
2018-02-24 22:35,14009
2018-02-24 22:40,13914
2018-02-24 22:45,13787
2018-02-24 22:50,13701
2018-02-24 22:55,13536
2018-02-24 23:00,13382
2018-02-24 23:05,13260
2018-02-24 23:10,13058
2018-02-24 23:15,13006
2018-02-24 23:20,12896
2018-02-24 23:25,12752
2018-02-24 23:30,12612
2018-02-24 23:35,12507
2018-02-24 23:40,12425
2018-02-24 23:45,12274
2018-02-24 23:50,12131
2018-02-24 23:55,12039
2018-02-25 00:00,11990
2018-02-25 00:05,11846
2018-02-25 00:10,11824
2018-02-25 00:15,11772
2018-02-25 00:20,11671
2018-02-25 00:25,11610
2018-02-25 00:30,11534
2018-02-25 00:35,11469
2018-02-25 00:40,11413
2018-02-25 00:45,11362
2018-02-25 00:50,11300
2018-02-25 00:55,11236
2018-02-25 01:00,11182
2018-02-25 01:05,11133
2018-02-25 01:10,11076
2018-02-25 01:15,10982
2018-02-25 01:20,10965
2018-02-25 01:25,10938
2018-02-25 01:30,10865
2018-02-25 01:35,10835
2018-02-25 01:40,10829
2018-02-25 01:45,10727
2018-02-25 01:50,10666
2018-02-25 01:55,10666
2018-02-25 02:00,10623
2018-02-25 02:05,10555
2018-02-25 02:10,10533
2018-02-25 02:15,10478
2018-02-25 02:20,10414
2018-02-25 02:25,10424
2018-02-25 02:30,10366
2018-02-25 02:35,10350
2018-02-25 02:40,10328
2018-02-25 02:45,10280
2018-02-25 02:50,10231
2018-02-25 02:55,10191
2018-02-25 03:00,10186
2018-02-25 03:05,10106
2018-02-25 03:10,10087
2018-02-25 03:15,10033
2018-02-25 03:20,9983
2018-02-25 03:25,10011
2018-02-25 03:30,10005
2018-02-25 03:35,9967
2018-02-25 03:40,9860
2018-02-25 03:45,9835
2018-02-25 03:50,9758
2018-02-25 03:55,9720
2018-02-25 04:00,9664
2018-02-25 04:05,9613
2018-02-25 04:10,9556
2018-02-25 04:15,9531
2018-02-25 04:20,9565
2018-02-25 04:25,9452
2018-02-25 04:30,9438
2018-02-25 04:35,9443
2018-02-25 04:40,9340
2018-02-25 04:45,9298
2018-02-25 04:50,9221
2018-02-25 04:55,9152
2018-02-25 05:00,9062
2018-02-25 05:05,9009
2018-02-25 05:10,8904
2018-02-25 05:15,8850
2018-02-25 05:20,8777
2018-02-25 05:25,8706
2018-02-25 05:30,8516
2018-02-25 05:35,8453
2018-02-25 05:40,8402
2018-02-25 05:45,8318
2018-02-25 05:50,8167
2018-02-25 05:55,8108
2018-02-25 06:00,8036
2018-02-25 06:05,7967
2018-02-25 06:10,7874
2018-02-25 06:15,7838
2018-02-25 06:20,7753
2018-02-25 06:25,7653
2018-02-25 06:30,7601
2018-02-25 06:35,7500
2018-02-25 06:40,7421
2018-02-25 06:45,7313
2018-02-25 06:50,7267
2018-02-25 06:55,7191
2018-02-25 07:00,7124
2018-02-25 07:05,7022
2018-02-25 07:10,6918
2018-02-25 07:15,6904
2018-02-25 07:20,6789
2018-02-25 07:25,6760
2018-02-25 07:30,6718
2018-02-25 07:35,6641
2018-02-25 07:40,6520
2018-02-25 07:45,6472
2018-02-25 07:50,6446
2018-02-25 07:55,6392
2018-02-25 08:00,6352
2018-02-25 08:05,6345
2018-02-25 08:10,6350
2018-02-25 08:15,6273
2018-02-25 08:20,6228
2018-02-25 08:25,6261
2018-02-25 08:30,6259
2018-02-25 08:35,6221
2018-02-25 08:40,6191
2018-02-25 08:45,6180
2018-02-25 08:50,6199
2018-02-25 08:55,6223
2018-02-25 09:00,6194
2018-02-25 09:05,6246
2018-02-25 09:10,6270
2018-02-25 09:15,6268
2018-02-25 09:20,6309
2018-02-25 09:25,6325
2018-02-25 09:30,6369
2018-02-25 09:35,6425
2018-02-25 09:40,6463
2018-02-25 09:45,6551
2018-02-25 09:50,6617
2018-02-25 09:55,6677
2018-02-25 10:00,6778
2018-02-25 10:05,6819
2018-02-25 10:10,6797
2018-02-25 10:15,6859
2018-02-25 10:20,6969
2018-02-25 10:25,7065
2018-02-25 10:30,7177
2018-02-25 10:35,7246
2018-02-25 10:40,7318
2018-02-25 10:45,7388
2018-02-25 10:50,7514
2018-02-25 10:55,7517
2018-02-25 11:00,7563
2018-02-25 11:05,7652
2018-02-25 11:10,7714
2018-02-25 11:15,7757
2018-02-25 11:20,7853
2018-02-25 11:25,7958
2018-02-25 11:30,8030
2018-02-25 11:35,8104
2018-02-25 11:40,8192
2018-02-25 11:45,8315
2018-02-25 11:50,8332
2018-02-25 11:55,8437
2018-02-25 12:00,8592
2018-02-25 12:05,8670
2018-02-25 12:10,8767
2018-02-25 12:15,8768
2018-02-25 12:20,8866
2018-02-25 12:25,8916
2018-02-25 12:30,9010
2018-02-25 12:35,9026
2018-02-25 12:40,9100
2018-02-25 12:45,9197
2018-02-25 12:50,0
2018-02-25 12:55,9374
2018-02-25 13:00,9457
2018-02-25 13:05,9524
2018-02-25 13:10,9645
2018-02-25 13:15,9691
2018-02-25 13:20,9777
2018-02-25 13:25,9871
2018-02-25 13:30,9979
2018-02-25 13:35,10085
2018-02-25 13:40,10241
2018-02-25 13:45,10342
2018-02-25 13:50,10469
2018-02-25 13:55,10537
2018-02-25 14:00,10609
2018-02-25 14:05,10671
2018-02-25 14:10,10727
2018-02-25 14:15,10774
2018-02-25 14:20,10892
2018-02-25 14:25,10973
2018-02-25 14:30,11127
2018-02-25 14:35,11187
2018-02-25 14:40,11323
2018-02-25 14:45,11401
2018-02-25 14:50,11491
2018-02-25 14:55,11572
2018-02-25 15:00,11610
2018-02-25 15:05,11696
2018-02-25 15:10,11802
2018-02-25 15:15,11855
2018-02-25 15:20,11979
2018-02-25 15:25,12095
2018-02-25 15:30,12201
2018-02-25 15:35,12276
2018-02-25 15:40,12370
2018-02-25 15:45,12456
2018-02-25 15:50,12546
2018-02-25 15:55,12645
2018-02-25 16:00,12699
2018-02-25 16:05,12791
2018-02-25 16:10,12909
2018-02-25 16:15,12861
2018-02-25 16:20,12969
2018-02-25 16:25,13042
2018-02-25 16:30,13047
2018-02-25 16:35,13103
2018-02-25 16:40,13167
2018-02-25 16:45,13218
2018-02-25 16:50,13307
2018-02-25 16:55,13343
2018-02-25 17:00,13353
2018-02-25 17:05,13441
2018-02-25 17:10,13489
2018-02-25 17:15,13540
2018-02-25 17:20,13586
2018-02-25 17:25,13637
2018-02-25 17:30,13765
2018-02-25 17:35,13886
2018-02-25 17:40,13911
2018-02-25 17:45,14003
2018-02-25 17:50,14065
2018-02-25 17:55,14076
2018-02-25 18:00,14104
2018-02-25 18:05,14128
2018-02-25 18:10,14241
2018-02-25 18:15,14294
2018-02-25 18:20,14334
2018-02-25 18:25,14474
2018-02-25 18:30,14602
2018-02-25 18:35,14635
2018-02-25 18:40,14698
2018-02-25 18:45,14830
2018-02-25 18:50,14943
2018-02-25 18:55,15053
2018-02-25 19:00,15223
2018-02-25 19:05,15313
2018-02-25 19:10,15344
2018-02-25 19:15,15326
2018-02-25 19:20,15404
2018-02-25 19:25,15491
2018-02-25 19:30,15499
2018-02-25 19:35,15492
2018-02-25 19:40,15576
2018-02-25 19:45,15577
2018-02-25 19:50,15524
2018-02-25 19:55,15548
2018-02-25 20:00,15518
2018-02-25 20:05,15548
2018-02-25 20:10,15535
2018-02-25 20:15,15514
2018-02-25 20:20,15409
2018-02-25 20:25,15342
2018-02-25 20:30,15281
2018-02-25 20:35,15200
2018-02-25 20:40,15208
2018-02-25 20:45,15208
2018-02-25 20:50,15147
2018-02-25 20:55,15042
2018-02-25 21:00,14897
2018-02-25 21:05,14785
2018-02-25 21:10,14633
2018-02-25 21:15,14493
2018-02-25 21:20,14446
2018-02-25 21:25,14307
2018-02-25 21:30,14265
2018-02-25 21:35,14211
2018-02-25 21:40,14113
2018-02-25 21:45,14092
2018-02-25 21:50,13952
2018-02-25 21:55,13784
2018-02-25 22:00,13680
2018-02-25 22:05,13558
2018-02-25 22:10,13452
2018-02-25 22:15,13346
2018-02-25 22:20,13175
2018-02-25 22:25,13062
2018-02-25 22:30,12903
2018-02-25 22:35,12730
2018-02-25 22:40,12514
2018-02-25 22:45,12406
2018-02-25 22:50,12305
2018-02-25 22:55,12246
2018-02-25 23:00,12152
2018-02-25 23:05,12021
2018-02-25 23:10,11851
2018-02-25 23:15,11690
2018-02-25 23:20,11611
2018-02-25 23:25,11484
2018-02-25 23:30,11448
2018-02-25 23:35,11292
2018-02-25 23:40,11130
2018-02-25 23:45,11053
2018-02-25 23:50,10998
2018-02-25 23:55,10895
2018-02-26 00:00,10886
2018-02-26 00:05,10819
2018-02-26 00:10,10783
2018-02-26 00:15,10714
2018-02-26 00:20,10655
2018-02-26 00:25,10520
2018-02-26 00:30,10445
2018-02-26 00:35,10406
2018-02-26 00:40,10333
2018-02-26 00:45,10195
2018-02-26 00:50,10095
2018-02-26 00:55,10087
2018-02-26 01:00,10068
2018-02-26 01:05,10043
2018-02-26 01:10,10026
2018-02-26 01:15,9952
2018-02-26 01:20,9940
2018-02-26 01:25,9852
2018-02-26 01:30,9815
2018-02-26 01:35,9892
2018-02-26 01:40,9903
2018-02-26 01:45,9869
2018-02-26 01:50,9840
2018-02-26 01:55,9867
2018-02-26 02:00,9777
2018-02-26 02:05,9728
2018-02-26 02:10,9683
2018-02-26 02:15,9666
2018-02-26 02:20,9649
2018-02-26 02:25,9596
2018-02-26 02:30,9536
2018-02-26 02:35,9491
2018-02-26 02:40,9464
2018-02-26 02:45,9410
2018-02-26 02:50,9340
2018-02-26 02:55,9255
2018-02-26 03:00,9165
2018-02-26 03:05,9055
2018-02-26 03:10,8976
2018-02-26 03:15,8907
2018-02-26 03:20,8784
2018-02-26 03:25,8679
2018-02-26 03:30,8581
2018-02-26 03:35,8453
2018-02-26 03:40,8345
2018-02-26 03:45,8254
2018-02-26 03:50,8210
2018-02-26 03:55,8127
2018-02-26 04:00,7951
2018-02-26 04:05,7827
2018-02-26 04:10,7778
2018-02-26 04:15,7678
2018-02-26 04:20,7558
2018-02-26 04:25,7462
2018-02-26 04:30,7357
2018-02-26 04:35,7253
2018-02-26 04:40,7100
2018-02-26 04:45,7031
2018-02-26 04:50,6923
2018-02-26 04:55,6802
2018-02-26 05:00,6674
2018-02-26 05:05,6654
2018-02-26 05:10,6563
2018-02-26 05:15,6472
2018-02-26 05:20,6336
2018-02-26 05:25,6238
2018-02-26 05:30,6153
2018-02-26 05:35,6071
2018-02-26 05:40,5984
2018-02-26 05:45,5898
2018-02-26 05:50,5815
2018-02-26 05:55,5700
2018-02-26 06:00,5597
2018-02-26 06:05,5517
2018-02-26 06:10,5419
2018-02-26 06:15,5306
2018-02-26 06:20,5233
2018-02-26 06:25,5162
2018-02-26 06:30,5073
2018-02-26 06:35,5027
2018-02-26 06:40,4984
2018-02-26 06:45,4882
2018-02-26 06:50,4849
2018-02-26 06:55,4818
2018-02-26 07:00,4733
2018-02-26 07:05,4655
2018-02-26 07:10,4577
2018-02-26 07:15,4506
2018-02-26 07:20,4412
2018-02-26 07:25,4371
2018-02-26 07:30,4313
2018-02-26 07:35,4260
2018-02-26 07:40,4213
2018-02-26 07:45,4180
2018-02-26 07:50,4112
2018-02-26 07:55,4080
2018-02-26 08:00,4053
2018-02-26 08:05,4039
2018-02-26 08:10,4056
2018-02-26 08:15,4009
2018-02-26 08:20,3960
2018-02-26 08:25,3932
2018-02-26 08:30,3926
2018-02-26 08:35,3908
2018-02-26 08:40,3892
2018-02-26 08:45,3894
2018-02-26 08:50,3885
2018-02-26 08:55,3848
2018-02-26 09:00,3849
2018-02-26 09:05,3888
2018-02-26 09:10,3919
2018-02-26 09:15,3934
2018-02-26 09:20,3962
2018-02-26 09:25,3968
2018-02-26 09:30,4013
2018-02-26 09:35,4070
2018-02-26 09:40,4077
2018-02-26 09:45,4123
2018-02-26 09:50,4107
2018-02-26 09:55,4170
2018-02-26 10:00,4229
2018-02-26 10:05,4297
2018-02-26 10:10,4288
2018-02-26 10:15,4330
2018-02-26 10:20,4391
2018-02-26 10:25,4399
2018-02-26 10:30,4459
2018-02-26 10:35,4451
2018-02-26 10:40,4521
2018-02-26 10:45,4539
2018-02-26 10:50,4560
2018-02-26 10:55,4626
2018-02-26 11:00,4674
2018-02-26 11:05,4707
2018-02-26 11:10,4752
2018-02-26 11:15,4766
2018-02-26 11:20,4824
2018-02-26 11:25,4879
2018-02-26 11:30,4921
2018-02-26 11:35,4995
2018-02-26 11:40,5058
2018-02-26 11:45,5063
2018-02-26 11:50,5128
2018-02-26 11:55,5197
2018-02-26 12:00,5297
2018-02-26 12:05,5372
2018-02-26 12:10,5407
2018-02-26 12:15,5490
2018-02-26 12:20,5558
2018-02-26 12:25,5577
2018-02-26 12:30,5698
2018-02-26 12:35,5781
2018-02-26 12:40,5847
2018-02-26 12:45,5945
2018-02-26 12:50,6050
2018-02-26 12:55,6184
2018-02-26 13:00,6190
2018-02-26 13:05,6268
2018-02-26 13:10,6339
2018-02-26 13:15,6436
2018-02-26 13:20,6532
2018-02-26 13:25,6584
2018-02-26 13:30,6647
2018-02-26 13:35,6687
2018-02-26 13:40,6763
2018-02-26 13:45,6791
2018-02-26 13:50,6871
2018-02-26 13:55,6940
2018-02-26 14:00,7028
2018-02-26 14:05,7134
2018-02-26 14:10,7241
2018-02-26 14:15,7250
2018-02-26 14:20,7346
2018-02-26 14:25,7502
2018-02-26 14:30,7614
2018-02-26 14:35,7675
2018-02-26 14:40,7769
2018-02-26 14:45,7889
2018-02-26 14:50,7934
2018-02-26 14:55,8033
2018-02-26 15:00,8104
2018-02-26 15:05,8141
2018-02-26 15:10,8251
2018-02-26 15:15,8334
2018-02-26 15:20,8435
2018-02-26 15:25,8523
2018-02-26 15:30,8580
2018-02-26 15:35,8684
2018-02-26 15:40,8755
2018-02-26 15:45,8850
2018-02-26 15:50,8973
2018-02-26 15:55,9079
2018-02-26 16:00,9118
2018-02-26 16:05,9234
2018-02-26 16:10,9318
2018-02-26 16:15,9481
2018-02-26 16:20,9501
2018-02-26 16:25,9586
2018-02-26 16:30,9631
2018-02-26 16:35,9782
2018-02-26 16:40,9854
2018-02-26 16:45,9909
2018-02-26 16:50,9962
2018-02-26 16:55,10062
2018-02-26 17:00,10141
2018-02-26 17:05,10250
2018-02-26 17:10,10359
2018-02-26 17:15,10416
2018-02-26 17:20,10491
2018-02-26 17:25,10618
2018-02-26 17:30,10760
2018-02-26 17:35,10810
2018-02-26 17:40,10873
2018-02-26 17:45,10932
2018-02-26 17:50,11017
2018-02-26 17:55,11082
2018-02-26 18:00,
2018-02-26 18:05,0
2018-02-26 18:10,11242
2018-02-26 18:15,11354
2018-02-26 18:20,11401
2018-02-26 18:25,11477
2018-02-26 18:30,11513
2018-02-26 18:35,11635
2018-02-26 18:40,11643
2018-02-26 18:45,11697
2018-02-26 18:50,11744
2018-02-26 18:55,11764
2018-02-26 19:00,11859
2018-02-26 19:05,11913
2018-02-26 19:10,11817
2018-02-26 19:15,11962
2018-02-26 19:20,12022
2018-02-26 19:25,12083
2018-02-26 19:30,12128
2018-02-26 19:35,12155
2018-02-26 19:40,12256
2018-02-26 19:45,12272
2018-02-26 19:50,12302
2018-02-26 19:55,12363
2018-02-26 20:00,12369
2018-02-26 20:05,12342
2018-02-26 20:10,12364
2018-02-26 20:15,12390
2018-02-26 20:20,12371
2018-02-26 20:25,12421
2018-02-26 20:30,12431
2018-02-26 20:35,12502
2018-02-26 20:40,12508
2018-02-26 20:45,12509
2018-02-26 20:50,12467
2018-02-26 20:55,12414
2018-02-26 21:00,12335
2018-02-26 21:05,12295
2018-02-26 21:10,12161
2018-02-26 21:15,12095
2018-02-26 21:20,12148
2018-02-26 21:25,12122
2018-02-26 21:30,12146
2018-02-26 21:35,12082
2018-02-26 21:40,12026
2018-02-26 21:45,11954
2018-02-26 21:50,11941
2018-02-26 21:55,11867
2018-02-26 22:00,11750
2018-02-26 22:05,11674
2018-02-26 22:10,11515
2018-02-26 22:15,11358
2018-02-26 22:20,11346
2018-02-26 22:25,11245
2018-02-26 22:30,11156
2018-02-26 22:35,11038
2018-02-26 22:40,10893
2018-02-26 22:45,10811
2018-02-26 22:50,10729
2018-02-26 22:55,10608
2018-02-26 23:00,10588
2018-02-26 23:05,10545
2018-02-26 23:10,10428
2018-02-26 23:15,10277
2018-02-26 23:20,10216
2018-02-26 23:25,10150
2018-02-26 23:30,10062
2018-02-26 23:35,9980
2018-02-26 23:40,9936
2018-02-26 23:45,9889
2018-02-26 23:50,9842
2018-02-26 23:55,9785
2018-02-27 00:00,9710
2018-02-27 00:05,9685
2018-02-27 00:10,9645
2018-02-27 00:15,9493
2018-02-27 00:20,9436
2018-02-27 00:25,9367
2018-02-27 00:30,9336
2018-02-27 00:35,9373
2018-02-27 00:40,9340
2018-02-27 00:45,9346
2018-02-27 00:50,9369
2018-02-27 00:55,9370
2018-02-27 01:00,9407
2018-02-27 01:05,9409
2018-02-27 01:10,9475
2018-02-27 01:15,9445
2018-02-27 01:20,9447
2018-02-27 01:25,9495
2018-02-27 01:30,9451
2018-02-27 01:35,9430
2018-02-27 01:40,9439
2018-02-27 01:45,9421
2018-02-27 01:50,9440
2018-02-27 01:55,9375
2018-02-27 02:00,9378
2018-02-27 02:05,9297
2018-02-27 02:10,9255
2018-02-27 02:15,9193
2018-02-27 02:20,9152
2018-02-27 02:25,9134
2018-02-27 02:30,9016
2018-02-27 02:35,9032
2018-02-27 02:40,9048
2018-02-27 02:45,9005
2018-02-27 02:50,8990
2018-02-27 02:55,8894
2018-02-27 03:00,8779
2018-02-27 03:05,8735
2018-02-27 03:10,8727
2018-02-27 03:15,8665
2018-02-27 03:20,8639
2018-02-27 03:25,8560
2018-02-27 03:30,8482
2018-02-27 03:35,8366
2018-02-27 03:40,8348
2018-02-27 03:45,8269
2018-02-27 03:50,8214
2018-02-27 03:55,8136
2018-02-27 04:00,7995
2018-02-27 04:05,7854
2018-02-27 04:10,7751
2018-02-27 04:15,7640
2018-02-27 04:20,7556
2018-02-27 04:25,7439
2018-02-27 04:30,7326
2018-02-27 04:35,7238
2018-02-27 04:40,7151
2018-02-27 04:45,7059
2018-02-27 04:50,6935
2018-02-27 04:55,6761
2018-02-27 05:00,6667
2018-02-27 05:05,6551
2018-02-27 05:10,6443
2018-02-27 05:15,6346
2018-02-27 05:20,6205
2018-02-27 05:25,6125
2018-02-27 05:30,6040
2018-02-27 05:35,5905
2018-02-27 05:40,5798
2018-02-27 05:45,5724
2018-02-27 05:50,5613
2018-02-27 05:55,5525
2018-02-27 06:00,5430
2018-02-27 06:05,5350
2018-02-27 06:10,5248
2018-02-27 06:15,5198
2018-02-27 06:20,5118
2018-02-27 06:25,5068
2018-02-27 06:30,5012
2018-02-27 06:35,4906
2018-02-27 06:40,4842
2018-02-27 06:45,4746
2018-02-27 06:50,4659
2018-02-27 06:55,4580
2018-02-27 07:00,4527
2018-02-27 07:05,4502
2018-02-27 07:10,4499
2018-02-27 07:15,4433
2018-02-27 07:20,4405
2018-02-27 07:25,4341
2018-02-27 07:30,4324
2018-02-27 07:35,4264
2018-02-27 07:40,4207
2018-02-27 07:45,4143
2018-02-27 07:50,4100
2018-02-27 07:55,4052
2018-02-27 08:00,4017
2018-02-27 08:05,3981
2018-02-27 08:10,3941
2018-02-27 08:15,3899
2018-02-27 08:20,3887
2018-02-27 08:25,3877
2018-02-27 08:30,3853
2018-02-27 08:35,3767
2018-02-27 08:40,3696
2018-02-27 08:45,3724
2018-02-27 08:50,3729
2018-02-27 08:55,3652
2018-02-27 09:00,3642
2018-02-27 09:05,3581
2018-02-27 09:10,3637
2018-02-27 09:15,3626
2018-02-27 09:20,3609
2018-02-27 09:25,3578
2018-02-27 09:30,3534
2018-02-27 09:35,3354
2018-02-27 09:40,2701
2018-02-27 09:45,2141
2018-02-27 09:50,1690
2018-02-27 09:55,1414
2018-02-27 10:00,1255
2018-02-27 10:05,1157
2018-02-27 10:10,1119
2018-02-27 10:15,1099
2018-02-27 10:20,1109
2018-02-27 10:25,1106
2018-02-27 10:30,1106
2018-02-27 10:35,1111
2018-02-27 10:40,1120
2018-02-27 10:45,1132
2018-02-27 10:50,1131
2018-02-27 10:55,1163
2018-02-27 11:00,1156
2018-02-27 11:05,1175
2018-02-27 11:10,1201
2018-02-27 11:15,1212
2018-02-27 11:20,1238
2018-02-27 11:25,1252
2018-02-27 11:30,1275
2018-02-27 11:35,1299
2018-02-27 11:40,1292
2018-02-27 11:45,1312
2018-02-27 11:50,1317
2018-02-27 11:55,1352
2018-02-27 12:00,1346
2018-02-27 12:05,1333
2018-02-27 12:10,1342
2018-02-27 12:15,1397
2018-02-27 12:20,1410
2018-02-27 12:25,1481
2018-02-27 12:30,1522
2018-02-27 12:35,1539
2018-02-27 12:40,1570
2018-02-27 12:45,1627
2018-02-27 12:50,1671
2018-02-27 12:55,1597
2018-02-27 13:00,1628
2018-02-27 13:05,1652
2018-02-27 13:10,1655
2018-02-27 13:15,1705
2018-02-27 13:20,1737
2018-02-27 13:25,1773
2018-02-27 13:30,1768
2018-02-27 13:35,1851
2018-02-27 13:40,1849
2018-02-27 13:45,1867
2018-02-27 13:50,1912
2018-02-27 13:55,1966
2018-02-27 14:00,1963
2018-02-27 14:05,1943
2018-02-27 14:10,2003
2018-02-27 14:15,2045
2018-02-27 14:20,2074
2018-02-27 14:25,2081
2018-02-27 14:30,2104
2018-02-27 14:35,2149
2018-02-27 14:40,2202
2018-02-27 14:45,2202
2018-02-27 14:50,2096
2018-02-27 14:55,1978
2018-02-27 15:00,1886
2018-02-27 15:05,1952
2018-02-27 15:10,2115
2018-02-27 15:15,2167
2018-02-27 15:20,2337
2018-02-27 15:25,2433
2018-02-27 15:30,2465
2018-02-27 15:35,2488
2018-02-27 15:40,2555
2018-02-27 15:45,2577
2018-02-27 15:50,2637
2018-02-27 15:55,2657
2018-02-27 16:00,2693
2018-02-27 16:05,2692
2018-02-27 16:10,4315
2018-02-27 16:15,5392
2018-02-27 16:20,6789
2018-02-27 16:25,7888
2018-02-27 16:30,8748
2018-02-27 16:35,9476
2018-02-27 16:40,10087
2018-02-27 16:45,10617
2018-02-27 16:50,11125
2018-02-27 16:55,11610
2018-02-27 17:00,12026
2018-02-27 17:05,12319
2018-02-27 17:10,12617
2018-02-27 17:15,12866
2018-02-27 17:20,12992
2018-02-27 17:25,13169
2018-02-27 17:30,13341
2018-02-27 17:35,13503
2018-02-27 17:40,13665
2018-02-27 17:45,13886
2018-02-27 17:50,14002
2018-02-27 17:55,14060
2018-02-27 18:00,14171
2018-02-27 18:05,14121
2018-02-27 18:10,14216
2018-02-27 18:15,14281
2018-02-27 18:20,14326
2018-02-27 18:25,14410
2018-02-27 18:30,14431
2018-02-27 18:35,14516
2018-02-27 18:40,14497
2018-02-27 18:45,14473
2018-02-27 18:50,14548
2018-02-27 18:55,14604
2018-02-27 19:00,14629
2018-02-27 19:05,14608
2018-02-27 19:10,14604
2018-02-27 19:15,14647
2018-02-27 19:20,14635
2018-02-27 19:25,14647
2018-02-27 19:30,14659
2018-02-27 19:35,14817
2018-02-27 19:40,14881
2018-02-27 19:45,14870
2018-02-27 19:50,14846
2018-02-27 19:55,14833
2018-02-27 20:00,14796
2018-02-27 20:05,14637
2018-02-27 20:10,14607
2018-02-27 20:15,14684
2018-02-27 20:20,14662
2018-02-27 20:25,14645
2018-02-27 20:30,14556
2018-02-27 20:35,14518
2018-02-27 20:40,14508
2018-02-27 20:45,14469
2018-02-27 20:50,14408
2018-02-27 20:55,14352
2018-02-27 21:00,14250
2018-02-27 21:05,14171
2018-02-27 21:10,14050
2018-02-27 21:15,13968
2018-02-27 21:20,13883
2018-02-27 21:25,13827
2018-02-27 21:30,13803
2018-02-27 21:35,13730
2018-02-27 21:40,13648
2018-02-27 21:45,13536
2018-02-27 21:50,13476
2018-02-27 21:55,13373
2018-02-27 22:00,13270
2018-02-27 22:05,13127
2018-02-27 22:10,13021
2018-02-27 22:15,12969
2018-02-27 22:20,12833
2018-02-27 22:25,12710
2018-02-27 22:30,12623
2018-02-27 22:35,12537
2018-02-27 22:40,12434
2018-02-27 22:45,12387
2018-02-27 22:50,12268
2018-02-27 22:55,12123
2018-02-27 23:00,12020
2018-02-27 23:05,11864
2018-02-27 23:10,11795
2018-02-27 23:15,11702
2018-02-27 23:20,0
2018-02-27 23:25,10842
2018-02-27 23:30,11166
2018-02-27 23:35,11215
2018-02-27 23:40,11189
2018-02-27 23:45,11193
2018-02-27 23:50,11119
2018-02-27 23:55,11082
2018-02-28 00:00,10972
2018-02-28 00:05,10914
2018-02-28 00:10,10822
2018-02-28 00:15,10805
2018-02-28 00:20,10800
2018-02-28 00:25,10775
2018-02-28 00:30,10729
2018-02-28 00:35,10685
2018-02-28 00:40,10720
2018-02-28 00:45,10632
2018-02-28 00:50,10627
2018-02-28 00:55,10574
2018-02-28 01:00,10511
2018-02-28 01:05,10474
2018-02-28 01:10,10456
2018-02-28 01:15,10490
2018-02-28 01:20,10433
2018-02-28 01:25,10458
2018-02-28 01:30,10460
2018-02-28 01:35,10500
2018-02-28 01:40,10420
2018-02-28 01:45,10400
2018-02-28 01:50,10330
2018-02-28 01:55,10362
2018-02-28 02:00,10352
2018-02-28 02:05,10351
2018-02-28 02:10,10401
2018-02-28 02:15,10441
2018-02-28 02:20,10465
2018-02-28 02:25,10533
2018-02-28 02:30,10563
2018-02-28 02:35,10469
2018-02-28 02:40,10429
2018-02-28 02:45,10401
2018-02-28 02:50,10394
2018-02-28 02:55,10393
2018-02-28 03:00,10361
2018-02-28 03:05,10339
2018-02-28 03:10,10203
2018-02-28 03:15,10125
2018-02-28 03:20,10039
2018-02-28 03:25,9936
2018-02-28 03:30,9839
2018-02-28 03:35,9764
2018-02-28 03:40,9674
2018-02-28 03:45,9568
2018-02-28 03:50,9453
2018-02-28 03:55,9330
2018-02-28 04:00,9191
2018-02-28 04:05,9099
2018-02-28 04:10,8945
2018-02-28 04:15,8816
2018-02-28 04:20,8675
2018-02-28 04:25,8522
2018-02-28 04:30,8427
2018-02-28 04:35,8284
2018-02-28 04:40,8186
2018-02-28 04:45,8066
2018-02-28 04:50,7906
2018-02-28 04:55,7756
2018-02-28 05:00,7645
2018-02-28 05:05,7466
2018-02-28 05:10,7303
2018-02-28 05:15,7231
2018-02-28 05:20,7128
2018-02-28 05:25,7034
2018-02-28 05:30,6792
2018-02-28 05:35,6739
2018-02-28 05:40,6635
2018-02-28 05:45,6506
2018-02-28 05:50,6408
2018-02-28 05:55,6302
2018-02-28 06:00,6218
2018-02-28 06:05,6088
2018-02-28 06:10,6016
2018-02-28 06:15,5902
2018-02-28 06:20,5818
2018-02-28 06:25,5722
2018-02-28 06:30,5634
2018-02-28 06:35,5533
2018-02-28 06:40,5496
2018-02-28 06:45,5438
2018-02-28 06:50,5305
2018-02-28 06:55,5196
2018-02-28 07:00,5156
2018-02-28 07:05,5108
2018-02-28 07:10,5063
2018-02-28 07:15,5014
2018-02-28 07:20,4972
2018-02-28 07:25,4928
2018-02-28 07:30,4864
2018-02-28 07:35,4844
2018-02-28 07:40,4814
2018-02-28 07:45,4743
2018-02-28 07:50,4674
2018-02-28 07:55,4591
2018-02-28 08:00,4610
2018-02-28 08:05,4586
2018-02-28 08:10,4577
2018-02-28 08:15,4578
2018-02-28 08:20,4583
2018-02-28 08:25,4565
2018-02-28 08:30,4542
2018-02-28 08:35,4529
2018-02-28 08:40,4503
2018-02-28 08:45,4507
2018-02-28 08:50,4490
2018-02-28 08:55,4502
2018-02-28 09:00,4497
2018-02-28 09:05,4553
2018-02-28 09:10,4563
2018-02-28 09:15,4610
2018-02-28 09:20,4644
2018-02-28 09:25,4676
2018-02-28 09:30,4742
2018-02-28 09:35,4766
2018-02-28 09:40,4828
2018-02-28 09:45,4853
2018-02-28 09:50,4848
2018-02-28 09:55,4884
2018-02-28 10:00,4933
2018-02-28 10:05,4992
2018-02-28 10:10,5057
2018-02-28 10:15,5132
2018-02-28 10:20,5156
2018-02-28 10:25,5216
2018-02-28 10:30,5287
2018-02-28 10:35,5313
2018-02-28 10:40,5302
2018-02-28 10:45,5298
2018-02-28 10:50,5393
2018-02-28 10:55,5429
2018-02-28 11:00,5461
2018-02-28 11:05,5544
2018-02-28 11:10,5576
2018-02-28 11:15,5643
2018-02-28 11:20,5686
2018-02-28 11:25,5738
2018-02-28 11:30,5744
2018-02-28 11:35,5836
2018-02-28 11:40,5902
2018-02-28 11:45,5930
2018-02-28 11:50,5953
2018-02-28 11:55,6033
2018-02-28 12:00,6100
2018-02-28 12:05,6173
2018-02-28 12:10,6223
2018-02-28 12:15,6238
2018-02-28 12:20,6352
2018-02-28 12:25,6448
2018-02-28 12:30,6560
2018-02-28 12:35,6666
2018-02-28 12:40,6721
2018-02-28 12:45,6815
2018-02-28 12:50,6927
2018-02-28 12:55,6985
2018-02-28 13:00,7108
2018-02-28 13:05,7231
2018-02-28 13:10,7343
2018-02-28 13:15,7433
2018-02-28 13:20,7516
2018-02-28 13:25,7619
2018-02-28 13:30,7611
2018-02-28 13:35,7685
2018-02-28 13:40,7783
2018-02-28 13:45,7857
2018-02-28 13:50,7939
2018-02-28 13:55,8003
2018-02-28 14:00,8054
2018-02-28 14:05,8142
2018-02-28 14:10,8259
2018-02-28 14:15,8417
2018-02-28 14:20,8559
2018-02-28 14:25,8665
2018-02-28 14:30,8711
2018-02-28 14:35,8815
2018-02-28 14:40,8920
2018-02-28 14:45,9030
2018-02-28 14:50,9130
2018-02-28 14:55,9255
2018-02-28 15:00,9312
2018-02-28 15:05,9399
2018-02-28 15:10,9463
2018-02-28 15:15,9585
2018-02-28 15:20,9669
2018-02-28 15:25,9733
2018-02-28 15:30,9803
2018-02-28 15:35,9880
2018-02-28 15:40,10014
2018-02-28 15:45,10153
2018-02-28 15:50,10223
2018-02-28 15:55,10320
2018-02-28 16:00,10393
2018-02-28 16:05,10479
2018-02-28 16:10,10609
2018-02-28 16:15,10720
2018-02-28 16:20,10806
2018-02-28 16:25,10877
2018-02-28 16:30,11026
2018-02-28 16:35,11075
2018-02-28 16:40,11150
2018-02-28 16:45,11170
2018-02-28 16:50,11233
2018-02-28 16:55,11241
2018-02-28 17:00,11332
2018-02-28 17:05,11345
2018-02-28 17:10,11372
2018-02-28 17:15,11428
2018-02-28 17:20,11533
2018-02-28 17:25,11536
2018-02-28 17:30,11537
2018-02-28 17:35,11519
2018-02-28 17:40,11536
2018-02-28 17:45,11566
2018-02-28 17:50,11565
2018-02-28 17:55,11852
2018-02-28 18:00,11986
2018-02-28 18:05,12067
2018-02-28 18:10,12174
2018-02-28 18:15,12320
2018-02-28 18:20,12379
2018-02-28 18:25,12423
2018-02-28 18:30,12434
2018-02-28 18:35,12543
2018-02-28 18:40,12641
2018-02-28 18:45,12642
2018-02-28 18:50,12662
2018-02-28 18:55,12772
2018-02-28 19:00,12794
2018-02-28 19:05,12827
2018-02-28 19:10,12891
2018-02-28 19:15,12930
2018-02-28 19:20,13005
2018-02-28 19:25,13103
2018-02-28 19:30,13075
2018-02-28 19:35,13076
2018-02-28 19:40,13136
2018-02-28 19:45,13210
2018-02-28 19:50,13237
2018-02-28 19:55,13159
2018-02-28 20:00,13178
2018-02-28 20:05,13199
2018-02-28 20:10,13245
2018-02-28 20:15,13314
2018-02-28 20:20,13251
2018-02-28 20:25,13303
2018-02-28 20:30,13231
2018-02-28 20:35,13255
2018-02-28 20:40,13274
2018-02-28 20:45,13224
2018-02-28 20:50,13257
2018-02-28 20:55,13188
2018-02-28 21:00,13103
2018-02-28 21:05,13052
2018-02-28 21:10,12980
2018-02-28 21:15,12939
2018-02-28 21:20,12854
2018-02-28 21:25,12881
2018-02-28 21:30,12831
2018-02-28 21:35,12734
2018-02-28 21:40,12650
2018-02-28 21:45,12612
2018-02-28 21:50,12483
2018-02-28 21:55,12395
2018-02-28 22:00,12312
2018-02-28 22:05,12213
2018-02-28 22:10,12077
2018-02-28 22:15,11927
2018-02-28 22:20,11829
2018-02-28 22:25,11781
2018-02-28 22:30,11655
2018-02-28 22:35,11591
2018-02-28 22:40,11485
2018-02-28 22:45,11378
2018-02-28 22:50,11275
2018-02-28 22:55,11189
2018-02-28 23:00,11021
2018-02-28 23:05,10950
2018-02-28 23:10,10823
2018-02-28 23:15,10760
2018-02-28 23:20,10675
2018-02-28 23:25,10650
2018-02-28 23:30,10387
2018-02-28 23:35,10422
2018-02-28 23:40,10413
2018-02-28 23:45,10378
2018-02-28 23:50,10282
2018-02-28 23:55,10246
2018-03-01 00:00,10223
2018-03-01 00:05,10214
2018-03-01 00:10,10144
2018-03-01 00:15,10164
2018-03-01 00:20,10071
2018-03-01 00:25,10067
2018-03-01 00:30,10034
2018-03-01 00:35,10047
2018-03-01 00:40,10057
2018-03-01 00:45,9989
2018-03-01 00:50,9943
2018-03-01 00:55,9886
2018-03-01 01:00,9830
2018-03-01 01:05,9876
2018-03-01 01:10,9856
2018-03-01 01:15,9828
2018-03-01 01:20,9891
2018-03-01 01:25,9915
2018-03-01 01:30,9956
2018-03-01 01:35,9931
2018-03-01 01:40,9871
2018-03-01 01:45,9918
2018-03-01 01:50,9830
2018-03-01 01:55,9799
2018-03-01 02:00,9786
2018-03-01 02:05,9761
2018-03-01 02:10,9746
2018-03-01 02:15,9740
2018-03-01 02:20,9677
2018-03-01 02:25,9684
2018-03-01 02:30,9652
2018-03-01 02:35,9625
2018-03-01 02:40,9624
2018-03-01 02:45,9552
2018-03-01 02:50,9478
2018-03-01 02:55,9451
2018-03-01 03:00,9375
2018-03-01 03:05,9292
2018-03-01 03:10,9206
2018-03-01 03:15,9127
2018-03-01 03:20,9020
2018-03-01 03:25,9020
2018-03-01 03:30,8994
2018-03-01 03:35,8923
2018-03-01 03:40,8876
2018-03-01 03:45,8727
2018-03-01 03:50,8606
2018-03-01 03:55,8532
2018-03-01 04:00,8397
2018-03-01 04:05,8255
2018-03-01 04:10,8111
2018-03-01 04:15,7988
2018-03-01 04:20,7930
2018-03-01 04:25,7896
2018-03-01 04:30,7803
2018-03-01 04:35,7671
2018-03-01 04:40,7580
2018-03-01 04:45,7466
2018-03-01 04:50,7374
2018-03-01 04:55,7255
2018-03-01 05:00,7148
2018-03-01 05:05,6994
2018-03-01 05:10,6841
2018-03-01 05:15,6741
2018-03-01 05:20,6614
2018-03-01 05:25,6532
2018-03-01 05:30,6438
2018-03-01 05:35,6376
2018-03-01 05:40,6314
2018-03-01 05:45,6137
2018-03-01 05:50,6019
2018-03-01 05:55,5866
2018-03-01 06:00,5774
2018-03-01 06:05,5671
2018-03-01 06:10,5586
2018-03-01 06:15,5459
2018-03-01 06:20,5312
2018-03-01 06:25,5289
2018-03-01 06:30,5184
2018-03-01 06:35,5082
2018-03-01 06:40,5010
2018-03-01 06:45,4991
2018-03-01 06:50,0
2018-03-01 06:55,4880
2018-03-01 07:00,4783
2018-03-01 07:05,4733
2018-03-01 07:10,4687
2018-03-01 07:15,4642
2018-03-01 07:20,4614
2018-03-01 07:25,4557
2018-03-01 07:30,4537
2018-03-01 07:35,4508
2018-03-01 07:40,4459
2018-03-01 07:45,4430
2018-03-01 07:50,4410
2018-03-01 07:55,4348
2018-03-01 08:00,4305
2018-03-01 08:05,4280
2018-03-01 08:10,4259
2018-03-01 08:15,4223
2018-03-01 08:20,4168
2018-03-01 08:25,4138
2018-03-01 08:30,4144
2018-03-01 08:35,4128
2018-03-01 08:40,4151
2018-03-01 08:45,4141
2018-03-01 08:50,4169
2018-03-01 08:55,4167
2018-03-01 09:00,4174
2018-03-01 09:05,4209
2018-03-01 09:10,4270
2018-03-01 09:15,4321
2018-03-01 09:20,4395
2018-03-01 09:25,4411
2018-03-01 09:30,4412
2018-03-01 09:35,4443
2018-03-01 09:40,4465
2018-03-01 09:45,4508
2018-03-01 09:50,4562
2018-03-01 09:55,4648
2018-03-01 10:00,4662
2018-03-01 10:05,4673
2018-03-01 10:10,4757
2018-03-01 10:15,4830
2018-03-01 10:20,4869
2018-03-01 10:25,4929
2018-03-01 10:30,5030
2018-03-01 10:35,5064
2018-03-01 10:40,5128
2018-03-01 10:45,5156
2018-03-01 10:50,5208
2018-03-01 10:55,5265
2018-03-01 11:00,5310
2018-03-01 11:05,5320
2018-03-01 11:10,5372
2018-03-01 11:15,5384
2018-03-01 11:20,5455
2018-03-01 11:25,5514
2018-03-01 11:30,5600
2018-03-01 11:35,5631
2018-03-01 11:40,5685
2018-03-01 11:45,5779
2018-03-01 11:50,5832
2018-03-01 11:55,5864
2018-03-01 12:00,5893
2018-03-01 12:05,5928
2018-03-01 12:10,5960
2018-03-01 12:15,6017
2018-03-01 12:20,6005
2018-03-01 12:25,6069
2018-03-01 12:30,6194
2018-03-01 12:35,6331
2018-03-01 12:40,6400
2018-03-01 12:45,6446
2018-03-01 12:50,6512
2018-03-01 12:55,6550
2018-03-01 13:00,6644
2018-03-01 13:05,6749
2018-03-01 13:10,6840
2018-03-01 13:15,6946
2018-03-01 13:20,7046
2018-03-01 13:25,7143
2018-03-01 13:30,7208
2018-03-01 13:35,7301
2018-03-01 13:40,7352
2018-03-01 13:45,7400
2018-03-01 13:50,7467
2018-03-01 13:55,7556
2018-03-01 14:00,7676
2018-03-01 14:05,7746
2018-03-01 14:10,7880
2018-03-01 14:15,7967
2018-03-01 14:20,8083
2018-03-01 14:25,8208
2018-03-01 14:30,8349
2018-03-01 14:35,8465
2018-03-01 14:40,8563
2018-03-01 14:45,8701
2018-03-01 14:50,8790
2018-03-01 14:55,8831
2018-03-01 15:00,8987
2018-03-01 15:05,9039
2018-03-01 15:10,9144
2018-03-01 15:15,9220
2018-03-01 15:20,9289
2018-03-01 15:25,9351
2018-03-01 15:30,9424
2018-03-01 15:35,9535
2018-03-01 15:40,9571
2018-03-01 15:45,9665
2018-03-01 15:50,9840
2018-03-01 15:55,9931
2018-03-01 16:00,9998
2018-03-01 16:05,10023
2018-03-01 16:10,10165
2018-03-01 16:15,10251
2018-03-01 16:20,10330
2018-03-01 16:25,10410
2018-03-01 16:30,10518
2018-03-01 16:35,10613
2018-03-01 16:40,10720
2018-03-01 16:45,10816
2018-03-01 16:50,10837
2018-03-01 16:55,10943
2018-03-01 17:00,10986
2018-03-01 17:05,11038
2018-03-01 17:10,11082
2018-03-01 17:15,11125
2018-03-01 17:20,11031
2018-03-01 17:25,11176
2018-03-01 17:30,11208
2018-03-01 17:35,11327
2018-03-01 17:40,11346
2018-03-01 17:45,11463
2018-03-01 17:50,11580
2018-03-01 17:55,11630
2018-03-01 18:00,11658
2018-03-01 18:05,11778
2018-03-01 18:10,11907
2018-03-01 18:15,12020
2018-03-01 18:20,12146
2018-03-01 18:25,12155
2018-03-01 18:30,12115
2018-03-01 18:35,12191
2018-03-01 18:40,12299
2018-03-01 18:45,12427
2018-03-01 18:50,12492
2018-03-01 18:55,12516
2018-03-01 19:00,12421
2018-03-01 19:05,12502
2018-03-01 19:10,12634
2018-03-01 19:15,12641
2018-03-01 19:20,12644
2018-03-01 19:25,12732
2018-03-01 19:30,12791
2018-03-01 19:35,12763
2018-03-01 19:40,12806
2018-03-01 19:45,12937
2018-03-01 19:50,12913
2018-03-01 19:55,12908
2018-03-01 20:00,12947
2018-03-01 20:05,12946
2018-03-01 20:10,12986
2018-03-01 20:15,12999
2018-03-01 20:20,12984
2018-03-01 20:25,12906
2018-03-01 20:30,12858
2018-03-01 20:35,12943
2018-03-01 20:40,12952
2018-03-01 20:45,12924
2018-03-01 20:50,12839
2018-03-01 20:55,12874
2018-03-01 21:00,12814
2018-03-01 21:05,12744
2018-03-01 21:10,12770
2018-03-01 21:15,12705
2018-03-01 21:20,12643
2018-03-01 21:25,12619
2018-03-01 21:30,12593
2018-03-01 21:35,12557
2018-03-01 21:40,12530
2018-03-01 21:45,12423
2018-03-01 21:50,12344
2018-03-01 21:55,12292
2018-03-01 22:00,12195
2018-03-01 22:05,12151
2018-03-01 22:10,12046
2018-03-01 22:15,12020
2018-03-01 22:20,11882
2018-03-01 22:25,11757
2018-03-01 22:30,11608
2018-03-01 22:35,11529
2018-03-01 22:40,11463
2018-03-01 22:45,11298
2018-03-01 22:50,11211
2018-03-01 22:55,11079
2018-03-01 23:00,10942
2018-03-01 23:05,10833
2018-03-01 23:10,10706
2018-03-01 23:15,10681
2018-03-01 23:20,10549
2018-03-01 23:25,10496
2018-03-01 23:30,10422
2018-03-01 23:35,10410
2018-03-01 23:40,10355
2018-03-01 23:45,10293
2018-03-01 23:50,10276
2018-03-01 23:55,10245
2018-03-02 00:00,10178
2018-03-02 00:05,10119
2018-03-02 00:10,10031
2018-03-02 00:15,10030
2018-03-02 00:20,10004
2018-03-02 00:25,9952
2018-03-02 00:30,9921
2018-03-02 00:35,9841
2018-03-02 00:40,9855
2018-03-02 00:45,9830
2018-03-02 00:50,9842
2018-03-02 00:55,9813
2018-03-02 01:00,9775
2018-03-02 01:05,9723
2018-03-02 01:10,9740
2018-03-02 01:15,9739
2018-03-02 01:20,9725
2018-03-02 01:25,9698
2018-03-02 01:30,9716
2018-03-02 01:35,9681
2018-03-02 01:40,9634
2018-03-02 01:45,9588
2018-03-02 01:50,9590
2018-03-02 01:55,9577
2018-03-02 02:00,9522
2018-03-02 02:05,9533
2018-03-02 02:10,9527
2018-03-02 02:15,9540
2018-03-02 02:20,9571
2018-03-02 02:25,9623
2018-03-02 02:30,9631
2018-03-02 02:35,9550
2018-03-02 02:40,9469
2018-03-02 02:45,9454
2018-03-02 02:50,9438
2018-03-02 02:55,0
2018-03-02 03:00,9292
2018-03-02 03:05,9186
2018-03-02 03:10,9043
2018-03-02 03:15,9026
2018-03-02 03:20,9006
2018-03-02 03:25,8937
2018-03-02 03:30,8820
2018-03-02 03:35,8746
2018-03-02 03:40,8679
2018-03-02 03:45,8651
2018-03-02 03:50,8574
2018-03-02 03:55,8430
2018-03-02 04:00,8263
2018-03-02 04:05,8155
2018-03-02 04:10,8046
2018-03-02 04:15,7996
2018-03-02 04:20,7901
2018-03-02 04:25,7838
2018-03-02 04:30,7759
2018-03-02 04:35,7629
2018-03-02 04:40,7491
2018-03-02 04:45,7392
2018-03-02 04:50,7308
2018-03-02 04:55,7206
2018-03-02 05:00,7110
2018-03-02 05:05,6994
2018-03-02 05:10,6917
2018-03-02 05:15,6791
2018-03-02 05:20,6700
2018-03-02 05:25,6588
2018-03-02 05:30,6512
2018-03-02 05:35,6451
2018-03-02 05:40,6364
2018-03-02 05:45,6275
2018-03-02 05:50,6203
2018-03-02 05:55,6066
2018-03-02 06:00,5958
2018-03-02 06:05,5908
2018-03-02 06:10,5809
2018-03-02 06:15,5674
2018-03-02 06:20,5556
2018-03-02 06:25,5498
2018-03-02 06:30,5421
2018-03-02 06:35,5339
2018-03-02 06:40,5278
2018-03-02 06:45,5168
2018-03-02 06:50,5130
2018-03-02 06:55,5043
2018-03-02 07:00,4971
2018-03-02 07:05,4882
2018-03-02 07:10,4796
2018-03-02 07:15,4766
2018-03-02 07:20,4695
2018-03-02 07:25,4695
2018-03-02 07:30,4683
2018-03-02 07:35,4653
2018-03-02 07:40,4584
2018-03-02 07:45,4571
2018-03-02 07:50,4528
2018-03-02 07:55,4495
2018-03-02 08:00,4481
2018-03-02 08:05,4429
2018-03-02 08:10,4373
2018-03-02 08:15,4326
2018-03-02 08:20,4296
2018-03-02 08:25,4236
2018-03-02 08:30,4266
2018-03-02 08:35,4271
2018-03-02 08:40,4249
2018-03-02 08:45,4228
2018-03-02 08:50,4210
2018-03-02 08:55,4187
2018-03-02 09:00,4151
2018-03-02 09:05,4185
2018-03-02 09:10,4233
2018-03-02 09:15,4221
2018-03-02 09:20,4242
2018-03-02 09:25,4261
2018-03-02 09:30,4316
2018-03-02 09:35,4332
2018-03-02 09:40,4384
2018-03-02 09:45,4409
2018-03-02 09:50,4410
2018-03-02 09:55,4509
2018-03-02 10:00,4565
2018-03-02 10:05,4629
2018-03-02 10:10,4671
2018-03-02 10:15,4697
2018-03-02 10:20,4736
2018-03-02 10:25,4779
2018-03-02 10:30,4816
2018-03-02 10:35,4905
2018-03-02 10:40,4988
2018-03-02 10:45,4994
2018-03-02 10:50,5092
2018-03-02 10:55,5104
2018-03-02 11:00,5146
2018-03-02 11:05,5191
2018-03-02 11:10,5261
2018-03-02 11:15,5330
2018-03-02 11:20,5446
2018-03-02 11:25,5506
2018-03-02 11:30,5584
2018-03-02 11:35,5643
2018-03-02 11:40,5730
2018-03-02 11:45,5773
2018-03-02 11:50,5812
2018-03-02 11:55,5881
2018-03-02 12:00,5935
2018-03-02 12:05,6042
2018-03-02 12:10,6139
2018-03-02 12:15,6214
2018-03-02 12:20,6322
2018-03-02 12:25,6399
2018-03-02 12:30,6503
2018-03-02 12:35,6574
2018-03-02 12:40,6682
2018-03-02 12:45,6770
2018-03-02 12:50,6859
2018-03-02 12:55,6561
2018-03-02 13:00,6145
2018-03-02 13:05,5862
2018-03-02 13:10,5764
2018-03-02 13:15,5791
2018-03-02 13:20,5975
2018-03-02 13:25,6122
2018-03-02 13:30,6290
2018-03-02 13:35,6342
2018-03-02 13:40,6477
2018-03-02 13:45,6625
2018-03-02 13:50,6773
2018-03-02 13:55,6961
2018-03-02 14:00,7133
2018-03-02 14:05,7169
2018-03-02 14:10,7274
2018-03-02 14:15,7449
2018-03-02 14:20,7353
2018-03-02 14:25,7372
2018-03-02 14:30,7353
2018-03-02 14:35,6213
2018-03-02 14:40,4892
2018-03-02 14:45,3905
2018-03-02 14:50,2945
2018-03-02 14:55,2422
2018-03-02 15:00,2213
2018-03-02 15:05,1931
2018-03-02 15:10,1927
2018-03-02 15:15,1939
2018-03-02 15:20,1963
2018-03-02 15:25,2013
2018-03-02 15:30,2038
2018-03-02 15:35,2084
2018-03-02 15:40,2034
2018-03-02 15:45,2214
2018-03-02 15:50,2832
2018-03-02 15:55,3678
2018-03-02 16:00,4639
2018-03-02 16:05,5547
2018-03-02 16:10,6350
2018-03-02 16:15,7002
2018-03-02 16:20,7669
2018-03-02 16:25,8193
2018-03-02 16:30,8708
2018-03-02 16:35,9117
2018-03-02 16:40,9544
2018-03-02 16:45,9921
2018-03-02 16:50,10294
2018-03-02 16:55,10557
2018-03-02 17:00,10790
2018-03-02 17:05,10999
2018-03-02 17:10,11187
2018-03-02 17:15,11381
2018-03-02 17:20,11496
2018-03-02 17:25,11602
2018-03-02 17:30,11840
2018-03-02 17:35,11956
2018-03-02 17:40,12083
2018-03-02 17:45,12185
2018-03-02 17:50,12234
2018-03-02 17:55,12257
2018-03-02 18:00,12318
2018-03-02 18:05,12406
2018-03-02 18:10,12476
2018-03-02 18:15,12587
2018-03-02 18:20,12735
2018-03-02 18:25,12848
2018-03-02 18:30,12903
2018-03-02 18:35,12875
2018-03-02 18:40,12924
2018-03-02 18:45,12999
2018-03-02 18:50,13075
2018-03-02 18:55,13173
2018-03-02 19:00,
2018-03-02 19:05,
2018-03-02 19:10,
2018-03-02 19:15,
2018-03-02 19:20,
2018-03-02 19:25,13198
2018-03-02 19:30,13178
2018-03-02 19:35,13202
2018-03-02 19:40,13252
2018-03-02 19:45,13270
2018-03-02 19:50,13257
2018-03-02 19:55,13284
2018-03-02 20:00,13282
2018-03-02 20:05,13353
2018-03-02 20:10,13270
2018-03-02 20:15,13327
2018-03-02 20:20,13347
2018-03-02 20:25,13401
2018-03-02 20:30,13438
2018-03-02 20:35,13576
2018-03-02 20:40,13559
2018-03-02 20:45,13670
2018-03-02 20:50,13650
2018-03-02 20:55,13633
2018-03-02 21:00,13659
2018-03-02 21:05,13586
2018-03-02 21:10,13551
2018-03-02 21:15,13622
2018-03-02 21:20,13568
2018-03-02 21:25,13507
2018-03-02 21:30,13474
2018-03-02 21:35,13398
2018-03-02 21:40,13324
2018-03-02 21:45,13279
2018-03-02 21:50,13233
2018-03-02 21:55,13166
2018-03-02 22:00,13095
2018-03-02 22:05,13014
2018-03-02 22:10,12945
2018-03-02 22:15,12891
2018-03-02 22:20,12826
2018-03-02 22:25,12737
2018-03-02 22:30,12713
2018-03-02 22:35,12759
2018-03-02 22:40,12725
2018-03-02 22:45,12686
2018-03-02 22:50,12589
2018-03-02 22:55,12530
2018-03-02 23:00,12416
2018-03-02 23:05,12305
2018-03-02 23:10,12195
2018-03-02 23:15,12117
2018-03-02 23:20,12106
2018-03-02 23:25,12009
2018-03-02 23:30,11950
2018-03-02 23:35,11868
2018-03-02 23:40,11729
2018-03-02 23:45,11653
2018-03-02 23:50,11581
2018-03-02 23:55,11468
2018-03-03 00:00,11418
2018-03-03 00:05,11341
2018-03-03 00:10,11205
2018-03-03 00:15,11132
2018-03-03 00:20,11064
2018-03-03 00:25,10999
2018-03-03 00:30,10981
2018-03-03 00:35,10967
2018-03-03 00:40,10904
2018-03-03 00:45,10839
2018-03-03 00:50,10839
2018-03-03 00:55,10777
2018-03-03 01:00,10433
2018-03-03 01:05,10560
2018-03-03 01:10,10487
2018-03-03 01:15,10434
2018-03-03 01:20,10439
2018-03-03 01:25,10406
2018-03-03 01:30,10384
2018-03-03 01:35,10345
2018-03-03 01:40,10268
2018-03-03 01:45,10199
2018-03-03 01:50,10205
2018-03-03 01:55,10181
2018-03-03 02:00,10202
2018-03-03 02:05,10174
2018-03-03 02:10,10163
2018-03-03 02:15,10167
2018-03-03 02:20,10082
2018-03-03 02:25,10003
2018-03-03 02:30,10003
2018-03-03 02:35,10024
2018-03-03 02:40,10047
2018-03-03 02:45,10022
2018-03-03 02:50,10016
2018-03-03 02:55,10032
2018-03-03 03:00,10001
2018-03-03 03:05,9981
2018-03-03 03:10,9949
2018-03-03 03:15,9895
2018-03-03 03:20,9849
2018-03-03 03:25,0
2018-03-03 03:30,9778
2018-03-03 03:35,9756
2018-03-03 03:40,9750
2018-03-03 03:45,9717
2018-03-03 03:50,9719
2018-03-03 03:55,9622
2018-03-03 04:00,9549
2018-03-03 04:05,9486
2018-03-03 04:10,9438
2018-03-03 04:15,9317
2018-03-03 04:20,9252
2018-03-03 04:25,9230
2018-03-03 04:30,9192
2018-03-03 04:35,9135
2018-03-03 04:40,9092
2018-03-03 04:45,9066
2018-03-03 04:50,8987
2018-03-03 04:55,8845
2018-03-03 05:00,8754
2018-03-03 05:05,8674
2018-03-03 05:10,8541
2018-03-03 05:15,8491
2018-03-03 05:20,8422
2018-03-03 05:25,8352
2018-03-03 05:30,8236
2018-03-03 05:35,8157
2018-03-03 05:40,8048
2018-03-03 05:45,7988
2018-03-03 05:50,7918
2018-03-03 05:55,7816
2018-03-03 06:00,7710
2018-03-03 06:05,7614
2018-03-03 06:10,7502
2018-03-03 06:15,7337
2018-03-03 06:20,7010
2018-03-03 06:25,6934
2018-03-03 06:30,6865
2018-03-03 06:35,6712
2018-03-03 06:40,6653
2018-03-03 06:45,6592
2018-03-03 06:50,6518
2018-03-03 06:55,6481
2018-03-03 07:00,6432
2018-03-03 07:05,6317
2018-03-03 07:10,6225
2018-03-03 07:15,6158
2018-03-03 07:20,6109
2018-03-03 07:25,6054
2018-03-03 07:30,6022
2018-03-03 07:35,5968
2018-03-03 07:40,5951
2018-03-03 07:45,5941
2018-03-03 07:50,5889
2018-03-03 07:55,5864
2018-03-03 08:00,5798
2018-03-03 08:05,5765
2018-03-03 08:10,5738
2018-03-03 08:15,5757
2018-03-03 08:20,5710
2018-03-03 08:25,5704
2018-03-03 08:30,5709
2018-03-03 08:35,5679
2018-03-03 08:40,5666
2018-03-03 08:45,5683
2018-03-03 08:50,5669
2018-03-03 08:55,5624
2018-03-03 09:00,5651
2018-03-03 09:05,5736
2018-03-03 09:10,5751
2018-03-03 09:15,5836
2018-03-03 09:20,5904
2018-03-03 09:25,5917
2018-03-03 09:30,5931
2018-03-03 09:35,6017
2018-03-03 09:40,6108
2018-03-03 09:45,6180
2018-03-03 09:50,6226
2018-03-03 09:55,6250
2018-03-03 10:00,6317
2018-03-03 10:05,6368
2018-03-03 10:10,6444
2018-03-03 10:15,6521
2018-03-03 10:20,6582
2018-03-03 10:25,6673
2018-03-03 10:30,6747
2018-03-03 10:35,6839
2018-03-03 10:40,6922
2018-03-03 10:45,6988
2018-03-03 10:50,7070
2018-03-03 10:55,7136
2018-03-03 11:00,7208
2018-03-03 11:05,7288
2018-03-03 11:10,7368
2018-03-03 11:15,7398
2018-03-03 11:20,7489
2018-03-03 11:25,7567
2018-03-03 11:30,7648
2018-03-03 11:35,7653
2018-03-03 11:40,7703
2018-03-03 11:45,7738
2018-03-03 11:50,7805
2018-03-03 11:55,7853
2018-03-03 12:00,7906
2018-03-03 12:05,7983
2018-03-03 12:10,8147
2018-03-03 12:15,8279
2018-03-03 12:20,8371
2018-03-03 12:25,8533
2018-03-03 12:30,8630
2018-03-03 12:35,8683
2018-03-03 12:40,8812
2018-03-03 12:45,8885
2018-03-03 12:50,8990
2018-03-03 12:55,9085
2018-03-03 13:00,9217
2018-03-03 13:05,9215
2018-03-03 13:10,9287
2018-03-03 13:15,9412
2018-03-03 13:20,9468
2018-03-03 13:25,9500
2018-03-03 13:30,9591
2018-03-03 13:35,9652
2018-03-03 13:40,9704
2018-03-03 13:45,0
2018-03-03 13:50,9814
2018-03-03 13:55,9888
2018-03-03 14:00,10027
2018-03-03 14:05,10055
2018-03-03 14:10,10188
2018-03-03 14:15,10318
2018-03-03 14:20,10399
2018-03-03 14:25,10482
2018-03-03 14:30,10598
2018-03-03 14:35,10713
2018-03-03 14:40,10781
2018-03-03 14:45,10928
2018-03-03 14:50,10986
2018-03-03 14:55,11048
2018-03-03 15:00,11114
2018-03-03 15:05,11154
2018-03-03 15:10,11220
2018-03-03 15:15,11270
2018-03-03 15:20,11356
2018-03-03 15:25,11441
2018-03-03 15:30,11508
2018-03-03 15:35,11602
2018-03-03 15:40,11687
2018-03-03 15:45,11758
2018-03-03 15:50,11867
2018-03-03 15:55,11910
2018-03-03 16:00,11915
2018-03-03 16:05,12028
2018-03-03 16:10,12159
2018-03-03 16:15,12256
2018-03-03 16:20,12354
2018-03-03 16:25,12418
2018-03-03 16:30,12436
2018-03-03 16:35,12541
2018-03-03 16:40,12635
2018-03-03 16:45,12662
2018-03-03 16:50,12688
2018-03-03 16:55,12753
2018-03-03 17:00,12837
2018-03-03 17:05,12929
2018-03-03 17:10,13009
2018-03-03 17:15,13091
2018-03-03 17:20,13180
2018-03-03 17:25,13277
2018-03-03 17:30,13352
2018-03-03 17:35,13310
2018-03-03 17:40,13311
2018-03-03 17:45,13398
2018-03-03 17:50,13366
2018-03-03 17:55,13400
2018-03-03 18:00,13466
2018-03-03 18:05,13531
2018-03-03 18:10,13617
2018-03-03 18:15,13743
2018-03-03 18:20,13749
2018-03-03 18:25,13843
2018-03-03 18:30,13940
2018-03-03 18:35,13998
2018-03-03 18:40,14074
2018-03-03 18:45,14078
2018-03-03 18:50,14095
2018-03-03 18:55,14224
2018-03-03 19:00,14288
2018-03-03 19:05,14332
2018-03-03 19:10,14336
2018-03-03 19:15,14357
2018-03-03 19:20,14470
2018-03-03 19:25,14483
2018-03-03 19:30,14566
2018-03-03 19:35,14594
2018-03-03 19:40,14651
2018-03-03 19:45,14709
2018-03-03 19:50,14702
2018-03-03 19:55,14742
2018-03-03 20:00,14766
2018-03-03 20:05,14854
2018-03-03 20:10,14887
2018-03-03 20:15,14895
2018-03-03 20:20,14887
2018-03-03 20:25,14862
2018-03-03 20:30,14843
2018-03-03 20:35,14888
2018-03-03 20:40,14895
2018-03-03 20:45,14904
2018-03-03 20:50,14870
2018-03-03 20:55,14822
2018-03-03 21:00,14788
2018-03-03 21:05,14767
2018-03-03 21:10,14698
2018-03-03 21:15,14730
2018-03-03 21:20,14708
2018-03-03 21:25,14679
2018-03-03 21:30,14612
2018-03-03 21:35,14548
2018-03-03 21:40,14543
2018-03-03 21:45,14503
2018-03-03 21:50,14391
2018-03-03 21:55,14172
2018-03-03 22:00,14106
2018-03-03 22:05,14033
2018-03-03 22:10,13921
2018-03-03 22:15,13871
2018-03-03 22:20,13788
2018-03-03 22:25,13682
2018-03-03 22:30,13689
2018-03-03 22:35,13613
2018-03-03 22:40,13528
2018-03-03 22:45,13497
2018-03-03 22:50,13451
2018-03-03 22:55,13375
2018-03-03 23:00,13247
2018-03-03 23:05,13102
2018-03-03 23:10,12989
2018-03-03 23:15,12864
2018-03-03 23:20,12790
2018-03-03 23:25,12675
2018-03-03 23:30,12582
2018-03-03 23:35,12499
2018-03-03 23:40,12403
2018-03-03 23:45,12275
2018-03-03 23:50,12053
2018-03-03 23:55,11998
2018-03-04 00:00,11844
2018-03-04 00:05,11688
2018-03-04 00:10,11534
2018-03-04 00:15,11417
2018-03-04 00:20,11386
2018-03-04 00:25,11245
2018-03-04 00:30,11170
2018-03-04 00:35,11087
2018-03-04 00:40,10974
2018-03-04 00:45,10979
2018-03-04 00:50,10875
2018-03-04 00:55,10802
2018-03-04 01:00,10767
2018-03-04 01:05,10749
2018-03-04 01:10,10655
2018-03-04 01:15,10542
2018-03-04 01:20,10517
2018-03-04 01:25,10525
2018-03-04 01:30,10470
2018-03-04 01:35,10459
2018-03-04 01:40,10451
2018-03-04 01:45,10456
2018-03-04 01:50,10401
2018-03-04 01:55,10438
2018-03-04 02:00,10378
2018-03-04 02:05,10318
2018-03-04 02:10,10255
2018-03-04 02:15,10172
2018-03-04 02:20,10064
2018-03-04 02:25,10031
2018-03-04 02:30,10064
2018-03-04 02:35,10005
2018-03-04 02:40,9966
2018-03-04 02:45,9909
2018-03-04 02:50,9900
2018-03-04 02:55,9830
2018-03-04 03:00,9739
2018-03-04 03:05,9744
2018-03-04 03:10,9782
2018-03-04 03:15,9731
2018-03-04 03:20,9666
2018-03-04 03:25,9651
2018-03-04 03:30,9628
2018-03-04 03:35,9643
2018-03-04 03:40,9640
2018-03-04 03:45,9612
2018-03-04 03:50,9538
2018-03-04 03:55,9472
2018-03-04 04:00,9432
2018-03-04 04:05,9392
2018-03-04 04:10,9338
2018-03-04 04:15,9250
2018-03-04 04:20,9225
2018-03-04 04:25,9148
2018-03-04 04:30,9110
2018-03-04 04:35,9072
2018-03-04 04:40,9032
2018-03-04 04:45,8983
2018-03-04 04:50,8954
2018-03-04 04:55,8888
2018-03-04 05:00,8811
2018-03-04 05:05,8731
2018-03-04 05:10,8629
2018-03-04 05:15,8524
2018-03-04 05:20,8428
2018-03-04 05:25,8357
2018-03-04 05:30,8255
2018-03-04 05:35,8207
2018-03-04 05:40,8167
2018-03-04 05:45,8087
2018-03-04 05:50,8037
2018-03-04 05:55,7930
2018-03-04 06:00,7801
2018-03-04 06:05,7675
2018-03-04 06:10,7622
2018-03-04 06:15,7518
2018-03-04 06:20,7422
2018-03-04 06:25,7365
2018-03-04 06:30,7244
2018-03-04 06:35,7175
2018-03-04 06:40,7126
2018-03-04 06:45,7036
2018-03-04 06:50,6976
2018-03-04 06:55,6880
2018-03-04 07:00,6838
2018-03-04 07:05,6791
2018-03-04 07:10,6664
2018-03-04 07:15,6600
2018-03-04 07:20,6539
2018-03-04 07:25,6493
2018-03-04 07:30,6461
2018-03-04 07:35,6412
2018-03-04 07:40,6309
2018-03-04 07:45,6230
2018-03-04 07:50,6143
2018-03-04 07:55,6098
2018-03-04 08:00,6039
2018-03-04 08:05,5999
2018-03-04 08:10,5982
2018-03-04 08:15,5991
2018-03-04 08:20,5939
2018-03-04 08:25,5967
2018-03-04 08:30,5952
2018-03-04 08:35,5967
2018-03-04 08:40,5942
2018-03-04 08:45,5952
2018-03-04 08:50,5932
2018-03-04 08:55,5972
2018-03-04 09:00,5969
2018-03-04 09:05,5976
2018-03-04 09:10,6014
2018-03-04 09:15,6057
2018-03-04 09:20,6094
2018-03-04 09:25,6129
2018-03-04 09:30,6185
2018-03-04 09:35,6245
2018-03-04 09:40,6273
2018-03-04 09:45,6295
2018-03-04 09:50,6319
2018-03-04 09:55,6374
2018-03-04 10:00,6454
2018-03-04 10:05,6550
2018-03-04 10:10,6635
2018-03-04 10:15,6703
2018-03-04 10:20,6773
2018-03-04 10:25,6853
2018-03-04 10:30,6863
2018-03-04 10:35,6981
2018-03-04 10:40,7098
2018-03-04 10:45,7130
2018-03-04 10:50,7208
2018-03-04 10:55,7262
2018-03-04 11:00,7359
2018-03-04 11:05,7388
2018-03-04 11:10,7481
2018-03-04 11:15,7577
2018-03-04 11:20,7684
2018-03-04 11:25,7726
2018-03-04 11:30,7782
2018-03-04 11:35,7897
2018-03-04 11:40,8009
2018-03-04 11:45,8074
2018-03-04 11:50,8153
2018-03-04 11:55,8206
2018-03-04 12:00,8251
2018-03-04 12:05,8284
2018-03-04 12:10,0
2018-03-04 12:15,8317
2018-03-04 12:20,8405
2018-03-04 12:25,8521
2018-03-04 12:30,8537
2018-03-04 12:35,8662
2018-03-04 12:40,8685
2018-03-04 12:45,8775
2018-03-04 12:50,8844
2018-03-04 12:55,8901
2018-03-04 13:00,8956
2018-03-04 13:05,9065
2018-03-04 13:10,9171
2018-03-04 13:15,9283
2018-03-04 13:20,9379
2018-03-04 13:25,9461
2018-03-04 13:30,9605
2018-03-04 13:35,9698
2018-03-04 13:40,9809
2018-03-04 13:45,9812
2018-03-04 13:50,9895
2018-03-04 13:55,10034
2018-03-04 14:00,10126
2018-03-04 14:05,10146
2018-03-04 14:10,10281
2018-03-04 14:15,10367
2018-03-04 14:20,10373
2018-03-04 14:25,10491
2018-03-04 14:30,10558
2018-03-04 14:35,10686
2018-03-04 14:40,10815
2018-03-04 14:45,10833
2018-03-04 14:50,10933
2018-03-04 14:55,10997
2018-03-04 15:00,11125
2018-03-04 15:05,11236
2018-03-04 15:10,11316
2018-03-04 15:15,11326
2018-03-04 15:20,11398
2018-03-04 15:25,11500
2018-03-04 15:30,11611
2018-03-04 15:35,11663
2018-03-04 15:40,11760
2018-03-04 15:45,11832
2018-03-04 15:50,11896
2018-03-04 15:55,11941
2018-03-04 16:00,12008
2018-03-04 16:05,12073
2018-03-04 16:10,12217
2018-03-04 16:15,12233
2018-03-04 16:20,12338
2018-03-04 16:25,12297
2018-03-04 16:30,12348
2018-03-04 16:35,12418
2018-03-04 16:40,12492
2018-03-04 16:45,12545
2018-03-04 16:50,12625
2018-03-04 16:55,12717
2018-03-04 17:00,12756
2018-03-04 17:05,12786
2018-03-04 17:10,12927
2018-03-04 17:15,13026
2018-03-04 17:20,13134
2018-03-04 17:25,13166
2018-03-04 17:30,13243
2018-03-04 17:35,13318
2018-03-04 17:40,13463
2018-03-04 17:45,13541
2018-03-04 17:50,13609
2018-03-04 17:55,13747
2018-03-04 18:00,13805
2018-03-04 18:05,13854
2018-03-04 18:10,13870
2018-03-04 18:15,13891
2018-03-04 18:20,13965
2018-03-04 18:25,14065
2018-03-04 18:30,14136
2018-03-04 18:35,14276
2018-03-04 18:40,14318
2018-03-04 18:45,14425
2018-03-04 18:50,14502
2018-03-04 18:55,14569
2018-03-04 19:00,14632
2018-03-04 19:05,14712
2018-03-04 19:10,14692
2018-03-04 19:15,14727
2018-03-04 19:20,14803
2018-03-04 19:25,14735
2018-03-04 19:30,14829
2018-03-04 19:35,14971
2018-03-04 19:40,15033
2018-03-04 19:45,14950
2018-03-04 19:50,14952
2018-03-04 19:55,14892
2018-03-04 20:00,14891
2018-03-04 20:05,14877
2018-03-04 20:10,14883
2018-03-04 20:15,14831
2018-03-04 20:20,14804
2018-03-04 20:25,14794
2018-03-04 20:30,14765
2018-03-04 20:35,14735
2018-03-04 20:40,14811
2018-03-04 20:45,14741
2018-03-04 20:50,14668
2018-03-04 20:55,14575
2018-03-04 21:00,14460
2018-03-04 21:05,14353
2018-03-04 21:10,14225
2018-03-04 21:15,14112
2018-03-04 21:20,14047
2018-03-04 21:25,13971
2018-03-04 21:30,13779
2018-03-04 21:35,13690
2018-03-04 21:40,13586
2018-03-04 21:45,13517
2018-03-04 21:50,13388
2018-03-04 21:55,13326
2018-03-04 22:00,13159
2018-03-04 22:05,13030
2018-03-04 22:10,12887
2018-03-04 22:15,12674
2018-03-04 22:20,12567
2018-03-04 22:25,12474
2018-03-04 22:30,12311
2018-03-04 22:35,12212
2018-03-04 22:40,12122
2018-03-04 22:45,11997
2018-03-04 22:50,11828
2018-03-04 22:55,11705
2018-03-04 23:00,11569
2018-03-04 23:05,11440
2018-03-04 23:10,11299
2018-03-04 23:15,11154
2018-03-04 23:20,11064
2018-03-04 23:25,10931
2018-03-04 23:30,10829
2018-03-04 23:35,10696
2018-03-04 23:40,10609
2018-03-04 23:45,10527
2018-03-04 23:50,10474
2018-03-04 23:55,10420
2018-03-05 00:00,10357
2018-03-05 00:05,10318
2018-03-05 00:10,10236
2018-03-05 00:15,10158
2018-03-05 00:20,10084
2018-03-05 00:25,10024
2018-03-05 00:30,10021
2018-03-05 00:35,9924
2018-03-05 00:40,9905
2018-03-05 00:45,9890
2018-03-05 00:50,9859
2018-03-05 00:55,9847
2018-03-05 01:00,9766
2018-03-05 01:05,9694
2018-03-05 01:10,9595
2018-03-05 01:15,9571
2018-03-05 01:20,9494
2018-03-05 01:25,9445
2018-03-05 01:30,9471
2018-03-05 01:35,9425
2018-03-05 01:40,9369
2018-03-05 01:45,9390
2018-03-05 01:50,9392
2018-03-05 01:55,9380
2018-03-05 02:00,9310
2018-03-05 02:05,9276
2018-03-05 02:10,9219
2018-03-05 02:15,9081
2018-03-05 02:20,9023
2018-03-05 02:25,8982
2018-03-05 02:30,8993
2018-03-05 02:35,8980
2018-03-05 02:40,8925
2018-03-05 02:45,8881
2018-03-05 02:50,8758
2018-03-05 02:55,8678
2018-03-05 03:00,8684
2018-03-05 03:05,8595
2018-03-05 03:10,8503
2018-03-05 03:15,8448
2018-03-05 03:20,8302
2018-03-05 03:25,8255
2018-03-05 03:30,8134
2018-03-05 03:35,8070
2018-03-05 03:40,8015
2018-03-05 03:45,7914
2018-03-05 03:50,7773
2018-03-05 03:55,7704
2018-03-05 04:00,7608
2018-03-05 04:05,7487
2018-03-05 04:10,7313
2018-03-05 04:15,7266
2018-03-05 04:20,7148
2018-03-05 04:25,7065
2018-03-05 04:30,6991
2018-03-05 04:35,6913
2018-03-05 04:40,6843
2018-03-05 04:45,6768
2018-03-05 04:50,6676
2018-03-05 04:55,6559
2018-03-05 05:00,6461
2018-03-05 05:05,6314
2018-03-05 05:10,6226
2018-03-05 05:15,6130
2018-03-05 05:20,6014
2018-03-05 05:25,5874
2018-03-05 05:30,5782
2018-03-05 05:35,5725
2018-03-05 05:40,5682
2018-03-05 05:45,5620
2018-03-05 05:50,5484
2018-03-05 05:55,5359
2018-03-05 06:00,5261
2018-03-05 06:05,5177
2018-03-05 06:10,5129
2018-03-05 06:15,5087
2018-03-05 06:20,4986
2018-03-05 06:25,4898
2018-03-05 06:30,4828
2018-03-05 06:35,4808
2018-03-05 06:40,4734
2018-03-05 06:45,4622
2018-03-05 06:50,4558
2018-03-05 06:55,4493
2018-03-05 07:00,4380
2018-03-05 07:05,4280
2018-03-05 07:10,4263
2018-03-05 07:15,4214
2018-03-05 07:20,4171
2018-03-05 07:25,4106
2018-03-05 07:30,4053
2018-03-05 07:35,4010
2018-03-05 07:40,3972
2018-03-05 07:45,3953
2018-03-05 07:50,3917
2018-03-05 07:55,3858
2018-03-05 08:00,3784
2018-03-05 08:05,3751
2018-03-05 08:10,3725
2018-03-05 08:15,3732
2018-03-05 08:20,3688
2018-03-05 08:25,3642
2018-03-05 08:30,3640
2018-03-05 08:35,3616
2018-03-05 08:40,3660
2018-03-05 08:45,3663
2018-03-05 08:50,3662
2018-03-05 08:55,3639
2018-03-05 09:00,3630
2018-03-05 09:05,3628
2018-03-05 09:10,3670
2018-03-05 09:15,3680
2018-03-05 09:20,3749
2018-03-05 09:25,3741
2018-03-05 09:30,3753
2018-03-05 09:35,3702
2018-03-05 09:40,3752
2018-03-05 09:45,3789
2018-03-05 09:50,3827
2018-03-05 09:55,3864
2018-03-05 10:00,3901
2018-03-05 10:05,3941
2018-03-05 10:10,3968
2018-03-05 10:15,3956
2018-03-05 10:20,4022
2018-03-05 10:25,4049
2018-03-05 10:30,4099
2018-03-05 10:35,4106
2018-03-05 10:40,4144
2018-03-05 10:45,4168
2018-03-05 10:50,4200
2018-03-05 10:55,4255
2018-03-05 11:00,4319
2018-03-05 11:05,4382
2018-03-05 11:10,4406
2018-03-05 11:15,4481
2018-03-05 11:20,4508
2018-03-05 11:25,4599
2018-03-05 11:30,4608
2018-03-05 11:35,4615
2018-03-05 11:40,4649
2018-03-05 11:45,4694
2018-03-05 11:50,4687
2018-03-05 11:55,4746
2018-03-05 12:00,4794
2018-03-05 12:05,4861
2018-03-05 12:10,4902
2018-03-05 12:15,5004
2018-03-05 12:20,5022
2018-03-05 12:25,5099
2018-03-05 12:30,5159
2018-03-05 12:35,5206
2018-03-05 12:40,5247
2018-03-05 12:45,5316
2018-03-05 12:50,5374
2018-03-05 12:55,5450
2018-03-05 13:00,5507
2018-03-05 13:05,5531
2018-03-05 13:10,5633
2018-03-05 13:15,5711
2018-03-05 13:20,5770
2018-03-05 13:25,5841
2018-03-05 13:30,5935
2018-03-05 13:35,5976
2018-03-05 13:40,6053
2018-03-05 13:45,6125
2018-03-05 13:50,6197
2018-03-05 13:55,6247
2018-03-05 14:00,6244
2018-03-05 14:05,6386
2018-03-05 14:10,6444
2018-03-05 14:15,6535
2018-03-05 14:20,6630
2018-03-05 14:25,6701
2018-03-05 14:30,6805
2018-03-05 14:35,6917
2018-03-05 14:40,7040
2018-03-05 14:45,7123
2018-03-05 14:50,7176
2018-03-05 14:55,7269
2018-03-05 15:00,7391
2018-03-05 15:05,7552
2018-03-05 15:10,7585
2018-03-05 15:15,7744
2018-03-05 15:20,7852
2018-03-05 15:25,7956
2018-03-05 15:30,8029
2018-03-05 15:35,8194
2018-03-05 15:40,8293
2018-03-05 15:45,8400
2018-03-05 15:50,8433
2018-03-05 15:55,8521
2018-03-05 16:00,8606
2018-03-05 16:05,8688
2018-03-05 16:10,8786
2018-03-05 16:15,8903
2018-03-05 16:20,8950
2018-03-05 16:25,8979
2018-03-05 16:30,9057
2018-03-05 16:35,9202
2018-03-05 16:40,9291
2018-03-05 16:45,9423
2018-03-05 16:50,9529
2018-03-05 16:55,9670
2018-03-05 17:00,9745
2018-03-05 17:05,0
2018-03-05 17:10,9984
2018-03-05 17:15,10041
2018-03-05 17:20,10125
2018-03-05 17:25,10204
2018-03-05 17:30,10321
2018-03-05 17:35,10371
2018-03-05 17:40,10421
2018-03-05 17:45,10548
2018-03-05 17:50,10640
2018-03-05 17:55,10696
2018-03-05 18:00,10728
2018-03-05 18:05,10786
2018-03-05 18:10,10854
2018-03-05 18:15,10917
2018-03-05 18:20,10987
2018-03-05 18:25,11034
2018-03-05 18:30,11097
2018-03-05 18:35,11246
2018-03-05 18:40,11343
2018-03-05 18:45,11444
2018-03-05 18:50,11567
2018-03-05 18:55,11659
2018-03-05 19:00,11705
2018-03-05 19:05,11806
2018-03-05 19:10,11906
2018-03-05 19:15,11965
2018-03-05 19:20,12035
2018-03-05 19:25,12137
2018-03-05 19:30,12255
2018-03-05 19:35,12305
2018-03-05 19:40,12384
2018-03-05 19:45,12383
2018-03-05 19:50,12417
2018-03-05 19:55,12494
2018-03-05 20:00,12475
2018-03-05 20:05,12439
2018-03-05 20:10,12388
2018-03-05 20:15,12332
2018-03-05 20:20,12299
2018-03-05 20:25,12358
2018-03-05 20:30,12318
2018-03-05 20:35,12295
2018-03-05 20:40,12224
2018-03-05 20:45,12165
2018-03-05 20:50,12098
2018-03-05 20:55,12016
2018-03-05 21:00,11873
2018-03-05 21:05,11780
2018-03-05 21:10,11776
2018-03-05 21:15,11739
2018-03-05 21:20,11696
2018-03-05 21:25,11630
2018-03-05 21:30,11594
2018-03-05 21:35,11476
2018-03-05 21:40,11451
2018-03-05 21:45,11433
2018-03-05 21:50,11339
2018-03-05 21:55,11254
2018-03-05 22:00,11138
2018-03-05 22:05,11008
2018-03-05 22:10,10927
2018-03-05 22:15,10824
2018-03-05 22:20,10721
2018-03-05 22:25,10619
2018-03-05 22:30,10528
2018-03-05 22:35,10388
2018-03-05 22:40,10282
2018-03-05 22:45,10196
2018-03-05 22:50,10081
2018-03-05 22:55,10104
2018-03-05 23:00,10050
2018-03-05 23:05,9937
2018-03-05 23:10,9816
2018-03-05 23:15,9719
2018-03-05 23:20,9599
2018-03-05 23:25,9538
2018-03-05 23:30,9484
2018-03-05 23:35,9472
2018-03-05 23:40,9488
2018-03-05 23:45,9397
2018-03-05 23:50,9337
2018-03-05 23:55,9326
2018-03-06 00:00,9227
2018-03-06 00:05,9193
2018-03-06 00:10,9152
2018-03-06 00:15,9144
2018-03-06 00:20,9119
2018-03-06 00:25,9065
2018-03-06 00:30,9025
2018-03-06 00:35,9036
2018-03-06 00:40,9005
2018-03-06 00:45,9005
2018-03-06 00:50,9002
2018-03-06 00:55,8971
2018-03-06 01:00,8934
2018-03-06 01:05,8958
2018-03-06 01:10,8943
2018-03-06 01:15,8915
2018-03-06 01:20,8934
2018-03-06 01:25,8987
2018-03-06 01:30,8979
2018-03-06 01:35,8959
2018-03-06 01:40,8969
2018-03-06 01:45,8918
2018-03-06 01:50,8896
2018-03-06 01:55,8893
2018-03-06 02:00,8869
2018-03-06 02:05,8849
2018-03-06 02:10,8852
2018-03-06 02:15,8843
2018-03-06 02:20,8868
2018-03-06 02:25,8841
2018-03-06 02:30,8814
2018-03-06 02:35,8774
2018-03-06 02:40,8770
2018-03-06 02:45,8701
2018-03-06 02:50,8662
2018-03-06 02:55,8582
2018-03-06 03:00,8497
2018-03-06 03:05,8436
2018-03-06 03:10,8373
2018-03-06 03:15,8352
2018-03-06 03:20,8357
2018-03-06 03:25,8286
2018-03-06 03:30,8199
2018-03-06 03:35,8082
2018-03-06 03:40,7984
2018-03-06 03:45,7855
2018-03-06 03:50,7709
2018-03-06 03:55,7622
2018-03-06 04:00,7486
2018-03-06 04:05,7373
2018-03-06 04:10,7251
2018-03-06 04:15,7185
2018-03-06 04:20,7101
2018-03-06 04:25,6997
2018-03-06 04:30,6946
2018-03-06 04:35,6841
2018-03-06 04:40,6743
2018-03-06 04:45,6651
2018-03-06 04:50,6596
2018-03-06 04:55,6482
2018-03-06 05:00,6400
2018-03-06 05:05,6268
2018-03-06 05:10,6172
2018-03-06 05:15,6078
2018-03-06 05:20,5934
2018-03-06 05:25,5881
2018-03-06 05:30,5792
2018-03-06 05:35,5637
2018-03-06 05:40,5559
2018-03-06 05:45,5500
2018-03-06 05:50,5393
2018-03-06 05:55,5315
2018-03-06 06:00,5215
2018-03-06 06:05,5142
2018-03-06 06:10,5036
2018-03-06 06:15,4926
2018-03-06 06:20,4875
2018-03-06 06:25,4804
2018-03-06 06:30,4688
2018-03-06 06:35,4652
2018-03-06 06:40,4602
2018-03-06 06:45,4490
2018-03-06 06:50,4399
2018-03-06 06:55,4336
2018-03-06 07:00,4299
2018-03-06 07:05,4199
2018-03-06 07:10,4171
2018-03-06 07:15,4077
2018-03-06 07:20,4012
2018-03-06 07:25,3941
2018-03-06 07:30,3893
2018-03-06 07:35,3867
2018-03-06 07:40,3831
2018-03-06 07:45,3801
2018-03-06 07:50,3788
2018-03-06 07:55,3741
2018-03-06 08:00,3722
2018-03-06 08:05,3697
2018-03-06 08:10,3679
2018-03-06 08:15,3655
2018-03-06 08:20,3633
2018-03-06 08:25,3616
2018-03-06 08:30,3617
2018-03-06 08:35,3600
2018-03-06 08:40,3610
2018-03-06 08:45,3599
2018-03-06 08:50,3623
2018-03-06 08:55,3590
2018-03-06 09:00,3586
2018-03-06 09:05,3659
2018-03-06 09:10,3709
2018-03-06 09:15,3760
2018-03-06 09:20,3793
2018-03-06 09:25,3841
2018-03-06 09:30,3848
2018-03-06 09:35,3858
2018-03-06 09:40,3903
2018-03-06 09:45,3898
2018-03-06 09:50,3919
2018-03-06 09:55,3988
2018-03-06 10:00,3992
2018-03-06 10:05,4008
2018-03-06 10:10,4019
2018-03-06 10:15,4060
2018-03-06 10:20,4141
2018-03-06 10:25,4175
2018-03-06 10:30,4221
2018-03-06 10:35,4277
2018-03-06 10:40,4275
2018-03-06 10:45,4326
2018-03-06 10:50,4374
2018-03-06 10:55,4383
2018-03-06 11:00,4381
2018-03-06 11:05,4457
2018-03-06 11:10,4540
2018-03-06 11:15,4550
2018-03-06 11:20,4565
2018-03-06 11:25,4619
2018-03-06 11:30,4648
2018-03-06 11:35,4694
2018-03-06 11:40,4723
2018-03-06 11:45,4763
2018-03-06 11:50,4800
2018-03-06 11:55,4856
2018-03-06 12:00,4896
2018-03-06 12:05,4953
2018-03-06 12:10,4990
2018-03-06 12:15,5045
2018-03-06 12:20,5125
2018-03-06 12:25,5172
2018-03-06 12:30,5236
2018-03-06 12:35,5324
2018-03-06 12:40,5350
2018-03-06 12:45,5433
2018-03-06 12:50,5464
2018-03-06 12:55,5500
2018-03-06 13:00,5592
2018-03-06 13:05,5662
2018-03-06 13:10,5765
2018-03-06 13:15,5862
2018-03-06 13:20,5955
2018-03-06 13:25,6060
2018-03-06 13:30,6148
2018-03-06 13:35,6261
2018-03-06 13:40,6355
2018-03-06 13:45,6417
2018-03-06 13:50,6508
2018-03-06 13:55,6549
2018-03-06 14:00,6632
2018-03-06 14:05,6743
2018-03-06 14:10,6824
2018-03-06 14:15,6868
2018-03-06 14:20,6991
2018-03-06 14:25,7063
2018-03-06 14:30,7179
2018-03-06 14:35,7249
2018-03-06 14:40,7324
2018-03-06 14:45,7397
2018-03-06 14:50,7507
2018-03-06 14:55,7537
2018-03-06 15:00,7646
2018-03-06 15:05,7713
2018-03-06 15:10,7750
2018-03-06 15:15,7784
2018-03-06 15:20,7898
2018-03-06 15:25,8042
2018-03-06 15:30,8043
2018-03-06 15:35,8173
2018-03-06 15:40,8262
2018-03-06 15:45,8380
2018-03-06 15:50,8478
2018-03-06 15:55,8532
2018-03-06 16:00,8656
2018-03-06 16:05,8716
2018-03-06 16:10,8838
2018-03-06 16:15,8967
2018-03-06 16:20,9016
2018-03-06 16:25,9164
2018-03-06 16:30,9280
2018-03-06 16:35,9315
2018-03-06 16:40,9349
2018-03-06 16:45,9483
2018-03-06 16:50,9633
2018-03-06 16:55,9707
2018-03-06 17:00,9855
2018-03-06 17:05,9897
2018-03-06 17:10,10099
2018-03-06 17:15,10126
2018-03-06 17:20,10212
2018-03-06 17:25,10314
2018-03-06 17:30,10349
2018-03-06 17:35,10410
2018-03-06 17:40,10516
2018-03-06 17:45,10559
2018-03-06 17:50,10673
2018-03-06 17:55,10732
2018-03-06 18:00,10801
2018-03-06 18:05,10873
2018-03-06 18:10,10903
2018-03-06 18:15,10999
2018-03-06 18:20,11051
2018-03-06 18:25,11136
2018-03-06 18:30,11098
2018-03-06 18:35,11190
2018-03-06 18:40,11277
2018-03-06 18:45,11357
2018-03-06 18:50,11401
2018-03-06 18:55,11456
2018-03-06 19:00,11523
2018-03-06 19:05,11578
2018-03-06 19:10,11603
2018-03-06 19:15,11668
2018-03-06 19:20,11673
2018-03-06 19:25,11637
2018-03-06 19:30,11657
2018-03-06 19:35,11622
2018-03-06 19:40,11659
2018-03-06 19:45,11635
2018-03-06 19:50,11633
2018-03-06 19:55,11545
2018-03-06 20:00,11547
2018-03-06 20:05,11494
2018-03-06 20:10,11462
2018-03-06 20:15,11451
2018-03-06 20:20,11398
2018-03-06 20:25,11363
2018-03-06 20:30,11367
2018-03-06 20:35,11328
2018-03-06 20:40,11313
2018-03-06 20:45,11264
2018-03-06 20:50,11260
2018-03-06 20:55,11246
2018-03-06 21:00,11150
2018-03-06 21:05,11100
2018-03-06 21:10,11107
2018-03-06 21:15,11052
2018-03-06 21:20,11009
2018-03-06 21:25,10904
2018-03-06 21:30,10926
2018-03-06 21:35,10898
2018-03-06 21:40,10918
2018-03-06 21:45,10935
2018-03-06 21:50,10897
2018-03-06 21:55,10798
2018-03-06 22:00,10714
2018-03-06 22:05,10602
2018-03-06 22:10,10484
2018-03-06 22:15,10445
2018-03-06 22:20,10335
2018-03-06 22:25,10264
2018-03-06 22:30,10226
2018-03-06 22:35,10167
2018-03-06 22:40,10061
2018-03-06 22:45,9979
2018-03-06 22:50,9929
2018-03-06 22:55,
2018-03-06 23:00,2035
2018-03-06 23:05,9033
2018-03-06 23:10,9458
2018-03-06 23:15,9447
2018-03-06 23:20,9475
2018-03-06 23:25,9482
2018-03-06 23:30,9478
2018-03-06 23:35,9373
2018-03-06 23:40,9311
2018-03-06 23:45,9255
2018-03-06 23:50,9200
2018-03-06 23:55,9123
2018-03-07 00:00,9040
2018-03-07 00:05,9011
2018-03-07 00:10,8952
2018-03-07 00:15,8904
2018-03-07 00:20,8895
2018-03-07 00:25,8896
2018-03-07 00:30,8928
2018-03-07 00:35,8909
2018-03-07 00:40,8881
2018-03-07 00:45,8848
2018-03-07 00:50,8840
2018-03-07 00:55,8842
2018-03-07 01:00,8873
2018-03-07 01:05,8832
2018-03-07 01:10,8847
2018-03-07 01:15,8795
2018-03-07 01:20,8773
2018-03-07 01:25,8784
2018-03-07 01:30,8810
2018-03-07 01:35,8801
2018-03-07 01:40,8726
2018-03-07 01:45,8704
2018-03-07 01:50,8697
2018-03-07 01:55,8704
2018-03-07 02:00,8698
2018-03-07 02:05,8732
2018-03-07 02:10,8647
2018-03-07 02:15,8628
2018-03-07 02:20,8595
2018-03-07 02:25,8564
2018-03-07 02:30,8521
2018-03-07 02:35,8524
2018-03-07 02:40,8512
2018-03-07 02:45,8498
2018-03-07 02:50,8567
2018-03-07 02:55,8534
2018-03-07 03:00,8406
2018-03-07 03:05,8299
2018-03-07 03:10,8225
2018-03-07 03:15,8147
2018-03-07 03:20,8103
2018-03-07 03:25,8066
2018-03-07 03:30,8009
2018-03-07 03:35,7941
2018-03-07 03:40,7885
2018-03-07 03:45,7817
2018-03-07 03:50,7759
2018-03-07 03:55,7726
2018-03-07 04:00,7639
2018-03-07 04:05,7512
2018-03-07 04:10,7377
2018-03-07 04:15,7334
2018-03-07 04:20,7298
2018-03-07 04:25,7187
2018-03-07 04:30,7096
2018-03-07 04:35,7023
2018-03-07 04:40,6885
2018-03-07 04:45,6812
2018-03-07 04:50,6750
2018-03-07 04:55,6633
2018-03-07 05:00,6458
2018-03-07 05:05,6322
2018-03-07 05:10,6224
2018-03-07 05:15,6119
2018-03-07 05:20,6062
2018-03-07 05:25,5997
2018-03-07 05:30,5910
2018-03-07 05:35,5788
2018-03-07 05:40,5713
2018-03-07 05:45,5616
2018-03-07 05:50,5559
2018-03-07 05:55,5424
2018-03-07 06:00,5275
2018-03-07 06:05,5162
2018-03-07 06:10,5049
2018-03-07 06:15,4970
2018-03-07 06:20,4844
2018-03-07 06:25,4759
2018-03-07 06:30,4707
2018-03-07 06:35,4616
2018-03-07 06:40,4547
2018-03-07 06:45,4450
2018-03-07 06:50,4425
2018-03-07 06:55,4353
2018-03-07 07:00,4274
2018-03-07 07:05,4205
2018-03-07 07:10,4149
2018-03-07 07:15,4065
2018-03-07 07:20,3985
2018-03-07 07:25,3947
2018-03-07 07:30,3937
2018-03-07 07:35,3891
2018-03-07 07:40,3862
2018-03-07 07:45,3857
2018-03-07 07:50,3813
2018-03-07 07:55,3798
2018-03-07 08:00,3741
2018-03-07 08:05,3695
2018-03-07 08:10,3684
2018-03-07 08:15,3662
2018-03-07 08:20,3651
2018-03-07 08:25,3681
2018-03-07 08:30,3663
2018-03-07 08:35,3682
2018-03-07 08:40,3680
2018-03-07 08:45,3655
2018-03-07 08:50,3682
2018-03-07 08:55,3689
2018-03-07 09:00,3686
2018-03-07 09:05,3743
2018-03-07 09:10,3790
2018-03-07 09:15,3807
2018-03-07 09:20,3804
2018-03-07 09:25,3825
2018-03-07 09:30,3856
2018-03-07 09:35,3892
2018-03-07 09:40,3924
2018-03-07 09:45,3943
2018-03-07 09:50,3948
2018-03-07 09:55,3993
2018-03-07 10:00,4045
2018-03-07 10:05,4071
2018-03-07 10:10,4107
2018-03-07 10:15,4120
2018-03-07 10:20,4170
2018-03-07 10:25,4204
2018-03-07 10:30,4278
2018-03-07 10:35,4277
2018-03-07 10:40,4333
2018-03-07 10:45,4334
2018-03-07 10:50,4372
2018-03-07 10:55,4411
2018-03-07 11:00,4438
2018-03-07 11:05,4472
2018-03-07 11:10,4500
2018-03-07 11:15,4561
2018-03-07 11:20,4592
2018-03-07 11:25,4630
2018-03-07 11:30,4662
2018-03-07 11:35,4722
2018-03-07 11:40,4795
2018-03-07 11:45,4817
2018-03-07 11:50,4872
2018-03-07 11:55,4923
2018-03-07 12:00,4993
2018-03-07 12:05,5063
2018-03-07 12:10,5112
2018-03-07 12:15,5131
2018-03-07 12:20,5206
2018-03-07 12:25,5303
2018-03-07 12:30,5378
2018-03-07 12:35,5457
2018-03-07 12:40,5458
2018-03-07 12:45,5496
2018-03-07 12:50,5566
2018-03-07 12:55,5682
2018-03-07 13:00,5755
2018-03-07 13:05,5825
2018-03-07 13:10,5881
2018-03-07 13:15,5959
2018-03-07 13:20,5973
2018-03-07 13:25,6040
2018-03-07 13:30,6140
2018-03-07 13:35,6140
2018-03-07 13:40,6334
2018-03-07 13:45,6394
2018-03-07 13:50,6510
2018-03-07 13:55,6510
2018-03-07 14:00,6565
2018-03-07 14:05,6749
2018-03-07 14:10,6835
2018-03-07 14:15,6931
2018-03-07 14:20,7016
2018-03-07 14:25,7153
2018-03-07 14:30,7249
2018-03-07 14:35,7342
2018-03-07 14:40,7426
2018-03-07 14:45,7535
2018-03-07 14:50,7607
2018-03-07 14:55,7607
2018-03-07 15:00,7784
2018-03-07 15:05,7968
2018-03-07 15:10,8037
2018-03-07 15:15,8037
2018-03-07 15:20,8119
2018-03-07 15:25,8389
2018-03-07 15:30,8494
2018-03-07 15:35,8585
2018-03-07 15:40,8697
2018-03-07 15:45,8697
2018-03-07 15:50,8894
2018-03-07 15:55,8894
2018-03-07 16:00,9091
2018-03-07 16:05,9185
2018-03-07 16:10,9274
2018-03-07 16:15,9274
2018-03-07 16:20,9435
2018-03-07 16:25,9487
2018-03-07 16:30,9603
2018-03-07 16:35,9659
2018-03-07 16:40,9744
2018-03-07 16:45,9744
2018-03-07 16:50,9904
2018-03-07 16:55,9904
2018-03-07 17:00,9965
2018-03-07 17:05,10024
2018-03-07 17:10,10102
2018-03-07 17:15,10204
2018-03-07 17:20,10348
2018-03-07 17:25,10348
2018-03-07 17:30,10378
2018-03-07 17:35,10379
2018-03-07 17:40,10367
2018-03-07 17:45,10367
2018-03-07 17:50,10368
2018-03-07 17:55,10416
2018-03-07 18:00,10495
2018-03-07 18:05,10771
2018-03-07 18:10,10771
2018-03-07 18:15,10953
2018-03-07 18:20,10953
2018-03-07 18:25,11134
2018-03-07 18:30,11134
2018-03-07 18:35,11262
2018-03-07 18:40,11337
2018-03-07 18:45,11429
2018-03-07 18:50,11538
2018-03-07 18:55,11538
2018-03-07 19:00,11619
2018-03-07 19:05,11685
2018-03-07 19:10,11686
2018-03-07 19:15,11819
2018-03-07 19:20,11870
2018-03-07 19:25,11890
2018-03-07 19:30,11913
2018-03-07 19:35,11939
2018-03-07 19:40,12005
2018-03-07 19:45,11963
2018-03-07 19:50,11955
2018-03-07 19:55,11985
2018-03-07 20:00,12015
2018-03-07 20:05,11951
2018-03-07 20:10,11946
2018-03-07 20:15,11905
2018-03-07 20:20,11916
2018-03-07 20:25,11874
2018-03-07 20:30,11891
2018-03-07 20:35,11877
2018-03-07 20:40,11884
2018-03-07 20:45,11843
2018-03-07 20:50,11790
2018-03-07 20:55,11813
2018-03-07 21:00,11768
2018-03-07 21:05,11729
2018-03-07 21:10,11625
2018-03-07 21:15,11511
2018-03-07 21:20,11454
2018-03-07 21:25,11334
2018-03-07 21:30,11292
2018-03-07 21:35,11296
2018-03-07 21:40,11248
2018-03-07 21:45,11295
2018-03-07 21:50,11266
2018-03-07 21:55,11142
2018-03-07 22:00,11064
2018-03-07 22:05,10981
2018-03-07 22:10,10978
2018-03-07 22:15,11001
2018-03-07 22:20,10992
2018-03-07 22:25,10890
2018-03-07 22:30,10860
2018-03-07 22:35,10881
2018-03-07 22:40,10825
2018-03-07 22:45,10764
2018-03-07 22:50,10629
2018-03-07 22:55,10544
2018-03-07 23:00,10455
2018-03-07 23:05,10382
2018-03-07 23:10,10239
2018-03-07 23:15,10135
2018-03-07 23:20,10051
2018-03-07 23:25,10001
2018-03-07 23:30,9954
2018-03-07 23:35,9891
2018-03-07 23:40,9828
2018-03-07 23:45,9743
2018-03-07 23:50,9672
2018-03-07 23:55,9582
2018-03-08 00:00,9521
2018-03-08 00:05,9467
2018-03-08 00:10,9375
2018-03-08 00:15,9369
2018-03-08 00:20,9392
2018-03-08 00:25,9312
2018-03-08 00:30,9274
2018-03-08 00:35,9268
2018-03-08 00:40,9253
2018-03-08 00:45,9266
2018-03-08 00:50,9196
2018-03-08 00:55,9176
2018-03-08 01:00,9190
2018-03-08 01:05,9138
2018-03-08 01:10,9151
2018-03-08 01:15,9072
2018-03-08 01:20,9032
2018-03-08 01:25,9060
2018-03-08 01:30,8974
2018-03-08 01:35,8968
2018-03-08 01:40,8908
2018-03-08 01:45,8939
2018-03-08 01:50,8969
2018-03-08 01:55,8936
2018-03-08 02:00,8989
2018-03-08 02:05,8957
2018-03-08 02:10,8965
2018-03-08 02:15,8956
2018-03-08 02:20,8981
2018-03-08 02:25,9008
2018-03-08 02:30,9019
2018-03-08 02:35,9019
2018-03-08 02:40,8957
2018-03-08 02:45,8928
2018-03-08 02:50,8857
2018-03-08 02:55,8853
2018-03-08 03:00,8793
2018-03-08 03:05,8690
2018-03-08 03:10,8643
2018-03-08 03:15,8578
2018-03-08 03:20,8453
2018-03-08 03:25,8372
2018-03-08 03:30,8330
2018-03-08 03:35,8279
2018-03-08 03:40,8238
2018-03-08 03:45,8167
2018-03-08 03:50,8056
2018-03-08 03:55,7986
2018-03-08 04:00,7856
2018-03-08 04:05,7755
2018-03-08 04:10,7629
2018-03-08 04:15,7564
2018-03-08 04:20,7458
2018-03-08 04:25,7363
2018-03-08 04:30,7241
2018-03-08 04:35,7085
2018-03-08 04:40,6968
2018-03-08 04:45,6887
2018-03-08 04:50,6795
2018-03-08 04:55,6738
2018-03-08 05:00,6619
2018-03-08 05:05,6453
2018-03-08 05:10,6301
2018-03-08 05:15,6185
2018-03-08 05:20,6098
2018-03-08 05:25,6007
2018-03-08 05:30,5954
2018-03-08 05:35,5837
2018-03-08 05:40,5744
2018-03-08 05:45,5690
2018-03-08 05:50,5599
2018-03-08 05:55,5514
2018-03-08 06:00,5390
2018-03-08 06:05,5307
2018-03-08 06:10,5198
2018-03-08 06:15,5127
2018-03-08 06:20,5022
2018-03-08 06:25,4936
2018-03-08 06:30,4853
2018-03-08 06:35,4794
2018-03-08 06:40,4680
2018-03-08 06:45,4656
2018-03-08 06:50,4616
2018-03-08 06:55,4587
2018-03-08 07:00,4527
2018-03-08 07:05,4494
2018-03-08 07:10,4442
2018-03-08 07:15,4413
2018-03-08 07:20,4371
2018-03-08 07:25,4314
2018-03-08 07:30,4274
2018-03-08 07:35,4230
2018-03-08 07:40,4214
2018-03-08 07:45,4188
2018-03-08 07:50,4170
2018-03-08 07:55,4134
2018-03-08 08:00,4136
2018-03-08 08:05,4089
2018-03-08 08:10,4086
2018-03-08 08:15,4083
2018-03-08 08:20,4124
2018-03-08 08:25,4127
2018-03-08 08:30,4082
2018-03-08 08:35,4085
2018-03-08 08:40,4102
2018-03-08 08:45,4099
2018-03-08 08:50,4080
2018-03-08 08:55,4103
2018-03-08 09:00,4104
2018-03-08 09:05,4117
2018-03-08 09:10,4194
2018-03-08 09:15,4202
2018-03-08 09:20,4259
2018-03-08 09:25,4281
2018-03-08 09:30,4343
2018-03-08 09:35,4390
2018-03-08 09:40,4393
2018-03-08 09:45,4454
2018-03-08 09:50,4484
2018-03-08 09:55,4517
2018-03-08 10:00,4550
2018-03-08 10:05,4587
2018-03-08 10:10,4587
2018-03-08 10:15,4593
2018-03-08 10:20,4613
2018-03-08 10:25,4640
2018-03-08 10:30,4652
2018-03-08 10:35,4710
2018-03-08 10:40,4773
2018-03-08 10:45,4827
2018-03-08 10:50,4857
2018-03-08 10:55,4926
2018-03-08 11:00,4989
2018-03-08 11:05,4998
2018-03-08 11:10,5049
2018-03-08 11:15,5106
2018-03-08 11:20,5181
2018-03-08 11:25,5280
2018-03-08 11:30,5321
2018-03-08 11:35,5335
2018-03-08 11:40,5395
2018-03-08 11:45,5384
2018-03-08 11:50,5430
2018-03-08 11:55,5467
2018-03-08 12:00,5488
2018-03-08 12:05,5489
2018-03-08 12:10,5466
2018-03-08 12:15,5534
2018-03-08 12:20,5582
2018-03-08 12:25,5597
2018-03-08 12:30,5641
2018-03-08 12:35,5734
2018-03-08 12:40,5807
2018-03-08 12:45,5869
2018-03-08 12:50,5879
2018-03-08 12:55,5932
2018-03-08 13:00,5945
2018-03-08 13:05,6018
2018-03-08 13:10,6107
2018-03-08 13:15,6204
2018-03-08 13:20,6234
2018-03-08 13:25,6218
2018-03-08 13:30,6288
2018-03-08 13:35,6324
2018-03-08 13:40,6419
2018-03-08 13:45,6512
2018-03-08 13:50,6589
2018-03-08 13:55,6688
2018-03-08 14:00,6784
2018-03-08 14:05,6917
2018-03-08 14:10,7009
2018-03-08 14:15,7063
2018-03-08 14:20,7149
2018-03-08 14:25,7263
2018-03-08 14:30,7286
2018-03-08 14:35,7358
2018-03-08 14:40,7435
2018-03-08 14:45,7527
2018-03-08 14:50,7572
2018-03-08 14:55,7633
2018-03-08 15:00,7708
2018-03-08 15:05,7760
2018-03-08 15:10,7892
2018-03-08 15:15,7879
2018-03-08 15:20,7991
2018-03-08 15:25,8058
2018-03-08 15:30,8118
2018-03-08 15:35,8195
2018-03-08 15:40,8270
2018-03-08 15:45,8363
2018-03-08 15:50,8468
2018-03-08 15:55,8532
2018-03-08 16:00,8592
2018-03-08 16:05,8711
2018-03-08 16:10,8810
2018-03-08 16:15,8918
2018-03-08 16:20,8922
2018-03-08 16:25,9110
2018-03-08 16:30,9197
2018-03-08 16:35,9240
2018-03-08 16:40,9306
2018-03-08 16:45,9379
2018-03-08 16:50,9428
2018-03-08 16:55,9513
2018-03-08 17:00,9661
2018-03-08 17:05,9694
2018-03-08 17:10,9759
2018-03-08 17:15,9899
2018-03-08 17:20,9945
2018-03-08 17:25,10065
2018-03-08 17:30,10142
2018-03-08 17:35,10191
2018-03-08 17:40,10302
2018-03-08 17:45,10400
2018-03-08 17:50,10522
2018-03-08 17:55,10535
2018-03-08 18:00,10655
2018-03-08 18:05,10689
2018-03-08 18:10,10765
2018-03-08 18:15,10856
2018-03-08 18:20,10891
2018-03-08 18:25,10915
2018-03-08 18:30,10944
2018-03-08 18:35,11097
2018-03-08 18:40,11108
2018-03-08 18:45,11136
2018-03-08 18:50,11101
2018-03-08 18:55,11146
2018-03-08 19:00,11230
2018-03-08 19:05,11297
2018-03-08 19:10,11424
2018-03-08 19:15,11457
2018-03-08 19:20,11496
2018-03-08 19:25,11440
2018-03-08 19:30,11444
2018-03-08 19:35,11488
2018-03-08 19:40,11486
2018-03-08 19:45,11544
2018-03-08 19:50,11587
2018-03-08 19:55,11620
2018-03-08 20:00,11598
2018-03-08 20:05,11617
2018-03-08 20:10,11615
2018-03-08 20:15,11705
2018-03-08 20:20,11776
2018-03-08 20:25,11864
2018-03-08 20:30,11819
2018-03-08 20:35,11835
2018-03-08 20:40,11799
2018-03-08 20:45,11794
2018-03-08 20:50,11795
2018-03-08 20:55,11822
2018-03-08 21:00,11729
2018-03-08 21:05,11689
2018-03-08 21:10,11650
2018-03-08 21:15,11606
2018-03-08 21:20,11520
2018-03-08 21:25,11472
2018-03-08 21:30,11410
2018-03-08 21:35,11283
2018-03-08 21:40,11273
2018-03-08 21:45,11174
2018-03-08 21:50,11097
2018-03-08 21:55,11023
2018-03-08 22:00,10957
2018-03-08 22:05,10919
2018-03-08 22:10,10870
2018-03-08 22:15,10722
2018-03-08 22:20,10606
2018-03-08 22:25,10577
2018-03-08 22:30,10523
2018-03-08 22:35,10415
2018-03-08 22:40,10388
2018-03-08 22:45,10331
2018-03-08 22:50,10219
2018-03-08 22:55,10111
2018-03-08 23:00,10025
2018-03-08 23:05,9881
2018-03-08 23:10,9877
2018-03-08 23:15,9784
2018-03-08 23:20,9723
2018-03-08 23:25,9627
2018-03-08 23:30,9545
2018-03-08 23:35,9481
2018-03-08 23:40,9452
2018-03-08 23:45,9419
2018-03-08 23:50,9420
2018-03-08 23:55,9357
2018-03-09 00:00,9298
2018-03-09 00:05,9195
2018-03-09 00:10,9162
2018-03-09 00:15,9109
2018-03-09 00:20,9084
2018-03-09 00:25,9013
2018-03-09 00:30,9051
2018-03-09 00:35,9026
2018-03-09 00:40,9004
2018-03-09 00:45,8990
2018-03-09 00:50,8934
2018-03-09 00:55,8898
2018-03-09 01:00,8904
2018-03-09 01:05,8855
2018-03-09 01:10,8890
2018-03-09 01:15,8837
2018-03-09 01:20,8868
2018-03-09 01:25,8785
2018-03-09 01:30,8763
2018-03-09 01:35,8784
2018-03-09 01:40,8773
2018-03-09 01:45,8758
2018-03-09 01:50,8714
2018-03-09 01:55,8734
2018-03-09 02:00,8686
2018-03-09 02:05,8692
2018-03-09 02:10,8722
2018-03-09 02:15,8672
2018-03-09 02:20,8636
2018-03-09 02:25,8592
2018-03-09 02:30,8609
2018-03-09 02:35,8576
2018-03-09 02:40,8570
2018-03-09 02:45,8541
2018-03-09 02:50,8564
2018-03-09 02:55,8511
2018-03-09 03:00,8397
2018-03-09 03:05,8264
2018-03-09 03:10,8148
2018-03-09 03:15,8101
2018-03-09 03:20,8089
2018-03-09 03:25,8034
2018-03-09 03:30,7978
2018-03-09 03:35,7802
2018-03-09 03:40,7724
2018-03-09 03:45,7616
2018-03-09 03:50,7587
2018-03-09 03:55,7518
2018-03-09 04:00,7453
2018-03-09 04:05,7339
2018-03-09 04:10,7224
2018-03-09 04:15,7094
2018-03-09 04:20,7039
2018-03-09 04:25,6992
2018-03-09 04:30,6910
2018-03-09 04:35,6796
2018-03-09 04:40,6737
2018-03-09 04:45,6674
2018-03-09 04:50,6519
2018-03-09 04:55,6444
2018-03-09 05:00,6378
2018-03-09 05:05,6257
2018-03-09 05:10,6200
2018-03-09 05:15,6143
2018-03-09 05:20,6044
2018-03-09 05:25,5993
2018-03-09 05:30,5929
2018-03-09 05:35,5855
2018-03-09 05:40,5748
2018-03-09 05:45,5677
2018-03-09 05:50,5586
2018-03-09 05:55,5476
2018-03-09 06:00,5415
2018-03-09 06:05,5326
2018-03-09 06:10,5221
2018-03-09 06:15,5187
2018-03-09 06:20,0
2018-03-09 06:25,5062
2018-03-09 06:30,5033
2018-03-09 06:35,4964
2018-03-09 06:40,4894
2018-03-09 06:45,4819
2018-03-09 06:50,4773
2018-03-09 06:55,4708
2018-03-09 07:00,4624
2018-03-09 07:05,4588
2018-03-09 07:10,4523
2018-03-09 07:15,4522
2018-03-09 07:20,4486
2018-03-09 07:25,4428
2018-03-09 07:30,4406
2018-03-09 07:35,4393
2018-03-09 07:40,4421
2018-03-09 07:45,4366
2018-03-09 07:50,4325
2018-03-09 07:55,4265
2018-03-09 08:00,4255
2018-03-09 08:05,4223
2018-03-09 08:10,4207
2018-03-09 08:15,4247
2018-03-09 08:20,4218
2018-03-09 08:25,4211
2018-03-09 08:30,4190
2018-03-09 08:35,4169
2018-03-09 08:40,4164
2018-03-09 08:45,4147
2018-03-09 08:50,4137
2018-03-09 08:55,4147
2018-03-09 09:00,4144
2018-03-09 09:05,4187
2018-03-09 09:10,4224
2018-03-09 09:15,4249
2018-03-09 09:20,4278
2018-03-09 09:25,4316
2018-03-09 09:30,4358
2018-03-09 09:35,4382
2018-03-09 09:40,4421
2018-03-09 09:45,4532
2018-03-09 09:50,4557
2018-03-09 09:55,4592
2018-03-09 10:00,4648
2018-03-09 10:05,4664
2018-03-09 10:10,4707
2018-03-09 10:15,4774
2018-03-09 10:20,4821
2018-03-09 10:25,4836
2018-03-09 10:30,4884
2018-03-09 10:35,4863
2018-03-09 10:40,4905
2018-03-09 10:45,4926
2018-03-09 10:50,4942
2018-03-09 10:55,4984
2018-03-09 11:00,5031
2018-03-09 11:05,5082
2018-03-09 11:10,5093
2018-03-09 11:15,5149
2018-03-09 11:20,5222
2018-03-09 11:25,5247
2018-03-09 11:30,5291
2018-03-09 11:35,5339
2018-03-09 11:40,5387
2018-03-09 11:45,5449
2018-03-09 11:50,5475
2018-03-09 11:55,5505
2018-03-09 12:00,5583
2018-03-09 12:05,5615
2018-03-09 12:10,5677
2018-03-09 12:15,5681
2018-03-09 12:20,5758
2018-03-09 12:25,5793
2018-03-09 12:30,5873
2018-03-09 12:35,5960
2018-03-09 12:40,6045
2018-03-09 12:45,6136
2018-03-09 12:50,6226
2018-03-09 12:55,6286
2018-03-09 13:00,6400
2018-03-09 13:05,6478
2018-03-09 13:10,6558
2018-03-09 13:15,6631
2018-03-09 13:20,6715
2018-03-09 13:25,6839
2018-03-09 13:30,6893
2018-03-09 13:35,6950
2018-03-09 13:40,7011
2018-03-09 13:45,7083
2018-03-09 13:50,7150
2018-03-09 13:55,7321
2018-03-09 14:00,7385
2018-03-09 14:05,7474
2018-03-09 14:10,7577
2018-03-09 14:15,7615
2018-03-09 14:20,7683
2018-03-09 14:25,7786
2018-03-09 14:30,7863
2018-03-09 14:35,7968
2018-03-09 14:40,8043
2018-03-09 14:45,8140
2018-03-09 14:50,8217
2018-03-09 14:55,8361
2018-03-09 15:00,8382
2018-03-09 15:05,8499
2018-03-09 15:10,8497
2018-03-09 15:15,8492
2018-03-09 15:20,8545
2018-03-09 15:25,8622
2018-03-09 15:30,8712
2018-03-09 15:35,8722
2018-03-09 15:40,8813
2018-03-09 15:45,8896
2018-03-09 15:50,8983
2018-03-09 15:55,8992
2018-03-09 16:00,9090
2018-03-09 16:05,9104
2018-03-09 16:10,9210
2018-03-09 16:15,9297
2018-03-09 16:20,9364
2018-03-09 16:25,9446
2018-03-09 16:30,9548
2018-03-09 16:35,9617
2018-03-09 16:40,9690
2018-03-09 16:45,9779
2018-03-09 16:50,9804
2018-03-09 16:55,9888
2018-03-09 17:00,10041
2018-03-09 17:05,10154
2018-03-09 17:10,10169
2018-03-09 17:15,10217
2018-03-09 17:20,10267
2018-03-09 17:25,10373
2018-03-09 17:30,10437
2018-03-09 17:35,10551
2018-03-09 17:40,10648
2018-03-09 17:45,10632
2018-03-09 17:50,10677
2018-03-09 17:55,10735
2018-03-09 18:00,10790
2018-03-09 18:05,10799
2018-03-09 18:10,10929
2018-03-09 18:15,11053
2018-03-09 18:20,11091
2018-03-09 18:25,11157
2018-03-09 18:30,11330
2018-03-09 18:35,11343
2018-03-09 18:40,11456
2018-03-09 18:45,11489
2018-03-09 18:50,11462
2018-03-09 18:55,11496
2018-03-09 19:00,11615
2018-03-09 19:05,11689
2018-03-09 19:10,11710
2018-03-09 19:15,11878
2018-03-09 19:20,11878
2018-03-09 19:25,11935
2018-03-09 19:30,11998
2018-03-09 19:35,12049
2018-03-09 19:40,12118
2018-03-09 19:45,12168
2018-03-09 19:50,12247
2018-03-09 19:55,12263
2018-03-09 20:00,12348
2018-03-09 20:05,12412
2018-03-09 20:10,12497
2018-03-09 20:15,12541
2018-03-09 20:20,12541
2018-03-09 20:25,12501
2018-03-09 20:30,12551
2018-03-09 20:35,12602
2018-03-09 20:40,12638
2018-03-09 20:45,12661
2018-03-09 20:50,12751
2018-03-09 20:55,12715
2018-03-09 21:00,12693
2018-03-09 21:05,12685
2018-03-09 21:10,
2018-03-09 21:15,0
2018-03-09 21:20,12636
2018-03-09 21:25,12663
2018-03-09 21:30,12607
2018-03-09 21:35,12632
2018-03-09 21:40,12592
2018-03-09 21:45,12624
2018-03-09 21:50,12499
2018-03-09 21:55,12544
2018-03-09 22:00,12414
2018-03-09 22:05,12375
2018-03-09 22:10,12264
2018-03-09 22:15,12203
2018-03-09 22:20,12206
2018-03-09 22:25,12183
2018-03-09 22:30,12124
2018-03-09 22:35,12001
2018-03-09 22:40,11916
2018-03-09 22:45,11963
2018-03-09 22:50,11799
2018-03-09 22:55,11799
2018-03-09 23:00,11739
2018-03-09 23:05,11655
2018-03-09 23:10,11526
2018-03-09 23:15,11468
2018-03-09 23:20,11441
2018-03-09 23:25,11307
2018-03-09 23:30,11220
2018-03-09 23:35,11145
2018-03-09 23:40,11107
2018-03-09 23:45,10936
2018-03-09 23:50,10890
2018-03-09 23:55,10842
2018-03-10 00:00,10773
2018-03-10 00:05,10680
2018-03-10 00:10,10607
2018-03-10 00:15,10540
2018-03-10 00:20,10425
2018-03-10 00:25,10367
2018-03-10 00:30,10270
2018-03-10 00:35,10244
2018-03-10 00:40,10150
2018-03-10 00:45,10027
2018-03-10 00:50,10034
2018-03-10 00:55,9976
2018-03-10 01:00,9950
2018-03-10 01:05,9934
2018-03-10 01:10,9902
2018-03-10 01:15,9911
2018-03-10 01:20,9894
2018-03-10 01:25,9852
2018-03-10 01:30,9804
2018-03-10 01:35,9758
2018-03-10 01:40,9723
2018-03-10 01:45,9626
2018-03-10 01:50,9581
2018-03-10 01:55,9564
2018-03-10 02:00,9519
2018-03-10 02:05,9499
2018-03-10 02:10,9491
2018-03-10 02:15,9428
2018-03-10 02:20,9373
2018-03-10 02:25,9296
2018-03-10 02:30,9294
2018-03-10 02:35,9262
2018-03-10 02:40,9238
2018-03-10 02:45,9203
2018-03-10 02:50,9280
2018-03-10 02:55,9271
2018-03-10 03:00,9232
2018-03-10 03:05,9130
2018-03-10 03:10,9117
2018-03-10 03:15,9091
2018-03-10 03:20,9095
2018-03-10 03:25,9162
2018-03-10 03:30,9145
2018-03-10 03:35,9127
2018-03-10 03:40,9146
2018-03-10 03:45,9128
2018-03-10 03:50,9089
2018-03-10 03:55,9039
2018-03-10 04:00,8935
2018-03-10 04:05,8840
2018-03-10 04:10,8756
2018-03-10 04:15,8699
2018-03-10 04:20,8711
2018-03-10 04:25,8623
2018-03-10 04:30,8516
2018-03-10 04:35,8461
2018-03-10 04:40,8352
2018-03-10 04:45,8295
2018-03-10 04:50,8201
2018-03-10 04:55,8205
2018-03-10 05:00,8098
2018-03-10 05:05,7985
2018-03-10 05:10,7869
2018-03-10 05:15,7848
2018-03-10 05:20,7737
2018-03-10 05:25,7737
2018-03-10 05:30,7620
2018-03-10 05:35,7542
2018-03-10 05:40,7472
2018-03-10 05:45,7400
2018-03-10 05:50,7315
2018-03-10 05:55,7235
2018-03-10 06:00,7154
2018-03-10 06:05,7092
2018-03-10 06:10,6997
2018-03-10 06:15,6923
2018-03-10 06:20,6858
2018-03-10 06:25,6743
2018-03-10 06:30,6693
2018-03-10 06:35,6605
2018-03-10 06:40,6604
2018-03-10 06:45,6507
2018-03-10 06:50,6427
2018-03-10 06:55,6344
2018-03-10 07:00,6231
2018-03-10 07:05,6142
2018-03-10 07:10,6093
2018-03-10 07:15,5990
2018-03-10 07:20,5956
2018-03-10 07:25,5919
2018-03-10 07:30,5826
2018-03-10 07:35,5803
2018-03-10 07:40,5768
2018-03-10 07:45,5714
2018-03-10 07:50,5690
2018-03-10 07:55,5637
2018-03-10 08:00,5589
2018-03-10 08:05,5546
2018-03-10 08:10,5488
2018-03-10 08:15,5488
2018-03-10 08:20,5472
2018-03-10 08:25,5448
2018-03-10 08:30,5473
2018-03-10 08:35,5440
2018-03-10 08:40,5393
2018-03-10 08:45,5418
2018-03-10 08:50,5400
2018-03-10 08:55,5410
2018-03-10 09:00,5422
2018-03-10 09:05,5405
2018-03-10 09:10,5517
2018-03-10 09:15,5581
2018-03-10 09:20,5609
2018-03-10 09:25,5656
2018-03-10 09:30,5725
2018-03-10 09:35,5731
2018-03-10 09:40,5787
2018-03-10 09:45,5814
2018-03-10 09:50,5864
2018-03-10 09:55,5898
2018-03-10 10:00,5919
2018-03-10 10:05,5980
2018-03-10 10:10,6028
2018-03-10 10:15,6131
2018-03-10 10:20,6209
2018-03-10 10:25,6299
2018-03-10 10:30,6347
2018-03-10 10:35,6372
2018-03-10 10:40,6454
2018-03-10 10:45,6536
2018-03-10 10:50,6546
2018-03-10 10:55,6599
2018-03-10 11:00,6694
2018-03-10 11:05,6762
2018-03-10 11:10,6809
2018-03-10 11:15,6893
2018-03-10 11:20,6974
2018-03-10 11:25,7026
2018-03-10 11:30,7067
2018-03-10 11:35,7087
2018-03-10 11:40,7172
2018-03-10 11:45,7271
2018-03-10 11:50,7352
2018-03-10 11:55,7431
2018-03-10 12:00,7476
2018-03-10 12:05,7534
2018-03-10 12:10,7600
2018-03-10 12:15,7681
2018-03-10 12:20,7833
2018-03-10 12:25,7831
2018-03-10 12:30,7923
2018-03-10 12:35,8034
2018-03-10 12:40,8062
2018-03-10 12:45,8138
2018-03-10 12:50,8284
2018-03-10 12:55,8344
2018-03-10 13:00,8356
2018-03-10 13:05,8387
2018-03-10 13:10,8424
2018-03-10 13:15,8468
2018-03-10 13:20,8565
2018-03-10 13:25,8535
2018-03-10 13:30,8655
2018-03-10 13:35,8741
2018-03-10 13:40,8848
2018-03-10 13:45,8999
2018-03-10 13:50,0
2018-03-10 13:55,9226
2018-03-10 14:00,9289
2018-03-10 14:05,9473
2018-03-10 14:10,9570
2018-03-10 14:15,9700
2018-03-10 14:20,9741
2018-03-10 14:25,9808
2018-03-10 14:30,9953
2018-03-10 14:35,10035
2018-03-10 14:40,10126
2018-03-10 14:45,10232
2018-03-10 14:50,10332
2018-03-10 14:55,10396
2018-03-10 15:00,10508
2018-03-10 15:05,10559
2018-03-10 15:10,10638
2018-03-10 15:15,10728
2018-03-10 15:20,10788
2018-03-10 15:25,10869
2018-03-10 15:30,10858
2018-03-10 15:35,10950
2018-03-10 15:40,11079
2018-03-10 15:45,11098
2018-03-10 15:50,11157
2018-03-10 15:55,11228
2018-03-10 16:00,11250
2018-03-10 16:05,11283
2018-03-10 16:10,11394
2018-03-10 16:15,11518
2018-03-10 16:20,11567
2018-03-10 16:25,11673
2018-03-10 16:30,11800
2018-03-10 16:35,11886
2018-03-10 16:40,11901
2018-03-10 16:45,12001
2018-03-10 16:50,12083
2018-03-10 16:55,12156
2018-03-10 17:00,12273
2018-03-10 17:05,12283
2018-03-10 17:10,12308
2018-03-10 17:15,12376
2018-03-10 17:20,12402
2018-03-10 17:25,12457
2018-03-10 17:30,12397
2018-03-10 17:35,12509
2018-03-10 17:40,12549
2018-03-10 17:45,12587
2018-03-10 17:50,12688
2018-03-10 17:55,12765
2018-03-10 18:00,12836
2018-03-10 18:05,12883
2018-03-10 18:10,12943
2018-03-10 18:15,13015
2018-03-10 18:20,13093
2018-03-10 18:25,13188
2018-03-10 18:30,13271
2018-03-10 18:35,13291
2018-03-10 18:40,13432
2018-03-10 18:45,13532
2018-03-10 18:50,13552
2018-03-10 18:55,13618
2018-03-10 19:00,13604
2018-03-10 19:05,13626
2018-03-10 19:10,13749
2018-03-10 19:15,13805
2018-03-10 19:20,13856
2018-03-10 19:25,13934
2018-03-10 19:30,13923
2018-03-10 19:35,13972
2018-03-10 19:40,14041
2018-03-10 19:45,14045
2018-03-10 19:50,14091
2018-03-10 19:55,14073
2018-03-10 20:00,14001
2018-03-10 20:05,14034
2018-03-10 20:10,14002
2018-03-10 20:15,13987
2018-03-10 20:20,14028
2018-03-10 20:25,14025
2018-03-10 20:30,14059
2018-03-10 20:35,14050
2018-03-10 20:40,14057
2018-03-10 20:45,14125
2018-03-10 20:50,14067
2018-03-10 20:55,14001
2018-03-10 21:00,13962
2018-03-10 21:05,13981
2018-03-10 21:10,13960
2018-03-10 21:15,13908
2018-03-10 21:20,13847
2018-03-10 21:25,13885
2018-03-10 21:30,13812
2018-03-10 21:35,13779
2018-03-10 21:40,13726
2018-03-10 21:45,13658
2018-03-10 21:50,13602
2018-03-10 21:55,13595
2018-03-10 22:00,13539
2018-03-10 22:05,13462
2018-03-10 22:10,13437
2018-03-10 22:15,13327
2018-03-10 22:20,13301
2018-03-10 22:25,13183
2018-03-10 22:30,13120
2018-03-10 22:35,13011
2018-03-10 22:40,12885
2018-03-10 22:45,12837
2018-03-10 22:50,12731
2018-03-10 22:55,12641
2018-03-10 23:00,12479
2018-03-10 23:05,12409
2018-03-10 23:10,12292
2018-03-10 23:15,12132
2018-03-10 23:20,12026
2018-03-10 23:25,11885
2018-03-10 23:30,11730
2018-03-10 23:35,11646
2018-03-10 23:40,11488
2018-03-10 23:45,11407
2018-03-10 23:50,11323
2018-03-10 23:55,11180
2018-03-11 00:00,10991
2018-03-11 00:05,10884
2018-03-11 00:10,10708
2018-03-11 00:15,10620
2018-03-11 00:20,10557
2018-03-11 00:25,10483
2018-03-11 00:30,10410
2018-03-11 00:35,10427
2018-03-11 00:40,10362
2018-03-11 00:45,10309
2018-03-11 00:50,10262
2018-03-11 00:55,10177
2018-03-11 01:00,10138
2018-03-11 01:05,10047
2018-03-11 01:10,9987
2018-03-11 01:15,9940
2018-03-11 01:20,9869
2018-03-11 01:25,9846
2018-03-11 01:30,9831
2018-03-11 01:35,9820
2018-03-11 01:40,9775
2018-03-11 01:45,9757
2018-03-11 01:50,9815
2018-03-11 01:55,9833
2018-03-11 02:00,9784
2018-03-11 02:05,9721
2018-03-11 02:10,9728
2018-03-11 02:15,9694
2018-03-11 02:20,9624
2018-03-11 02:25,9616
2018-03-11 02:30,9593
2018-03-11 02:35,9557
2018-03-11 02:40,9565
2018-03-11 02:45,9546
2018-03-11 02:50,9545
2018-03-11 02:55,9462
2018-03-11 03:00,9449
2018-03-11 03:05,9425
2018-03-11 03:10,9387
2018-03-11 03:15,9309
2018-03-11 03:20,9291
2018-03-11 03:25,9227
2018-03-11 03:30,9207
2018-03-11 03:35,9142
2018-03-11 03:40,9129
2018-03-11 03:45,9076
2018-03-11 03:50,9039
2018-03-11 03:55,9015
2018-03-11 04:00,8982
2018-03-11 04:05,8891
2018-03-11 04:10,8885
2018-03-11 04:15,8822
2018-03-11 04:20,8774
2018-03-11 04:25,8770
2018-03-11 04:30,8718
2018-03-11 04:35,8674
2018-03-11 04:40,8542
2018-03-11 04:45,8488
2018-03-11 04:50,8422
2018-03-11 04:55,8387
2018-03-11 05:00,8251
2018-03-11 05:05,8207
2018-03-11 05:10,8060
2018-03-11 05:15,7995
2018-03-11 05:20,7953
2018-03-11 05:25,7866
2018-03-11 05:30,7737
2018-03-11 05:35,7652
2018-03-11 05:40,7542
2018-03-11 05:45,7482
2018-03-11 05:50,7360
2018-03-11 05:55,7301
2018-03-11 06:00,7262
2018-03-11 06:05,7154
2018-03-11 06:10,7053
2018-03-11 06:15,6947
2018-03-11 06:20,6865
2018-03-11 06:25,6799
2018-03-11 06:30,6736
2018-03-11 06:35,6653
2018-03-11 06:40,6595
2018-03-11 06:45,6551
2018-03-11 06:50,6504
2018-03-11 06:55,6447
2018-03-11 07:00,6373
2018-03-11 07:05,6277
2018-03-11 07:10,6190
2018-03-11 07:15,6075
2018-03-11 07:20,6060
2018-03-11 07:25,5974
2018-03-11 07:30,5939
2018-03-11 07:35,5858
2018-03-11 07:40,5842
2018-03-11 07:45,5796
2018-03-11 07:50,5741
2018-03-11 07:55,5736
2018-03-11 08:00,5709
2018-03-11 08:05,5631
2018-03-11 08:10,5583
2018-03-11 08:15,5581
2018-03-11 08:20,5537
2018-03-11 08:25,5515
2018-03-11 08:30,5520
2018-03-11 08:35,5509
2018-03-11 08:40,5522
2018-03-11 08:45,5529
2018-03-11 08:50,5516
2018-03-11 08:55,5515
2018-03-11 09:00,5572
2018-03-11 09:05,5611
2018-03-11 09:10,5651
2018-03-11 09:15,5685
2018-03-11 09:20,5712
2018-03-11 09:25,5788
2018-03-11 09:30,5852
2018-03-11 09:35,5873
2018-03-11 09:40,5917
2018-03-11 09:45,6003
2018-03-11 09:50,6076
2018-03-11 09:55,6081
2018-03-11 10:00,6171
2018-03-11 10:05,6300
2018-03-11 10:10,6370
2018-03-11 10:15,6492
2018-03-11 10:20,6491
2018-03-11 10:25,6572
2018-03-11 10:30,6700
2018-03-11 10:35,6806
2018-03-11 10:40,6862
2018-03-11 10:45,6933
2018-03-11 10:50,6997
2018-03-11 10:55,7011
2018-03-11 11:00,7055
2018-03-11 11:05,7048
2018-03-11 11:10,7122
2018-03-11 11:15,7194
2018-03-11 11:20,7287
2018-03-11 11:25,7365
2018-03-11 11:30,7500
2018-03-11 11:35,7551
2018-03-11 11:40,7628
2018-03-11 11:45,7721
2018-03-11 11:50,7785
2018-03-11 11:55,7797
2018-03-11 12:00,7864
2018-03-11 12:05,7938
2018-03-11 12:10,8029
2018-03-11 12:15,8122
2018-03-11 12:20,8233
2018-03-11 12:25,8241
2018-03-11 12:30,8307
2018-03-11 12:35,8398
2018-03-11 12:40,8443
2018-03-11 12:45,8488
2018-03-11 12:50,8570
2018-03-11 12:55,8649
2018-03-11 13:00,8769
2018-03-11 13:05,8782
2018-03-11 13:10,8821
2018-03-11 13:15,8859
2018-03-11 13:20,8969
2018-03-11 13:25,9035
2018-03-11 13:30,9160
2018-03-11 13:35,9239
2018-03-11 13:40,0
2018-03-11 13:45,9392
2018-03-11 13:50,9441
2018-03-11 13:55,9491
2018-03-11 14:00,9604
2018-03-11 14:05,9705
2018-03-11 14:10,9798
2018-03-11 14:15,9884
2018-03-11 14:20,9975
2018-03-11 14:25,10066
2018-03-11 14:30,10141
2018-03-11 14:35,10228
2018-03-11 14:40,10318
2018-03-11 14:45,10394
2018-03-11 14:50,10444
2018-03-11 14:55,10599
2018-03-11 15:00,10681
2018-03-11 15:05,10725
2018-03-11 15:10,10836
2018-03-11 15:15,10971
2018-03-11 15:20,11043
2018-03-11 15:25,11122
2018-03-11 15:30,11191
2018-03-11 15:35,11328
2018-03-11 15:40,11425
2018-03-11 15:45,11486
2018-03-11 15:50,11575
2018-03-11 15:55,11662
2018-03-11 16:00,11682
2018-03-11 16:05,11766
2018-03-11 16:10,11812
2018-03-11 16:15,11836
2018-03-11 16:20,11950
2018-03-11 16:25,12110
2018-03-11 16:30,12129
2018-03-11 16:35,12249
2018-03-11 16:40,12307
2018-03-11 16:45,12415
2018-03-11 16:50,12485
2018-03-11 16:55,12530
2018-03-11 17:00,12594
2018-03-11 17:05,12708
2018-03-11 17:10,12817
2018-03-11 17:15,12903
2018-03-11 17:20,12946
2018-03-11 17:25,12954
2018-03-11 17:30,13068
2018-03-11 17:35,13168
2018-03-11 17:40,13272
2018-03-11 17:45,13298
2018-03-11 17:50,13391
2018-03-11 17:55,13505
2018-03-11 18:00,13533
2018-03-11 18:05,13637
2018-03-11 18:10,13637
2018-03-11 18:15,13686
2018-03-11 18:20,13762
2018-03-11 18:25,13847
2018-03-11 18:30,13931
2018-03-11 18:35,14018
2018-03-11 18:40,14014
2018-03-11 18:45,13459
2018-03-11 18:50,11655
2018-03-11 18:55,10646
2018-03-11 19:00,9693
2018-03-11 19:05,9018
2018-03-11 19:10,9017
2018-03-11 19:15,9396
2018-03-11 19:20,9934
2018-03-11 19:25,10366
2018-03-11 19:30,10811
2018-03-11 19:35,11178
2018-03-11 19:40,11529
2018-03-11 19:45,11900
2018-03-11 19:50,12303
2018-03-11 19:55,12615
2018-03-11 20:00,12812
2018-03-11 20:05,12950
2018-03-11 20:10,13068
2018-03-11 20:15,13210
2018-03-11 20:20,13396
2018-03-11 20:25,13446
2018-03-11 20:30,13499
2018-03-11 20:35,13559
2018-03-11 20:40,13628
2018-03-11 20:45,13659
2018-03-11 20:50,13752
2018-03-11 20:55,13692
2018-03-11 21:00,13638
2018-03-11 21:05,13635
2018-03-11 21:10,13674
2018-03-11 21:15,13632
2018-03-11 21:20,13531
2018-03-11 21:25,13475
2018-03-11 21:30,13384
2018-03-11 21:35,13239
2018-03-11 21:40,13106
2018-03-11 21:45,13022
2018-03-11 21:50,12923
2018-03-11 21:55,12865
2018-03-11 22:00,12803
2018-03-11 22:05,12670
2018-03-11 22:10,12559
2018-03-11 22:15,12446
2018-03-11 22:20,12233
2018-03-11 22:25,12195
2018-03-11 22:30,12075
2018-03-11 22:35,11917
2018-03-11 22:40,11801
2018-03-11 22:45,11691
2018-03-11 22:50,11524
2018-03-11 22:55,11396
2018-03-11 23:00,11281
2018-03-11 23:05,11198
2018-03-11 23:10,11070
2018-03-11 23:15,10975
2018-03-11 23:20,10966
2018-03-11 23:25,10860
2018-03-11 23:30,10801
2018-03-11 23:35,10724
2018-03-11 23:40,10692
2018-03-11 23:45,10638
2018-03-11 23:50,10523
2018-03-11 23:55,10438
2018-03-12 00:00,10370
2018-03-12 00:05,10309
2018-03-12 00:10,10242
2018-03-12 00:15,10174
2018-03-12 00:20,10099
2018-03-12 00:25,10075
2018-03-12 00:30,9969
2018-03-12 00:35,9884
2018-03-12 00:40,9831
2018-03-12 00:45,9842
2018-03-12 00:50,9762
2018-03-12 00:55,9692
2018-03-12 01:00,9643
2018-03-12 01:05,9660
2018-03-12 01:10,9552
2018-03-12 01:15,9521
2018-03-12 01:20,9487
2018-03-12 01:25,9450
2018-03-12 01:30,9384
2018-03-12 01:35,9333
2018-03-12 01:40,9284
2018-03-12 01:45,9244
2018-03-12 01:50,9153
2018-03-12 01:55,9142
2018-03-12 02:00,9030
2018-03-12 02:05,8913
2018-03-12 02:10,8827
2018-03-12 02:15,8799
2018-03-12 02:20,8779
2018-03-12 02:25,8713
2018-03-12 02:30,8662
2018-03-12 02:35,8570
2018-03-12 02:40,8500
2018-03-12 02:45,8362
2018-03-12 02:50,8298
2018-03-12 02:55,8248
2018-03-12 03:00,8206
2018-03-12 03:05,8137
2018-03-12 03:10,8041
2018-03-12 03:15,7949
2018-03-12 03:20,7843
2018-03-12 03:25,7723
2018-03-12 03:30,7656
2018-03-12 03:35,7508
2018-03-12 03:40,7406
2018-03-12 03:45,7268
2018-03-12 03:50,7169
2018-03-12 03:55,7111
2018-03-12 04:00,6998
2018-03-12 04:05,6885
2018-03-12 04:10,6785
2018-03-12 04:15,6708
2018-03-12 04:20,6598
2018-03-12 04:25,6513
2018-03-12 04:30,6389
2018-03-12 04:35,6291
2018-03-12 04:40,6119
2018-03-12 04:45,6025
2018-03-12 04:50,5954
2018-03-12 04:55,5786
2018-03-12 05:00,5704
2018-03-12 05:05,5604
2018-03-12 05:10,5531
2018-03-12 05:15,5463
2018-03-12 05:20,5357
2018-03-12 05:25,5250
2018-03-12 05:30,5143
2018-03-12 05:35,5058
2018-03-12 05:40,5007
2018-03-12 05:45,4916
2018-03-12 05:50,4724
2018-03-12 05:55,4655
2018-03-12 06:00,4575
2018-03-12 06:05,4464
2018-03-12 06:10,4381
2018-03-12 06:15,4322
2018-03-12 06:20,4261
2018-03-12 06:25,4184
2018-03-12 06:30,4113
2018-03-12 06:35,4046
2018-03-12 06:40,4027
2018-03-12 06:45,3996
2018-03-12 06:50,3925
2018-03-12 06:55,3840
2018-03-12 07:00,3793
2018-03-12 07:05,3752
2018-03-12 07:10,3702
2018-03-12 07:15,3610
2018-03-12 07:20,3562
2018-03-12 07:25,3544
2018-03-12 07:30,3489
2018-03-12 07:35,3457
2018-03-12 07:40,3408
2018-03-12 07:45,3442
2018-03-12 07:50,3427
2018-03-12 07:55,3376
2018-03-12 08:00,3355
2018-03-12 08:05,3338
2018-03-12 08:10,3316
2018-03-12 08:15,3331
2018-03-12 08:20,3347
2018-03-12 08:25,3324
2018-03-12 08:30,3328
2018-03-12 08:35,3329
2018-03-12 08:40,3341
2018-03-12 08:45,3357
2018-03-12 08:50,3318
2018-03-12 08:55,3311
2018-03-12 09:00,3330
2018-03-12 09:05,3348
2018-03-12 09:10,3359
2018-03-12 09:15,3355
2018-03-12 09:20,3400
2018-03-12 09:25,3440
2018-03-12 09:30,3454
2018-03-12 09:35,3466
2018-03-12 09:40,3451
2018-03-12 09:45,3504
2018-03-12 09:50,3507
2018-03-12 09:55,3528
2018-03-12 10:00,3569
2018-03-12 10:05,3636
2018-03-12 10:10,3678
2018-03-12 10:15,3705
2018-03-12 10:20,3776
2018-03-12 10:25,3789
2018-03-12 10:30,3812
2018-03-12 10:35,3831
2018-03-12 10:40,3892
2018-03-12 10:45,3910
2018-03-12 10:50,4003
2018-03-12 10:55,3993
2018-03-12 11:00,4055
2018-03-12 11:05,4136
2018-03-12 11:10,4159
2018-03-12 11:15,4179
2018-03-12 11:20,4247
2018-03-12 11:25,4280
2018-03-12 11:30,4320
2018-03-12 11:35,4385
2018-03-12 11:40,4446
2018-03-12 11:45,4450
2018-03-12 11:50,4497
2018-03-12 11:55,4549
2018-03-12 12:00,4578
2018-03-12 12:05,4648
2018-03-12 12:10,4703
2018-03-12 12:15,4787
2018-03-12 12:20,4820
2018-03-12 12:25,4885
2018-03-12 12:30,4946
2018-03-12 12:35,4963
2018-03-12 12:40,5059
2018-03-12 12:45,5121
2018-03-12 12:50,5180
2018-03-12 12:55,5245
2018-03-12 13:00,5305
2018-03-12 13:05,5365
2018-03-12 13:10,5393
2018-03-12 13:15,5473
2018-03-12 13:20,5542
2018-03-12 13:25,5614
2018-03-12 13:30,5682
2018-03-12 13:35,5785
2018-03-12 13:40,5839
2018-03-12 13:45,5908
2018-03-12 13:50,5985
2018-03-12 13:55,6043
2018-03-12 14:00,6152
2018-03-12 14:05,6234
2018-03-12 14:10,6310
2018-03-12 14:15,6412
2018-03-12 14:20,6511
2018-03-12 14:25,6583
2018-03-12 14:30,6678
2018-03-12 14:35,6763
2018-03-12 14:40,6857
2018-03-12 14:45,6958
2018-03-12 14:50,6986
2018-03-12 14:55,7073
2018-03-12 15:00,7201
2018-03-12 15:05,7292
2018-03-12 15:10,7377
2018-03-12 15:15,7538
2018-03-12 15:20,7601
2018-03-12 15:25,7722
2018-03-12 15:30,7856
2018-03-12 15:35,7928
2018-03-12 15:40,8077
2018-03-12 15:45,8215
2018-03-12 15:50,8333
2018-03-12 15:55,8406
2018-03-12 16:00,8486
2018-03-12 16:05,8525
2018-03-12 16:10,8600
2018-03-12 16:15,8661
2018-03-12 16:20,8727
2018-03-12 16:25,8815
2018-03-12 16:30,8893
2018-03-12 16:35,8975
2018-03-12 16:40,9051
2018-03-12 16:45,9141
2018-03-12 16:50,9166
2018-03-12 16:55,9310
2018-03-12 17:00,9432
2018-03-12 17:05,9462
2018-03-12 17:10,9548
2018-03-12 17:15,9632
2018-03-12 17:20,9762
2018-03-12 17:25,9787
2018-03-12 17:30,9939
2018-03-12 17:35,9966
2018-03-12 17:40,10095
2018-03-12 17:45,10196
2018-03-12 17:50,10256
2018-03-12 17:55,10360
2018-03-12 18:00,10430
2018-03-12 18:05,10585
2018-03-12 18:10,10634
2018-03-12 18:15,10737
2018-03-12 18:20,10814
2018-03-12 18:25,10860
2018-03-12 18:30,10928
2018-03-12 18:35,11030
2018-03-12 18:40,11171
2018-03-12 18:45,11348
2018-03-12 18:50,11422
2018-03-12 18:55,11569
2018-03-12 19:00,11593
2018-03-12 19:05,11669
2018-03-12 19:10,11769
2018-03-12 19:15,11834
2018-03-12 19:20,11876
2018-03-12 19:25,11918
2018-03-12 19:30,11918
2018-03-12 19:35,11941
2018-03-12 19:40,11975
2018-03-12 19:45,11979
2018-03-12 19:50,12020
2018-03-12 19:55,12036
2018-03-12 20:00,12024
2018-03-12 20:05,12021
2018-03-12 20:10,12058
2018-03-12 20:15,12051
2018-03-12 20:20,12063
2018-03-12 20:25,12063
2018-03-12 20:30,12094
2018-03-12 20:35,12142
2018-03-12 20:40,12096
2018-03-12 20:45,11999
2018-03-12 20:50,11948
2018-03-12 20:55,11874
2018-03-12 21:00,11783
2018-03-12 21:05,11718
2018-03-12 21:10,11600
2018-03-12 21:15,11474
2018-03-12 21:20,11381
2018-03-12 21:25,11331
2018-03-12 21:30,11235
2018-03-12 21:35,11126
2018-03-12 21:40,11116
2018-03-12 21:45,11036
2018-03-12 21:50,10959
2018-03-12 21:55,10888
2018-03-12 22:00,10837
2018-03-12 22:05,10751
2018-03-12 22:10,10610
2018-03-12 22:15,10586
2018-03-12 22:20,10435
2018-03-12 22:25,10336
2018-03-12 22:30,10222
2018-03-12 22:35,0
2018-03-12 22:40,10139
2018-03-12 22:45,10054
2018-03-12 22:50,10022
2018-03-12 22:55,9962
2018-03-12 23:00,9883
2018-03-12 23:05,9835
2018-03-12 23:10,9688
2018-03-12 23:15,9602
2018-03-12 23:20,9573
2018-03-12 23:25,9540
2018-03-12 23:30,9528
2018-03-12 23:35,9458
2018-03-12 23:40,9428
2018-03-12 23:45,9339
2018-03-12 23:50,9288
2018-03-12 23:55,9289
2018-03-13 00:00,9208
2018-03-13 00:05,9255
2018-03-13 00:10,9208
2018-03-13 00:15,9165
2018-03-13 00:20,9147
2018-03-13 00:25,9126
2018-03-13 00:30,9141
2018-03-13 00:35,9111
2018-03-13 00:40,9071
2018-03-13 00:45,9075
2018-03-13 00:50,8994
2018-03-13 00:55,8949
2018-03-13 01:00,8953
2018-03-13 01:05,8944
2018-03-13 01:10,8900
2018-03-13 01:15,8906
2018-03-13 01:20,8879
2018-03-13 01:25,8793
2018-03-13 01:30,8754
2018-03-13 01:35,8687
2018-03-13 01:40,8664
2018-03-13 01:45,8592
2018-03-13 01:50,8635
2018-03-13 01:55,8611
2018-03-13 02:00,8534
2018-03-13 02:05,8502
2018-03-13 02:10,8473
2018-03-13 02:15,8461
2018-03-13 02:20,8415
2018-03-13 02:25,8380
2018-03-13 02:30,8355
2018-03-13 02:35,8337
2018-03-13 02:40,8301
2018-03-13 02:45,8256
2018-03-13 02:50,8192
2018-03-13 02:55,8119
2018-03-13 03:00,8018
2018-03-13 03:05,7902
2018-03-13 03:10,7794
2018-03-13 03:15,7593
2018-03-13 03:20,7606
2018-03-13 03:25,7507
2018-03-13 03:30,7433
2018-03-13 03:35,7297
2018-03-13 03:40,7246
2018-03-13 03:45,7169
2018-03-13 03:50,7049
2018-03-13 03:55,6931
2018-03-13 04:00,6761
2018-03-13 04:05,6646
2018-03-13 04:10,6519
2018-03-13 04:15,6385
2018-03-13 04:20,6308
2018-03-13 04:25,6180
2018-03-13 04:30,6063
2018-03-13 04:35,5965
2018-03-13 04:40,5880
2018-03-13 04:45,5762
2018-03-13 04:50,5717
2018-03-13 04:55,5610
2018-03-13 05:00,5528
2018-03-13 05:05,5430
2018-03-13 05:10,5334
2018-03-13 05:15,5184
2018-03-13 05:20,5102
2018-03-13 05:25,5046
2018-03-13 05:30,4950
2018-03-13 05:35,4830
2018-03-13 05:40,4784
2018-03-13 05:45,4662
2018-03-13 05:50,4546
2018-03-13 05:55,4463
2018-03-13 06:00,4393
2018-03-13 06:05,4346
2018-03-13 06:10,4257
2018-03-13 06:15,4194
2018-03-13 06:20,4127
2018-03-13 06:25,4029
2018-03-13 06:30,3988
2018-03-13 06:35,3971
2018-03-13 06:40,3950
2018-03-13 06:45,3881
2018-03-13 06:50,3823
2018-03-13 06:55,3807
2018-03-13 07:00,3740
2018-03-13 07:05,3700
2018-03-13 07:10,3648
2018-03-13 07:15,3605
2018-03-13 07:20,3575
2018-03-13 07:25,3532
2018-03-13 07:30,3522
2018-03-13 07:35,3477
2018-03-13 07:40,3388
2018-03-13 07:45,3299
2018-03-13 07:50,3260
2018-03-13 07:55,3257
2018-03-13 08:00,3250
2018-03-13 08:05,3138
2018-03-13 08:10,3086
2018-03-13 08:15,3072
2018-03-13 08:20,2991
2018-03-13 08:25,2910
2018-03-13 08:30,2901
2018-03-13 08:35,2644
2018-03-13 08:40,2112
2018-03-13 08:45,1748
2018-03-13 08:50,1442
2018-03-13 08:55,1222
2018-03-13 09:00,1043
2018-03-13 09:05,985
2018-03-13 09:10,952
2018-03-13 09:15,924
2018-03-13 09:20,942
2018-03-13 09:25,933
2018-03-13 09:30,951
2018-03-13 09:35,969
2018-03-13 09:40,980
2018-03-13 09:45,1005
2018-03-13 09:50,1004
2018-03-13 09:55,1006
2018-03-13 10:00,1018
2018-03-13 10:05,995
2018-03-13 10:10,1023
2018-03-13 10:15,1017
2018-03-13 10:20,1010
2018-03-13 10:25,1018
2018-03-13 10:30,1043
2018-03-13 10:35,1056
2018-03-13 10:40,1078
2018-03-13 10:45,1084
2018-03-13 10:50,1082
2018-03-13 10:55,1082
2018-03-13 11:00,1114
2018-03-13 11:05,1062
2018-03-13 11:10,1019
2018-03-13 11:15,1007
2018-03-13 11:20,1026
2018-03-13 11:25,1048
2018-03-13 11:30,1240
2018-03-13 11:35,1681
2018-03-13 11:40,2059
2018-03-13 11:45,2412
2018-03-13 11:50,2741
2018-03-13 11:55,3020
2018-03-13 12:00,3323
2018-03-13 12:05,3577
2018-03-13 12:10,3840
2018-03-13 12:15,4074
2018-03-13 12:20,4320
2018-03-13 12:25,4542
2018-03-13 12:30,4742
2018-03-13 12:35,4963
2018-03-13 12:40,5116
2018-03-13 12:45,5232
2018-03-13 12:50,5412
2018-03-13 12:55,5551
2018-03-13 13:00,5681
2018-03-13 13:05,5775
2018-03-13 13:10,5875
2018-03-13 13:15,5991
2018-03-13 13:20,6126
2018-03-13 13:25,6243
2018-03-13 13:30,6204
2018-03-13 13:35,5988
2018-03-13 13:40,5208
2018-03-13 13:45,5180
2018-03-13 13:50,5402
2018-03-13 13:55,5669
2018-03-13 14:00,5935
2018-03-13 14:05,6073
2018-03-13 14:10,6297
2018-03-13 14:15,6494
2018-03-13 14:20,6673
2018-03-13 14:25,6885
2018-03-13 14:30,7031
2018-03-13 14:35,7203
2018-03-13 14:40,7305
2018-03-13 14:45,7472
2018-03-13 14:50,7619
2018-03-13 14:55,7760
2018-03-13 15:00,7869
2018-03-13 15:05,8030
2018-03-13 15:10,8150
2018-03-13 15:15,8291
2018-03-13 15:20,8480
2018-03-13 15:25,8567
2018-03-13 15:30,8669
2018-03-13 15:35,8805
2018-03-13 15:40,8889
2018-03-13 15:45,9034
2018-03-13 15:50,9093
2018-03-13 15:55,9180
2018-03-13 16:00,9256
2018-03-13 16:05,9349
2018-03-13 16:10,9496
2018-03-13 16:15,9556
2018-03-13 16:20,9621
2018-03-13 16:25,9773
2018-03-13 16:30,9928
2018-03-13 16:35,10096
2018-03-13 16:40,10251
2018-03-13 16:45,10428
2018-03-13 16:50,10505
2018-03-13 16:55,10613
2018-03-13 17:00,10711
2018-03-13 17:05,10870
2018-03-13 17:10,10961
2018-03-13 17:15,11075
2018-03-13 17:20,11225
2018-03-13 17:25,11384
2018-03-13 17:30,11424
2018-03-13 17:35,11558
2018-03-13 17:40,11621
2018-03-13 17:45,11705
2018-03-13 17:50,11806
2018-03-13 17:55,11956
2018-03-13 18:00,12000
2018-03-13 18:05,12080
2018-03-13 18:10,12162
2018-03-13 18:15,12272
2018-03-13 18:20,12380
2018-03-13 18:25,12422
2018-03-13 18:30,12505
2018-03-13 18:35,12543
2018-03-13 18:40,12614
2018-03-13 18:45,12686
2018-03-13 18:50,12743
2018-03-13 18:55,12841
2018-03-13 19:00,12860
2018-03-13 19:05,12972
2018-03-13 19:10,12988
2018-03-13 19:15,13120
2018-03-13 19:20,13161
2018-03-13 19:25,13217
2018-03-13 19:30,13319
2018-03-13 19:35,13306
2018-03-13 19:40,13338
2018-03-13 19:45,13352
2018-03-13 19:50,13402
2018-03-13 19:55,13330
2018-03-13 20:00,13218
2018-03-13 20:05,13148
2018-03-13 20:10,13162
2018-03-13 20:15,13163
2018-03-13 20:20,13119
2018-03-13 20:25,13161
2018-03-13 20:30,13173
2018-03-13 20:35,13225
2018-03-13 20:40,13214
2018-03-13 20:45,13147
2018-03-13 20:50,13102
2018-03-13 20:55,13118
2018-03-13 21:00,13101
2018-03-13 21:05,12921
2018-03-13 21:10,12816
2018-03-13 21:15,12730
2018-03-13 21:20,12674
2018-03-13 21:25,12601
2018-03-13 21:30,12569
2018-03-13 21:35,12417
2018-03-13 21:40,12347
2018-03-13 21:45,12308
2018-03-13 21:50,12276
2018-03-13 21:55,12279
2018-03-13 22:00,12173
2018-03-13 22:05,12090
2018-03-13 22:10,11985
2018-03-13 22:15,11885
2018-03-13 22:20,11802
2018-03-13 22:25,11749
2018-03-13 22:30,11698
2018-03-13 22:35,11554
2018-03-13 22:40,11548
2018-03-13 22:45,11464
2018-03-13 22:50,11398
2018-03-13 22:55,11276
2018-03-13 23:00,11205
2018-03-13 23:05,11139
2018-03-13 23:10,11015
2018-03-13 23:15,0
2018-03-13 23:20,8364
2018-03-13 23:25,10441
2018-03-13 23:30,10543
2018-03-13 23:35,10569
2018-03-13 23:40,10505
2018-03-13 23:45,10487
2018-03-13 23:50,10391
2018-03-13 23:55,10283
2018-03-14 00:00,10384
2018-03-14 00:05,10331
2018-03-14 00:10,10211
2018-03-14 00:15,10177
2018-03-14 00:20,10135
2018-03-14 00:25,10122
2018-03-14 00:30,10060
2018-03-14 00:35,10057
2018-03-14 00:40,10053
2018-03-14 00:45,10011
2018-03-14 00:50,10002
2018-03-14 00:55,9968
2018-03-14 01:00,9930
2018-03-14 01:05,9847
2018-03-14 01:10,9810
2018-03-14 01:15,9741
2018-03-14 01:20,9725
2018-03-14 01:25,9668
2018-03-14 01:30,9684
2018-03-14 01:35,9655
2018-03-14 01:40,9630
2018-03-14 01:45,9592
2018-03-14 01:50,9504
2018-03-14 01:55,9507
2018-03-14 02:00,9407
2018-03-14 02:05,9322
2018-03-14 02:10,9288
2018-03-14 02:15,9210
2018-03-14 02:20,9093
2018-03-14 02:25,9083
2018-03-14 02:30,9052
2018-03-14 02:35,8988
2018-03-14 02:40,8958
2018-03-14 02:45,8878
2018-03-14 02:50,8820
2018-03-14 02:55,8804
2018-03-14 03:00,8714
2018-03-14 03:05,8584
2018-03-14 03:10,8550
2018-03-14 03:15,8417
2018-03-14 03:20,8327
2018-03-14 03:25,8215
2018-03-14 03:30,8087
2018-03-14 03:35,7951
2018-03-14 03:40,7808
2018-03-14 03:45,7673
2018-03-14 03:50,7603
2018-03-14 03:55,7522
2018-03-14 04:00,7451
2018-03-14 04:05,7317
2018-03-14 04:10,7237
2018-03-14 04:15,7077
2018-03-14 04:20,6953
2018-03-14 04:25,6817
2018-03-14 04:30,6774
2018-03-14 04:35,6725
2018-03-14 04:40,6645
2018-03-14 04:45,6579
2018-03-14 04:50,6506
2018-03-14 04:55,6387
2018-03-14 05:00,6243
2018-03-14 05:05,6184
2018-03-14 05:10,6089
2018-03-14 05:15,6016
2018-03-14 05:20,5904
2018-03-14 05:25,5784
2018-03-14 05:30,5730
2018-03-14 05:35,5655
2018-03-14 05:40,5531
2018-03-14 05:45,5429
2018-03-14 05:50,5331
2018-03-14 05:55,5232
2018-03-14 06:00,5154
2018-03-14 06:05,5091
2018-03-14 06:10,5015
2018-03-14 06:15,4937
2018-03-14 06:20,4877
2018-03-14 06:25,4813
2018-03-14 06:30,4733
2018-03-14 06:35,4675
2018-03-14 06:40,4617
2018-03-14 06:45,4550
2018-03-14 06:50,4482
2018-03-14 06:55,4402
2018-03-14 07:00,4323
2018-03-14 07:05,4285
2018-03-14 07:10,4211
2018-03-14 07:15,4154
2018-03-14 07:20,4083
2018-03-14 07:25,3995
2018-03-14 07:30,3945
2018-03-14 07:35,3883
2018-03-14 07:40,3864
2018-03-14 07:45,3833
2018-03-14 07:50,3800
2018-03-14 07:55,3784
2018-03-14 08:00,3760
2018-03-14 08:05,3763
2018-03-14 08:10,3743
2018-03-14 08:15,3693
2018-03-14 08:20,3632
2018-03-14 08:25,3631
2018-03-14 08:30,3643
2018-03-14 08:35,3627
2018-03-14 08:40,3573
2018-03-14 08:45,3591
2018-03-14 08:50,3569
2018-03-14 08:55,3589
2018-03-14 09:00,3564
2018-03-14 09:05,3609
2018-03-14 09:10,3647
2018-03-14 09:15,3671
2018-03-14 09:20,3710
2018-03-14 09:25,3766
2018-03-14 09:30,3819
2018-03-14 09:35,3847
2018-03-14 09:40,3887
2018-03-14 09:45,3930
2018-03-14 09:50,4009
2018-03-14 09:55,4020
2018-03-14 10:00,4050
2018-03-14 10:05,4060
2018-03-14 10:10,4073
2018-03-14 10:15,4099
2018-03-14 10:20,4103
2018-03-14 10:25,4154
2018-03-14 10:30,4189
2018-03-14 10:35,4247
2018-03-14 10:40,4282
2018-03-14 10:45,4341
2018-03-14 10:50,4420
2018-03-14 10:55,4472
2018-03-14 11:00,4532
2018-03-14 11:05,4594
2018-03-14 11:10,4634
2018-03-14 11:15,4665
2018-03-14 11:20,4723
2018-03-14 11:25,4773
2018-03-14 11:30,4821
2018-03-14 11:35,4881
2018-03-14 11:40,4968
2018-03-14 11:45,5010
2018-03-14 11:50,5026
2018-03-14 11:55,5094
2018-03-14 12:00,5195
2018-03-14 12:05,5207
2018-03-14 12:10,5303
2018-03-14 12:15,5356
2018-03-14 12:20,5429
2018-03-14 12:25,5508
2018-03-14 12:30,5600
2018-03-14 12:35,5673
2018-03-14 12:40,5761
2018-03-14 12:45,5851
2018-03-14 12:50,5966
2018-03-14 12:55,6028
2018-03-14 13:00,6110
2018-03-14 13:05,6173
2018-03-14 13:10,6312
2018-03-14 13:15,6448
2018-03-14 13:20,6567
2018-03-14 13:25,6670
2018-03-14 13:30,6762
2018-03-14 13:35,6868
2018-03-14 13:40,6900
2018-03-14 13:45,6983
2018-03-14 13:50,7016
2018-03-14 13:55,7116
2018-03-14 14:00,7223
2018-03-14 14:05,7325
2018-03-14 14:10,7421
2018-03-14 14:15,7543
2018-03-14 14:20,7643
2018-03-14 14:25,7799
2018-03-14 14:30,7867
2018-03-14 14:35,7941
2018-03-14 14:40,8073
2018-03-14 14:45,8152
2018-03-14 14:50,8221
2018-03-14 14:55,8266
2018-03-14 15:00,8253
2018-03-14 15:05,8433
2018-03-14 15:10,8476
2018-03-14 15:15,8563
2018-03-14 15:20,8702
2018-03-14 15:25,8798
2018-03-14 15:30,8902
2018-03-14 15:35,8997
2018-03-14 15:40,9108
2018-03-14 15:45,9223
2018-03-14 15:50,9378
2018-03-14 15:55,9424
2018-03-14 16:00,9496
2018-03-14 16:05,9581
2018-03-14 16:10,9633
2018-03-14 16:15,9689
2018-03-14 16:20,9792
2018-03-14 16:25,9864
2018-03-14 16:30,9936
2018-03-14 16:35,10054
2018-03-14 16:40,10164
2018-03-14 16:45,10306
2018-03-14 16:50,10369
2018-03-14 16:55,10444
2018-03-14 17:00,10539
2018-03-14 17:05,10632
2018-03-14 17:10,10752
2018-03-14 17:15,10847
2018-03-14 17:20,11012
2018-03-14 17:25,11092
2018-03-14 17:30,11144
2018-03-14 17:35,11255
2018-03-14 17:40,11349
2018-03-14 17:45,11417
2018-03-14 17:50,11525
2018-03-14 17:55,11527
2018-03-14 18:00,11638
2018-03-14 18:05,11693
2018-03-14 18:10,11739
2018-03-14 18:15,11764
2018-03-14 18:20,11849
2018-03-14 18:25,11929
2018-03-14 18:30,11981
2018-03-14 18:35,12069
2018-03-14 18:40,12163
2018-03-14 18:45,12147
2018-03-14 18:50,12245
2018-03-14 18:55,12294
2018-03-14 19:00,12330
2018-03-14 19:05,12349
2018-03-14 19:10,12348
2018-03-14 19:15,12445
2018-03-14 19:20,12475
2018-03-14 19:25,12538
2018-03-14 19:30,12583
2018-03-14 19:35,12634
2018-03-14 19:40,12632
2018-03-14 19:45,12687
2018-03-14 19:50,12657
2018-03-14 19:55,12735
2018-03-14 20:00,12639
2018-03-14 20:05,12597
2018-03-14 20:10,12604
2018-03-14 20:15,12620
2018-03-14 20:20,12570
2018-03-14 20:25,12539
2018-03-14 20:30,12516
2018-03-14 20:35,12478
2018-03-14 20:40,12486
2018-03-14 20:45,12468
2018-03-14 20:50,12422
2018-03-14 20:55,12374
2018-03-14 21:00,12273
2018-03-14 21:05,12172
2018-03-14 21:10,12076
2018-03-14 21:15,11927
2018-03-14 21:20,11911
2018-03-14 21:25,11867
2018-03-14 21:30,11801
2018-03-14 21:35,11762
2018-03-14 21:40,11676
2018-03-14 21:45,11650
2018-03-14 21:50,11545
2018-03-14 21:55,11519
2018-03-14 22:00,11442
2018-03-14 22:05,11412
2018-03-14 22:10,11267
2018-03-14 22:15,11164
2018-03-14 22:20,11125
2018-03-14 22:25,11057
2018-03-14 22:30,10985
2018-03-14 22:35,10867
2018-03-14 22:40,10833
2018-03-14 22:45,10790
2018-03-14 22:50,10690
2018-03-14 22:55,10649
2018-03-14 23:00,10551
2018-03-14 23:05,10417
2018-03-14 23:10,10307
2018-03-14 23:15,10244
2018-03-14 23:20,10133
2018-03-14 23:25,10069
2018-03-14 23:30,9937
2018-03-14 23:35,9906
2018-03-14 23:40,9817
2018-03-14 23:45,9768
2018-03-14 23:50,9724
2018-03-14 23:55,9686
2018-03-15 00:00,9627
2018-03-15 00:05,9521
2018-03-15 00:10,9416
2018-03-15 00:15,9388
2018-03-15 00:20,9354
2018-03-15 00:25,9275
2018-03-15 00:30,9278
2018-03-15 00:35,9216
2018-03-15 00:40,9209
2018-03-15 00:45,9215
2018-03-15 00:50,9158
2018-03-15 00:55,9156
2018-03-15 01:00,9141
2018-03-15 01:05,9159
2018-03-15 01:10,9144
2018-03-15 01:15,9087
2018-03-15 01:20,9003
2018-03-15 01:25,9034
2018-03-15 01:30,9054
2018-03-15 01:35,9028
2018-03-15 01:40,8992
2018-03-15 01:45,8995
2018-03-15 01:50,8984
2018-03-15 01:55,8865
2018-03-15 02:00,8765
2018-03-15 02:05,8733
2018-03-15 02:10,8704
2018-03-15 02:15,8708
2018-03-15 02:20,8662
2018-03-15 02:25,8572
2018-03-15 02:30,8507
2018-03-15 02:35,8516
2018-03-15 02:40,8451
2018-03-15 02:45,8419
2018-03-15 02:50,8347
2018-03-15 02:55,8249
2018-03-15 03:00,8174
2018-03-15 03:05,8065
2018-03-15 03:10,7984
2018-03-15 03:15,7939
2018-03-15 03:20,7848
2018-03-15 03:25,7757
2018-03-15 03:30,7702
2018-03-15 03:35,7632
2018-03-15 03:40,7568
2018-03-15 03:45,7524
2018-03-15 03:50,7431
2018-03-15 03:55,7337
2018-03-15 04:00,7204
2018-03-15 04:05,7050
2018-03-15 04:10,6959
2018-03-15 04:15,6853
2018-03-15 04:20,6760
2018-03-15 04:25,6666
2018-03-15 04:30,6551
2018-03-15 04:35,6459
2018-03-15 04:40,6350
2018-03-15 04:45,6214
2018-03-15 04:50,6176
2018-03-15 04:55,6054
2018-03-15 05:00,5911
2018-03-15 05:05,5801
2018-03-15 05:10,5698
2018-03-15 05:15,5646
2018-03-15 05:20,5506
2018-03-15 05:25,5410
2018-03-15 05:30,5305
2018-03-15 05:35,5241
2018-03-15 05:40,5119
2018-03-15 05:45,5028
2018-03-15 05:50,4951
2018-03-15 05:55,4906
2018-03-15 06:00,4829
2018-03-15 06:05,4755
2018-03-15 06:10,4672
2018-03-15 06:15,4592
2018-03-15 06:20,4524
2018-03-15 06:25,4446
2018-03-15 06:30,4409
2018-03-15 06:35,4378
2018-03-15 06:40,4338
2018-03-15 06:45,4280
2018-03-15 06:50,4227
2018-03-15 06:55,4179
2018-03-15 07:00,4152
2018-03-15 07:05,4107
2018-03-15 07:10,4074
2018-03-15 07:15,4035
2018-03-15 07:20,3997
2018-03-15 07:25,3973
2018-03-15 07:30,3937
2018-03-15 07:35,3909
2018-03-15 07:40,3848
2018-03-15 07:45,3829
2018-03-15 07:50,3797
2018-03-15 07:55,3762
2018-03-15 08:00,3779
2018-03-15 08:05,3721
2018-03-15 08:10,3691
2018-03-15 08:15,3683
2018-03-15 08:20,3635
2018-03-15 08:25,3613
2018-03-15 08:30,3648
2018-03-15 08:35,3624
2018-03-15 08:40,3612
2018-03-15 08:45,3610
2018-03-15 08:50,3629
2018-03-15 08:55,3620
2018-03-15 09:00,3581
2018-03-15 09:05,3643
2018-03-15 09:10,3699
2018-03-15 09:15,3769
2018-03-15 09:20,3812
2018-03-15 09:25,3841
2018-03-15 09:30,3864
2018-03-15 09:35,3916
2018-03-15 09:40,3981
2018-03-15 09:45,4056
2018-03-15 09:50,4074
2018-03-15 09:55,4120
2018-03-15 10:00,4168
2018-03-15 10:05,4200
2018-03-15 10:10,4254
2018-03-15 10:15,4273
2018-03-15 10:20,4294
2018-03-15 10:25,4310
2018-03-15 10:30,4336
2018-03-15 10:35,4348
2018-03-15 10:40,4402
2018-03-15 10:45,4421
2018-03-15 10:50,4488
2018-03-15 10:55,4528
2018-03-15 11:00,4572
2018-03-15 11:05,4603
2018-03-15 11:10,4631
2018-03-15 11:15,4682
2018-03-15 11:20,4739
2018-03-15 11:25,4775
2018-03-15 11:30,4847
2018-03-15 11:35,4910
2018-03-15 11:40,4961
2018-03-15 11:45,4982
2018-03-15 11:50,4986
2018-03-15 11:55,5020
2018-03-15 12:00,5084
2018-03-15 12:05,5104
2018-03-15 12:10,5158
2018-03-15 12:15,5203
2018-03-15 12:20,5272
2018-03-15 12:25,5339
2018-03-15 12:30,5433
2018-03-15 12:35,5469
2018-03-15 12:40,5555
2018-03-15 12:45,5659
2018-03-15 12:50,5774
2018-03-15 12:55,5805
2018-03-15 13:00,5861
2018-03-15 13:05,5937
2018-03-15 13:10,6013
2018-03-15 13:15,6094
2018-03-15 13:20,6167
2018-03-15 13:25,6244
2018-03-15 13:30,6370
2018-03-15 13:35,6446
2018-03-15 13:40,6629
2018-03-15 13:45,6684
2018-03-15 13:50,6740
2018-03-15 13:55,6799
2018-03-15 14:00,6902
2018-03-15 14:05,7000
2018-03-15 14:10,7044
2018-03-15 14:15,7144
2018-03-15 14:20,7205
2018-03-15 14:25,7324
2018-03-15 14:30,7400
2018-03-15 14:35,7487
2018-03-15 14:40,7560
2018-03-15 14:45,7676
2018-03-15 14:50,7698
2018-03-15 14:55,7738
2018-03-15 15:00,7837
2018-03-15 15:05,7878
2018-03-15 15:10,7943
2018-03-15 15:15,8006
2018-03-15 15:20,8149
2018-03-15 15:25,8243
2018-03-15 15:30,8355
2018-03-15 15:35,8424
2018-03-15 15:40,8540
2018-03-15 15:45,8617
2018-03-15 15:50,8763
2018-03-15 15:55,8823
2018-03-15 16:00,8880
2018-03-15 16:05,8974
2018-03-15 16:10,9081
2018-03-15 16:15,9207
2018-03-15 16:20,9276
2018-03-15 16:25,9392
2018-03-15 16:30,9507
2018-03-15 16:35,9584
2018-03-15 16:40,9675
2018-03-15 16:45,9761
2018-03-15 16:50,9861
2018-03-15 16:55,9900
2018-03-15 17:00,9976
2018-03-15 17:05,9994
2018-03-15 17:10,10079
2018-03-15 17:15,10142
2018-03-15 17:20,10253
2018-03-15 17:25,10309
2018-03-15 17:30,10367
2018-03-15 17:35,10389
2018-03-15 17:40,0
2018-03-15 17:45,10631
2018-03-15 17:50,10697
2018-03-15 17:55,10274
2018-03-15 18:00,10856
2018-03-15 18:05,10893
2018-03-15 18:10,
2018-03-15 18:15,11008
2018-03-15 18:20,11153
2018-03-15 18:25,11246
2018-03-15 18:30,11307
2018-03-15 18:35,11399
2018-03-15 18:40,11430
2018-03-15 18:45,11497
2018-03-15 18:50,11563
2018-03-15 18:55,11609
2018-03-15 19:00,11616
2018-03-15 19:05,11658
2018-03-15 19:10,11762
2018-03-15 19:15,11763
2018-03-15 19:20,11794
2018-03-15 19:25,11799
2018-03-15 19:30,11876
2018-03-15 19:35,11929
2018-03-15 19:40,11964
2018-03-15 19:45,11973
2018-03-15 19:50,12024
2018-03-15 19:55,12070
2018-03-15 20:00,12084
2018-03-15 20:05,12106
2018-03-15 20:10,12128
2018-03-15 20:15,12161
2018-03-15 20:20,11400
2018-03-15 20:25,9379
2018-03-15 20:30,11840
2018-03-15 20:35,11990
2018-03-15 20:40,12048
2018-03-15 20:45,12031
2018-03-15 20:50,12058
2018-03-15 20:55,11987
2018-03-15 21:00,11921
2018-03-15 21:05,11910
2018-03-15 21:10,11815
2018-03-15 21:15,11787
2018-03-15 21:20,11688
2018-03-15 21:25,11582
2018-03-15 21:30,11563
2018-03-15 21:35,11466
2018-03-15 21:40,11445
2018-03-15 21:45,11350
2018-03-15 21:50,11227
2018-03-15 21:55,11191
2018-03-15 22:00,11089
2018-03-15 22:05,11037
2018-03-15 22:10,10949
2018-03-15 22:15,10841
2018-03-15 22:20,10717
2018-03-15 22:25,10702
2018-03-15 22:30,10694
2018-03-15 22:35,10558
2018-03-15 22:40,10502
2018-03-15 22:45,10424
2018-03-15 22:50,10303
2018-03-15 22:55,10202
2018-03-15 23:00,10132
2018-03-15 23:05,10106
2018-03-15 23:10,9992
2018-03-15 23:15,9937
2018-03-15 23:20,9889
2018-03-15 23:25,9856
2018-03-15 23:30,9809
2018-03-15 23:35,9758
2018-03-15 23:40,9707
2018-03-15 23:45,9757
2018-03-15 23:50,9693
2018-03-15 23:55,9663
2018-03-16 00:00,9630
2018-03-16 00:05,9601
2018-03-16 00:10,9567
2018-03-16 00:15,9483
2018-03-16 00:20,9487
2018-03-16 00:25,9480
2018-03-16 00:30,9410
2018-03-16 00:35,9385
2018-03-16 00:40,9331
2018-03-16 00:45,9357
2018-03-16 00:50,9360
2018-03-16 00:55,9312
2018-03-16 01:00,9281
2018-03-16 01:05,9206
2018-03-16 01:10,9185
2018-03-16 01:15,9145
2018-03-16 01:20,9117
2018-03-16 01:25,9057
2018-03-16 01:30,9076
2018-03-16 01:35,9010
2018-03-16 01:40,8908
2018-03-16 01:45,8936
2018-03-16 01:50,8975
2018-03-16 01:55,8867
2018-03-16 02:00,8818
2018-03-16 02:05,8723
2018-03-16 02:10,8667
2018-03-16 02:15,8666
2018-03-16 02:20,8626
2018-03-16 02:25,8552
2018-03-16 02:30,8461
2018-03-16 02:35,8345
2018-03-16 02:40,8294
2018-03-16 02:45,8304
2018-03-16 02:50,8212
2018-03-16 02:55,8113
2018-03-16 03:00,8034
2018-03-16 03:05,7972
2018-03-16 03:10,7835
2018-03-16 03:15,7761
2018-03-16 03:20,7714
2018-03-16 03:25,7657
2018-03-16 03:30,7557
2018-03-16 03:35,7428
2018-03-16 03:40,7342
2018-03-16 03:45,7266
2018-03-16 03:50,7189
2018-03-16 03:55,7148
2018-03-16 04:00,7065
2018-03-16 04:05,6898
2018-03-16 04:10,6793
2018-03-16 04:15,6726
2018-03-16 04:20,6634
2018-03-16 04:25,6501
2018-03-16 04:30,6427
2018-03-16 04:35,6365
2018-03-16 04:40,6290
2018-03-16 04:45,6212
2018-03-16 04:50,6134
2018-03-16 04:55,6095
2018-03-16 05:00,5985
2018-03-16 05:05,5879
2018-03-16 05:10,5799
2018-03-16 05:15,5761
2018-03-16 05:20,5600
2018-03-16 05:25,5519
2018-03-16 05:30,5400
2018-03-16 05:35,5288
2018-03-16 05:40,5167
2018-03-16 05:45,5121
2018-03-16 05:50,5050
2018-03-16 05:55,4973
2018-03-16 06:00,4948
2018-03-16 06:05,4856
2018-03-16 06:10,4760
2018-03-16 06:15,4678
2018-03-16 06:20,4573
2018-03-16 06:25,4483
2018-03-16 06:30,4472
2018-03-16 06:35,4406
2018-03-16 06:40,4332
2018-03-16 06:45,4280
2018-03-16 06:50,4252
2018-03-16 06:55,4156
2018-03-16 07:00,4082
2018-03-16 07:05,4044
2018-03-16 07:10,3975
2018-03-16 07:15,3896
2018-03-16 07:20,3837
2018-03-16 07:25,3811
2018-03-16 07:30,3759
2018-03-16 07:35,3757
2018-03-16 07:40,3701
2018-03-16 07:45,3664
2018-03-16 07:50,3653
2018-03-16 07:55,3616
2018-03-16 08:00,3617
2018-03-16 08:05,3567
2018-03-16 08:10,3590
2018-03-16 08:15,3571
2018-03-16 08:20,3554
2018-03-16 08:25,3516
2018-03-16 08:30,3490
2018-03-16 08:35,3519
2018-03-16 08:40,3520
2018-03-16 08:45,3527
2018-03-16 08:50,3568
2018-03-16 08:55,3577
2018-03-16 09:00,3590
2018-03-16 09:05,3621
2018-03-16 09:10,3691
2018-03-16 09:15,3701
2018-03-16 09:20,3735
2018-03-16 09:25,3784
2018-03-16 09:30,3828
2018-03-16 09:35,3865
2018-03-16 09:40,3931
2018-03-16 09:45,3991
2018-03-16 09:50,4029
2018-03-16 09:55,4038
2018-03-16 10:00,4051
2018-03-16 10:05,4091
2018-03-16 10:10,4147
2018-03-16 10:15,4209
2018-03-16 10:20,4279
2018-03-16 10:25,4324
2018-03-16 10:30,4357
2018-03-16 10:35,4402
2018-03-16 10:40,4441
2018-03-16 10:45,4508
2018-03-16 10:50,4589
2018-03-16 10:55,4616
2018-03-16 11:00,4649
2018-03-16 11:05,4705
2018-03-16 11:10,4733
2018-03-16 11:15,4765
2018-03-16 11:20,4799
2018-03-16 11:25,4881
2018-03-16 11:30,4935
2018-03-16 11:35,5020
2018-03-16 11:40,5074
2018-03-16 11:45,5116
2018-03-16 11:50,5182
2018-03-16 11:55,5182
2018-03-16 12:00,5252
2018-03-16 12:05,5264
2018-03-16 12:10,5370
2018-03-16 12:15,5391
2018-03-16 12:20,5495
2018-03-16 12:25,5587
2018-03-16 12:30,5629
2018-03-16 12:35,5697
2018-03-16 12:40,5768
2018-03-16 12:45,5859
2018-03-16 12:50,5947
2018-03-16 12:55,6051
2018-03-16 13:00,6154
2018-03-16 13:05,6264
2018-03-16 13:10,6357
2018-03-16 13:15,6426
2018-03-16 13:20,6468
2018-03-16 13:25,6602
2018-03-16 13:30,6692
2018-03-16 13:35,6782
2018-03-16 13:40,6904
2018-03-16 13:45,6993
2018-03-16 13:50,7099
2018-03-16 13:55,7225
2018-03-16 14:00,7333
2018-03-16 14:05,7374
2018-03-16 14:10,7481
2018-03-16 14:15,7545
2018-03-16 14:20,7616
2018-03-16 14:25,7701
2018-03-16 14:30,7772
2018-03-16 14:35,7870
2018-03-16 14:40,7951
2018-03-16 14:45,8029
2018-03-16 14:50,8099
2018-03-16 14:55,8209
2018-03-16 15:00,8282
2018-03-16 15:05,8273
2018-03-16 15:10,8399
2018-03-16 15:15,8522
2018-03-16 15:20,8580
2018-03-16 15:25,8645
2018-03-16 15:30,8732
2018-03-16 15:35,8779
2018-03-16 15:40,8920
2018-03-16 15:45,8944
2018-03-16 15:50,9015
2018-03-16 15:55,9088
2018-03-16 16:00,9165
2018-03-16 16:05,9227
2018-03-16 16:10,9403
2018-03-16 16:15,9500
2018-03-16 16:20,9549
2018-03-16 16:25,9679
2018-03-16 16:30,9786
2018-03-16 16:35,9933
2018-03-16 16:40,9980
2018-03-16 16:45,10080
2018-03-16 16:50,10147
2018-03-16 16:55,10291
2018-03-16 17:00,10389
2018-03-16 17:05,10480
2018-03-16 17:10,10562
2018-03-16 17:15,10644
2018-03-16 17:20,10720
2018-03-16 17:25,10779
2018-03-16 17:30,10845
2018-03-16 17:35,10932
2018-03-16 17:40,10990
2018-03-16 17:45,10991
2018-03-16 17:50,11055
2018-03-16 17:55,11143
2018-03-16 18:00,11169
2018-03-16 18:05,11275
2018-03-16 18:10,11414
2018-03-16 18:15,11467
2018-03-16 18:20,11496
2018-03-16 18:25,11578
2018-03-16 18:30,11675
2018-03-16 18:35,11681
2018-03-16 18:40,11702
2018-03-16 18:45,11775
2018-03-16 18:50,11859
2018-03-16 18:55,11882
2018-03-16 19:00,11932
2018-03-16 19:05,11905
2018-03-16 19:10,11928
2018-03-16 19:15,11939
2018-03-16 19:20,12002
2018-03-16 19:25,12014
2018-03-16 19:30,12140
2018-03-16 19:35,12194
2018-03-16 19:40,12285
2018-03-16 19:45,12323
2018-03-16 19:50,12347
2018-03-16 19:55,12347
2018-03-16 20:00,12391
2018-03-16 20:05,12462
2018-03-16 20:10,12535
2018-03-16 20:15,12549
2018-03-16 20:20,12611
2018-03-16 20:25,12685
2018-03-16 20:30,12787
2018-03-16 20:35,12828
2018-03-16 20:40,12853
2018-03-16 20:45,12892
2018-03-16 20:50,12919
2018-03-16 20:55,13010
2018-03-16 21:00,13025
2018-03-16 21:05,13075
2018-03-16 21:10,13126
2018-03-16 21:15,13188
2018-03-16 21:20,13245
2018-03-16 21:25,13307
2018-03-16 21:30,13185
2018-03-16 21:35,13133
2018-03-16 21:40,13102
2018-03-16 21:45,0
2018-03-16 21:50,12906
2018-03-16 21:55,12839
2018-03-16 22:00,12761
2018-03-16 22:05,12644
2018-03-16 22:10,12600
2018-03-16 22:15,12572
2018-03-16 22:20,12598
2018-03-16 22:25,12552
2018-03-16 22:30,12521
2018-03-16 22:35,12410
2018-03-16 22:40,12284
2018-03-16 22:45,12164
2018-03-16 22:50,12073
2018-03-16 22:55,11968
2018-03-16 23:00,11874
2018-03-16 23:05,11833
2018-03-16 23:10,11710
2018-03-16 23:15,11560
2018-03-16 23:20,11485
2018-03-16 23:25,11383
2018-03-16 23:30,11294
2018-03-16 23:35,11113
2018-03-16 23:40,11044
2018-03-16 23:45,10978
2018-03-16 23:50,10900
2018-03-16 23:55,10830
2018-03-17 00:00,10762
2018-03-17 00:05,10596
2018-03-17 00:10,10514
2018-03-17 00:15,10423
2018-03-17 00:20,10343
2018-03-17 00:25,10256
2018-03-17 00:30,10201
2018-03-17 00:35,10137
2018-03-17 00:40,10146
2018-03-17 00:45,10181
2018-03-17 00:50,10163
2018-03-17 00:55,10129
2018-03-17 01:00,10089
2018-03-17 01:05,10014
2018-03-17 01:10,9975
2018-03-17 01:15,9947
2018-03-17 01:20,9860
2018-03-17 01:25,9806
2018-03-17 01:30,9850
2018-03-17 01:35,9813
2018-03-17 01:40,9845
2018-03-17 01:45,9870
2018-03-17 01:50,9814
2018-03-17 01:55,9732
2018-03-17 02:00,9738
2018-03-17 02:05,9586
2018-03-17 02:10,9584
2018-03-17 02:15,9589
2018-03-17 02:20,9542
2018-03-17 02:25,9539
2018-03-17 02:30,9501
2018-03-17 02:35,9487
2018-03-17 02:40,9504
2018-03-17 02:45,9437
2018-03-17 02:50,9426
2018-03-17 02:55,9408
2018-03-17 03:00,9366
2018-03-17 03:05,9416
2018-03-17 03:10,9348
2018-03-17 03:15,9244
2018-03-17 03:20,9217
2018-03-17 03:25,9198
2018-03-17 03:30,9138
2018-03-17 03:35,9083
2018-03-17 03:40,8981
2018-03-17 03:45,8873
2018-03-17 03:50,8806
2018-03-17 03:55,8738
2018-03-17 04:00,8666
2018-03-17 04:05,8559
2018-03-17 04:10,8468
2018-03-17 04:15,8392
2018-03-17 04:20,8325
2018-03-17 04:25,8215
2018-03-17 04:30,8110
2018-03-17 04:35,8052
2018-03-17 04:40,7977
2018-03-17 04:45,7919
2018-03-17 04:50,7822
2018-03-17 04:55,7770
2018-03-17 05:00,7703
2018-03-17 05:05,7600
2018-03-17 05:10,7494
2018-03-17 05:15,7353
2018-03-17 05:20,7237
2018-03-17 05:25,7176
2018-03-17 05:30,7075
2018-03-17 05:35,6953
2018-03-17 05:40,6790
2018-03-17 05:45,6668
2018-03-17 05:50,6563
2018-03-17 05:55,6512
2018-03-17 06:00,6456
2018-03-17 06:05,6355
2018-03-17 06:10,6284
2018-03-17 06:15,6217
2018-03-17 06:20,6157
2018-03-17 06:25,6074
2018-03-17 06:30,5987
2018-03-17 06:35,5914
2018-03-17 06:40,5847
2018-03-17 06:45,5724
2018-03-17 06:50,5631
2018-03-17 06:55,5581
2018-03-17 07:00,5527
2018-03-17 07:05,5462
2018-03-17 07:10,5411
2018-03-17 07:15,5359
2018-03-17 07:20,5331
2018-03-17 07:25,5287
2018-03-17 07:30,5222
2018-03-17 07:35,5215
2018-03-17 07:40,5125
2018-03-17 07:45,5108
2018-03-17 07:50,5089
2018-03-17 07:55,5074
2018-03-17 08:00,5052
2018-03-17 08:05,5008
2018-03-17 08:10,4992
2018-03-17 08:15,4998
2018-03-17 08:20,4986
2018-03-17 08:25,5010
2018-03-17 08:30,5021
2018-03-17 08:35,5002
2018-03-17 08:40,5025
2018-03-17 08:45,5045
2018-03-17 08:50,5082
2018-03-17 08:55,5105
2018-03-17 09:00,5072
2018-03-17 09:05,5092
2018-03-17 09:10,5194
2018-03-17 09:15,5247
2018-03-17 09:20,5261
2018-03-17 09:25,5352
2018-03-17 09:30,5401
2018-03-17 09:35,5481
2018-03-17 09:40,5588
2018-03-17 09:45,5652
2018-03-17 09:50,5715
2018-03-17 09:55,5786
2018-03-17 10:00,5842
2018-03-17 10:05,5877
2018-03-17 10:10,6006
2018-03-17 10:15,6091
2018-03-17 10:20,6142
2018-03-17 10:25,6240
2018-03-17 10:30,6320
2018-03-17 10:35,6362
2018-03-17 10:40,6431
2018-03-17 10:45,6526
2018-03-17 10:50,6639
2018-03-17 10:55,6765
2018-03-17 11:00,6834
2018-03-17 11:05,6948
2018-03-17 11:10,7043
2018-03-17 11:15,7064
2018-03-17 11:20,7178
2018-03-17 11:25,7266
2018-03-17 11:30,7281
2018-03-17 11:35,7333
2018-03-17 11:40,7461
2018-03-17 11:45,7523
2018-03-17 11:50,7553
2018-03-17 11:55,7613
2018-03-17 12:00,7686
2018-03-17 12:05,7750
2018-03-17 12:10,7905
2018-03-17 12:15,7942
2018-03-17 12:20,8009
2018-03-17 12:25,8140
2018-03-17 12:30,8218
2018-03-17 12:35,8329
2018-03-17 12:40,8449
2018-03-17 12:45,8495
2018-03-17 12:50,8615
2018-03-17 12:55,8696
2018-03-17 13:00,8779
2018-03-17 13:05,8788
2018-03-17 13:10,8855
2018-03-17 13:15,8929
2018-03-17 13:20,8945
2018-03-17 13:25,9128
2018-03-17 13:30,9184
2018-03-17 13:35,9302
2018-03-17 13:40,9363
2018-03-17 13:45,9429
2018-03-17 13:50,0
2018-03-17 13:55,9647
2018-03-17 14:00,9726
2018-03-17 14:05,9783
2018-03-17 14:10,9941
2018-03-17 14:15,9988
2018-03-17 14:20,10090
2018-03-17 14:25,10223
2018-03-17 14:30,10316
2018-03-17 14:35,10441
2018-03-17 14:40,10605
2018-03-17 14:45,10679
2018-03-17 14:50,10736
2018-03-17 14:55,10760
2018-03-17 15:00,10851
2018-03-17 15:05,10934
2018-03-17 15:10,11019
2018-03-17 15:15,11085
2018-03-17 15:20,11145
2018-03-17 15:25,11237
2018-03-17 15:30,11424
2018-03-17 15:35,11572
2018-03-17 15:40,11584
2018-03-17 15:45,11727
2018-03-17 15:50,11738
2018-03-17 15:55,11833
2018-03-17 16:00,11929
2018-03-17 16:05,11977
2018-03-17 16:10,12058
2018-03-17 16:15,12175
2018-03-17 16:20,12191
2018-03-17 16:25,12189
2018-03-17 16:30,12140
2018-03-17 16:35,12180
2018-03-17 16:40,12230
2018-03-17 16:45,12287
2018-03-17 16:50,12294
2018-03-17 16:55,12434
2018-03-17 17:00,12499
2018-03-17 17:05,12493
2018-03-17 17:10,12587
2018-03-17 17:15,12576
2018-03-17 17:20,12656
2018-03-17 17:25,12778
2018-03-17 17:30,12798
2018-03-17 17:35,12890
2018-03-17 17:40,12974
2018-03-17 17:45,13025
2018-03-17 17:50,13056
2018-03-17 17:55,13111
2018-03-17 18:00,13173
2018-03-17 18:05,13241
2018-03-17 18:10,13221
2018-03-17 18:15,13320
2018-03-17 18:20,13348
2018-03-17 18:25,13451
2018-03-17 18:30,13532
2018-03-17 18:35,13592
2018-03-17 18:40,13557
2018-03-17 18:45,13576
2018-03-17 18:50,13569
2018-03-17 18:55,13536
2018-03-17 19:00,13594
2018-03-17 19:05,13634
2018-03-17 19:10,13712
2018-03-17 19:15,13719
2018-03-17 19:20,13779
2018-03-17 19:25,13859
2018-03-17 19:30,13934
2018-03-17 19:35,14053
2018-03-17 19:40,14096
2018-03-17 19:45,14084
2018-03-17 19:50,14041
2018-03-17 19:55,14047
2018-03-17 20:00,14061
2018-03-17 20:05,14032
2018-03-17 20:10,14060
2018-03-17 20:15,14064
2018-03-17 20:20,14067
2018-03-17 20:25,14132
2018-03-17 20:30,14156
2018-03-17 20:35,14143
2018-03-17 20:40,14178
2018-03-17 20:45,14203
2018-03-17 20:50,14188
2018-03-17 20:55,14130
2018-03-17 21:00,14013
2018-03-17 21:05,13935
2018-03-17 21:10,13887
2018-03-17 21:15,13739
2018-03-17 21:20,13735
2018-03-17 21:25,13665
2018-03-17 21:30,13584
2018-03-17 21:35,13575
2018-03-17 21:40,13475
2018-03-17 21:45,13419
2018-03-17 21:50,13343
2018-03-17 21:55,13259
2018-03-17 22:00,13288
2018-03-17 22:05,13282
2018-03-17 22:10,13253
2018-03-17 22:15,13183
2018-03-17 22:20,13064
2018-03-17 22:25,12954
2018-03-17 22:30,12923
2018-03-17 22:35,12802
2018-03-17 22:40,12755
2018-03-17 22:45,12627
2018-03-17 22:50,12566
2018-03-17 22:55,12456
2018-03-17 23:00,12331
2018-03-17 23:05,12234
2018-03-17 23:10,12130
2018-03-17 23:15,12020
2018-03-17 23:20,11898
2018-03-17 23:25,11781
2018-03-17 23:30,11750
2018-03-17 23:35,11682
2018-03-17 23:40,11548
2018-03-17 23:45,11439
2018-03-17 23:50,11412
2018-03-17 23:55,11382
2018-03-18 00:00,11216
2018-03-18 00:05,11056
2018-03-18 00:10,10985
2018-03-18 00:15,10873
2018-03-18 00:20,10821
2018-03-18 00:25,10672
2018-03-18 00:30,10603
2018-03-18 00:35,10537
2018-03-18 00:40,10473
2018-03-18 00:45,10424
2018-03-18 00:50,10386
2018-03-18 00:55,10279
2018-03-18 01:00,10234
2018-03-18 01:05,10143
2018-03-18 01:10,10073
2018-03-18 01:15,10027
2018-03-18 01:20,9942
2018-03-18 01:25,9845
2018-03-18 01:30,9883
2018-03-18 01:35,9882
2018-03-18 01:40,9779
2018-03-18 01:45,9739
2018-03-18 01:50,9660
2018-03-18 01:55,9620
2018-03-18 02:00,9602
2018-03-18 02:05,9517
2018-03-18 02:10,9477
2018-03-18 02:15,9346
2018-03-18 02:20,9293
2018-03-18 02:25,9271
2018-03-18 02:30,9240
2018-03-18 02:35,9143
2018-03-18 02:40,9072
2018-03-18 02:45,9017
2018-03-18 02:50,9029
2018-03-18 02:55,9046
2018-03-18 03:00,8964
2018-03-18 03:05,8944
2018-03-18 03:10,8905
2018-03-18 03:15,8858
2018-03-18 03:20,8832
2018-03-18 03:25,8810
2018-03-18 03:30,8801
2018-03-18 03:35,8767
2018-03-18 03:40,8659
2018-03-18 03:45,8578
2018-03-18 03:50,8511
2018-03-18 03:55,8441
2018-03-18 04:00,8344
2018-03-18 04:05,8269
2018-03-18 04:10,8245
2018-03-18 04:15,8211
2018-03-18 04:20,8135
2018-03-18 04:25,8060
2018-03-18 04:30,8019
2018-03-18 04:35,7947
2018-03-18 04:40,7909
2018-03-18 04:45,7813
2018-03-18 04:50,7716
2018-03-18 04:55,7638
2018-03-18 05:00,7555
2018-03-18 05:05,7419
2018-03-18 05:10,7309
2018-03-18 05:15,7195
2018-03-18 05:20,7103
2018-03-18 05:25,7016
2018-03-18 05:30,6925
2018-03-18 05:35,6838
2018-03-18 05:40,6766
2018-03-18 05:45,6735
2018-03-18 05:50,6620
2018-03-18 05:55,6493
2018-03-18 06:00,6372
2018-03-18 06:05,6328
2018-03-18 06:10,6224
2018-03-18 06:15,6197
2018-03-18 06:20,6170
2018-03-18 06:25,6043
2018-03-18 06:30,5999
2018-03-18 06:35,5915
2018-03-18 06:40,5873
2018-03-18 06:45,5804
2018-03-18 06:50,5718
2018-03-18 06:55,5637
2018-03-18 07:00,5579
2018-03-18 07:05,5564
2018-03-18 07:10,5513
2018-03-18 07:15,5432
2018-03-18 07:20,5391
2018-03-18 07:25,5374
2018-03-18 07:30,5320
2018-03-18 07:35,5292
2018-03-18 07:40,5280
2018-03-18 07:45,5232
2018-03-18 07:50,5231
2018-03-18 07:55,5188
2018-03-18 08:00,5226
2018-03-18 08:05,5190
2018-03-18 08:10,5176
2018-03-18 08:15,5161
2018-03-18 08:20,5154
2018-03-18 08:25,5183
2018-03-18 08:30,5176
2018-03-18 08:35,5167
2018-03-18 08:40,5168
2018-03-18 08:45,5169
2018-03-18 08:50,5219
2018-03-18 08:55,5235
2018-03-18 09:00,5279
2018-03-18 09:05,5378
2018-03-18 09:10,5424
2018-03-18 09:15,5452
2018-03-18 09:20,5500
2018-03-18 09:25,5599
2018-03-18 09:30,5668
2018-03-18 09:35,5765
2018-03-18 09:40,5831
2018-03-18 09:45,5918
2018-03-18 09:50,6028
2018-03-18 09:55,6079
2018-03-18 10:00,6195
2018-03-18 10:05,6255
2018-03-18 10:10,6339
2018-03-18 10:15,6416
2018-03-18 10:20,6484
2018-03-18 10:25,6510
2018-03-18 10:30,6650
2018-03-18 10:35,6669
2018-03-18 10:40,6709
2018-03-18 10:45,6749
2018-03-18 10:50,6796
2018-03-18 10:55,6871
2018-03-18 11:00,6879
2018-03-18 11:05,6978
2018-03-18 11:10,7048
2018-03-18 11:15,7134
2018-03-18 11:20,7216
2018-03-18 11:25,7301
2018-03-18 11:30,7363
2018-03-18 11:35,7537
2018-03-18 11:40,7597
2018-03-18 11:45,7639
2018-03-18 11:50,7653
2018-03-18 11:55,7765
2018-03-18 12:00,7826
2018-03-18 12:05,7907
2018-03-18 12:10,7977
2018-03-18 12:15,8059
2018-03-18 12:20,8212
2018-03-18 12:25,8280
2018-03-18 12:30,8347
2018-03-18 12:35,8471
2018-03-18 12:40,8549
2018-03-18 12:45,8686
2018-03-18 12:50,8774
2018-03-18 12:55,8836
2018-03-18 13:00,8907
2018-03-18 13:05,8977
2018-03-18 13:10,9040
2018-03-18 13:15,9111
2018-03-18 13:20,9269
2018-03-18 13:25,9200
2018-03-18 13:30,9413
2018-03-18 13:35,9494
2018-03-18 13:40,9546
2018-03-18 13:45,9667
2018-03-18 13:50,9837
2018-03-18 13:55,9869
2018-03-18 14:00,10075
2018-03-18 14:05,10147
2018-03-18 14:10,10235
2018-03-18 14:15,10384
2018-03-18 14:20,10495
2018-03-18 14:25,10656
2018-03-18 14:30,10748
2018-03-18 14:35,10841
2018-03-18 14:40,10893
2018-03-18 14:45,10948
2018-03-18 14:50,10997
2018-03-18 14:55,11079
2018-03-18 15:00,11211
2018-03-18 15:05,11256
2018-03-18 15:10,11321
2018-03-18 15:15,11464
2018-03-18 15:20,11504
2018-03-18 15:25,11618
2018-03-18 15:30,11706
2018-03-18 15:35,11846
2018-03-18 15:40,0
2018-03-18 15:45,12051
2018-03-18 15:50,12137
2018-03-18 15:55,12202
2018-03-18 16:00,12228
2018-03-18 16:05,12317
2018-03-18 16:10,12406
2018-03-18 16:15,12460
2018-03-18 16:20,12446
2018-03-18 16:25,12472
2018-03-18 16:30,12527
2018-03-18 16:35,12586
2018-03-18 16:40,12609
2018-03-18 16:45,12662
2018-03-18 16:50,12678
2018-03-18 16:55,12682
2018-03-18 17:00,12712
2018-03-18 17:05,12787
2018-03-18 17:10,12911
2018-03-18 17:15,12941
2018-03-18 17:20,13009
2018-03-18 17:25,13112
2018-03-18 17:30,13086
2018-03-18 17:35,13236
2018-03-18 17:40,13322
2018-03-18 17:45,13390
2018-03-18 17:50,13463
2018-03-18 17:55,13498
2018-03-18 18:00,13510
2018-03-18 18:05,13584
2018-03-18 18:10,13647
2018-03-18 18:15,13700
2018-03-18 18:20,13705
2018-03-18 18:25,13775
2018-03-18 18:30,13789
2018-03-18 18:35,13915
2018-03-18 18:40,13989
2018-03-18 18:45,14024
2018-03-18 18:50,14089
2018-03-18 18:55,14086
2018-03-18 19:00,14116
2018-03-18 19:05,14198
2018-03-18 19:10,14209
2018-03-18 19:15,14329
2018-03-18 19:20,14249
2018-03-18 19:25,14403
2018-03-18 19:30,14359
2018-03-18 19:35,14372
2018-03-18 19:40,14367
2018-03-18 19:45,14333
2018-03-18 19:50,14394
2018-03-18 19:55,14408
2018-03-18 20:00,14393
2018-03-18 20:05,14384
2018-03-18 20:10,14345
2018-03-18 20:15,14309
2018-03-18 20:20,14249
2018-03-18 20:25,14258
2018-03-18 20:30,14159
2018-03-18 20:35,14112
2018-03-18 20:40,14060
2018-03-18 20:45,14046
2018-03-18 20:50,14009
2018-03-18 20:55,13902
2018-03-18 21:00,13820
2018-03-18 21:05,13709
2018-03-18 21:10,13580
2018-03-18 21:15,13528
2018-03-18 21:20,13365
2018-03-18 21:25,13322
2018-03-18 21:30,13230
2018-03-18 21:35,13109
2018-03-18 21:40,12957
2018-03-18 21:45,12863
2018-03-18 21:50,12784
2018-03-18 21:55,12595
2018-03-18 22:00,12404
2018-03-18 22:05,12274
2018-03-18 22:10,12151
2018-03-18 22:15,12063
2018-03-18 22:20,11967
2018-03-18 22:25,11899
2018-03-18 22:30,11789
2018-03-18 22:35,11704
2018-03-18 22:40,11588
2018-03-18 22:45,11431
2018-03-18 22:50,11329
2018-03-18 22:55,11272
2018-03-18 23:00,11115
2018-03-18 23:05,11004
2018-03-18 23:10,10879
2018-03-18 23:15,10783
2018-03-18 23:20,10719
2018-03-18 23:25,10621
2018-03-18 23:30,10491
2018-03-18 23:35,10383
2018-03-18 23:40,10305
2018-03-18 23:45,10245
2018-03-18 23:50,10131
2018-03-18 23:55,10009
2018-03-19 00:00,9902
2018-03-19 00:05,9863
2018-03-19 00:10,9802
2018-03-19 00:15,9738
2018-03-19 00:20,9763
2018-03-19 00:25,9722
2018-03-19 00:30,9674
2018-03-19 00:35,9685
2018-03-19 00:40,9591
2018-03-19 00:45,9504
2018-03-19 00:50,9420
2018-03-19 00:55,9395
2018-03-19 01:00,9307
2018-03-19 01:05,9236
2018-03-19 01:10,9188
2018-03-19 01:15,9076
2018-03-19 01:20,8990
2018-03-19 01:25,8959
2018-03-19 01:30,8824
2018-03-19 01:35,8811
2018-03-19 01:40,8726
2018-03-19 01:45,8741
2018-03-19 01:50,8731
2018-03-19 01:55,8664
2018-03-19 02:00,8548
2018-03-19 02:05,8483
2018-03-19 02:10,8469
2018-03-19 02:15,8389
2018-03-19 02:20,8321
2018-03-19 02:25,8253
2018-03-19 02:30,8181
2018-03-19 02:35,8128
2018-03-19 02:40,8067
2018-03-19 02:45,7984
2018-03-19 02:50,7921
2018-03-19 02:55,7816
2018-03-19 03:00,7703
2018-03-19 03:05,7624
2018-03-19 03:10,7519
2018-03-19 03:15,7420
2018-03-19 03:20,7288
2018-03-19 03:25,7199
2018-03-19 03:30,7125
2018-03-19 03:35,7039
2018-03-19 03:40,6949
2018-03-19 03:45,6850
2018-03-19 03:50,6738
2018-03-19 03:55,6649
2018-03-19 04:00,6544
2018-03-19 04:05,6477
2018-03-19 04:10,6441
2018-03-19 04:15,6357
2018-03-19 04:20,6239
2018-03-19 04:25,6111
2018-03-19 04:30,6038
2018-03-19 04:35,5967
2018-03-19 04:40,5888
2018-03-19 04:45,5825
2018-03-19 04:50,5741
2018-03-19 04:55,5615
2018-03-19 05:00,5536
2018-03-19 05:05,5436
2018-03-19 05:10,5300
2018-03-19 05:15,5233
2018-03-19 05:20,5123
2018-03-19 05:25,5048
2018-03-19 05:30,4942
2018-03-19 05:35,4873
2018-03-19 05:40,4806
2018-03-19 05:45,4715
2018-03-19 05:50,4616
2018-03-19 05:55,4576
2018-03-19 06:00,4499
2018-03-19 06:05,4384
2018-03-19 06:10,4319
2018-03-19 06:15,4263
2018-03-19 06:20,4184
2018-03-19 06:25,4113
2018-03-19 06:30,4032
2018-03-19 06:35,3955
2018-03-19 06:40,3894
2018-03-19 06:45,3846
2018-03-19 06:50,3836
2018-03-19 06:55,3812
2018-03-19 07:00,3755
2018-03-19 07:05,3735
2018-03-19 07:10,3707
2018-03-19 07:15,3650
2018-03-19 07:20,3601
2018-03-19 07:25,3572
2018-03-19 07:30,3516
2018-03-19 07:35,3514
2018-03-19 07:40,3503
2018-03-19 07:45,3516
2018-03-19 07:50,3508
2018-03-19 07:55,3503
2018-03-19 08:00,3494
2018-03-19 08:05,3461
2018-03-19 08:10,3418
2018-03-19 08:15,3413
2018-03-19 08:20,3390
2018-03-19 08:25,3402
2018-03-19 08:30,3431
2018-03-19 08:35,3437
2018-03-19 08:40,3437
2018-03-19 08:45,3426
2018-03-19 08:50,3447
2018-03-19 08:55,3436
2018-03-19 09:00,3434
2018-03-19 09:05,3432
2018-03-19 09:10,3452
2018-03-19 09:15,3493
2018-03-19 09:20,3506
2018-03-19 09:25,3535
2018-03-19 09:30,3551
2018-03-19 09:35,3617
2018-03-19 09:40,3617
2018-03-19 09:45,3638
2018-03-19 09:50,3669
2018-03-19 09:55,3696
2018-03-19 10:00,3742
2018-03-19 10:05,3797
2018-03-19 10:10,3876
2018-03-19 10:15,3927
2018-03-19 10:20,3995
2018-03-19 10:25,4064
2018-03-19 10:30,4118
2018-03-19 10:35,4143
2018-03-19 10:40,4191
2018-03-19 10:45,4229
2018-03-19 10:50,4234
2018-03-19 10:55,4288
2018-03-19 11:00,4309
2018-03-19 11:05,4351
2018-03-19 11:10,4412
2018-03-19 11:15,4454
2018-03-19 11:20,4491
2018-03-19 11:25,4512
2018-03-19 11:30,4601
2018-03-19 11:35,4625
2018-03-19 11:40,4673
2018-03-19 11:45,4711
2018-03-19 11:50,4772
2018-03-19 11:55,4827
2018-03-19 12:00,4872
2018-03-19 12:05,4909
2018-03-19 12:10,4948
2018-03-19 12:15,5057
2018-03-19 12:20,5133
2018-03-19 12:25,5193
2018-03-19 12:30,5246
2018-03-19 12:35,5278
2018-03-19 12:40,5278
2018-03-19 12:45,5367
2018-03-19 12:50,5370
2018-03-19 12:55,5423
2018-03-19 13:00,5563
2018-03-19 13:05,5600
2018-03-19 13:10,5600
2018-03-19 13:15,5752
2018-03-19 13:20,5853
2018-03-19 13:25,5882
2018-03-19 13:30,5939
2018-03-19 13:35,6038
2018-03-19 13:40,6038
2018-03-19 13:45,6209
2018-03-19 13:50,6299
2018-03-19 13:55,6368
2018-03-19 14:00,6482
2018-03-19 14:05,6607
2018-03-19 14:10,6711
2018-03-19 14:15,6711
2018-03-19 14:20,6824
2018-03-19 14:25,6910
2018-03-19 14:30,7019
2018-03-19 14:35,7138
2018-03-19 14:40,7138
2018-03-19 14:45,7275
2018-03-19 14:50,7282
2018-03-19 14:55,7474
2018-03-19 15:00,7549
2018-03-19 15:05,7605
2018-03-19 15:10,7637
2018-03-19 15:15,7803
2018-03-19 15:20,7884
2018-03-19 15:25,7968
2018-03-19 15:30,8051
2018-03-19 15:35,8129
2018-03-19 15:40,8129
2018-03-19 15:45,8257
2018-03-19 15:50,8407
2018-03-19 15:55,8477
2018-03-19 16:00,8636
2018-03-19 16:05,8731
2018-03-19 16:10,8731
2018-03-19 16:15,8941
2018-03-19 16:20,8941
2018-03-19 16:25,9110
2018-03-19 16:30,9110
2018-03-19 16:35,9298
2018-03-19 16:40,9323
2018-03-19 16:45,9326
2018-03-19 16:50,9427
2018-03-19 16:55,9477
2018-03-19 17:00,9608
2018-03-19 17:05,9696
2018-03-19 17:10,9831
2018-03-19 17:15,9859
2018-03-19 17:20,10025
2018-03-19 17:25,10114
2018-03-19 17:30,10224
2018-03-19 17:35,10344
2018-03-19 17:40,10401
2018-03-19 17:45,10519
2018-03-19 17:50,10615
2018-03-19 17:55,10612
2018-03-19 18:00,10690
2018-03-19 18:05,10816
2018-03-19 18:10,10936
2018-03-19 18:15,10936
2018-03-19 18:20,10993
2018-03-19 18:25,11083
2018-03-19 18:30,11157
2018-03-19 18:35,11318
2018-03-19 18:40,11318
2018-03-19 18:45,11384
2018-03-19 18:50,11425
2018-03-19 18:55,11544
2018-03-19 19:00,11553
2018-03-19 19:05,11656
2018-03-19 19:10,11772
2018-03-19 19:15,11874
2018-03-19 19:20,11946
2018-03-19 19:25,11956
2018-03-19 19:30,12006
2018-03-19 19:35,12028
2018-03-19 19:40,12075
2018-03-19 19:45,12188
2018-03-19 19:50,12179
2018-03-19 19:55,12199
2018-03-19 20:00,12151
2018-03-19 20:05,12174
2018-03-19 20:10,12246
2018-03-19 20:15,12268
2018-03-19 20:20,12255
2018-03-19 20:25,12188
2018-03-19 20:30,12126
2018-03-19 20:35,12000
2018-03-19 20:40,12034
2018-03-19 20:45,11953
2018-03-19 20:50,11876
2018-03-19 20:55,11779
2018-03-19 21:00,11679
2018-03-19 21:05,11587
2018-03-19 21:10,11515
2018-03-19 21:15,11481
2018-03-19 21:20,11416
2018-03-19 21:25,11388
2018-03-19 21:30,11346
2018-03-19 21:35,11294
2018-03-19 21:40,11215
2018-03-19 21:45,11184
2018-03-19 21:50,11148
2018-03-19 21:55,11035
2018-03-19 22:00,11035
2018-03-19 22:05,10910
2018-03-19 22:10,10870
2018-03-19 22:15,10768
2018-03-19 22:20,10694
2018-03-19 22:25,10495
2018-03-19 22:30,10495
2018-03-19 22:35,10453
2018-03-19 22:40,10399
2018-03-19 22:45,10317
2018-03-19 22:50,10329
2018-03-19 22:55,10257
2018-03-19 23:00,10185
2018-03-19 23:05,10084
2018-03-19 23:10,9961
2018-03-19 23:15,9856
2018-03-19 23:20,0
2018-03-19 23:25,9661
2018-03-19 23:30,9590
2018-03-19 23:35,9514
2018-03-19 23:40,9457
2018-03-19 23:45,9517
2018-03-19 23:50,9509
2018-03-19 23:55,9387
2018-03-20 00:00,9310
2018-03-20 00:05,9310
2018-03-20 00:10,9233
2018-03-20 00:15,9215
2018-03-20 00:20,9157
2018-03-20 00:25,9105
2018-03-20 00:30,9037
2018-03-20 00:35,9041
2018-03-20 00:40,9021
2018-03-20 00:45,8986
2018-03-20 00:50,9012
2018-03-20 00:55,8968
2018-03-20 01:00,8995
2018-03-20 01:05,8997
2018-03-20 01:10,8913
2018-03-20 01:15,8904
2018-03-20 01:20,8871
2018-03-20 01:25,8887
2018-03-20 01:30,8876
2018-03-20 01:35,8826
2018-03-20 01:40,8781
2018-03-20 01:45,8742
2018-03-20 01:50,8670
2018-03-20 01:55,8559
2018-03-20 02:00,8470
2018-03-20 02:05,8473
2018-03-20 02:10,8415
2018-03-20 02:15,8355
2018-03-20 02:20,8293
2018-03-20 02:25,8197
2018-03-20 02:30,8091
2018-03-20 02:35,8011
2018-03-20 02:40,7972
2018-03-20 02:45,7897
2018-03-20 02:50,7806
2018-03-20 02:55,7708
2018-03-20 03:00,7600
2018-03-20 03:05,7488
2018-03-20 03:10,7366
2018-03-20 03:15,7314
2018-03-20 03:20,7203
2018-03-20 03:25,7161
2018-03-20 03:30,7072
2018-03-20 03:35,6987
2018-03-20 03:40,6865
2018-03-20 03:45,6724
2018-03-20 03:50,6617
2018-03-20 03:55,6505
2018-03-20 04:00,6386
2018-03-20 04:05,6286
2018-03-20 04:10,6201
2018-03-20 04:15,6074
2018-03-20 04:20,5932
2018-03-20 04:25,5807
2018-03-20 04:30,5700
2018-03-20 04:35,5604
2018-03-20 04:40,5554
2018-03-20 04:45,5449
2018-03-20 04:50,5350
2018-03-20 04:55,5175
2018-03-20 05:00,5053
2018-03-20 05:05,4970
2018-03-20 05:10,4902
2018-03-20 05:15,4843
2018-03-20 05:20,4748
2018-03-20 05:25,4677
2018-03-20 05:30,4621
2018-03-20 05:35,4524
2018-03-20 05:40,4503
2018-03-20 05:45,4388
2018-03-20 05:50,4296
2018-03-20 05:55,4217
2018-03-20 06:00,4102
2018-03-20 06:05,4068
2018-03-20 06:10,3969
2018-03-20 06:15,3910
2018-03-20 06:20,3835
2018-03-20 06:25,3807
2018-03-20 06:30,3732
2018-03-20 06:35,3651
2018-03-20 06:40,3644
2018-03-20 06:45,3607
2018-03-20 06:50,3558
2018-03-20 06:55,3545
2018-03-20 07:00,3530
2018-03-20 07:05,3493
2018-03-20 07:10,3475
2018-03-20 07:15,3442
2018-03-20 07:20,3400
2018-03-20 07:25,3410
2018-03-20 07:30,3378
2018-03-20 07:35,3379
2018-03-20 07:40,3365
2018-03-20 07:45,3320
2018-03-20 07:50,3324
2018-03-20 07:55,3296
2018-03-20 08:00,3250
2018-03-20 08:05,3268
2018-03-20 08:10,3258
2018-03-20 08:15,3286
2018-03-20 08:20,3300
2018-03-20 08:25,3280
2018-03-20 08:30,3269
2018-03-20 08:35,3289
2018-03-20 08:40,3311
2018-03-20 08:45,3296
2018-03-20 08:50,3269
2018-03-20 08:55,3269
2018-03-20 09:00,3235
2018-03-20 09:05,3316
2018-03-20 09:10,3375
2018-03-20 09:15,3440
2018-03-20 09:20,3501
2018-03-20 09:25,3534
2018-03-20 09:30,3575
2018-03-20 09:35,3650
2018-03-20 09:40,3643
2018-03-20 09:45,3655
2018-03-20 09:50,3728
2018-03-20 09:55,3790
2018-03-20 10:00,3831
2018-03-20 10:05,3874
2018-03-20 10:10,3945
2018-03-20 10:15,3997
2018-03-20 10:20,4011
2018-03-20 10:25,4051
2018-03-20 10:30,4115
2018-03-20 10:35,4131
2018-03-20 10:40,4155
2018-03-20 10:45,4187
2018-03-20 10:50,4206
2018-03-20 10:55,4245
2018-03-20 11:00,4303
2018-03-20 11:05,4352
2018-03-20 11:10,4424
2018-03-20 11:15,4458
2018-03-20 11:20,4502
2018-03-20 11:25,4538
2018-03-20 11:30,4571
2018-03-20 11:35,4632
2018-03-20 11:40,4664
2018-03-20 11:45,4751
2018-03-20 11:50,4834
2018-03-20 11:55,4881
2018-03-20 12:00,4912
2018-03-20 12:05,4947
2018-03-20 12:10,5021
2018-03-20 12:15,5056
2018-03-20 12:20,5114
2018-03-20 12:25,5252
2018-03-20 12:30,5307
2018-03-20 12:35,5378
2018-03-20 12:40,5471
2018-03-20 12:45,5531
2018-03-20 12:50,5611
2018-03-20 12:55,5707
2018-03-20 13:00,5770
2018-03-20 13:05,5856
2018-03-20 13:10,5947
2018-03-20 13:15,6008
2018-03-20 13:20,6112
2018-03-20 13:25,6201
2018-03-20 13:30,6287
2018-03-20 13:35,6369
2018-03-20 13:40,6447
2018-03-20 13:45,6566
2018-03-20 13:50,6660
2018-03-20 13:55,6775
2018-03-20 14:00,6845
2018-03-20 14:05,6931
2018-03-20 14:10,6969
2018-03-20 14:15,7095
2018-03-20 14:20,7153
2018-03-20 14:25,7291
2018-03-20 14:30,7399
2018-03-20 14:35,7496
2018-03-20 14:40,7569
2018-03-20 14:45,7656
2018-03-20 14:50,7738
2018-03-20 14:55,7843
2018-03-20 15:00,7952
2018-03-20 15:05,8065
2018-03-20 15:10,8216
2018-03-20 15:15,8398
2018-03-20 15:20,8471
2018-03-20 15:25,8537
2018-03-20 15:30,8626
2018-03-20 15:35,8750
2018-03-20 15:40,8772
2018-03-20 15:45,8861
2018-03-20 15:50,9005
2018-03-20 15:55,9082
2018-03-20 16:00,9225
2018-03-20 16:05,9384
2018-03-20 16:10,9427
2018-03-20 16:15,9466
2018-03-20 16:20,9615
2018-03-20 16:25,9680
2018-03-20 16:30,9753
2018-03-20 16:35,9837
2018-03-20 16:40,9875
2018-03-20 16:45,9955
2018-03-20 16:50,10076
2018-03-20 16:55,10121
2018-03-20 17:00,10196
2018-03-20 17:05,10261
2018-03-20 17:10,10339
2018-03-20 17:15,10401
2018-03-20 17:20,10464
2018-03-20 17:25,10523
2018-03-20 17:30,10615
2018-03-20 17:35,10731
2018-03-20 17:40,10825
2018-03-20 17:45,10913
2018-03-20 17:50,11038
2018-03-20 17:55,11430
2018-03-20 18:00,11585
2018-03-20 18:05,11752
2018-03-20 18:10,11852
2018-03-20 18:15,11957
2018-03-20 18:20,12212
2018-03-20 18:25,12395
2018-03-20 18:30,12546
2018-03-20 18:35,12657
2018-03-20 18:40,12680
2018-03-20 18:45,12784
2018-03-20 18:50,12837
2018-03-20 18:55,12917
2018-03-20 19:00,12892
2018-03-20 19:05,12891
2018-03-20 19:10,12919
2018-03-20 19:15,12929
2018-03-20 19:20,13160
2018-03-20 19:25,13312
2018-03-20 19:30,13382
2018-03-20 19:35,13478
2018-03-20 19:40,13578
2018-03-20 19:45,13589
2018-03-20 19:50,13610
2018-03-20 19:55,13613
2018-03-20 20:00,13664
2018-03-20 20:05,13647
2018-03-20 20:10,13521
2018-03-20 20:15,13694
2018-03-20 20:20,13799
2018-03-20 20:25,13806
2018-03-20 20:30,13746
2018-03-20 20:35,13689
2018-03-20 20:40,13804
2018-03-20 20:45,13869
2018-03-20 20:50,13858
2018-03-20 20:55,13914
2018-03-20 21:00,13842
2018-03-20 21:05,13725
2018-03-20 21:10,13721
2018-03-20 21:15,13711
2018-03-20 21:20,13671
2018-03-20 21:25,13653
2018-03-20 21:30,13610
2018-03-20 21:35,13506
2018-03-20 21:40,13634
2018-03-20 21:45,13539
2018-03-20 21:50,13471
2018-03-20 21:55,13343
2018-03-20 22:00,13408
2018-03-20 22:05,13269
2018-03-20 22:10,13195
2018-03-20 22:15,13049
2018-03-20 22:20,12945
2018-03-20 22:25,12868
2018-03-20 22:30,12892
2018-03-20 22:35,12727
2018-03-20 22:40,12466
2018-03-20 22:45,12207
2018-03-20 22:50,12022
2018-03-20 22:55,11850
2018-03-20 23:00,11709
2018-03-20 23:05,11542
2018-03-20 23:10,
2018-03-20 23:15,0
2018-03-20 23:20,19
2018-03-20 23:25,10390
2018-03-20 23:30,10735
2018-03-20 23:35,10773
2018-03-20 23:40,10735
2018-03-20 23:45,10696
2018-03-20 23:50,10579
2018-03-20 23:55,10451
2018-03-21 00:00,10423
2018-03-21 00:05,10380
2018-03-21 00:10,10378
2018-03-21 00:15,10324
2018-03-21 00:20,10238
2018-03-21 00:25,10160
2018-03-21 00:30,10106
2018-03-21 00:35,10106
2018-03-21 00:40,10018
2018-03-21 00:45,9965
2018-03-21 00:50,9925
2018-03-21 00:55,9871
2018-03-21 01:00,9826
2018-03-21 01:05,9729
2018-03-21 01:10,9725
2018-03-21 01:15,9663
2018-03-21 01:20,9664
2018-03-21 01:25,9575
2018-03-21 01:30,9569
2018-03-21 01:35,9488
2018-03-21 01:40,9452
2018-03-21 01:45,9415
2018-03-21 01:50,9279
2018-03-21 01:55,9252
2018-03-21 02:00,9160
2018-03-21 02:05,9146
2018-03-21 02:10,9093
2018-03-21 02:15,9031
2018-03-21 02:20,8961
2018-03-21 02:25,8898
2018-03-21 02:30,8782
2018-03-21 02:35,8730
2018-03-21 02:40,8669
2018-03-21 02:45,8609
2018-03-21 02:50,8520
2018-03-21 02:55,8456
2018-03-21 03:00,8399
2018-03-21 03:05,8320
2018-03-21 03:10,8213
2018-03-21 03:15,8107
2018-03-21 03:20,7946
2018-03-21 03:25,7852
2018-03-21 03:30,7781
2018-03-21 03:35,7609
2018-03-21 03:40,7475
2018-03-21 03:45,7391
2018-03-21 03:50,7335
2018-03-21 03:55,7262
2018-03-21 04:00,7146
2018-03-21 04:05,7027
2018-03-21 04:10,6889
2018-03-21 04:15,6830
2018-03-21 04:20,6739
2018-03-21 04:25,6655
2018-03-21 04:30,6605
2018-03-21 04:35,6488
2018-03-21 04:40,6400
2018-03-21 04:45,6322
2018-03-21 04:50,6213
2018-03-21 04:55,6116
2018-03-21 05:00,6025
2018-03-21 05:05,5951
2018-03-21 05:10,5848
2018-03-21 05:15,5762
2018-03-21 05:20,5615
2018-03-21 05:25,5571
2018-03-21 05:30,5480
2018-03-21 05:35,5349
2018-03-21 05:40,5284
2018-03-21 05:45,5187
2018-03-21 05:50,5034
2018-03-21 05:55,4906
2018-03-21 06:00,4818
2018-03-21 06:05,4751
2018-03-21 06:10,4710
2018-03-21 06:15,4609
2018-03-21 06:20,4523
2018-03-21 06:25,4430
2018-03-21 06:30,4356
2018-03-21 06:35,4309
2018-03-21 06:40,4246
2018-03-21 06:45,4178
2018-03-21 06:50,4116
2018-03-21 06:55,4050
2018-03-21 07:00,3964
2018-03-21 07:05,3896
2018-03-21 07:10,3854
2018-03-21 07:15,3847
2018-03-21 07:20,3809
2018-03-21 07:25,3806
2018-03-21 07:30,3806
2018-03-21 07:35,3789
2018-03-21 07:40,3786
2018-03-21 07:45,3738
2018-03-21 07:50,3739
2018-03-21 07:55,3698
2018-03-21 08:00,3684
2018-03-21 08:05,3675
2018-03-21 08:10,3702
2018-03-21 08:15,3671
2018-03-21 08:20,3651
2018-03-21 08:25,3658
2018-03-21 08:30,3657
2018-03-21 08:35,3659
2018-03-21 08:40,3662
2018-03-21 08:45,3690
2018-03-21 08:50,3725
2018-03-21 08:55,3698
2018-03-21 09:00,3687
2018-03-21 09:05,3678
2018-03-21 09:10,3737
2018-03-21 09:15,3777
2018-03-21 09:20,3781
2018-03-21 09:25,3820
2018-03-21 09:30,3851
2018-03-21 09:35,3875
2018-03-21 09:40,3926
2018-03-21 09:45,3995
2018-03-21 09:50,4040
2018-03-21 09:55,4115
2018-03-21 10:00,4110
2018-03-21 10:05,4182
2018-03-21 10:10,4193
2018-03-21 10:15,4236
2018-03-21 10:20,4255
2018-03-21 10:25,4276
2018-03-21 10:30,4325
2018-03-21 10:35,4393
2018-03-21 10:40,4413
2018-03-21 10:45,4463
2018-03-21 10:50,4476
2018-03-21 10:55,4504
2018-03-21 11:00,4529
2018-03-21 11:05,4559
2018-03-21 11:10,4567
2018-03-21 11:15,4612
2018-03-21 11:20,4624
2018-03-21 11:25,4670
2018-03-21 11:30,4720
2018-03-21 11:35,4789
2018-03-21 11:40,4896
2018-03-21 11:45,4950
2018-03-21 11:50,4998
2018-03-21 11:55,5058
2018-03-21 12:00,5137
2018-03-21 12:05,5188
2018-03-21 12:10,5271
2018-03-21 12:15,5349
2018-03-21 12:20,5436
2018-03-21 12:25,5544
2018-03-21 12:30,5611
2018-03-21 12:35,5663
2018-03-21 12:40,5717
2018-03-21 12:45,5765
2018-03-21 12:50,5863
2018-03-21 12:55,5954
2018-03-21 13:00,6010
2018-03-21 13:05,6041
2018-03-21 13:10,6141
2018-03-21 13:15,6225
2018-03-21 13:20,6302
2018-03-21 13:25,6388
2018-03-21 13:30,6484
2018-03-21 13:35,6551
2018-03-21 13:40,6634
2018-03-21 13:45,6721
2018-03-21 13:50,6825
2018-03-21 13:55,6863
2018-03-21 14:00,6946
2018-03-21 14:05,7016
2018-03-21 14:10,7138
2018-03-21 14:15,7258
2018-03-21 14:20,7333
2018-03-21 14:25,7437
2018-03-21 14:30,7513
2018-03-21 14:35,7628
2018-03-21 14:40,7705
2018-03-21 14:45,7788
2018-03-21 14:50,7886
2018-03-21 14:55,7934
2018-03-21 15:00,7957
2018-03-21 15:05,8076
2018-03-21 15:10,8152
2018-03-21 15:15,8314
2018-03-21 15:20,8423
2018-03-21 15:25,8548
2018-03-21 15:30,8649
2018-03-21 15:35,8780
2018-03-21 15:40,8892
2018-03-21 15:45,8922
2018-03-21 15:50,9053
2018-03-21 15:55,9186
2018-03-21 16:00,9220
2018-03-21 16:05,9376
2018-03-21 16:10,9452
2018-03-21 16:15,9566
2018-03-21 16:20,9696
2018-03-21 16:25,9760
2018-03-21 16:30,9838
2018-03-21 16:35,9942
2018-03-21 16:40,10084
2018-03-21 16:45,10106
2018-03-21 16:50,10206
2018-03-21 16:55,10339
2018-03-21 17:00,10467
2018-03-21 17:05,10453
2018-03-21 17:10,10528
2018-03-21 17:15,10629
2018-03-21 17:20,10746
2018-03-21 17:25,10795
2018-03-21 17:30,10881
2018-03-21 17:35,10959
2018-03-21 17:40,11047
2018-03-21 17:45,11201
2018-03-21 17:50,11292
2018-03-21 17:55,11378
2018-03-21 18:00,11414
2018-03-21 18:05,11457
2018-03-21 18:10,11474
2018-03-21 18:15,11526
2018-03-21 18:20,11553
2018-03-21 18:25,11657
2018-03-21 18:30,11788
2018-03-21 18:35,11850
2018-03-21 18:40,11916
2018-03-21 18:45,11970
2018-03-21 18:50,12049
2018-03-21 18:55,11851
2018-03-21 19:00,11907
2018-03-21 19:05,11954
2018-03-21 19:10,12023
2018-03-21 19:15,12102
2018-03-21 19:20,12137
2018-03-21 19:25,12165
2018-03-21 19:30,12146
2018-03-21 19:35,12182
2018-03-21 19:40,12255
2018-03-21 19:45,12280
2018-03-21 19:50,12298
2018-03-21 19:55,12220
2018-03-21 20:00,12181
2018-03-21 20:05,12105
2018-03-21 20:10,12130
2018-03-21 20:15,12159
2018-03-21 20:20,12142
2018-03-21 20:25,12080
2018-03-21 20:30,12096
2018-03-21 20:35,12109
2018-03-21 20:40,12091
2018-03-21 20:45,12229
2018-03-21 20:50,12255
2018-03-21 20:55,12225
2018-03-21 21:00,12190
2018-03-21 21:05,12354
2018-03-21 21:10,12480
2018-03-21 21:15,13028
2018-03-21 21:20,13149
2018-03-21 21:25,13235
2018-03-21 21:30,13523
2018-03-21 21:35,13586
2018-03-21 21:40,13607
2018-03-21 21:45,13511
2018-03-21 21:50,13420
2018-03-21 21:55,13594
2018-03-21 22:00,13496
2018-03-21 22:05,13545
2018-03-21 22:10,13446
2018-03-21 22:15,13460
2018-03-21 22:20,13415
2018-03-21 22:25,13516
2018-03-21 22:30,13511
2018-03-21 22:35,13565
2018-03-21 22:40,13505
2018-03-21 22:45,13419
2018-03-21 22:50,13323
2018-03-21 22:55,13384
2018-03-21 23:00,13328
2018-03-21 23:05,13265
2018-03-21 23:10,13107
2018-03-21 23:15,13180
2018-03-21 23:20,13105
2018-03-21 23:25,13150
2018-03-21 23:30,13132
2018-03-21 23:35,13031
2018-03-21 23:40,13047
2018-03-21 23:45,12916
2018-03-21 23:50,12833
2018-03-21 23:55,12752
2018-03-22 00:00,12716
2018-03-22 00:05,12674
2018-03-22 00:10,12767
2018-03-22 00:15,12660
2018-03-22 00:20,12543
2018-03-22 00:25,12446
2018-03-22 00:30,12446
2018-03-22 00:35,12402
2018-03-22 00:40,12266
2018-03-22 00:45,12317
2018-03-22 00:50,12272
2018-03-22 00:55,12251
2018-03-22 01:00,12252
2018-03-22 01:05,12223
2018-03-22 01:10,12173
2018-03-22 01:15,12171
2018-03-22 01:20,12149
2018-03-22 01:25,12120
2018-03-22 01:30,11979
2018-03-22 01:35,11881
2018-03-22 01:40,11295
2018-03-22 01:45,10867
2018-03-22 01:50,10524
2018-03-22 01:55,10317
2018-03-22 02:00,10111
2018-03-22 02:05,9929
2018-03-22 02:10,9816
2018-03-22 02:15,9706
2018-03-22 02:20,9640
2018-03-22 02:25,9554
2018-03-22 02:30,9438
2018-03-22 02:35,9316
2018-03-22 02:40,9216
2018-03-22 02:45,9152
2018-03-22 02:50,9027
2018-03-22 02:55,8879
2018-03-22 03:00,8775
2018-03-22 03:05,8628
2018-03-22 03:10,8496
2018-03-22 03:15,8316
2018-03-22 03:20,8214
2018-03-22 03:25,8117
2018-03-22 03:30,8003
2018-03-22 03:35,7853
2018-03-22 03:40,7788
2018-03-22 03:45,7630
2018-03-22 03:50,7516
2018-03-22 03:55,7411
2018-03-22 04:00,7248
2018-03-22 04:05,7001
2018-03-22 04:10,6867
2018-03-22 04:15,6694
2018-03-22 04:20,6507
2018-03-22 04:25,6404
2018-03-22 04:30,6185
2018-03-22 04:35,6069
2018-03-22 04:40,5957
2018-03-22 04:45,5762
2018-03-22 04:50,5576
2018-03-22 04:55,5402
2018-03-22 05:00,5228
2018-03-22 05:05,5086
2018-03-22 05:10,4925
2018-03-22 05:15,4801
2018-03-22 05:20,4665
2018-03-22 05:25,4530
2018-03-22 05:30,4414
2018-03-22 05:35,4306
2018-03-22 05:40,4147
2018-03-22 05:45,4050
2018-03-22 05:50,3988
2018-03-22 05:55,3884
2018-03-22 06:00,3760
2018-03-22 06:05,3707
2018-03-22 06:10,3621
2018-03-22 06:15,3525
2018-03-22 06:20,3473
2018-03-22 06:25,3386
2018-03-22 06:30,3344
2018-03-22 06:35,3289
2018-03-22 06:40,3252
2018-03-22 06:45,3208
2018-03-22 06:50,3112
2018-03-22 06:55,3077
2018-03-22 07:00,3045
2018-03-22 07:05,3032
2018-03-22 07:10,2982
2018-03-22 07:15,2924
2018-03-22 07:20,2881
2018-03-22 07:25,2861
2018-03-22 07:30,2806
2018-03-22 07:35,2776
2018-03-22 07:40,2768
2018-03-22 07:45,2742
2018-03-22 07:50,2724
2018-03-22 07:55,2697
2018-03-22 08:00,2697
2018-03-22 08:05,2666
2018-03-22 08:10,2664
2018-03-22 08:15,2634
2018-03-22 08:20,2724
2018-03-22 08:25,2939
2018-03-22 08:30,3027
2018-03-22 08:35,3161
2018-03-22 08:40,3221
2018-03-22 08:45,3320
2018-03-22 08:50,3389
2018-03-22 08:55,3441
2018-03-22 09:00,3470
2018-03-22 09:05,3444
2018-03-22 09:10,3566
2018-03-22 09:15,3628
2018-03-22 09:20,3689
2018-03-22 09:25,3703
2018-03-22 09:30,3765
2018-03-22 09:35,3838
2018-03-22 09:40,3834
2018-03-22 09:45,3869
2018-03-22 09:50,3903
2018-03-22 09:55,3968
2018-03-22 10:00,3999
2018-03-22 10:05,4015
2018-03-22 10:10,4125
2018-03-22 10:15,4132
2018-03-22 10:20,4170
2018-03-22 10:25,4221
2018-03-22 10:30,4257
2018-03-22 10:35,4361
2018-03-22 10:40,4403
2018-03-22 10:45,4419
2018-03-22 10:50,4478
2018-03-22 10:55,4533
2018-03-22 11:00,4568
2018-03-22 11:05,4594
2018-03-22 11:10,4674
2018-03-22 11:15,4754
2018-03-22 11:20,4748
2018-03-22 11:25,4797
2018-03-22 11:30,4803
2018-03-22 11:35,4820
2018-03-22 11:40,4852
2018-03-22 11:45,4944
2018-03-22 11:50,5009
2018-03-22 11:55,5025
2018-03-22 12:00,5049
2018-03-22 12:05,5115
2018-03-22 12:10,5222
2018-03-22 12:15,5300
2018-03-22 12:20,5404
2018-03-22 12:25,5478
2018-03-22 12:30,5505
2018-03-22 12:35,5500
2018-03-22 12:40,5582
2018-03-22 12:45,5566
2018-03-22 12:50,5660
2018-03-22 12:55,5704
2018-03-22 13:00,5771
2018-03-22 13:05,5878
2018-03-22 13:10,5922
2018-03-22 13:15,5987
2018-03-22 13:20,6100
2018-03-22 13:25,0
2018-03-22 13:30,6282
2018-03-22 13:35,6346
2018-03-22 13:40,6478
2018-03-22 13:45,6538
2018-03-22 13:50,6667
2018-03-22 13:55,6734
2018-03-22 14:00,6863
2018-03-22 14:05,6998
2018-03-22 14:10,7022
2018-03-22 14:15,7162
2018-03-22 14:20,7282
2018-03-22 14:25,7433
2018-03-22 14:30,7473
2018-03-22 14:35,7580
2018-03-22 14:40,7661
2018-03-22 14:45,7749
2018-03-22 14:50,7871
2018-03-22 14:55,7982
2018-03-22 15:00,8067
2018-03-22 15:05,8169
2018-03-22 15:10,8218
2018-03-22 15:15,8303
2018-03-22 15:20,8357
2018-03-22 15:25,8492
2018-03-22 15:30,8577
2018-03-22 15:35,8658
2018-03-22 15:40,8762
2018-03-22 15:45,8859
2018-03-22 15:50,8915
2018-03-22 15:55,9062
2018-03-22 16:00,9159
2018-03-22 16:05,9287
2018-03-22 16:10,9382
2018-03-22 16:15,9468
2018-03-22 16:20,9515
2018-03-22 16:25,9600
2018-03-22 16:30,9658
2018-03-22 16:35,9713
2018-03-22 16:40,9807
2018-03-22 16:45,9957
2018-03-22 16:50,10075
2018-03-22 16:55,10225
2018-03-22 17:00,10462
2018-03-22 17:05,10606
2018-03-22 17:10,10745
2018-03-22 17:15,10893
2018-03-22 17:20,11047
2018-03-22 17:25,11435
2018-03-22 17:30,11829
2018-03-22 17:35,12155
2018-03-22 17:40,12413
2018-03-22 17:45,12564
2018-03-22 17:50,12703
2018-03-22 17:55,12981
2018-03-22 18:00,13109
2018-03-22 18:05,13457
2018-03-22 18:10,13624
2018-03-22 18:15,13738
2018-03-22 18:20,14033
2018-03-22 18:25,14193
2018-03-22 18:30,14313
2018-03-22 18:35,14469
2018-03-22 18:40,14644
2018-03-22 18:45,14781
2018-03-22 18:50,14876
2018-03-22 18:55,14919
2018-03-22 19:00,14990
2018-03-22 19:05,15090
2018-03-22 19:10,15143
2018-03-22 19:15,15224
2018-03-22 19:20,15274
2018-03-22 19:25,15447
2018-03-22 19:30,15555
2018-03-22 19:35,15682
2018-03-22 19:40,15822
2018-03-22 19:45,15883
2018-03-22 19:50,15935
2018-03-22 19:55,15979
2018-03-22 20:00,15970
2018-03-22 20:05,16069
2018-03-22 20:10,16053
2018-03-22 20:15,16243
2018-03-22 20:20,16283
2018-03-22 20:25,16235
2018-03-22 20:30,16220
2018-03-22 20:35,16167
2018-03-22 20:40,16300
2018-03-22 20:45,16177
2018-03-22 20:50,16158
2018-03-22 20:55,16112
2018-03-22 21:00,16145
2018-03-22 21:05,15992
2018-03-22 21:10,16060
2018-03-22 21:15,15903
2018-03-22 21:20,15878
2018-03-22 21:25,15823
2018-03-22 21:30,15873
2018-03-22 21:35,15768
2018-03-22 21:40,15694
2018-03-22 21:45,15649
2018-03-22 21:50,15631
2018-03-22 21:55,15651
2018-03-22 22:00,15568
2018-03-22 22:05,15483
2018-03-22 22:10,15003
2018-03-22 22:15,14397
2018-03-22 22:20,13933
2018-03-22 22:25,13647
2018-03-22 22:30,13371
2018-03-22 22:35,13105
2018-03-22 22:40,12805
2018-03-22 22:45,12565
2018-03-22 22:50,12428
2018-03-22 22:55,12224
2018-03-22 23:00,12046
2018-03-22 23:05,11812
2018-03-22 23:10,11625
2018-03-22 23:15,11449
2018-03-22 23:20,11338
2018-03-22 23:25,11184
2018-03-22 23:30,11037
2018-03-22 23:35,10990
2018-03-22 23:40,10910
2018-03-22 23:45,10825
2018-03-22 23:50,10739
2018-03-22 23:55,10669
2018-03-23 00:00,10532
2018-03-23 00:05,10450
2018-03-23 00:10,10422
2018-03-23 00:15,10325
2018-03-23 00:20,10228
2018-03-23 00:25,10137
2018-03-23 00:30,10023
2018-03-23 00:35,9936
2018-03-23 00:40,9908
2018-03-23 00:45,9901
2018-03-23 00:50,9903
2018-03-23 00:55,9831
2018-03-23 01:00,9823
2018-03-23 01:05,9790
2018-03-23 01:10,9753
2018-03-23 01:15,9657
2018-03-23 01:20,9647
2018-03-23 01:25,9541
2018-03-23 01:30,9443
2018-03-23 01:35,9366
2018-03-23 01:40,9347
2018-03-23 01:45,9270
2018-03-23 01:50,9177
2018-03-23 01:55,9138
2018-03-23 02:00,9062
2018-03-23 02:05,8964
2018-03-23 02:10,8953
2018-03-23 02:15,8942
2018-03-23 02:20,8886
2018-03-23 02:25,8804
2018-03-23 02:30,8729
2018-03-23 02:35,8624
2018-03-23 02:40,8517
2018-03-23 02:45,8412
2018-03-23 02:50,8318
2018-03-23 02:55,8217
2018-03-23 03:00,8137
2018-03-23 03:05,8012
2018-03-23 03:10,7966
2018-03-23 03:15,7885
2018-03-23 03:20,7803
2018-03-23 03:25,7714
2018-03-23 03:30,7582
2018-03-23 03:35,7452
2018-03-23 03:40,7343
2018-03-23 03:45,7292
2018-03-23 03:50,7203
2018-03-23 03:55,7120
2018-03-23 04:00,7063
2018-03-23 04:05,6902
2018-03-23 04:10,6849
2018-03-23 04:15,6819
2018-03-23 04:20,6745
2018-03-23 04:25,6649
2018-03-23 04:30,6545
2018-03-23 04:35,6463
2018-03-23 04:40,6362
2018-03-23 04:45,6235
2018-03-23 04:50,6075
2018-03-23 04:55,6002
2018-03-23 05:00,5887
2018-03-23 05:05,5807
2018-03-23 05:10,5725
2018-03-23 05:15,5599
2018-03-23 05:20,5525
2018-03-23 05:25,5406
2018-03-23 05:30,5287
2018-03-23 05:35,5167
2018-03-23 05:40,5114
2018-03-23 05:45,5015
2018-03-23 05:50,4912
2018-03-23 05:55,4826
2018-03-23 06:00,4738
2018-03-23 06:05,4688
2018-03-23 06:10,4599
2018-03-23 06:15,4521
2018-03-23 06:20,4476
2018-03-23 06:25,4423
2018-03-23 06:30,4351
2018-03-23 06:35,4304
2018-03-23 06:40,4281
2018-03-23 06:45,4200
2018-03-23 06:50,4145
2018-03-23 06:55,4096
2018-03-23 07:00,4028
2018-03-23 07:05,3956
2018-03-23 07:10,3968
2018-03-23 07:15,3918
2018-03-23 07:20,3862
2018-03-23 07:25,3835
2018-03-23 07:30,3820
2018-03-23 07:35,3811
2018-03-23 07:40,3830
2018-03-23 07:45,3839
2018-03-23 07:50,3856
2018-03-23 07:55,3825
2018-03-23 08:00,3812
2018-03-23 08:05,3769
2018-03-23 08:10,3780
2018-03-23 08:15,3766
2018-03-23 08:20,3769
2018-03-23 08:25,3760
2018-03-23 08:30,3742
2018-03-23 08:35,3745
2018-03-23 08:40,3768
2018-03-23 08:45,3764
2018-03-23 08:50,3779
2018-03-23 08:55,3800
2018-03-23 09:00,3803
2018-03-23 09:05,3862
2018-03-23 09:10,3963
2018-03-23 09:15,3970
2018-03-23 09:20,4005
2018-03-23 09:25,4084
2018-03-23 09:30,4138
2018-03-23 09:35,4188
2018-03-23 09:40,4255
2018-03-23 09:45,4317
2018-03-23 09:50,4369
2018-03-23 09:55,4439
2018-03-23 10:00,4495
2018-03-23 10:05,4508
2018-03-23 10:10,4562
2018-03-23 10:15,4647
2018-03-23 10:20,4741
2018-03-23 10:25,4799
2018-03-23 10:30,4861
2018-03-23 10:35,4922
2018-03-23 10:40,4970
2018-03-23 10:45,5056
2018-03-23 10:50,5072
2018-03-23 10:55,5107
2018-03-23 11:00,5133
2018-03-23 11:05,5201
2018-03-23 11:10,5236
2018-03-23 11:15,5297
2018-03-23 11:20,5372
2018-03-23 11:25,5447
2018-03-23 11:30,5559
2018-03-23 11:35,5657
2018-03-23 11:40,5709
2018-03-23 11:45,5740
2018-03-23 11:50,5809
2018-03-23 11:55,5888
2018-03-23 12:00,5912
2018-03-23 12:05,6032
2018-03-23 12:10,6055
2018-03-23 12:15,6158
2018-03-23 12:20,6237
2018-03-23 12:25,6352
2018-03-23 12:30,6431
2018-03-23 12:35,6455
2018-03-23 12:40,6583
2018-03-23 12:45,6636
2018-03-23 12:50,6711
2018-03-23 12:55,6861
2018-03-23 13:00,6971
2018-03-23 13:05,7051
2018-03-23 13:10,7143
2018-03-23 13:15,7293
2018-03-23 13:20,7393
2018-03-23 13:25,7491
2018-03-23 13:30,7589
2018-03-23 13:35,7693
2018-03-23 13:40,7870
2018-03-23 13:45,7978
2018-03-23 13:50,8087
2018-03-23 13:55,8197
2018-03-23 14:00,8329
2018-03-23 14:05,8435
2018-03-23 14:10,8497
2018-03-23 14:15,8572
2018-03-23 14:20,8733
2018-03-23 14:25,8909
2018-03-23 14:30,9089
2018-03-23 14:35,9211
2018-03-23 14:40,9365
2018-03-23 14:45,9498
2018-03-23 14:50,9631
2018-03-23 14:55,9760
2018-03-23 15:00,9897
2018-03-23 15:05,10012
2018-03-23 15:10,10103
2018-03-23 15:15,10282
2018-03-23 15:20,10446
2018-03-23 15:25,10540
2018-03-23 15:30,10698
2018-03-23 15:35,10870
2018-03-23 15:40,11051
2018-03-23 15:45,11148
2018-03-23 15:50,11285
2018-03-23 15:55,11382
2018-03-23 16:00,11477
2018-03-23 16:05,11594
2018-03-23 16:10,11679
2018-03-23 16:15,11755
2018-03-23 16:20,11913
2018-03-23 16:25,12014
2018-03-23 16:30,12078
2018-03-23 16:35,12155
2018-03-23 16:40,12224
2018-03-23 16:45,12303
2018-03-23 16:50,12368
2018-03-23 16:55,12384
2018-03-23 17:00,12461
2018-03-23 17:05,12534
2018-03-23 17:10,12588
2018-03-23 17:15,12629
2018-03-23 17:20,12699
2018-03-23 17:25,12802
2018-03-23 17:30,12915
2018-03-23 17:35,12989
2018-03-23 17:40,13078
2018-03-23 17:45,13204
2018-03-23 17:50,13225
2018-03-23 17:55,13395
2018-03-23 18:00,13396
2018-03-23 18:05,13536
2018-03-23 18:10,13565
2018-03-23 18:15,13608
2018-03-23 18:20,13672
2018-03-23 18:25,13772
2018-03-23 18:30,13816
2018-03-23 18:35,13930
2018-03-23 18:40,14085
2018-03-23 18:45,14132
2018-03-23 18:50,14110
2018-03-23 18:55,14165
2018-03-23 19:00,14293
2018-03-23 19:05,14319
2018-03-23 19:10,14458
2018-03-23 19:15,14590
2018-03-23 19:20,14666
2018-03-23 19:25,14691
2018-03-23 19:30,14746
2018-03-23 19:35,14753
2018-03-23 19:40,14830
2018-03-23 19:45,14900
2018-03-23 19:50,15022
2018-03-23 19:55,15025
2018-03-23 20:00,15074
2018-03-23 20:05,15104
2018-03-23 20:10,15148
2018-03-23 20:15,15209
2018-03-23 20:20,15274
2018-03-23 20:25,15292
2018-03-23 20:30,15338
2018-03-23 20:35,15355
2018-03-23 20:40,15448
2018-03-23 20:45,15581
2018-03-23 20:50,15651
2018-03-23 20:55,15724
2018-03-23 21:00,15846
2018-03-23 21:05,15962
2018-03-23 21:10,16129
2018-03-23 21:15,16267
2018-03-23 21:20,16381
2018-03-23 21:25,16809
2018-03-23 21:30,17040
2018-03-23 21:35,17215
2018-03-23 21:40,17256
2018-03-23 21:45,17362
2018-03-23 21:50,17561
2018-03-23 21:55,17615
2018-03-23 22:00,17611
2018-03-23 22:05,0
2018-03-23 22:10,17603
2018-03-23 22:15,17539
2018-03-23 22:20,17464
2018-03-23 22:25,17488
2018-03-23 22:30,17430
2018-03-23 22:35,17499
2018-03-23 22:40,17447
2018-03-23 22:45,17343
2018-03-23 22:50,17278
2018-03-23 22:55,17323
2018-03-23 23:00,17217
2018-03-23 23:05,17107
2018-03-23 23:10,17008
2018-03-23 23:15,16995
2018-03-23 23:20,16856
2018-03-23 23:25,16750
2018-03-23 23:30,16686
2018-03-23 23:35,16541
2018-03-23 23:40,16511
2018-03-23 23:45,16358
2018-03-23 23:50,16157
2018-03-23 23:55,16119
2018-03-24 00:00,15996
2018-03-24 00:05,15834
2018-03-24 00:10,15755
2018-03-24 00:15,15614
2018-03-24 00:20,15484
2018-03-24 00:25,15334
2018-03-24 00:30,15149
2018-03-24 00:35,15051
2018-03-24 00:40,14945
2018-03-24 00:45,14942
2018-03-24 00:50,14789
2018-03-24 00:55,14638
2018-03-24 01:00,14470
2018-03-24 01:05,14407
2018-03-24 01:10,14412
2018-03-24 01:15,14392
2018-03-24 01:20,14443
2018-03-24 01:25,14401
2018-03-24 01:30,14324
2018-03-24 01:35,14349
2018-03-24 01:40,14269
2018-03-24 01:45,14183
2018-03-24 01:50,14087
2018-03-24 01:55,14056
2018-03-24 02:00,13926
2018-03-24 02:05,13771
2018-03-24 02:10,13712
2018-03-24 02:15,13674
2018-03-24 02:20,13749
2018-03-24 02:25,13716
2018-03-24 02:30,13658
2018-03-24 02:35,13662
2018-03-24 02:40,13522
2018-03-24 02:45,13422
2018-03-24 02:50,13374
2018-03-24 02:55,13345
2018-03-24 03:00,13278
2018-03-24 03:05,13125
2018-03-24 03:10,12952
2018-03-24 03:15,12914
2018-03-24 03:20,12772
2018-03-24 03:25,12733
2018-03-24 03:30,12651
2018-03-24 03:35,12534
2018-03-24 03:40,12466
2018-03-24 03:45,12317
2018-03-24 03:50,12218
2018-03-24 03:55,11651
2018-03-24 04:00,11182
2018-03-24 04:05,10870
2018-03-24 04:10,10658
2018-03-24 04:15,10544
2018-03-24 04:20,10380
2018-03-24 04:25,10249
2018-03-24 04:30,10086
2018-03-24 04:35,9978
2018-03-24 04:40,9794
2018-03-24 04:45,9626
2018-03-24 04:50,9473
2018-03-24 04:55,9351
2018-03-24 05:00,9248
2018-03-24 05:05,9079
2018-03-24 05:10,8919
2018-03-24 05:15,8778
2018-03-24 05:20,8623
2018-03-24 05:25,8490
2018-03-24 05:30,8360
2018-03-24 05:35,8284
2018-03-24 05:40,8186
2018-03-24 05:45,8087
2018-03-24 05:50,7946
2018-03-24 05:55,7857
2018-03-24 06:00,7716
2018-03-24 06:05,7570
2018-03-24 06:10,7465
2018-03-24 06:15,7378
2018-03-24 06:20,7265
2018-03-24 06:25,7228
2018-03-24 06:30,7104
2018-03-24 06:35,7025
2018-03-24 06:40,6939
2018-03-24 06:45,6861
2018-03-24 06:50,6787
2018-03-24 06:55,6737
2018-03-24 07:00,6635
2018-03-24 07:05,6548
2018-03-24 07:10,6422
2018-03-24 07:15,6346
2018-03-24 07:20,6299
2018-03-24 07:25,6260
2018-03-24 07:30,6207
2018-03-24 07:35,6145
2018-03-24 07:40,6080
2018-03-24 07:45,6031
2018-03-24 07:50,5988
2018-03-24 07:55,5910
2018-03-24 08:00,5846
2018-03-24 08:05,5803
2018-03-24 08:10,5786
2018-03-24 08:15,5792
2018-03-24 08:20,5778
2018-03-24 08:25,5737
2018-03-24 08:30,5743
2018-03-24 08:35,5750
2018-03-24 08:40,5785
2018-03-24 08:45,5783
2018-03-24 08:50,5771
2018-03-24 08:55,5721
2018-03-24 09:00,5698
2018-03-24 09:05,5735
2018-03-24 09:10,5764
2018-03-24 09:15,5760
2018-03-24 09:20,5843
2018-03-24 09:25,5875
2018-03-24 09:30,5888
2018-03-24 09:35,5942
2018-03-24 09:40,6010
2018-03-24 09:45,6071
2018-03-24 09:50,6107
2018-03-24 09:55,6196
2018-03-24 10:00,6223
2018-03-24 10:05,6309
2018-03-24 10:10,6372
2018-03-24 10:15,6470
2018-03-24 10:20,6529
2018-03-24 10:25,6555
2018-03-24 10:30,6611
2018-03-24 10:35,6655
2018-03-24 10:40,6719
2018-03-24 10:45,6751
2018-03-24 10:50,6815
2018-03-24 10:55,6920
2018-03-24 11:00,6997
2018-03-24 11:05,7050
2018-03-24 11:10,7111
2018-03-24 11:15,7134
2018-03-24 11:20,7202
2018-03-24 11:25,7324
2018-03-24 11:30,7394
2018-03-24 11:35,7524
2018-03-24 11:40,7583
2018-03-24 11:45,7698
2018-03-24 11:50,7791
2018-03-24 11:55,7929
2018-03-24 12:00,7946
2018-03-24 12:05,8066
2018-03-24 12:10,8200
2018-03-24 12:15,8237
2018-03-24 12:20,8357
2018-03-24 12:25,8385
2018-03-24 12:30,8531
2018-03-24 12:35,8637
2018-03-24 12:40,8764
2018-03-24 12:45,8817
2018-03-24 12:50,8898
2018-03-24 12:55,8926
2018-03-24 13:00,9012
2018-03-24 13:05,9066
2018-03-24 13:10,9165
2018-03-24 13:15,9226
2018-03-24 13:20,9295
2018-03-24 13:25,9362
2018-03-24 13:30,9475
2018-03-24 13:35,9638
2018-03-24 13:40,9733
2018-03-24 13:45,9870
2018-03-24 13:50,9953
2018-03-24 13:55,10051
2018-03-24 14:00,10076
2018-03-24 14:05,10080
2018-03-24 14:10,10204
2018-03-24 14:15,10384
2018-03-24 14:20,10419
2018-03-24 14:25,10531
2018-03-24 14:30,10559
2018-03-24 14:35,10639
2018-03-24 14:40,10775
2018-03-24 14:45,10940
2018-03-24 14:50,11066
2018-03-24 14:55,11162
2018-03-24 15:00,11224
2018-03-24 15:05,11296
2018-03-24 15:10,11410
2018-03-24 15:15,11530
2018-03-24 15:20,11642
2018-03-24 15:25,11741
2018-03-24 15:30,11836
2018-03-24 15:35,11934
2018-03-24 15:40,12025
2018-03-24 15:45,12105
2018-03-24 15:50,12134
2018-03-24 15:55,12263
2018-03-24 16:00,12299
2018-03-24 16:05,12340
2018-03-24 16:10,12386
2018-03-24 16:15,12497
2018-03-24 16:20,12619
2018-03-24 16:25,12657
2018-03-24 16:30,12770
2018-03-24 16:35,12803
2018-03-24 16:40,12888
2018-03-24 16:45,12921
2018-03-24 16:50,12993
2018-03-24 16:55,13057
2018-03-24 17:00,13210
2018-03-24 17:05,13260
2018-03-24 17:10,13340
2018-03-24 17:15,13418
2018-03-24 17:20,13753
2018-03-24 17:25,13921
2018-03-24 17:30,14233
2018-03-24 17:35,14438
2018-03-24 17:40,14661
2018-03-24 17:45,14758
2018-03-24 17:50,14886
2018-03-24 17:55,14970
2018-03-24 18:00,15190
2018-03-24 18:05,15335
2018-03-24 18:10,15497
2018-03-24 18:15,15726
2018-03-24 18:20,15833
2018-03-24 18:25,16007
2018-03-24 18:30,16135
2018-03-24 18:35,16304
2018-03-24 18:40,16420
2018-03-24 18:45,16407
2018-03-24 18:50,16490
2018-03-24 18:55,16458
2018-03-24 19:00,16662
2018-03-24 19:05,16870
2018-03-24 19:10,16913
2018-03-24 19:15,17027
2018-03-24 19:20,17087
2018-03-24 19:25,17198
2018-03-24 19:30,17275
2018-03-24 19:35,17294
2018-03-24 19:40,17453
2018-03-24 19:45,17491
2018-03-24 19:50,17561
2018-03-24 19:55,17530
2018-03-24 20:00,17516
2018-03-24 20:05,17529
2018-03-24 20:10,17583
2018-03-24 20:15,17558
2018-03-24 20:20,17509
2018-03-24 20:25,17490
2018-03-24 20:30,17418
2018-03-24 20:35,17467
2018-03-24 20:40,17480
2018-03-24 20:45,17531
2018-03-24 20:50,17453
2018-03-24 20:55,17432
2018-03-24 21:00,17399
2018-03-24 21:05,17322
2018-03-24 21:10,17138
2018-03-24 21:15,17169
2018-03-24 21:20,17227
2018-03-24 21:25,17303
2018-03-24 21:30,17214
2018-03-24 21:35,17181
2018-03-24 21:40,17192
2018-03-24 21:45,17249
2018-03-24 21:50,17155
2018-03-24 21:55,17195
2018-03-24 22:00,17119
2018-03-24 22:05,17041
2018-03-24 22:10,16947
2018-03-24 22:15,16980
2018-03-24 22:20,16796
2018-03-24 22:25,16680
2018-03-24 22:30,16590
2018-03-24 22:35,16541
2018-03-24 22:40,16378
2018-03-24 22:45,16320
2018-03-24 22:50,16191
2018-03-24 22:55,16067
2018-03-24 23:00,16035
2018-03-24 23:05,15840
2018-03-24 23:10,15770
2018-03-24 23:15,15731
2018-03-24 23:20,15603
2018-03-24 23:25,15556
2018-03-24 23:30,15439
2018-03-24 23:35,15311
2018-03-24 23:40,15209
2018-03-24 23:45,15172
2018-03-24 23:50,15020
2018-03-24 23:55,14858
2018-03-25 00:00,14773
2018-03-25 00:05,14571
2018-03-25 00:10,14428
2018-03-25 00:15,0
2018-03-25 00:20,14382
2018-03-25 00:25,14271
2018-03-25 00:30,14150
2018-03-25 00:35,14035
2018-03-25 00:40,13885
2018-03-25 00:45,13784
2018-03-25 00:50,13702
2018-03-25 00:55,13560
2018-03-25 01:00,13483
2018-03-25 01:05,13399
2018-03-25 01:10,13303
2018-03-25 01:15,13124
2018-03-25 01:20,12474
2018-03-25 01:25,12118
2018-03-25 01:30,11939
2018-03-25 01:35,11677
2018-03-25 01:40,11518
2018-03-25 01:45,11356
2018-03-25 01:50,11153
2018-03-25 01:55,10978
2018-03-25 02:00,10850
2018-03-25 02:05,10640
2018-03-25 02:10,10496
2018-03-25 02:15,10347
2018-03-25 02:20,10229
2018-03-25 02:25,10110
2018-03-25 02:30,10040
2018-03-25 02:35,9954
2018-03-25 02:40,9855
2018-03-25 02:45,9808
2018-03-25 02:50,9772
2018-03-25 02:55,9757
2018-03-25 03:00,9720
2018-03-25 03:05,9672
2018-03-25 03:10,9610
2018-03-25 03:15,9569
2018-03-25 03:20,9506
2018-03-25 03:25,9443
2018-03-25 03:30,9364
2018-03-25 03:35,9327
2018-03-25 03:40,9287
2018-03-25 03:45,9286
2018-03-25 03:50,9206
2018-03-25 03:55,9108
2018-03-25 04:00,9083
2018-03-25 04:05,9009
2018-03-25 04:10,8936
2018-03-25 04:15,8848
2018-03-25 04:20,8739
2018-03-25 04:25,8665
2018-03-25 04:30,8576
2018-03-25 04:35,8473
2018-03-25 04:40,8397
2018-03-25 04:45,8313
2018-03-25 04:50,8214
2018-03-25 04:55,8130
2018-03-25 05:00,8069
2018-03-25 05:05,8016
2018-03-25 05:10,7881
2018-03-25 05:15,7783
2018-03-25 05:20,7725
2018-03-25 05:25,7579
2018-03-25 05:30,7511
2018-03-25 05:35,7450
2018-03-25 05:40,7408
2018-03-25 05:45,7325
2018-03-25 05:50,7200
2018-03-25 05:55,7153
2018-03-25 06:00,7040
2018-03-25 06:05,6953
2018-03-25 06:10,6913
2018-03-25 06:15,6809
2018-03-25 06:20,6674
2018-03-25 06:25,6619
2018-03-25 06:30,6527
2018-03-25 06:35,6480
2018-03-25 06:40,6392
2018-03-25 06:45,6323
2018-03-25 06:50,6250
2018-03-25 06:55,6177
2018-03-25 07:00,6080
2018-03-25 07:05,6032
2018-03-25 07:10,5980
2018-03-25 07:15,5928
2018-03-25 07:20,5903
2018-03-25 07:25,5887
2018-03-25 07:30,5884
2018-03-25 07:35,5821
2018-03-25 07:40,5772
2018-03-25 07:45,5730
2018-03-25 07:50,5664
2018-03-25 07:55,5684
2018-03-25 08:00,5650
2018-03-25 08:05,5640
2018-03-25 08:10,5628
2018-03-25 08:15,5656
2018-03-25 08:20,5617
2018-03-25 08:25,5574
2018-03-25 08:30,5592
2018-03-25 08:35,5579
2018-03-25 08:40,5590
2018-03-25 08:45,5621
2018-03-25 08:50,5652
2018-03-25 08:55,5670
2018-03-25 09:00,5696
2018-03-25 09:05,5733
2018-03-25 09:10,5918
2018-03-25 09:15,5943
2018-03-25 09:20,6016
2018-03-25 09:25,6044
2018-03-25 09:30,6164
2018-03-25 09:35,6214
2018-03-25 09:40,6339
2018-03-25 09:45,6446
2018-03-25 09:50,6576
2018-03-25 09:55,6674
2018-03-25 10:00,6746
2018-03-25 10:05,6827
2018-03-25 10:10,6879
2018-03-25 10:15,7000
2018-03-25 10:20,7071
2018-03-25 10:25,7151
2018-03-25 10:30,7249
2018-03-25 10:35,7324
2018-03-25 10:40,7406
2018-03-25 10:45,7479
2018-03-25 10:50,7588
2018-03-25 10:55,7624
2018-03-25 11:00,7686
2018-03-25 11:05,7778
2018-03-25 11:10,7912
2018-03-25 11:15,8003
2018-03-25 11:20,8051
2018-03-25 11:25,8120
2018-03-25 11:30,8153
2018-03-25 11:35,8279
2018-03-25 11:40,8331
2018-03-25 11:45,8388
2018-03-25 11:50,8500
2018-03-25 11:55,8543
2018-03-25 12:00,8603
2018-03-25 12:05,8613
2018-03-25 12:10,8781
2018-03-25 12:15,8844
2018-03-25 12:20,8979
2018-03-25 12:25,9121
2018-03-25 12:30,9192
2018-03-25 12:35,9331
2018-03-25 12:40,9387
2018-03-25 12:45,9436
2018-03-25 12:50,9504
2018-03-25 12:55,9605
2018-03-25 13:00,9726
2018-03-25 13:05,9829
2018-03-25 13:10,9936
2018-03-25 13:15,10044
2018-03-25 13:20,10202
2018-03-25 13:25,10288
2018-03-25 13:30,10439
2018-03-25 13:35,10558
2018-03-25 13:40,10725
2018-03-25 13:45,10898
2018-03-25 13:50,11094
2018-03-25 13:55,11253
2018-03-25 14:00,11376
2018-03-25 14:05,11464
2018-03-25 14:10,11598
2018-03-25 14:15,11733
2018-03-25 14:20,11829
2018-03-25 14:25,11911
2018-03-25 14:30,11913
2018-03-25 14:35,12009
2018-03-25 14:40,12090
2018-03-25 14:45,12245
2018-03-25 14:50,12308
2018-03-25 14:55,12438
2018-03-25 15:00,12461
2018-03-25 15:05,12514
2018-03-25 15:10,12609
2018-03-25 15:15,12808
2018-03-25 15:20,12897
2018-03-25 15:25,12985
2018-03-25 15:30,13106
2018-03-25 15:35,13166
2018-03-25 15:40,13304
2018-03-25 15:45,13365
2018-03-25 15:50,13485
2018-03-25 15:55,13548
2018-03-25 16:00,13641
2018-03-25 16:05,13725
2018-03-25 16:10,13832
2018-03-25 16:15,13903
2018-03-25 16:20,14031
2018-03-25 16:25,14140
2018-03-25 16:30,14206
2018-03-25 16:35,14397
2018-03-25 16:40,14511
2018-03-25 16:45,14595
2018-03-25 16:50,14767
2018-03-25 16:55,14858
2018-03-25 17:00,15013
2018-03-25 17:05,15149
2018-03-25 17:10,15321
2018-03-25 17:15,15434
2018-03-25 17:20,15953
2018-03-25 17:25,16412
2018-03-25 17:30,16727
2018-03-25 17:35,17052
2018-03-25 17:40,17171
2018-03-25 17:45,17409
2018-03-25 17:50,17666
2018-03-25 17:55,17847
2018-03-25 18:00,18000
2018-03-25 18:05,18055
2018-03-25 18:10,18251
2018-03-25 18:15,18355
2018-03-25 18:20,18652
2018-03-25 18:25,18841
2018-03-25 18:30,18973
2018-03-25 18:35,19001
2018-03-25 18:40,19214
2018-03-25 18:45,19321
2018-03-25 18:50,19298
2018-03-25 18:55,19347
2018-03-25 19:00,19335
2018-03-25 19:05,19385
2018-03-25 19:10,19381
2018-03-25 19:15,19386
2018-03-25 19:20,19348
2018-03-25 19:25,19359
2018-03-25 19:30,19338
2018-03-25 19:35,19366
2018-03-25 19:40,19375
2018-03-25 19:45,19277
2018-03-25 19:50,19146
2018-03-25 19:55,19187
2018-03-25 20:00,19127
2018-03-25 20:05,18993
2018-03-25 20:10,19000
2018-03-25 20:15,18830
2018-03-25 20:20,18748
2018-03-25 20:25,18717
2018-03-25 20:30,18757
2018-03-25 20:35,18669
2018-03-25 20:40,18570
2018-03-25 20:45,18486
2018-03-25 20:50,18391
2018-03-25 20:55,18299
2018-03-25 21:00,18192
2018-03-25 21:05,18022
2018-03-25 21:10,17943
2018-03-25 21:15,17951
2018-03-25 21:20,17703
2018-03-25 21:25,17526
2018-03-25 21:30,17424
2018-03-25 21:35,17298
2018-03-25 21:40,17196
2018-03-25 21:45,17086
2018-03-25 21:50,16924
2018-03-25 21:55,16453
2018-03-25 22:00,15994
2018-03-25 22:05,15642
2018-03-25 22:10,15328
2018-03-25 22:15,14901
2018-03-25 22:20,14617
2018-03-25 22:25,14346
2018-03-25 22:30,14079
2018-03-25 22:35,13843
2018-03-25 22:40,13688
2018-03-25 22:45,13494
2018-03-25 22:50,13251
2018-03-25 22:55,13081
2018-03-25 23:00,12820
2018-03-25 23:05,12720
2018-03-25 23:10,12586
2018-03-25 23:15,12401
2018-03-25 23:20,12197
2018-03-25 23:25,12038
2018-03-25 23:30,11905
2018-03-25 23:35,11837
2018-03-25 23:40,11754
2018-03-25 23:45,11602
2018-03-25 23:50,11505
2018-03-25 23:55,11406
2018-03-26 00:00,11288
2018-03-26 00:05,11140
2018-03-26 00:10,11109
2018-03-26 00:15,11010
2018-03-26 00:20,10956
2018-03-26 00:25,10855
2018-03-26 00:30,10827
2018-03-26 00:35,10732
2018-03-26 00:40,10641
2018-03-26 00:45,10585
2018-03-26 00:50,10496
2018-03-26 00:55,10489
2018-03-26 01:00,10455
2018-03-26 01:05,10384
2018-03-26 01:10,10333
2018-03-26 01:15,10360
2018-03-26 01:20,10250
2018-03-26 01:25,10212
2018-03-26 01:30,10119
2018-03-26 01:35,10056
2018-03-26 01:40,10014
2018-03-26 01:45,9918
2018-03-26 01:50,9847
2018-03-26 01:55,9780
2018-03-26 02:00,9723
2018-03-26 02:05,9622
2018-03-26 02:10,9553
2018-03-26 02:15,9498
2018-03-26 02:20,9486
2018-03-26 02:25,9457
2018-03-26 02:30,9359
2018-03-26 02:35,9248
2018-03-26 02:40,9181
2018-03-26 02:45,9138
2018-03-26 02:50,9082
2018-03-26 02:55,9015
2018-03-26 03:00,8912
2018-03-26 03:05,8827
2018-03-26 03:10,8661
2018-03-26 03:15,8535
2018-03-26 03:20,8399
2018-03-26 03:25,8321
2018-03-26 03:30,8222
2018-03-26 03:35,8145
2018-03-26 03:40,8035
2018-03-26 03:45,7938
2018-03-26 03:50,7867
2018-03-26 03:55,7763
2018-03-26 04:00,7653
2018-03-26 04:05,7508
2018-03-26 04:10,7390
2018-03-26 04:15,7250
2018-03-26 04:20,0
2018-03-26 04:25,7146
2018-03-26 04:30,6999
2018-03-26 04:35,6969
2018-03-26 04:40,6862
2018-03-26 04:45,6752
2018-03-26 04:50,6671
2018-03-26 04:55,6521
2018-03-26 05:00,6436
2018-03-26 05:05,6317
2018-03-26 05:10,6185
2018-03-26 05:15,6089
2018-03-26 05:20,5983
2018-03-26 05:25,5934
2018-03-26 05:30,5857
2018-03-26 05:35,5773
2018-03-26 05:40,5735
2018-03-26 05:45,5703
2018-03-26 05:50,5625
2018-03-26 05:55,5560
2018-03-26 06:00,5472
2018-03-26 06:05,5346
2018-03-26 06:10,5299
2018-03-26 06:15,5238
2018-03-26 06:20,5170
2018-03-26 06:25,5105
2018-03-26 06:30,5056
2018-03-26 06:35,4956
2018-03-26 06:40,4908
2018-03-26 06:45,4847
2018-03-26 06:50,4753
2018-03-26 06:55,4677
2018-03-26 07:00,4656
2018-03-26 07:05,4627
2018-03-26 07:10,4552
2018-03-26 07:15,4499
2018-03-26 07:20,4453
2018-03-26 07:25,4460
2018-03-26 07:30,4425
2018-03-26 07:35,4381
2018-03-26 07:40,4333
2018-03-26 07:45,4312
2018-03-26 07:50,4285
2018-03-26 07:55,4257
2018-03-26 08:00,4236
2018-03-26 08:05,4174
2018-03-26 08:10,4223
2018-03-26 08:15,4186
2018-03-26 08:20,4188
2018-03-26 08:25,4216
2018-03-26 08:30,4218
2018-03-26 08:35,4205
2018-03-26 08:40,4236
2018-03-26 08:45,4226
2018-03-26 08:50,4222
2018-03-26 08:55,4230
2018-03-26 09:00,4177
2018-03-26 09:05,4152
2018-03-26 09:10,4241
2018-03-26 09:15,4240
2018-03-26 09:20,4272
2018-03-26 09:25,4331
2018-03-26 09:30,4399
2018-03-26 09:35,4425
2018-03-26 09:40,4440
2018-03-26 09:45,4491
2018-03-26 09:50,4520
2018-03-26 09:55,4594
2018-03-26 10:00,4642
2018-03-26 10:05,4662
2018-03-26 10:10,4720
2018-03-26 10:15,4753
2018-03-26 10:20,4819
2018-03-26 10:25,4849
2018-03-26 10:30,4878
2018-03-26 10:35,4932
2018-03-26 10:40,4972
2018-03-26 10:45,5019
2018-03-26 10:50,5021
2018-03-26 10:55,5073
2018-03-26 11:00,5121
2018-03-26 11:05,5122
2018-03-26 11:10,5176
2018-03-26 11:15,5239
2018-03-26 11:20,5254
2018-03-26 11:25,5322
2018-03-26 11:30,5370
2018-03-26 11:35,5447
2018-03-26 11:40,5540
2018-03-26 11:45,5604
2018-03-26 11:50,5664
2018-03-26 11:55,5700
2018-03-26 12:00,5769
2018-03-26 12:05,5764
2018-03-26 12:10,5867
2018-03-26 12:15,5877
2018-03-26 12:20,5902
2018-03-26 12:25,5986
2018-03-26 12:30,6091
2018-03-26 12:35,6194
2018-03-26 12:40,6281
2018-03-26 12:45,6344
2018-03-26 12:50,6376
2018-03-26 12:55,6466
2018-03-26 13:00,6558
2018-03-26 13:05,6669
2018-03-26 13:10,6733
2018-03-26 13:15,6830
2018-03-26 13:20,6919
2018-03-26 13:25,7033
2018-03-26 13:30,7167
2018-03-26 13:35,7278
2018-03-26 13:40,7404
2018-03-26 13:45,7541
2018-03-26 13:50,7597
2018-03-26 13:55,7652
2018-03-26 14:00,7764
2018-03-26 14:05,7828
2018-03-26 14:10,7938
2018-03-26 14:15,8105
2018-03-26 14:20,8186
2018-03-26 14:25,8259
2018-03-26 14:30,8368
2018-03-26 14:35,8499
2018-03-26 14:40,8571
2018-03-26 14:45,8695
2018-03-26 14:50,8788
2018-03-26 14:55,8882
2018-03-26 15:00,8889
2018-03-26 15:05,8952
2018-03-26 15:10,8996
2018-03-26 15:15,9125
2018-03-26 15:20,9227
2018-03-26 15:25,9309
2018-03-26 15:30,9451
2018-03-26 15:35,9466
2018-03-26 15:40,9533
2018-03-26 15:45,9596
2018-03-26 15:50,9745
2018-03-26 15:55,9868
2018-03-26 16:00,9920
2018-03-26 16:05,10056
2018-03-26 16:10,10220
2018-03-26 16:15,10311
2018-03-26 16:20,10466
2018-03-26 16:25,10604
2018-03-26 16:30,10680
2018-03-26 16:35,10838
2018-03-26 16:40,11017
2018-03-26 16:45,11098
2018-03-26 16:50,11223
2018-03-26 16:55,11351
2018-03-26 17:00,11431
2018-03-26 17:05,11564
2018-03-26 17:10,11778
2018-03-26 17:15,11901
2018-03-26 17:20,12024
2018-03-26 17:25,12146
2018-03-26 17:30,12269
2018-03-26 17:35,12437
2018-03-26 17:40,12550
2018-03-26 17:45,12667
2018-03-26 17:50,12660
2018-03-26 17:55,12731
2018-03-26 18:00,12839
2018-03-26 18:05,12900
2018-03-26 18:10,12949
2018-03-26 18:15,13004
2018-03-26 18:20,13393
2018-03-26 18:25,13671
2018-03-26 18:30,13837
2018-03-26 18:35,13932
2018-03-26 18:40,14044
2018-03-26 18:45,14113
2018-03-26 18:50,14201
2018-03-26 18:55,14275
2018-03-26 19:00,14445
2018-03-26 19:05,14584
2018-03-26 19:10,14683
2018-03-26 19:15,14723
2018-03-26 19:20,14773
2018-03-26 19:25,14868
2018-03-26 19:30,15002
2018-03-26 19:35,14980
2018-03-26 19:40,14949
2018-03-26 19:45,14948
2018-03-26 19:50,14985
2018-03-26 19:55,15018
2018-03-26 20:00,15013
2018-03-26 20:05,15168
2018-03-26 20:10,15193
2018-03-26 20:15,15118
2018-03-26 20:20,15020
2018-03-26 20:25,15000
2018-03-26 20:30,14956
2018-03-26 20:35,14930
2018-03-26 20:40,14893
2018-03-26 20:45,14862
2018-03-26 20:50,14773
2018-03-26 20:55,14668
2018-03-26 21:00,14575
2018-03-26 21:05,14518
2018-03-26 21:10,14167
2018-03-26 21:15,13942
2018-03-26 21:20,13668
2018-03-26 21:25,13460
2018-03-26 21:30,13247
2018-03-26 21:35,13111
2018-03-26 21:40,12921
2018-03-26 21:45,12708
2018-03-26 21:50,12466
2018-03-26 21:55,12340
2018-03-26 22:00,12190
2018-03-26 22:05,12033
2018-03-26 22:10,11894
2018-03-26 22:15,11766
2018-03-26 22:20,11626
2018-03-26 22:25,11477
2018-03-26 22:30,11333
2018-03-26 22:35,11257
2018-03-26 22:40,11106
2018-03-26 22:45,11017
2018-03-26 22:50,10897
2018-03-26 22:55,10768
2018-03-26 23:00,10672
2018-03-26 23:05,10570
2018-03-26 23:10,10459
2018-03-26 23:15,10441
2018-03-26 23:20,10427
2018-03-26 23:25,10370
2018-03-26 23:30,10274
2018-03-26 23:35,10197
2018-03-26 23:40,10150
2018-03-26 23:45,10133
2018-03-26 23:50,10084
2018-03-26 23:55,9974
2018-03-27 00:00,9953
2018-03-27 00:05,9878
2018-03-27 00:10,9880
2018-03-27 00:15,9859
2018-03-27 00:20,9786
2018-03-27 00:25,9714
2018-03-27 00:30,9683
2018-03-27 00:35,9689
2018-03-27 00:40,9673
2018-03-27 00:45,9626
2018-03-27 00:50,9605
2018-03-27 00:55,9582
2018-03-27 01:00,9519
2018-03-27 01:05,9515
2018-03-27 01:10,9485
2018-03-27 01:15,9422
2018-03-27 01:20,9391
2018-03-27 01:25,9328
2018-03-27 01:30,9293
2018-03-27 01:35,9293
2018-03-27 01:40,9248
2018-03-27 01:45,9172
2018-03-27 01:50,9144
2018-03-27 01:55,9162
2018-03-27 02:00,9120
2018-03-27 02:05,9005
2018-03-27 02:10,8942
2018-03-27 02:15,8912
2018-03-27 02:20,8867
2018-03-27 02:25,8878
2018-03-27 02:30,8826
2018-03-27 02:35,8791
2018-03-27 02:40,8696
2018-03-27 02:45,8634
2018-03-27 02:50,8530
2018-03-27 02:55,8476
2018-03-27 03:00,8359
2018-03-27 03:05,8285
2018-03-27 03:10,8152
2018-03-27 03:15,8052
2018-03-27 03:20,7944
2018-03-27 03:25,7818
2018-03-27 03:30,7700
2018-03-27 03:35,7617
2018-03-27 03:40,7524
2018-03-27 03:45,7449
2018-03-27 03:50,7388
2018-03-27 03:55,7277
2018-03-27 04:00,7205
2018-03-27 04:05,7050
2018-03-27 04:10,7019
2018-03-27 04:15,6929
2018-03-27 04:20,6827
2018-03-27 04:25,6700
2018-03-27 04:30,6558
2018-03-27 04:35,6446
2018-03-27 04:40,6345
2018-03-27 04:45,6268
2018-03-27 04:50,6154
2018-03-27 04:55,6027
2018-03-27 05:00,5924
2018-03-27 05:05,5792
2018-03-27 05:10,5778
2018-03-27 05:15,5698
2018-03-27 05:20,5601
2018-03-27 05:25,5502
2018-03-27 05:30,5448
2018-03-27 05:35,5366
2018-03-27 05:40,5297
2018-03-27 05:45,5233
2018-03-27 05:50,5172
2018-03-27 05:55,5120
2018-03-27 06:00,5014
2018-03-27 06:05,4918
2018-03-27 06:10,4856
2018-03-27 06:15,4764
2018-03-27 06:20,4710
2018-03-27 06:25,4640
2018-03-27 06:30,4594
2018-03-27 06:35,4495
2018-03-27 06:40,4426
2018-03-27 06:45,4360
2018-03-27 06:50,4305
2018-03-27 06:55,4277
2018-03-27 07:00,4226
2018-03-27 07:05,4155
2018-03-27 07:10,4134
2018-03-27 07:15,4097
2018-03-27 07:20,4078
2018-03-27 07:25,4049
2018-03-27 07:30,4027
2018-03-27 07:35,4031
2018-03-27 07:40,3940
2018-03-27 07:45,3897
2018-03-27 07:50,3841
2018-03-27 07:55,3829
2018-03-27 08:00,3785
2018-03-27 08:05,3740
2018-03-27 08:10,3732
2018-03-27 08:15,3666
2018-03-27 08:20,3579
2018-03-27 08:25,3510
2018-03-27 08:30,3452
2018-03-27 08:35,3235
2018-03-27 08:40,2639
2018-03-27 08:45,2135
2018-03-27 08:50,1720
2018-03-27 08:55,1416
2018-03-27 09:00,1236
2018-03-27 09:05,1173
2018-03-27 09:10,1104
2018-03-27 09:15,1087
2018-03-27 09:20,1172
2018-03-27 09:25,1148
2018-03-27 09:30,1225
2018-03-27 09:35,1208
2018-03-27 09:40,1237
2018-03-27 09:45,1230
2018-03-27 09:50,1285
2018-03-27 09:55,1245
2018-03-27 10:00,1244
2018-03-27 10:05,1224
2018-03-27 10:10,1263
2018-03-27 10:15,1277
2018-03-27 10:20,1280
2018-03-27 10:25,1323
2018-03-27 10:30,1320
2018-03-27 10:35,1334
2018-03-27 10:40,1302
2018-03-27 10:45,1293
2018-03-27 10:50,1286
2018-03-27 10:55,1311
2018-03-27 11:00,1312
2018-03-27 11:05,1322
2018-03-27 11:10,1401
2018-03-27 11:15,1450
2018-03-27 11:20,1445
2018-03-27 11:25,1466
2018-03-27 11:30,1479
2018-03-27 11:35,1521
2018-03-27 11:40,1541
2018-03-27 11:45,1568
2018-03-27 11:50,1571
2018-03-27 11:55,1613
2018-03-27 12:00,1625
2018-03-27 12:05,2160
2018-03-27 12:10,3198
2018-03-27 12:15,3998
2018-03-27 12:20,4641
2018-03-27 12:25,5140
2018-03-27 12:30,5662
2018-03-27 12:35,6106
2018-03-27 12:40,6443
2018-03-27 12:45,6798
2018-03-27 12:50,7040
2018-03-27 12:55,7337
2018-03-27 13:00,7630
2018-03-27 13:05,7892
2018-03-27 13:10,8101
2018-03-27 13:15,8289
2018-03-27 13:20,8510
2018-03-27 13:25,8657
2018-03-27 13:30,8777
2018-03-27 13:35,8978
2018-03-27 13:40,9144
2018-03-27 13:45,9279
2018-03-27 13:50,9481
2018-03-27 13:55,9641
2018-03-27 14:00,9639
2018-03-27 14:05,9709
2018-03-27 14:10,9864
2018-03-27 14:15,9991
2018-03-27 14:20,10116
2018-03-27 14:25,10241
2018-03-27 14:30,10344
2018-03-27 14:35,10364
2018-03-27 14:40,10451
2018-03-27 14:45,10567
2018-03-27 14:50,10654
2018-03-27 14:55,10795
2018-03-27 15:00,10905
2018-03-27 15:05,10923
2018-03-27 15:10,11058
2018-03-27 15:15,11158
2018-03-27 15:20,11197
2018-03-27 15:25,11285
2018-03-27 15:30,11389
2018-03-27 15:35,11494
2018-03-27 15:40,11572
2018-03-27 15:45,11633
2018-03-27 15:50,11719
2018-03-27 15:55,11803
2018-03-27 16:00,11939
2018-03-27 16:05,12075
2018-03-27 16:10,12243
2018-03-27 16:15,12314
2018-03-27 16:20,12382
2018-03-27 16:25,12458
2018-03-27 16:30,12599
2018-03-27 16:35,0
2018-03-27 16:40,12949
2018-03-27 16:45,13122
2018-03-27 16:50,13243
2018-03-27 16:55,13292
2018-03-27 17:00,13458
2018-03-27 17:05,13601
2018-03-27 17:10,13748
2018-03-27 17:15,13863
2018-03-27 17:20,14034
2018-03-27 17:25,14216
2018-03-27 17:30,14708
2018-03-27 17:35,14982
2018-03-27 17:40,15361
2018-03-27 17:45,15641
2018-03-27 17:50,15873
2018-03-27 17:55,16012
2018-03-27 18:00,16234
2018-03-27 18:05,16428
2018-03-27 18:10,16527
2018-03-27 18:15,16608
2018-03-27 18:20,16807
2018-03-27 18:25,16975
2018-03-27 18:30,17064
2018-03-27 18:35,17138
2018-03-27 18:40,17371
2018-03-27 18:45,17423
2018-03-27 18:50,17559
2018-03-27 18:55,17630
2018-03-27 19:00,17705
2018-03-27 19:05,17878
2018-03-27 19:10,17822
2018-03-27 19:15,17932
2018-03-27 19:20,18023
2018-03-27 19:25,18056
2018-03-27 19:30,18154
2018-03-27 19:35,18153
2018-03-27 19:40,18296
2018-03-27 19:45,18261
2018-03-27 19:50,18309
2018-03-27 19:55,18445
2018-03-27 20:00,18378
2018-03-27 20:05,18268
2018-03-27 20:10,18150
2018-03-27 20:15,18042
2018-03-27 20:20,18065
2018-03-27 20:25,17988
2018-03-27 20:30,17941
2018-03-27 20:35,17799
2018-03-27 20:40,17618
2018-03-27 20:45,17521
2018-03-27 20:50,17387
2018-03-27 20:55,17144
2018-03-27 21:00,17074
2018-03-27 21:05,16910
2018-03-27 21:10,16692
2018-03-27 21:15,16665
2018-03-27 21:20,16490
2018-03-27 21:25,16279
2018-03-27 21:30,15922
2018-03-27 21:35,15374
2018-03-27 21:40,15038
2018-03-27 21:45,14716
2018-03-27 21:50,14417
2018-03-27 21:55,14220
2018-03-27 22:00,13977
2018-03-27 22:05,13799
2018-03-27 22:10,13567
2018-03-27 22:15,13456
2018-03-27 22:20,13283
2018-03-27 22:25,13187
2018-03-27 22:30,13001
2018-03-27 22:35,12906
2018-03-27 22:40,12769
2018-03-27 22:45,12581
2018-03-27 22:50,12464
2018-03-27 22:55,12411
2018-03-27 23:00,12332
2018-03-27 23:05,12298
2018-03-27 23:10,12227
2018-03-27 23:15,12169
2018-03-27 23:20,12107
2018-03-27 23:25,12040
2018-03-27 23:30,11988
2018-03-27 23:35,11932
2018-03-27 23:40,11855
2018-03-27 23:45,11737
2018-03-27 23:50,11698
2018-03-27 23:55,11595
2018-03-28 00:00,11562
2018-03-28 00:05,11490
2018-03-28 00:10,11351
2018-03-28 00:15,11318
2018-03-28 00:20,11333
2018-03-28 00:25,11307
2018-03-28 00:30,11230
2018-03-28 00:35,11127
2018-03-28 00:40,11047
2018-03-28 00:45,11059
2018-03-28 00:50,10992
2018-03-28 00:55,11019
2018-03-28 01:00,10929
2018-03-28 01:05,10884
2018-03-28 01:10,10835
2018-03-28 01:15,10838
2018-03-28 01:20,10793
2018-03-28 01:25,10643
2018-03-28 01:30,10609
2018-03-28 01:35,10511
2018-03-28 01:40,10422
2018-03-28 01:45,10389
2018-03-28 01:50,10308
2018-03-28 01:55,10203
2018-03-28 02:00,10151
2018-03-28 02:05,10034
2018-03-28 02:10,9959
2018-03-28 02:15,9923
2018-03-28 02:20,9862
2018-03-28 02:25,9834
2018-03-28 02:30,9762
2018-03-28 02:35,9698
2018-03-28 02:40,9633
2018-03-28 02:45,9525
2018-03-28 02:50,9553
2018-03-28 02:55,9443
2018-03-28 03:00,9349
2018-03-28 03:05,9203
2018-03-28 03:10,9156
2018-03-28 03:15,9016
2018-03-28 03:20,8949
2018-03-28 03:25,8864
2018-03-28 03:30,8761
2018-03-28 03:35,8657
2018-03-28 03:40,8541
2018-03-28 03:45,8425
2018-03-28 03:50,8349
2018-03-28 03:55,8254
2018-03-28 04:00,8150
2018-03-28 04:05,8003
2018-03-28 04:10,7929
2018-03-28 04:15,7819
2018-03-28 04:20,7740
2018-03-28 04:25,7713
2018-03-28 04:30,7642
2018-03-28 04:35,7498
2018-03-28 04:40,7397
2018-03-28 04:45,7363
2018-03-28 04:50,7283
2018-03-28 04:55,7119
2018-03-28 05:00,6971
2018-03-28 05:05,6873
2018-03-28 05:10,6762
2018-03-28 05:15,6674
2018-03-28 05:20,6549
2018-03-28 05:25,6423
2018-03-28 05:30,6292
2018-03-28 05:35,6218
2018-03-28 05:40,6076
2018-03-28 05:45,5977
2018-03-28 05:50,5904
2018-03-28 05:55,5856
2018-03-28 06:00,5795
2018-03-28 06:05,5682
2018-03-28 06:10,5560
2018-03-28 06:15,5473
2018-03-28 06:20,5403
2018-03-28 06:25,5377
2018-03-28 06:30,5316
2018-03-28 06:35,5240
2018-03-28 06:40,5174
2018-03-28 06:45,5164
2018-03-28 06:50,5131
2018-03-28 06:55,5091
2018-03-28 07:00,5035
2018-03-28 07:05,4990
2018-03-28 07:10,4972
2018-03-28 07:15,4971
2018-03-28 07:20,4913
2018-03-28 07:25,4864
2018-03-28 07:30,4832
2018-03-28 07:35,4825
2018-03-28 07:40,4766
2018-03-28 07:45,4801
2018-03-28 07:50,4765
2018-03-28 07:55,4788
2018-03-28 08:00,4737
2018-03-28 08:05,4758
2018-03-28 08:10,4774
2018-03-28 08:15,4791
2018-03-28 08:20,4805
2018-03-28 08:25,4806
2018-03-28 08:30,4856
2018-03-28 08:35,4860
2018-03-28 08:40,4868
2018-03-28 08:45,4868
2018-03-28 08:50,4866
2018-03-28 08:55,4872
2018-03-28 09:00,4855
2018-03-28 09:05,4936
2018-03-28 09:10,4993
2018-03-28 09:15,5028
2018-03-28 09:20,5097
2018-03-28 09:25,5158
2018-03-28 09:30,5165
2018-03-28 09:35,5213
2018-03-28 09:40,5293
2018-03-28 09:45,5377
2018-03-28 09:50,5387
2018-03-28 09:55,5435
2018-03-28 10:00,5447
2018-03-28 10:05,5482
2018-03-28 10:10,5574
2018-03-28 10:15,5651
2018-03-28 10:20,5682
2018-03-28 10:25,5724
2018-03-28 10:30,5771
2018-03-28 10:35,5830
2018-03-28 10:40,5877
2018-03-28 10:45,5959
2018-03-28 10:50,5977
2018-03-28 10:55,6032
2018-03-28 11:00,6121
2018-03-28 11:05,6218
2018-03-28 11:10,6310
2018-03-28 11:15,6307
2018-03-28 11:20,6404
2018-03-28 11:25,6475
2018-03-28 11:30,6594
2018-03-28 11:35,6622
2018-03-28 11:40,6750
2018-03-28 11:45,6837
2018-03-28 11:50,6921
2018-03-28 11:55,6927
2018-03-28 12:00,6998
2018-03-28 12:05,7112
2018-03-28 12:10,7178
2018-03-28 12:15,7270
2018-03-28 12:20,7340
2018-03-28 12:25,7434
2018-03-28 12:30,7479
2018-03-28 12:35,7580
2018-03-28 12:40,7648
2018-03-28 12:45,7781
2018-03-28 12:50,7872
2018-03-28 12:55,7967
2018-03-28 13:00,8081
2018-03-28 13:05,8235
2018-03-28 13:10,8284
2018-03-28 13:15,8403
2018-03-28 13:20,8517
2018-03-28 13:25,8576
2018-03-28 13:30,8726
2018-03-28 13:35,8826
2018-03-28 13:40,8916
2018-03-28 13:45,9000
2018-03-28 13:50,9085
2018-03-28 13:55,9256
2018-03-28 14:00,9368
2018-03-28 14:05,9479
2018-03-28 14:10,9568
2018-03-28 14:15,9671
2018-03-28 14:20,9759
2018-03-28 14:25,9838
2018-03-28 14:30,9911
2018-03-28 14:35,10049
2018-03-28 14:40,10100
2018-03-28 14:45,10206
2018-03-28 14:50,10324
2018-03-28 14:55,10363
2018-03-28 15:00,10434
2018-03-28 15:05,10605
2018-03-28 15:10,10597
2018-03-28 15:15,10736
2018-03-28 15:20,10839
2018-03-28 15:25,10953
2018-03-28 15:30,11038
2018-03-28 15:35,11192
2018-03-28 15:40,11331
2018-03-28 15:45,11508
2018-03-28 15:50,11549
2018-03-28 15:55,11681
2018-03-28 16:00,11843
2018-03-28 16:05,12029
2018-03-28 16:10,12055
2018-03-28 16:15,12190
2018-03-28 16:20,12270
2018-03-28 16:25,12402
2018-03-28 16:30,12529
2018-03-28 16:35,12632
2018-03-28 16:40,12733
2018-03-28 16:45,12849
2018-03-28 16:50,12880
2018-03-28 16:55,12935
2018-03-28 17:00,13013
2018-03-28 17:05,13074
2018-03-28 17:10,13193
2018-03-28 17:15,13302
2018-03-28 17:20,13349
2018-03-28 17:25,13458
2018-03-28 17:30,13514
2018-03-28 17:35,13656
2018-03-28 17:40,13735
2018-03-28 17:45,13754
2018-03-28 17:50,13888
2018-03-28 17:55,13914
2018-03-28 18:00,13992
2018-03-28 18:05,14016
2018-03-28 18:10,14102
2018-03-28 18:15,14202
2018-03-28 18:20,14249
2018-03-28 18:25,14247
2018-03-28 18:30,14279
2018-03-28 18:35,14324
2018-03-28 18:40,14387
2018-03-28 18:45,14411
2018-03-28 18:50,14463
2018-03-28 18:55,14550
2018-03-28 19:00,14570
2018-03-28 19:05,14593
2018-03-28 19:10,14613
2018-03-28 19:15,14644
2018-03-28 19:20,14712
2018-03-28 19:25,14705
2018-03-28 19:30,14710
2018-03-28 19:35,14737
2018-03-28 19:40,14776
2018-03-28 19:45,14802
2018-03-28 19:50,14805
2018-03-28 19:55,14709
2018-03-28 20:00,14738
2018-03-28 20:05,14706
2018-03-28 20:10,14582
2018-03-28 20:15,14583
2018-03-28 20:20,14525
2018-03-28 20:25,14534
2018-03-28 20:30,14432
2018-03-28 20:35,14433
2018-03-28 20:40,14420
2018-03-28 20:45,14403
2018-03-28 20:50,14400
2018-03-28 20:55,14403
2018-03-28 21:00,14412
2018-03-28 21:05,14627
2018-03-28 21:10,15094
2018-03-28 21:15,15211
2018-03-28 21:20,15239
2018-03-28 21:25,15277
2018-03-28 21:30,15455
2018-03-28 21:35,15439
2018-03-28 21:40,15436
2018-03-28 21:45,15457
2018-03-28 21:50,15429
2018-03-28 21:55,15359
2018-03-28 22:00,15278
2018-03-28 22:05,15403
2018-03-28 22:10,15375
2018-03-28 22:15,15246
2018-03-28 22:20,15143
2018-03-28 22:25,15174
2018-03-28 22:30,15087
2018-03-28 22:35,14984
2018-03-28 22:40,14927
2018-03-28 22:45,14849
2018-03-28 22:50,14771
2018-03-28 22:55,14755
2018-03-28 23:00,14598
2018-03-28 23:05,14544
2018-03-28 23:10,14575
2018-03-28 23:15,14518
2018-03-28 23:20,14462
2018-03-28 23:25,0
2018-03-28 23:30,921
2018-03-28 23:35,13578
2018-03-28 23:40,14051
2018-03-28 23:45,14041
2018-03-28 23:50,14013
2018-03-28 23:55,14016
2018-03-29 00:00,13954
2018-03-29 00:05,13928
2018-03-29 00:10,13825
2018-03-29 00:15,13734
2018-03-29 00:20,13351
2018-03-29 00:25,13063
2018-03-29 00:30,12648
2018-03-29 00:35,12371
2018-03-29 00:40,12080
2018-03-29 00:45,11860
2018-03-29 00:50,11767
2018-03-29 00:55,11604
2018-03-29 01:00,11476
2018-03-29 01:05,11388
2018-03-29 01:10,11220
2018-03-29 01:15,11053
2018-03-29 01:20,10969
2018-03-29 01:25,10897
2018-03-29 01:30,10834
2018-03-29 01:35,10734
2018-03-29 01:40,10699
2018-03-29 01:45,10682
2018-03-29 01:50,10547
2018-03-29 01:55,10523
2018-03-29 02:00,10448
2018-03-29 02:05,10327
2018-03-29 02:10,10199
2018-03-29 02:15,9783
2018-03-29 02:20,9400
2018-03-29 02:25,8887
2018-03-29 02:30,8362
2018-03-29 02:35,8014
2018-03-29 02:40,7861
2018-03-29 02:45,7909
2018-03-29 02:50,8042
2018-03-29 02:55,8133
2018-03-29 03:00,8184
2018-03-29 03:05,8262
2018-03-29 03:10,8319
2018-03-29 03:15,8340
2018-03-29 03:20,8398
2018-03-29 03:25,8444
2018-03-29 03:30,8404
2018-03-29 03:35,8359
2018-03-29 03:40,8327
2018-03-29 03:45,8326
2018-03-29 03:50,8278
2018-03-29 03:55,8242
2018-03-29 04:00,8178
2018-03-29 04:05,8074
2018-03-29 04:10,7974
2018-03-29 04:15,7949
2018-03-29 04:20,7896
2018-03-29 04:25,7803
2018-03-29 04:30,7628
2018-03-29 04:35,7478
2018-03-29 04:40,7414
2018-03-29 04:45,7374
2018-03-29 04:50,7278
2018-03-29 04:55,7183
2018-03-29 05:00,7086
2018-03-29 05:05,7030
2018-03-29 05:10,6924
2018-03-29 05:15,6851
2018-03-29 05:20,6762
2018-03-29 05:25,6677
2018-03-29 05:30,6608
2018-03-29 05:35,6558
2018-03-29 05:40,6510
2018-03-29 05:45,6414
2018-03-29 05:50,6280
2018-03-29 05:55,6250
2018-03-29 06:00,6170
2018-03-29 06:05,6031
2018-03-29 06:10,5948
2018-03-29 06:15,5880
2018-03-29 06:20,5822
2018-03-29 06:25,5760
2018-03-29 06:30,5703
2018-03-29 06:35,5620
2018-03-29 06:40,5576
2018-03-29 06:45,5484
2018-03-29 06:50,5437
2018-03-29 06:55,5425
2018-03-29 07:00,5338
2018-03-29 07:05,5282
2018-03-29 07:10,5217
2018-03-29 07:15,5207
2018-03-29 07:20,5179
2018-03-29 07:25,5112
2018-03-29 07:30,5096
2018-03-29 07:35,4999
2018-03-29 07:40,4970
2018-03-29 07:45,4979
2018-03-29 07:50,4991
2018-03-29 07:55,5002
2018-03-29 08:00,4977
2018-03-29 08:05,4955
2018-03-29 08:10,4954
2018-03-29 08:15,4894
2018-03-29 08:20,4866
2018-03-29 08:25,4882
2018-03-29 08:30,4906
2018-03-29 08:35,4954
2018-03-29 08:40,4962
2018-03-29 08:45,4993
2018-03-29 08:50,5033
2018-03-29 08:55,5045
2018-03-29 09:00,5054
2018-03-29 09:05,5099
2018-03-29 09:10,5160
2018-03-29 09:15,5154
2018-03-29 09:20,5212
2018-03-29 09:25,5315
2018-03-29 09:30,5364
2018-03-29 09:35,5433
2018-03-29 09:40,5505
2018-03-29 09:45,5582
2018-03-29 09:50,5618
2018-03-29 09:55,5718
2018-03-29 10:00,5756
2018-03-29 10:05,5857
2018-03-29 10:10,5913
2018-03-29 10:15,5970
2018-03-29 10:20,6010
2018-03-29 10:25,6085
2018-03-29 10:30,6183
2018-03-29 10:35,6202
2018-03-29 10:40,6152
2018-03-29 10:45,6210
2018-03-29 10:50,6237
2018-03-29 10:55,6241
2018-03-29 11:00,6279
2018-03-29 11:05,6255
2018-03-29 11:10,6212
2018-03-29 11:15,6222
2018-03-29 11:20,6122
2018-03-29 11:25,6120
2018-03-29 11:30,6072
2018-03-29 11:35,5443
2018-03-29 11:40,4416
2018-03-29 11:45,3635
2018-03-29 11:50,2893
2018-03-29 11:55,2385
2018-03-29 12:00,2142
2018-03-29 12:05,1916
2018-03-29 12:10,1847
2018-03-29 12:15,1806
2018-03-29 12:20,1793
2018-03-29 12:25,1797
2018-03-29 12:30,1839
2018-03-29 12:35,1871
2018-03-29 12:40,1847
2018-03-29 12:45,1881
2018-03-29 12:50,1893
2018-03-29 12:55,2550
2018-03-29 13:00,2901
2018-03-29 13:05,2626
2018-03-29 13:10,2906
2018-03-29 13:15,3408
2018-03-29 13:20,4149
2018-03-29 13:25,4808
2018-03-29 13:30,5503
2018-03-29 13:35,6047
2018-03-29 13:40,6564
2018-03-29 13:45,7028
2018-03-29 13:50,7487
2018-03-29 13:55,7886
2018-03-29 14:00,8228
2018-03-29 14:05,8516
2018-03-29 14:10,8794
2018-03-29 14:15,9067
2018-03-29 14:20,9299
2018-03-29 14:25,9526
2018-03-29 14:30,9706
2018-03-29 14:35,9839
2018-03-29 14:40,10037
2018-03-29 14:45,10151
2018-03-29 14:50,10387
2018-03-29 14:55,10496
2018-03-29 15:00,10592
2018-03-29 15:05,10711
2018-03-29 15:10,10855
2018-03-29 15:15,10968
2018-03-29 15:20,11087
2018-03-29 15:25,11145
2018-03-29 15:30,11269
2018-03-29 15:35,11369
2018-03-29 15:40,11420
2018-03-29 15:45,11529
2018-03-29 15:50,11669
2018-03-29 15:55,11636
2018-03-29 16:00,11721
2018-03-29 16:05,11778
2018-03-29 16:10,11864
2018-03-29 16:15,11928
2018-03-29 16:20,12001
2018-03-29 16:25,12062
2018-03-29 16:30,12134
2018-03-29 16:35,12179
2018-03-29 16:40,11132
2018-03-29 16:45,9245
2018-03-29 16:50,7308
2018-03-29 16:55,5818
2018-03-29 17:00,4874
2018-03-29 17:05,4413
2018-03-29 17:10,3906
2018-03-29 17:15,3646
2018-03-29 17:20,3673
2018-03-29 17:25,5711
2018-03-29 17:30,7366
2018-03-29 17:35,8980
2018-03-29 17:40,10190
2018-03-29 17:45,11157
2018-03-29 17:50,12013
2018-03-29 17:55,12764
2018-03-29 18:00,13446
2018-03-29 18:05,14020
2018-03-29 18:10,14509
2018-03-29 18:15,14981
2018-03-29 18:20,15476
2018-03-29 18:25,15834
2018-03-29 18:30,16126
2018-03-29 18:35,16470
2018-03-29 18:40,16862
2018-03-29 18:45,17059
2018-03-29 18:50,17262
2018-03-29 18:55,17446
2018-03-29 19:00,17622
2018-03-29 19:05,17758
2018-03-29 19:10,17856
2018-03-29 19:15,17970
2018-03-29 19:20,18116
2018-03-29 19:25,18179
2018-03-29 19:30,18239
2018-03-29 19:35,18315
2018-03-29 19:40,18465
2018-03-29 19:45,18539
2018-03-29 19:50,18477
2018-03-29 19:55,18433
2018-03-29 20:00,18395
2018-03-29 20:05,18348
2018-03-29 20:10,18329
2018-03-29 20:15,18218
2018-03-29 20:20,18146
2018-03-29 20:25,18156
2018-03-29 20:30,18052
2018-03-29 20:35,17986
2018-03-29 20:40,17958
2018-03-29 20:45,17850
2018-03-29 20:50,17741
2018-03-29 20:55,17672
2018-03-29 21:00,17617
2018-03-29 21:05,17480
2018-03-29 21:10,17382
2018-03-29 21:15,17265
2018-03-29 21:20,17173
2018-03-29 21:25,17195
2018-03-29 21:30,17101
2018-03-29 21:35,16697
2018-03-29 21:40,16089
2018-03-29 21:45,15734
2018-03-29 21:50,15366
2018-03-29 21:55,15073
2018-03-29 22:00,14790
2018-03-29 22:05,14510
2018-03-29 22:10,14265
2018-03-29 22:15,13986
2018-03-29 22:20,13752
2018-03-29 22:25,13592
2018-03-29 22:30,13352
2018-03-29 22:35,13200
2018-03-29 22:40,13038
2018-03-29 22:45,12811
2018-03-29 22:50,12666
2018-03-29 22:55,12493
2018-03-29 23:00,12247
2018-03-29 23:05,12130
2018-03-29 23:10,11981
2018-03-29 23:15,11882
2018-03-29 23:20,11799
2018-03-29 23:25,11656
2018-03-29 23:30,11588
2018-03-29 23:35,11470
2018-03-29 23:40,0
2018-03-29 23:45,11313
2018-03-29 23:50,11232
2018-03-29 23:55,11183
2018-03-30 00:00,11039
2018-03-30 00:05,10978
2018-03-30 00:10,10869
2018-03-30 00:15,10869
2018-03-30 00:20,10749
2018-03-30 00:25,10733
2018-03-30 00:30,10698
2018-03-30 00:35,10654
2018-03-30 00:40,10643
2018-03-30 00:45,10639
2018-03-30 00:50,10605
2018-03-30 00:55,10542
2018-03-30 01:00,10500
2018-03-30 01:05,10405
2018-03-30 01:10,10363
2018-03-30 01:15,10342
2018-03-30 01:20,10354
2018-03-30 01:25,10356
2018-03-30 01:30,10378
2018-03-30 01:35,10393
2018-03-30 01:40,10366
2018-03-30 01:45,10341
2018-03-30 01:50,10277
2018-03-30 01:55,10173
2018-03-30 02:00,10131
2018-03-30 02:05,10136
2018-03-30 02:10,10133
2018-03-30 02:15,10052
2018-03-30 02:20,9988
2018-03-30 02:25,9905
2018-03-30 02:30,9936
2018-03-30 02:35,9886
2018-03-30 02:40,9873
2018-03-30 02:45,9848
2018-03-30 02:50,9824
2018-03-30 02:55,9773
2018-03-30 03:00,9734
2018-03-30 03:05,9660
2018-03-30 03:10,9581
2018-03-30 03:15,9502
2018-03-30 03:20,9455
2018-03-30 03:25,9381
2018-03-30 03:30,9335
2018-03-30 03:35,9239
2018-03-30 03:40,9176
2018-03-30 03:45,9106
2018-03-30 03:50,9047
2018-03-30 03:55,8910
2018-03-30 04:00,8853
2018-03-30 04:05,8722
2018-03-30 04:10,8648
2018-03-30 04:15,8508
2018-03-30 04:20,8410
2018-03-30 04:25,8302
2018-03-30 04:30,8190
2018-03-30 04:35,8116
2018-03-30 04:40,8077
2018-03-30 04:45,8004
2018-03-30 04:50,7937
2018-03-30 04:55,7819
2018-03-30 05:00,7773
2018-03-30 05:05,7711
2018-03-30 05:10,7580
2018-03-30 05:15,7478
2018-03-30 05:20,7333
2018-03-30 05:25,7261
2018-03-30 05:30,7176
2018-03-30 05:35,7074
2018-03-30 05:40,6941
2018-03-30 05:45,6755
2018-03-30 05:50,6645
2018-03-30 05:55,6540
2018-03-30 06:00,6450
2018-03-30 06:05,6292
2018-03-30 06:10,6254
2018-03-30 06:15,6181
2018-03-30 06:20,6086
2018-03-30 06:25,6002
2018-03-30 06:30,5924
2018-03-30 06:35,5803
2018-03-30 06:40,5755
2018-03-30 06:45,5709
2018-03-30 06:50,5618
2018-03-30 06:55,5553
2018-03-30 07:00,5479
2018-03-30 07:05,5448
2018-03-30 07:10,5419
2018-03-30 07:15,5348
2018-03-30 07:20,5315
2018-03-30 07:25,5254
2018-03-30 07:30,5177
2018-03-30 07:35,5108
2018-03-30 07:40,5069
2018-03-30 07:45,5021
2018-03-30 07:50,5035
2018-03-30 07:55,5000
2018-03-30 08:00,4981
2018-03-30 08:05,4995
2018-03-30 08:10,5021
2018-03-30 08:15,5041
2018-03-30 08:20,5054
2018-03-30 08:25,5072
2018-03-30 08:30,5118
2018-03-30 08:35,5099
2018-03-30 08:40,5217
2018-03-30 08:45,5314
2018-03-30 08:50,5303
2018-03-30 08:55,5317
2018-03-30 09:00,5326
2018-03-30 09:05,5398
2018-03-30 09:10,5492
2018-03-30 09:15,5586
2018-03-30 09:20,5654
2018-03-30 09:25,5696
2018-03-30 09:30,5698
2018-03-30 09:35,5753
2018-03-30 09:40,5832
2018-03-30 09:45,5895
2018-03-30 09:50,5966
2018-03-30 09:55,6030
2018-03-30 10:00,6083
2018-03-30 10:05,6142
2018-03-30 10:10,6192
2018-03-30 10:15,6235
2018-03-30 10:20,6350
2018-03-30 10:25,6433
2018-03-30 10:30,6527
2018-03-30 10:35,6632
2018-03-30 10:40,6740
2018-03-30 10:45,6791
2018-03-30 10:50,6901
2018-03-30 10:55,6896
2018-03-30 11:00,6884
2018-03-30 11:05,6957
2018-03-30 11:10,7018
2018-03-30 11:15,7042
2018-03-30 11:20,7184
2018-03-30 11:25,7246
2018-03-30 11:30,7308
2018-03-30 11:35,7426
2018-03-30 11:40,7454
2018-03-30 11:45,7540
2018-03-30 11:50,7613
2018-03-30 11:55,7688
2018-03-30 12:00,7747
2018-03-30 12:05,7767
2018-03-30 12:10,7844
2018-03-30 12:15,7942
2018-03-30 12:20,8020
2018-03-30 12:25,8092
2018-03-30 12:30,8237
2018-03-30 12:35,8349
2018-03-30 12:40,8400
2018-03-30 12:45,8494
2018-03-30 12:50,8643
2018-03-30 12:55,8701
2018-03-30 13:00,8822
2018-03-30 13:05,8930
2018-03-30 13:10,9018
2018-03-30 13:15,9129
2018-03-30 13:20,9248
2018-03-30 13:25,9397
2018-03-30 13:30,9469
2018-03-30 13:35,9553
2018-03-30 13:40,9630
2018-03-30 13:45,9697
2018-03-30 13:50,9797
2018-03-30 13:55,9967
2018-03-30 14:00,10070
2018-03-30 14:05,10218
2018-03-30 14:10,10344
2018-03-30 14:15,10436
2018-03-30 14:20,10518
2018-03-30 14:25,10617
2018-03-30 14:30,10747
2018-03-30 14:35,10878
2018-03-30 14:40,11058
2018-03-30 14:45,11052
2018-03-30 14:50,11009
2018-03-30 14:55,11035
2018-03-30 15:00,11052
2018-03-30 15:05,11152
2018-03-30 15:10,11211
2018-03-30 15:15,11228
2018-03-30 15:20,11206
2018-03-30 15:25,11164
2018-03-30 15:30,11239
2018-03-30 15:35,11339
2018-03-30 15:40,11422
2018-03-30 15:45,11532
2018-03-30 15:50,11581
2018-03-30 15:55,11638
2018-03-30 16:00,11762
2018-03-30 16:05,11869
2018-03-30 16:10,12022
2018-03-30 16:15,12175
2018-03-30 16:20,12170
2018-03-30 16:25,12284
2018-03-30 16:30,12325
2018-03-30 16:35,12406
2018-03-30 16:40,12512
2018-03-30 16:45,12574
2018-03-30 16:50,12587
2018-03-30 16:55,12694
2018-03-30 17:00,12812
2018-03-30 17:05,12897
2018-03-30 17:10,12920
2018-03-30 17:15,13005
2018-03-30 17:20,13124
2018-03-30 17:25,13189
2018-03-30 17:30,13228
2018-03-30 17:35,13304
2018-03-30 17:40,13363
2018-03-30 17:45,13463
2018-03-30 17:50,13600
2018-03-30 17:55,13660
2018-03-30 18:00,13732
2018-03-30 18:05,13782
2018-03-30 18:10,13902
2018-03-30 18:15,13978
2018-03-30 18:20,14063
2018-03-30 18:25,14094
2018-03-30 18:30,14240
2018-03-30 18:35,14373
2018-03-30 18:40,14573
2018-03-30 18:45,14585
2018-03-30 18:50,14686
2018-03-30 18:55,14762
2018-03-30 19:00,14837
2018-03-30 19:05,14796
2018-03-30 19:10,14787
2018-03-30 19:15,14838
2018-03-30 19:20,14916
2018-03-30 19:25,14969
2018-03-30 19:30,14978
2018-03-30 19:35,14996
2018-03-30 19:40,15044
2018-03-30 19:45,15133
2018-03-30 19:50,15204
2018-03-30 19:55,15203
2018-03-30 20:00,15242
2018-03-30 20:05,15237
2018-03-30 20:10,13941
2018-03-30 20:15,13330
2018-03-30 20:20,13726
2018-03-30 20:25,13956
2018-03-30 20:30,14060
2018-03-30 20:35,14275
2018-03-30 20:40,14424
2018-03-30 20:45,14487
2018-03-30 20:50,14567
2018-03-30 20:55,14696
2018-03-30 21:00,14918
2018-03-30 21:05,15106
2018-03-30 21:10,15308
2018-03-30 21:15,15355
2018-03-30 21:20,15496
2018-03-30 21:25,15586
2018-03-30 21:30,15519
2018-03-30 21:35,15793
2018-03-30 21:40,16129
2018-03-30 21:45,16207
2018-03-30 21:50,16178
2018-03-30 21:55,16188
2018-03-30 22:00,16165
2018-03-30 22:05,16004
2018-03-30 22:10,15987
2018-03-30 22:15,16005
2018-03-30 22:20,15894
2018-03-30 22:25,15743
2018-03-30 22:30,15651
2018-03-30 22:35,15603
2018-03-30 22:40,15541
2018-03-30 22:45,15460
2018-03-30 22:50,15345
2018-03-30 22:55,15162
2018-03-30 23:00,15117
2018-03-30 23:05,14971
2018-03-30 23:10,14746
2018-03-30 23:15,14580
2018-03-30 23:20,14470
2018-03-30 23:25,14397
2018-03-30 23:30,14353
2018-03-30 23:35,14213
2018-03-30 23:40,14192
2018-03-30 23:45,14196
2018-03-30 23:50,14108
2018-03-30 23:55,13991
2018-03-31 00:00,13862
2018-03-31 00:05,13868
2018-03-31 00:10,13763
2018-03-31 00:15,13641
2018-03-31 00:20,13555
2018-03-31 00:25,13425
2018-03-31 00:30,13225
2018-03-31 00:35,13087
2018-03-31 00:40,12970
2018-03-31 00:45,12818
2018-03-31 00:50,12697
2018-03-31 00:55,12546
2018-03-31 01:00,12543
2018-03-31 01:05,12482
2018-03-31 01:10,12416
2018-03-31 01:15,12329
2018-03-31 01:20,12182
2018-03-31 01:25,12091
2018-03-31 01:30,12134
2018-03-31 01:35,12089
2018-03-31 01:40,12107
2018-03-31 01:45,12083
2018-03-31 01:50,12030
2018-03-31 01:55,11977
2018-03-31 02:00,11836
2018-03-31 02:05,11768
2018-03-31 02:10,11691
2018-03-31 02:15,11552
2018-03-31 02:20,11534
2018-03-31 02:25,11479
2018-03-31 02:30,11376
2018-03-31 02:35,11077
2018-03-31 02:40,10787
2018-03-31 02:45,10662
2018-03-31 02:50,10503
2018-03-31 02:55,10389
2018-03-31 03:00,10304
2018-03-31 03:05,10249
2018-03-31 03:10,10186
2018-03-31 03:15,10074
2018-03-31 03:20,10027
2018-03-31 03:25,9882
2018-03-31 03:30,9798
2018-03-31 03:35,9657
2018-03-31 03:40,9565
2018-03-31 03:45,9477
2018-03-31 03:50,9370
2018-03-31 03:55,9238
2018-03-31 04:00,9150
2018-03-31 04:05,9047
2018-03-31 04:10,8918
2018-03-31 04:15,8821
2018-03-31 04:20,8751
2018-03-31 04:25,8623
2018-03-31 04:30,8601
2018-03-31 04:35,8504
2018-03-31 04:40,8478
2018-03-31 04:45,8348
2018-03-31 04:50,8191
2018-03-31 04:55,8165
2018-03-31 05:00,8040
2018-03-31 05:05,7942
2018-03-31 05:10,7904
2018-03-31 05:15,7795
2018-03-31 05:20,7714
2018-03-31 05:25,7667
2018-03-31 05:30,7573
2018-03-31 05:35,0
2018-03-31 05:40,7328
2018-03-31 05:45,7234
2018-03-31 05:50,7194
2018-03-31 05:55,7104
2018-03-31 06:00,6988
2018-03-31 06:05,6896
2018-03-31 06:10,6780
2018-03-31 06:15,6653
2018-03-31 06:20,6556
2018-03-31 06:25,6469
2018-03-31 06:30,6384
2018-03-31 06:35,6321
2018-03-31 06:40,6284
2018-03-31 06:45,6195
2018-03-31 06:50,6180
2018-03-31 06:55,6116
2018-03-31 07:00,6085
2018-03-31 07:05,6041
2018-03-31 07:10,6004
2018-03-31 07:15,5973
2018-03-31 07:20,5909
2018-03-31 07:25,5884
2018-03-31 07:30,5839
2018-03-31 07:35,5803
2018-03-31 07:40,5767
2018-03-31 07:45,5772
2018-03-31 07:50,5758
2018-03-31 07:55,5752
2018-03-31 08:00,5769
2018-03-31 08:05,5689
2018-03-31 08:10,5699
2018-03-31 08:15,5709
2018-03-31 08:20,5742
2018-03-31 08:25,5764
2018-03-31 08:30,5726
2018-03-31 08:35,5713
2018-03-31 08:40,5775
2018-03-31 08:45,5810
2018-03-31 08:50,5860
2018-03-31 08:55,5869
2018-03-31 09:00,5833
2018-03-31 09:05,5966
2018-03-31 09:10,6073
2018-03-31 09:15,6158
2018-03-31 09:20,6220
2018-03-31 09:25,6250
2018-03-31 09:30,6345
2018-03-31 09:35,6415
2018-03-31 09:40,6478
2018-03-31 09:45,6518
2018-03-31 09:50,6559
2018-03-31 09:55,6572
2018-03-31 10:00,6670
2018-03-31 10:05,6734
2018-03-31 10:10,6775
2018-03-31 10:15,6871
2018-03-31 10:20,6930
2018-03-31 10:25,6979
2018-03-31 10:30,7094
2018-03-31 10:35,7107
2018-03-31 10:40,7116
2018-03-31 10:45,7136
2018-03-31 10:50,7200
2018-03-31 10:55,7287
2018-03-31 11:00,7362
2018-03-31 11:05,7467
2018-03-31 11:10,7564
2018-03-31 11:15,7571
2018-03-31 11:20,7668
2018-03-31 11:25,7770
2018-03-31 11:30,7835
2018-03-31 11:35,7945
2018-03-31 11:40,7965
2018-03-31 11:45,8028
2018-03-31 11:50,8121
2018-03-31 11:55,8179
2018-03-31 12:00,8241
2018-03-31 12:05,8335
2018-03-31 12:10,8424
2018-03-31 12:15,8477
2018-03-31 12:20,8542
2018-03-31 12:25,8680
2018-03-31 12:30,8692
2018-03-31 12:35,8802
2018-03-31 12:40,8876
2018-03-31 12:45,8945
2018-03-31 12:50,9027
2018-03-31 12:55,9056
2018-03-31 13:00,9145
2018-03-31 13:05,9270
2018-03-31 13:10,9346
2018-03-31 13:15,9424
2018-03-31 13:20,9363
2018-03-31 13:25,9645
2018-03-31 13:30,9788
2018-03-31 13:35,9876
2018-03-31 13:40,9942
2018-03-31 13:45,10096
2018-03-31 13:50,10083
2018-03-31 13:55,10251
2018-03-31 14:00,10380
2018-03-31 14:05,10502
2018-03-31 14:10,10560
2018-03-31 14:15,10696
2018-03-31 14:20,10865
2018-03-31 14:25,10909
2018-03-31 14:30,11035
2018-03-31 14:35,11097
2018-03-31 14:40,11163
2018-03-31 14:45,11292
2018-03-31 14:50,11444
2018-03-31 14:55,11539
2018-03-31 15:00,11648
2018-03-31 15:05,11697
2018-03-31 15:10,11782
2018-03-31 15:15,11825
2018-03-31 15:20,11807
2018-03-31 15:25,11872
2018-03-31 15:30,11934
2018-03-31 15:35,11973
2018-03-31 15:40,12046
2018-03-31 15:45,12023
2018-03-31 15:50,12052
2018-03-31 15:55,12082
2018-03-31 16:00,12071
2018-03-31 16:05,12133
2018-03-31 16:10,12207
2018-03-31 16:15,12298
2018-03-31 16:20,12373
2018-03-31 16:25,12468
2018-03-31 16:30,12543
2018-03-31 16:35,12637
2018-03-31 16:40,12781
2018-03-31 16:45,12832
2018-03-31 16:50,13006
2018-03-31 16:55,13081
2018-03-31 17:00,13209
2018-03-31 17:05,13323
2018-03-31 17:10,13475
2018-03-31 17:15,13606
2018-03-31 17:20,13752
2018-03-31 17:25,13837
2018-03-31 17:30,13981
2018-03-31 17:35,14142
2018-03-31 17:40,14200
2018-03-31 17:45,14578
2018-03-31 17:50,14923
2018-03-31 17:55,15077
2018-03-31 18:00,15301
2018-03-31 18:05,15458
2018-03-31 18:10,15585
2018-03-31 18:15,15696
2018-03-31 18:20,15743
2018-03-31 18:25,15856
2018-03-31 18:30,16030
2018-03-31 18:35,16057
2018-03-31 18:40,16101
2018-03-31 18:45,15988
2018-03-31 18:50,16161
2018-03-31 18:55,16229
2018-03-31 19:00,16247
2018-03-31 19:05,16281
2018-03-31 19:10,16268
2018-03-31 19:15,16249
2018-03-31 19:20,16222
2018-03-31 19:25,16552
2018-03-31 19:30,16680
2018-03-31 19:35,16731
2018-03-31 19:40,16739
2018-03-31 19:45,17029
2018-03-31 19:50,17179
2018-03-31 19:55,17207
2018-03-31 20:00,17276
2018-03-31 20:05,17320
2018-03-31 20:10,17269
2018-03-31 20:15,17254
2018-03-31 20:20,17391
2018-03-31 20:25,17305
2018-03-31 20:30,17317
2018-03-31 20:35,17278
2018-03-31 20:40,17305
2018-03-31 20:45,17232
2018-03-31 20:50,17172
2018-03-31 20:55,17077
2018-03-31 21:00,17071
2018-03-31 21:05,16936
2018-03-31 21:10,16787
2018-03-31 21:15,16834
2018-03-31 21:20,16781
2018-03-31 21:25,16736
2018-03-31 21:30,16651
2018-03-31 21:35,16537
2018-03-31 21:40,16456
2018-03-31 21:45,16300
2018-03-31 21:50,16042
2018-03-31 21:55,15922
2018-03-31 22:00,15735
2018-03-31 22:05,15520
2018-03-31 22:10,15323
2018-03-31 22:15,15239
2018-03-31 22:20,15118
2018-03-31 22:25,14946
2018-03-31 22:30,14814
2018-03-31 22:35,14701
2018-03-31 22:40,14590
2018-03-31 22:45,14560
2018-03-31 22:50,14492
2018-03-31 22:55,14440
2018-03-31 23:00,14319
2018-03-31 23:05,14099
2018-03-31 23:10,14031
2018-03-31 23:15,13866
2018-03-31 23:20,13736
2018-03-31 23:25,13611
2018-03-31 23:30,13454
2018-03-31 23:35,13411
2018-03-31 23:40,13433
2018-03-31 23:45,13333
2018-03-31 23:50,13255
2018-03-31 23:55,13144
2018-04-01 00:00,13007
2018-04-01 00:05,12606
2018-04-01 00:10,12255
2018-04-01 00:15,12001
2018-04-01 00:20,11891
2018-04-01 00:25,11722
2018-04-01 00:30,11518
2018-04-01 00:35,11312
2018-04-01 00:40,11266
2018-04-01 00:45,11156
2018-04-01 00:50,10981
2018-04-01 00:55,10826
2018-04-01 01:00,10644
2018-04-01 01:05,10559
2018-04-01 01:10,10441
2018-04-01 01:15,10329
2018-04-01 01:20,10216
2018-04-01 01:25,10136
2018-04-01 01:30,10091
2018-04-01 01:35,10085
2018-04-01 01:40,10046
2018-04-01 01:45,10013
2018-04-01 01:50,10015
2018-04-01 01:55,9983
2018-04-01 02:00,9861
2018-04-01 02:05,9847
2018-04-01 02:10,9716
2018-04-01 02:15,9652
2018-04-01 02:20,9569
2018-04-01 02:25,9529
2018-04-01 02:30,9491
2018-04-01 02:35,9495
2018-04-01 02:40,9481
2018-04-01 02:45,9455
2018-04-01 02:50,9419
2018-04-01 02:55,9363
2018-04-01 03:00,9381
2018-04-01 03:05,9399
2018-04-01 03:10,9360
2018-04-01 03:15,9336
2018-04-01 03:20,9309
2018-04-01 03:25,9285
2018-04-01 03:30,9237
2018-04-01 03:35,9182
2018-04-01 03:40,9179
2018-04-01 03:45,9147
2018-04-01 03:50,9020
2018-04-01 03:55,8965
2018-04-01 04:00,8935
2018-04-01 04:05,8870
2018-04-01 04:10,8858
2018-04-01 04:15,8765
2018-04-01 04:20,8724
2018-04-01 04:25,8652
2018-04-01 04:30,8531
2018-04-01 04:35,8483
2018-04-01 04:40,8398
2018-04-01 04:45,8346
2018-04-01 04:50,8257
2018-04-01 04:55,8206
2018-04-01 05:00,8084
2018-04-01 05:05,7993
2018-04-01 05:10,7843
2018-04-01 05:15,7786
2018-04-01 05:20,0
2018-04-01 05:25,7684
2018-04-01 05:30,7597
2018-04-01 05:35,0
2018-04-01 05:40,7445
2018-04-01 05:45,7335
2018-04-01 05:50,7300
2018-04-01 05:55,7218
2018-04-01 06:00,7070
2018-04-01 06:05,6932
2018-04-01 06:10,6846
2018-04-01 06:15,6771
2018-04-01 06:20,6677
2018-04-01 06:25,6590
2018-04-01 06:30,6551
2018-04-01 06:35,6503
2018-04-01 06:40,6418
2018-04-01 06:45,6347
2018-04-01 06:50,6300
2018-04-01 06:55,6241
2018-04-01 07:00,6145
2018-04-01 07:05,6102
2018-04-01 07:10,6059
2018-04-01 07:15,5994
2018-04-01 07:20,5924
2018-04-01 07:25,5921
2018-04-01 07:30,5866
2018-04-01 07:35,5835
2018-04-01 07:40,5812
2018-04-01 07:45,5844
2018-04-01 07:50,5872
2018-04-01 07:55,5817
2018-04-01 08:00,5833
2018-04-01 08:05,5837
2018-04-01 08:10,5857
2018-04-01 08:15,5862
2018-04-01 08:20,5853
2018-04-01 08:25,5875
2018-04-01 08:30,5908
2018-04-01 08:35,5954
2018-04-01 08:40,5973
2018-04-01 08:45,5972
2018-04-01 08:50,6040
2018-04-01 08:55,6068
2018-04-01 09:00,6133
2018-04-01 09:05,6234
2018-04-01 09:10,6280
2018-04-01 09:15,6306
2018-04-01 09:20,6350
2018-04-01 09:25,6449
2018-04-01 09:30,6559
2018-04-01 09:35,6586
2018-04-01 09:40,6624
2018-04-01 09:45,6676
2018-04-01 09:50,6739
2018-04-01 09:55,6762
2018-04-01 10:00,6789
2018-04-01 10:05,6867
2018-04-01 10:10,6923
2018-04-01 10:15,6959
2018-04-01 10:20,7008
2018-04-01 10:25,7065
2018-04-01 10:30,7117
2018-04-01 10:35,
2018-04-01 10:40,7204
2018-04-01 10:45,7234
2018-04-01 10:50,7309
2018-04-01 10:55,7397
2018-04-01 11:00,7487
2018-04-01 11:05,7543
2018-04-01 11:10,7555
2018-04-01 11:15,7636
2018-04-01 11:20,7671
2018-04-01 11:25,7705
2018-04-01 11:30,7774
2018-04-01 11:35,7903
2018-04-01 11:40,7946
2018-04-01 11:45,7978
2018-04-01 11:50,8005
2018-04-01 11:55,8105
2018-04-01 12:00,8180
2018-04-01 12:05,8179
2018-04-01 12:10,8287
2018-04-01 12:15,8437
2018-04-01 12:20,8506
2018-04-01 12:25,8563
2018-04-01 12:30,8668
2018-04-01 12:35,8720
2018-04-01 12:40,8754
2018-04-01 12:45,8807
2018-04-01 12:50,8931
2018-04-01 12:55,9050
2018-04-01 13:00,9108
2018-04-01 13:05,9207
2018-04-01 13:10,9340
2018-04-01 13:15,9399
2018-04-01 13:20,9415
2018-04-01 13:25,9546
2018-04-01 13:30,9617
2018-04-01 13:35,9739
2018-04-01 13:40,9879
2018-04-01 13:45,9934
2018-04-01 13:50,10114
2018-04-01 13:55,10167
2018-04-01 14:00,10230
2018-04-01 14:05,10356
2018-04-01 14:10,10423
2018-04-01 14:15,10508
2018-04-01 14:20,10618
2018-04-01 14:25,10686
2018-04-01 14:30,10736
2018-04-01 14:35,10833
2018-04-01 14:40,10890
2018-04-01 14:45,10927
2018-04-01 14:50,11031
2018-04-01 14:55,11016
2018-04-01 15:00,11093
2018-04-01 15:05,11178
2018-04-01 15:10,11263
2018-04-01 15:15,11340
2018-04-01 15:20,11463
2018-04-01 15:25,11465
2018-04-01 15:30,11491
2018-04-01 15:35,11588
2018-04-01 15:40,11689
2018-04-01 15:45,11704
2018-04-01 15:50,11759
2018-04-01 15:55,11806
2018-04-01 16:00,11838
2018-04-01 16:05,11936
2018-04-01 16:10,11990
2018-04-01 16:15,12117
2018-04-01 16:20,12163
2018-04-01 16:25,12217
2018-04-01 16:30,12251
2018-04-01 16:35,12381
2018-04-01 16:40,12448
2018-04-01 16:45,12486
2018-04-01 16:50,12631
2018-04-01 16:55,12839
2018-04-01 17:00,13031
2018-04-01 17:05,13132
2018-04-01 17:10,13357
2018-04-01 17:15,13547
2018-04-01 17:20,13969
2018-04-01 17:25,14341
2018-04-01 17:30,14612
2018-04-01 17:35,14992
2018-04-01 17:40,15241
2018-04-01 17:45,15452
2018-04-01 17:50,15691
2018-04-01 17:55,15889
2018-04-01 18:00,16033
2018-04-01 18:05,16150
2018-04-01 18:10,16213
2018-04-01 18:15,16288
2018-04-01 18:20,16427
2018-04-01 18:25,16510
2018-04-01 18:30,16593
2018-04-01 18:35,16840
2018-04-01 18:40,16938
2018-04-01 18:45,16991
2018-04-01 18:50,17098
2018-04-01 18:55,17142
2018-04-01 19:00,17170
2018-04-01 19:05,17211
2018-04-01 19:10,17264
2018-04-01 19:15,17255
2018-04-01 19:20,17236
2018-04-01 19:25,17253
2018-04-01 19:30,17211
2018-04-01 19:35,17206
2018-04-01 19:40,17275
2018-04-01 19:45,17291
2018-04-01 19:50,17269
2018-04-01 19:55,17261
2018-04-01 20:00,17338
2018-04-01 20:05,17431
2018-04-01 20:10,17416
2018-04-01 20:15,17408
2018-04-01 20:20,17334
2018-04-01 20:25,17307
2018-04-01 20:30,17188
2018-04-01 20:35,17131
2018-04-01 20:40,17116
2018-04-01 20:45,17016
2018-04-01 20:50,17048
2018-04-01 20:55,16968
2018-04-01 21:00,16746
2018-04-01 21:05,16655
2018-04-01 21:10,16651
2018-04-01 21:15,16633
2018-04-01 21:20,16556
2018-04-01 21:25,16442
2018-04-01 21:30,16331
2018-04-01 21:35,16252
2018-04-01 21:40,16130
2018-04-01 21:45,15941
2018-04-01 21:50,15863
2018-04-01 21:55,15736
2018-04-01 22:00,15805
2018-04-01 22:05,15606
2018-04-01 22:10,15423
2018-04-01 22:15,15244
2018-04-01 22:20,15056
2018-04-01 22:25,15114
2018-04-01 22:30,
2018-04-01 22:35,14829
2018-04-01 22:40,14702
2018-04-01 22:45,14544
2018-04-01 22:50,14426
2018-04-01 22:55,14281
2018-04-01 23:00,14160
2018-04-01 23:05,14082
2018-04-01 23:10,13934
2018-04-01 23:15,13801
2018-04-01 23:20,13627
2018-04-01 23:25,13511
2018-04-01 23:30,13541
2018-04-01 23:35,13407
2018-04-01 23:40,13270
2018-04-01 23:45,13200
2018-04-01 23:50,13081
2018-04-01 23:55,13036
2018-04-02 00:00,12971
2018-04-02 00:05,12849
2018-04-02 00:10,12664
2018-04-02 00:15,12675
2018-04-02 00:20,12659
2018-04-02 00:25,12649
2018-04-02 00:30,12477
2018-04-02 00:35,12425
2018-04-02 00:40,12326
2018-04-02 00:45,12269
2018-04-02 00:50,12125
2018-04-02 00:55,12100
2018-04-02 01:00,12110
2018-04-02 01:05,11929
2018-04-02 01:10,11564
2018-04-02 01:15,11343
2018-04-02 01:20,11182
2018-04-02 01:25,11051
2018-04-02 01:30,10903
2018-04-02 01:35,10736
2018-04-02 01:40,10590
2018-04-02 01:45,10434
2018-04-02 01:50,10359
2018-04-02 01:55,10228
2018-04-02 02:00,10045
2018-04-02 02:05,10014
2018-04-02 02:10,9864
2018-04-02 02:15,9720
2018-04-02 02:20,9625
2018-04-02 02:25,9560
2018-04-02 02:30,9452
2018-04-02 02:35,9413
2018-04-02 02:40,9423
2018-04-02 02:45,9289
2018-04-02 02:50,9192
2018-04-02 02:55,9145
2018-04-02 03:00,9069
2018-04-02 03:05,8891
2018-04-02 03:10,8810
2018-04-02 03:15,8716
2018-04-02 03:20,8595
2018-04-02 03:25,8455
2018-04-02 03:30,8390
2018-04-02 03:35,8277
2018-04-02 03:40,8154
2018-04-02 03:45,8041
2018-04-02 03:50,7982
2018-04-02 03:55,7898
2018-04-02 04:00,7809
2018-04-02 04:05,7741
2018-04-02 04:10,7663
2018-04-02 04:15,7589
2018-04-02 04:20,7432
2018-04-02 04:25,7310
2018-04-02 04:30,7228
2018-04-02 04:35,7074
2018-04-02 04:40,6952
2018-04-02 04:45,6895
2018-04-02 04:50,6800
2018-04-02 04:55,6674
2018-04-02 05:00,6585
2018-04-02 05:05,6528
2018-04-02 05:10,6357
2018-04-02 05:15,6247
2018-04-02 05:20,6134
2018-04-02 05:25,6057
2018-04-02 05:30,5988
2018-04-02 05:35,5864
2018-04-02 05:40,5797
2018-04-02 05:45,5700
2018-04-02 05:50,5582
2018-04-02 05:55,5475
2018-04-02 06:00,5412
2018-04-02 06:05,5306
2018-04-02 06:10,5254
2018-04-02 06:15,5181
2018-04-02 06:20,5103
2018-04-02 06:25,5010
2018-04-02 06:30,4951
2018-04-02 06:35,4895
2018-04-02 06:40,4820
2018-04-02 06:45,4774
2018-04-02 06:50,4787
2018-04-02 06:55,4731
2018-04-02 07:00,4721
2018-04-02 07:05,4640
2018-04-02 07:10,4590
2018-04-02 07:15,4547
2018-04-02 07:20,4531
2018-04-02 07:25,4547
2018-04-02 07:30,4538
2018-04-02 07:35,4490
2018-04-02 07:40,4495
2018-04-02 07:45,4459
2018-04-02 07:50,4438
2018-04-02 07:55,4449
2018-04-02 08:00,4432
2018-04-02 08:05,4430
2018-04-02 08:10,4482
2018-04-02 08:15,4518
2018-04-02 08:20,4530
2018-04-02 08:25,4567
2018-04-02 08:30,4595
2018-04-02 08:35,4652
2018-04-02 08:40,4726
2018-04-02 08:45,4768
2018-04-02 08:50,4816
2018-04-02 08:55,4857
2018-04-02 09:00,4874
2018-04-02 09:05,4964
2018-04-02 09:10,5050
2018-04-02 09:15,5155
2018-04-02 09:20,5199
2018-04-02 09:25,5244
2018-04-02 09:30,5322
2018-04-02 09:35,5406
2018-04-02 09:40,5509
2018-04-02 09:45,5560
2018-04-02 09:50,5615
2018-04-02 09:55,5728
2018-04-02 10:00,5822
2018-04-02 10:05,5880
2018-04-02 10:10,5973
2018-04-02 10:15,6009
2018-04-02 10:20,6043
2018-04-02 10:25,6103
2018-04-02 10:30,6140
2018-04-02 10:35,6181
2018-04-02 10:40,6258
2018-04-02 10:45,6294
2018-04-02 10:50,6373
2018-04-02 10:55,6400
2018-04-02 11:00,6472
2018-04-02 11:05,6548
2018-04-02 11:10,6593
2018-04-02 11:15,6703
2018-04-02 11:20,6753
2018-04-02 11:25,6811
2018-04-02 11:30,6862
2018-04-02 11:35,6950
2018-04-02 11:40,7003
2018-04-02 11:45,7112
2018-04-02 11:50,7153
2018-04-02 11:55,7293
2018-04-02 12:00,7346
2018-04-02 12:05,7384
2018-04-02 12:10,7448
2018-04-02 12:15,7528
2018-04-02 12:20,7635
2018-04-02 12:25,7683
2018-04-02 12:30,7804
2018-04-02 12:35,7880
2018-04-02 12:40,8018
2018-04-02 12:45,8143
2018-04-02 12:50,8164
2018-04-02 12:55,8222
2018-04-02 13:00,8315
2018-04-02 13:05,8402
2018-04-02 13:10,8521
2018-04-02 13:15,8577
2018-04-02 13:20,8679
2018-04-02 13:25,8726
2018-04-02 13:30,8830
2018-04-02 13:35,8924
2018-04-02 13:40,9093
2018-04-02 13:45,9197
2018-04-02 13:50,9272
2018-04-02 13:55,9350
2018-04-02 14:00,9408
2018-04-02 14:05,9501
2018-04-02 14:10,9591
2018-04-02 14:15,9672
2018-04-02 14:20,9666
2018-04-02 14:25,9318
2018-04-02 14:30,9506
2018-04-02 14:35,9638
2018-04-02 14:40,9884
2018-04-02 14:45,10059
2018-04-02 14:50,10198
2018-04-02 14:55,10292
2018-04-02 15:00,10337
2018-04-02 15:05,10442
2018-04-02 15:10,10508
2018-04-02 15:15,0
2018-04-02 15:20,10647
2018-04-02 15:25,10656
2018-04-02 15:30,10756
2018-04-02 15:35,10831
2018-04-02 15:40,10872
2018-04-02 15:45,10929
2018-04-02 15:50,10984
2018-04-02 15:55,11095
2018-04-02 16:00,11105
2018-04-02 16:05,11120
2018-04-02 16:10,11132
2018-04-02 16:15,11124
2018-04-02 16:20,11171
2018-04-02 16:25,11221
2018-04-02 16:30,11295
2018-04-02 16:35,11394
2018-04-02 16:40,11570
2018-04-02 16:45,11692
2018-04-02 16:50,11788
2018-04-02 16:55,11769
2018-04-02 17:00,11924
2018-04-02 17:05,12051
2018-04-02 17:10,12051
2018-04-02 17:15,12281
2018-04-02 17:20,12386
2018-04-02 17:25,12505
2018-04-02 17:30,12594
2018-04-02 17:35,12740
2018-04-02 17:40,12795
2018-04-02 17:45,12785
2018-04-02 17:50,12880
2018-04-02 17:55,13020
2018-04-02 18:00,13109
2018-04-02 18:05,13234
2018-04-02 18:10,13263
2018-04-02 18:15,13319
2018-04-02 18:20,13407
2018-04-02 18:25,13529
2018-04-02 18:30,13650
2018-04-02 18:35,13718
2018-04-02 18:40,13780
2018-04-02 18:45,13770
2018-04-02 18:50,13817
2018-04-02 18:55,13831
2018-04-02 19:00,13836
2018-04-02 19:05,13837
2018-04-02 19:10,13898
2018-04-02 19:15,13918
2018-04-02 19:20,13922
2018-04-02 19:25,13979
2018-04-02 19:30,14078
2018-04-02 19:35,14107
2018-04-02 19:40,14066
2018-04-02 19:45,14093
2018-04-02 19:50,14000
2018-04-02 19:55,13970
2018-04-02 20:00,13896
2018-04-02 20:05,13844
2018-04-02 20:10,13793
2018-04-02 20:15,13736
2018-04-02 20:20,13678
2018-04-02 20:25,13589
2018-04-02 20:30,13539
2018-04-02 20:35,13514
2018-04-02 20:40,13393
2018-04-02 20:45,13202
2018-04-02 20:50,13067
2018-04-02 20:55,12912
2018-04-02 21:00,12807
2018-04-02 21:05,12620
2018-04-02 21:10,12469
2018-04-02 21:15,12400
2018-04-02 21:20,12293
2018-04-02 21:25,12144
2018-04-02 21:30,11965
2018-04-02 21:35,11846
2018-04-02 21:40,11709
2018-04-02 21:45,11671
2018-04-02 21:50,11629
2018-04-02 21:55,11557
2018-04-02 22:00,11461
2018-04-02 22:05,11323
2018-04-02 22:10,11258
2018-04-02 22:15,11202
2018-04-02 22:20,11147
2018-04-02 22:25,11054
2018-04-02 22:30,10963
2018-04-02 22:35,10831
2018-04-02 22:40,10753
2018-04-02 22:45,10713
2018-04-02 22:50,10670
2018-04-02 22:55,10558
2018-04-02 23:00,10503
2018-04-02 23:05,10397
2018-04-02 23:10,10320
2018-04-02 23:15,10219
2018-04-02 23:20,10128
2018-04-02 23:25,10109
2018-04-02 23:30,10076
2018-04-02 23:35,10037
2018-04-02 23:40,9966
2018-04-02 23:45,9912
2018-04-02 23:50,9856
2018-04-02 23:55,9817
2018-04-03 00:00,9706
2018-04-03 00:05,9711
2018-04-03 00:10,9668
2018-04-03 00:15,9600
2018-04-03 00:20,9592
2018-04-03 00:25,9621
2018-04-03 00:30,9544
2018-04-03 00:35,9532
2018-04-03 00:40,9528
2018-04-03 00:45,9545
2018-04-03 00:50,9552
2018-04-03 00:55,9479
2018-04-03 01:00,9456
2018-04-03 01:05,9394
2018-04-03 01:10,9380
2018-04-03 01:15,9328
2018-04-03 01:20,9276
2018-04-03 01:25,9302
2018-04-03 01:30,9261
2018-04-03 01:35,9192
2018-04-03 01:40,9193
2018-04-03 01:45,9109
2018-04-03 01:50,9070
2018-04-03 01:55,9068
2018-04-03 02:00,8987
2018-04-03 02:05,8913
2018-04-03 02:10,8876
2018-04-03 02:15,8854
2018-04-03 02:20,8795
2018-04-03 02:25,8705
2018-04-03 02:30,8638
2018-04-03 02:35,8560
2018-04-03 02:40,8504
2018-04-03 02:45,8441
2018-04-03 02:50,8315
2018-04-03 02:55,8205
2018-04-03 03:00,8089
2018-04-03 03:05,8025
2018-04-03 03:10,7981
2018-04-03 03:15,7851
2018-04-03 03:20,7819
2018-04-03 03:25,7744
2018-04-03 03:30,7668
2018-04-03 03:35,7545
2018-04-03 03:40,7491
2018-04-03 03:45,7427
2018-04-03 03:50,7321
2018-04-03 03:55,7198
2018-04-03 04:00,7077
2018-04-03 04:05,7027
2018-04-03 04:10,6911
2018-04-03 04:15,6780
2018-04-03 04:20,6732
2018-04-03 04:25,6610
2018-04-03 04:30,6480
2018-04-03 04:35,6329
2018-04-03 04:40,6249
2018-04-03 04:45,6155
2018-04-03 04:50,6112
2018-04-03 04:55,5956
2018-04-03 05:00,5881
2018-04-03 05:05,5780
2018-04-03 05:10,5718
2018-04-03 05:15,5572
2018-04-03 05:20,5506
2018-04-03 05:25,5456
2018-04-03 05:30,5298
2018-04-03 05:35,5210
2018-04-03 05:40,5151
2018-04-03 05:45,5079
2018-04-03 05:50,5000
2018-04-03 05:55,4905
2018-04-03 06:00,4834
2018-04-03 06:05,4754
2018-04-03 06:10,4714
2018-04-03 06:15,4674
2018-04-03 06:20,4639
2018-04-03 06:25,4582
2018-04-03 06:30,4472
2018-04-03 06:35,4413
2018-04-03 06:40,4365
2018-04-03 06:45,4322
2018-04-03 06:50,4341
2018-04-03 06:55,4263
2018-04-03 07:00,4217
2018-04-03 07:05,4154
2018-04-03 07:10,4136
2018-04-03 07:15,4084
2018-04-03 07:20,4076
2018-04-03 07:25,4093
2018-04-03 07:30,3999
2018-04-03 07:35,3982
2018-04-03 07:40,3937
2018-04-03 07:45,3928
2018-04-03 07:50,3919
2018-04-03 07:55,3932
2018-04-03 08:00,3965
2018-04-03 08:05,3943
2018-04-03 08:10,3985
2018-04-03 08:15,4035
2018-04-03 08:20,4077
2018-04-03 08:25,4084
2018-04-03 08:30,4076
2018-04-03 08:35,4091
2018-04-03 08:40,4093
2018-04-03 08:45,4105
2018-04-03 08:50,4181
2018-04-03 08:55,4214
2018-04-03 09:00,4249
2018-04-03 09:05,4352
2018-04-03 09:10,4428
2018-04-03 09:15,4518
2018-04-03 09:20,4624
2018-04-03 09:25,4635
2018-04-03 09:30,4743
2018-04-03 09:35,4803
2018-04-03 09:40,4862
2018-04-03 09:45,4896
2018-04-03 09:50,4946
2018-04-03 09:55,5032
2018-04-03 10:00,5107
2018-04-03 10:05,5159
2018-04-03 10:10,5222
2018-04-03 10:15,5287
2018-04-03 10:20,5340
2018-04-03 10:25,5418
2018-04-03 10:30,5425
2018-04-03 10:35,5480
2018-04-03 10:40,5496
2018-04-03 10:45,5523
2018-04-03 10:50,5571
2018-04-03 10:55,5608
2018-04-03 11:00,5652
2018-04-03 11:05,5690
2018-04-03 11:10,5751
2018-04-03 11:15,5792
2018-04-03 11:20,5793
2018-04-03 11:25,5834
2018-04-03 11:30,5853
2018-04-03 11:35,5928
2018-04-03 11:40,5956
2018-04-03 11:45,5980
2018-04-03 11:50,6022
2018-04-03 11:55,6063
2018-04-03 12:00,6128
2018-04-03 12:05,6196
2018-04-03 12:10,6288
2018-04-03 12:15,6361
2018-04-03 12:20,6452
2018-04-03 12:25,6540
2018-04-03 12:30,6644
2018-04-03 12:35,6676
2018-04-03 12:40,6726
2018-04-03 12:45,6818
2018-04-03 12:50,6872
2018-04-03 12:55,6988
2018-04-03 13:00,7111
2018-04-03 13:05,7244
2018-04-03 13:10,7296
2018-04-03 13:15,7429
2018-04-03 13:20,7533
2018-04-03 13:25,7604
2018-04-03 13:30,7658
2018-04-03 13:35,7760
2018-04-03 13:40,7873
2018-04-03 13:45,8014
2018-04-03 13:50,8061
2018-04-03 13:55,8106
2018-04-03 14:00,8234
2018-04-03 14:05,8364
2018-04-03 14:10,8457
2018-04-03 14:15,8538
2018-04-03 14:20,8638
2018-04-03 14:25,8686
2018-04-03 14:30,8748
2018-04-03 14:35,8839
2018-04-03 14:40,8934
2018-04-03 14:45,9007
2018-04-03 14:50,9081
2018-04-03 14:55,9192
2018-04-03 15:00,9247
2018-04-03 15:05,9301
2018-04-03 15:10,9353
2018-04-03 15:15,9403
2018-04-03 15:20,9486
2018-04-03 15:25,9527
2018-04-03 15:30,9588
2018-04-03 15:35,9677
2018-04-03 15:40,9731
2018-04-03 15:45,9811
2018-04-03 15:50,9956
2018-04-03 15:55,10059
2018-04-03 16:00,10088
2018-04-03 16:05,10209
2018-04-03 16:10,10346
2018-04-03 16:15,10444
2018-04-03 16:20,10490
2018-04-03 16:25,10550
2018-04-03 16:30,10679
2018-04-03 16:35,10767
2018-04-03 16:40,10855
2018-04-03 16:45,10992
2018-04-03 16:50,11117
2018-04-03 16:55,11202
2018-04-03 17:00,11338
2018-04-03 17:05,11496
2018-04-03 17:10,11697
2018-04-03 17:15,11899
2018-04-03 17:20,11998
2018-04-03 17:25,12161
2018-04-03 17:30,12771
2018-04-03 17:35,13099
2018-04-03 17:40,13398
2018-04-03 17:45,13614
2018-04-03 17:50,13680
2018-04-03 17:55,13803
2018-04-03 18:00,13914
2018-04-03 18:05,14014
2018-04-03 18:10,14166
2018-04-03 18:15,14224
2018-04-03 18:20,14281
2018-04-03 18:25,14345
2018-04-03 18:30,14379
2018-04-03 18:35,14570
2018-04-03 18:40,14699
2018-04-03 18:45,14809
2018-04-03 18:50,14882
2018-04-03 18:55,14970
2018-04-03 19:00,15066
2018-04-03 19:05,15135
2018-04-03 19:10,15101
2018-04-03 19:15,15065
2018-04-03 19:20,15087
2018-04-03 19:25,15074
2018-04-03 19:30,15083
2018-04-03 19:35,15032
2018-04-03 19:40,15037
2018-04-03 19:45,15018
2018-04-03 19:50,15000
2018-04-03 19:55,15128
2018-04-03 20:00,15128
2018-04-03 20:05,15009
2018-04-03 20:10,14957
2018-04-03 20:15,14905
2018-04-03 20:20,14890
2018-04-03 20:25,14799
2018-04-03 20:30,14753
2018-04-03 20:35,14822
2018-04-03 20:40,14742
2018-04-03 20:45,14693
2018-04-03 20:50,14638
2018-04-03 20:55,14483
2018-04-03 21:00,14353
2018-04-03 21:05,14233
2018-04-03 21:10,14169
2018-04-03 21:15,14035
2018-04-03 21:20,0
2018-04-03 21:25,13880
2018-04-03 21:30,13798
2018-04-03 21:35,13737
2018-04-03 21:40,13654
2018-04-03 21:45,13491
2018-04-03 21:50,13353
2018-04-03 21:55,13238
2018-04-03 22:00,13088
2018-04-03 22:05,12981
2018-04-03 22:10,12920
2018-04-03 22:15,12666
2018-04-03 22:20,12281
2018-04-03 22:25,12082
2018-04-03 22:30,11907
2018-04-03 22:35,11730
2018-04-03 22:40,11552
2018-04-03 22:45,11344
2018-04-03 22:50,11267
2018-04-03 22:55,11143
2018-04-03 23:00,11038
2018-04-03 23:05,11023
2018-04-03 23:10,10971
2018-04-03 23:15,0
2018-04-03 23:20,8977
2018-04-03 23:25,10320
2018-04-03 23:30,10426
2018-04-03 23:35,10335
2018-04-03 23:40,10319
2018-04-03 23:45,10215
2018-04-03 23:50,10156
2018-04-03 23:55,10108
2018-04-04 00:00,10020
2018-04-04 00:05,9955
2018-04-04 00:10,9914
2018-04-04 00:15,9900
2018-04-04 00:20,9804
2018-04-04 00:25,9751
2018-04-04 00:30,9752
2018-04-04 00:35,9741
2018-04-04 00:40,9714
2018-04-04 00:45,9689
2018-04-04 00:50,9638
2018-04-04 00:55,9635
2018-04-04 01:00,9646
2018-04-04 01:05,9586
2018-04-04 01:10,9585
2018-04-04 01:15,9588
2018-04-04 01:20,9522
2018-04-04 01:25,9493
2018-04-04 01:30,9481
2018-04-04 01:35,9421
2018-04-04 01:40,9359
2018-04-04 01:45,9303
2018-04-04 01:50,9257
2018-04-04 01:55,9232
2018-04-04 02:00,9128
2018-04-04 02:05,9002
2018-04-04 02:10,8991
2018-04-04 02:15,8889
2018-04-04 02:20,8894
2018-04-04 02:25,8804
2018-04-04 02:30,8756
2018-04-04 02:35,8714
2018-04-04 02:40,8637
2018-04-04 02:45,8588
2018-04-04 02:50,8536
2018-04-04 02:55,8405
2018-04-04 03:00,8381
2018-04-04 03:05,8306
2018-04-04 03:10,8177
2018-04-04 03:15,8063
2018-04-04 03:20,7938
2018-04-04 03:25,7853
2018-04-04 03:30,7717
2018-04-04 03:35,7617
2018-04-04 03:40,7538
2018-04-04 03:45,7406
2018-04-04 03:50,7308
2018-04-04 03:55,7188
2018-04-04 04:00,7030
2018-04-04 04:05,6896
2018-04-04 04:10,6783
2018-04-04 04:15,6680
2018-04-04 04:20,6548
2018-04-04 04:25,6483
2018-04-04 04:30,6377
2018-04-04 04:35,6272
2018-04-04 04:40,6191
2018-04-04 04:45,6119
2018-04-04 04:50,6060
2018-04-04 04:55,5966
2018-04-04 05:00,5836
2018-04-04 05:05,5729
2018-04-04 05:10,5618
2018-04-04 05:15,5572
2018-04-04 05:20,5463
2018-04-04 05:25,5420
2018-04-04 05:30,5287
2018-04-04 05:35,5187
2018-04-04 05:40,5122
2018-04-04 05:45,5047
2018-04-04 05:50,4977
2018-04-04 05:55,4949
2018-04-04 06:00,4887
2018-04-04 06:05,4819
2018-04-04 06:10,4749
2018-04-04 06:15,4675
2018-04-04 06:20,4636
2018-04-04 06:25,4536
2018-04-04 06:30,4513
2018-04-04 06:35,4461
2018-04-04 06:40,4374
2018-04-04 06:45,4322
2018-04-04 06:50,4290
2018-04-04 06:55,4214
2018-04-04 07:00,4197
2018-04-04 07:05,4165
2018-04-04 07:10,4118
2018-04-04 07:15,4091
2018-04-04 07:20,4075
2018-04-04 07:25,4066
2018-04-04 07:30,4073
2018-04-04 07:35,4051
2018-04-04 07:40,4052
2018-04-04 07:45,4075
2018-04-04 07:50,4053
2018-04-04 07:55,4077
2018-04-04 08:00,4040
2018-04-04 08:05,4048
2018-04-04 08:10,4088
2018-04-04 08:15,4030
2018-04-04 08:20,4056
2018-04-04 08:25,4031
2018-04-04 08:30,4058
2018-04-04 08:35,4072
2018-04-04 08:40,4104
2018-04-04 08:45,4099
2018-04-04 08:50,4136
2018-04-04 08:55,4147
2018-04-04 09:00,4162
2018-04-04 09:05,4226
2018-04-04 09:10,4267
2018-04-04 09:15,4331
2018-04-04 09:20,4401
2018-04-04 09:25,4448
2018-04-04 09:30,4490
2018-04-04 09:35,4556
2018-04-04 09:40,4598
2018-04-04 09:45,4604
2018-04-04 09:50,4681
2018-04-04 09:55,4736
2018-04-04 10:00,4806
2018-04-04 10:05,4853
2018-04-04 10:10,4890
2018-04-04 10:15,4943
2018-04-04 10:20,4964
2018-04-04 10:25,4989
2018-04-04 10:30,5072
2018-04-04 10:35,5126
2018-04-04 10:40,5131
2018-04-04 10:45,5201
2018-04-04 10:50,5255
2018-04-04 10:55,5269
2018-04-04 11:00,5313
2018-04-04 11:05,5369
2018-04-04 11:10,5432
2018-04-04 11:15,5519
2018-04-04 11:20,5629
2018-04-04 11:25,5632
2018-04-04 11:30,5702
2018-04-04 11:35,5721
2018-04-04 11:40,5839
2018-04-04 11:45,5901
2018-04-04 11:50,5981
2018-04-04 11:55,6046
2018-04-04 12:00,6103
2018-04-04 12:05,6212
2018-04-04 12:10,6331
2018-04-04 12:15,6385
2018-04-04 12:20,6474
2018-04-04 12:25,6496
2018-04-04 12:30,6575
2018-04-04 12:35,6626
2018-04-04 12:40,6670
2018-04-04 12:45,6716
2018-04-04 12:50,6764
2018-04-04 12:55,6900
2018-04-04 13:00,7002
2018-04-04 13:05,7064
2018-04-04 13:10,7167
2018-04-04 13:15,7246
2018-04-04 13:20,7333
2018-04-04 13:25,7414
2018-04-04 13:30,7501
2018-04-04 13:35,7597
2018-04-04 13:40,7703
2018-04-04 13:45,7815
2018-04-04 13:50,7876
2018-04-04 13:55,7976
2018-04-04 14:00,8100
2018-04-04 14:05,8144
2018-04-04 14:10,8259
2018-04-04 14:15,8335
2018-04-04 14:20,8405
2018-04-04 14:25,8416
2018-04-04 14:30,8484
2018-04-04 14:35,8564
2018-04-04 14:40,8610
2018-04-04 14:45,8671
2018-04-04 14:50,8762
2018-04-04 14:55,8825
2018-04-04 15:00,8857
2018-04-04 15:05,8838
2018-04-04 15:10,8950
2018-04-04 15:15,9028
2018-04-04 15:20,9105
2018-04-04 15:25,9216
2018-04-04 15:30,9240
2018-04-04 15:35,9311
2018-04-04 15:40,9418
2018-04-04 15:45,9450
2018-04-04 15:50,9523
2018-04-04 15:55,9672
2018-04-04 16:00,9737
2018-04-04 16:05,9810
2018-04-04 16:10,9929
2018-04-04 16:15,10024
2018-04-04 16:20,10049
2018-04-04 16:25,10158
2018-04-04 16:30,10293
2018-04-04 16:35,10372
2018-04-04 16:40,10520
2018-04-04 16:45,10467
2018-04-04 16:50,10541
2018-04-04 16:55,10561
2018-04-04 17:00,10658
2018-04-04 17:05,10763
2018-04-04 17:10,10848
2018-04-04 17:15,10916
2018-04-04 17:20,11091
2018-04-04 17:25,11163
2018-04-04 17:30,11279
2018-04-04 17:35,11421
2018-04-04 17:40,11588
2018-04-04 17:45,11643
2018-04-04 17:50,11701
2018-04-04 17:55,11708
2018-04-04 18:00,11843
2018-04-04 18:05,11915
2018-04-04 18:10,12050
2018-04-04 18:15,12160
2018-04-04 18:20,12266
2018-04-04 18:25,12377
2018-04-04 18:30,12490
2018-04-04 18:35,12539
2018-04-04 18:40,12625
2018-04-04 18:45,12454
2018-04-04 18:50,12305
2018-04-04 18:55,12411
2018-04-04 19:00,12305
2018-04-04 19:05,12630
2018-04-04 19:10,12691
2018-04-04 19:15,12612
2018-04-04 19:20,12589
2018-04-04 19:25,12525
2018-04-04 19:30,12466
2018-04-04 19:35,12455
2018-04-04 19:40,12439
2018-04-04 19:45,12442
2018-04-04 19:50,12380
2018-04-04 19:55,12230
2018-04-04 20:00,12213
2018-04-04 20:05,12122
2018-04-04 20:10,12072
2018-04-04 20:15,11996
2018-04-04 20:20,12036
2018-04-04 20:25,12041
2018-04-04 20:30,12069
2018-04-04 20:35,12088
2018-04-04 20:40,12108
2018-04-04 20:45,12072
2018-04-04 20:50,12010
2018-04-04 20:55,11949
2018-04-04 21:00,11934
2018-04-04 21:05,12200
2018-04-04 21:10,11672
2018-04-04 21:15,11297
2018-04-04 21:20,11581
2018-04-04 21:25,11718
2018-04-04 21:30,11805
2018-04-04 21:35,11899
2018-04-04 21:40,11914
2018-04-04 21:45,11960
2018-04-04 21:50,11975
2018-04-04 21:55,11988
2018-04-04 22:00,11954
2018-04-04 22:05,11814
2018-04-04 22:10,11960
2018-04-04 22:15,12040
2018-04-04 22:20,12058
2018-04-04 22:25,12099
2018-04-04 22:30,
2018-04-04 22:35,11995
2018-04-04 22:40,11935
2018-04-04 22:45,11883
2018-04-04 22:50,11845
2018-04-04 22:55,11778
2018-04-04 23:00,11686
2018-04-04 23:05,11686
2018-04-04 23:10,11537
2018-04-04 23:15,11645
2018-04-04 23:20,11630
2018-04-04 23:25,11629
2018-04-04 23:30,11541
2018-04-04 23:35,11530
2018-04-04 23:40,11464
2018-04-04 23:45,11407
2018-04-04 23:50,11335
2018-04-04 23:55,11278
2018-04-05 00:00,11252
2018-04-05 00:05,11236
2018-04-05 00:10,11128
2018-04-05 00:15,11069
2018-04-05 00:20,11061
2018-04-05 00:25,11051
2018-04-05 00:30,10995
2018-04-05 00:35,10959
2018-04-05 00:40,10938
2018-04-05 00:45,10911
2018-04-05 00:50,10900
2018-04-05 00:55,10831
2018-04-05 01:00,10786
2018-04-05 01:05,10723
2018-04-05 01:10,10652
2018-04-05 01:15,10569
2018-04-05 01:20,10565
2018-04-05 01:25,10500
2018-04-05 01:30,10469
2018-04-05 01:35,10432
2018-04-05 01:40,10357
2018-04-05 01:45,10393
2018-04-05 01:50,10339
2018-04-05 01:55,10315
2018-04-05 02:00,10305
2018-04-05 02:05,10236
2018-04-05 02:10,10172
2018-04-05 02:15,10174
2018-04-05 02:20,10167
2018-04-05 02:25,10144
2018-04-05 02:30,10091
2018-04-05 02:35,9854
2018-04-05 02:40,9672
2018-04-05 02:45,9530
2018-04-05 02:50,9405
2018-04-05 02:55,9250
2018-04-05 03:00,9139
2018-04-05 03:05,8947
2018-04-05 03:10,8803
2018-04-05 03:15,8641
2018-04-05 03:20,8419
2018-04-05 03:25,8347
2018-04-05 03:30,8212
2018-04-05 03:35,8112
2018-04-05 03:40,8067
2018-04-05 03:45,7964
2018-04-05 03:50,7801
2018-04-05 03:55,7702
2018-04-05 04:00,7608
2018-04-05 04:05,7516
2018-04-05 04:10,7429
2018-04-05 04:15,7330
2018-04-05 04:20,7192
2018-04-05 04:25,7097
2018-04-05 04:30,7025
2018-04-05 04:35,6905
2018-04-05 04:40,6755
2018-04-05 04:45,6617
2018-04-05 04:50,6524
2018-04-05 04:55,6450
2018-04-05 05:00,6356
2018-04-05 05:05,6237
2018-04-05 05:10,6090
2018-04-05 05:15,5939
2018-04-05 05:20,5877
2018-04-05 05:25,5742
2018-04-05 05:30,5626
2018-04-05 05:35,5568
2018-04-05 05:40,5487
2018-04-05 05:45,5411
2018-04-05 05:50,5343
2018-04-05 05:55,5257
2018-04-05 06:00,5191
2018-04-05 06:05,5104
2018-04-05 06:10,5013
2018-04-05 06:15,4939
2018-04-05 06:20,4897
2018-04-05 06:25,4833
2018-04-05 06:30,4735
2018-04-05 06:35,4696
2018-04-05 06:40,4641
2018-04-05 06:45,4614
2018-04-05 06:50,4524
2018-04-05 06:55,4467
2018-04-05 07:00,4387
2018-04-05 07:05,4361
2018-04-05 07:10,4313
2018-04-05 07:15,4254
2018-04-05 07:20,4202
2018-04-05 07:25,4214
2018-04-05 07:30,4231
2018-04-05 07:35,4228
2018-04-05 07:40,4219
2018-04-05 07:45,4206
2018-04-05 07:50,4202
2018-04-05 07:55,4209
2018-04-05 08:00,4243
2018-04-05 08:05,4225
2018-04-05 08:10,4244
2018-04-05 08:15,4290
2018-04-05 08:20,4295
2018-04-05 08:25,4295
2018-04-05 08:30,4329
2018-04-05 08:35,4346
2018-04-05 08:40,4402
2018-04-05 08:45,4408
2018-04-05 08:50,4414
2018-04-05 08:55,4462
2018-04-05 09:00,4474
2018-04-05 09:05,4536
2018-04-05 09:10,4636
2018-04-05 09:15,4684
2018-04-05 09:20,4666
2018-04-05 09:25,4729
2018-04-05 09:30,4743
2018-04-05 09:35,4766
2018-04-05 09:40,4813
2018-04-05 09:45,4861
2018-04-05 09:50,4863
2018-04-05 09:55,4907
2018-04-05 10:00,4933
2018-04-05 10:05,4971
2018-04-05 10:10,5016
2018-04-05 10:15,5034
2018-04-05 10:20,5111
2018-04-05 10:25,5186
2018-04-05 10:30,5234
2018-04-05 10:35,5267
2018-04-05 10:40,5250
2018-04-05 10:45,5275
2018-04-05 10:50,5328
2018-04-05 10:55,5388
2018-04-05 11:00,5462
2018-04-05 11:05,5504
2018-04-05 11:10,5543
2018-04-05 11:15,5589
2018-04-05 11:20,5670
2018-04-05 11:25,5667
2018-04-05 11:30,5717
2018-04-05 11:35,5791
2018-04-05 11:40,5905
2018-04-05 11:45,5977
2018-04-05 11:50,6009
2018-04-05 11:55,6069
2018-04-05 12:00,6124
2018-04-05 12:05,6197
2018-04-05 12:10,6257
2018-04-05 12:15,6284
2018-04-05 12:20,6365
2018-04-05 12:25,6419
2018-04-05 12:30,6457
2018-04-05 12:35,6551
2018-04-05 12:40,6634
2018-04-05 12:45,6711
2018-04-05 12:50,6772
2018-04-05 12:55,6885
2018-04-05 13:00,6963
2018-04-05 13:05,7009
2018-04-05 13:10,7140
2018-04-05 13:15,7211
2018-04-05 13:20,7322
2018-04-05 13:25,7358
2018-04-05 13:30,7474
2018-04-05 13:35,7558
2018-04-05 13:40,7661
2018-04-05 13:45,7770
2018-04-05 13:50,7850
2018-04-05 13:55,7929
2018-04-05 14:00,8051
2018-04-05 14:05,8161
2018-04-05 14:10,8249
2018-04-05 14:15,8311
2018-04-05 14:20,8475
2018-04-05 14:25,8621
2018-04-05 14:30,8675
2018-04-05 14:35,8707
2018-04-05 14:40,8822
2018-04-05 14:45,8902
2018-04-05 14:50,8966
2018-04-05 14:55,8968
2018-04-05 15:00,9043
2018-04-05 15:05,9110
2018-04-05 15:10,9181
2018-04-05 15:15,9213
2018-04-05 15:20,9267
2018-04-05 15:25,9247
2018-04-05 15:30,9301
2018-04-05 15:35,9379
2018-04-05 15:40,9435
2018-04-05 15:45,9543
2018-04-05 15:50,9635
2018-04-05 15:55,9706
2018-04-05 16:00,9773
2018-04-05 16:05,9896
2018-04-05 16:10,9985
2018-04-05 16:15,10064
2018-04-05 16:20,10164
2018-04-05 16:25,10197
2018-04-05 16:30,10319
2018-04-05 16:35,10395
2018-04-05 16:40,10524
2018-04-05 16:45,10520
2018-04-05 16:50,10708
2018-04-05 16:55,10761
2018-04-05 17:00,10856
2018-04-05 17:05,10873
2018-04-05 17:10,10984
2018-04-05 17:15,11139
2018-04-05 17:20,11330
2018-04-05 17:25,11431
2018-04-05 17:30,11541
2018-04-05 17:35,11628
2018-04-05 17:40,11762
2018-04-05 17:45,11873
2018-04-05 17:50,12001
2018-04-05 17:55,12067
2018-04-05 18:00,12109
2018-04-05 18:05,12249
2018-04-05 18:10,12371
2018-04-05 18:15,12778
2018-04-05 18:20,12987
2018-04-05 18:25,13221
2018-04-05 18:30,13400
2018-04-05 18:35,13577
2018-04-05 18:40,13685
2018-04-05 18:45,13789
2018-04-05 18:50,13878
2018-04-05 18:55,13960
2018-04-05 19:00,13987
2018-04-05 19:05,13997
2018-04-05 19:10,14012
2018-04-05 19:15,14074
2018-04-05 19:20,14209
2018-04-05 19:25,14222
2018-04-05 19:30,14286
2018-04-05 19:35,14330
2018-04-05 19:40,14343
2018-04-05 19:45,14271
2018-04-05 19:50,14272
2018-04-05 19:55,14248
2018-04-05 20:00,14156
2018-04-05 20:05,14064
2018-04-05 20:10,14075
2018-04-05 20:15,14030
2018-04-05 20:20,13973
2018-04-05 20:25,13914
2018-04-05 20:30,13948
2018-04-05 20:35,14064
2018-04-05 20:40,13916
2018-04-05 20:45,13770
2018-04-05 20:50,13634
2018-04-05 20:55,13562
2018-04-05 21:00,13550
2018-04-05 21:05,13405
2018-04-05 21:10,13297
2018-04-05 21:15,13210
2018-04-05 21:20,13287
2018-04-05 21:25,13124
2018-04-05 21:30,12996
2018-04-05 21:35,13047
2018-04-05 21:40,12906
2018-04-05 21:45,12803
2018-04-05 21:50,12590
2018-04-05 21:55,12190
2018-04-05 22:00,11991
2018-04-05 22:05,11802
2018-04-05 22:10,11653
2018-04-05 22:15,11412
2018-04-05 22:20,11269
2018-04-05 22:25,11186
2018-04-05 22:30,11106
2018-04-05 22:35,10883
2018-04-05 22:40,10785
2018-04-05 22:45,10697
2018-04-05 22:50,10628
2018-04-05 22:55,10561
2018-04-05 23:00,10493
2018-04-05 23:05,10367
2018-04-05 23:10,10274
2018-04-05 23:15,10234
2018-04-05 23:20,10146
2018-04-05 23:25,10113
2018-04-05 23:30,10059
2018-04-05 23:35,10023
2018-04-05 23:40,10034
2018-04-05 23:45,9933
2018-04-05 23:50,9854
2018-04-05 23:55,9765
2018-04-06 00:00,9740
2018-04-06 00:05,9698
2018-04-06 00:10,9639
2018-04-06 00:15,9566
2018-04-06 00:20,9586
2018-04-06 00:25,9570
2018-04-06 00:30,9516
2018-04-06 00:35,9474
2018-04-06 00:40,9407
2018-04-06 00:45,9366
2018-04-06 00:50,9362
2018-04-06 00:55,9339
2018-04-06 01:00,9339
2018-04-06 01:05,9321
2018-04-06 01:10,9293
2018-04-06 01:15,9270
2018-04-06 01:20,9227
2018-04-06 01:25,9240
2018-04-06 01:30,9193
2018-04-06 01:35,9150
2018-04-06 01:40,9096
2018-04-06 01:45,9052
2018-04-06 01:50,9012
2018-04-06 01:55,9008
2018-04-06 02:00,9004
2018-04-06 02:05,8978
2018-04-06 02:10,8947
2018-04-06 02:15,8834
2018-04-06 02:20,8845
2018-04-06 02:25,8813
2018-04-06 02:30,8747
2018-04-06 02:35,8668
2018-04-06 02:40,8647
2018-04-06 02:45,8560
2018-04-06 02:50,8506
2018-04-06 02:55,8425
2018-04-06 03:00,8349
2018-04-06 03:05,8235
2018-04-06 03:10,8135
2018-04-06 03:15,8046
2018-04-06 03:20,7981
2018-04-06 03:25,7864
2018-04-06 03:30,7765
2018-04-06 03:35,7697
2018-04-06 03:40,7572
2018-04-06 03:45,7501
2018-04-06 03:50,7460
2018-04-06 03:55,7394
2018-04-06 04:00,7269
2018-04-06 04:05,7154
2018-04-06 04:10,7068
2018-04-06 04:15,7016
2018-04-06 04:20,6866
2018-04-06 04:25,6781
2018-04-06 04:30,6675
2018-04-06 04:35,6626
2018-04-06 04:40,6511
2018-04-06 04:45,6411
2018-04-06 04:50,6264
2018-04-06 04:55,6186
2018-04-06 05:00,6094
2018-04-06 05:05,5996
2018-04-06 05:10,5958
2018-04-06 05:15,5893
2018-04-06 05:20,5765
2018-04-06 05:25,5723
2018-04-06 05:30,5616
2018-04-06 05:35,5524
2018-04-06 05:40,5432
2018-04-06 05:45,5363
2018-04-06 05:50,5288
2018-04-06 05:55,5269
2018-04-06 06:00,5143
2018-04-06 06:05,5078
2018-04-06 06:10,4982
2018-04-06 06:15,4947
2018-04-06 06:20,4866
2018-04-06 06:25,4756
2018-04-06 06:30,4697
2018-04-06 06:35,4680
2018-04-06 06:40,4625
2018-04-06 06:45,4607
2018-04-06 06:50,4584
2018-04-06 06:55,4549
2018-04-06 07:00,4502
2018-04-06 07:05,4456
2018-04-06 07:10,4407
2018-04-06 07:15,4395
2018-04-06 07:20,4348
2018-04-06 07:25,4315
2018-04-06 07:30,4324
2018-04-06 07:35,4282
2018-04-06 07:40,4251
2018-04-06 07:45,4232
2018-04-06 07:50,4199
2018-04-06 07:55,4163
2018-04-06 08:00,4151
2018-04-06 08:05,4177
2018-04-06 08:10,4186
2018-04-06 08:15,4204
2018-04-06 08:20,4242
2018-04-06 08:25,4278
2018-04-06 08:30,4293
2018-04-06 08:35,4287
2018-04-06 08:40,4298
2018-04-06 08:45,4295
2018-04-06 08:50,4304
2018-04-06 08:55,4335
2018-04-06 09:00,4375
2018-04-06 09:05,4461
2018-04-06 09:10,4474
2018-04-06 09:15,4534
2018-04-06 09:20,4572
2018-04-06 09:25,4665
2018-04-06 09:30,4712
2018-04-06 09:35,4763
2018-04-06 09:40,4812
2018-04-06 09:45,4866
2018-04-06 09:50,4968
2018-04-06 09:55,5048
2018-04-06 10:00,5050
2018-04-06 10:05,5116
2018-04-06 10:10,5151
2018-04-06 10:15,5229
2018-04-06 10:20,5227
2018-04-06 10:25,5270
2018-04-06 10:30,5315
2018-04-06 10:35,5361
2018-04-06 10:40,5454
2018-04-06 10:45,5483
2018-04-06 10:50,5535
2018-04-06 10:55,5649
2018-04-06 11:00,5657
2018-04-06 11:05,5707
2018-04-06 11:10,5758
2018-04-06 11:15,5830
2018-04-06 11:20,5929
2018-04-06 11:25,5975
2018-04-06 11:30,6015
2018-04-06 11:35,6065
2018-04-06 11:40,6139
2018-04-06 11:45,6170
2018-04-06 11:50,6232
2018-04-06 11:55,6283
2018-04-06 12:00,6369
2018-04-06 12:05,6433
2018-04-06 12:10,6469
2018-04-06 12:15,6469
2018-04-06 12:20,6559
2018-04-06 12:25,6591
2018-04-06 12:30,6667
2018-04-06 12:35,6739
2018-04-06 12:40,6835
2018-04-06 12:45,6915
2018-04-06 12:50,6982
2018-04-06 12:55,7034
2018-04-06 13:00,7063
2018-04-06 13:05,7178
2018-04-06 13:10,7242
2018-04-06 13:15,7242
2018-04-06 13:20,7453
2018-04-06 13:25,7573
2018-04-06 13:30,7713
2018-04-06 13:35,7810
2018-04-06 13:40,7916
2018-04-06 13:45,8008
2018-04-06 13:50,8155
2018-04-06 13:55,8244
2018-04-06 14:00,8352
2018-04-06 14:05,8485
2018-04-06 14:10,8588
2018-04-06 14:15,8588
2018-04-06 14:20,8676
2018-04-06 14:25,8854
2018-04-06 14:30,8854
2018-04-06 14:35,9039
2018-04-06 14:40,9182
2018-04-06 14:45,9182
2018-04-06 14:50,9319
2018-04-06 14:55,9330
2018-04-06 15:00,9330
2018-04-06 15:05,9471
2018-04-06 15:10,9513
2018-04-06 15:15,9513
2018-04-06 15:20,9579
2018-04-06 15:25,9721
2018-04-06 15:30,9721
2018-04-06 15:35,9817
2018-04-06 15:40,9886
2018-04-06 15:45,9886
2018-04-06 15:50,10070
2018-04-06 15:55,10132
2018-04-06 16:00,10132
2018-04-06 16:05,10249
2018-04-06 16:10,10267
2018-04-06 16:15,10332
2018-04-06 16:20,10433
2018-04-06 16:25,10474
2018-04-06 16:30,10474
2018-04-06 16:35,10656
2018-04-06 16:40,10741
2018-04-06 16:45,10741
2018-04-06 16:50,10801
2018-04-06 16:55,10948
2018-04-06 17:00,10948
2018-04-06 17:05,10995
2018-04-06 17:10,11182
2018-04-06 17:15,11182
2018-04-06 17:20,11196
2018-04-06 17:25,11255
2018-04-06 17:30,11357
2018-04-06 17:35,11449
2018-04-06 17:40,11631
2018-04-06 17:45,11631
2018-04-06 17:50,11768
2018-04-06 17:55,11848
2018-04-06 18:00,11848
2018-04-06 18:05,11940
2018-04-06 18:10,12057
2018-04-06 18:15,12057
2018-04-06 18:20,12126
2018-04-06 18:25,12244
2018-04-06 18:30,12376
2018-04-06 18:35,12483
2018-04-06 18:40,12535
2018-04-06 18:45,12668
2018-04-06 18:50,12798
2018-04-06 18:55,12894
2018-04-06 19:00,12988
2018-04-06 19:05,13021
2018-04-06 19:10,13101
2018-04-06 19:15,13188
2018-04-06 19:20,13304
2018-04-06 19:25,13304
2018-04-06 19:30,13344
2018-04-06 19:35,13385
2018-04-06 19:40,13400
2018-04-06 19:45,13480
2018-04-06 19:50,13488
2018-04-06 19:55,13547
2018-04-06 20:00,13547
2018-04-06 20:05,13581
2018-04-06 20:10,13556
2018-04-06 20:15,13556
2018-04-06 20:20,13512
2018-04-06 20:25,13543
2018-04-06 20:30,13583
2018-04-06 20:35,13566
2018-04-06 20:40,13639
2018-04-06 20:45,13633
2018-04-06 20:50,13548
2018-04-06 20:55,13495
2018-04-06 21:00,13539
2018-04-06 21:05,13517
2018-04-06 21:10,13490
2018-04-06 21:15,13468
2018-04-06 21:20,13482
2018-04-06 21:25,13442
2018-04-06 21:30,13455
2018-04-06 21:35,13665
2018-04-06 21:40,13752
2018-04-06 21:45,13772
2018-04-06 21:50,13831
2018-04-06 21:55,13794
2018-04-06 22:00,13748
2018-04-06 22:05,13647
2018-04-06 22:10,13612
2018-04-06 22:15,13533
2018-04-06 22:20,13448
2018-04-06 22:25,13112
2018-04-06 22:30,13112
2018-04-06 22:35,12995
2018-04-06 22:40,12842
2018-04-06 22:45,12717
2018-04-06 22:50,12543
2018-04-06 22:55,12439
2018-04-06 23:00,12358
2018-04-06 23:05,12309
2018-04-06 23:10,12277
2018-04-06 23:15,12159
2018-04-06 23:20,12143
2018-04-06 23:25,12028
2018-04-06 23:30,11948
2018-04-06 23:35,11846
2018-04-06 23:40,11770
2018-04-06 23:45,11653
2018-04-06 23:50,11634
2018-04-06 23:55,11486
2018-04-07 00:00,11393
2018-04-07 00:05,11308
2018-04-07 00:10,11323
2018-04-07 00:15,11380
2018-04-07 00:20,11314
2018-04-07 00:25,11286
2018-04-07 00:30,11271
2018-04-07 00:35,11241
2018-04-07 00:40,11157
2018-04-07 00:45,11134
2018-04-07 00:50,11112
2018-04-07 00:55,11053
2018-04-07 01:00,10992
2018-04-07 01:05,10990
2018-04-07 01:10,10944
2018-04-07 01:15,10941
2018-04-07 01:20,10976
2018-04-07 01:25,10928
2018-04-07 01:30,10944
2018-04-07 01:35,10870
2018-04-07 01:40,10870
2018-04-07 01:45,10893
2018-04-07 01:50,10855
2018-04-07 01:55,10872
2018-04-07 02:00,10830
2018-04-07 02:05,10793
2018-04-07 02:10,10766
2018-04-07 02:15,10731
2018-04-07 02:20,10657
2018-04-07 02:25,10623
2018-04-07 02:30,10634
2018-04-07 02:35,10679
2018-04-07 02:40,10665
2018-04-07 02:45,10535
2018-04-07 02:50,10466
2018-04-07 02:55,10349
2018-04-07 03:00,10286
2018-04-07 03:05,10184
2018-04-07 03:10,10129
2018-04-07 03:15,10122
2018-04-07 03:20,9980
2018-04-07 03:25,9852
2018-04-07 03:30,9786
2018-04-07 03:35,9708
2018-04-07 03:40,9627
2018-04-07 03:45,9580
2018-04-07 03:50,9475
2018-04-07 03:55,9380
2018-04-07 04:00,9241
2018-04-07 04:05,9201
2018-04-07 04:10,9153
2018-04-07 04:15,9092
2018-04-07 04:20,9000
2018-04-07 04:25,8947
2018-04-07 04:30,8790
2018-04-07 04:35,8692
2018-04-07 04:40,8573
2018-04-07 04:45,8488
2018-04-07 04:50,8353
2018-04-07 04:55,8245
2018-04-07 05:00,8174
2018-04-07 05:05,8046
2018-04-07 05:10,7893
2018-04-07 05:15,7794
2018-04-07 05:20,7683
2018-04-07 05:25,7563
2018-04-07 05:30,7409
2018-04-07 05:35,7301
2018-04-07 05:40,7214
2018-04-07 05:45,7137
2018-04-07 05:50,7080
2018-04-07 05:55,6972
2018-04-07 06:00,6818
2018-04-07 06:05,
2018-04-07 06:10,6674
2018-04-07 06:15,6610
2018-04-07 06:20,6610
2018-04-07 06:25,6544
2018-04-07 06:30,6480
2018-04-07 06:35,6386
2018-04-07 06:40,6323
2018-04-07 06:45,6259
2018-04-07 06:50,6209
2018-04-07 06:55,6099
2018-04-07 07:00,6042
2018-04-07 07:05,5960
2018-04-07 07:10,5908
2018-04-07 07:15,5853
2018-04-07 07:20,5747
2018-04-07 07:25,5747
2018-04-07 07:30,5695
2018-04-07 07:35,5698
2018-04-07 07:40,5678
2018-04-07 07:45,5654
2018-04-07 07:50,5648
2018-04-07 07:55,5650
2018-04-07 08:00,5648
2018-04-07 08:05,5612
2018-04-07 08:10,5637
2018-04-07 08:15,5688
2018-04-07 08:20,5711
2018-04-07 08:25,5650
2018-04-07 08:30,5699
2018-04-07 08:35,5686
2018-04-07 08:40,5663
2018-04-07 08:45,5680
2018-04-07 08:50,5723
2018-04-07 08:55,5732
2018-04-07 09:00,5773
2018-04-07 09:05,5806
2018-04-07 09:10,5952
2018-04-07 09:15,6032
2018-04-07 09:20,6079
2018-04-07 09:25,6137
2018-04-07 09:30,6220
2018-04-07 09:35,6315
2018-04-07 09:40,6398
2018-04-07 09:45,6457
2018-04-07 09:50,6572
2018-04-07 09:55,6652
2018-04-07 10:00,6673
2018-04-07 10:05,6704
2018-04-07 10:10,6814
2018-04-07 10:15,6872
2018-04-07 10:20,6934
2018-04-07 10:25,6942
2018-04-07 10:30,7045
2018-04-07 10:35,7097
2018-04-07 10:40,7109
2018-04-07 10:45,7151
2018-04-07 10:50,7247
2018-04-07 10:55,7270
2018-04-07 11:00,7345
2018-04-07 11:05,7384
2018-04-07 11:10,7355
2018-04-07 11:15,7406
2018-04-07 11:20,7466
2018-04-07 11:25,7472
2018-04-07 11:30,7560
2018-04-07 11:35,7601
2018-04-07 11:40,7707
2018-04-07 11:45,7732
2018-04-07 11:50,7828
2018-04-07 11:55,7970
2018-04-07 12:00,8033
2018-04-07 12:05,8114
2018-04-07 12:10,8152
2018-04-07 12:15,8180
2018-04-07 12:20,8250
2018-04-07 12:25,8308
2018-04-07 12:30,8366
2018-04-07 12:35,8433
2018-04-07 12:40,8499
2018-04-07 12:45,8545
2018-04-07 12:50,8594
2018-04-07 12:55,8612
2018-04-07 13:00,8734
2018-04-07 13:05,8787
2018-04-07 13:10,8812
2018-04-07 13:15,8847
2018-04-07 13:20,9001
2018-04-07 13:25,9154
2018-04-07 13:30,9322
2018-04-07 13:35,9404
2018-04-07 13:40,9508
2018-04-07 13:45,9601
2018-04-07 13:50,9763
2018-04-07 13:55,9784
2018-04-07 14:00,9892
2018-04-07 14:05,9967
2018-04-07 14:10,10149
2018-04-07 14:15,10239
2018-04-07 14:20,10330
2018-04-07 14:25,10438
2018-04-07 14:30,10551
2018-04-07 14:35,10594
2018-04-07 14:40,10671
2018-04-07 14:45,10785
2018-04-07 14:50,10870
2018-04-07 14:55,10904
2018-04-07 15:00,10957
2018-04-07 15:05,11028
2018-04-07 15:10,11111
2018-04-07 15:15,11192
2018-04-07 15:20,11239
2018-04-07 15:25,11287
2018-04-07 15:30,0
2018-04-07 15:35,11491
2018-04-07 15:40,11549
2018-04-07 15:45,11596
2018-04-07 15:50,11639
2018-04-07 15:55,11723
2018-04-07 16:00,11791
2018-04-07 16:05,11839
2018-04-07 16:10,11838
2018-04-07 16:15,11895
2018-04-07 16:20,12027
2018-04-07 16:25,12006
2018-04-07 16:30,12094
2018-04-07 16:35,12134
2018-04-07 16:40,12202
2018-04-07 16:45,12300
2018-04-07 16:50,12414
2018-04-07 16:55,12506
2018-04-07 17:00,12608
2018-04-07 17:05,12679
2018-04-07 17:10,12750
2018-04-07 17:15,12859
2018-04-07 17:20,12970
2018-04-07 17:25,13263
2018-04-07 17:30,13429
2018-04-07 17:35,13696
2018-04-07 17:40,13863
2018-04-07 17:45,14007
2018-04-07 17:50,14068
2018-04-07 17:55,14134
2018-04-07 18:00,14211
2018-04-07 18:05,14254
2018-04-07 18:10,14371
2018-04-07 18:15,14351
2018-04-07 18:20,14461
2018-04-07 18:25,14562
2018-04-07 18:30,14673
2018-04-07 18:35,14786
2018-04-07 18:40,14775
2018-04-07 18:45,14896
2018-04-07 18:50,14921
2018-04-07 18:55,14967
2018-04-07 19:00,14991
2018-04-07 19:05,15006
2018-04-07 19:10,15046
2018-04-07 19:15,15124
2018-04-07 19:20,15173
2018-04-07 19:25,15412
2018-04-07 19:30,15523
2018-04-07 19:35,15621
2018-04-07 19:40,15603
2018-04-07 19:45,15711
2018-04-07 19:50,15694
2018-04-07 19:55,15700
2018-04-07 20:00,15876
2018-04-07 20:05,16028
2018-04-07 20:10,16066
2018-04-07 20:15,16123
2018-04-07 20:20,16156
2018-04-07 20:25,16122
2018-04-07 20:30,16076
2018-04-07 20:35,15947
2018-04-07 20:40,15903
2018-04-07 20:45,15857
2018-04-07 20:50,15816
2018-04-07 20:55,15778
2018-04-07 21:00,15748
2018-04-07 21:05,15633
2018-04-07 21:10,15605
2018-04-07 21:15,15535
2018-04-07 21:20,15513
2018-04-07 21:25,15447
2018-04-07 21:30,15544
2018-04-07 21:35,15518
2018-04-07 21:40,15387
2018-04-07 21:45,15322
2018-04-07 21:50,15252
2018-04-07 21:55,15092
2018-04-07 22:00,14979
2018-04-07 22:05,14832
2018-04-07 22:10,14630
2018-04-07 22:15,14489
2018-04-07 22:20,14424
2018-04-07 22:25,14295
2018-04-07 22:30,14147
2018-04-07 22:35,14005
2018-04-07 22:40,13890
2018-04-07 22:45,13774
2018-04-07 22:50,13601
2018-04-07 22:55,13473
2018-04-07 23:00,13332
2018-04-07 23:05,13157
2018-04-07 23:10,12999
2018-04-07 23:15,12772
2018-04-07 23:20,12631
2018-04-07 23:25,12518
2018-04-07 23:30,12327
2018-04-07 23:35,12260
2018-04-07 23:40,12150
2018-04-07 23:45,12048
2018-04-07 23:50,11920
2018-04-07 23:55,11796
2018-04-08 00:00,11739
2018-04-08 00:05,11622
2018-04-08 00:10,11621
2018-04-08 00:15,11571
2018-04-08 00:20,11452
2018-04-08 00:25,11348
2018-04-08 00:30,11293
2018-04-08 00:35,11256
2018-04-08 00:40,11168
2018-04-08 00:45,11085
2018-04-08 00:50,11027
2018-04-08 00:55,11007
2018-04-08 01:00,10944
2018-04-08 01:05,10910
2018-04-08 01:10,10881
2018-04-08 01:15,10812
2018-04-08 01:20,10785
2018-04-08 01:25,10775
2018-04-08 01:30,10660
2018-04-08 01:35,10611
2018-04-08 01:40,10545
2018-04-08 01:45,10514
2018-04-08 01:50,10466
2018-04-08 01:55,10518
2018-04-08 02:00,10502
2018-04-08 02:05,10497
2018-04-08 02:10,10474
2018-04-08 02:15,10447
2018-04-08 02:20,10378
2018-04-08 02:25,10359
2018-04-08 02:30,10243
2018-04-08 02:35,10171
2018-04-08 02:40,10119
2018-04-08 02:45,10010
2018-04-08 02:50,9958
2018-04-08 02:55,9890
2018-04-08 03:00,9836
2018-04-08 03:05,9770
2018-04-08 03:10,9714
2018-04-08 03:15,9669
2018-04-08 03:20,9613
2018-04-08 03:25,9589
2018-04-08 03:30,9526
2018-04-08 03:35,9447
2018-04-08 03:40,9394
2018-04-08 03:45,9271
2018-04-08 03:50,9203
2018-04-08 03:55,9086
2018-04-08 04:00,9001
2018-04-08 04:05,8920
2018-04-08 04:10,8831
2018-04-08 04:15,8769
2018-04-08 04:20,8695
2018-04-08 04:25,8553
2018-04-08 04:30,8488
2018-04-08 04:35,8413
2018-04-08 04:40,8351
2018-04-08 04:45,8291
2018-04-08 04:50,8200
2018-04-08 04:55,8135
2018-04-08 05:00,8062
2018-04-08 05:05,7926
2018-04-08 05:10,7834
2018-04-08 05:15,7770
2018-04-08 05:20,7702
2018-04-08 05:25,7600
2018-04-08 05:30,7536
2018-04-08 05:35,7457
2018-04-08 05:40,7371
2018-04-08 05:45,7257
2018-04-08 05:50,7188
2018-04-08 05:55,7104
2018-04-08 06:00,6976
2018-04-08 06:05,6866
2018-04-08 06:10,6782
2018-04-08 06:15,6689
2018-04-08 06:20,6659
2018-04-08 06:25,6587
2018-04-08 06:30,6553
2018-04-08 06:35,6475
2018-04-08 06:40,6413
2018-04-08 06:45,6345
2018-04-08 06:50,6356
2018-04-08 06:55,6343
2018-04-08 07:00,6248
2018-04-08 07:05,6200
2018-04-08 07:10,6147
2018-04-08 07:15,6087
2018-04-08 07:20,6017
2018-04-08 07:25,5948
2018-04-08 07:30,5903
2018-04-08 07:35,5841
2018-04-08 07:40,5817
2018-04-08 07:45,5802
2018-04-08 07:50,5754
2018-04-08 07:55,5758
2018-04-08 08:00,5801
2018-04-08 08:05,5800
2018-04-08 08:10,5861
2018-04-08 08:15,5885
2018-04-08 08:20,5884
2018-04-08 08:25,5938
2018-04-08 08:30,5902
2018-04-08 08:35,5896
2018-04-08 08:40,5905
2018-04-08 08:45,5940
2018-04-08 08:50,5979
2018-04-08 08:55,5963
2018-04-08 09:00,5984
2018-04-08 09:05,6108
2018-04-08 09:10,6166
2018-04-08 09:15,6295
2018-04-08 09:20,6322
2018-04-08 09:25,6364
2018-04-08 09:30,6475
2018-04-08 09:35,6558
2018-04-08 09:40,6604
2018-04-08 09:45,6644
2018-04-08 09:50,6711
2018-04-08 09:55,6778
2018-04-08 10:00,6841
2018-04-08 10:05,6914
2018-04-08 10:10,6978
2018-04-08 10:15,7085
2018-04-08 10:20,7115
2018-04-08 10:25,7125
2018-04-08 10:30,7146
2018-04-08 10:35,7176
2018-04-08 10:40,7224
2018-04-08 10:45,7282
2018-04-08 10:50,7365
2018-04-08 10:55,7426
2018-04-08 11:00,7445
2018-04-08 11:05,7471
2018-04-08 11:10,7541
2018-04-08 11:15,7583
2018-04-08 11:20,7649
2018-04-08 11:25,7718
2018-04-08 11:30,7800
2018-04-08 11:35,7855
2018-04-08 11:40,7932
2018-04-08 11:45,8011
2018-04-08 11:50,8015
2018-04-08 11:55,8091
2018-04-08 12:00,8196
2018-04-08 12:05,8279
2018-04-08 12:10,8340
2018-04-08 12:15,8438
2018-04-08 12:20,8543
2018-04-08 12:25,8628
2018-04-08 12:30,8703
2018-04-08 12:35,8777
2018-04-08 12:40,8944
2018-04-08 12:45,9009
2018-04-08 12:50,9103
2018-04-08 12:55,9162
2018-04-08 13:00,9284
2018-04-08 13:05,9324
2018-04-08 13:10,9378
2018-04-08 13:15,9453
2018-04-08 13:20,9585
2018-04-08 13:25,9667
2018-04-08 13:30,9701
2018-04-08 13:35,9701
2018-04-08 13:40,9811
2018-04-08 13:45,9935
2018-04-08 13:50,10048
2018-04-08 13:55,10138
2018-04-08 14:00,10200
2018-04-08 14:05,10290
2018-04-08 14:10,10416
2018-04-08 14:15,10505
2018-04-08 14:20,10602
2018-04-08 14:25,10669
2018-04-08 14:30,10734
2018-04-08 14:35,10864
2018-04-08 14:40,10996
2018-04-08 14:45,10983
2018-04-08 14:50,11051
2018-04-08 14:55,11068
2018-04-08 15:00,11159
2018-04-08 15:05,11207
2018-04-08 15:10,11252
2018-04-08 15:15,11369
2018-04-08 15:20,11397
2018-04-08 15:25,11483
2018-04-08 15:30,11502
2018-04-08 15:35,11518
2018-04-08 15:40,11584
2018-04-08 15:45,11674
2018-04-08 15:50,11748
2018-04-08 15:55,11854
2018-04-08 16:00,11930
2018-04-08 16:05,12078
2018-04-08 16:10,12250
2018-04-08 16:15,12395
2018-04-08 16:20,12499
2018-04-08 16:25,12522
2018-04-08 16:30,12622
2018-04-08 16:35,12728
2018-04-08 16:40,12740
2018-04-08 16:45,12796
2018-04-08 16:50,12875
2018-04-08 16:55,12980
2018-04-08 17:00,13051
2018-04-08 17:05,13130
2018-04-08 17:10,13382
2018-04-08 17:15,13485
2018-04-08 17:20,13609
2018-04-08 17:25,13715
2018-04-08 17:30,13798
2018-04-08 17:35,13926
2018-04-08 17:40,14073
2018-04-08 17:45,14161
2018-04-08 17:50,14247
2018-04-08 17:55,14374
2018-04-08 18:00,14645
2018-04-08 18:05,15015
2018-04-08 18:10,15184
2018-04-08 18:15,15342
2018-04-08 18:20,15481
2018-04-08 18:25,15667
2018-04-08 18:30,15782
2018-04-08 18:35,15803
2018-04-08 18:40,15836
2018-04-08 18:45,15925
2018-04-08 18:50,16083
2018-04-08 18:55,16084
2018-04-08 19:00,16090
2018-04-08 19:05,16243
2018-04-08 19:10,16255
2018-04-08 19:15,16232
2018-04-08 19:20,16270
2018-04-08 19:25,16233
2018-04-08 19:30,16231
2018-04-08 19:35,16118
2018-04-08 19:40,16069
2018-04-08 19:45,16024
2018-04-08 19:50,16185
2018-04-08 19:55,16143
2018-04-08 20:00,16206
2018-04-08 20:05,16128
2018-04-08 20:10,16135
2018-04-08 20:15,16098
2018-04-08 20:20,16009
2018-04-08 20:25,15923
2018-04-08 20:30,15867
2018-04-08 20:35,15845
2018-04-08 20:40,15742
2018-04-08 20:45,15609
2018-04-08 20:50,15435
2018-04-08 20:55,15223
2018-04-08 21:00,15031
2018-04-08 21:05,14787
2018-04-08 21:10,14671
2018-04-08 21:15,14468
2018-04-08 21:20,14233
2018-04-08 21:25,14122
2018-04-08 21:30,13955
2018-04-08 21:35,13780
2018-04-08 21:40,13663
2018-04-08 21:45,13561
2018-04-08 21:50,13389
2018-04-08 21:55,13191
2018-04-08 22:00,13001
2018-04-08 22:05,12785
2018-04-08 22:10,12627
2018-04-08 22:15,12511
2018-04-08 22:20,12533
2018-04-08 22:25,12375
2018-04-08 22:30,12236
2018-04-08 22:35,12147
2018-04-08 22:40,12009
2018-04-08 22:45,11972
2018-04-08 22:50,11844
2018-04-08 22:55,11772
2018-04-08 23:00,11702
2018-04-08 23:05,11645
2018-04-08 23:10,11550
2018-04-08 23:15,11426
2018-04-08 23:20,11309
2018-04-08 23:25,11239
2018-04-08 23:30,11189
2018-04-08 23:35,11134
2018-04-08 23:40,11091
2018-04-08 23:45,11040
2018-04-08 23:50,10924
2018-04-08 23:55,10901
2018-04-09 00:00,10851
2018-04-09 00:05,10644
2018-04-09 00:10,10507
2018-04-09 00:15,10414
2018-04-09 00:20,10392
2018-04-09 00:25,10275
2018-04-09 00:30,10194
2018-04-09 00:35,10070
2018-04-09 00:40,9984
2018-04-09 00:45,9946
2018-04-09 00:50,9883
2018-04-09 00:55,9841
2018-04-09 01:00,9789
2018-04-09 01:05,9718
2018-04-09 01:10,9696
2018-04-09 01:15,9612
2018-04-09 01:20,9556
2018-04-09 01:25,9567
2018-04-09 01:30,9550
2018-04-09 01:35,9561
2018-04-09 01:40,9493
2018-04-09 01:45,9410
2018-04-09 01:50,9248
2018-04-09 01:55,9169
2018-04-09 02:00,9016
2018-04-09 02:05,8893
2018-04-09 02:10,8785
2018-04-09 02:15,8717
2018-04-09 02:20,8581
2018-04-09 02:25,8489
2018-04-09 02:30,8376
2018-04-09 02:35,8337
2018-04-09 02:40,8282
2018-04-09 02:45,8209
2018-04-09 02:50,8071
2018-04-09 02:55,7974
2018-04-09 03:00,7861
2018-04-09 03:05,7747
2018-04-09 03:10,7621
2018-04-09 03:15,7489
2018-04-09 03:20,7403
2018-04-09 03:25,7326
2018-04-09 03:30,7265
2018-04-09 03:35,7156
2018-04-09 03:40,6995
2018-04-09 03:45,6909
2018-04-09 03:50,6769
2018-04-09 03:55,6672
2018-04-09 04:00,6587
2018-04-09 04:05,6444
2018-04-09 04:10,6370
2018-04-09 04:15,6266
2018-04-09 04:20,6217
2018-04-09 04:25,6155
2018-04-09 04:30,6039
2018-04-09 04:35,5995
2018-04-09 04:40,5882
2018-04-09 04:45,5800
2018-04-09 04:50,5756
2018-04-09 04:55,5694
2018-04-09 05:00,5551
2018-04-09 05:05,5454
2018-04-09 05:10,5357
2018-04-09 05:15,5264
2018-04-09 05:20,5156
2018-04-09 05:25,5048
2018-04-09 05:30,4971
2018-04-09 05:35,4918
2018-04-09 05:40,4812
2018-04-09 05:45,4765
2018-04-09 05:50,4694
2018-04-09 05:55,4672
2018-04-09 06:00,4641
2018-04-09 06:05,4575
2018-04-09 06:10,4481
2018-04-09 06:15,4422
2018-04-09 06:20,4356
2018-04-09 06:25,4312
2018-04-09 06:30,4274
2018-04-09 06:35,4237
2018-04-09 06:40,4169
2018-04-09 06:45,4186
2018-04-09 06:50,4079
2018-04-09 06:55,4031
2018-04-09 07:00,4018
2018-04-09 07:05,3978
2018-04-09 07:10,3965
2018-04-09 07:15,3925
2018-04-09 07:20,3882
2018-04-09 07:25,3861
2018-04-09 07:30,3854
2018-04-09 07:35,3833
2018-04-09 07:40,3851
2018-04-09 07:45,3830
2018-04-09 07:50,3861
2018-04-09 07:55,3879
2018-04-09 08:00,3858
2018-04-09 08:05,3838
2018-04-09 08:10,3855
2018-04-09 08:15,3820
2018-04-09 08:20,3864
2018-04-09 08:25,3899
2018-04-09 08:30,3937
2018-04-09 08:35,3953
2018-04-09 08:40,3975
2018-04-09 08:45,3963
2018-04-09 08:50,3938
2018-04-09 08:55,3964
2018-04-09 09:00,3970
2018-04-09 09:05,4012
2018-04-09 09:10,4052
2018-04-09 09:15,4137
2018-04-09 09:20,4145
2018-04-09 09:25,4213
2018-04-09 09:30,4268
2018-04-09 09:35,4322
2018-04-09 09:40,4340
2018-04-09 09:45,4358
2018-04-09 09:50,4377
2018-04-09 09:55,4428
2018-04-09 10:00,4473
2018-04-09 10:05,4462
2018-04-09 10:10,4550
2018-04-09 10:15,4569
2018-04-09 10:20,4609
2018-04-09 10:25,4636
2018-04-09 10:30,4662
2018-04-09 10:35,4739
2018-04-09 10:40,4789
2018-04-09 10:45,4866
2018-04-09 10:50,4889
2018-04-09 10:55,4916
2018-04-09 11:00,4984
2018-04-09 11:05,5018
2018-04-09 11:10,5072
2018-04-09 11:15,5135
2018-04-09 11:20,5180
2018-04-09 11:25,5219
2018-04-09 11:30,5288
2018-04-09 11:35,5355
2018-04-09 11:40,5395
2018-04-09 11:45,5437
2018-04-09 11:50,5528
2018-04-09 11:55,5574
2018-04-09 12:00,5667
2018-04-09 12:05,5685
2018-04-09 12:10,5764
2018-04-09 12:15,5806
2018-04-09 12:20,5868
2018-04-09 12:25,5943
2018-04-09 12:30,5983
2018-04-09 12:35,6060
2018-04-09 12:40,6140
2018-04-09 12:45,6225
2018-04-09 12:50,6273
2018-04-09 12:55,6376
2018-04-09 13:00,6479
2018-04-09 13:05,6589
2018-04-09 13:10,6623
2018-04-09 13:15,6683
2018-04-09 13:20,6778
2018-04-09 13:25,6831
2018-04-09 13:30,6937
2018-04-09 13:35,7024
2018-04-09 13:40,7095
2018-04-09 13:45,7196
2018-04-09 13:50,7300
2018-04-09 13:55,7337
2018-04-09 14:00,7416
2018-04-09 14:05,7539
2018-04-09 14:10,7625
2018-04-09 14:15,7714
2018-04-09 14:20,7787
2018-04-09 14:25,7920
2018-04-09 14:30,7963
2018-04-09 14:35,8078
2018-04-09 14:40,8120
2018-04-09 14:45,8211
2018-04-09 14:50,8305
2018-04-09 14:55,8331
2018-04-09 15:00,8444
2018-04-09 15:05,8493
2018-04-09 15:10,8521
2018-04-09 15:15,8587
2018-04-09 15:20,8632
2018-04-09 15:25,8713
2018-04-09 15:30,8789
2018-04-09 15:35,8785
2018-04-09 15:40,8801
2018-04-09 15:45,8936
2018-04-09 15:50,9012
2018-04-09 15:55,9150
2018-04-09 16:00,9184
2018-04-09 16:05,9230
2018-04-09 16:10,9320
2018-04-09 16:15,9405
2018-04-09 16:20,9507
2018-04-09 16:25,9593
2018-04-09 16:30,9659
2018-04-09 16:35,9726
2018-04-09 16:40,9853
2018-04-09 16:45,9932
2018-04-09 16:50,9909
2018-04-09 16:55,10023
2018-04-09 17:00,10157
2018-04-09 17:05,10243
2018-04-09 17:10,10397
2018-04-09 17:15,10482
2018-04-09 17:20,10524
2018-04-09 17:25,10465
2018-04-09 17:30,10548
2018-04-09 17:35,10639
2018-04-09 17:40,10773
2018-04-09 17:45,10861
2018-04-09 17:50,10904
2018-04-09 17:55,10966
2018-04-09 18:00,11058
2018-04-09 18:05,11162
2018-04-09 18:10,11247
2018-04-09 18:15,11279
2018-04-09 18:20,11270
2018-04-09 18:25,11393
2018-04-09 18:30,11410
2018-04-09 18:35,11554
2018-04-09 18:40,11665
2018-04-09 18:45,11695
2018-04-09 18:50,11774
2018-04-09 18:55,11814
2018-04-09 19:00,11863
2018-04-09 19:05,11951
2018-04-09 19:10,11972
2018-04-09 19:15,11999
2018-04-09 19:20,12029
2018-04-09 19:25,12003
2018-04-09 19:30,11965
2018-04-09 19:35,12017
2018-04-09 19:40,11996
2018-04-09 19:45,11864
2018-04-09 19:50,11690
2018-04-09 19:55,11594
2018-04-09 20:00,11521
2018-04-09 20:05,11507
2018-04-09 20:10,11464
2018-04-09 20:15,11386
2018-04-09 20:20,11373
2018-04-09 20:25,11406
2018-04-09 20:30,11333
2018-04-09 20:35,11266
2018-04-09 20:40,11227
2018-04-09 20:45,11115
2018-04-09 20:50,11004
2018-04-09 20:55,10975
2018-04-09 21:00,11021
2018-04-09 21:05,10958
2018-04-09 21:10,10926
2018-04-09 21:15,10826
2018-04-09 21:20,10682
2018-04-09 21:25,10633
2018-04-09 21:30,10540
2018-04-09 21:35,10345
2018-04-09 21:40,10225
2018-04-09 21:45,10112
2018-04-09 21:50,10017
2018-04-09 21:55,9920
2018-04-09 22:00,9889
2018-04-09 22:05,9774
2018-04-09 22:10,9701
2018-04-09 22:15,9633
2018-04-09 22:20,9559
2018-04-09 22:25,9540
2018-04-09 22:30,9572
2018-04-09 22:35,9512
2018-04-09 22:40,9507
2018-04-09 22:45,9463
2018-04-09 22:50,9440
2018-04-09 22:55,9424
2018-04-09 23:00,9327
2018-04-09 23:05,9234
2018-04-09 23:10,9191
2018-04-09 23:15,9167
2018-04-09 23:20,9165
2018-04-09 23:25,9181
2018-04-09 23:30,9141
2018-04-09 23:35,9125
2018-04-09 23:40,9116
2018-04-09 23:45,9101
2018-04-09 23:50,9040
2018-04-09 23:55,9045
2018-04-10 00:00,9006
2018-04-10 00:05,9012
2018-04-10 00:10,9009
2018-04-10 00:15,8975
2018-04-10 00:20,8920
2018-04-10 00:25,8931
2018-04-10 00:30,8951
2018-04-10 00:35,8940
2018-04-10 00:40,8922
2018-04-10 00:45,8918
2018-04-10 00:50,8925
2018-04-10 00:55,8901
2018-04-10 01:00,8875
2018-04-10 01:05,8827
2018-04-10 01:10,8803
2018-04-10 01:15,8780
2018-04-10 01:20,8782
2018-04-10 01:25,8761
2018-04-10 01:30,8779
2018-04-10 01:35,8829
2018-04-10 01:40,8805
2018-04-10 01:45,8769
2018-04-10 01:50,8750
2018-04-10 01:55,8656
2018-04-10 02:00,8524
2018-04-10 02:05,8549
2018-04-10 02:10,8474
2018-04-10 02:15,8456
2018-04-10 02:20,8432
2018-04-10 02:25,8396
2018-04-10 02:30,8332
2018-04-10 02:35,8238
2018-04-10 02:40,8207
2018-04-10 02:45,8134
2018-04-10 02:50,8047
2018-04-10 02:55,7926
2018-04-10 03:00,7830
2018-04-10 03:05,7746
2018-04-10 03:10,7646
2018-04-10 03:15,7591
2018-04-10 03:20,7483
2018-04-10 03:25,7436
2018-04-10 03:30,7290
2018-04-10 03:35,7158
2018-04-10 03:40,7063
2018-04-10 03:45,6986
2018-04-10 03:50,6844
2018-04-10 03:55,6706
2018-04-10 04:00,6606
2018-04-10 04:05,6471
2018-04-10 04:10,6436
2018-04-10 04:15,6354
2018-04-10 04:20,6270
2018-04-10 04:25,6152
2018-04-10 04:30,6078
2018-04-10 04:35,5955
2018-04-10 04:40,5801
2018-04-10 04:45,5684
2018-04-10 04:50,5573
2018-04-10 04:55,5485
2018-04-10 05:00,5401
2018-04-10 05:05,5292
2018-04-10 05:10,5174
2018-04-10 05:15,5092
2018-04-10 05:20,5002
2018-04-10 05:25,4924
2018-04-10 05:30,4829
2018-04-10 05:35,4770
2018-04-10 05:40,4738
2018-04-10 05:45,4708
2018-04-10 05:50,4555
2018-04-10 05:55,4456
2018-04-10 06:00,4413
2018-04-10 06:05,4339
2018-04-10 06:10,4286
2018-04-10 06:15,4211
2018-04-10 06:20,4123
2018-04-10 06:25,4062
2018-04-10 06:30,4007
2018-04-10 06:35,4000
2018-04-10 06:40,3979
2018-04-10 06:45,3948
2018-04-10 06:50,3869
2018-04-10 06:55,3832
2018-04-10 07:00,3814
2018-04-10 07:05,3773
2018-04-10 07:10,3775
2018-04-10 07:15,3764
2018-04-10 07:20,3730
2018-04-10 07:25,3706
2018-04-10 07:30,3690
2018-04-10 07:35,3681
2018-04-10 07:40,3640
2018-04-10 07:45,3618
2018-04-10 07:50,3650
2018-04-10 07:55,3597
2018-04-10 08:00,3578
2018-04-10 08:05,3582
2018-04-10 08:10,3606
2018-04-10 08:15,3656
2018-04-10 08:20,3669
2018-04-10 08:25,3665
2018-04-10 08:30,3687
2018-04-10 08:35,3655
2018-04-10 08:40,3685
2018-04-10 08:45,3718
2018-04-10 08:50,3708
2018-04-10 08:55,3711
2018-04-10 09:00,3722
2018-04-10 09:05,3808
2018-04-10 09:10,3861
2018-04-10 09:15,3887
2018-04-10 09:20,3910
2018-04-10 09:25,3945
2018-04-10 09:30,3982
2018-04-10 09:35,4009
2018-04-10 09:40,4081
2018-04-10 09:45,4139
2018-04-10 09:50,4205
2018-04-10 09:55,4212
2018-04-10 10:00,4241
2018-04-10 10:05,4318
2018-04-10 10:10,4328
2018-04-10 10:15,4398
2018-04-10 10:20,4427
2018-04-10 10:25,4425
2018-04-10 10:30,4490
2018-04-10 10:35,4534
2018-04-10 10:40,4599
2018-04-10 10:45,4627
2018-04-10 10:50,4632
2018-04-10 10:55,4687
2018-04-10 11:00,4710
2018-04-10 11:05,4785
2018-04-10 11:10,4856
2018-04-10 11:15,4855
2018-04-10 11:20,4899
2018-04-10 11:25,4982
2018-04-10 11:30,5083
2018-04-10 11:35,5144
2018-04-10 11:40,5252
2018-04-10 11:45,5329
2018-04-10 11:50,5390
2018-04-10 11:55,5470
2018-04-10 12:00,5513
2018-04-10 12:05,5605
2018-04-10 12:10,5662
2018-04-10 12:15,5706
2018-04-10 12:20,5826
2018-04-10 12:25,5915
2018-04-10 12:30,5950
2018-04-10 12:35,6083
2018-04-10 12:40,6170
2018-04-10 12:45,6222
2018-04-10 12:50,6329
2018-04-10 12:55,6404
2018-04-10 13:00,6501
2018-04-10 13:05,6622
2018-04-10 13:10,6745
2018-04-10 13:15,6829
2018-04-10 13:20,6906
2018-04-10 13:25,7049
2018-04-10 13:30,7133
2018-04-10 13:35,7222
2018-04-10 13:40,7295
2018-04-10 13:45,7390
2018-04-10 13:50,7423
2018-04-10 13:55,7487
2018-04-10 14:00,7547
2018-04-10 14:05,7697
2018-04-10 14:10,7792
2018-04-10 14:15,7881
2018-04-10 14:20,7898
2018-04-10 14:25,7948
2018-04-10 14:30,8079
2018-04-10 14:35,8174
2018-04-10 14:40,8297
2018-04-10 14:45,8347
2018-04-10 14:50,8408
2018-04-10 14:55,8537
2018-04-10 15:00,8610
2018-04-10 15:05,8676
2018-04-10 15:10,8781
2018-04-10 15:15,8831
2018-04-10 15:20,8869
2018-04-10 15:25,8907
2018-04-10 15:30,8988
2018-04-10 15:35,9050
2018-04-10 15:40,9154
2018-04-10 15:45,9259
2018-04-10 15:50,9322
2018-04-10 15:55,9386
2018-04-10 16:00,9435
2018-04-10 16:05,9497
2018-04-10 16:10,9602
2018-04-10 16:15,9624
2018-04-10 16:20,9664
2018-04-10 16:25,9691
2018-04-10 16:30,9770
2018-04-10 16:35,9878
2018-04-10 16:40,9961
2018-04-10 16:45,10091
2018-04-10 16:50,10147
2018-04-10 16:55,10202
2018-04-10 17:00,10286
2018-04-10 17:05,10396
2018-04-10 17:10,10508
2018-04-10 17:15,10580
2018-04-10 17:20,10759
2018-04-10 17:25,10770
2018-04-10 17:30,10901
2018-04-10 17:35,10972
2018-04-10 17:40,11055
2018-04-10 17:45,11490
2018-04-10 17:50,11614
2018-04-10 17:55,11851
2018-04-10 18:00,11947
2018-04-10 18:05,12014
2018-04-10 18:10,12138
2018-04-10 18:15,12265
2018-04-10 18:20,12337
2018-04-10 18:25,12342
2018-04-10 18:30,12386
2018-04-10 18:35,12410
2018-04-10 18:40,12495
2018-04-10 18:45,12565
2018-04-10 18:50,12647
2018-04-10 18:55,12676
2018-04-10 19:00,12686
2018-04-10 19:05,12638
2018-04-10 19:10,12734
2018-04-10 19:15,12681
2018-04-10 19:20,12640
2018-04-10 19:25,12565
2018-04-10 19:30,12478
2018-04-10 19:35,12437
2018-04-10 19:40,12479
2018-04-10 19:45,12416
2018-04-10 19:50,12330
2018-04-10 19:55,12275
2018-04-10 20:00,12222
2018-04-10 20:05,12334
2018-04-10 20:10,12280
2018-04-10 20:15,12219
2018-04-10 20:20,12166
2018-04-10 20:25,12180
2018-04-10 20:30,12144
2018-04-10 20:35,12032
2018-04-10 20:40,12017
2018-04-10 20:45,11979
2018-04-10 20:50,11952
2018-04-10 20:55,11881
2018-04-10 21:00,11828
2018-04-10 21:05,11753
2018-04-10 21:10,11720
2018-04-10 21:15,11591
2018-04-10 21:20,11459
2018-04-10 21:25,11399
2018-04-10 21:30,11336
2018-04-10 21:35,11208
2018-04-10 21:40,11123
2018-04-10 21:45,11006
2018-04-10 21:50,10906
2018-04-10 21:55,10656
2018-04-10 22:00,10583
2018-04-10 22:05,10414
2018-04-10 22:10,10298
2018-04-10 22:15,10133
2018-04-10 22:20,9974
2018-04-10 22:25,9898
2018-04-10 22:30,9768
2018-04-10 22:35,9687
2018-04-10 22:40,9587
2018-04-10 22:45,9574
2018-04-10 22:50,9531
2018-04-10 22:55,
2018-04-10 23:00,0
2018-04-10 23:05,9170
2018-04-10 23:10,9209
2018-04-10 23:15,9148
2018-04-10 23:20,9093
2018-04-10 23:25,9029
2018-04-10 23:30,9004
2018-04-10 23:35,8981
2018-04-10 23:40,8962
2018-04-10 23:45,8891
2018-04-10 23:50,8966
2018-04-10 23:55,8857
2018-04-11 00:00,8886
2018-04-11 00:05,8908
2018-04-11 00:10,8913
2018-04-11 00:15,8896
2018-04-11 00:20,8864
2018-04-11 00:25,8854
2018-04-11 00:30,8870
2018-04-11 00:35,8886
2018-04-11 00:40,8830
2018-04-11 00:45,8772
2018-04-11 00:50,8745
2018-04-11 00:55,8782
2018-04-11 01:00,8771
2018-04-11 01:05,8748
2018-04-11 01:10,8733
2018-04-11 01:15,8750
2018-04-11 01:20,8683
2018-04-11 01:25,8733
2018-04-11 01:30,8683
2018-04-11 01:35,8652
2018-04-11 01:40,8660
2018-04-11 01:45,8616
2018-04-11 01:50,8580
2018-04-11 01:55,8529
2018-04-11 02:00,8446
2018-04-11 02:05,8278
2018-04-11 02:10,8251
2018-04-11 02:15,8205
2018-04-11 02:20,8178
2018-04-11 02:25,8135
2018-04-11 02:30,8067
2018-04-11 02:35,8019
2018-04-11 02:40,7986
2018-04-11 02:45,7949
2018-04-11 02:50,7933
2018-04-11 02:55,7836
2018-04-11 03:00,7756
2018-04-11 03:05,7618
2018-04-11 03:10,7477
2018-04-11 03:15,7361
2018-04-11 03:20,7275
2018-04-11 03:25,7180
2018-04-11 03:30,7081
2018-04-11 03:35,6984
2018-04-11 03:40,6935
2018-04-11 03:45,6882
2018-04-11 03:50,6770
2018-04-11 03:55,6658
2018-04-11 04:00,6586
2018-04-11 04:05,6449
2018-04-11 04:10,6380
2018-04-11 04:15,6255
2018-04-11 04:20,6144
2018-04-11 04:25,5985
2018-04-11 04:30,5946
2018-04-11 04:35,5893
2018-04-11 04:40,5773
2018-04-11 04:45,5679
2018-04-11 04:50,5594
2018-04-11 04:55,5536
2018-04-11 05:00,5452
2018-04-11 05:05,5361
2018-04-11 05:10,5241
2018-04-11 05:15,5114
2018-04-11 05:20,5049
2018-04-11 05:25,4951
2018-04-11 05:30,4866
2018-04-11 05:35,4754
2018-04-11 05:40,4683
2018-04-11 05:45,4621
2018-04-11 05:50,4540
2018-04-11 05:55,4475
2018-04-11 06:00,4430
2018-04-11 06:05,4319
2018-04-11 06:10,4272
2018-04-11 06:15,4236
2018-04-11 06:20,4171
2018-04-11 06:25,4147
2018-04-11 06:30,4095
2018-04-11 06:35,4031
2018-04-11 06:40,4003
2018-04-11 06:45,3980
2018-04-11 06:50,3932
2018-04-11 06:55,3889
2018-04-11 07:00,3894
2018-04-11 07:05,3835
2018-04-11 07:10,3792
2018-04-11 07:15,3775
2018-04-11 07:20,3757
2018-04-11 07:25,3746
2018-04-11 07:30,3709
2018-04-11 07:35,3701
2018-04-11 07:40,3688
2018-04-11 07:45,3685
2018-04-11 07:50,3675
2018-04-11 07:55,3670
2018-04-11 08:00,3662
2018-04-11 08:05,3675
2018-04-11 08:10,3675
2018-04-11 08:15,3687
2018-04-11 08:20,3696
2018-04-11 08:25,3681
2018-04-11 08:30,3647
2018-04-11 08:35,3650
2018-04-11 08:40,3651
2018-04-11 08:45,3676
2018-04-11 08:50,3682
2018-04-11 08:55,3696
2018-04-11 09:00,3730
2018-04-11 09:05,3792
2018-04-11 09:10,3826
2018-04-11 09:15,3838
2018-04-11 09:20,3877
2018-04-11 09:25,3935
2018-04-11 09:30,4001
2018-04-11 09:35,4037
2018-04-11 09:40,4069
2018-04-11 09:45,4112
2018-04-11 09:50,4132
2018-04-11 09:55,4122
2018-04-11 10:00,4191
2018-04-11 10:05,4219
2018-04-11 10:10,4275
2018-04-11 10:15,4266
2018-04-11 10:20,4307
2018-04-11 10:25,4294
2018-04-11 10:30,4316
2018-04-11 10:35,4383
2018-04-11 10:40,4418
2018-04-11 10:45,4472
2018-04-11 10:50,4519
2018-04-11 10:55,4519
2018-04-11 11:00,4605
2018-04-11 11:05,4627
2018-04-11 11:10,4687
2018-04-11 11:15,4755
2018-04-11 11:20,4732
2018-04-11 11:25,4797
2018-04-11 11:30,4831
2018-04-11 11:35,4858
2018-04-11 11:40,4931
2018-04-11 11:45,4983
2018-04-11 11:50,5046
2018-04-11 11:55,5105
2018-04-11 12:00,5125
2018-04-11 12:05,5167
2018-04-11 12:10,5285
2018-04-11 12:15,5364
2018-04-11 12:20,5396
2018-04-11 12:25,5471
2018-04-11 12:30,5598
2018-04-11 12:35,5704
2018-04-11 12:40,5717
2018-04-11 12:45,5774
2018-04-11 12:50,5906
2018-04-11 12:55,5983
2018-04-11 13:00,6072
2018-04-11 13:05,6186
2018-04-11 13:10,6254
2018-04-11 13:15,6319
2018-04-11 13:20,6264
2018-04-11 13:25,6188
2018-04-11 13:30,6152
2018-04-11 13:35,5641
2018-04-11 13:40,4516
2018-04-11 13:45,3659
2018-04-11 13:50,2844
2018-04-11 13:55,2297
2018-04-11 14:00,1990
2018-04-11 14:05,1792
2018-04-11 14:10,1792
2018-04-11 14:15,1828
2018-04-11 14:20,1870
2018-04-11 14:25,2119
2018-04-11 14:30,2340
2018-04-11 14:35,2049
2018-04-11 14:40,2059
2018-04-11 14:45,2117
2018-04-11 14:50,2127
2018-04-11 14:55,2150
2018-04-11 15:00,2039
2018-04-11 15:05,1961
2018-04-11 15:10,1926
2018-04-11 15:15,1940
2018-04-11 15:20,2054
2018-04-11 15:25,2171
2018-04-11 15:30,2199
2018-04-11 15:35,2929
2018-04-11 15:40,4378
2018-04-11 15:45,5413
2018-04-11 15:50,6266
2018-04-11 15:55,7038
2018-04-11 16:00,7668
2018-04-11 16:05,8198
2018-04-11 16:10,8752
2018-04-11 16:15,9181
2018-04-11 16:20,9614
2018-04-11 16:25,10015
2018-04-11 16:30,10282
2018-04-11 16:35,10560
2018-04-11 16:40,10847
2018-04-11 16:45,11138
2018-04-11 16:50,11408
2018-04-11 16:55,11591
2018-04-11 17:00,11808
2018-04-11 17:05,11971
2018-04-11 17:10,12137
2018-04-11 17:15,12292
2018-04-11 17:20,12359
2018-04-11 17:25,12436
2018-04-11 17:30,12653
2018-04-11 17:35,12870
2018-04-11 17:40,12961
2018-04-11 17:45,13010
2018-04-11 17:50,13119
2018-04-11 17:55,13231
2018-04-11 18:00,13314
2018-04-11 18:05,13343
2018-04-11 18:10,13416
2018-04-11 18:15,13469
2018-04-11 18:20,13482
2018-04-11 18:25,13549
2018-04-11 18:30,13602
2018-04-11 18:35,13615
2018-04-11 18:40,13686
2018-04-11 18:45,13724
2018-04-11 18:50,13724
2018-04-11 18:55,13697
2018-04-11 19:00,13684
2018-04-11 19:05,13641
2018-04-11 19:10,13653
2018-04-11 19:15,13707
2018-04-11 19:20,13696
2018-04-11 19:25,13615
2018-04-11 19:30,13572
2018-04-11 19:35,13624
2018-04-11 19:40,13589
2018-04-11 19:45,13494
2018-04-11 19:50,13526
2018-04-11 19:55,13457
2018-04-11 20:00,13395
2018-04-11 20:05,13299
2018-04-11 20:10,13225
2018-04-11 20:15,13156
2018-04-11 20:20,13013
2018-04-11 20:25,12969
2018-04-11 20:30,12896
2018-04-11 20:35,12860
2018-04-11 20:40,12614
2018-04-11 20:45,10989
2018-04-11 20:50,10487
2018-04-11 20:55,10328
2018-04-11 21:00,10375
2018-04-11 21:05,10640
2018-04-11 21:10,10948
2018-04-11 21:15,11215
2018-04-11 21:20,11343
2018-04-11 21:25,11511
2018-04-11 21:30,11787
2018-04-11 21:35,11985
2018-04-11 21:40,12040
2018-04-11 21:45,12069
2018-04-11 21:50,12095
2018-04-11 21:55,12059
2018-04-11 22:00,12043
2018-04-11 22:05,11998
2018-04-11 22:10,12035
2018-04-11 22:15,11961
2018-04-11 22:20,11998
2018-04-11 22:25,11927
2018-04-11 22:30,11862
2018-04-11 22:35,11826
2018-04-11 22:40,11741
2018-04-11 22:45,11700
2018-04-11 22:50,11606
2018-04-11 22:55,11480
2018-04-11 23:00,11456
2018-04-11 23:05,11441
2018-04-11 23:10,11362
2018-04-11 23:15,11351
2018-04-11 23:20,11339
2018-04-11 23:25,11324
2018-04-11 23:30,11321
2018-04-11 23:35,11324
2018-04-11 23:40,11341
2018-04-11 23:45,11285
2018-04-11 23:50,11249
2018-04-11 23:55,11238
2018-04-12 00:00,11227
2018-04-12 00:05,11141
2018-04-12 00:10,11083
2018-04-12 00:15,10814
2018-04-12 00:20,10768
2018-04-12 00:25,10703
2018-04-12 00:30,10723
2018-04-12 00:35,10623
2018-04-12 00:40,10604
2018-04-12 00:45,10560
2018-04-12 00:50,10479
2018-04-12 00:55,10419
2018-04-12 01:00,10340
2018-04-12 01:05,10229
2018-04-12 01:10,10157
2018-04-12 01:15,10088
2018-04-12 01:20,10080
2018-04-12 01:25,10032
2018-04-12 01:30,9998
2018-04-12 01:35,9990
2018-04-12 01:40,10020
2018-04-12 01:45,9952
2018-04-12 01:50,9937
2018-04-12 01:55,9871
2018-04-12 02:00,9836
2018-04-12 02:05,9762
2018-04-12 02:10,9735
2018-04-12 02:15,9673
2018-04-12 02:20,9545
2018-04-12 02:25,9488
2018-04-12 02:30,9522
2018-04-12 02:35,9512
2018-04-12 02:40,9459
2018-04-12 02:45,9336
2018-04-12 02:50,9277
2018-04-12 02:55,9269
2018-04-12 03:00,9197
2018-04-12 03:05,9135
2018-04-12 03:10,9022
2018-04-12 03:15,8928
2018-04-12 03:20,8871
2018-04-12 03:25,8776
2018-04-12 03:30,8733
2018-04-12 03:35,8617
2018-04-12 03:40,8531
2018-04-12 03:45,8426
2018-04-12 03:50,8359
2018-04-12 03:55,8284
2018-04-12 04:00,8151
2018-04-12 04:05,7951
2018-04-12 04:10,7912
2018-04-12 04:15,7793
2018-04-12 04:20,7618
2018-04-12 04:25,7498
2018-04-12 04:30,7357
2018-04-12 04:35,7271
2018-04-12 04:40,7159
2018-04-12 04:45,7003
2018-04-12 04:50,6839
2018-04-12 04:55,6743
2018-04-12 05:00,6661
2018-04-12 05:05,6562
2018-04-12 05:10,6379
2018-04-12 05:15,6262
2018-04-12 05:20,6106
2018-04-12 05:25,5989
2018-04-12 05:30,5853
2018-04-12 05:35,5735
2018-04-12 05:40,5640
2018-04-12 05:45,5500
2018-04-12 05:50,5430
2018-04-12 05:55,5327
2018-04-12 06:00,5192
2018-04-12 06:05,5044
2018-04-12 06:10,5020
2018-04-12 06:15,4928
2018-04-12 06:20,4888
2018-04-12 06:25,4812
2018-04-12 06:30,4778
2018-04-12 06:35,4696
2018-04-12 06:40,4630
2018-04-12 06:45,4565
2018-04-12 06:50,4515
2018-04-12 06:55,4475
2018-04-12 07:00,4406
2018-04-12 07:05,4368
2018-04-12 07:10,4369
2018-04-12 07:15,4310
2018-04-12 07:20,4259
2018-04-12 07:25,4226
2018-04-12 07:30,4160
2018-04-12 07:35,4145
2018-04-12 07:40,4128
2018-04-12 07:45,4121
2018-04-12 07:50,4120
2018-04-12 07:55,4120
2018-04-12 08:00,4158
2018-04-12 08:05,4128
2018-04-12 08:10,4146
2018-04-12 08:15,4179
2018-04-12 08:20,4170
2018-04-12 08:25,4158
2018-04-12 08:30,4161
2018-04-12 08:35,4167
2018-04-12 08:40,4206
2018-04-12 08:45,4209
2018-04-12 08:50,4250
2018-04-12 08:55,4304
2018-04-12 09:00,4300
2018-04-12 09:05,4363
2018-04-12 09:10,4417
2018-04-12 09:15,4472
2018-04-12 09:20,4501
2018-04-12 09:25,4568
2018-04-12 09:30,4613
2018-04-12 09:35,4650
2018-04-12 09:40,4682
2018-04-12 09:45,4730
2018-04-12 09:50,4743
2018-04-12 09:55,4770
2018-04-12 10:00,4817
2018-04-12 10:05,4831
2018-04-12 10:10,4895
2018-04-12 10:15,4922
2018-04-12 10:20,0
2018-04-12 10:25,5038
2018-04-12 10:30,5065
2018-04-12 10:35,5098
2018-04-12 10:40,5085
2018-04-12 10:45,5141
2018-04-12 10:50,5187
2018-04-12 10:55,5322
2018-04-12 11:00,5362
2018-04-12 11:05,5435
2018-04-12 11:10,5548
2018-04-12 11:15,5645
2018-04-12 11:20,5690
2018-04-12 11:25,5734
2018-04-12 11:30,5832
2018-04-12 11:35,5851
2018-04-12 11:40,5885
2018-04-12 11:45,5980
2018-04-12 11:50,6076
2018-04-12 11:55,6135
2018-04-12 12:00,6183
2018-04-12 12:05,6297
2018-04-12 12:10,6374
2018-04-12 12:15,6471
2018-04-12 12:20,6516
2018-04-12 12:25,6597
2018-04-12 12:30,6657
2018-04-12 12:35,6783
2018-04-12 12:40,6834
2018-04-12 12:45,6970
2018-04-12 12:50,7033
2018-04-12 12:55,7160
2018-04-12 13:00,7282
2018-04-12 13:05,7327
2018-04-12 13:10,7471
2018-04-12 13:15,7573
2018-04-12 13:20,7737
2018-04-12 13:25,7870
2018-04-12 13:30,7983
2018-04-12 13:35,8105
2018-04-12 13:40,8216
2018-04-12 13:45,8242
2018-04-12 13:50,8302
2018-04-12 13:55,8363
2018-04-12 14:00,8417
2018-04-12 14:05,8490
2018-04-12 14:10,8593
2018-04-12 14:15,8668
2018-04-12 14:20,8775
2018-04-12 14:25,8826
2018-04-12 14:30,8920
2018-04-12 14:35,8950
2018-04-12 14:40,9105
2018-04-12 14:45,9156
2018-04-12 14:50,9246
2018-04-12 14:55,9301
2018-04-12 15:00,9420
2018-04-12 15:05,9543
2018-04-12 15:10,9593
2018-04-12 15:15,9698
2018-04-12 15:20,9786
2018-04-12 15:25,9845
2018-04-12 15:30,9960
2018-04-12 15:35,9997
2018-04-12 15:40,10053
2018-04-12 15:45,10155
2018-04-12 15:50,10243
2018-04-12 15:55,10280
2018-04-12 16:00,10363
2018-04-12 16:05,10443
2018-04-12 16:10,10501
2018-04-12 16:15,10579
2018-04-12 16:20,10652
2018-04-12 16:25,10761
2018-04-12 16:30,10798
2018-04-12 16:35,10758
2018-04-12 16:40,10877
2018-04-12 16:45,10938
2018-04-12 16:50,11019
2018-04-12 16:55,11127
2018-04-12 17:00,11187
2018-04-12 17:05,11293
2018-04-12 17:10,11335
2018-04-12 17:15,11416
2018-04-12 17:20,11451
2018-04-12 17:25,11594
2018-04-12 17:30,11627
2018-04-12 17:35,11772
2018-04-12 17:40,11913
2018-04-12 17:45,12042
2018-04-12 17:50,12059
2018-04-12 17:55,12220
2018-04-12 18:00,12324
2018-04-12 18:05,12526
2018-04-12 18:10,12589
2018-04-12 18:15,12697
2018-04-12 18:20,12700
2018-04-12 18:25,12787
2018-04-12 18:30,12845
2018-04-12 18:35,12913
2018-04-12 18:40,12948
2018-04-12 18:45,13034
2018-04-12 18:50,13124
2018-04-12 18:55,13171
2018-04-12 19:00,13351
2018-04-12 19:05,13407
2018-04-12 19:10,13510
2018-04-12 19:15,13573
2018-04-12 19:20,13584
2018-04-12 19:25,13618
2018-04-12 19:30,13653
2018-04-12 19:35,13640
2018-04-12 19:40,13583
2018-04-12 19:45,13531
2018-04-12 19:50,13452
2018-04-12 19:55,13354
2018-04-12 20:00,13222
2018-04-12 20:05,13093
2018-04-12 20:10,13044
2018-04-12 20:15,12995
2018-04-12 20:20,12961
2018-04-12 20:25,12915
2018-04-12 20:30,12896
2018-04-12 20:35,12799
2018-04-12 20:40,12727
2018-04-12 20:45,12657
2018-04-12 20:50,12634
2018-04-12 20:55,12564
2018-04-12 21:00,12393
2018-04-12 21:05,12278
2018-04-12 21:10,12195
2018-04-12 21:15,12130
2018-04-12 21:20,12053
2018-04-12 21:25,11924
2018-04-12 21:30,11764
2018-04-12 21:35,11584
2018-04-12 21:40,11464
2018-04-12 21:45,11362
2018-04-12 21:50,
2018-04-12 21:55,
2018-04-12 22:00,
2018-04-12 22:05,
2018-04-12 22:10,
2018-04-12 22:15,
2018-04-12 22:20,
2018-04-12 22:25,
2018-04-12 22:30,
2018-04-12 22:35,
2018-04-12 22:40,
2018-04-12 22:45,
2018-04-12 22:50,
2018-04-12 22:55,
2018-04-12 23:00,
2018-04-12 23:05,
2018-04-12 23:10,
2018-04-12 23:15,
2018-04-12 23:20,
2018-04-12 23:25,
2018-04-12 23:30,
2018-04-12 23:35,
2018-04-12 23:40,
2018-04-12 23:45,
2018-04-12 23:50,
2018-04-12 23:55,
2018-04-13 00:00,
2018-04-13 00:05,
2018-04-13 00:10,
2018-04-13 00:15,
2018-04-13 00:20,
2018-04-13 00:25,
2018-04-13 00:30,9352
2018-04-13 00:35,9345
2018-04-13 00:40,9310
2018-04-13 00:45,9282
2018-04-13 00:50,9285
2018-04-13 00:55,9232
2018-04-13 01:00,9176
2018-04-13 01:05,9202
2018-04-13 01:10,9139
2018-04-13 01:15,9077
2018-04-13 01:20,9049
2018-04-13 01:25,9085
2018-04-13 01:30,9157
2018-04-13 01:35,9171
2018-04-13 01:40,9115
2018-04-13 01:45,9091
2018-04-13 01:50,9083
2018-04-13 01:55,9074
2018-04-13 02:00,9061
2018-04-13 02:05,9017
2018-04-13 02:10,8920
2018-04-13 02:15,8850
2018-04-13 02:20,8795
2018-04-13 02:25,8728
2018-04-13 02:30,8677
2018-04-13 02:35,8589
2018-04-13 02:40,8447
2018-04-13 02:45,8427
2018-04-13 02:50,8348
2018-04-13 02:55,8216
2018-04-13 03:00,8126
2018-04-13 03:05,8030
2018-04-13 03:10,7950
2018-04-13 03:15,7888
2018-04-13 03:20,7838
2018-04-13 03:25,7791
2018-04-13 03:30,7694
2018-04-13 03:35,7610
2018-04-13 03:40,7548
2018-04-13 03:45,7461
2018-04-13 03:50,7362
2018-04-13 03:55,7294
2018-04-13 04:00,7232
2018-04-13 04:05,7133
2018-04-13 04:10,6999
2018-04-13 04:15,6893
2018-04-13 04:20,6779
2018-04-13 04:25,6715
2018-04-13 04:30,6627
2018-04-13 04:35,6498
2018-04-13 04:40,6398
2018-04-13 04:45,6275
2018-04-13 04:50,6183
2018-04-13 04:55,6071
2018-04-13 05:00,5975
2018-04-13 05:05,5845
2018-04-13 05:10,5723
2018-04-13 05:15,5648
2018-04-13 05:20,5547
2018-04-13 05:25,5482
2018-04-13 05:30,5384
2018-04-13 05:35,5347
2018-04-13 05:40,5272
2018-04-13 05:45,5198
2018-04-13 05:50,5101
2018-04-13 05:55,5037
2018-04-13 06:00,4965
2018-04-13 06:05,4883
2018-04-13 06:10,4838
2018-04-13 06:15,4725
2018-04-13 06:20,4679
2018-04-13 06:25,4645
2018-04-13 06:30,4599
2018-04-13 06:35,4547
2018-04-13 06:40,4508
2018-04-13 06:45,4476
2018-04-13 06:50,4445
2018-04-13 06:55,4406
2018-04-13 07:00,4371
2018-04-13 07:05,4349
2018-04-13 07:10,4265
2018-04-13 07:15,4224
2018-04-13 07:20,4213
2018-04-13 07:25,4198
2018-04-13 07:30,4151
2018-04-13 07:35,4132
2018-04-13 07:40,4132
2018-04-13 07:45,4126
2018-04-13 07:50,4114
2018-04-13 07:55,4098
2018-04-13 08:00,4064
2018-04-13 08:05,4017
2018-04-13 08:10,4052
2018-04-13 08:15,4059
2018-04-13 08:20,4078
2018-04-13 08:25,4081
2018-04-13 08:30,4064
2018-04-13 08:35,4095
2018-04-13 08:40,4115
2018-04-13 08:45,4103
2018-04-13 08:50,4089
2018-04-13 08:55,4118
2018-04-13 09:00,4120
2018-04-13 09:05,4167
2018-04-13 09:10,4248
2018-04-13 09:15,4279
2018-04-13 09:20,4336
2018-04-13 09:25,4367
2018-04-13 09:30,4393
2018-04-13 09:35,4359
2018-04-13 09:40,4310
2018-04-13 09:45,4329
2018-04-13 09:50,4346
2018-04-13 09:55,4349
2018-04-13 10:00,4396
2018-04-13 10:05,4349
2018-04-13 10:10,4416
2018-04-13 10:15,4360
2018-04-13 10:20,4309
2018-04-13 10:25,4209
2018-04-13 10:30,4211
2018-04-13 10:35,3935
2018-04-13 10:40,3173
2018-04-13 10:45,2584
2018-04-13 10:50,2074
2018-04-13 10:55,1674
2018-04-13 11:00,1498
2018-04-13 11:05,1282
2018-04-13 11:10,1281
2018-04-13 11:15,1232
2018-04-13 11:20,1214
2018-04-13 11:25,1224
2018-04-13 11:30,1246
2018-04-13 11:35,1268
2018-04-13 11:40,1294
2018-04-13 11:45,1711
2018-04-13 11:50,2249
2018-04-13 11:55,2711
2018-04-13 12:00,3154
2018-04-13 12:05,3606
2018-04-13 12:10,3991
2018-04-13 12:15,4300
2018-04-13 12:20,4612
2018-04-13 12:25,4914
2018-04-13 12:30,5154
2018-04-13 12:35,5378
2018-04-13 12:40,5634
2018-04-13 12:45,5848
2018-04-13 12:50,6065
2018-04-13 12:55,6251
2018-04-13 13:00,6452
2018-04-13 13:05,6585
2018-04-13 13:10,6764
2018-04-13 13:15,6888
2018-04-13 13:20,7037
2018-04-13 13:25,7180
2018-04-13 13:30,7371
2018-04-13 13:35,7509
2018-04-13 13:40,7649
2018-04-13 13:45,7774
2018-04-13 13:50,7844
2018-04-13 13:55,7954
2018-04-13 14:00,8030
2018-04-13 14:05,8105
2018-04-13 14:10,8164
2018-04-13 14:15,8210
2018-04-13 14:20,8321
2018-04-13 14:25,8407
2018-04-13 14:30,8541
2018-04-13 14:35,8651
2018-04-13 14:40,8764
2018-04-13 14:45,8834
2018-04-13 14:50,8848
2018-04-13 14:55,8949
2018-04-13 15:00,9053
2018-04-13 15:05,9134
2018-04-13 15:10,9216
2018-04-13 15:15,9264
2018-04-13 15:20,9348
2018-04-13 15:25,9366
2018-04-13 15:30,9512
2018-04-13 15:35,9544
2018-04-13 15:40,9558
2018-04-13 15:45,9616
2018-04-13 15:50,9656
2018-04-13 15:55,9671
2018-04-13 16:00,9773
2018-04-13 16:05,9797
2018-04-13 16:10,9889
2018-04-13 16:15,9995
2018-04-13 16:20,9995
2018-04-13 16:25,10054
2018-04-13 16:30,10135
2018-04-13 16:35,10211
2018-04-13 16:40,10281
2018-04-13 16:45,10388
2018-04-13 16:50,10493
2018-04-13 16:55,10542
2018-04-13 17:00,10565
2018-04-13 17:05,10607
2018-04-13 17:10,10639
2018-04-13 17:15,10683
2018-04-13 17:20,10748
2018-04-13 17:25,10807
2018-04-13 17:30,10817
2018-04-13 17:35,10880
2018-04-13 17:40,10958
2018-04-13 17:45,11019
2018-04-13 17:50,11097
2018-04-13 17:55,11125
2018-04-13 18:00,11248
2018-04-13 18:05,11304
2018-04-13 18:10,11449
2018-04-13 18:15,11485
2018-04-13 18:20,11575
2018-04-13 18:25,11619
2018-04-13 18:30,11716
2018-04-13 18:35,11733
2018-04-13 18:40,11790
2018-04-13 18:45,11861
2018-04-13 18:50,11983
2018-04-13 18:55,12058
2018-04-13 19:00,12102
2018-04-13 19:05,12074
2018-04-13 19:10,12207
2018-04-13 19:15,12267
2018-04-13 19:20,12283
2018-04-13 19:25,12368
2018-04-13 19:30,12455
2018-04-13 19:35,12562
2018-04-13 19:40,12568
2018-04-13 19:45,12647
2018-04-13 19:50,12693
2018-04-13 19:55,12703
2018-04-13 20:00,12700
2018-04-13 20:05,12731
2018-04-13 20:10,12745
2018-04-13 20:15,12759
2018-04-13 20:20,12808
2018-04-13 20:25,12858
2018-04-13 20:30,12850
2018-04-13 20:35,12853
2018-04-13 20:40,12867
2018-04-13 20:45,12912
2018-04-13 20:50,12866
2018-04-13 20:55,12816
2018-04-13 21:00,12780
2018-04-13 21:05,12781
2018-04-13 21:10,12730
2018-04-13 21:15,12658
2018-04-13 21:20,12676
2018-04-13 21:25,12632
2018-04-13 21:30,12542
2018-04-13 21:35,12510
2018-04-13 21:40,12457
2018-04-13 21:45,12356
2018-04-13 21:50,12302
2018-04-13 21:55,12298
2018-04-13 22:00,12365
2018-04-13 22:05,12277
2018-04-13 22:10,12218
2018-04-13 22:15,12148
2018-04-13 22:20,12067
2018-04-13 22:25,11960
2018-04-13 22:30,11818
2018-04-13 22:35,11758
2018-04-13 22:40,11648
2018-04-13 22:45,11495
2018-04-13 22:50,11405
2018-04-13 22:55,11344
2018-04-13 23:00,11269
2018-04-13 23:05,11194
2018-04-13 23:10,11123
2018-04-13 23:15,11038
2018-04-13 23:20,11031
2018-04-13 23:25,11030
2018-04-13 23:30,10918
2018-04-13 23:35,10904
2018-04-13 23:40,10878
2018-04-13 23:45,10753
2018-04-13 23:50,10633
2018-04-13 23:55,10606
2018-04-14 00:00,10501
2018-04-14 00:05,10396
2018-04-14 00:10,10294
2018-04-14 00:15,10293
2018-04-14 00:20,10201
2018-04-14 00:25,10258
2018-04-14 00:30,10209
2018-04-14 00:35,10241
2018-04-14 00:40,10256
2018-04-14 00:45,10190
2018-04-14 00:50,10104
2018-04-14 00:55,10046
2018-04-14 01:00,9990
2018-04-14 01:05,9946
2018-04-14 01:10,9879
2018-04-14 01:15,9898
2018-04-14 01:20,9925
2018-04-14 01:25,9899
2018-04-14 01:30,9917
2018-04-14 01:35,9920
2018-04-14 01:40,9947
2018-04-14 01:45,9940
2018-04-14 01:50,9921
2018-04-14 01:55,9888
2018-04-14 02:00,9819
2018-04-14 02:05,9847
2018-04-14 02:10,9824
2018-04-14 02:15,9866
2018-04-14 02:20,9802
2018-04-14 02:25,9769
2018-04-14 02:30,9701
2018-04-14 02:35,9738
2018-04-14 02:40,9706
2018-04-14 02:45,9662
2018-04-14 02:50,9643
2018-04-14 02:55,9596
2018-04-14 03:00,9508
2018-04-14 03:05,9506
2018-04-14 03:10,9433
2018-04-14 03:15,9413
2018-04-14 03:20,9353
2018-04-14 03:25,9275
2018-04-14 03:30,9176
2018-04-14 03:35,9092
2018-04-14 03:40,9045
2018-04-14 03:45,8963
2018-04-14 03:50,8905
2018-04-14 03:55,8847
2018-04-14 04:00,8757
2018-04-14 04:05,8670
2018-04-14 04:10,8569
2018-04-14 04:15,8478
2018-04-14 04:20,8428
2018-04-14 04:25,8385
2018-04-14 04:30,8346
2018-04-14 04:35,8258
2018-04-14 04:40,8208
2018-04-14 04:45,8078
2018-04-14 04:50,7985
2018-04-14 04:55,7843
2018-04-14 05:00,7802
2018-04-14 05:05,7708
2018-04-14 05:10,7614
2018-04-14 05:15,7496
2018-04-14 05:20,7376
2018-04-14 05:25,7227
2018-04-14 05:30,7126
2018-04-14 05:35,7066
2018-04-14 05:40,7000
2018-04-14 05:45,6947
2018-04-14 05:50,6860
2018-04-14 05:55,6744
2018-04-14 06:00,6651
2018-04-14 06:05,6593
2018-04-14 06:10,0
2018-04-14 06:15,6421
2018-04-14 06:20,6348
2018-04-14 06:25,6274
2018-04-14 06:30,6188
2018-04-14 06:35,6125
2018-04-14 06:40,6057
2018-04-14 06:45,6012
2018-04-14 06:50,5960
2018-04-14 06:55,5871
2018-04-14 07:00,5789
2018-04-14 07:05,5758
2018-04-14 07:10,5693
2018-04-14 07:15,5720
2018-04-14 07:20,5673
2018-04-14 07:25,5634
2018-04-14 07:30,5592
2018-04-14 07:35,5568
2018-04-14 07:40,5573
2018-04-14 07:45,5541
2018-04-14 07:50,5513
2018-04-14 07:55,5498
2018-04-14 08:00,5427
2018-04-14 08:05,5442
2018-04-14 08:10,5466
2018-04-14 08:15,5508
2018-04-14 08:20,5515
2018-04-14 08:25,5530
2018-04-14 08:30,5490
2018-04-14 08:35,5512
2018-04-14 08:40,5519
2018-04-14 08:45,5571
2018-04-14 08:50,5612
2018-04-14 08:55,5645
2018-04-14 09:00,5706
2018-04-14 09:05,5785
2018-04-14 09:10,5940
2018-04-14 09:15,5985
2018-04-14 09:20,6028
2018-04-14 09:25,6109
2018-04-14 09:30,6201
2018-04-14 09:35,6286
2018-04-14 09:40,6366
2018-04-14 09:45,6379
2018-04-14 09:50,6409
2018-04-14 09:55,6487
2018-04-14 10:00,6536
2018-04-14 10:05,6632
2018-04-14 10:10,6703
2018-04-14 10:15,6831
2018-04-14 10:20,6871
2018-04-14 10:25,6827
2018-04-14 10:30,6865
2018-04-14 10:35,6931
2018-04-14 10:40,6952
2018-04-14 10:45,6980
2018-04-14 10:50,7031
2018-04-14 10:55,7088
2018-04-14 11:00,7113
2018-04-14 11:05,7259
2018-04-14 11:10,7286
2018-04-14 11:15,7350
2018-04-14 11:20,7396
2018-04-14 11:25,7462
2018-04-14 11:30,7542
2018-04-14 11:35,7571
2018-04-14 11:40,7669
2018-04-14 11:45,7735
2018-04-14 11:50,7763
2018-04-14 11:55,7883
2018-04-14 12:00,7894
2018-04-14 12:05,7941
2018-04-14 12:10,8024
2018-04-14 12:15,8081
2018-04-14 12:20,8188
2018-04-14 12:25,8273
2018-04-14 12:30,8344
2018-04-14 12:35,8443
2018-04-14 12:40,8481
2018-04-14 12:45,8557
2018-04-14 12:50,8594
2018-04-14 12:55,8660
2018-04-14 13:00,8780
2018-04-14 13:05,8857
2018-04-14 13:10,8939
2018-04-14 13:15,9030
2018-04-14 13:20,9171
2018-04-14 13:25,9211
2018-04-14 13:30,9291
2018-04-14 13:35,9412
2018-04-14 13:40,9477
2018-04-14 13:45,9607
2018-04-14 13:50,9688
2018-04-14 13:55,9775
2018-04-14 14:00,9777
2018-04-14 14:05,9851
2018-04-14 14:10,9964
2018-04-14 14:15,10073
2018-04-14 14:20,10151
2018-04-14 14:25,10245
2018-04-14 14:30,10369
2018-04-14 14:35,10511
2018-04-14 14:40,10573
2018-04-14 14:45,10621
2018-04-14 14:50,10665
2018-04-14 14:55,10774
2018-04-14 15:00,10823
2018-04-14 15:05,10880
2018-04-14 15:10,10958
2018-04-14 15:15,10998
2018-04-14 15:20,11079
2018-04-14 15:25,11200
2018-04-14 15:30,11273
2018-04-14 15:35,11348
2018-04-14 15:40,11392
2018-04-14 15:45,11475
2018-04-14 15:50,11476
2018-04-14 15:55,11556
2018-04-14 16:00,11637
2018-04-14 16:05,11688
2018-04-14 16:10,11730
2018-04-14 16:15,11827
2018-04-14 16:20,11865
2018-04-14 16:25,11928
2018-04-14 16:30,12045
2018-04-14 16:35,12163
2018-04-14 16:40,12260
2018-04-14 16:45,12288
2018-04-14 16:50,12369
2018-04-14 16:55,12434
2018-04-14 17:00,12520
2018-04-14 17:05,12568
2018-04-14 17:10,12716
2018-04-14 17:15,12760
2018-04-14 17:20,12822
2018-04-14 17:25,12951
2018-04-14 17:30,13051
2018-04-14 17:35,13110
2018-04-14 17:40,13173
2018-04-14 17:45,13284
2018-04-14 17:50,13377
2018-04-14 17:55,13408
2018-04-14 18:00,13509
2018-04-14 18:05,13627
2018-04-14 18:10,13699
2018-04-14 18:15,13750
2018-04-14 18:20,13969
2018-04-14 18:25,14164
2018-04-14 18:30,14318
2018-04-14 18:35,14405
2018-04-14 18:40,14510
2018-04-14 18:45,14578
2018-04-14 18:50,14653
2018-04-14 18:55,14635
2018-04-14 19:00,14691
2018-04-14 19:05,14675
2018-04-14 19:10,14761
2018-04-14 19:15,14773
2018-04-14 19:20,14804
2018-04-14 19:25,14829
2018-04-14 19:30,14837
2018-04-14 19:35,14968
2018-04-14 19:40,14967
2018-04-14 19:45,15150
2018-04-14 19:50,15188
2018-04-14 19:55,15149
2018-04-14 20:00,15133
2018-04-14 20:05,15153
2018-04-14 20:10,15095
2018-04-14 20:15,15129
2018-04-14 20:20,15091
2018-04-14 20:25,15071
2018-04-14 20:30,15072
2018-04-14 20:35,15146
2018-04-14 20:40,15189
2018-04-14 20:45,15173
2018-04-14 20:50,15198
2018-04-14 20:55,15160
2018-04-14 21:00,15089
2018-04-14 21:05,15034
2018-04-14 21:10,14979
2018-04-14 21:15,14830
2018-04-14 21:20,14714
2018-04-14 21:25,14666
2018-04-14 21:30,14560
2018-04-14 21:35,14485
2018-04-14 21:40,14370
2018-04-14 21:45,14243
2018-04-14 21:50,14096
2018-04-14 21:55,14011
2018-04-14 22:00,13872
2018-04-14 22:05,13687
2018-04-14 22:10,13546
2018-04-14 22:15,13429
2018-04-14 22:20,13324
2018-04-14 22:25,13114
2018-04-14 22:30,13004
2018-04-14 22:35,12822
2018-04-14 22:40,12718
2018-04-14 22:45,12548
2018-04-14 22:50,12414
2018-04-14 22:55,12308
2018-04-14 23:00,12170
2018-04-14 23:05,12009
2018-04-14 23:10,11879
2018-04-14 23:15,11733
2018-04-14 23:20,11625
2018-04-14 23:25,11501
2018-04-14 23:30,11377
2018-04-14 23:35,11184
2018-04-14 23:40,11088
2018-04-14 23:45,10970
2018-04-14 23:50,10858
2018-04-14 23:55,10655
2018-04-15 00:00,10531
2018-04-15 00:05,10447
2018-04-15 00:10,10322
2018-04-15 00:15,10220
2018-04-15 00:20,10178
2018-04-15 00:25,10139
2018-04-15 00:30,10054
2018-04-15 00:35,9964
2018-04-15 00:40,9935
2018-04-15 00:45,9840
2018-04-15 00:50,9832
2018-04-15 00:55,9813
2018-04-15 01:00,9776
2018-04-15 01:05,9780
2018-04-15 01:10,9744
2018-04-15 01:15,9680
2018-04-15 01:20,9691
2018-04-15 01:25,9662
2018-04-15 01:30,9690
2018-04-15 01:35,9667
2018-04-15 01:40,9595
2018-04-15 01:45,9581
2018-04-15 01:50,9567
2018-04-15 01:55,9505
2018-04-15 02:00,9465
2018-04-15 02:05,9464
2018-04-15 02:10,9451
2018-04-15 02:15,9428
2018-04-15 02:20,9408
2018-04-15 02:25,9455
2018-04-15 02:30,9400
2018-04-15 02:35,9364
2018-04-15 02:40,9324
2018-04-15 02:45,9326
2018-04-15 02:50,9286
2018-04-15 02:55,9211
2018-04-15 03:00,9139
2018-04-15 03:05,9086
2018-04-15 03:10,9079
2018-04-15 03:15,9079
2018-04-15 03:20,9055
2018-04-15 03:25,8987
2018-04-15 03:30,8916
2018-04-15 03:35,8887
2018-04-15 03:40,8866
2018-04-15 03:45,8823
2018-04-15 03:50,8775
2018-04-15 03:55,8727
2018-04-15 04:00,8696
2018-04-15 04:05,8603
2018-04-15 04:10,8557
2018-04-15 04:15,8520
2018-04-15 04:20,8466
2018-04-15 04:25,8362
2018-04-15 04:30,8302
2018-04-15 04:35,8243
2018-04-15 04:40,8211
2018-04-15 04:45,8171
2018-04-15 04:50,8088
2018-04-15 04:55,8010
2018-04-15 05:00,7972
2018-04-15 05:05,7876
2018-04-15 05:10,7816
2018-04-15 05:15,7760
2018-04-15 05:20,7662
2018-04-15 05:25,7585
2018-04-15 05:30,7457
2018-04-15 05:35,7408
2018-04-15 05:40,7309
2018-04-15 05:45,7146
2018-04-15 05:50,7071
2018-04-15 05:55,6996
2018-04-15 06:00,6928
2018-04-15 06:05,6863
2018-04-15 06:10,6711
2018-04-15 06:15,6615
2018-04-15 06:20,6524
2018-04-15 06:25,6427
2018-04-15 06:30,6351
2018-04-15 06:35,6262
2018-04-15 06:40,6197
2018-04-15 06:45,6153
2018-04-15 06:50,6105
2018-04-15 06:55,6039
2018-04-15 07:00,5951
2018-04-15 07:05,5927
2018-04-15 07:10,5898
2018-04-15 07:15,5847
2018-04-15 07:20,5810
2018-04-15 07:25,5810
2018-04-15 07:30,5791
2018-04-15 07:35,5803
2018-04-15 07:40,5750
2018-04-15 07:45,5741
2018-04-15 07:50,5693
2018-04-15 07:55,5728
2018-04-15 08:00,5690
2018-04-15 08:05,5708
2018-04-15 08:10,5741
2018-04-15 08:15,5770
2018-04-15 08:20,5783
2018-04-15 08:25,5830
2018-04-15 08:30,5870
2018-04-15 08:35,5868
2018-04-15 08:40,5887
2018-04-15 08:45,5947
2018-04-15 08:50,5971
2018-04-15 08:55,
2018-04-15 09:00,6028
2018-04-15 09:05,6164
2018-04-15 09:10,6258
2018-04-15 09:15,6291
2018-04-15 09:20,6387
2018-04-15 09:25,6499
2018-04-15 09:30,6556
2018-04-15 09:35,6605
2018-04-15 09:40,6687
2018-04-15 09:45,6728
2018-04-15 09:50,6755
2018-04-15 09:55,6806
2018-04-15 10:00,6862
2018-04-15 10:05,6890
2018-04-15 10:10,6945
2018-04-15 10:15,7015
2018-04-15 10:20,7110
2018-04-15 10:25,7173
2018-04-15 10:30,7185
2018-04-15 10:35,7303
2018-04-15 10:40,7356
2018-04-15 10:45,7377
2018-04-15 10:50,7394
2018-04-15 10:55,7438
2018-04-15 11:00,7484
2018-04-15 11:05,7576
2018-04-15 11:10,7672
2018-04-15 11:15,7763
2018-04-15 11:20,7835
2018-04-15 11:25,7831
2018-04-15 11:30,7932
2018-04-15 11:35,8008
2018-04-15 11:40,7992
2018-04-15 11:45,8043
2018-04-15 11:50,8084
2018-04-15 11:55,8179
2018-04-15 12:00,8266
2018-04-15 12:05,8337
2018-04-15 12:10,8419
2018-04-15 12:15,8466
2018-04-15 12:20,8571
2018-04-15 12:25,8658
2018-04-15 12:30,8798
2018-04-15 12:35,8815
2018-04-15 12:40,8915
2018-04-15 12:45,8943
2018-04-15 12:50,9074
2018-04-15 12:55,9102
2018-04-15 13:00,9184
2018-04-15 13:05,9187
2018-04-15 13:10,9264
2018-04-15 13:15,9410
2018-04-15 13:20,9485
2018-04-15 13:25,9573
2018-04-15 13:30,9647
2018-04-15 13:35,9735
2018-04-15 13:40,9805
2018-04-15 13:45,9888
2018-04-15 13:50,9977
2018-04-15 13:55,10086
2018-04-15 14:00,10218
2018-04-15 14:05,10289
2018-04-15 14:10,10378
2018-04-15 14:15,10485
2018-04-15 14:20,10586
2018-04-15 14:25,10581
2018-04-15 14:30,10713
2018-04-15 14:35,10747
2018-04-15 14:40,10803
2018-04-15 14:45,10932
2018-04-15 14:50,11057
2018-04-15 14:55,11127
2018-04-15 15:00,11225
2018-04-15 15:05,11341
2018-04-15 15:10,11404
2018-04-15 15:15,11486
2018-04-15 15:20,11607
2018-04-15 15:25,11688
2018-04-15 15:30,11824
2018-04-15 15:35,11875
2018-04-15 15:40,11978
2018-04-15 15:45,0
2018-04-15 15:50,12061
2018-04-15 15:55,12135
2018-04-15 16:00,12180
2018-04-15 16:05,12243
2018-04-15 16:10,12333
2018-04-15 16:15,12344
2018-04-15 16:20,12477
2018-04-15 16:25,12514
2018-04-15 16:30,12573
2018-04-15 16:35,12658
2018-04-15 16:40,12745
2018-04-15 16:45,12835
2018-04-15 16:50,12917
2018-04-15 16:55,13026
2018-04-15 17:00,13103
2018-04-15 17:05,13153
2018-04-15 17:10,13319
2018-04-15 17:15,13461
2018-04-15 17:20,13585
2018-04-15 17:25,13609
2018-04-15 17:30,13720
2018-04-15 17:35,13879
2018-04-15 17:40,13980
2018-04-15 17:45,14080
2018-04-15 17:50,14168
2018-04-15 17:55,14272
2018-04-15 18:00,14274
2018-04-15 18:05,14333
2018-04-15 18:10,14473
2018-04-15 18:15,14773
2018-04-15 18:20,14860
2018-04-15 18:25,15093
2018-04-15 18:30,15118
2018-04-15 18:35,15257
2018-04-15 18:40,15337
2018-04-15 18:45,15382
2018-04-15 18:50,15402
2018-04-15 18:55,15416
2018-04-15 19:00,15397
2018-04-15 19:05,15407
2018-04-15 19:10,15380
2018-04-15 19:15,15446
2018-04-15 19:20,15371
2018-04-15 19:25,15585
2018-04-15 19:30,15489
2018-04-15 19:35,15456
2018-04-15 19:40,15395
2018-04-15 19:45,15372
2018-04-15 19:50,15335
2018-04-15 19:55,15240
2018-04-15 20:00,15231
2018-04-15 20:05,15131
2018-04-15 20:10,15116
2018-04-15 20:15,15125
2018-04-15 20:20,15077
2018-04-15 20:25,15027
2018-04-15 20:30,14879
2018-04-15 20:35,14827
2018-04-15 20:40,14678
2018-04-15 20:45,14521
2018-04-15 20:50,14402
2018-04-15 20:55,14227
2018-04-15 21:00,14049
2018-04-15 21:05,13843
2018-04-15 21:10,13706
2018-04-15 21:15,13594
2018-04-15 21:20,13456
2018-04-15 21:25,13318
2018-04-15 21:30,13122
2018-04-15 21:35,12956
2018-04-15 21:40,12833
2018-04-15 21:45,12899
2018-04-15 21:50,12789
2018-04-15 21:55,12617
2018-04-15 22:00,12432
2018-04-15 22:05,12344
2018-04-15 22:10,12198
2018-04-15 22:15,12101
2018-04-15 22:20,12004
2018-04-15 22:25,11880
2018-04-15 22:30,11774
2018-04-15 22:35,11712
2018-04-15 22:40,11590
2018-04-15 22:45,11558
2018-04-15 22:50,11410
2018-04-15 22:55,11177
2018-04-15 23:00,11091
2018-04-15 23:05,10875
2018-04-15 23:10,10738
2018-04-15 23:15,10635
2018-04-15 23:20,10457
2018-04-15 23:25,10393
2018-04-15 23:30,10272
2018-04-15 23:35,10218
2018-04-15 23:40,10117
2018-04-15 23:45,10066
2018-04-15 23:50,10036
2018-04-15 23:55,9996
2018-04-16 00:00,9917
2018-04-16 00:05,9823
2018-04-16 00:10,9755
2018-04-16 00:15,9758
2018-04-16 00:20,9725
2018-04-16 00:25,9669
2018-04-16 00:30,9623
2018-04-16 00:35,9613
2018-04-16 00:40,9592
2018-04-16 00:45,9540
2018-04-16 00:50,9495
2018-04-16 00:55,9491
2018-04-16 01:00,9381
2018-04-16 01:05,9314
2018-04-16 01:10,9250
2018-04-16 01:15,9252
2018-04-16 01:20,9167
2018-04-16 01:25,9135
2018-04-16 01:30,9019
2018-04-16 01:35,8973
2018-04-16 01:40,8933
2018-04-16 01:45,8896
2018-04-16 01:50,8859
2018-04-16 01:55,8769
2018-04-16 02:00,8688
2018-04-16 02:05,8596
2018-04-16 02:10,8525
2018-04-16 02:15,8459
2018-04-16 02:20,8402
2018-04-16 02:25,8324
2018-04-16 02:30,8253
2018-04-16 02:35,8222
2018-04-16 02:40,8187
2018-04-16 02:45,8106
2018-04-16 02:50,8053
2018-04-16 02:55,7914
2018-04-16 03:00,7827
2018-04-16 03:05,7724
2018-04-16 03:10,7610
2018-04-16 03:15,7523
2018-04-16 03:20,7350
2018-04-16 03:25,7267
2018-04-16 03:30,7119
2018-04-16 03:35,7034
2018-04-16 03:40,6965
2018-04-16 03:45,6852
2018-04-16 03:50,6752
2018-04-16 03:55,6711
2018-04-16 04:00,6581
2018-04-16 04:05,6506
2018-04-16 04:10,6400
2018-04-16 04:15,6289
2018-04-16 04:20,6207
2018-04-16 04:25,6144
2018-04-16 04:30,6042
2018-04-16 04:35,5892
2018-04-16 04:40,5795
2018-04-16 04:45,5732
2018-04-16 04:50,5645
2018-04-16 04:55,5569
2018-04-16 05:00,5497
2018-04-16 05:05,5412
2018-04-16 05:10,5290
2018-04-16 05:15,5195
2018-04-16 05:20,5089
2018-04-16 05:25,5022
2018-04-16 05:30,4909
2018-04-16 05:35,4809
2018-04-16 05:40,4740
2018-04-16 05:45,4666
2018-04-16 05:50,4604
2018-04-16 05:55,4500
2018-04-16 06:00,4445
2018-04-16 06:05,4354
2018-04-16 06:10,4282
2018-04-16 06:15,4264
2018-04-16 06:20,4159
2018-04-16 06:25,4074
2018-04-16 06:30,4013
2018-04-16 06:35,3979
2018-04-16 06:40,3951
2018-04-16 06:45,3880
2018-04-16 06:50,3822
2018-04-16 06:55,3777
2018-04-16 07:00,3743
2018-04-16 07:05,3703
2018-04-16 07:10,3663
2018-04-16 07:15,3639
2018-04-16 07:20,3618
2018-04-16 07:25,3591
2018-04-16 07:30,3587
2018-04-16 07:35,3572
2018-04-16 07:40,3575
2018-04-16 07:45,3595
2018-04-16 07:50,3595
2018-04-16 07:55,3566
2018-04-16 08:00,3540
2018-04-16 08:05,3515
2018-04-16 08:10,3532
2018-04-16 08:15,3547
2018-04-16 08:20,3554
2018-04-16 08:25,3539
2018-04-16 08:30,3550
2018-04-16 08:35,3550
2018-04-16 08:40,3564
2018-04-16 08:45,3572
2018-04-16 08:50,3550
2018-04-16 08:55,3576
2018-04-16 09:00,3566
2018-04-16 09:05,3643
2018-04-16 09:10,3698
2018-04-16 09:15,3683
2018-04-16 09:20,3704
2018-04-16 09:25,3704
2018-04-16 09:30,3740
2018-04-16 09:35,3794
2018-04-16 09:40,3815
2018-04-16 09:45,3833
2018-04-16 09:50,3901
2018-04-16 09:55,3946
2018-04-16 10:00,3953
2018-04-16 10:05,3969
2018-04-16 10:10,4010
2018-04-16 10:15,4043
2018-04-16 10:20,4080
2018-04-16 10:25,4128
2018-04-16 10:30,4182
2018-04-16 10:35,4259
2018-04-16 10:40,4309
2018-04-16 10:45,4332
2018-04-16 10:50,4395
2018-04-16 10:55,4411
2018-04-16 11:00,4436
2018-04-16 11:05,4422
2018-04-16 11:10,4505
2018-04-16 11:15,4540
2018-04-16 11:20,4588
2018-04-16 11:25,4643
2018-04-16 11:30,4743
2018-04-16 11:35,4772
2018-04-16 11:40,4869
2018-04-16 11:45,4962
2018-04-16 11:50,5008
2018-04-16 11:55,5042
2018-04-16 12:00,5089
2018-04-16 12:05,5102
2018-04-16 12:10,5207
2018-04-16 12:15,5280
2018-04-16 12:20,5327
2018-04-16 12:25,5321
2018-04-16 12:30,5419
2018-04-16 12:35,5489
2018-04-16 12:40,5490
2018-04-16 12:45,5590
2018-04-16 12:50,5665
2018-04-16 12:55,5747
2018-04-16 13:00,5832
2018-04-16 13:05,5899
2018-04-16 13:10,6006
2018-04-16 13:15,6126
2018-04-16 13:20,6248
2018-04-16 13:25,6307
2018-04-16 13:30,6442
2018-04-16 13:35,6537
2018-04-16 13:40,6678
2018-04-16 13:45,6746
2018-04-16 13:50,6815
2018-04-16 13:55,6921
2018-04-16 14:00,6991
2018-04-16 14:05,7108
2018-04-16 14:10,7178
2018-04-16 14:15,7243
2018-04-16 14:20,7351
2018-04-16 14:25,7477
2018-04-16 14:30,7561
2018-04-16 14:35,7660
2018-04-16 14:40,7789
2018-04-16 14:45,7895
2018-04-16 14:50,7942
2018-04-16 14:55,8059
2018-04-16 15:00,8150
2018-04-16 15:05,8174
2018-04-16 15:10,8279
2018-04-16 15:15,8374
2018-04-16 15:20,8452
2018-04-16 15:25,8552
2018-04-16 15:30,8655
2018-04-16 15:35,8703
2018-04-16 15:40,8722
2018-04-16 15:45,8848
2018-04-16 15:50,8946
2018-04-16 15:55,9027
2018-04-16 16:00,9102
2018-04-16 16:05,9183
2018-04-16 16:10,9219
2018-04-16 16:15,9347
2018-04-16 16:20,9428
2018-04-16 16:25,9476
2018-04-16 16:30,9604
2018-04-16 16:35,9709
2018-04-16 16:40,9872
2018-04-16 16:45,9892
2018-04-16 16:50,9997
2018-04-16 16:55,10123
2018-04-16 17:00,10265
2018-04-16 17:05,10317
2018-04-16 17:10,10406
2018-04-16 17:15,10560
2018-04-16 17:20,10555
2018-04-16 17:25,10668
2018-04-16 17:30,10709
2018-04-16 17:35,10812
2018-04-16 17:40,10879
2018-04-16 17:45,10865
2018-04-16 17:50,10963
2018-04-16 17:55,11026
2018-04-16 18:00,11164
2018-04-16 18:05,11193
2018-04-16 18:10,11285
2018-04-16 18:15,11283
2018-04-16 18:20,11342
2018-04-16 18:25,11431
2018-04-16 18:30,11507
2018-04-16 18:35,11548
2018-04-16 18:40,11650
2018-04-16 18:45,11665
2018-04-16 18:50,11742
2018-04-16 18:55,11799
2018-04-16 19:00,11869
2018-04-16 19:05,11915
2018-04-16 19:10,11884
2018-04-16 19:15,11926
2018-04-16 19:20,11945
2018-04-16 19:25,11984
2018-04-16 19:30,11930
2018-04-16 19:35,11923
2018-04-16 19:40,11811
2018-04-16 19:45,11767
2018-04-16 19:50,11726
2018-04-16 19:55,11735
2018-04-16 20:00,11668
2018-04-16 20:05,11550
2018-04-16 20:10,11468
2018-04-16 20:15,11475
2018-04-16 20:20,11439
2018-04-16 20:25,11378
2018-04-16 20:30,11286
2018-04-16 20:35,11198
2018-04-16 20:40,11153
2018-04-16 20:45,11138
2018-04-16 20:50,11056
2018-04-16 20:55,10935
2018-04-16 21:00,10873
2018-04-16 21:05,10737
2018-04-16 21:10,10586
2018-04-16 21:15,10388
2018-04-16 21:20,10244
2018-04-16 21:25,10188
2018-04-16 21:30,10044
2018-04-16 21:35,9916
2018-04-16 21:40,9837
2018-04-16 21:45,9743
2018-04-16 21:50,9669
2018-04-16 21:55,9606
2018-04-16 22:00,9549
2018-04-16 22:05,9421
2018-04-16 22:10,9343
2018-04-16 22:15,9240
2018-04-16 22:20,9165
2018-04-16 22:25,9150
2018-04-16 22:30,9102
2018-04-16 22:35,9089
2018-04-16 22:40,9032
2018-04-16 22:45,9005
2018-04-16 22:50,8986
2018-04-16 22:55,8964
2018-04-16 23:00,8866
2018-04-16 23:05,8830
2018-04-16 23:10,8760
2018-04-16 23:15,8732
2018-04-16 23:20,8699
2018-04-16 23:25,8713
2018-04-16 23:30,8715
2018-04-16 23:35,8674
2018-04-16 23:40,8670
2018-04-16 23:45,8723
2018-04-16 23:50,8699
2018-04-16 23:55,8724
2018-04-17 00:00,8665
2018-04-17 00:05,8552
2018-04-17 00:10,8505
2018-04-17 00:15,8499
2018-04-17 00:20,8511
2018-04-17 00:25,8549
2018-04-17 00:30,8579
2018-04-17 00:35,8566
2018-04-17 00:40,8528
2018-04-17 00:45,8536
2018-04-17 00:50,8537
2018-04-17 00:55,8604
2018-04-17 01:00,8596
2018-04-17 01:05,8579
2018-04-17 01:10,8596
2018-04-17 01:15,8568
2018-04-17 01:20,8556
2018-04-17 01:25,8516
2018-04-17 01:30,8479
2018-04-17 01:35,8437
2018-04-17 01:40,8401
2018-04-17 01:45,8406
2018-04-17 01:50,8424
2018-04-17 01:55,8375
2018-04-17 02:00,8341
2018-04-17 02:05,8252
2018-04-17 02:10,8245
2018-04-17 02:15,8209
2018-04-17 02:20,8214
2018-04-17 02:25,8153
2018-04-17 02:30,8076
2018-04-17 02:35,8010
2018-04-17 02:40,7930
2018-04-17 02:45,7890
2018-04-17 02:50,7819
2018-04-17 02:55,7683
2018-04-17 03:00,7600
2018-04-17 03:05,7431
2018-04-17 03:10,7344
2018-04-17 03:15,7281
2018-04-17 03:20,7173
2018-04-17 03:25,7058
2018-04-17 03:30,6967
2018-04-17 03:35,6836
2018-04-17 03:40,6725
2018-04-17 03:45,6665
2018-04-17 03:50,6612
2018-04-17 03:55,6500
2018-04-17 04:00,6435
2018-04-17 04:05,6369
2018-04-17 04:10,6257
2018-04-17 04:15,6072
2018-04-17 04:20,6004
2018-04-17 04:25,5914
2018-04-17 04:30,5824
2018-04-17 04:35,5726
2018-04-17 04:40,5631
2018-04-17 04:45,5533
2018-04-17 04:50,5447
2018-04-17 04:55,5312
2018-04-17 05:00,5214
2018-04-17 05:05,5175
2018-04-17 05:10,5054
2018-04-17 05:15,4953
2018-04-17 05:20,4881
2018-04-17 05:25,4801
2018-04-17 05:30,4714
2018-04-17 05:35,4693
2018-04-17 05:40,4576
2018-04-17 05:45,4515
2018-04-17 05:50,4418
2018-04-17 05:55,4338
2018-04-17 06:00,4263
2018-04-17 06:05,4184
2018-04-17 06:10,4131
2018-04-17 06:15,4074
2018-04-17 06:20,4041
2018-04-17 06:25,3940
2018-04-17 06:30,3877
2018-04-17 06:35,3834
2018-04-17 06:40,3829
2018-04-17 06:45,3780
2018-04-17 06:50,3717
2018-04-17 06:55,3712
2018-04-17 07:00,3673
2018-04-17 07:05,3636
2018-04-17 07:10,3591
2018-04-17 07:15,3568
2018-04-17 07:20,3561
2018-04-17 07:25,3559
2018-04-17 07:30,3527
2018-04-17 07:35,3512
2018-04-17 07:40,3519
2018-04-17 07:45,3517
2018-04-17 07:50,3504
2018-04-17 07:55,3495
2018-04-17 08:00,3492
2018-04-17 08:05,3468
2018-04-17 08:10,3497
2018-04-17 08:15,3517
2018-04-17 08:20,3482
2018-04-17 08:25,3455
2018-04-17 08:30,3449
2018-04-17 08:35,3456
2018-04-17 08:40,3467
2018-04-17 08:45,3440
2018-04-17 08:50,3473
2018-04-17 08:55,3464
2018-04-17 09:00,3458
2018-04-17 09:05,3519
2018-04-17 09:10,3580
2018-04-17 09:15,3656
2018-04-17 09:20,3709
2018-04-17 09:25,3771
2018-04-17 09:30,3788
2018-04-17 09:35,3844
2018-04-17 09:40,3876
2018-04-17 09:45,3946
2018-04-17 09:50,4022
2018-04-17 09:55,4014
2018-04-17 10:00,4013
2018-04-17 10:05,4031
2018-04-17 10:10,4073
2018-04-17 10:15,4083
2018-04-17 10:20,4147
2018-04-17 10:25,4194
2018-04-17 10:30,4220
2018-04-17 10:35,4285
2018-04-17 10:40,4338
2018-04-17 10:45,4398
2018-04-17 10:50,4446
2018-04-17 10:55,4468
2018-04-17 11:00,4462
2018-04-17 11:05,4524
2018-04-17 11:10,4574
2018-04-17 11:15,4651
2018-04-17 11:20,4685
2018-04-17 11:25,4725
2018-04-17 11:30,4838
2018-04-17 11:35,4910
2018-04-17 11:40,4979
2018-04-17 11:45,5083
2018-04-17 11:50,5152
2018-04-17 11:55,5175
2018-04-17 12:00,5197
2018-04-17 12:05,5270
2018-04-17 12:10,5374
2018-04-17 12:15,5402
2018-04-17 12:20,5437
2018-04-17 12:25,5553
2018-04-17 12:30,5638
2018-04-17 12:35,5658
2018-04-17 12:40,5746
2018-04-17 12:45,5783
2018-04-17 12:50,5866
2018-04-17 12:55,5899
2018-04-17 13:00,6028
2018-04-17 13:05,6090
2018-04-17 13:10,6223
2018-04-17 13:15,6325
2018-04-17 13:20,6398
2018-04-17 13:25,6536
2018-04-17 13:30,6608
2018-04-17 13:35,6727
2018-04-17 13:40,6859
2018-04-17 13:45,6931
2018-04-17 13:50,6955
2018-04-17 13:55,7019
2018-04-17 14:00,7121
2018-04-17 14:05,7178
2018-04-17 14:10,7259
2018-04-17 14:15,7280
2018-04-17 14:20,7420
2018-04-17 14:25,7550
2018-04-17 14:30,7589
2018-04-17 14:35,7657
2018-04-17 14:40,7726
2018-04-17 14:45,7747
2018-04-17 14:50,7884
2018-04-17 14:55,7934
2018-04-17 15:00,7995
2018-04-17 15:05,8086
2018-04-17 15:10,8091
2018-04-17 15:15,8191
2018-04-17 15:20,8320
2018-04-17 15:25,8350
2018-04-17 15:30,8352
2018-04-17 15:35,8463
2018-04-17 15:40,8508
2018-04-17 15:45,8605
2018-04-17 15:50,8701
2018-04-17 15:55,8819
2018-04-17 16:00,8858
2018-04-17 16:05,8899
2018-04-17 16:10,8971
2018-04-17 16:15,9089
2018-04-17 16:20,9136
2018-04-17 16:25,9222
2018-04-17 16:30,9320
2018-04-17 16:35,9400
2018-04-17 16:40,9520
2018-04-17 16:45,9579
2018-04-17 16:50,9745
2018-04-17 16:55,9774
2018-04-17 17:00,9842
2018-04-17 17:05,9925
2018-04-17 17:10,9992
2018-04-17 17:15,10066
2018-04-17 17:20,10100
2018-04-17 17:25,10238
2018-04-17 17:30,10541
2018-04-17 17:35,10756
2018-04-17 17:40,10849
2018-04-17 17:45,10990
2018-04-17 17:50,11073
2018-04-17 17:55,11155
2018-04-17 18:00,11276
2018-04-17 18:05,11400
2018-04-17 18:10,11527
2018-04-17 18:15,11603
2018-04-17 18:20,11817
2018-04-17 18:25,11994
2018-04-17 18:30,12002
2018-04-17 18:35,12019
2018-04-17 18:40,12106
2018-04-17 18:45,12191
2018-04-17 18:50,12257
2018-04-17 18:55,12250
2018-04-17 19:00,12313
2018-04-17 19:05,12308
2018-04-17 19:10,12316
2018-04-17 19:15,12380
2018-04-17 19:20,12368
2018-04-17 19:25,12338
2018-04-17 19:30,12373
2018-04-17 19:35,12375
2018-04-17 19:40,12364
2018-04-17 19:45,12294
2018-04-17 19:50,12243
2018-04-17 19:55,12195
2018-04-17 20:00,12167
2018-04-17 20:05,12153
2018-04-17 20:10,12032
2018-04-17 20:15,11907
2018-04-17 20:20,11803
2018-04-17 20:25,11753
2018-04-17 20:30,11661
2018-04-17 20:35,11571
2018-04-17 20:40,11560
2018-04-17 20:45,11460
2018-04-17 20:50,11326
2018-04-17 20:55,11262
2018-04-17 21:00,11355
2018-04-17 21:05,11198
2018-04-17 21:10,11094
2018-04-17 21:15,11009
2018-04-17 21:20,10791
2018-04-17 21:25,10658
2018-04-17 21:30,10466
2018-04-17 21:35,10345
2018-04-17 21:40,10202
2018-04-17 21:45,10051
2018-04-17 21:50,9957
2018-04-17 21:55,9809
2018-04-17 22:00,9612
2018-04-17 22:05,9547
2018-04-17 22:10,9486
2018-04-17 22:15,9275
2018-04-17 22:20,9148
2018-04-17 22:25,9143
2018-04-17 22:30,9119
2018-04-17 22:35,9081
2018-04-17 22:40,9031
2018-04-17 22:45,8966
2018-04-17 22:50,8913
2018-04-17 22:55,8885
2018-04-17 23:00,8916
2018-04-17 23:05,8835
2018-04-17 23:10,8836
2018-04-17 23:15,8786
2018-04-17 23:20,8757
2018-04-17 23:25,8717
2018-04-17 23:30,8725
2018-04-17 23:35,8735
2018-04-17 23:40,8712
2018-04-17 23:45,8695
2018-04-17 23:50,8656
2018-04-17 23:55,8647
2018-04-18 00:00,8633
2018-04-18 00:05,8651
2018-04-18 00:10,8590
2018-04-18 00:15,8613
2018-04-18 00:20,8571
2018-04-18 00:25,8518
2018-04-18 00:30,8518
2018-04-18 00:35,8511
2018-04-18 00:40,8521
2018-04-18 00:45,8536
2018-04-18 00:50,8550
2018-04-18 00:55,8562
2018-04-18 01:00,8537
2018-04-18 01:05,8563
2018-04-18 01:10,8447
2018-04-18 01:15,8443
2018-04-18 01:20,8456
2018-04-18 01:25,8437
2018-04-18 01:30,8376
2018-04-18 01:35,8431
2018-04-18 01:40,8401
2018-04-18 01:45,8334
2018-04-18 01:50,8309
2018-04-18 01:55,8249
2018-04-18 02:00,8214
2018-04-18 02:05,8151
2018-04-18 02:10,8028
2018-04-18 02:15,8019
2018-04-18 02:20,7952
2018-04-18 02:25,7894
2018-04-18 02:30,7844
2018-04-18 02:35,7815
2018-04-18 02:40,7784
2018-04-18 02:45,7729
2018-04-18 02:50,7640
2018-04-18 02:55,7590
2018-04-18 03:00,7545
2018-04-18 03:05,7419
2018-04-18 03:10,7290
2018-04-18 03:15,7163
2018-04-18 03:20,7073
2018-04-18 03:25,6950
2018-04-18 03:30,6899
2018-04-18 03:35,6810
2018-04-18 03:40,6737
2018-04-18 03:45,6675
2018-04-18 03:50,6598
2018-04-18 03:55,6496
2018-04-18 04:00,6412
2018-04-18 04:05,6260
2018-04-18 04:10,6164
2018-04-18 04:15,6076
2018-04-18 04:20,5956
2018-04-18 04:25,5864
2018-04-18 04:30,5747
2018-04-18 04:35,5687
2018-04-18 04:40,5563
2018-04-18 04:45,5439
2018-04-18 04:50,5377
2018-04-18 04:55,5294
2018-04-18 05:00,5212
2018-04-18 05:05,5091
2018-04-18 05:10,4972
2018-04-18 05:15,4851
2018-04-18 05:20,4760
2018-04-18 05:25,4671
2018-04-18 05:30,4536
2018-04-18 05:35,4448
2018-04-18 05:40,4387
2018-04-18 05:45,4344
2018-04-18 05:50,4259
2018-04-18 05:55,4210
2018-04-18 06:00,4144
2018-04-18 06:05,4090
2018-04-18 06:10,4014
2018-04-18 06:15,3923
2018-04-18 06:20,3908
2018-04-18 06:25,3841
2018-04-18 06:30,3771
2018-04-18 06:35,3745
2018-04-18 06:40,3690
2018-04-18 06:45,3671
2018-04-18 06:50,3599
2018-04-18 06:55,3574
2018-04-18 07:00,3564
2018-04-18 07:05,3586
2018-04-18 07:10,3561
2018-04-18 07:15,3562
2018-04-18 07:20,3521
2018-04-18 07:25,3452
2018-04-18 07:30,3440
2018-04-18 07:35,3412
2018-04-18 07:40,3398
2018-04-18 07:45,3399
2018-04-18 07:50,3427
2018-04-18 07:55,3401
2018-04-18 08:00,3385
2018-04-18 08:05,3387
2018-04-18 08:10,3381
2018-04-18 08:15,3386
2018-04-18 08:20,3410
2018-04-18 08:25,3411
2018-04-18 08:30,3402
2018-04-18 08:35,3427
2018-04-18 08:40,3478
2018-04-18 08:45,3452
2018-04-18 08:50,3456
2018-04-18 08:55,3433
2018-04-18 09:00,3461
2018-04-18 09:05,3570
2018-04-18 09:10,3612
2018-04-18 09:15,3622
2018-04-18 09:20,3657
2018-04-18 09:25,3709
2018-04-18 09:30,3757
2018-04-18 09:35,3817
2018-04-18 09:40,3893
2018-04-18 09:45,3951
2018-04-18 09:50,3972
2018-04-18 09:55,3991
2018-04-18 10:00,4047
2018-04-18 10:05,4036
2018-04-18 10:10,4090
2018-04-18 10:15,4109
2018-04-18 10:20,4151
2018-04-18 10:25,4155
2018-04-18 10:30,4149
2018-04-18 10:35,4210
2018-04-18 10:40,4197
2018-04-18 10:45,4240
2018-04-18 10:50,4290
2018-04-18 10:55,4310
2018-04-18 11:00,4333
2018-04-18 11:05,4386
2018-04-18 11:10,4434
2018-04-18 11:15,4483
2018-04-18 11:20,4551
2018-04-18 11:25,4639
2018-04-18 11:30,4706
2018-04-18 11:35,4721
2018-04-18 11:40,4807
2018-04-18 11:45,4870
2018-04-18 11:50,4915
2018-04-18 11:55,4992
2018-04-18 12:00,5044
2018-04-18 12:05,5111
2018-04-18 12:10,5164
2018-04-18 12:15,5272
2018-04-18 12:20,5392
2018-04-18 12:25,5442
2018-04-18 12:30,5539
2018-04-18 12:35,5574
2018-04-18 12:40,5617
2018-04-18 12:45,5662
2018-04-18 12:50,5708
2018-04-18 12:55,5798
2018-04-18 13:00,5851
2018-04-18 13:05,5938
2018-04-18 13:10,6027
2018-04-18 13:15,6089
2018-04-18 13:20,6182
2018-04-18 13:25,6244
2018-04-18 13:30,6347
2018-04-18 13:35,6450
2018-04-18 13:40,6531
2018-04-18 13:45,6582
2018-04-18 13:50,6663
2018-04-18 13:55,6757
2018-04-18 14:00,6878
2018-04-18 14:05,7000
2018-04-18 14:10,7102
2018-04-18 14:15,7204
2018-04-18 14:20,7262
2018-04-18 14:25,7315
2018-04-18 14:30,7412
2018-04-18 14:35,7496
2018-04-18 14:40,7583
2018-04-18 14:45,7659
2018-04-18 14:50,7704
2018-04-18 14:55,7766
2018-04-18 15:00,7789
2018-04-18 15:05,7864
2018-04-18 15:10,7909
2018-04-18 15:15,8007
2018-04-18 15:20,8070
2018-04-18 15:25,8149
2018-04-18 15:30,8241
2018-04-18 15:35,8350
2018-04-18 15:40,8381
2018-04-18 15:45,8441
2018-04-18 15:50,8491
2018-04-18 15:55,8474
2018-04-18 16:00,8531
2018-04-18 16:05,8547
2018-04-18 16:10,8704
2018-04-18 16:15,8774
2018-04-18 16:20,8909
2018-04-18 16:25,8937
2018-04-18 16:30,9038
2018-04-18 16:35,9192
2018-04-18 16:40,9302
2018-04-18 16:45,9332
2018-04-18 16:50,9407
2018-04-18 16:55,9482
2018-04-18 17:00,9627
2018-04-18 17:05,9670
2018-04-18 17:10,9699
2018-04-18 17:15,9744
2018-04-18 17:20,9829
2018-04-18 17:25,9897
2018-04-18 17:30,10038
2018-04-18 17:35,10045
2018-04-18 17:40,10105
2018-04-18 17:45,10111
2018-04-18 17:50,10194
2018-04-18 17:55,10249
2018-04-18 18:00,10356
2018-04-18 18:05,10460
2018-04-18 18:10,10561
2018-04-18 18:15,10664
2018-04-18 18:20,10739
2018-04-18 18:25,10859
2018-04-18 18:30,10930
2018-04-18 18:35,10954
2018-04-18 18:40,10939
2018-04-18 18:45,11015
2018-04-18 18:50,11011
2018-04-18 18:55,11081
2018-04-18 19:00,11134
2018-04-18 19:05,11187
2018-04-18 19:10,11211
2018-04-18 19:15,11261
2018-04-18 19:20,11242
2018-04-18 19:25,11240
2018-04-18 19:30,11152
2018-04-18 19:35,11139
2018-04-18 19:40,11112
2018-04-18 19:45,11077
2018-04-18 19:50,11044
2018-04-18 19:55,11078
2018-04-18 20:00,10934
2018-04-18 20:05,10854
2018-04-18 20:10,10839
2018-04-18 20:15,10800
2018-04-18 20:20,10740
2018-04-18 20:25,10735
2018-04-18 20:30,10712
2018-04-18 20:35,10692
2018-04-18 20:40,10683
2018-04-18 20:45,10744
2018-04-18 20:50,10715
2018-04-18 20:55,10645
2018-04-18 21:00,10621
2018-04-18 21:05,10599
2018-04-18 21:10,10513
2018-04-18 21:15,10439
2018-04-18 21:20,10387
2018-04-18 21:25,10299
2018-04-18 21:30,10253
2018-04-18 21:35,10143
2018-04-18 21:40,10063
2018-04-18 21:45,10030
2018-04-18 21:50,9980
2018-04-18 21:55,9913
2018-04-18 22:00,9800
2018-04-18 22:05,9700
2018-04-18 22:10,9606
2018-04-18 22:15,9550
2018-04-18 22:20,9660
2018-04-18 22:25,9672
2018-04-18 22:30,9607
2018-04-18 22:35,9570
2018-04-18 22:40,9516
2018-04-18 22:45,9513
2018-04-18 22:50,9430
2018-04-18 22:55,9431
2018-04-18 23:00,9370
2018-04-18 23:05,9396
2018-04-18 23:10,9434
2018-04-18 23:15,9383
2018-04-18 23:20,9375
2018-04-18 23:25,9371
2018-04-18 23:30,9349
2018-04-18 23:35,9321
2018-04-18 23:40,9343
2018-04-18 23:45,9267
2018-04-18 23:50,9225
2018-04-18 23:55,9166
2018-04-19 00:00,9131
2018-04-19 00:05,9109
2018-04-19 00:10,9167
2018-04-19 00:15,9151
2018-04-19 00:20,9133
2018-04-19 00:25,9114
2018-04-19 00:30,9103
2018-04-19 00:35,9076
2018-04-19 00:40,9082
2018-04-19 00:45,9118
2018-04-19 00:50,9089
2018-04-19 00:55,9061
2018-04-19 01:00,9062
2018-04-19 01:05,8971
2018-04-19 01:10,8941
2018-04-19 01:15,8929
2018-04-19 01:20,8938
2018-04-19 01:25,8916
2018-04-19 01:30,8901
2018-04-19 01:35,8978
2018-04-19 01:40,8921
2018-04-19 01:45,8951
2018-04-19 01:50,8920
2018-04-19 01:55,8915
2018-04-19 02:00,8819
2018-04-19 02:05,8660
2018-04-19 02:10,8612
2018-04-19 02:15,8542
2018-04-19 02:20,8481
2018-04-19 02:25,8417
2018-04-19 02:30,8325
2018-04-19 02:35,8265
2018-04-19 02:40,8147
2018-04-19 02:45,8043
2018-04-19 02:50,7944
2018-04-19 02:55,7831
2018-04-19 03:00,7755
2018-04-19 03:05,7646
2018-04-19 03:10,7508
2018-04-19 03:15,7393
2018-04-19 03:20,7341
2018-04-19 03:25,7254
2018-04-19 03:30,7169
2018-04-19 03:35,7058
2018-04-19 03:40,7019
2018-04-19 03:45,6963
2018-04-19 03:50,6830
2018-04-19 03:55,6762
2018-04-19 04:00,6700
2018-04-19 04:05,6639
2018-04-19 04:10,6535
2018-04-19 04:15,6441
2018-04-19 04:20,6386
2018-04-19 04:25,6278
2018-04-19 04:30,6135
2018-04-19 04:35,6016
2018-04-19 04:40,5934
2018-04-19 04:45,5776
2018-04-19 04:50,5692
2018-04-19 04:55,5532
2018-04-19 05:00,5404
2018-04-19 05:05,5282
2018-04-19 05:10,5181
2018-04-19 05:15,5070
2018-04-19 05:20,4961
2018-04-19 05:25,4910
2018-04-19 05:30,4799
2018-04-19 05:35,4728
2018-04-19 05:40,4603
2018-04-19 05:45,4543
2018-04-19 05:50,4458
2018-04-19 05:55,4377
2018-04-19 06:00,4315
2018-04-19 06:05,4246
2018-04-19 06:10,4161
2018-04-19 06:15,4095
2018-04-19 06:20,4055
2018-04-19 06:25,4013
2018-04-19 06:30,3960
2018-04-19 06:35,3913
2018-04-19 06:40,3860
2018-04-19 06:45,3775
2018-04-19 06:50,3722
2018-04-19 06:55,3684
2018-04-19 07:00,3661
2018-04-19 07:05,3625
2018-04-19 07:10,3595
2018-04-19 07:15,3572
2018-04-19 07:20,3565
2018-04-19 07:25,3558
2018-04-19 07:30,3546
2018-04-19 07:35,3531
2018-04-19 07:40,3543
2018-04-19 07:45,3562
2018-04-19 07:50,3555
2018-04-19 07:55,3547
2018-04-19 08:00,3532
2018-04-19 08:05,3559
2018-04-19 08:10,3572
2018-04-19 08:15,3619
2018-04-19 08:20,3564
2018-04-19 08:25,3580
2018-04-19 08:30,3582
2018-04-19 08:35,3549
2018-04-19 08:40,3580
2018-04-19 08:45,3590
2018-04-19 08:50,3604
2018-04-19 08:55,3618
2018-04-19 09:00,3609
2018-04-19 09:05,3648
2018-04-19 09:10,3628
2018-04-19 09:15,3658
2018-04-19 09:20,3726
2018-04-19 09:25,3718
2018-04-19 09:30,3766
2018-04-19 09:35,3800
2018-04-19 09:40,3852
2018-04-19 09:45,3885
2018-04-19 09:50,3894
2018-04-19 09:55,3898
2018-04-19 10:00,3908
2018-04-19 10:05,3948
2018-04-19 10:10,3977
2018-04-19 10:15,4018
2018-04-19 10:20,4074
2018-04-19 10:25,4155
2018-04-19 10:30,4127
2018-04-19 10:35,4177
2018-04-19 10:40,4212
2018-04-19 10:45,4234
2018-04-19 10:50,4255
2018-04-19 10:55,4318
2018-04-19 11:00,4367
2018-04-19 11:05,4396
2018-04-19 11:10,4463
2018-04-19 11:15,4512
2018-04-19 11:20,4533
2018-04-19 11:25,4573
2018-04-19 11:30,4577
2018-04-19 11:35,4597
2018-04-19 11:40,4666
2018-04-19 11:45,4708
2018-04-19 11:50,4795
2018-04-19 11:55,4858
2018-04-19 12:00,4937
2018-04-19 12:05,5021
2018-04-19 12:10,5087
2018-04-19 12:15,5141
2018-04-19 12:20,5223
2018-04-19 12:25,5286
2018-04-19 12:30,5356
2018-04-19 12:35,5422
2018-04-19 12:40,5527
2018-04-19 12:45,5593
2018-04-19 12:50,5703
2018-04-19 12:55,5763
2018-04-19 13:00,5816
2018-04-19 13:05,5938
2018-04-19 13:10,6008
2018-04-19 13:15,6076
2018-04-19 13:20,6105
2018-04-19 13:25,6175
2018-04-19 13:30,6223
2018-04-19 13:35,6313
2018-04-19 13:40,6384
2018-04-19 13:45,6452
2018-04-19 13:50,6505
2018-04-19 13:55,6608
2018-04-19 14:00,6719
2018-04-19 14:05,6776
2018-04-19 14:10,6768
2018-04-19 14:15,6836
2018-04-19 14:20,6948
2018-04-19 14:25,6984
2018-04-19 14:30,7024
2018-04-19 14:35,7125
2018-04-19 14:40,7180
2018-04-19 14:45,7301
2018-04-19 14:50,7348
2018-04-19 14:55,7451
2018-04-19 15:00,7508
2018-04-19 15:05,7597
2018-04-19 15:10,7649
2018-04-19 15:15,7731
2018-04-19 15:20,7789
2018-04-19 15:25,7890
2018-04-19 15:30,7933
2018-04-19 15:35,8029
2018-04-19 15:40,8019
2018-04-19 15:45,8120
2018-04-19 15:50,8197
2018-04-19 15:55,8224
2018-04-19 16:00,8309
2018-04-19 16:05,8377
2018-04-19 16:10,8455
2018-04-19 16:15,8547
2018-04-19 16:20,8641
2018-04-19 16:25,8754
2018-04-19 16:30,8822
2018-04-19 16:35,8889
2018-04-19 16:40,8979
2018-04-19 16:45,8997
2018-04-19 16:50,9071
2018-04-19 16:55,9176
2018-04-19 17:00,9235
2018-04-19 17:05,9372
2018-04-19 17:10,9439
2018-04-19 17:15,9489
2018-04-19 17:20,9560
2018-04-19 17:25,9677
2018-04-19 17:30,9727
2018-04-19 17:35,9797
2018-04-19 17:40,9875
2018-04-19 17:45,10057
2018-04-19 17:50,10075
2018-04-19 17:55,10436
2018-04-19 18:00,10642
2018-04-19 18:05,10776
2018-04-19 18:10,10858
2018-04-19 18:15,10948
2018-04-19 18:20,10988
2018-04-19 18:25,11048
2018-04-19 18:30,11094
2018-04-19 18:35,11217
2018-04-19 18:40,11268
2018-04-19 18:45,11361
2018-04-19 18:50,11408
2018-04-19 18:55,11436
2018-04-19 19:00,11380
2018-04-19 19:05,11427
2018-04-19 19:10,11432
2018-04-19 19:15,11520
2018-04-19 19:20,11495
2018-04-19 19:25,11605
2018-04-19 19:30,11664
2018-04-19 19:35,11682
2018-04-19 19:40,11977
2018-04-19 19:45,11941
2018-04-19 19:50,11895
2018-04-19 19:55,11810
2018-04-19 20:00,11754
2018-04-19 20:05,11682
2018-04-19 20:10,11614
2018-04-19 20:15,11590
2018-04-19 20:20,11606
2018-04-19 20:25,11537
2018-04-19 20:30,11461
2018-04-19 20:35,11351
2018-04-19 20:40,11327
2018-04-19 20:45,11233
2018-04-19 20:50,11185
2018-04-19 20:55,11096
2018-04-19 21:00,11014
2018-04-19 21:05,10850
2018-04-19 21:10,10738
2018-04-19 21:15,10670
2018-04-19 21:20,10587
2018-04-19 21:25,10616
2018-04-19 21:30,10419
2018-04-19 21:35,10264
2018-04-19 21:40,10208
2018-04-19 21:45,10146
2018-04-19 21:50,10016
2018-04-19 21:55,9933
2018-04-19 22:00,9795
2018-04-19 22:05,9676
2018-04-19 22:10,9589
2018-04-19 22:15,9486
2018-04-19 22:20,9401
2018-04-19 22:25,9241
2018-04-19 22:30,9115
2018-04-19 22:35,9053
2018-04-19 22:40,8974
2018-04-19 22:45,8889
2018-04-19 22:50,8781
2018-04-19 22:55,8766
2018-04-19 23:00,8745
2018-04-19 23:05,8757
2018-04-19 23:10,8701
2018-04-19 23:15,8677
2018-04-19 23:20,8672
2018-04-19 23:25,8572
2018-04-19 23:30,8540
2018-04-19 23:35,8508
2018-04-19 23:40,8529
2018-04-19 23:45,8413
2018-04-19 23:50,8390
2018-04-19 23:55,8320
2018-04-20 00:00,8282
2018-04-20 00:05,8263
2018-04-20 00:10,8251
2018-04-20 00:15,8198
2018-04-20 00:20,8174
2018-04-20 00:25,8216
2018-04-20 00:30,8210
2018-04-20 00:35,8170
2018-04-20 00:40,8182
2018-04-20 00:45,8161
2018-04-20 00:50,8132
2018-04-20 00:55,8096
2018-04-20 01:00,8077
2018-04-20 01:05,8096
2018-04-20 01:10,8120
2018-04-20 01:15,8095
2018-04-20 01:20,8087
2018-04-20 01:25,8059
2018-04-20 01:30,8073
2018-04-20 01:35,8096
2018-04-20 01:40,8076
2018-04-20 01:45,8072
2018-04-20 01:50,8022
2018-04-20 01:55,7999
2018-04-20 02:00,7929
2018-04-20 02:05,7926
2018-04-20 02:10,7867
2018-04-20 02:15,7811
2018-04-20 02:20,7805
2018-04-20 02:25,7759
2018-04-20 02:30,7688
2018-04-20 02:35,7622
2018-04-20 02:40,7573
2018-04-20 02:45,7555
2018-04-20 02:50,7525
2018-04-20 02:55,7410
2018-04-20 03:00,7366
2018-04-20 03:05,7254
2018-04-20 03:10,7136
2018-04-20 03:15,7121
2018-04-20 03:20,7052
2018-04-20 03:25,6947
2018-04-20 03:30,6862
2018-04-20 03:35,6758
2018-04-20 03:40,6716
2018-04-20 03:45,6586
2018-04-20 03:50,6466
2018-04-20 03:55,6345
2018-04-20 04:00,6242
2018-04-20 04:05,6162
2018-04-20 04:10,6104
2018-04-20 04:15,5999
2018-04-20 04:20,5908
2018-04-20 04:25,5832
2018-04-20 04:30,5797
2018-04-20 04:35,5626
2018-04-20 04:40,5544
2018-04-20 04:45,5440
2018-04-20 04:50,5354
2018-04-20 04:55,5259
2018-04-20 05:00,5168
2018-04-20 05:05,5090
2018-04-20 05:10,4984
2018-04-20 05:15,4890
2018-04-20 05:20,4785
2018-04-20 05:25,4742
2018-04-20 05:30,4660
2018-04-20 05:35,4574
2018-04-20 05:40,4470
2018-04-20 05:45,4406
2018-04-20 05:50,4356
2018-04-20 05:55,4252
2018-04-20 06:00,4174
2018-04-20 06:05,4107
2018-04-20 06:10,4085
2018-04-20 06:15,4027
2018-04-20 06:20,3984
2018-04-20 06:25,3940
2018-04-20 06:30,3929
2018-04-20 06:35,3909
2018-04-20 06:40,3884
2018-04-20 06:45,3840
2018-04-20 06:50,3796
2018-04-20 06:55,3785
2018-04-20 07:00,3744
2018-04-20 07:05,3697
2018-04-20 07:10,3649
2018-04-20 07:15,3575
2018-04-20 07:20,3558
2018-04-20 07:25,3544
2018-04-20 07:30,3548
2018-04-20 07:35,3534
2018-04-20 07:40,3518
2018-04-20 07:45,3531
2018-04-20 07:50,3506
2018-04-20 07:55,3485
2018-04-20 08:00,3506
2018-04-20 08:05,3520
2018-04-20 08:10,3547
2018-04-20 08:15,3558
2018-04-20 08:20,3565
2018-04-20 08:25,3581
2018-04-20 08:30,3591
2018-04-20 08:35,3563
2018-04-20 08:40,3556
2018-04-20 08:45,3539
2018-04-20 08:50,3541
2018-04-20 08:55,3534
2018-04-20 09:00,3562
2018-04-20 09:05,3612
2018-04-20 09:10,3677
2018-04-20 09:15,3689
2018-04-20 09:20,3747
2018-04-20 09:25,3777
2018-04-20 09:30,3836
2018-04-20 09:35,3838
2018-04-20 09:40,3884
2018-04-20 09:45,3907
2018-04-20 09:50,3939
2018-04-20 09:55,4004
2018-04-20 10:00,4054
2018-04-20 10:05,4085
2018-04-20 10:10,4152
2018-04-20 10:15,4202
2018-04-20 10:20,4246
2018-04-20 10:25,4314
2018-04-20 10:30,4382
2018-04-20 10:35,4441
2018-04-20 10:40,4510
2018-04-20 10:45,4581
2018-04-20 10:50,4617
2018-04-20 10:55,4710
2018-04-20 11:00,4750
2018-04-20 11:05,4786
2018-04-20 11:10,4842
2018-04-20 11:15,4885
2018-04-20 11:20,4953
2018-04-20 11:25,5040
2018-04-20 11:30,5087
2018-04-20 11:35,5170
2018-04-20 11:40,5231
2018-04-20 11:45,5257
2018-04-20 11:50,5290
2018-04-20 11:55,5428
2018-04-20 12:00,5515
2018-04-20 12:05,5584
2018-04-20 12:10,5663
2018-04-20 12:15,5745
2018-04-20 12:20,5820
2018-04-20 12:25,5897
2018-04-20 12:30,5939
2018-04-20 12:35,5986
2018-04-20 12:40,6046
2018-04-20 12:45,6134
2018-04-20 12:50,6231
2018-04-20 12:55,6331
2018-04-20 13:00,6443
2018-04-20 13:05,6523
2018-04-20 13:10,6629
2018-04-20 13:15,6738
2018-04-20 13:20,6888
2018-04-20 13:25,6937
2018-04-20 13:30,7057
2018-04-20 13:35,7147
2018-04-20 13:40,7249
2018-04-20 13:45,7373
2018-04-20 13:50,7445
2018-04-20 13:55,7468
2018-04-20 14:00,7584
2018-04-20 14:05,7652
2018-04-20 14:10,7708
2018-04-20 14:15,7816
2018-04-20 14:20,7829
2018-04-20 14:25,7908
2018-04-20 14:30,7970
2018-04-20 14:35,8044
2018-04-20 14:40,8173
2018-04-20 14:45,8281
2018-04-20 14:50,8329
2018-04-20 14:55,8410
2018-04-20 15:00,8489
2018-04-20 15:05,8578
2018-04-20 15:10,8651
2018-04-20 15:15,8727
2018-04-20 15:20,8709
2018-04-20 15:25,8780
2018-04-20 15:30,8832
2018-04-20 15:35,8870
2018-04-20 15:40,8922
2018-04-20 15:45,8988
2018-04-20 15:50,9006
2018-04-20 15:55,9010
2018-04-20 16:00,9028
2018-04-20 16:05,9111
2018-04-20 16:10,9171
2018-04-20 16:15,9196
2018-04-20 16:20,9263
2018-04-20 16:25,9327
2018-04-20 16:30,9433
2018-04-20 16:35,9534
2018-04-20 16:40,9557
2018-04-20 16:45,9598
2018-04-20 16:50,9671
2018-04-20 16:55,9761
2018-04-20 17:00,9844
2018-04-20 17:05,9896
2018-04-20 17:10,9962
2018-04-20 17:15,9987
2018-04-20 17:20,10076
2018-04-20 17:25,10166
2018-04-20 17:30,10255
2018-04-20 17:35,10323
2018-04-20 17:40,10419
2018-04-20 17:45,10482
2018-04-20 17:50,10516
2018-04-20 17:55,10561
2018-04-20 18:00,10673
2018-04-20 18:05,10724
2018-04-20 18:10,10740
2018-04-20 18:15,10809
2018-04-20 18:20,10911
2018-04-20 18:25,11048
2018-04-20 18:30,11151
2018-04-20 18:35,11259
2018-04-20 18:40,11325
2018-04-20 18:45,11381
2018-04-20 18:50,11495
2018-04-20 18:55,11591
2018-04-20 19:00,11631
2018-04-20 19:05,11769
2018-04-20 19:10,11752
2018-04-20 19:15,11776
2018-04-20 19:20,11804
2018-04-20 19:25,11836
2018-04-20 19:30,11854
2018-04-20 19:35,11959
2018-04-20 19:40,11981
2018-04-20 19:45,12031
2018-04-20 19:50,12132
2018-04-20 19:55,12100
2018-04-20 20:00,12127
2018-04-20 20:05,12108
2018-04-20 20:10,12148
2018-04-20 20:15,12147
2018-04-20 20:20,12145
2018-04-20 20:25,12169
2018-04-20 20:30,12208
2018-04-20 20:35,12240
2018-04-20 20:40,12206
2018-04-20 20:45,12224
2018-04-20 20:50,12193
2018-04-20 20:55,12142
2018-04-20 21:00,12156
2018-04-20 21:05,12163
2018-04-20 21:10,12142
2018-04-20 21:15,12109
2018-04-20 21:20,12109
2018-04-20 21:25,12085
2018-04-20 21:30,12066
2018-04-20 21:35,12029
2018-04-20 21:40,12000
2018-04-20 21:45,11902
2018-04-20 21:50,11828
2018-04-20 21:55,11681
2018-04-20 22:00,11614
2018-04-20 22:05,11514
2018-04-20 22:10,11368
2018-04-20 22:15,11287
2018-04-20 22:20,0
2018-04-20 22:25,11134
2018-04-20 22:30,11047
2018-04-20 22:35,11100
2018-04-20 22:40,11071
2018-04-20 22:45,10953
2018-04-20 22:50,10954
2018-04-20 22:55,10865
2018-04-20 23:00,10736
2018-04-20 23:05,10661
2018-04-20 23:10,10573
2018-04-20 23:15,10471
2018-04-20 23:20,10374
2018-04-20 23:25,10348
2018-04-20 23:30,10343
2018-04-20 23:35,10235
2018-04-20 23:40,10160
2018-04-20 23:45,10077
2018-04-20 23:50,9972
2018-04-20 23:55,9917
2018-04-21 00:00,9864
2018-04-21 00:05,9751
2018-04-21 00:10,9702
2018-04-21 00:15,9679
2018-04-21 00:20,9652
2018-04-21 00:25,9655
2018-04-21 00:30,9633
2018-04-21 00:35,9576
2018-04-21 00:40,9532
2018-04-21 00:45,9553
2018-04-21 00:50,9525
2018-04-21 00:55,9566
2018-04-21 01:00,9438
2018-04-21 01:05,9470
2018-04-21 01:10,9515
2018-04-21 01:15,9505
2018-04-21 01:20,9495
2018-04-21 01:25,9482
2018-04-21 01:30,9520
2018-04-21 01:35,9564
2018-04-21 01:40,9565
2018-04-21 01:45,9542
2018-04-21 01:50,9505
2018-04-21 01:55,9481
2018-04-21 02:00,9491
2018-04-21 02:05,9474
2018-04-21 02:10,9498
2018-04-21 02:15,9469
2018-04-21 02:20,9425
2018-04-21 02:25,9456
2018-04-21 02:30,9481
2018-04-21 02:35,9443
2018-04-21 02:40,9416
2018-04-21 02:45,9412
2018-04-21 02:50,9424
2018-04-21 02:55,9415
2018-04-21 03:00,9340
2018-04-21 03:05,9330
2018-04-21 03:10,9303
2018-04-21 03:15,9243
2018-04-21 03:20,9178
2018-04-21 03:25,9087
2018-04-21 03:30,9010
2018-04-21 03:35,8953
2018-04-21 03:40,8884
2018-04-21 03:45,8897
2018-04-21 03:50,8770
2018-04-21 03:55,8642
2018-04-21 04:00,8565
2018-04-21 04:05,8440
2018-04-21 04:10,8372
2018-04-21 04:15,8278
2018-04-21 04:20,8168
2018-04-21 04:25,8100
2018-04-21 04:30,8025
2018-04-21 04:35,7922
2018-04-21 04:40,7851
2018-04-21 04:45,7747
2018-04-21 04:50,7669
2018-04-21 04:55,7602
2018-04-21 05:00,7521
2018-04-21 05:05,7458
2018-04-21 05:10,7316
2018-04-21 05:15,7261
2018-04-21 05:20,7191
2018-04-21 05:25,7090
2018-04-21 05:30,7034
2018-04-21 05:35,6943
2018-04-21 05:40,6828
2018-04-21 05:45,6692
2018-04-21 05:50,6656
2018-04-21 05:55,6541
2018-04-21 06:00,6455
2018-04-21 06:05,6355
2018-04-21 06:10,6241
2018-04-21 06:15,6199
2018-04-21 06:20,6159
2018-04-21 06:25,6055
2018-04-21 06:30,5955
2018-04-21 06:35,5906
2018-04-21 06:40,5840
2018-04-21 06:45,5796
2018-04-21 06:50,5746
2018-04-21 06:55,5672
2018-04-21 07:00,5604
2018-04-21 07:05,5594
2018-04-21 07:10,5577
2018-04-21 07:15,5578
2018-04-21 07:20,5522
2018-04-21 07:25,5483
2018-04-21 07:30,5488
2018-04-21 07:35,5450
2018-04-21 07:40,5423
2018-04-21 07:45,5387
2018-04-21 07:50,5369
2018-04-21 07:55,5338
2018-04-21 08:00,5365
2018-04-21 08:05,5368
2018-04-21 08:10,5368
2018-04-21 08:15,5360
2018-04-21 08:20,5360
2018-04-21 08:25,5392
2018-04-21 08:30,5416
2018-04-21 08:35,5372
2018-04-21 08:40,5369
2018-04-21 08:45,5328
2018-04-21 08:50,5378
2018-04-21 08:55,5404
2018-04-21 09:00,5337
2018-04-21 09:05,5456
2018-04-21 09:10,5608
2018-04-21 09:15,5697
2018-04-21 09:20,5814
2018-04-21 09:25,5859
2018-04-21 09:30,5955
2018-04-21 09:35,6057
2018-04-21 09:40,6136
2018-04-21 09:45,6214
2018-04-21 09:50,6264
2018-04-21 09:55,6334
2018-04-21 10:00,6400
2018-04-21 10:05,6513
2018-04-21 10:10,6517
2018-04-21 10:15,6544
2018-04-21 10:20,6603
2018-04-21 10:25,6662
2018-04-21 10:30,6710
2018-04-21 10:35,6742
2018-04-21 10:40,6831
2018-04-21 10:45,6910
2018-04-21 10:50,6993
2018-04-21 10:55,7067
2018-04-21 11:00,7139
2018-04-21 11:05,7163
2018-04-21 11:10,7248
2018-04-21 11:15,7364
2018-04-21 11:20,7475
2018-04-21 11:25,7492
2018-04-21 11:30,7525
2018-04-21 11:35,7649
2018-04-21 11:40,7709
2018-04-21 11:45,7802
2018-04-21 11:50,7802
2018-04-21 11:55,7916
2018-04-21 12:00,7976
2018-04-21 12:05,8042
2018-04-21 12:10,8072
2018-04-21 12:15,8142
2018-04-21 12:20,8256
2018-04-21 12:25,8320
2018-04-21 12:30,8368
2018-04-21 12:35,8421
2018-04-21 12:40,8487
2018-04-21 12:45,8539
2018-04-21 12:50,8589
2018-04-21 12:55,8620
2018-04-21 13:00,8667
2018-04-21 13:05,8746
2018-04-21 13:10,8764
2018-04-21 13:15,8843
2018-04-21 13:20,8960
2018-04-21 13:25,9020
2018-04-21 13:30,9123
2018-04-21 13:35,9241
2018-04-21 13:40,9314
2018-04-21 13:45,9411
2018-04-21 13:50,9467
2018-04-21 13:55,9522
2018-04-21 14:00,9584
2018-04-21 14:05,9637
2018-04-21 14:10,9721
2018-04-21 14:15,9804
2018-04-21 14:20,9889
2018-04-21 14:25,9978
2018-04-21 14:30,10036
2018-04-21 14:35,10117
2018-04-21 14:40,10215
2018-04-21 14:45,10306
2018-04-21 14:50,10404
2018-04-21 14:55,10453
2018-04-21 15:00,10491
2018-04-21 15:05,10612
2018-04-21 15:10,10700
2018-04-21 15:15,10770
2018-04-21 15:20,10806
2018-04-21 15:25,10857
2018-04-21 15:30,10883
2018-04-21 15:35,10968
2018-04-21 15:40,11038
2018-04-21 15:45,11108
2018-04-21 15:50,11132
2018-04-21 15:55,11178
2018-04-21 16:00,11179
2018-04-21 16:05,11258
2018-04-21 16:10,11324
2018-04-21 16:15,11388
2018-04-21 16:20,11414
2018-04-21 16:25,11537
2018-04-21 16:30,11653
2018-04-21 16:35,11680
2018-04-21 16:40,11739
2018-04-21 16:45,11811
2018-04-21 16:50,11839
2018-04-21 16:55,11933
2018-04-21 17:00,11995
2018-04-21 17:05,12086
2018-04-21 17:10,12203
2018-04-21 17:15,12337
2018-04-21 17:20,12431
2018-04-21 17:25,12469
2018-04-21 17:30,12557
2018-04-21 17:35,12724
2018-04-21 17:40,12887
2018-04-21 17:45,13087
2018-04-21 17:50,13250
2018-04-21 17:55,13322
2018-04-21 18:00,13441
2018-04-21 18:05,13515
2018-04-21 18:10,13531
2018-04-21 18:15,13588
2018-04-21 18:20,13588
2018-04-21 18:25,13659
2018-04-21 18:30,13755
2018-04-21 18:35,13822
2018-04-21 18:40,13852
2018-04-21 18:45,13928
2018-04-21 18:50,14020
2018-04-21 18:55,13983
2018-04-21 19:00,14036
2018-04-21 19:05,14041
2018-04-21 19:10,14110
2018-04-21 19:15,14123
2018-04-21 19:20,14100
2018-04-21 19:25,14258
2018-04-21 19:30,14391
2018-04-21 19:35,14461
2018-04-21 19:40,14435
2018-04-21 19:45,14470
2018-04-21 19:50,14626
2018-04-21 19:55,14634
2018-04-21 20:00,14655
2018-04-21 20:05,14790
2018-04-21 20:10,14741
2018-04-21 20:15,14644
2018-04-21 20:20,14631
2018-04-21 20:25,14644
2018-04-21 20:30,14601
2018-04-21 20:35,14520
2018-04-21 20:40,14514
2018-04-21 20:45,14479
2018-04-21 20:50,14368
2018-04-21 20:55,14330
2018-04-21 21:00,14261
2018-04-21 21:05,14110
2018-04-21 21:10,13967
2018-04-21 21:15,13839
2018-04-21 21:20,13747
2018-04-21 21:25,13684
2018-04-21 21:30,13540
2018-04-21 21:35,13611
2018-04-21 21:40,13564
2018-04-21 21:45,13532
2018-04-21 21:50,13448
2018-04-21 21:55,13245
2018-04-21 22:00,13154
2018-04-21 22:05,12975
2018-04-21 22:10,12790
2018-04-21 22:15,12710
2018-04-21 22:20,12538
2018-04-21 22:25,12429
2018-04-21 22:30,12336
2018-04-21 22:35,12203
2018-04-21 22:40,12043
2018-04-21 22:45,11892
2018-04-21 22:50,11765
2018-04-21 22:55,11661
2018-04-21 23:00,11486
2018-04-21 23:05,11302
2018-04-21 23:10,11136
2018-04-21 23:15,10993
2018-04-21 23:20,10829
2018-04-21 23:25,10751
2018-04-21 23:30,10614
2018-04-21 23:35,10504
2018-04-21 23:40,10411
2018-04-21 23:45,10298
2018-04-21 23:50,10218
2018-04-21 23:55,10108
2018-04-22 00:00,9994
2018-04-22 00:05,9920
2018-04-22 00:10,9835
2018-04-22 00:15,9785
2018-04-22 00:20,9688
2018-04-22 00:25,9640
2018-04-22 00:30,9533
2018-04-22 00:35,9474
2018-04-22 00:40,9384
2018-04-22 00:45,9375
2018-04-22 00:50,9273
2018-04-22 00:55,9214
2018-04-22 01:00,9211
2018-04-22 01:05,9173
2018-04-22 01:10,9145
2018-04-22 01:15,9162
2018-04-22 01:20,9139
2018-04-22 01:25,9143
2018-04-22 01:30,9086
2018-04-22 01:35,9051
2018-04-22 01:40,8984
2018-04-22 01:45,8975
2018-04-22 01:50,8966
2018-04-22 01:55,8954
2018-04-22 02:00,8933
2018-04-22 02:05,8947
2018-04-22 02:10,8986
2018-04-22 02:15,8956
2018-04-22 02:20,8960
2018-04-22 02:25,8939
2018-04-22 02:30,8993
2018-04-22 02:35,9028
2018-04-22 02:40,9007
2018-04-22 02:45,8929
2018-04-22 02:50,8873
2018-04-22 02:55,8867
2018-04-22 03:00,8866
2018-04-22 03:05,8826
2018-04-22 03:10,8782
2018-04-22 03:15,8783
2018-04-22 03:20,8728
2018-04-22 03:25,8710
2018-04-22 03:30,8628
2018-04-22 03:35,8621
2018-04-22 03:40,8543
2018-04-22 03:45,8510
2018-04-22 03:50,8469
2018-04-22 03:55,8453
2018-04-22 04:00,8404
2018-04-22 04:05,8300
2018-04-22 04:10,8264
2018-04-22 04:15,8190
2018-04-22 04:20,8116
2018-04-22 04:25,8065
2018-04-22 04:30,8039
2018-04-22 04:35,7933
2018-04-22 04:40,7860
2018-04-22 04:45,7833
2018-04-22 04:50,7772
2018-04-22 04:55,7680
2018-04-22 05:00,7571
2018-04-22 05:05,7463
2018-04-22 05:10,7377
2018-04-22 05:15,7242
2018-04-22 05:20,7177
2018-04-22 05:25,7058
2018-04-22 05:30,6950
2018-04-22 05:35,6879
2018-04-22 05:40,6831
2018-04-22 05:45,6738
2018-04-22 05:50,6694
2018-04-22 05:55,6626
2018-04-22 06:00,6534
2018-04-22 06:05,6461
2018-04-22 06:10,6371
2018-04-22 06:15,6325
2018-04-22 06:20,6308
2018-04-22 06:25,6191
2018-04-22 06:30,6067
2018-04-22 06:35,5993
2018-04-22 06:40,5928
2018-04-22 06:45,5884
2018-04-22 06:50,5890
2018-04-22 06:55,5913
2018-04-22 07:00,5824
2018-04-22 07:05,5819
2018-04-22 07:10,5728
2018-04-22 07:15,5705
2018-04-22 07:20,5706
2018-04-22 07:25,5633
2018-04-22 07:30,5654
2018-04-22 07:35,5690
2018-04-22 07:40,5695
2018-04-22 07:45,5676
2018-04-22 07:50,5695
2018-04-22 07:55,5745
2018-04-22 08:00,5730
2018-04-22 08:05,5729
2018-04-22 08:10,5771
2018-04-22 08:15,5766
2018-04-22 08:20,5789
2018-04-22 08:25,5808
2018-04-22 08:30,5855
2018-04-22 08:35,5852
2018-04-22 08:40,5886
2018-04-22 08:45,5926
2018-04-22 08:50,5953
2018-04-22 08:55,5962
2018-04-22 09:00,5973
2018-04-22 09:05,6151
2018-04-22 09:10,6306
2018-04-22 09:15,6364
2018-04-22 09:20,6456
2018-04-22 09:25,6548
2018-04-22 09:30,6657
2018-04-22 09:35,6736
2018-04-22 09:40,6835
2018-04-22 09:45,6907
2018-04-22 09:50,7004
2018-04-22 09:55,7050
2018-04-22 10:00,7160
2018-04-22 10:05,7239
2018-04-22 10:10,7315
2018-04-22 10:15,7357
2018-04-22 10:20,7389
2018-04-22 10:25,7466
2018-04-22 10:30,7543
2018-04-22 10:35,7597
2018-04-22 10:40,7659
2018-04-22 10:45,7737
2018-04-22 10:50,7833
2018-04-22 10:55,7935
2018-04-22 11:00,7938
2018-04-22 11:05,8013
2018-04-22 11:10,8106
2018-04-22 11:15,8106
2018-04-22 11:20,8242
2018-04-22 11:25,8287
2018-04-22 11:30,8365
2018-04-22 11:35,8393
2018-04-22 11:40,8466
2018-04-22 11:45,8495
2018-04-22 11:50,8581
2018-04-22 11:55,8670
2018-04-22 12:00,8689
2018-04-22 12:05,8753
2018-04-22 12:10,8774
2018-04-22 12:15,8820
2018-04-22 12:20,8858
2018-04-22 12:25,8977
2018-04-22 12:30,8997
2018-04-22 12:35,9017
2018-04-22 12:40,9110
2018-04-22 12:45,9177
2018-04-22 12:50,9338
2018-04-22 12:55,9354
2018-04-22 13:00,9340
2018-04-22 13:05,9465
2018-04-22 13:10,9600
2018-04-22 13:15,9655
2018-04-22 13:20,9770
2018-04-22 13:25,9819
2018-04-22 13:30,9911
2018-04-22 13:35,9977
2018-04-22 13:40,10015
2018-04-22 13:45,10086
2018-04-22 13:50,10141
2018-04-22 13:55,10209
2018-04-22 14:00,10240
2018-04-22 14:05,10283
2018-04-22 14:10,10319
2018-04-22 14:15,10453
2018-04-22 14:20,10587
2018-04-22 14:25,10639
2018-04-22 14:30,10695
2018-04-22 14:35,10780
2018-04-22 14:40,10932
2018-04-22 14:45,11092
2018-04-22 14:50,11172
2018-04-22 14:55,11244
2018-04-22 15:00,11272
2018-04-22 15:05,11316
2018-04-22 15:10,11349
2018-04-22 15:15,11473
2018-04-22 15:20,11599
2018-04-22 15:25,11635
2018-04-22 15:30,11596
2018-04-22 15:35,11662
2018-04-22 15:40,11760
2018-04-22 15:45,11803
2018-04-22 15:50,11838
2018-04-22 15:55,11925
2018-04-22 16:00,12006
2018-04-22 16:05,12030
2018-04-22 16:10,12136
2018-04-22 16:15,12220
2018-04-22 16:20,12322
2018-04-22 16:25,12420
2018-04-22 16:30,12466
2018-04-22 16:35,12557
2018-04-22 16:40,12662
2018-04-22 16:45,12769
2018-04-22 16:50,12887
2018-04-22 16:55,13026
2018-04-22 17:00,13135
2018-04-22 17:05,13195
2018-04-22 17:10,13330
2018-04-22 17:15,13438
2018-04-22 17:20,13499
2018-04-22 17:25,13725
2018-04-22 17:30,13855
2018-04-22 17:35,13857
2018-04-22 17:40,13914
2018-04-22 17:45,14001
2018-04-22 17:50,14077
2018-04-22 17:55,14159
2018-04-22 18:00,14157
2018-04-22 18:05,14277
2018-04-22 18:10,14332
2018-04-22 18:15,14456
2018-04-22 18:20,14565
2018-04-22 18:25,14581
2018-04-22 18:30,14639
2018-04-22 18:35,14713
2018-04-22 18:40,14792
2018-04-22 18:45,14862
2018-04-22 18:50,15083
2018-04-22 18:55,15186
2018-04-22 19:00,15194
2018-04-22 19:05,15204
2018-04-22 19:10,15140
2018-04-22 19:15,15140
2018-04-22 19:20,15137
2018-04-22 19:25,15149
2018-04-22 19:30,15050
2018-04-22 19:35,14970
2018-04-22 19:40,14912
2018-04-22 19:45,14889
2018-04-22 19:50,14802
2018-04-22 19:55,14823
2018-04-22 20:00,14773
2018-04-22 20:05,14630
2018-04-22 20:10,14533
2018-04-22 20:15,14546
2018-04-22 20:20,14481
2018-04-22 20:25,14367
2018-04-22 20:30,14278
2018-04-22 20:35,14219
2018-04-22 20:40,14081
2018-04-22 20:45,14012
2018-04-22 20:50,13913
2018-04-22 20:55,13822
2018-04-22 21:00,13675
2018-04-22 21:05,13531
2018-04-22 21:10,13379
2018-04-22 21:15,13189
2018-04-22 21:20,13152
2018-04-22 21:25,13128
2018-04-22 21:30,12960
2018-04-22 21:35,12801
2018-04-22 21:40,12667
2018-04-22 21:45,12489
2018-04-22 21:50,12432
2018-04-22 21:55,12244
2018-04-22 22:00,12094
2018-04-22 22:05,11934
2018-04-22 22:10,11791
2018-04-22 22:15,11629
2018-04-22 22:20,11473
2018-04-22 22:25,11345
2018-04-22 22:30,11216
2018-04-22 22:35,11145
2018-04-22 22:40,11048
2018-04-22 22:45,10970
2018-04-22 22:50,10906
2018-04-22 22:55,10770
2018-04-22 23:00,10691
2018-04-22 23:05,10647
2018-04-22 23:10,10580
2018-04-22 23:15,10484
2018-04-22 23:20,10380
2018-04-22 23:25,10404
2018-04-22 23:30,10320
2018-04-22 23:35,10263
2018-04-22 23:40,10145
2018-04-22 23:45,10067
2018-04-22 23:50,9975
2018-04-22 23:55,9875
2018-04-23 00:00,9831
2018-04-23 00:05,9757
2018-04-23 00:10,9752
2018-04-23 00:15,9697
2018-04-23 00:20,9646
2018-04-23 00:25,9570
2018-04-23 00:30,9535
2018-04-23 00:35,9497
2018-04-23 00:40,9479
2018-04-23 00:45,9447
2018-04-23 00:50,9403
2018-04-23 00:55,9349
2018-04-23 01:00,9325
2018-04-23 01:05,9256
2018-04-23 01:10,9211
2018-04-23 01:15,9195
2018-04-23 01:20,9131
2018-04-23 01:25,9078
2018-04-23 01:30,8967
2018-04-23 01:35,8859
2018-04-23 01:40,8813
2018-04-23 01:45,8706
2018-04-23 01:50,8666
2018-04-23 01:55,8635
2018-04-23 02:00,8591
2018-04-23 02:05,8500
2018-04-23 02:10,8449
2018-04-23 02:15,8352
2018-04-23 02:20,8242
2018-04-23 02:25,8191
2018-04-23 02:30,8098
2018-04-23 02:35,8023
2018-04-23 02:40,7960
2018-04-23 02:45,7912
2018-04-23 02:50,7831
2018-04-23 02:55,7752
2018-04-23 03:00,7670
2018-04-23 03:05,7624
2018-04-23 03:10,7540
2018-04-23 03:15,7407
2018-04-23 03:20,7299
2018-04-23 03:25,7231
2018-04-23 03:30,7118
2018-04-23 03:35,7077
2018-04-23 03:40,7011
2018-04-23 03:45,6899
2018-04-23 03:50,6752
2018-04-23 03:55,6674
2018-04-23 04:00,6562
2018-04-23 04:05,6441
2018-04-23 04:10,6324
2018-04-23 04:15,6194
2018-04-23 04:20,6104
2018-04-23 04:25,6034
2018-04-23 04:30,5927
2018-04-23 04:35,5861
2018-04-23 04:40,5787
2018-04-23 04:45,5650
2018-04-23 04:50,5546
2018-04-23 04:55,5396
2018-04-23 05:00,5275
2018-04-23 05:05,5182
2018-04-23 05:10,5072
2018-04-23 05:15,4980
2018-04-23 05:20,4919
2018-04-23 05:25,4864
2018-04-23 05:30,4788
2018-04-23 05:35,4687
2018-04-23 05:40,4624
2018-04-23 05:45,4535
2018-04-23 05:50,4475
2018-04-23 05:55,4419
2018-04-23 06:00,4349
2018-04-23 06:05,4286
2018-04-23 06:10,4165
2018-04-23 06:15,4133
2018-04-23 06:20,4085
2018-04-23 06:25,4036
2018-04-23 06:30,3953
2018-04-23 06:35,0
2018-04-23 06:40,3887
2018-04-23 06:45,3850
2018-04-23 06:50,3834
2018-04-23 06:55,3771
2018-04-23 07:00,3723
2018-04-23 07:05,3693
2018-04-23 07:10,3676
2018-04-23 07:15,3639
2018-04-23 07:20,3627
2018-04-23 07:25,3580
2018-04-23 07:30,3608
2018-04-23 07:35,3611
2018-04-23 07:40,3596
2018-04-23 07:45,3616
2018-04-23 07:50,3601
2018-04-23 07:55,3597
2018-04-23 08:00,3571
2018-04-23 08:05,3573
2018-04-23 08:10,3591
2018-04-23 08:15,3580
2018-04-23 08:20,3595
2018-04-23 08:25,3643
2018-04-23 08:30,3636
2018-04-23 08:35,3616
2018-04-23 08:40,3636
2018-04-23 08:45,3612
2018-04-23 08:50,3635
2018-04-23 08:55,3602
2018-04-23 09:00,3619
2018-04-23 09:05,3669
2018-04-23 09:10,3766
2018-04-23 09:15,3774
2018-04-23 09:20,3772
2018-04-23 09:25,3786
2018-04-23 09:30,3819
2018-04-23 09:35,3856
2018-04-23 09:40,3840
2018-04-23 09:45,3889
2018-04-23 09:50,3961
2018-04-23 09:55,3963
2018-04-23 10:00,3968
2018-04-23 10:05,4007
2018-04-23 10:10,4002
2018-04-23 10:15,4049
2018-04-23 10:20,4069
2018-04-23 10:25,4029
2018-04-23 10:30,4074
2018-04-23 10:35,4133
2018-04-23 10:40,4196
2018-04-23 10:45,4232
2018-04-23 10:50,4289
2018-04-23 10:55,4338
2018-04-23 11:00,4387
2018-04-23 11:05,4441
2018-04-23 11:10,4517
2018-04-23 11:15,4582
2018-04-23 11:20,4636
2018-04-23 11:25,4696
2018-04-23 11:30,4726
2018-04-23 11:35,4726
2018-04-23 11:40,4770
2018-04-23 11:45,4831
2018-04-23 11:50,4896
2018-04-23 11:55,4963
2018-04-23 12:00,5003
2018-04-23 12:05,5081
2018-04-23 12:10,5139
2018-04-23 12:15,5256
2018-04-23 12:20,5278
2018-04-23 12:25,5384
2018-04-23 12:30,5471
2018-04-23 12:35,5524
2018-04-23 12:40,5588
2018-04-23 12:45,5665
2018-04-23 12:50,5741
2018-04-23 12:55,5800
2018-04-23 13:00,5848
2018-04-23 13:05,5908
2018-04-23 13:10,6003
2018-04-23 13:15,6067
2018-04-23 13:20,6155
2018-04-23 13:25,6247
2018-04-23 13:30,6335
2018-04-23 13:35,6423
2018-04-23 13:40,6472
2018-04-23 13:45,6566
2018-04-23 13:50,6631
2018-04-23 13:55,6755
2018-04-23 14:00,6825
2018-04-23 14:05,6894
2018-04-23 14:10,6990
2018-04-23 14:15,7118
2018-04-23 14:20,7202
2018-04-23 14:25,7265
2018-04-23 14:30,7309
2018-04-23 14:35,7350
2018-04-23 14:40,7467
2018-04-23 14:45,7592
2018-04-23 14:50,7657
2018-04-23 14:55,7729
2018-04-23 15:00,7832
2018-04-23 15:05,7943
2018-04-23 15:10,8008
2018-04-23 15:15,8057
2018-04-23 15:20,8149
2018-04-23 15:25,8173
2018-04-23 15:30,8203
2018-04-23 15:35,8247
2018-04-23 15:40,8365
2018-04-23 15:45,8486
2018-04-23 15:50,8534
2018-04-23 15:55,8592
2018-04-23 16:00,8685
2018-04-23 16:05,8787
2018-04-23 16:10,8851
2018-04-23 16:15,8943
2018-04-23 16:20,9085
2018-04-23 16:25,9144
2018-04-23 16:30,9213
2018-04-23 16:35,9303
2018-04-23 16:40,9354
2018-04-23 16:45,9431
2018-04-23 16:50,9533
2018-04-23 16:55,9561
2018-04-23 17:00,9595
2018-04-23 17:05,9624
2018-04-23 17:10,9612
2018-04-23 17:15,9692
2018-04-23 17:20,9803
2018-04-23 17:25,9853
2018-04-23 17:30,9927
2018-04-23 17:35,9999
2018-04-23 17:40,10047
2018-04-23 17:45,10065
2018-04-23 17:50,10144
2018-04-23 17:55,10218
2018-04-23 18:00,10265
2018-04-23 18:05,10313
2018-04-23 18:10,10454
2018-04-23 18:15,10505
2018-04-23 18:20,10555
2018-04-23 18:25,10632
2018-04-23 18:30,10797
2018-04-23 18:35,10807
2018-04-23 18:40,10921
2018-04-23 18:45,10946
2018-04-23 18:50,11028
2018-04-23 18:55,11071
2018-04-23 19:00,11069
2018-04-23 19:05,11140
2018-04-23 19:10,11112
2018-04-23 19:15,11152
2018-04-23 19:20,11181
2018-04-23 19:25,11182
2018-04-23 19:30,11103
2018-04-23 19:35,11151
2018-04-23 19:40,11153
2018-04-23 19:45,11096
2018-04-23 19:50,11092
2018-04-23 19:55,11089
2018-04-23 20:00,11083
2018-04-23 20:05,10996
2018-04-23 20:10,10922
2018-04-23 20:15,10895
2018-04-23 20:20,10843
2018-04-23 20:25,10678
2018-04-23 20:30,10750
2018-04-23 20:35,10687
2018-04-23 20:40,10603
2018-04-23 20:45,10553
2018-04-23 20:50,10459
2018-04-23 20:55,10380
2018-04-23 21:00,10295
2018-04-23 21:05,10166
2018-04-23 21:10,10087
2018-04-23 21:15,9963
2018-04-23 21:20,9829
2018-04-23 21:25,9821
2018-04-23 21:30,9682
2018-04-23 21:35,9591
2018-04-23 21:40,9423
2018-04-23 21:45,9360
2018-04-23 21:50,9243
2018-04-23 21:55,9199
2018-04-23 22:00,9092
2018-04-23 22:05,8969
2018-04-23 22:10,8928
2018-04-23 22:15,8857
2018-04-23 22:20,8707
2018-04-23 22:25,8659
2018-04-23 22:30,8563
2018-04-23 22:35,8522
2018-04-23 22:40,8427
2018-04-23 22:45,8405
2018-04-23 22:50,8334
2018-04-23 22:55,8311
2018-04-23 23:00,8312
2018-04-23 23:05,8286
2018-04-23 23:10,8244
2018-04-23 23:15,8222
2018-04-23 23:20,8206
2018-04-23 23:25,8221
2018-04-23 23:30,8248
2018-04-23 23:35,8249
2018-04-23 23:40,8197
2018-04-23 23:45,8168
2018-04-23 23:50,8141
2018-04-23 23:55,8040
2018-04-24 00:00,8072
2018-04-24 00:05,8045
2018-04-24 00:10,8049
2018-04-24 00:15,8048
2018-04-24 00:20,8015
2018-04-24 00:25,7973
2018-04-24 00:30,7906
2018-04-24 00:35,7930
2018-04-24 00:40,7939
2018-04-24 00:45,7934
2018-04-24 00:50,7974
2018-04-24 00:55,8023
2018-04-24 01:00,8014
2018-04-24 01:05,7970
2018-04-24 01:10,8036
2018-04-24 01:15,8010
2018-04-24 01:20,7996
2018-04-24 01:25,7991
2018-04-24 01:30,7957
2018-04-24 01:35,7907
2018-04-24 01:40,7969
2018-04-24 01:45,7860
2018-04-24 01:50,7839
2018-04-24 01:55,7811
2018-04-24 02:00,7780
2018-04-24 02:05,7743
2018-04-24 02:10,7683
2018-04-24 02:15,7678
2018-04-24 02:20,7602
2018-04-24 02:25,7528
2018-04-24 02:30,7420
2018-04-24 02:35,7393
2018-04-24 02:40,7334
2018-04-24 02:45,7215
2018-04-24 02:50,7151
2018-04-24 02:55,7109
2018-04-24 03:00,7036
2018-04-24 03:05,6923
2018-04-24 03:10,6838
2018-04-24 03:15,6775
2018-04-24 03:20,6721
2018-04-24 03:25,6613
2018-04-24 03:30,6574
2018-04-24 03:35,6484
2018-04-24 03:40,6413
2018-04-24 03:45,6319
2018-04-24 03:50,6247
2018-04-24 03:55,6179
2018-04-24 04:00,6056
2018-04-24 04:05,5957
2018-04-24 04:10,5822
2018-04-24 04:15,5676
2018-04-24 04:20,5613
2018-04-24 04:25,5516
2018-04-24 04:30,5409
2018-04-24 04:35,5321
2018-04-24 04:40,5254
2018-04-24 04:45,5176
2018-04-24 04:50,5071
2018-04-24 04:55,4977
2018-04-24 05:00,4901
2018-04-24 05:05,4777
2018-04-24 05:10,4683
2018-04-24 05:15,4618
2018-04-24 05:20,4491
2018-04-24 05:25,4443
2018-04-24 05:30,4351
2018-04-24 05:35,4255
2018-04-24 05:40,4174
2018-04-24 05:45,4072
2018-04-24 05:50,4002
2018-04-24 05:55,3979
2018-04-24 06:00,3905
2018-04-24 06:05,3829
2018-04-24 06:10,3781
2018-04-24 06:15,3717
2018-04-24 06:20,3660
2018-04-24 06:25,3643
2018-04-24 06:30,3624
2018-04-24 06:35,3564
2018-04-24 06:40,3487
2018-04-24 06:45,3418
2018-04-24 06:50,3428
2018-04-24 06:55,3419
2018-04-24 07:00,3404
2018-04-24 07:05,3418
2018-04-24 07:10,3365
2018-04-24 07:15,3340
2018-04-24 07:20,3340
2018-04-24 07:25,3343
2018-04-24 07:30,3330
2018-04-24 07:35,3258
2018-04-24 07:40,3237
2018-04-24 07:45,3170
2018-04-24 07:50,3162
2018-04-24 07:55,3142
2018-04-24 08:00,3153
2018-04-24 08:05,3124
2018-04-24 08:10,3144
2018-04-24 08:15,3092
2018-04-24 08:20,3015
2018-04-24 08:25,2988
2018-04-24 08:30,2992
2018-04-24 08:35,2582
2018-04-24 08:40,2129
2018-04-24 08:45,1740
2018-04-24 08:50,1421
2018-04-24 08:55,1171
2018-04-24 09:00,1105
2018-04-24 09:05,1040
2018-04-24 09:10,1036
2018-04-24 09:15,1023
2018-04-24 09:20,1047
2018-04-24 09:25,1061
2018-04-24 09:30,1048
2018-04-24 09:35,1068
2018-04-24 09:40,1083
2018-04-24 09:45,1062
2018-04-24 09:50,1071
2018-04-24 09:55,1064
2018-04-24 10:00,1080
2018-04-24 10:05,1132
2018-04-24 10:10,1144
2018-04-24 10:15,1159
2018-04-24 10:20,1162
2018-04-24 10:25,1154
2018-04-24 10:30,1194
2018-04-24 10:35,1186
2018-04-24 10:40,1194
2018-04-24 10:45,1212
2018-04-24 10:50,1228
2018-04-24 10:55,1240
2018-04-24 11:00,1238
2018-04-24 11:05,1196
2018-04-24 11:10,1185
2018-04-24 11:15,1149
2018-04-24 11:20,1187
2018-04-24 11:25,1247
2018-04-24 11:30,1293
2018-04-24 11:35,1321
2018-04-24 11:40,1349
2018-04-24 11:45,1385
2018-04-24 11:50,1421
2018-04-24 11:55,1462
2018-04-24 12:00,2189
2018-04-24 12:05,2788
2018-04-24 12:10,3333
2018-04-24 12:15,3786
2018-04-24 12:20,4242
2018-04-24 12:25,4650
2018-04-24 12:30,4987
2018-04-24 12:35,5216
2018-04-24 12:40,5521
2018-04-24 12:45,5810
2018-04-24 12:50,6032
2018-04-24 12:55,6175
2018-04-24 13:00,6359
2018-04-24 13:05,6576
2018-04-24 13:10,6708
2018-04-24 13:15,6879
2018-04-24 13:20,7002
2018-04-24 13:25,7114
2018-04-24 13:30,7222
2018-04-24 13:35,7330
2018-04-24 13:40,7417
2018-04-24 13:45,7593
2018-04-24 13:50,7631
2018-04-24 13:55,7735
2018-04-24 14:00,7810
2018-04-24 14:05,7901
2018-04-24 14:10,8006
2018-04-24 14:15,8122
2018-04-24 14:20,8241
2018-04-24 14:25,8316
2018-04-24 14:30,8384
2018-04-24 14:35,8437
2018-04-24 14:40,8551
2018-04-24 14:45,8629
2018-04-24 14:50,8654
2018-04-24 14:55,8678
2018-04-24 15:00,8748
2018-04-24 15:05,8837
2018-04-24 15:10,8903
2018-04-24 15:15,8952
2018-04-24 15:20,8958
2018-04-24 15:25,9057
2018-04-24 15:30,9160
2018-04-24 15:35,9204
2018-04-24 15:40,9293
2018-04-24 15:45,9397
2018-04-24 15:50,9435
2018-04-24 15:55,9531
2018-04-24 16:00,9542
2018-04-24 16:05,0
2018-04-24 16:10,9609
2018-04-24 16:15,9633
2018-04-24 16:20,9728
2018-04-24 16:25,9778
2018-04-24 16:30,9855
2018-04-24 16:35,9936
2018-04-24 16:40,10034
2018-04-24 16:45,10048
2018-04-24 16:50,10058
2018-04-24 16:55,10189
2018-04-24 17:00,10307
2018-04-24 17:05,10454
2018-04-24 17:10,10514
2018-04-24 17:15,10594
2018-04-24 17:20,10654
2018-04-24 17:25,10790
2018-04-24 17:30,11003
2018-04-24 17:35,11107
2018-04-24 17:40,11175
2018-04-24 17:45,11254
2018-04-24 17:50,11381
2018-04-24 17:55,11476
2018-04-24 18:00,11476
2018-04-24 18:05,11553
2018-04-24 18:10,11662
2018-04-24 18:15,11793
2018-04-24 18:20,11878
2018-04-24 18:25,11975
2018-04-24 18:30,12086
2018-04-24 18:35,12141
2018-04-24 18:40,12235
2018-04-24 18:45,12241
2018-04-24 18:50,12222
2018-04-24 18:55,12203
2018-04-24 19:00,12264
2018-04-24 19:05,12276
2018-04-24 19:10,12378
2018-04-24 19:15,12443
2018-04-24 19:20,12462
2018-04-24 19:25,12477
2018-04-24 19:30,12508
2018-04-24 19:35,12578
2018-04-24 19:40,12600
2018-04-24 19:45,12605
2018-04-24 19:50,12518
2018-04-24 19:55,12477
2018-04-24 20:00,12320
2018-04-24 20:05,12189
2018-04-24 20:10,12119
2018-04-24 20:15,12107
2018-04-24 20:20,12083
2018-04-24 20:25,12013
2018-04-24 20:30,11953
2018-04-24 20:35,11945
2018-04-24 20:40,11843
2018-04-24 20:45,11795
2018-04-24 20:50,11750
2018-04-24 20:55,11754
2018-04-24 21:00,11691
2018-04-24 21:05,11594
2018-04-24 21:10,11477
2018-04-24 21:15,11371
2018-04-24 21:20,11292
2018-04-24 21:25,11282
2018-04-24 21:30,11175
2018-04-24 21:35,11045
2018-04-24 21:40,11010
2018-04-24 21:45,10850
2018-04-24 21:50,10725
2018-04-24 21:55,10568
2018-04-24 22:00,10415
2018-04-24 22:05,10262
2018-04-24 22:10,10141
2018-04-24 22:15,9960
2018-04-24 22:20,9830
2018-04-24 22:25,9739
2018-04-24 22:30,9661
2018-04-24 22:35,9543
2018-04-24 22:40,9441
2018-04-24 22:45,9368
2018-04-24 22:50,9295
2018-04-24 22:55,9300
2018-04-24 23:00,9229
2018-04-24 23:05,9228
2018-04-24 23:10,0
2018-04-24 23:15,8907
2018-04-24 23:20,8927
2018-04-24 23:25,8961
2018-04-24 23:30,8960
2018-04-24 23:35,8938
2018-04-24 23:40,8940
2018-04-24 23:45,8946
2018-04-24 23:50,8939
2018-04-24 23:55,8921
2018-04-25 00:00,8892
2018-04-25 00:05,8855
2018-04-25 00:10,8807
2018-04-25 00:15,8769
2018-04-25 00:20,8812
2018-04-25 00:25,8849
2018-04-25 00:30,8828
2018-04-25 00:35,8791
2018-04-25 00:40,8848
2018-04-25 00:45,8804
2018-04-25 00:50,8807
2018-04-25 00:55,8850
2018-04-25 01:00,8766
2018-04-25 01:05,8725
2018-04-25 01:10,8753
2018-04-25 01:15,8736
2018-04-25 01:20,8746
2018-04-25 01:25,8740
2018-04-25 01:30,8746
2018-04-25 01:35,8683
2018-04-25 01:40,8708
2018-04-25 01:45,8712
2018-04-25 01:50,8699
2018-04-25 01:55,8689
2018-04-25 02:00,8645
2018-04-25 02:05,8599
2018-04-25 02:10,8572
2018-04-25 02:15,8494
2018-04-25 02:20,8489
2018-04-25 02:25,8406
2018-04-25 02:30,8340
2018-04-25 02:35,8247
2018-04-25 02:40,8123
2018-04-25 02:45,8049
2018-04-25 02:50,7935
2018-04-25 02:55,7884
2018-04-25 03:00,7806
2018-04-25 03:05,7686
2018-04-25 03:10,7583
2018-04-25 03:15,7515
2018-04-25 03:20,7397
2018-04-25 03:25,7272
2018-04-25 03:30,7172
2018-04-25 03:35,7100
2018-04-25 03:40,6996
2018-04-25 03:45,6920
2018-04-25 03:50,6826
2018-04-25 03:55,6764
2018-04-25 04:00,6628
2018-04-25 04:05,6523
2018-04-25 04:10,6445
2018-04-25 04:15,6345
2018-04-25 04:20,6220
2018-04-25 04:25,6127
2018-04-25 04:30,6020
2018-04-25 04:35,5916
2018-04-25 04:40,5833
2018-04-25 04:45,5726
2018-04-25 04:50,5597
2018-04-25 04:55,5409
2018-04-25 05:00,5357
2018-04-25 05:05,5291
2018-04-25 05:10,5229
2018-04-25 05:15,5156
2018-04-25 05:20,4995
2018-04-25 05:25,4891
2018-04-25 05:30,4821
2018-04-25 05:35,4746
2018-04-25 05:40,4669
2018-04-25 05:45,4640
2018-04-25 05:50,4547
2018-04-25 05:55,4493
2018-04-25 06:00,4454
2018-04-25 06:05,4357
2018-04-25 06:10,4299
2018-04-25 06:15,4261
2018-04-25 06:20,4208
2018-04-25 06:25,4168
2018-04-25 06:30,4106
2018-04-25 06:35,4040
2018-04-25 06:40,3973
2018-04-25 06:45,3936
2018-04-25 06:50,3907
2018-04-25 06:55,3859
2018-04-25 07:00,3814
2018-04-25 07:05,3732
2018-04-25 07:10,3710
2018-04-25 07:15,3690
2018-04-25 07:20,3669
2018-04-25 07:25,3646
2018-04-25 07:30,3633
2018-04-25 07:35,3624
2018-04-25 07:40,3587
2018-04-25 07:45,3578
2018-04-25 07:50,3542
2018-04-25 07:55,3540
2018-04-25 08:00,3563
2018-04-25 08:05,3540
2018-04-25 08:10,3537
2018-04-25 08:15,3534
2018-04-25 08:20,3545
2018-04-25 08:25,3544
2018-04-25 08:30,3566
2018-04-25 08:35,3596
2018-04-25 08:40,3591
2018-04-25 08:45,3601
2018-04-25 08:50,3608
2018-04-25 08:55,3619
2018-04-25 09:00,3608
2018-04-25 09:05,3684
2018-04-25 09:10,3747
2018-04-25 09:15,3795
2018-04-25 09:20,3855
2018-04-25 09:25,3934
2018-04-25 09:30,3975
2018-04-25 09:35,4019
2018-04-25 09:40,4038
2018-04-25 09:45,4068
2018-04-25 09:50,4104
2018-04-25 09:55,4126
2018-04-25 10:00,4161
2018-04-25 10:05,4202
2018-04-25 10:10,4234
2018-04-25 10:15,4300
2018-04-25 10:20,4304
2018-04-25 10:25,4321
2018-04-25 10:30,4346
2018-04-25 10:35,4375
2018-04-25 10:40,4385
2018-04-25 10:45,4411
2018-04-25 10:50,4461
2018-04-25 10:55,4495
2018-04-25 11:00,4554
2018-04-25 11:05,4614
2018-04-25 11:10,4711
2018-04-25 11:15,4820
2018-04-25 11:20,4864
2018-04-25 11:25,4956
2018-04-25 11:30,5011
2018-04-25 11:35,5111
2018-04-25 11:40,5169
2018-04-25 11:45,5257
2018-04-25 11:50,5314
2018-04-25 11:55,5388
2018-04-25 12:00,5449
2018-04-25 12:05,5506
2018-04-25 12:10,5571
2018-04-25 12:15,5687
2018-04-25 12:20,5823
2018-04-25 12:25,5898
2018-04-25 12:30,5968
2018-04-25 12:35,6027
2018-04-25 12:40,6130
2018-04-25 12:45,6209
2018-04-25 12:50,6280
2018-04-25 12:55,6387
2018-04-25 13:00,6425
2018-04-25 13:05,6540
2018-04-25 13:10,6634
2018-04-25 13:15,6697
2018-04-25 13:20,6789
2018-04-25 13:25,6846
2018-04-25 13:30,6921
2018-04-25 13:35,6987
2018-04-25 13:40,7075
2018-04-25 13:45,7154
2018-04-25 13:50,7185
2018-04-25 13:55,7276
2018-04-25 14:00,7321
2018-04-25 14:05,7455
2018-04-25 14:10,7584
2018-04-25 14:15,7650
2018-04-25 14:20,7749
2018-04-25 14:25,7863
2018-04-25 14:30,7949
2018-04-25 14:35,8002
2018-04-25 14:40,8026
2018-04-25 14:45,8064
2018-04-25 14:50,8110
2018-04-25 14:55,8211
2018-04-25 15:00,8233
2018-04-25 15:05,8234
2018-04-25 15:10,8314
2018-04-25 15:15,8443
2018-04-25 15:20,8542
2018-04-25 15:25,8552
2018-04-25 15:30,8631
2018-04-25 15:35,8794
2018-04-25 15:40,8802
2018-04-25 15:45,8861
2018-04-25 15:50,8968
2018-04-25 15:55,9100
2018-04-25 16:00,9206
2018-04-25 16:05,9225
2018-04-25 16:10,9288
2018-04-25 16:15,9452
2018-04-25 16:20,9574
2018-04-25 16:25,9700
2018-04-25 16:30,9752
2018-04-25 16:35,9849
2018-04-25 16:40,10002
2018-04-25 16:45,10082
2018-04-25 16:50,10191
2018-04-25 16:55,10272
2018-04-25 17:00,10367
2018-04-25 17:05,10424
2018-04-25 17:10,10493
2018-04-25 17:15,10524
2018-04-25 17:20,10627
2018-04-25 17:25,10710
2018-04-25 17:30,10791
2018-04-25 17:35,10823
2018-04-25 17:40,10875
2018-04-25 17:45,10896
2018-04-25 17:50,11005
2018-04-25 17:55,11063
2018-04-25 18:00,11149
2018-04-25 18:05,11189
2018-04-25 18:10,11252
2018-04-25 18:15,11309
2018-04-25 18:20,11322
2018-04-25 18:25,11344
2018-04-25 18:30,11438
2018-04-25 18:35,11471
2018-04-25 18:40,11446
2018-04-25 18:45,11444
2018-04-25 18:50,11441
2018-04-25 18:55,11428
2018-04-25 19:00,11393
2018-04-25 19:05,11311
2018-04-25 19:10,11354
2018-04-25 19:15,11282
2018-04-25 19:20,11346
2018-04-25 19:25,11317
2018-04-25 19:30,11284
2018-04-25 19:35,11286
2018-04-25 19:40,11300
2018-04-25 19:45,11311
2018-04-25 19:50,11251
2018-04-25 19:55,11355
2018-04-25 20:00,11281
2018-04-25 20:05,11235
2018-04-25 20:10,11157
2018-04-25 20:15,11161
2018-04-25 20:20,11120
2018-04-25 20:25,11122
2018-04-25 20:30,11110
2018-04-25 20:35,11109
2018-04-25 20:40,11020
2018-04-25 20:45,11026
2018-04-25 20:50,10931
2018-04-25 20:55,10921
2018-04-25 21:00,10890
2018-04-25 21:05,10874
2018-04-25 21:10,10835
2018-04-25 21:15,10814
2018-04-25 21:20,10759
2018-04-25 21:25,10673
2018-04-25 21:30,10568
2018-04-25 21:35,10540
2018-04-25 21:40,10640
2018-04-25 21:45,10556
2018-04-25 21:50,10546
2018-04-25 21:55,10488
2018-04-25 22:00,10401
2018-04-25 22:05,10331
2018-04-25 22:10,10251
2018-04-25 22:15,10140
2018-04-25 22:20,10079
2018-04-25 22:25,10012
2018-04-25 22:30,9925
2018-04-25 22:35,9949
2018-04-25 22:40,9877
2018-04-25 22:45,9803
2018-04-25 22:50,9758
2018-04-25 22:55,9729
2018-04-25 23:00,9740
2018-04-25 23:05,9698
2018-04-25 23:10,9624
2018-04-25 23:15,9517
2018-04-25 23:20,9425
2018-04-25 23:25,9436
2018-04-25 23:30,9510
2018-04-25 23:35,9445
2018-04-25 23:40,9432
2018-04-25 23:45,9364
2018-04-25 23:50,9383
2018-04-25 23:55,9333
2018-04-26 00:00,9246
2018-04-26 00:05,9218
2018-04-26 00:10,9282
2018-04-26 00:15,9258
2018-04-26 00:20,9210
2018-04-26 00:25,9205
2018-04-26 00:30,9209
2018-04-26 00:35,9117
2018-04-26 00:40,9085
2018-04-26 00:45,9089
2018-04-26 00:50,9062
2018-04-26 00:55,9047
2018-04-26 01:00,9008
2018-04-26 01:05,8919
2018-04-26 01:10,8828
2018-04-26 01:15,8728
2018-04-26 01:20,8636
2018-04-26 01:25,8650
2018-04-26 01:30,8647
2018-04-26 01:35,8574
2018-04-26 01:40,8533
2018-04-26 01:45,8522
2018-04-26 01:50,8485
2018-04-26 01:55,8390
2018-04-26 02:00,8318
2018-04-26 02:05,8260
2018-04-26 02:10,8227
2018-04-26 02:15,8216
2018-04-26 02:20,8179
2018-04-26 02:25,8167
2018-04-26 02:30,8098
2018-04-26 02:35,8003
2018-04-26 02:40,7951
2018-04-26 02:45,7882
2018-04-26 02:50,7859
2018-04-26 02:55,7744
2018-04-26 03:00,7674
2018-04-26 03:05,7548
2018-04-26 03:10,7462
2018-04-26 03:15,7350
2018-04-26 03:20,7303
2018-04-26 03:25,7254
2018-04-26 03:30,7160
2018-04-26 03:35,7129
2018-04-26 03:40,7007
2018-04-26 03:45,6863
2018-04-26 03:50,6768
2018-04-26 03:55,6728
2018-04-26 04:00,6575
2018-04-26 04:05,6504
2018-04-26 04:10,6414
2018-04-26 04:15,6354
2018-04-26 04:20,6198
2018-04-26 04:25,6156
2018-04-26 04:30,6031
2018-04-26 04:35,5894
2018-04-26 04:40,5830
2018-04-26 04:45,5744
2018-04-26 04:50,5613
2018-04-26 04:55,5463
2018-04-26 05:00,5344
2018-04-26 05:05,5265
2018-04-26 05:10,5163
2018-04-26 05:15,5099
2018-04-26 05:20,4982
2018-04-26 05:25,4834
2018-04-26 05:30,4747
2018-04-26 05:35,4690
2018-04-26 05:40,4632
2018-04-26 05:45,4527
2018-04-26 05:50,4462
2018-04-26 05:55,4400
2018-04-26 06:00,4348
2018-04-26 06:05,4302
2018-04-26 06:10,4228
2018-04-26 06:15,4174
2018-04-26 06:20,4148
2018-04-26 06:25,4138
2018-04-26 06:30,4095
2018-04-26 06:35,4060
2018-04-26 06:40,4001
2018-04-26 06:45,3926
2018-04-26 06:50,3887
2018-04-26 06:55,3847
2018-04-26 07:00,3784
2018-04-26 07:05,3755
2018-04-26 07:10,3703
2018-04-26 07:15,3635
2018-04-26 07:20,3611
2018-04-26 07:25,3583
2018-04-26 07:30,3524
2018-04-26 07:35,3528
2018-04-26 07:40,3494
2018-04-26 07:45,3460
2018-04-26 07:50,3463
2018-04-26 07:55,3455
2018-04-26 08:00,3438
2018-04-26 08:05,3419
2018-04-26 08:10,3450
2018-04-26 08:15,3435
2018-04-26 08:20,3464
2018-04-26 08:25,3467
2018-04-26 08:30,3494
2018-04-26 08:35,3491
2018-04-26 08:40,3541
2018-04-26 08:45,3532
2018-04-26 08:50,3532
2018-04-26 08:55,3534
2018-04-26 09:00,3587
2018-04-26 09:05,3681
2018-04-26 09:10,3724
2018-04-26 09:15,3748
2018-04-26 09:20,3731
2018-04-26 09:25,3789
2018-04-26 09:30,3829
2018-04-26 09:35,3801
2018-04-26 09:40,3799
2018-04-26 09:45,3783
2018-04-26 09:50,3786
2018-04-26 09:55,3812
2018-04-26 10:00,3816
2018-04-26 10:05,3812
2018-04-26 10:10,3842
2018-04-26 10:15,3855
2018-04-26 10:20,3770
2018-04-26 10:25,3745
2018-04-26 10:30,3728
2018-04-26 10:35,0
2018-04-26 10:40,2937
2018-04-26 10:45,2407
2018-04-26 10:50,1911
2018-04-26 10:55,1526
2018-04-26 11:00,1343
2018-04-26 11:05,1241
2018-04-26 11:10,1200
2018-04-26 11:15,1226
2018-04-26 11:20,1230
2018-04-26 11:25,1265
2018-04-26 11:30,1268
2018-04-26 11:35,1253
2018-04-26 11:40,1241
2018-04-26 11:45,1276
2018-04-26 11:50,1265
2018-04-26 11:55,1277
2018-04-26 12:00,1291
2018-04-26 12:05,1332
2018-04-26 12:10,1330
2018-04-26 12:15,1377
2018-04-26 12:20,1368
2018-04-26 12:25,1347
2018-04-26 12:30,1302
2018-04-26 12:35,1472
2018-04-26 12:40,2142
2018-04-26 12:45,2794
2018-04-26 12:50,3376
2018-04-26 12:55,3884
2018-04-26 13:00,4336
2018-04-26 13:05,4701
2018-04-26 13:10,5027
2018-04-26 13:15,5341
2018-04-26 13:20,5585
2018-04-26 13:25,5856
2018-04-26 13:30,6095
2018-04-26 13:35,6339
2018-04-26 13:40,6556
2018-04-26 13:45,6768
2018-04-26 13:50,6923
2018-04-26 13:55,7033
2018-04-26 14:00,7199
2018-04-26 14:05,7344
2018-04-26 14:10,7457
2018-04-26 14:15,7572
2018-04-26 14:20,7625
2018-04-26 14:25,7715
2018-04-26 14:30,7855
2018-04-26 14:35,7918
2018-04-26 14:40,7981
2018-04-26 14:45,8070
2018-04-26 14:50,8153
2018-04-26 14:55,8217
2018-04-26 15:00,8365
2018-04-26 15:05,8451
2018-04-26 15:10,8513
2018-04-26 15:15,8603
2018-04-26 15:20,8642
2018-04-26 15:25,8663
2018-04-26 15:30,8673
2018-04-26 15:35,8754
2018-04-26 15:40,8812
2018-04-26 15:45,8892
2018-04-26 15:50,8980
2018-04-26 15:55,9032
2018-04-26 16:00,9104
2018-04-26 16:05,9091
2018-04-26 16:10,9137
2018-04-26 16:15,9219
2018-04-26 16:20,9304
2018-04-26 16:25,9309
2018-04-26 16:30,9296
2018-04-26 16:35,9372
2018-04-26 16:40,9373
2018-04-26 16:45,9449
2018-04-26 16:50,9523
2018-04-26 16:55,9642
2018-04-26 17:00,9746
2018-04-26 17:05,9773
2018-04-26 17:10,9851
2018-04-26 17:15,9932
2018-04-26 17:20,9987
2018-04-26 17:25,10076
2018-04-26 17:30,10128
2018-04-26 17:35,10191
2018-04-26 17:40,10254
2018-04-26 17:45,10327
2018-04-26 17:50,10406
2018-04-26 17:55,10482
2018-04-26 18:00,10566
2018-04-26 18:05,10694
2018-04-26 18:10,10814
2018-04-26 18:15,10962
2018-04-26 18:20,11071
2018-04-26 18:25,11141
2018-04-26 18:30,11247
2018-04-26 18:35,11364
2018-04-26 18:40,11475
2018-04-26 18:45,11456
2018-04-26 18:50,11519
2018-04-26 18:55,11543
2018-04-26 19:00,11612
2018-04-26 19:05,11636
2018-04-26 19:10,11762
2018-04-26 19:15,11777
2018-04-26 19:20,11769
2018-04-26 19:25,11849
2018-04-26 19:30,11927
2018-04-26 19:35,11922
2018-04-26 19:40,11890
2018-04-26 19:45,11908
2018-04-26 19:50,11893
2018-04-26 19:55,11861
2018-04-26 20:00,11873
2018-04-26 20:05,11833
2018-04-26 20:10,11773
2018-04-26 20:15,11761
2018-04-26 20:20,11680
2018-04-26 20:25,11658
2018-04-26 20:30,11559
2018-04-26 20:35,11435
2018-04-26 20:40,11297
2018-04-26 20:45,11187
2018-04-26 20:50,11108
2018-04-26 20:55,10975
2018-04-26 21:00,11043
2018-04-26 21:05,11043
2018-04-26 21:10,10928
2018-04-26 21:15,10834
2018-04-26 21:20,10812
2018-04-26 21:25,10803
2018-04-26 21:30,10666
2018-04-26 21:35,10553
2018-04-26 21:40,10443
2018-04-26 21:45,10353
2018-04-26 21:50,10224
2018-04-26 21:55,10115
2018-04-26 22:00,10049
2018-04-26 22:05,9957
2018-04-26 22:10,9905
2018-04-26 22:15,9931
2018-04-26 22:20,9858
2018-04-26 22:25,9805
2018-04-26 22:30,9774
2018-04-26 22:35,9654
2018-04-26 22:40,9578
2018-04-26 22:45,9522
2018-04-26 22:50,9470
2018-04-26 22:55,9371
2018-04-26 23:00,9294
2018-04-26 23:05,9207
2018-04-26 23:10,9100
2018-04-26 23:15,9066
2018-04-26 23:20,8998
2018-04-26 23:25,9063
2018-04-26 23:30,9070
2018-04-26 23:35,8994
2018-04-26 23:40,8936
2018-04-26 23:45,8921
2018-04-26 23:50,8847
2018-04-26 23:55,8795
2018-04-27 00:00,8745
2018-04-27 00:05,8703
2018-04-27 00:10,8626
2018-04-27 00:15,8598
2018-04-27 00:20,8524
2018-04-27 00:25,8453
2018-04-27 00:30,8442
2018-04-27 00:35,8401
2018-04-27 00:40,8362
2018-04-27 00:45,8265
2018-04-27 00:50,8184
2018-04-27 00:55,8147
2018-04-27 01:00,8136
2018-04-27 01:05,8110
2018-04-27 01:10,8079
2018-04-27 01:15,8058
2018-04-27 01:20,7987
2018-04-27 01:25,7966
2018-04-27 01:30,7914
2018-04-27 01:35,7926
2018-04-27 01:40,7871
2018-04-27 01:45,7855
2018-04-27 01:50,7826
2018-04-27 01:55,7862
2018-04-27 02:00,7843
2018-04-27 02:05,7806
2018-04-27 02:10,7805
2018-04-27 02:15,7777
2018-04-27 02:20,7714
2018-04-27 02:25,7666
2018-04-27 02:30,7637
2018-04-27 02:35,7577
2018-04-27 02:40,7503
2018-04-27 02:45,7495
2018-04-27 02:50,7477
2018-04-27 02:55,7382
2018-04-27 03:00,7330
2018-04-27 03:05,7299
2018-04-27 03:10,7238
2018-04-27 03:15,7160
2018-04-27 03:20,7108
2018-04-27 03:25,7027
2018-04-27 03:30,6943
2018-04-27 03:35,6840
2018-04-27 03:40,6769
2018-04-27 03:45,6677
2018-04-27 03:50,6576
2018-04-27 03:55,6484
2018-04-27 04:00,6390
2018-04-27 04:05,6306
2018-04-27 04:10,6228
2018-04-27 04:15,6122
2018-04-27 04:20,6040
2018-04-27 04:25,5965
2018-04-27 04:30,5837
2018-04-27 04:35,5720
2018-04-27 04:40,5606
2018-04-27 04:45,5560
2018-04-27 04:50,5495
2018-04-27 04:55,5364
2018-04-27 05:00,5270
2018-04-27 05:05,5211
2018-04-27 05:10,5088
2018-04-27 05:15,5037
2018-04-27 05:20,4950
2018-04-27 05:25,4826
2018-04-27 05:30,4739
2018-04-27 05:35,4695
2018-04-27 05:40,4628
2018-04-27 05:45,4538
2018-04-27 05:50,4449
2018-04-27 05:55,4374
2018-04-27 06:00,4295
2018-04-27 06:05,4292
2018-04-27 06:10,4233
2018-04-27 06:15,4174
2018-04-27 06:20,4155
2018-04-27 06:25,4110
2018-04-27 06:30,4052
2018-04-27 06:35,4007
2018-04-27 06:40,3969
2018-04-27 06:45,3929
2018-04-27 06:50,3893
2018-04-27 06:55,3884
2018-04-27 07:00,3830
2018-04-27 07:05,3825
2018-04-27 07:10,3804
2018-04-27 07:15,3771
2018-04-27 07:20,3746
2018-04-27 07:25,3722
2018-04-27 07:30,3705
2018-04-27 07:35,3731
2018-04-27 07:40,3728
2018-04-27 07:45,3693
2018-04-27 07:50,3681
2018-04-27 07:55,3665
2018-04-27 08:00,3669
2018-04-27 08:05,3676
2018-04-27 08:10,3610
2018-04-27 08:15,3590
2018-04-27 08:20,3620
2018-04-27 08:25,3632
2018-04-27 08:30,3633
2018-04-27 08:35,3630
2018-04-27 08:40,3624
2018-04-27 08:45,3657
2018-04-27 08:50,3690
2018-04-27 08:55,3711
2018-04-27 09:00,3742
2018-04-27 09:05,3804
2018-04-27 09:10,3850
2018-04-27 09:15,3908
2018-04-27 09:20,3975
2018-04-27 09:25,4006
2018-04-27 09:30,4056
2018-04-27 09:35,4053
2018-04-27 09:40,4107
2018-04-27 09:45,4171
2018-04-27 09:50,4191
2018-04-27 09:55,4205
2018-04-27 10:00,4212
2018-04-27 10:05,4297
2018-04-27 10:10,4328
2018-04-27 10:15,4344
2018-04-27 10:20,4390
2018-04-27 10:25,4397
2018-04-27 10:30,4449
2018-04-27 10:35,4476
2018-04-27 10:40,4522
2018-04-27 10:45,4559
2018-04-27 10:50,4591
2018-04-27 10:55,4675
2018-04-27 11:00,4741
2018-04-27 11:05,4793
2018-04-27 11:10,4777
2018-04-27 11:15,4893
2018-04-27 11:20,4939
2018-04-27 11:25,4975
2018-04-27 11:30,5038
2018-04-27 11:35,5062
2018-04-27 11:40,5174
2018-04-27 11:45,5214
2018-04-27 11:50,5291
2018-04-27 11:55,5401
2018-04-27 12:00,5442
2018-04-27 12:05,5523
2018-04-27 12:10,5629
2018-04-27 12:15,5685
2018-04-27 12:20,5774
2018-04-27 12:25,5872
2018-04-27 12:30,6002
2018-04-27 12:35,5993
2018-04-27 12:40,6001
2018-04-27 12:45,6025
2018-04-27 12:50,6021
2018-04-27 12:55,6111
2018-04-27 13:00,6194
2018-04-27 13:05,6131
2018-04-27 13:10,6126
2018-04-27 13:15,6108
2018-04-27 13:20,6093
2018-04-27 13:25,6084
2018-04-27 13:30,6117
2018-04-27 13:35,5725
2018-04-27 13:40,4626
2018-04-27 13:45,3704
2018-04-27 13:50,2824
2018-04-27 13:55,2221
2018-04-27 14:00,1936
2018-04-27 14:05,1822
2018-04-27 14:10,1696
2018-04-27 14:15,1694
2018-04-27 14:20,1707
2018-04-27 14:25,1737
2018-04-27 14:30,2270
2018-04-27 14:35,3060
2018-04-27 14:40,3717
2018-04-27 14:45,4354
2018-04-27 14:50,4944
2018-04-27 14:55,5439
2018-04-27 15:00,5901
2018-04-27 15:05,6252
2018-04-27 15:10,6680
2018-04-27 15:15,7017
2018-04-27 15:20,7311
2018-04-27 15:25,7590
2018-04-27 15:30,7863
2018-04-27 15:35,8032
2018-04-27 15:40,8212
2018-04-27 15:45,8381
2018-04-27 15:50,8529
2018-04-27 15:55,8632
2018-04-27 16:00,8829
2018-04-27 16:05,8975
2018-04-27 16:10,9010
2018-04-27 16:15,9152
2018-04-27 16:20,9192
2018-04-27 16:25,9313
2018-04-27 16:30,9405
2018-04-27 16:35,9446
2018-04-27 16:40,9504
2018-04-27 16:45,9553
2018-04-27 16:50,9606
2018-04-27 16:55,9703
2018-04-27 17:00,9745
2018-04-27 17:05,9731
2018-04-27 17:10,9844
2018-04-27 17:15,9914
2018-04-27 17:20,10012
2018-04-27 17:25,10066
2018-04-27 17:30,10176
2018-04-27 17:35,10254
2018-04-27 17:40,10423
2018-04-27 17:45,10490
2018-04-27 17:50,10525
2018-04-27 17:55,10536
2018-04-27 18:00,10589
2018-04-27 18:05,10632
2018-04-27 18:10,10647
2018-04-27 18:15,10732
2018-04-27 18:20,10816
2018-04-27 18:25,10864
2018-04-27 18:30,10983
2018-04-27 18:35,11046
2018-04-27 18:40,11136
2018-04-27 18:45,11232
2018-04-27 18:50,11355
2018-04-27 18:55,11409
2018-04-27 19:00,11463
2018-04-27 19:05,11500
2018-04-27 19:10,11506
2018-04-27 19:15,0
2018-04-27 19:20,11598
2018-04-27 19:25,11618
2018-04-27 19:30,11692
2018-04-27 19:35,11743
2018-04-27 19:40,11728
2018-04-27 19:45,11750
2018-04-27 19:50,11777
2018-04-27 19:55,11786
2018-04-27 20:00,11790
2018-04-27 20:05,11787
2018-04-27 20:10,11717
2018-04-27 20:15,11736
2018-04-27 20:20,11710
2018-04-27 20:25,11738
2018-04-27 20:30,11729
2018-04-27 20:35,11667
2018-04-27 20:40,11595
2018-04-27 20:45,11582
2018-04-27 20:50,11621
2018-04-27 20:55,11671
2018-04-27 21:00,11559
2018-04-27 21:05,11504
2018-04-27 21:10,11415
2018-04-27 21:15,11433
2018-04-27 21:20,11377
2018-04-27 21:25,11373
2018-04-27 21:30,11349
2018-04-27 21:35,11338
2018-04-27 21:40,11311
2018-04-27 21:45,11356
2018-04-27 21:50,11364
2018-04-27 21:55,11359
2018-04-27 22:00,11367
2018-04-27 22:05,11282
2018-04-27 22:10,11242
2018-04-27 22:15,11172
2018-04-27 22:20,11097
2018-04-27 22:25,11020
2018-04-27 22:30,10872
2018-04-27 22:35,10775
2018-04-27 22:40,10706
2018-04-27 22:45,10685
2018-04-27 22:50,10595
2018-04-27 22:55,10435
2018-04-27 23:00,10362
2018-04-27 23:05,10313
2018-04-27 23:10,10230
2018-04-27 23:15,10184
2018-04-27 23:20,10117
2018-04-27 23:25,10070
2018-04-27 23:30,10059
2018-04-27 23:35,9934
2018-04-27 23:40,9888
2018-04-27 23:45,9829
2018-04-27 23:50,9794
2018-04-27 23:55,9715
2018-04-28 00:00,9781
2018-04-28 00:05,9751
2018-04-28 00:10,9727
2018-04-28 00:15,9697
2018-04-28 00:20,9663
2018-04-28 00:25,9551
2018-04-28 00:30,9530
2018-04-28 00:35,9529
2018-04-28 00:40,9459
2018-04-28 00:45,9440
2018-04-28 00:50,9402
2018-04-28 00:55,9330
2018-04-28 01:00,9291
2018-04-28 01:05,9243
2018-04-28 01:10,9175
2018-04-28 01:15,9201
2018-04-28 01:20,9201
2018-04-28 01:25,9171
2018-04-28 01:30,9144
2018-04-28 01:35,9123
2018-04-28 01:40,9100
2018-04-28 01:45,9121
2018-04-28 01:50,9045
2018-04-28 01:55,9039
2018-04-28 02:00,8993
2018-04-28 02:05,8999
2018-04-28 02:10,9034
2018-04-28 02:15,8964
2018-04-28 02:20,8823
2018-04-28 02:25,8798
2018-04-28 02:30,8774
2018-04-28 02:35,8725
2018-04-28 02:40,8672
2018-04-28 02:45,8633
2018-04-28 02:50,8569
2018-04-28 02:55,8520
2018-04-28 03:00,8489
2018-04-28 03:05,8466
2018-04-28 03:10,8375
2018-04-28 03:15,8282
2018-04-28 03:20,8252
2018-04-28 03:25,8209
2018-04-28 03:30,8156
2018-04-28 03:35,8083
2018-04-28 03:40,8022
2018-04-28 03:45,7967
2018-04-28 03:50,7871
2018-04-28 03:55,7818
2018-04-28 04:00,7749
2018-04-28 04:05,7698
2018-04-28 04:10,7601
2018-04-28 04:15,7541
2018-04-28 04:20,7447
2018-04-28 04:25,7332
2018-04-28 04:30,7224
2018-04-28 04:35,7116
2018-04-28 04:40,7072
2018-04-28 04:45,6977
2018-04-28 04:50,6930
2018-04-28 04:55,6850
2018-04-28 05:00,6762
2018-04-28 05:05,6624
2018-04-28 05:10,6549
2018-04-28 05:15,6464
2018-04-28 05:20,6403
2018-04-28 05:25,6284
2018-04-28 05:30,6226
2018-04-28 05:35,6102
2018-04-28 05:40,6053
2018-04-28 05:45,5961
2018-04-28 05:50,5896
2018-04-28 05:55,5777
2018-04-28 06:00,5737
2018-04-28 06:05,5650
2018-04-28 06:10,5591
2018-04-28 06:15,5522
2018-04-28 06:20,5443
2018-04-28 06:25,5382
2018-04-28 06:30,5327
2018-04-28 06:35,5325
2018-04-28 06:40,5259
2018-04-28 06:45,5187
2018-04-28 06:50,5085
2018-04-28 06:55,5011
2018-04-28 07:00,4971
2018-04-28 07:05,4887
2018-04-28 07:10,4859
2018-04-28 07:15,4825
2018-04-28 07:20,4867
2018-04-28 07:25,4819
2018-04-28 07:30,4829
2018-04-28 07:35,4863
2018-04-28 07:40,4858
2018-04-28 07:45,4864
2018-04-28 07:50,4824
2018-04-28 07:55,4846
2018-04-28 08:00,4857
2018-04-28 08:05,4841
2018-04-28 08:10,4875
2018-04-28 08:15,4903
2018-04-28 08:20,4952
2018-04-28 08:25,4951
2018-04-28 08:30,4958
2018-04-28 08:35,4981
2018-04-28 08:40,5002
2018-04-28 08:45,5051
2018-04-28 08:50,5087
2018-04-28 08:55,5098
2018-04-28 09:00,5134
2018-04-28 09:05,5153
2018-04-28 09:10,5274
2018-04-28 09:15,5279
2018-04-28 09:20,5366
2018-04-28 09:25,5479
2018-04-28 09:30,5583
2018-04-28 09:35,5576
2018-04-28 09:40,5644
2018-04-28 09:45,5645
2018-04-28 09:50,5744
2018-04-28 09:55,5765
2018-04-28 10:00,5831
2018-04-28 10:05,5902
2018-04-28 10:10,5921
2018-04-28 10:15,5975
2018-04-28 10:20,6015
2018-04-28 10:25,6111
2018-04-28 10:30,6220
2018-04-28 10:35,6199
2018-04-28 10:40,6293
2018-04-28 10:45,6360
2018-04-28 10:50,6375
2018-04-28 10:55,6459
2018-04-28 11:00,6445
2018-04-28 11:05,6536
2018-04-28 11:10,6581
2018-04-28 11:15,6623
2018-04-28 11:20,6691
2018-04-28 11:25,6739
2018-04-28 11:30,6753
2018-04-28 11:35,6825
2018-04-28 11:40,6900
2018-04-28 11:45,7042
2018-04-28 11:50,7069
2018-04-28 11:55,7140
2018-04-28 12:00,7189
2018-04-28 12:05,7228
2018-04-28 12:10,7341
2018-04-28 12:15,7434
2018-04-28 12:20,7494
2018-04-28 12:25,7537
2018-04-28 12:30,7620
2018-04-28 12:35,7642
2018-04-28 12:40,7707
2018-04-28 12:45,7773
2018-04-28 12:50,7841
2018-04-28 12:55,7899
2018-04-28 13:00,7996
2018-04-28 13:05,8125
2018-04-28 13:10,8210
2018-04-28 13:15,8296
2018-04-28 13:20,8451
2018-04-28 13:25,8551
2018-04-28 13:30,8612
2018-04-28 13:35,8707
2018-04-28 13:40,8740
2018-04-28 13:45,8836
2018-04-28 13:50,8947
2018-04-28 13:55,9057
2018-04-28 14:00,9149
2018-04-28 14:05,9240
2018-04-28 14:10,9276
2018-04-28 14:15,9327
2018-04-28 14:20,9468
2018-04-28 14:25,9512
2018-04-28 14:30,9582
2018-04-28 14:35,9671
2018-04-28 14:40,9667
2018-04-28 14:45,9772
2018-04-28 14:50,9842
2018-04-28 14:55,9978
2018-04-28 15:00,10023
2018-04-28 15:05,10084
2018-04-28 15:10,10156
2018-04-28 15:15,10239
2018-04-28 15:20,10258
2018-04-28 15:25,10339
2018-04-28 15:30,10340
2018-04-28 15:35,10377
2018-04-28 15:40,10423
2018-04-28 15:45,10477
2018-04-28 15:50,10536
2018-04-28 15:55,10573
2018-04-28 16:00,10655
2018-04-28 16:05,10740
2018-04-28 16:10,10813
2018-04-28 16:15,10824
2018-04-28 16:20,10913
2018-04-28 16:25,10996
2018-04-28 16:30,11090
2018-04-28 16:35,11124
2018-04-28 16:40,11211
2018-04-28 16:45,11286
2018-04-28 16:50,11401
2018-04-28 16:55,11455
2018-04-28 17:00,11493
2018-04-28 17:05,11518
2018-04-28 17:10,11539
2018-04-28 17:15,11590
2018-04-28 17:20,11704
2018-04-28 17:25,11756
2018-04-28 17:30,11742
2018-04-28 17:35,11852
2018-04-28 17:40,11898
2018-04-28 17:45,11974
2018-04-28 17:50,12015
2018-04-28 17:55,12104
2018-04-28 18:00,12168
2018-04-28 18:05,12230
2018-04-28 18:10,12339
2018-04-28 18:15,12398
2018-04-28 18:20,12405
2018-04-28 18:25,12505
2018-04-28 18:30,12537
2018-04-28 18:35,12534
2018-04-28 18:40,12660
2018-04-28 18:45,12737
2018-04-28 18:50,12755
2018-04-28 18:55,12763
2018-04-28 19:00,12830
2018-04-28 19:05,12938
2018-04-28 19:10,12971
2018-04-28 19:15,12986
2018-04-28 19:20,13022
2018-04-28 19:25,13062
2018-04-28 19:30,13058
2018-04-28 19:35,13199
2018-04-28 19:40,13247
2018-04-28 19:45,13258
2018-04-28 19:50,13307
2018-04-28 19:55,13362
2018-04-28 20:00,13403
2018-04-28 20:05,13399
2018-04-28 20:10,13426
2018-04-28 20:15,13432
2018-04-28 20:20,13540
2018-04-28 20:25,13611
2018-04-28 20:30,13567
2018-04-28 20:35,13569
2018-04-28 20:40,13469
2018-04-28 20:45,13504
2018-04-28 20:50,13432
2018-04-28 20:55,13487
2018-04-28 21:00,13452
2018-04-28 21:05,13392
2018-04-28 21:10,13356
2018-04-28 21:15,13236
2018-04-28 21:20,13175
2018-04-28 21:25,13093
2018-04-28 21:30,12972
2018-04-28 21:35,12859
2018-04-28 21:40,12726
2018-04-28 21:45,12615
2018-04-28 21:50,12580
2018-04-28 21:55,12536
2018-04-28 22:00,12496
2018-04-28 22:05,12409
2018-04-28 22:10,12300
2018-04-28 22:15,12168
2018-04-28 22:20,12005
2018-04-28 22:25,0
2018-04-28 22:30,11890
2018-04-28 22:35,11727
2018-04-28 22:40,11656
2018-04-28 22:45,11529
2018-04-28 22:50,11360
2018-04-28 22:55,11273
2018-04-28 23:00,11127
2018-04-28 23:05,11031
2018-04-28 23:10,10878
2018-04-28 23:15,10843
2018-04-28 23:20,10717
2018-04-28 23:25,10659
2018-04-28 23:30,10521
2018-04-28 23:35,10462
2018-04-28 23:40,10335
2018-04-28 23:45,10220
2018-04-28 23:50,10123
2018-04-28 23:55,10099
2018-04-29 00:00,10079
2018-04-29 00:05,9853
2018-04-29 00:10,9713
2018-04-29 00:15,9582
2018-04-29 00:20,9506
2018-04-29 00:25,9471
2018-04-29 00:30,9426
2018-04-29 00:35,9339
2018-04-29 00:40,
2018-04-29 00:45,
2018-04-29 00:50,
2018-04-29 00:55,9130
2018-04-29 01:00,9112
2018-04-29 01:05,9027
2018-04-29 01:10,9004
2018-04-29 01:15,8970
2018-04-29 01:20,8959
2018-04-29 01:25,8905
2018-04-29 01:30,8878
2018-04-29 01:35,8796
2018-04-29 01:40,8770
2018-04-29 01:45,8697
2018-04-29 01:50,8646
2018-04-29 01:55,8624
2018-04-29 02:00,8589
2018-04-29 02:05,8526
2018-04-29 02:10,8546
2018-04-29 02:15,8534
2018-04-29 02:20,8563
2018-04-29 02:25,8572
2018-04-29 02:30,8572
2018-04-29 02:35,8568
2018-04-29 02:40,8529
2018-04-29 02:45,8555
2018-04-29 02:50,8567
2018-04-29 02:55,8533
2018-04-29 03:00,8481
2018-04-29 03:05,8422
2018-04-29 03:10,8401
2018-04-29 03:15,8365
2018-04-29 03:20,8364
2018-04-29 03:25,8335
2018-04-29 03:30,8254
2018-04-29 03:35,8218
2018-04-29 03:40,8245
2018-04-29 03:45,8218
2018-04-29 03:50,8207
2018-04-29 03:55,8171
2018-04-29 04:00,8132
2018-04-29 04:05,8106
2018-04-29 04:10,8055
2018-04-29 04:15,8065
2018-04-29 04:20,7983
2018-04-29 04:25,7907
2018-04-29 04:30,7879
2018-04-29 04:35,7825
2018-04-29 04:40,7729
2018-04-29 04:45,7651
2018-04-29 04:50,7555
2018-04-29 04:55,7460
2018-04-29 05:00,7346
2018-04-29 05:05,7228
2018-04-29 05:10,7151
2018-04-29 05:15,7051
2018-04-29 05:20,6950
2018-04-29 05:25,6802
2018-04-29 05:30,6699
2018-04-29 05:35,6621
2018-04-29 05:40,6543
2018-04-29 05:45,6477
2018-04-29 05:50,6436
2018-04-29 05:55,6437
2018-04-29 06:00,6338
2018-04-29 06:05,6244
2018-04-29 06:10,6129
2018-04-29 06:15,6043
2018-04-29 06:20,5970
2018-04-29 06:25,5917
2018-04-29 06:30,5835
2018-04-29 06:35,5799
2018-04-29 06:40,5750
2018-04-29 06:45,5649
2018-04-29 06:50,5540
2018-04-29 06:55,5484
2018-04-29 07:00,5404
2018-04-29 07:05,5414
2018-04-29 07:10,5378
2018-04-29 07:15,5376
2018-04-29 07:20,5332
2018-04-29 07:25,5294
2018-04-29 07:30,5241
2018-04-29 07:35,5247
2018-04-29 07:40,5245
2018-04-29 07:45,5245
2018-04-29 07:50,5259
2018-04-29 07:55,5283
2018-04-29 08:00,5273
2018-04-29 08:05,5269
2018-04-29 08:10,5258
2018-04-29 08:15,5265
2018-04-29 08:20,5293
2018-04-29 08:25,5346
2018-04-29 08:30,5342
2018-04-29 08:35,5344
2018-04-29 08:40,5389
2018-04-29 08:45,5402
2018-04-29 08:50,5399
2018-04-29 08:55,5447
2018-04-29 09:00,5526
2018-04-29 09:05,5565
2018-04-29 09:10,5729
2018-04-29 09:15,5879
2018-04-29 09:20,5940
2018-04-29 09:25,6045
2018-04-29 09:30,6112
2018-04-29 09:35,6138
2018-04-29 09:40,6168
2018-04-29 09:45,6246
2018-04-29 09:50,6298
2018-04-29 09:55,6317
2018-04-29 10:00,6386
2018-04-29 10:05,6420
2018-04-29 10:10,6480
2018-04-29 10:15,6569
2018-04-29 10:20,6650
2018-04-29 10:25,6684
2018-04-29 10:30,6779
2018-04-29 10:35,6816
2018-04-29 10:40,6868
2018-04-29 10:45,6927
2018-04-29 10:50,7019
2018-04-29 10:55,7088
2018-04-29 11:00,7098
2018-04-29 11:05,7196
2018-04-29 11:10,7217
2018-04-29 11:15,7239
2018-04-29 11:20,7362
2018-04-29 11:25,7408
2018-04-29 11:30,7464
2018-04-29 11:35,7551
2018-04-29 11:40,7551
2018-04-29 11:45,7598
2018-04-29 11:50,7637
2018-04-29 11:55,7694
2018-04-29 12:00,7757
2018-04-29 12:05,7808
2018-04-29 12:10,7853
2018-04-29 12:15,7935
2018-04-29 12:20,7987
2018-04-29 12:25,8040
2018-04-29 12:30,8063
2018-04-29 12:35,8111
2018-04-29 12:40,8194
2018-04-29 12:45,8251
2018-04-29 12:50,8322
2018-04-29 12:55,8415
2018-04-29 13:00,8500
2018-04-29 13:05,8535
2018-04-29 13:10,8576
2018-04-29 13:15,8684
2018-04-29 13:20,8764
2018-04-29 13:25,8852
2018-04-29 13:30,8959
2018-04-29 13:35,9066
2018-04-29 13:40,9203
2018-04-29 13:45,9329
2018-04-29 13:50,9388
2018-04-29 13:55,9431
2018-04-29 14:00,9507
2018-04-29 14:05,9587
2018-04-29 14:10,9665
2018-04-29 14:15,9744
2018-04-29 14:20,9819
2018-04-29 14:25,9923
2018-04-29 14:30,10010
2018-04-29 14:35,10107
2018-04-29 14:40,10176
2018-04-29 14:45,10270
2018-04-29 14:50,10373
2018-04-29 14:55,10536
2018-04-29 15:00,10622
2018-04-29 15:05,10713
2018-04-29 15:10,10711
2018-04-29 15:15,10880
2018-04-29 15:20,10869
2018-04-29 15:25,10940
2018-04-29 15:30,11053
2018-04-29 15:35,11111
2018-04-29 15:40,11207
2018-04-29 15:45,11271
2018-04-29 15:50,11324
2018-04-29 15:55,11402
2018-04-29 16:00,11500
2018-04-29 16:05,11573
2018-04-29 16:10,11646
2018-04-29 16:15,11689
2018-04-29 16:20,11778
2018-04-29 16:25,11879
2018-04-29 16:30,11916
2018-04-29 16:35,11958
2018-04-29 16:40,11998
2018-04-29 16:45,12017
2018-04-29 16:50,12110
2018-04-29 16:55,12195
2018-04-29 17:00,12312
2018-04-29 17:05,12309
2018-04-29 17:10,12398
2018-04-29 17:15,12524
2018-04-29 17:20,12640
2018-04-29 17:25,12718
2018-04-29 17:30,12750
2018-04-29 17:35,12850
2018-04-29 17:40,12961
2018-04-29 17:45,13081
2018-04-29 17:50,13195
2018-04-29 17:55,13224
2018-04-29 18:00,13361
2018-04-29 18:05,13343
2018-04-29 18:10,13458
2018-04-29 18:15,13732
2018-04-29 18:20,13942
2018-04-29 18:25,14108
2018-04-29 18:30,14193
2018-04-29 18:35,14387
2018-04-29 18:40,14437
2018-04-29 18:45,14570
2018-04-29 18:50,14577
2018-04-29 18:55,14600
2018-04-29 19:00,14585
2018-04-29 19:05,14649
2018-04-29 19:10,14610
2018-04-29 19:15,14625
2018-04-29 19:20,14733
2018-04-29 19:25,14712
2018-04-29 19:30,14735
2018-04-29 19:35,14671
2018-04-29 19:40,14725
2018-04-29 19:45,14698
2018-04-29 19:50,14670
2018-04-29 19:55,14700
2018-04-29 20:00,14722
2018-04-29 20:05,14633
2018-04-29 20:10,14610
2018-04-29 20:15,14612
2018-04-29 20:20,14538
2018-04-29 20:25,14493
2018-04-29 20:30,14373
2018-04-29 20:35,14289
2018-04-29 20:40,14237
2018-04-29 20:45,14159
2018-04-29 20:50,14151
2018-04-29 20:55,14102
2018-04-29 21:00,14090
2018-04-29 21:05,13972
2018-04-29 21:10,13895
2018-04-29 21:15,13828
2018-04-29 21:20,13692
2018-04-29 21:25,13545
2018-04-29 21:30,13546
2018-04-29 21:35,13610
2018-04-29 21:40,13485
2018-04-29 21:45,13381
2018-04-29 21:50,13236
2018-04-29 21:55,13079
2018-04-29 22:00,12943
2018-04-29 22:05,12805
2018-04-29 22:10,12694
2018-04-29 22:15,12580
2018-04-29 22:20,12450
2018-04-29 22:25,12318
2018-04-29 22:30,12173
2018-04-29 22:35,12021
2018-04-29 22:40,11963
2018-04-29 22:45,11922
2018-04-29 22:50,11845
2018-04-29 22:55,11686
2018-04-29 23:00,11585
2018-04-29 23:05,11461
2018-04-29 23:10,11319
2018-04-29 23:15,11164
2018-04-29 23:20,11055
2018-04-29 23:25,10899
2018-04-29 23:30,10845
2018-04-29 23:35,10776
2018-04-29 23:40,10689
2018-04-29 23:45,10653
2018-04-29 23:50,10580
2018-04-29 23:55,10560
2018-04-30 00:00,10486
2018-04-30 00:05,10456
2018-04-30 00:10,10395
2018-04-30 00:15,10316
2018-04-30 00:20,10216
2018-04-30 00:25,10097
2018-04-30 00:30,10030
2018-04-30 00:35,9958
2018-04-30 00:40,9877
2018-04-30 00:45,9815
2018-04-30 00:50,9780
2018-04-30 00:55,9756
2018-04-30 01:00,9605
2018-04-30 01:05,9539
2018-04-30 01:10,9434
2018-04-30 01:15,9378
2018-04-30 01:20,9329
2018-04-30 01:25,9239
2018-04-30 01:30,9161
2018-04-30 01:35,9190
2018-04-30 01:40,9183
2018-04-30 01:45,9143
2018-04-30 01:50,9069
2018-04-30 01:55,9025
2018-04-30 02:00,8971
2018-04-30 02:05,8866
2018-04-30 02:10,8775
2018-04-30 02:15,8726
2018-04-30 02:20,8689
2018-04-30 02:25,8676
2018-04-30 02:30,8535
2018-04-30 02:35,8447
2018-04-30 02:40,8374
2018-04-30 02:45,8328
2018-04-30 02:50,8178
2018-04-30 02:55,8087
2018-04-30 03:00,7984
2018-04-30 03:05,7900
2018-04-30 03:10,7799
2018-04-30 03:15,7708
2018-04-30 03:20,7617
2018-04-30 03:25,7565
2018-04-30 03:30,7492
2018-04-30 03:35,7394
2018-04-30 03:40,7308
2018-04-30 03:45,0
2018-04-30 03:50,7019
2018-04-30 03:55,6894
2018-04-30 04:00,6819
2018-04-30 04:05,6750
2018-04-30 04:10,6624
2018-04-30 04:15,6482
2018-04-30 04:20,6419
2018-04-30 04:25,6332
2018-04-30 04:30,6247
2018-04-30 04:35,6166
2018-04-30 04:40,6090
2018-04-30 04:45,5992
2018-04-30 04:50,5873
2018-04-30 04:55,5799
2018-04-30 05:00,5700
2018-04-30 05:05,5599
2018-04-30 05:10,5509
2018-04-30 05:15,5425
2018-04-30 05:20,5372
2018-04-30 05:25,5326
2018-04-30 05:30,5236
2018-04-30 05:35,5115
2018-04-30 05:40,5015
2018-04-30 05:45,4926
2018-04-30 05:50,4899
2018-04-30 05:55,4808
2018-04-30 06:00,4725
2018-04-30 06:05,4688
2018-04-30 06:10,4676
2018-04-30 06:15,4632
2018-04-30 06:20,4539
2018-04-30 06:25,4472
2018-04-30 06:30,4453
2018-04-30 06:35,4427
2018-04-30 06:40,4411
2018-04-30 06:45,4375
2018-04-30 06:50,4354
2018-04-30 06:55,4311
2018-04-30 07:00,4268
2018-04-30 07:05,4222
2018-04-30 07:10,4199
2018-04-30 07:15,4189
2018-04-30 07:20,4202
2018-04-30 07:25,4198
2018-04-30 07:30,4184
2018-04-30 07:35,4168
2018-04-30 07:40,4165
2018-04-30 07:45,4186
2018-04-30 07:50,4135
2018-04-30 07:55,4119
2018-04-30 08:00,4160
2018-04-30 08:05,4228
2018-04-30 08:10,4253
2018-04-30 08:15,4289
2018-04-30 08:20,4332
2018-04-30 08:25,4357
2018-04-30 08:30,4320
2018-04-30 08:35,4356
2018-04-30 08:40,4359
2018-04-30 08:45,4398
2018-04-30 08:50,4444
2018-04-30 08:55,4474
2018-04-30 09:00,4518
2018-04-30 09:05,4684
2018-04-30 09:10,4710
2018-04-30 09:15,4808
2018-04-30 09:20,4929
2018-04-30 09:25,4982
2018-04-30 09:30,5042
2018-04-30 09:35,5134
2018-04-30 09:40,5181
2018-04-30 09:45,5181
2018-04-30 09:50,5312
2018-04-30 09:55,5348
2018-04-30 10:00,5377
2018-04-30 10:05,5454
2018-04-30 10:10,5512
2018-04-30 10:15,5585
2018-04-30 10:20,5610
2018-04-30 10:25,5614
2018-04-30 10:30,5654
2018-04-30 10:35,5676
2018-04-30 10:40,5778
2018-04-30 10:45,5854
2018-04-30 10:50,5855
2018-04-30 10:55,5914
2018-04-30 11:00,5949
2018-04-30 11:05,6062
2018-04-30 11:10,6115
2018-04-30 11:15,6177
2018-04-30 11:20,6197
2018-04-30 11:25,6251
2018-04-30 11:30,6254
2018-04-30 11:35,6338
2018-04-30 11:40,6392
2018-04-30 11:45,6472
2018-04-30 11:50,6597
2018-04-30 11:55,6648
2018-04-30 12:00,6654
2018-04-30 12:05,6691
2018-04-30 12:10,6753
2018-04-30 12:15,6787
2018-04-30 12:20,6846
2018-04-30 12:25,6883
2018-04-30 12:30,6898
2018-04-30 12:35,6973
2018-04-30 12:40,7021
2018-04-30 12:45,7042
2018-04-30 12:50,7140
2018-04-30 12:55,7234
2018-04-30 13:00,7270
2018-04-30 13:05,7329
2018-04-30 13:10,7423
2018-04-30 13:15,7476
2018-04-30 13:20,7528
2018-04-30 13:25,7614
2018-04-30 13:30,7752
2018-04-30 13:35,7832
2018-04-30 13:40,7887
2018-04-30 13:45,7947
2018-04-30 13:50,8056
2018-04-30 13:55,8166
2018-04-30 14:00,8220
2018-04-30 14:05,8289
2018-04-30 14:10,8345
2018-04-30 14:15,8364
2018-04-30 14:20,8431
2018-04-30 14:25,8429
2018-04-30 14:30,8514
2018-04-30 14:35,8556
2018-04-30 14:40,8627
2018-04-30 14:45,8627
2018-04-30 14:50,8794
2018-04-30 14:55,8858
2018-04-30 15:00,8922
2018-04-30 15:05,8924
2018-04-30 15:10,8984
2018-04-30 15:15,9055
2018-04-30 15:20,9109
2018-04-30 15:25,9175
2018-04-30 15:30,9163
2018-04-30 15:35,9212
2018-04-30 15:40,9242
2018-04-30 15:45,9242
2018-04-30 15:50,9301
2018-04-30 15:55,9335
2018-04-30 16:00,9400
2018-04-30 16:05,9515
2018-04-30 16:10,9528
2018-04-30 16:15,9594
2018-04-30 16:20,9635
2018-04-30 16:25,9635
2018-04-30 16:30,9808
2018-04-30 16:35,9875
2018-04-30 16:40,9935
2018-04-30 16:45,9935
2018-04-30 16:50,10042
2018-04-30 16:55,10094
2018-04-30 17:00,10145
2018-04-30 17:05,10185
2018-04-30 17:10,10275
2018-04-30 17:15,10325
2018-04-30 17:20,10439
2018-04-30 17:25,10439
2018-04-30 17:30,10587
2018-04-30 17:35,10587
2018-04-30 17:40,10713
2018-04-30 17:45,10713
2018-04-30 17:50,10904
2018-04-30 17:55,11000
2018-04-30 18:00,11089
2018-04-30 18:05,11128
2018-04-30 18:10,11172
2018-04-30 18:15,11228
2018-04-30 18:20,11254
2018-04-30 18:25,11348
2018-04-30 18:30,11397
2018-04-30 18:35,11397
2018-04-30 18:40,11483
2018-04-30 18:45,11565
2018-04-30 18:50,11612
2018-04-30 18:55,11696
2018-04-30 19:00,11763
2018-04-30 19:05,11788
2018-04-30 19:10,11885
2018-04-30 19:15,11877
2018-04-30 19:20,11980
2018-04-30 19:25,12013
2018-04-30 19:30,12089
2018-04-30 19:35,12235
2018-04-30 19:40,12233
2018-04-30 19:45,12233
2018-04-30 19:50,12296
2018-04-30 19:55,12337
2018-04-30 20:00,12337
2018-04-30 20:05,12240
2018-04-30 20:10,12389
2018-04-30 20:15,12409
2018-04-30 20:20,12452
2018-04-30 20:25,12400
2018-04-30 20:30,12315
2018-04-30 20:35,12311
2018-04-30 20:40,12281
2018-04-30 20:45,12281
2018-04-30 20:50,12151
2018-04-30 20:55,12056
2018-04-30 21:00,12061
2018-04-30 21:05,11978
2018-04-30 21:10,11955
2018-04-30 21:15,11923
2018-04-30 21:20,11947
2018-04-30 21:25,11913
2018-04-30 21:30,11826
2018-04-30 21:35,11760
2018-04-30 21:40,11781
2018-04-30 21:45,11781
2018-04-30 21:50,11731
2018-04-30 21:55,11713
2018-04-30 22:00,11634
2018-04-30 22:05,11526
2018-04-30 22:10,11300
2018-04-30 22:15,11196
2018-04-30 22:20,11196
2018-04-30 22:25,11102
2018-04-30 22:30,11018
2018-04-30 22:35,10813
2018-04-30 22:40,10666
2018-04-30 22:45,10666
2018-04-30 22:50,10537
2018-04-30 22:55,10428
2018-04-30 23:00,10347
2018-04-30 23:05,10274
2018-04-30 23:10,10168
2018-04-30 23:15,10042
2018-04-30 23:20,9992
2018-04-30 23:25,9992
2018-04-30 23:30,9938
2018-04-30 23:35,9840
2018-04-30 23:40,9763
2018-04-30 23:45,9721
2018-04-30 23:50,9657
2018-04-30 23:55,9653
2018-05-01 00:00,9595
2018-05-01 00:05,9551
2018-05-01 00:10,9486
2018-05-01 00:15,9421
2018-05-01 00:20,9339
2018-05-01 00:25,9238
2018-05-01 00:30,9086
2018-05-01 00:35,9005
2018-05-01 00:40,8893
2018-05-01 00:45,8914
2018-05-01 00:50,8867
2018-05-01 00:55,8864
2018-05-01 01:00,8774
2018-05-01 01:05,8725
2018-05-01 01:10,8680
2018-05-01 01:15,8686
2018-05-01 01:20,8670
2018-05-01 01:25,8670
2018-05-01 01:30,8649
2018-05-01 01:35,8653
2018-05-01 01:40,8692
2018-05-01 01:45,8638
2018-05-01 01:50,8602
2018-05-01 01:55,8585
2018-05-01 02:00,8553
2018-05-01 02:05,8516
2018-05-01 02:10,8480
2018-05-01 02:15,8424
2018-05-01 02:20,8362
2018-05-01 02:25,8237
2018-05-01 02:30,8212
2018-05-01 02:35,8097
2018-05-01 02:40,8064
2018-05-01 02:45,8034
2018-05-01 02:50,7977
2018-05-01 02:55,7895
2018-05-01 03:00,7863
2018-05-01 03:05,7747
2018-05-01 03:10,7632
2018-05-01 03:15,7599
2018-05-01 03:20,7572
2018-05-01 03:25,7536
2018-05-01 03:30,7508
2018-05-01 03:35,7498
2018-05-01 03:40,7389
2018-05-01 03:45,7339
2018-05-01 03:50,7263
2018-05-01 03:55,7193
2018-05-01 04:00,7102
2018-05-01 04:05,7078
2018-05-01 04:10,7002
2018-05-01 04:15,6873
2018-05-01 04:20,6810
2018-05-01 04:25,6730
2018-05-01 04:30,6656
2018-05-01 04:35,6602
2018-05-01 04:40,6506
2018-05-01 04:45,6432
2018-05-01 04:50,6287
2018-05-01 04:55,6212
2018-05-01 05:00,6066
2018-05-01 05:05,6002
2018-05-01 05:10,5916
2018-05-01 05:15,5814
2018-05-01 05:20,5720
2018-05-01 05:25,5635
2018-05-01 05:30,5529
2018-05-01 05:35,5448
2018-05-01 05:40,5348
2018-05-01 05:45,5231
2018-05-01 05:50,5215
2018-05-01 05:55,5137
2018-05-01 06:00,5089
2018-05-01 06:05,5052
2018-05-01 06:10,4974
2018-05-01 06:15,4922
2018-05-01 06:20,4829
2018-05-01 06:25,4801
2018-05-01 06:30,4829
2018-05-01 06:35,4809
2018-05-01 06:40,4793
2018-05-01 06:45,4730
2018-05-01 06:50,4665
2018-05-01 06:55,4623
2018-05-01 07:00,4602
2018-05-01 07:05,4619
2018-05-01 07:10,4624
2018-05-01 07:15,4645
2018-05-01 07:20,4638
2018-05-01 07:25,4650
2018-05-01 07:30,4632
2018-05-01 07:35,4638
2018-05-01 07:40,4589
2018-05-01 07:45,4583
2018-05-01 07:50,4638
2018-05-01 07:55,4686
2018-05-01 08:00,4742
2018-05-01 08:05,4741
2018-05-01 08:10,4768
2018-05-01 08:15,4773
2018-05-01 08:20,4817
2018-05-01 08:25,4855
2018-05-01 08:30,4866
2018-05-01 08:35,4889
2018-05-01 08:40,4943
2018-05-01 08:45,4975
2018-05-01 08:50,5008
2018-05-01 08:55,5034
2018-05-01 09:00,5078
2018-05-01 09:05,5133
2018-05-01 09:10,5258
2018-05-01 09:15,5404
2018-05-01 09:20,5451
2018-05-01 09:25,5631
2018-05-01 09:30,5688
2018-05-01 09:35,5785
2018-05-01 09:40,5821
2018-05-01 09:45,5861
2018-05-01 09:50,5845
2018-05-01 09:55,5857
2018-05-01 10:00,5947
2018-05-01 10:05,5979
2018-05-01 10:10,6047
2018-05-01 10:15,6054
2018-05-01 10:20,6124
2018-05-01 10:25,6172
2018-05-01 10:30,6263
2018-05-01 10:35,6261
2018-05-01 10:40,6345
2018-05-01 10:45,6452
2018-05-01 10:50,6502
2018-05-01 10:55,6509
2018-05-01 11:00,6578
2018-05-01 11:05,6581
2018-05-01 11:10,6624
2018-05-01 11:15,6647
2018-05-01 11:20,6698
2018-05-01 11:25,6765
2018-05-01 11:30,6826
2018-05-01 11:35,6855
2018-05-01 11:40,6930
2018-05-01 11:45,6998
2018-05-01 11:50,7028
2018-05-01 11:55,7090
2018-05-01 12:00,7150
2018-05-01 12:05,7199
2018-05-01 12:10,7254
2018-05-01 12:15,7335
2018-05-01 12:20,7370
2018-05-01 12:25,7426
2018-05-01 12:30,7513
2018-05-01 12:35,7622
2018-05-01 12:40,7702
2018-05-01 12:45,7757
2018-05-01 12:50,7792
2018-05-01 12:55,7884
2018-05-01 13:00,7888
2018-05-01 13:05,8023
2018-05-01 13:10,8095
2018-05-01 13:15,8118
2018-05-01 13:20,8157
2018-05-01 13:25,8256
2018-05-01 13:30,8350
2018-05-01 13:35,8482
2018-05-01 13:40,8549
2018-05-01 13:45,8645
2018-05-01 13:50,8676
2018-05-01 13:55,8745
2018-05-01 14:00,8813
2018-05-01 14:05,0
2018-05-01 14:10,8997
2018-05-01 14:15,9021
2018-05-01 14:20,9068
2018-05-01 14:25,9161
2018-05-01 14:30,9251
2018-05-01 14:35,9274
2018-05-01 14:40,9354
2018-05-01 14:45,9418
2018-05-01 14:50,9450
2018-05-01 14:55,9499
2018-05-01 15:00,9590
2018-05-01 15:05,9649
2018-05-01 15:10,9684
2018-05-01 15:15,9766
2018-05-01 15:20,9843
2018-05-01 15:25,9902
2018-05-01 15:30,9911
2018-05-01 15:35,9865
2018-05-01 15:40,9946
2018-05-01 15:45,10005
2018-05-01 15:50,10060
2018-05-01 15:55,10129
2018-05-01 16:00,10187
2018-05-01 16:05,10194
2018-05-01 16:10,0
2018-05-01 16:15,10328
2018-05-01 16:20,10356
2018-05-01 16:25,10450
2018-05-01 16:30,10547
2018-05-01 16:35,10681
2018-05-01 16:40,10742
2018-05-01 16:45,10784
2018-05-01 16:50,10908
2018-05-01 16:55,10936
2018-05-01 17:00,10968
2018-05-01 17:05,11028
2018-05-01 17:10,11088
2018-05-01 17:15,11114
2018-05-01 17:20,11127
2018-05-01 17:25,11122
2018-05-01 17:30,11164
2018-05-01 17:35,11268
2018-05-01 17:40,11400
2018-05-01 17:45,11498
2018-05-01 17:50,11568
2018-05-01 17:55,11600
2018-05-01 18:00,11664
2018-05-01 18:05,11731
2018-05-01 18:10,11793
2018-05-01 18:15,11804
2018-05-01 18:20,11838
2018-05-01 18:25,11757
2018-05-01 18:30,11772
2018-05-01 18:35,11823
2018-05-01 18:40,11862
2018-05-01 18:45,11872
2018-05-01 18:50,11892
2018-05-01 18:55,11926
2018-05-01 19:00,11995
2018-05-01 19:05,12028
2018-05-01 19:10,12032
2018-05-01 19:15,12011
2018-05-01 19:20,11992
2018-05-01 19:25,12004
2018-05-01 19:30,12066
2018-05-01 19:35,12058
2018-05-01 19:40,12040
2018-05-01 19:45,11947
2018-05-01 19:50,11936
2018-05-01 19:55,11821
2018-05-01 20:00,11760
2018-05-01 20:05,11646
2018-05-01 20:10,11629
2018-05-01 20:15,11575
2018-05-01 20:20,11492
2018-05-01 20:25,11436
2018-05-01 20:30,11393
2018-05-01 20:35,11378
2018-05-01 20:40,11317
2018-05-01 20:45,11335
2018-05-01 20:50,11261
2018-05-01 20:55,11285
2018-05-01 21:00,11198
2018-05-01 21:05,11135
2018-05-01 21:10,11027
2018-05-01 21:15,10894
2018-05-01 21:20,10812
2018-05-01 21:25,10724
2018-05-01 21:30,10710
2018-05-01 21:35,10627
2018-05-01 21:40,10573
2018-05-01 21:45,10454
2018-05-01 21:50,10424
2018-05-01 21:55,10312
2018-05-01 22:00,10220
2018-05-01 22:05,10142
2018-05-01 22:10,10041
2018-05-01 22:15,9897
2018-05-01 22:20,9830
2018-05-01 22:25,9675
2018-05-01 22:30,9553
2018-05-01 22:35,9455
2018-05-01 22:40,9418
2018-05-01 22:45,9330
2018-05-01 22:50,9298
2018-05-01 22:55,9204
2018-05-01 23:00,9132
2018-05-01 23:05,8999
2018-05-01 23:10,0
2018-05-01 23:15,8373
2018-05-01 23:20,8686
2018-05-01 23:25,8761
2018-05-01 23:30,8727
2018-05-01 23:35,8686
2018-05-01 23:40,8565
2018-05-01 23:45,8546
2018-05-01 23:50,8552
2018-05-01 23:55,8533
2018-05-02 00:00,8485
2018-05-02 00:05,8414
2018-05-02 00:10,8371
2018-05-02 00:15,8348
2018-05-02 00:20,8346
2018-05-02 00:25,8338
2018-05-02 00:30,8316
2018-05-02 00:35,8285
2018-05-02 00:40,8330
2018-05-02 00:45,8284
2018-05-02 00:50,8269
2018-05-02 00:55,8252
2018-05-02 01:00,8229
2018-05-02 01:05,8195
2018-05-02 01:10,8123
2018-05-02 01:15,8142
2018-05-02 01:20,8122
2018-05-02 01:25,8113
2018-05-02 01:30,8076
2018-05-02 01:35,8020
2018-05-02 01:40,7989
2018-05-02 01:45,7938
2018-05-02 01:50,7881
2018-05-02 01:55,7824
2018-05-02 02:00,7719
2018-05-02 02:05,7684
2018-05-02 02:10,7628
2018-05-02 02:15,7537
2018-05-02 02:20,7497
2018-05-02 02:25,7446
2018-05-02 02:30,7403
2018-05-02 02:35,7323
2018-05-02 02:40,7264
2018-05-02 02:45,7158
2018-05-02 02:50,7108
2018-05-02 02:55,7039
2018-05-02 03:00,6954
2018-05-02 03:05,6871
2018-05-02 03:10,6817
2018-05-02 03:15,6721
2018-05-02 03:20,6637
2018-05-02 03:25,6563
2018-05-02 03:30,6531
2018-05-02 03:35,6459
2018-05-02 03:40,6352
2018-05-02 03:45,6265
2018-05-02 03:50,6164
2018-05-02 03:55,6100
2018-05-02 04:00,6046
2018-05-02 04:05,5949
2018-05-02 04:10,5893
2018-05-02 04:15,5754
2018-05-02 04:20,5719
2018-05-02 04:25,5598
2018-05-02 04:30,5543
2018-05-02 04:35,5441
2018-05-02 04:40,5371
2018-05-02 04:45,5299
2018-05-02 04:50,5174
2018-05-02 04:55,5105
2018-05-02 05:00,5007
2018-05-02 05:05,4940
2018-05-02 05:10,4870
2018-05-02 05:15,4788
2018-05-02 05:20,4664
2018-05-02 05:25,4611
2018-05-02 05:30,4528
2018-05-02 05:35,4488
2018-05-02 05:40,4465
2018-05-02 05:45,4430
2018-05-02 05:50,4377
2018-05-02 05:55,4279
2018-05-02 06:00,4268
2018-05-02 06:05,4182
2018-05-02 06:10,4071
2018-05-02 06:15,4035
2018-05-02 06:20,4024
2018-05-02 06:25,3996
2018-05-02 06:30,3946
2018-05-02 06:35,3903
2018-05-02 06:40,3875
2018-05-02 06:45,3829
2018-05-02 06:50,3800
2018-05-02 06:55,3775
2018-05-02 07:00,3760
2018-05-02 07:05,3723
2018-05-02 07:10,3665
2018-05-02 07:15,3638
2018-05-02 07:20,3638
2018-05-02 07:25,3673
2018-05-02 07:30,3703
2018-05-02 07:35,3661
2018-05-02 07:40,3657
2018-05-02 07:45,3679
2018-05-02 07:50,3700
2018-05-02 07:55,3676
2018-05-02 08:00,3673
2018-05-02 08:05,3666
2018-05-02 08:10,3693
2018-05-02 08:15,3703
2018-05-02 08:20,3740
2018-05-02 08:25,3736
2018-05-02 08:30,3744
2018-05-02 08:35,3732
2018-05-02 08:40,3778
2018-05-02 08:45,3794
2018-05-02 08:50,3805
2018-05-02 08:55,3829
2018-05-02 09:00,3823
2018-05-02 09:05,3884
2018-05-02 09:10,3922
2018-05-02 09:15,3960
2018-05-02 09:20,4021
2018-05-02 09:25,4054
2018-05-02 09:30,4095
2018-05-02 09:35,4123
2018-05-02 09:40,4155
2018-05-02 09:45,4213
2018-05-02 09:50,4229
2018-05-02 09:55,4258
2018-05-02 10:00,4294
2018-05-02 10:05,4335
2018-05-02 10:10,4394
2018-05-02 10:15,4459
2018-05-02 10:20,4491
2018-05-02 10:25,4526
2018-05-02 10:30,4603
2018-05-02 10:35,4621
2018-05-02 10:40,4674
2018-05-02 10:45,4737
2018-05-02 10:50,4753
2018-05-02 10:55,4818
2018-05-02 11:00,4869
2018-05-02 11:05,4972
2018-05-02 11:10,5052
2018-05-02 11:15,5079
2018-05-02 11:20,5091
2018-05-02 11:25,5187
2018-05-02 11:30,5219
2018-05-02 11:35,5297
2018-05-02 11:40,5373
2018-05-02 11:45,5424
2018-05-02 11:50,5439
2018-05-02 11:55,5515
2018-05-02 12:00,5595
2018-05-02 12:05,5576
2018-05-02 12:10,5692
2018-05-02 12:15,5731
2018-05-02 12:20,5829
2018-05-02 12:25,5886
2018-05-02 12:30,5970
2018-05-02 12:35,5981
2018-05-02 12:40,6059
2018-05-02 12:45,6113
2018-05-02 12:50,6144
2018-05-02 12:55,6207
2018-05-02 13:00,6291
2018-05-02 13:05,6343
2018-05-02 13:10,6402
2018-05-02 13:15,6526
2018-05-02 13:20,6605
2018-05-02 13:25,6640
2018-05-02 13:30,6757
2018-05-02 13:35,6878
2018-05-02 13:40,6941
2018-05-02 13:45,6977
2018-05-02 13:50,7103
2018-05-02 13:55,7169
2018-05-02 14:00,7197
2018-05-02 14:05,7258
2018-05-02 14:10,7277
2018-05-02 14:15,7360
2018-05-02 14:20,7438
2018-05-02 14:25,7502
2018-05-02 14:30,7515
2018-05-02 14:35,7556
2018-05-02 14:40,7631
2018-05-02 14:45,7745
2018-05-02 14:50,7838
2018-05-02 14:55,7989
2018-05-02 15:00,8049
2018-05-02 15:05,8095
2018-05-02 15:10,8179
2018-05-02 15:15,8190
2018-05-02 15:20,8234
2018-05-02 15:25,8273
2018-05-02 15:30,8393
2018-05-02 15:35,8430
2018-05-02 15:40,8503
2018-05-02 15:45,8579
2018-05-02 15:50,8612
2018-05-02 15:55,8737
2018-05-02 16:00,8751
2018-05-02 16:05,8781
2018-05-02 16:10,8794
2018-05-02 16:15,8848
2018-05-02 16:20,8812
2018-05-02 16:25,8866
2018-05-02 16:30,8974
2018-05-02 16:35,9095
2018-05-02 16:40,9123
2018-05-02 16:45,9174
2018-05-02 16:50,9222
2018-05-02 16:55,9251
2018-05-02 17:00,9276
2018-05-02 17:05,9363
2018-05-02 17:10,9429
2018-05-02 17:15,9545
2018-05-02 17:20,9675
2018-05-02 17:25,9775
2018-05-02 17:30,9838
2018-05-02 17:35,9857
2018-05-02 17:40,9996
2018-05-02 17:45,10042
2018-05-02 17:50,10100
2018-05-02 17:55,10159
2018-05-02 18:00,10114
2018-05-02 18:05,10157
2018-05-02 18:10,10171
2018-05-02 18:15,10276
2018-05-02 18:20,10349
2018-05-02 18:25,10344
2018-05-02 18:30,10383
2018-05-02 18:35,10425
2018-05-02 18:40,10483
2018-05-02 18:45,10543
2018-05-02 18:50,10564
2018-05-02 18:55,10603
2018-05-02 19:00,10590
2018-05-02 19:05,10610
2018-05-02 19:10,10622
2018-05-02 19:15,10624
2018-05-02 19:20,10602
2018-05-02 19:25,10565
2018-05-02 19:30,10601
2018-05-02 19:35,10561
2018-05-02 19:40,10547
2018-05-02 19:45,10502
2018-05-02 19:50,10483
2018-05-02 19:55,10462
2018-05-02 20:00,10343
2018-05-02 20:05,10294
2018-05-02 20:10,10229
2018-05-02 20:15,10239
2018-05-02 20:20,10197
2018-05-02 20:25,10243
2018-05-02 20:30,10206
2018-05-02 20:35,10161
2018-05-02 20:40,10162
2018-05-02 20:45,10149
2018-05-02 20:50,10074
2018-05-02 20:55,10025
2018-05-02 21:00,9940
2018-05-02 21:05,9919
2018-05-02 21:10,9880
2018-05-02 21:15,9798
2018-05-02 21:20,9757
2018-05-02 21:25,9657
2018-05-02 21:30,9651
2018-05-02 21:35,9773
2018-05-02 21:40,9811
2018-05-02 21:45,9756
2018-05-02 21:50,9678
2018-05-02 21:55,9613
2018-05-02 22:00,9569
2018-05-02 22:05,9496
2018-05-02 22:10,9386
2018-05-02 22:15,9211
2018-05-02 22:20,9147
2018-05-02 22:25,9088
2018-05-02 22:30,9077
2018-05-02 22:35,8986
2018-05-02 22:40,8923
2018-05-02 22:45,8869
2018-05-02 22:50,8837
2018-05-02 22:55,8697
2018-05-02 23:00,8653
2018-05-02 23:05,8568
2018-05-02 23:10,8512
2018-05-02 23:15,8422
2018-05-02 23:20,8400
2018-05-02 23:25,8352
2018-05-02 23:30,8303
2018-05-02 23:35,8303
2018-05-02 23:40,8279
2018-05-02 23:45,8219
2018-05-02 23:50,8188
2018-05-02 23:55,8153
2018-05-03 00:00,8080
2018-05-03 00:05,8064
2018-05-03 00:10,8004
2018-05-03 00:15,7995
2018-05-03 00:20,7967
2018-05-03 00:25,7926
2018-05-03 00:30,7944
2018-05-03 00:35,7895
2018-05-03 00:40,7842
2018-05-03 00:45,7888
2018-05-03 00:50,7895
2018-05-03 00:55,7912
2018-05-03 01:00,7895
2018-05-03 01:05,7871
2018-05-03 01:10,7878
2018-05-03 01:15,7895
2018-05-03 01:20,7905
2018-05-03 01:25,7898
2018-05-03 01:30,7877
2018-05-03 01:35,7884
2018-05-03 01:40,7903
2018-05-03 01:45,7928
2018-05-03 01:50,7927
2018-05-03 01:55,7890
2018-05-03 02:00,7844
2018-05-03 02:05,7762
2018-05-03 02:10,7677
2018-05-03 02:15,7684
2018-05-03 02:20,7620
2018-05-03 02:25,7586
2018-05-03 02:30,7510
2018-05-03 02:35,7492
2018-05-03 02:40,7433
2018-05-03 02:45,7390
2018-05-03 02:50,7307
2018-05-03 02:55,7265
2018-05-03 03:00,7263
2018-05-03 03:05,7207
2018-05-03 03:10,7120
2018-05-03 03:15,6993
2018-05-03 03:20,6857
2018-05-03 03:25,6782
2018-05-03 03:30,6745
2018-05-03 03:35,6640
2018-05-03 03:40,6562
2018-05-03 03:45,6433
2018-05-03 03:50,6320
2018-05-03 03:55,6277
2018-05-03 04:00,6204
2018-05-03 04:05,6113
2018-05-03 04:10,5989
2018-05-03 04:15,5930
2018-05-03 04:20,5859
2018-05-03 04:25,5790
2018-05-03 04:30,5719
2018-05-03 04:35,5675
2018-05-03 04:40,5573
2018-05-03 04:45,5470
2018-05-03 04:50,5376
2018-05-03 04:55,5299
2018-05-03 05:00,5192
2018-05-03 05:05,5132
2018-05-03 05:10,5039
2018-05-03 05:15,4949
2018-05-03 05:20,4842
2018-05-03 05:25,4683
2018-05-03 05:30,4638
2018-05-03 05:35,4545
2018-05-03 05:40,4501
2018-05-03 05:45,4374
2018-05-03 05:50,4307
2018-05-03 05:55,4224
2018-05-03 06:00,4207
2018-05-03 06:05,4154
2018-05-03 06:10,4097
2018-05-03 06:15,4034
2018-05-03 06:20,4008
2018-05-03 06:25,3979
2018-05-03 06:30,3899
2018-05-03 06:35,3866
2018-05-03 06:40,3823
2018-05-03 06:45,3803
2018-05-03 06:50,3773
2018-05-03 06:55,3724
2018-05-03 07:00,3688
2018-05-03 07:05,3637
2018-05-03 07:10,3615
2018-05-03 07:15,3583
2018-05-03 07:20,3590
2018-05-03 07:25,3552
2018-05-03 07:30,3566
2018-05-03 07:35,3583
2018-05-03 07:40,3587
2018-05-03 07:45,3526
2018-05-03 07:50,3520
2018-05-03 07:55,3513
2018-05-03 08:00,3513
2018-05-03 08:05,3527
2018-05-03 08:10,3506
2018-05-03 08:15,3444
2018-05-03 08:20,3462
2018-05-03 08:25,3488
2018-05-03 08:30,3475
2018-05-03 08:35,3468
2018-05-03 08:40,3487
2018-05-03 08:45,3487
2018-05-03 08:50,3509
2018-05-03 08:55,3522
2018-05-03 09:00,3544
2018-05-03 09:05,3591
2018-05-03 09:10,3650
2018-05-03 09:15,3676
2018-05-03 09:20,3688
2018-05-03 09:25,3742
2018-05-03 09:30,3799
2018-05-03 09:35,3845
2018-05-03 09:40,3921
2018-05-03 09:45,3952
2018-05-03 09:50,3999
2018-05-03 09:55,4001
2018-05-03 10:00,4038
2018-05-03 10:05,4034
2018-05-03 10:10,4067
2018-05-03 10:15,4108
2018-05-03 10:20,4129
2018-05-03 10:25,4192
2018-05-03 10:30,4231
2018-05-03 10:35,4305
2018-05-03 10:40,4344
2018-05-03 10:45,4373
2018-05-03 10:50,4419
2018-05-03 10:55,4488
2018-05-03 11:00,0
2018-05-03 11:05,4575
2018-05-03 11:10,4619
2018-05-03 11:15,4693
2018-05-03 11:20,4713
2018-05-03 11:25,4787
2018-05-03 11:30,4806
2018-05-03 11:35,4820
2018-05-03 11:40,4879
2018-05-03 11:45,4964
2018-05-03 11:50,5012
2018-05-03 11:55,5057
2018-05-03 12:00,5149
2018-05-03 12:05,5246
2018-05-03 12:10,5291
2018-05-03 12:15,5357
2018-05-03 12:20,5447
2018-05-03 12:25,5500
2018-05-03 12:30,5546
2018-05-03 12:35,5628
2018-05-03 12:40,5741
2018-05-03 12:45,5825
2018-05-03 12:50,5930
2018-05-03 12:55,6015
2018-05-03 13:00,6113
2018-05-03 13:05,6121
2018-05-03 13:10,6148
2018-05-03 13:15,6248
2018-05-03 13:20,6330
2018-05-03 13:25,6380
2018-05-03 13:30,6450
2018-05-03 13:35,6513
2018-05-03 13:40,6631
2018-05-03 13:45,6697
2018-05-03 13:50,6735
2018-05-03 13:55,6796
2018-05-03 14:00,6847
2018-05-03 14:05,6926
2018-05-03 14:10,7015
2018-05-03 14:15,7066
2018-05-03 14:20,7175
2018-05-03 14:25,7221
2018-05-03 14:30,7278
2018-05-03 14:35,7328
2018-05-03 14:40,7443
2018-05-03 14:45,7561
2018-05-03 14:50,7669
2018-05-03 14:55,7723
2018-05-03 15:00,7783
2018-05-03 15:05,7834
2018-05-03 15:10,7892
2018-05-03 15:15,7981
2018-05-03 15:20,7979
2018-05-03 15:25,8042
2018-05-03 15:30,8071
2018-05-03 15:35,8155
2018-05-03 15:40,8291
2018-05-03 15:45,8368
2018-05-03 15:50,8420
2018-05-03 15:55,8455
2018-05-03 16:00,8488
2018-05-03 16:05,8612
2018-05-03 16:10,8672
2018-05-03 16:15,8662
2018-05-03 16:20,8773
2018-05-03 16:25,8864
2018-05-03 16:30,8908
2018-05-03 16:35,8956
2018-05-03 16:40,9001
2018-05-03 16:45,9077
2018-05-03 16:50,9195
2018-05-03 16:55,9237
2018-05-03 17:00,9332
2018-05-03 17:05,9384
2018-05-03 17:10,9460
2018-05-03 17:15,9572
2018-05-03 17:20,9697
2018-05-03 17:25,9809
2018-05-03 17:30,9900
2018-05-03 17:35,9959
2018-05-03 17:40,10004
2018-05-03 17:45,10081
2018-05-03 17:50,10169
2018-05-03 17:55,10293
2018-05-03 18:00,10290
2018-05-03 18:05,10416
2018-05-03 18:10,10465
2018-05-03 18:15,10559
2018-05-03 18:20,10620
2018-05-03 18:25,10672
2018-05-03 18:30,10721
2018-05-03 18:35,10852
2018-05-03 18:40,10811
2018-05-03 18:45,10884
2018-05-03 18:50,10982
2018-05-03 18:55,11075
2018-05-03 19:00,11093
2018-05-03 19:05,10970
2018-05-03 19:10,10500
2018-05-03 19:15,9803
2018-05-03 19:20,7663
2018-05-03 19:25,7175
2018-05-03 19:30,7711
2018-05-03 19:35,8069
2018-05-03 19:40,8435
2018-05-03 19:45,8785
2018-05-03 19:50,9031
2018-05-03 19:55,9241
2018-05-03 20:00,9426
2018-05-03 20:05,9615
2018-05-03 20:10,9731
2018-05-03 20:15,9826
2018-05-03 20:20,9977
2018-05-03 20:25,10102
2018-05-03 20:30,10180
2018-05-03 20:35,10272
2018-05-03 20:40,10239
2018-05-03 20:45,10303
2018-05-03 20:50,10288
2018-05-03 20:55,10284
2018-05-03 21:00,10213
2018-05-03 21:05,10181
2018-05-03 21:10,10152
2018-05-03 21:15,10111
2018-05-03 21:20,10103
2018-05-03 21:25,10031
2018-05-03 21:30,10009
2018-05-03 21:35,9893
2018-05-03 21:40,9794
2018-05-03 21:45,9688
2018-05-03 21:50,9578
2018-05-03 21:55,9468
2018-05-03 22:00,9336
2018-05-03 22:05,9278
2018-05-03 22:10,9209
2018-05-03 22:15,9123
2018-05-03 22:20,8984
2018-05-03 22:25,8944
2018-05-03 22:30,8898
2018-05-03 22:35,8839
2018-05-03 22:40,8808
2018-05-03 22:45,8797
2018-05-03 22:50,8717
2018-05-03 22:55,8617
2018-05-03 23:00,8525
2018-05-03 23:05,8468
2018-05-03 23:10,8432
2018-05-03 23:15,8404
2018-05-03 23:20,8433
2018-05-03 23:25,8434
2018-05-03 23:30,8392
2018-05-03 23:35,8342
2018-05-03 23:40,8326
2018-05-03 23:45,8340
2018-05-03 23:50,8281
2018-05-03 23:55,8311
2018-05-04 00:00,8278
2018-05-04 00:05,8314
2018-05-04 00:10,8279
2018-05-04 00:15,8275
2018-05-04 00:20,8274
2018-05-04 00:25,8285
2018-05-04 00:30,8318
2018-05-04 00:35,8290
2018-05-04 00:40,8321
2018-05-04 00:45,8248
2018-05-04 00:50,8197
2018-05-04 00:55,8143
2018-05-04 01:00,8087
2018-05-04 01:05,8093
2018-05-04 01:10,8063
2018-05-04 01:15,8052
2018-05-04 01:20,8022
2018-05-04 01:25,8031
2018-05-04 01:30,8020
2018-05-04 01:35,7992
2018-05-04 01:40,8026
2018-05-04 01:45,7987
2018-05-04 01:50,7929
2018-05-04 01:55,7865
2018-05-04 02:00,7837
2018-05-04 02:05,7801
2018-05-04 02:10,7762
2018-05-04 02:15,7689
2018-05-04 02:20,7610
2018-05-04 02:25,7554
2018-05-04 02:30,7548
2018-05-04 02:35,7519
2018-05-04 02:40,7481
2018-05-04 02:45,7482
2018-05-04 02:50,7340
2018-05-04 02:55,7230
2018-05-04 03:00,7209
2018-05-04 03:05,7112
2018-05-04 03:10,7076
2018-05-04 03:15,6982
2018-05-04 03:20,6933
2018-05-04 03:25,6782
2018-05-04 03:30,6754
2018-05-04 03:35,6631
2018-05-04 03:40,6578
2018-05-04 03:45,6487
2018-05-04 03:50,6403
2018-05-04 03:55,6331
2018-05-04 04:00,6250
2018-05-04 04:05,6070
2018-05-04 04:10,6000
2018-05-04 04:15,5876
2018-05-04 04:20,5801
2018-05-04 04:25,5717
2018-05-04 04:30,5634
2018-05-04 04:35,5541
2018-05-04 04:40,5466
2018-05-04 04:45,5349
2018-05-04 04:50,5294
2018-05-04 04:55,5216
2018-05-04 05:00,5140
2018-05-04 05:05,5036
2018-05-04 05:10,4974
2018-05-04 05:15,4873
2018-05-04 05:20,4821
2018-05-04 05:25,4735
2018-05-04 05:30,4674
2018-05-04 05:35,4600
2018-05-04 05:40,4530
2018-05-04 05:45,4463
2018-05-04 05:50,4419
2018-05-04 05:55,4350
2018-05-04 06:00,4299
2018-05-04 06:05,4230
2018-05-04 06:10,4188
2018-05-04 06:15,4162
2018-05-04 06:20,4109
2018-05-04 06:25,4012
2018-05-04 06:30,3950
2018-05-04 06:35,3945
2018-05-04 06:40,3870
2018-05-04 06:45,3817
2018-05-04 06:50,3765
2018-05-04 06:55,3728
2018-05-04 07:00,3704
2018-05-04 07:05,3663
2018-05-04 07:10,3626
2018-05-04 07:15,3579
2018-05-04 07:20,3518
2018-05-04 07:25,3531
2018-05-04 07:30,3501
2018-05-04 07:35,3488
2018-05-04 07:40,3510
2018-05-04 07:45,3522
2018-05-04 07:50,3494
2018-05-04 07:55,3499
2018-05-04 08:00,3507
2018-05-04 08:05,3495
2018-05-04 08:10,3500
2018-05-04 08:15,3491
2018-05-04 08:20,3493
2018-05-04 08:25,3535
2018-05-04 08:30,3565
2018-05-04 08:35,3571
2018-05-04 08:40,3615
2018-05-04 08:45,3639
2018-05-04 08:50,3647
2018-05-04 08:55,3652
2018-05-04 09:00,3658
2018-05-04 09:05,3683
2018-05-04 09:10,3734
2018-05-04 09:15,3785
2018-05-04 09:20,3863
2018-05-04 09:25,3864
2018-05-04 09:30,3914
2018-05-04 09:35,3931
2018-05-04 09:40,3983
2018-05-04 09:45,4064
2018-05-04 09:50,4127
2018-05-04 09:55,4152
2018-05-04 10:00,4199
2018-05-04 10:05,4244
2018-05-04 10:10,4295
2018-05-04 10:15,4292
2018-05-04 10:20,4295
2018-05-04 10:25,4322
2018-05-04 10:30,4312
2018-05-04 10:35,4358
2018-05-04 10:40,4456
2018-05-04 10:45,4515
2018-05-04 10:50,4548
2018-05-04 10:55,4560
2018-05-04 11:00,4622
2018-05-04 11:05,4676
2018-05-04 11:10,4716
2018-05-04 11:15,4766
2018-05-04 11:20,4847
2018-05-04 11:25,4915
2018-05-04 11:30,5026
2018-05-04 11:35,5076
2018-05-04 11:40,5169
2018-05-04 11:45,5253
2018-05-04 11:50,5258
2018-05-04 11:55,5350
2018-05-04 12:00,5407
2018-05-04 12:05,5485
2018-05-04 12:10,5530
2018-05-04 12:15,5593
2018-05-04 12:20,5669
2018-05-04 12:25,5766
2018-05-04 12:30,5844
2018-05-04 12:35,5897
2018-05-04 12:40,6033
2018-05-04 12:45,6089
2018-05-04 12:50,6171
2018-05-04 12:55,6245
2018-05-04 13:00,6339
2018-05-04 13:05,6418
2018-05-04 13:10,6505
2018-05-04 13:15,6599
2018-05-04 13:20,6692
2018-05-04 13:25,6792
2018-05-04 13:30,6868
2018-05-04 13:35,6960
2018-05-04 13:40,7074
2018-05-04 13:45,7121
2018-05-04 13:50,7216
2018-05-04 13:55,7304
2018-05-04 14:00,7337
2018-05-04 14:05,7408
2018-05-04 14:10,7449
2018-05-04 14:15,7535
2018-05-04 14:20,7625
2018-05-04 14:25,7740
2018-05-04 14:30,7882
2018-05-04 14:35,7917
2018-05-04 14:40,8002
2018-05-04 14:45,8102
2018-05-04 14:50,8195
2018-05-04 14:55,8251
2018-05-04 15:00,8270
2018-05-04 15:05,8368
2018-05-04 15:10,8466
2018-05-04 15:15,8431
2018-05-04 15:20,8541
2018-05-04 15:25,8568
2018-05-04 15:30,8669
2018-05-04 15:35,8718
2018-05-04 15:40,8788
2018-05-04 15:45,8819
2018-05-04 15:50,8887
2018-05-04 15:55,8933
2018-05-04 16:00,8959
2018-05-04 16:05,
2018-05-04 16:10,9007
2018-05-04 16:15,
2018-05-04 16:20,9112
2018-05-04 16:25,9149
2018-05-04 16:30,9219
2018-05-04 16:35,9268
2018-05-04 16:40,9363
2018-05-04 16:45,9438
2018-05-04 16:50,9511
2018-05-04 16:55,9572
2018-05-04 17:00,9567
2018-05-04 17:05,9637
2018-05-04 17:10,9736
2018-05-04 17:15,9812
2018-05-04 17:20,9868
2018-05-04 17:25,9909
2018-05-04 17:30,9986
2018-05-04 17:35,10046
2018-05-04 17:40,10124
2018-05-04 17:45,10191
2018-05-04 17:50,10251
2018-05-04 17:55,10341
2018-05-04 18:00,10389
2018-05-04 18:05,10400
2018-05-04 18:10,10538
2018-05-04 18:15,10577
2018-05-04 18:20,10658
2018-05-04 18:25,10685
2018-05-04 18:30,10777
2018-05-04 18:35,10855
2018-05-04 18:40,10914
2018-05-04 18:45,10986
2018-05-04 18:50,11127
2018-05-04 18:55,11158
2018-05-04 19:00,11203
2018-05-04 19:05,11266
2018-05-04 19:10,11275
2018-05-04 19:15,11354
2018-05-04 19:20,11387
2018-05-04 19:25,11415
2018-05-04 19:30,11473
2018-05-04 19:35,11467
2018-05-04 19:40,0
2018-05-04 19:45,11489
2018-05-04 19:50,11509
2018-05-04 19:55,11511
2018-05-04 20:00,11582
2018-05-04 20:05,11503
2018-05-04 20:10,11498
2018-05-04 20:15,11530
2018-05-04 20:20,11539
2018-05-04 20:25,11578
2018-05-04 20:30,11561
2018-05-04 20:35,11628
2018-05-04 20:40,11592
2018-05-04 20:45,11568
2018-05-04 20:50,11483
2018-05-04 20:55,11472
2018-05-04 21:00,11412
2018-05-04 21:05,11443
2018-05-04 21:10,11410
2018-05-04 21:15,11330
2018-05-04 21:20,11238
2018-05-04 21:25,11220
2018-05-04 21:30,11234
2018-05-04 21:35,11156
2018-05-04 21:40,11069
2018-05-04 21:45,11044
2018-05-04 21:50,10945
2018-05-04 21:55,10846
2018-05-04 22:00,10782
2018-05-04 22:05,10700
2018-05-04 22:10,10590
2018-05-04 22:15,10513
2018-05-04 22:20,10424
2018-05-04 22:25,10322
2018-05-04 22:30,10269
2018-05-04 22:35,10142
2018-05-04 22:40,10107
2018-05-04 22:45,10043
2018-05-04 22:50,9916
2018-05-04 22:55,9818
2018-05-04 23:00,9698
2018-05-04 23:05,9596
2018-05-04 23:10,9508
2018-05-04 23:15,9476
2018-05-04 23:20,9397
2018-05-04 23:25,9356
2018-05-04 23:30,9289
2018-05-04 23:35,9237
2018-05-04 23:40,9181
2018-05-04 23:45,9072
2018-05-04 23:50,9006
2018-05-04 23:55,8911
2018-05-05 00:00,8865
2018-05-05 00:05,8813
2018-05-05 00:10,8743
2018-05-05 00:15,8682
2018-05-05 00:20,8616
2018-05-05 00:25,8555
2018-05-05 00:30,8542
2018-05-05 00:35,8541
2018-05-05 00:40,8548
2018-05-05 00:45,8496
2018-05-05 00:50,8411
2018-05-05 00:55,8439
2018-05-05 01:00,8426
2018-05-05 01:05,8405
2018-05-05 01:10,8395
2018-05-05 01:15,8331
2018-05-05 01:20,8370
2018-05-05 01:25,8346
2018-05-05 01:30,8385
2018-05-05 01:35,8402
2018-05-05 01:40,8386
2018-05-05 01:45,8402
2018-05-05 01:50,8404
2018-05-05 01:55,8461
2018-05-05 02:00,8433
2018-05-05 02:05,8408
2018-05-05 02:10,8340
2018-05-05 02:15,8376
2018-05-05 02:20,
2018-05-05 02:25,8364
2018-05-05 02:30,8356
2018-05-05 02:35,8345
2018-05-05 02:40,8303
2018-05-05 02:45,8253
2018-05-05 02:50,8225
2018-05-05 02:55,8195
2018-05-05 03:00,8232
2018-05-05 03:05,8198
2018-05-05 03:10,8177
2018-05-05 03:15,8212
2018-05-05 03:20,8119
2018-05-05 03:25,8028
2018-05-05 03:30,8015
2018-05-05 03:35,8007
2018-05-05 03:40,7934
2018-05-05 03:45,7883
2018-05-05 03:50,7793
2018-05-05 03:55,7732
2018-05-05 04:00,7695
2018-05-05 04:05,7575
2018-05-05 04:10,7546
2018-05-05 04:15,7479
2018-05-05 04:20,7397
2018-05-05 04:25,7318
2018-05-05 04:30,7197
2018-05-05 04:35,7131
2018-05-05 04:40,7082
2018-05-05 04:45,6993
2018-05-05 04:50,6888
2018-05-05 04:55,6802
2018-05-05 05:00,6716
2018-05-05 05:05,6640
2018-05-05 05:10,6556
2018-05-05 05:15,6472
2018-05-05 05:20,6344
2018-05-05 05:25,6312
2018-05-05 05:30,6226
2018-05-05 05:35,6124
2018-05-05 05:40,6000
2018-05-05 05:45,5935
2018-05-05 05:50,5879
2018-05-05 05:55,5817
2018-05-05 06:00,5739
2018-05-05 06:05,5677
2018-05-05 06:10,5616
2018-05-05 06:15,5589
2018-05-05 06:20,5496
2018-05-05 06:25,5425
2018-05-05 06:30,5381
2018-05-05 06:35,5339
2018-05-05 06:40,5235
2018-05-05 06:45,5185
2018-05-05 06:50,5122
2018-05-05 06:55,5016
2018-05-05 07:00,4957
2018-05-05 07:05,4930
2018-05-05 07:10,4929
2018-05-05 07:15,4958
2018-05-05 07:20,4905
2018-05-05 07:25,4865
2018-05-05 07:30,4831
2018-05-05 07:35,4798
2018-05-05 07:40,4758
2018-05-05 07:45,4742
2018-05-05 07:50,4747
2018-05-05 07:55,4773
2018-05-05 08:00,4776
2018-05-05 08:05,4816
2018-05-05 08:10,4858
2018-05-05 08:15,4837
2018-05-05 08:20,4885
2018-05-05 08:25,4907
2018-05-05 08:30,4959
2018-05-05 08:35,4934
2018-05-05 08:40,4951
2018-05-05 08:45,4949
2018-05-05 08:50,4985
2018-05-05 08:55,5019
2018-05-05 09:00,5038
2018-05-05 09:05,5100
2018-05-05 09:10,5216
2018-05-05 09:15,5271
2018-05-05 09:20,5351
2018-05-05 09:25,5442
2018-05-05 09:30,5571
2018-05-05 09:35,5634
2018-05-05 09:40,5707
2018-05-05 09:45,5781
2018-05-05 09:50,5842
2018-05-05 09:55,5913
2018-05-05 10:00,5964
2018-05-05 10:05,6039
2018-05-05 10:10,6116
2018-05-05 10:15,6161
2018-05-05 10:20,6215
2018-05-05 10:25,6245
2018-05-05 10:30,6333
2018-05-05 10:35,6374
2018-05-05 10:40,6429
2018-05-05 10:45,6464
2018-05-05 10:50,6535
2018-05-05 10:55,6578
2018-05-05 11:00,6623
2018-05-05 11:05,6712
2018-05-05 11:10,6781
2018-05-05 11:15,6836
2018-05-05 11:20,6933
2018-05-05 11:25,6998
2018-05-05 11:30,7100
2018-05-05 11:35,7194
2018-05-05 11:40,7226
2018-05-05 11:45,7314
2018-05-05 11:50,7325
2018-05-05 11:55,7384
2018-05-05 12:00,7463
2018-05-05 12:05,7498
2018-05-05 12:10,7476
2018-05-05 12:15,7518
2018-05-05 12:20,7580
2018-05-05 12:25,7600
2018-05-05 12:30,7706
2018-05-05 12:35,7768
2018-05-05 12:40,7830
2018-05-05 12:45,7835
2018-05-05 12:50,7927
2018-05-05 12:55,7959
2018-05-05 13:00,8047
2018-05-05 13:05,8134
2018-05-05 13:10,8224
2018-05-05 13:15,8303
2018-05-05 13:20,8363
2018-05-05 13:25,8506
2018-05-05 13:30,8584
2018-05-05 13:35,8605
2018-05-05 13:40,8719
2018-05-05 13:45,8806
2018-05-05 13:50,8859
2018-05-05 13:55,8886
2018-05-05 14:00,8910
2018-05-05 14:05,8990
2018-05-05 14:10,9024
2018-05-05 14:15,9092
2018-05-05 14:20,9170
2018-05-05 14:25,9228
2018-05-05 14:30,9279
2018-05-05 14:35,9307
2018-05-05 14:40,9393
2018-05-05 14:45,9477
2018-05-05 14:50,9502
2018-05-05 14:55,9536
2018-05-05 15:00,9591
2018-05-05 15:05,9629
2018-05-05 15:10,9718
2018-05-05 15:15,9824
2018-05-05 15:20,9846
2018-05-05 15:25,9872
2018-05-05 15:30,9893
2018-05-05 15:35,9942
2018-05-05 15:40,10028
2018-05-05 15:45,10082
2018-05-05 15:50,10150
2018-05-05 15:55,10225
2018-05-05 16:00,10314
2018-05-05 16:05,10293
2018-05-05 16:10,10405
2018-05-05 16:15,10416
2018-05-05 16:20,10469
2018-05-05 16:25,10551
2018-05-05 16:30,10691
2018-05-05 16:35,10694
2018-05-05 16:40,10812
2018-05-05 16:45,10929
2018-05-05 16:50,11015
2018-05-05 16:55,11114
2018-05-05 17:00,11176
2018-05-05 17:05,11217
2018-05-05 17:10,11279
2018-05-05 17:15,11389
2018-05-05 17:20,11322
2018-05-05 17:25,11359
2018-05-05 17:30,11483
2018-05-05 17:35,11561
2018-05-05 17:40,11665
2018-05-05 17:45,11721
2018-05-05 17:50,11779
2018-05-05 17:55,11866
2018-05-05 18:00,11932
2018-05-05 18:05,11986
2018-05-05 18:10,0
2018-05-05 18:15,12133
2018-05-05 18:20,12167
2018-05-05 18:25,12270
2018-05-05 18:30,12292
2018-05-05 18:35,12334
2018-05-05 18:40,12353
2018-05-05 18:45,12417
2018-05-05 18:50,12496
2018-05-05 18:55,12544
2018-05-05 19:00,12553
2018-05-05 19:05,12600
2018-05-05 19:10,12696
2018-05-05 19:15,12731
2018-05-05 19:20,12770
2018-05-05 19:25,12793
2018-05-05 19:30,12816
2018-05-05 19:35,12807
2018-05-05 19:40,12899
2018-05-05 19:45,12891
2018-05-05 19:50,12982
2018-05-05 19:55,13029
2018-05-05 20:00,13052
2018-05-05 20:05,13001
2018-05-05 20:10,13002
2018-05-05 20:15,13131
2018-05-05 20:20,13063
2018-05-05 20:25,13033
2018-05-05 20:30,13002
2018-05-05 20:35,12977
2018-05-05 20:40,12946
2018-05-05 20:45,12921
2018-05-05 20:50,12907
2018-05-05 20:55,12819
2018-05-05 21:00,12807
2018-05-05 21:05,12805
2018-05-05 21:10,12712
2018-05-05 21:15,12631
2018-05-05 21:20,12601
2018-05-05 21:25,12518
2018-05-05 21:30,12440
2018-05-05 21:35,12322
2018-05-05 21:40,12253
2018-05-05 21:45,12156
2018-05-05 21:50,12092
2018-05-05 21:55,11982
2018-05-05 22:00,11939
2018-05-05 22:05,11834
2018-05-05 22:10,11696
2018-05-05 22:15,11502
2018-05-05 22:20,11414
2018-05-05 22:25,11304
2018-05-05 22:30,11173
2018-05-05 22:35,11069
2018-05-05 22:40,10939
2018-05-05 22:45,10851
2018-05-05 22:50,10730
2018-05-05 22:55,10630
2018-05-05 23:00,10517
2018-05-05 23:05,10374
2018-05-05 23:10,10268
2018-05-05 23:15,10173
2018-05-05 23:20,10057
2018-05-05 23:25,9958
2018-05-05 23:30,9825
2018-05-05 23:35,9717
2018-05-05 23:40,9664
2018-05-05 23:45,9608
2018-05-05 23:50,9535
2018-05-05 23:55,9462
2018-05-06 00:00,9375
2018-05-06 00:05,9332
2018-05-06 00:10,9223
2018-05-06 00:15,9116
2018-05-06 00:20,9052
2018-05-06 00:25,8980
2018-05-06 00:30,8928
2018-05-06 00:35,8888
2018-05-06 00:40,8794
2018-05-06 00:45,8747
2018-05-06 00:50,8664
2018-05-06 00:55,8585
2018-05-06 01:00,8593
2018-05-06 01:05,8594
2018-05-06 01:10,8549
2018-05-06 01:15,8553
2018-05-06 01:20,8545
2018-05-06 01:25,8563
2018-05-06 01:30,8533
2018-05-06 01:35,8476
2018-05-06 01:40,8447
2018-05-06 01:45,8454
2018-05-06 01:50,8455
2018-05-06 01:55,8403
2018-05-06 02:00,8484
2018-05-06 02:05,8462
2018-05-06 02:10,8469
2018-05-06 02:15,8497
2018-05-06 02:20,8488
2018-05-06 02:25,8468
2018-05-06 02:30,8444
2018-05-06 02:35,8424
2018-05-06 02:40,8384
2018-05-06 02:45,8350
2018-05-06 02:50,8335
2018-05-06 02:55,8304
2018-05-06 03:00,8265
2018-05-06 03:05,8264
2018-05-06 03:10,8216
2018-05-06 03:15,8235
2018-05-06 03:20,8201
2018-05-06 03:25,8170
2018-05-06 03:30,8125
2018-05-06 03:35,8082
2018-05-06 03:40,8016
2018-05-06 03:45,7954
2018-05-06 03:50,7856
2018-05-06 03:55,7780
2018-05-06 04:00,7764
2018-05-06 04:05,7738
2018-05-06 04:10,7617
2018-05-06 04:15,7582
2018-05-06 04:20,7491
2018-05-06 04:25,7439
2018-05-06 04:30,7392
2018-05-06 04:35,7300
2018-05-06 04:40,7252
2018-05-06 04:45,7229
2018-05-06 04:50,7180
2018-05-06 04:55,7063
2018-05-06 05:00,7014
2018-05-06 05:05,6883
2018-05-06 05:10,6852
2018-05-06 05:15,6835
2018-05-06 05:20,6713
2018-05-06 05:25,6651
2018-05-06 05:30,6549
2018-05-06 05:35,6431
2018-05-06 05:40,6378
2018-05-06 05:45,6286
2018-05-06 05:50,6274
2018-05-06 05:55,6259
2018-05-06 06:00,6185
2018-05-06 06:05,6081
2018-05-06 06:10,6002
2018-05-06 06:15,5925
2018-05-06 06:20,5863
2018-05-06 06:25,5804
2018-05-06 06:30,5749
2018-05-06 06:35,5712
2018-05-06 06:40,5659
2018-05-06 06:45,5620
2018-05-06 06:50,5524
2018-05-06 06:55,5525
2018-05-06 07:00,5481
2018-05-06 07:05,5447
2018-05-06 07:10,5431
2018-05-06 07:15,5383
2018-05-06 07:20,5324
2018-05-06 07:25,5294
2018-05-06 07:30,5313
2018-05-06 07:35,5347
2018-05-06 07:40,5294
2018-05-06 07:45,5249
2018-05-06 07:50,5253
2018-05-06 07:55,5250
2018-05-06 08:00,5230
2018-05-06 08:05,5242
2018-05-06 08:10,5242
2018-05-06 08:15,5248
2018-05-06 08:20,5288
2018-05-06 08:25,5363
2018-05-06 08:30,5372
2018-05-06 08:35,5390
2018-05-06 08:40,5399
2018-05-06 08:45,5408
2018-05-06 08:50,5453
2018-05-06 08:55,5497
2018-05-06 09:00,5507
2018-05-06 09:05,5574
2018-05-06 09:10,5691
2018-05-06 09:15,5768
2018-05-06 09:20,5828
2018-05-06 09:25,5904
2018-05-06 09:30,6028
2018-05-06 09:35,6126
2018-05-06 09:40,6156
2018-05-06 09:45,6249
2018-05-06 09:50,6344
2018-05-06 09:55,6412
2018-05-06 10:00,6444
2018-05-06 10:05,6489
2018-05-06 10:10,6549
2018-05-06 10:15,6653
2018-05-06 10:20,6747
2018-05-06 10:25,6860
2018-05-06 10:30,6924
2018-05-06 10:35,6965
2018-05-06 10:40,6979
2018-05-06 10:45,7030
2018-05-06 10:50,7084
2018-05-06 10:55,7092
2018-05-06 11:00,7149
2018-05-06 11:05,7128
2018-05-06 11:10,7187
2018-05-06 11:15,7253
2018-05-06 11:20,7296
2018-05-06 11:25,7392
2018-05-06 11:30,7423
2018-05-06 11:35,7429
2018-05-06 11:40,7442
2018-05-06 11:45,7546
2018-05-06 11:50,7556
2018-05-06 11:55,7625
2018-05-06 12:00,7647
2018-05-06 12:05,7697
2018-05-06 12:10,7713
2018-05-06 12:15,7790
2018-05-06 12:20,7918
2018-05-06 12:25,7979
2018-05-06 12:30,8080
2018-05-06 12:35,8141
2018-05-06 12:40,8200
2018-05-06 12:45,8260
2018-05-06 12:50,8328
2018-05-06 12:55,8437
2018-05-06 13:00,8503
2018-05-06 13:05,8495
2018-05-06 13:10,8625
2018-05-06 13:15,8711
2018-05-06 13:20,8836
2018-05-06 13:25,8923
2018-05-06 13:30,8998
2018-05-06 13:35,9148
2018-05-06 13:40,9291
2018-05-06 13:45,9279
2018-05-06 13:50,9356
2018-05-06 13:55,9474
2018-05-06 14:00,9525
2018-05-06 14:05,9568
2018-05-06 14:10,9619
2018-05-06 14:15,9676
2018-05-06 14:20,9748
2018-05-06 14:25,9827
2018-05-06 14:30,9969
2018-05-06 14:35,10054
2018-05-06 14:40,10105
2018-05-06 14:45,10200
2018-05-06 14:50,10229
2018-05-06 14:55,10287
2018-05-06 15:00,10277
2018-05-06 15:05,10379
2018-05-06 15:10,10447
2018-05-06 15:15,10553
2018-05-06 15:20,10646
2018-05-06 15:25,10664
2018-05-06 15:30,10761
2018-05-06 15:35,10842
2018-05-06 15:40,10939
2018-05-06 15:45,10954
2018-05-06 15:50,11035
2018-05-06 15:55,11134
2018-05-06 16:00,11134
2018-05-06 16:05,11194
2018-05-06 16:10,11255
2018-05-06 16:15,11306
2018-05-06 16:20,11357
2018-05-06 16:25,11424
2018-05-06 16:30,11466
2018-05-06 16:35,11512
2018-05-06 16:40,11598
2018-05-06 16:45,11671
2018-05-06 16:50,11740
2018-05-06 16:55,11861
2018-05-06 17:00,11913
2018-05-06 17:05,11961
2018-05-06 17:10,11994
2018-05-06 17:15,12095
2018-05-06 17:20,12099
2018-05-06 17:25,12186
2018-05-06 17:30,12315
2018-05-06 17:35,12456
2018-05-06 17:40,12606
2018-05-06 17:45,12641
2018-05-06 17:50,12710
2018-05-06 17:55,12801
2018-05-06 18:00,12850
2018-05-06 18:05,12888
2018-05-06 18:10,12981
2018-05-06 18:15,12969
2018-05-06 18:20,13032
2018-05-06 18:25,13111
2018-05-06 18:30,13194
2018-05-06 18:35,13213
2018-05-06 18:40,13293
2018-05-06 18:45,13305
2018-05-06 18:50,13340
2018-05-06 18:55,13312
2018-05-06 19:00,13364
2018-05-06 19:05,13388
2018-05-06 19:10,13417
2018-05-06 19:15,13447
2018-05-06 19:20,13490
2018-05-06 19:25,13454
2018-05-06 19:30,13417
2018-05-06 19:35,13442
2018-05-06 19:40,13445
2018-05-06 19:45,13439
2018-05-06 19:50,13432
2018-05-06 19:55,13402
2018-05-06 20:00,13352
2018-05-06 20:05,13240
2018-05-06 20:10,13130
2018-05-06 20:15,13010
2018-05-06 20:20,12961
2018-05-06 20:25,12980
2018-05-06 20:30,12873
2018-05-06 20:35,12751
2018-05-06 20:40,12679
2018-05-06 20:45,12550
2018-05-06 20:50,12516
2018-05-06 20:55,12408
2018-05-06 21:00,12303
2018-05-06 21:05,12194
2018-05-06 21:10,12113
2018-05-06 21:15,11972
2018-05-06 21:20,11846
2018-05-06 21:25,11776
2018-05-06 21:30,11692
2018-05-06 21:35,11540
2018-05-06 21:40,11432
2018-05-06 21:45,11331
2018-05-06 21:50,11286
2018-05-06 21:55,11163
2018-05-06 22:00,11015
2018-05-06 22:05,10886
2018-05-06 22:10,10731
2018-05-06 22:15,10643
2018-05-06 22:20,10519
2018-05-06 22:25,10456
2018-05-06 22:30,10384
2018-05-06 22:35,10287
2018-05-06 22:40,10230
2018-05-06 22:45,10208
2018-05-06 22:50,10082
2018-05-06 22:55,10023
2018-05-06 23:00,9971
2018-05-06 23:05,9885
2018-05-06 23:10,9751
2018-05-06 23:15,9689
2018-05-06 23:20,9592
2018-05-06 23:25,9482
2018-05-06 23:30,9465
2018-05-06 23:35,9443
2018-05-06 23:40,9365
2018-05-06 23:45,9297
2018-05-06 23:50,9204
2018-05-06 23:55,9142
2018-05-07 00:00,9112
2018-05-07 00:05,9033
2018-05-07 00:10,0
2018-05-07 00:15,8990
2018-05-07 00:20,8985
2018-05-07 00:25,8965
2018-05-07 00:30,8953
2018-05-07 00:35,8952
2018-05-07 00:40,8917
2018-05-07 00:45,8869
2018-05-07 00:50,8744
2018-05-07 00:55,8724
2018-05-07 01:00,8743
2018-05-07 01:05,8731
2018-05-07 01:10,8714
2018-05-07 01:15,8676
2018-05-07 01:20,8639
2018-05-07 01:25,8578
2018-05-07 01:30,8487
2018-05-07 01:35,8468
2018-05-07 01:40,8417
2018-05-07 01:45,8378
2018-05-07 01:50,8348
2018-05-07 01:55,8263
2018-05-07 02:00,8184
2018-05-07 02:05,8086
2018-05-07 02:10,8026
2018-05-07 02:15,7949
2018-05-07 02:20,7883
2018-05-07 02:25,7831
2018-05-07 02:30,7751
2018-05-07 02:35,7671
2018-05-07 02:40,7572
2018-05-07 02:45,7521
2018-05-07 02:50,7399
2018-05-07 02:55,7337
2018-05-07 03:00,7255
2018-05-07 03:05,7165
2018-05-07 03:10,7146
2018-05-07 03:15,7048
2018-05-07 03:20,6923
2018-05-07 03:25,6803
2018-05-07 03:30,6718
2018-05-07 03:35,6653
2018-05-07 03:40,6580
2018-05-07 03:45,6508
2018-05-07 03:50,6394
2018-05-07 03:55,6318
2018-05-07 04:00,6215
2018-05-07 04:05,6106
2018-05-07 04:10,6005
2018-05-07 04:15,5921
2018-05-07 04:20,5845
2018-05-07 04:25,5718
2018-05-07 04:30,5636
2018-05-07 04:35,5550
2018-05-07 04:40,5498
2018-05-07 04:45,5381
2018-05-07 04:50,5284
2018-05-07 04:55,5220
2018-05-07 05:00,5138
2018-05-07 05:05,5008
2018-05-07 05:10,4953
2018-05-07 05:15,4885
2018-05-07 05:20,4814
2018-05-07 05:25,4746
2018-05-07 05:30,4648
2018-05-07 05:35,4570
2018-05-07 05:40,4489
2018-05-07 05:45,4378
2018-05-07 05:50,4330
2018-05-07 05:55,4246
2018-05-07 06:00,4171
2018-05-07 06:05,4123
2018-05-07 06:10,4073
2018-05-07 06:15,4023
2018-05-07 06:20,4027
2018-05-07 06:25,3992
2018-05-07 06:30,3941
2018-05-07 06:35,3916
2018-05-07 06:40,3876
2018-05-07 06:45,3820
2018-05-07 06:50,3764
2018-05-07 06:55,3748
2018-05-07 07:00,3691
2018-05-07 07:05,3651
2018-05-07 07:10,3649
2018-05-07 07:15,3637
2018-05-07 07:20,3628
2018-05-07 07:25,3627
2018-05-07 07:30,3576
2018-05-07 07:35,3501
2018-05-07 07:40,3500
2018-05-07 07:45,3490
2018-05-07 07:50,3483
2018-05-07 07:55,3476
2018-05-07 08:00,3473
2018-05-07 08:05,3453
2018-05-07 08:10,3496
2018-05-07 08:15,3488
2018-05-07 08:20,3520
2018-05-07 08:25,3515
2018-05-07 08:30,3530
2018-05-07 08:35,3510
2018-05-07 08:40,3497
2018-05-07 08:45,3508
2018-05-07 08:50,3490
2018-05-07 08:55,3509
2018-05-07 09:00,3519
2018-05-07 09:05,3524
2018-05-07 09:10,3635
2018-05-07 09:15,3652
2018-05-07 09:20,3704
2018-05-07 09:25,3741
2018-05-07 09:30,3760
2018-05-07 09:35,3796
2018-05-07 09:40,3843
2018-05-07 09:45,3928
2018-05-07 09:50,3956
2018-05-07 09:55,3970
2018-05-07 10:00,4011
2018-05-07 10:05,4028
2018-05-07 10:10,4084
2018-05-07 10:15,4110
2018-05-07 10:20,4142
2018-05-07 10:25,4189
2018-05-07 10:30,4205
2018-05-07 10:35,4246
2018-05-07 10:40,4330
2018-05-07 10:45,4393
2018-05-07 10:50,4449
2018-05-07 10:55,4480
2018-05-07 11:00,4524
2018-05-07 11:05,4588
2018-05-07 11:10,4623
2018-05-07 11:15,4688
2018-05-07 11:20,4731
2018-05-07 11:25,4841
2018-05-07 11:30,4908
2018-05-07 11:35,4948
2018-05-07 11:40,5023
2018-05-07 11:45,5091
2018-05-07 11:50,5112
2018-05-07 11:55,5176
2018-05-07 12:00,5267
2018-05-07 12:05,5362
2018-05-07 12:10,5424
2018-05-07 12:15,5481
2018-05-07 12:20,5559
2018-05-07 12:25,5697
2018-05-07 12:30,5789
2018-05-07 12:35,5814
2018-05-07 12:40,5824
2018-05-07 12:45,5864
2018-05-07 12:50,5920
2018-05-07 12:55,5957
2018-05-07 13:00,5983
2018-05-07 13:05,6060
2018-05-07 13:10,6186
2018-05-07 13:15,6283
2018-05-07 13:20,6331
2018-05-07 13:25,6463
2018-05-07 13:30,6510
2018-05-07 13:35,6617
2018-05-07 13:40,6695
2018-05-07 13:45,6805
2018-05-07 13:50,6892
2018-05-07 13:55,6983
2018-05-07 14:00,7015
2018-05-07 14:05,7100
2018-05-07 14:10,7172
2018-05-07 14:15,7270
2018-05-07 14:20,7337
2018-05-07 14:25,7393
2018-05-07 14:30,7444
2018-05-07 14:35,7534
2018-05-07 14:40,7591
2018-05-07 14:45,7609
2018-05-07 14:50,7669
2018-05-07 14:55,7746
2018-05-07 15:00,7783
2018-05-07 15:05,7822
2018-05-07 15:10,7862
2018-05-07 15:15,7936
2018-05-07 15:20,7903
2018-05-07 15:25,7966
2018-05-07 15:30,7974
2018-05-07 15:35,8065
2018-05-07 15:40,8165
2018-05-07 15:45,8221
2018-05-07 15:50,8253
2018-05-07 15:55,8285
2018-05-07 16:00,8408
2018-05-07 16:05,8492
2018-05-07 16:10,8546
2018-05-07 16:15,8630
2018-05-07 16:20,8673
2018-05-07 16:25,8814
2018-05-07 16:30,8864
2018-05-07 16:35,9004
2018-05-07 16:40,9002
2018-05-07 16:45,9133
2018-05-07 16:50,9248
2018-05-07 16:55,9392
2018-05-07 17:00,9438
2018-05-07 17:05,9485
2018-05-07 17:10,9539
2018-05-07 17:15,9587
2018-05-07 17:20,9677
2018-05-07 17:25,9753
2018-05-07 17:30,9879
2018-05-07 17:35,9936
2018-05-07 17:40,10021
2018-05-07 17:45,10093
2018-05-07 17:50,10164
2018-05-07 17:55,10235
2018-05-07 18:00,10317
2018-05-07 18:05,10320
2018-05-07 18:10,10396
2018-05-07 18:15,10453
2018-05-07 18:20,10542
2018-05-07 18:25,10573
2018-05-07 18:30,10684
2018-05-07 18:35,10719
2018-05-07 18:40,10809
2018-05-07 18:45,10821
2018-05-07 18:50,10894
2018-05-07 18:55,10966
2018-05-07 19:00,10988
2018-05-07 19:05,11070
2018-05-07 19:10,11097
2018-05-07 19:15,11106
2018-05-07 19:20,11139
2018-05-07 19:25,11211
2018-05-07 19:30,11225
2018-05-07 19:35,11209
2018-05-07 19:40,11191
2018-05-07 19:45,11221
2018-05-07 19:50,11179
2018-05-07 19:55,11144
2018-05-07 20:00,11206
2018-05-07 20:05,11136
2018-05-07 20:10,11036
2018-05-07 20:15,10968
2018-05-07 20:20,10939
2018-05-07 20:25,10870
2018-05-07 20:30,10801
2018-05-07 20:35,10789
2018-05-07 20:40,10724
2018-05-07 20:45,10665
2018-05-07 20:50,10578
2018-05-07 20:55,10576
2018-05-07 21:00,10483
2018-05-07 21:05,10412
2018-05-07 21:10,10276
2018-05-07 21:15,10166
2018-05-07 21:20,10098
2018-05-07 21:25,9945
2018-05-07 21:30,9901
2018-05-07 21:35,9768
2018-05-07 21:40,9659
2018-05-07 21:45,9640
2018-05-07 21:50,9533
2018-05-07 21:55,9522
2018-05-07 22:00,9440
2018-05-07 22:05,9283
2018-05-07 22:10,9190
2018-05-07 22:15,9108
2018-05-07 22:20,9037
2018-05-07 22:25,9000
2018-05-07 22:30,8982
2018-05-07 22:35,8884
2018-05-07 22:40,8828
2018-05-07 22:45,8770
2018-05-07 22:50,8702
2018-05-07 22:55,8652
2018-05-07 23:00,8594
2018-05-07 23:05,8552
2018-05-07 23:10,8431
2018-05-07 23:15,8347
2018-05-07 23:20,8361
2018-05-07 23:25,8314
2018-05-07 23:30,8332
2018-05-07 23:35,8295
2018-05-07 23:40,8249
2018-05-07 23:45,8236
2018-05-07 23:50,8162
2018-05-07 23:55,8096
2018-05-08 00:00,8030
2018-05-08 00:05,8010
2018-05-08 00:10,7955
2018-05-08 00:15,7940
2018-05-08 00:20,7916
2018-05-08 00:25,7936
2018-05-08 00:30,7869
2018-05-08 00:35,7873
2018-05-08 00:40,7890
2018-05-08 00:45,7888
2018-05-08 00:50,7878
2018-05-08 00:55,7859
2018-05-08 01:00,7917
2018-05-08 01:05,7952
2018-05-08 01:10,7865
2018-05-08 01:15,7849
2018-05-08 01:20,7873
2018-05-08 01:25,7875
2018-05-08 01:30,7873
2018-05-08 01:35,7892
2018-05-08 01:40,7896
2018-05-08 01:45,7901
2018-05-08 01:50,7857
2018-05-08 01:55,7844
2018-05-08 02:00,7809
2018-05-08 02:05,7786
2018-05-08 02:10,7778
2018-05-08 02:15,7779
2018-05-08 02:20,7675
2018-05-08 02:25,7628
2018-05-08 02:30,7586
2018-05-08 02:35,7544
2018-05-08 02:40,7488
2018-05-08 02:45,7403
2018-05-08 02:50,7355
2018-05-08 02:55,7276
2018-05-08 03:00,7157
2018-05-08 03:05,7060
2018-05-08 03:10,6957
2018-05-08 03:15,6876
2018-05-08 03:20,6829
2018-05-08 03:25,6756
2018-05-08 03:30,6724
2018-05-08 03:35,6582
2018-05-08 03:40,6490
2018-05-08 03:45,6428
2018-05-08 03:50,6344
2018-05-08 03:55,6244
2018-05-08 04:00,6131
2018-05-08 04:05,6038
2018-05-08 04:10,5952
2018-05-08 04:15,5910
2018-05-08 04:20,5836
2018-05-08 04:25,5798
2018-05-08 04:30,5661
2018-05-08 04:35,5577
2018-05-08 04:40,5476
2018-05-08 04:45,5398
2018-05-08 04:50,5314
2018-05-08 04:55,5232
2018-05-08 05:00,5168
2018-05-08 05:05,5054
2018-05-08 05:10,4996
2018-05-08 05:15,4927
2018-05-08 05:20,4845
2018-05-08 05:25,4732
2018-05-08 05:30,4649
2018-05-08 05:35,4548
2018-05-08 05:40,4496
2018-05-08 05:45,4397
2018-05-08 05:50,4346
2018-05-08 05:55,4292
2018-05-08 06:00,4178
2018-05-08 06:05,4028
2018-05-08 06:10,3934
2018-05-08 06:15,3870
2018-05-08 06:20,3856
2018-05-08 06:25,3786
2018-05-08 06:30,3715
2018-05-08 06:35,3656
2018-05-08 06:40,3639
2018-05-08 06:45,3594
2018-05-08 06:50,3568
2018-05-08 06:55,3541
2018-05-08 07:00,3478
2018-05-08 07:05,3444
2018-05-08 07:10,3418
2018-05-08 07:15,3414
2018-05-08 07:20,3380
2018-05-08 07:25,3360
2018-05-08 07:30,3383
2018-05-08 07:35,3419
2018-05-08 07:40,3440
2018-05-08 07:45,3456
2018-05-08 07:50,3488
2018-05-08 07:55,3469
2018-05-08 08:00,3454
2018-05-08 08:05,3446
2018-05-08 08:10,3499
2018-05-08 08:15,3506
2018-05-08 08:20,3513
2018-05-08 08:25,3527
2018-05-08 08:30,3518
2018-05-08 08:35,3526
2018-05-08 08:40,3472
2018-05-08 08:45,3466
2018-05-08 08:50,3455
2018-05-08 08:55,3504
2018-05-08 09:00,3515
2018-05-08 09:05,3601
2018-05-08 09:10,3707
2018-05-08 09:15,3748
2018-05-08 09:20,3794
2018-05-08 09:25,3821
2018-05-08 09:30,3818
2018-05-08 09:35,3912
2018-05-08 09:40,3938
2018-05-08 09:45,4016
2018-05-08 09:50,4060
2018-05-08 09:55,4092
2018-05-08 10:00,4136
2018-05-08 10:05,4197
2018-05-08 10:10,4218
2018-05-08 10:15,4232
2018-05-08 10:20,4279
2018-05-08 10:25,4311
2018-05-08 10:30,4333
2018-05-08 10:35,0
2018-05-08 10:40,4444
2018-05-08 10:45,4494
2018-05-08 10:50,4549
2018-05-08 10:55,4632
2018-05-08 11:00,4665
2018-05-08 11:05,4705
2018-05-08 11:10,4767
2018-05-08 11:15,4817
2018-05-08 11:20,4851
2018-05-08 11:25,4900
2018-05-08 11:30,4935
2018-05-08 11:35,4965
2018-05-08 11:40,5026
2018-05-08 11:45,5109
2018-05-08 11:50,5177
2018-05-08 11:55,5173
2018-05-08 12:00,5253
2018-05-08 12:05,5334
2018-05-08 12:10,5426
2018-05-08 12:15,5460
2018-05-08 12:20,5496
2018-05-08 12:25,5570
2018-05-08 12:30,5668
2018-05-08 12:35,5736
2018-05-08 12:40,5803
2018-05-08 12:45,5864
2018-05-08 12:50,5907
2018-05-08 12:55,5966
2018-05-08 13:00,6026
2018-05-08 13:05,6124
2018-05-08 13:10,6212
2018-05-08 13:15,6255
2018-05-08 13:20,6417
2018-05-08 13:25,6507
2018-05-08 13:30,6609
2018-05-08 13:35,6714
2018-05-08 13:40,6774
2018-05-08 13:45,6860
2018-05-08 13:50,6909
2018-05-08 13:55,6970
2018-05-08 14:00,7067
2018-05-08 14:05,7065
2018-05-08 14:10,7145
2018-05-08 14:15,7241
2018-05-08 14:20,7338
2018-05-08 14:25,7395
2018-05-08 14:30,7439
2018-05-08 14:35,7517
2018-05-08 14:40,7598
2018-05-08 14:45,7704
2018-05-08 14:50,7729
2018-05-08 14:55,7756
2018-05-08 15:00,7805
2018-05-08 15:05,7884
2018-05-08 15:10,7928
2018-05-08 15:15,8002
2018-05-08 15:20,8043
2018-05-08 15:25,8108
2018-05-08 15:30,8254
2018-05-08 15:35,8308
2018-05-08 15:40,8318
2018-05-08 15:45,8447
2018-05-08 15:50,8521
2018-05-08 15:55,8610
2018-05-08 16:00,8653
2018-05-08 16:05,8773
2018-05-08 16:10,8822
2018-05-08 16:15,8875
2018-05-08 16:20,9019
2018-05-08 16:25,9042
2018-05-08 16:30,9021
2018-05-08 16:35,9117
2018-05-08 16:40,9206
2018-05-08 16:45,9285
2018-05-08 16:50,9339
2018-05-08 16:55,9447
2018-05-08 17:00,9501
2018-05-08 17:05,9555
2018-05-08 17:10,9700
2018-05-08 17:15,9795
2018-05-08 17:20,9828
2018-05-08 17:25,9956
2018-05-08 17:30,10036
2018-05-08 17:35,10111
2018-05-08 17:40,10154
2018-05-08 17:45,10260
2018-05-08 17:50,10201
2018-05-08 17:55,10147
2018-05-08 18:00,10227
2018-05-08 18:05,10323
2018-05-08 18:10,10363
2018-05-08 18:15,10406
2018-05-08 18:20,10443
2018-05-08 18:25,10450
2018-05-08 18:30,10523
2018-05-08 18:35,10638
2018-05-08 18:40,10688
2018-05-08 18:45,10694
2018-05-08 18:50,10722
2018-05-08 18:55,10804
2018-05-08 19:00,10842
2018-05-08 19:05,10934
2018-05-08 19:10,10959
2018-05-08 19:15,11049
2018-05-08 19:20,11083
2018-05-08 19:25,11044
2018-05-08 19:30,11045
2018-05-08 19:35,11098
2018-05-08 19:40,11056
2018-05-08 19:45,11075
2018-05-08 19:50,11081
2018-05-08 19:55,11086
2018-05-08 20:00,11056
2018-05-08 20:05,11005
2018-05-08 20:10,10968
2018-05-08 20:15,10878
2018-05-08 20:20,10845
2018-05-08 20:25,10841
2018-05-08 20:30,10837
2018-05-08 20:35,10725
2018-05-08 20:40,10684
2018-05-08 20:45,10638
2018-05-08 20:50,10609
2018-05-08 20:55,10539
2018-05-08 21:00,10446
2018-05-08 21:05,10254
2018-05-08 21:10,10172
2018-05-08 21:15,10085
2018-05-08 21:20,9928
2018-05-08 21:25,9861
2018-05-08 21:30,9730
2018-05-08 21:35,9622
2018-05-08 21:40,9532
2018-05-08 21:45,9473
2018-05-08 21:50,9382
2018-05-08 21:55,9311
2018-05-08 22:00,9181
2018-05-08 22:05,9073
2018-05-08 22:10,8934
2018-05-08 22:15,8883
2018-05-08 22:20,8763
2018-05-08 22:25,8635
2018-05-08 22:30,8636
2018-05-08 22:35,8484
2018-05-08 22:40,8499
2018-05-08 22:45,8438
2018-05-08 22:50,8376
2018-05-08 22:55,8290
2018-05-08 23:00,0
2018-05-08 23:05,0
2018-05-08 23:10,8096
2018-05-08 23:15,8061
2018-05-08 23:20,8061
2018-05-08 23:25,7989
2018-05-08 23:30,8012
2018-05-08 23:35,8012
2018-05-08 23:40,7986
2018-05-08 23:45,7954
2018-05-08 23:50,7919
2018-05-08 23:55,7913
2018-05-09 00:00,7980
2018-05-09 00:05,7892
2018-05-09 00:10,7930
2018-05-09 00:15,7962
2018-05-09 00:20,7980
2018-05-09 00:25,7972
2018-05-09 00:30,8013
2018-05-09 00:35,8016
2018-05-09 00:40,8026
2018-05-09 00:45,8012
2018-05-09 00:50,8031
2018-05-09 00:55,8035
2018-05-09 01:00,8017
2018-05-09 01:05,8018
2018-05-09 01:10,7949
2018-05-09 01:15,7935
2018-05-09 01:20,7901
2018-05-09 01:25,7858
2018-05-09 01:30,7846
2018-05-09 01:35,7842
2018-05-09 01:40,7794
2018-05-09 01:45,7737
2018-05-09 01:50,7725
2018-05-09 01:55,7678
2018-05-09 02:00,7622
2018-05-09 02:05,7599
2018-05-09 02:10,7572
2018-05-09 02:15,7477
2018-05-09 02:20,7463
2018-05-09 02:25,7399
2018-05-09 02:30,7370
2018-05-09 02:35,7312
2018-05-09 02:40,7311
2018-05-09 02:45,7242
2018-05-09 02:50,7206
2018-05-09 02:55,7132
2018-05-09 03:00,7110
2018-05-09 03:05,7059
2018-05-09 03:10,7009
2018-05-09 03:15,6945
2018-05-09 03:20,6841
2018-05-09 03:25,6713
2018-05-09 03:30,6606
2018-05-09 03:35,6460
2018-05-09 03:40,6421
2018-05-09 03:45,6347
2018-05-09 03:50,6244
2018-05-09 03:55,6162
2018-05-09 04:00,6047
2018-05-09 04:05,5950
2018-05-09 04:10,5819
2018-05-09 04:15,5786
2018-05-09 04:20,5671
2018-05-09 04:25,5557
2018-05-09 04:30,5496
2018-05-09 04:35,5389
2018-05-09 04:40,5337
2018-05-09 04:45,5277
2018-05-09 04:50,5184
2018-05-09 04:55,5095
2018-05-09 05:00,5062
2018-05-09 05:05,4955
2018-05-09 05:10,4853
2018-05-09 05:15,4806
2018-05-09 05:20,4774
2018-05-09 05:25,4672
2018-05-09 05:30,4600
2018-05-09 05:35,4556
2018-05-09 05:40,4492
2018-05-09 05:45,4456
2018-05-09 05:50,4392
2018-05-09 05:55,4352
2018-05-09 06:00,4282
2018-05-09 06:05,4241
2018-05-09 06:10,4203
2018-05-09 06:15,4194
2018-05-09 06:20,4141
2018-05-09 06:25,4098
2018-05-09 06:30,4042
2018-05-09 06:35,3960
2018-05-09 06:40,3930
2018-05-09 06:45,3926
2018-05-09 06:50,3920
2018-05-09 06:55,3880
2018-05-09 07:00,3851
2018-05-09 07:05,3841
2018-05-09 07:10,3771
2018-05-09 07:15,3735
2018-05-09 07:20,3732
2018-05-09 07:25,3720
2018-05-09 07:30,3674
2018-05-09 07:35,3625
2018-05-09 07:40,3609
2018-05-09 07:45,3591
2018-05-09 07:50,3619
2018-05-09 07:55,3643
2018-05-09 08:00,3638
2018-05-09 08:05,3654
2018-05-09 08:10,3629
2018-05-09 08:15,3661
2018-05-09 08:20,3669
2018-05-09 08:25,3668
2018-05-09 08:30,3676
2018-05-09 08:35,3670
2018-05-09 08:40,3677
2018-05-09 08:45,3726
2018-05-09 08:50,3747
2018-05-09 08:55,3801
2018-05-09 09:00,3794
2018-05-09 09:05,3940
2018-05-09 09:10,4023
2018-05-09 09:15,4073
2018-05-09 09:20,4154
2018-05-09 09:25,4203
2018-05-09 09:30,4258
2018-05-09 09:35,4318
2018-05-09 09:40,4406
2018-05-09 09:45,4460
2018-05-09 09:50,4533
2018-05-09 09:55,4577
2018-05-09 10:00,4604
2018-05-09 10:05,4657
2018-05-09 10:10,4695
2018-05-09 10:15,4760
2018-05-09 10:20,4839
2018-05-09 10:25,4840
2018-05-09 10:30,4878
2018-05-09 10:35,4987
2018-05-09 10:40,4971
2018-05-09 10:45,4992
2018-05-09 10:50,5081
2018-05-09 10:55,5112
2018-05-09 11:00,5223
2018-05-09 11:05,5291
2018-05-09 11:10,5336
2018-05-09 11:15,5399
2018-05-09 11:20,5446
2018-05-09 11:25,5509
2018-05-09 11:30,5557
2018-05-09 11:35,5598
2018-05-09 11:40,5628
2018-05-09 11:45,5668
2018-05-09 11:50,5683
2018-05-09 11:55,5771
2018-05-09 12:00,5816
2018-05-09 12:05,5876
2018-05-09 12:10,5940
2018-05-09 12:15,6010
2018-05-09 12:20,6062
2018-05-09 12:25,6119
2018-05-09 12:30,6142
2018-05-09 12:35,6226
2018-05-09 12:40,6299
2018-05-09 12:45,6410
2018-05-09 12:50,6494
2018-05-09 12:55,6608
2018-05-09 13:00,6612
2018-05-09 13:05,6703
2018-05-09 13:10,6769
2018-05-09 13:15,6863
2018-05-09 13:20,6923
2018-05-09 13:25,7004
2018-05-09 13:30,7082
2018-05-09 13:35,7256
2018-05-09 13:40,7422
2018-05-09 13:45,7480
2018-05-09 13:50,7564
2018-05-09 13:55,7651
2018-05-09 14:00,7732
2018-05-09 14:05,7803
2018-05-09 14:10,7924
2018-05-09 14:15,7994
2018-05-09 14:20,8034
2018-05-09 14:25,8132
2018-05-09 14:30,8188
2018-05-09 14:35,8227
2018-05-09 14:40,8239
2018-05-09 14:45,8345
2018-05-09 14:50,8351
2018-05-09 14:55,8415
2018-05-09 15:00,8493
2018-05-09 15:05,8576
2018-05-09 15:10,8735
2018-05-09 15:15,8791
2018-05-09 15:20,8903
2018-05-09 15:25,8950
2018-05-09 15:30,9062
2018-05-09 15:35,9227
2018-05-09 15:40,9329
2018-05-09 15:45,9501
2018-05-09 15:50,9600
2018-05-09 15:55,9664
2018-05-09 16:00,9711
2018-05-09 16:05,9794
2018-05-09 16:10,9947
2018-05-09 16:15,10010
2018-05-09 16:20,10074
2018-05-09 16:25,10090
2018-05-09 16:30,10228
2018-05-09 16:35,10258
2018-05-09 16:40,10301
2018-05-09 16:45,10363
2018-05-09 16:50,10408
2018-05-09 16:55,10492
2018-05-09 17:00,10525
2018-05-09 17:05,10738
2018-05-09 17:10,10763
2018-05-09 17:15,10778
2018-05-09 17:20,10847
2018-05-09 17:25,10894
2018-05-09 17:30,11015
2018-05-09 17:35,11060
2018-05-09 17:40,11076
2018-05-09 17:45,11141
2018-05-09 17:50,11343
2018-05-09 17:55,11419
2018-05-09 18:00,11552
2018-05-09 18:05,11615
2018-05-09 18:10,11686
2018-05-09 18:15,11763
2018-05-09 18:20,11818
2018-05-09 18:25,11970
2018-05-09 18:30,12031
2018-05-09 18:35,12091
2018-05-09 18:40,12170
2018-05-09 18:45,12277
2018-05-09 18:50,12372
2018-05-09 18:55,12454
2018-05-09 19:00,12495
2018-05-09 19:05,12598
2018-05-09 19:10,12769
2018-05-09 19:15,12841
2018-05-09 19:20,12869
2018-05-09 19:25,12904
2018-05-09 19:30,12934
2018-05-09 19:35,12975
2018-05-09 19:40,12993
2018-05-09 19:45,12967
2018-05-09 19:50,12983
2018-05-09 19:55,13043
2018-05-09 20:00,13030
2018-05-09 20:05,13039
2018-05-09 20:10,13020
2018-05-09 20:15,13012
2018-05-09 20:20,13023
2018-05-09 20:25,12920
2018-05-09 20:30,12916
2018-05-09 20:35,12890
2018-05-09 20:40,12881
2018-05-09 20:45,12852
2018-05-09 20:50,12833
2018-05-09 20:55,12951
2018-05-09 21:00,12881
2018-05-09 21:05,12783
2018-05-09 21:10,12684
2018-05-09 21:15,12661
2018-05-09 21:20,12549
2018-05-09 21:25,12441
2018-05-09 21:30,12338
2018-05-09 21:35,12278
2018-05-09 21:40,12352
2018-05-09 21:45,12261
2018-05-09 21:50,
2018-05-09 21:55,
2018-05-09 22:00,11853
2018-05-09 22:05,11660
2018-05-09 22:10,11480
2018-05-09 22:15,11328
2018-05-09 22:20,11231
2018-05-09 22:25,11148
2018-05-09 22:30,10993
2018-05-09 22:35,10820
2018-05-09 22:40,10723
2018-05-09 22:45,10603
2018-05-09 22:50,10396
2018-05-09 22:55,10429
2018-05-09 23:00,0
2018-05-09 23:05,10252
2018-05-09 23:10,9854
2018-05-09 23:15,10048
2018-05-09 23:20,0
2018-05-09 23:25,9993
2018-05-09 23:30,9890
2018-05-09 23:35,9811
2018-05-09 23:40,9711
2018-05-09 23:45,9639
2018-05-09 23:50,9533
2018-05-09 23:55,9434
2018-05-10 00:00,0
2018-05-10 00:05,9340
2018-05-10 00:10,9290
2018-05-10 00:15,9281
2018-05-10 00:20,9238
2018-05-10 00:25,9191
2018-05-10 00:30,9143
2018-05-10 00:35,9085
2018-05-10 00:40,9065
2018-05-10 00:45,9034
2018-05-10 00:50,8994
2018-05-10 00:55,9033
2018-05-10 01:00,9010
2018-05-10 01:05,8949
2018-05-10 01:10,8922
2018-05-10 01:15,8879
2018-05-10 01:20,8891
2018-05-10 01:25,8888
2018-05-10 01:30,8891
2018-05-10 01:35,8800
2018-05-10 01:40,8807
2018-05-10 01:45,8768
2018-05-10 01:50,8705
2018-05-10 01:55,8648
2018-05-10 02:00,8646
2018-05-10 02:05,8587
2018-05-10 02:10,8521
2018-05-10 02:15,8487
2018-05-10 02:20,8445
2018-05-10 02:25,8427
2018-05-10 02:30,8384
2018-05-10 02:35,8337
2018-05-10 02:40,8315
2018-05-10 02:45,8268
2018-05-10 02:50,8234
2018-05-10 02:55,8193
2018-05-10 03:00,8101
2018-05-10 03:05,8038
2018-05-10 03:10,7960
2018-05-10 03:15,7839
2018-05-10 03:20,7780
2018-05-10 03:25,7677
2018-05-10 03:30,7535
2018-05-10 03:35,7447
2018-05-10 03:40,7354
2018-05-10 03:45,7252
2018-05-10 03:50,7217
2018-05-10 03:55,7118
2018-05-10 04:00,6959
2018-05-10 04:05,6875
2018-05-10 04:10,6722
2018-05-10 04:15,6589
2018-05-10 04:20,6499
2018-05-10 04:25,6400
2018-05-10 04:30,6329
2018-05-10 04:35,6184
2018-05-10 04:40,6101
2018-05-10 04:45,5967
2018-05-10 04:50,5865
2018-05-10 04:55,5816
2018-05-10 05:00,5684
2018-05-10 05:05,5551
2018-05-10 05:10,5434
2018-05-10 05:15,5361
2018-05-10 05:20,5243
2018-05-10 05:25,5153
2018-05-10 05:30,5057
2018-05-10 05:35,4954
2018-05-10 05:40,4897
2018-05-10 05:45,4824
2018-05-10 05:50,4700
2018-05-10 05:55,
2018-05-10 06:00,4641
2018-05-10 06:05,
2018-05-10 06:10,4521
2018-05-10 06:15,4464
2018-05-10 06:20,4423
2018-05-10 06:25,4370
2018-05-10 06:30,4293
2018-05-10 06:35,4239
2018-05-10 06:40,4176
2018-05-10 06:45,4126
2018-05-10 06:50,4131
2018-05-10 06:55,4087
2018-05-10 07:00,4041
2018-05-10 07:05,4025
2018-05-10 07:10,3999
2018-05-10 07:15,3961
2018-05-10 07:20,3919
2018-05-10 07:25,3905
2018-05-10 07:30,3924
2018-05-10 07:35,3924
2018-05-10 07:40,3909
2018-05-10 07:45,3901
2018-05-10 07:50,3854
2018-05-10 07:55,3845
2018-05-10 08:00,3865
2018-05-10 08:05,3885
2018-05-10 08:10,3930
2018-05-10 08:15,3968
2018-05-10 08:20,3962
2018-05-10 08:25,3965
2018-05-10 08:30,3987
2018-05-10 08:35,4031
2018-05-10 08:40,4054
2018-05-10 08:45,4054
2018-05-10 08:50,4101
2018-05-10 08:55,4113
2018-05-10 09:00,4101
2018-05-10 09:05,4138
2018-05-10 09:10,4246
2018-05-10 09:15,4334
2018-05-10 09:20,4393
2018-05-10 09:25,4439
2018-05-10 09:30,4495
2018-05-10 09:35,4558
2018-05-10 09:40,4622
2018-05-10 09:45,4645
2018-05-10 09:50,4714
2018-05-10 09:55,4772
2018-05-10 10:00,4842
2018-05-10 10:05,4911
2018-05-10 10:10,4962
2018-05-10 10:15,5039
2018-05-10 10:20,5084
2018-05-10 10:25,5157
2018-05-10 10:30,5228
2018-05-10 10:35,5288
2018-05-10 10:40,5367
2018-05-10 10:45,5435
2018-05-10 10:50,5442
2018-05-10 10:55,5472
2018-05-10 11:00,5538
2018-05-10 11:05,5591
2018-05-10 11:10,5690
2018-05-10 11:15,5740
2018-05-10 11:20,5821
2018-05-10 11:25,5859
2018-05-10 11:30,5951
2018-05-10 11:35,5997
2018-05-10 11:40,6077
2018-05-10 11:45,6159
2018-05-10 11:50,6211
2018-05-10 11:55,6310
2018-05-10 12:00,6357
2018-05-10 12:05,6438
2018-05-10 12:10,6573
2018-05-10 12:15,6590
2018-05-10 12:20,6632
2018-05-10 12:25,6663
2018-05-10 12:30,6706
2018-05-10 12:35,6789
2018-05-10 12:40,6887
2018-05-10 12:45,6973
2018-05-10 12:50,7084
2018-05-10 12:55,7162
2018-05-10 13:00,7260
2018-05-10 13:05,7278
2018-05-10 13:10,7417
2018-05-10 13:15,7538
2018-05-10 13:20,7624
2018-05-10 13:25,7739
2018-05-10 13:30,7805
2018-05-10 13:35,7835
2018-05-10 13:40,8052
2018-05-10 13:45,8172
2018-05-10 13:50,8298
2018-05-10 13:55,8381
2018-05-10 14:00,8365
2018-05-10 14:05,8432
2018-05-10 14:10,8524
2018-05-10 14:15,8621
2018-05-10 14:20,8658
2018-05-10 14:25,8703
2018-05-10 14:30,8759
2018-05-10 14:35,8844
2018-05-10 14:40,8961
2018-05-10 14:45,9022
2018-05-10 14:50,9101
2018-05-10 14:55,9118
2018-05-10 15:00,9189
2018-05-10 15:05,9235
2018-05-10 15:10,9311
2018-05-10 15:15,9429
2018-05-10 15:20,9515
2018-05-10 15:25,9656
2018-05-10 15:30,9679
2018-05-10 15:35,9727
2018-05-10 15:40,9769
2018-05-10 15:45,9833
2018-05-10 15:50,9939
2018-05-10 15:55,10004
2018-05-10 16:00,10087
2018-05-10 16:05,10127
2018-05-10 16:10,10229
2018-05-10 16:15,10379
2018-05-10 16:20,10429
2018-05-10 16:25,10525
2018-05-10 16:30,10666
2018-05-10 16:35,10930
2018-05-10 16:40,11067
2018-05-10 16:45,11184
2018-05-10 16:50,11213
2018-05-10 16:55,11394
2018-05-10 17:00,11468
2018-05-10 17:05,11597
2018-05-10 17:10,11614
2018-05-10 17:15,11661
2018-05-10 17:20,11735
2018-05-10 17:25,11846
2018-05-10 17:30,11841
2018-05-10 17:35,11972
2018-05-10 17:40,12024
2018-05-10 17:45,12146
2018-05-10 17:50,12252
2018-05-10 17:55,12297
2018-05-10 18:00,12344
2018-05-10 18:05,12414
2018-05-10 18:10,12387
2018-05-10 18:15,12407
2018-05-10 18:20,12590
2018-05-10 18:25,12809
2018-05-10 18:30,12840
2018-05-10 18:35,12882
2018-05-10 18:40,12927
2018-05-10 18:45,12952
2018-05-10 18:50,12919
2018-05-10 18:55,12929
2018-05-10 19:00,12947
2018-05-10 19:05,12964
2018-05-10 19:10,12975
2018-05-10 19:15,13015
2018-05-10 19:20,13038
2018-05-10 19:25,13046
2018-05-10 19:30,13005
2018-05-10 19:35,12966
2018-05-10 19:40,12985
2018-05-10 19:45,13210
2018-05-10 19:50,13251
2018-05-10 19:55,13272
2018-05-10 20:00,13318
2018-05-10 20:05,13245
2018-05-10 20:10,13206
2018-05-10 20:15,13106
2018-05-10 20:20,13037
2018-05-10 20:25,13017
2018-05-10 20:30,12980
2018-05-10 20:35,12873
2018-05-10 20:40,12877
2018-05-10 20:45,12968
2018-05-10 20:50,12871
2018-05-10 20:55,12801
2018-05-10 21:00,12684
2018-05-10 21:05,12585
2018-05-10 21:10,12463
2018-05-10 21:15,12328
2018-05-10 21:20,12268
2018-05-10 21:25,12194
2018-05-10 21:30,12127
2018-05-10 21:35,11972
2018-05-10 21:40,11922
2018-05-10 21:45,11835
2018-05-10 21:50,11725
2018-05-10 21:55,11599
2018-05-10 22:00,11561
2018-05-10 22:05,11508
2018-05-10 22:10,11358
2018-05-10 22:15,11242
2018-05-10 22:20,11162
2018-05-10 22:25,11019
2018-05-10 22:30,10870
2018-05-10 22:35,10791
2018-05-10 22:40,10698
2018-05-10 22:45,10777
2018-05-10 22:50,10663
2018-05-10 22:55,10579
2018-05-10 23:00,10509
2018-05-10 23:05,10480
2018-05-10 23:10,10422
2018-05-10 23:15,10399
2018-05-10 23:20,10340
2018-05-10 23:25,10394
2018-05-10 23:30,10350
2018-05-10 23:35,10201
2018-05-10 23:40,10080
2018-05-10 23:45,10052
2018-05-10 23:50,9988
2018-05-10 23:55,9873
2018-05-11 00:00,9799
2018-05-11 00:05,9702
2018-05-11 00:10,9609
2018-05-11 00:15,9630
2018-05-11 00:20,9597
2018-05-11 00:25,9504
2018-05-11 00:30,9459
2018-05-11 00:35,9367
2018-05-11 00:40,9300
2018-05-11 00:45,9278
2018-05-11 00:50,9213
2018-05-11 00:55,9261
2018-05-11 01:00,9257
2018-05-11 01:05,9154
2018-05-11 01:10,9115
2018-05-11 01:15,9082
2018-05-11 01:20,9054
2018-05-11 01:25,8974
2018-05-11 01:30,8863
2018-05-11 01:35,8805
2018-05-11 01:40,8748
2018-05-11 01:45,8760
2018-05-11 01:50,8718
2018-05-11 01:55,8678
2018-05-11 02:00,8669
2018-05-11 02:05,8678
2018-05-11 02:10,8661
2018-05-11 02:15,8593
2018-05-11 02:20,8550
2018-05-11 02:25,8488
2018-05-11 02:30,8454
2018-05-11 02:35,8352
2018-05-11 02:40,8295
2018-05-11 02:45,8267
2018-05-11 02:50,8189
2018-05-11 02:55,8114
2018-05-11 03:00,8074
2018-05-11 03:05,8005
2018-05-11 03:10,7916
2018-05-11 03:15,7816
2018-05-11 03:20,7714
2018-05-11 03:25,7644
2018-05-11 03:30,7548
2018-05-11 03:35,7418
2018-05-11 03:40,7337
2018-05-11 03:45,7292
2018-05-11 03:50,7236
2018-05-11 03:55,7123
2018-05-11 04:00,6976
2018-05-11 04:05,6907
2018-05-11 04:10,6836
2018-05-11 04:15,6674
2018-05-11 04:20,6598
2018-05-11 04:25,6422
2018-05-11 04:30,6399
2018-05-11 04:35,6338
2018-05-11 04:40,6270
2018-05-11 04:45,6141
2018-05-11 04:50,6035
2018-05-11 04:55,5910
2018-05-11 05:00,5823
2018-05-11 05:05,5714
2018-05-11 05:10,5565
2018-05-11 05:15,5455
2018-05-11 05:20,5400
2018-05-11 05:25,5290
2018-05-11 05:30,5209
2018-05-11 05:35,5123
2018-05-11 05:40,5052
2018-05-11 05:45,4967
2018-05-11 05:50,4898
2018-05-11 05:55,4747
2018-05-11 06:00,4796
2018-05-11 06:05,4679
2018-05-11 06:10,4612
2018-05-11 06:15,4588
2018-05-11 06:20,4563
2018-05-11 06:25,4511
2018-05-11 06:30,4459
2018-05-11 06:35,4397
2018-05-11 06:40,4344
2018-05-11 06:45,4318
2018-05-11 06:50,4229
2018-05-11 06:55,4186
2018-05-11 07:00,4124
2018-05-11 07:05,4097
2018-05-11 07:10,4051
2018-05-11 07:15,4034
2018-05-11 07:20,4031
2018-05-11 07:25,4027
2018-05-11 07:30,3974
2018-05-11 07:35,3985
2018-05-11 07:40,4006
2018-05-11 07:45,3998
2018-05-11 07:50,3977
2018-05-11 07:55,3928
2018-05-11 08:00,3932
2018-05-11 08:05,3923
2018-05-11 08:10,3918
2018-05-11 08:15,3947
2018-05-11 08:20,3991
2018-05-11 08:25,4015
2018-05-11 08:30,4031
2018-05-11 08:35,4055
2018-05-11 08:40,4063
2018-05-11 08:45,4106
2018-05-11 08:50,4116
2018-05-11 08:55,4131
2018-05-11 09:00,4152
2018-05-11 09:05,4184
2018-05-11 09:10,4211
2018-05-11 09:15,4264
2018-05-11 09:20,4277
2018-05-11 09:25,4281
2018-05-11 09:30,4425
2018-05-11 09:35,4486
2018-05-11 09:40,4545
2018-05-11 09:45,4569
2018-05-11 09:50,4641
2018-05-11 09:55,4688
2018-05-11 10:00,4696
2018-05-11 10:05,4750
2018-05-11 10:10,4866
2018-05-11 10:15,4914
2018-05-11 10:20,4968
2018-05-11 10:25,5013
2018-05-11 10:30,5059
2018-05-11 10:35,5141
2018-05-11 10:40,5175
2018-05-11 10:45,5250
2018-05-11 10:50,5315
2018-05-11 10:55,5352
2018-05-11 11:00,5438
2018-05-11 11:05,5471
2018-05-11 11:10,5579
2018-05-11 11:15,5674
2018-05-11 11:20,5728
2018-05-11 11:25,5805
2018-05-11 11:30,5902
2018-05-11 11:35,5960
2018-05-11 11:40,6008
2018-05-11 11:45,6076
2018-05-11 11:50,6092
2018-05-11 11:55,6222
2018-05-11 12:00,6270
2018-05-11 12:05,6278
2018-05-11 12:10,6364
2018-05-11 12:15,6448
2018-05-11 12:20,6489
2018-05-11 12:25,6579
2018-05-11 12:30,6705
2018-05-11 12:35,6833
2018-05-11 12:40,6941
2018-05-11 12:45,7004
2018-05-11 12:50,7073
2018-05-11 12:55,7129
2018-05-11 13:00,7189
2018-05-11 13:05,7271
2018-05-11 13:10,7356
2018-05-11 13:15,7446
2018-05-11 13:20,7523
2018-05-11 13:25,7620
2018-05-11 13:30,7658
2018-05-11 13:35,7747
2018-05-11 13:40,7826
2018-05-11 13:45,7967
2018-05-11 13:50,8057
2018-05-11 13:55,8139
2018-05-11 14:00,8283
2018-05-11 14:05,8388
2018-05-11 14:10,8438
2018-05-11 14:15,8570
2018-05-11 14:20,8678
2018-05-11 14:25,8754
2018-05-11 14:30,8841
2018-05-11 14:35,8926
2018-05-11 14:40,8961
2018-05-11 14:45,9016
2018-05-11 14:50,9086
2018-05-11 14:55,9187
2018-05-11 15:00,9280
2018-05-11 15:05,9289
2018-05-11 15:10,9405
2018-05-11 15:15,9471
2018-05-11 15:20,9558
2018-05-11 15:25,9619
2018-05-11 15:30,9614
2018-05-11 15:35,9633
2018-05-11 15:40,9706
2018-05-11 15:45,9817
2018-05-11 15:50,9880
2018-05-11 15:55,10023
2018-05-11 16:00,10150
2018-05-11 16:05,10194
2018-05-11 16:10,10250
2018-05-11 16:15,10344
2018-05-11 16:20,10375
2018-05-11 16:25,10398
2018-05-11 16:30,10455
2018-05-11 16:35,10455
2018-05-11 16:40,10525
2018-05-11 16:45,10761
2018-05-11 16:50,10938
2018-05-11 16:55,11037
2018-05-11 17:00,11072
2018-05-11 17:05,11175
2018-05-11 17:10,11293
2018-05-11 17:15,11329
2018-05-11 17:20,11418
2018-05-11 17:25,11493
2018-05-11 17:30,11553
2018-05-11 17:35,11620
2018-05-11 17:40,11726
2018-05-11 17:45,11852
2018-05-11 17:50,11886
2018-05-11 17:55,11997
2018-05-11 18:00,12041
2018-05-11 18:05,12140
2018-05-11 18:10,12282
2018-05-11 18:15,12488
2018-05-11 18:20,12571
2018-05-11 18:25,12588
2018-05-11 18:30,12673
2018-05-11 18:35,12733
2018-05-11 18:40,12857
2018-05-11 18:45,12917
2018-05-11 18:50,13019
2018-05-11 18:55,13056
2018-05-11 19:00,13157
2018-05-11 19:05,13207
2018-05-11 19:10,13188
2018-05-11 19:15,13231
2018-05-11 19:20,13335
2018-05-11 19:25,13400
2018-05-11 19:30,13380
2018-05-11 19:35,13379
2018-05-11 19:40,13570
2018-05-11 19:45,13770
2018-05-11 19:50,13831
2018-05-11 19:55,13880
2018-05-11 20:00,13881
2018-05-11 20:05,13830
2018-05-11 20:10,13786
2018-05-11 20:15,13812
2018-05-11 20:20,13854
2018-05-11 20:25,13854
2018-05-11 20:30,13802
2018-05-11 20:35,13868
2018-05-11 20:40,13818
2018-05-11 20:45,13749
2018-05-11 20:50,13720
2018-05-11 20:55,13974
2018-05-11 21:00,14066
2018-05-11 21:05,13931
2018-05-11 21:10,13733
2018-05-11 21:15,13574
2018-05-11 21:20,13469
2018-05-11 21:25,13345
2018-05-11 21:30,13203
2018-05-11 21:35,13081
2018-05-11 21:40,12914
2018-05-11 21:45,12798
2018-05-11 21:50,12775
2018-05-11 21:55,12665
2018-05-11 22:00,12494
2018-05-11 22:05,12376
2018-05-11 22:10,12252
2018-05-11 22:15,12082
2018-05-11 22:20,12029
2018-05-11 22:25,11913
2018-05-11 22:30,11811
2018-05-11 22:35,11712
2018-05-11 22:40,11588
2018-05-11 22:45,11452
2018-05-11 22:50,11319
2018-05-11 22:55,11256
2018-05-11 23:00,11103
2018-05-11 23:05,10968
2018-05-11 23:10,10801
2018-05-11 23:15,10680
2018-05-11 23:20,10618
2018-05-11 23:25,10505
2018-05-11 23:30,10377
2018-05-11 23:35,10249
2018-05-11 23:40,10248
2018-05-11 23:45,10180
2018-05-11 23:50,10082
2018-05-11 23:55,9977
2018-05-12 00:00,9842
2018-05-12 00:05,9778
2018-05-12 00:10,9679
2018-05-12 00:15,9616
2018-05-12 00:20,9565
2018-05-12 00:25,9477
2018-05-12 00:30,9514
2018-05-12 00:35,9503
2018-05-12 00:40,9469
2018-05-12 00:45,9394
2018-05-12 00:50,9449
2018-05-12 00:55,9425
2018-05-12 01:00,9420
2018-05-12 01:05,9402
2018-05-12 01:10,9367
2018-05-12 01:15,9348
2018-05-12 01:20,9316
2018-05-12 01:25,9327
2018-05-12 01:30,9324
2018-05-12 01:35,9324
2018-05-12 01:40,9339
2018-05-12 01:45,9275
2018-05-12 01:50,9227
2018-05-12 01:55,9232
2018-05-12 02:00,9238
2018-05-12 02:05,9188
2018-05-12 02:10,9229
2018-05-12 02:15,9244
2018-05-12 02:20,9216
2018-05-12 02:25,9213
2018-05-12 02:30,9227
2018-05-12 02:35,9237
2018-05-12 02:40,9252
2018-05-12 02:45,9220
2018-05-12 02:50,9252
2018-05-12 02:55,9222
2018-05-12 03:00,9147
2018-05-12 03:05,9123
2018-05-12 03:10,9071
2018-05-12 03:15,9088
2018-05-12 03:20,9007
2018-05-12 03:25,8946
2018-05-12 03:30,8816
2018-05-12 03:35,8795
2018-05-12 03:40,8750
2018-05-12 03:45,8749
2018-05-12 03:50,8745
2018-05-12 03:55,8589
2018-05-12 04:00,8524
2018-05-12 04:05,8459
2018-05-12 04:10,8370
2018-05-12 04:15,8325
2018-05-12 04:20,8235
2018-05-12 04:25,8168
2018-05-12 04:30,8095
2018-05-12 04:35,8041
2018-05-12 04:40,7988
2018-05-12 04:45,7847
2018-05-12 04:50,0
2018-05-12 04:55,7722
2018-05-12 05:00,7564
2018-05-12 05:05,7491
2018-05-12 05:10,7355
2018-05-12 05:15,7260
2018-05-12 05:20,7161
2018-05-12 05:25,7097
2018-05-12 05:30,6991
2018-05-12 05:35,6884
2018-05-12 05:40,6777
2018-05-12 05:45,6737
2018-05-12 05:50,6601
2018-05-12 05:55,6506
2018-05-12 06:00,6445
2018-05-12 06:05,6336
2018-05-12 06:10,6253
2018-05-12 06:15,6145
2018-05-12 06:20,6082
2018-05-12 06:25,5972
2018-05-12 06:30,5889
2018-05-12 06:35,5842
2018-05-12 06:40,5811
2018-05-12 06:45,5786
2018-05-12 06:50,5748
2018-05-12 06:55,5725
2018-05-12 07:00,5619
2018-05-12 07:05,5579
2018-05-12 07:10,5508
2018-05-12 07:15,5449
2018-05-12 07:20,5419
2018-05-12 07:25,5431
2018-05-12 07:30,5435
2018-05-12 07:35,5436
2018-05-12 07:40,5394
2018-05-12 07:45,5433
2018-05-12 07:50,5422
2018-05-12 07:55,5422
2018-05-12 08:00,5459
2018-05-12 08:05,5488
2018-05-12 08:10,5485
2018-05-12 08:15,5509
2018-05-12 08:20,5513
2018-05-12 08:25,5465
2018-05-12 08:30,5467
2018-05-12 08:35,5489
2018-05-12 08:40,5572
2018-05-12 08:45,5611
2018-05-12 08:50,5654
2018-05-12 08:55,5699
2018-05-12 09:00,5757
2018-05-12 09:05,5814
2018-05-12 09:10,5905
2018-05-12 09:15,5942
2018-05-12 09:20,6026
2018-05-12 09:25,6064
2018-05-12 09:30,6127
2018-05-12 09:35,6213
2018-05-12 09:40,6329
2018-05-12 09:45,6334
2018-05-12 09:50,6382
2018-05-12 09:55,6451
2018-05-12 10:00,6524
2018-05-12 10:05,6567
2018-05-12 10:10,6646
2018-05-12 10:15,6734
2018-05-12 10:20,6766
2018-05-12 10:25,6847
2018-05-12 10:30,6887
2018-05-12 10:35,6986
2018-05-12 10:40,7073
2018-05-12 10:45,7133
2018-05-12 10:50,7175
2018-05-12 10:55,7220
2018-05-12 11:00,7289
2018-05-12 11:05,7323
2018-05-12 11:10,7361
2018-05-12 11:15,7460
2018-05-12 11:20,7529
2018-05-12 11:25,7574
2018-05-12 11:30,7628
2018-05-12 11:35,7668
2018-05-12 11:40,7769
2018-05-12 11:45,7903
2018-05-12 11:50,7982
2018-05-12 11:55,8056
2018-05-12 12:00,8137
2018-05-12 12:05,8228
2018-05-12 12:10,8224
2018-05-12 12:15,8316
2018-05-12 12:20,8383
2018-05-12 12:25,8418
2018-05-12 12:30,8493
2018-05-12 12:35,8579
2018-05-12 12:40,8651
2018-05-12 12:45,8724
2018-05-12 12:50,8775
2018-05-12 12:55,8850
2018-05-12 13:00,8952
2018-05-12 13:05,8996
2018-05-12 13:10,9126
2018-05-12 13:15,9245
2018-05-12 13:20,9319
2018-05-12 13:25,9501
2018-05-12 13:30,9614
2018-05-12 13:35,9682
2018-05-12 13:40,9713
2018-05-12 13:45,9832
2018-05-12 13:50,9883
2018-05-12 13:55,10082
2018-05-12 14:00,10187
2018-05-12 14:05,10264
2018-05-12 14:10,10272
2018-05-12 14:15,10331
2018-05-12 14:20,10351
2018-05-12 14:25,10482
2018-05-12 14:30,10595
2018-05-12 14:35,10664
2018-05-12 14:40,10750
2018-05-12 14:45,10852
2018-05-12 14:50,10942
2018-05-12 14:55,10974
2018-05-12 15:00,11136
2018-05-12 15:05,11236
2018-05-12 15:10,11372
2018-05-12 15:15,11442
2018-05-12 15:20,11623
2018-05-12 15:25,11782
2018-05-12 15:30,11838
2018-05-12 15:35,11927
2018-05-12 15:40,11977
2018-05-12 15:45,12063
2018-05-12 15:50,12131
2018-05-12 15:55,12219
2018-05-12 16:00,12217
2018-05-12 16:05,12287
2018-05-12 16:10,12407
2018-05-12 16:15,12577
2018-05-12 16:20,12719
2018-05-12 16:25,12821
2018-05-12 16:30,12934
2018-05-12 16:35,12993
2018-05-12 16:40,13067
2018-05-12 16:45,13178
2018-05-12 16:50,13190
2018-05-12 16:55,13302
2018-05-12 17:00,13354
2018-05-12 17:05,13392
2018-05-12 17:10,13508
2018-05-12 17:15,13558
2018-05-12 17:20,13535
2018-05-12 17:25,13688
2018-05-12 17:30,13727
2018-05-12 17:35,13820
2018-05-12 17:40,13829
2018-05-12 17:45,13773
2018-05-12 17:50,13857
2018-05-12 17:55,13903
2018-05-12 18:00,13966
2018-05-12 18:05,13975
2018-05-12 18:10,14016
2018-05-12 18:15,14113
2018-05-12 18:20,14209
2018-05-12 18:25,14302
2018-05-12 18:30,14763
2018-05-12 18:35,14843
2018-05-12 18:40,14907
2018-05-12 18:45,15056
2018-05-12 18:50,15129
2018-05-12 18:55,15164
2018-05-12 19:00,15120
2018-05-12 19:05,15082
2018-05-12 19:10,15153
2018-05-12 19:15,15273
2018-05-12 19:20,15260
2018-05-12 19:25,15279
2018-05-12 19:30,15285
2018-05-12 19:35,15286
2018-05-12 19:40,15321
2018-05-12 19:45,15272
2018-05-12 19:50,15226
2018-05-12 19:55,15243
2018-05-12 20:00,15284
2018-05-12 20:05,15260
2018-05-12 20:10,15227
2018-05-12 20:15,15208
2018-05-12 20:20,15202
2018-05-12 20:25,15208
2018-05-12 20:30,15156
2018-05-12 20:35,15143
2018-05-12 20:40,15063
2018-05-12 20:45,15004
2018-05-12 20:50,15149
2018-05-12 20:55,15133
2018-05-12 21:00,15003
2018-05-12 21:05,15161
2018-05-12 21:10,15185
2018-05-12 21:15,15030
2018-05-12 21:20,14802
2018-05-12 21:25,14690
2018-05-12 21:30,14579
2018-05-12 21:35,14454
2018-05-12 21:40,14263
2018-05-12 21:45,14103
2018-05-12 21:50,13933
2018-05-12 21:55,13933
2018-05-12 22:00,13765
2018-05-12 22:05,13765
2018-05-12 22:10,13345
2018-05-12 22:15,13345
2018-05-12 22:20,12923
2018-05-12 22:25,12832
2018-05-12 22:30,12535
2018-05-12 22:35,12535
2018-05-12 22:40,12370
2018-05-12 22:45,12283
2018-05-12 22:50,11928
2018-05-12 22:55,11767
2018-05-12 23:00,11767
2018-05-12 23:05,11607
2018-05-12 23:10,11518
2018-05-12 23:15,11305
2018-05-12 23:20,11305
2018-05-12 23:25,11189
2018-05-12 23:30,10994
2018-05-12 23:35,10916
2018-05-12 23:40,10865
2018-05-12 23:45,10741
2018-05-12 23:50,10641
2018-05-12 23:55,10552
2018-05-13 00:00,10519
2018-05-13 00:05,10454
2018-05-13 00:10,10326
2018-05-13 00:15,10275
2018-05-13 00:20,10195
2018-05-13 00:25,10167
2018-05-13 00:30,10066
2018-05-13 00:35,9943
2018-05-13 00:40,9890
2018-05-13 00:45,9849
2018-05-13 00:50,9811
2018-05-13 00:55,9747
2018-05-13 01:00,9684
2018-05-13 01:05,9602
2018-05-13 01:10,9493
2018-05-13 01:15,9431
2018-05-13 01:20,9442
2018-05-13 01:25,9438
2018-05-13 01:30,9437
2018-05-13 01:35,9448
2018-05-13 01:40,9407
2018-05-13 01:45,9446
2018-05-13 01:50,9373
2018-05-13 01:55,9370
2018-05-13 02:00,9383
2018-05-13 02:05,9387
2018-05-13 02:10,9418
2018-05-13 02:15,9360
2018-05-13 02:20,9348
2018-05-13 02:25,9336
2018-05-13 02:30,9289
2018-05-13 02:35,9251
2018-05-13 02:40,9243
2018-05-13 02:45,9224
2018-05-13 02:50,9214
2018-05-13 02:55,0
2018-05-13 03:00,9153
2018-05-13 03:05,9098
2018-05-13 03:10,9038
2018-05-13 03:15,8977
2018-05-13 03:20,8984
2018-05-13 03:25,8933
2018-05-13 03:30,8895
2018-05-13 03:35,8865
2018-05-13 03:40,8790
2018-05-13 03:45,8802
2018-05-13 03:50,8761
2018-05-13 03:55,8652
2018-05-13 04:00,8614
2018-05-13 04:05,8537
2018-05-13 04:10,8433
2018-05-13 04:15,8369
2018-05-13 04:20,8281
2018-05-13 04:25,8205
2018-05-13 04:30,8091
2018-05-13 04:35,8048
2018-05-13 04:40,8001
2018-05-13 04:45,7927
2018-05-13 04:50,7852
2018-05-13 04:55,7752
2018-05-13 05:00,7639
2018-05-13 05:05,7520
2018-05-13 05:10,7407
2018-05-13 05:15,7340
2018-05-13 05:20,7303
2018-05-13 05:25,7260
2018-05-13 05:30,7172
2018-05-13 05:35,7050
2018-05-13 05:40,6983
2018-05-13 05:45,6970
2018-05-13 05:50,6856
2018-05-13 05:55,6842
2018-05-13 06:00,6752
2018-05-13 06:05,6696
2018-05-13 06:10,6615
2018-05-13 06:15,6501
2018-05-13 06:20,6448
2018-05-13 06:25,6355
2018-05-13 06:30,6267
2018-05-13 06:35,6234
2018-05-13 06:40,6135
2018-05-13 06:45,6101
2018-05-13 06:50,6061
2018-05-13 06:55,6025
2018-05-13 07:00,5999
2018-05-13 07:05,5935
2018-05-13 07:10,5886
2018-05-13 07:15,5870
2018-05-13 07:20,5805
2018-05-13 07:25,5790
2018-05-13 07:30,5784
2018-05-13 07:35,5746
2018-05-13 07:40,5730
2018-05-13 07:45,5711
2018-05-13 07:50,5709
2018-05-13 07:55,5707
2018-05-13 08:00,5727
2018-05-13 08:05,5720
2018-05-13 08:10,5692
2018-05-13 08:15,5656
2018-05-13 08:20,5692
2018-05-13 08:25,5681
2018-05-13 08:30,5685
2018-05-13 08:35,5696
2018-05-13 08:40,5740
2018-05-13 08:45,5761
2018-05-13 08:50,5794
2018-05-13 08:55,5849
2018-05-13 09:00,5885
2018-05-13 09:05,5975
2018-05-13 09:10,6156
2018-05-13 09:15,6184
2018-05-13 09:20,6265
2018-05-13 09:25,6345
2018-05-13 09:30,6415
2018-05-13 09:35,6449
2018-05-13 09:40,6500
2018-05-13 09:45,6618
2018-05-13 09:50,6723
2018-05-13 09:55,6821
2018-05-13 10:00,6866
2018-05-13 10:05,6861
2018-05-13 10:10,6941
2018-05-13 10:15,7006
2018-05-13 10:20,7066
2018-05-13 10:25,7147
2018-05-13 10:30,7207
2018-05-13 10:35,7263
2018-05-13 10:40,7343
2018-05-13 10:45,7422
2018-05-13 10:50,7459
2018-05-13 10:55,7540
2018-05-13 11:00,7620
2018-05-13 11:05,7613
2018-05-13 11:10,7668
2018-05-13 11:15,7746
2018-05-13 11:20,7851
2018-05-13 11:25,7958
2018-05-13 11:30,8010
2018-05-13 11:35,8065
2018-05-13 11:40,8159
2018-05-13 11:45,8258
2018-05-13 11:50,8350
2018-05-13 11:55,8402
2018-05-13 12:00,8433
2018-05-13 12:05,8529
2018-05-13 12:10,8531
2018-05-13 12:15,8571
2018-05-13 12:20,8641
2018-05-13 12:25,8702
2018-05-13 12:30,8837
2018-05-13 12:35,8974
2018-05-13 12:40,8994
2018-05-13 12:45,9101
2018-05-13 12:50,9194
2018-05-13 12:55,9297
2018-05-13 13:00,9345
2018-05-13 13:05,9399
2018-05-13 13:10,9478
2018-05-13 13:15,9642
2018-05-13 13:20,9663
2018-05-13 13:25,9692
2018-05-13 13:30,9738
2018-05-13 13:35,9873
2018-05-13 13:40,9955
2018-05-13 13:45,9977
2018-05-13 13:50,10109
2018-05-13 13:55,10220
2018-05-13 14:00,10388
2018-05-13 14:05,10416
2018-05-13 14:10,10502
2018-05-13 14:15,10612
2018-05-13 14:20,10703
2018-05-13 14:25,10750
2018-05-13 14:30,10886
2018-05-13 14:35,10961
2018-05-13 14:40,11064
2018-05-13 14:45,11197
2018-05-13 14:50,11246
2018-05-13 14:55,11374
2018-05-13 15:00,11500
2018-05-13 15:05,11594
2018-05-13 15:10,11654
2018-05-13 15:15,11738
2018-05-13 15:20,11806
2018-05-13 15:25,11917
2018-05-13 15:30,11975
2018-05-13 15:35,11980
2018-05-13 15:40,12055
2018-05-13 15:45,12086
2018-05-13 15:50,12181
2018-05-13 15:55,12251
2018-05-13 16:00,12362
2018-05-13 16:05,12359
2018-05-13 16:10,12476
2018-05-13 16:15,12506
2018-05-13 16:20,12609
2018-05-13 16:25,12951
2018-05-13 16:30,13068
2018-05-13 16:35,13170
2018-05-13 16:40,13288
2018-05-13 16:45,13385
2018-05-13 16:50,13519
2018-05-13 16:55,13614
2018-05-13 17:00,13701
2018-05-13 17:05,13750
2018-05-13 17:10,13865
2018-05-13 17:15,13919
2018-05-13 17:20,13996
2018-05-13 17:25,14117
2018-05-13 17:30,14151
2018-05-13 17:35,14276
2018-05-13 17:40,14454
2018-05-13 17:45,14688
2018-05-13 17:50,14771
2018-05-13 17:55,14960
2018-05-13 18:00,15043
2018-05-13 18:05,15159
2018-05-13 18:10,15226
2018-05-13 18:15,15299
2018-05-13 18:20,15350
2018-05-13 18:25,15349
2018-05-13 18:30,15420
2018-05-13 18:35,15433
2018-05-13 18:40,15522
2018-05-13 18:45,15563
2018-05-13 18:50,15567
2018-05-13 18:55,15536
2018-05-13 19:00,15476
2018-05-13 19:05,15422
2018-05-13 19:10,15402
2018-05-13 19:15,15407
2018-05-13 19:20,15379
2018-05-13 19:25,15551
2018-05-13 19:30,15456
2018-05-13 19:35,15417
2018-05-13 19:40,15400
2018-05-13 19:45,15385
2018-05-13 19:50,15378
2018-05-13 19:55,15393
2018-05-13 20:00,15429
2018-05-13 20:05,15358
2018-05-13 20:10,15185
2018-05-13 20:15,15099
2018-05-13 20:20,15038
2018-05-13 20:25,15029
2018-05-13 20:30,14937
2018-05-13 20:35,14753
2018-05-13 20:40,14614
2018-05-13 20:45,14509
2018-05-13 20:50,14415
2018-05-13 20:55,14256
2018-05-13 21:00,14107
2018-05-13 21:05,13932
2018-05-13 21:10,13779
2018-05-13 21:15,13643
2018-05-13 21:20,13535
2018-05-13 21:25,13417
2018-05-13 21:30,13250
2018-05-13 21:35,13156
2018-05-13 21:40,13029
2018-05-13 21:45,12875
2018-05-13 21:50,12925
2018-05-13 21:55,12912
2018-05-13 22:00,13035
2018-05-13 22:05,12843
2018-05-13 22:10,12475
2018-05-13 22:15,12162
2018-05-13 22:20,11945
2018-05-13 22:25,11757
2018-05-13 22:30,11582
2018-05-13 22:35,11476
2018-05-13 22:40,11316
2018-05-13 22:45,11134
2018-05-13 22:50,11017
2018-05-13 22:55,10930
2018-05-13 23:00,10799
2018-05-13 23:05,10703
2018-05-13 23:10,10587
2018-05-13 23:15,10517
2018-05-13 23:20,10381
2018-05-13 23:25,10322
2018-05-13 23:30,10265
2018-05-13 23:35,10179
2018-05-13 23:40,10187
2018-05-13 23:45,10143
2018-05-13 23:50,10076
2018-05-13 23:55,10047
2018-05-14 00:00,10020
2018-05-14 00:05,9902
2018-05-14 00:10,9884
2018-05-14 00:15,9886
2018-05-14 00:20,9873
2018-05-14 00:25,9863
2018-05-14 00:30,9866
2018-05-14 00:35,9847
2018-05-14 00:40,9881
2018-05-14 00:45,9791
2018-05-14 00:50,9759
2018-05-14 00:55,9694
2018-05-14 01:00,9641
2018-05-14 01:05,9585
2018-05-14 01:10,9536
2018-05-14 01:15,9476
2018-05-14 01:20,9415
2018-05-14 01:25,9413
2018-05-14 01:30,9358
2018-05-14 01:35,9319
2018-05-14 01:40,9294
2018-05-14 01:45,9236
2018-05-14 01:50,9196
2018-05-14 01:55,9193
2018-05-14 02:00,9110
2018-05-14 02:05,9036
2018-05-14 02:10,9033
2018-05-14 02:15,8941
2018-05-14 02:20,8890
2018-05-14 02:25,8862
2018-05-14 02:30,8784
2018-05-14 02:35,8638
2018-05-14 02:40,8572
2018-05-14 02:45,8506
2018-05-14 02:50,8441
2018-05-14 02:55,8323
2018-05-14 03:00,8225
2018-05-14 03:05,8144
2018-05-14 03:10,8031
2018-05-14 03:15,7925
2018-05-14 03:20,7835
2018-05-14 03:25,7730
2018-05-14 03:30,7567
2018-05-14 03:35,7530
2018-05-14 03:40,7470
2018-05-14 03:45,7329
2018-05-14 03:50,7307
2018-05-14 03:55,7223
2018-05-14 04:00,7096
2018-05-14 04:05,6922
2018-05-14 04:10,6885
2018-05-14 04:15,6802
2018-05-14 04:20,6698
2018-05-14 04:25,6602
2018-05-14 04:30,6473
2018-05-14 04:35,6417
2018-05-14 04:40,6308
2018-05-14 04:45,6202
2018-05-14 04:50,6146
2018-05-14 04:55,6014
2018-05-14 05:00,5855
2018-05-14 05:05,5796
2018-05-14 05:10,5673
2018-05-14 05:15,5534
2018-05-14 05:20,5462
2018-05-14 05:25,5375
2018-05-14 05:30,5245
2018-05-14 05:35,5144
2018-05-14 05:40,5057
2018-05-14 05:45,5004
2018-05-14 05:50,4965
2018-05-14 05:55,4903
2018-05-14 06:00,4825
2018-05-14 06:05,4697
2018-05-14 06:10,4625
2018-05-14 06:15,4560
2018-05-14 06:20,4527
2018-05-14 06:25,4429
2018-05-14 06:30,4391
2018-05-14 06:35,0
2018-05-14 06:40,4318
2018-05-14 06:45,4241
2018-05-14 06:50,4201
2018-05-14 06:55,4119
2018-05-14 07:00,4051
2018-05-14 07:05,4002
2018-05-14 07:10,3956
2018-05-14 07:15,3938
2018-05-14 07:20,3915
2018-05-14 07:25,3867
2018-05-14 07:30,3827
2018-05-14 07:35,3851
2018-05-14 07:40,3834
2018-05-14 07:45,3807
2018-05-14 07:50,3771
2018-05-14 07:55,3759
2018-05-14 08:00,3771
2018-05-14 08:05,3730
2018-05-14 08:10,3727
2018-05-14 08:15,3712
2018-05-14 08:20,3712
2018-05-14 08:25,3706
2018-05-14 08:30,3667
2018-05-14 08:35,3645
2018-05-14 08:40,3649
2018-05-14 08:45,3633
2018-05-14 08:50,3656
2018-05-14 08:55,3654
2018-05-14 09:00,3639
2018-05-14 09:05,3692
2018-05-14 09:10,3670
2018-05-14 09:15,3700
2018-05-14 09:20,3736
2018-05-14 09:25,3750
2018-05-14 09:30,3789
2018-05-14 09:35,3813
2018-05-14 09:40,3831
2018-05-14 09:45,3806
2018-05-14 09:50,3846
2018-05-14 09:55,3851
2018-05-14 10:00,3876
2018-05-14 10:05,3878
2018-05-14 10:10,3897
2018-05-14 10:15,3930
2018-05-14 10:20,3966
2018-05-14 10:25,3996
2018-05-14 10:30,4014
2018-05-14 10:35,4044
2018-05-14 10:40,4100
2018-05-14 10:45,4159
2018-05-14 10:50,4191
2018-05-14 10:55,4245
2018-05-14 11:00,4302
2018-05-14 11:05,4313
2018-05-14 11:10,4362
2018-05-14 11:15,4419
2018-05-14 11:20,4478
2018-05-14 11:25,4532
2018-05-14 11:30,4591
2018-05-14 11:35,4674
2018-05-14 11:40,4700
2018-05-14 11:45,4730
2018-05-14 11:50,4778
2018-05-14 11:55,4885
2018-05-14 12:00,4981
2018-05-14 12:05,5057
2018-05-14 12:10,5102
2018-05-14 12:15,5075
2018-05-14 12:20,5129
2018-05-14 12:25,5218
2018-05-14 12:30,5248
2018-05-14 12:35,5351
2018-05-14 12:40,5436
2018-05-14 12:45,5515
2018-05-14 12:50,5553
2018-05-14 12:55,5665
2018-05-14 13:00,5697
2018-05-14 13:05,5748
2018-05-14 13:10,5839
2018-05-14 13:15,5886
2018-05-14 13:20,6005
2018-05-14 13:25,6052
2018-05-14 13:30,6141
2018-05-14 13:35,6245
2018-05-14 13:40,6342
2018-05-14 13:45,6464
2018-05-14 13:50,6500
2018-05-14 13:55,6639
2018-05-14 14:00,6717
2018-05-14 14:05,6758
2018-05-14 14:10,6827
2018-05-14 14:15,6886
2018-05-14 14:20,6895
2018-05-14 14:25,7013
2018-05-14 14:30,7106
2018-05-14 14:35,7157
2018-05-14 14:40,7301
2018-05-14 14:45,7380
2018-05-14 14:50,7517
2018-05-14 14:55,7589
2018-05-14 15:00,7675
2018-05-14 15:05,7706
2018-05-14 15:10,7777
2018-05-14 15:15,7837
2018-05-14 15:20,7953
2018-05-14 15:25,8083
2018-05-14 15:30,8142
2018-05-14 15:35,8162
2018-05-14 15:40,8227
2018-05-14 15:45,8340
2018-05-14 15:50,8469
2018-05-14 15:55,8585
2018-05-14 16:00,8723
2018-05-14 16:05,8851
2018-05-14 16:10,8971
2018-05-14 16:15,9125
2018-05-14 16:20,9257
2018-05-14 16:25,9344
2018-05-14 16:30,9397
2018-05-14 16:35,9488
2018-05-14 16:40,9584
2018-05-14 16:45,9642
2018-05-14 16:50,9750
2018-05-14 16:55,9828
2018-05-14 17:00,9894
2018-05-14 17:05,10028
2018-05-14 17:10,10140
2018-05-14 17:15,10191
2018-05-14 17:20,10297
2018-05-14 17:25,10405
2018-05-14 17:30,10535
2018-05-14 17:35,10628
2018-05-14 17:40,10709
2018-05-14 17:45,10707
2018-05-14 17:50,10785
2018-05-14 17:55,10831
2018-05-14 18:00,10875
2018-05-14 18:05,10938
2018-05-14 18:10,11049
2018-05-14 18:15,11085
2018-05-14 18:20,11195
2018-05-14 18:25,11247
2018-05-14 18:30,11358
2018-05-14 18:35,11402
2018-05-14 18:40,11488
2018-05-14 18:45,11547
2018-05-14 18:50,11596
2018-05-14 18:55,11547
2018-05-14 19:00,11654
2018-05-14 19:05,11698
2018-05-14 19:10,11735
2018-05-14 19:15,11762
2018-05-14 19:20,11745
2018-05-14 19:25,11707
2018-05-14 19:30,11680
2018-05-14 19:35,11686
2018-05-14 19:40,11725
2018-05-14 19:45,11740
2018-05-14 19:50,11633
2018-05-14 19:55,11548
2018-05-14 20:00,11534
2018-05-14 20:05,11498
2018-05-14 20:10,11470
2018-05-14 20:15,11375
2018-05-14 20:20,11369
2018-05-14 20:25,11337
2018-05-14 20:30,11353
2018-05-14 20:35,11328
2018-05-14 20:40,11219
2018-05-14 20:45,11183
2018-05-14 20:50,11081
2018-05-14 20:55,10996
2018-05-14 21:00,10886
2018-05-14 21:05,10810
2018-05-14 21:10,10672
2018-05-14 21:15,10621
2018-05-14 21:20,10504
2018-05-14 21:25,10441
2018-05-14 21:30,10347
2018-05-14 21:35,10298
2018-05-14 21:40,10282
2018-05-14 21:45,10162
2018-05-14 21:50,10036
2018-05-14 21:55,9963
2018-05-14 22:00,9865
2018-05-14 22:05,9826
2018-05-14 22:10,9699
2018-05-14 22:15,9613
2018-05-14 22:20,9540
2018-05-14 22:25,9431
2018-05-14 22:30,9364
2018-05-14 22:35,9297
2018-05-14 22:40,9227
2018-05-14 22:45,9216
2018-05-14 22:50,9229
2018-05-14 22:55,9190
2018-05-14 23:00,0
2018-05-14 23:05,9016
2018-05-14 23:10,8989
2018-05-14 23:15,8938
2018-05-14 23:20,8881
2018-05-14 23:25,8847
2018-05-14 23:30,8885
2018-05-14 23:35,8925
2018-05-14 23:40,8868
2018-05-14 23:45,8920
2018-05-14 23:50,8843
2018-05-14 23:55,8757
2018-05-15 00:00,8738
2018-05-15 00:05,8771
2018-05-15 00:10,8785
2018-05-15 00:15,8729
2018-05-15 00:20,8725
2018-05-15 00:25,8680
2018-05-15 00:30,8678
2018-05-15 00:35,8691
2018-05-15 00:40,8693
2018-05-15 00:45,8656
2018-05-15 00:50,8648
2018-05-15 00:55,8654
2018-05-15 01:00,8621
2018-05-15 01:05,8559
2018-05-15 01:10,8529
2018-05-15 01:15,8519
2018-05-15 01:20,8502
2018-05-15 01:25,8481
2018-05-15 01:30,8514
2018-05-15 01:35,8512
2018-05-15 01:40,8507
2018-05-15 01:45,8494
2018-05-15 01:50,8522
2018-05-15 01:55,8461
2018-05-15 02:00,8435
2018-05-15 02:05,8403
2018-05-15 02:10,8331
2018-05-15 02:15,8279
2018-05-15 02:20,8269
2018-05-15 02:25,8206
2018-05-15 02:30,8097
2018-05-15 02:35,8005
2018-05-15 02:40,7940
2018-05-15 02:45,7886
2018-05-15 02:50,7838
2018-05-15 02:55,7795
2018-05-15 03:00,7661
2018-05-15 03:05,7550
2018-05-15 03:10,7445
2018-05-15 03:15,7345
2018-05-15 03:20,7267
2018-05-15 03:25,7150
2018-05-15 03:30,7050
2018-05-15 03:35,6914
2018-05-15 03:40,6807
2018-05-15 03:45,6738
2018-05-15 03:50,6659
2018-05-15 03:55,6544
2018-05-15 04:00,6511
2018-05-15 04:05,6422
2018-05-15 04:10,6343
2018-05-15 04:15,6236
2018-05-15 04:20,6176
2018-05-15 04:25,6057
2018-05-15 04:30,5972
2018-05-15 04:35,5884
2018-05-15 04:40,5783
2018-05-15 04:45,5662
2018-05-15 04:50,5582
2018-05-15 04:55,5432
2018-05-15 05:00,5311
2018-05-15 05:05,5215
2018-05-15 05:10,5086
2018-05-15 05:15,4936
2018-05-15 05:20,4862
2018-05-15 05:25,4742
2018-05-15 05:30,4679
2018-05-15 05:35,4619
2018-05-15 05:40,4564
2018-05-15 05:45,4451
2018-05-15 05:50,4411
2018-05-15 05:55,4326
2018-05-15 06:00,4267
2018-05-15 06:05,4237
2018-05-15 06:10,4184
2018-05-15 06:15,4109
2018-05-15 06:20,4076
2018-05-15 06:25,3989
2018-05-15 06:30,3936
2018-05-15 06:35,3894
2018-05-15 06:40,3845
2018-05-15 06:45,3782
2018-05-15 06:50,3762
2018-05-15 06:55,3711
2018-05-15 07:00,3652
2018-05-15 07:05,3640
2018-05-15 07:10,3627
2018-05-15 07:15,3601
2018-05-15 07:20,3576
2018-05-15 07:25,3541
2018-05-15 07:30,3507
2018-05-15 07:35,3429
2018-05-15 07:40,3344
2018-05-15 07:45,3295
2018-05-15 07:50,3242
2018-05-15 07:55,3238
2018-05-15 08:00,3206
2018-05-15 08:05,3175
2018-05-15 08:10,3164
2018-05-15 08:15,3120
2018-05-15 08:20,3033
2018-05-15 08:25,3024
2018-05-15 08:30,2961
2018-05-15 08:35,2385
2018-05-15 08:40,1960
2018-05-15 08:45,1594
2018-05-15 08:50,1290
2018-05-15 08:55,1077
2018-05-15 09:00,1015
2018-05-15 09:05,942
2018-05-15 09:10,954
2018-05-15 09:15,956
2018-05-15 09:20,1001
2018-05-15 09:25,992
2018-05-15 09:30,1013
2018-05-15 09:35,1063
2018-05-15 09:40,1105
2018-05-15 09:45,1123
2018-05-15 09:50,1130
2018-05-15 09:55,1130
2018-05-15 10:00,1173
2018-05-15 10:05,1196
2018-05-15 10:10,1228
2018-05-15 10:15,1275
2018-05-15 10:20,1278
2018-05-15 10:25,1282
2018-05-15 10:30,1284
2018-05-15 10:35,1332
2018-05-15 10:40,1335
2018-05-15 10:45,1346
2018-05-15 10:50,1282
2018-05-15 10:55,1238
2018-05-15 11:00,1206
2018-05-15 11:05,1210
2018-05-15 11:10,1241
2018-05-15 11:15,1317
2018-05-15 11:20,1350
2018-05-15 11:25,1392
2018-05-15 11:30,1791
2018-05-15 11:35,2379
2018-05-15 11:40,2875
2018-05-15 11:45,3335
2018-05-15 11:50,3757
2018-05-15 11:55,4172
2018-05-15 12:00,4512
2018-05-15 12:05,4830
2018-05-15 12:10,5117
2018-05-15 12:15,5415
2018-05-15 12:20,5674
2018-05-15 12:25,5847
2018-05-15 12:30,6102
2018-05-15 12:35,6236
2018-05-15 12:40,6433
2018-05-15 12:45,6647
2018-05-15 12:50,6766
2018-05-15 12:55,6871
2018-05-15 13:00,6988
2018-05-15 13:05,7055
2018-05-15 13:10,7234
2018-05-15 13:15,7423
2018-05-15 13:20,7565
2018-05-15 13:25,7660
2018-05-15 13:30,7767
2018-05-15 13:35,7914
2018-05-15 13:40,8049
2018-05-15 13:45,8147
2018-05-15 13:50,8237
2018-05-15 13:55,8313
2018-05-15 14:00,8414
2018-05-15 14:05,8477
2018-05-15 14:10,8569
2018-05-15 14:15,8733
2018-05-15 14:20,8874
2018-05-15 14:25,9018
2018-05-15 14:30,9078
2018-05-15 14:35,9174
2018-05-15 14:40,9184
2018-05-15 14:45,9261
2018-05-15 14:50,9350
2018-05-15 14:55,9500
2018-05-15 15:00,9569
2018-05-15 15:05,9649
2018-05-15 15:10,9771
2018-05-15 15:15,9889
2018-05-15 15:20,9949
2018-05-15 15:25,10018
2018-05-15 15:30,10198
2018-05-15 15:35,10258
2018-05-15 15:40,10304
2018-05-15 15:45,10418
2018-05-15 15:50,10482
2018-05-15 15:55,10582
2018-05-15 16:00,10731
2018-05-15 16:05,10857
2018-05-15 16:10,10959
2018-05-15 16:15,11051
2018-05-15 16:20,11161
2018-05-15 16:25,11307
2018-05-15 16:30,11455
2018-05-15 16:35,11493
2018-05-15 16:40,11561
2018-05-15 16:45,11662
2018-05-15 16:50,11759
2018-05-15 16:55,11884
2018-05-15 17:00,11951
2018-05-15 17:05,12135
2018-05-15 17:10,12219
2018-05-15 17:15,12343
2018-05-15 17:20,12498
2018-05-15 17:25,12616
2018-05-15 17:30,12732
2018-05-15 17:35,12818
2018-05-15 17:40,12953
2018-05-15 17:45,13011
2018-05-15 17:50,13097
2018-05-15 17:55,13207
2018-05-15 18:00,13218
2018-05-15 18:05,13272
2018-05-15 18:10,13309
2018-05-15 18:15,13350
2018-05-15 18:20,13446
2018-05-15 18:25,13548
2018-05-15 18:30,13605
2018-05-15 18:35,13730
2018-05-15 18:40,13740
2018-05-15 18:45,13731
2018-05-15 18:50,13807
2018-05-15 18:55,13832
2018-05-15 19:00,13827
2018-05-15 19:05,13791
2018-05-15 19:10,13790
2018-05-15 19:15,13840
2018-05-15 19:20,13929
2018-05-15 19:25,13897
2018-05-15 19:30,13907
2018-05-15 19:35,13889
2018-05-15 19:40,13853
2018-05-15 19:45,13827
2018-05-15 19:50,13773
2018-05-15 19:55,13731
2018-05-15 20:00,13684
2018-05-15 20:05,13589
2018-05-15 20:10,13587
2018-05-15 20:15,13550
2018-05-15 20:20,13526
2018-05-15 20:25,13476
2018-05-15 20:30,13364
2018-05-15 20:35,13356
2018-05-15 20:40,13307
2018-05-15 20:45,13266
2018-05-15 20:50,13175
2018-05-15 20:55,13053
2018-05-15 21:00,12927
2018-05-15 21:05,12791
2018-05-15 21:10,12649
2018-05-15 21:15,12568
2018-05-15 21:20,12487
2018-05-15 21:25,12381
2018-05-15 21:30,12276
2018-05-15 21:35,12105
2018-05-15 21:40,11989
2018-05-15 21:45,11955
2018-05-15 21:50,11777
2018-05-15 21:55,11671
2018-05-15 22:00,11555
2018-05-15 22:05,11474
2018-05-15 22:10,11374
2018-05-15 22:15,11279
2018-05-15 22:20,11215
2018-05-15 22:25,11143
2018-05-15 22:30,11102
2018-05-15 22:35,10988
2018-05-15 22:40,10884
2018-05-15 22:45,10814
2018-05-15 22:50,10688
2018-05-15 22:55,10627
2018-05-15 23:00,10586
2018-05-15 23:05,10535
2018-05-15 23:10,10479
2018-05-15 23:15,10360
2018-05-15 23:20,10308
2018-05-15 23:25,0
2018-05-15 23:30,10030
2018-05-15 23:35,10137
2018-05-15 23:40,10098
2018-05-15 23:45,10094
2018-05-15 23:50,10015
2018-05-15 23:55,9976
2018-05-16 00:00,9920
2018-05-16 00:05,9902
2018-05-16 00:10,9919
2018-05-16 00:15,9884
2018-05-16 00:20,9916
2018-05-16 00:25,9940
2018-05-16 00:30,9882
2018-05-16 00:35,9819
2018-05-16 00:40,9839
2018-05-16 00:45,9835
2018-05-16 00:50,9872
2018-05-16 00:55,9874
2018-05-16 01:00,9914
2018-05-16 01:05,9877
2018-05-16 01:10,9869
2018-05-16 01:15,9893
2018-05-16 01:20,9864
2018-05-16 01:25,9886
2018-05-16 01:30,9847
2018-05-16 01:35,9822
2018-05-16 01:40,9720
2018-05-16 01:45,9724
2018-05-16 01:50,9680
2018-05-16 01:55,9715
2018-05-16 02:00,9575
2018-05-16 02:05,9462
2018-05-16 02:10,9325
2018-05-16 02:15,9291
2018-05-16 02:20,9178
2018-05-16 02:25,9084
2018-05-16 02:30,9066
2018-05-16 02:35,9013
2018-05-16 02:40,8920
2018-05-16 02:45,8854
2018-05-16 02:50,8816
2018-05-16 02:55,8651
2018-05-16 03:00,8578
2018-05-16 03:05,8488
2018-05-16 03:10,8432
2018-05-16 03:15,8336
2018-05-16 03:20,8238
2018-05-16 03:25,8141
2018-05-16 03:30,8036
2018-05-16 03:35,7936
2018-05-16 03:40,7856
2018-05-16 03:45,7780
2018-05-16 03:50,7701
2018-05-16 03:55,7610
2018-05-16 04:00,7520
2018-05-16 04:05,7456
2018-05-16 04:10,7346
2018-05-16 04:15,7211
2018-05-16 04:20,7136
2018-05-16 04:25,7031
2018-05-16 04:30,6971
2018-05-16 04:35,6922
2018-05-16 04:40,6871
2018-05-16 04:45,6796
2018-05-16 04:50,6694
2018-05-16 04:55,6586
2018-05-16 05:00,6427
2018-05-16 05:05,6298
2018-05-16 05:10,6152
2018-05-16 05:15,6041
2018-05-16 05:20,5910
2018-05-16 05:25,5837
2018-05-16 05:30,5708
2018-05-16 05:35,5629
2018-05-16 05:40,5545
2018-05-16 05:45,5467
2018-05-16 05:50,5368
2018-05-16 05:55,5288
2018-05-16 06:00,5211
2018-05-16 06:05,5045
2018-05-16 06:10,4916
2018-05-16 06:15,4839
2018-05-16 06:20,4785
2018-05-16 06:25,4722
2018-05-16 06:30,4659
2018-05-16 06:35,4599
2018-05-16 06:40,4545
2018-05-16 06:45,4465
2018-05-16 06:50,4426
2018-05-16 06:55,4414
2018-05-16 07:00,4359
2018-05-16 07:05,4284
2018-05-16 07:10,4220
2018-05-16 07:15,4199
2018-05-16 07:20,4172
2018-05-16 07:25,4162
2018-05-16 07:30,4135
2018-05-16 07:35,4102
2018-05-16 07:40,4066
2018-05-16 07:45,4067
2018-05-16 07:50,4096
2018-05-16 07:55,4120
2018-05-16 08:00,4114
2018-05-16 08:05,4094
2018-05-16 08:10,4128
2018-05-16 08:15,4150
2018-05-16 08:20,4155
2018-05-16 08:25,4153
2018-05-16 08:30,4139
2018-05-16 08:35,4123
2018-05-16 08:40,4147
2018-05-16 08:45,4162
2018-05-16 08:50,4153
2018-05-16 08:55,4168
2018-05-16 09:00,4164
2018-05-16 09:05,4204
2018-05-16 09:10,4291
2018-05-16 09:15,4315
2018-05-16 09:20,4413
2018-05-16 09:25,4434
2018-05-16 09:30,4510
2018-05-16 09:35,4545
2018-05-16 09:40,4576
2018-05-16 09:45,4609
2018-05-16 09:50,4626
2018-05-16 09:55,4625
2018-05-16 10:00,4624
2018-05-16 10:05,4667
2018-05-16 10:10,4713
2018-05-16 10:15,4724
2018-05-16 10:20,4778
2018-05-16 10:25,4824
2018-05-16 10:30,4856
2018-05-16 10:35,4910
2018-05-16 10:40,4914
2018-05-16 10:45,4935
2018-05-16 10:50,5010
2018-05-16 10:55,5057
2018-05-16 11:00,5130
2018-05-16 11:05,5165
2018-05-16 11:10,5251
2018-05-16 11:15,5323
2018-05-16 11:20,5401
2018-05-16 11:25,5458
2018-05-16 11:30,5541
2018-05-16 11:35,5609
2018-05-16 11:40,5662
2018-05-16 11:45,5745
2018-05-16 11:50,5761
2018-05-16 11:55,5795
2018-05-16 12:00,5855
2018-05-16 12:05,5945
2018-05-16 12:10,6034
2018-05-16 12:15,6121
2018-05-16 12:20,6160
2018-05-16 12:25,6281
2018-05-16 12:30,6411
2018-05-16 12:35,6524
2018-05-16 12:40,6628
2018-05-16 12:45,6734
2018-05-16 12:50,6838
2018-05-16 12:55,6872
2018-05-16 13:00,6967
2018-05-16 13:05,7074
2018-05-16 13:10,7192
2018-05-16 13:15,7352
2018-05-16 13:20,7475
2018-05-16 13:25,7615
2018-05-16 13:30,7679
2018-05-16 13:35,7831
2018-05-16 13:40,7854
2018-05-16 13:45,7935
2018-05-16 13:50,8012
2018-05-16 13:55,8086
2018-05-16 14:00,8172
2018-05-16 14:05,8220
2018-05-16 14:10,8304
2018-05-16 14:15,8357
2018-05-16 14:20,8470
2018-05-16 14:25,8567
2018-05-16 14:30,8601
2018-05-16 14:35,8679
2018-05-16 14:40,8793
2018-05-16 14:45,8862
2018-05-16 14:50,8922
2018-05-16 14:55,8963
2018-05-16 15:00,9020
2018-05-16 15:05,9080
2018-05-16 15:10,9119
2018-05-16 15:15,9286
2018-05-16 15:20,9395
2018-05-16 15:25,9460
2018-05-16 15:30,9555
2018-05-16 15:35,9667
2018-05-16 15:40,9811
2018-05-16 15:45,9884
2018-05-16 15:50,9868
2018-05-16 15:55,9985
2018-05-16 16:00,10041
2018-05-16 16:05,10119
2018-05-16 16:10,10162
2018-05-16 16:15,10202
2018-05-16 16:20,10307
2018-05-16 16:25,10334
2018-05-16 16:30,10423
2018-05-16 16:35,10531
2018-05-16 16:40,10680
2018-05-16 16:45,10759
2018-05-16 16:50,10819
2018-05-16 16:55,10813
2018-05-16 17:00,10863
2018-05-16 17:05,10971
2018-05-16 17:10,10970
2018-05-16 17:15,10987
2018-05-16 17:20,11019
2018-05-16 17:25,11076
2018-05-16 17:30,11102
2018-05-16 17:35,11256
2018-05-16 17:40,11360
2018-05-16 17:45,11463
2018-05-16 17:50,11551
2018-05-16 17:55,11527
2018-05-16 18:00,11676
2018-05-16 18:05,11741
2018-05-16 18:10,11788
2018-05-16 18:15,11940
2018-05-16 18:20,12029
2018-05-16 18:25,12131
2018-05-16 18:30,12170
2018-05-16 18:35,12263
2018-05-16 18:40,12351
2018-05-16 18:45,12462
2018-05-16 18:50,12514
2018-05-16 18:55,12578
2018-05-16 19:00,12627
2018-05-16 19:05,12675
2018-05-16 19:10,12703
2018-05-16 19:15,12758
2018-05-16 19:20,12811
2018-05-16 19:25,12829
2018-05-16 19:30,12814
2018-05-16 19:35,12820
2018-05-16 19:40,12803
2018-05-16 19:45,12821
2018-05-16 19:50,12827
2018-05-16 19:55,12683
2018-05-16 20:00,12614
2018-05-16 20:05,12544
2018-05-16 20:10,12523
2018-05-16 20:15,12487
2018-05-16 20:20,12417
2018-05-16 20:25,12306
2018-05-16 20:30,12244
2018-05-16 20:35,12224
2018-05-16 20:40,12158
2018-05-16 20:45,12199
2018-05-16 20:50,12110
2018-05-16 20:55,12018
2018-05-16 21:00,11989
2018-05-16 21:05,11932
2018-05-16 21:10,11843
2018-05-16 21:15,11743
2018-05-16 21:20,11660
2018-05-16 21:25,11598
2018-05-16 21:30,11467
2018-05-16 21:35,11391
2018-05-16 21:40,11316
2018-05-16 21:45,11275
2018-05-16 21:50,11162
2018-05-16 21:55,11039
2018-05-16 22:00,10936
2018-05-16 22:05,10829
2018-05-16 22:10,10738
2018-05-16 22:15,10605
2018-05-16 22:20,10501
2018-05-16 22:25,10444
2018-05-16 22:30,10379
2018-05-16 22:35,10292
2018-05-16 22:40,10273
2018-05-16 22:45,10146
2018-05-16 22:50,10054
2018-05-16 22:55,9986
2018-05-16 23:00,9911
2018-05-16 23:05,9777
2018-05-16 23:10,9741
2018-05-16 23:15,9673
2018-05-16 23:20,9672
2018-05-16 23:25,9632
2018-05-16 23:30,9552
2018-05-16 23:35,9517
2018-05-16 23:40,9544
2018-05-16 23:45,9510
2018-05-16 23:50,9471
2018-05-16 23:55,9461
2018-05-17 00:00,9486
2018-05-17 00:05,9463
2018-05-17 00:10,9452
2018-05-17 00:15,9421
2018-05-17 00:20,9444
2018-05-17 00:25,9393
2018-05-17 00:30,9378
2018-05-17 00:35,9373
2018-05-17 00:40,9373
2018-05-17 00:45,9340
2018-05-17 00:50,9346
2018-05-17 00:55,9339
2018-05-17 01:00,9288
2018-05-17 01:05,9256
2018-05-17 01:10,9255
2018-05-17 01:15,9231
2018-05-17 01:20,9264
2018-05-17 01:25,9218
2018-05-17 01:30,9273
2018-05-17 01:35,9256
2018-05-17 01:40,9227
2018-05-17 01:45,9194
2018-05-17 01:50,9125
2018-05-17 01:55,9103
2018-05-17 02:00,9091
2018-05-17 02:05,9053
2018-05-17 02:10,9023
2018-05-17 02:15,8997
2018-05-17 02:20,8931
2018-05-17 02:25,8893
2018-05-17 02:30,8860
2018-05-17 02:35,8782
2018-05-17 02:40,8693
2018-05-17 02:45,8657
2018-05-17 02:50,8550
2018-05-17 02:55,8535
2018-05-17 03:00,8465
2018-05-17 03:05,8374
2018-05-17 03:10,8262
2018-05-17 03:15,8190
2018-05-17 03:20,8153
2018-05-17 03:25,8096
2018-05-17 03:30,7952
2018-05-17 03:35,7884
2018-05-17 03:40,7752
2018-05-17 03:45,7581
2018-05-17 03:50,7473
2018-05-17 03:55,7323
2018-05-17 04:00,7218
2018-05-17 04:05,7149
2018-05-17 04:10,6997
2018-05-17 04:15,6891
2018-05-17 04:20,6797
2018-05-17 04:25,6733
2018-05-17 04:30,6647
2018-05-17 04:35,6536
2018-05-17 04:40,6455
2018-05-17 04:45,6346
2018-05-17 04:50,6257
2018-05-17 04:55,6140
2018-05-17 05:00,6056
2018-05-17 05:05,5929
2018-05-17 05:10,5866
2018-05-17 05:15,5766
2018-05-17 05:20,5668
2018-05-17 05:25,5582
2018-05-17 05:30,5473
2018-05-17 05:35,5393
2018-05-17 05:40,5275
2018-05-17 05:45,5158
2018-05-17 05:50,5058
2018-05-17 05:55,5031
2018-05-17 06:00,4911
2018-05-17 06:05,4795
2018-05-17 06:10,4743
2018-05-17 06:15,4681
2018-05-17 06:20,4575
2018-05-17 06:25,4518
2018-05-17 06:30,4461
2018-05-17 06:35,4395
2018-05-17 06:40,0
2018-05-17 06:45,4204
2018-05-17 06:50,4199
2018-05-17 06:55,4160
2018-05-17 07:00,4109
2018-05-17 07:05,4082
2018-05-17 07:10,4018
2018-05-17 07:15,3962
2018-05-17 07:20,3897
2018-05-17 07:25,3856
2018-05-17 07:30,3821
2018-05-17 07:35,3732
2018-05-17 07:40,3732
2018-05-17 07:45,3684
2018-05-17 07:50,3684
2018-05-17 07:55,3717
2018-05-17 08:00,3703
2018-05-17 08:05,3715
2018-05-17 08:10,3760
2018-05-17 08:15,3759
2018-05-17 08:20,3774
2018-05-17 08:25,3783
2018-05-17 08:30,3816
2018-05-17 08:35,3803
2018-05-17 08:40,3803
2018-05-17 08:45,3858
2018-05-17 08:50,3872
2018-05-17 08:55,3880
2018-05-17 09:00,3904
2018-05-17 09:05,3979
2018-05-17 09:10,4018
2018-05-17 09:15,4026
2018-05-17 09:20,4089
2018-05-17 09:25,4115
2018-05-17 09:30,4205
2018-05-17 09:35,4257
2018-05-17 09:40,4257
2018-05-17 09:45,4287
2018-05-17 09:50,4318
2018-05-17 09:55,4314
2018-05-17 10:00,4319
2018-05-17 10:05,4332
2018-05-17 10:10,4332
2018-05-17 10:15,4416
2018-05-17 10:20,4456
2018-05-17 10:25,4515
2018-05-17 10:30,4529
2018-05-17 10:35,4577
2018-05-17 10:40,4577
2018-05-17 10:45,4614
2018-05-17 10:50,4702
2018-05-17 10:55,4795
2018-05-17 11:00,4795
2018-05-17 11:05,4736
2018-05-17 11:10,4736
2018-05-17 11:15,4958
2018-05-17 11:20,4958
2018-05-17 11:25,5103
2018-05-17 11:30,5155
2018-05-17 11:35,5155
2018-05-17 11:40,5224
2018-05-17 11:45,5266
2018-05-17 11:50,5466
2018-05-17 11:55,5466
2018-05-17 12:00,5543
2018-05-17 12:05,5603
2018-05-17 12:10,5700
2018-05-17 12:15,5749
2018-05-17 12:20,5824
2018-05-17 12:25,5908
2018-05-17 12:30,5998
2018-05-17 12:35,6039
2018-05-17 12:40,6084
2018-05-17 12:45,6182
2018-05-17 12:50,6297
2018-05-17 12:55,6325
2018-05-17 13:00,6514
2018-05-17 13:05,6652
2018-05-17 13:10,6726
2018-05-17 13:15,6776
2018-05-17 13:20,6857
2018-05-17 13:25,6940
2018-05-17 13:30,7044
2018-05-17 13:35,7144
2018-05-17 13:40,7218
2018-05-17 13:45,7342
2018-05-17 13:50,7430
2018-05-17 13:55,7524
2018-05-17 14:00,7566
2018-05-17 14:05,7581
2018-05-17 14:10,7689
2018-05-17 14:15,7793
2018-05-17 14:20,7887
2018-05-17 14:25,7993
2018-05-17 14:30,8076
2018-05-17 14:35,8210
2018-05-17 14:40,8242
2018-05-17 14:45,8356
2018-05-17 14:50,8462
2018-05-17 14:55,8511
2018-05-17 15:00,8612
2018-05-17 15:05,8623
2018-05-17 15:10,8680
2018-05-17 15:15,8754
2018-05-17 15:20,8815
2018-05-17 15:25,8868
2018-05-17 15:30,8957
2018-05-17 15:35,9092
2018-05-17 15:40,9186
2018-05-17 15:45,9260
2018-05-17 15:50,9334
2018-05-17 15:55,9409
2018-05-17 16:00,9461
2018-05-17 16:05,9495
2018-05-17 16:10,9581
2018-05-17 16:15,9660
2018-05-17 16:20,9718
2018-05-17 16:25,9742
2018-05-17 16:30,9835
2018-05-17 16:35,9951
2018-05-17 16:40,10048
2018-05-17 16:45,10178
2018-05-17 16:50,10259
2018-05-17 16:55,10333
2018-05-17 17:00,10440
2018-05-17 17:05,10502
2018-05-17 17:10,10606
2018-05-17 17:15,10704
2018-05-17 17:20,10756
2018-05-17 17:25,10812
2018-05-17 17:30,10882
2018-05-17 17:35,10995
2018-05-17 17:40,11083
2018-05-17 17:45,11204
2018-05-17 17:50,11235
2018-05-17 17:55,11282
2018-05-17 18:00,11315
2018-05-17 18:05,11404
2018-05-17 18:10,11498
2018-05-17 18:15,11494
2018-05-17 18:20,11523
2018-05-17 18:25,11580
2018-05-17 18:30,11625
2018-05-17 18:35,11634
2018-05-17 18:40,11578
2018-05-17 18:45,11564
2018-05-17 18:50,11719
2018-05-17 18:55,11820
2018-05-17 19:00,11827
2018-05-17 19:05,11897
2018-05-17 19:10,11867
2018-05-17 19:15,11917
2018-05-17 19:20,12003
2018-05-17 19:25,12088
2018-05-17 19:30,12132
2018-05-17 19:35,12152
2018-05-17 19:40,12150
2018-05-17 19:45,12182
2018-05-17 19:50,12186
2018-05-17 19:55,12199
2018-05-17 20:00,12190
2018-05-17 20:05,12133
2018-05-17 20:10,12045
2018-05-17 20:15,12007
2018-05-17 20:20,11946
2018-05-17 20:25,11855
2018-05-17 20:30,11861
2018-05-17 20:35,11878
2018-05-17 20:40,11764
2018-05-17 20:45,11740
2018-05-17 20:50,11726
2018-05-17 20:55,11673
2018-05-17 21:00,11568
2018-05-17 21:05,11369
2018-05-17 21:10,11317
2018-05-17 21:15,11179
2018-05-17 21:20,11045
2018-05-17 21:25,11007
2018-05-17 21:30,10820
2018-05-17 21:35,10714
2018-05-17 21:40,10606
2018-05-17 21:45,10499
2018-05-17 21:50,10435
2018-05-17 21:55,10293
2018-05-17 22:00,10202
2018-05-17 22:05,10132
2018-05-17 22:10,10047
2018-05-17 22:15,10017
2018-05-17 22:20,9946
2018-05-17 22:25,9907
2018-05-17 22:30,9827
2018-05-17 22:35,9805
2018-05-17 22:40,9679
2018-05-17 22:45,9635
2018-05-17 22:50,9536
2018-05-17 22:55,7797
2018-05-17 23:00,9319
2018-05-17 23:05,9305
2018-05-17 23:10,9280
2018-05-17 23:15,9179
2018-05-17 23:20,9176
2018-05-17 23:25,9108
2018-05-17 23:30,9094
2018-05-17 23:35,9069
2018-05-17 23:40,9071
2018-05-17 23:45,9014
2018-05-17 23:50,8909
2018-05-17 23:55,8895
2018-05-18 00:00,8787
2018-05-18 00:05,8722
2018-05-18 00:10,8744
2018-05-18 00:15,8699
2018-05-18 00:20,8708
2018-05-18 00:25,8683
2018-05-18 00:30,8683
2018-05-18 00:35,8721
2018-05-18 00:40,8694
2018-05-18 00:45,8758
2018-05-18 00:50,8730
2018-05-18 00:55,8722
2018-05-18 01:00,8717
2018-05-18 01:05,8720
2018-05-18 01:10,8729
2018-05-18 01:15,8744
2018-05-18 01:20,8791
2018-05-18 01:25,8802
2018-05-18 01:30,8810
2018-05-18 01:35,8844
2018-05-18 01:40,8828
2018-05-18 01:45,8795
2018-05-18 01:50,8740
2018-05-18 01:55,8737
2018-05-18 02:00,8673
2018-05-18 02:05,8546
2018-05-18 02:10,8516
2018-05-18 02:15,8431
2018-05-18 02:20,8355
2018-05-18 02:25,8335
2018-05-18 02:30,8279
2018-05-18 02:35,8243
2018-05-18 02:40,8165
2018-05-18 02:45,8136
2018-05-18 02:50,8056
2018-05-18 02:55,7976
2018-05-18 03:00,7914
2018-05-18 03:05,7836
2018-05-18 03:10,7725
2018-05-18 03:15,7635
2018-05-18 03:20,7611
2018-05-18 03:25,7487
2018-05-18 03:30,7413
2018-05-18 03:35,7355
2018-05-18 03:40,7309
2018-05-18 03:45,7184
2018-05-18 03:50,7103
2018-05-18 03:55,6942
2018-05-18 04:00,6880
2018-05-18 04:05,6745
2018-05-18 04:10,6684
2018-05-18 04:15,6591
2018-05-18 04:20,6535
2018-05-18 04:25,6473
2018-05-18 04:30,6355
2018-05-18 04:35,6311
2018-05-18 04:40,6247
2018-05-18 04:45,6140
2018-05-18 04:50,6054
2018-05-18 04:55,5999
2018-05-18 05:00,5905
2018-05-18 05:05,5793
2018-05-18 05:10,5709
2018-05-18 05:15,5643
2018-05-18 05:20,5574
2018-05-18 05:25,5499
2018-05-18 05:30,5395
2018-05-18 05:35,5296
2018-05-18 05:40,5224
2018-05-18 05:45,5086
2018-05-18 05:50,5054
2018-05-18 05:55,4966
2018-05-18 06:00,4863
2018-05-18 06:05,4764
2018-05-18 06:10,4761
2018-05-18 06:15,4717
2018-05-18 06:20,4644
2018-05-18 06:25,4574
2018-05-18 06:30,4549
2018-05-18 06:35,4456
2018-05-18 06:40,4380
2018-05-18 06:45,4318
2018-05-18 06:50,4275
2018-05-18 06:55,4208
2018-05-18 07:00,4149
2018-05-18 07:05,4096
2018-05-18 07:10,4071
2018-05-18 07:15,4011
2018-05-18 07:20,3964
2018-05-18 07:25,3946
2018-05-18 07:30,3934
2018-05-18 07:35,3895
2018-05-18 07:40,3848
2018-05-18 07:45,3814
2018-05-18 07:50,3806
2018-05-18 07:55,3796
2018-05-18 08:00,3728
2018-05-18 08:05,3731
2018-05-18 08:10,3729
2018-05-18 08:15,3736
2018-05-18 08:20,3730
2018-05-18 08:25,3740
2018-05-18 08:30,3785
2018-05-18 08:35,3786
2018-05-18 08:40,3804
2018-05-18 08:45,3840
2018-05-18 08:50,3881
2018-05-18 08:55,3875
2018-05-18 09:00,3894
2018-05-18 09:05,3916
2018-05-18 09:10,4011
2018-05-18 09:15,4059
2018-05-18 09:20,4134
2018-05-18 09:25,4192
2018-05-18 09:30,4216
2018-05-18 09:35,4253
2018-05-18 09:40,4313
2018-05-18 09:45,4411
2018-05-18 09:50,4495
2018-05-18 09:55,4550
2018-05-18 10:00,4589
2018-05-18 10:05,4607
2018-05-18 10:10,4700
2018-05-18 10:15,4761
2018-05-18 10:20,4805
2018-05-18 10:25,4846
2018-05-18 10:30,4910
2018-05-18 10:35,4972
2018-05-18 10:40,5033
2018-05-18 10:45,5041
2018-05-18 10:50,5114
2018-05-18 10:55,5186
2018-05-18 11:00,5236
2018-05-18 11:05,5308
2018-05-18 11:10,5361
2018-05-18 11:15,4526
2018-05-18 11:20,3554
2018-05-18 11:25,2760
2018-05-18 11:30,2522
2018-05-18 11:35,3150
2018-05-18 11:40,3598
2018-05-18 11:45,3947
2018-05-18 11:50,4306
2018-05-18 11:55,4597
2018-05-18 12:00,4864
2018-05-18 12:05,5172
2018-05-18 12:10,5446
2018-05-18 12:15,5691
2018-05-18 12:20,5889
2018-05-18 12:25,6096
2018-05-18 12:30,6260
2018-05-18 12:35,6426
2018-05-18 12:40,6548
2018-05-18 12:45,6724
2018-05-18 12:50,6843
2018-05-18 12:55,6967
2018-05-18 13:00,7108
2018-05-18 13:05,7290
2018-05-18 13:10,7451
2018-05-18 13:15,7596
2018-05-18 13:20,7750
2018-05-18 13:25,7856
2018-05-18 13:30,8014
2018-05-18 13:35,8142
2018-05-18 13:40,8286
2018-05-18 13:45,8418
2018-05-18 13:50,0
2018-05-18 13:55,8731
2018-05-18 14:00,8785
2018-05-18 14:05,8930
2018-05-18 14:10,0
2018-05-18 14:15,9055
2018-05-18 14:20,8973
2018-05-18 14:25,0
2018-05-18 14:30,9264
2018-05-18 14:35,9275
2018-05-18 14:40,9396
2018-05-18 14:45,9453
2018-05-18 14:50,9555
2018-05-18 14:55,9577
2018-05-18 15:00,9626
2018-05-18 15:05,9675
2018-05-18 15:10,9798
2018-05-18 15:15,9891
2018-05-18 15:20,9918
2018-05-18 15:25,9996
2018-05-18 15:30,10056
2018-05-18 15:35,10091
2018-05-18 15:40,10116
2018-05-18 15:45,10149
2018-05-18 15:50,10220
2018-05-18 15:55,10293
2018-05-18 16:00,10413
2018-05-18 16:05,10523
2018-05-18 16:10,10667
2018-05-18 16:15,10736
2018-05-18 16:20,10809
2018-05-18 16:25,10881
2018-05-18 16:30,10985
2018-05-18 16:35,11007
2018-05-18 16:40,11031
2018-05-18 16:45,11113
2018-05-18 16:50,11142
2018-05-18 16:55,11213
2018-05-18 17:00,11333
2018-05-18 17:05,11375
2018-05-18 17:10,11409
2018-05-18 17:15,11558
2018-05-18 17:20,11597
2018-05-18 17:25,11643
2018-05-18 17:30,11731
2018-05-18 17:35,11753
2018-05-18 17:40,11818
2018-05-18 17:45,11940
2018-05-18 17:50,11950
2018-05-18 17:55,12058
2018-05-18 18:00,12142
2018-05-18 18:05,12217
2018-05-18 18:10,12306
2018-05-18 18:15,12395
2018-05-18 18:20,12507
2018-05-18 18:25,12570
2018-05-18 18:30,12612
2018-05-18 18:35,12659
2018-05-18 18:40,12713
2018-05-18 18:45,12831
2018-05-18 18:50,12865
2018-05-18 18:55,12958
2018-05-18 19:00,13020
2018-05-18 19:05,13106
2018-05-18 19:10,13223
2018-05-18 19:15,13298
2018-05-18 19:20,13370
2018-05-18 19:25,13537
2018-05-18 19:30,13565
2018-05-18 19:35,13565
2018-05-18 19:40,13626
2018-05-18 19:45,13647
2018-05-18 19:50,13697
2018-05-18 19:55,13715
2018-05-18 20:00,13799
2018-05-18 20:05,13748
2018-05-18 20:10,13840
2018-05-18 20:15,13867
2018-05-18 20:20,13790
2018-05-18 20:25,13784
2018-05-18 20:30,13829
2018-05-18 20:35,13758
2018-05-18 20:40,13779
2018-05-18 20:45,13826
2018-05-18 20:50,13851
2018-05-18 20:55,13846
2018-05-18 21:00,13822
2018-05-18 21:05,13839
2018-05-18 21:10,13886
2018-05-18 21:15,13844
2018-05-18 21:20,13846
2018-05-18 21:25,13816
2018-05-18 21:30,13761
2018-05-18 21:35,13731
2018-05-18 21:40,13672
2018-05-18 21:45,13642
2018-05-18 21:50,13540
2018-05-18 21:55,13442
2018-05-18 22:00,13287
2018-05-18 22:05,13142
2018-05-18 22:10,13049
2018-05-18 22:15,12892
2018-05-18 22:20,12824
2018-05-18 22:25,12660
2018-05-18 22:30,12509
2018-05-18 22:35,12429
2018-05-18 22:40,12341
2018-05-18 22:45,12242
2018-05-18 22:50,12038
2018-05-18 22:55,11963
2018-05-18 23:00,11886
2018-05-18 23:05,11768
2018-05-18 23:10,11675
2018-05-18 23:15,11582
2018-05-18 23:20,11473
2018-05-18 23:25,11332
2018-05-18 23:30,11239
2018-05-18 23:35,11134
2018-05-18 23:40,10993
2018-05-18 23:45,10956
2018-05-18 23:50,10860
2018-05-18 23:55,10760
2018-05-19 00:00,10725
2018-05-19 00:05,10585
2018-05-19 00:10,10551
2018-05-19 00:15,10494
2018-05-19 00:20,10431
2018-05-19 00:25,10360
2018-05-19 00:30,10302
2018-05-19 00:35,10293
2018-05-19 00:40,10210
2018-05-19 00:45,10204
2018-05-19 00:50,10122
2018-05-19 00:55,10096
2018-05-19 01:00,10014
2018-05-19 01:05,9975
2018-05-19 01:10,9938
2018-05-19 01:15,9973
2018-05-19 01:20,9937
2018-05-19 01:25,9975
2018-05-19 01:30,9920
2018-05-19 01:35,9934
2018-05-19 01:40,9936
2018-05-19 01:45,9960
2018-05-19 01:50,9994
2018-05-19 01:55,9983
2018-05-19 02:00,9991
2018-05-19 02:05,10023
2018-05-19 02:10,10023
2018-05-19 02:15,9993
2018-05-19 02:20,10016
2018-05-19 02:25,10035
2018-05-19 02:30,10022
2018-05-19 02:35,10018
2018-05-19 02:40,10061
2018-05-19 02:45,10042
2018-05-19 02:50,10074
2018-05-19 02:55,10048
2018-05-19 03:00,9981
2018-05-19 03:05,9960
2018-05-19 03:10,9914
2018-05-19 03:15,9914
2018-05-19 03:20,9870
2018-05-19 03:25,9826
2018-05-19 03:30,9773
2018-05-19 03:35,9676
2018-05-19 03:40,9637
2018-05-19 03:45,9572
2018-05-19 03:50,9515
2018-05-19 03:55,9418
2018-05-19 04:00,9387
2018-05-19 04:05,9261
2018-05-19 04:10,9151
2018-05-19 04:15,9073
2018-05-19 04:20,9005
2018-05-19 04:25,8906
2018-05-19 04:30,8775
2018-05-19 04:35,8691
2018-05-19 04:40,8595
2018-05-19 04:45,8501
2018-05-19 04:50,8378
2018-05-19 04:55,8325
2018-05-19 05:00,8245
2018-05-19 05:05,8145
2018-05-19 05:10,8040
2018-05-19 05:15,7894
2018-05-19 05:20,7777
2018-05-19 05:25,7679
2018-05-19 05:30,7583
2018-05-19 05:35,7491
2018-05-19 05:40,7417
2018-05-19 05:45,7341
2018-05-19 05:50,7237
2018-05-19 05:55,7138
2018-05-19 06:00,7068
2018-05-19 06:05,6978
2018-05-19 06:10,6924
2018-05-19 06:15,6864
2018-05-19 06:20,6789
2018-05-19 06:25,6732
2018-05-19 06:30,6676
2018-05-19 06:35,6621
2018-05-19 06:40,6555
2018-05-19 06:45,6475
2018-05-19 06:50,6350
2018-05-19 06:55,6287
2018-05-19 07:00,6236
2018-05-19 07:05,6178
2018-05-19 07:10,6123
2018-05-19 07:15,6080
2018-05-19 07:20,6064
2018-05-19 07:25,6054
2018-05-19 07:30,6033
2018-05-19 07:35,6011
2018-05-19 07:40,6004
2018-05-19 07:45,5993
2018-05-19 07:50,5940
2018-05-19 07:55,5886
2018-05-19 08:00,5876
2018-05-19 08:05,5862
2018-05-19 08:10,5877
2018-05-19 08:15,5884
2018-05-19 08:20,5876
2018-05-19 08:25,5886
2018-05-19 08:30,5858
2018-05-19 08:35,5882
2018-05-19 08:40,5897
2018-05-19 08:45,5888
2018-05-19 08:50,5886
2018-05-19 08:55,5838
2018-05-19 09:00,5782
2018-05-19 09:05,5774
2018-05-19 09:10,5953
2018-05-19 09:15,6072
2018-05-19 09:20,6143
2018-05-19 09:25,6150
2018-05-19 09:30,6288
2018-05-19 09:35,6404
2018-05-19 09:40,6547
2018-05-19 09:45,6619
2018-05-19 09:50,6724
2018-05-19 09:55,6805
2018-05-19 10:00,6926
2018-05-19 10:05,7028
2018-05-19 10:10,7165
2018-05-19 10:15,7240
2018-05-19 10:20,7308
2018-05-19 10:25,7389
2018-05-19 10:30,7438
2018-05-19 10:35,7508
2018-05-19 10:40,7610
2018-05-19 10:45,7733
2018-05-19 10:50,7850
2018-05-19 10:55,7936
2018-05-19 11:00,8033
2018-05-19 11:05,8050
2018-05-19 11:10,8182
2018-05-19 11:15,8247
2018-05-19 11:20,8266
2018-05-19 11:25,8384
2018-05-19 11:30,8407
2018-05-19 11:35,8485
2018-05-19 11:40,8544
2018-05-19 11:45,8555
2018-05-19 11:50,8598
2018-05-19 11:55,8666
2018-05-19 12:00,8750
2018-05-19 12:05,8808
2018-05-19 12:10,8901
2018-05-19 12:15,8948
2018-05-19 12:20,9087
2018-05-19 12:25,9186
2018-05-19 12:30,9227
2018-05-19 12:35,9308
2018-05-19 12:40,9359
2018-05-19 12:45,9448
2018-05-19 12:50,9481
2018-05-19 12:55,9609
2018-05-19 13:00,9715
2018-05-19 13:05,9790
2018-05-19 13:10,9829
2018-05-19 13:15,9969
2018-05-19 13:20,10068
2018-05-19 13:25,10178
2018-05-19 13:30,10286
2018-05-19 13:35,10386
2018-05-19 13:40,10470
2018-05-19 13:45,10558
2018-05-19 13:50,10705
2018-05-19 13:55,10679
2018-05-19 14:00,10921
2018-05-19 14:05,11019
2018-05-19 14:10,11160
2018-05-19 14:15,11218
2018-05-19 14:20,11270
2018-05-19 14:25,11343
2018-05-19 14:30,11422
2018-05-19 14:35,11482
2018-05-19 14:40,11550
2018-05-19 14:45,11629
2018-05-19 14:50,11756
2018-05-19 14:55,11913
2018-05-19 15:00,11958
2018-05-19 15:05,12078
2018-05-19 15:10,12139
2018-05-19 15:15,12165
2018-05-19 15:20,12167
2018-05-19 15:25,12233
2018-05-19 15:30,12280
2018-05-19 15:35,12377
2018-05-19 15:40,0
2018-05-19 15:45,12410
2018-05-19 15:50,12419
2018-05-19 15:55,12494
2018-05-19 16:00,12491
2018-05-19 16:05,12517
2018-05-19 16:10,12599
2018-05-19 16:15,12575
2018-05-19 16:20,12584
2018-05-19 16:25,12652
2018-05-19 16:30,12712
2018-05-19 16:35,12803
2018-05-19 16:40,12874
2018-05-19 16:45,12909
2018-05-19 16:50,13027
2018-05-19 16:55,13079
2018-05-19 17:00,13185
2018-05-19 17:05,13241
2018-05-19 17:10,13382
2018-05-19 17:15,13466
2018-05-19 17:20,0
2018-05-19 17:25,13596
2018-05-19 17:30,13621
2018-05-19 17:35,13733
2018-05-19 17:40,13697
2018-05-19 17:45,13789
2018-05-19 17:50,13838
2018-05-19 17:55,13965
2018-05-19 18:00,13979
2018-05-19 18:05,13971
2018-05-19 18:10,14076
2018-05-19 18:15,14254
2018-05-19 18:20,14375
2018-05-19 18:25,14385
2018-05-19 18:30,14398
2018-05-19 18:35,14447
2018-05-19 18:40,14570
2018-05-19 18:45,14708
2018-05-19 18:50,14657
2018-05-19 18:55,14708
2018-05-19 19:00,14744
2018-05-19 19:05,14751
2018-05-19 19:10,14861
2018-05-19 19:15,14874
2018-05-19 19:20,14961
2018-05-19 19:25,14966
2018-05-19 19:30,14987
2018-05-19 19:35,15051
2018-05-19 19:40,14989
2018-05-19 19:45,15052
2018-05-19 19:50,15088
2018-05-19 19:55,15054
2018-05-19 20:00,15040
2018-05-19 20:05,15022
2018-05-19 20:10,15098
2018-05-19 20:15,15186
2018-05-19 20:20,15065
2018-05-19 20:25,15055
2018-05-19 20:30,15081
2018-05-19 20:35,15072
2018-05-19 20:40,15130
2018-05-19 20:45,15118
2018-05-19 20:50,15052
2018-05-19 20:55,14948
2018-05-19 21:00,14918
2018-05-19 21:05,14896
2018-05-19 21:10,14827
2018-05-19 21:15,14710
2018-05-19 21:20,14595
2018-05-19 21:25,14595
2018-05-19 21:30,14611
2018-05-19 21:35,14552
2018-05-19 21:40,14487
2018-05-19 21:45,14342
2018-05-19 21:50,14278
2018-05-19 21:55,14172
2018-05-19 22:00,14046
2018-05-19 22:05,13943
2018-05-19 22:10,13782
2018-05-19 22:15,13686
2018-05-19 22:20,13510
2018-05-19 22:25,13406
2018-05-19 22:30,13218
2018-05-19 22:35,13022
2018-05-19 22:40,12867
2018-05-19 22:45,12763
2018-05-19 22:50,12666
2018-05-19 22:55,12572
2018-05-19 23:00,12438
2018-05-19 23:05,12274
2018-05-19 23:10,12225
2018-05-19 23:15,12068
2018-05-19 23:20,12004
2018-05-19 23:25,11914
2018-05-19 23:30,11768
2018-05-19 23:35,11710
2018-05-19 23:40,11587
2018-05-19 23:45,11486
2018-05-19 23:50,11384
2018-05-19 23:55,11317
2018-05-20 00:00,11192
2018-05-20 00:05,11060
2018-05-20 00:10,10996
2018-05-20 00:15,10875
2018-05-20 00:20,10724
2018-05-20 00:25,10644
2018-05-20 00:30,10594
2018-05-20 00:35,10516
2018-05-20 00:40,10468
2018-05-20 00:45,10426
2018-05-20 00:50,10414
2018-05-20 00:55,10341
2018-05-20 01:00,10311
2018-05-20 01:05,10244
2018-05-20 01:10,10174
2018-05-20 01:15,10127
2018-05-20 01:20,10057
2018-05-20 01:25,10001
2018-05-20 01:30,9968
2018-05-20 01:35,9938
2018-05-20 01:40,9874
2018-05-20 01:45,9846
2018-05-20 01:50,9844
2018-05-20 01:55,9821
2018-05-20 02:00,9831
2018-05-20 02:05,9806
2018-05-20 02:10,9829
2018-05-20 02:15,9775
2018-05-20 02:20,9824
2018-05-20 02:25,9806
2018-05-20 02:30,9832
2018-05-20 02:35,9807
2018-05-20 02:40,9802
2018-05-20 02:45,9755
2018-05-20 02:50,9765
2018-05-20 02:55,9740
2018-05-20 03:00,9709
2018-05-20 03:05,9730
2018-05-20 03:10,9711
2018-05-20 03:15,9634
2018-05-20 03:20,9631
2018-05-20 03:25,9613
2018-05-20 03:30,9561
2018-05-20 03:35,9467
2018-05-20 03:40,9423
2018-05-20 03:45,9390
2018-05-20 03:50,9363
2018-05-20 03:55,9336
2018-05-20 04:00,9266
2018-05-20 04:05,9137
2018-05-20 04:10,9076
2018-05-20 04:15,9040
2018-05-20 04:20,8957
2018-05-20 04:25,8866
2018-05-20 04:30,8825
2018-05-20 04:35,8706
2018-05-20 04:40,8623
2018-05-20 04:45,8573
2018-05-20 04:50,8520
2018-05-20 04:55,8400
2018-05-20 05:00,8319
2018-05-20 05:05,8223
2018-05-20 05:10,8185
2018-05-20 05:15,8071
2018-05-20 05:20,8004
2018-05-20 05:25,7932
2018-05-20 05:30,7797
2018-05-20 05:35,7642
2018-05-20 05:40,7587
2018-05-20 05:45,7523
2018-05-20 05:50,7441
2018-05-20 05:55,7334
2018-05-20 06:00,7280
2018-05-20 06:05,7144
2018-05-20 06:10,7078
2018-05-20 06:15,6990
2018-05-20 06:20,6908
2018-05-20 06:25,6842
2018-05-20 06:30,6768
2018-05-20 06:35,6641
2018-05-20 06:40,6600
2018-05-20 06:45,6572
2018-05-20 06:50,6467
2018-05-20 06:55,6416
2018-05-20 07:00,6362
2018-05-20 07:05,6288
2018-05-20 07:10,6288
2018-05-20 07:15,6199
2018-05-20 07:20,6136
2018-05-20 07:25,6098
2018-05-20 07:30,6099
2018-05-20 07:35,6088
2018-05-20 07:40,6103
2018-05-20 07:45,6116
2018-05-20 07:50,6062
2018-05-20 07:55,6010
2018-05-20 08:00,5954
2018-05-20 08:05,5940
2018-05-20 08:10,5958
2018-05-20 08:15,5960
2018-05-20 08:20,5971
2018-05-20 08:25,5989
2018-05-20 08:30,5998
2018-05-20 08:35,6004
2018-05-20 08:40,6006
2018-05-20 08:45,6047
2018-05-20 08:50,6041
2018-05-20 08:55,6068
2018-05-20 09:00,6089
2018-05-20 09:05,6196
2018-05-20 09:10,6334
2018-05-20 09:15,6482
2018-05-20 09:20,6540
2018-05-20 09:25,6641
2018-05-20 09:30,6780
2018-05-20 09:35,6839
2018-05-20 09:40,6953
2018-05-20 09:45,7141
2018-05-20 09:50,7257
2018-05-20 09:55,7351
2018-05-20 10:00,7506
2018-05-20 10:05,7609
2018-05-20 10:10,7738
2018-05-20 10:15,7898
2018-05-20 10:20,7935
2018-05-20 10:25,8013
2018-05-20 10:30,8132
2018-05-20 10:35,8141
2018-05-20 10:40,8239
2018-05-20 10:45,8314
2018-05-20 10:50,8297
2018-05-20 10:55,8350
2018-05-20 11:00,8424
2018-05-20 11:05,8401
2018-05-20 11:10,8482
2018-05-20 11:15,8599
2018-05-20 11:20,8705
2018-05-20 11:25,8767
2018-05-20 11:30,8803
2018-05-20 11:35,8817
2018-05-20 11:40,8895
2018-05-20 11:45,8972
2018-05-20 11:50,9042
2018-05-20 11:55,9060
2018-05-20 12:00,9152
2018-05-20 12:05,9233
2018-05-20 12:10,9314
2018-05-20 12:15,9433
2018-05-20 12:20,9509
2018-05-20 12:25,9589
2018-05-20 12:30,9662
2018-05-20 12:35,9782
2018-05-20 12:40,9874
2018-05-20 12:45,9921
2018-05-20 12:50,10018
2018-05-20 12:55,10065
2018-05-20 13:00,10143
2018-05-20 13:05,10226
2018-05-20 13:10,10307
2018-05-20 13:15,10384
2018-05-20 13:20,10544
2018-05-20 13:25,10596
2018-05-20 13:30,10702
2018-05-20 13:35,10810
2018-05-20 13:40,10908
2018-05-20 13:45,10995
2018-05-20 13:50,11090
2018-05-20 13:55,11190
2018-05-20 14:00,11307
2018-05-20 14:05,11433
2018-05-20 14:10,11488
2018-05-20 14:15,11498
2018-05-20 14:20,11586
2018-05-20 14:25,11635
2018-05-20 14:30,11735
2018-05-20 14:35,11844
2018-05-20 14:40,11928
2018-05-20 14:45,12032
2018-05-20 14:50,12101
2018-05-20 14:55,12152
2018-05-20 15:00,12177
2018-05-20 15:05,12249
2018-05-20 15:10,12355
2018-05-20 15:15,12451
2018-05-20 15:20,12499
2018-05-20 15:25,12554
2018-05-20 15:30,12547
2018-05-20 15:35,12564
2018-05-20 15:40,12652
2018-05-20 15:45,12752
2018-05-20 15:50,12759
2018-05-20 15:55,12881
2018-05-20 16:00,12917
2018-05-20 16:05,12895
2018-05-20 16:10,12920
2018-05-20 16:15,12984
2018-05-20 16:20,13071
2018-05-20 16:25,13183
2018-05-20 16:30,13252
2018-05-20 16:35,13413
2018-05-20 16:40,13538
2018-05-20 16:45,13621
2018-05-20 16:50,13753
2018-05-20 16:55,13795
2018-05-20 17:00,13930
2018-05-20 17:05,14010
2018-05-20 17:10,14032
2018-05-20 17:15,14076
2018-05-20 17:20,14169
2018-05-20 17:25,14295
2018-05-20 17:30,14416
2018-05-20 17:35,14463
2018-05-20 17:40,14578
2018-05-20 17:45,14648
2018-05-20 17:50,14788
2018-05-20 17:55,14884
2018-05-20 18:00,14978
2018-05-20 18:05,15080
2018-05-20 18:10,15234
2018-05-20 18:15,15369
2018-05-20 18:20,15426
2018-05-20 18:25,15465
2018-05-20 18:30,15464
2018-05-20 18:35,15560
2018-05-20 18:40,15625
2018-05-20 18:45,15676
2018-05-20 18:50,15688
2018-05-20 18:55,15793
2018-05-20 19:00,15833
2018-05-20 19:05,15876
2018-05-20 19:10,15931
2018-05-20 19:15,15900
2018-05-20 19:20,15892
2018-05-20 19:25,15880
2018-05-20 19:30,15834
2018-05-20 19:35,15873
2018-05-20 19:40,15875
2018-05-20 19:45,15836
2018-05-20 19:50,15792
2018-05-20 19:55,15741
2018-05-20 20:00,15694
2018-05-20 20:05,15695
2018-05-20 20:10,15696
2018-05-20 20:15,15668
2018-05-20 20:20,15599
2018-05-20 20:25,15561
2018-05-20 20:30,15519
2018-05-20 20:35,15388
2018-05-20 20:40,15267
2018-05-20 20:45,15240
2018-05-20 20:50,15132
2018-05-20 20:55,14970
2018-05-20 21:00,14850
2018-05-20 21:05,14706
2018-05-20 21:10,14565
2018-05-20 21:15,14536
2018-05-20 21:20,14401
2018-05-20 21:25,14246
2018-05-20 21:30,14086
2018-05-20 21:35,14007
2018-05-20 21:40,13870
2018-05-20 21:45,13708
2018-05-20 21:50,13557
2018-05-20 21:55,13435
2018-05-20 22:00,13295
2018-05-20 22:05,13196
2018-05-20 22:10,13003
2018-05-20 22:15,12809
2018-05-20 22:20,12657
2018-05-20 22:25,12537
2018-05-20 22:30,12369
2018-05-20 22:35,12248
2018-05-20 22:40,12175
2018-05-20 22:45,12038
2018-05-20 22:50,11976
2018-05-20 22:55,11879
2018-05-20 23:00,11746
2018-05-20 23:05,11640
2018-05-20 23:10,11605
2018-05-20 23:15,11510
2018-05-20 23:20,11369
2018-05-20 23:25,0
2018-05-20 23:30,11149
2018-05-20 23:35,11047
2018-05-20 23:40,10987
2018-05-20 23:45,10865
2018-05-20 23:50,10730
2018-05-20 23:55,10585
2018-05-21 00:00,10519
2018-05-21 00:05,10472
2018-05-21 00:10,10369
2018-05-21 00:15,10315
2018-05-21 00:20,10275
2018-05-21 00:25,10185
2018-05-21 00:30,10130
2018-05-21 00:35,10078
2018-05-21 00:40,10055
2018-05-21 00:45,9998
2018-05-21 00:50,9983
2018-05-21 00:55,9852
2018-05-21 01:00,9772
2018-05-21 01:05,9688
2018-05-21 01:10,9677
2018-05-21 01:15,9665
2018-05-21 01:20,9696
2018-05-21 01:25,9697
2018-05-21 01:30,9614
2018-05-21 01:35,9644
2018-05-21 01:40,9645
2018-05-21 01:45,9577
2018-05-21 01:50,9507
2018-05-21 01:55,9416
2018-05-21 02:00,9364
2018-05-21 02:05,9325
2018-05-21 02:10,9301
2018-05-21 02:15,9315
2018-05-21 02:20,9312
2018-05-21 02:25,9235
2018-05-21 02:30,9190
2018-05-21 02:35,9124
2018-05-21 02:40,9011
2018-05-21 02:45,8980
2018-05-21 02:50,8802
2018-05-21 02:55,8709
2018-05-21 03:00,8612
2018-05-21 03:05,8514
2018-05-21 03:10,8440
2018-05-21 03:15,8379
2018-05-21 03:20,8304
2018-05-21 03:25,8192
2018-05-21 03:30,8121
2018-05-21 03:35,7984
2018-05-21 03:40,7874
2018-05-21 03:45,7723
2018-05-21 03:50,7595
2018-05-21 03:55,7494
2018-05-21 04:00,7437
2018-05-21 04:05,7375
2018-05-21 04:10,7216
2018-05-21 04:15,7109
2018-05-21 04:20,6999
2018-05-21 04:25,6940
2018-05-21 04:30,6889
2018-05-21 04:35,6800
2018-05-21 04:40,6717
2018-05-21 04:45,6589
2018-05-21 04:50,6520
2018-05-21 04:55,6415
2018-05-21 05:00,6344
2018-05-21 05:05,6286
2018-05-21 05:10,6171
2018-05-21 05:15,6028
2018-05-21 05:20,5932
2018-05-21 05:25,5810
2018-05-21 05:30,5760
2018-05-21 05:35,5657
2018-05-21 05:40,5591
2018-05-21 05:45,5490
2018-05-21 05:50,5433
2018-05-21 05:55,5276
2018-05-21 06:00,5192
2018-05-21 06:05,5100
2018-05-21 06:10,5039
2018-05-21 06:15,4964
2018-05-21 06:20,4931
2018-05-21 06:25,4916
2018-05-21 06:30,4843
2018-05-21 06:35,4767
2018-05-21 06:40,4690
2018-05-21 06:45,4632
2018-05-21 06:50,4618
2018-05-21 06:55,4605
2018-05-21 07:00,4575
2018-05-21 07:05,4497
2018-05-21 07:10,4425
2018-05-21 07:15,4412
2018-05-21 07:20,4345
2018-05-21 07:25,4352
2018-05-21 07:30,4332
2018-05-21 07:35,4293
2018-05-21 07:40,4266
2018-05-21 07:45,4258
2018-05-21 07:50,4242
2018-05-21 07:55,4258
2018-05-21 08:00,4218
2018-05-21 08:05,4214
2018-05-21 08:10,4146
2018-05-21 08:15,4102
2018-05-21 08:20,4113
2018-05-21 08:25,4112
2018-05-21 08:30,4095
2018-05-21 08:35,4121
2018-05-21 08:40,4133
2018-05-21 08:45,4153
2018-05-21 08:50,4126
2018-05-21 08:55,4087
2018-05-21 09:00,4100
2018-05-21 09:05,4234
2018-05-21 09:10,4268
2018-05-21 09:15,4285
2018-05-21 09:20,4374
2018-05-21 09:25,4418
2018-05-21 09:30,4487
2018-05-21 09:35,4572
2018-05-21 09:40,4636
2018-05-21 09:45,4765
2018-05-21 09:50,4779
2018-05-21 09:55,4832
2018-05-21 10:00,4918
2018-05-21 10:05,4983
2018-05-21 10:10,4967
2018-05-21 10:15,5052
2018-05-21 10:20,5084
2018-05-21 10:25,5148
2018-05-21 10:30,5252
2018-05-21 10:35,5255
2018-05-21 10:40,5298
2018-05-21 10:45,5354
2018-05-21 10:50,5390
2018-05-21 10:55,5424
2018-05-21 11:00,5478
2018-05-21 11:05,5544
2018-05-21 11:10,5607
2018-05-21 11:15,5669
2018-05-21 11:20,5686
2018-05-21 11:25,5762
2018-05-21 11:30,5828
2018-05-21 11:35,5884
2018-05-21 11:40,5908
2018-05-21 11:45,5976
2018-05-21 11:50,6077
2018-05-21 11:55,6192
2018-05-21 12:00,6277
2018-05-21 12:05,6359
2018-05-21 12:10,6480
2018-05-21 12:15,6524
2018-05-21 12:20,6612
2018-05-21 12:25,6676
2018-05-21 12:30,6761
2018-05-21 12:35,6841
2018-05-21 12:40,6891
2018-05-21 12:45,6972
2018-05-21 12:50,7132
2018-05-21 12:55,7162
2018-05-21 13:00,7246
2018-05-21 13:05,7342
2018-05-21 13:10,7409
2018-05-21 13:15,7471
2018-05-21 13:20,7581
2018-05-21 13:25,7659
2018-05-21 13:30,7802
2018-05-21 13:35,7873
2018-05-21 13:40,8014
2018-05-21 13:45,8112
2018-05-21 13:50,8193
2018-05-21 13:55,8296
2018-05-21 14:00,8308
2018-05-21 14:05,8434
2018-05-21 14:10,8443
2018-05-21 14:15,8500
2018-05-21 14:20,8575
2018-05-21 14:25,8728
2018-05-21 14:30,8710
2018-05-21 14:35,8740
2018-05-21 14:40,8863
2018-05-21 14:45,8967
2018-05-21 14:50,9014
2018-05-21 14:55,9078
2018-05-21 15:00,9132
2018-05-21 15:05,9175
2018-05-21 15:10,9205
2018-05-21 15:15,9265
2018-05-21 15:20,9319
2018-05-21 15:25,9373
2018-05-21 15:30,9438
2018-05-21 15:35,9499
2018-05-21 15:40,9591
2018-05-21 15:45,9631
2018-05-21 15:50,9702
2018-05-21 15:55,9725
2018-05-21 16:00,9763
2018-05-21 16:05,9848
2018-05-21 16:10,9938
2018-05-21 16:15,10029
2018-05-21 16:20,10132
2018-05-21 16:25,10182
2018-05-21 16:30,10201
2018-05-21 16:35,10335
2018-05-21 16:40,10386
2018-05-21 16:45,10449
2018-05-21 16:50,10503
2018-05-21 16:55,10616
2018-05-21 17:00,10727
2018-05-21 17:05,10757
2018-05-21 17:10,10872
2018-05-21 17:15,10901
2018-05-21 17:20,10950
2018-05-21 17:25,10950
2018-05-21 17:30,11041
2018-05-21 17:35,11239
2018-05-21 17:40,11239
2018-05-21 17:45,11396
2018-05-21 17:50,11537
2018-05-21 17:55,11605
2018-05-21 18:00,11685
2018-05-21 18:05,11736
2018-05-21 18:10,11791
2018-05-21 18:15,11869
2018-05-21 18:20,11884
2018-05-21 18:25,11987
2018-05-21 18:30,12013
2018-05-21 18:35,12083
2018-05-21 18:40,12150
2018-05-21 18:45,12173
2018-05-21 18:50,12224
2018-05-21 18:55,12178
2018-05-21 19:00,12236
2018-05-21 19:05,12327
2018-05-21 19:10,12382
2018-05-21 19:15,12320
2018-05-21 19:20,12336
2018-05-21 19:25,12336
2018-05-21 19:30,12238
2018-05-21 19:35,12164
2018-05-21 19:40,12086
2018-05-21 19:45,12034
2018-05-21 19:50,12053
2018-05-21 19:55,11990
2018-05-21 20:00,11932
2018-05-21 20:05,11921
2018-05-21 20:10,11890
2018-05-21 20:15,11890
2018-05-21 20:20,11808
2018-05-21 20:25,11808
2018-05-21 20:30,11789
2018-05-21 20:35,11722
2018-05-21 20:40,11729
2018-05-21 20:45,11679
2018-05-21 20:50,11603
2018-05-21 20:55,11484
2018-05-21 21:00,11413
2018-05-21 21:05,11300
2018-05-21 21:10,11225
2018-05-21 21:15,11145
2018-05-21 21:20,10990
2018-05-21 21:25,10918
2018-05-21 21:30,10813
2018-05-21 21:35,10695
2018-05-21 21:40,10603
2018-05-21 21:45,10497
2018-05-21 21:50,10458
2018-05-21 21:55,10358
2018-05-21 22:00,10253
2018-05-21 22:05,10132
2018-05-21 22:10,10017
2018-05-21 22:15,9980
2018-05-21 22:20,9872
2018-05-21 22:25,9872
2018-05-21 22:30,9737
2018-05-21 22:35,9618
2018-05-21 22:40,9618
2018-05-21 22:45,9568
2018-05-21 22:50,9536
2018-05-21 22:55,9536
2018-05-21 23:00,9437
2018-05-21 23:05,9320
2018-05-21 23:10,9240
2018-05-21 23:15,9219
2018-05-21 23:20,9229
2018-05-21 23:25,9229
2018-05-21 23:30,9192
2018-05-21 23:35,9118
2018-05-21 23:40,9092
2018-05-21 23:45,9024
2018-05-21 23:50,9002
2018-05-21 23:55,8933
2018-05-22 00:00,8949
2018-05-22 00:05,8881
2018-05-22 00:10,8873
2018-05-22 00:15,8860
2018-05-22 00:20,8833
2018-05-22 00:25,8820
2018-05-22 00:30,8749
2018-05-22 00:35,8763
2018-05-22 00:40,8767
2018-05-22 00:45,8830
2018-05-22 00:50,8772
2018-05-22 00:55,8738
2018-05-22 01:00,8754
2018-05-22 01:05,8666
2018-05-22 01:10,8666
2018-05-22 01:15,8616
2018-05-22 01:20,8626
2018-05-22 01:25,8589
2018-05-22 01:30,8599
2018-05-22 01:35,8597
2018-05-22 01:40,8548
2018-05-22 01:45,8516
2018-05-22 01:50,8506
2018-05-22 01:55,8506
2018-05-22 02:00,8347
2018-05-22 02:05,8347
2018-05-22 02:10,8321
2018-05-22 02:15,8301
2018-05-22 02:20,8219
2018-05-22 02:25,8154
2018-05-22 02:30,8187
2018-05-22 02:35,8158
2018-05-22 02:40,8037
2018-05-22 02:45,8038
2018-05-22 02:50,8054
2018-05-22 02:55,8026
2018-05-22 03:00,7951
2018-05-22 03:05,7825
2018-05-22 03:10,7748
2018-05-22 03:15,7607
2018-05-22 03:20,7535
2018-05-22 03:25,7428
2018-05-22 03:30,7349
2018-05-22 03:35,7244
2018-05-22 03:40,7244
2018-05-22 03:45,7144
2018-05-22 03:50,7012
2018-05-22 03:55,6882
2018-05-22 04:00,6776
2018-05-22 04:05,6594
2018-05-22 04:10,6476
2018-05-22 04:15,6357
2018-05-22 04:20,6268
2018-05-22 04:25,6127
2018-05-22 04:30,6023
2018-05-22 04:35,5926
2018-05-22 04:40,5861
2018-05-22 04:45,5790
2018-05-22 04:50,5622
2018-05-22 04:55,5622
2018-05-22 05:00,5509
2018-05-22 05:05,5425
2018-05-22 05:10,5343
2018-05-22 05:15,5190
2018-05-22 05:20,5156
2018-05-22 05:25,5039
2018-05-22 05:30,4953
2018-05-22 05:35,4902
2018-05-22 05:40,4799
2018-05-22 05:45,4730
2018-05-22 05:50,0
2018-05-22 05:55,4559
2018-05-22 06:00,4457
2018-05-22 06:05,4356
2018-05-22 06:10,4278
2018-05-22 06:15,4247
2018-05-22 06:20,4175
2018-05-22 06:25,4154
2018-05-22 06:30,4094
2018-05-22 06:35,4055
2018-05-22 06:40,3996
2018-05-22 06:45,3925
2018-05-22 06:50,3885
2018-05-22 06:55,3872
2018-05-22 07:00,3850
2018-05-22 07:05,3839
2018-05-22 07:10,3807
2018-05-22 07:15,3793
2018-05-22 07:20,3735
2018-05-22 07:25,3710
2018-05-22 07:30,3701
2018-05-22 07:35,3620
2018-05-22 07:40,3614
2018-05-22 07:45,3613
2018-05-22 07:50,3582
2018-05-22 07:55,3600
2018-05-22 08:00,3567
2018-05-22 08:05,3557
2018-05-22 08:10,3571
2018-05-22 08:15,3509
2018-05-22 08:20,3517
2018-05-22 08:25,3545
2018-05-22 08:30,3561
2018-05-22 08:35,3533
2018-05-22 08:40,3542
2018-05-22 08:45,3556
2018-05-22 08:50,3576
2018-05-22 08:55,3572
2018-05-22 09:00,3592
2018-05-22 09:05,3678
2018-05-22 09:10,3760
2018-05-22 09:15,3785
2018-05-22 09:20,3851
2018-05-22 09:25,3914
2018-05-22 09:30,3973
2018-05-22 09:35,4025
2018-05-22 09:40,4034
2018-05-22 09:45,4091
2018-05-22 09:50,4124
2018-05-22 09:55,4224
2018-05-22 10:00,4249
2018-05-22 10:05,4312
2018-05-22 10:10,4339
2018-05-22 10:15,4408
2018-05-22 10:20,4439
2018-05-22 10:25,4462
2018-05-22 10:30,4513
2018-05-22 10:35,4536
2018-05-22 10:40,4567
2018-05-22 10:45,4624
2018-05-22 10:50,4693
2018-05-22 10:55,4750
2018-05-22 11:00,4702
2018-05-22 11:05,4736
2018-05-22 11:10,4774
2018-05-22 11:15,4840
2018-05-22 11:20,4896
2018-05-22 11:25,4934
2018-05-22 11:30,4989
2018-05-22 11:35,5037
2018-05-22 11:40,5118
2018-05-22 11:45,5209
2018-05-22 11:50,5272
2018-05-22 11:55,5333
2018-05-22 12:00,5440
2018-05-22 12:05,5486
2018-05-22 12:10,5556
2018-05-22 12:15,5583
2018-05-22 12:20,5660
2018-05-22 12:25,5719
2018-05-22 12:30,5799
2018-05-22 12:35,5820
2018-05-22 12:40,5850
2018-05-22 12:45,5950
2018-05-22 12:50,6067
2018-05-22 12:55,6134
2018-05-22 13:00,6166
2018-05-22 13:05,6301
2018-05-22 13:10,6382
2018-05-22 13:15,6451
2018-05-22 13:20,6558
2018-05-22 13:25,6591
2018-05-22 13:30,6685
2018-05-22 13:35,6780
2018-05-22 13:40,6927
2018-05-22 13:45,7071
2018-05-22 13:50,7169
2018-05-22 13:55,7199
2018-05-22 14:00,7285
2018-05-22 14:05,7412
2018-05-22 14:10,7439
2018-05-22 14:15,7528
2018-05-22 14:20,7624
2018-05-22 14:25,7710
2018-05-22 14:30,7756
2018-05-22 14:35,7830
2018-05-22 14:40,7839
2018-05-22 14:45,7852
2018-05-22 14:50,7824
2018-05-22 14:55,7864
2018-05-22 15:00,7916
2018-05-22 15:05,7919
2018-05-22 15:10,7966
2018-05-22 15:15,8103
2018-05-22 15:20,8203
2018-05-22 15:25,8279
2018-05-22 15:30,8451
2018-05-22 15:35,8579
2018-05-22 15:40,8712
2018-05-22 15:45,8765
2018-05-22 15:50,8832
2018-05-22 15:55,8865
2018-05-22 16:00,8937
2018-05-22 16:05,8997
2018-05-22 16:10,9040
2018-05-22 16:15,9117
2018-05-22 16:20,9083
2018-05-22 16:25,9189
2018-05-22 16:30,9208
2018-05-22 16:35,9294
2018-05-22 16:40,9395
2018-05-22 16:45,9466
2018-05-22 16:50,9596
2018-05-22 16:55,9665
2018-05-22 17:00,9767
2018-05-22 17:05,9804
2018-05-22 17:10,9841
2018-05-22 17:15,9978
2018-05-22 17:20,10058
2018-05-22 17:25,10174
2018-05-22 17:30,10255
2018-05-22 17:35,10312
2018-05-22 17:40,10418
2018-05-22 17:45,10517
2018-05-22 17:50,10639
2018-05-22 17:55,10741
2018-05-22 18:00,10775
2018-05-22 18:05,10810
2018-05-22 18:10,10920
2018-05-22 18:15,10931
2018-05-22 18:20,11009
2018-05-22 18:25,11041
2018-05-22 18:30,11064
2018-05-22 18:35,11127
2018-05-22 18:40,11220
2018-05-22 18:45,11261
2018-05-22 18:50,11347
2018-05-22 18:55,11384
2018-05-22 19:00,11390
2018-05-22 19:05,11404
2018-05-22 19:10,11434
2018-05-22 19:15,11421
2018-05-22 19:20,11425
2018-05-22 19:25,11483
2018-05-22 19:30,11483
2018-05-22 19:35,11490
2018-05-22 19:40,11568
2018-05-22 19:45,11598
2018-05-22 19:50,11626
2018-05-22 19:55,11690
2018-05-22 20:00,11698
2018-05-22 20:05,11646
2018-05-22 20:10,11604
2018-05-22 20:15,11555
2018-05-22 20:20,11558
2018-05-22 20:25,11448
2018-05-22 20:30,11431
2018-05-22 20:35,11334
2018-05-22 20:40,11329
2018-05-22 20:45,11294
2018-05-22 20:50,11161
2018-05-22 20:55,11085
2018-05-22 21:00,10956
2018-05-22 21:05,10864
2018-05-22 21:10,10695
2018-05-22 21:15,10593
2018-05-22 21:20,10503
2018-05-22 21:25,10360
2018-05-22 21:30,10292
2018-05-22 21:35,10207
2018-05-22 21:40,10135
2018-05-22 21:45,9975
2018-05-22 21:50,9870
2018-05-22 21:55,9758
2018-05-22 22:00,9607
2018-05-22 22:05,9496
2018-05-22 22:10,9468
2018-05-22 22:15,9353
2018-05-22 22:20,9278
2018-05-22 22:25,9160
2018-05-22 22:30,9153
2018-05-22 22:35,9062
2018-05-22 22:40,9016
2018-05-22 22:45,8935
2018-05-22 22:50,8890
2018-05-22 22:55,8756
2018-05-22 23:00,8746
2018-05-22 23:05,8725
2018-05-22 23:10,8679
2018-05-22 23:15,0
2018-05-22 23:20,8319
2018-05-22 23:25,8363
2018-05-22 23:30,8315
2018-05-22 23:35,8287
2018-05-22 23:40,8282
2018-05-22 23:45,8249
2018-05-22 23:50,8218
2018-05-22 23:55,8286
2018-05-23 00:00,8299
2018-05-23 00:05,8318
2018-05-23 00:10,8309
2018-05-23 00:15,8320
2018-05-23 00:20,8331
2018-05-23 00:25,8308
2018-05-23 00:30,8264
2018-05-23 00:35,8183
2018-05-23 00:40,8155
2018-05-23 00:45,8111
2018-05-23 00:50,8106
2018-05-23 00:55,8117
2018-05-23 01:00,8119
2018-05-23 01:05,8142
2018-05-23 01:10,8092
2018-05-23 01:15,8073
2018-05-23 01:20,8061
2018-05-23 01:25,8066
2018-05-23 01:30,8066
2018-05-23 01:35,8045
2018-05-23 01:40,8026
2018-05-23 01:45,8057
2018-05-23 01:50,8064
2018-05-23 01:55,8069
2018-05-23 02:00,8045
2018-05-23 02:05,7954
2018-05-23 02:10,7945
2018-05-23 02:15,7883
2018-05-23 02:20,7865
2018-05-23 02:25,7868
2018-05-23 02:30,7785
2018-05-23 02:35,7755
2018-05-23 02:40,7753
2018-05-23 02:45,7679
2018-05-23 02:50,7625
2018-05-23 02:55,7566
2018-05-23 03:00,7389
2018-05-23 03:05,7369
2018-05-23 03:10,7289
2018-05-23 03:15,7192
2018-05-23 03:20,7081
2018-05-23 03:25,7018
2018-05-23 03:30,6947
2018-05-23 03:35,6957
2018-05-23 03:40,6836
2018-05-23 03:45,6791
2018-05-23 03:50,6677
2018-05-23 03:55,6547
2018-05-23 04:00,6409
2018-05-23 04:05,6335
2018-05-23 04:10,6263
2018-05-23 04:15,6177
2018-05-23 04:20,6097
2018-05-23 04:25,6015
2018-05-23 04:30,5945
2018-05-23 04:35,5898
2018-05-23 04:40,5853
2018-05-23 04:45,5750
2018-05-23 04:50,5640
2018-05-23 04:55,5572
2018-05-23 05:00,5449
2018-05-23 05:05,5380
2018-05-23 05:10,5236
2018-05-23 05:15,5121
2018-05-23 05:20,5073
2018-05-23 05:25,4998
2018-05-23 05:30,4900
2018-05-23 05:35,4798
2018-05-23 05:40,4754
2018-05-23 05:45,4693
2018-05-23 05:50,4614
2018-05-23 05:55,4532
2018-05-23 06:00,4463
2018-05-23 06:05,4427
2018-05-23 06:10,4348
2018-05-23 06:15,4240
2018-05-23 06:20,4159
2018-05-23 06:25,4114
2018-05-23 06:30,4095
2018-05-23 06:35,4021
2018-05-23 06:40,3992
2018-05-23 06:45,3933
2018-05-23 06:50,3881
2018-05-23 06:55,3830
2018-05-23 07:00,3818
2018-05-23 07:05,3759
2018-05-23 07:10,3699
2018-05-23 07:15,3682
2018-05-23 07:20,3680
2018-05-23 07:25,3656
2018-05-23 07:30,3627
2018-05-23 07:35,3605
2018-05-23 07:40,3582
2018-05-23 07:45,3532
2018-05-23 07:50,3546
2018-05-23 07:55,3531
2018-05-23 08:00,3513
2018-05-23 08:05,3507
2018-05-23 08:10,3526
2018-05-23 08:15,3551
2018-05-23 08:20,3532
2018-05-23 08:25,3562
2018-05-23 08:30,3630
2018-05-23 08:35,3615
2018-05-23 08:40,3609
2018-05-23 08:45,3599
2018-05-23 08:50,3591
2018-05-23 08:55,3636
2018-05-23 09:00,3668
2018-05-23 09:05,3721
2018-05-23 09:10,3796
2018-05-23 09:15,3820
2018-05-23 09:20,3888
2018-05-23 09:25,3907
2018-05-23 09:30,3942
2018-05-23 09:35,3982
2018-05-23 09:40,3990
2018-05-23 09:45,4035
2018-05-23 09:50,4092
2018-05-23 09:55,4098
2018-05-23 10:00,4132
2018-05-23 10:05,4164
2018-05-23 10:10,4193
2018-05-23 10:15,4249
2018-05-23 10:20,4286
2018-05-23 10:25,4273
2018-05-23 10:30,4363
2018-05-23 10:35,4422
2018-05-23 10:40,4440
2018-05-23 10:45,4457
2018-05-23 10:50,4502
2018-05-23 10:55,4562
2018-05-23 11:00,4608
2018-05-23 11:05,4639
2018-05-23 11:10,4704
2018-05-23 11:15,4752
2018-05-23 11:20,4808
2018-05-23 11:25,4850
2018-05-23 11:30,4943
2018-05-23 11:35,5031
2018-05-23 11:40,5088
2018-05-23 11:45,5121
2018-05-23 11:50,5233
2018-05-23 11:55,5326
2018-05-23 12:00,5423
2018-05-23 12:05,5434
2018-05-23 12:10,5501
2018-05-23 12:15,5593
2018-05-23 12:20,5608
2018-05-23 12:25,5706
2018-05-23 12:30,5771
2018-05-23 12:35,5893
2018-05-23 12:40,5955
2018-05-23 12:45,6039
2018-05-23 12:50,6092
2018-05-23 12:55,6117
2018-05-23 13:00,6209
2018-05-23 13:05,6264
2018-05-23 13:10,6347
2018-05-23 13:15,6460
2018-05-23 13:20,6545
2018-05-23 13:25,6620
2018-05-23 13:30,6713
2018-05-23 13:35,6801
2018-05-23 13:40,6911
2018-05-23 13:45,6952
2018-05-23 13:50,7038
2018-05-23 13:55,7105
2018-05-23 14:00,7199
2018-05-23 14:05,7207
2018-05-23 14:10,7289
2018-05-23 14:15,7351
2018-05-23 14:20,7491
2018-05-23 14:25,7551
2018-05-23 14:30,7649
2018-05-23 14:35,7697
2018-05-23 14:40,7698
2018-05-23 14:45,7753
2018-05-23 14:50,7826
2018-05-23 14:55,7881
2018-05-23 15:00,7940
2018-05-23 15:05,7985
2018-05-23 15:10,8053
2018-05-23 15:15,8094
2018-05-23 15:20,8168
2018-05-23 15:25,8249
2018-05-23 15:30,8274
2018-05-23 15:35,8365
2018-05-23 15:40,8425
2018-05-23 15:45,8492
2018-05-23 15:50,8593
2018-05-23 15:55,8722
2018-05-23 16:00,8763
2018-05-23 16:05,8802
2018-05-23 16:10,8908
2018-05-23 16:15,8927
2018-05-23 16:20,9063
2018-05-23 16:25,9095
2018-05-23 16:30,9149
2018-05-23 16:35,9255
2018-05-23 16:40,9291
2018-05-23 16:45,9402
2018-05-23 16:50,9431
2018-05-23 16:55,9535
2018-05-23 17:00,9620
2018-05-23 17:05,9688
2018-05-23 17:10,9726
2018-05-23 17:15,9807
2018-05-23 17:20,9888
2018-05-23 17:25,9928
2018-05-23 17:30,10026
2018-05-23 17:35,10089
2018-05-23 17:40,10223
2018-05-23 17:45,10331
2018-05-23 17:50,10410
2018-05-23 17:55,10473
2018-05-23 18:00,10530
2018-05-23 18:05,10630
2018-05-23 18:10,10689
2018-05-23 18:15,10777
2018-05-23 18:20,10818
2018-05-23 18:25,10946
2018-05-23 18:30,10956
2018-05-23 18:35,11014
2018-05-23 18:40,11022
2018-05-23 18:45,11037
2018-05-23 18:50,11123
2018-05-23 18:55,11198
2018-05-23 19:00,11286
2018-05-23 19:05,11283
2018-05-23 19:10,11284
2018-05-23 19:15,11372
2018-05-23 19:20,11369
2018-05-23 19:25,11380
2018-05-23 19:30,11444
2018-05-23 19:35,11399
2018-05-23 19:40,11446
2018-05-23 19:45,11429
2018-05-23 19:50,11427
2018-05-23 19:55,11350
2018-05-23 20:00,11267
2018-05-23 20:05,11164
2018-05-23 20:10,11083
2018-05-23 20:15,11015
2018-05-23 20:20,10928
2018-05-23 20:25,10895
2018-05-23 20:30,10863
2018-05-23 20:35,10750
2018-05-23 20:40,10788
2018-05-23 20:45,10765
2018-05-23 20:50,10740
2018-05-23 20:55,10654
2018-05-23 21:00,10541
2018-05-23 21:05,10463
2018-05-23 21:10,10400
2018-05-23 21:15,10250
2018-05-23 21:20,10238
2018-05-23 21:25,10166
2018-05-23 21:30,10123
2018-05-23 21:35,10048
2018-05-23 21:40,9937
2018-05-23 21:45,9852
2018-05-23 21:50,9799
2018-05-23 21:55,9657
2018-05-23 22:00,9578
2018-05-23 22:05,9526
2018-05-23 22:10,9339
2018-05-23 22:15,9280
2018-05-23 22:20,9249
2018-05-23 22:25,9176
2018-05-23 22:30,9167
2018-05-23 22:35,9051
2018-05-23 22:40,9021
2018-05-23 22:45,8956
2018-05-23 22:50,8891
2018-05-23 22:55,8794
2018-05-23 23:00,8762
2018-05-23 23:05,8697
2018-05-23 23:10,8674
2018-05-23 23:15,8656
2018-05-23 23:20,8649
2018-05-23 23:25,8601
2018-05-23 23:30,8532
2018-05-23 23:35,8446
2018-05-23 23:40,8476
2018-05-23 23:45,8470
2018-05-23 23:50,8387
2018-05-23 23:55,8373
2018-05-24 00:00,8326
2018-05-24 00:05,8273
2018-05-24 00:10,8301
2018-05-24 00:15,8263
2018-05-24 00:20,8221
2018-05-24 00:25,8213
2018-05-24 00:30,8198
2018-05-24 00:35,8217
2018-05-24 00:40,8222
2018-05-24 00:45,8203
2018-05-24 00:50,8149
2018-05-24 00:55,8166
2018-05-24 01:00,8143
2018-05-24 01:05,8210
2018-05-24 01:10,8186
2018-05-24 01:15,8198
2018-05-24 01:20,8189
2018-05-24 01:25,8215
2018-05-24 01:30,8244
2018-05-24 01:35,8146
2018-05-24 01:40,8091
2018-05-24 01:45,8104
2018-05-24 01:50,8072
2018-05-24 01:55,8081
2018-05-24 02:00,8086
2018-05-24 02:05,8058
2018-05-24 02:10,7884
2018-05-24 02:15,
2018-05-24 02:20,7683
2018-05-24 02:25,7765
2018-05-24 02:30,7691
2018-05-24 02:35,7647
2018-05-24 02:40,7600
2018-05-24 02:45,7538
2018-05-24 02:50,7522
2018-05-24 02:55,7444
2018-05-24 03:00,7377
2018-05-24 03:05,7315
2018-05-24 03:10,7185
2018-05-24 03:15,7140
2018-05-24 03:20,7098
2018-05-24 03:25,7056
2018-05-24 03:30,7004
2018-05-24 03:35,6960
2018-05-24 03:40,6883
2018-05-24 03:45,6795
2018-05-24 03:50,6707
2018-05-24 03:55,6664
2018-05-24 04:00,6552
2018-05-24 04:05,6469
2018-05-24 04:10,6409
2018-05-24 04:15,6368
2018-05-24 04:20,6257
2018-05-24 04:25,6182
2018-05-24 04:30,6101
2018-05-24 04:35,5960
2018-05-24 04:40,5821
2018-05-24 04:45,5781
2018-05-24 04:50,0
2018-05-24 04:55,5667
2018-05-24 05:00,5562
2018-05-24 05:05,5453
2018-05-24 05:10,5394
2018-05-24 05:15,5311
2018-05-24 05:20,5189
2018-05-24 05:25,5075
2018-05-24 05:30,4985
2018-05-24 05:35,4849
2018-05-24 05:40,4776
2018-05-24 05:45,4685
2018-05-24 05:50,4592
2018-05-24 05:55,4544
2018-05-24 06:00,4443
2018-05-24 06:05,4380
2018-05-24 06:10,4309
2018-05-24 06:15,4230
2018-05-24 06:20,4219
2018-05-24 06:25,4196
2018-05-24 06:30,4112
2018-05-24 06:35,4071
2018-05-24 06:40,4038
2018-05-24 06:45,4014
2018-05-24 06:50,4007
2018-05-24 06:55,3947
2018-05-24 07:00,3910
2018-05-24 07:05,3865
2018-05-24 07:10,3844
2018-05-24 07:15,3817
2018-05-24 07:20,3795
2018-05-24 07:25,3793
2018-05-24 07:30,3769
2018-05-24 07:35,3727
2018-05-24 07:40,3677
2018-05-24 07:45,3664
2018-05-24 07:50,3631
2018-05-24 07:55,3608
2018-05-24 08:00,3608
2018-05-24 08:05,3586
2018-05-24 08:10,3581
2018-05-24 08:15,3613
2018-05-24 08:20,3592
2018-05-24 08:25,3597
2018-05-24 08:30,3623
2018-05-24 08:35,3639
2018-05-24 08:40,3640
2018-05-24 08:45,3687
2018-05-24 08:50,3670
2018-05-24 08:55,3649
2018-05-24 09:00,3656
2018-05-24 09:05,3722
2018-05-24 09:10,3727
2018-05-24 09:15,3765
2018-05-24 09:20,3835
2018-05-24 09:25,3882
2018-05-24 09:30,3897
2018-05-24 09:35,3937
2018-05-24 09:40,3988
2018-05-24 09:45,4023
2018-05-24 09:50,4009
2018-05-24 09:55,4021
2018-05-24 10:00,4039
2018-05-24 10:05,4032
2018-05-24 10:10,4088
2018-05-24 10:15,4115
2018-05-24 10:20,4126
2018-05-24 10:25,4184
2018-05-24 10:30,4192
2018-05-24 10:35,4241
2018-05-24 10:40,4280
2018-05-24 10:45,4306
2018-05-24 10:50,4312
2018-05-24 10:55,4376
2018-05-24 11:00,4411
2018-05-24 11:05,4468
2018-05-24 11:10,4519
2018-05-24 11:15,4600
2018-05-24 11:20,4627
2018-05-24 11:25,4667
2018-05-24 11:30,4700
2018-05-24 11:35,4751
2018-05-24 11:40,4826
2018-05-24 11:45,4877
2018-05-24 11:50,4944
2018-05-24 11:55,4993
2018-05-24 12:00,5043
2018-05-24 12:05,5092
2018-05-24 12:10,5131
2018-05-24 12:15,5202
2018-05-24 12:20,5281
2018-05-24 12:25,5280
2018-05-24 12:30,5343
2018-05-24 12:35,5395
2018-05-24 12:40,5471
2018-05-24 12:45,5555
2018-05-24 12:50,5595
2018-05-24 12:55,5629
2018-05-24 13:00,5724
2018-05-24 13:05,5836
2018-05-24 13:10,5955
2018-05-24 13:15,6106
2018-05-24 13:20,6180
2018-05-24 13:25,6285
2018-05-24 13:30,6357
2018-05-24 13:35,6426
2018-05-24 13:40,6530
2018-05-24 13:45,6641
2018-05-24 13:50,6758
2018-05-24 13:55,6844
2018-05-24 14:00,6900
2018-05-24 14:05,7000
2018-05-24 14:10,7089
2018-05-24 14:15,7123
2018-05-24 14:20,7136
2018-05-24 14:25,7231
2018-05-24 14:30,7286
2018-05-24 14:35,7349
2018-05-24 14:40,7358
2018-05-24 14:45,7378
2018-05-24 14:50,7468
2018-05-24 14:55,7567
2018-05-24 15:00,7657
2018-05-24 15:05,7744
2018-05-24 15:10,7789
2018-05-24 15:15,7869
2018-05-24 15:20,7922
2018-05-24 15:25,7958
2018-05-24 15:30,8050
2018-05-24 15:35,8113
2018-05-24 15:40,8198
2018-05-24 15:45,8252
2018-05-24 15:50,8339
2018-05-24 15:55,8370
2018-05-24 16:00,8470
2018-05-24 16:05,8601
2018-05-24 16:10,8634
2018-05-24 16:15,8683
2018-05-24 16:20,8773
2018-05-24 16:25,8893
2018-05-24 16:30,8983
2018-05-24 16:35,9119
2018-05-24 16:40,9153
2018-05-24 16:45,9301
2018-05-24 16:50,9376
2018-05-24 16:55,9393
2018-05-24 17:00,9459
2018-05-24 17:05,9471
2018-05-24 17:10,9575
2018-05-24 17:15,9660
2018-05-24 17:20,9728
2018-05-24 17:25,9824
2018-05-24 17:30,9895
2018-05-24 17:35,9902
2018-05-24 17:40,9940
2018-05-24 17:45,9975
2018-05-24 17:50,10043
2018-05-24 17:55,10092
2018-05-24 18:00,10206
2018-05-24 18:05,10282
2018-05-24 18:10,10360
2018-05-24 18:15,10407
2018-05-24 18:20,10493
2018-05-24 18:25,10526
2018-05-24 18:30,10637
2018-05-24 18:35,10767
2018-05-24 18:40,10828
2018-05-24 18:45,10860
2018-05-24 18:50,10895
2018-05-24 18:55,10893
2018-05-24 19:00,10957
2018-05-24 19:05,10985
2018-05-24 19:10,10997
2018-05-24 19:15,10999
2018-05-24 19:20,10998
2018-05-24 19:25,10988
2018-05-24 19:30,11019
2018-05-24 19:35,11089
2018-05-24 19:40,11065
2018-05-24 19:45,11097
2018-05-24 19:50,11137
2018-05-24 19:55,11129
2018-05-24 20:00,11039
2018-05-24 20:05,10953
2018-05-24 20:10,10980
2018-05-24 20:15,10901
2018-05-24 20:20,10763
2018-05-24 20:25,10745
2018-05-24 20:30,10686
2018-05-24 20:35,10655
2018-05-24 20:40,10597
2018-05-24 20:45,10545
2018-05-24 20:50,10453
2018-05-24 20:55,10359
2018-05-24 21:00,10283
2018-05-24 21:05,10141
2018-05-24 21:10,10054
2018-05-24 21:15,9924
2018-05-24 21:20,9884
2018-05-24 21:25,9796
2018-05-24 21:30,9767
2018-05-24 21:35,9673
2018-05-24 21:40,9596
2018-05-24 21:45,9522
2018-05-24 21:50,9441
2018-05-24 21:55,9381
2018-05-24 22:00,9305
2018-05-24 22:05,9264
2018-05-24 22:10,9208
2018-05-24 22:15,9078
2018-05-24 22:20,9061
2018-05-24 22:25,8984
2018-05-24 22:30,8975
2018-05-24 22:35,8975
2018-05-24 22:40,8806
2018-05-24 22:45,8799
2018-05-24 22:50,8799
2018-05-24 22:55,8778
2018-05-24 23:00,8575
2018-05-24 23:05,8488
2018-05-24 23:10,
2018-05-24 23:15,
2018-05-24 23:20,
2018-05-24 23:25,7931
2018-05-24 23:30,7943
2018-05-24 23:35,7906
2018-05-24 23:40,7887
2018-05-24 23:45,7763
2018-05-24 23:50,7727
2018-05-24 23:55,7827
2018-05-25 00:00,7881
2018-05-25 00:05,7851
2018-05-25 00:10,7796
2018-05-25 00:15,7789
2018-05-25 00:20,7777
2018-05-25 00:25,7773
2018-05-25 00:30,7783
2018-05-25 00:35,7701
2018-05-25 00:40,7733
2018-05-25 00:45,7763
2018-05-25 00:50,7756
2018-05-25 00:55,7852
2018-05-25 01:00,7784
2018-05-25 01:05,7815
2018-05-25 01:10,7784
2018-05-25 01:15,7753
2018-05-25 01:20,7819
2018-05-25 01:25,7822
2018-05-25 01:30,7817
2018-05-25 01:35,7795
2018-05-25 01:40,7751
2018-05-25 01:45,7763
2018-05-25 01:50,7657
2018-05-25 01:55,7618
2018-05-25 02:00,7654
2018-05-25 02:05,7609
2018-05-25 02:10,7635
2018-05-25 02:15,7626
2018-05-25 02:20,7611
2018-05-25 02:25,7534
2018-05-25 02:30,7504
2018-05-25 02:35,7497
2018-05-25 02:40,7447
2018-05-25 02:45,7424
2018-05-25 02:50,7402
2018-05-25 02:55,7400
2018-05-25 03:00,7359
2018-05-25 03:05,7305
2018-05-25 03:10,7231
2018-05-25 03:15,7132
2018-05-25 03:20,7043
2018-05-25 03:25,6987
2018-05-25 03:30,6909
2018-05-25 03:35,6829
2018-05-25 03:40,6833
2018-05-25 03:45,6747
2018-05-25 03:50,6711
2018-05-25 03:55,6665
2018-05-25 04:00,6567
2018-05-25 04:05,6482
2018-05-25 04:10,6526
2018-05-25 04:15,6452
2018-05-25 04:20,6355
2018-05-25 04:25,6294
2018-05-25 04:30,6206
2018-05-25 04:35,6172
2018-05-25 04:40,6097
2018-05-25 04:45,5981
2018-05-25 04:50,5911
2018-05-25 04:55,5804
2018-05-25 05:00,5697
2018-05-25 05:05,5595
2018-05-25 05:10,5505
2018-05-25 05:15,5443
2018-05-25 05:20,5345
2018-05-25 05:25,5245
2018-05-25 05:30,5131
2018-05-25 05:35,5045
2018-05-25 05:40,4960
2018-05-25 05:45,4884
2018-05-25 05:50,4796
2018-05-25 05:55,4730
2018-05-25 06:00,4676
2018-05-25 06:05,4586
2018-05-25 06:10,4530
2018-05-25 06:15,4405
2018-05-25 06:20,4335
2018-05-25 06:25,4311
2018-05-25 06:30,4258
2018-05-25 06:35,4271
2018-05-25 06:40,4200
2018-05-25 06:45,4128
2018-05-25 06:50,4102
2018-05-25 06:55,4042
2018-05-25 07:00,3995
2018-05-25 07:05,3941
2018-05-25 07:10,3907
2018-05-25 07:15,3895
2018-05-25 07:20,3828
2018-05-25 07:25,3794
2018-05-25 07:30,3776
2018-05-25 07:35,3747
2018-05-25 07:40,3718
2018-05-25 07:45,3711
2018-05-25 07:50,3679
2018-05-25 07:55,3681
2018-05-25 08:00,3728
2018-05-25 08:05,3683
2018-05-25 08:10,3726
2018-05-25 08:15,3730
2018-05-25 08:20,3718
2018-05-25 08:25,3690
2018-05-25 08:30,3721
2018-05-25 08:35,3740
2018-05-25 08:40,3733
2018-05-25 08:45,3750
2018-05-25 08:50,3745
2018-05-25 08:55,3801
2018-05-25 09:00,3764
2018-05-25 09:05,3766
2018-05-25 09:10,3803
2018-05-25 09:15,3832
2018-05-25 09:20,3871
2018-05-25 09:25,3981
2018-05-25 09:30,3983
2018-05-25 09:35,4000
2018-05-25 09:40,4054
2018-05-25 09:45,4096
2018-05-25 09:50,4129
2018-05-25 09:55,4209
2018-05-25 10:00,4218
2018-05-25 10:05,4236
2018-05-25 10:10,4299
2018-05-25 10:15,4355
2018-05-25 10:20,4344
2018-05-25 10:25,4406
2018-05-25 10:30,4420
2018-05-25 10:35,4452
2018-05-25 10:40,4490
2018-05-25 10:45,4567
2018-05-25 10:50,4582
2018-05-25 10:55,4638
2018-05-25 11:00,4705
2018-05-25 11:05,4746
2018-05-25 11:10,4805
2018-05-25 11:15,4883
2018-05-25 11:20,4880
2018-05-25 11:25,4923
2018-05-25 11:30,4978
2018-05-25 11:35,5030
2018-05-25 11:40,5146
2018-05-25 11:45,5186
2018-05-25 11:50,5215
2018-05-25 11:55,5267
2018-05-25 12:00,5333
2018-05-25 12:05,5375
2018-05-25 12:10,5482
2018-05-25 12:15,5524
2018-05-25 12:20,5606
2018-05-25 12:25,5706
2018-05-25 12:30,5761
2018-05-25 12:35,5800
2018-05-25 12:40,5905
2018-05-25 12:45,5998
2018-05-25 12:50,6071
2018-05-25 12:55,6124
2018-05-25 13:00,6211
2018-05-25 13:05,6282
2018-05-25 13:10,6350
2018-05-25 13:15,6474
2018-05-25 13:20,6543
2018-05-25 13:25,6612
2018-05-25 13:30,6697
2018-05-25 13:35,6758
2018-05-25 13:40,6839
2018-05-25 13:45,6955
2018-05-25 13:50,7024
2018-05-25 13:55,7131
2018-05-25 14:00,7253
2018-05-25 14:05,7287
2018-05-25 14:10,7418
2018-05-25 14:15,7446
2018-05-25 14:20,7519
2018-05-25 14:25,7515
2018-05-25 14:30,7630
2018-05-25 14:35,7684
2018-05-25 14:40,7777
2018-05-25 14:45,7839
2018-05-25 14:50,7999
2018-05-25 14:55,8069
2018-05-25 15:00,8146
2018-05-25 15:05,8204
2018-05-25 15:10,8265
2018-05-25 15:15,8331
2018-05-25 15:20,8419
2018-05-25 15:25,8483
2018-05-25 15:30,8461
2018-05-25 15:35,8576
2018-05-25 15:40,8652
2018-05-25 15:45,8638
2018-05-25 15:50,8697
2018-05-25 15:55,8761
2018-05-25 16:00,8815
2018-05-25 16:05,8789
2018-05-25 16:10,8896
2018-05-25 16:15,9012
2018-05-25 16:20,9074
2018-05-25 16:25,9090
2018-05-25 16:30,9218
2018-05-25 16:35,9247
2018-05-25 16:40,9303
2018-05-25 16:45,9421
2018-05-25 16:50,9517
2018-05-25 16:55,9570
2018-05-25 17:00,9629
2018-05-25 17:05,9699
2018-05-25 17:10,9689
2018-05-25 17:15,9673
2018-05-25 17:20,9716
2018-05-25 17:25,9769
2018-05-25 17:30,9891
2018-05-25 17:35,9946
2018-05-25 17:40,9960
2018-05-25 17:45,0
2018-05-25 17:50,10096
2018-05-25 17:55,10188
2018-05-25 18:00,10264
2018-05-25 18:05,10339
2018-05-25 18:10,10366
2018-05-25 18:15,10428
2018-05-25 18:20,10519
2018-05-25 18:25,10584
2018-05-25 18:30,10678
2018-05-25 18:35,10752
2018-05-25 18:40,10762
2018-05-25 18:45,10740
2018-05-25 18:50,10779
2018-05-25 18:55,10819
2018-05-25 19:00,10948
2018-05-25 19:05,10941
2018-05-25 19:10,10951
2018-05-25 19:15,11002
2018-05-25 19:20,11046
2018-05-25 19:25,11220
2018-05-25 19:30,11333
2018-05-25 19:35,11383
2018-05-25 19:40,11499
2018-05-25 19:45,11461
2018-05-25 19:50,11425
2018-05-25 19:55,11480
2018-05-25 20:00,11507
2018-05-25 20:05,11588
2018-05-25 20:10,11583
2018-05-25 20:15,11593
2018-05-25 20:20,11601
2018-05-25 20:25,11556
2018-05-25 20:30,11657
2018-05-25 20:35,11638
2018-05-25 20:40,11633
2018-05-25 20:45,11518
2018-05-25 20:50,11510
2018-05-25 20:55,11454
2018-05-25 21:00,11368
2018-05-25 21:05,11272
2018-05-25 21:10,11232
2018-05-25 21:15,11149
2018-05-25 21:20,11089
2018-05-25 21:25,11091
2018-05-25 21:30,11054
2018-05-25 21:35,11007
2018-05-25 21:40,10922
2018-05-25 21:45,10862
2018-05-25 21:50,10829
2018-05-25 21:55,10719
2018-05-25 22:00,10608
2018-05-25 22:05,10539
2018-05-25 22:10,10475
2018-05-25 22:15,10393
2018-05-25 22:20,10297
2018-05-25 22:25,10176
2018-05-25 22:30,10118
2018-05-25 22:35,10099
2018-05-25 22:40,10050
2018-05-25 22:45,9974
2018-05-25 22:50,9919
2018-05-25 22:55,9843
2018-05-25 23:00,9802
2018-05-25 23:05,9718
2018-05-25 23:10,9592
2018-05-25 23:15,9476
2018-05-25 23:20,9387
2018-05-25 23:25,9302
2018-05-25 23:30,9229
2018-05-25 23:35,9148
2018-05-25 23:40,9054
2018-05-25 23:45,8991
2018-05-25 23:50,8880
2018-05-25 23:55,8798
2018-05-26 00:00,8727
2018-05-26 00:05,8701
2018-05-26 00:10,8632
2018-05-26 00:15,8540
2018-05-26 00:20,8516
2018-05-26 00:25,8478
2018-05-26 00:30,8486
2018-05-26 00:35,8402
2018-05-26 00:40,8319
2018-05-26 00:45,8296
2018-05-26 00:50,8261
2018-05-26 00:55,8176
2018-05-26 01:00,8129
2018-05-26 01:05,8125
2018-05-26 01:10,8101
2018-05-26 01:15,8060
2018-05-26 01:20,8031
2018-05-26 01:25,8039
2018-05-26 01:30,7995
2018-05-26 01:35,8028
2018-05-26 01:40,8040
2018-05-26 01:45,8038
2018-05-26 01:50,8044
2018-05-26 01:55,8019
2018-05-26 02:00,7990
2018-05-26 02:05,7985
2018-05-26 02:10,7985
2018-05-26 02:15,8004
2018-05-26 02:20,7983
2018-05-26 02:25,8005
2018-05-26 02:30,7992
2018-05-26 02:35,7984
2018-05-26 02:40,7961
2018-05-26 02:45,7958
2018-05-26 02:50,7902
2018-05-26 02:55,7870
2018-05-26 03:00,7876
2018-05-26 03:05,7798
2018-05-26 03:10,7800
2018-05-26 03:15,7770
2018-05-26 03:20,7720
2018-05-26 03:25,7675
2018-05-26 03:30,7665
2018-05-26 03:35,7622
2018-05-26 03:40,7533
2018-05-26 03:45,7508
2018-05-26 03:50,7434
2018-05-26 03:55,7464
2018-05-26 04:00,7398
2018-05-26 04:05,7375
2018-05-26 04:10,7317
2018-05-26 04:15,7325
2018-05-26 04:20,7222
2018-05-26 04:25,7181
2018-05-26 04:30,7143
2018-05-26 04:35,7121
2018-05-26 04:40,7041
2018-05-26 04:45,6876
2018-05-26 04:50,6813
2018-05-26 04:55,6766
2018-05-26 05:00,6709
2018-05-26 05:05,6648
2018-05-26 05:10,6567
2018-05-26 05:15,6504
2018-05-26 05:20,6423
2018-05-26 05:25,6353
2018-05-26 05:30,6232
2018-05-26 05:35,6216
2018-05-26 05:40,6156
2018-05-26 05:45,6059
2018-05-26 05:50,5970
2018-05-26 05:55,5881
2018-05-26 06:00,5810
2018-05-26 06:05,5665
2018-05-26 06:10,5601
2018-05-26 06:15,5577
2018-05-26 06:20,5491
2018-05-26 06:25,5439
2018-05-26 06:30,5422
2018-05-26 06:35,5374
2018-05-26 06:40,5338
2018-05-26 06:45,5249
2018-05-26 06:50,5166
2018-05-26 06:55,5125
2018-05-26 07:00,5024
2018-05-26 07:05,4975
2018-05-26 07:10,4935
2018-05-26 07:15,4906
2018-05-26 07:20,4871
2018-05-26 07:25,4928
2018-05-26 07:30,4926
2018-05-26 07:35,4937
2018-05-26 07:40,4922
2018-05-26 07:45,4918
2018-05-26 07:50,4916
2018-05-26 07:55,4916
2018-05-26 08:00,4929
2018-05-26 08:05,4886
2018-05-26 08:10,4894
2018-05-26 08:15,4978
2018-05-26 08:20,4958
2018-05-26 08:25,4992
2018-05-26 08:30,5015
2018-05-26 08:35,5017
2018-05-26 08:40,5003
2018-05-26 08:45,4977
2018-05-26 08:50,4991
2018-05-26 08:55,4979
2018-05-26 09:00,4996
2018-05-26 09:05,5092
2018-05-26 09:10,5215
2018-05-26 09:15,5283
2018-05-26 09:20,5399
2018-05-26 09:25,5430
2018-05-26 09:30,5478
2018-05-26 09:35,5554
2018-05-26 09:40,5611
2018-05-26 09:45,5730
2018-05-26 09:50,5756
2018-05-26 09:55,5775
2018-05-26 10:00,5871
2018-05-26 10:05,5951
2018-05-26 10:10,5942
2018-05-26 10:15,5999
2018-05-26 10:20,6071
2018-05-26 10:25,6122
2018-05-26 10:30,6182
2018-05-26 10:35,6225
2018-05-26 10:40,6191
2018-05-26 10:45,6264
2018-05-26 10:50,6364
2018-05-26 10:55,6379
2018-05-26 11:00,0
2018-05-26 11:05,6456
2018-05-26 11:10,6529
2018-05-26 11:15,6580
2018-05-26 11:20,6608
2018-05-26 11:25,6647
2018-05-26 11:30,6724
2018-05-26 11:35,6776
2018-05-26 11:40,6810
2018-05-26 11:45,6821
2018-05-26 11:50,6920
2018-05-26 11:55,6974
2018-05-26 12:00,7028
2018-05-26 12:05,7152
2018-05-26 12:10,7217
2018-05-26 12:15,7284
2018-05-26 12:20,7307
2018-05-26 12:25,7361
2018-05-26 12:30,7461
2018-05-26 12:35,7571
2018-05-26 12:40,7673
2018-05-26 12:45,7746
2018-05-26 12:50,7796
2018-05-26 12:55,7836
2018-05-26 13:00,7870
2018-05-26 13:05,7951
2018-05-26 13:10,8058
2018-05-26 13:15,8141
2018-05-26 13:20,8196
2018-05-26 13:25,8240
2018-05-26 13:30,8344
2018-05-26 13:35,8323
2018-05-26 13:40,8389
2018-05-26 13:45,8445
2018-05-26 13:50,8507
2018-05-26 13:55,8619
2018-05-26 14:00,8731
2018-05-26 14:05,8818
2018-05-26 14:10,8855
2018-05-26 14:15,8927
2018-05-26 14:20,8983
2018-05-26 14:25,8984
2018-05-26 14:30,9113
2018-05-26 14:35,9152
2018-05-26 14:40,9219
2018-05-26 14:45,9270
2018-05-26 14:50,9382
2018-05-26 14:55,9465
2018-05-26 15:00,9516
2018-05-26 15:05,9502
2018-05-26 15:10,9530
2018-05-26 15:15,9551
2018-05-26 15:20,9601
2018-05-26 15:25,9674
2018-05-26 15:30,9722
2018-05-26 15:35,9737
2018-05-26 15:40,9792
2018-05-26 15:45,9815
2018-05-26 15:50,9951
2018-05-26 15:55,10022
2018-05-26 16:00,9988
2018-05-26 16:05,10009
2018-05-26 16:10,10063
2018-05-26 16:15,10126
2018-05-26 16:20,10144
2018-05-26 16:25,10208
2018-05-26 16:30,10262
2018-05-26 16:35,10334
2018-05-26 16:40,10310
2018-05-26 16:45,10336
2018-05-26 16:50,10408
2018-05-26 16:55,10375
2018-05-26 17:00,10379
2018-05-26 17:05,10416
2018-05-26 17:10,10466
2018-05-26 17:15,10588
2018-05-26 17:20,10617
2018-05-26 17:25,10703
2018-05-26 17:30,10794
2018-05-26 17:35,10859
2018-05-26 17:40,10899
2018-05-26 17:45,11066
2018-05-26 17:50,11188
2018-05-26 17:55,11289
2018-05-26 18:00,11290
2018-05-26 18:05,11323
2018-05-26 18:10,11322
2018-05-26 18:15,11367
2018-05-26 18:20,11389
2018-05-26 18:25,11382
2018-05-26 18:30,11358
2018-05-26 18:35,11306
2018-05-26 18:40,11354
2018-05-26 18:45,11313
2018-05-26 18:50,11333
2018-05-26 18:55,11295
2018-05-26 19:00,11314
2018-05-26 19:05,11272
2018-05-26 19:10,11326
2018-05-26 19:15,11293
2018-05-26 19:20,11307
2018-05-26 19:25,11360
2018-05-26 19:30,11393
2018-05-26 19:35,11427
2018-05-26 19:40,11465
2018-05-26 19:45,11502
2018-05-26 19:50,11565
2018-05-26 19:55,11643
2018-05-26 20:00,11636
2018-05-26 20:05,11628
2018-05-26 20:10,11592
2018-05-26 20:15,11601
2018-05-26 20:20,11550
2018-05-26 20:25,11497
2018-05-26 20:30,11500
2018-05-26 20:35,11465
2018-05-26 20:40,11494
2018-05-26 20:45,11469
2018-05-26 20:50,11557
2018-05-26 20:55,11581
2018-05-26 21:00,11552
2018-05-26 21:05,11628
2018-05-26 21:10,11633
2018-05-26 21:15,11646
2018-05-26 21:20,11640
2018-05-26 21:25,11677
2018-05-26 21:30,11653
2018-05-26 21:35,11587
2018-05-26 21:40,11535
2018-05-26 21:45,11499
2018-05-26 21:50,11441
2018-05-26 21:55,11332
2018-05-26 22:00,11212
2018-05-26 22:05,11184
2018-05-26 22:10,11085
2018-05-26 22:15,10948
2018-05-26 22:20,10858
2018-05-26 22:25,10770
2018-05-26 22:30,10665
2018-05-26 22:35,10569
2018-05-26 22:40,10520
2018-05-26 22:45,10372
2018-05-26 22:50,10282
2018-05-26 22:55,10128
2018-05-26 23:00,10014
2018-05-26 23:05,9919
2018-05-26 23:10,9797
2018-05-26 23:15,9654
2018-05-26 23:20,9618
2018-05-26 23:25,9497
2018-05-26 23:30,9445
2018-05-26 23:35,9378
2018-05-26 23:40,9298
2018-05-26 23:45,9215
2018-05-26 23:50,9141
2018-05-26 23:55,9067
2018-05-27 00:00,8936
2018-05-27 00:05,8877
2018-05-27 00:10,8828
2018-05-27 00:15,8756
2018-05-27 00:20,8674
2018-05-27 00:25,8621
2018-05-27 00:30,8541
2018-05-27 00:35,8452
2018-05-27 00:40,8367
2018-05-27 00:45,8330
2018-05-27 00:50,8232
2018-05-27 00:55,8168
2018-05-27 01:00,8176
2018-05-27 01:05,8129
2018-05-27 01:10,8079
2018-05-27 01:15,8094
2018-05-27 01:20,8122
2018-05-27 01:25,8088
2018-05-27 01:30,8079
2018-05-27 01:35,8115
2018-05-27 01:40,8139
2018-05-27 01:45,8126
2018-05-27 01:50,8157
2018-05-27 01:55,8147
2018-05-27 02:00,8120
2018-05-27 02:05,8148
2018-05-27 02:10,8086
2018-05-27 02:15,8035
2018-05-27 02:20,8048
2018-05-27 02:25,8053
2018-05-27 02:30,7983
2018-05-27 02:35,7924
2018-05-27 02:40,7919
2018-05-27 02:45,7889
2018-05-27 02:50,7875
2018-05-27 02:55,7811
2018-05-27 03:00,7769
2018-05-27 03:05,7786
2018-05-27 03:10,7743
2018-05-27 03:15,7733
2018-05-27 03:20,7699
2018-05-27 03:25,7687
2018-05-27 03:30,7670
2018-05-27 03:35,7724
2018-05-27 03:40,7724
2018-05-27 03:45,7714
2018-05-27 03:50,7665
2018-05-27 03:55,7636
2018-05-27 04:00,7608
2018-05-27 04:05,7522
2018-05-27 04:10,7481
2018-05-27 04:15,7453
2018-05-27 04:20,7393
2018-05-27 04:25,7339
2018-05-27 04:30,7313
2018-05-27 04:35,7229
2018-05-27 04:40,7176
2018-05-27 04:45,7074
2018-05-27 04:50,7027
2018-05-27 04:55,6986
2018-05-27 05:00,6873
2018-05-27 05:05,6862
2018-05-27 05:10,6760
2018-05-27 05:15,6662
2018-05-27 05:20,6614
2018-05-27 05:25,0
2018-05-27 05:30,6458
2018-05-27 05:35,6396
2018-05-27 05:40,6292
2018-05-27 05:45,6258
2018-05-27 05:50,6218
2018-05-27 05:55,6121
2018-05-27 06:00,6027
2018-05-27 06:05,5929
2018-05-27 06:10,5799
2018-05-27 06:15,5728
2018-05-27 06:20,5642
2018-05-27 06:25,5601
2018-05-27 06:30,5546
2018-05-27 06:35,5519
2018-05-27 06:40,5506
2018-05-27 06:45,5494
2018-05-27 06:50,5422
2018-05-27 06:55,5412
2018-05-27 07:00,5378
2018-05-27 07:05,5314
2018-05-27 07:10,5252
2018-05-27 07:15,5195
2018-05-27 07:20,5207
2018-05-27 07:25,5180
2018-05-27 07:30,5207
2018-05-27 07:35,5200
2018-05-27 07:40,5130
2018-05-27 07:45,5129
2018-05-27 07:50,5104
2018-05-27 07:55,5096
2018-05-27 08:00,5055
2018-05-27 08:05,5035
2018-05-27 08:10,5001
2018-05-27 08:15,5009
2018-05-27 08:20,5028
2018-05-27 08:25,5089
2018-05-27 08:30,5119
2018-05-27 08:35,5156
2018-05-27 08:40,5170
2018-05-27 08:45,5210
2018-05-27 08:50,5262
2018-05-27 08:55,5264
2018-05-27 09:00,5372
2018-05-27 09:05,5417
2018-05-27 09:10,5473
2018-05-27 09:15,5513
2018-05-27 09:20,5618
2018-05-27 09:25,5699
2018-05-27 09:30,5737
2018-05-27 09:35,5798
2018-05-27 09:40,5903
2018-05-27 09:45,6014
2018-05-27 09:50,6129
2018-05-27 09:55,6196
2018-05-27 10:00,6258
2018-05-27 10:05,6309
2018-05-27 10:10,6328
2018-05-27 10:15,6407
2018-05-27 10:20,6407
2018-05-27 10:25,6455
2018-05-27 10:30,6518
2018-05-27 10:35,6602
2018-05-27 10:40,6698
2018-05-27 10:45,6739
2018-05-27 10:50,6795
2018-05-27 10:55,6791
2018-05-27 11:00,6830
2018-05-27 11:05,6841
2018-05-27 11:10,6843
2018-05-27 11:15,6870
2018-05-27 11:20,6946
2018-05-27 11:25,6984
2018-05-27 11:30,7030
2018-05-27 11:35,7025
2018-05-27 11:40,7095
2018-05-27 11:45,7176
2018-05-27 11:50,7236
2018-05-27 11:55,7299
2018-05-27 12:00,7356
2018-05-27 12:05,7485
2018-05-27 12:10,7488
2018-05-27 12:15,7585
2018-05-27 12:20,7644
2018-05-27 12:25,7723
2018-05-27 12:30,7822
2018-05-27 12:35,7905
2018-05-27 12:40,7991
2018-05-27 12:45,8014
2018-05-27 12:50,8043
2018-05-27 12:55,8076
2018-05-27 13:00,8071
2018-05-27 13:05,8111
2018-05-27 13:10,8174
2018-05-27 13:15,8223
2018-05-27 13:20,8354
2018-05-27 13:25,8448
2018-05-27 13:30,8520
2018-05-27 13:35,8599
2018-05-27 13:40,8677
2018-05-27 13:45,8767
2018-05-27 13:50,8922
2018-05-27 13:55,8973
2018-05-27 14:00,9096
2018-05-27 14:05,9170
2018-05-27 14:10,9238
2018-05-27 14:15,9387
2018-05-27 14:20,9408
2018-05-27 14:25,9477
2018-05-27 14:30,9578
2018-05-27 14:35,9640
2018-05-27 14:40,9697
2018-05-27 14:45,9742
2018-05-27 14:50,9803
2018-05-27 14:55,9858
2018-05-27 15:00,9993
2018-05-27 15:05,10073
2018-05-27 15:10,10112
2018-05-27 15:15,10159
2018-05-27 15:20,10195
2018-05-27 15:25,10255
2018-05-27 15:30,10279
2018-05-27 15:35,10363
2018-05-27 15:40,10437
2018-05-27 15:45,10449
2018-05-27 15:50,10542
2018-05-27 15:55,10635
2018-05-27 16:00,10649
2018-05-27 16:05,10737
2018-05-27 16:10,10723
2018-05-27 16:15,10820
2018-05-27 16:20,10877
2018-05-27 16:25,10986
2018-05-27 16:30,11047
2018-05-27 16:35,11117
2018-05-27 16:40,11186
2018-05-27 16:45,11242
2018-05-27 16:50,11236
2018-05-27 16:55,11287
2018-05-27 17:00,11337
2018-05-27 17:05,11386
2018-05-27 17:10,11440
2018-05-27 17:15,11544
2018-05-27 17:20,11573
2018-05-27 17:25,11688
2018-05-27 17:30,0
2018-05-27 17:35,11900
2018-05-27 17:40,11923
2018-05-27 17:45,11977
2018-05-27 17:50,12029
2018-05-27 17:55,12081
2018-05-27 18:00,12214
2018-05-27 18:05,12256
2018-05-27 18:10,12371
2018-05-27 18:15,12468
2018-05-27 18:20,12479
2018-05-27 18:25,12561
2018-05-27 18:30,12613
2018-05-27 18:35,12638
2018-05-27 18:40,12687
2018-05-27 18:45,12682
2018-05-27 18:50,12693
2018-05-27 18:55,12706
2018-05-27 19:00,12716
2018-05-27 19:05,12693
2018-05-27 19:10,12696
2018-05-27 19:15,12741
2018-05-27 19:20,12669
2018-05-27 19:25,12666
2018-05-27 19:30,12709
2018-05-27 19:35,12694
2018-05-27 19:40,12603
2018-05-27 19:45,12532
2018-05-27 19:50,12454
2018-05-27 19:55,12416
2018-05-27 20:00,12401
2018-05-27 20:05,12386
2018-05-27 20:10,12353
2018-05-27 20:15,12283
2018-05-27 20:20,12158
2018-05-27 20:25,12085
2018-05-27 20:30,12059
2018-05-27 20:35,12042
2018-05-27 20:40,11963
2018-05-27 20:45,11946
2018-05-27 20:50,11925
2018-05-27 20:55,11844
2018-05-27 21:00,11710
2018-05-27 21:05,11570
2018-05-27 21:10,11506
2018-05-27 21:15,11436
2018-05-27 21:20,11361
2018-05-27 21:25,11222
2018-05-27 21:30,11155
2018-05-27 21:35,11013
2018-05-27 21:40,10914
2018-05-27 21:45,10790
2018-05-27 21:50,10660
2018-05-27 21:55,10527
2018-05-27 22:00,10385
2018-05-27 22:05,10282
2018-05-27 22:10,10110
2018-05-27 22:15,9998
2018-05-27 22:20,9851
2018-05-27 22:25,9707
2018-05-27 22:30,9683
2018-05-27 22:35,9606
2018-05-27 22:40,9532
2018-05-27 22:45,9445
2018-05-27 22:50,9346
2018-05-27 22:55,9280
2018-05-27 23:00,9176
2018-05-27 23:05,9154
2018-05-27 23:10,9068
2018-05-27 23:15,9016
2018-05-27 23:20,8943
2018-05-27 23:25,8812
2018-05-27 23:30,8759
2018-05-27 23:35,8730
2018-05-27 23:40,8640
2018-05-27 23:45,8615
2018-05-27 23:50,8582
2018-05-27 23:55,8564
2018-05-28 00:00,8514
2018-05-28 00:05,8527
2018-05-28 00:10,8535
2018-05-28 00:15,8517
2018-05-28 00:20,8459
2018-05-28 00:25,8387
2018-05-28 00:30,8410
2018-05-28 00:35,8344
2018-05-28 00:40,8319
2018-05-28 00:45,8314
2018-05-28 00:50,8367
2018-05-28 00:55,8393
2018-05-28 01:00,8313
2018-05-28 01:05,8302
2018-05-28 01:10,8266
2018-05-28 01:15,8280
2018-05-28 01:20,8209
2018-05-28 01:25,8173
2018-05-28 01:30,8106
2018-05-28 01:35,8032
2018-05-28 01:40,7980
2018-05-28 01:45,7959
2018-05-28 01:50,7926
2018-05-28 01:55,7895
2018-05-28 02:00,7909
2018-05-28 02:05,7823
2018-05-28 02:10,7735
2018-05-28 02:15,7702
2018-05-28 02:20,7686
2018-05-28 02:25,7663
2018-05-28 02:30,7654
2018-05-28 02:35,7617
2018-05-28 02:40,7574
2018-05-28 02:45,7479
2018-05-28 02:50,7450
2018-05-28 02:55,7376
2018-05-28 03:00,7377
2018-05-28 03:05,7295
2018-05-28 03:10,7265
2018-05-28 03:15,7234
2018-05-28 03:20,7224
2018-05-28 03:25,7187
2018-05-28 03:30,7203
2018-05-28 03:35,7161
2018-05-28 03:40,7125
2018-05-28 03:45,7037
2018-05-28 03:50,6975
2018-05-28 03:55,6872
2018-05-28 04:00,6839
2018-05-28 04:05,6758
2018-05-28 04:10,6686
2018-05-28 04:15,6660
2018-05-28 04:20,6600
2018-05-28 04:25,6530
2018-05-28 04:30,6443
2018-05-28 04:35,6401
2018-05-28 04:40,6349
2018-05-28 04:45,6266
2018-05-28 04:50,6159
2018-05-28 04:55,6071
2018-05-28 05:00,6012
2018-05-28 05:05,5947
2018-05-28 05:10,5853
2018-05-28 05:15,5782
2018-05-28 05:20,5718
2018-05-28 05:25,5621
2018-05-28 05:30,5541
2018-05-28 05:35,5457
2018-05-28 05:40,5383
2018-05-28 05:45,5339
2018-05-28 05:50,5239
2018-05-28 05:55,5136
2018-05-28 06:00,5047
2018-05-28 06:05,4927
2018-05-28 06:10,4870
2018-05-28 06:15,4802
2018-05-28 06:20,4773
2018-05-28 06:25,4700
2018-05-28 06:30,4611
2018-05-28 06:35,4607
2018-05-28 06:40,4521
2018-05-28 06:45,4451
2018-05-28 06:50,4412
2018-05-28 06:55,4390
2018-05-28 07:00,4359
2018-05-28 07:05,4303
2018-05-28 07:10,4270
2018-05-28 07:15,4201
2018-05-28 07:20,4169
2018-05-28 07:25,4126
2018-05-28 07:30,4125
2018-05-28 07:35,4074
2018-05-28 07:40,4031
2018-05-28 07:45,3972
2018-05-28 07:50,3966
2018-05-28 07:55,3971
2018-05-28 08:00,3945
2018-05-28 08:05,3986
2018-05-28 08:10,3964
2018-05-28 08:15,3972
2018-05-28 08:20,3981
2018-05-28 08:25,3984
2018-05-28 08:30,3959
2018-05-28 08:35,3892
2018-05-28 08:40,3949
2018-05-28 08:45,3953
2018-05-28 08:50,3965
2018-05-28 08:55,3977
2018-05-28 09:00,3973
2018-05-28 09:05,4020
2018-05-28 09:10,4053
2018-05-28 09:15,4083
2018-05-28 09:20,4115
2018-05-28 09:25,4137
2018-05-28 09:30,4188
2018-05-28 09:35,4183
2018-05-28 09:40,4224
2018-05-28 09:45,4286
2018-05-28 09:50,4315
2018-05-28 09:55,4320
2018-05-28 10:00,4405
2018-05-28 10:05,4408
2018-05-28 10:10,4462
2018-05-28 10:15,4525
2018-05-28 10:20,4592
2018-05-28 10:25,4595
2018-05-28 10:30,4607
2018-05-28 10:35,4641
2018-05-28 10:40,4695
2018-05-28 10:45,4767
2018-05-28 10:50,4793
2018-05-28 10:55,4860
2018-05-28 11:00,4908
2018-05-28 11:05,4922
2018-05-28 11:10,4964
2018-05-28 11:15,5033
2018-05-28 11:20,5091
2018-05-28 11:25,5092
2018-05-28 11:30,5105
2018-05-28 11:35,5163
2018-05-28 11:40,5248
2018-05-28 11:45,5329
2018-05-28 11:50,5336
2018-05-28 11:55,5397
2018-05-28 12:00,5409
2018-05-28 12:05,5457
2018-05-28 12:10,5490
2018-05-28 12:15,5611
2018-05-28 12:20,5651
2018-05-28 12:25,5739
2018-05-28 12:30,5758
2018-05-28 12:35,5851
2018-05-28 12:40,5904
2018-05-28 12:45,5997
2018-05-28 12:50,6093
2018-05-28 12:55,6150
2018-05-28 13:00,6244
2018-05-28 13:05,6359
2018-05-28 13:10,6498
2018-05-28 13:15,6546
2018-05-28 13:20,6661
2018-05-28 13:25,6812
2018-05-28 13:30,6946
2018-05-28 13:35,7003
2018-05-28 13:40,7061
2018-05-28 13:45,7176
2018-05-28 13:50,7272
2018-05-28 13:55,7360
2018-05-28 14:00,7474
2018-05-28 14:05,7604
2018-05-28 14:10,0
2018-05-28 14:15,7687
2018-05-28 14:20,7808
2018-05-28 14:25,7949
2018-05-28 14:30,8066
2018-05-28 14:35,8123
2018-05-28 14:40,8185
2018-05-28 14:45,8270
2018-05-28 14:50,8357
2018-05-28 14:55,8444
2018-05-28 15:00,8575
2018-05-28 15:05,8629
2018-05-28 15:10,8693
2018-05-28 15:15,8804
2018-05-28 15:20,8855
2018-05-28 15:25,8989
2018-05-28 15:30,9004
2018-05-28 15:35,9109
2018-05-28 15:40,9196
2018-05-28 15:45,9312
2018-05-28 15:50,9338
2018-05-28 15:55,9375
2018-05-28 16:00,9451
2018-05-28 16:05,9528
2018-05-28 16:10,9615
2018-05-28 16:15,9736
2018-05-28 16:20,9841
2018-05-28 16:25,9901
2018-05-28 16:30,10024
2018-05-28 16:35,10078
2018-05-28 16:40,10226
2018-05-28 16:45,10300
2018-05-28 16:50,10461
2018-05-28 16:55,10610
2018-05-28 17:00,10657
2018-05-28 17:05,10730
2018-05-28 17:10,10777
2018-05-28 17:15,10904
2018-05-28 17:20,10936
2018-05-28 17:25,10999
2018-05-28 17:30,11073
2018-05-28 17:35,11183
2018-05-28 17:40,11272
2018-05-28 17:45,11342
2018-05-28 17:50,11498
2018-05-28 17:55,11638
2018-05-28 18:00,11798
2018-05-28 18:05,11844
2018-05-28 18:10,11890
2018-05-28 18:15,12003
2018-05-28 18:20,12073
2018-05-28 18:25,12147
2018-05-28 18:30,12294
2018-05-28 18:35,12371
2018-05-28 18:40,12450
2018-05-28 18:45,12494
2018-05-28 18:50,12588
2018-05-28 18:55,12631
2018-05-28 19:00,12665
2018-05-28 19:05,12617
2018-05-28 19:10,12621
2018-05-28 19:15,12680
2018-05-28 19:20,12686
2018-05-28 19:25,12661
2018-05-28 19:30,12599
2018-05-28 19:35,12529
2018-05-28 19:40,12609
2018-05-28 19:45,12703
2018-05-28 19:50,12711
2018-05-28 19:55,12705
2018-05-28 20:00,12644
2018-05-28 20:05,12599
2018-05-28 20:10,12493
2018-05-28 20:15,12434
2018-05-28 20:20,12323
2018-05-28 20:25,12229
2018-05-28 20:30,12145
2018-05-28 20:35,12152
2018-05-28 20:40,12078
2018-05-28 20:45,11975
2018-05-28 20:50,11934
2018-05-28 20:55,11801
2018-05-28 21:00,11656
2018-05-28 21:05,11483
2018-05-28 21:10,11341
2018-05-28 21:15,11191
2018-05-28 21:20,11068
2018-05-28 21:25,10965
2018-05-28 21:30,10896
2018-05-28 21:35,10861
2018-05-28 21:40,10790
2018-05-28 21:45,10690
2018-05-28 21:50,10614
2018-05-28 21:55,10524
2018-05-28 22:00,10532
2018-05-28 22:05,10435
2018-05-28 22:10,10344
2018-05-28 22:15,10264
2018-05-28 22:20,10232
2018-05-28 22:25,10169
2018-05-28 22:30,10082
2018-05-28 22:35,10005
2018-05-28 22:40,9903
2018-05-28 22:45,9910
2018-05-28 22:50,9847
2018-05-28 22:55,9825
2018-05-28 23:00,9773
2018-05-28 23:05,9706
2018-05-28 23:10,9634
2018-05-28 23:15,9550
2018-05-28 23:20,9481
2018-05-28 23:25,9434
2018-05-28 23:30,9374
2018-05-28 23:35,9356
2018-05-28 23:40,9354
2018-05-28 23:45,9321
2018-05-28 23:50,9198
2018-05-28 23:55,9092
2018-05-29 00:00,9009
2018-05-29 00:05,8933
2018-05-29 00:10,8847
2018-05-29 00:15,8728
2018-05-29 00:20,8659
2018-05-29 00:25,8650
2018-05-29 00:30,8636
2018-05-29 00:35,8543
2018-05-29 00:40,8514
2018-05-29 00:45,8476
2018-05-29 00:50,8454
2018-05-29 00:55,8375
2018-05-29 01:00,8305
2018-05-29 01:05,8299
2018-05-29 01:10,8283
2018-05-29 01:15,8270
2018-05-29 01:20,8201
2018-05-29 01:25,8171
2018-05-29 01:30,8161
2018-05-29 01:35,8098
2018-05-29 01:40,7987
2018-05-29 01:45,7920
2018-05-29 01:50,7847
2018-05-29 01:55,7755
2018-05-29 02:00,7630
2018-05-29 02:05,7521
2018-05-29 02:10,7446
2018-05-29 02:15,7400
2018-05-29 02:20,7251
2018-05-29 02:25,7063
2018-05-29 02:30,6993
2018-05-29 02:35,6870
2018-05-29 02:40,6832
2018-05-29 02:45,6799
2018-05-29 02:50,6720
2018-05-29 02:55,6636
2018-05-29 03:00,6525
2018-05-29 03:05,6423
2018-05-29 03:10,6375
2018-05-29 03:15,6298
2018-05-29 03:20,6245
2018-05-29 03:25,6175
2018-05-29 03:30,6070
2018-05-29 03:35,6021
2018-05-29 03:40,5953
2018-05-29 03:45,5984
2018-05-29 03:50,5962
2018-05-29 03:55,5904
2018-05-29 04:00,5826
2018-05-29 04:05,5868
2018-05-29 04:10,5818
2018-05-29 04:15,5783
2018-05-29 04:20,5764
2018-05-29 04:25,5699
2018-05-29 04:30,5660
2018-05-29 04:35,5575
2018-05-29 04:40,5563
2018-05-29 04:45,5502
2018-05-29 04:50,5404
2018-05-29 04:55,5355
2018-05-29 05:00,5305
2018-05-29 05:05,5192
2018-05-29 05:10,5077
2018-05-29 05:15,4948
2018-05-29 05:20,4856
2018-05-29 05:25,4808
2018-05-29 05:30,4764
2018-05-29 05:35,4684
2018-05-29 05:40,4584
2018-05-29 05:45,4532
2018-05-29 05:50,4471
2018-05-29 05:55,4374
2018-05-29 06:00,4329
2018-05-29 06:05,4311
2018-05-29 06:10,4230
2018-05-29 06:15,4162
2018-05-29 06:20,4056
2018-05-29 06:25,4011
2018-05-29 06:30,3965
2018-05-29 06:35,3939
2018-05-29 06:40,3897
2018-05-29 06:45,3852
2018-05-29 06:50,3853
2018-05-29 06:55,3821
2018-05-29 07:00,3776
2018-05-29 07:05,3761
2018-05-29 07:10,3732
2018-05-29 07:15,3700
2018-05-29 07:20,3684
2018-05-29 07:25,3693
2018-05-29 07:30,3641
2018-05-29 07:35,3629
2018-05-29 07:40,3591
2018-05-29 07:45,3551
2018-05-29 07:50,3526
2018-05-29 07:55,3531
2018-05-29 08:00,3508
2018-05-29 08:05,3529
2018-05-29 08:10,3564
2018-05-29 08:15,3584
2018-05-29 08:20,3580
2018-05-29 08:25,3591
2018-05-29 08:30,3616
2018-05-29 08:35,3619
2018-05-29 08:40,3626
2018-05-29 08:45,3643
2018-05-29 08:50,3616
2018-05-29 08:55,3618
2018-05-29 09:00,3606
2018-05-29 09:05,3703
2018-05-29 09:10,3771
2018-05-29 09:15,3854
2018-05-29 09:20,3916
2018-05-29 09:25,3961
2018-05-29 09:30,4017
2018-05-29 09:35,4012
2018-05-29 09:40,4012
2018-05-29 09:45,4046
2018-05-29 09:50,4095
2018-05-29 09:55,4187
2018-05-29 10:00,4211
2018-05-29 10:05,4252
2018-05-29 10:10,4297
2018-05-29 10:15,4320
2018-05-29 10:20,4367
2018-05-29 10:25,4343
2018-05-29 10:30,4390
2018-05-29 10:35,4421
2018-05-29 10:40,4450
2018-05-29 10:45,4511
2018-05-29 10:50,4600
2018-05-29 10:55,4628
2018-05-29 11:00,4684
2018-05-29 11:05,4736
2018-05-29 11:10,4811
2018-05-29 11:15,4826
2018-05-29 11:20,4874
2018-05-29 11:25,4912
2018-05-29 11:30,4943
2018-05-29 11:35,5012
2018-05-29 11:40,5052
2018-05-29 11:45,5084
2018-05-29 11:50,5150
2018-05-29 11:55,5192
2018-05-29 12:00,5271
2018-05-29 12:05,5337
2018-05-29 12:10,5383
2018-05-29 12:15,5427
2018-05-29 12:20,5460
2018-05-29 12:25,5540
2018-05-29 12:30,5605
2018-05-29 12:35,5634
2018-05-29 12:40,5704
2018-05-29 12:45,5756
2018-05-29 12:50,5790
2018-05-29 12:55,5900
2018-05-29 13:00,6048
2018-05-29 13:05,6162
2018-05-29 13:10,0
2018-05-29 13:15,6247
2018-05-29 13:20,6304
2018-05-29 13:25,6364
2018-05-29 13:30,6472
2018-05-29 13:35,6589
2018-05-29 13:40,6663
2018-05-29 13:45,6757
2018-05-29 13:50,6868
2018-05-29 13:55,6873
2018-05-29 14:00,6956
2018-05-29 14:05,6992
2018-05-29 14:10,7101
2018-05-29 14:15,7142
2018-05-29 14:20,7159
2018-05-29 14:25,7217
2018-05-29 14:30,7306
2018-05-29 14:35,7409
2018-05-29 14:40,7446
2018-05-29 14:45,7557
2018-05-29 14:50,7605
2018-05-29 14:55,7704
2018-05-29 15:00,7766
2018-05-29 15:05,7826
2018-05-29 15:10,7924
2018-05-29 15:15,7991
2018-05-29 15:20,8131
2018-05-29 15:25,8210
2018-05-29 15:30,8264
2018-05-29 15:35,8335
2018-05-29 15:40,8357
2018-05-29 15:45,8501
2018-05-29 15:50,8573
2018-05-29 15:55,8671
2018-05-29 16:00,8717
2018-05-29 16:05,8794
2018-05-29 16:10,8906
2018-05-29 16:15,8976
2018-05-29 16:20,9076
2018-05-29 16:25,9123
2018-05-29 16:30,9168
2018-05-29 16:35,9286
2018-05-29 16:40,9310
2018-05-29 16:45,9382
2018-05-29 16:50,9513
2018-05-29 16:55,9529
2018-05-29 17:00,9585
2018-05-29 17:05,9707
2018-05-29 17:10,9741
2018-05-29 17:15,9834
2018-05-29 17:20,9882
2018-05-29 17:25,9970
2018-05-29 17:30,10030
2018-05-29 17:35,10026
2018-05-29 17:40,10142
2018-05-29 17:45,10263
2018-05-29 17:50,10374
2018-05-29 17:55,10534
2018-05-29 18:00,10684
2018-05-29 18:05,10790
2018-05-29 18:10,11031
2018-05-29 18:15,11145
2018-05-29 18:20,11208
2018-05-29 18:25,11329
2018-05-29 18:30,11357
2018-05-29 18:35,11412
2018-05-29 18:40,11447
2018-05-29 18:45,11499
2018-05-29 18:50,11534
2018-05-29 18:55,11641
2018-05-29 19:00,11690
2018-05-29 19:05,11678
2018-05-29 19:10,11690
2018-05-29 19:15,11711
2018-05-29 19:20,11784
2018-05-29 19:25,11808
2018-05-29 19:30,11865
2018-05-29 19:35,11842
2018-05-29 19:40,11839
2018-05-29 19:45,12004
2018-05-29 19:50,11920
2018-05-29 19:55,11986
2018-05-29 20:00,11866
2018-05-29 20:05,11790
2018-05-29 20:10,11758
2018-05-29 20:15,11710
2018-05-29 20:20,11629
2018-05-29 20:25,11484
2018-05-29 20:30,11451
2018-05-29 20:35,11449
2018-05-29 20:40,11322
2018-05-29 20:45,11299
2018-05-29 20:50,11323
2018-05-29 20:55,11227
2018-05-29 21:00,11194
2018-05-29 21:05,11158
2018-05-29 21:10,11152
2018-05-29 21:15,11062
2018-05-29 21:20,10928
2018-05-29 21:25,10821
2018-05-29 21:30,10771
2018-05-29 21:35,10624
2018-05-29 21:40,10553
2018-05-29 21:45,10615
2018-05-29 21:50,10613
2018-05-29 21:55,10473
2018-05-29 22:00,10403
2018-05-29 22:05,10317
2018-05-29 22:10,10116
2018-05-29 22:15,10031
2018-05-29 22:20,9974
2018-05-29 22:25,9892
2018-05-29 22:30,
2018-05-29 22:35,9712
2018-05-29 22:40,9603
2018-05-29 22:45,9547
2018-05-29 22:50,9485
2018-05-29 22:55,9365
2018-05-29 23:00,9291
2018-05-29 23:05,
2018-05-29 23:10,
2018-05-29 23:15,0
2018-05-29 23:20,8603
2018-05-29 23:25,8846
2018-05-29 23:30,8761
2018-05-29 23:35,8684
2018-05-29 23:40,8648
2018-05-29 23:45,8613
2018-05-29 23:50,8517
2018-05-29 23:55,8466
2018-05-30 00:00,8499
2018-05-30 00:05,8478
2018-05-30 00:10,8430
2018-05-30 00:15,8360
2018-05-30 00:20,8363
2018-05-30 00:25,8378
2018-05-30 00:30,8369
2018-05-30 00:35,8319
2018-05-30 00:40,8253
2018-05-30 00:45,8241
2018-05-30 00:50,8234
2018-05-30 00:55,8175
2018-05-30 01:00,8165
2018-05-30 01:05,8145
2018-05-30 01:10,8091
2018-05-30 01:15,8042
2018-05-30 01:20,8007
2018-05-30 01:25,7986
2018-05-30 01:30,7964
2018-05-30 01:35,7949
2018-05-30 01:40,7931
2018-05-30 01:45,7924
2018-05-30 01:50,7962
2018-05-30 01:55,7921
2018-05-30 02:00,7894
2018-05-30 02:05,7878
2018-05-30 02:10,7837
2018-05-30 02:15,7800
2018-05-30 02:20,7755
2018-05-30 02:25,7690
2018-05-30 02:30,7684
2018-05-30 02:35,7649
2018-05-30 02:40,7616
2018-05-30 02:45,7551
2018-05-30 02:50,7454
2018-05-30 02:55,7402
2018-05-30 03:00,7300
2018-05-30 03:05,7261
2018-05-30 03:10,7193
2018-05-30 03:15,7120
2018-05-30 03:20,7016
2018-05-30 03:25,6948
2018-05-30 03:30,6877
2018-05-30 03:35,6776
2018-05-30 03:40,6660
2018-05-30 03:45,6547
2018-05-30 03:50,6500
2018-05-30 03:55,6411
2018-05-30 04:00,6369
2018-05-30 04:05,6302
2018-05-30 04:10,6216
2018-05-30 04:15,6156
2018-05-30 04:20,6039
2018-05-30 04:25,5930
2018-05-30 04:30,5854
2018-05-30 04:35,5778
2018-05-30 04:40,5698
2018-05-30 04:45,5593
2018-05-30 04:50,5490
2018-05-30 04:55,5430
2018-05-30 05:00,5306
2018-05-30 05:05,5211
2018-05-30 05:10,5149
2018-05-30 05:15,5080
2018-05-30 05:20,4987
2018-05-30 05:25,4908
2018-05-30 05:30,4852
2018-05-30 05:35,4756
2018-05-30 05:40,4705
2018-05-30 05:45,4627
2018-05-30 05:50,4548
2018-05-30 05:55,4486
2018-05-30 06:00,4371
2018-05-30 06:05,4300
2018-05-30 06:10,4267
2018-05-30 06:15,4177
2018-05-30 06:20,4165
2018-05-30 06:25,4106
2018-05-30 06:30,4051
2018-05-30 06:35,4006
2018-05-30 06:40,3986
2018-05-30 06:45,3964
2018-05-30 06:50,3895
2018-05-30 06:55,3873
2018-05-30 07:00,3869
2018-05-30 07:05,3818
2018-05-30 07:10,3765
2018-05-30 07:15,3747
2018-05-30 07:20,3718
2018-05-30 07:25,3658
2018-05-30 07:30,3634
2018-05-30 07:35,3648
2018-05-30 07:40,3626
2018-05-30 07:45,3595
2018-05-30 07:50,3609
2018-05-30 07:55,3623
2018-05-30 08:00,3594
2018-05-30 08:05,3575
2018-05-30 08:10,3586
2018-05-30 08:15,3599
2018-05-30 08:20,3588
2018-05-30 08:25,3621
2018-05-30 08:30,3586
2018-05-30 08:35,3623
2018-05-30 08:40,3630
2018-05-30 08:45,3686
2018-05-30 08:50,3722
2018-05-30 08:55,3729
2018-05-30 09:00,3729
2018-05-30 09:05,3779
2018-05-30 09:10,3814
2018-05-30 09:15,3800
2018-05-30 09:20,3877
2018-05-30 09:25,3889
2018-05-30 09:30,3931
2018-05-30 09:35,3863
2018-05-30 09:40,3842
2018-05-30 09:45,3848
2018-05-30 09:50,3842
2018-05-30 09:55,3866
2018-05-30 10:00,3857
2018-05-30 10:05,3841
2018-05-30 10:10,3798
2018-05-30 10:15,3776
2018-05-30 10:20,3718
2018-05-30 10:25,3705
2018-05-30 10:30,3717
2018-05-30 10:35,3104
2018-05-30 10:40,2489
2018-05-30 10:45,1950
2018-05-30 10:50,1574
2018-05-30 10:55,1308
2018-05-30 11:00,1244
2018-05-30 11:05,1168
2018-05-30 11:10,1179
2018-05-30 11:15,1186
2018-05-30 11:20,1200
2018-05-30 11:25,1229
2018-05-30 11:30,1239
2018-05-30 11:35,1291
2018-05-30 11:40,1305
2018-05-30 11:45,1320
2018-05-30 11:50,1366
2018-05-30 11:55,1369
2018-05-30 12:00,1381
2018-05-30 12:05,1423
2018-05-30 12:10,1413
2018-05-30 12:15,1422
2018-05-30 12:20,1459
2018-05-30 12:25,1433
2018-05-30 12:30,1477
2018-05-30 12:35,1495
2018-05-30 12:40,1520
2018-05-30 12:45,1505
2018-05-30 12:50,1576
2018-05-30 12:55,1587
2018-05-30 13:00,1595
2018-05-30 13:05,1661
2018-05-30 13:10,1651
2018-05-30 13:15,1668
2018-05-30 13:20,1690
2018-05-30 13:25,1703
2018-05-30 13:30,1700
2018-05-30 13:35,1748
2018-05-30 13:40,1776
2018-05-30 13:45,1774
2018-05-30 13:50,1827
2018-05-30 13:55,1845
2018-05-30 14:00,1946
2018-05-30 14:05,2605
2018-05-30 14:10,2061
2018-05-30 14:15,1939
2018-05-30 14:20,1884
2018-05-30 14:25,1903
2018-05-30 14:30,2149
2018-05-30 14:35,3358
2018-05-30 14:40,4226
2018-05-30 14:45,5076
2018-05-30 14:50,5782
2018-05-30 14:55,6449
2018-05-30 15:00,6936
2018-05-30 15:05,7162
2018-05-30 15:10,6664
2018-05-30 15:15,6805
2018-05-30 15:20,7441
2018-05-30 15:25,7911
2018-05-30 15:30,8349
2018-05-30 15:35,8704
2018-05-30 15:40,8985
2018-05-30 15:45,9266
2018-05-30 15:50,9448
2018-05-30 15:55,9698
2018-05-30 16:00,9886
2018-05-30 16:05,10070
2018-05-30 16:10,10180
2018-05-30 16:15,10331
2018-05-30 16:20,10446
2018-05-30 16:25,10563
2018-05-30 16:30,10620
2018-05-30 16:35,10731
2018-05-30 16:40,10767
2018-05-30 16:45,10765
2018-05-30 16:50,10780
2018-05-30 16:55,10781
2018-05-30 17:00,10775
2018-05-30 17:05,10856
2018-05-30 17:10,10875
2018-05-30 17:15,10882
2018-05-30 17:20,10968
2018-05-30 17:25,10963
2018-05-30 17:30,10935
2018-05-30 17:35,10977
2018-05-30 17:40,11003
2018-05-30 17:45,10922
2018-05-30 17:50,9805
2018-05-30 17:55,
2018-05-30 18:00,6137
2018-05-30 18:05,3158
2018-05-30 18:10,2942
2018-05-30 18:15,2863
2018-05-30 18:20,2807
2018-05-30 18:25,2754
2018-05-30 18:30,2830
2018-05-30 18:35,2805
2018-05-30 18:40,2862
2018-05-30 18:45,2845
2018-05-30 18:50,2813
2018-05-30 18:55,2812
2018-05-30 19:00,2811
2018-05-30 19:05,2808
2018-05-30 19:10,2845
2018-05-30 19:15,2798
2018-05-30 19:20,2833
2018-05-30 19:25,2829
2018-05-30 19:30,2779
2018-05-30 19:35,2813
2018-05-30 19:40,3745
2018-05-30 19:45,4843
2018-05-30 19:50,5521
2018-05-30 19:55,6046
2018-05-30 20:00,5750
2018-05-30 20:05,6068
2018-05-30 20:10,7181
2018-05-30 20:15,8036
2018-05-30 20:20,8876
2018-05-30 20:25,9578
2018-05-30 20:30,10226
2018-05-30 20:35,10774
2018-05-30 20:40,11304
2018-05-30 20:45,11647
2018-05-30 20:50,11991
2018-05-30 20:55,12227
2018-05-30 21:00,12367
2018-05-30 21:05,12432
2018-05-30 21:10,12526
2018-05-30 21:15,12561
2018-05-30 21:20,12660
2018-05-30 21:25,12627
2018-05-30 21:30,12609
2018-05-30 21:35,12588
2018-05-30 21:40,12534
2018-05-30 21:45,12461
2018-05-30 21:50,12347
2018-05-30 21:55,12330
2018-05-30 22:00,12247
2018-05-30 22:05,12081
2018-05-30 22:10,11995
2018-05-30 22:15,11838
2018-05-30 22:20,11731
2018-05-30 22:25,11622
2018-05-30 22:30,
2018-05-30 22:35,11417
2018-05-30 22:40,11332
2018-05-30 22:45,11172
2018-05-30 22:50,11027
2018-05-30 22:55,10900
2018-05-30 23:00,10747
2018-05-30 23:05,10567
2018-05-30 23:10,10392
2018-05-30 23:15,10276
2018-05-30 23:20,10211
2018-05-30 23:25,10118
2018-05-30 23:30,9981
2018-05-30 23:35,9836
2018-05-30 23:40,9779
2018-05-30 23:45,9732
2018-05-30 23:50,9622
2018-05-30 23:55,9541
2018-05-31 00:00,9378
2018-05-31 00:05,9370
2018-05-31 00:10,9280
2018-05-31 00:15,9197
2018-05-31 00:20,9196
2018-05-31 00:25,9184
2018-05-31 00:30,9211
2018-05-31 00:35,9093
2018-05-31 00:40,9109
2018-05-31 00:45,8997
2018-05-31 00:50,8929
2018-05-31 00:55,8873
2018-05-31 01:00,8811
2018-05-31 01:05,8729
2018-05-31 01:10,8399
2018-05-31 01:15,7555
2018-05-31 01:20,6807
2018-05-31 01:25,6594
2018-05-31 01:30,6672
2018-05-31 01:35,6840
2018-05-31 01:40,7024
2018-05-31 01:45,7209
2018-05-31 01:50,7342
2018-05-31 01:55,7518
2018-05-31 02:00,7634
2018-05-31 02:05,7712
2018-05-31 02:10,7875
2018-05-31 02:15,7946
2018-05-31 02:20,8045
2018-05-31 02:25,8082
2018-05-31 02:30,8071
2018-05-31 02:35,8055
2018-05-31 02:40,8131
2018-05-31 02:45,8061
2018-05-31 02:50,8034
2018-05-31 02:55,8040
2018-05-31 03:00,8030
2018-05-31 03:05,8022
2018-05-31 03:10,7938
2018-05-31 03:15,7879
2018-05-31 03:20,7828
2018-05-31 03:25,7721
2018-05-31 03:30,7624
2018-05-31 03:35,7553
2018-05-31 03:40,7492
2018-05-31 03:45,7431
2018-05-31 03:50,7383
2018-05-31 03:55,7354
2018-05-31 04:00,7259
2018-05-31 04:05,7216
2018-05-31 04:10,7178
2018-05-31 04:15,7138
2018-05-31 04:20,7012
2018-05-31 04:25,6973
2018-05-31 04:30,6839
2018-05-31 04:35,6733
2018-05-31 04:40,6624
2018-05-31 04:45,6549
2018-05-31 04:50,6474
2018-05-31 04:55,6348
2018-05-31 05:00,6253
2018-05-31 05:05,6127
2018-05-31 05:10,6020
2018-05-31 05:15,5977
2018-05-31 05:20,5897
2018-05-31 05:25,5778
2018-05-31 05:30,5694
2018-05-31 05:35,5581
2018-05-31 05:40,5500
2018-05-31 05:45,5442
2018-05-31 05:50,5342
2018-05-31 05:55,5276
2018-05-31 06:00,5187
2018-05-31 06:05,5163
2018-05-31 06:10,5093
2018-05-31 06:15,5041
2018-05-31 06:20,4957
2018-05-31 06:25,4839
2018-05-31 06:30,4810
2018-05-31 06:35,4719
2018-05-31 06:40,4691
2018-05-31 06:45,4662
2018-05-31 06:50,4561
2018-05-31 06:55,4476
2018-05-31 07:00,4399
2018-05-31 07:05,4383
2018-05-31 07:10,4357
2018-05-31 07:15,4325
2018-05-31 07:20,4283
2018-05-31 07:25,4239
2018-05-31 07:30,4230
2018-05-31 07:35,4214
2018-05-31 07:40,4171
2018-05-31 07:45,4148
2018-05-31 07:50,4124
2018-05-31 07:55,4137
2018-05-31 08:00,4096
2018-05-31 08:05,4108
2018-05-31 08:10,4138
2018-05-31 08:15,4112
2018-05-31 08:20,4161
2018-05-31 08:25,4219
2018-05-31 08:30,4218
2018-05-31 08:35,4237
2018-05-31 08:40,4320
2018-05-31 08:45,4316
2018-05-31 08:50,4396
2018-05-31 08:55,4417
2018-05-31 09:00,4409
2018-05-31 09:05,4462
2018-05-31 09:10,4552
2018-05-31 09:15,4641
2018-05-31 09:20,4718
2018-05-31 09:25,4806
2018-05-31 09:30,4797
2018-05-31 09:35,4849
2018-05-31 09:40,4908
2018-05-31 09:45,4992
2018-05-31 09:50,5012
2018-05-31 09:55,5067
2018-05-31 10:00,5143
2018-05-31 10:05,5190
2018-05-31 10:10,5235
2018-05-31 10:15,5280
2018-05-31 10:20,5333
2018-05-31 10:25,5406
2018-05-31 10:30,5455
2018-05-31 10:35,5538
2018-05-31 10:40,5597
2018-05-31 10:45,5603
2018-05-31 10:50,5616
2018-05-31 10:55,5617
2018-05-31 11:00,5640
2018-05-31 11:05,5699
2018-05-31 11:10,5750
2018-05-31 11:15,5771
2018-05-31 11:20,5846
2018-05-31 11:25,5930
2018-05-31 11:30,6067
2018-05-31 11:35,6094
2018-05-31 11:40,6147
2018-05-31 11:45,6177
2018-05-31 11:50,6213
2018-05-31 11:55,6316
2018-05-31 12:00,6300
2018-05-31 12:05,6342
2018-05-31 12:10,6409
2018-05-31 12:15,6420
2018-05-31 12:20,6476
2018-05-31 12:25,6502
2018-05-31 12:30,6585
2018-05-31 12:35,6654
2018-05-31 12:40,6772
2018-05-31 12:45,6820
2018-05-31 12:50,6905
2018-05-31 12:55,7022
2018-05-31 13:00,7168
2018-05-31 13:05,7214
2018-05-31 13:10,7342
2018-05-31 13:15,7361
2018-05-31 13:20,7497
2018-05-31 13:25,7512
2018-05-31 13:30,7588
2018-05-31 13:35,7667
2018-05-31 13:40,7744
2018-05-31 13:45,7850
2018-05-31 13:50,7919
2018-05-31 13:55,8008
2018-05-31 14:00,8096
2018-05-31 14:05,8147
2018-05-31 14:10,8241
2018-05-31 14:15,8301
2018-05-31 14:20,8344
2018-05-31 14:25,8404
2018-05-31 14:30,8557
2018-05-31 14:35,8612
2018-05-31 14:40,8679
2018-05-31 14:45,8763
2018-05-31 14:50,8814
2018-05-31 14:55,8879
2018-05-31 15:00,8963
2018-05-31 15:05,8963
2018-05-31 15:10,9041
2018-05-31 15:15,9111
2018-05-31 15:20,9161
2018-05-31 15:25,9235
2018-05-31 15:30,9327
2018-05-31 15:35,9409
2018-05-31 15:40,9475
2018-05-31 15:45,9492
2018-05-31 15:50,9529
2018-05-31 15:55,9605
2018-05-31 16:00,9661
2018-05-31 16:05,9754
2018-05-31 16:10,9684
2018-05-31 16:15,9810
2018-05-31 16:20,9864
2018-05-31 16:25,9927
2018-05-31 16:30,10015
2018-05-31 16:35,10104
2018-05-31 16:40,10110
2018-05-31 16:45,10157
2018-05-31 16:50,10234
2018-05-31 16:55,10305
2018-05-31 17:00,10446
2018-05-31 17:05,10530
2018-05-31 17:10,10592
2018-05-31 17:15,10627
2018-05-31 17:20,10653
2018-05-31 17:25,10673
2018-05-31 17:30,10782
2018-05-31 17:35,10880
2018-05-31 17:40,10930
2018-05-31 17:45,11027
2018-05-31 17:50,11088
2018-05-31 17:55,11199
2018-05-31 18:00,11265
2018-05-31 18:05,11284
2018-05-31 18:10,11309
2018-05-31 18:15,11356
2018-05-31 18:20,11481
2018-05-31 18:25,11582
2018-05-31 18:30,11594
2018-05-31 18:35,11752
2018-05-31 18:40,11784
2018-05-31 18:45,11798
2018-05-31 18:50,11799
2018-05-31 18:55,11795
2018-05-31 19:00,11741
2018-05-31 19:05,11748
2018-05-31 19:10,11760
2018-05-31 19:15,11748
2018-05-31 19:20,11807
2018-05-31 19:25,11879
2018-05-31 19:30,12005
2018-05-31 19:35,12026
2018-05-31 19:40,12062
2018-05-31 19:45,12117
2018-05-31 19:50,12132
2018-05-31 19:55,12133
2018-05-31 20:00,12157
2018-05-31 20:05,12265
2018-05-31 20:10,12269
2018-05-31 20:15,12166
2018-05-31 20:20,12121
2018-05-31 20:25,12140
2018-05-31 20:30,12023
2018-05-31 20:35,11955
2018-05-31 20:40,11891
2018-05-31 20:45,11903
2018-05-31 20:50,11845
2018-05-31 20:55,11768
2018-05-31 21:00,11702
2018-05-31 21:05,11683
2018-05-31 21:10,11580
2018-05-31 21:15,11515
2018-05-31 21:20,11441
2018-05-31 21:25,11335
2018-05-31 21:30,11286
2018-05-31 21:35,11163
2018-05-31 21:40,11165
2018-05-31 21:45,11096
2018-05-31 21:50,10984
2018-05-31 21:55,10861
2018-05-31 22:00,10823
2018-05-31 22:05,10707
2018-05-31 22:10,10602
2018-05-31 22:15,10565
2018-05-31 22:20,10287
2018-05-31 22:25,10124
2018-05-31 22:30,9960
2018-05-31 22:35,9800
2018-05-31 22:40,9713
2018-05-31 22:45,9674
2018-05-31 22:50,9555
2018-05-31 22:55,9422
2018-05-31 23:00,9333
2018-05-31 23:05,9205
2018-05-31 23:10,9122
2018-05-31 23:15,9002
2018-05-31 23:20,8963
2018-05-31 23:25,8916
2018-05-31 23:30,8875
2018-05-31 23:35,8792
2018-05-31 23:40,8711
2018-05-31 23:45,8612
2018-05-31 23:50,8547
2018-05-31 23:55,8548
2018-06-01 00:00,8537
2018-06-01 00:05,8480
2018-06-01 00:10,8413
2018-06-01 00:15,8370
2018-06-01 00:20,8378
2018-06-01 00:25,8418
2018-06-01 00:30,8369
2018-06-01 00:35,8320
2018-06-01 00:40,8280
2018-06-01 00:45,8223
2018-06-01 00:50,8212
2018-06-01 00:55,8198
2018-06-01 01:00,8092
2018-06-01 01:05,8064
2018-06-01 01:10,8011
2018-06-01 01:15,7983
2018-06-01 01:20,7977
2018-06-01 01:25,7978
2018-06-01 01:30,7991
2018-06-01 01:35,7939
2018-06-01 01:40,7920
2018-06-01 01:45,7948
2018-06-01 01:50,7963
2018-06-01 01:55,7946
2018-06-01 02:00,7926
2018-06-01 02:05,7936
2018-06-01 02:10,7940
2018-06-01 02:15,7896
2018-06-01 02:20,7815
2018-06-01 02:25,7802
2018-06-01 02:30,7726
2018-06-01 02:35,7655
2018-06-01 02:40,7521
2018-06-01 02:45,7436
2018-06-01 02:50,7397
2018-06-01 02:55,7348
2018-06-01 03:00,7232
2018-06-01 03:05,7166
2018-06-01 03:10,7104
2018-06-01 03:15,7062
2018-06-01 03:20,6984
2018-06-01 03:25,6904
2018-06-01 03:30,6828
2018-06-01 03:35,6777
2018-06-01 03:40,6643
2018-06-01 03:45,6530
2018-06-01 03:50,6496
2018-06-01 03:55,6459
2018-06-01 04:00,6395
2018-06-01 04:05,6326
2018-06-01 04:10,6265
2018-06-01 04:15,6212
2018-06-01 04:20,6142
2018-06-01 04:25,6077
2018-06-01 04:30,6038
2018-06-01 04:35,5992
2018-06-01 04:40,5959
2018-06-01 04:45,5874
2018-06-01 04:50,5829
2018-06-01 04:55,5705
2018-06-01 05:00,5597
2018-06-01 05:05,5519
2018-06-01 05:10,5449
2018-06-01 05:15,5341
2018-06-01 05:20,5301
2018-06-01 05:25,5268
2018-06-01 05:30,5194
2018-06-01 05:35,5155
2018-06-01 05:40,5123
2018-06-01 05:45,5075
2018-06-01 05:50,4993
2018-06-01 05:55,4901
2018-06-01 06:00,4839
2018-06-01 06:05,4742
2018-06-01 06:10,4623
2018-06-01 06:15,4599
2018-06-01 06:20,4527
2018-06-01 06:25,4477
2018-06-01 06:30,4454
2018-06-01 06:35,4441
2018-06-01 06:40,4356
2018-06-01 06:45,4286
2018-06-01 06:50,4238
2018-06-01 06:55,4162
2018-06-01 07:00,4129
2018-06-01 07:05,4079
2018-06-01 07:10,4050
2018-06-01 07:15,3979
2018-06-01 07:20,3919
2018-06-01 07:25,3917
2018-06-01 07:30,3943
2018-06-01 07:35,3935
2018-06-01 07:40,3908
2018-06-01 07:45,3910
2018-06-01 07:50,3880
2018-06-01 07:55,3912
2018-06-01 08:00,3912
2018-06-01 08:05,3919
2018-06-01 08:10,3911
2018-06-01 08:15,3898
2018-06-01 08:20,3935
2018-06-01 08:25,3948
2018-06-01 08:30,3959
2018-06-01 08:35,3967
2018-06-01 08:40,3949
2018-06-01 08:45,3926
2018-06-01 08:50,3982
2018-06-01 08:55,3996
2018-06-01 09:00,3990
2018-06-01 09:05,4119
2018-06-01 09:10,4184
2018-06-01 09:15,4245
2018-06-01 09:20,4341
2018-06-01 09:25,4437
2018-06-01 09:30,4499
2018-06-01 09:35,4424
2018-06-01 09:40,4481
2018-06-01 09:45,4459
2018-06-01 09:50,4502
2018-06-01 09:55,4489
2018-06-01 10:00,4537
2018-06-01 10:05,4482
2018-06-01 10:10,4468
2018-06-01 10:15,4439
2018-06-01 10:20,4367
2018-06-01 10:25,4347
2018-06-01 10:30,4348
2018-06-01 10:35,3617
2018-06-01 10:40,2900
2018-06-01 10:45,2356
2018-06-01 10:50,1802
2018-06-01 10:55,1476
2018-06-01 11:00,1330
2018-06-01 11:05,1184
2018-06-01 11:10,1168
2018-06-01 11:15,1165
2018-06-01 11:20,1187
2018-06-01 11:25,1200
2018-06-01 11:30,1223
2018-06-01 11:35,1393
2018-06-01 11:40,1358
2018-06-01 11:45,1310
2018-06-01 11:50,1322
2018-06-01 11:55,1359
2018-06-01 12:00,1332
2018-06-01 12:05,1367
2018-06-01 12:10,1375
2018-06-01 12:15,1434
2018-06-01 12:20,1502
2018-06-01 12:25,2287
2018-06-01 12:30,3073
2018-06-01 12:35,3730
2018-06-01 12:40,4249
2018-06-01 12:45,4764
2018-06-01 12:50,5156
2018-06-01 12:55,5516
2018-06-01 13:00,5875
2018-06-01 13:05,6251
2018-06-01 13:10,6618
2018-06-01 13:15,6874
2018-06-01 13:20,7091
2018-06-01 13:25,7293
2018-06-01 13:30,7513
2018-06-01 13:35,7677
2018-06-01 13:40,7815
2018-06-01 13:45,7924
2018-06-01 13:50,8097
2018-06-01 13:55,8264
2018-06-01 14:00,8395
2018-06-01 14:05,8509
2018-06-01 14:10,8577
2018-06-01 14:15,8678
2018-06-01 14:20,8755
2018-06-01 14:25,8807
2018-06-01 14:30,8904
2018-06-01 14:35,8903
2018-06-01 14:40,8951
2018-06-01 14:45,8950
2018-06-01 14:50,9015
2018-06-01 14:55,9036
2018-06-01 15:00,9025
2018-06-01 15:05,9006
2018-06-01 15:10,0
2018-06-01 15:15,9140
2018-06-01 15:20,9188
2018-06-01 15:25,9209
2018-06-01 15:30,9310
2018-06-01 15:35,9313
2018-06-01 15:40,9381
2018-06-01 15:45,9407
2018-06-01 15:50,9474
2018-06-01 15:55,9514
2018-06-01 16:00,9569
2018-06-01 16:05,9668
2018-06-01 16:10,9776
2018-06-01 16:15,9903
2018-06-01 16:20,10033
2018-06-01 16:25,10103
2018-06-01 16:30,10152
2018-06-01 16:35,10234
2018-06-01 16:40,10308
2018-06-01 16:45,10311
2018-06-01 16:50,10348
2018-06-01 16:55,10403
2018-06-01 17:00,10486
2018-06-01 17:05,10539
2018-06-01 17:10,10532
2018-06-01 17:15,10562
2018-06-01 17:20,10678
2018-06-01 17:25,10722
2018-06-01 17:30,10813
2018-06-01 17:35,10789
2018-06-01 17:40,10836
2018-06-01 17:45,10886
2018-06-01 17:50,10964
2018-06-01 17:55,11007
2018-06-01 18:00,11095
2018-06-01 18:05,11136
2018-06-01 18:10,11150
2018-06-01 18:15,11207
2018-06-01 18:20,11196
2018-06-01 18:25,11280
2018-06-01 18:30,11270
2018-06-01 18:35,11304
2018-06-01 18:40,11389
2018-06-01 18:45,11431
2018-06-01 18:50,11565
2018-06-01 18:55,11662
2018-06-01 19:00,11786
2018-06-01 19:05,11792
2018-06-01 19:10,11854
2018-06-01 19:15,11981
2018-06-01 19:20,12030
2018-06-01 19:25,12055
2018-06-01 19:30,12153
2018-06-01 19:35,12185
2018-06-01 19:40,12235
2018-06-01 19:45,12199
2018-06-01 19:50,12199
2018-06-01 19:55,12156
2018-06-01 20:00,12157
2018-06-01 20:05,12174
2018-06-01 20:10,12096
2018-06-01 20:15,12111
2018-06-01 20:20,12122
2018-06-01 20:25,12142
2018-06-01 20:30,12196
2018-06-01 20:35,12263
2018-06-01 20:40,12337
2018-06-01 20:45,12314
2018-06-01 20:50,12281
2018-06-01 20:55,12296
2018-06-01 21:00,12287
2018-06-01 21:05,12209
2018-06-01 21:10,12137
2018-06-01 21:15,12145
2018-06-01 21:20,12084
2018-06-01 21:25,12047
2018-06-01 21:30,11994
2018-06-01 21:35,11945
2018-06-01 21:40,11872
2018-06-01 21:45,11825
2018-06-01 21:50,11765
2018-06-01 21:55,11651
2018-06-01 22:00,11644
2018-06-01 22:05,11523
2018-06-01 22:10,11441
2018-06-01 22:15,11299
2018-06-01 22:20,11245
2018-06-01 22:25,11183
2018-06-01 22:30,11124
2018-06-01 22:35,11050
2018-06-01 22:40,10958
2018-06-01 22:45,10937
2018-06-01 22:50,10888
2018-06-01 22:55,10740
2018-06-01 23:00,10555
2018-06-01 23:05,10458
2018-06-01 23:10,10324
2018-06-01 23:15,10177
2018-06-01 23:20,10077
2018-06-01 23:25,9971
2018-06-01 23:30,9829
2018-06-01 23:35,9712
2018-06-01 23:40,9568
2018-06-01 23:45,9473
2018-06-01 23:50,9389
2018-06-01 23:55,9288
2018-06-02 00:00,9195
2018-06-02 00:05,9098
2018-06-02 00:10,9066
2018-06-02 00:15,9031
2018-06-02 00:20,9017
2018-06-02 00:25,8904
2018-06-02 00:30,8834
2018-06-02 00:35,8762
2018-06-02 00:40,8739
2018-06-02 00:45,8696
2018-06-02 00:50,8623
2018-06-02 00:55,8620
2018-06-02 01:00,8595
2018-06-02 01:05,8513
2018-06-02 01:10,8543
2018-06-02 01:15,8569
2018-06-02 01:20,8591
2018-06-02 01:25,8605
2018-06-02 01:30,8604
2018-06-02 01:35,8609
2018-06-02 01:40,8615
2018-06-02 01:45,8591
2018-06-02 01:50,8610
2018-06-02 01:55,8558
2018-06-02 02:00,8509
2018-06-02 02:05,8512
2018-06-02 02:10,8532
2018-06-02 02:15,8539
2018-06-02 02:20,8532
2018-06-02 02:25,8501
2018-06-02 02:30,8488
2018-06-02 02:35,8453
2018-06-02 02:40,8464
2018-06-02 02:45,8422
2018-06-02 02:50,8432
2018-06-02 02:55,8409
2018-06-02 03:00,8337
2018-06-02 03:05,8350
2018-06-02 03:10,8263
2018-06-02 03:15,8217
2018-06-02 03:20,8184
2018-06-02 03:25,8150
2018-06-02 03:30,8057
2018-06-02 03:35,8038
2018-06-02 03:40,8059
2018-06-02 03:45,7996
2018-06-02 03:50,7835
2018-06-02 03:55,7766
2018-06-02 04:00,7686
2018-06-02 04:05,7688
2018-06-02 04:10,7615
2018-06-02 04:15,7524
2018-06-02 04:20,7445
2018-06-02 04:25,7408
2018-06-02 04:30,7363
2018-06-02 04:35,7293
2018-06-02 04:40,7258
2018-06-02 04:45,7197
2018-06-02 04:50,7148
2018-06-02 04:55,7084
2018-06-02 05:00,7043
2018-06-02 05:05,6941
2018-06-02 05:10,6864
2018-06-02 05:15,6782
2018-06-02 05:20,6685
2018-06-02 05:25,6612
2018-06-02 05:30,6502
2018-06-02 05:35,6378
2018-06-02 05:40,6267
2018-06-02 05:45,6150
2018-06-02 05:50,6055
2018-06-02 05:55,5987
2018-06-02 06:00,5950
2018-06-02 06:05,5855
2018-06-02 06:10,5739
2018-06-02 06:15,5673
2018-06-02 06:20,5613
2018-06-02 06:25,5546
2018-06-02 06:30,5460
2018-06-02 06:35,5407
2018-06-02 06:40,5361
2018-06-02 06:45,5317
2018-06-02 06:50,5260
2018-06-02 06:55,5221
2018-06-02 07:00,5198
2018-06-02 07:05,5122
2018-06-02 07:10,5120
2018-06-02 07:15,5125
2018-06-02 07:20,5072
2018-06-02 07:25,5064
2018-06-02 07:30,5028
2018-06-02 07:35,5012
2018-06-02 07:40,4977
2018-06-02 07:45,4956
2018-06-02 07:50,4949
2018-06-02 07:55,4962
2018-06-02 08:00,4929
2018-06-02 08:05,4900
2018-06-02 08:10,4917
2018-06-02 08:15,4952
2018-06-02 08:20,4978
2018-06-02 08:25,4989
2018-06-02 08:30,5032
2018-06-02 08:35,5064
2018-06-02 08:40,5091
2018-06-02 08:45,5134
2018-06-02 08:50,5147
2018-06-02 08:55,5186
2018-06-02 09:00,5175
2018-06-02 09:05,5238
2018-06-02 09:10,5381
2018-06-02 09:15,5422
2018-06-02 09:20,5458
2018-06-02 09:25,5524
2018-06-02 09:30,5634
2018-06-02 09:35,5722
2018-06-02 09:40,5786
2018-06-02 09:45,5888
2018-06-02 09:50,5937
2018-06-02 09:55,5994
2018-06-02 10:00,6035
2018-06-02 10:05,6127
2018-06-02 10:10,6170
2018-06-02 10:15,6237
2018-06-02 10:20,6292
2018-06-02 10:25,6357
2018-06-02 10:30,6381
2018-06-02 10:35,6492
2018-06-02 10:40,6580
2018-06-02 10:45,6654
2018-06-02 10:50,6688
2018-06-02 10:55,6648
2018-06-02 11:00,6721
2018-06-02 11:05,6808
2018-06-02 11:10,6832
2018-06-02 11:15,6907
2018-06-02 11:20,6944
2018-06-02 11:25,7112
2018-06-02 11:30,7169
2018-06-02 11:35,7241
2018-06-02 11:40,7239
2018-06-02 11:45,7264
2018-06-02 11:50,7262
2018-06-02 11:55,7316
2018-06-02 12:00,7437
2018-06-02 12:05,7393
2018-06-02 12:10,7468
2018-06-02 12:15,7516
2018-06-02 12:20,7565
2018-06-02 12:25,7612
2018-06-02 12:30,7611
2018-06-02 12:35,7676
2018-06-02 12:40,7737
2018-06-02 12:45,7833
2018-06-02 12:50,7970
2018-06-02 12:55,8043
2018-06-02 13:00,8130
2018-06-02 13:05,8243
2018-06-02 13:10,8267
2018-06-02 13:15,8406
2018-06-02 13:20,8462
2018-06-02 13:25,8592
2018-06-02 13:30,8701
2018-06-02 13:35,8750
2018-06-02 13:40,8675
2018-06-02 13:45,8868
2018-06-02 13:50,8935
2018-06-02 13:55,9060
2018-06-02 14:00,9105
2018-06-02 14:05,9136
2018-06-02 14:10,9239
2018-06-02 14:15,9336
2018-06-02 14:20,9376
2018-06-02 14:25,9434
2018-06-02 14:30,9483
2018-06-02 14:35,9510
2018-06-02 14:40,9598
2018-06-02 14:45,9696
2018-06-02 14:50,9780
2018-06-02 14:55,9886
2018-06-02 15:00,9963
2018-06-02 15:05,10008
2018-06-02 15:10,10056
2018-06-02 15:15,10073
2018-06-02 15:20,10177
2018-06-02 15:25,10199
2018-06-02 15:30,10238
2018-06-02 15:35,10234
2018-06-02 15:40,10319
2018-06-02 15:45,10360
2018-06-02 15:50,10405
2018-06-02 15:55,10452
2018-06-02 16:00,10532
2018-06-02 16:05,10623
2018-06-02 16:10,10666
2018-06-02 16:15,10687
2018-06-02 16:20,10670
2018-06-02 16:25,10686
2018-06-02 16:30,10761
2018-06-02 16:35,10826
2018-06-02 16:40,10869
2018-06-02 16:45,10889
2018-06-02 16:50,10937
2018-06-02 16:55,11027
2018-06-02 17:00,11041
2018-06-02 17:05,11079
2018-06-02 17:10,11060
2018-06-02 17:15,11120
2018-06-02 17:20,11160
2018-06-02 17:25,11239
2018-06-02 17:30,11292
2018-06-02 17:35,11302
2018-06-02 17:40,11363
2018-06-02 17:45,11339
2018-06-02 17:50,11378
2018-06-02 17:55,11418
2018-06-02 18:00,11491
2018-06-02 18:05,11562
2018-06-02 18:10,0
2018-06-02 18:15,11688
2018-06-02 18:20,11847
2018-06-02 18:25,11906
2018-06-02 18:30,12024
2018-06-02 18:35,12092
2018-06-02 18:40,12108
2018-06-02 18:45,12128
2018-06-02 18:50,12159
2018-06-02 18:55,12206
2018-06-02 19:00,12199
2018-06-02 19:05,12269
2018-06-02 19:10,12327
2018-06-02 19:15,12330
2018-06-02 19:20,12388
2018-06-02 19:25,12470
2018-06-02 19:30,12580
2018-06-02 19:35,12575
2018-06-02 19:40,12610
2018-06-02 19:45,12604
2018-06-02 19:50,12649
2018-06-02 19:55,12691
2018-06-02 20:00,12689
2018-06-02 20:05,12671
2018-06-02 20:10,12619
2018-06-02 20:15,12605
2018-06-02 20:20,12640
2018-06-02 20:25,12582
2018-06-02 20:30,12585
2018-06-02 20:35,12593
2018-06-02 20:40,12589
2018-06-02 20:45,12547
2018-06-02 20:50,12486
2018-06-02 20:55,12463
2018-06-02 21:00,12397
2018-06-02 21:05,12322
2018-06-02 21:10,12247
2018-06-02 21:15,12207
2018-06-02 21:20,12125
2018-06-02 21:25,12098
2018-06-02 21:30,12041
2018-06-02 21:35,12002
2018-06-02 21:40,11887
2018-06-02 21:45,11830
2018-06-02 21:50,11735
2018-06-02 21:55,11610
2018-06-02 22:00,11562
2018-06-02 22:05,11455
2018-06-02 22:10,11370
2018-06-02 22:15,11219
2018-06-02 22:20,10982
2018-06-02 22:25,10849
2018-06-02 22:30,10663
2018-06-02 22:35,10518
2018-06-02 22:40,10437
2018-06-02 22:45,10426
2018-06-02 22:50,10380
2018-06-02 22:55,10315
2018-06-02 23:00,10234
2018-06-02 23:05,10155
2018-06-02 23:10,10034
2018-06-02 23:15,9915
2018-06-02 23:20,9871
2018-06-02 23:25,9784
2018-06-02 23:30,9723
2018-06-02 23:35,9662
2018-06-02 23:40,9535
2018-06-02 23:45,9346
2018-06-02 23:50,9266
2018-06-02 23:55,9157
2018-06-03 00:00,9070
2018-06-03 00:05,8959
2018-06-03 00:10,8876
2018-06-03 00:15,8790
2018-06-03 00:20,8691
2018-06-03 00:25,8599
2018-06-03 00:30,8535
2018-06-03 00:35,8516
2018-06-03 00:40,8502
2018-06-03 00:45,8502
2018-06-03 00:50,8457
2018-06-03 00:55,8394
2018-06-03 01:00,8437
2018-06-03 01:05,8420
2018-06-03 01:10,8405
2018-06-03 01:15,8408
2018-06-03 01:20,8413
2018-06-03 01:25,8404
2018-06-03 01:30,8406
2018-06-03 01:35,8393
2018-06-03 01:40,8372
2018-06-03 01:45,8359
2018-06-03 01:50,8356
2018-06-03 01:55,8357
2018-06-03 02:00,8317
2018-06-03 02:05,8314
2018-06-03 02:10,8327
2018-06-03 02:15,8304
2018-06-03 02:20,8311
2018-06-03 02:25,8301
2018-06-03 02:30,8306
2018-06-03 02:35,8301
2018-06-03 02:40,8291
2018-06-03 02:45,8278
2018-06-03 02:50,8230
2018-06-03 02:55,8241
2018-06-03 03:00,8261
2018-06-03 03:05,8245
2018-06-03 03:10,8236
2018-06-03 03:15,8214
2018-06-03 03:20,8224
2018-06-03 03:25,8175
2018-06-03 03:30,8090
2018-06-03 03:35,8077
2018-06-03 03:40,8057
2018-06-03 03:45,7999
2018-06-03 03:50,7952
2018-06-03 03:55,7935
2018-06-03 04:00,7875
2018-06-03 04:05,7791
2018-06-03 04:10,7755
2018-06-03 04:15,7671
2018-06-03 04:20,7579
2018-06-03 04:25,7513
2018-06-03 04:30,7450
2018-06-03 04:35,7370
2018-06-03 04:40,7346
2018-06-03 04:45,7265
2018-06-03 04:50,7176
2018-06-03 04:55,7082
2018-06-03 05:00,7007
2018-06-03 05:05,6945
2018-06-03 05:10,6891
2018-06-03 05:15,6828
2018-06-03 05:20,6739
2018-06-03 05:25,6717
2018-06-03 05:30,6614
2018-06-03 05:35,6543
2018-06-03 05:40,6442
2018-06-03 05:45,6382
2018-06-03 05:50,6344
2018-06-03 05:55,6211
2018-06-03 06:00,6111
2018-06-03 06:05,6054
2018-06-03 06:10,5978
2018-06-03 06:15,5841
2018-06-03 06:20,5831
2018-06-03 06:25,5756
2018-06-03 06:30,5731
2018-06-03 06:35,5635
2018-06-03 06:40,5590
2018-06-03 06:45,5520
2018-06-03 06:50,5495
2018-06-03 06:55,5415
2018-06-03 07:00,5349
2018-06-03 07:05,5330
2018-06-03 07:10,5278
2018-06-03 07:15,5327
2018-06-03 07:20,5316
2018-06-03 07:25,5310
2018-06-03 07:30,5282
2018-06-03 07:35,5297
2018-06-03 07:40,5336
2018-06-03 07:45,5289
2018-06-03 07:50,5284
2018-06-03 07:55,5283
2018-06-03 08:00,5319
2018-06-03 08:05,5342
2018-06-03 08:10,5373
2018-06-03 08:15,5377
2018-06-03 08:20,5426
2018-06-03 08:25,5398
2018-06-03 08:30,5403
2018-06-03 08:35,5411
2018-06-03 08:40,5432
2018-06-03 08:45,5439
2018-06-03 08:50,5471
2018-06-03 08:55,5510
2018-06-03 09:00,5546
2018-06-03 09:05,5669
2018-06-03 09:10,5768
2018-06-03 09:15,5834
2018-06-03 09:20,5938
2018-06-03 09:25,5963
2018-06-03 09:30,6017
2018-06-03 09:35,6145
2018-06-03 09:40,6242
2018-06-03 09:45,6337
2018-06-03 09:50,6363
2018-06-03 09:55,6386
2018-06-03 10:00,6419
2018-06-03 10:05,6511
2018-06-03 10:10,6572
2018-06-03 10:15,6630
2018-06-03 10:20,6680
2018-06-03 10:25,6686
2018-06-03 10:30,6754
2018-06-03 10:35,6785
2018-06-03 10:40,6817
2018-06-03 10:45,6857
2018-06-03 10:50,6903
2018-06-03 10:55,6948
2018-06-03 11:00,7012
2018-06-03 11:05,7107
2018-06-03 11:10,7181
2018-06-03 11:15,7267
2018-06-03 11:20,7330
2018-06-03 11:25,7392
2018-06-03 11:30,7454
2018-06-03 11:35,7508
2018-06-03 11:40,7616
2018-06-03 11:45,7648
2018-06-03 11:50,7696
2018-06-03 11:55,7781
2018-06-03 12:00,7793
2018-06-03 12:05,7881
2018-06-03 12:10,7958
2018-06-03 12:15,7935
2018-06-03 12:20,8082
2018-06-03 12:25,8151
2018-06-03 12:30,8172
2018-06-03 12:35,8216
2018-06-03 12:40,8268
2018-06-03 12:45,8340
2018-06-03 12:50,8403
2018-06-03 12:55,8490
2018-06-03 13:00,8552
2018-06-03 13:05,8592
2018-06-03 13:10,8661
2018-06-03 13:15,8750
2018-06-03 13:20,8808
2018-06-03 13:25,8876
2018-06-03 13:30,8946
2018-06-03 13:35,8971
2018-06-03 13:40,9023
2018-06-03 13:45,9155
2018-06-03 13:50,9232
2018-06-03 13:55,9311
2018-06-03 14:00,9386
2018-06-03 14:05,9503
2018-06-03 14:10,9623
2018-06-03 14:15,9644
2018-06-03 14:20,9710
2018-06-03 14:25,9760
2018-06-03 14:30,9761
2018-06-03 14:35,9849
2018-06-03 14:40,9955
2018-06-03 14:45,10091
2018-06-03 14:50,10120
2018-06-03 14:55,10159
2018-06-03 15:00,10226
2018-06-03 15:05,10334
2018-06-03 15:10,10331
2018-06-03 15:15,10398
2018-06-03 15:20,10461
2018-06-03 15:25,10499
2018-06-03 15:30,10635
2018-06-03 15:35,10686
2018-06-03 15:40,10757
2018-06-03 15:45,10843
2018-06-03 15:50,10931
2018-06-03 15:55,10994
2018-06-03 16:00,11052
2018-06-03 16:05,11135
2018-06-03 16:10,11190
2018-06-03 16:15,11270
2018-06-03 16:20,11310
2018-06-03 16:25,11331
2018-06-03 16:30,11436
2018-06-03 16:35,11608
2018-06-03 16:40,11665
2018-06-03 16:45,11772
2018-06-03 16:50,11822
2018-06-03 16:55,11826
2018-06-03 17:00,11855
2018-06-03 17:05,11873
2018-06-03 17:10,11988
2018-06-03 17:15,12003
2018-06-03 17:20,12092
2018-06-03 17:25,12144
2018-06-03 17:30,12254
2018-06-03 17:35,12256
2018-06-03 17:40,12399
2018-06-03 17:45,12440
2018-06-03 17:50,12522
2018-06-03 17:55,12617
2018-06-03 18:00,12638
2018-06-03 18:05,12643
2018-06-03 18:10,12712
2018-06-03 18:15,12785
2018-06-03 18:20,12715
2018-06-03 18:25,12770
2018-06-03 18:30,12758
2018-06-03 18:35,12800
2018-06-03 18:40,12861
2018-06-03 18:45,12930
2018-06-03 18:50,12993
2018-06-03 18:55,13054
2018-06-03 19:00,13082
2018-06-03 19:05,13209
2018-06-03 19:10,13173
2018-06-03 19:15,13171
2018-06-03 19:20,13205
2018-06-03 19:25,13179
2018-06-03 19:30,13190
2018-06-03 19:35,13161
2018-06-03 19:40,13079
2018-06-03 19:45,13033
2018-06-03 19:50,12937
2018-06-03 19:55,12881
2018-06-03 20:00,12907
2018-06-03 20:05,12924
2018-06-03 20:10,12857
2018-06-03 20:15,12818
2018-06-03 20:20,12790
2018-06-03 20:25,12546
2018-06-03 20:30,12409
2018-06-03 20:35,12352
2018-06-03 20:40,12314
2018-06-03 20:45,12259
2018-06-03 20:50,12260
2018-06-03 20:55,12189
2018-06-03 21:00,12095
2018-06-03 21:05,11979
2018-06-03 21:10,11889
2018-06-03 21:15,11887
2018-06-03 21:20,11818
2018-06-03 21:25,11770
2018-06-03 21:30,11643
2018-06-03 21:35,11533
2018-06-03 21:40,11412
2018-06-03 21:45,11264
2018-06-03 21:50,11149
2018-06-03 21:55,10989
2018-06-03 22:00,10908
2018-06-03 22:05,10742
2018-06-03 22:10,10611
2018-06-03 22:15,0
2018-06-03 22:20,10409
2018-06-03 22:25,10254
2018-06-03 22:30,10139
2018-06-03 22:35,10054
2018-06-03 22:40,9920
2018-06-03 22:45,9832
2018-06-03 22:50,9820
2018-06-03 22:55,9679
2018-06-03 23:00,9668
2018-06-03 23:05,9636
2018-06-03 23:10,9626
2018-06-03 23:15,9528
2018-06-03 23:20,9436
2018-06-03 23:25,9396
2018-06-03 23:30,9259
2018-06-03 23:35,9179
2018-06-03 23:40,9196
2018-06-03 23:45,9158
2018-06-03 23:50,9044
2018-06-03 23:55,9058
2018-06-04 00:00,8948
2018-06-04 00:05,8926
2018-06-04 00:10,8903
2018-06-04 00:15,8857
2018-06-04 00:20,8751
2018-06-04 00:25,8723
2018-06-04 00:30,8666
2018-06-04 00:35,8654
2018-06-04 00:40,8610
2018-06-04 00:45,8585
2018-06-04 00:50,8534
2018-06-04 00:55,8466
2018-06-04 01:00,8456
2018-06-04 01:05,8351
2018-06-04 01:10,8295
2018-06-04 01:15,8322
2018-06-04 01:20,8245
2018-06-04 01:25,8181
2018-06-04 01:30,8128
2018-06-04 01:35,8109
2018-06-04 01:40,8048
2018-06-04 01:45,8025
2018-06-04 01:50,7969
2018-06-04 01:55,7968
2018-06-04 02:00,7915
2018-06-04 02:05,7870
2018-06-04 02:10,7827
2018-06-04 02:15,7811
2018-06-04 02:20,7777
2018-06-04 02:25,7701
2018-06-04 02:30,7685
2018-06-04 02:35,7644
2018-06-04 02:40,7630
2018-06-04 02:45,7615
2018-06-04 02:50,7575
2018-06-04 02:55,7457
2018-06-04 03:00,7451
2018-06-04 03:05,7383
2018-06-04 03:10,7265
2018-06-04 03:15,7182
2018-06-04 03:20,7138
2018-06-04 03:25,7047
2018-06-04 03:30,6944
2018-06-04 03:35,6870
2018-06-04 03:40,6764
2018-06-04 03:45,6657
2018-06-04 03:50,6588
2018-06-04 03:55,6504
2018-06-04 04:00,6423
2018-06-04 04:05,6310
2018-06-04 04:10,6212
2018-06-04 04:15,6156
2018-06-04 04:20,6066
2018-06-04 04:25,5956
2018-06-04 04:30,5876
2018-06-04 04:35,5774
2018-06-04 04:40,5687
2018-06-04 04:45,5592
2018-06-04 04:50,5543
2018-06-04 04:55,5465
2018-06-04 05:00,5426
2018-06-04 05:05,5363
2018-06-04 05:10,5259
2018-06-04 05:15,5178
2018-06-04 05:20,5056
2018-06-04 05:25,4993
2018-06-04 05:30,4945
2018-06-04 05:35,4880
2018-06-04 05:40,4791
2018-06-04 05:45,4736
2018-06-04 05:50,4668
2018-06-04 05:55,4592
2018-06-04 06:00,4517
2018-06-04 06:05,4423
2018-06-04 06:10,4392
2018-06-04 06:15,4327
2018-06-04 06:20,4299
2018-06-04 06:25,4261
2018-06-04 06:30,4197
2018-06-04 06:35,4132
2018-06-04 06:40,4098
2018-06-04 06:45,4070
2018-06-04 06:50,4012
2018-06-04 06:55,3996
2018-06-04 07:00,3947
2018-06-04 07:05,3931
2018-06-04 07:10,3887
2018-06-04 07:15,3840
2018-06-04 07:20,3816
2018-06-04 07:25,3751
2018-06-04 07:30,3667
2018-06-04 07:35,3671
2018-06-04 07:40,3627
2018-06-04 07:45,3614
2018-06-04 07:50,3626
2018-06-04 07:55,3611
2018-06-04 08:00,3604
2018-06-04 08:05,3613
2018-06-04 08:10,3626
2018-06-04 08:15,3617
2018-06-04 08:20,3650
2018-06-04 08:25,3689
2018-06-04 08:30,3704
2018-06-04 08:35,3696
2018-06-04 08:40,3677
2018-06-04 08:45,3664
2018-06-04 08:50,3683
2018-06-04 08:55,3732
2018-06-04 09:00,3684
2018-06-04 09:05,3728
2018-06-04 09:10,3795
2018-06-04 09:15,3848
2018-06-04 09:20,3870
2018-06-04 09:25,3868
2018-06-04 09:30,3887
2018-06-04 09:35,3944
2018-06-04 09:40,3998
2018-06-04 09:45,4013
2018-06-04 09:50,4080
2018-06-04 09:55,4125
2018-06-04 10:00,4135
2018-06-04 10:05,4119
2018-06-04 10:10,4165
2018-06-04 10:15,4276
2018-06-04 10:20,4292
2018-06-04 10:25,4317
2018-06-04 10:30,4354
2018-06-04 10:35,4409
2018-06-04 10:40,4422
2018-06-04 10:45,4467
2018-06-04 10:50,4507
2018-06-04 10:55,4589
2018-06-04 11:00,4598
2018-06-04 11:05,4582
2018-06-04 11:10,4610
2018-06-04 11:15,4625
2018-06-04 11:20,4736
2018-06-04 11:25,4777
2018-06-04 11:30,4830
2018-06-04 11:35,4858
2018-06-04 11:40,4890
2018-06-04 11:45,4960
2018-06-04 11:50,4970
2018-06-04 11:55,5007
2018-06-04 12:00,5078
2018-06-04 12:05,5114
2018-06-04 12:10,5167
2018-06-04 12:15,5193
2018-06-04 12:20,5296
2018-06-04 12:25,5347
2018-06-04 12:30,5420
2018-06-04 12:35,5503
2018-06-04 12:40,5543
2018-06-04 12:45,5569
2018-06-04 12:50,5634
2018-06-04 12:55,5702
2018-06-04 13:00,5800
2018-06-04 13:05,5913
2018-06-04 13:10,6007
2018-06-04 13:15,6053
2018-06-04 13:20,6165
2018-06-04 13:25,6257
2018-06-04 13:30,6337
2018-06-04 13:35,6467
2018-06-04 13:40,6576
2018-06-04 13:45,6718
2018-06-04 13:50,6802
2018-06-04 13:55,6899
2018-06-04 14:00,6956
2018-06-04 14:05,7097
2018-06-04 14:10,7143
2018-06-04 14:15,7226
2018-06-04 14:20,7344
2018-06-04 14:25,7329
2018-06-04 14:30,7290
2018-06-04 14:35,7344
2018-06-04 14:40,7411
2018-06-04 14:45,7464
2018-06-04 14:50,7554
2018-06-04 14:55,7626
2018-06-04 15:00,7722
2018-06-04 15:05,7807
2018-06-04 15:10,7908
2018-06-04 15:15,7963
2018-06-04 15:20,8043
2018-06-04 15:25,8084
2018-06-04 15:30,8198
2018-06-04 15:35,8223
2018-06-04 15:40,8347
2018-06-04 15:45,8409
2018-06-04 15:50,8458
2018-06-04 15:55,8554
2018-06-04 16:00,8621
2018-06-04 16:05,8697
2018-06-04 16:10,8787
2018-06-04 16:15,8860
2018-06-04 16:20,8997
2018-06-04 16:25,9080
2018-06-04 16:30,9138
2018-06-04 16:35,9196
2018-06-04 16:40,9280
2018-06-04 16:45,9370
2018-06-04 16:50,9445
2018-06-04 16:55,9522
2018-06-04 17:00,9667
2018-06-04 17:05,9673
2018-06-04 17:10,9656
2018-06-04 17:15,9752
2018-06-04 17:20,9758
2018-06-04 17:25,9832
2018-06-04 17:30,9934
2018-06-04 17:35,10073
2018-06-04 17:40,10167
2018-06-04 17:45,10229
2018-06-04 17:50,10280
2018-06-04 17:55,10310
2018-06-04 18:00,10422
2018-06-04 18:05,10475
2018-06-04 18:10,10540
2018-06-04 18:15,10581
2018-06-04 18:20,10647
2018-06-04 18:25,10636
2018-06-04 18:30,10708
2018-06-04 18:35,10848
2018-06-04 18:40,10931
2018-06-04 18:45,10982
2018-06-04 18:50,11061
2018-06-04 18:55,11081
2018-06-04 19:00,11192
2018-06-04 19:05,11161
2018-06-04 19:10,11158
2018-06-04 19:15,11184
2018-06-04 19:20,11177
2018-06-04 19:25,11238
2018-06-04 19:30,11284
2018-06-04 19:35,11369
2018-06-04 19:40,11489
2018-06-04 19:45,11543
2018-06-04 19:50,11573
2018-06-04 19:55,11630
2018-06-04 20:00,11614
2018-06-04 20:05,11589
2018-06-04 20:10,11552
2018-06-04 20:15,11460
2018-06-04 20:20,11385
2018-06-04 20:25,11361
2018-06-04 20:30,11234
2018-06-04 20:35,11167
2018-06-04 20:40,11113
2018-06-04 20:45,11023
2018-06-04 20:50,10956
2018-06-04 20:55,11031
2018-06-04 21:00,10904
2018-06-04 21:05,10774
2018-06-04 21:10,10688
2018-06-04 21:15,10616
2018-06-04 21:20,10579
2018-06-04 21:25,10484
2018-06-04 21:30,10344
2018-06-04 21:35,10252
2018-06-04 21:40,10179
2018-06-04 21:45,10224
2018-06-04 21:50,10113
2018-06-04 21:55,9970
2018-06-04 22:00,9843
2018-06-04 22:05,9702
2018-06-04 22:10,9532
2018-06-04 22:15,9429
2018-06-04 22:20,9398
2018-06-04 22:25,9318
2018-06-04 22:30,9232
2018-06-04 22:35,9144
2018-06-04 22:40,9055
2018-06-04 22:45,9005
2018-06-04 22:50,9024
2018-06-04 22:55,8925
2018-06-04 23:00,8835
2018-06-04 23:05,8732
2018-06-04 23:10,8617
2018-06-04 23:15,8545
2018-06-04 23:20,8454
2018-06-04 23:25,8403
2018-06-04 23:30,8335
2018-06-04 23:35,8288
2018-06-04 23:40,8233
2018-06-04 23:45,8235
2018-06-04 23:50,8150
2018-06-04 23:55,8072
2018-06-05 00:00,8058
2018-06-05 00:05,7952
2018-06-05 00:10,7907
2018-06-05 00:15,7873
2018-06-05 00:20,7858
2018-06-05 00:25,7859
2018-06-05 00:30,7826
2018-06-05 00:35,7810
2018-06-05 00:40,7812
2018-06-05 00:45,7866
2018-06-05 00:50,7820
2018-06-05 00:55,7822
2018-06-05 01:00,7826
2018-06-05 01:05,7781
2018-06-05 01:10,7771
2018-06-05 01:15,7822
2018-06-05 01:20,7862
2018-06-05 01:25,7841
2018-06-05 01:30,7791
2018-06-05 01:35,7770
2018-06-05 01:40,7738
2018-06-05 01:45,7699
2018-06-05 01:50,7659
2018-06-05 01:55,7564
2018-06-05 02:00,7580
2018-06-05 02:05,7486
2018-06-05 02:10,7442
2018-06-05 02:15,7396
2018-06-05 02:20,7380
2018-06-05 02:25,7328
2018-06-05 02:30,7345
2018-06-05 02:35,7263
2018-06-05 02:40,7193
2018-06-05 02:45,7177
2018-06-05 02:50,7133
2018-06-05 02:55,7069
2018-06-05 03:00,7010
2018-06-05 03:05,6922
2018-06-05 03:10,6899
2018-06-05 03:15,6783
2018-06-05 03:20,6721
2018-06-05 03:25,6613
2018-06-05 03:30,6595
2018-06-05 03:35,6491
2018-06-05 03:40,6368
2018-06-05 03:45,6327
2018-06-05 03:50,6249
2018-06-05 03:55,6195
2018-06-05 04:00,6120
2018-06-05 04:05,6066
2018-06-05 04:10,5996
2018-06-05 04:15,5873
2018-06-05 04:20,5846
2018-06-05 04:25,5774
2018-06-05 04:30,5705
2018-06-05 04:35,5621
2018-06-05 04:40,5537
2018-06-05 04:45,5460
2018-06-05 04:50,5365
2018-06-05 04:55,5311
2018-06-05 05:00,5228
2018-06-05 05:05,5182
2018-06-05 05:10,5053
2018-06-05 05:15,4921
2018-06-05 05:20,4854
2018-06-05 05:25,4769
2018-06-05 05:30,4746
2018-06-05 05:35,4669
2018-06-05 05:40,4593
2018-06-05 05:45,4495
2018-06-05 05:50,4403
2018-06-05 05:55,4341
2018-06-05 06:00,4267
2018-06-05 06:05,4216
2018-06-05 06:10,4125
2018-06-05 06:15,4078
2018-06-05 06:20,4027
2018-06-05 06:25,3940
2018-06-05 06:30,3870
2018-06-05 06:35,3850
2018-06-05 06:40,3781
2018-06-05 06:45,3722
2018-06-05 06:50,3689
2018-06-05 06:55,3678
2018-06-05 07:00,3663
2018-06-05 07:05,3638
2018-06-05 07:10,3620
2018-06-05 07:15,3585
2018-06-05 07:20,3550
2018-06-05 07:25,3539
2018-06-05 07:30,3519
2018-06-05 07:35,3487
2018-06-05 07:40,3468
2018-06-05 07:45,3476
2018-06-05 07:50,3485
2018-06-05 07:55,3425
2018-06-05 08:00,3465
2018-06-05 08:05,3468
2018-06-05 08:10,3501
2018-06-05 08:15,3535
2018-06-05 08:20,3543
2018-06-05 08:25,3527
2018-06-05 08:30,3522
2018-06-05 08:35,3549
2018-06-05 08:40,3574
2018-06-05 08:45,3560
2018-06-05 08:50,3582
2018-06-05 08:55,3594
2018-06-05 09:00,3604
2018-06-05 09:05,3701
2018-06-05 09:10,3752
2018-06-05 09:15,3767
2018-06-05 09:20,3826
2018-06-05 09:25,3896
2018-06-05 09:30,3888
2018-06-05 09:35,3932
2018-06-05 09:40,3981
2018-06-05 09:45,4013
2018-06-05 09:50,4076
2018-06-05 09:55,4160
2018-06-05 10:00,4231
2018-06-05 10:05,4252
2018-06-05 10:10,4309
2018-06-05 10:15,4315
2018-06-05 10:20,4329
2018-06-05 10:25,4431
2018-06-05 10:30,4490
2018-06-05 10:35,4531
2018-06-05 10:40,4554
2018-06-05 10:45,4616
2018-06-05 10:50,4628
2018-06-05 10:55,4723
2018-06-05 11:00,4778
2018-06-05 11:05,4804
2018-06-05 11:10,4826
2018-06-05 11:15,4854
2018-06-05 11:20,4910
2018-06-05 11:25,4967
2018-06-05 11:30,5029
2018-06-05 11:35,5073
2018-06-05 11:40,5158
2018-06-05 11:45,5178
2018-06-05 11:50,5233
2018-06-05 11:55,5290
2018-06-05 12:00,5303
2018-06-05 12:05,5332
2018-06-05 12:10,5409
2018-06-05 12:15,5443
2018-06-05 12:20,5464
2018-06-05 12:25,5490
2018-06-05 12:30,5560
2018-06-05 12:35,5581
2018-06-05 12:40,5633
2018-06-05 12:45,5745
2018-06-05 12:50,5818
2018-06-05 12:55,5887
2018-06-05 13:00,5916
2018-06-05 13:05,6012
2018-06-05 13:10,6079
2018-06-05 13:15,6175
2018-06-05 13:20,6261
2018-06-05 13:25,6372
2018-06-05 13:30,6470
2018-06-05 13:35,6589
2018-06-05 13:40,6668
2018-06-05 13:45,6795
2018-06-05 13:50,6860
2018-06-05 13:55,6911
2018-06-05 14:00,6978
2018-06-05 14:05,7051
2018-06-05 14:10,7189
2018-06-05 14:15,7273
2018-06-05 14:20,7365
2018-06-05 14:25,7465
2018-06-05 14:30,7531
2018-06-05 14:35,7554
2018-06-05 14:40,7609
2018-06-05 14:45,7671
2018-06-05 14:50,7763
2018-06-05 14:55,7793
2018-06-05 15:00,7925
2018-06-05 15:05,8080
2018-06-05 15:10,8113
2018-06-05 15:15,7039
2018-06-05 15:20,4938
2018-06-05 15:25,3743
2018-06-05 15:30,3676
2018-06-05 15:35,4297
2018-06-05 15:40,4819
2018-06-05 15:45,5275
2018-06-05 15:50,5730
2018-06-05 15:55,6091
2018-06-05 16:00,6402
2018-06-05 16:05,6739
2018-06-05 16:10,7112
2018-06-05 16:15,7451
2018-06-05 16:20,7819
2018-06-05 16:25,8083
2018-06-05 16:30,8330
2018-06-05 16:35,8602
2018-06-05 16:40,8790
2018-06-05 16:45,9027
2018-06-05 16:50,9144
2018-06-05 16:55,9348
2018-06-05 17:00,9512
2018-06-05 17:05,9668
2018-06-05 17:10,9810
2018-06-05 17:15,9861
2018-06-05 17:20,10007
2018-06-05 17:25,10109
2018-06-05 17:30,10210
2018-06-05 17:35,10349
2018-06-05 17:40,10508
2018-06-05 17:45,10580
2018-06-05 17:50,10630
2018-06-05 17:55,10726
2018-06-05 18:00,10894
2018-06-05 18:05,11024
2018-06-05 18:10,11181
2018-06-05 18:15,11293
2018-06-05 18:20,11329
2018-06-05 18:25,11374
2018-06-05 18:30,11388
2018-06-05 18:35,11451
2018-06-05 18:40,11502
2018-06-05 18:45,11574
2018-06-05 18:50,11582
2018-06-05 18:55,11594
2018-06-05 19:00,11627
2018-06-05 19:05,11640
2018-06-05 19:10,11675
2018-06-05 19:15,11614
2018-06-05 19:20,11608
2018-06-05 19:25,11628
2018-06-05 19:30,11654
2018-06-05 19:35,11619
2018-06-05 19:40,11642
2018-06-05 19:45,11694
2018-06-05 19:50,11726
2018-06-05 19:55,11761
2018-06-05 20:00,11702
2018-06-05 20:05,11661
2018-06-05 20:10,11765
2018-06-05 20:15,11715
2018-06-05 20:20,11703
2018-06-05 20:25,11628
2018-06-05 20:30,11608
2018-06-05 20:35,11569
2018-06-05 20:40,11409
2018-06-05 20:45,11318
2018-06-05 20:50,11192
2018-06-05 20:55,11107
2018-06-05 21:00,11045
2018-06-05 21:05,10885
2018-06-05 21:10,10846
2018-06-05 21:15,10779
2018-06-05 21:20,10641
2018-06-05 21:25,10447
2018-06-05 21:30,10335
2018-06-05 21:35,10205
2018-06-05 21:40,10151
2018-06-05 21:45,10022
2018-06-05 21:50,9909
2018-06-05 21:55,9821
2018-06-05 22:00,9702
2018-06-05 22:05,9695
2018-06-05 22:10,9656
2018-06-05 22:15,9506
2018-06-05 22:20,9499
2018-06-05 22:25,9446
2018-06-05 22:30,9367
2018-06-05 22:35,9322
2018-06-05 22:40,9240
2018-06-05 22:45,9288
2018-06-05 22:50,9211
2018-06-05 22:55,9042
2018-06-05 23:00,8971
2018-06-05 23:05,8903
2018-06-05 23:10,0
2018-06-05 23:15,8480
2018-06-05 23:20,8691
2018-06-05 23:25,8691
2018-06-05 23:30,8649
2018-06-05 23:35,8634
2018-06-05 23:40,8630
2018-06-05 23:45,8526
2018-06-05 23:50,8344
2018-06-05 23:55,8243
2018-06-06 00:00,8191
2018-06-06 00:05,8156
2018-06-06 00:10,8144
2018-06-06 00:15,8115
2018-06-06 00:20,8070
2018-06-06 00:25,7970
2018-06-06 00:30,7927
2018-06-06 00:35,7817
2018-06-06 00:40,7830
2018-06-06 00:45,7804
2018-06-06 00:50,7809
2018-06-06 00:55,7824
2018-06-06 01:00,7765
2018-06-06 01:05,7718
2018-06-06 01:10,7758
2018-06-06 01:15,7853
2018-06-06 01:20,7828
2018-06-06 01:25,7833
2018-06-06 01:30,7884
2018-06-06 01:35,7868
2018-06-06 01:40,7828
2018-06-06 01:45,7808
2018-06-06 01:50,7816
2018-06-06 01:55,7837
2018-06-06 02:00,7841
2018-06-06 02:05,7787
2018-06-06 02:10,7774
2018-06-06 02:15,7783
2018-06-06 02:20,7724
2018-06-06 02:25,7717
2018-06-06 02:30,7721
2018-06-06 02:35,7697
2018-06-06 02:40,7648
2018-06-06 02:45,7526
2018-06-06 02:50,7476
2018-06-06 02:55,7407
2018-06-06 03:00,7302
2018-06-06 03:05,7239
2018-06-06 03:10,7107
2018-06-06 03:15,7030
2018-06-06 03:20,6920
2018-06-06 03:25,6862
2018-06-06 03:30,6785
2018-06-06 03:35,6711
2018-06-06 03:40,6677
2018-06-06 03:45,6562
2018-06-06 03:50,6469
2018-06-06 03:55,6344
2018-06-06 04:00,6216
2018-06-06 04:05,6149
2018-06-06 04:10,6139
2018-06-06 04:15,6058
2018-06-06 04:20,5982
2018-06-06 04:25,5915
2018-06-06 04:30,5835
2018-06-06 04:35,5756
2018-06-06 04:40,5652
2018-06-06 04:45,5549
2018-06-06 04:50,5476
2018-06-06 04:55,5399
2018-06-06 05:00,5320
2018-06-06 05:05,5271
2018-06-06 05:10,5277
2018-06-06 05:15,5192
2018-06-06 05:20,5086
2018-06-06 05:25,5008
2018-06-06 05:30,4925
2018-06-06 05:35,4848
2018-06-06 05:40,4740
2018-06-06 05:45,4663
2018-06-06 05:50,4585
2018-06-06 05:55,4524
2018-06-06 06:00,4436
2018-06-06 06:05,4373
2018-06-06 06:10,4319
2018-06-06 06:15,4252
2018-06-06 06:20,4167
2018-06-06 06:25,4068
2018-06-06 06:30,4013
2018-06-06 06:35,4001
2018-06-06 06:40,3920
2018-06-06 06:45,3865
2018-06-06 06:50,3833
2018-06-06 06:55,3746
2018-06-06 07:00,3689
2018-06-06 07:05,3633
2018-06-06 07:10,3567
2018-06-06 07:15,3545
2018-06-06 07:20,3543
2018-06-06 07:25,3537
2018-06-06 07:30,3534
2018-06-06 07:35,3491
2018-06-06 07:40,3511
2018-06-06 07:45,3566
2018-06-06 07:50,3562
2018-06-06 07:55,3572
2018-06-06 08:00,3563
2018-06-06 08:05,3587
2018-06-06 08:10,3617
2018-06-06 08:15,3576
2018-06-06 08:20,3608
2018-06-06 08:25,3622
2018-06-06 08:30,3655
2018-06-06 08:35,3640
2018-06-06 08:40,3645
2018-06-06 08:45,3665
2018-06-06 08:50,3687
2018-06-06 08:55,3688
2018-06-06 09:00,3690
2018-06-06 09:05,3741
2018-06-06 09:10,3811
2018-06-06 09:15,3833
2018-06-06 09:20,3853
2018-06-06 09:25,3914
2018-06-06 09:30,3958
2018-06-06 09:35,3978
2018-06-06 09:40,4023
2018-06-06 09:45,4070
2018-06-06 09:50,4083
2018-06-06 09:55,4134
2018-06-06 10:00,4173
2018-06-06 10:05,4207
2018-06-06 10:10,4228
2018-06-06 10:15,4288
2018-06-06 10:20,4318
2018-06-06 10:25,4326
2018-06-06 10:30,4336
2018-06-06 10:35,4413
2018-06-06 10:40,4456
2018-06-06 10:45,4508
2018-06-06 10:50,4546
2018-06-06 10:55,4605
2018-06-06 11:00,4678
2018-06-06 11:05,4716
2018-06-06 11:10,4832
2018-06-06 11:15,4892
2018-06-06 11:20,4981
2018-06-06 11:25,5071
2018-06-06 11:30,5110
2018-06-06 11:35,5170
2018-06-06 11:40,5225
2018-06-06 11:45,5323
2018-06-06 11:50,5339
2018-06-06 11:55,5386
2018-06-06 12:00,5453
2018-06-06 12:05,5471
2018-06-06 12:10,5496
2018-06-06 12:15,5509
2018-06-06 12:20,5593
2018-06-06 12:25,5656
2018-06-06 12:30,5703
2018-06-06 12:35,5740
2018-06-06 12:40,5817
2018-06-06 12:45,5913
2018-06-06 12:50,5989
2018-06-06 12:55,6099
2018-06-06 13:00,6153
2018-06-06 13:05,6211
2018-06-06 13:10,6313
2018-06-06 13:15,6344
2018-06-06 13:20,6406
2018-06-06 13:25,6469
2018-06-06 13:30,6522
2018-06-06 13:35,6553
2018-06-06 13:40,6637
2018-06-06 13:45,6715
2018-06-06 13:50,6826
2018-06-06 13:55,6863
2018-06-06 14:00,6877
2018-06-06 14:05,6840
2018-06-06 14:10,6846
2018-06-06 14:15,6901
2018-06-06 14:20,6976
2018-06-06 14:25,7058
2018-06-06 14:30,7106
2018-06-06 14:35,7133
2018-06-06 14:40,7193
2018-06-06 14:45,7258
2018-06-06 14:50,7313
2018-06-06 14:55,7431
2018-06-06 15:00,7504
2018-06-06 15:05,7524
2018-06-06 15:10,7603
2018-06-06 15:15,7670
2018-06-06 15:20,7715
2018-06-06 15:25,7812
2018-06-06 15:30,7954
2018-06-06 15:35,8041
2018-06-06 15:40,8139
2018-06-06 15:45,8194
2018-06-06 15:50,8386
2018-06-06 15:55,8458
2018-06-06 16:00,8488
2018-06-06 16:05,8622
2018-06-06 16:10,8712
2018-06-06 16:15,8777
2018-06-06 16:20,8873
2018-06-06 16:25,8964
2018-06-06 16:30,9063
2018-06-06 16:35,9216
2018-06-06 16:40,9339
2018-06-06 16:45,9438
2018-06-06 16:50,9548
2018-06-06 16:55,9620
2018-06-06 17:00,9617
2018-06-06 17:05,9639
2018-06-06 17:10,9694
2018-06-06 17:15,9815
2018-06-06 17:20,9858
2018-06-06 17:25,9914
2018-06-06 17:30,9989
2018-06-06 17:35,10032
2018-06-06 17:40,10042
2018-06-06 17:45,10124
2018-06-06 17:50,10219
2018-06-06 17:55,10241
2018-06-06 18:00,10358
2018-06-06 18:05,10331
2018-06-06 18:10,10376
2018-06-06 18:15,10425
2018-06-06 18:20,10529
2018-06-06 18:25,10579
2018-06-06 18:30,10691
2018-06-06 18:35,10705
2018-06-06 18:40,10761
2018-06-06 18:45,10835
2018-06-06 18:50,10854
2018-06-06 18:55,10923
2018-06-06 19:00,10974
2018-06-06 19:05,10972
2018-06-06 19:10,11054
2018-06-06 19:15,11102
2018-06-06 19:20,11155
2018-06-06 19:25,11330
2018-06-06 19:30,11343
2018-06-06 19:35,11370
2018-06-06 19:40,11364
2018-06-06 19:45,11315
2018-06-06 19:50,11291
2018-06-06 19:55,11273
2018-06-06 20:00,11308
2018-06-06 20:05,11267
2018-06-06 20:10,11198
2018-06-06 20:15,11216
2018-06-06 20:20,10951
2018-06-06 20:25,10938
2018-06-06 20:30,10840
2018-06-06 20:35,10757
2018-06-06 20:40,10723
2018-06-06 20:45,10769
2018-06-06 20:50,10744
2018-06-06 20:55,10736
2018-06-06 21:00,10717
2018-06-06 21:05,10622
2018-06-06 21:10,10554
2018-06-06 21:15,10481
2018-06-06 21:20,10347
2018-06-06 21:25,10320
2018-06-06 21:30,10305
2018-06-06 21:35,10241
2018-06-06 21:40,10114
2018-06-06 21:45,10011
2018-06-06 21:50,9846
2018-06-06 21:55,9666
2018-06-06 22:00,9541
2018-06-06 22:05,9470
2018-06-06 22:10,9355
2018-06-06 22:15,9211
2018-06-06 22:20,9164
2018-06-06 22:25,9047
2018-06-06 22:30,8989
2018-06-06 22:35,8928
2018-06-06 22:40,8823
2018-06-06 22:45,8739
2018-06-06 22:50,8659
2018-06-06 22:55,8613
2018-06-06 23:00,8507
2018-06-06 23:05,8459
2018-06-06 23:10,8375
2018-06-06 23:15,8340
2018-06-06 23:20,8273
2018-06-06 23:25,8042
2018-06-06 23:30,8058
2018-06-06 23:35,7970
2018-06-06 23:40,7831
2018-06-06 23:45,7823
2018-06-06 23:50,7771
2018-06-06 23:55,7776
2018-06-07 00:00,7706
2018-06-07 00:05,7651
2018-06-07 00:10,7639
2018-06-07 00:15,7549
2018-06-07 00:20,7533
2018-06-07 00:25,7496
2018-06-07 00:30,7489
2018-06-07 00:35,7462
2018-06-07 00:40,7499
2018-06-07 00:45,7507
2018-06-07 00:50,7559
2018-06-07 00:55,7536
2018-06-07 01:00,7476
2018-06-07 01:05,7454
2018-06-07 01:10,7469
2018-06-07 01:15,7429
2018-06-07 01:20,7459
2018-06-07 01:25,7481
2018-06-07 01:30,7424
2018-06-07 01:35,7460
2018-06-07 01:40,7432
2018-06-07 01:45,7416
2018-06-07 01:50,7395
2018-06-07 01:55,7370
2018-06-07 02:00,7337
2018-06-07 02:05,7360
2018-06-07 02:10,0
2018-06-07 02:15,7290
2018-06-07 02:20,7234
2018-06-07 02:25,7251
2018-06-07 02:30,7178
2018-06-07 02:35,7129
2018-06-07 02:40,7082
2018-06-07 02:45,7052
2018-06-07 02:50,6932
2018-06-07 02:55,6845
2018-06-07 03:00,6737
2018-06-07 03:05,6702
2018-06-07 03:10,6645
2018-06-07 03:15,6554
2018-06-07 03:20,6508
2018-06-07 03:25,6466
2018-06-07 03:30,6456
2018-06-07 03:35,6420
2018-06-07 03:40,6412
2018-06-07 03:45,6425
2018-06-07 03:50,6358
2018-06-07 03:55,6273
2018-06-07 04:00,6241
2018-06-07 04:05,6184
2018-06-07 04:10,6112
2018-06-07 04:15,6041
2018-06-07 04:20,5971
2018-06-07 04:25,5922
2018-06-07 04:30,5820
2018-06-07 04:35,5717
2018-06-07 04:40,5685
2018-06-07 04:45,5608
2018-06-07 04:50,5515
2018-06-07 04:55,5438
2018-06-07 05:00,5332
2018-06-07 05:05,5232
2018-06-07 05:10,5125
2018-06-07 05:15,5085
2018-06-07 05:20,5040
2018-06-07 05:25,4941
2018-06-07 05:30,4879
2018-06-07 05:35,4759
2018-06-07 05:40,4673
2018-06-07 05:45,4610
2018-06-07 05:50,4498
2018-06-07 05:55,4423
2018-06-07 06:00,4378
2018-06-07 06:05,4338
2018-06-07 06:10,4265
2018-06-07 06:15,4203
2018-06-07 06:20,4179
2018-06-07 06:25,4131
2018-06-07 06:30,4051
2018-06-07 06:35,3975
2018-06-07 06:40,3943
2018-06-07 06:45,3904
2018-06-07 06:50,3888
2018-06-07 06:55,3821
2018-06-07 07:00,3785
2018-06-07 07:05,3775
2018-06-07 07:10,3766
2018-06-07 07:15,3757
2018-06-07 07:20,3725
2018-06-07 07:25,3737
2018-06-07 07:30,3716
2018-06-07 07:35,3700
2018-06-07 07:40,3689
2018-06-07 07:45,3673
2018-06-07 07:50,3634
2018-06-07 07:55,3601
2018-06-07 08:00,3549
2018-06-07 08:05,3569
2018-06-07 08:10,3544
2018-06-07 08:15,3512
2018-06-07 08:20,3558
2018-06-07 08:25,3557
2018-06-07 08:30,3575
2018-06-07 08:35,3533
2018-06-07 08:40,3552
2018-06-07 08:45,3546
2018-06-07 08:50,3582
2018-06-07 08:55,3583
2018-06-07 09:00,3580
2018-06-07 09:05,3668
2018-06-07 09:10,3712
2018-06-07 09:15,3784
2018-06-07 09:20,3816
2018-06-07 09:25,3895
2018-06-07 09:30,3880
2018-06-07 09:35,3910
2018-06-07 09:40,3919
2018-06-07 09:45,3979
2018-06-07 09:50,3977
2018-06-07 09:55,4008
2018-06-07 10:00,4025
2018-06-07 10:05,4054
2018-06-07 10:10,4085
2018-06-07 10:15,4170
2018-06-07 10:20,4212
2018-06-07 10:25,4255
2018-06-07 10:30,4243
2018-06-07 10:35,4320
2018-06-07 10:40,4374
2018-06-07 10:45,4408
2018-06-07 10:50,4439
2018-06-07 10:55,4470
2018-06-07 11:00,4503
2018-06-07 11:05,4547
2018-06-07 11:10,4641
2018-06-07 11:15,4657
2018-06-07 11:20,4727
2018-06-07 11:25,4815
2018-06-07 11:30,4888
2018-06-07 11:35,4957
2018-06-07 11:40,5003
2018-06-07 11:45,5004
2018-06-07 11:50,5064
2018-06-07 11:55,5102
2018-06-07 12:00,5179
2018-06-07 12:05,5259
2018-06-07 12:10,5317
2018-06-07 12:15,5375
2018-06-07 12:20,5411
2018-06-07 12:25,5492
2018-06-07 12:30,5550
2018-06-07 12:35,5646
2018-06-07 12:40,5733
2018-06-07 12:45,5778
2018-06-07 12:50,5862
2018-06-07 12:55,5879
2018-06-07 13:00,5926
2018-06-07 13:05,6076
2018-06-07 13:10,6194
2018-06-07 13:15,6257
2018-06-07 13:20,6329
2018-06-07 13:25,6412
2018-06-07 13:30,6480
2018-06-07 13:35,6551
2018-06-07 13:40,6614
2018-06-07 13:45,6683
2018-06-07 13:50,6708
2018-06-07 13:55,6692
2018-06-07 14:00,6824
2018-06-07 14:05,6954
2018-06-07 14:10,6985
2018-06-07 14:15,7043
2018-06-07 14:20,7110
2018-06-07 14:25,7225
2018-06-07 14:30,7316
2018-06-07 14:35,7426
2018-06-07 14:40,7466
2018-06-07 14:45,7572
2018-06-07 14:50,7619
2018-06-07 14:55,7671
2018-06-07 15:00,7713
2018-06-07 15:05,7712
2018-06-07 15:10,7736
2018-06-07 15:15,7769
2018-06-07 15:20,7830
2018-06-07 15:25,7846
2018-06-07 15:30,7899
2018-06-07 15:35,7936
2018-06-07 15:40,8017
2018-06-07 15:45,8104
2018-06-07 15:50,8202
2018-06-07 15:55,8272
2018-06-07 16:00,8283
2018-06-07 16:05,8437
2018-06-07 16:10,8524
2018-06-07 16:15,8685
2018-06-07 16:20,8780
2018-06-07 16:25,8858
2018-06-07 16:30,8920
2018-06-07 16:35,9030
2018-06-07 16:40,9133
2018-06-07 16:45,9166
2018-06-07 16:50,9243
2018-06-07 16:55,9353
2018-06-07 17:00,9384
2018-06-07 17:05,9460
2018-06-07 17:10,9460
2018-06-07 17:15,9533
2018-06-07 17:20,9710
2018-06-07 17:25,9855
2018-06-07 17:30,9855
2018-06-07 17:35,10091
2018-06-07 17:40,10136
2018-06-07 17:45,10190
2018-06-07 17:50,10185
2018-06-07 17:55,10232
2018-06-07 18:00,10317
2018-06-07 18:05,10394
2018-06-07 18:10,10394
2018-06-07 18:15,10454
2018-06-07 18:20,10470
2018-06-07 18:25,10425
2018-06-07 18:30,10425
2018-06-07 18:35,10425
2018-06-07 18:40,10629
2018-06-07 18:45,10609
2018-06-07 18:50,10657
2018-06-07 18:55,10595
2018-06-07 19:00,10647
2018-06-07 19:05,10577
2018-06-07 19:10,10577
2018-06-07 19:15,10643
2018-06-07 19:20,10707
2018-06-07 19:25,10740
2018-06-07 19:30,10771
2018-06-07 19:35,10824
2018-06-07 19:40,10827
2018-06-07 19:45,10826
2018-06-07 19:50,10820
2018-06-07 19:55,10777
2018-06-07 20:00,10777
2018-06-07 20:05,10866
2018-06-07 20:10,10834
2018-06-07 20:15,10833
2018-06-07 20:20,10826
2018-06-07 20:25,10793
2018-06-07 20:30,10826
2018-06-07 20:35,10785
2018-06-07 20:40,10686
2018-06-07 20:45,10577
2018-06-07 20:50,10577
2018-06-07 20:55,10422
2018-06-07 21:00,10364
2018-06-07 21:05,10364
2018-06-07 21:10,10322
2018-06-07 21:15,10107
2018-06-07 21:20,10066
2018-06-07 21:25,9982
2018-06-07 21:30,9879
2018-06-07 21:35,9879
2018-06-07 21:40,9812
2018-06-07 21:45,9781
2018-06-07 21:50,9713
2018-06-07 21:55,9663
2018-06-07 22:00,9403
2018-06-07 22:05,9403
2018-06-07 22:10,9337
2018-06-07 22:15,9187
2018-06-07 22:20,9110
2018-06-07 22:25,9083
2018-06-07 22:30,9003
2018-06-07 22:35,9002
2018-06-07 22:40,8801
2018-06-07 22:45,8711
2018-06-07 22:50,8520
2018-06-07 22:55,8520
2018-06-07 23:00,8412
2018-06-07 23:05,8231
2018-06-07 23:10,8231
2018-06-07 23:15,8215
2018-06-07 23:20,8138
2018-06-07 23:25,8067
2018-06-07 23:30,8010
2018-06-07 23:35,7937
2018-06-07 23:40,7840
2018-06-07 23:45,7800
2018-06-07 23:50,7765
2018-06-07 23:55,7699
2018-06-08 00:00,7663
2018-06-08 00:05,7634
2018-06-08 00:10,7644
2018-06-08 00:15,7630
2018-06-08 00:20,7620
2018-06-08 00:25,7620
2018-06-08 00:30,7550
2018-06-08 00:35,7516
2018-06-08 00:40,7473
2018-06-08 00:45,7458
2018-06-08 00:50,7452
2018-06-08 00:55,7423
2018-06-08 01:00,7401
2018-06-08 01:05,7423
2018-06-08 01:10,7365
2018-06-08 01:15,7304
2018-06-08 01:20,7303
2018-06-08 01:25,7310
2018-06-08 01:30,7284
2018-06-08 01:35,7281
2018-06-08 01:40,7215
2018-06-08 01:45,7190
2018-06-08 01:50,7137
2018-06-08 01:55,7137
2018-06-08 02:00,7119
2018-06-08 02:05,7044
2018-06-08 02:10,7055
2018-06-08 02:15,7041
2018-06-08 02:20,7024
2018-06-08 02:25,6978
2018-06-08 02:30,6934
2018-06-08 02:35,6929
2018-06-08 02:40,6914
2018-06-08 02:45,6857
2018-06-08 02:50,6846
2018-06-08 02:55,6833
2018-06-08 03:00,6831
2018-06-08 03:05,6822
2018-06-08 03:10,6795
2018-06-08 03:15,6723
2018-06-08 03:20,6688
2018-06-08 03:25,6602
2018-06-08 03:30,6549
2018-06-08 03:35,6544
2018-06-08 03:40,6503
2018-06-08 03:45,6393
2018-06-08 03:50,6285
2018-06-08 03:55,6189
2018-06-08 04:00,6156
2018-06-08 04:05,6061
2018-06-08 04:10,6008
2018-06-08 04:15,5915
2018-06-08 04:20,5875
2018-06-08 04:25,5842
2018-06-08 04:30,5786
2018-06-08 04:35,5720
2018-06-08 04:40,5621
2018-06-08 04:45,5526
2018-06-08 04:50,5489
2018-06-08 04:55,0
2018-06-08 05:00,5319
2018-06-08 05:05,5223
2018-06-08 05:10,5172
2018-06-08 05:15,5067
2018-06-08 05:20,5001
2018-06-08 05:25,4883
2018-06-08 05:30,4788
2018-06-08 05:35,4738
2018-06-08 05:40,4721
2018-06-08 05:45,4661
2018-06-08 05:50,4597
2018-06-08 05:55,4522
2018-06-08 06:00,4472
2018-06-08 06:05,4412
2018-06-08 06:10,4391
2018-06-08 06:15,4345
2018-06-08 06:20,4297
2018-06-08 06:25,4290
2018-06-08 06:30,4217
2018-06-08 06:35,4169
2018-06-08 06:40,4128
2018-06-08 06:45,4091
2018-06-08 06:50,4026
2018-06-08 06:55,3960
2018-06-08 07:00,3907
2018-06-08 07:05,3883
2018-06-08 07:10,3833
2018-06-08 07:15,3798
2018-06-08 07:20,3744
2018-06-08 07:25,3726
2018-06-08 07:30,3717
2018-06-08 07:35,3692
2018-06-08 07:40,3651
2018-06-08 07:45,3690
2018-06-08 07:50,3624
2018-06-08 07:55,3638
2018-06-08 08:00,3643
2018-06-08 08:05,3581
2018-06-08 08:10,3636
2018-06-08 08:15,3657
2018-06-08 08:20,3698
2018-06-08 08:25,3705
2018-06-08 08:30,3687
2018-06-08 08:35,3685
2018-06-08 08:40,3699
2018-06-08 08:45,3730
2018-06-08 08:50,3718
2018-06-08 08:55,3739
2018-06-08 09:00,3744
2018-06-08 09:05,3769
2018-06-08 09:10,3851
2018-06-08 09:15,3907
2018-06-08 09:20,4003
2018-06-08 09:25,4031
2018-06-08 09:30,4064
2018-06-08 09:35,4109
2018-06-08 09:40,4145
2018-06-08 09:45,4212
2018-06-08 09:50,4189
2018-06-08 09:55,4265
2018-06-08 10:00,4272
2018-06-08 10:05,4260
2018-06-08 10:10,4314
2018-06-08 10:15,4381
2018-06-08 10:20,4439
2018-06-08 10:25,4500
2018-06-08 10:30,4563
2018-06-08 10:35,4604
2018-06-08 10:40,4644
2018-06-08 10:45,4725
2018-06-08 10:50,4761
2018-06-08 10:55,4820
2018-06-08 11:00,4796
2018-06-08 11:05,4803
2018-06-08 11:10,4861
2018-06-08 11:15,4925
2018-06-08 11:20,4951
2018-06-08 11:25,4956
2018-06-08 11:30,5031
2018-06-08 11:35,5049
2018-06-08 11:40,5134
2018-06-08 11:45,5194
2018-06-08 11:50,5257
2018-06-08 11:55,5322
2018-06-08 12:00,5356
2018-06-08 12:05,5430
2018-06-08 12:10,5530
2018-06-08 12:15,5607
2018-06-08 12:20,5640
2018-06-08 12:25,5730
2018-06-08 12:30,5772
2018-06-08 12:35,5845
2018-06-08 12:40,5911
2018-06-08 12:45,5980
2018-06-08 12:50,6087
2018-06-08 12:55,6148
2018-06-08 13:00,6247
2018-06-08 13:05,6275
2018-06-08 13:10,6343
2018-06-08 13:15,6407
2018-06-08 13:20,6448
2018-06-08 13:25,6509
2018-06-08 13:30,6597
2018-06-08 13:35,6620
2018-06-08 13:40,6749
2018-06-08 13:45,6799
2018-06-08 13:50,6891
2018-06-08 13:55,6932
2018-06-08 14:00,6967
2018-06-08 14:05,6979
2018-06-08 14:10,7021
2018-06-08 14:15,7072
2018-06-08 14:20,7143
2018-06-08 14:25,7184
2018-06-08 14:30,7198
2018-06-08 14:35,7249
2018-06-08 14:40,7274
2018-06-08 14:45,7332
2018-06-08 14:50,7415
2018-06-08 14:55,7455
2018-06-08 15:00,7566
2018-06-08 15:05,7594
2018-06-08 15:10,7593
2018-06-08 15:15,7695
2018-06-08 15:20,7794
2018-06-08 15:25,7816
2018-06-08 15:30,7914
2018-06-08 15:35,7945
2018-06-08 15:40,8001
2018-06-08 15:45,8097
2018-06-08 15:50,8225
2018-06-08 15:55,8312
2018-06-08 16:00,8357
2018-06-08 16:05,8353
2018-06-08 16:10,8400
2018-06-08 16:15,8492
2018-06-08 16:20,8512
2018-06-08 16:25,8570
2018-06-08 16:30,8627
2018-06-08 16:35,8752
2018-06-08 16:40,8831
2018-06-08 16:45,8889
2018-06-08 16:50,8961
2018-06-08 16:55,9045
2018-06-08 17:00,9090
2018-06-08 17:05,9113
2018-06-08 17:10,9165
2018-06-08 17:15,9195
2018-06-08 17:20,9199
2018-06-08 17:25,9178
2018-06-08 17:30,9228
2018-06-08 17:35,9382
2018-06-08 17:40,9441
2018-06-08 17:45,9473
2018-06-08 17:50,9569
2018-06-08 17:55,9650
2018-06-08 18:00,9716
2018-06-08 18:05,9772
2018-06-08 18:10,9902
2018-06-08 18:15,9976
2018-06-08 18:20,9981
2018-06-08 18:25,10000
2018-06-08 18:30,10007
2018-06-08 18:35,10066
2018-06-08 18:40,10115
2018-06-08 18:45,10179
2018-06-08 18:50,10219
2018-06-08 18:55,10330
2018-06-08 19:00,10315
2018-06-08 19:05,10315
2018-06-08 19:10,10357
2018-06-08 19:15,10401
2018-06-08 19:20,10449
2018-06-08 19:25,10471
2018-06-08 19:30,10498
2018-06-08 19:35,10545
2018-06-08 19:40,10645
2018-06-08 19:45,10728
2018-06-08 19:50,10831
2018-06-08 19:55,10863
2018-06-08 20:00,10897
2018-06-08 20:05,10839
2018-06-08 20:10,10834
2018-06-08 20:15,10892
2018-06-08 20:20,10940
2018-06-08 20:25,11020
2018-06-08 20:30,11036
2018-06-08 20:35,11015
2018-06-08 20:40,11028
2018-06-08 20:45,11024
2018-06-08 20:50,10962
2018-06-08 20:55,10975
2018-06-08 21:00,10953
2018-06-08 21:05,10904
2018-06-08 21:10,10772
2018-06-08 21:15,10740
2018-06-08 21:20,10715
2018-06-08 21:25,10674
2018-06-08 21:30,10588
2018-06-08 21:35,10503
2018-06-08 21:40,10560
2018-06-08 21:45,10591
2018-06-08 21:50,10572
2018-06-08 21:55,10432
2018-06-08 22:00,10366
2018-06-08 22:05,10186
2018-06-08 22:10,10144
2018-06-08 22:15,10021
2018-06-08 22:20,9936
2018-06-08 22:25,9764
2018-06-08 22:30,9641
2018-06-08 22:35,9527
2018-06-08 22:40,9460
2018-06-08 22:45,9342
2018-06-08 22:50,9261
2018-06-08 22:55,9175
2018-06-08 23:00,9030
2018-06-08 23:05,8977
2018-06-08 23:10,8884
2018-06-08 23:15,8785
2018-06-08 23:20,8651
2018-06-08 23:25,8495
2018-06-08 23:30,8408
2018-06-08 23:35,8369
2018-06-08 23:40,8322
2018-06-08 23:45,8291
2018-06-08 23:50,8192
2018-06-08 23:55,8144
2018-06-09 00:00,8095
2018-06-09 00:05,8031
2018-06-09 00:10,7990
2018-06-09 00:15,7971
2018-06-09 00:20,7910
2018-06-09 00:25,7843
2018-06-09 00:30,7758
2018-06-09 00:35,7723
2018-06-09 00:40,7678
2018-06-09 00:45,7618
2018-06-09 00:50,7673
2018-06-09 00:55,7553
2018-06-09 01:00,7544
2018-06-09 01:05,7522
2018-06-09 01:10,7475
2018-06-09 01:15,7443
2018-06-09 01:20,7475
2018-06-09 01:25,7440
2018-06-09 01:30,7396
2018-06-09 01:35,7380
2018-06-09 01:40,7391
2018-06-09 01:45,7343
2018-06-09 01:50,7324
2018-06-09 01:55,7249
2018-06-09 02:00,7254
2018-06-09 02:05,7252
2018-06-09 02:10,7238
2018-06-09 02:15,7205
2018-06-09 02:20,7218
2018-06-09 02:25,7232
2018-06-09 02:30,7264
2018-06-09 02:35,7224
2018-06-09 02:40,7248
2018-06-09 02:45,7292
2018-06-09 02:50,7308
2018-06-09 02:55,7257
2018-06-09 03:00,7257
2018-06-09 03:05,7201
2018-06-09 03:10,7182
2018-06-09 03:15,7154
2018-06-09 03:20,7142
2018-06-09 03:25,7111
2018-06-09 03:30,7095
2018-06-09 03:35,7071
2018-06-09 03:40,6986
2018-06-09 03:45,6908
2018-06-09 03:50,6878
2018-06-09 03:55,6828
2018-06-09 04:00,6806
2018-06-09 04:05,6711
2018-06-09 04:10,6700
2018-06-09 04:15,6614
2018-06-09 04:20,6507
2018-06-09 04:25,6453
2018-06-09 04:30,6455
2018-06-09 04:35,6448
2018-06-09 04:40,6377
2018-06-09 04:45,6318
2018-06-09 04:50,6260
2018-06-09 04:55,6183
2018-06-09 05:00,6081
2018-06-09 05:05,6028
2018-06-09 05:10,5975
2018-06-09 05:15,5887
2018-06-09 05:20,5872
2018-06-09 05:25,5793
2018-06-09 05:30,5746
2018-06-09 05:35,5644
2018-06-09 05:40,5577
2018-06-09 05:45,5522
2018-06-09 05:50,0
2018-06-09 05:55,5410
2018-06-09 06:00,5333
2018-06-09 06:05,5260
2018-06-09 06:10,5233
2018-06-09 06:15,5176
2018-06-09 06:20,5100
2018-06-09 06:25,5084
2018-06-09 06:30,5006
2018-06-09 06:35,4978
2018-06-09 06:40,4922
2018-06-09 06:45,4864
2018-06-09 06:50,4755
2018-06-09 06:55,4669
2018-06-09 07:00,4668
2018-06-09 07:05,4571
2018-06-09 07:10,4522
2018-06-09 07:15,4483
2018-06-09 07:20,4460
2018-06-09 07:25,4426
2018-06-09 07:30,4423
2018-06-09 07:35,4396
2018-06-09 07:40,4369
2018-06-09 07:45,4351
2018-06-09 07:50,4361
2018-06-09 07:55,4356
2018-06-09 08:00,4375
2018-06-09 08:05,4341
2018-06-09 08:10,4356
2018-06-09 08:15,4372
2018-06-09 08:20,4423
2018-06-09 08:25,4445
2018-06-09 08:30,4464
2018-06-09 08:35,4471
2018-06-09 08:40,4499
2018-06-09 08:45,4516
2018-06-09 08:50,4552
2018-06-09 08:55,4523
2018-06-09 09:00,4508
2018-06-09 09:05,4631
2018-06-09 09:10,4758
2018-06-09 09:15,4801
2018-06-09 09:20,4856
2018-06-09 09:25,4964
2018-06-09 09:30,5051
2018-06-09 09:35,5117
2018-06-09 09:40,5158
2018-06-09 09:45,5227
2018-06-09 09:50,5284
2018-06-09 09:55,5333
2018-06-09 10:00,5344
2018-06-09 10:05,5366
2018-06-09 10:10,5373
2018-06-09 10:15,5459
2018-06-09 10:20,5517
2018-06-09 10:25,5565
2018-06-09 10:30,5595
2018-06-09 10:35,5688
2018-06-09 10:40,5742
2018-06-09 10:45,5742
2018-06-09 10:50,5782
2018-06-09 10:55,5857
2018-06-09 11:00,5869
2018-06-09 11:05,5903
2018-06-09 11:10,5928
2018-06-09 11:15,5978
2018-06-09 11:20,6095
2018-06-09 11:25,6186
2018-06-09 11:30,6164
2018-06-09 11:35,6191
2018-06-09 11:40,6253
2018-06-09 11:45,6304
2018-06-09 11:50,6373
2018-06-09 11:55,6414
2018-06-09 12:00,6456
2018-06-09 12:05,6463
2018-06-09 12:10,6576
2018-06-09 12:15,6583
2018-06-09 12:20,6632
2018-06-09 12:25,6720
2018-06-09 12:30,6765
2018-06-09 12:35,6792
2018-06-09 12:40,6854
2018-06-09 12:45,6890
2018-06-09 12:50,6983
2018-06-09 12:55,7037
2018-06-09 13:00,7063
2018-06-09 13:05,7104
2018-06-09 13:10,7154
2018-06-09 13:15,7227
2018-06-09 13:20,7207
2018-06-09 13:25,7410
2018-06-09 13:30,7481
2018-06-09 13:35,7509
2018-06-09 13:40,7633
2018-06-09 13:45,7672
2018-06-09 13:50,7698
2018-06-09 13:55,7754
2018-06-09 14:00,7850
2018-06-09 14:05,7900
2018-06-09 14:10,7963
2018-06-09 14:15,8034
2018-06-09 14:20,8156
2018-06-09 14:25,8186
2018-06-09 14:30,8280
2018-06-09 14:35,8314
2018-06-09 14:40,8375
2018-06-09 14:45,8432
2018-06-09 14:50,8505
2018-06-09 14:55,8538
2018-06-09 15:00,8598
2018-06-09 15:05,8649
2018-06-09 15:10,8738
2018-06-09 15:15,8797
2018-06-09 15:20,8846
2018-06-09 15:25,8896
2018-06-09 15:30,8894
2018-06-09 15:35,9041
2018-06-09 15:40,9059
2018-06-09 15:45,9069
2018-06-09 15:50,9097
2018-06-09 15:55,9101
2018-06-09 16:00,9125
2018-06-09 16:05,9057
2018-06-09 16:10,9120
2018-06-09 16:15,9233
2018-06-09 16:20,9224
2018-06-09 16:25,9233
2018-06-09 16:30,9277
2018-06-09 16:35,9362
2018-06-09 16:40,9341
2018-06-09 16:45,9358
2018-06-09 16:50,9349
2018-06-09 16:55,9374
2018-06-09 17:00,9401
2018-06-09 17:05,9374
2018-06-09 17:10,9502
2018-06-09 17:15,9505
2018-06-09 17:20,9584
2018-06-09 17:25,9612
2018-06-09 17:30,9714
2018-06-09 17:35,9714
2018-06-09 17:40,9672
2018-06-09 17:45,9755
2018-06-09 17:50,9832
2018-06-09 17:55,9855
2018-06-09 18:00,9871
2018-06-09 18:05,9859
2018-06-09 18:10,9894
2018-06-09 18:15,9890
2018-06-09 18:20,9914
2018-06-09 18:25,9905
2018-06-09 18:30,9965
2018-06-09 18:35,
2018-06-09 18:40,
2018-06-09 18:45,
2018-06-09 18:50,10107
2018-06-09 18:55,10213
2018-06-09 19:00,10222
2018-06-09 19:05,10248
2018-06-09 19:10,10257
2018-06-09 19:15,10300
2018-06-09 19:20,10408
2018-06-09 19:25,10467
2018-06-09 19:30,10600
2018-06-09 19:35,10712
2018-06-09 19:40,10815
2018-06-09 19:45,10879
2018-06-09 19:50,11016
2018-06-09 19:55,11087
2018-06-09 20:00,11197
2018-06-09 20:05,
2018-06-09 20:10,
2018-06-09 20:15,
2018-06-09 20:20,10674
2018-06-09 20:25,10669
2018-06-09 20:30,10639
2018-06-09 20:35,10769
2018-06-09 20:40,10751
2018-06-09 20:45,10759
2018-06-09 20:50,10791
2018-06-09 20:55,10801
2018-06-09 21:00,10794
2018-06-09 21:05,10694
2018-06-09 21:10,10672
2018-06-09 21:15,10659
2018-06-09 21:20,10634
2018-06-09 21:25,10588
2018-06-09 21:30,10531
2018-06-09 21:35,10429
2018-06-09 21:40,10391
2018-06-09 21:45,10306
2018-06-09 21:50,10242
2018-06-09 21:55,10201
2018-06-09 22:00,10084
2018-06-09 22:05,9986
2018-06-09 22:10,9930
2018-06-09 22:15,9812
2018-06-09 22:20,9697
2018-06-09 22:25,9658
2018-06-09 22:30,9596
2018-06-09 22:35,9310
2018-06-09 22:40,9160
2018-06-09 22:45,8994
2018-06-09 22:50,8951
2018-06-09 22:55,8910
2018-06-09 23:00,8749
2018-06-09 23:05,8680
2018-06-09 23:10,8642
2018-06-09 23:15,8566
2018-06-09 23:20,8572
2018-06-09 23:25,8509
2018-06-09 23:30,8475
2018-06-09 23:35,8438
2018-06-09 23:40,8387
2018-06-09 23:45,8321
2018-06-09 23:50,8232
2018-06-09 23:55,8182
2018-06-10 00:00,8170
2018-06-10 00:05,8085
2018-06-10 00:10,7967
2018-06-10 00:15,7883
2018-06-10 00:20,7827
2018-06-10 00:25,7781
2018-06-10 00:30,7761
2018-06-10 00:35,7700
2018-06-10 00:40,7681
2018-06-10 00:45,7688
2018-06-10 00:50,7679
2018-06-10 00:55,7632
2018-06-10 01:00,7643
2018-06-10 01:05,7604
2018-06-10 01:10,7601
2018-06-10 01:15,7539
2018-06-10 01:20,7522
2018-06-10 01:25,7550
2018-06-10 01:30,7497
2018-06-10 01:35,7478
2018-06-10 01:40,7446
2018-06-10 01:45,7379
2018-06-10 01:50,7389
2018-06-10 01:55,7426
2018-06-10 02:00,7464
2018-06-10 02:05,7412
2018-06-10 02:10,7447
2018-06-10 02:15,7404
2018-06-10 02:20,7343
2018-06-10 02:25,7328
2018-06-10 02:30,7391
2018-06-10 02:35,7392
2018-06-10 02:40,7342
2018-06-10 02:45,7311
2018-06-10 02:50,7362
2018-06-10 02:55,7388
2018-06-10 03:00,7325
2018-06-10 03:05,7329
2018-06-10 03:10,7281
2018-06-10 03:15,7250
2018-06-10 03:20,7223
2018-06-10 03:25,7185
2018-06-10 03:30,7153
2018-06-10 03:35,7083
2018-06-10 03:40,7085
2018-06-10 03:45,7008
2018-06-10 03:50,6910
2018-06-10 03:55,6940
2018-06-10 04:00,6905
2018-06-10 04:05,6814
2018-06-10 04:10,6785
2018-06-10 04:15,6757
2018-06-10 04:20,6698
2018-06-10 04:25,6638
2018-06-10 04:30,6615
2018-06-10 04:35,6570
2018-06-10 04:40,6508
2018-06-10 04:45,6468
2018-06-10 04:50,6376
2018-06-10 04:55,6289
2018-06-10 05:00,6292
2018-06-10 05:05,6253
2018-06-10 05:10,6232
2018-06-10 05:15,6184
2018-06-10 05:20,6086
2018-06-10 05:25,6004
2018-06-10 05:30,5905
2018-06-10 05:35,5833
2018-06-10 05:40,5724
2018-06-10 05:45,5646
2018-06-10 05:50,5578
2018-06-10 05:55,5505
2018-06-10 06:00,0
2018-06-10 06:05,5354
2018-06-10 06:10,5280
2018-06-10 06:15,5223
2018-06-10 06:20,5160
2018-06-10 06:25,5129
2018-06-10 06:30,5123
2018-06-10 06:35,5098
2018-06-10 06:40,5060
2018-06-10 06:45,4998
2018-06-10 06:50,4956
2018-06-10 06:55,4930
2018-06-10 07:00,4849
2018-06-10 07:05,4805
2018-06-10 07:10,4777
2018-06-10 07:15,4746
2018-06-10 07:20,4741
2018-06-10 07:25,4728
2018-06-10 07:30,4688
2018-06-10 07:35,4705
2018-06-10 07:40,4665
2018-06-10 07:45,4691
2018-06-10 07:50,4687
2018-06-10 07:55,4659
2018-06-10 08:00,4659
2018-06-10 08:05,4651
2018-06-10 08:10,4661
2018-06-10 08:15,4701
2018-06-10 08:20,4665
2018-06-10 08:25,4733
2018-06-10 08:30,4758
2018-06-10 08:35,4784
2018-06-10 08:40,4784
2018-06-10 08:45,4792
2018-06-10 08:50,4843
2018-06-10 08:55,4835
2018-06-10 09:00,4835
2018-06-10 09:05,4892
2018-06-10 09:10,5049
2018-06-10 09:15,5156
2018-06-10 09:20,5225
2018-06-10 09:25,5311
2018-06-10 09:30,5372
2018-06-10 09:35,5557
2018-06-10 09:40,5557
2018-06-10 09:45,5719
2018-06-10 09:50,5719
2018-06-10 09:55,5815
2018-06-10 10:00,5815
2018-06-10 10:05,5901
2018-06-10 10:10,5996
2018-06-10 10:15,6023
2018-06-10 10:20,6023
2018-06-10 10:25,6048
2018-06-10 10:30,6092
2018-06-10 10:35,6126
2018-06-10 10:40,6126
2018-06-10 10:45,6173
2018-06-10 10:50,6205
2018-06-10 10:55,6244
2018-06-10 11:00,6244
2018-06-10 11:05,6334
2018-06-10 11:10,6422
2018-06-10 11:15,6474
2018-06-10 11:20,6474
2018-06-10 11:25,6628
2018-06-10 11:30,6671
2018-06-10 11:35,6687
2018-06-10 11:40,6687
2018-06-10 11:45,6803
2018-06-10 11:50,6810
2018-06-10 11:55,6828
2018-06-10 12:00,6828
2018-06-10 12:05,6898
2018-06-10 12:10,6974
2018-06-10 12:15,7013
2018-06-10 12:20,7054
2018-06-10 12:25,7150
2018-06-10 12:30,7202
2018-06-10 12:35,7227
2018-06-10 12:40,7315
2018-06-10 12:45,7357
2018-06-10 12:50,7422
2018-06-10 12:55,7498
2018-06-10 13:00,7498
2018-06-10 13:05,7553
2018-06-10 13:10,7611
2018-06-10 13:15,7679
2018-06-10 13:20,7704
2018-06-10 13:25,7868
2018-06-10 13:30,7939
2018-06-10 13:35,7939
2018-06-10 13:40,8157
2018-06-10 13:45,8157
2018-06-10 13:50,8349
2018-06-10 13:55,8396
2018-06-10 14:00,8396
2018-06-10 14:05,8494
2018-06-10 14:10,8582
2018-06-10 14:15,8631
2018-06-10 14:20,8685
2018-06-10 14:25,8685
2018-06-10 14:30,8723
2018-06-10 14:35,8736
2018-06-10 14:40,8792
2018-06-10 14:45,8893
2018-06-10 14:50,8935
2018-06-10 14:55,9026
2018-06-10 15:00,9005
2018-06-10 15:05,9005
2018-06-10 15:10,8999
2018-06-10 15:15,9033
2018-06-10 15:20,9099
2018-06-10 15:25,9142
2018-06-10 15:30,9124
2018-06-10 15:35,9257
2018-06-10 15:40,9303
2018-06-10 15:45,9375
2018-06-10 15:50,9388
2018-06-10 15:55,9452
2018-06-10 16:00,9477
2018-06-10 16:05,9510
2018-06-10 16:10,9537
2018-06-10 16:15,9619
2018-06-10 16:20,9687
2018-06-10 16:25,9751
2018-06-10 16:30,9807
2018-06-10 16:35,9858
2018-06-10 16:40,9966
2018-06-10 16:45,10016
2018-06-10 16:50,10130
2018-06-10 16:55,10172
2018-06-10 17:00,10230
2018-06-10 17:05,10301
2018-06-10 17:10,10310
2018-06-10 17:15,10413
2018-06-10 17:20,10515
2018-06-10 17:25,10579
2018-06-10 17:30,10621
2018-06-10 17:35,10675
2018-06-10 17:40,10673
2018-06-10 17:45,10734
2018-06-10 17:50,10760
2018-06-10 17:55,10826
2018-06-10 18:00,10880
2018-06-10 18:05,10901
2018-06-10 18:10,10938
2018-06-10 18:15,11037
2018-06-10 18:20,11030
2018-06-10 18:25,11123
2018-06-10 18:30,11186
2018-06-10 18:35,11187
2018-06-10 18:40,11249
2018-06-10 18:45,11366
2018-06-10 18:50,11451
2018-06-10 18:55,11548
2018-06-10 19:00,11502
2018-06-10 19:05,11600
2018-06-10 19:10,11630
2018-06-10 19:15,11656
2018-06-10 19:20,11646
2018-06-10 19:25,11683
2018-06-10 19:30,11689
2018-06-10 19:35,11693
2018-06-10 19:40,11625
2018-06-10 19:45,11631
2018-06-10 19:50,11622
2018-06-10 19:55,11541
2018-06-10 20:00,11501
2018-06-10 20:05,11303
2018-06-10 20:10,11302
2018-06-10 20:15,11168
2018-06-10 20:20,11042
2018-06-10 20:25,11024
2018-06-10 20:30,10959
2018-06-10 20:35,10930
2018-06-10 20:40,10835
2018-06-10 20:45,10721
2018-06-10 20:50,10560
2018-06-10 20:55,10549
2018-06-10 21:00,10457
2018-06-10 21:05,10325
2018-06-10 21:10,10315
2018-06-10 21:15,10248
2018-06-10 21:20,10160
2018-06-10 21:25,10035
2018-06-10 21:30,9915
2018-06-10 21:35,9804
2018-06-10 21:40,9728
2018-06-10 21:45,9654
2018-06-10 21:50,9602
2018-06-10 21:55,9625
2018-06-10 22:00,9565
2018-06-10 22:05,9488
2018-06-10 22:10,9460
2018-06-10 22:15,9359
2018-06-10 22:20,9312
2018-06-10 22:25,9140
2018-06-10 22:30,9112
2018-06-10 22:35,9039
2018-06-10 22:40,8948
2018-06-10 22:45,8923
2018-06-10 22:50,8836
2018-06-10 22:55,8768
2018-06-10 23:00,8677
2018-06-10 23:05,8622
2018-06-10 23:10,8624
2018-06-10 23:15,8521
2018-06-10 23:20,8486
2018-06-10 23:25,8424
2018-06-10 23:30,8415
2018-06-10 23:35,8414
2018-06-10 23:40,8364
2018-06-10 23:45,8259
2018-06-10 23:50,8200
2018-06-10 23:55,8124
2018-06-11 00:00,8065
2018-06-11 00:05,8061
2018-06-11 00:10,8035
2018-06-11 00:15,7970
2018-06-11 00:20,7962
2018-06-11 00:25,7928
2018-06-11 00:30,7869
2018-06-11 00:35,7897
2018-06-11 00:40,7864
2018-06-11 00:45,7781
2018-06-11 00:50,7736
2018-06-11 00:55,7695
2018-06-11 01:00,7636
2018-06-11 01:05,7575
2018-06-11 01:10,7527
2018-06-11 01:15,7435
2018-06-11 01:20,7373
2018-06-11 01:25,7290
2018-06-11 01:30,7253
2018-06-11 01:35,7187
2018-06-11 01:40,7057
2018-06-11 01:45,6986
2018-06-11 01:50,6962
2018-06-11 01:55,6861
2018-06-11 02:00,6794
2018-06-11 02:05,6742
2018-06-11 02:10,6743
2018-06-11 02:15,6660
2018-06-11 02:20,6629
2018-06-11 02:25,6600
2018-06-11 02:30,6555
2018-06-11 02:35,6458
2018-06-11 02:40,6392
2018-06-11 02:45,6348
2018-06-11 02:50,6335
2018-06-11 02:55,6363
2018-06-11 03:00,6313
2018-06-11 03:05,6275
2018-06-11 03:10,6249
2018-06-11 03:15,6251
2018-06-11 03:20,6217
2018-06-11 03:25,6151
2018-06-11 03:30,6101
2018-06-11 03:35,6107
2018-06-11 03:40,6080
2018-06-11 03:45,6084
2018-06-11 03:50,6029
2018-06-11 03:55,6006
2018-06-11 04:00,5923
2018-06-11 04:05,5851
2018-06-11 04:10,5805
2018-06-11 04:15,5734
2018-06-11 04:20,5656
2018-06-11 04:25,5615
2018-06-11 04:30,5518
2018-06-11 04:35,5444
2018-06-11 04:40,5401
2018-06-11 04:45,5355
2018-06-11 04:50,5290
2018-06-11 04:55,5239
2018-06-11 05:00,5165
2018-06-11 05:05,5072
2018-06-11 05:10,5024
2018-06-11 05:15,4918
2018-06-11 05:20,4856
2018-06-11 05:25,4795
2018-06-11 05:30,4739
2018-06-11 05:35,4694
2018-06-11 05:40,4590
2018-06-11 05:45,4501
2018-06-11 05:50,4468
2018-06-11 05:55,4394
2018-06-11 06:00,4329
2018-06-11 06:05,4234
2018-06-11 06:10,4177
2018-06-11 06:15,4120
2018-06-11 06:20,4075
2018-06-11 06:25,4044
2018-06-11 06:30,4001
2018-06-11 06:35,3942
2018-06-11 06:40,3908
2018-06-11 06:45,3843
2018-06-11 06:50,3814
2018-06-11 06:55,3805
2018-06-11 07:00,3750
2018-06-11 07:05,3700
2018-06-11 07:10,3685
2018-06-11 07:15,3619
2018-06-11 07:20,3603
2018-06-11 07:25,3576
2018-06-11 07:30,3578
2018-06-11 07:35,3568
2018-06-11 07:40,3556
2018-06-11 07:45,3551
2018-06-11 07:50,3519
2018-06-11 07:55,3553
2018-06-11 08:00,3590
2018-06-11 08:05,3532
2018-06-11 08:10,3621
2018-06-11 08:15,3662
2018-06-11 08:20,3683
2018-06-11 08:25,3707
2018-06-11 08:30,3703
2018-06-11 08:35,3679
2018-06-11 08:40,3712
2018-06-11 08:45,3710
2018-06-11 08:50,3715
2018-06-11 08:55,3758
2018-06-11 09:00,3795
2018-06-11 09:05,3822
2018-06-11 09:10,3924
2018-06-11 09:15,3954
2018-06-11 09:20,4014
2018-06-11 09:25,4028
2018-06-11 09:30,4077
2018-06-11 09:35,4119
2018-06-11 09:40,4160
2018-06-11 09:45,4204
2018-06-11 09:50,4230
2018-06-11 09:55,4215
2018-06-11 10:00,4231
2018-06-11 10:05,4208
2018-06-11 10:10,4273
2018-06-11 10:15,4283
2018-06-11 10:20,4341
2018-06-11 10:25,4348
2018-06-11 10:30,4371
2018-06-11 10:35,4373
2018-06-11 10:40,4407
2018-06-11 10:45,4464
2018-06-11 10:50,0
2018-06-11 10:55,4551
2018-06-11 11:00,4598
2018-06-11 11:05,4646
2018-06-11 11:10,4639
2018-06-11 11:15,4689
2018-06-11 11:20,4770
2018-06-11 11:25,4831
2018-06-11 11:30,4827
2018-06-11 11:35,4881
2018-06-11 11:40,4960
2018-06-11 11:45,5049
2018-06-11 11:50,5048
2018-06-11 11:55,5096
2018-06-11 12:00,5181
2018-06-11 12:05,5215
2018-06-11 12:10,5188
2018-06-11 12:15,5228
2018-06-11 12:20,5235
2018-06-11 12:25,5304
2018-06-11 12:30,5349
2018-06-11 12:35,5376
2018-06-11 12:40,5458
2018-06-11 12:45,5528
2018-06-11 12:50,5569
2018-06-11 12:55,5669
2018-06-11 13:00,5770
2018-06-11 13:05,5831
2018-06-11 13:10,5938
2018-06-11 13:15,5999
2018-06-11 13:20,6108
2018-06-11 13:25,6262
2018-06-11 13:30,6371
2018-06-11 13:35,6414
2018-06-11 13:40,6439
2018-06-11 13:45,6510
2018-06-11 13:50,6580
2018-06-11 13:55,6653
2018-06-11 14:00,6750
2018-06-11 14:05,6810
2018-06-11 14:10,6847
2018-06-11 14:15,6955
2018-06-11 14:20,7042
2018-06-11 14:25,7028
2018-06-11 14:30,7093
2018-06-11 14:35,7133
2018-06-11 14:40,7202
2018-06-11 14:45,7253
2018-06-11 14:50,7295
2018-06-11 14:55,7334
2018-06-11 15:00,7419
2018-06-11 15:05,7466
2018-06-11 15:10,7551
2018-06-11 15:15,7555
2018-06-11 15:20,7615
2018-06-11 15:25,7654
2018-06-11 15:30,7735
2018-06-11 15:35,7764
2018-06-11 15:40,7835
2018-06-11 15:45,7870
2018-06-11 15:50,7943
2018-06-11 15:55,8043
2018-06-11 16:00,8170
2018-06-11 16:05,8262
2018-06-11 16:10,8349
2018-06-11 16:15,8429
2018-06-11 16:20,8633
2018-06-11 16:25,8728
2018-06-11 16:30,8787
2018-06-11 16:35,8824
2018-06-11 16:40,8833
2018-06-11 16:45,8908
2018-06-11 16:50,9005
2018-06-11 16:55,9057
2018-06-11 17:00,9054
2018-06-11 17:05,9092
2018-06-11 17:10,9189
2018-06-11 17:15,9245
2018-06-11 17:20,9312
2018-06-11 17:25,9439
2018-06-11 17:30,9473
2018-06-11 17:35,9675
2018-06-11 17:40,9723
2018-06-11 17:45,9818
2018-06-11 17:50,9892
2018-06-11 17:55,9967
2018-06-11 18:00,10032
2018-06-11 18:05,9969
2018-06-11 18:10,10015
2018-06-11 18:15,10086
2018-06-11 18:20,10087
2018-06-11 18:25,10127
2018-06-11 18:30,10189
2018-06-11 18:35,10241
2018-06-11 18:40,10343
2018-06-11 18:45,10453
2018-06-11 18:50,10563
2018-06-11 18:55,10648
2018-06-11 19:00,10648
2018-06-11 19:05,10647
2018-06-11 19:10,10725
2018-06-11 19:15,10712
2018-06-11 19:20,10768
2018-06-11 19:25,10808
2018-06-11 19:30,10740
2018-06-11 19:35,10778
2018-06-11 19:40,10774
2018-06-11 19:45,10711
2018-06-11 19:50,10638
2018-06-11 19:55,10645
2018-06-11 20:00,10609
2018-06-11 20:05,10563
2018-06-11 20:10,10544
2018-06-11 20:15,10540
2018-06-11 20:20,10480
2018-06-11 20:25,10518
2018-06-11 20:30,10475
2018-06-11 20:35,10334
2018-06-11 20:40,10218
2018-06-11 20:45,10197
2018-06-11 20:50,10203
2018-06-11 20:55,10130
2018-06-11 21:00,9982
2018-06-11 21:05,9899
2018-06-11 21:10,9786
2018-06-11 21:15,9738
2018-06-11 21:20,9637
2018-06-11 21:25,9649
2018-06-11 21:30,9588
2018-06-11 21:35,9583
2018-06-11 21:40,9613
2018-06-11 21:45,9513
2018-06-11 21:50,9426
2018-06-11 21:55,9379
2018-06-11 22:00,9286
2018-06-11 22:05,9225
2018-06-11 22:10,9142
2018-06-11 22:15,9040
2018-06-11 22:20,8984
2018-06-11 22:25,8820
2018-06-11 22:30,8803
2018-06-11 22:35,8840
2018-06-11 22:40,8775
2018-06-11 22:45,8647
2018-06-11 22:50,8624
2018-06-11 22:55,8494
2018-06-11 23:00,8460
2018-06-11 23:05,8382
2018-06-11 23:10,8277
2018-06-11 23:15,8207
2018-06-11 23:20,8098
2018-06-11 23:25,8055
2018-06-11 23:30,7973
2018-06-11 23:35,7926
2018-06-11 23:40,7913
2018-06-11 23:45,7887
2018-06-11 23:50,7842
2018-06-11 23:55,7758
2018-06-12 00:00,7749
2018-06-12 00:05,7685
2018-06-12 00:10,7676
2018-06-12 00:15,7639
2018-06-12 00:20,7593
2018-06-12 00:25,7591
2018-06-12 00:30,7597
2018-06-12 00:35,7560
2018-06-12 00:40,7501
2018-06-12 00:45,7501
2018-06-12 00:50,7412
2018-06-12 00:55,7371
2018-06-12 01:00,7297
2018-06-12 01:05,7248
2018-06-12 01:10,7220
2018-06-12 01:15,7175
2018-06-12 01:20,7200
2018-06-12 01:25,7212
2018-06-12 01:30,7220
2018-06-12 01:35,7162
2018-06-12 01:40,7107
2018-06-12 01:45,7026
2018-06-12 01:50,7022
2018-06-12 01:55,7018
2018-06-12 02:00,6927
2018-06-12 02:05,6865
2018-06-12 02:10,6819
2018-06-12 02:15,6790
2018-06-12 02:20,6772
2018-06-12 02:25,6790
2018-06-12 02:30,6759
2018-06-12 02:35,6741
2018-06-12 02:40,6766
2018-06-12 02:45,6733
2018-06-12 02:50,6707
2018-06-12 02:55,6701
2018-06-12 03:00,6639
2018-06-12 03:05,6632
2018-06-12 03:10,6529
2018-06-12 03:15,6504
2018-06-12 03:20,6452
2018-06-12 03:25,6413
2018-06-12 03:30,6326
2018-06-12 03:35,6278
2018-06-12 03:40,6144
2018-06-12 03:45,6108
2018-06-12 03:50,6016
2018-06-12 03:55,5936
2018-06-12 04:00,5850
2018-06-12 04:05,5742
2018-06-12 04:10,5654
2018-06-12 04:15,5542
2018-06-12 04:20,5494
2018-06-12 04:25,5398
2018-06-12 04:30,5311
2018-06-12 04:35,5232
2018-06-12 04:40,5178
2018-06-12 04:45,5124
2018-06-12 04:50,5075
2018-06-12 04:55,4964
2018-06-12 05:00,4900
2018-06-12 05:05,4826
2018-06-12 05:10,4733
2018-06-12 05:15,4709
2018-06-12 05:20,4633
2018-06-12 05:25,4572
2018-06-12 05:30,4467
2018-06-12 05:35,4403
2018-06-12 05:40,4340
2018-06-12 05:45,4263
2018-06-12 05:50,4252
2018-06-12 05:55,4218
2018-06-12 06:00,4189
2018-06-12 06:05,4107
2018-06-12 06:10,4052
2018-06-12 06:15,4010
2018-06-12 06:20,3937
2018-06-12 06:25,3915
2018-06-12 06:30,3862
2018-06-12 06:35,3851
2018-06-12 06:40,3840
2018-06-12 06:45,3807
2018-06-12 06:50,3785
2018-06-12 06:55,3759
2018-06-12 07:00,3707
2018-06-12 07:05,3723
2018-06-12 07:10,3671
2018-06-12 07:15,3665
2018-06-12 07:20,3629
2018-06-12 07:25,3588
2018-06-12 07:30,3553
2018-06-12 07:35,3528
2018-06-12 07:40,3569
2018-06-12 07:45,3561
2018-06-12 07:50,3527
2018-06-12 07:55,3497
2018-06-12 08:00,3484
2018-06-12 08:05,3468
2018-06-12 08:10,3517
2018-06-12 08:15,3529
2018-06-12 08:20,3539
2018-06-12 08:25,3554
2018-06-12 08:30,3547
2018-06-12 08:35,3565
2018-06-12 08:40,3574
2018-06-12 08:45,3621
2018-06-12 08:50,3613
2018-06-12 08:55,3620
2018-06-12 09:00,3639
2018-06-12 09:05,3725
2018-06-12 09:10,3759
2018-06-12 09:15,3814
2018-06-12 09:20,3846
2018-06-12 09:25,3901
2018-06-12 09:30,3987
2018-06-12 09:35,3942
2018-06-12 09:40,3977
2018-06-12 09:45,3972
2018-06-12 09:50,4004
2018-06-12 09:55,3953
2018-06-12 10:00,3986
2018-06-12 10:05,3985
2018-06-12 10:10,3963
2018-06-12 10:15,3971
2018-06-12 10:20,3886
2018-06-12 10:25,3870
2018-06-12 10:30,3826
2018-06-12 10:35,3122
2018-06-12 10:40,2484
2018-06-12 10:45,1928
2018-06-12 10:50,1471
2018-06-12 10:55,1247
2018-06-12 11:00,1164
2018-06-12 11:05,1055
2018-06-12 11:10,1066
2018-06-12 11:15,1038
2018-06-12 11:20,1104
2018-06-12 11:25,1144
2018-06-12 11:30,1173
2018-06-12 11:35,1145
2018-06-12 11:40,1182
2018-06-12 11:45,1180
2018-06-12 11:50,1221
2018-06-12 11:55,1252
2018-06-12 12:00,1240
2018-06-12 12:05,1281
2018-06-12 12:10,1288
2018-06-12 12:15,1339
2018-06-12 12:20,1381
2018-06-12 12:25,1362
2018-06-12 12:30,1376
2018-06-12 12:35,1420
2018-06-12 12:40,1436
2018-06-12 12:45,1456
2018-06-12 12:50,1488
2018-06-12 12:55,1501
2018-06-12 13:00,1564
2018-06-12 13:05,1613
2018-06-12 13:10,1613
2018-06-12 13:15,1647
2018-06-12 13:20,1656
2018-06-12 13:25,1666
2018-06-12 13:30,1696
2018-06-12 13:35,1711
2018-06-12 13:40,1738
2018-06-12 13:45,1724
2018-06-12 13:50,1770
2018-06-12 13:55,1689
2018-06-12 14:00,1606
2018-06-12 14:05,1607
2018-06-12 14:10,1685
2018-06-12 14:15,1735
2018-06-12 14:20,2656
2018-06-12 14:25,3636
2018-06-12 14:30,4498
2018-06-12 14:35,0
2018-06-12 14:40,5572
2018-06-12 14:45,6173
2018-06-12 14:50,6727
2018-06-12 14:55,7136
2018-06-12 15:00,7519
2018-06-12 15:05,7876
2018-06-12 15:10,8206
2018-06-12 15:15,8513
2018-06-12 15:20,8746
2018-06-12 15:25,8949
2018-06-12 15:30,9157
2018-06-12 15:35,9318
2018-06-12 15:40,9484
2018-06-12 15:45,9636
2018-06-12 15:50,9789
2018-06-12 15:55,9878
2018-06-12 16:00,9928
2018-06-12 16:05,9909
2018-06-12 16:10,9997
2018-06-12 16:15,10010
2018-06-12 16:20,10165
2018-06-12 16:25,10143
2018-06-12 16:30,10181
2018-06-12 16:35,10252
2018-06-12 16:40,10330
2018-06-12 16:45,10316
2018-06-12 16:50,10356
2018-06-12 16:55,10353
2018-06-12 17:00,10435
2018-06-12 17:05,10423
2018-06-12 17:10,10417
2018-06-12 17:15,10531
2018-06-12 17:20,10498
2018-06-12 17:25,10554
2018-06-12 17:30,10617
2018-06-12 17:35,10575
2018-06-12 17:40,10361
2018-06-12 17:45,4360
2018-06-12 17:50,3655
2018-06-12 17:55,3470
2018-06-12 18:00,3292
2018-06-12 18:05,3137
2018-06-12 18:10,2937
2018-06-12 18:15,2893
2018-06-12 18:20,2819
2018-06-12 18:25,2726
2018-06-12 18:30,2759
2018-06-12 18:35,2763
2018-06-12 18:40,2706
2018-06-12 18:45,2710
2018-06-12 18:50,2686
2018-06-12 18:55,2719
2018-06-12 19:00,3720
2018-06-12 19:05,5328
2018-06-12 19:10,6692
2018-06-12 19:15,7741
2018-06-12 19:20,8654
2018-06-12 19:25,9400
2018-06-12 19:30,10038
2018-06-12 19:35,10606
2018-06-12 19:40,11046
2018-06-12 19:45,11518
2018-06-12 19:50,11832
2018-06-12 19:55,12108
2018-06-12 20:00,12316
2018-06-12 20:05,12507
2018-06-12 20:10,12595
2018-06-12 20:15,12696
2018-06-12 20:20,12748
2018-06-12 20:25,12787
2018-06-12 20:30,12770
2018-06-12 20:35,12788
2018-06-12 20:40,12760
2018-06-12 20:45,12729
2018-06-12 20:50,12574
2018-06-12 20:55,12556
2018-06-12 21:00,12465
2018-06-12 21:05,12341
2018-06-12 21:10,12180
2018-06-12 21:15,12059
2018-06-12 21:20,12012
2018-06-12 21:25,11848
2018-06-12 21:30,11681
2018-06-12 21:35,11505
2018-06-12 21:40,11400
2018-06-12 21:45,11270
2018-06-12 21:50,11145
2018-06-12 21:55,11018
2018-06-12 22:00,10844
2018-06-12 22:05,10663
2018-06-12 22:10,10540
2018-06-12 22:15,
2018-06-12 22:20,
2018-06-12 22:25,
2018-06-12 22:30,9713
2018-06-12 22:35,9697
2018-06-12 22:40,9665
2018-06-12 22:45,9517
2018-06-12 22:50,9479
2018-06-12 22:55,9434
2018-06-12 23:00,9342
2018-06-12 23:05,9246
2018-06-12 23:10,9152
2018-06-12 23:15,9010
2018-06-12 23:20,8924
2018-06-12 23:25,8852
2018-06-12 23:30,8820
2018-06-12 23:35,8754
2018-06-12 23:40,8717
2018-06-12 23:45,8669
2018-06-12 23:50,8607
2018-06-12 23:55,8535
2018-06-13 00:00,8455
2018-06-13 00:05,8402
2018-06-13 00:10,8373
2018-06-13 00:15,8297
2018-06-13 00:20,8270
2018-06-13 00:25,8242
2018-06-13 00:30,8226
2018-06-13 00:35,8191
2018-06-13 00:40,8142
2018-06-13 00:45,8105
2018-06-13 00:50,8101
2018-06-13 00:55,8111
2018-06-13 01:00,8097
2018-06-13 01:05,8064
2018-06-13 01:10,8066
2018-06-13 01:15,8042
2018-06-13 01:20,8013
2018-06-13 01:25,8015
2018-06-13 01:30,8025
2018-06-13 01:35,8015
2018-06-13 01:40,7997
2018-06-13 01:45,7965
2018-06-13 01:50,7946
2018-06-13 01:55,7937
2018-06-13 02:00,7865
2018-06-13 02:05,7813
2018-06-13 02:10,7804
2018-06-13 02:15,7781
2018-06-13 02:20,7727
2018-06-13 02:25,7705
2018-06-13 02:30,7693
2018-06-13 02:35,7645
2018-06-13 02:40,7599
2018-06-13 02:45,7580
2018-06-13 02:50,7529
2018-06-13 02:55,7525
2018-06-13 03:00,7474
2018-06-13 03:05,7417
2018-06-13 03:10,7372
2018-06-13 03:15,7329
2018-06-13 03:20,7268
2018-06-13 03:25,7206
2018-06-13 03:30,7135
2018-06-13 03:35,7021
2018-06-13 03:40,6987
2018-06-13 03:45,6921
2018-06-13 03:50,6870
2018-06-13 03:55,6825
2018-06-13 04:00,6775
2018-06-13 04:05,6690
2018-06-13 04:10,6576
2018-06-13 04:15,6465
2018-06-13 04:20,6431
2018-06-13 04:25,6385
2018-06-13 04:30,6313
2018-06-13 04:35,6248
2018-06-13 04:40,6190
2018-06-13 04:45,6063
2018-06-13 04:50,5935
2018-06-13 04:55,5854
2018-06-13 05:00,5796
2018-06-13 05:05,5695
2018-06-13 05:10,5571
2018-06-13 05:15,5495
2018-06-13 05:20,5410
2018-06-13 05:25,5310
2018-06-13 05:30,5179
2018-06-13 05:35,5082
2018-06-13 05:40,5017
2018-06-13 05:45,4931
2018-06-13 05:50,4861
2018-06-13 05:55,4807
2018-06-13 06:00,4761
2018-06-13 06:05,4663
2018-06-13 06:10,4579
2018-06-13 06:15,4482
2018-06-13 06:20,4430
2018-06-13 06:25,4392
2018-06-13 06:30,4345
2018-06-13 06:35,4279
2018-06-13 06:40,4266
2018-06-13 06:45,4183
2018-06-13 06:50,4146
2018-06-13 06:55,4135
2018-06-13 07:00,4065
2018-06-13 07:05,4063
2018-06-13 07:10,4040
2018-06-13 07:15,4023
2018-06-13 07:20,4008
2018-06-13 07:25,3969
2018-06-13 07:30,3956
2018-06-13 07:35,3916
2018-06-13 07:40,3926
2018-06-13 07:45,3925
2018-06-13 07:50,3899
2018-06-13 07:55,3914
2018-06-13 08:00,3896
2018-06-13 08:05,3891
2018-06-13 08:10,3898
2018-06-13 08:15,3909
2018-06-13 08:20,3907
2018-06-13 08:25,3925
2018-06-13 08:30,3929
2018-06-13 08:35,3960
2018-06-13 08:40,3979
2018-06-13 08:45,3948
2018-06-13 08:50,3956
2018-06-13 08:55,3967
2018-06-13 09:00,3997
2018-06-13 09:05,4152
2018-06-13 09:10,4225
2018-06-13 09:15,4280
2018-06-13 09:20,4328
2018-06-13 09:25,4352
2018-06-13 09:30,4429
2018-06-13 09:35,4483
2018-06-13 09:40,4557
2018-06-13 09:45,4568
2018-06-13 09:50,4541
2018-06-13 09:55,4607
2018-06-13 10:00,4682
2018-06-13 10:05,4720
2018-06-13 10:10,4837
2018-06-13 10:15,4901
2018-06-13 10:20,4877
2018-06-13 10:25,4864
2018-06-13 10:30,4905
2018-06-13 10:35,4982
2018-06-13 10:40,5036
2018-06-13 10:45,5065
2018-06-13 10:50,5082
2018-06-13 10:55,5139
2018-06-13 11:00,5212
2018-06-13 11:05,5305
2018-06-13 11:10,5327
2018-06-13 11:15,5380
2018-06-13 11:20,5483
2018-06-13 11:25,5525
2018-06-13 11:30,5543
2018-06-13 11:35,5584
2018-06-13 11:40,5695
2018-06-13 11:45,5724
2018-06-13 11:50,5771
2018-06-13 11:55,5839
2018-06-13 12:00,5851
2018-06-13 12:05,5914
2018-06-13 12:10,5911
2018-06-13 12:15,5955
2018-06-13 12:20,6007
2018-06-13 12:25,6063
2018-06-13 12:30,6147
2018-06-13 12:35,6202
2018-06-13 12:40,6317
2018-06-13 12:45,6393
2018-06-13 12:50,6474
2018-06-13 12:55,6564
2018-06-13 13:00,6617
2018-06-13 13:05,6641
2018-06-13 13:10,6748
2018-06-13 13:15,6829
2018-06-13 13:20,6942
2018-06-13 13:25,7022
2018-06-13 13:30,7098
2018-06-13 13:35,7186
2018-06-13 13:40,7265
2018-06-13 13:45,7334
2018-06-13 13:50,7381
2018-06-13 13:55,7430
2018-06-13 14:00,7500
2018-06-13 14:05,7583
2018-06-13 14:10,7700
2018-06-13 14:15,7739
2018-06-13 14:20,7837
2018-06-13 14:25,7858
2018-06-13 14:30,7939
2018-06-13 14:35,8003
2018-06-13 14:40,8113
2018-06-13 14:45,8214
2018-06-13 14:50,8288
2018-06-13 14:55,8331
2018-06-13 15:00,8400
2018-06-13 15:05,8454
2018-06-13 15:10,8452
2018-06-13 15:15,8522
2018-06-13 15:20,8604
2018-06-13 15:25,8647
2018-06-13 15:30,8676
2018-06-13 15:35,8739
2018-06-13 15:40,8838
2018-06-13 15:45,8879
2018-06-13 15:50,8956
2018-06-13 15:55,9028
2018-06-13 16:00,9092
2018-06-13 16:05,9144
2018-06-13 16:10,9196
2018-06-13 16:15,9278
2018-06-13 16:20,9285
2018-06-13 16:25,9370
2018-06-13 16:30,9427
2018-06-13 16:35,9462
2018-06-13 16:40,9580
2018-06-13 16:45,9621
2018-06-13 16:50,9707
2018-06-13 16:55,9776
2018-06-13 17:00,9944
2018-06-13 17:05,10105
2018-06-13 17:10,10204
2018-06-13 17:15,10365
2018-06-13 17:20,10365
2018-06-13 17:25,10424
2018-06-13 17:30,10506
2018-06-13 17:35,10552
2018-06-13 17:40,10606
2018-06-13 17:45,10735
2018-06-13 17:50,10751
2018-06-13 17:55,10827
2018-06-13 18:00,10821
2018-06-13 18:05,10905
2018-06-13 18:10,11018
2018-06-13 18:15,11144
2018-06-13 18:20,11265
2018-06-13 18:25,11354
2018-06-13 18:30,11421
2018-06-13 18:35,11458
2018-06-13 18:40,11547
2018-06-13 18:45,11604
2018-06-13 18:50,11609
2018-06-13 18:55,11682
2018-06-13 19:00,11768
2018-06-13 19:05,11754
2018-06-13 19:10,11694
2018-06-13 19:15,11714
2018-06-13 19:20,11682
2018-06-13 19:25,11649
2018-06-13 19:30,11655
2018-06-13 19:35,11694
2018-06-13 19:40,11686
2018-06-13 19:45,11750
2018-06-13 19:50,11744
2018-06-13 19:55,11778
2018-06-13 20:00,11764
2018-06-13 20:05,11661
2018-06-13 20:10,11628
2018-06-13 20:15,11587
2018-06-13 20:20,11496
2018-06-13 20:25,11496
2018-06-13 20:30,11404
2018-06-13 20:35,11317
2018-06-13 20:40,11230
2018-06-13 20:45,11235
2018-06-13 20:50,11196
2018-06-13 20:55,11140
2018-06-13 21:00,11133
2018-06-13 21:05,10999
2018-06-13 21:10,10893
2018-06-13 21:15,10836
2018-06-13 21:20,10768
2018-06-13 21:25,10701
2018-06-13 21:30,10643
2018-06-13 21:35,10568
2018-06-13 21:40,10398
2018-06-13 21:45,10310
2018-06-13 21:50,10241
2018-06-13 21:55,10142
2018-06-13 22:00,9976
2018-06-13 22:05,9816
2018-06-13 22:10,9733
2018-06-13 22:15,9614
2018-06-13 22:20,9549
2018-06-13 22:25,9436
2018-06-13 22:30,9416
2018-06-13 22:35,9318
2018-06-13 22:40,9207
2018-06-13 22:45,9111
2018-06-13 22:50,0
2018-06-13 22:55,8956
2018-06-13 23:00,8878
2018-06-13 23:05,8782
2018-06-13 23:10,8721
2018-06-13 23:15,8587
2018-06-13 23:20,8514
2018-06-13 23:25,8436
2018-06-13 23:30,8450
2018-06-13 23:35,0
2018-06-13 23:40,8288
2018-06-13 23:45,8275
2018-06-13 23:50,8220
2018-06-13 23:55,8173
2018-06-14 00:00,8155
2018-06-14 00:05,8153
2018-06-14 00:10,8147
2018-06-14 00:15,8133
2018-06-14 00:20,8106
2018-06-14 00:25,8033
2018-06-14 00:30,8018
2018-06-14 00:35,7981
2018-06-14 00:40,7938
2018-06-14 00:45,7936
2018-06-14 00:50,7963
2018-06-14 00:55,0
2018-06-14 01:00,7972
2018-06-14 01:05,7921
2018-06-14 01:10,7897
2018-06-14 01:15,7937
2018-06-14 01:20,7950
2018-06-14 01:25,7925
2018-06-14 01:30,7890
2018-06-14 01:35,7906
2018-06-14 01:40,7900
2018-06-14 01:45,7956
2018-06-14 01:50,7899
2018-06-14 01:55,7825
2018-06-14 02:00,7767
2018-06-14 02:05,7681
2018-06-14 02:10,7685
2018-06-14 02:15,7642
2018-06-14 02:20,7579
2018-06-14 02:25,7570
2018-06-14 02:30,7521
2018-06-14 02:35,7465
2018-06-14 02:40,7433
2018-06-14 02:45,7409
2018-06-14 02:50,7393
2018-06-14 02:55,7346
2018-06-14 03:00,7284
2018-06-14 03:05,7264
2018-06-14 03:10,7123
2018-06-14 03:15,7055
2018-06-14 03:20,7005
2018-06-14 03:25,6980
2018-06-14 03:30,6898
2018-06-14 03:35,6820
2018-06-14 03:40,6774
2018-06-14 03:45,6722
2018-06-14 03:50,6644
2018-06-14 03:55,6600
2018-06-14 04:00,6527
2018-06-14 04:05,6411
2018-06-14 04:10,6363
2018-06-14 04:15,6235
2018-06-14 04:20,6116
2018-06-14 04:25,6049
2018-06-14 04:30,5994
2018-06-14 04:35,5866
2018-06-14 04:40,5838
2018-06-14 04:45,5809
2018-06-14 04:50,5702
2018-06-14 04:55,5617
2018-06-14 05:00,5487
2018-06-14 05:05,5405
2018-06-14 05:10,5299
2018-06-14 05:15,5209
2018-06-14 05:20,5096
2018-06-14 05:25,5009
2018-06-14 05:30,4947
2018-06-14 05:35,4840
2018-06-14 05:40,4766
2018-06-14 05:45,4720
2018-06-14 05:50,4673
2018-06-14 05:55,4641
2018-06-14 06:00,4575
2018-06-14 06:05,4508
2018-06-14 06:10,4487
2018-06-14 06:15,4439
2018-06-14 06:20,4374
2018-06-14 06:25,4285
2018-06-14 06:30,4225
2018-06-14 06:35,4224
2018-06-14 06:40,4174
2018-06-14 06:45,4117
2018-06-14 06:50,4061
2018-06-14 06:55,4050
2018-06-14 07:00,4027
2018-06-14 07:05,3976
2018-06-14 07:10,3910
2018-06-14 07:15,3875
2018-06-14 07:20,3840
2018-06-14 07:25,3815
2018-06-14 07:30,3796
2018-06-14 07:35,3766
2018-06-14 07:40,3742
2018-06-14 07:45,3734
2018-06-14 07:50,3708
2018-06-14 07:55,3722
2018-06-14 08:00,3751
2018-06-14 08:05,3711
2018-06-14 08:10,3791
2018-06-14 08:15,3781
2018-06-14 08:20,3775
2018-06-14 08:25,3762
2018-06-14 08:30,3819
2018-06-14 08:35,3861
2018-06-14 08:40,3880
2018-06-14 08:45,3867
2018-06-14 08:50,3876
2018-06-14 08:55,3902
2018-06-14 09:00,3917
2018-06-14 09:05,3977
2018-06-14 09:10,4058
2018-06-14 09:15,4061
2018-06-14 09:20,4116
2018-06-14 09:25,4154
2018-06-14 09:30,4233
2018-06-14 09:35,4302
2018-06-14 09:40,4345
2018-06-14 09:45,4409
2018-06-14 09:50,4460
2018-06-14 09:55,4465
2018-06-14 10:00,4466
2018-06-14 10:05,4482
2018-06-14 10:10,4519
2018-06-14 10:15,4556
2018-06-14 10:20,4624
2018-06-14 10:25,4655
2018-06-14 10:30,4694
2018-06-14 10:35,4762
2018-06-14 10:40,4763
2018-06-14 10:45,4789
2018-06-14 10:50,4837
2018-06-14 10:55,4916
2018-06-14 11:00,4949
2018-06-14 11:05,4961
2018-06-14 11:10,5024
2018-06-14 11:15,5026
2018-06-14 11:20,5086
2018-06-14 11:25,5120
2018-06-14 11:30,5199
2018-06-14 11:35,5237
2018-06-14 11:40,5334
2018-06-14 11:45,5407
2018-06-14 11:50,5463
2018-06-14 11:55,5501
2018-06-14 12:00,5532
2018-06-14 12:05,5552
2018-06-14 12:10,5671
2018-06-14 12:15,5681
2018-06-14 12:20,5753
2018-06-14 12:25,5810
2018-06-14 12:30,5818
2018-06-14 12:35,5850
2018-06-14 12:40,5930
2018-06-14 12:45,5999
2018-06-14 12:50,6035
2018-06-14 12:55,6102
2018-06-14 13:00,6162
2018-06-14 13:05,6241
2018-06-14 13:10,6330
2018-06-14 13:15,6394
2018-06-14 13:20,6458
2018-06-14 13:25,6544
2018-06-14 13:30,6617
2018-06-14 13:35,6691
2018-06-14 13:40,6746
2018-06-14 13:45,6789
2018-06-14 13:50,6847
2018-06-14 13:55,6960
2018-06-14 14:00,7038
2018-06-14 14:05,7081
2018-06-14 14:10,7189
2018-06-14 14:15,7253
2018-06-14 14:20,7239
2018-06-14 14:25,7320
2018-06-14 14:30,7415
2018-06-14 14:35,7458
2018-06-14 14:40,7556
2018-06-14 14:45,7578
2018-06-14 14:50,7645
2018-06-14 14:55,7685
2018-06-14 15:00,7680
2018-06-14 15:05,7703
2018-06-14 15:10,7751
2018-06-14 15:15,7790
2018-06-14 15:20,7838
2018-06-14 15:25,7877
2018-06-14 15:30,7908
2018-06-14 15:35,7970
2018-06-14 15:40,8034
2018-06-14 15:45,8038
2018-06-14 15:50,8093
2018-06-14 15:55,8203
2018-06-14 16:00,8310
2018-06-14 16:05,8299
2018-06-14 16:10,8365
2018-06-14 16:15,8459
2018-06-14 16:20,8525
2018-06-14 16:25,8594
2018-06-14 16:30,8640
2018-06-14 16:35,8635
2018-06-14 16:40,8655
2018-06-14 16:45,8773
2018-06-14 16:50,8866
2018-06-14 16:55,8964
2018-06-14 17:00,8979
2018-06-14 17:05,9082
2018-06-14 17:10,9226
2018-06-14 17:15,9326
2018-06-14 17:20,9393
2018-06-14 17:25,9444
2018-06-14 17:30,9660
2018-06-14 17:35,9825
2018-06-14 17:40,9922
2018-06-14 17:45,9942
2018-06-14 17:50,10097
2018-06-14 17:55,10157
2018-06-14 18:00,10217
2018-06-14 18:05,10298
2018-06-14 18:10,10357
2018-06-14 18:15,10511
2018-06-14 18:20,10560
2018-06-14 18:25,10608
2018-06-14 18:30,10664
2018-06-14 18:35,10720
2018-06-14 18:40,10734
2018-06-14 18:45,10802
2018-06-14 18:50,10758
2018-06-14 18:55,10825
2018-06-14 19:00,10879
2018-06-14 19:05,10942
2018-06-14 19:10,10984
2018-06-14 19:15,11013
2018-06-14 19:20,11091
2018-06-14 19:25,11079
2018-06-14 19:30,11105
2018-06-14 19:35,11171
2018-06-14 19:40,11248
2018-06-14 19:45,11338
2018-06-14 19:50,11341
2018-06-14 19:55,11351
2018-06-14 20:00,11330
2018-06-14 20:05,11303
2018-06-14 20:10,11227
2018-06-14 20:15,11153
2018-06-14 20:20,11157
2018-06-14 20:25,11161
2018-06-14 20:30,11061
2018-06-14 20:35,11040
2018-06-14 20:40,10951
2018-06-14 20:45,10852
2018-06-14 20:50,10804
2018-06-14 20:55,10710
2018-06-14 21:00,10632
2018-06-14 21:05,10561
2018-06-14 21:10,10470
2018-06-14 21:15,10393
2018-06-14 21:20,10284
2018-06-14 21:25,10217
2018-06-14 21:30,10114
2018-06-14 21:35,10052
2018-06-14 21:40,10009
2018-06-14 21:45,10015
2018-06-14 21:50,9985
2018-06-14 21:55,9938
2018-06-14 22:00,9914
2018-06-14 22:05,9728
2018-06-14 22:10,9657
2018-06-14 22:15,9613
2018-06-14 22:20,9464
2018-06-14 22:25,9301
2018-06-14 22:30,9185
2018-06-14 22:35,9067
2018-06-14 22:40,8940
2018-06-14 22:45,8887
2018-06-14 22:50,8769
2018-06-14 22:55,8691
2018-06-14 23:00,8604
2018-06-14 23:05,8528
2018-06-14 23:10,8478
2018-06-14 23:15,8273
2018-06-14 23:20,8257
2018-06-14 23:25,8137
2018-06-14 23:30,8124
2018-06-14 23:35,8015
2018-06-14 23:40,7978
2018-06-14 23:45,7871
2018-06-14 23:50,7861
2018-06-14 23:55,7805
2018-06-15 00:00,7787
2018-06-15 00:05,7740
2018-06-15 00:10,7746
2018-06-15 00:15,7715
2018-06-15 00:20,7665
2018-06-15 00:25,7650
2018-06-15 00:30,7553
2018-06-15 00:35,7561
2018-06-15 00:40,7568
2018-06-15 00:45,7516
2018-06-15 00:50,7538
2018-06-15 00:55,7525
2018-06-15 01:00,7486
2018-06-15 01:05,7508
2018-06-15 01:10,7468
2018-06-15 01:15,7420
2018-06-15 01:20,7381
2018-06-15 01:25,7387
2018-06-15 01:30,7432
2018-06-15 01:35,7388
2018-06-15 01:40,7372
2018-06-15 01:45,7371
2018-06-15 01:50,7329
2018-06-15 01:55,7341
2018-06-15 02:00,7296
2018-06-15 02:05,7210
2018-06-15 02:10,7202
2018-06-15 02:15,7187
2018-06-15 02:20,7119
2018-06-15 02:25,7096
2018-06-15 02:30,7059
2018-06-15 02:35,7046
2018-06-15 02:40,7025
2018-06-15 02:45,6950
2018-06-15 02:50,6919
2018-06-15 02:55,6870
2018-06-15 03:00,6826
2018-06-15 03:05,6663
2018-06-15 03:10,6639
2018-06-15 03:15,6608
2018-06-15 03:20,6554
2018-06-15 03:25,6540
2018-06-15 03:30,6509
2018-06-15 03:35,6466
2018-06-15 03:40,6414
2018-06-15 03:45,6378
2018-06-15 03:50,6352
2018-06-15 03:55,6283
2018-06-15 04:00,6217
2018-06-15 04:05,6126
2018-06-15 04:10,6137
2018-06-15 04:15,6044
2018-06-15 04:20,5978
2018-06-15 04:25,5905
2018-06-15 04:30,5810
2018-06-15 04:35,5714
2018-06-15 04:40,5584
2018-06-15 04:45,5540
2018-06-15 04:50,5495
2018-06-15 04:55,5403
2018-06-15 05:00,5320
2018-06-15 05:05,5209
2018-06-15 05:10,5134
2018-06-15 05:15,5067
2018-06-15 05:20,4998
2018-06-15 05:25,4886
2018-06-15 05:30,4817
2018-06-15 05:35,4758
2018-06-15 05:40,4715
2018-06-15 05:45,4665
2018-06-15 05:50,4618
2018-06-15 05:55,4578
2018-06-15 06:00,4547
2018-06-15 06:05,4390
2018-06-15 06:10,4338
2018-06-15 06:15,4259
2018-06-15 06:20,4205
2018-06-15 06:25,4175
2018-06-15 06:30,0
2018-06-15 06:35,4069
2018-06-15 06:40,4074
2018-06-15 06:45,4036
2018-06-15 06:50,3983
2018-06-15 06:55,3912
2018-06-15 07:00,3890
2018-06-15 07:05,3832
2018-06-15 07:10,3823
2018-06-15 07:15,3871
2018-06-15 07:20,3867
2018-06-15 07:25,3831
2018-06-15 07:30,3797
2018-06-15 07:35,3781
2018-06-15 07:40,3763
2018-06-15 07:45,3749
2018-06-15 07:50,3733
2018-06-15 07:55,3736
2018-06-15 08:00,3715
2018-06-15 08:05,3676
2018-06-15 08:10,3719
2018-06-15 08:15,3725
2018-06-15 08:20,3706
2018-06-15 08:25,3725
2018-06-15 08:30,3730
2018-06-15 08:35,3726
2018-06-15 08:40,3764
2018-06-15 08:45,3769
2018-06-15 08:50,3789
2018-06-15 08:55,3821
2018-06-15 09:00,3856
2018-06-15 09:05,3983
2018-06-15 09:10,4038
2018-06-15 09:15,4111
2018-06-15 09:20,4155
2018-06-15 09:25,4209
2018-06-15 09:30,4250
2018-06-15 09:35,4235
2018-06-15 09:40,4259
2018-06-15 09:45,4316
2018-06-15 09:50,4390
2018-06-15 09:55,4434
2018-06-15 10:00,4448
2018-06-15 10:05,4538
2018-06-15 10:10,4539
2018-06-15 10:15,4555
2018-06-15 10:20,4542
2018-06-15 10:25,4542
2018-06-15 10:30,4520
2018-06-15 10:35,4573
2018-06-15 10:40,4668
2018-06-15 10:45,4701
2018-06-15 10:50,4798
2018-06-15 10:55,4835
2018-06-15 11:00,4948
2018-06-15 11:05,4964
2018-06-15 11:10,5049
2018-06-15 11:15,5142
2018-06-15 11:20,5223
2018-06-15 11:25,5271
2018-06-15 11:30,5340
2018-06-15 11:35,5369
2018-06-15 11:40,5403
2018-06-15 11:45,5440
2018-06-15 11:50,5526
2018-06-15 11:55,5579
2018-06-15 12:00,5566
2018-06-15 12:05,5639
2018-06-15 12:10,5673
2018-06-15 12:15,5680
2018-06-15 12:20,5702
2018-06-15 12:25,5782
2018-06-15 12:30,5821
2018-06-15 12:35,5873
2018-06-15 12:40,5925
2018-06-15 12:45,5964
2018-06-15 12:50,6003
2018-06-15 12:55,6113
2018-06-15 13:00,6213
2018-06-15 13:05,6304
2018-06-15 13:10,6354
2018-06-15 13:15,6404
2018-06-15 13:20,6514
2018-06-15 13:25,6607
2018-06-15 13:30,6690
2018-06-15 13:35,6757
2018-06-15 13:40,6783
2018-06-15 13:45,6869
2018-06-15 13:50,6943
2018-06-15 13:55,6958
2018-06-15 14:00,7060
2018-06-15 14:05,7191
2018-06-15 14:10,7316
2018-06-15 14:15,7379
2018-06-15 14:20,7472
2018-06-15 14:25,7526
2018-06-15 14:30,7622
2018-06-15 14:35,7723
2018-06-15 14:40,7788
2018-06-15 14:45,7832
2018-06-15 14:50,7893
2018-06-15 14:55,7913
2018-06-15 15:00,7921
2018-06-15 15:05,7951
2018-06-15 15:10,7956
2018-06-15 15:15,8009
2018-06-15 15:20,8050
2018-06-15 15:25,8091
2018-06-15 15:30,8112
2018-06-15 15:35,8191
2018-06-15 15:40,8283
2018-06-15 15:45,8342
2018-06-15 15:50,8367
2018-06-15 15:55,8426
2018-06-15 16:00,8497
2018-06-15 16:05,8477
2018-06-15 16:10,8576
2018-06-15 16:15,8681
2018-06-15 16:20,8827
2018-06-15 16:25,8896
2018-06-15 16:30,8962
2018-06-15 16:35,8966
2018-06-15 16:40,9035
2018-06-15 16:45,9117
2018-06-15 16:50,9185
2018-06-15 16:55,9211
2018-06-15 17:00,9271
2018-06-15 17:05,9263
2018-06-15 17:10,9272
2018-06-15 17:15,9329
2018-06-15 17:20,9435
2018-06-15 17:25,9474
2018-06-15 17:30,9500
2018-06-15 17:35,9556
2018-06-15 17:40,9637
2018-06-15 17:45,9626
2018-06-15 17:50,9641
2018-06-15 17:55,9704
2018-06-15 18:00,9722
2018-06-15 18:05,9751
2018-06-15 18:10,9786
2018-06-15 18:15,9784
2018-06-15 18:20,9777
2018-06-15 18:25,9825
2018-06-15 18:30,9900
2018-06-15 18:35,9955
2018-06-15 18:40,10023
2018-06-15 18:45,10046
2018-06-15 18:50,10124
2018-06-15 18:55,10231
2018-06-15 19:00,10264
2018-06-15 19:05,10301
2018-06-15 19:10,10367
2018-06-15 19:15,10414
2018-06-15 19:20,10492
2018-06-15 19:25,10475
2018-06-15 19:30,10603
2018-06-15 19:35,10636
2018-06-15 19:40,10692
2018-06-15 19:45,10734
2018-06-15 19:50,10697
2018-06-15 19:55,10718
2018-06-15 20:00,10891
2018-06-15 20:05,11048
2018-06-15 20:10,11130
2018-06-15 20:15,11184
2018-06-15 20:20,11241
2018-06-15 20:25,11324
2018-06-15 20:30,11359
2018-06-15 20:35,11399
2018-06-15 20:40,11447
2018-06-15 20:45,11601
2018-06-15 20:50,11605
2018-06-15 20:55,11649
2018-06-15 21:00,11613
2018-06-15 21:05,11597
2018-06-15 21:10,11570
2018-06-15 21:15,11495
2018-06-15 21:20,11502
2018-06-15 21:25,11426
2018-06-15 21:30,11308
2018-06-15 21:35,11300
2018-06-15 21:40,11305
2018-06-15 21:45,11245
2018-06-15 21:50,11222
2018-06-15 21:55,11084
2018-06-15 22:00,10923
2018-06-15 22:05,10756
2018-06-15 22:10,10714
2018-06-15 22:15,10627
2018-06-15 22:20,10478
2018-06-15 22:25,10334
2018-06-15 22:30,10202
2018-06-15 22:35,10199
2018-06-15 22:40,10135
2018-06-15 22:45,9996
2018-06-15 22:50,9841
2018-06-15 22:55,9683
2018-06-15 23:00,9611
2018-06-15 23:05,9619
2018-06-15 23:10,9566
2018-06-15 23:15,9363
2018-06-15 23:20,9174
2018-06-15 23:25,9098
2018-06-15 23:30,8963
2018-06-15 23:35,8879
2018-06-15 23:40,8721
2018-06-15 23:45,8695
2018-06-15 23:50,8597
2018-06-15 23:55,8562
2018-06-16 00:00,8394
2018-06-16 00:05,8305
2018-06-16 00:10,8231
2018-06-16 00:15,8153
2018-06-16 00:20,8111
2018-06-16 00:25,8084
2018-06-16 00:30,8068
2018-06-16 00:35,8028
2018-06-16 00:40,8033
2018-06-16 00:45,8064
2018-06-16 00:50,8062
2018-06-16 00:55,8053
2018-06-16 01:00,8014
2018-06-16 01:05,7938
2018-06-16 01:10,7930
2018-06-16 01:15,7962
2018-06-16 01:20,7956
2018-06-16 01:25,7942
2018-06-16 01:30,7922
2018-06-16 01:35,7952
2018-06-16 01:40,7909
2018-06-16 01:45,7981
2018-06-16 01:50,7962
2018-06-16 01:55,7930
2018-06-16 02:00,7910
2018-06-16 02:05,7916
2018-06-16 02:10,7906
2018-06-16 02:15,7908
2018-06-16 02:20,7877
2018-06-16 02:25,7879
2018-06-16 02:30,7818
2018-06-16 02:35,7810
2018-06-16 02:40,7790
2018-06-16 02:45,7782
2018-06-16 02:50,7725
2018-06-16 02:55,7688
2018-06-16 03:00,7694
2018-06-16 03:05,7607
2018-06-16 03:10,7554
2018-06-16 03:15,7519
2018-06-16 03:20,7511
2018-06-16 03:25,7448
2018-06-16 03:30,7389
2018-06-16 03:35,7361
2018-06-16 03:40,7328
2018-06-16 03:45,7314
2018-06-16 03:50,7269
2018-06-16 03:55,7212
2018-06-16 04:00,7173
2018-06-16 04:05,7124
2018-06-16 04:10,7050
2018-06-16 04:15,6960
2018-06-16 04:20,6893
2018-06-16 04:25,6837
2018-06-16 04:30,6750
2018-06-16 04:35,6721
2018-06-16 04:40,6656
2018-06-16 04:45,6591
2018-06-16 04:50,6541
2018-06-16 04:55,6457
2018-06-16 05:00,6384
2018-06-16 05:05,6304
2018-06-16 05:10,6223
2018-06-16 05:15,6209
2018-06-16 05:20,6135
2018-06-16 05:25,6027
2018-06-16 05:30,5931
2018-06-16 05:35,5887
2018-06-16 05:40,5857
2018-06-16 05:45,5826
2018-06-16 05:50,5745
2018-06-16 05:55,5729
2018-06-16 06:00,5688
2018-06-16 06:05,5572
2018-06-16 06:10,5503
2018-06-16 06:15,5495
2018-06-16 06:20,5440
2018-06-16 06:25,5358
2018-06-16 06:30,5303
2018-06-16 06:35,5240
2018-06-16 06:40,5228
2018-06-16 06:45,5152
2018-06-16 06:50,5080
2018-06-16 06:55,5033
2018-06-16 07:00,4982
2018-06-16 07:05,4935
2018-06-16 07:10,4866
2018-06-16 07:15,4830
2018-06-16 07:20,4833
2018-06-16 07:25,4830
2018-06-16 07:30,4803
2018-06-16 07:35,4765
2018-06-16 07:40,4755
2018-06-16 07:45,4744
2018-06-16 07:50,4753
2018-06-16 07:55,4680
2018-06-16 08:00,4732
2018-06-16 08:05,4725
2018-06-16 08:10,4705
2018-06-16 08:15,4721
2018-06-16 08:20,4686
2018-06-16 08:25,4724
2018-06-16 08:30,4735
2018-06-16 08:35,4701
2018-06-16 08:40,4746
2018-06-16 08:45,4692
2018-06-16 08:50,4678
2018-06-16 08:55,4667
2018-06-16 09:00,4665
2018-06-16 09:05,4762
2018-06-16 09:10,4917
2018-06-16 09:15,4983
2018-06-16 09:20,5100
2018-06-16 09:25,5217
2018-06-16 09:30,5262
2018-06-16 09:35,5326
2018-06-16 09:40,5410
2018-06-16 09:45,5429
2018-06-16 09:50,5529
2018-06-16 09:55,5539
2018-06-16 10:00,5557
2018-06-16 10:05,5622
2018-06-16 10:10,5640
2018-06-16 10:15,5684
2018-06-16 10:20,5708
2018-06-16 10:25,5707
2018-06-16 10:30,5789
2018-06-16 10:35,5832
2018-06-16 10:40,5923
2018-06-16 10:45,5961
2018-06-16 10:50,
2018-06-16 10:55,6084
2018-06-16 11:00,6158
2018-06-16 11:05,6197
2018-06-16 11:10,0
2018-06-16 11:15,6242
2018-06-16 11:20,6297
2018-06-16 11:25,6373
2018-06-16 11:30,6418
2018-06-16 11:35,6464
2018-06-16 11:40,6480
2018-06-16 11:45,6463
2018-06-16 11:50,6550
2018-06-16 11:55,6558
2018-06-16 12:00,6646
2018-06-16 12:05,6776
2018-06-16 12:10,6930
2018-06-16 12:15,7056
2018-06-16 12:20,7093
2018-06-16 12:25,7171
2018-06-16 12:30,7215
2018-06-16 12:35,7314
2018-06-16 12:40,7347
2018-06-16 12:45,7435
2018-06-16 12:50,7521
2018-06-16 12:55,7544
2018-06-16 13:00,7598
2018-06-16 13:05,7641
2018-06-16 13:10,7644
2018-06-16 13:15,7717
2018-06-16 13:20,7816
2018-06-16 13:25,7851
2018-06-16 13:30,7889
2018-06-16 13:35,7984
2018-06-16 13:40,8005
2018-06-16 13:45,7990
2018-06-16 13:50,8077
2018-06-16 13:55,8193
2018-06-16 14:00,8311
2018-06-16 14:05,8365
2018-06-16 14:10,8439
2018-06-16 14:15,8491
2018-06-16 14:20,8569
2018-06-16 14:25,8626
2018-06-16 14:30,8676
2018-06-16 14:35,8718
2018-06-16 14:40,8788
2018-06-16 14:45,8852
2018-06-16 14:50,8914
2018-06-16 14:55,8939
2018-06-16 15:00,8993
2018-06-16 15:05,9075
2018-06-16 15:10,9244
2018-06-16 15:15,9322
2018-06-16 15:20,9425
2018-06-16 15:25,9555
2018-06-16 15:30,9620
2018-06-16 15:35,9638
2018-06-16 15:40,9696
2018-06-16 15:45,9699
2018-06-16 15:50,9713
2018-06-16 15:55,9716
2018-06-16 16:00,9742
2018-06-16 16:05,9682
2018-06-16 16:10,9746
2018-06-16 16:15,9816
2018-06-16 16:20,9800
2018-06-16 16:25,9271
2018-06-16 16:30,7048
2018-06-16 16:35,5280
2018-06-16 16:40,4131
2018-06-16 16:45,3493
2018-06-16 16:50,4459
2018-06-16 16:55,5275
2018-06-16 17:00,5939
2018-06-16 17:05,6515
2018-06-16 17:10,7008
2018-06-16 17:15,7380
2018-06-16 17:20,7769
2018-06-16 17:25,8197
2018-06-16 17:30,8615
2018-06-16 17:35,8966
2018-06-16 17:40,9308
2018-06-16 17:45,9582
2018-06-16 17:50,9828
2018-06-16 17:55,10025
2018-06-16 18:00,10211
2018-06-16 18:05,10391
2018-06-16 18:10,10676
2018-06-16 18:15,10889
2018-06-16 18:20,11043
2018-06-16 18:25,11197
2018-06-16 18:30,11367
2018-06-16 18:35,11554
2018-06-16 18:40,11709
2018-06-16 18:45,11899
2018-06-16 18:50,12034
2018-06-16 18:55,12120
2018-06-16 19:00,12197
2018-06-16 19:05,12221
2018-06-16 19:10,12208
2018-06-16 19:15,12248
2018-06-16 19:20,12355
2018-06-16 19:25,12366
2018-06-16 19:30,12337
2018-06-16 19:35,12313
2018-06-16 19:40,12290
2018-06-16 19:45,12281
2018-06-16 19:50,12324
2018-06-16 19:55,12364
2018-06-16 20:00,12448
2018-06-16 20:05,12390
2018-06-16 20:10,12380
2018-06-16 20:15,12363
2018-06-16 20:20,12376
2018-06-16 20:25,12358
2018-06-16 20:30,12381
2018-06-16 20:35,12350
2018-06-16 20:40,12277
2018-06-16 20:45,12251
2018-06-16 20:50,12241
2018-06-16 20:55,12236
2018-06-16 21:00,12213
2018-06-16 21:05,12199
2018-06-16 21:10,12232
2018-06-16 21:15,12175
2018-06-16 21:20,12076
2018-06-16 21:25,12029
2018-06-16 21:30,11917
2018-06-16 21:35,11886
2018-06-16 21:40,11760
2018-06-16 21:45,11684
2018-06-16 21:50,11583
2018-06-16 21:55,11458
2018-06-16 22:00,11299
2018-06-16 22:05,11216
2018-06-16 22:10,11140
2018-06-16 22:15,11051
2018-06-16 22:20,10985
2018-06-16 22:25,10841
2018-06-16 22:30,10755
2018-06-16 22:35,10705
2018-06-16 22:40,10616
2018-06-16 22:45,10490
2018-06-16 22:50,10397
2018-06-16 22:55,10282
2018-06-16 23:00,10155
2018-06-16 23:05,10151
2018-06-16 23:10,10042
2018-06-16 23:15,9951
2018-06-16 23:20,9836
2018-06-16 23:25,9782
2018-06-16 23:30,9676
2018-06-16 23:35,9525
2018-06-16 23:40,9421
2018-06-16 23:45,9352
2018-06-16 23:50,9268
2018-06-16 23:55,9115
2018-06-17 00:00,8970
2018-06-17 00:05,8908
2018-06-17 00:10,8890
2018-06-17 00:15,8801
2018-06-17 00:20,8746
2018-06-17 00:25,8731
2018-06-17 00:30,8651
2018-06-17 00:35,8648
2018-06-17 00:40,8574
2018-06-17 00:45,8608
2018-06-17 00:50,8559
2018-06-17 00:55,8485
2018-06-17 01:00,8361
2018-06-17 01:05,8326
2018-06-17 01:10,8240
2018-06-17 01:15,8203
2018-06-17 01:20,8163
2018-06-17 01:25,8134
2018-06-17 01:30,8106
2018-06-17 01:35,8074
2018-06-17 01:40,8047
2018-06-17 01:45,8017
2018-06-17 01:50,8032
2018-06-17 01:55,8051
2018-06-17 02:00,8043
2018-06-17 02:05,7985
2018-06-17 02:10,8020
2018-06-17 02:15,7994
2018-06-17 02:20,7957
2018-06-17 02:25,7938
2018-06-17 02:30,7944
2018-06-17 02:35,7972
2018-06-17 02:40,8006
2018-06-17 02:45,8073
2018-06-17 02:50,8088
2018-06-17 02:55,8062
2018-06-17 03:00,8049
2018-06-17 03:05,8045
2018-06-17 03:10,8027
2018-06-17 03:15,8034
2018-06-17 03:20,7887
2018-06-17 03:25,7911
2018-06-17 03:30,7900
2018-06-17 03:35,7857
2018-06-17 03:40,7803
2018-06-17 03:45,7740
2018-06-17 03:50,7733
2018-06-17 03:55,7695
2018-06-17 04:00,7640
2018-06-17 04:05,7512
2018-06-17 04:10,7521
2018-06-17 04:15,7478
2018-06-17 04:20,7482
2018-06-17 04:25,7424
2018-06-17 04:30,7336
2018-06-17 04:35,7288
2018-06-17 04:40,7190
2018-06-17 04:45,7124
2018-06-17 04:50,7043
2018-06-17 04:55,6990
2018-06-17 05:00,6944
2018-06-17 05:05,6863
2018-06-17 05:10,6769
2018-06-17 05:15,6692
2018-06-17 05:20,6643
2018-06-17 05:25,6587
2018-06-17 05:30,6523
2018-06-17 05:35,6403
2018-06-17 05:40,6367
2018-06-17 05:45,6267
2018-06-17 05:50,6162
2018-06-17 05:55,6109
2018-06-17 06:00,6045
2018-06-17 06:05,5959
2018-06-17 06:10,5902
2018-06-17 06:15,5843
2018-06-17 06:20,5820
2018-06-17 06:25,5738
2018-06-17 06:30,5679
2018-06-17 06:35,5586
2018-06-17 06:40,5563
2018-06-17 06:45,5555
2018-06-17 06:50,5481
2018-06-17 06:55,5481
2018-06-17 07:00,5412
2018-06-17 07:05,5357
2018-06-17 07:10,5339
2018-06-17 07:15,5285
2018-06-17 07:20,5254
2018-06-17 07:25,5193
2018-06-17 07:30,5167
2018-06-17 07:35,5149
2018-06-17 07:40,5159
2018-06-17 07:45,5171
2018-06-17 07:50,5159
2018-06-17 07:55,5163
2018-06-17 08:00,5178
2018-06-17 08:05,5118
2018-06-17 08:10,5135
2018-06-17 08:15,5139
2018-06-17 08:20,5162
2018-06-17 08:25,5177
2018-06-17 08:30,5182
2018-06-17 08:35,5181
2018-06-17 08:40,5215
2018-06-17 08:45,5214
2018-06-17 08:50,5246
2018-06-17 08:55,5252
2018-06-17 09:00,5293
2018-06-17 09:05,5334
2018-06-17 09:10,5488
2018-06-17 09:15,5583
2018-06-17 09:20,5660
2018-06-17 09:25,5788
2018-06-17 09:30,5884
2018-06-17 09:35,5960
2018-06-17 09:40,6064
2018-06-17 09:45,6147
2018-06-17 09:50,6204
2018-06-17 09:55,6245
2018-06-17 10:00,6337
2018-06-17 10:05,6389
2018-06-17 10:10,6476
2018-06-17 10:15,6556
2018-06-17 10:20,6674
2018-06-17 10:25,6781
2018-06-17 10:30,6876
2018-06-17 10:35,6907
2018-06-17 10:40,6921
2018-06-17 10:45,7008
2018-06-17 10:50,7069
2018-06-17 10:55,7141
2018-06-17 11:00,7215
2018-06-17 11:05,7257
2018-06-17 11:10,7285
2018-06-17 11:15,7323
2018-06-17 11:20,7403
2018-06-17 11:25,7469
2018-06-17 11:30,7498
2018-06-17 11:35,7605
2018-06-17 11:40,7617
2018-06-17 11:45,7685
2018-06-17 11:50,7691
2018-06-17 11:55,7793
2018-06-17 12:00,7853
2018-06-17 12:05,7835
2018-06-17 12:10,7859
2018-06-17 12:15,7884
2018-06-17 12:20,7991
2018-06-17 12:25,7990
2018-06-17 12:30,8107
2018-06-17 12:35,8190
2018-06-17 12:40,8289
2018-06-17 12:45,8329
2018-06-17 12:50,8349
2018-06-17 12:55,8427
2018-06-17 13:00,8499
2018-06-17 13:05,8594
2018-06-17 13:10,8638
2018-06-17 13:15,8663
2018-06-17 13:20,8726
2018-06-17 13:25,8779
2018-06-17 13:30,8832
2018-06-17 13:35,8928
2018-06-17 13:40,8983
2018-06-17 13:45,9127
2018-06-17 13:50,9207
2018-06-17 13:55,9261
2018-06-17 14:00,9325
2018-06-17 14:05,9320
2018-06-17 14:10,9418
2018-06-17 14:15,9485
2018-06-17 14:20,9603
2018-06-17 14:25,9694
2018-06-17 14:30,9744
2018-06-17 14:35,9767
2018-06-17 14:40,9863
2018-06-17 14:45,9897
2018-06-17 14:50,9990
2018-06-17 14:55,10050
2018-06-17 15:00,10049
2018-06-17 15:05,9995
2018-06-17 15:10,10005
2018-06-17 15:15,9992
2018-06-17 15:20,10023
2018-06-17 15:25,10122
2018-06-17 15:30,10066
2018-06-17 15:35,10131
2018-06-17 15:40,10151
2018-06-17 15:45,10163
2018-06-17 15:50,10281
2018-06-17 15:55,10448
2018-06-17 16:00,10418
2018-06-17 16:05,10462
2018-06-17 16:10,10527
2018-06-17 16:15,10530
2018-06-17 16:20,10560
2018-06-17 16:25,10584
2018-06-17 16:30,10588
2018-06-17 16:35,10659
2018-06-17 16:40,10689
2018-06-17 16:45,10705
2018-06-17 16:50,0
2018-06-17 16:55,10832
2018-06-17 17:00,10972
2018-06-17 17:05,11161
2018-06-17 17:10,11327
2018-06-17 17:15,11444
2018-06-17 17:20,11558
2018-06-17 17:25,11710
2018-06-17 17:30,11822
2018-06-17 17:35,11926
2018-06-17 17:40,11983
2018-06-17 17:45,12056
2018-06-17 17:50,12065
2018-06-17 17:55,12084
2018-06-17 18:00,12062
2018-06-17 18:05,12093
2018-06-17 18:10,12152
2018-06-17 18:15,12214
2018-06-17 18:20,12170
2018-06-17 18:25,12198
2018-06-17 18:30,12235
2018-06-17 18:35,12275
2018-06-17 18:40,12323
2018-06-17 18:45,12337
2018-06-17 18:50,12340
2018-06-17 18:55,12443
2018-06-17 19:00,12469
2018-06-17 19:05,12459
2018-06-17 19:10,12486
2018-06-17 19:15,12492
2018-06-17 19:20,12503
2018-06-17 19:25,12488
2018-06-17 19:30,12456
2018-06-17 19:35,12444
2018-06-17 19:40,12423
2018-06-17 19:45,12346
2018-06-17 19:50,12245
2018-06-17 19:55,12147
2018-06-17 20:00,12157
2018-06-17 20:05,12278
2018-06-17 20:10,12303
2018-06-17 20:15,12300
2018-06-17 20:20,12306
2018-06-17 20:25,12281
2018-06-17 20:30,12237
2018-06-17 20:35,12210
2018-06-17 20:40,12181
2018-06-17 20:45,12166
2018-06-17 20:50,12106
2018-06-17 20:55,12099
2018-06-17 21:00,12004
2018-06-17 21:05,11905
2018-06-17 21:10,11840
2018-06-17 21:15,11758
2018-06-17 21:20,11630
2018-06-17 21:25,11506
2018-06-17 21:30,11369
2018-06-17 21:35,11230
2018-06-17 21:40,11159
2018-06-17 21:45,11018
2018-06-17 21:50,10838
2018-06-17 21:55,10744
2018-06-17 22:00,10650
2018-06-17 22:05,10524
2018-06-17 22:10,10470
2018-06-17 22:15,10383
2018-06-17 22:20,10270
2018-06-17 22:25,10199
2018-06-17 22:30,10048
2018-06-17 22:35,9891
2018-06-17 22:40,9784
2018-06-17 22:45,9713
2018-06-17 22:50,9653
2018-06-17 22:55,9515
2018-06-17 23:00,9399
2018-06-17 23:05,9274
2018-06-17 23:10,9171
2018-06-17 23:15,9071
2018-06-17 23:20,8973
2018-06-17 23:25,8889
2018-06-17 23:30,8905
2018-06-17 23:35,8827
2018-06-17 23:40,8756
2018-06-17 23:45,8669
2018-06-17 23:50,8605
2018-06-17 23:55,8540
2018-06-18 00:00,8481
2018-06-18 00:05,8439
2018-06-18 00:10,8350
2018-06-18 00:15,8286
2018-06-18 00:20,8217
2018-06-18 00:25,8169
2018-06-18 00:30,8134
2018-06-18 00:35,8172
2018-06-18 00:40,8107
2018-06-18 00:45,8097
2018-06-18 00:50,8062
2018-06-18 00:55,8098
2018-06-18 01:00,8062
2018-06-18 01:05,8086
2018-06-18 01:10,8065
2018-06-18 01:15,8047
2018-06-18 01:20,8104
2018-06-18 01:25,8121
2018-06-18 01:30,8160
2018-06-18 01:35,8161
2018-06-18 01:40,8099
2018-06-18 01:45,8091
2018-06-18 01:50,8071
2018-06-18 01:55,8065
2018-06-18 02:00,8099
2018-06-18 02:05,8086
2018-06-18 02:10,8099
2018-06-18 02:15,8105
2018-06-18 02:20,8060
2018-06-18 02:25,7995
2018-06-18 02:30,7971
2018-06-18 02:35,7971
2018-06-18 02:40,7901
2018-06-18 02:45,7927
2018-06-18 02:50,7910
2018-06-18 02:55,7823
2018-06-18 03:00,7788
2018-06-18 03:05,7717
2018-06-18 03:10,7610
2018-06-18 03:15,7581
2018-06-18 03:20,7494
2018-06-18 03:25,7342
2018-06-18 03:30,7256
2018-06-18 03:35,7197
2018-06-18 03:40,7116
2018-06-18 03:45,7028
2018-06-18 03:50,6984
2018-06-18 03:55,6910
2018-06-18 04:00,6809
2018-06-18 04:05,6743
2018-06-18 04:10,6668
2018-06-18 04:15,6615
2018-06-18 04:20,6518
2018-06-18 04:25,6417
2018-06-18 04:30,6350
2018-06-18 04:35,6227
2018-06-18 04:40,6165
2018-06-18 04:45,6081
2018-06-18 04:50,6003
2018-06-18 04:55,5963
2018-06-18 05:00,5856
2018-06-18 05:05,5805
2018-06-18 05:10,5714
2018-06-18 05:15,5642
2018-06-18 05:20,5569
2018-06-18 05:25,5484
2018-06-18 05:30,5433
2018-06-18 05:35,5373
2018-06-18 05:40,5326
2018-06-18 05:45,5264
2018-06-18 05:50,5194
2018-06-18 05:55,5134
2018-06-18 06:00,5077
2018-06-18 06:05,4976
2018-06-18 06:10,4941
2018-06-18 06:15,4883
2018-06-18 06:20,4838
2018-06-18 06:25,4841
2018-06-18 06:30,4811
2018-06-18 06:35,4739
2018-06-18 06:40,4707
2018-06-18 06:45,4673
2018-06-18 06:50,4596
2018-06-18 06:55,4526
2018-06-18 07:00,4466
2018-06-18 07:05,4408
2018-06-18 07:10,4346
2018-06-18 07:15,4333
2018-06-18 07:20,4282
2018-06-18 07:25,4239
2018-06-18 07:30,4239
2018-06-18 07:35,4243
2018-06-18 07:40,4190
2018-06-18 07:45,4136
2018-06-18 07:50,4125
2018-06-18 07:55,4149
2018-06-18 08:00,4118
2018-06-18 08:05,4084
2018-06-18 08:10,4078
2018-06-18 08:15,4091
2018-06-18 08:20,4090
2018-06-18 08:25,4071
2018-06-18 08:30,4051
2018-06-18 08:35,4082
2018-06-18 08:40,4103
2018-06-18 08:45,4104
2018-06-18 08:50,4085
2018-06-18 08:55,4086
2018-06-18 09:00,4089
2018-06-18 09:05,4163
2018-06-18 09:10,4156
2018-06-18 09:15,4177
2018-06-18 09:20,4265
2018-06-18 09:25,4317
2018-06-18 09:30,4334
2018-06-18 09:35,4361
2018-06-18 09:40,4403
2018-06-18 09:45,4449
2018-06-18 09:50,4520
2018-06-18 09:55,4534
2018-06-18 10:00,4602
2018-06-18 10:05,4655
2018-06-18 10:10,4692
2018-06-18 10:15,4732
2018-06-18 10:20,4751
2018-06-18 10:25,4804
2018-06-18 10:30,4823
2018-06-18 10:35,4899
2018-06-18 10:40,4993
2018-06-18 10:45,5023
2018-06-18 10:50,5047
2018-06-18 10:55,5069
2018-06-18 11:00,5077
2018-06-18 11:05,5104
2018-06-18 11:10,5139
2018-06-18 11:15,5154
2018-06-18 11:20,5213
2018-06-18 11:25,5263
2018-06-18 11:30,5336
2018-06-18 11:35,5415
2018-06-18 11:40,5455
2018-06-18 11:45,5494
2018-06-18 11:50,5532
2018-06-18 11:55,5595
2018-06-18 12:00,5644
2018-06-18 12:05,5676
2018-06-18 12:10,5728
2018-06-18 12:15,5795
2018-06-18 12:20,5857
2018-06-18 12:25,5892
2018-06-18 12:30,5918
2018-06-18 12:35,5985
2018-06-18 12:40,6056
2018-06-18 12:45,6113
2018-06-18 12:50,6191
2018-06-18 12:55,6247
2018-06-18 13:00,6339
2018-06-18 13:05,6395
2018-06-18 13:10,6457
2018-06-18 13:15,6508
2018-06-18 13:20,6565
2018-06-18 13:25,6632
2018-06-18 13:30,6676
2018-06-18 13:35,6773
2018-06-18 13:40,6862
2018-06-18 13:45,6905
2018-06-18 13:50,6996
2018-06-18 13:55,7081
2018-06-18 14:00,7203
2018-06-18 14:05,7349
2018-06-18 14:10,7392
2018-06-18 14:15,7491
2018-06-18 14:20,7600
2018-06-18 14:25,7678
2018-06-18 14:30,7750
2018-06-18 14:35,7798
2018-06-18 14:40,7833
2018-06-18 14:45,7859
2018-06-18 14:50,7876
2018-06-18 14:55,7882
2018-06-18 15:00,7890
2018-06-18 15:05,7939
2018-06-18 15:10,8005
2018-06-18 15:15,8013
2018-06-18 15:20,8043
2018-06-18 15:25,8115
2018-06-18 15:30,8166
2018-06-18 15:35,8211
2018-06-18 15:40,8285
2018-06-18 15:45,8353
2018-06-18 15:50,8382
2018-06-18 15:55,8491
2018-06-18 16:00,8586
2018-06-18 16:05,8634
2018-06-18 16:10,8798
2018-06-18 16:15,8842
2018-06-18 16:20,8908
2018-06-18 16:25,8986
2018-06-18 16:30,9064
2018-06-18 16:35,9182
2018-06-18 16:40,9247
2018-06-18 16:45,9302
2018-06-18 16:50,9411
2018-06-18 16:55,9496
2018-06-18 17:00,9605
2018-06-18 17:05,9731
2018-06-18 17:10,9843
2018-06-18 17:15,9987
2018-06-18 17:20,10029
2018-06-18 17:25,10150
2018-06-18 17:30,10223
2018-06-18 17:35,10280
2018-06-18 17:40,10382
2018-06-18 17:45,10465
2018-06-18 17:50,10511
2018-06-18 17:55,10461
2018-06-18 18:00,10450
2018-06-18 18:05,10544
2018-06-18 18:10,10569
2018-06-18 18:15,10683
2018-06-18 18:20,10721
2018-06-18 18:25,10739
2018-06-18 18:30,10781
2018-06-18 18:35,10822
2018-06-18 18:40,10881
2018-06-18 18:45,10907
2018-06-18 18:50,10909
2018-06-18 18:55,11052
2018-06-18 19:00,11093
2018-06-18 19:05,11094
2018-06-18 19:10,11118
2018-06-18 19:15,11093
2018-06-18 19:20,11089
2018-06-18 19:25,11182
2018-06-18 19:30,11194
2018-06-18 19:35,11197
2018-06-18 19:40,11192
2018-06-18 19:45,11155
2018-06-18 19:50,11177
2018-06-18 19:55,11256
2018-06-18 20:00,11381
2018-06-18 20:05,11448
2018-06-18 20:10,11456
2018-06-18 20:15,0
2018-06-18 20:20,11450
2018-06-18 20:25,11451
2018-06-18 20:30,11467
2018-06-18 20:35,11452
2018-06-18 20:40,11391
2018-06-18 20:45,11277
2018-06-18 20:50,11257
2018-06-18 20:55,11166
2018-06-18 21:00,11094
2018-06-18 21:05,10877
2018-06-18 21:10,10823
2018-06-18 21:15,10728
2018-06-18 21:20,10587
2018-06-18 21:25,10497
2018-06-18 21:30,10389
2018-06-18 21:35,10255
2018-06-18 21:40,10277
2018-06-18 21:45,10241
2018-06-18 21:50,10189
2018-06-18 21:55,10169
2018-06-18 22:00,10149
2018-06-18 22:05,10027
2018-06-18 22:10,
2018-06-18 22:15,10027
2018-06-18 22:20,10027
2018-06-18 22:25,10027
2018-06-18 22:30,10027
2018-06-18 22:35,10027
2018-06-18 22:40,10027
2018-06-18 22:45,10027
2018-06-18 22:50,10027
2018-06-18 22:55,10027
2018-06-18 23:00,9110
2018-06-18 23:05,8982
2018-06-18 23:10,8858
2018-06-18 23:15,8800
2018-06-18 23:20,8790
2018-06-18 23:25,8726
2018-06-18 23:30,8708
2018-06-18 23:35,8567
2018-06-18 23:40,8433
2018-06-18 23:45,8398
2018-06-18 23:50,8359
2018-06-18 23:55,8369
2018-06-19 00:00,8338
2018-06-19 00:05,8312
2018-06-19 00:10,8309
2018-06-19 00:15,8348
2018-06-19 00:20,8382
2018-06-19 00:25,8360
2018-06-19 00:30,8394
2018-06-19 00:35,8401
2018-06-19 00:40,8301
2018-06-19 00:45,8274
2018-06-19 00:50,8249
2018-06-19 00:55,8234
2018-06-19 01:00,8233
2018-06-19 01:05,8215
2018-06-19 01:10,8171
2018-06-19 01:15,8213
2018-06-19 01:20,8208
2018-06-19 01:25,8182
2018-06-19 01:30,8195
2018-06-19 01:35,8170
2018-06-19 01:40,8157
2018-06-19 01:45,8142
2018-06-19 01:50,8145
2018-06-19 01:55,8105
2018-06-19 02:00,8051
2018-06-19 02:05,7993
2018-06-19 02:10,8004
2018-06-19 02:15,7916
2018-06-19 02:20,7889
2018-06-19 02:25,7780
2018-06-19 02:30,7756
2018-06-19 02:35,7744
2018-06-19 02:40,7696
2018-06-19 02:45,7649
2018-06-19 02:50,7620
2018-06-19 02:55,7543
2018-06-19 03:00,7494
2018-06-19 03:05,7490
2018-06-19 03:10,7438
2018-06-19 03:15,7431
2018-06-19 03:20,7412
2018-06-19 03:25,7297
2018-06-19 03:30,7263
2018-06-19 03:35,7149
2018-06-19 03:40,7050
2018-06-19 03:45,6945
2018-06-19 03:50,6913
2018-06-19 03:55,6845
2018-06-19 04:00,6756
2018-06-19 04:05,6697
2018-06-19 04:10,6595
2018-06-19 04:15,6473
2018-06-19 04:20,6331
2018-06-19 04:25,6271
2018-06-19 04:30,6171
2018-06-19 04:35,6095
2018-06-19 04:40,6008
2018-06-19 04:45,5873
2018-06-19 04:50,5847
2018-06-19 04:55,5772
2018-06-19 05:00,5641
2018-06-19 05:05,5547
2018-06-19 05:10,5426
2018-06-19 05:15,5357
2018-06-19 05:20,5257
2018-06-19 05:25,5190
2018-06-19 05:30,5123
2018-06-19 05:35,5021
2018-06-19 05:40,4920
2018-06-19 05:45,4860
2018-06-19 05:50,4816
2018-06-19 05:55,4755
2018-06-19 06:00,4695
2018-06-19 06:05,4458
2018-06-19 06:10,4326
2018-06-19 06:15,4240
2018-06-19 06:20,4064
2018-06-19 06:25,3967
2018-06-19 06:30,3866
2018-06-19 06:35,3113
2018-06-19 06:40,2439
2018-06-19 06:45,1902
2018-06-19 06:50,1463
2018-06-19 06:55,1183
2018-06-19 07:00,1094
2018-06-19 07:05,1007
2018-06-19 07:10,985
2018-06-19 07:15,984
2018-06-19 07:20,1057
2018-06-19 07:25,1324
2018-06-19 07:30,1617
2018-06-19 07:35,1882
2018-06-19 07:40,2140
2018-06-19 07:45,2340
2018-06-19 07:50,2539
2018-06-19 07:55,2751
2018-06-19 08:00,2976
2018-06-19 08:05,3101
2018-06-19 08:10,3256
2018-06-19 08:15,3421
2018-06-19 08:20,3541
2018-06-19 08:25,3644
2018-06-19 08:30,3726
2018-06-19 08:35,3770
2018-06-19 08:40,3836
2018-06-19 08:45,3874
2018-06-19 08:50,3943
2018-06-19 08:55,3963
2018-06-19 09:00,4025
2018-06-19 09:05,4184
2018-06-19 09:10,4285
2018-06-19 09:15,4379
2018-06-19 09:20,4461
2018-06-19 09:25,4533
2018-06-19 09:30,4624
2018-06-19 09:35,4702
2018-06-19 09:40,4743
2018-06-19 09:45,4796
2018-06-19 09:50,4840
2018-06-19 09:55,4951
2018-06-19 10:00,4961
2018-06-19 10:05,5075
2018-06-19 10:10,5129
2018-06-19 10:15,5156
2018-06-19 10:20,5151
2018-06-19 10:25,5234
2018-06-19 10:30,5295
2018-06-19 10:35,5317
2018-06-19 10:40,5379
2018-06-19 10:45,5441
2018-06-19 10:50,5483
2018-06-19 10:55,5520
2018-06-19 11:00,5521
2018-06-19 11:05,5601
2018-06-19 11:10,5684
2018-06-19 11:15,5702
2018-06-19 11:20,5751
2018-06-19 11:25,5757
2018-06-19 11:30,5845
2018-06-19 11:35,5906
2018-06-19 11:40,5967
2018-06-19 11:45,5997
2018-06-19 11:50,6005
2018-06-19 11:55,6020
2018-06-19 12:00,6090
2018-06-19 12:05,6138
2018-06-19 12:10,6191
2018-06-19 12:15,6293
2018-06-19 12:20,6338
2018-06-19 12:25,6363
2018-06-19 12:30,6425
2018-06-19 12:35,6515
2018-06-19 12:40,6526
2018-06-19 12:45,6568
2018-06-19 12:50,6665
2018-06-19 12:55,6741
2018-06-19 13:00,6827
2018-06-19 13:05,6853
2018-06-19 13:10,6919
2018-06-19 13:15,6979
2018-06-19 13:20,7030
2018-06-19 13:25,7134
2018-06-19 13:30,7187
2018-06-19 13:35,7281
2018-06-19 13:40,7405
2018-06-19 13:45,7510
2018-06-19 13:50,7559
2018-06-19 13:55,7616
2018-06-19 14:00,7733
2018-06-19 14:05,7860
2018-06-19 14:10,7971
2018-06-19 14:15,8002
2018-06-19 14:20,8094
2018-06-19 14:25,8236
2018-06-19 14:30,8309
2018-06-19 14:35,8387
2018-06-19 14:40,8442
2018-06-19 14:45,8484
2018-06-19 14:50,8509
2018-06-19 14:55,8542
2018-06-19 15:00,8526
2018-06-19 15:05,8532
2018-06-19 15:10,8521
2018-06-19 15:15,8590
2018-06-19 15:20,8624
2018-06-19 15:25,8684
2018-06-19 15:30,8755
2018-06-19 15:35,8818
2018-06-19 15:40,8904
2018-06-19 15:45,9034
2018-06-19 15:50,9134
2018-06-19 15:55,9216
2018-06-19 16:00,9243
2018-06-19 16:05,9256
2018-06-19 16:10,9283
2018-06-19 16:15,9371
2018-06-19 16:20,9469
2018-06-19 16:25,9522
2018-06-19 16:30,9610
2018-06-19 16:35,9731
2018-06-19 16:40,9780
2018-06-19 16:45,9896
2018-06-19 16:50,9922
2018-06-19 16:55,9929
2018-06-19 17:00,9991
2018-06-19 17:05,10192
2018-06-19 17:10,10254
2018-06-19 17:15,10437
2018-06-19 17:20,10591
2018-06-19 17:25,10683
2018-06-19 17:30,10827
2018-06-19 17:35,10999
2018-06-19 17:40,11036
2018-06-19 17:45,11128
2018-06-19 17:50,11215
2018-06-19 17:55,11238
2018-06-19 18:00,11225
2018-06-19 18:05,11116
2018-06-19 18:10,10980
2018-06-19 18:15,10819
2018-06-19 18:20,10704
2018-06-19 18:25,10856
2018-06-19 18:30,10915
2018-06-19 18:35,11024
2018-06-19 18:40,11116
2018-06-19 18:45,11168
2018-06-19 18:50,11368
2018-06-19 18:55,11568
2018-06-19 19:00,11612
2018-06-19 19:05,11704
2018-06-19 19:10,11707
2018-06-19 19:15,11755
2018-06-19 19:20,11796
2018-06-19 19:25,11834
2018-06-19 19:30,11827
2018-06-19 19:35,11902
2018-06-19 19:40,11969
2018-06-19 19:45,11947
2018-06-19 19:50,11990
2018-06-19 19:55,12024
2018-06-19 20:00,12052
2018-06-19 20:05,12019
2018-06-19 20:10,12004
2018-06-19 20:15,11954
2018-06-19 20:20,11966
2018-06-19 20:25,11971
2018-06-19 20:30,11924
2018-06-19 20:35,11836
2018-06-19 20:40,11772
2018-06-19 20:45,11751
2018-06-19 20:50,11656
2018-06-19 20:55,11631
2018-06-19 21:00,11564
2018-06-19 21:05,11535
2018-06-19 21:10,11441
2018-06-19 21:15,11332
2018-06-19 21:20,11280
2018-06-19 21:25,11381
2018-06-19 21:30,11407
2018-06-19 21:35,11255
2018-06-19 21:40,11181
2018-06-19 21:45,11129
2018-06-19 21:50,11004
2018-06-19 21:55,10805
2018-06-19 22:00,10721
2018-06-19 22:05,10642
2018-06-19 22:10,10464
2018-06-19 22:15,10347
2018-06-19 22:20,10215
2018-06-19 22:25,10172
2018-06-19 22:30,10041
2018-06-19 22:35,10017
2018-06-19 22:40,
2018-06-19 22:45,
2018-06-19 22:50,9611
2018-06-19 22:55,9494
2018-06-19 23:00,9385
2018-06-19 23:05,9251
2018-06-19 23:10,9187
2018-06-19 23:15,9082
2018-06-19 23:20,9016
2018-06-19 23:25,8796
2018-06-19 23:30,8712
2018-06-19 23:35,8666
2018-06-19 23:40,8652
2018-06-19 23:45,8635
2018-06-19 23:50,8589
2018-06-19 23:55,8549
2018-06-20 00:00,8503
2018-06-20 00:05,8412
2018-06-20 00:10,8388
2018-06-20 00:15,8405
2018-06-20 00:20,8375
2018-06-20 00:25,8381
2018-06-20 00:30,8358
2018-06-20 00:35,8310
2018-06-20 00:40,8319
2018-06-20 00:45,8266
2018-06-20 00:50,8276
2018-06-20 00:55,8260
2018-06-20 01:00,8252
2018-06-20 01:05,8207
2018-06-20 01:10,8185
2018-06-20 01:15,8173
2018-06-20 01:20,8171
2018-06-20 01:25,8163
2018-06-20 01:30,8192
2018-06-20 01:35,8195
2018-06-20 01:40,8200
2018-06-20 01:45,8222
2018-06-20 01:50,8247
2018-06-20 01:55,8176
2018-06-20 02:00,8138
2018-06-20 02:05,8053
2018-06-20 02:10,8014
2018-06-20 02:15,7966
2018-06-20 02:20,7975
2018-06-20 02:25,7983
2018-06-20 02:30,7949
2018-06-20 02:35,7893
2018-06-20 02:40,7846
2018-06-20 02:45,7824
2018-06-20 02:50,7773
2018-06-20 02:55,7727
2018-06-20 03:00,7633
2018-06-20 03:05,7510
2018-06-20 03:10,7421
2018-06-20 03:15,7369
2018-06-20 03:20,7359
2018-06-20 03:25,7294
2018-06-20 03:30,7212
2018-06-20 03:35,7068
2018-06-20 03:40,7018
2018-06-20 03:45,6956
2018-06-20 03:50,6878
2018-06-20 03:55,6792
2018-06-20 04:00,6784
2018-06-20 04:05,6639
2018-06-20 04:10,6582
2018-06-20 04:15,6493
2018-06-20 04:20,6430
2018-06-20 04:25,6365
2018-06-20 04:30,6308
2018-06-20 04:35,6223
2018-06-20 04:40,6126
2018-06-20 04:45,6056
2018-06-20 04:50,6013
2018-06-20 04:55,5958
2018-06-20 05:00,5911
2018-06-20 05:05,5830
2018-06-20 05:10,5690
2018-06-20 05:15,5592
2018-06-20 05:20,5510
2018-06-20 05:25,5434
2018-06-20 05:30,5368
2018-06-20 05:35,5283
2018-06-20 05:40,5176
2018-06-20 05:45,5154
2018-06-20 05:50,5055
2018-06-20 05:55,4970
2018-06-20 06:00,4912
2018-06-20 06:05,4785
2018-06-20 06:10,4752
2018-06-20 06:15,4670
2018-06-20 06:20,4598
2018-06-20 06:25,4556
2018-06-20 06:30,4539
2018-06-20 06:35,4478
2018-06-20 06:40,4406
2018-06-20 06:45,4361
2018-06-20 06:50,4315
2018-06-20 06:55,4272
2018-06-20 07:00,4257
2018-06-20 07:05,4204
2018-06-20 07:10,4159
2018-06-20 07:15,4138
2018-06-20 07:20,4118
2018-06-20 07:25,4072
2018-06-20 07:30,4104
2018-06-20 07:35,4113
2018-06-20 07:40,4089
2018-06-20 07:45,4083
2018-06-20 07:50,4061
2018-06-20 07:55,4059
2018-06-20 08:00,4049
2018-06-20 08:05,4027
2018-06-20 08:10,4078
2018-06-20 08:15,4094
2018-06-20 08:20,4122
2018-06-20 08:25,4088
2018-06-20 08:30,4057
2018-06-20 08:35,4086
2018-06-20 08:40,4116
2018-06-20 08:45,4114
2018-06-20 08:50,4123
2018-06-20 08:55,4131
2018-06-20 09:00,4164
2018-06-20 09:05,4218
2018-06-20 09:10,4283
2018-06-20 09:15,4349
2018-06-20 09:20,4445
2018-06-20 09:25,4498
2018-06-20 09:30,4539
2018-06-20 09:35,4561
2018-06-20 09:40,4624
2018-06-20 09:45,4661
2018-06-20 09:50,4649
2018-06-20 09:55,4700
2018-06-20 10:00,4769
2018-06-20 10:05,4767
2018-06-20 10:10,4895
2018-06-20 10:15,4948
2018-06-20 10:20,4967
2018-06-20 10:25,4992
2018-06-20 10:30,5009
2018-06-20 10:35,5064
2018-06-20 10:40,5097
2018-06-20 10:45,5111
2018-06-20 10:50,5171
2018-06-20 10:55,5275
2018-06-20 11:00,5267
2018-06-20 11:05,5322
2018-06-20 11:10,5376
2018-06-20 11:15,5434
2018-06-20 11:20,5495
2018-06-20 11:25,5579
2018-06-20 11:30,5642
2018-06-20 11:35,5653
2018-06-20 11:40,5741
2018-06-20 11:45,5815
2018-06-20 11:50,5835
2018-06-20 11:55,5809
2018-06-20 12:00,5837
2018-06-20 12:05,5835
2018-06-20 12:10,5901
2018-06-20 12:15,5953
2018-06-20 12:20,6007
2018-06-20 12:25,6088
2018-06-20 12:30,6122
2018-06-20 12:35,6188
2018-06-20 12:40,6215
2018-06-20 12:45,6273
2018-06-20 12:50,6330
2018-06-20 12:55,6380
2018-06-20 13:00,6443
2018-06-20 13:05,6537
2018-06-20 13:10,6625
2018-06-20 13:15,6731
2018-06-20 13:20,6807
2018-06-20 13:25,6895
2018-06-20 13:30,6954
2018-06-20 13:35,6976
2018-06-20 13:40,7116
2018-06-20 13:45,7199
2018-06-20 13:50,7223
2018-06-20 13:55,7273
2018-06-20 14:00,7271
2018-06-20 14:05,7376
2018-06-20 14:10,7482
2018-06-20 14:15,7584
2018-06-20 14:20,7659
2018-06-20 14:25,7673
2018-06-20 14:30,7774
2018-06-20 14:35,7909
2018-06-20 14:40,8032
2018-06-20 14:45,8111
2018-06-20 14:50,8101
2018-06-20 14:55,8197
2018-06-20 15:00,8235
2018-06-20 15:05,8271
2018-06-20 15:10,8304
2018-06-20 15:15,8366
2018-06-20 15:20,8397
2018-06-20 15:25,8430
2018-06-20 15:30,8444
2018-06-20 15:35,8534
2018-06-20 15:40,8601
2018-06-20 15:45,8669
2018-06-20 15:50,8787
2018-06-20 15:55,8828
2018-06-20 16:00,8962
2018-06-20 16:05,8971
2018-06-20 16:10,9055
2018-06-20 16:15,9100
2018-06-20 16:20,9234
2018-06-20 16:25,9264
2018-06-20 16:30,9321
2018-06-20 16:35,9370
2018-06-20 16:40,9440
2018-06-20 16:45,9567
2018-06-20 16:50,9548
2018-06-20 16:55,9568
2018-06-20 17:00,9686
2018-06-20 17:05,9798
2018-06-20 17:10,9809
2018-06-20 17:15,9878
2018-06-20 17:20,9951
2018-06-20 17:25,10008
2018-06-20 17:30,10065
2018-06-20 17:35,10205
2018-06-20 17:40,10219
2018-06-20 17:45,10336
2018-06-20 17:50,10344
2018-06-20 17:55,10490
2018-06-20 18:00,10540
2018-06-20 18:05,10491
2018-06-20 18:10,10545
2018-06-20 18:15,10564
2018-06-20 18:20,10681
2018-06-20 18:25,10798
2018-06-20 18:30,10833
2018-06-20 18:35,10927
2018-06-20 18:40,11007
2018-06-20 18:45,11068
2018-06-20 18:50,11145
2018-06-20 18:55,11194
2018-06-20 19:00,11264
2018-06-20 19:05,11386
2018-06-20 19:10,11457
2018-06-20 19:15,11442
2018-06-20 19:20,11459
2018-06-20 19:25,11463
2018-06-20 19:30,11545
2018-06-20 19:35,11570
2018-06-20 19:40,11517
2018-06-20 19:45,11536
2018-06-20 19:50,11527
2018-06-20 19:55,11583
2018-06-20 20:00,11597
2018-06-20 20:05,11661
2018-06-20 20:10,11692
2018-06-20 20:15,11651
2018-06-20 20:20,11650
2018-06-20 20:25,11680
2018-06-20 20:30,11658
2018-06-20 20:35,11649
2018-06-20 20:40,11621
2018-06-20 20:45,11634
2018-06-20 20:50,11620
2018-06-20 20:55,11557
2018-06-20 21:00,11494
2018-06-20 21:05,11424
2018-06-20 21:10,11320
2018-06-20 21:15,11272
2018-06-20 21:20,11195
2018-06-20 21:25,11105
2018-06-20 21:30,10981
2018-06-20 21:35,10915
2018-06-20 21:40,10874
2018-06-20 21:45,10829
2018-06-20 21:50,10668
2018-06-20 21:55,10594
2018-06-20 22:00,10461
2018-06-20 22:05,10316
2018-06-20 22:10,
2018-06-20 22:15,10177
2018-06-20 22:20,10095
2018-06-20 22:25,10046
2018-06-20 22:30,9967
2018-06-20 22:35,9810
2018-06-20 22:40,9747
2018-06-20 22:45,9706
2018-06-20 22:50,9658
2018-06-20 22:55,9578
2018-06-20 23:00,9570
2018-06-20 23:05,9457
2018-06-20 23:10,9342
2018-06-20 23:15,9247
2018-06-20 23:20,9187
2018-06-20 23:25,9168
2018-06-20 23:30,9079
2018-06-20 23:35,8909
2018-06-20 23:40,8716
2018-06-20 23:45,8680
2018-06-20 23:50,8648
2018-06-20 23:55,8584
2018-06-21 00:00,8540
2018-06-21 00:05,8450
2018-06-21 00:10,8455
2018-06-21 00:15,8407
2018-06-21 00:20,8358
2018-06-21 00:25,8336
2018-06-21 00:30,8314
2018-06-21 00:35,8270
2018-06-21 00:40,8232
2018-06-21 00:45,8226
2018-06-21 00:50,8190
2018-06-21 00:55,8248
2018-06-21 01:00,8257
2018-06-21 01:05,8279
2018-06-21 01:10,8212
2018-06-21 01:15,8187
2018-06-21 01:20,8127
2018-06-21 01:25,8107
2018-06-21 01:30,8101
2018-06-21 01:35,8127
2018-06-21 01:40,8109
2018-06-21 01:45,8120
2018-06-21 01:50,8114
2018-06-21 01:55,8064
2018-06-21 02:00,8031
2018-06-21 02:05,7945
2018-06-21 02:10,7955
2018-06-21 02:15,7958
2018-06-21 02:20,7892
2018-06-21 02:25,7859
2018-06-21 02:30,7749
2018-06-21 02:35,7659
2018-06-21 02:40,7572
2018-06-21 02:45,7581
2018-06-21 02:50,7519
2018-06-21 02:55,7461
2018-06-21 03:00,7389
2018-06-21 03:05,7334
2018-06-21 03:10,7234
2018-06-21 03:15,7190
2018-06-21 03:20,7140
2018-06-21 03:25,7036
2018-06-21 03:30,6996
2018-06-21 03:35,6927
2018-06-21 03:40,6892
2018-06-21 03:45,6828
2018-06-21 03:50,6806
2018-06-21 03:55,6719
2018-06-21 04:00,6633
2018-06-21 04:05,6495
2018-06-21 04:10,6468
2018-06-21 04:15,6357
2018-06-21 04:20,6230
2018-06-21 04:25,6144
2018-06-21 04:30,6035
2018-06-21 04:35,6001
2018-06-21 04:40,5898
2018-06-21 04:45,5824
2018-06-21 04:50,5724
2018-06-21 04:55,5668
2018-06-21 05:00,5638
2018-06-21 05:05,5524
2018-06-21 05:10,5400
2018-06-21 05:15,5336
2018-06-21 05:20,5263
2018-06-21 05:25,5225
2018-06-21 05:30,5202
2018-06-21 05:35,5155
2018-06-21 05:40,5119
2018-06-21 05:45,5036
2018-06-21 05:50,4941
2018-06-21 05:55,4846
2018-06-21 06:00,4784
2018-06-21 06:05,4640
2018-06-21 06:10,4601
2018-06-21 06:15,4565
2018-06-21 06:20,4484
2018-06-21 06:25,4428
2018-06-21 06:30,4365
2018-06-21 06:35,4304
2018-06-21 06:40,4245
2018-06-21 06:45,4220
2018-06-21 06:50,4198
2018-06-21 06:55,4133
2018-06-21 07:00,4117
2018-06-21 07:05,4098
2018-06-21 07:10,4060
2018-06-21 07:15,4093
2018-06-21 07:20,4066
2018-06-21 07:25,4012
2018-06-21 07:30,4015
2018-06-21 07:35,4018
2018-06-21 07:40,3999
2018-06-21 07:45,4014
2018-06-21 07:50,3985
2018-06-21 07:55,4011
2018-06-21 08:00,3970
2018-06-21 08:05,3853
2018-06-21 08:10,3870
2018-06-21 08:15,3893
2018-06-21 08:20,3920
2018-06-21 08:25,3960
2018-06-21 08:30,3961
2018-06-21 08:35,3988
2018-06-21 08:40,3979
2018-06-21 08:45,4008
2018-06-21 08:50,4013
2018-06-21 08:55,4028
2018-06-21 09:00,4040
2018-06-21 09:05,4084
2018-06-21 09:10,4173
2018-06-21 09:15,4230
2018-06-21 09:20,4278
2018-06-21 09:25,4356
2018-06-21 09:30,4379
2018-06-21 09:35,4249
2018-06-21 09:40,3947
2018-06-21 09:45,4084
2018-06-21 09:50,4235
2018-06-21 09:55,4293
2018-06-21 10:00,4350
2018-06-21 10:05,4335
2018-06-21 10:10,4420
2018-06-21 10:15,4482
2018-06-21 10:20,4527
2018-06-21 10:25,4616
2018-06-21 10:30,4678
2018-06-21 10:35,4756
2018-06-21 10:40,4824
2018-06-21 10:45,4893
2018-06-21 10:50,4967
2018-06-21 10:55,5062
2018-06-21 11:00,5121
2018-06-21 11:05,5225
2018-06-21 11:10,5270
2018-06-21 11:15,5323
2018-06-21 11:20,5350
2018-06-21 11:25,5386
2018-06-21 11:30,5433
2018-06-21 11:35,5408
2018-06-21 11:40,5457
2018-06-21 11:45,5495
2018-06-21 11:50,5520
2018-06-21 11:55,5588
2018-06-21 12:00,5642
2018-06-21 12:05,5714
2018-06-21 12:10,5753
2018-06-21 12:15,5769
2018-06-21 12:20,5818
2018-06-21 12:25,5853
2018-06-21 12:30,5949
2018-06-21 12:35,5951
2018-06-21 12:40,6014
2018-06-21 12:45,6074
2018-06-21 12:50,6139
2018-06-21 12:55,6203
2018-06-21 13:00,6276
2018-06-21 13:05,6412
2018-06-21 13:10,6513
2018-06-21 13:15,6605
2018-06-21 13:20,6659
2018-06-21 13:25,6757
2018-06-21 13:30,6772
2018-06-21 13:35,6838
2018-06-21 13:40,6889
2018-06-21 13:45,6960
2018-06-21 13:50,7064
2018-06-21 13:55,7185
2018-06-21 14:00,7273
2018-06-21 14:05,7342
2018-06-21 14:10,7471
2018-06-21 14:15,7558
2018-06-21 14:20,7646
2018-06-21 14:25,7753
2018-06-21 14:30,7815
2018-06-21 14:35,7881
2018-06-21 14:40,7924
2018-06-21 14:45,7986
2018-06-21 14:50,8050
2018-06-21 14:55,8095
2018-06-21 15:00,8084
2018-06-21 15:05,8161
2018-06-21 15:10,8235
2018-06-21 15:15,8262
2018-06-21 15:20,8267
2018-06-21 15:25,8327
2018-06-21 15:30,8365
2018-06-21 15:35,8429
2018-06-21 15:40,8471
2018-06-21 15:45,8559
2018-06-21 15:50,8578
2018-06-21 15:55,8614
2018-06-21 16:00,8709
2018-06-21 16:05,8768
2018-06-21 16:10,8782
2018-06-21 16:15,8814
2018-06-21 16:20,8821
2018-06-21 16:25,8908
2018-06-21 16:30,8995
2018-06-21 16:35,9043
2018-06-21 16:40,9099
2018-06-21 16:45,9188
2018-06-21 16:50,9200
2018-06-21 16:55,9303
2018-06-21 17:00,9428
2018-06-21 17:05,9483
2018-06-21 17:10,9569
2018-06-21 17:15,9636
2018-06-21 17:20,9709
2018-06-21 17:25,9769
2018-06-21 17:30,9895
2018-06-21 17:35,9929
2018-06-21 17:40,10036
2018-06-21 17:45,10110
2018-06-21 17:50,10206
2018-06-21 17:55,10202
2018-06-21 18:00,10209
2018-06-21 18:05,10157
2018-06-21 18:10,10231
2018-06-21 18:15,10220
2018-06-21 18:20,10284
2018-06-21 18:25,10277
2018-06-21 18:30,10302
2018-06-21 18:35,10298
2018-06-21 18:40,10345
2018-06-21 18:45,10357
2018-06-21 18:50,10389
2018-06-21 18:55,10508
2018-06-21 19:00,10575
2018-06-21 19:05,10614
2018-06-21 19:10,10643
2018-06-21 19:15,10654
2018-06-21 19:20,10617
2018-06-21 19:25,10609
2018-06-21 19:30,10537
2018-06-21 19:35,10546
2018-06-21 19:40,10559
2018-06-21 19:45,10578
2018-06-21 19:50,10627
2018-06-21 19:55,10533
2018-06-21 20:00,10627
2018-06-21 20:05,10647
2018-06-21 20:10,10668
2018-06-21 20:15,10661
2018-06-21 20:20,10688
2018-06-21 20:25,10641
2018-06-21 20:30,10639
2018-06-21 20:35,10681
2018-06-21 20:40,10614
2018-06-21 20:45,10591
2018-06-21 20:50,10562
2018-06-21 20:55,10493
2018-06-21 21:00,10403
2018-06-21 21:05,10347
2018-06-21 21:10,10282
2018-06-21 21:15,10213
2018-06-21 21:20,10137
2018-06-21 21:25,10132
2018-06-21 21:30,10079
2018-06-21 21:35,9979
2018-06-21 21:40,9941
2018-06-21 21:45,9789
2018-06-21 21:50,9698
2018-06-21 21:55,9637
2018-06-21 22:00,9515
2018-06-21 22:05,9415
2018-06-21 22:10,9391
2018-06-21 22:15,9248
2018-06-21 22:20,9188
2018-06-21 22:25,9052
2018-06-21 22:30,8974
2018-06-21 22:35,8923
2018-06-21 22:40,8831
2018-06-21 22:45,8779
2018-06-21 22:50,8657
2018-06-21 22:55,8545
2018-06-21 23:00,8437
2018-06-21 23:05,8362
2018-06-21 23:10,8315
2018-06-21 23:15,8260
2018-06-21 23:20,8199
2018-06-21 23:25,8191
2018-06-21 23:30,8160
2018-06-21 23:35,8044
2018-06-21 23:40,8024
2018-06-21 23:45,7971
2018-06-21 23:50,7915
2018-06-21 23:55,7914
2018-06-22 00:00,7779
2018-06-22 00:05,7743
2018-06-22 00:10,7800
2018-06-22 00:15,7794
2018-06-22 00:20,7788
2018-06-22 00:25,7781
2018-06-22 00:30,7751
2018-06-22 00:35,7801
2018-06-22 00:40,7793
2018-06-22 00:45,7780
2018-06-22 00:50,7827
2018-06-22 00:55,7788
2018-06-22 01:00,7782
2018-06-22 01:05,7766
2018-06-22 01:10,7763
2018-06-22 01:15,7675
2018-06-22 01:20,7677
2018-06-22 01:25,7664
2018-06-22 01:30,7678
2018-06-22 01:35,7639
2018-06-22 01:40,7634
2018-06-22 01:45,7676
2018-06-22 01:50,7630
2018-06-22 01:55,7649
2018-06-22 02:00,7638
2018-06-22 02:05,7573
2018-06-22 02:10,7604
2018-06-22 02:15,7600
2018-06-22 02:20,7643
2018-06-22 02:25,7586
2018-06-22 02:30,7532
2018-06-22 02:35,7498
2018-06-22 02:40,7478
2018-06-22 02:45,7420
2018-06-22 02:50,7444
2018-06-22 02:55,7348
2018-06-22 03:00,7245
2018-06-22 03:05,7177
2018-06-22 03:10,7163
2018-06-22 03:15,7078
2018-06-22 03:20,7016
2018-06-22 03:25,6931
2018-06-22 03:30,6904
2018-06-22 03:35,6833
2018-06-22 03:40,6781
2018-06-22 03:45,6694
2018-06-22 03:50,6576
2018-06-22 03:55,6532
2018-06-22 04:00,6473
2018-06-22 04:05,6344
2018-06-22 04:10,6308
2018-06-22 04:15,6249
2018-06-22 04:20,6208
2018-06-22 04:25,6118
2018-06-22 04:30,6001
2018-06-22 04:35,5960
2018-06-22 04:40,5929
2018-06-22 04:45,5845
2018-06-22 04:50,5751
2018-06-22 04:55,5670
2018-06-22 05:00,5586
2018-06-22 05:05,
2018-06-22 05:10,
2018-06-22 05:15,
2018-06-22 05:20,5232
2018-06-22 05:25,5172
2018-06-22 05:30,5105
2018-06-22 05:35,5081
2018-06-22 05:40,5032
2018-06-22 05:45,4999
2018-06-22 05:50,4943
2018-06-22 05:55,4947
2018-06-22 06:00,4898
2018-06-22 06:05,4835
2018-06-22 06:10,4702
2018-06-22 06:15,4644
2018-06-22 06:20,4586
2018-06-22 06:25,4517
2018-06-22 06:30,4465
2018-06-22 06:35,4439
2018-06-22 06:40,4395
2018-06-22 06:45,4358
2018-06-22 06:50,4310
2018-06-22 06:55,4257
2018-06-22 07:00,4196
2018-06-22 07:05,4143
2018-06-22 07:10,4084
2018-06-22 07:15,4037
2018-06-22 07:20,3982
2018-06-22 07:25,3911
2018-06-22 07:30,3897
2018-06-22 07:35,3855
2018-06-22 07:40,3853
2018-06-22 07:45,3900
2018-06-22 07:50,3854
2018-06-22 07:55,3875
2018-06-22 08:00,3850
2018-06-22 08:05,3865
2018-06-22 08:10,3890
2018-06-22 08:15,3930
2018-06-22 08:20,3913
2018-06-22 08:25,3915
2018-06-22 08:30,3913
2018-06-22 08:35,3945
2018-06-22 08:40,3969
2018-06-22 08:45,4011
2018-06-22 08:50,4001
2018-06-22 08:55,4046
2018-06-22 09:00,4051
2018-06-22 09:05,4084
2018-06-22 09:10,4189
2018-06-22 09:15,4249
2018-06-22 09:20,4256
2018-06-22 09:25,4379
2018-06-22 09:30,4442
2018-06-22 09:35,4463
2018-06-22 09:40,4509
2018-06-22 09:45,4567
2018-06-22 09:50,4588
2018-06-22 09:55,4618
2018-06-22 10:00,4667
2018-06-22 10:05,4676
2018-06-22 10:10,4700
2018-06-22 10:15,4775
2018-06-22 10:20,4803
2018-06-22 10:25,4838
2018-06-22 10:30,4885
2018-06-22 10:35,4908
2018-06-22 10:40,4960
2018-06-22 10:45,5009
2018-06-22 10:50,5072
2018-06-22 10:55,5083
2018-06-22 11:00,5124
2018-06-22 11:05,5162
2018-06-22 11:10,5151
2018-06-22 11:15,5179
2018-06-22 11:20,5231
2018-06-22 11:25,5297
2018-06-22 11:30,5339
2018-06-22 11:35,5363
2018-06-22 11:40,5387
2018-06-22 11:45,5453
2018-06-22 11:50,5524
2018-06-22 11:55,5575
2018-06-22 12:00,5580
2018-06-22 12:05,5617
2018-06-22 12:10,5701
2018-06-22 12:15,5744
2018-06-22 12:20,5806
2018-06-22 12:25,5873
2018-06-22 12:30,5913
2018-06-22 12:35,5961
2018-06-22 12:40,6031
2018-06-22 12:45,6102
2018-06-22 12:50,6172
2018-06-22 12:55,6272
2018-06-22 13:00,6358
2018-06-22 13:05,6503
2018-06-22 13:10,6534
2018-06-22 13:15,6593
2018-06-22 13:20,6654
2018-06-22 13:25,6722
2018-06-22 13:30,6785
2018-06-22 13:35,6814
2018-06-22 13:40,6918
2018-06-22 13:45,6933
2018-06-22 13:50,6813
2018-06-22 13:55,7077
2018-06-22 14:00,7102
2018-06-22 14:05,7204
2018-06-22 14:10,7376
2018-06-22 14:15,7512
2018-06-22 14:20,7585
2018-06-22 14:25,7664
2018-06-22 14:30,7775
2018-06-22 14:35,7876
2018-06-22 14:40,7964
2018-06-22 14:45,8025
2018-06-22 14:50,8060
2018-06-22 14:55,8109
2018-06-22 15:00,8159
2018-06-22 15:05,8187
2018-06-22 15:10,8198
2018-06-22 15:15,8205
2018-06-22 15:20,8257
2018-06-22 15:25,8336
2018-06-22 15:30,8364
2018-06-22 15:35,8406
2018-06-22 15:40,8449
2018-06-22 15:45,8537
2018-06-22 15:50,8539
2018-06-22 15:55,8544
2018-06-22 16:00,8574
2018-06-22 16:05,8585
2018-06-22 16:10,8636
2018-06-22 16:15,8696
2018-06-22 16:20,8758
2018-06-22 16:25,8735
2018-06-22 16:30,8778
2018-06-22 16:35,8815
2018-06-22 16:40,8837
2018-06-22 16:45,8938
2018-06-22 16:50,8961
2018-06-22 16:55,8968
2018-06-22 17:00,8998
2018-06-22 17:05,9036
2018-06-22 17:10,9132
2018-06-22 17:15,9178
2018-06-22 17:20,9278
2018-06-22 17:25,9371
2018-06-22 17:30,9453
2018-06-22 17:35,9486
2018-06-22 17:40,9504
2018-06-22 17:45,9636
2018-06-22 17:50,9698
2018-06-22 17:55,0
2018-06-22 18:00,9642
2018-06-22 18:05,9686
2018-06-22 18:10,9740
2018-06-22 18:15,9834
2018-06-22 18:20,9904
2018-06-22 18:25,9953
2018-06-22 18:30,9966
2018-06-22 18:35,10045
2018-06-22 18:40,10118
2018-06-22 18:45,10222
2018-06-22 18:50,10311
2018-06-22 18:55,10367
2018-06-22 19:00,10366
2018-06-22 19:05,10389
2018-06-22 19:10,10468
2018-06-22 19:15,10511
2018-06-22 19:20,10548
2018-06-22 19:25,10583
2018-06-22 19:30,10748
2018-06-22 19:35,10805
2018-06-22 19:40,10820
2018-06-22 19:45,10951
2018-06-22 19:50,10937
2018-06-22 19:55,10912
2018-06-22 20:00,10922
2018-06-22 20:05,11013
2018-06-22 20:10,11009
2018-06-22 20:15,11048
2018-06-22 20:20,11039
2018-06-22 20:25,11063
2018-06-22 20:30,11016
2018-06-22 20:35,11070
2018-06-22 20:40,11083
2018-06-22 20:45,11090
2018-06-22 20:50,11061
2018-06-22 20:55,11033
2018-06-22 21:00,10978
2018-06-22 21:05,10962
2018-06-22 21:10,10936
2018-06-22 21:15,10920
2018-06-22 21:20,10899
2018-06-22 21:25,10854
2018-06-22 21:30,10759
2018-06-22 21:35,10772
2018-06-22 21:40,10684
2018-06-22 21:45,10567
2018-06-22 21:50,10447
2018-06-22 21:55,10321
2018-06-22 22:00,10263
2018-06-22 22:05,10226
2018-06-22 22:10,10052
2018-06-22 22:15,9899
2018-06-22 22:20,9733
2018-06-22 22:25,9543
2018-06-22 22:30,9448
2018-06-22 22:35,9428
2018-06-22 22:40,9331
2018-06-22 22:45,9259
2018-06-22 22:50,9161
2018-06-22 22:55,9087
2018-06-22 23:00,9053
2018-06-22 23:05,8996
2018-06-22 23:10,8857
2018-06-22 23:15,8752
2018-06-22 23:20,8734
2018-06-22 23:25,8681
2018-06-22 23:30,8591
2018-06-22 23:35,8499
2018-06-22 23:40,8483
2018-06-22 23:45,8460
2018-06-22 23:50,8431
2018-06-22 23:55,8343
2018-06-23 00:00,8291
2018-06-23 00:05,8203
2018-06-23 00:10,8186
2018-06-23 00:15,8152
2018-06-23 00:20,8128
2018-06-23 00:25,8120
2018-06-23 00:30,8044
2018-06-23 00:35,7964
2018-06-23 00:40,7927
2018-06-23 00:45,7888
2018-06-23 00:50,7838
2018-06-23 00:55,7793
2018-06-23 01:00,7770
2018-06-23 01:05,7752
2018-06-23 01:10,7749
2018-06-23 01:15,7642
2018-06-23 01:20,7607
2018-06-23 01:25,7574
2018-06-23 01:30,7563
2018-06-23 01:35,7572
2018-06-23 01:40,7568
2018-06-23 01:45,7562
2018-06-23 01:50,7577
2018-06-23 01:55,7526
2018-06-23 02:00,7487
2018-06-23 02:05,7483
2018-06-23 02:10,7486
2018-06-23 02:15,7455
2018-06-23 02:20,7487
2018-06-23 02:25,7419
2018-06-23 02:30,7424
2018-06-23 02:35,7396
2018-06-23 02:40,7388
2018-06-23 02:45,7381
2018-06-23 02:50,7384
2018-06-23 02:55,7396
2018-06-23 03:00,7374
2018-06-23 03:05,7379
2018-06-23 03:10,7371
2018-06-23 03:15,7301
2018-06-23 03:20,7237
2018-06-23 03:25,7173
2018-06-23 03:30,7076
2018-06-23 03:35,7006
2018-06-23 03:40,7018
2018-06-23 03:45,6947
2018-06-23 03:50,6987
2018-06-23 03:55,6925
2018-06-23 04:00,6915
2018-06-23 04:05,6816
2018-06-23 04:10,6774
2018-06-23 04:15,6725
2018-06-23 04:20,6643
2018-06-23 04:25,6598
2018-06-23 04:30,6538
2018-06-23 04:35,6490
2018-06-23 04:40,6453
2018-06-23 04:45,6380
2018-06-23 04:50,6308
2018-06-23 04:55,6253
2018-06-23 05:00,6177
2018-06-23 05:05,6100
2018-06-23 05:10,6037
2018-06-23 05:15,5946
2018-06-23 05:20,5915
2018-06-23 05:25,5851
2018-06-23 05:30,5793
2018-06-23 05:35,5718
2018-06-23 05:40,5603
2018-06-23 05:45,5578
2018-06-23 05:50,5503
2018-06-23 05:55,5448
2018-06-23 06:00,5411
2018-06-23 06:05,5371
2018-06-23 06:10,5288
2018-06-23 06:15,5245
2018-06-23 06:20,5184
2018-06-23 06:25,5079
2018-06-23 06:30,5028
2018-06-23 06:35,4967
2018-06-23 06:40,4881
2018-06-23 06:45,4826
2018-06-23 06:50,4749
2018-06-23 06:55,4692
2018-06-23 07:00,4651
2018-06-23 07:05,4589
2018-06-23 07:10,4585
2018-06-23 07:15,4569
2018-06-23 07:20,4576
2018-06-23 07:25,4546
2018-06-23 07:30,4568
2018-06-23 07:35,4552
2018-06-23 07:40,4580
2018-06-23 07:45,4581
2018-06-23 07:50,4596
2018-06-23 07:55,4584
2018-06-23 08:00,4530
2018-06-23 08:05,4486
2018-06-23 08:10,4497
2018-06-23 08:15,4535
2018-06-23 08:20,4533
2018-06-23 08:25,4506
2018-06-23 08:30,4509
2018-06-23 08:35,4502
2018-06-23 08:40,4537
2018-06-23 08:45,4568
2018-06-23 08:50,4640
2018-06-23 08:55,4625
2018-06-23 09:00,4637
2018-06-23 09:05,4797
2018-06-23 09:10,4810
2018-06-23 09:15,4863
2018-06-23 09:20,4942
2018-06-23 09:25,5024
2018-06-23 09:30,5047
2018-06-23 09:35,5066
2018-06-23 09:40,5132
2018-06-23 09:45,5178
2018-06-23 09:50,5224
2018-06-23 09:55,5317
2018-06-23 10:00,5345
2018-06-23 10:05,5383
2018-06-23 10:10,5378
2018-06-23 10:15,5431
2018-06-23 10:20,5422
2018-06-23 10:25,5481
2018-06-23 10:30,5514
2018-06-23 10:35,5539
2018-06-23 10:40,5589
2018-06-23 10:45,5638
2018-06-23 10:50,5709
2018-06-23 10:55,5785
2018-06-23 11:00,5806
2018-06-23 11:05,5909
2018-06-23 11:10,5977
2018-06-23 11:15,6050
2018-06-23 11:20,6129
2018-06-23 11:25,6207
2018-06-23 11:30,6228
2018-06-23 11:35,6291
2018-06-23 11:40,6389
2018-06-23 11:45,6407
2018-06-23 11:50,6501
2018-06-23 11:55,6525
2018-06-23 12:00,0
2018-06-23 12:05,6547
2018-06-23 12:10,6612
2018-06-23 12:15,6632
2018-06-23 12:20,6679
2018-06-23 12:25,6697
2018-06-23 12:30,6787
2018-06-23 12:35,6815
2018-06-23 12:40,6611
2018-06-23 12:45,6847
2018-06-23 12:50,6998
2018-06-23 12:55,7042
2018-06-23 13:00,7134
2018-06-23 13:05,7224
2018-06-23 13:10,7288
2018-06-23 13:15,7365
2018-06-23 13:20,7410
2018-06-23 13:25,7474
2018-06-23 13:30,7533
2018-06-23 13:35,7619
2018-06-23 13:40,7639
2018-06-23 13:45,7701
2018-06-23 13:50,7789
2018-06-23 13:55,7832
2018-06-23 14:00,7891
2018-06-23 14:05,7987
2018-06-23 14:10,8073
2018-06-23 14:15,8142
2018-06-23 14:20,8197
2018-06-23 14:25,8264
2018-06-23 14:30,8318
2018-06-23 14:35,8409
2018-06-23 14:40,8475
2018-06-23 14:45,8499
2018-06-23 14:50,8546
2018-06-23 14:55,8591
2018-06-23 15:00,8620
2018-06-23 15:05,8602
2018-06-23 15:10,8608
2018-06-23 15:15,8714
2018-06-23 15:20,8742
2018-06-23 15:25,8799
2018-06-23 15:30,8807
2018-06-23 15:35,8872
2018-06-23 15:40,8873
2018-06-23 15:45,8921
2018-06-23 15:50,9010
2018-06-23 15:55,9088
2018-06-23 16:00,9055
2018-06-23 16:05,9113
2018-06-23 16:10,9107
2018-06-23 16:15,9156
2018-06-23 16:20,9176
2018-06-23 16:25,9184
2018-06-23 16:30,9227
2018-06-23 16:35,9339
2018-06-23 16:40,9429
2018-06-23 16:45,9497
2018-06-23 16:50,9522
2018-06-23 16:55,9618
2018-06-23 17:00,9655
2018-06-23 17:05,9752
2018-06-23 17:10,9840
2018-06-23 17:15,9892
2018-06-23 17:20,9964
2018-06-23 17:25,9975
2018-06-23 17:30,9965
2018-06-23 17:35,10003
2018-06-23 17:40,10015
2018-06-23 17:45,10060
2018-06-23 17:50,10077
2018-06-23 17:55,10140
2018-06-23 18:00,10085
2018-06-23 18:05,10069
2018-06-23 18:10,10027
2018-06-23 18:15,10011
2018-06-23 18:20,10062
2018-06-23 18:25,10064
2018-06-23 18:30,10080
2018-06-23 18:35,10132
2018-06-23 18:40,10190
2018-06-23 18:45,10240
2018-06-23 18:50,10279
2018-06-23 18:55,10350
2018-06-23 19:00,10413
2018-06-23 19:05,10506
2018-06-23 19:10,10512
2018-06-23 19:15,10514
2018-06-23 19:20,10526
2018-06-23 19:25,10537
2018-06-23 19:30,10568
2018-06-23 19:35,10578
2018-06-23 19:40,10623
2018-06-23 19:45,10556
2018-06-23 19:50,10544
2018-06-23 19:55,10539
2018-06-23 20:00,10558
2018-06-23 20:05,10672
2018-06-23 20:10,10745
2018-06-23 20:15,10850
2018-06-23 20:20,10883
2018-06-23 20:25,10903
2018-06-23 20:30,10868
2018-06-23 20:35,10858
2018-06-23 20:40,10912
2018-06-23 20:45,10927
2018-06-23 20:50,10921
2018-06-23 20:55,10842
2018-06-23 21:00,10747
2018-06-23 21:05,10739
2018-06-23 21:10,10692
2018-06-23 21:15,10671
2018-06-23 21:20,10625
2018-06-23 21:25,10624
2018-06-23 21:30,10535
2018-06-23 21:35,10387
2018-06-23 21:40,10409
2018-06-23 21:45,10395
2018-06-23 21:50,10276
2018-06-23 21:55,10164
2018-06-23 22:00,10123
2018-06-23 22:05,10067
2018-06-23 22:10,10029
2018-06-23 22:15,9890
2018-06-23 22:20,9794
2018-06-23 22:25,9692
2018-06-23 22:30,9616
2018-06-23 22:35,9548
2018-06-23 22:40,9474
2018-06-23 22:45,9402
2018-06-23 22:50,9244
2018-06-23 22:55,9108
2018-06-23 23:00,0
2018-06-23 23:05,8971
2018-06-23 23:10,8859
2018-06-23 23:15,8754
2018-06-23 23:20,8685
2018-06-23 23:25,8657
2018-06-23 23:30,8540
2018-06-23 23:35,8454
2018-06-23 23:40,8389
2018-06-23 23:45,8335
2018-06-23 23:50,8291
2018-06-23 23:55,8161
2018-06-24 00:00,8086
2018-06-24 00:05,7931
2018-06-24 00:10,7898
2018-06-24 00:15,7863
2018-06-24 00:20,7817
2018-06-24 00:25,0
2018-06-24 00:30,7714
2018-06-24 00:35,7678
2018-06-24 00:40,7610
2018-06-24 00:45,7545
2018-06-24 00:50,7534
2018-06-24 00:55,7448
2018-06-24 01:00,7398
2018-06-24 01:05,7377
2018-06-24 01:10,7353
2018-06-24 01:15,7338
2018-06-24 01:20,7265
2018-06-24 01:25,7271
2018-06-24 01:30,7286
2018-06-24 01:35,7273
2018-06-24 01:40,7226
2018-06-24 01:45,7180
2018-06-24 01:50,7205
2018-06-24 01:55,7154
2018-06-24 02:00,7158
2018-06-24 02:05,7171
2018-06-24 02:10,7145
2018-06-24 02:15,7128
2018-06-24 02:20,7124
2018-06-24 02:25,7090
2018-06-24 02:30,7089
2018-06-24 02:35,7065
2018-06-24 02:40,7106
2018-06-24 02:45,7108
2018-06-24 02:50,7091
2018-06-24 02:55,7079
2018-06-24 03:00,6991
2018-06-24 03:05,6962
2018-06-24 03:10,6962
2018-06-24 03:15,6925
2018-06-24 03:20,6923
2018-06-24 03:25,6919
2018-06-24 03:30,6859
2018-06-24 03:35,6830
2018-06-24 03:40,6839
2018-06-24 03:45,6723
2018-06-24 03:50,6754
2018-06-24 03:55,6707
2018-06-24 04:00,6720
2018-06-24 04:05,6661
2018-06-24 04:10,6580
2018-06-24 04:15,6529
2018-06-24 04:20,6504
2018-06-24 04:25,6424
2018-06-24 04:30,6439
2018-06-24 04:35,6411
2018-06-24 04:40,6365
2018-06-24 04:45,6272
2018-06-24 04:50,6232
2018-06-24 04:55,6159
2018-06-24 05:00,6087
2018-06-24 05:05,5982
2018-06-24 05:10,5927
2018-06-24 05:15,5885
2018-06-24 05:20,5809
2018-06-24 05:25,5766
2018-06-24 05:30,5713
2018-06-24 05:35,5607
2018-06-24 05:40,5544
2018-06-24 05:45,5515
2018-06-24 05:50,5474
2018-06-24 05:55,5434
2018-06-24 06:00,5397
2018-06-24 06:05,5308
2018-06-24 06:10,5259
2018-06-24 06:15,5154
2018-06-24 06:20,5081
2018-06-24 06:25,5043
2018-06-24 06:30,4978
2018-06-24 06:35,4846
2018-06-24 06:40,4833
2018-06-24 06:45,4774
2018-06-24 06:50,4761
2018-06-24 06:55,4722
2018-06-24 07:00,4654
2018-06-24 07:05,4653
2018-06-24 07:10,4616
2018-06-24 07:15,4609
2018-06-24 07:20,4586
2018-06-24 07:25,4551
2018-06-24 07:30,4548
2018-06-24 07:35,4586
2018-06-24 07:40,4585
2018-06-24 07:45,4578
2018-06-24 07:50,4580
2018-06-24 07:55,4614
2018-06-24 08:00,4614
2018-06-24 08:05,4603
2018-06-24 08:10,4585
2018-06-24 08:15,4618
2018-06-24 08:20,4624
2018-06-24 08:25,4620
2018-06-24 08:30,4613
2018-06-24 08:35,4635
2018-06-24 08:40,4628
2018-06-24 08:45,4621
2018-06-24 08:50,4644
2018-06-24 08:55,4663
2018-06-24 09:00,4716
2018-06-24 09:05,4856
2018-06-24 09:10,5009
2018-06-24 09:15,5043
2018-06-24 09:20,5165
2018-06-24 09:25,5221
2018-06-24 09:30,5238
2018-06-24 09:35,5318
2018-06-24 09:40,5362
2018-06-24 09:45,5370
2018-06-24 09:50,5432
2018-06-24 09:55,5468
2018-06-24 10:00,5522
2018-06-24 10:05,5587
2018-06-24 10:10,5702
2018-06-24 10:15,5783
2018-06-24 10:20,5821
2018-06-24 10:25,5892
2018-06-24 10:30,5968
2018-06-24 10:35,6012
2018-06-24 10:40,6049
2018-06-24 10:45,6071
2018-06-24 10:50,6074
2018-06-24 10:55,6146
2018-06-24 11:00,6197
2018-06-24 11:05,6280
2018-06-24 11:10,6324
2018-06-24 11:15,6380
2018-06-24 11:20,6421
2018-06-24 11:25,6429
2018-06-24 11:30,6539
2018-06-24 11:35,6601
2018-06-24 11:40,6636
2018-06-24 11:45,6711
2018-06-24 11:50,6737
2018-06-24 11:55,6773
2018-06-24 12:00,6822
2018-06-24 12:05,6833
2018-06-24 12:10,6891
2018-06-24 12:15,6883
2018-06-24 12:20,6942
2018-06-24 12:25,6973
2018-06-24 12:30,7003
2018-06-24 12:35,7029
2018-06-24 12:40,7098
2018-06-24 12:45,7145
2018-06-24 12:50,7182
2018-06-24 12:55,7258
2018-06-24 13:00,7339
2018-06-24 13:05,7459
2018-06-24 13:10,7533
2018-06-24 13:15,7591
2018-06-24 13:20,7661
2018-06-24 13:25,7723
2018-06-24 13:30,7743
2018-06-24 13:35,7691
2018-06-24 13:40,7927
2018-06-24 13:45,7976
2018-06-24 13:50,8061
2018-06-24 13:55,8116
2018-06-24 14:00,8203
2018-06-24 14:05,0
2018-06-24 14:10,8354
2018-06-24 14:15,8487
2018-06-24 14:20,8567
2018-06-24 14:25,8675
2018-06-24 14:30,8723
2018-06-24 14:35,8798
2018-06-24 14:40,8865
2018-06-24 14:45,8954
2018-06-24 14:50,8968
2018-06-24 14:55,9012
2018-06-24 15:00,9031
2018-06-24 15:05,9070
2018-06-24 15:10,9169
2018-06-24 15:15,9235
2018-06-24 15:20,9236
2018-06-24 15:25,9250
2018-06-24 15:30,9260
2018-06-24 15:35,9307
2018-06-24 15:40,9396
2018-06-24 15:45,9490
2018-06-24 15:50,9563
2018-06-24 15:55,9654
2018-06-24 16:00,9714
2018-06-24 16:05,9734
2018-06-24 16:10,9759
2018-06-24 16:15,9777
2018-06-24 16:20,9880
2018-06-24 16:25,9897
2018-06-24 16:30,9911
2018-06-24 16:35,9962
2018-06-24 16:40,9997
2018-06-24 16:45,10081
2018-06-24 16:50,10183
2018-06-24 16:55,10231
2018-06-24 17:00,10329
2018-06-24 17:05,10418
2018-06-24 17:10,10518
2018-06-24 17:15,10572
2018-06-24 17:20,10597
2018-06-24 17:25,10679
2018-06-24 17:30,10752
2018-06-24 17:35,10808
2018-06-24 17:40,10878
2018-06-24 17:45,10855
2018-06-24 17:50,10833
2018-06-24 17:55,10825
2018-06-24 18:00,10803
2018-06-24 18:05,10834
2018-06-24 18:10,10921
2018-06-24 18:15,10955
2018-06-24 18:20,10976
2018-06-24 18:25,11024
2018-06-24 18:30,11057
2018-06-24 18:35,11081
2018-06-24 18:40,11155
2018-06-24 18:45,11106
2018-06-24 18:50,11107
2018-06-24 18:55,11103
2018-06-24 19:00,11110
2018-06-24 19:05,11110
2018-06-24 19:10,11167
2018-06-24 19:15,11226
2018-06-24 19:20,11296
2018-06-24 19:25,11335
2018-06-24 19:30,11405
2018-06-24 19:35,11474
2018-06-24 19:40,11443
2018-06-24 19:45,11547
2018-06-24 19:50,11532
2018-06-24 19:55,11554
2018-06-24 20:00,11584
2018-06-24 20:05,11357
2018-06-24 20:10,11485
2018-06-24 20:15,11476
2018-06-24 20:20,11532
2018-06-24 20:25,11503
2018-06-24 20:30,11503
2018-06-24 20:35,11417
2018-06-24 20:40,11417
2018-06-24 20:45,11372
2018-06-24 20:50,11254
2018-06-24 20:55,11234
2018-06-24 21:00,11210
2018-06-24 21:05,11098
2018-06-24 21:10,11029
2018-06-24 21:15,10941
2018-06-24 21:20,10806
2018-06-24 21:25,10736
2018-06-24 21:30,10640
2018-06-24 21:35,10598
2018-06-24 21:40,10451
2018-06-24 21:45,10372
2018-06-24 21:50,10348
2018-06-24 21:55,10195
2018-06-24 22:00,10103
2018-06-24 22:05,10016
2018-06-24 22:10,9902
2018-06-24 22:15,9811
2018-06-24 22:20,9735
2018-06-24 22:25,9657
2018-06-24 22:30,9502
2018-06-24 22:35,9369
2018-06-24 22:40,9284
2018-06-24 22:45,9195
2018-06-24 22:50,9119
2018-06-24 22:55,9030
2018-06-24 23:00,8892
2018-06-24 23:05,8801
2018-06-24 23:10,8742
2018-06-24 23:15,
2018-06-24 23:20,8570
2018-06-24 23:25,8504
2018-06-24 23:30,8460
2018-06-24 23:35,8343
2018-06-24 23:40,8261
2018-06-24 23:45,8214
2018-06-24 23:50,8232
2018-06-24 23:55,8203
2018-06-25 00:00,8156
2018-06-25 00:05,8123
2018-06-25 00:10,8053
2018-06-25 00:15,7966
2018-06-25 00:20,7924
2018-06-25 00:25,7938
2018-06-25 00:30,7923
2018-06-25 00:35,7913
2018-06-25 00:40,7901
2018-06-25 00:45,7860
2018-06-25 00:50,7824
2018-06-25 00:55,7801
2018-06-25 01:00,7807
2018-06-25 01:05,7734
2018-06-25 01:10,7680
2018-06-25 01:15,7672
2018-06-25 01:20,7713
2018-06-25 01:25,7693
2018-06-25 01:30,7659
2018-06-25 01:35,7631
2018-06-25 01:40,7637
2018-06-25 01:45,7635
2018-06-25 01:50,7613
2018-06-25 01:55,7560
2018-06-25 02:00,7567
2018-06-25 02:05,7569
2018-06-25 02:10,7534
2018-06-25 02:15,7482
2018-06-25 02:20,7442
2018-06-25 02:25,7410
2018-06-25 02:30,7363
2018-06-25 02:35,7236
2018-06-25 02:40,7211
2018-06-25 02:45,7142
2018-06-25 02:50,7022
2018-06-25 02:55,6968
2018-06-25 03:00,6931
2018-06-25 03:05,6889
2018-06-25 03:10,6862
2018-06-25 03:15,6803
2018-06-25 03:20,6801
2018-06-25 03:25,6778
2018-06-25 03:30,6767
2018-06-25 03:35,6700
2018-06-25 03:40,6599
2018-06-25 03:45,6522
2018-06-25 03:50,6463
2018-06-25 03:55,6429
2018-06-25 04:00,6352
2018-06-25 04:05,6275
2018-06-25 04:10,6225
2018-06-25 04:15,6120
2018-06-25 04:20,6062
2018-06-25 04:25,6010
2018-06-25 04:30,5957
2018-06-25 04:35,5886
2018-06-25 04:40,5788
2018-06-25 04:45,5700
2018-06-25 04:50,5598
2018-06-25 04:55,5464
2018-06-25 05:00,5365
2018-06-25 05:05,5277
2018-06-25 05:10,5211
2018-06-25 05:15,5113
2018-06-25 05:20,5062
2018-06-25 05:25,5017
2018-06-25 05:30,4905
2018-06-25 05:35,4857
2018-06-25 05:40,4783
2018-06-25 05:45,4676
2018-06-25 05:50,4608
2018-06-25 05:55,4547
2018-06-25 06:00,4504
2018-06-25 06:05,4449
2018-06-25 06:10,4401
2018-06-25 06:15,4381
2018-06-25 06:20,4342
2018-06-25 06:25,4268
2018-06-25 06:30,4194
2018-06-25 06:35,4143
2018-06-25 06:40,4114
2018-06-25 06:45,4077
2018-06-25 06:50,4029
2018-06-25 06:55,4013
2018-06-25 07:00,3998
2018-06-25 07:05,3957
2018-06-25 07:10,3959
2018-06-25 07:15,3912
2018-06-25 07:20,3838
2018-06-25 07:25,3807
2018-06-25 07:30,3808
2018-06-25 07:35,3782
2018-06-25 07:40,3800
2018-06-25 07:45,3816
2018-06-25 07:50,3801
2018-06-25 07:55,3759
2018-06-25 08:00,3712
2018-06-25 08:05,3683
2018-06-25 08:10,3682
2018-06-25 08:15,3671
2018-06-25 08:20,3700
2018-06-25 08:25,3711
2018-06-25 08:30,3680
2018-06-25 08:35,3701
2018-06-25 08:40,3706
2018-06-25 08:45,3760
2018-06-25 08:50,3779
2018-06-25 08:55,3786
2018-06-25 09:00,3809
2018-06-25 09:05,3906
2018-06-25 09:10,3977
2018-06-25 09:15,4053
2018-06-25 09:20,4115
2018-06-25 09:25,4164
2018-06-25 09:30,4219
2018-06-25 09:35,4285
2018-06-25 09:40,4363
2018-06-25 09:45,4424
2018-06-25 09:50,4455
2018-06-25 09:55,4464
2018-06-25 10:00,4446
2018-06-25 10:05,4489
2018-06-25 10:10,4526
2018-06-25 10:15,4577
2018-06-25 10:20,4640
2018-06-25 10:25,4670
2018-06-25 10:30,4743
2018-06-25 10:35,4781
2018-06-25 10:40,4829
2018-06-25 10:45,4879
2018-06-25 10:50,4906
2018-06-25 10:55,4917
2018-06-25 11:00,4946
2018-06-25 11:05,5032
2018-06-25 11:10,5077
2018-06-25 11:15,5145
2018-06-25 11:20,5172
2018-06-25 11:25,5224
2018-06-25 11:30,5278
2018-06-25 11:35,5304
2018-06-25 11:40,5398
2018-06-25 11:45,5422
2018-06-25 11:50,5460
2018-06-25 11:55,5484
2018-06-25 12:00,5484
2018-06-25 12:05,5511
2018-06-25 12:10,5560
2018-06-25 12:15,5603
2018-06-25 12:20,5619
2018-06-25 12:25,5680
2018-06-25 12:30,5732
2018-06-25 12:35,5773
2018-06-25 12:40,5845
2018-06-25 12:45,5893
2018-06-25 12:50,5923
2018-06-25 12:55,6001
2018-06-25 13:00,6076
2018-06-25 13:05,6082
2018-06-25 13:10,6186
2018-06-25 13:15,6258
2018-06-25 13:20,6355
2018-06-25 13:25,6415
2018-06-25 13:30,6484
2018-06-25 13:35,6545
2018-06-25 13:40,6619
2018-06-25 13:45,6769
2018-06-25 13:50,6791
2018-06-25 13:55,6848
2018-06-25 14:00,6836
2018-06-25 14:05,6897
2018-06-25 14:10,6930
2018-06-25 14:15,6959
2018-06-25 14:20,7033
2018-06-25 14:25,7042
2018-06-25 14:30,7038
2018-06-25 14:35,7184
2018-06-25 14:40,7249
2018-06-25 14:45,7328
2018-06-25 14:50,7360
2018-06-25 14:55,7407
2018-06-25 15:00,7441
2018-06-25 15:05,7535
2018-06-25 15:10,7588
2018-06-25 15:15,7638
2018-06-25 15:20,7641
2018-06-25 15:25,7718
2018-06-25 15:30,7723
2018-06-25 15:35,7787
2018-06-25 15:40,7873
2018-06-25 15:45,7968
2018-06-25 15:50,8066
2018-06-25 15:55,8139
2018-06-25 16:00,8246
2018-06-25 16:05,8359
2018-06-25 16:10,8457
2018-06-25 16:15,8525
2018-06-25 16:20,8591
2018-06-25 16:25,8641
2018-06-25 16:30,8731
2018-06-25 16:35,8817
2018-06-25 16:40,8917
2018-06-25 16:45,8981
2018-06-25 16:50,9073
2018-06-25 16:55,9179
2018-06-25 17:00,9234
2018-06-25 17:05,9317
2018-06-25 17:10,9397
2018-06-25 17:15,9540
2018-06-25 17:20,0
2018-06-25 17:25,9753
2018-06-25 17:30,9833
2018-06-25 17:35,9917
2018-06-25 17:40,9970
2018-06-25 17:45,10127
2018-06-25 17:50,10173
2018-06-25 17:55,10247
2018-06-25 18:00,10285
2018-06-25 18:05,10291
2018-06-25 18:10,10405
2018-06-25 18:15,10433
2018-06-25 18:20,10471
2018-06-25 18:25,10574
2018-06-25 18:30,10542
2018-06-25 18:35,10567
2018-06-25 18:40,0
2018-06-25 18:45,10684
2018-06-25 18:50,10687
2018-06-25 18:55,10779
2018-06-25 19:00,10856
2018-06-25 19:05,10539
2018-06-25 19:10,10490
2018-06-25 19:15,10412
2018-06-25 19:20,10393
2018-06-25 19:25,10452
2018-06-25 19:30,10559
2018-06-25 19:35,10631
2018-06-25 19:40,10668
2018-06-25 19:45,10702
2018-06-25 19:50,10709
2018-06-25 19:55,10706
2018-06-25 20:00,10763
2018-06-25 20:05,10859
2018-06-25 20:10,11003
2018-06-25 20:15,11035
2018-06-25 20:20,11117
2018-06-25 20:25,11138
2018-06-25 20:30,11154
2018-06-25 20:35,11152
2018-06-25 20:40,11094
2018-06-25 20:45,11027
2018-06-25 20:50,11037
2018-06-25 20:55,10986
2018-06-25 21:00,10979
2018-06-25 21:05,10926
2018-06-25 21:10,10862
2018-06-25 21:15,10788
2018-06-25 21:20,10687
2018-06-25 21:25,10668
2018-06-25 21:30,10603
2018-06-25 21:35,10544
2018-06-25 21:40,10497
2018-06-25 21:45,10439
2018-06-25 21:50,10325
2018-06-25 21:55,10239
2018-06-25 22:00,10093
2018-06-25 22:05,10088
2018-06-25 22:10,9958
2018-06-25 22:15,9758
2018-06-25 22:20,9668
2018-06-25 22:25,9585
2018-06-25 22:30,9493
2018-06-25 22:35,9499
2018-06-25 22:40,9393
2018-06-25 22:45,9316
2018-06-25 22:50,9246
2018-06-25 22:55,9212
2018-06-25 23:00,9177
2018-06-25 23:05,9126
2018-06-25 23:10,9037
2018-06-25 23:15,8969
2018-06-25 23:20,8841
2018-06-25 23:25,8750
2018-06-25 23:30,8617
2018-06-25 23:35,8534
2018-06-25 23:40,8488
2018-06-25 23:45,8435
2018-06-25 23:50,8400
2018-06-25 23:55,8364
2018-06-26 00:00,8339
2018-06-26 00:05,8286
2018-06-26 00:10,8210
2018-06-26 00:15,8187
2018-06-26 00:20,8147
2018-06-26 00:25,8157
2018-06-26 00:30,8145
2018-06-26 00:35,8127
2018-06-26 00:40,8137
2018-06-26 00:45,8106
2018-06-26 00:50,8047
2018-06-26 00:55,8042
2018-06-26 01:00,8043
2018-06-26 01:05,8026
2018-06-26 01:10,7968
2018-06-26 01:15,7992
2018-06-26 01:20,7913
2018-06-26 01:25,7888
2018-06-26 01:30,7854
2018-06-26 01:35,7838
2018-06-26 01:40,7821
2018-06-26 01:45,7904
2018-06-26 01:50,7893
2018-06-26 01:55,7839
2018-06-26 02:00,7809
2018-06-26 02:05,7816
2018-06-26 02:10,7758
2018-06-26 02:15,7702
2018-06-26 02:20,7630
2018-06-26 02:25,7594
2018-06-26 02:30,7562
2018-06-26 02:35,7507
2018-06-26 02:40,7506
2018-06-26 02:45,7496
2018-06-26 02:50,7367
2018-06-26 02:55,7326
2018-06-26 03:00,7245
2018-06-26 03:05,7172
2018-06-26 03:10,7139
2018-06-26 03:15,7071
2018-06-26 03:20,7009
2018-06-26 03:25,6983
2018-06-26 03:30,6904
2018-06-26 03:35,6833
2018-06-26 03:40,6750
2018-06-26 03:45,6653
2018-06-26 03:50,6577
2018-06-26 03:55,6456
2018-06-26 04:00,6368
2018-06-26 04:05,6242
2018-06-26 04:10,6198
2018-06-26 04:15,6155
2018-06-26 04:20,6104
2018-06-26 04:25,5982
2018-06-26 04:30,5872
2018-06-26 04:35,5762
2018-06-26 04:40,5678
2018-06-26 04:45,5624
2018-06-26 04:50,5586
2018-06-26 04:55,5493
2018-06-26 05:00,5422
2018-06-26 05:05,5344
2018-06-26 05:10,5323
2018-06-26 05:15,5233
2018-06-26 05:20,5171
2018-06-26 05:25,5105
2018-06-26 05:30,4996
2018-06-26 05:35,4930
2018-06-26 05:40,4919
2018-06-26 05:45,4812
2018-06-26 05:50,4746
2018-06-26 05:55,4695
2018-06-26 06:00,4645
2018-06-26 06:05,4514
2018-06-26 06:10,4451
2018-06-26 06:15,4395
2018-06-26 06:20,4327
2018-06-26 06:25,4245
2018-06-26 06:30,4207
2018-06-26 06:35,4153
2018-06-26 06:40,4113
2018-06-26 06:45,4099
2018-06-26 06:50,4119
2018-06-26 06:55,4041
2018-06-26 07:00,4016
2018-06-26 07:05,3961
2018-06-26 07:10,3914
2018-06-26 07:15,3892
2018-06-26 07:20,3849
2018-06-26 07:25,3835
2018-06-26 07:30,3862
2018-06-26 07:35,3763
2018-06-26 07:40,3753
2018-06-26 07:45,3695
2018-06-26 07:50,3652
2018-06-26 07:55,3637
2018-06-26 08:00,3613
2018-06-26 08:05,3547
2018-06-26 08:10,3547
2018-06-26 08:15,3543
2018-06-26 08:20,3463
2018-06-26 08:25,3396
2018-06-26 08:30,3339
2018-06-26 08:35,2862
2018-06-26 08:40,2332
2018-06-26 08:45,1861
2018-06-26 08:50,1485
2018-06-26 08:55,1238
2018-06-26 09:00,1108
2018-06-26 09:05,1055
2018-06-26 09:10,1026
2018-06-26 09:15,1025
2018-06-26 09:20,1052
2018-06-26 09:25,1064
2018-06-26 09:30,1084
2018-06-26 09:35,1103
2018-06-26 09:40,1102
2018-06-26 09:45,1137
2018-06-26 09:50,1162
2018-06-26 09:55,1168
2018-06-26 10:00,1188
2018-06-26 10:05,1188
2018-06-26 10:10,1242
2018-06-26 10:15,1234
2018-06-26 10:20,1309
2018-06-26 10:25,1291
2018-06-26 10:30,1310
2018-06-26 10:35,1319
2018-06-26 10:40,1311
2018-06-26 10:45,1340
2018-06-26 10:50,1362
2018-06-26 10:55,1312
2018-06-26 11:00,1257
2018-06-26 11:05,1273
2018-06-26 11:10,1339
2018-06-26 11:15,1395
2018-06-26 11:20,1424
2018-06-26 11:25,1437
2018-06-26 11:30,2062
2018-06-26 11:35,2841
2018-06-26 11:40,3535
2018-06-26 11:45,4191
2018-06-26 11:50,4676
2018-06-26 11:55,5108
2018-06-26 12:00,5565
2018-06-26 12:05,5897
2018-06-26 12:10,6185
2018-06-26 12:15,6494
2018-06-26 12:20,6717
2018-06-26 12:25,6912
2018-06-26 12:30,7128
2018-06-26 12:35,7358
2018-06-26 12:40,7512
2018-06-26 12:45,7605
2018-06-26 12:50,7258
2018-06-26 12:55,6445
2018-06-26 13:00,5568
2018-06-26 13:05,5994
2018-06-26 13:10,6363
2018-06-26 13:15,6713
2018-06-26 13:20,7122
2018-06-26 13:25,7330
2018-06-26 13:30,7575
2018-06-26 13:35,7734
2018-06-26 13:40,7985
2018-06-26 13:45,8150
2018-06-26 13:50,8297
2018-06-26 13:55,8438
2018-06-26 14:00,8574
2018-06-26 14:05,8698
2018-06-26 14:10,8638
2018-06-26 14:15,8869
2018-06-26 14:20,8935
2018-06-26 14:25,9001
2018-06-26 14:30,9109
2018-06-26 14:35,9182
2018-06-26 14:40,9250
2018-06-26 14:45,9326
2018-06-26 14:50,9378
2018-06-26 14:55,9455
2018-06-26 15:00,9542
2018-06-26 15:05,9625
2018-06-26 15:10,9638
2018-06-26 15:15,9738
2018-06-26 15:20,9661
2018-06-26 15:25,9736
2018-06-26 15:30,9851
2018-06-26 15:35,0
2018-06-26 15:40,0
2018-06-26 15:45,10036
2018-06-26 15:50,10130
2018-06-26 15:55,10196
2018-06-26 16:00,10307
2018-06-26 16:05,10544
2018-06-26 16:10,10544
2018-06-26 16:15,9124
2018-06-26 16:20,9124
2018-06-26 16:25,8554
2018-06-26 16:30,9094
2018-06-26 16:35,9094
2018-06-26 16:40,9844
2018-06-26 16:45,10067
2018-06-26 16:50,10067
2018-06-26 16:55,10489
2018-06-26 17:00,10766
2018-06-26 17:05,10983
2018-06-26 17:10,10983
2018-06-26 17:15,11251
2018-06-26 17:20,11385
2018-06-26 17:25,11385
2018-06-26 17:30,11641
2018-06-26 17:35,11641
2018-06-26 17:40,11769
2018-06-26 17:45,11663
2018-06-26 17:50,11057
2018-06-26 17:55,10684
2018-06-26 18:00,10829
2018-06-26 18:05,11013
2018-06-26 18:10,11013
2018-06-26 18:15,11169
2018-06-26 18:20,11507
2018-06-26 18:25,11754
2018-06-26 18:30,11893
2018-06-26 18:35,11893
2018-06-26 18:40,12038
2018-06-26 18:45,12010
2018-06-26 18:50,11890
2018-06-26 18:55,11944
2018-06-26 19:00,12045
2018-06-26 19:05,11090
2018-06-26 19:10,11090
2018-06-26 19:15,8471
2018-06-26 19:20,7722
2018-06-26 19:25,8241
2018-06-26 19:30,8241
2018-06-26 19:35,8799
2018-06-26 19:40,9327
2018-06-26 19:45,9461
2018-06-26 19:50,8676
2018-06-26 19:55,8676
2018-06-26 20:00,9725
2018-06-26 20:05,9725
2018-06-26 20:10,10209
2018-06-26 20:15,10737
2018-06-26 20:20,11129
2018-06-26 20:25,11430
2018-06-26 20:30,11701
2018-06-26 20:35,11996
2018-06-26 20:40,12116
2018-06-26 20:45,12397
2018-06-26 20:50,12411
2018-06-26 20:55,12411
2018-06-26 21:00,12525
2018-06-26 21:05,12611
2018-06-26 21:10,12644
2018-06-26 21:15,12563
2018-06-26 21:20,12597
2018-06-26 21:25,12597
2018-06-26 21:30,12551
2018-06-26 21:35,12521
2018-06-26 21:40,12437
2018-06-26 21:45,12410
2018-06-26 21:50,12373
2018-06-26 21:55,12225
2018-06-26 22:00,11978
2018-06-26 22:05,11978
2018-06-26 22:10,11673
2018-06-26 22:15,11533
2018-06-26 22:20,11427
2018-06-26 22:25,11427
2018-06-26 22:30,11287
2018-06-26 22:35,11094
2018-06-26 22:40,11025
2018-06-26 22:45,10819
2018-06-26 22:50,10819
2018-06-26 22:55,10790
2018-06-26 23:00,10538
2018-06-26 23:05,10538
2018-06-26 23:10,10298
2018-06-26 23:15,10298
2018-06-26 23:20,9525
2018-06-26 23:25,9451
2018-06-26 23:30,9208
2018-06-26 23:35,8240
2018-06-26 23:40,8430
2018-06-26 23:45,8392
2018-06-26 23:50,2435
2018-06-26 23:55,8376
2018-06-27 00:00,8632
2018-06-27 00:05,8632
2018-06-27 00:10,8668
2018-06-27 00:15,8783
2018-06-27 00:20,8860
2018-06-27 00:25,8900
2018-06-27 00:30,8977
2018-06-27 00:35,9102
2018-06-27 00:40,8729
2018-06-27 00:45,8610
2018-06-27 00:50,8650
2018-06-27 00:55,8687
2018-06-27 01:00,8726
2018-06-27 01:05,8758
2018-06-27 01:10,8747
2018-06-27 01:15,8749
2018-06-27 01:20,8795
2018-06-27 01:25,8867
2018-06-27 01:30,8910
2018-06-27 01:35,8946
2018-06-27 01:40,8878
2018-06-27 01:45,8927
2018-06-27 01:50,9003
2018-06-27 01:55,9000
2018-06-27 02:00,8991
2018-06-27 02:05,8977
2018-06-27 02:10,8904
2018-06-27 02:15,8910
2018-06-27 02:20,8884
2018-06-27 02:25,8833
2018-06-27 02:30,8762
2018-06-27 02:35,8768
2018-06-27 02:40,8728
2018-06-27 02:45,8700
2018-06-27 02:50,8679
2018-06-27 02:55,8584
2018-06-27 03:00,8484
2018-06-27 03:05,8397
2018-06-27 03:10,8340
2018-06-27 03:15,8276
2018-06-27 03:20,8163
2018-06-27 03:25,8112
2018-06-27 03:30,7989
2018-06-27 03:35,7896
2018-06-27 03:40,7821
2018-06-27 03:45,7784
2018-06-27 03:50,7698
2018-06-27 03:55,7587
2018-06-27 04:00,7476
2018-06-27 04:05,7443
2018-06-27 04:10,7385
2018-06-27 04:15,7312
2018-06-27 04:20,7262
2018-06-27 04:25,7165
2018-06-27 04:30,7057
2018-06-27 04:35,6994
2018-06-27 04:40,6945
2018-06-27 04:45,6860
2018-06-27 04:50,6768
2018-06-27 04:55,6747
2018-06-27 05:00,6598
2018-06-27 05:05,6506
2018-06-27 05:10,6396
2018-06-27 05:15,6296
2018-06-27 05:20,6185
2018-06-27 05:25,6098
2018-06-27 05:30,5979
2018-06-27 05:35,5891
2018-06-27 05:40,5795
2018-06-27 05:45,5718
2018-06-27 05:50,5673
2018-06-27 05:55,5603
2018-06-27 06:00,5503
2018-06-27 06:05,5423
2018-06-27 06:10,5326
2018-06-27 06:15,5274
2018-06-27 06:20,5200
2018-06-27 06:25,5161
2018-06-27 06:30,5111
2018-06-27 06:35,5110
2018-06-27 06:40,5048
2018-06-27 06:45,4986
2018-06-27 06:50,4933
2018-06-27 06:55,4855
2018-06-27 07:00,4836
2018-06-27 07:05,4771
2018-06-27 07:10,4750
2018-06-27 07:15,4697
2018-06-27 07:20,4680
2018-06-27 07:25,4709
2018-06-27 07:30,4700
2018-06-27 07:35,4715
2018-06-27 07:40,4693
2018-06-27 07:45,4692
2018-06-27 07:50,4710
2018-06-27 07:55,4710
2018-06-27 08:00,4661
2018-06-27 08:05,4661
2018-06-27 08:10,4695
2018-06-27 08:15,4684
2018-06-27 08:20,4662
2018-06-27 08:25,4700
2018-06-27 08:30,4695
2018-06-27 08:35,4701
2018-06-27 08:40,4704
2018-06-27 08:45,4709
2018-06-27 08:50,4738
2018-06-27 08:55,4739
2018-06-27 09:00,4787
2018-06-27 09:05,4805
2018-06-27 09:10,4955
2018-06-27 09:15,5074
2018-06-27 09:20,5119
2018-06-27 09:25,5196
2018-06-27 09:30,5256
2018-06-27 09:35,5291
2018-06-27 09:40,5307
2018-06-27 09:45,5386
2018-06-27 09:50,5395
2018-06-27 09:55,5422
2018-06-27 10:00,5483
2018-06-27 10:05,5507
2018-06-27 10:10,5532
2018-06-27 10:15,5568
2018-06-27 10:20,5624
2018-06-27 10:25,5679
2018-06-27 10:30,5728
2018-06-27 10:35,5769
2018-06-27 10:40,5784
2018-06-27 10:45,5817
2018-06-27 10:50,5851
2018-06-27 10:55,5906
2018-06-27 11:00,5954
2018-06-27 11:05,5967
2018-06-27 11:10,6033
2018-06-27 11:15,6052
2018-06-27 11:20,6118
2018-06-27 11:25,6198
2018-06-27 11:30,6282
2018-06-27 11:35,6276
2018-06-27 11:40,6217
2018-06-27 11:45,6241
2018-06-27 11:50,6212
2018-06-27 11:55,6277
2018-06-27 12:00,6274
2018-06-27 12:05,0
2018-06-27 12:10,6186
2018-06-27 12:15,6192
2018-06-27 12:20,6137
2018-06-27 12:25,6051
2018-06-27 12:30,6055
2018-06-27 12:35,4803
2018-06-27 12:40,3802
2018-06-27 12:45,3000
2018-06-27 12:50,2171
2018-06-27 12:55,1872
2018-06-27 13:00,1735
2018-06-27 13:05,1628
2018-06-27 13:10,1613
2018-06-27 13:15,1633
2018-06-27 13:20,1586
2018-06-27 13:25,1587
2018-06-27 13:30,1627
2018-06-27 13:35,1632
2018-06-27 13:40,1629
2018-06-27 13:45,1685
2018-06-27 13:50,1695
2018-06-27 13:55,1723
2018-06-27 14:00,1747
2018-06-27 14:05,1773
2018-06-27 14:10,2079
2018-06-27 14:15,2316
2018-06-27 14:20,2752
2018-06-27 14:25,3544
2018-06-27 14:30,4301
2018-06-27 14:35,5000
2018-06-27 14:40,5629
2018-06-27 14:45,6124
2018-06-27 14:50,6675
2018-06-27 14:55,7095
2018-06-27 15:00,7470
2018-06-27 15:05,7910
2018-06-27 15:10,8184
2018-06-27 15:15,8453
2018-06-27 15:20,8695
2018-06-27 15:25,8905
2018-06-27 15:30,9107
2018-06-27 15:35,9211
2018-06-27 15:40,9318
2018-06-27 15:45,9393
2018-06-27 15:50,9425
2018-06-27 15:55,9487
2018-06-27 16:00,9575
2018-06-27 16:05,9720
2018-06-27 16:10,9846
2018-06-27 16:15,10007
2018-06-27 16:20,10089
2018-06-27 16:25,10216
2018-06-27 16:30,10112
2018-06-27 16:35,8094
2018-06-27 16:40,8126
2018-06-27 16:45,8406
2018-06-27 16:50,8759
2018-06-27 16:55,9141
2018-06-27 17:00,9161
2018-06-27 17:05,9371
2018-06-27 17:10,9628
2018-06-27 17:15,9794
2018-06-27 17:20,10162
2018-06-27 17:25,10464
2018-06-27 17:30,10662
2018-06-27 17:35,10839
2018-06-27 17:40,11059
2018-06-27 17:45,11240
2018-06-27 17:50,11431
2018-06-27 17:55,11533
2018-06-27 18:00,11561
2018-06-27 18:05,11614
2018-06-27 18:10,11666
2018-06-27 18:15,11706
2018-06-27 18:20,11743
2018-06-27 18:25,11860
2018-06-27 18:30,11951
2018-06-27 18:35,12012
2018-06-27 18:40,12069
2018-06-27 18:45,12142
2018-06-27 18:50,12204
2018-06-27 18:55,12337
2018-06-27 19:00,12463
2018-06-27 19:05,12483
2018-06-27 19:10,12513
2018-06-27 19:15,12525
2018-06-27 19:20,12589
2018-06-27 19:25,12636
2018-06-27 19:30,12680
2018-06-27 19:35,12661
2018-06-27 19:40,12605
2018-06-27 19:45,12654
2018-06-27 19:50,12644
2018-06-27 19:55,12674
2018-06-27 20:00,12730
2018-06-27 20:05,12798
2018-06-27 20:10,12837
2018-06-27 20:15,12785
2018-06-27 20:20,12719
2018-06-27 20:25,12825
2018-06-27 20:30,12757
2018-06-27 20:35,12783
2018-06-27 20:40,12780
2018-06-27 20:45,12683
2018-06-27 20:50,12626
2018-06-27 20:55,12544
2018-06-27 21:00,12543
2018-06-27 21:05,12393
2018-06-27 21:10,12274
2018-06-27 21:15,12128
2018-06-27 21:20,12024
2018-06-27 21:25,11906
2018-06-27 21:30,11762
2018-06-27 21:35,11708
2018-06-27 21:40,11694
2018-06-27 21:45,11517
2018-06-27 21:50,11359
2018-06-27 21:55,11224
2018-06-27 22:00,11121
2018-06-27 22:05,11052
2018-06-27 22:10,10869
2018-06-27 22:15,10715
2018-06-27 22:20,10597
2018-06-27 22:25,10541
2018-06-27 22:30,10456
2018-06-27 22:35,10339
2018-06-27 22:40,10279
2018-06-27 22:45,10203
2018-06-27 22:50,10043
2018-06-27 22:55,9924
2018-06-27 23:00,9869
2018-06-27 23:05,9797
2018-06-27 23:10,9744
2018-06-27 23:15,9710
2018-06-27 23:20,9702
2018-06-27 23:25,9616
2018-06-27 23:30,0
2018-06-27 23:35,9414
2018-06-27 23:40,9352
2018-06-27 23:45,9235
2018-06-27 23:50,9162
2018-06-27 23:55,9153
2018-06-28 00:00,9088
2018-06-28 00:05,9010
2018-06-28 00:10,9007
2018-06-28 00:15,8970
2018-06-28 00:20,8942
2018-06-28 00:25,8926
2018-06-28 00:30,8882
2018-06-28 00:35,8806
2018-06-28 00:40,8779
2018-06-28 00:45,8719
2018-06-28 00:50,8744
2018-06-28 00:55,8719
2018-06-28 01:00,8684
2018-06-28 01:05,8637
2018-06-28 01:10,8564
2018-06-28 01:15,8493
2018-06-28 01:20,8516
2018-06-28 01:25,8435
2018-06-28 01:30,8349
2018-06-28 01:35,8312
2018-06-28 01:40,8299
2018-06-28 01:45,8313
2018-06-28 01:50,8277
2018-06-28 01:55,8269
2018-06-28 02:00,8250
2018-06-28 02:05,8290
2018-06-28 02:10,8261
2018-06-28 02:15,8246
2018-06-28 02:20,8213
2018-06-28 02:25,8217
2018-06-28 02:30,8205
2018-06-28 02:35,8200
2018-06-28 02:40,8151
2018-06-28 02:45,8126
2018-06-28 02:50,8075
2018-06-28 02:55,8064
2018-06-28 03:00,7994
2018-06-28 03:05,7957
2018-06-28 03:10,7893
2018-06-28 03:15,7797
2018-06-28 03:20,7746
2018-06-28 03:25,7679
2018-06-28 03:30,7625
2018-06-28 03:35,7549
2018-06-28 03:40,7452
2018-06-28 03:45,7380
2018-06-28 03:50,7337
2018-06-28 03:55,7256
2018-06-28 04:00,7123
2018-06-28 04:05,6916
2018-06-28 04:10,6780
2018-06-28 04:15,6692
2018-06-28 04:20,6571
2018-06-28 04:25,6469
2018-06-28 04:30,6361
2018-06-28 04:35,6295
2018-06-28 04:40,6244
2018-06-28 04:45,6163
2018-06-28 04:50,6029
2018-06-28 04:55,5964
2018-06-28 05:00,5859
2018-06-28 05:05,5741
2018-06-28 05:10,5693
2018-06-28 05:15,5618
2018-06-28 05:20,5519
2018-06-28 05:25,5383
2018-06-28 05:30,5324
2018-06-28 05:35,5265
2018-06-28 05:40,5228
2018-06-28 05:45,5163
2018-06-28 05:50,5112
2018-06-28 05:55,5064
2018-06-28 06:00,4998
2018-06-28 06:05,4969
2018-06-28 06:10,4919
2018-06-28 06:15,4856
2018-06-28 06:20,4799
2018-06-28 06:25,4754
2018-06-28 06:30,4744
2018-06-28 06:35,4709
2018-06-28 06:40,4687
2018-06-28 06:45,4593
2018-06-28 06:50,4509
2018-06-28 06:55,4482
2018-06-28 07:00,4483
2018-06-28 07:05,4448
2018-06-28 07:10,4428
2018-06-28 07:15,4391
2018-06-28 07:20,4392
2018-06-28 07:25,4366
2018-06-28 07:30,4366
2018-06-28 07:35,4373
2018-06-28 07:40,4334
2018-06-28 07:45,4350
2018-06-28 07:50,4314
2018-06-28 07:55,4322
2018-06-28 08:00,4322
2018-06-28 08:05,4345
2018-06-28 08:10,4352
2018-06-28 08:15,4390
2018-06-28 08:20,4386
2018-06-28 08:25,4349
2018-06-28 08:30,4368
2018-06-28 08:35,4365
2018-06-28 08:40,4394
2018-06-28 08:45,4376
2018-06-28 08:50,4442
2018-06-28 08:55,4443
2018-06-28 09:00,4453
2018-06-28 09:05,4564
2018-06-28 09:10,4644
2018-06-28 09:15,4705
2018-06-28 09:20,4763
2018-06-28 09:25,4800
2018-06-28 09:30,4875
2018-06-28 09:35,4892
2018-06-28 09:40,4973
2018-06-28 09:45,5037
2018-06-28 09:50,5096
2018-06-28 09:55,5123
2018-06-28 10:00,5182
2018-06-28 10:05,5229
2018-06-28 10:10,5281
2018-06-28 10:15,5283
2018-06-28 10:20,5295
2018-06-28 10:25,5371
2018-06-28 10:30,5433
2018-06-28 10:35,5466
2018-06-28 10:40,5507
2018-06-28 10:45,5542
2018-06-28 10:50,5621
2018-06-28 10:55,5632
2018-06-28 11:00,5702
2018-06-28 11:05,5746
2018-06-28 11:10,5829
2018-06-28 11:15,5855
2018-06-28 11:20,5901
2018-06-28 11:25,5917
2018-06-28 11:30,5969
2018-06-28 11:35,6016
2018-06-28 11:40,6074
2018-06-28 11:45,6113
2018-06-28 11:50,6137
2018-06-28 11:55,6233
2018-06-28 12:00,6292
2018-06-28 12:05,6341
2018-06-28 12:10,6387
2018-06-28 12:15,6406
2018-06-28 12:20,6495
2018-06-28 12:25,6471
2018-06-28 12:30,6581
2018-06-28 12:35,6653
2018-06-28 12:40,6701
2018-06-28 12:45,6754
2018-06-28 12:50,6827
2018-06-28 12:55,6862
2018-06-28 13:00,6953
2018-06-28 13:05,7014
2018-06-28 13:10,7022
2018-06-28 13:15,7079
2018-06-28 13:20,7200
2018-06-28 13:25,7311
2018-06-28 13:30,7384
2018-06-28 13:35,7459
2018-06-28 13:40,7541
2018-06-28 13:45,7626
2018-06-28 13:50,7454
2018-06-28 13:55,7706
2018-06-28 14:00,7741
2018-06-28 14:05,7798
2018-06-28 14:10,7877
2018-06-28 14:15,7912
2018-06-28 14:20,7961
2018-06-28 14:25,8007
2018-06-28 14:30,8064
2018-06-28 14:35,8086
2018-06-28 14:40,8193
2018-06-28 14:45,8242
2018-06-28 14:50,8293
2018-06-28 14:55,8339
2018-06-28 15:00,8380
2018-06-28 15:05,8395
2018-06-28 15:10,8429
2018-06-28 15:15,8406
2018-06-28 15:20,8484
2018-06-28 15:25,8467
2018-06-28 15:30,8424
2018-06-28 15:35,8447
2018-06-28 15:40,8487
2018-06-28 15:45,8524
2018-06-28 15:50,8534
2018-06-28 15:55,8586
2018-06-28 16:00,8687
2018-06-28 16:05,8786
2018-06-28 16:10,8910
2018-06-28 16:15,9044
2018-06-28 16:20,9148
2018-06-28 16:25,9239
2018-06-28 16:30,9391
2018-06-28 16:35,9388
2018-06-28 16:40,9469
2018-06-28 16:45,9516
2018-06-28 16:50,9593
2018-06-28 16:55,9745
2018-06-28 17:00,9863
2018-06-28 17:05,9945
2018-06-28 17:10,10022
2018-06-28 17:15,10088
2018-06-28 17:20,10151
2018-06-28 17:25,10232
2018-06-28 17:30,10327
2018-06-28 17:35,10454
2018-06-28 17:40,10463
2018-06-28 17:45,10480
2018-06-28 17:50,10514
2018-06-28 17:55,10543
2018-06-28 18:00,10553
2018-06-28 18:05,10545
2018-06-28 18:10,10575
2018-06-28 18:15,10606
2018-06-28 18:20,10643
2018-06-28 18:25,10677
2018-06-28 18:30,10686
2018-06-28 18:35,10748
2018-06-28 18:40,10777
2018-06-28 18:45,10781
2018-06-28 18:50,10885
2018-06-28 18:55,10967
2018-06-28 19:00,10995
2018-06-28 19:05,11047
2018-06-28 19:10,11087
2018-06-28 19:15,11160
2018-06-28 19:20,11209
2018-06-28 19:25,11267
2018-06-28 19:30,11289
2018-06-28 19:35,11317
2018-06-28 19:40,11381
2018-06-28 19:45,11425
2018-06-28 19:50,11405
2018-06-28 19:55,11478
2018-06-28 20:00,11577
2018-06-28 20:05,11554
2018-06-28 20:10,11596
2018-06-28 20:15,11647
2018-06-28 20:20,11702
2018-06-28 20:25,11773
2018-06-28 20:30,11735
2018-06-28 20:35,11744
2018-06-28 20:40,11726
2018-06-28 20:45,11688
2018-06-28 20:50,11636
2018-06-28 20:55,11562
2018-06-28 21:00,0
2018-06-28 21:05,11469
2018-06-28 21:10,11467
2018-06-28 21:15,11471
2018-06-28 21:20,11435
2018-06-28 21:25,11390
2018-06-28 21:30,11316
2018-06-28 21:35,11234
2018-06-28 21:40,11200
2018-06-28 21:45,11152
2018-06-28 21:50,11125
2018-06-28 21:55,11103
2018-06-28 22:00,11013
2018-06-28 22:05,10923
2018-06-28 22:10,10808
2018-06-28 22:15,10558
2018-06-28 22:20,10417
2018-06-28 22:25,10261
2018-06-28 22:30,10107
2018-06-28 22:35,9980
2018-06-28 22:40,9900
2018-06-28 22:45,9791
2018-06-28 22:50,9662
2018-06-28 22:55,9558
2018-06-28 23:00,9494
2018-06-28 23:05,9395
2018-06-28 23:10,9309
2018-06-28 23:15,9216
2018-06-28 23:20,9183
2018-06-28 23:25,9170
2018-06-28 23:30,9094
2018-06-28 23:35,9035
2018-06-28 23:40,8993
2018-06-28 23:45,8936
2018-06-28 23:50,8878
2018-06-28 23:55,8766
2018-06-29 00:00,8683
2018-06-29 00:05,8582
2018-06-29 00:10,8587
2018-06-29 00:15,8557
2018-06-29 00:20,8503
2018-06-29 00:25,8434
2018-06-29 00:30,8400
2018-06-29 00:35,8374
2018-06-29 00:40,8362
2018-06-29 00:45,8373
2018-06-29 00:50,8374
2018-06-29 00:55,8343
2018-06-29 01:00,8335
2018-06-29 01:05,8287
2018-06-29 01:10,8304
2018-06-29 01:15,8262
2018-06-29 01:20,8254
2018-06-29 01:25,8223
2018-06-29 01:30,8174
2018-06-29 01:35,8182
2018-06-29 01:40,8124
2018-06-29 01:45,8107
2018-06-29 01:50,8166
2018-06-29 01:55,8158
2018-06-29 02:00,8075
2018-06-29 02:05,7997
2018-06-29 02:10,7997
2018-06-29 02:15,8046
2018-06-29 02:20,8067
2018-06-29 02:25,8060
2018-06-29 02:30,8029
2018-06-29 02:35,7969
2018-06-29 02:40,7932
2018-06-29 02:45,7906
2018-06-29 02:50,7865
2018-06-29 02:55,7821
2018-06-29 03:00,7734
2018-06-29 03:05,7683
2018-06-29 03:10,7646
2018-06-29 03:15,7617
2018-06-29 03:20,7594
2018-06-29 03:25,7536
2018-06-29 03:30,7495
2018-06-29 03:35,7409
2018-06-29 03:40,7310
2018-06-29 03:45,7244
2018-06-29 03:50,7176
2018-06-29 03:55,7162
2018-06-29 04:00,7116
2018-06-29 04:05,6972
2018-06-29 04:10,6960
2018-06-29 04:15,6835
2018-06-29 04:20,6722
2018-06-29 04:25,6632
2018-06-29 04:30,6493
2018-06-29 04:35,6451
2018-06-29 04:40,6390
2018-06-29 04:45,6352
2018-06-29 04:50,6290
2018-06-29 04:55,6215
2018-06-29 05:00,6142
2018-06-29 05:05,5995
2018-06-29 05:10,5898
2018-06-29 05:15,5844
2018-06-29 05:20,5816
2018-06-29 05:25,5680
2018-06-29 05:30,5622
2018-06-29 05:35,5601
2018-06-29 05:40,5552
2018-06-29 05:45,5467
2018-06-29 05:50,5408
2018-06-29 05:55,5324
2018-06-29 06:00,5254
2018-06-29 06:05,5095
2018-06-29 06:10,5008
2018-06-29 06:15,4944
2018-06-29 06:20,4852
2018-06-29 06:25,4778
2018-06-29 06:30,4773
2018-06-29 06:35,4737
2018-06-29 06:40,4622
2018-06-29 06:45,4550
2018-06-29 06:50,4529
2018-06-29 06:55,4508
2018-06-29 07:00,4471
2018-06-29 07:05,4469
2018-06-29 07:10,4423
2018-06-29 07:15,4369
2018-06-29 07:20,4349
2018-06-29 07:25,4319
2018-06-29 07:30,4288
2018-06-29 07:35,4254
2018-06-29 07:40,4216
2018-06-29 07:45,4238
2018-06-29 07:50,4190
2018-06-29 07:55,4146
2018-06-29 08:00,4123
2018-06-29 08:05,4104
2018-06-29 08:10,4117
2018-06-29 08:15,4121
2018-06-29 08:20,4157
2018-06-29 08:25,4159
2018-06-29 08:30,4152
2018-06-29 08:35,4186
2018-06-29 08:40,4217
2018-06-29 08:45,4185
2018-06-29 08:50,4155
2018-06-29 08:55,4182
2018-06-29 09:00,4221
2018-06-29 09:05,4309
2018-06-29 09:10,4462
2018-06-29 09:15,4541
2018-06-29 09:20,4626
2018-06-29 09:25,4687
2018-06-29 09:30,4792
2018-06-29 09:35,4859
2018-06-29 09:40,4860
2018-06-29 09:45,4900
2018-06-29 09:50,4921
2018-06-29 09:55,4963
2018-06-29 10:00,4983
2018-06-29 10:05,4995
2018-06-29 10:10,5093
2018-06-29 10:15,5132
2018-06-29 10:20,5189
2018-06-29 10:25,5236
2018-06-29 10:30,5300
2018-06-29 10:35,5373
2018-06-29 10:40,5412
2018-06-29 10:45,5449
2018-06-29 10:50,5519
2018-06-29 10:55,5590
2018-06-29 11:00,5669
2018-06-29 11:05,5695
2018-06-29 11:10,5722
2018-06-29 11:15,5781
2018-06-29 11:20,5826
2018-06-29 11:25,5874
2018-06-29 11:30,5917
2018-06-29 11:35,5967
2018-06-29 11:40,5946
2018-06-29 11:45,6035
2018-06-29 11:50,6092
2018-06-29 11:55,6114
2018-06-29 12:00,6120
2018-06-29 12:05,6127
2018-06-29 12:10,6264
2018-06-29 12:15,6323
2018-06-29 12:20,6345
2018-06-29 12:25,6453
2018-06-29 12:30,6537
2018-06-29 12:35,6583
2018-06-29 12:40,6573
2018-06-29 12:45,6633
2018-06-29 12:50,6661
2018-06-29 12:55,6688
2018-06-29 13:00,6682
2018-06-29 13:05,6706
2018-06-29 13:10,6764
2018-06-29 13:15,6851
2018-06-29 13:20,6941
2018-06-29 13:25,7029
2018-06-29 13:30,7110
2018-06-29 13:35,7201
2018-06-29 13:40,7279
2018-06-29 13:45,7348
2018-06-29 13:50,7383
2018-06-29 13:55,7511
2018-06-29 14:00,7568
2018-06-29 14:05,7587
2018-06-29 14:10,7681
2018-06-29 14:15,7833
2018-06-29 14:20,7945
2018-06-29 14:25,7962
2018-06-29 14:30,8040
2018-06-29 14:35,8088
2018-06-29 14:40,8124
2018-06-29 14:45,8210
2018-06-29 14:50,8250
2018-06-29 14:55,8245
2018-06-29 15:00,8264
2018-06-29 15:05,8290
2018-06-29 15:10,8359
2018-06-29 15:15,8401
2018-06-29 15:20,8453
2018-06-29 15:25,8521
2018-06-29 15:30,8572
2018-06-29 15:35,8638
2018-06-29 15:40,8738
2018-06-29 15:45,8820
2018-06-29 15:50,8843
2018-06-29 15:55,8989
2018-06-29 16:00,8987
2018-06-29 16:05,9029
2018-06-29 16:10,9099
2018-06-29 16:15,9141
2018-06-29 16:20,9227
2018-06-29 16:25,9381
2018-06-29 16:30,9461
2018-06-29 16:35,9476
2018-06-29 16:40,9536
2018-06-29 16:45,9547
2018-06-29 16:50,9565
2018-06-29 16:55,9590
2018-06-29 17:00,9669
2018-06-29 17:05,9702
2018-06-29 17:10,9749
2018-06-29 17:15,9863
2018-06-29 17:20,9856
2018-06-29 17:25,9848
2018-06-29 17:30,9958
2018-06-29 17:35,9938
2018-06-29 17:40,9943
2018-06-29 17:45,9981
2018-06-29 17:50,10001
2018-06-29 17:55,10038
2018-06-29 18:00,10100
2018-06-29 18:05,10169
2018-06-29 18:10,10256
2018-06-29 18:15,10360
2018-06-29 18:20,10450
2018-06-29 18:25,10525
2018-06-29 18:30,0
2018-06-29 18:35,10665
2018-06-29 18:40,10753
2018-06-29 18:45,10798
2018-06-29 18:50,10924
2018-06-29 18:55,11000
2018-06-29 19:00,11065
2018-06-29 19:05,11099
2018-06-29 19:10,11103
2018-06-29 19:15,11218
2018-06-29 19:20,11307
2018-06-29 19:25,11334
2018-06-29 19:30,11471
2018-06-29 19:35,11518
2018-06-29 19:40,11579
2018-06-29 19:45,11685
2018-06-29 19:50,11762
2018-06-29 19:55,11738
2018-06-29 20:00,11774
2018-06-29 20:05,11792
2018-06-29 20:10,11788
2018-06-29 20:15,11791
2018-06-29 20:20,11810
2018-06-29 20:25,11859
2018-06-29 20:30,11896
2018-06-29 20:35,11870
2018-06-29 20:40,11878
2018-06-29 20:45,11860
2018-06-29 20:50,11816
2018-06-29 20:55,11755
2018-06-29 21:00,11735
2018-06-29 21:05,11692
2018-06-29 21:10,11654
2018-06-29 21:15,11593
2018-06-29 21:20,11567
2018-06-29 21:25,11520
2018-06-29 21:30,11502
2018-06-29 21:35,11434
2018-06-29 21:40,11482
2018-06-29 21:45,11375
2018-06-29 21:50,11316
2018-06-29 21:55,11225
2018-06-29 22:00,11224
2018-06-29 22:05,11074
2018-06-29 22:10,10936
2018-06-29 22:15,10857
2018-06-29 22:20,10736
2018-06-29 22:25,10638
2018-06-29 22:30,10510
2018-06-29 22:35,10410
2018-06-29 22:40,10247
2018-06-29 22:45,10188
2018-06-29 22:50,10094
2018-06-29 22:55,9961
2018-06-29 23:00,9833
2018-06-29 23:05,9752
2018-06-29 23:10,9654
2018-06-29 23:15,9546
2018-06-29 23:20,9412
2018-06-29 23:25,9339
2018-06-29 23:30,9253
2018-06-29 23:35,9185
2018-06-29 23:40,9073
2018-06-29 23:45,8949
2018-06-29 23:50,8847
2018-06-29 23:55,8746
2018-06-30 00:00,8659
2018-06-30 00:05,8583
2018-06-30 00:10,8538
2018-06-30 00:15,8493
2018-06-30 00:20,8463
2018-06-30 00:25,8402
2018-06-30 00:30,8305
2018-06-30 00:35,8281
2018-06-30 00:40,8270
2018-06-30 00:45,8232
2018-06-30 00:50,8210
2018-06-30 00:55,8191
2018-06-30 01:00,8171
2018-06-30 01:05,8130
2018-06-30 01:10,8088
2018-06-30 01:15,8123
2018-06-30 01:20,8127
2018-06-30 01:25,8130
2018-06-30 01:30,8093
2018-06-30 01:35,8080
2018-06-30 01:40,8125
2018-06-30 01:45,8174
2018-06-30 01:50,8167
2018-06-30 01:55,8172
2018-06-30 02:00,8176
2018-06-30 02:05,8164
2018-06-30 02:10,8148
2018-06-30 02:15,8191
2018-06-30 02:20,8219
2018-06-30 02:25,8220
2018-06-30 02:30,8229
2018-06-30 02:35,8211
2018-06-30 02:40,8257
2018-06-30 02:45,8197
2018-06-30 02:50,8157
2018-06-30 02:55,8120
2018-06-30 03:00,8090
2018-06-30 03:05,8044
2018-06-30 03:10,8050
2018-06-30 03:15,8007
2018-06-30 03:20,7969
2018-06-30 03:25,7982
2018-06-30 03:30,7929
2018-06-30 03:35,7894
2018-06-30 03:40,7831
2018-06-30 03:45,7804
2018-06-30 03:50,7727
2018-06-30 03:55,7628
2018-06-30 04:00,7549
2018-06-30 04:05,7460
2018-06-30 04:10,7432
2018-06-30 04:15,7402
2018-06-30 04:20,7331
2018-06-30 04:25,7247
2018-06-30 04:30,7170
2018-06-30 04:35,7182
2018-06-30 04:40,7160
2018-06-30 04:45,7125
2018-06-30 04:50,6995
2018-06-30 04:55,6934
2018-06-30 05:00,6876
2018-06-30 05:05,6814
2018-06-30 05:10,6720
2018-06-30 05:15,6560
2018-06-30 05:20,6529
2018-06-30 05:25,6442
2018-06-30 05:30,6336
2018-06-30 05:35,6259
2018-06-30 05:40,6190
2018-06-30 05:45,6135
2018-06-30 05:50,6033
2018-06-30 05:55,5942
2018-06-30 06:00,5873
2018-06-30 06:05,5781
2018-06-30 06:10,5697
2018-06-30 06:15,5604
2018-06-30 06:20,5541
2018-06-30 06:25,5471
2018-06-30 06:30,5390
2018-06-30 06:35,5309
2018-06-30 06:40,5281
2018-06-30 06:45,5231
2018-06-30 06:50,5172
2018-06-30 06:55,5160
2018-06-30 07:00,5103
2018-06-30 07:05,5031
2018-06-30 07:10,4949
2018-06-30 07:15,4937
2018-06-30 07:20,4914
2018-06-30 07:25,4941
2018-06-30 07:30,4911
2018-06-30 07:35,4882
2018-06-30 07:40,4874
2018-06-30 07:45,4838
2018-06-30 07:50,4821
2018-06-30 07:55,4798
2018-06-30 08:00,4830
2018-06-30 08:05,4791
2018-06-30 08:10,4802
2018-06-30 08:15,4805
2018-06-30 08:20,4778
2018-06-30 08:25,4819
2018-06-30 08:30,4866
2018-06-30 08:35,4903
2018-06-30 08:40,4906
2018-06-30 08:45,4927
2018-06-30 08:50,4921
2018-06-30 08:55,4897
2018-06-30 09:00,4869
2018-06-30 09:05,4960
2018-06-30 09:10,5028
2018-06-30 09:15,5082
2018-06-30 09:20,5222
2018-06-30 09:25,5292
2018-06-30 09:30,5329
2018-06-30 09:35,5405
2018-06-30 09:40,5477
2018-06-30 09:45,5467
2018-06-30 09:50,5516
2018-06-30 09:55,5595
2018-06-30 10:00,5639
2018-06-30 10:05,5689
2018-06-30 10:10,5793
2018-06-30 10:15,5818
2018-06-30 10:20,5845
2018-06-30 10:25,5898
2018-06-30 10:30,5921
2018-06-30 10:35,5968
2018-06-30 10:40,6004
2018-06-30 10:45,6059
2018-06-30 10:50,6194
2018-06-30 10:55,6257
2018-06-30 11:00,6262
2018-06-30 11:05,6265
2018-06-30 11:10,6353
2018-06-30 11:15,6402
2018-06-30 11:20,6503
2018-06-30 11:25,6517
2018-06-30 11:30,6611
2018-06-30 11:35,6684
2018-06-30 11:40,6728
2018-06-30 11:45,6772
2018-06-30 11:50,6851
2018-06-30 11:55,6898
2018-06-30 12:00,6938
2018-06-30 12:05,6984
2018-06-30 12:10,7048
2018-06-30 12:15,7070
2018-06-30 12:20,7153
2018-06-30 12:25,7238
2018-06-30 12:30,7283
2018-06-30 12:35,7299
2018-06-30 12:40,7325
2018-06-30 12:45,7417
2018-06-30 12:50,7436
2018-06-30 12:55,7513
2018-06-30 13:00,7587
2018-06-30 13:05,7647
2018-06-30 13:10,7687
2018-06-30 13:15,7789
2018-06-30 13:20,7832
2018-06-30 13:25,7929
2018-06-30 13:30,7996
2018-06-30 13:35,8099
2018-06-30 13:40,8217
2018-06-30 13:45,8267
2018-06-30 13:50,8336
2018-06-30 13:55,8364
2018-06-30 14:00,8330
2018-06-30 14:05,8295
2018-06-30 14:10,8259
2018-06-30 14:15,8288
2018-06-30 14:20,8325
2018-06-30 14:25,8326
2018-06-30 14:30,8340
2018-06-30 14:35,8398
2018-06-30 14:40,8443
2018-06-30 14:45,8460
2018-06-30 14:50,8505
2018-06-30 14:55,8555
2018-06-30 15:00,8618
2018-06-30 15:05,8702
2018-06-30 15:10,8747
2018-06-30 15:15,0
2018-06-30 15:20,8811
2018-06-30 15:25,8878
2018-06-30 15:30,8939
2018-06-30 15:35,9008
2018-06-30 15:40,9045
2018-06-30 15:45,9059
2018-06-30 15:50,9149
2018-06-30 15:55,9200
2018-06-30 16:00,9284
2018-06-30 16:05,9479
2018-06-30 16:10,9660
2018-06-30 16:15,9811
2018-06-30 16:20,9850
2018-06-30 16:25,9929
2018-06-30 16:30,9984
2018-06-30 16:35,10164
2018-06-30 16:40,10227
2018-06-30 16:45,10296
2018-06-30 16:50,10382
2018-06-30 16:55,10379
2018-06-30 17:00,10410
2018-06-30 17:05,10484
2018-06-30 17:10,10482
2018-06-30 17:15,10543
2018-06-30 17:20,10582
2018-06-30 17:25,10596
2018-06-30 17:30,10639
2018-06-30 17:35,10713
2018-06-30 17:40,10704
2018-06-30 17:45,10704
2018-06-30 17:50,10637
2018-06-30 17:55,10534
2018-06-30 18:00,10524
2018-06-30 18:05,10462
2018-06-30 18:10,10471
2018-06-30 18:15,10491
2018-06-30 18:20,10474
2018-06-30 18:25,10481
2018-06-30 18:30,10489
2018-06-30 18:35,10525
2018-06-30 18:40,10601
2018-06-30 18:45,10696
2018-06-30 18:50,10649
2018-06-30 18:55,10764
2018-06-30 19:00,10835
2018-06-30 19:05,10868
2018-06-30 19:10,10891
2018-06-30 19:15,10913
2018-06-30 19:20,10966
2018-06-30 19:25,10964
2018-06-30 19:30,10984
2018-06-30 19:35,11041
2018-06-30 19:40,11089
2018-06-30 19:45,11056
2018-06-30 19:50,11040
2018-06-30 19:55,11039
2018-06-30 20:00,11068
2018-06-30 20:05,11201
2018-06-30 20:10,11362
2018-06-30 20:15,11411
2018-06-30 20:20,11442
2018-06-30 20:25,11513
2018-06-30 20:30,11612
2018-06-30 20:35,11615
2018-06-30 20:40,11598
2018-06-30 20:45,11631
2018-06-30 20:50,11641
2018-06-30 20:55,11566
2018-06-30 21:00,11587
2018-06-30 21:05,11630
2018-06-30 21:10,11588
2018-06-30 21:15,11536
2018-06-30 21:20,11508
2018-06-30 21:25,11479
2018-06-30 21:30,11386
2018-06-30 21:35,11334
2018-06-30 21:40,11201
2018-06-30 21:45,11157
2018-06-30 21:50,11056
2018-06-30 21:55,11044
2018-06-30 22:00,10916
2018-06-30 22:05,10804
2018-06-30 22:10,10728
2018-06-30 22:15,10650
2018-06-30 22:20,10507
2018-06-30 22:25,10440
2018-06-30 22:30,10287
2018-06-30 22:35,10188
2018-06-30 22:40,10085
2018-06-30 22:45,9994
2018-06-30 22:50,9863
2018-06-30 22:55,9747
2018-06-30 23:00,9630
2018-06-30 23:05,9530
2018-06-30 23:10,9411
2018-06-30 23:15,9331
2018-06-30 23:20,9270
2018-06-30 23:25,9209
2018-06-30 23:30,9117
2018-06-30 23:35,9047
2018-06-30 23:40,8976
2018-06-30 23:45,8931
2018-06-30 23:50,8816
2018-06-30 23:55,8756
2018-07-01 00:00,8695
2018-07-01 00:05,8647
2018-07-01 00:10,8521
2018-07-01 00:15,8448
2018-07-01 00:20,8425
2018-07-01 00:25,8384
2018-07-01 00:30,8325
2018-07-01 00:35,8242
2018-07-01 00:40,8252
2018-07-01 00:45,8282
2018-07-01 00:50,8264
2018-07-01 00:55,8263
2018-07-01 01:00,8186
2018-07-01 01:05,8170
2018-07-01 01:10,8117
2018-07-01 01:15,8108
2018-07-01 01:20,8100
2018-07-01 01:25,8028
2018-07-01 01:30,7951
2018-07-01 01:35,7930
2018-07-01 01:40,7835
2018-07-01 01:45,7880
2018-07-01 01:50,7861
2018-07-01 01:55,7858
2018-07-01 02:00,7858
2018-07-01 02:05,7876
2018-07-01 02:10,7928
2018-07-01 02:15,7906
2018-07-01 02:20,7872
2018-07-01 02:25,7895
2018-07-01 02:30,7899
2018-07-01 02:35,7933
2018-07-01 02:40,7943
2018-07-01 02:45,7925
2018-07-01 02:50,7928
2018-07-01 02:55,7925
2018-07-01 03:00,7890
2018-07-01 03:05,7842
2018-07-01 03:10,7877
2018-07-01 03:15,7859
2018-07-01 03:20,7815
2018-07-01 03:25,7713
2018-07-01 03:30,7627
2018-07-01 03:35,7596
2018-07-01 03:40,7561
2018-07-01 03:45,7508
2018-07-01 03:50,7506
2018-07-01 03:55,7509
2018-07-01 04:00,7447
2018-07-01 04:05,7420
2018-07-01 04:10,7351
2018-07-01 04:15,7318
2018-07-01 04:20,7260
2018-07-01 04:25,7221
2018-07-01 04:30,7180
2018-07-01 04:35,7136
2018-07-01 04:40,7069
2018-07-01 04:45,7036
2018-07-01 04:50,7007
2018-07-01 04:55,6931
2018-07-01 05:00,6863
2018-07-01 05:05,6775
2018-07-01 05:10,6705
2018-07-01 05:15,6648
2018-07-01 05:20,6586
2018-07-01 05:25,6516
2018-07-01 05:30,6451
2018-07-01 05:35,6309
2018-07-01 05:40,6259
2018-07-01 05:45,6186
2018-07-01 05:50,6090
2018-07-01 05:55,6025
2018-07-01 06:00,5879
2018-07-01 06:05,5837
2018-07-01 06:10,5778
2018-07-01 06:15,5698
2018-07-01 06:20,5647
2018-07-01 06:25,5615
2018-07-01 06:30,5575
2018-07-01 06:35,5557
2018-07-01 06:40,5459
2018-07-01 06:45,5431
2018-07-01 06:50,5389
2018-07-01 06:55,5313
2018-07-01 07:00,5256
2018-07-01 07:05,5160
2018-07-01 07:10,5152
2018-07-01 07:15,5109
2018-07-01 07:20,5099
2018-07-01 07:25,5044
2018-07-01 07:30,4988
2018-07-01 07:35,4983
2018-07-01 07:40,4959
2018-07-01 07:45,4896
2018-07-01 07:50,4878
2018-07-01 07:55,4898
2018-07-01 08:00,4889
2018-07-01 08:05,4916
2018-07-01 08:10,4947
2018-07-01 08:15,4936
2018-07-01 08:20,4954
2018-07-01 08:25,4908
2018-07-01 08:30,4919
2018-07-01 08:35,4993
2018-07-01 08:40,5028
2018-07-01 08:45,5074
2018-07-01 08:50,5059
2018-07-01 08:55,5079
2018-07-01 09:00,5131
2018-07-01 09:05,5248
2018-07-01 09:10,5320
2018-07-01 09:15,5419
2018-07-01 09:20,5530
2018-07-01 09:25,5595
2018-07-01 09:30,5682
2018-07-01 09:35,5717
2018-07-01 09:40,5790
2018-07-01 09:45,5909
2018-07-01 09:50,5971
2018-07-01 09:55,6042
2018-07-01 10:00,6057
2018-07-01 10:05,6089
2018-07-01 10:10,6159
2018-07-01 10:15,6188
2018-07-01 10:20,6239
2018-07-01 10:25,6282
2018-07-01 10:30,6346
2018-07-01 10:35,6367
2018-07-01 10:40,6473
2018-07-01 10:45,6504
2018-07-01 10:50,6561
2018-07-01 10:55,6595
2018-07-01 11:00,6686
2018-07-01 11:05,6729
2018-07-01 11:10,6796
2018-07-01 11:15,6826
2018-07-01 11:20,6873
2018-07-01 11:25,6925
2018-07-01 11:30,6919
2018-07-01 11:35,6960
2018-07-01 11:40,7066
2018-07-01 11:45,7088
2018-07-01 11:50,7120
2018-07-01 11:55,7131
2018-07-01 12:00,7221
2018-07-01 12:05,7288
2018-07-01 12:10,7357
2018-07-01 12:15,7380
2018-07-01 12:20,7449
2018-07-01 12:25,7543
2018-07-01 12:30,7635
2018-07-01 12:35,7671
2018-07-01 12:40,7744
2018-07-01 12:45,7833
2018-07-01 12:50,7929
2018-07-01 12:55,7991
2018-07-01 13:00,8017
2018-07-01 13:05,8100
2018-07-01 13:10,8171
2018-07-01 13:15,8271
2018-07-01 13:20,8362
2018-07-01 13:25,8442
2018-07-01 13:30,8509
2018-07-01 13:35,8493
2018-07-01 13:40,0
2018-07-01 13:45,8634
2018-07-01 13:50,8650
2018-07-01 13:55,8672
2018-07-01 14:00,8620
2018-07-01 14:05,8589
2018-07-01 14:10,8632
2018-07-01 14:15,8611
2018-07-01 14:20,8652
2018-07-01 14:25,8717
2018-07-01 14:30,8784
2018-07-01 14:35,8888
2018-07-01 14:40,8965
2018-07-01 14:45,9022
2018-07-01 14:50,9041
2018-07-01 14:55,9104
2018-07-01 15:00,9163
2018-07-01 15:05,9196
2018-07-01 15:10,9249
2018-07-01 15:15,9340
2018-07-01 15:20,9359
2018-07-01 15:25,9391
2018-07-01 15:30,9424
2018-07-01 15:35,9456
2018-07-01 15:40,9557
2018-07-01 15:45,9508
2018-07-01 15:50,9561
2018-07-01 15:55,9604
2018-07-01 16:00,9624
2018-07-01 16:05,9651
2018-07-01 16:10,9726
2018-07-01 16:15,9702
2018-07-01 16:20,9769
2018-07-01 16:25,9821
2018-07-01 16:30,9869
2018-07-01 16:35,9876
2018-07-01 16:40,9925
2018-07-01 16:45,9993
2018-07-01 16:50,10196
2018-07-01 16:55,10509
2018-07-01 17:00,10759
2018-07-01 17:05,10974
2018-07-01 17:10,11124
2018-07-01 17:15,11248
2018-07-01 17:20,11343
2018-07-01 17:25,11445
2018-07-01 17:30,11531
2018-07-01 17:35,11601
2018-07-01 17:40,11693
2018-07-01 17:45,11727
2018-07-01 17:50,11817
2018-07-01 17:55,11883
2018-07-01 18:00,11928
2018-07-01 18:05,11952
2018-07-01 18:10,12038
2018-07-01 18:15,12061
2018-07-01 18:20,12152
2018-07-01 18:25,12183
2018-07-01 18:30,12232
2018-07-01 18:35,12293
2018-07-01 18:40,12375
2018-07-01 18:45,12427
2018-07-01 18:50,12428
2018-07-01 18:55,12505
2018-07-01 19:00,12579
2018-07-01 19:05,12662
2018-07-01 19:10,12686
2018-07-01 19:15,12721
2018-07-01 19:20,12687
2018-07-01 19:25,12695
2018-07-01 19:30,12651
2018-07-01 19:35,12649
2018-07-01 19:40,12734
2018-07-01 19:45,12788
2018-07-01 19:50,12707
2018-07-01 19:55,12641
2018-07-01 20:00,12620
2018-07-01 20:05,12621
2018-07-01 20:10,12546
2018-07-01 20:15,12482
2018-07-01 20:20,12380
2018-07-01 20:25,12336
2018-07-01 20:30,12281
2018-07-01 20:35,12192
2018-07-01 20:40,12106
2018-07-01 20:45,11995
2018-07-01 20:50,11911
2018-07-01 20:55,11891
2018-07-01 21:00,11919
2018-07-01 21:05,11891
2018-07-01 21:10,11811
2018-07-01 21:15,11765
2018-07-01 21:20,11738
2018-07-01 21:25,11652
2018-07-01 21:30,11540
2018-07-01 21:35,11475
2018-07-01 21:40,11407
2018-07-01 21:45,11277
2018-07-01 21:50,11216
2018-07-01 21:55,11172
2018-07-01 22:00,11024
2018-07-01 22:05,10936
2018-07-01 22:10,10839
2018-07-01 22:15,10738
2018-07-01 22:20,10563
2018-07-01 22:25,10437
2018-07-01 22:30,10314
2018-07-01 22:35,10220
2018-07-01 22:40,10102
2018-07-01 22:45,10027
2018-07-01 22:50,9952
2018-07-01 22:55,9894
2018-07-01 23:00,9820
2018-07-01 23:05,9724
2018-07-01 23:10,9612
2018-07-01 23:15,9490
2018-07-01 23:20,9391
2018-07-01 23:25,9312
2018-07-01 23:30,9224
2018-07-01 23:35,9153
2018-07-01 23:40,9127
2018-07-01 23:45,9167
2018-07-01 23:50,9083
2018-07-01 23:55,9046
2018-07-02 00:00,9025
2018-07-02 00:05,9012
2018-07-02 00:10,8901
2018-07-02 00:15,8885
2018-07-02 00:20,8850
2018-07-02 00:25,8817
2018-07-02 00:30,8757
2018-07-02 00:35,8676
2018-07-02 00:40,8647
2018-07-02 00:45,8607
2018-07-02 00:50,8607
2018-07-02 00:55,8599
2018-07-02 01:00,8611
2018-07-02 01:05,8584
2018-07-02 01:10,8548
2018-07-02 01:15,8540
2018-07-02 01:20,8550
2018-07-02 01:25,8530
2018-07-02 01:30,8445
2018-07-02 01:35,8384
2018-07-02 01:40,8322
2018-07-02 01:45,8346
2018-07-02 01:50,8308
2018-07-02 01:55,8297
2018-07-02 02:00,8283
2018-07-02 02:05,8271
2018-07-02 02:10,8281
2018-07-02 02:15,8249
2018-07-02 02:20,8171
2018-07-02 02:25,8138
2018-07-02 02:30,7998
2018-07-02 02:35,7961
2018-07-02 02:40,7892
2018-07-02 02:45,7848
2018-07-02 02:50,7798
2018-07-02 02:55,7685
2018-07-02 03:00,7612
2018-07-02 03:05,7525
2018-07-02 03:10,7452
2018-07-02 03:15,7396
2018-07-02 03:20,7360
2018-07-02 03:25,7314
2018-07-02 03:30,7231
2018-07-02 03:35,7230
2018-07-02 03:40,7195
2018-07-02 03:45,7190
2018-07-02 03:50,7151
2018-07-02 03:55,7091
2018-07-02 04:00,6987
2018-07-02 04:05,6906
2018-07-02 04:10,6861
2018-07-02 04:15,6795
2018-07-02 04:20,6724
2018-07-02 04:25,6666
2018-07-02 04:30,6581
2018-07-02 04:35,6494
2018-07-02 04:40,6362
2018-07-02 04:45,6253
2018-07-02 04:50,6113
2018-07-02 04:55,6040
2018-07-02 05:00,5966
2018-07-02 05:05,5910
2018-07-02 05:10,5838
2018-07-02 05:15,5778
2018-07-02 05:20,5673
2018-07-02 05:25,5590
2018-07-02 05:30,5511
2018-07-02 05:35,5455
2018-07-02 05:40,5353
2018-07-02 05:45,5313
2018-07-02 05:50,5265
2018-07-02 05:55,5221
2018-07-02 06:00,5176
2018-07-02 06:05,5104
2018-07-02 06:10,4988
2018-07-02 06:15,4916
2018-07-02 06:20,4826
2018-07-02 06:25,4737
2018-07-02 06:30,4711
2018-07-02 06:35,4645
2018-07-02 06:40,4579
2018-07-02 06:45,4549
2018-07-02 06:50,4510
2018-07-02 06:55,4484
2018-07-02 07:00,4443
2018-07-02 07:05,4366
2018-07-02 07:10,4303
2018-07-02 07:15,4294
2018-07-02 07:20,4295
2018-07-02 07:25,4293
2018-07-02 07:30,4311
2018-07-02 07:35,4291
2018-07-02 07:40,4243
2018-07-02 07:45,4243
2018-07-02 07:50,4267
2018-07-02 07:55,4292
2018-07-02 08:00,4292
2018-07-02 08:05,4254
2018-07-02 08:10,4287
2018-07-02 08:15,4322
2018-07-02 08:20,4315
2018-07-02 08:25,4290
2018-07-02 08:30,4357
2018-07-02 08:35,4347
2018-07-02 08:40,4365
2018-07-02 08:45,4399
2018-07-02 08:50,4396
2018-07-02 08:55,4422
2018-07-02 09:00,4407
2018-07-02 09:05,4486
2018-07-02 09:10,4548
2018-07-02 09:15,4606
2018-07-02 09:20,4637
2018-07-02 09:25,4756
2018-07-02 09:30,4755
2018-07-02 09:35,4845
2018-07-02 09:40,4888
2018-07-02 09:45,4932
2018-07-02 09:50,4959
2018-07-02 09:55,5004
2018-07-02 10:00,5035
2018-07-02 10:05,5101
2018-07-02 10:10,5118
2018-07-02 10:15,5169
2018-07-02 10:20,5164
2018-07-02 10:25,5217
2018-07-02 10:30,5246
2018-07-02 10:35,5308
2018-07-02 10:40,5357
2018-07-02 10:45,5427
2018-07-02 10:50,5439
2018-07-02 10:55,5497
2018-07-02 11:00,5537
2018-07-02 11:05,5612
2018-07-02 11:10,0
2018-07-02 11:15,5698
2018-07-02 11:20,5785
2018-07-02 11:25,5839
2018-07-02 11:30,5873
2018-07-02 11:35,5940
2018-07-02 11:40,5978
2018-07-02 11:45,6012
2018-07-02 11:50,6088
2018-07-02 11:55,6102
2018-07-02 12:00,6168
2018-07-02 12:05,6193
2018-07-02 12:10,6272
2018-07-02 12:15,5978
2018-07-02 12:20,5330
2018-07-02 12:25,4158
2018-07-02 12:30,2955
2018-07-02 12:35,2234
2018-07-02 12:40,2045
2018-07-02 12:45,1924
2018-07-02 12:50,2601
2018-07-02 12:55,3278
2018-07-02 13:00,3881
2018-07-02 13:05,4410
2018-07-02 13:10,4867
2018-07-02 13:15,5277
2018-07-02 13:20,5718
2018-07-02 13:25,6024
2018-07-02 13:30,6297
2018-07-02 13:35,6517
2018-07-02 13:40,6791
2018-07-02 13:45,6960
2018-07-02 13:50,6846
2018-07-02 13:55,6911
2018-07-02 14:00,7000
2018-07-02 14:05,7104
2018-07-02 14:10,7257
2018-07-02 14:15,7383
2018-07-02 14:20,7513
2018-07-02 14:25,7657
2018-07-02 14:30,7730
2018-07-02 14:35,7841
2018-07-02 14:40,7995
2018-07-02 14:45,8046
2018-07-02 14:50,8147
2018-07-02 14:55,8309
2018-07-02 15:00,8449
2018-07-02 15:05,8506
2018-07-02 15:10,8609
2018-07-02 15:15,8679
2018-07-02 15:20,8705
2018-07-02 15:25,8746
2018-07-02 15:30,8869
2018-07-02 15:35,8887
2018-07-02 15:40,8943
2018-07-02 15:45,9007
2018-07-02 15:50,9058
2018-07-02 15:55,9116
2018-07-02 16:00,9240
2018-07-02 16:05,9384
2018-07-02 16:10,9637
2018-07-02 16:15,9723
2018-07-02 16:20,9862
2018-07-02 16:25,9955
2018-07-02 16:30,9999
2018-07-02 16:35,10067
2018-07-02 16:40,10158
2018-07-02 16:45,10248
2018-07-02 16:50,10327
2018-07-02 16:55,10427
2018-07-02 17:00,10512
2018-07-02 17:05,10575
2018-07-02 17:10,10526
2018-07-02 17:15,10600
2018-07-02 17:20,10703
2018-07-02 17:25,10807
2018-07-02 17:30,10852
2018-07-02 17:35,10965
2018-07-02 17:40,10987
2018-07-02 17:45,11063
2018-07-02 17:50,11060
2018-07-02 17:55,11034
2018-07-02 18:00,11080
2018-07-02 18:05,11065
2018-07-02 18:10,11063
2018-07-02 18:15,11165
2018-07-02 18:20,11144
2018-07-02 18:25,11199
2018-07-02 18:30,11257
2018-07-02 18:35,11317
2018-07-02 18:40,11305
2018-07-02 18:45,11316
2018-07-02 18:50,11418
2018-07-02 18:55,11482
2018-07-02 19:00,11489
2018-07-02 19:05,11563
2018-07-02 19:10,11597
2018-07-02 19:15,11585
2018-07-02 19:20,11664
2018-07-02 19:25,11681
2018-07-02 19:30,11764
2018-07-02 19:35,11844
2018-07-02 19:40,11848
2018-07-02 19:45,11841
2018-07-02 19:50,11783
2018-07-02 19:55,11781
2018-07-02 20:00,11859
2018-07-02 20:05,11915
2018-07-02 20:10,12041
2018-07-02 20:15,12112
2018-07-02 20:20,12157
2018-07-02 20:25,12179
2018-07-02 20:30,12237
2018-07-02 20:35,12284
2018-07-02 20:40,12273
2018-07-02 20:45,12228
2018-07-02 20:50,12175
2018-07-02 20:55,12141
2018-07-02 21:00,12060
2018-07-02 21:05,11939
2018-07-02 21:10,11777
2018-07-02 21:15,11713
2018-07-02 21:20,11650
2018-07-02 21:25,11554
2018-07-02 21:30,11562
2018-07-02 21:35,11548
2018-07-02 21:40,11495
2018-07-02 21:45,11426
2018-07-02 21:50,11372
2018-07-02 21:55,11241
2018-07-02 22:00,11148
2018-07-02 22:05,10995
2018-07-02 22:10,10903
2018-07-02 22:15,10783
2018-07-02 22:20,10707
2018-07-02 22:25,10594
2018-07-02 22:30,10447
2018-07-02 22:35,10389
2018-07-02 22:40,10351
2018-07-02 22:45,10244
2018-07-02 22:50,10119
2018-07-02 22:55,9971
2018-07-02 23:00,9894
2018-07-02 23:05,9776
2018-07-02 23:10,9693
2018-07-02 23:15,9621
2018-07-02 23:20,9580
2018-07-02 23:25,9503
2018-07-02 23:30,9380
2018-07-02 23:35,9344
2018-07-02 23:40,9309
2018-07-02 23:45,9220
2018-07-02 23:50,9113
2018-07-02 23:55,9077
2018-07-03 00:00,9036
2018-07-03 00:05,8948
2018-07-03 00:10,8956
2018-07-03 00:15,8923
2018-07-03 00:20,8866
2018-07-03 00:25,8820
2018-07-03 00:30,8819
2018-07-03 00:35,8784
2018-07-03 00:40,8784
2018-07-03 00:45,8734
2018-07-03 00:50,8704
2018-07-03 00:55,8670
2018-07-03 01:00,8667
2018-07-03 01:05,8686
2018-07-03 01:10,8695
2018-07-03 01:15,8661
2018-07-03 01:20,8643
2018-07-03 01:25,8661
2018-07-03 01:30,8725
2018-07-03 01:35,8695
2018-07-03 01:40,8685
2018-07-03 01:45,8674
2018-07-03 01:50,8699
2018-07-03 01:55,8695
2018-07-03 02:00,8657
2018-07-03 02:05,8536
2018-07-03 02:10,8510
2018-07-03 02:15,8474
2018-07-03 02:20,8380
2018-07-03 02:25,8311
2018-07-03 02:30,8224
2018-07-03 02:35,8135
2018-07-03 02:40,8100
2018-07-03 02:45,8008
2018-07-03 02:50,8002
2018-07-03 02:55,7981
2018-07-03 03:00,7980
2018-07-03 03:05,7864
2018-07-03 03:10,7770
2018-07-03 03:15,7718
2018-07-03 03:20,7620
2018-07-03 03:25,7528
2018-07-03 03:30,7480
2018-07-03 03:35,7397
2018-07-03 03:40,7308
2018-07-03 03:45,7234
2018-07-03 03:50,7103
2018-07-03 03:55,7025
2018-07-03 04:00,6964
2018-07-03 04:05,6878
2018-07-03 04:10,6835
2018-07-03 04:15,6746
2018-07-03 04:20,6639
2018-07-03 04:25,6538
2018-07-03 04:30,6474
2018-07-03 04:35,6384
2018-07-03 04:40,6303
2018-07-03 04:45,6258
2018-07-03 04:50,6185
2018-07-03 04:55,6168
2018-07-03 05:00,6045
2018-07-03 05:05,5926
2018-07-03 05:10,5812
2018-07-03 05:15,5690
2018-07-03 05:20,5646
2018-07-03 05:25,5585
2018-07-03 05:30,5497
2018-07-03 05:35,5418
2018-07-03 05:40,5409
2018-07-03 05:45,5337
2018-07-03 05:50,5278
2018-07-03 05:55,5229
2018-07-03 06:00,5137
2018-07-03 06:05,5024
2018-07-03 06:10,4975
2018-07-03 06:15,4872
2018-07-03 06:20,4838
2018-07-03 06:25,4764
2018-07-03 06:30,4673
2018-07-03 06:35,4605
2018-07-03 06:40,4576
2018-07-03 06:45,4474
2018-07-03 06:50,4445
2018-07-03 06:55,4361
2018-07-03 07:00,4333
2018-07-03 07:05,4310
2018-07-03 07:10,4266
2018-07-03 07:15,4237
2018-07-03 07:20,4213
2018-07-03 07:25,4216
2018-07-03 07:30,4162
2018-07-03 07:35,4180
2018-07-03 07:40,4178
2018-07-03 07:45,4177
2018-07-03 07:50,4166
2018-07-03 07:55,4136
2018-07-03 08:00,4129
2018-07-03 08:05,4049
2018-07-03 08:10,4062
2018-07-03 08:15,4034
2018-07-03 08:20,4074
2018-07-03 08:25,
2018-07-03 08:30,4069
2018-07-03 08:35,4116
2018-07-03 08:40,4129
2018-07-03 08:45,4103
2018-07-03 08:50,4084
2018-07-03 08:55,4099
2018-07-03 09:00,4140
2018-07-03 09:05,4179
2018-07-03 09:10,4311
2018-07-03 09:15,4396
2018-07-03 09:20,4544
2018-07-03 09:25,4567
2018-07-03 09:30,4594
2018-07-03 09:35,4660
2018-07-03 09:40,4704
2018-07-03 09:45,4749
2018-07-03 09:50,4842
2018-07-03 09:55,4918
2018-07-03 10:00,4943
2018-07-03 10:05,4954
2018-07-03 10:10,5024
2018-07-03 10:15,5037
2018-07-03 10:20,5085
2018-07-03 10:25,5111
2018-07-03 10:30,5143
2018-07-03 10:35,5206
2018-07-03 10:40,5235
2018-07-03 10:45,5289
2018-07-03 10:50,5389
2018-07-03 10:55,5452
2018-07-03 11:00,5505
2018-07-03 11:05,5536
2018-07-03 11:10,5605
2018-07-03 11:15,5676
2018-07-03 11:20,5731
2018-07-03 11:25,5791
2018-07-03 11:30,5873
2018-07-03 11:35,5951
2018-07-03 11:40,5968
2018-07-03 11:45,6018
2018-07-03 11:50,6021
2018-07-03 11:55,6082
2018-07-03 12:00,6097
2018-07-03 12:05,6107
2018-07-03 12:10,6189
2018-07-03 12:15,6237
2018-07-03 12:20,6272
2018-07-03 12:25,6377
2018-07-03 12:30,6438
2018-07-03 12:35,6523
2018-07-03 12:40,6570
2018-07-03 12:45,6651
2018-07-03 12:50,6683
2018-07-03 12:55,6776
2018-07-03 13:00,6834
2018-07-03 13:05,6854
2018-07-03 13:10,6857
2018-07-03 13:15,6872
2018-07-03 13:20,6908
2018-07-03 13:25,6990
2018-07-03 13:30,7040
2018-07-03 13:35,7075
2018-07-03 13:40,7124
2018-07-03 13:45,7225
2018-07-03 13:50,7316
2018-07-03 13:55,7402
2018-07-03 14:00,7459
2018-07-03 14:05,7457
2018-07-03 14:10,7532
2018-07-03 14:15,7558
2018-07-03 14:20,7616
2018-07-03 14:25,7659
2018-07-03 14:30,7673
2018-07-03 14:35,7761
2018-07-03 14:40,7804
2018-07-03 14:45,7937
2018-07-03 14:50,7982
2018-07-03 14:55,7965
2018-07-03 15:00,8016
2018-07-03 15:05,8120
2018-07-03 15:10,8201
2018-07-03 15:15,8289
2018-07-03 15:20,8275
2018-07-03 15:25,8289
2018-07-03 15:30,8350
2018-07-03 15:35,8406
2018-07-03 15:40,8449
2018-07-03 15:45,8498
2018-07-03 15:50,8520
2018-07-03 15:55,8645
2018-07-03 16:00,8637
2018-07-03 16:05,8702
2018-07-03 16:10,8896
2018-07-03 16:15,9005
2018-07-03 16:20,9074
2018-07-03 16:25,9127
2018-07-03 16:30,9207
2018-07-03 16:35,9366
2018-07-03 16:40,9489
2018-07-03 16:45,9570
2018-07-03 16:50,9666
2018-07-03 16:55,9687
2018-07-03 17:00,9753
2018-07-03 17:05,9857
2018-07-03 17:10,9942
2018-07-03 17:15,10046
2018-07-03 17:20,10079
2018-07-03 17:25,10177
2018-07-03 17:30,10253
2018-07-03 17:35,10402
2018-07-03 17:40,10441
2018-07-03 17:45,10517
2018-07-03 17:50,10601
2018-07-03 17:55,10599
2018-07-03 18:00,10671
2018-07-03 18:05,10699
2018-07-03 18:10,10806
2018-07-03 18:15,10818
2018-07-03 18:20,10824
2018-07-03 18:25,10865
2018-07-03 18:30,10901
2018-07-03 18:35,10930
2018-07-03 18:40,11017
2018-07-03 18:45,11030
2018-07-03 18:50,11093
2018-07-03 18:55,11088
2018-07-03 19:00,11213
2018-07-03 19:05,11243
2018-07-03 19:10,11349
2018-07-03 19:15,11304
2018-07-03 19:20,11344
2018-07-03 19:25,11366
2018-07-03 19:30,11421
2018-07-03 19:35,11426
2018-07-03 19:40,11523
2018-07-03 19:45,11571
2018-07-03 19:50,11495
2018-07-03 19:55,11201
2018-07-03 20:00,11128
2018-07-03 20:05,11144
2018-07-03 20:10,11262
2018-07-03 20:15,11242
2018-07-03 20:20,11223
2018-07-03 20:25,11229
2018-07-03 20:30,11257
2018-07-03 20:35,11279
2018-07-03 20:40,0
2018-07-03 20:45,11064
2018-07-03 20:50,10976
2018-07-03 20:55,10928
2018-07-03 21:00,11007
2018-07-03 21:05,11118
2018-07-03 21:10,11163
2018-07-03 21:15,11302
2018-07-03 21:20,11336
2018-07-03 21:25,11317
2018-07-03 21:30,11204
2018-07-03 21:35,11160
2018-07-03 21:40,11098
2018-07-03 21:45,11038
2018-07-03 21:50,10929
2018-07-03 21:55,10852
2018-07-03 22:00,10763
2018-07-03 22:05,10683
2018-07-03 22:10,10576
2018-07-03 22:15,10508
2018-07-03 22:20,10441
2018-07-03 22:25,10268
2018-07-03 22:30,10124
2018-07-03 22:35,9982
2018-07-03 22:40,9906
2018-07-03 22:45,9857
2018-07-03 22:50,9784
2018-07-03 22:55,9698
2018-07-03 23:00,9592
2018-07-03 23:05,9439
2018-07-03 23:10,9369
2018-07-03 23:15,9287
2018-07-03 23:20,9202
2018-07-03 23:25,9127
2018-07-03 23:30,9060
2018-07-03 23:35,8986
2018-07-03 23:40,8946
2018-07-03 23:45,8888
2018-07-03 23:50,8848
2018-07-03 23:55,8815
2018-07-04 00:00,8783
2018-07-04 00:05,8802
2018-07-04 00:10,8734
2018-07-04 00:15,8753
2018-07-04 00:20,8751
2018-07-04 00:25,8735
2018-07-04 00:30,8690
2018-07-04 00:35,8686
2018-07-04 00:40,8636
2018-07-04 00:45,8566
2018-07-04 00:50,8558
2018-07-04 00:55,8505
2018-07-04 01:00,8428
2018-07-04 01:05,8372
2018-07-04 01:10,8387
2018-07-04 01:15,8327
2018-07-04 01:20,8311
2018-07-04 01:25,8316
2018-07-04 01:30,8296
2018-07-04 01:35,8300
2018-07-04 01:40,8290
2018-07-04 01:45,8263
2018-07-04 01:50,8279
2018-07-04 01:55,8243
2018-07-04 02:00,8192
2018-07-04 02:05,8174
2018-07-04 02:10,8136
2018-07-04 02:15,8138
2018-07-04 02:20,8068
2018-07-04 02:25,7992
2018-07-04 02:30,7954
2018-07-04 02:35,7953
2018-07-04 02:40,7977
2018-07-04 02:45,7977
2018-07-04 02:50,7966
2018-07-04 02:55,7872
2018-07-04 03:00,7846
2018-07-04 03:05,7863
2018-07-04 03:10,7779
2018-07-04 03:15,7739
2018-07-04 03:20,7689
2018-07-04 03:25,7624
2018-07-04 03:30,7575
2018-07-04 03:35,7458
2018-07-04 03:40,7432
2018-07-04 03:45,7393
2018-07-04 03:50,7351
2018-07-04 03:55,7279
2018-07-04 04:00,7256
2018-07-04 04:05,7186
2018-07-04 04:10,7126
2018-07-04 04:15,7071
2018-07-04 04:20,6952
2018-07-04 04:25,6888
2018-07-04 04:30,6795
2018-07-04 04:35,6792
2018-07-04 04:40,6704
2018-07-04 04:45,6655
2018-07-04 04:50,6585
2018-07-04 04:55,6500
2018-07-04 05:00,6371
2018-07-04 05:05,6332
2018-07-04 05:10,6253
2018-07-04 05:15,6161
2018-07-04 05:20,6080
2018-07-04 05:25,5969
2018-07-04 05:30,5894
2018-07-04 05:35,5818
2018-07-04 05:40,5726
2018-07-04 05:45,5631
2018-07-04 05:50,5561
2018-07-04 05:55,5470
2018-07-04 06:00,5393
2018-07-04 06:05,5312
2018-07-04 06:10,5221
2018-07-04 06:15,5192
2018-07-04 06:20,5147
2018-07-04 06:25,5071
2018-07-04 06:30,5020
2018-07-04 06:35,4966
2018-07-04 06:40,4929
2018-07-04 06:45,4877
2018-07-04 06:50,4840
2018-07-04 06:55,4834
2018-07-04 07:00,4821
2018-07-04 07:05,4741
2018-07-04 07:10,4699
2018-07-04 07:15,4655
2018-07-04 07:20,4630
2018-07-04 07:25,4598
2018-07-04 07:30,4527
2018-07-04 07:35,4505
2018-07-04 07:40,4519
2018-07-04 07:45,4517
2018-07-04 07:50,4438
2018-07-04 07:55,4420
2018-07-04 08:00,4423
2018-07-04 08:05,4449
2018-07-04 08:10,4452
2018-07-04 08:15,4490
2018-07-04 08:20,4472
2018-07-04 08:25,4447
2018-07-04 08:30,4441
2018-07-04 08:35,4477
2018-07-04 08:40,4477
2018-07-04 08:45,4415
2018-07-04 08:50,4454
2018-07-04 08:55,4443
2018-07-04 09:00,4427
2018-07-04 09:05,4535
2018-07-04 09:10,4562
2018-07-04 09:15,4633
2018-07-04 09:20,4695
2018-07-04 09:25,4789
2018-07-04 09:30,4839
2018-07-04 09:35,4878
2018-07-04 09:40,4907
2018-07-04 09:45,5017
2018-07-04 09:50,5073
2018-07-04 09:55,5037
2018-07-04 10:00,5067
2018-07-04 10:05,5083
2018-07-04 10:10,5099
2018-07-04 10:15,5111
2018-07-04 10:20,5116
2018-07-04 10:25,5164
2018-07-04 10:30,5227
2018-07-04 10:35,5307
2018-07-04 10:40,5357
2018-07-04 10:45,5351
2018-07-04 10:50,5407
2018-07-04 10:55,5455
2018-07-04 11:00,5512
2018-07-04 11:05,5561
2018-07-04 11:10,5632
2018-07-04 11:15,5731
2018-07-04 11:20,5793
2018-07-04 11:25,5791
2018-07-04 11:30,5843
2018-07-04 11:35,5904
2018-07-04 11:40,5903
2018-07-04 11:45,5931
2018-07-04 11:50,6025
2018-07-04 11:55,6106
2018-07-04 12:00,6201
2018-07-04 12:05,6282
2018-07-04 12:10,6334
2018-07-04 12:15,6344
2018-07-04 12:20,6379
2018-07-04 12:25,6411
2018-07-04 12:30,6477
2018-07-04 12:35,6499
2018-07-04 12:40,6596
2018-07-04 12:45,6623
2018-07-04 12:50,6634
2018-07-04 12:55,6655
2018-07-04 13:00,6757
2018-07-04 13:05,
2018-07-04 13:10,
2018-07-04 13:15,
2018-07-04 13:20,7041
2018-07-04 13:25,7088
2018-07-04 13:30,7166
2018-07-04 13:35,7271
2018-07-04 13:40,7339
2018-07-04 13:45,7417
2018-07-04 13:50,7523
2018-07-04 13:55,7590
2018-07-04 14:00,7637
2018-07-04 14:05,7675
2018-07-04 14:10,7732
2018-07-04 14:15,7852
2018-07-04 14:20,7954
2018-07-04 14:25,7999
2018-07-04 14:30,8076
2018-07-04 14:35,8117
2018-07-04 14:40,8173
2018-07-04 14:45,8186
2018-07-04 14:50,8160
2018-07-04 14:55,8357
2018-07-04 15:00,8399
2018-07-04 15:05,8443
2018-07-04 15:10,8461
2018-07-04 15:15,8523
2018-07-04 15:20,8613
2018-07-04 15:25,8706
2018-07-04 15:30,8790
2018-07-04 15:35,8872
2018-07-04 15:40,8944
2018-07-04 15:45,9020
2018-07-04 15:50,9073
2018-07-04 15:55,9161
2018-07-04 16:00,9208
2018-07-04 16:05,9271
2018-07-04 16:10,9372
2018-07-04 16:15,9485
2018-07-04 16:20,9557
2018-07-04 16:25,9608
2018-07-04 16:30,9725
2018-07-04 16:35,9842
2018-07-04 16:40,9900
2018-07-04 16:45,9990
2018-07-04 16:50,10050
2018-07-04 16:55,10080
2018-07-04 17:00,10142
2018-07-04 17:05,
2018-07-04 17:10,
2018-07-04 17:15,10192
2018-07-04 17:20,10325
2018-07-04 17:25,10397
2018-07-04 17:30,10472
2018-07-04 17:35,10475
2018-07-04 17:40,10570
2018-07-04 17:45,10681
2018-07-04 17:50,10694
2018-07-04 17:55,10667
2018-07-04 18:00,10769
2018-07-04 18:05,10845
2018-07-04 18:10,10921
2018-07-04 18:15,11040
2018-07-04 18:20,11065
2018-07-04 18:25,11158
2018-07-04 18:30,11293
2018-07-04 18:35,11374
2018-07-04 18:40,11464
2018-07-04 18:45,11562
2018-07-04 18:50,11615
2018-07-04 18:55,11722
2018-07-04 19:00,11758
2018-07-04 19:05,11758
2018-07-04 19:10,11727
2018-07-04 19:15,11705
2018-07-04 19:20,11745
2018-07-04 19:25,11792
2018-07-04 19:30,11881
2018-07-04 19:35,11855
2018-07-04 19:40,11787
2018-07-04 19:45,11815
2018-07-04 19:50,11785
2018-07-04 19:55,11784
2018-07-04 20:00,11746
2018-07-04 20:05,11746
2018-07-04 20:10,11739
2018-07-04 20:15,11704
2018-07-04 20:20,11710
2018-07-04 20:25,11646
2018-07-04 20:30,11542
2018-07-04 20:35,11553
2018-07-04 20:40,11541
2018-07-04 20:45,11511
2018-07-04 20:50,11419
2018-07-04 20:55,11418
2018-07-04 21:00,11342
2018-07-04 21:05,11266
2018-07-04 21:10,11166
2018-07-04 21:15,11105
2018-07-04 21:20,10994
2018-07-04 21:25,10964
2018-07-04 21:30,10888
2018-07-04 21:35,10811
2018-07-04 21:40,10703
2018-07-04 21:45,10654
2018-07-04 21:50,10577
2018-07-04 21:55,10412
2018-07-04 22:00,10264
2018-07-04 22:05,10180
2018-07-04 22:10,10059
2018-07-04 22:15,9935
2018-07-04 22:20,9891
2018-07-04 22:25,9760
2018-07-04 22:30,9625
2018-07-04 22:35,9507
2018-07-04 22:40,9393
2018-07-04 22:45,9307
2018-07-04 22:50,9231
2018-07-04 22:55,9172
2018-07-04 23:00,9065
2018-07-04 23:05,9065
2018-07-04 23:10,8849
2018-07-04 23:15,8736
2018-07-04 23:20,8694
2018-07-04 23:25,8559
2018-07-04 23:30,8499
2018-07-04 23:35,8438
2018-07-04 23:40,8375
2018-07-04 23:45,8318
2018-07-04 23:50,8290
2018-07-04 23:55,8206
2018-07-05 00:00,8121
2018-07-05 00:05,8103
2018-07-05 00:10,8046
2018-07-05 00:15,7994
2018-07-05 00:20,7952
2018-07-05 00:25,7907
2018-07-05 00:30,7855
2018-07-05 00:35,7775
2018-07-05 00:40,7762
2018-07-05 00:45,7776
2018-07-05 00:50,7742
2018-07-05 00:55,7713
2018-07-05 01:00,7649
2018-07-05 01:05,7649
2018-07-05 01:10,7544
2018-07-05 01:15,7533
2018-07-05 01:20,7506
2018-07-05 01:25,7482
2018-07-05 01:30,7463
2018-07-05 01:35,7436
2018-07-05 01:40,7371
2018-07-05 01:45,7377
2018-07-05 01:50,7354
2018-07-05 01:55,7295
2018-07-05 02:00,7292
2018-07-05 02:05,7292
2018-07-05 02:10,7298
2018-07-05 02:15,7314
2018-07-05 02:20,7335
2018-07-05 02:25,7263
2018-07-05 02:30,7298
2018-07-05 02:35,7289
2018-07-05 02:40,7248
2018-07-05 02:45,7178
2018-07-05 02:50,7118
2018-07-05 02:55,7102
2018-07-05 03:00,7070
2018-07-05 03:05,7070
2018-07-05 03:10,6980
2018-07-05 03:15,6982
2018-07-05 03:20,6946
2018-07-05 03:25,6885
2018-07-05 03:30,6879
2018-07-05 03:35,6856
2018-07-05 03:40,6777
2018-07-05 03:45,6717
2018-07-05 03:50,6717
2018-07-05 03:55,6645
2018-07-05 04:00,6563
2018-07-05 04:05,6563
2018-07-05 04:10,6382
2018-07-05 04:15,6339
2018-07-05 04:20,6264
2018-07-05 04:25,6264
2018-07-05 04:30,6180
2018-07-05 04:35,6063
2018-07-05 04:40,6063
2018-07-05 04:45,5966
2018-07-05 04:50,5884
2018-07-05 04:55,5830
2018-07-05 05:00,5730
2018-07-05 05:05,5730
2018-07-05 05:10,5644
2018-07-05 05:15,5549
2018-07-05 05:20,5416
2018-07-05 05:25,5402
2018-07-05 05:30,5317
2018-07-05 05:35,5300
2018-07-05 05:40,5175
2018-07-05 05:45,5089
2018-07-05 05:50,5042
2018-07-05 05:55,4995
2018-07-05 06:00,4880
2018-07-05 06:05,4864
2018-07-05 06:10,4828
2018-07-05 06:15,4828
2018-07-05 06:20,4697
2018-07-05 06:25,4654
2018-07-05 06:30,4608
2018-07-05 06:35,4608
2018-07-05 06:40,4583
2018-07-05 06:45,4536
2018-07-05 06:50,4482
2018-07-05 06:55,4431
2018-07-05 07:00,4299
2018-07-05 07:05,4299
2018-07-05 07:10,4265
2018-07-05 07:15,4274
2018-07-05 07:20,4243
2018-07-05 07:25,4121
2018-07-05 07:30,4121
2018-07-05 07:35,4077
2018-07-05 07:40,4099
2018-07-05 07:45,4087
2018-07-05 07:50,4117
2018-07-05 07:55,4117
2018-07-05 08:00,4148
2018-07-05 08:05,4107
2018-07-05 08:10,4104
2018-07-05 08:15,4076
2018-07-05 08:20,4095
2018-07-05 08:25,4084
2018-07-05 08:30,4148
2018-07-05 08:35,4138
2018-07-05 08:40,4138
2018-07-05 08:45,4168
2018-07-05 08:50,4168
2018-07-05 08:55,4245
2018-07-05 09:00,4245
2018-07-05 09:05,4266
2018-07-05 09:10,4358
2018-07-05 09:15,4425
2018-07-05 09:20,4467
2018-07-05 09:25,4555
2018-07-05 09:30,4602
2018-07-05 09:35,4613
2018-07-05 09:40,4661
2018-07-05 09:45,4713
2018-07-05 09:50,4765
2018-07-05 09:55,4785
2018-07-05 10:00,4848
2018-07-05 10:05,4848
2018-07-05 10:10,4876
2018-07-05 10:15,4908
2018-07-05 10:20,4893
2018-07-05 10:25,4954
2018-07-05 10:30,4965
2018-07-05 10:35,5011
2018-07-05 10:40,5063
2018-07-05 10:45,5122
2018-07-05 10:50,5151
2018-07-05 10:55,5181
2018-07-05 11:00,5292
2018-07-05 11:05,5292
2018-07-05 11:10,5365
2018-07-05 11:15,5439
2018-07-05 11:20,5451
2018-07-05 11:25,5509
2018-07-05 11:30,5509
2018-07-05 11:35,5549
2018-07-05 11:40,5579
2018-07-05 11:45,5721
2018-07-05 11:50,5721
2018-07-05 11:55,5745
2018-07-05 12:00,5762
2018-07-05 12:05,5762
2018-07-05 12:10,5852
2018-07-05 12:15,5877
2018-07-05 12:20,5923
2018-07-05 12:25,5974
2018-07-05 12:30,5995
2018-07-05 12:35,6024
2018-07-05 12:40,6085
2018-07-05 12:45,6161
2018-07-05 12:50,6269
2018-07-05 12:55,6456
2018-07-05 13:00,6469
2018-07-05 13:05,6524
2018-07-05 13:10,6524
2018-07-05 13:15,6618
2018-07-05 13:20,6707
2018-07-05 13:25,6747
2018-07-05 13:30,6837
2018-07-05 13:35,6897
2018-07-05 13:40,6931
2018-07-05 13:45,6936
2018-07-05 13:50,7028
2018-07-05 13:55,7049
2018-07-05 14:00,7126
2018-07-05 14:05,7200
2018-07-05 14:10,7093
2018-07-05 14:15,7378
2018-07-05 14:20,7411
2018-07-05 14:25,7523
2018-07-05 14:30,7570
2018-07-05 14:35,7650
2018-07-05 14:40,7694
2018-07-05 14:45,7775
2018-07-05 14:50,7847
2018-07-05 14:55,7900
2018-07-05 15:00,8039
2018-07-05 15:05,8110
2018-07-05 15:10,8194
2018-07-05 15:15,8172
2018-07-05 15:20,8194
2018-07-05 15:25,8230
2018-07-05 15:30,8246
2018-07-05 15:35,8286
2018-07-05 15:40,8359
2018-07-05 15:45,8435
2018-07-05 15:50,8477
2018-07-05 15:55,8543
2018-07-05 16:00,8617
2018-07-05 16:05,8639
2018-07-05 16:10,8695
2018-07-05 16:15,8782
2018-07-05 16:20,8837
2018-07-05 16:25,8946
2018-07-05 16:30,9042
2018-07-05 16:35,9086
2018-07-05 16:40,9165
2018-07-05 16:45,9276
2018-07-05 16:50,9345
2018-07-05 16:55,9344
2018-07-05 17:00,9385
2018-07-05 17:05,9469
2018-07-05 17:10,9523
2018-07-05 17:15,9601
2018-07-05 17:20,9674
2018-07-05 17:25,9779
2018-07-05 17:30,9897
2018-07-05 17:35,9942
2018-07-05 17:40,10042
2018-07-05 17:45,10044
2018-07-05 17:50,10173
2018-07-05 17:55,10225
2018-07-05 18:00,10378
2018-07-05 18:05,10416
2018-07-05 18:10,10557
2018-07-05 18:15,10628
2018-07-05 18:20,10692
2018-07-05 18:25,10790
2018-07-05 18:30,10871
2018-07-05 18:35,10920
2018-07-05 18:40,11024
2018-07-05 18:45,11124
2018-07-05 18:50,11224
2018-07-05 18:55,11320
2018-07-05 19:00,11415
2018-07-05 19:05,11364
2018-07-05 19:10,11379
2018-07-05 19:15,11359
2018-07-05 19:20,11421
2018-07-05 19:25,11410
2018-07-05 19:30,11476
2018-07-05 19:35,11494
2018-07-05 19:40,11464
2018-07-05 19:45,11492
2018-07-05 19:50,11485
2018-07-05 19:55,11520
2018-07-05 20:00,11570
2018-07-05 20:05,11535
2018-07-05 20:10,11468
2018-07-05 20:15,11495
2018-07-05 20:20,11501
2018-07-05 20:25,11501
2018-07-05 20:30,11511
2018-07-05 20:35,11495
2018-07-05 20:40,11548
2018-07-05 20:45,11506
2018-07-05 20:50,11461
2018-07-05 20:55,11423
2018-07-05 21:00,11299
2018-07-05 21:05,11246
2018-07-05 21:10,11229
2018-07-05 21:15,11187
2018-07-05 21:20,11106
2018-07-05 21:25,11076
2018-07-05 21:30,11009
2018-07-05 21:35,10932
2018-07-05 21:40,10854
2018-07-05 21:45,10774
2018-07-05 21:50,10731
2018-07-05 21:55,10676
2018-07-05 22:00,10529
2018-07-05 22:05,10463
2018-07-05 22:10,10393
2018-07-05 22:15,10252
2018-07-05 22:20,10110
2018-07-05 22:25,10029
2018-07-05 22:30,9847
2018-07-05 22:35,9789
2018-07-05 22:40,9654
2018-07-05 22:45,9588
2018-07-05 22:50,9513
2018-07-05 22:55,9520
2018-07-05 23:00,9417
2018-07-05 23:05,9356
2018-07-05 23:10,9291
2018-07-05 23:15,9177
2018-07-05 23:20,9127
2018-07-05 23:25,9053
2018-07-05 23:30,8975
2018-07-05 23:35,8932
2018-07-05 23:40,8883
2018-07-05 23:45,8819
2018-07-05 23:50,8794
2018-07-05 23:55,8782
2018-07-06 00:00,8698
2018-07-06 00:05,8605
2018-07-06 00:10,8589
2018-07-06 00:15,8544
2018-07-06 00:20,8468
2018-07-06 00:25,8429
2018-07-06 00:30,8442
2018-07-06 00:35,8397
2018-07-06 00:40,8372
2018-07-06 00:45,8329
2018-07-06 00:50,8327
2018-07-06 00:55,8315
2018-07-06 01:00,8329
2018-07-06 01:05,8321
2018-07-06 01:10,8239
2018-07-06 01:15,8210
2018-07-06 01:20,8205
2018-07-06 01:25,8205
2018-07-06 01:30,8210
2018-07-06 01:35,8182
2018-07-06 01:40,8188
2018-07-06 01:45,8146
2018-07-06 01:50,8189
2018-07-06 01:55,8203
2018-07-06 02:00,8223
2018-07-06 02:05,8160
2018-07-06 02:10,8163
2018-07-06 02:15,8173
2018-07-06 02:20,8168
2018-07-06 02:25,8129
2018-07-06 02:30,8022
2018-07-06 02:35,8022
2018-07-06 02:40,7948
2018-07-06 02:45,7912
2018-07-06 02:50,7868
2018-07-06 02:55,7841
2018-07-06 03:00,7773
2018-07-06 03:05,7679
2018-07-06 03:10,7545
2018-07-06 03:15,7467
2018-07-06 03:20,7412
2018-07-06 03:25,7286
2018-07-06 03:30,7234
2018-07-06 03:35,7204
2018-07-06 03:40,7143
2018-07-06 03:45,7098
2018-07-06 03:50,7023
2018-07-06 03:55,6960
2018-07-06 04:00,6859
2018-07-06 04:05,6764
2018-07-06 04:10,6719
2018-07-06 04:15,6630
2018-07-06 04:20,6583
2018-07-06 04:25,6543
2018-07-06 04:30,6437
2018-07-06 04:35,6338
2018-07-06 04:40,6250
2018-07-06 04:45,6200
2018-07-06 04:50,6089
2018-07-06 04:55,6022
2018-07-06 05:00,5891
2018-07-06 05:05,5783
2018-07-06 05:10,5686
2018-07-06 05:15,5618
2018-07-06 05:20,5547
2018-07-06 05:25,5504
2018-07-06 05:30,5447
2018-07-06 05:35,5370
2018-07-06 05:40,5294
2018-07-06 05:45,5231
2018-07-06 05:50,5109
2018-07-06 05:55,5081
2018-07-06 06:00,4988
2018-07-06 06:05,4959
2018-07-06 06:10,4913
2018-07-06 06:15,4876
2018-07-06 06:20,4823
2018-07-06 06:25,4743
2018-07-06 06:30,4710
2018-07-06 06:35,4677
2018-07-06 06:40,4604
2018-07-06 06:45,4562
2018-07-06 06:50,4534
2018-07-06 06:55,4449
2018-07-06 07:00,4407
2018-07-06 07:05,4369
2018-07-06 07:10,4330
2018-07-06 07:15,4296
2018-07-06 07:20,4213
2018-07-06 07:25,4195
2018-07-06 07:30,4112
2018-07-06 07:35,4109
2018-07-06 07:40,4083
2018-07-06 07:45,4072
2018-07-06 07:50,4053
2018-07-06 07:55,4041
2018-07-06 08:00,4022
2018-07-06 08:05,3964
2018-07-06 08:10,4016
2018-07-06 08:15,4020
2018-07-06 08:20,4011
2018-07-06 08:25,3984
2018-07-06 08:30,4021
2018-07-06 08:35,4073
2018-07-06 08:40,4088
2018-07-06 08:45,4097
2018-07-06 08:50,4103
2018-07-06 08:55,4089
2018-07-06 09:00,4109
2018-07-06 09:05,4077
2018-07-06 09:10,4186
2018-07-06 09:15,4209
2018-07-06 09:20,4285
2018-07-06 09:25,4349
2018-07-06 09:30,4430
2018-07-06 09:35,4519
2018-07-06 09:40,4567
2018-07-06 09:45,4556
2018-07-06 09:50,4666
2018-07-06 09:55,4732
2018-07-06 10:00,4818
2018-07-06 10:05,4852
2018-07-06 10:10,4837
2018-07-06 10:15,4915
2018-07-06 10:20,4952
2018-07-06 10:25,4963
2018-07-06 10:30,5016
2018-07-06 10:35,5029
2018-07-06 10:40,5102
2018-07-06 10:45,5125
2018-07-06 10:50,5212
2018-07-06 10:55,5198
2018-07-06 11:00,5275
2018-07-06 11:05,5304
2018-07-06 11:10,5331
2018-07-06 11:15,5421
2018-07-06 11:20,5497
2018-07-06 11:25,5557
2018-07-06 11:30,5595
2018-07-06 11:35,5653
2018-07-06 11:40,5722
2018-07-06 11:45,5788
2018-07-06 11:50,5846
2018-07-06 11:55,5877
2018-07-06 12:00,5943
2018-07-06 12:05,5980
2018-07-06 12:10,6070
2018-07-06 12:15,6129
2018-07-06 12:20,6193
2018-07-06 12:25,6259
2018-07-06 12:30,6344
2018-07-06 12:35,6375
2018-07-06 12:40,6407
2018-07-06 12:45,6500
2018-07-06 12:50,6539
2018-07-06 12:55,6594
2018-07-06 13:00,6695
2018-07-06 13:05,6745
2018-07-06 13:10,6802
2018-07-06 13:15,6846
2018-07-06 13:20,6885
2018-07-06 13:25,6977
2018-07-06 13:30,7048
2018-07-06 13:35,7151
2018-07-06 13:40,7228
2018-07-06 13:45,7267
2018-07-06 13:50,7305
2018-07-06 13:55,7317
2018-07-06 14:00,7349
2018-07-06 14:05,7273
2018-07-06 14:10,7173
2018-07-06 14:15,7256
2018-07-06 14:20,7323
2018-07-06 14:25,7390
2018-07-06 14:30,7407
2018-07-06 14:35,7449
2018-07-06 14:40,7494
2018-07-06 14:45,7590
2018-07-06 14:50,7639
2018-07-06 14:55,7723
2018-07-06 15:00,7839
2018-07-06 15:05,7885
2018-07-06 15:10,7901
2018-07-06 15:15,7948
2018-07-06 15:20,7953
2018-07-06 15:25,8003
2018-07-06 15:30,8029
2018-07-06 15:35,8108
2018-07-06 15:40,8119
2018-07-06 15:45,8161
2018-07-06 15:50,8182
2018-07-06 15:55,8164
2018-07-06 16:00,8288
2018-07-06 16:05,8481
2018-07-06 16:10,8606
2018-07-06 16:15,8798
2018-07-06 16:20,8903
2018-07-06 16:25,8933
2018-07-06 16:30,9038
2018-07-06 16:35,9034
2018-07-06 16:40,9133
2018-07-06 16:45,9194
2018-07-06 16:50,9236
2018-07-06 16:55,9233
2018-07-06 17:00,9279
2018-07-06 17:05,9384
2018-07-06 17:10,9384
2018-07-06 17:15,9409
2018-07-06 17:20,9437
2018-07-06 17:25,9514
2018-07-06 17:30,9636
2018-07-06 17:35,9661
2018-07-06 17:40,9678
2018-07-06 17:45,9703
2018-07-06 17:50,9719
2018-07-06 17:55,9662
2018-07-06 18:00,9620
2018-07-06 18:05,9559
2018-07-06 18:10,9565
2018-07-06 18:15,9588
2018-07-06 18:20,9582
2018-07-06 18:25,9607
2018-07-06 18:30,9578
2018-07-06 18:35,9625
2018-07-06 18:40,9716
2018-07-06 18:45,9769
2018-07-06 18:50,9874
2018-07-06 18:55,10028
2018-07-06 19:00,10096
2018-07-06 19:05,10146
2018-07-06 19:10,10159
2018-07-06 19:15,10228
2018-07-06 19:20,10296
2018-07-06 19:25,10356
2018-07-06 19:30,10366
2018-07-06 19:35,10408
2018-07-06 19:40,10398
2018-07-06 19:45,10414
2018-07-06 19:50,10394
2018-07-06 19:55,10483
2018-07-06 20:00,10507
2018-07-06 20:05,10689
2018-07-06 20:10,10883
2018-07-06 20:15,11016
2018-07-06 20:20,11152
2018-07-06 20:25,11266
2018-07-06 20:30,11409
2018-07-06 20:35,11516
2018-07-06 20:40,11533
2018-07-06 20:45,11563
2018-07-06 20:50,11619
2018-07-06 20:55,11661
2018-07-06 21:00,11722
2018-07-06 21:05,11741
2018-07-06 21:10,11702
2018-07-06 21:15,11622
2018-07-06 21:20,11615
2018-07-06 21:25,11572
2018-07-06 21:30,11498
2018-07-06 21:35,11522
2018-07-06 21:40,11526
2018-07-06 21:45,11445
2018-07-06 21:50,11345
2018-07-06 21:55,11281
2018-07-06 22:00,11123
2018-07-06 22:05,11084
2018-07-06 22:10,10970
2018-07-06 22:15,10978
2018-07-06 22:20,10858
2018-07-06 22:25,10263
2018-07-06 22:30,9935
2018-07-06 22:35,9682
2018-07-06 22:40,8646
2018-07-06 22:45,6807
2018-07-06 22:50,6704
2018-07-06 22:55,6985
2018-07-06 23:00,7249
2018-07-06 23:05,7495
2018-07-06 23:10,7753
2018-07-06 23:15,7954
2018-07-06 23:20,8010
2018-07-06 23:25,8081
2018-07-06 23:30,8177
2018-07-06 23:35,8208
2018-07-06 23:40,8261
2018-07-06 23:45,8269
2018-07-06 23:50,8306
2018-07-06 23:55,8281
2018-07-07 00:00,8294
2018-07-07 00:05,8313
2018-07-07 00:10,8326
2018-07-07 00:15,8362
2018-07-07 00:20,8343
2018-07-07 00:25,8340
2018-07-07 00:30,8358
2018-07-07 00:35,8344
2018-07-07 00:40,8328
2018-07-07 00:45,8305
2018-07-07 00:50,8275
2018-07-07 00:55,8259
2018-07-07 01:00,8216
2018-07-07 01:05,8186
2018-07-07 01:10,8153
2018-07-07 01:15,8165
2018-07-07 01:20,7623
2018-07-07 01:25,6591
2018-07-07 01:30,4817
2018-07-07 01:35,3518
2018-07-07 01:40,3353
2018-07-07 01:45,3940
2018-07-07 01:50,4450
2018-07-07 01:55,4885
2018-07-07 02:00,5245
2018-07-07 02:05,5560
2018-07-07 02:10,5864
2018-07-07 02:15,6144
2018-07-07 02:20,6387
2018-07-07 02:25,6578
2018-07-07 02:30,6699
2018-07-07 02:35,6885
2018-07-07 02:40,6971
2018-07-07 02:45,7057
2018-07-07 02:50,7212
2018-07-07 02:55,7260
2018-07-07 03:00,7297
2018-07-07 03:05,7340
2018-07-07 03:10,7400
2018-07-07 03:15,0
2018-07-07 03:20,7518
2018-07-07 03:25,7507
2018-07-07 03:30,7530
2018-07-07 03:35,7541
2018-07-07 03:40,7531
2018-07-07 03:45,7475
2018-07-07 03:50,7406
2018-07-07 03:55,7407
2018-07-07 04:00,7370
2018-07-07 04:05,7303
2018-07-07 04:10,7249
2018-07-07 04:15,7175
2018-07-07 04:20,7180
2018-07-07 04:25,7146
2018-07-07 04:30,7023
2018-07-07 04:35,6942
2018-07-07 04:40,6875
2018-07-07 04:45,6845
2018-07-07 04:50,6819
2018-07-07 04:55,6779
2018-07-07 05:00,6723
2018-07-07 05:05,6625
2018-07-07 05:10,6523
2018-07-07 05:15,6487
2018-07-07 05:20,6461
2018-07-07 05:25,6384
2018-07-07 05:30,6297
2018-07-07 05:35,6228
2018-07-07 05:40,6164
2018-07-07 05:45,6062
2018-07-07 05:50,5925
2018-07-07 05:55,5891
2018-07-07 06:00,5825
2018-07-07 06:05,5662
2018-07-07 06:10,5574
2018-07-07 06:15,5472
2018-07-07 06:20,5437
2018-07-07 06:25,5417
2018-07-07 06:30,5336
2018-07-07 06:35,5308
2018-07-07 06:40,5236
2018-07-07 06:45,5161
2018-07-07 06:50,5095
2018-07-07 06:55,5066
2018-07-07 07:00,4987
2018-07-07 07:05,4962
2018-07-07 07:10,4941
2018-07-07 07:15,4880
2018-07-07 07:20,4813
2018-07-07 07:25,4800
2018-07-07 07:30,4730
2018-07-07 07:35,4646
2018-07-07 07:40,4618
2018-07-07 07:45,4616
2018-07-07 07:50,4612
2018-07-07 07:55,4639
2018-07-07 08:00,4611
2018-07-07 08:05,4517
2018-07-07 08:10,4577
2018-07-07 08:15,4576
2018-07-07 08:20,4591
2018-07-07 08:25,4562
2018-07-07 08:30,4527
2018-07-07 08:35,4518
2018-07-07 08:40,4533
2018-07-07 08:45,4550
2018-07-07 08:50,4592
2018-07-07 08:55,4606
2018-07-07 09:00,4611
2018-07-07 09:05,4657
2018-07-07 09:10,4779
2018-07-07 09:15,4823
2018-07-07 09:20,4909
2018-07-07 09:25,4932
2018-07-07 09:30,5005
2018-07-07 09:35,5076
2018-07-07 09:40,5095
2018-07-07 09:45,5120
2018-07-07 09:50,5204
2018-07-07 09:55,5266
2018-07-07 10:00,5336
2018-07-07 10:05,5353
2018-07-07 10:10,5431
2018-07-07 10:15,5505
2018-07-07 10:20,5586
2018-07-07 10:25,5622
2018-07-07 10:30,5620
2018-07-07 10:35,5661
2018-07-07 10:40,5745
2018-07-07 10:45,5802
2018-07-07 10:50,5841
2018-07-07 10:55,5878
2018-07-07 11:00,5915
2018-07-07 11:05,5903
2018-07-07 11:10,5914
2018-07-07 11:15,5964
2018-07-07 11:20,6086
2018-07-07 11:25,6102
2018-07-07 11:30,6198
2018-07-07 11:35,6248
2018-07-07 11:40,6306
2018-07-07 11:45,6348
2018-07-07 11:50,6367
2018-07-07 11:55,6403
2018-07-07 12:00,6473
2018-07-07 12:05,6489
2018-07-07 12:10,6551
2018-07-07 12:15,6660
2018-07-07 12:20,6652
2018-07-07 12:25,6732
2018-07-07 12:30,6785
2018-07-07 12:35,6867
2018-07-07 12:40,6935
2018-07-07 12:45,7005
2018-07-07 12:50,7059
2018-07-07 12:55,7121
2018-07-07 13:00,7184
2018-07-07 13:05,7222
2018-07-07 13:10,7279
2018-07-07 13:15,7047
2018-07-07 13:20,7330
2018-07-07 13:25,7420
2018-07-07 13:30,7459
2018-07-07 13:35,7481
2018-07-07 13:40,7528
2018-07-07 13:45,7578
2018-07-07 13:50,7642
2018-07-07 13:55,7690
2018-07-07 14:00,7733
2018-07-07 14:05,7663
2018-07-07 14:10,7778
2018-07-07 14:15,7833
2018-07-07 14:20,7823
2018-07-07 14:25,7890
2018-07-07 14:30,7960
2018-07-07 14:35,8008
2018-07-07 14:40,8085
2018-07-07 14:45,8087
2018-07-07 14:50,8151
2018-07-07 14:55,8283
2018-07-07 15:00,8346
2018-07-07 15:05,8345
2018-07-07 15:10,8428
2018-07-07 15:15,8437
2018-07-07 15:20,8494
2018-07-07 15:25,8264
2018-07-07 15:30,7304
2018-07-07 15:35,6248
2018-07-07 15:40,4618
2018-07-07 15:45,3918
2018-07-07 15:50,4470
2018-07-07 15:55,5107
2018-07-07 16:00,5677
2018-07-07 16:05,6115
2018-07-07 16:10,6649
2018-07-07 16:15,7071
2018-07-07 16:20,7470
2018-07-07 16:25,7824
2018-07-07 16:30,8175
2018-07-07 16:35,8449
2018-07-07 16:40,8648
2018-07-07 16:45,8821
2018-07-07 16:50,9027
2018-07-07 16:55,9124
2018-07-07 17:00,9291
2018-07-07 17:05,9454
2018-07-07 17:10,9565
2018-07-07 17:15,9681
2018-07-07 17:20,9781
2018-07-07 17:25,9863
2018-07-07 17:30,9959
2018-07-07 17:35,10027
2018-07-07 17:40,10200
2018-07-07 17:45,10197
2018-07-07 17:50,10229
2018-07-07 17:55,10263
2018-07-07 18:00,10315
2018-07-07 18:05,10318
2018-07-07 18:10,10316
2018-07-07 18:15,10393
2018-07-07 18:20,10369
2018-07-07 18:25,10366
2018-07-07 18:30,10401
2018-07-07 18:35,10407
2018-07-07 18:40,10399
2018-07-07 18:45,10424
2018-07-07 18:50,10506
2018-07-07 18:55,10599
2018-07-07 19:00,10696
2018-07-07 19:05,10739
2018-07-07 19:10,10243
2018-07-07 19:15,7917
2018-07-07 19:20,7173
2018-07-07 19:25,7602
2018-07-07 19:30,7971
2018-07-07 19:35,8267
2018-07-07 19:40,8568
2018-07-07 19:45,8854
2018-07-07 19:50,9169
2018-07-07 19:55,9413
2018-07-07 20:00,9610
2018-07-07 20:05,9735
2018-07-07 20:10,9952
2018-07-07 20:15,10060
2018-07-07 20:20,10213
2018-07-07 20:25,10260
2018-07-07 20:30,10422
2018-07-07 20:35,10502
2018-07-07 20:40,10516
2018-07-07 20:45,10489
2018-07-07 20:50,10436
2018-07-07 20:55,10461
2018-07-07 21:00,10614
2018-07-07 21:05,10793
2018-07-07 21:10,10886
2018-07-07 21:15,10933
2018-07-07 21:20,11008
2018-07-07 21:25,11048
2018-07-07 21:30,11051
2018-07-07 21:35,11019
2018-07-07 21:40,11018
2018-07-07 21:45,11017
2018-07-07 21:50,10977
2018-07-07 21:55,10849
2018-07-07 22:00,10767
2018-07-07 22:05,10666
2018-07-07 22:10,10596
2018-07-07 22:15,10501
2018-07-07 22:20,10535
2018-07-07 22:25,10442
2018-07-07 22:30,10298
2018-07-07 22:35,10176
2018-07-07 22:40,10042
2018-07-07 22:45,9933
2018-07-07 22:50,9811
2018-07-07 22:55,9669
2018-07-07 23:00,9562
2018-07-07 23:05,9424
2018-07-07 23:10,9334
2018-07-07 23:15,9275
2018-07-07 23:20,9175
2018-07-07 23:25,9035
2018-07-07 23:30,8973
2018-07-07 23:35,8944
2018-07-07 23:40,8889
2018-07-07 23:45,8841
2018-07-07 23:50,8761
2018-07-07 23:55,8654
2018-07-08 00:00,8571
2018-07-08 00:05,8507
2018-07-08 00:10,8468
2018-07-08 00:15,8371
2018-07-08 00:20,8322
2018-07-08 00:25,8305
2018-07-08 00:30,8222
2018-07-08 00:35,8172
2018-07-08 00:40,8135
2018-07-08 00:45,8108
2018-07-08 00:50,8097
2018-07-08 00:55,0
2018-07-08 01:00,8087
2018-07-08 01:05,8015
2018-07-08 01:10,7962
2018-07-08 01:15,7916
2018-07-08 01:20,7940
2018-07-08 01:25,7842
2018-07-08 01:30,7823
2018-07-08 01:35,7813
2018-07-08 01:40,7860
2018-07-08 01:45,7844
2018-07-08 01:50,7774
2018-07-08 01:55,7785
2018-07-08 02:00,7752
2018-07-08 02:05,7729
2018-07-08 02:10,7756
2018-07-08 02:15,7740
2018-07-08 02:20,7669
2018-07-08 02:25,7630
2018-07-08 02:30,7651
2018-07-08 02:35,7697
2018-07-08 02:40,7709
2018-07-08 02:45,7711
2018-07-08 02:50,7680
2018-07-08 02:55,7618
2018-07-08 03:00,7634
2018-07-08 03:05,7618
2018-07-08 03:10,7630
2018-07-08 03:15,7651
2018-07-08 03:20,7629
2018-07-08 03:25,7605
2018-07-08 03:30,7560
2018-07-08 03:35,7529
2018-07-08 03:40,7448
2018-07-08 03:45,7418
2018-07-08 03:50,7426
2018-07-08 03:55,7429
2018-07-08 04:00,7405
2018-07-08 04:05,7354
2018-07-08 04:10,7294
2018-07-08 04:15,7248
2018-07-08 04:20,7169
2018-07-08 04:25,7111
2018-07-08 04:30,7057
2018-07-08 04:35,7013
2018-07-08 04:40,6897
2018-07-08 04:45,6861
2018-07-08 04:50,6819
2018-07-08 04:55,6763
2018-07-08 05:00,6680
2018-07-08 05:05,6627
2018-07-08 05:10,6561
2018-07-08 05:15,6490
2018-07-08 05:20,6440
2018-07-08 05:25,6439
2018-07-08 05:30,6362
2018-07-08 05:35,6251
2018-07-08 05:40,6163
2018-07-08 05:45,6091
2018-07-08 05:50,6004
2018-07-08 05:55,5925
2018-07-08 06:00,5770
2018-07-08 06:05,5695
2018-07-08 06:10,5619
2018-07-08 06:15,5481
2018-07-08 06:20,5451
2018-07-08 06:25,5368
2018-07-08 06:30,5266
2018-07-08 06:35,5220
2018-07-08 06:40,5186
2018-07-08 06:45,5160
2018-07-08 06:50,5110
2018-07-08 06:55,5035
2018-07-08 07:00,5012
2018-07-08 07:05,4954
2018-07-08 07:10,4897
2018-07-08 07:15,4843
2018-07-08 07:20,4851
2018-07-08 07:25,4822
2018-07-08 07:30,4821
2018-07-08 07:35,4820
2018-07-08 07:40,4819
2018-07-08 07:45,4770
2018-07-08 07:50,4776
2018-07-08 07:55,4754
2018-07-08 08:00,4709
2018-07-08 08:05,4754
2018-07-08 08:10,4748
2018-07-08 08:15,4725
2018-07-08 08:20,4761
2018-07-08 08:25,4767
2018-07-08 08:30,4769
2018-07-08 08:35,4816
2018-07-08 08:40,4846
2018-07-08 08:45,4829
2018-07-08 08:50,4797
2018-07-08 08:55,4817
2018-07-08 09:00,4835
2018-07-08 09:05,4982
2018-07-08 09:10,5081
2018-07-08 09:15,5213
2018-07-08 09:20,5299
2018-07-08 09:25,5346
2018-07-08 09:30,5415
2018-07-08 09:35,5427
2018-07-08 09:40,5519
2018-07-08 09:45,5587
2018-07-08 09:50,5663
2018-07-08 09:55,5705
2018-07-08 10:00,5769
2018-07-08 10:05,5780
2018-07-08 10:10,5853
2018-07-08 10:15,5903
2018-07-08 10:20,5935
2018-07-08 10:25,5987
2018-07-08 10:30,6030
2018-07-08 10:35,6151
2018-07-08 10:40,6143
2018-07-08 10:45,6171
2018-07-08 10:50,6227
2018-07-08 10:55,6276
2018-07-08 11:00,6317
2018-07-08 11:05,6422
2018-07-08 11:10,6480
2018-07-08 11:15,6515
2018-07-08 11:20,6632
2018-07-08 11:25,6671
2018-07-08 11:30,6719
2018-07-08 11:35,6758
2018-07-08 11:40,6796
2018-07-08 11:45,6864
2018-07-08 11:50,6913
2018-07-08 11:55,6945
2018-07-08 12:00,7028
2018-07-08 12:05,7049
2018-07-08 12:10,7092
2018-07-08 12:15,7211
2018-07-08 12:20,7233
2018-07-08 12:25,7237
2018-07-08 12:30,7284
2018-07-08 12:35,7327
2018-07-08 12:40,7391
2018-07-08 12:45,7426
2018-07-08 12:50,7511
2018-07-08 12:55,7606
2018-07-08 13:00,7657
2018-07-08 13:05,7658
2018-07-08 13:10,7767
2018-07-08 13:15,7847
2018-07-08 13:20,7889
2018-07-08 13:25,8000
2018-07-08 13:30,8063
2018-07-08 13:35,8149
2018-07-08 13:40,8230
2018-07-08 13:45,8266
2018-07-08 13:50,8392
2018-07-08 13:55,8449
2018-07-08 14:00,8518
2018-07-08 14:05,8537
2018-07-08 14:10,8609
2018-07-08 14:15,8670
2018-07-08 14:20,8757
2018-07-08 14:25,8774
2018-07-08 14:30,8819
2018-07-08 14:35,8860
2018-07-08 14:40,8904
2018-07-08 14:45,8981
2018-07-08 14:50,9084
2018-07-08 14:55,9172
2018-07-08 15:00,9232
2018-07-08 15:05,9269
2018-07-08 15:10,9342
2018-07-08 15:15,9379
2018-07-08 15:20,9421
2018-07-08 15:25,9415
2018-07-08 15:30,9488
2018-07-08 15:35,9562
2018-07-08 15:40,9628
2018-07-08 15:45,9614
2018-07-08 15:50,9648
2018-07-08 15:55,9707
2018-07-08 16:00,9767
2018-07-08 16:05,9818
2018-07-08 16:10,9893
2018-07-08 16:15,9968
2018-07-08 16:20,9996
2018-07-08 16:25,10042
2018-07-08 16:30,10113
2018-07-08 16:35,10134
2018-07-08 16:40,10254
2018-07-08 16:45,10274
2018-07-08 16:50,10328
2018-07-08 16:55,10392
2018-07-08 17:00,10493
2018-07-08 17:05,10470
2018-07-08 17:10,10525
2018-07-08 17:15,10575
2018-07-08 17:20,10615
2018-07-08 17:25,10688
2018-07-08 17:30,10796
2018-07-08 17:35,10837
2018-07-08 17:40,10930
2018-07-08 17:45,10973
2018-07-08 17:50,10996
2018-07-08 17:55,11031
2018-07-08 18:00,11158
2018-07-08 18:05,11155
2018-07-08 18:10,11226
2018-07-08 18:15,11334
2018-07-08 18:20,11407
2018-07-08 18:25,11495
2018-07-08 18:30,11560
2018-07-08 18:35,11662
2018-07-08 18:40,11790
2018-07-08 18:45,11877
2018-07-08 18:50,11931
2018-07-08 18:55,11937
2018-07-08 19:00,11992
2018-07-08 19:05,12028
2018-07-08 19:10,12006
2018-07-08 19:15,11975
2018-07-08 19:20,12007
2018-07-08 19:25,12015
2018-07-08 19:30,12090
2018-07-08 19:35,12060
2018-07-08 19:40,12108
2018-07-08 19:45,12027
2018-07-08 19:50,10432
2018-07-08 19:55,7548
2018-07-08 20:00,7601
2018-07-08 20:05,8072
2018-07-08 20:10,8520
2018-07-08 20:15,8920
2018-07-08 20:20,9281
2018-07-08 20:25,9621
2018-07-08 20:30,9879
2018-07-08 20:35,10172
2018-07-08 20:40,10455
2018-07-08 20:45,10692
2018-07-08 20:50,10855
2018-07-08 20:55,10929
2018-07-08 21:00,10969
2018-07-08 21:05,11036
2018-07-08 21:10,11060
2018-07-08 21:15,11106
2018-07-08 21:20,11067
2018-07-08 21:25,11070
2018-07-08 21:30,11089
2018-07-08 21:35,11009
2018-07-08 21:40,10962
2018-07-08 21:45,10925
2018-07-08 21:50,10845
2018-07-08 21:55,10769
2018-07-08 22:00,10715
2018-07-08 22:05,10685
2018-07-08 22:10,10598
2018-07-08 22:15,10496
2018-07-08 22:20,10443
2018-07-08 22:25,10328
2018-07-08 22:30,10215
2018-07-08 22:35,10148
2018-07-08 22:40,10076
2018-07-08 22:45,10053
2018-07-08 22:50,9942
2018-07-08 22:55,9803
2018-07-08 23:00,9683
2018-07-08 23:05,9655
2018-07-08 23:10,9511
2018-07-08 23:15,9437
2018-07-08 23:20,9305
2018-07-08 23:25,9196
2018-07-08 23:30,9143
2018-07-08 23:35,9071
2018-07-08 23:40,8993
2018-07-08 23:45,0
2018-07-08 23:50,8879
2018-07-08 23:55,8798
2018-07-09 00:00,8764
2018-07-09 00:05,8681
2018-07-09 00:10,8633
2018-07-09 00:15,8599
2018-07-09 00:20,8544
2018-07-09 00:25,8480
2018-07-09 00:30,8447
2018-07-09 00:35,8415
2018-07-09 00:40,8395
2018-07-09 00:45,8340
2018-07-09 00:50,8307
2018-07-09 00:55,8291
2018-07-09 01:00,8296
2018-07-09 01:05,8322
2018-07-09 01:10,8309
2018-07-09 01:15,8262
2018-07-09 01:20,8161
2018-07-09 01:25,8145
2018-07-09 01:30,8125
2018-07-09 01:35,8123
2018-07-09 01:40,8125
2018-07-09 01:45,8138
2018-07-09 01:50,8127
2018-07-09 01:55,8102
2018-07-09 02:00,8088
2018-07-09 02:05,8044
2018-07-09 02:10,8054
2018-07-09 02:15,8007
2018-07-09 02:20,7962
2018-07-09 02:25,7957
2018-07-09 02:30,8005
2018-07-09 02:35,7965
2018-07-09 02:40,7919
2018-07-09 02:45,7893
2018-07-09 02:50,7860
2018-07-09 02:55,7731
2018-07-09 03:00,7609
2018-07-09 03:05,7561
2018-07-09 03:10,7470
2018-07-09 03:15,7413
2018-07-09 03:20,7306
2018-07-09 03:25,7223
2018-07-09 03:30,7198
2018-07-09 03:35,7149
2018-07-09 03:40,7137
2018-07-09 03:45,7069
2018-07-09 03:50,6970
2018-07-09 03:55,6934
2018-07-09 04:00,6887
2018-07-09 04:05,6821
2018-07-09 04:10,6789
2018-07-09 04:15,6734
2018-07-09 04:20,6664
2018-07-09 04:25,6573
2018-07-09 04:30,6472
2018-07-09 04:35,6419
2018-07-09 04:40,6366
2018-07-09 04:45,6314
2018-07-09 04:50,6287
2018-07-09 04:55,6147
2018-07-09 05:00,6048
2018-07-09 05:05,5944
2018-07-09 05:10,5873
2018-07-09 05:15,5812
2018-07-09 05:20,5675
2018-07-09 05:25,5584
2018-07-09 05:30,5495
2018-07-09 05:35,5414
2018-07-09 05:40,5275
2018-07-09 05:45,5201
2018-07-09 05:50,5107
2018-07-09 05:55,4742
2018-07-09 06:00,4120
2018-07-09 06:05,2989
2018-07-09 06:10,2675
2018-07-09 06:15,2855
2018-07-09 06:20,2975
2018-07-09 06:25,3077
2018-07-09 06:30,3170
2018-07-09 06:35,3275
2018-07-09 06:40,3361
2018-07-09 06:45,3434
2018-07-09 06:50,3504
2018-07-09 06:55,3528
2018-07-09 07:00,3599
2018-07-09 07:05,3658
2018-07-09 07:10,3647
2018-07-09 07:15,3706
2018-07-09 07:20,3714
2018-07-09 07:25,3721
2018-07-09 07:30,3755
2018-07-09 07:35,3812
2018-07-09 07:40,3830
2018-07-09 07:45,3865
2018-07-09 07:50,3881
2018-07-09 07:55,3913
2018-07-09 08:00,3919
2018-07-09 08:05,3917
2018-07-09 08:10,3992
2018-07-09 08:15,4029
2018-07-09 08:20,4021
2018-07-09 08:25,4057
2018-07-09 08:30,4062
2018-07-09 08:35,4086
2018-07-09 08:40,4085
2018-07-09 08:45,4119
2018-07-09 08:50,4135
2018-07-09 08:55,4128
2018-07-09 09:00,4141
2018-07-09 09:05,4157
2018-07-09 09:10,4253
2018-07-09 09:15,4312
2018-07-09 09:20,4367
2018-07-09 09:25,4408
2018-07-09 09:30,4469
2018-07-09 09:35,4491
2018-07-09 09:40,4465
2018-07-09 09:45,4471
2018-07-09 09:50,4486
2018-07-09 09:55,4536
2018-07-09 10:00,4536
2018-07-09 10:05,4531
2018-07-09 10:10,4543
2018-07-09 10:15,4519
2018-07-09 10:20,4448
2018-07-09 10:25,4369
2018-07-09 10:30,4354
2018-07-09 10:35,4135
2018-07-09 10:40,3174
2018-07-09 10:45,2546
2018-07-09 10:50,1931
2018-07-09 10:55,1506
2018-07-09 11:00,1328
2018-07-09 11:05,1222
2018-07-09 11:10,1212
2018-07-09 11:15,1218
2018-07-09 11:20,1209
2018-07-09 11:25,1268
2018-07-09 11:30,1286
2018-07-09 11:35,1322
2018-07-09 11:40,1335
2018-07-09 11:45,1364
2018-07-09 11:50,1383
2018-07-09 11:55,1376
2018-07-09 12:00,1355
2018-07-09 12:05,1322
2018-07-09 12:10,1395
2018-07-09 12:15,1410
2018-07-09 12:20,1432
2018-07-09 12:25,1463
2018-07-09 12:30,1484
2018-07-09 12:35,1412
2018-07-09 12:40,1416
2018-07-09 12:45,1675
2018-07-09 12:50,2155
2018-07-09 12:55,2768
2018-07-09 13:00,3393
2018-07-09 13:05,3965
2018-07-09 13:10,4490
2018-07-09 13:15,5017
2018-07-09 13:20,5470
2018-07-09 13:25,5853
2018-07-09 13:30,6189
2018-07-09 13:35,6536
2018-07-09 13:40,6821
2018-07-09 13:45,7096
2018-07-09 13:50,7302
2018-07-09 13:55,7537
2018-07-09 14:00,7726
2018-07-09 14:05,7901
2018-07-09 14:10,8129
2018-07-09 14:15,8192
2018-07-09 14:20,8394
2018-07-09 14:25,8523
2018-07-09 14:30,8625
2018-07-09 14:35,8719
2018-07-09 14:40,8789
2018-07-09 14:45,8870
2018-07-09 14:50,9001
2018-07-09 14:55,9073
2018-07-09 15:00,9118
2018-07-09 15:05,9168
2018-07-09 15:10,9264
2018-07-09 15:15,9296
2018-07-09 15:20,9377
2018-07-09 15:25,9429
2018-07-09 15:30,9457
2018-07-09 15:35,9512
2018-07-09 15:40,9566
2018-07-09 15:45,9656
2018-07-09 15:50,9724
2018-07-09 15:55,9737
2018-07-09 16:00,9835
2018-07-09 16:05,9893
2018-07-09 16:10,9978
2018-07-09 16:15,10051
2018-07-09 16:20,10073
2018-07-09 16:25,10121
2018-07-09 16:30,10202
2018-07-09 16:35,10293
2018-07-09 16:40,10345
2018-07-09 16:45,10416
2018-07-09 16:50,10507
2018-07-09 16:55,10607
2018-07-09 17:00,10654
2018-07-09 17:05,10670
2018-07-09 17:10,10674
2018-07-09 17:15,10714
2018-07-09 17:20,10772
2018-07-09 17:25,10902
2018-07-09 17:30,10544
2018-07-09 17:35,9130
2018-07-09 17:40,9337
2018-07-09 17:45,9539
2018-07-09 17:50,9770
2018-07-09 17:55,10067
2018-07-09 18:00,10283
2018-07-09 18:05,10468
2018-07-09 18:10,10654
2018-07-09 18:15,10848
2018-07-09 18:20,10998
2018-07-09 18:25,11168
2018-07-09 18:30,11272
2018-07-09 18:35,11431
2018-07-09 18:40,11599
2018-07-09 18:45,11759
2018-07-09 18:50,11859
2018-07-09 18:55,11914
2018-07-09 19:00,11557
2018-07-09 19:05,9216
2018-07-09 19:10,9302
2018-07-09 19:15,9606
2018-07-09 19:20,9921
2018-07-09 19:25,10313
2018-07-09 19:30,10647
2018-07-09 19:35,10894
2018-07-09 19:40,11136
2018-07-09 19:45,11363
2018-07-09 19:50,11520
2018-07-09 19:55,11701
2018-07-09 20:00,11740
2018-07-09 20:05,11763
2018-07-09 20:10,11957
2018-07-09 20:15,11997
2018-07-09 20:20,12066
2018-07-09 20:25,12094
2018-07-09 20:30,12101
2018-07-09 20:35,12068
2018-07-09 20:40,12013
2018-07-09 20:45,11972
2018-07-09 20:50,11925
2018-07-09 20:55,11966
2018-07-09 21:00,11999
2018-07-09 21:05,11937
2018-07-09 21:10,11844
2018-07-09 21:15,11754
2018-07-09 21:20,11693
2018-07-09 21:25,11664
2018-07-09 21:30,0
2018-07-09 21:35,11291
2018-07-09 21:40,11227
2018-07-09 21:45,11133
2018-07-09 21:50,11012
2018-07-09 21:55,10954
2018-07-09 22:00,10888
2018-07-09 22:05,10777
2018-07-09 22:10,10689
2018-07-09 22:15,10525
2018-07-09 22:20,10430
2018-07-09 22:25,10395
2018-07-09 22:30,10252
2018-07-09 22:35,10184
2018-07-09 22:40,10036
2018-07-09 22:45,10003
2018-07-09 22:50,9959
2018-07-09 22:55,9855
2018-07-09 23:00,9769
2018-07-09 23:05,9668
2018-07-09 23:10,9645
2018-07-09 23:15,9581
2018-07-09 23:20,9441
2018-07-09 23:25,9422
2018-07-09 23:30,9346
2018-07-09 23:35,9277
2018-07-09 23:40,9220
2018-07-09 23:45,9157
2018-07-09 23:50,9090
2018-07-09 23:55,9046
2018-07-10 00:00,9015
2018-07-10 00:05,8908
2018-07-10 00:10,8888
2018-07-10 00:15,8883
2018-07-10 00:20,8865
2018-07-10 00:25,8910
2018-07-10 00:30,8864
2018-07-10 00:35,8852
2018-07-10 00:40,8850
2018-07-10 00:45,8886
2018-07-10 00:50,8917
2018-07-10 00:55,8921
2018-07-10 01:00,8871
2018-07-10 01:05,8846
2018-07-10 01:10,8866
2018-07-10 01:15,8804
2018-07-10 01:20,8850
2018-07-10 01:25,8816
2018-07-10 01:30,8776
2018-07-10 01:35,8767
2018-07-10 01:40,8706
2018-07-10 01:45,8673
2018-07-10 01:50,8643
2018-07-10 01:55,8634
2018-07-10 02:00,8595
2018-07-10 02:05,8553
2018-07-10 02:10,8542
2018-07-10 02:15,8482
2018-07-10 02:20,8443
2018-07-10 02:25,8420
2018-07-10 02:30,8398
2018-07-10 02:35,8417
2018-07-10 02:40,8364
2018-07-10 02:45,8284
2018-07-10 02:50,8212
2018-07-10 02:55,8185
2018-07-10 03:00,8167
2018-07-10 03:05,8078
2018-07-10 03:10,7987
2018-07-10 03:15,7862
2018-07-10 03:20,7810
2018-07-10 03:25,7774
2018-07-10 03:30,7669
2018-07-10 03:35,7626
2018-07-10 03:40,7589
2018-07-10 03:45,7488
2018-07-10 03:50,7394
2018-07-10 03:55,7257
2018-07-10 04:00,7205
2018-07-10 04:05,7165
2018-07-10 04:10,7093
2018-07-10 04:15,7040
2018-07-10 04:20,6918
2018-07-10 04:25,6826
2018-07-10 04:30,6739
2018-07-10 04:35,6646
2018-07-10 04:40,6542
2018-07-10 04:45,6492
2018-07-10 04:50,6361
2018-07-10 04:55,6284
2018-07-10 05:00,6168
2018-07-10 05:05,6111
2018-07-10 05:10,5965
2018-07-10 05:15,5856
2018-07-10 05:20,5758
2018-07-10 05:25,5666
2018-07-10 05:30,5602
2018-07-10 05:35,5509
2018-07-10 05:40,5413
2018-07-10 05:45,5341
2018-07-10 05:50,5250
2018-07-10 05:55,5227
2018-07-10 06:00,5172
2018-07-10 06:05,5075
2018-07-10 06:10,5007
2018-07-10 06:15,4970
2018-07-10 06:20,4936
2018-07-10 06:25,4891
2018-07-10 06:30,4848
2018-07-10 06:35,4782
2018-07-10 06:40,4732
2018-07-10 06:45,4664
2018-07-10 06:50,4605
2018-07-10 06:55,4604
2018-07-10 07:00,4534
2018-07-10 07:05,4515
2018-07-10 07:10,4440
2018-07-10 07:15,4371
2018-07-10 07:20,4349
2018-07-10 07:25,4298
2018-07-10 07:30,4316
2018-07-10 07:35,4310
2018-07-10 07:40,4294
2018-07-10 07:45,4247
2018-07-10 07:50,4229
2018-07-10 07:55,4192
2018-07-10 08:00,4197
2018-07-10 08:05,4176
2018-07-10 08:10,4183
2018-07-10 08:15,4218
2018-07-10 08:20,4195
2018-07-10 08:25,4211
2018-07-10 08:30,4205
2018-07-10 08:35,4224
2018-07-10 08:40,4224
2018-07-10 08:45,4196
2018-07-10 08:50,4206
2018-07-10 08:55,4261
2018-07-10 09:00,4292
2018-07-10 09:05,4405
2018-07-10 09:10,4456
2018-07-10 09:15,4518
2018-07-10 09:20,4608
2018-07-10 09:25,4673
2018-07-10 09:30,4743
2018-07-10 09:35,4781
2018-07-10 09:40,4774
2018-07-10 09:45,4837
2018-07-10 09:50,4906
2018-07-10 09:55,4933
2018-07-10 10:00,4959
2018-07-10 10:05,4979
2018-07-10 10:10,5068
2018-07-10 10:15,5114
2018-07-10 10:20,5213
2018-07-10 10:25,5220
2018-07-10 10:30,5263
2018-07-10 10:35,5332
2018-07-10 10:40,5346
2018-07-10 10:45,5412
2018-07-10 10:50,5442
2018-07-10 10:55,5452
2018-07-10 11:00,5466
2018-07-10 11:05,5487
2018-07-10 11:10,5546
2018-07-10 11:15,5528
2018-07-10 11:20,5632
2018-07-10 11:25,5705
2018-07-10 11:30,5791
2018-07-10 11:35,5869
2018-07-10 11:40,5965
2018-07-10 11:45,6016
2018-07-10 11:50,6083
2018-07-10 11:55,6118
2018-07-10 12:00,6157
2018-07-10 12:05,6212
2018-07-10 12:10,6293
2018-07-10 12:15,6348
2018-07-10 12:20,6432
2018-07-10 12:25,6507
2018-07-10 12:30,6523
2018-07-10 12:35,6329
2018-07-10 12:40,6320
2018-07-10 12:45,6329
2018-07-10 12:50,6384
2018-07-10 12:55,5585
2018-07-10 13:00,4395
2018-07-10 13:05,3532
2018-07-10 13:10,2917
2018-07-10 13:15,2395
2018-07-10 13:20,2275
2018-07-10 13:25,2402
2018-07-10 13:30,2659
2018-07-10 13:35,3480
2018-07-10 13:40,4130
2018-07-10 13:45,4665
2018-07-10 13:50,5190
2018-07-10 13:55,5304
2018-07-10 14:00,5125
2018-07-10 14:05,3838
2018-07-10 14:10,3840
2018-07-10 14:15,4561
2018-07-10 14:20,5173
2018-07-10 14:25,5647
2018-07-10 14:30,6089
2018-07-10 14:35,6463
2018-07-10 14:40,6821
2018-07-10 14:45,7222
2018-07-10 14:50,7587
2018-07-10 14:55,7872
2018-07-10 15:00,8100
2018-07-10 15:05,8256
2018-07-10 15:10,8457
2018-07-10 15:15,8620
2018-07-10 15:20,8765
2018-07-10 15:25,8867
2018-07-10 15:30,8993
2018-07-10 15:35,9102
2018-07-10 15:40,9223
2018-07-10 15:45,9303
2018-07-10 15:50,9457
2018-07-10 15:55,9495
2018-07-10 16:00,9570
2018-07-10 16:05,9688
2018-07-10 16:10,9779
2018-07-10 16:15,9809
2018-07-10 16:20,9915
2018-07-10 16:25,10044
2018-07-10 16:30,9384
2018-07-10 16:35,6989
2018-07-10 16:40,6571
2018-07-10 16:45,7030
2018-07-10 16:50,7453
2018-07-10 16:55,7901
2018-07-10 17:00,8239
2018-07-10 17:05,8532
2018-07-10 17:10,8823
2018-07-10 17:15,9161
2018-07-10 17:20,9429
2018-07-10 17:25,9682
2018-07-10 17:30,9858
2018-07-10 17:35,10000
2018-07-10 17:40,10110
2018-07-10 17:45,10146
2018-07-10 17:50,10279
2018-07-10 17:55,10346
2018-07-10 18:00,10367
2018-07-10 18:05,10418
2018-07-10 18:10,10406
2018-07-10 18:15,10525
2018-07-10 18:20,10639
2018-07-10 18:25,10679
2018-07-10 18:30,10753
2018-07-10 18:35,10777
2018-07-10 18:40,10889
2018-07-10 18:45,10978
2018-07-10 18:50,11048
2018-07-10 18:55,11201
2018-07-10 19:00,11279
2018-07-10 19:05,11319
2018-07-10 19:10,11290
2018-07-10 19:15,11275
2018-07-10 19:20,11349
2018-07-10 19:25,11367
2018-07-10 19:30,11399
2018-07-10 19:35,11357
2018-07-10 19:40,11407
2018-07-10 19:45,11393
2018-07-10 19:50,11356
2018-07-10 19:55,11313
2018-07-10 20:00,11480
2018-07-10 20:05,11579
2018-07-10 20:10,11399
2018-07-10 20:15,11262
2018-07-10 20:20,8736
2018-07-10 20:25,11203
2018-07-10 20:30,11733
2018-07-10 20:35,11783
2018-07-10 20:40,11707
2018-07-10 20:45,11735
2018-07-10 20:50,11732
2018-07-10 20:55,11750
2018-07-10 21:00,11675
2018-07-10 21:05,11610
2018-07-10 21:10,11530
2018-07-10 21:15,11438
2018-07-10 21:20,11380
2018-07-10 21:25,11308
2018-07-10 21:30,11214
2018-07-10 21:35,11116
2018-07-10 21:40,11067
2018-07-10 21:45,10944
2018-07-10 21:50,10828
2018-07-10 21:55,10780
2018-07-10 22:00,10698
2018-07-10 22:05,10627
2018-07-10 22:10,10543
2018-07-10 22:15,10432
2018-07-10 22:20,10364
2018-07-10 22:25,10277
2018-07-10 22:30,10200
2018-07-10 22:35,10101
2018-07-10 22:40,10072
2018-07-10 22:45,10008
2018-07-10 22:50,9935
2018-07-10 22:55,9836
2018-07-10 23:00,9743
2018-07-10 23:05,9667
2018-07-10 23:10,9607
2018-07-10 23:15,
2018-07-10 23:20,
2018-07-10 23:25,9327
2018-07-10 23:30,9327
2018-07-10 23:35,9234
2018-07-10 23:40,9147
2018-07-10 23:45,9120
2018-07-10 23:50,9053
2018-07-10 23:55,9003
2018-07-11 00:00,8948
2018-07-11 00:05,8929
2018-07-11 00:10,8913
2018-07-11 00:15,8885
2018-07-11 00:20,8816
2018-07-11 00:25,8821
2018-07-11 00:30,8795
2018-07-11 00:35,8829
2018-07-11 00:40,8803
2018-07-11 00:45,8796
2018-07-11 00:50,8787
2018-07-11 00:55,8799
2018-07-11 01:00,8826
2018-07-11 01:05,8899
2018-07-11 01:10,8865
2018-07-11 01:15,
2018-07-11 01:20,
2018-07-11 01:25,
2018-07-11 01:30,8766
2018-07-11 01:35,8776
2018-07-11 01:40,8750
2018-07-11 01:45,8785
2018-07-11 01:50,8742
2018-07-11 01:55,8707
2018-07-11 02:00,8680
2018-07-11 02:05,8642
2018-07-11 02:10,8609
2018-07-11 02:15,8538
2018-07-11 02:20,8418
2018-07-11 02:25,8432
2018-07-11 02:30,8374
2018-07-11 02:35,8352
2018-07-11 02:40,8350
2018-07-11 02:45,8256
2018-07-11 02:50,8189
2018-07-11 02:55,8131
2018-07-11 03:00,7980
2018-07-11 03:05,7930
2018-07-11 03:10,7926
2018-07-11 03:15,7826
2018-07-11 03:20,7771
2018-07-11 03:25,7693
2018-07-11 03:30,7615
2018-07-11 03:35,7569
2018-07-11 03:40,7514
2018-07-11 03:45,7502
2018-07-11 03:50,7451
2018-07-11 03:55,7263
2018-07-11 04:00,7178
2018-07-11 04:05,7116
2018-07-11 04:10,7019
2018-07-11 04:15,7002
2018-07-11 04:20,6910
2018-07-11 04:25,6859
2018-07-11 04:30,6754
2018-07-11 04:35,6590
2018-07-11 04:40,6506
2018-07-11 04:45,6441
2018-07-11 04:50,6371
2018-07-11 04:55,6225
2018-07-11 05:00,6145
2018-07-11 05:05,6034
2018-07-11 05:10,5951
2018-07-11 05:15,5876
2018-07-11 05:20,5784
2018-07-11 05:25,5695
2018-07-11 05:30,5581
2018-07-11 05:35,5525
2018-07-11 05:40,5481
2018-07-11 05:45,5408
2018-07-11 05:50,5331
2018-07-11 05:55,5234
2018-07-11 06:00,5176
2018-07-11 06:05,5083
2018-07-11 06:10,5013
2018-07-11 06:15,4946
2018-07-11 06:20,4884
2018-07-11 06:25,4822
2018-07-11 06:30,4767
2018-07-11 06:35,4705
2018-07-11 06:40,4659
2018-07-11 06:45,4593
2018-07-11 06:50,4511
2018-07-11 06:55,4473
2018-07-11 07:00,4440
2018-07-11 07:05,4349
2018-07-11 07:10,4301
2018-07-11 07:15,4275
2018-07-11 07:20,4248
2018-07-11 07:25,4202
2018-07-11 07:30,4173
2018-07-11 07:35,4130
2018-07-11 07:40,4160
2018-07-11 07:45,4146
2018-07-11 07:50,4167
2018-07-11 07:55,4154
2018-07-11 08:00,4090
2018-07-11 08:05,4147
2018-07-11 08:10,4166
2018-07-11 08:15,4175
2018-07-11 08:20,4177
2018-07-11 08:25,4158
2018-07-11 08:30,4206
2018-07-11 08:35,4217
2018-07-11 08:40,4234
2018-07-11 08:45,4306
2018-07-11 08:50,4365
2018-07-11 08:55,4372
2018-07-11 09:00,4346
2018-07-11 09:05,4495
2018-07-11 09:10,4527
2018-07-11 09:15,4554
2018-07-11 09:20,4589
2018-07-11 09:25,4666
2018-07-11 09:30,4667
2018-07-11 09:35,4691
2018-07-11 09:40,4779
2018-07-11 09:45,4792
2018-07-11 09:50,4821
2018-07-11 09:55,4912
2018-07-11 10:00,4942
2018-07-11 10:05,4991
2018-07-11 10:10,5007
2018-07-11 10:15,5068
2018-07-11 10:20,5117
2018-07-11 10:25,5173
2018-07-11 10:30,5229
2018-07-11 10:35,5282
2018-07-11 10:40,5348
2018-07-11 10:45,5368
2018-07-11 10:50,5445
2018-07-11 10:55,5405
2018-07-11 11:00,5474
2018-07-11 11:05,5488
2018-07-11 11:10,5491
2018-07-11 11:15,5473
2018-07-11 11:20,5572
2018-07-11 11:25,5619
2018-07-11 11:30,5633
2018-07-11 11:35,5724
2018-07-11 11:40,5760
2018-07-11 11:45,5855
2018-07-11 11:50,5900
2018-07-11 11:55,5936
2018-07-11 12:00,5953
2018-07-11 12:05,5927
2018-07-11 12:10,6021
2018-07-11 12:15,6075
2018-07-11 12:20,6145
2018-07-11 12:25,6189
2018-07-11 12:30,6268
2018-07-11 12:35,6348
2018-07-11 12:40,6416
2018-07-11 12:45,6511
2018-07-11 12:50,6496
2018-07-11 12:55,6545
2018-07-11 13:00,6541
2018-07-11 13:05,6657
2018-07-11 13:10,6733
2018-07-11 13:15,6777
2018-07-11 13:20,6943
2018-07-11 13:25,6991
2018-07-11 13:30,7098
2018-07-11 13:35,7191
2018-07-11 13:40,7189
2018-07-11 13:45,7250
2018-07-11 13:50,7319
2018-07-11 13:55,7347
2018-07-11 14:00,7383
2018-07-11 14:05,7440
2018-07-11 14:10,7499
2018-07-11 14:15,7558
2018-07-11 14:20,7617
2018-07-11 14:25,7720
2018-07-11 14:30,7859
2018-07-11 14:35,7919
2018-07-11 14:40,7977
2018-07-11 14:45,8057
2018-07-11 14:50,8102
2018-07-11 14:55,8165
2018-07-11 15:00,8236
2018-07-11 15:05,8249
2018-07-11 15:10,8285
2018-07-11 15:15,8381
2018-07-11 15:20,8456
2018-07-11 15:25,8523
2018-07-11 15:30,8573
2018-07-11 15:35,8613
2018-07-11 15:40,8667
2018-07-11 15:45,8744
2018-07-11 15:50,8783
2018-07-11 15:55,8853
2018-07-11 16:00,8888
2018-07-11 16:05,9022
2018-07-11 16:10,9132
2018-07-11 16:15,9233
2018-07-11 16:20,9288
2018-07-11 16:25,9352
2018-07-11 16:30,9387
2018-07-11 16:35,9504
2018-07-11 16:40,9543
2018-07-11 16:45,9659
2018-07-11 16:50,9755
2018-07-11 16:55,9778
2018-07-11 17:00,9838
2018-07-11 17:05,9874
2018-07-11 17:10,9874
2018-07-11 17:15,9935
2018-07-11 17:20,10052
2018-07-11 17:25,10092
2018-07-11 17:30,10129
2018-07-11 17:35,10158
2018-07-11 17:40,10236
2018-07-11 17:45,10340
2018-07-11 17:50,10302
2018-07-11 17:55,10235
2018-07-11 18:00,10223
2018-07-11 18:05,10301
2018-07-11 18:10,10228
2018-07-11 18:15,10228
2018-07-11 18:20,10298
2018-07-11 18:25,10298
2018-07-11 18:30,10447
2018-07-11 18:35,10474
2018-07-11 18:40,10586
2018-07-11 18:45,10706
2018-07-11 18:50,10795
2018-07-11 18:55,10892
2018-07-11 19:00,10922
2018-07-11 19:05,10907
2018-07-11 19:10,10907
2018-07-11 19:15,10939
2018-07-11 19:20,11001
2018-07-11 19:25,10968
2018-07-11 19:30,10935
2018-07-11 19:35,10903
2018-07-11 19:40,10891
2018-07-11 19:45,10926
2018-07-11 19:50,10871
2018-07-11 19:55,10871
2018-07-11 20:00,10890
2018-07-11 20:05,10861
2018-07-11 20:10,10817
2018-07-11 20:15,10817
2018-07-11 20:20,10667
2018-07-11 20:25,10640
2018-07-11 20:30,10548
2018-07-11 20:35,10508
2018-07-11 20:40,10391
2018-07-11 20:45,10377
2018-07-11 20:50,10724
2018-07-11 20:55,10779
2018-07-11 21:00,10797
2018-07-11 21:05,10856
2018-07-11 21:10,10856
2018-07-11 21:15,10761
2018-07-11 21:20,10794
2018-07-11 21:25,10794
2018-07-11 21:30,10788
2018-07-11 21:35,10746
2018-07-11 21:40,10693
2018-07-11 21:45,10693
2018-07-11 21:50,10555
2018-07-11 21:55,0
2018-07-11 22:00,10480
2018-07-11 22:05,10295
2018-07-11 22:10,10219
2018-07-11 22:15,10144
2018-07-11 22:20,10035
2018-07-11 22:25,9956
2018-07-11 22:30,9835
2018-07-11 22:35,9786
2018-07-11 22:40,9638
2018-07-11 22:45,9684
2018-07-11 22:50,9569
2018-07-11 22:55,9479
2018-07-11 23:00,9478
2018-07-11 23:05,9447
2018-07-11 23:10,9352
2018-07-11 23:15,9232
2018-07-11 23:20,9135
2018-07-11 23:25,9096
2018-07-11 23:30,9049
2018-07-11 23:35,8960
2018-07-11 23:40,8928
2018-07-11 23:45,8922
2018-07-11 23:50,8928
2018-07-11 23:55,8868
2018-07-12 00:00,8849
2018-07-12 00:05,8801
2018-07-12 00:10,8796
2018-07-12 00:15,8751
2018-07-12 00:20,8715
2018-07-12 00:25,8627
2018-07-12 00:30,8638
2018-07-12 00:35,8629
2018-07-12 00:40,8600
2018-07-12 00:45,0
2018-07-12 00:50,8617
2018-07-12 00:55,8574
2018-07-12 01:00,8598
2018-07-12 01:05,8612
2018-07-12 01:10,8558
2018-07-12 01:15,8605
2018-07-12 01:20,8583
2018-07-12 01:25,8587
2018-07-12 01:30,8532
2018-07-12 01:35,8492
2018-07-12 01:40,8462
2018-07-12 01:45,8417
2018-07-12 01:50,8457
2018-07-12 01:55,8495
2018-07-12 02:00,8483
2018-07-12 02:05,8497
2018-07-12 02:10,8456
2018-07-12 02:15,8459
2018-07-12 02:20,8419
2018-07-12 02:25,8386
2018-07-12 02:30,8343
2018-07-12 02:35,8316
2018-07-12 02:40,8287
2018-07-12 02:45,8270
2018-07-12 02:50,8238
2018-07-12 02:55,8180
2018-07-12 03:00,8112
2018-07-12 03:05,8002
2018-07-12 03:10,7994
2018-07-12 03:15,7881
2018-07-12 03:20,7863
2018-07-12 03:25,7784
2018-07-12 03:30,7666
2018-07-12 03:35,7595
2018-07-12 03:40,7556
2018-07-12 03:45,7488
2018-07-12 03:50,7371
2018-07-12 03:55,7290
2018-07-12 04:00,7224
2018-07-12 04:05,7104
2018-07-12 04:10,7002
2018-07-12 04:15,6910
2018-07-12 04:20,6838
2018-07-12 04:25,6765
2018-07-12 04:30,6743
2018-07-12 04:35,6633
2018-07-12 04:40,6515
2018-07-12 04:45,6452
2018-07-12 04:50,6332
2018-07-12 04:55,6280
2018-07-12 05:00,6166
2018-07-12 05:05,6066
2018-07-12 05:10,5976
2018-07-12 05:15,5871
2018-07-12 05:20,5789
2018-07-12 05:25,5727
2018-07-12 05:30,5657
2018-07-12 05:35,5552
2018-07-12 05:40,5506
2018-07-12 05:45,5425
2018-07-12 05:50,5347
2018-07-12 05:55,5260
2018-07-12 06:00,5210
2018-07-12 06:05,5152
2018-07-12 06:10,5092
2018-07-12 06:15,5008
2018-07-12 06:20,4915
2018-07-12 06:25,4879
2018-07-12 06:30,4829
2018-07-12 06:35,4759
2018-07-12 06:40,4669
2018-07-12 06:45,4595
2018-07-12 06:50,4554
2018-07-12 06:55,4517
2018-07-12 07:00,4427
2018-07-12 07:05,4370
2018-07-12 07:10,4328
2018-07-12 07:15,4273
2018-07-12 07:20,4225
2018-07-12 07:25,4187
2018-07-12 07:30,4163
2018-07-12 07:35,4141
2018-07-12 07:40,4113
2018-07-12 07:45,4085
2018-07-12 07:50,4097
2018-07-12 07:55,4105
2018-07-12 08:00,4094
2018-07-12 08:05,4094
2018-07-12 08:10,4095
2018-07-12 08:15,4122
2018-07-12 08:20,4160
2018-07-12 08:25,4159
2018-07-12 08:30,4154
2018-07-12 08:35,4111
2018-07-12 08:40,4083
2018-07-12 08:45,4093
2018-07-12 08:50,4110
2018-07-12 08:55,4131
2018-07-12 09:00,4169
2018-07-12 09:05,4286
2018-07-12 09:10,4320
2018-07-12 09:15,4367
2018-07-12 09:20,4394
2018-07-12 09:25,4473
2018-07-12 09:30,4495
2018-07-12 09:35,4468
2018-07-12 09:40,4526
2018-07-12 09:45,4483
2018-07-12 09:50,4501
2018-07-12 09:55,4511
2018-07-12 10:00,4517
2018-07-12 10:05,4438
2018-07-12 10:10,4428
2018-07-12 10:15,4436
2018-07-12 10:20,4292
2018-07-12 10:25,4262
2018-07-12 10:30,4262
2018-07-12 10:35,3455
2018-07-12 10:40,2714
2018-07-12 10:45,2138
2018-07-12 10:50,1691
2018-07-12 10:55,1437
2018-07-12 11:00,1330
2018-07-12 11:05,1249
2018-07-12 11:10,1233
2018-07-12 11:15,1236
2018-07-12 11:20,1272
2018-07-12 11:25,1267
2018-07-12 11:30,1289
2018-07-12 11:35,1306
2018-07-12 11:40,1330
2018-07-12 11:45,1339
2018-07-12 11:50,1368
2018-07-12 11:55,1388
2018-07-12 12:00,1395
2018-07-12 12:05,1869
2018-07-12 12:10,1886
2018-07-12 12:15,1898
2018-07-12 12:20,2153
2018-07-12 12:25,2593
2018-07-12 12:30,3181
2018-07-12 12:35,3673
2018-07-12 12:40,4137
2018-07-12 12:45,4545
2018-07-12 12:50,4879
2018-07-12 12:55,5203
2018-07-12 13:00,5465
2018-07-12 13:05,5646
2018-07-12 13:10,5878
2018-07-12 13:15,6071
2018-07-12 13:20,6291
2018-07-12 13:25,6447
2018-07-12 13:30,6650
2018-07-12 13:35,6820
2018-07-12 13:40,6902
2018-07-12 13:45,6954
2018-07-12 13:50,7090
2018-07-12 13:55,7189
2018-07-12 14:00,7286
2018-07-12 14:05,7431
2018-07-12 14:10,7469
2018-07-12 14:15,7570
2018-07-12 14:20,7690
2018-07-12 14:25,7738
2018-07-12 14:30,7795
2018-07-12 14:35,7884
2018-07-12 14:40,7925
2018-07-12 14:45,7986
2018-07-12 14:50,8032
2018-07-12 14:55,8025
2018-07-12 15:00,8060
2018-07-12 15:05,8083
2018-07-12 15:10,8138
2018-07-12 15:15,8166
2018-07-12 15:20,8185
2018-07-12 15:25,8239
2018-07-12 15:30,8337
2018-07-12 15:35,8386
2018-07-12 15:40,8437
2018-07-12 15:45,8472
2018-07-12 15:50,8457
2018-07-12 15:55,8592
2018-07-12 16:00,8635
2018-07-12 16:05,8712
2018-07-12 16:10,8743
2018-07-12 16:15,8778
2018-07-12 16:20,8869
2018-07-12 16:25,8974
2018-07-12 16:30,9061
2018-07-12 16:35,9149
2018-07-12 16:40,9252
2018-07-12 16:45,9284
2018-07-12 16:50,9350
2018-07-12 16:55,9451
2018-07-12 17:00,9517
2018-07-12 17:05,9602
2018-07-12 17:10,9648
2018-07-12 17:15,9770
2018-07-12 17:20,9848
2018-07-12 17:25,9927
2018-07-12 17:30,9981
2018-07-12 17:35,10084
2018-07-12 17:40,10101
2018-07-12 17:45,10166
2018-07-12 17:50,10190
2018-07-12 17:55,10238
2018-07-12 18:00,10182
2018-07-12 18:05,10290
2018-07-12 18:10,10409
2018-07-12 18:15,10511
2018-07-12 18:20,10599
2018-07-12 18:25,10686
2018-07-12 18:30,10728
2018-07-12 18:35,10850
2018-07-12 18:40,10976
2018-07-12 18:45,11070
2018-07-12 18:50,11128
2018-07-12 18:55,11190
2018-07-12 19:00,11256
2018-07-12 19:05,11310
2018-07-12 19:10,11353
2018-07-12 19:15,11262
2018-07-12 19:20,11266
2018-07-12 19:25,11291
2018-07-12 19:30,11306
2018-07-12 19:35,11270
2018-07-12 19:40,11301
2018-07-12 19:45,11350
2018-07-12 19:50,11324
2018-07-12 19:55,11395
2018-07-12 20:00,11351
2018-07-12 20:05,11242
2018-07-12 20:10,11216
2018-07-12 20:15,11138
2018-07-12 20:20,11102
2018-07-12 20:25,11127
2018-07-12 20:30,11048
2018-07-12 20:35,11058
2018-07-12 20:40,11116
2018-07-12 20:45,11079
2018-07-12 20:50,11047
2018-07-12 20:55,10942
2018-07-12 21:00,10903
2018-07-12 21:05,10903
2018-07-12 21:10,10836
2018-07-12 21:15,10787
2018-07-12 21:20,10723
2018-07-12 21:25,10630
2018-07-12 21:30,10524
2018-07-12 21:35,10454
2018-07-12 21:40,10396
2018-07-12 21:45,10303
2018-07-12 21:50,10231
2018-07-12 21:55,10065
2018-07-12 22:00,10017
2018-07-12 22:05,9892
2018-07-12 22:10,9832
2018-07-12 22:15,9759
2018-07-12 22:20,9674
2018-07-12 22:25,9621
2018-07-12 22:30,9538
2018-07-12 22:35,9424
2018-07-12 22:40,9426
2018-07-12 22:45,9329
2018-07-12 22:50,9241
2018-07-12 22:55,9240
2018-07-12 23:00,9204
2018-07-12 23:05,9101
2018-07-12 23:10,9015
2018-07-12 23:15,8925
2018-07-12 23:20,8843
2018-07-12 23:25,8811
2018-07-12 23:30,8838
2018-07-12 23:35,8856
2018-07-12 23:40,8776
2018-07-12 23:45,
2018-07-12 23:50,
2018-07-12 23:55,
2018-07-13 00:00,8620
2018-07-13 00:05,8611
2018-07-13 00:10,8564
2018-07-13 00:15,8527
2018-07-13 00:20,8491
2018-07-13 00:25,8435
2018-07-13 00:30,8325
2018-07-13 00:35,8310
2018-07-13 00:40,8410
2018-07-13 00:45,8430
2018-07-13 00:50,
2018-07-13 00:55,8482
2018-07-13 01:00,
2018-07-13 01:05,
2018-07-13 01:10,
2018-07-13 01:15,8543
2018-07-13 01:20,
2018-07-13 01:25,8567
2018-07-13 01:30,
2018-07-13 01:35,
2018-07-13 01:40,
2018-07-13 01:45,8604
2018-07-13 01:50,8583
2018-07-13 01:55,8583
2018-07-13 02:00,8563
2018-07-13 02:05,8506
2018-07-13 02:10,8485
2018-07-13 02:15,8453
2018-07-13 02:20,8410
2018-07-13 02:25,8379
2018-07-13 02:30,8301
2018-07-13 02:35,8242
2018-07-13 02:40,8159
2018-07-13 02:45,8075
2018-07-13 02:50,7967
2018-07-13 02:55,7919
2018-07-13 03:00,7867
2018-07-13 03:05,7796
2018-07-13 03:10,7757
2018-07-13 03:15,7671
2018-07-13 03:20,7611
2018-07-13 03:25,7461
2018-07-13 03:30,7388
2018-07-13 03:35,7242
2018-07-13 03:40,7183
2018-07-13 03:45,7120
2018-07-13 03:50,7027
2018-07-13 03:55,6966
2018-07-13 04:00,6871
2018-07-13 04:05,6811
2018-07-13 04:10,6725
2018-07-13 04:15,6611
2018-07-13 04:20,6570
2018-07-13 04:25,6511
2018-07-13 04:30,6408
2018-07-13 04:35,6337
2018-07-13 04:40,6233
2018-07-13 04:45,6167
2018-07-13 04:50,6071
2018-07-13 04:55,6045
2018-07-13 05:00,5967
2018-07-13 05:05,5913
2018-07-13 05:10,5775
2018-07-13 05:15,5675
2018-07-13 05:20,5571
2018-07-13 05:25,5518
2018-07-13 05:30,5454
2018-07-13 05:35,5375
2018-07-13 05:40,5307
2018-07-13 05:45,5240
2018-07-13 05:50,5233
2018-07-13 05:55,5189
2018-07-13 06:00,5130
2018-07-13 06:05,5076
2018-07-13 06:10,5012
2018-07-13 06:15,4975
2018-07-13 06:20,4900
2018-07-13 06:25,4852
2018-07-13 06:30,4779
2018-07-13 06:35,4704
2018-07-13 06:40,4652
2018-07-13 06:45,4586
2018-07-13 06:50,4546
2018-07-13 06:55,4505
2018-07-13 07:00,4472
2018-07-13 07:05,4419
2018-07-13 07:10,4386
2018-07-13 07:15,4359
2018-07-13 07:20,4286
2018-07-13 07:25,4263
2018-07-13 07:30,4238
2018-07-13 07:35,4200
2018-07-13 07:40,4169
2018-07-13 07:45,4165
2018-07-13 07:50,4169
2018-07-13 07:55,4129
2018-07-13 08:00,4081
2018-07-13 08:05,4092
2018-07-13 08:10,4118
2018-07-13 08:15,4148
2018-07-13 08:20,4153
2018-07-13 08:25,4164
2018-07-13 08:30,4129
2018-07-13 08:35,4152
2018-07-13 08:40,4125
2018-07-13 08:45,4169
2018-07-13 08:50,4192
2018-07-13 08:55,4200
2018-07-13 09:00,4199
2018-07-13 09:05,4321
2018-07-13 09:10,4410
2018-07-13 09:15,4534
2018-07-13 09:20,4580
2018-07-13 09:25,4605
2018-07-13 09:30,4643
2018-07-13 09:35,4725
2018-07-13 09:40,4714
2018-07-13 09:45,4831
2018-07-13 09:50,4851
2018-07-13 09:55,4879
2018-07-13 10:00,4906
2018-07-13 10:05,4934
2018-07-13 10:10,4952
2018-07-13 10:15,5059
2018-07-13 10:20,5080
2018-07-13 10:25,5089
2018-07-13 10:30,5090
2018-07-13 10:35,5168
2018-07-13 10:40,5199
2018-07-13 10:45,5245
2018-07-13 10:50,5270
2018-07-13 10:55,5336
2018-07-13 11:00,5390
2018-07-13 11:05,5391
2018-07-13 11:10,5398
2018-07-13 11:15,5460
2018-07-13 11:20,5513
2018-07-13 11:25,5577
2018-07-13 11:30,5631
2018-07-13 11:35,5679
2018-07-13 11:40,5717
2018-07-13 11:45,5730
2018-07-13 11:50,5806
2018-07-13 11:55,5878
2018-07-13 12:00,5924
2018-07-13 12:05,6019
2018-07-13 12:10,6054
2018-07-13 12:15,6078
2018-07-13 12:20,6176
2018-07-13 12:25,6183
2018-07-13 12:30,6210
2018-07-13 12:35,6262
2018-07-13 12:40,6344
2018-07-13 12:45,6382
2018-07-13 12:50,6463
2018-07-13 12:55,6521
2018-07-13 13:00,6610
2018-07-13 13:05,6647
2018-07-13 13:10,6714
2018-07-13 13:15,6755
2018-07-13 13:20,6854
2018-07-13 13:25,6899
2018-07-13 13:30,6974
2018-07-13 13:35,7064
2018-07-13 13:40,7174
2018-07-13 13:45,7288
2018-07-13 13:50,7357
2018-07-13 13:55,7336
2018-07-13 14:00,7442
2018-07-13 14:05,7546
2018-07-13 14:10,7599
2018-07-13 14:15,7689
2018-07-13 14:20,7737
2018-07-13 14:25,7796
2018-07-13 14:30,7851
2018-07-13 14:35,7912
2018-07-13 14:40,7962
2018-07-13 14:45,8099
2018-07-13 14:50,8145
2018-07-13 14:55,8131
2018-07-13 15:00,8134
2018-07-13 15:05,8141
2018-07-13 15:10,8216
2018-07-13 15:15,8316
2018-07-13 15:20,8403
2018-07-13 15:25,8497
2018-07-13 15:30,8435
2018-07-13 15:35,8532
2018-07-13 15:40,8540
2018-07-13 15:45,8557
2018-07-13 15:50,8687
2018-07-13 15:55,8719
2018-07-13 16:00,8776
2018-07-13 16:05,8791
2018-07-13 16:10,8779
2018-07-13 16:15,8872
2018-07-13 16:20,8924
2018-07-13 16:25,8991
2018-07-13 16:30,9024
2018-07-13 16:35,9096
2018-07-13 16:40,9199
2018-07-13 16:45,9202
2018-07-13 16:50,9223
2018-07-13 16:55,9331
2018-07-13 17:00,9397
2018-07-13 17:05,9465
2018-07-13 17:10,9609
2018-07-13 17:15,9687
2018-07-13 17:20,9777
2018-07-13 17:25,9842
2018-07-13 17:30,9889
2018-07-13 17:35,9984
2018-07-13 17:40,10092
2018-07-13 17:45,10158
2018-07-13 17:50,10271
2018-07-13 17:55,10344
2018-07-13 18:00,10352
2018-07-13 18:05,10456
2018-07-13 18:10,10547
2018-07-13 18:15,10606
2018-07-13 18:20,10685
2018-07-13 18:25,10781
2018-07-13 18:30,10854
2018-07-13 18:35,10860
2018-07-13 18:40,10944
2018-07-13 18:45,11035
2018-07-13 18:50,11081
2018-07-13 18:55,11117
2018-07-13 19:00,11131
2018-07-13 19:05,11175
2018-07-13 19:10,11266
2018-07-13 19:15,11262
2018-07-13 19:20,11297
2018-07-13 19:25,11319
2018-07-13 19:30,11375
2018-07-13 19:35,11437
2018-07-13 19:40,11457
2018-07-13 19:45,11499
2018-07-13 19:50,11549
2018-07-13 19:55,11562
2018-07-13 20:00,11554
2018-07-13 20:05,11523
2018-07-13 20:10,11547
2018-07-13 20:15,11523
2018-07-13 20:20,11477
2018-07-13 20:25,11476
2018-07-13 20:30,11456
2018-07-13 20:35,11478
2018-07-13 20:40,11490
2018-07-13 20:45,11486
2018-07-13 20:50,11511
2018-07-13 20:55,11518
2018-07-13 21:00,11477
2018-07-13 21:05,11385
2018-07-13 21:10,11323
2018-07-13 21:15,11334
2018-07-13 21:20,11306
2018-07-13 21:25,11254
2018-07-13 21:30,11207
2018-07-13 21:35,11123
2018-07-13 21:40,11098
2018-07-13 21:45,11045
2018-07-13 21:50,10994
2018-07-13 21:55,10877
2018-07-13 22:00,10824
2018-07-13 22:05,10713
2018-07-13 22:10,10683
2018-07-13 22:15,10582
2018-07-13 22:20,10480
2018-07-13 22:25,10371
2018-07-13 22:30,10295
2018-07-13 22:35,10202
2018-07-13 22:40,10105
2018-07-13 22:45,10011
2018-07-13 22:50,
2018-07-13 22:55,
2018-07-13 23:00,9652
2018-07-13 23:05,9622
2018-07-13 23:10,9565
2018-07-13 23:15,9462
2018-07-13 23:20,9375
2018-07-13 23:25,9296
2018-07-13 23:30,9257
2018-07-13 23:35,9244
2018-07-13 23:40,9200
2018-07-13 23:45,9152
2018-07-13 23:50,9080
2018-07-13 23:55,9012
2018-07-14 00:00,9009
2018-07-14 00:05,8920
2018-07-14 00:10,8817
2018-07-14 00:15,8743
2018-07-14 00:20,8693
2018-07-14 00:25,8642
2018-07-14 00:30,8624
2018-07-14 00:35,8592
2018-07-14 00:40,0
2018-07-14 00:45,8625
2018-07-14 00:50,8537
2018-07-14 00:55,8517
2018-07-14 01:00,8490
2018-07-14 01:05,8479
2018-07-14 01:10,8406
2018-07-14 01:15,8393
2018-07-14 01:20,8387
2018-07-14 01:25,8363
2018-07-14 01:30,8347
2018-07-14 01:35,8333
2018-07-14 01:40,8332
2018-07-14 01:45,8341
2018-07-14 01:50,8317
2018-07-14 01:55,8365
2018-07-14 02:00,8339
2018-07-14 02:05,8330
2018-07-14 02:10,8336
2018-07-14 02:15,8313
2018-07-14 02:20,8321
2018-07-14 02:25,8299
2018-07-14 02:30,8294
2018-07-14 02:35,8339
2018-07-14 02:40,8314
2018-07-14 02:45,8320
2018-07-14 02:50,8342
2018-07-14 02:55,8352
2018-07-14 03:00,8284
2018-07-14 03:05,8249
2018-07-14 03:10,8254
2018-07-14 03:15,8262
2018-07-14 03:20,8213
2018-07-14 03:25,8195
2018-07-14 03:30,8161
2018-07-14 03:35,8130
2018-07-14 03:40,8036
2018-07-14 03:45,8001
2018-07-14 03:50,7932
2018-07-14 03:55,7906
2018-07-14 04:00,7873
2018-07-14 04:05,7800
2018-07-14 04:10,7781
2018-07-14 04:15,7699
2018-07-14 04:20,7636
2018-07-14 04:25,7547
2018-07-14 04:30,7508
2018-07-14 04:35,7422
2018-07-14 04:40,7343
2018-07-14 04:45,7223
2018-07-14 04:50,7156
2018-07-14 04:55,7024
2018-07-14 05:00,6906
2018-07-14 05:05,6823
2018-07-14 05:10,6728
2018-07-14 05:15,6656
2018-07-14 05:20,6526
2018-07-14 05:25,6467
2018-07-14 05:30,6387
2018-07-14 05:35,6273
2018-07-14 05:40,6208
2018-07-14 05:45,6106
2018-07-14 05:50,6049
2018-07-14 05:55,5968
2018-07-14 06:00,5954
2018-07-14 06:05,5883
2018-07-14 06:10,5755
2018-07-14 06:15,5686
2018-07-14 06:20,5640
2018-07-14 06:25,5569
2018-07-14 06:30,5510
2018-07-14 06:35,5443
2018-07-14 06:40,5378
2018-07-14 06:45,5316
2018-07-14 06:50,5304
2018-07-14 06:55,5261
2018-07-14 07:00,5157
2018-07-14 07:05,5126
2018-07-14 07:10,5078
2018-07-14 07:15,5011
2018-07-14 07:20,4982
2018-07-14 07:25,4934
2018-07-14 07:30,4927
2018-07-14 07:35,4904
2018-07-14 07:40,4855
2018-07-14 07:45,4800
2018-07-14 07:50,4752
2018-07-14 07:55,4653
2018-07-14 08:00,4651
2018-07-14 08:05,4617
2018-07-14 08:10,4616
2018-07-14 08:15,4614
2018-07-14 08:20,4609
2018-07-14 08:25,4646
2018-07-14 08:30,4684
2018-07-14 08:35,4697
2018-07-14 08:40,4726
2018-07-14 08:45,4740
2018-07-14 08:50,4737
2018-07-14 08:55,4757
2018-07-14 09:00,4734
2018-07-14 09:05,4823
2018-07-14 09:10,4876
2018-07-14 09:15,4935
2018-07-14 09:20,4996
2018-07-14 09:25,5073
2018-07-14 09:30,5096
2018-07-14 09:35,5139
2018-07-14 09:40,5168
2018-07-14 09:45,5237
2018-07-14 09:50,5272
2018-07-14 09:55,5327
2018-07-14 10:00,5354
2018-07-14 10:05,5379
2018-07-14 10:10,5486
2018-07-14 10:15,5536
2018-07-14 10:20,5568
2018-07-14 10:25,5626
2018-07-14 10:30,5649
2018-07-14 10:35,5710
2018-07-14 10:40,5771
2018-07-14 10:45,5787
2018-07-14 10:50,5836
2018-07-14 10:55,5875
2018-07-14 11:00,5935
2018-07-14 11:05,5914
2018-07-14 11:10,5971
2018-07-14 11:15,6016
2018-07-14 11:20,6045
2018-07-14 11:25,6071
2018-07-14 11:30,6080
2018-07-14 11:35,6160
2018-07-14 11:40,6203
2018-07-14 11:45,6251
2018-07-14 11:50,6290
2018-07-14 11:55,6344
2018-07-14 12:00,6367
2018-07-14 12:05,6424
2018-07-14 12:10,6462
2018-07-14 12:15,6508
2018-07-14 12:20,6658
2018-07-14 12:25,6621
2018-07-14 12:30,6724
2018-07-14 12:35,6756
2018-07-14 12:40,6819
2018-07-14 12:45,6915
2018-07-14 12:50,7002
2018-07-14 12:55,7040
2018-07-14 13:00,7104
2018-07-14 13:05,7113
2018-07-14 13:10,7215
2018-07-14 13:15,7279
2018-07-14 13:20,7279
2018-07-14 13:25,7472
2018-07-14 13:30,7508
2018-07-14 13:35,7528
2018-07-14 13:40,7528
2018-07-14 13:45,7636
2018-07-14 13:50,7723
2018-07-14 13:55,7739
2018-07-14 14:00,7753
2018-07-14 14:05,7776
2018-07-14 14:10,7791
2018-07-14 14:15,7856
2018-07-14 14:20,7931
2018-07-14 14:25,7958
2018-07-14 14:30,8025
2018-07-14 14:35,8083
2018-07-14 14:40,8083
2018-07-14 14:45,8279
2018-07-14 14:50,8331
2018-07-14 14:55,8382
2018-07-14 15:00,8435
2018-07-14 15:05,8481
2018-07-14 15:10,8507
2018-07-14 15:15,8503
2018-07-14 15:20,8566
2018-07-14 15:25,8668
2018-07-14 15:30,8783
2018-07-14 15:35,8733
2018-07-14 15:40,8733
2018-07-14 15:45,8747
2018-07-14 15:50,8790
2018-07-14 15:55,8819
2018-07-14 16:00,8922
2018-07-14 16:05,8997
2018-07-14 16:10,9055
2018-07-14 16:15,9094
2018-07-14 16:20,9212
2018-07-14 16:25,9344
2018-07-14 16:30,9457
2018-07-14 16:35,9586
2018-07-14 16:40,9586
2018-07-14 16:45,9671
2018-07-14 16:50,9770
2018-07-14 16:55,9757
2018-07-14 17:00,9788
2018-07-14 17:05,9853
2018-07-14 17:10,9923
2018-07-14 17:15,10016
2018-07-14 17:20,10096
2018-07-14 17:25,10186
2018-07-14 17:30,10278
2018-07-14 17:35,10341
2018-07-14 17:40,10341
2018-07-14 17:45,10432
2018-07-14 17:50,10531
2018-07-14 17:55,10471
2018-07-14 18:00,10541
2018-07-14 18:05,10591
2018-07-14 18:10,10599
2018-07-14 18:15,10700
2018-07-14 18:20,10741
2018-07-14 18:25,10741
2018-07-14 18:30,10715
2018-07-14 18:35,10772
2018-07-14 18:40,10772
2018-07-14 18:45,10857
2018-07-14 18:50,10905
2018-07-14 18:55,11060
2018-07-14 19:00,11104
2018-07-14 19:05,11185
2018-07-14 19:10,11255
2018-07-14 19:15,11261
2018-07-14 19:20,11297
2018-07-14 19:25,11297
2018-07-14 19:30,11423
2018-07-14 19:35,11464
2018-07-14 19:40,11464
2018-07-14 19:45,11523
2018-07-14 19:50,11529
2018-07-14 19:55,11587
2018-07-14 20:00,11599
2018-07-14 20:05,11577
2018-07-14 20:10,11577
2018-07-14 20:15,11638
2018-07-14 20:20,11625
2018-07-14 20:25,11646
2018-07-14 20:30,11612
2018-07-14 20:35,11612
2018-07-14 20:40,11578
2018-07-14 20:45,11598
2018-07-14 20:50,11559
2018-07-14 20:55,11401
2018-07-14 21:00,11347
2018-07-14 21:05,11287
2018-07-14 21:10,11241
2018-07-14 21:15,11241
2018-07-14 21:20,11217
2018-07-14 21:25,11124
2018-07-14 21:30,11093
2018-07-14 21:35,11036
2018-07-14 21:40,11036
2018-07-14 21:45,10999
2018-07-14 21:50,10970
2018-07-14 21:55,10903
2018-07-14 22:00,10733
2018-07-14 22:05,10674
2018-07-14 22:10,10531
2018-07-14 22:15,10502
2018-07-14 22:20,10502
2018-07-14 22:25,10371
2018-07-14 22:30,10279
2018-07-14 22:35,10133
2018-07-14 22:40,10133
2018-07-14 22:45,9971
2018-07-14 22:50,9864
2018-07-14 22:55,9799
2018-07-14 23:00,9699
2018-07-14 23:05,9704
2018-07-14 23:10,9585
2018-07-14 23:15,9585
2018-07-14 23:20,9488
2018-07-14 23:25,9338
2018-07-14 23:30,9338
2018-07-14 23:35,9289
2018-07-14 23:40,9215
2018-07-14 23:45,9092
2018-07-14 23:50,9092
2018-07-14 23:55,9035
2018-07-15 00:00,8899
2018-07-15 00:05,8899
2018-07-15 00:10,8805
2018-07-15 00:15,8722
2018-07-15 00:20,8722
2018-07-15 00:25,8645
2018-07-15 00:30,8587
2018-07-15 00:35,8517
2018-07-15 00:40,8401
2018-07-15 00:45,8378
2018-07-15 00:50,8330
2018-07-15 00:55,8307
2018-07-15 01:00,8284
2018-07-15 01:05,8242
2018-07-15 01:10,8136
2018-07-15 01:15,
2018-07-15 01:20,
2018-07-15 01:25,
2018-07-15 01:30,8079
2018-07-15 01:35,8091
2018-07-15 01:40,8091
2018-07-15 01:45,8092
2018-07-15 01:50,8085
2018-07-15 01:55,8092
2018-07-15 02:00,8077
2018-07-15 02:05,8047
2018-07-15 02:10,8049
2018-07-15 02:15,8035
2018-07-15 02:20,8034
2018-07-15 02:25,7994
2018-07-15 02:30,8021
2018-07-15 02:35,8005
2018-07-15 02:40,8019
2018-07-15 02:45,8036
2018-07-15 02:50,8043
2018-07-15 02:55,8075
2018-07-15 03:00,8080
2018-07-15 03:05,8069
2018-07-15 03:10,8040
2018-07-15 03:15,8003
2018-07-15 03:20,7989
2018-07-15 03:25,7953
2018-07-15 03:30,7977
2018-07-15 03:35,7957
2018-07-15 03:40,7976
2018-07-15 03:45,7916
2018-07-15 03:50,7870
2018-07-15 03:55,7830
2018-07-15 04:00,7758
2018-07-15 04:05,7696
2018-07-15 04:10,7618
2018-07-15 04:15,7522
2018-07-15 04:20,7409
2018-07-15 04:25,7328
2018-07-15 04:30,7323
2018-07-15 04:35,7266
2018-07-15 04:40,7228
2018-07-15 04:45,7221
2018-07-15 04:50,7152
2018-07-15 04:55,7090
2018-07-15 05:00,7045
2018-07-15 05:05,6978
2018-07-15 05:10,6869
2018-07-15 05:15,6786
2018-07-15 05:20,6699
2018-07-15 05:25,6612
2018-07-15 05:30,6512
2018-07-15 05:35,6448
2018-07-15 05:40,6333
2018-07-15 05:45,6291
2018-07-15 05:50,6227
2018-07-15 05:55,6154
2018-07-15 06:00,6108
2018-07-15 06:05,5991
2018-07-15 06:10,5920
2018-07-15 06:15,5833
2018-07-15 06:20,5723
2018-07-15 06:25,5677
2018-07-15 06:30,5659
2018-07-15 06:35,5630
2018-07-15 06:40,5589
2018-07-15 06:45,5538
2018-07-15 06:50,5479
2018-07-15 06:55,5443
2018-07-15 07:00,5423
2018-07-15 07:05,5339
2018-07-15 07:10,5309
2018-07-15 07:15,5270
2018-07-15 07:20,5229
2018-07-15 07:25,5174
2018-07-15 07:30,5131
2018-07-15 07:35,5113
2018-07-15 07:40,5134
2018-07-15 07:45,5145
2018-07-15 07:50,5118
2018-07-15 07:55,5089
2018-07-15 08:00,5050
2018-07-15 08:05,4988
2018-07-15 08:10,4987
2018-07-15 08:15,4996
2018-07-15 08:20,4982
2018-07-15 08:25,4946
2018-07-15 08:30,4948
2018-07-15 08:35,4934
2018-07-15 08:40,4907
2018-07-15 08:45,4885
2018-07-15 08:50,4906
2018-07-15 08:55,4946
2018-07-15 09:00,4957
2018-07-15 09:05,4981
2018-07-15 09:10,5142
2018-07-15 09:15,5181
2018-07-15 09:20,5289
2018-07-15 09:25,5361
2018-07-15 09:30,5476
2018-07-15 09:35,5558
2018-07-15 09:40,5631
2018-07-15 09:45,5742
2018-07-15 09:50,5844
2018-07-15 09:55,5882
2018-07-15 10:00,5959
2018-07-15 10:05,5999
2018-07-15 10:10,6065
2018-07-15 10:15,6123
2018-07-15 10:20,6155
2018-07-15 10:25,6203
2018-07-15 10:30,6241
2018-07-15 10:35,6263
2018-07-15 10:40,6285
2018-07-15 10:45,6352
2018-07-15 10:50,6433
2018-07-15 10:55,6472
2018-07-15 11:00,6542
2018-07-15 11:05,6586
2018-07-15 11:10,6651
2018-07-15 11:15,6635
2018-07-15 11:20,6660
2018-07-15 11:25,6693
2018-07-15 11:30,6766
2018-07-15 11:35,6826
2018-07-15 11:40,6875
2018-07-15 11:45,6889
2018-07-15 11:50,6952
2018-07-15 11:55,6988
2018-07-15 12:00,6979
2018-07-15 12:05,6977
2018-07-15 12:10,7113
2018-07-15 12:15,7206
2018-07-15 12:20,7266
2018-07-15 12:25,7325
2018-07-15 12:30,7355
2018-07-15 12:35,7418
2018-07-15 12:40,7475
2018-07-15 12:45,7514
2018-07-15 12:50,7589
2018-07-15 12:55,7625
2018-07-15 13:00,7731
2018-07-15 13:05,7793
2018-07-15 13:10,7846
2018-07-15 13:15,7903
2018-07-15 13:20,7898
2018-07-15 13:25,8009
2018-07-15 13:30,8114
2018-07-15 13:35,8194
2018-07-15 13:40,8251
2018-07-15 13:45,8302
2018-07-15 13:50,8380
2018-07-15 13:55,8386
2018-07-15 14:00,8471
2018-07-15 14:05,8493
2018-07-15 14:10,8597
2018-07-15 14:15,8702
2018-07-15 14:20,8779
2018-07-15 14:25,8811
2018-07-15 14:30,8840
2018-07-15 14:35,8829
2018-07-15 14:40,8793
2018-07-15 14:45,8802
2018-07-15 14:50,8821
2018-07-15 14:55,8740
2018-07-15 15:00,8673
2018-07-15 15:05,8576
2018-07-15 15:10,8560
2018-07-15 15:15,8551
2018-07-15 15:20,8528
2018-07-15 15:25,8546
2018-07-15 15:30,8580
2018-07-15 15:35,8679
2018-07-15 15:40,8716
2018-07-15 15:45,8730
2018-07-15 15:50,8733
2018-07-15 15:55,8780
2018-07-15 16:00,8891
2018-07-15 16:05,8909
2018-07-15 16:10,9009
2018-07-15 16:15,9060
2018-07-15 16:20,9131
2018-07-15 16:25,9192
2018-07-15 16:30,9258
2018-07-15 16:35,9379
2018-07-15 16:40,9401
2018-07-15 16:45,9447
2018-07-15 16:50,9552
2018-07-15 16:55,9662
2018-07-15 17:00,9790
2018-07-15 17:05,9966
2018-07-15 17:10,10244
2018-07-15 17:15,10378
2018-07-15 17:20,10521
2018-07-15 17:25,10710
2018-07-15 17:30,10812
2018-07-15 17:35,10938
2018-07-15 17:40,11064
2018-07-15 17:45,11215
2018-07-15 17:50,11367
2018-07-15 17:55,11478
2018-07-15 18:00,11568
2018-07-15 18:05,11695
2018-07-15 18:10,11850
2018-07-15 18:15,11940
2018-07-15 18:20,11992
2018-07-15 18:25,12112
2018-07-15 18:30,12180
2018-07-15 18:35,12273
2018-07-15 18:40,12377
2018-07-15 18:45,12508
2018-07-15 18:50,12485
2018-07-15 18:55,12544
2018-07-15 19:00,12602
2018-07-15 19:05,12623
2018-07-15 19:10,12620
2018-07-15 19:15,12577
2018-07-15 19:20,12587
2018-07-15 19:25,12594
2018-07-15 19:30,12644
2018-07-15 19:35,12676
2018-07-15 19:40,12750
2018-07-15 19:45,12806
2018-07-15 19:50,12829
2018-07-15 19:55,12902
2018-07-15 20:00,12855
2018-07-15 20:05,12800
2018-07-15 20:10,12785
2018-07-15 20:15,12827
2018-07-15 20:20,12709
2018-07-15 20:25,12665
2018-07-15 20:30,12621
2018-07-15 20:35,12573
2018-07-15 20:40,12513
2018-07-15 20:45,12507
2018-07-15 20:50,12461
2018-07-15 20:55,12316
2018-07-15 21:00,12278
2018-07-15 21:05,12225
2018-07-15 21:10,12123
2018-07-15 21:15,12008
2018-07-15 21:20,11951
2018-07-15 21:25,11858
2018-07-15 21:30,11791
2018-07-15 21:35,11681
2018-07-15 21:40,11619
2018-07-15 21:45,11623
2018-07-15 21:50,11443
2018-07-15 21:55,11312
2018-07-15 22:00,11177
2018-07-15 22:05,11036
2018-07-15 22:10,10984
2018-07-15 22:15,10958
2018-07-15 22:20,10779
2018-07-15 22:25,10677
2018-07-15 22:30,10598
2018-07-15 22:35,10539
2018-07-15 22:40,10459
2018-07-15 22:45,10379
2018-07-15 22:50,10303
2018-07-15 22:55,10186
2018-07-15 23:00,10092
2018-07-15 23:05,10010
2018-07-15 23:10,9965
2018-07-15 23:15,9764
2018-07-15 23:20,9622
2018-07-15 23:25,9465
2018-07-15 23:30,9355
2018-07-15 23:35,9271
2018-07-15 23:40,9183
2018-07-15 23:45,9068
2018-07-15 23:50,8983
2018-07-15 23:55,8944
2018-07-16 00:00,8938
2018-07-16 00:05,8822
2018-07-16 00:10,8834
2018-07-16 00:15,8793
2018-07-16 00:20,8773
2018-07-16 00:25,8740
2018-07-16 00:30,8723
2018-07-16 00:35,8668
2018-07-16 00:40,8638
2018-07-16 00:45,8663
2018-07-16 00:50,8648
2018-07-16 00:55,8585
2018-07-16 01:00,8582
2018-07-16 01:05,8563
2018-07-16 01:10,8561
2018-07-16 01:15,8618
2018-07-16 01:20,8577
2018-07-16 01:25,8592
2018-07-16 01:30,8557
2018-07-16 01:35,8548
2018-07-16 01:40,8524
2018-07-16 01:45,8565
2018-07-16 01:50,8497
2018-07-16 01:55,8511
2018-07-16 02:00,8501
2018-07-16 02:05,8385
2018-07-16 02:10,8415
2018-07-16 02:15,8450
2018-07-16 02:20,8447
2018-07-16 02:25,8426
2018-07-16 02:30,8399
2018-07-16 02:35,8440
2018-07-16 02:40,8439
2018-07-16 02:45,8374
2018-07-16 02:50,8400
2018-07-16 02:55,8409
2018-07-16 03:00,
2018-07-16 03:05,
2018-07-16 03:10,8142
2018-07-16 03:15,8075
2018-07-16 03:20,8006
2018-07-16 03:25,7952
2018-07-16 03:30,7919
2018-07-16 03:35,7829
2018-07-16 03:40,7712
2018-07-16 03:45,7619
2018-07-16 03:50,7512
2018-07-16 03:55,7426
2018-07-16 04:00,7300
2018-07-16 04:05,7154
2018-07-16 04:10,7007
2018-07-16 04:15,6922
2018-07-16 04:20,6845
2018-07-16 04:25,6807
2018-07-16 04:30,6737
2018-07-16 04:35,6613
2018-07-16 04:40,6568
2018-07-16 04:45,6485
2018-07-16 04:50,6396
2018-07-16 04:55,6272
2018-07-16 05:00,6166
2018-07-16 05:05,6068
2018-07-16 05:10,5950
2018-07-16 05:15,5878
2018-07-16 05:20,5756
2018-07-16 05:25,5639
2018-07-16 05:30,5585
2018-07-16 05:35,5542
2018-07-16 05:40,5457
2018-07-16 05:45,5395
2018-07-16 05:50,5312
2018-07-16 05:55,5298
2018-07-16 06:00,5246
2018-07-16 06:05,5165
2018-07-16 06:10,5038
2018-07-16 06:15,4906
2018-07-16 06:20,4810
2018-07-16 06:25,4770
2018-07-16 06:30,4742
2018-07-16 06:35,4724
2018-07-16 06:40,4660
2018-07-16 06:45,4611
2018-07-16 06:50,4582
2018-07-16 06:55,4519
2018-07-16 07:00,4534
2018-07-16 07:05,4485
2018-07-16 07:10,4495
2018-07-16 07:15,4430
2018-07-16 07:20,4390
2018-07-16 07:25,4335
2018-07-16 07:30,4355
2018-07-16 07:35,4331
2018-07-16 07:40,4264
2018-07-16 07:45,4268
2018-07-16 07:50,4242
2018-07-16 07:55,4251
2018-07-16 08:00,4229
2018-07-16 08:05,4217
2018-07-16 08:10,4227
2018-07-16 08:15,4196
2018-07-16 08:20,4206
2018-07-16 08:25,4224
2018-07-16 08:30,4260
2018-07-16 08:35,4243
2018-07-16 08:40,4230
2018-07-16 08:45,4228
2018-07-16 08:50,4214
2018-07-16 08:55,4226
2018-07-16 09:00,4248
2018-07-16 09:05,4343
2018-07-16 09:10,4421
2018-07-16 09:15,4451
2018-07-16 09:20,4497
2018-07-16 09:25,4536
2018-07-16 09:30,4604
2018-07-16 09:35,4642
2018-07-16 09:40,4698
2018-07-16 09:45,4698
2018-07-16 09:50,4767
2018-07-16 09:55,4808
2018-07-16 10:00,4865
2018-07-16 10:05,4891
2018-07-16 10:10,4949
2018-07-16 10:15,5020
2018-07-16 10:20,5017
2018-07-16 10:25,5094
2018-07-16 10:30,5137
2018-07-16 10:35,5148
2018-07-16 10:40,5224
2018-07-16 10:45,5225
2018-07-16 10:50,5251
2018-07-16 10:55,5316
2018-07-16 11:00,5362
2018-07-16 11:05,5413
2018-07-16 11:10,5445
2018-07-16 11:15,5453
2018-07-16 11:20,5484
2018-07-16 11:25,5582
2018-07-16 11:30,5634
2018-07-16 11:35,5674
2018-07-16 11:40,5726
2018-07-16 11:45,5793
2018-07-16 11:50,5874
2018-07-16 11:55,5882
2018-07-16 12:00,5899
2018-07-16 12:05,5934
2018-07-16 12:10,6017
2018-07-16 12:15,6010
2018-07-16 12:20,6036
2018-07-16 12:25,6101
2018-07-16 12:30,6163
2018-07-16 12:35,6183
2018-07-16 12:40,6241
2018-07-16 12:45,6328
2018-07-16 12:50,6409
2018-07-16 12:55,6447
2018-07-16 13:00,6489
2018-07-16 13:05,6552
2018-07-16 13:10,6632
2018-07-16 13:15,6689
2018-07-16 13:20,6794
2018-07-16 13:25,6875
2018-07-16 13:30,6899
2018-07-16 13:35,6987
2018-07-16 13:40,7037
2018-07-16 13:45,7117
2018-07-16 13:50,7178
2018-07-16 13:55,7264
2018-07-16 14:00,7305
2018-07-16 14:05,7358
2018-07-16 14:10,7466
2018-07-16 14:15,7505
2018-07-16 14:20,7602
2018-07-16 14:25,7520
2018-07-16 14:30,7690
2018-07-16 14:35,7832
2018-07-16 14:40,7831
2018-07-16 14:45,7846
2018-07-16 14:50,7943
2018-07-16 14:55,8031
2018-07-16 15:00,8121
2018-07-16 15:05,8201
2018-07-16 15:10,8307
2018-07-16 15:15,8341
2018-07-16 15:20,8468
2018-07-16 15:25,8537
2018-07-16 15:30,8608
2018-07-16 15:35,8646
2018-07-16 15:40,8729
2018-07-16 15:45,8800
2018-07-16 15:50,8864
2018-07-16 15:55,8885
2018-07-16 16:00,8904
2018-07-16 16:05,8929
2018-07-16 16:10,9011
2018-07-16 16:15,9140
2018-07-16 16:20,9267
2018-07-16 16:25,9336
2018-07-16 16:30,9450
2018-07-16 16:35,9530
2018-07-16 16:40,9615
2018-07-16 16:45,9692
2018-07-16 16:50,9800
2018-07-16 16:55,9858
2018-07-16 17:00,9853
2018-07-16 17:05,9979
2018-07-16 17:10,10087
2018-07-16 17:15,10132
2018-07-16 17:20,10181
2018-07-16 17:25,10236
2018-07-16 17:30,10341
2018-07-16 17:35,10474
2018-07-16 17:40,10524
2018-07-16 17:45,10560
2018-07-16 17:50,10681
2018-07-16 17:55,10812
2018-07-16 18:00,10918
2018-07-16 18:05,11042
2018-07-16 18:10,11119
2018-07-16 18:15,11182
2018-07-16 18:20,11232
2018-07-16 18:25,11302
2018-07-16 18:30,11389
2018-07-16 18:35,11499
2018-07-16 18:40,11637
2018-07-16 18:45,11697
2018-07-16 18:50,11825
2018-07-16 18:55,11947
2018-07-16 19:00,11972
2018-07-16 19:05,11977
2018-07-16 19:10,12038
2018-07-16 19:15,12040
2018-07-16 19:20,12128
2018-07-16 19:25,12210
2018-07-16 19:30,12242
2018-07-16 19:35,12294
2018-07-16 19:40,12319
2018-07-16 19:45,12304
2018-07-16 19:50,12304
2018-07-16 19:55,12239
2018-07-16 20:00,12238
2018-07-16 20:05,12173
2018-07-16 20:10,12162
2018-07-16 20:15,12176
2018-07-16 20:20,12080
2018-07-16 20:25,11980
2018-07-16 20:30,11933
2018-07-16 20:35,11918
2018-07-16 20:40,11852
2018-07-16 20:45,11805
2018-07-16 20:50,11712
2018-07-16 20:55,11631
2018-07-16 21:00,11570
2018-07-16 21:05,11578
2018-07-16 21:10,11514
2018-07-16 21:15,11415
2018-07-16 21:20,11394
2018-07-16 21:25,11361
2018-07-16 21:30,11300
2018-07-16 21:35,11225
2018-07-16 21:40,11120
2018-07-16 21:45,11026
2018-07-16 21:50,10949
2018-07-16 21:55,10879
2018-07-16 22:00,10782
2018-07-16 22:05,10601
2018-07-16 22:10,10532
2018-07-16 22:15,10473
2018-07-16 22:20,10389
2018-07-16 22:25,10331
2018-07-16 22:30,10284
2018-07-16 22:35,10228
2018-07-16 22:40,10227
2018-07-16 22:45,10135
2018-07-16 22:50,10146
2018-07-16 22:55,10108
2018-07-16 23:00,10045
2018-07-16 23:05,10034
2018-07-16 23:10,9986
2018-07-16 23:15,9875
2018-07-16 23:20,9784
2018-07-16 23:25,9767
2018-07-16 23:30,9688
2018-07-16 23:35,9676
2018-07-16 23:40,9539
2018-07-16 23:45,9518
2018-07-16 23:50,9463
2018-07-16 23:55,9356
2018-07-17 00:00,9287
2018-07-17 00:05,9182
2018-07-17 00:10,9181
2018-07-17 00:15,9129
2018-07-17 00:20,9045
2018-07-17 00:25,8990
2018-07-17 00:30,8968
2018-07-17 00:35,8948
2018-07-17 00:40,8919
2018-07-17 00:45,8920
2018-07-17 00:50,8893
2018-07-17 00:55,8888
2018-07-17 01:00,8857
2018-07-17 01:05,8869
2018-07-17 01:10,8890
2018-07-17 01:15,8851
2018-07-17 01:20,8858
2018-07-17 01:25,8831
2018-07-17 01:30,8791
2018-07-17 01:35,8775
2018-07-17 01:40,
2018-07-17 01:45,
2018-07-17 01:50,
2018-07-17 01:55,8559
2018-07-17 02:00,8541
2018-07-17 02:05,8555
2018-07-17 02:10,8564
2018-07-17 02:15,8507
2018-07-17 02:20,8454
2018-07-17 02:25,8385
2018-07-17 02:30,8337
2018-07-17 02:35,8343
2018-07-17 02:40,8296
2018-07-17 02:45,8241
2018-07-17 02:50,8193
2018-07-17 02:55,8152
2018-07-17 03:00,8096
2018-07-17 03:05,8016
2018-07-17 03:10,7935
2018-07-17 03:15,7850
2018-07-17 03:20,7779
2018-07-17 03:25,7685
2018-07-17 03:30,7599
2018-07-17 03:35,7531
2018-07-17 03:40,7502
2018-07-17 03:45,7457
2018-07-17 03:50,7361
2018-07-17 03:55,7245
2018-07-17 04:00,7134
2018-07-17 04:05,7019
2018-07-17 04:10,6931
2018-07-17 04:15,6864
2018-07-17 04:20,
2018-07-17 04:25,6655
2018-07-17 04:30,6591
2018-07-17 04:35,6488
2018-07-17 04:40,6388
2018-07-17 04:45,6291
2018-07-17 04:50,6205
2018-07-17 04:55,6160
2018-07-17 05:00,6059
2018-07-17 05:05,6011
2018-07-17 05:10,5958
2018-07-17 05:15,5842
2018-07-17 05:20,5789
2018-07-17 05:25,5704
2018-07-17 05:30,5621
2018-07-17 05:35,5538
2018-07-17 05:40,5490
2018-07-17 05:45,5384
2018-07-17 05:50,5339
2018-07-17 05:55,5268
2018-07-17 06:00,5175
2018-07-17 06:05,5098
2018-07-17 06:10,5004
2018-07-17 06:15,4970
2018-07-17 06:20,4857
2018-07-17 06:25,4809
2018-07-17 06:30,4840
2018-07-17 06:35,4734
2018-07-17 06:40,4638
2018-07-17 06:45,4578
2018-07-17 06:50,4526
2018-07-17 06:55,4461
2018-07-17 07:00,4387
2018-07-17 07:05,4371
2018-07-17 07:10,4331
2018-07-17 07:15,4277
2018-07-17 07:20,4269
2018-07-17 07:25,4220
2018-07-17 07:30,4213
2018-07-17 07:35,4195
2018-07-17 07:40,4192
2018-07-17 07:45,4117
2018-07-17 07:50,4075
2018-07-17 07:55,4084
2018-07-17 08:00,4108
2018-07-17 08:05,4122
2018-07-17 08:10,4104
2018-07-17 08:15,4104
2018-07-17 08:20,4095
2018-07-17 08:25,4066
2018-07-17 08:30,4062
2018-07-17 08:35,4056
2018-07-17 08:40,4094
2018-07-17 08:45,4100
2018-07-17 08:50,4128
2018-07-17 08:55,4129
2018-07-17 09:00,4128
2018-07-17 09:05,4254
2018-07-17 09:10,4299
2018-07-17 09:15,4362
2018-07-17 09:20,4355
2018-07-17 09:25,4425
2018-07-17 09:30,4501
2018-07-17 09:35,4552
2018-07-17 09:40,4600
2018-07-17 09:45,4654
2018-07-17 09:50,4667
2018-07-17 09:55,4777
2018-07-17 10:00,4860
2018-07-17 10:05,4969
2018-07-17 10:10,5044
2018-07-17 10:15,5075
2018-07-17 10:20,5113
2018-07-17 10:25,5185
2018-07-17 10:30,5221
2018-07-17 10:35,5238
2018-07-17 10:40,5315
2018-07-17 10:45,5375
2018-07-17 10:50,5416
2018-07-17 10:55,5423
2018-07-17 11:00,5445
2018-07-17 11:05,5506
2018-07-17 11:10,5542
2018-07-17 11:15,5565
2018-07-17 11:20,5601
2018-07-17 11:25,5663
2018-07-17 11:30,5685
2018-07-17 11:35,5751
2018-07-17 11:40,5818
2018-07-17 11:45,5850
2018-07-17 11:50,5932
2018-07-17 11:55,6007
2018-07-17 12:00,6077
2018-07-17 12:05,6107
2018-07-17 12:10,6162
2018-07-17 12:15,6199
2018-07-17 12:20,6215
2018-07-17 12:25,6240
2018-07-17 12:30,6294
2018-07-17 12:35,6393
2018-07-17 12:40,6473
2018-07-17 12:45,6507
2018-07-17 12:50,6599
2018-07-17 12:55,6642
2018-07-17 13:00,6718
2018-07-17 13:05,6776
2018-07-17 13:10,6853
2018-07-17 13:15,6885
2018-07-17 13:20,6959
2018-07-17 13:25,6986
2018-07-17 13:30,7076
2018-07-17 13:35,7156
2018-07-17 13:40,7247
2018-07-17 13:45,7337
2018-07-17 13:50,7405
2018-07-17 13:55,7440
2018-07-17 14:00,7527
2018-07-17 14:05,7595
2018-07-17 14:10,7655
2018-07-17 14:15,7813
2018-07-17 14:20,7923
2018-07-17 14:25,7960
2018-07-17 14:30,8001
2018-07-17 14:35,8050
2018-07-17 14:40,8160
2018-07-17 14:45,8282
2018-07-17 14:50,8391
2018-07-17 14:55,8466
2018-07-17 15:00,8540
2018-07-17 15:05,8594
2018-07-17 15:10,8673
2018-07-17 15:15,8765
2018-07-17 15:20,8866
2018-07-17 15:25,8956
2018-07-17 15:30,9011
2018-07-17 15:35,9033
2018-07-17 15:40,9119
2018-07-17 15:45,9216
2018-07-17 15:50,9259
2018-07-17 15:55,9285
2018-07-17 16:00,9310
2018-07-17 16:05,9339
2018-07-17 16:10,9424
2018-07-17 16:15,9448
2018-07-17 16:20,9518
2018-07-17 16:25,9568
2018-07-17 16:30,9634
2018-07-17 16:35,9749
2018-07-17 16:40,9815
2018-07-17 16:45,9874
2018-07-17 16:50,9923
2018-07-17 16:55,9943
2018-07-17 17:00,10074
2018-07-17 17:05,10145
2018-07-17 17:10,10174
2018-07-17 17:15,10292
2018-07-17 17:20,10336
2018-07-17 17:25,10351
2018-07-17 17:30,10434
2018-07-17 17:35,10527
2018-07-17 17:40,10656
2018-07-17 17:45,10777
2018-07-17 17:50,10785
2018-07-17 17:55,10804
2018-07-17 18:00,10832
2018-07-17 18:05,10980
2018-07-17 18:10,11011
2018-07-17 18:15,11130
2018-07-17 18:20,11202
2018-07-17 18:25,11211
2018-07-17 18:30,11196
2018-07-17 18:35,11231
2018-07-17 18:40,11299
2018-07-17 18:45,11355
2018-07-17 18:50,11389
2018-07-17 18:55,11519
2018-07-17 19:00,11553
2018-07-17 19:05,11694
2018-07-17 19:10,11745
2018-07-17 19:15,11822
2018-07-17 19:20,11746
2018-07-17 19:25,11590
2018-07-17 19:30,11525
2018-07-17 19:35,11474
2018-07-17 19:40,11452
2018-07-17 19:45,11430
2018-07-17 19:50,11437
2018-07-17 19:55,11435
2018-07-17 20:00,11466
2018-07-17 20:05,11470
2018-07-17 20:10,11562
2018-07-17 20:15,11591
2018-07-17 20:20,11624
2018-07-17 20:25,11681
2018-07-17 20:30,11649
2018-07-17 20:35,
2018-07-17 20:40,
2018-07-17 20:45,11405
2018-07-17 20:50,11313
2018-07-17 20:55,11097
2018-07-17 21:00,10533
2018-07-17 21:05,10416
2018-07-17 21:10,10315
2018-07-17 21:15,10314
2018-07-17 21:20,10374
2018-07-17 21:25,10339
2018-07-17 21:30,10362
2018-07-17 21:35,10331
2018-07-17 21:40,10332
2018-07-17 21:45,10295
2018-07-17 21:50,
2018-07-17 21:55,
2018-07-17 22:00,
2018-07-17 22:05,0
2018-07-17 22:10,10110
2018-07-17 22:15,10059
2018-07-17 22:20,10015
2018-07-17 22:25,9891
2018-07-17 22:30,9847
2018-07-17 22:35,9804
2018-07-17 22:40,9716
2018-07-17 22:45,9633
2018-07-17 22:50,9592
2018-07-17 22:55,9540
2018-07-17 23:00,9532
2018-07-17 23:05,9472
2018-07-17 23:10,9426
2018-07-17 23:15,9368
2018-07-17 23:20,9316
2018-07-17 23:25,0
2018-07-17 23:30,6117
2018-07-17 23:35,8390
2018-07-17 23:40,8634
2018-07-17 23:45,8837
2018-07-17 23:50,8974
2018-07-17 23:55,8939
2018-07-18 00:00,8966
2018-07-18 00:05,8897
2018-07-18 00:10,8825
2018-07-18 00:15,8766
2018-07-18 00:20,8784
2018-07-18 00:25,8795
2018-07-18 00:30,8829
2018-07-18 00:35,8848
2018-07-18 00:40,8857
2018-07-18 00:45,8830
2018-07-18 00:50,8753
2018-07-18 00:55,8749
2018-07-18 01:00,8732
2018-07-18 01:05,8698
2018-07-18 01:10,7894
2018-07-18 01:15,5715
2018-07-18 01:20,4473
2018-07-18 01:25,3560
2018-07-18 01:30,2995
2018-07-18 01:35,2660
2018-07-18 01:40,2449
2018-07-18 01:45,2352
2018-07-18 01:50,2201
2018-07-18 01:55,2745
2018-07-18 02:00,3673
2018-07-18 02:05,4389
2018-07-18 02:10,4977
2018-07-18 02:15,5465
2018-07-18 02:20,5888
2018-07-18 02:25,6193
2018-07-18 02:30,6563
2018-07-18 02:35,6793
2018-07-18 02:40,7055
2018-07-18 02:45,7281
2018-07-18 02:50,7445
2018-07-18 02:55,7531
2018-07-18 03:00,7590
2018-07-18 03:05,7686
2018-07-18 03:10,7691
2018-07-18 03:15,7811
2018-07-18 03:20,7825
2018-07-18 03:25,7752
2018-07-18 03:30,7656
2018-07-18 03:35,7594
2018-07-18 03:40,7522
2018-07-18 03:45,7472
2018-07-18 03:50,7391
2018-07-18 03:55,7358
2018-07-18 04:00,7306
2018-07-18 04:05,7269
2018-07-18 04:10,7154
2018-07-18 04:15,7053
2018-07-18 04:20,6996
2018-07-18 04:25,6915
2018-07-18 04:30,6857
2018-07-18 04:35,6755
2018-07-18 04:40,6661
2018-07-18 04:45,6573
2018-07-18 04:50,6467
2018-07-18 04:55,6355
2018-07-18 05:00,6284
2018-07-18 05:05,6122
2018-07-18 05:10,6018
2018-07-18 05:15,5941
2018-07-18 05:20,5839
2018-07-18 05:25,5747
2018-07-18 05:30,5630
2018-07-18 05:35,5500
2018-07-18 05:40,5423
2018-07-18 05:45,5374
2018-07-18 05:50,5295
2018-07-18 05:55,5226
2018-07-18 06:00,5155
2018-07-18 06:05,5054
2018-07-18 06:10,4978
2018-07-18 06:15,4915
2018-07-18 06:20,4825
2018-07-18 06:25,4799
2018-07-18 06:30,4716
2018-07-18 06:35,4678
2018-07-18 06:40,4647
2018-07-18 06:45,4557
2018-07-18 06:50,4470
2018-07-18 06:55,4407
2018-07-18 07:00,4337
2018-07-18 07:05,4280
2018-07-18 07:10,4222
2018-07-18 07:15,4240
2018-07-18 07:20,4205
2018-07-18 07:25,4191
2018-07-18 07:30,4156
2018-07-18 07:35,4111
2018-07-18 07:40,4067
2018-07-18 07:45,4051
2018-07-18 07:50,3998
2018-07-18 07:55,3983
2018-07-18 08:00,3942
2018-07-18 08:05,3953
2018-07-18 08:10,3976
2018-07-18 08:15,3990
2018-07-18 08:20,3987
2018-07-18 08:25,4066
2018-07-18 08:30,4111
2018-07-18 08:35,4093
2018-07-18 08:40,4121
2018-07-18 08:45,4111
2018-07-18 08:50,4075
2018-07-18 08:55,4082
2018-07-18 09:00,4117
2018-07-18 09:05,4204
2018-07-18 09:10,4299
2018-07-18 09:15,4304
2018-07-18 09:20,4420
2018-07-18 09:25,4460
2018-07-18 09:30,4483
2018-07-18 09:35,4579
2018-07-18 09:40,4619
2018-07-18 09:45,4640
2018-07-18 09:50,4703
2018-07-18 09:55,4748
2018-07-18 10:00,4717
2018-07-18 10:05,4738
2018-07-18 10:10,4804
2018-07-18 10:15,4841
2018-07-18 10:20,4898
2018-07-18 10:25,4943
2018-07-18 10:30,4944
2018-07-18 10:35,5005
2018-07-18 10:40,5032
2018-07-18 10:45,5069
2018-07-18 10:50,5129
2018-07-18 10:55,5177
2018-07-18 11:00,5224
2018-07-18 11:05,5271
2018-07-18 11:10,5347
2018-07-18 11:15,5424
2018-07-18 11:20,5510
2018-07-18 11:25,5537
2018-07-18 11:30,5565
2018-07-18 11:35,5548
2018-07-18 11:40,5598
2018-07-18 11:45,5743
2018-07-18 11:50,5775
2018-07-18 11:55,5825
2018-07-18 12:00,5868
2018-07-18 12:05,5946
2018-07-18 12:10,6045
2018-07-18 12:15,6113
2018-07-18 12:20,6147
2018-07-18 12:25,6171
2018-07-18 12:30,6177
2018-07-18 12:35,6242
2018-07-18 12:40,6270
2018-07-18 12:45,6323
2018-07-18 12:50,6410
2018-07-18 12:55,6485
2018-07-18 13:00,6580
2018-07-18 13:05,6632
2018-07-18 13:10,6694
2018-07-18 13:15,6770
2018-07-18 13:20,6840
2018-07-18 13:25,6864
2018-07-18 13:30,6927
2018-07-18 13:35,7003
2018-07-18 13:40,6997
2018-07-18 13:45,7041
2018-07-18 13:50,7149
2018-07-18 13:55,7163
2018-07-18 14:00,7195
2018-07-18 14:05,7380
2018-07-18 14:10,7470
2018-07-18 14:15,7548
2018-07-18 14:20,7629
2018-07-18 14:25,7685
2018-07-18 14:30,7716
2018-07-18 14:35,7728
2018-07-18 14:40,7786
2018-07-18 14:45,7829
2018-07-18 14:50,7874
2018-07-18 14:55,7938
2018-07-18 15:00,7958
2018-07-18 15:05,7988
2018-07-18 15:10,8092
2018-07-18 15:15,7212
2018-07-18 15:20,5811
2018-07-18 15:25,4720
2018-07-18 15:30,3733
2018-07-18 15:35,2806
2018-07-18 15:40,2603
2018-07-18 15:45,2639
2018-07-18 15:50,2663
2018-07-18 15:55,2672
2018-07-18 16:00,2695
2018-07-18 16:05,3465
2018-07-18 16:10,4230
2018-07-18 16:15,4941
2018-07-18 16:20,5551
2018-07-18 16:25,6149
2018-07-18 16:30,6654
2018-07-18 16:35,7133
2018-07-18 16:40,7515
2018-07-18 16:45,7880
2018-07-18 16:50,8228
2018-07-18 16:55,8536
2018-07-18 17:00,8791
2018-07-18 17:05,9072
2018-07-18 17:10,9253
2018-07-18 17:15,9417
2018-07-18 17:20,9651
2018-07-18 17:25,9786
2018-07-18 17:30,9945
2018-07-18 17:35,10116
2018-07-18 17:40,10259
2018-07-18 17:45,10466
2018-07-18 17:50,10573
2018-07-18 17:55,10703
2018-07-18 18:00,10768
2018-07-18 18:05,10853
2018-07-18 18:10,10902
2018-07-18 18:15,10962
2018-07-18 18:20,11042
2018-07-18 18:25,11064
2018-07-18 18:30,11164
2018-07-18 18:35,11285
2018-07-18 18:40,11341
2018-07-18 18:45,11433
2018-07-18 18:50,11534
2018-07-18 18:55,11627
2018-07-18 19:00,11641
2018-07-18 19:05,11747
2018-07-18 19:10,11788
2018-07-18 19:15,11806
2018-07-18 19:20,11844
2018-07-18 19:25,11861
2018-07-18 19:30,11866
2018-07-18 19:35,11792
2018-07-18 19:40,11804
2018-07-18 19:45,11807
2018-07-18 19:50,11913
2018-07-18 19:55,11980
2018-07-18 20:00,11969
2018-07-18 20:05,11909
2018-07-18 20:10,11898
2018-07-18 20:15,11901
2018-07-18 20:20,11890
2018-07-18 20:25,11879
2018-07-18 20:30,11869
2018-07-18 20:35,11798
2018-07-18 20:40,11759
2018-07-18 20:45,11739
2018-07-18 20:50,11683
2018-07-18 20:55,11591
2018-07-18 21:00,11545
2018-07-18 21:05,11471
2018-07-18 21:10,11397
2018-07-18 21:15,11301
2018-07-18 21:20,11289
2018-07-18 21:25,11210
2018-07-18 21:30,11128
2018-07-18 21:35,11009
2018-07-18 21:40,10933
2018-07-18 21:45,10845
2018-07-18 21:50,10823
2018-07-18 21:55,10703
2018-07-18 22:00,10601
2018-07-18 22:05,10487
2018-07-18 22:10,10348
2018-07-18 22:15,10286
2018-07-18 22:20,10167
2018-07-18 22:25,10077
2018-07-18 22:30,9947
2018-07-18 22:35,9801
2018-07-18 22:40,9795
2018-07-18 22:45,9695
2018-07-18 22:50,9609
2018-07-18 22:55,9567
2018-07-18 23:00,9530
2018-07-18 23:05,9436
2018-07-18 23:10,9348
2018-07-18 23:15,9279
2018-07-18 23:20,9212
2018-07-18 23:25,9158
2018-07-18 23:30,9076
2018-07-18 23:35,9073
2018-07-18 23:40,9001
2018-07-18 23:45,8927
2018-07-18 23:50,8874
2018-07-18 23:55,8811
2018-07-19 00:00,8791
2018-07-19 00:05,8811
2018-07-19 00:10,8800
2018-07-19 00:15,8734
2018-07-19 00:20,8607
2018-07-19 00:25,8608
2018-07-19 00:30,8521
2018-07-19 00:35,8507
2018-07-19 00:40,8475
2018-07-19 00:45,8424
2018-07-19 00:50,8462
2018-07-19 00:55,8441
2018-07-19 01:00,8434
2018-07-19 01:05,8430
2018-07-19 01:10,8390
2018-07-19 01:15,8392
2018-07-19 01:20,8402
2018-07-19 01:25,8388
2018-07-19 01:30,8408
2018-07-19 01:35,8400
2018-07-19 01:40,8403
2018-07-19 01:45,8408
2018-07-19 01:50,8361
2018-07-19 01:55,8312
2018-07-19 02:00,8247
2018-07-19 02:05,8215
2018-07-19 02:10,8171
2018-07-19 02:15,8191
2018-07-19 02:20,8241
2018-07-19 02:25,8235
2018-07-19 02:30,8202
2018-07-19 02:35,8149
2018-07-19 02:40,8154
2018-07-19 02:45,8107
2018-07-19 02:50,8024
2018-07-19 02:55,8029
2018-07-19 03:00,7957
2018-07-19 03:05,7928
2018-07-19 03:10,7870
2018-07-19 03:15,7729
2018-07-19 03:20,7651
2018-07-19 03:25,7537
2018-07-19 03:30,7387
2018-07-19 03:35,7279
2018-07-19 03:40,7201
2018-07-19 03:45,7190
2018-07-19 03:50,7089
2018-07-19 03:55,7056
2018-07-19 04:00,6969
2018-07-19 04:05,6901
2018-07-19 04:10,6833
2018-07-19 04:15,6785
2018-07-19 04:20,6765
2018-07-19 04:25,6663
2018-07-19 04:30,6574
2018-07-19 04:35,6528
2018-07-19 04:40,6447
2018-07-19 04:45,6357
2018-07-19 04:50,6317
2018-07-19 04:55,6191
2018-07-19 05:00,6091
2018-07-19 05:05,6001
2018-07-19 05:10,5942
2018-07-19 05:15,5847
2018-07-19 05:20,5724
2018-07-19 05:25,5655
2018-07-19 05:30,5573
2018-07-19 05:35,5551
2018-07-19 05:40,5449
2018-07-19 05:45,5367
2018-07-19 05:50,5306
2018-07-19 05:55,5238
2018-07-19 06:00,5167
2018-07-19 06:05,5072
2018-07-19 06:10,4996
2018-07-19 06:15,4903
2018-07-19 06:20,4837
2018-07-19 06:25,4750
2018-07-19 06:30,4690
2018-07-19 06:35,4608
2018-07-19 06:40,4567
2018-07-19 06:45,4496
2018-07-19 06:50,4495
2018-07-19 06:55,4439
2018-07-19 07:00,4395
2018-07-19 07:05,4329
2018-07-19 07:10,4260
2018-07-19 07:15,4253
2018-07-19 07:20,4209
2018-07-19 07:25,4197
2018-07-19 07:30,4190
2018-07-19 07:35,4168
2018-07-19 07:40,4151
2018-07-19 07:45,4180
2018-07-19 07:50,4213
2018-07-19 07:55,4215
2018-07-19 08:00,4171
2018-07-19 08:05,4188
2018-07-19 08:10,4164
2018-07-19 08:15,4168
2018-07-19 08:20,4158
2018-07-19 08:25,4194
2018-07-19 08:30,4160
2018-07-19 08:35,4107
2018-07-19 08:40,4123
2018-07-19 08:45,4039
2018-07-19 08:50,3989
2018-07-19 08:55,3992
2018-07-19 09:00,3920
2018-07-19 09:05,3986
2018-07-19 09:10,3966
2018-07-19 09:15,3982
2018-07-19 09:20,4007
2018-07-19 09:25,3991
2018-07-19 09:30,3884
2018-07-19 09:35,3058
2018-07-19 09:40,2473
2018-07-19 09:45,1949
2018-07-19 09:50,1519
2018-07-19 09:55,1315
2018-07-19 10:00,1211
2018-07-19 10:05,1300
2018-07-19 10:10,1342
2018-07-19 10:15,1406
2018-07-19 10:20,1412
2018-07-19 10:25,1457
2018-07-19 10:30,1456
2018-07-19 10:35,1507
2018-07-19 10:40,1506
2018-07-19 10:45,1561
2018-07-19 10:50,1557
2018-07-19 10:55,1575
2018-07-19 11:00,1575
2018-07-19 11:05,1584
2018-07-19 11:10,1603
2018-07-19 11:15,1567
2018-07-19 11:20,1617
2018-07-19 11:25,1653
2018-07-19 11:30,1683
2018-07-19 11:35,1674
2018-07-19 11:40,1695
2018-07-19 11:45,1716
2018-07-19 11:50,1727
2018-07-19 11:55,1763
2018-07-19 12:00,1742
2018-07-19 12:05,1779
2018-07-19 12:10,1789
2018-07-19 12:15,1790
2018-07-19 12:20,1824
2018-07-19 12:25,1866
2018-07-19 12:30,1892
2018-07-19 12:35,1921
2018-07-19 12:40,1948
2018-07-19 12:45,1918
2018-07-19 12:50,1905
2018-07-19 12:55,1966
2018-07-19 13:00,1963
2018-07-19 13:05,2001
2018-07-19 13:10,2014
2018-07-19 13:15,2033
2018-07-19 13:20,2058
2018-07-19 13:25,2083
2018-07-19 13:30,2032
2018-07-19 13:35,2080
2018-07-19 13:40,2147
2018-07-19 13:45,2146
2018-07-19 13:50,2202
2018-07-19 13:55,2197
2018-07-19 14:00,2207
2018-07-19 14:05,2260
2018-07-19 14:10,2198
2018-07-19 14:15,2263
2018-07-19 14:20,2218
2018-07-19 14:25,2274
2018-07-19 14:30,2244
2018-07-19 14:35,2285
2018-07-19 14:40,2318
2018-07-19 14:45,2270
2018-07-19 14:50,2282
2018-07-19 14:55,2271
2018-07-19 15:00,2195
2018-07-19 15:05,2167
2018-07-19 15:10,2111
2018-07-19 15:15,2126
2018-07-19 15:20,2126
2018-07-19 15:25,2126
2018-07-19 15:30,2145
2018-07-19 15:35,2179
2018-07-19 15:40,2169
2018-07-19 15:45,2184
2018-07-19 15:50,2190
2018-07-19 15:55,2216
2018-07-19 16:00,2226
2018-07-19 16:05,2233
2018-07-19 16:10,2222
2018-07-19 16:15,2224
2018-07-19 16:20,2758
2018-07-19 16:25,3929
2018-07-19 16:30,4954
2018-07-19 16:35,5782
2018-07-19 16:40,6598
2018-07-19 16:45,7261
2018-07-19 16:50,7864
2018-07-19 16:55,8408
2018-07-19 17:00,8896
2018-07-19 17:05,9347
2018-07-19 17:10,9810
2018-07-19 17:15,10173
2018-07-19 17:20,10579
2018-07-19 17:25,10881
2018-07-19 17:30,11091
2018-07-19 17:35,11335
2018-07-19 17:40,11424
2018-07-19 17:45,9441
2018-07-19 17:50,5660
2018-07-19 17:55,4449
2018-07-19 18:00,4761
2018-07-19 18:05,5811
2018-07-19 18:10,6723
2018-07-19 18:15,7363
2018-07-19 18:20,8015
2018-07-19 18:25,8506
2018-07-19 18:30,8896
2018-07-19 18:35,9346
2018-07-19 18:40,9712
2018-07-19 18:45,10155
2018-07-19 18:50,10431
2018-07-19 18:55,10674
2018-07-19 19:00,10821
2018-07-19 19:05,10997
2018-07-19 19:10,11258
2018-07-19 19:15,11386
2018-07-19 19:20,11570
2018-07-19 19:25,11671
2018-07-19 19:30,11706
2018-07-19 19:35,11788
2018-07-19 19:40,11876
2018-07-19 19:45,11958
2018-07-19 19:50,12013
2018-07-19 19:55,12064
2018-07-19 20:00,12201
2018-07-19 20:05,12249
2018-07-19 20:10,12293
2018-07-19 20:15,12335
2018-07-19 20:20,12399
2018-07-19 20:25,12449
2018-07-19 20:30,12469
2018-07-19 20:35,12431
2018-07-19 20:40,12362
2018-07-19 20:45,12272
2018-07-19 20:50,12241
2018-07-19 20:55,12199
2018-07-19 21:00,12162
2018-07-19 21:05,12106
2018-07-19 21:10,12010
2018-07-19 21:15,11906
2018-07-19 21:20,11877
2018-07-19 21:25,11767
2018-07-19 21:30,11682
2018-07-19 21:35,11529
2018-07-19 21:40,11472
2018-07-19 21:45,11337
2018-07-19 21:50,11309
2018-07-19 21:55,11181
2018-07-19 22:00,10957
2018-07-19 22:05,10854
2018-07-19 22:10,10705
2018-07-19 22:15,10588
2018-07-19 22:20,10485
2018-07-19 22:25,10386
2018-07-19 22:30,10340
2018-07-19 22:35,10273
2018-07-19 22:40,10271
2018-07-19 22:45,10170
2018-07-19 22:50,10080
2018-07-19 22:55,10006
2018-07-19 23:00,9875
2018-07-19 23:05,9782
2018-07-19 23:10,9676
2018-07-19 23:15,9633
2018-07-19 23:20,9562
2018-07-19 23:25,9512
2018-07-19 23:30,9396
2018-07-19 23:35,9385
2018-07-19 23:40,9325
2018-07-19 23:45,9218
2018-07-19 23:50,9116
2018-07-19 23:55,8947
2018-07-20 00:00,8953
2018-07-20 00:05,8853
2018-07-20 00:10,8815
2018-07-20 00:15,8799
2018-07-20 00:20,8714
2018-07-20 00:25,8616
2018-07-20 00:30,8619
2018-07-20 00:35,8673
2018-07-20 00:40,8600
2018-07-20 00:45,8594
2018-07-20 00:50,8617
2018-07-20 00:55,8633
2018-07-20 01:00,8610
2018-07-20 01:05,8546
2018-07-20 01:10,8488
2018-07-20 01:15,8481
2018-07-20 01:20,8449
2018-07-20 01:25,8475
2018-07-20 01:30,8431
2018-07-20 01:35,8390
2018-07-20 01:40,8374
2018-07-20 01:45,8353
2018-07-20 01:50,8369
2018-07-20 01:55,8331
2018-07-20 02:00,8285
2018-07-20 02:05,8253
2018-07-20 02:10,8231
2018-07-20 02:15,8253
2018-07-20 02:20,8222
2018-07-20 02:25,8211
2018-07-20 02:30,8220
2018-07-20 02:35,8253
2018-07-20 02:40,8215
2018-07-20 02:45,8210
2018-07-20 02:50,8173
2018-07-20 02:55,8117
2018-07-20 03:00,8066
2018-07-20 03:05,8000
2018-07-20 03:10,7936
2018-07-20 03:15,7891
2018-07-20 03:20,7829
2018-07-20 03:25,7770
2018-07-20 03:30,7671
2018-07-20 03:35,7565
2018-07-20 03:40,7526
2018-07-20 03:45,7457
2018-07-20 03:50,7384
2018-07-20 03:55,7332
2018-07-20 04:00,7227
2018-07-20 04:05,7189
2018-07-20 04:10,7122
2018-07-20 04:15,7058
2018-07-20 04:20,7011
2018-07-20 04:25,6953
2018-07-20 04:30,6904
2018-07-20 04:35,6838
2018-07-20 04:40,6707
2018-07-20 04:45,6641
2018-07-20 04:50,6610
2018-07-20 04:55,6494
2018-07-20 05:00,6390
2018-07-20 05:05,6285
2018-07-20 05:10,6185
2018-07-20 05:15,6088
2018-07-20 05:20,6020
2018-07-20 05:25,5917
2018-07-20 05:30,5833
2018-07-20 05:35,5737
2018-07-20 05:40,5646
2018-07-20 05:45,5568
2018-07-20 05:50,5487
2018-07-20 05:55,5378
2018-07-20 06:00,5352
2018-07-20 06:05,5262
2018-07-20 06:10,5220
2018-07-20 06:15,5151
2018-07-20 06:20,5062
2018-07-20 06:25,5008
2018-07-20 06:30,4970
2018-07-20 06:35,4892
2018-07-20 06:40,4828
2018-07-20 06:45,4763
2018-07-20 06:50,4678
2018-07-20 06:55,4603
2018-07-20 07:00,4609
2018-07-20 07:05,4538
2018-07-20 07:10,4493
2018-07-20 07:15,4472
2018-07-20 07:20,4458
2018-07-20 07:25,4485
2018-07-20 07:30,4467
2018-07-20 07:35,4415
2018-07-20 07:40,4417
2018-07-20 07:45,4395
2018-07-20 07:50,4378
2018-07-20 07:55,4395
2018-07-20 08:00,4384
2018-07-20 08:05,4379
2018-07-20 08:10,4361
2018-07-20 08:15,4340
2018-07-20 08:20,4341
2018-07-20 08:25,4352
2018-07-20 08:30,4352
2018-07-20 08:35,4355
2018-07-20 08:40,4368
2018-07-20 08:45,4420
2018-07-20 08:50,4410
2018-07-20 08:55,4432
2018-07-20 09:00,4468
2018-07-20 09:05,4542
2018-07-20 09:10,4599
2018-07-20 09:15,4616
2018-07-20 09:20,4642
2018-07-20 09:25,4741
2018-07-20 09:30,4767
2018-07-20 09:35,4833
2018-07-20 09:40,4896
2018-07-20 09:45,4945
2018-07-20 09:50,4981
2018-07-20 09:55,5017
2018-07-20 10:00,5048
2018-07-20 10:05,5097
2018-07-20 10:10,5163
2018-07-20 10:15,5204
2018-07-20 10:20,5281
2018-07-20 10:25,5281
2018-07-20 10:30,5286
2018-07-20 10:35,5301
2018-07-20 10:40,5322
2018-07-20 10:45,5327
2018-07-20 10:50,5371
2018-07-20 10:55,5371
2018-07-20 11:00,5389
2018-07-20 11:05,5459
2018-07-20 11:10,5517
2018-07-20 11:15,5602
2018-07-20 11:20,5712
2018-07-20 11:25,5712
2018-07-20 11:30,5760
2018-07-20 11:35,5853
2018-07-20 11:40,5886
2018-07-20 11:45,5976
2018-07-20 11:50,6010
2018-07-20 11:55,6069
2018-07-20 12:00,6054
2018-07-20 12:05,6109
2018-07-20 12:10,6161
2018-07-20 12:15,6228
2018-07-20 12:20,6267
2018-07-20 12:25,6257
2018-07-20 12:30,6348
2018-07-20 12:35,6408
2018-07-20 12:40,6408
2018-07-20 12:45,6474
2018-07-20 12:50,6557
2018-07-20 12:55,6603
2018-07-20 13:00,6661
2018-07-20 13:05,6661
2018-07-20 13:10,6703
2018-07-20 13:15,6866
2018-07-20 13:20,7018
2018-07-20 13:25,7018
2018-07-20 13:30,7093
2018-07-20 13:35,7171
2018-07-20 13:40,7245
2018-07-20 13:45,7335
2018-07-20 13:50,7420
2018-07-20 13:55,7420
2018-07-20 14:00,7515
2018-07-20 14:05,7515
2018-07-20 14:10,7602
2018-07-20 14:15,7698
2018-07-20 14:20,7698
2018-07-20 14:25,7788
2018-07-20 14:30,7893
2018-07-20 14:35,7924
2018-07-20 14:40,8002
2018-07-20 14:45,8028
2018-07-20 14:50,8107
2018-07-20 14:55,8236
2018-07-20 15:00,8377
2018-07-20 15:05,8386
2018-07-20 15:10,8386
2018-07-20 15:15,8501
2018-07-20 15:20,8501
2018-07-20 15:25,8547
2018-07-20 15:30,8549
2018-07-20 15:35,8641
2018-07-20 15:40,8689
2018-07-20 15:45,8834
2018-07-20 15:50,8834
2018-07-20 15:55,8896
2018-07-20 16:00,9019
2018-07-20 16:05,9019
2018-07-20 16:10,9123
2018-07-20 16:15,9165
2018-07-20 16:20,9165
2018-07-20 16:25,9274
2018-07-20 16:30,9269
2018-07-20 16:35,9278
2018-07-20 16:40,9254
2018-07-20 16:45,9333
2018-07-20 16:50,9371
2018-07-20 16:55,9451
2018-07-20 17:00,9480
2018-07-20 17:05,9480
2018-07-20 17:10,9534
2018-07-20 17:15,9630
2018-07-20 17:20,9648
2018-07-20 17:25,9664
2018-07-20 17:30,9762
2018-07-20 17:35,9828
2018-07-20 17:40,9910
2018-07-20 17:45,10030
2018-07-20 17:50,10094
2018-07-20 17:55,10156
2018-07-20 18:00,10202
2018-07-20 18:05,10247
2018-07-20 18:10,10322
2018-07-20 18:15,10352
2018-07-20 18:20,10326
2018-07-20 18:25,10342
2018-07-20 18:30,10428
2018-07-20 18:35,10459
2018-07-20 18:40,10524
2018-07-20 18:45,10586
2018-07-20 18:50,10716
2018-07-20 18:55,10699
2018-07-20 19:00,10767
2018-07-20 19:05,10840
2018-07-20 19:10,10945
2018-07-20 19:15,10958
2018-07-20 19:20,11103
2018-07-20 19:25,11107
2018-07-20 19:30,11222
2018-07-20 19:35,11248
2018-07-20 19:40,11275
2018-07-20 19:45,11275
2018-07-20 19:50,11276
2018-07-20 19:55,11295
2018-07-20 20:00,11359
2018-07-20 20:05,11362
2018-07-20 20:10,11363
2018-07-20 20:15,11384
2018-07-20 20:20,11285
2018-07-20 20:25,11320
2018-07-20 20:30,11323
2018-07-20 20:35,11314
2018-07-20 20:40,11336
2018-07-20 20:45,11392
2018-07-20 20:50,11344
2018-07-20 20:55,11293
2018-07-20 21:00,11205
2018-07-20 21:05,11204
2018-07-20 21:10,11192
2018-07-20 21:15,11175
2018-07-20 21:20,11114
2018-07-20 21:25,11101
2018-07-20 21:30,11058
2018-07-20 21:35,11001
2018-07-20 21:40,10945
2018-07-20 21:45,10883
2018-07-20 21:50,10815
2018-07-20 21:55,10762
2018-07-20 22:00,10667
2018-07-20 22:05,10576
2018-07-20 22:10,10410
2018-07-20 22:15,10282
2018-07-20 22:20,10282
2018-07-20 22:25,10215
2018-07-20 22:30,10155
2018-07-20 22:35,10052
2018-07-20 22:40,9966
2018-07-20 22:45,9881
2018-07-20 22:50,9794
2018-07-20 22:55,9631
2018-07-20 23:00,9529
2018-07-20 23:05,9452
2018-07-20 23:10,9289
2018-07-20 23:15,9277
2018-07-20 23:20,9248
2018-07-20 23:25,9216
2018-07-20 23:30,9135
2018-07-20 23:35,8978
2018-07-20 23:40,8964
2018-07-20 23:45,8907
2018-07-20 23:50,8807
2018-07-20 23:55,8724
2018-07-21 00:00,8656
2018-07-21 00:05,8569
2018-07-21 00:10,8522
2018-07-21 00:15,8502
2018-07-21 00:20,8456
2018-07-21 00:25,8460
2018-07-21 00:30,8407
2018-07-21 00:35,8381
2018-07-21 00:40,8325
2018-07-21 00:45,8241
2018-07-21 00:50,8264
2018-07-21 00:55,8233
2018-07-21 01:00,8196
2018-07-21 01:05,8126
2018-07-21 01:10,8140
2018-07-21 01:15,8117
2018-07-21 01:20,8045
2018-07-21 01:25,8005
2018-07-21 01:30,8012
2018-07-21 01:35,8022
2018-07-21 01:40,7965
2018-07-21 01:45,7931
2018-07-21 01:50,7892
2018-07-21 01:55,7902
2018-07-21 02:00,7908
2018-07-21 02:05,7841
2018-07-21 02:10,7874
2018-07-21 02:15,7946
2018-07-21 02:20,7940
2018-07-21 02:25,7928
2018-07-21 02:30,7962
2018-07-21 02:35,7926
2018-07-21 02:40,7898
2018-07-21 02:45,7888
2018-07-21 02:50,7936
2018-07-21 02:55,7889
2018-07-21 03:00,7870
2018-07-21 03:05,7842
2018-07-21 03:10,7835
2018-07-21 03:15,7742
2018-07-21 03:20,7673
2018-07-21 03:25,7646
2018-07-21 03:30,7637
2018-07-21 03:35,7595
2018-07-21 03:40,7580
2018-07-21 03:45,7510
2018-07-21 03:50,7461
2018-07-21 03:55,7432
2018-07-21 04:00,7397
2018-07-21 04:05,7358
2018-07-21 04:10,7292
2018-07-21 04:15,7227
2018-07-21 04:20,7199
2018-07-21 04:25,7105
2018-07-21 04:30,6992
2018-07-21 04:35,6897
2018-07-21 04:40,6814
2018-07-21 04:45,6781
2018-07-21 04:50,6737
2018-07-21 04:55,6698
2018-07-21 05:00,6652
2018-07-21 05:05,6516
2018-07-21 05:10,0
2018-07-21 05:15,6248
2018-07-21 05:20,6183
2018-07-21 05:25,6119
2018-07-21 05:30,6076
2018-07-21 05:35,6002
2018-07-21 05:40,5956
2018-07-21 05:45,5866
2018-07-21 05:50,5761
2018-07-21 05:55,5658
2018-07-21 06:00,5612
2018-07-21 06:05,5519
2018-07-21 06:10,5469
2018-07-21 06:15,5433
2018-07-21 06:20,5454
2018-07-21 06:25,5397
2018-07-21 06:30,5344
2018-07-21 06:35,5241
2018-07-21 06:40,5188
2018-07-21 06:45,5152
2018-07-21 06:50,5095
2018-07-21 06:55,5021
2018-07-21 07:00,5021
2018-07-21 07:05,4960
2018-07-21 07:10,4944
2018-07-21 07:15,4877
2018-07-21 07:20,4838
2018-07-21 07:25,4788
2018-07-21 07:30,4743
2018-07-21 07:35,4711
2018-07-21 07:40,4697
2018-07-21 07:45,4677
2018-07-21 07:50,4659
2018-07-21 07:55,4669
2018-07-21 08:00,4629
2018-07-21 08:05,4616
2018-07-21 08:10,4602
2018-07-21 08:15,4593
2018-07-21 08:20,4614
2018-07-21 08:25,4583
2018-07-21 08:30,4577
2018-07-21 08:35,4579
2018-07-21 08:40,4598
2018-07-21 08:45,4618
2018-07-21 08:50,4619
2018-07-21 08:55,4624
2018-07-21 09:00,4601
2018-07-21 09:05,4724
2018-07-21 09:10,4777
2018-07-21 09:15,4859
2018-07-21 09:20,4925
2018-07-21 09:25,4941
2018-07-21 09:30,5005
2018-07-21 09:35,5072
2018-07-21 09:40,5163
2018-07-21 09:45,5198
2018-07-21 09:50,5239
2018-07-21 09:55,5289
2018-07-21 10:00,5368
2018-07-21 10:05,5420
2018-07-21 10:10,5475
2018-07-21 10:15,5521
2018-07-21 10:20,5554
2018-07-21 10:25,5660
2018-07-21 10:30,5668
2018-07-21 10:35,5689
2018-07-21 10:40,5730
2018-07-21 10:45,5759
2018-07-21 10:50,5833
2018-07-21 10:55,5841
2018-07-21 11:00,5850
2018-07-21 11:05,5926
2018-07-21 11:10,5943
2018-07-21 11:15,5992
2018-07-21 11:20,6019
2018-07-21 11:25,6073
2018-07-21 11:30,6116
2018-07-21 11:35,6146
2018-07-21 11:40,6221
2018-07-21 11:45,6340
2018-07-21 11:50,6398
2018-07-21 11:55,6378
2018-07-21 12:00,6451
2018-07-21 12:05,6497
2018-07-21 12:10,6553
2018-07-21 12:15,6596
2018-07-21 12:20,6664
2018-07-21 12:25,6703
2018-07-21 12:30,6751
2018-07-21 12:35,6760
2018-07-21 12:40,6802
2018-07-21 12:45,6879
2018-07-21 12:50,6934
2018-07-21 12:55,6993
2018-07-21 13:00,7068
2018-07-21 13:05,7116
2018-07-21 13:10,7209
2018-07-21 13:15,7262
2018-07-21 13:20,7309
2018-07-21 13:25,7358
2018-07-21 13:30,7478
2018-07-21 13:35,7524
2018-07-21 13:40,7584
2018-07-21 13:45,7672
2018-07-21 13:50,7771
2018-07-21 13:55,7841
2018-07-21 14:00,7846
2018-07-21 14:05,7887
2018-07-21 14:10,8004
2018-07-21 14:15,8031
2018-07-21 14:20,8148
2018-07-21 14:25,8274
2018-07-21 14:30,8273
2018-07-21 14:35,8383
2018-07-21 14:40,8431
2018-07-21 14:45,8443
2018-07-21 14:50,8445
2018-07-21 14:55,8479
2018-07-21 15:00,8556
2018-07-21 15:05,8560
2018-07-21 15:10,8575
2018-07-21 15:15,8621
2018-07-21 15:20,8673
2018-07-21 15:25,8708
2018-07-21 15:30,8750
2018-07-21 15:35,8832
2018-07-21 15:40,8938
2018-07-21 15:45,9048
2018-07-21 15:50,9017
2018-07-21 15:55,9074
2018-07-21 16:00,9173
2018-07-21 16:05,9232
2018-07-21 16:10,9311
2018-07-21 16:15,9355
2018-07-21 16:20,9456
2018-07-21 16:25,9570
2018-07-21 16:30,9648
2018-07-21 16:35,9656
2018-07-21 16:40,9723
2018-07-21 16:45,9827
2018-07-21 16:50,9867
2018-07-21 16:55,9889
2018-07-21 17:00,9954
2018-07-21 17:05,9973
2018-07-21 17:10,10016
2018-07-21 17:15,10069
2018-07-21 17:20,10069
2018-07-21 17:25,10126
2018-07-21 17:30,10178
2018-07-21 17:35,10246
2018-07-21 17:40,10297
2018-07-21 17:45,10370
2018-07-21 17:50,10358
2018-07-21 17:55,10468
2018-07-21 18:00,10503
2018-07-21 18:05,10577
2018-07-21 18:10,10628
2018-07-21 18:15,10620
2018-07-21 18:20,10679
2018-07-21 18:25,10774
2018-07-21 18:30,10823
2018-07-21 18:35,10860
2018-07-21 18:40,10896
2018-07-21 18:45,10954
2018-07-21 18:50,10963
2018-07-21 18:55,10989
2018-07-21 19:00,11038
2018-07-21 19:05,11077
2018-07-21 19:10,11188
2018-07-21 19:15,11204
2018-07-21 19:20,11327
2018-07-21 19:25,11360
2018-07-21 19:30,11414
2018-07-21 19:35,11505
2018-07-21 19:40,11495
2018-07-21 19:45,11578
2018-07-21 19:50,11598
2018-07-21 19:55,11625
2018-07-21 20:00,11607
2018-07-21 20:05,11672
2018-07-21 20:10,11737
2018-07-21 20:15,11686
2018-07-21 20:20,11683
2018-07-21 20:25,11695
2018-07-21 20:30,11673
2018-07-21 20:35,11673
2018-07-21 20:40,11667
2018-07-21 20:45,11628
2018-07-21 20:50,11595
2018-07-21 20:55,11590
2018-07-21 21:00,11522
2018-07-21 21:05,11430
2018-07-21 21:10,11361
2018-07-21 21:15,11354
2018-07-21 21:20,11323
2018-07-21 21:25,11280
2018-07-21 21:30,11349
2018-07-21 21:35,11273
2018-07-21 21:40,11113
2018-07-21 21:45,11071
2018-07-21 21:50,11050
2018-07-21 21:55,10928
2018-07-21 22:00,10874
2018-07-21 22:05,10736
2018-07-21 22:10,10696
2018-07-21 22:15,10612
2018-07-21 22:20,10558
2018-07-21 22:25,10454
2018-07-21 22:30,10384
2018-07-21 22:35,10324
2018-07-21 22:40,10222
2018-07-21 22:45,10205
2018-07-21 22:50,10182
2018-07-21 22:55,10117
2018-07-21 23:00,9970
2018-07-21 23:05,9841
2018-07-21 23:10,9685
2018-07-21 23:15,9555
2018-07-21 23:20,9452
2018-07-21 23:25,9405
2018-07-21 23:30,9261
2018-07-21 23:35,9266
2018-07-21 23:40,9128
2018-07-21 23:45,9125
2018-07-21 23:50,9007
2018-07-21 23:55,8913
2018-07-22 00:00,8936
2018-07-22 00:05,8844
2018-07-22 00:10,8785
2018-07-22 00:15,8733
2018-07-22 00:20,8578
2018-07-22 00:25,8510
2018-07-22 00:30,8485
2018-07-22 00:35,8408
2018-07-22 00:40,8382
2018-07-22 00:45,8341
2018-07-22 00:50,8304
2018-07-22 00:55,8245
2018-07-22 01:00,8196
2018-07-22 01:05,8178
2018-07-22 01:10,8125
2018-07-22 01:15,8133
2018-07-22 01:20,8096
2018-07-22 01:25,8104
2018-07-22 01:30,8087
2018-07-22 01:35,8111
2018-07-22 01:40,8069
2018-07-22 01:45,8063
2018-07-22 01:50,8096
2018-07-22 01:55,8079
2018-07-22 02:00,8064
2018-07-22 02:05,8012
2018-07-22 02:10,8002
2018-07-22 02:15,7972
2018-07-22 02:20,7983
2018-07-22 02:25,7918
2018-07-22 02:30,7920
2018-07-22 02:35,7877
2018-07-22 02:40,7870
2018-07-22 02:45,7835
2018-07-22 02:50,7811
2018-07-22 02:55,7817
2018-07-22 03:00,7834
2018-07-22 03:05,7779
2018-07-22 03:10,7728
2018-07-22 03:15,7718
2018-07-22 03:20,7601
2018-07-22 03:25,7523
2018-07-22 03:30,7560
2018-07-22 03:35,7519
2018-07-22 03:40,7507
2018-07-22 03:45,7514
2018-07-22 03:50,7493
2018-07-22 03:55,7426
2018-07-22 04:00,7383
2018-07-22 04:05,7298
2018-07-22 04:10,7211
2018-07-22 04:15,7183
2018-07-22 04:20,7169
2018-07-22 04:25,7113
2018-07-22 04:30,7081
2018-07-22 04:35,7047
2018-07-22 04:40,7028
2018-07-22 04:45,6951
2018-07-22 04:50,6847
2018-07-22 04:55,6795
2018-07-22 05:00,6696
2018-07-22 05:05,6620
2018-07-22 05:10,6532
2018-07-22 05:15,6427
2018-07-22 05:20,6347
2018-07-22 05:25,6275
2018-07-22 05:30,6176
2018-07-22 05:35,6128
2018-07-22 05:40,6054
2018-07-22 05:45,5983
2018-07-22 05:50,5938
2018-07-22 05:55,5860
2018-07-22 06:00,5805
2018-07-22 06:05,5738
2018-07-22 06:10,5651
2018-07-22 06:15,5571
2018-07-22 06:20,5521
2018-07-22 06:25,5483
2018-07-22 06:30,5443
2018-07-22 06:35,5406
2018-07-22 06:40,5354
2018-07-22 06:45,5321
2018-07-22 06:50,5298
2018-07-22 06:55,5249
2018-07-22 07:00,5218
2018-07-22 07:05,5138
2018-07-22 07:10,5068
2018-07-22 07:15,5048
2018-07-22 07:20,0
2018-07-22 07:25,5006
2018-07-22 07:30,4953
2018-07-22 07:35,4897
2018-07-22 07:40,4874
2018-07-22 07:45,4862
2018-07-22 07:50,4841
2018-07-22 07:55,4822
2018-07-22 08:00,4827
2018-07-22 08:05,4770
2018-07-22 08:10,4772
2018-07-22 08:15,4804
2018-07-22 08:20,4779
2018-07-22 08:25,4811
2018-07-22 08:30,4858
2018-07-22 08:35,4844
2018-07-22 08:40,4864
2018-07-22 08:45,4878
2018-07-22 08:50,4879
2018-07-22 08:55,4921
2018-07-22 09:00,4962
2018-07-22 09:05,5028
2018-07-22 09:10,5090
2018-07-22 09:15,5153
2018-07-22 09:20,5249
2018-07-22 09:25,5330
2018-07-22 09:30,5352
2018-07-22 09:35,5399
2018-07-22 09:40,5438
2018-07-22 09:45,5516
2018-07-22 09:50,5591
2018-07-22 09:55,5609
2018-07-22 10:00,5633
2018-07-22 10:05,5646
2018-07-22 10:10,5680
2018-07-22 10:15,5696
2018-07-22 10:20,5730
2018-07-22 10:25,5769
2018-07-22 10:30,5815
2018-07-22 10:35,5897
2018-07-22 10:40,5994
2018-07-22 10:45,6011
2018-07-22 10:50,6065
2018-07-22 10:55,6110
2018-07-22 11:00,6170
2018-07-22 11:05,6231
2018-07-22 11:10,6279
2018-07-22 11:15,6363
2018-07-22 11:20,6393
2018-07-22 11:25,6424
2018-07-22 11:30,6538
2018-07-22 11:35,6555
2018-07-22 11:40,6590
2018-07-22 11:45,6701
2018-07-22 11:50,6765
2018-07-22 11:55,6801
2018-07-22 12:00,6824
2018-07-22 12:05,6822
2018-07-22 12:10,6898
2018-07-22 12:15,6950
2018-07-22 12:20,6944
2018-07-22 12:25,7008
2018-07-22 12:30,7088
2018-07-22 12:35,7137
2018-07-22 12:40,7183
2018-07-22 12:45,7273
2018-07-22 12:50,7298
2018-07-22 12:55,7381
2018-07-22 13:00,7476
2018-07-22 13:05,7494
2018-07-22 13:10,7596
2018-07-22 13:15,7654
2018-07-22 13:20,7742
2018-07-22 13:25,7774
2018-07-22 13:30,7805
2018-07-22 13:35,7975
2018-07-22 13:40,8066
2018-07-22 13:45,8140
2018-07-22 13:50,8170
2018-07-22 13:55,8183
2018-07-22 14:00,8209
2018-07-22 14:05,8265
2018-07-22 14:10,8377
2018-07-22 14:15,8446
2018-07-22 14:20,8485
2018-07-22 14:25,8556
2018-07-22 14:30,8624
2018-07-22 14:35,8674
2018-07-22 14:40,8751
2018-07-22 14:45,8798
2018-07-22 14:50,8858
2018-07-22 14:55,8936
2018-07-22 15:00,8980
2018-07-22 15:05,9095
2018-07-22 15:10,9211
2018-07-22 15:15,9278
2018-07-22 15:20,9357
2018-07-22 15:25,9503
2018-07-22 15:30,9564
2018-07-22 15:35,9670
2018-07-22 15:40,9777
2018-07-22 15:45,9839
2018-07-22 15:50,9880
2018-07-22 15:55,9969
2018-07-22 16:00,10003
2018-07-22 16:05,9983
2018-07-22 16:10,10069
2018-07-22 16:15,10130
2018-07-22 16:20,10179
2018-07-22 16:25,10231
2018-07-22 16:30,10257
2018-07-22 16:35,10337
2018-07-22 16:40,10372
2018-07-22 16:45,10456
2018-07-22 16:50,10664
2018-07-22 16:55,10723
2018-07-22 17:00,10780
2018-07-22 17:05,10827
2018-07-22 17:10,10879
2018-07-22 17:15,10988
2018-07-22 17:20,11082
2018-07-22 17:25,11153
2018-07-22 17:30,11191
2018-07-22 17:35,11304
2018-07-22 17:40,11412
2018-07-22 17:45,11493
2018-07-22 17:50,11495
2018-07-22 17:55,11515
2018-07-22 18:00,11551
2018-07-22 18:05,11661
2018-07-22 18:10,11751
2018-07-22 18:15,11747
2018-07-22 18:20,11795
2018-07-22 18:25,11914
2018-07-22 18:30,11916
2018-07-22 18:35,12012
2018-07-22 18:40,12062
2018-07-22 18:45,12122
2018-07-22 18:50,12196
2018-07-22 18:55,12275
2018-07-22 19:00,12285
2018-07-22 19:05,12293
2018-07-22 19:10,12376
2018-07-22 19:15,12399
2018-07-22 19:20,12393
2018-07-22 19:25,12486
2018-07-22 19:30,12527
2018-07-22 19:35,12610
2018-07-22 19:40,12609
2018-07-22 19:45,12607
2018-07-22 19:50,12608
2018-07-22 19:55,12637
2018-07-22 20:00,12575
2018-07-22 20:05,12573
2018-07-22 20:10,12492
2018-07-22 20:15,12456
2018-07-22 20:20,12384
2018-07-22 20:25,12406
2018-07-22 20:30,12416
2018-07-22 20:35,12318
2018-07-22 20:40,12291
2018-07-22 20:45,12215
2018-07-22 20:50,12199
2018-07-22 20:55,12114
2018-07-22 21:00,12121
2018-07-22 21:05,12027
2018-07-22 21:10,11949
2018-07-22 21:15,11905
2018-07-22 21:20,11839
2018-07-22 21:25,11771
2018-07-22 21:30,11684
2018-07-22 21:35,11617
2018-07-22 21:40,11488
2018-07-22 21:45,11467
2018-07-22 21:50,11455
2018-07-22 21:55,11293
2018-07-22 22:00,11252
2018-07-22 22:05,11151
2018-07-22 22:10,11041
2018-07-22 22:15,11075
2018-07-22 22:20,11034
2018-07-22 22:25,10911
2018-07-22 22:30,10834
2018-07-22 22:35,10780
2018-07-22 22:40,10638
2018-07-22 22:45,10572
2018-07-22 22:50,10483
2018-07-22 22:55,10405
2018-07-22 23:00,10309
2018-07-22 23:05,10288
2018-07-22 23:10,10204
2018-07-22 23:15,10205
2018-07-22 23:20,10146
2018-07-22 23:25,10145
2018-07-22 23:30,9987
2018-07-22 23:35,9892
2018-07-22 23:40,9839
2018-07-22 23:45,9769
2018-07-22 23:50,9715
2018-07-22 23:55,9598
2018-07-23 00:00,9500
2018-07-23 00:05,9395
2018-07-23 00:10,9361
2018-07-23 00:15,9311
2018-07-23 00:20,9296
2018-07-23 00:25,9231
2018-07-23 00:30,9201
2018-07-23 00:35,9166
2018-07-23 00:40,9104
2018-07-23 00:45,9071
2018-07-23 00:50,9025
2018-07-23 00:55,8925
2018-07-23 01:00,8858
2018-07-23 01:05,8798
2018-07-23 01:10,8711
2018-07-23 01:15,8691
2018-07-23 01:20,8712
2018-07-23 01:25,8638
2018-07-23 01:30,8611
2018-07-23 01:35,8591
2018-07-23 01:40,8615
2018-07-23 01:45,8596
2018-07-23 01:50,8586
2018-07-23 01:55,8539
2018-07-23 02:00,8453
2018-07-23 02:05,8322
2018-07-23 02:10,8364
2018-07-23 02:15,8246
2018-07-23 02:20,8269
2018-07-23 02:25,8210
2018-07-23 02:30,8153
2018-07-23 02:35,8140
2018-07-23 02:40,8127
2018-07-23 02:45,8136
2018-07-23 02:50,8069
2018-07-23 02:55,7963
2018-07-23 03:00,7958
2018-07-23 03:05,7903
2018-07-23 03:10,7873
2018-07-23 03:15,7812
2018-07-23 03:20,7719
2018-07-23 03:25,7627
2018-07-23 03:30,7521
2018-07-23 03:35,7453
2018-07-23 03:40,7415
2018-07-23 03:45,7361
2018-07-23 03:50,7213
2018-07-23 03:55,7113
2018-07-23 04:00,7031
2018-07-23 04:05,6934
2018-07-23 04:10,6844
2018-07-23 04:15,6762
2018-07-23 04:20,6638
2018-07-23 04:25,6547
2018-07-23 04:30,6379
2018-07-23 04:35,6374
2018-07-23 04:40,6289
2018-07-23 04:45,6185
2018-07-23 04:50,6157
2018-07-23 04:55,6066
2018-07-23 05:00,5940
2018-07-23 05:05,5859
2018-07-23 05:10,5774
2018-07-23 05:15,5729
2018-07-23 05:20,5650
2018-07-23 05:25,5545
2018-07-23 05:30,5429
2018-07-23 05:35,5394
2018-07-23 05:40,5364
2018-07-23 05:45,5267
2018-07-23 05:50,5178
2018-07-23 05:55,5095
2018-07-23 06:00,5032
2018-07-23 06:05,5016
2018-07-23 06:10,4903
2018-07-23 06:15,4870
2018-07-23 06:20,4789
2018-07-23 06:25,4715
2018-07-23 06:30,4681
2018-07-23 06:35,4494
2018-07-23 06:40,4057
2018-07-23 06:45,3587
2018-07-23 06:50,3116
2018-07-23 06:55,2917
2018-07-23 07:00,2975
2018-07-23 07:05,3087
2018-07-23 07:10,3166
2018-07-23 07:15,3283
2018-07-23 07:20,3345
2018-07-23 07:25,3422
2018-07-23 07:30,3532
2018-07-23 07:35,3573
2018-07-23 07:40,3633
2018-07-23 07:45,3663
2018-07-23 07:50,3707
2018-07-23 07:55,3765
2018-07-23 08:00,3810
2018-07-23 08:05,3767
2018-07-23 08:10,3870
2018-07-23 08:15,3885
2018-07-23 08:20,3907
2018-07-23 08:25,3935
2018-07-23 08:30,3969
2018-07-23 08:35,3996
2018-07-23 08:40,4006
2018-07-23 08:45,4001
2018-07-23 08:50,4040
2018-07-23 08:55,4066
2018-07-23 09:00,4096
2018-07-23 09:05,4217
2018-07-23 09:10,4268
2018-07-23 09:15,4281
2018-07-23 09:20,4334
2018-07-23 09:25,4404
2018-07-23 09:30,4454
2018-07-23 09:35,4450
2018-07-23 09:40,4516
2018-07-23 09:45,4572
2018-07-23 09:50,4635
2018-07-23 09:55,4723
2018-07-23 10:00,4743
2018-07-23 10:05,4791
2018-07-23 10:10,4896
2018-07-23 10:15,4894
2018-07-23 10:20,4951
2018-07-23 10:25,4989
2018-07-23 10:30,5033
2018-07-23 10:35,5097
2018-07-23 10:40,5120
2018-07-23 10:45,5127
2018-07-23 10:50,5155
2018-07-23 10:55,5225
2018-07-23 11:00,5252
2018-07-23 11:05,5265
2018-07-23 11:10,5278
2018-07-23 11:15,5313
2018-07-23 11:20,5415
2018-07-23 11:25,5539
2018-07-23 11:30,5581
2018-07-23 11:35,5646
2018-07-23 11:40,5682
2018-07-23 11:45,5741
2018-07-23 11:50,5786
2018-07-23 11:55,5862
2018-07-23 12:00,5884
2018-07-23 12:05,5868
2018-07-23 12:10,5948
2018-07-23 12:15,6042
2018-07-23 12:20,6092
2018-07-23 12:25,6135
2018-07-23 12:30,6198
2018-07-23 12:35,6263
2018-07-23 12:40,6359
2018-07-23 12:45,6450
2018-07-23 12:50,6503
2018-07-23 12:55,6581
2018-07-23 13:00,6615
2018-07-23 13:05,6695
2018-07-23 13:10,6732
2018-07-23 13:15,6836
2018-07-23 13:20,6906
2018-07-23 13:25,6978
2018-07-23 13:30,7079
2018-07-23 13:35,7148
2018-07-23 13:40,7194
2018-07-23 13:45,7249
2018-07-23 13:50,7324
2018-07-23 13:55,7335
2018-07-23 14:00,7368
2018-07-23 14:05,7459
2018-07-23 14:10,7534
2018-07-23 14:15,7576
2018-07-23 14:20,7633
2018-07-23 14:25,7679
2018-07-23 14:30,7702
2018-07-23 14:35,7774
2018-07-23 14:40,7900
2018-07-23 14:45,8010
2018-07-23 14:50,8040
2018-07-23 14:55,8080
2018-07-23 15:00,8132
2018-07-23 15:05,8257
2018-07-23 15:10,8315
2018-07-23 15:15,8379
2018-07-23 15:20,8506
2018-07-23 15:25,8589
2018-07-23 15:30,8624
2018-07-23 15:35,8625
2018-07-23 15:40,8690
2018-07-23 15:45,8686
2018-07-23 15:50,8694
2018-07-23 15:55,8793
2018-07-23 16:00,8889
2018-07-23 16:05,8906
2018-07-23 16:10,8938
2018-07-23 16:15,9028
2018-07-23 16:20,9184
2018-07-23 16:25,9280
2018-07-23 16:30,9359
2018-07-23 16:35,9433
2018-07-23 16:40,9505
2018-07-23 16:45,9567
2018-07-23 16:50,9586
2018-07-23 16:55,9687
2018-07-23 17:00,9775
2018-07-23 17:05,9806
2018-07-23 17:10,9851
2018-07-23 17:15,9876
2018-07-23 17:20,9940
2018-07-23 17:25,10053
2018-07-23 17:30,10137
2018-07-23 17:35,10171
2018-07-23 17:40,10298
2018-07-23 17:45,10410
2018-07-23 17:50,10501
2018-07-23 17:55,10574
2018-07-23 18:00,10692
2018-07-23 18:05,10817
2018-07-23 18:10,10819
2018-07-23 18:15,10915
2018-07-23 18:20,10960
2018-07-23 18:25,11021
2018-07-23 18:30,11184
2018-07-23 18:35,11209
2018-07-23 18:40,11248
2018-07-23 18:45,11338
2018-07-23 18:50,11427
2018-07-23 18:55,11481
2018-07-23 19:00,11503
2018-07-23 19:05,11607
2018-07-23 19:10,11675
2018-07-23 19:15,11726
2018-07-23 19:20,11698
2018-07-23 19:25,11709
2018-07-23 19:30,11752
2018-07-23 19:35,11821
2018-07-23 19:40,11748
2018-07-23 19:45,11723
2018-07-23 19:50,11672
2018-07-23 19:55,11639
2018-07-23 20:00,11656
2018-07-23 20:05,11702
2018-07-23 20:10,11690
2018-07-23 20:15,11719
2018-07-23 20:20,11665
2018-07-23 20:25,11628
2018-07-23 20:30,11491
2018-07-23 20:35,11457
2018-07-23 20:40,11435
2018-07-23 20:45,11427
2018-07-23 20:50,11376
2018-07-23 20:55,11420
2018-07-23 21:00,11335
2018-07-23 21:05,11270
2018-07-23 21:10,11192
2018-07-23 21:15,11118
2018-07-23 21:20,11084
2018-07-23 21:25,11049
2018-07-23 21:30,10974
2018-07-23 21:35,10920
2018-07-23 21:40,10829
2018-07-23 21:45,10795
2018-07-23 21:50,10740
2018-07-23 21:55,10669
2018-07-23 22:00,10543
2018-07-23 22:05,10453
2018-07-23 22:10,10377
2018-07-23 22:15,10346
2018-07-23 22:20,10246
2018-07-23 22:25,10185
2018-07-23 22:30,10108
2018-07-23 22:35,10074
2018-07-23 22:40,10027
2018-07-23 22:45,9921
2018-07-23 22:50,9865
2018-07-23 22:55,9866
2018-07-23 23:00,9809
2018-07-23 23:05,9651
2018-07-23 23:10,9627
2018-07-23 23:15,
2018-07-23 23:20,
2018-07-23 23:25,
2018-07-23 23:30,6315
2018-07-23 23:35,8925
2018-07-23 23:40,9150
2018-07-23 23:45,9035
2018-07-23 23:50,8964
2018-07-23 23:55,9062
2018-07-24 00:00,9075
2018-07-24 00:05,9069
2018-07-24 00:10,9030
2018-07-24 00:15,8909
2018-07-24 00:20,8815
2018-07-24 00:25,8765
2018-07-24 00:30,8745
2018-07-24 00:35,8761
2018-07-24 00:40,8793
2018-07-24 00:45,8809
2018-07-24 00:50,8775
2018-07-24 00:55,8718
2018-07-24 01:00,8756
2018-07-24 01:05,8705
2018-07-24 01:10,8622
2018-07-24 01:15,8597
2018-07-24 01:20,8567
2018-07-24 01:25,8532
2018-07-24 01:30,8475
2018-07-24 01:35,8450
2018-07-24 01:40,8461
2018-07-24 01:45,8436
2018-07-24 01:50,8366
2018-07-24 01:55,8315
2018-07-24 02:00,8260
2018-07-24 02:05,8222
2018-07-24 02:10,8261
2018-07-24 02:15,8214
2018-07-24 02:20,8155
2018-07-24 02:25,8149
2018-07-24 02:30,8142
2018-07-24 02:35,8159
2018-07-24 02:40,8132
2018-07-24 02:45,8025
2018-07-24 02:50,7969
2018-07-24 02:55,7911
2018-07-24 03:00,7874
2018-07-24 03:05,7829
2018-07-24 03:10,7755
2018-07-24 03:15,7728
2018-07-24 03:20,7680
2018-07-24 03:25,7595
2018-07-24 03:30,7485
2018-07-24 03:35,7362
2018-07-24 03:40,7284
2018-07-24 03:45,7217
2018-07-24 03:50,7211
2018-07-24 03:55,7134
2018-07-24 04:00,7069
2018-07-24 04:05,6992
2018-07-24 04:10,6856
2018-07-24 04:15,6743
2018-07-24 04:20,6655
2018-07-24 04:25,6642
2018-07-24 04:30,6515
2018-07-24 04:35,6425
2018-07-24 04:40,6365
2018-07-24 04:45,6284
2018-07-24 04:50,6195
2018-07-24 04:55,6075
2018-07-24 05:00,5909
2018-07-24 05:05,5809
2018-07-24 05:10,5768
2018-07-24 05:15,5674
2018-07-24 05:20,5561
2018-07-24 05:25,5476
2018-07-24 05:30,5392
2018-07-24 05:35,5339
2018-07-24 05:40,5300
2018-07-24 05:45,5215
2018-07-24 05:50,5136
2018-07-24 05:55,5055
2018-07-24 06:00,4981
2018-07-24 06:05,4921
2018-07-24 06:10,4829
2018-07-24 06:15,4753
2018-07-24 06:20,4724
2018-07-24 06:25,4650
2018-07-24 06:30,4587
2018-07-24 06:35,4564
2018-07-24 06:40,4545
2018-07-24 06:45,4476
2018-07-24 06:50,4434
2018-07-24 06:55,4369
2018-07-24 07:00,4310
2018-07-24 07:05,4299
2018-07-24 07:10,4247
2018-07-24 07:15,4235
2018-07-24 07:20,4191
2018-07-24 07:25,4188
2018-07-24 07:30,4180
2018-07-24 07:35,4143
2018-07-24 07:40,4149
2018-07-24 07:45,4171
2018-07-24 07:50,4175
2018-07-24 07:55,4167
2018-07-24 08:00,4157
2018-07-24 08:05,4133
2018-07-24 08:10,4160
2018-07-24 08:15,4103
2018-07-24 08:20,4135
2018-07-24 08:25,4168
2018-07-24 08:30,4157
2018-07-24 08:35,4203
2018-07-24 08:40,4234
2018-07-24 08:45,4251
2018-07-24 08:50,4271
2018-07-24 08:55,4282
2018-07-24 09:00,4264
2018-07-24 09:05,4330
2018-07-24 09:10,4381
2018-07-24 09:15,4439
2018-07-24 09:20,4524
2018-07-24 09:25,4564
2018-07-24 09:30,4584
2018-07-24 09:35,4491
2018-07-24 09:40,4518
2018-07-24 09:45,4536
2018-07-24 09:50,4575
2018-07-24 09:55,4591
2018-07-24 10:00,4617
2018-07-24 10:05,4467
2018-07-24 10:10,4385
2018-07-24 10:15,4369
2018-07-24 10:20,4291
2018-07-24 10:25,4283
2018-07-24 10:30,4273
2018-07-24 10:35,3784
2018-07-24 10:40,3111
2018-07-24 10:45,2538
2018-07-24 10:50,1939
2018-07-24 10:55,1584
2018-07-24 11:00,1404
2018-07-24 11:05,1212
2018-07-24 11:10,1197
2018-07-24 11:15,1206
2018-07-24 11:20,1235
2018-07-24 11:25,1271
2018-07-24 11:30,1276
2018-07-24 11:35,1325
2018-07-24 11:40,1311
2018-07-24 11:45,1338
2018-07-24 11:50,1357
2018-07-24 11:55,1404
2018-07-24 12:00,1426
2018-07-24 12:05,1432
2018-07-24 12:10,1478
2018-07-24 12:15,1478
2018-07-24 12:20,1477
2018-07-24 12:25,1502
2018-07-24 12:30,1529
2018-07-24 12:35,1503
2018-07-24 12:40,1562
2018-07-24 12:45,1560
2018-07-24 12:50,1601
2018-07-24 12:55,1630
2018-07-24 13:00,1676
2018-07-24 13:05,1677
2018-07-24 13:10,1604
2018-07-24 13:15,1579
2018-07-24 13:20,1559
2018-07-24 13:25,1975
2018-07-24 13:30,2767
2018-07-24 13:35,3465
2018-07-24 13:40,4186
2018-07-24 13:45,4809
2018-07-24 13:50,5353
2018-07-24 13:55,5826
2018-07-24 14:00,6214
2018-07-24 14:05,6209
2018-07-24 14:10,6704
2018-07-24 14:15,7057
2018-07-24 14:20,6637
2018-07-24 14:25,6279
2018-07-24 14:30,6888
2018-07-24 14:35,7400
2018-07-24 14:40,7855
2018-07-24 14:45,8246
2018-07-24 14:50,8615
2018-07-24 14:55,8823
2018-07-24 15:00,9137
2018-07-24 15:05,9381
2018-07-24 15:10,
2018-07-24 15:15,9355
2018-07-24 15:20,9002
2018-07-24 15:25,9145
2018-07-24 15:30,8208
2018-07-24 15:35,7177
2018-07-24 15:40,6415
2018-07-24 15:45,5775
2018-07-24 15:50,5291
2018-07-24 15:55,6095
2018-07-24 16:00,6843
2018-07-24 16:05,7487
2018-07-24 16:10,8045
2018-07-24 16:15,8550
2018-07-24 16:20,8960
2018-07-24 16:25,9296
2018-07-24 16:30,9722
2018-07-24 16:35,10090
2018-07-24 16:40,10348
2018-07-24 16:45,10586
2018-07-24 16:50,10817
2018-07-24 16:55,11097
2018-07-24 17:00,11279
2018-07-24 17:05,11385
2018-07-24 17:10,11579
2018-07-24 17:15,11726
2018-07-24 17:20,11883
2018-07-24 17:25,11947
2018-07-24 17:30,12022
2018-07-24 17:35,12140
2018-07-24 17:40,12288
2018-07-24 17:45,12328
2018-07-24 17:50,12521
2018-07-24 17:55,12670
2018-07-24 18:00,12790
2018-07-24 18:05,12885
2018-07-24 18:10,12985
2018-07-24 18:15,13093
2018-07-24 18:20,13106
2018-07-24 18:25,13168
2018-07-24 18:30,13181
2018-07-24 18:35,13246
2018-07-24 18:40,13309
2018-07-24 18:45,13407
2018-07-24 18:50,13512
2018-07-24 18:55,13591
2018-07-24 19:00,13662
2018-07-24 19:05,13670
2018-07-24 19:10,13712
2018-07-24 19:15,13762
2018-07-24 19:20,13876
2018-07-24 19:25,13876
2018-07-24 19:30,13951
2018-07-24 19:35,13974
2018-07-24 19:40,13937
2018-07-24 19:45,13940
2018-07-24 19:50,13896
2018-07-24 19:55,13922
2018-07-24 20:00,13897
2018-07-24 20:05,13810
2018-07-24 20:10,13795
2018-07-24 20:15,13654
2018-07-24 20:20,13633
2018-07-24 20:25,13575
2018-07-24 20:30,13501
2018-07-24 20:35,13347
2018-07-24 20:40,13352
2018-07-24 20:45,13359
2018-07-24 20:50,13288
2018-07-24 20:55,13228
2018-07-24 21:00,13125
2018-07-24 21:05,13082
2018-07-24 21:10,12962
2018-07-24 21:15,12844
2018-07-24 21:20,12784
2018-07-24 21:25,12693
2018-07-24 21:30,12628
2018-07-24 21:35,12561
2018-07-24 21:40,12397
2018-07-24 21:45,12297
2018-07-24 21:50,12169
2018-07-24 21:55,12101
2018-07-24 22:00,12045
2018-07-24 22:05,12029
2018-07-24 22:10,11949
2018-07-24 22:15,11932
2018-07-24 22:20,11881
2018-07-24 22:25,11794
2018-07-24 22:30,11733
2018-07-24 22:35,11704
2018-07-24 22:40,11622
2018-07-24 22:45,11531
2018-07-24 22:50,11432
2018-07-24 22:55,11421
2018-07-24 23:00,11378
2018-07-24 23:05,11262
2018-07-24 23:10,11189
2018-07-24 23:15,11079
2018-07-24 23:20,10951
2018-07-24 23:25,10878
2018-07-24 23:30,10790
2018-07-24 23:35,10746
2018-07-24 23:40,10665
2018-07-24 23:45,10613
2018-07-24 23:50,10607
2018-07-24 23:55,10532
2018-07-25 00:00,10467
2018-07-25 00:05,10304
2018-07-25 00:10,10289
2018-07-25 00:15,10228
2018-07-25 00:20,10202
2018-07-25 00:25,10117
2018-07-25 00:30,10066
2018-07-25 00:35,10089
2018-07-25 00:40,10072
2018-07-25 00:45,10034
2018-07-25 00:50,10040
2018-07-25 00:55,10003
2018-07-25 01:00,9952
2018-07-25 01:05,9926
2018-07-25 01:10,9938
2018-07-25 01:15,9973
2018-07-25 01:20,9905
2018-07-25 01:25,9869
2018-07-25 01:30,9830
2018-07-25 01:35,9830
2018-07-25 01:40,9835
2018-07-25 01:45,9776
2018-07-25 01:50,9744
2018-07-25 01:55,9719
2018-07-25 02:00,9677
2018-07-25 02:05,9648
2018-07-25 02:10,9622
2018-07-25 02:15,9634
2018-07-25 02:20,9626
2018-07-25 02:25,9535
2018-07-25 02:30,9499
2018-07-25 02:35,9406
2018-07-25 02:40,9355
2018-07-25 02:45,9307
2018-07-25 02:50,9226
2018-07-25 02:55,9168
2018-07-25 03:00,9103
2018-07-25 03:05,9012
2018-07-25 03:10,8942
2018-07-25 03:15,8859
2018-07-25 03:20,8804
2018-07-25 03:25,8758
2018-07-25 03:30,8636
2018-07-25 03:35,8539
2018-07-25 03:40,8385
2018-07-25 03:45,8263
2018-07-25 03:50,8195
2018-07-25 03:55,8125
2018-07-25 04:00,8029
2018-07-25 04:05,7909
2018-07-25 04:10,7749
2018-07-25 04:15,7663
2018-07-25 04:20,7542
2018-07-25 04:25,7430
2018-07-25 04:30,7359
2018-07-25 04:35,7277
2018-07-25 04:40,7201
2018-07-25 04:45,7110
2018-07-25 04:50,7017
2018-07-25 04:55,6915
2018-07-25 05:00,6880
2018-07-25 05:05,6793
2018-07-25 05:10,6636
2018-07-25 05:15,6583
2018-07-25 05:20,6500
2018-07-25 05:25,6443
2018-07-25 05:30,6370
2018-07-25 05:35,6298
2018-07-25 05:40,6160
2018-07-25 05:45,6077
2018-07-25 05:50,6013
2018-07-25 05:55,5941
2018-07-25 06:00,5847
2018-07-25 06:05,5769
2018-07-25 06:10,5702
2018-07-25 06:15,5620
2018-07-25 06:20,5540
2018-07-25 06:25,5447
2018-07-25 06:30,5358
2018-07-25 06:35,5294
2018-07-25 06:40,5261
2018-07-25 06:45,5186
2018-07-25 06:50,5133
2018-07-25 06:55,5076
2018-07-25 07:00,4973
2018-07-25 07:05,4911
2018-07-25 07:10,4877
2018-07-25 07:15,4843
2018-07-25 07:20,4786
2018-07-25 07:25,4788
2018-07-25 07:30,4739
2018-07-25 07:35,4674
2018-07-25 07:40,4667
2018-07-25 07:45,4657
2018-07-25 07:50,4649
2018-07-25 07:55,4653
2018-07-25 08:00,4688
2018-07-25 08:05,4690
2018-07-25 08:10,4736
2018-07-25 08:15,4740
2018-07-25 08:20,4768
2018-07-25 08:25,4798
2018-07-25 08:30,4798
2018-07-25 08:35,4815
2018-07-25 08:40,4822
2018-07-25 08:45,4859
2018-07-25 08:50,4835
2018-07-25 08:55,4842
2018-07-25 09:00,4905
2018-07-25 09:05,4999
2018-07-25 09:10,5126
2018-07-25 09:15,5119
2018-07-25 09:20,5167
2018-07-25 09:25,5217
2018-07-25 09:30,5292
2018-07-25 09:35,5341
2018-07-25 09:40,5380
2018-07-25 09:45,5380
2018-07-25 09:50,5425
2018-07-25 09:55,5446
2018-07-25 10:00,5464
2018-07-25 10:05,5501
2018-07-25 10:10,5594
2018-07-25 10:15,5624
2018-07-25 10:20,5626
2018-07-25 10:25,5679
2018-07-25 10:30,5746
2018-07-25 10:35,5809
2018-07-25 10:40,5854
2018-07-25 10:45,5879
2018-07-25 10:50,5844
2018-07-25 10:55,5930
2018-07-25 11:00,5956
2018-07-25 11:05,6073
2018-07-25 11:10,6102
2018-07-25 11:15,6162
2018-07-25 11:20,6173
2018-07-25 11:25,6258
2018-07-25 11:30,6280
2018-07-25 11:35,6349
2018-07-25 11:40,6456
2018-07-25 11:45,6566
2018-07-25 11:50,6606
2018-07-25 11:55,6684
2018-07-25 12:00,6726
2018-07-25 12:05,6767
2018-07-25 12:10,6832
2018-07-25 12:15,6871
2018-07-25 12:20,6890
2018-07-25 12:25,6896
2018-07-25 12:30,6964
2018-07-25 12:35,7048
2018-07-25 12:40,7124
2018-07-25 12:45,7188
2018-07-25 12:50,7279
2018-07-25 12:55,7356
2018-07-25 13:00,7368
2018-07-25 13:05,7443
2018-07-25 13:10,7567
2018-07-25 13:15,7617
2018-07-25 13:20,7716
2018-07-25 13:25,7793
2018-07-25 13:30,7840
2018-07-25 13:35,7888
2018-07-25 13:40,8034
2018-07-25 13:45,8111
2018-07-25 13:50,8197
2018-07-25 13:55,8321
2018-07-25 14:00,8383
2018-07-25 14:05,8439
2018-07-25 14:10,8562
2018-07-25 14:15,8630
2018-07-25 14:20,8695
2018-07-25 14:25,8766
2018-07-25 14:30,8802
2018-07-25 14:35,8792
2018-07-25 14:40,8895
2018-07-25 14:45,8985
2018-07-25 14:50,9039
2018-07-25 14:55,9173
2018-07-25 15:00,9245
2018-07-25 15:05,9315
2018-07-25 15:10,9370
2018-07-25 15:15,9468
2018-07-25 15:20,9529
2018-07-25 15:25,8339
2018-07-25 15:30,7943
2018-07-25 15:35,8207
2018-07-25 15:40,8569
2018-07-25 15:45,8827
2018-07-25 15:50,8998
2018-07-25 15:55,9129
2018-07-25 16:00,9289
2018-07-25 16:05,9443
2018-07-25 16:10,8937
2018-07-25 16:15,7019
2018-07-25 16:20,5173
2018-07-25 16:25,3735
2018-07-25 16:30,3651
2018-07-25 16:35,3470
2018-07-25 16:40,3963
2018-07-25 16:45,5153
2018-07-25 16:50,6064
2018-07-25 16:55,6796
2018-07-25 17:00,7384
2018-07-25 17:05,8118
2018-07-25 17:10,8712
2018-07-25 17:15,9210
2018-07-25 17:20,9624
2018-07-25 17:25,9946
2018-07-25 17:30,10217
2018-07-25 17:35,10412
2018-07-25 17:40,10658
2018-07-25 17:45,10923
2018-07-25 17:50,11159
2018-07-25 17:55,11307
2018-07-25 18:00,11376
2018-07-25 18:05,11529
2018-07-25 18:10,11704
2018-07-25 18:15,11793
2018-07-25 18:20,11854
2018-07-25 18:25,11967
2018-07-25 18:30,12061
2018-07-25 18:35,12226
2018-07-25 18:40,12337
2018-07-25 18:45,12487
2018-07-25 18:50,12647
2018-07-25 18:55,12691
2018-07-25 19:00,12756
2018-07-25 19:05,12926
2018-07-25 19:10,13119
2018-07-25 19:15,13279
2018-07-25 19:20,13353
2018-07-25 19:25,13437
2018-07-25 19:30,13503
2018-07-25 19:35,13693
2018-07-25 19:40,13760
2018-07-25 19:45,13769
2018-07-25 19:50,13751
2018-07-25 19:55,13798
2018-07-25 20:00,13745
2018-07-25 20:05,13735
2018-07-25 20:10,13683
2018-07-25 20:15,13560
2018-07-25 20:20,13601
2018-07-25 20:25,13634
2018-07-25 20:30,13673
2018-07-25 20:35,13598
2018-07-25 20:40,13524
2018-07-25 20:45,13425
2018-07-25 20:50,13389
2018-07-25 20:55,13336
2018-07-25 21:00,13294
2018-07-25 21:05,0
2018-07-25 21:10,13198
2018-07-25 21:15,13112
2018-07-25 21:20,13091
2018-07-25 21:25,12942
2018-07-25 21:30,12851
2018-07-25 21:35,12749
2018-07-25 21:40,12761
2018-07-25 21:45,12782
2018-07-25 21:50,12694
2018-07-25 21:55,12543
2018-07-25 22:00,12415
2018-07-25 22:05,12308
2018-07-25 22:10,12171
2018-07-25 22:15,12055
2018-07-25 22:20,11910
2018-07-25 22:25,11736
2018-07-25 22:30,11571
2018-07-25 22:35,11519
2018-07-25 22:40,11368
2018-07-25 22:45,11262
2018-07-25 22:50,11082
2018-07-25 22:55,10941
2018-07-25 23:00,10936
2018-07-25 23:05,10810
2018-07-25 23:10,10668
2018-07-25 23:15,10582
2018-07-25 23:20,10531
2018-07-25 23:25,10460
2018-07-25 23:30,10433
2018-07-25 23:35,10369
2018-07-25 23:40,10289
2018-07-25 23:45,10276
2018-07-25 23:50,10252
2018-07-25 23:55,10244
2018-07-26 00:00,4797
2018-07-26 00:05,9921
2018-07-26 00:10,10038
2018-07-26 00:15,9986
2018-07-26 00:20,9987
2018-07-26 00:25,9986
2018-07-26 00:30,9946
2018-07-26 00:35,9906
2018-07-26 00:40,9889
2018-07-26 00:45,9834
2018-07-26 00:50,9817
2018-07-26 00:55,9836
2018-07-26 01:00,9772
2018-07-26 01:05,9709
2018-07-26 01:10,9702
2018-07-26 01:15,9674
2018-07-26 01:20,9600
2018-07-26 01:25,9566
2018-07-26 01:30,9513
2018-07-26 01:35,9482
2018-07-26 01:40,9462
2018-07-26 01:45,9420
2018-07-26 01:50,9362
2018-07-26 01:55,9291
2018-07-26 02:00,9280
2018-07-26 02:05,9194
2018-07-26 02:10,9188
2018-07-26 02:15,9179
2018-07-26 02:20,9167
2018-07-26 02:25,9126
2018-07-26 02:30,9103
2018-07-26 02:35,9059
2018-07-26 02:40,9042
2018-07-26 02:45,8953
2018-07-26 02:50,8940
2018-07-26 02:55,8853
2018-07-26 03:00,8784
2018-07-26 03:05,8721
2018-07-26 03:10,8641
2018-07-26 03:15,8587
2018-07-26 03:20,8445
2018-07-26 03:25,8364
2018-07-26 03:30,8294
2018-07-26 03:35,8161
2018-07-26 03:40,8097
2018-07-26 03:45,8044
2018-07-26 03:50,7999
2018-07-26 03:55,7910
2018-07-26 04:00,7833
2018-07-26 04:05,7739
2018-07-26 04:10,7706
2018-07-26 04:15,7626
2018-07-26 04:20,7525
2018-07-26 04:25,7504
2018-07-26 04:30,7373
2018-07-26 04:35,7250
2018-07-26 04:40,7074
2018-07-26 04:45,7014
2018-07-26 04:50,6910
2018-07-26 04:55,6798
2018-07-26 05:00,6654
2018-07-26 05:05,6579
2018-07-26 05:10,6451
2018-07-26 05:15,6390
2018-07-26 05:20,6314
2018-07-26 05:25,6183
2018-07-26 05:30,6088
2018-07-26 05:35,5992
2018-07-26 05:40,5417
2018-07-26 05:45,4302
2018-07-26 05:50,3328
2018-07-26 05:55,2096
2018-07-26 06:00,1727
2018-07-26 06:05,1602
2018-07-26 06:10,2219
2018-07-26 06:15,2605
2018-07-26 06:20,2900
2018-07-26 06:25,3137
2018-07-26 06:30,3380
2018-07-26 06:35,3564
2018-07-26 06:40,3750
2018-07-26 06:45,3870
2018-07-26 06:50,3992
2018-07-26 06:55,4093
2018-07-26 07:00,4188
2018-07-26 07:05,4233
2018-07-26 07:10,4300
2018-07-26 07:15,4350
2018-07-26 07:20,4397
2018-07-26 07:25,4491
2018-07-26 07:30,4463
2018-07-26 07:35,4478
2018-07-26 07:40,4528
2018-07-26 07:45,4506
2018-07-26 07:50,4530
2018-07-26 07:55,4497
2018-07-26 08:00,4523
2018-07-26 08:05,4520
2018-07-26 08:10,4546
2018-07-26 08:15,4551
2018-07-26 08:20,4537
2018-07-26 08:25,4539
2018-07-26 08:30,4558
2018-07-26 08:35,4574
2018-07-26 08:40,4592
2018-07-26 08:45,4625
2018-07-26 08:50,4630
2018-07-26 08:55,4627
2018-07-26 09:00,4658
2018-07-26 09:05,4727
2018-07-26 09:10,4825
2018-07-26 09:15,4886
2018-07-26 09:20,4945
2018-07-26 09:25,5011
2018-07-26 09:30,5068
2018-07-26 09:35,5128
2018-07-26 09:40,5155
2018-07-26 09:45,5205
2018-07-26 09:50,5286
2018-07-26 09:55,5311
2018-07-26 10:00,5344
2018-07-26 10:05,5335
2018-07-26 10:10,5445
2018-07-26 10:15,5503
2018-07-26 10:20,5518
2018-07-26 10:25,5609
2018-07-26 10:30,5627
2018-07-26 10:35,5695
2018-07-26 10:40,5785
2018-07-26 10:45,5820
2018-07-26 10:50,5854
2018-07-26 10:55,5894
2018-07-26 11:00,5956
2018-07-26 11:05,6003
2018-07-26 11:10,6028
2018-07-26 11:15,6106
2018-07-26 11:20,6168
2018-07-26 11:25,6197
2018-07-26 11:30,6230
2018-07-26 11:35,6283
2018-07-26 11:40,6296
2018-07-26 11:45,6311
2018-07-26 11:50,6344
2018-07-26 11:55,6460
2018-07-26 12:00,6537
2018-07-26 12:05,6546
2018-07-26 12:10,6625
2018-07-26 12:15,6672
2018-07-26 12:20,6698
2018-07-26 12:25,6774
2018-07-26 12:30,6866
2018-07-26 12:35,6908
2018-07-26 12:40,6915
2018-07-26 12:45,6924
2018-07-26 12:50,6958
2018-07-26 12:55,7088
2018-07-26 13:00,7178
2018-07-26 13:05,7228
2018-07-26 13:10,7330
2018-07-26 13:15,7440
2018-07-26 13:20,7557
2018-07-26 13:25,7648
2018-07-26 13:30,7705
2018-07-26 13:35,7769
2018-07-26 13:40,7872
2018-07-26 13:45,7976
2018-07-26 13:50,8119
2018-07-26 13:55,8203
2018-07-26 14:00,8249
2018-07-26 14:05,8269
2018-07-26 14:10,8364
2018-07-26 14:15,8468
2018-07-26 14:20,8561
2018-07-26 14:25,8579
2018-07-26 14:30,8636
2018-07-26 14:35,8692
2018-07-26 14:40,8762
2018-07-26 14:45,8852
2018-07-26 14:50,8901
2018-07-26 14:55,8996
2018-07-26 15:00,9052
2018-07-26 15:05,9085
2018-07-26 15:10,9100
2018-07-26 15:15,9126
2018-07-26 15:20,9212
2018-07-26 15:25,9250
2018-07-26 15:30,9323
2018-07-26 15:35,9383
2018-07-26 15:40,9436
2018-07-26 15:45,9479
2018-07-26 15:50,9526
2018-07-26 15:55,9596
2018-07-26 16:00,9723
2018-07-26 16:05,9663
2018-07-26 16:10,9833
2018-07-26 16:15,9892
2018-07-26 16:20,9968
2018-07-26 16:25,10024
2018-07-26 16:30,10138
2018-07-26 16:35,10356
2018-07-26 16:40,10466
2018-07-26 16:45,10585
2018-07-26 16:50,10698
2018-07-26 16:55,10810
2018-07-26 17:00,10930
2018-07-26 17:05,10936
2018-07-26 17:10,10954
2018-07-26 17:15,11020
2018-07-26 17:20,11018
2018-07-26 17:25,11080
2018-07-26 17:30,11114
2018-07-26 17:35,11275
2018-07-26 17:40,11390
2018-07-26 17:45,11443
2018-07-26 17:50,11543
2018-07-26 17:55,11641
2018-07-26 18:00,11668
2018-07-26 18:05,11721
2018-07-26 18:10,11789
2018-07-26 18:15,11834
2018-07-26 18:20,11892
2018-07-26 18:25,11966
2018-07-26 18:30,12000
2018-07-26 18:35,12094
2018-07-26 18:40,12220
2018-07-26 18:45,12231
2018-07-26 18:50,12277
2018-07-26 18:55,12275
2018-07-26 19:00,12496
2018-07-26 19:05,12610
2018-07-26 19:10,12707
2018-07-26 19:15,12750
2018-07-26 19:20,12741
2018-07-26 19:25,12768
2018-07-26 19:30,12812
2018-07-26 19:35,12860
2018-07-26 19:40,12870
2018-07-26 19:45,12758
2018-07-26 19:50,12727
2018-07-26 19:55,12753
2018-07-26 20:00,12701
2018-07-26 20:05,12679
2018-07-26 20:10,12677
2018-07-26 20:15,12710
2018-07-26 20:20,12688
2018-07-26 20:25,12758
2018-07-26 20:30,12664
2018-07-26 20:35,12562
2018-07-26 20:40,12645
2018-07-26 20:45,12830
2018-07-26 20:50,12843
2018-07-26 20:55,12912
2018-07-26 21:00,12855
2018-07-26 21:05,12820
2018-07-26 21:10,12720
2018-07-26 21:15,12571
2018-07-26 21:20,12516
2018-07-26 21:25,12456
2018-07-26 21:30,12368
2018-07-26 21:35,12270
2018-07-26 21:40,12206
2018-07-26 21:45,12125
2018-07-26 21:50,12063
2018-07-26 21:55,11937
2018-07-26 22:00,11850
2018-07-26 22:05,11702
2018-07-26 22:10,11608
2018-07-26 22:15,11587
2018-07-26 22:20,11509
2018-07-26 22:25,11411
2018-07-26 22:30,11226
2018-07-26 22:35,11274
2018-07-26 22:40,11162
2018-07-26 22:45,11145
2018-07-26 22:50,11062
2018-07-26 22:55,10974
2018-07-26 23:00,10896
2018-07-26 23:05,10769
2018-07-26 23:10,10703
2018-07-26 23:15,10688
2018-07-26 23:20,10607
2018-07-26 23:25,10519
2018-07-26 23:30,10456
2018-07-26 23:35,10413
2018-07-26 23:40,10411
2018-07-26 23:45,10341
2018-07-26 23:50,10331
2018-07-26 23:55,10301
2018-07-27 00:00,10242
2018-07-27 00:05,10122
2018-07-27 00:10,10072
2018-07-27 00:15,10003
2018-07-27 00:20,9901
2018-07-27 00:25,9834
2018-07-27 00:30,9773
2018-07-27 00:35,9732
2018-07-27 00:40,9682
2018-07-27 00:45,9637
2018-07-27 00:50,9555
2018-07-27 00:55,9536
2018-07-27 01:00,9479
2018-07-27 01:05,9481
2018-07-27 01:10,9484
2018-07-27 01:15,9437
2018-07-27 01:20,9468
2018-07-27 01:25,9460
2018-07-27 01:30,9395
2018-07-27 01:35,9434
2018-07-27 01:40,9439
2018-07-27 01:45,9442
2018-07-27 01:50,9369
2018-07-27 01:55,9330
2018-07-27 02:00,9288
2018-07-27 02:05,9220
2018-07-27 02:10,9212
2018-07-27 02:15,9162
2018-07-27 02:20,9103
2018-07-27 02:25,9060
2018-07-27 02:30,8986
2018-07-27 02:35,8953
2018-07-27 02:40,8931
2018-07-27 02:45,8910
2018-07-27 02:50,8848
2018-07-27 02:55,8797
2018-07-27 03:00,8711
2018-07-27 03:05,8677
2018-07-27 03:10,8616
2018-07-27 03:15,8531
2018-07-27 03:20,8483
2018-07-27 03:25,8436
2018-07-27 03:30,8392
2018-07-27 03:35,8328
2018-07-27 03:40,8330
2018-07-27 03:45,8184
2018-07-27 03:50,8077
2018-07-27 03:55,8029
2018-07-27 04:00,7895
2018-07-27 04:05,7817
2018-07-27 04:10,7716
2018-07-27 04:15,7625
2018-07-27 04:20,7522
2018-07-27 04:25,7438
2018-07-27 04:30,7351
2018-07-27 04:35,7240
2018-07-27 04:40,7135
2018-07-27 04:45,7096
2018-07-27 04:50,6975
2018-07-27 04:55,6917
2018-07-27 05:00,6820
2018-07-27 05:05,6679
2018-07-27 05:10,6603
2018-07-27 05:15,6456
2018-07-27 05:20,6401
2018-07-27 05:25,6289
2018-07-27 05:30,6196
2018-07-27 05:35,6137
2018-07-27 05:40,6056
2018-07-27 05:45,5982
2018-07-27 05:50,5890
2018-07-27 05:55,5742
2018-07-27 06:00,5696
2018-07-27 06:05,5604
2018-07-27 06:10,5610
2018-07-27 06:15,5488
2018-07-27 06:20,5449
2018-07-27 06:25,5400
2018-07-27 06:30,5303
2018-07-27 06:35,5256
2018-07-27 06:40,5174
2018-07-27 06:45,5150
2018-07-27 06:50,5160
2018-07-27 06:55,5100
2018-07-27 07:00,5000
2018-07-27 07:05,4948
2018-07-27 07:10,4866
2018-07-27 07:15,4800
2018-07-27 07:20,4765
2018-07-27 07:25,4755
2018-07-27 07:30,4712
2018-07-27 07:35,4650
2018-07-27 07:40,4595
2018-07-27 07:45,4545
2018-07-27 07:50,4543
2018-07-27 07:55,4497
2018-07-27 08:00,4486
2018-07-27 08:05,4432
2018-07-27 08:10,4461
2018-07-27 08:15,4473
2018-07-27 08:20,4486
2018-07-27 08:25,4509
2018-07-27 08:30,4535
2018-07-27 08:35,4560
2018-07-27 08:40,4578
2018-07-27 08:45,4590
2018-07-27 08:50,4597
2018-07-27 08:55,4649
2018-07-27 09:00,4656
2018-07-27 09:05,4728
2018-07-27 09:10,4833
2018-07-27 09:15,4920
2018-07-27 09:20,4950
2018-07-27 09:25,5021
2018-07-27 09:30,5143
2018-07-27 09:35,5185
2018-07-27 09:40,5236
2018-07-27 09:45,5257
2018-07-27 09:50,5274
2018-07-27 09:55,5314
2018-07-27 10:00,5378
2018-07-27 10:05,5385
2018-07-27 10:10,5499
2018-07-27 10:15,5548
2018-07-27 10:20,5563
2018-07-27 10:25,5611
2018-07-27 10:30,5663
2018-07-27 10:35,5706
2018-07-27 10:40,5757
2018-07-27 10:45,5876
2018-07-27 10:50,5919
2018-07-27 10:55,5949
2018-07-27 11:00,6008
2018-07-27 11:05,6067
2018-07-27 11:10,6105
2018-07-27 11:15,6176
2018-07-27 11:20,6249
2018-07-27 11:25,6307
2018-07-27 11:30,6365
2018-07-27 11:35,6404
2018-07-27 11:40,6421
2018-07-27 11:45,6482
2018-07-27 11:50,6492
2018-07-27 11:55,6533
2018-07-27 12:00,6559
2018-07-27 12:05,6604
2018-07-27 12:10,6693
2018-07-27 12:15,6713
2018-07-27 12:20,6771
2018-07-27 12:25,6769
2018-07-27 12:30,6817
2018-07-27 12:35,6912
2018-07-27 12:40,6996
2018-07-27 12:45,7081
2018-07-27 12:50,7104
2018-07-27 12:55,7195
2018-07-27 13:00,7234
2018-07-27 13:05,7309
2018-07-27 13:10,7399
2018-07-27 13:15,7490
2018-07-27 13:20,7529
2018-07-27 13:25,7603
2018-07-27 13:30,7646
2018-07-27 13:35,7683
2018-07-27 13:40,7788
2018-07-27 13:45,7881
2018-07-27 13:50,8038
2018-07-27 13:55,8126
2018-07-27 14:00,8010
2018-07-27 14:05,8247
2018-07-27 14:10,8329
2018-07-27 14:15,8340
2018-07-27 14:20,8413
2018-07-27 14:25,8425
2018-07-27 14:30,8408
2018-07-27 14:35,8532
2018-07-27 14:40,8592
2018-07-27 14:45,8687
2018-07-27 14:50,8758
2018-07-27 14:55,8838
2018-07-27 15:00,8850
2018-07-27 15:05,8848
2018-07-27 15:10,8879
2018-07-27 15:15,8933
2018-07-27 15:20,9056
2018-07-27 15:25,9144
2018-07-27 15:30,9103
2018-07-27 15:35,9132
2018-07-27 15:40,9105
2018-07-27 15:45,9121
2018-07-27 15:50,9174
2018-07-27 15:55,9289
2018-07-27 16:00,9405
2018-07-27 16:05,9525
2018-07-27 16:10,9670
2018-07-27 16:15,9778
2018-07-27 16:20,9917
2018-07-27 16:25,10068
2018-07-27 16:30,10118
2018-07-27 16:35,10233
2018-07-27 16:40,10311
2018-07-27 16:45,9964
2018-07-27 16:50,9782
2018-07-27 16:55,9903
2018-07-27 17:00,9966
2018-07-27 17:05,10106
2018-07-27 17:10,10222
2018-07-27 17:15,10370
2018-07-27 17:20,10499
2018-07-27 17:25,10691
2018-07-27 17:30,10752
2018-07-27 17:35,10888
2018-07-27 17:40,10987
2018-07-27 17:45,11089
2018-07-27 17:50,11197
2018-07-27 17:55,11251
2018-07-27 18:00,11335
2018-07-27 18:05,11356
2018-07-27 18:10,11490
2018-07-27 18:15,11509
2018-07-27 18:20,11521
2018-07-27 18:25,11681
2018-07-27 18:30,11732
2018-07-27 18:35,
2018-07-27 18:40,
2018-07-27 18:45,
2018-07-27 18:50,12154
2018-07-27 18:55,12418
2018-07-27 19:00,12434
2018-07-27 19:05,12519
2018-07-27 19:10,12543
2018-07-27 19:15,12627
2018-07-27 19:20,12690
2018-07-27 19:25,12755
2018-07-27 19:30,12732
2018-07-27 19:35,12747
2018-07-27 19:40,12810
2018-07-27 19:45,12797
2018-07-27 19:50,12838
2018-07-27 19:55,12820
2018-07-27 20:00,12841
2018-07-27 20:05,12758
2018-07-27 20:10,12783
2018-07-27 20:15,12854
2018-07-27 20:20,12834
2018-07-27 20:25,12812
2018-07-27 20:30,12874
2018-07-27 20:35,12855
2018-07-27 20:40,12849
2018-07-27 20:45,12832
2018-07-27 20:50,12799
2018-07-27 20:55,12889
2018-07-27 21:00,12882
2018-07-27 21:05,12918
2018-07-27 21:10,12853
2018-07-27 21:15,12667
2018-07-27 21:20,11457
2018-07-27 21:25,11604
2018-07-27 21:30,11617
2018-07-27 21:35,11652
2018-07-27 21:40,11777
2018-07-27 21:45,12019
2018-07-27 21:50,12000
2018-07-27 21:55,12043
2018-07-27 22:00,12130
2018-07-27 22:05,12201
2018-07-27 22:10,12144
2018-07-27 22:15,11907
2018-07-27 22:20,11898
2018-07-27 22:25,11847
2018-07-27 22:30,
2018-07-27 22:35,11713
2018-07-27 22:40,11648
2018-07-27 22:45,11672
2018-07-27 22:50,11613
2018-07-27 22:55,11547
2018-07-27 23:00,11455
2018-07-27 23:05,11326
2018-07-27 23:10,11267
2018-07-27 23:15,11212
2018-07-27 23:20,11147
2018-07-27 23:25,11055
2018-07-27 23:30,10994
2018-07-27 23:35,10968
2018-07-27 23:40,10891
2018-07-27 23:45,10823
2018-07-27 23:50,10738
2018-07-27 23:55,10674
2018-07-28 00:00,10557
2018-07-28 00:05,10430
2018-07-28 00:10,10350
2018-07-28 00:15,10319
2018-07-28 00:20,10240
2018-07-28 00:25,10186
2018-07-28 00:30,10123
2018-07-28 00:35,10075
2018-07-28 00:40,9979
2018-07-28 00:45,9937
2018-07-28 00:50,9885
2018-07-28 00:55,9768
2018-07-28 01:00,9728
2018-07-28 01:05,9647
2018-07-28 01:10,9598
2018-07-28 01:15,9642
2018-07-28 01:20,9628
2018-07-28 01:25,9642
2018-07-28 01:30,9610
2018-07-28 01:35,9537
2018-07-28 01:40,9534
2018-07-28 01:45,9496
2018-07-28 01:50,9513
2018-07-28 01:55,9452
2018-07-28 02:00,9414
2018-07-28 02:05,9397
2018-07-28 02:10,9423
2018-07-28 02:15,9440
2018-07-28 02:20,9500
2018-07-28 02:25,9466
2018-07-28 02:30,9485
2018-07-28 02:35,9333
2018-07-28 02:40,7865
2018-07-28 02:45,6482
2018-07-28 02:50,6632
2018-07-28 02:55,6878
2018-07-28 03:00,7162
2018-07-28 03:05,7384
2018-07-28 03:10,7511
2018-07-28 03:15,7648
2018-07-28 03:20,7761
2018-07-28 03:25,7863
2018-07-28 03:30,7977
2018-07-28 03:35,8070
2018-07-28 03:40,8143
2018-07-28 03:45,8211
2018-07-28 03:50,8211
2018-07-28 03:55,8240
2018-07-28 04:00,8274
2018-07-28 04:05,8251
2018-07-28 04:10,8268
2018-07-28 04:15,8229
2018-07-28 04:20,0
2018-07-28 04:25,8232
2018-07-28 04:30,8192
2018-07-28 04:35,8155
2018-07-28 04:40,8107
2018-07-28 04:45,7980
2018-07-28 04:50,7937
2018-07-28 04:55,7869
2018-07-28 05:00,7753
2018-07-28 05:05,7679
2018-07-28 05:10,7629
2018-07-28 05:15,7513
2018-07-28 05:20,7438
2018-07-28 05:25,7388
2018-07-28 05:30,7344
2018-07-28 05:35,7292
2018-07-28 05:40,7180
2018-07-28 05:45,7100
2018-07-28 05:50,6986
2018-07-28 05:55,6928
2018-07-28 06:00,6811
2018-07-28 06:05,6712
2018-07-28 06:10,6682
2018-07-28 06:15,6578
2018-07-28 06:20,6487
2018-07-28 06:25,6392
2018-07-28 06:30,6306
2018-07-28 06:35,6285
2018-07-28 06:40,6190
2018-07-28 06:45,6119
2018-07-28 06:50,6094
2018-07-28 06:55,5982
2018-07-28 07:00,5907
2018-07-28 07:05,5865
2018-07-28 07:10,5790
2018-07-28 07:15,5725
2018-07-28 07:20,5698
2018-07-28 07:25,5695
2018-07-28 07:30,5663
2018-07-28 07:35,5642
2018-07-28 07:40,5623
2018-07-28 07:45,5609
2018-07-28 07:50,5599
2018-07-28 07:55,5542
2018-07-28 08:00,5523
2018-07-28 08:05,5466
2018-07-28 08:10,5484
2018-07-28 08:15,5460
2018-07-28 08:20,5412
2018-07-28 08:25,5449
2018-07-28 08:30,5444
2018-07-28 08:35,5463
2018-07-28 08:40,5515
2018-07-28 08:45,5546
2018-07-28 08:50,5545
2018-07-28 08:55,5554
2018-07-28 09:00,5585
2018-07-28 09:05,5676
2018-07-28 09:10,5800
2018-07-28 09:15,5833
2018-07-28 09:20,5881
2018-07-28 09:25,5948
2018-07-28 09:30,6016
2018-07-28 09:35,6059
2018-07-28 09:40,6094
2018-07-28 09:45,6159
2018-07-28 09:50,6255
2018-07-28 09:55,6328
2018-07-28 10:00,6340
2018-07-28 10:05,6345
2018-07-28 10:10,6417
2018-07-28 10:15,6459
2018-07-28 10:20,6515
2018-07-28 10:25,6575
2018-07-28 10:30,6592
2018-07-28 10:35,6663
2018-07-28 10:40,6710
2018-07-28 10:45,6743
2018-07-28 10:50,6823
2018-07-28 10:55,6873
2018-07-28 11:00,6926
2018-07-28 11:05,6972
2018-07-28 11:10,7038
2018-07-28 11:15,7132
2018-07-28 11:20,7246
2018-07-28 11:25,7270
2018-07-28 11:30,7304
2018-07-28 11:35,7384
2018-07-28 11:40,7446
2018-07-28 11:45,7520
2018-07-28 11:50,7531
2018-07-28 11:55,7560
2018-07-28 12:00,7668
2018-07-28 12:05,7667
2018-07-28 12:10,7727
2018-07-28 12:15,7806
2018-07-28 12:20,7857
2018-07-28 12:25,7874
2018-07-28 12:30,7890
2018-07-28 12:35,7874
2018-07-28 12:40,7957
2018-07-28 12:45,7882
2018-07-28 12:50,8113
2018-07-28 12:55,8178
2018-07-28 13:00,8253
2018-07-28 13:05,8329
2018-07-28 13:10,8406
2018-07-28 13:15,8445
2018-07-28 13:20,8580
2018-07-28 13:25,8659
2018-07-28 13:30,8768
2018-07-28 13:35,8909
2018-07-28 13:40,8975
2018-07-28 13:45,9015
2018-07-28 13:50,9109
2018-07-28 13:55,9215
2018-07-28 14:00,9323
2018-07-28 14:05,9357
2018-07-28 14:10,9494
2018-07-28 14:15,9624
2018-07-28 14:20,9596
2018-07-28 14:25,9593
2018-07-28 14:30,9755
2018-07-28 14:35,9836
2018-07-28 14:40,9907
2018-07-28 14:45,9987
2018-07-28 14:50,10081
2018-07-28 14:55,10155
2018-07-28 15:00,10249
2018-07-28 15:05,10272
2018-07-28 15:10,10357
2018-07-28 15:15,10369
2018-07-28 15:20,10437
2018-07-28 15:25,10565
2018-07-28 15:30,10612
2018-07-28 15:35,10692
2018-07-28 15:40,10726
2018-07-28 15:45,10770
2018-07-28 15:50,10844
2018-07-28 15:55,10888
2018-07-28 16:00,10922
2018-07-28 16:05,10922
2018-07-28 16:10,10948
2018-07-28 16:15,11009
2018-07-28 16:20,11109
2018-07-28 16:25,11173
2018-07-28 16:30,11246
2018-07-28 16:35,11353
2018-07-28 16:40,11564
2018-07-28 16:45,11603
2018-07-28 16:50,11678
2018-07-28 16:55,11773
2018-07-28 17:00,11842
2018-07-28 17:05,11936
2018-07-28 17:10,11999
2018-07-28 17:15,12025
2018-07-28 17:20,12119
2018-07-28 17:25,12186
2018-07-28 17:30,12262
2018-07-28 17:35,12280
2018-07-28 17:40,12337
2018-07-28 17:45,12349
2018-07-28 17:50,12442
2018-07-28 17:55,12454
2018-07-28 18:00,12509
2018-07-28 18:05,12480
2018-07-28 18:10,12483
2018-07-28 18:15,12628
2018-07-28 18:20,12649
2018-07-28 18:25,12690
2018-07-28 18:30,12817
2018-07-28 18:35,12915
2018-07-28 18:40,13083
2018-07-28 18:45,13136
2018-07-28 18:50,13198
2018-07-28 18:55,13310
2018-07-28 19:00,13375
2018-07-28 19:05,13422
2018-07-28 19:10,13414
2018-07-28 19:15,13496
2018-07-28 19:20,13518
2018-07-28 19:25,13591
2018-07-28 19:30,13646
2018-07-28 19:35,13686
2018-07-28 19:40,13719
2018-07-28 19:45,13781
2018-07-28 19:50,13774
2018-07-28 19:55,13838
2018-07-28 20:00,13873
2018-07-28 20:05,13797
2018-07-28 20:10,13962
2018-07-28 20:15,13951
2018-07-28 20:20,14021
2018-07-28 20:25,13995
2018-07-28 20:30,14011
2018-07-28 20:35,13989
2018-07-28 20:40,13957
2018-07-28 20:45,13979
2018-07-28 20:50,14065
2018-07-28 20:55,14159
2018-07-28 21:00,14164
2018-07-28 21:05,14086
2018-07-28 21:10,14063
2018-07-28 21:15,13995
2018-07-28 21:20,13992
2018-07-28 21:25,13877
2018-07-28 21:30,13717
2018-07-28 21:35,13613
2018-07-28 21:40,13502
2018-07-28 21:45,13417
2018-07-28 21:50,13320
2018-07-28 21:55,13218
2018-07-28 22:00,
2018-07-28 22:05,
2018-07-28 22:10,12754
2018-07-28 22:15,12654
2018-07-28 22:20,12532
2018-07-28 22:25,12412
2018-07-28 22:30,
2018-07-28 22:35,12202
2018-07-28 22:40,12050
2018-07-28 22:45,11964
2018-07-28 22:50,11817
2018-07-28 22:55,11762
2018-07-28 23:00,11611
2018-07-28 23:05,11504
2018-07-28 23:10,11420
2018-07-28 23:15,11364
2018-07-28 23:20,11289
2018-07-28 23:25,11191
2018-07-28 23:30,11095
2018-07-28 23:35,11020
2018-07-28 23:40,10870
2018-07-28 23:45,10788
2018-07-28 23:50,10687
2018-07-28 23:55,10603
2018-07-29 00:00,10521
2018-07-29 00:05,10469
2018-07-29 00:10,10452
2018-07-29 00:15,10372
2018-07-29 00:20,10286
2018-07-29 00:25,10280
2018-07-29 00:30,10208
2018-07-29 00:35,10120
2018-07-29 00:40,9989
2018-07-29 00:45,9946
2018-07-29 00:50,9853
2018-07-29 00:55,9830
2018-07-29 01:00,9789
2018-07-29 01:05,9783
2018-07-29 01:10,9761
2018-07-29 01:15,9746
2018-07-29 01:20,9694
2018-07-29 01:25,9719
2018-07-29 01:30,9758
2018-07-29 01:35,9746
2018-07-29 01:40,9713
2018-07-29 01:45,9706
2018-07-29 01:50,9672
2018-07-29 01:55,9644
2018-07-29 02:00,9600
2018-07-29 02:05,9584
2018-07-29 02:10,9591
2018-07-29 02:15,9576
2018-07-29 02:20,9555
2018-07-29 02:25,9584
2018-07-29 02:30,9526
2018-07-29 02:35,9485
2018-07-29 02:40,9437
2018-07-29 02:45,9379
2018-07-29 02:50,9382
2018-07-29 02:55,9428
2018-07-29 03:00,9431
2018-07-29 03:05,9443
2018-07-29 03:10,9402
2018-07-29 03:15,9351
2018-07-29 03:20,9351
2018-07-29 03:25,9318
2018-07-29 03:30,9235
2018-07-29 03:35,9252
2018-07-29 03:40,9199
2018-07-29 03:45,9155
2018-07-29 03:50,9115
2018-07-29 03:55,9022
2018-07-29 04:00,9022
2018-07-29 04:05,8971
2018-07-29 04:10,8864
2018-07-29 04:15,8865
2018-07-29 04:20,8787
2018-07-29 04:25,8783
2018-07-29 04:30,8662
2018-07-29 04:35,8599
2018-07-29 04:40,8537
2018-07-29 04:45,8432
2018-07-29 04:50,8355
2018-07-29 04:55,8266
2018-07-29 05:00,8125
2018-07-29 05:05,7995
2018-07-29 05:10,7880
2018-07-29 05:15,7812
2018-07-29 05:20,7735
2018-07-29 05:25,7619
2018-07-29 05:30,7485
2018-07-29 05:35,7485
2018-07-29 05:40,7310
2018-07-29 05:45,7240
2018-07-29 05:50,7101
2018-07-29 05:55,
2018-07-29 06:00,
2018-07-29 06:05,6746
2018-07-29 06:10,6704
2018-07-29 06:15,6661
2018-07-29 06:20,6609
2018-07-29 06:25,6572
2018-07-29 06:30,6482
2018-07-29 06:35,6445
2018-07-29 06:40,6403
2018-07-29 06:45,6341
2018-07-29 06:50,6277
2018-07-29 06:55,6207
2018-07-29 07:00,6207
2018-07-29 07:05,6137
2018-07-29 07:10,6085
2018-07-29 07:15,6081
2018-07-29 07:20,5983
2018-07-29 07:25,5983
2018-07-29 07:30,5849
2018-07-29 07:35,5790
2018-07-29 07:40,5782
2018-07-29 07:45,5770
2018-07-29 07:50,5787
2018-07-29 07:55,5754
2018-07-29 08:00,5809
2018-07-29 08:05,5804
2018-07-29 08:10,5840
2018-07-29 08:15,5831
2018-07-29 08:20,5837
2018-07-29 08:25,5830
2018-07-29 08:30,5835
2018-07-29 08:35,
2018-07-29 08:40,
2018-07-29 08:45,5886
2018-07-29 08:50,5942
2018-07-29 08:55,5942
2018-07-29 09:00,5966
2018-07-29 09:05,6097
2018-07-29 09:10,6135
2018-07-29 09:15,6168
2018-07-29 09:20,6258
2018-07-29 09:25,6258
2018-07-29 09:30,6352
2018-07-29 09:35,6410
2018-07-29 09:40,6576
2018-07-29 09:45,6576
2018-07-29 09:50,6743
2018-07-29 09:55,6743
2018-07-29 10:00,6806
2018-07-29 10:05,6863
2018-07-29 10:10,6874
2018-07-29 10:15,6932
2018-07-29 10:20,6944
2018-07-29 10:25,7030
2018-07-29 10:30,7059
2018-07-29 10:35,7081
2018-07-29 10:40,7099
2018-07-29 10:45,7242
2018-07-29 10:50,7281
2018-07-29 10:55,7333
2018-07-29 11:00,7390
2018-07-29 11:05,7390
2018-07-29 11:10,7409
2018-07-29 11:15,7504
2018-07-29 11:20,7594
2018-07-29 11:25,7615
2018-07-29 11:30,7737
2018-07-29 11:35,7728
2018-07-29 11:40,7937
2018-07-29 11:45,7995
2018-07-29 11:50,8088
2018-07-29 11:55,8088
2018-07-29 12:00,8275
2018-07-29 12:05,8275
2018-07-29 12:10,8328
2018-07-29 12:15,8384
2018-07-29 12:20,8429
2018-07-29 12:25,8502
2018-07-29 12:30,8529
2018-07-29 12:35,8576
2018-07-29 12:40,8581
2018-07-29 12:45,8633
2018-07-29 12:50,8675
2018-07-29 12:55,8774
2018-07-29 13:00,8836
2018-07-29 13:05,8946
2018-07-29 13:10,8998
2018-07-29 13:15,9095
2018-07-29 13:20,9127
2018-07-29 13:25,9241
2018-07-29 13:30,9305
2018-07-29 13:35,9378
2018-07-29 13:40,9365
2018-07-29 13:45,9559
2018-07-29 13:50,9601
2018-07-29 13:55,9665
2018-07-29 14:00,9686
2018-07-29 14:05,9810
2018-07-29 14:10,9863
2018-07-29 14:15,9936
2018-07-29 14:20,9989
2018-07-29 14:25,10148
2018-07-29 14:30,10186
2018-07-29 14:35,10249
2018-07-29 14:40,10316
2018-07-29 14:45,10438
2018-07-29 14:50,10512
2018-07-29 14:55,10619
2018-07-29 15:00,10724
2018-07-29 15:05,10779
2018-07-29 15:10,10808
2018-07-29 15:15,10929
2018-07-29 15:20,11023
2018-07-29 15:25,11061
2018-07-29 15:30,11051
2018-07-29 15:35,11162
2018-07-29 15:40,11244
2018-07-29 15:45,11350
2018-07-29 15:50,11476
2018-07-29 15:55,11551
2018-07-29 16:00,11686
2018-07-29 16:05,11816
2018-07-29 16:10,11853
2018-07-29 16:15,11978
2018-07-29 16:20,12102
2018-07-29 16:25,12156
2018-07-29 16:30,12161
2018-07-29 16:35,12342
2018-07-29 16:40,12482
2018-07-29 16:45,12485
2018-07-29 16:50,12598
2018-07-29 16:55,12679
2018-07-29 17:00,12741
2018-07-29 17:05,12774
2018-07-29 17:10,12860
2018-07-29 17:15,13013
2018-07-29 17:20,13144
2018-07-29 17:25,13227
2018-07-29 17:30,13519
2018-07-29 17:35,13705
2018-07-29 17:40,13823
2018-07-29 17:45,13859
2018-07-29 17:50,13944
2018-07-29 17:55,13991
2018-07-29 18:00,13991
2018-07-29 18:05,14030
2018-07-29 18:10,14101
2018-07-29 18:15,14069
2018-07-29 18:20,14118
2018-07-29 18:25,14240
2018-07-29 18:30,14327
2018-07-29 18:35,14404
2018-07-29 18:40,14465
2018-07-29 18:45,14509
2018-07-29 18:50,14576
2018-07-29 18:55,14638
2018-07-29 19:00,14634
2018-07-29 19:05,14691
2018-07-29 19:10,14742
2018-07-29 19:15,14800
2018-07-29 19:20,14791
2018-07-29 19:25,14772
2018-07-29 19:30,14818
2018-07-29 19:35,14771
2018-07-29 19:40,14776
2018-07-29 19:45,14745
2018-07-29 19:50,14784
2018-07-29 19:55,14861
2018-07-29 20:00,14847
2018-07-29 20:05,14821
2018-07-29 20:10,14699
2018-07-29 20:15,14683
2018-07-29 20:20,14697
2018-07-29 20:25,14657
2018-07-29 20:30,14626
2018-07-29 20:35,14587
2018-07-29 20:40,14523
2018-07-29 20:45,14493
2018-07-29 20:50,14387
2018-07-29 20:55,14272
2018-07-29 21:00,14187
2018-07-29 21:05,14060
2018-07-29 21:10,13996
2018-07-29 21:15,13881
2018-07-29 21:20,13821
2018-07-29 21:25,13735
2018-07-29 21:30,13649
2018-07-29 21:35,13588
2018-07-29 21:40,13462
2018-07-29 21:45,13392
2018-07-29 21:50,13357
2018-07-29 21:55,13206
2018-07-29 22:00,13101
2018-07-29 22:05,12981
2018-07-29 22:10,12873
2018-07-29 22:15,12838
2018-07-29 22:20,12660
2018-07-29 22:25,12590
2018-07-29 22:30,12524
2018-07-29 22:35,12386
2018-07-29 22:40,12356
2018-07-29 22:45,12182
2018-07-29 22:50,12098
2018-07-29 22:55,11997
2018-07-29 23:00,0
2018-07-29 23:05,11845
2018-07-29 23:10,11716
2018-07-29 23:15,11601
2018-07-29 23:20,11456
2018-07-29 23:25,11344
2018-07-29 23:30,11176
2018-07-29 23:35,11122
2018-07-29 23:40,11078
2018-07-29 23:45,11002
2018-07-29 23:50,10949
2018-07-29 23:55,10913
2018-07-30 00:00,10864
2018-07-30 00:05,10773
2018-07-30 00:10,10745
2018-07-30 00:15,10679
2018-07-30 00:20,10640
2018-07-30 00:25,10621
2018-07-30 00:30,10550
2018-07-30 00:35,10541
2018-07-30 00:40,10553
2018-07-30 00:45,10470
2018-07-30 00:50,10439
2018-07-30 00:55,10353
2018-07-30 01:00,10322
2018-07-30 01:05,10191
2018-07-30 01:10,10225
2018-07-30 01:15,10174
2018-07-30 01:20,10163
2018-07-30 01:25,10183
2018-07-30 01:30,10176
2018-07-30 01:35,10164
2018-07-30 01:40,10127
2018-07-30 01:45,10039
2018-07-30 01:50,9978
2018-07-30 01:55,9995
2018-07-30 02:00,10021
2018-07-30 02:05,9917
2018-07-30 02:10,9794
2018-07-30 02:15,9680
2018-07-30 02:20,9603
2018-07-30 02:25,9556
2018-07-30 02:30,9434
2018-07-30 02:35,9388
2018-07-30 02:40,9335
2018-07-30 02:45,9296
2018-07-30 02:50,9282
2018-07-30 02:55,9227
2018-07-30 03:00,9126
2018-07-30 03:05,9014
2018-07-30 03:10,8960
2018-07-30 03:15,8893
2018-07-30 03:20,8828
2018-07-30 03:25,8779
2018-07-30 03:30,8714
2018-07-30 03:35,8626
2018-07-30 03:40,8555
2018-07-30 03:45,8441
2018-07-30 03:50,8359
2018-07-30 03:55,8257
2018-07-30 04:00,8209
2018-07-30 04:05,8071
2018-07-30 04:10,7966
2018-07-30 04:15,7863
2018-07-30 04:20,7793
2018-07-30 04:25,7670
2018-07-30 04:30,7589
2018-07-30 04:35,7513
2018-07-30 04:40,7369
2018-07-30 04:45,7322
2018-07-30 04:50,7287
2018-07-30 04:55,7152
2018-07-30 05:00,7068
2018-07-30 05:05,6927
2018-07-30 05:10,6822
2018-07-30 05:15,6769
2018-07-30 05:20,6656
2018-07-30 05:25,6560
2018-07-30 05:30,6466
2018-07-30 05:35,6345
2018-07-30 05:40,6260
2018-07-30 05:45,6173
2018-07-30 05:50,6038
2018-07-30 05:55,5988
2018-07-30 06:00,5941
2018-07-30 06:05,5824
2018-07-30 06:10,5785
2018-07-30 06:15,5699
2018-07-30 06:20,5601
2018-07-30 06:25,5550
2018-07-30 06:30,5456
2018-07-30 06:35,5379
2018-07-30 06:40,5305
2018-07-30 06:45,5273
2018-07-30 06:50,5229
2018-07-30 06:55,5178
2018-07-30 07:00,5190
2018-07-30 07:05,5148
2018-07-30 07:10,5091
2018-07-30 07:15,5073
2018-07-30 07:20,5076
2018-07-30 07:25,5083
2018-07-30 07:30,5078
2018-07-30 07:35,5039
2018-07-30 07:40,5045
2018-07-30 07:45,4998
2018-07-30 07:50,4980
2018-07-30 07:55,4994
2018-07-30 08:00,4990
2018-07-30 08:05,4923
2018-07-30 08:10,4913
2018-07-30 08:15,4951
2018-07-30 08:20,4919
2018-07-30 08:25,4873
2018-07-30 08:30,4878
2018-07-30 08:35,4886
2018-07-30 08:40,4929
2018-07-30 08:45,4941
2018-07-30 08:50,4994
2018-07-30 08:55,5014
2018-07-30 09:00,5030
2018-07-30 09:05,5120
2018-07-30 09:10,5153
2018-07-30 09:15,5203
2018-07-30 09:20,5224
2018-07-30 09:25,5301
2018-07-30 09:30,5353
2018-07-30 09:35,5429
2018-07-30 09:40,5495
2018-07-30 09:45,5529
2018-07-30 09:50,5612
2018-07-30 09:55,5657
2018-07-30 10:00,5689
2018-07-30 10:05,5704
2018-07-30 10:10,5782
2018-07-30 10:15,5846
2018-07-30 10:20,5857
2018-07-30 10:25,5878
2018-07-30 10:30,5949
2018-07-30 10:35,5976
2018-07-30 10:40,
2018-07-30 10:45,
2018-07-30 10:50,6082
2018-07-30 10:55,6109
2018-07-30 11:00,6145
2018-07-30 11:05,6141
2018-07-30 11:10,6173
2018-07-30 11:15,6243
2018-07-30 11:20,6221
2018-07-30 11:25,6250
2018-07-30 11:30,6309
2018-07-30 11:35,6383
2018-07-30 11:40,6402
2018-07-30 11:45,6434
2018-07-30 11:50,6523
2018-07-30 11:55,6612
2018-07-30 12:00,6654
2018-07-30 12:05,6693
2018-07-30 12:10,6725
2018-07-30 12:15,6762
2018-07-30 12:20,6855
2018-07-30 12:25,6903
2018-07-30 12:30,6956
2018-07-30 12:35,7016
2018-07-30 12:40,7026
2018-07-30 12:45,7115
2018-07-30 12:50,7218
2018-07-30 12:55,7271
2018-07-30 13:00,7311
2018-07-30 13:05,7393
2018-07-30 13:10,7518
2018-07-30 13:15,7487
2018-07-30 13:20,7644
2018-07-30 13:25,7781
2018-07-30 13:30,7813
2018-07-30 13:35,7948
2018-07-30 13:40,7975
2018-07-30 13:45,8024
2018-07-30 13:50,8104
2018-07-30 13:55,8208
2018-07-30 14:00,8285
2018-07-30 14:05,8310
2018-07-30 14:10,8389
2018-07-30 14:15,8482
2018-07-30 14:20,8539
2018-07-30 14:25,8606
2018-07-30 14:30,8719
2018-07-30 14:35,8838
2018-07-30 14:40,8831
2018-07-30 14:45,8861
2018-07-30 14:50,8901
2018-07-30 14:55,9032
2018-07-30 15:00,9079
2018-07-30 15:05,9125
2018-07-30 15:10,9162
2018-07-30 15:15,9264
2018-07-30 15:20,9294
2018-07-30 15:25,9357
2018-07-30 15:30,9408
2018-07-30 15:35,9449
2018-07-30 15:40,9543
2018-07-30 15:45,9631
2018-07-30 15:50,9708
2018-07-30 15:55,9689
2018-07-30 16:00,9782
2018-07-30 16:05,9762
2018-07-30 16:10,9898
2018-07-30 16:15,10011
2018-07-30 16:20,10077
2018-07-30 16:25,10136
2018-07-30 16:30,10204
2018-07-30 16:35,10228
2018-07-30 16:40,10336
2018-07-30 16:45,10370
2018-07-30 16:50,10388
2018-07-30 16:55,10545
2018-07-30 17:00,10570
2018-07-30 17:05,10661
2018-07-30 17:10,10700
2018-07-30 17:15,10875
2018-07-30 17:20,10936
2018-07-30 17:25,10976
2018-07-30 17:30,11108
2018-07-30 17:35,11168
2018-07-30 17:40,11286
2018-07-30 17:45,11383
2018-07-30 17:50,11438
2018-07-30 17:55,11553
2018-07-30 18:00,11658
2018-07-30 18:05,11721
2018-07-30 18:10,11819
2018-07-30 18:15,11940
2018-07-30 18:20,11984
2018-07-30 18:25,12057
2018-07-30 18:30,12107
2018-07-30 18:35,12171
2018-07-30 18:40,12270
2018-07-30 18:45,12330
2018-07-30 18:50,12405
2018-07-30 18:55,12486
2018-07-30 19:00,12548
2018-07-30 19:05,12584
2018-07-30 19:10,12650
2018-07-30 19:15,12760
2018-07-30 19:20,12838
2018-07-30 19:25,12879
2018-07-30 19:30,12886
2018-07-30 19:35,12938
2018-07-30 19:40,12985
2018-07-30 19:45,12982
2018-07-30 19:50,12940
2018-07-30 19:55,12915
2018-07-30 20:00,12950
2018-07-30 20:05,12974
2018-07-30 20:10,12943
2018-07-30 20:15,12957
2018-07-30 20:20,12902
2018-07-30 20:25,12837
2018-07-30 20:30,12829
2018-07-30 20:35,12836
2018-07-30 20:40,12750
2018-07-30 20:45,12720
2018-07-30 20:50,12647
2018-07-30 20:55,12618
2018-07-30 21:00,12545
2018-07-30 21:05,12511
2018-07-30 21:10,12503
2018-07-30 21:15,12404
2018-07-30 21:20,12302
2018-07-30 21:25,12290
2018-07-30 21:30,12180
2018-07-30 21:35,12192
2018-07-30 21:40,12111
2018-07-30 21:45,12027
2018-07-30 21:50,11879
2018-07-30 21:55,11792
2018-07-30 22:00,11775
2018-07-30 22:05,11654
2018-07-30 22:10,11600
2018-07-30 22:15,11476
2018-07-30 22:20,11345
2018-07-30 22:25,11274
2018-07-30 22:30,11287
2018-07-30 22:35,11274
2018-07-30 22:40,11306
2018-07-30 22:45,11223
2018-07-30 22:50,11146
2018-07-30 22:55,11065
2018-07-30 23:00,11001
2018-07-30 23:05,10925
2018-07-30 23:10,10812
2018-07-30 23:15,10765
2018-07-30 23:20,10705
2018-07-30 23:25,10631
2018-07-30 23:30,10528
2018-07-30 23:35,10434
2018-07-30 23:40,10449
2018-07-30 23:45,10407
2018-07-30 23:50,10432
2018-07-30 23:55,10398
2018-07-31 00:00,10326
2018-07-31 00:05,10270
2018-07-31 00:10,10188
2018-07-31 00:15,10169
2018-07-31 00:20,10174
2018-07-31 00:25,10094
2018-07-31 00:30,10056
2018-07-31 00:35,10047
2018-07-31 00:40,10016
2018-07-31 00:45,9987
2018-07-31 00:50,9924
2018-07-31 00:55,9904
2018-07-31 01:00,9842
2018-07-31 01:05,9765
2018-07-31 01:10,9726
2018-07-31 01:15,9773
2018-07-31 01:20,9622
2018-07-31 01:25,9613
2018-07-31 01:30,9578
2018-07-31 01:35,9567
2018-07-31 01:40,9567
2018-07-31 01:45,9529
2018-07-31 01:50,9511
2018-07-31 01:55,9447
2018-07-31 02:00,9363
2018-07-31 02:05,9213
2018-07-31 02:10,9216
2018-07-31 02:15,9188
2018-07-31 02:20,9166
2018-07-31 02:25,9132
2018-07-31 02:30,9089
2018-07-31 02:35,9004
2018-07-31 02:40,8962
2018-07-31 02:45,8908
2018-07-31 02:50,8817
2018-07-31 02:55,8786
2018-07-31 03:00,8679
2018-07-31 03:05,8554
2018-07-31 03:10,8553
2018-07-31 03:15,8465
2018-07-31 03:20,8373
2018-07-31 03:25,8282
2018-07-31 03:30,8211
2018-07-31 03:35,8151
2018-07-31 03:40,8085
2018-07-31 03:45,8016
2018-07-31 03:50,7934
2018-07-31 03:55,7823
2018-07-31 04:00,7689
2018-07-31 04:05,7628
2018-07-31 04:10,7537
2018-07-31 04:15,7473
2018-07-31 04:20,7377
2018-07-31 04:25,7324
2018-07-31 04:30,7185
2018-07-31 04:35,7075
2018-07-31 04:40,7009
2018-07-31 04:45,6877
2018-07-31 04:50,6830
2018-07-31 04:55,6706
2018-07-31 05:00,6604
2018-07-31 05:05,6506
2018-07-31 05:10,6383
2018-07-31 05:15,6245
2018-07-31 05:20,6097
2018-07-31 05:25,6007
2018-07-31 05:30,5898
2018-07-31 05:35,5855
2018-07-31 05:40,5777
2018-07-31 05:45,5705
2018-07-31 05:50,5662
2018-07-31 05:55,5572
2018-07-31 06:00,5507
2018-07-31 06:05,5414
2018-07-31 06:10,5350
2018-07-31 06:15,5318
2018-07-31 06:20,5258
2018-07-31 06:25,5139
2018-07-31 06:30,5047
2018-07-31 06:35,4970
2018-07-31 06:40,4883
2018-07-31 06:45,4831
2018-07-31 06:50,4827
2018-07-31 06:55,4772
2018-07-31 07:00,4730
2018-07-31 07:05,4709
2018-07-31 07:10,4662
2018-07-31 07:15,4648
2018-07-31 07:20,4642
2018-07-31 07:25,4663
2018-07-31 07:30,4636
2018-07-31 07:35,4650
2018-07-31 07:40,4672
2018-07-31 07:45,4650
2018-07-31 07:50,4623
2018-07-31 07:55,4578
2018-07-31 08:00,4555
2018-07-31 08:05,4571
2018-07-31 08:10,4610
2018-07-31 08:15,4646
2018-07-31 08:20,4660
2018-07-31 08:25,4667
2018-07-31 08:30,4681
2018-07-31 08:35,4700
2018-07-31 08:40,4677
2018-07-31 08:45,4676
2018-07-31 08:50,4704
2018-07-31 08:55,0
2018-07-31 09:00,4707
2018-07-31 09:05,4722
2018-07-31 09:10,4832
2018-07-31 09:15,4898
2018-07-31 09:20,4976
2018-07-31 09:25,5011
2018-07-31 09:30,5113
2018-07-31 09:35,5139
2018-07-31 09:40,5210
2018-07-31 09:45,5281
2018-07-31 09:50,5355
2018-07-31 09:55,5408
2018-07-31 10:00,5492
2018-07-31 10:05,5530
2018-07-31 10:10,5559
2018-07-31 10:15,5637
2018-07-31 10:20,5679
2018-07-31 10:25,5746
2018-07-31 10:30,5773
2018-07-31 10:35,5797
2018-07-31 10:40,5869
2018-07-31 10:45,5909
2018-07-31 10:50,5911
2018-07-31 10:55,5942
2018-07-31 11:00,6010
2018-07-31 11:05,6056
2018-07-31 11:10,6111
2018-07-31 11:15,6138
2018-07-31 11:20,6181
2018-07-31 11:25,6214
2018-07-31 11:30,6275
2018-07-31 11:35,6335
2018-07-31 11:40,6366
2018-07-31 11:45,6386
2018-07-31 11:50,6436
2018-07-31 11:55,6493
2018-07-31 12:00,6557
2018-07-31 12:05,6624
2018-07-31 12:10,6711
2018-07-31 12:15,6747
2018-07-31 12:20,6748
2018-07-31 12:25,6748
2018-07-31 12:30,6807
2018-07-31 12:35,6904
2018-07-31 12:40,7021
2018-07-31 12:45,7088
2018-07-31 12:50,7139
2018-07-31 12:55,7196
2018-07-31 13:00,7281
2018-07-31 13:05,7377
2018-07-31 13:10,7488
2018-07-31 13:15,7594
2018-07-31 13:20,7649
2018-07-31 13:25,7658
2018-07-31 13:30,7828
2018-07-31 13:35,7899
2018-07-31 13:40,7978
2018-07-31 13:45,8129
2018-07-31 13:50,8212
2018-07-31 13:55,8229
2018-07-31 14:00,8305
2018-07-31 14:05,8362
2018-07-31 14:10,8398
2018-07-31 14:15,8430
2018-07-31 14:20,8487
2018-07-31 14:25,8597
2018-07-31 14:30,8624
2018-07-31 14:35,8689
2018-07-31 14:40,8774
2018-07-31 14:45,8841
2018-07-31 14:50,8981
2018-07-31 14:55,9047
2018-07-31 15:00,9127
2018-07-31 15:05,9122
2018-07-31 15:10,9160
2018-07-31 15:15,9235
2018-07-31 15:20,9298
2018-07-31 15:25,9314
2018-07-31 15:30,9354
2018-07-31 15:35,9410
2018-07-31 15:40,9491
2018-07-31 15:45,9539
2018-07-31 15:50,9504
2018-07-31 15:55,9549
2018-07-31 16:00,9598
2018-07-31 16:05,9624
2018-07-31 16:10,9688
2018-07-31 16:15,9764
2018-07-31 16:20,9856
2018-07-31 16:25,9973
2018-07-31 16:30,9950
2018-07-31 16:35,10049
2018-07-31 16:40,10119
2018-07-31 16:45,10189
2018-07-31 16:50,10276
2018-07-31 16:55,10380
2018-07-31 17:00,10469
2018-07-31 17:05,10510
2018-07-31 17:10,10624
2018-07-31 17:15,10715
2018-07-31 17:20,10773
2018-07-31 17:25,10864
2018-07-31 17:30,10972
2018-07-31 17:35,11048
2018-07-31 17:40,11101
2018-07-31 17:45,11173
2018-07-31 17:50,11234
2018-07-31 17:55,11409
2018-07-31 18:00,11480
2018-07-31 18:05,11589
2018-07-31 18:10,11644
2018-07-31 18:15,11757
2018-07-31 18:20,11765
2018-07-31 18:25,11815
2018-07-31 18:30,11916
2018-07-31 18:35,12006
2018-07-31 18:40,12028
2018-07-31 18:45,12078
2018-07-31 18:50,12219
2018-07-31 18:55,12345
2018-07-31 19:00,12442
2018-07-31 19:05,12487
2018-07-31 19:10,12477
2018-07-31 19:15,12598
2018-07-31 19:20,12566
2018-07-31 19:25,12596
2018-07-31 19:30,12648
2018-07-31 19:35,12711
2018-07-31 19:40,12707
2018-07-31 19:45,12775
2018-07-31 19:50,12749
2018-07-31 19:55,12655
2018-07-31 20:00,12743
2018-07-31 20:05,12773
2018-07-31 20:10,12749
2018-07-31 20:15,12675
2018-07-31 20:20,12644
2018-07-31 20:25,12661
2018-07-31 20:30,12627
2018-07-31 20:35,12630
2018-07-31 20:40,12597
2018-07-31 20:45,12559
2018-07-31 20:50,12505
2018-07-31 20:55,12445
2018-07-31 21:00,12378
2018-07-31 21:05,12327
2018-07-31 21:10,12192
2018-07-31 21:15,12085
2018-07-31 21:20,11965
2018-07-31 21:25,11825
2018-07-31 21:30,11827
2018-07-31 21:35,11775
2018-07-31 21:40,11688
2018-07-31 21:45,11665
2018-07-31 21:50,11651
2018-07-31 21:55,11588
2018-07-31 22:00,11461
2018-07-31 22:05,11414
2018-07-31 22:10,11291
2018-07-31 22:15,11211
2018-07-31 22:20,11119
2018-07-31 22:25,11067
2018-07-31 22:30,11033
2018-07-31 22:35,10810
2018-07-31 22:40,10759
2018-07-31 22:45,10716
2018-07-31 22:50,10661
2018-07-31 22:55,10605
2018-07-31 23:00,10536
2018-07-31 23:05,10506
2018-07-31 23:10,0
2018-07-31 23:15,6426
2018-07-31 23:20,9912
2018-07-31 23:25,10193
2018-07-31 23:30,10175
2018-07-31 23:35,10159
2018-07-31 23:40,10112
2018-07-31 23:45,10111
2018-07-31 23:50,10043
2018-07-31 23:55,10031
2018-08-01 00:00,10058
2018-08-01 00:05,9994
2018-08-01 00:10,9952
2018-08-01 00:15,9903
2018-08-01 00:20,9851
2018-08-01 00:25,9790
2018-08-01 00:30,9760
2018-08-01 00:35,9173
2018-08-01 00:40,9109
2018-08-01 00:45,9042
2018-08-01 00:50,9037
2018-08-01 00:55,8991
2018-08-01 01:00,8982
2018-08-01 01:05,8910
2018-08-01 01:10,8978
2018-08-01 01:15,9021
2018-08-01 01:20,9029
2018-08-01 01:25,9016
2018-08-01 01:30,9028
2018-08-01 01:35,9076
2018-08-01 01:40,9044
2018-08-01 01:45,9051
2018-08-01 01:50,9046
2018-08-01 01:55,9013
2018-08-01 02:00,8989
2018-08-01 02:05,8950
2018-08-01 02:10,8926
2018-08-01 02:15,8926
2018-08-01 02:20,8839
2018-08-01 02:25,8853
2018-08-01 02:30,8737
2018-08-01 02:35,8782
2018-08-01 02:40,8727
2018-08-01 02:45,8690
2018-08-01 02:50,8679
2018-08-01 02:55,8634
2018-08-01 03:00,8541
2018-08-01 03:05,8459
2018-08-01 03:10,8347
2018-08-01 03:15,8276
2018-08-01 03:20,8185
2018-08-01 03:25,8152
2018-08-01 03:30,8035
2018-08-01 03:35,7961
2018-08-01 03:40,7846
2018-08-01 03:45,7760
2018-08-01 03:50,7686
2018-08-01 03:55,7595
2018-08-01 04:00,7473
2018-08-01 04:05,7301
2018-08-01 04:10,7258
2018-08-01 04:15,7186
2018-08-01 04:20,7132
2018-08-01 04:25,6988
2018-08-01 04:30,6908
2018-08-01 04:35,6820
2018-08-01 04:40,6729
2018-08-01 04:45,6684
2018-08-01 04:50,6517
2018-08-01 04:55,6478
2018-08-01 05:00,6429
2018-08-01 05:05,6363
2018-08-01 05:10,6226
2018-08-01 05:15,6133
2018-08-01 05:20,6062
2018-08-01 05:25,6013
2018-08-01 05:30,5959
2018-08-01 05:35,5901
2018-08-01 05:40,5796
2018-08-01 05:45,5648
2018-08-01 05:50,5583
2018-08-01 05:55,5553
2018-08-01 06:00,5494
2018-08-01 06:05,5342
2018-08-01 06:10,5257
2018-08-01 06:15,5191
2018-08-01 06:20,5143
2018-08-01 06:25,5057
2018-08-01 06:30,4967
2018-08-01 06:35,4916
2018-08-01 06:40,4854
2018-08-01 06:45,4774
2018-08-01 06:50,4689
2018-08-01 06:55,4641
2018-08-01 07:00,4554
2018-08-01 07:05,4284
2018-08-01 07:10,4452
2018-08-01 07:15,4407
2018-08-01 07:20,4458
2018-08-01 07:25,4433
2018-08-01 07:30,4403
2018-08-01 07:35,4376
2018-08-01 07:40,4356
2018-08-01 07:45,4374
2018-08-01 07:50,4390
2018-08-01 07:55,4389
2018-08-01 08:00,4364
2018-08-01 08:05,4316
2018-08-01 08:10,4385
2018-08-01 08:15,4410
2018-08-01 08:20,4426
2018-08-01 08:25,4450
2018-08-01 08:30,4450
2018-08-01 08:35,4542
2018-08-01 08:40,4522
2018-08-01 08:45,4546
2018-08-01 08:50,4523
2018-08-01 08:55,4561
2018-08-01 09:00,4605
2018-08-01 09:05,4679
2018-08-01 09:10,4793
2018-08-01 09:15,4817
2018-08-01 09:20,4865
2018-08-01 09:25,4908
2018-08-01 09:30,4969
2018-08-01 09:35,5013
2018-08-01 09:40,4851
2018-08-01 09:45,5109
2018-08-01 09:50,5146
2018-08-01 09:55,5182
2018-08-01 10:00,5203
2018-08-01 10:05,5247
2018-08-01 10:10,5322
2018-08-01 10:15,5340
2018-08-01 10:20,5345
2018-08-01 10:25,5389
2018-08-01 10:30,5402
2018-08-01 10:35,5409
2018-08-01 10:40,5482
2018-08-01 10:45,5500
2018-08-01 10:50,5577
2018-08-01 10:55,5660
2018-08-01 11:00,5731
2018-08-01 11:05,5707
2018-08-01 11:10,5816
2018-08-01 11:15,5887
2018-08-01 11:20,5947
2018-08-01 11:25,6067
2018-08-01 11:30,6046
2018-08-01 11:35,6148
2018-08-01 11:40,6151
2018-08-01 11:45,6214
2018-08-01 11:50,6238
2018-08-01 11:55,6311
2018-08-01 12:00,6346
2018-08-01 12:05,6365
2018-08-01 12:10,6459
2018-08-01 12:15,6542
2018-08-01 12:20,6610
2018-08-01 12:25,6640
2018-08-01 12:30,6715
2018-08-01 12:35,6796
2018-08-01 12:40,6801
2018-08-01 12:45,6865
2018-08-01 12:50,6874
2018-08-01 12:55,6874
2018-08-01 13:00,6941
2018-08-01 13:05,6996
2018-08-01 13:10,7114
2018-08-01 13:15,7173
2018-08-01 13:20,7244
2018-08-01 13:25,7329
2018-08-01 13:30,7402
2018-08-01 13:35,7485
2018-08-01 13:40,7531
2018-08-01 13:45,7617
2018-08-01 13:50,7639
2018-08-01 13:55,7649
2018-08-01 14:00,7673
2018-08-01 14:05,7639
2018-08-01 14:10,7789
2018-08-01 14:15,7846
2018-08-01 14:20,7966
2018-08-01 14:25,8079
2018-08-01 14:30,8167
2018-08-01 14:35,8260
2018-08-01 14:40,8329
2018-08-01 14:45,8386
2018-08-01 14:50,8493
2018-08-01 14:55,8533
2018-08-01 15:00,8593
2018-08-01 15:05,8710
2018-08-01 15:10,8742
2018-08-01 15:15,8804
2018-08-01 15:20,8829
2018-08-01 15:25,8857
2018-08-01 15:30,8920
2018-08-01 15:35,9046
2018-08-01 15:40,9042
2018-08-01 15:45,9073
2018-08-01 15:50,9141
2018-08-01 15:55,9187
2018-08-01 16:00,9273
2018-08-01 16:05,9321
2018-08-01 16:10,9427
2018-08-01 16:15,9499
2018-08-01 16:20,9560
2018-08-01 16:25,9645
2018-08-01 16:30,9671
2018-08-01 16:35,9762
2018-08-01 16:40,9874
2018-08-01 16:45,9978
2018-08-01 16:50,10060
2018-08-01 16:55,10160
2018-08-01 17:00,10217
2018-08-01 17:05,10268
2018-08-01 17:10,10406
2018-08-01 17:15,10060
2018-08-01 17:20,10065
2018-08-01 17:25,10231
2018-08-01 17:30,10330
2018-08-01 17:35,10428
2018-08-01 17:40,10500
2018-08-01 17:45,10632
2018-08-01 17:50,10689
2018-08-01 17:55,10744
2018-08-01 18:00,10786
2018-08-01 18:05,10875
2018-08-01 18:10,10963
2018-08-01 18:15,11115
2018-08-01 18:20,11236
2018-08-01 18:25,11304
2018-08-01 18:30,11355
2018-08-01 18:35,11440
2018-08-01 18:40,11528
2018-08-01 18:45,11603
2018-08-01 18:50,11692
2018-08-01 18:55,11743
2018-08-01 19:00,11779
2018-08-01 19:05,11831
2018-08-01 19:10,11872
2018-08-01 19:15,11934
2018-08-01 19:20,11923
2018-08-01 19:25,11949
2018-08-01 19:30,12005
2018-08-01 19:35,12029
2018-08-01 19:40,11955
2018-08-01 19:45,11953
2018-08-01 19:50,12011
2018-08-01 19:55,12065
2018-08-01 20:00,12002
2018-08-01 20:05,11980
2018-08-01 20:10,11962
2018-08-01 20:15,11966
2018-08-01 20:20,12000
2018-08-01 20:25,12035
2018-08-01 20:30,12046
2018-08-01 20:35,12091
2018-08-01 20:40,12021
2018-08-01 20:45,12016
2018-08-01 20:50,11946
2018-08-01 20:55,11872
2018-08-01 21:00,11860
2018-08-01 21:05,11747
2018-08-01 21:10,11675
2018-08-01 21:15,11597
2018-08-01 21:20,11506
2018-08-01 21:25,11419
2018-08-01 21:30,11284
2018-08-01 21:35,11200
2018-08-01 21:40,11211
2018-08-01 21:45,11231
2018-08-01 21:50,11144
2018-08-01 21:55,11108
2018-08-01 22:00,10984
2018-08-01 22:05,10869
2018-08-01 22:10,10831
2018-08-01 22:15,10687
2018-08-01 22:20,10646
2018-08-01 22:25,10527
2018-08-01 22:30,10461
2018-08-01 22:35,10368
2018-08-01 22:40,10310
2018-08-01 22:45,10245
2018-08-01 22:50,10208
2018-08-01 22:55,10199
2018-08-01 23:00,10046
2018-08-01 23:05,9994
2018-08-01 23:10,9933
2018-08-01 23:15,9845
2018-08-01 23:20,9759
2018-08-01 23:25,9780
2018-08-01 23:30,9712
2018-08-01 23:35,9739
2018-08-01 23:40,9677
2018-08-01 23:45,9586
2018-08-01 23:50,9534
2018-08-01 23:55,9489
2018-08-02 00:00,9396
2018-08-02 00:05,9369
2018-08-02 00:10,9339
2018-08-02 00:15,9284
2018-08-02 00:20,9251
2018-08-02 00:25,9229
2018-08-02 00:30,9198
2018-08-02 00:35,9149
2018-08-02 00:40,9182
2018-08-02 00:45,9256
2018-08-02 00:50,
2018-08-02 00:55,9140
2018-08-02 01:00,9145
2018-08-02 01:05,9093
2018-08-02 01:10,9097
2018-08-02 01:15,9089
2018-08-02 01:20,0
2018-08-02 01:25,9015
2018-08-02 01:30,8955
2018-08-02 01:35,8924
2018-08-02 01:40,
2018-08-02 01:45,8872
2018-08-02 01:50,8777
2018-08-02 01:55,8779
2018-08-02 02:00,8742
2018-08-02 02:05,8700
2018-08-02 02:10,8702
2018-08-02 02:15,8638
2018-08-02 02:20,8622
2018-08-02 02:25,8628
2018-08-02 02:30,8516
2018-08-02 02:35,8465
2018-08-02 02:40,8414
2018-08-02 02:45,8458
2018-08-02 02:50,8360
2018-08-02 02:55,8326
2018-08-02 03:00,8246
2018-08-02 03:05,8144
2018-08-02 03:10,8085
2018-08-02 03:15,8026
2018-08-02 03:20,7941
2018-08-02 03:25,7832
2018-08-02 03:30,7760
2018-08-02 03:35,7735
2018-08-02 03:40,7748
2018-08-02 03:45,7691
2018-08-02 03:50,7572
2018-08-02 03:55,7539
2018-08-02 04:00,7438
2018-08-02 04:05,7275
2018-08-02 04:10,7203
2018-08-02 04:15,7090
2018-08-02 04:20,7036
2018-08-02 04:25,6912
2018-08-02 04:30,6780
2018-08-02 04:35,6640
2018-08-02 04:40,6511
2018-08-02 04:45,6458
2018-08-02 04:50,6344
2018-08-02 04:55,6219
2018-08-02 05:00,6054
2018-08-02 05:05,6005
2018-08-02 05:10,5944
2018-08-02 05:15,5852
2018-08-02 05:20,5771
2018-08-02 05:25,5722
2018-08-02 05:30,5656
2018-08-02 05:35,5582
2018-08-02 05:40,5525
2018-08-02 05:45,5457
2018-08-02 05:50,5392
2018-08-02 05:55,5280
2018-08-02 06:00,5216
2018-08-02 06:05,5097
2018-08-02 06:10,5079
2018-08-02 06:15,5009
2018-08-02 06:20,4935
2018-08-02 06:25,4862
2018-08-02 06:30,4800
2018-08-02 06:35,4763
2018-08-02 06:40,4742
2018-08-02 06:45,4706
2018-08-02 06:50,4646
2018-08-02 06:55,4584
2018-08-02 07:00,4546
2018-08-02 07:05,4542
2018-08-02 07:10,4504
2018-08-02 07:15,4433
2018-08-02 07:20,4410
2018-08-02 07:25,4378
2018-08-02 07:30,4331
2018-08-02 07:35,4290
2018-08-02 07:40,4254
2018-08-02 07:45,4276
2018-08-02 07:50,4247
2018-08-02 07:55,4253
2018-08-02 08:00,4233
2018-08-02 08:05,4214
2018-08-02 08:10,4213
2018-08-02 08:15,4197
2018-08-02 08:20,4208
2018-08-02 08:25,4225
2018-08-02 08:30,4259
2018-08-02 08:35,4308
2018-08-02 08:40,4353
2018-08-02 08:45,4391
2018-08-02 08:50,4433
2018-08-02 08:55,4453
2018-08-02 09:00,4502
2018-08-02 09:05,4571
2018-08-02 09:10,4672
2018-08-02 09:15,4734
2018-08-02 09:20,4805
2018-08-02 09:25,4835
2018-08-02 09:30,4897
2018-08-02 09:35,4918
2018-08-02 09:40,4960
2018-08-02 09:45,5022
2018-08-02 09:50,5040
2018-08-02 09:55,5062
2018-08-02 10:00,5110
2018-08-02 10:05,5096
2018-08-02 10:10,5177
2018-08-02 10:15,5215
2018-08-02 10:20,5298
2018-08-02 10:25,5316
2018-08-02 10:30,5375
2018-08-02 10:35,5406
2018-08-02 10:40,5435
2018-08-02 10:45,5476
2018-08-02 10:50,5501
2018-08-02 10:55,5552
2018-08-02 11:00,5632
2018-08-02 11:05,5686
2018-08-02 11:10,5749
2018-08-02 11:15,5807
2018-08-02 11:20,5862
2018-08-02 11:25,5925
2018-08-02 11:30,5984
2018-08-02 11:35,5992
2018-08-02 11:40,6079
2018-08-02 11:45,6094
2018-08-02 11:50,6107
2018-08-02 11:55,6184
2018-08-02 12:00,6206
2018-08-02 12:05,6227
2018-08-02 12:10,6203
2018-08-02 12:15,6305
2018-08-02 12:20,6310
2018-08-02 12:25,6308
2018-08-02 12:30,6384
2018-08-02 12:35,6471
2018-08-02 12:40,6573
2018-08-02 12:45,6659
2018-08-02 12:50,6730
2018-08-02 12:55,6839
2018-08-02 13:00,6931
2018-08-02 13:05,6996
2018-08-02 13:10,7029
2018-08-02 13:15,7102
2018-08-02 13:20,7183
2018-08-02 13:25,7251
2018-08-02 13:30,7296
2018-08-02 13:35,7363
2018-08-02 13:40,7402
2018-08-02 13:45,7480
2018-08-02 13:50,7527
2018-08-02 13:55,7581
2018-08-02 14:00,7644
2018-08-02 14:05,7716
2018-08-02 14:10,7771
2018-08-02 14:15,7815
2018-08-02 14:20,7874
2018-08-02 14:25,7889
2018-08-02 14:30,7962
2018-08-02 14:35,7998
2018-08-02 14:40,8100
2018-08-02 14:45,8118
2018-08-02 14:50,8040
2018-08-02 14:55,8165
2018-08-02 15:00,8201
2018-08-02 15:05,8260
2018-08-02 15:10,8333
2018-08-02 15:15,8347
2018-08-02 15:20,8421
2018-08-02 15:25,8485
2018-08-02 15:30,8521
2018-08-02 15:35,8599
2018-08-02 15:40,8648
2018-08-02 15:45,8726
2018-08-02 15:50,8782
2018-08-02 15:55,8788
2018-08-02 16:00,8801
2018-08-02 16:05,8958
2018-08-02 16:10,9045
2018-08-02 16:15,9200
2018-08-02 16:20,9258
2018-08-02 16:25,9290
2018-08-02 16:30,9279
2018-08-02 16:35,9337
2018-08-02 16:40,9408
2018-08-02 16:45,9446
2018-08-02 16:50,9545
2018-08-02 16:55,9592
2018-08-02 17:00,9595
2018-08-02 17:05,0
2018-08-02 17:10,9724
2018-08-02 17:15,9813
2018-08-02 17:20,9916
2018-08-02 17:25,9916
2018-08-02 17:30,9982
2018-08-02 17:35,10107
2018-08-02 17:40,10188
2018-08-02 17:45,10258
2018-08-02 17:50,10293
2018-08-02 17:55,10472
2018-08-02 18:00,10519
2018-08-02 18:05,10609
2018-08-02 18:10,10661
2018-08-02 18:15,10745
2018-08-02 18:20,10823
2018-08-02 18:25,10839
2018-08-02 18:30,10948
2018-08-02 18:35,11055
2018-08-02 18:40,11149
2018-08-02 18:45,11187
2018-08-02 18:50,11184
2018-08-02 18:55,11283
2018-08-02 19:00,11249
2018-08-02 19:05,11297
2018-08-02 19:10,11315
2018-08-02 19:15,11316
2018-08-02 19:20,11411
2018-08-02 19:25,11439
2018-08-02 19:30,11445
2018-08-02 19:35,11465
2018-08-02 19:40,11477
2018-08-02 19:45,11491
2018-08-02 19:50,11470
2018-08-02 19:55,11440
2018-08-02 20:00,11396
2018-08-02 20:05,11323
2018-08-02 20:10,11260
2018-08-02 20:15,11295
2018-08-02 20:20,11305
2018-08-02 20:25,11365
2018-08-02 20:30,11366
2018-08-02 20:35,11260
2018-08-02 20:40,11273
2018-08-02 20:45,11189
2018-08-02 20:50,11175
2018-08-02 20:55,11194
2018-08-02 21:00,11194
2018-08-02 21:05,11206
2018-08-02 21:10,11164
2018-08-02 21:15,11128
2018-08-02 21:20,11097
2018-08-02 21:25,11002
2018-08-02 21:30,11001
2018-08-02 21:35,10915
2018-08-02 21:40,10865
2018-08-02 21:45,10846
2018-08-02 21:50,10764
2018-08-02 21:55,10743
2018-08-02 22:00,10668
2018-08-02 22:05,10528
2018-08-02 22:10,10411
2018-08-02 22:15,10335
2018-08-02 22:20,10277
2018-08-02 22:25,10238
2018-08-02 22:30,10144
2018-08-02 22:35,10127
2018-08-02 22:40,10066
2018-08-02 22:45,9991
2018-08-02 22:50,9914
2018-08-02 22:55,9790
2018-08-02 23:00,9681
2018-08-02 23:05,9643
2018-08-02 23:10,9543
2018-08-02 23:15,9612
2018-08-02 23:20,9605
2018-08-02 23:25,
2018-08-02 23:30,
2018-08-02 23:35,9467
2018-08-02 23:40,9413
2018-08-02 23:45,9349
2018-08-02 23:50,9286
2018-08-02 23:55,9305
2018-08-03 00:00,9310
2018-08-03 00:05,9239
2018-08-03 00:10,9197
2018-08-03 00:15,9144
2018-08-03 00:20,9074
2018-08-03 00:25,9073
2018-08-03 00:30,9036
2018-08-03 00:35,9028
2018-08-03 00:40,8985
2018-08-03 00:45,8977
2018-08-03 00:50,8939
2018-08-03 00:55,8890
2018-08-03 01:00,8894
2018-08-03 01:05,8832
2018-08-03 01:10,8837
2018-08-03 01:15,8815
2018-08-03 01:20,8780
2018-08-03 01:25,8799
2018-08-03 01:30,8791
2018-08-03 01:35,8728
2018-08-03 01:40,8711
2018-08-03 01:45,8711
2018-08-03 01:50,8715
2018-08-03 01:55,8656
2018-08-03 02:00,8617
2018-08-03 02:05,8515
2018-08-03 02:10,8503
2018-08-03 02:15,8458
2018-08-03 02:20,8060
2018-08-03 02:25,8405
2018-08-03 02:30,8307
2018-08-03 02:35,8214
2018-08-03 02:40,8158
2018-08-03 02:45,8110
2018-08-03 02:50,8042
2018-08-03 02:55,7994
2018-08-03 03:00,7934
2018-08-03 03:05,7863
2018-08-03 03:10,7793
2018-08-03 03:15,7690
2018-08-03 03:20,7620
2018-08-03 03:25,7533
2018-08-03 03:30,7464
2018-08-03 03:35,7400
2018-08-03 03:40,7358
2018-08-03 03:45,7294
2018-08-03 03:50,7207
2018-08-03 03:55,7169
2018-08-03 04:00,7012
2018-08-03 04:05,6863
2018-08-03 04:10,6887
2018-08-03 04:15,6824
2018-08-03 04:20,6735
2018-08-03 04:25,6648
2018-08-03 04:30,6547
2018-08-03 04:35,6520
2018-08-03 04:40,6493
2018-08-03 04:45,6397
2018-08-03 04:50,6339
2018-08-03 04:55,6246
2018-08-03 05:00,6202
2018-08-03 05:05,6137
2018-08-03 05:10,6015
2018-08-03 05:15,5910
2018-08-03 05:20,5822
2018-08-03 05:25,5730
2018-08-03 05:30,5584
2018-08-03 05:35,5506
2018-08-03 05:40,5427
2018-08-03 05:45,5400
2018-08-03 05:50,5317
2018-08-03 05:55,5257
2018-08-03 06:00,5116
2018-08-03 06:05,5051
2018-08-03 06:10,5035
2018-08-03 06:15,4973
2018-08-03 06:20,4951
2018-08-03 06:25,4878
2018-08-03 06:30,4817
2018-08-03 06:35,4737
2018-08-03 06:40,4735
2018-08-03 06:45,4675
2018-08-03 06:50,4594
2018-08-03 06:55,4557
2018-08-03 07:00,4538
2018-08-03 07:05,4475
2018-08-03 07:10,4482
2018-08-03 07:15,4428
2018-08-03 07:20,4447
2018-08-03 07:25,4427
2018-08-03 07:30,4191
2018-08-03 07:35,2356
2018-08-03 07:40,1657
2018-08-03 07:45,1451
2018-08-03 07:50,1848
2018-08-03 07:55,2159
2018-08-03 08:00,2428
2018-08-03 08:05,2610
2018-08-03 08:10,2853
2018-08-03 08:15,3058
2018-08-03 08:20,3211
2018-08-03 08:25,3371
2018-08-03 08:30,3468
2018-08-03 08:35,3611
2018-08-03 08:40,3707
2018-08-03 08:45,3800
2018-08-03 08:50,3910
2018-08-03 08:55,4006
2018-08-03 09:00,4056
2018-08-03 09:05,4159
2018-08-03 09:10,4292
2018-08-03 09:15,4377
2018-08-03 09:20,4454
2018-08-03 09:25,4547
2018-08-03 09:30,4653
2018-08-03 09:35,4702
2018-08-03 09:40,4786
2018-08-03 09:45,4838
2018-08-03 09:50,4876
2018-08-03 09:55,4910
2018-08-03 10:00,4953
2018-08-03 10:05,5032
2018-08-03 10:10,5109
2018-08-03 10:15,5149
2018-08-03 10:20,5174
2018-08-03 10:25,5203
2018-08-03 10:30,5270
2018-08-03 10:35,5349
2018-08-03 10:40,5391
2018-08-03 10:45,5438
2018-08-03 10:50,5521
2018-08-03 10:55,5554
2018-08-03 11:00,5596
2018-08-03 11:05,5617
2018-08-03 11:10,5659
2018-08-03 11:15,5730
2018-08-03 11:20,5777
2018-08-03 11:25,5831
2018-08-03 11:30,5909
2018-08-03 11:35,5918
2018-08-03 11:40,5951
2018-08-03 11:45,5995
2018-08-03 11:50,6014
2018-08-03 11:55,6030
2018-08-03 12:00,6051
2018-08-03 12:05,6104
2018-08-03 12:10,6146
2018-08-03 12:15,6155
2018-08-03 12:20,6205
2018-08-03 12:25,6240
2018-08-03 12:30,6210
2018-08-03 12:35,6296
2018-08-03 12:40,6322
2018-08-03 12:45,6325
2018-08-03 12:50,6423
2018-08-03 12:55,6550
2018-08-03 13:00,6566
2018-08-03 13:05,6602
2018-08-03 13:10,6700
2018-08-03 13:15,6732
2018-08-03 13:20,6835
2018-08-03 13:25,6939
2018-08-03 13:30,7032
2018-08-03 13:35,7119
2018-08-03 13:40,7163
2018-08-03 13:45,7213
2018-08-03 13:50,7379
2018-08-03 13:55,7409
2018-08-03 14:00,7489
2018-08-03 14:05,7585
2018-08-03 14:10,7677
2018-08-03 14:15,7671
2018-08-03 14:20,7832
2018-08-03 14:25,7910
2018-08-03 14:30,7932
2018-08-03 14:35,7914
2018-08-03 14:40,7995
2018-08-03 14:45,7981
2018-08-03 14:50,8129
2018-08-03 14:55,8173
2018-08-03 15:00,8173
2018-08-03 15:05,8242
2018-08-03 15:10,8305
2018-08-03 15:15,8391
2018-08-03 15:20,8442
2018-08-03 15:25,8489
2018-08-03 15:30,8553
2018-08-03 15:35,8606
2018-08-03 15:40,8668
2018-08-03 15:45,8757
2018-08-03 15:50,8726
2018-08-03 15:55,8835
2018-08-03 16:00,8906
2018-08-03 16:05,8913
2018-08-03 16:10,9011
2018-08-03 16:15,9046
2018-08-03 16:20,9070
2018-08-03 16:25,9119
2018-08-03 16:30,9151
2018-08-03 16:35,9236
2018-08-03 16:40,9249
2018-08-03 16:45,9335
2018-08-03 16:50,9437
2018-08-03 16:55,9465
2018-08-03 17:00,9467
2018-08-03 17:05,9475
2018-08-03 17:10,9519
2018-08-03 17:15,9595
2018-08-03 17:20,9624
2018-08-03 17:25,9698
2018-08-03 17:30,9716
2018-08-03 17:35,9759
2018-08-03 17:40,9833
2018-08-03 17:45,9888
2018-08-03 17:50,9937
2018-08-03 17:55,9975
2018-08-03 18:00,10064
2018-08-03 18:05,10125
2018-08-03 18:10,10164
2018-08-03 18:15,10240
2018-08-03 18:20,10367
2018-08-03 18:25,10469
2018-08-03 18:30,10516
2018-08-03 18:35,10532
2018-08-03 18:40,10554
2018-08-03 18:45,10643
2018-08-03 18:50,10731
2018-08-03 18:55,10809
2018-08-03 19:00,10788
2018-08-03 19:05,10852
2018-08-03 19:10,10841
2018-08-03 19:15,10879
2018-08-03 19:20,10920
2018-08-03 19:25,11073
2018-08-03 19:30,11109
2018-08-03 19:35,11175
2018-08-03 19:40,11216
2018-08-03 19:45,11206
2018-08-03 19:50,11224
2018-08-03 19:55,11276
2018-08-03 20:00,11307
2018-08-03 20:05,11306
2018-08-03 20:10,11322
2018-08-03 20:15,11371
2018-08-03 20:20,11470
2018-08-03 20:25,11483
2018-08-03 20:30,11469
2018-08-03 20:35,11484
2018-08-03 20:40,11448
2018-08-03 20:45,11479
2018-08-03 20:50,11402
2018-08-03 20:55,11337
2018-08-03 21:00,11387
2018-08-03 21:05,11344
2018-08-03 21:10,11302
2018-08-03 21:15,11237
2018-08-03 21:20,11202
2018-08-03 21:25,11228
2018-08-03 21:30,11229
2018-08-03 21:35,11183
2018-08-03 21:40,11052
2018-08-03 21:45,10984
2018-08-03 21:50,10898
2018-08-03 21:55,10835
2018-08-03 22:00,10726
2018-08-03 22:05,10652
2018-08-03 22:10,0
2018-08-03 22:15,10565
2018-08-03 22:20,10531
2018-08-03 22:25,10477
2018-08-03 22:30,10436
2018-08-03 22:35,10323
2018-08-03 22:40,10292
2018-08-03 22:45,10205
2018-08-03 22:50,10136
2018-08-03 22:55,10034
2018-08-03 23:00,9987
2018-08-03 23:05,9925
2018-08-03 23:10,9783
2018-08-03 23:15,9740
2018-08-03 23:20,9687
2018-08-03 23:25,9622
2018-08-03 23:30,9530
2018-08-03 23:35,9464
2018-08-03 23:40,9454
2018-08-03 23:45,9380
2018-08-03 23:50,9332
2018-08-03 23:55,9276
2018-08-04 00:00,9237
2018-08-04 00:05,9172
2018-08-04 00:10,9142
2018-08-04 00:15,9161
2018-08-04 00:20,9124
2018-08-04 00:25,9044
2018-08-04 00:30,8982
2018-08-04 00:35,8931
2018-08-04 00:40,8888
2018-08-04 00:45,8828
2018-08-04 00:50,8819
2018-08-04 00:55,8773
2018-08-04 01:00,8783
2018-08-04 01:05,8729
2018-08-04 01:10,8670
2018-08-04 01:15,8683
2018-08-04 01:20,8630
2018-08-04 01:25,8628
2018-08-04 01:30,8614
2018-08-04 01:35,8551
2018-08-04 01:40,8575
2018-08-04 01:45,8594
2018-08-04 01:50,8640
2018-08-04 01:55,8687
2018-08-04 02:00,8655
2018-08-04 02:05,8564
2018-08-04 02:10,8515
2018-08-04 02:15,8536
2018-08-04 02:20,8500
2018-08-04 02:25,8513
2018-08-04 02:30,8481
2018-08-04 02:35,8447
2018-08-04 02:40,8457
2018-08-04 02:45,8404
2018-08-04 02:50,8445
2018-08-04 02:55,8332
2018-08-04 03:00,8280
2018-08-04 03:05,8228
2018-08-04 03:10,8239
2018-08-04 03:15,8249
2018-08-04 03:20,8181
2018-08-04 03:25,8133
2018-08-04 03:30,8108
2018-08-04 03:35,8079
2018-08-04 03:40,8014
2018-08-04 03:45,7997
2018-08-04 03:50,7929
2018-08-04 03:55,7941
2018-08-04 04:00,7911
2018-08-04 04:05,7766
2018-08-04 04:10,7716
2018-08-04 04:15,7641
2018-08-04 04:20,7601
2018-08-04 04:25,7578
2018-08-04 04:30,7486
2018-08-04 04:35,7400
2018-08-04 04:40,7304
2018-08-04 04:45,7258
2018-08-04 04:50,7201
2018-08-04 04:55,7080
2018-08-04 05:00,7024
2018-08-04 05:05,6934
2018-08-04 05:10,6881
2018-08-04 05:15,6745
2018-08-04 05:20,6642
2018-08-04 05:25,6583
2018-08-04 05:30,6500
2018-08-04 05:35,6440
2018-08-04 05:40,6361
2018-08-04 05:45,6284
2018-08-04 05:50,6200
2018-08-04 05:55,6120
2018-08-04 06:00,6070
2018-08-04 06:05,5919
2018-08-04 06:10,5833
2018-08-04 06:15,5773
2018-08-04 06:20,5765
2018-08-04 06:25,5696
2018-08-04 06:30,5653
2018-08-04 06:35,5603
2018-08-04 06:40,5541
2018-08-04 06:45,5468
2018-08-04 06:50,5413
2018-08-04 06:55,5364
2018-08-04 07:00,5282
2018-08-04 07:05,5218
2018-08-04 07:10,5132
2018-08-04 07:15,5084
2018-08-04 07:20,5057
2018-08-04 07:25,5022
2018-08-04 07:30,5015
2018-08-04 07:35,4984
2018-08-04 07:40,4961
2018-08-04 07:45,4961
2018-08-04 07:50,4949
2018-08-04 07:55,4934
2018-08-04 08:00,4910
2018-08-04 08:05,4806
2018-08-04 08:10,4791
2018-08-04 08:15,4794
2018-08-04 08:20,4827
2018-08-04 08:25,4790
2018-08-04 08:30,4807
2018-08-04 08:35,4833
2018-08-04 08:40,4823
2018-08-04 08:45,4845
2018-08-04 08:50,4917
2018-08-04 08:55,4917
2018-08-04 09:00,4908
2018-08-04 09:05,4965
2018-08-04 09:10,5059
2018-08-04 09:15,5108
2018-08-04 09:20,5142
2018-08-04 09:25,5196
2018-08-04 09:30,5216
2018-08-04 09:35,5308
2018-08-04 09:40,5364
2018-08-04 09:45,5383
2018-08-04 09:50,5431
2018-08-04 09:55,5447
2018-08-04 10:00,5509
2018-08-04 10:05,5552
2018-08-04 10:10,5652
2018-08-04 10:15,5628
2018-08-04 10:20,5660
2018-08-04 10:25,5691
2018-08-04 10:30,5706
2018-08-04 10:35,5765
2018-08-04 10:40,5808
2018-08-04 10:45,5841
2018-08-04 10:50,5926
2018-08-04 10:55,5944
2018-08-04 11:00,5973
2018-08-04 11:05,6051
2018-08-04 11:10,6127
2018-08-04 11:15,6190
2018-08-04 11:20,6239
2018-08-04 11:25,6306
2018-08-04 11:30,6336
2018-08-04 11:35,6396
2018-08-04 11:40,6438
2018-08-04 11:45,6463
2018-08-04 11:50,6494
2018-08-04 11:55,6497
2018-08-04 12:00,6576
2018-08-04 12:05,6628
2018-08-04 12:10,6662
2018-08-04 12:15,6790
2018-08-04 12:20,6832
2018-08-04 12:25,6869
2018-08-04 12:30,6929
2018-08-04 12:35,6957
2018-08-04 12:40,6943
2018-08-04 12:45,7115
2018-08-04 12:50,7161
2018-08-04 12:55,7225
2018-08-04 13:00,7178
2018-08-04 13:05,7244
2018-08-04 13:10,7350
2018-08-04 13:15,7387
2018-08-04 13:20,7410
2018-08-04 13:25,7481
2018-08-04 13:30,7604
2018-08-04 13:35,7669
2018-08-04 13:40,7768
2018-08-04 13:45,7839
2018-08-04 13:50,7946
2018-08-04 13:55,8031
2018-08-04 14:00,8096
2018-08-04 14:05,8156
2018-08-04 14:10,8195
2018-08-04 14:15,8279
2018-08-04 14:20,8374
2018-08-04 14:25,8482
2018-08-04 14:30,8541
2018-08-04 14:35,8595
2018-08-04 14:40,8694
2018-08-04 14:45,8738
2018-08-04 14:50,8776
2018-08-04 14:55,8792
2018-08-04 15:00,8857
2018-08-04 15:05,8845
2018-08-04 15:10,8881
2018-08-04 15:15,8910
2018-08-04 15:20,8945
2018-08-04 15:25,8974
2018-08-04 15:30,9020
2018-08-04 15:35,9094
2018-08-04 15:40,9135
2018-08-04 15:45,9138
2018-08-04 15:50,9234
2018-08-04 15:55,9257
2018-08-04 16:00,9298
2018-08-04 16:05,9293
2018-08-04 16:10,9356
2018-08-04 16:15,9493
2018-08-04 16:20,9598
2018-08-04 16:25,9680
2018-08-04 16:30,0
2018-08-04 16:35,9735
2018-08-04 16:40,9821
2018-08-04 16:45,9833
2018-08-04 16:50,9839
2018-08-04 16:55,9874
2018-08-04 17:00,9856
2018-08-04 17:05,9896
2018-08-04 17:10,9934
2018-08-04 17:15,9999
2018-08-04 17:20,10092
2018-08-04 17:25,10192
2018-08-04 17:30,10232
2018-08-04 17:35,10340
2018-08-04 17:40,10399
2018-08-04 17:45,10475
2018-08-04 17:50,10561
2018-08-04 17:55,10629
2018-08-04 18:00,10699
2018-08-04 18:05,10728
2018-08-04 18:10,10815
2018-08-04 18:15,10915
2018-08-04 18:20,10943
2018-08-04 18:25,10991
2018-08-04 18:30,11020
2018-08-04 18:35,11042
2018-08-04 18:40,11190
2018-08-04 18:45,11329
2018-08-04 18:50,11372
2018-08-04 18:55,11441
2018-08-04 19:00,11490
2018-08-04 19:05,11480
2018-08-04 19:10,11492
2018-08-04 19:15,11521
2018-08-04 19:20,11550
2018-08-04 19:25,11633
2018-08-04 19:30,11621
2018-08-04 19:35,11651
2018-08-04 19:40,11717
2018-08-04 19:45,11769
2018-08-04 19:50,11786
2018-08-04 19:55,11765
2018-08-04 20:00,11794
2018-08-04 20:05,11726
2018-08-04 20:10,11689
2018-08-04 20:15,11709
2018-08-04 20:20,11692
2018-08-04 20:25,11709
2018-08-04 20:30,11689
2018-08-04 20:35,11703
2018-08-04 20:40,11629
2018-08-04 20:45,11650
2018-08-04 20:50,11599
2018-08-04 20:55,11426
2018-08-04 21:00,11351
2018-08-04 21:05,11335
2018-08-04 21:10,11293
2018-08-04 21:15,11209
2018-08-04 21:20,11168
2018-08-04 21:25,11176
2018-08-04 21:30,11153
2018-08-04 21:35,11134
2018-08-04 21:40,11036
2018-08-04 21:45,11039
2018-08-04 21:50,10959
2018-08-04 21:55,10905
2018-08-04 22:00,10839
2018-08-04 22:05,10736
2018-08-04 22:10,10646
2018-08-04 22:15,10551
2018-08-04 22:20,10482
2018-08-04 22:25,10406
2018-08-04 22:30,10366
2018-08-04 22:35,10294
2018-08-04 22:40,10235
2018-08-04 22:45,10139
2018-08-04 22:50,10069
2018-08-04 22:55,9981
2018-08-04 23:00,9037
2018-08-04 23:05,7303
2018-08-04 23:10,4156
2018-08-04 23:15,3264
2018-08-04 23:20,3013
2018-08-04 23:25,2831
2018-08-04 23:30,2722
2018-08-04 23:35,2607
2018-08-04 23:40,2582
2018-08-04 23:45,3248
2018-08-04 23:50,4068
2018-08-04 23:55,4702
2018-08-05 00:00,5288
2018-08-05 00:05,5683
2018-08-05 00:10,6100
2018-08-05 00:15,6375
2018-08-05 00:20,6622
2018-08-05 00:25,6854
2018-08-05 00:30,7053
2018-08-05 00:35,7215
2018-08-05 00:40,7334
2018-08-05 00:45,7510
2018-08-05 00:50,7557
2018-08-05 00:55,7692
2018-08-05 01:00,7758
2018-08-05 01:05,7834
2018-08-05 01:10,7869
2018-08-05 01:15,7940
2018-08-05 01:20,7961
2018-08-05 01:25,8004
2018-08-05 01:30,8081
2018-08-05 01:35,8111
2018-08-05 01:40,8115
2018-08-05 01:45,8198
2018-08-05 01:50,8190
2018-08-05 01:55,8330
2018-08-05 02:00,8371
2018-08-05 02:05,8399
2018-08-05 02:10,8421
2018-08-05 02:15,8441
2018-08-05 02:20,8475
2018-08-05 02:25,8480
2018-08-05 02:30,8478
2018-08-05 02:35,8480
2018-08-05 02:40,8444
2018-08-05 02:45,8426
2018-08-05 02:50,8445
2018-08-05 02:55,8518
2018-08-05 03:00,8490
2018-08-05 03:05,8442
2018-08-05 03:10,8409
2018-08-05 03:15,8366
2018-08-05 03:20,8364
2018-08-05 03:25,8364
2018-08-05 03:30,8331
2018-08-05 03:35,8243
2018-08-05 03:40,8200
2018-08-05 03:45,8117
2018-08-05 03:50,8072
2018-08-05 03:55,7998
2018-08-05 04:00,7919
2018-08-05 04:05,7817
2018-08-05 04:10,7774
2018-08-05 04:15,7707
2018-08-05 04:20,7687
2018-08-05 04:25,7650
2018-08-05 04:30,7595
2018-08-05 04:35,7551
2018-08-05 04:40,7437
2018-08-05 04:45,7364
2018-08-05 04:50,7298
2018-08-05 04:55,7186
2018-08-05 05:00,7062
2018-08-05 05:05,6987
2018-08-05 05:10,6914
2018-08-05 05:15,6821
2018-08-05 05:20,6711
2018-08-05 05:25,6664
2018-08-05 05:30,6620
2018-08-05 05:35,6524
2018-08-05 05:40,6478
2018-08-05 05:45,6410
2018-08-05 05:50,6333
2018-08-05 05:55,6288
2018-08-05 06:00,6193
2018-08-05 06:05,6092
2018-08-05 06:10,6083
2018-08-05 06:15,5982
2018-08-05 06:20,5908
2018-08-05 06:25,5850
2018-08-05 06:30,5789
2018-08-05 06:35,5662
2018-08-05 06:40,5618
2018-08-05 06:45,5547
2018-08-05 06:50,5546
2018-08-05 06:55,5484
2018-08-05 07:00,5441
2018-08-05 07:05,5388
2018-08-05 07:10,5317
2018-08-05 07:15,5290
2018-08-05 07:20,5251
2018-08-05 07:25,5241
2018-08-05 07:30,5255
2018-08-05 07:35,5202
2018-08-05 07:40,5137
2018-08-05 07:45,5096
2018-08-05 07:50,5056
2018-08-05 07:55,5083
2018-08-05 08:00,5039
2018-08-05 08:05,4982
2018-08-05 08:10,4981
2018-08-05 08:15,4959
2018-08-05 08:20,4911
2018-08-05 08:25,4926
2018-08-05 08:30,4922
2018-08-05 08:35,4929
2018-08-05 08:40,4970
2018-08-05 08:45,5007
2018-08-05 08:50,5058
2018-08-05 08:55,5084
2018-08-05 09:00,5137
2018-08-05 09:05,5215
2018-08-05 09:10,5309
2018-08-05 09:15,5357
2018-08-05 09:20,5440
2018-08-05 09:25,5503
2018-08-05 09:30,5576
2018-08-05 09:35,5668
2018-08-05 09:40,5725
2018-08-05 09:45,5763
2018-08-05 09:50,5822
2018-08-05 09:55,5875
2018-08-05 10:00,5967
2018-08-05 10:05,6004
2018-08-05 10:10,6040
2018-08-05 10:15,6098
2018-08-05 10:20,6178
2018-08-05 10:25,6154
2018-08-05 10:30,6189
2018-08-05 10:35,6203
2018-08-05 10:40,6236
2018-08-05 10:45,6295
2018-08-05 10:50,6346
2018-08-05 10:55,6411
2018-08-05 11:00,6458
2018-08-05 11:05,6472
2018-08-05 11:10,6523
2018-08-05 11:15,6620
2018-08-05 11:20,6672
2018-08-05 11:25,6735
2018-08-05 11:30,6805
2018-08-05 11:35,6878
2018-08-05 11:40,6930
2018-08-05 11:45,7001
2018-08-05 11:50,7067
2018-08-05 11:55,7143
2018-08-05 12:00,7208
2018-08-05 12:05,7239
2018-08-05 12:10,7309
2018-08-05 12:15,7286
2018-08-05 12:20,7405
2018-08-05 12:25,7411
2018-08-05 12:30,7447
2018-08-05 12:35,7529
2018-08-05 12:40,7572
2018-08-05 12:45,7625
2018-08-05 12:50,7673
2018-08-05 12:55,7671
2018-08-05 13:00,7694
2018-08-05 13:05,7782
2018-08-05 13:10,7908
2018-08-05 13:15,8018
2018-08-05 13:20,8048
2018-08-05 13:25,8109
2018-08-05 13:30,7968
2018-08-05 13:35,8250
2018-08-05 13:40,8313
2018-08-05 13:45,8391
2018-08-05 13:50,8510
2018-08-05 13:55,8564
2018-08-05 14:00,8729
2018-08-05 14:05,8690
2018-08-05 14:10,8775
2018-08-05 14:15,8896
2018-08-05 14:20,0
2018-08-05 14:25,9044
2018-08-05 14:30,9074
2018-08-05 14:35,9148
2018-08-05 14:40,9225
2018-08-05 14:45,9233
2018-08-05 14:50,9332
2018-08-05 14:55,9438
2018-08-05 15:00,9484
2018-08-05 15:05,9533
2018-08-05 15:10,9620
2018-08-05 15:15,9709
2018-08-05 15:20,9733
2018-08-05 15:25,9881
2018-08-05 15:30,9959
2018-08-05 15:35,10009
2018-08-05 15:40,10069
2018-08-05 15:45,10133
2018-08-05 15:50,10223
2018-08-05 15:55,10260
2018-08-05 16:00,10299
2018-08-05 16:05,10362
2018-08-05 16:10,10413
2018-08-05 16:15,10489
2018-08-05 16:20,10489
2018-08-05 16:25,10540
2018-08-05 16:30,10579
2018-08-05 16:35,10654
2018-08-05 16:40,10713
2018-08-05 16:45,10713
2018-08-05 16:50,10720
2018-08-05 16:55,10770
2018-08-05 17:00,10814
2018-08-05 17:05,10814
2018-08-05 17:10,10915
2018-08-05 17:15,11007
2018-08-05 17:20,11007
2018-08-05 17:25,11131
2018-08-05 17:30,11271
2018-08-05 17:35,11271
2018-08-05 17:40,11287
2018-08-05 17:45,11478
2018-08-05 17:50,11448
2018-08-05 17:55,11540
2018-08-05 18:00,11593
2018-08-05 18:05,11624
2018-08-05 18:10,11707
2018-08-05 18:15,11707
2018-08-05 18:20,11851
2018-08-05 18:25,12022
2018-08-05 18:30,12029
2018-08-05 18:35,12054
2018-08-05 18:40,12107
2018-08-05 18:45,12185
2018-08-05 18:50,12185
2018-08-05 18:55,12248
2018-08-05 19:00,12291
2018-08-05 19:05,12315
2018-08-05 19:10,12315
2018-08-05 19:15,12410
2018-08-05 19:20,12410
2018-08-05 19:25,12472
2018-08-05 19:30,12425
2018-08-05 19:35,12458
2018-08-05 19:40,12466
2018-08-05 19:45,12514
2018-08-05 19:50,12545
2018-08-05 19:55,12545
2018-08-05 20:00,12579
2018-08-05 20:05,12520
2018-08-05 20:10,12529
2018-08-05 20:15,12515
2018-08-05 20:20,12515
2018-08-05 20:25,12451
2018-08-05 20:30,12485
2018-08-05 20:35,12432
2018-08-05 20:40,12351
2018-08-05 20:45,12386
2018-08-05 20:50,12319
2018-08-05 20:55,12246
2018-08-05 21:00,12071
2018-08-05 21:05,12014
2018-08-05 21:10,11895
2018-08-05 21:15,11845
2018-08-05 21:20,11845
2018-08-05 21:25,11675
2018-08-05 21:30,11603
2018-08-05 21:35,11567
2018-08-05 21:40,11515
2018-08-05 21:45,11515
2018-08-05 21:50,11280
2018-08-05 21:55,11157
2018-08-05 22:00,11007
2018-08-05 22:05,10923
2018-08-05 22:10,10795
2018-08-05 22:15,10724
2018-08-05 22:20,10724
2018-08-05 22:25,10583
2018-08-05 22:30,10472
2018-08-05 22:35,10425
2018-08-05 22:40,10357
2018-08-05 22:45,10270
2018-08-05 22:50,10211
2018-08-05 22:55,10105
2018-08-05 23:00,
2018-08-05 23:05,10051
2018-08-05 23:10,9991
2018-08-05 23:15,9870
2018-08-05 23:20,9870
2018-08-05 23:25,9766
2018-08-05 23:30,9661
2018-08-05 23:35,9601
2018-08-05 23:40,9588
2018-08-05 23:45,9452
2018-08-05 23:50,9452
2018-08-05 23:55,9403
2018-08-06 00:00,9280
2018-08-06 00:05,9280
2018-08-06 00:10,9262
2018-08-06 00:15,9170
2018-08-06 00:20,9045
2018-08-06 00:25,8984
2018-08-06 00:30,8986
2018-08-06 00:35,8981
2018-08-06 00:40,8981
2018-08-06 00:45,8908
2018-08-06 00:50,8879
2018-08-06 00:55,8879
2018-08-06 01:00,8878
2018-08-06 01:05,8878
2018-08-06 01:10,8841
2018-08-06 01:15,8841
2018-08-06 01:20,8855
2018-08-06 01:25,8872
2018-08-06 01:30,8793
2018-08-06 01:35,8735
2018-08-06 01:40,8667
2018-08-06 01:45,8599
2018-08-06 01:50,8589
2018-08-06 01:55,8570
2018-08-06 02:00,8397
2018-08-06 02:05,8397
2018-08-06 02:10,8343
2018-08-06 02:15,8343
2018-08-06 02:20,8365
2018-08-06 02:25,8299
2018-08-06 02:30,8280
2018-08-06 02:35,8197
2018-08-06 02:40,8097
2018-08-06 02:45,8119
2018-08-06 02:50,8075
2018-08-06 02:55,7965
2018-08-06 03:00,7864
2018-08-06 03:05,7864
2018-08-06 03:10,7788
2018-08-06 03:15,7693
2018-08-06 03:20,7613
2018-08-06 03:25,7553
2018-08-06 03:30,7474
2018-08-06 03:35,7403
2018-08-06 03:40,7309
2018-08-06 03:45,7277
2018-08-06 03:50,7168
2018-08-06 03:55,7053
2018-08-06 04:00,6779
2018-08-06 04:05,6779
2018-08-06 04:10,6679
2018-08-06 04:15,6552
2018-08-06 04:20,6473
2018-08-06 04:25,6375
2018-08-06 04:30,6324
2018-08-06 04:35,6272
2018-08-06 04:40,6158
2018-08-06 04:45,6110
2018-08-06 04:50,6038
2018-08-06 04:55,5964
2018-08-06 05:00,5882
2018-08-06 05:05,5786
2018-08-06 05:10,5773
2018-08-06 05:15,5660
2018-08-06 05:20,5611
2018-08-06 05:25,5496
2018-08-06 05:30,5439
2018-08-06 05:35,5314
2018-08-06 05:40,5275
2018-08-06 05:45,5084
2018-08-06 05:50,5084
2018-08-06 05:55,4996
2018-08-06 06:00,4915
2018-08-06 06:05,4915
2018-08-06 06:10,4831
2018-08-06 06:15,4760
2018-08-06 06:20,4723
2018-08-06 06:25,4676
2018-08-06 06:30,4640
2018-08-06 06:35,4609
2018-08-06 06:40,4536
2018-08-06 06:45,4469
2018-08-06 06:50,4364
2018-08-06 06:55,4283
2018-08-06 07:00,4297
2018-08-06 07:05,4237
2018-08-06 07:10,4247
2018-08-06 07:15,4173
2018-08-06 07:20,4151
2018-08-06 07:25,4113
2018-08-06 07:30,4135
2018-08-06 07:35,4094
2018-08-06 07:40,4086
2018-08-06 07:45,4112
2018-08-06 07:50,4127
2018-08-06 07:55,4085
2018-08-06 08:00,4076
2018-08-06 08:05,4067
2018-08-06 08:10,4098
2018-08-06 08:15,4131
2018-08-06 08:20,4076
2018-08-06 08:25,4047
2018-08-06 08:30,4063
2018-08-06 08:35,4066
2018-08-06 08:40,4083
2018-08-06 08:45,4165
2018-08-06 08:50,4191
2018-08-06 08:55,4236
2018-08-06 09:00,4272
2018-08-06 09:05,4296
2018-08-06 09:10,4417
2018-08-06 09:15,4489
2018-08-06 09:20,4529
2018-08-06 09:25,4624
2018-08-06 09:30,4665
2018-08-06 09:35,4655
2018-08-06 09:40,4701
2018-08-06 09:45,4738
2018-08-06 09:50,4780
2018-08-06 09:55,4868
2018-08-06 10:00,4928
2018-08-06 10:05,4943
2018-08-06 10:10,5015
2018-08-06 10:15,5084
2018-08-06 10:20,5126
2018-08-06 10:25,5158
2018-08-06 10:30,
2018-08-06 10:35,5237
2018-08-06 10:40,5291
2018-08-06 10:45,5314
2018-08-06 10:50,5313
2018-08-06 10:55,5356
2018-08-06 11:00,5395
2018-08-06 11:05,5394
2018-08-06 11:10,5404
2018-08-06 11:15,5443
2018-08-06 11:20,5464
2018-08-06 11:25,5515
2018-08-06 11:30,5551
2018-08-06 11:35,5601
2018-08-06 11:40,5663
2018-08-06 11:45,5735
2018-08-06 11:50,5806
2018-08-06 11:55,5803
2018-08-06 12:00,5900
2018-08-06 12:05,5955
2018-08-06 12:10,5992
2018-08-06 12:15,6068
2018-08-06 12:20,6085
2018-08-06 12:25,6119
2018-08-06 12:30,6165
2018-08-06 12:35,6220
2018-08-06 12:40,6216
2018-08-06 12:45,6247
2018-08-06 12:50,6198
2018-08-06 12:55,6210
2018-08-06 13:00,6192
2018-08-06 13:05,6130
2018-08-06 13:10,6060
2018-08-06 13:15,6084
2018-08-06 13:20,6068
2018-08-06 13:25,6039
2018-08-06 13:30,5956
2018-08-06 13:35,5467
2018-08-06 13:40,4260
2018-08-06 13:45,3406
2018-08-06 13:50,2625
2018-08-06 13:55,2051
2018-08-06 14:00,1790
2018-08-06 14:05,1660
2018-08-06 14:10,1546
2018-08-06 14:15,1603
2018-08-06 14:20,1676
2018-08-06 14:25,1722
2018-08-06 14:30,1711
2018-08-06 14:35,1744
2018-08-06 14:40,1803
2018-08-06 14:45,1842
2018-08-06 14:50,1889
2018-08-06 14:55,1907
2018-08-06 15:00,1935
2018-08-06 15:05,2002
2018-08-06 15:10,2047
2018-08-06 15:15,2071
2018-08-06 15:20,1993
2018-08-06 15:25,1893
2018-08-06 15:30,1897
2018-08-06 15:35,1965
2018-08-06 15:40,2035
2018-08-06 15:45,2097
2018-08-06 15:50,2982
2018-08-06 15:55,4212
2018-08-06 16:00,5157
2018-08-06 16:05,5888
2018-08-06 16:10,6666
2018-08-06 16:15,7300
2018-08-06 16:20,7857
2018-08-06 16:25,8324
2018-08-06 16:30,8783
2018-08-06 16:35,9185
2018-08-06 16:40,9586
2018-08-06 16:45,9914
2018-08-06 16:50,10218
2018-08-06 16:55,10443
2018-08-06 17:00,10686
2018-08-06 17:05,10952
2018-08-06 17:10,11108
2018-08-06 17:15,11269
2018-08-06 17:20,11476
2018-08-06 17:25,11619
2018-08-06 17:30,11724
2018-08-06 17:35,11848
2018-08-06 17:40,11948
2018-08-06 17:45,12008
2018-08-06 17:50,12113
2018-08-06 17:55,12179
2018-08-06 18:00,12181
2018-08-06 18:05,12235
2018-08-06 18:10,12331
2018-08-06 18:15,12406
2018-08-06 18:20,12497
2018-08-06 18:25,12530
2018-08-06 18:30,12610
2018-08-06 18:35,12646
2018-08-06 18:40,12795
2018-08-06 18:45,12896
2018-08-06 18:50,12970
2018-08-06 18:55,13018
2018-08-06 19:00,13104
2018-08-06 19:05,13149
2018-08-06 19:10,13128
2018-08-06 19:15,13194
2018-08-06 19:20,13192
2018-08-06 19:25,13299
2018-08-06 19:30,13358
2018-08-06 19:35,13336
2018-08-06 19:40,13312
2018-08-06 19:45,13297
2018-08-06 19:50,13275
2018-08-06 19:55,13267
2018-08-06 20:00,13297
2018-08-06 20:05,13229
2018-08-06 20:10,13158
2018-08-06 20:15,13143
2018-08-06 20:20,13144
2018-08-06 20:25,13064
2018-08-06 20:30,13081
2018-08-06 20:35,13061
2018-08-06 20:40,12989
2018-08-06 20:45,12900
2018-08-06 20:50,12896
2018-08-06 20:55,12854
2018-08-06 21:00,12812
2018-08-06 21:05,12709
2018-08-06 21:10,12609
2018-08-06 21:15,12476
2018-08-06 21:20,12444
2018-08-06 21:25,12389
2018-08-06 21:30,12322
2018-08-06 21:35,12222
2018-08-06 21:40,12147
2018-08-06 21:45,11965
2018-08-06 21:50,11880
2018-08-06 21:55,11797
2018-08-06 22:00,11675
2018-08-06 22:05,11547
2018-08-06 22:10,11461
2018-08-06 22:15,11356
2018-08-06 22:20,11177
2018-08-06 22:25,10815
2018-08-06 22:30,10504
2018-08-06 22:35,10082
2018-08-06 22:40,7832
2018-08-06 22:45,6249
2018-08-06 22:50,4861
2018-08-06 22:55,3695
2018-08-06 23:00,2962
2018-08-06 23:05,2646
2018-08-06 23:10,2374
2018-08-06 23:15,2354
2018-08-06 23:20,2316
2018-08-06 23:25,3067
2018-08-06 23:30,4018
2018-08-06 23:35,4811
2018-08-06 23:40,5501
2018-08-06 23:45,6180
2018-08-06 23:50,6759
2018-08-06 23:55,7218
2018-08-07 00:00,7676
2018-08-07 00:05,8022
2018-08-07 00:10,8396
2018-08-07 00:15,8680
2018-08-07 00:20,8913
2018-08-07 00:25,9144
2018-08-07 00:30,9309
2018-08-07 00:35,9477
2018-08-07 00:40,9558
2018-08-07 00:45,9424
2018-08-07 00:50,9514
2018-08-07 00:55,9538
2018-08-07 01:00,9682
2018-08-07 01:05,9782
2018-08-07 01:10,9828
2018-08-07 01:15,9823
2018-08-07 01:20,9825
2018-08-07 01:25,9862
2018-08-07 01:30,9880
2018-08-07 01:35,9852
2018-08-07 01:40,9856
2018-08-07 01:45,9862
2018-08-07 01:50,9875
2018-08-07 01:55,9839
2018-08-07 02:00,9744
2018-08-07 02:05,9698
2018-08-07 02:10,9668
2018-08-07 02:15,9665
2018-08-07 02:20,9726
2018-08-07 02:25,9481
2018-08-07 02:30,9467
2018-08-07 02:35,9359
2018-08-07 02:40,9292
2018-08-07 02:45,9256
2018-08-07 02:50,9212
2018-08-07 02:55,9107
2018-08-07 03:00,9081
2018-08-07 03:05,8928
2018-08-07 03:10,8878
2018-08-07 03:15,8828
2018-08-07 03:20,8684
2018-08-07 03:25,8626
2018-08-07 03:30,8597
2018-08-07 03:35,8565
2018-08-07 03:40,8505
2018-08-07 03:45,8433
2018-08-07 03:50,8324
2018-08-07 03:55,8230
2018-08-07 04:00,8121
2018-08-07 04:05,7938
2018-08-07 04:10,7862
2018-08-07 04:15,7750
2018-08-07 04:20,7638
2018-08-07 04:25,7482
2018-08-07 04:30,7381
2018-08-07 04:35,7313
2018-08-07 04:40,7237
2018-08-07 04:45,7101
2018-08-07 04:50,6939
2018-08-07 04:55,6835
2018-08-07 05:00,6695
2018-08-07 05:05,6583
2018-08-07 05:10,6515
2018-08-07 05:15,6393
2018-08-07 05:20,6297
2018-08-07 05:25,6223
2018-08-07 05:30,6129
2018-08-07 05:35,6000
2018-08-07 05:40,5945
2018-08-07 05:45,5826
2018-08-07 05:50,5726
2018-08-07 05:55,5669
2018-08-07 06:00,5602
2018-08-07 06:05,5481
2018-08-07 06:10,5422
2018-08-07 06:15,5354
2018-08-07 06:20,5275
2018-08-07 06:25,5214
2018-08-07 06:30,5112
2018-08-07 06:35,5066
2018-08-07 06:40,5066
2018-08-07 06:45,4961
2018-08-07 06:50,4924
2018-08-07 06:55,4947
2018-08-07 07:00,0
2018-08-07 07:05,4887
2018-08-07 07:10,4881
2018-08-07 07:15,4851
2018-08-07 07:20,4854
2018-08-07 07:25,4809
2018-08-07 07:30,4759
2018-08-07 07:35,4713
2018-08-07 07:40,4708
2018-08-07 07:45,4709
2018-08-07 07:50,4712
2018-08-07 07:55,4760
2018-08-07 08:00,4755
2018-08-07 08:05,4738
2018-08-07 08:10,4761
2018-08-07 08:15,4838
2018-08-07 08:20,4826
2018-08-07 08:25,4825
2018-08-07 08:30,4833
2018-08-07 08:35,4808
2018-08-07 08:40,4841
2018-08-07 08:45,4863
2018-08-07 08:50,4849
2018-08-07 08:55,4840
2018-08-07 09:00,4825
2018-08-07 09:05,4968
2018-08-07 09:10,5033
2018-08-07 09:15,5147
2018-08-07 09:20,5244
2018-08-07 09:25,5308
2018-08-07 09:30,5384
2018-08-07 09:35,5454
2018-08-07 09:40,5483
2018-08-07 09:45,5485
2018-08-07 09:50,5523
2018-08-07 09:55,5584
2018-08-07 10:00,5623
2018-08-07 10:05,5635
2018-08-07 10:10,5629
2018-08-07 10:15,5707
2018-08-07 10:20,5731
2018-08-07 10:25,5828
2018-08-07 10:30,5891
2018-08-07 10:35,5911
2018-08-07 10:40,5901
2018-08-07 10:45,5949
2018-08-07 10:50,5981
2018-08-07 10:55,6028
2018-08-07 11:00,6091
2018-08-07 11:05,6139
2018-08-07 11:10,6182
2018-08-07 11:15,6221
2018-08-07 11:20,6326
2018-08-07 11:25,6356
2018-08-07 11:30,6400
2018-08-07 11:35,6474
2018-08-07 11:40,6551
2018-08-07 11:45,6626
2018-08-07 11:50,6688
2018-08-07 11:55,6750
2018-08-07 12:00,6786
2018-08-07 12:05,6804
2018-08-07 12:10,6857
2018-08-07 12:15,6956
2018-08-07 12:20,6948
2018-08-07 12:25,6997
2018-08-07 12:30,7063
2018-08-07 12:35,7115
2018-08-07 12:40,7135
2018-08-07 12:45,7192
2018-08-07 12:50,7247
2018-08-07 12:55,7314
2018-08-07 13:00,7374
2018-08-07 13:05,7449
2018-08-07 13:10,7464
2018-08-07 13:15,7539
2018-08-07 13:20,7486
2018-08-07 13:25,7714
2018-08-07 13:30,7795
2018-08-07 13:35,7867
2018-08-07 13:40,7917
2018-08-07 13:45,7997
2018-08-07 13:50,7930
2018-08-07 13:55,8146
2018-08-07 14:00,8246
2018-08-07 14:05,8286
2018-08-07 14:10,8425
2018-08-07 14:15,8544
2018-08-07 14:20,8603
2018-08-07 14:25,8718
2018-08-07 14:30,8765
2018-08-07 14:35,8846
2018-08-07 14:40,8896
2018-08-07 14:45,8944
2018-08-07 14:50,9023
2018-08-07 14:55,9125
2018-08-07 15:00,9180
2018-08-07 15:05,9202
2018-08-07 15:10,9224
2018-08-07 15:15,9298
2018-08-07 15:20,9369
2018-08-07 15:25,9483
2018-08-07 15:30,9477
2018-08-07 15:35,9601
2018-08-07 15:40,9676
2018-08-07 15:45,9759
2018-08-07 15:50,9774
2018-08-07 15:55,9838
2018-08-07 16:00,9904
2018-08-07 16:05,9989
2018-08-07 16:10,10056
2018-08-07 16:15,10120
2018-08-07 16:20,10235
2018-08-07 16:25,10344
2018-08-07 16:30,10461
2018-08-07 16:35,10545
2018-08-07 16:40,10653
2018-08-07 16:45,10703
2018-08-07 16:50,10742
2018-08-07 16:55,10697
2018-08-07 17:00,10721
2018-08-07 17:05,10775
2018-08-07 17:10,10874
2018-08-07 17:15,10953
2018-08-07 17:20,11043
2018-08-07 17:25,11125
2018-08-07 17:30,11146
2018-08-07 17:35,11248
2018-08-07 17:40,11328
2018-08-07 17:45,11394
2018-08-07 17:50,11506
2018-08-07 17:55,11581
2018-08-07 18:00,11597
2018-08-07 18:05,11648
2018-08-07 18:10,11708
2018-08-07 18:15,11789
2018-08-07 18:20,11851
2018-08-07 18:25,11970
2018-08-07 18:30,12023
2018-08-07 18:35,11994
2018-08-07 18:40,12079
2018-08-07 18:45,12171
2018-08-07 18:50,12255
2018-08-07 18:55,12270
2018-08-07 19:00,12265
2018-08-07 19:05,12337
2018-08-07 19:10,12405
2018-08-07 19:15,12453
2018-08-07 19:20,12518
2018-08-07 19:25,12579
2018-08-07 19:30,11705
2018-08-07 19:35,10986
2018-08-07 19:40,11144
2018-08-07 19:45,11329
2018-08-07 19:50,11447
2018-08-07 19:55,11639
2018-08-07 20:00,11764
2018-08-07 20:05,11823
2018-08-07 20:10,11875
2018-08-07 20:15,11957
2018-08-07 20:20,12072
2018-08-07 20:25,12082
2018-08-07 20:30,12067
2018-08-07 20:35,12117
2018-08-07 20:40,12231
2018-08-07 20:45,12156
2018-08-07 20:50,12134
2018-08-07 20:55,12076
2018-08-07 21:00,11988
2018-08-07 21:05,11946
2018-08-07 21:10,11921
2018-08-07 21:15,11902
2018-08-07 21:20,11885
2018-08-07 21:25,11859
2018-08-07 21:30,11822
2018-08-07 21:35,11748
2018-08-07 21:40,11701
2018-08-07 21:45,11557
2018-08-07 21:50,11422
2018-08-07 21:55,11364
2018-08-07 22:00,11227
2018-08-07 22:05,11149
2018-08-07 22:10,11072
2018-08-07 22:15,11085
2018-08-07 22:20,10918
2018-08-07 22:25,10837
2018-08-07 22:30,10785
2018-08-07 22:35,10806
2018-08-07 22:40,10706
2018-08-07 22:45,10690
2018-08-07 22:50,10583
2018-08-07 22:55,10495
2018-08-07 23:00,10440
2018-08-07 23:05,10434
2018-08-07 23:10,
2018-08-07 23:15,
2018-08-07 23:20,9993
2018-08-07 23:25,10117
2018-08-07 23:30,10195
2018-08-07 23:35,10106
2018-08-07 23:40,10084
2018-08-07 23:45,10028
2018-08-07 23:50,10012
2018-08-07 23:55,9950
2018-08-08 00:00,9891
2018-08-08 00:05,9805
2018-08-08 00:10,9698
2018-08-08 00:15,9604
2018-08-08 00:20,9582
2018-08-08 00:25,9605
2018-08-08 00:30,9586
2018-08-08 00:35,9536
2018-08-08 00:40,9565
2018-08-08 00:45,9487
2018-08-08 00:50,9424
2018-08-08 00:55,9455
2018-08-08 01:00,9448
2018-08-08 01:05,9415
2018-08-08 01:10,9410
2018-08-08 01:15,9357
2018-08-08 01:20,9313
2018-08-08 01:25,9341
2018-08-08 01:30,9312
2018-08-08 01:35,9323
2018-08-08 01:40,9324
2018-08-08 01:45,9311
2018-08-08 01:50,9295
2018-08-08 01:55,9236
2018-08-08 02:00,9192
2018-08-08 02:05,9095
2018-08-08 02:10,9005
2018-08-08 02:15,8948
2018-08-08 02:20,8800
2018-08-08 02:25,8734
2018-08-08 02:30,8617
2018-08-08 02:35,8613
2018-08-08 02:40,8603
2018-08-08 02:45,8581
2018-08-08 02:50,8544
2018-08-08 02:55,8438
2018-08-08 03:00,8383
2018-08-08 03:05,8316
2018-08-08 03:10,8241
2018-08-08 03:15,8140
2018-08-08 03:20,8065
2018-08-08 03:25,7993
2018-08-08 03:30,7952
2018-08-08 03:35,7842
2018-08-08 03:40,7795
2018-08-08 03:45,7635
2018-08-08 03:50,7499
2018-08-08 03:55,7403
2018-08-08 04:00,7266
2018-08-08 04:05,7177
2018-08-08 04:10,7106
2018-08-08 04:15,7057
2018-08-08 04:20,6921
2018-08-08 04:25,6842
2018-08-08 04:30,6688
2018-08-08 04:35,6551
2018-08-08 04:40,6453
2018-08-08 04:45,6380
2018-08-08 04:50,6262
2018-08-08 04:55,6239
2018-08-08 05:00,6221
2018-08-08 05:05,6149
2018-08-08 05:10,6089
2018-08-08 05:15,5958
2018-08-08 05:20,5842
2018-08-08 05:25,5773
2018-08-08 05:30,5719
2018-08-08 05:35,5654
2018-08-08 05:40,5630
2018-08-08 05:45,5549
2018-08-08 05:50,5448
2018-08-08 05:55,5373
2018-08-08 06:00,5300
2018-08-08 06:05,5171
2018-08-08 06:10,5124
2018-08-08 06:15,5063
2018-08-08 06:20,5003
2018-08-08 06:25,4967
2018-08-08 06:30,4905
2018-08-08 06:35,4792
2018-08-08 06:40,4671
2018-08-08 06:45,4590
2018-08-08 06:50,4465
2018-08-08 06:55,4413
2018-08-08 07:00,4336
2018-08-08 07:05,4246
2018-08-08 07:10,4168
2018-08-08 07:15,4104
2018-08-08 07:20,4014
2018-08-08 07:25,3931
2018-08-08 07:30,3840
2018-08-08 07:35,3689
2018-08-08 07:40,2953
2018-08-08 07:45,2346
2018-08-08 07:50,1890
2018-08-08 07:55,1552
2018-08-08 08:00,1284
2018-08-08 08:05,1152
2018-08-08 08:10,1074
2018-08-08 08:15,1071
2018-08-08 08:20,1082
2018-08-08 08:25,1098
2018-08-08 08:30,1163
2018-08-08 08:35,1579
2018-08-08 08:40,2008
2018-08-08 08:45,2359
2018-08-08 08:50,2668
2018-08-08 08:55,2983
2018-08-08 09:00,3213
2018-08-08 09:05,3464
2018-08-08 09:10,3778
2018-08-08 09:15,4068
2018-08-08 09:20,4254
2018-08-08 09:25,4440
2018-08-08 09:30,4615
2018-08-08 09:35,4783
2018-08-08 09:40,4945
2018-08-08 09:45,5110
2018-08-08 09:50,5195
2018-08-08 09:55,5280
2018-08-08 10:00,5360
2018-08-08 10:05,5439
2018-08-08 10:10,5559
2018-08-08 10:15,5612
2018-08-08 10:20,5705
2018-08-08 10:25,5770
2018-08-08 10:30,5831
2018-08-08 10:35,5828
2018-08-08 10:40,5835
2018-08-08 10:45,5853
2018-08-08 10:50,5935
2018-08-08 10:55,5992
2018-08-08 11:00,6043
2018-08-08 11:05,6098
2018-08-08 11:10,6117
2018-08-08 11:15,6247
2018-08-08 11:20,6298
2018-08-08 11:25,6365
2018-08-08 11:30,6442
2018-08-08 11:35,6480
2018-08-08 11:40,6531
2018-08-08 11:45,6550
2018-08-08 11:50,6613
2018-08-08 11:55,6638
2018-08-08 12:00,6624
2018-08-08 12:05,6672
2018-08-08 12:10,6741
2018-08-08 12:15,6742
2018-08-08 12:20,6787
2018-08-08 12:25,6820
2018-08-08 12:30,6913
2018-08-08 12:35,6960
2018-08-08 12:40,6987
2018-08-08 12:45,7009
2018-08-08 12:50,7093
2018-08-08 12:55,7178
2018-08-08 13:00,7230
2018-08-08 13:05,7277
2018-08-08 13:10,7359
2018-08-08 13:15,7406
2018-08-08 13:20,7467
2018-08-08 13:25,7573
2018-08-08 13:30,7632
2018-08-08 13:35,7749
2018-08-08 13:40,7826
2018-08-08 13:45,7916
2018-08-08 13:50,7923
2018-08-08 13:55,7954
2018-08-08 14:00,7993
2018-08-08 14:05,8008
2018-08-08 14:10,8102
2018-08-08 14:15,8145
2018-08-08 14:20,8201
2018-08-08 14:25,8231
2018-08-08 14:30,8251
2018-08-08 14:35,8271
2018-08-08 14:40,8382
2018-08-08 14:45,8471
2018-08-08 14:50,8536
2018-08-08 14:55,8557
2018-08-08 15:00,8649
2018-08-08 15:05,8765
2018-08-08 15:10,8844
2018-08-08 15:15,8926
2018-08-08 15:20,8994
2018-08-08 15:25,9045
2018-08-08 15:30,9073
2018-08-08 15:35,9125
2018-08-08 15:40,9229
2018-08-08 15:45,9226
2018-08-08 15:50,9288
2018-08-08 15:55,9421
2018-08-08 16:00,9534
2018-08-08 16:05,9584
2018-08-08 16:10,9717
2018-08-08 16:15,9825
2018-08-08 16:20,9904
2018-08-08 16:25,9981
2018-08-08 16:30,10051
2018-08-08 16:35,10074
2018-08-08 16:40,10141
2018-08-08 16:45,10253
2018-08-08 16:50,10352
2018-08-08 16:55,10432
2018-08-08 17:00,10473
2018-08-08 17:05,10522
2018-08-08 17:10,10655
2018-08-08 17:15,10752
2018-08-08 17:20,10838
2018-08-08 17:25,10906
2018-08-08 17:30,10992
2018-08-08 17:35,11063
2018-08-08 17:40,11103
2018-08-08 17:45,11100
2018-08-08 17:50,11186
2018-08-08 17:55,11284
2018-08-08 18:00,11281
2018-08-08 18:05,11128
2018-08-08 18:10,11187
2018-08-08 18:15,11273
2018-08-08 18:20,11378
2018-08-08 18:25,11485
2018-08-08 18:30,11533
2018-08-08 18:35,11585
2018-08-08 18:40,11704
2018-08-08 18:45,11834
2018-08-08 18:50,11913
2018-08-08 18:55,11751
2018-08-08 19:00,11842
2018-08-08 19:05,11915
2018-08-08 19:10,12033
2018-08-08 19:15,12132
2018-08-08 19:20,12115
2018-08-08 19:25,12152
2018-08-08 19:30,12228
2018-08-08 19:35,12252
2018-08-08 19:40,12252
2018-08-08 19:45,12218
2018-08-08 19:50,12257
2018-08-08 19:55,12208
2018-08-08 20:00,12156
2018-08-08 20:05,12186
2018-08-08 20:10,12112
2018-08-08 20:15,12127
2018-08-08 20:20,12087
2018-08-08 20:25,12055
2018-08-08 20:30,12027
2018-08-08 20:35,12007
2018-08-08 20:40,12017
2018-08-08 20:45,12064
2018-08-08 20:50,12005
2018-08-08 20:55,11968
2018-08-08 21:00,11954
2018-08-08 21:05,11834
2018-08-08 21:10,11739
2018-08-08 21:15,11611
2018-08-08 21:20,11554
2018-08-08 21:25,11495
2018-08-08 21:30,11288
2018-08-08 21:35,11215
2018-08-08 21:40,11133
2018-08-08 21:45,11130
2018-08-08 21:50,11050
2018-08-08 21:55,10866
2018-08-08 22:00,10826
2018-08-08 22:05,10674
2018-08-08 22:10,10616
2018-08-08 22:15,10520
2018-08-08 22:20,10486
2018-08-08 22:25,10445
2018-08-08 22:30,10390
2018-08-08 22:35,10354
2018-08-08 22:40,10330
2018-08-08 22:45,10297
2018-08-08 22:50,10261
2018-08-08 22:55,10169
2018-08-08 23:00,10097
2018-08-08 23:05,10023
2018-08-08 23:10,9980
2018-08-08 23:15,9947
2018-08-08 23:20,9894
2018-08-08 23:25,9746
2018-08-08 23:30,9714
2018-08-08 23:35,9660
2018-08-08 23:40,9569
2018-08-08 23:45,9471
2018-08-08 23:50,9378
2018-08-08 23:55,9390
2018-08-09 00:00,9296
2018-08-09 00:05,9232
2018-08-09 00:10,9160
2018-08-09 00:15,9086
2018-08-09 00:20,9069
2018-08-09 00:25,9056
2018-08-09 00:30,9071
2018-08-09 00:35,9012
2018-08-09 00:40,8951
2018-08-09 00:45,8922
2018-08-09 00:50,8883
2018-08-09 00:55,8869
2018-08-09 01:00,8866
2018-08-09 01:05,8820
2018-08-09 01:10,8815
2018-08-09 01:15,8788
2018-08-09 01:20,8763
2018-08-09 01:25,8738
2018-08-09 01:30,8699
2018-08-09 01:35,8706
2018-08-09 01:40,8677
2018-08-09 01:45,8666
2018-08-09 01:50,8631
2018-08-09 01:55,8591
2018-08-09 02:00,8499
2018-08-09 02:05,8443
2018-08-09 02:10,7814
2018-08-09 02:15,6789
2018-08-09 02:20,5999
2018-08-09 02:25,6165
2018-08-09 02:30,6324
2018-08-09 02:35,6516
2018-08-09 02:40,6703
2018-08-09 02:45,6861
2018-08-09 02:50,6934
2018-08-09 02:55,6991
2018-08-09 03:00,7090
2018-08-09 03:05,7235
2018-08-09 03:10,7242
2018-08-09 03:15,7206
2018-08-09 03:20,7160
2018-08-09 03:25,7172
2018-08-09 03:30,7185
2018-08-09 03:35,7178
2018-08-09 03:40,7187
2018-08-09 03:45,7156
2018-08-09 03:50,7126
2018-08-09 03:55,7051
2018-08-09 04:00,7013
2018-08-09 04:05,6972
2018-08-09 04:10,6891
2018-08-09 04:15,6785
2018-08-09 04:20,6768
2018-08-09 04:25,6696
2018-08-09 04:30,6642
2018-08-09 04:35,6567
2018-08-09 04:40,6500
2018-08-09 04:45,6419
2018-08-09 04:50,6321
2018-08-09 04:55,6246
2018-08-09 05:00,6134
2018-08-09 05:05,6042
2018-08-09 05:10,5918
2018-08-09 05:15,5904
2018-08-09 05:20,5839
2018-08-09 05:25,5715
2018-08-09 05:30,5663
2018-08-09 05:35,5508
2018-08-09 05:40,5414
2018-08-09 05:45,5356
2018-08-09 05:50,5285
2018-08-09 05:55,5200
2018-08-09 06:00,5161
2018-08-09 06:05,5080
2018-08-09 06:10,5035
2018-08-09 06:15,5028
2018-08-09 06:20,4966
2018-08-09 06:25,4869
2018-08-09 06:30,4804
2018-08-09 06:35,4755
2018-08-09 06:40,4739
2018-08-09 06:45,4703
2018-08-09 06:50,4643
2018-08-09 06:55,4587
2018-08-09 07:00,4564
2018-08-09 07:05,4496
2018-08-09 07:10,4512
2018-08-09 07:15,4481
2018-08-09 07:20,4469
2018-08-09 07:25,4417
2018-08-09 07:30,4378
2018-08-09 07:35,4375
2018-08-09 07:40,4352
2018-08-09 07:45,4331
2018-08-09 07:50,4326
2018-08-09 07:55,4294
2018-08-09 08:00,4280
2018-08-09 08:05,4243
2018-08-09 08:10,4282
2018-08-09 08:15,4257
2018-08-09 08:20,4295
2018-08-09 08:25,4304
2018-08-09 08:30,4292
2018-08-09 08:35,4300
2018-08-09 08:40,4315
2018-08-09 08:45,4319
2018-08-09 08:50,4350
2018-08-09 08:55,4371
2018-08-09 09:00,4369
2018-08-09 09:05,4444
2018-08-09 09:10,4533
2018-08-09 09:15,4632
2018-08-09 09:20,4698
2018-08-09 09:25,4771
2018-08-09 09:30,4827
2018-08-09 09:35,4902
2018-08-09 09:40,4944
2018-08-09 09:45,4994
2018-08-09 09:50,5046
2018-08-09 09:55,5080
2018-08-09 10:00,5146
2018-08-09 10:05,5111
2018-08-09 10:10,5171
2018-08-09 10:15,5279
2018-08-09 10:20,5337
2018-08-09 10:25,5344
2018-08-09 10:30,5381
2018-08-09 10:35,5458
2018-08-09 10:40,5481
2018-08-09 10:45,5512
2018-08-09 10:50,5481
2018-08-09 10:55,5543
2018-08-09 11:00,5622
2018-08-09 11:05,5695
2018-08-09 11:10,5762
2018-08-09 11:15,5784
2018-08-09 11:20,5835
2018-08-09 11:25,5845
2018-08-09 11:30,5898
2018-08-09 11:35,5984
2018-08-09 11:40,6065
2018-08-09 11:45,6125
2018-08-09 11:50,6182
2018-08-09 11:55,6236
2018-08-09 12:00,6279
2018-08-09 12:05,6293
2018-08-09 12:10,6396
2018-08-09 12:15,6481
2018-08-09 12:20,6587
2018-08-09 12:25,6684
2018-08-09 12:30,6738
2018-08-09 12:35,6748
2018-08-09 12:40,6840
2018-08-09 12:45,6910
2018-08-09 12:50,6922
2018-08-09 12:55,6940
2018-08-09 13:00,6952
2018-08-09 13:05,7032
2018-08-09 13:10,7061
2018-08-09 13:15,7126
2018-08-09 13:20,7186
2018-08-09 13:25,7278
2018-08-09 13:30,7331
2018-08-09 13:35,7451
2018-08-09 13:40,7522
2018-08-09 13:45,7575
2018-08-09 13:50,7564
2018-08-09 13:55,7726
2018-08-09 14:00,7824
2018-08-09 14:05,7793
2018-08-09 14:10,7878
2018-08-09 14:15,7940
2018-08-09 14:20,7965
2018-08-09 14:25,7997
2018-08-09 14:30,8016
2018-08-09 14:35,8044
2018-08-09 14:40,8110
2018-08-09 14:45,8241
2018-08-09 14:50,8245
2018-08-09 14:55,8243
2018-08-09 15:00,8331
2018-08-09 15:05,8402
2018-08-09 15:10,8433
2018-08-09 15:15,8488
2018-08-09 15:20,8564
2018-08-09 15:25,8633
2018-08-09 15:30,8730
2018-08-09 15:35,8787
2018-08-09 15:40,8919
2018-08-09 15:45,9008
2018-08-09 15:50,9006
2018-08-09 15:55,9101
2018-08-09 16:00,9098
2018-08-09 16:05,9092
2018-08-09 16:10,9057
2018-08-09 16:15,9113
2018-08-09 16:20,9150
2018-08-09 16:25,9303
2018-08-09 16:30,9422
2018-08-09 16:35,9460
2018-08-09 16:40,9539
2018-08-09 16:45,9659
2018-08-09 16:50,9696
2018-08-09 16:55,9798
2018-08-09 17:00,9817
2018-08-09 17:05,9801
2018-08-09 17:10,9861
2018-08-09 17:15,9900
2018-08-09 17:20,9927
2018-08-09 17:25,9996
2018-08-09 17:30,10067
2018-08-09 17:35,10108
2018-08-09 17:40,10142
2018-08-09 17:45,10168
2018-08-09 17:50,10237
2018-08-09 17:55,10224
2018-08-09 18:00,10330
2018-08-09 18:05,10324
2018-08-09 18:10,10466
2018-08-09 18:15,10518
2018-08-09 18:20,10625
2018-08-09 18:25,10582
2018-08-09 18:30,10656
2018-08-09 18:35,10690
2018-08-09 18:40,10784
2018-08-09 18:45,10849
2018-08-09 18:50,10928
2018-08-09 18:55,11045
2018-08-09 19:00,11107
2018-08-09 19:05,11146
2018-08-09 19:10,11173
2018-08-09 19:15,11255
2018-08-09 19:20,11284
2018-08-09 19:25,11246
2018-08-09 19:30,11278
2018-08-09 19:35,11279
2018-08-09 19:40,11266
2018-08-09 19:45,11239
2018-08-09 19:50,11238
2018-08-09 19:55,11254
2018-08-09 20:00,11205
2018-08-09 20:05,11197
2018-08-09 20:10,11178
2018-08-09 20:15,11180
2018-08-09 20:20,11162
2018-08-09 20:25,11101
2018-08-09 20:30,11222
2018-08-09 20:35,11209
2018-08-09 20:40,11138
2018-08-09 20:45,11117
2018-08-09 20:50,11073
2018-08-09 20:55,10982
2018-08-09 21:00,10896
2018-08-09 21:05,10828
2018-08-09 21:10,10796
2018-08-09 21:15,10662
2018-08-09 21:20,10666
2018-08-09 21:25,10690
2018-08-09 21:30,10604
2018-08-09 21:35,10624
2018-08-09 21:40,10580
2018-08-09 21:45,10507
2018-08-09 21:50,10410
2018-08-09 21:55,10376
2018-08-09 22:00,10282
2018-08-09 22:05,10120
2018-08-09 22:10,10043
2018-08-09 22:15,9994
2018-08-09 22:20,9948
2018-08-09 22:25,9854
2018-08-09 22:30,9762
2018-08-09 22:35,9680
2018-08-09 22:40,9600
2018-08-09 22:45,9480
2018-08-09 22:50,9446
2018-08-09 22:55,9364
2018-08-09 23:00,9337
2018-08-09 23:05,9266
2018-08-09 23:10,9227
2018-08-09 23:15,9132
2018-08-09 23:20,9123
2018-08-09 23:25,7548
2018-08-09 23:30,9001
2018-08-09 23:35,8938
2018-08-09 23:40,8869
2018-08-09 23:45,8756
2018-08-09 23:50,8676
2018-08-09 23:55,8659
2018-08-10 00:00,8648
2018-08-10 00:05,8572
2018-08-10 00:10,8632
2018-08-10 00:15,8591
2018-08-10 00:20,8575
2018-08-10 00:25,8511
2018-08-10 00:30,8487
2018-08-10 00:35,8467
2018-08-10 00:40,8405
2018-08-10 00:45,8372
2018-08-10 00:50,8413
2018-08-10 00:55,8423
2018-08-10 01:00,8383
2018-08-10 01:05,8318
2018-08-10 01:10,8278
2018-08-10 01:15,8227
2018-08-10 01:20,8247
2018-08-10 01:25,8283
2018-08-10 01:30,8259
2018-08-10 01:35,8241
2018-08-10 01:40,8261
2018-08-10 01:45,8226
2018-08-10 01:50,8240
2018-08-10 01:55,8142
2018-08-10 02:00,8091
2018-08-10 02:05,7979
2018-08-10 02:10,7991
2018-08-10 02:15,7886
2018-08-10 02:20,7687
2018-08-10 02:25,7592
2018-08-10 02:30,7560
2018-08-10 02:35,7553
2018-08-10 02:40,7536
2018-08-10 02:45,7478
2018-08-10 02:50,7459
2018-08-10 02:55,7437
2018-08-10 03:00,7457
2018-08-10 03:05,7369
2018-08-10 03:10,7304
2018-08-10 03:15,7271
2018-08-10 03:20,7208
2018-08-10 03:25,7185
2018-08-10 03:30,7123
2018-08-10 03:35,7025
2018-08-10 03:40,6939
2018-08-10 03:45,6852
2018-08-10 03:50,6751
2018-08-10 03:55,6723
2018-08-10 04:00,6645
2018-08-10 04:05,6559
2018-08-10 04:10,6450
2018-08-10 04:15,6366
2018-08-10 04:20,6296
2018-08-10 04:25,6198
2018-08-10 04:30,6156
2018-08-10 04:35,6094
2018-08-10 04:40,6066
2018-08-10 04:45,5965
2018-08-10 04:50,5850
2018-08-10 04:55,5728
2018-08-10 05:00,5674
2018-08-10 05:05,5583
2018-08-10 05:10,5524
2018-08-10 05:15,5459
2018-08-10 05:20,5409
2018-08-10 05:25,5359
2018-08-10 05:30,5327
2018-08-10 05:35,5243
2018-08-10 05:40,5174
2018-08-10 05:45,5080
2018-08-10 05:50,4976
2018-08-10 05:55,4977
2018-08-10 06:00,4904
2018-08-10 06:05,4827
2018-08-10 06:10,4768
2018-08-10 06:15,4659
2018-08-10 06:20,4572
2018-08-10 06:25,4514
2018-08-10 06:30,4476
2018-08-10 06:35,4419
2018-08-10 06:40,4395
2018-08-10 06:45,4360
2018-08-10 06:50,4351
2018-08-10 06:55,4323
2018-08-10 07:00,4293
2018-08-10 07:05,4280
2018-08-10 07:10,4256
2018-08-10 07:15,4273
2018-08-10 07:20,4238
2018-08-10 07:25,4167
2018-08-10 07:30,4223
2018-08-10 07:35,4222
2018-08-10 07:40,4150
2018-08-10 07:45,4196
2018-08-10 07:50,4195
2018-08-10 07:55,4159
2018-08-10 08:00,4134
2018-08-10 08:05,4123
2018-08-10 08:10,4113
2018-08-10 08:15,4066
2018-08-10 08:20,4077
2018-08-10 08:25,4082
2018-08-10 08:30,4087
2018-08-10 08:35,4092
2018-08-10 08:40,4107
2018-08-10 08:45,4128
2018-08-10 08:50,4216
2018-08-10 08:55,4246
2018-08-10 09:00,4223
2018-08-10 09:05,4299
2018-08-10 09:10,4435
2018-08-10 09:15,4492
2018-08-10 09:20,4559
2018-08-10 09:25,4605
2018-08-10 09:30,4648
2018-08-10 09:35,4711
2018-08-10 09:40,4754
2018-08-10 09:45,4759
2018-08-10 09:50,4809
2018-08-10 09:55,4883
2018-08-10 10:00,4898
2018-08-10 10:05,
2018-08-10 10:10,4965
2018-08-10 10:15,5033
2018-08-10 10:20,5078
2018-08-10 10:25,5146
2018-08-10 10:30,5209
2018-08-10 10:35,5260
2018-08-10 10:40,5330
2018-08-10 10:45,5401
2018-08-10 10:50,5430
2018-08-10 10:55,5500
2018-08-10 11:00,5547
2018-08-10 11:05,5568
2018-08-10 11:10,5614
2018-08-10 11:15,5736
2018-08-10 11:20,5756
2018-08-10 11:25,5806
2018-08-10 11:30,5849
2018-08-10 11:35,5876
2018-08-10 11:40,5961
2018-08-10 11:45,6003
2018-08-10 11:50,6071
2018-08-10 11:55,6137
2018-08-10 12:00,6176
2018-08-10 12:05,6192
2018-08-10 12:10,6233
2018-08-10 12:15,6303
2018-08-10 12:20,6345
2018-08-10 12:25,6397
2018-08-10 12:30,6501
2018-08-10 12:35,6526
2018-08-10 12:40,6559
2018-08-10 12:45,6656
2018-08-10 12:50,6707
2018-08-10 12:55,6704
2018-08-10 13:00,6737
2018-08-10 13:05,6787
2018-08-10 13:10,6903
2018-08-10 13:15,7001
2018-08-10 13:20,7022
2018-08-10 13:25,7062
2018-08-10 13:30,7057
2018-08-10 13:35,7133
2018-08-10 13:40,7227
2018-08-10 13:45,7316
2018-08-10 13:50,7327
2018-08-10 13:55,7458
2018-08-10 14:00,7497
2018-08-10 14:05,7516
2018-08-10 14:10,7569
2018-08-10 14:15,7527
2018-08-10 14:20,7603
2018-08-10 14:25,7713
2018-08-10 14:30,7758
2018-08-10 14:35,7766
2018-08-10 14:40,7807
2018-08-10 14:45,7918
2018-08-10 14:50,7895
2018-08-10 14:55,7972
2018-08-10 15:00,8022
2018-08-10 15:05,8113
2018-08-10 15:10,8158
2018-08-10 15:15,8240
2018-08-10 15:20,8307
2018-08-10 15:25,8336
2018-08-10 15:30,8407
2018-08-10 15:35,8474
2018-08-10 15:40,8569
2018-08-10 15:45,8603
2018-08-10 15:50,8666
2018-08-10 15:55,8768
2018-08-10 16:00,8844
2018-08-10 16:05,8840
2018-08-10 16:10,8841
2018-08-10 16:15,8950
2018-08-10 16:20,8986
2018-08-10 16:25,9087
2018-08-10 16:30,9080
2018-08-10 16:35,9076
2018-08-10 16:40,9124
2018-08-10 16:45,9250
2018-08-10 16:50,9249
2018-08-10 16:55,9277
2018-08-10 17:00,9314
2018-08-10 17:05,9366
2018-08-10 17:10,9469
2018-08-10 17:15,9403
2018-08-10 17:20,9417
2018-08-10 17:25,9419
2018-08-10 17:30,9488
2018-08-10 17:35,9569
2018-08-10 17:40,9654
2018-08-10 17:45,9716
2018-08-10 17:50,9765
2018-08-10 17:55,9867
2018-08-10 18:00,9899
2018-08-10 18:05,9895
2018-08-10 18:10,10005
2018-08-10 18:15,10129
2018-08-10 18:20,10173
2018-08-10 18:25,10246
2018-08-10 18:30,10329
2018-08-10 18:35,10380
2018-08-10 18:40,10399
2018-08-10 18:45,10512
2018-08-10 18:50,10530
2018-08-10 18:55,10618
2018-08-10 19:00,10654
2018-08-10 19:05,10622
2018-08-10 19:10,10508
2018-08-10 19:15,10565
2018-08-10 19:20,10588
2018-08-10 19:25,10654
2018-08-10 19:30,10776
2018-08-10 19:35,10778
2018-08-10 19:40,10815
2018-08-10 19:45,10861
2018-08-10 19:50,10841
2018-08-10 19:55,10868
2018-08-10 20:00,10844
2018-08-10 20:05,10867
2018-08-10 20:10,10907
2018-08-10 20:15,11034
2018-08-10 20:20,11082
2018-08-10 20:25,11109
2018-08-10 20:30,11161
2018-08-10 20:35,11136
2018-08-10 20:40,11182
2018-08-10 20:45,11222
2018-08-10 20:50,11226
2018-08-10 20:55,11202
2018-08-10 21:00,11192
2018-08-10 21:05,11186
2018-08-10 21:10,
2018-08-10 21:15,
2018-08-10 21:20,11016
2018-08-10 21:25,11022
2018-08-10 21:30,11012
2018-08-10 21:35,10991
2018-08-10 21:40,10972
2018-08-10 21:45,10951
2018-08-10 21:50,10907
2018-08-10 21:55,10890
2018-08-10 22:00,10795
2018-08-10 22:05,10662
2018-08-10 22:10,10552
2018-08-10 22:15,10485
2018-08-10 22:20,10428
2018-08-10 22:25,10417
2018-08-10 22:30,10294
2018-08-10 22:35,10219
2018-08-10 22:40,10159
2018-08-10 22:45,10090
2018-08-10 22:50,10031
2018-08-10 22:55,10019
2018-08-10 23:00,9928
2018-08-10 23:05,9815
2018-08-10 23:10,9717
2018-08-10 23:15,9649
2018-08-10 23:20,9543
2018-08-10 23:25,9425
2018-08-10 23:30,9380
2018-08-10 23:35,9365
2018-08-10 23:40,9270
2018-08-10 23:45,9242
2018-08-10 23:50,9153
2018-08-10 23:55,9018
2018-08-11 00:00,8974
2018-08-11 00:05,8957
2018-08-11 00:10,8924
2018-08-11 00:15,8883
2018-08-11 00:20,8870
2018-08-11 00:25,8795
2018-08-11 00:30,8789
2018-08-11 00:35,8781
2018-08-11 00:40,8779
2018-08-11 00:45,8765
2018-08-11 00:50,8758
2018-08-11 00:55,8747
2018-08-11 01:00,8699
2018-08-11 01:05,8627
2018-08-11 01:10,8671
2018-08-11 01:15,8674
2018-08-11 01:20,8705
2018-08-11 01:25,8708
2018-08-11 01:30,8684
2018-08-11 01:35,8736
2018-08-11 01:40,8682
2018-08-11 01:45,8669
2018-08-11 01:50,8658
2018-08-11 01:55,8636
2018-08-11 02:00,8609
2018-08-11 02:05,8585
2018-08-11 02:10,8590
2018-08-11 02:15,8577
2018-08-11 02:20,8600
2018-08-11 02:25,8609
2018-08-11 02:30,8593
2018-08-11 02:35,8571
2018-08-11 02:40,8546
2018-08-11 02:45,8553
2018-08-11 02:50,8535
2018-08-11 02:55,8472
2018-08-11 03:00,8426
2018-08-11 03:05,8409
2018-08-11 03:10,8422
2018-08-11 03:15,8380
2018-08-11 03:20,8328
2018-08-11 03:25,8297
2018-08-11 03:30,8209
2018-08-11 03:35,8168
2018-08-11 03:40,8160
2018-08-11 03:45,8120
2018-08-11 03:50,8074
2018-08-11 03:55,7969
2018-08-11 04:00,7895
2018-08-11 04:05,7861
2018-08-11 04:10,7759
2018-08-11 04:15,7702
2018-08-11 04:20,7644
2018-08-11 04:25,7556
2018-08-11 04:30,7491
2018-08-11 04:35,7385
2018-08-11 04:40,7294
2018-08-11 04:45,7240
2018-08-11 04:50,7154
2018-08-11 04:55,7072
2018-08-11 05:00,6969
2018-08-11 05:05,6852
2018-08-11 05:10,6812
2018-08-11 05:15,6712
2018-08-11 05:20,6596
2018-08-11 05:25,6526
2018-08-11 05:30,6471
2018-08-11 05:35,6360
2018-08-11 05:40,6266
2018-08-11 05:45,6198
2018-08-11 05:50,6118
2018-08-11 05:55,6079
2018-08-11 06:00,5997
2018-08-11 06:05,5871
2018-08-11 06:10,5822
2018-08-11 06:15,5736
2018-08-11 06:20,5677
2018-08-11 06:25,5602
2018-08-11 06:30,5525
2018-08-11 06:35,5410
2018-08-11 06:40,5331
2018-08-11 06:45,5311
2018-08-11 06:50,5206
2018-08-11 06:55,5122
2018-08-11 07:00,5053
2018-08-11 07:05,5063
2018-08-11 07:10,5014
2018-08-11 07:15,4983
2018-08-11 07:20,4974
2018-08-11 07:25,4914
2018-08-11 07:30,4878
2018-08-11 07:35,4883
2018-08-11 07:40,4833
2018-08-11 07:45,4819
2018-08-11 07:50,4812
2018-08-11 07:55,4833
2018-08-11 08:00,4833
2018-08-11 08:05,4783
2018-08-11 08:10,4853
2018-08-11 08:15,4825
2018-08-11 08:20,4789
2018-08-11 08:25,4716
2018-08-11 08:30,4751
2018-08-11 08:35,4779
2018-08-11 08:40,4785
2018-08-11 08:45,4840
2018-08-11 08:50,4817
2018-08-11 08:55,4827
2018-08-11 09:00,4843
2018-08-11 09:05,4893
2018-08-11 09:10,5037
2018-08-11 09:15,5078
2018-08-11 09:20,5084
2018-08-11 09:25,5219
2018-08-11 09:30,5336
2018-08-11 09:35,5382
2018-08-11 09:40,5458
2018-08-11 09:45,5492
2018-08-11 09:50,5521
2018-08-11 09:55,5610
2018-08-11 10:00,5632
2018-08-11 10:05,5591
2018-08-11 10:10,5636
2018-08-11 10:15,5691
2018-08-11 10:20,5740
2018-08-11 10:25,5802
2018-08-11 10:30,5884
2018-08-11 10:35,5880
2018-08-11 10:40,5890
2018-08-11 10:45,5953
2018-08-11 10:50,6028
2018-08-11 10:55,6108
2018-08-11 11:00,6161
2018-08-11 11:05,6205
2018-08-11 11:10,6272
2018-08-11 11:15,6333
2018-08-11 11:20,6358
2018-08-11 11:25,6341
2018-08-11 11:30,6421
2018-08-11 11:35,6467
2018-08-11 11:40,6588
2018-08-11 11:45,6642
2018-08-11 11:50,6661
2018-08-11 11:55,6695
2018-08-11 12:00,6718
2018-08-11 12:05,6775
2018-08-11 12:10,6826
2018-08-11 12:15,6919
2018-08-11 12:20,7000
2018-08-11 12:25,7017
2018-08-11 12:30,7073
2018-08-11 12:35,7172
2018-08-11 12:40,7257
2018-08-11 12:45,7305
2018-08-11 12:50,7359
2018-08-11 12:55,7420
2018-08-11 13:00,7478
2018-08-11 13:05,7545
2018-08-11 13:10,7616
2018-08-11 13:15,7705
2018-08-11 13:20,7773
2018-08-11 13:25,7829
2018-08-11 13:30,7889
2018-08-11 13:35,7961
2018-08-11 13:40,8077
2018-08-11 13:45,8198
2018-08-11 13:50,8258
2018-08-11 13:55,8340
2018-08-11 14:00,8425
2018-08-11 14:05,8475
2018-08-11 14:10,8581
2018-08-11 14:15,8656
2018-08-11 14:20,8706
2018-08-11 14:25,8888
2018-08-11 14:30,8879
2018-08-11 14:35,8950
2018-08-11 14:40,9025
2018-08-11 14:45,9065
2018-08-11 14:50,9137
2018-08-11 14:55,9170
2018-08-11 15:00,9241
2018-08-11 15:05,9227
2018-08-11 15:10,9275
2018-08-11 15:15,9338
2018-08-11 15:20,9446
2018-08-11 15:25,9572
2018-08-11 15:30,9548
2018-08-11 15:35,9597
2018-08-11 15:40,9690
2018-08-11 15:45,9700
2018-08-11 15:50,9716
2018-08-11 15:55,9756
2018-08-11 16:00,9842
2018-08-11 16:05,9841
2018-08-11 16:10,9877
2018-08-11 16:15,9916
2018-08-11 16:20,9984
2018-08-11 16:25,10108
2018-08-11 16:30,10130
2018-08-11 16:35,10212
2018-08-11 16:40,10255
2018-08-11 16:45,10303
2018-08-11 16:50,10393
2018-08-11 16:55,10443
2018-08-11 17:00,10534
2018-08-11 17:05,10559
2018-08-11 17:10,10587
2018-08-11 17:15,10587
2018-08-11 17:20,10681
2018-08-11 17:25,10705
2018-08-11 17:30,10804
2018-08-11 17:35,10887
2018-08-11 17:40,10911
2018-08-11 17:45,10946
2018-08-11 17:50,10964
2018-08-11 17:55,11021
2018-08-11 18:00,11065
2018-08-11 18:05,11080
2018-08-11 18:10,11250
2018-08-11 18:15,11435
2018-08-11 18:20,11415
2018-08-11 18:25,11474
2018-08-11 18:30,11494
2018-08-11 18:35,11593
2018-08-11 18:40,11654
2018-08-11 18:45,11668
2018-08-11 18:50,11720
2018-08-11 18:55,11779
2018-08-11 19:00,11747
2018-08-11 19:05,11793
2018-08-11 19:10,11835
2018-08-11 19:15,11790
2018-08-11 19:20,11806
2018-08-11 19:25,11793
2018-08-11 19:30,11783
2018-08-11 19:35,11850
2018-08-11 19:40,11925
2018-08-11 19:45,11968
2018-08-11 19:50,12032
2018-08-11 19:55,12071
2018-08-11 20:00,12159
2018-08-11 20:05,12133
2018-08-11 20:10,12222
2018-08-11 20:15,12254
2018-08-11 20:20,12268
2018-08-11 20:25,12291
2018-08-11 20:30,12284
2018-08-11 20:35,12207
2018-08-11 20:40,12134
2018-08-11 20:45,12110
2018-08-11 20:50,12153
2018-08-11 20:55,12119
2018-08-11 21:00,12054
2018-08-11 21:05,12039
2018-08-11 21:10,12005
2018-08-11 21:15,11947
2018-08-11 21:20,11844
2018-08-11 21:25,11788
2018-08-11 21:30,11799
2018-08-11 21:35,11742
2018-08-11 21:40,11640
2018-08-11 21:45,11557
2018-08-11 21:50,11426
2018-08-11 21:55,11374
2018-08-11 22:00,11275
2018-08-11 22:05,11181
2018-08-11 22:10,11089
2018-08-11 22:15,10987
2018-08-11 22:20,10913
2018-08-11 22:25,10859
2018-08-11 22:30,10768
2018-08-11 22:35,10680
2018-08-11 22:40,10616
2018-08-11 22:45,10549
2018-08-11 22:50,10405
2018-08-11 22:55,10322
2018-08-11 23:00,10200
2018-08-11 23:05,10143
2018-08-11 23:10,10059
2018-08-11 23:15,9982
2018-08-11 23:20,9869
2018-08-11 23:25,9802
2018-08-11 23:30,9701
2018-08-11 23:35,9644
2018-08-11 23:40,9576
2018-08-11 23:45,9496
2018-08-11 23:50,9409
2018-08-11 23:55,9356
2018-08-12 00:00,9320
2018-08-12 00:05,9267
2018-08-12 00:10,9194
2018-08-12 00:15,9101
2018-08-12 00:20,9055
2018-08-12 00:25,9014
2018-08-12 00:30,8962
2018-08-12 00:35,8950
2018-08-12 00:40,8932
2018-08-12 00:45,8849
2018-08-12 00:50,8814
2018-08-12 00:55,8787
2018-08-12 01:00,8718
2018-08-12 01:05,8669
2018-08-12 01:10,8659
2018-08-12 01:15,8619
2018-08-12 01:20,8559
2018-08-12 01:25,8563
2018-08-12 01:30,8528
2018-08-12 01:35,8518
2018-08-12 01:40,8513
2018-08-12 01:45,8469
2018-08-12 01:50,8456
2018-08-12 01:55,8459
2018-08-12 02:00,8460
2018-08-12 02:05,8446
2018-08-12 02:10,8449
2018-08-12 02:15,8464
2018-08-12 02:20,8432
2018-08-12 02:25,8398
2018-08-12 02:30,8357
2018-08-12 02:35,8357
2018-08-12 02:40,8293
2018-08-12 02:45,8293
2018-08-12 02:50,8282
2018-08-12 02:55,8286
2018-08-12 03:00,8285
2018-08-12 03:05,8293
2018-08-12 03:10,8304
2018-08-12 03:15,8301
2018-08-12 03:20,8257
2018-08-12 03:25,8230
2018-08-12 03:30,8189
2018-08-12 03:35,8203
2018-08-12 03:40,8160
2018-08-12 03:45,8116
2018-08-12 03:50,8092
2018-08-12 03:55,8020
2018-08-12 04:00,7939
2018-08-12 04:05,7818
2018-08-12 04:10,7825
2018-08-12 04:15,7788
2018-08-12 04:20,7687
2018-08-12 04:25,7617
2018-08-12 04:30,7574
2018-08-12 04:35,7532
2018-08-12 04:40,7430
2018-08-12 04:45,7319
2018-08-12 04:50,7255
2018-08-12 04:55,7161
2018-08-12 05:00,7064
2018-08-12 05:05,7008
2018-08-12 05:10,6945
2018-08-12 05:15,6867
2018-08-12 05:20,6735
2018-08-12 05:25,6632
2018-08-12 05:30,6533
2018-08-12 05:35,6470
2018-08-12 05:40,6372
2018-08-12 05:45,6275
2018-08-12 05:50,6191
2018-08-12 05:55,6112
2018-08-12 06:00,5993
2018-08-12 06:05,5938
2018-08-12 06:10,5908
2018-08-12 06:15,5880
2018-08-12 06:20,5823
2018-08-12 06:25,5752
2018-08-12 06:30,5716
2018-08-12 06:35,5701
2018-08-12 06:40,5569
2018-08-12 06:45,5464
2018-08-12 06:50,5422
2018-08-12 06:55,5354
2018-08-12 07:00,5283
2018-08-12 07:05,5209
2018-08-12 07:10,5141
2018-08-12 07:15,5116
2018-08-12 07:20,5141
2018-08-12 07:25,5123
2018-08-12 07:30,5072
2018-08-12 07:35,5052
2018-08-12 07:40,5043
2018-08-12 07:45,5001
2018-08-12 07:50,5037
2018-08-12 07:55,4933
2018-08-12 08:00,4982
2018-08-12 08:05,4984
2018-08-12 08:10,4986
2018-08-12 08:15,5075
2018-08-12 08:20,5083
2018-08-12 08:25,5083
2018-08-12 08:30,5054
2018-08-12 08:35,5084
2018-08-12 08:40,5094
2018-08-12 08:45,5140
2018-08-12 08:50,5154
2018-08-12 08:55,5180
2018-08-12 09:00,5208
2018-08-12 09:05,5255
2018-08-12 09:10,5330
2018-08-12 09:15,5378
2018-08-12 09:20,5457
2018-08-12 09:25,5541
2018-08-12 09:30,5586
2018-08-12 09:35,5648
2018-08-12 09:40,5691
2018-08-12 09:45,5778
2018-08-12 09:50,5846
2018-08-12 09:55,5858
2018-08-12 10:00,5913
2018-08-12 10:05,5915
2018-08-12 10:10,5973
2018-08-12 10:15,6054
2018-08-12 10:20,6086
2018-08-12 10:25,6178
2018-08-12 10:30,6216
2018-08-12 10:35,6270
2018-08-12 10:40,6317
2018-08-12 10:45,6427
2018-08-12 10:50,6505
2018-08-12 10:55,6509
2018-08-12 11:00,6593
2018-08-12 11:05,6622
2018-08-12 11:10,6660
2018-08-12 11:15,6734
2018-08-12 11:20,6788
2018-08-12 11:25,6817
2018-08-12 11:30,6850
2018-08-12 11:35,6921
2018-08-12 11:40,6987
2018-08-12 11:45,7056
2018-08-12 11:50,7128
2018-08-12 11:55,7205
2018-08-12 12:00,7326
2018-08-12 12:05,7320
2018-08-12 12:10,7343
2018-08-12 12:15,7440
2018-08-12 12:20,7537
2018-08-12 12:25,7607
2018-08-12 12:30,7674
2018-08-12 12:35,7736
2018-08-12 12:40,7787
2018-08-12 12:45,7807
2018-08-12 12:50,7930
2018-08-12 12:55,7994
2018-08-12 13:00,8048
2018-08-12 13:05,8069
2018-08-12 13:10,8138
2018-08-12 13:15,8168
2018-08-12 13:20,8250
2018-08-12 13:25,8353
2018-08-12 13:30,8394
2018-08-12 13:35,8502
2018-08-12 13:40,8602
2018-08-12 13:45,8724
2018-08-12 13:50,8794
2018-08-12 13:55,8911
2018-08-12 14:00,8958
2018-08-12 14:05,9066
2018-08-12 14:10,9132
2018-08-12 14:15,9229
2018-08-12 14:20,9297
2018-08-12 14:25,9359
2018-08-12 14:30,9417
2018-08-12 14:35,9430
2018-08-12 14:40,9455
2018-08-12 14:45,9469
2018-08-12 14:50,9526
2018-08-12 14:55,9561
2018-08-12 15:00,9591
2018-08-12 15:05,9620
2018-08-12 15:10,9708
2018-08-12 15:15,9754
2018-08-12 15:20,9858
2018-08-12 15:25,9949
2018-08-12 15:30,10055
2018-08-12 15:35,10136
2018-08-12 15:40,10150
2018-08-12 15:45,10241
2018-08-12 15:50,10335
2018-08-12 15:55,10341
2018-08-12 16:00,10378
2018-08-12 16:05,10453
2018-08-12 16:10,10488
2018-08-12 16:15,10573
2018-08-12 16:20,10686
2018-08-12 16:25,10753
2018-08-12 16:30,10897
2018-08-12 16:35,10915
2018-08-12 16:40,11021
2018-08-12 16:45,11073
2018-08-12 16:50,11158
2018-08-12 16:55,11241
2018-08-12 17:00,11290
2018-08-12 17:05,11312
2018-08-12 17:10,11380
2018-08-12 17:15,11435
2018-08-12 17:20,11532
2018-08-12 17:25,11593
2018-08-12 17:30,11666
2018-08-12 17:35,11756
2018-08-12 17:40,11765
2018-08-12 17:45,11812
2018-08-12 17:50,11888
2018-08-12 17:55,11930
2018-08-12 18:00,12004
2018-08-12 18:05,12130
2018-08-12 18:10,12195
2018-08-12 18:15,12302
2018-08-12 18:20,12349
2018-08-12 18:25,12402
2018-08-12 18:30,12439
2018-08-12 18:35,12515
2018-08-12 18:40,12675
2018-08-12 18:45,12770
2018-08-12 18:50,12837
2018-08-12 18:55,12953
2018-08-12 19:00,13073
2018-08-12 19:05,13141
2018-08-12 19:10,13182
2018-08-12 19:15,13154
2018-08-12 19:20,13225
2018-08-12 19:25,13254
2018-08-12 19:30,13318
2018-08-12 19:35,13283
2018-08-12 19:40,13246
2018-08-12 19:45,13256
2018-08-12 19:50,13210
2018-08-12 19:55,13208
2018-08-12 20:00,13149
2018-08-12 20:05,13056
2018-08-12 20:10,13191
2018-08-12 20:15,13135
2018-08-12 20:20,13165
2018-08-12 20:25,13118
2018-08-12 20:30,13084
2018-08-12 20:35,13002
2018-08-12 20:40,12896
2018-08-12 20:45,12844
2018-08-12 20:50,12797
2018-08-12 20:55,12686
2018-08-12 21:00,12530
2018-08-12 21:05,12421
2018-08-12 21:10,12334
2018-08-12 21:15,12254
2018-08-12 21:20,12143
2018-08-12 21:25,12072
2018-08-12 21:30,11942
2018-08-12 21:35,11855
2018-08-12 21:40,11760
2018-08-12 21:45,11656
2018-08-12 21:50,11568
2018-08-12 21:55,11466
2018-08-12 22:00,11345
2018-08-12 22:05,11279
2018-08-12 22:10,11160
2018-08-12 22:15,11078
2018-08-12 22:20,11014
2018-08-12 22:25,10988
2018-08-12 22:30,10956
2018-08-12 22:35,10872
2018-08-12 22:40,10753
2018-08-12 22:45,10635
2018-08-12 22:50,10457
2018-08-12 22:55,10444
2018-08-12 23:00,10404
2018-08-12 23:05,10263
2018-08-12 23:10,10173
2018-08-12 23:15,10087
2018-08-12 23:20,10021
2018-08-12 23:25,10009
2018-08-12 23:30,9879
2018-08-12 23:35,9839
2018-08-12 23:40,9843
2018-08-12 23:45,9790
2018-08-12 23:50,9728
2018-08-12 23:55,9711
2018-08-13 00:00,9650
2018-08-13 00:05,9553
2018-08-13 00:10,9535
2018-08-13 00:15,9519
2018-08-13 00:20,9498
2018-08-13 00:25,9469
2018-08-13 00:30,9420
2018-08-13 00:35,9383
2018-08-13 00:40,9309
2018-08-13 00:45,9283
2018-08-13 00:50,9298
2018-08-13 00:55,9227
2018-08-13 01:00,9226
2018-08-13 01:05,9168
2018-08-13 01:10,9135
2018-08-13 01:15,9079
2018-08-13 01:20,9010
2018-08-13 01:25,8971
2018-08-13 01:30,8890
2018-08-13 01:35,8859
2018-08-13 01:40,8805
2018-08-13 01:45,8813
2018-08-13 01:50,8735
2018-08-13 01:55,8673
2018-08-13 02:00,8645
2018-08-13 02:05,8513
2018-08-13 02:10,8442
2018-08-13 02:15,8364
2018-08-13 02:20,8354
2018-08-13 02:25,8261
2018-08-13 02:30,8199
2018-08-13 02:35,8084
2018-08-13 02:40,7957
2018-08-13 02:45,7939
2018-08-13 02:50,7832
2018-08-13 02:55,7786
2018-08-13 03:00,7758
2018-08-13 03:05,7684
2018-08-13 03:10,7598
2018-08-13 03:15,7544
2018-08-13 03:20,7423
2018-08-13 03:25,7352
2018-08-13 03:30,7271
2018-08-13 03:35,7157
2018-08-13 03:40,7025
2018-08-13 03:45,6903
2018-08-13 03:50,6798
2018-08-13 03:55,6760
2018-08-13 04:00,6661
2018-08-13 04:05,6544
2018-08-13 04:10,6417
2018-08-13 04:15,6334
2018-08-13 04:20,6269
2018-08-13 04:25,6179
2018-08-13 04:30,6140
2018-08-13 04:35,6028
2018-08-13 04:40,6004
2018-08-13 04:45,5941
2018-08-13 04:50,5869
2018-08-13 04:55,5825
2018-08-13 05:00,5733
2018-08-13 05:05,5618
2018-08-13 05:10,5494
2018-08-13 05:15,5373
2018-08-13 05:20,5290
2018-08-13 05:25,5222
2018-08-13 05:30,5144
2018-08-13 05:35,5123
2018-08-13 05:40,5018
2018-08-13 05:45,4946
2018-08-13 05:50,4890
2018-08-13 05:55,4842
2018-08-13 06:00,4807
2018-08-13 06:05,4736
2018-08-13 06:10,4716
2018-08-13 06:15,4646
2018-08-13 06:20,4565
2018-08-13 06:25,4533
2018-08-13 06:30,4515
2018-08-13 06:35,4463
2018-08-13 06:40,4433
2018-08-13 06:45,4355
2018-08-13 06:50,4300
2018-08-13 06:55,4288
2018-08-13 07:00,4264
2018-08-13 07:05,4287
2018-08-13 07:10,4233
2018-08-13 07:15,4190
2018-08-13 07:20,4148
2018-08-13 07:25,4115
2018-08-13 07:30,4124
2018-08-13 07:35,4113
2018-08-13 07:40,4150
2018-08-13 07:45,4177
2018-08-13 07:50,4127
2018-08-13 07:55,4136
2018-08-13 08:00,4106
2018-08-13 08:05,4047
2018-08-13 08:10,4034
2018-08-13 08:15,4084
2018-08-13 08:20,4084
2018-08-13 08:25,4095
2018-08-13 08:30,4103
2018-08-13 08:35,4097
2018-08-13 08:40,4149
2018-08-13 08:45,4192
2018-08-13 08:50,4179
2018-08-13 08:55,4225
2018-08-13 09:00,4222
2018-08-13 09:05,4277
2018-08-13 09:10,4388
2018-08-13 09:15,4443
2018-08-13 09:20,4528
2018-08-13 09:25,4571
2018-08-13 09:30,4628
2018-08-13 09:35,4657
2018-08-13 09:40,4710
2018-08-13 09:45,4737
2018-08-13 09:50,4753
2018-08-13 09:55,4780
2018-08-13 10:00,4796
2018-08-13 10:05,4855
2018-08-13 10:10,4945
2018-08-13 10:15,4999
2018-08-13 10:20,5028
2018-08-13 10:25,5061
2018-08-13 10:30,5123
2018-08-13 10:35,5214
2018-08-13 10:40,5255
2018-08-13 10:45,5300
2018-08-13 10:50,5380
2018-08-13 10:55,5411
2018-08-13 11:00,5445
2018-08-13 11:05,5419
2018-08-13 11:10,5457
2018-08-13 11:15,5468
2018-08-13 11:20,5547
2018-08-13 11:25,5619
2018-08-13 11:30,5755
2018-08-13 11:35,5802
2018-08-13 11:40,5808
2018-08-13 11:45,5905
2018-08-13 11:50,5922
2018-08-13 11:55,5999
2018-08-13 12:00,6071
2018-08-13 12:05,6031
2018-08-13 12:10,6109
2018-08-13 12:15,6188
2018-08-13 12:20,6253
2018-08-13 12:25,6308
2018-08-13 12:30,6368
2018-08-13 12:35,6433
2018-08-13 12:40,6460
2018-08-13 12:45,6477
2018-08-13 12:50,6522
2018-08-13 12:55,6551
2018-08-13 13:00,6585
2018-08-13 13:05,6652
2018-08-13 13:10,6748
2018-08-13 13:15,6810
2018-08-13 13:20,6932
2018-08-13 13:25,6954
2018-08-13 13:30,7006
2018-08-13 13:35,7123
2018-08-13 13:40,7190
2018-08-13 13:45,7171
2018-08-13 13:50,7254
2018-08-13 13:55,7272
2018-08-13 14:00,7406
2018-08-13 14:05,7443
2018-08-13 14:10,7517
2018-08-13 14:15,7555
2018-08-13 14:20,7588
2018-08-13 14:25,7635
2018-08-13 14:30,7671
2018-08-13 14:35,7759
2018-08-13 14:40,7899
2018-08-13 14:45,7936
2018-08-13 14:50,7968
2018-08-13 14:55,8035
2018-08-13 15:00,8112
2018-08-13 15:05,8167
2018-08-13 15:10,8212
2018-08-13 15:15,8240
2018-08-13 15:20,8280
2018-08-13 15:25,8276
2018-08-13 15:30,8327
2018-08-13 15:35,8382
2018-08-13 15:40,8467
2018-08-13 15:45,8519
2018-08-13 15:50,8622
2018-08-13 15:55,8638
2018-08-13 16:00,8741
2018-08-13 16:05,8764
2018-08-13 16:10,8869
2018-08-13 16:15,8917
2018-08-13 16:20,8995
2018-08-13 16:25,9098
2018-08-13 16:30,9183
2018-08-13 16:35,9207
2018-08-13 16:40,9279
2018-08-13 16:45,9363
2018-08-13 16:50,9489
2018-08-13 16:55,9593
2018-08-13 17:00,9664
2018-08-13 17:05,9690
2018-08-13 17:10,9700
2018-08-13 17:15,9738
2018-08-13 17:20,9882
2018-08-13 17:25,9966
2018-08-13 17:30,10104
2018-08-13 17:35,10166
2018-08-13 17:40,10277
2018-08-13 17:45,10334
2018-08-13 17:50,10386
2018-08-13 17:55,10377
2018-08-13 18:00,10218
2018-08-13 18:05,10184
2018-08-13 18:10,10178
2018-08-13 18:15,10251
2018-08-13 18:20,10408
2018-08-13 18:25,10477
2018-08-13 18:30,10593
2018-08-13 18:35,10680
2018-08-13 18:40,10781
2018-08-13 18:45,10895
2018-08-13 18:50,10970
2018-08-13 18:55,11032
2018-08-13 19:00,11098
2018-08-13 19:05,11103
2018-08-13 19:10,11130
2018-08-13 19:15,11163
2018-08-13 19:20,11160
2018-08-13 19:25,11179
2018-08-13 19:30,11241
2018-08-13 19:35,11325
2018-08-13 19:40,11359
2018-08-13 19:45,11457
2018-08-13 19:50,11376
2018-08-13 19:55,11422
2018-08-13 20:00,11434
2018-08-13 20:05,11427
2018-08-13 20:10,11477
2018-08-13 20:15,11426
2018-08-13 20:20,11348
2018-08-13 20:25,11296
2018-08-13 20:30,11258
2018-08-13 20:35,11283
2018-08-13 20:40,11175
2018-08-13 20:45,11172
2018-08-13 20:50,11168
2018-08-13 20:55,11134
2018-08-13 21:00,11037
2018-08-13 21:05,10955
2018-08-13 21:10,10894
2018-08-13 21:15,10789
2018-08-13 21:20,10752
2018-08-13 21:25,10660
2018-08-13 21:30,10608
2018-08-13 21:35,10517
2018-08-13 21:40,10422
2018-08-13 21:45,10273
2018-08-13 21:50,10155
2018-08-13 21:55,10034
2018-08-13 22:00,9928
2018-08-13 22:05,9766
2018-08-13 22:10,9712
2018-08-13 22:15,9674
2018-08-13 22:20,9640
2018-08-13 22:25,9564
2018-08-13 22:30,9506
2018-08-13 22:35,9381
2018-08-13 22:40,9244
2018-08-13 22:45,9339
2018-08-13 22:50,9282
2018-08-13 22:55,9205
2018-08-13 23:00,9079
2018-08-13 23:05,9019
2018-08-13 23:10,8920
2018-08-13 23:15,8866
2018-08-13 23:20,8854
2018-08-13 23:25,8803
2018-08-13 23:30,8763
2018-08-13 23:35,8694
2018-08-13 23:40,8683
2018-08-13 23:45,8596
2018-08-13 23:50,8574
2018-08-13 23:55,8593
2018-08-14 00:00,8560
2018-08-14 00:05,8530
2018-08-14 00:10,8584
2018-08-14 00:15,8546
2018-08-14 00:20,8513
2018-08-14 00:25,8488
2018-08-14 00:30,8470
2018-08-14 00:35,8437
2018-08-14 00:40,8405
2018-08-14 00:45,8433
2018-08-14 00:50,8390
2018-08-14 00:55,8360
2018-08-14 01:00,8325
2018-08-14 01:05,8280
2018-08-14 01:10,8213
2018-08-14 01:15,8213
2018-08-14 01:20,8169
2018-08-14 01:25,8190
2018-08-14 01:30,8147
2018-08-14 01:35,8106
2018-08-14 01:40,8072
2018-08-14 01:45,8081
2018-08-14 01:50,8068
2018-08-14 01:55,8125
2018-08-14 02:00,8041
2018-08-14 02:05,7972
2018-08-14 02:10,7883
2018-08-14 02:15,7852
2018-08-14 02:20,7772
2018-08-14 02:25,7725
2018-08-14 02:30,7704
2018-08-14 02:35,7666
2018-08-14 02:40,7627
2018-08-14 02:45,7593
2018-08-14 02:50,7488
2018-08-14 02:55,7505
2018-08-14 03:00,7409
2018-08-14 03:05,7363
2018-08-14 03:10,7319
2018-08-14 03:15,7183
2018-08-14 03:20,7139
2018-08-14 03:25,7051
2018-08-14 03:30,6947
2018-08-14 03:35,6829
2018-08-14 03:40,6749
2018-08-14 03:45,6690
2018-08-14 03:50,6583
2018-08-14 03:55,6488
2018-08-14 04:00,6421
2018-08-14 04:05,6339
2018-08-14 04:10,6247
2018-08-14 04:15,6129
2018-08-14 04:20,6044
2018-08-14 04:25,6002
2018-08-14 04:30,5891
2018-08-14 04:35,5834
2018-08-14 04:40,5777
2018-08-14 04:45,5707
2018-08-14 04:50,5635
2018-08-14 04:55,5565
2018-08-14 05:00,5413
2018-08-14 05:05,5285
2018-08-14 05:10,5226
2018-08-14 05:15,5092
2018-08-14 05:20,4991
2018-08-14 05:25,4929
2018-08-14 05:30,4841
2018-08-14 05:35,4804
2018-08-14 05:40,4725
2018-08-14 05:45,4724
2018-08-14 05:50,4676
2018-08-14 05:55,4591
2018-08-14 06:00,4530
2018-08-14 06:05,4452
2018-08-14 06:10,4406
2018-08-14 06:15,4336
2018-08-14 06:20,4304
2018-08-14 06:25,4212
2018-08-14 06:30,4154
2018-08-14 06:35,4103
2018-08-14 06:40,4060
2018-08-14 06:45,4033
2018-08-14 06:50,3987
2018-08-14 06:55,3952
2018-08-14 07:00,3886
2018-08-14 07:05,3879
2018-08-14 07:10,3872
2018-08-14 07:15,3839
2018-08-14 07:20,3812
2018-08-14 07:25,3813
2018-08-14 07:30,3818
2018-08-14 07:35,3810
2018-08-14 07:40,3790
2018-08-14 07:45,3788
2018-08-14 07:50,3775
2018-08-14 07:55,3824
2018-08-14 08:00,3813
2018-08-14 08:05,3791
2018-08-14 08:10,3852
2018-08-14 08:15,3905
2018-08-14 08:20,3914
2018-08-14 08:25,3959
2018-08-14 08:30,3988
2018-08-14 08:35,4005
2018-08-14 08:40,4006
2018-08-14 08:45,3981
2018-08-14 08:50,4000
2018-08-14 08:55,4019
2018-08-14 09:00,4067
2018-08-14 09:05,4123
2018-08-14 09:10,4217
2018-08-14 09:15,4292
2018-08-14 09:20,4301
2018-08-14 09:25,4386
2018-08-14 09:30,4416
2018-08-14 09:35,4497
2018-08-14 09:40,4581
2018-08-14 09:45,4639
2018-08-14 09:50,4683
2018-08-14 09:55,4726
2018-08-14 10:00,4750
2018-08-14 10:05,4759
2018-08-14 10:10,4817
2018-08-14 10:15,4877
2018-08-14 10:20,4891
2018-08-14 10:25,4938
2018-08-14 10:30,5040
2018-08-14 10:35,5064
2018-08-14 10:40,5070
2018-08-14 10:45,5082
2018-08-14 10:50,5099
2018-08-14 10:55,5173
2018-08-14 11:00,5224
2018-08-14 11:05,5283
2018-08-14 11:10,5347
2018-08-14 11:15,5419
2018-08-14 11:20,5459
2018-08-14 11:25,5470
2018-08-14 11:30,5560
2018-08-14 11:35,5628
2018-08-14 11:40,5721
2018-08-14 11:45,5728
2018-08-14 11:50,5821
2018-08-14 11:55,5867
2018-08-14 12:00,5948
2018-08-14 12:05,5961
2018-08-14 12:10,5984
2018-08-14 12:15,6101
2018-08-14 12:20,6146
2018-08-14 12:25,6177
2018-08-14 12:30,6200
2018-08-14 12:35,6271
2018-08-14 12:40,6316
2018-08-14 12:45,6332
2018-08-14 12:50,6465
2018-08-14 12:55,6501
2018-08-14 13:00,6553
2018-08-14 13:05,6462
2018-08-14 13:10,6607
2018-08-14 13:15,6698
2018-08-14 13:20,6804
2018-08-14 13:25,6831
2018-08-14 13:30,6889
2018-08-14 13:35,6935
2018-08-14 13:40,6966
2018-08-14 13:45,7052
2018-08-14 13:50,7092
2018-08-14 13:55,7164
2018-08-14 14:00,7282
2018-08-14 14:05,7292
2018-08-14 14:10,7357
2018-08-14 14:15,7420
2018-08-14 14:20,7527
2018-08-14 14:25,7600
2018-08-14 14:30,7632
2018-08-14 14:35,7686
2018-08-14 14:40,7690
2018-08-14 14:45,7746
2018-08-14 14:50,7820
2018-08-14 14:55,7833
2018-08-14 15:00,7821
2018-08-14 15:05,7875
2018-08-14 15:10,7935
2018-08-14 15:15,8048
2018-08-14 15:20,8161
2018-08-14 15:25,8203
2018-08-14 15:30,8271
2018-08-14 15:35,8360
2018-08-14 15:40,8407
2018-08-14 15:45,8441
2018-08-14 15:50,8510
2018-08-14 15:55,8539
2018-08-14 16:00,8626
2018-08-14 16:05,8629
2018-08-14 16:10,8663
2018-08-14 16:15,8742
2018-08-14 16:20,8810
2018-08-14 16:25,8897
2018-08-14 16:30,8999
2018-08-14 16:35,9057
2018-08-14 16:40,9140
2018-08-14 16:45,9240
2018-08-14 16:50,9332
2018-08-14 16:55,9419
2018-08-14 17:00,9510
2018-08-14 17:05,9553
2018-08-14 17:10,9576
2018-08-14 17:15,9603
2018-08-14 17:20,9673
2018-08-14 17:25,9739
2018-08-14 17:30,9807
2018-08-14 17:35,9890
2018-08-14 17:40,9970
2018-08-14 17:45,10021
2018-08-14 17:50,10090
2018-08-14 17:55,10120
2018-08-14 18:00,10162
2018-08-14 18:05,10274
2018-08-14 18:10,10356
2018-08-14 18:15,10379
2018-08-14 18:20,10374
2018-08-14 18:25,10457
2018-08-14 18:30,10589
2018-08-14 18:35,10671
2018-08-14 18:40,10732
2018-08-14 18:45,10778
2018-08-14 18:50,10879
2018-08-14 18:55,10853
2018-08-14 19:00,10845
2018-08-14 19:05,10805
2018-08-14 19:10,10829
2018-08-14 19:15,10792
2018-08-14 19:20,10842
2018-08-14 19:25,10928
2018-08-14 19:30,10923
2018-08-14 19:35,10897
2018-08-14 19:40,10879
2018-08-14 19:45,10903
2018-08-14 19:50,10899
2018-08-14 19:55,10922
2018-08-14 20:00,10910
2018-08-14 20:05,10867
2018-08-14 20:10,10896
2018-08-14 20:15,10834
2018-08-14 20:20,10824
2018-08-14 20:25,10799
2018-08-14 20:30,10778
2018-08-14 20:35,10780
2018-08-14 20:40,10757
2018-08-14 20:45,10722
2018-08-14 20:50,10629
2018-08-14 20:55,10613
2018-08-14 21:00,10555
2018-08-14 21:05,10565
2018-08-14 21:10,10569
2018-08-14 21:15,10494
2018-08-14 21:20,10451
2018-08-14 21:25,10386
2018-08-14 21:30,10391
2018-08-14 21:35,10357
2018-08-14 21:40,10290
2018-08-14 21:45,10148
2018-08-14 21:50,10036
2018-08-14 21:55,9952
2018-08-14 22:00,9817
2018-08-14 22:05,9763
2018-08-14 22:10,9699
2018-08-14 22:15,9633
2018-08-14 22:20,9487
2018-08-14 22:25,9383
2018-08-14 22:30,9281
2018-08-14 22:35,9228
2018-08-14 22:40,9235
2018-08-14 22:45,9209
2018-08-14 22:50,9132
2018-08-14 22:55,9047
2018-08-14 23:00,8980
2018-08-14 23:05,8961
2018-08-14 23:10,
2018-08-14 23:15,
2018-08-14 23:20,8000
2018-08-14 23:25,8665
2018-08-14 23:30,8678
2018-08-14 23:35,
2018-08-14 23:40,
2018-08-14 23:45,
2018-08-14 23:50,
2018-08-14 23:55,
2018-08-15 00:00,8545
2018-08-15 00:05,8487
2018-08-15 00:10,8487
2018-08-15 00:15,8471
2018-08-15 00:20,8445
2018-08-15 00:25,8431
2018-08-15 00:30,8423
2018-08-15 00:35,8440
2018-08-15 00:40,8426
2018-08-15 00:45,8388
2018-08-15 00:50,8387
2018-08-15 00:55,8385
2018-08-15 01:00,8363
2018-08-15 01:05,8322
2018-08-15 01:10,8289
2018-08-15 01:15,8254
2018-08-15 01:20,8193
2018-08-15 01:25,8156
2018-08-15 01:30,8083
2018-08-15 01:35,8044
2018-08-15 01:40,8049
2018-08-15 01:45,8034
2018-08-15 01:50,8003
2018-08-15 01:55,7977
2018-08-15 02:00,7917
2018-08-15 02:05,7794
2018-08-15 02:10,7795
2018-08-15 02:15,7739
2018-08-15 02:20,7737
2018-08-15 02:25,7668
2018-08-15 02:30,7616
2018-08-15 02:35,7533
2018-08-15 02:40,7535
2018-08-15 02:45,7536
2018-08-15 02:50,7491
2018-08-15 02:55,7446
2018-08-15 03:00,7470
2018-08-15 03:05,7362
2018-08-15 03:10,7304
2018-08-15 03:15,7270
2018-08-15 03:20,7172
2018-08-15 03:25,7110
2018-08-15 03:30,7009
2018-08-15 03:35,6984
2018-08-15 03:40,6921
2018-08-15 03:45,6841
2018-08-15 03:50,6765
2018-08-15 03:55,6704
2018-08-15 04:00,6630
2018-08-15 04:05,6442
2018-08-15 04:10,6386
2018-08-15 04:15,6318
2018-08-15 04:20,6242
2018-08-15 04:25,6146
2018-08-15 04:30,6068
2018-08-15 04:35,5994
2018-08-15 04:40,5896
2018-08-15 04:45,5787
2018-08-15 04:50,5724
2018-08-15 04:55,5624
2018-08-15 05:00,5505
2018-08-15 05:05,5373
2018-08-15 05:10,5284
2018-08-15 05:15,5161
2018-08-15 05:20,5063
2018-08-15 05:25,4982
2018-08-15 05:30,4921
2018-08-15 05:35,4758
2018-08-15 05:40,4704
2018-08-15 05:45,4624
2018-08-15 05:50,4585
2018-08-15 05:55,4504
2018-08-15 06:00,4429
2018-08-15 06:05,4359
2018-08-15 06:10,4331
2018-08-15 06:15,4227
2018-08-15 06:20,4202
2018-08-15 06:25,4148
2018-08-15 06:30,4075
2018-08-15 06:35,4032
2018-08-15 06:40,3982
2018-08-15 06:45,3919
2018-08-15 06:50,3887
2018-08-15 06:55,3893
2018-08-15 07:00,3850
2018-08-15 07:05,3809
2018-08-15 07:10,3796
2018-08-15 07:15,3757
2018-08-15 07:20,3743
2018-08-15 07:25,3768
2018-08-15 07:30,3768
2018-08-15 07:35,3753
2018-08-15 07:40,3735
2018-08-15 07:45,3735
2018-08-15 07:50,3743
2018-08-15 07:55,3786
2018-08-15 08:00,3821
2018-08-15 08:05,3858
2018-08-15 08:10,3902
2018-08-15 08:15,3918
2018-08-15 08:20,3945
2018-08-15 08:25,3949
2018-08-15 08:30,3973
2018-08-15 08:35,3960
2018-08-15 08:40,3991
2018-08-15 08:45,4040
2018-08-15 08:50,4082
2018-08-15 08:55,4125
2018-08-15 09:00,4123
2018-08-15 09:05,4148
2018-08-15 09:10,4264
2018-08-15 09:15,4302
2018-08-15 09:20,4316
2018-08-15 09:25,4346
2018-08-15 09:30,4371
2018-08-15 09:35,4488
2018-08-15 09:40,4545
2018-08-15 09:45,4572
2018-08-15 09:50,4607
2018-08-15 09:55,4634
2018-08-15 10:00,4649
2018-08-15 10:05,4663
2018-08-15 10:10,4736
2018-08-15 10:15,4784
2018-08-15 10:20,4858
2018-08-15 10:25,4924
2018-08-15 10:30,4944
2018-08-15 10:35,4986
2018-08-15 10:40,4992
2018-08-15 10:45,5072
2018-08-15 10:50,5151
2018-08-15 10:55,5181
2018-08-15 11:00,5205
2018-08-15 11:05,5263
2018-08-15 11:10,5319
2018-08-15 11:15,5386
2018-08-15 11:20,5427
2018-08-15 11:25,5510
2018-08-15 11:30,5591
2018-08-15 11:35,5646
2018-08-15 11:40,5685
2018-08-15 11:45,5738
2018-08-15 11:50,5798
2018-08-15 11:55,5815
2018-08-15 12:00,5870
2018-08-15 12:05,5900
2018-08-15 12:10,5954
2018-08-15 12:15,6011
2018-08-15 12:20,6032
2018-08-15 12:25,5941
2018-08-15 12:30,6125
2018-08-15 12:35,6050
2018-08-15 12:40,6220
2018-08-15 12:45,6292
2018-08-15 12:50,6384
2018-08-15 12:55,6426
2018-08-15 13:00,6476
2018-08-15 13:05,6534
2018-08-15 13:10,6595
2018-08-15 13:15,6631
2018-08-15 13:20,6712
2018-08-15 13:25,6734
2018-08-15 13:30,6832
2018-08-15 13:35,6812
2018-08-15 13:40,6867
2018-08-15 13:45,7012
2018-08-15 13:50,7041
2018-08-15 13:55,7079
2018-08-15 14:00,7140
2018-08-15 14:05,7223
2018-08-15 14:10,7295
2018-08-15 14:15,7324
2018-08-15 14:20,7418
2018-08-15 14:25,7469
2018-08-15 14:30,7521
2018-08-15 14:35,7582
2018-08-15 14:40,7620
2018-08-15 14:45,7605
2018-08-15 14:50,7693
2018-08-15 14:55,7753
2018-08-15 15:00,7781
2018-08-15 15:05,7793
2018-08-15 15:10,7863
2018-08-15 15:15,7974
2018-08-15 15:20,8097
2018-08-15 15:25,8148
2018-08-15 15:30,8245
2018-08-15 15:35,8319
2018-08-15 15:40,8355
2018-08-15 15:45,8353
2018-08-15 15:50,8464
2018-08-15 15:55,8489
2018-08-15 16:00,8482
2018-08-15 16:05,8510
2018-08-15 16:10,8583
2018-08-15 16:15,8641
2018-08-15 16:20,8697
2018-08-15 16:25,8743
2018-08-15 16:30,8827
2018-08-15 16:35,8907
2018-08-15 16:40,8897
2018-08-15 16:45,9025
2018-08-15 16:50,9056
2018-08-15 16:55,9119
2018-08-15 17:00,9218
2018-08-15 17:05,9322
2018-08-15 17:10,9346
2018-08-15 17:15,9405
2018-08-15 17:20,9470
2018-08-15 17:25,9587
2018-08-15 17:30,9706
2018-08-15 17:35,9697
2018-08-15 17:40,9789
2018-08-15 17:45,9843
2018-08-15 17:50,9905
2018-08-15 17:55,9991
2018-08-15 18:00,10080
2018-08-15 18:05,10060
2018-08-15 18:10,10098
2018-08-15 18:15,10214
2018-08-15 18:20,10253
2018-08-15 18:25,10351
2018-08-15 18:30,10412
2018-08-15 18:35,10456
2018-08-15 18:40,10515
2018-08-15 18:45,10508
2018-08-15 18:50,10550
2018-08-15 18:55,10575
2018-08-15 19:00,10602
2018-08-15 19:05,10618
2018-08-15 19:10,10579
2018-08-15 19:15,10580
2018-08-15 19:20,10592
2018-08-15 19:25,10605
2018-08-15 19:30,10595
2018-08-15 19:35,10603
2018-08-15 19:40,10599
2018-08-15 19:45,10645
2018-08-15 19:50,10705
2018-08-15 19:55,10707
2018-08-15 20:00,10697
2018-08-15 20:05,10639
2018-08-15 20:10,10679
2018-08-15 20:15,10602
2018-08-15 20:20,10574
2018-08-15 20:25,10542
2018-08-15 20:30,10481
2018-08-15 20:35,10475
2018-08-15 20:40,10366
2018-08-15 20:45,10260
2018-08-15 20:50,10269
2018-08-15 20:55,10166
2018-08-15 21:00,10089
2018-08-15 21:05,10059
2018-08-15 21:10,9984
2018-08-15 21:15,9892
2018-08-15 21:20,9819
2018-08-15 21:25,9707
2018-08-15 21:30,9606
2018-08-15 21:35,9544
2018-08-15 21:40,9475
2018-08-15 21:45,9456
2018-08-15 21:50,9403
2018-08-15 21:55,9364
2018-08-15 22:00,9259
2018-08-15 22:05,9158
2018-08-15 22:10,9102
2018-08-15 22:15,9012
2018-08-15 22:20,9048
2018-08-15 22:25,9016
2018-08-15 22:30,8967
2018-08-15 22:35,8953
2018-08-15 22:40,8933
2018-08-15 22:45,8906
2018-08-15 22:50,8824
2018-08-15 22:55,8822
2018-08-15 23:00,8799
2018-08-15 23:05,8725
2018-08-15 23:10,8684
2018-08-15 23:15,8676
2018-08-15 23:20,8643
2018-08-15 23:25,8587
2018-08-15 23:30,8479
2018-08-15 23:35,8472
2018-08-15 23:40,8413
2018-08-15 23:45,8421
2018-08-15 23:50,8364
2018-08-15 23:55,8311
2018-08-16 00:00,8284
2018-08-16 00:05,8217
2018-08-16 00:10,8134
2018-08-16 00:15,8136
2018-08-16 00:20,8081
2018-08-16 00:25,8054
2018-08-16 00:30,7996
2018-08-16 00:35,8024
2018-08-16 00:40,7990
2018-08-16 00:45,7956
2018-08-16 00:50,7890
2018-08-16 00:55,7847
2018-08-16 01:00,7879
2018-08-16 01:05,7923
2018-08-16 01:10,7930
2018-08-16 01:15,7887
2018-08-16 01:20,7898
2018-08-16 01:25,7907
2018-08-16 01:30,7838
2018-08-16 01:35,7833
2018-08-16 01:40,7819
2018-08-16 01:45,7801
2018-08-16 01:50,7820
2018-08-16 01:55,7764
2018-08-16 02:00,7732
2018-08-16 02:05,7736
2018-08-16 02:10,7692
2018-08-16 02:15,7634
2018-08-16 02:20,7634
2018-08-16 02:25,7609
2018-08-16 02:30,7515
2018-08-16 02:35,7441
2018-08-16 02:40,7412
2018-08-16 02:45,7371
2018-08-16 02:50,7374
2018-08-16 02:55,7312
2018-08-16 03:00,7214
2018-08-16 03:05,7126
2018-08-16 03:10,7011
2018-08-16 03:15,7017
2018-08-16 03:20,6893
2018-08-16 03:25,6832
2018-08-16 03:30,6717
2018-08-16 03:35,6592
2018-08-16 03:40,6506
2018-08-16 03:45,6429
2018-08-16 03:50,6388
2018-08-16 03:55,6320
2018-08-16 04:00,6205
2018-08-16 04:05,6136
2018-08-16 04:10,6090
2018-08-16 04:15,6002
2018-08-16 04:20,5943
2018-08-16 04:25,5851
2018-08-16 04:30,5713
2018-08-16 04:35,5616
2018-08-16 04:40,5548
2018-08-16 04:45,5520
2018-08-16 04:50,5433
2018-08-16 04:55,5360
2018-08-16 05:00,5267
2018-08-16 05:05,5157
2018-08-16 05:10,5088
2018-08-16 05:15,5001
2018-08-16 05:20,4880
2018-08-16 05:25,4840
2018-08-16 05:30,4763
2018-08-16 05:35,4678
2018-08-16 05:40,4605
2018-08-16 05:45,4530
2018-08-16 05:50,4460
2018-08-16 05:55,4419
2018-08-16 06:00,4379
2018-08-16 06:05,4306
2018-08-16 06:10,4264
2018-08-16 06:15,4179
2018-08-16 06:20,4112
2018-08-16 06:25,4086
2018-08-16 06:30,4031
2018-08-16 06:35,3970
2018-08-16 06:40,3915
2018-08-16 06:45,3849
2018-08-16 06:50,3835
2018-08-16 06:55,3801
2018-08-16 07:00,3765
2018-08-16 07:05,3774
2018-08-16 07:10,3720
2018-08-16 07:15,3723
2018-08-16 07:20,3686
2018-08-16 07:25,3686
2018-08-16 07:30,3674
2018-08-16 07:35,3693
2018-08-16 07:40,3671
2018-08-16 07:45,3647
2018-08-16 07:50,3674
2018-08-16 07:55,3680
2018-08-16 08:00,3637
2018-08-16 08:05,3571
2018-08-16 08:10,3594
2018-08-16 08:15,3606
2018-08-16 08:20,3620
2018-08-16 08:25,3665
2018-08-16 08:30,3705
2018-08-16 08:35,3696
2018-08-16 08:40,3704
2018-08-16 08:45,3726
2018-08-16 08:50,3752
2018-08-16 08:55,3790
2018-08-16 09:00,3788
2018-08-16 09:05,3801
2018-08-16 09:10,3894
2018-08-16 09:15,3928
2018-08-16 09:20,4024
2018-08-16 09:25,4053
2018-08-16 09:30,4141
2018-08-16 09:35,4200
2018-08-16 09:40,4236
2018-08-16 09:45,4281
2018-08-16 09:50,4364
2018-08-16 09:55,4371
2018-08-16 10:00,4450
2018-08-16 10:05,4482
2018-08-16 10:10,4569
2018-08-16 10:15,4613
2018-08-16 10:20,4626
2018-08-16 10:25,4693
2018-08-16 10:30,4664
2018-08-16 10:35,4713
2018-08-16 10:40,4774
2018-08-16 10:45,4849
2018-08-16 10:50,4841
2018-08-16 10:55,4900
2018-08-16 11:00,4904
2018-08-16 11:05,4933
2018-08-16 11:10,4940
2018-08-16 11:15,5023
2018-08-16 11:20,5012
2018-08-16 11:25,5079
2018-08-16 11:30,5145
2018-08-16 11:35,5153
2018-08-16 11:40,4990
2018-08-16 11:45,5049
2018-08-16 11:50,5057
2018-08-16 11:55,5068
2018-08-16 12:00,5112
2018-08-16 12:05,5164
2018-08-16 12:10,5240
2018-08-16 12:15,5345
2018-08-16 12:20,5422
2018-08-16 12:25,5516
2018-08-16 12:30,5626
2018-08-16 12:35,5676
2018-08-16 12:40,5744
2018-08-16 12:45,5826
2018-08-16 12:50,5909
2018-08-16 12:55,5996
2018-08-16 13:00,6014
2018-08-16 13:05,6110
2018-08-16 13:10,6238
2018-08-16 13:15,6307
2018-08-16 13:20,6420
2018-08-16 13:25,6494
2018-08-16 13:30,6536
2018-08-16 13:35,6587
2018-08-16 13:40,6708
2018-08-16 13:45,6708
2018-08-16 13:50,6694
2018-08-16 13:55,6820
2018-08-16 14:00,6883
2018-08-16 14:05,6845
2018-08-16 14:10,6923
2018-08-16 14:15,7008
2018-08-16 14:20,7005
2018-08-16 14:25,7100
2018-08-16 14:30,7179
2018-08-16 14:35,7221
2018-08-16 14:40,7263
2018-08-16 14:45,7307
2018-08-16 14:50,7419
2018-08-16 14:55,7481
2018-08-16 15:00,7486
2018-08-16 15:05,7606
2018-08-16 15:10,7616
2018-08-16 15:15,7661
2018-08-16 15:20,7714
2018-08-16 15:25,7784
2018-08-16 15:30,7767
2018-08-16 15:35,7790
2018-08-16 15:40,7811
2018-08-16 15:45,7854
2018-08-16 15:50,7673
2018-08-16 15:55,7882
2018-08-16 16:00,7957
2018-08-16 16:05,7982
2018-08-16 16:10,8051
2018-08-16 16:15,8080
2018-08-16 16:20,8099
2018-08-16 16:25,8173
2018-08-16 16:30,8229
2018-08-16 16:35,8272
2018-08-16 16:40,8355
2018-08-16 16:45,8462
2018-08-16 16:50,8540
2018-08-16 16:55,8634
2018-08-16 17:00,8692
2018-08-16 17:05,8695
2018-08-16 17:10,8752
2018-08-16 17:15,8813
2018-08-16 17:20,8920
2018-08-16 17:25,8998
2018-08-16 17:30,9064
2018-08-16 17:35,9192
2018-08-16 17:40,9314
2018-08-16 17:45,9382
2018-08-16 17:50,9406
2018-08-16 17:55,9437
2018-08-16 18:00,9504
2018-08-16 18:05,9550
2018-08-16 18:10,9571
2018-08-16 18:15,9621
2018-08-16 18:20,9662
2018-08-16 18:25,9646
2018-08-16 18:30,9653
2018-08-16 18:35,9706
2018-08-16 18:40,9781
2018-08-16 18:45,9853
2018-08-16 18:50,9908
2018-08-16 18:55,9990
2018-08-16 19:00,10008
2018-08-16 19:05,10114
2018-08-16 19:10,10156
2018-08-16 19:15,10185
2018-08-16 19:20,10159
2018-08-16 19:25,10202
2018-08-16 19:30,10155
2018-08-16 19:35,10214
2018-08-16 19:40,10252
2018-08-16 19:45,10279
2018-08-16 19:50,10329
2018-08-16 19:55,10320
2018-08-16 20:00,10305
2018-08-16 20:05,10260
2018-08-16 20:10,10279
2018-08-16 20:15,10224
2018-08-16 20:20,10216
2018-08-16 20:25,10226
2018-08-16 20:30,10178
2018-08-16 20:35,10150
2018-08-16 20:40,10099
2018-08-16 20:45,10079
2018-08-16 20:50,10034
2018-08-16 20:55,10039
2018-08-16 21:00,10022
2018-08-16 21:05,10029
2018-08-16 21:10,9971
2018-08-16 21:15,9898
2018-08-16 21:20,9801
2018-08-16 21:25,9738
2018-08-16 21:30,9680
2018-08-16 21:35,9629
2018-08-16 21:40,9568
2018-08-16 21:45,9493
2018-08-16 21:50,9427
2018-08-16 21:55,9328
2018-08-16 22:00,9204
2018-08-16 22:05,9093
2018-08-16 22:10,9035
2018-08-16 22:15,9030
2018-08-16 22:20,8929
2018-08-16 22:25,8927
2018-08-16 22:30,8930
2018-08-16 22:35,8872
2018-08-16 22:40,8857
2018-08-16 22:45,8781
2018-08-16 22:50,8685
2018-08-16 22:55,8620
2018-08-16 23:00,8574
2018-08-16 23:05,8533
2018-08-16 23:10,8509
2018-08-16 23:15,8489
2018-08-16 23:20,8443
2018-08-16 23:25,8338
2018-08-16 23:30,8301
2018-08-16 23:35,8290
2018-08-16 23:40,8298
2018-08-16 23:45,8286
2018-08-16 23:50,8319
2018-08-16 23:55,8259
2018-08-17 00:00,8220
2018-08-17 00:05,8200
2018-08-17 00:10,8143
2018-08-17 00:15,8153
2018-08-17 00:20,8060
2018-08-17 00:25,8063
2018-08-17 00:30,8009
2018-08-17 00:35,8021
2018-08-17 00:40,8002
2018-08-17 00:45,7997
2018-08-17 00:50,7996
2018-08-17 00:55,7952
2018-08-17 01:00,7894
2018-08-17 01:05,7852
2018-08-17 01:10,7812
2018-08-17 01:15,7852
2018-08-17 01:20,7850
2018-08-17 01:25,7788
2018-08-17 01:30,7743
2018-08-17 01:35,7710
2018-08-17 01:40,7654
2018-08-17 01:45,7634
2018-08-17 01:50,7614
2018-08-17 01:55,7583
2018-08-17 02:00,7552
2018-08-17 02:05,7507
2018-08-17 02:10,7516
2018-08-17 02:15,7459
2018-08-17 02:20,7407
2018-08-17 02:25,7445
2018-08-17 02:30,7431
2018-08-17 02:35,7425
2018-08-17 02:40,7347
2018-08-17 02:45,7234
2018-08-17 02:50,7186
2018-08-17 02:55,7118
2018-08-17 03:00,6958
2018-08-17 03:05,6906
2018-08-17 03:10,6808
2018-08-17 03:15,6723
2018-08-17 03:20,6647
2018-08-17 03:25,6630
2018-08-17 03:30,6554
2018-08-17 03:35,6498
2018-08-17 03:40,6439
2018-08-17 03:45,6359
2018-08-17 03:50,6330
2018-08-17 03:55,6255
2018-08-17 04:00,6197
2018-08-17 04:05,6080
2018-08-17 04:10,5936
2018-08-17 04:15,5862
2018-08-17 04:20,5785
2018-08-17 04:25,5699
2018-08-17 04:30,5609
2018-08-17 04:35,5511
2018-08-17 04:40,5429
2018-08-17 04:45,5332
2018-08-17 04:50,5336
2018-08-17 04:55,5291
2018-08-17 05:00,5205
2018-08-17 05:05,5100
2018-08-17 05:10,5020
2018-08-17 05:15,4955
2018-08-17 05:20,4853
2018-08-17 05:25,4739
2018-08-17 05:30,4667
2018-08-17 05:35,4617
2018-08-17 05:40,4522
2018-08-17 05:45,4454
2018-08-17 05:50,4379
2018-08-17 05:55,4339
2018-08-17 06:00,4258
2018-08-17 06:05,4209
2018-08-17 06:10,4168
2018-08-17 06:15,4130
2018-08-17 06:20,4088
2018-08-17 06:25,4044
2018-08-17 06:30,4032
2018-08-17 06:35,3991
2018-08-17 06:40,3960
2018-08-17 06:45,3934
2018-08-17 06:50,3920
2018-08-17 06:55,3880
2018-08-17 07:00,3855
2018-08-17 07:05,3835
2018-08-17 07:10,3821
2018-08-17 07:15,3764
2018-08-17 07:20,3755
2018-08-17 07:25,3750
2018-08-17 07:30,3740
2018-08-17 07:35,3758
2018-08-17 07:40,3765
2018-08-17 07:45,3746
2018-08-17 07:50,3720
2018-08-17 07:55,3685
2018-08-17 08:00,3660
2018-08-17 08:05,3634
2018-08-17 08:10,3677
2018-08-17 08:15,3695
2018-08-17 08:20,3739
2018-08-17 08:25,3728
2018-08-17 08:30,3774
2018-08-17 08:35,3807
2018-08-17 08:40,3817
2018-08-17 08:45,3835
2018-08-17 08:50,3858
2018-08-17 08:55,3839
2018-08-17 09:00,3865
2018-08-17 09:05,3910
2018-08-17 09:10,4050
2018-08-17 09:15,4108
2018-08-17 09:20,4128
2018-08-17 09:25,4181
2018-08-17 09:30,4218
2018-08-17 09:35,4259
2018-08-17 09:40,4277
2018-08-17 09:45,4330
2018-08-17 09:50,4389
2018-08-17 09:55,4407
2018-08-17 10:00,4477
2018-08-17 10:05,4476
2018-08-17 10:10,4537
2018-08-17 10:15,4599
2018-08-17 10:20,4610
2018-08-17 10:25,4657
2018-08-17 10:30,4699
2018-08-17 10:35,4778
2018-08-17 10:40,4874
2018-08-17 10:45,4932
2018-08-17 10:50,4931
2018-08-17 10:55,4986
2018-08-17 11:00,5082
2018-08-17 11:05,5121
2018-08-17 11:10,5176
2018-08-17 11:15,5221
2018-08-17 11:20,5320
2018-08-17 11:25,5373
2018-08-17 11:30,5434
2018-08-17 11:35,5455
2018-08-17 11:40,5491
2018-08-17 11:45,5533
2018-08-17 11:50,5614
2018-08-17 11:55,5725
2018-08-17 12:00,5679
2018-08-17 12:05,5697
2018-08-17 12:10,5771
2018-08-17 12:15,5850
2018-08-17 12:20,5869
2018-08-17 12:25,5961
2018-08-17 12:30,5963
2018-08-17 12:35,5976
2018-08-17 12:40,6055
2018-08-17 12:45,6144
2018-08-17 12:50,6174
2018-08-17 12:55,6237
2018-08-17 13:00,6279
2018-08-17 13:05,6346
2018-08-17 13:10,6315
2018-08-17 13:15,6444
2018-08-17 13:20,6392
2018-08-17 13:25,6560
2018-08-17 13:30,6615
2018-08-17 13:35,6689
2018-08-17 13:40,6745
2018-08-17 13:45,6834
2018-08-17 13:50,6884
2018-08-17 13:55,6932
2018-08-17 14:00,7054
2018-08-17 14:05,7127
2018-08-17 14:10,7114
2018-08-17 14:15,7205
2018-08-17 14:20,7226
2018-08-17 14:25,7281
2018-08-17 14:30,7367
2018-08-17 14:35,7439
2018-08-17 14:40,7465
2018-08-17 14:45,7526
2018-08-17 14:50,7587
2018-08-17 14:55,7620
2018-08-17 15:00,7681
2018-08-17 15:05,7767
2018-08-17 15:10,7766
2018-08-17 15:15,7770
2018-08-17 15:20,7855
2018-08-17 15:25,7838
2018-08-17 15:30,7925
2018-08-17 15:35,7919
2018-08-17 15:40,7860
2018-08-17 15:45,7988
2018-08-17 15:50,8080
2018-08-17 15:55,8112
2018-08-17 16:00,8204
2018-08-17 16:05,8223
2018-08-17 16:10,8270
2018-08-17 16:15,8317
2018-08-17 16:20,8358
2018-08-17 16:25,8428
2018-08-17 16:30,8494
2018-08-17 16:35,8587
2018-08-17 16:40,8618
2018-08-17 16:45,8626
2018-08-17 16:50,8657
2018-08-17 16:55,8673
2018-08-17 17:00,8782
2018-08-17 17:05,8837
2018-08-17 17:10,8411
2018-08-17 17:15,8896
2018-08-17 17:20,8930
2018-08-17 17:25,8986
2018-08-17 17:30,9073
2018-08-17 17:35,9115
2018-08-17 17:40,9161
2018-08-17 17:45,9284
2018-08-17 17:50,9308
2018-08-17 17:55,9336
2018-08-17 18:00,9397
2018-08-17 18:05,9369
2018-08-17 18:10,9438
2018-08-17 18:15,9499
2018-08-17 18:20,9594
2018-08-17 18:25,9606
2018-08-17 18:30,9614
2018-08-17 18:35,9697
2018-08-17 18:40,9737
2018-08-17 18:45,9794
2018-08-17 18:50,9798
2018-08-17 18:55,9884
2018-08-17 19:00,9933
2018-08-17 19:05,9916
2018-08-17 19:10,9955
2018-08-17 19:15,10015
2018-08-17 19:20,10032
2018-08-17 19:25,10056
2018-08-17 19:30,10064
2018-08-17 19:35,10133
2018-08-17 19:40,10124
2018-08-17 19:45,10136
2018-08-17 19:50,10138
2018-08-17 19:55,10160
2018-08-17 20:00,10156
2018-08-17 20:05,10177
2018-08-17 20:10,10184
2018-08-17 20:15,10175
2018-08-17 20:20,10183
2018-08-17 20:25,10156
2018-08-17 20:30,10150
2018-08-17 20:35,10207
2018-08-17 20:40,10178
2018-08-17 20:45,10155
2018-08-17 20:50,10219
2018-08-17 20:55,10254
2018-08-17 21:00,10256
2018-08-17 21:05,10255
2018-08-17 21:10,10177
2018-08-17 21:15,10182
2018-08-17 21:20,10096
2018-08-17 21:25,10108
2018-08-17 21:30,10017
2018-08-17 21:35,10030
2018-08-17 21:40,9955
2018-08-17 21:45,9956
2018-08-17 21:50,9885
2018-08-17 21:55,9778
2018-08-17 22:00,9754
2018-08-17 22:05,9684
2018-08-17 22:10,9671
2018-08-17 22:15,9587
2018-08-17 22:20,9548
2018-08-17 22:25,9442
2018-08-17 22:30,9366
2018-08-17 22:35,9309
2018-08-17 22:40,9218
2018-08-17 22:45,9158
2018-08-17 22:50,9099
2018-08-17 22:55,9058
2018-08-17 23:00,8953
2018-08-17 23:05,8879
2018-08-17 23:10,8830
2018-08-17 23:15,8745
2018-08-17 23:20,8672
2018-08-17 23:25,8647
2018-08-17 23:30,8573
2018-08-17 23:35,8589
2018-08-17 23:40,8535
2018-08-17 23:45,8452
2018-08-17 23:50,8413
2018-08-17 23:55,8398
2018-08-18 00:00,8340
2018-08-18 00:05,8268
2018-08-18 00:10,8220
2018-08-18 00:15,8174
2018-08-18 00:20,8144
2018-08-18 00:25,8145
2018-08-18 00:30,8049
2018-08-18 00:35,8049
2018-08-18 00:40,8005
2018-08-18 00:45,7941
2018-08-18 00:50,7907
2018-08-18 00:55,7904
2018-08-18 01:00,7858
2018-08-18 01:05,7878
2018-08-18 01:10,7856
2018-08-18 01:15,7842
2018-08-18 01:20,7803
2018-08-18 01:25,7787
2018-08-18 01:30,7807
2018-08-18 01:35,7815
2018-08-18 01:40,7824
2018-08-18 01:45,7809
2018-08-18 01:50,7792
2018-08-18 01:55,7770
2018-08-18 02:00,7743
2018-08-18 02:05,7701
2018-08-18 02:10,7771
2018-08-18 02:15,7775
2018-08-18 02:20,7742
2018-08-18 02:25,7726
2018-08-18 02:30,7692
2018-08-18 02:35,7718
2018-08-18 02:40,7676
2018-08-18 02:45,7712
2018-08-18 02:50,7671
2018-08-18 02:55,7618
2018-08-18 03:00,7611
2018-08-18 03:05,7599
2018-08-18 03:10,7581
2018-08-18 03:15,7500
2018-08-18 03:20,7468
2018-08-18 03:25,7430
2018-08-18 03:30,7456
2018-08-18 03:35,7375
2018-08-18 03:40,7249
2018-08-18 03:45,7171
2018-08-18 03:50,7117
2018-08-18 03:55,7079
2018-08-18 04:00,6995
2018-08-18 04:05,6931
2018-08-18 04:10,6865
2018-08-18 04:15,6839
2018-08-18 04:20,6807
2018-08-18 04:25,6750
2018-08-18 04:30,6703
2018-08-18 04:35,6646
2018-08-18 04:40,6598
2018-08-18 04:45,6522
2018-08-18 04:50,6406
2018-08-18 04:55,6344
2018-08-18 05:00,6248
2018-08-18 05:05,6131
2018-08-18 05:10,6024
2018-08-18 05:15,5933
2018-08-18 05:20,5878
2018-08-18 05:25,5817
2018-08-18 05:30,5722
2018-08-18 05:35,5674
2018-08-18 05:40,5570
2018-08-18 05:45,5490
2018-08-18 05:50,5400
2018-08-18 05:55,5318
2018-08-18 06:00,5285
2018-08-18 06:05,5192
2018-08-18 06:10,5140
2018-08-18 06:15,5081
2018-08-18 06:20,5012
2018-08-18 06:25,4935
2018-08-18 06:30,4902
2018-08-18 06:35,
2018-08-18 06:40,4833
2018-08-18 06:45,4795
2018-08-18 06:50,4726
2018-08-18 06:55,4626
2018-08-18 07:00,4636
2018-08-18 07:05,4577
2018-08-18 07:10,4556
2018-08-18 07:15,4495
2018-08-18 07:20,4450
2018-08-18 07:25,4396
2018-08-18 07:30,4391
2018-08-18 07:35,4382
2018-08-18 07:40,4386
2018-08-18 07:45,4383
2018-08-18 07:50,4373
2018-08-18 07:55,4399
2018-08-18 08:00,4396
2018-08-18 08:05,4362
2018-08-18 08:10,4368
2018-08-18 08:15,4379
2018-08-18 08:20,4307
2018-08-18 08:25,4370
2018-08-18 08:30,4386
2018-08-18 08:35,4384
2018-08-18 08:40,4390
2018-08-18 08:45,4399
2018-08-18 08:50,4454
2018-08-18 08:55,4443
2018-08-18 09:00,4473
2018-08-18 09:05,4552
2018-08-18 09:10,4606
2018-08-18 09:15,4653
2018-08-18 09:20,4697
2018-08-18 09:25,4716
2018-08-18 09:30,4815
2018-08-18 09:35,4849
2018-08-18 09:40,4923
2018-08-18 09:45,4948
2018-08-18 09:50,4979
2018-08-18 09:55,5020
2018-08-18 10:00,5103
2018-08-18 10:05,5114
2018-08-18 10:10,5171
2018-08-18 10:15,5198
2018-08-18 10:20,5217
2018-08-18 10:25,5282
2018-08-18 10:30,5342
2018-08-18 10:35,5406
2018-08-18 10:40,5443
2018-08-18 10:45,5480
2018-08-18 10:50,5535
2018-08-18 10:55,5607
2018-08-18 11:00,5625
2018-08-18 11:05,5639
2018-08-18 11:10,5673
2018-08-18 11:15,5726
2018-08-18 11:20,5769
2018-08-18 11:25,5806
2018-08-18 11:30,5832
2018-08-18 11:35,5909
2018-08-18 11:40,5961
2018-08-18 11:45,6043
2018-08-18 11:50,6101
2018-08-18 11:55,6192
2018-08-18 12:00,6202
2018-08-18 12:05,6233
2018-08-18 12:10,6302
2018-08-18 12:15,6350
2018-08-18 12:20,6340
2018-08-18 12:25,6417
2018-08-18 12:30,6463
2018-08-18 12:35,6571
2018-08-18 12:40,6670
2018-08-18 12:45,6689
2018-08-18 12:50,6760
2018-08-18 12:55,6835
2018-08-18 13:00,6952
2018-08-18 13:05,7061
2018-08-18 13:10,7112
2018-08-18 13:15,7136
2018-08-18 13:20,7237
2018-08-18 13:25,7289
2018-08-18 13:30,7377
2018-08-18 13:35,7486
2018-08-18 13:40,7557
2018-08-18 13:45,7675
2018-08-18 13:50,7746
2018-08-18 13:55,7790
2018-08-18 14:00,7917
2018-08-18 14:05,7950
2018-08-18 14:10,7963
2018-08-18 14:15,8041
2018-08-18 14:20,8115
2018-08-18 14:25,8152
2018-08-18 14:30,8236
2018-08-18 14:35,8287
2018-08-18 14:40,8334
2018-08-18 14:45,8345
2018-08-18 14:50,8400
2018-08-18 14:55,8472
2018-08-18 15:00,8495
2018-08-18 15:05,8550
2018-08-18 15:10,8596
2018-08-18 15:15,8675
2018-08-18 15:20,8728
2018-08-18 15:25,8785
2018-08-18 15:30,8872
2018-08-18 15:35,8950
2018-08-18 15:40,8970
2018-08-18 15:45,8984
2018-08-18 15:50,8979
2018-08-18 15:55,9000
2018-08-18 16:00,8998
2018-08-18 16:05,8969
2018-08-18 16:10,9010
2018-08-18 16:15,9054
2018-08-18 16:20,9075
2018-08-18 16:25,9126
2018-08-18 16:30,9136
2018-08-18 16:35,9124
2018-08-18 16:40,9163
2018-08-18 16:45,9223
2018-08-18 16:50,9264
2018-08-18 16:55,9314
2018-08-18 17:00,9410
2018-08-18 17:05,9491
2018-08-18 17:10,9513
2018-08-18 17:15,9572
2018-08-18 17:20,9673
2018-08-18 17:25,9729
2018-08-18 17:30,9800
2018-08-18 17:35,9820
2018-08-18 17:40,9895
2018-08-18 17:45,9940
2018-08-18 17:50,9979
2018-08-18 17:55,10031
2018-08-18 18:00,10095
2018-08-18 18:05,10158
2018-08-18 18:10,10212
2018-08-18 18:15,10257
2018-08-18 18:20,10304
2018-08-18 18:25,10331
2018-08-18 18:30,10328
2018-08-18 18:35,10384
2018-08-18 18:40,10469
2018-08-18 18:45,10480
2018-08-18 18:50,10518
2018-08-18 18:55,10615
2018-08-18 19:00,10683
2018-08-18 19:05,10692
2018-08-18 19:10,10764
2018-08-18 19:15,10753
2018-08-18 19:20,10856
2018-08-18 19:25,10934
2018-08-18 19:30,11005
2018-08-18 19:35,11007
2018-08-18 19:40,11017
2018-08-18 19:45,11083
2018-08-18 19:50,11178
2018-08-18 19:55,11165
2018-08-18 20:00,11140
2018-08-18 20:05,11087
2018-08-18 20:10,11065
2018-08-18 20:15,11061
2018-08-18 20:20,11138
2018-08-18 20:25,11050
2018-08-18 20:30,11021
2018-08-18 20:35,11021
2018-08-18 20:40,10969
2018-08-18 20:45,10982
2018-08-18 20:50,10973
2018-08-18 20:55,10967
2018-08-18 21:00,10957
2018-08-18 21:05,10967
2018-08-18 21:10,10892
2018-08-18 21:15,10907
2018-08-18 21:20,10818
2018-08-18 21:25,10805
2018-08-18 21:30,10746
2018-08-18 21:35,10690
2018-08-18 21:40,10573
2018-08-18 21:45,10611
2018-08-18 21:50,10511
2018-08-18 21:55,10511
2018-08-18 22:00,10445
2018-08-18 22:05,10317
2018-08-18 22:10,10207
2018-08-18 22:15,10147
2018-08-18 22:20,10012
2018-08-18 22:25,9962
2018-08-18 22:30,9852
2018-08-18 22:35,9784
2018-08-18 22:40,9712
2018-08-18 22:45,9629
2018-08-18 22:50,9590
2018-08-18 22:55,9454
2018-08-18 23:00,9356
2018-08-18 23:05,9223
2018-08-18 23:10,9160
2018-08-18 23:15,9065
2018-08-18 23:20,8972
2018-08-18 23:25,8844
2018-08-18 23:30,8790
2018-08-18 23:35,8753
2018-08-18 23:40,8751
2018-08-18 23:45,8697
2018-08-18 23:50,8635
2018-08-18 23:55,8587
2018-08-19 00:00,8533
2018-08-19 00:05,8474
2018-08-19 00:10,8436
2018-08-19 00:15,8345
2018-08-19 00:20,8295
2018-08-19 00:25,8245
2018-08-19 00:30,8251
2018-08-19 00:35,8227
2018-08-19 00:40,8191
2018-08-19 00:45,8149
2018-08-19 00:50,8144
2018-08-19 00:55,8153
2018-08-19 01:00,8121
2018-08-19 01:05,8068
2018-08-19 01:10,8000
2018-08-19 01:15,8007
2018-08-19 01:20,7963
2018-08-19 01:25,7992
2018-08-19 01:30,7916
2018-08-19 01:35,7885
2018-08-19 01:40,7855
2018-08-19 01:45,7858
2018-08-19 01:50,7847
2018-08-19 01:55,7874
2018-08-19 02:00,7905
2018-08-19 02:05,7899
2018-08-19 02:10,7879
2018-08-19 02:15,7841
2018-08-19 02:20,7849
2018-08-19 02:25,7876
2018-08-19 02:30,7845
2018-08-19 02:35,7880
2018-08-19 02:40,7802
2018-08-19 02:45,7739
2018-08-19 02:50,7735
2018-08-19 02:55,7696
2018-08-19 03:00,7689
2018-08-19 03:05,7655
2018-08-19 03:10,7606
2018-08-19 03:15,7612
2018-08-19 03:20,7609
2018-08-19 03:25,7568
2018-08-19 03:30,7546
2018-08-19 03:35,7527
2018-08-19 03:40,7499
2018-08-19 03:45,7445
2018-08-19 03:50,7427
2018-08-19 03:55,7396
2018-08-19 04:00,7336
2018-08-19 04:05,7266
2018-08-19 04:10,7214
2018-08-19 04:15,7152
2018-08-19 04:20,7093
2018-08-19 04:25,7023
2018-08-19 04:30,6951
2018-08-19 04:35,6834
2018-08-19 04:40,6745
2018-08-19 04:45,6689
2018-08-19 04:50,6619
2018-08-19 04:55,6594
2018-08-19 05:00,6538
2018-08-19 05:05,6442
2018-08-19 05:10,6350
2018-08-19 05:15,6333
2018-08-19 05:20,6264
2018-08-19 05:25,6171
2018-08-19 05:30,6094
2018-08-19 05:35,6039
2018-08-19 05:40,5942
2018-08-19 05:45,5844
2018-08-19 05:50,5737
2018-08-19 05:55,5657
2018-08-19 06:00,5573
2018-08-19 06:05,5467
2018-08-19 06:10,5382
2018-08-19 06:15,5288
2018-08-19 06:20,5209
2018-08-19 06:25,5168
2018-08-19 06:30,5083
2018-08-19 06:35,5037
2018-08-19 06:40,5028
2018-08-19 06:45,5008
2018-08-19 06:50,4966
2018-08-19 06:55,4885
2018-08-19 07:00,4825
2018-08-19 07:05,4786
2018-08-19 07:10,4808
2018-08-19 07:15,4746
2018-08-19 07:20,4761
2018-08-19 07:25,4709
2018-08-19 07:30,4673
2018-08-19 07:35,4513
2018-08-19 07:40,4615
2018-08-19 07:45,4592
2018-08-19 07:50,4602
2018-08-19 07:55,4590
2018-08-19 08:00,4601
2018-08-19 08:05,4555
2018-08-19 08:10,4591
2018-08-19 08:15,4583
2018-08-19 08:20,4571
2018-08-19 08:25,4617
2018-08-19 08:30,4625
2018-08-19 08:35,4627
2018-08-19 08:40,4667
2018-08-19 08:45,4721
2018-08-19 08:50,4727
2018-08-19 08:55,4720
2018-08-19 09:00,4748
2018-08-19 09:05,4802
2018-08-19 09:10,4925
2018-08-19 09:15,5013
2018-08-19 09:20,5061
2018-08-19 09:25,5093
2018-08-19 09:30,5169
2018-08-19 09:35,5192
2018-08-19 09:40,5273
2018-08-19 09:45,5354
2018-08-19 09:50,5400
2018-08-19 09:55,5483
2018-08-19 10:00,5485
2018-08-19 10:05,5549
2018-08-19 10:10,5632
2018-08-19 10:15,5710
2018-08-19 10:20,5765
2018-08-19 10:25,5808
2018-08-19 10:30,5875
2018-08-19 10:35,5947
2018-08-19 10:40,6001
2018-08-19 10:45,6061
2018-08-19 10:50,6043
2018-08-19 10:55,6081
2018-08-19 11:00,6141
2018-08-19 11:05,6160
2018-08-19 11:10,6242
2018-08-19 11:15,6235
2018-08-19 11:20,6281
2018-08-19 11:25,6322
2018-08-19 11:30,6321
2018-08-19 11:35,6403
2018-08-19 11:40,6460
2018-08-19 11:45,6548
2018-08-19 11:50,6603
2018-08-19 11:55,6607
2018-08-19 12:00,6659
2018-08-19 12:05,6732
2018-08-19 12:10,6765
2018-08-19 12:15,6844
2018-08-19 12:20,6978
2018-08-19 12:25,7067
2018-08-19 12:30,7103
2018-08-19 12:35,7167
2018-08-19 12:40,7181
2018-08-19 12:45,7252
2018-08-19 12:50,7359
2018-08-19 12:55,7405
2018-08-19 13:00,7439
2018-08-19 13:05,7531
2018-08-19 13:10,7409
2018-08-19 13:15,7647
2018-08-19 13:20,7752
2018-08-19 13:25,7775
2018-08-19 13:30,7838
2018-08-19 13:35,7926
2018-08-19 13:40,7959
2018-08-19 13:45,8090
2018-08-19 13:50,8122
2018-08-19 13:55,8186
2018-08-19 14:00,8265
2018-08-19 14:05,8305
2018-08-19 14:10,8356
2018-08-19 14:15,8402
2018-08-19 14:20,8455
2018-08-19 14:25,8538
2018-08-19 14:30,8581
2018-08-19 14:35,7063
2018-08-19 14:40,3532
2018-08-19 14:45,3283
2018-08-19 14:50,4385
2018-08-19 14:55,5066
2018-08-19 15:00,5636
2018-08-19 15:05,6150
2018-08-19 15:10,6608
2018-08-19 15:15,7043
2018-08-19 15:20,7381
2018-08-19 15:25,7752
2018-08-19 15:30,8068
2018-08-19 15:35,8346
2018-08-19 15:40,8603
2018-08-19 15:45,8775
2018-08-19 15:50,8935
2018-08-19 15:55,9131
2018-08-19 16:00,9278
2018-08-19 16:05,9386
2018-08-19 16:10,9509
2018-08-19 16:15,9636
2018-08-19 16:20,9748
2018-08-19 16:25,9830
2018-08-19 16:30,9853
2018-08-19 16:35,9961
2018-08-19 16:40,10114
2018-08-19 16:45,10236
2018-08-19 16:50,10350
2018-08-19 16:55,10443
2018-08-19 17:00,10596
2018-08-19 17:05,10677
2018-08-19 17:10,
2018-08-19 17:15,10845
2018-08-19 17:20,10926
2018-08-19 17:25,10964
2018-08-19 17:30,11083
2018-08-19 17:35,11157
2018-08-19 17:40,11202
2018-08-19 17:45,11258
2018-08-19 17:50,11357
2018-08-19 17:55,11426
2018-08-19 18:00,11519
2018-08-19 18:05,11419
2018-08-19 18:10,11475
2018-08-19 18:15,11521
2018-08-19 18:20,11626
2018-08-19 18:25,11673
2018-08-19 18:30,11665
2018-08-19 18:35,11741
2018-08-19 18:40,11861
2018-08-19 18:45,11920
2018-08-19 18:50,11898
2018-08-19 18:55,11972
2018-08-19 19:00,11995
2018-08-19 19:05,12078
2018-08-19 19:10,12097
2018-08-19 19:15,12179
2018-08-19 19:20,12208
2018-08-19 19:25,12246
2018-08-19 19:30,12213
2018-08-19 19:35,12213
2018-08-19 19:40,12274
2018-08-19 19:45,12247
2018-08-19 19:50,12214
2018-08-19 19:55,12252
2018-08-19 20:00,12187
2018-08-19 20:05,12151
2018-08-19 20:10,12147
2018-08-19 20:15,12061
2018-08-19 20:20,12018
2018-08-19 20:25,11975
2018-08-19 20:30,11956
2018-08-19 20:35,11878
2018-08-19 20:40,11845
2018-08-19 20:45,11822
2018-08-19 20:50,11678
2018-08-19 20:55,11643
2018-08-19 21:00,11600
2018-08-19 21:05,11521
2018-08-19 21:10,11486
2018-08-19 21:15,11367
2018-08-19 21:20,11214
2018-08-19 21:25,11099
2018-08-19 21:30,10991
2018-08-19 21:35,10905
2018-08-19 21:40,10849
2018-08-19 21:45,10732
2018-08-19 21:50,10657
2018-08-19 21:55,10493
2018-08-19 22:00,10350
2018-08-19 22:05,10244
2018-08-19 22:10,10137
2018-08-19 22:15,9992
2018-08-19 22:20,9939
2018-08-19 22:25,9874
2018-08-19 22:30,9858
2018-08-19 22:35,9809
2018-08-19 22:40,9716
2018-08-19 22:45,9660
2018-08-19 22:50,9591
2018-08-19 22:55,9464
2018-08-19 23:00,9370
2018-08-19 23:05,9314
2018-08-19 23:10,9194
2018-08-19 23:15,9115
2018-08-19 23:20,9101
2018-08-19 23:25,9043
2018-08-19 23:30,8994
2018-08-19 23:35,8908
2018-08-19 23:40,8837
2018-08-19 23:45,8788
2018-08-19 23:50,8743
2018-08-19 23:55,8733
2018-08-20 00:00,8678
2018-08-20 00:05,8608
2018-08-20 00:10,8572
2018-08-20 00:15,8525
2018-08-20 00:20,8507
2018-08-20 00:25,8468
2018-08-20 00:30,8465
2018-08-20 00:35,8466
2018-08-20 00:40,8422
2018-08-20 00:45,8419
2018-08-20 00:50,8384
2018-08-20 00:55,8375
2018-08-20 01:00,8354
2018-08-20 01:05,8356
2018-08-20 01:10,8286
2018-08-20 01:15,8247
2018-08-20 01:20,8181
2018-08-20 01:25,8125
2018-08-20 01:30,8116
2018-08-20 01:35,8138
2018-08-20 01:40,8092
2018-08-20 01:45,8068
2018-08-20 01:50,7995
2018-08-20 01:55,7960
2018-08-20 02:00,7885
2018-08-20 02:05,7889
2018-08-20 02:10,7876
2018-08-20 02:15,7816
2018-08-20 02:20,7745
2018-08-20 02:25,7664
2018-08-20 02:30,7597
2018-08-20 02:35,7577
2018-08-20 02:40,7481
2018-08-20 02:45,7428
2018-08-20 02:50,7358
2018-08-20 02:55,7274
2018-08-20 03:00,7186
2018-08-20 03:05,7099
2018-08-20 03:10,7058
2018-08-20 03:15,6970
2018-08-20 03:20,6838
2018-08-20 03:25,6761
2018-08-20 03:30,6654
2018-08-20 03:35,6564
2018-08-20 03:40,6522
2018-08-20 03:45,
2018-08-20 03:50,6339
2018-08-20 03:55,6224
2018-08-20 04:00,6128
2018-08-20 04:05,6055
2018-08-20 04:10,5982
2018-08-20 04:15,5920
2018-08-20 04:20,5761
2018-08-20 04:25,5676
2018-08-20 04:30,5575
2018-08-20 04:35,5531
2018-08-20 04:40,5389
2018-08-20 04:45,5316
2018-08-20 04:50,5234
2018-08-20 04:55,5167
2018-08-20 05:00,5063
2018-08-20 05:05,4967
2018-08-20 05:10,4864
2018-08-20 05:15,4791
2018-08-20 05:20,4665
2018-08-20 05:25,4609
2018-08-20 05:30,4487
2018-08-20 05:35,4440
2018-08-20 05:40,4387
2018-08-20 05:45,4349
2018-08-20 05:50,4264
2018-08-20 05:55,4216
2018-08-20 06:00,4167
2018-08-20 06:05,4084
2018-08-20 06:10,4041
2018-08-20 06:15,4018
2018-08-20 06:20,3948
2018-08-20 06:25,3915
2018-08-20 06:30,3889
2018-08-20 06:35,3803
2018-08-20 06:40,3750
2018-08-20 06:45,3731
2018-08-20 06:50,3711
2018-08-20 06:55,3665
2018-08-20 07:00,3643
2018-08-20 07:05,3682
2018-08-20 07:10,3654
2018-08-20 07:15,3670
2018-08-20 07:20,3654
2018-08-20 07:25,3662
2018-08-20 07:30,3663
2018-08-20 07:35,3645
2018-08-20 07:40,3672
2018-08-20 07:45,3696
2018-08-20 07:50,3708
2018-08-20 07:55,3743
2018-08-20 08:00,3752
2018-08-20 08:05,3754
2018-08-20 08:10,3753
2018-08-20 08:15,3743
2018-08-20 08:20,3762
2018-08-20 08:25,3782
2018-08-20 08:30,3805
2018-08-20 08:35,3842
2018-08-20 08:40,3860
2018-08-20 08:45,3847
2018-08-20 08:50,3846
2018-08-20 08:55,3889
2018-08-20 09:00,3893
2018-08-20 09:05,3985
2018-08-20 09:10,4092
2018-08-20 09:15,4131
2018-08-20 09:20,4162
2018-08-20 09:25,4184
2018-08-20 09:30,4235
2018-08-20 09:35,4282
2018-08-20 09:40,4312
2018-08-20 09:45,4397
2018-08-20 09:50,4444
2018-08-20 09:55,4498
2018-08-20 10:00,4587
2018-08-20 10:05,4605
2018-08-20 10:10,4660
2018-08-20 10:15,4688
2018-08-20 10:20,4730
2018-08-20 10:25,4787
2018-08-20 10:30,4835
2018-08-20 10:35,4871
2018-08-20 10:40,4927
2018-08-20 10:45,4953
2018-08-20 10:50,4946
2018-08-20 10:55,4978
2018-08-20 11:00,4996
2018-08-20 11:05,5029
2018-08-20 11:10,5105
2018-08-20 11:15,5109
2018-08-20 11:20,5171
2018-08-20 11:25,5205
2018-08-20 11:30,5229
2018-08-20 11:35,5255
2018-08-20 11:40,5312
2018-08-20 11:45,5405
2018-08-20 11:50,5500
2018-08-20 11:55,5589
2018-08-20 12:00,5634
2018-08-20 12:05,5665
2018-08-20 12:10,5720
2018-08-20 12:15,5731
2018-08-20 12:20,5784
2018-08-20 12:25,5806
2018-08-20 12:30,5838
2018-08-20 12:35,5899
2018-08-20 12:40,5963
2018-08-20 12:45,5985
2018-08-20 12:50,6100
2018-08-20 12:55,6151
2018-08-20 13:00,6177
2018-08-20 13:05,6184
2018-08-20 13:10,6147
2018-08-20 13:15,6119
2018-08-20 13:20,6032
2018-08-20 13:25,5964
2018-08-20 13:30,5837
2018-08-20 13:35,5280
2018-08-20 13:40,4140
2018-08-20 13:45,3314
2018-08-20 13:50,2523
2018-08-20 13:55,2019
2018-08-20 14:00,1746
2018-08-20 14:05,1512
2018-08-20 14:10,1501
2018-08-20 14:15,1558
2018-08-20 14:20,1551
2018-08-20 14:25,1631
2018-08-20 14:30,1666
2018-08-20 14:35,1742
2018-08-20 14:40,1713
2018-08-20 14:45,1754
2018-08-20 14:50,1764
2018-08-20 14:55,1775
2018-08-20 15:00,1830
2018-08-20 15:05,1877
2018-08-20 15:10,1915
2018-08-20 15:15,1950
2018-08-20 15:20,1967
2018-08-20 15:25,1964
2018-08-20 15:30,1953
2018-08-20 15:35,1993
2018-08-20 15:40,2043
2018-08-20 15:45,2103
2018-08-20 15:50,2165
2018-08-20 15:55,2472
2018-08-20 16:00,2642
2018-08-20 16:05,3401
2018-08-20 16:10,4292
2018-08-20 16:15,5131
2018-08-20 16:20,5935
2018-08-20 16:25,6633
2018-08-20 16:30,7220
2018-08-20 16:35,7718
2018-08-20 16:40,8183
2018-08-20 16:45,8638
2018-08-20 16:50,9061
2018-08-20 16:55,9407
2018-08-20 17:00,9677
2018-08-20 17:05,9985
2018-08-20 17:10,10254
2018-08-20 17:15,10453
2018-08-20 17:20,10651
2018-08-20 17:25,10901
2018-08-20 17:30,11103
2018-08-20 17:35,11230
2018-08-20 17:40,11335
2018-08-20 17:45,11491
2018-08-20 17:50,11634
2018-08-20 17:55,11754
2018-08-20 18:00,11839
2018-08-20 18:05,11910
2018-08-20 18:10,12004
2018-08-20 18:15,12081
2018-08-20 18:20,12143
2018-08-20 18:25,12200
2018-08-20 18:30,12216
2018-08-20 18:35,12267
2018-08-20 18:40,12406
2018-08-20 18:45,12401
2018-08-20 18:50,12418
2018-08-20 18:55,12372
2018-08-20 19:00,12425
2018-08-20 19:05,12451
2018-08-20 19:10,12453
2018-08-20 19:15,12438
2018-08-20 19:20,12449
2018-08-20 19:25,12464
2018-08-20 19:30,12453
2018-08-20 19:35,12437
2018-08-20 19:40,12371
2018-08-20 19:45,12308
2018-08-20 19:50,12338
2018-08-20 19:55,12314
2018-08-20 20:00,12284
2018-08-20 20:05,12263
2018-08-20 20:10,12265
2018-08-20 20:15,12223
2018-08-20 20:20,12144
2018-08-20 20:25,12147
2018-08-20 20:30,12124
2018-08-20 20:35,12087
2018-08-20 20:40,12095
2018-08-20 20:45,12008
2018-08-20 20:50,12031
2018-08-20 20:55,11942
2018-08-20 21:00,11843
2018-08-20 21:05,11807
2018-08-20 21:10,11675
2018-08-20 21:15,11716
2018-08-20 21:20,11674
2018-08-20 21:25,11585
2018-08-20 21:30,11484
2018-08-20 21:35,11425
2018-08-20 21:40,11443
2018-08-20 21:45,10909
2018-08-20 21:50,10747
2018-08-20 21:55,10605
2018-08-20 22:00,10535
2018-08-20 22:05,10512
2018-08-20 22:10,10433
2018-08-20 22:15,10399
2018-08-20 22:20,10360
2018-08-20 22:25,10340
2018-08-20 22:30,10320
2018-08-20 22:35,10257
2018-08-20 22:40,10191
2018-08-20 22:45,10119
2018-08-20 22:50,10099
2018-08-20 22:55,10009
2018-08-20 23:00,9962
2018-08-20 23:05,9897
2018-08-20 23:10,9880
2018-08-20 23:15,9798
2018-08-20 23:20,9757
2018-08-20 23:25,9744
2018-08-20 23:30,9691
2018-08-20 23:35,9687
2018-08-20 23:40,9682
2018-08-20 23:45,9603
2018-08-20 23:50,9635
2018-08-20 23:55,9612
2018-08-21 00:00,9564
2018-08-21 00:05,9560
2018-08-21 00:10,9567
2018-08-21 00:15,9504
2018-08-21 00:20,9459
2018-08-21 00:25,9463
2018-08-21 00:30,9466
2018-08-21 00:35,9445
2018-08-21 00:40,9384
2018-08-21 00:45,9316
2018-08-21 00:50,9319
2018-08-21 00:55,9303
2018-08-21 01:00,9319
2018-08-21 01:05,9208
2018-08-21 01:10,9174
2018-08-21 01:15,9142
2018-08-21 01:20,9109
2018-08-21 01:25,9128
2018-08-21 01:30,9059
2018-08-21 01:35,9027
2018-08-21 01:40,8983
2018-08-21 01:45,
2018-08-21 01:50,
2018-08-21 01:55,8862
2018-08-21 02:00,8824
2018-08-21 02:05,8791
2018-08-21 02:10,8711
2018-08-21 02:15,8632
2018-08-21 02:20,8558
2018-08-21 02:25,8515
2018-08-21 02:30,8503
2018-08-21 02:35,8406
2018-08-21 02:40,8337
2018-08-21 02:45,8238
2018-08-21 02:50,8245
2018-08-21 02:55,8156
2018-08-21 03:00,8096
2018-08-21 03:05,8026
2018-08-21 03:10,7916
2018-08-21 03:15,7848
2018-08-21 03:20,7732
2018-08-21 03:25,7621
2018-08-21 03:30,7556
2018-08-21 03:35,7439
2018-08-21 03:40,7377
2018-08-21 03:45,7319
2018-08-21 03:50,7249
2018-08-21 03:55,7174
2018-08-21 04:00,7071
2018-08-21 04:05,6965
2018-08-21 04:10,6891
2018-08-21 04:15,6749
2018-08-21 04:20,6655
2018-08-21 04:25,6559
2018-08-21 04:30,6423
2018-08-21 04:35,6336
2018-08-21 04:40,6246
2018-08-21 04:45,6172
2018-08-21 04:50,6062
2018-08-21 04:55,5944
2018-08-21 05:00,5815
2018-08-21 05:05,5694
2018-08-21 05:10,5623
2018-08-21 05:15,5474
2018-08-21 05:20,5377
2018-08-21 05:25,5299
2018-08-21 05:30,5229
2018-08-21 05:35,5147
2018-08-21 05:40,5051
2018-08-21 05:45,4950
2018-08-21 05:50,4879
2018-08-21 05:55,4799
2018-08-21 06:00,4729
2018-08-21 06:05,4694
2018-08-21 06:10,4647
2018-08-21 06:15,4584
2018-08-21 06:20,4531
2018-08-21 06:25,4446
2018-08-21 06:30,4414
2018-08-21 06:35,4405
2018-08-21 06:40,4407
2018-08-21 06:45,4371
2018-08-21 06:50,4285
2018-08-21 06:55,4268
2018-08-21 07:00,4224
2018-08-21 07:05,4202
2018-08-21 07:10,4145
2018-08-21 07:15,4122
2018-08-21 07:20,4091
2018-08-21 07:25,4044
2018-08-21 07:30,4043
2018-08-21 07:35,3995
2018-08-21 07:40,4019
2018-08-21 07:45,4021
2018-08-21 07:50,4073
2018-08-21 07:55,4110
2018-08-21 08:00,4142
2018-08-21 08:05,4149
2018-08-21 08:10,4188
2018-08-21 08:15,4162
2018-08-21 08:20,4164
2018-08-21 08:25,4226
2018-08-21 08:30,4270
2018-08-21 08:35,4298
2018-08-21 08:40,4272
2018-08-21 08:45,4294
2018-08-21 08:50,4363
2018-08-21 08:55,4413
2018-08-21 09:00,4397
2018-08-21 09:05,4451
2018-08-21 09:10,4549
2018-08-21 09:15,4661
2018-08-21 09:20,4717
2018-08-21 09:25,4787
2018-08-21 09:30,4842
2018-08-21 09:35,4892
2018-08-21 09:40,4976
2018-08-21 09:45,5019
2018-08-21 09:50,5082
2018-08-21 09:55,5157
2018-08-21 10:00,5249
2018-08-21 10:05,5265
2018-08-21 10:10,5316
2018-08-21 10:15,5368
2018-08-21 10:20,5406
2018-08-21 10:25,5508
2018-08-21 10:30,5579
2018-08-21 10:35,5642
2018-08-21 10:40,5694
2018-08-21 10:45,5752
2018-08-21 10:50,5744
2018-08-21 10:55,5850
2018-08-21 11:00,5901
2018-08-21 11:05,5971
2018-08-21 11:10,6071
2018-08-21 11:15,6073
2018-08-21 11:20,6100
2018-08-21 11:25,6183
2018-08-21 11:30,6230
2018-08-21 11:35,6305
2018-08-21 11:40,6370
2018-08-21 11:45,6398
2018-08-21 11:50,6476
2018-08-21 11:55,6543
2018-08-21 12:00,6622
2018-08-21 12:05,6637
2018-08-21 12:10,6666
2018-08-21 12:15,6757
2018-08-21 12:20,6846
2018-08-21 12:25,6877
2018-08-21 12:30,6951
2018-08-21 12:35,6981
2018-08-21 12:40,6899
2018-08-21 12:45,7094
2018-08-21 12:50,7159
2018-08-21 12:55,7170
2018-08-21 13:00,7243
2018-08-21 13:05,7222
2018-08-21 13:10,7317
2018-08-21 13:15,7361
2018-08-21 13:20,7459
2018-08-21 13:25,7501
2018-08-21 13:30,7603
2018-08-21 13:35,7690
2018-08-21 13:40,7762
2018-08-21 13:45,7859
2018-08-21 13:50,7949
2018-08-21 13:55,8023
2018-08-21 14:00,8101
2018-08-21 14:05,8186
2018-08-21 14:10,8279
2018-08-21 14:15,8315
2018-08-21 14:20,8424
2018-08-21 14:25,8543
2018-08-21 14:30,8584
2018-08-21 14:35,8653
2018-08-21 14:40,8677
2018-08-21 14:45,8726
2018-08-21 14:50,8787
2018-08-21 14:55,8822
2018-08-21 15:00,8841
2018-08-21 15:05,8830
2018-08-21 15:10,8902
2018-08-21 15:15,8929
2018-08-21 15:20,9001
2018-08-21 15:25,9115
2018-08-21 15:30,9123
2018-08-21 15:35,9189
2018-08-21 15:40,9227
2018-08-21 15:45,9378
2018-08-21 15:50,9399
2018-08-21 15:55,9462
2018-08-21 16:00,9472
2018-08-21 16:05,9457
2018-08-21 16:10,9444
2018-08-21 16:15,9513
2018-08-21 16:20,9578
2018-08-21 16:25,9694
2018-08-21 16:30,9742
2018-08-21 16:35,9764
2018-08-21 16:40,9833
2018-08-21 16:45,9939
2018-08-21 16:50,9970
2018-08-21 16:55,10040
2018-08-21 17:00,10063
2018-08-21 17:05,10124
2018-08-21 17:10,10153
2018-08-21 17:15,10234
2018-08-21 17:20,10282
2018-08-21 17:25,10396
2018-08-21 17:30,10517
2018-08-21 17:35,10641
2018-08-21 17:40,10714
2018-08-21 17:45,10717
2018-08-21 17:50,10796
2018-08-21 17:55,10898
2018-08-21 18:00,10998
2018-08-21 18:05,11070
2018-08-21 18:10,11169
2018-08-21 18:15,11124
2018-08-21 18:20,11173
2018-08-21 18:25,11213
2018-08-21 18:30,11276
2018-08-21 18:35,11329
2018-08-21 18:40,11385
2018-08-21 18:45,11407
2018-08-21 18:50,11500
2018-08-21 18:55,11523
2018-08-21 19:00,11558
2018-08-21 19:05,11601
2018-08-21 19:10,11606
2018-08-21 19:15,11670
2018-08-21 19:20,11664
2018-08-21 19:25,11699
2018-08-21 19:30,11665
2018-08-21 19:35,11644
2018-08-21 19:40,11691
2018-08-21 19:45,11693
2018-08-21 19:50,11691
2018-08-21 19:55,11673
2018-08-21 20:00,11653
2018-08-21 20:05,11615
2018-08-21 20:10,11658
2018-08-21 20:15,11631
2018-08-21 20:20,11608
2018-08-21 20:25,11570
2018-08-21 20:30,11539
2018-08-21 20:35,11451
2018-08-21 20:40,11387
2018-08-21 20:45,11301
2018-08-21 20:50,11199
2018-08-21 20:55,11128
2018-08-21 21:00,11012
2018-08-21 21:05,10975
2018-08-21 21:10,10863
2018-08-21 21:15,10774
2018-08-21 21:20,10724
2018-08-21 21:25,10670
2018-08-21 21:30,10611
2018-08-21 21:35,10524
2018-08-21 21:40,10533
2018-08-21 21:45,10483
2018-08-21 21:50,10399
2018-08-21 21:55,10305
2018-08-21 22:00,10250
2018-08-21 22:05,10204
2018-08-21 22:10,10111
2018-08-21 22:15,10054
2018-08-21 22:20,9945
2018-08-21 22:25,9866
2018-08-21 22:30,9756
2018-08-21 22:35,9757
2018-08-21 22:40,9743
2018-08-21 22:45,9757
2018-08-21 22:50,9719
2018-08-21 22:55,9665
2018-08-21 23:00,9617
2018-08-21 23:05,9562
2018-08-21 23:10,9531
2018-08-21 23:15,9465
2018-08-21 23:20,9433
2018-08-21 23:25,9409
2018-08-21 23:30,9337
2018-08-21 23:35,9295
2018-08-21 23:40,9193
2018-08-21 23:45,9186
2018-08-21 23:50,9120
2018-08-21 23:55,9158
2018-08-22 00:00,9136
2018-08-22 00:05,9074
2018-08-22 00:10,9039
2018-08-22 00:15,9048
2018-08-22 00:20,9054
2018-08-22 00:25,9017
2018-08-22 00:30,9020
2018-08-22 00:35,8996
2018-08-22 00:40,8998
2018-08-22 00:45,9007
2018-08-22 00:50,9026
2018-08-22 00:55,8983
2018-08-22 01:00,8996
2018-08-22 01:05,8951
2018-08-22 01:10,8975
2018-08-22 01:15,8944
2018-08-22 01:20,8900
2018-08-22 01:25,8915
2018-08-22 01:30,8873
2018-08-22 01:35,8867
2018-08-22 01:40,8759
2018-08-22 01:45,8737
2018-08-22 01:50,8751
2018-08-22 01:55,8715
2018-08-22 02:00,8633
2018-08-22 02:05,8561
2018-08-22 02:10,8538
2018-08-22 02:15,8481
2018-08-22 02:20,8436
2018-08-22 02:25,8343
2018-08-22 02:30,8315
2018-08-22 02:35,8311
2018-08-22 02:40,8282
2018-08-22 02:45,8197
2018-08-22 02:50,8148
2018-08-22 02:55,8065
2018-08-22 03:00,7938
2018-08-22 03:05,7839
2018-08-22 03:10,7760
2018-08-22 03:15,7669
2018-08-22 03:20,7551
2018-08-22 03:25,7457
2018-08-22 03:30,7321
2018-08-22 03:35,7224
2018-08-22 03:40,7194
2018-08-22 03:45,7037
2018-08-22 03:50,6966
2018-08-22 03:55,6842
2018-08-22 04:00,6736
2018-08-22 04:05,6616
2018-08-22 04:10,6511
2018-08-22 04:15,6394
2018-08-22 04:20,6326
2018-08-22 04:25,6220
2018-08-22 04:30,6079
2018-08-22 04:35,6018
2018-08-22 04:40,5966
2018-08-22 04:45,5872
2018-08-22 04:50,5813
2018-08-22 04:55,5698
2018-08-22 05:00,5650
2018-08-22 05:05,5533
2018-08-22 05:10,5382
2018-08-22 05:15,5322
2018-08-22 05:20,5245
2018-08-22 05:25,5168
2018-08-22 05:30,5101
2018-08-22 05:35,4978
2018-08-22 05:40,4896
2018-08-22 05:45,4821
2018-08-22 05:50,4747
2018-08-22 05:55,4673
2018-08-22 06:00,4629
2018-08-22 06:05,4614
2018-08-22 06:10,4549
2018-08-22 06:15,4510
2018-08-22 06:20,4452
2018-08-22 06:25,4426
2018-08-22 06:30,4312
2018-08-22 06:35,4240
2018-08-22 06:40,4224
2018-08-22 06:45,4165
2018-08-22 06:50,4109
2018-08-22 06:55,4106
2018-08-22 07:00,4049
2018-08-22 07:05,4021
2018-08-22 07:10,3997
2018-08-22 07:15,3989
2018-08-22 07:20,3967
2018-08-22 07:25,3959
2018-08-22 07:30,3939
2018-08-22 07:35,3949
2018-08-22 07:40,3938
2018-08-22 07:45,3967
2018-08-22 07:50,3982
2018-08-22 07:55,4011
2018-08-22 08:00,4032
2018-08-22 08:05,4056
2018-08-22 08:10,4122
2018-08-22 08:15,4157
2018-08-22 08:20,4189
2018-08-22 08:25,4259
2018-08-22 08:30,4282
2018-08-22 08:35,4325
2018-08-22 08:40,4357
2018-08-22 08:45,4382
2018-08-22 08:50,4428
2018-08-22 08:55,4473
2018-08-22 09:00,4523
2018-08-22 09:05,4622
2018-08-22 09:10,4678
2018-08-22 09:15,4704
2018-08-22 09:20,4748
2018-08-22 09:25,4790
2018-08-22 09:30,4878
2018-08-22 09:35,4925
2018-08-22 09:40,4948
2018-08-22 09:45,5000
2018-08-22 09:50,5048
2018-08-22 09:55,5078
2018-08-22 10:00,5102
2018-08-22 10:05,5152
2018-08-22 10:10,5200
2018-08-22 10:15,5207
2018-08-22 10:20,5190
2018-08-22 10:25,5284
2018-08-22 10:30,5328
2018-08-22 10:35,5373
2018-08-22 10:40,5439
2018-08-22 10:45,5459
2018-08-22 10:50,5489
2018-08-22 10:55,5516
2018-08-22 11:00,5544
2018-08-22 11:05,5551
2018-08-22 11:10,5585
2018-08-22 11:15,5691
2018-08-22 11:20,5758
2018-08-22 11:25,5802
2018-08-22 11:30,5850
2018-08-22 11:35,5857
2018-08-22 11:40,5919
2018-08-22 11:45,5977
2018-08-22 11:50,6068
2018-08-22 11:55,6099
2018-08-22 12:00,6154
2018-08-22 12:05,6166
2018-08-22 12:10,6189
2018-08-22 12:15,6260
2018-08-22 12:20,6291
2018-08-22 12:25,6358
2018-08-22 12:30,6430
2018-08-22 12:35,6527
2018-08-22 12:40,6610
2018-08-22 12:45,6522
2018-08-22 12:50,6676
2018-08-22 12:55,6723
2018-08-22 13:00,6805
2018-08-22 13:05,6865
2018-08-22 13:10,6916
2018-08-22 13:15,6961
2018-08-22 13:20,7058
2018-08-22 13:25,7116
2018-08-22 13:30,7133
2018-08-22 13:35,7187
2018-08-22 13:40,7233
2018-08-22 13:45,7356
2018-08-22 13:50,7421
2018-08-22 13:55,7491
2018-08-22 14:00,7603
2018-08-22 14:05,7665
2018-08-22 14:10,7767
2018-08-22 14:15,7868
2018-08-22 14:20,7917
2018-08-22 14:25,7995
2018-08-22 14:30,7472
2018-08-22 14:35,8054
2018-08-22 14:40,8167
2018-08-22 14:45,8227
2018-08-22 14:50,8220
2018-08-22 14:55,8333
2018-08-22 15:00,8343
2018-08-22 15:05,8359
2018-08-22 15:10,8457
2018-08-22 15:15,8480
2018-08-22 15:20,8471
2018-08-22 15:25,8497
2018-08-22 15:30,8549
2018-08-22 15:35,8592
2018-08-22 15:40,8690
2018-08-22 15:45,8840
2018-08-22 15:50,8936
2018-08-22 15:55,8966
2018-08-22 16:00,9039
2018-08-22 16:05,8920
2018-08-22 16:10,9138
2018-08-22 16:15,9217
2018-08-22 16:20,9250
2018-08-22 16:25,9282
2018-08-22 16:30,9312
2018-08-22 16:35,9366
2018-08-22 16:40,9470
2018-08-22 16:45,9565
2018-08-22 16:50,9619
2018-08-22 16:55,9664
2018-08-22 17:00,9677
2018-08-22 17:05,9762
2018-08-22 17:10,9842
2018-08-22 17:15,9875
2018-08-22 17:20,9921
2018-08-22 17:25,9988
2018-08-22 17:30,10034
2018-08-22 17:35,10095
2018-08-22 17:40,10172
2018-08-22 17:45,10251
2018-08-22 17:50,10284
2018-08-22 17:55,10348
2018-08-22 18:00,10382
2018-08-22 18:05,10502
2018-08-22 18:10,10536
2018-08-22 18:15,10600
2018-08-22 18:20,10644
2018-08-22 18:25,10706
2018-08-22 18:30,10791
2018-08-22 18:35,10886
2018-08-22 18:40,10941
2018-08-22 18:45,11021
2018-08-22 18:50,11091
2018-08-22 18:55,11052
2018-08-22 19:00,11127
2018-08-22 19:05,11125
2018-08-22 19:10,11133
2018-08-22 19:15,11229
2018-08-22 19:20,11240
2018-08-22 19:25,11246
2018-08-22 19:30,11328
2018-08-22 19:35,11351
2018-08-22 19:40,11320
2018-08-22 19:45,11343
2018-08-22 19:50,11350
2018-08-22 19:55,11237
2018-08-22 20:00,11182
2018-08-22 20:05,11126
2018-08-22 20:10,11070
2018-08-22 20:15,11106
2018-08-22 20:20,11074
2018-08-22 20:25,11002
2018-08-22 20:30,11019
2018-08-22 20:35,11020
2018-08-22 20:40,11098
2018-08-22 20:45,11038
2018-08-22 20:50,11030
2018-08-22 20:55,11027
2018-08-22 21:00,10943
2018-08-22 21:05,10824
2018-08-22 21:10,10766
2018-08-22 21:15,10703
2018-08-22 21:20,10608
2018-08-22 21:25,10578
2018-08-22 21:30,10508
2018-08-22 21:35,10475
2018-08-22 21:40,10393
2018-08-22 21:45,10336
2018-08-22 21:50,10240
2018-08-22 21:55,10267
2018-08-22 22:00,10182
2018-08-22 22:05,10117
2018-08-22 22:10,10082
2018-08-22 22:15,10035
2018-08-22 22:20,9998
2018-08-22 22:25,9953
2018-08-22 22:30,9873
2018-08-22 22:35,9792
2018-08-22 22:40,9724
2018-08-22 22:45,9685
2018-08-22 22:50,9561
2018-08-22 22:55,9458
2018-08-22 23:00,9340
2018-08-22 23:05,9222
2018-08-22 23:10,9142
2018-08-22 23:15,9123
2018-08-22 23:20,9089
2018-08-22 23:25,9040
2018-08-22 23:30,9073
2018-08-22 23:35,9020
2018-08-22 23:40,9055
2018-08-22 23:45,9038
2018-08-22 23:50,9092
2018-08-22 23:55,9030
2018-08-23 00:00,9053
2018-08-23 00:05,8978
2018-08-23 00:10,8897
2018-08-23 00:15,8853
2018-08-23 00:20,8858
2018-08-23 00:25,8855
2018-08-23 00:30,8838
2018-08-23 00:35,8784
2018-08-23 00:40,8770
2018-08-23 00:45,8728
2018-08-23 00:50,8714
2018-08-23 00:55,8675
2018-08-23 01:00,8659
2018-08-23 01:05,8639
2018-08-23 01:10,8592
2018-08-23 01:15,8581
2018-08-23 01:20,8516
2018-08-23 01:25,8462
2018-08-23 01:30,8399
2018-08-23 01:35,8374
2018-08-23 01:40,8308
2018-08-23 01:45,8303
2018-08-23 01:50,8298
2018-08-23 01:55,8278
2018-08-23 02:00,8183
2018-08-23 02:05,8095
2018-08-23 02:10,8055
2018-08-23 02:15,8027
2018-08-23 02:20,7964
2018-08-23 02:25,7875
2018-08-23 02:30,7781
2018-08-23 02:35,7704
2018-08-23 02:40,7617
2018-08-23 02:45,7565
2018-08-23 02:50,7490
2018-08-23 02:55,7453
2018-08-23 03:00,7390
2018-08-23 03:05,7292
2018-08-23 03:10,7207
2018-08-23 03:15,7157
2018-08-23 03:20,7114
2018-08-23 03:25,7010
2018-08-23 03:30,6927
2018-08-23 03:35,6840
2018-08-23 03:40,6812
2018-08-23 03:45,6742
2018-08-23 03:50,6654
2018-08-23 03:55,6592
2018-08-23 04:00,6479
2018-08-23 04:05,6336
2018-08-23 04:10,6249
2018-08-23 04:15,6127
2018-08-23 04:20,6043
2018-08-23 04:25,5936
2018-08-23 04:30,5871
2018-08-23 04:35,5770
2018-08-23 04:40,5702
2018-08-23 04:45,5608
2018-08-23 04:50,5509
2018-08-23 04:55,5438
2018-08-23 05:00,5331
2018-08-23 05:05,5247
2018-08-23 05:10,5134
2018-08-23 05:15,5064
2018-08-23 05:20,4992
2018-08-23 05:25,4891
2018-08-23 05:30,4763
2018-08-23 05:35,4670
2018-08-23 05:40,4591
2018-08-23 05:45,4552
2018-08-23 05:50,4462
2018-08-23 05:55,4413
2018-08-23 06:00,4358
2018-08-23 06:05,4269
2018-08-23 06:10,4213
2018-08-23 06:15,4156
2018-08-23 06:20,4135
2018-08-23 06:25,4072
2018-08-23 06:30,4015
2018-08-23 06:35,3968
2018-08-23 06:40,3933
2018-08-23 06:45,3846
2018-08-23 06:50,3842
2018-08-23 06:55,3832
2018-08-23 07:00,3806
2018-08-23 07:05,3787
2018-08-23 07:10,3789
2018-08-23 07:15,3769
2018-08-23 07:20,3788
2018-08-23 07:25,3799
2018-08-23 07:30,3789
2018-08-23 07:35,3780
2018-08-23 07:40,3754
2018-08-23 07:45,3762
2018-08-23 07:50,3775
2018-08-23 07:55,3833
2018-08-23 08:00,3791
2018-08-23 08:05,3809
2018-08-23 08:10,3834
2018-08-23 08:15,3853
2018-08-23 08:20,3891
2018-08-23 08:25,3919
2018-08-23 08:30,3972
2018-08-23 08:35,4016
2018-08-23 08:40,4050
2018-08-23 08:45,4055
2018-08-23 08:50,4126
2018-08-23 08:55,4139
2018-08-23 09:00,4179
2018-08-23 09:05,4243
2018-08-23 09:10,4325
2018-08-23 09:15,4354
2018-08-23 09:20,4454
2018-08-23 09:25,4566
2018-08-23 09:30,4590
2018-08-23 09:35,4654
2018-08-23 09:40,4685
2018-08-23 09:45,4705
2018-08-23 09:50,4692
2018-08-23 09:55,4776
2018-08-23 10:00,4865
2018-08-23 10:05,4914
2018-08-23 10:10,4974
2018-08-23 10:15,4995
2018-08-23 10:20,5039
2018-08-23 10:25,5065
2018-08-23 10:30,5109
2018-08-23 10:35,5121
2018-08-23 10:40,5186
2018-08-23 10:45,5264
2018-08-23 10:50,5354
2018-08-23 10:55,5407
2018-08-23 11:00,5458
2018-08-23 11:05,5505
2018-08-23 11:10,5593
2018-08-23 11:15,5660
2018-08-23 11:20,5709
2018-08-23 11:25,5735
2018-08-23 11:30,5758
2018-08-23 11:35,5828
2018-08-23 11:40,5869
2018-08-23 11:45,5866
2018-08-23 11:50,5907
2018-08-23 11:55,5968
2018-08-23 12:00,6016
2018-08-23 12:05,6076
2018-08-23 12:10,6095
2018-08-23 12:15,6142
2018-08-23 12:20,6247
2018-08-23 12:25,6309
2018-08-23 12:30,6389
2018-08-23 12:35,6317
2018-08-23 12:40,6455
2018-08-23 12:45,6506
2018-08-23 12:50,6630
2018-08-23 12:55,6677
2018-08-23 13:00,6706
2018-08-23 13:05,6790
2018-08-23 13:10,6857
2018-08-23 13:15,6953
2018-08-23 13:20,7010
2018-08-23 13:25,7053
2018-08-23 13:30,7116
2018-08-23 13:35,7156
2018-08-23 13:40,7258
2018-08-23 13:45,7423
2018-08-23 13:50,7476
2018-08-23 13:55,7597
2018-08-23 14:00,7565
2018-08-23 14:05,7749
2018-08-23 14:10,7761
2018-08-23 14:15,7802
2018-08-23 14:20,7909
2018-08-23 14:25,7987
2018-08-23 14:30,8079
2018-08-23 14:35,8127
2018-08-23 14:40,8127
2018-08-23 14:45,8185
2018-08-23 14:50,8211
2018-08-23 14:55,8239
2018-08-23 15:00,8268
2018-08-23 15:05,8325
2018-08-23 15:10,8376
2018-08-23 15:15,8422
2018-08-23 15:20,8447
2018-08-23 15:25,8454
2018-08-23 15:30,8506
2018-08-23 15:35,8555
2018-08-23 15:40,8590
2018-08-23 15:45,8581
2018-08-23 15:50,8636
2018-08-23 15:55,8638
2018-08-23 16:00,8821
2018-08-23 16:05,8875
2018-08-23 16:10,8883
2018-08-23 16:15,8916
2018-08-23 16:20,8979
2018-08-23 16:25,9021
2018-08-23 16:30,9053
2018-08-23 16:35,9182
2018-08-23 16:40,9186
2018-08-23 16:45,9264
2018-08-23 16:50,9309
2018-08-23 16:55,9340
2018-08-23 17:00,9422
2018-08-23 17:05,9516
2018-08-23 17:10,9572
2018-08-23 17:15,9586
2018-08-23 17:20,9598
2018-08-23 17:25,9680
2018-08-23 17:30,9807
2018-08-23 17:35,9883
2018-08-23 17:40,10001
2018-08-23 17:45,10104
2018-08-23 17:50,10152
2018-08-23 17:55,10170
2018-08-23 18:00,10155
2018-08-23 18:05,10169
2018-08-23 18:10,10214
2018-08-23 18:15,10264
2018-08-23 18:20,10308
2018-08-23 18:25,10362
2018-08-23 18:30,10377
2018-08-23 18:35,10467
2018-08-23 18:40,10524
2018-08-23 18:45,10666
2018-08-23 18:50,10695
2018-08-23 18:55,10713
2018-08-23 19:00,10700
2018-08-23 19:05,10774
2018-08-23 19:10,10764
2018-08-23 19:15,10820
2018-08-23 19:20,10841
2018-08-23 19:25,10911
2018-08-23 19:30,10909
2018-08-23 19:35,10905
2018-08-23 19:40,10923
2018-08-23 19:45,10977
2018-08-23 19:50,10965
2018-08-23 19:55,10917
2018-08-23 20:00,10927
2018-08-23 20:05,10899
2018-08-23 20:10,10861
2018-08-23 20:15,10794
2018-08-23 20:20,10720
2018-08-23 20:25,10746
2018-08-23 20:30,10729
2018-08-23 20:35,10714
2018-08-23 20:40,10667
2018-08-23 20:45,10583
2018-08-23 20:50,10577
2018-08-23 20:55,10577
2018-08-23 21:00,10557
2018-08-23 21:05,10489
2018-08-23 21:10,10439
2018-08-23 21:15,10335
2018-08-23 21:20,10349
2018-08-23 21:25,10288
2018-08-23 21:30,10192
2018-08-23 21:35,10149
2018-08-23 21:40,10086
2018-08-23 21:45,9991
2018-08-23 21:50,9913
2018-08-23 21:55,9832
2018-08-23 22:00,9792
2018-08-23 22:05,9770
2018-08-23 22:10,9653
2018-08-23 22:15,9596
2018-08-23 22:20,9604
2018-08-23 22:25,9569
2018-08-23 22:30,9487
2018-08-23 22:35,9455
2018-08-23 22:40,9368
2018-08-23 22:45,9278
2018-08-23 22:50,9263
2018-08-23 22:55,9152
2018-08-23 23:00,9139
2018-08-23 23:05,9114
2018-08-23 23:10,9046
2018-08-23 23:15,8989
2018-08-23 23:20,8982
2018-08-23 23:25,8900
2018-08-23 23:30,8895
2018-08-23 23:35,8787
2018-08-23 23:40,8705
2018-08-23 23:45,8641
2018-08-23 23:50,8651
2018-08-23 23:55,8578
2018-08-24 00:00,8500
2018-08-24 00:05,8502
2018-08-24 00:10,8494
2018-08-24 00:15,8461
2018-08-24 00:20,8412
2018-08-24 00:25,8403
2018-08-24 00:30,8430
2018-08-24 00:35,8398
2018-08-24 00:40,8346
2018-08-24 00:45,8317
2018-08-24 00:50,8334
2018-08-24 00:55,8347
2018-08-24 01:00,8299
2018-08-24 01:05,8264
2018-08-24 01:10,8314
2018-08-24 01:15,8332
2018-08-24 01:20,8311
2018-08-24 01:25,8335
2018-08-24 01:30,8352
2018-08-24 01:35,8360
2018-08-24 01:40,8388
2018-08-24 01:45,8326
2018-08-24 01:50,8329
2018-08-24 01:55,8315
2018-08-24 02:00,8283
2018-08-24 02:05,8207
2018-08-24 02:10,8155
2018-08-24 02:15,8132
2018-08-24 02:20,7988
2018-08-24 02:25,7947
2018-08-24 02:30,7922
2018-08-24 02:35,7834
2018-08-24 02:40,7786
2018-08-24 02:45,7705
2018-08-24 02:50,7694
2018-08-24 02:55,7594
2018-08-24 03:00,7550
2018-08-24 03:05,7537
2018-08-24 03:10,7444
2018-08-24 03:15,7372
2018-08-24 03:20,7283
2018-08-24 03:25,7151
2018-08-24 03:30,7032
2018-08-24 03:35,6958
2018-08-24 03:40,6864
2018-08-24 03:45,6767
2018-08-24 03:50,6709
2018-08-24 03:55,6589
2018-08-24 04:00,6499
2018-08-24 04:05,6412
2018-08-24 04:10,6325
2018-08-24 04:15,6293
2018-08-24 04:20,6233
2018-08-24 04:25,6105
2018-08-24 04:30,5992
2018-08-24 04:35,5869
2018-08-24 04:40,5826
2018-08-24 04:45,5733
2018-08-24 04:50,5645
2018-08-24 04:55,5594
2018-08-24 05:00,5492
2018-08-24 05:05,5342
2018-08-24 05:10,5257
2018-08-24 05:15,5148
2018-08-24 05:20,5131
2018-08-24 05:25,5048
2018-08-24 05:30,5010
2018-08-24 05:35,4917
2018-08-24 05:40,4871
2018-08-24 05:45,4777
2018-08-24 05:50,4699
2018-08-24 05:55,4602
2018-08-24 06:00,4505
2018-08-24 06:05,4418
2018-08-24 06:10,4300
2018-08-24 06:15,4265
2018-08-24 06:20,4219
2018-08-24 06:25,4162
2018-08-24 06:30,4073
2018-08-24 06:35,4047
2018-08-24 06:40,4045
2018-08-24 06:45,3977
2018-08-24 06:50,3947
2018-08-24 06:55,3938
2018-08-24 07:00,3903
2018-08-24 07:05,3848
2018-08-24 07:10,3804
2018-08-24 07:15,3785
2018-08-24 07:20,3764
2018-08-24 07:25,3710
2018-08-24 07:30,3728
2018-08-24 07:35,3728
2018-08-24 07:40,3717
2018-08-24 07:45,3729
2018-08-24 07:50,3742
2018-08-24 07:55,3775
2018-08-24 08:00,3765
2018-08-24 08:05,3771
2018-08-24 08:10,3817
2018-08-24 08:15,3821
2018-08-24 08:20,3852
2018-08-24 08:25,3865
2018-08-24 08:30,3868
2018-08-24 08:35,3889
2018-08-24 08:40,3890
2018-08-24 08:45,3927
2018-08-24 08:50,3972
2018-08-24 08:55,3977
2018-08-24 09:00,4013
2018-08-24 09:05,4151
2018-08-24 09:10,4222
2018-08-24 09:15,4272
2018-08-24 09:20,4330
2018-08-24 09:25,4387
2018-08-24 09:30,4488
2018-08-24 09:35,4579
2018-08-24 09:40,4617
2018-08-24 09:45,4702
2018-08-24 09:50,4769
2018-08-24 09:55,4824
2018-08-24 10:00,4861
2018-08-24 10:05,4873
2018-08-24 10:10,4930
2018-08-24 10:15,4991
2018-08-24 10:20,5025
2018-08-24 10:25,5090
2018-08-24 10:30,5086
2018-08-24 10:35,5175
2018-08-24 10:40,5238
2018-08-24 10:45,5279
2018-08-24 10:50,5363
2018-08-24 10:55,5422
2018-08-24 11:00,5466
2018-08-24 11:05,5480
2018-08-24 11:10,5550
2018-08-24 11:15,5610
2018-08-24 11:20,5656
2018-08-24 11:25,5705
2018-08-24 11:30,5743
2018-08-24 11:35,5768
2018-08-24 11:40,5835
2018-08-24 11:45,5890
2018-08-24 11:50,5944
2018-08-24 11:55,5939
2018-08-24 12:00,5973
2018-08-24 12:05,6005
2018-08-24 12:10,6071
2018-08-24 12:15,6096
2018-08-24 12:20,6294
2018-08-24 12:25,6333
2018-08-24 12:30,6365
2018-08-24 12:35,6406
2018-08-24 12:40,6410
2018-08-24 12:45,6476
2018-08-24 12:50,6534
2018-08-24 12:55,6620
2018-08-24 13:00,6688
2018-08-24 13:05,6759
2018-08-24 13:10,6825
2018-08-24 13:15,6905
2018-08-24 13:20,6907
2018-08-24 13:25,7004
2018-08-24 13:30,7073
2018-08-24 13:35,7143
2018-08-24 13:40,7205
2018-08-24 13:45,7248
2018-08-24 13:50,7381
2018-08-24 13:55,7490
2018-08-24 14:00,7548
2018-08-24 14:05,7555
2018-08-24 14:10,7624
2018-08-24 14:15,7698
2018-08-24 14:20,7744
2018-08-24 14:25,7812
2018-08-24 14:30,7894
2018-08-24 14:35,7949
2018-08-24 14:40,7997
2018-08-24 14:45,8029
2018-08-24 14:50,8105
2018-08-24 14:55,8177
2018-08-24 15:00,8244
2018-08-24 15:05,8280
2018-08-24 15:10,8399
2018-08-24 15:15,8456
2018-08-24 15:20,8509
2018-08-24 15:25,8575
2018-08-24 15:30,8606
2018-08-24 15:35,8599
2018-08-24 15:40,8621
2018-08-24 15:45,8650
2018-08-24 15:50,8682
2018-08-24 15:55,8720
2018-08-24 16:00,8764
2018-08-24 16:05,8745
2018-08-24 16:10,8808
2018-08-24 16:15,8915
2018-08-24 16:20,8985
2018-08-24 16:25,8999
2018-08-24 16:30,9061
2018-08-24 16:35,9120
2018-08-24 16:40,9165
2018-08-24 16:45,9219
2018-08-24 16:50,9276
2018-08-24 16:55,9303
2018-08-24 17:00,9387
2018-08-24 17:05,9366
2018-08-24 17:10,9416
2018-08-24 17:15,9454
2018-08-24 17:20,9440
2018-08-24 17:25,9537
2018-08-24 17:30,9575
2018-08-24 17:35,9656
2018-08-24 17:40,9713
2018-08-24 17:45,9768
2018-08-24 17:50,9827
2018-08-24 17:55,9867
2018-08-24 18:00,9884
2018-08-24 18:05,9931
2018-08-24 18:10,10013
2018-08-24 18:15,10013
2018-08-24 18:20,10024
2018-08-24 18:25,10057
2018-08-24 18:30,10161
2018-08-24 18:35,10267
2018-08-24 18:40,10279
2018-08-24 18:45,10353
2018-08-24 18:50,10378
2018-08-24 18:55,10419
2018-08-24 19:00,10466
2018-08-24 19:05,10518
2018-08-24 19:10,10601
2018-08-24 19:15,10661
2018-08-24 19:20,10675
2018-08-24 19:25,10767
2018-08-24 19:30,10838
2018-08-24 19:35,10835
2018-08-24 19:40,10935
2018-08-24 19:45,10939
2018-08-24 19:50,10954
2018-08-24 19:55,10975
2018-08-24 20:00,11034
2018-08-24 20:05,11125
2018-08-24 20:10,11180
2018-08-24 20:15,11232
2018-08-24 20:20,11316
2018-08-24 20:25,11323
2018-08-24 20:30,11335
2018-08-24 20:35,11370
2018-08-24 20:40,11333
2018-08-24 20:45,11315
2018-08-24 20:50,11312
2018-08-24 20:55,11300
2018-08-24 21:00,11224
2018-08-24 21:05,11067
2018-08-24 21:10,11075
2018-08-24 21:15,11013
2018-08-24 21:20,11008
2018-08-24 21:25,10996
2018-08-24 21:30,10961
2018-08-24 21:35,10952
2018-08-24 21:40,10858
2018-08-24 21:45,10817
2018-08-24 21:50,10733
2018-08-24 21:55,10656
2018-08-24 22:00,10588
2018-08-24 22:05,10493
2018-08-24 22:10,10461
2018-08-24 22:15,10459
2018-08-24 22:20,10373
2018-08-24 22:25,10301
2018-08-24 22:30,10255
2018-08-24 22:35,10249
2018-08-24 22:40,10172
2018-08-24 22:45,10074
2018-08-24 22:50,9999
2018-08-24 22:55,9918
2018-08-24 23:00,9846
2018-08-24 23:05,9892
2018-08-24 23:10,9871
2018-08-24 23:15,9774
2018-08-24 23:20,9611
2018-08-24 23:25,9571
2018-08-24 23:30,9509
2018-08-24 23:35,9448
2018-08-24 23:40,9376
2018-08-24 23:45,9290
2018-08-24 23:50,9232
2018-08-24 23:55,9172
2018-08-25 00:00,9106
2018-08-25 00:05,9058
2018-08-25 00:10,8994
2018-08-25 00:15,8918
2018-08-25 00:20,8874
2018-08-25 00:25,8817
2018-08-25 00:30,8741
2018-08-25 00:35,8762
2018-08-25 00:40,8750
2018-08-25 00:45,8725
2018-08-25 00:50,8701
2018-08-25 00:55,8696
2018-08-25 01:00,8690
2018-08-25 01:05,8710
2018-08-25 01:10,8713
2018-08-25 01:15,8688
2018-08-25 01:20,8660
2018-08-25 01:25,8667
2018-08-25 01:30,8658
2018-08-25 01:35,8574
2018-08-25 01:40,8633
2018-08-25 01:45,8571
2018-08-25 01:50,8567
2018-08-25 01:55,8566
2018-08-25 02:00,8507
2018-08-25 02:05,8465
2018-08-25 02:10,8448
2018-08-25 02:15,8453
2018-08-25 02:20,8430
2018-08-25 02:25,8454
2018-08-25 02:30,8476
2018-08-25 02:35,8484
2018-08-25 02:40,8520
2018-08-25 02:45,8542
2018-08-25 02:50,8550
2018-08-25 02:55,8476
2018-08-25 03:00,8464
2018-08-25 03:05,8387
2018-08-25 03:10,8343
2018-08-25 03:15,8333
2018-08-25 03:20,8256
2018-08-25 03:25,8202
2018-08-25 03:30,8173
2018-08-25 03:35,8131
2018-08-25 03:40,8065
2018-08-25 03:45,8039
2018-08-25 03:50,7969
2018-08-25 03:55,7901
2018-08-25 04:00,7860
2018-08-25 04:05,7768
2018-08-25 04:10,7689
2018-08-25 04:15,7597
2018-08-25 04:20,7490
2018-08-25 04:25,7445
2018-08-25 04:30,7368
2018-08-25 04:35,7262
2018-08-25 04:40,7088
2018-08-25 04:45,6958
2018-08-25 04:50,6817
2018-08-25 04:55,6768
2018-08-25 05:00,6652
2018-08-25 05:05,6600
2018-08-25 05:10,6514
2018-08-25 05:15,6455
2018-08-25 05:20,6327
2018-08-25 05:25,6220
2018-08-25 05:30,6136
2018-08-25 05:35,6048
2018-08-25 05:40,6019
2018-08-25 05:45,5978
2018-08-25 05:50,5893
2018-08-25 05:55,5794
2018-08-25 06:00,5667
2018-08-25 06:05,5561
2018-08-25 06:10,5544
2018-08-25 06:15,5448
2018-08-25 06:20,5364
2018-08-25 06:25,5333
2018-08-25 06:30,5243
2018-08-25 06:35,5211
2018-08-25 06:40,5122
2018-08-25 06:45,5060
2018-08-25 06:50,4969
2018-08-25 06:55,4963
2018-08-25 07:00,4918
2018-08-25 07:05,4872
2018-08-25 07:10,4825
2018-08-25 07:15,4790
2018-08-25 07:20,4772
2018-08-25 07:25,4698
2018-08-25 07:30,4705
2018-08-25 07:35,4673
2018-08-25 07:40,4640
2018-08-25 07:45,4588
2018-08-25 07:50,4556
2018-08-25 07:55,4562
2018-08-25 08:00,4584
2018-08-25 08:05,4563
2018-08-25 08:10,4555
2018-08-25 08:15,4571
2018-08-25 08:20,4606
2018-08-25 08:25,4631
2018-08-25 08:30,4648
2018-08-25 08:35,4657
2018-08-25 08:40,4678
2018-08-25 08:45,4693
2018-08-25 08:50,4726
2018-08-25 08:55,4771
2018-08-25 09:00,4759
2018-08-25 09:05,4878
2018-08-25 09:10,4978
2018-08-25 09:15,5051
2018-08-25 09:20,5113
2018-08-25 09:25,5160
2018-08-25 09:30,5251
2018-08-25 09:35,5309
2018-08-25 09:40,5379
2018-08-25 09:45,5411
2018-08-25 09:50,5476
2018-08-25 09:55,5540
2018-08-25 10:00,5586
2018-08-25 10:05,5689
2018-08-25 10:10,5699
2018-08-25 10:15,5826
2018-08-25 10:20,5880
2018-08-25 10:25,5884
2018-08-25 10:30,5944
2018-08-25 10:35,5963
2018-08-25 10:40,5975
2018-08-25 10:45,6028
2018-08-25 10:50,6044
2018-08-25 10:55,6140
2018-08-25 11:00,6181
2018-08-25 11:05,6237
2018-08-25 11:10,6275
2018-08-25 11:15,6333
2018-08-25 11:20,6386
2018-08-25 11:25,6467
2018-08-25 11:30,6517
2018-08-25 11:35,6569
2018-08-25 11:40,6673
2018-08-25 11:45,6782
2018-08-25 11:50,6847
2018-08-25 11:55,6861
2018-08-25 12:00,6893
2018-08-25 12:05,6897
2018-08-25 12:10,6961
2018-08-25 12:15,6924
2018-08-25 12:20,7120
2018-08-25 12:25,7149
2018-08-25 12:30,7199
2018-08-25 12:35,7295
2018-08-25 12:40,7399
2018-08-25 12:45,7476
2018-08-25 12:50,7522
2018-08-25 12:55,7624
2018-08-25 13:00,7684
2018-08-25 13:05,7774
2018-08-25 13:10,7829
2018-08-25 13:15,7930
2018-08-25 13:20,8015
2018-08-25 13:25,8110
2018-08-25 13:30,8186
2018-08-25 13:35,8221
2018-08-25 13:40,8372
2018-08-25 13:45,8496
2018-08-25 13:50,8625
2018-08-25 13:55,8695
2018-08-25 14:00,8744
2018-08-25 14:05,8677
2018-08-25 14:10,8886
2018-08-25 14:15,9002
2018-08-25 14:20,9051
2018-08-25 14:25,9139
2018-08-25 14:30,9214
2018-08-25 14:35,9298
2018-08-25 14:40,9351
2018-08-25 14:45,9399
2018-08-25 14:50,9451
2018-08-25 14:55,9520
2018-08-25 15:00,9488
2018-08-25 15:05,9591
2018-08-25 15:10,9653
2018-08-25 15:15,9758
2018-08-25 15:20,9808
2018-08-25 15:25,9830
2018-08-25 15:30,9995
2018-08-25 15:35,10006
2018-08-25 15:40,10019
2018-08-25 15:45,10073
2018-08-25 15:50,10097
2018-08-25 15:55,10113
2018-08-25 16:00,10157
2018-08-25 16:05,10146
2018-08-25 16:10,10205
2018-08-25 16:15,10210
2018-08-25 16:20,10276
2018-08-25 16:25,10379
2018-08-25 16:30,10372
2018-08-25 16:35,10394
2018-08-25 16:40,10403
2018-08-25 16:45,10497
2018-08-25 16:50,10509
2018-08-25 16:55,10562
2018-08-25 17:00,10584
2018-08-25 17:05,10531
2018-08-25 17:10,10582
2018-08-25 17:15,10720
2018-08-25 17:20,10659
2018-08-25 17:25,10707
2018-08-25 17:30,10737
2018-08-25 17:35,10796
2018-08-25 17:40,10862
2018-08-25 17:45,10843
2018-08-25 17:50,10901
2018-08-25 17:55,10980
2018-08-25 18:00,11056
2018-08-25 18:05,11142
2018-08-25 18:10,11152
2018-08-25 18:15,11177
2018-08-25 18:20,11174
2018-08-25 18:25,11231
2018-08-25 18:30,11307
2018-08-25 18:35,11388
2018-08-25 18:40,11399
2018-08-25 18:45,11524
2018-08-25 18:50,11599
2018-08-25 18:55,11628
2018-08-25 19:00,11706
2018-08-25 19:05,11697
2018-08-25 19:10,11710
2018-08-25 19:15,11716
2018-08-25 19:20,11700
2018-08-25 19:25,11767
2018-08-25 19:30,11772
2018-08-25 19:35,11753
2018-08-25 19:40,11776
2018-08-25 19:45,11756
2018-08-25 19:50,11801
2018-08-25 19:55,11797
2018-08-25 20:00,11805
2018-08-25 20:05,11802
2018-08-25 20:10,11741
2018-08-25 20:15,11799
2018-08-25 20:20,11849
2018-08-25 20:25,11892
2018-08-25 20:30,11895
2018-08-25 20:35,11925
2018-08-25 20:40,11859
2018-08-25 20:45,11842
2018-08-25 20:50,11784
2018-08-25 20:55,11710
2018-08-25 21:00,11631
2018-08-25 21:05,11546
2018-08-25 21:10,11448
2018-08-25 21:15,11355
2018-08-25 21:20,11327
2018-08-25 21:25,11316
2018-08-25 21:30,11266
2018-08-25 21:35,11275
2018-08-25 21:40,11279
2018-08-25 21:45,11330
2018-08-25 21:50,11370
2018-08-25 21:55,11322
2018-08-25 22:00,11197
2018-08-25 22:05,11107
2018-08-25 22:10,11091
2018-08-25 22:15,10974
2018-08-25 22:20,10950
2018-08-25 22:25,10886
2018-08-25 22:30,10819
2018-08-25 22:35,10712
2018-08-25 22:40,10667
2018-08-25 22:45,10556
2018-08-25 22:50,10466
2018-08-25 22:55,10357
2018-08-25 23:00,10313
2018-08-25 23:05,10195
2018-08-25 23:10,10163
2018-08-25 23:15,10139
2018-08-25 23:20,10040
2018-08-25 23:25,9950
2018-08-25 23:30,9847
2018-08-25 23:35,9784
2018-08-25 23:40,9742
2018-08-25 23:45,9696
2018-08-25 23:50,9616
2018-08-25 23:55,9575
2018-08-26 00:00,9520
2018-08-26 00:05,9418
2018-08-26 00:10,9318
2018-08-26 00:15,9277
2018-08-26 00:20,9235
2018-08-26 00:25,9216
2018-08-26 00:30,9145
2018-08-26 00:35,9123
2018-08-26 00:40,9088
2018-08-26 00:45,8989
2018-08-26 00:50,8986
2018-08-26 00:55,9006
2018-08-26 01:00,8948
2018-08-26 01:05,8934
2018-08-26 01:10,8844
2018-08-26 01:15,8827
2018-08-26 01:20,8775
2018-08-26 01:25,8731
2018-08-26 01:30,8709
2018-08-26 01:35,8696
2018-08-26 01:40,8676
2018-08-26 01:45,8619
2018-08-26 01:50,8630
2018-08-26 01:55,8591
2018-08-26 02:00,8549
2018-08-26 02:05,8502
2018-08-26 02:10,8498
2018-08-26 02:15,8518
2018-08-26 02:20,8511
2018-08-26 02:25,8485
2018-08-26 02:30,8481
2018-08-26 02:35,
2018-08-26 02:40,8377
2018-08-26 02:45,8376
2018-08-26 02:50,8385
2018-08-26 02:55,8392
2018-08-26 03:00,8343
2018-08-26 03:05,8309
2018-08-26 03:10,8239
2018-08-26 03:15,8207
2018-08-26 03:20,8120
2018-08-26 03:25,8076
2018-08-26 03:30,8011
2018-08-26 03:35,7982
2018-08-26 03:40,7928
2018-08-26 03:45,7832
2018-08-26 03:50,7789
2018-08-26 03:55,7785
2018-08-26 04:00,7709
2018-08-26 04:05,7584
2018-08-26 04:10,7502
2018-08-26 04:15,7489
2018-08-26 04:20,7452
2018-08-26 04:25,7415
2018-08-26 04:30,7348
2018-08-26 04:35,7270
2018-08-26 04:40,7191
2018-08-26 04:45,7122
2018-08-26 04:50,7069
2018-08-26 04:55,6981
2018-08-26 05:00,6940
2018-08-26 05:05,6883
2018-08-26 05:10,6814
2018-08-26 05:15,6713
2018-08-26 05:20,6654
2018-08-26 05:25,6601
2018-08-26 05:30,6566
2018-08-26 05:35,6484
2018-08-26 05:40,6398
2018-08-26 05:45,6304
2018-08-26 05:50,6190
2018-08-26 05:55,6124
2018-08-26 06:00,6018
2018-08-26 06:05,5957
2018-08-26 06:10,5902
2018-08-26 06:15,5792
2018-08-26 06:20,5717
2018-08-26 06:25,5699
2018-08-26 06:30,5610
2018-08-26 06:35,5516
2018-08-26 06:40,5434
2018-08-26 06:45,5379
2018-08-26 06:50,5336
2018-08-26 06:55,5288
2018-08-26 07:00,5213
2018-08-26 07:05,5193
2018-08-26 07:10,5153
2018-08-26 07:15,5113
2018-08-26 07:20,5068
2018-08-26 07:25,5040
2018-08-26 07:30,4973
2018-08-26 07:35,4929
2018-08-26 07:40,4921
2018-08-26 07:45,4893
2018-08-26 07:50,4873
2018-08-26 07:55,4845
2018-08-26 08:00,4755
2018-08-26 08:05,4860
2018-08-26 08:10,4870
2018-08-26 08:15,4899
2018-08-26 08:20,4906
2018-08-26 08:25,4909
2018-08-26 08:30,4873
2018-08-26 08:35,4872
2018-08-26 08:40,4911
2018-08-26 08:45,4982
2018-08-26 08:50,5054
2018-08-26 08:55,5062
2018-08-26 09:00,5081
2018-08-26 09:05,5188
2018-08-26 09:10,5287
2018-08-26 09:15,5333
2018-08-26 09:20,5407
2018-08-26 09:25,5490
2018-08-26 09:30,5572
2018-08-26 09:35,5649
2018-08-26 09:40,5636
2018-08-26 09:45,5707
2018-08-26 09:50,5744
2018-08-26 09:55,5826
2018-08-26 10:00,5867
2018-08-26 10:05,5890
2018-08-26 10:10,5988
2018-08-26 10:15,6047
2018-08-26 10:20,6129
2018-08-26 10:25,6186
2018-08-26 10:30,6297
2018-08-26 10:35,6321
2018-08-26 10:40,6418
2018-08-26 10:45,6455
2018-08-26 10:50,6526
2018-08-26 10:55,6568
2018-08-26 11:00,6583
2018-08-26 11:05,6632
2018-08-26 11:10,6718
2018-08-26 11:15,6791
2018-08-26 11:20,6925
2018-08-26 11:25,6954
2018-08-26 11:30,7062
2018-08-26 11:35,7137
2018-08-26 11:40,7214
2018-08-26 11:45,7279
2018-08-26 11:50,7340
2018-08-26 11:55,7378
2018-08-26 12:00,7446
2018-08-26 12:05,7558
2018-08-26 12:10,7655
2018-08-26 12:15,7713
2018-08-26 12:20,7773
2018-08-26 12:25,7798
2018-08-26 12:30,7813
2018-08-26 12:35,7878
2018-08-26 12:40,7954
2018-08-26 12:45,7997
2018-08-26 12:50,8099
2018-08-26 12:55,8149
2018-08-26 13:00,8281
2018-08-26 13:05,8369
2018-08-26 13:10,8389
2018-08-26 13:15,8497
2018-08-26 13:20,8560
2018-08-26 13:25,8632
2018-08-26 13:30,8718
2018-08-26 13:35,8823
2018-08-26 13:40,8948
2018-08-26 13:45,9012
2018-08-26 13:50,9087
2018-08-26 13:55,9147
2018-08-26 14:00,9242
2018-08-26 14:05,9240
2018-08-26 14:10,9358
2018-08-26 14:15,9424
2018-08-26 14:20,9483
2018-08-26 14:25,9556
2018-08-26 14:30,9651
2018-08-26 14:35,9696
2018-08-26 14:40,9847
2018-08-26 14:45,9923
2018-08-26 14:50,10025
2018-08-26 14:55,10068
2018-08-26 15:00,10097
2018-08-26 15:05,10168
2018-08-26 15:10,10292
2018-08-26 15:15,10342
2018-08-26 15:20,10376
2018-08-26 15:25,10478
2018-08-26 15:30,10512
2018-08-26 15:35,10523
2018-08-26 15:40,10599
2018-08-26 15:45,10675
2018-08-26 15:50,10731
2018-08-26 15:55,10847
2018-08-26 16:00,10891
2018-08-26 16:05,10940
2018-08-26 16:10,10995
2018-08-26 16:15,11079
2018-08-26 16:20,11131
2018-08-26 16:25,11244
2018-08-26 16:30,11223
2018-08-26 16:35,11277
2018-08-26 16:40,11417
2018-08-26 16:45,11469
2018-08-26 16:50,11567
2018-08-26 16:55,11640
2018-08-26 17:00,11727
2018-08-26 17:05,11737
2018-08-26 17:10,11765
2018-08-26 17:15,11859
2018-08-26 17:20,11963
2018-08-26 17:25,12023
2018-08-26 17:30,12069
2018-08-26 17:35,12133
2018-08-26 17:40,12242
2018-08-26 17:45,12257
2018-08-26 17:50,12384
2018-08-26 17:55,12479
2018-08-26 18:00,12604
2018-08-26 18:05,12627
2018-08-26 18:10,12712
2018-08-26 18:15,12848
2018-08-26 18:20,12936
2018-08-26 18:25,13010
2018-08-26 18:30,13137
2018-08-26 18:35,13145
2018-08-26 18:40,13163
2018-08-26 18:45,13229
2018-08-26 18:50,13271
2018-08-26 18:55,13325
2018-08-26 19:00,13380
2018-08-26 19:05,13379
2018-08-26 19:10,13370
2018-08-26 19:15,13375
2018-08-26 19:20,13374
2018-08-26 19:25,13436
2018-08-26 19:30,13379
2018-08-26 19:35,13360
2018-08-26 19:40,13393
2018-08-26 19:45,13332
2018-08-26 19:50,13339
2018-08-26 19:55,13279
2018-08-26 20:00,13243
2018-08-26 20:05,13186
2018-08-26 20:10,13154
2018-08-26 20:15,13123
2018-08-26 20:20,13023
2018-08-26 20:25,12945
2018-08-26 20:30,12935
2018-08-26 20:35,12892
2018-08-26 20:40,12846
2018-08-26 20:45,12777
2018-08-26 20:50,12650
2018-08-26 20:55,12641
2018-08-26 21:00,12482
2018-08-26 21:05,12409
2018-08-26 21:10,12358
2018-08-26 21:15,12246
2018-08-26 21:20,12211
2018-08-26 21:25,12120
2018-08-26 21:30,11979
2018-08-26 21:35,11903
2018-08-26 21:40,11877
2018-08-26 21:45,11794
2018-08-26 21:50,11694
2018-08-26 21:55,11631
2018-08-26 22:00,11483
2018-08-26 22:05,11349
2018-08-26 22:10,11257
2018-08-26 22:15,11169
2018-08-26 22:20,11079
2018-08-26 22:25,10932
2018-08-26 22:30,10833
2018-08-26 22:35,10742
2018-08-26 22:40,10688
2018-08-26 22:45,10584
2018-08-26 22:50,10522
2018-08-26 22:55,10376
2018-08-26 23:00,10312
2018-08-26 23:05,10235
2018-08-26 23:10,10169
2018-08-26 23:15,10085
2018-08-26 23:20,10042
2018-08-26 23:25,9918
2018-08-26 23:30,9878
2018-08-26 23:35,9806
2018-08-26 23:40,9799
2018-08-26 23:45,9758
2018-08-26 23:50,9734
2018-08-26 23:55,9666
2018-08-27 00:00,9615
2018-08-27 00:05,9516
2018-08-27 00:10,9469
2018-08-27 00:15,9433
2018-08-27 00:20,9393
2018-08-27 00:25,9317
2018-08-27 00:30,9306
2018-08-27 00:35,9246
2018-08-27 00:40,9219
2018-08-27 00:45,9103
2018-08-27 00:50,9035
2018-08-27 00:55,9012
2018-08-27 01:00,9035
2018-08-27 01:05,8992
2018-08-27 01:10,8939
2018-08-27 01:15,8931
2018-08-27 01:20,8907
2018-08-27 01:25,8898
2018-08-27 01:30,8890
2018-08-27 01:35,8880
2018-08-27 01:40,8869
2018-08-27 01:45,8789
2018-08-27 01:50,8737
2018-08-27 01:55,8664
2018-08-27 02:00,8638
2018-08-27 02:05,8578
2018-08-27 02:10,8456
2018-08-27 02:15,8412
2018-08-27 02:20,8327
2018-08-27 02:25,8251
2018-08-27 02:30,8201
2018-08-27 02:35,8098
2018-08-27 02:40,8017
2018-08-27 02:45,7908
2018-08-27 02:50,7827
2018-08-27 02:55,7748
2018-08-27 03:00,7632
2018-08-27 03:05,7504
2018-08-27 03:10,7440
2018-08-27 03:15,7331
2018-08-27 03:20,7181
2018-08-27 03:25,7088
2018-08-27 03:30,7075
2018-08-27 03:35,7018
2018-08-27 03:40,6904
2018-08-27 03:45,6779
2018-08-27 03:50,6660
2018-08-27 03:55,6601
2018-08-27 04:00,6507
2018-08-27 04:05,6375
2018-08-27 04:10,6205
2018-08-27 04:15,6087
2018-08-27 04:20,6022
2018-08-27 04:25,5864
2018-08-27 04:30,5746
2018-08-27 04:35,5593
2018-08-27 04:40,5521
2018-08-27 04:45,5405
2018-08-27 04:50,5340
2018-08-27 04:55,5230
2018-08-27 05:00,5133
2018-08-27 05:05,5001
2018-08-27 05:10,4907
2018-08-27 05:15,4835
2018-08-27 05:20,4748
2018-08-27 05:25,4654
2018-08-27 05:30,4590
2018-08-27 05:35,4537
2018-08-27 05:40,4433
2018-08-27 05:45,4367
2018-08-27 05:50,4315
2018-08-27 05:55,4251
2018-08-27 06:00,4156
2018-08-27 06:05,4106
2018-08-27 06:10,4051
2018-08-27 06:15,4017
2018-08-27 06:20,3971
2018-08-27 06:25,3931
2018-08-27 06:30,3920
2018-08-27 06:35,3881
2018-08-27 06:40,3838
2018-08-27 06:45,3818
2018-08-27 06:50,3832
2018-08-27 06:55,3798
2018-08-27 07:00,3755
2018-08-27 07:05,3681
2018-08-27 07:10,3643
2018-08-27 07:15,3609
2018-08-27 07:20,3598
2018-08-27 07:25,3572
2018-08-27 07:30,3594
2018-08-27 07:35,3591
2018-08-27 07:40,3562
2018-08-27 07:45,3580
2018-08-27 07:50,3595
2018-08-27 07:55,3634
2018-08-27 08:00,3636
2018-08-27 08:05,3663
2018-08-27 08:10,3684
2018-08-27 08:15,3705
2018-08-27 08:20,3709
2018-08-27 08:25,3739
2018-08-27 08:30,3797
2018-08-27 08:35,3819
2018-08-27 08:40,3863
2018-08-27 08:45,3892
2018-08-27 08:50,3916
2018-08-27 08:55,3980
2018-08-27 09:00,4047
2018-08-27 09:05,4137
2018-08-27 09:10,4222
2018-08-27 09:15,4256
2018-08-27 09:20,4317
2018-08-27 09:25,4402
2018-08-27 09:30,4495
2018-08-27 09:35,4523
2018-08-27 09:40,4579
2018-08-27 09:45,4649
2018-08-27 09:50,4732
2018-08-27 09:55,4745
2018-08-27 10:00,4786
2018-08-27 10:05,4841
2018-08-27 10:10,4919
2018-08-27 10:15,4953
2018-08-27 10:20,4985
2018-08-27 10:25,5030
2018-08-27 10:30,5074
2018-08-27 10:35,5123
2018-08-27 10:40,5169
2018-08-27 10:45,5170
2018-08-27 10:50,5236
2018-08-27 10:55,5247
2018-08-27 11:00,5310
2018-08-27 11:05,5285
2018-08-27 11:10,5340
2018-08-27 11:15,5440
2018-08-27 11:20,5497
2018-08-27 11:25,5556
2018-08-27 11:30,5642
2018-08-27 11:35,5737
2018-08-27 11:40,5840
2018-08-27 11:45,5857
2018-08-27 11:50,5925
2018-08-27 11:55,5981
2018-08-27 12:00,6037
2018-08-27 12:05,6050
2018-08-27 12:10,6060
2018-08-27 12:15,6161
2018-08-27 12:20,6193
2018-08-27 12:25,6254
2018-08-27 12:30,0
2018-08-27 12:35,0
2018-08-27 12:40,6498
2018-08-27 12:45,6498
2018-08-27 12:50,6572
2018-08-27 12:55,6644
2018-08-27 13:00,6644
2018-08-27 13:05,6703
2018-08-27 13:10,6769
2018-08-27 13:15,6933
2018-08-27 13:20,6966
2018-08-27 13:25,6966
2018-08-27 13:30,7062
2018-08-27 13:35,7093
2018-08-27 13:40,7193
2018-08-27 13:45,7243
2018-08-27 13:50,7335
2018-08-27 13:55,7433
2018-08-27 14:00,7538
2018-08-27 14:05,7511
2018-08-27 14:10,7511
2018-08-27 14:15,7632
2018-08-27 14:20,7660
2018-08-27 14:25,7672
2018-08-27 14:30,7771
2018-08-27 14:35,7812
2018-08-27 14:40,7818
2018-08-27 14:45,7922
2018-08-27 14:50,7966
2018-08-27 14:55,7999
2018-08-27 15:00,8180
2018-08-27 15:05,8180
2018-08-27 15:10,8153
2018-08-27 15:15,8214
2018-08-27 15:20,8252
2018-08-27 15:25,8324
2018-08-27 15:30,8412
2018-08-27 15:35,8521
2018-08-27 15:40,8489
2018-08-27 15:45,8596
2018-08-27 15:50,8755
2018-08-27 15:55,8841
2018-08-27 16:00,9051
2018-08-27 16:05,9051
2018-08-27 16:10,9082
2018-08-27 16:15,9175
2018-08-27 16:20,9273
2018-08-27 16:25,9286
2018-08-27 16:30,9368
2018-08-27 16:35,9452
2018-08-27 16:40,9516
2018-08-27 16:45,9604
2018-08-27 16:50,9661
2018-08-27 16:55,9656
2018-08-27 17:00,9842
2018-08-27 17:05,9842
2018-08-27 17:10,9931
2018-08-27 17:15,9968
2018-08-27 17:20,9991
2018-08-27 17:25,10044
2018-08-27 17:30,10148
2018-08-27 17:35,10227
2018-08-27 17:40,10298
2018-08-27 17:45,10436
2018-08-27 17:50,10495
2018-08-27 17:55,10543
2018-08-27 18:00,10630
2018-08-27 18:05,8391
2018-08-27 18:10,10375
2018-08-27 18:15,8612
2018-08-27 18:20,10797
2018-08-27 18:25,10942
2018-08-27 18:30,11085
2018-08-27 18:35,11196
2018-08-27 18:40,11216
2018-08-27 18:45,11295
2018-08-27 18:50,11291
2018-08-27 18:55,11278
2018-08-27 19:00,11285
2018-08-27 19:05,11349
2018-08-27 19:10,11333
2018-08-27 19:15,11330
2018-08-27 19:20,11362
2018-08-27 19:25,11437
2018-08-27 19:30,11438
2018-08-27 19:35,11268
2018-08-27 19:40,11231
2018-08-27 19:45,11228
2018-08-27 19:50,11244
2018-08-27 19:55,11235
2018-08-27 20:00,11227
2018-08-27 20:05,11182
2018-08-27 20:10,11102
2018-08-27 20:15,11053
2018-08-27 20:20,11001
2018-08-27 20:25,10975
2018-08-27 20:30,10976
2018-08-27 20:35,10949
2018-08-27 20:40,11013
2018-08-27 20:45,10980
2018-08-27 20:50,10963
2018-08-27 20:55,10921
2018-08-27 21:00,10786
2018-08-27 21:05,10786
2018-08-27 21:10,10682
2018-08-27 21:15,10666
2018-08-27 21:20,10637
2018-08-27 21:25,10575
2018-08-27 21:30,10551
2018-08-27 21:35,10486
2018-08-27 21:40,10424
2018-08-27 21:45,10375
2018-08-27 21:50,10269
2018-08-27 21:55,10235
2018-08-27 22:00,10077
2018-08-27 22:05,10012
2018-08-27 22:10,9893
2018-08-27 22:15,9786
2018-08-27 22:20,9679
2018-08-27 22:25,9602
2018-08-27 22:30,9479
2018-08-27 22:35,9360
2018-08-27 22:40,9328
2018-08-27 22:45,9233
2018-08-27 22:50,9151
2018-08-27 22:55,9118
2018-08-27 23:00,9053
2018-08-27 23:05,8905
2018-08-27 23:10,8852
2018-08-27 23:15,8821
2018-08-27 23:20,8779
2018-08-27 23:25,8705
2018-08-27 23:30,8688
2018-08-27 23:35,8673
2018-08-27 23:40,8606
2018-08-27 23:45,8611
2018-08-27 23:50,8553
2018-08-27 23:55,8570
2018-08-28 00:00,8521
2018-08-28 00:05,8550
2018-08-28 00:10,8500
2018-08-28 00:15,8489
2018-08-28 00:20,8483
2018-08-28 00:25,8475
2018-08-28 00:30,8478
2018-08-28 00:35,8455
2018-08-28 00:40,8494
2018-08-28 00:45,8450
2018-08-28 00:50,8411
2018-08-28 00:55,8360
2018-08-28 01:00,8347
2018-08-28 01:05,8354
2018-08-28 01:10,8392
2018-08-28 01:15,8368
2018-08-28 01:20,8309
2018-08-28 01:25,8309
2018-08-28 01:30,8297
2018-08-28 01:35,8289
2018-08-28 01:40,8253
2018-08-28 01:45,8258
2018-08-28 01:50,8217
2018-08-28 01:55,8179
2018-08-28 02:00,8113
2018-08-28 02:05,8056
2018-08-28 02:10,7994
2018-08-28 02:15,7915
2018-08-28 02:20,7818
2018-08-28 02:25,7747
2018-08-28 02:30,7677
2018-08-28 02:35,7631
2018-08-28 02:40,7621
2018-08-28 02:45,7567
2018-08-28 02:50,7518
2018-08-28 02:55,7467
2018-08-28 03:00,7391
2018-08-28 03:05,7298
2018-08-28 03:10,7161
2018-08-28 03:15,7068
2018-08-28 03:20,6953
2018-08-28 03:25,6906
2018-08-28 03:30,6788
2018-08-28 03:35,6739
2018-08-28 03:40,6631
2018-08-28 03:45,6510
2018-08-28 03:50,6432
2018-08-28 03:55,6343
2018-08-28 04:00,6248
2018-08-28 04:05,6103
2018-08-28 04:10,5959
2018-08-28 04:15,5840
2018-08-28 04:20,5729
2018-08-28 04:25,5630
2018-08-28 04:30,5549
2018-08-28 04:35,5482
2018-08-28 04:40,5382
2018-08-28 04:45,5239
2018-08-28 04:50,5144
2018-08-28 04:55,5093
2018-08-28 05:00,4930
2018-08-28 05:05,4886
2018-08-28 05:10,4798
2018-08-28 05:15,4705
2018-08-28 05:20,4642
2018-08-28 05:25,4563
2018-08-28 05:30,4518
2018-08-28 05:35,4448
2018-08-28 05:40,4329
2018-08-28 05:45,4274
2018-08-28 05:50,4189
2018-08-28 05:55,4154
2018-08-28 06:00,4100
2018-08-28 06:05,4008
2018-08-28 06:10,3943
2018-08-28 06:15,3862
2018-08-28 06:20,3820
2018-08-28 06:25,3755
2018-08-28 06:30,3758
2018-08-28 06:35,3709
2018-08-28 06:40,3684
2018-08-28 06:45,3661
2018-08-28 06:50,3665
2018-08-28 06:55,3639
2018-08-28 07:00,3671
2018-08-28 07:05,3623
2018-08-28 07:10,3620
2018-08-28 07:15,3621
2018-08-28 07:20,3605
2018-08-28 07:25,3628
2018-08-28 07:30,3631
2018-08-28 07:35,3656
2018-08-28 07:40,3632
2018-08-28 07:45,3620
2018-08-28 07:50,3633
2018-08-28 07:55,3620
2018-08-28 08:00,3626
2018-08-28 08:05,3643
2018-08-28 08:10,3681
2018-08-28 08:15,3692
2018-08-28 08:20,3713
2018-08-28 08:25,3754
2018-08-28 08:30,3769
2018-08-28 08:35,3802
2018-08-28 08:40,3837
2018-08-28 08:45,3817
2018-08-28 08:50,3852
2018-08-28 08:55,3907
2018-08-28 09:00,3942
2018-08-28 09:05,3955
2018-08-28 09:10,4066
2018-08-28 09:15,4166
2018-08-28 09:20,4265
2018-08-28 09:25,4346
2018-08-28 09:30,4378
2018-08-28 09:35,4477
2018-08-28 09:40,4507
2018-08-28 09:45,4602
2018-08-28 09:50,4673
2018-08-28 09:55,4757
2018-08-28 10:00,4814
2018-08-28 10:05,4832
2018-08-28 10:10,4866
2018-08-28 10:15,4929
2018-08-28 10:20,4991
2018-08-28 10:25,5047
2018-08-28 10:30,5063
2018-08-28 10:35,5095
2018-08-28 10:40,5110
2018-08-28 10:45,5172
2018-08-28 10:50,5202
2018-08-28 10:55,5255
2018-08-28 11:00,5315
2018-08-28 11:05,5370
2018-08-28 11:10,5397
2018-08-28 11:15,5460
2018-08-28 11:20,5549
2018-08-28 11:25,5603
2018-08-28 11:30,5640
2018-08-28 11:35,5719
2018-08-28 11:40,5794
2018-08-28 11:45,5862
2018-08-28 11:50,5915
2018-08-28 11:55,5973
2018-08-28 12:00,6009
2018-08-28 12:05,6030
2018-08-28 12:10,6096
2018-08-28 12:15,6190
2018-08-28 12:20,6125
2018-08-28 12:25,6352
2018-08-28 12:30,6434
2018-08-28 12:35,6476
2018-08-28 12:40,6573
2018-08-28 12:45,6607
2018-08-28 12:50,6591
2018-08-28 12:55,6706
2018-08-28 13:00,6762
2018-08-28 13:05,6857
2018-08-28 13:10,6939
2018-08-28 13:15,6926
2018-08-28 13:20,7001
2018-08-28 13:25,7007
2018-08-28 13:30,7007
2018-08-28 13:35,7076
2018-08-28 13:40,7092
2018-08-28 13:45,7132
2018-08-28 13:50,7195
2018-08-28 13:55,7262
2018-08-28 14:00,7340
2018-08-28 14:05,7400
2018-08-28 14:10,7545
2018-08-28 14:15,7604
2018-08-28 14:20,7737
2018-08-28 14:25,7794
2018-08-28 14:30,7866
2018-08-28 14:35,7900
2018-08-28 14:40,7932
2018-08-28 14:45,8001
2018-08-28 14:50,8033
2018-08-28 14:55,8109
2018-08-28 15:00,8146
2018-08-28 15:05,8184
2018-08-28 15:10,8256
2018-08-28 15:15,8273
2018-08-28 15:20,8341
2018-08-28 15:25,8423
2018-08-28 15:30,8545
2018-08-28 15:35,8616
2018-08-28 15:40,8651
2018-08-28 15:45,8734
2018-08-28 15:50,8794
2018-08-28 15:55,8863
2018-08-28 16:00,8920
2018-08-28 16:05,8928
2018-08-28 16:10,9012
2018-08-28 16:15,9096
2018-08-28 16:20,9198
2018-08-28 16:25,9258
2018-08-28 16:30,9304
2018-08-28 16:35,9388
2018-08-28 16:40,9460
2018-08-28 16:45,9540
2018-08-28 16:50,9604
2018-08-28 16:55,9619
2018-08-28 17:00,9713
2018-08-28 17:05,9700
2018-08-28 17:10,9833
2018-08-28 17:15,9889
2018-08-28 17:20,9936
2018-08-28 17:25,9986
2018-08-28 17:30,10040
2018-08-28 17:35,10079
2018-08-28 17:40,10233
2018-08-28 17:45,10353
2018-08-28 17:50,10394
2018-08-28 17:55,10490
2018-08-28 18:00,10618
2018-08-28 18:05,10708
2018-08-28 18:10,10866
2018-08-28 18:15,10888
2018-08-28 18:20,10989
2018-08-28 18:25,11078
2018-08-28 18:30,11172
2018-08-28 18:35,11175
2018-08-28 18:40,11241
2018-08-28 18:45,11271
2018-08-28 18:50,11328
2018-08-28 18:55,11312
2018-08-28 19:00,11346
2018-08-28 19:05,11488
2018-08-28 19:10,11507
2018-08-28 19:15,11542
2018-08-28 19:20,11582
2018-08-28 19:25,11599
2018-08-28 19:30,11638
2018-08-28 19:35,11682
2018-08-28 19:40,11671
2018-08-28 19:45,11655
2018-08-28 19:50,11650
2018-08-28 19:55,11604
2018-08-28 20:00,11631
2018-08-28 20:05,11575
2018-08-28 20:10,11557
2018-08-28 20:15,11439
2018-08-28 20:20,11466
2018-08-28 20:25,11421
2018-08-28 20:30,11415
2018-08-28 20:35,11264
2018-08-28 20:40,11224
2018-08-28 20:45,11228
2018-08-28 20:50,11225
2018-08-28 20:55,11153
2018-08-28 21:00,11118
2018-08-28 21:05,11073
2018-08-28 21:10,11022
2018-08-28 21:15,10942
2018-08-28 21:20,10896
2018-08-28 21:25,10790
2018-08-28 21:30,10737
2018-08-28 21:35,10679
2018-08-28 21:40,10586
2018-08-28 21:45,10519
2018-08-28 21:50,10435
2018-08-28 21:55,10341
2018-08-28 22:00,10275
2018-08-28 22:05,10196
2018-08-28 22:10,10072
2018-08-28 22:15,9979
2018-08-28 22:20,9913
2018-08-28 22:25,9743
2018-08-28 22:30,9670
2018-08-28 22:35,9564
2018-08-28 22:40,9497
2018-08-28 22:45,9419
2018-08-28 22:50,9412
2018-08-28 22:55,9360
2018-08-28 23:00,0
2018-08-28 23:05,8613
2018-08-28 23:10,8935
2018-08-28 23:15,8965
2018-08-28 23:20,8921
2018-08-28 23:25,8899
2018-08-28 23:30,8865
2018-08-28 23:35,8881
2018-08-28 23:40,8852
2018-08-28 23:45,8847
2018-08-28 23:50,8813
2018-08-28 23:55,8839
2018-08-29 00:00,8773
2018-08-29 00:05,8722
2018-08-29 00:10,8730
2018-08-29 00:15,8746
2018-08-29 00:20,8706
2018-08-29 00:25,8654
2018-08-29 00:30,8649
2018-08-29 00:35,8622
2018-08-29 00:40,8628
2018-08-29 00:45,8573
2018-08-29 00:50,8565
2018-08-29 00:55,8545
2018-08-29 01:00,8494
2018-08-29 01:05,8478
2018-08-29 01:10,8419
2018-08-29 01:15,8392
2018-08-29 01:20,8388
2018-08-29 01:25,8379
2018-08-29 01:30,8296
2018-08-29 01:35,8234
2018-08-29 01:40,8167
2018-08-29 01:45,8148
2018-08-29 01:50,8137
2018-08-29 01:55,8093
2018-08-29 02:00,8012
2018-08-29 02:05,7932
2018-08-29 02:10,7897
2018-08-29 02:15,7866
2018-08-29 02:20,7765
2018-08-29 02:25,7700
2018-08-29 02:30,7662
2018-08-29 02:35,7579
2018-08-29 02:40,7577
2018-08-29 02:45,7548
2018-08-29 02:50,7415
2018-08-29 02:55,7319
2018-08-29 03:00,7166
2018-08-29 03:05,7042
2018-08-29 03:10,6964
2018-08-29 03:15,6802
2018-08-29 03:20,6715
2018-08-29 03:25,6644
2018-08-29 03:30,6594
2018-08-29 03:35,6537
2018-08-29 03:40,6441
2018-08-29 03:45,6328
2018-08-29 03:50,6270
2018-08-29 03:55,6195
2018-08-29 04:00,6070
2018-08-29 04:05,5929
2018-08-29 04:10,5852
2018-08-29 04:15,5792
2018-08-29 04:20,5681
2018-08-29 04:25,5595
2018-08-29 04:30,5497
2018-08-29 04:35,5403
2018-08-29 04:40,5286
2018-08-29 04:45,5207
2018-08-29 04:50,5160
2018-08-29 04:55,5069
2018-08-29 05:00,4991
2018-08-29 05:05,4858
2018-08-29 05:10,4788
2018-08-29 05:15,4722
2018-08-29 05:20,4634
2018-08-29 05:25,4588
2018-08-29 05:30,4500
2018-08-29 05:35,4447
2018-08-29 05:40,4419
2018-08-29 05:45,4330
2018-08-29 05:50,4275
2018-08-29 05:55,4204
2018-08-29 06:00,4160
2018-08-29 06:05,4130
2018-08-29 06:10,4073
2018-08-29 06:15,4030
2018-08-29 06:20,4000
2018-08-29 06:25,3954
2018-08-29 06:30,3926
2018-08-29 06:35,3924
2018-08-29 06:40,3893
2018-08-29 06:45,3848
2018-08-29 06:50,3822
2018-08-29 06:55,3800
2018-08-29 07:00,3757
2018-08-29 07:05,3732
2018-08-29 07:10,3723
2018-08-29 07:15,3709
2018-08-29 07:20,3690
2018-08-29 07:25,3644
2018-08-29 07:30,3670
2018-08-29 07:35,3674
2018-08-29 07:40,3648
2018-08-29 07:45,3666
2018-08-29 07:50,3707
2018-08-29 07:55,3733
2018-08-29 08:00,3738
2018-08-29 08:05,3789
2018-08-29 08:10,3831
2018-08-29 08:15,3832
2018-08-29 08:20,3857
2018-08-29 08:25,3875
2018-08-29 08:30,3882
2018-08-29 08:35,3910
2018-08-29 08:40,3941
2018-08-29 08:45,3982
2018-08-29 08:50,3975
2018-08-29 08:55,3972
2018-08-29 09:00,4032
2018-08-29 09:05,4123
2018-08-29 09:10,4163
2018-08-29 09:15,4202
2018-08-29 09:20,4259
2018-08-29 09:25,4298
2018-08-29 09:30,4358
2018-08-29 09:35,4426
2018-08-29 09:40,4506
2018-08-29 09:45,4599
2018-08-29 09:50,4601
2018-08-29 09:55,4644
2018-08-29 10:00,4648
2018-08-29 10:05,4737
2018-08-29 10:10,4773
2018-08-29 10:15,4788
2018-08-29 10:20,4843
2018-08-29 10:25,4906
2018-08-29 10:30,4973
2018-08-29 10:35,5047
2018-08-29 10:40,5093
2018-08-29 10:45,5138
2018-08-29 10:50,5177
2018-08-29 10:55,5214
2018-08-29 11:00,5232
2018-08-29 11:05,5263
2018-08-29 11:10,5291
2018-08-29 11:15,5355
2018-08-29 11:20,5349
2018-08-29 11:25,5406
2018-08-29 11:30,5405
2018-08-29 11:35,5487
2018-08-29 11:40,5509
2018-08-29 11:45,5532
2018-08-29 11:50,5610
2018-08-29 11:55,5683
2018-08-29 12:00,5779
2018-08-29 12:05,5808
2018-08-29 12:10,5843
2018-08-29 12:15,5941
2018-08-29 12:20,6015
2018-08-29 12:25,6116
2018-08-29 12:30,6105
2018-08-29 12:35,6290
2018-08-29 12:40,6370
2018-08-29 12:45,6353
2018-08-29 12:50,6414
2018-08-29 12:55,6498
2018-08-29 13:00,6512
2018-08-29 13:05,6606
2018-08-29 13:10,6688
2018-08-29 13:15,6730
2018-08-29 13:20,6781
2018-08-29 13:25,6829
2018-08-29 13:30,6881
2018-08-29 13:35,6976
2018-08-29 13:40,7041
2018-08-29 13:45,7128
2018-08-29 13:50,7186
2018-08-29 13:55,7310
2018-08-29 14:00,7330
2018-08-29 14:05,7363
2018-08-29 14:10,7360
2018-08-29 14:15,7454
2018-08-29 14:20,7553
2018-08-29 14:25,7629
2018-08-29 14:30,7734
2018-08-29 14:35,7723
2018-08-29 14:40,7749
2018-08-29 14:45,7894
2018-08-29 14:50,7927
2018-08-29 14:55,8021
2018-08-29 15:00,8119
2018-08-29 15:05,8144
2018-08-29 15:10,8197
2018-08-29 15:15,8267
2018-08-29 15:20,8367
2018-08-29 15:25,8453
2018-08-29 15:30,8452
2018-08-29 15:35,8516
2018-08-29 15:40,8571
2018-08-29 15:45,8619
2018-08-29 15:50,8666
2018-08-29 15:55,8738
2018-08-29 16:00,8742
2018-08-29 16:05,8742
2018-08-29 16:10,8826
2018-08-29 16:15,8895
2018-08-29 16:20,8931
2018-08-29 16:25,9020
2018-08-29 16:30,8989
2018-08-29 16:35,9026
2018-08-29 16:40,9122
2018-08-29 16:45,9118
2018-08-29 16:50,9175
2018-08-29 16:55,9240
2018-08-29 17:00,9329
2018-08-29 17:05,9396
2018-08-29 17:10,9441
2018-08-29 17:15,9540
2018-08-29 17:20,9566
2018-08-29 17:25,9629
2018-08-29 17:30,9684
2018-08-29 17:35,9786
2018-08-29 17:40,9970
2018-08-29 17:45,10102
2018-08-29 17:50,10194
2018-08-29 17:55,10325
2018-08-29 18:00,10394
2018-08-29 18:05,10515
2018-08-29 18:10,10490
2018-08-29 18:15,10512
2018-08-29 18:20,10567
2018-08-29 18:25,10665
2018-08-29 18:30,10762
2018-08-29 18:35,10880
2018-08-29 18:40,10955
2018-08-29 18:45,11018
2018-08-29 18:50,11030
2018-08-29 18:55,11042
2018-08-29 19:00,11025
2018-08-29 19:05,11065
2018-08-29 19:10,11055
2018-08-29 19:15,11133
2018-08-29 19:20,11180
2018-08-29 19:25,11241
2018-08-29 19:30,11268
2018-08-29 19:35,11320
2018-08-29 19:40,11315
2018-08-29 19:45,11263
2018-08-29 19:50,11195
2018-08-29 19:55,11192
2018-08-29 20:00,11125
2018-08-29 20:05,11093
2018-08-29 20:10,11104
2018-08-29 20:15,11070
2018-08-29 20:20,11050
2018-08-29 20:25,10994
2018-08-29 20:30,10993
2018-08-29 20:35,10978
2018-08-29 20:40,10888
2018-08-29 20:45,10868
2018-08-29 20:50,10825
2018-08-29 20:55,10815
2018-08-29 21:00,10750
2018-08-29 21:05,10661
2018-08-29 21:10,10538
2018-08-29 21:15,10508
2018-08-29 21:20,10410
2018-08-29 21:25,10312
2018-08-29 21:30,10231
2018-08-29 21:35,10227
2018-08-29 21:40,10172
2018-08-29 21:45,10083
2018-08-29 21:50,10012
2018-08-29 21:55,9950
2018-08-29 22:00,9857
2018-08-29 22:05,9741
2018-08-29 22:10,9651
2018-08-29 22:15,9532
2018-08-29 22:20,9420
2018-08-29 22:25,9321
2018-08-29 22:30,9239
2018-08-29 22:35,9167
2018-08-29 22:40,9129
2018-08-29 22:45,9079
2018-08-29 22:50,8989
2018-08-29 22:55,8930
2018-08-29 23:00,8883
2018-08-29 23:05,8841
2018-08-29 23:10,8780
2018-08-29 23:15,8724
2018-08-29 23:20,8626
2018-08-29 23:25,8623
2018-08-29 23:30,8610
2018-08-29 23:35,8654
2018-08-29 23:40,8651
2018-08-29 23:45,8573
2018-08-29 23:50,8517
2018-08-29 23:55,8523
2018-08-30 00:00,8482
2018-08-30 00:05,8445
2018-08-30 00:10,8395
2018-08-30 00:15,8325
2018-08-30 00:20,8272
2018-08-30 00:25,8247
2018-08-30 00:30,8286
2018-08-30 00:35,8301
2018-08-30 00:40,8264
2018-08-30 00:45,8225
2018-08-30 00:50,8206
2018-08-30 00:55,8221
2018-08-30 01:00,8134
2018-08-30 01:05,8101
2018-08-30 01:10,8083
2018-08-30 01:15,8091
2018-08-30 01:20,8127
2018-08-30 01:25,8101
2018-08-30 01:30,8090
2018-08-30 01:35,8098
2018-08-30 01:40,8104
2018-08-30 01:45,8040
2018-08-30 01:50,7980
2018-08-30 01:55,7898
2018-08-30 02:00,7851
2018-08-30 02:05,7806
2018-08-30 02:10,7731
2018-08-30 02:15,7631
2018-08-30 02:20,7580
2018-08-30 02:25,7565
2018-08-30 02:30,7535
2018-08-30 02:35,7467
2018-08-30 02:40,7397
2018-08-30 02:45,7323
2018-08-30 02:50,7281
2018-08-30 02:55,7258
2018-08-30 03:00,7198
2018-08-30 03:05,7088
2018-08-30 03:10,7023
2018-08-30 03:15,6950
2018-08-30 03:20,6863
2018-08-30 03:25,6729
2018-08-30 03:30,6631
2018-08-30 03:35,6606
2018-08-30 03:40,6523
2018-08-30 03:45,6473
2018-08-30 03:50,6378
2018-08-30 03:55,6265
2018-08-30 04:00,6180
2018-08-30 04:05,6075
2018-08-30 04:10,5967
2018-08-30 04:15,5873
2018-08-30 04:20,5772
2018-08-30 04:25,5697
2018-08-30 04:30,5651
2018-08-30 04:35,5560
2018-08-30 04:40,5478
2018-08-30 04:45,5363
2018-08-30 04:50,5294
2018-08-30 04:55,5208
2018-08-30 05:00,5132
2018-08-30 05:05,5032
2018-08-30 05:10,4920
2018-08-30 05:15,4761
2018-08-30 05:20,4682
2018-08-30 05:25,4624
2018-08-30 05:30,4555
2018-08-30 05:35,4490
2018-08-30 05:40,4383
2018-08-30 05:45,4297
2018-08-30 05:50,4214
2018-08-30 05:55,4144
2018-08-30 06:00,4074
2018-08-30 06:05,4032
2018-08-30 06:10,3960
2018-08-30 06:15,3893
2018-08-30 06:20,3813
2018-08-30 06:25,3752
2018-08-30 06:30,3722
2018-08-30 06:35,3671
2018-08-30 06:40,3655
2018-08-30 06:45,3642
2018-08-30 06:50,3600
2018-08-30 06:55,3593
2018-08-30 07:00,3600
2018-08-30 07:05,3597
2018-08-30 07:10,3600
2018-08-30 07:15,3567
2018-08-30 07:20,3595
2018-08-30 07:25,3614
2018-08-30 07:30,3617
2018-08-30 07:35,3619
2018-08-30 07:40,3576
2018-08-30 07:45,3590
2018-08-30 07:50,3643
2018-08-30 07:55,3671
2018-08-30 08:00,3681
2018-08-30 08:05,3698
2018-08-30 08:10,3746
2018-08-30 08:15,3732
2018-08-30 08:20,3738
2018-08-30 08:25,3771
2018-08-30 08:30,3793
2018-08-30 08:35,3848
2018-08-30 08:40,3850
2018-08-30 08:45,3909
2018-08-30 08:50,3949
2018-08-30 08:55,3942
2018-08-30 09:00,3955
2018-08-30 09:05,4083
2018-08-30 09:10,4131
2018-08-30 09:15,4222
2018-08-30 09:20,4315
2018-08-30 09:25,4381
2018-08-30 09:30,4473
2018-08-30 09:35,4543
2018-08-30 09:40,4571
2018-08-30 09:45,4607
2018-08-30 09:50,4675
2018-08-30 09:55,4708
2018-08-30 10:00,4794
2018-08-30 10:05,4818
2018-08-30 10:10,4845
2018-08-30 10:15,4914
2018-08-30 10:20,4985
2018-08-30 10:25,4984
2018-08-30 10:30,5033
2018-08-30 10:35,5126
2018-08-30 10:40,5211
2018-08-30 10:45,5215
2018-08-30 10:50,5214
2018-08-30 10:55,5217
2018-08-30 11:00,5206
2018-08-30 11:05,5208
2018-08-30 11:10,5198
2018-08-30 11:15,5259
2018-08-30 11:20,5327
2018-08-30 11:25,5382
2018-08-30 11:30,5424
2018-08-30 11:35,5465
2018-08-30 11:40,5524
2018-08-30 11:45,5567
2018-08-30 11:50,5642
2018-08-30 11:55,5736
2018-08-30 12:00,5837
2018-08-30 12:05,5872
2018-08-30 12:10,5959
2018-08-30 12:15,5906
2018-08-30 12:20,6014
2018-08-30 12:25,6106
2018-08-30 12:30,6150
2018-08-30 12:35,6159
2018-08-30 12:40,6207
2018-08-30 12:45,6239
2018-08-30 12:50,6362
2018-08-30 12:55,6392
2018-08-30 13:00,6421
2018-08-30 13:05,6483
2018-08-30 13:10,6543
2018-08-30 13:15,6579
2018-08-30 13:20,6617
2018-08-30 13:25,6666
2018-08-30 13:30,6666
2018-08-30 13:35,6788
2018-08-30 13:40,6895
2018-08-30 13:45,6878
2018-08-30 13:50,7044
2018-08-30 13:55,7140
2018-08-30 14:00,7241
2018-08-30 14:05,7330
2018-08-30 14:10,7432
2018-08-30 14:15,7467
2018-08-30 14:20,7605
2018-08-30 14:25,7718
2018-08-30 14:30,7805
2018-08-30 14:35,7849
2018-08-30 14:40,7847
2018-08-30 14:45,7935
2018-08-30 14:50,7998
2018-08-30 14:55,8052
2018-08-30 15:00,8096
2018-08-30 15:05,8133
2018-08-30 15:10,8198
2018-08-30 15:15,8336
2018-08-30 15:20,8303
2018-08-30 15:25,8369
2018-08-30 15:30,8438
2018-08-30 15:35,8468
2018-08-30 15:40,8519
2018-08-30 15:45,
2018-08-30 15:50,8703
2018-08-30 15:55,8717
2018-08-30 16:00,8817
2018-08-30 16:05,8840
2018-08-30 16:10,8874
2018-08-30 16:15,8880
2018-08-30 16:20,8962
2018-08-30 16:25,9037
2018-08-30 16:30,9121
2018-08-30 16:35,9143
2018-08-30 16:40,9202
2018-08-30 16:45,9309
2018-08-30 16:50,9368
2018-08-30 16:55,9386
2018-08-30 17:00,9382
2018-08-30 17:05,9477
2018-08-30 17:10,9562
2018-08-30 17:15,9669
2018-08-30 17:20,9721
2018-08-30 17:25,9772
2018-08-30 17:30,9852
2018-08-30 17:35,9859
2018-08-30 17:40,9882
2018-08-30 17:45,9943
2018-08-30 17:50,10045
2018-08-30 17:55,10113
2018-08-30 18:00,10180
2018-08-30 18:05,10200
2018-08-30 18:10,10261
2018-08-30 18:15,10342
2018-08-30 18:20,10342
2018-08-30 18:25,10378
2018-08-30 18:30,10461
2018-08-30 18:35,10475
2018-08-30 18:40,10563
2018-08-30 18:45,10669
2018-08-30 18:50,10691
2018-08-30 18:55,10731
2018-08-30 19:00,10775
2018-08-30 19:05,10855
2018-08-30 19:10,10923
2018-08-30 19:15,10956
2018-08-30 19:20,11036
2018-08-30 19:25,11026
2018-08-30 19:30,10975
2018-08-30 19:35,10961
2018-08-30 19:40,11099
2018-08-30 19:45,11205
2018-08-30 19:50,11297
2018-08-30 19:55,11243
2018-08-30 20:00,11257
2018-08-30 20:05,11174
2018-08-30 20:10,11133
2018-08-30 20:15,11106
2018-08-30 20:20,11128
2018-08-30 20:25,11193
2018-08-30 20:30,11163
2018-08-30 20:35,11135
2018-08-30 20:40,11079
2018-08-30 20:45,10998
2018-08-30 20:50,10987
2018-08-30 20:55,10916
2018-08-30 21:00,10892
2018-08-30 21:05,10856
2018-08-30 21:10,10779
2018-08-30 21:15,10732
2018-08-30 21:20,10713
2018-08-30 21:25,10687
2018-08-30 21:30,10582
2018-08-30 21:35,10531
2018-08-30 21:40,10455
2018-08-30 21:45,10345
2018-08-30 21:50,10347
2018-08-30 21:55,10315
2018-08-30 22:00,10285
2018-08-30 22:05,10180
2018-08-30 22:10,10096
2018-08-30 22:15,10053
2018-08-30 22:20,9947
2018-08-30 22:25,9859
2018-08-30 22:30,9789
2018-08-30 22:35,9751
2018-08-30 22:40,9828
2018-08-30 22:45,9799
2018-08-30 22:50,9706
2018-08-30 22:55,9586
2018-08-30 23:00,9538
2018-08-30 23:05,9445
2018-08-30 23:10,9361
2018-08-30 23:15,9322
2018-08-30 23:20,9193
2018-08-30 23:25,9047
2018-08-30 23:30,8939
2018-08-30 23:35,8956
2018-08-30 23:40,8893
2018-08-30 23:45,8807
2018-08-30 23:50,8705
2018-08-30 23:55,8637
2018-08-31 00:00,8578
2018-08-31 00:05,8500
2018-08-31 00:10,8494
2018-08-31 00:15,8406
2018-08-31 00:20,8388
2018-08-31 00:25,8362
2018-08-31 00:30,8358
2018-08-31 00:35,8365
2018-08-31 00:40,8324
2018-08-31 00:45,8246
2018-08-31 00:50,8220
2018-08-31 00:55,8188
2018-08-31 01:00,8160
2018-08-31 01:05,8144
2018-08-31 01:10,8149
2018-08-31 01:15,8191
2018-08-31 01:20,8191
2018-08-31 01:25,8142
2018-08-31 01:30,8084
2018-08-31 01:35,8084
2018-08-31 01:40,8044
2018-08-31 01:45,7939
2018-08-31 01:50,7897
2018-08-31 01:55,7847
2018-08-31 02:00,7756
2018-08-31 02:05,7739
2018-08-31 02:10,7672
2018-08-31 02:15,7610
2018-08-31 02:20,7499
2018-08-31 02:25,7460
2018-08-31 02:30,7457
2018-08-31 02:35,7437
2018-08-31 02:40,7408
2018-08-31 02:45,7366
2018-08-31 02:50,7318
2018-08-31 02:55,7196
2018-08-31 03:00,7086
2018-08-31 03:05,6966
2018-08-31 03:10,6881
2018-08-31 03:15,6818
2018-08-31 03:20,6730
2018-08-31 03:25,6655
2018-08-31 03:30,6537
2018-08-31 03:35,6419
2018-08-31 03:40,6382
2018-08-31 03:45,6292
2018-08-31 03:50,6223
2018-08-31 03:55,6144
2018-08-31 04:00,6038
2018-08-31 04:05,5954
2018-08-31 04:10,5796
2018-08-31 04:15,5690
2018-08-31 04:20,5614
2018-08-31 04:25,5540
2018-08-31 04:30,5493
2018-08-31 04:35,5393
2018-08-31 04:40,5353
2018-08-31 04:45,5265
2018-08-31 04:50,5218
2018-08-31 04:55,5172
2018-08-31 05:00,5072
2018-08-31 05:05,4983
2018-08-31 05:10,4895
2018-08-31 05:15,4842
2018-08-31 05:20,4765
2018-08-31 05:25,4712
2018-08-31 05:30,4668
2018-08-31 05:35,4614
2018-08-31 05:40,4552
2018-08-31 05:45,4474
2018-08-31 05:50,4404
2018-08-31 05:55,4338
2018-08-31 06:00,4292
2018-08-31 06:05,4229
2018-08-31 06:10,4168
2018-08-31 06:15,4082
2018-08-31 06:20,4006
2018-08-31 06:25,3946
2018-08-31 06:30,3918
2018-08-31 06:35,3910
2018-08-31 06:40,3899
2018-08-31 06:45,3845
2018-08-31 06:50,3843
2018-08-31 06:55,3851
2018-08-31 07:00,3768
2018-08-31 07:05,3757
2018-08-31 07:10,3770
2018-08-31 07:15,3755
2018-08-31 07:20,3702
2018-08-31 07:25,3719
2018-08-31 07:30,3723
2018-08-31 07:35,3708
2018-08-31 07:40,3695
2018-08-31 07:45,3707
2018-08-31 07:50,3694
2018-08-31 07:55,3717
2018-08-31 08:00,3727
2018-08-31 08:05,3752
2018-08-31 08:10,3748
2018-08-31 08:15,3783
2018-08-31 08:20,3817
2018-08-31 08:25,3866
2018-08-31 08:30,3848
2018-08-31 08:35,3856
2018-08-31 08:40,3913
2018-08-31 08:45,3929
2018-08-31 08:50,3994
2018-08-31 08:55,4032
2018-08-31 09:00,4046
2018-08-31 09:05,4186
2018-08-31 09:10,4265
2018-08-31 09:15,4310
2018-08-31 09:20,4374
2018-08-31 09:25,4407
2018-08-31 09:30,4465
2018-08-31 09:35,4538
2018-08-31 09:40,4583
2018-08-31 09:45,4569
2018-08-31 09:50,4643
2018-08-31 09:55,4711
2018-08-31 10:00,4722
2018-08-31 10:05,4782
2018-08-31 10:10,4830
2018-08-31 10:15,4861
2018-08-31 10:20,4914
2018-08-31 10:25,4968
2018-08-31 10:30,5013
2018-08-31 10:35,5096
2018-08-31 10:40,5125
2018-08-31 10:45,5152
2018-08-31 10:50,5147
2018-08-31 10:55,5197
2018-08-31 11:00,5232
2018-08-31 11:05,5284
2018-08-31 11:10,5355
2018-08-31 11:15,5443
2018-08-31 11:20,5479
2018-08-31 11:25,5542
2018-08-31 11:30,5588
2018-08-31 11:35,5657
2018-08-31 11:40,5664
2018-08-31 11:45,5702
2018-08-31 11:50,5799
2018-08-31 11:55,5866
2018-08-31 12:00,5913
2018-08-31 12:05,5890
2018-08-31 12:10,5866
2018-08-31 12:15,5995
2018-08-31 12:20,6086
2018-08-31 12:25,6110
2018-08-31 12:30,6118
2018-08-31 12:35,6189
2018-08-31 12:40,6252
2018-08-31 12:45,6295
2018-08-31 12:50,6377
2018-08-31 12:55,6494
2018-08-31 13:00,6583
2018-08-31 13:05,6654
2018-08-31 13:10,6727
2018-08-31 13:15,6821
2018-08-31 13:20,6920
2018-08-31 13:25,7003
2018-08-31 13:30,7076
2018-08-31 13:35,7142
2018-08-31 13:40,7209
2018-08-31 13:45,7296
2018-08-31 13:50,7393
2018-08-31 13:55,7420
2018-08-31 14:00,7485
2018-08-31 14:05,7538
2018-08-31 14:10,7660
2018-08-31 14:15,7706
2018-08-31 14:20,7737
2018-08-31 14:25,7794
2018-08-31 14:30,7831
2018-08-31 14:35,7865
2018-08-31 14:40,7890
2018-08-31 14:45,8012
2018-08-31 14:50,8062
2018-08-31 14:55,8075
2018-08-31 15:00,8192
2018-08-31 15:05,8260
2018-08-31 15:10,8274
2018-08-31 15:15,8420
2018-08-31 15:20,8418
2018-08-31 15:25,8273
2018-08-31 15:30,8427
2018-08-31 15:35,8507
2018-08-31 15:40,8573
2018-08-31 15:45,8549
2018-08-31 15:50,8612
2018-08-31 15:55,8675
2018-08-31 16:00,8678
2018-08-31 16:05,8744
2018-08-31 16:10,8765
2018-08-31 16:15,8875
2018-08-31 16:20,8918
2018-08-31 16:25,8929
2018-08-31 16:30,9016
2018-08-31 16:35,9036
2018-08-31 16:40,9174
2018-08-31 16:45,9237
2018-08-31 16:50,9294
2018-08-31 16:55,9301
2018-08-31 17:00,9399
2018-08-31 17:05,9495
2018-08-31 17:10,9508
2018-08-31 17:15,9598
2018-08-31 17:20,9581
2018-08-31 17:25,9638
2018-08-31 17:30,9681
2018-08-31 17:35,9744
2018-08-31 17:40,9819
2018-08-31 17:45,9841
2018-08-31 17:50,9874
2018-08-31 17:55,9882
2018-08-31 18:00,9861
2018-08-31 18:05,9978
2018-08-31 18:10,9995
2018-08-31 18:15,10072
2018-08-31 18:20,10165
2018-08-31 18:25,10228
2018-08-31 18:30,10249
2018-08-31 18:35,10257
2018-08-31 18:40,10341
2018-08-31 18:45,10409
2018-08-31 18:50,10407
2018-08-31 18:55,10469
2018-08-31 19:00,10562
2018-08-31 19:05,10612
2018-08-31 19:10,10674
2018-08-31 19:15,10776
2018-08-31 19:20,10848
2018-08-31 19:25,10882
2018-08-31 19:30,10873
2018-08-31 19:35,10931
2018-08-31 19:40,11008
2018-08-31 19:45,11011
2018-08-31 19:50,11120
2018-08-31 19:55,11173
2018-08-31 20:00,11136
2018-08-31 20:05,11111
2018-08-31 20:10,11157
2018-08-31 20:15,11218
2018-08-31 20:20,11182
2018-08-31 20:25,11194
2018-08-31 20:30,11184
2018-08-31 20:35,11114
2018-08-31 20:40,11114
2018-08-31 20:45,11066
2018-08-31 20:50,10978
2018-08-31 20:55,10993
2018-08-31 21:00,10990
2018-08-31 21:05,10986
2018-08-31 21:10,10984
2018-08-31 21:15,10945
2018-08-31 21:20,10896
2018-08-31 21:25,10839
2018-08-31 21:30,10764
2018-08-31 21:35,10750
2018-08-31 21:40,10726
2018-08-31 21:45,10724
2018-08-31 21:50,10710
2018-08-31 21:55,10644
2018-08-31 22:00,10609
2018-08-31 22:05,10610
2018-08-31 22:10,10574
2018-08-31 22:15,10494
2018-08-31 22:20,10345
2018-08-31 22:25,10247
2018-08-31 22:30,10177
2018-08-31 22:35,10125
2018-08-31 22:40,10147
2018-08-31 22:45,10020
2018-08-31 22:50,9792
2018-08-31 22:55,
2018-08-31 23:00,9576
2018-08-31 23:05,9449
2018-08-31 23:10,9360
2018-08-31 23:15,9305
2018-08-31 23:20,9258
2018-08-31 23:25,9178
2018-08-31 23:30,8978
2018-08-31 23:35,9128
2018-08-31 23:40,9048
2018-08-31 23:45,8973
2018-08-31 23:50,8973
2018-08-31 23:55,8922
2018-09-01 00:00,8834
2018-09-01 00:05,8811
2018-09-01 00:10,8729
2018-09-01 00:15,8691
2018-09-01 00:20,8695
2018-09-01 00:25,8631
2018-09-01 00:30,8586
2018-09-01 00:35,8484
2018-09-01 00:40,8454
2018-09-01 00:45,8319
2018-09-01 00:50,8323
2018-09-01 00:55,8310
2018-09-01 01:00,8306
2018-09-01 01:05,8245
2018-09-01 01:10,8161
2018-09-01 01:15,8143
2018-09-01 01:20,8092
2018-09-01 01:25,8105
2018-09-01 01:30,8122
2018-09-01 01:35,8065
2018-09-01 01:40,8097
2018-09-01 01:45,8097
2018-09-01 01:50,8117
2018-09-01 01:55,8066
2018-09-01 02:00,8081
2018-09-01 02:05,8129
2018-09-01 02:10,8058
2018-09-01 02:15,8061
2018-09-01 02:20,8072
2018-09-01 02:25,7974
2018-09-01 02:30,7980
2018-09-01 02:35,7912
2018-09-01 02:40,7905
2018-09-01 02:45,7838
2018-09-01 02:50,7797
2018-09-01 02:55,7784
2018-09-01 03:00,7736
2018-09-01 03:05,7680
2018-09-01 03:10,7684
2018-09-01 03:15,7675
2018-09-01 03:20,7637
2018-09-01 03:25,7564
2018-09-01 03:30,7494
2018-09-01 03:35,7433
2018-09-01 03:40,7382
2018-09-01 03:45,7374
2018-09-01 03:50,7362
2018-09-01 03:55,7320
2018-09-01 04:00,7256
2018-09-01 04:05,7187
2018-09-01 04:10,7117
2018-09-01 04:15,7051
2018-09-01 04:20,6969
2018-09-01 04:25,6904
2018-09-01 04:30,6823
2018-09-01 04:35,6740
2018-09-01 04:40,6660
2018-09-01 04:45,6584
2018-09-01 04:50,6527
2018-09-01 04:55,6484
2018-09-01 05:00,6378
2018-09-01 05:05,6294
2018-09-01 05:10,6164
2018-09-01 05:15,6034
2018-09-01 05:20,5942
2018-09-01 05:25,5878
2018-09-01 05:30,5785
2018-09-01 05:35,5690
2018-09-01 05:40,5587
2018-09-01 05:45,5482
2018-09-01 05:50,5399
2018-09-01 05:55,5336
2018-09-01 06:00,5222
2018-09-01 06:05,5144
2018-09-01 06:10,5097
2018-09-01 06:15,5033
2018-09-01 06:20,4923
2018-09-01 06:25,4902
2018-09-01 06:30,4829
2018-09-01 06:35,4783
2018-09-01 06:40,4764
2018-09-01 06:45,4713
2018-09-01 06:50,4701
2018-09-01 06:55,4707
2018-09-01 07:00,4628
2018-09-01 07:05,4613
2018-09-01 07:10,4607
2018-09-01 07:15,4560
2018-09-01 07:20,4548
2018-09-01 07:25,4495
2018-09-01 07:30,4423
2018-09-01 07:35,4398
2018-09-01 07:40,4400
2018-09-01 07:45,4410
2018-09-01 07:50,4362
2018-09-01 07:55,4394
2018-09-01 08:00,4344
2018-09-01 08:05,4365
2018-09-01 08:10,4351
2018-09-01 08:15,4381
2018-09-01 08:20,4364
2018-09-01 08:25,4379
2018-09-01 08:30,4368
2018-09-01 08:35,
2018-09-01 08:40,4440
2018-09-01 08:45,4489
2018-09-01 08:50,4529
2018-09-01 08:55,4566
2018-09-01 09:00,4615
2018-09-01 09:05,4749
2018-09-01 09:10,4842
2018-09-01 09:15,4925
2018-09-01 09:20,4961
2018-09-01 09:25,4982
2018-09-01 09:30,5024
2018-09-01 09:35,5109
2018-09-01 09:40,5156
2018-09-01 09:45,5213
2018-09-01 09:50,5221
2018-09-01 09:55,5243
2018-09-01 10:00,5283
2018-09-01 10:05,5327
2018-09-01 10:10,5409
2018-09-01 10:15,5488
2018-09-01 10:20,5534
2018-09-01 10:25,5556
2018-09-01 10:30,5594
2018-09-01 10:35,5708
2018-09-01 10:40,5754
2018-09-01 10:45,5810
2018-09-01 10:50,5833
2018-09-01 10:55,5844
2018-09-01 11:00,5857
2018-09-01 11:05,5956
2018-09-01 11:10,6021
2018-09-01 11:15,6064
2018-09-01 11:20,6129
2018-09-01 11:25,6135
2018-09-01 11:30,6212
2018-09-01 11:35,6237
2018-09-01 11:40,6291
2018-09-01 11:45,6380
2018-09-01 11:50,6495
2018-09-01 11:55,6565
2018-09-01 12:00,6578
2018-09-01 12:05,6642
2018-09-01 12:10,6700
2018-09-01 12:15,6821
2018-09-01 12:20,6851
2018-09-01 12:25,6911
2018-09-01 12:30,6926
2018-09-01 12:35,7020
2018-09-01 12:40,7053
2018-09-01 12:45,7067
2018-09-01 12:50,7147
2018-09-01 12:55,7251
2018-09-01 13:00,7356
2018-09-01 13:05,7441
2018-09-01 13:10,7491
2018-09-01 13:15,7590
2018-09-01 13:20,7614
2018-09-01 13:25,7715
2018-09-01 13:30,7867
2018-09-01 13:35,7957
2018-09-01 13:40,8026
2018-09-01 13:45,8147
2018-09-01 13:50,8054
2018-09-01 13:55,8250
2018-09-01 14:00,8316
2018-09-01 14:05,8368
2018-09-01 14:10,8487
2018-09-01 14:15,8567
2018-09-01 14:20,8638
2018-09-01 14:25,8671
2018-09-01 14:30,8712
2018-09-01 14:35,8835
2018-09-01 14:40,8915
2018-09-01 14:45,8925
2018-09-01 14:50,9054
2018-09-01 14:55,9178
2018-09-01 15:00,9197
2018-09-01 15:05,9216
2018-09-01 15:10,9212
2018-09-01 15:15,9307
2018-09-01 15:20,9340
2018-09-01 15:25,9363
2018-09-01 15:30,9542
2018-09-01 15:35,9647
2018-09-01 15:40,9674
2018-09-01 15:45,9721
2018-09-01 15:50,9787
2018-09-01 15:55,9806
2018-09-01 16:00,9872
2018-09-01 16:05,9878
2018-09-01 16:10,9923
2018-09-01 16:15,9965
2018-09-01 16:20,9934
2018-09-01 16:25,9999
2018-09-01 16:30,10100
2018-09-01 16:35,10106
2018-09-01 16:40,10230
2018-09-01 16:45,10191
2018-09-01 16:50,10197
2018-09-01 16:55,10234
2018-09-01 17:00,10267
2018-09-01 17:05,10328
2018-09-01 17:10,10418
2018-09-01 17:15,10501
2018-09-01 17:20,10495
2018-09-01 17:25,10517
2018-09-01 17:30,10590
2018-09-01 17:35,10670
2018-09-01 17:40,10758
2018-09-01 17:45,10776
2018-09-01 17:50,10762
2018-09-01 17:55,10807
2018-09-01 18:00,10860
2018-09-01 18:05,10901
2018-09-01 18:10,11005
2018-09-01 18:15,11116
2018-09-01 18:20,11154
2018-09-01 18:25,
2018-09-01 18:30,11183
2018-09-01 18:35,11171
2018-09-01 18:40,11233
2018-09-01 18:45,11350
2018-09-01 18:50,11345
2018-09-01 18:55,11415
2018-09-01 19:00,11426
2018-09-01 19:05,11465
2018-09-01 19:10,11481
2018-09-01 19:15,11559
2018-09-01 19:20,11592
2018-09-01 19:25,11599
2018-09-01 19:30,11610
2018-09-01 19:35,11640
2018-09-01 19:40,11628
2018-09-01 19:45,11572
2018-09-01 19:50,11639
2018-09-01 19:55,11581
2018-09-01 20:00,11612
2018-09-01 20:05,11710
2018-09-01 20:10,11685
2018-09-01 20:15,11626
2018-09-01 20:20,11573
2018-09-01 20:25,11635
2018-09-01 20:30,11635
2018-09-01 20:35,11650
2018-09-01 20:40,11587
2018-09-01 20:45,11569
2018-09-01 20:50,11654
2018-09-01 20:55,11669
2018-09-01 21:00,11622
2018-09-01 21:05,11554
2018-09-01 21:10,11473
2018-09-01 21:15,11430
2018-09-01 21:20,11337
2018-09-01 21:25,11318
2018-09-01 21:30,11244
2018-09-01 21:35,11187
2018-09-01 21:40,11046
2018-09-01 21:45,10945
2018-09-01 21:50,10825
2018-09-01 21:55,10774
2018-09-01 22:00,10702
2018-09-01 22:05,10650
2018-09-01 22:10,10519
2018-09-01 22:15,10448
2018-09-01 22:20,10343
2018-09-01 22:25,10254
2018-09-01 22:30,10126
2018-09-01 22:35,10096
2018-09-01 22:40,9953
2018-09-01 22:45,9852
2018-09-01 22:50,9788
2018-09-01 22:55,9706
2018-09-01 23:00,9629
2018-09-01 23:05,9502
2018-09-01 23:10,9429
2018-09-01 23:15,9332
2018-09-01 23:20,9241
2018-09-01 23:25,9152
2018-09-01 23:30,9084
2018-09-01 23:35,8974
2018-09-01 23:40,8935
2018-09-01 23:45,8877
2018-09-01 23:50,8796
2018-09-01 23:55,8740
2018-09-02 00:00,8729
2018-09-02 00:05,8668
2018-09-02 00:10,8519
2018-09-02 00:15,8520
2018-09-02 00:20,8404
2018-09-02 00:25,8366
2018-09-02 00:30,8305
2018-09-02 00:35,8241
2018-09-02 00:40,8197
2018-09-02 00:45,8202
2018-09-02 00:50,8207
2018-09-02 00:55,8108
2018-09-02 01:00,8101
2018-09-02 01:05,8068
2018-09-02 01:10,8085
2018-09-02 01:15,8056
2018-09-02 01:20,8048
2018-09-02 01:25,8010
2018-09-02 01:30,7974
2018-09-02 01:35,7982
2018-09-02 01:40,7907
2018-09-02 01:45,7924
2018-09-02 01:50,7921
2018-09-02 01:55,7865
2018-09-02 02:00,7869
2018-09-02 02:05,7845
2018-09-02 02:10,7879
2018-09-02 02:15,7870
2018-09-02 02:20,7847
2018-09-02 02:25,7856
2018-09-02 02:30,7846
2018-09-02 02:35,7749
2018-09-02 02:40,7779
2018-09-02 02:45,7781
2018-09-02 02:50,7787
2018-09-02 02:55,7745
2018-09-02 03:00,7762
2018-09-02 03:05,7760
2018-09-02 03:10,7746
2018-09-02 03:15,7743
2018-09-02 03:20,7703
2018-09-02 03:25,7707
2018-09-02 03:30,7604
2018-09-02 03:35,7554
2018-09-02 03:40,7531
2018-09-02 03:45,7480
2018-09-02 03:50,7470
2018-09-02 03:55,7433
2018-09-02 04:00,7323
2018-09-02 04:05,7236
2018-09-02 04:10,7208
2018-09-02 04:15,7124
2018-09-02 04:20,7034
2018-09-02 04:25,6984
2018-09-02 04:30,6891
2018-09-02 04:35,6835
2018-09-02 04:40,6766
2018-09-02 04:45,6710
2018-09-02 04:50,6650
2018-09-02 04:55,6603
2018-09-02 05:00,6433
2018-09-02 05:05,6377
2018-09-02 05:10,6332
2018-09-02 05:15,6223
2018-09-02 05:20,6202
2018-09-02 05:25,6153
2018-09-02 05:30,6036
2018-09-02 05:35,5948
2018-09-02 05:40,5836
2018-09-02 05:45,5729
2018-09-02 05:50,5635
2018-09-02 05:55,5534
2018-09-02 06:00,5462
2018-09-02 06:05,5427
2018-09-02 06:10,5333
2018-09-02 06:15,5273
2018-09-02 06:20,5254
2018-09-02 06:25,5192
2018-09-02 06:30,5150
2018-09-02 06:35,5088
2018-09-02 06:40,5036
2018-09-02 06:45,4986
2018-09-02 06:50,4907
2018-09-02 06:55,4868
2018-09-02 07:00,4844
2018-09-02 07:05,4799
2018-09-02 07:10,4776
2018-09-02 07:15,4744
2018-09-02 07:20,4727
2018-09-02 07:25,4704
2018-09-02 07:30,4721
2018-09-02 07:35,4740
2018-09-02 07:40,4706
2018-09-02 07:45,4694
2018-09-02 07:50,4715
2018-09-02 07:55,4724
2018-09-02 08:00,4728
2018-09-02 08:05,4708
2018-09-02 08:10,4739
2018-09-02 08:15,4702
2018-09-02 08:20,4696
2018-09-02 08:25,4723
2018-09-02 08:30,4787
2018-09-02 08:35,4891
2018-09-02 08:40,4926
2018-09-02 08:45,4937
2018-09-02 08:50,4963
2018-09-02 08:55,4997
2018-09-02 09:00,5035
2018-09-02 09:05,5127
2018-09-02 09:10,5188
2018-09-02 09:15,5256
2018-09-02 09:20,5317
2018-09-02 09:25,5316
2018-09-02 09:30,5375
2018-09-02 09:35,5489
2018-09-02 09:40,5587
2018-09-02 09:45,5611
2018-09-02 09:50,5711
2018-09-02 09:55,5734
2018-09-02 10:00,5763
2018-09-02 10:05,5858
2018-09-02 10:10,5903
2018-09-02 10:15,5972
2018-09-02 10:20,6065
2018-09-02 10:25,6152
2018-09-02 10:30,6179
2018-09-02 10:35,6214
2018-09-02 10:40,6247
2018-09-02 10:45,6291
2018-09-02 10:50,6315
2018-09-02 10:55,6381
2018-09-02 11:00,6434
2018-09-02 11:05,6566
2018-09-02 11:10,6595
2018-09-02 11:15,6628
2018-09-02 11:20,6629
2018-09-02 11:25,6680
2018-09-02 11:30,6687
2018-09-02 11:35,6717
2018-09-02 11:40,6765
2018-09-02 11:45,6876
2018-09-02 11:50,6934
2018-09-02 11:55,6976
2018-09-02 12:00,7035
2018-09-02 12:05,7113
2018-09-02 12:10,7201
2018-09-02 12:15,7264
2018-09-02 12:20,7296
2018-09-02 12:25,7402
2018-09-02 12:30,7419
2018-09-02 12:35,7503
2018-09-02 12:40,7555
2018-09-02 12:45,7665
2018-09-02 12:50,7730
2018-09-02 12:55,7829
2018-09-02 13:00,7852
2018-09-02 13:05,7914
2018-09-02 13:10,8012
2018-09-02 13:15,8111
2018-09-02 13:20,8187
2018-09-02 13:25,8205
2018-09-02 13:30,8320
2018-09-02 13:35,8398
2018-09-02 13:40,8452
2018-09-02 13:45,8569
2018-09-02 13:50,8649
2018-09-02 13:55,8681
2018-09-02 14:00,8789
2018-09-02 14:05,8834
2018-09-02 14:10,8857
2018-09-02 14:15,8924
2018-09-02 14:20,9015
2018-09-02 14:25,9047
2018-09-02 14:30,9172
2018-09-02 14:35,9260
2018-09-02 14:40,9336
2018-09-02 14:45,9453
2018-09-02 14:50,9569
2018-09-02 14:55,9598
2018-09-02 15:00,9694
2018-09-02 15:05,9745
2018-09-02 15:10,9817
2018-09-02 15:15,9817
2018-09-02 15:20,9973
2018-09-02 15:25,9977
2018-09-02 15:30,10031
2018-09-02 15:35,10084
2018-09-02 15:40,10159
2018-09-02 15:45,10159
2018-09-02 15:50,10312
2018-09-02 15:55,10390
2018-09-02 16:00,10432
2018-09-02 16:05,10443
2018-09-02 16:10,10478
2018-09-02 16:15,10531
2018-09-02 16:20,10586
2018-09-02 16:25,10612
2018-09-02 16:30,10636
2018-09-02 16:35,10719
2018-09-02 16:40,10803
2018-09-02 16:45,10837
2018-09-02 16:50,10837
2018-09-02 16:55,10991
2018-09-02 17:00,11035
2018-09-02 17:05,11010
2018-09-02 17:10,11050
2018-09-02 17:15,11173
2018-09-02 17:20,11226
2018-09-02 17:25,11311
2018-09-02 17:30,11390
2018-09-02 17:35,11476
2018-09-02 17:40,11544
2018-09-02 17:45,11640
2018-09-02 17:50,11767
2018-09-02 17:55,11771
2018-09-02 18:00,11867
2018-09-02 18:05,11875
2018-09-02 18:10,11938
2018-09-02 18:15,11974
2018-09-02 18:20,11994
2018-09-02 18:25,12102
2018-09-02 18:30,12159
2018-09-02 18:35,12206
2018-09-02 18:40,12223
2018-09-02 18:45,12228
2018-09-02 18:50,12246
2018-09-02 18:55,12266
2018-09-02 19:00,12322
2018-09-02 19:05,12272
2018-09-02 19:10,12232
2018-09-02 19:15,12274
2018-09-02 19:20,12239
2018-09-02 19:25,12211
2018-09-02 19:30,12220
2018-09-02 19:35,12160
2018-09-02 19:40,12100
2018-09-02 19:45,12121
2018-09-02 19:50,12037
2018-09-02 19:55,12072
2018-09-02 20:00,12017
2018-09-02 20:05,12017
2018-09-02 20:10,11907
2018-09-02 20:15,11843
2018-09-02 20:20,11740
2018-09-02 20:25,11643
2018-09-02 20:30,11561
2018-09-02 20:35,11452
2018-09-02 20:40,11394
2018-09-02 20:45,11329
2018-09-02 20:50,11229
2018-09-02 20:55,11143
2018-09-02 21:00,11059
2018-09-02 21:05,11029
2018-09-02 21:10,10977
2018-09-02 21:15,10896
2018-09-02 21:20,10857
2018-09-02 21:25,10693
2018-09-02 21:30,10693
2018-09-02 21:35,10456
2018-09-02 21:40,10403
2018-09-02 21:45,10265
2018-09-02 21:50,10221
2018-09-02 21:55,10071
2018-09-02 22:00,9995
2018-09-02 22:05,9862
2018-09-02 22:10,9769
2018-09-02 22:15,9654
2018-09-02 22:20,9613
2018-09-02 22:25,9529
2018-09-02 22:30,9504
2018-09-02 22:35,9436
2018-09-02 22:40,9340
2018-09-02 22:45,9269
2018-09-02 22:50,9267
2018-09-02 22:55,9201
2018-09-02 23:00,9145
2018-09-02 23:05,9145
2018-09-02 23:10,9069
2018-09-02 23:15,9005
2018-09-02 23:20,8867
2018-09-02 23:25,8867
2018-09-02 23:30,8697
2018-09-02 23:35,8611
2018-09-02 23:40,8543
2018-09-02 23:45,8472
2018-09-02 23:50,8411
2018-09-02 23:55,8373
2018-09-03 00:00,8324
2018-09-03 00:05,8293
2018-09-03 00:10,8254
2018-09-03 00:15,8273
2018-09-03 00:20,8248
2018-09-03 00:25,8236
2018-09-03 00:30,8231
2018-09-03 00:35,8203
2018-09-03 00:40,8187
2018-09-03 00:45,8220
2018-09-03 00:50,8232
2018-09-03 00:55,8195
2018-09-03 01:00,8149
2018-09-03 01:05,8087
2018-09-03 01:10,7992
2018-09-03 01:15,7944
2018-09-03 01:20,7865
2018-09-03 01:25,7852
2018-09-03 01:30,7875
2018-09-03 01:35,7891
2018-09-03 01:40,7901
2018-09-03 01:45,7892
2018-09-03 01:50,7871
2018-09-03 01:55,7875
2018-09-03 02:00,7819
2018-09-03 02:05,7819
2018-09-03 02:10,7834
2018-09-03 02:15,7841
2018-09-03 02:20,7809
2018-09-03 02:25,7830
2018-09-03 02:30,7747
2018-09-03 02:35,7744
2018-09-03 02:40,7689
2018-09-03 02:45,7646
2018-09-03 02:50,7543
2018-09-03 02:55,7487
2018-09-03 03:00,7382
2018-09-03 03:05,7349
2018-09-03 03:10,7336
2018-09-03 03:15,7336
2018-09-03 03:20,7190
2018-09-03 03:25,7168
2018-09-03 03:30,7102
2018-09-03 03:35,7009
2018-09-03 03:40,6906
2018-09-03 03:45,6804
2018-09-03 03:50,6779
2018-09-03 03:55,6779
2018-09-03 04:00,6602
2018-09-03 04:05,6523
2018-09-03 04:10,6451
2018-09-03 04:15,6343
2018-09-03 04:20,6230
2018-09-03 04:25,6230
2018-09-03 04:30,6115
2018-09-03 04:35,6068
2018-09-03 04:40,6000
2018-09-03 04:45,5939
2018-09-03 04:50,5837
2018-09-03 04:55,5722
2018-09-03 05:00,5645
2018-09-03 05:05,5645
2018-09-03 05:10,5520
2018-09-03 05:15,5459
2018-09-03 05:20,5393
2018-09-03 05:25,5184
2018-09-03 05:30,5099
2018-09-03 05:35,5014
2018-09-03 05:40,4935
2018-09-03 05:45,4846
2018-09-03 05:50,4785
2018-09-03 05:55,4707
2018-09-03 06:00,4632
2018-09-03 06:05,4581
2018-09-03 06:10,4533
2018-09-03 06:15,4533
2018-09-03 06:20,4492
2018-09-03 06:25,4396
2018-09-03 06:30,4303
2018-09-03 06:35,4257
2018-09-03 06:40,4257
2018-09-03 06:45,4181
2018-09-03 06:50,4157
2018-09-03 06:55,4034
2018-09-03 07:00,4011
2018-09-03 07:05,4011
2018-09-03 07:10,3953
2018-09-03 07:15,3872
2018-09-03 07:20,3779
2018-09-03 07:25,3769
2018-09-03 07:30,3737
2018-09-03 07:35,3703
2018-09-03 07:40,3680
2018-09-03 07:45,3691
2018-09-03 07:50,3655
2018-09-03 07:55,3627
2018-09-03 08:00,3600
2018-09-03 08:05,3592
2018-09-03 08:10,3592
2018-09-03 08:15,3615
2018-09-03 08:20,3562
2018-09-03 08:25,3562
2018-09-03 08:30,3586
2018-09-03 08:35,3609
2018-09-03 08:40,3618
2018-09-03 08:45,3668
2018-09-03 08:50,3664
2018-09-03 08:55,3630
2018-09-03 09:00,3671
2018-09-03 09:05,3694
2018-09-03 09:10,3803
2018-09-03 09:15,3873
2018-09-03 09:20,3940
2018-09-03 09:25,4031
2018-09-03 09:30,4060
2018-09-03 09:35,4110
2018-09-03 09:40,4164
2018-09-03 09:45,4174
2018-09-03 09:50,4221
2018-09-03 09:55,4294
2018-09-03 10:00,4308
2018-09-03 10:05,4340
2018-09-03 10:10,4388
2018-09-03 10:15,4401
2018-09-03 10:20,4438
2018-09-03 10:25,4511
2018-09-03 10:30,4514
2018-09-03 10:35,4577
2018-09-03 10:40,4617
2018-09-03 10:45,4666
2018-09-03 10:50,4707
2018-09-03 10:55,4772
2018-09-03 11:00,4783
2018-09-03 11:05,4786
2018-09-03 11:10,4808
2018-09-03 11:15,4874
2018-09-03 11:20,4964
2018-09-03 11:25,5012
2018-09-03 11:30,5069
2018-09-03 11:35,5131
2018-09-03 11:40,5180
2018-09-03 11:45,5218
2018-09-03 11:50,5294
2018-09-03 11:55,5326
2018-09-03 12:00,5338
2018-09-03 12:05,5483
2018-09-03 12:10,5483
2018-09-03 12:15,5502
2018-09-03 12:20,5530
2018-09-03 12:25,5598
2018-09-03 12:30,5621
2018-09-03 12:35,5688
2018-09-03 12:40,5746
2018-09-03 12:45,5836
2018-09-03 12:50,5880
2018-09-03 12:55,5960
2018-09-03 13:00,5998
2018-09-03 13:05,6085
2018-09-03 13:10,6163
2018-09-03 13:15,6191
2018-09-03 13:20,6353
2018-09-03 13:25,6445
2018-09-03 13:30,6525
2018-09-03 13:35,6662
2018-09-03 13:40,6766
2018-09-03 13:45,6782
2018-09-03 13:50,6951
2018-09-03 13:55,7047
2018-09-03 14:00,7137
2018-09-03 14:05,7216
2018-09-03 14:10,7300
2018-09-03 14:15,7371
2018-09-03 14:20,7421
2018-09-03 14:25,7505
2018-09-03 14:30,7605
2018-09-03 14:35,7681
2018-09-03 14:40,7720
2018-09-03 14:45,7747
2018-09-03 14:50,7791
2018-09-03 14:55,7911
2018-09-03 15:00,7997
2018-09-03 15:05,8083
2018-09-03 15:10,8172
2018-09-03 15:15,8204
2018-09-03 15:20,8299
2018-09-03 15:25,8400
2018-09-03 15:30,8463
2018-09-03 15:35,8585
2018-09-03 15:40,8659
2018-09-03 15:45,8741
2018-09-03 15:50,8750
2018-09-03 15:55,8816
2018-09-03 16:00,8845
2018-09-03 16:05,8927
2018-09-03 16:10,8983
2018-09-03 16:15,9020
2018-09-03 16:20,9083
2018-09-03 16:25,9186
2018-09-03 16:30,9300
2018-09-03 16:35,9339
2018-09-03 16:40,9392
2018-09-03 16:45,9517
2018-09-03 16:50,9642
2018-09-03 16:55,9733
2018-09-03 17:00,9820
2018-09-03 17:05,9875
2018-09-03 17:10,9908
2018-09-03 17:15,10063
2018-09-03 17:20,10228
2018-09-03 17:25,10285
2018-09-03 17:30,10431
2018-09-03 17:35,10536
2018-09-03 17:40,10662
2018-09-03 17:45,10765
2018-09-03 17:50,10872
2018-09-03 17:55,10974
2018-09-03 18:00,11087
2018-09-03 18:05,11139
2018-09-03 18:10,11139
2018-09-03 18:15,11245
2018-09-03 18:20,11327
2018-09-03 18:25,11411
2018-09-03 18:30,11443
2018-09-03 18:35,11509
2018-09-03 18:40,11628
2018-09-03 18:45,11731
2018-09-03 18:50,11800
2018-09-03 18:55,11874
2018-09-03 19:00,11907
2018-09-03 19:05,11927
2018-09-03 19:10,11875
2018-09-03 19:15,11781
2018-09-03 19:20,11762
2018-09-03 19:25,11836
2018-09-03 19:30,11892
2018-09-03 19:35,11850
2018-09-03 19:40,11807
2018-09-03 19:45,11691
2018-09-03 19:50,11751
2018-09-03 19:55,11720
2018-09-03 20:00,11661
2018-09-03 20:05,11522
2018-09-03 20:10,11434
2018-09-03 20:15,11429
2018-09-03 20:20,11434
2018-09-03 20:25,11375
2018-09-03 20:30,11316
2018-09-03 20:35,11269
2018-09-03 20:40,11047
2018-09-03 20:45,10952
2018-09-03 20:50,10903
2018-09-03 20:55,10800
2018-09-03 21:00,10725
2018-09-03 21:05,10653
2018-09-03 21:10,10471
2018-09-03 21:15,10374
2018-09-03 21:20,10372
2018-09-03 21:25,10255
2018-09-03 21:30,10197
2018-09-03 21:35,10074
2018-09-03 21:40,9993
2018-09-03 21:45,9874
2018-09-03 21:50,9823
2018-09-03 21:55,9782
2018-09-03 22:00,9680
2018-09-03 22:05,9626
2018-09-03 22:10,9556
2018-09-03 22:15,9525
2018-09-03 22:20,9419
2018-09-03 22:25,9313
2018-09-03 22:30,9238
2018-09-03 22:35,9211
2018-09-03 22:40,9112
2018-09-03 22:45,9023
2018-09-03 22:50,8977
2018-09-03 22:55,8977
2018-09-03 23:00,9005
2018-09-03 23:05,9023
2018-09-03 23:10,8954
2018-09-03 23:15,8907
2018-09-03 23:20,8834
2018-09-03 23:25,8808
2018-09-03 23:30,8749
2018-09-03 23:35,8691
2018-09-03 23:40,8703
2018-09-03 23:45,8734
2018-09-03 23:50,8685
2018-09-03 23:55,8692
2018-09-04 00:00,8704
2018-09-04 00:05,8666
2018-09-04 00:10,8696
2018-09-04 00:15,8640
2018-09-04 00:20,8582
2018-09-04 00:25,8557
2018-09-04 00:30,8550
2018-09-04 00:35,8569
2018-09-04 00:40,8516
2018-09-04 00:45,8462
2018-09-04 00:50,8473
2018-09-04 00:55,8426
2018-09-04 01:00,8386
2018-09-04 01:05,8327
2018-09-04 01:10,8276
2018-09-04 01:15,8202
2018-09-04 01:20,8165
2018-09-04 01:25,8140
2018-09-04 01:30,8067
2018-09-04 01:35,8074
2018-09-04 01:40,8028
2018-09-04 01:45,8001
2018-09-04 01:50,7963
2018-09-04 01:55,7920
2018-09-04 02:00,7852
2018-09-04 02:05,7798
2018-09-04 02:10,7754
2018-09-04 02:15,7743
2018-09-04 02:20,7602
2018-09-04 02:25,7467
2018-09-04 02:30,7435
2018-09-04 02:35,7333
2018-09-04 02:40,7295
2018-09-04 02:45,7233
2018-09-04 02:50,7144
2018-09-04 02:55,7078
2018-09-04 03:00,6996
2018-09-04 03:05,6893
2018-09-04 03:10,6747
2018-09-04 03:15,6613
2018-09-04 03:20,6537
2018-09-04 03:25,6462
2018-09-04 03:30,6364
2018-09-04 03:35,6264
2018-09-04 03:40,6138
2018-09-04 03:45,6116
2018-09-04 03:50,5986
2018-09-04 03:55,5899
2018-09-04 04:00,5789
2018-09-04 04:05,5640
2018-09-04 04:10,5546
2018-09-04 04:15,5463
2018-09-04 04:20,5369
2018-09-04 04:25,5311
2018-09-04 04:30,5215
2018-09-04 04:35,5136
2018-09-04 04:40,5033
2018-09-04 04:45,4959
2018-09-04 04:50,4875
2018-09-04 04:55,4750
2018-09-04 05:00,4673
2018-09-04 05:05,4587
2018-09-04 05:10,4482
2018-09-04 05:15,4402
2018-09-04 05:20,4296
2018-09-04 05:25,4215
2018-09-04 05:30,4147
2018-09-04 05:35,4071
2018-09-04 05:40,4002
2018-09-04 05:45,3949
2018-09-04 05:50,3888
2018-09-04 05:55,3843
2018-09-04 06:00,3788
2018-09-04 06:05,3761
2018-09-04 06:10,3690
2018-09-04 06:15,3627
2018-09-04 06:20,3568
2018-09-04 06:25,3507
2018-09-04 06:30,3446
2018-09-04 06:35,3401
2018-09-04 06:40,3330
2018-09-04 06:45,3286
2018-09-04 06:50,3264
2018-09-04 06:55,3278
2018-09-04 07:00,3264
2018-09-04 07:05,3210
2018-09-04 07:10,3154
2018-09-04 07:15,3114
2018-09-04 07:20,3095
2018-09-04 07:25,3099
2018-09-04 07:30,3101
2018-09-04 07:35,3077
2018-09-04 07:40,3021
2018-09-04 07:45,3027
2018-09-04 07:50,3011
2018-09-04 07:55,2993
2018-09-04 08:00,2992
2018-09-04 08:05,3029
2018-09-04 08:10,2992
2018-09-04 08:15,2996
2018-09-04 08:20,3036
2018-09-04 08:25,3064
2018-09-04 08:30,3094
2018-09-04 08:35,3099
2018-09-04 08:40,3116
2018-09-04 08:45,3079
2018-09-04 08:50,3069
2018-09-04 08:55,3084
2018-09-04 09:00,3107
2018-09-04 09:05,3139
2018-09-04 09:10,3252
2018-09-04 09:15,3315
2018-09-04 09:20,3337
2018-09-04 09:25,3406
2018-09-04 09:30,3459
2018-09-04 09:35,3486
2018-09-04 09:40,3534
2018-09-04 09:45,3614
2018-09-04 09:50,3645
2018-09-04 09:55,3678
2018-09-04 10:00,3738
2018-09-04 10:05,3751
2018-09-04 10:10,3769
2018-09-04 10:15,3784
2018-09-04 10:20,3835
2018-09-04 10:25,3879
2018-09-04 10:30,3947
2018-09-04 10:35,4011
2018-09-04 10:40,4035
2018-09-04 10:45,4102
2018-09-04 10:50,4120
2018-09-04 10:55,4194
2018-09-04 11:00,4249
2018-09-04 11:05,4322
2018-09-04 11:10,4306
2018-09-04 11:15,4359
2018-09-04 11:20,4428
2018-09-04 11:25,4450
2018-09-04 11:30,4474
2018-09-04 11:35,4555
2018-09-04 11:40,4624
2018-09-04 11:45,4721
2018-09-04 11:50,4793
2018-09-04 11:55,4828
2018-09-04 12:00,4891
2018-09-04 12:05,4939
2018-09-04 12:10,5017
2018-09-04 12:15,5051
2018-09-04 12:20,5102
2018-09-04 12:25,5183
2018-09-04 12:30,5260
2018-09-04 12:35,5299
2018-09-04 12:40,5271
2018-09-04 12:45,5309
2018-09-04 12:50,5337
2018-09-04 12:55,5401
2018-09-04 13:00,5441
2018-09-04 13:05,5464
2018-09-04 13:10,5465
2018-09-04 13:15,5447
2018-09-04 13:20,5440
2018-09-04 13:25,5440
2018-09-04 13:30,5452
2018-09-04 13:35,5178
2018-09-04 13:40,4012
2018-09-04 13:45,3186
2018-09-04 13:50,2370
2018-09-04 13:55,1775
2018-09-04 14:00,1521
2018-09-04 14:05,1345
2018-09-04 14:10,1369
2018-09-04 14:15,1386
2018-09-04 14:20,1390
2018-09-04 14:25,1386
2018-09-04 14:30,1453
2018-09-04 14:35,1490
2018-09-04 14:40,1520
2018-09-04 14:45,1571
2018-09-04 14:50,1623
2018-09-04 14:55,1662
2018-09-04 15:00,1724
2018-09-04 15:05,1739
2018-09-04 15:10,1778
2018-09-04 15:15,1771
2018-09-04 15:20,1802
2018-09-04 15:25,1822
2018-09-04 15:30,1867
2018-09-04 15:35,1867
2018-09-04 15:40,1793
2018-09-04 15:45,1729
2018-09-04 15:50,2091
2018-09-04 15:55,2791
2018-09-04 16:00,3613
2018-09-04 16:05,4402
2018-09-04 16:10,5174
2018-09-04 16:15,5864
2018-09-04 16:20,6500
2018-09-04 16:25,6941
2018-09-04 16:30,7391
2018-09-04 16:35,7804
2018-09-04 16:40,8212
2018-09-04 16:45,8535
2018-09-04 16:50,8828
2018-09-04 16:55,9087
2018-09-04 17:00,9349
2018-09-04 17:05,9521
2018-09-04 17:10,9694
2018-09-04 17:15,9888
2018-09-04 17:20,10074
2018-09-04 17:25,10212
2018-09-04 17:30,10355
2018-09-04 17:35,10473
2018-09-04 17:40,10596
2018-09-04 17:45,10650
2018-09-04 17:50,10696
2018-09-04 17:55,10833
2018-09-04 18:00,10907
2018-09-04 18:05,10956
2018-09-04 18:10,11006
2018-09-04 18:15,11089
2018-09-04 18:20,11101
2018-09-04 18:25,11103
2018-09-04 18:30,11091
2018-09-04 18:35,11095
2018-09-04 18:40,11150
2018-09-04 18:45,11171
2018-09-04 18:50,11131
2018-09-04 18:55,11117
2018-09-04 19:00,11175
2018-09-04 19:05,11191
2018-09-04 19:10,11223
2018-09-04 19:15,11314
2018-09-04 19:20,11246
2018-09-04 19:25,11213
2018-09-04 19:30,11189
2018-09-04 19:35,11206
2018-09-04 19:40,11202
2018-09-04 19:45,11229
2018-09-04 19:50,11137
2018-09-04 19:55,11030
2018-09-04 20:00,10992
2018-09-04 20:05,10841
2018-09-04 20:10,10660
2018-09-04 20:15,10645
2018-09-04 20:20,10555
2018-09-04 20:25,10362
2018-09-04 20:30,10253
2018-09-04 20:35,10152
2018-09-04 20:40,9984
2018-09-04 20:45,9915
2018-09-04 20:50,9818
2018-09-04 20:55,9648
2018-09-04 21:00,9439
2018-09-04 21:05,8870
2018-09-04 21:10,6995
2018-09-04 21:15,5541
2018-09-04 21:20,4127
2018-09-04 21:25,3134
2018-09-04 21:30,2530
2018-09-04 21:35,2137
2018-09-04 21:40,2070
2018-09-04 21:45,2019
2018-09-04 21:50,2013
2018-09-04 21:55,2210
2018-09-04 22:00,2566
2018-09-04 22:05,2917
2018-09-04 22:10,3509
2018-09-04 22:15,4330
2018-09-04 22:20,4967
2018-09-04 22:25,5562
2018-09-04 22:30,6092
2018-09-04 22:35,6581
2018-09-04 22:40,6907
2018-09-04 22:45,7168
2018-09-04 22:50,7409
2018-09-04 22:55,7582
2018-09-04 23:00,7760
2018-09-04 23:05,
2018-09-04 23:10,
2018-09-04 23:15,8139
2018-09-04 23:20,8380
2018-09-04 23:25,8430
2018-09-04 23:30,8530
2018-09-04 23:35,8640
2018-09-04 23:40,8643
2018-09-04 23:45,8741
2018-09-04 23:50,8782
2018-09-04 23:55,8793
2018-09-05 00:00,8768
2018-09-05 00:05,8755
2018-09-05 00:10,8741
2018-09-05 00:15,8755
2018-09-05 00:20,8755
2018-09-05 00:25,8710
2018-09-05 00:30,8675
2018-09-05 00:35,8642
2018-09-05 00:40,8688
2018-09-05 00:45,8632
2018-09-05 00:50,8595
2018-09-05 00:55,8628
2018-09-05 01:00,8614
2018-09-05 01:05,8534
2018-09-05 01:10,8482
2018-09-05 01:15,8417
2018-09-05 01:20,8409
2018-09-05 01:25,8296
2018-09-05 01:30,8221
2018-09-05 01:35,8174
2018-09-05 01:40,8164
2018-09-05 01:45,8113
2018-09-05 01:50,8112
2018-09-05 01:55,8058
2018-09-05 02:00,7917
2018-09-05 02:05,7859
2018-09-05 02:10,7830
2018-09-05 02:15,7754
2018-09-05 02:20,7649
2018-09-05 02:25,7566
2018-09-05 02:30,7486
2018-09-05 02:35,7378
2018-09-05 02:40,7340
2018-09-05 02:45,7276
2018-09-05 02:50,7165
2018-09-05 02:55,7065
2018-09-05 03:00,6952
2018-09-05 03:05,6873
2018-09-05 03:10,6797
2018-09-05 03:15,6684
2018-09-05 03:20,6556
2018-09-05 03:25,6492
2018-09-05 03:30,6419
2018-09-05 03:35,6282
2018-09-05 03:40,6177
2018-09-05 03:45,6080
2018-09-05 03:50,5986
2018-09-05 03:55,5938
2018-09-05 04:00,5835
2018-09-05 04:05,5722
2018-09-05 04:10,5645
2018-09-05 04:15,5585
2018-09-05 04:20,5512
2018-09-05 04:25,5380
2018-09-05 04:30,5262
2018-09-05 04:35,5188
2018-09-05 04:40,5077
2018-09-05 04:45,4974
2018-09-05 04:50,4917
2018-09-05 04:55,4825
2018-09-05 05:00,4734
2018-09-05 05:05,4629
2018-09-05 05:10,4546
2018-09-05 05:15,4424
2018-09-05 05:20,4363
2018-09-05 05:25,4298
2018-09-05 05:30,4232
2018-09-05 05:35,4133
2018-09-05 05:40,4058
2018-09-05 05:45,3970
2018-09-05 05:50,3934
2018-09-05 05:55,3846
2018-09-05 06:00,3750
2018-09-05 06:05,3683
2018-09-05 06:10,3633
2018-09-05 06:15,3567
2018-09-05 06:20,3481
2018-09-05 06:25,3428
2018-09-05 06:30,3426
2018-09-05 06:35,3387
2018-09-05 06:40,3339
2018-09-05 06:45,3330
2018-09-05 06:50,3277
2018-09-05 06:55,3240
2018-09-05 07:00,3191
2018-09-05 07:05,3123
2018-09-05 07:10,3125
2018-09-05 07:15,3152
2018-09-05 07:20,3153
2018-09-05 07:25,3155
2018-09-05 07:30,3162
2018-09-05 07:35,3138
2018-09-05 07:40,3184
2018-09-05 07:45,3192
2018-09-05 07:50,3162
2018-09-05 07:55,3167
2018-09-05 08:00,3161
2018-09-05 08:05,3183
2018-09-05 08:10,3198
2018-09-05 08:15,3202
2018-09-05 08:20,3185
2018-09-05 08:25,3211
2018-09-05 08:30,3214
2018-09-05 08:35,3237
2018-09-05 08:40,3243
2018-09-05 08:45,3282
2018-09-05 08:50,3298
2018-09-05 08:55,3326
2018-09-05 09:00,3333
2018-09-05 09:05,3382
2018-09-05 09:10,3454
2018-09-05 09:15,3502
2018-09-05 09:20,3590
2018-09-05 09:25,3638
2018-09-05 09:30,3724
2018-09-05 09:35,3794
2018-09-05 09:40,3815
2018-09-05 09:45,3871
2018-09-05 09:50,3895
2018-09-05 09:55,3914
2018-09-05 10:00,3966
2018-09-05 10:05,4021
2018-09-05 10:10,4066
2018-09-05 10:15,4090
2018-09-05 10:20,4131
2018-09-05 10:25,4181
2018-09-05 10:30,4239
2018-09-05 10:35,4292
2018-09-05 10:40,4336
2018-09-05 10:45,4389
2018-09-05 10:50,4479
2018-09-05 10:55,4527
2018-09-05 11:00,4588
2018-09-05 11:05,4590
2018-09-05 11:10,4679
2018-09-05 11:15,4724
2018-09-05 11:20,4804
2018-09-05 11:25,4877
2018-09-05 11:30,4953
2018-09-05 11:35,4980
2018-09-05 11:40,5040
2018-09-05 11:45,5076
2018-09-05 11:50,5125
2018-09-05 11:55,5138
2018-09-05 12:00,5178
2018-09-05 12:05,5265
2018-09-05 12:10,5274
2018-09-05 12:15,5328
2018-09-05 12:20,5367
2018-09-05 12:25,5466
2018-09-05 12:30,5506
2018-09-05 12:35,5532
2018-09-05 12:40,5571
2018-09-05 12:45,5618
2018-09-05 12:50,5735
2018-09-05 12:55,5804
2018-09-05 13:00,5878
2018-09-05 13:05,5970
2018-09-05 13:10,6065
2018-09-05 13:15,6102
2018-09-05 13:20,6167
2018-09-05 13:25,6212
2018-09-05 13:30,6305
2018-09-05 13:35,6378
2018-09-05 13:40,6517
2018-09-05 13:45,6606
2018-09-05 13:50,6651
2018-09-05 13:55,6773
2018-09-05 14:00,6819
2018-09-05 14:05,6819
2018-09-05 14:10,6920
2018-09-05 14:15,7075
2018-09-05 14:20,7075
2018-09-05 14:25,7196
2018-09-05 14:30,7287
2018-09-05 14:35,7318
2018-09-05 14:40,7352
2018-09-05 14:45,7438
2018-09-05 14:50,7477
2018-09-05 14:55,7533
2018-09-05 15:00,7568
2018-09-05 15:05,7568
2018-09-05 15:10,7677
2018-09-05 15:15,7752
2018-09-05 15:20,7796
2018-09-05 15:25,7896
2018-09-05 15:30,8016
2018-09-05 15:35,8115
2018-09-05 15:40,8126
2018-09-05 15:45,8178
2018-09-05 15:50,8243
2018-09-05 15:55,8309
2018-09-05 16:00,8338
2018-09-05 16:05,8338
2018-09-05 16:10,8467
2018-09-05 16:15,8538
2018-09-05 16:20,8618
2018-09-05 16:25,8661
2018-09-05 16:30,8715
2018-09-05 16:35,8715
2018-09-05 16:40,8769
2018-09-05 16:45,8780
2018-09-05 16:50,8857
2018-09-05 16:55,8969
2018-09-05 17:00,8954
2018-09-05 17:05,8954
2018-09-05 17:10,9009
2018-09-05 17:15,9100
2018-09-05 17:20,9156
2018-09-05 17:25,9204
2018-09-05 17:30,9191
2018-09-05 17:35,9285
2018-09-05 17:40,9417
2018-09-05 17:45,9457
2018-09-05 17:50,9557
2018-09-05 17:55,9595
2018-09-05 18:00,9750
2018-09-05 18:05,9750
2018-09-05 18:10,9879
2018-09-05 18:15,9899
2018-09-05 18:20,9928
2018-09-05 18:25,10062
2018-09-05 18:30,10153
2018-09-05 18:35,10251
2018-09-05 18:40,10301
2018-09-05 18:45,10327
2018-09-05 18:50,10320
2018-09-05 18:55,10375
2018-09-05 19:00,10419
2018-09-05 19:05,10419
2018-09-05 19:10,10452
2018-09-05 19:15,10451
2018-09-05 19:20,10475
2018-09-05 19:25,10475
2018-09-05 19:30,10430
2018-09-05 19:35,10434
2018-09-05 19:40,10461
2018-09-05 19:45,10498
2018-09-05 19:50,10436
2018-09-05 19:55,10436
2018-09-05 20:00,10300
2018-09-05 20:05,10300
2018-09-05 20:10,10226
2018-09-05 20:15,10223
2018-09-05 20:20,10101
2018-09-05 20:25,10081
2018-09-05 20:30,10112
2018-09-05 20:35,10082
2018-09-05 20:40,9996
2018-09-05 20:45,9996
2018-09-05 20:50,9921
2018-09-05 20:55,9897
2018-09-05 21:00,9839
2018-09-05 21:05,9839
2018-09-05 21:10,9599
2018-09-05 21:15,9583
2018-09-05 21:20,9583
2018-09-05 21:25,9443
2018-09-05 21:30,9322
2018-09-05 21:35,9322
2018-09-05 21:40,9219
2018-09-05 21:45,9084
2018-09-05 21:50,9084
2018-09-05 21:55,8991
2018-09-05 22:00,8829
2018-09-05 22:05,8829
2018-09-05 22:10,8669
2018-09-05 22:15,8623
2018-09-05 22:20,8562
2018-09-05 22:25,8562
2018-09-05 22:30,8480
2018-09-05 22:35,8390
2018-09-05 22:40,8346
2018-09-05 22:45,8346
2018-09-05 22:50,8249
2018-09-05 22:55,8312
2018-09-05 23:00,8291
2018-09-05 23:05,8291
2018-09-05 23:10,8243
2018-09-05 23:15,8200
2018-09-05 23:20,8175
2018-09-05 23:25,8207
2018-09-05 23:30,8196
2018-09-05 23:35,8120
2018-09-05 23:40,8072
2018-09-05 23:45,8069
2018-09-05 23:50,8045
2018-09-05 23:55,8079
2018-09-06 00:00,8005
2018-09-06 00:05,8005
2018-09-06 00:10,8002
2018-09-06 00:15,8001
2018-09-06 00:20,7955
2018-09-06 00:25,7928
2018-09-06 00:30,7902
2018-09-06 00:35,7874
2018-09-06 00:40,7907
2018-09-06 00:45,7828
2018-09-06 00:50,7817
2018-09-06 00:55,7872
2018-09-06 01:00,7830
2018-09-06 01:05,7830
2018-09-06 01:10,7743
2018-09-06 01:15,7724
2018-09-06 01:20,7687
2018-09-06 01:25,7625
2018-09-06 01:30,7577
2018-09-06 01:35,7606
2018-09-06 01:40,7569
2018-09-06 01:45,7590
2018-09-06 01:50,7628
2018-09-06 01:55,7568
2018-09-06 02:00,7526
2018-09-06 02:05,7526
2018-09-06 02:10,7376
2018-09-06 02:15,7316
2018-09-06 02:20,6493
2018-09-06 02:25,6493
2018-09-06 02:30,7196
2018-09-06 02:35,7155
2018-09-06 02:40,7046
2018-09-06 02:45,6957
2018-09-06 02:50,6957
2018-09-06 02:55,6870
2018-09-06 03:00,6698
2018-09-06 03:05,6698
2018-09-06 03:10,6609
2018-09-06 03:15,6470
2018-09-06 03:20,6470
2018-09-06 03:25,6361
2018-09-06 03:30,6295
2018-09-06 03:35,6231
2018-09-06 03:40,6122
2018-09-06 03:45,6071
2018-09-06 03:50,5941
2018-09-06 03:55,5874
2018-09-06 04:00,5645
2018-09-06 04:05,5645
2018-09-06 04:10,5556
2018-09-06 04:15,5462
2018-09-06 04:20,5418
2018-09-06 04:25,5287
2018-09-06 04:30,5205
2018-09-06 04:35,5105
2018-09-06 04:40,5012
2018-09-06 04:45,4928
2018-09-06 04:50,4853
2018-09-06 04:55,4731
2018-09-06 05:00,4531
2018-09-06 05:05,4531
2018-09-06 05:10,4435
2018-09-06 05:15,4377
2018-09-06 05:20,4273
2018-09-06 05:25,4162
2018-09-06 05:30,4103
2018-09-06 05:35,4012
2018-09-06 05:40,3916
2018-09-06 05:45,3811
2018-09-06 05:50,3811
2018-09-06 05:55,3770
2018-09-06 06:00,3653
2018-09-06 06:05,3653
2018-09-06 06:10,3582
2018-09-06 06:15,3504
2018-09-06 06:20,3500
2018-09-06 06:25,3455
2018-09-06 06:30,3422
2018-09-06 06:35,3382
2018-09-06 06:40,3372
2018-09-06 06:45,3315
2018-09-06 06:50,3260
2018-09-06 06:55,3194
2018-09-06 07:00,3145
2018-09-06 07:05,3145
2018-09-06 07:10,3166
2018-09-06 07:15,3148
2018-09-06 07:20,3123
2018-09-06 07:25,3073
2018-09-06 07:30,3049
2018-09-06 07:35,3032
2018-09-06 07:40,2998
2018-09-06 07:45,2998
2018-09-06 07:50,3029
2018-09-06 07:55,3068
2018-09-06 08:00,3025
2018-09-06 08:05,3025
2018-09-06 08:10,3039
2018-09-06 08:15,3039
2018-09-06 08:20,3030
2018-09-06 08:25,3086
2018-09-06 08:30,3082
2018-09-06 08:35,3135
2018-09-06 08:40,3156
2018-09-06 08:45,3197
2018-09-06 08:50,3237
2018-09-06 08:55,3266
2018-09-06 09:00,3268
2018-09-06 09:05,3276
2018-09-06 09:10,3340
2018-09-06 09:15,3416
2018-09-06 09:20,3430
2018-09-06 09:25,3502
2018-09-06 09:30,3506
2018-09-06 09:35,3527
2018-09-06 09:40,3576
2018-09-06 09:45,3602
2018-09-06 09:50,3647
2018-09-06 09:55,3698
2018-09-06 10:00,3716
2018-09-06 10:05,3743
2018-09-06 10:10,3778
2018-09-06 10:15,3837
2018-09-06 10:20,3916
2018-09-06 10:25,3972
2018-09-06 10:30,4005
2018-09-06 10:35,4110
2018-09-06 10:40,4137
2018-09-06 10:45,4182
2018-09-06 10:50,4190
2018-09-06 10:55,4164
2018-09-06 11:00,4186
2018-09-06 11:05,4239
2018-09-06 11:10,4268
2018-09-06 11:15,3659
2018-09-06 11:20,3315
2018-09-06 11:25,3574
2018-09-06 11:30,3731
2018-09-06 11:35,3899
2018-09-06 11:40,4068
2018-09-06 11:45,4182
2018-09-06 11:50,4290
2018-09-06 11:55,4394
2018-09-06 12:00,4493
2018-09-06 12:05,4593
2018-09-06 12:10,4657
2018-09-06 12:15,4749
2018-09-06 12:20,4879
2018-09-06 12:25,4978
2018-09-06 12:30,5054
2018-09-06 12:35,5169
2018-09-06 12:40,5263
2018-09-06 12:45,5353
2018-09-06 12:50,5430
2018-09-06 12:55,5543
2018-09-06 13:00,5583
2018-09-06 13:05,5641
2018-09-06 13:10,5745
2018-09-06 13:15,5823
2018-09-06 13:20,5876
2018-09-06 13:25,5968
2018-09-06 13:30,6035
2018-09-06 13:35,6075
2018-09-06 13:40,6176
2018-09-06 13:45,6251
2018-09-06 13:50,6332
2018-09-06 13:55,6385
2018-09-06 14:00,6478
2018-09-06 14:05,6548
2018-09-06 14:10,6603
2018-09-06 14:15,6625
2018-09-06 14:20,6734
2018-09-06 14:25,6808
2018-09-06 14:30,6877
2018-09-06 14:35,6928
2018-09-06 14:40,7017
2018-09-06 14:45,7092
2018-09-06 14:50,7104
2018-09-06 14:55,7172
2018-09-06 15:00,7198
2018-09-06 15:05,7267
2018-09-06 15:10,7358
2018-09-06 15:15,7421
2018-09-06 15:20,7489
2018-09-06 15:25,7524
2018-09-06 15:30,7591
2018-09-06 15:35,7652
2018-09-06 15:40,7701
2018-09-06 15:45,7761
2018-09-06 15:50,7803
2018-09-06 15:55,7837
2018-09-06 16:00,7875
2018-09-06 16:05,7884
2018-09-06 16:10,7883
2018-09-06 16:15,7912
2018-09-06 16:20,8011
2018-09-06 16:25,8093
2018-09-06 16:30,8153
2018-09-06 16:35,8140
2018-09-06 16:40,8190
2018-09-06 16:45,8240
2018-09-06 16:50,8297
2018-09-06 16:55,8375
2018-09-06 17:00,8451
2018-09-06 17:05,8521
2018-09-06 17:10,8601
2018-09-06 17:15,8664
2018-09-06 17:20,8741
2018-09-06 17:25,8807
2018-09-06 17:30,8839
2018-09-06 17:35,8958
2018-09-06 17:40,9019
2018-09-06 17:45,9072
2018-09-06 17:50,9103
2018-09-06 17:55,9191
2018-09-06 18:00,9244
2018-09-06 18:05,9280
2018-09-06 18:10,9340
2018-09-06 18:15,9405
2018-09-06 18:20,9412
2018-09-06 18:25,9485
2018-09-06 18:30,9506
2018-09-06 18:35,9512
2018-09-06 18:40,9553
2018-09-06 18:45,9615
2018-09-06 18:50,9583
2018-09-06 18:55,9653
2018-09-06 19:00,9663
2018-09-06 19:05,9674
2018-09-06 19:10,9664
2018-09-06 19:15,9694
2018-09-06 19:20,9716
2018-09-06 19:25,9832
2018-09-06 19:30,9895
2018-09-06 19:35,9943
2018-09-06 19:40,10006
2018-09-06 19:45,9969
2018-09-06 19:50,9973
2018-09-06 19:55,9954
2018-09-06 20:00,9972
2018-09-06 20:05,9930
2018-09-06 20:10,9940
2018-09-06 20:15,9930
2018-09-06 20:20,9901
2018-09-06 20:25,9837
2018-09-06 20:30,9824
2018-09-06 20:35,9788
2018-09-06 20:40,9754
2018-09-06 20:45,9683
2018-09-06 20:50,9679
2018-09-06 20:55,9611
2018-09-06 21:00,9617
2018-09-06 21:05,9603
2018-09-06 21:10,9523
2018-09-06 21:15,9574
2018-09-06 21:20,9527
2018-09-06 21:25,9409
2018-09-06 21:30,9292
2018-09-06 21:35,9156
2018-09-06 21:40,9096
2018-09-06 21:45,8995
2018-09-06 21:50,8885
2018-09-06 21:55,8777
2018-09-06 22:00,8725
2018-09-06 22:05,8659
2018-09-06 22:10,8552
2018-09-06 22:15,8520
2018-09-06 22:20,8462
2018-09-06 22:25,8394
2018-09-06 22:30,8313
2018-09-06 22:35,8324
2018-09-06 22:40,8236
2018-09-06 22:45,8198
2018-09-06 22:50,8102
2018-09-06 22:55,8038
2018-09-06 23:00,7972
2018-09-06 23:05,7955
2018-09-06 23:10,7890
2018-09-06 23:15,7865
2018-09-06 23:20,7860
2018-09-06 23:25,7847
2018-09-06 23:30,7808
2018-09-06 23:35,7800
2018-09-06 23:40,7767
2018-09-06 23:45,7802
2018-09-06 23:50,7771
2018-09-06 23:55,7753
2018-09-07 00:00,7719
2018-09-07 00:05,7650
2018-09-07 00:10,7599
2018-09-07 00:15,7532
2018-09-07 00:20,7544
2018-09-07 00:25,7528
2018-09-07 00:30,7515
2018-09-07 00:35,7546
2018-09-07 00:40,7519
2018-09-07 00:45,7469
2018-09-07 00:50,7461
2018-09-07 00:55,7418
2018-09-07 01:00,7413
2018-09-07 01:05,7392
2018-09-07 01:10,7401
2018-09-07 01:15,7344
2018-09-07 01:20,7364
2018-09-07 01:25,7357
2018-09-07 01:30,7302
2018-09-07 01:35,7278
2018-09-07 01:40,7288
2018-09-07 01:45,7299
2018-09-07 01:50,7338
2018-09-07 01:55,7297
2018-09-07 02:00,7238
2018-09-07 02:05,7231
2018-09-07 02:10,7212
2018-09-07 02:15,7135
2018-09-07 02:20,7090
2018-09-07 02:25,7114
2018-09-07 02:30,7100
2018-09-07 02:35,7010
2018-09-07 02:40,6969
2018-09-07 02:45,6896
2018-09-07 02:50,6844
2018-09-07 02:55,6868
2018-09-07 03:00,6816
2018-09-07 03:05,6721
2018-09-07 03:10,6667
2018-09-07 03:15,6588
2018-09-07 03:20,6542
2018-09-07 03:25,6451
2018-09-07 03:30,6377
2018-09-07 03:35,6298
2018-09-07 03:40,6198
2018-09-07 03:45,6102
2018-09-07 03:50,6090
2018-09-07 03:55,5955
2018-09-07 04:00,5840
2018-09-07 04:05,5770
2018-09-07 04:10,5690
2018-09-07 04:15,5612
2018-09-07 04:20,5495
2018-09-07 04:25,5423
2018-09-07 04:30,5348
2018-09-07 04:35,5256
2018-09-07 04:40,5231
2018-09-07 04:45,5158
2018-09-07 04:50,5030
2018-09-07 04:55,4948
2018-09-07 05:00,4885
2018-09-07 05:05,4780
2018-09-07 05:10,4661
2018-09-07 05:15,4529
2018-09-07 05:20,4359
2018-09-07 05:25,4234
2018-09-07 05:30,4126
2018-09-07 05:35,3996
2018-09-07 05:40,3924
2018-09-07 05:45,
2018-09-07 05:50,3755
2018-09-07 05:55,3753
2018-09-07 06:00,3669
2018-09-07 06:05,3642
2018-09-07 06:10,3598
2018-09-07 06:15,3579
2018-09-07 06:20,3537
2018-09-07 06:25,3482
2018-09-07 06:30,3458
2018-09-07 06:35,3425
2018-09-07 06:40,3396
2018-09-07 06:45,3357
2018-09-07 06:50,3325
2018-09-07 06:55,3315
2018-09-07 07:00,3304
2018-09-07 07:05,3256
2018-09-07 07:10,3229
2018-09-07 07:15,3196
2018-09-07 07:20,3199
2018-09-07 07:25,3205
2018-09-07 07:30,3197
2018-09-07 07:35,3166
2018-09-07 07:40,3150
2018-09-07 07:45,3142
2018-09-07 07:50,3114
2018-09-07 07:55,3107
2018-09-07 08:00,3116
2018-09-07 08:05,3109
2018-09-07 08:10,3086
2018-09-07 08:15,3086
2018-09-07 08:20,3080
2018-09-07 08:25,3056
2018-09-07 08:30,3073
2018-09-07 08:35,3102
2018-09-07 08:40,3155
2018-09-07 08:45,3214
2018-09-07 08:50,3273
2018-09-07 08:55,3295
2018-09-07 09:00,3303
2018-09-07 09:05,3351
2018-09-07 09:10,3406
2018-09-07 09:15,3508
2018-09-07 09:20,3485
2018-09-07 09:25,3551
2018-09-07 09:30,3613
2018-09-07 09:35,3630
2018-09-07 09:40,3685
2018-09-07 09:45,3724
2018-09-07 09:50,3724
2018-09-07 09:55,3795
2018-09-07 10:00,3840
2018-09-07 10:05,3891
2018-09-07 10:10,3915
2018-09-07 10:15,4012
2018-09-07 10:20,4087
2018-09-07 10:25,4138
2018-09-07 10:30,4175
2018-09-07 10:35,4229
2018-09-07 10:40,4270
2018-09-07 10:45,4318
2018-09-07 10:50,4362
2018-09-07 10:55,4421
2018-09-07 11:00,4491
2018-09-07 11:05,4539
2018-09-07 11:10,4591
2018-09-07 11:15,4626
2018-09-07 11:20,4694
2018-09-07 11:25,4774
2018-09-07 11:30,4795
2018-09-07 11:35,4889
2018-09-07 11:40,4957
2018-09-07 11:45,5027
2018-09-07 11:50,5060
2018-09-07 11:55,5117
2018-09-07 12:00,5193
2018-09-07 12:05,5286
2018-09-07 12:10,5364
2018-09-07 12:15,5297
2018-09-07 12:20,5431
2018-09-07 12:25,5472
2018-09-07 12:30,5548
2018-09-07 12:35,5601
2018-09-07 12:40,5676
2018-09-07 12:45,5788
2018-09-07 12:50,5763
2018-09-07 12:55,5906
2018-09-07 13:00,5957
2018-09-07 13:05,5959
2018-09-07 13:10,6112
2018-09-07 13:15,6164
2018-09-07 13:20,6207
2018-09-07 13:25,6329
2018-09-07 13:30,6468
2018-09-07 13:35,6576
2018-09-07 13:40,6703
2018-09-07 13:45,6769
2018-09-07 13:50,6881
2018-09-07 13:55,7007
2018-09-07 14:00,7101
2018-09-07 14:05,7132
2018-09-07 14:10,7195
2018-09-07 14:15,7280
2018-09-07 14:20,7380
2018-09-07 14:25,7434
2018-09-07 14:30,7410
2018-09-07 14:35,7386
2018-09-07 14:40,7450
2018-09-07 14:45,7543
2018-09-07 14:50,7589
2018-09-07 14:55,7687
2018-09-07 15:00,7820
2018-09-07 15:05,7919
2018-09-07 15:10,7995
2018-09-07 15:15,8077
2018-09-07 15:20,8128
2018-09-07 15:25,8186
2018-09-07 15:30,8259
2018-09-07 15:35,8301
2018-09-07 15:40,8383
2018-09-07 15:45,8439
2018-09-07 15:50,8508
2018-09-07 15:55,8598
2018-09-07 16:00,8604
2018-09-07 16:05,8590
2018-09-07 16:10,8641
2018-09-07 16:15,8707
2018-09-07 16:20,8806
2018-09-07 16:25,8849
2018-09-07 16:30,8854
2018-09-07 16:35,8904
2018-09-07 16:40,8919
2018-09-07 16:45,8970
2018-09-07 16:50,8985
2018-09-07 16:55,9067
2018-09-07 17:00,9137
2018-09-07 17:05,9165
2018-09-07 17:10,9206
2018-09-07 17:15,9311
2018-09-07 17:20,9312
2018-09-07 17:25,9344
2018-09-07 17:30,9443
2018-09-07 17:35,9486
2018-09-07 17:40,9564
2018-09-07 17:45,9638
2018-09-07 17:50,9730
2018-09-07 17:55,9760
2018-09-07 18:00,9824
2018-09-07 18:05,9861
2018-09-07 18:10,9942
2018-09-07 18:15,10039
2018-09-07 18:20,10136
2018-09-07 18:25,10172
2018-09-07 18:30,10167
2018-09-07 18:35,10204
2018-09-07 18:40,10221
2018-09-07 18:45,10302
2018-09-07 18:50,10280
2018-09-07 18:55,10325
2018-09-07 19:00,10360
2018-09-07 19:05,10280
2018-09-07 19:10,10318
2018-09-07 19:15,10327
2018-09-07 19:20,10361
2018-09-07 19:25,10392
2018-09-07 19:30,10426
2018-09-07 19:35,10566
2018-09-07 19:40,10620
2018-09-07 19:45,10657
2018-09-07 19:50,10690
2018-09-07 19:55,10742
2018-09-07 20:00,10892
2018-09-07 20:05,10953
2018-09-07 20:10,11045
2018-09-07 20:15,11030
2018-09-07 20:20,11049
2018-09-07 20:25,11093
2018-09-07 20:30,11070
2018-09-07 20:35,11062
2018-09-07 20:40,11153
2018-09-07 20:45,11189
2018-09-07 20:50,11203
2018-09-07 20:55,11228
2018-09-07 21:00,11219
2018-09-07 21:05,11208
2018-09-07 21:10,11210
2018-09-07 21:15,11171
2018-09-07 21:20,11163
2018-09-07 21:25,11143
2018-09-07 21:30,11054
2018-09-07 21:35,11017
2018-09-07 21:40,10969
2018-09-07 21:45,10886
2018-09-07 21:50,10760
2018-09-07 21:55,10740
2018-09-07 22:00,10662
2018-09-07 22:05,10613
2018-09-07 22:10,10469
2018-09-07 22:15,10407
2018-09-07 22:20,10362
2018-09-07 22:25,10285
2018-09-07 22:30,10267
2018-09-07 22:35,10159
2018-09-07 22:40,10121
2018-09-07 22:45,9968
2018-09-07 22:50,9751
2018-09-07 22:55,9582
2018-09-07 23:00,9522
2018-09-07 23:05,9412
2018-09-07 23:10,9312
2018-09-07 23:15,9256
2018-09-07 23:20,9166
2018-09-07 23:25,9155
2018-09-07 23:30,9069
2018-09-07 23:35,8989
2018-09-07 23:40,8938
2018-09-07 23:45,8837
2018-09-07 23:50,8753
2018-09-07 23:55,8770
2018-09-08 00:00,8754
2018-09-08 00:05,8684
2018-09-08 00:10,8612
2018-09-08 00:15,8601
2018-09-08 00:20,8531
2018-09-08 00:25,8480
2018-09-08 00:30,8393
2018-09-08 00:35,8391
2018-09-08 00:40,8410
2018-09-08 00:45,8364
2018-09-08 00:50,8292
2018-09-08 00:55,8291
2018-09-08 01:00,8274
2018-09-08 01:05,8232
2018-09-08 01:10,8241
2018-09-08 01:15,8218
2018-09-08 01:20,8199
2018-09-08 01:25,8200
2018-09-08 01:30,8217
2018-09-08 01:35,8211
2018-09-08 01:40,8193
2018-09-08 01:45,8165
2018-09-08 01:50,8158
2018-09-08 01:55,8145
2018-09-08 02:00,8080
2018-09-08 02:05,8071
2018-09-08 02:10,8072
2018-09-08 02:15,8098
2018-09-08 02:20,8013
2018-09-08 02:25,7971
2018-09-08 02:30,7954
2018-09-08 02:35,7978
2018-09-08 02:40,7951
2018-09-08 02:45,7933
2018-09-08 02:50,7925
2018-09-08 02:55,7905
2018-09-08 03:00,7876
2018-09-08 03:05,7836
2018-09-08 03:10,7802
2018-09-08 03:15,7741
2018-09-08 03:20,7723
2018-09-08 03:25,7697
2018-09-08 03:30,7665
2018-09-08 03:35,7633
2018-09-08 03:40,7550
2018-09-08 03:45,7522
2018-09-08 03:50,7514
2018-09-08 03:55,7469
2018-09-08 04:00,7404
2018-09-08 04:05,7372
2018-09-08 04:10,7309
2018-09-08 04:15,7230
2018-09-08 04:20,7205
2018-09-08 04:25,7197
2018-09-08 04:30,7088
2018-09-08 04:35,7031
2018-09-08 04:40,6926
2018-09-08 04:45,6861
2018-09-08 04:50,6792
2018-09-08 04:55,6765
2018-09-08 05:00,6641
2018-09-08 05:05,6566
2018-09-08 05:10,6463
2018-09-08 05:15,6409
2018-09-08 05:20,6315
2018-09-08 05:25,6181
2018-09-08 05:30,6165
2018-09-08 05:35,6062
2018-09-08 05:40,5997
2018-09-08 05:45,5929
2018-09-08 05:50,5813
2018-09-08 05:55,5726
2018-09-08 06:00,5639
2018-09-08 06:05,5525
2018-09-08 06:10,5441
2018-09-08 06:15,5318
2018-09-08 06:20,5245
2018-09-08 06:25,5166
2018-09-08 06:30,5148
2018-09-08 06:35,5106
2018-09-08 06:40,5044
2018-09-08 06:45,4986
2018-09-08 06:50,4915
2018-09-08 06:55,4867
2018-09-08 07:00,4860
2018-09-08 07:05,4781
2018-09-08 07:10,4719
2018-09-08 07:15,4710
2018-09-08 07:20,4596
2018-09-08 07:25,4614
2018-09-08 07:30,4625
2018-09-08 07:35,4618
2018-09-08 07:40,4536
2018-09-08 07:45,4503
2018-09-08 07:50,4467
2018-09-08 07:55,4497
2018-09-08 08:00,4478
2018-09-08 08:05,4469
2018-09-08 08:10,4473
2018-09-08 08:15,4488
2018-09-08 08:20,4472
2018-09-08 08:25,4475
2018-09-08 08:30,4501
2018-09-08 08:35,4501
2018-09-08 08:40,4521
2018-09-08 08:45,4592
2018-09-08 08:50,4569
2018-09-08 08:55,4587
2018-09-08 09:00,4577
2018-09-08 09:05,4655
2018-09-08 09:10,4743
2018-09-08 09:15,4862
2018-09-08 09:20,4925
2018-09-08 09:25,4978
2018-09-08 09:30,5062
2018-09-08 09:35,5140
2018-09-08 09:40,5183
2018-09-08 09:45,5176
2018-09-08 09:50,5222
2018-09-08 09:55,5306
2018-09-08 10:00,5373
2018-09-08 10:05,5466
2018-09-08 10:10,5562
2018-09-08 10:15,5621
2018-09-08 10:20,5676
2018-09-08 10:25,5777
2018-09-08 10:30,5842
2018-09-08 10:35,5851
2018-09-08 10:40,5946
2018-09-08 10:45,5946
2018-09-08 10:50,6003
2018-09-08 10:55,6098
2018-09-08 11:00,6166
2018-09-08 11:05,6184
2018-09-08 11:10,6223
2018-09-08 11:15,6296
2018-09-08 11:20,6362
2018-09-08 11:25,6400
2018-09-08 11:30,6447
2018-09-08 11:35,6520
2018-09-08 11:40,6588
2018-09-08 11:45,6592
2018-09-08 11:50,6693
2018-09-08 11:55,6751
2018-09-08 12:00,6819
2018-09-08 12:05,6882
2018-09-08 12:10,6966
2018-09-08 12:15,7007
2018-09-08 12:20,7118
2018-09-08 12:25,7207
2018-09-08 12:30,7266
2018-09-08 12:35,7302
2018-09-08 12:40,7332
2018-09-08 12:45,7423
2018-09-08 12:50,7476
2018-09-08 12:55,7555
2018-09-08 13:00,7643
2018-09-08 13:05,7703
2018-09-08 13:10,7804
2018-09-08 13:15,7895
2018-09-08 13:20,7966
2018-09-08 13:25,8059
2018-09-08 13:30,8171
2018-09-08 13:35,8300
2018-09-08 13:40,8388
2018-09-08 13:45,8446
2018-09-08 13:50,8500
2018-09-08 13:55,8609
2018-09-08 14:00,8736
2018-09-08 14:05,8717
2018-09-08 14:10,8760
2018-09-08 14:15,8794
2018-09-08 14:20,8815
2018-09-08 14:25,9020
2018-09-08 14:30,9076
2018-09-08 14:35,9123
2018-09-08 14:40,9155
2018-09-08 14:45,9242
2018-09-08 14:50,9312
2018-09-08 14:55,9392
2018-09-08 15:00,9403
2018-09-08 15:05,9475
2018-09-08 15:10,9530
2018-09-08 15:15,9537
2018-09-08 15:20,9631
2018-09-08 15:25,9677
2018-09-08 15:30,9714
2018-09-08 15:35,9782
2018-09-08 15:40,9839
2018-09-08 15:45,9855
2018-09-08 15:50,9952
2018-09-08 15:55,10017
2018-09-08 16:00,10089
2018-09-08 16:05,10107
2018-09-08 16:10,10111
2018-09-08 16:15,10136
2018-09-08 16:20,10166
2018-09-08 16:25,10214
2018-09-08 16:30,10344
2018-09-08 16:35,10389
2018-09-08 16:40,10392
2018-09-08 16:45,10426
2018-09-08 16:50,10433
2018-09-08 16:55,10542
2018-09-08 17:00,10622
2018-09-08 17:05,10615
2018-09-08 17:10,10683
2018-09-08 17:15,10834
2018-09-08 17:20,10836
2018-09-08 17:25,10884
2018-09-08 17:30,10926
2018-09-08 17:35,10958
2018-09-08 17:40,11016
2018-09-08 17:45,10999
2018-09-08 17:50,11102
2018-09-08 17:55,11162
2018-09-08 18:00,11226
2018-09-08 18:05,11284
2018-09-08 18:10,11288
2018-09-08 18:15,11314
2018-09-08 18:20,11277
2018-09-08 18:25,11282
2018-09-08 18:30,11342
2018-09-08 18:35,11378
2018-09-08 18:40,11426
2018-09-08 18:45,11456
2018-09-08 18:50,11494
2018-09-08 18:55,11575
2018-09-08 19:00,11573
2018-09-08 19:05,11593
2018-09-08 19:10,11628
2018-09-08 19:15,11615
2018-09-08 19:20,11675
2018-09-08 19:25,11672
2018-09-08 19:30,11677
2018-09-08 19:35,11718
2018-09-08 19:40,11704
2018-09-08 19:45,11732
2018-09-08 19:50,11749
2018-09-08 19:55,11728
2018-09-08 20:00,11721
2018-09-08 20:05,11686
2018-09-08 20:10,11679
2018-09-08 20:15,11632
2018-09-08 20:20,11691
2018-09-08 20:25,11624
2018-09-08 20:30,11621
2018-09-08 20:35,11580
2018-09-08 20:40,11552
2018-09-08 20:45,11590
2018-09-08 20:50,11571
2018-09-08 20:55,11524
2018-09-08 21:00,11490
2018-09-08 21:05,11488
2018-09-08 21:10,11461
2018-09-08 21:15,11419
2018-09-08 21:20,11390
2018-09-08 21:25,11397
2018-09-08 21:30,11309
2018-09-08 21:35,11255
2018-09-08 21:40,11217
2018-09-08 21:45,11204
2018-09-08 21:50,11123
2018-09-08 21:55,11020
2018-09-08 22:00,10988
2018-09-08 22:05,10874
2018-09-08 22:10,10802
2018-09-08 22:15,10668
2018-09-08 22:20,10580
2018-09-08 22:25,10525
2018-09-08 22:30,10393
2018-09-08 22:35,10306
2018-09-08 22:40,10175
2018-09-08 22:45,10125
2018-09-08 22:50,10053
2018-09-08 22:55,9947
2018-09-08 23:00,9890
2018-09-08 23:05,9839
2018-09-08 23:10,9737
2018-09-08 23:15,9644
2018-09-08 23:20,9563
2018-09-08 23:25,9479
2018-09-08 23:30,9359
2018-09-08 23:35,9313
2018-09-08 23:40,9279
2018-09-08 23:45,9222
2018-09-08 23:50,9144
2018-09-08 23:55,9080
2018-09-09 00:00,9045
2018-09-09 00:05,8989
2018-09-09 00:10,8929
2018-09-09 00:15,8831
2018-09-09 00:20,8819
2018-09-09 00:25,8712
2018-09-09 00:30,8736
2018-09-09 00:35,8728
2018-09-09 00:40,8647
2018-09-09 00:45,8623
2018-09-09 00:50,8569
2018-09-09 00:55,8503
2018-09-09 01:00,8422
2018-09-09 01:05,8420
2018-09-09 01:10,8396
2018-09-09 01:15,8325
2018-09-09 01:20,8255
2018-09-09 01:25,8249
2018-09-09 01:30,8266
2018-09-09 01:35,8284
2018-09-09 01:40,8301
2018-09-09 01:45,8268
2018-09-09 01:50,8313
2018-09-09 01:55,8317
2018-09-09 02:00,8254
2018-09-09 02:05,8215
2018-09-09 02:10,8278
2018-09-09 02:15,8267
2018-09-09 02:20,8258
2018-09-09 02:25,8223
2018-09-09 02:30,8194
2018-09-09 02:35,8134
2018-09-09 02:40,8146
2018-09-09 02:45,8112
2018-09-09 02:50,8064
2018-09-09 02:55,8052
2018-09-09 03:00,8034
2018-09-09 03:05,8019
2018-09-09 03:10,7994
2018-09-09 03:15,7948
2018-09-09 03:20,7998
2018-09-09 03:25,7966
2018-09-09 03:30,7922
2018-09-09 03:35,7837
2018-09-09 03:40,7773
2018-09-09 03:45,7718
2018-09-09 03:50,7638
2018-09-09 03:55,7567
2018-09-09 04:00,7504
2018-09-09 04:05,7470
2018-09-09 04:10,7440
2018-09-09 04:15,7400
2018-09-09 04:20,7373
2018-09-09 04:25,7323
2018-09-09 04:30,7268
2018-09-09 04:35,7189
2018-09-09 04:40,7096
2018-09-09 04:45,6993
2018-09-09 04:50,6927
2018-09-09 04:55,6857
2018-09-09 05:00,6814
2018-09-09 05:05,6766
2018-09-09 05:10,6652
2018-09-09 05:15,6571
2018-09-09 05:20,6494
2018-09-09 05:25,6402
2018-09-09 05:30,6323
2018-09-09 05:35,6248
2018-09-09 05:40,6126
2018-09-09 05:45,6054
2018-09-09 05:50,6008
2018-09-09 05:55,5920
2018-09-09 06:00,5840
2018-09-09 06:05,5741
2018-09-09 06:10,5633
2018-09-09 06:15,5547
2018-09-09 06:20,5424
2018-09-09 06:25,5378
2018-09-09 06:30,5335
2018-09-09 06:35,5234
2018-09-09 06:40,5197
2018-09-09 06:45,5124
2018-09-09 06:50,5044
2018-09-09 06:55,4982
2018-09-09 07:00,4963
2018-09-09 07:05,4945
2018-09-09 07:10,4930
2018-09-09 07:15,4853
2018-09-09 07:20,4833
2018-09-09 07:25,4829
2018-09-09 07:30,4845
2018-09-09 07:35,4877
2018-09-09 07:40,4898
2018-09-09 07:45,4874
2018-09-09 07:50,4856
2018-09-09 07:55,4792
2018-09-09 08:00,4787
2018-09-09 08:05,4787
2018-09-09 08:10,4809
2018-09-09 08:15,4797
2018-09-09 08:20,4786
2018-09-09 08:25,4829
2018-09-09 08:30,4850
2018-09-09 08:35,4893
2018-09-09 08:40,4910
2018-09-09 08:45,4941
2018-09-09 08:50,4993
2018-09-09 08:55,4985
2018-09-09 09:00,5001
2018-09-09 09:05,5024
2018-09-09 09:10,5130
2018-09-09 09:15,5262
2018-09-09 09:20,5291
2018-09-09 09:25,5391
2018-09-09 09:30,5463
2018-09-09 09:35,5518
2018-09-09 09:40,5575
2018-09-09 09:45,5641
2018-09-09 09:50,5734
2018-09-09 09:55,5802
2018-09-09 10:00,5844
2018-09-09 10:05,5937
2018-09-09 10:10,6009
2018-09-09 10:15,6092
2018-09-09 10:20,6139
2018-09-09 10:25,6163
2018-09-09 10:30,6203
2018-09-09 10:35,6251
2018-09-09 10:40,6339
2018-09-09 10:45,6442
2018-09-09 10:50,6491
2018-09-09 10:55,6610
2018-09-09 11:00,6620
2018-09-09 11:05,6680
2018-09-09 11:10,6711
2018-09-09 11:15,6719
2018-09-09 11:20,6751
2018-09-09 11:25,6773
2018-09-09 11:30,6831
2018-09-09 11:35,6878
2018-09-09 11:40,6919
2018-09-09 11:45,7007
2018-09-09 11:50,7069
2018-09-09 11:55,7113
2018-09-09 12:00,7200
2018-09-09 12:05,7254
2018-09-09 12:10,7339
2018-09-09 12:15,7339
2018-09-09 12:20,7452
2018-09-09 12:25,7493
2018-09-09 12:30,7564
2018-09-09 12:35,7597
2018-09-09 12:40,7657
2018-09-09 12:45,7755
2018-09-09 12:50,7790
2018-09-09 12:55,7873
2018-09-09 13:00,7909
2018-09-09 13:05,7993
2018-09-09 13:10,8011
2018-09-09 13:15,8112
2018-09-09 13:20,8176
2018-09-09 13:25,8234
2018-09-09 13:30,8265
2018-09-09 13:35,8386
2018-09-09 13:40,8514
2018-09-09 13:45,8638
2018-09-09 13:50,8714
2018-09-09 13:55,8730
2018-09-09 14:00,8879
2018-09-09 14:05,8952
2018-09-09 14:10,9006
2018-09-09 14:15,9057
2018-09-09 14:20,9187
2018-09-09 14:25,9241
2018-09-09 14:30,9269
2018-09-09 14:35,9446
2018-09-09 14:40,9529
2018-09-09 14:45,9614
2018-09-09 14:50,9645
2018-09-09 14:55,9726
2018-09-09 15:00,9763
2018-09-09 15:05,9782
2018-09-09 15:10,9795
2018-09-09 15:15,9858
2018-09-09 15:20,9961
2018-09-09 15:25,10025
2018-09-09 15:30,10071
2018-09-09 15:35,10156
2018-09-09 15:40,10195
2018-09-09 15:45,10300
2018-09-09 15:50,10371
2018-09-09 15:55,10456
2018-09-09 16:00,10517
2018-09-09 16:05,10566
2018-09-09 16:10,10593
2018-09-09 16:15,10653
2018-09-09 16:20,10726
2018-09-09 16:25,10792
2018-09-09 16:30,10804
2018-09-09 16:35,10938
2018-09-09 16:40,10958
2018-09-09 16:45,11013
2018-09-09 16:50,11123
2018-09-09 16:55,11198
2018-09-09 17:00,11263
2018-09-09 17:05,11337
2018-09-09 17:10,11425
2018-09-09 17:15,11591
2018-09-09 17:20,11538
2018-09-09 17:25,11662
2018-09-09 17:30,11746
2018-09-09 17:35,11813
2018-09-09 17:40,11840
2018-09-09 17:45,11892
2018-09-09 17:50,11924
2018-09-09 17:55,11923
2018-09-09 18:00,12074
2018-09-09 18:05,12168
2018-09-09 18:10,12242
2018-09-09 18:15,12296
2018-09-09 18:20,12342
2018-09-09 18:25,12392
2018-09-09 18:30,12503
2018-09-09 18:35,12471
2018-09-09 18:40,12504
2018-09-09 18:45,12484
2018-09-09 18:50,12538
2018-09-09 18:55,12605
2018-09-09 19:00,12598
2018-09-09 19:05,12632
2018-09-09 19:10,12577
2018-09-09 19:15,12484
2018-09-09 19:20,12434
2018-09-09 19:25,12380
2018-09-09 19:30,12344
2018-09-09 19:35,12404
2018-09-09 19:40,12421
2018-09-09 19:45,12386
2018-09-09 19:50,12382
2018-09-09 19:55,12315
2018-09-09 20:00,12268
2018-09-09 20:05,12114
2018-09-09 20:10,12097
2018-09-09 20:15,11949
2018-09-09 20:20,11962
2018-09-09 20:25,11852
2018-09-09 20:30,11810
2018-09-09 20:35,11820
2018-09-09 20:40,11870
2018-09-09 20:45,11781
2018-09-09 20:50,11705
2018-09-09 20:55,11586
2018-09-09 21:00,11566
2018-09-09 21:05,11434
2018-09-09 21:10,11317
2018-09-09 21:15,11231
2018-09-09 21:20,11160
2018-09-09 21:25,11087
2018-09-09 21:30,10988
2018-09-09 21:35,10953
2018-09-09 21:40,10858
2018-09-09 21:45,10763
2018-09-09 21:50,10634
2018-09-09 21:55,10507
2018-09-09 22:00,10360
2018-09-09 22:05,10251
2018-09-09 22:10,10161
2018-09-09 22:15,10010
2018-09-09 22:20,9919
2018-09-09 22:25,9843
2018-09-09 22:30,9773
2018-09-09 22:35,9758
2018-09-09 22:40,9596
2018-09-09 22:45,9534
2018-09-09 22:50,9478
2018-09-09 22:55,9408
2018-09-09 23:00,9365
2018-09-09 23:05,9357
2018-09-09 23:10,9247
2018-09-09 23:15,9196
2018-09-09 23:20,9134
2018-09-09 23:25,9096
2018-09-09 23:30,9040
2018-09-09 23:35,9014
2018-09-09 23:40,8977
2018-09-09 23:45,8907
2018-09-09 23:50,8789
2018-09-09 23:55,8709
2018-09-10 00:00,8712
2018-09-10 00:05,8678
2018-09-10 00:10,8642
2018-09-10 00:15,8611
2018-09-10 00:20,8612
2018-09-10 00:25,8582
2018-09-10 00:30,8571
2018-09-10 00:35,8557
2018-09-10 00:40,8511
2018-09-10 00:45,8411
2018-09-10 00:50,8377
2018-09-10 00:55,8347
2018-09-10 01:00,8310
2018-09-10 01:05,8307
2018-09-10 01:10,8246
2018-09-10 01:15,8250
2018-09-10 01:20,8218
2018-09-10 01:25,8203
2018-09-10 01:30,8177
2018-09-10 01:35,8122
2018-09-10 01:40,8072
2018-09-10 01:45,8015
2018-09-10 01:50,7944
2018-09-10 01:55,7899
2018-09-10 02:00,7851
2018-09-10 02:05,7858
2018-09-10 02:10,7782
2018-09-10 02:15,7711
2018-09-10 02:20,7633
2018-09-10 02:25,7538
2018-09-10 02:30,7418
2018-09-10 02:35,7360
2018-09-10 02:40,7330
2018-09-10 02:45,7233
2018-09-10 02:50,7139
2018-09-10 02:55,7038
2018-09-10 03:00,6902
2018-09-10 03:05,6722
2018-09-10 03:10,6668
2018-09-10 03:15,6539
2018-09-10 03:20,6432
2018-09-10 03:25,6349
2018-09-10 03:30,6207
2018-09-10 03:35,6121
2018-09-10 03:40,6068
2018-09-10 03:45,5985
2018-09-10 03:50,5904
2018-09-10 03:55,5811
2018-09-10 04:00,5731
2018-09-10 04:05,5663
2018-09-10 04:10,5534
2018-09-10 04:15,5437
2018-09-10 04:20,5321
2018-09-10 04:25,5304
2018-09-10 04:30,5190
2018-09-10 04:35,5086
2018-09-10 04:40,4986
2018-09-10 04:45,4870
2018-09-10 04:50,4783
2018-09-10 04:55,4709
2018-09-10 05:00,4655
2018-09-10 05:05,4532
2018-09-10 05:10,4402
2018-09-10 05:15,4316
2018-09-10 05:20,4244
2018-09-10 05:25,4179
2018-09-10 05:30,4139
2018-09-10 05:35,4059
2018-09-10 05:40,3921
2018-09-10 05:45,3894
2018-09-10 05:50,3852
2018-09-10 05:55,3775
2018-09-10 06:00,3722
2018-09-10 06:05,3682
2018-09-10 06:10,3608
2018-09-10 06:15,3580
2018-09-10 06:20,3549
2018-09-10 06:25,3504
2018-09-10 06:30,3468
2018-09-10 06:35,3432
2018-09-10 06:40,3402
2018-09-10 06:45,3355
2018-09-10 06:50,3353
2018-09-10 06:55,3313
2018-09-10 07:00,3244
2018-09-10 07:05,3226
2018-09-10 07:10,3205
2018-09-10 07:15,3146
2018-09-10 07:20,3127
2018-09-10 07:25,3090
2018-09-10 07:30,3074
2018-09-10 07:35,3049
2018-09-10 07:40,3011
2018-09-10 07:45,3028
2018-09-10 07:50,2992
2018-09-10 07:55,3003
2018-09-10 08:00,2959
2018-09-10 08:05,2948
2018-09-10 08:10,2990
2018-09-10 08:15,2978
2018-09-10 08:20,2974
2018-09-10 08:25,2998
2018-09-10 08:30,3006
2018-09-10 08:35,3005
2018-09-10 08:40,2999
2018-09-10 08:45,3019
2018-09-10 08:50,3019
2018-09-10 08:55,3065
2018-09-10 09:00,3069
2018-09-10 09:05,3092
2018-09-10 09:10,3150
2018-09-10 09:15,3193
2018-09-10 09:20,3254
2018-09-10 09:25,3331
2018-09-10 09:30,3351
2018-09-10 09:35,3409
2018-09-10 09:40,3435
2018-09-10 09:45,3454
2018-09-10 09:50,3502
2018-09-10 09:55,3538
2018-09-10 10:00,3539
2018-09-10 10:05,3578
2018-09-10 10:10,3631
2018-09-10 10:15,3679
2018-09-10 10:20,3731
2018-09-10 10:25,3781
2018-09-10 10:30,3812
2018-09-10 10:35,3839
2018-09-10 10:40,3902
2018-09-10 10:45,3962
2018-09-10 10:50,3978
2018-09-10 10:55,4009
2018-09-10 11:00,4075
2018-09-10 11:05,4143
2018-09-10 11:10,4176
2018-09-10 11:15,4188
2018-09-10 11:20,4269
2018-09-10 11:25,4330
2018-09-10 11:30,4362
2018-09-10 11:35,4421
2018-09-10 11:40,4503
2018-09-10 11:45,4575
2018-09-10 11:50,4597
2018-09-10 11:55,4647
2018-09-10 12:00,4683
2018-09-10 12:05,4757
2018-09-10 12:10,4802
2018-09-10 12:15,4825
2018-09-10 12:20,4883
2018-09-10 12:25,4927
2018-09-10 12:30,4997
2018-09-10 12:35,5029
2018-09-10 12:40,5030
2018-09-10 12:45,5033
2018-09-10 12:50,5131
2018-09-10 12:55,5222
2018-09-10 13:00,5317
2018-09-10 13:05,5392
2018-09-10 13:10,5473
2018-09-10 13:15,5549
2018-09-10 13:20,5647
2018-09-10 13:25,5707
2018-09-10 13:30,5806
2018-09-10 13:35,5831
2018-09-10 13:40,5991
2018-09-10 13:45,6055
2018-09-10 13:50,6158
2018-09-10 13:55,6220
2018-09-10 14:00,6379
2018-09-10 14:05,6468
2018-09-10 14:10,6529
2018-09-10 14:15,6464
2018-09-10 14:20,6590
2018-09-10 14:25,6607
2018-09-10 14:30,6696
2018-09-10 14:35,6722
2018-09-10 14:40,6790
2018-09-10 14:45,6906
2018-09-10 14:50,6993
2018-09-10 14:55,7070
2018-09-10 15:00,7170
2018-09-10 15:05,7239
2018-09-10 15:10,7305
2018-09-10 15:15,7334
2018-09-10 15:20,7350
2018-09-10 15:25,7365
2018-09-10 15:30,7412
2018-09-10 15:35,7491
2018-09-10 15:40,7522
2018-09-10 15:45,7592
2018-09-10 15:50,7643
2018-09-10 15:55,7746
2018-09-10 16:00,7782
2018-09-10 16:05,7860
2018-09-10 16:10,7916
2018-09-10 16:15,8061
2018-09-10 16:20,8167
2018-09-10 16:25,8272
2018-09-10 16:30,8336
2018-09-10 16:35,8460
2018-09-10 16:40,8574
2018-09-10 16:45,8672
2018-09-10 16:50,8778
2018-09-10 16:55,8928
2018-09-10 17:00,8941
2018-09-10 17:05,8991
2018-09-10 17:10,9111
2018-09-10 17:15,9175
2018-09-10 17:20,9244
2018-09-10 17:25,9341
2018-09-10 17:30,9433
2018-09-10 17:35,9535
2018-09-10 17:40,9667
2018-09-10 17:45,9728
2018-09-10 17:50,9866
2018-09-10 17:55,9878
2018-09-10 18:00,9924
2018-09-10 18:05,9860
2018-09-10 18:10,9955
2018-09-10 18:15,10045
2018-09-10 18:20,10055
2018-09-10 18:25,10081
2018-09-10 18:30,10119
2018-09-10 18:35,10136
2018-09-10 18:40,10123
2018-09-10 18:45,10085
2018-09-10 18:50,10042
2018-09-10 18:55,10056
2018-09-10 19:00,10120
2018-09-10 19:05,10056
2018-09-10 19:10,10083
2018-09-10 19:15,10063
2018-09-10 19:20,10103
2018-09-10 19:25,10121
2018-09-10 19:30,10214
2018-09-10 19:35,10226
2018-09-10 19:40,10289
2018-09-10 19:45,10236
2018-09-10 19:50,10159
2018-09-10 19:55,10101
2018-09-10 20:00,10080
2018-09-10 20:05,10033
2018-09-10 20:10,9930
2018-09-10 20:15,9817
2018-09-10 20:20,9721
2018-09-10 20:25,9698
2018-09-10 20:30,9645
2018-09-10 20:35,9593
2018-09-10 20:40,9537
2018-09-10 20:45,9462
2018-09-10 20:50,9468
2018-09-10 20:55,9434
2018-09-10 21:00,9366
2018-09-10 21:05,9317
2018-09-10 21:10,9259
2018-09-10 21:15,9183
2018-09-10 21:20,9113
2018-09-10 21:25,9075
2018-09-10 21:30,9042
2018-09-10 21:35,9046
2018-09-10 21:40,8974
2018-09-10 21:45,8931
2018-09-10 21:50,8975
2018-09-10 21:55,8923
2018-09-10 22:00,8873
2018-09-10 22:05,8729
2018-09-10 22:10,8610
2018-09-10 22:15,8572
2018-09-10 22:20,8491
2018-09-10 22:25,8432
2018-09-10 22:30,8376
2018-09-10 22:35,8303
2018-09-10 22:40,8292
2018-09-10 22:45,8239
2018-09-10 22:50,8135
2018-09-10 22:55,8119
2018-09-10 23:00,8123
2018-09-10 23:05,8085
2018-09-10 23:10,8086
2018-09-10 23:15,8072
2018-09-10 23:20,8022
2018-09-10 23:25,7988
2018-09-10 23:30,7942
2018-09-10 23:35,7882
2018-09-10 23:40,7865
2018-09-10 23:45,7870
2018-09-10 23:50,7764
2018-09-10 23:55,7700
2018-09-11 00:00,7631
2018-09-11 00:05,7598
2018-09-11 00:10,7558
2018-09-11 00:15,7561
2018-09-11 00:20,7587
2018-09-11 00:25,7578
2018-09-11 00:30,7613
2018-09-11 00:35,7589
2018-09-11 00:40,7585
2018-09-11 00:45,7574
2018-09-11 00:50,7561
2018-09-11 00:55,7544
2018-09-11 01:00,7574
2018-09-11 01:05,7512
2018-09-11 01:10,7562
2018-09-11 01:15,7595
2018-09-11 01:20,7611
2018-09-11 01:25,7606
2018-09-11 01:30,7624
2018-09-11 01:35,7642
2018-09-11 01:40,7606
2018-09-11 01:45,7486
2018-09-11 01:50,7418
2018-09-11 01:55,7407
2018-09-11 02:00,7302
2018-09-11 02:05,7216
2018-09-11 02:10,7157
2018-09-11 02:15,7142
2018-09-11 02:20,7076
2018-09-11 02:25,7012
2018-09-11 02:30,6941
2018-09-11 02:35,6917
2018-09-11 02:40,6819
2018-09-11 02:45,6766
2018-09-11 02:50,6646
2018-09-11 02:55,6560
2018-09-11 03:00,6483
2018-09-11 03:05,6402
2018-09-11 03:10,6291
2018-09-11 03:15,6236
2018-09-11 03:20,6176
2018-09-11 03:25,6071
2018-09-11 03:30,5986
2018-09-11 03:35,5905
2018-09-11 03:40,5846
2018-09-11 03:45,5716
2018-09-11 03:50,5585
2018-09-11 03:55,5530
2018-09-11 04:00,5468
2018-09-11 04:05,5331
2018-09-11 04:10,5214
2018-09-11 04:15,5117
2018-09-11 04:20,5033
2018-09-11 04:25,4952
2018-09-11 04:30,4846
2018-09-11 04:35,4805
2018-09-11 04:40,4739
2018-09-11 04:45,4659
2018-09-11 04:50,4598
2018-09-11 04:55,4516
2018-09-11 05:00,4364
2018-09-11 05:05,4296
2018-09-11 05:10,4217
2018-09-11 05:15,4131
2018-09-11 05:20,4037
2018-09-11 05:25,3973
2018-09-11 05:30,3875
2018-09-11 05:35,3806
2018-09-11 05:40,3760
2018-09-11 05:45,3692
2018-09-11 05:50,3682
2018-09-11 05:55,3641
2018-09-11 06:00,3615
2018-09-11 06:05,3556
2018-09-11 06:10,3530
2018-09-11 06:15,3469
2018-09-11 06:20,3393
2018-09-11 06:25,3372
2018-09-11 06:30,3313
2018-09-11 06:35,3300
2018-09-11 06:40,3269
2018-09-11 06:45,3224
2018-09-11 06:50,3181
2018-09-11 06:55,3146
2018-09-11 07:00,3122
2018-09-11 07:05,3109
2018-09-11 07:10,3067
2018-09-11 07:15,3050
2018-09-11 07:20,3038
2018-09-11 07:25,3016
2018-09-11 07:30,3001
2018-09-11 07:35,2983
2018-09-11 07:40,2977
2018-09-11 07:45,2975
2018-09-11 07:50,2927
2018-09-11 07:55,2926
2018-09-11 08:00,2926
2018-09-11 08:05,2936
2018-09-11 08:10,2921
2018-09-11 08:15,2920
2018-09-11 08:20,2900
2018-09-11 08:25,2930
2018-09-11 08:30,2973
2018-09-11 08:35,2984
2018-09-11 08:40,3021
2018-09-11 08:45,3021
2018-09-11 08:50,3069
2018-09-11 08:55,3092
2018-09-11 09:00,3106
2018-09-11 09:05,3140
2018-09-11 09:10,3216
2018-09-11 09:15,3296
2018-09-11 09:20,3337
2018-09-11 09:25,3404
2018-09-11 09:30,3485
2018-09-11 09:35,3535
2018-09-11 09:40,3584
2018-09-11 09:45,3626
2018-09-11 09:50,3633
2018-09-11 09:55,3641
2018-09-11 10:00,3645
2018-09-11 10:05,3648
2018-09-11 10:10,3685
2018-09-11 10:15,3691
2018-09-11 10:20,3739
2018-09-11 10:25,3792
2018-09-11 10:30,3856
2018-09-11 10:35,3928
2018-09-11 10:40,3950
2018-09-11 10:45,3986
2018-09-11 10:50,4014
2018-09-11 10:55,4054
2018-09-11 11:00,4095
2018-09-11 11:05,4187
2018-09-11 11:10,4195
2018-09-11 11:15,4231
2018-09-11 11:20,4269
2018-09-11 11:25,4268
2018-09-11 11:30,4332
2018-09-11 11:35,4375
2018-09-11 11:40,4419
2018-09-11 11:45,4547
2018-09-11 11:50,4607
2018-09-11 11:55,4635
2018-09-11 12:00,4664
2018-09-11 12:05,4694
2018-09-11 12:10,4770
2018-09-11 12:15,4859
2018-09-11 12:20,4929
2018-09-11 12:25,4973
2018-09-11 12:30,4997
2018-09-11 12:35,5094
2018-09-11 12:40,5141
2018-09-11 12:45,5204
2018-09-11 12:50,5243
2018-09-11 12:55,5348
2018-09-11 13:00,5414
2018-09-11 13:05,5458
2018-09-11 13:10,5500
2018-09-11 13:15,5606
2018-09-11 13:20,5678
2018-09-11 13:25,5851
2018-09-11 13:30,5898
2018-09-11 13:35,5959
2018-09-11 13:40,6020
2018-09-11 13:45,6076
2018-09-11 13:50,6226
2018-09-11 13:55,6322
2018-09-11 14:00,6397
2018-09-11 14:05,6473
2018-09-11 14:10,6564
2018-09-11 14:15,6637
2018-09-11 14:20,6732
2018-09-11 14:25,6803
2018-09-11 14:30,6872
2018-09-11 14:35,6928
2018-09-11 14:40,6992
2018-09-11 14:45,7085
2018-09-11 14:50,7151
2018-09-11 14:55,7222
2018-09-11 15:00,7297
2018-09-11 15:05,7360
2018-09-11 15:10,7480
2018-09-11 15:15,7537
2018-09-11 15:20,7585
2018-09-11 15:25,7689
2018-09-11 15:30,7720
2018-09-11 15:35,7723
2018-09-11 15:40,7794
2018-09-11 15:45,7832
2018-09-11 15:50,7937
2018-09-11 15:55,7993
2018-09-11 16:00,8047
2018-09-11 16:05,8060
2018-09-11 16:10,8156
2018-09-11 16:15,8225
2018-09-11 16:20,8315
2018-09-11 16:25,8385
2018-09-11 16:30,8435
2018-09-11 16:35,8483
2018-09-11 16:40,8539
2018-09-11 16:45,8674
2018-09-11 16:50,8698
2018-09-11 16:55,8759
2018-09-11 17:00,8791
2018-09-11 17:05,8858
2018-09-11 17:10,8983
2018-09-11 17:15,9016
2018-09-11 17:20,9147
2018-09-11 17:25,9204
2018-09-11 17:30,9250
2018-09-11 17:35,9315
2018-09-11 17:40,9439
2018-09-11 17:45,9504
2018-09-11 17:50,9575
2018-09-11 17:55,9626
2018-09-11 18:00,9724
2018-09-11 18:05,9734
2018-09-11 18:10,9760
2018-09-11 18:15,9884
2018-09-11 18:20,9943
2018-09-11 18:25,10079
2018-09-11 18:30,10179
2018-09-11 18:35,10198
2018-09-11 18:40,10289
2018-09-11 18:45,10356
2018-09-11 18:50,10378
2018-09-11 18:55,10374
2018-09-11 19:00,10361
2018-09-11 19:05,10379
2018-09-11 19:10,10349
2018-09-11 19:15,10330
2018-09-11 19:20,10282
2018-09-11 19:25,10231
2018-09-11 19:30,10276
2018-09-11 19:35,10273
2018-09-11 19:40,10213
2018-09-11 19:45,10215
2018-09-11 19:50,10193
2018-09-11 19:55,10175
2018-09-11 20:00,10126
2018-09-11 20:05,10048
2018-09-11 20:10,9987
2018-09-11 20:15,9902
2018-09-11 20:20,9774
2018-09-11 20:25,9766
2018-09-11 20:30,9771
2018-09-11 20:35,9724
2018-09-11 20:40,9674
2018-09-11 20:45,9613
2018-09-11 20:50,9595
2018-09-11 20:55,9543
2018-09-11 21:00,9442
2018-09-11 21:05,9298
2018-09-11 21:10,9301
2018-09-11 21:15,9235
2018-09-11 21:20,9150
2018-09-11 21:25,9118
2018-09-11 21:30,9067
2018-09-11 21:35,9017
2018-09-11 21:40,8947
2018-09-11 21:45,8950
2018-09-11 21:50,8870
2018-09-11 21:55,8748
2018-09-11 22:00,8708
2018-09-11 22:05,8586
2018-09-11 22:10,8503
2018-09-11 22:15,8439
2018-09-11 22:20,8407
2018-09-11 22:25,8375
2018-09-11 22:30,8369
2018-09-11 22:35,8295
2018-09-11 22:40,8254
2018-09-11 22:45,8192
2018-09-11 22:50,8092
2018-09-11 22:55,8026
2018-09-11 23:00,7939
2018-09-11 23:05,7942
2018-09-11 23:10,7899
2018-09-11 23:15,7848
2018-09-11 23:20,7760
2018-09-11 23:25,7740
2018-09-11 23:30,7748
2018-09-11 23:35,7724
2018-09-11 23:40,0
2018-09-11 23:45,4558
2018-09-11 23:50,7400
2018-09-11 23:55,7552
2018-09-12 00:00,7562
2018-09-12 00:05,7561
2018-09-12 00:10,7479
2018-09-12 00:15,7449
2018-09-12 00:20,7396
2018-09-12 00:25,7406
2018-09-12 00:30,7421
2018-09-12 00:35,7442
2018-09-12 00:40,7449
2018-09-12 00:45,7473
2018-09-12 00:50,7398
2018-09-12 00:55,7322
2018-09-12 01:00,7429
2018-09-12 01:05,7419
2018-09-12 01:10,7406
2018-09-12 01:15,7402
2018-09-12 01:20,7379
2018-09-12 01:25,7335
2018-09-12 01:30,7274
2018-09-12 01:35,7233
2018-09-12 01:40,7234
2018-09-12 01:45,7196
2018-09-12 01:50,7124
2018-09-12 01:55,7096
2018-09-12 02:00,7001
2018-09-12 02:05,6983
2018-09-12 02:10,6939
2018-09-12 02:15,6881
2018-09-12 02:20,6835
2018-09-12 02:25,6774
2018-09-12 02:30,6766
2018-09-12 02:35,6689
2018-09-12 02:40,6654
2018-09-12 02:45,6643
2018-09-12 02:50,6613
2018-09-12 02:55,6498
2018-09-12 03:00,6416
2018-09-12 03:05,6344
2018-09-12 03:10,6292
2018-09-12 03:15,6211
2018-09-12 03:20,6194
2018-09-12 03:25,6141
2018-09-12 03:30,6030
2018-09-12 03:35,5982
2018-09-12 03:40,5821
2018-09-12 03:45,5701
2018-09-12 03:50,5637
2018-09-12 03:55,5605
2018-09-12 04:00,5521
2018-09-12 04:05,5395
2018-09-12 04:10,5267
2018-09-12 04:15,5130
2018-09-12 04:20,5052
2018-09-12 04:25,4992
2018-09-12 04:30,4916
2018-09-12 04:35,4844
2018-09-12 04:40,4657
2018-09-12 04:45,4633
2018-09-12 04:50,4566
2018-09-12 04:55,4453
2018-09-12 05:00,4349
2018-09-12 05:05,4254
2018-09-12 05:10,4142
2018-09-12 05:15,4056
2018-09-12 05:20,3997
2018-09-12 05:25,3955
2018-09-12 05:30,3846
2018-09-12 05:35,3790
2018-09-12 05:40,3710
2018-09-12 05:45,3634
2018-09-12 05:50,3589
2018-09-12 05:55,3523
2018-09-12 06:00,3481
2018-09-12 06:05,3414
2018-09-12 06:10,3339
2018-09-12 06:15,3296
2018-09-12 06:20,3267
2018-09-12 06:25,3238
2018-09-12 06:30,3219
2018-09-12 06:35,3185
2018-09-12 06:40,3127
2018-09-12 06:45,3101
2018-09-12 06:50,3068
2018-09-12 06:55,3054
2018-09-12 07:00,3039
2018-09-12 07:05,3034
2018-09-12 07:10,2988
2018-09-12 07:15,2987
2018-09-12 07:20,2977
2018-09-12 07:25,2942
2018-09-12 07:30,2928
2018-09-12 07:35,2905
2018-09-12 07:40,2868
2018-09-12 07:45,2860
2018-09-12 07:50,2859
2018-09-12 07:55,2860
2018-09-12 08:00,2874
2018-09-12 08:05,2873
2018-09-12 08:10,2905
2018-09-12 08:15,2933
2018-09-12 08:20,2954
2018-09-12 08:25,2965
2018-09-12 08:30,2955
2018-09-12 08:35,2969
2018-09-12 08:40,2981
2018-09-12 08:45,2990
2018-09-12 08:50,2991
2018-09-12 08:55,3032
2018-09-12 09:00,3057
2018-09-12 09:05,3109
2018-09-12 09:10,3153
2018-09-12 09:15,3169
2018-09-12 09:20,3190
2018-09-12 09:25,3247
2018-09-12 09:30,3302
2018-09-12 09:35,3365
2018-09-12 09:40,3402
2018-09-12 09:45,3436
2018-09-12 09:50,3502
2018-09-12 09:55,3526
2018-09-12 10:00,3548
2018-09-12 10:05,3586
2018-09-12 10:10,3603
2018-09-12 10:15,3599
2018-09-12 10:20,3628
2018-09-12 10:25,3690
2018-09-12 10:30,3692
2018-09-12 10:35,3745
2018-09-12 10:40,3770
2018-09-12 10:45,3811
2018-09-12 10:50,3853
2018-09-12 10:55,3892
2018-09-12 11:00,3947
2018-09-12 11:05,3954
2018-09-12 11:10,4002
2018-09-12 11:15,4017
2018-09-12 11:20,4101
2018-09-12 11:25,4172
2018-09-12 11:30,4195
2018-09-12 11:35,4222
2018-09-12 11:40,4281
2018-09-12 11:45,4364
2018-09-12 11:50,4391
2018-09-12 11:55,4450
2018-09-12 12:00,4543
2018-09-12 12:05,4570
2018-09-12 12:10,4675
2018-09-12 12:15,4730
2018-09-12 12:20,4818
2018-09-12 12:25,4839
2018-09-12 12:30,4915
2018-09-12 12:35,4972
2018-09-12 12:40,5072
2018-09-12 12:45,5131
2018-09-12 12:50,5157
2018-09-12 12:55,5250
2018-09-12 13:00,5310
2018-09-12 13:05,5384
2018-09-12 13:10,5431
2018-09-12 13:15,5514
2018-09-12 13:20,5601
2018-09-12 13:25,5650
2018-09-12 13:30,5717
2018-09-12 13:35,5780
2018-09-12 13:40,5870
2018-09-12 13:45,5923
2018-09-12 13:50,5961
2018-09-12 13:55,5997
2018-09-12 14:00,6083
2018-09-12 14:05,6146
2018-09-12 14:10,6244
2018-09-12 14:15,6284
2018-09-12 14:20,6370
2018-09-12 14:25,6453
2018-09-12 14:30,6519
2018-09-12 14:35,6596
2018-09-12 14:40,6689
2018-09-12 14:45,6792
2018-09-12 14:50,6796
2018-09-12 14:55,6800
2018-09-12 15:00,6908
2018-09-12 15:05,6855
2018-09-12 15:10,6909
2018-09-12 15:15,7005
2018-09-12 15:20,7041
2018-09-12 15:25,7086
2018-09-12 15:30,7071
2018-09-12 15:35,7188
2018-09-12 15:40,7078
2018-09-12 15:45,7321
2018-09-12 15:50,7414
2018-09-12 15:55,7483
2018-09-12 16:00,7528
2018-09-12 16:05,7645
2018-09-12 16:10,7661
2018-09-12 16:15,7739
2018-09-12 16:20,7795
2018-09-12 16:25,7894
2018-09-12 16:30,7945
2018-09-12 16:35,8000
2018-09-12 16:40,8060
2018-09-12 16:45,8152
2018-09-12 16:50,8256
2018-09-12 16:55,8345
2018-09-12 17:00,8419
2018-09-12 17:05,8526
2018-09-12 17:10,8609
2018-09-12 17:15,8608
2018-09-12 17:20,8714
2018-09-12 17:25,8756
2018-09-12 17:30,8818
2018-09-12 17:35,8889
2018-09-12 17:40,8988
2018-09-12 17:45,9040
2018-09-12 17:50,9150
2018-09-12 17:55,9228
2018-09-12 18:00,9294
2018-09-12 18:05,9324
2018-09-12 18:10,9378
2018-09-12 18:15,9403
2018-09-12 18:20,
2018-09-12 18:25,
2018-09-12 18:30,9594
2018-09-12 18:35,9619
2018-09-12 18:40,9713
2018-09-12 18:45,0
2018-09-12 18:50,9896
2018-09-12 18:55,9909
2018-09-12 19:00,9949
2018-09-12 19:05,9950
2018-09-12 19:10,10015
2018-09-12 19:15,9967
2018-09-12 19:20,9871
2018-09-12 19:25,9965
2018-09-12 19:30,9912
2018-09-12 19:35,9891
2018-09-12 19:40,9928
2018-09-12 19:45,9842
2018-09-12 19:50,9842
2018-09-12 19:55,9803
2018-09-12 20:00,9754
2018-09-12 20:05,9665
2018-09-12 20:10,9605
2018-09-12 20:15,9558
2018-09-12 20:20,9562
2018-09-12 20:25,9543
2018-09-12 20:30,9462
2018-09-12 20:35,9454
2018-09-12 20:40,9421
2018-09-12 20:45,9357
2018-09-12 20:50,9283
2018-09-12 20:55,9231
2018-09-12 21:00,9169
2018-09-12 21:05,0
2018-09-12 21:10,0
2018-09-12 21:15,8991
2018-09-12 21:20,0
2018-09-12 21:25,8966
2018-09-12 21:30,8858
2018-09-12 21:35,8712
2018-09-12 21:40,8677
2018-09-12 21:45,8505
2018-09-12 21:50,8517
2018-09-12 21:55,8502
2018-09-12 22:00,8565
2018-09-12 22:05,8512
2018-09-12 22:10,8379
2018-09-12 22:15,8230
2018-09-12 22:20,8133
2018-09-12 22:25,8044
2018-09-12 22:30,7963
2018-09-12 22:35,7956
2018-09-12 22:40,7863
2018-09-12 22:45,7779
2018-09-12 22:50,7629
2018-09-12 22:55,7617
2018-09-12 23:00,7536
2018-09-12 23:05,7481
2018-09-12 23:10,7440
2018-09-12 23:15,7397
2018-09-12 23:20,7334
2018-09-12 23:25,7268
2018-09-12 23:30,7223
2018-09-12 23:35,7263
2018-09-12 23:40,7224
2018-09-12 23:45,7194
2018-09-12 23:50,7188
2018-09-12 23:55,7165
2018-09-13 00:00,7097
2018-09-13 00:05,7078
2018-09-13 00:10,7079
2018-09-13 00:15,7086
2018-09-13 00:20,7008
2018-09-13 00:25,7048
2018-09-13 00:30,7023
2018-09-13 00:35,7006
2018-09-13 00:40,6991
2018-09-13 00:45,7052
2018-09-13 00:50,7076
2018-09-13 00:55,7067
2018-09-13 01:00,7054
2018-09-13 01:05,7007
2018-09-13 01:10,7000
2018-09-13 01:15,6993
2018-09-13 01:20,7011
2018-09-13 01:25,7002
2018-09-13 01:30,7008
2018-09-13 01:35,6970
2018-09-13 01:40,6982
2018-09-13 01:45,6968
2018-09-13 01:50,6935
2018-09-13 01:55,6871
2018-09-13 02:00,6805
2018-09-13 02:05,6786
2018-09-13 02:10,6701
2018-09-13 02:15,6697
2018-09-13 02:20,6715
2018-09-13 02:25,6648
2018-09-13 02:30,6591
2018-09-13 02:35,6560
2018-09-13 02:40,6540
2018-09-13 02:45,6432
2018-09-13 02:50,6406
2018-09-13 02:55,6327
2018-09-13 03:00,6249
2018-09-13 03:05,6261
2018-09-13 03:10,6150
2018-09-13 03:15,6042
2018-09-13 03:20,5903
2018-09-13 03:25,5787
2018-09-13 03:30,5739
2018-09-13 03:35,5720
2018-09-13 03:40,5686
2018-09-13 03:45,5566
2018-09-13 03:50,5498
2018-09-13 03:55,5460
2018-09-13 04:00,5385
2018-09-13 04:05,5350
2018-09-13 04:10,5279
2018-09-13 04:15,5151
2018-09-13 04:20,5051
2018-09-13 04:25,4954
2018-09-13 04:30,4877
2018-09-13 04:35,4800
2018-09-13 04:40,4670
2018-09-13 04:45,4597
2018-09-13 04:50,4516
2018-09-13 04:55,4448
2018-09-13 05:00,4378
2018-09-13 05:05,4298
2018-09-13 05:10,4153
2018-09-13 05:15,4051
2018-09-13 05:20,3994
2018-09-13 05:25,3973
2018-09-13 05:30,3907
2018-09-13 05:35,3848
2018-09-13 05:40,3768
2018-09-13 05:45,3723
2018-09-13 05:50,3676
2018-09-13 05:55,3602
2018-09-13 06:00,3528
2018-09-13 06:05,3422
2018-09-13 06:10,3346
2018-09-13 06:15,3296
2018-09-13 06:20,3266
2018-09-13 06:25,3229
2018-09-13 06:30,3144
2018-09-13 06:35,3097
2018-09-13 06:40,3045
2018-09-13 06:45,2986
2018-09-13 06:50,2960
2018-09-13 06:55,2940
2018-09-13 07:00,2915
2018-09-13 07:05,2915
2018-09-13 07:10,2900
2018-09-13 07:15,2890
2018-09-13 07:20,2843
2018-09-13 07:25,2830
2018-09-13 07:30,2854
2018-09-13 07:35,2863
2018-09-13 07:40,2864
2018-09-13 07:45,2877
2018-09-13 07:50,2861
2018-09-13 07:55,2847
2018-09-13 08:00,2842
2018-09-13 08:05,2852
2018-09-13 08:10,2830
2018-09-13 08:15,2859
2018-09-13 08:20,2871
2018-09-13 08:25,2893
2018-09-13 08:30,2906
2018-09-13 08:35,2932
2018-09-13 08:40,2925
2018-09-13 08:45,2940
2018-09-13 08:50,2930
2018-09-13 08:55,2961
2018-09-13 09:00,2953
2018-09-13 09:05,3010
2018-09-13 09:10,3063
2018-09-13 09:15,3102
2018-09-13 09:20,3173
2018-09-13 09:25,3210
2018-09-13 09:30,3238
2018-09-13 09:35,3263
2018-09-13 09:40,3273
2018-09-13 09:45,3320
2018-09-13 09:50,3356
2018-09-13 09:55,3395
2018-09-13 10:00,3412
2018-09-13 10:05,3448
2018-09-13 10:10,3474
2018-09-13 10:15,3495
2018-09-13 10:20,3529
2018-09-13 10:25,3554
2018-09-13 10:30,3590
2018-09-13 10:35,3639
2018-09-13 10:40,3679
2018-09-13 10:45,3733
2018-09-13 10:50,3750
2018-09-13 10:55,3783
2018-09-13 11:00,3791
2018-09-13 11:05,3801
2018-09-13 11:10,3857
2018-09-13 11:15,3870
2018-09-13 11:20,3876
2018-09-13 11:25,3942
2018-09-13 11:30,4016
2018-09-13 11:35,4087
2018-09-13 11:40,4158
2018-09-13 11:45,4210
2018-09-13 11:50,4283
2018-09-13 11:55,4315
2018-09-13 12:00,4356
2018-09-13 12:05,4364
2018-09-13 12:10,4460
2018-09-13 12:15,4489
2018-09-13 12:20,4557
2018-09-13 12:25,4569
2018-09-13 12:30,4612
2018-09-13 12:35,4659
2018-09-13 12:40,4724
2018-09-13 12:45,4778
2018-09-13 12:50,4832
2018-09-13 12:55,4890
2018-09-13 13:00,4959
2018-09-13 13:05,5037
2018-09-13 13:10,5137
2018-09-13 13:15,5275
2018-09-13 13:20,5318
2018-09-13 13:25,5308
2018-09-13 13:30,5434
2018-09-13 13:35,5509
2018-09-13 13:40,5559
2018-09-13 13:45,5592
2018-09-13 13:50,5697
2018-09-13 13:55,5767
2018-09-13 14:00,5886
2018-09-13 14:05,5988
2018-09-13 14:10,6073
2018-09-13 14:15,6174
2018-09-13 14:20,6205
2018-09-13 14:25,6285
2018-09-13 14:30,6308
2018-09-13 14:35,6370
2018-09-13 14:40,6416
2018-09-13 14:45,6480
2018-09-13 14:50,6542
2018-09-13 14:55,6627
2018-09-13 15:00,6716
2018-09-13 15:05,6764
2018-09-13 15:10,6803
2018-09-13 15:15,6922
2018-09-13 15:20,6906
2018-09-13 15:25,6956
2018-09-13 15:30,7050
2018-09-13 15:35,7117
2018-09-13 15:40,7134
2018-09-13 15:45,7216
2018-09-13 15:50,7220
2018-09-13 15:55,7284
2018-09-13 16:00,7322
2018-09-13 16:05,7347
2018-09-13 16:10,7353
2018-09-13 16:15,7406
2018-09-13 16:20,7521
2018-09-13 16:25,7571
2018-09-13 16:30,7636
2018-09-13 16:35,7783
2018-09-13 16:40,7872
2018-09-13 16:45,7918
2018-09-13 16:50,7924
2018-09-13 16:55,7967
2018-09-13 17:00,8055
2018-09-13 17:05,8074
2018-09-13 17:10,8178
2018-09-13 17:15,8274
2018-09-13 17:20,8345
2018-09-13 17:25,8431
2018-09-13 17:30,8483
2018-09-13 17:35,8636
2018-09-13 17:40,8701
2018-09-13 17:45,8740
2018-09-13 17:50,8799
2018-09-13 17:55,8836
2018-09-13 18:00,8902
2018-09-13 18:05,8932
2018-09-13 18:10,9017
2018-09-13 18:15,9082
2018-09-13 18:20,9127
2018-09-13 18:25,9176
2018-09-13 18:30,9224
2018-09-13 18:35,9312
2018-09-13 18:40,9428
2018-09-13 18:45,9443
2018-09-13 18:50,9477
2018-09-13 18:55,9566
2018-09-13 19:00,9597
2018-09-13 19:05,9596
2018-09-13 19:10,9636
2018-09-13 19:15,9628
2018-09-13 19:20,9691
2018-09-13 19:25,9685
2018-09-13 19:30,9654
2018-09-13 19:35,9615
2018-09-13 19:40,9564
2018-09-13 19:45,9552
2018-09-13 19:50,9588
2018-09-13 19:55,9571
2018-09-13 20:00,9490
2018-09-13 20:05,9496
2018-09-13 20:10,9492
2018-09-13 20:15,9459
2018-09-13 20:20,9414
2018-09-13 20:25,9366
2018-09-13 20:30,9342
2018-09-13 20:35,9330
2018-09-13 20:40,9276
2018-09-13 20:45,9236
2018-09-13 20:50,9190
2018-09-13 20:55,9193
2018-09-13 21:00,9092
2018-09-13 21:05,9010
2018-09-13 21:10,8956
2018-09-13 21:15,8876
2018-09-13 21:20,8798
2018-09-13 21:25,8760
2018-09-13 21:30,8804
2018-09-13 21:35,8683
2018-09-13 21:40,8632
2018-09-13 21:45,8573
2018-09-13 21:50,8485
2018-09-13 21:55,8409
2018-09-13 22:00,8328
2018-09-13 22:05,8161
2018-09-13 22:10,8089
2018-09-13 22:15,7927
2018-09-13 22:20,7829
2018-09-13 22:25,7784
2018-09-13 22:30,7717
2018-09-13 22:35,7609
2018-09-13 22:40,7574
2018-09-13 22:45,7531
2018-09-13 22:50,7509
2018-09-13 22:55,7451
2018-09-13 23:00,7448
2018-09-13 23:05,7399
2018-09-13 23:10,7381
2018-09-13 23:15,7357
2018-09-13 23:20,7317
2018-09-13 23:25,7221
2018-09-13 23:30,7210
2018-09-13 23:35,7182
2018-09-13 23:40,7156
2018-09-13 23:45,7095
2018-09-13 23:50,7132
2018-09-13 23:55,7123
2018-09-14 00:00,7115
2018-09-14 00:05,7094
2018-09-14 00:10,
2018-09-14 00:15,7077
2018-09-14 00:20,7053
2018-09-14 00:25,7077
2018-09-14 00:30,7069
2018-09-14 00:35,7058
2018-09-14 00:40,7066
2018-09-14 00:45,7061
2018-09-14 00:50,7114
2018-09-14 00:55,7162
2018-09-14 01:00,7150
2018-09-14 01:05,7082
2018-09-14 01:10,7052
2018-09-14 01:15,7046
2018-09-14 01:20,7030
2018-09-14 01:25,7062
2018-09-14 01:30,7028
2018-09-14 01:35,7010
2018-09-14 01:40,7001
2018-09-14 01:45,6942
2018-09-14 01:50,6933
2018-09-14 01:55,6895
2018-09-14 02:00,6852
2018-09-14 02:05,6808
2018-09-14 02:10,6741
2018-09-14 02:15,6760
2018-09-14 02:20,6727
2018-09-14 02:25,6661
2018-09-14 02:30,6662
2018-09-14 02:35,6613
2018-09-14 02:40,6560
2018-09-14 02:45,6575
2018-09-14 02:50,6499
2018-09-14 02:55,6431
2018-09-14 03:00,6390
2018-09-14 03:05,6275
2018-09-14 03:10,6244
2018-09-14 03:15,6167
2018-09-14 03:20,6037
2018-09-14 03:25,5950
2018-09-14 03:30,5922
2018-09-14 03:35,5873
2018-09-14 03:40,5783
2018-09-14 03:45,5700
2018-09-14 03:50,5625
2018-09-14 03:55,5536
2018-09-14 04:00,5490
2018-09-14 04:05,5410
2018-09-14 04:10,5289
2018-09-14 04:15,5163
2018-09-14 04:20,5067
2018-09-14 04:25,4969
2018-09-14 04:30,4885
2018-09-14 04:35,4811
2018-09-14 04:40,4755
2018-09-14 04:45,4699
2018-09-14 04:50,4577
2018-09-14 04:55,4502
2018-09-14 05:00,4436
2018-09-14 05:05,4354
2018-09-14 05:10,4256
2018-09-14 05:15,4148
2018-09-14 05:20,4095
2018-09-14 05:25,4026
2018-09-14 05:30,3970
2018-09-14 05:35,3897
2018-09-14 05:40,3871
2018-09-14 05:45,3790
2018-09-14 05:50,3714
2018-09-14 05:55,3674
2018-09-14 06:00,3610
2018-09-14 06:05,3580
2018-09-14 06:10,3552
2018-09-14 06:15,3466
2018-09-14 06:20,3426
2018-09-14 06:25,3378
2018-09-14 06:30,3343
2018-09-14 06:35,3326
2018-09-14 06:40,3242
2018-09-14 06:45,3179
2018-09-14 06:50,3169
2018-09-14 06:55,3144
2018-09-14 07:00,3140
2018-09-14 07:05,3113
2018-09-14 07:10,3075
2018-09-14 07:15,3058
2018-09-14 07:20,3015
2018-09-14 07:25,3010
2018-09-14 07:30,2998
2018-09-14 07:35,2984
2018-09-14 07:40,2968
2018-09-14 07:45,2952
2018-09-14 07:50,2924
2018-09-14 07:55,2908
2018-09-14 08:00,2883
2018-09-14 08:05,2889
2018-09-14 08:10,2902
2018-09-14 08:15,2898
2018-09-14 08:20,2903
2018-09-14 08:25,2918
2018-09-14 08:30,2943
2018-09-14 08:35,2952
2018-09-14 08:40,2953
2018-09-14 08:45,2966
2018-09-14 08:50,2990
2018-09-14 08:55,3003
2018-09-14 09:00,3024
2018-09-14 09:05,3086
2018-09-14 09:10,3111
2018-09-14 09:15,3144
2018-09-14 09:20,3175
2018-09-14 09:25,3205
2018-09-14 09:30,3242
2018-09-14 09:35,3295
2018-09-14 09:40,3341
2018-09-14 09:45,3351
2018-09-14 09:50,3383
2018-09-14 09:55,3449
2018-09-14 10:00,3445
2018-09-14 10:05,3471
2018-09-14 10:10,3512
2018-09-14 10:15,3544
2018-09-14 10:20,3558
2018-09-14 10:25,3607
2018-09-14 10:30,3677
2018-09-14 10:35,3710
2018-09-14 10:40,3742
2018-09-14 10:45,3760
2018-09-14 10:50,3814
2018-09-14 10:55,3866
2018-09-14 11:00,3972
2018-09-14 11:05,4029
2018-09-14 11:10,4049
2018-09-14 11:15,4135
2018-09-14 11:20,4222
2018-09-14 11:25,4205
2018-09-14 11:30,4281
2018-09-14 11:35,4347
2018-09-14 11:40,4413
2018-09-14 11:45,4492
2018-09-14 11:50,4511
2018-09-14 11:55,4589
2018-09-14 12:00,4558
2018-09-14 12:05,4629
2018-09-14 12:10,4698
2018-09-14 12:15,4764
2018-09-14 12:20,4797
2018-09-14 12:25,4900
2018-09-14 12:30,4962
2018-09-14 12:35,5079
2018-09-14 12:40,5171
2018-09-14 12:45,5231
2018-09-14 12:50,5296
2018-09-14 12:55,5390
2018-09-14 13:00,5441
2018-09-14 13:05,5516
2018-09-14 13:10,5642
2018-09-14 13:15,5698
2018-09-14 13:20,5768
2018-09-14 13:25,5831
2018-09-14 13:30,5912
2018-09-14 13:35,6089
2018-09-14 13:40,6184
2018-09-14 13:45,6269
2018-09-14 13:50,6314
2018-09-14 13:55,6421
2018-09-14 14:00,6450
2018-09-14 14:05,6551
2018-09-14 14:10,6615
2018-09-14 14:15,6664
2018-09-14 14:20,6718
2018-09-14 14:25,6769
2018-09-14 14:30,6845
2018-09-14 14:35,6922
2018-09-14 14:40,6975
2018-09-14 14:45,7013
2018-09-14 14:50,7095
2018-09-14 14:55,7132
2018-09-14 15:00,7189
2018-09-14 15:05,7219
2018-09-14 15:10,7276
2018-09-14 15:15,7328
2018-09-14 15:20,7335
2018-09-14 15:25,7408
2018-09-14 15:30,7444
2018-09-14 15:35,7437
2018-09-14 15:40,7450
2018-09-14 15:45,7486
2018-09-14 15:50,7581
2018-09-14 15:55,7695
2018-09-14 16:00,7728
2018-09-14 16:05,7744
2018-09-14 16:10,7761
2018-09-14 16:15,7782
2018-09-14 16:20,7814
2018-09-14 16:25,7833
2018-09-14 16:30,7880
2018-09-14 16:35,7975
2018-09-14 16:40,
2018-09-14 16:45,0
2018-09-14 16:50,8171
2018-09-14 16:55,8204
2018-09-14 17:00,8250
2018-09-14 17:05,8266
2018-09-14 17:10,8365
2018-09-14 17:15,8403
2018-09-14 17:20,8481
2018-09-14 17:25,8615
2018-09-14 17:30,8677
2018-09-14 17:35,8745
2018-09-14 17:40,8828
2018-09-14 17:45,8880
2018-09-14 17:50,8952
2018-09-14 17:55,9056
2018-09-14 18:00,9108
2018-09-14 18:05,9143
2018-09-14 18:10,9170
2018-09-14 18:15,9198
2018-09-14 18:20,9174
2018-09-14 18:25,9272
2018-09-14 18:30,9276
2018-09-14 18:35,9330
2018-09-14 18:40,9389
2018-09-14 18:45,9459
2018-09-14 18:50,9468
2018-09-14 18:55,9480
2018-09-14 19:00,9536
2018-09-14 19:05,9565
2018-09-14 19:10,9593
2018-09-14 19:15,9652
2018-09-14 19:20,9695
2018-09-14 19:25,9695
2018-09-14 19:30,9798
2018-09-14 19:35,9867
2018-09-14 19:40,9925
2018-09-14 19:45,10021
2018-09-14 19:50,10028
2018-09-14 19:55,10104
2018-09-14 20:00,10080
2018-09-14 20:05,10130
2018-09-14 20:10,10205
2018-09-14 20:15,10204
2018-09-14 20:20,10201
2018-09-14 20:25,10252
2018-09-14 20:30,10211
2018-09-14 20:35,10231
2018-09-14 20:40,10215
2018-09-14 20:45,10235
2018-09-14 20:50,10275
2018-09-14 20:55,10246
2018-09-14 21:00,10175
2018-09-14 21:05,10144
2018-09-14 21:10,10086
2018-09-14 21:15,10055
2018-09-14 21:20,9988
2018-09-14 21:25,9982
2018-09-14 21:30,9940
2018-09-14 21:35,9941
2018-09-14 21:40,9856
2018-09-14 21:45,9811
2018-09-14 21:50,9829
2018-09-14 21:55,9684
2018-09-14 22:00,9499
2018-09-14 22:05,9344
2018-09-14 22:10,9275
2018-09-14 22:15,9215
2018-09-14 22:20,9113
2018-09-14 22:25,9018
2018-09-14 22:30,8840
2018-09-14 22:35,8535
2018-09-14 22:40,8238
2018-09-14 22:45,8218
2018-09-14 22:50,8253
2018-09-14 22:55,8275
2018-09-14 23:00,8254
2018-09-14 23:05,8271
2018-09-14 23:10,8241
2018-09-14 23:15,8232
2018-09-14 23:20,8230
2018-09-14 23:25,8132
2018-09-14 23:30,8073
2018-09-14 23:35,8042
2018-09-14 23:40,7964
2018-09-14 23:45,7923
2018-09-14 23:50,7905
2018-09-14 23:55,7816
2018-09-15 00:00,7812
2018-09-15 00:05,7779
2018-09-15 00:10,7753
2018-09-15 00:15,7723
2018-09-15 00:20,7713
2018-09-15 00:25,7690
2018-09-15 00:30,7692
2018-09-15 00:35,7614
2018-09-15 00:40,7602
2018-09-15 00:45,7524
2018-09-15 00:50,7505
2018-09-15 00:55,7508
2018-09-15 01:00,7432
2018-09-15 01:05,7405
2018-09-15 01:10,7464
2018-09-15 01:15,7488
2018-09-15 01:20,7495
2018-09-15 01:25,7433
2018-09-15 01:30,7426
2018-09-15 01:35,7467
2018-09-15 01:40,7458
2018-09-15 01:45,7409
2018-09-15 01:50,7410
2018-09-15 01:55,7360
2018-09-15 02:00,7314
2018-09-15 02:05,7331
2018-09-15 02:10,7320
2018-09-15 02:15,7327
2018-09-15 02:20,7332
2018-09-15 02:25,7344
2018-09-15 02:30,7304
2018-09-15 02:35,7286
2018-09-15 02:40,7295
2018-09-15 02:45,7284
2018-09-15 02:50,7220
2018-09-15 02:55,7216
2018-09-15 03:00,7235
2018-09-15 03:05,7225
2018-09-15 03:10,7173
2018-09-15 03:15,7123
2018-09-15 03:20,7106
2018-09-15 03:25,7065
2018-09-15 03:30,7005
2018-09-15 03:35,6953
2018-09-15 03:40,6931
2018-09-15 03:45,6925
2018-09-15 03:50,6668
2018-09-15 03:55,6659
2018-09-15 04:00,6630
2018-09-15 04:05,6559
2018-09-15 04:10,6479
2018-09-15 04:15,6444
2018-09-15 04:20,6308
2018-09-15 04:25,6263
2018-09-15 04:30,6217
2018-09-15 04:35,6180
2018-09-15 04:40,6101
2018-09-15 04:45,6064
2018-09-15 04:50,5942
2018-09-15 04:55,5857
2018-09-15 05:00,5819
2018-09-15 05:05,5759
2018-09-15 05:10,5691
2018-09-15 05:15,5621
2018-09-15 05:20,5602
2018-09-15 05:25,5538
2018-09-15 05:30,5455
2018-09-15 05:35,5318
2018-09-15 05:40,5252
2018-09-15 05:45,5185
2018-09-15 05:50,5119
2018-09-15 05:55,5089
2018-09-15 06:00,5014
2018-09-15 06:05,4911
2018-09-15 06:10,4813
2018-09-15 06:15,4759
2018-09-15 06:20,4745
2018-09-15 06:25,4663
2018-09-15 06:30,4624
2018-09-15 06:35,4594
2018-09-15 06:40,4543
2018-09-15 06:45,4541
2018-09-15 06:50,4489
2018-09-15 06:55,4440
2018-09-15 07:00,4447
2018-09-15 07:05,4395
2018-09-15 07:10,4365
2018-09-15 07:15,4326
2018-09-15 07:20,4318
2018-09-15 07:25,4338
2018-09-15 07:30,4332
2018-09-15 07:35,4338
2018-09-15 07:40,4275
2018-09-15 07:45,4246
2018-09-15 07:50,4233
2018-09-15 07:55,4185
2018-09-15 08:00,4177
2018-09-15 08:05,4149
2018-09-15 08:10,4123
2018-09-15 08:15,4095
2018-09-15 08:20,4149
2018-09-15 08:25,4164
2018-09-15 08:30,4219
2018-09-15 08:35,4251
2018-09-15 08:40,4292
2018-09-15 08:45,4301
2018-09-15 08:50,4341
2018-09-15 08:55,4402
2018-09-15 09:00,4423
2018-09-15 09:05,4467
2018-09-15 09:10,4570
2018-09-15 09:15,4677
2018-09-15 09:20,4764
2018-09-15 09:25,4836
2018-09-15 09:30,4869
2018-09-15 09:35,4907
2018-09-15 09:40,4934
2018-09-15 09:45,4957
2018-09-15 09:50,5006
2018-09-15 09:55,5056
2018-09-15 10:00,5087
2018-09-15 10:05,5111
2018-09-15 10:10,5136
2018-09-15 10:15,5124
2018-09-15 10:20,5127
2018-09-15 10:25,5216
2018-09-15 10:30,5263
2018-09-15 10:35,5356
2018-09-15 10:40,5406
2018-09-15 10:45,5493
2018-09-15 10:50,5565
2018-09-15 10:55,5572
2018-09-15 11:00,5630
2018-09-15 11:05,5661
2018-09-15 11:10,5771
2018-09-15 11:15,5811
2018-09-15 11:20,5899
2018-09-15 11:25,5936
2018-09-15 11:30,6010
2018-09-15 11:35,6009
2018-09-15 11:40,6015
2018-09-15 11:45,6102
2018-09-15 11:50,6139
2018-09-15 11:55,6162
2018-09-15 12:00,6227
2018-09-15 12:05,6254
2018-09-15 12:10,6312
2018-09-15 12:15,6374
2018-09-15 12:20,6408
2018-09-15 12:25,6474
2018-09-15 12:30,6526
2018-09-15 12:35,6573
2018-09-15 12:40,6662
2018-09-15 12:45,6733
2018-09-15 12:50,6757
2018-09-15 12:55,6859
2018-09-15 13:00,6881
2018-09-15 13:05,6870
2018-09-15 13:10,6962
2018-09-15 13:15,7062
2018-09-15 13:20,7145
2018-09-15 13:25,7220
2018-09-15 13:30,7309
2018-09-15 13:35,7358
2018-09-15 13:40,7444
2018-09-15 13:45,7503
2018-09-15 13:50,7623
2018-09-15 13:55,7733
2018-09-15 14:00,7782
2018-09-15 14:05,7817
2018-09-15 14:10,7880
2018-09-15 14:15,7985
2018-09-15 14:20,8073
2018-09-15 14:25,8197
2018-09-15 14:30,8244
2018-09-15 14:35,8330
2018-09-15 14:40,8411
2018-09-15 14:45,8469
2018-09-15 14:50,8511
2018-09-15 14:55,8611
2018-09-15 15:00,8624
2018-09-15 15:05,8704
2018-09-15 15:10,8692
2018-09-15 15:15,8823
2018-09-15 15:20,8866
2018-09-15 15:25,8984
2018-09-15 15:30,9031
2018-09-15 15:35,9075
2018-09-15 15:40,9115
2018-09-15 15:45,9204
2018-09-15 15:50,9181
2018-09-15 15:55,9191
2018-09-15 16:00,9278
2018-09-15 16:05,9303
2018-09-15 16:10,9414
2018-09-15 16:15,9449
2018-09-15 16:20,9578
2018-09-15 16:25,9628
2018-09-15 16:30,9635
2018-09-15 16:35,9627
2018-09-15 16:40,9646
2018-09-15 16:45,9659
2018-09-15 16:50,9721
2018-09-15 16:55,9764
2018-09-15 17:00,9805
2018-09-15 17:05,9814
2018-09-15 17:10,9777
2018-09-15 17:15,9818
2018-09-15 17:20,9839
2018-09-15 17:25,9950
2018-09-15 17:30,9985
2018-09-15 17:35,10066
2018-09-15 17:40,10121
2018-09-15 17:45,10169
2018-09-15 17:50,10234
2018-09-15 17:55,10264
2018-09-15 18:00,10294
2018-09-15 18:05,10342
2018-09-15 18:10,10357
2018-09-15 18:15,10388
2018-09-15 18:20,10486
2018-09-15 18:25,10548
2018-09-15 18:30,10613
2018-09-15 18:35,10694
2018-09-15 18:40,10728
2018-09-15 18:45,10745
2018-09-15 18:50,10758
2018-09-15 18:55,10799
2018-09-15 19:00,10728
2018-09-15 19:05,10735
2018-09-15 19:10,10698
2018-09-15 19:15,10704
2018-09-15 19:20,10742
2018-09-15 19:25,10827
2018-09-15 19:30,10848
2018-09-15 19:35,10886
2018-09-15 19:40,10893
2018-09-15 19:45,10933
2018-09-15 19:50,10933
2018-09-15 19:55,10998
2018-09-15 20:00,11024
2018-09-15 20:05,10995
2018-09-15 20:10,11028
2018-09-15 20:15,11002
2018-09-15 20:20,10936
2018-09-15 20:25,10913
2018-09-15 20:30,10892
2018-09-15 20:35,10876
2018-09-15 20:40,10871
2018-09-15 20:45,10922
2018-09-15 20:50,10898
2018-09-15 20:55,10799
2018-09-15 21:00,10862
2018-09-15 21:05,10813
2018-09-15 21:10,10780
2018-09-15 21:15,10660
2018-09-15 21:20,10586
2018-09-15 21:25,10543
2018-09-15 21:30,10363
2018-09-15 21:35,10365
2018-09-15 21:40,10321
2018-09-15 21:45,10285
2018-09-15 21:50,10167
2018-09-15 21:55,10151
2018-09-15 22:00,10069
2018-09-15 22:05,9971
2018-09-15 22:10,9846
2018-09-15 22:15,9757
2018-09-15 22:20,9700
2018-09-15 22:25,9654
2018-09-15 22:30,9584
2018-09-15 22:35,9458
2018-09-15 22:40,9341
2018-09-15 22:45,9198
2018-09-15 22:50,9094
2018-09-15 22:55,9022
2018-09-15 23:00,8876
2018-09-15 23:05,8756
2018-09-15 23:10,8618
2018-09-15 23:15,8542
2018-09-15 23:20,8537
2018-09-15 23:25,8528
2018-09-15 23:30,8443
2018-09-15 23:35,8327
2018-09-15 23:40,8228
2018-09-15 23:45,8120
2018-09-15 23:50,8052
2018-09-15 23:55,8038
2018-09-16 00:00,7993
2018-09-16 00:05,7942
2018-09-16 00:10,7851
2018-09-16 00:15,7807
2018-09-16 00:20,7734
2018-09-16 00:25,7749
2018-09-16 00:30,7676
2018-09-16 00:35,7712
2018-09-16 00:40,7742
2018-09-16 00:45,7655
2018-09-16 00:50,7620
2018-09-16 00:55,7605
2018-09-16 01:00,7536
2018-09-16 01:05,7486
2018-09-16 01:10,7498
2018-09-16 01:15,7461
2018-09-16 01:20,7446
2018-09-16 01:25,7416
2018-09-16 01:30,7407
2018-09-16 01:35,7434
2018-09-16 01:40,7385
2018-09-16 01:45,7390
2018-09-16 01:50,7334
2018-09-16 01:55,7338
2018-09-16 02:00,7323
2018-09-16 02:05,7311
2018-09-16 02:10,7340
2018-09-16 02:15,7318
2018-09-16 02:20,7336
2018-09-16 02:25,7325
2018-09-16 02:30,7354
2018-09-16 02:35,7295
2018-09-16 02:40,7311
2018-09-16 02:45,7327
2018-09-16 02:50,7328
2018-09-16 02:55,7313
2018-09-16 03:00,7264
2018-09-16 03:05,7245
2018-09-16 03:10,7180
2018-09-16 03:15,7169
2018-09-16 03:20,7118
2018-09-16 03:25,7133
2018-09-16 03:30,7103
2018-09-16 03:35,7033
2018-09-16 03:40,6965
2018-09-16 03:45,6878
2018-09-16 03:50,6841
2018-09-16 03:55,6741
2018-09-16 04:00,6714
2018-09-16 04:05,6657
2018-09-16 04:10,6611
2018-09-16 04:15,6595
2018-09-16 04:20,6523
2018-09-16 04:25,6462
2018-09-16 04:30,6374
2018-09-16 04:35,6314
2018-09-16 04:40,6298
2018-09-16 04:45,6261
2018-09-16 04:50,6241
2018-09-16 04:55,6213
2018-09-16 05:00,6173
2018-09-16 05:05,6059
2018-09-16 05:10,5999
2018-09-16 05:15,5945
2018-09-16 05:20,5892
2018-09-16 05:25,5790
2018-09-16 05:30,5755
2018-09-16 05:35,5687
2018-09-16 05:40,5604
2018-09-16 05:45,5530
2018-09-16 05:50,5509
2018-09-16 05:55,5390
2018-09-16 06:00,5286
2018-09-16 06:05,5249
2018-09-16 06:10,5214
2018-09-16 06:15,5176
2018-09-16 06:20,5088
2018-09-16 06:25,5019
2018-09-16 06:30,4961
2018-09-16 06:35,4954
2018-09-16 06:40,4932
2018-09-16 06:45,4888
2018-09-16 06:50,4883
2018-09-16 06:55,4841
2018-09-16 07:00,4819
2018-09-16 07:05,4753
2018-09-16 07:10,4680
2018-09-16 07:15,4655
2018-09-16 07:20,4615
2018-09-16 07:25,4593
2018-09-16 07:30,4554
2018-09-16 07:35,4520
2018-09-16 07:40,4547
2018-09-16 07:45,4528
2018-09-16 07:50,4550
2018-09-16 07:55,4549
2018-09-16 08:00,4539
2018-09-16 08:05,4540
2018-09-16 08:10,4558
2018-09-16 08:15,4572
2018-09-16 08:20,4563
2018-09-16 08:25,4599
2018-09-16 08:30,4610
2018-09-16 08:35,4626
2018-09-16 08:40,4645
2018-09-16 08:45,4687
2018-09-16 08:50,4699
2018-09-16 08:55,4735
2018-09-16 09:00,4743
2018-09-16 09:05,4799
2018-09-16 09:10,4873
2018-09-16 09:15,5008
2018-09-16 09:20,5116
2018-09-16 09:25,5181
2018-09-16 09:30,5298
2018-09-16 09:35,5367
2018-09-16 09:40,5414
2018-09-16 09:45,5544
2018-09-16 09:50,5582
2018-09-16 09:55,5667
2018-09-16 10:00,5741
2018-09-16 10:05,5740
2018-09-16 10:10,5743
2018-09-16 10:15,5833
2018-09-16 10:20,5908
2018-09-16 10:25,5953
2018-09-16 10:30,5987
2018-09-16 10:35,6122
2018-09-16 10:40,6202
2018-09-16 10:45,6218
2018-09-16 10:50,6257
2018-09-16 10:55,6313
2018-09-16 11:00,6347
2018-09-16 11:05,6383
2018-09-16 11:10,6400
2018-09-16 11:15,6441
2018-09-16 11:20,6451
2018-09-16 11:25,6453
2018-09-16 11:30,6520
2018-09-16 11:35,6557
2018-09-16 11:40,6623
2018-09-16 11:45,6638
2018-09-16 11:50,6688
2018-09-16 11:55,6719
2018-09-16 12:00,6728
2018-09-16 12:05,6780
2018-09-16 12:10,6789
2018-09-16 12:15,6795
2018-09-16 12:20,6848
2018-09-16 12:25,6905
2018-09-16 12:30,6960
2018-09-16 12:35,6962
2018-09-16 12:40,7038
2018-09-16 12:45,7125
2018-09-16 12:50,7193
2018-09-16 12:55,7222
2018-09-16 13:00,7371
2018-09-16 13:05,7369
2018-09-16 13:10,7445
2018-09-16 13:15,7553
2018-09-16 13:20,7664
2018-09-16 13:25,7753
2018-09-16 13:30,7810
2018-09-16 13:35,7875
2018-09-16 13:40,7952
2018-09-16 13:45,8010
2018-09-16 13:50,8072
2018-09-16 13:55,8201
2018-09-16 14:00,8262
2018-09-16 14:05,8236
2018-09-16 14:10,8274
2018-09-16 14:15,8371
2018-09-16 14:20,8468
2018-09-16 14:25,8593
2018-09-16 14:30,8697
2018-09-16 14:35,8804
2018-09-16 14:40,8868
2018-09-16 14:45,8967
2018-09-16 14:50,9036
2018-09-16 14:55,9111
2018-09-16 15:00,9152
2018-09-16 15:05,9208
2018-09-16 15:10,9225
2018-09-16 15:15,9328
2018-09-16 15:20,9343
2018-09-16 15:25,9408
2018-09-16 15:30,9417
2018-09-16 15:35,9479
2018-09-16 15:40,9535
2018-09-16 15:45,9583
2018-09-16 15:50,9647
2018-09-16 15:55,9731
2018-09-16 16:00,9703
2018-09-16 16:05,9791
2018-09-16 16:10,9812
2018-09-16 16:15,9879
2018-09-16 16:20,9938
2018-09-16 16:25,10009
2018-09-16 16:30,10042
2018-09-16 16:35,10128
2018-09-16 16:40,10238
2018-09-16 16:45,10312
2018-09-16 16:50,10395
2018-09-16 16:55,10387
2018-09-16 17:00,10539
2018-09-16 17:05,10578
2018-09-16 17:10,10628
2018-09-16 17:15,10675
2018-09-16 17:20,10775
2018-09-16 17:25,10933
2018-09-16 17:30,11013
2018-09-16 17:35,11058
2018-09-16 17:40,11031
2018-09-16 17:45,11053
2018-09-16 17:50,11195
2018-09-16 17:55,11289
2018-09-16 18:00,11219
2018-09-16 18:05,11294
2018-09-16 18:10,11327
2018-09-16 18:15,11433
2018-09-16 18:20,11485
2018-09-16 18:25,11501
2018-09-16 18:30,11488
2018-09-16 18:35,11509
2018-09-16 18:40,11619
2018-09-16 18:45,11600
2018-09-16 18:50,11602
2018-09-16 18:55,11658
2018-09-16 19:00,11675
2018-09-16 19:05,11632
2018-09-16 19:10,11654
2018-09-16 19:15,11576
2018-09-16 19:20,11526
2018-09-16 19:25,11484
2018-09-16 19:30,11440
2018-09-16 19:35,11404
2018-09-16 19:40,11430
2018-09-16 19:45,11363
2018-09-16 19:50,11373
2018-09-16 19:55,11378
2018-09-16 20:00,11216
2018-09-16 20:05,11113
2018-09-16 20:10,11027
2018-09-16 20:15,10981
2018-09-16 20:20,10944
2018-09-16 20:25,10883
2018-09-16 20:30,10781
2018-09-16 20:35,10693
2018-09-16 20:40,10614
2018-09-16 20:45,10594
2018-09-16 20:50,10492
2018-09-16 20:55,10413
2018-09-16 21:00,10332
2018-09-16 21:05,10252
2018-09-16 21:10,10282
2018-09-16 21:15,10200
2018-09-16 21:20,10139
2018-09-16 21:25,10029
2018-09-16 21:30,9920
2018-09-16 21:35,9877
2018-09-16 21:40,9750
2018-09-16 21:45,9665
2018-09-16 21:50,9543
2018-09-16 21:55,9448
2018-09-16 22:00,9286
2018-09-16 22:05,9200
2018-09-16 22:10,9158
2018-09-16 22:15,9046
2018-09-16 22:20,8988
2018-09-16 22:25,8890
2018-09-16 22:30,8703
2018-09-16 22:35,8590
2018-09-16 22:40,8559
2018-09-16 22:45,8550
2018-09-16 22:50,8492
2018-09-16 22:55,8416
2018-09-16 23:00,8341
2018-09-16 23:05,8251
2018-09-16 23:10,8167
2018-09-16 23:15,8110
2018-09-16 23:20,8045
2018-09-16 23:25,7996
2018-09-16 23:30,7919
2018-09-16 23:35,7912
2018-09-16 23:40,7828
2018-09-16 23:45,7853
2018-09-16 23:50,7861
2018-09-16 23:55,7861
2018-09-17 00:00,7825
2018-09-17 00:05,7823
2018-09-17 00:10,7828
2018-09-17 00:15,7819
2018-09-17 00:20,7798
2018-09-17 00:25,7707
2018-09-17 00:30,7710
2018-09-17 00:35,7692
2018-09-17 00:40,7711
2018-09-17 00:45,7697
2018-09-17 00:50,7691
2018-09-17 00:55,7620
2018-09-17 01:00,7585
2018-09-17 01:05,7504
2018-09-17 01:10,7472
2018-09-17 01:15,7458
2018-09-17 01:20,7368
2018-09-17 01:25,7340
2018-09-17 01:30,7318
2018-09-17 01:35,7301
2018-09-17 01:40,7273
2018-09-17 01:45,7241
2018-09-17 01:50,7240
2018-09-17 01:55,7189
2018-09-17 02:00,7211
2018-09-17 02:05,7147
2018-09-17 02:10,7113
2018-09-17 02:15,7044
2018-09-17 02:20,6987
2018-09-17 02:25,6921
2018-09-17 02:30,6830
2018-09-17 02:35,6716
2018-09-17 02:40,6647
2018-09-17 02:45,6578
2018-09-17 02:50,6491
2018-09-17 02:55,6425
2018-09-17 03:00,6417
2018-09-17 03:05,6330
2018-09-17 03:10,6274
2018-09-17 03:15,6194
2018-09-17 03:20,6127
2018-09-17 03:25,6080
2018-09-17 03:30,6024
2018-09-17 03:35,5956
2018-09-17 03:40,5911
2018-09-17 03:45,5844
2018-09-17 03:50,5752
2018-09-17 03:55,5622
2018-09-17 04:00,5509
2018-09-17 04:05,5423
2018-09-17 04:10,5324
2018-09-17 04:15,5186
2018-09-17 04:20,5135
2018-09-17 04:25,5083
2018-09-17 04:30,4972
2018-09-17 04:35,4825
2018-09-17 04:40,4710
2018-09-17 04:45,4656
2018-09-17 04:50,4565
2018-09-17 04:55,4483
2018-09-17 05:00,4363
2018-09-17 05:05,4266
2018-09-17 05:10,4152
2018-09-17 05:15,4093
2018-09-17 05:20,4034
2018-09-17 05:25,3934
2018-09-17 05:30,3840
2018-09-17 05:35,3744
2018-09-17 05:40,3704
2018-09-17 05:45,3668
2018-09-17 05:50,3615
2018-09-17 05:55,3561
2018-09-17 06:00,3510
2018-09-17 06:05,3472
2018-09-17 06:10,3429
2018-09-17 06:15,3352
2018-09-17 06:20,3301
2018-09-17 06:25,3251
2018-09-17 06:30,3185
2018-09-17 06:35,3164
2018-09-17 06:40,3130
2018-09-17 06:45,3106
2018-09-17 06:50,3069
2018-09-17 06:55,3039
2018-09-17 07:00,3057
2018-09-17 07:05,3018
2018-09-17 07:10,2993
2018-09-17 07:15,2972
2018-09-17 07:20,2934
2018-09-17 07:25,2928
2018-09-17 07:30,2884
2018-09-17 07:35,2852
2018-09-17 07:40,2830
2018-09-17 07:45,2827
2018-09-17 07:50,2815
2018-09-17 07:55,2810
2018-09-17 08:00,2835
2018-09-17 08:05,2826
2018-09-17 08:10,2842
2018-09-17 08:15,2822
2018-09-17 08:20,2848
2018-09-17 08:25,2876
2018-09-17 08:30,2897
2018-09-17 08:35,2867
2018-09-17 08:40,2894
2018-09-17 08:45,2916
2018-09-17 08:50,2920
2018-09-17 08:55,2933
2018-09-17 09:00,2905
2018-09-17 09:05,2939
2018-09-17 09:10,2997
2018-09-17 09:15,3030
2018-09-17 09:20,3046
2018-09-17 09:25,3109
2018-09-17 09:30,3133
2018-09-17 09:35,3159
2018-09-17 09:40,3186
2018-09-17 09:45,3197
2018-09-17 09:50,3225
2018-09-17 09:55,3250
2018-09-17 10:00,3297
2018-09-17 10:05,3346
2018-09-17 10:10,3364
2018-09-17 10:15,3420
2018-09-17 10:20,3458
2018-09-17 10:25,3500
2018-09-17 10:30,3546
2018-09-17 10:35,3543
2018-09-17 10:40,3554
2018-09-17 10:45,3544
2018-09-17 10:50,3579
2018-09-17 10:55,3613
2018-09-17 11:00,3620
2018-09-17 11:05,3681
2018-09-17 11:10,3692
2018-09-17 11:15,3714
2018-09-17 11:20,3752
2018-09-17 11:25,3830
2018-09-17 11:30,3857
2018-09-17 11:35,3924
2018-09-17 11:40,3974
2018-09-17 11:45,3993
2018-09-17 11:50,4039
2018-09-17 11:55,
2018-09-17 12:00,4100
2018-09-17 12:05,4139
2018-09-17 12:10,4182
2018-09-17 12:15,4263
2018-09-17 12:20,4293
2018-09-17 12:25,4347
2018-09-17 12:30,4410
2018-09-17 12:35,4450
2018-09-17 12:40,4548
2018-09-17 12:45,4617
2018-09-17 12:50,4729
2018-09-17 12:55,4765
2018-09-17 13:00,4811
2018-09-17 13:05,4857
2018-09-17 13:10,4942
2018-09-17 13:15,4994
2018-09-17 13:20,4936
2018-09-17 13:25,4872
2018-09-17 13:30,4894
2018-09-17 13:35,4244
2018-09-17 13:40,3384
2018-09-17 13:45,2732
2018-09-17 13:50,2072
2018-09-17 13:55,1602
2018-09-17 14:00,1366
2018-09-17 14:05,1237
2018-09-17 14:10,1228
2018-09-17 14:15,1246
2018-09-17 14:20,1224
2018-09-17 14:25,1250
2018-09-17 14:30,1246
2018-09-17 14:35,1280
2018-09-17 14:40,1343
2018-09-17 14:45,1398
2018-09-17 14:50,1461
2018-09-17 14:55,1486
2018-09-17 15:00,1524
2018-09-17 15:05,1519
2018-09-17 15:10,1366
2018-09-17 15:15,1206
2018-09-17 15:20,1086
2018-09-17 15:25,1055
2018-09-17 15:30,1045
2018-09-17 15:35,1074
2018-09-17 15:40,1106
2018-09-17 15:45,1166
2018-09-17 15:50,1284
2018-09-17 15:55,1956
2018-09-17 16:00,2438
2018-09-17 16:05,2847
2018-09-17 16:10,3250
2018-09-17 16:15,3588
2018-09-17 16:20,3907
2018-09-17 16:25,4276
2018-09-17 16:30,4595
2018-09-17 16:35,4924
2018-09-17 16:40,5227
2018-09-17 16:45,5468
2018-09-17 16:50,5673
2018-09-17 16:55,5914
2018-09-17 17:00,6097
2018-09-17 17:05,6310
2018-09-17 17:10,6504
2018-09-17 17:15,6669
2018-09-17 17:20,6876
2018-09-17 17:25,7059
2018-09-17 17:30,7198
2018-09-17 17:35,7325
2018-09-17 17:40,7473
2018-09-17 17:45,7642
2018-09-17 17:50,7728
2018-09-17 17:55,7856
2018-09-17 18:00,7979
2018-09-17 18:05,8056
2018-09-17 18:10,8141
2018-09-17 18:15,8250
2018-09-17 18:20,8321
2018-09-17 18:25,8412
2018-09-17 18:30,8478
2018-09-17 18:35,8590
2018-09-17 18:40,8621
2018-09-17 18:45,8658
2018-09-17 18:50,8678
2018-09-17 18:55,8753
2018-09-17 19:00,8806
2018-09-17 19:05,8810
2018-09-17 19:10,8869
2018-09-17 19:15,8871
2018-09-17 19:20,8933
2018-09-17 19:25,9007
2018-09-17 19:30,9063
2018-09-17 19:35,9011
2018-09-17 19:40,9051
2018-09-17 19:45,9088
2018-09-17 19:50,9104
2018-09-17 19:55,9101
2018-09-17 20:00,9092
2018-09-17 20:05,9081
2018-09-17 20:10,9054
2018-09-17 20:15,9091
2018-09-17 20:20,9011
2018-09-17 20:25,8944
2018-09-17 20:30,8840
2018-09-17 20:35,8784
2018-09-17 20:40,8757
2018-09-17 20:45,8680
2018-09-17 20:50,8627
2018-09-17 20:55,8585
2018-09-17 21:00,8527
2018-09-17 21:05,8484
2018-09-17 21:10,8385
2018-09-17 21:15,8306
2018-09-17 21:20,8241
2018-09-17 21:25,8179
2018-09-17 21:30,8101
2018-09-17 21:35,8021
2018-09-17 21:40,7931
2018-09-17 21:45,7876
2018-09-17 21:50,7802
2018-09-17 21:55,7761
2018-09-17 22:00,7619
2018-09-17 22:05,7560
2018-09-17 22:10,7459
2018-09-17 22:15,7386
2018-09-17 22:20,7368
2018-09-17 22:25,7273
2018-09-17 22:30,7201
2018-09-17 22:35,7202
2018-09-17 22:40,7117
2018-09-17 22:45,7140
2018-09-17 22:50,7181
2018-09-17 22:55,7136
2018-09-17 23:00,7086
2018-09-17 23:05,7075
2018-09-17 23:10,7074
2018-09-17 23:15,7072
2018-09-17 23:20,7029
2018-09-17 23:25,7048
2018-09-17 23:30,7020
2018-09-17 23:35,6976
2018-09-17 23:40,6966
2018-09-17 23:45,6982
2018-09-17 23:50,6950
2018-09-17 23:55,6969
2018-09-18 00:00,6961
2018-09-18 00:05,6964
2018-09-18 00:10,6954
2018-09-18 00:15,6915
2018-09-18 00:20,6896
2018-09-18 00:25,6928
2018-09-18 00:30,6913
2018-09-18 00:35,6871
2018-09-18 00:40,6894
2018-09-18 00:45,6873
2018-09-18 00:50,6863
2018-09-18 00:55,6855
2018-09-18 01:00,6883
2018-09-18 01:05,6889
2018-09-18 01:10,6900
2018-09-18 01:15,6874
2018-09-18 01:20,6851
2018-09-18 01:25,6879
2018-09-18 01:30,6915
2018-09-18 01:35,6926
2018-09-18 01:40,6956
2018-09-18 01:45,6924
2018-09-18 01:50,6921
2018-09-18 01:55,6955
2018-09-18 02:00,6904
2018-09-18 02:05,6894
2018-09-18 02:10,6870
2018-09-18 02:15,6830
2018-09-18 02:20,6827
2018-09-18 02:25,6783
2018-09-18 02:30,6741
2018-09-18 02:35,6721
2018-09-18 02:40,6644
2018-09-18 02:45,6637
2018-09-18 02:50,6623
2018-09-18 02:55,6530
2018-09-18 03:00,6497
2018-09-18 03:05,6412
2018-09-18 03:10,6313
2018-09-18 03:15,6234
2018-09-18 03:20,6193
2018-09-18 03:25,6085
2018-09-18 03:30,5966
2018-09-18 03:35,5886
2018-09-18 03:40,5803
2018-09-18 03:45,5750
2018-09-18 03:50,5602
2018-09-18 03:55,5534
2018-09-18 04:00,5471
2018-09-18 04:05,5355
2018-09-18 04:10,5266
2018-09-18 04:15,5191
2018-09-18 04:20,5136
2018-09-18 04:25,5040
2018-09-18 04:30,4938
2018-09-18 04:35,4865
2018-09-18 04:40,4792
2018-09-18 04:45,4683
2018-09-18 04:50,4579
2018-09-18 04:55,4507
2018-09-18 05:00,4411
2018-09-18 05:05,4290
2018-09-18 05:10,4231
2018-09-18 05:15,4158
2018-09-18 05:20,4083
2018-09-18 05:25,4022
2018-09-18 05:30,3902
2018-09-18 05:35,3852
2018-09-18 05:40,3771
2018-09-18 05:45,3680
2018-09-18 05:50,3658
2018-09-18 05:55,3615
2018-09-18 06:00,3572
2018-09-18 06:05,3504
2018-09-18 06:10,3441
2018-09-18 06:15,
2018-09-18 06:20,3362
2018-09-18 06:25,3345
2018-09-18 06:30,3331
2018-09-18 06:35,3275
2018-09-18 06:40,3233
2018-09-18 06:45,3202
2018-09-18 06:50,3179
2018-09-18 06:55,3126
2018-09-18 07:00,3096
2018-09-18 07:05,3065
2018-09-18 07:10,3063
2018-09-18 07:15,3058
2018-09-18 07:20,3076
2018-09-18 07:25,3061
2018-09-18 07:30,3086
2018-09-18 07:35,3069
2018-09-18 07:40,3072
2018-09-18 07:45,3019
2018-09-18 07:50,3015
2018-09-18 07:55,3013
2018-09-18 08:00,3012
2018-09-18 08:05,3019
2018-09-18 08:10,3005
2018-09-18 08:15,3043
2018-09-18 08:20,3076
2018-09-18 08:25,3073
2018-09-18 08:30,3093
2018-09-18 08:35,3101
2018-09-18 08:40,3110
2018-09-18 08:45,3111
2018-09-18 08:50,3105
2018-09-18 08:55,3093
2018-09-18 09:00,3115
2018-09-18 09:05,3158
2018-09-18 09:10,3241
2018-09-18 09:15,3283
2018-09-18 09:20,3331
2018-09-18 09:25,3392
2018-09-18 09:30,3386
2018-09-18 09:35,3399
2018-09-18 09:40,3470
2018-09-18 09:45,3481
2018-09-18 09:50,3515
2018-09-18 09:55,3591
2018-09-18 10:00,3612
2018-09-18 10:05,3668
2018-09-18 10:10,3682
2018-09-18 10:15,3757
2018-09-18 10:20,3809
2018-09-18 10:25,3837
2018-09-18 10:30,3870
2018-09-18 10:35,3898
2018-09-18 10:40,3938
2018-09-18 10:45,3980
2018-09-18 10:50,4032
2018-09-18 10:55,4064
2018-09-18 11:00,4086
2018-09-18 11:05,4124
2018-09-18 11:10,4187
2018-09-18 11:15,4228
2018-09-18 11:20,4241
2018-09-18 11:25,4279
2018-09-18 11:30,4317
2018-09-18 11:35,4318
2018-09-18 11:40,4358
2018-09-18 11:45,4399
2018-09-18 11:50,4463
2018-09-18 11:55,4489
2018-09-18 12:00,4538
2018-09-18 12:05,4565
2018-09-18 12:10,4627
2018-09-18 12:15,4649
2018-09-18 12:20,4693
2018-09-18 12:25,4780
2018-09-18 12:30,4862
2018-09-18 12:35,4934
2018-09-18 12:40,4997
2018-09-18 12:45,5066
2018-09-18 12:50,5176
2018-09-18 12:55,5245
2018-09-18 13:00,5325
2018-09-18 13:05,5389
2018-09-18 13:10,5472
2018-09-18 13:15,5537
2018-09-18 13:20,5620
2018-09-18 13:25,5676
2018-09-18 13:30,5780
2018-09-18 13:35,5888
2018-09-18 13:40,5947
2018-09-18 13:45,6009
2018-09-18 13:50,6101
2018-09-18 13:55,6168
2018-09-18 14:00,6267
2018-09-18 14:05,6362
2018-09-18 14:10,6424
2018-09-18 14:15,6515
2018-09-18 14:20,6622
2018-09-18 14:25,6713
2018-09-18 14:30,6828
2018-09-18 14:35,6850
2018-09-18 14:40,6949
2018-09-18 14:45,7002
2018-09-18 14:50,7062
2018-09-18 14:55,7103
2018-09-18 15:00,7172
2018-09-18 15:05,7229
2018-09-18 15:10,7286
2018-09-18 15:15,7357
2018-09-18 15:20,7435
2018-09-18 15:25,7555
2018-09-18 15:30,7654
2018-09-18 15:35,7658
2018-09-18 15:40,7717
2018-09-18 15:45,7767
2018-09-18 15:50,7824
2018-09-18 15:55,7892
2018-09-18 16:00,7912
2018-09-18 16:05,
2018-09-18 16:10,7962
2018-09-18 16:15,8065
2018-09-18 16:20,8112
2018-09-18 16:25,8226
2018-09-18 16:30,8376
2018-09-18 16:35,8437
2018-09-18 16:40,8517
2018-09-18 16:45,8583
2018-09-18 16:50,8675
2018-09-18 16:55,8771
2018-09-18 17:00,8855
2018-09-18 17:05,8956
2018-09-18 17:10,9020
2018-09-18 17:15,9083
2018-09-18 17:20,9097
2018-09-18 17:25,9169
2018-09-18 17:30,9242
2018-09-18 17:35,9347
2018-09-18 17:40,9428
2018-09-18 17:45,9492
2018-09-18 17:50,9630
2018-09-18 17:55,9707
2018-09-18 18:00,9862
2018-09-18 18:05,9911
2018-09-18 18:10,9956
2018-09-18 18:15,10005
2018-09-18 18:20,10041
2018-09-18 18:25,10160
2018-09-18 18:30,10230
2018-09-18 18:35,10292
2018-09-18 18:40,10333
2018-09-18 18:45,10354
2018-09-18 18:50,10370
2018-09-18 18:55,10339
2018-09-18 19:00,10314
2018-09-18 19:05,10320
2018-09-18 19:10,10354
2018-09-18 19:15,10432
2018-09-18 19:20,10432
2018-09-18 19:25,10479
2018-09-18 19:30,10428
2018-09-18 19:35,10359
2018-09-18 19:40,10358
2018-09-18 19:45,10292
2018-09-18 19:50,10276
2018-09-18 19:55,10232
2018-09-18 20:00,10170
2018-09-18 20:05,10125
2018-09-18 20:10,10078
2018-09-18 20:15,10033
2018-09-18 20:20,9983
2018-09-18 20:25,9997
2018-09-18 20:30,9864
2018-09-18 20:35,9795
2018-09-18 20:40,9736
2018-09-18 20:45,9699
2018-09-18 20:50,9606
2018-09-18 20:55,9489
2018-09-18 21:00,9459
2018-09-18 21:05,9436
2018-09-18 21:10,9389
2018-09-18 21:15,9341
2018-09-18 21:20,9285
2018-09-18 21:25,9224
2018-09-18 21:30,9094
2018-09-18 21:35,9060
2018-09-18 21:40,8983
2018-09-18 21:45,8938
2018-09-18 21:50,8853
2018-09-18 21:55,8767
2018-09-18 22:00,8654
2018-09-18 22:05,8605
2018-09-18 22:10,8451
2018-09-18 22:15,8379
2018-09-18 22:20,8327
2018-09-18 22:25,8288
2018-09-18 22:30,8300
2018-09-18 22:35,8249
2018-09-18 22:40,8157
2018-09-18 22:45,8124
2018-09-18 22:50,8116
2018-09-18 22:55,8082
2018-09-18 23:00,7999
2018-09-18 23:05,7948
2018-09-18 23:10,7900
2018-09-18 23:15,7887
2018-09-18 23:20,7869
2018-09-18 23:25,7856
2018-09-18 23:30,
2018-09-18 23:35,0
2018-09-18 23:40,7254
2018-09-18 23:45,7702
2018-09-18 23:50,7727
2018-09-18 23:55,7699
2018-09-19 00:00,7692
2018-09-19 00:05,7699
2018-09-19 00:10,7622
2018-09-19 00:15,7609
2018-09-19 00:20,7622
2018-09-19 00:25,7639
2018-09-19 00:30,7598
2018-09-19 00:35,7617
2018-09-19 00:40,7667
2018-09-19 00:45,7754
2018-09-19 00:50,7715
2018-09-19 00:55,7730
2018-09-19 01:00,7765
2018-09-19 01:05,7778
2018-09-19 01:10,7806
2018-09-19 01:15,7793
2018-09-19 01:20,7826
2018-09-19 01:25,7779
2018-09-19 01:30,7766
2018-09-19 01:35,7741
2018-09-19 01:40,7723
2018-09-19 01:45,7750
2018-09-19 01:50,7661
2018-09-19 01:55,7628
2018-09-19 02:00,7557
2018-09-19 02:05,7487
2018-09-19 02:10,7443
2018-09-19 02:15,7412
2018-09-19 02:20,7334
2018-09-19 02:25,7213
2018-09-19 02:30,7177
2018-09-19 02:35,7098
2018-09-19 02:40,7079
2018-09-19 02:45,6964
2018-09-19 02:50,6915
2018-09-19 02:55,6915
2018-09-19 03:00,6862
2018-09-19 03:05,6808
2018-09-19 03:10,6731
2018-09-19 03:15,6708
2018-09-19 03:20,6558
2018-09-19 03:25,6427
2018-09-19 03:30,6328
2018-09-19 03:35,6254
2018-09-19 03:40,6217
2018-09-19 03:45,6139
2018-09-19 03:50,6023
2018-09-19 03:55,5979
2018-09-19 04:00,5874
2018-09-19 04:05,5751
2018-09-19 04:10,5673
2018-09-19 04:15,5617
2018-09-19 04:20,5505
2018-09-19 04:25,5384
2018-09-19 04:30,5321
2018-09-19 04:35,5264
2018-09-19 04:40,5144
2018-09-19 04:45,5053
2018-09-19 04:50,4983
2018-09-19 04:55,4833
2018-09-19 05:00,4717
2018-09-19 05:05,4615
2018-09-19 05:10,4547
2018-09-19 05:15,4452
2018-09-19 05:20,4303
2018-09-19 05:25,4214
2018-09-19 05:30,4115
2018-09-19 05:35,4037
2018-09-19 05:40,3982
2018-09-19 05:45,3897
2018-09-19 05:50,3830
2018-09-19 05:55,3769
2018-09-19 06:00,3702
2018-09-19 06:05,3684
2018-09-19 06:10,3623
2018-09-19 06:15,3546
2018-09-19 06:20,3449
2018-09-19 06:25,3413
2018-09-19 06:30,3358
2018-09-19 06:35,3311
2018-09-19 06:40,3282
2018-09-19 06:45,3244
2018-09-19 06:50,3176
2018-09-19 06:55,3178
2018-09-19 07:00,3126
2018-09-19 07:05,3129
2018-09-19 07:10,3079
2018-09-19 07:15,3015
2018-09-19 07:20,2966
2018-09-19 07:25,2976
2018-09-19 07:30,2965
2018-09-19 07:35,2945
2018-09-19 07:40,2946
2018-09-19 07:45,2926
2018-09-19 07:50,2915
2018-09-19 07:55,2906
2018-09-19 08:00,2915
2018-09-19 08:05,2904
2018-09-19 08:10,2937
2018-09-19 08:15,2952
2018-09-19 08:20,2978
2018-09-19 08:25,2986
2018-09-19 08:30,3025
2018-09-19 08:35,3017
2018-09-19 08:40,3024
2018-09-19 08:45,3030
2018-09-19 08:50,3005
2018-09-19 08:55,3003
2018-09-19 09:00,3014
2018-09-19 09:05,3110
2018-09-19 09:10,3229
2018-09-19 09:15,3275
2018-09-19 09:20,3333
2018-09-19 09:25,3381
2018-09-19 09:30,3428
2018-09-19 09:35,3459
2018-09-19 09:40,3488
2018-09-19 09:45,3509
2018-09-19 09:50,3528
2018-09-19 09:55,3534
2018-09-19 10:00,3551
2018-09-19 10:05,3600
2018-09-19 10:10,3644
2018-09-19 10:15,3699
2018-09-19 10:20,3746
2018-09-19 10:25,3777
2018-09-19 10:30,3856
2018-09-19 10:35,3907
2018-09-19 10:40,3950
2018-09-19 10:45,4006
2018-09-19 10:50,
2018-09-19 10:55,
2018-09-19 11:00,
2018-09-19 11:05,4149
2018-09-19 11:10,4182
2018-09-19 11:15,4218
2018-09-19 11:20,4265
2018-09-19 11:25,4316
2018-09-19 11:30,4393
2018-09-19 11:35,4454
2018-09-19 11:40,4505
2018-09-19 11:45,4564
2018-09-19 11:50,4645
2018-09-19 11:55,4664
2018-09-19 12:00,4710
2018-09-19 12:05,4763
2018-09-19 12:10,4819
2018-09-19 12:15,4854
2018-09-19 12:20,4954
2018-09-19 12:25,4971
2018-09-19 12:30,5039
2018-09-19 12:35,5084
2018-09-19 12:40,5126
2018-09-19 12:45,5119
2018-09-19 12:50,5221
2018-09-19 12:55,5279
2018-09-19 13:00,5278
2018-09-19 13:05,5267
2018-09-19 13:10,5323
2018-09-19 13:15,5348
2018-09-19 13:20,5277
2018-09-19 13:25,5305
2018-09-19 13:30,5304
2018-09-19 13:35,4474
2018-09-19 13:40,3493
2018-09-19 13:45,2744
2018-09-19 13:50,2099
2018-09-19 13:55,1571
2018-09-19 14:00,1388
2018-09-19 14:05,1214
2018-09-19 14:10,1203
2018-09-19 14:15,1218
2018-09-19 14:20,1226
2018-09-19 14:25,1221
2018-09-19 14:30,1423
2018-09-19 14:35,1619
2018-09-19 14:40,2024
2018-09-19 14:45,2649
2018-09-19 14:50,3230
2018-09-19 14:55,3798
2018-09-19 15:00,4322
2018-09-19 15:05,4727
2018-09-19 15:10,5140
2018-09-19 15:15,5574
2018-09-19 15:20,5926
2018-09-19 15:25,6193
2018-09-19 15:30,6459
2018-09-19 15:35,6678
2018-09-19 15:40,6934
2018-09-19 15:45,7105
2018-09-19 15:50,7255
2018-09-19 15:55,7428
2018-09-19 16:00,7554
2018-09-19 16:05,7687
2018-09-19 16:10,7848
2018-09-19 16:15,7960
2018-09-19 16:20,8030
2018-09-19 16:25,8161
2018-09-19 16:30,8187
2018-09-19 16:35,8318
2018-09-19 16:40,8461
2018-09-19 16:45,8537
2018-09-19 16:50,8680
2018-09-19 16:55,8732
2018-09-19 17:00,8828
2018-09-19 17:05,8917
2018-09-19 17:10,9018
2018-09-19 17:15,9066
2018-09-19 17:20,9210
2018-09-19 17:25,9288
2018-09-19 17:30,9343
2018-09-19 17:35,9397
2018-09-19 17:40,9494
2018-09-19 17:45,9599
2018-09-19 17:50,9629
2018-09-19 17:55,9713
2018-09-19 18:00,9723
2018-09-19 18:05,9780
2018-09-19 18:10,9881
2018-09-19 18:15,9980
2018-09-19 18:20,9996
2018-09-19 18:25,10112
2018-09-19 18:30,10131
2018-09-19 18:35,10180
2018-09-19 18:40,10278
2018-09-19 18:45,10240
2018-09-19 18:50,10283
2018-09-19 18:55,10307
2018-09-19 19:00,10347
2018-09-19 19:05,10326
2018-09-19 19:10,10236
2018-09-19 19:15,10173
2018-09-19 19:20,10152
2018-09-19 19:25,10194
2018-09-19 19:30,10160
2018-09-19 19:35,10120
2018-09-19 19:40,10125
2018-09-19 19:45,10102
2018-09-19 19:50,10125
2018-09-19 19:55,10057
2018-09-19 20:00,9995
2018-09-19 20:05,9970
2018-09-19 20:10,9900
2018-09-19 20:15,9867
2018-09-19 20:20,9793
2018-09-19 20:25,9738
2018-09-19 20:30,9687
2018-09-19 20:35,9600
2018-09-19 20:40,9582
2018-09-19 20:45,9537
2018-09-19 20:50,9480
2018-09-19 20:55,9468
2018-09-19 21:00,9421
2018-09-19 21:05,9284
2018-09-19 21:10,9180
2018-09-19 21:15,9111
2018-09-19 21:20,9106
2018-09-19 21:25,9049
2018-09-19 21:30,8955
2018-09-19 21:35,8821
2018-09-19 21:40,8699
2018-09-19 21:45,8615
2018-09-19 21:50,8495
2018-09-19 21:55,8404
2018-09-19 22:00,8316
2018-09-19 22:05,8243
2018-09-19 22:10,8197
2018-09-19 22:15,8126
2018-09-19 22:20,8042
2018-09-19 22:25,8014
2018-09-19 22:30,7913
2018-09-19 22:35,7847
2018-09-19 22:40,7801
2018-09-19 22:45,7818
2018-09-19 22:50,7785
2018-09-19 22:55,7741
2018-09-19 23:00,7624
2018-09-19 23:05,7550
2018-09-19 23:10,7523
2018-09-19 23:15,7520
2018-09-19 23:20,7491
2018-09-19 23:25,7463
2018-09-19 23:30,7462
2018-09-19 23:35,7471
2018-09-19 23:40,7442
2018-09-19 23:45,7448
2018-09-19 23:50,7352
2018-09-19 23:55,7363
2018-09-20 00:00,7343
2018-09-20 00:05,7368
2018-09-20 00:10,7378
2018-09-20 00:15,7417
2018-09-20 00:20,7437
2018-09-20 00:25,7438
2018-09-20 00:30,7476
2018-09-20 00:35,7452
2018-09-20 00:40,7468
2018-09-20 00:45,7448
2018-09-20 00:50,7420
2018-09-20 00:55,7450
2018-09-20 01:00,7438
2018-09-20 01:05,7398
2018-09-20 01:10,7381
2018-09-20 01:15,7382
2018-09-20 01:20,7373
2018-09-20 01:25,7436
2018-09-20 01:30,7436
2018-09-20 01:35,7390
2018-09-20 01:40,7350
2018-09-20 01:45,7321
2018-09-20 01:50,7250
2018-09-20 01:55,7251
2018-09-20 02:00,7221
2018-09-20 02:05,7176
2018-09-20 02:10,7139
2018-09-20 02:15,7124
2018-09-20 02:20,7107
2018-09-20 02:25,7050
2018-09-20 02:30,7004
2018-09-20 02:35,6981
2018-09-20 02:40,6891
2018-09-20 02:45,6856
2018-09-20 02:50,6796
2018-09-20 02:55,6749
2018-09-20 03:00,6700
2018-09-20 03:05,6588
2018-09-20 03:10,6503
2018-09-20 03:15,6398
2018-09-20 03:20,6349
2018-09-20 03:25,6239
2018-09-20 03:30,6221
2018-09-20 03:35,6143
2018-09-20 03:40,6032
2018-09-20 03:45,5957
2018-09-20 03:50,5866
2018-09-20 03:55,5790
2018-09-20 04:00,5672
2018-09-20 04:05,5533
2018-09-20 04:10,5461
2018-09-20 04:15,5430
2018-09-20 04:20,5308
2018-09-20 04:25,5176
2018-09-20 04:30,5119
2018-09-20 04:35,5050
2018-09-20 04:40,4996
2018-09-20 04:45,4916
2018-09-20 04:50,4774
2018-09-20 04:55,4680
2018-09-20 05:00,4614
2018-09-20 05:05,4548
2018-09-20 05:10,4442
2018-09-20 05:15,4396
2018-09-20 05:20,4319
2018-09-20 05:25,4239
2018-09-20 05:30,4145
2018-09-20 05:35,4080
2018-09-20 05:40,4024
2018-09-20 05:45,3938
2018-09-20 05:50,3842
2018-09-20 05:55,3768
2018-09-20 06:00,3719
2018-09-20 06:05,3668
2018-09-20 06:10,3628
2018-09-20 06:15,3567
2018-09-20 06:20,3489
2018-09-20 06:25,3438
2018-09-20 06:30,3401
2018-09-20 06:35,3359
2018-09-20 06:40,3308
2018-09-20 06:45,3237
2018-09-20 06:50,3206
2018-09-20 06:55,3184
2018-09-20 07:00,3184
2018-09-20 07:05,3161
2018-09-20 07:10,3135
2018-09-20 07:15,3120
2018-09-20 07:20,3083
2018-09-20 07:25,3044
2018-09-20 07:30,3012
2018-09-20 07:35,3012
2018-09-20 07:40,3040
2018-09-20 07:45,3030
2018-09-20 07:50,3057
2018-09-20 07:55,3081
2018-09-20 08:00,3088
2018-09-20 08:05,3118
2018-09-20 08:10,3139
2018-09-20 08:15,3143
2018-09-20 08:20,3116
2018-09-20 08:25,3131
2018-09-20 08:30,3110
2018-09-20 08:35,3125
2018-09-20 08:40,3102
2018-09-20 08:45,3072
2018-09-20 08:50,3091
2018-09-20 08:55,3127
2018-09-20 09:00,3100
2018-09-20 09:05,3165
2018-09-20 09:10,3241
2018-09-20 09:15,3276
2018-09-20 09:20,3320
2018-09-20 09:25,3376
2018-09-20 09:30,3444
2018-09-20 09:35,3470
2018-09-20 09:40,3545
2018-09-20 09:45,3604
2018-09-20 09:50,3600
2018-09-20 09:55,3594
2018-09-20 10:00,3622
2018-09-20 10:05,3641
2018-09-20 10:10,3687
2018-09-20 10:15,3713
2018-09-20 10:20,3765
2018-09-20 10:25,3775
2018-09-20 10:30,3830
2018-09-20 10:35,3821
2018-09-20 10:40,3824
2018-09-20 10:45,3876
2018-09-20 10:50,3903
2018-09-20 10:55,3914
2018-09-20 11:00,3973
2018-09-20 11:05,4037
2018-09-20 11:10,4100
2018-09-20 11:15,4148
2018-09-20 11:20,4189
2018-09-20 11:25,4261
2018-09-20 11:30,4328
2018-09-20 11:35,4388
2018-09-20 11:40,4417
2018-09-20 11:45,4440
2018-09-20 11:50,4441
2018-09-20 11:55,4528
2018-09-20 12:00,4576
2018-09-20 12:05,4606
2018-09-20 12:10,4676
2018-09-20 12:15,4744
2018-09-20 12:20,4830
2018-09-20 12:25,4845
2018-09-20 12:30,4868
2018-09-20 12:35,4930
2018-09-20 12:40,4986
2018-09-20 12:45,5057
2018-09-20 12:50,5146
2018-09-20 12:55,5214
2018-09-20 13:00,5297
2018-09-20 13:05,5405
2018-09-20 13:10,5398
2018-09-20 13:15,5463
2018-09-20 13:20,5523
2018-09-20 13:25,5638
2018-09-20 13:30,5732
2018-09-20 13:35,5870
2018-09-20 13:40,5918
2018-09-20 13:45,5958
2018-09-20 13:50,6094
2018-09-20 13:55,6131
2018-09-20 14:00,6194
2018-09-20 14:05,6314
2018-09-20 14:10,6380
2018-09-20 14:15,6463
2018-09-20 14:20,6556
2018-09-20 14:25,6655
2018-09-20 14:30,6732
2018-09-20 14:35,6818
2018-09-20 14:40,6867
2018-09-20 14:45,6920
2018-09-20 14:50,7001
2018-09-20 14:55,7037
2018-09-20 15:00,7071
2018-09-20 15:05,7184
2018-09-20 15:10,7295
2018-09-20 15:15,7350
2018-09-20 15:20,7374
2018-09-20 15:25,7404
2018-09-20 15:30,7454
2018-09-20 15:35,7534
2018-09-20 15:40,7558
2018-09-20 15:45,7620
2018-09-20 15:50,7612
2018-09-20 15:55,7643
2018-09-20 16:00,7710
2018-09-20 16:05,7749
2018-09-20 16:10,7860
2018-09-20 16:15,7968
2018-09-20 16:20,8097
2018-09-20 16:25,8145
2018-09-20 16:30,8207
2018-09-20 16:35,8296
2018-09-20 16:40,8370
2018-09-20 16:45,8445
2018-09-20 16:50,8543
2018-09-20 16:55,8663
2018-09-20 17:00,8697
2018-09-20 17:05,8787
2018-09-20 17:10,8831
2018-09-20 17:15,8910
2018-09-20 17:20,8977
2018-09-20 17:25,9018
2018-09-20 17:30,9067
2018-09-20 17:35,9139
2018-09-20 17:40,9213
2018-09-20 17:45,9212
2018-09-20 17:50,9281
2018-09-20 17:55,9365
2018-09-20 18:00,9462
2018-09-20 18:05,9471
2018-09-20 18:10,9550
2018-09-20 18:15,9651
2018-09-20 18:20,9799
2018-09-20 18:25,9846
2018-09-20 18:30,9920
2018-09-20 18:35,9981
2018-09-20 18:40,10075
2018-09-20 18:45,10094
2018-09-20 18:50,10143
2018-09-20 18:55,10198
2018-09-20 19:00,10249
2018-09-20 19:05,10287
2018-09-20 19:10,10368
2018-09-20 19:15,10398
2018-09-20 19:20,10385
2018-09-20 19:25,10377
2018-09-20 19:30,10340
2018-09-20 19:35,10334
2018-09-20 19:40,10378
2018-09-20 19:45,10440
2018-09-20 19:50,10403
2018-09-20 19:55,10330
2018-09-20 20:00,10257
2018-09-20 20:05,10177
2018-09-20 20:10,10117
2018-09-20 20:15,10107
2018-09-20 20:20,10038
2018-09-20 20:25,10014
2018-09-20 20:30,9965
2018-09-20 20:35,9869
2018-09-20 20:40,9746
2018-09-20 20:45,9766
2018-09-20 20:50,9691
2018-09-20 20:55,9589
2018-09-20 21:00,9578
2018-09-20 21:05,9461
2018-09-20 21:10,9345
2018-09-20 21:15,9238
2018-09-20 21:20,9162
2018-09-20 21:25,9131
2018-09-20 21:30,9060
2018-09-20 21:35,9050
2018-09-20 21:40,9018
2018-09-20 21:45,8961
2018-09-20 21:50,8886
2018-09-20 21:55,8830
2018-09-20 22:00,8756
2018-09-20 22:05,8664
2018-09-20 22:10,8676
2018-09-20 22:15,8605
2018-09-20 22:20,8497
2018-09-20 22:25,8413
2018-09-20 22:30,8351
2018-09-20 22:35,8346
2018-09-20 22:40,8294
2018-09-20 22:45,8125
2018-09-20 22:50,8038
2018-09-20 22:55,7988
2018-09-20 23:00,7928
2018-09-20 23:05,7870
2018-09-20 23:10,7838
2018-09-20 23:15,7783
2018-09-20 23:20,7753
2018-09-20 23:25,7721
2018-09-20 23:30,7697
2018-09-20 23:35,7535
2018-09-20 23:40,7530
2018-09-20 23:45,7506
2018-09-20 23:50,7502
2018-09-20 23:55,7458
2018-09-21 00:00,7479
2018-09-21 00:05,7418
2018-09-21 00:10,7383
2018-09-21 00:15,7421
2018-09-21 00:20,7437
2018-09-21 00:25,7375
2018-09-21 00:30,7402
2018-09-21 00:35,7379
2018-09-21 00:40,7343
2018-09-21 00:45,7355
2018-09-21 00:50,7324
2018-09-21 00:55,7298
2018-09-21 01:00,7294
2018-09-21 01:05,7301
2018-09-21 01:10,7270
2018-09-21 01:15,7264
2018-09-21 01:20,7246
2018-09-21 01:25,7280
2018-09-21 01:30,7294
2018-09-21 01:35,7328
2018-09-21 01:40,7323
2018-09-21 01:45,7316
2018-09-21 01:50,7310
2018-09-21 01:55,7320
2018-09-21 02:00,7298
2018-09-21 02:05,7277
2018-09-21 02:10,7271
2018-09-21 02:15,7242
2018-09-21 02:20,7219
2018-09-21 02:25,7166
2018-09-21 02:30,7122
2018-09-21 02:35,7061
2018-09-21 02:40,7000
2018-09-21 02:45,6927
2018-09-21 02:50,6914
2018-09-21 02:55,6876
2018-09-21 03:00,6758
2018-09-21 03:05,6699
2018-09-21 03:10,6657
2018-09-21 03:15,6588
2018-09-21 03:20,6572
2018-09-21 03:25,6516
2018-09-21 03:30,6442
2018-09-21 03:35,6355
2018-09-21 03:40,6269
2018-09-21 03:45,6209
2018-09-21 03:50,6161
2018-09-21 03:55,6106
2018-09-21 04:00,6048
2018-09-21 04:05,5892
2018-09-21 04:10,5798
2018-09-21 04:15,5748
2018-09-21 04:20,5630
2018-09-21 04:25,5522
2018-09-21 04:30,5453
2018-09-21 04:35,5383
2018-09-21 04:40,5313
2018-09-21 04:45,5222
2018-09-21 04:50,5121
2018-09-21 04:55,4943
2018-09-21 05:00,4823
2018-09-21 05:05,4720
2018-09-21 05:10,4618
2018-09-21 05:15,4515
2018-09-21 05:20,4444
2018-09-21 05:25,4328
2018-09-21 05:30,4247
2018-09-21 05:35,4145
2018-09-21 05:40,4096
2018-09-21 05:45,3992
2018-09-21 05:50,3981
2018-09-21 05:55,3934
2018-09-21 06:00,3902
2018-09-21 06:05,3815
2018-09-21 06:10,3728
2018-09-21 06:15,3652
2018-09-21 06:20,3648
2018-09-21 06:25,3597
2018-09-21 06:30,3520
2018-09-21 06:35,3465
2018-09-21 06:40,3414
2018-09-21 06:45,3359
2018-09-21 06:50,3280
2018-09-21 06:55,3243
2018-09-21 07:00,3180
2018-09-21 07:05,3138
2018-09-21 07:10,3101
2018-09-21 07:15,3049
2018-09-21 07:20,3050
2018-09-21 07:25,3036
2018-09-21 07:30,3027
2018-09-21 07:35,3031
2018-09-21 07:40,3038
2018-09-21 07:45,3024
2018-09-21 07:50,3033
2018-09-21 07:55,2996
2018-09-21 08:00,2990
2018-09-21 08:05,3002
2018-09-21 08:10,2991
2018-09-21 08:15,3038
2018-09-21 08:20,3011
2018-09-21 08:25,3003
2018-09-21 08:30,3028
2018-09-21 08:35,3010
2018-09-21 08:40,3014
2018-09-21 08:45,2995
2018-09-21 08:50,3013
2018-09-21 08:55,3037
2018-09-21 09:00,3062
2018-09-21 09:05,3141
2018-09-21 09:10,3250
2018-09-21 09:15,3360
2018-09-21 09:20,3414
2018-09-21 09:25,3538
2018-09-21 09:30,3599
2018-09-21 09:35,3649
2018-09-21 09:40,3667
2018-09-21 09:45,3714
2018-09-21 09:50,3673
2018-09-21 09:55,3657
2018-09-21 10:00,3696
2018-09-21 10:05,3713
2018-09-21 10:10,3788
2018-09-21 10:15,3847
2018-09-21 10:20,3885
2018-09-21 10:25,3938
2018-09-21 10:30,3977
2018-09-21 10:35,4047
2018-09-21 10:40,4109
2018-09-21 10:45,4165
2018-09-21 10:50,4229
2018-09-21 10:55,4299
2018-09-21 11:00,4315
2018-09-21 11:05,4392
2018-09-21 11:10,4471
2018-09-21 11:15,4525
2018-09-21 11:20,4547
2018-09-21 11:25,4614
2018-09-21 11:30,4660
2018-09-21 11:35,4738
2018-09-21 11:40,4814
2018-09-21 11:45,4896
2018-09-21 11:50,4985
2018-09-21 11:55,5051
2018-09-21 12:00,5103
2018-09-21 12:05,5166
2018-09-21 12:10,5257
2018-09-21 12:15,5330
2018-09-21 12:20,5414
2018-09-21 12:25,5464
2018-09-21 12:30,5559
2018-09-21 12:35,5616
2018-09-21 12:40,5665
2018-09-21 12:45,5710
2018-09-21 12:50,5834
2018-09-21 12:55,5911
2018-09-21 13:00,5959
2018-09-21 13:05,6024
2018-09-21 13:10,6119
2018-09-21 13:15,6193
2018-09-21 13:20,6312
2018-09-21 13:25,6492
2018-09-21 13:30,6605
2018-09-21 13:35,6714
2018-09-21 13:40,6745
2018-09-21 13:45,6858
2018-09-21 13:50,6901
2018-09-21 13:55,7003
2018-09-21 14:00,7037
2018-09-21 14:05,7168
2018-09-21 14:10,7184
2018-09-21 14:15,7258
2018-09-21 14:20,7366
2018-09-21 14:25,7430
2018-09-21 14:30,7484
2018-09-21 14:35,7560
2018-09-21 14:40,7634
2018-09-21 14:45,7705
2018-09-21 14:50,7764
2018-09-21 14:55,7833
2018-09-21 15:00,7881
2018-09-21 15:05,7970
2018-09-21 15:10,8026
2018-09-21 15:15,8119
2018-09-21 15:20,8171
2018-09-21 15:25,8190
2018-09-21 15:30,8266
2018-09-21 15:35,8342
2018-09-21 15:40,8373
2018-09-21 15:45,8441
2018-09-21 15:50,8516
2018-09-21 15:55,8553
2018-09-21 16:00,8618
2018-09-21 16:05,8664
2018-09-21 16:10,8685
2018-09-21 16:15,8734
2018-09-21 16:20,8819
2018-09-21 16:25,8906
2018-09-21 16:30,8960
2018-09-21 16:35,9003
2018-09-21 16:40,9101
2018-09-21 16:45,9188
2018-09-21 16:50,9302
2018-09-21 16:55,9396
2018-09-21 17:00,9495
2018-09-21 17:05,9525
2018-09-21 17:10,9599
2018-09-21 17:15,9704
2018-09-21 17:20,9774
2018-09-21 17:25,9912
2018-09-21 17:30,9955
2018-09-21 17:35,9990
2018-09-21 17:40,10046
2018-09-21 17:45,10077
2018-09-21 17:50,10137
2018-09-21 17:55,10139
2018-09-21 18:00,10171
2018-09-21 18:05,10208
2018-09-21 18:10,10239
2018-09-21 18:15,10280
2018-09-21 18:20,10346
2018-09-21 18:25,10432
2018-09-21 18:30,10444
2018-09-21 18:35,
2018-09-21 18:40,
2018-09-21 18:45,10624
2018-09-21 18:50,10574
2018-09-21 18:55,10596
2018-09-21 19:00,10649
2018-09-21 19:05,10707
2018-09-21 19:10,10772
2018-09-21 19:15,10784
2018-09-21 19:20,10815
2018-09-21 19:25,10786
2018-09-21 19:30,10838
2018-09-21 19:35,10905
2018-09-21 19:40,11018
2018-09-21 19:45,11049
2018-09-21 19:50,11132
2018-09-21 19:55,11123
2018-09-21 20:00,11224
2018-09-21 20:05,11341
2018-09-21 20:10,11460
2018-09-21 20:15,11525
2018-09-21 20:20,11551
2018-09-21 20:25,11543
2018-09-21 20:30,11556
2018-09-21 20:35,11500
2018-09-21 20:40,11539
2018-09-21 20:45,11486
2018-09-21 20:50,11498
2018-09-21 20:55,11462
2018-09-21 21:00,11447
2018-09-21 21:05,11459
2018-09-21 21:10,11375
2018-09-21 21:15,11376
2018-09-21 21:20,11328
2018-09-21 21:25,11269
2018-09-21 21:30,11205
2018-09-21 21:35,11125
2018-09-21 21:40,11010
2018-09-21 21:45,10941
2018-09-21 21:50,10883
2018-09-21 21:55,10854
2018-09-21 22:00,10835
2018-09-21 22:05,10766
2018-09-21 22:10,10650
2018-09-21 22:15,10594
2018-09-21 22:20,10494
2018-09-21 22:25,10436
2018-09-21 22:30,10383
2018-09-21 22:35,
2018-09-21 22:40,10237
2018-09-21 22:45,10207
2018-09-21 22:50,10172
2018-09-21 22:55,9909
2018-09-21 23:00,9729
2018-09-21 23:05,9624
2018-09-21 23:10,9502
2018-09-21 23:15,9485
2018-09-21 23:20,9412
2018-09-21 23:25,9369
2018-09-21 23:30,9251
2018-09-21 23:35,9162
2018-09-21 23:40,9058
2018-09-21 23:45,8999
2018-09-21 23:50,8967
2018-09-21 23:55,8903
2018-09-22 00:00,8850
2018-09-22 00:05,8760
2018-09-22 00:10,8732
2018-09-22 00:15,8698
2018-09-22 00:20,8686
2018-09-22 00:25,8651
2018-09-22 00:30,8626
2018-09-22 00:35,8580
2018-09-22 00:40,8617
2018-09-22 00:45,8623
2018-09-22 00:50,8592
2018-09-22 00:55,8528
2018-09-22 01:00,8485
2018-09-22 01:05,8446
2018-09-22 01:10,8465
2018-09-22 01:15,8450
2018-09-22 01:20,8392
2018-09-22 01:25,8386
2018-09-22 01:30,8392
2018-09-22 01:35,8350
2018-09-22 01:40,8358
2018-09-22 01:45,8353
2018-09-22 01:50,8340
2018-09-22 01:55,8320
2018-09-22 02:00,8274
2018-09-22 02:05,8299
2018-09-22 02:10,8222
2018-09-22 02:15,8205
2018-09-22 02:20,8158
2018-09-22 02:25,8186
2018-09-22 02:30,8232
2018-09-22 02:35,8250
2018-09-22 02:40,8280
2018-09-22 02:45,8247
2018-09-22 02:50,8275
2018-09-22 02:55,8255
2018-09-22 03:00,8249
2018-09-22 03:05,8187
2018-09-22 03:10,8125
2018-09-22 03:15,8046
2018-09-22 03:20,8028
2018-09-22 03:25,7932
2018-09-22 03:30,7851
2018-09-22 03:35,7827
2018-09-22 03:40,7800
2018-09-22 03:45,7753
2018-09-22 03:50,7704
2018-09-22 03:55,7620
2018-09-22 04:00,7539
2018-09-22 04:05,7449
2018-09-22 04:10,7398
2018-09-22 04:15,7297
2018-09-22 04:20,7206
2018-09-22 04:25,7118
2018-09-22 04:30,7063
2018-09-22 04:35,7020
2018-09-22 04:40,6947
2018-09-22 04:45,6896
2018-09-22 04:50,6791
2018-09-22 04:55,6690
2018-09-22 05:00,6623
2018-09-22 05:05,6573
2018-09-22 05:10,6473
2018-09-22 05:15,6381
2018-09-22 05:20,6306
2018-09-22 05:25,6235
2018-09-22 05:30,6152
2018-09-22 05:35,6049
2018-09-22 05:40,5991
2018-09-22 05:45,5898
2018-09-22 05:50,5825
2018-09-22 05:55,5741
2018-09-22 06:00,5646
2018-09-22 06:05,5575
2018-09-22 06:10,5507
2018-09-22 06:15,5413
2018-09-22 06:20,5352
2018-09-22 06:25,5252
2018-09-22 06:30,5180
2018-09-22 06:35,5124
2018-09-22 06:40,5096
2018-09-22 06:45,5050
2018-09-22 06:50,5019
2018-09-22 06:55,4953
2018-09-22 07:00,4899
2018-09-22 07:05,4879
2018-09-22 07:10,4861
2018-09-22 07:15,4831
2018-09-22 07:20,4823
2018-09-22 07:25,4845
2018-09-22 07:30,4786
2018-09-22 07:35,4738
2018-09-22 07:40,4696
2018-09-22 07:45,4708
2018-09-22 07:50,4696
2018-09-22 07:55,4667
2018-09-22 08:00,4693
2018-09-22 08:05,4691
2018-09-22 08:10,4691
2018-09-22 08:15,4692
2018-09-22 08:20,4731
2018-09-22 08:25,4723
2018-09-22 08:30,4759
2018-09-22 08:35,4791
2018-09-22 08:40,4810
2018-09-22 08:45,4816
2018-09-22 08:50,4840
2018-09-22 08:55,4920
2018-09-22 09:00,4989
2018-09-22 09:05,5073
2018-09-22 09:10,5148
2018-09-22 09:15,5260
2018-09-22 09:20,5346
2018-09-22 09:25,5488
2018-09-22 09:30,5584
2018-09-22 09:35,5615
2018-09-22 09:40,5652
2018-09-22 09:45,5695
2018-09-22 09:50,5817
2018-09-22 09:55,5910
2018-09-22 10:00,5985
2018-09-22 10:05,6054
2018-09-22 10:10,6159
2018-09-22 10:15,6178
2018-09-22 10:20,6152
2018-09-22 10:25,6214
2018-09-22 10:30,6298
2018-09-22 10:35,6280
2018-09-22 10:40,6361
2018-09-22 10:45,6408
2018-09-22 10:50,6452
2018-09-22 10:55,6501
2018-09-22 11:00,6579
2018-09-22 11:05,6667
2018-09-22 11:10,6676
2018-09-22 11:15,6792
2018-09-22 11:20,6835
2018-09-22 11:25,6936
2018-09-22 11:30,7021
2018-09-22 11:35,7119
2018-09-22 11:40,7196
2018-09-22 11:45,7273
2018-09-22 11:50,7337
2018-09-22 11:55,7407
2018-09-22 12:00,7534
2018-09-22 12:05,7534
2018-09-22 12:10,7648
2018-09-22 12:15,7715
2018-09-22 12:20,7802
2018-09-22 12:25,7793
2018-09-22 12:30,7858
2018-09-22 12:35,7916
2018-09-22 12:40,8010
2018-09-22 12:45,8048
2018-09-22 12:50,8108
2018-09-22 12:55,8206
2018-09-22 13:00,8255
2018-09-22 13:05,8337
2018-09-22 13:10,8441
2018-09-22 13:15,8518
2018-09-22 13:20,8626
2018-09-22 13:25,8694
2018-09-22 13:30,8814
2018-09-22 13:35,8878
2018-09-22 13:40,8945
2018-09-22 13:45,8969
2018-09-22 13:50,9032
2018-09-22 13:55,9082
2018-09-22 14:00,9133
2018-09-22 14:05,9250
2018-09-22 14:10,9359
2018-09-22 14:15,9371
2018-09-22 14:20,9508
2018-09-22 14:25,9587
2018-09-22 14:30,9624
2018-09-22 14:35,9696
2018-09-22 14:40,9736
2018-09-22 14:45,9731
2018-09-22 14:50,9798
2018-09-22 14:55,9903
2018-09-22 15:00,9968
2018-09-22 15:05,10022
2018-09-22 15:10,10118
2018-09-22 15:15,10145
2018-09-22 15:20,10189
2018-09-22 15:25,10266
2018-09-22 15:30,10295
2018-09-22 15:35,10351
2018-09-22 15:40,10399
2018-09-22 15:45,10460
2018-09-22 15:50,10549
2018-09-22 15:55,10562
2018-09-22 16:00,10595
2018-09-22 16:05,10679
2018-09-22 16:10,10819
2018-09-22 16:15,10832
2018-09-22 16:20,10781
2018-09-22 16:25,10814
2018-09-22 16:30,10879
2018-09-22 16:35,10915
2018-09-22 16:40,11062
2018-09-22 16:45,11151
2018-09-22 16:50,11168
2018-09-22 16:55,11244
2018-09-22 17:00,11311
2018-09-22 17:05,11394
2018-09-22 17:10,11447
2018-09-22 17:15,11544
2018-09-22 17:20,11587
2018-09-22 17:25,11697
2018-09-22 17:30,11710
2018-09-22 17:35,11792
2018-09-22 17:40,11870
2018-09-22 17:45,11946
2018-09-22 17:50,12020
2018-09-22 17:55,11985
2018-09-22 18:00,11987
2018-09-22 18:05,12021
2018-09-22 18:10,12075
2018-09-22 18:15,12122
2018-09-22 18:20,12235
2018-09-22 18:25,12293
2018-09-22 18:30,12305
2018-09-22 18:35,12304
2018-09-22 18:40,12339
2018-09-22 18:45,12378
2018-09-22 18:50,12414
2018-09-22 18:55,12475
2018-09-22 19:00,12478
2018-09-22 19:05,12474
2018-09-22 19:10,12472
2018-09-22 19:15,12573
2018-09-22 19:20,12632
2018-09-22 19:25,12624
2018-09-22 19:30,12635
2018-09-22 19:35,12677
2018-09-22 19:40,12653
2018-09-22 19:45,12645
2018-09-22 19:50,12621
2018-09-22 19:55,12600
2018-09-22 20:00,12562
2018-09-22 20:05,12605
2018-09-22 20:10,12626
2018-09-22 20:15,12631
2018-09-22 20:20,12583
2018-09-22 20:25,12542
2018-09-22 20:30,12532
2018-09-22 20:35,12542
2018-09-22 20:40,12500
2018-09-22 20:45,12432
2018-09-22 20:50,12349
2018-09-22 20:55,12268
2018-09-22 21:00,12225
2018-09-22 21:05,12210
2018-09-22 21:10,12115
2018-09-22 21:15,12075
2018-09-22 21:20,11905
2018-09-22 21:25,11827
2018-09-22 21:30,11740
2018-09-22 21:35,11640
2018-09-22 21:40,11524
2018-09-22 21:45,11478
2018-09-22 21:50,11376
2018-09-22 21:55,11321
2018-09-22 22:00,11221
2018-09-22 22:05,11136
2018-09-22 22:10,10984
2018-09-22 22:15,10943
2018-09-22 22:20,10866
2018-09-22 22:25,10864
2018-09-22 22:30,10741
2018-09-22 22:35,10632
2018-09-22 22:40,10599
2018-09-22 22:45,10548
2018-09-22 22:50,10413
2018-09-22 22:55,10298
2018-09-22 23:00,10166
2018-09-22 23:05,10121
2018-09-22 23:10,10051
2018-09-22 23:15,10024
2018-09-22 23:20,9963
2018-09-22 23:25,9946
2018-09-22 23:30,9841
2018-09-22 23:35,9739
2018-09-22 23:40,9660
2018-09-22 23:45,9566
2018-09-22 23:50,9469
2018-09-22 23:55,9376
2018-09-23 00:00,9308
2018-09-23 00:05,9296
2018-09-23 00:10,9194
2018-09-23 00:15,9137
2018-09-23 00:20,9079
2018-09-23 00:25,9106
2018-09-23 00:30,9043
2018-09-23 00:35,8920
2018-09-23 00:40,8894
2018-09-23 00:45,8820
2018-09-23 00:50,8770
2018-09-23 00:55,8698
2018-09-23 01:00,8708
2018-09-23 01:05,8636
2018-09-23 01:10,8636
2018-09-23 01:15,8602
2018-09-23 01:20,8587
2018-09-23 01:25,8622
2018-09-23 01:30,8629
2018-09-23 01:35,8587
2018-09-23 01:40,8602
2018-09-23 01:45,8668
2018-09-23 01:50,8628
2018-09-23 01:55,8636
2018-09-23 02:00,8624
2018-09-23 02:05,8622
2018-09-23 02:10,8632
2018-09-23 02:15,8588
2018-09-23 02:20,8562
2018-09-23 02:25,8557
2018-09-23 02:30,8545
2018-09-23 02:35,8579
2018-09-23 02:40,8590
2018-09-23 02:45,8559
2018-09-23 02:50,8539
2018-09-23 02:55,8511
2018-09-23 03:00,8380
2018-09-23 03:05,8350
2018-09-23 03:10,8295
2018-09-23 03:15,8322
2018-09-23 03:20,8269
2018-09-23 03:25,8216
2018-09-23 03:30,8193
2018-09-23 03:35,8215
2018-09-23 03:40,8179
2018-09-23 03:45,8164
2018-09-23 03:50,8125
2018-09-23 03:55,8051
2018-09-23 04:00,7967
2018-09-23 04:05,7892
2018-09-23 04:10,7830
2018-09-23 04:15,7712
2018-09-23 04:20,7641
2018-09-23 04:25,7572
2018-09-23 04:30,7486
2018-09-23 04:35,7412
2018-09-23 04:40,7296
2018-09-23 04:45,7190
2018-09-23 04:50,7080
2018-09-23 04:55,6983
2018-09-23 05:00,6893
2018-09-23 05:05,6833
2018-09-23 05:10,6729
2018-09-23 05:15,6637
2018-09-23 05:20,6571
2018-09-23 05:25,6456
2018-09-23 05:30,6345
2018-09-23 05:35,6294
2018-09-23 05:40,6233
2018-09-23 05:45,6193
2018-09-23 05:50,6098
2018-09-23 05:55,6022
2018-09-23 06:00,5922
2018-09-23 06:05,5819
2018-09-23 06:10,5747
2018-09-23 06:15,5652
2018-09-23 06:20,5582
2018-09-23 06:25,5490
2018-09-23 06:30,5432
2018-09-23 06:35,5382
2018-09-23 06:40,5308
2018-09-23 06:45,5275
2018-09-23 06:50,5282
2018-09-23 06:55,5267
2018-09-23 07:00,5265
2018-09-23 07:05,5228
2018-09-23 07:10,5188
2018-09-23 07:15,5172
2018-09-23 07:20,5118
2018-09-23 07:25,5110
2018-09-23 07:30,5065
2018-09-23 07:35,5070
2018-09-23 07:40,5067
2018-09-23 07:45,5039
2018-09-23 07:50,5038
2018-09-23 07:55,5040
2018-09-23 08:00,5073
2018-09-23 08:05,5042
2018-09-23 08:10,5062
2018-09-23 08:15,5094
2018-09-23 08:20,5102
2018-09-23 08:25,5136
2018-09-23 08:30,5179
2018-09-23 08:35,5207
2018-09-23 08:40,5248
2018-09-23 08:45,5292
2018-09-23 08:50,5294
2018-09-23 08:55,5311
2018-09-23 09:00,5361
2018-09-23 09:05,5570
2018-09-23 09:10,5738
2018-09-23 09:15,5856
2018-09-23 09:20,5937
2018-09-23 09:25,6050
2018-09-23 09:30,6098
2018-09-23 09:35,6157
2018-09-23 09:40,6239
2018-09-23 09:45,6353
2018-09-23 09:50,6345
2018-09-23 09:55,6387
2018-09-23 10:00,6446
2018-09-23 10:05,6509
2018-09-23 10:10,6534
2018-09-23 10:15,6595
2018-09-23 10:20,6712
2018-09-23 10:25,6722
2018-09-23 10:30,6748
2018-09-23 10:35,6863
2018-09-23 10:40,6962
2018-09-23 10:45,7078
2018-09-23 10:50,7125
2018-09-23 10:55,7224
2018-09-23 11:00,7252
2018-09-23 11:05,7297
2018-09-23 11:10,7394
2018-09-23 11:15,7402
2018-09-23 11:20,7488
2018-09-23 11:25,7584
2018-09-23 11:30,7679
2018-09-23 11:35,7708
2018-09-23 11:40,7778
2018-09-23 11:45,7863
2018-09-23 11:50,7938
2018-09-23 11:55,7984
2018-09-23 12:00,8053
2018-09-23 12:05,8127
2018-09-23 12:10,8135
2018-09-23 12:15,8219
2018-09-23 12:20,8331
2018-09-23 12:25,8335
2018-09-23 12:30,8364
2018-09-23 12:35,8442
2018-09-23 12:40,8510
2018-09-23 12:45,8587
2018-09-23 12:50,8651
2018-09-23 12:55,8766
2018-09-23 13:00,8852
2018-09-23 13:05,8952
2018-09-23 13:10,9027
2018-09-23 13:15,9134
2018-09-23 13:20,9228
2018-09-23 13:25,9304
2018-09-23 13:30,9366
2018-09-23 13:35,9473
2018-09-23 13:40,9610
2018-09-23 13:45,9664
2018-09-23 13:50,9764
2018-09-23 13:55,9903
2018-09-23 14:00,9978
2018-09-23 14:05,10087
2018-09-23 14:10,10171
2018-09-23 14:15,10281
2018-09-23 14:20,10343
2018-09-23 14:25,10431
2018-09-23 14:30,10532
2018-09-23 14:35,10614
2018-09-23 14:40,10678
2018-09-23 14:45,10806
2018-09-23 14:50,10923
2018-09-23 14:55,10979
2018-09-23 15:00,11053
2018-09-23 15:05,11094
2018-09-23 15:10,11186
2018-09-23 15:15,11255
2018-09-23 15:20,11277
2018-09-23 15:25,11331
2018-09-23 15:30,11361
2018-09-23 15:35,11421
2018-09-23 15:40,11471
2018-09-23 15:45,11533
2018-09-23 15:50,11592
2018-09-23 15:55,11691
2018-09-23 16:00,11715
2018-09-23 16:05,11793
2018-09-23 16:10,11888
2018-09-23 16:15,11898
2018-09-23 16:20,11925
2018-09-23 16:25,11995
2018-09-23 16:30,12059
2018-09-23 16:35,12186
2018-09-23 16:40,12229
2018-09-23 16:45,12263
2018-09-23 16:50,12215
2018-09-23 16:55,12255
2018-09-23 17:00,12251
2018-09-23 17:05,12269
2018-09-23 17:10,12281
2018-09-23 17:15,12368
2018-09-23 17:20,12433
2018-09-23 17:25,12484
2018-09-23 17:30,12557
2018-09-23 17:35,12623
2018-09-23 17:40,12614
2018-09-23 17:45,12706
2018-09-23 17:50,12750
2018-09-23 17:55,12816
2018-09-23 18:00,12807
2018-09-23 18:05,12854
2018-09-23 18:10,12944
2018-09-23 18:15,13013
2018-09-23 18:20,13049
2018-09-23 18:25,13110
2018-09-23 18:30,13147
2018-09-23 18:35,13219
2018-09-23 18:40,13299
2018-09-23 18:45,13297
2018-09-23 18:50,13322
2018-09-23 18:55,13358
2018-09-23 19:00,13303
2018-09-23 19:05,13234
2018-09-23 19:10,13225
2018-09-23 19:15,13231
2018-09-23 19:20,13160
2018-09-23 19:25,13128
2018-09-23 19:30,13090
2018-09-23 19:35,13087
2018-09-23 19:40,13060
2018-09-23 19:45,13021
2018-09-23 19:50,12986
2018-09-23 19:55,13000
2018-09-23 20:00,12932
2018-09-23 20:05,12837
2018-09-23 20:10,12679
2018-09-23 20:15,12659
2018-09-23 20:20,12593
2018-09-23 20:25,12469
2018-09-23 20:30,12253
2018-09-23 20:35,12156
2018-09-23 20:40,12060
2018-09-23 20:45,11993
2018-09-23 20:50,11913
2018-09-23 20:55,11797
2018-09-23 21:00,11694
2018-09-23 21:05,11574
2018-09-23 21:10,11385
2018-09-23 21:15,11268
2018-09-23 21:20,11201
2018-09-23 21:25,11134
2018-09-23 21:30,10959
2018-09-23 21:35,10836
2018-09-23 21:40,10720
2018-09-23 21:45,10659
2018-09-23 21:50,10563
2018-09-23 21:55,10486
2018-09-23 22:00,10353
2018-09-23 22:05,10221
2018-09-23 22:10,10158
2018-09-23 22:15,10054
2018-09-23 22:20,9963
2018-09-23 22:25,9881
2018-09-23 22:30,9787
2018-09-23 22:35,9764
2018-09-23 22:40,9689
2018-09-23 22:45,9596
2018-09-23 22:50,9519
2018-09-23 22:55,9476
2018-09-23 23:00,9381
2018-09-23 23:05,9341
2018-09-23 23:10,9290
2018-09-23 23:15,9226
2018-09-23 23:20,9109
2018-09-23 23:25,9071
2018-09-23 23:30,9058
2018-09-23 23:35,9000
2018-09-23 23:40,8969
2018-09-23 23:45,8932
2018-09-23 23:50,8934
2018-09-23 23:55,8848
2018-09-24 00:00,8809
2018-09-24 00:05,8734
2018-09-24 00:10,8695
2018-09-24 00:15,8648
2018-09-24 00:20,8617
2018-09-24 00:25,8589
2018-09-24 00:30,8586
2018-09-24 00:35,8574
2018-09-24 00:40,8569
2018-09-24 00:45,8608
2018-09-24 00:50,8544
2018-09-24 00:55,8519
2018-09-24 01:00,8531
2018-09-24 01:05,8505
2018-09-24 01:10,8480
2018-09-24 01:15,8461
2018-09-24 01:20,8440
2018-09-24 01:25,8374
2018-09-24 01:30,8406
2018-09-24 01:35,8377
2018-09-24 01:40,8353
2018-09-24 01:45,8375
2018-09-24 01:50,8393
2018-09-24 01:55,8372
2018-09-24 02:00,8255
2018-09-24 02:05,8150
2018-09-24 02:10,8094
2018-09-24 02:15,8061
2018-09-24 02:20,8030
2018-09-24 02:25,7919
2018-09-24 02:30,7807
2018-09-24 02:35,7719
2018-09-24 02:40,7642
2018-09-24 02:45,7561
2018-09-24 02:50,7486
2018-09-24 02:55,7382
2018-09-24 03:00,7262
2018-09-24 03:05,7125
2018-09-24 03:10,7062
2018-09-24 03:15,7011
2018-09-24 03:20,6938
2018-09-24 03:25,6799
2018-09-24 03:30,6703
2018-09-24 03:35,6602
2018-09-24 03:40,6516
2018-09-24 03:45,6460
2018-09-24 03:50,6358
2018-09-24 03:55,6240
2018-09-24 04:00,6154
2018-09-24 04:05,6090
2018-09-24 04:10,5975
2018-09-24 04:15,5853
2018-09-24 04:20,5737
2018-09-24 04:25,5665
2018-09-24 04:30,5551
2018-09-24 04:35,5428
2018-09-24 04:40,5314
2018-09-24 04:45,5200
2018-09-24 04:50,5121
2018-09-24 04:55,4961
2018-09-24 05:00,4888
2018-09-24 05:05,4783
2018-09-24 05:10,4737
2018-09-24 05:15,4688
2018-09-24 05:20,4579
2018-09-24 05:25,4460
2018-09-24 05:30,4391
2018-09-24 05:35,4318
2018-09-24 05:40,4247
2018-09-24 05:45,4199
2018-09-24 05:50,4125
2018-09-24 05:55,4055
2018-09-24 06:00,4021
2018-09-24 06:05,3936
2018-09-24 06:10,3910
2018-09-24 06:15,3868
2018-09-24 06:20,3847
2018-09-24 06:25,3794
2018-09-24 06:30,3758
2018-09-24 06:35,3734
2018-09-24 06:40,3708
2018-09-24 06:45,3641
2018-09-24 06:50,3612
2018-09-24 06:55,3571
2018-09-24 07:00,3460
2018-09-24 07:05,3488
2018-09-24 07:10,3431
2018-09-24 07:15,3427
2018-09-24 07:20,3414
2018-09-24 07:25,3397
2018-09-24 07:30,3402
2018-09-24 07:35,3390
2018-09-24 07:40,3402
2018-09-24 07:45,3381
2018-09-24 07:50,3367
2018-09-24 07:55,3369
2018-09-24 08:00,3346
2018-09-24 08:05,3306
2018-09-24 08:10,3317
2018-09-24 08:15,3340
2018-09-24 08:20,3342
2018-09-24 08:25,3344
2018-09-24 08:30,3365
2018-09-24 08:35,3362
2018-09-24 08:40,3357
2018-09-24 08:45,3357
2018-09-24 08:50,3382
2018-09-24 08:55,3405
2018-09-24 09:00,3373
2018-09-24 09:05,3437
2018-09-24 09:10,3487
2018-09-24 09:15,3505
2018-09-24 09:20,3562
2018-09-24 09:25,3596
2018-09-24 09:30,3636
2018-09-24 09:35,3673
2018-09-24 09:40,3691
2018-09-24 09:45,3682
2018-09-24 09:50,3693
2018-09-24 09:55,3688
2018-09-24 10:00,3704
2018-09-24 10:05,3725
2018-09-24 10:10,3772
2018-09-24 10:15,3794
2018-09-24 10:20,3829
2018-09-24 10:25,3872
2018-09-24 10:30,3886
2018-09-24 10:35,3938
2018-09-24 10:40,3939
2018-09-24 10:45,3980
2018-09-24 10:50,3994
2018-09-24 10:55,4017
2018-09-24 11:00,4052
2018-09-24 11:05,4116
2018-09-24 11:10,4113
2018-09-24 11:15,4140
2018-09-24 11:20,4221
2018-09-24 11:25,4283
2018-09-24 11:30,4335
2018-09-24 11:35,4404
2018-09-24 11:40,4410
2018-09-24 11:45,4499
2018-09-24 11:50,4536
2018-09-24 11:55,4604
2018-09-24 12:00,4644
2018-09-24 12:05,4651
2018-09-24 12:10,4747
2018-09-24 12:15,4751
2018-09-24 12:20,4789
2018-09-24 12:25,4864
2018-09-24 12:30,4959
2018-09-24 12:35,4905
2018-09-24 12:40,4955
2018-09-24 12:45,4970
2018-09-24 12:50,5021
2018-09-24 12:55,5063
2018-09-24 13:00,5113
2018-09-24 13:05,5115
2018-09-24 13:10,5175
2018-09-24 13:15,5221
2018-09-24 13:20,5188
2018-09-24 13:25,5189
2018-09-24 13:30,5191
2018-09-24 13:35,4220
2018-09-24 13:40,3350
2018-09-24 13:45,2727
2018-09-24 13:50,2062
2018-09-24 13:55,1631
2018-09-24 14:00,1452
2018-09-24 14:05,1348
2018-09-24 14:10,1324
2018-09-24 14:15,1334
2018-09-24 14:20,1361
2018-09-24 14:25,1368
2018-09-24 14:30,1421
2018-09-24 14:35,1690
2018-09-24 14:40,1690
2018-09-24 14:45,1957
2018-09-24 14:50,2422
2018-09-24 14:55,2967
2018-09-24 15:00,3541
2018-09-24 15:05,4073
2018-09-24 15:10,4519
2018-09-24 15:15,5022
2018-09-24 15:20,5389
2018-09-24 15:25,5726
2018-09-24 15:30,6098
2018-09-24 15:35,6456
2018-09-24 15:40,6689
2018-09-24 15:45,6948
2018-09-24 15:50,7199
2018-09-24 15:55,7432
2018-09-24 16:00,7617
2018-09-24 16:05,7799
2018-09-24 16:10,7990
2018-09-24 16:15,8165
2018-09-24 16:20,8274
2018-09-24 16:25,8436
2018-09-24 16:30,8525
2018-09-24 16:35,8689
2018-09-24 16:40,8758
2018-09-24 16:45,8858
2018-09-24 16:50,8952
2018-09-24 16:55,9006
2018-09-24 17:00,9142
2018-09-24 17:05,9183
2018-09-24 17:10,9339
2018-09-24 17:15,9411
2018-09-24 17:20,9540
2018-09-24 17:25,9677
2018-09-24 17:30,9785
2018-09-24 17:35,9893
2018-09-24 17:40,9986
2018-09-24 17:45,9990
2018-09-24 17:50,10014
2018-09-24 17:55,10016
2018-09-24 18:00,10087
2018-09-24 18:05,10163
2018-09-24 18:10,10188
2018-09-24 18:15,10240
2018-09-24 18:20,10348
2018-09-24 18:25,10379
2018-09-24 18:30,10451
2018-09-24 18:35,10497
2018-09-24 18:40,10573
2018-09-24 18:45,10659
2018-09-24 18:50,10700
2018-09-24 18:55,10666
2018-09-24 19:00,10587
2018-09-24 19:05,10580
2018-09-24 19:10,10549
2018-09-24 19:15,10530
2018-09-24 19:20,10472
2018-09-24 19:25,10527
2018-09-24 19:30,10527
2018-09-24 19:35,10451
2018-09-24 19:40,10431
2018-09-24 19:45,10422
2018-09-24 19:50,10392
2018-09-24 19:55,10345
2018-09-24 20:00,10255
2018-09-24 20:05,10189
2018-09-24 20:10,10094
2018-09-24 20:15,10024
2018-09-24 20:20,9952
2018-09-24 20:25,9914
2018-09-24 20:30,9860
2018-09-24 20:35,9844
2018-09-24 20:40,9791
2018-09-24 20:45,9718
2018-09-24 20:50,9647
2018-09-24 20:55,9558
2018-09-24 21:00,9482
2018-09-24 21:05,9358
2018-09-24 21:10,9294
2018-09-24 21:15,9283
2018-09-24 21:20,9191
2018-09-24 21:25,9166
2018-09-24 21:30,9108
2018-09-24 21:35,9106
2018-09-24 21:40,8969
2018-09-24 21:45,8870
2018-09-24 21:50,8782
2018-09-24 21:55,8723
2018-09-24 22:00,8649
2018-09-24 22:05,8595
2018-09-24 22:10,8546
2018-09-24 22:15,8476
2018-09-24 22:20,8351
2018-09-24 22:25,8275
2018-09-24 22:30,8155
2018-09-24 22:35,8093
2018-09-24 22:40,8031
2018-09-24 22:45,8030
2018-09-24 22:50,7945
2018-09-24 22:55,7885
2018-09-24 23:00,7865
2018-09-24 23:05,7809
2018-09-24 23:10,7805
2018-09-24 23:15,7767
2018-09-24 23:20,7690
2018-09-24 23:25,7719
2018-09-24 23:30,7712
2018-09-24 23:35,7732
2018-09-24 23:40,7655
2018-09-24 23:45,7627
2018-09-24 23:50,7603
2018-09-24 23:55,7568
2018-09-25 00:00,7558
2018-09-25 00:05,7569
2018-09-25 00:10,7562
2018-09-25 00:15,7587
2018-09-25 00:20,7630
2018-09-25 00:25,7591
2018-09-25 00:30,7590
2018-09-25 00:35,7595
2018-09-25 00:40,7598
2018-09-25 00:45,7579
2018-09-25 00:50,7552
2018-09-25 00:55,7515
2018-09-25 01:00,7470
2018-09-25 01:05,7475
2018-09-25 01:10,7452
2018-09-25 01:15,7480
2018-09-25 01:20,7508
2018-09-25 01:25,7444
2018-09-25 01:30,7439
2018-09-25 01:35,7422
2018-09-25 01:40,7385
2018-09-25 01:45,7406
2018-09-25 01:50,7388
2018-09-25 01:55,7352
2018-09-25 02:00,7309
2018-09-25 02:05,7292
2018-09-25 02:10,7273
2018-09-25 02:15,7195
2018-09-25 02:20,7074
2018-09-25 02:25,6991
2018-09-25 02:30,6991
2018-09-25 02:35,6924
2018-09-25 02:40,6841
2018-09-25 02:45,6798
2018-09-25 02:50,6779
2018-09-25 02:55,6662
2018-09-25 03:00,6531
2018-09-25 03:05,6492
2018-09-25 03:10,6416
2018-09-25 03:15,6308
2018-09-25 03:20,6257
2018-09-25 03:25,6210
2018-09-25 03:30,6124
2018-09-25 03:35,6025
2018-09-25 03:40,5967
2018-09-25 03:45,5911
2018-09-25 03:50,5781
2018-09-25 03:55,5692
2018-09-25 04:00,5623
2018-09-25 04:05,5516
2018-09-25 04:10,5434
2018-09-25 04:15,5380
2018-09-25 04:20,5282
2018-09-25 04:25,5173
2018-09-25 04:30,5064
2018-09-25 04:35,4978
2018-09-25 04:40,4864
2018-09-25 04:45,4811
2018-09-25 04:50,4735
2018-09-25 04:55,4636
2018-09-25 05:00,4504
2018-09-25 05:05,4444
2018-09-25 05:10,4339
2018-09-25 05:15,4180
2018-09-25 05:20,4104
2018-09-25 05:25,4059
2018-09-25 05:30,4013
2018-09-25 05:35,3914
2018-09-25 05:40,3851
2018-09-25 05:45,3779
2018-09-25 05:50,3694
2018-09-25 05:55,3671
2018-09-25 06:00,3604
2018-09-25 06:05,3512
2018-09-25 06:10,3445
2018-09-25 06:15,3385
2018-09-25 06:20,3326
2018-09-25 06:25,3246
2018-09-25 06:30,3219
2018-09-25 06:35,3199
2018-09-25 06:40,3118
2018-09-25 06:45,3108
2018-09-25 06:50,3075
2018-09-25 06:55,3046
2018-09-25 07:00,3013
2018-09-25 07:05,2976
2018-09-25 07:10,2962
2018-09-25 07:15,2953
2018-09-25 07:20,2911
2018-09-25 07:25,2883
2018-09-25 07:30,2889
2018-09-25 07:35,2882
2018-09-25 07:40,2890
2018-09-25 07:45,2872
2018-09-25 07:50,2898
2018-09-25 07:55,2862
2018-09-25 08:00,2834
2018-09-25 08:05,2789
2018-09-25 08:10,2761
2018-09-25 08:15,2750
2018-09-25 08:20,2780
2018-09-25 08:25,2815
2018-09-25 08:30,2811
2018-09-25 08:35,2832
2018-09-25 08:40,2850
2018-09-25 08:45,2865
2018-09-25 08:50,2857
2018-09-25 08:55,2892
2018-09-25 09:00,2913
2018-09-25 09:05,2982
2018-09-25 09:10,3070
2018-09-25 09:15,3086
2018-09-25 09:20,3142
2018-09-25 09:25,3189
2018-09-25 09:30,3224
2018-09-25 09:35,3279
2018-09-25 09:40,3278
2018-09-25 09:45,3286
2018-09-25 09:50,3312
2018-09-25 09:55,3348
2018-09-25 10:00,3358
2018-09-25 10:05,3407
2018-09-25 10:10,3401
2018-09-25 10:15,3433
2018-09-25 10:20,3479
2018-09-25 10:25,3532
2018-09-25 10:30,3564
2018-09-25 10:35,3610
2018-09-25 10:40,3663
2018-09-25 10:45,3689
2018-09-25 10:50,3731
2018-09-25 10:55,3781
2018-09-25 11:00,3807
2018-09-25 11:05,3833
2018-09-25 11:10,3897
2018-09-25 11:15,3953
2018-09-25 11:20,3957
2018-09-25 11:25,4026
2018-09-25 11:30,4092
2018-09-25 11:35,4109
2018-09-25 11:40,4159
2018-09-25 11:45,4225
2018-09-25 11:50,4284
2018-09-25 11:55,4348
2018-09-25 12:00,4425
2018-09-25 12:05,4493
2018-09-25 12:10,4564
2018-09-25 12:15,4622
2018-09-25 12:20,4651
2018-09-25 12:25,4689
2018-09-25 12:30,4773
2018-09-25 12:35,4845
2018-09-25 12:40,4928
2018-09-25 12:45,4997
2018-09-25 12:50,5094
2018-09-25 12:55,5180
2018-09-25 13:00,5278
2018-09-25 13:05,5356
2018-09-25 13:10,5419
2018-09-25 13:15,5536
2018-09-25 13:20,5676
2018-09-25 13:25,5779
2018-09-25 13:30,5837
2018-09-25 13:35,5963
2018-09-25 13:40,5999
2018-09-25 13:45,6104
2018-09-25 13:50,6195
2018-09-25 13:55,6197
2018-09-25 14:00,6259
2018-09-25 14:05,6349
2018-09-25 14:10,6413
2018-09-25 14:15,6486
2018-09-25 14:20,6558
2018-09-25 14:25,6643
2018-09-25 14:30,6708
2018-09-25 14:35,6787
2018-09-25 14:40,6848
2018-09-25 14:45,6955
2018-09-25 14:50,7060
2018-09-25 14:55,7119
2018-09-25 15:00,7203
2018-09-25 15:05,7215
2018-09-25 15:10,7308
2018-09-25 15:15,7360
2018-09-25 15:20,7437
2018-09-25 15:25,7554
2018-09-25 15:30,7616
2018-09-25 15:35,7723
2018-09-25 15:40,7753
2018-09-25 15:45,7761
2018-09-25 15:50,7866
2018-09-25 15:55,7981
2018-09-25 16:00,8067
2018-09-25 16:05,8081
2018-09-25 16:10,8152
2018-09-25 16:15,8209
2018-09-25 16:20,8332
2018-09-25 16:25,8374
2018-09-25 16:30,8485
2018-09-25 16:35,8589
2018-09-25 16:40,8649
2018-09-25 16:45,8716
2018-09-25 16:50,8801
2018-09-25 16:55,8909
2018-09-25 17:00,8981
2018-09-25 17:05,9075
2018-09-25 17:10,9194
2018-09-25 17:15,9292
2018-09-25 17:20,9337
2018-09-25 17:25,9446
2018-09-25 17:30,9511
2018-09-25 17:35,9587
2018-09-25 17:40,9678
2018-09-25 17:45,9687
2018-09-25 17:50,9794
2018-09-25 17:55,9880
2018-09-25 18:00,9897
2018-09-25 18:05,
2018-09-25 18:10,
2018-09-25 18:15,10138
2018-09-25 18:20,10167
2018-09-25 18:25,10234
2018-09-25 18:30,10190
2018-09-25 18:35,10193
2018-09-25 18:40,10254
2018-09-25 18:45,10344
2018-09-25 18:50,10357
2018-09-25 18:55,10405
2018-09-25 19:00,10399
2018-09-25 19:05,10398
2018-09-25 19:10,10395
2018-09-25 19:15,10391
2018-09-25 19:20,10344
2018-09-25 19:25,10273
2018-09-25 19:30,10316
2018-09-25 19:35,10320
2018-09-25 19:40,10278
2018-09-25 19:45,10241
2018-09-25 19:50,10264
2018-09-25 19:55,10252
2018-09-25 20:00,10185
2018-09-25 20:05,10070
2018-09-25 20:10,9993
2018-09-25 20:15,9888
2018-09-25 20:20,9833
2018-09-25 20:25,9805
2018-09-25 20:30,9784
2018-09-25 20:35,9756
2018-09-25 20:40,9711
2018-09-25 20:45,9642
2018-09-25 20:50,9596
2018-09-25 20:55,9529
2018-09-25 21:00,9426
2018-09-25 21:05,9350
2018-09-25 21:10,9357
2018-09-25 21:15,9244
2018-09-25 21:20,9136
2018-09-25 21:25,9068
2018-09-25 21:30,8996
2018-09-25 21:35,8905
2018-09-25 21:40,8855
2018-09-25 21:45,8761
2018-09-25 21:50,8694
2018-09-25 21:55,8665
2018-09-25 22:00,8566
2018-09-25 22:05,8502
2018-09-25 22:10,8372
2018-09-25 22:15,8243
2018-09-25 22:20,8220
2018-09-25 22:25,8166
2018-09-25 22:30,8093
2018-09-25 22:35,8145
2018-09-25 22:40,8126
2018-09-25 22:45,8062
2018-09-25 22:50,8032
2018-09-25 22:55,7984
2018-09-25 23:00,7956
2018-09-25 23:05,7868
2018-09-25 23:10,7822
2018-09-25 23:15,
2018-09-25 23:20,2145
2018-09-25 23:25,6426
2018-09-25 23:30,6952
2018-09-25 23:35,7172
2018-09-25 23:40,7356
2018-09-25 23:45,7414
2018-09-25 23:50,7452
2018-09-25 23:55,7471
2018-09-26 00:00,7426
2018-09-26 00:05,7460
2018-09-26 00:10,7445
2018-09-26 00:15,7391
2018-09-26 00:20,7413
2018-09-26 00:25,7394
2018-09-26 00:30,7445
2018-09-26 00:35,7427
2018-09-26 00:40,7390
2018-09-26 00:45,7385
2018-09-26 00:50,7397
2018-09-26 00:55,7375
2018-09-26 01:00,7375
2018-09-26 01:05,7323
2018-09-26 01:10,7372
2018-09-26 01:15,7327
2018-09-26 01:20,7334
2018-09-26 01:25,7342
2018-09-26 01:30,7364
2018-09-26 01:35,7386
2018-09-26 01:40,7393
2018-09-26 01:45,7325
2018-09-26 01:50,7278
2018-09-26 01:55,7241
2018-09-26 02:00,7188
2018-09-26 02:05,7122
2018-09-26 02:10,7039
2018-09-26 02:15,6979
2018-09-26 02:20,6945
2018-09-26 02:25,6958
2018-09-26 02:30,6926
2018-09-26 02:35,6844
2018-09-26 02:40,6734
2018-09-26 02:45,6721
2018-09-26 02:50,6703
2018-09-26 02:55,6664
2018-09-26 03:00,6615
2018-09-26 03:05,6464
2018-09-26 03:10,6391
2018-09-26 03:15,6287
2018-09-26 03:20,6156
2018-09-26 03:25,6009
2018-09-26 03:30,5943
2018-09-26 03:35,5891
2018-09-26 03:40,5788
2018-09-26 03:45,5692
2018-09-26 03:50,5650
2018-09-26 03:55,5582
2018-09-26 04:00,5491
2018-09-26 04:05,5425
2018-09-26 04:10,5333
2018-09-26 04:15,5215
2018-09-26 04:20,5134
2018-09-26 04:25,5018
2018-09-26 04:30,4914
2018-09-26 04:35,4852
2018-09-26 04:40,4787
2018-09-26 04:45,4684
2018-09-26 04:50,4638
2018-09-26 04:55,4537
2018-09-26 05:00,4442
2018-09-26 05:05,4338
2018-09-26 05:10,4192
2018-09-26 05:15,3989
2018-09-26 05:20,3830
2018-09-26 05:25,3763
2018-09-26 05:30,3703
2018-09-26 05:35,3636
2018-09-26 05:40,3629
2018-09-26 05:45,3581
2018-09-26 05:50,3513
2018-09-26 05:55,3423
2018-09-26 06:00,3383
2018-09-26 06:05,3346
2018-09-26 06:10,3291
2018-09-26 06:15,3217
2018-09-26 06:20,3176
2018-09-26 06:25,3117
2018-09-26 06:30,3096
2018-09-26 06:35,3008
2018-09-26 06:40,3004
2018-09-26 06:45,2987
2018-09-26 06:50,2955
2018-09-26 06:55,2919
2018-09-26 07:00,2879
2018-09-26 07:05,2858
2018-09-26 07:10,2831
2018-09-26 07:15,2832
2018-09-26 07:20,2832
2018-09-26 07:25,2841
2018-09-26 07:30,2825
2018-09-26 07:35,2809
2018-09-26 07:40,2818
2018-09-26 07:45,2809
2018-09-26 07:50,2782
2018-09-26 07:55,2788
2018-09-26 08:00,2797
2018-09-26 08:05,2811
2018-09-26 08:10,2807
2018-09-26 08:15,2826
2018-09-26 08:20,2796
2018-09-26 08:25,2815
2018-09-26 08:30,2827
2018-09-26 08:35,2829
2018-09-26 08:40,2861
2018-09-26 08:45,2851
2018-09-26 08:50,2862
2018-09-26 08:55,2868
2018-09-26 09:00,2873
2018-09-26 09:05,2945
2018-09-26 09:10,3025
2018-09-26 09:15,3089
2018-09-26 09:20,3152
2018-09-26 09:25,3180
2018-09-26 09:30,3220
2018-09-26 09:35,3214
2018-09-26 09:40,3261
2018-09-26 09:45,3311
2018-09-26 09:50,3350
2018-09-26 09:55,3333
2018-09-26 10:00,3327
2018-09-26 10:05,3399
2018-09-26 10:10,3457
2018-09-26 10:15,3493
2018-09-26 10:20,3536
2018-09-26 10:25,3560
2018-09-26 10:30,3627
2018-09-26 10:35,3638
2018-09-26 10:40,3660
2018-09-26 10:45,3680
2018-09-26 10:50,3706
2018-09-26 10:55,3734
2018-09-26 11:00,3771
2018-09-26 11:05,3795
2018-09-26 11:10,3833
2018-09-26 11:15,3894
2018-09-26 11:20,3932
2018-09-26 11:25,3949
2018-09-26 11:30,4030
2018-09-26 11:35,4100
2018-09-26 11:40,4174
2018-09-26 11:45,4214
2018-09-26 11:50,4246
2018-09-26 11:55,4261
2018-09-26 12:00,4328
2018-09-26 12:05,4391
2018-09-26 12:10,4488
2018-09-26 12:15,4564
2018-09-26 12:20,4622
2018-09-26 12:25,4681
2018-09-26 12:30,4767
2018-09-26 12:35,4862
2018-09-26 12:40,4909
2018-09-26 12:45,4964
2018-09-26 12:50,5011
2018-09-26 12:55,5122
2018-09-26 13:00,5228
2018-09-26 13:05,5322
2018-09-26 13:10,5440
2018-09-26 13:15,5499
2018-09-26 13:20,5514
2018-09-26 13:25,5596
2018-09-26 13:30,5656
2018-09-26 13:35,5730
2018-09-26 13:40,5811
2018-09-26 13:45,5925
2018-09-26 13:50,6003
2018-09-26 13:55,6085
2018-09-26 14:00,6100
2018-09-26 14:05,6203
2018-09-26 14:10,6277
2018-09-26 14:15,6380
2018-09-26 14:20,6484
2018-09-26 14:25,6573
2018-09-26 14:30,6702
2018-09-26 14:35,6736
2018-09-26 14:40,6846
2018-09-26 14:45,6957
2018-09-26 14:50,7024
2018-09-26 14:55,7067
2018-09-26 15:00,7140
2018-09-26 15:05,7160
2018-09-26 15:10,7288
2018-09-26 15:15,7356
2018-09-26 15:20,7418
2018-09-26 15:25,7420
2018-09-26 15:30,7442
2018-09-26 15:35,7508
2018-09-26 15:40,7554
2018-09-26 15:45,7609
2018-09-26 15:50,7670
2018-09-26 15:55,7755
2018-09-26 16:00,
2018-09-26 16:05,7814
2018-09-26 16:10,7922
2018-09-26 16:15,7954
2018-09-26 16:20,7987
2018-09-26 16:25,8159
2018-09-26 16:30,8182
2018-09-26 16:35,8223
2018-09-26 16:40,8312
2018-09-26 16:45,8410
2018-09-26 16:50,8487
2018-09-26 16:55,8565
2018-09-26 17:00,8632
2018-09-26 17:05,8634
2018-09-26 17:10,8688
2018-09-26 17:15,8715
2018-09-26 17:20,8845
2018-09-26 17:25,8897
2018-09-26 17:30,8985
2018-09-26 17:35,9132
2018-09-26 17:40,9281
2018-09-26 17:45,9390
2018-09-26 17:50,9491
2018-09-26 17:55,9566
2018-09-26 18:00,9494
2018-09-26 18:05,9499
2018-09-26 18:10,9560
2018-09-26 18:15,9556
2018-09-26 18:20,9597
2018-09-26 18:25,9689
2018-09-26 18:30,9729
2018-09-26 18:35,9808
2018-09-26 18:40,9860
2018-09-26 18:45,9867
2018-09-26 18:50,9907
2018-09-26 18:55,9925
2018-09-26 19:00,9924
2018-09-26 19:05,9962
2018-09-26 19:10,9961
2018-09-26 19:15,9995
2018-09-26 19:20,9992
2018-09-26 19:25,9993
2018-09-26 19:30,9886
2018-09-26 19:35,9836
2018-09-26 19:40,9865
2018-09-26 19:45,9856
2018-09-26 19:50,9865
2018-09-26 19:55,9868
2018-09-26 20:00,9787
2018-09-26 20:05,9707
2018-09-26 20:10,9596
2018-09-26 20:15,9657
2018-09-26 20:20,9590
2018-09-26 20:25,9532
2018-09-26 20:30,9543
2018-09-26 20:35,9478
2018-09-26 20:40,9432
2018-09-26 20:45,9411
2018-09-26 20:50,9351
2018-09-26 20:55,9327
2018-09-26 21:00,9179
2018-09-26 21:05,8960
2018-09-26 21:10,8836
2018-09-26 21:15,8707
2018-09-26 21:20,8657
2018-09-26 21:25,8623
2018-09-26 21:30,8518
2018-09-26 21:35,8489
2018-09-26 21:40,8427
2018-09-26 21:45,8335
2018-09-26 21:50,8188
2018-09-26 21:55,8138
2018-09-26 22:00,8093
2018-09-26 22:05,8002
2018-09-26 22:10,7935
2018-09-26 22:15,7869
2018-09-26 22:20,7815
2018-09-26 22:25,7765
2018-09-26 22:30,7683
2018-09-26 22:35,7616
2018-09-26 22:40,7576
2018-09-26 22:45,7565
2018-09-26 22:50,7557
2018-09-26 22:55,7524
2018-09-26 23:00,7463
2018-09-26 23:05,7266
2018-09-26 23:10,7235
2018-09-26 23:15,7245
2018-09-26 23:20,7244
2018-09-26 23:25,7130
2018-09-26 23:30,7129
2018-09-26 23:35,7126
2018-09-26 23:40,7129
2018-09-26 23:45,7131
2018-09-26 23:50,7144
2018-09-26 23:55,7179
2018-09-27 00:00,7179
2018-09-27 00:05,7208
2018-09-27 00:10,7231
2018-09-27 00:15,7262
2018-09-27 00:20,7323
2018-09-27 00:25,7315
2018-09-27 00:30,7353
2018-09-27 00:35,7363
2018-09-27 00:40,7326
2018-09-27 00:45,7344
2018-09-27 00:50,7355
2018-09-27 00:55,7303
2018-09-27 01:00,7284
2018-09-27 01:05,7303
2018-09-27 01:10,7305
2018-09-27 01:15,7356
2018-09-27 01:20,7323
2018-09-27 01:25,7317
2018-09-27 01:30,7270
2018-09-27 01:35,7241
2018-09-27 01:40,7208
2018-09-27 01:45,7235
2018-09-27 01:50,7277
2018-09-27 01:55,7264
2018-09-27 02:00,7273
2018-09-27 02:05,7236
2018-09-27 02:10,7201
2018-09-27 02:15,7146
2018-09-27 02:20,7066
2018-09-27 02:25,7014
2018-09-27 02:30,6941
2018-09-27 02:35,6866
2018-09-27 02:40,6822
2018-09-27 02:45,6798
2018-09-27 02:50,6661
2018-09-27 02:55,6590
2018-09-27 03:00,6468
2018-09-27 03:05,6394
2018-09-27 03:10,6319
2018-09-27 03:15,6213
2018-09-27 03:20,6119
2018-09-27 03:25,6092
2018-09-27 03:30,5971
2018-09-27 03:35,5879
2018-09-27 03:40,5750
2018-09-27 03:45,5674
2018-09-27 03:50,5555
2018-09-27 03:55,5478
2018-09-27 04:00,5444
2018-09-27 04:05,5345
2018-09-27 04:10,5276
2018-09-27 04:15,5141
2018-09-27 04:20,5022
2018-09-27 04:25,4907
2018-09-27 04:30,4853
2018-09-27 04:35,4817
2018-09-27 04:40,4763
2018-09-27 04:45,4717
2018-09-27 04:50,4592
2018-09-27 04:55,4474
2018-09-27 05:00,4381
2018-09-27 05:05,4297
2018-09-27 05:10,4163
2018-09-27 05:15,4065
2018-09-27 05:20,3998
2018-09-27 05:25,3905
2018-09-27 05:30,3869
2018-09-27 05:35,3761
2018-09-27 05:40,3730
2018-09-27 05:45,3633
2018-09-27 05:50,3593
2018-09-27 05:55,3511
2018-09-27 06:00,3427
2018-09-27 06:05,3401
2018-09-27 06:10,3345
2018-09-27 06:15,3304
2018-09-27 06:20,3262
2018-09-27 06:25,3176
2018-09-27 06:30,3121
2018-09-27 06:35,3096
2018-09-27 06:40,3038
2018-09-27 06:45,3003
2018-09-27 06:50,2974
2018-09-27 06:55,2925
2018-09-27 07:00,2916
2018-09-27 07:05,2896
2018-09-27 07:10,2907
2018-09-27 07:15,2883
2018-09-27 07:20,2853
2018-09-27 07:25,2850
2018-09-27 07:30,2827
2018-09-27 07:35,2820
2018-09-27 07:40,2837
2018-09-27 07:45,2804
2018-09-27 07:50,2769
2018-09-27 07:55,2776
2018-09-27 08:00,2805
2018-09-27 08:05,2792
2018-09-27 08:10,2808
2018-09-27 08:15,2788
2018-09-27 08:20,2775
2018-09-27 08:25,2768
2018-09-27 08:30,2745
2018-09-27 08:35,2757
2018-09-27 08:40,2754
2018-09-27 08:45,2791
2018-09-27 08:50,2793
2018-09-27 08:55,2824
2018-09-27 09:00,2803
2018-09-27 09:05,2889
2018-09-27 09:10,2920
2018-09-27 09:15,2944
2018-09-27 09:20,2961
2018-09-27 09:25,3012
2018-09-27 09:30,3080
2018-09-27 09:35,3098
2018-09-27 09:40,3128
2018-09-27 09:45,3136
2018-09-27 09:50,3152
2018-09-27 09:55,3212
2018-09-27 10:00,3279
2018-09-27 10:05,3303
2018-09-27 10:10,3338
2018-09-27 10:15,3378
2018-09-27 10:20,3367
2018-09-27 10:25,3369
2018-09-27 10:30,3421
2018-09-27 10:35,3463
2018-09-27 10:40,3488
2018-09-27 10:45,3493
2018-09-27 10:50,3547
2018-09-27 10:55,3585
2018-09-27 11:00,3596
2018-09-27 11:05,3665
2018-09-27 11:10,3675
2018-09-27 11:15,3754
2018-09-27 11:20,3773
2018-09-27 11:25,3779
2018-09-27 11:30,3829
2018-09-27 11:35,3894
2018-09-27 11:40,3937
2018-09-27 11:45,3967
2018-09-27 11:50,4005
2018-09-27 11:55,4085
2018-09-27 12:00,4104
2018-09-27 12:05,4176
2018-09-27 12:10,4232
2018-09-27 12:15,4301
2018-09-27 12:20,4364
2018-09-27 12:25,4447
2018-09-27 12:30,4495
2018-09-27 12:35,4552
2018-09-27 12:40,4598
2018-09-27 12:45,4675
2018-09-27 12:50,4772
2018-09-27 12:55,4819
2018-09-27 13:00,4883
2018-09-27 13:05,4971
2018-09-27 13:10,5028
2018-09-27 13:15,5108
2018-09-27 13:20,5186
2018-09-27 13:25,5272
2018-09-27 13:30,5409
2018-09-27 13:35,5477
2018-09-27 13:40,5562
2018-09-27 13:45,5599
2018-09-27 13:50,5679
2018-09-27 13:55,5779
2018-09-27 14:00,5831
2018-09-27 14:05,5926
2018-09-27 14:10,6013
2018-09-27 14:15,6072
2018-09-27 14:20,6169
2018-09-27 14:25,6283
2018-09-27 14:30,6400
2018-09-27 14:35,6418
2018-09-27 14:40,6518
2018-09-27 14:45,6518
2018-09-27 14:50,6556
2018-09-27 14:55,6655
2018-09-27 15:00,6676
2018-09-27 15:05,6710
2018-09-27 15:10,6724
2018-09-27 15:15,6776
2018-09-27 15:20,6860
2018-09-27 15:25,6889
2018-09-27 15:30,6899
2018-09-27 15:35,6952
2018-09-27 15:40,7024
2018-09-27 15:45,7080
2018-09-27 15:50,7130
2018-09-27 15:55,7195
2018-09-27 16:00,7265
2018-09-27 16:05,7319
2018-09-27 16:10,7316
2018-09-27 16:15,7344
2018-09-27 16:20,0
2018-09-27 16:25,7490
2018-09-27 16:30,7571
2018-09-27 16:35,7664
2018-09-27 16:40,7726
2018-09-27 16:45,7787
2018-09-27 16:50,7874
2018-09-27 16:55,7994
2018-09-27 17:00,8046
2018-09-27 17:05,8119
2018-09-27 17:10,8194
2018-09-27 17:15,8283
2018-09-27 17:20,8395
2018-09-27 17:25,8444
2018-09-27 17:30,8479
2018-09-27 17:35,8532
2018-09-27 17:40,8622
2018-09-27 17:45,8704
2018-09-27 17:50,8770
2018-09-27 17:55,8829
2018-09-27 18:00,8866
2018-09-27 18:05,8929
2018-09-27 18:10,9059
2018-09-27 18:15,9127
2018-09-27 18:20,9199
2018-09-27 18:25,9236
2018-09-27 18:30,9279
2018-09-27 18:35,9388
2018-09-27 18:40,9393
2018-09-27 18:45,9368
2018-09-27 18:50,9430
2018-09-27 18:55,9488
2018-09-27 19:00,9483
2018-09-27 19:05,9493
2018-09-27 19:10,9480
2018-09-27 19:15,9504
2018-09-27 19:20,9516
2018-09-27 19:25,9496
2018-09-27 19:30,9475
2018-09-27 19:35,9436
2018-09-27 19:40,9482
2018-09-27 19:45,9489
2018-09-27 19:50,9427
2018-09-27 19:55,9468
2018-09-27 20:00,9446
2018-09-27 20:05,9313
2018-09-27 20:10,9279
2018-09-27 20:15,9268
2018-09-27 20:20,9261
2018-09-27 20:25,9263
2018-09-27 20:30,9205
2018-09-27 20:35,9168
2018-09-27 20:40,9091
2018-09-27 20:45,9118
2018-09-27 20:50,9046
2018-09-27 20:55,9017
2018-09-27 21:00,8955
2018-09-27 21:05,8931
2018-09-27 21:10,8866
2018-09-27 21:15,8813
2018-09-27 21:20,8733
2018-09-27 21:25,8686
2018-09-27 21:30,8628
2018-09-27 21:35,8631
2018-09-27 21:40,8531
2018-09-27 21:45,8482
2018-09-27 21:50,8392
2018-09-27 21:55,8312
2018-09-27 22:00,8239
2018-09-27 22:05,8151
2018-09-27 22:10,8071
2018-09-27 22:15,8013
2018-09-27 22:20,7961
2018-09-27 22:25,7855
2018-09-27 22:30,7794
2018-09-27 22:35,7696
2018-09-27 22:40,0
2018-09-27 22:45,7605
2018-09-27 22:50,7576
2018-09-27 22:55,7511
2018-09-27 23:00,7510
2018-09-27 23:05,7517
2018-09-27 23:10,7491
2018-09-27 23:15,7445
2018-09-27 23:20,7349
2018-09-27 23:25,7320
2018-09-27 23:30,7310
2018-09-27 23:35,7263
2018-09-27 23:40,7306
2018-09-27 23:45,7262
2018-09-27 23:50,7279
2018-09-27 23:55,7256
2018-09-28 00:00,7290
2018-09-28 00:05,7240
2018-09-28 00:10,7204
2018-09-28 00:15,7245
2018-09-28 00:20,7290
2018-09-28 00:25,7253
2018-09-28 00:30,7304
2018-09-28 00:35,7234
2018-09-28 00:40,7185
2018-09-28 00:45,7148
2018-09-28 00:50,7140
2018-09-28 00:55,7109
2018-09-28 01:00,7107
2018-09-28 01:05,7067
2018-09-28 01:10,7046
2018-09-28 01:15,7012
2018-09-28 01:20,7006
2018-09-28 01:25,6941
2018-09-28 01:30,6934
2018-09-28 01:35,6974
2018-09-28 01:40,0
2018-09-28 01:45,6978
2018-09-28 01:50,6961
2018-09-28 01:55,6895
2018-09-28 02:00,6815
2018-09-28 02:05,6854
2018-09-28 02:10,6816
2018-09-28 02:15,6808
2018-09-28 02:20,6770
2018-09-28 02:25,6722
2018-09-28 02:30,6670
2018-09-28 02:35,6625
2018-09-28 02:40,6531
2018-09-28 02:45,6494
2018-09-28 02:50,6520
2018-09-28 02:55,6523
2018-09-28 03:00,6495
2018-09-28 03:05,6436
2018-09-28 03:10,6338
2018-09-28 03:15,6255
2018-09-28 03:20,6230
2018-09-28 03:25,6136
2018-09-28 03:30,6042
2018-09-28 03:35,5958
2018-09-28 03:40,5858
2018-09-28 03:45,5840
2018-09-28 03:50,5724
2018-09-28 03:55,5623
2018-09-28 04:00,5516
2018-09-28 04:05,5398
2018-09-28 04:10,5288
2018-09-28 04:15,5196
2018-09-28 04:20,5124
2018-09-28 04:25,5042
2018-09-28 04:30,4973
2018-09-28 04:35,4877
2018-09-28 04:40,4832
2018-09-28 04:45,4718
2018-09-28 04:50,4664
2018-09-28 04:55,4581
2018-09-28 05:00,4526
2018-09-28 05:05,4419
2018-09-28 05:10,4344
2018-09-28 05:15,4280
2018-09-28 05:20,4207
2018-09-28 05:25,4130
2018-09-28 05:30,4040
2018-09-28 05:35,3968
2018-09-28 05:40,3915
2018-09-28 05:45,3867
2018-09-28 05:50,3801
2018-09-28 05:55,3718
2018-09-28 06:00,3671
2018-09-28 06:05,3575
2018-09-28 06:10,3501
2018-09-28 06:15,3450
2018-09-28 06:20,3422
2018-09-28 06:25,3356
2018-09-28 06:30,3314
2018-09-28 06:35,3276
2018-09-28 06:40,3211
2018-09-28 06:45,3154
2018-09-28 06:50,3147
2018-09-28 06:55,3112
2018-09-28 07:00,3041
2018-09-28 07:05,3017
2018-09-28 07:10,2966
2018-09-28 07:15,2951
2018-09-28 07:20,2954
2018-09-28 07:25,2945
2018-09-28 07:30,2931
2018-09-28 07:35,2942
2018-09-28 07:40,2917
2018-09-28 07:45,2901
2018-09-28 07:50,2874
2018-09-28 07:55,2874
2018-09-28 08:00,2841
2018-09-28 08:05,2856
2018-09-28 08:10,2849
2018-09-28 08:15,2852
2018-09-28 08:20,2875
2018-09-28 08:25,2873
2018-09-28 08:30,2856
2018-09-28 08:35,2866
2018-09-28 08:40,2880
2018-09-28 08:45,2871
2018-09-28 08:50,2945
2018-09-28 08:55,2940
2018-09-28 09:00,2955
2018-09-28 09:05,2976
2018-09-28 09:10,3038
2018-09-28 09:15,3084
2018-09-28 09:20,3078
2018-09-28 09:25,3108
2018-09-28 09:30,3160
2018-09-28 09:35,3209
2018-09-28 09:40,3218
2018-09-28 09:45,3276
2018-09-28 09:50,3321
2018-09-28 09:55,3357
2018-09-28 10:00,3397
2018-09-28 10:05,3392
2018-09-28 10:10,3428
2018-09-28 10:15,3454
2018-09-28 10:20,3491
2018-09-28 10:25,3527
2018-09-28 10:30,3566
2018-09-28 10:35,3608
2018-09-28 10:40,3665
2018-09-28 10:45,3682
2018-09-28 10:50,3723
2018-09-28 10:55,3788
2018-09-28 11:00,3832
2018-09-28 11:05,3888
2018-09-28 11:10,3943
2018-09-28 11:15,3975
2018-09-28 11:20,3990
2018-09-28 11:25,4078
2018-09-28 11:30,4117
2018-09-28 11:35,4178
2018-09-28 11:40,4234
2018-09-28 11:45,4321
2018-09-28 11:50,4375
2018-09-28 11:55,4435
2018-09-28 12:00,4445
2018-09-28 12:05,4531
2018-09-28 12:10,4572
2018-09-28 12:15,4606
2018-09-28 12:20,4723
2018-09-28 12:25,4828
2018-09-28 12:30,4888
2018-09-28 12:35,4918
2018-09-28 12:40,5005
2018-09-28 12:45,5097
2018-09-28 12:50,5142
2018-09-28 12:55,5163
2018-09-28 13:00,5226
2018-09-28 13:05,5259
2018-09-28 13:10,5364
2018-09-28 13:15,5409
2018-09-28 13:20,5522
2018-09-28 13:25,5624
2018-09-28 13:30,5743
2018-09-28 13:35,5780
2018-09-28 13:40,5865
2018-09-28 13:45,5912
2018-09-28 13:50,6046
2018-09-28 13:55,6173
2018-09-28 14:00,6183
2018-09-28 14:05,6227
2018-09-28 14:10,6292
2018-09-28 14:15,6379
2018-09-28 14:20,6474
2018-09-28 14:25,6595
2018-09-28 14:30,6676
2018-09-28 14:35,6747
2018-09-28 14:40,6772
2018-09-28 14:45,6841
2018-09-28 14:50,6904
2018-09-28 14:55,6953
2018-09-28 15:00,7029
2018-09-28 15:05,7048
2018-09-28 15:10,7120
2018-09-28 15:15,7189
2018-09-28 15:20,7244
2018-09-28 15:25,7321
2018-09-28 15:30,7319
2018-09-28 15:35,7429
2018-09-28 15:40,7477
2018-09-28 15:45,7568
2018-09-28 15:50,7548
2018-09-28 15:55,7580
2018-09-28 16:00,7631
2018-09-28 16:05,7669
2018-09-28 16:10,7754
2018-09-28 16:15,7782
2018-09-28 16:20,7832
2018-09-28 16:25,7886
2018-09-28 16:30,7906
2018-09-28 16:35,7980
2018-09-28 16:40,8031
2018-09-28 16:45,8097
2018-09-28 16:50,8189
2018-09-28 16:55,8221
2018-09-28 17:00,8319
2018-09-28 17:05,8404
2018-09-28 17:10,8440
2018-09-28 17:15,8515
2018-09-28 17:20,8577
2018-09-28 17:25,8627
2018-09-28 17:30,8655
2018-09-28 17:35,8749
2018-09-28 17:40,8788
2018-09-28 17:45,8860
2018-09-28 17:50,8942
2018-09-28 17:55,8984
2018-09-28 18:00,9059
2018-09-28 18:05,9084
2018-09-28 18:10,9135
2018-09-28 18:15,9258
2018-09-28 18:20,9332
2018-09-28 18:25,9434
2018-09-28 18:30,9485
2018-09-28 18:35,9523
2018-09-28 18:40,9529
2018-09-28 18:45,9576
2018-09-28 18:50,9691
2018-09-28 18:55,9749
2018-09-28 19:00,9756
2018-09-28 19:05,9765
2018-09-28 19:10,9781
2018-09-28 19:15,9861
2018-09-28 19:20,9865
2018-09-28 19:25,9939
2018-09-28 19:30,9992
2018-09-28 19:35,10007
2018-09-28 19:40,10012
2018-09-28 19:45,10060
2018-09-28 19:50,10145
2018-09-28 19:55,10261
2018-09-28 20:00,10284
2018-09-28 20:05,10300
2018-09-28 20:10,10272
2018-09-28 20:15,10297
2018-09-28 20:20,10304
2018-09-28 20:25,10277
2018-09-28 20:30,10260
2018-09-28 20:35,10252
2018-09-28 20:40,10210
2018-09-28 20:45,10221
2018-09-28 20:50,10236
2018-09-28 20:55,10111
2018-09-28 21:00,10103
2018-09-28 21:05,10064
2018-09-28 21:10,9974
2018-09-28 21:15,9905
2018-09-28 21:20,9916
2018-09-28 21:25,9869
2018-09-28 21:30,9835
2018-09-28 21:35,9838
2018-09-28 21:40,9763
2018-09-28 21:45,9697
2018-09-28 21:50,9619
2018-09-28 21:55,9588
2018-09-28 22:00,9520
2018-09-28 22:05,9478
2018-09-28 22:10,9311
2018-09-28 22:15,9255
2018-09-28 22:20,9171
2018-09-28 22:25,9129
2018-09-28 22:30,9066
2018-09-28 22:35,8948
2018-09-28 22:40,8865
2018-09-28 22:45,8758
2018-09-28 22:50,8625
2018-09-28 22:55,8553
2018-09-28 23:00,8484
2018-09-28 23:05,8461
2018-09-28 23:10,8375
2018-09-28 23:15,8370
2018-09-28 23:20,8297
2018-09-28 23:25,8209
2018-09-28 23:30,8175
2018-09-28 23:35,8154
2018-09-28 23:40,8147
2018-09-28 23:45,8169
2018-09-28 23:50,8139
2018-09-28 23:55,8092
2018-09-29 00:00,8060
2018-09-29 00:05,8035
2018-09-29 00:10,7986
2018-09-29 00:15,7953
2018-09-29 00:20,7901
2018-09-29 00:25,7900
2018-09-29 00:30,7820
2018-09-29 00:35,7819
2018-09-29 00:40,7771
2018-09-29 00:45,7739
2018-09-29 00:50,7769
2018-09-29 00:55,7744
2018-09-29 01:00,7776
2018-09-29 01:05,7733
2018-09-29 01:10,7650
2018-09-29 01:15,7608
2018-09-29 01:20,7574
2018-09-29 01:25,7578
2018-09-29 01:30,7561
2018-09-29 01:35,7600
2018-09-29 01:40,7540
2018-09-29 01:45,7527
2018-09-29 01:50,7503
2018-09-29 01:55,7499
2018-09-29 02:00,7532
2018-09-29 02:05,7577
2018-09-29 02:10,7621
2018-09-29 02:15,7605
2018-09-29 02:20,7551
2018-09-29 02:25,7570
2018-09-29 02:30,7575
2018-09-29 02:35,7547
2018-09-29 02:40,7570
2018-09-29 02:45,7533
2018-09-29 02:50,7577
2018-09-29 02:55,7587
2018-09-29 03:00,7512
2018-09-29 03:05,7524
2018-09-29 03:10,7479
2018-09-29 03:15,7447
2018-09-29 03:20,7456
2018-09-29 03:25,7408
2018-09-29 03:30,7357
2018-09-29 03:35,7309
2018-09-29 03:40,7230
2018-09-29 03:45,7120
2018-09-29 03:50,7122
2018-09-29 03:55,7057
2018-09-29 04:00,6929
2018-09-29 04:05,6910
2018-09-29 04:10,6816
2018-09-29 04:15,6745
2018-09-29 04:20,6662
2018-09-29 04:25,6579
2018-09-29 04:30,6494
2018-09-29 04:35,6415
2018-09-29 04:40,6342
2018-09-29 04:45,6247
2018-09-29 04:50,6231
2018-09-29 04:55,6121
2018-09-29 05:00,6055
2018-09-29 05:05,5951
2018-09-29 05:10,5873
2018-09-29 05:15,5803
2018-09-29 05:20,5669
2018-09-29 05:25,5534
2018-09-29 05:30,5466
2018-09-29 05:35,5414
2018-09-29 05:40,5336
2018-09-29 05:45,5235
2018-09-29 05:50,5166
2018-09-29 05:55,5101
2018-09-29 06:00,5037
2018-09-29 06:05,4954
2018-09-29 06:10,4860
2018-09-29 06:15,4795
2018-09-29 06:20,4669
2018-09-29 06:25,4620
2018-09-29 06:30,4547
2018-09-29 06:35,4504
2018-09-29 06:40,4461
2018-09-29 06:45,4427
2018-09-29 06:50,4367
2018-09-29 06:55,4335
2018-09-29 07:00,4280
2018-09-29 07:05,4287
2018-09-29 07:10,4198
2018-09-29 07:15,4153
2018-09-29 07:20,4113
2018-09-29 07:25,4108
2018-09-29 07:30,4074
2018-09-29 07:35,4081
2018-09-29 07:40,4097
2018-09-29 07:45,4074
2018-09-29 07:50,4055
2018-09-29 07:55,4035
2018-09-29 08:00,4057
2018-09-29 08:05,4069
2018-09-29 08:10,4076
2018-09-29 08:15,4118
2018-09-29 08:20,4132
2018-09-29 08:25,4171
2018-09-29 08:30,4154
2018-09-29 08:35,4172
2018-09-29 08:40,4180
2018-09-29 08:45,4234
2018-09-29 08:50,4210
2018-09-29 08:55,4223
2018-09-29 09:00,4228
2018-09-29 09:05,4308
2018-09-29 09:10,4396
2018-09-29 09:15,4447
2018-09-29 09:20,4568
2018-09-29 09:25,4634
2018-09-29 09:30,4696
2018-09-29 09:35,4750
2018-09-29 09:40,4836
2018-09-29 09:45,4942
2018-09-29 09:50,4987
2018-09-29 09:55,4995
2018-09-29 10:00,5045
2018-09-29 10:05,5105
2018-09-29 10:10,5131
2018-09-29 10:15,5122
2018-09-29 10:20,5156
2018-09-29 10:25,5162
2018-09-29 10:30,5223
2018-09-29 10:35,5250
2018-09-29 10:40,5273
2018-09-29 10:45,5323
2018-09-29 10:50,5389
2018-09-29 10:55,5488
2018-09-29 11:00,5527
2018-09-29 11:05,5627
2018-09-29 11:10,5651
2018-09-29 11:15,5706
2018-09-29 11:20,5730
2018-09-29 11:25,5799
2018-09-29 11:30,5897
2018-09-29 11:35,5958
2018-09-29 11:40,5985
2018-09-29 11:45,6026
2018-09-29 11:50,6075
2018-09-29 11:55,6126
2018-09-29 12:00,6143
2018-09-29 12:05,6185
2018-09-29 12:10,6225
2018-09-29 12:15,6316
2018-09-29 12:20,6362
2018-09-29 12:25,6429
2018-09-29 12:30,6480
2018-09-29 12:35,6527
2018-09-29 12:40,6651
2018-09-29 12:45,6716
2018-09-29 12:50,6784
2018-09-29 12:55,6869
2018-09-29 13:00,6961
2018-09-29 13:05,7038
2018-09-29 13:10,7146
2018-09-29 13:15,7235
2018-09-29 13:20,7282
2018-09-29 13:25,7393
2018-09-29 13:30,7547
2018-09-29 13:35,7612
2018-09-29 13:40,7677
2018-09-29 13:45,7764
2018-09-29 13:50,7861
2018-09-29 13:55,7949
2018-09-29 14:00,7993
2018-09-29 14:05,8102
2018-09-29 14:10,8105
2018-09-29 14:15,8180
2018-09-29 14:20,8287
2018-09-29 14:25,8390
2018-09-29 14:30,8464
2018-09-29 14:35,8503
2018-09-29 14:40,8587
2018-09-29 14:45,8639
2018-09-29 14:50,8690
2018-09-29 14:55,8733
2018-09-29 15:00,8835
2018-09-29 15:05,8923
2018-09-29 15:10,8948
2018-09-29 15:15,9016
2018-09-29 15:20,9017
2018-09-29 15:25,9038
2018-09-29 15:30,9036
2018-09-29 15:35,9030
2018-09-29 15:40,9067
2018-09-29 15:45,9087
2018-09-29 15:50,9212
2018-09-29 15:55,9223
2018-09-29 16:00,9228
2018-09-29 16:05,9283
2018-09-29 16:10,9346
2018-09-29 16:15,9386
2018-09-29 16:20,9410
2018-09-29 16:25,9428
2018-09-29 16:30,9500
2018-09-29 16:35,9596
2018-09-29 16:40,9665
2018-09-29 16:45,9662
2018-09-29 16:50,9730
2018-09-29 16:55,9748
2018-09-29 17:00,9809
2018-09-29 17:05,9875
2018-09-29 17:10,9919
2018-09-29 17:15,9978
2018-09-29 17:20,10055
2018-09-29 17:25,10111
2018-09-29 17:30,10195
2018-09-29 17:35,10244
2018-09-29 17:40,10258
2018-09-29 17:45,10287
2018-09-29 17:50,10322
2018-09-29 17:55,10356
2018-09-29 18:00,10407
2018-09-29 18:05,10496
2018-09-29 18:10,10603
2018-09-29 18:15,10645
2018-09-29 18:20,10706
2018-09-29 18:25,10708
2018-09-29 18:30,10773
2018-09-29 18:35,10862
2018-09-29 18:40,10908
2018-09-29 18:45,10937
2018-09-29 18:50,11017
2018-09-29 18:55,11064
2018-09-29 19:00,11071
2018-09-29 19:05,11145
2018-09-29 19:10,11161
2018-09-29 19:15,11188
2018-09-29 19:20,11233
2018-09-29 19:25,11273
2018-09-29 19:30,11313
2018-09-29 19:35,11359
2018-09-29 19:40,11367
2018-09-29 19:45,11333
2018-09-29 19:50,11344
2018-09-29 19:55,11328
2018-09-29 20:00,11351
2018-09-29 20:05,11341
2018-09-29 20:10,11285
2018-09-29 20:15,11226
2018-09-29 20:20,11185
2018-09-29 20:25,11059
2018-09-29 20:30,11028
2018-09-29 20:35,10967
2018-09-29 20:40,10927
2018-09-29 20:45,10902
2018-09-29 20:50,10897
2018-09-29 20:55,10824
2018-09-29 21:00,10759
2018-09-29 21:05,10693
2018-09-29 21:10,10600
2018-09-29 21:15,10652
2018-09-29 21:20,10595
2018-09-29 21:25,10491
2018-09-29 21:30,10471
2018-09-29 21:35,10411
2018-09-29 21:40,10280
2018-09-29 21:45,10194
2018-09-29 21:50,10119
2018-09-29 21:55,10059
2018-09-29 22:00,10001
2018-09-29 22:05,9922
2018-09-29 22:10,9860
2018-09-29 22:15,9792
2018-09-29 22:20,9730
2018-09-29 22:25,9694
2018-09-29 22:30,9617
2018-09-29 22:35,9550
2018-09-29 22:40,9435
2018-09-29 22:45,9373
2018-09-29 22:50,9284
2018-09-29 22:55,9187
2018-09-29 23:00,9096
2018-09-29 23:05,8999
2018-09-29 23:10,8897
2018-09-29 23:15,8775
2018-09-29 23:20,8721
2018-09-29 23:25,8646
2018-09-29 23:30,8574
2018-09-29 23:35,8518
2018-09-29 23:40,8464
2018-09-29 23:45,8335
2018-09-29 23:50,8315
2018-09-29 23:55,8230
2018-09-30 00:00,8133
2018-09-30 00:05,8089
2018-09-30 00:10,8034
2018-09-30 00:15,7989
2018-09-30 00:20,7940
2018-09-30 00:25,7911
2018-09-30 00:30,7857
2018-09-30 00:35,7805
2018-09-30 00:40,7771
2018-09-30 00:45,7733
2018-09-30 00:50,7724
2018-09-30 00:55,7734
2018-09-30 01:00,7720
2018-09-30 01:05,7689
2018-09-30 01:10,7671
2018-09-30 01:15,7685
2018-09-30 01:20,7655
2018-09-30 01:25,7624
2018-09-30 01:30,7650
2018-09-30 01:35,7656
2018-09-30 01:40,7610
2018-09-30 01:45,7560
2018-09-30 01:50,7564
2018-09-30 01:55,7551
2018-09-30 02:00,7555
2018-09-30 02:05,7558
2018-09-30 02:10,7552
2018-09-30 02:15,7559
2018-09-30 02:20,7579
2018-09-30 02:25,7504
2018-09-30 02:30,7460
2018-09-30 02:35,7444
2018-09-30 02:40,7418
2018-09-30 02:45,7427
2018-09-30 02:50,7409
2018-09-30 02:55,7387
2018-09-30 03:00,7332
2018-09-30 03:05,7314
2018-09-30 03:10,7280
2018-09-30 03:15,7276
2018-09-30 03:20,7250
2018-09-30 03:25,7243
2018-09-30 03:30,7251
2018-09-30 03:35,7186
2018-09-30 03:40,7138
2018-09-30 03:45,7109
2018-09-30 03:50,7108
2018-09-30 03:55,7080
2018-09-30 04:00,7018
2018-09-30 04:05,6922
2018-09-30 04:10,6885
2018-09-30 04:15,6853
2018-09-30 04:20,6763
2018-09-30 04:25,6671
2018-09-30 04:30,6606
2018-09-30 04:35,6513
2018-09-30 04:40,6503
2018-09-30 04:45,6448
2018-09-30 04:50,6352
2018-09-30 04:55,6258
2018-09-30 05:00,6223
2018-09-30 05:05,6125
2018-09-30 05:10,6067
2018-09-30 05:15,6005
2018-09-30 05:20,5941
2018-09-30 05:25,5852
2018-09-30 05:30,5725
2018-09-30 05:35,5656
2018-09-30 05:40,5581
2018-09-30 05:45,5533
2018-09-30 05:50,5455
2018-09-30 05:55,5400
2018-09-30 06:00,5333
2018-09-30 06:05,5250
2018-09-30 06:10,5159
2018-09-30 06:15,5078
2018-09-30 06:20,5035
2018-09-30 06:25,4928
2018-09-30 06:30,4839
2018-09-30 06:35,4774
2018-09-30 06:40,4743
2018-09-30 06:45,4689
2018-09-30 06:50,4635
2018-09-30 06:55,4545
2018-09-30 07:00,4546
2018-09-30 07:05,4537
2018-09-30 07:10,4511
2018-09-30 07:15,4422
2018-09-30 07:20,4376
2018-09-30 07:25,4380
2018-09-30 07:30,4372
2018-09-30 07:35,4386
2018-09-30 07:40,4352
2018-09-30 07:45,4353
2018-09-30 07:50,4344
2018-09-30 07:55,4371
2018-09-30 08:00,4384
2018-09-30 08:05,4398
2018-09-30 08:10,4375
2018-09-30 08:15,4419
2018-09-30 08:20,4467
2018-09-30 08:25,4484
2018-09-30 08:30,4497
2018-09-30 08:35,4510
2018-09-30 08:40,4518
2018-09-30 08:45,4572
2018-09-30 08:50,4593
2018-09-30 08:55,4620
2018-09-30 09:00,4681
2018-09-30 09:05,4737
2018-09-30 09:10,4921
2018-09-30 09:15,5010
2018-09-30 09:20,5148
2018-09-30 09:25,5219
2018-09-30 09:30,5305
2018-09-30 09:35,5396
2018-09-30 09:40,5409
2018-09-30 09:45,5523
2018-09-30 09:50,5599
2018-09-30 09:55,5656
2018-09-30 10:00,5673
2018-09-30 10:05,5722
2018-09-30 10:10,5821
2018-09-30 10:15,5872
2018-09-30 10:20,5930
2018-09-30 10:25,5961
2018-09-30 10:30,6035
2018-09-30 10:35,6050
2018-09-30 10:40,6128
2018-09-30 10:45,6216
2018-09-30 10:50,6266
2018-09-30 10:55,6311
2018-09-30 11:00,6334
2018-09-30 11:05,6388
2018-09-30 11:10,6426
2018-09-30 11:15,6460
2018-09-30 11:20,6545
2018-09-30 11:25,6586
2018-09-30 11:30,6651
2018-09-30 11:35,6668
2018-09-30 11:40,6712
2018-09-30 11:45,6797
2018-09-30 11:50,6899
2018-09-30 11:55,7019
2018-09-30 12:00,7098
2018-09-30 12:05,7106
2018-09-30 12:10,7174
2018-09-30 12:15,7227
2018-09-30 12:20,7283
2018-09-30 12:25,7342
2018-09-30 12:30,7391
2018-09-30 12:35,7448
2018-09-30 12:40,7463
2018-09-30 12:45,7488
2018-09-30 12:50,7518
2018-09-30 12:55,7609
2018-09-30 13:00,7657
2018-09-30 13:05,7737
2018-09-30 13:10,7798
2018-09-30 13:15,7911
2018-09-30 13:20,7980
2018-09-30 13:25,8041
2018-09-30 13:30,8076
2018-09-30 13:35,8112
2018-09-30 13:40,8280
2018-09-30 13:45,8332
2018-09-30 13:50,8375
2018-09-30 13:55,8477
2018-09-30 14:00,8568
2018-09-30 14:05,8616
2018-09-30 14:10,8751
2018-09-30 14:15,8856
2018-09-30 14:20,8885
2018-09-30 14:25,8962
2018-09-30 14:30,9022
2018-09-30 14:35,9070
2018-09-30 14:40,9174
2018-09-30 14:45,9236
2018-09-30 14:50,9316
2018-09-30 14:55,9397
2018-09-30 15:00,9418
2018-09-30 15:05,9473
2018-09-30 15:10,9554
2018-09-30 15:15,9564
2018-09-30 15:20,9642
2018-09-30 15:25,9732
2018-09-30 15:30,9807
2018-09-30 15:35,9936
2018-09-30 15:40,9945
2018-09-30 15:45,9954
2018-09-30 15:50,9970
2018-09-30 15:55,10034
2018-09-30 16:00,10060
2018-09-30 16:05,10107
2018-09-30 16:10,10158
2018-09-30 16:15,10176
2018-09-30 16:20,10316
2018-09-30 16:25,10389
2018-09-30 16:30,10499
2018-09-30 16:35,10525
2018-09-30 16:40,10600
2018-09-30 16:45,10601
2018-09-30 16:50,10614
2018-09-30 16:55,10682
2018-09-30 17:00,10748
2018-09-30 17:05,10785
2018-09-30 17:10,10881
2018-09-30 17:15,10958
2018-09-30 17:20,11006
2018-09-30 17:25,11033
2018-09-30 17:30,11130
2018-09-30 17:35,11156
2018-09-30 17:40,11273
2018-09-30 17:45,11330
2018-09-30 17:50,11405
2018-09-30 17:55,11386
2018-09-30 18:00,11388
2018-09-30 18:05,11489
2018-09-30 18:10,11512
2018-09-30 18:15,11609
2018-09-30 18:20,11640
2018-09-30 18:25,11715
2018-09-30 18:30,11760
2018-09-30 18:35,11799
2018-09-30 18:40,
2018-09-30 18:45,
2018-09-30 18:50,
2018-09-30 18:55,11859
2018-09-30 19:00,11795
2018-09-30 19:05,11836
2018-09-30 19:10,11870
2018-09-30 19:15,11800
2018-09-30 19:20,11898
2018-09-30 19:25,11881
2018-09-30 19:30,11820
2018-09-30 19:35,11761
2018-09-30 19:40,11698
2018-09-30 19:45,11655
2018-09-30 19:50,11627
2018-09-30 19:55,11553
2018-09-30 20:00,11494
2018-09-30 20:05,11419
2018-09-30 20:10,11346
2018-09-30 20:15,11193
2018-09-30 20:20,11081
2018-09-30 20:25,11009
2018-09-30 20:30,10949
2018-09-30 20:35,10857
2018-09-30 20:40,10780
2018-09-30 20:45,10704
2018-09-30 20:50,10633
2018-09-30 20:55,10539
2018-09-30 21:00,10478
2018-09-30 21:05,10342
2018-09-30 21:10,10294
2018-09-30 21:15,10208
2018-09-30 21:20,10070
2018-09-30 21:25,10006
2018-09-30 21:30,9970
2018-09-30 21:35,9853
2018-09-30 21:40,9777
2018-09-30 21:45,9613
2018-09-30 21:50,9482
2018-09-30 21:55,9406
2018-09-30 22:00,9288
2018-09-30 22:05,9208
2018-09-30 22:10,9118
2018-09-30 22:15,9072
2018-09-30 22:20,8982
2018-09-30 22:25,8905
2018-09-30 22:30,8822
2018-09-30 22:35,8675
2018-09-30 22:40,8614
2018-09-30 22:45,8583
2018-09-30 22:50,8537
2018-09-30 22:55,8477
2018-09-30 23:00,8407
2018-09-30 23:05,8401
2018-09-30 23:10,8322
2018-09-30 23:15,8282
2018-09-30 23:20,8224
2018-09-30 23:25,8182
2018-09-30 23:30,8110
2018-09-30 23:35,8081
2018-09-30 23:40,8013
2018-09-30 23:45,8012
2018-09-30 23:50,7941
2018-09-30 23:55,7903
2018-10-01 00:00,7936
2018-10-01 00:05,7923
2018-10-01 00:10,7894
2018-10-01 00:15,7882
2018-10-01 00:20,7912
2018-10-01 00:25,7832
2018-10-01 00:30,7815
2018-10-01 00:35,7776
2018-10-01 00:40,7776
2018-10-01 00:45,7844
2018-10-01 00:50,7782
2018-10-01 00:55,7745
2018-10-01 01:00,7723
2018-10-01 01:05,7714
2018-10-01 01:10,7679
2018-10-01 01:15,7626
2018-10-01 01:20,7570
2018-10-01 01:25,7571
2018-10-01 01:30,7491
2018-10-01 01:35,7474
2018-10-01 01:40,7475
2018-10-01 01:45,7479
2018-10-01 01:50,7433
2018-10-01 01:55,7405
2018-10-01 02:00,7362
2018-10-01 02:05,7279
2018-10-01 02:10,7222
2018-10-01 02:15,7141
2018-10-01 02:20,7078
2018-10-01 02:25,7071
2018-10-01 02:30,7009
2018-10-01 02:35,6966
2018-10-01 02:40,6901
2018-10-01 02:45,6820
2018-10-01 02:50,6750
2018-10-01 02:55,6700
2018-10-01 03:00,6602
2018-10-01 03:05,6520
2018-10-01 03:10,6410
2018-10-01 03:15,6305
2018-10-01 03:20,6185
2018-10-01 03:25,6146
2018-10-01 03:30,6076
2018-10-01 03:35,6003
2018-10-01 03:40,5900
2018-10-01 03:45,5805
2018-10-01 03:50,5733
2018-10-01 03:55,5660
2018-10-01 04:00,5532
2018-10-01 04:05,5362
2018-10-01 04:10,5293
2018-10-01 04:15,5174
2018-10-01 04:20,5112
2018-10-01 04:25,5015
2018-10-01 04:30,4928
2018-10-01 04:35,4845
2018-10-01 04:40,4743
2018-10-01 04:45,4656
2018-10-01 04:50,4553
2018-10-01 04:55,4503
2018-10-01 05:00,4430
2018-10-01 05:05,4343
2018-10-01 05:10,4251
2018-10-01 05:15,4205
2018-10-01 05:20,4133
2018-10-01 05:25,4062
2018-10-01 05:30,3999
2018-10-01 05:35,3930
2018-10-01 05:40,3899
2018-10-01 05:45,3807
2018-10-01 05:50,3740
2018-10-01 05:55,3684
2018-10-01 06:00,3658
2018-10-01 06:05,3603
2018-10-01 06:10,3532
2018-10-01 06:15,3494
2018-10-01 06:20,3451
2018-10-01 06:25,3409
2018-10-01 06:30,3344
2018-10-01 06:35,3307
2018-10-01 06:40,3270
2018-10-01 06:45,3248
2018-10-01 06:50,3181
2018-10-01 06:55,3139
2018-10-01 07:00,3080
2018-10-01 07:05,3048
2018-10-01 07:10,3057
2018-10-01 07:15,3005
2018-10-01 07:20,2965
2018-10-01 07:25,2922
2018-10-01 07:30,2914
2018-10-01 07:35,2848
2018-10-01 07:40,2829
2018-10-01 07:45,2815
2018-10-01 07:50,2805
2018-10-01 07:55,2834
2018-10-01 08:00,2849
2018-10-01 08:05,2837
2018-10-01 08:10,2841
2018-10-01 08:15,2838
2018-10-01 08:20,2853
2018-10-01 08:25,2866
2018-10-01 08:30,2862
2018-10-01 08:35,2854
2018-10-01 08:40,2872
2018-10-01 08:45,2895
2018-10-01 08:50,2891
2018-10-01 08:55,2870
2018-10-01 09:00,2882
2018-10-01 09:05,2959
2018-10-01 09:10,2981
2018-10-01 09:15,3038
2018-10-01 09:20,3040
2018-10-01 09:25,3057
2018-10-01 09:30,3092
2018-10-01 09:35,3146
2018-10-01 09:40,3123
2018-10-01 09:45,3155
2018-10-01 09:50,3165
2018-10-01 09:55,3151
2018-10-01 10:00,3166
2018-10-01 10:05,3206
2018-10-01 10:10,3227
2018-10-01 10:15,3219
2018-10-01 10:20,3234
2018-10-01 10:25,3253
2018-10-01 10:30,3282
2018-10-01 10:35,3296
2018-10-01 10:40,3341
2018-10-01 10:45,3361
2018-10-01 10:50,3404
2018-10-01 10:55,3454
2018-10-01 11:00,3533
2018-10-01 11:05,3582
2018-10-01 11:10,3606
2018-10-01 11:15,3675
2018-10-01 11:20,3714
2018-10-01 11:25,3751
2018-10-01 11:30,3840
2018-10-01 11:35,3902
2018-10-01 11:40,3927
2018-10-01 11:45,3946
2018-10-01 11:50,4030
2018-10-01 11:55,4051
2018-10-01 12:00,4072
2018-10-01 12:05,4089
2018-10-01 12:10,4149
2018-10-01 12:15,4228
2018-10-01 12:20,4274
2018-10-01 12:25,4292
2018-10-01 12:30,4342
2018-10-01 12:35,4329
2018-10-01 12:40,4348
2018-10-01 12:45,4392
2018-10-01 12:50,4393
2018-10-01 12:55,4433
2018-10-01 13:00,4508
2018-10-01 13:05,4486
2018-10-01 13:10,4518
2018-10-01 13:15,4553
2018-10-01 13:20,4552
2018-10-01 13:25,4537
2018-10-01 13:30,4548
2018-10-01 13:35,3601
2018-10-01 13:40,2872
2018-10-01 13:45,2241
2018-10-01 13:50,1751
2018-10-01 13:55,1436
2018-10-01 14:00,1327
2018-10-01 14:05,1229
2018-10-01 14:10,1238
2018-10-01 14:15,1266
2018-10-01 14:20,1327
2018-10-01 14:25,1315
2018-10-01 14:30,1334
2018-10-01 14:35,1369
2018-10-01 14:40,1412
2018-10-01 14:45,1418
2018-10-01 14:50,1436
2018-10-01 14:55,1461
2018-10-01 15:00,1503
2018-10-01 15:05,1538
2018-10-01 15:10,1544
2018-10-01 15:15,1611
2018-10-01 15:20,1536
2018-10-01 15:25,1496
2018-10-01 15:30,1482
2018-10-01 15:35,1977
2018-10-01 15:40,2659
2018-10-01 15:45,3257
2018-10-01 15:50,3850
2018-10-01 15:55,4440
2018-10-01 16:00,4999
2018-10-01 16:05,5455
2018-10-01 16:10,5875
2018-10-01 16:15,6413
2018-10-01 16:20,6804
2018-10-01 16:25,7124
2018-10-01 16:30,7471
2018-10-01 16:35,7718
2018-10-01 16:40,7984
2018-10-01 16:45,8196
2018-10-01 16:50,8344
2018-10-01 16:55,8547
2018-10-01 17:00,8634
2018-10-01 17:05,8721
2018-10-01 17:10,8882
2018-10-01 17:15,9030
2018-10-01 17:20,9119
2018-10-01 17:25,9180
2018-10-01 17:30,9252
2018-10-01 17:35,9336
2018-10-01 17:40,9414
2018-10-01 17:45,9481
2018-10-01 17:50,9607
2018-10-01 17:55,9688
2018-10-01 18:00,9786
2018-10-01 18:05,9897
2018-10-01 18:10,9961
2018-10-01 18:15,9995
2018-10-01 18:20,9888
2018-10-01 18:25,9897
2018-10-01 18:30,9751
2018-10-01 18:35,9746
2018-10-01 18:40,9810
2018-10-01 18:45,9865
2018-10-01 18:50,9943
2018-10-01 18:55,9964
2018-10-01 19:00,10064
2018-10-01 19:05,10132
2018-10-01 19:10,10166
2018-10-01 19:15,10083
2018-10-01 19:20,10080
2018-10-01 19:25,10026
2018-10-01 19:30,9968
2018-10-01 19:35,10013
2018-10-01 19:40,10009
2018-10-01 19:45,9984
2018-10-01 19:50,9951
2018-10-01 19:55,9870
2018-10-01 20:00,9785
2018-10-01 20:05,9747
2018-10-01 20:10,9694
2018-10-01 20:15,9675
2018-10-01 20:20,9615
2018-10-01 20:25,9532
2018-10-01 20:30,9536
2018-10-01 20:35,9414
2018-10-01 20:40,9273
2018-10-01 20:45,9288
2018-10-01 20:50,9234
2018-10-01 20:55,9203
2018-10-01 21:00,9189
2018-10-01 21:05,9067
2018-10-01 21:10,8984
2018-10-01 21:15,8911
2018-10-01 21:20,8874
2018-10-01 21:25,8764
2018-10-01 21:30,8654
2018-10-01 21:35,8578
2018-10-01 21:40,8464
2018-10-01 21:45,8374
2018-10-01 21:50,8279
2018-10-01 21:55,8249
2018-10-01 22:00,8184
2018-10-01 22:05,8149
2018-10-01 22:10,8029
2018-10-01 22:15,8004
2018-10-01 22:20,7955
2018-10-01 22:25,7841
2018-10-01 22:30,7741
2018-10-01 22:35,7619
2018-10-01 22:40,7586
2018-10-01 22:45,7532
2018-10-01 22:50,7460
2018-10-01 22:55,7400
2018-10-01 23:00,7387
2018-10-01 23:05,7406
2018-10-01 23:10,7403
2018-10-01 23:15,7373
2018-10-01 23:20,7312
2018-10-01 23:25,7314
2018-10-01 23:30,7297
2018-10-01 23:35,7275
2018-10-01 23:40,7260
2018-10-01 23:45,7279
2018-10-01 23:50,7336
2018-10-01 23:55,7283
2018-10-02 00:00,7265
2018-10-02 00:05,7237
2018-10-02 00:10,7182
2018-10-02 00:15,7208
2018-10-02 00:20,7196
2018-10-02 00:25,7233
2018-10-02 00:30,7262
2018-10-02 00:35,7327
2018-10-02 00:40,7348
2018-10-02 00:45,7276
2018-10-02 00:50,7295
2018-10-02 00:55,7256
2018-10-02 01:00,7276
2018-10-02 01:05,7297
2018-10-02 01:10,7293
2018-10-02 01:15,7259
2018-10-02 01:20,7301
2018-10-02 01:25,7232
2018-10-02 01:30,7276
2018-10-02 01:35,7178
2018-10-02 01:40,7173
2018-10-02 01:45,7165
2018-10-02 01:50,7121
2018-10-02 01:55,7073
2018-10-02 02:00,7038
2018-10-02 02:05,7054
2018-10-02 02:10,7034
2018-10-02 02:15,6973
2018-10-02 02:20,6944
2018-10-02 02:25,6945
2018-10-02 02:30,6931
2018-10-02 02:35,6871
2018-10-02 02:40,6845
2018-10-02 02:45,6829
2018-10-02 02:50,6765
2018-10-02 02:55,6644
2018-10-02 03:00,6536
2018-10-02 03:05,6406
2018-10-02 03:10,6334
2018-10-02 03:15,6219
2018-10-02 03:20,6158
2018-10-02 03:25,6054
2018-10-02 03:30,6008
2018-10-02 03:35,5905
2018-10-02 03:40,5774
2018-10-02 03:45,5674
2018-10-02 03:50,5576
2018-10-02 03:55,5467
2018-10-02 04:00,5373
2018-10-02 04:05,5262
2018-10-02 04:10,5189
2018-10-02 04:15,5105
2018-10-02 04:20,5000
2018-10-02 04:25,4881
2018-10-02 04:30,4792
2018-10-02 04:35,4711
2018-10-02 04:40,4640
2018-10-02 04:45,4561
2018-10-02 04:50,4499
2018-10-02 04:55,4454
2018-10-02 05:00,4377
2018-10-02 05:05,4309
2018-10-02 05:10,4174
2018-10-02 05:15,4101
2018-10-02 05:20,4008
2018-10-02 05:25,3939
2018-10-02 05:30,3833
2018-10-02 05:35,3733
2018-10-02 05:40,3675
2018-10-02 05:45,
2018-10-02 05:50,3546
2018-10-02 05:55,3480
2018-10-02 06:00,3427
2018-10-02 06:05,3345
2018-10-02 06:10,3311
2018-10-02 06:15,3229
2018-10-02 06:20,3203
2018-10-02 06:25,3175
2018-10-02 06:30,3116
2018-10-02 06:35,3047
2018-10-02 06:40,3043
2018-10-02 06:45,3016
2018-10-02 06:50,2973
2018-10-02 06:55,2940
2018-10-02 07:00,2904
2018-10-02 07:05,2859
2018-10-02 07:10,2813
2018-10-02 07:15,2791
2018-10-02 07:20,2775
2018-10-02 07:25,2795
2018-10-02 07:30,2805
2018-10-02 07:35,2861
2018-10-02 07:40,2863
2018-10-02 07:45,2838
2018-10-02 07:50,2828
2018-10-02 07:55,2818
2018-10-02 08:00,2792
2018-10-02 08:05,2805
2018-10-02 08:10,2809
2018-10-02 08:15,2839
2018-10-02 08:20,2838
2018-10-02 08:25,2803
2018-10-02 08:30,2819
2018-10-02 08:35,2819
2018-10-02 08:40,2857
2018-10-02 08:45,2852
2018-10-02 08:50,2869
2018-10-02 08:55,2906
2018-10-02 09:00,2893
2018-10-02 09:05,2984
2018-10-02 09:10,3035
2018-10-02 09:15,3071
2018-10-02 09:20,3129
2018-10-02 09:25,3164
2018-10-02 09:30,3198
2018-10-02 09:35,3243
2018-10-02 09:40,3290
2018-10-02 09:45,3319
2018-10-02 09:50,3296
2018-10-02 09:55,3315
2018-10-02 10:00,3344
2018-10-02 10:05,3373
2018-10-02 10:10,3414
2018-10-02 10:15,3463
2018-10-02 10:20,3472
2018-10-02 10:25,3498
2018-10-02 10:30,3553
2018-10-02 10:35,3609
2018-10-02 10:40,3650
2018-10-02 10:45,3650
2018-10-02 10:50,3653
2018-10-02 10:55,3639
2018-10-02 11:00,3672
2018-10-02 11:05,3676
2018-10-02 11:10,3710
2018-10-02 11:15,3757
2018-10-02 11:20,3798
2018-10-02 11:25,3834
2018-10-02 11:30,3906
2018-10-02 11:35,3931
2018-10-02 11:40,3987
2018-10-02 11:45,4058
2018-10-02 11:50,4133
2018-10-02 11:55,4208
2018-10-02 12:00,4244
2018-10-02 12:05,4274
2018-10-02 12:10,4341
2018-10-02 12:15,4436
2018-10-02 12:20,4434
2018-10-02 12:25,4510
2018-10-02 12:30,4589
2018-10-02 12:35,4655
2018-10-02 12:40,4686
2018-10-02 12:45,4784
2018-10-02 12:50,4870
2018-10-02 12:55,4952
2018-10-02 13:00,5028
2018-10-02 13:05,5076
2018-10-02 13:10,5157
2018-10-02 13:15,5246
2018-10-02 13:20,5315
2018-10-02 13:25,5422
2018-10-02 13:30,5497
2018-10-02 13:35,5581
2018-10-02 13:40,5656
2018-10-02 13:45,5771
2018-10-02 13:50,5839
2018-10-02 13:55,5964
2018-10-02 14:00,6023
2018-10-02 14:05,6102
2018-10-02 14:10,6145
2018-10-02 14:15,6178
2018-10-02 14:20,6240
2018-10-02 14:25,6368
2018-10-02 14:30,6438
2018-10-02 14:35,6535
2018-10-02 14:40,6544
2018-10-02 14:45,6635
2018-10-02 14:50,6717
2018-10-02 14:55,6820
2018-10-02 15:00,6893
2018-10-02 15:05,6952
2018-10-02 15:10,7026
2018-10-02 15:15,7047
2018-10-02 15:20,7078
2018-10-02 15:25,7144
2018-10-02 15:30,7224
2018-10-02 15:35,7155
2018-10-02 15:40,7155
2018-10-02 15:45,7148
2018-10-02 15:50,7167
2018-10-02 15:55,7198
2018-10-02 16:00,7298
2018-10-02 16:05,7179
2018-10-02 16:10,7142
2018-10-02 16:15,7111
2018-10-02 16:20,7065
2018-10-02 16:25,7049
2018-10-02 16:30,6973
2018-10-02 16:35,5620
2018-10-02 16:40,4530
2018-10-02 16:45,3618
2018-10-02 16:50,2717
2018-10-02 16:55,2096
2018-10-02 17:00,1939
2018-10-02 17:05,1817
2018-10-02 17:10,1827
2018-10-02 17:15,1836
2018-10-02 17:20,1870
2018-10-02 17:25,1893
2018-10-02 17:30,1968
2018-10-02 17:35,1951
2018-10-02 17:40,1994
2018-10-02 17:45,2015
2018-10-02 17:50,2062
2018-10-02 17:55,2272
2018-10-02 18:00,2579
2018-10-02 18:05,2993
2018-10-02 18:10,3756
2018-10-02 18:15,4680
2018-10-02 18:20,5531
2018-10-02 18:25,6286
2018-10-02 18:30,6868
2018-10-02 18:35,7387
2018-10-02 18:40,7874
2018-10-02 18:45,8297
2018-10-02 18:50,8647
2018-10-02 18:55,9001
2018-10-02 19:00,9246
2018-10-02 19:05,9484
2018-10-02 19:10,9683
2018-10-02 19:15,9823
2018-10-02 19:20,9951
2018-10-02 19:25,10011
2018-10-02 19:30,10150
2018-10-02 19:35,10177
2018-10-02 19:40,10187
2018-10-02 19:45,10268
2018-10-02 19:50,10270
2018-10-02 19:55,10266
2018-10-02 20:00,10365
2018-10-02 20:05,10361
2018-10-02 20:10,10326
2018-10-02 20:15,10307
2018-10-02 20:20,10204
2018-10-02 20:25,10148
2018-10-02 20:30,10126
2018-10-02 20:35,10051
2018-10-02 20:40,9984
2018-10-02 20:45,9955
2018-10-02 20:50,9920
2018-10-02 20:55,9811
2018-10-02 21:00,9697
2018-10-02 21:05,9565
2018-10-02 21:10,9505
2018-10-02 21:15,9367
2018-10-02 21:20,9306
2018-10-02 21:25,9203
2018-10-02 21:30,9148
2018-10-02 21:35,9019
2018-10-02 21:40,8937
2018-10-02 21:45,8853
2018-10-02 21:50,8745
2018-10-02 21:55,8644
2018-10-02 22:00,8569
2018-10-02 22:05,8429
2018-10-02 22:10,8338
2018-10-02 22:15,8249
2018-10-02 22:20,8099
2018-10-02 22:25,8050
2018-10-02 22:30,7980
2018-10-02 22:35,7842
2018-10-02 22:40,7736
2018-10-02 22:45,7708
2018-10-02 22:50,7608
2018-10-02 22:55,7611
2018-10-02 23:00,7575
2018-10-02 23:05,7507
2018-10-02 23:10,7483
2018-10-02 23:15,7441
2018-10-02 23:20,0
2018-10-02 23:25,7233
2018-10-02 23:30,7336
2018-10-02 23:35,7374
2018-10-02 23:40,7398
2018-10-02 23:45,7408
2018-10-02 23:50,7432
2018-10-02 23:55,7407
2018-10-03 00:00,7351
2018-10-03 00:05,7373
2018-10-03 00:10,7362
2018-10-03 00:15,7375
2018-10-03 00:20,7284
2018-10-03 00:25,7271
2018-10-03 00:30,7280
2018-10-03 00:35,7280
2018-10-03 00:40,7259
2018-10-03 00:45,7308
2018-10-03 00:50,7323
2018-10-03 00:55,7340
2018-10-03 01:00,7349
2018-10-03 01:05,7331
2018-10-03 01:10,7262
2018-10-03 01:15,7254
2018-10-03 01:20,7250
2018-10-03 01:25,7207
2018-10-03 01:30,7210
2018-10-03 01:35,7188
2018-10-03 01:40,7172
2018-10-03 01:45,7171
2018-10-03 01:50,7127
2018-10-03 01:55,7103
2018-10-03 02:00,7037
2018-10-03 02:05,7012
2018-10-03 02:10,6929
2018-10-03 02:15,6881
2018-10-03 02:20,6863
2018-10-03 02:25,6818
2018-10-03 02:30,6804
2018-10-03 02:35,6770
2018-10-03 02:40,6804
2018-10-03 02:45,6709
2018-10-03 02:50,6681
2018-10-03 02:55,6618
2018-10-03 03:00,6548
2018-10-03 03:05,6442
2018-10-03 03:10,6357
2018-10-03 03:15,6301
2018-10-03 03:20,6265
2018-10-03 03:25,6193
2018-10-03 03:30,6077
2018-10-03 03:35,5941
2018-10-03 03:40,5894
2018-10-03 03:45,5828
2018-10-03 03:50,5772
2018-10-03 03:55,5667
2018-10-03 04:00,5579
2018-10-03 04:05,5433
2018-10-03 04:10,5319
2018-10-03 04:15,5250
2018-10-03 04:20,5158
2018-10-03 04:25,5047
2018-10-03 04:30,4936
2018-10-03 04:35,4880
2018-10-03 04:40,4789
2018-10-03 04:45,4711
2018-10-03 04:50,4603
2018-10-03 04:55,4521
2018-10-03 05:00,4446
2018-10-03 05:05,4316
2018-10-03 05:10,4240
2018-10-03 05:15,4136
2018-10-03 05:20,4042
2018-10-03 05:25,3998
2018-10-03 05:30,3952
2018-10-03 05:35,3868
2018-10-03 05:40,3799
2018-10-03 05:45,3752
2018-10-03 05:50,3680
2018-10-03 05:55,3615
2018-10-03 06:00,3551
2018-10-03 06:05,3485
2018-10-03 06:10,3426
2018-10-03 06:15,3333
2018-10-03 06:20,3313
2018-10-03 06:25,3273
2018-10-03 06:30,3251
2018-10-03 06:35,3209
2018-10-03 06:40,3182
2018-10-03 06:45,3163
2018-10-03 06:50,3174
2018-10-03 06:55,3172
2018-10-03 07:00,3150
2018-10-03 07:05,3136
2018-10-03 07:10,3108
2018-10-03 07:15,3049
2018-10-03 07:20,3014
2018-10-03 07:25,2995
2018-10-03 07:30,2962
2018-10-03 07:35,2930
2018-10-03 07:40,2936
2018-10-03 07:45,2908
2018-10-03 07:50,2849
2018-10-03 07:55,2851
2018-10-03 08:00,2825
2018-10-03 08:05,2820
2018-10-03 08:10,2807
2018-10-03 08:15,2804
2018-10-03 08:20,2827
2018-10-03 08:25,2851
2018-10-03 08:30,2866
2018-10-03 08:35,2873
2018-10-03 08:40,2836
2018-10-03 08:45,2824
2018-10-03 08:50,2835
2018-10-03 08:55,2860
2018-10-03 09:00,2868
2018-10-03 09:05,2966
2018-10-03 09:10,3050
2018-10-03 09:15,3100
2018-10-03 09:20,3123
2018-10-03 09:25,3178
2018-10-03 09:30,3186
2018-10-03 09:35,3215
2018-10-03 09:40,3249
2018-10-03 09:45,3297
2018-10-03 09:50,3323
2018-10-03 09:55,3339
2018-10-03 10:00,3324
2018-10-03 10:05,3333
2018-10-03 10:10,3382
2018-10-03 10:15,3434
2018-10-03 10:20,3489
2018-10-03 10:25,3488
2018-10-03 10:30,3530
2018-10-03 10:35,3543
2018-10-03 10:40,3602
2018-10-03 10:45,3662
2018-10-03 10:50,3710
2018-10-03 10:55,3749
2018-10-03 11:00,3817
2018-10-03 11:05,3849
2018-10-03 11:10,3921
2018-10-03 11:15,3958
2018-10-03 11:20,4023
2018-10-03 11:25,4090
2018-10-03 11:30,4164
2018-10-03 11:35,4194
2018-10-03 11:40,4214
2018-10-03 11:45,4310
2018-10-03 11:50,4364
2018-10-03 11:55,4432
2018-10-03 12:00,4437
2018-10-03 12:05,4473
2018-10-03 12:10,4530
2018-10-03 12:15,4634
2018-10-03 12:20,4688
2018-10-03 12:25,4836
2018-10-03 12:30,4873
2018-10-03 12:35,4894
2018-10-03 12:40,4984
2018-10-03 12:45,5080
2018-10-03 12:50,5173
2018-10-03 12:55,5259
2018-10-03 13:00,5332
2018-10-03 13:05,5403
2018-10-03 13:10,5449
2018-10-03 13:15,5500
2018-10-03 13:20,5576
2018-10-03 13:25,5686
2018-10-03 13:30,5788
2018-10-03 13:35,5884
2018-10-03 13:40,5976
2018-10-03 13:45,6098
2018-10-03 13:50,6178
2018-10-03 13:55,6279
2018-10-03 14:00,6379
2018-10-03 14:05,6442
2018-10-03 14:10,6534
2018-10-03 14:15,6643
2018-10-03 14:20,6748
2018-10-03 14:25,6851
2018-10-03 14:30,6949
2018-10-03 14:35,7000
2018-10-03 14:40,7066
2018-10-03 14:45,7101
2018-10-03 14:50,7106
2018-10-03 14:55,7191
2018-10-03 15:00,7216
2018-10-03 15:05,7290
2018-10-03 15:10,7328
2018-10-03 15:15,7370
2018-10-03 15:20,7460
2018-10-03 15:25,7558
2018-10-03 15:30,7597
2018-10-03 15:35,7701
2018-10-03 15:40,7727
2018-10-03 15:45,7725
2018-10-03 15:50,7747
2018-10-03 15:55,7775
2018-10-03 16:00,7845
2018-10-03 16:05,7948
2018-10-03 16:10,7979
2018-10-03 16:15,8038
2018-10-03 16:20,8038
2018-10-03 16:25,8139
2018-10-03 16:30,8252
2018-10-03 16:35,8251
2018-10-03 16:40,8342
2018-10-03 16:45,8414
2018-10-03 16:50,8450
2018-10-03 16:55,8499
2018-10-03 17:00,8532
2018-10-03 17:05,8613
2018-10-03 17:10,8690
2018-10-03 17:15,8746
2018-10-03 17:20,8816
2018-10-03 17:25,8914
2018-10-03 17:30,8972
2018-10-03 17:35,9052
2018-10-03 17:40,9111
2018-10-03 17:45,9188
2018-10-03 17:50,9246
2018-10-03 17:55,9298
2018-10-03 18:00,9378
2018-10-03 18:05,9517
2018-10-03 18:10,9598
2018-10-03 18:15,9585
2018-10-03 18:20,9545
2018-10-03 18:25,9618
2018-10-03 18:30,9683
2018-10-03 18:35,9749
2018-10-03 18:40,9800
2018-10-03 18:45,9789
2018-10-03 18:50,9813
2018-10-03 18:55,9812
2018-10-03 19:00,9855
2018-10-03 19:05,9866
2018-10-03 19:10,9812
2018-10-03 19:15,9810
2018-10-03 19:20,9828
2018-10-03 19:25,9767
2018-10-03 19:30,9757
2018-10-03 19:35,9697
2018-10-03 19:40,9699
2018-10-03 19:45,9759
2018-10-03 19:50,9711
2018-10-03 19:55,9717
2018-10-03 20:00,9641
2018-10-03 20:05,9601
2018-10-03 20:10,9570
2018-10-03 20:15,9442
2018-10-03 20:20,9363
2018-10-03 20:25,9269
2018-10-03 20:30,9216
2018-10-03 20:35,9070
2018-10-03 20:40,9060
2018-10-03 20:45,9009
2018-10-03 20:50,8916
2018-10-03 20:55,8950
2018-10-03 21:00,8938
2018-10-03 21:05,8836
2018-10-03 21:10,8787
2018-10-03 21:15,8731
2018-10-03 21:20,8661
2018-10-03 21:25,8566
2018-10-03 21:30,8515
2018-10-03 21:35,8473
2018-10-03 21:40,8447
2018-10-03 21:45,8374
2018-10-03 21:50,8327
2018-10-03 21:55,8273
2018-10-03 22:00,8162
2018-10-03 22:05,8142
2018-10-03 22:10,8037
2018-10-03 22:15,7930
2018-10-03 22:20,7857
2018-10-03 22:25,7805
2018-10-03 22:30,7675
2018-10-03 22:35,7586
2018-10-03 22:40,7563
2018-10-03 22:45,7502
2018-10-03 22:50,7469
2018-10-03 22:55,7390
2018-10-03 23:00,7270
2018-10-03 23:05,7266
2018-10-03 23:10,7245
2018-10-03 23:15,7247
2018-10-03 23:20,7223
2018-10-03 23:25,7171
2018-10-03 23:30,7184
2018-10-03 23:35,7157
2018-10-03 23:40,7145
2018-10-03 23:45,7185
2018-10-03 23:50,7217
2018-10-03 23:55,7206
2018-10-04 00:00,7228
2018-10-04 00:05,7191
2018-10-04 00:10,7125
2018-10-04 00:15,7096
2018-10-04 00:20,7058
2018-10-04 00:25,7075
2018-10-04 00:30,7023
2018-10-04 00:35,7030
2018-10-04 00:40,7032
2018-10-04 00:45,7080
2018-10-04 00:50,7082
2018-10-04 00:55,7115
2018-10-04 01:00,7121
2018-10-04 01:05,7112
2018-10-04 01:10,7126
2018-10-04 01:15,7165
2018-10-04 01:20,7169
2018-10-04 01:25,7121
2018-10-04 01:30,7137
2018-10-04 01:35,7113
2018-10-04 01:40,7148
2018-10-04 01:45,7147
2018-10-04 01:50,7084
2018-10-04 01:55,7118
2018-10-04 02:00,7095
2018-10-04 02:05,7058
2018-10-04 02:10,6995
2018-10-04 02:15,6966
2018-10-04 02:20,6928
2018-10-04 02:25,6872
2018-10-04 02:30,6812
2018-10-04 02:35,6803
2018-10-04 02:40,6802
2018-10-04 02:45,6754
2018-10-04 02:50,6705
2018-10-04 02:55,6636
2018-10-04 03:00,6502
2018-10-04 03:05,6438
2018-10-04 03:10,6356
2018-10-04 03:15,6253
2018-10-04 03:20,6220
2018-10-04 03:25,6158
2018-10-04 03:30,6050
2018-10-04 03:35,5957
2018-10-04 03:40,5858
2018-10-04 03:45,5825
2018-10-04 03:50,5741
2018-10-04 03:55,5654
2018-10-04 04:00,5595
2018-10-04 04:05,5522
2018-10-04 04:10,5436
2018-10-04 04:15,5338
2018-10-04 04:20,5255
2018-10-04 04:25,5144
2018-10-04 04:30,5071
2018-10-04 04:35,4978
2018-10-04 04:40,4900
2018-10-04 04:45,4805
2018-10-04 04:50,4687
2018-10-04 04:55,4584
2018-10-04 05:00,4521
2018-10-04 05:05,4426
2018-10-04 05:10,4314
2018-10-04 05:15,4252
2018-10-04 05:20,4162
2018-10-04 05:25,4051
2018-10-04 05:30,4003
2018-10-04 05:35,3920
2018-10-04 05:40,3813
2018-10-04 05:45,3773
2018-10-04 05:50,3752
2018-10-04 05:55,3666
2018-10-04 06:00,3588
2018-10-04 06:05,3501
2018-10-04 06:10,3463
2018-10-04 06:15,3400
2018-10-04 06:20,3365
2018-10-04 06:25,3326
2018-10-04 06:30,3262
2018-10-04 06:35,3205
2018-10-04 06:40,3171
2018-10-04 06:45,3130
2018-10-04 06:50,3090
2018-10-04 06:55,3079
2018-10-04 07:00,3061
2018-10-04 07:05,3007
2018-10-04 07:10,3005
2018-10-04 07:15,2953
2018-10-04 07:20,2949
2018-10-04 07:25,2923
2018-10-04 07:30,2920
2018-10-04 07:35,2903
2018-10-04 07:40,2893
2018-10-04 07:45,2882
2018-10-04 07:50,2887
2018-10-04 07:55,2896
2018-10-04 08:00,2894
2018-10-04 08:05,2878
2018-10-04 08:10,2868
2018-10-04 08:15,2889
2018-10-04 08:20,2894
2018-10-04 08:25,2891
2018-10-04 08:30,2870
2018-10-04 08:35,2871
2018-10-04 08:40,2878
2018-10-04 08:45,2881
2018-10-04 08:50,2883
2018-10-04 08:55,2903
2018-10-04 09:00,2892
2018-10-04 09:05,2975
2018-10-04 09:10,3001
2018-10-04 09:15,3068
2018-10-04 09:20,3109
2018-10-04 09:25,3152
2018-10-04 09:30,3185
2018-10-04 09:35,3190
2018-10-04 09:40,3217
2018-10-04 09:45,3245
2018-10-04 09:50,3252
2018-10-04 09:55,3265
2018-10-04 10:00,3262
2018-10-04 10:05,3274
2018-10-04 10:10,3344
2018-10-04 10:15,3370
2018-10-04 10:20,3394
2018-10-04 10:25,3436
2018-10-04 10:30,3457
2018-10-04 10:35,3456
2018-10-04 10:40,3489
2018-10-04 10:45,3538
2018-10-04 10:50,3598
2018-10-04 10:55,3588
2018-10-04 11:00,3624
2018-10-04 11:05,3636
2018-10-04 11:10,3702
2018-10-04 11:15,3753
2018-10-04 11:20,3827
2018-10-04 11:25,3837
2018-10-04 11:30,3888
2018-10-04 11:35,3932
2018-10-04 11:40,3998
2018-10-04 11:45,4061
2018-10-04 11:50,4130
2018-10-04 11:55,4187
2018-10-04 12:00,4271
2018-10-04 12:05,4310
2018-10-04 12:10,4385
2018-10-04 12:15,4459
2018-10-04 12:20,4518
2018-10-04 12:25,4563
2018-10-04 12:30,4607
2018-10-04 12:35,4688
2018-10-04 12:40,4781
2018-10-04 12:45,4855
2018-10-04 12:50,4947
2018-10-04 12:55,4984
2018-10-04 13:00,5094
2018-10-04 13:05,5153
2018-10-04 13:10,5210
2018-10-04 13:15,5253
2018-10-04 13:20,5362
2018-10-04 13:25,5419
2018-10-04 13:30,5482
2018-10-04 13:35,5550
2018-10-04 13:40,5660
2018-10-04 13:45,5713
2018-10-04 13:50,5743
2018-10-04 13:55,5812
2018-10-04 14:00,5900
2018-10-04 14:05,5936
2018-10-04 14:10,5960
2018-10-04 14:15,6022
2018-10-04 14:20,6096
2018-10-04 14:25,6210
2018-10-04 14:30,6258
2018-10-04 14:35,6306
2018-10-04 14:40,6392
2018-10-04 14:45,6453
2018-10-04 14:50,6488
2018-10-04 14:55,6604
2018-10-04 15:00,6682
2018-10-04 15:05,6745
2018-10-04 15:10,6775
2018-10-04 15:15,6831
2018-10-04 15:20,6883
2018-10-04 15:25,6944
2018-10-04 15:30,7047
2018-10-04 15:35,7162
2018-10-04 15:40,7216
2018-10-04 15:45,7086
2018-10-04 15:50,6827
2018-10-04 15:55,6939
2018-10-04 16:00,7047
2018-10-04 16:05,7170
2018-10-04 16:10,7298
2018-10-04 16:15,7455
2018-10-04 16:20,7568
2018-10-04 16:25,7676
2018-10-04 16:30,7790
2018-10-04 16:35,7879
2018-10-04 16:40,7952
2018-10-04 16:45,8051
2018-10-04 16:50,8090
2018-10-04 16:55,8156
2018-10-04 17:00,8272
2018-10-04 17:05,8286
2018-10-04 17:10,8363
2018-10-04 17:15,8519
2018-10-04 17:20,8554
2018-10-04 17:25,8642
2018-10-04 17:30,8726
2018-10-04 17:35,8764
2018-10-04 17:40,8851
2018-10-04 17:45,8902
2018-10-04 17:50,8974
2018-10-04 17:55,9003
2018-10-04 18:00,9134
2018-10-04 18:05,9171
2018-10-04 18:10,9171
2018-10-04 18:15,9237
2018-10-04 18:20,9320
2018-10-04 18:25,9339
2018-10-04 18:30,9356
2018-10-04 18:35,9410
2018-10-04 18:40,9448
2018-10-04 18:45,9505
2018-10-04 18:50,9566
2018-10-04 18:55,9601
2018-10-04 19:00,9652
2018-10-04 19:05,9677
2018-10-04 19:10,9666
2018-10-04 19:15,9603
2018-10-04 19:20,9595
2018-10-04 19:25,9566
2018-10-04 19:30,9578
2018-10-04 19:35,9581
2018-10-04 19:40,9581
2018-10-04 19:45,9559
2018-10-04 19:50,9596
2018-10-04 19:55,9531
2018-10-04 20:00,9478
2018-10-04 20:05,9418
2018-10-04 20:10,9431
2018-10-04 20:15,9358
2018-10-04 20:20,9291
2018-10-04 20:25,9244
2018-10-04 20:30,9215
2018-10-04 20:35,9223
2018-10-04 20:40,9234
2018-10-04 20:45,9216
2018-10-04 20:50,9180
2018-10-04 20:55,9122
2018-10-04 21:00,9074
2018-10-04 21:05,9032
2018-10-04 21:10,8921
2018-10-04 21:15,8834
2018-10-04 21:20,8753
2018-10-04 21:25,8692
2018-10-04 21:30,8606
2018-10-04 21:35,8586
2018-10-04 21:40,8468
2018-10-04 21:45,8441
2018-10-04 21:50,8302
2018-10-04 21:55,8251
2018-10-04 22:00,8174
2018-10-04 22:05,8085
2018-10-04 22:10,7987
2018-10-04 22:15,7866
2018-10-04 22:20,7798
2018-10-04 22:25,7712
2018-10-04 22:30,7612
2018-10-04 22:35,7515
2018-10-04 22:40,7498
2018-10-04 22:45,7375
2018-10-04 22:50,7366
2018-10-04 22:55,7309
2018-10-04 23:00,7274
2018-10-04 23:05,7219
2018-10-04 23:10,7179
2018-10-04 23:15,7129
2018-10-04 23:20,7135
2018-10-04 23:25,7111
2018-10-04 23:30,7086
2018-10-04 23:35,7052
2018-10-04 23:40,7040
2018-10-04 23:45,7040
2018-10-04 23:50,7027
2018-10-04 23:55,6998
2018-10-05 00:00,6932
2018-10-05 00:05,6988
2018-10-05 00:10,7025
2018-10-05 00:15,6996
2018-10-05 00:20,6988
2018-10-05 00:25,7027
2018-10-05 00:30,7087
2018-10-05 00:35,7127
2018-10-05 00:40,7153
2018-10-05 00:45,7125
2018-10-05 00:50,7128
2018-10-05 00:55,7135
2018-10-05 01:00,7107
2018-10-05 01:05,7090
2018-10-05 01:10,7130
2018-10-05 01:15,7126
2018-10-05 01:20,7155
2018-10-05 01:25,7108
2018-10-05 01:30,7066
2018-10-05 01:35,7074
2018-10-05 01:40,7086
2018-10-05 01:45,7037
2018-10-05 01:50,7077
2018-10-05 01:55,7107
2018-10-05 02:00,7106
2018-10-05 02:05,7072
2018-10-05 02:10,7020
2018-10-05 02:15,6969
2018-10-05 02:20,6908
2018-10-05 02:25,6872
2018-10-05 02:30,6801
2018-10-05 02:35,6790
2018-10-05 02:40,6754
2018-10-05 02:45,6693
2018-10-05 02:50,6655
2018-10-05 02:55,6631
2018-10-05 03:00,6512
2018-10-05 03:05,6481
2018-10-05 03:10,6360
2018-10-05 03:15,6309
2018-10-05 03:20,6265
2018-10-05 03:25,6209
2018-10-05 03:30,6098
2018-10-05 03:35,6008
2018-10-05 03:40,5942
2018-10-05 03:45,5851
2018-10-05 03:50,5794
2018-10-05 03:55,5714
2018-10-05 04:00,5615
2018-10-05 04:05,5527
2018-10-05 04:10,5429
2018-10-05 04:15,5355
2018-10-05 04:20,5334
2018-10-05 04:25,5284
2018-10-05 04:30,5248
2018-10-05 04:35,5203
2018-10-05 04:40,5139
2018-10-05 04:45,5038
2018-10-05 04:50,4941
2018-10-05 04:55,4828
2018-10-05 05:00,4737
2018-10-05 05:05,4664
2018-10-05 05:10,4531
2018-10-05 05:15,4374
2018-10-05 05:20,4314
2018-10-05 05:25,4232
2018-10-05 05:30,4148
2018-10-05 05:35,4114
2018-10-05 05:40,4045
2018-10-05 05:45,3998
2018-10-05 05:50,3941
2018-10-05 05:55,3847
2018-10-05 06:00,3761
2018-10-05 06:05,3709
2018-10-05 06:10,3663
2018-10-05 06:15,3603
2018-10-05 06:20,3549
2018-10-05 06:25,3491
2018-10-05 06:30,3426
2018-10-05 06:35,3354
2018-10-05 06:40,3348
2018-10-05 06:45,3308
2018-10-05 06:50,3283
2018-10-05 06:55,3274
2018-10-05 07:00,3235
2018-10-05 07:05,3195
2018-10-05 07:10,3163
2018-10-05 07:15,3100
2018-10-05 07:20,3110
2018-10-05 07:25,3093
2018-10-05 07:30,3063
2018-10-05 07:35,3039
2018-10-05 07:40,3013
2018-10-05 07:45,2999
2018-10-05 07:50,3006
2018-10-05 07:55,2987
2018-10-05 08:00,2955
2018-10-05 08:05,2960
2018-10-05 08:10,2956
2018-10-05 08:15,2953
2018-10-05 08:20,2978
2018-10-05 08:25,2972
2018-10-05 08:30,2954
2018-10-05 08:35,2951
2018-10-05 08:40,2966
2018-10-05 08:45,3007
2018-10-05 08:50,3011
2018-10-05 08:55,3003
2018-10-05 09:00,3020
2018-10-05 09:05,3085
2018-10-05 09:10,3193
2018-10-05 09:15,3212
2018-10-05 09:20,3325
2018-10-05 09:25,3375
2018-10-05 09:30,3417
2018-10-05 09:35,3468
2018-10-05 09:40,3513
2018-10-05 09:45,3553
2018-10-05 09:50,3621
2018-10-05 09:55,3660
2018-10-05 10:00,3659
2018-10-05 10:05,3680
2018-10-05 10:10,3666
2018-10-05 10:15,3721
2018-10-05 10:20,3771
2018-10-05 10:25,3817
2018-10-05 10:30,3925
2018-10-05 10:35,3962
2018-10-05 10:40,3965
2018-10-05 10:45,4011
2018-10-05 10:50,4039
2018-10-05 10:55,4113
2018-10-05 11:00,4164
2018-10-05 11:05,4226
2018-10-05 11:10,4207
2018-10-05 11:15,4283
2018-10-05 11:20,4312
2018-10-05 11:25,4386
2018-10-05 11:30,4427
2018-10-05 11:35,4466
2018-10-05 11:40,4506
2018-10-05 11:45,4579
2018-10-05 11:50,4652
2018-10-05 11:55,4722
2018-10-05 12:00,4760
2018-10-05 12:05,4795
2018-10-05 12:10,4816
2018-10-05 12:15,4845
2018-10-05 12:20,4927
2018-10-05 12:25,4954
2018-10-05 12:30,5052
2018-10-05 12:35,5127
2018-10-05 12:40,5228
2018-10-05 12:45,5318
2018-10-05 12:50,5367
2018-10-05 12:55,5429
2018-10-05 13:00,5559
2018-10-05 13:05,5629
2018-10-05 13:10,5738
2018-10-05 13:15,5809
2018-10-05 13:20,5896
2018-10-05 13:25,5975
2018-10-05 13:30,6047
2018-10-05 13:35,6142
2018-10-05 13:40,6215
2018-10-05 13:45,6282
2018-10-05 13:50,6363
2018-10-05 13:55,6371
2018-10-05 14:00,6477
2018-10-05 14:05,6555
2018-10-05 14:10,6649
2018-10-05 14:15,6712
2018-10-05 14:20,6756
2018-10-05 14:25,6795
2018-10-05 14:30,6861
2018-10-05 14:35,6949
2018-10-05 14:40,7011
2018-10-05 14:45,7086
2018-10-05 14:50,7091
2018-10-05 14:55,7163
2018-10-05 15:00,7178
2018-10-05 15:05,7246
2018-10-05 15:10,7300
2018-10-05 15:15,7311
2018-10-05 15:20,7409
2018-10-05 15:25,7495
2018-10-05 15:30,7575
2018-10-05 15:35,7648
2018-10-05 15:40,7673
2018-10-05 15:45,7726
2018-10-05 15:50,7805
2018-10-05 15:55,7892
2018-10-05 16:00,7922
2018-10-05 16:05,7995
2018-10-05 16:10,8068
2018-10-05 16:15,8049
2018-10-05 16:20,8140
2018-10-05 16:25,8157
2018-10-05 16:30,8228
2018-10-05 16:35,8290
2018-10-05 16:40,8368
2018-10-05 16:45,8373
2018-10-05 16:50,8419
2018-10-05 16:55,8516
2018-10-05 17:00,8640
2018-10-05 17:05,8725
2018-10-05 17:10,8789
2018-10-05 17:15,8881
2018-10-05 17:20,8942
2018-10-05 17:25,9011
2018-10-05 17:30,9069
2018-10-05 17:35,9143
2018-10-05 17:40,9156
2018-10-05 17:45,9252
2018-10-05 17:50,9283
2018-10-05 17:55,9319
2018-10-05 18:00,9324
2018-10-05 18:05,9284
2018-10-05 18:10,9327
2018-10-05 18:15,9382
2018-10-05 18:20,9452
2018-10-05 18:25,9526
2018-10-05 18:30,9476
2018-10-05 18:35,9564
2018-10-05 18:40,9600
2018-10-05 18:45,9662
2018-10-05 18:50,9633
2018-10-05 18:55,9716
2018-10-05 19:00,9703
2018-10-05 19:05,9692
2018-10-05 19:10,9715
2018-10-05 19:15,9760
2018-10-05 19:20,9824
2018-10-05 19:25,9813
2018-10-05 19:30,9877
2018-10-05 19:35,9895
2018-10-05 19:40,10071
2018-10-05 19:45,10086
2018-10-05 19:50,10081
2018-10-05 19:55,10101
2018-10-05 20:00,10068
2018-10-05 20:05,9997
2018-10-05 20:10,10015
2018-10-05 20:15,10107
2018-10-05 20:20,10175
2018-10-05 20:25,10197
2018-10-05 20:30,10181
2018-10-05 20:35,10171
2018-10-05 20:40,10189
2018-10-05 20:45,10178
2018-10-05 20:50,10182
2018-10-05 20:55,10106
2018-10-05 21:00,10185
2018-10-05 21:05,10133
2018-10-05 21:10,10103
2018-10-05 21:15,10022
2018-10-05 21:20,9992
2018-10-05 21:25,9939
2018-10-05 21:30,9924
2018-10-05 21:35,9869
2018-10-05 21:40,9829
2018-10-05 21:45,9749
2018-10-05 21:50,9431
2018-10-05 21:55,8931
2018-10-05 22:00,8832
2018-10-05 22:05,8880
2018-10-05 22:10,8890
2018-10-05 22:15,8905
2018-10-05 22:20,8826
2018-10-05 22:25,8779
2018-10-05 22:30,8743
2018-10-05 22:35,8678
2018-10-05 22:40,8683
2018-10-05 22:45,8620
2018-10-05 22:50,8605
2018-10-05 22:55,8524
2018-10-05 23:00,8461
2018-10-05 23:05,8386
2018-10-05 23:10,8388
2018-10-05 23:15,8322
2018-10-05 23:20,8320
2018-10-05 23:25,8321
2018-10-05 23:30,8276
2018-10-05 23:35,8281
2018-10-05 23:40,8303
2018-10-05 23:45,8262
2018-10-05 23:50,8204
2018-10-05 23:55,8155
2018-10-06 00:00,8068
2018-10-06 00:05,8017
2018-10-06 00:10,7950
2018-10-06 00:15,7884
2018-10-06 00:20,7822
2018-10-06 00:25,7776
2018-10-06 00:30,7775
2018-10-06 00:35,7738
2018-10-06 00:40,7648
2018-10-06 00:45,7649
2018-10-06 00:50,7620
2018-10-06 00:55,7665
2018-10-06 01:00,7606
2018-10-06 01:05,7565
2018-10-06 01:10,7563
2018-10-06 01:15,7595
2018-10-06 01:20,7603
2018-10-06 01:25,7571
2018-10-06 01:30,7509
2018-10-06 01:35,7487
2018-10-06 01:40,7510
2018-10-06 01:45,7509
2018-10-06 01:50,7526
2018-10-06 01:55,7532
2018-10-06 02:00,7533
2018-10-06 02:05,7498
2018-10-06 02:10,7524
2018-10-06 02:15,7549
2018-10-06 02:20,7508
2018-10-06 02:25,7466
2018-10-06 02:30,7482
2018-10-06 02:35,7506
2018-10-06 02:40,7542
2018-10-06 02:45,7495
2018-10-06 02:50,7469
2018-10-06 02:55,7448
2018-10-06 03:00,7409
2018-10-06 03:05,7307
2018-10-06 03:10,7265
2018-10-06 03:15,7292
2018-10-06 03:20,7262
2018-10-06 03:25,7249
2018-10-06 03:30,7159
2018-10-06 03:35,7071
2018-10-06 03:40,7042
2018-10-06 03:45,7011
2018-10-06 03:50,6925
2018-10-06 03:55,6846
2018-10-06 04:00,6743
2018-10-06 04:05,6668
2018-10-06 04:10,6618
2018-10-06 04:15,6561
2018-10-06 04:20,6470
2018-10-06 04:25,6392
2018-10-06 04:30,6301
2018-10-06 04:35,6268
2018-10-06 04:40,6181
2018-10-06 04:45,6166
2018-10-06 04:50,5999
2018-10-06 04:55,5929
2018-10-06 05:00,5864
2018-10-06 05:05,5786
2018-10-06 05:10,5730
2018-10-06 05:15,5692
2018-10-06 05:20,5638
2018-10-06 05:25,5527
2018-10-06 05:30,5430
2018-10-06 05:35,5380
2018-10-06 05:40,5267
2018-10-06 05:45,5185
2018-10-06 05:50,5113
2018-10-06 05:55,5012
2018-10-06 06:00,4946
2018-10-06 06:05,4856
2018-10-06 06:10,4766
2018-10-06 06:15,4688
2018-10-06 06:20,4670
2018-10-06 06:25,4669
2018-10-06 06:30,4582
2018-10-06 06:35,4514
2018-10-06 06:40,4424
2018-10-06 06:45,4378
2018-10-06 06:50,4301
2018-10-06 06:55,4259
2018-10-06 07:00,4196
2018-10-06 07:05,4169
2018-10-06 07:10,4157
2018-10-06 07:15,4172
2018-10-06 07:20,4114
2018-10-06 07:25,4119
2018-10-06 07:30,4069
2018-10-06 07:35,4084
2018-10-06 07:40,4053
2018-10-06 07:45,4070
2018-10-06 07:50,4068
2018-10-06 07:55,4105
2018-10-06 08:00,4102
2018-10-06 08:05,4077
2018-10-06 08:10,4112
2018-10-06 08:15,4115
2018-10-06 08:20,4145
2018-10-06 08:25,4107
2018-10-06 08:30,4118
2018-10-06 08:35,4141
2018-10-06 08:40,4134
2018-10-06 08:45,4213
2018-10-06 08:50,4288
2018-10-06 08:55,4318
2018-10-06 09:00,4366
2018-10-06 09:05,4505
2018-10-06 09:10,4593
2018-10-06 09:15,4638
2018-10-06 09:20,4722
2018-10-06 09:25,4766
2018-10-06 09:30,4827
2018-10-06 09:35,4822
2018-10-06 09:40,4896
2018-10-06 09:45,4915
2018-10-06 09:50,4954
2018-10-06 09:55,5020
2018-10-06 10:00,5072
2018-10-06 10:05,5108
2018-10-06 10:10,5126
2018-10-06 10:15,5170
2018-10-06 10:20,5250
2018-10-06 10:25,5281
2018-10-06 10:30,5352
2018-10-06 10:35,5489
2018-10-06 10:40,5560
2018-10-06 10:45,5606
2018-10-06 10:50,5634
2018-10-06 10:55,5692
2018-10-06 11:00,5781
2018-10-06 11:05,5853
2018-10-06 11:10,5892
2018-10-06 11:15,5987
2018-10-06 11:20,6011
2018-10-06 11:25,6087
2018-10-06 11:30,6107
2018-10-06 11:35,6150
2018-10-06 11:40,6222
2018-10-06 11:45,6208
2018-10-06 11:50,6249
2018-10-06 11:55,6296
2018-10-06 12:00,6337
2018-10-06 12:05,6382
2018-10-06 12:10,6463
2018-10-06 12:15,6563
2018-10-06 12:20,6621
2018-10-06 12:25,6676
2018-10-06 12:30,6719
2018-10-06 12:35,6767
2018-10-06 12:40,6853
2018-10-06 12:45,6899
2018-10-06 12:50,7016
2018-10-06 12:55,7070
2018-10-06 13:00,7150
2018-10-06 13:05,7217
2018-10-06 13:10,7307
2018-10-06 13:15,7393
2018-10-06 13:20,7460
2018-10-06 13:25,7490
2018-10-06 13:30,7589
2018-10-06 13:35,7662
2018-10-06 13:40,7683
2018-10-06 13:45,7768
2018-10-06 13:50,7853
2018-10-06 13:55,7952
2018-10-06 14:00,8027
2018-10-06 14:05,8109
2018-10-06 14:10,8159
2018-10-06 14:15,8230
2018-10-06 14:20,8264
2018-10-06 14:25,8315
2018-10-06 14:30,8327
2018-10-06 14:35,8388
2018-10-06 14:40,8443
2018-10-06 14:45,8445
2018-10-06 14:50,8457
2018-10-06 14:55,8526
2018-10-06 15:00,8621
2018-10-06 15:05,8677
2018-10-06 15:10,8699
2018-10-06 15:15,8773
2018-10-06 15:20,8852
2018-10-06 15:25,8900
2018-10-06 15:30,8934
2018-10-06 15:35,9029
2018-10-06 15:40,9119
2018-10-06 15:45,9213
2018-10-06 15:50,9286
2018-10-06 15:55,9379
2018-10-06 16:00,9400
2018-10-06 16:05,9475
2018-10-06 16:10,9504
2018-10-06 16:15,9513
2018-10-06 16:20,9558
2018-10-06 16:25,9589
2018-10-06 16:30,9658
2018-10-06 16:35,9682
2018-10-06 16:40,9700
2018-10-06 16:45,9735
2018-10-06 16:50,9753
2018-10-06 16:55,9799
2018-10-06 17:00,9862
2018-10-06 17:05,9966
2018-10-06 17:10,10066
2018-10-06 17:15,10123
2018-10-06 17:20,10171
2018-10-06 17:25,10251
2018-10-06 17:30,10308
2018-10-06 17:35,10350
2018-10-06 17:40,10344
2018-10-06 17:45,10437
2018-10-06 17:50,10449
2018-10-06 17:55,10513
2018-10-06 18:00,10530
2018-10-06 18:05,10544
2018-10-06 18:10,10558
2018-10-06 18:15,10605
2018-10-06 18:20,10719
2018-10-06 18:25,10777
2018-10-06 18:30,10888
2018-10-06 18:35,10926
2018-10-06 18:40,10909
2018-10-06 18:45,10928
2018-10-06 18:50,10924
2018-10-06 18:55,10947
2018-10-06 19:00,10984
2018-10-06 19:05,11049
2018-10-06 19:10,11117
2018-10-06 19:15,11184
2018-10-06 19:20,11162
2018-10-06 19:25,11186
2018-10-06 19:30,11170
2018-10-06 19:35,11218
2018-10-06 19:40,11264
2018-10-06 19:45,11286
2018-10-06 19:50,11336
2018-10-06 19:55,11424
2018-10-06 20:00,11365
2018-10-06 20:05,11346
2018-10-06 20:10,11315
2018-10-06 20:15,11340
2018-10-06 20:20,11332
2018-10-06 20:25,11312
2018-10-06 20:30,11299
2018-10-06 20:35,11342
2018-10-06 20:40,11311
2018-10-06 20:45,11207
2018-10-06 20:50,11180
2018-10-06 20:55,11157
2018-10-06 21:00,11099
2018-10-06 21:05,11039
2018-10-06 21:10,10974
2018-10-06 21:15,10853
2018-10-06 21:20,10762
2018-10-06 21:25,10703
2018-10-06 21:30,10599
2018-10-06 21:35,10516
2018-10-06 21:40,10323
2018-10-06 21:45,10215
2018-10-06 21:50,10117
2018-10-06 21:55,10060
2018-10-06 22:00,10021
2018-10-06 22:05,9976
2018-10-06 22:10,9969
2018-10-06 22:15,9875
2018-10-06 22:20,9777
2018-10-06 22:25,9684
2018-10-06 22:30,9554
2018-10-06 22:35,9512
2018-10-06 22:40,9367
2018-10-06 22:45,9268
2018-10-06 22:50,9198
2018-10-06 22:55,9087
2018-10-06 23:00,9003
2018-10-06 23:05,8904
2018-10-06 23:10,8856
2018-10-06 23:15,8725
2018-10-06 23:20,8567
2018-10-06 23:25,8447
2018-10-06 23:30,8436
2018-10-06 23:35,8421
2018-10-06 23:40,8368
2018-10-06 23:45,8273
2018-10-06 23:50,8192
2018-10-06 23:55,8126
2018-10-07 00:00,8047
2018-10-07 00:05,7878
2018-10-07 00:10,7833
2018-10-07 00:15,7778
2018-10-07 00:20,7747
2018-10-07 00:25,7749
2018-10-07 00:30,7655
2018-10-07 00:35,7637
2018-10-07 00:40,7563
2018-10-07 00:45,7540
2018-10-07 00:50,7492
2018-10-07 00:55,7445
2018-10-07 01:00,7433
2018-10-07 01:05,7430
2018-10-07 01:10,7374
2018-10-07 01:15,7364
2018-10-07 01:20,7366
2018-10-07 01:25,7396
2018-10-07 01:30,7384
2018-10-07 01:35,7423
2018-10-07 01:40,7362
2018-10-07 01:45,7400
2018-10-07 01:50,7386
2018-10-07 01:55,7389
2018-10-07 02:00,7409
2018-10-07 02:05,7369
2018-10-07 02:10,7362
2018-10-07 02:15,7360
2018-10-07 02:20,7378
2018-10-07 02:25,7383
2018-10-07 02:30,7393
2018-10-07 02:35,7340
2018-10-07 02:40,7347
2018-10-07 02:45,7347
2018-10-07 02:50,7303
2018-10-07 02:55,7244
2018-10-07 03:00,7209
2018-10-07 03:05,7182
2018-10-07 03:10,7144
2018-10-07 03:15,7072
2018-10-07 03:20,7065
2018-10-07 03:25,7003
2018-10-07 03:30,6945
2018-10-07 03:35,6865
2018-10-07 03:40,6861
2018-10-07 03:45,6834
2018-10-07 03:50,6798
2018-10-07 03:55,6702
2018-10-07 04:00,6600
2018-10-07 04:05,6500
2018-10-07 04:10,6414
2018-10-07 04:15,6348
2018-10-07 04:20,6308
2018-10-07 04:25,6245
2018-10-07 04:30,6231
2018-10-07 04:35,6199
2018-10-07 04:40,6145
2018-10-07 04:45,6056
2018-10-07 04:50,5986
2018-10-07 04:55,5926
2018-10-07 05:00,5878
2018-10-07 05:05,5798
2018-10-07 05:10,5685
2018-10-07 05:15,5642
2018-10-07 05:20,5585
2018-10-07 05:25,5567
2018-10-07 05:30,5512
2018-10-07 05:35,5459
2018-10-07 05:40,5380
2018-10-07 05:45,5363
2018-10-07 05:50,5288
2018-10-07 05:55,5204
2018-10-07 06:00,5192
2018-10-07 06:05,5143
2018-10-07 06:10,5061
2018-10-07 06:15,5019
2018-10-07 06:20,4968
2018-10-07 06:25,4933
2018-10-07 06:30,4876
2018-10-07 06:35,4771
2018-10-07 06:40,4745
2018-10-07 06:45,4705
2018-10-07 06:50,4664
2018-10-07 06:55,4626
2018-10-07 07:00,4549
2018-10-07 07:05,4554
2018-10-07 07:10,4481
2018-10-07 07:15,4427
2018-10-07 07:20,4387
2018-10-07 07:25,4365
2018-10-07 07:30,4345
2018-10-07 07:35,4344
2018-10-07 07:40,4363
2018-10-07 07:45,4320
2018-10-07 07:50,4369
2018-10-07 07:55,4386
2018-10-07 08:00,4375
2018-10-07 08:05,4374
2018-10-07 08:10,4367
2018-10-07 08:15,4352
2018-10-07 08:20,4411
2018-10-07 08:25,4446
2018-10-07 08:30,4486
2018-10-07 08:35,4527
2018-10-07 08:40,4541
2018-10-07 08:45,4513
2018-10-07 08:50,4556
2018-10-07 08:55,4576
2018-10-07 09:00,4664
2018-10-07 09:05,4862
2018-10-07 09:10,4968
2018-10-07 09:15,5061
2018-10-07 09:20,5099
2018-10-07 09:25,5226
2018-10-07 09:30,5277
2018-10-07 09:35,5328
2018-10-07 09:40,5379
2018-10-07 09:45,5432
2018-10-07 09:50,5440
2018-10-07 09:55,5498
2018-10-07 10:00,5568
2018-10-07 10:05,5552
2018-10-07 10:10,5621
2018-10-07 10:15,5732
2018-10-07 10:20,5817
2018-10-07 10:25,5849
2018-10-07 10:30,5892
2018-10-07 10:35,5989
2018-10-07 10:40,6060
2018-10-07 10:45,6181
2018-10-07 10:50,6186
2018-10-07 10:55,6184
2018-10-07 11:00,6239
2018-10-07 11:05,6278
2018-10-07 11:10,6340
2018-10-07 11:15,6371
2018-10-07 11:20,6426
2018-10-07 11:25,6423
2018-10-07 11:30,6478
2018-10-07 11:35,6484
2018-10-07 11:40,6534
2018-10-07 11:45,6584
2018-10-07 11:50,6624
2018-10-07 11:55,6655
2018-10-07 12:00,6731
2018-10-07 12:05,6746
2018-10-07 12:10,6817
2018-10-07 12:15,6890
2018-10-07 12:20,6962
2018-10-07 12:25,7023
2018-10-07 12:30,7070
2018-10-07 12:35,7166
2018-10-07 12:40,7225
2018-10-07 12:45,7295
2018-10-07 12:50,7326
2018-10-07 12:55,7421
2018-10-07 13:00,7504
2018-10-07 13:05,7570
2018-10-07 13:10,7625
2018-10-07 13:15,7722
2018-10-07 13:20,7838
2018-10-07 13:25,7932
2018-10-07 13:30,8037
2018-10-07 13:35,8099
2018-10-07 13:40,8195
2018-10-07 13:45,8271
2018-10-07 13:50,8355
2018-10-07 13:55,8459
2018-10-07 14:00,8568
2018-10-07 14:05,8610
2018-10-07 14:10,8659
2018-10-07 14:15,8728
2018-10-07 14:20,8821
2018-10-07 14:25,8943
2018-10-07 14:30,9048
2018-10-07 14:35,9054
2018-10-07 14:40,9096
2018-10-07 14:45,9137
2018-10-07 14:50,9216
2018-10-07 14:55,9301
2018-10-07 15:00,9342
2018-10-07 15:05,9451
2018-10-07 15:10,9500
2018-10-07 15:15,9506
2018-10-07 15:20,9526
2018-10-07 15:25,9572
2018-10-07 15:30,9613
2018-10-07 15:35,9678
2018-10-07 15:40,9739
2018-10-07 15:45,9794
2018-10-07 15:50,9889
2018-10-07 15:55,9961
2018-10-07 16:00,9984
2018-10-07 16:05,10063
2018-10-07 16:10,10138
2018-10-07 16:15,10165
2018-10-07 16:20,10188
2018-10-07 16:25,10241
2018-10-07 16:30,10291
2018-10-07 16:35,10350
2018-10-07 16:40,10386
2018-10-07 16:45,10475
2018-10-07 16:50,10523
2018-10-07 16:55,10593
2018-10-07 17:00,10625
2018-10-07 17:05,10627
2018-10-07 17:10,10720
2018-10-07 17:15,10780
2018-10-07 17:20,10867
2018-10-07 17:25,10978
2018-10-07 17:30,11015
2018-10-07 17:35,11000
2018-10-07 17:40,11025
2018-10-07 17:45,11180
2018-10-07 17:50,11192
2018-10-07 17:55,11321
2018-10-07 18:00,11419
2018-10-07 18:05,11552
2018-10-07 18:10,11615
2018-10-07 18:15,11653
2018-10-07 18:20,11707
2018-10-07 18:25,11785
2018-10-07 18:30,11817
2018-10-07 18:35,11902
2018-10-07 18:40,11950
2018-10-07 18:45,12004
2018-10-07 18:50,12004
2018-10-07 18:55,11991
2018-10-07 19:00,12033
2018-10-07 19:05,12033
2018-10-07 19:10,12046
2018-10-07 19:15,11972
2018-10-07 19:20,11985
2018-10-07 19:25,11909
2018-10-07 19:30,11918
2018-10-07 19:35,11923
2018-10-07 19:40,11869
2018-10-07 19:45,11855
2018-10-07 19:50,11831
2018-10-07 19:55,11841
2018-10-07 20:00,11781
2018-10-07 20:05,11613
2018-10-07 20:10,11498
2018-10-07 20:15,11438
2018-10-07 20:20,11315
2018-10-07 20:25,11187
2018-10-07 20:30,11014
2018-10-07 20:35,10954
2018-10-07 20:40,10889
2018-10-07 20:45,10848
2018-10-07 20:50,10732
2018-10-07 20:55,10663
2018-10-07 21:00,10574
2018-10-07 21:05,10482
2018-10-07 21:10,10344
2018-10-07 21:15,10247
2018-10-07 21:20,10190
2018-10-07 21:25,10100
2018-10-07 21:30,9988
2018-10-07 21:35,9946
2018-10-07 21:40,9805
2018-10-07 21:45,9666
2018-10-07 21:50,9595
2018-10-07 21:55,9421
2018-10-07 22:00,9300
2018-10-07 22:05,9139
2018-10-07 22:10,9025
2018-10-07 22:15,8941
2018-10-07 22:20,8884
2018-10-07 22:25,8804
2018-10-07 22:30,8685
2018-10-07 22:35,8623
2018-10-07 22:40,8554
2018-10-07 22:45,8512
2018-10-07 22:50,8413
2018-10-07 22:55,8281
2018-10-07 23:00,8190
2018-10-07 23:05,8121
2018-10-07 23:10,8079
2018-10-07 23:15,8043
2018-10-07 23:20,7991
2018-10-07 23:25,7939
2018-10-07 23:30,7942
2018-10-07 23:35,7934
2018-10-07 23:40,7902
2018-10-07 23:45,7859
2018-10-07 23:50,7839
2018-10-07 23:55,7804
2018-10-08 00:00,7828
2018-10-08 00:05,7849
2018-10-08 00:10,7832
2018-10-08 00:15,7803
2018-10-08 00:20,7803
2018-10-08 00:25,7786
2018-10-08 00:30,7774
2018-10-08 00:35,7747
2018-10-08 00:40,7756
2018-10-08 00:45,7743
2018-10-08 00:50,7760
2018-10-08 00:55,7747
2018-10-08 01:00,7754
2018-10-08 01:05,7785
2018-10-08 01:10,7820
2018-10-08 01:15,7832
2018-10-08 01:20,7846
2018-10-08 01:25,7864
2018-10-08 01:30,7808
2018-10-08 01:35,7730
2018-10-08 01:40,7720
2018-10-08 01:45,7661
2018-10-08 01:50,7606
2018-10-08 01:55,7598
2018-10-08 02:00,7510
2018-10-08 02:05,7474
2018-10-08 02:10,7416
2018-10-08 02:15,7342
2018-10-08 02:20,7380
2018-10-08 02:25,7382
2018-10-08 02:30,7369
2018-10-08 02:35,7299
2018-10-08 02:40,7272
2018-10-08 02:45,7139
2018-10-08 02:50,7069
2018-10-08 02:55,7010
2018-10-08 03:00,6903
2018-10-08 03:05,6842
2018-10-08 03:10,6788
2018-10-08 03:15,6671
2018-10-08 03:20,6590
2018-10-08 03:25,6545
2018-10-08 03:30,6450
2018-10-08 03:35,6365
2018-10-08 03:40,6267
2018-10-08 03:45,6191
2018-10-08 03:50,6104
2018-10-08 03:55,6053
2018-10-08 04:00,5973
2018-10-08 04:05,5933
2018-10-08 04:10,5863
2018-10-08 04:15,5805
2018-10-08 04:20,5749
2018-10-08 04:25,5634
2018-10-08 04:30,5566
2018-10-08 04:35,5487
2018-10-08 04:40,5394
2018-10-08 04:45,5348
2018-10-08 04:50,5276
2018-10-08 04:55,5188
2018-10-08 05:00,5033
2018-10-08 05:05,4881
2018-10-08 05:10,4803
2018-10-08 05:15,4692
2018-10-08 05:20,4589
2018-10-08 05:25,4487
2018-10-08 05:30,4395
2018-10-08 05:35,4374
2018-10-08 05:40,4260
2018-10-08 05:45,4147
2018-10-08 05:50,4104
2018-10-08 05:55,4021
2018-10-08 06:00,3938
2018-10-08 06:05,3858
2018-10-08 06:10,3784
2018-10-08 06:15,3742
2018-10-08 06:20,3733
2018-10-08 06:25,3663
2018-10-08 06:30,3584
2018-10-08 06:35,3521
2018-10-08 06:40,3472
2018-10-08 06:45,3381
2018-10-08 06:50,3355
2018-10-08 06:55,3292
2018-10-08 07:00,3245
2018-10-08 07:05,3199
2018-10-08 07:10,3190
2018-10-08 07:15,3161
2018-10-08 07:20,3135
2018-10-08 07:25,3082
2018-10-08 07:30,3062
2018-10-08 07:35,3045
2018-10-08 07:40,3039
2018-10-08 07:45,2998
2018-10-08 07:50,3001
2018-10-08 07:55,3001
2018-10-08 08:00,3018
2018-10-08 08:05,2991
2018-10-08 08:10,2938
2018-10-08 08:15,2950
2018-10-08 08:20,2932
2018-10-08 08:25,2886
2018-10-08 08:30,2905
2018-10-08 08:35,2923
2018-10-08 08:40,2908
2018-10-08 08:45,2926
2018-10-08 08:50,2933
2018-10-08 08:55,2945
2018-10-08 09:00,2957
2018-10-08 09:05,3020
2018-10-08 09:10,3080
2018-10-08 09:15,3169
2018-10-08 09:20,3181
2018-10-08 09:25,3175
2018-10-08 09:30,3177
2018-10-08 09:35,3187
2018-10-08 09:40,3186
2018-10-08 09:45,3206
2018-10-08 09:50,3251
2018-10-08 09:55,3292
2018-10-08 10:00,3300
2018-10-08 10:05,3305
2018-10-08 10:10,3356
2018-10-08 10:15,3368
2018-10-08 10:20,3415
2018-10-08 10:25,3446
2018-10-08 10:30,3483
2018-10-08 10:35,3527
2018-10-08 10:40,3529
2018-10-08 10:45,3561
2018-10-08 10:50,3629
2018-10-08 10:55,3681
2018-10-08 11:00,3696
2018-10-08 11:05,3703
2018-10-08 11:10,3756
2018-10-08 11:15,3801
2018-10-08 11:20,3829
2018-10-08 11:25,3870
2018-10-08 11:30,3926
2018-10-08 11:35,3985
2018-10-08 11:40,4000
2018-10-08 11:45,4039
2018-10-08 11:50,4090
2018-10-08 11:55,4130
2018-10-08 12:00,4160
2018-10-08 12:05,4189
2018-10-08 12:10,4258
2018-10-08 12:15,4307
2018-10-08 12:20,4387
2018-10-08 12:25,4482
2018-10-08 12:30,4500
2018-10-08 12:35,4525
2018-10-08 12:40,4543
2018-10-08 12:45,4620
2018-10-08 12:50,4723
2018-10-08 12:55,4827
2018-10-08 13:00,4909
2018-10-08 13:05,4977
2018-10-08 13:10,5094
2018-10-08 13:15,5157
2018-10-08 13:20,5267
2018-10-08 13:25,5333
2018-10-08 13:30,5427
2018-10-08 13:35,5525
2018-10-08 13:40,5571
2018-10-08 13:45,5641
2018-10-08 13:50,5760
2018-10-08 13:55,5889
2018-10-08 14:00,5973
2018-10-08 14:05,6052
2018-10-08 14:10,6113
2018-10-08 14:15,6244
2018-10-08 14:20,6307
2018-10-08 14:25,6336
2018-10-08 14:30,6475
2018-10-08 14:35,6550
2018-10-08 14:40,6672
2018-10-08 14:45,6800
2018-10-08 14:50,6824
2018-10-08 14:55,6868
2018-10-08 15:00,6986
2018-10-08 15:05,7043
2018-10-08 15:10,7156
2018-10-08 15:15,7218
2018-10-08 15:20,7290
2018-10-08 15:25,7375
2018-10-08 15:30,7423
2018-10-08 15:35,7481
2018-10-08 15:40,7540
2018-10-08 15:45,7670
2018-10-08 15:50,7762
2018-10-08 15:55,7873
2018-10-08 16:00,7929
2018-10-08 16:05,7999
2018-10-08 16:10,8093
2018-10-08 16:15,8197
2018-10-08 16:20,8322
2018-10-08 16:25,8431
2018-10-08 16:30,8570
2018-10-08 16:35,8686
2018-10-08 16:40,8766
2018-10-08 16:45,8855
2018-10-08 16:50,8987
2018-10-08 16:55,9040
2018-10-08 17:00,9171
2018-10-08 17:05,9270
2018-10-08 17:10,9354
2018-10-08 17:15,9436
2018-10-08 17:20,9575
2018-10-08 17:25,9604
2018-10-08 17:30,9740
2018-10-08 17:35,9822
2018-10-08 17:40,9943
2018-10-08 17:45,10028
2018-10-08 17:50,10095
2018-10-08 17:55,10136
2018-10-08 18:00,10140
2018-10-08 18:05,10242
2018-10-08 18:10,10364
2018-10-08 18:15,10448
2018-10-08 18:20,10533
2018-10-08 18:25,10556
2018-10-08 18:30,10602
2018-10-08 18:35,10673
2018-10-08 18:40,10768
2018-10-08 18:45,10816
2018-10-08 18:50,10836
2018-10-08 18:55,10765
2018-10-08 19:00,10798
2018-10-08 19:05,10763
2018-10-08 19:10,10782
2018-10-08 19:15,10852
2018-10-08 19:20,10800
2018-10-08 19:25,10801
2018-10-08 19:30,10811
2018-10-08 19:35,10790
2018-10-08 19:40,10759
2018-10-08 19:45,10686
2018-10-08 19:50,10683
2018-10-08 19:55,10631
2018-10-08 20:00,10588
2018-10-08 20:05,10447
2018-10-08 20:10,10410
2018-10-08 20:15,10272
2018-10-08 20:20,10199
2018-10-08 20:25,10120
2018-10-08 20:30,10012
2018-10-08 20:35,9892
2018-10-08 20:40,9793
2018-10-08 20:45,9684
2018-10-08 20:50,9638
2018-10-08 20:55,9580
2018-10-08 21:00,9484
2018-10-08 21:05,9387
2018-10-08 21:10,9297
2018-10-08 21:15,9224
2018-10-08 21:20,9123
2018-10-08 21:25,9037
2018-10-08 21:30,8937
2018-10-08 21:35,8837
2018-10-08 21:40,8670
2018-10-08 21:45,8613
2018-10-08 21:50,8560
2018-10-08 21:55,8472
2018-10-08 22:00,8413
2018-10-08 22:05,8331
2018-10-08 22:10,8309
2018-10-08 22:15,8246
2018-10-08 22:20,8190
2018-10-08 22:25,8102
2018-10-08 22:30,8048
2018-10-08 22:35,8009
2018-10-08 22:40,8012
2018-10-08 22:45,7986
2018-10-08 22:50,7895
2018-10-08 22:55,7853
2018-10-08 23:00,7790
2018-10-08 23:05,7751
2018-10-08 23:10,7760
2018-10-08 23:15,7733
2018-10-08 23:20,7694
2018-10-08 23:25,7635
2018-10-08 23:30,7622
2018-10-08 23:35,7588
2018-10-08 23:40,7577
2018-10-08 23:45,7567
2018-10-08 23:50,7556
2018-10-08 23:55,7540
2018-10-09 00:00,7544
2018-10-09 00:05,7541
2018-10-09 00:10,7529
2018-10-09 00:15,7521
2018-10-09 00:20,7493
2018-10-09 00:25,7491
2018-10-09 00:30,7479
2018-10-09 00:35,7447
2018-10-09 00:40,7460
2018-10-09 00:45,7467
2018-10-09 00:50,7448
2018-10-09 00:55,7429
2018-10-09 01:00,7430
2018-10-09 01:05,7435
2018-10-09 01:10,7407
2018-10-09 01:15,7383
2018-10-09 01:20,7381
2018-10-09 01:25,7334
2018-10-09 01:30,7345
2018-10-09 01:35,7332
2018-10-09 01:40,7308
2018-10-09 01:45,7299
2018-10-09 01:50,7266
2018-10-09 01:55,7249
2018-10-09 02:00,7207
2018-10-09 02:05,7144
2018-10-09 02:10,7086
2018-10-09 02:15,7043
2018-10-09 02:20,7068
2018-10-09 02:25,7013
2018-10-09 02:30,6958
2018-10-09 02:35,6878
2018-10-09 02:40,6797
2018-10-09 02:45,6780
2018-10-09 02:50,6720
2018-10-09 02:55,6602
2018-10-09 03:00,6583
2018-10-09 03:05,6525
2018-10-09 03:10,6421
2018-10-09 03:15,6303
2018-10-09 03:20,6211
2018-10-09 03:25,6152
2018-10-09 03:30,6079
2018-10-09 03:35,
2018-10-09 03:40,5919
2018-10-09 03:45,5873
2018-10-09 03:50,5777
2018-10-09 03:55,5677
2018-10-09 04:00,5580
2018-10-09 04:05,5500
2018-10-09 04:10,5406
2018-10-09 04:15,5319
2018-10-09 04:20,5208
2018-10-09 04:25,5145
2018-10-09 04:30,5089
2018-10-09 04:35,5025
2018-10-09 04:40,4901
2018-10-09 04:45,4837
2018-10-09 04:50,4770
2018-10-09 04:55,4655
2018-10-09 05:00,4545
2018-10-09 05:05,4452
2018-10-09 05:10,4337
2018-10-09 05:15,4215
2018-10-09 05:20,4124
2018-10-09 05:25,4054
2018-10-09 05:30,3985
2018-10-09 05:35,3947
2018-10-09 05:40,3884
2018-10-09 05:45,3822
2018-10-09 05:50,3734
2018-10-09 05:55,3674
2018-10-09 06:00,3577
2018-10-09 06:05,3491
2018-10-09 06:10,3420
2018-10-09 06:15,3372
2018-10-09 06:20,3321
2018-10-09 06:25,3288
2018-10-09 06:30,3258
2018-10-09 06:35,3219
2018-10-09 06:40,3162
2018-10-09 06:45,3121
2018-10-09 06:50,3083
2018-10-09 06:55,3014
2018-10-09 07:00,2993
2018-10-09 07:05,2920
2018-10-09 07:10,2861
2018-10-09 07:15,2828
2018-10-09 07:20,2797
2018-10-09 07:25,2795
2018-10-09 07:30,2804
2018-10-09 07:35,2768
2018-10-09 07:40,2742
2018-10-09 07:45,2734
2018-10-09 07:50,2730
2018-10-09 07:55,2718
2018-10-09 08:00,2751
2018-10-09 08:05,2748
2018-10-09 08:10,2732
2018-10-09 08:15,2751
2018-10-09 08:20,2751
2018-10-09 08:25,2765
2018-10-09 08:30,2769
2018-10-09 08:35,2791
2018-10-09 08:40,2782
2018-10-09 08:45,2794
2018-10-09 08:50,2847
2018-10-09 08:55,2847
2018-10-09 09:00,2850
2018-10-09 09:05,2926
2018-10-09 09:10,2967
2018-10-09 09:15,2989
2018-10-09 09:20,2989
2018-10-09 09:25,3086
2018-10-09 09:30,3094
2018-10-09 09:35,3091
2018-10-09 09:40,3133
2018-10-09 09:45,3133
2018-10-09 09:50,3165
2018-10-09 09:55,3189
2018-10-09 10:00,3261
2018-10-09 10:05,3261
2018-10-09 10:10,3328
2018-10-09 10:15,3337
2018-10-09 10:20,3358
2018-10-09 10:25,3392
2018-10-09 10:30,3397
2018-10-09 10:35,3423
2018-10-09 10:40,3427
2018-10-09 10:45,3533
2018-10-09 10:50,3577
2018-10-09 10:55,3577
2018-10-09 11:00,3667
2018-10-09 11:05,3667
2018-10-09 11:10,3751
2018-10-09 11:15,3751
2018-10-09 11:20,3809
2018-10-09 11:25,3846
2018-10-09 11:30,3889
2018-10-09 11:35,3911
2018-10-09 11:40,3987
2018-10-09 11:45,4073
2018-10-09 11:50,4073
2018-10-09 11:55,4106
2018-10-09 12:00,4217
2018-10-09 12:05,4217
2018-10-09 12:10,4304
2018-10-09 12:15,4411
2018-10-09 12:20,4411
2018-10-09 12:25,4486
2018-10-09 12:30,4580
2018-10-09 12:35,4592
2018-10-09 12:40,4650
2018-10-09 12:45,4732
2018-10-09 12:50,4815
2018-10-09 12:55,4913
2018-10-09 13:00,5017
2018-10-09 13:05,5017
2018-10-09 13:10,5091
2018-10-09 13:15,5171
2018-10-09 13:20,5248
2018-10-09 13:25,5361
2018-10-09 13:30,5413
2018-10-09 13:35,5527
2018-10-09 13:40,5599
2018-10-09 13:45,5648
2018-10-09 13:50,5747
2018-10-09 13:55,5838
2018-10-09 14:00,6002
2018-10-09 14:05,6002
2018-10-09 14:10,6071
2018-10-09 14:15,6120
2018-10-09 14:20,6187
2018-10-09 14:25,6266
2018-10-09 14:30,6333
2018-10-09 14:35,6393
2018-10-09 14:40,6443
2018-10-09 14:45,6515
2018-10-09 14:50,6611
2018-10-09 14:55,6614
2018-10-09 15:00,6685
2018-10-09 15:05,6685
2018-10-09 15:10,6783
2018-10-09 15:15,6763
2018-10-09 15:20,6809
2018-10-09 15:25,6847
2018-10-09 15:30,6956
2018-10-09 15:35,7034
2018-10-09 15:40,7133
2018-10-09 15:45,7185
2018-10-09 15:50,7273
2018-10-09 15:55,7360
2018-10-09 16:00,7436
2018-10-09 16:05,7532
2018-10-09 16:10,7569
2018-10-09 16:15,7682
2018-10-09 16:20,7769
2018-10-09 16:25,7917
2018-10-09 16:30,7997
2018-10-09 16:35,8086
2018-10-09 16:40,8190
2018-10-09 16:45,8328
2018-10-09 16:50,8442
2018-10-09 16:55,8471
2018-10-09 17:00,8560
2018-10-09 17:05,8675
2018-10-09 17:10,8711
2018-10-09 17:15,8839
2018-10-09 17:20,8975
2018-10-09 17:25,9044
2018-10-09 17:30,9131
2018-10-09 17:35,9228
2018-10-09 17:40,9303
2018-10-09 17:45,9383
2018-10-09 17:50,9442
2018-10-09 17:55,9545
2018-10-09 18:00,9597
2018-10-09 18:05,9563
2018-10-09 18:10,9603
2018-10-09 18:15,9688
2018-10-09 18:20,9662
2018-10-09 18:25,9692
2018-10-09 18:30,9776
2018-10-09 18:35,9839
2018-10-09 18:40,9883
2018-10-09 18:45,9901
2018-10-09 18:50,9989
2018-10-09 18:55,9967
2018-10-09 19:00,9978
2018-10-09 19:05,9997
2018-10-09 19:10,10006
2018-10-09 19:15,10026
2018-10-09 19:20,10010
2018-10-09 19:25,10026
2018-10-09 19:30,10062
2018-10-09 19:35,10020
2018-10-09 19:40,10000
2018-10-09 19:45,9977
2018-10-09 19:50,9972
2018-10-09 19:55,9925
2018-10-09 20:00,9861
2018-10-09 20:05,9812
2018-10-09 20:10,9764
2018-10-09 20:15,9724
2018-10-09 20:20,9682
2018-10-09 20:25,9611
2018-10-09 20:30,9553
2018-10-09 20:35,9508
2018-10-09 20:40,9483
2018-10-09 20:45,9437
2018-10-09 20:50,9391
2018-10-09 20:55,9309
2018-10-09 21:00,9191
2018-10-09 21:05,9068
2018-10-09 21:10,8927
2018-10-09 21:15,8807
2018-10-09 21:20,8717
2018-10-09 21:25,8677
2018-10-09 21:30,8579
2018-10-09 21:35,8560
2018-10-09 21:40,8493
2018-10-09 21:45,8391
2018-10-09 21:50,8290
2018-10-09 21:55,8184
2018-10-09 22:00,8111
2018-10-09 22:05,8005
2018-10-09 22:10,7925
2018-10-09 22:15,7860
2018-10-09 22:20,7754
2018-10-09 22:25,7694
2018-10-09 22:30,7703
2018-10-09 22:35,7633
2018-10-09 22:40,7552
2018-10-09 22:45,7471
2018-10-09 22:50,7380
2018-10-09 22:55,7333
2018-10-09 23:00,7259
2018-10-09 23:05,7259
2018-10-09 23:10,7192
2018-10-09 23:15,0
2018-10-09 23:20,5663
2018-10-09 23:25,6964
2018-10-09 23:30,7164
2018-10-09 23:35,7215
2018-10-09 23:40,7241
2018-10-09 23:45,7243
2018-10-09 23:50,7249
2018-10-09 23:55,7222
2018-10-10 00:00,7135
2018-10-10 00:05,7107
2018-10-10 00:10,7102
2018-10-10 00:15,7113
2018-10-10 00:20,7141
2018-10-10 00:25,7100
2018-10-10 00:30,7086
2018-10-10 00:35,7113
2018-10-10 00:40,7136
2018-10-10 00:45,7180
2018-10-10 00:50,7146
2018-10-10 00:55,7168
2018-10-10 01:00,7178
2018-10-10 01:05,7164
2018-10-10 01:10,7190
2018-10-10 01:15,7157
2018-10-10 01:20,7141
2018-10-10 01:25,7149
2018-10-10 01:30,7132
2018-10-10 01:35,7123
2018-10-10 01:40,7100
2018-10-10 01:45,7112
2018-10-10 01:50,7034
2018-10-10 01:55,7040
2018-10-10 02:00,7033
2018-10-10 02:05,7000
2018-10-10 02:10,7002
2018-10-10 02:15,6880
2018-10-10 02:20,6775
2018-10-10 02:25,6752
2018-10-10 02:30,6731
2018-10-10 02:35,6655
2018-10-10 02:40,6598
2018-10-10 02:45,6518
2018-10-10 02:50,6449
2018-10-10 02:55,6379
2018-10-10 03:00,6347
2018-10-10 03:05,6237
2018-10-10 03:10,6197
2018-10-10 03:15,6177
2018-10-10 03:20,6129
2018-10-10 03:25,6087
2018-10-10 03:30,6070
2018-10-10 03:35,5945
2018-10-10 03:40,5884
2018-10-10 03:45,5820
2018-10-10 03:50,5719
2018-10-10 03:55,5661
2018-10-10 04:00,5617
2018-10-10 04:05,5497
2018-10-10 04:10,5402
2018-10-10 04:15,5298
2018-10-10 04:20,5179
2018-10-10 04:25,5046
2018-10-10 04:30,5032
2018-10-10 04:35,4981
2018-10-10 04:40,4920
2018-10-10 04:45,4864
2018-10-10 04:50,4770
2018-10-10 04:55,4660
2018-10-10 05:00,4549
2018-10-10 05:05,4451
2018-10-10 05:10,4370
2018-10-10 05:15,4249
2018-10-10 05:20,4154
2018-10-10 05:25,4071
2018-10-10 05:30,3997
2018-10-10 05:35,3959
2018-10-10 05:40,3890
2018-10-10 05:45,3817
2018-10-10 05:50,3782
2018-10-10 05:55,3695
2018-10-10 06:00,3643
2018-10-10 06:05,3581
2018-10-10 06:10,3508
2018-10-10 06:15,3470
2018-10-10 06:20,3411
2018-10-10 06:25,3360
2018-10-10 06:30,3293
2018-10-10 06:35,3289
2018-10-10 06:40,3233
2018-10-10 06:45,3198
2018-10-10 06:50,3143
2018-10-10 06:55,3101
2018-10-10 07:00,3066
2018-10-10 07:05,3039
2018-10-10 07:10,3020
2018-10-10 07:15,3020
2018-10-10 07:20,2995
2018-10-10 07:25,2965
2018-10-10 07:30,2954
2018-10-10 07:35,2927
2018-10-10 07:40,2915
2018-10-10 07:45,2888
2018-10-10 07:50,2897
2018-10-10 07:55,2913
2018-10-10 08:00,2915
2018-10-10 08:05,2915
2018-10-10 08:10,2932
2018-10-10 08:15,2919
2018-10-10 08:20,2907
2018-10-10 08:25,2863
2018-10-10 08:30,2846
2018-10-10 08:35,2851
2018-10-10 08:40,2836
2018-10-10 08:45,2838
2018-10-10 08:50,2829
2018-10-10 08:55,2803
2018-10-10 09:00,2809
2018-10-10 09:05,2880
2018-10-10 09:10,2919
2018-10-10 09:15,2978
2018-10-10 09:20,3027
2018-10-10 09:25,
2018-10-10 09:30,3119
2018-10-10 09:35,3136
2018-10-10 09:40,3193
2018-10-10 09:45,3247
2018-10-10 09:50,3264
2018-10-10 09:55,3255
2018-10-10 10:00,3257
2018-10-10 10:05,3245
2018-10-10 10:10,3252
2018-10-10 10:15,3277
2018-10-10 10:20,3321
2018-10-10 10:25,3334
2018-10-10 10:30,3366
2018-10-10 10:35,3365
2018-10-10 10:40,3395
2018-10-10 10:45,3422
2018-10-10 10:50,3451
2018-10-10 10:55,3476
2018-10-10 11:00,3496
2018-10-10 11:05,3503
2018-10-10 11:10,3557
2018-10-10 11:15,3604
2018-10-10 11:20,3650
2018-10-10 11:25,3697
2018-10-10 11:30,3780
2018-10-10 11:35,3823
2018-10-10 11:40,3875
2018-10-10 11:45,3911
2018-10-10 11:50,3938
2018-10-10 11:55,4016
2018-10-10 12:00,4058
2018-10-10 12:05,4126
2018-10-10 12:10,4241
2018-10-10 12:15,4327
2018-10-10 12:20,4367
2018-10-10 12:25,4417
2018-10-10 12:30,4476
2018-10-10 12:35,4563
2018-10-10 12:40,4648
2018-10-10 12:45,4702
2018-10-10 12:50,4781
2018-10-10 12:55,4893
2018-10-10 13:00,4963
2018-10-10 13:05,5008
2018-10-10 13:10,5087
2018-10-10 13:15,5187
2018-10-10 13:20,5267
2018-10-10 13:25,5332
2018-10-10 13:30,5434
2018-10-10 13:35,5494
2018-10-10 13:40,5546
2018-10-10 13:45,5663
2018-10-10 13:50,5723
2018-10-10 13:55,5814
2018-10-10 14:00,5868
2018-10-10 14:05,5881
2018-10-10 14:10,5968
2018-10-10 14:15,6057
2018-10-10 14:20,6176
2018-10-10 14:25,6253
2018-10-10 14:30,6294
2018-10-10 14:35,6331
2018-10-10 14:40,6412
2018-10-10 14:45,6480
2018-10-10 14:50,6508
2018-10-10 14:55,6590
2018-10-10 15:00,6652
2018-10-10 15:05,6738
2018-10-10 15:10,6790
2018-10-10 15:15,6916
2018-10-10 15:20,6986
2018-10-10 15:25,7036
2018-10-10 15:30,7066
2018-10-10 15:35,7157
2018-10-10 15:40,7233
2018-10-10 15:45,7309
2018-10-10 15:50,7331
2018-10-10 15:55,7414
2018-10-10 16:00,7454
2018-10-10 16:05,7508
2018-10-10 16:10,7571
2018-10-10 16:15,7563
2018-10-10 16:20,7630
2018-10-10 16:25,7730
2018-10-10 16:30,7783
2018-10-10 16:35,7823
2018-10-10 16:40,7910
2018-10-10 16:45,8026
2018-10-10 16:50,8073
2018-10-10 16:55,8195
2018-10-10 17:00,8238
2018-10-10 17:05,8328
2018-10-10 17:10,8400
2018-10-10 17:15,8387
2018-10-10 17:20,8498
2018-10-10 17:25,8603
2018-10-10 17:30,8639
2018-10-10 17:35,8702
2018-10-10 17:40,8747
2018-10-10 17:45,8851
2018-10-10 17:50,8899
2018-10-10 17:55,8998
2018-10-10 18:00,9080
2018-10-10 18:05,9116
2018-10-10 18:10,9159
2018-10-10 18:15,9204
2018-10-10 18:20,9240
2018-10-10 18:25,9330
2018-10-10 18:30,9401
2018-10-10 18:35,9417
2018-10-10 18:40,9416
2018-10-10 18:45,9426
2018-10-10 18:50,9451
2018-10-10 18:55,9508
2018-10-10 19:00,9450
2018-10-10 19:05,9436
2018-10-10 19:10,9528
2018-10-10 19:15,9519
2018-10-10 19:20,9578
2018-10-10 19:25,9540
2018-10-10 19:30,9480
2018-10-10 19:35,9481
2018-10-10 19:40,9478
2018-10-10 19:45,9484
2018-10-10 19:50,9363
2018-10-10 19:55,9341
2018-10-10 20:00,9319
2018-10-10 20:05,9263
2018-10-10 20:10,9231
2018-10-10 20:15,9135
2018-10-10 20:20,9139
2018-10-10 20:25,9148
2018-10-10 20:30,8990
2018-10-10 20:35,8918
2018-10-10 20:40,8880
2018-10-10 20:45,8788
2018-10-10 20:50,8773
2018-10-10 20:55,8691
2018-10-10 21:00,8594
2018-10-10 21:05,8541
2018-10-10 21:10,8506
2018-10-10 21:15,8432
2018-10-10 21:20,8365
2018-10-10 21:25,8297
2018-10-10 21:30,8268
2018-10-10 21:35,8198
2018-10-10 21:40,8121
2018-10-10 21:45,8142
2018-10-10 21:50,8073
2018-10-10 21:55,8062
2018-10-10 22:00,7976
2018-10-10 22:05,7861
2018-10-10 22:10,7783
2018-10-10 22:15,7745
2018-10-10 22:20,7683
2018-10-10 22:25,7639
2018-10-10 22:30,7554
2018-10-10 22:35,7525
2018-10-10 22:40,7444
2018-10-10 22:45,0
2018-10-10 22:50,7411
2018-10-10 22:55,7369
2018-10-10 23:00,7359
2018-10-10 23:05,7308
2018-10-10 23:10,7313
2018-10-10 23:15,7275
2018-10-10 23:20,7248
2018-10-10 23:25,7212
2018-10-10 23:30,7159
2018-10-10 23:35,7190
2018-10-10 23:40,7152
2018-10-10 23:45,7180
2018-10-10 23:50,7219
2018-10-10 23:55,7189
2018-10-11 00:00,7153
2018-10-11 00:05,7156
2018-10-11 00:10,7133
2018-10-11 00:15,7119
2018-10-11 00:20,7087
2018-10-11 00:25,7037
2018-10-11 00:30,7088
2018-10-11 00:35,7066
2018-10-11 00:40,7046
2018-10-11 00:45,7094
2018-10-11 00:50,7149
2018-10-11 00:55,7157
2018-10-11 01:00,7175
2018-10-11 01:05,7134
2018-10-11 01:10,7093
2018-10-11 01:15,7072
2018-10-11 01:20,7072
2018-10-11 01:25,7084
2018-10-11 01:30,7119
2018-10-11 01:35,7093
2018-10-11 01:40,7047
2018-10-11 01:45,7001
2018-10-11 01:50,6944
2018-10-11 01:55,6940
2018-10-11 02:00,6851
2018-10-11 02:05,6845
2018-10-11 02:10,6783
2018-10-11 02:15,6747
2018-10-11 02:20,6710
2018-10-11 02:25,6636
2018-10-11 02:30,6582
2018-10-11 02:35,6542
2018-10-11 02:40,6495
2018-10-11 02:45,6451
2018-10-11 02:50,6397
2018-10-11 02:55,6319
2018-10-11 03:00,6278
2018-10-11 03:05,6221
2018-10-11 03:10,6165
2018-10-11 03:15,6084
2018-10-11 03:20,5974
2018-10-11 03:25,5954
2018-10-11 03:30,5889
2018-10-11 03:35,5802
2018-10-11 03:40,5742
2018-10-11 03:45,5670
2018-10-11 03:50,5632
2018-10-11 03:55,5600
2018-10-11 04:00,5540
2018-10-11 04:05,5481
2018-10-11 04:10,5352
2018-10-11 04:15,5233
2018-10-11 04:20,5157
2018-10-11 04:25,5063
2018-10-11 04:30,4963
2018-10-11 04:35,4827
2018-10-11 04:40,4788
2018-10-11 04:45,4684
2018-10-11 04:50,4592
2018-10-11 04:55,4561
2018-10-11 05:00,4467
2018-10-11 05:05,4393
2018-10-11 05:10,4285
2018-10-11 05:15,4202
2018-10-11 05:20,4105
2018-10-11 05:25,4020
2018-10-11 05:30,3958
2018-10-11 05:35,3859
2018-10-11 05:40,3779
2018-10-11 05:45,3724
2018-10-11 05:50,3652
2018-10-11 05:55,3600
2018-10-11 06:00,3548
2018-10-11 06:05,3512
2018-10-11 06:10,3440
2018-10-11 06:15,3388
2018-10-11 06:20,3337
2018-10-11 06:25,3257
2018-10-11 06:30,3186
2018-10-11 06:35,3117
2018-10-11 06:40,3075
2018-10-11 06:45,3026
2018-10-11 06:50,2982
2018-10-11 06:55,2940
2018-10-11 07:00,2924
2018-10-11 07:05,2897
2018-10-11 07:10,2878
2018-10-11 07:15,2834
2018-10-11 07:20,2789
2018-10-11 07:25,2831
2018-10-11 07:30,2823
2018-10-11 07:35,2789
2018-10-11 07:40,2781
2018-10-11 07:45,2756
2018-10-11 07:50,2763
2018-10-11 07:55,2737
2018-10-11 08:00,2752
2018-10-11 08:05,2698
2018-10-11 08:10,2697
2018-10-11 08:15,2700
2018-10-11 08:20,2676
2018-10-11 08:25,2671
2018-10-11 08:30,2680
2018-10-11 08:35,2688
2018-10-11 08:40,2711
2018-10-11 08:45,2745
2018-10-11 08:50,2776
2018-10-11 08:55,2774
2018-10-11 09:00,2739
2018-10-11 09:05,2768
2018-10-11 09:10,2814
2018-10-11 09:15,2860
2018-10-11 09:20,2883
2018-10-11 09:25,2942
2018-10-11 09:30,2945
2018-10-11 09:35,2995
2018-10-11 09:40,3029
2018-10-11 09:45,3084
2018-10-11 09:50,3101
2018-10-11 09:55,3158
2018-10-11 10:00,3174
2018-10-11 10:05,3199
2018-10-11 10:10,3261
2018-10-11 10:15,3290
2018-10-11 10:20,3283
2018-10-11 10:25,3319
2018-10-11 10:30,3341
2018-10-11 10:35,3356
2018-10-11 10:40,3388
2018-10-11 10:45,3434
2018-10-11 10:50,3492
2018-10-11 10:55,3525
2018-10-11 11:00,3583
2018-10-11 11:05,3596
2018-10-11 11:10,3658
2018-10-11 11:15,3678
2018-10-11 11:20,3687
2018-10-11 11:25,3735
2018-10-11 11:30,3777
2018-10-11 11:35,3835
2018-10-11 11:40,3889
2018-10-11 11:45,3933
2018-10-11 11:50,3946
2018-10-11 11:55,4039
2018-10-11 12:00,4084
2018-10-11 12:05,4130
2018-10-11 12:10,4174
2018-10-11 12:15,4238
2018-10-11 12:20,4269
2018-10-11 12:25,4330
2018-10-11 12:30,4355
2018-10-11 12:35,4396
2018-10-11 12:40,4454
2018-10-11 12:45,4507
2018-10-11 12:50,4581
2018-10-11 12:55,4697
2018-10-11 13:00,4756
2018-10-11 13:05,4844
2018-10-11 13:10,4947
2018-10-11 13:15,4958
2018-10-11 13:20,5064
2018-10-11 13:25,5132
2018-10-11 13:30,5243
2018-10-11 13:35,5334
2018-10-11 13:40,5415
2018-10-11 13:45,5449
2018-10-11 13:50,5547
2018-10-11 13:55,5613
2018-10-11 14:00,5690
2018-10-11 14:05,5729
2018-10-11 14:10,5808
2018-10-11 14:15,5887
2018-10-11 14:20,5964
2018-10-11 14:25,6058
2018-10-11 14:30,6103
2018-10-11 14:35,6130
2018-10-11 14:40,6220
2018-10-11 14:45,6322
2018-10-11 14:50,6358
2018-10-11 14:55,6444
2018-10-11 15:00,6508
2018-10-11 15:05,6556
2018-10-11 15:10,6661
2018-10-11 15:15,6711
2018-10-11 15:20,6727
2018-10-11 15:25,6803
2018-10-11 15:30,6974
2018-10-11 15:35,7012
2018-10-11 15:40,7066
2018-10-11 15:45,7119
2018-10-11 15:50,7229
2018-10-11 15:55,7273
2018-10-11 16:00,7337
2018-10-11 16:05,7403
2018-10-11 16:10,7408
2018-10-11 16:15,7512
2018-10-11 16:20,7533
2018-10-11 16:25,7596
2018-10-11 16:30,7709
2018-10-11 16:35,7789
2018-10-11 16:40,7936
2018-10-11 16:45,8002
2018-10-11 16:50,8087
2018-10-11 16:55,8180
2018-10-11 17:00,8166
2018-10-11 17:05,8205
2018-10-11 17:10,8228
2018-10-11 17:15,8315
2018-10-11 17:20,8384
2018-10-11 17:25,8501
2018-10-11 17:30,8543
2018-10-11 17:35,8614
2018-10-11 17:40,8712
2018-10-11 17:45,8785
2018-10-11 17:50,8866
2018-10-11 17:55,8869
2018-10-11 18:00,8949
2018-10-11 18:05,9079
2018-10-11 18:10,9154
2018-10-11 18:15,9240
2018-10-11 18:20,9300
2018-10-11 18:25,9375
2018-10-11 18:30,9363
2018-10-11 18:35,9416
2018-10-11 18:40,9448
2018-10-11 18:45,9482
2018-10-11 18:50,9480
2018-10-11 18:55,9422
2018-10-11 19:00,9394
2018-10-11 19:05,9477
2018-10-11 19:10,9456
2018-10-11 19:15,9445
2018-10-11 19:20,9434
2018-10-11 19:25,9455
2018-10-11 19:30,9403
2018-10-11 19:35,9323
2018-10-11 19:40,9315
2018-10-11 19:45,9370
2018-10-11 19:50,9349
2018-10-11 19:55,9317
2018-10-11 20:00,9298
2018-10-11 20:05,9263
2018-10-11 20:10,9213
2018-10-11 20:15,9258
2018-10-11 20:20,9259
2018-10-11 20:25,9158
2018-10-11 20:30,9080
2018-10-11 20:35,8994
2018-10-11 20:40,8996
2018-10-11 20:45,8871
2018-10-11 20:50,8833
2018-10-11 20:55,8785
2018-10-11 21:00,8760
2018-10-11 21:05,8706
2018-10-11 21:10,8612
2018-10-11 21:15,8622
2018-10-11 21:20,8590
2018-10-11 21:25,8611
2018-10-11 21:30,8559
2018-10-11 21:35,8533
2018-10-11 21:40,8463
2018-10-11 21:45,8440
2018-10-11 21:50,8333
2018-10-11 21:55,8363
2018-10-11 22:00,8291
2018-10-11 22:05,8226
2018-10-11 22:10,8235
2018-10-11 22:15,8167
2018-10-11 22:20,8143
2018-10-11 22:25,8034
2018-10-11 22:30,7964
2018-10-11 22:35,7854
2018-10-11 22:40,7805
2018-10-11 22:45,7759
2018-10-11 22:50,7709
2018-10-11 22:55,7703
2018-10-11 23:00,7614
2018-10-11 23:05,7543
2018-10-11 23:10,7480
2018-10-11 23:15,7418
2018-10-11 23:20,7395
2018-10-11 23:25,7346
2018-10-11 23:30,7390
2018-10-11 23:35,7339
2018-10-11 23:40,7336
2018-10-11 23:45,7326
2018-10-11 23:50,7274
2018-10-11 23:55,7236
2018-10-12 00:00,7181
2018-10-12 00:05,7160
2018-10-12 00:10,7143
2018-10-12 00:15,7092
2018-10-12 00:20,7061
2018-10-12 00:25,7078
2018-10-12 00:30,7093
2018-10-12 00:35,7122
2018-10-12 00:40,7101
2018-10-12 00:45,7108
2018-10-12 00:50,7133
2018-10-12 00:55,7072
2018-10-12 01:00,7062
2018-10-12 01:05,7081
2018-10-12 01:10,7091
2018-10-12 01:15,7083
2018-10-12 01:20,7043
2018-10-12 01:25,6997
2018-10-12 01:30,6984
2018-10-12 01:35,6983
2018-10-12 01:40,6980
2018-10-12 01:45,7004
2018-10-12 01:50,6998
2018-10-12 01:55,7013
2018-10-12 02:00,6971
2018-10-12 02:05,6905
2018-10-12 02:10,6831
2018-10-12 02:15,6782
2018-10-12 02:20,6757
2018-10-12 02:25,6707
2018-10-12 02:30,6693
2018-10-12 02:35,6723
2018-10-12 02:40,6734
2018-10-12 02:45,6721
2018-10-12 02:50,6699
2018-10-12 02:55,6673
2018-10-12 03:00,6621
2018-10-12 03:05,6600
2018-10-12 03:10,6530
2018-10-12 03:15,6499
2018-10-12 03:20,6444
2018-10-12 03:25,6380
2018-10-12 03:30,6289
2018-10-12 03:35,6207
2018-10-12 03:40,6128
2018-10-12 03:45,5983
2018-10-12 03:50,5877
2018-10-12 03:55,5774
2018-10-12 04:00,5672
2018-10-12 04:05,5574
2018-10-12 04:10,5457
2018-10-12 04:15,5370
2018-10-12 04:20,5251
2018-10-12 04:25,5150
2018-10-12 04:30,5053
2018-10-12 04:35,4938
2018-10-12 04:40,4855
2018-10-12 04:45,4822
2018-10-12 04:50,4734
2018-10-12 04:55,4612
2018-10-12 05:00,4546
2018-10-12 05:05,4492
2018-10-12 05:10,4409
2018-10-12 05:15,4325
2018-10-12 05:20,4201
2018-10-12 05:25,4151
2018-10-12 05:30,4068
2018-10-12 05:35,4005
2018-10-12 05:40,3968
2018-10-12 05:45,3873
2018-10-12 05:50,3768
2018-10-12 05:55,3679
2018-10-12 06:00,3602
2018-10-12 06:05,3554
2018-10-12 06:10,3513
2018-10-12 06:15,3453
2018-10-12 06:20,3389
2018-10-12 06:25,3361
2018-10-12 06:30,3293
2018-10-12 06:35,3257
2018-10-12 06:40,3171
2018-10-12 06:45,3127
2018-10-12 06:50,3113
2018-10-12 06:55,3083
2018-10-12 07:00,3052
2018-10-12 07:05,3038
2018-10-12 07:10,3000
2018-10-12 07:15,2987
2018-10-12 07:20,2947
2018-10-12 07:25,2941
2018-10-12 07:30,2921
2018-10-12 07:35,2921
2018-10-12 07:40,2918
2018-10-12 07:45,2907
2018-10-12 07:50,2893
2018-10-12 07:55,2880
2018-10-12 08:00,2832
2018-10-12 08:05,2825
2018-10-12 08:10,2825
2018-10-12 08:15,2805
2018-10-12 08:20,2818
2018-10-12 08:25,2825
2018-10-12 08:30,2846
2018-10-12 08:35,2869
2018-10-12 08:40,2875
2018-10-12 08:45,2900
2018-10-12 08:50,2906
2018-10-12 08:55,2911
2018-10-12 09:00,2893
2018-10-12 09:05,2958
2018-10-12 09:10,3062
2018-10-12 09:15,3107
2018-10-12 09:20,3119
2018-10-12 09:25,3177
2018-10-12 09:30,3234
2018-10-12 09:35,3278
2018-10-12 09:40,3289
2018-10-12 09:45,3347
2018-10-12 09:50,3377
2018-10-12 09:55,3428
2018-10-12 10:00,3475
2018-10-12 10:05,3525
2018-10-12 10:10,3575
2018-10-12 10:15,3635
2018-10-12 10:20,3717
2018-10-12 10:25,3720
2018-10-12 10:30,3770
2018-10-12 10:35,3820
2018-10-12 10:40,3872
2018-10-12 10:45,3926
2018-10-12 10:50,3946
2018-10-12 10:55,3984
2018-10-12 11:00,4012
2018-10-12 11:05,4067
2018-10-12 11:10,4134
2018-10-12 11:15,4139
2018-10-12 11:20,4210
2018-10-12 11:25,4290
2018-10-12 11:30,4370
2018-10-12 11:35,4415
2018-10-12 11:40,4449
2018-10-12 11:45,4505
2018-10-12 11:50,4569
2018-10-12 11:55,4615
2018-10-12 12:00,4691
2018-10-12 12:05,4793
2018-10-12 12:10,4853
2018-10-12 12:15,4912
2018-10-12 12:20,5038
2018-10-12 12:25,5084
2018-10-12 12:30,5122
2018-10-12 12:35,5221
2018-10-12 12:40,5311
2018-10-12 12:45,5361
2018-10-12 12:50,5386
2018-10-12 12:55,5408
2018-10-12 13:00,5473
2018-10-12 13:05,5551
2018-10-12 13:10,5629
2018-10-12 13:15,5707
2018-10-12 13:20,5823
2018-10-12 13:25,5880
2018-10-12 13:30,6002
2018-10-12 13:35,6076
2018-10-12 13:40,6177
2018-10-12 13:45,6228
2018-10-12 13:50,6281
2018-10-12 13:55,6310
2018-10-12 14:00,6384
2018-10-12 14:05,6483
2018-10-12 14:10,6573
2018-10-12 14:15,6674
2018-10-12 14:20,6724
2018-10-12 14:25,6818
2018-10-12 14:30,6894
2018-10-12 14:35,6951
2018-10-12 14:40,7018
2018-10-12 14:45,7083
2018-10-12 14:50,7130
2018-10-12 14:55,7203
2018-10-12 15:00,7242
2018-10-12 15:05,7288
2018-10-12 15:10,7307
2018-10-12 15:15,7348
2018-10-12 15:20,7345
2018-10-12 15:25,7398
2018-10-12 15:30,7465
2018-10-12 15:35,7532
2018-10-12 15:40,7601
2018-10-12 15:45,7636
2018-10-12 15:50,7614
2018-10-12 15:55,7699
2018-10-12 16:00,7768
2018-10-12 16:05,7746
2018-10-12 16:10,7805
2018-10-12 16:15,7868
2018-10-12 16:20,7988
2018-10-12 16:25,8055
2018-10-12 16:30,8158
2018-10-12 16:35,8207
2018-10-12 16:40,8160
2018-10-12 16:45,8201
2018-10-12 16:50,8287
2018-10-12 16:55,8389
2018-10-12 17:00,8456
2018-10-12 17:05,8416
2018-10-12 17:10,8498
2018-10-12 17:15,8588
2018-10-12 17:20,8677
2018-10-12 17:25,8735
2018-10-12 17:30,8810
2018-10-12 17:35,8832
2018-10-12 17:40,8924
2018-10-12 17:45,8956
2018-10-12 17:50,8987
2018-10-12 17:55,9089
2018-10-12 18:00,9180
2018-10-12 18:05,9354
2018-10-12 18:10,9350
2018-10-12 18:15,9432
2018-10-12 18:20,9518
2018-10-12 18:25,9561
2018-10-12 18:30,9624
2018-10-12 18:35,9668
2018-10-12 18:40,9669
2018-10-12 18:45,9733
2018-10-12 18:50,9794
2018-10-12 18:55,9870
2018-10-12 19:00,9854
2018-10-12 19:05,9873
2018-10-12 19:10,9902
2018-10-12 19:15,9924
2018-10-12 19:20,10041
2018-10-12 19:25,10081
2018-10-12 19:30,10092
2018-10-12 19:35,10106
2018-10-12 19:40,10128
2018-10-12 19:45,10075
2018-10-12 19:50,10099
2018-10-12 19:55,10047
2018-10-12 20:00,10040
2018-10-12 20:05,10100
2018-10-12 20:10,10188
2018-10-12 20:15,10246
2018-10-12 20:20,10230
2018-10-12 20:25,10196
2018-10-12 20:30,10137
2018-10-12 20:35,10153
2018-10-12 20:40,10087
2018-10-12 20:45,10115
2018-10-12 20:50,10105
2018-10-12 20:55,10108
2018-10-12 21:00,10077
2018-10-12 21:05,10093
2018-10-12 21:10,10004
2018-10-12 21:15,9884
2018-10-12 21:20,9878
2018-10-12 21:25,9884
2018-10-12 21:30,9766
2018-10-12 21:35,9702
2018-10-12 21:40,9581
2018-10-12 21:45,9479
2018-10-12 21:50,9421
2018-10-12 21:55,9369
2018-10-12 22:00,9283
2018-10-12 22:05,9197
2018-10-12 22:10,9113
2018-10-12 22:15,9043
2018-10-12 22:20,9001
2018-10-12 22:25,8879
2018-10-12 22:30,8757
2018-10-12 22:35,8644
2018-10-12 22:40,8581
2018-10-12 22:45,8552
2018-10-12 22:50,8523
2018-10-12 22:55,8438
2018-10-12 23:00,8348
2018-10-12 23:05,8241
2018-10-12 23:10,8150
2018-10-12 23:15,8124
2018-10-12 23:20,8037
2018-10-12 23:25,8058
2018-10-12 23:30,8029
2018-10-12 23:35,7948
2018-10-12 23:40,7825
2018-10-12 23:45,7800
2018-10-12 23:50,7791
2018-10-12 23:55,7694
2018-10-13 00:00,7705
2018-10-13 00:05,7687
2018-10-13 00:10,7594
2018-10-13 00:15,7569
2018-10-13 00:20,7498
2018-10-13 00:25,7446
2018-10-13 00:30,7505
2018-10-13 00:35,7493
2018-10-13 00:40,7426
2018-10-13 00:45,7389
2018-10-13 00:50,7355
2018-10-13 00:55,7356
2018-10-13 01:00,7369
2018-10-13 01:05,7331
2018-10-13 01:10,7350
2018-10-13 01:15,7385
2018-10-13 01:20,7340
2018-10-13 01:25,7327
2018-10-13 01:30,7299
2018-10-13 01:35,7300
2018-10-13 01:40,7285
2018-10-13 01:45,7279
2018-10-13 01:50,7294
2018-10-13 01:55,7281
2018-10-13 02:00,7319
2018-10-13 02:05,7256
2018-10-13 02:10,7283
2018-10-13 02:15,7251
2018-10-13 02:20,7247
2018-10-13 02:25,7231
2018-10-13 02:30,7243
2018-10-13 02:35,7205
2018-10-13 02:40,7160
2018-10-13 02:45,7172
2018-10-13 02:50,7180
2018-10-13 02:55,7153
2018-10-13 03:00,7113
2018-10-13 03:05,7042
2018-10-13 03:10,7021
2018-10-13 03:15,7030
2018-10-13 03:20,6971
2018-10-13 03:25,6924
2018-10-13 03:30,6915
2018-10-13 03:35,6847
2018-10-13 03:40,6801
2018-10-13 03:45,6735
2018-10-13 03:50,6730
2018-10-13 03:55,6641
2018-10-13 04:00,6577
2018-10-13 04:05,6502
2018-10-13 04:10,6418
2018-10-13 04:15,6342
2018-10-13 04:20,6244
2018-10-13 04:25,6221
2018-10-13 04:30,6158
2018-10-13 04:35,6077
2018-10-13 04:40,6086
2018-10-13 04:45,6003
2018-10-13 04:50,5932
2018-10-13 04:55,5806
2018-10-13 05:00,5691
2018-10-13 05:05,5615
2018-10-13 05:10,5544
2018-10-13 05:15,5436
2018-10-13 05:20,5421
2018-10-13 05:25,5386
2018-10-13 05:30,5287
2018-10-13 05:35,5183
2018-10-13 05:40,5091
2018-10-13 05:45,5018
2018-10-13 05:50,4971
2018-10-13 05:55,4899
2018-10-13 06:00,4824
2018-10-13 06:05,4757
2018-10-13 06:10,4674
2018-10-13 06:15,4590
2018-10-13 06:20,4531
2018-10-13 06:25,4484
2018-10-13 06:30,4442
2018-10-13 06:35,4389
2018-10-13 06:40,4354
2018-10-13 06:45,4324
2018-10-13 06:50,4298
2018-10-13 06:55,4282
2018-10-13 07:00,4269
2018-10-13 07:05,4185
2018-10-13 07:10,4139
2018-10-13 07:15,4078
2018-10-13 07:20,4029
2018-10-13 07:25,4020
2018-10-13 07:30,3982
2018-10-13 07:35,3901
2018-10-13 07:40,3946
2018-10-13 07:45,3947
2018-10-13 07:50,3952
2018-10-13 07:55,3962
2018-10-13 08:00,3973
2018-10-13 08:05,4002
2018-10-13 08:10,4012
2018-10-13 08:15,4006
2018-10-13 08:20,4010
2018-10-13 08:25,4017
2018-10-13 08:30,4009
2018-10-13 08:35,4024
2018-10-13 08:40,4026
2018-10-13 08:45,4073
2018-10-13 08:50,4105
2018-10-13 08:55,4138
2018-10-13 09:00,4192
2018-10-13 09:05,4216
2018-10-13 09:10,4339
2018-10-13 09:15,4402
2018-10-13 09:20,4428
2018-10-13 09:25,4498
2018-10-13 09:30,4610
2018-10-13 09:35,4619
2018-10-13 09:40,4668
2018-10-13 09:45,4721
2018-10-13 09:50,4785
2018-10-13 09:55,4788
2018-10-13 10:00,4861
2018-10-13 10:05,4895
2018-10-13 10:10,5021
2018-10-13 10:15,5050
2018-10-13 10:20,5106
2018-10-13 10:25,5190
2018-10-13 10:30,5251
2018-10-13 10:35,5339
2018-10-13 10:40,5406
2018-10-13 10:45,5502
2018-10-13 10:50,5530
2018-10-13 10:55,5603
2018-10-13 11:00,5680
2018-10-13 11:05,5703
2018-10-13 11:10,5747
2018-10-13 11:15,5763
2018-10-13 11:20,5846
2018-10-13 11:25,5896
2018-10-13 11:30,5979
2018-10-13 11:35,6031
2018-10-13 11:40,6116
2018-10-13 11:45,6134
2018-10-13 11:50,6149
2018-10-13 11:55,6200
2018-10-13 12:00,6266
2018-10-13 12:05,6312
2018-10-13 12:10,6356
2018-10-13 12:15,6378
2018-10-13 12:20,6402
2018-10-13 12:25,6449
2018-10-13 12:30,6495
2018-10-13 12:35,6561
2018-10-13 12:40,6613
2018-10-13 12:45,6640
2018-10-13 12:50,6751
2018-10-13 12:55,6752
2018-10-13 13:00,6812
2018-10-13 13:05,6893
2018-10-13 13:10,7017
2018-10-13 13:15,7058
2018-10-13 13:20,7138
2018-10-13 13:25,7213
2018-10-13 13:30,7294
2018-10-13 13:35,7332
2018-10-13 13:40,7459
2018-10-13 13:45,7510
2018-10-13 13:50,7608
2018-10-13 13:55,7713
2018-10-13 14:00,7821
2018-10-13 14:05,7860
2018-10-13 14:10,7909
2018-10-13 14:15,7963
2018-10-13 14:20,8042
2018-10-13 14:25,8054
2018-10-13 14:30,8048
2018-10-13 14:35,8086
2018-10-13 14:40,8166
2018-10-13 14:45,8244
2018-10-13 14:50,8365
2018-10-13 14:55,8420
2018-10-13 15:00,8464
2018-10-13 15:05,8566
2018-10-13 15:10,8615
2018-10-13 15:15,8704
2018-10-13 15:20,8697
2018-10-13 15:25,8758
2018-10-13 15:30,8788
2018-10-13 15:35,8843
2018-10-13 15:40,8930
2018-10-13 15:45,8979
2018-10-13 15:50,9004
2018-10-13 15:55,9036
2018-10-13 16:00,9086
2018-10-13 16:05,9115
2018-10-13 16:10,9174
2018-10-13 16:15,9271
2018-10-13 16:20,9301
2018-10-13 16:25,9437
2018-10-13 16:30,9442
2018-10-13 16:35,9466
2018-10-13 16:40,9489
2018-10-13 16:45,9556
2018-10-13 16:50,9644
2018-10-13 16:55,9739
2018-10-13 17:00,9734
2018-10-13 17:05,0
2018-10-13 17:10,0
2018-10-13 17:15,0
2018-10-13 17:20,0
2018-10-13 17:25,0
2018-10-13 17:30,10145
2018-10-13 17:35,10169
2018-10-13 17:40,10231
2018-10-13 17:45,10300
2018-10-13 17:50,10357
2018-10-13 17:55,10434
2018-10-13 18:00,10516
2018-10-13 18:05,10478
2018-10-13 18:10,10524
2018-10-13 18:15,10547
2018-10-13 18:20,10590
2018-10-13 18:25,10671
2018-10-13 18:30,10713
2018-10-13 18:35,10741
2018-10-13 18:40,10746
2018-10-13 18:45,10797
2018-10-13 18:50,10815
2018-10-13 18:55,10826
2018-10-13 19:00,10871
2018-10-13 19:05,10900
2018-10-13 19:10,10912
2018-10-13 19:15,10911
2018-10-13 19:20,11008
2018-10-13 19:25,10970
2018-10-13 19:30,11003
2018-10-13 19:35,11048
2018-10-13 19:40,11065
2018-10-13 19:45,11057
2018-10-13 19:50,11067
2018-10-13 19:55,11081
2018-10-13 20:00,11167
2018-10-13 20:05,11118
2018-10-13 20:10,11101
2018-10-13 20:15,11101
2018-10-13 20:20,11019
2018-10-13 20:25,11024
2018-10-13 20:30,11026
2018-10-13 20:35,11022
2018-10-13 20:40,10979
2018-10-13 20:45,10918
2018-10-13 20:50,10809
2018-10-13 20:55,10763
2018-10-13 21:00,10731
2018-10-13 21:05,10637
2018-10-13 21:10,10574
2018-10-13 21:15,10506
2018-10-13 21:20,10460
2018-10-13 21:25,10438
2018-10-13 21:30,10366
2018-10-13 21:35,10293
2018-10-13 21:40,10210
2018-10-13 21:45,10058
2018-10-13 21:50,10045
2018-10-13 21:55,9997
2018-10-13 22:00,9920
2018-10-13 22:05,9830
2018-10-13 22:10,9719
2018-10-13 22:15,9557
2018-10-13 22:20,9456
2018-10-13 22:25,9280
2018-10-13 22:30,9231
2018-10-13 22:35,9161
2018-10-13 22:40,9044
2018-10-13 22:45,8882
2018-10-13 22:50,8787
2018-10-13 22:55,8756
2018-10-13 23:00,8644
2018-10-13 23:05,8585
2018-10-13 23:10,8522
2018-10-13 23:15,8459
2018-10-13 23:20,8347
2018-10-13 23:25,8300
2018-10-13 23:30,8218
2018-10-13 23:35,8166
2018-10-13 23:40,8116
2018-10-13 23:45,8097
2018-10-13 23:50,8043
2018-10-13 23:55,7959
2018-10-14 00:00,7931
2018-10-14 00:05,7905
2018-10-14 00:10,7839
2018-10-14 00:15,7760
2018-10-14 00:20,7736
2018-10-14 00:25,7720
2018-10-14 00:30,7658
2018-10-14 00:35,7651
2018-10-14 00:40,7644
2018-10-14 00:45,7550
2018-10-14 00:50,7526
2018-10-14 00:55,7498
2018-10-14 01:00,7411
2018-10-14 01:05,7377
2018-10-14 01:10,7339
2018-10-14 01:15,7330
2018-10-14 01:20,7326
2018-10-14 01:25,7295
2018-10-14 01:30,7292
2018-10-14 01:35,7228
2018-10-14 01:40,7236
2018-10-14 01:45,7201
2018-10-14 01:50,7217
2018-10-14 01:55,7225
2018-10-14 02:00,7165
2018-10-14 02:05,7189
2018-10-14 02:10,7208
2018-10-14 02:15,7182
2018-10-14 02:20,7239
2018-10-14 02:25,7227
2018-10-14 02:30,7188
2018-10-14 02:35,7169
2018-10-14 02:40,7184
2018-10-14 02:45,7174
2018-10-14 02:50,7203
2018-10-14 02:55,7197
2018-10-14 03:00,7133
2018-10-14 03:05,7102
2018-10-14 03:10,7096
2018-10-14 03:15,7061
2018-10-14 03:20,7050
2018-10-14 03:25,7001
2018-10-14 03:30,6964
2018-10-14 03:35,6883
2018-10-14 03:40,6876
2018-10-14 03:45,6861
2018-10-14 03:50,6825
2018-10-14 03:55,6725
2018-10-14 04:00,6662
2018-10-14 04:05,6606
2018-10-14 04:10,6501
2018-10-14 04:15,6455
2018-10-14 04:20,6340
2018-10-14 04:25,6271
2018-10-14 04:30,6237
2018-10-14 04:35,6178
2018-10-14 04:40,6143
2018-10-14 04:45,6033
2018-10-14 04:50,5968
2018-10-14 04:55,5933
2018-10-14 05:00,5849
2018-10-14 05:05,5778
2018-10-14 05:10,5697
2018-10-14 05:15,5593
2018-10-14 05:20,5534
2018-10-14 05:25,5488
2018-10-14 05:30,5439
2018-10-14 05:35,5346
2018-10-14 05:40,5320
2018-10-14 05:45,5288
2018-10-14 05:50,5254
2018-10-14 05:55,5192
2018-10-14 06:00,5107
2018-10-14 06:05,5049
2018-10-14 06:10,4990
2018-10-14 06:15,4947
2018-10-14 06:20,4879
2018-10-14 06:25,4819
2018-10-14 06:30,4733
2018-10-14 06:35,4672
2018-10-14 06:40,4602
2018-10-14 06:45,4569
2018-10-14 06:50,4540
2018-10-14 06:55,4526
2018-10-14 07:00,4458
2018-10-14 07:05,4378
2018-10-14 07:10,4323
2018-10-14 07:15,4310
2018-10-14 07:20,4305
2018-10-14 07:25,4261
2018-10-14 07:30,4207
2018-10-14 07:35,4168
2018-10-14 07:40,4177
2018-10-14 07:45,4218
2018-10-14 07:50,4179
2018-10-14 07:55,4158
2018-10-14 08:00,4171
2018-10-14 08:05,4181
2018-10-14 08:10,4173
2018-10-14 08:15,4200
2018-10-14 08:20,4264
2018-10-14 08:25,4293
2018-10-14 08:30,4299
2018-10-14 08:35,4350
2018-10-14 08:40,4401
2018-10-14 08:45,4460
2018-10-14 08:50,4505
2018-10-14 08:55,4543
2018-10-14 09:00,4587
2018-10-14 09:05,4663
2018-10-14 09:10,4722
2018-10-14 09:15,4840
2018-10-14 09:20,4942
2018-10-14 09:25,5036
2018-10-14 09:30,5111
2018-10-14 09:35,5169
2018-10-14 09:40,5231
2018-10-14 09:45,5297
2018-10-14 09:50,5387
2018-10-14 09:55,5411
2018-10-14 10:00,5485
2018-10-14 10:05,5564
2018-10-14 10:10,5586
2018-10-14 10:15,5654
2018-10-14 10:20,5697
2018-10-14 10:25,5802
2018-10-14 10:30,5912
2018-10-14 10:35,5934
2018-10-14 10:40,6037
2018-10-14 10:45,6042
2018-10-14 10:50,6084
2018-10-14 10:55,6144
2018-10-14 11:00,6237
2018-10-14 11:05,6255
2018-10-14 11:10,6278
2018-10-14 11:15,6298
2018-10-14 11:20,6334
2018-10-14 11:25,6319
2018-10-14 11:30,6385
2018-10-14 11:35,6461
2018-10-14 11:40,6529
2018-10-14 11:45,6578
2018-10-14 11:50,6612
2018-10-14 11:55,6663
2018-10-14 12:00,6687
2018-10-14 12:05,6731
2018-10-14 12:10,6783
2018-10-14 12:15,6824
2018-10-14 12:20,6828
2018-10-14 12:25,6915
2018-10-14 12:30,6965
2018-10-14 12:35,7025
2018-10-14 12:40,7083
2018-10-14 12:45,7157
2018-10-14 12:50,7193
2018-10-14 12:55,7309
2018-10-14 13:00,7365
2018-10-14 13:05,7410
2018-10-14 13:10,7486
2018-10-14 13:15,7581
2018-10-14 13:20,7642
2018-10-14 13:25,7733
2018-10-14 13:30,7844
2018-10-14 13:35,7952
2018-10-14 13:40,7990
2018-10-14 13:45,8090
2018-10-14 13:50,8201
2018-10-14 13:55,8245
2018-10-14 14:00,8311
2018-10-14 14:05,8365
2018-10-14 14:10,8407
2018-10-14 14:15,8478
2018-10-14 14:20,8500
2018-10-14 14:25,8581
2018-10-14 14:30,8655
2018-10-14 14:35,8642
2018-10-14 14:40,8696
2018-10-14 14:45,8757
2018-10-14 14:50,8882
2018-10-14 14:55,8869
2018-10-14 15:00,8987
2018-10-14 15:05,9047
2018-10-14 15:10,9084
2018-10-14 15:15,9141
2018-10-14 15:20,9192
2018-10-14 15:25,9295
2018-10-14 15:30,9302
2018-10-14 15:35,9350
2018-10-14 15:40,9452
2018-10-14 15:45,9457
2018-10-14 15:50,9433
2018-10-14 15:55,9448
2018-10-14 16:00,9465
2018-10-14 16:05,9491
2018-10-14 16:10,9560
2018-10-14 16:15,9686
2018-10-14 16:20,9782
2018-10-14 16:25,9929
2018-10-14 16:30,10031
2018-10-14 16:35,10117
2018-10-14 16:40,10162
2018-10-14 16:45,10225
2018-10-14 16:50,10327
2018-10-14 16:55,10375
2018-10-14 17:00,10359
2018-10-14 17:05,10468
2018-10-14 17:10,10483
2018-10-14 17:15,10528
2018-10-14 17:20,10591
2018-10-14 17:25,10640
2018-10-14 17:30,10673
2018-10-14 17:35,10757
2018-10-14 17:40,10868
2018-10-14 17:45,10924
2018-10-14 17:50,10967
2018-10-14 17:55,11079
2018-10-14 18:00,11053
2018-10-14 18:05,11108
2018-10-14 18:10,11088
2018-10-14 18:15,11193
2018-10-14 18:20,11282
2018-10-14 18:25,11347
2018-10-14 18:30,11459
2018-10-14 18:35,11470
2018-10-14 18:40,11503
2018-10-14 18:45,11533
2018-10-14 18:50,11484
2018-10-14 18:55,11500
2018-10-14 19:00,11535
2018-10-14 19:05,11538
2018-10-14 19:10,11548
2018-10-14 19:15,11543
2018-10-14 19:20,11502
2018-10-14 19:25,11416
2018-10-14 19:30,11381
2018-10-14 19:35,11365
2018-10-14 19:40,11371
2018-10-14 19:45,11313
2018-10-14 19:50,11326
2018-10-14 19:55,11231
2018-10-14 20:00,11145
2018-10-14 20:05,11055
2018-10-14 20:10,10969
2018-10-14 20:15,10857
2018-10-14 20:20,10813
2018-10-14 20:25,10743
2018-10-14 20:30,10648
2018-10-14 20:35,10601
2018-10-14 20:40,10477
2018-10-14 20:45,10406
2018-10-14 20:50,10361
2018-10-14 20:55,10318
2018-10-14 21:00,10215
2018-10-14 21:05,10106
2018-10-14 21:10,10004
2018-10-14 21:15,9926
2018-10-14 21:20,9803
2018-10-14 21:25,9772
2018-10-14 21:30,9695
2018-10-14 21:35,9583
2018-10-14 21:40,9479
2018-10-14 21:45,9425
2018-10-14 21:50,9333
2018-10-14 21:55,9225
2018-10-14 22:00,9146
2018-10-14 22:05,9067
2018-10-14 22:10,8942
2018-10-14 22:15,8860
2018-10-14 22:20,8753
2018-10-14 22:25,8648
2018-10-14 22:30,8522
2018-10-14 22:35,8474
2018-10-14 22:40,8439
2018-10-14 22:45,8347
2018-10-14 22:50,8230
2018-10-14 22:55,8196
2018-10-14 23:00,8096
2018-10-14 23:05,8022
2018-10-14 23:10,7971
2018-10-14 23:15,7912
2018-10-14 23:20,7840
2018-10-14 23:25,7797
2018-10-14 23:30,7713
2018-10-14 23:35,7665
2018-10-14 23:40,7674
2018-10-14 23:45,7670
2018-10-14 23:50,7621
2018-10-14 23:55,7555
2018-10-15 00:00,7553
2018-10-15 00:05,7509
2018-10-15 00:10,7520
2018-10-15 00:15,7546
2018-10-15 00:20,7487
2018-10-15 00:25,
2018-10-15 00:30,7455
2018-10-15 00:35,7414
2018-10-15 00:40,7385
2018-10-15 00:45,7391
2018-10-15 00:50,7350
2018-10-15 00:55,7316
2018-10-15 01:00,7337
2018-10-15 01:05,7337
2018-10-15 01:10,7310
2018-10-15 01:15,7279
2018-10-15 01:20,7228
2018-10-15 01:25,7209
2018-10-15 01:30,7178
2018-10-15 01:35,7167
2018-10-15 01:40,7099
2018-10-15 01:45,7067
2018-10-15 01:50,7024
2018-10-15 01:55,6988
2018-10-15 02:00,6974
2018-10-15 02:05,6945
2018-10-15 02:10,6915
2018-10-15 02:15,6877
2018-10-15 02:20,6848
2018-10-15 02:25,6834
2018-10-15 02:30,6807
2018-10-15 02:35,6743
2018-10-15 02:40,6707
2018-10-15 02:45,6659
2018-10-15 02:50,6593
2018-10-15 02:55,6497
2018-10-15 03:00,6410
2018-10-15 03:05,6369
2018-10-15 03:10,6261
2018-10-15 03:15,6214
2018-10-15 03:20,6093
2018-10-15 03:25,6064
2018-10-15 03:30,5957
2018-10-15 03:35,5888
2018-10-15 03:40,5864
2018-10-15 03:45,5809
2018-10-15 03:50,5750
2018-10-15 03:55,5626
2018-10-15 04:00,5564
2018-10-15 04:05,5478
2018-10-15 04:10,5408
2018-10-15 04:15,5300
2018-10-15 04:20,5195
2018-10-15 04:25,5114
2018-10-15 04:30,5037
2018-10-15 04:35,4912
2018-10-15 04:40,4844
2018-10-15 04:45,4758
2018-10-15 04:50,4691
2018-10-15 04:55,4568
2018-10-15 05:00,4445
2018-10-15 05:05,4417
2018-10-15 05:10,4358
2018-10-15 05:15,4268
2018-10-15 05:20,4215
2018-10-15 05:25,4128
2018-10-15 05:30,3998
2018-10-15 05:35,3931
2018-10-15 05:40,3830
2018-10-15 05:45,3748
2018-10-15 05:50,3643
2018-10-15 05:55,3595
2018-10-15 06:00,3535
2018-10-15 06:05,3447
2018-10-15 06:10,3446
2018-10-15 06:15,3358
2018-10-15 06:20,3301
2018-10-15 06:25,3250
2018-10-15 06:30,3204
2018-10-15 06:35,3134
2018-10-15 06:40,3093
2018-10-15 06:45,3078
2018-10-15 06:50,3050
2018-10-15 06:55,3065
2018-10-15 07:00,3028
2018-10-15 07:05,3008
2018-10-15 07:10,2927
2018-10-15 07:15,2899
2018-10-15 07:20,2839
2018-10-15 07:25,2823
2018-10-15 07:30,2794
2018-10-15 07:35,2789
2018-10-15 07:40,2770
2018-10-15 07:45,2756
2018-10-15 07:50,2728
2018-10-15 07:55,2706
2018-10-15 08:00,2672
2018-10-15 08:05,2661
2018-10-15 08:10,2653
2018-10-15 08:15,2653
2018-10-15 08:20,2663
2018-10-15 08:25,2656
2018-10-15 08:30,2672
2018-10-15 08:35,2689
2018-10-15 08:40,2700
2018-10-15 08:45,2736
2018-10-15 08:50,2756
2018-10-15 08:55,2785
2018-10-15 09:00,2813
2018-10-15 09:05,2844
2018-10-15 09:10,2884
2018-10-15 09:15,2924
2018-10-15 09:20,2889
2018-10-15 09:25,2946
2018-10-15 09:30,2991
2018-10-15 09:35,3040
2018-10-15 09:40,3059
2018-10-15 09:45,3102
2018-10-15 09:50,3134
2018-10-15 09:55,3124
2018-10-15 10:00,3162
2018-10-15 10:05,3221
2018-10-15 10:10,3264
2018-10-15 10:15,3244
2018-10-15 10:20,3291
2018-10-15 10:25,3338
2018-10-15 10:30,3368
2018-10-15 10:35,3419
2018-10-15 10:40,3452
2018-10-15 10:45,3499
2018-10-15 10:50,3510
2018-10-15 10:55,3514
2018-10-15 11:00,3510
2018-10-15 11:05,3520
2018-10-15 11:10,3534
2018-10-15 11:15,3537
2018-10-15 11:20,3572
2018-10-15 11:25,3605
2018-10-15 11:30,3634
2018-10-15 11:35,3683
2018-10-15 11:40,3712
2018-10-15 11:45,3751
2018-10-15 11:50,3753
2018-10-15 11:55,3817
2018-10-15 12:00,3871
2018-10-15 12:05,3987
2018-10-15 12:10,4037
2018-10-15 12:15,4058
2018-10-15 12:20,4132
2018-10-15 12:25,4245
2018-10-15 12:30,4315
2018-10-15 12:35,4308
2018-10-15 12:40,4260
2018-10-15 12:45,4335
2018-10-15 12:50,4376
2018-10-15 12:55,4408
2018-10-15 13:00,4397
2018-10-15 13:05,4432
2018-10-15 13:10,4508
2018-10-15 13:15,4588
2018-10-15 13:20,4526
2018-10-15 13:25,4533
2018-10-15 13:30,4557
2018-10-15 13:35,3792
2018-10-15 13:40,3012
2018-10-15 13:45,2305
2018-10-15 13:50,1790
2018-10-15 13:55,1484
2018-10-15 14:00,1336
2018-10-15 14:05,1221
2018-10-15 14:10,1216
2018-10-15 14:15,1247
2018-10-15 14:20,1245
2018-10-15 14:25,1327
2018-10-15 14:30,1362
2018-10-15 14:35,1381
2018-10-15 14:40,1408
2018-10-15 14:45,1459
2018-10-15 14:50,1502
2018-10-15 14:55,1498
2018-10-15 15:00,1462
2018-10-15 15:05,1356
2018-10-15 15:10,1348
2018-10-15 15:15,1432
2018-10-15 15:20,1536
2018-10-15 15:25,1615
2018-10-15 15:30,1677
2018-10-15 15:35,1732
2018-10-15 15:40,1825
2018-10-15 15:45,3009
2018-10-15 15:50,3879
2018-10-15 15:55,4303
2018-10-15 16:00,4598
2018-10-15 16:05,4731
2018-10-15 16:10,3955
2018-10-15 16:15,4239
2018-10-15 16:20,5443
2018-10-15 16:25,6233
2018-10-15 16:30,6889
2018-10-15 16:35,7512
2018-10-15 16:40,7868
2018-10-15 16:45,8464
2018-10-15 16:50,8834
2018-10-15 16:55,9131
2018-10-15 17:00,9406
2018-10-15 17:05,9745
2018-10-15 17:10,9956
2018-10-15 17:15,10068
2018-10-15 17:20,10198
2018-10-15 17:25,10331
2018-10-15 17:30,10471
2018-10-15 17:35,10558
2018-10-15 17:40,10637
2018-10-15 17:45,10711
2018-10-15 17:50,10747
2018-10-15 17:55,10775
2018-10-15 18:00,10814
2018-10-15 18:05,10811
2018-10-15 18:10,10815
2018-10-15 18:15,10893
2018-10-15 18:20,10952
2018-10-15 18:25,11022
2018-10-15 18:30,11089
2018-10-15 18:35,11089
2018-10-15 18:40,11096
2018-10-15 18:45,11079
2018-10-15 18:50,11083
2018-10-15 18:55,11013
2018-10-15 19:00,10998
2018-10-15 19:05,11029
2018-10-15 19:10,11050
2018-10-15 19:15,11080
2018-10-15 19:20,11021
2018-10-15 19:25,10999
2018-10-15 19:30,10969
2018-10-15 19:35,10904
2018-10-15 19:40,10890
2018-10-15 19:45,10897
2018-10-15 19:50,10910
2018-10-15 19:55,10863
2018-10-15 20:00,10810
2018-10-15 20:05,10694
2018-10-15 20:10,10626
2018-10-15 20:15,10511
2018-10-15 20:20,10369
2018-10-15 20:25,10288
2018-10-15 20:30,10191
2018-10-15 20:35,10122
2018-10-15 20:40,10029
2018-10-15 20:45,9949
2018-10-15 20:50,9928
2018-10-15 20:55,9891
2018-10-15 21:00,9768
2018-10-15 21:05,9669
2018-10-15 21:10,9532
2018-10-15 21:15,9402
2018-10-15 21:20,9323
2018-10-15 21:25,9319
2018-10-15 21:30,9216
2018-10-15 21:35,9173
2018-10-15 21:40,9087
2018-10-15 21:45,8999
2018-10-15 21:50,8914
2018-10-15 21:55,8823
2018-10-15 22:00,8761
2018-10-15 22:05,8668
2018-10-15 22:10,8575
2018-10-15 22:15,8476
2018-10-15 22:20,8391
2018-10-15 22:25,8232
2018-10-15 22:30,8228
2018-10-15 22:35,8199
2018-10-15 22:40,8127
2018-10-15 22:45,8029
2018-10-15 22:50,7931
2018-10-15 22:55,7903
2018-10-15 23:00,7824
2018-10-15 23:05,7791
2018-10-15 23:10,7797
2018-10-15 23:15,7712
2018-10-15 23:20,7666
2018-10-15 23:25,7637
2018-10-15 23:30,7570
2018-10-15 23:35,7642
2018-10-15 23:40,7583
2018-10-15 23:45,7596
2018-10-15 23:50,7596
2018-10-15 23:55,7583
2018-10-16 00:00,7562
2018-10-16 00:05,7536
2018-10-16 00:10,7516
2018-10-16 00:15,7471
2018-10-16 00:20,7462
2018-10-16 00:25,7467
2018-10-16 00:30,7536
2018-10-16 00:35,7501
2018-10-16 00:40,7526
2018-10-16 00:45,7562
2018-10-16 00:50,7513
2018-10-16 00:55,7519
2018-10-16 01:00,7553
2018-10-16 01:05,7507
2018-10-16 01:10,7512
2018-10-16 01:15,7535
2018-10-16 01:20,7512
2018-10-16 01:25,7551
2018-10-16 01:30,7532
2018-10-16 01:35,7557
2018-10-16 01:40,7549
2018-10-16 01:45,7524
2018-10-16 01:50,7478
2018-10-16 01:55,7440
2018-10-16 02:00,7446
2018-10-16 02:05,7367
2018-10-16 02:10,7265
2018-10-16 02:15,7140
2018-10-16 02:20,7112
2018-10-16 02:25,7073
2018-10-16 02:30,7060
2018-10-16 02:35,6921
2018-10-16 02:40,6880
2018-10-16 02:45,6817
2018-10-16 02:50,6752
2018-10-16 02:55,6657
2018-10-16 03:00,6537
2018-10-16 03:05,6416
2018-10-16 03:10,6308
2018-10-16 03:15,6242
2018-10-16 03:20,6150
2018-10-16 03:25,6085
2018-10-16 03:30,6045
2018-10-16 03:35,5983
2018-10-16 03:40,5910
2018-10-16 03:45,5841
2018-10-16 03:50,5712
2018-10-16 03:55,5609
2018-10-16 04:00,5533
2018-10-16 04:05,5402
2018-10-16 04:10,5285
2018-10-16 04:15,5228
2018-10-16 04:20,5159
2018-10-16 04:25,5020
2018-10-16 04:30,4956
2018-10-16 04:35,4878
2018-10-16 04:40,4808
2018-10-16 04:45,4678
2018-10-16 04:50,4592
2018-10-16 04:55,4546
2018-10-16 05:00,4474
2018-10-16 05:05,4354
2018-10-16 05:10,4274
2018-10-16 05:15,4171
2018-10-16 05:20,4073
2018-10-16 05:25,4033
2018-10-16 05:30,3930
2018-10-16 05:35,3881
2018-10-16 05:40,3812
2018-10-16 05:45,3742
2018-10-16 05:50,3700
2018-10-16 05:55,3643
2018-10-16 06:00,3601
2018-10-16 06:05,3511
2018-10-16 06:10,3429
2018-10-16 06:15,3395
2018-10-16 06:20,3383
2018-10-16 06:25,3293
2018-10-16 06:30,3296
2018-10-16 06:35,3207
2018-10-16 06:40,3189
2018-10-16 06:45,3156
2018-10-16 06:50,3090
2018-10-16 06:55,3062
2018-10-16 07:00,3025
2018-10-16 07:05,2982
2018-10-16 07:10,2961
2018-10-16 07:15,2930
2018-10-16 07:20,2914
2018-10-16 07:25,2893
2018-10-16 07:30,2878
2018-10-16 07:35,2875
2018-10-16 07:40,2864
2018-10-16 07:45,2891
2018-10-16 07:50,2859
2018-10-16 07:55,2876
2018-10-16 08:00,2851
2018-10-16 08:05,
2018-10-16 08:10,2852
2018-10-16 08:15,2837
2018-10-16 08:20,2824
2018-10-16 08:25,2855
2018-10-16 08:30,2884
2018-10-16 08:35,2893
2018-10-16 08:40,2907
2018-10-16 08:45,2900
2018-10-16 08:50,2893
2018-10-16 08:55,2868
2018-10-16 09:00,2885
2018-10-16 09:05,2972
2018-10-16 09:10,3068
2018-10-16 09:15,3073
2018-10-16 09:20,3111
2018-10-16 09:25,3132
2018-10-16 09:30,3145
2018-10-16 09:35,3229
2018-10-16 09:40,3234
2018-10-16 09:45,3304
2018-10-16 09:50,3353
2018-10-16 09:55,3362
2018-10-16 10:00,3415
2018-10-16 10:05,3430
2018-10-16 10:10,3422
2018-10-16 10:15,3444
2018-10-16 10:20,3489
2018-10-16 10:25,3524
2018-10-16 10:30,3570
2018-10-16 10:35,3580
2018-10-16 10:40,3614
2018-10-16 10:45,3678
2018-10-16 10:50,3649
2018-10-16 10:55,3660
2018-10-16 11:00,3706
2018-10-16 11:05,3739
2018-10-16 11:10,3778
2018-10-16 11:15,3835
2018-10-16 11:20,3888
2018-10-16 11:25,3934
2018-10-16 11:30,4034
2018-10-16 11:35,4091
2018-10-16 11:40,4153
2018-10-16 11:45,4169
2018-10-16 11:50,4183
2018-10-16 11:55,4253
2018-10-16 12:00,4306
2018-10-16 12:05,4375
2018-10-16 12:10,4405
2018-10-16 12:15,4500
2018-10-16 12:20,4500
2018-10-16 12:25,4582
2018-10-16 12:30,4643
2018-10-16 12:35,4693
2018-10-16 12:40,4752
2018-10-16 12:45,4783
2018-10-16 12:50,4890
2018-10-16 12:55,4948
2018-10-16 13:00,5038
2018-10-16 13:05,4958
2018-10-16 13:10,4940
2018-10-16 13:15,5020
2018-10-16 13:20,5055
2018-10-16 13:25,5046
2018-10-16 13:30,5021
2018-10-16 13:35,4094
2018-10-16 13:40,3261
2018-10-16 13:45,2550
2018-10-16 13:50,1956
2018-10-16 13:55,1538
2018-10-16 14:00,1374
2018-10-16 14:05,1270
2018-10-16 14:10,1276
2018-10-16 14:15,1332
2018-10-16 14:20,1355
2018-10-16 14:25,1530
2018-10-16 14:30,1627
2018-10-16 14:35,1933
2018-10-16 14:40,2493
2018-10-16 14:45,3030
2018-10-16 14:50,3512
2018-10-16 14:55,3990
2018-10-16 15:00,4417
2018-10-16 15:05,4799
2018-10-16 15:10,5122
2018-10-16 15:15,5439
2018-10-16 15:20,5719
2018-10-16 15:25,5998
2018-10-16 15:30,6217
2018-10-16 15:35,6446
2018-10-16 15:40,6685
2018-10-16 15:45,6918
2018-10-16 15:50,7112
2018-10-16 15:55,7229
2018-10-16 16:00,7326
2018-10-16 16:05,7423
2018-10-16 16:10,7550
2018-10-16 16:15,7698
2018-10-16 16:20,7827
2018-10-16 16:25,7925
2018-10-16 16:30,7981
2018-10-16 16:35,8119
2018-10-16 16:40,8230
2018-10-16 16:45,8350
2018-10-16 16:50,8413
2018-10-16 16:55,8479
2018-10-16 17:00,8520
2018-10-16 17:05,8602
2018-10-16 17:10,8734
2018-10-16 17:15,8807
2018-10-16 17:20,8926
2018-10-16 17:25,8996
2018-10-16 17:30,9110
2018-10-16 17:35,9256
2018-10-16 17:40,9352
2018-10-16 17:45,9451
2018-10-16 17:50,9509
2018-10-16 17:55,9589
2018-10-16 18:00,9673
2018-10-16 18:05,9724
2018-10-16 18:10,9719
2018-10-16 18:15,9721
2018-10-16 18:20,9740
2018-10-16 18:25,9776
2018-10-16 18:30,9811
2018-10-16 18:35,9804
2018-10-16 18:40,9798
2018-10-16 18:45,9795
2018-10-16 18:50,9739
2018-10-16 18:55,9689
2018-10-16 19:00,9709
2018-10-16 19:05,9703
2018-10-16 19:10,9737
2018-10-16 19:15,9738
2018-10-16 19:20,9791
2018-10-16 19:25,9771
2018-10-16 19:30,9776
2018-10-16 19:35,9719
2018-10-16 19:40,9692
2018-10-16 19:45,9651
2018-10-16 19:50,9602
2018-10-16 19:55,9547
2018-10-16 20:00,9440
2018-10-16 20:05,9327
2018-10-16 20:10,9299
2018-10-16 20:15,9271
2018-10-16 20:20,9310
2018-10-16 20:25,9233
2018-10-16 20:30,9220
2018-10-16 20:35,9150
2018-10-16 20:40,9098
2018-10-16 20:45,9063
2018-10-16 20:50,9001
2018-10-16 20:55,8902
2018-10-16 21:00,8805
2018-10-16 21:05,8724
2018-10-16 21:10,8663
2018-10-16 21:15,8618
2018-10-16 21:20,8519
2018-10-16 21:25,8438
2018-10-16 21:30,8336
2018-10-16 21:35,8244
2018-10-16 21:40,8176
2018-10-16 21:45,8118
2018-10-16 21:50,8046
2018-10-16 21:55,7937
2018-10-16 22:00,7853
2018-10-16 22:05,7778
2018-10-16 22:10,7707
2018-10-16 22:15,7617
2018-10-16 22:20,7460
2018-10-16 22:25,7438
2018-10-16 22:30,7343
2018-10-16 22:35,7313
2018-10-16 22:40,7332
2018-10-16 22:45,7249
2018-10-16 22:50,7234
2018-10-16 22:55,7178
2018-10-16 23:00,7162
2018-10-16 23:05,7094
2018-10-16 23:10,7078
2018-10-16 23:15,7019
2018-10-16 23:20,7021
2018-10-16 23:25,6989
2018-10-16 23:30,7000
2018-10-16 23:35,6954
2018-10-16 23:40,0
2018-10-16 23:45,
2018-10-16 23:50,6856
2018-10-16 23:55,6905
2018-10-17 00:00,0
2018-10-17 00:05,6856
2018-10-17 00:10,6852
2018-10-17 00:15,6841
2018-10-17 00:20,6837
2018-10-17 00:25,6803
2018-10-17 00:30,6794
2018-10-17 00:35,
2018-10-17 00:40,
2018-10-17 00:45,6870
2018-10-17 00:50,6883
2018-10-17 00:55,6900
2018-10-17 01:00,6915
2018-10-17 01:05,6880
2018-10-17 01:10,6868
2018-10-17 01:15,6920
2018-10-17 01:20,6887
2018-10-17 01:25,6860
2018-10-17 01:30,6855
2018-10-17 01:35,6840
2018-10-17 01:40,6851
2018-10-17 01:45,6802
2018-10-17 01:50,6757
2018-10-17 01:55,6706
2018-10-17 02:00,6647
2018-10-17 02:05,6644
2018-10-17 02:10,6646
2018-10-17 02:15,6632
2018-10-17 02:20,6633
2018-10-17 02:25,6558
2018-10-17 02:30,6566
2018-10-17 02:35,6558
2018-10-17 02:40,6530
2018-10-17 02:45,6499
2018-10-17 02:50,6435
2018-10-17 02:55,6367
2018-10-17 03:00,6308
2018-10-17 03:05,6213
2018-10-17 03:10,6131
2018-10-17 03:15,6067
2018-10-17 03:20,5967
2018-10-17 03:25,5857
2018-10-17 03:30,5772
2018-10-17 03:35,5686
2018-10-17 03:40,5570
2018-10-17 03:45,5509
2018-10-17 03:50,5406
2018-10-17 03:55,5292
2018-10-17 04:00,5218
2018-10-17 04:05,5130
2018-10-17 04:10,5026
2018-10-17 04:15,4896
2018-10-17 04:20,4832
2018-10-17 04:25,4762
2018-10-17 04:30,4703
2018-10-17 04:35,4618
2018-10-17 04:40,4531
2018-10-17 04:45,4494
2018-10-17 04:50,4421
2018-10-17 04:55,4314
2018-10-17 05:00,4201
2018-10-17 05:05,4068
2018-10-17 05:10,3990
2018-10-17 05:15,3897
2018-10-17 05:20,3838
2018-10-17 05:25,3800
2018-10-17 05:30,3761
2018-10-17 05:35,3720
2018-10-17 05:40,3688
2018-10-17 05:45,3641
2018-10-17 05:50,3568
2018-10-17 05:55,3493
2018-10-17 06:00,3419
2018-10-17 06:05,3338
2018-10-17 06:10,3270
2018-10-17 06:15,3173
2018-10-17 06:20,3124
2018-10-17 06:25,3080
2018-10-17 06:30,3043
2018-10-17 06:35,3004
2018-10-17 06:40,2950
2018-10-17 06:45,2913
2018-10-17 06:50,2882
2018-10-17 06:55,2863
2018-10-17 07:00,2817
2018-10-17 07:05,2772
2018-10-17 07:10,2759
2018-10-17 07:15,2747
2018-10-17 07:20,2703
2018-10-17 07:25,2690
2018-10-17 07:30,2655
2018-10-17 07:35,2643
2018-10-17 07:40,2641
2018-10-17 07:45,2612
2018-10-17 07:50,2596
2018-10-17 07:55,2614
2018-10-17 08:00,2612
2018-10-17 08:05,2620
2018-10-17 08:10,2608
2018-10-17 08:15,2624
2018-10-17 08:20,2652
2018-10-17 08:25,2665
2018-10-17 08:30,2683
2018-10-17 08:35,2691
2018-10-17 08:40,2693
2018-10-17 08:45,2687
2018-10-17 08:50,2702
2018-10-17 08:55,2709
2018-10-17 09:00,2724
2018-10-17 09:05,2804
2018-10-17 09:10,2882
2018-10-17 09:15,2904
2018-10-17 09:20,2959
2018-10-17 09:25,2991
2018-10-17 09:30,3026
2018-10-17 09:35,3056
2018-10-17 09:40,3108
2018-10-17 09:45,3145
2018-10-17 09:50,3195
2018-10-17 09:55,3237
2018-10-17 10:00,3264
2018-10-17 10:05,3302
2018-10-17 10:10,3308
2018-10-17 10:15,3335
2018-10-17 10:20,3345
2018-10-17 10:25,3412
2018-10-17 10:30,3442
2018-10-17 10:35,3499
2018-10-17 10:40,3566
2018-10-17 10:45,3573
2018-10-17 10:50,3581
2018-10-17 10:55,3607
2018-10-17 11:00,3681
2018-10-17 11:05,3726
2018-10-17 11:10,3761
2018-10-17 11:15,3779
2018-10-17 11:20,3802
2018-10-17 11:25,3842
2018-10-17 11:30,3892
2018-10-17 11:35,3886
2018-10-17 11:40,3928
2018-10-17 11:45,3985
2018-10-17 11:50,4060
2018-10-17 11:55,4130
2018-10-17 12:00,4174
2018-10-17 12:05,4242
2018-10-17 12:10,4290
2018-10-17 12:15,4340
2018-10-17 12:20,4374
2018-10-17 12:25,4458
2018-10-17 12:30,4519
2018-10-17 12:35,4560
2018-10-17 12:40,4619
2018-10-17 12:45,4674
2018-10-17 12:50,4725
2018-10-17 12:55,4795
2018-10-17 13:00,4801
2018-10-17 13:05,4910
2018-10-17 13:10,4947
2018-10-17 13:15,4993
2018-10-17 13:20,5079
2018-10-17 13:25,5167
2018-10-17 13:30,5300
2018-10-17 13:35,5411
2018-10-17 13:40,5503
2018-10-17 13:45,5580
2018-10-17 13:50,5665
2018-10-17 13:55,5719
2018-10-17 14:00,5836
2018-10-17 14:05,5944
2018-10-17 14:10,6047
2018-10-17 14:15,6142
2018-10-17 14:20,6213
2018-10-17 14:25,6317
2018-10-17 14:30,6411
2018-10-17 14:35,6514
2018-10-17 14:40,6591
2018-10-17 14:45,6631
2018-10-17 14:50,6713
2018-10-17 14:55,6764
2018-10-17 15:00,6809
2018-10-17 15:05,6875
2018-10-17 15:10,6913
2018-10-17 15:15,6936
2018-10-17 15:20,7022
2018-10-17 15:25,7090
2018-10-17 15:30,7158
2018-10-17 15:35,7241
2018-10-17 15:40,7264
2018-10-17 15:45,7341
2018-10-17 15:50,7377
2018-10-17 15:55,
2018-10-17 16:00,7455
2018-10-17 16:05,7537
2018-10-17 16:10,7552
2018-10-17 16:15,7625
2018-10-17 16:20,7702
2018-10-17 16:25,7783
2018-10-17 16:30,7860
2018-10-17 16:35,7880
2018-10-17 16:40,7929
2018-10-17 16:45,8007
2018-10-17 16:50,8062
2018-10-17 16:55,8094
2018-10-17 17:00,8203
2018-10-17 17:05,8266
2018-10-17 17:10,8379
2018-10-17 17:15,8476
2018-10-17 17:20,8516
2018-10-17 17:25,8521
2018-10-17 17:30,8548
2018-10-17 17:35,8652
2018-10-17 17:40,8708
2018-10-17 17:45,8803
2018-10-17 17:50,8906
2018-10-17 17:55,8970
2018-10-17 18:00,9027
2018-10-17 18:05,9066
2018-10-17 18:10,9141
2018-10-17 18:15,9148
2018-10-17 18:20,8896
2018-10-17 18:25,8606
2018-10-17 18:30,8553
2018-10-17 18:35,8490
2018-10-17 18:40,8651
2018-10-17 18:45,8778
2018-10-17 18:50,8795
2018-10-17 18:55,8895
2018-10-17 19:00,9019
2018-10-17 19:05,9084
2018-10-17 19:10,9049
2018-10-17 19:15,9105
2018-10-17 19:20,9141
2018-10-17 19:25,9143
2018-10-17 19:30,9139
2018-10-17 19:35,9136
2018-10-17 19:40,9142
2018-10-17 19:45,9178
2018-10-17 19:50,9113
2018-10-17 19:55,9055
2018-10-17 20:00,9029
2018-10-17 20:05,9014
2018-10-17 20:10,8958
2018-10-17 20:15,8965
2018-10-17 20:20,8961
2018-10-17 20:25,8883
2018-10-17 20:30,8942
2018-10-17 20:35,8873
2018-10-17 20:40,8811
2018-10-17 20:45,8752
2018-10-17 20:50,8696
2018-10-17 20:55,8619
2018-10-17 21:00,8530
2018-10-17 21:05,
2018-10-17 21:10,
2018-10-17 21:15,
2018-10-17 21:20,8219
2018-10-17 21:25,8133
2018-10-17 21:30,8095
2018-10-17 21:35,8002
2018-10-17 21:40,7871
2018-10-17 21:45,7791
2018-10-17 21:50,7671
2018-10-17 21:55,7609
2018-10-17 22:00,7579
2018-10-17 22:05,7526
2018-10-17 22:10,7453
2018-10-17 22:15,7341
2018-10-17 22:20,7312
2018-10-17 22:25,7235
2018-10-17 22:30,7179
2018-10-17 22:35,7151
2018-10-17 22:40,7168
2018-10-17 22:45,7172
2018-10-17 22:50,7116
2018-10-17 22:55,6887
2018-10-17 23:00,6994
2018-10-17 23:05,7010
2018-10-17 23:10,7011
2018-10-17 23:15,6998
2018-10-17 23:20,6954
2018-10-17 23:25,6986
2018-10-17 23:30,6947
2018-10-17 23:35,6981
2018-10-17 23:40,6969
2018-10-17 23:45,6955
2018-10-17 23:50,6965
2018-10-17 23:55,6933
2018-10-18 00:00,6890
2018-10-18 00:05,6873
2018-10-18 00:10,6899
2018-10-18 00:15,6910
2018-10-18 00:20,6922
2018-10-18 00:25,6956
2018-10-18 00:30,6956
2018-10-18 00:35,6934
2018-10-18 00:40,6979
2018-10-18 00:45,7030
2018-10-18 00:50,7023
2018-10-18 00:55,6992
2018-10-18 01:00,6979
2018-10-18 01:05,6978
2018-10-18 01:10,6971
2018-10-18 01:15,6986
2018-10-18 01:20,7006
2018-10-18 01:25,6988
2018-10-18 01:30,6971
2018-10-18 01:35,6939
2018-10-18 01:40,6912
2018-10-18 01:45,6936
2018-10-18 01:50,6909
2018-10-18 01:55,6871
2018-10-18 02:00,6826
2018-10-18 02:05,6800
2018-10-18 02:10,6754
2018-10-18 02:15,6709
2018-10-18 02:20,6601
2018-10-18 02:25,6592
2018-10-18 02:30,
2018-10-18 02:35,6509
2018-10-18 02:40,6456
2018-10-18 02:45,6363
2018-10-18 02:50,6363
2018-10-18 02:55,6294
2018-10-18 03:00,6230
2018-10-18 03:05,6154
2018-10-18 03:10,6017
2018-10-18 03:15,5915
2018-10-18 03:20,5895
2018-10-18 03:25,5881
2018-10-18 03:30,5840
2018-10-18 03:35,5731
2018-10-18 03:40,5707
2018-10-18 03:45,5618
2018-10-18 03:50,5547
2018-10-18 03:55,5451
2018-10-18 04:00,5406
2018-10-18 04:05,5282
2018-10-18 04:10,5194
2018-10-18 04:15,5133
2018-10-18 04:20,5057
2018-10-18 04:25,4980
2018-10-18 04:30,4915
2018-10-18 04:35,4854
2018-10-18 04:40,4800
2018-10-18 04:45,4690
2018-10-18 04:50,4597
2018-10-18 04:55,4563
2018-10-18 05:00,4444
2018-10-18 05:05,4315
2018-10-18 05:10,4164
2018-10-18 05:15,4046
2018-10-18 05:20,3983
2018-10-18 05:25,3914
2018-10-18 05:30,3839
2018-10-18 05:35,3761
2018-10-18 05:40,3730
2018-10-18 05:45,3648
2018-10-18 05:50,3609
2018-10-18 05:55,3568
2018-10-18 06:00,3515
2018-10-18 06:05,3394
2018-10-18 06:10,3325
2018-10-18 06:15,3265
2018-10-18 06:20,3196
2018-10-18 06:25,3172
2018-10-18 06:30,3091
2018-10-18 06:35,3057
2018-10-18 06:40,3003
2018-10-18 06:45,2910
2018-10-18 06:50,2911
2018-10-18 06:55,2906
2018-10-18 07:00,2856
2018-10-18 07:05,2844
2018-10-18 07:10,2852
2018-10-18 07:15,2851
2018-10-18 07:20,2823
2018-10-18 07:25,2843
2018-10-18 07:30,2806
2018-10-18 07:35,2756
2018-10-18 07:40,2737
2018-10-18 07:45,2727
2018-10-18 07:50,2750
2018-10-18 07:55,2729
2018-10-18 08:00,2729
2018-10-18 08:05,2713
2018-10-18 08:10,2703
2018-10-18 08:15,2715
2018-10-18 08:20,2717
2018-10-18 08:25,2725
2018-10-18 08:30,2746
2018-10-18 08:35,2811
2018-10-18 08:40,2840
2018-10-18 08:45,2842
2018-10-18 08:50,2838
2018-10-18 08:55,2849
2018-10-18 09:00,2850
2018-10-18 09:05,2890
2018-10-18 09:10,2999
2018-10-18 09:15,3046
2018-10-18 09:20,3087
2018-10-18 09:25,3111
2018-10-18 09:30,3172
2018-10-18 09:35,3170
2018-10-18 09:40,3201
2018-10-18 09:45,3240
2018-10-18 09:50,3245
2018-10-18 09:55,3262
2018-10-18 10:00,3264
2018-10-18 10:05,3266
2018-10-18 10:10,3282
2018-10-18 10:15,3323
2018-10-18 10:20,3355
2018-10-18 10:25,3369
2018-10-18 10:30,3363
2018-10-18 10:35,3417
2018-10-18 10:40,3466
2018-10-18 10:45,3496
2018-10-18 10:50,3518
2018-10-18 10:55,3572
2018-10-18 11:00,3639
2018-10-18 11:05,3687
2018-10-18 11:10,3726
2018-10-18 11:15,3780
2018-10-18 11:20,3825
2018-10-18 11:25,3845
2018-10-18 11:30,3888
2018-10-18 11:35,3923
2018-10-18 11:40,4008
2018-10-18 11:45,4023
2018-10-18 11:50,4117
2018-10-18 11:55,4160
2018-10-18 12:00,4225
2018-10-18 12:05,4264
2018-10-18 12:10,4316
2018-10-18 12:15,4379
2018-10-18 12:20,4458
2018-10-18 12:25,4528
2018-10-18 12:30,4586
2018-10-18 12:35,4625
2018-10-18 12:40,4699
2018-10-18 12:45,4755
2018-10-18 12:50,4789
2018-10-18 12:55,4856
2018-10-18 13:00,4905
2018-10-18 13:05,4982
2018-10-18 13:10,5102
2018-10-18 13:15,5142
2018-10-18 13:20,5202
2018-10-18 13:25,5310
2018-10-18 13:30,5383
2018-10-18 13:35,5459
2018-10-18 13:40,5570
2018-10-18 13:45,5617
2018-10-18 13:50,5695
2018-10-18 13:55,5752
2018-10-18 14:00,5816
2018-10-18 14:05,5875
2018-10-18 14:10,5967
2018-10-18 14:15,6058
2018-10-18 14:20,6138
2018-10-18 14:25,6212
2018-10-18 14:30,6284
2018-10-18 14:35,6336
2018-10-18 14:40,6428
2018-10-18 14:45,6463
2018-10-18 14:50,6555
2018-10-18 14:55,6622
2018-10-18 15:00,6635
2018-10-18 15:05,6671
2018-10-18 15:10,6712
2018-10-18 15:15,6767
2018-10-18 15:20,6856
2018-10-18 15:25,6912
2018-10-18 15:30,6982
2018-10-18 15:35,7079
2018-10-18 15:40,7078
2018-10-18 15:45,7128
2018-10-18 15:50,7241
2018-10-18 15:55,
2018-10-18 16:00,
2018-10-18 16:05,
2018-10-18 16:10,
2018-10-18 16:15,
2018-10-18 16:20,
2018-10-18 16:25,
2018-10-18 16:30,
2018-10-18 16:35,
2018-10-18 16:40,
2018-10-18 16:45,
2018-10-18 16:50,8140
2018-10-18 16:55,8191
2018-10-18 17:00,8290
2018-10-18 17:05,8369
2018-10-18 17:10,8450
2018-10-18 17:15,8513
2018-10-18 17:20,8541
2018-10-18 17:25,8603
2018-10-18 17:30,8636
2018-10-18 17:35,8706
2018-10-18 17:40,8771
2018-10-18 17:45,8822
2018-10-18 17:50,8897
2018-10-18 17:55,8960
2018-10-18 18:00,8989
2018-10-18 18:05,9057
2018-10-18 18:10,9128
2018-10-18 18:15,9193
2018-10-18 18:20,9249
2018-10-18 18:25,9332
2018-10-18 18:30,9408
2018-10-18 18:35,9505
2018-10-18 18:40,9556
2018-10-18 18:45,9631
2018-10-18 18:50,9636
2018-10-18 18:55,9664
2018-10-18 19:00,9668
2018-10-18 19:05,9664
2018-10-18 19:10,9705
2018-10-18 19:15,9702
2018-10-18 19:20,9708
2018-10-18 19:25,9735
2018-10-18 19:30,9654
2018-10-18 19:35,9668
2018-10-18 19:40,9636
2018-10-18 19:45,9632
2018-10-18 19:50,9632
2018-10-18 19:55,9618
2018-10-18 20:00,9559
2018-10-18 20:05,9483
2018-10-18 20:10,9485
2018-10-18 20:15,9485
2018-10-18 20:20,9515
2018-10-18 20:25,9458
2018-10-18 20:30,9409
2018-10-18 20:35,9328
2018-10-18 20:40,9251
2018-10-18 20:45,9196
2018-10-18 20:50,9084
2018-10-18 20:55,9035
2018-10-18 21:00,8941
2018-10-18 21:05,8888
2018-10-18 21:10,8780
2018-10-18 21:15,8740
2018-10-18 21:20,8681
2018-10-18 21:25,8578
2018-10-18 21:30,8523
2018-10-18 21:35,8479
2018-10-18 21:40,8235
2018-10-18 21:45,8098
2018-10-18 21:50,7986
2018-10-18 21:55,8028
2018-10-18 22:00,7970
2018-10-18 22:05,7837
2018-10-18 22:10,7749
2018-10-18 22:15,7710
2018-10-18 22:20,7695
2018-10-18 22:25,7689
2018-10-18 22:30,7604
2018-10-18 22:35,7543
2018-10-18 22:40,7498
2018-10-18 22:45,7461
2018-10-18 22:50,7393
2018-10-18 22:55,7317
2018-10-18 23:00,7261
2018-10-18 23:05,7230
2018-10-18 23:10,7228
2018-10-18 23:15,7224
2018-10-18 23:20,7169
2018-10-18 23:25,7122
2018-10-18 23:30,7115
2018-10-18 23:35,7048
2018-10-18 23:40,6966
2018-10-18 23:45,6904
2018-10-18 23:50,6910
2018-10-18 23:55,6934
2018-10-19 00:00,6860
2018-10-19 00:05,6844
2018-10-19 00:10,6840
2018-10-19 00:15,6835
2018-10-19 00:20,6820
2018-10-19 00:25,6803
2018-10-19 00:30,6782
2018-10-19 00:35,6808
2018-10-19 00:40,6841
2018-10-19 00:45,6826
2018-10-19 00:50,6789
2018-10-19 00:55,6786
2018-10-19 01:00,6805
2018-10-19 01:05,6817
2018-10-19 01:10,6840
2018-10-19 01:15,6813
2018-10-19 01:20,6834
2018-10-19 01:25,6849
2018-10-19 01:30,6802
2018-10-19 01:35,6779
2018-10-19 01:40,6822
2018-10-19 01:45,6831
2018-10-19 01:50,6790
2018-10-19 01:55,6817
2018-10-19 02:00,6742
2018-10-19 02:05,6717
2018-10-19 02:10,6698
2018-10-19 02:15,6589
2018-10-19 02:20,6565
2018-10-19 02:25,6504
2018-10-19 02:30,6438
2018-10-19 02:35,6396
2018-10-19 02:40,6345
2018-10-19 02:45,6323
2018-10-19 02:50,6279
2018-10-19 02:55,6217
2018-10-19 03:00,6177
2018-10-19 03:05,6114
2018-10-19 03:10,6071
2018-10-19 03:15,6007
2018-10-19 03:20,5940
2018-10-19 03:25,5861
2018-10-19 03:30,5813
2018-10-19 03:35,5770
2018-10-19 03:40,5675
2018-10-19 03:45,5633
2018-10-19 03:50,5601
2018-10-19 03:55,5469
2018-10-19 04:00,5401
2018-10-19 04:05,5331
2018-10-19 04:10,5260
2018-10-19 04:15,5153
2018-10-19 04:20,5064
2018-10-19 04:25,5005
2018-10-19 04:30,4894
2018-10-19 04:35,4811
2018-10-19 04:40,4734
2018-10-19 04:45,4700
2018-10-19 04:50,4640
2018-10-19 04:55,4557
2018-10-19 05:00,4451
2018-10-19 05:05,4369
2018-10-19 05:10,4262
2018-10-19 05:15,4206
2018-10-19 05:20,4105
2018-10-19 05:25,4039
2018-10-19 05:30,3966
2018-10-19 05:35,3944
2018-10-19 05:40,3874
2018-10-19 05:45,3819
2018-10-19 05:50,3804
2018-10-19 05:55,3767
2018-10-19 06:00,3675
2018-10-19 06:05,3615
2018-10-19 06:10,3542
2018-10-19 06:15,3468
2018-10-19 06:20,3432
2018-10-19 06:25,3417
2018-10-19 06:30,3325
2018-10-19 06:35,3307
2018-10-19 06:40,3300
2018-10-19 06:45,3252
2018-10-19 06:50,3215
2018-10-19 06:55,3155
2018-10-19 07:00,3132
2018-10-19 07:05,3091
2018-10-19 07:10,3031
2018-10-19 07:15,2999
2018-10-19 07:20,2984
2018-10-19 07:25,2942
2018-10-19 07:30,2907
2018-10-19 07:35,2894
2018-10-19 07:40,2898
2018-10-19 07:45,2901
2018-10-19 07:50,2903
2018-10-19 07:55,2922
2018-10-19 08:00,2909
2018-10-19 08:05,2883
2018-10-19 08:10,2863
2018-10-19 08:15,2847
2018-10-19 08:20,2855
2018-10-19 08:25,2836
2018-10-19 08:30,2824
2018-10-19 08:35,2824
2018-10-19 08:40,2812
2018-10-19 08:45,2846
2018-10-19 08:50,2834
2018-10-19 08:55,2878
2018-10-19 09:00,2889
2018-10-19 09:05,2930
2018-10-19 09:10,3057
2018-10-19 09:15,3126
2018-10-19 09:20,3182
2018-10-19 09:25,3260
2018-10-19 09:30,3327
2018-10-19 09:35,3337
2018-10-19 09:40,3393
2018-10-19 09:45,3416
2018-10-19 09:50,3453
2018-10-19 09:55,3498
2018-10-19 10:00,3522
2018-10-19 10:05,3546
2018-10-19 10:10,3594
2018-10-19 10:15,3597
2018-10-19 10:20,3652
2018-10-19 10:25,3692
2018-10-19 10:30,3753
2018-10-19 10:35,3765
2018-10-19 10:40,3795
2018-10-19 10:45,3866
2018-10-19 10:50,3880
2018-10-19 10:55,3923
2018-10-19 11:00,4005
2018-10-19 11:05,4056
2018-10-19 11:10,4104
2018-10-19 11:15,4155
2018-10-19 11:20,4181
2018-10-19 11:25,4235
2018-10-19 11:30,4280
2018-10-19 11:35,4341
2018-10-19 11:40,4361
2018-10-19 11:45,4416
2018-10-19 11:50,4449
2018-10-19 11:55,4506
2018-10-19 12:00,4498
2018-10-19 12:05,4539
2018-10-19 12:10,4631
2018-10-19 12:15,4670
2018-10-19 12:20,4750
2018-10-19 12:25,4821
2018-10-19 12:30,4936
2018-10-19 12:35,4935
2018-10-19 12:40,4932
2018-10-19 12:45,4996
2018-10-19 12:50,5090
2018-10-19 12:55,5127
2018-10-19 13:00,5170
2018-10-19 13:05,5167
2018-10-19 13:10,5174
2018-10-19 13:15,5214
2018-10-19 13:20,5184
2018-10-19 13:25,5108
2018-10-19 13:30,5152
2018-10-19 13:35,4664
2018-10-19 13:40,3684
2018-10-19 13:45,2888
2018-10-19 13:50,2168
2018-10-19 13:55,1636
2018-10-19 14:00,1428
2018-10-19 14:05,1283
2018-10-19 14:10,1254
2018-10-19 14:15,1251
2018-10-19 14:20,1268
2018-10-19 14:25,1310
2018-10-19 14:30,1319
2018-10-19 14:35,1560
2018-10-19 14:40,1720
2018-10-19 14:45,2099
2018-10-19 14:50,2652
2018-10-19 14:55,3158
2018-10-19 15:00,3712
2018-10-19 15:05,4158
2018-10-19 15:10,4595
2018-10-19 15:15,4971
2018-10-19 15:20,5271
2018-10-19 15:25,5598
2018-10-19 15:30,5919
2018-10-19 15:35,6176
2018-10-19 15:40,6445
2018-10-19 15:45,6620
2018-10-19 15:50,6843
2018-10-19 15:55,7059
2018-10-19 16:00,7202
2018-10-19 16:05,7302
2018-10-19 16:10,7397
2018-10-19 16:15,7476
2018-10-19 16:20,7601
2018-10-19 16:25,7746
2018-10-19 16:30,7861
2018-10-19 16:35,7944
2018-10-19 16:40,8087
2018-10-19 16:45,8184
2018-10-19 16:50,8250
2018-10-19 16:55,8358
2018-10-19 17:00,8401
2018-10-19 17:05,8463
2018-10-19 17:10,8526
2018-10-19 17:15,8608
2018-10-19 17:20,8665
2018-10-19 17:25,8718
2018-10-19 17:30,8777
2018-10-19 17:35,8888
2018-10-19 17:40,8966
2018-10-19 17:45,9002
2018-10-19 17:50,9032
2018-10-19 17:55,9104
2018-10-19 18:00,9138
2018-10-19 18:05,9169
2018-10-19 18:10,9236
2018-10-19 18:15,9260
2018-10-19 18:20,9331
2018-10-19 18:25,9420
2018-10-19 18:30,9534
2018-10-19 18:35,9610
2018-10-19 18:40,0
2018-10-19 18:45,9694
2018-10-19 18:50,9659
2018-10-19 18:55,9693
2018-10-19 19:00,9686
2018-10-19 19:05,9638
2018-10-19 19:10,9644
2018-10-19 19:15,9653
2018-10-19 19:20,9714
2018-10-19 19:25,9790
2018-10-19 19:30,9870
2018-10-19 19:35,9928
2018-10-19 19:40,10012
2018-10-19 19:45,9999
2018-10-19 19:50,10066
2018-10-19 19:55,10119
2018-10-19 20:00,10110
2018-10-19 20:05,10105
2018-10-19 20:10,10142
2018-10-19 20:15,10145
2018-10-19 20:20,10174
2018-10-19 20:25,10124
2018-10-19 20:30,10141
2018-10-19 20:35,10104
2018-10-19 20:40,10086
2018-10-19 20:45,10024
2018-10-19 20:50,9945
2018-10-19 20:55,9870
2018-10-19 21:00,9781
2018-10-19 21:05,9708
2018-10-19 21:10,9661
2018-10-19 21:15,9563
2018-10-19 21:20,9556
2018-10-19 21:25,9551
2018-10-19 21:30,9549
2018-10-19 21:35,9441
2018-10-19 21:40,9421
2018-10-19 21:45,9319
2018-10-19 21:50,9236
2018-10-19 21:55,9069
2018-10-19 22:00,8976
2018-10-19 22:05,8909
2018-10-19 22:10,8865
2018-10-19 22:15,8754
2018-10-19 22:20,8702
2018-10-19 22:25,8646
2018-10-19 22:30,8525
2018-10-19 22:35,8453
2018-10-19 22:40,8392
2018-10-19 22:45,8371
2018-10-19 22:50,8292
2018-10-19 22:55,8180
2018-10-19 23:00,8127
2018-10-19 23:05,8070
2018-10-19 23:10,8016
2018-10-19 23:15,7957
2018-10-19 23:20,7934
2018-10-19 23:25,7856
2018-10-19 23:30,7787
2018-10-19 23:35,7721
2018-10-19 23:40,7733
2018-10-19 23:45,7750
2018-10-19 23:50,7697
2018-10-19 23:55,7676
2018-10-20 00:00,7598
2018-10-20 00:05,7533
2018-10-20 00:10,7479
2018-10-20 00:15,7420
2018-10-20 00:20,7385
2018-10-20 00:25,7399
2018-10-20 00:30,7340
2018-10-20 00:35,7279
2018-10-20 00:40,7253
2018-10-20 00:45,7230
2018-10-20 00:50,7255
2018-10-20 00:55,7237
2018-10-20 01:00,7141
2018-10-20 01:05,7149
2018-10-20 01:10,7092
2018-10-20 01:15,7100
2018-10-20 01:20,7057
2018-10-20 01:25,7072
2018-10-20 01:30,7112
2018-10-20 01:35,7074
2018-10-20 01:40,7101
2018-10-20 01:45,7094
2018-10-20 01:50,7140
2018-10-20 01:55,7134
2018-10-20 02:00,7172
2018-10-20 02:05,7119
2018-10-20 02:10,7125
2018-10-20 02:15,7103
2018-10-20 02:20,7117
2018-10-20 02:25,7114
2018-10-20 02:30,7052
2018-10-20 02:35,7020
2018-10-20 02:40,6991
2018-10-20 02:45,6992
2018-10-20 02:50,6959
2018-10-20 02:55,6908
2018-10-20 03:00,6889
2018-10-20 03:05,6878
2018-10-20 03:10,6861
2018-10-20 03:15,6849
2018-10-20 03:20,6829
2018-10-20 03:25,6804
2018-10-20 03:30,6730
2018-10-20 03:35,6652
2018-10-20 03:40,6612
2018-10-20 03:45,6497
2018-10-20 03:50,6488
2018-10-20 03:55,6393
2018-10-20 04:00,6327
2018-10-20 04:05,6329
2018-10-20 04:10,6247
2018-10-20 04:15,6194
2018-10-20 04:20,6146
2018-10-20 04:25,6095
2018-10-20 04:30,6072
2018-10-20 04:35,5996
2018-10-20 04:40,5964
2018-10-20 04:45,5880
2018-10-20 04:50,5814
2018-10-20 04:55,5748
2018-10-20 05:00,5668
2018-10-20 05:05,5603
2018-10-20 05:10,5560
2018-10-20 05:15,5438
2018-10-20 05:20,5356
2018-10-20 05:25,5221
2018-10-20 05:30,5140
2018-10-20 05:35,5022
2018-10-20 05:40,4962
2018-10-20 05:45,4937
2018-10-20 05:50,4892
2018-10-20 05:55,4822
2018-10-20 06:00,4779
2018-10-20 06:05,4734
2018-10-20 06:10,4699
2018-10-20 06:15,4617
2018-10-20 06:20,4514
2018-10-20 06:25,4446
2018-10-20 06:30,4403
2018-10-20 06:35,4343
2018-10-20 06:40,4275
2018-10-20 06:45,4251
2018-10-20 06:50,4217
2018-10-20 06:55,4189
2018-10-20 07:00,4143
2018-10-20 07:05,4088
2018-10-20 07:10,4047
2018-10-20 07:15,4029
2018-10-20 07:20,4011
2018-10-20 07:25,4033
2018-10-20 07:30,4011
2018-10-20 07:35,4027
2018-10-20 07:40,4018
2018-10-20 07:45,4005
2018-10-20 07:50,4008
2018-10-20 07:55,4031
2018-10-20 08:00,4002
2018-10-20 08:05,4014
2018-10-20 08:10,3989
2018-10-20 08:15,4000
2018-10-20 08:20,3990
2018-10-20 08:25,3997
2018-10-20 08:30,4003
2018-10-20 08:35,4014
2018-10-20 08:40,4067
2018-10-20 08:45,4105
2018-10-20 08:50,4138
2018-10-20 08:55,4200
2018-10-20 09:00,4270
2018-10-20 09:05,4376
2018-10-20 09:10,4451
2018-10-20 09:15,4557
2018-10-20 09:20,4670
2018-10-20 09:25,4738
2018-10-20 09:30,4827
2018-10-20 09:35,4844
2018-10-20 09:40,4902
2018-10-20 09:45,4970
2018-10-20 09:50,5014
2018-10-20 09:55,5050
2018-10-20 10:00,5150
2018-10-20 10:05,5209
2018-10-20 10:10,5260
2018-10-20 10:15,5342
2018-10-20 10:20,5431
2018-10-20 10:25,5486
2018-10-20 10:30,5544
2018-10-20 10:35,5601
2018-10-20 10:40,5667
2018-10-20 10:45,5714
2018-10-20 10:50,5757
2018-10-20 10:55,5770
2018-10-20 11:00,5852
2018-10-20 11:05,5869
2018-10-20 11:10,5912
2018-10-20 11:15,5927
2018-10-20 11:20,5985
2018-10-20 11:25,6050
2018-10-20 11:30,6097
2018-10-20 11:35,6150
2018-10-20 11:40,6188
2018-10-20 11:45,6249
2018-10-20 11:50,6298
2018-10-20 11:55,6381
2018-10-20 12:00,6350
2018-10-20 12:05,6414
2018-10-20 12:10,6431
2018-10-20 12:15,6510
2018-10-20 12:20,6597
2018-10-20 12:25,6679
2018-10-20 12:30,6738
2018-10-20 12:35,6763
2018-10-20 12:40,6767
2018-10-20 12:45,6854
2018-10-20 12:50,6902
2018-10-20 12:55,6918
2018-10-20 13:00,6912
2018-10-20 13:05,6995
2018-10-20 13:10,7160
2018-10-20 13:15,7211
2018-10-20 13:20,7295
2018-10-20 13:25,7374
2018-10-20 13:30,7456
2018-10-20 13:35,7480
2018-10-20 13:40,7562
2018-10-20 13:45,7666
2018-10-20 13:50,7802
2018-10-20 13:55,7860
2018-10-20 14:00,7886
2018-10-20 14:05,8014
2018-10-20 14:10,8098
2018-10-20 14:15,8165
2018-10-20 14:20,8218
2018-10-20 14:25,8293
2018-10-20 14:30,8327
2018-10-20 14:35,8422
2018-10-20 14:40,8452
2018-10-20 14:45,8499
2018-10-20 14:50,8575
2018-10-20 14:55,8622
2018-10-20 15:00,8684
2018-10-20 15:05,8713
2018-10-20 15:10,8803
2018-10-20 15:15,8826
2018-10-20 15:20,8819
2018-10-20 15:25,8939
2018-10-20 15:30,8999
2018-10-20 15:35,9087
2018-10-20 15:40,9135
2018-10-20 15:45,9175
2018-10-20 15:50,9218
2018-10-20 15:55,9295
2018-10-20 16:00,9335
2018-10-20 16:05,9427
2018-10-20 16:10,9465
2018-10-20 16:15,9533
2018-10-20 16:20,9559
2018-10-20 16:25,9615
2018-10-20 16:30,9689
2018-10-20 16:35,9726
2018-10-20 16:40,9745
2018-10-20 16:45,9864
2018-10-20 16:50,9947
2018-10-20 16:55,9949
2018-10-20 17:00,10084
2018-10-20 17:05,10118
2018-10-20 17:10,10126
2018-10-20 17:15,10201
2018-10-20 17:20,10216
2018-10-20 17:25,10272
2018-10-20 17:30,10264
2018-10-20 17:35,10305
2018-10-20 17:40,10463
2018-10-20 17:45,10496
2018-10-20 17:50,10523
2018-10-20 17:55,10569
2018-10-20 18:00,10668
2018-10-20 18:05,10772
2018-10-20 18:10,10852
2018-10-20 18:15,10906
2018-10-20 18:20,10981
2018-10-20 18:25,10996
2018-10-20 18:30,10977
2018-10-20 18:35,10942
2018-10-20 18:40,10972
2018-10-20 18:45,11052
2018-10-20 18:50,11104
2018-10-20 18:55,11095
2018-10-20 19:00,11062
2018-10-20 19:05,11127
2018-10-20 19:10,11160
2018-10-20 19:15,11164
2018-10-20 19:20,11235
2018-10-20 19:25,11294
2018-10-20 19:30,11310
2018-10-20 19:35,11335
2018-10-20 19:40,11346
2018-10-20 19:45,11324
2018-10-20 19:50,11320
2018-10-20 19:55,11316
2018-10-20 20:00,11307
2018-10-20 20:05,11314
2018-10-20 20:10,11256
2018-10-20 20:15,11222
2018-10-20 20:20,11248
2018-10-20 20:25,11214
2018-10-20 20:30,11207
2018-10-20 20:35,11272
2018-10-20 20:40,11238
2018-10-20 20:45,11187
2018-10-20 20:50,11233
2018-10-20 20:55,11134
2018-10-20 21:00,11079
2018-10-20 21:05,11028
2018-10-20 21:10,10938
2018-10-20 21:15,10839
2018-10-20 21:20,10770
2018-10-20 21:25,10717
2018-10-20 21:30,10638
2018-10-20 21:35,10620
2018-10-20 21:40,10509
2018-10-20 21:45,10434
2018-10-20 21:50,10290
2018-10-20 21:55,10201
2018-10-20 22:00,10120
2018-10-20 22:05,9979
2018-10-20 22:10,9870
2018-10-20 22:15,9851
2018-10-20 22:20,9768
2018-10-20 22:25,9670
2018-10-20 22:30,9577
2018-10-20 22:35,9537
2018-10-20 22:40,9428
2018-10-20 22:45,9303
2018-10-20 22:50,9197
2018-10-20 22:55,9096
2018-10-20 23:00,9005
2018-10-20 23:05,8891
2018-10-20 23:10,8797
2018-10-20 23:15,8706
2018-10-20 23:20,8609
2018-10-20 23:25,8424
2018-10-20 23:30,8284
2018-10-20 23:35,8196
2018-10-20 23:40,8084
2018-10-20 23:45,7960
2018-10-20 23:50,7722
2018-10-20 23:55,7847
2018-10-21 00:00,7783
2018-10-21 00:05,7784
2018-10-21 00:10,7732
2018-10-21 00:15,7743
2018-10-21 00:20,7634
2018-10-21 00:25,7563
2018-10-21 00:30,7510
2018-10-21 00:35,7504
2018-10-21 00:40,7423
2018-10-21 00:45,7374
2018-10-21 00:50,7394
2018-10-21 00:55,7336
2018-10-21 01:00,7290
2018-10-21 01:05,7322
2018-10-21 01:10,7315
2018-10-21 01:15,7346
2018-10-21 01:20,7309
2018-10-21 01:25,7268
2018-10-21 01:30,7264
2018-10-21 01:35,7249
2018-10-21 01:40,7207
2018-10-21 01:45,7217
2018-10-21 01:50,7229
2018-10-21 01:55,7207
2018-10-21 02:00,7170
2018-10-21 02:05,7191
2018-10-21 02:10,7205
2018-10-21 02:15,7150
2018-10-21 02:20,7182
2018-10-21 02:25,7122
2018-10-21 02:30,7070
2018-10-21 02:35,7038
2018-10-21 02:40,7016
2018-10-21 02:45,6975
2018-10-21 02:50,6981
2018-10-21 02:55,6910
2018-10-21 03:00,6872
2018-10-21 03:05,6883
2018-10-21 03:10,6821
2018-10-21 03:15,6803
2018-10-21 03:20,6813
2018-10-21 03:25,6778
2018-10-21 03:30,6763
2018-10-21 03:35,6776
2018-10-21 03:40,6744
2018-10-21 03:45,6633
2018-10-21 03:50,6577
2018-10-21 03:55,6503
2018-10-21 04:00,6465
2018-10-21 04:05,6466
2018-10-21 04:10,6413
2018-10-21 04:15,6378
2018-10-21 04:20,6299
2018-10-21 04:25,6221
2018-10-21 04:30,6144
2018-10-21 04:35,6080
2018-10-21 04:40,6036
2018-10-21 04:45,5982
2018-10-21 04:50,5917
2018-10-21 04:55,5851
2018-10-21 05:00,5731
2018-10-21 05:05,5650
2018-10-21 05:10,5583
2018-10-21 05:15,5502
2018-10-21 05:20,5382
2018-10-21 05:25,5339
2018-10-21 05:30,5260
2018-10-21 05:35,5218
2018-10-21 05:40,5149
2018-10-21 05:45,5086
2018-10-21 05:50,5013
2018-10-21 05:55,4938
2018-10-21 06:00,4876
2018-10-21 06:05,4816
2018-10-21 06:10,4762
2018-10-21 06:15,4697
2018-10-21 06:20,4681
2018-10-21 06:25,4615
2018-10-21 06:30,4578
2018-10-21 06:35,4558
2018-10-21 06:40,4515
2018-10-21 06:45,4501
2018-10-21 06:50,4437
2018-10-21 06:55,4391
2018-10-21 07:00,4343
2018-10-21 07:05,4314
2018-10-21 07:10,4325
2018-10-21 07:15,4321
2018-10-21 07:20,4313
2018-10-21 07:25,4320
2018-10-21 07:30,4338
2018-10-21 07:35,4335
2018-10-21 07:40,4324
2018-10-21 07:45,4336
2018-10-21 07:50,4286
2018-10-21 07:55,4293
2018-10-21 08:00,4342
2018-10-21 08:05,4327
2018-10-21 08:10,4339
2018-10-21 08:15,4334
2018-10-21 08:20,4391
2018-10-21 08:25,4357
2018-10-21 08:30,4392
2018-10-21 08:35,4474
2018-10-21 08:40,4468
2018-10-21 08:45,4517
2018-10-21 08:50,4536
2018-10-21 08:55,4558
2018-10-21 09:00,4594
2018-10-21 09:05,4709
2018-10-21 09:10,4825
2018-10-21 09:15,4965
2018-10-21 09:20,5059
2018-10-21 09:25,5149
2018-10-21 09:30,5242
2018-10-21 09:35,5253
2018-10-21 09:40,5365
2018-10-21 09:45,5410
2018-10-21 09:50,5519
2018-10-21 09:55,5583
2018-10-21 10:00,5593
2018-10-21 10:05,5665
2018-10-21 10:10,5713
2018-10-21 10:15,5782
2018-10-21 10:20,5860
2018-10-21 10:25,5940
2018-10-21 10:30,6023
2018-10-21 10:35,6071
2018-10-21 10:40,6136
2018-10-21 10:45,6135
2018-10-21 10:50,6187
2018-10-21 10:55,6271
2018-10-21 11:00,6283
2018-10-21 11:05,6310
2018-10-21 11:10,6336
2018-10-21 11:15,6341
2018-10-21 11:20,6399
2018-10-21 11:25,6460
2018-10-21 11:30,6446
2018-10-21 11:35,6505
2018-10-21 11:40,6583
2018-10-21 11:45,6630
2018-10-21 11:50,6718
2018-10-21 11:55,6750
2018-10-21 12:00,6802
2018-10-21 12:05,6848
2018-10-21 12:10,6930
2018-10-21 12:15,6993
2018-10-21 12:20,7018
2018-10-21 12:25,7146
2018-10-21 12:30,7181
2018-10-21 12:35,7261
2018-10-21 12:40,7348
2018-10-21 12:45,7453
2018-10-21 12:50,7490
2018-10-21 12:55,7597
2018-10-21 13:00,7688
2018-10-21 13:05,7728
2018-10-21 13:10,7836
2018-10-21 13:15,7899
2018-10-21 13:20,7992
2018-10-21 13:25,8148
2018-10-21 13:30,8172
2018-10-21 13:35,8218
2018-10-21 13:40,8275
2018-10-21 13:45,8410
2018-10-21 13:50,8513
2018-10-21 13:55,8562
2018-10-21 14:00,8583
2018-10-21 14:05,8614
2018-10-21 14:10,8669
2018-10-21 14:15,8761
2018-10-21 14:20,8787
2018-10-21 14:25,8835
2018-10-21 14:30,8900
2018-10-21 14:35,8938
2018-10-21 14:40,9000
2018-10-21 14:45,9110
2018-10-21 14:50,9168
2018-10-21 14:55,9228
2018-10-21 15:00,9259
2018-10-21 15:05,9237
2018-10-21 15:10,9322
2018-10-21 15:15,9431
2018-10-21 15:20,9480
2018-10-21 15:25,9511
2018-10-21 15:30,9582
2018-10-21 15:35,9648
2018-10-21 15:40,9698
2018-10-21 15:45,9749
2018-10-21 15:50,9805
2018-10-21 15:55,9896
2018-10-21 16:00,9901
2018-10-21 16:05,9937
2018-10-21 16:10,9982
2018-10-21 16:15,10067
2018-10-21 16:20,10122
2018-10-21 16:25,10250
2018-10-21 16:30,10206
2018-10-21 16:35,10270
2018-10-21 16:40,10358
2018-10-21 16:45,10412
2018-10-21 16:50,10476
2018-10-21 16:55,10592
2018-10-21 17:00,10588
2018-10-21 17:05,10645
2018-10-21 17:10,10683
2018-10-21 17:15,10720
2018-10-21 17:20,10834
2018-10-21 17:25,10877
2018-10-21 17:30,10975
2018-10-21 17:35,10997
2018-10-21 17:40,11005
2018-10-21 17:45,11022
2018-10-21 17:50,11100
2018-10-21 17:55,11188
2018-10-21 18:00,11244
2018-10-21 18:05,11317
2018-10-21 18:10,11383
2018-10-21 18:15,11395
2018-10-21 18:20,11409
2018-10-21 18:25,11451
2018-10-21 18:30,11472
2018-10-21 18:35,11460
2018-10-21 18:40,11438
2018-10-21 18:45,11505
2018-10-21 18:50,11507
2018-10-21 18:55,11540
2018-10-21 19:00,11584
2018-10-21 19:05,11531
2018-10-21 19:10,11517
2018-10-21 19:15,11486
2018-10-21 19:20,11510
2018-10-21 19:25,11454
2018-10-21 19:30,11392
2018-10-21 19:35,11337
2018-10-21 19:40,11316
2018-10-21 19:45,11247
2018-10-21 19:50,11178
2018-10-21 19:55,11168
2018-10-21 20:00,11136
2018-10-21 20:05,11053
2018-10-21 20:10,11064
2018-10-21 20:15,10964
2018-10-21 20:20,10939
2018-10-21 20:25,10861
2018-10-21 20:30,10737
2018-10-21 20:35,10680
2018-10-21 20:40,10643
2018-10-21 20:45,10612
2018-10-21 20:50,10518
2018-10-21 20:55,10386
2018-10-21 21:00,10285
2018-10-21 21:05,10168
2018-10-21 21:10,10011
2018-10-21 21:15,9874
2018-10-21 21:20,9763
2018-10-21 21:25,9656
2018-10-21 21:30,9566
2018-10-21 21:35,9487
2018-10-21 21:40,9361
2018-10-21 21:45,9212
2018-10-21 21:50,9118
2018-10-21 21:55,9069
2018-10-21 22:00,9010
2018-10-21 22:05,8917
2018-10-21 22:10,8809
2018-10-21 22:15,8712
2018-10-21 22:20,8610
2018-10-21 22:25,8552
2018-10-21 22:30,8489
2018-10-21 22:35,8396
2018-10-21 22:40,8312
2018-10-21 22:45,8273
2018-10-21 22:50,8166
2018-10-21 22:55,8091
2018-10-21 23:00,8064
2018-10-21 23:05,7947
2018-10-21 23:10,7897
2018-10-21 23:15,7836
2018-10-21 23:20,7769
2018-10-21 23:25,7728
2018-10-21 23:30,7680
2018-10-21 23:35,7674
2018-10-21 23:40,7633
2018-10-21 23:45,7625
2018-10-21 23:50,7537
2018-10-21 23:55,7430
2018-10-22 00:00,7397
2018-10-22 00:05,7380
2018-10-22 00:10,7366
2018-10-22 00:15,7355
2018-10-22 00:20,7331
2018-10-22 00:25,7381
2018-10-22 00:30,7338
2018-10-22 00:35,7235
2018-10-22 00:40,7215
2018-10-22 00:45,7182
2018-10-22 00:50,7129
2018-10-22 00:55,7101
2018-10-22 01:00,7067
2018-10-22 01:05,7068
2018-10-22 01:10,7113
2018-10-22 01:15,7106
2018-10-22 01:20,7082
2018-10-22 01:25,7051
2018-10-22 01:30,7069
2018-10-22 01:35,7061
2018-10-22 01:40,7011
2018-10-22 01:45,6986
2018-10-22 01:50,7060
2018-10-22 01:55,6984
2018-10-22 02:00,6865
2018-10-22 02:05,6825
2018-10-22 02:10,6813
2018-10-22 02:15,6749
2018-10-22 02:20,6703
2018-10-22 02:25,6656
2018-10-22 02:30,6628
2018-10-22 02:35,6600
2018-10-22 02:40,6553
2018-10-22 02:45,6414
2018-10-22 02:50,6322
2018-10-22 02:55,6233
2018-10-22 03:00,6153
2018-10-22 03:05,6095
2018-10-22 03:10,6010
2018-10-22 03:15,5898
2018-10-22 03:20,5830
2018-10-22 03:25,5775
2018-10-22 03:30,5640
2018-10-22 03:35,5543
2018-10-22 03:40,5476
2018-10-22 03:45,5394
2018-10-22 03:50,5334
2018-10-22 03:55,5280
2018-10-22 04:00,5179
2018-10-22 04:05,5087
2018-10-22 04:10,4960
2018-10-22 04:15,4812
2018-10-22 04:20,4777
2018-10-22 04:25,4694
2018-10-22 04:30,4562
2018-10-22 04:35,4454
2018-10-22 04:40,4406
2018-10-22 04:45,4296
2018-10-22 04:50,4230
2018-10-22 04:55,4156
2018-10-22 05:00,4072
2018-10-22 05:05,3965
2018-10-22 05:10,3908
2018-10-22 05:15,3862
2018-10-22 05:20,3832
2018-10-22 05:25,3791
2018-10-22 05:30,3711
2018-10-22 05:35,3649
2018-10-22 05:40,3598
2018-10-22 05:45,3514
2018-10-22 05:50,3456
2018-10-22 05:55,3428
2018-10-22 06:00,3331
2018-10-22 06:05,3306
2018-10-22 06:10,3256
2018-10-22 06:15,3190
2018-10-22 06:20,3132
2018-10-22 06:25,3081
2018-10-22 06:30,3052
2018-10-22 06:35,3037
2018-10-22 06:40,2981
2018-10-22 06:45,2972
2018-10-22 06:50,2925
2018-10-22 06:55,2912
2018-10-22 07:00,2905
2018-10-22 07:05,2872
2018-10-22 07:10,2862
2018-10-22 07:15,2809
2018-10-22 07:20,2772
2018-10-22 07:25,2773
2018-10-22 07:30,2760
2018-10-22 07:35,2762
2018-10-22 07:40,2728
2018-10-22 07:45,2739
2018-10-22 07:50,2703
2018-10-22 07:55,2707
2018-10-22 08:00,2699
2018-10-22 08:05,2744
2018-10-22 08:10,2752
2018-10-22 08:15,2718
2018-10-22 08:20,2718
2018-10-22 08:25,2716
2018-10-22 08:30,2722
2018-10-22 08:35,2729
2018-10-22 08:40,2764
2018-10-22 08:45,2766
2018-10-22 08:50,2750
2018-10-22 08:55,2729
2018-10-22 09:00,2786
2018-10-22 09:05,2849
2018-10-22 09:10,2907
2018-10-22 09:15,2970
2018-10-22 09:20,3039
2018-10-22 09:25,3115
2018-10-22 09:30,3179
2018-10-22 09:35,3233
2018-10-22 09:40,3266
2018-10-22 09:45,3329
2018-10-22 09:50,3419
2018-10-22 09:55,3448
2018-10-22 10:00,3524
2018-10-22 10:05,3544
2018-10-22 10:10,3602
2018-10-22 10:15,3683
2018-10-22 10:20,3723
2018-10-22 10:25,3786
2018-10-22 10:30,3868
2018-10-22 10:35,3877
2018-10-22 10:40,3847
2018-10-22 10:45,3888
2018-10-22 10:50,3945
2018-10-22 10:55,3958
2018-10-22 11:00,4013
2018-10-22 11:05,4063
2018-10-22 11:10,4111
2018-10-22 11:15,4167
2018-10-22 11:20,4232
2018-10-22 11:25,4265
2018-10-22 11:30,4325
2018-10-22 11:35,4384
2018-10-22 11:40,4459
2018-10-22 11:45,4515
2018-10-22 11:50,4527
2018-10-22 11:55,4599
2018-10-22 12:00,4646
2018-10-22 12:05,4723
2018-10-22 12:10,4760
2018-10-22 12:15,4846
2018-10-22 12:20,4958
2018-10-22 12:25,5040
2018-10-22 12:30,5105
2018-10-22 12:35,5038
2018-10-22 12:40,5079
2018-10-22 12:45,5126
2018-10-22 12:50,5198
2018-10-22 12:55,5285
2018-10-22 13:00,5318
2018-10-22 13:05,5325
2018-10-22 13:10,5353
2018-10-22 13:15,5408
2018-10-22 13:20,5369
2018-10-22 13:25,5365
2018-10-22 13:30,5337
2018-10-22 13:35,4141
2018-10-22 13:40,3255
2018-10-22 13:45,2495
2018-10-22 13:50,1782
2018-10-22 13:55,1437
2018-10-22 14:00,1230
2018-10-22 14:05,1222
2018-10-22 14:10,1220
2018-10-22 14:15,1254
2018-10-22 14:20,1271
2018-10-22 14:25,1708
2018-10-22 14:30,2577
2018-10-22 14:35,3232
2018-10-22 14:40,3817
2018-10-22 14:45,4337
2018-10-22 14:50,4795
2018-10-22 14:55,5206
2018-10-22 15:00,5598
2018-10-22 15:05,5976
2018-10-22 15:10,6330
2018-10-22 15:15,6666
2018-10-22 15:20,6926
2018-10-22 15:25,7192
2018-10-22 15:30,7448
2018-10-22 15:35,7664
2018-10-22 15:40,7829
2018-10-22 15:45,8001
2018-10-22 15:50,8152
2018-10-22 15:55,8296
2018-10-22 16:00,8430
2018-10-22 16:05,8572
2018-10-22 16:10,8668
2018-10-22 16:15,8749
2018-10-22 16:20,8822
2018-10-22 16:25,8900
2018-10-22 16:30,9021
2018-10-22 16:35,9175
2018-10-22 16:40,9237
2018-10-22 16:45,9314
2018-10-22 16:50,9353
2018-10-22 16:55,9446
2018-10-22 17:00,9547
2018-10-22 17:05,9588
2018-10-22 17:10,9662
2018-10-22 17:15,9716
2018-10-22 17:20,9792
2018-10-22 17:25,9904
2018-10-22 17:30,10010
2018-10-22 17:35,10029
2018-10-22 17:40,10138
2018-10-22 17:45,10261
2018-10-22 17:50,10232
2018-10-22 17:55,10276
2018-10-22 18:00,10359
2018-10-22 18:05,10409
2018-10-22 18:10,10475
2018-10-22 18:15,10493
2018-10-22 18:20,10511
2018-10-22 18:25,10581
2018-10-22 18:30,10620
2018-10-22 18:35,10704
2018-10-22 18:40,10780
2018-10-22 18:45,10845
2018-10-22 18:50,10853
2018-10-22 18:55,10864
2018-10-22 19:00,10881
2018-10-22 19:05,10804
2018-10-22 19:10,10828
2018-10-22 19:15,10784
2018-10-22 19:20,10852
2018-10-22 19:25,10856
2018-10-22 19:30,10856
2018-10-22 19:35,10775
2018-10-22 19:40,10752
2018-10-22 19:45,10708
2018-10-22 19:50,10656
2018-10-22 19:55,10691
2018-10-22 20:00,10598
2018-10-22 20:05,10476
2018-10-22 20:10,10410
2018-10-22 20:15,10313
2018-10-22 20:20,10185
2018-10-22 20:25,10130
2018-10-22 20:30,10105
2018-10-22 20:35,10035
2018-10-22 20:40,9948
2018-10-22 20:45,9819
2018-10-22 20:50,9724
2018-10-22 20:55,9685
2018-10-22 21:00,9588
2018-10-22 21:05,9433
2018-10-22 21:10,9319
2018-10-22 21:15,9243
2018-10-22 21:20,9162
2018-10-22 21:25,9108
2018-10-22 21:30,9052
2018-10-22 21:35,9048
2018-10-22 21:40,8910
2018-10-22 21:45,8918
2018-10-22 21:50,8806
2018-10-22 21:55,8693
2018-10-22 22:00,8611
2018-10-22 22:05,8562
2018-10-22 22:10,8484
2018-10-22 22:15,8343
2018-10-22 22:20,8249
2018-10-22 22:25,8200
2018-10-22 22:30,8172
2018-10-22 22:35,8121
2018-10-22 22:40,8059
2018-10-22 22:45,7989
2018-10-22 22:50,7875
2018-10-22 22:55,7795
2018-10-22 23:00,7794
2018-10-22 23:05,7732
2018-10-22 23:10,7694
2018-10-22 23:15,7666
2018-10-22 23:20,7704
2018-10-22 23:25,7728
2018-10-22 23:30,7663
2018-10-22 23:35,7652
2018-10-22 23:40,7655
2018-10-22 23:45,7670
2018-10-22 23:50,7702
2018-10-22 23:55,7682
2018-10-23 00:00,7652
2018-10-23 00:05,7685
2018-10-23 00:10,7641
2018-10-23 00:15,7665
2018-10-23 00:20,7672
2018-10-23 00:25,7602
2018-10-23 00:30,7596
2018-10-23 00:35,7621
2018-10-23 00:40,7570
2018-10-23 00:45,7625
2018-10-23 00:50,7651
2018-10-23 00:55,7643
2018-10-23 01:00,7641
2018-10-23 01:05,7624
2018-10-23 01:10,7578
2018-10-23 01:15,7548
2018-10-23 01:20,7494
2018-10-23 01:25,7453
2018-10-23 01:30,7418
2018-10-23 01:35,7368
2018-10-23 01:40,7327
2018-10-23 01:45,7324
2018-10-23 01:50,7304
2018-10-23 01:55,7213
2018-10-23 02:00,7213
2018-10-23 02:05,7216
2018-10-23 02:10,7177
2018-10-23 02:15,7113
2018-10-23 02:20,7054
2018-10-23 02:25,7001
2018-10-23 02:30,6967
2018-10-23 02:35,6866
2018-10-23 02:40,6802
2018-10-23 02:45,6745
2018-10-23 02:50,6673
2018-10-23 02:55,6566
2018-10-23 03:00,6488
2018-10-23 03:05,6417
2018-10-23 03:10,6372
2018-10-23 03:15,6254
2018-10-23 03:20,6143
2018-10-23 03:25,6005
2018-10-23 03:30,5934
2018-10-23 03:35,5839
2018-10-23 03:40,5737
2018-10-23 03:45,5634
2018-10-23 03:50,5563
2018-10-23 03:55,5495
2018-10-23 04:00,5425
2018-10-23 04:05,5313
2018-10-23 04:10,5208
2018-10-23 04:15,5100
2018-10-23 04:20,4955
2018-10-23 04:25,4861
2018-10-23 04:30,4811
2018-10-23 04:35,4753
2018-10-23 04:40,4674
2018-10-23 04:45,4578
2018-10-23 04:50,4503
2018-10-23 04:55,4452
2018-10-23 05:00,4365
2018-10-23 05:05,4304
2018-10-23 05:10,4260
2018-10-23 05:15,4156
2018-10-23 05:20,4068
2018-10-23 05:25,4019
2018-10-23 05:30,3942
2018-10-23 05:35,3899
2018-10-23 05:40,3820
2018-10-23 05:45,3730
2018-10-23 05:50,3625
2018-10-23 05:55,3611
2018-10-23 06:00,3580
2018-10-23 06:05,3490
2018-10-23 06:10,3405
2018-10-23 06:15,3384
2018-10-23 06:20,3329
2018-10-23 06:25,3260
2018-10-23 06:30,3213
2018-10-23 06:35,3190
2018-10-23 06:40,3149
2018-10-23 06:45,3101
2018-10-23 06:50,3090
2018-10-23 06:55,3061
2018-10-23 07:00,3018
2018-10-23 07:05,2961
2018-10-23 07:10,2927
2018-10-23 07:15,2874
2018-10-23 07:20,2862
2018-10-23 07:25,2864
2018-10-23 07:30,2849
2018-10-23 07:35,2849
2018-10-23 07:40,2838
2018-10-23 07:45,2841
2018-10-23 07:50,2827
2018-10-23 07:55,2823
2018-10-23 08:00,2820
2018-10-23 08:05,2789
2018-10-23 08:10,2800
2018-10-23 08:15,2803
2018-10-23 08:20,2802
2018-10-23 08:25,2839
2018-10-23 08:30,2823
2018-10-23 08:35,2816
2018-10-23 08:40,2822
2018-10-23 08:45,2858
2018-10-23 08:50,2847
2018-10-23 08:55,2818
2018-10-23 09:00,2830
2018-10-23 09:05,2919
2018-10-23 09:10,2994
2018-10-23 09:15,3049
2018-10-23 09:20,3114
2018-10-23 09:25,3195
2018-10-23 09:30,3265
2018-10-23 09:35,3272
2018-10-23 09:40,3311
2018-10-23 09:45,3358
2018-10-23 09:50,3386
2018-10-23 09:55,3467
2018-10-23 10:00,3485
2018-10-23 10:05,3539
2018-10-23 10:10,3599
2018-10-23 10:15,3634
2018-10-23 10:20,3656
2018-10-23 10:25,3726
2018-10-23 10:30,3760
2018-10-23 10:35,3809
2018-10-23 10:40,3862
2018-10-23 10:45,3879
2018-10-23 10:50,3879
2018-10-23 10:55,3953
2018-10-23 11:00,4018
2018-10-23 11:05,4110
2018-10-23 11:10,4184
2018-10-23 11:15,4225
2018-10-23 11:20,4262
2018-10-23 11:25,4309
2018-10-23 11:30,4339
2018-10-23 11:35,4412
2018-10-23 11:40,4455
2018-10-23 11:45,4511
2018-10-23 11:50,4559
2018-10-23 11:55,4634
2018-10-23 12:00,4684
2018-10-23 12:05,4400
2018-10-23 12:10,4438
2018-10-23 12:15,4464
2018-10-23 12:20,4558
2018-10-23 12:25,4679
2018-10-23 12:30,4792
2018-10-23 12:35,4883
2018-10-23 12:40,4977
2018-10-23 12:45,5125
2018-10-23 12:50,5223
2018-10-23 12:55,5223
2018-10-23 13:00,5402
2018-10-23 13:05,5489
2018-10-23 13:10,5542
2018-10-23 13:15,5647
2018-10-23 13:20,5764
2018-10-23 13:25,5866
2018-10-23 13:30,5915
2018-10-23 13:35,6048
2018-10-23 13:40,6149
2018-10-23 13:45,6207
2018-10-23 13:50,6273
2018-10-23 13:55,6273
2018-10-23 14:00,6354
2018-10-23 14:05,6430
2018-10-23 14:10,6501
2018-10-23 14:15,6614
2018-10-23 14:20,6676
2018-10-23 14:25,6676
2018-10-23 14:30,6816
2018-10-23 14:35,6816
2018-10-23 14:40,6904
2018-10-23 14:45,6975
2018-10-23 14:50,6969
2018-10-23 14:55,6969
2018-10-23 15:00,7110
2018-10-23 15:05,7124
2018-10-23 15:10,7208
2018-10-23 15:15,7314
2018-10-23 15:20,7331
2018-10-23 15:25,7331
2018-10-23 15:30,7536
2018-10-23 15:35,7617
2018-10-23 15:40,7617
2018-10-23 15:45,7667
2018-10-23 15:50,7805
2018-10-23 15:55,7907
2018-10-23 16:00,8036
2018-10-23 16:05,8111
2018-10-23 16:10,8111
2018-10-23 16:15,8242
2018-10-23 16:20,8365
2018-10-23 16:25,8365
2018-10-23 16:30,8547
2018-10-23 16:35,8643
2018-10-23 16:40,8643
2018-10-23 16:45,8783
2018-10-23 16:50,8783
2018-10-23 16:55,8757
2018-10-23 17:00,8914
2018-10-23 17:05,9045
2018-10-23 17:10,9045
2018-10-23 17:15,9205
2018-10-23 17:20,9296
2018-10-23 17:25,9296
2018-10-23 17:30,9436
2018-10-23 17:35,9436
2018-10-23 17:40,9518
2018-10-23 17:45,9605
2018-10-23 17:50,9663
2018-10-23 17:55,9643
2018-10-23 18:00,9746
2018-10-23 18:05,9746
2018-10-23 18:10,9786
2018-10-23 18:15,9826
2018-10-23 18:20,9891
2018-10-23 18:25,9942
2018-10-23 18:30,9997
2018-10-23 18:35,9997
2018-10-23 18:40,10049
2018-10-23 18:45,10079
2018-10-23 18:50,10131
2018-10-23 18:55,10076
2018-10-23 19:00,9977
2018-10-23 19:05,9977
2018-10-23 19:10,9939
2018-10-23 19:15,9969
2018-10-23 19:20,10027
2018-10-23 19:25,10046
2018-10-23 19:30,9968
2018-10-23 19:35,9968
2018-10-23 19:40,9979
2018-10-23 19:45,9957
2018-10-23 19:50,9907
2018-10-23 19:55,9915
2018-10-23 20:00,9846
2018-10-23 20:05,9846
2018-10-23 20:10,9815
2018-10-23 20:15,9761
2018-10-23 20:20,9701
2018-10-23 20:25,9651
2018-10-23 20:30,9658
2018-10-23 20:35,9560
2018-10-23 20:40,9499
2018-10-23 20:45,9438
2018-10-23 20:50,9337
2018-10-23 20:55,9250
2018-10-23 21:00,9151
2018-10-23 21:05,9058
2018-10-23 21:10,9058
2018-10-23 21:15,9039
2018-10-23 21:20,8908
2018-10-23 21:25,8852
2018-10-23 21:30,8803
2018-10-23 21:35,8745
2018-10-23 21:40,8623
2018-10-23 21:45,8503
2018-10-23 21:50,8454
2018-10-23 21:55,8450
2018-10-23 22:00,8301
2018-10-23 22:05,8301
2018-10-23 22:10,8207
2018-10-23 22:15,8164
2018-10-23 22:20,8084
2018-10-23 22:25,8011
2018-10-23 22:30,7975
2018-10-23 22:35,7884
2018-10-23 22:40,7823
2018-10-23 22:45,7769
2018-10-23 22:50,7714
2018-10-23 22:55,7633
2018-10-23 23:00,
2018-10-23 23:05,
2018-10-23 23:10,
2018-10-23 23:15,7353
2018-10-23 23:20,7373
2018-10-23 23:25,
2018-10-23 23:30,
2018-10-23 23:35,7404
2018-10-23 23:40,
2018-10-23 23:45,
2018-10-23 23:50,
2018-10-23 23:55,7326
2018-10-24 00:00,7345
2018-10-24 00:05,
2018-10-24 00:10,
2018-10-24 00:15,
2018-10-24 00:20,
2018-10-24 00:25,7240
2018-10-24 00:30,7284
2018-10-24 00:35,7261
2018-10-24 00:40,7298
2018-10-24 00:45,7305
2018-10-24 00:50,7354
2018-10-24 00:55,7331
2018-10-24 01:00,7358
2018-10-24 01:05,7338
2018-10-24 01:10,7351
2018-10-24 01:15,7379
2018-10-24 01:20,7432
2018-10-24 01:25,7414
2018-10-24 01:30,7413
2018-10-24 01:35,7409
2018-10-24 01:40,7391
2018-10-24 01:45,7381
2018-10-24 01:50,7330
2018-10-24 01:55,7281
2018-10-24 02:00,7178
2018-10-24 02:05,7054
2018-10-24 02:10,7026
2018-10-24 02:15,6945
2018-10-24 02:20,6917
2018-10-24 02:25,6905
2018-10-24 02:30,6804
2018-10-24 02:35,6761
2018-10-24 02:40,6710
2018-10-24 02:45,6615
2018-10-24 02:50,6608
2018-10-24 02:55,6545
2018-10-24 03:00,6489
2018-10-24 03:05,6377
2018-10-24 03:10,6300
2018-10-24 03:15,6181
2018-10-24 03:20,6123
2018-10-24 03:25,6069
2018-10-24 03:30,5994
2018-10-24 03:35,5926
2018-10-24 03:40,5838
2018-10-24 03:45,5777
2018-10-24 03:50,5735
2018-10-24 03:55,5670
2018-10-24 04:00,5544
2018-10-24 04:05,5485
2018-10-24 04:10,5407
2018-10-24 04:15,5281
2018-10-24 04:20,5193
2018-10-24 04:25,5119
2018-10-24 04:30,4972
2018-10-24 04:35,4875
2018-10-24 04:40,4771
2018-10-24 04:45,4649
2018-10-24 04:50,4549
2018-10-24 04:55,4463
2018-10-24 05:00,4373
2018-10-24 05:05,4287
2018-10-24 05:10,4192
2018-10-24 05:15,4124
2018-10-24 05:20,3993
2018-10-24 05:25,3928
2018-10-24 05:30,3841
2018-10-24 05:35,3818
2018-10-24 05:40,3756
2018-10-24 05:45,3758
2018-10-24 05:50,3694
2018-10-24 05:55,3587
2018-10-24 06:00,3531
2018-10-24 06:05,3448
2018-10-24 06:10,3430
2018-10-24 06:15,3365
2018-10-24 06:20,3297
2018-10-24 06:25,3234
2018-10-24 06:30,3158
2018-10-24 06:35,3110
2018-10-24 06:40,3072
2018-10-24 06:45,3038
2018-10-24 06:50,3002
2018-10-24 06:55,2975
2018-10-24 07:00,2929
2018-10-24 07:05,2879
2018-10-24 07:10,2824
2018-10-24 07:15,2788
2018-10-24 07:20,2760
2018-10-24 07:25,2745
2018-10-24 07:30,2733
2018-10-24 07:35,2713
2018-10-24 07:40,2701
2018-10-24 07:45,2703
2018-10-24 07:50,2681
2018-10-24 07:55,2673
2018-10-24 08:00,2678
2018-10-24 08:05,2663
2018-10-24 08:10,2712
2018-10-24 08:15,2667
2018-10-24 08:20,2661
2018-10-24 08:25,2657
2018-10-24 08:30,2649
2018-10-24 08:35,2616
2018-10-24 08:40,2626
2018-10-24 08:45,2637
2018-10-24 08:50,2620
2018-10-24 08:55,2636
2018-10-24 09:00,2651
2018-10-24 09:05,2694
2018-10-24 09:10,2763
2018-10-24 09:15,2837
2018-10-24 09:20,2931
2018-10-24 09:25,2957
2018-10-24 09:30,3007
2018-10-24 09:35,3065
2018-10-24 09:40,3144
2018-10-24 09:45,3234
2018-10-24 09:50,3261
2018-10-24 09:55,3296
2018-10-24 10:00,3356
2018-10-24 10:05,3420
2018-10-24 10:10,3462
2018-10-24 10:15,3509
2018-10-24 10:20,3531
2018-10-24 10:25,3541
2018-10-24 10:30,3580
2018-10-24 10:35,3595
2018-10-24 10:40,3654
2018-10-24 10:45,3683
2018-10-24 10:50,3713
2018-10-24 10:55,3708
2018-10-24 11:00,3765
2018-10-24 11:05,3749
2018-10-24 11:10,3775
2018-10-24 11:15,3809
2018-10-24 11:20,3888
2018-10-24 11:25,3981
2018-10-24 11:30,4008
2018-10-24 11:35,4034
2018-10-24 11:40,4096
2018-10-24 11:45,4149
2018-10-24 11:50,4208
2018-10-24 11:55,4264
2018-10-24 12:00,4346
2018-10-24 12:05,4392
2018-10-24 12:10,4416
2018-10-24 12:15,4453
2018-10-24 12:20,4513
2018-10-24 12:25,4616
2018-10-24 12:30,4682
2018-10-24 12:35,4780
2018-10-24 12:40,4795
2018-10-24 12:45,4894
2018-10-24 12:50,4983
2018-10-24 12:55,5047
2018-10-24 13:00,5118
2018-10-24 13:05,5226
2018-10-24 13:10,5312
2018-10-24 13:15,5375
2018-10-24 13:20,5472
2018-10-24 13:25,5584
2018-10-24 13:30,5646
2018-10-24 13:35,5744
2018-10-24 13:40,5837
2018-10-24 13:45,5916
2018-10-24 13:50,5979
2018-10-24 13:55,6044
2018-10-24 14:00,6100
2018-10-24 14:05,6167
2018-10-24 14:10,6246
2018-10-24 14:15,6333
2018-10-24 14:20,6367
2018-10-24 14:25,6448
2018-10-24 14:30,6516
2018-10-24 14:35,6550
2018-10-24 14:40,6648
2018-10-24 14:45,6763
2018-10-24 14:50,6826
2018-10-24 14:55,6941
2018-10-24 15:00,7037
2018-10-24 15:05,7096
2018-10-24 15:10,7158
2018-10-24 15:15,7257
2018-10-24 15:20,7318
2018-10-24 15:25,7369
2018-10-24 15:30,7450
2018-10-24 15:35,7503
2018-10-24 15:40,7568
2018-10-24 15:45,7565
2018-10-24 15:50,7614
2018-10-24 15:55,7722
2018-10-24 16:00,7747
2018-10-24 16:05,7811
2018-10-24 16:10,7895
2018-10-24 16:15,7931
2018-10-24 16:20,7999
2018-10-24 16:25,8048
2018-10-24 16:30,8130
2018-10-24 16:35,8230
2018-10-24 16:40,8313
2018-10-24 16:45,8399
2018-10-24 16:50,8469
2018-10-24 16:55,8581
2018-10-24 17:00,8631
2018-10-24 17:05,8725
2018-10-24 17:10,8821
2018-10-24 17:15,8895
2018-10-24 17:20,8929
2018-10-24 17:25,9010
2018-10-24 17:30,9128
2018-10-24 17:35,9147
2018-10-24 17:40,9247
2018-10-24 17:45,9311
2018-10-24 17:50,9389
2018-10-24 17:55,9467
2018-10-24 18:00,9514
2018-10-24 18:05,9574
2018-10-24 18:10,9658
2018-10-24 18:15,9692
2018-10-24 18:20,9738
2018-10-24 18:25,9772
2018-10-24 18:30,9842
2018-10-24 18:35,9916
2018-10-24 18:40,9934
2018-10-24 18:45,10005
2018-10-24 18:50,10109
2018-10-24 18:55,10061
2018-10-24 19:00,10005
2018-10-24 19:05,10014
2018-10-24 19:10,10034
2018-10-24 19:15,9997
2018-10-24 19:20,10086
2018-10-24 19:25,10082
2018-10-24 19:30,10104
2018-10-24 19:35,10072
2018-10-24 19:40,10018
2018-10-24 19:45,9967
2018-10-24 19:50,9874
2018-10-24 19:55,9801
2018-10-24 20:00,9770
2018-10-24 20:05,9715
2018-10-24 20:10,9632
2018-10-24 20:15,9547
2018-10-24 20:20,9439
2018-10-24 20:25,9399
2018-10-24 20:30,9346
2018-10-24 20:35,9260
2018-10-24 20:40,9161
2018-10-24 20:45,9091
2018-10-24 20:50,9016
2018-10-24 20:55,8979
2018-10-24 21:00,8914
2018-10-24 21:05,8825
2018-10-24 21:10,8803
2018-10-24 21:15,8717
2018-10-24 21:20,8674
2018-10-24 21:25,8596
2018-10-24 21:30,8498
2018-10-24 21:35,8445
2018-10-24 21:40,8437
2018-10-24 21:45,8373
2018-10-24 21:50,8284
2018-10-24 21:55,8230
2018-10-24 22:00,8122
2018-10-24 22:05,8018
2018-10-24 22:10,7929
2018-10-24 22:15,7878
2018-10-24 22:20,7875
2018-10-24 22:25,7804
2018-10-24 22:30,7718
2018-10-24 22:35,7631
2018-10-24 22:40,7583
2018-10-24 22:45,7487
2018-10-24 22:50,7485
2018-10-24 22:55,7423
2018-10-24 23:00,7414
2018-10-24 23:05,7362
2018-10-24 23:10,7344
2018-10-24 23:15,7329
2018-10-24 23:20,7280
2018-10-24 23:25,7260
2018-10-24 23:30,7322
2018-10-24 23:35,7317
2018-10-24 23:40,7289
2018-10-24 23:45,7310
2018-10-24 23:50,7285
2018-10-24 23:55,7246
2018-10-25 00:00,7233
2018-10-25 00:05,7136
2018-10-25 00:10,7181
2018-10-25 00:15,7152
2018-10-25 00:20,7105
2018-10-25 00:25,7054
2018-10-25 00:30,7078
2018-10-25 00:35,7092
2018-10-25 00:40,7105
2018-10-25 00:45,7074
2018-10-25 00:50,7066
2018-10-25 00:55,7075
2018-10-25 01:00,7075
2018-10-25 01:05,7073
2018-10-25 01:10,7063
2018-10-25 01:15,7030
2018-10-25 01:20,7050
2018-10-25 01:25,7018
2018-10-25 01:30,7019
2018-10-25 01:35,7039
2018-10-25 01:40,7008
2018-10-25 01:45,7000
2018-10-25 01:50,6957
2018-10-25 01:55,6971
2018-10-25 02:00,6983
2018-10-25 02:05,7004
2018-10-25 02:10,6902
2018-10-25 02:15,6824
2018-10-25 02:20,6810
2018-10-25 02:25,6770
2018-10-25 02:30,6704
2018-10-25 02:35,6609
2018-10-25 02:40,6573
2018-10-25 02:45,6518
2018-10-25 02:50,6503
2018-10-25 02:55,6435
2018-10-25 03:00,6336
2018-10-25 03:05,6260
2018-10-25 03:10,6175
2018-10-25 03:15,6095
2018-10-25 03:20,5994
2018-10-25 03:25,5915
2018-10-25 03:30,5822
2018-10-25 03:35,5794
2018-10-25 03:40,5736
2018-10-25 03:45,5630
2018-10-25 03:50,5492
2018-10-25 03:55,5440
2018-10-25 04:00,5376
2018-10-25 04:05,5347
2018-10-25 04:10,5249
2018-10-25 04:15,5154
2018-10-25 04:20,5072
2018-10-25 04:25,4991
2018-10-25 04:30,4907
2018-10-25 04:35,4834
2018-10-25 04:40,4710
2018-10-25 04:45,4626
2018-10-25 04:50,4539
2018-10-25 04:55,4435
2018-10-25 05:00,4347
2018-10-25 05:05,4274
2018-10-25 05:10,4219
2018-10-25 05:15,4134
2018-10-25 05:20,4067
2018-10-25 05:25,3991
2018-10-25 05:30,3920
2018-10-25 05:35,3868
2018-10-25 05:40,3786
2018-10-25 05:45,3697
2018-10-25 05:50,3620
2018-10-25 05:55,3544
2018-10-25 06:00,3511
2018-10-25 06:05,3438
2018-10-25 06:10,3411
2018-10-25 06:15,3359
2018-10-25 06:20,3301
2018-10-25 06:25,3270
2018-10-25 06:30,3187
2018-10-25 06:35,3169
2018-10-25 06:40,3152
2018-10-25 06:45,3121
2018-10-25 06:50,3057
2018-10-25 06:55,3014
2018-10-25 07:00,2973
2018-10-25 07:05,2950
2018-10-25 07:10,2950
2018-10-25 07:15,2906
2018-10-25 07:20,2878
2018-10-25 07:25,2865
2018-10-25 07:30,2802
2018-10-25 07:35,2775
2018-10-25 07:40,2756
2018-10-25 07:45,2728
2018-10-25 07:50,2707
2018-10-25 07:55,2704
2018-10-25 08:00,2709
2018-10-25 08:05,2690
2018-10-25 08:10,2683
2018-10-25 08:15,2710
2018-10-25 08:20,2697
2018-10-25 08:25,2709
2018-10-25 08:30,2681
2018-10-25 08:35,2699
2018-10-25 08:40,2689
2018-10-25 08:45,2682
2018-10-25 08:50,2680
2018-10-25 08:55,2660
2018-10-25 09:00,2641
2018-10-25 09:05,2679
2018-10-25 09:10,2795
2018-10-25 09:15,2816
2018-10-25 09:20,2863
2018-10-25 09:25,2927
2018-10-25 09:30,2994
2018-10-25 09:35,3076
2018-10-25 09:40,3136
2018-10-25 09:45,3149
2018-10-25 09:50,3193
2018-10-25 09:55,3238
2018-10-25 10:00,3325
2018-10-25 10:05,3350
2018-10-25 10:10,3381
2018-10-25 10:15,3402
2018-10-25 10:20,3442
2018-10-25 10:25,3497
2018-10-25 10:30,3548
2018-10-25 10:35,3551
2018-10-25 10:40,3590
2018-10-25 10:45,3623
2018-10-25 10:50,3685
2018-10-25 10:55,3755
2018-10-25 11:00,3815
2018-10-25 11:05,3857
2018-10-25 11:10,3910
2018-10-25 11:15,3933
2018-10-25 11:20,3999
2018-10-25 11:25,4042
2018-10-25 11:30,4082
2018-10-25 11:35,4151
2018-10-25 11:40,4260
2018-10-25 11:45,4313
2018-10-25 11:50,4340
2018-10-25 11:55,4417
2018-10-25 12:00,4463
2018-10-25 12:05,4492
2018-10-25 12:10,4548
2018-10-25 12:15,4627
2018-10-25 12:20,4653
2018-10-25 12:25,4698
2018-10-25 12:30,4730
2018-10-25 12:35,4762
2018-10-25 12:40,4822
2018-10-25 12:45,4823
2018-10-25 12:50,4918
2018-10-25 12:55,4968
2018-10-25 13:00,5027
2018-10-25 13:05,5142
2018-10-25 13:10,5225
2018-10-25 13:15,5270
2018-10-25 13:20,5380
2018-10-25 13:25,5441
2018-10-25 13:30,5538
2018-10-25 13:35,5647
2018-10-25 13:40,5732
2018-10-25 13:45,5787
2018-10-25 13:50,5862
2018-10-25 13:55,5891
2018-10-25 14:00,5981
2018-10-25 14:05,6082
2018-10-25 14:10,6173
2018-10-25 14:15,6248
2018-10-25 14:20,6324
2018-10-25 14:25,6384
2018-10-25 14:30,6460
2018-10-25 14:35,6580
2018-10-25 14:40,6637
2018-10-25 14:45,6694
2018-10-25 14:50,6760
2018-10-25 14:55,6838
2018-10-25 15:00,6861
2018-10-25 15:05,6839
2018-10-25 15:10,6963
2018-10-25 15:15,7007
2018-10-25 15:20,7033
2018-10-25 15:25,7101
2018-10-25 15:30,7164
2018-10-25 15:35,7132
2018-10-25 15:40,7218
2018-10-25 15:45,7263
2018-10-25 15:50,7312
2018-10-25 15:55,7367
2018-10-25 16:00,7343
2018-10-25 16:05,7436
2018-10-25 16:10,7507
2018-10-25 16:15,7574
2018-10-25 16:20,7660
2018-10-25 16:25,7740
2018-10-25 16:30,7813
2018-10-25 16:35,8010
2018-10-25 16:40,8060
2018-10-25 16:45,8189
2018-10-25 16:50,8251
2018-10-25 16:55,8328
2018-10-25 17:00,8372
2018-10-25 17:05,8466
2018-10-25 17:10,8540
2018-10-25 17:15,8610
2018-10-25 17:20,8661
2018-10-25 17:25,8654
2018-10-25 17:30,8710
2018-10-25 17:35,8771
2018-10-25 17:40,8889
2018-10-25 17:45,9032
2018-10-25 17:50,9098
2018-10-25 17:55,9186
2018-10-25 18:00,9302
2018-10-25 18:05,9389
2018-10-25 18:10,9446
2018-10-25 18:15,9509
2018-10-25 18:20,9564
2018-10-25 18:25,9646
2018-10-25 18:30,9710
2018-10-25 18:35,9762
2018-10-25 18:40,9758
2018-10-25 18:45,9789
2018-10-25 18:50,9823
2018-10-25 18:55,9796
2018-10-25 19:00,9863
2018-10-25 19:05,9894
2018-10-25 19:10,9867
2018-10-25 19:15,9868
2018-10-25 19:20,9853
2018-10-25 19:25,9823
2018-10-25 19:30,9769
2018-10-25 19:35,9761
2018-10-25 19:40,9753
2018-10-25 19:45,9760
2018-10-25 19:50,9735
2018-10-25 19:55,9670
2018-10-25 20:00,9696
2018-10-25 20:05,9658
2018-10-25 20:10,9611
2018-10-25 20:15,9556
2018-10-25 20:20,9553
2018-10-25 20:25,9498
2018-10-25 20:30,9411
2018-10-25 20:35,9325
2018-10-25 20:40,9291
2018-10-25 20:45,9266
2018-10-25 20:50,9162
2018-10-25 20:55,9095
2018-10-25 21:00,9041
2018-10-25 21:05,9000
2018-10-25 21:10,8883
2018-10-25 21:15,8828
2018-10-25 21:20,8790
2018-10-25 21:25,8721
2018-10-25 21:30,8650
2018-10-25 21:35,8514
2018-10-25 21:40,8436
2018-10-25 21:45,8319
2018-10-25 21:50,8306
2018-10-25 21:55,8274
2018-10-25 22:00,8126
2018-10-25 22:05,8010
2018-10-25 22:10,7948
2018-10-25 22:15,7846
2018-10-25 22:20,7777
2018-10-25 22:25,7712
2018-10-25 22:30,7643
2018-10-25 22:35,7610
2018-10-25 22:40,7566
2018-10-25 22:45,7534
2018-10-25 22:50,7477
2018-10-25 22:55,7431
2018-10-25 23:00,7394
2018-10-25 23:05,7380
2018-10-25 23:10,7362
2018-10-25 23:15,7287
2018-10-25 23:20,7240
2018-10-25 23:25,7234
2018-10-25 23:30,7167
2018-10-25 23:35,7122
2018-10-25 23:40,7134
2018-10-25 23:45,7136
2018-10-25 23:50,7128
2018-10-25 23:55,7099
2018-10-26 00:00,7089
2018-10-26 00:05,7068
2018-10-26 00:10,7128
2018-10-26 00:15,7086
2018-10-26 00:20,7074
2018-10-26 00:25,7116
2018-10-26 00:30,7133
2018-10-26 00:35,7127
2018-10-26 00:40,7129
2018-10-26 00:45,7085
2018-10-26 00:50,7106
2018-10-26 00:55,7034
2018-10-26 01:00,7001
2018-10-26 01:05,6975
2018-10-26 01:10,7002
2018-10-26 01:15,7029
2018-10-26 01:20,7008
2018-10-26 01:25,6991
2018-10-26 01:30,7009
2018-10-26 01:35,6993
2018-10-26 01:40,6962
2018-10-26 01:45,6925
2018-10-26 01:50,6915
2018-10-26 01:55,6907
2018-10-26 02:00,6821
2018-10-26 02:05,6800
2018-10-26 02:10,6803
2018-10-26 02:15,6804
2018-10-26 02:20,6755
2018-10-26 02:25,6714
2018-10-26 02:30,6670
2018-10-26 02:35,6620
2018-10-26 02:40,6579
2018-10-26 02:45,6543
2018-10-26 02:50,6488
2018-10-26 02:55,6445
2018-10-26 03:00,6382
2018-10-26 03:05,6311
2018-10-26 03:10,6278
2018-10-26 03:15,6169
2018-10-26 03:20,6066
2018-10-26 03:25,5991
2018-10-26 03:30,5939
2018-10-26 03:35,5905
2018-10-26 03:40,5806
2018-10-26 03:45,5732
2018-10-26 03:50,5667
2018-10-26 03:55,5624
2018-10-26 04:00,5545
2018-10-26 04:05,5433
2018-10-26 04:10,5303
2018-10-26 04:15,5190
2018-10-26 04:20,5133
2018-10-26 04:25,5084
2018-10-26 04:30,4992
2018-10-26 04:35,4877
2018-10-26 04:40,4857
2018-10-26 04:45,4780
2018-10-26 04:50,4730
2018-10-26 04:55,4610
2018-10-26 05:00,4505
2018-10-26 05:05,4433
2018-10-26 05:10,4353
2018-10-26 05:15,4297
2018-10-26 05:20,4218
2018-10-26 05:25,4104
2018-10-26 05:30,4060
2018-10-26 05:35,4005
2018-10-26 05:40,3947
2018-10-26 05:45,3865
2018-10-26 05:50,3761
2018-10-26 05:55,3729
2018-10-26 06:00,3667
2018-10-26 06:05,3579
2018-10-26 06:10,3519
2018-10-26 06:15,3439
2018-10-26 06:20,3370
2018-10-26 06:25,3335
2018-10-26 06:30,3353
2018-10-26 06:35,3289
2018-10-26 06:40,3216
2018-10-26 06:45,
2018-10-26 06:50,3139
2018-10-26 06:55,3075
2018-10-26 07:00,3072
2018-10-26 07:05,3030
2018-10-26 07:10,2991
2018-10-26 07:15,2967
2018-10-26 07:20,2912
2018-10-26 07:25,2860
2018-10-26 07:30,2814
2018-10-26 07:35,2800
2018-10-26 07:40,2791
2018-10-26 07:45,2729
2018-10-26 07:50,2762
2018-10-26 07:55,2764
2018-10-26 08:00,2755
2018-10-26 08:05,2767
2018-10-26 08:10,2744
2018-10-26 08:15,2736
2018-10-26 08:20,2757
2018-10-26 08:25,2764
2018-10-26 08:30,2756
2018-10-26 08:35,2777
2018-10-26 08:40,2786
2018-10-26 08:45,2784
2018-10-26 08:50,2795
2018-10-26 08:55,2799
2018-10-26 09:00,2798
2018-10-26 09:05,2828
2018-10-26 09:10,2931
2018-10-26 09:15,3016
2018-10-26 09:20,3083
2018-10-26 09:25,3159
2018-10-26 09:30,3239
2018-10-26 09:35,3267
2018-10-26 09:40,3331
2018-10-26 09:45,3400
2018-10-26 09:50,3448
2018-10-26 09:55,3463
2018-10-26 10:00,3512
2018-10-26 10:05,3544
2018-10-26 10:10,3614
2018-10-26 10:15,3658
2018-10-26 10:20,3692
2018-10-26 10:25,3740
2018-10-26 10:30,3757
2018-10-26 10:35,3798
2018-10-26 10:40,3839
2018-10-26 10:45,3886
2018-10-26 10:50,3916
2018-10-26 10:55,3964
2018-10-26 11:00,4016
2018-10-26 11:05,4072
2018-10-26 11:10,4126
2018-10-26 11:15,4183
2018-10-26 11:20,4242
2018-10-26 11:25,4299
2018-10-26 11:30,4354
2018-10-26 11:35,4402
2018-10-26 11:40,4471
2018-10-26 11:45,4503
2018-10-26 11:50,4589
2018-10-26 11:55,4693
2018-10-26 12:00,4739
2018-10-26 12:05,4824
2018-10-26 12:10,4879
2018-10-26 12:15,4973
2018-10-26 12:20,5043
2018-10-26 12:25,5147
2018-10-26 12:30,5204
2018-10-26 12:35,5256
2018-10-26 12:40,5375
2018-10-26 12:45,5444
2018-10-26 12:50,5518
2018-10-26 12:55,5599
2018-10-26 13:00,5661
2018-10-26 13:05,5733
2018-10-26 13:10,5836
2018-10-26 13:15,5876
2018-10-26 13:20,5945
2018-10-26 13:25,6056
2018-10-26 13:30,6180
2018-10-26 13:35,6234
2018-10-26 13:40,6350
2018-10-26 13:45,6449
2018-10-26 13:50,6493
2018-10-26 13:55,6556
2018-10-26 14:00,6654
2018-10-26 14:05,6759
2018-10-26 14:10,6802
2018-10-26 14:15,6901
2018-10-26 14:20,6907
2018-10-26 14:25,6981
2018-10-26 14:30,6982
2018-10-26 14:35,7064
2018-10-26 14:40,7117
2018-10-26 14:45,7157
2018-10-26 14:50,7170
2018-10-26 14:55,7250
2018-10-26 15:00,7288
2018-10-26 15:05,7346
2018-10-26 15:10,7402
2018-10-26 15:15,7483
2018-10-26 15:20,7579
2018-10-26 15:25,7690
2018-10-26 15:30,7762
2018-10-26 15:35,7836
2018-10-26 15:40,7914
2018-10-26 15:45,8000
2018-10-26 15:50,8055
2018-10-26 15:55,8074
2018-10-26 16:00,8072
2018-10-26 16:05,8163
2018-10-26 16:10,8189
2018-10-26 16:15,8216
2018-10-26 16:20,8257
2018-10-26 16:25,8366
2018-10-26 16:30,8393
2018-10-26 16:35,8482
2018-10-26 16:40,8579
2018-10-26 16:45,8621
2018-10-26 16:50,8680
2018-10-26 16:55,8720
2018-10-26 17:00,8775
2018-10-26 17:05,8805
2018-10-26 17:10,8877
2018-10-26 17:15,8926
2018-10-26 17:20,9014
2018-10-26 17:25,9090
2018-10-26 17:30,9104
2018-10-26 17:35,9178
2018-10-26 17:40,9265
2018-10-26 17:45,9336
2018-10-26 17:50,9384
2018-10-26 17:55,9389
2018-10-26 18:00,9472
2018-10-26 18:05,9532
2018-10-26 18:10,9582
2018-10-26 18:15,9648
2018-10-26 18:20,9673
2018-10-26 18:25,9751
2018-10-26 18:30,9864
2018-10-26 18:35,9850
2018-10-26 18:40,9871
2018-10-26 18:45,9904
2018-10-26 18:50,9981
2018-10-26 18:55,10023
2018-10-26 19:00,10083
2018-10-26 19:05,10125
2018-10-26 19:10,10173
2018-10-26 19:15,10178
2018-10-26 19:20,10202
2018-10-26 19:25,10225
2018-10-26 19:30,10240
2018-10-26 19:35,10277
2018-10-26 19:40,10337
2018-10-26 19:45,10361
2018-10-26 19:50,10330
2018-10-26 19:55,10375
2018-10-26 20:00,10356
2018-10-26 20:05,10345
2018-10-26 20:10,10337
2018-10-26 20:15,10314
2018-10-26 20:20,10392
2018-10-26 20:25,10441
2018-10-26 20:30,10466
2018-10-26 20:35,10382
2018-10-26 20:40,10378
2018-10-26 20:45,10331
2018-10-26 20:50,10295
2018-10-26 20:55,10329
2018-10-26 21:00,10302
2018-10-26 21:05,10281
2018-10-26 21:10,10278
2018-10-26 21:15,10263
2018-10-26 21:20,10235
2018-10-26 21:25,10157
2018-10-26 21:30,10068
2018-10-26 21:35,10051
2018-10-26 21:40,10104
2018-10-26 21:45,10093
2018-10-26 21:50,10059
2018-10-26 21:55,9986
2018-10-26 22:00,9887
2018-10-26 22:05,9729
2018-10-26 22:10,9649
2018-10-26 22:15,9617
2018-10-26 22:20,9549
2018-10-26 22:25,9463
2018-10-26 22:30,9312
2018-10-26 22:35,9211
2018-10-26 22:40,9125
2018-10-26 22:45,9098
2018-10-26 22:50,9039
2018-10-26 22:55,8946
2018-10-26 23:00,8902
2018-10-26 23:05,8805
2018-10-26 23:10,8745
2018-10-26 23:15,8664
2018-10-26 23:20,8569
2018-10-26 23:25,8514
2018-10-26 23:30,8445
2018-10-26 23:35,8473
2018-10-26 23:40,8426
2018-10-26 23:45,8345
2018-10-26 23:50,8340
2018-10-26 23:55,8263
2018-10-27 00:00,8249
2018-10-27 00:05,8170
2018-10-27 00:10,8170
2018-10-27 00:15,8128
2018-10-27 00:20,8043
2018-10-27 00:25,8026
2018-10-27 00:30,7989
2018-10-27 00:35,7948
2018-10-27 00:40,7938
2018-10-27 00:45,7925
2018-10-27 00:50,7907
2018-10-27 00:55,7879
2018-10-27 01:00,7876
2018-10-27 01:05,7887
2018-10-27 01:10,7872
2018-10-27 01:15,7906
2018-10-27 01:20,7884
2018-10-27 01:25,7870
2018-10-27 01:30,7829
2018-10-27 01:35,7819
2018-10-27 01:40,7817
2018-10-27 01:45,7783
2018-10-27 01:50,7777
2018-10-27 01:55,7748
2018-10-27 02:00,7726
2018-10-27 02:05,7717
2018-10-27 02:10,7713
2018-10-27 02:15,7701
2018-10-27 02:20,7648
2018-10-27 02:25,7622
2018-10-27 02:30,7576
2018-10-27 02:35,7564
2018-10-27 02:40,7596
2018-10-27 02:45,7561
2018-10-27 02:50,7524
2018-10-27 02:55,7515
2018-10-27 03:00,7538
2018-10-27 03:05,7546
2018-10-27 03:10,7483
2018-10-27 03:15,7424
2018-10-27 03:20,7395
2018-10-27 03:25,7290
2018-10-27 03:30,7252
2018-10-27 03:35,7230
2018-10-27 03:40,7186
2018-10-27 03:45,7110
2018-10-27 03:50,7090
2018-10-27 03:55,7055
2018-10-27 04:00,7004
2018-10-27 04:05,6981
2018-10-27 04:10,6878
2018-10-27 04:15,6832
2018-10-27 04:20,6745
2018-10-27 04:25,6668
2018-10-27 04:30,6582
2018-10-27 04:35,6533
2018-10-27 04:40,6467
2018-10-27 04:45,6404
2018-10-27 04:50,6301
2018-10-27 04:55,6224
2018-10-27 05:00,6157
2018-10-27 05:05,6035
2018-10-27 05:10,5972
2018-10-27 05:15,5837
2018-10-27 05:20,5721
2018-10-27 05:25,5650
2018-10-27 05:30,5555
2018-10-27 05:35,5512
2018-10-27 05:40,5457
2018-10-27 05:45,5408
2018-10-27 05:50,5333
2018-10-27 05:55,5189
2018-10-27 06:00,5085
2018-10-27 06:05,5020
2018-10-27 06:10,4967
2018-10-27 06:15,4907
2018-10-27 06:20,4818
2018-10-27 06:25,4733
2018-10-27 06:30,4667
2018-10-27 06:35,4658
2018-10-27 06:40,4587
2018-10-27 06:45,4506
2018-10-27 06:50,4481
2018-10-27 06:55,4442
2018-10-27 07:00,4393
2018-10-27 07:05,4308
2018-10-27 07:10,4283
2018-10-27 07:15,4238
2018-10-27 07:20,4199
2018-10-27 07:25,4170
2018-10-27 07:30,4145
2018-10-27 07:35,4151
2018-10-27 07:40,4107
2018-10-27 07:45,4119
2018-10-27 07:50,4101
2018-10-27 07:55,4075
2018-10-27 08:00,4046
2018-10-27 08:05,4039
2018-10-27 08:10,4064
2018-10-27 08:15,4056
2018-10-27 08:20,4000
2018-10-27 08:25,4003
2018-10-27 08:30,4032
2018-10-27 08:35,4066
2018-10-27 08:40,4113
2018-10-27 08:45,4123
2018-10-27 08:50,4151
2018-10-27 08:55,4138
2018-10-27 09:00,4112
2018-10-27 09:05,4234
2018-10-27 09:10,4364
2018-10-27 09:15,4458
2018-10-27 09:20,4575
2018-10-27 09:25,4616
2018-10-27 09:30,4704
2018-10-27 09:35,4824
2018-10-27 09:40,4899
2018-10-27 09:45,4950
2018-10-27 09:50,5010
2018-10-27 09:55,5110
2018-10-27 10:00,5166
2018-10-27 10:05,5261
2018-10-27 10:10,5325
2018-10-27 10:15,5390
2018-10-27 10:20,5444
2018-10-27 10:25,5530
2018-10-27 10:30,5536
2018-10-27 10:35,5624
2018-10-27 10:40,5703
2018-10-27 10:45,5799
2018-10-27 10:50,5908
2018-10-27 10:55,5950
2018-10-27 11:00,5991
2018-10-27 11:05,6084
2018-10-27 11:10,6116
2018-10-27 11:15,6170
2018-10-27 11:20,6245
2018-10-27 11:25,6309
2018-10-27 11:30,6365
2018-10-27 11:35,6430
2018-10-27 11:40,6483
2018-10-27 11:45,6520
2018-10-27 11:50,6573
2018-10-27 11:55,6660
2018-10-27 12:00,6692
2018-10-27 12:05,6796
2018-10-27 12:10,6808
2018-10-27 12:15,6948
2018-10-27 12:20,7050
2018-10-27 12:25,7110
2018-10-27 12:30,7207
2018-10-27 12:35,7269
2018-10-27 12:40,7360
2018-10-27 12:45,7346
2018-10-27 12:50,7497
2018-10-27 12:55,7551
2018-10-27 13:00,7641
2018-10-27 13:05,7682
2018-10-27 13:10,7715
2018-10-27 13:15,7829
2018-10-27 13:20,7904
2018-10-27 13:25,7968
2018-10-27 13:30,7931
2018-10-27 13:35,8070
2018-10-27 13:40,8146
2018-10-27 13:45,8208
2018-10-27 13:50,8315
2018-10-27 13:55,8372
2018-10-27 14:00,8449
2018-10-27 14:05,8498
2018-10-27 14:10,8594
2018-10-27 14:15,8654
2018-10-27 14:20,8778
2018-10-27 14:25,8816
2018-10-27 14:30,8927
2018-10-27 14:35,8979
2018-10-27 14:40,9034
2018-10-27 14:45,9121
2018-10-27 14:50,9174
2018-10-27 14:55,9195
2018-10-27 15:00,9295
2018-10-27 15:05,9368
2018-10-27 15:10,9399
2018-10-27 15:15,9515
2018-10-27 15:20,9583
2018-10-27 15:25,9618
2018-10-27 15:30,9655
2018-10-27 15:35,9690
2018-10-27 15:40,9691
2018-10-27 15:45,9706
2018-10-27 15:50,9770
2018-10-27 15:55,9836
2018-10-27 16:00,9917
2018-10-27 16:05,9938
2018-10-27 16:10,9948
2018-10-27 16:15,10000
2018-10-27 16:20,9996
2018-10-27 16:25,10119
2018-10-27 16:30,10162
2018-10-27 16:35,10277
2018-10-27 16:40,10337
2018-10-27 16:45,10448
2018-10-27 16:50,10449
2018-10-27 16:55,10475
2018-10-27 17:00,10548
2018-10-27 17:05,10685
2018-10-27 17:10,10705
2018-10-27 17:15,10761
2018-10-27 17:20,10792
2018-10-27 17:25,10849
2018-10-27 17:30,10944
2018-10-27 17:35,10972
2018-10-27 17:40,10998
2018-10-27 17:45,11055
2018-10-27 17:50,11098
2018-10-27 17:55,11190
2018-10-27 18:00,11169
2018-10-27 18:05,11181
2018-10-27 18:10,11200
2018-10-27 18:15,11215
2018-10-27 18:20,11270
2018-10-27 18:25,11319
2018-10-27 18:30,11341
2018-10-27 18:35,11460
2018-10-27 18:40,11501
2018-10-27 18:45,11536
2018-10-27 18:50,11523
2018-10-27 18:55,11556
2018-10-27 19:00,11616
2018-10-27 19:05,11640
2018-10-27 19:10,11742
2018-10-27 19:15,11777
2018-10-27 19:20,11779
2018-10-27 19:25,11811
2018-10-27 19:30,11716
2018-10-27 19:35,11718
2018-10-27 19:40,11735
2018-10-27 19:45,11720
2018-10-27 19:50,11702
2018-10-27 19:55,11713
2018-10-27 20:00,11654
2018-10-27 20:05,11655
2018-10-27 20:10,11599
2018-10-27 20:15,11575
2018-10-27 20:20,11658
2018-10-27 20:25,11691
2018-10-27 20:30,11660
2018-10-27 20:35,11680
2018-10-27 20:40,11676
2018-10-27 20:45,11599
2018-10-27 20:50,11589
2018-10-27 20:55,11542
2018-10-27 21:00,11449
2018-10-27 21:05,11401
2018-10-27 21:10,11353
2018-10-27 21:15,11241
2018-10-27 21:20,11200
2018-10-27 21:25,11110
2018-10-27 21:30,11105
2018-10-27 21:35,11008
2018-10-27 21:40,10917
2018-10-27 21:45,10866
2018-10-27 21:50,10832
2018-10-27 21:55,10745
2018-10-27 22:00,10617
2018-10-27 22:05,10479
2018-10-27 22:10,10326
2018-10-27 22:15,10193
2018-10-27 22:20,10067
2018-10-27 22:25,9936
2018-10-27 22:30,9798
2018-10-27 22:35,9731
2018-10-27 22:40,9643
2018-10-27 22:45,9582
2018-10-27 22:50,9465
2018-10-27 22:55,9377
2018-10-27 23:00,9316
2018-10-27 23:05,9189
2018-10-27 23:10,9087
2018-10-27 23:15,9004
2018-10-27 23:20,8945
2018-10-27 23:25,8864
2018-10-27 23:30,8740
2018-10-27 23:35,8692
2018-10-27 23:40,8616
2018-10-27 23:45,8560
2018-10-27 23:50,8543
2018-10-27 23:55,8484
2018-10-28 00:00,8401
2018-10-28 00:05,8361
2018-10-28 00:10,8305
2018-10-28 00:15,8255
2018-10-28 00:20,8235
2018-10-28 00:25,8103
2018-10-28 00:30,8106
2018-10-28 00:35,8071
2018-10-28 00:40,8056
2018-10-28 00:45,8020
2018-10-28 00:50,7974
2018-10-28 00:55,7922
2018-10-28 01:00,7788
2018-10-28 01:05,7787
2018-10-28 01:10,7758
2018-10-28 01:15,7778
2018-10-28 01:20,7747
2018-10-28 01:25,7696
2018-10-28 01:30,7677
2018-10-28 01:35,7672
2018-10-28 01:40,7610
2018-10-28 01:45,7622
2018-10-28 01:50,7608
2018-10-28 01:55,7598
2018-10-28 02:00,7592
2018-10-28 02:05,7529
2018-10-28 02:10,7483
2018-10-28 02:15,7494
2018-10-28 02:20,7478
2018-10-28 02:25,7489
2018-10-28 02:30,7485
2018-10-28 02:35,7445
2018-10-28 02:40,7408
2018-10-28 02:45,7392
2018-10-28 02:50,7367
2018-10-28 02:55,7353
2018-10-28 03:00,7286
2018-10-28 03:05,7307
2018-10-28 03:10,7276
2018-10-28 03:15,7188
2018-10-28 03:20,7150
2018-10-28 03:25,7154
2018-10-28 03:30,7130
2018-10-28 03:35,7050
2018-10-28 03:40,7046
2018-10-28 03:45,7000
2018-10-28 03:50,6978
2018-10-28 03:55,6910
2018-10-28 04:00,6801
2018-10-28 04:05,6743
2018-10-28 04:10,6661
2018-10-28 04:15,6605
2018-10-28 04:20,6564
2018-10-28 04:25,6498
2018-10-28 04:30,6450
2018-10-28 04:35,6385
2018-10-28 04:40,6287
2018-10-28 04:45,6222
2018-10-28 04:50,6157
2018-10-28 04:55,6089
2018-10-28 05:00,6044
2018-10-28 05:05,5931
2018-10-28 05:10,5823
2018-10-28 05:15,5686
2018-10-28 05:20,5597
2018-10-28 05:25,5578
2018-10-28 05:30,5518
2018-10-28 05:35,5465
2018-10-28 05:40,5380
2018-10-28 05:45,5323
2018-10-28 05:50,5263
2018-10-28 05:55,5177
2018-10-28 06:00,5112
2018-10-28 06:05,5011
2018-10-28 06:10,4920
2018-10-28 06:15,4851
2018-10-28 06:20,4762
2018-10-28 06:25,4735
2018-10-28 06:30,4729
2018-10-28 06:35,4670
2018-10-28 06:40,4609
2018-10-28 06:45,4545
2018-10-28 06:50,4531
2018-10-28 06:55,4490
2018-10-28 07:00,4453
2018-10-28 07:05,4454
2018-10-28 07:10,4400
2018-10-28 07:15,4374
2018-10-28 07:20,4353
2018-10-28 07:25,4355
2018-10-28 07:30,4338
2018-10-28 07:35,4329
2018-10-28 07:40,4315
2018-10-28 07:45,4337
2018-10-28 07:50,4302
2018-10-28 07:55,4281
2018-10-28 08:00,4281
2018-10-28 08:05,4251
2018-10-28 08:10,4226
2018-10-28 08:15,4233
2018-10-28 08:20,4226
2018-10-28 08:25,4207
2018-10-28 08:30,4207
2018-10-28 08:35,4236
2018-10-28 08:40,4242
2018-10-28 08:45,4263
2018-10-28 08:50,4274
2018-10-28 08:55,4238
2018-10-28 09:00,4220
2018-10-28 09:05,4280
2018-10-28 09:10,4382
2018-10-28 09:15,4435
2018-10-28 09:20,4498
2018-10-28 09:25,4569
2018-10-28 09:30,4658
2018-10-28 09:35,4752
2018-10-28 09:40,4863
2018-10-28 09:45,4978
2018-10-28 09:50,5035
2018-10-28 09:55,5077
2018-10-28 10:00,5160
2018-10-28 10:05,5343
2018-10-28 10:10,5484
2018-10-28 10:15,5612
2018-10-28 10:20,5727
2018-10-28 10:25,5830
2018-10-28 10:30,5917
2018-10-28 10:35,6032
2018-10-28 10:40,6163
2018-10-28 10:45,6256
2018-10-28 10:50,6303
2018-10-28 10:55,6403
2018-10-28 11:00,6431
2018-10-28 11:05,6463
2018-10-28 11:10,6514
2018-10-28 11:15,6577
2018-10-28 11:20,6637
2018-10-28 11:25,6678
2018-10-28 11:30,6730
2018-10-28 11:35,6815
2018-10-28 11:40,6874
2018-10-28 11:45,6990
2018-10-28 11:50,7045
2018-10-28 11:55,7064
2018-10-28 12:00,7094
2018-10-28 12:05,7160
2018-10-28 12:10,7233
2018-10-28 12:15,7328
2018-10-28 12:20,7305
2018-10-28 12:25,7329
2018-10-28 12:30,7402
2018-10-28 12:35,7440
2018-10-28 12:40,7519
2018-10-28 12:45,7586
2018-10-28 12:50,7599
2018-10-28 12:55,7697
2018-10-28 13:00,7719
2018-10-28 13:05,7756
2018-10-28 13:10,7828
2018-10-28 13:15,7893
2018-10-28 13:20,8041
2018-10-28 13:25,8124
2018-10-28 13:30,8171
2018-10-28 13:35,8217
2018-10-28 13:40,8297
2018-10-28 13:45,8310
2018-10-28 13:50,8355
2018-10-28 13:55,8455
2018-10-28 14:00,8520
2018-10-28 14:05,8573
2018-10-28 14:10,8708
2018-10-28 14:15,8803
2018-10-28 14:20,8937
2018-10-28 14:25,8980
2018-10-28 14:30,9070
2018-10-28 14:35,9099
2018-10-28 14:40,9090
2018-10-28 14:45,9179
2018-10-28 14:50,9240
2018-10-28 14:55,9321
2018-10-28 15:00,9398
2018-10-28 15:05,9475
2018-10-28 15:10,9474
2018-10-28 15:15,9560
2018-10-28 15:20,9650
2018-10-28 15:25,9675
2018-10-28 15:30,9716
2018-10-28 15:35,9734
2018-10-28 15:40,9772
2018-10-28 15:45,9839
2018-10-28 15:50,9965
2018-10-28 15:55,10055
2018-10-28 16:00,10097
2018-10-28 16:05,10163
2018-10-28 16:10,10276
2018-10-28 16:15,10308
2018-10-28 16:20,10363
2018-10-28 16:25,10443
2018-10-28 16:30,10480
2018-10-28 16:35,10562
2018-10-28 16:40,10552
2018-10-28 16:45,10622
2018-10-28 16:50,10662
2018-10-28 16:55,10738
2018-10-28 17:00,10737
2018-10-28 17:05,10728
2018-10-28 17:10,10867
2018-10-28 17:15,10966
2018-10-28 17:20,11086
2018-10-28 17:25,11160
2018-10-28 17:30,11251
2018-10-28 17:35,11256
2018-10-28 17:40,11333
2018-10-28 17:45,11381
2018-10-28 17:50,11354
2018-10-28 17:55,11443
2018-10-28 18:00,11511
2018-10-28 18:05,11577
2018-10-28 18:10,11619
2018-10-28 18:15,11704
2018-10-28 18:20,11775
2018-10-28 18:25,11814
2018-10-28 18:30,11910
2018-10-28 18:35,11990
2018-10-28 18:40,12029
2018-10-28 18:45,12060
2018-10-28 18:50,12056
2018-10-28 18:55,12003
2018-10-28 19:00,12083
2018-10-28 19:05,12066
2018-10-28 19:10,12147
2018-10-28 19:15,12160
2018-10-28 19:20,12248
2018-10-28 19:25,12299
2018-10-28 19:30,12292
2018-10-28 19:35,12298
2018-10-28 19:40,12209
2018-10-28 19:45,12254
2018-10-28 19:50,12283
2018-10-28 19:55,12361
2018-10-28 20:00,12344
2018-10-28 20:05,12323
2018-10-28 20:10,12253
2018-10-28 20:15,12211
2018-10-28 20:20,12070
2018-10-28 20:25,12031
2018-10-28 20:30,11980
2018-10-28 20:35,11929
2018-10-28 20:40,11963
2018-10-28 20:45,11817
2018-10-28 20:50,11736
2018-10-28 20:55,11111
2018-10-28 21:00,10982
2018-10-28 21:05,10922
2018-10-28 21:10,10906
2018-10-28 21:15,10875
2018-10-28 21:20,10886
2018-10-28 21:25,10866
2018-10-28 21:30,10869
2018-10-28 21:35,10861
2018-10-28 21:40,10830
2018-10-28 21:45,10751
2018-10-28 21:50,10593
2018-10-28 21:55,10597
2018-10-28 22:00,10538
2018-10-28 22:05,10419
2018-10-28 22:10,10289
2018-10-28 22:15,10201
2018-10-28 22:20,10134
2018-10-28 22:25,10056
2018-10-28 22:30,9942
2018-10-28 22:35,9804
2018-10-28 22:40,9704
2018-10-28 22:45,9587
2018-10-28 22:50,9490
2018-10-28 22:55,9385
2018-10-28 23:00,9307
2018-10-28 23:05,9226
2018-10-28 23:10,9177
2018-10-28 23:15,9044
2018-10-28 23:20,8945
2018-10-28 23:25,8880
2018-10-28 23:30,8836
2018-10-28 23:35,8710
2018-10-28 23:40,8693
2018-10-28 23:45,8693
2018-10-28 23:50,8680
2018-10-28 23:55,8604
2018-10-29 00:00,8486
2018-10-29 00:05,8419
2018-10-29 00:10,8430
2018-10-29 00:15,8355
2018-10-29 00:20,8330
2018-10-29 00:25,8295
2018-10-29 00:30,8278
2018-10-29 00:35,8198
2018-10-29 00:40,8140
2018-10-29 00:45,8144
2018-10-29 00:50,8088
2018-10-29 00:55,7987
2018-10-29 01:00,7988
2018-10-29 01:05,7933
2018-10-29 01:10,7822
2018-10-29 01:15,7824
2018-10-29 01:20,7737
2018-10-29 01:25,7679
2018-10-29 01:30,7594
2018-10-29 01:35,7514
2018-10-29 01:40,7464
2018-10-29 01:45,7409
2018-10-29 01:50,7391
2018-10-29 01:55,7346
2018-10-29 02:00,7257
2018-10-29 02:05,7184
2018-10-29 02:10,7125
2018-10-29 02:15,7023
2018-10-29 02:20,6961
2018-10-29 02:25,6890
2018-10-29 02:30,6776
2018-10-29 02:35,6737
2018-10-29 02:40,6742
2018-10-29 02:45,6678
2018-10-29 02:50,6631
2018-10-29 02:55,6551
2018-10-29 03:00,6467
2018-10-29 03:05,6351
2018-10-29 03:10,6292
2018-10-29 03:15,6206
2018-10-29 03:20,6083
2018-10-29 03:25,6037
2018-10-29 03:30,5950
2018-10-29 03:35,5856
2018-10-29 03:40,5771
2018-10-29 03:45,5674
2018-10-29 03:50,5551
2018-10-29 03:55,5443
2018-10-29 04:00,5385
2018-10-29 04:05,5296
2018-10-29 04:10,5243
2018-10-29 04:15,5149
2018-10-29 04:20,5104
2018-10-29 04:25,5062
2018-10-29 04:30,4990
2018-10-29 04:35,4887
2018-10-29 04:40,4803
2018-10-29 04:45,4767
2018-10-29 04:50,4716
2018-10-29 04:55,4605
2018-10-29 05:00,4486
2018-10-29 05:05,4397
2018-10-29 05:10,4279
2018-10-29 05:15,4182
2018-10-29 05:20,4113
2018-10-29 05:25,4022
2018-10-29 05:30,3969
2018-10-29 05:35,3917
2018-10-29 05:40,3854
2018-10-29 05:45,3787
2018-10-29 05:50,3693
2018-10-29 05:55,3631
2018-10-29 06:00,3552
2018-10-29 06:05,3491
2018-10-29 06:10,3425
2018-10-29 06:15,3388
2018-10-29 06:20,3315
2018-10-29 06:25,3287
2018-10-29 06:30,3247
2018-10-29 06:35,3192
2018-10-29 06:40,3149
2018-10-29 06:45,3123
2018-10-29 06:50,3068
2018-10-29 06:55,3029
2018-10-29 07:00,2960
2018-10-29 07:05,2946
2018-10-29 07:10,2927
2018-10-29 07:15,2941
2018-10-29 07:20,2927
2018-10-29 07:25,2919
2018-10-29 07:30,2882
2018-10-29 07:35,2826
2018-10-29 07:40,2807
2018-10-29 07:45,2801
2018-10-29 07:50,2821
2018-10-29 07:55,2815
2018-10-29 08:00,2804
2018-10-29 08:05,2808
2018-10-29 08:10,2807
2018-10-29 08:15,2794
2018-10-29 08:20,2815
2018-10-29 08:25,2815
2018-10-29 08:30,2786
2018-10-29 08:35,2787
2018-10-29 08:40,2788
2018-10-29 08:45,2799
2018-10-29 08:50,2831
2018-10-29 08:55,2834
2018-10-29 09:00,2817
2018-10-29 09:05,2852
2018-10-29 09:10,2895
2018-10-29 09:15,2900
2018-10-29 09:20,2907
2018-10-29 09:25,2928
2018-10-29 09:30,2941
2018-10-29 09:35,2928
2018-10-29 09:40,2953
2018-10-29 09:45,2921
2018-10-29 09:50,2907
2018-10-29 09:55,2898
2018-10-29 10:00,2898
2018-10-29 10:05,2824
2018-10-29 10:10,2845
2018-10-29 10:15,2874
2018-10-29 10:20,2885
2018-10-29 10:25,2841
2018-10-29 10:30,2828
2018-10-29 10:35,2395
2018-10-29 10:40,1959
2018-10-29 10:45,1526
2018-10-29 10:50,1195
2018-10-29 10:55,962
2018-10-29 11:00,895
2018-10-29 11:05,873
2018-10-29 11:10,852
2018-10-29 11:15,831
2018-10-29 11:20,872
2018-10-29 11:25,876
2018-10-29 11:30,866
2018-10-29 11:35,890
2018-10-29 11:40,903
2018-10-29 11:45,962
2018-10-29 11:50,952
2018-10-29 11:55,977
2018-10-29 12:00,996
2018-10-29 12:05,1018
2018-10-29 12:10,1026
2018-10-29 12:15,1059
2018-10-29 12:20,1071
2018-10-29 12:25,1085
2018-10-29 12:30,1120
2018-10-29 12:35,1144
2018-10-29 12:40,1122
2018-10-29 12:45,1150
2018-10-29 12:50,1165
2018-10-29 12:55,1139
2018-10-29 13:00,1168
2018-10-29 13:05,1225
2018-10-29 13:10,1233
2018-10-29 13:15,1265
2018-10-29 13:20,1251
2018-10-29 13:25,1275
2018-10-29 13:30,1322
2018-10-29 13:35,1325
2018-10-29 13:40,1310
2018-10-29 13:45,1345
2018-10-29 13:50,1368
2018-10-29 13:55,1390
2018-10-29 14:00,1402
2018-10-29 14:05,1436
2018-10-29 14:10,1488
2018-10-29 14:15,1484
2018-10-29 14:20,1481
2018-10-29 14:25,1485
2018-10-29 14:30,1439
2018-10-29 14:35,1358
2018-10-29 14:40,1377
2018-10-29 14:45,1427
2018-10-29 14:50,1462
2018-10-29 14:55,1553
2018-10-29 15:00,1581
2018-10-29 15:05,1599
2018-10-29 15:10,1655
2018-10-29 15:15,1693
2018-10-29 15:20,1738
2018-10-29 15:25,1780
2018-10-29 15:30,1799
2018-10-29 15:35,1808
2018-10-29 15:40,2520
2018-10-29 15:45,3810
2018-10-29 15:50,4721
2018-10-29 15:55,5483
2018-10-29 16:00,6033
2018-10-29 16:05,6483
2018-10-29 16:10,6925
2018-10-29 16:15,7295
2018-10-29 16:20,6234
2018-10-29 16:25,5480
2018-10-29 16:30,6207
2018-10-29 16:35,6582
2018-10-29 16:40,6907
2018-10-29 16:45,7274
2018-10-29 16:50,7568
2018-10-29 16:55,7895
2018-10-29 17:00,8164
2018-10-29 17:05,8364
2018-10-29 17:10,8550
2018-10-29 17:15,8653
2018-10-29 17:20,8813
2018-10-29 17:25,8922
2018-10-29 17:30,9020
2018-10-29 17:35,9149
2018-10-29 17:40,9227
2018-10-29 17:45,9364
2018-10-29 17:50,9410
2018-10-29 17:55,9511
2018-10-29 18:00,9616
2018-10-29 18:05,9681
2018-10-29 18:10,9663
2018-10-29 18:15,9691
2018-10-29 18:20,9696
2018-10-29 18:25,9722
2018-10-29 18:30,9748
2018-10-29 18:35,9786
2018-10-29 18:40,9843
2018-10-29 18:45,9883
2018-10-29 18:50,9838
2018-10-29 18:55,9926
2018-10-29 19:00,9965
2018-10-29 19:05,9958
2018-10-29 19:10,9945
2018-10-29 19:15,9928
2018-10-29 19:20,9925
2018-10-29 19:25,9995
2018-10-29 19:30,10045
2018-10-29 19:35,10071
2018-10-29 19:40,10044
2018-10-29 19:45,10062
2018-10-29 19:50,10084
2018-10-29 19:55,10046
2018-10-29 20:00,10002
2018-10-29 20:05,9932
2018-10-29 20:10,9885
2018-10-29 20:15,9855
2018-10-29 20:20,9874
2018-10-29 20:25,9869
2018-10-29 20:30,9875
2018-10-29 20:35,9872
2018-10-29 20:40,9780
2018-10-29 20:45,9730
2018-10-29 20:50,9673
2018-10-29 20:55,9665
2018-10-29 21:00,9567
2018-10-29 21:05,9545
2018-10-29 21:10,9507
2018-10-29 21:15,9400
2018-10-29 21:20,9376
2018-10-29 21:25,9281
2018-10-29 21:30,9182
2018-10-29 21:35,9169
2018-10-29 21:40,9040
2018-10-29 21:45,8989
2018-10-29 21:50,8865
2018-10-29 21:55,8881
2018-10-29 22:00,8786
2018-10-29 22:05,8770
2018-10-29 22:10,8695
2018-10-29 22:15,8617
2018-10-29 22:20,8514
2018-10-29 22:25,8418
2018-10-29 22:30,8396
2018-10-29 22:35,8347
2018-10-29 22:40,8377
2018-10-29 22:45,8274
2018-10-29 22:50,8203
2018-10-29 22:55,8081
2018-10-29 23:00,8068
2018-10-29 23:05,8042
2018-10-29 23:10,7963
2018-10-29 23:15,7904
2018-10-29 23:20,7867
2018-10-29 23:25,7837
2018-10-29 23:30,7789
2018-10-29 23:35,7715
2018-10-29 23:40,7605
2018-10-29 23:45,7587
2018-10-29 23:50,7590
2018-10-29 23:55,7601
2018-10-30 00:00,7508
2018-10-30 00:05,7481
2018-10-30 00:10,7497
2018-10-30 00:15,7468
2018-10-30 00:20,7441
2018-10-30 00:25,7385
2018-10-30 00:30,7356
2018-10-30 00:35,7351
2018-10-30 00:40,7385
2018-10-30 00:45,7388
2018-10-30 00:50,7393
2018-10-30 00:55,7330
2018-10-30 01:00,7345
2018-10-30 01:05,7310
2018-10-30 01:10,7259
2018-10-30 01:15,7170
2018-10-30 01:20,7180
2018-10-30 01:25,7104
2018-10-30 01:30,7069
2018-10-30 01:35,7070
2018-10-30 01:40,7055
2018-10-30 01:45,7032
2018-10-30 01:50,6978
2018-10-30 01:55,6897
2018-10-30 02:00,6799
2018-10-30 02:05,6701
2018-10-30 02:10,6609
2018-10-30 02:15,6591
2018-10-30 02:20,6556
2018-10-30 02:25,6565
2018-10-30 02:30,6544
2018-10-30 02:35,6451
2018-10-30 02:40,6397
2018-10-30 02:45,6353
2018-10-30 02:50,6303
2018-10-30 02:55,6255
2018-10-30 03:00,6142
2018-10-30 03:05,6067
2018-10-30 03:10,5983
2018-10-30 03:15,5918
2018-10-30 03:20,5841
2018-10-30 03:25,5791
2018-10-30 03:30,5758
2018-10-30 03:35,5672
2018-10-30 03:40,5585
2018-10-30 03:45,5470
2018-10-30 03:50,5379
2018-10-30 03:55,5328
2018-10-30 04:00,5199
2018-10-30 04:05,5102
2018-10-30 04:10,5016
2018-10-30 04:15,4961
2018-10-30 04:20,4913
2018-10-30 04:25,4772
2018-10-30 04:30,4658
2018-10-30 04:35,4570
2018-10-30 04:40,4484
2018-10-30 04:45,4457
2018-10-30 04:50,4388
2018-10-30 04:55,4321
2018-10-30 05:00,4325
2018-10-30 05:05,4228
2018-10-30 05:10,4125
2018-10-30 05:15,4030
2018-10-30 05:20,3995
2018-10-30 05:25,3914
2018-10-30 05:30,3853
2018-10-30 05:35,3806
2018-10-30 05:40,3748
2018-10-30 05:45,3683
2018-10-30 05:50,3595
2018-10-30 05:55,3539
2018-10-30 06:00,3458
2018-10-30 06:05,3360
2018-10-30 06:10,3323
2018-10-30 06:15,3265
2018-10-30 06:20,3202
2018-10-30 06:25,3179
2018-10-30 06:30,3116
2018-10-30 06:35,3044
2018-10-30 06:40,3014
2018-10-30 06:45,2978
2018-10-30 06:50,2908
2018-10-30 06:55,2862
2018-10-30 07:00,2805
2018-10-30 07:05,2790
2018-10-30 07:10,2728
2018-10-30 07:15,2706
2018-10-30 07:20,2699
2018-10-30 07:25,2685
2018-10-30 07:30,2682
2018-10-30 07:35,2658
2018-10-30 07:40,2667
2018-10-30 07:45,2648
2018-10-30 07:50,2642
2018-10-30 07:55,2616
2018-10-30 08:00,2604
2018-10-30 08:05,2598
2018-10-30 08:10,2618
2018-10-30 08:15,2638
2018-10-30 08:20,2686
2018-10-30 08:25,2684
2018-10-30 08:30,2677
2018-10-30 08:35,2680
2018-10-30 08:40,2692
2018-10-30 08:45,2694
2018-10-30 08:50,2685
2018-10-30 08:55,2716
2018-10-30 09:00,2748
2018-10-30 09:05,2832
2018-10-30 09:10,2931
2018-10-30 09:15,2974
2018-10-30 09:20,3026
2018-10-30 09:25,3035
2018-10-30 09:30,3110
2018-10-30 09:35,3143
2018-10-30 09:40,3170
2018-10-30 09:45,3201
2018-10-30 09:50,3250
2018-10-30 09:55,3263
2018-10-30 10:00,3271
2018-10-30 10:05,3330
2018-10-30 10:10,3398
2018-10-30 10:15,3462
2018-10-30 10:20,3527
2018-10-30 10:25,3557
2018-10-30 10:30,3624
2018-10-30 10:35,3664
2018-10-30 10:40,3715
2018-10-30 10:45,3798
2018-10-30 10:50,3818
2018-10-30 10:55,3865
2018-10-30 11:00,3870
2018-10-30 11:05,3885
2018-10-30 11:10,3894
2018-10-30 11:15,3947
2018-10-30 11:20,3958
2018-10-30 11:25,4007
2018-10-30 11:30,4070
2018-10-30 11:35,4096
2018-10-30 11:40,4128
2018-10-30 11:45,4196
2018-10-30 11:50,4251
2018-10-30 11:55,4308
2018-10-30 12:00,4386
2018-10-30 12:05,4436
2018-10-30 12:10,4477
2018-10-30 12:15,4506
2018-10-30 12:20,4553
2018-10-30 12:25,4613
2018-10-30 12:30,4682
2018-10-30 12:35,4748
2018-10-30 12:40,4834
2018-10-30 12:45,4886
2018-10-30 12:50,4890
2018-10-30 12:55,4911
2018-10-30 13:00,4949
2018-10-30 13:05,5022
2018-10-30 13:10,5044
2018-10-30 13:15,5090
2018-10-30 13:20,5154
2018-10-30 13:25,5210
2018-10-30 13:30,5252
2018-10-30 13:35,5313
2018-10-30 13:40,5337
2018-10-30 13:45,5367
2018-10-30 13:50,5449
2018-10-30 13:55,5531
2018-10-30 14:00,5568
2018-10-30 14:05,5622
2018-10-30 14:10,5679
2018-10-30 14:15,5718
2018-10-30 14:20,5829
2018-10-30 14:25,5866
2018-10-30 14:30,5947
2018-10-30 14:35,6009
2018-10-30 14:40,6059
2018-10-30 14:45,6093
2018-10-30 14:50,6129
2018-10-30 14:55,6203
2018-10-30 15:00,6223
2018-10-30 15:05,6313
2018-10-30 15:10,6370
2018-10-30 15:15,6443
2018-10-30 15:20,6485
2018-10-30 15:25,6546
2018-10-30 15:30,6611
2018-10-30 15:35,6668
2018-10-30 15:40,6726
2018-10-30 15:45,6799
2018-10-30 15:50,6904
2018-10-30 15:55,6991
2018-10-30 16:00,7042
2018-10-30 16:05,7184
2018-10-30 16:10,7274
2018-10-30 16:15,7364
2018-10-30 16:20,7445
2018-10-30 16:25,7535
2018-10-30 16:30,7647
2018-10-30 16:35,7709
2018-10-30 16:40,7715
2018-10-30 16:45,7784
2018-10-30 16:50,7829
2018-10-30 16:55,7876
2018-10-30 17:00,7893
2018-10-30 17:05,7969
2018-10-30 17:10,8003
2018-10-30 17:15,8085
2018-10-30 17:20,8204
2018-10-30 17:25,8260
2018-10-30 17:30,8359
2018-10-30 17:35,8367
2018-10-30 17:40,8439
2018-10-30 17:45,8501
2018-10-30 17:50,8517
2018-10-30 17:55,8575
2018-10-30 18:00,8678
2018-10-30 18:05,8726
2018-10-30 18:10,8715
2018-10-30 18:15,8801
2018-10-30 18:20,8837
2018-10-30 18:25,8933
2018-10-30 18:30,8975
2018-10-30 18:35,9028
2018-10-30 18:40,9056
2018-10-30 18:45,9130
2018-10-30 18:50,9225
2018-10-30 18:55,9193
2018-10-30 19:00,9255
2018-10-30 19:05,
2018-10-30 19:10,
2018-10-30 19:15,9360
2018-10-30 19:20,9383
2018-10-30 19:25,9457
2018-10-30 19:30,9486
2018-10-30 19:35,9464
2018-10-30 19:40,9515
2018-10-30 19:45,9522
2018-10-30 19:50,9525
2018-10-30 19:55,9465
2018-10-30 20:00,9474
2018-10-30 20:05,9443
2018-10-30 20:10,9409
2018-10-30 20:15,9404
2018-10-30 20:20,9409
2018-10-30 20:25,9398
2018-10-30 20:30,9396
2018-10-30 20:35,9434
2018-10-30 20:40,9454
2018-10-30 20:45,9398
2018-10-30 20:50,9367
2018-10-30 20:55,9350
2018-10-30 21:00,9263
2018-10-30 21:05,9176
2018-10-30 21:10,9166
2018-10-30 21:15,9123
2018-10-30 21:20,9080
2018-10-30 21:25,9034
2018-10-30 21:30,9072
2018-10-30 21:35,9024
2018-10-30 21:40,8998
2018-10-30 21:45,8975
2018-10-30 21:50,8931
2018-10-30 21:55,8908
2018-10-30 22:00,8848
2018-10-30 22:05,8787
2018-10-30 22:10,8715
2018-10-30 22:15,8672
2018-10-30 22:20,8655
2018-10-30 22:25,8577
2018-10-30 22:30,8562
2018-10-30 22:35,8552
2018-10-30 22:40,8422
2018-10-30 22:45,8355
2018-10-30 22:50,8274
2018-10-30 22:55,8214
2018-10-30 23:00,
2018-10-30 23:05,
2018-10-30 23:10,
2018-10-30 23:15,0
2018-10-30 23:20,7031
2018-10-30 23:25,7617
2018-10-30 23:30,7643
2018-10-30 23:35,7633
2018-10-30 23:40,7627
2018-10-30 23:45,7600
2018-10-30 23:50,7626
2018-10-30 23:55,7648
2018-10-31 00:00,7627
2018-10-31 00:05,7589
2018-10-31 00:10,7601
2018-10-31 00:15,7550
2018-10-31 00:20,7515
2018-10-31 00:25,7456
2018-10-31 00:30,7429
2018-10-31 00:35,7421
2018-10-31 00:40,7393
2018-10-31 00:45,7323
2018-10-31 00:50,7318
2018-10-31 00:55,7311
2018-10-31 01:00,7271
2018-10-31 01:05,7228
2018-10-31 01:10,7159
2018-10-31 01:15,7140
2018-10-31 01:20,7094
2018-10-31 01:25,7054
2018-10-31 01:30,7013
2018-10-31 01:35,6941
2018-10-31 01:40,6900
2018-10-31 01:45,6913
2018-10-31 01:50,6839
2018-10-31 01:55,6775
2018-10-31 02:00,6739
2018-10-31 02:05,6707
2018-10-31 02:10,6682
2018-10-31 02:15,6640
2018-10-31 02:20,6571
2018-10-31 02:25,6523
2018-10-31 02:30,6431
2018-10-31 02:35,6357
2018-10-31 02:40,6303
2018-10-31 02:45,6251
2018-10-31 02:50,6139
2018-10-31 02:55,6005
2018-10-31 03:00,5939
2018-10-31 03:05,5887
2018-10-31 03:10,5781
2018-10-31 03:15,5743
2018-10-31 03:20,5726
2018-10-31 03:25,5660
2018-10-31 03:30,5566
2018-10-31 03:35,5545
2018-10-31 03:40,5500
2018-10-31 03:45,5461
2018-10-31 03:50,5355
2018-10-31 03:55,5299
2018-10-31 04:00,5232
2018-10-31 04:05,5141
2018-10-31 04:10,5026
2018-10-31 04:15,4938
2018-10-31 04:20,4869
2018-10-31 04:25,4787
2018-10-31 04:30,4664
2018-10-31 04:35,4615
2018-10-31 04:40,4552
2018-10-31 04:45,4506
2018-10-31 04:50,4453
2018-10-31 04:55,4377
2018-10-31 05:00,4335
2018-10-31 05:05,4240
2018-10-31 05:10,4149
2018-10-31 05:15,4063
2018-10-31 05:20,3945
2018-10-31 05:25,3892
2018-10-31 05:30,3844
2018-10-31 05:35,3750
2018-10-31 05:40,3667
2018-10-31 05:45,3582
2018-10-31 05:50,3557
2018-10-31 05:55,3505
2018-10-31 06:00,3449
2018-10-31 06:05,3395
2018-10-31 06:10,3358
2018-10-31 06:15,3308
2018-10-31 06:20,3249
2018-10-31 06:25,3160
2018-10-31 06:30,3103
2018-10-31 06:35,3060
2018-10-31 06:40,3033
2018-10-31 06:45,2979
2018-10-31 06:50,2949
2018-10-31 06:55,2910
2018-10-31 07:00,2890
2018-10-31 07:05,2863
2018-10-31 07:10,2838
2018-10-31 07:15,2806
2018-10-31 07:20,2767
2018-10-31 07:25,2726
2018-10-31 07:30,2708
2018-10-31 07:35,2658
2018-10-31 07:40,2649
2018-10-31 07:45,2642
2018-10-31 07:50,2594
2018-10-31 07:55,2581
2018-10-31 08:00,2605
2018-10-31 08:05,2599
2018-10-31 08:10,2615
2018-10-31 08:15,2602
2018-10-31 08:20,2593
2018-10-31 08:25,2591
2018-10-31 08:30,2596
2018-10-31 08:35,2588
2018-10-31 08:40,2605
2018-10-31 08:45,2620
2018-10-31 08:50,2674
2018-10-31 08:55,2676
2018-10-31 09:00,2689
2018-10-31 09:05,2693
2018-10-31 09:10,2748
2018-10-31 09:15,2779
2018-10-31 09:20,2827
2018-10-31 09:25,2870
2018-10-31 09:30,2903
2018-10-31 09:35,2935
2018-10-31 09:40,2976
2018-10-31 09:45,2995
2018-10-31 09:50,3033
2018-10-31 09:55,3076
2018-10-31 10:00,3108
2018-10-31 10:05,3134
2018-10-31 10:10,3240
2018-10-31 10:15,3295
2018-10-31 10:20,3299
2018-10-31 10:25,3351
2018-10-31 10:30,3375
2018-10-31 10:35,3410
2018-10-31 10:40,3424
2018-10-31 10:45,3483
2018-10-31 10:50,3508
2018-10-31 10:55,3533
2018-10-31 11:00,3583
2018-10-31 11:05,3595
2018-10-31 11:10,3672
2018-10-31 11:15,3690
2018-10-31 11:20,3723
2018-10-31 11:25,3814
2018-10-31 11:30,3810
2018-10-31 11:35,3853
2018-10-31 11:40,3864
2018-10-31 11:45,3949
2018-10-31 11:50,3969
2018-10-31 11:55,4055
2018-10-31 12:00,4068
2018-10-31 12:05,4114
2018-10-31 12:10,4212
2018-10-31 12:15,4262
2018-10-31 12:20,4298
2018-10-31 12:25,4365
2018-10-31 12:30,4398
2018-10-31 12:35,4445
2018-10-31 12:40,4508
2018-10-31 12:45,4496
2018-10-31 12:50,4527
2018-10-31 12:55,4556
2018-10-31 13:00,4627
2018-10-31 13:05,4686
2018-10-31 13:10,4712
2018-10-31 13:15,4808
2018-10-31 13:20,4838
2018-10-31 13:25,4900
2018-10-31 13:30,4981
2018-10-31 13:35,5044
2018-10-31 13:40,5103
2018-10-31 13:45,5175
2018-10-31 13:50,5232
2018-10-31 13:55,5278
2018-10-31 14:00,5342
2018-10-31 14:05,5417
2018-10-31 14:10,5496
2018-10-31 14:15,5556
2018-10-31 14:20,5670
2018-10-31 14:25,5759
2018-10-31 14:30,5826
2018-10-31 14:35,5915
2018-10-31 14:40,
2018-10-31 14:45,6084
2018-10-31 14:50,6136
2018-10-31 14:55,6260
2018-10-31 15:00,6317
2018-10-31 15:05,6362
2018-10-31 15:10,6419
2018-10-31 15:15,6488
2018-10-31 15:20,6473
2018-10-31 15:25,6569
2018-10-31 15:30,6607
2018-10-31 15:35,6614
2018-10-31 15:40,6683
2018-10-31 15:45,6711
2018-10-31 15:50,6770
2018-10-31 15:55,6826
2018-10-31 16:00,6847
2018-10-31 16:05,6868
2018-10-31 16:10,6973
2018-10-31 16:15,7065
2018-10-31 16:20,7087
2018-10-31 16:25,7135
2018-10-31 16:30,7178
2018-10-31 16:35,7198
2018-10-31 16:40,7286
2018-10-31 16:45,7345
2018-10-31 16:50,7406
2018-10-31 16:55,7484
2018-10-31 17:00,7494
2018-10-31 17:05,7554
2018-10-31 17:10,7660
2018-10-31 17:15,7665
2018-10-31 17:20,7708
2018-10-31 17:25,7810
2018-10-31 17:30,7865
2018-10-31 17:35,7980
2018-10-31 17:40,8014
2018-10-31 17:45,8053
2018-10-31 17:50,8061
2018-10-31 17:55,8108
2018-10-31 18:00,8127
2018-10-31 18:05,8125
2018-10-31 18:10,8124
2018-10-31 18:15,8221
2018-10-31 18:20,8324
2018-10-31 18:25,8401
2018-10-31 18:30,8413
2018-10-31 18:35,8445
2018-10-31 18:40,8377
2018-10-31 18:45,8427
2018-10-31 18:50,8495
2018-10-31 18:55,8599
2018-10-31 19:00,8617
2018-10-31 19:05,8619
2018-10-31 19:10,8631
2018-10-31 19:15,8623
2018-10-31 19:20,8634
2018-10-31 19:25,8762
2018-10-31 19:30,8781
2018-10-31 19:35,8728
2018-10-31 19:40,8820
2018-10-31 19:45,8848
2018-10-31 19:50,8876
2018-10-31 19:55,8886
2018-10-31 20:00,8830
2018-10-31 20:05,8854
2018-10-31 20:10,8839
2018-10-31 20:15,8847
2018-10-31 20:20,8852
2018-10-31 20:25,8857
2018-10-31 20:30,8874
2018-10-31 20:35,8820
2018-10-31 20:40,8870
2018-10-31 20:45,8821
2018-10-31 20:50,8785
2018-10-31 20:55,8771
2018-10-31 21:00,
2018-10-31 21:05,8578
2018-10-31 21:10,8550
2018-10-31 21:15,8453
2018-10-31 21:20,8433
2018-10-31 21:25,8357
2018-10-31 21:30,8217
2018-10-31 21:35,8117
2018-10-31 21:40,8159
2018-10-31 21:45,8141
2018-10-31 21:50,8129
2018-10-31 21:55,8070
2018-10-31 22:00,8014
2018-10-31 22:05,8057
2018-10-31 22:10,8045
2018-10-31 22:15,7991
2018-10-31 22:20,7970
2018-10-31 22:25,7938
2018-10-31 22:30,7870
2018-10-31 22:35,7889
2018-10-31 22:40,7906
2018-10-31 22:45,7841
2018-10-31 22:50,7794
2018-10-31 22:55,7764
2018-10-31 23:00,7704
2018-10-31 23:05,7587
2018-10-31 23:10,7528
2018-10-31 23:15,7449
2018-10-31 23:20,7438
2018-10-31 23:25,7417
2018-10-31 23:30,7367
2018-10-31 23:35,7341
2018-10-31 23:40,7327
2018-10-31 23:45,7328
2018-10-31 23:50,7340
2018-10-31 23:55,7272
2018-11-01 00:00,7193
2018-11-01 00:05,7141
2018-11-01 00:10,7121
2018-11-01 00:15,7089
2018-11-01 00:20,7049
2018-11-01 00:25,7015
2018-11-01 00:30,7015
2018-11-01 00:35,6988
2018-11-01 00:40,6979
2018-11-01 00:45,6958
2018-11-01 00:50,6962
2018-11-01 00:55,6914
2018-11-01 01:00,6915
2018-11-01 01:05,6932
2018-11-01 01:10,6859
2018-11-01 01:15,6858
2018-11-01 01:20,6815
2018-11-01 01:25,6784
2018-11-01 01:30,6741
2018-11-01 01:35,6727
2018-11-01 01:40,6715
2018-11-01 01:45,6696
2018-11-01 01:50,6653
2018-11-01 01:55,6609
2018-11-01 02:00,6580
2018-11-01 02:05,6552
2018-11-01 02:10,6483
2018-11-01 02:15,6466
2018-11-01 02:20,6465
2018-11-01 02:25,6383
2018-11-01 02:30,6319
2018-11-01 02:35,6218
2018-11-01 02:40,6171
2018-11-01 02:45,6103
2018-11-01 02:50,6084
2018-11-01 02:55,6002
2018-11-01 03:00,5861
2018-11-01 03:05,5815
2018-11-01 03:10,5740
2018-11-01 03:15,5688
2018-11-01 03:20,5609
2018-11-01 03:25,5572
2018-11-01 03:30,5521
2018-11-01 03:35,5435
2018-11-01 03:40,5359
2018-11-01 03:45,5219
2018-11-01 03:50,5065
2018-11-01 03:55,4946
2018-11-01 04:00,4707
2018-11-01 04:05,4622
2018-11-01 04:10,4559
2018-11-01 04:15,4484
2018-11-01 04:20,4475
2018-11-01 04:25,4416
2018-11-01 04:30,4357
2018-11-01 04:35,4306
2018-11-01 04:40,4304
2018-11-01 04:45,4263
2018-11-01 04:50,4236
2018-11-01 04:55,4133
2018-11-01 05:00,4080
2018-11-01 05:05,4025
2018-11-01 05:10,3986
2018-11-01 05:15,3908
2018-11-01 05:20,3878
2018-11-01 05:25,3806
2018-11-01 05:30,3747
2018-11-01 05:35,3672
2018-11-01 05:40,3626
2018-11-01 05:45,3585
2018-11-01 05:50,3550
2018-11-01 05:55,3499
2018-11-01 06:00,3444
2018-11-01 06:05,3340
2018-11-01 06:10,3245
2018-11-01 06:15,3183
2018-11-01 06:20,3165
2018-11-01 06:25,3151
2018-11-01 06:30,3093
2018-11-01 06:35,3026
2018-11-01 06:40,2986
2018-11-01 06:45,2937
2018-11-01 06:50,2902
2018-11-01 06:55,2857
2018-11-01 07:00,2800
2018-11-01 07:05,2778
2018-11-01 07:10,2768
2018-11-01 07:15,2743
2018-11-01 07:20,2749
2018-11-01 07:25,2696
2018-11-01 07:30,2682
2018-11-01 07:35,2675
2018-11-01 07:40,2682
2018-11-01 07:45,2652
2018-11-01 07:50,2632
2018-11-01 07:55,2650
2018-11-01 08:00,2691
2018-11-01 08:05,2701
2018-11-01 08:10,2698
2018-11-01 08:15,2699
2018-11-01 08:20,2718
2018-11-01 08:25,2711
2018-11-01 08:30,2746
2018-11-01 08:35,2768
2018-11-01 08:40,2789
2018-11-01 08:45,2806
2018-11-01 08:50,2813
2018-11-01 08:55,2838
2018-11-01 09:00,2840
2018-11-01 09:05,2901
2018-11-01 09:10,2977
2018-11-01 09:15,3059
2018-11-01 09:20,3125
2018-11-01 09:25,3185
2018-11-01 09:30,3216
2018-11-01 09:35,3235
2018-11-01 09:40,3280
2018-11-01 09:45,3318
2018-11-01 09:50,3361
2018-11-01 09:55,3393
2018-11-01 10:00,3370
2018-11-01 10:05,3353
2018-11-01 10:10,3400
2018-11-01 10:15,3424
2018-11-01 10:20,3396
2018-11-01 10:25,3338
2018-11-01 10:30,3375
2018-11-01 10:35,3187
2018-11-01 10:40,2468
2018-11-01 10:45,1959
2018-11-01 10:50,1433
2018-11-01 10:55,1138
2018-11-01 11:00,976
2018-11-01 11:05,872
2018-11-01 11:10,880
2018-11-01 11:15,891
2018-11-01 11:20,899
2018-11-01 11:25,910
2018-11-01 11:30,930
2018-11-01 11:35,1261
2018-11-01 11:40,1163
2018-11-01 11:45,1215
2018-11-01 11:50,1317
2018-11-01 11:55,1503
2018-11-01 12:00,1893
2018-11-01 12:05,2293
2018-11-01 12:10,2647
2018-11-01 12:15,2998
2018-11-01 12:20,3312
2018-11-01 12:25,3604
2018-11-01 12:30,3816
2018-11-01 12:35,4036
2018-11-01 12:40,4238
2018-11-01 12:45,4398
2018-11-01 12:50,4576
2018-11-01 12:55,4707
2018-11-01 13:00,4838
2018-11-01 13:05,4990
2018-11-01 13:10,5079
2018-11-01 13:15,5189
2018-11-01 13:20,5313
2018-11-01 13:25,5411
2018-11-01 13:30,5480
2018-11-01 13:35,5508
2018-11-01 13:40,5569
2018-11-01 13:45,5682
2018-11-01 13:50,5760
2018-11-01 13:55,5872
2018-11-01 14:00,5952
2018-11-01 14:05,5996
2018-11-01 14:10,5998
2018-11-01 14:15,6094
2018-11-01 14:20,6193
2018-11-01 14:25,6248
2018-11-01 14:30,6305
2018-11-01 14:35,6325
2018-11-01 14:40,6408
2018-11-01 14:45,6461
2018-11-01 14:50,6541
2018-11-01 14:55,6583
2018-11-01 15:00,6688
2018-11-01 15:05,6723
2018-11-01 15:10,6793
2018-11-01 15:15,6925
2018-11-01 15:20,7021
2018-11-01 15:25,7073
2018-11-01 15:30,7137
2018-11-01 15:35,7188
2018-11-01 15:40,7257
2018-11-01 15:45,7334
2018-11-01 15:50,7471
2018-11-01 15:55,7524
2018-11-01 16:00,7561
2018-11-01 16:05,7590
2018-11-01 16:10,7598
2018-11-01 16:15,7644
2018-11-01 16:20,7701
2018-11-01 16:25,7768
2018-11-01 16:30,7808
2018-11-01 16:35,7876
2018-11-01 16:40,7962
2018-11-01 16:45,8030
2018-11-01 16:50,8050
2018-11-01 16:55,8075
2018-11-01 17:00,8092
2018-11-01 17:05,8068
2018-11-01 17:10,8068
2018-11-01 17:15,8162
2018-11-01 17:20,8119
2018-11-01 17:25,8165
2018-11-01 17:30,8230
2018-11-01 17:35,8283
2018-11-01 17:40,8403
2018-11-01 17:45,8460
2018-11-01 17:50,8477
2018-11-01 17:55,8443
2018-11-01 18:00,8474
2018-11-01 18:05,8510
2018-11-01 18:10,8471
2018-11-01 18:15,8584
2018-11-01 18:20,8608
2018-11-01 18:25,8679
2018-11-01 18:30,8785
2018-11-01 18:35,8852
2018-11-01 18:40,8951
2018-11-01 18:45,9008
2018-11-01 18:50,9093
2018-11-01 18:55,9140
2018-11-01 19:00,9153
2018-11-01 19:05,9227
2018-11-01 19:10,9238
2018-11-01 19:15,9257
2018-11-01 19:20,9258
2018-11-01 19:25,9263
2018-11-01 19:30,9231
2018-11-01 19:35,9258
2018-11-01 19:40,9240
2018-11-01 19:45,9266
2018-11-01 19:50,9324
2018-11-01 19:55,9388
2018-11-01 20:00,9448
2018-11-01 20:05,9472
2018-11-01 20:10,9551
2018-11-01 20:15,9547
2018-11-01 20:20,9500
2018-11-01 20:25,9494
2018-11-01 20:30,9450
2018-11-01 20:35,9455
2018-11-01 20:40,9447
2018-11-01 20:45,9439
2018-11-01 20:50,9403
2018-11-01 20:55,9341
2018-11-01 21:00,9325
2018-11-01 21:05,9279
2018-11-01 21:10,9204
2018-11-01 21:15,9150
2018-11-01 21:20,9118
2018-11-01 21:25,9072
2018-11-01 21:30,9079
2018-11-01 21:35,9075
2018-11-01 21:40,9049
2018-11-01 21:45,8984
2018-11-01 21:50,8960
2018-11-01 21:55,8879
2018-11-01 22:00,8795
2018-11-01 22:05,8774
2018-11-01 22:10,8733
2018-11-01 22:15,8690
2018-11-01 22:20,8639
2018-11-01 22:25,8587
2018-11-01 22:30,8605
2018-11-01 22:35,8511
2018-11-01 22:40,8503
2018-11-01 22:45,8419
2018-11-01 22:50,8304
2018-11-01 22:55,8227
2018-11-01 23:00,8155
2018-11-01 23:05,8051
2018-11-01 23:10,7938
2018-11-01 23:15,7939
2018-11-01 23:20,7900
2018-11-01 23:25,7851
2018-11-01 23:30,7805
2018-11-01 23:35,7734
2018-11-01 23:40,7664
2018-11-01 23:45,7740
2018-11-01 23:50,7757
2018-11-01 23:55,7740
2018-11-02 00:00,7668
2018-11-02 00:05,7649
2018-11-02 00:10,7655
2018-11-02 00:15,7704
2018-11-02 00:20,7659
2018-11-02 00:25,7592
2018-11-02 00:30,7623
2018-11-02 00:35,7560
2018-11-02 00:40,7528
2018-11-02 00:45,7554
2018-11-02 00:50,7519
2018-11-02 00:55,7519
2018-11-02 01:00,7450
2018-11-02 01:05,7425
2018-11-02 01:10,7333
2018-11-02 01:15,7306
2018-11-02 01:20,7302
2018-11-02 01:25,7304
2018-11-02 01:30,7293
2018-11-02 01:35,7296
2018-11-02 01:40,7280
2018-11-02 01:45,7248
2018-11-02 01:50,7164
2018-11-02 01:55,7074
2018-11-02 02:00,7018
2018-11-02 02:05,6957
2018-11-02 02:10,6896
2018-11-02 02:15,6831
2018-11-02 02:20,6786
2018-11-02 02:25,6694
2018-11-02 02:30,6662
2018-11-02 02:35,6595
2018-11-02 02:40,6542
2018-11-02 02:45,6540
2018-11-02 02:50,6438
2018-11-02 02:55,6445
2018-11-02 03:00,6415
2018-11-02 03:05,6340
2018-11-02 03:10,6292
2018-11-02 03:15,6275
2018-11-02 03:20,6172
2018-11-02 03:25,6127
2018-11-02 03:30,6078
2018-11-02 03:35,6062
2018-11-02 03:40,6014
2018-11-02 03:45,5982
2018-11-02 03:50,5950
2018-11-02 03:55,5891
2018-11-02 04:00,5774
2018-11-02 04:05,5695
2018-11-02 04:10,5609
2018-11-02 04:15,5520
2018-11-02 04:20,5465
2018-11-02 04:25,5416
2018-11-02 04:30,5322
2018-11-02 04:35,5204
2018-11-02 04:40,5117
2018-11-02 04:45,5030
2018-11-02 04:50,4961
2018-11-02 04:55,4821
2018-11-02 05:00,4685
2018-11-02 05:05,4593
2018-11-02 05:10,4525
2018-11-02 05:15,4426
2018-11-02 05:20,4389
2018-11-02 05:25,4259
2018-11-02 05:30,4148
2018-11-02 05:35,4088
2018-11-02 05:40,3997
2018-11-02 05:45,3953
2018-11-02 05:50,3897
2018-11-02 05:55,3809
2018-11-02 06:00,3752
2018-11-02 06:05,3709
2018-11-02 06:10,3654
2018-11-02 06:15,3554
2018-11-02 06:20,3479
2018-11-02 06:25,3428
2018-11-02 06:30,3379
2018-11-02 06:35,3297
2018-11-02 06:40,3216
2018-11-02 06:45,3190
2018-11-02 06:50,3160
2018-11-02 06:55,3096
2018-11-02 07:00,3004
2018-11-02 07:05,2943
2018-11-02 07:10,2907
2018-11-02 07:15,2899
2018-11-02 07:20,2841
2018-11-02 07:25,2827
2018-11-02 07:30,2791
2018-11-02 07:35,2756
2018-11-02 07:40,2760
2018-11-02 07:45,2757
2018-11-02 07:50,2751
2018-11-02 07:55,2747
2018-11-02 08:00,2744
2018-11-02 08:05,2713
2018-11-02 08:10,2688
2018-11-02 08:15,2663
2018-11-02 08:20,2661
2018-11-02 08:25,2671
2018-11-02 08:30,2703
2018-11-02 08:35,2720
2018-11-02 08:40,2769
2018-11-02 08:45,2793
2018-11-02 08:50,2807
2018-11-02 08:55,2814
2018-11-02 09:00,2836
2018-11-02 09:05,2901
2018-11-02 09:10,2973
2018-11-02 09:15,3035
2018-11-02 09:20,3081
2018-11-02 09:25,3108
2018-11-02 09:30,3159
2018-11-02 09:35,3183
2018-11-02 09:40,3219
2018-11-02 09:45,3249
2018-11-02 09:50,3290
2018-11-02 09:55,3303
2018-11-02 10:00,3337
2018-11-02 10:05,3398
2018-11-02 10:10,3448
2018-11-02 10:15,3529
2018-11-02 10:20,3539
2018-11-02 10:25,3636
2018-11-02 10:30,3652
2018-11-02 10:35,3728
2018-11-02 10:40,3793
2018-11-02 10:45,3848
2018-11-02 10:50,3922
2018-11-02 10:55,4014
2018-11-02 11:00,4118
2018-11-02 11:05,4142
2018-11-02 11:10,4222
2018-11-02 11:15,4262
2018-11-02 11:20,4319
2018-11-02 11:25,4362
2018-11-02 11:30,4438
2018-11-02 11:35,4502
2018-11-02 11:40,4519
2018-11-02 11:45,4602
2018-11-02 11:50,4666
2018-11-02 11:55,4710
2018-11-02 12:00,4766
2018-11-02 12:05,4810
2018-11-02 12:10,4889
2018-11-02 12:15,4935
2018-11-02 12:20,5024
2018-11-02 12:25,5085
2018-11-02 12:30,5158
2018-11-02 12:35,5208
2018-11-02 12:40,5285
2018-11-02 12:45,5361
2018-11-02 12:50,5450
2018-11-02 12:55,5481
2018-11-02 13:00,5583
2018-11-02 13:05,5551
2018-11-02 13:10,5613
2018-11-02 13:15,5640
2018-11-02 13:20,5691
2018-11-02 13:25,5759
2018-11-02 13:30,5852
2018-11-02 13:35,5945
2018-11-02 13:40,5993
2018-11-02 13:45,6030
2018-11-02 13:50,6143
2018-11-02 13:55,6264
2018-11-02 14:00,6334
2018-11-02 14:05,6383
2018-11-02 14:10,6477
2018-11-02 14:15,6586
2018-11-02 14:20,6655
2018-11-02 14:25,6689
2018-11-02 14:30,6777
2018-11-02 14:35,6846
2018-11-02 14:40,6920
2018-11-02 14:45,6984
2018-11-02 14:50,7065
2018-11-02 14:55,7174
2018-11-02 15:00,7225
2018-11-02 15:05,7302
2018-11-02 15:10,7333
2018-11-02 15:15,7455
2018-11-02 15:20,7455
2018-11-02 15:25,7572
2018-11-02 15:30,7592
2018-11-02 15:35,7656
2018-11-02 15:40,7733
2018-11-02 15:45,7811
2018-11-02 15:50,7866
2018-11-02 15:55,7914
2018-11-02 16:00,7975
2018-11-02 16:05,8026
2018-11-02 16:10,8097
2018-11-02 16:15,8129
2018-11-02 16:20,8147
2018-11-02 16:25,8157
2018-11-02 16:30,8257
2018-11-02 16:35,8276
2018-11-02 16:40,8342
2018-11-02 16:45,8368
2018-11-02 16:50,8445
2018-11-02 16:55,8529
2018-11-02 17:00,8609
2018-11-02 17:05,8650
2018-11-02 17:10,8727
2018-11-02 17:15,8826
2018-11-02 17:20,8896
2018-11-02 17:25,8927
2018-11-02 17:30,8921
2018-11-02 17:35,8991
2018-11-02 17:40,8979
2018-11-02 17:45,9048
2018-11-02 17:50,9054
2018-11-02 17:55,9115
2018-11-02 18:00,9178
2018-11-02 18:05,9259
2018-11-02 18:10,9287
2018-11-02 18:15,9241
2018-11-02 18:20,9280
2018-11-02 18:25,9293
2018-11-02 18:30,9252
2018-11-02 18:35,9256
2018-11-02 18:40,9273
2018-11-02 18:45,9306
2018-11-02 18:50,9354
2018-11-02 18:55,9369
2018-11-02 19:00,9440
2018-11-02 19:05,9442
2018-11-02 19:10,9397
2018-11-02 19:15,9400
2018-11-02 19:20,9423
2018-11-02 19:25,9444
2018-11-02 19:30,9479
2018-11-02 19:35,9522
2018-11-02 19:40,9606
2018-11-02 19:45,9641
2018-11-02 19:50,9681
2018-11-02 19:55,9723
2018-11-02 20:00,9717
2018-11-02 20:05,9764
2018-11-02 20:10,9788
2018-11-02 20:15,9844
2018-11-02 20:20,0
2018-11-02 20:25,9981
2018-11-02 20:30,10058
2018-11-02 20:35,10084
2018-11-02 20:40,10062
2018-11-02 20:45,10073
2018-11-02 20:50,10101
2018-11-02 20:55,10070
2018-11-02 21:00,10067
2018-11-02 21:05,10047
2018-11-02 21:10,10011
2018-11-02 21:15,10027
2018-11-02 21:20,10031
2018-11-02 21:25,10027
2018-11-02 21:30,9967
2018-11-02 21:35,9959
2018-11-02 21:40,9954
2018-11-02 21:45,9914
2018-11-02 21:50,9837
2018-11-02 21:55,9753
2018-11-02 22:00,9725
2018-11-02 22:05,9662
2018-11-02 22:10,9597
2018-11-02 22:15,9536
2018-11-02 22:20,9461
2018-11-02 22:25,9372
2018-11-02 22:30,9428
2018-11-02 22:35,9428
2018-11-02 22:40,9383
2018-11-02 22:45,9360
2018-11-02 22:50,9293
2018-11-02 22:55,9231
2018-11-02 23:00,9175
2018-11-02 23:05,9104
2018-11-02 23:10,9079
2018-11-02 23:15,8990
2018-11-02 23:20,8912
2018-11-02 23:25,8902
2018-11-02 23:30,8780
2018-11-02 23:35,8676
2018-11-02 23:40,8659
2018-11-02 23:45,8576
2018-11-02 23:50,8531
2018-11-02 23:55,8453
2018-11-03 00:00,8434
2018-11-03 00:05,8294
2018-11-03 00:10,8275
2018-11-03 00:15,8236
2018-11-03 00:20,8188
2018-11-03 00:25,8124
2018-11-03 00:30,8119
2018-11-03 00:35,8066
2018-11-03 00:40,8069
2018-11-03 00:45,8024
2018-11-03 00:50,7967
2018-11-03 00:55,7950
2018-11-03 01:00,7934
2018-11-03 01:05,7912
2018-11-03 01:10,7878
2018-11-03 01:15,7869
2018-11-03 01:20,7827
2018-11-03 01:25,7750
2018-11-03 01:30,7741
2018-11-03 01:35,7717
2018-11-03 01:40,7640
2018-11-03 01:45,7643
2018-11-03 01:50,7590
2018-11-03 01:55,7571
2018-11-03 02:00,7526
2018-11-03 02:05,7486
2018-11-03 02:10,7468
2018-11-03 02:15,7408
2018-11-03 02:20,7398
2018-11-03 02:25,7394
2018-11-03 02:30,7385
2018-11-03 02:35,7363
2018-11-03 02:40,7321
2018-11-03 02:45,7223
2018-11-03 02:50,7196
2018-11-03 02:55,7150
2018-11-03 03:00,7097
2018-11-03 03:05,7032
2018-11-03 03:10,7009
2018-11-03 03:15,6955
2018-11-03 03:20,6938
2018-11-03 03:25,6833
2018-11-03 03:30,6800
2018-11-03 03:35,6761
2018-11-03 03:40,6750
2018-11-03 03:45,6678
2018-11-03 03:50,6578
2018-11-03 03:55,6501
2018-11-03 04:00,6478
2018-11-03 04:05,6416
2018-11-03 04:10,6393
2018-11-03 04:15,6320
2018-11-03 04:20,6266
2018-11-03 04:25,6198
2018-11-03 04:30,6119
2018-11-03 04:35,6078
2018-11-03 04:40,5969
2018-11-03 04:45,5886
2018-11-03 04:50,5816
2018-11-03 04:55,5686
2018-11-03 05:00,5579
2018-11-03 05:05,5516
2018-11-03 05:10,5430
2018-11-03 05:15,5340
2018-11-03 05:20,5275
2018-11-03 05:25,5165
2018-11-03 05:30,5110
2018-11-03 05:35,5000
2018-11-03 05:40,4920
2018-11-03 05:45,4875
2018-11-03 05:50,4792
2018-11-03 05:55,4698
2018-11-03 06:00,4635
2018-11-03 06:05,4530
2018-11-03 06:10,4456
2018-11-03 06:15,4345
2018-11-03 06:20,4281
2018-11-03 06:25,4219
2018-11-03 06:30,4154
2018-11-03 06:35,4057
2018-11-03 06:40,4016
2018-11-03 06:45,3930
2018-11-03 06:50,3898
2018-11-03 06:55,3881
2018-11-03 07:00,3845
2018-11-03 07:05,3830
2018-11-03 07:10,3797
2018-11-03 07:15,3776
2018-11-03 07:20,3762
2018-11-03 07:25,3712
2018-11-03 07:30,3717
2018-11-03 07:35,3652
2018-11-03 07:40,3637
2018-11-03 07:45,3612
2018-11-03 07:50,3604
2018-11-03 07:55,3553
2018-11-03 08:00,3524
2018-11-03 08:05,3513
2018-11-03 08:10,3474
2018-11-03 08:15,3475
2018-11-03 08:20,3479
2018-11-03 08:25,3517
2018-11-03 08:30,3498
2018-11-03 08:35,3481
2018-11-03 08:40,3526
2018-11-03 08:45,3511
2018-11-03 08:50,3464
2018-11-03 08:55,3522
2018-11-03 09:00,3547
2018-11-03 09:05,3637
2018-11-03 09:10,3695
2018-11-03 09:15,3761
2018-11-03 09:20,3780
2018-11-03 09:25,3836
2018-11-03 09:30,3916
2018-11-03 09:35,3979
2018-11-03 09:40,4008
2018-11-03 09:45,4043
2018-11-03 09:50,4125
2018-11-03 09:55,4193
2018-11-03 10:00,4223
2018-11-03 10:05,4302
2018-11-03 10:10,4400
2018-11-03 10:15,4498
2018-11-03 10:20,4582
2018-11-03 10:25,4655
2018-11-03 10:30,4712
2018-11-03 10:35,4792
2018-11-03 10:40,4851
2018-11-03 10:45,4891
2018-11-03 10:50,4937
2018-11-03 10:55,5000
2018-11-03 11:00,5047
2018-11-03 11:05,5081
2018-11-03 11:10,5142
2018-11-03 11:15,5210
2018-11-03 11:20,5275
2018-11-03 11:25,5353
2018-11-03 11:30,5415
2018-11-03 11:35,5448
2018-11-03 11:40,5484
2018-11-03 11:45,5546
2018-11-03 11:50,5595
2018-11-03 11:55,5670
2018-11-03 12:00,5696
2018-11-03 12:05,5787
2018-11-03 12:10,5860
2018-11-03 12:15,5874
2018-11-03 12:20,5970
2018-11-03 12:25,6008
2018-11-03 12:30,6064
2018-11-03 12:35,6138
2018-11-03 12:40,6248
2018-11-03 12:45,6346
2018-11-03 12:50,6391
2018-11-03 12:55,6434
2018-11-03 13:00,6459
2018-11-03 13:05,6493
2018-11-03 13:10,6590
2018-11-03 13:15,6623
2018-11-03 13:20,6698
2018-11-03 13:25,6775
2018-11-03 13:30,6878
2018-11-03 13:35,6952
2018-11-03 13:40,7046
2018-11-03 13:45,7139
2018-11-03 13:50,7189
2018-11-03 13:55,7262
2018-11-03 14:00,7312
2018-11-03 14:05,7400
2018-11-03 14:10,7478
2018-11-03 14:15,7542
2018-11-03 14:20,7582
2018-11-03 14:25,7667
2018-11-03 14:30,7732
2018-11-03 14:35,7782
2018-11-03 14:40,7912
2018-11-03 14:45,7976
2018-11-03 14:50,8007
2018-11-03 14:55,8078
2018-11-03 15:00,8128
2018-11-03 15:05,8273
2018-11-03 15:10,8321
2018-11-03 15:15,8337
2018-11-03 15:20,8347
2018-11-03 15:25,8475
2018-11-03 15:30,8497
2018-11-03 15:35,8538
2018-11-03 15:40,8688
2018-11-03 15:45,8729
2018-11-03 15:50,8796
2018-11-03 15:55,8883
2018-11-03 16:00,8999
2018-11-03 16:05,9027
2018-11-03 16:10,9051
2018-11-03 16:15,9120
2018-11-03 16:20,9183
2018-11-03 16:25,9188
2018-11-03 16:30,9266
2018-11-03 16:35,9328
2018-11-03 16:40,9395
2018-11-03 16:45,9436
2018-11-03 16:50,9480
2018-11-03 16:55,9482
2018-11-03 17:00,9539
2018-11-03 17:05,9573
2018-11-03 17:10,9624
2018-11-03 17:15,9707
2018-11-03 17:20,9742
2018-11-03 17:25,9801
2018-11-03 17:30,9818
2018-11-03 17:35,9860
2018-11-03 17:40,9905
2018-11-03 17:45,9897
2018-11-03 17:50,9929
2018-11-03 17:55,10026
2018-11-03 18:00,9951
2018-11-03 18:05,10046
2018-11-03 18:10,10059
2018-11-03 18:15,10131
2018-11-03 18:20,10184
2018-11-03 18:25,10199
2018-11-03 18:30,10271
2018-11-03 18:35,10359
2018-11-03 18:40,10337
2018-11-03 18:45,10391
2018-11-03 18:50,10403
2018-11-03 18:55,10219
2018-11-03 19:00,10198
2018-11-03 19:05,10140
2018-11-03 19:10,10232
2018-11-03 19:15,10305
2018-11-03 19:20,10324
2018-11-03 19:25,10341
2018-11-03 19:30,10401
2018-11-03 19:35,10450
2018-11-03 19:40,10465
2018-11-03 19:45,10484
2018-11-03 19:50,10523
2018-11-03 19:55,10508
2018-11-03 20:00,10611
2018-11-03 20:05,10594
2018-11-03 20:10,10585
2018-11-03 20:15,10565
2018-11-03 20:20,10565
2018-11-03 20:25,10593
2018-11-03 20:30,10565
2018-11-03 20:35,10562
2018-11-03 20:40,10499
2018-11-03 20:45,10500
2018-11-03 20:50,10410
2018-11-03 20:55,10152
2018-11-03 21:00,9974
2018-11-03 21:05,9855
2018-11-03 21:10,9733
2018-11-03 21:15,9762
2018-11-03 21:20,9780
2018-11-03 21:25,9892
2018-11-03 21:30,9950
2018-11-03 21:35,9961
2018-11-03 21:40,9938
2018-11-03 21:45,9859
2018-11-03 21:50,9886
2018-11-03 21:55,9837
2018-11-03 22:00,9677
2018-11-03 22:05,9615
2018-11-03 22:10,9631
2018-11-03 22:15,9617
2018-11-03 22:20,9567
2018-11-03 22:25,9482
2018-11-03 22:30,9505
2018-11-03 22:35,9446
2018-11-03 22:40,9420
2018-11-03 22:45,9399
2018-11-03 22:50,9316
2018-11-03 22:55,9251
2018-11-03 23:00,9201
2018-11-03 23:05,9070
2018-11-03 23:10,9002
2018-11-03 23:15,8950
2018-11-03 23:20,8910
2018-11-03 23:25,8881
2018-11-03 23:30,8842
2018-11-03 23:35,8726
2018-11-03 23:40,8610
2018-11-03 23:45,8516
2018-11-03 23:50,8451
2018-11-03 23:55,8429
2018-11-04 00:00,8319
2018-11-04 00:05,8260
2018-11-04 00:10,8194
2018-11-04 00:15,8148
2018-11-04 00:20,8091
2018-11-04 00:25,7969
2018-11-04 00:30,7957
2018-11-04 00:35,7945
2018-11-04 00:40,7895
2018-11-04 00:45,7884
2018-11-04 00:50,7846
2018-11-04 00:55,7791
2018-11-04 01:00,7697
2018-11-04 01:05,7658
2018-11-04 01:10,7683
2018-11-04 01:15,7696
2018-11-04 01:20,7681
2018-11-04 01:25,7682
2018-11-04 01:30,7634
2018-11-04 01:35,7614
2018-11-04 01:40,7564
2018-11-04 01:45,7498
2018-11-04 01:50,7525
2018-11-04 01:55,7456
2018-11-04 02:00,7456
2018-11-04 02:05,7445
2018-11-04 02:10,7374
2018-11-04 02:15,7346
2018-11-04 02:20,7286
2018-11-04 02:25,7275
2018-11-04 02:30,7310
2018-11-04 02:35,7241
2018-11-04 02:40,7226
2018-11-04 02:45,7229
2018-11-04 02:50,7164
2018-11-04 02:55,7110
2018-11-04 03:00,7031
2018-11-04 03:05,6938
2018-11-04 03:10,6887
2018-11-04 03:15,6793
2018-11-04 03:20,6794
2018-11-04 03:25,6731
2018-11-04 03:30,6714
2018-11-04 03:35,6688
2018-11-04 03:40,6658
2018-11-04 03:45,6633
2018-11-04 03:50,6589
2018-11-04 03:55,6573
2018-11-04 04:00,6509
2018-11-04 04:05,6458
2018-11-04 04:10,6429
2018-11-04 04:15,6385
2018-11-04 04:20,6306
2018-11-04 04:25,6237
2018-11-04 04:30,6233
2018-11-04 04:35,6157
2018-11-04 04:40,6057
2018-11-04 04:45,5971
2018-11-04 04:50,5909
2018-11-04 04:55,5897
2018-11-04 05:00,5855
2018-11-04 05:05,5765
2018-11-04 05:10,5708
2018-11-04 05:15,5625
2018-11-04 05:20,5574
2018-11-04 05:25,5521
2018-11-04 05:30,5449
2018-11-04 05:35,5390
2018-11-04 05:40,5308
2018-11-04 05:45,5212
2018-11-04 05:50,5161
2018-11-04 05:55,5081
2018-11-04 06:00,5032
2018-11-04 06:05,4957
2018-11-04 06:10,4905
2018-11-04 06:15,4844
2018-11-04 06:20,4749
2018-11-04 06:25,4712
2018-11-04 06:30,4662
2018-11-04 06:35,4637
2018-11-04 06:40,4577
2018-11-04 06:45,4514
2018-11-04 06:50,4453
2018-11-04 06:55,4366
2018-11-04 07:00,4301
2018-11-04 07:05,4229
2018-11-04 07:10,4197
2018-11-04 07:15,4117
2018-11-04 07:20,4084
2018-11-04 07:25,4039
2018-11-04 07:30,4007
2018-11-04 07:35,3938
2018-11-04 07:40,3915
2018-11-04 07:45,3904
2018-11-04 07:50,3865
2018-11-04 07:55,3840
2018-11-04 08:00,3833
2018-11-04 08:05,3793
2018-11-04 08:10,3764
2018-11-04 08:15,3719
2018-11-04 08:20,3697
2018-11-04 08:25,3658
2018-11-04 08:30,3632
2018-11-04 08:35,3623
2018-11-04 08:40,3679
2018-11-04 08:45,3697
2018-11-04 08:50,3742
2018-11-04 08:55,3778
2018-11-04 09:00,3797
2018-11-04 09:05,3885
2018-11-04 09:10,3962
2018-11-04 09:15,4019
2018-11-04 09:20,4078
2018-11-04 09:25,4103
2018-11-04 09:30,4164
2018-11-04 09:35,4162
2018-11-04 09:40,4241
2018-11-04 09:45,4330
2018-11-04 09:50,4374
2018-11-04 09:55,4397
2018-11-04 10:00,4441
2018-11-04 10:05,4522
2018-11-04 10:10,4545
2018-11-04 10:15,4604
2018-11-04 10:20,4728
2018-11-04 10:25,4788
2018-11-04 10:30,4853
2018-11-04 10:35,4934
2018-11-04 10:40,5017
2018-11-04 10:45,5071
2018-11-04 10:50,5107
2018-11-04 10:55,5196
2018-11-04 11:00,5273
2018-11-04 11:05,5349
2018-11-04 11:10,5458
2018-11-04 11:15,5503
2018-11-04 11:20,5515
2018-11-04 11:25,5612
2018-11-04 11:30,5635
2018-11-04 11:35,5695
2018-11-04 11:40,5805
2018-11-04 11:45,5881
2018-11-04 11:50,5954
2018-11-04 11:55,6052
2018-11-04 12:00,6054
2018-11-04 12:05,6109
2018-11-04 12:10,6187
2018-11-04 12:15,6249
2018-11-04 12:20,6312
2018-11-04 12:25,6385
2018-11-04 12:30,6409
2018-11-04 12:35,6507
2018-11-04 12:40,6548
2018-11-04 12:45,6588
2018-11-04 12:50,6678
2018-11-04 12:55,6705
2018-11-04 13:00,6730
2018-11-04 13:05,6790
2018-11-04 13:10,6798
2018-11-04 13:15,6807
2018-11-04 13:20,6906
2018-11-04 13:25,6944
2018-11-04 13:30,6982
2018-11-04 13:35,7060
2018-11-04 13:40,7136
2018-11-04 13:45,7198
2018-11-04 13:50,7232
2018-11-04 13:55,7298
2018-11-04 14:00,7353
2018-11-04 14:05,7441
2018-11-04 14:10,7503
2018-11-04 14:15,7529
2018-11-04 14:20,7672
2018-11-04 14:25,7714
2018-11-04 14:30,7746
2018-11-04 14:35,7763
2018-11-04 14:40,7862
2018-11-04 14:45,7918
2018-11-04 14:50,8033
2018-11-04 14:55,8104
2018-11-04 15:00,8191
2018-11-04 15:05,8270
2018-11-04 15:10,8360
2018-11-04 15:15,8425
2018-11-04 15:20,8443
2018-11-04 15:25,8525
2018-11-04 15:30,8609
2018-11-04 15:35,8738
2018-11-04 15:40,8888
2018-11-04 15:45,8963
2018-11-04 15:50,9014
2018-11-04 15:55,9055
2018-11-04 16:00,9141
2018-11-04 16:05,9163
2018-11-04 16:10,9273
2018-11-04 16:15,9329
2018-11-04 16:20,9388
2018-11-04 16:25,9414
2018-11-04 16:30,9489
2018-11-04 16:35,9534
2018-11-04 16:40,9510
2018-11-04 16:45,9623
2018-11-04 16:50,9678
2018-11-04 16:55,9667
2018-11-04 17:00,9697
2018-11-04 17:05,9759
2018-11-04 17:10,9804
2018-11-04 17:15,9823
2018-11-04 17:20,9904
2018-11-04 17:25,9979
2018-11-04 17:30,10080
2018-11-04 17:35,10067
2018-11-04 17:40,10135
2018-11-04 17:45,10088
2018-11-04 17:50,10115
2018-11-04 17:55,10136
2018-11-04 18:00,10132
2018-11-04 18:05,10171
2018-11-04 18:10,10200
2018-11-04 18:15,10317
2018-11-04 18:20,10479
2018-11-04 18:25,10592
2018-11-04 18:30,10680
2018-11-04 18:35,10757
2018-11-04 18:40,10831
2018-11-04 18:45,10793
2018-11-04 18:50,10775
2018-11-04 18:55,10767
2018-11-04 19:00,10737
2018-11-04 19:05,10812
2018-11-04 19:10,10800
2018-11-04 19:15,10802
2018-11-04 19:20,10837
2018-11-04 19:25,10849
2018-11-04 19:30,10826
2018-11-04 19:35,10937
2018-11-04 19:40,10943
2018-11-04 19:45,10982
2018-11-04 19:50,10950
2018-11-04 19:55,10935
2018-11-04 20:00,10958
2018-11-04 20:05,10880
2018-11-04 20:10,10874
2018-11-04 20:15,10818
2018-11-04 20:20,10769
2018-11-04 20:25,10811
2018-11-04 20:30,10723
2018-11-04 20:35,10698
2018-11-04 20:40,10623
2018-11-04 20:45,10593
2018-11-04 20:50,10555
2018-11-04 20:55,10531
2018-11-04 21:00,10467
2018-11-04 21:05,10378
2018-11-04 21:10,10309
2018-11-04 21:15,10279
2018-11-04 21:20,10167
2018-11-04 21:25,10098
2018-11-04 21:30,10082
2018-11-04 21:35,9995
2018-11-04 21:40,9917
2018-11-04 21:45,9840
2018-11-04 21:50,9772
2018-11-04 21:55,9711
2018-11-04 22:00,9688
2018-11-04 22:05,9599
2018-11-04 22:10,9512
2018-11-04 22:15,9463
2018-11-04 22:20,9377
2018-11-04 22:25,9254
2018-11-04 22:30,9166
2018-11-04 22:35,9046
2018-11-04 22:40,8890
2018-11-04 22:45,8797
2018-11-04 22:50,8775
2018-11-04 22:55,8639
2018-11-04 23:00,8512
2018-11-04 23:05,8384
2018-11-04 23:10,8362
2018-11-04 23:15,8302
2018-11-04 23:20,8219
2018-11-04 23:25,8182
2018-11-04 23:30,8125
2018-11-04 23:35,8051
2018-11-04 23:40,7971
2018-11-04 23:45,7908
2018-11-04 23:50,7887
2018-11-04 23:55,7769
2018-11-05 00:00,7764
2018-11-05 00:05,7736
2018-11-05 00:10,7671
2018-11-05 00:15,7655
2018-11-05 00:20,7605
2018-11-05 00:25,7561
2018-11-05 00:30,7550
2018-11-05 00:35,7528
2018-11-05 00:40,7481
2018-11-05 00:45,7437
2018-11-05 00:50,7389
2018-11-05 00:55,7305
2018-11-05 01:00,7297
2018-11-05 01:05,7302
2018-11-05 01:10,7286
2018-11-05 01:15,7272
2018-11-05 01:20,7262
2018-11-05 01:25,7211
2018-11-05 01:30,7184
2018-11-05 01:35,7145
2018-11-05 01:40,7092
2018-11-05 01:45,7062
2018-11-05 01:50,6978
2018-11-05 01:55,6889
2018-11-05 02:00,6850
2018-11-05 02:05,6796
2018-11-05 02:10,6754
2018-11-05 02:15,6678
2018-11-05 02:20,6645
2018-11-05 02:25,6591
2018-11-05 02:30,6565
2018-11-05 02:35,6541
2018-11-05 02:40,6489
2018-11-05 02:45,6445
2018-11-05 02:50,6425
2018-11-05 02:55,6401
2018-11-05 03:00,6312
2018-11-05 03:05,6247
2018-11-05 03:10,6154
2018-11-05 03:15,6073
2018-11-05 03:20,6037
2018-11-05 03:25,5982
2018-11-05 03:30,5904
2018-11-05 03:35,5857
2018-11-05 03:40,5807
2018-11-05 03:45,5704
2018-11-05 03:50,5636
2018-11-05 03:55,5559
2018-11-05 04:00,5470
2018-11-05 04:05,5383
2018-11-05 04:10,5299
2018-11-05 04:15,5250
2018-11-05 04:20,5134
2018-11-05 04:25,5081
2018-11-05 04:30,5054
2018-11-05 04:35,4967
2018-11-05 04:40,4919
2018-11-05 04:45,4874
2018-11-05 04:50,4776
2018-11-05 04:55,4714
2018-11-05 05:00,4649
2018-11-05 05:05,4558
2018-11-05 05:10,4496
2018-11-05 05:15,4430
2018-11-05 05:20,4345
2018-11-05 05:25,4298
2018-11-05 05:30,4210
2018-11-05 05:35,4121
2018-11-05 05:40,4081
2018-11-05 05:45,4051
2018-11-05 05:50,3968
2018-11-05 05:55,3912
2018-11-05 06:00,3844
2018-11-05 06:05,3758
2018-11-05 06:10,3674
2018-11-05 06:15,3617
2018-11-05 06:20,3563
2018-11-05 06:25,3508
2018-11-05 06:30,3431
2018-11-05 06:35,3368
2018-11-05 06:40,3332
2018-11-05 06:45,3315
2018-11-05 06:50,3256
2018-11-05 06:55,3194
2018-11-05 07:00,3174
2018-11-05 07:05,3147
2018-11-05 07:10,3086
2018-11-05 07:15,3062
2018-11-05 07:20,3056
2018-11-05 07:25,3015
2018-11-05 07:30,2966
2018-11-05 07:35,2935
2018-11-05 07:40,2942
2018-11-05 07:45,2866
2018-11-05 07:50,2859
2018-11-05 07:55,2818
2018-11-05 08:00,2791
2018-11-05 08:05,2762
2018-11-05 08:10,2774
2018-11-05 08:15,2802
2018-11-05 08:20,2805
2018-11-05 08:25,2799
2018-11-05 08:30,2811
2018-11-05 08:35,2813
2018-11-05 08:40,2774
2018-11-05 08:45,2785
2018-11-05 08:50,2774
2018-11-05 08:55,2773
2018-11-05 09:00,2769
2018-11-05 09:05,2809
2018-11-05 09:10,2824
2018-11-05 09:15,2888
2018-11-05 09:20,2948
2018-11-05 09:25,2991
2018-11-05 09:30,
2018-11-05 09:35,3081
2018-11-05 09:40,3128
2018-11-05 09:45,3137
2018-11-05 09:50,3168
2018-11-05 09:55,3162
2018-11-05 10:00,3169
2018-11-05 10:05,3212
2018-11-05 10:10,3222
2018-11-05 10:15,3262
2018-11-05 10:20,3290
2018-11-05 10:25,3342
2018-11-05 10:30,3354
2018-11-05 10:35,3374
2018-11-05 10:40,3406
2018-11-05 10:45,3390
2018-11-05 10:50,3420
2018-11-05 10:55,3416
2018-11-05 11:00,3434
2018-11-05 11:05,3514
2018-11-05 11:10,3527
2018-11-05 11:15,3582
2018-11-05 11:20,3623
2018-11-05 11:25,3654
2018-11-05 11:30,3712
2018-11-05 11:35,3732
2018-11-05 11:40,3802
2018-11-05 11:45,3799
2018-11-05 11:50,3811
2018-11-05 11:55,3848
2018-11-05 12:00,3894
2018-11-05 12:05,3888
2018-11-05 12:10,3967
2018-11-05 12:15,4013
2018-11-05 12:20,4051
2018-11-05 12:25,4100
2018-11-05 12:30,4165
2018-11-05 12:35,4200
2018-11-05 12:40,4232
2018-11-05 12:45,4278
2018-11-05 12:50,4307
2018-11-05 12:55,4396
2018-11-05 13:00,4413
2018-11-05 13:05,4420
2018-11-05 13:10,4474
2018-11-05 13:15,4522
2018-11-05 13:20,4588
2018-11-05 13:25,4645
2018-11-05 13:30,4726
2018-11-05 13:35,4778
2018-11-05 13:40,4802
2018-11-05 13:45,4855
2018-11-05 13:50,4925
2018-11-05 13:55,4942
2018-11-05 14:00,4978
2018-11-05 14:05,5042
2018-11-05 14:10,5090
2018-11-05 14:15,5169
2018-11-05 14:20,5228
2018-11-05 14:25,5300
2018-11-05 14:30,5353
2018-11-05 14:35,5427
2018-11-05 14:40,5494
2018-11-05 14:45,5547
2018-11-05 14:50,5595
2018-11-05 14:55,5658
2018-11-05 15:00,5720
2018-11-05 15:05,5788
2018-11-05 15:10,5864
2018-11-05 15:15,5945
2018-11-05 15:20,5986
2018-11-05 15:25,6085
2018-11-05 15:30,6149
2018-11-05 15:35,6215
2018-11-05 15:40,6301
2018-11-05 15:45,6383
2018-11-05 15:50,6443
2018-11-05 15:55,6502
2018-11-05 16:00,6498
2018-11-05 16:05,6615
2018-11-05 16:10,6659
2018-11-05 16:15,6731
2018-11-05 16:20,6798
2018-11-05 16:25,6845
2018-11-05 16:30,6892
2018-11-05 16:35,6968
2018-11-05 16:40,6962
2018-11-05 16:45,7034
2018-11-05 16:50,7130
2018-11-05 16:55,7185
2018-11-05 17:00,7277
2018-11-05 17:05,7413
2018-11-05 17:10,7482
2018-11-05 17:15,7562
2018-11-05 17:20,7639
2018-11-05 17:25,7645
2018-11-05 17:30,7756
2018-11-05 17:35,7794
2018-11-05 17:40,7857
2018-11-05 17:45,7915
2018-11-05 17:50,8003
2018-11-05 17:55,8074
2018-11-05 18:00,8120
2018-11-05 18:05,8173
2018-11-05 18:10,8224
2018-11-05 18:15,8211
2018-11-05 18:20,8353
2018-11-05 18:25,8431
2018-11-05 18:30,8458
2018-11-05 18:35,8467
2018-11-05 18:40,8495
2018-11-05 18:45,8576
2018-11-05 18:50,8643
2018-11-05 18:55,8681
2018-11-05 19:00,8704
2018-11-05 19:05,8755
2018-11-05 19:10,8746
2018-11-05 19:15,8716
2018-11-05 19:20,8653
2018-11-05 19:25,8626
2018-11-05 19:30,8654
2018-11-05 19:35,8670
2018-11-05 19:40,8681
2018-11-05 19:45,8716
2018-11-05 19:50,8729
2018-11-05 19:55,8741
2018-11-05 20:00,8747
2018-11-05 20:05,8790
2018-11-05 20:10,8778
2018-11-05 20:15,8768
2018-11-05 20:20,8775
2018-11-05 20:25,8897
2018-11-05 20:30,8859
2018-11-05 20:35,8851
2018-11-05 20:40,8929
2018-11-05 20:45,8821
2018-11-05 20:50,8806
2018-11-05 20:55,8799
2018-11-05 21:00,8756
2018-11-05 21:05,8642
2018-11-05 21:10,8569
2018-11-05 21:15,8507
2018-11-05 21:20,8505
2018-11-05 21:25,8481
2018-11-05 21:30,8483
2018-11-05 21:35,8440
2018-11-05 21:40,8417
2018-11-05 21:45,8435
2018-11-05 21:50,8398
2018-11-05 21:55,8349
2018-11-05 22:00,
2018-11-05 22:05,8165
2018-11-05 22:10,8072
2018-11-05 22:15,8020
2018-11-05 22:20,7997
2018-11-05 22:25,7956
2018-11-05 22:30,7873
2018-11-05 22:35,7840
2018-11-05 22:40,7746
2018-11-05 22:45,7703
2018-11-05 22:50,7679
2018-11-05 22:55,7574
2018-11-05 23:00,7499
2018-11-05 23:05,7392
2018-11-05 23:10,7317
2018-11-05 23:15,7230
2018-11-05 23:20,7213
2018-11-05 23:25,7205
2018-11-05 23:30,7135
2018-11-05 23:35,7097
2018-11-05 23:40,7054
2018-11-05 23:45,6998
2018-11-05 23:50,6956
2018-11-05 23:55,6959
2018-11-06 00:00,6908
2018-11-06 00:05,6905
2018-11-06 00:10,6852
2018-11-06 00:15,6861
2018-11-06 00:20,6852
2018-11-06 00:25,6865
2018-11-06 00:30,6897
2018-11-06 00:35,6916
2018-11-06 00:40,6870
2018-11-06 00:45,6818
2018-11-06 00:50,6772
2018-11-06 00:55,6753
2018-11-06 01:00,6748
2018-11-06 01:05,6763
2018-11-06 01:10,6724
2018-11-06 01:15,6729
2018-11-06 01:20,6765
2018-11-06 01:25,6777
2018-11-06 01:30,6765
2018-11-06 01:35,6752
2018-11-06 01:40,6730
2018-11-06 01:45,6734
2018-11-06 01:50,6745
2018-11-06 01:55,6790
2018-11-06 02:00,6777
2018-11-06 02:05,6774
2018-11-06 02:10,6774
2018-11-06 02:15,6743
2018-11-06 02:20,6709
2018-11-06 02:25,6722
2018-11-06 02:30,6662
2018-11-06 02:35,6570
2018-11-06 02:40,6489
2018-11-06 02:45,6480
2018-11-06 02:50,6475
2018-11-06 02:55,6441
2018-11-06 03:00,6328
2018-11-06 03:05,6298
2018-11-06 03:10,6237
2018-11-06 03:15,6167
2018-11-06 03:20,6147
2018-11-06 03:25,6069
2018-11-06 03:30,5952
2018-11-06 03:35,5848
2018-11-06 03:40,5756
2018-11-06 03:45,5628
2018-11-06 03:50,5578
2018-11-06 03:55,5506
2018-11-06 04:00,5442
2018-11-06 04:05,5320
2018-11-06 04:10,5239
2018-11-06 04:15,5181
2018-11-06 04:20,5156
2018-11-06 04:25,5053
2018-11-06 04:30,5004
2018-11-06 04:35,4914
2018-11-06 04:40,4876
2018-11-06 04:45,4814
2018-11-06 04:50,4744
2018-11-06 04:55,4691
2018-11-06 05:00,4641
2018-11-06 05:05,4540
2018-11-06 05:10,4448
2018-11-06 05:15,4408
2018-11-06 05:20,4334
2018-11-06 05:25,4238
2018-11-06 05:30,4180
2018-11-06 05:35,4137
2018-11-06 05:40,4063
2018-11-06 05:45,4013
2018-11-06 05:50,3976
2018-11-06 05:55,3926
2018-11-06 06:00,3857
2018-11-06 06:05,3754
2018-11-06 06:10,3692
2018-11-06 06:15,3631
2018-11-06 06:20,3594
2018-11-06 06:25,3523
2018-11-06 06:30,3438
2018-11-06 06:35,3365
2018-11-06 06:40,3304
2018-11-06 06:45,3252
2018-11-06 06:50,3190
2018-11-06 06:55,3141
2018-11-06 07:00,3087
2018-11-06 07:05,3054
2018-11-06 07:10,3027
2018-11-06 07:15,2998
2018-11-06 07:20,2970
2018-11-06 07:25,2926
2018-11-06 07:30,2886
2018-11-06 07:35,2848
2018-11-06 07:40,2816
2018-11-06 07:45,2764
2018-11-06 07:50,2770
2018-11-06 07:55,2748
2018-11-06 08:00,2725
2018-11-06 08:05,2701
2018-11-06 08:10,2700
2018-11-06 08:15,2668
2018-11-06 08:20,2657
2018-11-06 08:25,2632
2018-11-06 08:30,2623
2018-11-06 08:35,2601
2018-11-06 08:40,2618
2018-11-06 08:45,2609
2018-11-06 08:50,2606
2018-11-06 08:55,2608
2018-11-06 09:00,2632
2018-11-06 09:05,2717
2018-11-06 09:10,2716
2018-11-06 09:15,2746
2018-11-06 09:20,2748
2018-11-06 09:25,2737
2018-11-06 09:30,2759
2018-11-06 09:35,2772
2018-11-06 09:40,2802
2018-11-06 09:45,2841
2018-11-06 09:50,2886
2018-11-06 09:55,2900
2018-11-06 10:00,2913
2018-11-06 10:05,2960
2018-11-06 10:10,3005
2018-11-06 10:15,2990
2018-11-06 10:20,3021
2018-11-06 10:25,3077
2018-11-06 10:30,3102
2018-11-06 10:35,3117
2018-11-06 10:40,3183
2018-11-06 10:45,3190
2018-11-06 10:50,3221
2018-11-06 10:55,3284
2018-11-06 11:00,3270
2018-11-06 11:05,3285
2018-11-06 11:10,3306
2018-11-06 11:15,3359
2018-11-06 11:20,3358
2018-11-06 11:25,3379
2018-11-06 11:30,3425
2018-11-06 11:35,3471
2018-11-06 11:40,3521
2018-11-06 11:45,3568
2018-11-06 11:50,3587
2018-11-06 11:55,3611
2018-11-06 12:00,3649
2018-11-06 12:05,3666
2018-11-06 12:10,3710
2018-11-06 12:15,3726
2018-11-06 12:20,3789
2018-11-06 12:25,3839
2018-11-06 12:30,3896
2018-11-06 12:35,3933
2018-11-06 12:40,3965
2018-11-06 12:45,4014
2018-11-06 12:50,4099
2018-11-06 12:55,4167
2018-11-06 13:00,4172
2018-11-06 13:05,4211
2018-11-06 13:10,4273
2018-11-06 13:15,4343
2018-11-06 13:20,4342
2018-11-06 13:25,4434
2018-11-06 13:30,4527
2018-11-06 13:35,4631
2018-11-06 13:40,4693
2018-11-06 13:45,4712
2018-11-06 13:50,4775
2018-11-06 13:55,4830
2018-11-06 14:00,4885
2018-11-06 14:05,4929
2018-11-06 14:10,5055
2018-11-06 14:15,5097
2018-11-06 14:20,5177
2018-11-06 14:25,5272
2018-11-06 14:30,5387
2018-11-06 14:35,5411
2018-11-06 14:40,5522
2018-11-06 14:45,5573
2018-11-06 14:50,5641
2018-11-06 14:55,5676
2018-11-06 15:00,5718
2018-11-06 15:05,5780
2018-11-06 15:10,5817
2018-11-06 15:15,5905
2018-11-06 15:20,6003
2018-11-06 15:25,6118
2018-11-06 15:30,6200
2018-11-06 15:35,6246
2018-11-06 15:40,6317
2018-11-06 15:45,6384
2018-11-06 15:50,6452
2018-11-06 15:55,6512
2018-11-06 16:00,6607
2018-11-06 16:05,6672
2018-11-06 16:10,6789
2018-11-06 16:15,6833
2018-11-06 16:20,6911
2018-11-06 16:25,7017
2018-11-06 16:30,7058
2018-11-06 16:35,7070
2018-11-06 16:40,7169
2018-11-06 16:45,7231
2018-11-06 16:50,7286
2018-11-06 16:55,7340
2018-11-06 17:00,7393
2018-11-06 17:05,7495
2018-11-06 17:10,7543
2018-11-06 17:15,7636
2018-11-06 17:20,7726
2018-11-06 17:25,7761
2018-11-06 17:30,7785
2018-11-06 17:35,7914
2018-11-06 17:40,8007
2018-11-06 17:45,8118
2018-11-06 17:50,8157
2018-11-06 17:55,8173
2018-11-06 18:00,8224
2018-11-06 18:05,8287
2018-11-06 18:10,8373
2018-11-06 18:15,8411
2018-11-06 18:20,8477
2018-11-06 18:25,8576
2018-11-06 18:30,8634
2018-11-06 18:35,8685
2018-11-06 18:40,8749
2018-11-06 18:45,8794
2018-11-06 18:50,8869
2018-11-06 18:55,8883
2018-11-06 19:00,8897
2018-11-06 19:05,8942
2018-11-06 19:10,8961
2018-11-06 19:15,8993
2018-11-06 19:20,9085
2018-11-06 19:25,9153
2018-11-06 19:30,9117
2018-11-06 19:35,9117
2018-11-06 19:40,9109
2018-11-06 19:45,9157
2018-11-06 19:50,9177
2018-11-06 19:55,9189
2018-11-06 20:00,9240
2018-11-06 20:05,9227
2018-11-06 20:10,9268
2018-11-06 20:15,9258
2018-11-06 20:20,9200
2018-11-06 20:25,9137
2018-11-06 20:30,9108
2018-11-06 20:35,9109
2018-11-06 20:40,9068
2018-11-06 20:45,9015
2018-11-06 20:50,9013
2018-11-06 20:55,9005
2018-11-06 21:00,8907
2018-11-06 21:05,8812
2018-11-06 21:10,8774
2018-11-06 21:15,8751
2018-11-06 21:20,8742
2018-11-06 21:25,8666
2018-11-06 21:30,8613
2018-11-06 21:35,8556
2018-11-06 21:40,8525
2018-11-06 21:45,8389
2018-11-06 21:50,8335
2018-11-06 21:55,8283
2018-11-06 22:00,8215
2018-11-06 22:05,8117
2018-11-06 22:10,8033
2018-11-06 22:15,7995
2018-11-06 22:20,7925
2018-11-06 22:25,7872
2018-11-06 22:30,7789
2018-11-06 22:35,7719
2018-11-06 22:40,7715
2018-11-06 22:45,7651
2018-11-06 22:50,7642
2018-11-06 22:55,7569
2018-11-06 23:00,7549
2018-11-06 23:05,7441
2018-11-06 23:10,
2018-11-06 23:15,
2018-11-06 23:20,
2018-11-06 23:25,6674
2018-11-06 23:30,7017
2018-11-06 23:35,7059
2018-11-06 23:40,7068
2018-11-06 23:45,7074
2018-11-06 23:50,7074
2018-11-06 23:55,7074
2018-11-07 00:00,7074
2018-11-07 00:05,7074
2018-11-07 00:10,7074
2018-11-07 00:15,6245
2018-11-07 00:20,5831
2018-11-07 00:25,6130
2018-11-07 00:30,6190
2018-11-07 00:35,6261
2018-11-07 00:40,6381
2018-11-07 00:45,6503
2018-11-07 00:50,6553
2018-11-07 00:55,6610
2018-11-07 01:00,6721
2018-11-07 01:05,6721
2018-11-07 01:10,6698
2018-11-07 01:15,6687
2018-11-07 01:20,6649
2018-11-07 01:25,6542
2018-11-07 01:30,6660
2018-11-07 01:35,6687
2018-11-07 01:40,6709
2018-11-07 01:45,6733
2018-11-07 01:50,6692
2018-11-07 01:55,6698
2018-11-07 02:00,6699
2018-11-07 02:05,6691
2018-11-07 02:10,6672
2018-11-07 02:15,6630
2018-11-07 02:20,6594
2018-11-07 02:25,6533
2018-11-07 02:30,6491
2018-11-07 02:35,6435
2018-11-07 02:40,6398
2018-11-07 02:45,6342
2018-11-07 02:50,6265
2018-11-07 02:55,6179
2018-11-07 03:00,6094
2018-11-07 03:05,6010
2018-11-07 03:10,5985
2018-11-07 03:15,5962
2018-11-07 03:20,5927
2018-11-07 03:25,5869
2018-11-07 03:30,5797
2018-11-07 03:35,5680
2018-11-07 03:40,5611
2018-11-07 03:45,5549
2018-11-07 03:50,5436
2018-11-07 03:55,5395
2018-11-07 04:00,5336
2018-11-07 04:05,5303
2018-11-07 04:10,5216
2018-11-07 04:15,5181
2018-11-07 04:20,5123
2018-11-07 04:25,5120
2018-11-07 04:30,5082
2018-11-07 04:35,5048
2018-11-07 04:40,4962
2018-11-07 04:45,4892
2018-11-07 04:50,4818
2018-11-07 04:55,4746
2018-11-07 05:00,4675
2018-11-07 05:05,4548
2018-11-07 05:10,4451
2018-11-07 05:15,4385
2018-11-07 05:20,4299
2018-11-07 05:25,4236
2018-11-07 05:30,4159
2018-11-07 05:35,4061
2018-11-07 05:40,3995
2018-11-07 05:45,3947
2018-11-07 05:50,3865
2018-11-07 05:55,3803
2018-11-07 06:00,3742
2018-11-07 06:05,3654
2018-11-07 06:10,3625
2018-11-07 06:15,3548
2018-11-07 06:20,3492
2018-11-07 06:25,3422
2018-11-07 06:30,3306
2018-11-07 06:35,3242
2018-11-07 06:40,3202
2018-11-07 06:45,3182
2018-11-07 06:50,3159
2018-11-07 06:55,3099
2018-11-07 07:00,3098
2018-11-07 07:05,3049
2018-11-07 07:10,3013
2018-11-07 07:15,2976
2018-11-07 07:20,2940
2018-11-07 07:25,2908
2018-11-07 07:30,2848
2018-11-07 07:35,2806
2018-11-07 07:40,2782
2018-11-07 07:45,2732
2018-11-07 07:50,2704
2018-11-07 07:55,2719
2018-11-07 08:00,2672
2018-11-07 08:05,2642
2018-11-07 08:10,2612
2018-11-07 08:15,2596
2018-11-07 08:20,2571
2018-11-07 08:25,2539
2018-11-07 08:30,2543
2018-11-07 08:35,2525
2018-11-07 08:40,2538
2018-11-07 08:45,2517
2018-11-07 08:50,2517
2018-11-07 08:55,2516
2018-11-07 09:00,2550
2018-11-07 09:05,2590
2018-11-07 09:10,2623
2018-11-07 09:15,2635
2018-11-07 09:20,2642
2018-11-07 09:25,2652
2018-11-07 09:30,2656
2018-11-07 09:35,2671
2018-11-07 09:40,2712
2018-11-07 09:45,2725
2018-11-07 09:50,2750
2018-11-07 09:55,2793
2018-11-07 10:00,2801
2018-11-07 10:05,2793
2018-11-07 10:10,2807
2018-11-07 10:15,2886
2018-11-07 10:20,2886
2018-11-07 10:25,2923
2018-11-07 10:30,2915
2018-11-07 10:35,2915
2018-11-07 10:40,2952
2018-11-07 10:45,2956
2018-11-07 10:50,2993
2018-11-07 10:55,2992
2018-11-07 11:00,3005
2018-11-07 11:05,2988
2018-11-07 11:10,2997
2018-11-07 11:15,2983
2018-11-07 11:20,2935
2018-11-07 11:25,2916
2018-11-07 11:30,2927
2018-11-07 11:35,2468
2018-11-07 11:40,2056
2018-11-07 11:45,1681
2018-11-07 11:50,1264
2018-11-07 11:55,1040
2018-11-07 12:00,952
2018-11-07 12:05,864
2018-11-07 12:10,889
2018-11-07 12:15,875
2018-11-07 12:20,1116
2018-11-07 12:25,1438
2018-11-07 12:30,1764
2018-11-07 12:35,2077
2018-11-07 12:40,2363
2018-11-07 12:45,2622
2018-11-07 12:50,2802
2018-11-07 12:55,3036
2018-11-07 13:00,3250
2018-11-07 13:05,3426
2018-11-07 13:10,3567
2018-11-07 13:15,3731
2018-11-07 13:20,3887
2018-11-07 13:25,4060
2018-11-07 13:30,4246
2018-11-07 13:35,4363
2018-11-07 13:40,4499
2018-11-07 13:45,4600
2018-11-07 13:50,4689
2018-11-07 13:55,4799
2018-11-07 14:00,4898
2018-11-07 14:05,4973
2018-11-07 14:10,5035
2018-11-07 14:15,5138
2018-11-07 14:20,5211
2018-11-07 14:25,5282
2018-11-07 14:30,5367
2018-11-07 14:35,5513
2018-11-07 14:40,5570
2018-11-07 14:45,5608
2018-11-07 14:50,5668
2018-11-07 14:55,5766
2018-11-07 15:00,5813
2018-11-07 15:05,5862
2018-11-07 15:10,5932
2018-11-07 15:15,5982
2018-11-07 15:20,6090
2018-11-07 15:25,6140
2018-11-07 15:30,6228
2018-11-07 15:35,6271
2018-11-07 15:40,6348
2018-11-07 15:45,6398
2018-11-07 15:50,6460
2018-11-07 15:55,6488
2018-11-07 16:00,6536
2018-11-07 16:05,6591
2018-11-07 16:10,6655
2018-11-07 16:15,6778
2018-11-07 16:20,6739
2018-11-07 16:25,6742
2018-11-07 16:30,6806
2018-11-07 16:35,6856
2018-11-07 16:40,6909
2018-11-07 16:45,6896
2018-11-07 16:50,6929
2018-11-07 16:55,6959
2018-11-07 17:00,7006
2018-11-07 17:05,7139
2018-11-07 17:10,7150
2018-11-07 17:15,7219
2018-11-07 17:20,7273
2018-11-07 17:25,7337
2018-11-07 17:30,7404
2018-11-07 17:35,7475
2018-11-07 17:40,7551
2018-11-07 17:45,7679
2018-11-07 17:50,7691
2018-11-07 17:55,7852
2018-11-07 18:00,7922
2018-11-07 18:05,7955
2018-11-07 18:10,7992
2018-11-07 18:15,8021
2018-11-07 18:20,8043
2018-11-07 18:25,8050
2018-11-07 18:30,8107
2018-11-07 18:35,8248
2018-11-07 18:40,8306
2018-11-07 18:45,8349
2018-11-07 18:50,8358
2018-11-07 18:55,8337
2018-11-07 19:00,8363
2018-11-07 19:05,8350
2018-11-07 19:10,8452
2018-11-07 19:15,8510
2018-11-07 19:20,8547
2018-11-07 19:25,8483
2018-11-07 19:30,8489
2018-11-07 19:35,8492
2018-11-07 19:40,8601
2018-11-07 19:45,8603
2018-11-07 19:50,8658
2018-11-07 19:55,8625
2018-11-07 20:00,8584
2018-11-07 20:05,8588
2018-11-07 20:10,8597
2018-11-07 20:15,8584
2018-11-07 20:20,8537
2018-11-07 20:25,8547
2018-11-07 20:30,8594
2018-11-07 20:35,8529
2018-11-07 20:40,8491
2018-11-07 20:45,8457
2018-11-07 20:50,8452
2018-11-07 20:55,8392
2018-11-07 21:00,8352
2018-11-07 21:05,8275
2018-11-07 21:10,8234
2018-11-07 21:15,8215
2018-11-07 21:20,8190
2018-11-07 21:25,8179
2018-11-07 21:30,8115
2018-11-07 21:35,8040
2018-11-07 21:40,8044
2018-11-07 21:45,8010
2018-11-07 21:50,7991
2018-11-07 21:55,7905
2018-11-07 22:00,7812
2018-11-07 22:05,7766
2018-11-07 22:10,7753
2018-11-07 22:15,7741
2018-11-07 22:20,7689
2018-11-07 22:25,7645
2018-11-07 22:30,7534
2018-11-07 22:35,7474
2018-11-07 22:40,7436
2018-11-07 22:45,7375
2018-11-07 22:50,7293
2018-11-07 22:55,7123
2018-11-07 23:00,7101
2018-11-07 23:05,7066
2018-11-07 23:10,6998
2018-11-07 23:15,6900
2018-11-07 23:20,6878
2018-11-07 23:25,6865
2018-11-07 23:30,6906
2018-11-07 23:35,6908
2018-11-07 23:40,6921
2018-11-07 23:45,6869
2018-11-07 23:50,6863
2018-11-07 23:55,6820
2018-11-08 00:00,6833
2018-11-08 00:05,6777
2018-11-08 00:10,6818
2018-11-08 00:15,6754
2018-11-08 00:20,6691
2018-11-08 00:25,6614
2018-11-08 00:30,6201
2018-11-08 00:35,4227
2018-11-08 00:40,4025
2018-11-08 00:45,4259
2018-11-08 00:50,4563
2018-11-08 00:55,4871
2018-11-08 01:00,5145
2018-11-08 01:05,5284
2018-11-08 01:10,5435
2018-11-08 01:15,5563
2018-11-08 01:20,5705
2018-11-08 01:25,5744
2018-11-08 01:30,5914
2018-11-08 01:35,5969
2018-11-08 01:40,6085
2018-11-08 01:45,6178
2018-11-08 01:50,6292
2018-11-08 01:55,6332
2018-11-08 02:00,6379
2018-11-08 02:05,6440
2018-11-08 02:10,6442
2018-11-08 02:15,6432
2018-11-08 02:20,6412
2018-11-08 02:25,6379
2018-11-08 02:30,6368
2018-11-08 02:35,6320
2018-11-08 02:40,6320
2018-11-08 02:45,6294
2018-11-08 02:50,6209
2018-11-08 02:55,6171
2018-11-08 03:00,6104
2018-11-08 03:05,6082
2018-11-08 03:10,6021
2018-11-08 03:15,5965
2018-11-08 03:20,5917
2018-11-08 03:25,5912
2018-11-08 03:30,5819
2018-11-08 03:35,5806
2018-11-08 03:40,5708
2018-11-08 03:45,5640
2018-11-08 03:50,5599
2018-11-08 03:55,5522
2018-11-08 04:00,5447
2018-11-08 04:05,5373
2018-11-08 04:10,5279
2018-11-08 04:15,5197
2018-11-08 04:20,5140
2018-11-08 04:25,5055
2018-11-08 04:30,5021
2018-11-08 04:35,4970
2018-11-08 04:40,4909
2018-11-08 04:45,4769
2018-11-08 04:50,4646
2018-11-08 04:55,4535
2018-11-08 05:00,4458
2018-11-08 05:05,4368
2018-11-08 05:10,4296
2018-11-08 05:15,4194
2018-11-08 05:20,4128
2018-11-08 05:25,4102
2018-11-08 05:30,4089
2018-11-08 05:35,4008
2018-11-08 05:40,3962
2018-11-08 05:45,3898
2018-11-08 05:50,3854
2018-11-08 05:55,3750
2018-11-08 06:00,3735
2018-11-08 06:05,3663
2018-11-08 06:10,3587
2018-11-08 06:15,3499
2018-11-08 06:20,3426
2018-11-08 06:25,3341
2018-11-08 06:30,3314
2018-11-08 06:35,3255
2018-11-08 06:40,3202
2018-11-08 06:45,3144
2018-11-08 06:50,3075
2018-11-08 06:55,3029
2018-11-08 07:00,2992
2018-11-08 07:05,2952
2018-11-08 07:10,2923
2018-11-08 07:15,2885
2018-11-08 07:20,2863
2018-11-08 07:25,2841
2018-11-08 07:30,2776
2018-11-08 07:35,2705
2018-11-08 07:40,2676
2018-11-08 07:45,2693
2018-11-08 07:50,2661
2018-11-08 07:55,2625
2018-11-08 08:00,2607
2018-11-08 08:05,2604
2018-11-08 08:10,2576
2018-11-08 08:15,2602
2018-11-08 08:20,2593
2018-11-08 08:25,2578
2018-11-08 08:30,2589
2018-11-08 08:35,2557
2018-11-08 08:40,2553
2018-11-08 08:45,2545
2018-11-08 08:50,2517
2018-11-08 08:55,2501
2018-11-08 09:00,2487
2018-11-08 09:05,2520
2018-11-08 09:10,2538
2018-11-08 09:15,2548
2018-11-08 09:20,2569
2018-11-08 09:25,2602
2018-11-08 09:30,2659
2018-11-08 09:35,2682
2018-11-08 09:40,2706
2018-11-08 09:45,2754
2018-11-08 09:50,2767
2018-11-08 09:55,2791
2018-11-08 10:00,2780
2018-11-08 10:05,2832
2018-11-08 10:10,2881
2018-11-08 10:15,2899
2018-11-08 10:20,2949
2018-11-08 10:25,3018
2018-11-08 10:30,3017
2018-11-08 10:35,3012
2018-11-08 10:40,3019
2018-11-08 10:45,3042
2018-11-08 10:50,3092
2018-11-08 10:55,3100
2018-11-08 11:00,3149
2018-11-08 11:05,3188
2018-11-08 11:10,3192
2018-11-08 11:15,3242
2018-11-08 11:20,3277
2018-11-08 11:25,3314
2018-11-08 11:30,3354
2018-11-08 11:35,3397
2018-11-08 11:40,3430
2018-11-08 11:45,3451
2018-11-08 11:50,3488
2018-11-08 11:55,3554
2018-11-08 12:00,3612
2018-11-08 12:05,3654
2018-11-08 12:10,3696
2018-11-08 12:15,3708
2018-11-08 12:20,3759
2018-11-08 12:25,3799
2018-11-08 12:30,3834
2018-11-08 12:35,3881
2018-11-08 12:40,3968
2018-11-08 12:45,3990
2018-11-08 12:50,4092
2018-11-08 12:55,4141
2018-11-08 13:00,4223
2018-11-08 13:05,4225
2018-11-08 13:10,4285
2018-11-08 13:15,4328
2018-11-08 13:20,4389
2018-11-08 13:25,4426
2018-11-08 13:30,4475
2018-11-08 13:35,4522
2018-11-08 13:40,4565
2018-11-08 13:45,4617
2018-11-08 13:50,4664
2018-11-08 13:55,4727
2018-11-08 14:00,4749
2018-11-08 14:05,4793
2018-11-08 14:10,4859
2018-11-08 14:15,4908
2018-11-08 14:20,4959
2018-11-08 14:25,5016
2018-11-08 14:30,5098
2018-11-08 14:35,5128
2018-11-08 14:40,5176
2018-11-08 14:45,5268
2018-11-08 14:50,5332
2018-11-08 14:55,5383
2018-11-08 15:00,5405
2018-11-08 15:05,5471
2018-11-08 15:10,5516
2018-11-08 15:15,5600
2018-11-08 15:20,5700
2018-11-08 15:25,5796
2018-11-08 15:30,5878
2018-11-08 15:35,5948
2018-11-08 15:40,6002
2018-11-08 15:45,6066
2018-11-08 15:50,6047
2018-11-08 15:55,6109
2018-11-08 16:00,6214
2018-11-08 16:05,6247
2018-11-08 16:10,6340
2018-11-08 16:15,6386
2018-11-08 16:20,6495
2018-11-08 16:25,6559
2018-11-08 16:30,6625
2018-11-08 16:35,6727
2018-11-08 16:40,6740
2018-11-08 16:45,6795
2018-11-08 16:50,6947
2018-11-08 16:55,6967
2018-11-08 17:00,7065
2018-11-08 17:05,7109
2018-11-08 17:10,7132
2018-11-08 17:15,7210
2018-11-08 17:20,7330
2018-11-08 17:25,7391
2018-11-08 17:30,7536
2018-11-08 17:35,7589
2018-11-08 17:40,7668
2018-11-08 17:45,7680
2018-11-08 17:50,7770
2018-11-08 17:55,7900
2018-11-08 18:00,7969
2018-11-08 18:05,7956
2018-11-08 18:10,7978
2018-11-08 18:15,8008
2018-11-08 18:20,8078
2018-11-08 18:25,8191
2018-11-08 18:30,8199
2018-11-08 18:35,8207
2018-11-08 18:40,8239
2018-11-08 18:45,8239
2018-11-08 18:50,8209
2018-11-08 18:55,8302
2018-11-08 19:00,8384
2018-11-08 19:05,8407
2018-11-08 19:10,8459
2018-11-08 19:15,8483
2018-11-08 19:20,8464
2018-11-08 19:25,8489
2018-11-08 19:30,8526
2018-11-08 19:35,8436
2018-11-08 19:40,8428
2018-11-08 19:45,8475
2018-11-08 19:50,8465
2018-11-08 19:55,8494
2018-11-08 20:00,8439
2018-11-08 20:05,8481
2018-11-08 20:10,8473
2018-11-08 20:15,8459
2018-11-08 20:20,8421
2018-11-08 20:25,8432
2018-11-08 20:30,8437
2018-11-08 20:35,8352
2018-11-08 20:40,8374
2018-11-08 20:45,8361
2018-11-08 20:50,8363
2018-11-08 20:55,8376
2018-11-08 21:00,8340
2018-11-08 21:05,8258
2018-11-08 21:10,8194
2018-11-08 21:15,8150
2018-11-08 21:20,8098
2018-11-08 21:25,8067
2018-11-08 21:30,8011
2018-11-08 21:35,7982
2018-11-08 21:40,0
2018-11-08 21:45,7965
2018-11-08 21:50,7944
2018-11-08 21:55,7901
2018-11-08 22:00,7803
2018-11-08 22:05,7819
2018-11-08 22:10,7729
2018-11-08 22:15,7694
2018-11-08 22:20,7591
2018-11-08 22:25,7493
2018-11-08 22:30,7478
2018-11-08 22:35,7457
2018-11-08 22:40,7350
2018-11-08 22:45,7340
2018-11-08 22:50,7225
2018-11-08 22:55,7235
2018-11-08 23:00,7200
2018-11-08 23:05,7098
2018-11-08 23:10,7046
2018-11-08 23:15,6991
2018-11-08 23:20,6971
2018-11-08 23:25,6920
2018-11-08 23:30,6861
2018-11-08 23:35,6866
2018-11-08 23:40,6824
2018-11-08 23:45,6759
2018-11-08 23:50,6756
2018-11-08 23:55,6767
2018-11-09 00:00,6684
2018-11-09 00:05,6665
2018-11-09 00:10,6642
2018-11-09 00:15,6582
2018-11-09 00:20,6549
2018-11-09 00:25,6480
2018-11-09 00:30,6452
2018-11-09 00:35,0
2018-11-09 00:40,6443
2018-11-09 00:45,6436
2018-11-09 00:50,6415
2018-11-09 00:55,6390
2018-11-09 01:00,6404
2018-11-09 01:05,6410
2018-11-09 01:10,6372
2018-11-09 01:15,6388
2018-11-09 01:20,6344
2018-11-09 01:25,6325
2018-11-09 01:30,6350
2018-11-09 01:35,6367
2018-11-09 01:40,6347
2018-11-09 01:45,6344
2018-11-09 01:50,6333
2018-11-09 01:55,6316
2018-11-09 02:00,6274
2018-11-09 02:05,6254
2018-11-09 02:10,6229
2018-11-09 02:15,6224
2018-11-09 02:20,6176
2018-11-09 02:25,6148
2018-11-09 02:30,6129
2018-11-09 02:35,6105
2018-11-09 02:40,6086
2018-11-09 02:45,6035
2018-11-09 02:50,6007
2018-11-09 02:55,6023
2018-11-09 03:00,5994
2018-11-09 03:05,5918
2018-11-09 03:10,5813
2018-11-09 03:15,5805
2018-11-09 03:20,5773
2018-11-09 03:25,5728
2018-11-09 03:30,5676
2018-11-09 03:35,5641
2018-11-09 03:40,5605
2018-11-09 03:45,5517
2018-11-09 03:50,5489
2018-11-09 03:55,5461
2018-11-09 04:00,5405
2018-11-09 04:05,5283
2018-11-09 04:10,5211
2018-11-09 04:15,5127
2018-11-09 04:20,5066
2018-11-09 04:25,5007
2018-11-09 04:30,4961
2018-11-09 04:35,4897
2018-11-09 04:40,4858
2018-11-09 04:45,4792
2018-11-09 04:50,4728
2018-11-09 04:55,4673
2018-11-09 05:00,4634
2018-11-09 05:05,4577
2018-11-09 05:10,4483
2018-11-09 05:15,4444
2018-11-09 05:20,4386
2018-11-09 05:25,4330
2018-11-09 05:30,4240
2018-11-09 05:35,4173
2018-11-09 05:40,4079
2018-11-09 05:45,3989
2018-11-09 05:50,3888
2018-11-09 05:55,3822
2018-11-09 06:00,3730
2018-11-09 06:05,3643
2018-11-09 06:10,3588
2018-11-09 06:15,3526
2018-11-09 06:20,3477
2018-11-09 06:25,3419
2018-11-09 06:30,3353
2018-11-09 06:35,3310
2018-11-09 06:40,3240
2018-11-09 06:45,3155
2018-11-09 06:50,3113
2018-11-09 06:55,3077
2018-11-09 07:00,3055
2018-11-09 07:05,3037
2018-11-09 07:10,3019
2018-11-09 07:15,2975
2018-11-09 07:20,2964
2018-11-09 07:25,2945
2018-11-09 07:30,2909
2018-11-09 07:35,2903
2018-11-09 07:40,2858
2018-11-09 07:45,2829
2018-11-09 07:50,2770
2018-11-09 07:55,2771
2018-11-09 08:00,2787
2018-11-09 08:05,2794
2018-11-09 08:10,2765
2018-11-09 08:15,2759
2018-11-09 08:20,2738
2018-11-09 08:25,2705
2018-11-09 08:30,2685
2018-11-09 08:35,2668
2018-11-09 08:40,2658
2018-11-09 08:45,2658
2018-11-09 08:50,2652
2018-11-09 08:55,2615
2018-11-09 09:00,2609
2018-11-09 09:05,2663
2018-11-09 09:10,2652
2018-11-09 09:15,2661
2018-11-09 09:20,2691
2018-11-09 09:25,2717
2018-11-09 09:30,2748
2018-11-09 09:35,2768
2018-11-09 09:40,2794
2018-11-09 09:45,2814
2018-11-09 09:50,2812
2018-11-09 09:55,2867
2018-11-09 10:00,2896
2018-11-09 10:05,2924
2018-11-09 10:10,2918
2018-11-09 10:15,2952
2018-11-09 10:20,3003
2018-11-09 10:25,3029
2018-11-09 10:30,3075
2018-11-09 10:35,3121
2018-11-09 10:40,3162
2018-11-09 10:45,3177
2018-11-09 10:50,3205
2018-11-09 10:55,3214
2018-11-09 11:00,3246
2018-11-09 11:05,3287
2018-11-09 11:10,3340
2018-11-09 11:15,3371
2018-11-09 11:20,3393
2018-11-09 11:25,3421
2018-11-09 11:30,3473
2018-11-09 11:35,3543
2018-11-09 11:40,3575
2018-11-09 11:45,3622
2018-11-09 11:50,3644
2018-11-09 11:55,3711
2018-11-09 12:00,3731
2018-11-09 12:05,3785
2018-11-09 12:10,3818
2018-11-09 12:15,3838
2018-11-09 12:20,3892
2018-11-09 12:25,3970
2018-11-09 12:30,4051
2018-11-09 12:35,4103
2018-11-09 12:40,4127
2018-11-09 12:45,4203
2018-11-09 12:50,4281
2018-11-09 12:55,4347
2018-11-09 13:00,4372
2018-11-09 13:05,4407
2018-11-09 13:10,4460
2018-11-09 13:15,4533
2018-11-09 13:20,4605
2018-11-09 13:25,4664
2018-11-09 13:30,4664
2018-11-09 13:35,4773
2018-11-09 13:40,4814
2018-11-09 13:45,4848
2018-11-09 13:50,4914
2018-11-09 13:55,4985
2018-11-09 14:00,5009
2018-11-09 14:05,5117
2018-11-09 14:10,5169
2018-11-09 14:15,5232
2018-11-09 14:20,5306
2018-11-09 14:25,5377
2018-11-09 14:30,5526
2018-11-09 14:35,5604
2018-11-09 14:40,5701
2018-11-09 14:45,5780
2018-11-09 14:50,5638
2018-11-09 14:55,5138
2018-11-09 15:00,4895
2018-11-09 15:05,4785
2018-11-09 15:10,5053
2018-11-09 15:15,5256
2018-11-09 15:20,5402
2018-11-09 15:25,5565
2018-11-09 15:30,5685
2018-11-09 15:35,5810
2018-11-09 15:40,5952
2018-11-09 15:45,6072
2018-11-09 15:50,6244
2018-11-09 15:55,6366
2018-11-09 16:00,6403
2018-11-09 16:05,6490
2018-11-09 16:10,6583
2018-11-09 16:15,6661
2018-11-09 16:20,6763
2018-11-09 16:25,6804
2018-11-09 16:30,6854
2018-11-09 16:35,6860
2018-11-09 16:40,6877
2018-11-09 16:45,6928
2018-11-09 16:50,6982
2018-11-09 16:55,7021
2018-11-09 17:00,7087
2018-11-09 17:05,7134
2018-11-09 17:10,7134
2018-11-09 17:15,7181
2018-11-09 17:20,7263
2018-11-09 17:25,7351
2018-11-09 17:30,7417
2018-11-09 17:35,7474
2018-11-09 17:40,7526
2018-11-09 17:45,7555
2018-11-09 17:50,7590
2018-11-09 17:55,7608
2018-11-09 18:00,7682
2018-11-09 18:05,7719
2018-11-09 18:10,7747
2018-11-09 18:15,7791
2018-11-09 18:20,7886
2018-11-09 18:25,7956
2018-11-09 18:30,7986
2018-11-09 18:35,8114
2018-11-09 18:40,8191
2018-11-09 18:45,8237
2018-11-09 18:50,8237
2018-11-09 18:55,8232
2018-11-09 19:00,8315
2018-11-09 19:05,8341
2018-11-09 19:10,8338
2018-11-09 19:15,8289
2018-11-09 19:20,8291
2018-11-09 19:25,8313
2018-11-09 19:30,8373
2018-11-09 19:35,8442
2018-11-09 19:40,8490
2018-11-09 19:45,8625
2018-11-09 19:50,8653
2018-11-09 19:55,8680
2018-11-09 20:00,8703
2018-11-09 20:05,8708
2018-11-09 20:10,8682
2018-11-09 20:15,8715
2018-11-09 20:20,8728
2018-11-09 20:25,8833
2018-11-09 20:30,8891
2018-11-09 20:35,8965
2018-11-09 20:40,8994
2018-11-09 20:45,9087
2018-11-09 20:50,9150
2018-11-09 20:55,9145
2018-11-09 21:00,9108
2018-11-09 21:05,9147
2018-11-09 21:10,9162
2018-11-09 21:15,9160
2018-11-09 21:20,9147
2018-11-09 21:25,
2018-11-09 21:30,9185
2018-11-09 21:35,
2018-11-09 21:40,9153
2018-11-09 21:45,9105
2018-11-09 21:50,9095
2018-11-09 21:55,9068
2018-11-09 22:00,9017
2018-11-09 22:05,8946
2018-11-09 22:10,8949
2018-11-09 22:15,8869
2018-11-09 22:20,8865
2018-11-09 22:25,8824
2018-11-09 22:30,8746
2018-11-09 22:35,8692
2018-11-09 22:40,8627
2018-11-09 22:45,8592
2018-11-09 22:50,8442
2018-11-09 22:55,8362
2018-11-09 23:00,8305
2018-11-09 23:05,8270
2018-11-09 23:10,8233
2018-11-09 23:15,8213
2018-11-09 23:20,8138
2018-11-09 23:25,8056
2018-11-09 23:30,7941
2018-11-09 23:35,7943
2018-11-09 23:40,7989
2018-11-09 23:45,7905
2018-11-09 23:50,7918
2018-11-09 23:55,7870
2018-11-10 00:00,7830
2018-11-10 00:05,7822
2018-11-10 00:10,7727
2018-11-10 00:15,7684
2018-11-10 00:20,7636
2018-11-10 00:25,7598
2018-11-10 00:30,7584
2018-11-10 00:35,7554
2018-11-10 00:40,7486
2018-11-10 00:45,7432
2018-11-10 00:50,7397
2018-11-10 00:55,7327
2018-11-10 01:00,7255
2018-11-10 01:05,7205
2018-11-10 01:10,7102
2018-11-10 01:15,7138
2018-11-10 01:20,7147
2018-11-10 01:25,7136
2018-11-10 01:30,7110
2018-11-10 01:35,7138
2018-11-10 01:40,7134
2018-11-10 01:45,7154
2018-11-10 01:50,7133
2018-11-10 01:55,7115
2018-11-10 02:00,7043
2018-11-10 02:05,7086
2018-11-10 02:10,7051
2018-11-10 02:15,7026
2018-11-10 02:20,7001
2018-11-10 02:25,7011
2018-11-10 02:30,6969
2018-11-10 02:35,6937
2018-11-10 02:40,6947
2018-11-10 02:45,6898
2018-11-10 02:50,6879
2018-11-10 02:55,6822
2018-11-10 03:00,6844
2018-11-10 03:05,6827
2018-11-10 03:10,6797
2018-11-10 03:15,6764
2018-11-10 03:20,6745
2018-11-10 03:25,6696
2018-11-10 03:30,6679
2018-11-10 03:35,6588
2018-11-10 03:40,6552
2018-11-10 03:45,6532
2018-11-10 03:50,6490
2018-11-10 03:55,6449
2018-11-10 04:00,6398
2018-11-10 04:05,6362
2018-11-10 04:10,6361
2018-11-10 04:15,6319
2018-11-10 04:20,6274
2018-11-10 04:25,6191
2018-11-10 04:30,6135
2018-11-10 04:35,6094
2018-11-10 04:40,6054
2018-11-10 04:45,5965
2018-11-10 04:50,5900
2018-11-10 04:55,5881
2018-11-10 05:00,5838
2018-11-10 05:05,5731
2018-11-10 05:10,5598
2018-11-10 05:15,5529
2018-11-10 05:20,5529
2018-11-10 05:25,5486
2018-11-10 05:30,5408
2018-11-10 05:35,5331
2018-11-10 05:40,5260
2018-11-10 05:45,5214
2018-11-10 05:50,5136
2018-11-10 05:55,5090
2018-11-10 06:00,5029
2018-11-10 06:05,4945
2018-11-10 06:10,4895
2018-11-10 06:15,4835
2018-11-10 06:20,4803
2018-11-10 06:25,4720
2018-11-10 06:30,4686
2018-11-10 06:35,4612
2018-11-10 06:40,4561
2018-11-10 06:45,4513
2018-11-10 06:50,4482
2018-11-10 06:55,4366
2018-11-10 07:00,4356
2018-11-10 07:05,4281
2018-11-10 07:10,4216
2018-11-10 07:15,4138
2018-11-10 07:20,4124
2018-11-10 07:25,4039
2018-11-10 07:30,4033
2018-11-10 07:35,3989
2018-11-10 07:40,3952
2018-11-10 07:45,3945
2018-11-10 07:50,3870
2018-11-10 07:55,3854
2018-11-10 08:00,3839
2018-11-10 08:05,3763
2018-11-10 08:10,3735
2018-11-10 08:15,3705
2018-11-10 08:20,3679
2018-11-10 08:25,3681
2018-11-10 08:30,3653
2018-11-10 08:35,3610
2018-11-10 08:40,3630
2018-11-10 08:45,3616
2018-11-10 08:50,3606
2018-11-10 08:55,3582
2018-11-10 09:00,3617
2018-11-10 09:05,3690
2018-11-10 09:10,3724
2018-11-10 09:15,3797
2018-11-10 09:20,3844
2018-11-10 09:25,3863
2018-11-10 09:30,3864
2018-11-10 09:35,3864
2018-11-10 09:40,3892
2018-11-10 09:45,3945
2018-11-10 09:50,3968
2018-11-10 09:55,4023
2018-11-10 10:00,4087
2018-11-10 10:05,4188
2018-11-10 10:10,4229
2018-11-10 10:15,4261
2018-11-10 10:20,4296
2018-11-10 10:25,4311
2018-11-10 10:30,4372
2018-11-10 10:35,4408
2018-11-10 10:40,4420
2018-11-10 10:45,4466
2018-11-10 10:50,4503
2018-11-10 10:55,4516
2018-11-10 11:00,4538
2018-11-10 11:05,4631
2018-11-10 11:10,4701
2018-11-10 11:15,4715
2018-11-10 11:20,4810
2018-11-10 11:25,4849
2018-11-10 11:30,4886
2018-11-10 11:35,4961
2018-11-10 11:40,4976
2018-11-10 11:45,5024
2018-11-10 11:50,5024
2018-11-10 11:55,5121
2018-11-10 12:00,5140
2018-11-10 12:05,5228
2018-11-10 12:10,5308
2018-11-10 12:15,5418
2018-11-10 12:20,5486
2018-11-10 12:25,5514
2018-11-10 12:30,5596
2018-11-10 12:35,5635
2018-11-10 12:40,5694
2018-11-10 12:45,5783
2018-11-10 12:50,5887
2018-11-10 12:55,5960
2018-11-10 13:00,6063
2018-11-10 13:05,6106
2018-11-10 13:10,6133
2018-11-10 13:15,6209
2018-11-10 13:20,6275
2018-11-10 13:25,6303
2018-11-10 13:30,6307
2018-11-10 13:35,6416
2018-11-10 13:40,6472
2018-11-10 13:45,6579
2018-11-10 13:50,6620
2018-11-10 13:55,6704
2018-11-10 14:00,6747
2018-11-10 14:05,6828
2018-11-10 14:10,6924
2018-11-10 14:15,6989
2018-11-10 14:20,7084
2018-11-10 14:25,7150
2018-11-10 14:30,7127
2018-11-10 14:35,7251
2018-11-10 14:40,7349
2018-11-10 14:45,7425
2018-11-10 14:50,7512
2018-11-10 14:55,7623
2018-11-10 15:00,7678
2018-11-10 15:05,7736
2018-11-10 15:10,7848
2018-11-10 15:15,7870
2018-11-10 15:20,7973
2018-11-10 15:25,8071
2018-11-10 15:30,8116
2018-11-10 15:35,8213
2018-11-10 15:40,8275
2018-11-10 15:45,8328
2018-11-10 15:50,8375
2018-11-10 15:55,8419
2018-11-10 16:00,8436
2018-11-10 16:05,8401
2018-11-10 16:10,8501
2018-11-10 16:15,8573
2018-11-10 16:20,8689
2018-11-10 16:25,8722
2018-11-10 16:30,8759
2018-11-10 16:35,8771
2018-11-10 16:40,8762
2018-11-10 16:45,8808
2018-11-10 16:50,8863
2018-11-10 16:55,8899
2018-11-10 17:00,8969
2018-11-10 17:05,9043
2018-11-10 17:10,9124
2018-11-10 17:15,9171
2018-11-10 17:20,9220
2018-11-10 17:25,9314
2018-11-10 17:30,9318
2018-11-10 17:35,9379
2018-11-10 17:40,9380
2018-11-10 17:45,9480
2018-11-10 17:50,9524
2018-11-10 17:55,9459
2018-11-10 18:00,9495
2018-11-10 18:05,9495
2018-11-10 18:10,9500
2018-11-10 18:15,9537
2018-11-10 18:20,9543
2018-11-10 18:25,9580
2018-11-10 18:30,9636
2018-11-10 18:35,9636
2018-11-10 18:40,9816
2018-11-10 18:45,9841
2018-11-10 18:50,9866
2018-11-10 18:55,9909
2018-11-10 19:00,9928
2018-11-10 19:05,9993
2018-11-10 19:10,9975
2018-11-10 19:15,9975
2018-11-10 19:20,9976
2018-11-10 19:25,9959
2018-11-10 19:30,10018
2018-11-10 19:35,10117
2018-11-10 19:40,10143
2018-11-10 19:45,10143
2018-11-10 19:50,10198
2018-11-10 19:55,10199
2018-11-10 20:00,10199
2018-11-10 20:05,10274
2018-11-10 20:10,10286
2018-11-10 20:15,10258
2018-11-10 20:20,10255
2018-11-10 20:25,10262
2018-11-10 20:30,10301
2018-11-10 20:35,10290
2018-11-10 20:40,10274
2018-11-10 20:45,10236
2018-11-10 20:50,10217
2018-11-10 20:55,10211
2018-11-10 21:00,10286
2018-11-10 21:05,10313
2018-11-10 21:10,10255
2018-11-10 21:15,10192
2018-11-10 21:20,10113
2018-11-10 21:25,10059
2018-11-10 21:30,10015
2018-11-10 21:35,9960
2018-11-10 21:40,9878
2018-11-10 21:45,9902
2018-11-10 21:50,9902
2018-11-10 21:55,9689
2018-11-10 22:00,9687
2018-11-10 22:05,9657
2018-11-10 22:10,9612
2018-11-10 22:15,9518
2018-11-10 22:20,9500
2018-11-10 22:25,9424
2018-11-10 22:30,9346
2018-11-10 22:35,9259
2018-11-10 22:40,9233
2018-11-10 22:45,9131
2018-11-10 22:50,9105
2018-11-10 22:55,9053
2018-11-10 23:00,8938
2018-11-10 23:05,8842
2018-11-10 23:10,8826
2018-11-10 23:15,8721
2018-11-10 23:20,8613
2018-11-10 23:25,8569
2018-11-10 23:30,8533
2018-11-10 23:35,8482
2018-11-10 23:40,8454
2018-11-10 23:45,8425
2018-11-10 23:50,8334
2018-11-10 23:55,8256
2018-11-11 00:00,8215
2018-11-11 00:05,8177
2018-11-11 00:10,8132
2018-11-11 00:15,8064
2018-11-11 00:20,8000
2018-11-11 00:25,7882
2018-11-11 00:30,7862
2018-11-11 00:35,7812
2018-11-11 00:40,7762
2018-11-11 00:45,7745
2018-11-11 00:50,7692
2018-11-11 00:55,7616
2018-11-11 01:00,7574
2018-11-11 01:05,7508
2018-11-11 01:10,7442
2018-11-11 01:15,7422
2018-11-11 01:20,7405
2018-11-11 01:25,7389
2018-11-11 01:30,7334
2018-11-11 01:35,7334
2018-11-11 01:40,7322
2018-11-11 01:45,7324
2018-11-11 01:50,7286
2018-11-11 01:55,7247
2018-11-11 02:00,7221
2018-11-11 02:05,7166
2018-11-11 02:10,7200
2018-11-11 02:15,7219
2018-11-11 02:20,7159
2018-11-11 02:25,7130
2018-11-11 02:30,7126
2018-11-11 02:35,7114
2018-11-11 02:40,7062
2018-11-11 02:45,7058
2018-11-11 02:50,6975
2018-11-11 02:55,6936
2018-11-11 03:00,6910
2018-11-11 03:05,6905
2018-11-11 03:10,6869
2018-11-11 03:15,6839
2018-11-11 03:20,6814
2018-11-11 03:25,6801
2018-11-11 03:30,6814
2018-11-11 03:35,6760
2018-11-11 03:40,6767
2018-11-11 03:45,6696
2018-11-11 03:50,6627
2018-11-11 03:55,6576
2018-11-11 04:00,6576
2018-11-11 04:05,6485
2018-11-11 04:10,6430
2018-11-11 04:15,6405
2018-11-11 04:20,6353
2018-11-11 04:25,6348
2018-11-11 04:30,6311
2018-11-11 04:35,6268
2018-11-11 04:40,6211
2018-11-11 04:45,6156
2018-11-11 04:50,6128
2018-11-11 04:55,6068
2018-11-11 05:00,5968
2018-11-11 05:05,5942
2018-11-11 05:10,5879
2018-11-11 05:15,5781
2018-11-11 05:20,5764
2018-11-11 05:25,5667
2018-11-11 05:30,5620
2018-11-11 05:35,5554
2018-11-11 05:40,5547
2018-11-11 05:45,5526
2018-11-11 05:50,5434
2018-11-11 05:55,5304
2018-11-11 06:00,5293
2018-11-11 06:05,5255
2018-11-11 06:10,5143
2018-11-11 06:15,5125
2018-11-11 06:20,5025
2018-11-11 06:25,4958
2018-11-11 06:30,4844
2018-11-11 06:35,4813
2018-11-11 06:40,4744
2018-11-11 06:45,4667
2018-11-11 06:50,4643
2018-11-11 06:55,4570
2018-11-11 07:00,4503
2018-11-11 07:05,4450
2018-11-11 07:10,4414
2018-11-11 07:15,4369
2018-11-11 07:20,4328
2018-11-11 07:25,4274
2018-11-11 07:30,4257
2018-11-11 07:35,4200
2018-11-11 07:40,4177
2018-11-11 07:45,4134
2018-11-11 07:50,4084
2018-11-11 07:55,4083
2018-11-11 08:00,4023
2018-11-11 08:05,3990
2018-11-11 08:10,3969
2018-11-11 08:15,3946
2018-11-11 08:20,3880
2018-11-11 08:25,3893
2018-11-11 08:30,3860
2018-11-11 08:35,3885
2018-11-11 08:40,3916
2018-11-11 08:45,3883
2018-11-11 08:50,3911
2018-11-11 08:55,3905
2018-11-11 09:00,3914
2018-11-11 09:05,4008
2018-11-11 09:10,4079
2018-11-11 09:15,4079
2018-11-11 09:20,4086
2018-11-11 09:25,4128
2018-11-11 09:30,4137
2018-11-11 09:35,4183
2018-11-11 09:40,4211
2018-11-11 09:45,4268
2018-11-11 09:50,4302
2018-11-11 09:55,4302
2018-11-11 10:00,4348
2018-11-11 10:05,4348
2018-11-11 10:10,4433
2018-11-11 10:15,4452
2018-11-11 10:20,4452
2018-11-11 10:25,4589
2018-11-11 10:30,4654
2018-11-11 10:35,4654
2018-11-11 10:40,4713
2018-11-11 10:45,4761
2018-11-11 10:50,4817
2018-11-11 10:55,4896
2018-11-11 11:00,4963
2018-11-11 11:05,5028
2018-11-11 11:10,5058
2018-11-11 11:15,5103
2018-11-11 11:20,5196
2018-11-11 11:25,5280
2018-11-11 11:30,5377
2018-11-11 11:35,5436
2018-11-11 11:40,5495
2018-11-11 11:45,5550
2018-11-11 11:50,5635
2018-11-11 11:55,5727
2018-11-11 12:00,5770
2018-11-11 12:05,5770
2018-11-11 12:10,5924
2018-11-11 12:15,5983
2018-11-11 12:20,6026
2018-11-11 12:25,6091
2018-11-11 12:30,6164
2018-11-11 12:35,6164
2018-11-11 12:40,6253
2018-11-11 12:45,6291
2018-11-11 12:50,6364
2018-11-11 12:55,6393
2018-11-11 13:00,6546
2018-11-11 13:05,6612
2018-11-11 13:10,6636
2018-11-11 13:15,6669
2018-11-11 13:20,6669
2018-11-11 13:25,6802
2018-11-11 13:30,6807
2018-11-11 13:35,6807
2018-11-11 13:40,6953
2018-11-11 13:45,7004
2018-11-11 13:50,7004
2018-11-11 13:55,7111
2018-11-11 14:00,7139
2018-11-11 14:05,7210
2018-11-11 14:10,7286
2018-11-11 14:15,7336
2018-11-11 14:20,7411
2018-11-11 14:25,7420
2018-11-11 14:30,7491
2018-11-11 14:35,7491
2018-11-11 14:40,7589
2018-11-11 14:45,7637
2018-11-11 14:50,7733
2018-11-11 14:55,7846
2018-11-11 15:00,7898
2018-11-11 15:05,7939
2018-11-11 15:10,8010
2018-11-11 15:15,8126
2018-11-11 15:20,8168
2018-11-11 15:25,8207
2018-11-11 15:30,8265
2018-11-11 15:35,8265
2018-11-11 15:40,8292
2018-11-11 15:45,8356
2018-11-11 15:50,8460
2018-11-11 15:55,8488
2018-11-11 16:00,8507
2018-11-11 16:05,8621
2018-11-11 16:10,8643
2018-11-11 16:15,8643
2018-11-11 16:20,8657
2018-11-11 16:25,8834
2018-11-11 16:30,8834
2018-11-11 16:35,8955
2018-11-11 16:40,8955
2018-11-11 16:45,9062
2018-11-11 16:50,9062
2018-11-11 16:55,9180
2018-11-11 17:00,9180
2018-11-11 17:05,9225
2018-11-11 17:10,9314
2018-11-11 17:15,9314
2018-11-11 17:20,9326
2018-11-11 17:25,9413
2018-11-11 17:30,9464
2018-11-11 17:35,9522
2018-11-11 17:40,9521
2018-11-11 17:45,9521
2018-11-11 17:50,9541
2018-11-11 17:55,9640
2018-11-11 18:00,9651
2018-11-11 18:05,9651
2018-11-11 18:10,9775
2018-11-11 18:15,9775
2018-11-11 18:20,9861
2018-11-11 18:25,9914
2018-11-11 18:30,9958
2018-11-11 18:35,10037
2018-11-11 18:40,10047
2018-11-11 18:45,10109
2018-11-11 18:50,10146
2018-11-11 18:55,10201
2018-11-11 19:00,10269
2018-11-11 19:05,10273
2018-11-11 19:10,10378
2018-11-11 19:15,10378
2018-11-11 19:20,10358
2018-11-11 19:25,10435
2018-11-11 19:30,10501
2018-11-11 19:35,10473
2018-11-11 19:40,10473
2018-11-11 19:45,10494
2018-11-11 19:50,10460
2018-11-11 19:55,10519
2018-11-11 20:00,10519
2018-11-11 20:05,10518
2018-11-11 20:10,10547
2018-11-11 20:15,10529
2018-11-11 20:20,10477
2018-11-11 20:25,10404
2018-11-11 20:30,10450
2018-11-11 20:35,10409
2018-11-11 20:40,10366
2018-11-11 20:45,10401
2018-11-11 20:50,10362
2018-11-11 20:55,10300
2018-11-11 21:00,10148
2018-11-11 21:05,10130
2018-11-11 21:10,10121
2018-11-11 21:15,10121
2018-11-11 21:20,10057
2018-11-11 21:25,10014
2018-11-11 21:30,9807
2018-11-11 21:35,9807
2018-11-11 21:40,9749
2018-11-11 21:45,9657
2018-11-11 21:50,9651
2018-11-11 21:55,9569
2018-11-11 22:00,9406
2018-11-11 22:05,9406
2018-11-11 22:10,9340
2018-11-11 22:15,9255
2018-11-11 22:20,9078
2018-11-11 22:25,8999
2018-11-11 22:30,8927
2018-11-11 22:35,8863
2018-11-11 22:40,8758
2018-11-11 22:45,8730
2018-11-11 22:50,8644
2018-11-11 22:55,8527
2018-11-11 23:00,8384
2018-11-11 23:05,8384
2018-11-11 23:10,8278
2018-11-11 23:15,8212
2018-11-11 23:20,8114
2018-11-11 23:25,8046
2018-11-11 23:30,7922
2018-11-11 23:35,7922
2018-11-11 23:40,7835
2018-11-11 23:45,7760
2018-11-11 23:50,7690
2018-11-11 23:55,7690
2018-11-12 00:00,7507
2018-11-12 00:05,7507
2018-11-12 00:10,7457
2018-11-12 00:15,7391
2018-11-12 00:20,7391
2018-11-12 00:25,7335
2018-11-12 00:30,7364
2018-11-12 00:35,7324
2018-11-12 00:40,7291
2018-11-12 00:45,7241
2018-11-12 00:50,7198
2018-11-12 00:55,7173
2018-11-12 01:00,7150
2018-11-12 01:05,7088
2018-11-12 01:10,7095
2018-11-12 01:15,7052
2018-11-12 01:20,7043
2018-11-12 01:25,7050
2018-11-12 01:30,6998
2018-11-12 01:35,6975
2018-11-12 01:40,6975
2018-11-12 01:45,7000
2018-11-12 01:50,6942
2018-11-12 01:55,6990
2018-11-12 02:00,6926
2018-11-12 02:05,6852
2018-11-12 02:10,6849
2018-11-12 02:15,6869
2018-11-12 02:20,6833
2018-11-12 02:25,6797
2018-11-12 02:30,6793
2018-11-12 02:35,6724
2018-11-12 02:40,6649
2018-11-12 02:45,6582
2018-11-12 02:50,6518
2018-11-12 02:55,6502
2018-11-12 03:00,6486
2018-11-12 03:05,6435
2018-11-12 03:10,6353
2018-11-12 03:15,6285
2018-11-12 03:20,6188
2018-11-12 03:25,6112
2018-11-12 03:30,6045
2018-11-12 03:35,5992
2018-11-12 03:40,5879
2018-11-12 03:45,5863
2018-11-12 03:50,5792
2018-11-12 03:55,5750
2018-11-12 04:00,5670
2018-11-12 04:05,5591
2018-11-12 04:10,5537
2018-11-12 04:15,5493
2018-11-12 04:20,5481
2018-11-12 04:25,5434
2018-11-12 04:30,5373
2018-11-12 04:35,5296
2018-11-12 04:40,5228
2018-11-12 04:45,5162
2018-11-12 04:50,5151
2018-11-12 04:55,5108
2018-11-12 05:00,4983
2018-11-12 05:05,4983
2018-11-12 05:10,4938
2018-11-12 05:15,4879
2018-11-12 05:20,4758
2018-11-12 05:25,4662
2018-11-12 05:30,4579
2018-11-12 05:35,4465
2018-11-12 05:40,4403
2018-11-12 05:45,4368
2018-11-12 05:50,4287
2018-11-12 05:55,4241
2018-11-12 06:00,4057
2018-11-12 06:05,4057
2018-11-12 06:10,3999
2018-11-12 06:15,3937
2018-11-12 06:20,3865
2018-11-12 06:25,3813
2018-11-12 06:30,3745
2018-11-12 06:35,3687
2018-11-12 06:40,3625
2018-11-12 06:45,3582
2018-11-12 06:50,3567
2018-11-12 06:55,3498
2018-11-12 07:00,3424
2018-11-12 07:05,3358
2018-11-12 07:10,3324
2018-11-12 07:15,3288
2018-11-12 07:20,3245
2018-11-12 07:25,3185
2018-11-12 07:30,3148
2018-11-12 07:35,3105
2018-11-12 07:40,3060
2018-11-12 07:45,3028
2018-11-12 07:50,3013
2018-11-12 07:55,2976
2018-11-12 08:00,2939
2018-11-12 08:05,2876
2018-11-12 08:10,2838
2018-11-12 08:15,2798
2018-11-12 08:20,2798
2018-11-12 08:25,2750
2018-11-12 08:30,2722
2018-11-12 08:35,2710
2018-11-12 08:40,2689
2018-11-12 08:45,2658
2018-11-12 08:50,2659
2018-11-12 08:55,2654
2018-11-12 09:00,2636
2018-11-12 09:05,2624
2018-11-12 09:10,2668
2018-11-12 09:15,2691
2018-11-12 09:20,2694
2018-11-12 09:25,2718
2018-11-12 09:30,2721
2018-11-12 09:35,2705
2018-11-12 09:40,2707
2018-11-12 09:45,2721
2018-11-12 09:50,2726
2018-11-12 09:55,2776
2018-11-12 10:00,2809
2018-11-12 10:05,2804
2018-11-12 10:10,2884
2018-11-12 10:15,2925
2018-11-12 10:20,2944
2018-11-12 10:25,2949
2018-11-12 10:30,3025
2018-11-12 10:35,3046
2018-11-12 10:40,3085
2018-11-12 10:45,3096
2018-11-12 10:50,3122
2018-11-12 10:55,3122
2018-11-12 11:00,3148
2018-11-12 11:05,3148
2018-11-12 11:10,3131
2018-11-12 11:15,3149
2018-11-12 11:20,3216
2018-11-12 11:25,3231
2018-11-12 11:30,3226
2018-11-12 11:35,3237
2018-11-12 11:40,3298
2018-11-12 11:45,3385
2018-11-12 11:50,3433
2018-11-12 11:55,3450
2018-11-12 12:00,3466
2018-11-12 12:05,3516
2018-11-12 12:10,3569
2018-11-12 12:15,3538
2018-11-12 12:20,3555
2018-11-12 12:25,3583
2018-11-12 12:30,3655
2018-11-12 12:35,3704
2018-11-12 12:40,3786
2018-11-12 12:45,3810
2018-11-12 12:50,3833
2018-11-12 12:55,3886
2018-11-12 13:00,3914
2018-11-12 13:05,3954
2018-11-12 13:10,4012
2018-11-12 13:15,4040
2018-11-12 13:20,4063
2018-11-12 13:25,4125
2018-11-12 13:30,4220
2018-11-12 13:35,4250
2018-11-12 13:40,4237
2018-11-12 13:45,4244
2018-11-12 13:50,4262
2018-11-12 13:55,4340
2018-11-12 14:00,4396
2018-11-12 14:05,4464
2018-11-12 14:10,4468
2018-11-12 14:15,4467
2018-11-12 14:20,4473
2018-11-12 14:25,4484
2018-11-12 14:30,4422
2018-11-12 14:35,4258
2018-11-12 14:40,3450
2018-11-12 14:45,2768
2018-11-12 14:50,2176
2018-11-12 14:55,1648
2018-11-12 15:00,1403
2018-11-12 15:05,1265
2018-11-12 15:10,1228
2018-11-12 15:15,1223
2018-11-12 15:20,1248
2018-11-12 15:25,1258
2018-11-12 15:30,1280
2018-11-12 15:35,1246
2018-11-12 15:40,1255
2018-11-12 15:45,1265
2018-11-12 15:50,1262
2018-11-12 15:55,1252
2018-11-12 16:00,1261
2018-11-12 16:05,1305
2018-11-12 16:10,1323
2018-11-12 16:15,1361
2018-11-12 16:20,1383
2018-11-12 16:25,1385
2018-11-12 16:30,1337
2018-11-12 16:35,1353
2018-11-12 16:40,1250
2018-11-12 16:45,1112
2018-11-12 16:50,1106
2018-11-12 16:55,1149
2018-11-12 17:00,1279
2018-11-12 17:05,1385
2018-11-12 17:10,1855
2018-11-12 17:15,2846
2018-11-12 17:20,3795
2018-11-12 17:25,4589
2018-11-12 17:30,5291
2018-11-12 17:35,5929
2018-11-12 17:40,6475
2018-11-12 17:45,7037
2018-11-12 17:50,7452
2018-11-12 17:55,7851
2018-11-12 18:00,8188
2018-11-12 18:05,8441
2018-11-12 18:10,8759
2018-11-12 18:15,8996
2018-11-12 18:20,9246
2018-11-12 18:25,9405
2018-11-12 18:30,9616
2018-11-12 18:35,9734
2018-11-12 18:40,9833
2018-11-12 18:45,10063
2018-11-12 18:50,10227
2018-11-12 18:55,10277
2018-11-12 19:00,10418
2018-11-12 19:05,10484
2018-11-12 19:10,10520
2018-11-12 19:15,10581
2018-11-12 19:20,10653
2018-11-12 19:25,10737
2018-11-12 19:30,10769
2018-11-12 19:35,10789
2018-11-12 19:40,10807
2018-11-12 19:45,10813
2018-11-12 19:50,10802
2018-11-12 19:55,10811
2018-11-12 20:00,10761
2018-11-12 20:05,10740
2018-11-12 20:10,10670
2018-11-12 20:15,10641
2018-11-12 20:20,10584
2018-11-12 20:25,10543
2018-11-12 20:30,10537
2018-11-12 20:35,10440
2018-11-12 20:40,10448
2018-11-12 20:45,10445
2018-11-12 20:50,10406
2018-11-12 20:55,10359
2018-11-12 21:00,10274
2018-11-12 21:05,10231
2018-11-12 21:10,10212
2018-11-12 21:15,10130
2018-11-12 21:20,10017
2018-11-12 21:25,9950
2018-11-12 21:30,9881
2018-11-12 21:35,9764
2018-11-12 21:40,9682
2018-11-12 21:45,9593
2018-11-12 21:50,9596
2018-11-12 21:55,9479
2018-11-12 22:00,9405
2018-11-12 22:05,9317
2018-11-12 22:10,9246
2018-11-12 22:15,9154
2018-11-12 22:20,9079
2018-11-12 22:25,8976
2018-11-12 22:30,8875
2018-11-12 22:35,8814
2018-11-12 22:40,8745
2018-11-12 22:45,8645
2018-11-12 22:50,8571
2018-11-12 22:55,8543
2018-11-12 23:00,8463
2018-11-12 23:05,8387
2018-11-12 23:10,8265
2018-11-12 23:15,8242
2018-11-12 23:20,8154
2018-11-12 23:25,8072
2018-11-12 23:30,7963
2018-11-12 23:35,7951
2018-11-12 23:40,7842
2018-11-12 23:45,7838
2018-11-12 23:50,7806
2018-11-12 23:55,7713
2018-11-13 00:00,7716
2018-11-13 00:05,7679
2018-11-13 00:10,7626
2018-11-13 00:15,7598
2018-11-13 00:20,7548
2018-11-13 00:25,7509
2018-11-13 00:30,7457
2018-11-13 00:35,7408
2018-11-13 00:40,7451
2018-11-13 00:45,7414
2018-11-13 00:50,7374
2018-11-13 00:55,7382
2018-11-13 01:00,7326
2018-11-13 01:05,7344
2018-11-13 01:10,7347
2018-11-13 01:15,7296
2018-11-13 01:20,7289
2018-11-13 01:25,7304
2018-11-13 01:30,7258
2018-11-13 01:35,7233
2018-11-13 01:40,7210
2018-11-13 01:45,7203
2018-11-13 01:50,7201
2018-11-13 01:55,7202
2018-11-13 02:00,7154
2018-11-13 02:05,7105
2018-11-13 02:10,7114
2018-11-13 02:15,7106
2018-11-13 02:20,7061
2018-11-13 02:25,7047
2018-11-13 02:30,6989
2018-11-13 02:35,6962
2018-11-13 02:40,6918
2018-11-13 02:45,6931
2018-11-13 02:50,6863
2018-11-13 02:55,6863
2018-11-13 03:00,6771
2018-11-13 03:05,6702
2018-11-13 03:10,6641
2018-11-13 03:15,6549
2018-11-13 03:20,6508
2018-11-13 03:25,6398
2018-11-13 03:30,6342
2018-11-13 03:35,6257
2018-11-13 03:40,6153
2018-11-13 03:45,6104
2018-11-13 03:50,6021
2018-11-13 03:55,5917
2018-11-13 04:00,5855
2018-11-13 04:05,5788
2018-11-13 04:10,5706
2018-11-13 04:15,5633
2018-11-13 04:20,5557
2018-11-13 04:25,5471
2018-11-13 04:30,5401
2018-11-13 04:35,5378
2018-11-13 04:40,5321
2018-11-13 04:45,5256
2018-11-13 04:50,5182
2018-11-13 04:55,5084
2018-11-13 05:00,4983
2018-11-13 05:05,4894
2018-11-13 05:10,4836
2018-11-13 05:15,4786
2018-11-13 05:20,4682
2018-11-13 05:25,4629
2018-11-13 05:30,4542
2018-11-13 05:35,4449
2018-11-13 05:40,4350
2018-11-13 05:45,4284
2018-11-13 05:50,4168
2018-11-13 05:55,4086
2018-11-13 06:00,4038
2018-11-13 06:05,3943
2018-11-13 06:10,3851
2018-11-13 06:15,3761
2018-11-13 06:20,3695
2018-11-13 06:25,3616
2018-11-13 06:30,3569
2018-11-13 06:35,3534
2018-11-13 06:40,3483
2018-11-13 06:45,3398
2018-11-13 06:50,3400
2018-11-13 06:55,3376
2018-11-13 07:00,3311
2018-11-13 07:05,3285
2018-11-13 07:10,3269
2018-11-13 07:15,3225
2018-11-13 07:20,3179
2018-11-13 07:25,3153
2018-11-13 07:30,3124
2018-11-13 07:35,3059
2018-11-13 07:40,2994
2018-11-13 07:45,2949
2018-11-13 07:50,2936
2018-11-13 07:55,2911
2018-11-13 08:00,2860
2018-11-13 08:05,2784
2018-11-13 08:10,2742
2018-11-13 08:15,2738
2018-11-13 08:20,2766
2018-11-13 08:25,2723
2018-11-13 08:30,2724
2018-11-13 08:35,2730
2018-11-13 08:40,2678
2018-11-13 08:45,2675
2018-11-13 08:50,2682
2018-11-13 08:55,2663
2018-11-13 09:00,2620
2018-11-13 09:05,2646
2018-11-13 09:10,2702
2018-11-13 09:15,2720
2018-11-13 09:20,2762
2018-11-13 09:25,2732
2018-11-13 09:30,2774
2018-11-13 09:35,2770
2018-11-13 09:40,2788
2018-11-13 09:45,0
2018-11-13 09:50,2880
2018-11-13 09:55,2905
2018-11-13 10:00,2911
2018-11-13 10:05,2913
2018-11-13 10:10,2979
2018-11-13 10:15,3040
2018-11-13 10:20,3083
2018-11-13 10:25,3110
2018-11-13 10:30,3152
2018-11-13 10:35,3172
2018-11-13 10:40,3222
2018-11-13 10:45,3229
2018-11-13 10:50,3276
2018-11-13 10:55,3308
2018-11-13 11:00,3331
2018-11-13 11:05,3352
2018-11-13 11:10,3364
2018-11-13 11:15,3415
2018-11-13 11:20,3448
2018-11-13 11:25,3517
2018-11-13 11:30,3565
2018-11-13 11:35,3580
2018-11-13 11:40,3592
2018-11-13 11:45,3634
2018-11-13 11:50,3656
2018-11-13 11:55,3687
2018-11-13 12:00,3746
2018-11-13 12:05,3760
2018-11-13 12:10,3825
2018-11-13 12:15,3870
2018-11-13 12:20,3922
2018-11-13 12:25,3985
2018-11-13 12:30,4068
2018-11-13 12:35,4095
2018-11-13 12:40,4196
2018-11-13 12:45,4229
2018-11-13 12:50,4256
2018-11-13 12:55,4284
2018-11-13 13:00,4292
2018-11-13 13:05,4373
2018-11-13 13:10,4431
2018-11-13 13:15,4510
2018-11-13 13:20,4561
2018-11-13 13:25,4661
2018-11-13 13:30,4685
2018-11-13 13:35,4742
2018-11-13 13:40,4799
2018-11-13 13:45,4812
2018-11-13 13:50,4850
2018-11-13 13:55,4909
2018-11-13 14:00,4934
2018-11-13 14:05,4997
2018-11-13 14:10,5094
2018-11-13 14:15,5195
2018-11-13 14:20,5297
2018-11-13 14:25,5376
2018-11-13 14:30,5440
2018-11-13 14:35,5500
2018-11-13 14:40,5515
2018-11-13 14:45,5650
2018-11-13 14:50,5700
2018-11-13 14:55,5767
2018-11-13 15:00,5814
2018-11-13 15:05,5835
2018-11-13 15:10,5969
2018-11-13 15:15,6075
2018-11-13 15:20,6154
2018-11-13 15:25,6292
2018-11-13 15:30,6398
2018-11-13 15:35,6441
2018-11-13 15:40,6516
2018-11-13 15:45,6544
2018-11-13 15:50,6606
2018-11-13 15:55,6640
2018-11-13 16:00,6745
2018-11-13 16:05,6807
2018-11-13 16:10,6867
2018-11-13 16:15,6915
2018-11-13 16:20,6967
2018-11-13 16:25,7084
2018-11-13 16:30,7100
2018-11-13 16:35,7219
2018-11-13 16:40,7258
2018-11-13 16:45,7312
2018-11-13 16:50,7399
2018-11-13 16:55,7457
2018-11-13 17:00,7505
2018-11-13 17:05,7531
2018-11-13 17:10,7572
2018-11-13 17:15,7671
2018-11-13 17:20,7719
2018-11-13 17:25,7802
2018-11-13 17:30,7864
2018-11-13 17:35,7943
2018-11-13 17:40,7989
2018-11-13 17:45,8047
2018-11-13 17:50,8120
2018-11-13 17:55,8210
2018-11-13 18:00,8271
2018-11-13 18:05,8329
2018-11-13 18:10,8389
2018-11-13 18:15,8415
2018-11-13 18:20,8443
2018-11-13 18:25,8568
2018-11-13 18:30,8684
2018-11-13 18:35,8794
2018-11-13 18:40,8812
2018-11-13 18:45,8828
2018-11-13 18:50,8838
2018-11-13 18:55,8895
2018-11-13 19:00,8891
2018-11-13 19:05,8926
2018-11-13 19:10,9015
2018-11-13 19:15,9116
2018-11-13 19:20,9129
2018-11-13 19:25,9167
2018-11-13 19:30,9140
2018-11-13 19:35,9180
2018-11-13 19:40,9174
2018-11-13 19:45,9207
2018-11-13 19:50,9200
2018-11-13 19:55,9217
2018-11-13 20:00,9204
2018-11-13 20:05,9191
2018-11-13 20:10,9126
2018-11-13 20:15,9125
2018-11-13 20:20,9075
2018-11-13 20:25,9036
2018-11-13 20:30,8989
2018-11-13 20:35,8991
2018-11-13 20:40,8955
2018-11-13 20:45,8956
2018-11-13 20:50,8948
2018-11-13 20:55,8901
2018-11-13 21:00,8852
2018-11-13 21:05,8827
2018-11-13 21:10,8773
2018-11-13 21:15,8731
2018-11-13 21:20,8751
2018-11-13 21:25,8619
2018-11-13 21:30,8563
2018-11-13 21:35,8557
2018-11-13 21:40,8457
2018-11-13 21:45,8397
2018-11-13 21:50,8396
2018-11-13 21:55,8287
2018-11-13 22:00,8182
2018-11-13 22:05,8119
2018-11-13 22:10,8105
2018-11-13 22:15,8035
2018-11-13 22:20,7952
2018-11-13 22:25,7823
2018-11-13 22:30,7747
2018-11-13 22:35,7641
2018-11-13 22:40,7590
2018-11-13 22:45,7540
2018-11-13 22:50,7487
2018-11-13 22:55,7441
2018-11-13 23:00,7361
2018-11-13 23:05,7277
2018-11-13 23:10,7161
2018-11-13 23:15,7075
2018-11-13 23:20,7098
2018-11-13 23:25,7057
2018-11-13 23:30,6995
2018-11-13 23:35,6925
2018-11-13 23:40,6885
2018-11-13 23:45,6895
2018-11-13 23:50,6883
2018-11-13 23:55,6899
2018-11-14 00:00,
2018-11-14 00:05,
2018-11-14 00:10,0
2018-11-14 00:15,0
2018-11-14 00:20,6031
2018-11-14 00:25,6343
2018-11-14 00:30,6403
2018-11-14 00:35,6450
2018-11-14 00:40,6449
2018-11-14 00:45,6424
2018-11-14 00:50,6424
2018-11-14 00:55,6450
2018-11-14 01:00,6434
2018-11-14 01:05,6430
2018-11-14 01:10,6462
2018-11-14 01:15,6500
2018-11-14 01:20,6463
2018-11-14 01:25,6508
2018-11-14 01:30,6499
2018-11-14 01:35,6499
2018-11-14 01:40,6515
2018-11-14 01:45,6552
2018-11-14 01:50,6556
2018-11-14 01:55,6494
2018-11-14 02:00,6444
2018-11-14 02:05,6501
2018-11-14 02:10,6443
2018-11-14 02:15,6399
2018-11-14 02:20,6396
2018-11-14 02:25,6329
2018-11-14 02:30,6315
2018-11-14 02:35,6264
2018-11-14 02:40,6207
2018-11-14 02:45,6115
2018-11-14 02:50,6076
2018-11-14 02:55,6036
2018-11-14 03:00,6021
2018-11-14 03:05,5907
2018-11-14 03:10,5816
2018-11-14 03:15,5774
2018-11-14 03:20,5768
2018-11-14 03:25,5734
2018-11-14 03:30,5658
2018-11-14 03:35,5567
2018-11-14 03:40,5560
2018-11-14 03:45,5529
2018-11-14 03:50,5472
2018-11-14 03:55,5445
2018-11-14 04:00,5394
2018-11-14 04:05,5318
2018-11-14 04:10,5220
2018-11-14 04:15,5198
2018-11-14 04:20,5165
2018-11-14 04:25,5100
2018-11-14 04:30,5016
2018-11-14 04:35,4878
2018-11-14 04:40,4841
2018-11-14 04:45,4777
2018-11-14 04:50,4721
2018-11-14 04:55,4633
2018-11-14 05:00,4557
2018-11-14 05:05,4466
2018-11-14 05:10,4374
2018-11-14 05:15,4289
2018-11-14 05:20,4203
2018-11-14 05:25,4109
2018-11-14 05:30,4009
2018-11-14 05:35,3913
2018-11-14 05:40,3844
2018-11-14 05:45,3794
2018-11-14 05:50,3683
2018-11-14 05:55,3656
2018-11-14 06:00,3597
2018-11-14 06:05,3489
2018-11-14 06:10,3416
2018-11-14 06:15,3368
2018-11-14 06:20,3294
2018-11-14 06:25,3244
2018-11-14 06:30,3187
2018-11-14 06:35,3187
2018-11-14 06:40,3129
2018-11-14 06:45,3079
2018-11-14 06:50,3033
2018-11-14 06:55,3046
2018-11-14 07:00,3003
2018-11-14 07:05,2984
2018-11-14 07:10,2904
2018-11-14 07:15,2851
2018-11-14 07:20,2850
2018-11-14 07:25,2850
2018-11-14 07:30,2825
2018-11-14 07:35,2797
2018-11-14 07:40,2784
2018-11-14 07:45,2759
2018-11-14 07:50,2730
2018-11-14 07:55,2709
2018-11-14 08:00,2659
2018-11-14 08:05,2639
2018-11-14 08:10,2623
2018-11-14 08:15,2583
2018-11-14 08:20,2556
2018-11-14 08:25,2531
2018-11-14 08:30,2488
2018-11-14 08:35,2470
2018-11-14 08:40,2453
2018-11-14 08:45,2449
2018-11-14 08:50,2433
2018-11-14 08:55,2445
2018-11-14 09:00,2439
2018-11-14 09:05,2523
2018-11-14 09:10,2556
2018-11-14 09:15,2595
2018-11-14 09:20,2637
2018-11-14 09:25,2643
2018-11-14 09:30,2671
2018-11-14 09:35,2691
2018-11-14 09:40,2697
2018-11-14 09:45,2736
2018-11-14 09:50,2787
2018-11-14 09:55,2840
2018-11-14 10:00,2852
2018-11-14 10:05,2886
2018-11-14 10:10,2942
2018-11-14 10:15,2990
2018-11-14 10:20,3031
2018-11-14 10:25,3063
2018-11-14 10:30,3104
2018-11-14 10:35,3132
2018-11-14 10:40,3139
2018-11-14 10:45,3138
2018-11-14 10:50,3191
2018-11-14 10:55,3185
2018-11-14 11:00,3220
2018-11-14 11:05,3274
2018-11-14 11:10,3290
2018-11-14 11:15,3337
2018-11-14 11:20,3375
2018-11-14 11:25,3383
2018-11-14 11:30,3399
2018-11-14 11:35,3431
2018-11-14 11:40,3458
2018-11-14 11:45,3529
2018-11-14 11:50,3568
2018-11-14 11:55,3600
2018-11-14 12:00,3657
2018-11-14 12:05,3707
2018-11-14 12:10,3763
2018-11-14 12:15,3769
2018-11-14 12:20,3854
2018-11-14 12:25,3855
2018-11-14 12:30,3934
2018-11-14 12:35,3893
2018-11-14 12:40,3959
2018-11-14 12:45,4066
2018-11-14 12:50,4115
2018-11-14 12:55,4194
2018-11-14 13:00,4194
2018-11-14 13:05,4220
2018-11-14 13:10,4286
2018-11-14 13:15,4354
2018-11-14 13:20,4409
2018-11-14 13:25,4466
2018-11-14 13:30,4539
2018-11-14 13:35,4648
2018-11-14 13:40,4730
2018-11-14 13:45,4778
2018-11-14 13:50,4818
2018-11-14 13:55,4868
2018-11-14 14:00,4935
2018-11-14 14:05,5009
2018-11-14 14:10,5132
2018-11-14 14:15,5098
2018-11-14 14:20,5221
2018-11-14 14:25,5262
2018-11-14 14:30,5341
2018-11-14 14:35,5409
2018-11-14 14:40,5479
2018-11-14 14:45,5558
2018-11-14 14:50,5606
2018-11-14 14:55,5701
2018-11-14 15:00,5741
2018-11-14 15:05,5807
2018-11-14 15:10,5889
2018-11-14 15:15,5953
2018-11-14 15:20,6027
2018-11-14 15:25,6050
2018-11-14 15:30,6110
2018-11-14 15:35,6143
2018-11-14 15:40,6235
2018-11-14 15:45,6273
2018-11-14 15:50,6302
2018-11-14 15:55,6382
2018-11-14 16:00,6382
2018-11-14 16:05,6420
2018-11-14 16:10,6480
2018-11-14 16:15,6549
2018-11-14 16:20,6639
2018-11-14 16:25,6689
2018-11-14 16:30,6732
2018-11-14 16:35,6790
2018-11-14 16:40,6923
2018-11-14 16:45,6972
2018-11-14 16:50,7084
2018-11-14 16:55,7184
2018-11-14 17:00,7208
2018-11-14 17:05,7248
2018-11-14 17:10,7316
2018-11-14 17:15,7355
2018-11-14 17:20,7448
2018-11-14 17:25,7512
2018-11-14 17:30,7570
2018-11-14 17:35,7636
2018-11-14 17:40,7653
2018-11-14 17:45,7672
2018-11-14 17:50,7691
2018-11-14 17:55,7770
2018-11-14 18:00,7753
2018-11-14 18:05,7813
2018-11-14 18:10,7864
2018-11-14 18:15,7927
2018-11-14 18:20,7983
2018-11-14 18:25,8039
2018-11-14 18:30,8124
2018-11-14 18:35,8211
2018-11-14 18:40,8232
2018-11-14 18:45,8289
2018-11-14 18:50,8260
2018-11-14 18:55,8266
2018-11-14 19:00,8346
2018-11-14 19:05,8397
2018-11-14 19:10,8404
2018-11-14 19:15,8480
2018-11-14 19:20,8507
2018-11-14 19:25,8470
2018-11-14 19:30,8474
2018-11-14 19:35,8521
2018-11-14 19:40,8508
2018-11-14 19:45,8576
2018-11-14 19:50,8616
2018-11-14 19:55,8614
2018-11-14 20:00,8590
2018-11-14 20:05,8625
2018-11-14 20:10,8624
2018-11-14 20:15,8621
2018-11-14 20:20,8573
2018-11-14 20:25,8576
2018-11-14 20:30,8597
2018-11-14 20:35,8548
2018-11-14 20:40,8543
2018-11-14 20:45,8513
2018-11-14 20:50,8549
2018-11-14 20:55,8468
2018-11-14 21:00,8388
2018-11-14 21:05,8343
2018-11-14 21:10,8314
2018-11-14 21:15,8267
2018-11-14 21:20,8186
2018-11-14 21:25,8122
2018-11-14 21:30,8099
2018-11-14 21:35,8082
2018-11-14 21:40,8041
2018-11-14 21:45,7962
2018-11-14 21:50,7834
2018-11-14 21:55,7799
2018-11-14 22:00,7759
2018-11-14 22:05,7702
2018-11-14 22:10,7635
2018-11-14 22:15,7544
2018-11-14 22:20,7456
2018-11-14 22:25,7387
2018-11-14 22:30,7336
2018-11-14 22:35,7274
2018-11-14 22:40,7181
2018-11-14 22:45,
2018-11-14 22:50,7122
2018-11-14 22:55,7024
2018-11-14 23:00,6974
2018-11-14 23:05,6906
2018-11-14 23:10,6825
2018-11-14 23:15,6785
2018-11-14 23:20,6730
2018-11-14 23:25,6696
2018-11-14 23:30,6688
2018-11-14 23:35,6706
2018-11-14 23:40,6699
2018-11-14 23:45,6657
2018-11-14 23:50,6637
2018-11-14 23:55,6599
2018-11-15 00:00,6539
2018-11-15 00:05,6508
2018-11-15 00:10,6436
2018-11-15 00:15,6393
2018-11-15 00:20,6378
2018-11-15 00:25,6364
2018-11-15 00:30,6392
2018-11-15 00:35,6356
2018-11-15 00:40,6310
2018-11-15 00:45,6323
2018-11-15 00:50,6328
2018-11-15 00:55,0
2018-11-15 01:00,6311
2018-11-15 01:05,6329
2018-11-15 01:10,6342
2018-11-15 01:15,6357
2018-11-15 01:20,6276
2018-11-15 01:25,6319
2018-11-15 01:30,6370
2018-11-15 01:35,6383
2018-11-15 01:40,6382
2018-11-15 01:45,6419
2018-11-15 01:50,6423
2018-11-15 01:55,6422
2018-11-15 02:00,6428
2018-11-15 02:05,6374
2018-11-15 02:10,6385
2018-11-15 02:15,6349
2018-11-15 02:20,6304
2018-11-15 02:25,6261
2018-11-15 02:30,6227
2018-11-15 02:35,6209
2018-11-15 02:40,6160
2018-11-15 02:45,6162
2018-11-15 02:50,6160
2018-11-15 02:55,6108
2018-11-15 03:00,6083
2018-11-15 03:05,6037
2018-11-15 03:10,5950
2018-11-15 03:15,5889
2018-11-15 03:20,5797
2018-11-15 03:25,5750
2018-11-15 03:30,5732
2018-11-15 03:35,5632
2018-11-15 03:40,5586
2018-11-15 03:45,5595
2018-11-15 03:50,5499
2018-11-15 03:55,5413
2018-11-15 04:00,5354
2018-11-15 04:05,5290
2018-11-15 04:10,5237
2018-11-15 04:15,5156
2018-11-15 04:20,5100
2018-11-15 04:25,5080
2018-11-15 04:30,5018
2018-11-15 04:35,4980
2018-11-15 04:40,4986
2018-11-15 04:45,4912
2018-11-15 04:50,4822
2018-11-15 04:55,4785
2018-11-15 05:00,4702
2018-11-15 05:05,4598
2018-11-15 05:10,4483
2018-11-15 05:15,4380
2018-11-15 05:20,4303
2018-11-15 05:25,4220
2018-11-15 05:30,4147
2018-11-15 05:35,4086
2018-11-15 05:40,4025
2018-11-15 05:45,3912
2018-11-15 05:50,3831
2018-11-15 05:55,3793
2018-11-15 06:00,3726
2018-11-15 06:05,3647
2018-11-15 06:10,3554
2018-11-15 06:15,3495
2018-11-15 06:20,3447
2018-11-15 06:25,3390
2018-11-15 06:30,3347
2018-11-15 06:35,3271
2018-11-15 06:40,3215
2018-11-15 06:45,3177
2018-11-15 06:50,3136
2018-11-15 06:55,3064
2018-11-15 07:00,3014
2018-11-15 07:05,2936
2018-11-15 07:10,2914
2018-11-15 07:15,2891
2018-11-15 07:20,2847
2018-11-15 07:25,2824
2018-11-15 07:30,2826
2018-11-15 07:35,2762
2018-11-15 07:40,2700
2018-11-15 07:45,2674
2018-11-15 07:50,2664
2018-11-15 07:55,2628
2018-11-15 08:00,2633
2018-11-15 08:05,2585
2018-11-15 08:10,2570
2018-11-15 08:15,2539
2018-11-15 08:20,2520
2018-11-15 08:25,2522
2018-11-15 08:30,2522
2018-11-15 08:35,2507
2018-11-15 08:40,2514
2018-11-15 08:45,2535
2018-11-15 08:50,2517
2018-11-15 08:55,2527
2018-11-15 09:00,2539
2018-11-15 09:05,2551
2018-11-15 09:10,2589
2018-11-15 09:15,2626
2018-11-15 09:20,2624
2018-11-15 09:25,2639
2018-11-15 09:30,2674
2018-11-15 09:35,2675
2018-11-15 09:40,2730
2018-11-15 09:45,2755
2018-11-15 09:50,2789
2018-11-15 09:55,2810
2018-11-15 10:00,2808
2018-11-15 10:05,2821
2018-11-15 10:10,2861
2018-11-15 10:15,2856
2018-11-15 10:20,2878
2018-11-15 10:25,2916
2018-11-15 10:30,2960
2018-11-15 10:35,2997
2018-11-15 10:40,3029
2018-11-15 10:45,3073
2018-11-15 10:50,3117
2018-11-15 10:55,3135
2018-11-15 11:00,3166
2018-11-15 11:05,3204
2018-11-15 11:10,3214
2018-11-15 11:15,3237
2018-11-15 11:20,3252
2018-11-15 11:25,3290
2018-11-15 11:30,3299
2018-11-15 11:35,3358
2018-11-15 11:40,3424
2018-11-15 11:45,3480
2018-11-15 11:50,3159
2018-11-15 11:55,2455
2018-11-15 12:00,1957
2018-11-15 12:05,1541
2018-11-15 12:10,1104
2018-11-15 12:15,946
2018-11-15 12:20,919
2018-11-15 12:25,901
2018-11-15 12:30,914
2018-11-15 12:35,940
2018-11-15 12:40,876
2018-11-15 12:45,966
2018-11-15 12:50,1049
2018-11-15 12:55,1275
2018-11-15 13:00,1607
2018-11-15 13:05,1968
2018-11-15 13:10,2297
2018-11-15 13:15,2582
2018-11-15 13:20,2844
2018-11-15 13:25,3140
2018-11-15 13:30,3348
2018-11-15 13:35,3590
2018-11-15 13:40,3824
2018-11-15 13:45,4004
2018-11-15 13:50,4161
2018-11-15 13:55,4361
2018-11-15 14:00,4479
2018-11-15 14:05,4600
2018-11-15 14:10,4727
2018-11-15 14:15,4850
2018-11-15 14:20,5031
2018-11-15 14:25,5081
2018-11-15 14:30,5147
2018-11-15 14:35,5272
2018-11-15 14:40,5403
2018-11-15 14:45,5480
2018-11-15 14:50,5569
2018-11-15 14:55,5659
2018-11-15 15:00,5781
2018-11-15 15:05,5864
2018-11-15 15:10,5947
2018-11-15 15:15,6012
2018-11-15 15:20,6049
2018-11-15 15:25,6134
2018-11-15 15:30,6241
2018-11-15 15:35,6317
2018-11-15 15:40,6416
2018-11-15 15:45,6509
2018-11-15 15:50,6573
2018-11-15 15:55,6651
2018-11-15 16:00,6721
2018-11-15 16:05,6763
2018-11-15 16:10,6794
2018-11-15 16:15,6885
2018-11-15 16:20,6956
2018-11-15 16:25,7007
2018-11-15 16:30,7100
2018-11-15 16:35,7170
2018-11-15 16:40,7169
2018-11-15 16:45,7248
2018-11-15 16:50,7231
2018-11-15 16:55,7258
2018-11-15 17:00,7303
2018-11-15 17:05,7391
2018-11-15 17:10,7472
2018-11-15 17:15,7547
2018-11-15 17:20,7598
2018-11-15 17:25,7660
2018-11-15 17:30,7616
2018-11-15 17:35,7687
2018-11-15 17:40,7805
2018-11-15 17:45,7886
2018-11-15 17:50,7975
2018-11-15 17:55,7967
2018-11-15 18:00,8063
2018-11-15 18:05,8094
2018-11-15 18:10,8129
2018-11-15 18:15,8219
2018-11-15 18:20,8280
2018-11-15 18:25,8369
2018-11-15 18:30,8438
2018-11-15 18:35,8513
2018-11-15 18:40,8583
2018-11-15 18:45,8697
2018-11-15 18:50,8758
2018-11-15 18:55,8829
2018-11-15 19:00,8828
2018-11-15 19:05,8897
2018-11-15 19:10,8954
2018-11-15 19:15,8961
2018-11-15 19:20,9052
2018-11-15 19:25,9085
2018-11-15 19:30,9117
2018-11-15 19:35,9110
2018-11-15 19:40,9156
2018-11-15 19:45,9088
2018-11-15 19:50,9113
2018-11-15 19:55,9119
2018-11-15 20:00,9076
2018-11-15 20:05,9006
2018-11-15 20:10,8949
2018-11-15 20:15,8932
2018-11-15 20:20,8901
2018-11-15 20:25,8949
2018-11-15 20:30,8938
2018-11-15 20:35,8919
2018-11-15 20:40,8923
2018-11-15 20:45,8865
2018-11-15 20:50,8850
2018-11-15 20:55,8779
2018-11-15 21:00,8720
2018-11-15 21:05,8704
2018-11-15 21:10,8599
2018-11-15 21:15,8549
2018-11-15 21:20,8484
2018-11-15 21:25,8432
2018-11-15 21:30,8379
2018-11-15 21:35,8332
2018-11-15 21:40,8302
2018-11-15 21:45,8260
2018-11-15 21:50,8221
2018-11-15 21:55,8201
2018-11-15 22:00,8175
2018-11-15 22:05,8098
2018-11-15 22:10,8029
2018-11-15 22:15,8003
2018-11-15 22:20,7888
2018-11-15 22:25,7876
2018-11-15 22:30,7862
2018-11-15 22:35,7776
2018-11-15 22:40,7718
2018-11-15 22:45,7656
2018-11-15 22:50,7577
2018-11-15 22:55,7521
2018-11-15 23:00,7519
2018-11-15 23:05,7419
2018-11-15 23:10,7317
2018-11-15 23:15,7042
2018-11-15 23:20,7047
2018-11-15 23:25,7010
2018-11-15 23:30,6939
2018-11-15 23:35,6956
2018-11-15 23:40,6959
2018-11-15 23:45,6958
2018-11-15 23:50,6978
2018-11-15 23:55,6965
2018-11-16 00:00,6930
2018-11-16 00:05,6931
2018-11-16 00:10,6884
2018-11-16 00:15,6822
2018-11-16 00:20,6849
2018-11-16 00:25,6874
2018-11-16 00:30,6918
2018-11-16 00:35,6918
2018-11-16 00:40,6876
2018-11-16 00:45,6888
2018-11-16 00:50,6867
2018-11-16 00:55,6830
2018-11-16 01:00,6799
2018-11-16 01:05,6716
2018-11-16 01:10,6726
2018-11-16 01:15,6703
2018-11-16 01:20,6719
2018-11-16 01:25,6721
2018-11-16 01:30,6713
2018-11-16 01:35,6662
2018-11-16 01:40,6623
2018-11-16 01:45,6630
2018-11-16 01:50,6629
2018-11-16 01:55,6634
2018-11-16 02:00,6608
2018-11-16 02:05,6535
2018-11-16 02:10,6505
2018-11-16 02:15,6446
2018-11-16 02:20,6430
2018-11-16 02:25,6412
2018-11-16 02:30,6399
2018-11-16 02:35,6422
2018-11-16 02:40,6416
2018-11-16 02:45,6387
2018-11-16 02:50,6337
2018-11-16 02:55,6326
2018-11-16 03:00,6305
2018-11-16 03:05,6241
2018-11-16 03:10,6246
2018-11-16 03:15,6203
2018-11-16 03:20,6129
2018-11-16 03:25,6063
2018-11-16 03:30,6014
2018-11-16 03:35,5992
2018-11-16 03:40,5931
2018-11-16 03:45,5884
2018-11-16 03:50,5817
2018-11-16 03:55,5723
2018-11-16 04:00,5702
2018-11-16 04:05,5642
2018-11-16 04:10,5562
2018-11-16 04:15,5488
2018-11-16 04:20,5413
2018-11-16 04:25,5385
2018-11-16 04:30,5303
2018-11-16 04:35,5235
2018-11-16 04:40,5148
2018-11-16 04:45,5116
2018-11-16 04:50,5027
2018-11-16 04:55,4961
2018-11-16 05:00,4875
2018-11-16 05:05,4764
2018-11-16 05:10,4703
2018-11-16 05:15,4620
2018-11-16 05:20,4496
2018-11-16 05:25,4419
2018-11-16 05:30,4339
2018-11-16 05:35,4263
2018-11-16 05:40,4217
2018-11-16 05:45,4125
2018-11-16 05:50,4081
2018-11-16 05:55,4023
2018-11-16 06:00,3947
2018-11-16 06:05,3885
2018-11-16 06:10,3769
2018-11-16 06:15,3722
2018-11-16 06:20,3683
2018-11-16 06:25,3618
2018-11-16 06:30,3566
2018-11-16 06:35,3515
2018-11-16 06:40,3479
2018-11-16 06:45,3462
2018-11-16 06:50,3383
2018-11-16 06:55,3325
2018-11-16 07:00,3297
2018-11-16 07:05,3264
2018-11-16 07:10,3242
2018-11-16 07:15,3172
2018-11-16 07:20,3164
2018-11-16 07:25,3111
2018-11-16 07:30,3071
2018-11-16 07:35,3027
2018-11-16 07:40,3009
2018-11-16 07:45,2966
2018-11-16 07:50,2979
2018-11-16 07:55,2956
2018-11-16 08:00,2945
2018-11-16 08:05,2942
2018-11-16 08:10,2900
2018-11-16 08:15,2917
2018-11-16 08:20,2900
2018-11-16 08:25,2868
2018-11-16 08:30,2850
2018-11-16 08:35,2830
2018-11-16 08:40,2827
2018-11-16 08:45,2836
2018-11-16 08:50,2835
2018-11-16 08:55,2820
2018-11-16 09:00,2827
2018-11-16 09:05,2822
2018-11-16 09:10,2886
2018-11-16 09:15,2925
2018-11-16 09:20,2934
2018-11-16 09:25,2924
2018-11-16 09:30,2943
2018-11-16 09:35,2953
2018-11-16 09:40,2974
2018-11-16 09:45,3007
2018-11-16 09:50,3026
2018-11-16 09:55,3077
2018-11-16 10:00,3099
2018-11-16 10:05,3123
2018-11-16 10:10,3099
2018-11-16 10:15,3129
2018-11-16 10:20,3188
2018-11-16 10:25,3219
2018-11-16 10:30,3272
2018-11-16 10:35,3269
2018-11-16 10:40,3332
2018-11-16 10:45,3337
2018-11-16 10:50,3391
2018-11-16 10:55,3417
2018-11-16 11:00,3448
2018-11-16 11:05,3463
2018-11-16 11:10,3516
2018-11-16 11:15,3571
2018-11-16 11:20,3612
2018-11-16 11:25,3663
2018-11-16 11:30,3702
2018-11-16 11:35,3743
2018-11-16 11:40,3793
2018-11-16 11:45,3858
2018-11-16 11:50,3916
2018-11-16 11:55,3945
2018-11-16 12:00,3962
2018-11-16 12:05,3968
2018-11-16 12:10,4066
2018-11-16 12:15,4096
2018-11-16 12:20,4137
2018-11-16 12:25,4152
2018-11-16 12:30,4210
2018-11-16 12:35,4298
2018-11-16 12:40,4366
2018-11-16 12:45,4394
2018-11-16 12:50,4456
2018-11-16 12:55,4538
2018-11-16 13:00,4611
2018-11-16 13:05,4738
2018-11-16 13:10,4819
2018-11-16 13:15,4866
2018-11-16 13:20,4933
2018-11-16 13:25,4993
2018-11-16 13:30,5083
2018-11-16 13:35,5171
2018-11-16 13:40,5226
2018-11-16 13:45,5297
2018-11-16 13:50,5394
2018-11-16 13:55,5451
2018-11-16 14:00,5544
2018-11-16 14:05,5634
2018-11-16 14:10,5714
2018-11-16 14:15,5836
2018-11-16 14:20,5936
2018-11-16 14:25,6028
2018-11-16 14:30,6101
2018-11-16 14:35,6172
2018-11-16 14:40,6221
2018-11-16 14:45,6325
2018-11-16 14:50,6445
2018-11-16 14:55,6489
2018-11-16 15:00,6571
2018-11-16 15:05,6649
2018-11-16 15:10,6847
2018-11-16 15:15,6905
2018-11-16 15:20,7023
2018-11-16 15:25,7152
2018-11-16 15:30,7251
2018-11-16 15:35,7307
2018-11-16 15:40,7366
2018-11-16 15:45,7439
2018-11-16 15:50,7489
2018-11-16 15:55,7613
2018-11-16 16:00,7705
2018-11-16 16:05,7757
2018-11-16 16:10,7872
2018-11-16 16:15,8096
2018-11-16 16:20,8225
2018-11-16 16:25,8388
2018-11-16 16:30,8449
2018-11-16 16:35,8594
2018-11-16 16:40,8653
2018-11-16 16:45,8717
2018-11-16 16:50,8810
2018-11-16 16:55,8893
2018-11-16 17:00,8940
2018-11-16 17:05,9025
2018-11-16 17:10,9176
2018-11-16 17:15,9230
2018-11-16 17:20,9230
2018-11-16 17:25,9393
2018-11-16 17:30,9433
2018-11-16 17:35,9467
2018-11-16 17:40,9554
2018-11-16 17:45,9621
2018-11-16 17:50,9724
2018-11-16 17:55,9780
2018-11-16 18:00,9822
2018-11-16 18:05,9923
2018-11-16 18:10,10056
2018-11-16 18:15,10092
2018-11-16 18:20,10111
2018-11-16 18:25,10222
2018-11-16 18:30,10244
2018-11-16 18:35,10242
2018-11-16 18:40,10327
2018-11-16 18:45,10422
2018-11-16 18:50,10557
2018-11-16 18:55,10658
2018-11-16 19:00,10699
2018-11-16 19:05,10754
2018-11-16 19:10,10806
2018-11-16 19:15,10835
2018-11-16 19:20,10803
2018-11-16 19:25,10852
2018-11-16 19:30,10848
2018-11-16 19:35,10947
2018-11-16 19:40,10959
2018-11-16 19:45,10967
2018-11-16 19:50,10974
2018-11-16 19:55,10982
2018-11-16 20:00,11123
2018-11-16 20:05,11171
2018-11-16 20:10,11274
2018-11-16 20:15,11293
2018-11-16 20:20,11318
2018-11-16 20:25,11338
2018-11-16 20:30,11360
2018-11-16 20:35,11508
2018-11-16 20:40,11385
2018-11-16 20:45,11356
2018-11-16 20:50,11358
2018-11-16 20:55,11455
2018-11-16 21:00,11534
2018-11-16 21:05,11500
2018-11-16 21:10,11550
2018-11-16 21:15,11552
2018-11-16 21:20,11568
2018-11-16 21:25,11474
2018-11-16 21:30,11416
2018-11-16 21:35,11350
2018-11-16 21:40,11367
2018-11-16 21:45,11430
2018-11-16 21:50,11413
2018-11-16 21:55,11330
2018-11-16 22:00,11300
2018-11-16 22:05,11255
2018-11-16 22:10,11252
2018-11-16 22:15,11216
2018-11-16 22:20,11139
2018-11-16 22:25,11071
2018-11-16 22:30,11044
2018-11-16 22:35,11020
2018-11-16 22:40,11034
2018-11-16 22:45,10975
2018-11-16 22:50,10841
2018-11-16 22:55,10770
2018-11-16 23:00,10768
2018-11-16 23:05,10694
2018-11-16 23:10,10623
2018-11-16 23:15,10507
2018-11-16 23:20,10420
2018-11-16 23:25,10363
2018-11-16 23:30,10300
2018-11-16 23:35,10205
2018-11-16 23:40,10143
2018-11-16 23:45,10028
2018-11-16 23:50,9989
2018-11-16 23:55,9938
2018-11-17 00:00,9807
2018-11-17 00:05,9757
2018-11-17 00:10,9698
2018-11-17 00:15,9555
2018-11-17 00:20,9481
2018-11-17 00:25,9378
2018-11-17 00:30,9277
2018-11-17 00:35,9206
2018-11-17 00:40,9151
2018-11-17 00:45,9113
2018-11-17 00:50,9107
2018-11-17 00:55,9146
2018-11-17 01:00,9176
2018-11-17 01:05,9133
2018-11-17 01:10,9035
2018-11-17 01:15,9001
2018-11-17 01:20,8929
2018-11-17 01:25,8901
2018-11-17 01:30,8958
2018-11-17 01:35,9010
2018-11-17 01:40,8997
2018-11-17 01:45,8982
2018-11-17 01:50,8951
2018-11-17 01:55,8963
2018-11-17 02:00,8936
2018-11-17 02:05,8986
2018-11-17 02:10,8931
2018-11-17 02:15,8968
2018-11-17 02:20,8903
2018-11-17 02:25,8885
2018-11-17 02:30,8848
2018-11-17 02:35,8856
2018-11-17 02:40,8896
2018-11-17 02:45,8909
2018-11-17 02:50,8898
2018-11-17 02:55,8885
2018-11-17 03:00,8807
2018-11-17 03:05,8778
2018-11-17 03:10,8738
2018-11-17 03:15,8706
2018-11-17 03:20,8678
2018-11-17 03:25,8650
2018-11-17 03:30,8593
2018-11-17 03:35,8599
2018-11-17 03:40,8616
2018-11-17 03:45,8586
2018-11-17 03:50,8516
2018-11-17 03:55,8507
2018-11-17 04:00,8423
2018-11-17 04:05,8371
2018-11-17 04:10,8312
2018-11-17 04:15,8229
2018-11-17 04:20,8141
2018-11-17 04:25,8010
2018-11-17 04:30,7968
2018-11-17 04:35,7921
2018-11-17 04:40,7912
2018-11-17 04:45,7811
2018-11-17 04:50,7741
2018-11-17 04:55,7612
2018-11-17 05:00,7508
2018-11-17 05:05,7486
2018-11-17 05:10,7387
2018-11-17 05:15,7300
2018-11-17 05:20,7270
2018-11-17 05:25,7152
2018-11-17 05:30,7106
2018-11-17 05:35,7089
2018-11-17 05:40,6993
2018-11-17 05:45,6929
2018-11-17 05:50,6874
2018-11-17 05:55,6808
2018-11-17 06:00,6783
2018-11-17 06:05,6643
2018-11-17 06:10,6562
2018-11-17 06:15,6475
2018-11-17 06:20,6349
2018-11-17 06:25,6302
2018-11-17 06:30,6257
2018-11-17 06:35,6174
2018-11-17 06:40,6106
2018-11-17 06:45,6084
2018-11-17 06:50,6024
2018-11-17 06:55,5974
2018-11-17 07:00,5971
2018-11-17 07:05,5921
2018-11-17 07:10,5820
2018-11-17 07:15,5730
2018-11-17 07:20,5636
2018-11-17 07:25,5610
2018-11-17 07:30,5571
2018-11-17 07:35,5530
2018-11-17 07:40,5465
2018-11-17 07:45,5491
2018-11-17 07:50,5456
2018-11-17 07:55,5412
2018-11-17 08:00,5415
2018-11-17 08:05,5375
2018-11-17 08:10,5438
2018-11-17 08:15,5368
2018-11-17 08:20,5347
2018-11-17 08:25,5323
2018-11-17 08:30,5301
2018-11-17 08:35,5324
2018-11-17 08:40,5295
2018-11-17 08:45,5359
2018-11-17 08:50,5394
2018-11-17 08:55,5314
2018-11-17 09:00,5281
2018-11-17 09:05,5373
2018-11-17 09:10,5458
2018-11-17 09:15,5535
2018-11-17 09:20,5570
2018-11-17 09:25,5627
2018-11-17 09:30,5679
2018-11-17 09:35,5689
2018-11-17 09:40,5758
2018-11-17 09:45,5822
2018-11-17 09:50,5899
2018-11-17 09:55,5881
2018-11-17 10:00,5925
2018-11-17 10:05,5946
2018-11-17 10:10,5994
2018-11-17 10:15,6103
2018-11-17 10:20,6157
2018-11-17 10:25,6196
2018-11-17 10:30,6287
2018-11-17 10:35,6407
2018-11-17 10:40,6444
2018-11-17 10:45,6500
2018-11-17 10:50,6565
2018-11-17 10:55,6606
2018-11-17 11:00,6697
2018-11-17 11:05,6796
2018-11-17 11:10,6863
2018-11-17 11:15,6962
2018-11-17 11:20,7039
2018-11-17 11:25,7143
2018-11-17 11:30,7262
2018-11-17 11:35,7381
2018-11-17 11:40,7416
2018-11-17 11:45,7478
2018-11-17 11:50,7553
2018-11-17 11:55,7641
2018-11-17 12:00,7749
2018-11-17 12:05,7808
2018-11-17 12:10,7880
2018-11-17 12:15,7885
2018-11-17 12:20,7987
2018-11-17 12:25,8016
2018-11-17 12:30,8057
2018-11-17 12:35,8139
2018-11-17 12:40,8268
2018-11-17 12:45,8340
2018-11-17 12:50,8459
2018-11-17 12:55,8530
2018-11-17 13:00,8627
2018-11-17 13:05,8714
2018-11-17 13:10,8776
2018-11-17 13:15,8849
2018-11-17 13:20,8926
2018-11-17 13:25,8974
2018-11-17 13:30,9023
2018-11-17 13:35,9101
2018-11-17 13:40,9236
2018-11-17 13:45,9322
2018-11-17 13:50,9470
2018-11-17 13:55,9570
2018-11-17 14:00,9607
2018-11-17 14:05,9671
2018-11-17 14:10,9705
2018-11-17 14:15,9864
2018-11-17 14:20,9976
2018-11-17 14:25,10080
2018-11-17 14:30,10162
2018-11-17 14:35,
2018-11-17 14:40,10366
2018-11-17 14:45,10469
2018-11-17 14:50,10507
2018-11-17 14:55,10578
2018-11-17 15:00,10695
2018-11-17 15:05,10783
2018-11-17 15:10,10822
2018-11-17 15:15,10930
2018-11-17 15:20,10999
2018-11-17 15:25,11042
2018-11-17 15:30,11089
2018-11-17 15:35,11192
2018-11-17 15:40,11260
2018-11-17 15:45,11362
2018-11-17 15:50,11404
2018-11-17 15:55,11443
2018-11-17 16:00,11479
2018-11-17 16:05,11470
2018-11-17 16:10,11508
2018-11-17 16:15,11631
2018-11-17 16:20,11618
2018-11-17 16:25,11677
2018-11-17 16:30,11769
2018-11-17 16:35,11777
2018-11-17 16:40,11755
2018-11-17 16:45,11818
2018-11-17 16:50,11840
2018-11-17 16:55,11835
2018-11-17 17:00,11902
2018-11-17 17:05,11914
2018-11-17 17:10,11926
2018-11-17 17:15,11983
2018-11-17 17:20,12028
2018-11-17 17:25,12043
2018-11-17 17:30,12079
2018-11-17 17:35,12075
2018-11-17 17:40,12181
2018-11-17 17:45,12229
2018-11-17 17:50,12279
2018-11-17 17:55,12280
2018-11-17 18:00,12261
2018-11-17 18:05,12325
2018-11-17 18:10,12407
2018-11-17 18:15,12486
2018-11-17 18:20,12478
2018-11-17 18:25,12526
2018-11-17 18:30,12673
2018-11-17 18:35,12663
2018-11-17 18:40,12678
2018-11-17 18:45,12736
2018-11-17 18:50,12816
2018-11-17 18:55,12885
2018-11-17 19:00,12889
2018-11-17 19:05,12870
2018-11-17 19:10,12859
2018-11-17 19:15,12833
2018-11-17 19:20,12878
2018-11-17 19:25,12879
2018-11-17 19:30,12850
2018-11-17 19:35,12823
2018-11-17 19:40,12896
2018-11-17 19:45,12938
2018-11-17 19:50,13030
2018-11-17 19:55,13057
2018-11-17 20:00,13036
2018-11-17 20:05,13055
2018-11-17 20:10,13104
2018-11-17 20:15,13154
2018-11-17 20:20,13108
2018-11-17 20:25,13096
2018-11-17 20:30,13091
2018-11-17 20:35,13184
2018-11-17 20:40,13140
2018-11-17 20:45,13123
2018-11-17 20:50,13167
2018-11-17 20:55,13143
2018-11-17 21:00,13147
2018-11-17 21:05,13104
2018-11-17 21:10,13054
2018-11-17 21:15,13115
2018-11-17 21:20,13067
2018-11-17 21:25,13032
2018-11-17 21:30,13031
2018-11-17 21:35,13070
2018-11-17 21:40,13055
2018-11-17 21:45,13062
2018-11-17 21:50,13080
2018-11-17 21:55,13010
2018-11-17 22:00,13018
2018-11-17 22:05,12970
2018-11-17 22:10,12905
2018-11-17 22:15,12843
2018-11-17 22:20,12815
2018-11-17 22:25,12750
2018-11-17 22:30,12647
2018-11-17 22:35,12515
2018-11-17 22:40,12367
2018-11-17 22:45,12333
2018-11-17 22:50,12379
2018-11-17 22:55,12230
2018-11-17 23:00,12096
2018-11-17 23:05,12014
2018-11-17 23:10,11941
2018-11-17 23:15,11883
2018-11-17 23:20,11711
2018-11-17 23:25,11625
2018-11-17 23:30,11551
2018-11-17 23:35,11458
2018-11-17 23:40,11380
2018-11-17 23:45,11237
2018-11-17 23:50,11205
2018-11-17 23:55,11107
2018-11-18 00:00,11004
2018-11-18 00:05,10765
2018-11-18 00:10,10666
2018-11-18 00:15,10588
2018-11-18 00:20,10536
2018-11-18 00:25,10452
2018-11-18 00:30,10350
2018-11-18 00:35,10294
2018-11-18 00:40,10264
2018-11-18 00:45,10182
2018-11-18 00:50,10127
2018-11-18 00:55,10105
2018-11-18 01:00,10046
2018-11-18 01:05,10001
2018-11-18 01:10,9932
2018-11-18 01:15,9959
2018-11-18 01:20,9889
2018-11-18 01:25,9860
2018-11-18 01:30,9788
2018-11-18 01:35,9718
2018-11-18 01:40,9641
2018-11-18 01:45,9610
2018-11-18 01:50,9608
2018-11-18 01:55,9575
2018-11-18 02:00,9548
2018-11-18 02:05,9512
2018-11-18 02:10,9467
2018-11-18 02:15,9420
2018-11-18 02:20,9385
2018-11-18 02:25,9390
2018-11-18 02:30,9294
2018-11-18 02:35,9306
2018-11-18 02:40,9340
2018-11-18 02:45,9306
2018-11-18 02:50,9238
2018-11-18 02:55,9169
2018-11-18 03:00,9181
2018-11-18 03:05,9165
2018-11-18 03:10,9122
2018-11-18 03:15,9123
2018-11-18 03:20,9070
2018-11-18 03:25,9097
2018-11-18 03:30,9128
2018-11-18 03:35,9046
2018-11-18 03:40,8982
2018-11-18 03:45,8975
2018-11-18 03:50,8946
2018-11-18 03:55,8877
2018-11-18 04:00,8852
2018-11-18 04:05,8841
2018-11-18 04:10,8833
2018-11-18 04:15,8822
2018-11-18 04:20,8678
2018-11-18 04:25,8669
2018-11-18 04:30,8597
2018-11-18 04:35,8538
2018-11-18 04:40,8484
2018-11-18 04:45,8434
2018-11-18 04:50,8422
2018-11-18 04:55,8367
2018-11-18 05:00,8317
2018-11-18 05:05,8238
2018-11-18 05:10,8176
2018-11-18 05:15,8095
2018-11-18 05:20,8015
2018-11-18 05:25,7945
2018-11-18 05:30,7865
2018-11-18 05:35,7715
2018-11-18 05:40,7644
2018-11-18 05:45,7601
2018-11-18 05:50,7485
2018-11-18 05:55,7443
2018-11-18 06:00,7285
2018-11-18 06:05,7207
2018-11-18 06:10,7106
2018-11-18 06:15,7059
2018-11-18 06:20,6966
2018-11-18 06:25,6866
2018-11-18 06:30,6754
2018-11-18 06:35,6673
2018-11-18 06:40,6570
2018-11-18 06:45,6483
2018-11-18 06:50,6438
2018-11-18 06:55,6388
2018-11-18 07:00,6376
2018-11-18 07:05,6305
2018-11-18 07:10,6272
2018-11-18 07:15,6175
2018-11-18 07:20,6148
2018-11-18 07:25,6115
2018-11-18 07:30,6046
2018-11-18 07:35,6001
2018-11-18 07:40,5996
2018-11-18 07:45,5977
2018-11-18 07:50,5967
2018-11-18 07:55,5896
2018-11-18 08:00,5836
2018-11-18 08:05,5798
2018-11-18 08:10,5742
2018-11-18 08:15,5697
2018-11-18 08:20,5687
2018-11-18 08:25,5689
2018-11-18 08:30,5673
2018-11-18 08:35,5672
2018-11-18 08:40,5612
2018-11-18 08:45,5621
2018-11-18 08:50,5641
2018-11-18 08:55,5641
2018-11-18 09:00,5613
2018-11-18 09:05,5666
2018-11-18 09:10,5717
2018-11-18 09:15,5763
2018-11-18 09:20,5859
2018-11-18 09:25,5899
2018-11-18 09:30,5982
2018-11-18 09:35,6072
2018-11-18 09:40,6120
2018-11-18 09:45,6201
2018-11-18 09:50,6274
2018-11-18 09:55,6383
2018-11-18 10:00,6481
2018-11-18 10:05,6579
2018-11-18 10:10,6691
2018-11-18 10:15,6796
2018-11-18 10:20,6862
2018-11-18 10:25,6950
2018-11-18 10:30,7010
2018-11-18 10:35,7152
2018-11-18 10:40,7227
2018-11-18 10:45,7256
2018-11-18 10:50,7336
2018-11-18 10:55,7372
2018-11-18 11:00,7408
2018-11-18 11:05,7464
2018-11-18 11:10,7497
2018-11-18 11:15,7499
2018-11-18 11:20,7613
2018-11-18 11:25,7649
2018-11-18 11:30,7685
2018-11-18 11:35,7743
2018-11-18 11:40,7871
2018-11-18 11:45,7925
2018-11-18 11:50,8040
2018-11-18 11:55,8070
2018-11-18 12:00,8070
2018-11-18 12:05,8247
2018-11-18 12:10,8328
2018-11-18 12:15,8380
2018-11-18 12:20,8442
2018-11-18 12:25,8531
2018-11-18 12:30,8710
2018-11-18 12:35,8807
2018-11-18 12:40,8842
2018-11-18 12:45,8961
2018-11-18 12:50,9019
2018-11-18 12:55,9083
2018-11-18 13:00,9186
2018-11-18 13:05,9297
2018-11-18 13:10,9426
2018-11-18 13:15,9487
2018-11-18 13:20,9439
2018-11-18 13:25,9480
2018-11-18 13:30,9559
2018-11-18 13:35,9656
2018-11-18 13:40,9710
2018-11-18 13:45,9773
2018-11-18 13:50,9806
2018-11-18 13:55,9925
2018-11-18 14:00,10022
2018-11-18 14:05,10121
2018-11-18 14:10,10165
2018-11-18 14:15,10277
2018-11-18 14:20,10325
2018-11-18 14:25,10442
2018-11-18 14:30,10542
2018-11-18 14:35,10594
2018-11-18 14:40,10710
2018-11-18 14:45,10817
2018-11-18 14:50,10900
2018-11-18 14:55,10962
2018-11-18 15:00,10954
2018-11-18 15:05,11046
2018-11-18 15:10,11122
2018-11-18 15:15,11179
2018-11-18 15:20,11224
2018-11-18 15:25,11303
2018-11-18 15:30,11436
2018-11-18 15:35,11492
2018-11-18 15:40,11562
2018-11-18 15:45,11617
2018-11-18 15:50,11642
2018-11-18 15:55,11770
2018-11-18 16:00,11839
2018-11-18 16:05,11959
2018-11-18 16:10,11944
2018-11-18 16:15,11998
2018-11-18 16:20,12137
2018-11-18 16:25,12236
2018-11-18 16:30,12373
2018-11-18 16:35,12456
2018-11-18 16:40,12504
2018-11-18 16:45,12566
2018-11-18 16:50,12651
2018-11-18 16:55,12771
2018-11-18 17:00,12716
2018-11-18 17:05,12831
2018-11-18 17:10,12869
2018-11-18 17:15,12916
2018-11-18 17:20,12985
2018-11-18 17:25,13069
2018-11-18 17:30,13090
2018-11-18 17:35,13078
2018-11-18 17:40,13113
2018-11-18 17:45,13163
2018-11-18 17:50,13259
2018-11-18 17:55,13350
2018-11-18 18:00,13334
2018-11-18 18:05,13355
2018-11-18 18:10,13449
2018-11-18 18:15,13481
2018-11-18 18:20,13494
2018-11-18 18:25,13520
2018-11-18 18:30,13625
2018-11-18 18:35,13713
2018-11-18 18:40,13807
2018-11-18 18:45,13830
2018-11-18 18:50,13880
2018-11-18 18:55,13948
2018-11-18 19:00,14012
2018-11-18 19:05,13976
2018-11-18 19:10,14030
2018-11-18 19:15,14027
2018-11-18 19:20,14025
2018-11-18 19:25,14035
2018-11-18 19:30,13981
2018-11-18 19:35,14080
2018-11-18 19:40,14062
2018-11-18 19:45,14061
2018-11-18 19:50,13993
2018-11-18 19:55,13995
2018-11-18 20:00,13906
2018-11-18 20:05,13851
2018-11-18 20:10,13722
2018-11-18 20:15,13647
2018-11-18 20:20,13585
2018-11-18 20:25,13512
2018-11-18 20:30,13392
2018-11-18 20:35,13300
2018-11-18 20:40,13315
2018-11-18 20:45,13211
2018-11-18 20:50,13155
2018-11-18 20:55,13189
2018-11-18 21:00,13115
2018-11-18 21:05,13083
2018-11-18 21:10,12963
2018-11-18 21:15,12787
2018-11-18 21:20,12662
2018-11-18 21:25,12599
2018-11-18 21:30,12601
2018-11-18 21:35,12539
2018-11-18 21:40,12469
2018-11-18 21:45,12381
2018-11-18 21:50,12240
2018-11-18 21:55,12219
2018-11-18 22:00,12204
2018-11-18 22:05,12110
2018-11-18 22:10,12043
2018-11-18 22:15,11917
2018-11-18 22:20,11838
2018-11-18 22:25,11682
2018-11-18 22:30,11556
2018-11-18 22:35,11429
2018-11-18 22:40,11402
2018-11-18 22:45,11266
2018-11-18 22:50,11153
2018-11-18 22:55,10986
2018-11-18 23:00,10921
2018-11-18 23:05,10808
2018-11-18 23:10,10682
2018-11-18 23:15,10601
2018-11-18 23:20,10560
2018-11-18 23:25,10471
2018-11-18 23:30,10407
2018-11-18 23:35,10266
2018-11-18 23:40,10202
2018-11-18 23:45,10090
2018-11-18 23:50,10061
2018-11-18 23:55,9982
2018-11-19 00:00,9937
2018-11-19 00:05,9902
2018-11-19 00:10,9816
2018-11-19 00:15,9731
2018-11-19 00:20,9644
2018-11-19 00:25,9577
2018-11-19 00:30,9634
2018-11-19 00:35,9797
2018-11-19 00:40,9892
2018-11-19 00:45,9842
2018-11-19 00:50,9899
2018-11-19 00:55,9890
2018-11-19 01:00,9844
2018-11-19 01:05,9776
2018-11-19 01:10,9761
2018-11-19 01:15,9703
2018-11-19 01:20,9649
2018-11-19 01:25,9653
2018-11-19 01:30,9565
2018-11-19 01:35,9552
2018-11-19 01:40,9525
2018-11-19 01:45,9492
2018-11-19 01:50,9405
2018-11-19 01:55,9365
2018-11-19 02:00,9247
2018-11-19 02:05,9224
2018-11-19 02:10,9173
2018-11-19 02:15,9096
2018-11-19 02:20,9026
2018-11-19 02:25,8975
2018-11-19 02:30,8908
2018-11-19 02:35,8899
2018-11-19 02:40,8897
2018-11-19 02:45,8887
2018-11-19 02:50,8821
2018-11-19 02:55,8720
2018-11-19 03:00,8658
2018-11-19 03:05,8582
2018-11-19 03:10,8558
2018-11-19 03:15,8470
2018-11-19 03:20,8411
2018-11-19 03:25,8371
2018-11-19 03:30,8366
2018-11-19 03:35,8280
2018-11-19 03:40,8230
2018-11-19 03:45,8126
2018-11-19 03:50,8073
2018-11-19 03:55,8065
2018-11-19 04:00,8028
2018-11-19 04:05,7877
2018-11-19 04:10,7805
2018-11-19 04:15,7713
2018-11-19 04:20,7638
2018-11-19 04:25,7562
2018-11-19 04:30,7462
2018-11-19 04:35,7368
2018-11-19 04:40,7342
2018-11-19 04:45,7285
2018-11-19 04:50,7148
2018-11-19 04:55,6997
2018-11-19 05:00,6928
2018-11-19 05:05,6811
2018-11-19 05:10,6711
2018-11-19 05:15,6573
2018-11-19 05:20,6519
2018-11-19 05:25,6378
2018-11-19 05:30,6286
2018-11-19 05:35,6182
2018-11-19 05:40,6117
2018-11-19 05:45,6032
2018-11-19 05:50,5906
2018-11-19 05:55,5837
2018-11-19 06:00,5722
2018-11-19 06:05,5618
2018-11-19 06:10,5512
2018-11-19 06:15,5447
2018-11-19 06:20,5323
2018-11-19 06:25,5266
2018-11-19 06:30,5210
2018-11-19 06:35,5191
2018-11-19 06:40,5146
2018-11-19 06:45,5072
2018-11-19 06:50,5027
2018-11-19 06:55,4966
2018-11-19 07:00,4926
2018-11-19 07:05,4863
2018-11-19 07:10,4782
2018-11-19 07:15,4741
2018-11-19 07:20,4702
2018-11-19 07:25,4658
2018-11-19 07:30,4589
2018-11-19 07:35,4556
2018-11-19 07:40,4515
2018-11-19 07:45,4486
2018-11-19 07:50,4400
2018-11-19 07:55,4361
2018-11-19 08:00,4318
2018-11-19 08:05,4266
2018-11-19 08:10,4224
2018-11-19 08:15,4184
2018-11-19 08:20,4192
2018-11-19 08:25,4180
2018-11-19 08:30,4150
2018-11-19 08:35,4145
2018-11-19 08:40,4112
2018-11-19 08:45,4128
2018-11-19 08:50,4086
2018-11-19 08:55,4085
2018-11-19 09:00,4059
2018-11-19 09:05,4095
2018-11-19 09:10,4097
2018-11-19 09:15,4087
2018-11-19 09:20,4084
2018-11-19 09:25,4083
2018-11-19 09:30,4038
2018-11-19 09:35,4100
2018-11-19 09:40,4078
2018-11-19 09:45,4120
2018-11-19 09:50,4144
2018-11-19 09:55,4159
2018-11-19 10:00,4155
2018-11-19 10:05,4130
2018-11-19 10:10,4173
2018-11-19 10:15,4227
2018-11-19 10:20,4253
2018-11-19 10:25,4267
2018-11-19 10:30,4263
2018-11-19 10:35,4282
2018-11-19 10:40,4286
2018-11-19 10:45,4294
2018-11-19 10:50,4354
2018-11-19 10:55,4366
2018-11-19 11:00,4417
2018-11-19 11:05,4446
2018-11-19 11:10,4536
2018-11-19 11:15,4586
2018-11-19 11:20,4594
2018-11-19 11:25,4670
2018-11-19 11:30,4712
2018-11-19 11:35,4782
2018-11-19 11:40,4814
2018-11-19 11:45,4900
2018-11-19 11:50,4923
2018-11-19 11:55,5015
2018-11-19 12:00,5093
2018-11-19 12:05,5179
2018-11-19 12:10,5283
2018-11-19 12:15,5328
2018-11-19 12:20,5376
2018-11-19 12:25,5425
2018-11-19 12:30,5490
2018-11-19 12:35,5519
2018-11-19 12:40,5587
2018-11-19 12:45,5702
2018-11-19 12:50,5813
2018-11-19 12:55,5896
2018-11-19 13:00,5983
2018-11-19 13:05,6050
2018-11-19 13:10,6098
2018-11-19 13:15,6159
2018-11-19 13:20,6219
2018-11-19 13:25,6282
2018-11-19 13:30,6347
2018-11-19 13:35,6415
2018-11-19 13:40,6495
2018-11-19 13:45,6546
2018-11-19 13:50,6607
2018-11-19 13:55,6666
2018-11-19 14:00,6755
2018-11-19 14:05,6878
2018-11-19 14:10,7001
2018-11-19 14:15,7090
2018-11-19 14:20,7168
2018-11-19 14:25,7257
2018-11-19 14:30,7281
2018-11-19 14:35,7427
2018-11-19 14:40,7563
2018-11-19 14:45,7604
2018-11-19 14:50,7662
2018-11-19 14:55,7713
2018-11-19 15:00,7851
2018-11-19 15:05,7899
2018-11-19 15:10,7944
2018-11-19 15:15,8036
2018-11-19 15:20,8115
2018-11-19 15:25,8204
2018-11-19 15:30,8355
2018-11-19 15:35,8434
2018-11-19 15:40,8532
2018-11-19 15:45,8605
2018-11-19 15:50,8705
2018-11-19 15:55,8775
2018-11-19 16:00,8835
2018-11-19 16:05,8895
2018-11-19 16:10,8983
2018-11-19 16:15,9056
2018-11-19 16:20,9199
2018-11-19 16:25,9310
2018-11-19 16:30,9419
2018-11-19 16:35,9463
2018-11-19 16:40,9531
2018-11-19 16:45,9591
2018-11-19 16:50,9709
2018-11-19 16:55,9795
2018-11-19 17:00,9930
2018-11-19 17:05,10010
2018-11-19 17:10,10084
2018-11-19 17:15,10194
2018-11-19 17:20,10294
2018-11-19 17:25,10524
2018-11-19 17:30,10689
2018-11-19 17:35,10737
2018-11-19 17:40,10780
2018-11-19 17:45,10905
2018-11-19 17:50,10973
2018-11-19 17:55,11120
2018-11-19 18:00,11201
2018-11-19 18:05,11276
2018-11-19 18:10,11330
2018-11-19 18:15,11346
2018-11-19 18:20,11375
2018-11-19 18:25,11452
2018-11-19 18:30,11480
2018-11-19 18:35,11523
2018-11-19 18:40,11577
2018-11-19 18:45,11663
2018-11-19 18:50,11765
2018-11-19 18:55,11746
2018-11-19 19:00,11847
2018-11-19 19:05,11901
2018-11-19 19:10,11928
2018-11-19 19:15,11949
2018-11-19 19:20,11964
2018-11-19 19:25,12011
2018-11-19 19:30,12057
2018-11-19 19:35,12056
2018-11-19 19:40,12056
2018-11-19 19:45,12038
2018-11-19 19:50,12082
2018-11-19 19:55,12118
2018-11-19 20:00,12072
2018-11-19 20:05,12053
2018-11-19 20:10,12056
2018-11-19 20:15,12076
2018-11-19 20:20,12001
2018-11-19 20:25,11946
2018-11-19 20:30,11970
2018-11-19 20:35,11990
2018-11-19 20:40,12009
2018-11-19 20:45,12033
2018-11-19 20:50,11998
2018-11-19 20:55,12005
2018-11-19 21:00,11876
2018-11-19 21:05,11742
2018-11-19 21:10,11684
2018-11-19 21:15,11667
2018-11-19 21:20,11589
2018-11-19 21:25,11484
2018-11-19 21:30,11401
2018-11-19 21:35,11368
2018-11-19 21:40,11277
2018-11-19 21:45,11193
2018-11-19 21:50,11135
2018-11-19 21:55,11023
2018-11-19 22:00,10948
2018-11-19 22:05,10858
2018-11-19 22:10,10708
2018-11-19 22:15,10546
2018-11-19 22:20,10500
2018-11-19 22:25,10369
2018-11-19 22:30,10268
2018-11-19 22:35,10253
2018-11-19 22:40,10219
2018-11-19 22:45,10238
2018-11-19 22:50,10084
2018-11-19 22:55,10011
2018-11-19 23:00,9879
2018-11-19 23:05,9816
2018-11-19 23:10,9828
2018-11-19 23:15,9757
2018-11-19 23:20,9720
2018-11-19 23:25,9640
2018-11-19 23:30,9571
2018-11-19 23:35,9532
2018-11-19 23:40,9476
2018-11-19 23:45,9361
2018-11-19 23:50,9346
2018-11-19 23:55,9310
2018-11-20 00:00,9243
2018-11-20 00:05,9232
2018-11-20 00:10,9197
2018-11-20 00:15,9217
2018-11-20 00:20,9143
2018-11-20 00:25,9099
2018-11-20 00:30,9119
2018-11-20 00:35,9085
2018-11-20 00:40,9024
2018-11-20 00:45,8978
2018-11-20 00:50,8949
2018-11-20 00:55,8957
2018-11-20 01:00,8953
2018-11-20 01:05,8945
2018-11-20 01:10,8871
2018-11-20 01:15,8877
2018-11-20 01:20,8834
2018-11-20 01:25,8761
2018-11-20 01:30,8749
2018-11-20 01:35,8754
2018-11-20 01:40,8705
2018-11-20 01:45,8675
2018-11-20 01:50,8639
2018-11-20 01:55,8599
2018-11-20 02:00,8548
2018-11-20 02:05,8542
2018-11-20 02:10,8498
2018-11-20 02:15,8509
2018-11-20 02:20,8440
2018-11-20 02:25,8414
2018-11-20 02:30,8396
2018-11-20 02:35,8320
2018-11-20 02:40,8246
2018-11-20 02:45,8254
2018-11-20 02:50,8196
2018-11-20 02:55,8208
2018-11-20 03:00,8155
2018-11-20 03:05,8081
2018-11-20 03:10,8009
2018-11-20 03:15,7928
2018-11-20 03:20,7841
2018-11-20 03:25,7817
2018-11-20 03:30,7783
2018-11-20 03:35,7723
2018-11-20 03:40,7699
2018-11-20 03:45,7617
2018-11-20 03:50,7526
2018-11-20 03:55,7394
2018-11-20 04:00,7391
2018-11-20 04:05,7319
2018-11-20 04:10,7223
2018-11-20 04:15,7126
2018-11-20 04:20,7019
2018-11-20 04:25,6925
2018-11-20 04:30,6869
2018-11-20 04:35,6819
2018-11-20 04:40,6726
2018-11-20 04:45,6621
2018-11-20 04:50,6531
2018-11-20 04:55,6468
2018-11-20 05:00,6427
2018-11-20 05:05,6307
2018-11-20 05:10,6199
2018-11-20 05:15,6111
2018-11-20 05:20,6021
2018-11-20 05:25,5969
2018-11-20 05:30,5908
2018-11-20 05:35,5841
2018-11-20 05:40,5762
2018-11-20 05:45,5717
2018-11-20 05:50,5639
2018-11-20 05:55,5557
2018-11-20 06:00,5439
2018-11-20 06:05,5335
2018-11-20 06:10,5236
2018-11-20 06:15,5179
2018-11-20 06:20,5087
2018-11-20 06:25,5016
2018-11-20 06:30,4916
2018-11-20 06:35,4844
2018-11-20 06:40,4806
2018-11-20 06:45,4718
2018-11-20 06:50,4650
2018-11-20 06:55,4612
2018-11-20 07:00,4561
2018-11-20 07:05,4536
2018-11-20 07:10,4463
2018-11-20 07:15,4421
2018-11-20 07:20,4350
2018-11-20 07:25,4279
2018-11-20 07:30,4233
2018-11-20 07:35,4135
2018-11-20 07:40,4093
2018-11-20 07:45,4054
2018-11-20 07:50,4024
2018-11-20 07:55,3979
2018-11-20 08:00,3906
2018-11-20 08:05,3884
2018-11-20 08:10,3856
2018-11-20 08:15,3844
2018-11-20 08:20,3801
2018-11-20 08:25,3762
2018-11-20 08:30,3769
2018-11-20 08:35,3737
2018-11-20 08:40,3670
2018-11-20 08:45,3680
2018-11-20 08:50,3638
2018-11-20 08:55,3627
2018-11-20 09:00,3598
2018-11-20 09:05,3616
2018-11-20 09:10,3655
2018-11-20 09:15,3673
2018-11-20 09:20,3703
2018-11-20 09:25,3684
2018-11-20 09:30,3686
2018-11-20 09:35,3719
2018-11-20 09:40,3737
2018-11-20 09:45,3721
2018-11-20 09:50,3725
2018-11-20 09:55,3749
2018-11-20 10:00,3779
2018-11-20 10:05,3754
2018-11-20 10:10,3754
2018-11-20 10:15,3723
2018-11-20 10:20,3754
2018-11-20 10:25,3747
2018-11-20 10:30,3771
2018-11-20 10:35,3712
2018-11-20 10:40,3702
2018-11-20 10:45,3702
2018-11-20 10:50,3667
2018-11-20 10:55,3617
2018-11-20 11:00,3600
2018-11-20 11:05,3102
2018-11-20 11:10,2535
2018-11-20 11:15,2022
2018-11-20 11:20,1562
2018-11-20 11:25,1337
2018-11-20 11:30,1211
2018-11-20 11:35,1167
2018-11-20 11:40,1094
2018-11-20 11:45,1055
2018-11-20 11:50,1019
2018-11-20 11:55,1011
2018-11-20 12:00,1016
2018-11-20 12:05,1012
2018-11-20 12:10,1025
2018-11-20 12:15,1059
2018-11-20 12:20,1062
2018-11-20 12:25,1035
2018-11-20 12:30,1069
2018-11-20 12:35,1071
2018-11-20 12:40,1070
2018-11-20 12:45,1111
2018-11-20 12:50,1096
2018-11-20 12:55,1123
2018-11-20 13:00,1140
2018-11-20 13:05,1177
2018-11-20 13:10,1130
2018-11-20 13:15,1207
2018-11-20 13:20,1187
2018-11-20 13:25,1188
2018-11-20 13:30,1185
2018-11-20 13:35,1237
2018-11-20 13:40,1198
2018-11-20 13:45,1267
2018-11-20 13:50,1231
2018-11-20 13:55,1249
2018-11-20 14:00,1262
2018-11-20 14:05,1297
2018-11-20 14:10,1331
2018-11-20 14:15,1336
2018-11-20 14:20,1361
2018-11-20 14:25,1369
2018-11-20 14:30,1880
2018-11-20 14:35,2856
2018-11-20 14:40,3624
2018-11-20 14:45,4341
2018-11-20 14:50,4901
2018-11-20 14:55,5429
2018-11-20 15:00,5940
2018-11-20 15:05,6353
2018-11-20 15:10,6730
2018-11-20 15:15,7109
2018-11-20 15:20,7408
2018-11-20 15:25,7731
2018-11-20 15:30,7957
2018-11-20 15:35,8173
2018-11-20 15:40,8371
2018-11-20 15:45,8621
2018-11-20 15:50,8724
2018-11-20 15:55,8874
2018-11-20 16:00,9002
2018-11-20 16:05,9151
2018-11-20 16:10,9290
2018-11-20 16:15,9384
2018-11-20 16:20,9404
2018-11-20 16:25,9454
2018-11-20 16:30,9575
2018-11-20 16:35,9657
2018-11-20 16:40,9700
2018-11-20 16:45,9785
2018-11-20 16:50,9854
2018-11-20 16:55,9848
2018-11-20 17:00,9933
2018-11-20 17:05,10058
2018-11-20 17:10,10100
2018-11-20 17:15,10229
2018-11-20 17:20,10299
2018-11-20 17:25,10326
2018-11-20 17:30,10424
2018-11-20 17:35,10510
2018-11-20 17:40,10604
2018-11-20 17:45,10580
2018-11-20 17:50,10707
2018-11-20 17:55,10754
2018-11-20 18:00,10774
2018-11-20 18:05,10789
2018-11-20 18:10,10906
2018-11-20 18:15,11059
2018-11-20 18:20,11140
2018-11-20 18:25,11225
2018-11-20 18:30,11374
2018-11-20 18:35,11504
2018-11-20 18:40,11529
2018-11-20 18:45,11599
2018-11-20 18:50,11601
2018-11-20 18:55,11682
2018-11-20 19:00,11679
2018-11-20 19:05,11746
2018-11-20 19:10,11674
2018-11-20 19:15,11780
2018-11-20 19:20,11782
2018-11-20 19:25,11810
2018-11-20 19:30,11905
2018-11-20 19:35,11882
2018-11-20 19:40,11871
2018-11-20 19:45,11840
2018-11-20 19:50,11808
2018-11-20 19:55,11812
2018-11-20 20:00,11813
2018-11-20 20:05,11778
2018-11-20 20:10,11750
2018-11-20 20:15,11742
2018-11-20 20:20,11734
2018-11-20 20:25,11607
2018-11-20 20:30,11626
2018-11-20 20:35,11588
2018-11-20 20:40,11587
2018-11-20 20:45,11589
2018-11-20 20:50,11568
2018-11-20 20:55,11475
2018-11-20 21:00,11394
2018-11-20 21:05,11306
2018-11-20 21:10,11115
2018-11-20 21:15,11015
2018-11-20 21:20,10910
2018-11-20 21:25,10840
2018-11-20 21:30,10859
2018-11-20 21:35,10871
2018-11-20 21:40,10835
2018-11-20 21:45,10818
2018-11-20 21:50,10809
2018-11-20 21:55,10769
2018-11-20 22:00,10694
2018-11-20 22:05,10593
2018-11-20 22:10,10523
2018-11-20 22:15,10459
2018-11-20 22:20,10408
2018-11-20 22:25,10296
2018-11-20 22:30,10216
2018-11-20 22:35,10109
2018-11-20 22:40,9969
2018-11-20 22:45,9846
2018-11-20 22:50,9852
2018-11-20 22:55,
2018-11-20 23:00,
2018-11-20 23:05,0
2018-11-20 23:10,8999
2018-11-20 23:15,9113
2018-11-20 23:20,9110
2018-11-20 23:25,9037
2018-11-20 23:30,9021
2018-11-20 23:35,8922
2018-11-20 23:40,8924
2018-11-20 23:45,8909
2018-11-20 23:50,8890
2018-11-20 23:55,8883
2018-11-21 00:00,8847
2018-11-21 00:05,8824
2018-11-21 00:10,8758
2018-11-21 00:15,8671
2018-11-21 00:20,8613
2018-11-21 00:25,8606
2018-11-21 00:30,8577
2018-11-21 00:35,8551
2018-11-21 00:40,8537
2018-11-21 00:45,8425
2018-11-21 00:50,8440
2018-11-21 00:55,8380
2018-11-21 01:00,8379
2018-11-21 01:05,8352
2018-11-21 01:10,8292
2018-11-21 01:15,8314
2018-11-21 01:20,8281
2018-11-21 01:25,8310
2018-11-21 01:30,8253
2018-11-21 01:35,8289
2018-11-21 01:40,8271
2018-11-21 01:45,8220
2018-11-21 01:50,8246
2018-11-21 01:55,8250
2018-11-21 02:00,8221
2018-11-21 02:05,8201
2018-11-21 02:10,8179
2018-11-21 02:15,8166
2018-11-21 02:20,8096
2018-11-21 02:25,8099
2018-11-21 02:30,8092
2018-11-21 02:35,8138
2018-11-21 02:40,8130
2018-11-21 02:45,8093
2018-11-21 02:50,8063
2018-11-21 02:55,7986
2018-11-21 03:00,7950
2018-11-21 03:05,7892
2018-11-21 03:10,7799
2018-11-21 03:15,7770
2018-11-21 03:20,7723
2018-11-21 03:25,7662
2018-11-21 03:30,7619
2018-11-21 03:35,7523
2018-11-21 03:40,7443
2018-11-21 03:45,7419
2018-11-21 03:50,7360
2018-11-21 03:55,7270
2018-11-21 04:00,7255
2018-11-21 04:05,7131
2018-11-21 04:10,7095
2018-11-21 04:15,6973
2018-11-21 04:20,6952
2018-11-21 04:25,6891
2018-11-21 04:30,6843
2018-11-21 04:35,6810
2018-11-21 04:40,6739
2018-11-21 04:45,6672
2018-11-21 04:50,6608
2018-11-21 04:55,6517
2018-11-21 05:00,6472
2018-11-21 05:05,6354
2018-11-21 05:10,6230
2018-11-21 05:15,6124
2018-11-21 05:20,6058
2018-11-21 05:25,5991
2018-11-21 05:30,5934
2018-11-21 05:35,5826
2018-11-21 05:40,5725
2018-11-21 05:45,5605
2018-11-21 05:50,5488
2018-11-21 05:55,5401
2018-11-21 06:00,5315
2018-11-21 06:05,5273
2018-11-21 06:10,5192
2018-11-21 06:15,5153
2018-11-21 06:20,5088
2018-11-21 06:25,5013
2018-11-21 06:30,4928
2018-11-21 06:35,4855
2018-11-21 06:40,4778
2018-11-21 06:45,4691
2018-11-21 06:50,4664
2018-11-21 06:55,4595
2018-11-21 07:00,4536
2018-11-21 07:05,4474
2018-11-21 07:10,4423
2018-11-21 07:15,4337
2018-11-21 07:20,4281
2018-11-21 07:25,4229
2018-11-21 07:30,4159
2018-11-21 07:35,4133
2018-11-21 07:40,4089
2018-11-21 07:45,4031
2018-11-21 07:50,4009
2018-11-21 07:55,3993
2018-11-21 08:00,3981
2018-11-21 08:05,3950
2018-11-21 08:10,3923
2018-11-21 08:15,3892
2018-11-21 08:20,3905
2018-11-21 08:25,3853
2018-11-21 08:30,3807
2018-11-21 08:35,3760
2018-11-21 08:40,3752
2018-11-21 08:45,3731
2018-11-21 08:50,3723
2018-11-21 08:55,3681
2018-11-21 09:00,3662
2018-11-21 09:05,3651
2018-11-21 09:10,3707
2018-11-21 09:15,3742
2018-11-21 09:20,3759
2018-11-21 09:25,3764
2018-11-21 09:30,3812
2018-11-21 09:35,3747
2018-11-21 09:40,3718
2018-11-21 09:45,3728
2018-11-21 09:50,3741
2018-11-21 09:55,3766
2018-11-21 10:00,3758
2018-11-21 10:05,3808
2018-11-21 10:10,3807
2018-11-21 10:15,3823
2018-11-21 10:20,3849
2018-11-21 10:25,3871
2018-11-21 10:30,3890
2018-11-21 10:35,3924
2018-11-21 10:40,3927
2018-11-21 10:45,3953
2018-11-21 10:50,4038
2018-11-21 10:55,4096
2018-11-21 11:00,4126
2018-11-21 11:05,4154
2018-11-21 11:10,4213
2018-11-21 11:15,4239
2018-11-21 11:20,4274
2018-11-21 11:25,4297
2018-11-21 11:30,4324
2018-11-21 11:35,4381
2018-11-21 11:40,4420
2018-11-21 11:45,4493
2018-11-21 11:50,4561
2018-11-21 11:55,4635
2018-11-21 12:00,4689
2018-11-21 12:05,4724
2018-11-21 12:10,4798
2018-11-21 12:15,4820
2018-11-21 12:20,4876
2018-11-21 12:25,4957
2018-11-21 12:30,4993
2018-11-21 12:35,5060
2018-11-21 12:40,5073
2018-11-21 12:45,5152
2018-11-21 12:50,5215
2018-11-21 12:55,5276
2018-11-21 13:00,5307
2018-11-21 13:05,5334
2018-11-21 13:10,5318
2018-11-21 13:15,5369
2018-11-21 13:20,5458
2018-11-21 13:25,5500
2018-11-21 13:30,5529
2018-11-21 13:35,5699
2018-11-21 13:40,5857
2018-11-21 13:45,5953
2018-11-21 13:50,6065
2018-11-21 13:55,6191
2018-11-21 14:00,6305
2018-11-21 14:05,6412
2018-11-21 14:10,6487
2018-11-21 14:15,6596
2018-11-21 14:20,6693
2018-11-21 14:25,6768
2018-11-21 14:30,6900
2018-11-21 14:35,6986
2018-11-21 14:40,7124
2018-11-21 14:45,7187
2018-11-21 14:50,7202
2018-11-21 14:55,7255
2018-11-21 15:00,7261
2018-11-21 15:05,7316
2018-11-21 15:10,7415
2018-11-21 15:15,7539
2018-11-21 15:20,7587
2018-11-21 15:25,7623
2018-11-21 15:30,7676
2018-11-21 15:35,7725
2018-11-21 15:40,7803
2018-11-21 15:45,7952
2018-11-21 15:50,8062
2018-11-21 15:55,8153
2018-11-21 16:00,8213
2018-11-21 16:05,8334
2018-11-21 16:10,8444
2018-11-21 16:15,8524
2018-11-21 16:20,8575
2018-11-21 16:25,8647
2018-11-21 16:30,8750
2018-11-21 16:35,8819
2018-11-21 16:40,8924
2018-11-21 16:45,9028
2018-11-21 16:50,9058
2018-11-21 16:55,9195
2018-11-21 17:00,9245
2018-11-21 17:05,9323
2018-11-21 17:10,9475
2018-11-21 17:15,9532
2018-11-21 17:20,9581
2018-11-21 17:25,9611
2018-11-21 17:30,9704
2018-11-21 17:35,9773
2018-11-21 17:40,9825
2018-11-21 17:45,9885
2018-11-21 17:50,9949
2018-11-21 17:55,9980
2018-11-21 18:00,10096
2018-11-21 18:05,10138
2018-11-21 18:10,10250
2018-11-21 18:15,10311
2018-11-21 18:20,10429
2018-11-21 18:25,10556
2018-11-21 18:30,10581
2018-11-21 18:35,10692
2018-11-21 18:40,10734
2018-11-21 18:45,10816
2018-11-21 18:50,10950
2018-11-21 18:55,11002
2018-11-21 19:00,11058
2018-11-21 19:05,11082
2018-11-21 19:10,11116
2018-11-21 19:15,11116
2018-11-21 19:20,11140
2018-11-21 19:25,11221
2018-11-21 19:30,11254
2018-11-21 19:35,11341
2018-11-21 19:40,11331
2018-11-21 19:45,11399
2018-11-21 19:50,11468
2018-11-21 19:55,11421
2018-11-21 20:00,11425
2018-11-21 20:05,11411
2018-11-21 20:10,11415
2018-11-21 20:15,11373
2018-11-21 20:20,11324
2018-11-21 20:25,11322
2018-11-21 20:30,11248
2018-11-21 20:35,11201
2018-11-21 20:40,11193
2018-11-21 20:45,11243
2018-11-21 20:50,11132
2018-11-21 20:55,11076
2018-11-21 21:00,11053
2018-11-21 21:05,10921
2018-11-21 21:10,10847
2018-11-21 21:15,10741
2018-11-21 21:20,10693
2018-11-21 21:25,10667
2018-11-21 21:30,10582
2018-11-21 21:35,10564
2018-11-21 21:40,10407
2018-11-21 21:45,10381
2018-11-21 21:50,10329
2018-11-21 21:55,10265
2018-11-21 22:00,10197
2018-11-21 22:05,10097
2018-11-21 22:10,9969
2018-11-21 22:15,9898
2018-11-21 22:20,9764
2018-11-21 22:25,9701
2018-11-21 22:30,9645
2018-11-21 22:35,9540
2018-11-21 22:40,9451
2018-11-21 22:45,9318
2018-11-21 22:50,9295
2018-11-21 22:55,9236
2018-11-21 23:00,9141
2018-11-21 23:05,9024
2018-11-21 23:10,8879
2018-11-21 23:15,8817
2018-11-21 23:20,8694
2018-11-21 23:25,8641
2018-11-21 23:30,8543
2018-11-21 23:35,8445
2018-11-21 23:40,8373
2018-11-21 23:45,8338
2018-11-21 23:50,8239
2018-11-21 23:55,8217
2018-11-22 00:00,8183
2018-11-22 00:05,8115
2018-11-22 00:10,8027
2018-11-22 00:15,7974
2018-11-22 00:20,7894
2018-11-22 00:25,7864
2018-11-22 00:30,7874
2018-11-22 00:35,7859
2018-11-22 00:40,7845
2018-11-22 00:45,7817
2018-11-22 00:50,7816
2018-11-22 00:55,7795
2018-11-22 01:00,7745
2018-11-22 01:05,7708
2018-11-22 01:10,7677
2018-11-22 01:15,7661
2018-11-22 01:20,7634
2018-11-22 01:25,7644
2018-11-22 01:30,7615
2018-11-22 01:35,7643
2018-11-22 01:40,7662
2018-11-22 01:45,7666
2018-11-22 01:50,7658
2018-11-22 01:55,7649
2018-11-22 02:00,7616
2018-11-22 02:05,7636
2018-11-22 02:10,7588
2018-11-22 02:15,7586
2018-11-22 02:20,7548
2018-11-22 02:25,7496
2018-11-22 02:30,7474
2018-11-22 02:35,7458
2018-11-22 02:40,7454
2018-11-22 02:45,7474
2018-11-22 02:50,7445
2018-11-22 02:55,7414
2018-11-22 03:00,7398
2018-11-22 03:05,7383
2018-11-22 03:10,7379
2018-11-22 03:15,7346
2018-11-22 03:20,7336
2018-11-22 03:25,7316
2018-11-22 03:30,7299
2018-11-22 03:35,7248
2018-11-22 03:40,7212
2018-11-22 03:45,7142
2018-11-22 03:50,7142
2018-11-22 03:55,7157
2018-11-22 04:00,7116
2018-11-22 04:05,7067
2018-11-22 04:10,7025
2018-11-22 04:15,6964
2018-11-22 04:20,6954
2018-11-22 04:25,6915
2018-11-22 04:30,6834
2018-11-22 04:35,6785
2018-11-22 04:40,6740
2018-11-22 04:45,6671
2018-11-22 04:50,6648
2018-11-22 04:55,6608
2018-11-22 05:00,6476
2018-11-22 05:05,6415
2018-11-22 05:10,6313
2018-11-22 05:15,6220
2018-11-22 05:20,6148
2018-11-22 05:25,6073
2018-11-22 05:30,5976
2018-11-22 05:35,5918
2018-11-22 05:40,5794
2018-11-22 05:45,5706
2018-11-22 05:50,5636
2018-11-22 05:55,5577
2018-11-22 06:00,5488
2018-11-22 06:05,5412
2018-11-22 06:10,5403
2018-11-22 06:15,5317
2018-11-22 06:20,5264
2018-11-22 06:25,5179
2018-11-22 06:30,5139
2018-11-22 06:35,5084
2018-11-22 06:40,5015
2018-11-22 06:45,4942
2018-11-22 06:50,4843
2018-11-22 06:55,4751
2018-11-22 07:00,4680
2018-11-22 07:05,4593
2018-11-22 07:10,4536
2018-11-22 07:15,4459
2018-11-22 07:20,4381
2018-11-22 07:25,4309
2018-11-22 07:30,4245
2018-11-22 07:35,4159
2018-11-22 07:40,4112
2018-11-22 07:45,4050
2018-11-22 07:50,4016
2018-11-22 07:55,3976
2018-11-22 08:00,3873
2018-11-22 08:05,3841
2018-11-22 08:10,3803
2018-11-22 08:15,3809
2018-11-22 08:20,3787
2018-11-22 08:25,3755
2018-11-22 08:30,3741
2018-11-22 08:35,3697
2018-11-22 08:40,3697
2018-11-22 08:45,3653
2018-11-22 08:50,3632
2018-11-22 08:55,3607
2018-11-22 09:00,3580
2018-11-22 09:05,3604
2018-11-22 09:10,3568
2018-11-22 09:15,3576
2018-11-22 09:20,3561
2018-11-22 09:25,3595
2018-11-22 09:30,3591
2018-11-22 09:35,3636
2018-11-22 09:40,3639
2018-11-22 09:45,3647
2018-11-22 09:50,3677
2018-11-22 09:55,3660
2018-11-22 10:00,3619
2018-11-22 10:05,3596
2018-11-22 10:10,3620
2018-11-22 10:15,3611
2018-11-22 10:20,3619
2018-11-22 10:25,3645
2018-11-22 10:30,3690
2018-11-22 10:35,3724
2018-11-22 10:40,3752
2018-11-22 10:45,3744
2018-11-22 10:50,3792
2018-11-22 10:55,3811
2018-11-22 11:00,3844
2018-11-22 11:05,3905
2018-11-22 11:10,3929
2018-11-22 11:15,3937
2018-11-22 11:20,3982
2018-11-22 11:25,4008
2018-11-22 11:30,4045
2018-11-22 11:35,4114
2018-11-22 11:40,4183
2018-11-22 11:45,4222
2018-11-22 11:50,4247
2018-11-22 11:55,4277
2018-11-22 12:00,4301
2018-11-22 12:05,4354
2018-11-22 12:10,4413
2018-11-22 12:15,4503
2018-11-22 12:20,4594
2018-11-22 12:25,4603
2018-11-22 12:30,4682
2018-11-22 12:35,4750
2018-11-22 12:40,4837
2018-11-22 12:45,4868
2018-11-22 12:50,4914
2018-11-22 12:55,4961
2018-11-22 13:00,5064
2018-11-22 13:05,5060
2018-11-22 13:10,5238
2018-11-22 13:15,5219
2018-11-22 13:20,5300
2018-11-22 13:25,5384
2018-11-22 13:30,5433
2018-11-22 13:35,5478
2018-11-22 13:40,5529
2018-11-22 13:45,5613
2018-11-22 13:50,5721
2018-11-22 13:55,5775
2018-11-22 14:00,5851
2018-11-22 14:05,5931
2018-11-22 14:10,5993
2018-11-22 14:15,6087
2018-11-22 14:20,6173
2018-11-22 14:25,6270
2018-11-22 14:30,6369
2018-11-22 14:35,6469
2018-11-22 14:40,6563
2018-11-22 14:45,6641
2018-11-22 14:50,6733
2018-11-22 14:55,6826
2018-11-22 15:00,6903
2018-11-22 15:05,6993
2018-11-22 15:10,7118
2018-11-22 15:15,7211
2018-11-22 15:20,7283
2018-11-22 15:25,7338
2018-11-22 15:30,7457
2018-11-22 15:35,7547
2018-11-22 15:40,7617
2018-11-22 15:45,7725
2018-11-22 15:50,7850
2018-11-22 15:55,7988
2018-11-22 16:00,8058
2018-11-22 16:05,8178
2018-11-22 16:10,8308
2018-11-22 16:15,8369
2018-11-22 16:20,8501
2018-11-22 16:25,8655
2018-11-22 16:30,8692
2018-11-22 16:35,8800
2018-11-22 16:40,8848
2018-11-22 16:45,8919
2018-11-22 16:50,8996
2018-11-22 16:55,9086
2018-11-22 17:00,9088
2018-11-22 17:05,9216
2018-11-22 17:10,9286
2018-11-22 17:15,9380
2018-11-22 17:20,9505
2018-11-22 17:25,9665
2018-11-22 17:30,9644
2018-11-22 17:35,9701
2018-11-22 17:40,9790
2018-11-22 17:45,9828
2018-11-22 17:50,9858
2018-11-22 17:55,9910
2018-11-22 18:00,9942
2018-11-22 18:05,9972
2018-11-22 18:10,10045
2018-11-22 18:15,10129
2018-11-22 18:20,10248
2018-11-22 18:25,10300
2018-11-22 18:30,10397
2018-11-22 18:35,10420
2018-11-22 18:40,10452
2018-11-22 18:45,10452
2018-11-22 18:50,10590
2018-11-22 18:55,10623
2018-11-22 19:00,10622
2018-11-22 19:05,10599
2018-11-22 19:10,10629
2018-11-22 19:15,10660
2018-11-22 19:20,10731
2018-11-22 19:25,10829
2018-11-22 19:30,10915
2018-11-22 19:35,10981
2018-11-22 19:40,11017
2018-11-22 19:45,11011
2018-11-22 19:50,10994
2018-11-22 19:55,11051
2018-11-22 20:00,11001
2018-11-22 20:05,10934
2018-11-22 20:10,10925
2018-11-22 20:15,10993
2018-11-22 20:20,10947
2018-11-22 20:25,10861
2018-11-22 20:30,10828
2018-11-22 20:35,10748
2018-11-22 20:40,10718
2018-11-22 20:45,10638
2018-11-22 20:50,10614
2018-11-22 20:55,10594
2018-11-22 21:00,10520
2018-11-22 21:05,10461
2018-11-22 21:10,10346
2018-11-22 21:15,10299
2018-11-22 21:20,10288
2018-11-22 21:25,10264
2018-11-22 21:30,10123
2018-11-22 21:35,10093
2018-11-22 21:40,10021
2018-11-22 21:45,9880
2018-11-22 21:50,9829
2018-11-22 21:55,9725
2018-11-22 22:00,9627
2018-11-22 22:05,9583
2018-11-22 22:10,9473
2018-11-22 22:15,9313
2018-11-22 22:20,9247
2018-11-22 22:25,9161
2018-11-22 22:30,9036
2018-11-22 22:35,8986
2018-11-22 22:40,8920
2018-11-22 22:45,8803
2018-11-22 22:50,8711
2018-11-22 22:55,8573
2018-11-22 23:00,8494
2018-11-22 23:05,8378
2018-11-22 23:10,8322
2018-11-22 23:15,8269
2018-11-22 23:20,8222
2018-11-22 23:25,8147
2018-11-22 23:30,8111
2018-11-22 23:35,7983
2018-11-22 23:40,7937
2018-11-22 23:45,7884
2018-11-22 23:50,7825
2018-11-22 23:55,7790
2018-11-23 00:00,7737
2018-11-23 00:05,7711
2018-11-23 00:10,7645
2018-11-23 00:15,7635
2018-11-23 00:20,7598
2018-11-23 00:25,7546
2018-11-23 00:30,7492
2018-11-23 00:35,7485
2018-11-23 00:40,7449
2018-11-23 00:45,7434
2018-11-23 00:50,7405
2018-11-23 00:55,7347
2018-11-23 01:00,7308
2018-11-23 01:05,7318
2018-11-23 01:10,7237
2018-11-23 01:15,7238
2018-11-23 01:20,7249
2018-11-23 01:25,7227
2018-11-23 01:30,7274
2018-11-23 01:35,7272
2018-11-23 01:40,7258
2018-11-23 01:45,7215
2018-11-23 01:50,7239
2018-11-23 01:55,7234
2018-11-23 02:00,7285
2018-11-23 02:05,7276
2018-11-23 02:10,7257
2018-11-23 02:15,7241
2018-11-23 02:20,7223
2018-11-23 02:25,7149
2018-11-23 02:30,7140
2018-11-23 02:35,7174
2018-11-23 02:40,7150
2018-11-23 02:45,7140
2018-11-23 02:50,7126
2018-11-23 02:55,7083
2018-11-23 03:00,7080
2018-11-23 03:05,7055
2018-11-23 03:10,7048
2018-11-23 03:15,7030
2018-11-23 03:20,7003
2018-11-23 03:25,6963
2018-11-23 03:30,6990
2018-11-23 03:35,6949
2018-11-23 03:40,6916
2018-11-23 03:45,6925
2018-11-23 03:50,6879
2018-11-23 03:55,6835
2018-11-23 04:00,6794
2018-11-23 04:05,6700
2018-11-23 04:10,6684
2018-11-23 04:15,6641
2018-11-23 04:20,6597
2018-11-23 04:25,6542
2018-11-23 04:30,6506
2018-11-23 04:35,6447
2018-11-23 04:40,6376
2018-11-23 04:45,6346
2018-11-23 04:50,6323
2018-11-23 04:55,6264
2018-11-23 05:00,6255
2018-11-23 05:05,6134
2018-11-23 05:10,6040
2018-11-23 05:15,5985
2018-11-23 05:20,5899
2018-11-23 05:25,5803
2018-11-23 05:30,5761
2018-11-23 05:35,5685
2018-11-23 05:40,5607
2018-11-23 05:45,5540
2018-11-23 05:50,5462
2018-11-23 05:55,5348
2018-11-23 06:00,5261
2018-11-23 06:05,5204
2018-11-23 06:10,5145
2018-11-23 06:15,5086
2018-11-23 06:20,5033
2018-11-23 06:25,4972
2018-11-23 06:30,4912
2018-11-23 06:35,4862
2018-11-23 06:40,4806
2018-11-23 06:45,4749
2018-11-23 06:50,4665
2018-11-23 06:55,4617
2018-11-23 07:00,4565
2018-11-23 07:05,4472
2018-11-23 07:10,4394
2018-11-23 07:15,4330
2018-11-23 07:20,4242
2018-11-23 07:25,4192
2018-11-23 07:30,4187
2018-11-23 07:35,4111
2018-11-23 07:40,4097
2018-11-23 07:45,4055
2018-11-23 07:50,3975
2018-11-23 07:55,3927
2018-11-23 08:00,3904
2018-11-23 08:05,3876
2018-11-23 08:10,3833
2018-11-23 08:15,3766
2018-11-23 08:20,3767
2018-11-23 08:25,3755
2018-11-23 08:30,3716
2018-11-23 08:35,3691
2018-11-23 08:40,3650
2018-11-23 08:45,3609
2018-11-23 08:50,3562
2018-11-23 08:55,3561
2018-11-23 09:00,3577
2018-11-23 09:05,3585
2018-11-23 09:10,3623
2018-11-23 09:15,3581
2018-11-23 09:20,3597
2018-11-23 09:25,3593
2018-11-23 09:30,3594
2018-11-23 09:35,3578
2018-11-23 09:40,3572
2018-11-23 09:45,3577
2018-11-23 09:50,3565
2018-11-23 09:55,3591
2018-11-23 10:00,3606
2018-11-23 10:05,3629
2018-11-23 10:10,3631
2018-11-23 10:15,3666
2018-11-23 10:20,3693
2018-11-23 10:25,3756
2018-11-23 10:30,3743
2018-11-23 10:35,3792
2018-11-23 10:40,3841
2018-11-23 10:45,3866
2018-11-23 10:50,3898
2018-11-23 10:55,3958
2018-11-23 11:00,4009
2018-11-23 11:05,4039
2018-11-23 11:10,4067
2018-11-23 11:15,4125
2018-11-23 11:20,4173
2018-11-23 11:25,4206
2018-11-23 11:30,4217
2018-11-23 11:35,4283
2018-11-23 11:40,4308
2018-11-23 11:45,4416
2018-11-23 11:50,4479
2018-11-23 11:55,4555
2018-11-23 12:00,4568
2018-11-23 12:05,4608
2018-11-23 12:10,4694
2018-11-23 12:15,4754
2018-11-23 12:20,4807
2018-11-23 12:25,4876
2018-11-23 12:30,4953
2018-11-23 12:35,5019
2018-11-23 12:40,5143
2018-11-23 12:45,5226
2018-11-23 12:50,5322
2018-11-23 12:55,5401
2018-11-23 13:00,5448
2018-11-23 13:05,5524
2018-11-23 13:10,5626
2018-11-23 13:15,5709
2018-11-23 13:20,5756
2018-11-23 13:25,5790
2018-11-23 13:30,5885
2018-11-23 13:35,5971
2018-11-23 13:40,5985
2018-11-23 13:45,6078
2018-11-23 13:50,6176
2018-11-23 13:55,6234
2018-11-23 14:00,6331
2018-11-23 14:05,6438
2018-11-23 14:10,6545
2018-11-23 14:15,6633
2018-11-23 14:20,6714
2018-11-23 14:25,6845
2018-11-23 14:30,6934
2018-11-23 14:35,6997
2018-11-23 14:40,7155
2018-11-23 14:45,7213
2018-11-23 14:50,7272
2018-11-23 14:55,7340
2018-11-23 15:00,7427
2018-11-23 15:05,7528
2018-11-23 15:10,7661
2018-11-23 15:15,7730
2018-11-23 15:20,7830
2018-11-23 15:25,7934
2018-11-23 15:30,7997
2018-11-23 15:35,8010
2018-11-23 15:40,8104
2018-11-23 15:45,8243
2018-11-23 15:50,8343
2018-11-23 15:55,8371
2018-11-23 16:00,8443
2018-11-23 16:05,8528
2018-11-23 16:10,8525
2018-11-23 16:15,8596
2018-11-23 16:20,8634
2018-11-23 16:25,8723
2018-11-23 16:30,8774
2018-11-23 16:35,8879
2018-11-23 16:40,8946
2018-11-23 16:45,9026
2018-11-23 16:50,9084
2018-11-23 16:55,9160
2018-11-23 17:00,9196
2018-11-23 17:05,9279
2018-11-23 17:10,9352
2018-11-23 17:15,9453
2018-11-23 17:20,9576
2018-11-23 17:25,9637
2018-11-23 17:30,9685
2018-11-23 17:35,9776
2018-11-23 17:40,9874
2018-11-23 17:45,9941
2018-11-23 17:50,10018
2018-11-23 17:55,10129
2018-11-23 18:00,10143
2018-11-23 18:05,10201
2018-11-23 18:10,10303
2018-11-23 18:15,10336
2018-11-23 18:20,10396
2018-11-23 18:25,10496
2018-11-23 18:30,10614
2018-11-23 18:35,10674
2018-11-23 18:40,10723
2018-11-23 18:45,10797
2018-11-23 18:50,10772
2018-11-23 18:55,10812
2018-11-23 19:00,10938
2018-11-23 19:05,10981
2018-11-23 19:10,10979
2018-11-23 19:15,11033
2018-11-23 19:20,11106
2018-11-23 19:25,11144
2018-11-23 19:30,11150
2018-11-23 19:35,11202
2018-11-23 19:40,11297
2018-11-23 19:45,11341
2018-11-23 19:50,11390
2018-11-23 19:55,11465
2018-11-23 20:00,11551
2018-11-23 20:05,11587
2018-11-23 20:10,11614
2018-11-23 20:15,11611
2018-11-23 20:20,11597
2018-11-23 20:25,11623
2018-11-23 20:30,11580
2018-11-23 20:35,11539
2018-11-23 20:40,11543
2018-11-23 20:45,11582
2018-11-23 20:50,11656
2018-11-23 20:55,11638
2018-11-23 21:00,11647
2018-11-23 21:05,11619
2018-11-23 21:10,11614
2018-11-23 21:15,11623
2018-11-23 21:20,11607
2018-11-23 21:25,11561
2018-11-23 21:30,11587
2018-11-23 21:35,11545
2018-11-23 21:40,11497
2018-11-23 21:45,11445
2018-11-23 21:50,11465
2018-11-23 21:55,11412
2018-11-23 22:00,11420
2018-11-23 22:05,11376
2018-11-23 22:10,11305
2018-11-23 22:15,11250
2018-11-23 22:20,11175
2018-11-23 22:25,11123
2018-11-23 22:30,10960
2018-11-23 22:35,10652
2018-11-23 22:40,10386
2018-11-23 22:45,10232
2018-11-23 22:50,10159
2018-11-23 22:55,10094
2018-11-23 23:00,10083
2018-11-23 23:05,10008
2018-11-23 23:10,9978
2018-11-23 23:15,9990
2018-11-23 23:20,9945
2018-11-23 23:25,9915
2018-11-23 23:30,9817
2018-11-23 23:35,9835
2018-11-23 23:40,9749
2018-11-23 23:45,9654
2018-11-23 23:50,9656
2018-11-23 23:55,9554
2018-11-24 00:00,9453
2018-11-24 00:05,9485
2018-11-24 00:10,9382
2018-11-24 00:15,9283
2018-11-24 00:20,9226
2018-11-24 00:25,9139
2018-11-24 00:30,9133
2018-11-24 00:35,9000
2018-11-24 00:40,8933
2018-11-24 00:45,8843
2018-11-24 00:50,8761
2018-11-24 00:55,8731
2018-11-24 01:00,8698
2018-11-24 01:05,8657
2018-11-24 01:10,8564
2018-11-24 01:15,8517
2018-11-24 01:20,8520
2018-11-24 01:25,8564
2018-11-24 01:30,8585
2018-11-24 01:35,8548
2018-11-24 01:40,8505
2018-11-24 01:45,8507
2018-11-24 01:50,8497
2018-11-24 01:55,8487
2018-11-24 02:00,8497
2018-11-24 02:05,8489
2018-11-24 02:10,8467
2018-11-24 02:15,8448
2018-11-24 02:20,8446
2018-11-24 02:25,8472
2018-11-24 02:30,8449
2018-11-24 02:35,8362
2018-11-24 02:40,8385
2018-11-24 02:45,8388
2018-11-24 02:50,8375
2018-11-24 02:55,8287
2018-11-24 03:00,8243
2018-11-24 03:05,8191
2018-11-24 03:10,8215
2018-11-24 03:15,8239
2018-11-24 03:20,8172
2018-11-24 03:25,8138
2018-11-24 03:30,8116
2018-11-24 03:35,8061
2018-11-24 03:40,8019
2018-11-24 03:45,7970
2018-11-24 03:50,7937
2018-11-24 03:55,7903
2018-11-24 04:00,7869
2018-11-24 04:05,7833
2018-11-24 04:10,7775
2018-11-24 04:15,7777
2018-11-24 04:20,7731
2018-11-24 04:25,7670
2018-11-24 04:30,7620
2018-11-24 04:35,7547
2018-11-24 04:40,7516
2018-11-24 04:45,7477
2018-11-24 04:50,7389
2018-11-24 04:55,7301
2018-11-24 05:00,7170
2018-11-24 05:05,7091
2018-11-24 05:10,6980
2018-11-24 05:15,6916
2018-11-24 05:20,6865
2018-11-24 05:25,6794
2018-11-24 05:30,6791
2018-11-24 05:35,6708
2018-11-24 05:40,6598
2018-11-24 05:45,6484
2018-11-24 05:50,6428
2018-11-24 05:55,6321
2018-11-24 06:00,6221
2018-11-24 06:05,6151
2018-11-24 06:10,6083
2018-11-24 06:15,5991
2018-11-24 06:20,5944
2018-11-24 06:25,5853
2018-11-24 06:30,5768
2018-11-24 06:35,5724
2018-11-24 06:40,5656
2018-11-24 06:45,5575
2018-11-24 06:50,5502
2018-11-24 06:55,5451
2018-11-24 07:00,5386
2018-11-24 07:05,5341
2018-11-24 07:10,5271
2018-11-24 07:15,5210
2018-11-24 07:20,5173
2018-11-24 07:25,5138
2018-11-24 07:30,5136
2018-11-24 07:35,5133
2018-11-24 07:40,5060
2018-11-24 07:45,5041
2018-11-24 07:50,4948
2018-11-24 07:55,4898
2018-11-24 08:00,4875
2018-11-24 08:05,4889
2018-11-24 08:10,4852
2018-11-24 08:15,4842
2018-11-24 08:20,4809
2018-11-24 08:25,4776
2018-11-24 08:30,4775
2018-11-24 08:35,4759
2018-11-24 08:40,4757
2018-11-24 08:45,4780
2018-11-24 08:50,4815
2018-11-24 08:55,4793
2018-11-24 09:00,4788
2018-11-24 09:05,4868
2018-11-24 09:10,4870
2018-11-24 09:15,4879
2018-11-24 09:20,4881
2018-11-24 09:25,4927
2018-11-24 09:30,4974
2018-11-24 09:35,5002
2018-11-24 09:40,5046
2018-11-24 09:45,5059
2018-11-24 09:50,5045
2018-11-24 09:55,5081
2018-11-24 10:00,5127
2018-11-24 10:05,5164
2018-11-24 10:10,5177
2018-11-24 10:15,5238
2018-11-24 10:20,5307
2018-11-24 10:25,5370
2018-11-24 10:30,5468
2018-11-24 10:35,5477
2018-11-24 10:40,5514
2018-11-24 10:45,5569
2018-11-24 10:50,5564
2018-11-24 10:55,5603
2018-11-24 11:00,5702
2018-11-24 11:05,5798
2018-11-24 11:10,5835
2018-11-24 11:15,5959
2018-11-24 11:20,5994
2018-11-24 11:25,6040
2018-11-24 11:30,6098
2018-11-24 11:35,6155
2018-11-24 11:40,6208
2018-11-24 11:45,6274
2018-11-24 11:50,6383
2018-11-24 11:55,6499
2018-11-24 12:00,6585
2018-11-24 12:05,6628
2018-11-24 12:10,6675
2018-11-24 12:15,6748
2018-11-24 12:20,6808
2018-11-24 12:25,6870
2018-11-24 12:30,6939
2018-11-24 12:35,7014
2018-11-24 12:40,7049
2018-11-24 12:45,7125
2018-11-24 12:50,7144
2018-11-24 12:55,7204
2018-11-24 13:00,7262
2018-11-24 13:05,7359
2018-11-24 13:10,7432
2018-11-24 13:15,7527
2018-11-24 13:20,7576
2018-11-24 13:25,7653
2018-11-24 13:30,7728
2018-11-24 13:35,7785
2018-11-24 13:40,7842
2018-11-24 13:45,7967
2018-11-24 13:50,8107
2018-11-24 13:55,8201
2018-11-24 14:00,8292
2018-11-24 14:05,8442
2018-11-24 14:10,8519
2018-11-24 14:15,8631
2018-11-24 14:20,8690
2018-11-24 14:25,8740
2018-11-24 14:30,8875
2018-11-24 14:35,8894
2018-11-24 14:40,8986
2018-11-24 14:45,9028
2018-11-24 14:50,9094
2018-11-24 14:55,9113
2018-11-24 15:00,9156
2018-11-24 15:05,9254
2018-11-24 15:10,9288
2018-11-24 15:15,9346
2018-11-24 15:20,9390
2018-11-24 15:25,9442
2018-11-24 15:30,9471
2018-11-24 15:35,9507
2018-11-24 15:40,9590
2018-11-24 15:45,9645
2018-11-24 15:50,9778
2018-11-24 15:55,9817
2018-11-24 16:00,9881
2018-11-24 16:05,9894
2018-11-24 16:10,9984
2018-11-24 16:15,10053
2018-11-24 16:20,10127
2018-11-24 16:25,10180
2018-11-24 16:30,10258
2018-11-24 16:35,10289
2018-11-24 16:40,10304
2018-11-24 16:45,10402
2018-11-24 16:50,10451
2018-11-24 16:55,10462
2018-11-24 17:00,10539
2018-11-24 17:05,10630
2018-11-24 17:10,10644
2018-11-24 17:15,10690
2018-11-24 17:20,10646
2018-11-24 17:25,10725
2018-11-24 17:30,10801
2018-11-24 17:35,10873
2018-11-24 17:40,10940
2018-11-24 17:45,10976
2018-11-24 17:50,11073
2018-11-24 17:55,11168
2018-11-24 18:00,11178
2018-11-24 18:05,11205
2018-11-24 18:10,11267
2018-11-24 18:15,11229
2018-11-24 18:20,11286
2018-11-24 18:25,11310
2018-11-24 18:30,11388
2018-11-24 18:35,11398
2018-11-24 18:40,11531
2018-11-24 18:45,11604
2018-11-24 18:50,11650
2018-11-24 18:55,11662
2018-11-24 19:00,11755
2018-11-24 19:05,11769
2018-11-24 19:10,11777
2018-11-24 19:15,11721
2018-11-24 19:20,11786
2018-11-24 19:25,11848
2018-11-24 19:30,11891
2018-11-24 19:35,11910
2018-11-24 19:40,11988
2018-11-24 19:45,12084
2018-11-24 19:50,12088
2018-11-24 19:55,12130
2018-11-24 20:00,12140
2018-11-24 20:05,12140
2018-11-24 20:10,12161
2018-11-24 20:15,12188
2018-11-24 20:20,12252
2018-11-24 20:25,12278
2018-11-24 20:30,12382
2018-11-24 20:35,12346
2018-11-24 20:40,12311
2018-11-24 20:45,12272
2018-11-24 20:50,12336
2018-11-24 20:55,12226
2018-11-24 21:00,12200
2018-11-24 21:05,12185
2018-11-24 21:10,12165
2018-11-24 21:15,12133
2018-11-24 21:20,12099
2018-11-24 21:25,12071
2018-11-24 21:30,11981
2018-11-24 21:35,11971
2018-11-24 21:40,11978
2018-11-24 21:45,12006
2018-11-24 21:50,11998
2018-11-24 21:55,11960
2018-11-24 22:00,11897
2018-11-24 22:05,11821
2018-11-24 22:10,11750
2018-11-24 22:15,11631
2018-11-24 22:20,11536
2018-11-24 22:25,11467
2018-11-24 22:30,11506
2018-11-24 22:35,11440
2018-11-24 22:40,11360
2018-11-24 22:45,11273
2018-11-24 22:50,11163
2018-11-24 22:55,11077
2018-11-24 23:00,11022
2018-11-24 23:05,10978
2018-11-24 23:10,10922
2018-11-24 23:15,10853
2018-11-24 23:20,10720
2018-11-24 23:25,10626
2018-11-24 23:30,10537
2018-11-24 23:35,10475
2018-11-24 23:40,10398
2018-11-24 23:45,10316
2018-11-24 23:50,10224
2018-11-24 23:55,10098
2018-11-25 00:00,10019
2018-11-25 00:05,9976
2018-11-25 00:10,9929
2018-11-25 00:15,9881
2018-11-25 00:20,9779
2018-11-25 00:25,9726
2018-11-25 00:30,9612
2018-11-25 00:35,9553
2018-11-25 00:40,9516
2018-11-25 00:45,9471
2018-11-25 00:50,9387
2018-11-25 00:55,9298
2018-11-25 01:00,9250
2018-11-25 01:05,9175
2018-11-25 01:10,9120
2018-11-25 01:15,9073
2018-11-25 01:20,9032
2018-11-25 01:25,9003
2018-11-25 01:30,8925
2018-11-25 01:35,8842
2018-11-25 01:40,8788
2018-11-25 01:45,8797
2018-11-25 01:50,8684
2018-11-25 01:55,8642
2018-11-25 02:00,8588
2018-11-25 02:05,8556
2018-11-25 02:10,8540
2018-11-25 02:15,8558
2018-11-25 02:20,8536
2018-11-25 02:25,8553
2018-11-25 02:30,8569
2018-11-25 02:35,8537
2018-11-25 02:40,8549
2018-11-25 02:45,8576
2018-11-25 02:50,8576
2018-11-25 02:55,8490
2018-11-25 03:00,8476
2018-11-25 03:05,8412
2018-11-25 03:10,8421
2018-11-25 03:15,8344
2018-11-25 03:20,8325
2018-11-25 03:25,8308
2018-11-25 03:30,8299
2018-11-25 03:35,8243
2018-11-25 03:40,8210
2018-11-25 03:45,8155
2018-11-25 03:50,8106
2018-11-25 03:55,7993
2018-11-25 04:00,7942
2018-11-25 04:05,7910
2018-11-25 04:10,7887
2018-11-25 04:15,7767
2018-11-25 04:20,7760
2018-11-25 04:25,7708
2018-11-25 04:30,7705
2018-11-25 04:35,7643
2018-11-25 04:40,7584
2018-11-25 04:45,7522
2018-11-25 04:50,7466
2018-11-25 04:55,7463
2018-11-25 05:00,7391
2018-11-25 05:05,7326
2018-11-25 05:10,7290
2018-11-25 05:15,7252
2018-11-25 05:20,7204
2018-11-25 05:25,7109
2018-11-25 05:30,7023
2018-11-25 05:35,7011
2018-11-25 05:40,7020
2018-11-25 05:45,6988
2018-11-25 05:50,6920
2018-11-25 05:55,6856
2018-11-25 06:00,6822
2018-11-25 06:05,6674
2018-11-25 06:10,6601
2018-11-25 06:15,6499
2018-11-25 06:20,6422
2018-11-25 06:25,6326
2018-11-25 06:30,6254
2018-11-25 06:35,6189
2018-11-25 06:40,6154
2018-11-25 06:45,6110
2018-11-25 06:50,6055
2018-11-25 06:55,5976
2018-11-25 07:00,5899
2018-11-25 07:05,5835
2018-11-25 07:10,5806
2018-11-25 07:15,5747
2018-11-25 07:20,5660
2018-11-25 07:25,5612
2018-11-25 07:30,5501
2018-11-25 07:35,5458
2018-11-25 07:40,5415
2018-11-25 07:45,5344
2018-11-25 07:50,5291
2018-11-25 07:55,5247
2018-11-25 08:00,5156
2018-11-25 08:05,5127
2018-11-25 08:10,5050
2018-11-25 08:15,5040
2018-11-25 08:20,4985
2018-11-25 08:25,4941
2018-11-25 08:30,4980
2018-11-25 08:35,4965
2018-11-25 08:40,4905
2018-11-25 08:45,4898
2018-11-25 08:50,4910
2018-11-25 08:55,4918
2018-11-25 09:00,4871
2018-11-25 09:05,4911
2018-11-25 09:10,4931
2018-11-25 09:15,4939
2018-11-25 09:20,4940
2018-11-25 09:25,4983
2018-11-25 09:30,5028
2018-11-25 09:35,5084
2018-11-25 09:40,5139
2018-11-25 09:45,5184
2018-11-25 09:50,5213
2018-11-25 09:55,5225
2018-11-25 10:00,5239
2018-11-25 10:05,5336
2018-11-25 10:10,5375
2018-11-25 10:15,5478
2018-11-25 10:20,5546
2018-11-25 10:25,5627
2018-11-25 10:30,5698
2018-11-25 10:35,5747
2018-11-25 10:40,5808
2018-11-25 10:45,5860
2018-11-25 10:50,5907
2018-11-25 10:55,5972
2018-11-25 11:00,6094
2018-11-25 11:05,6122
2018-11-25 11:10,6174
2018-11-25 11:15,6222
2018-11-25 11:20,6293
2018-11-25 11:25,6339
2018-11-25 11:30,6410
2018-11-25 11:35,6524
2018-11-25 11:40,6597
2018-11-25 11:45,6638
2018-11-25 11:50,6753
2018-11-25 11:55,6793
2018-11-25 12:00,6889
2018-11-25 12:05,6954
2018-11-25 12:10,7093
2018-11-25 12:15,7130
2018-11-25 12:20,7244
2018-11-25 12:25,7306
2018-11-25 12:30,7384
2018-11-25 12:35,7474
2018-11-25 12:40,7526
2018-11-25 12:45,7586
2018-11-25 12:50,7656
2018-11-25 12:55,7726
2018-11-25 13:00,7795
2018-11-25 13:05,7898
2018-11-25 13:10,7931
2018-11-25 13:15,7881
2018-11-25 13:20,7973
2018-11-25 13:25,8018
2018-11-25 13:30,8084
2018-11-25 13:35,8158
2018-11-25 13:40,8213
2018-11-25 13:45,8314
2018-11-25 13:50,8376
2018-11-25 13:55,8457
2018-11-25 14:00,8572
2018-11-25 14:05,8652
2018-11-25 14:10,8760
2018-11-25 14:15,8797
2018-11-25 14:20,8841
2018-11-25 14:25,8936
2018-11-25 14:30,8990
2018-11-25 14:35,9075
2018-11-25 14:40,9168
2018-11-25 14:45,9115
2018-11-25 14:50,9139
2018-11-25 14:55,9239
2018-11-25 15:00,9383
2018-11-25 15:05,9401
2018-11-25 15:10,9452
2018-11-25 15:15,9513
2018-11-25 15:20,9595
2018-11-25 15:25,9587
2018-11-25 15:30,9648
2018-11-25 15:35,9731
2018-11-25 15:40,9810
2018-11-25 15:45,9905
2018-11-25 15:50,9967
2018-11-25 15:55,10030
2018-11-25 16:00,10144
2018-11-25 16:05,10239
2018-11-25 16:10,10290
2018-11-25 16:15,10325
2018-11-25 16:20,10382
2018-11-25 16:25,10477
2018-11-25 16:30,10548
2018-11-25 16:35,10569
2018-11-25 16:40,10654
2018-11-25 16:45,10759
2018-11-25 16:50,10839
2018-11-25 16:55,10949
2018-11-25 17:00,10961
2018-11-25 17:05,11034
2018-11-25 17:10,11130
2018-11-25 17:15,11156
2018-11-25 17:20,11173
2018-11-25 17:25,11254
2018-11-25 17:30,11355
2018-11-25 17:35,11417
2018-11-25 17:40,11440
2018-11-25 17:45,11528
2018-11-25 17:50,11593
2018-11-25 17:55,11650
2018-11-25 18:00,11692
2018-11-25 18:05,11817
2018-11-25 18:10,11900
2018-11-25 18:15,11978
2018-11-25 18:20,12099
2018-11-25 18:25,12102
2018-11-25 18:30,12179
2018-11-25 18:35,12301
2018-11-25 18:40,12343
2018-11-25 18:45,12405
2018-11-25 18:50,12398
2018-11-25 18:55,12434
2018-11-25 19:00,12450
2018-11-25 19:05,12404
2018-11-25 19:10,12497
2018-11-25 19:15,12545
2018-11-25 19:20,12620
2018-11-25 19:25,12670
2018-11-25 19:30,12679
2018-11-25 19:35,12678
2018-11-25 19:40,12752
2018-11-25 19:45,12766
2018-11-25 19:50,12797
2018-11-25 19:55,12800
2018-11-25 20:00,12818
2018-11-25 20:05,12788
2018-11-25 20:10,12787
2018-11-25 20:15,12713
2018-11-25 20:20,12633
2018-11-25 20:25,12564
2018-11-25 20:30,12496
2018-11-25 20:35,12539
2018-11-25 20:40,12443
2018-11-25 20:45,12398
2018-11-25 20:50,12281
2018-11-25 20:55,12276
2018-11-25 21:00,12151
2018-11-25 21:05,12134
2018-11-25 21:10,11974
2018-11-25 21:15,11926
2018-11-25 21:20,11781
2018-11-25 21:25,11711
2018-11-25 21:30,11671
2018-11-25 21:35,11590
2018-11-25 21:40,11541
2018-11-25 21:45,11442
2018-11-25 21:50,11348
2018-11-25 21:55,11280
2018-11-25 22:00,11219
2018-11-25 22:05,11173
2018-11-25 22:10,11079
2018-11-25 22:15,11030
2018-11-25 22:20,10916
2018-11-25 22:25,10747
2018-11-25 22:30,10678
2018-11-25 22:35,10619
2018-11-25 22:40,10500
2018-11-25 22:45,10382
2018-11-25 22:50,10248
2018-11-25 22:55,10136
2018-11-25 23:00,10016
2018-11-25 23:05,9925
2018-11-25 23:10,9903
2018-11-25 23:15,9783
2018-11-25 23:20,9727
2018-11-25 23:25,9640
2018-11-25 23:30,9597
2018-11-25 23:35,9473
2018-11-25 23:40,9423
2018-11-25 23:45,9272
2018-11-25 23:50,9162
2018-11-25 23:55,9126
2018-11-26 00:00,9067
2018-11-26 00:05,9029
2018-11-26 00:10,9034
2018-11-26 00:15,8971
2018-11-26 00:20,8906
2018-11-26 00:25,8833
2018-11-26 00:30,8810
2018-11-26 00:35,8752
2018-11-26 00:40,8740
2018-11-26 00:45,8685
2018-11-26 00:50,8691
2018-11-26 00:55,8680
2018-11-26 01:00,8694
2018-11-26 01:05,8585
2018-11-26 01:10,8554
2018-11-26 01:15,8505
2018-11-26 01:20,8490
2018-11-26 01:25,8493
2018-11-26 01:30,8494
2018-11-26 01:35,8424
2018-11-26 01:40,8448
2018-11-26 01:45,8445
2018-11-26 01:50,8392
2018-11-26 01:55,8351
2018-11-26 02:00,8269
2018-11-26 02:05,8206
2018-11-26 02:10,8227
2018-11-26 02:15,8157
2018-11-26 02:20,8023
2018-11-26 02:25,7943
2018-11-26 02:30,7925
2018-11-26 02:35,7915
2018-11-26 02:40,7890
2018-11-26 02:45,7881
2018-11-26 02:50,7807
2018-11-26 02:55,7739
2018-11-26 03:00,7671
2018-11-26 03:05,7616
2018-11-26 03:10,7477
2018-11-26 03:15,7420
2018-11-26 03:20,7337
2018-11-26 03:25,7272
2018-11-26 03:30,7177
2018-11-26 03:35,7114
2018-11-26 03:40,7061
2018-11-26 03:45,7014
2018-11-26 03:50,6896
2018-11-26 03:55,6823
2018-11-26 04:00,6724
2018-11-26 04:05,6619
2018-11-26 04:10,6530
2018-11-26 04:15,6437
2018-11-26 04:20,6375
2018-11-26 04:25,6298
2018-11-26 04:30,6186
2018-11-26 04:35,6087
2018-11-26 04:40,5992
2018-11-26 04:45,5976
2018-11-26 04:50,5894
2018-11-26 04:55,5784
2018-11-26 05:00,5709
2018-11-26 05:05,5603
2018-11-26 05:10,5506
2018-11-26 05:15,5398
2018-11-26 05:20,5353
2018-11-26 05:25,5217
2018-11-26 05:30,5097
2018-11-26 05:35,5040
2018-11-26 05:40,
2018-11-26 05:45,4894
2018-11-26 05:50,4802
2018-11-26 05:55,4753
2018-11-26 06:00,4728
2018-11-26 06:05,4648
2018-11-26 06:10,4513
2018-11-26 06:15,4446
2018-11-26 06:20,4374
2018-11-26 06:25,4304
2018-11-26 06:30,4253
2018-11-26 06:35,4201
2018-11-26 06:40,4124
2018-11-26 06:45,4030
2018-11-26 06:50,3962
2018-11-26 06:55,3888
2018-11-26 07:00,3850
2018-11-26 07:05,3847
2018-11-26 07:10,3742
2018-11-26 07:15,3704
2018-11-26 07:20,3637
2018-11-26 07:25,3566
2018-11-26 07:30,3524
2018-11-26 07:35,3448
2018-11-26 07:40,3392
2018-11-26 07:45,3332
2018-11-26 07:50,3320
2018-11-26 07:55,3282
2018-11-26 08:00,3249
2018-11-26 08:05,3188
2018-11-26 08:10,3149
2018-11-26 08:15,3138
2018-11-26 08:20,3122
2018-11-26 08:25,3066
2018-11-26 08:30,3034
2018-11-26 08:35,3036
2018-11-26 08:40,3045
2018-11-26 08:45,3040
2018-11-26 08:50,3013
2018-11-26 08:55,3011
2018-11-26 09:00,2998
2018-11-26 09:05,2976
2018-11-26 09:10,2981
2018-11-26 09:15,2989
2018-11-26 09:20,3014
2018-11-26 09:25,3039
2018-11-26 09:30,3063
2018-11-26 09:35,3096
2018-11-26 09:40,3107
2018-11-26 09:45,3142
2018-11-26 09:50,3147
2018-11-26 09:55,3185
2018-11-26 10:00,3184
2018-11-26 10:05,3219
2018-11-26 10:10,3251
2018-11-26 10:15,3257
2018-11-26 10:20,3292
2018-11-26 10:25,3337
2018-11-26 10:30,3377
2018-11-26 10:35,3395
2018-11-26 10:40,3411
2018-11-26 10:45,3405
2018-11-26 10:50,3434
2018-11-26 10:55,3470
2018-11-26 11:00,3531
2018-11-26 11:05,3588
2018-11-26 11:10,3583
2018-11-26 11:15,3649
2018-11-26 11:20,3698
2018-11-26 11:25,3736
2018-11-26 11:30,3766
2018-11-26 11:35,3768
2018-11-26 11:40,3824
2018-11-26 11:45,3852
2018-11-26 11:50,3891
2018-11-26 11:55,3934
2018-11-26 12:00,3947
2018-11-26 12:05,4001
2018-11-26 12:10,4058
2018-11-26 12:15,4097
2018-11-26 12:20,4139
2018-11-26 12:25,4206
2018-11-26 12:30,4240
2018-11-26 12:35,4335
2018-11-26 12:40,4382
2018-11-26 12:45,4464
2018-11-26 12:50,4518
2018-11-26 12:55,4614
2018-11-26 13:00,4649
2018-11-26 13:05,4669
2018-11-26 13:10,4744
2018-11-26 13:15,4834
2018-11-26 13:20,4886
2018-11-26 13:25,4965
2018-11-26 13:30,4962
2018-11-26 13:35,5006
2018-11-26 13:40,5061
2018-11-26 13:45,5149
2018-11-26 13:50,5209
2018-11-26 13:55,5268
2018-11-26 14:00,5292
2018-11-26 14:05,5376
2018-11-26 14:10,5387
2018-11-26 14:15,5440
2018-11-26 14:20,5498
2018-11-26 14:25,5577
2018-11-26 14:30,5636
2018-11-26 14:35,5692
2018-11-26 14:40,5807
2018-11-26 14:45,5912
2018-11-26 14:50,5999
2018-11-26 14:55,6036
2018-11-26 15:00,6084
2018-11-26 15:05,6143
2018-11-26 15:10,6170
2018-11-26 15:15,6215
2018-11-26 15:20,6222
2018-11-26 15:25,6350
2018-11-26 15:30,6413
2018-11-26 15:35,6465
2018-11-26 15:40,6564
2018-11-26 15:45,6658
2018-11-26 15:50,6789
2018-11-26 15:55,6851
2018-11-26 16:00,6981
2018-11-26 16:05,7072
2018-11-26 16:10,7149
2018-11-26 16:15,7274
2018-11-26 16:20,7378
2018-11-26 16:25,7440
2018-11-26 16:30,7481
2018-11-26 16:35,7532
2018-11-26 16:40,7666
2018-11-26 16:45,7797
2018-11-26 16:50,7871
2018-11-26 16:55,7961
2018-11-26 17:00,8033
2018-11-26 17:05,8133
2018-11-26 17:10,8167
2018-11-26 17:15,8218
2018-11-26 17:20,8317
2018-11-26 17:25,8427
2018-11-26 17:30,8547
2018-11-26 17:35,8581
2018-11-26 17:40,8652
2018-11-26 17:45,8744
2018-11-26 17:50,8794
2018-11-26 17:55,8855
2018-11-26 18:00,8950
2018-11-26 18:05,9038
2018-11-26 18:10,9063
2018-11-26 18:15,9072
2018-11-26 18:20,9142
2018-11-26 18:25,9178
2018-11-26 18:30,9183
2018-11-26 18:35,9269
2018-11-26 18:40,9325
2018-11-26 18:45,9433
2018-11-26 18:50,9499
2018-11-26 18:55,9569
2018-11-26 19:00,9646
2018-11-26 19:05,9675
2018-11-26 19:10,9667
2018-11-26 19:15,9656
2018-11-26 19:20,9704
2018-11-26 19:25,9820
2018-11-26 19:30,9872
2018-11-26 19:35,9878
2018-11-26 19:40,9928
2018-11-26 19:45,9952
2018-11-26 19:50,9961
2018-11-26 19:55,9991
2018-11-26 20:00,9964
2018-11-26 20:05,9975
2018-11-26 20:10,10005
2018-11-26 20:15,10078
2018-11-26 20:20,10061
2018-11-26 20:25,10050
2018-11-26 20:30,9969
2018-11-26 20:35,9964
2018-11-26 20:40,9985
2018-11-26 20:45,9976
2018-11-26 20:50,9972
2018-11-26 20:55,10022
2018-11-26 21:00,9959
2018-11-26 21:05,9895
2018-11-26 21:10,9911
2018-11-26 21:15,9871
2018-11-26 21:20,9814
2018-11-26 21:25,9733
2018-11-26 21:30,9676
2018-11-26 21:35,9556
2018-11-26 21:40,9506
2018-11-26 21:45,9462
2018-11-26 21:50,9432
2018-11-26 21:55,9459
2018-11-26 22:00,9382
2018-11-26 22:05,9305
2018-11-26 22:10,9270
2018-11-26 22:15,9230
2018-11-26 22:20,9220
2018-11-26 22:25,9175
2018-11-26 22:30,9131
2018-11-26 22:35,9058
2018-11-26 22:40,9007
2018-11-26 22:45,8886
2018-11-26 22:50,8839
2018-11-26 22:55,8735
2018-11-26 23:00,8689
2018-11-26 23:05,8591
2018-11-26 23:10,8530
2018-11-26 23:15,8473
2018-11-26 23:20,8434
2018-11-26 23:25,8398
2018-11-26 23:30,8310
2018-11-26 23:35,8285
2018-11-26 23:40,8255
2018-11-26 23:45,8202
2018-11-26 23:50,8155
2018-11-26 23:55,8160
2018-11-27 00:00,8112
2018-11-27 00:05,8036
2018-11-27 00:10,7964
2018-11-27 00:15,7949
2018-11-27 00:20,7907
2018-11-27 00:25,7919
2018-11-27 00:30,7896
2018-11-27 00:35,7870
2018-11-27 00:40,7860
2018-11-27 00:45,7851
2018-11-27 00:50,7810
2018-11-27 00:55,7815
2018-11-27 01:00,7816
2018-11-27 01:05,7784
2018-11-27 01:10,7850
2018-11-27 01:15,7844
2018-11-27 01:20,7870
2018-11-27 01:25,7821
2018-11-27 01:30,7786
2018-11-27 01:35,7791
2018-11-27 01:40,7799
2018-11-27 01:45,7825
2018-11-27 01:50,7840
2018-11-27 01:55,7799
2018-11-27 02:00,7829
2018-11-27 02:05,7789
2018-11-27 02:10,7733
2018-11-27 02:15,7695
2018-11-27 02:20,7653
2018-11-27 02:25,7615
2018-11-27 02:30,7568
2018-11-27 02:35,7485
2018-11-27 02:40,7460
2018-11-27 02:45,7437
2018-11-27 02:50,7412
2018-11-27 02:55,7383
2018-11-27 03:00,7357
2018-11-27 03:05,7327
2018-11-27 03:10,7297
2018-11-27 03:15,7266
2018-11-27 03:20,7210
2018-11-27 03:25,7130
2018-11-27 03:30,6978
2018-11-27 03:35,6953
2018-11-27 03:40,6887
2018-11-27 03:45,6807
2018-11-27 03:50,6779
2018-11-27 03:55,6723
2018-11-27 04:00,6652
2018-11-27 04:05,6494
2018-11-27 04:10,6395
2018-11-27 04:15,6281
2018-11-27 04:20,6165
2018-11-27 04:25,6080
2018-11-27 04:30,6046
2018-11-27 04:35,5964
2018-11-27 04:40,5928
2018-11-27 04:45,5887
2018-11-27 04:50,5816
2018-11-27 04:55,5743
2018-11-27 05:00,5617
2018-11-27 05:05,5504
2018-11-27 05:10,5367
2018-11-27 05:15,5292
2018-11-27 05:20,5167
2018-11-27 05:25,5104
2018-11-27 05:30,4994
2018-11-27 05:35,4930
2018-11-27 05:40,4840
2018-11-27 05:45,4814
2018-11-27 05:50,4743
2018-11-27 05:55,4636
2018-11-27 06:00,4512
2018-11-27 06:05,4431
2018-11-27 06:10,4355
2018-11-27 06:15,4280
2018-11-27 06:20,4159
2018-11-27 06:25,4094
2018-11-27 06:30,4039
2018-11-27 06:35,3957
2018-11-27 06:40,3877
2018-11-27 06:45,3837
2018-11-27 06:50,3814
2018-11-27 06:55,3753
2018-11-27 07:00,3692
2018-11-27 07:05,3608
2018-11-27 07:10,3553
2018-11-27 07:15,3496
2018-11-27 07:20,3441
2018-11-27 07:25,3401
2018-11-27 07:30,3372
2018-11-27 07:35,3264
2018-11-27 07:40,3192
2018-11-27 07:45,3164
2018-11-27 07:50,3110
2018-11-27 07:55,3070
2018-11-27 08:00,3030
2018-11-27 08:05,2959
2018-11-27 08:10,2915
2018-11-27 08:15,2912
2018-11-27 08:20,2798
2018-11-27 08:25,2733
2018-11-27 08:30,2667
2018-11-27 08:35,2198
2018-11-27 08:40,1814
2018-11-27 08:45,1413
2018-11-27 08:50,1087
2018-11-27 08:55,860
2018-11-27 09:00,794
2018-11-27 09:05,772
2018-11-27 09:10,761
2018-11-27 09:15,770
2018-11-27 09:20,714
2018-11-27 09:25,706
2018-11-27 09:30,714
2018-11-27 09:35,732
2018-11-27 09:40,731
2018-11-27 09:45,728
2018-11-27 09:50,731
2018-11-27 09:55,703
2018-11-27 10:00,723
2018-11-27 10:05,726
2018-11-27 10:10,728
2018-11-27 10:15,718
2018-11-27 10:20,745
2018-11-27 10:25,753
2018-11-27 10:30,716
2018-11-27 10:35,730
2018-11-27 10:40,724
2018-11-27 10:45,945
2018-11-27 10:50,1212
2018-11-27 10:55,1203
2018-11-27 11:00,1315
2018-11-27 11:05,1130
2018-11-27 11:10,966
2018-11-27 11:15,900
2018-11-27 11:20,852
2018-11-27 11:25,892
2018-11-27 11:30,860
2018-11-27 11:35,1235
2018-11-27 11:40,1428
2018-11-27 11:45,1745
2018-11-27 11:50,2064
2018-11-27 11:55,2335
2018-11-27 12:00,2635
2018-11-27 12:05,2921
2018-11-27 12:10,3165
2018-11-27 12:15,3358
2018-11-27 12:20,3545
2018-11-27 12:25,3693
2018-11-27 12:30,3839
2018-11-27 12:35,3965
2018-11-27 12:40,4127
2018-11-27 12:45,4258
2018-11-27 12:50,4345
2018-11-27 12:55,4531
2018-11-27 13:00,4641
2018-11-27 13:05,4756
2018-11-27 13:10,4803
2018-11-27 13:15,4867
2018-11-27 13:20,4943
2018-11-27 13:25,5045
2018-11-27 13:30,5154
2018-11-27 13:35,5224
2018-11-27 13:40,5298
2018-11-27 13:45,5368
2018-11-27 13:50,5405
2018-11-27 13:55,5530
2018-11-27 14:00,5596
2018-11-27 14:05,5617
2018-11-27 14:10,5664
2018-11-27 14:15,5700
2018-11-27 14:20,5794
2018-11-27 14:25,5840
2018-11-27 14:30,5912
2018-11-27 14:35,5930
2018-11-27 14:40,5999
2018-11-27 14:45,6068
2018-11-27 14:50,6166
2018-11-27 14:55,6283
2018-11-27 15:00,6335
2018-11-27 15:05,6361
2018-11-27 15:10,6434
2018-11-27 15:15,6517
2018-11-27 15:20,6594
2018-11-27 15:25,6654
2018-11-27 15:30,6702
2018-11-27 15:35,6798
2018-11-27 15:40,6895
2018-11-27 15:45,6927
2018-11-27 15:50,6971
2018-11-27 15:55,7096
2018-11-27 16:00,7101
2018-11-27 16:05,7215
2018-11-27 16:10,7306
2018-11-27 16:15,7390
2018-11-27 16:20,7451
2018-11-27 16:25,7527
2018-11-27 16:30,7609
2018-11-27 16:35,7697
2018-11-27 16:40,7700
2018-11-27 16:45,7765
2018-11-27 16:50,7863
2018-11-27 16:55,7928
2018-11-27 17:00,8037
2018-11-27 17:05,8063
2018-11-27 17:10,8186
2018-11-27 17:15,8272
2018-11-27 17:20,8333
2018-11-27 17:25,8332
2018-11-27 17:30,8443
2018-11-27 17:35,8547
2018-11-27 17:40,8640
2018-11-27 17:45,8716
2018-11-27 17:50,8803
2018-11-27 17:55,8870
2018-11-27 18:00,8917
2018-11-27 18:05,8958
2018-11-27 18:10,9049
2018-11-27 18:15,9096
2018-11-27 18:20,9192
2018-11-27 18:25,9243
2018-11-27 18:30,9319
2018-11-27 18:35,9376
2018-11-27 18:40,9467
2018-11-27 18:45,9478
2018-11-27 18:50,9532
2018-11-27 18:55,9614
2018-11-27 19:00,9641
2018-11-27 19:05,9644
2018-11-27 19:10,9663
2018-11-27 19:15,9731
2018-11-27 19:20,9732
2018-11-27 19:25,9761
2018-11-27 19:30,9749
2018-11-27 19:35,9705
2018-11-27 19:40,9745
2018-11-27 19:45,9722
2018-11-27 19:50,9799
2018-11-27 19:55,9758
2018-11-27 20:00,9689
2018-11-27 20:05,9688
2018-11-27 20:10,9732
2018-11-27 20:15,9804
2018-11-27 20:20,9761
2018-11-27 20:25,9733
2018-11-27 20:30,9740
2018-11-27 20:35,9753
2018-11-27 20:40,9749
2018-11-27 20:45,9725
2018-11-27 20:50,9703
2018-11-27 20:55,9651
2018-11-27 21:00,9612
2018-11-27 21:05,9562
2018-11-27 21:10,9507
2018-11-27 21:15,9451
2018-11-27 21:20,9409
2018-11-27 21:25,9419
2018-11-27 21:30,9340
2018-11-27 21:35,9254
2018-11-27 21:40,9233
2018-11-27 21:45,9211
2018-11-27 21:50,9169
2018-11-27 21:55,9107
2018-11-27 22:00,9122
2018-11-27 22:05,9084
2018-11-27 22:10,9029
2018-11-27 22:15,8960
2018-11-27 22:20,8914
2018-11-27 22:25,8877
2018-11-27 22:30,8841
2018-11-27 22:35,8786
2018-11-27 22:40,8709
2018-11-27 22:45,8591
2018-11-27 22:50,8517
2018-11-27 22:55,8454
2018-11-27 23:00,8394
2018-11-27 23:05,0
2018-11-27 23:10,0
2018-11-27 23:15,7678
2018-11-27 23:20,8073
2018-11-27 23:25,8098
2018-11-27 23:30,8157
2018-11-27 23:35,8104
2018-11-27 23:40,8072
2018-11-27 23:45,8008
2018-11-27 23:50,7963
2018-11-27 23:55,7923
2018-11-28 00:00,7912
2018-11-28 00:05,7864
2018-11-28 00:10,7767
2018-11-28 00:15,7765
2018-11-28 00:20,7714
2018-11-28 00:25,7671
2018-11-28 00:30,7681
2018-11-28 00:35,7674
2018-11-28 00:40,7688
2018-11-28 00:45,7717
2018-11-28 00:50,7736
2018-11-28 00:55,7781
2018-11-28 01:00,7831
2018-11-28 01:05,7832
2018-11-28 01:10,7805
2018-11-28 01:15,7817
2018-11-28 01:20,7811
2018-11-28 01:25,7876
2018-11-28 01:30,7845
2018-11-28 01:35,7828
2018-11-28 01:40,7769
2018-11-28 01:45,7754
2018-11-28 01:50,7805
2018-11-28 01:55,7781
2018-11-28 02:00,7805
2018-11-28 02:05,7746
2018-11-28 02:10,7764
2018-11-28 02:15,7695
2018-11-28 02:20,7645
2018-11-28 02:25,7627
2018-11-28 02:30,7594
2018-11-28 02:35,7545
2018-11-28 02:40,7514
2018-11-28 02:45,7485
2018-11-28 02:50,7395
2018-11-28 02:55,7324
2018-11-28 03:00,7260
2018-11-28 03:05,7146
2018-11-28 03:10,7054
2018-11-28 03:15,7019
2018-11-28 03:20,6941
2018-11-28 03:25,6850
2018-11-28 03:30,6823
2018-11-28 03:35,6760
2018-11-28 03:40,6740
2018-11-28 03:45,6711
2018-11-28 03:50,6659
2018-11-28 03:55,6552
2018-11-28 04:00,6499
2018-11-28 04:05,6429
2018-11-28 04:10,6376
2018-11-28 04:15,6325
2018-11-28 04:20,6278
2018-11-28 04:25,6220
2018-11-28 04:30,6150
2018-11-28 04:35,6068
2018-11-28 04:40,5904
2018-11-28 04:45,5796
2018-11-28 04:50,5705
2018-11-28 04:55,5670
2018-11-28 05:00,5602
2018-11-28 05:05,5500
2018-11-28 05:10,5414
2018-11-28 05:15,5316
2018-11-28 05:20,5206
2018-11-28 05:25,5141
2018-11-28 05:30,4979
2018-11-28 05:35,4888
2018-11-28 05:40,4796
2018-11-28 05:45,4708
2018-11-28 05:50,4627
2018-11-28 05:55,4551
2018-11-28 06:00,4434
2018-11-28 06:05,4382
2018-11-28 06:10,4328
2018-11-28 06:15,4230
2018-11-28 06:20,4121
2018-11-28 06:25,4033
2018-11-28 06:30,3940
2018-11-28 06:35,3915
2018-11-28 06:40,3836
2018-11-28 06:45,3767
2018-11-28 06:50,3722
2018-11-28 06:55,3622
2018-11-28 07:00,3580
2018-11-28 07:05,3496
2018-11-28 07:10,3416
2018-11-28 07:15,3374
2018-11-28 07:20,3313
2018-11-28 07:25,3312
2018-11-28 07:30,3252
2018-11-28 07:35,3182
2018-11-28 07:40,3166
2018-11-28 07:45,3122
2018-11-28 07:50,3071
2018-11-28 07:55,3028
2018-11-28 08:00,2997
2018-11-28 08:05,2953
2018-11-28 08:10,2905
2018-11-28 08:15,2862
2018-11-28 08:20,2771
2018-11-28 08:25,2714
2018-11-28 08:30,2637
2018-11-28 08:35,2048
2018-11-28 08:40,1725
2018-11-28 08:45,1369
2018-11-28 08:50,1110
2018-11-28 08:55,870
2018-11-28 09:00,797
2018-11-28 09:05,782
2018-11-28 09:10,715
2018-11-28 09:15,729
2018-11-28 09:20,696
2018-11-28 09:25,722
2018-11-28 09:30,734
2018-11-28 09:35,721
2018-11-28 09:40,735
2018-11-28 09:45,753
2018-11-28 09:50,735
2018-11-28 09:55,739
2018-11-28 10:00,727
2018-11-28 10:05,729
2018-11-28 10:10,762
2018-11-28 10:15,748
2018-11-28 10:20,738
2018-11-28 10:25,779
2018-11-28 10:30,808
2018-11-28 10:35,812
2018-11-28 10:40,774
2018-11-28 10:45,784
2018-11-28 10:50,808
2018-11-28 10:55,813
2018-11-28 11:00,772
2018-11-28 11:05,818
2018-11-28 11:10,806
2018-11-28 11:15,795
2018-11-28 11:20,817
2018-11-28 11:25,871
2018-11-28 11:30,824
2018-11-28 11:35,868
2018-11-28 11:40,1093
2018-11-28 11:45,1418
2018-11-28 11:50,1737
2018-11-28 11:55,2069
2018-11-28 12:00,2360
2018-11-28 12:05,2636
2018-11-28 12:10,2995
2018-11-28 12:15,3262
2018-11-28 12:20,3455
2018-11-28 12:25,3658
2018-11-28 12:30,3840
2018-11-28 12:35,4012
2018-11-28 12:40,4151
2018-11-28 12:45,4329
2018-11-28 12:50,4419
2018-11-28 12:55,4521
2018-11-28 13:00,4573
2018-11-28 13:05,4651
2018-11-28 13:10,4751
2018-11-28 13:15,4847
2018-11-28 13:20,4966
2018-11-28 13:25,5040
2018-11-28 13:30,5104
2018-11-28 13:35,5198
2018-11-28 13:40,5286
2018-11-28 13:45,5386
2018-11-28 13:50,5470
2018-11-28 13:55,5544
2018-11-28 14:00,5624
2018-11-28 14:05,5687
2018-11-28 14:10,5759
2018-11-28 14:15,5766
2018-11-28 14:20,5883
2018-11-28 14:25,5964
2018-11-28 14:30,5990
2018-11-28 14:35,6091
2018-11-28 14:40,6222
2018-11-28 14:45,6280
2018-11-28 14:50,6293
2018-11-28 14:55,6361
2018-11-28 15:00,6443
2018-11-28 15:05,6498
2018-11-28 15:10,6568
2018-11-28 15:15,6672
2018-11-28 15:20,6725
2018-11-28 15:25,6788
2018-11-28 15:30,6833
2018-11-28 15:35,6920
2018-11-28 15:40,6984
2018-11-28 15:45,6999
2018-11-28 15:50,7081
2018-11-28 15:55,7154
2018-11-28 16:00,7199
2018-11-28 16:05,7183
2018-11-28 16:10,7175
2018-11-28 16:15,7272
2018-11-28 16:20,7318
2018-11-28 16:25,7384
2018-11-28 16:30,7432
2018-11-28 16:35,7508
2018-11-28 16:40,7591
2018-11-28 16:45,7642
2018-11-28 16:50,7711
2018-11-28 16:55,7830
2018-11-28 17:00,7962
2018-11-28 17:05,8006
2018-11-28 17:10,8058
2018-11-28 17:15,8138
2018-11-28 17:20,8185
2018-11-28 17:25,8251
2018-11-28 17:30,8322
2018-11-28 17:35,8399
2018-11-28 17:40,8438
2018-11-28 17:45,8501
2018-11-28 17:50,8565
2018-11-28 17:55,8601
2018-11-28 18:00,8688
2018-11-28 18:05,8784
2018-11-28 18:10,8826
2018-11-28 18:15,8904
2018-11-28 18:20,8973
2018-11-28 18:25,8954
2018-11-28 18:30,9013
2018-11-28 18:35,9015
2018-11-28 18:40,9058
2018-11-28 18:45,9164
2018-11-28 18:50,9285
2018-11-28 18:55,9368
2018-11-28 19:00,9435
2018-11-28 19:05,9512
2018-11-28 19:10,9548
2018-11-28 19:15,9561
2018-11-28 19:20,9622
2018-11-28 19:25,9601
2018-11-28 19:30,9684
2018-11-28 19:35,9701
2018-11-28 19:40,9654
2018-11-28 19:45,9676
2018-11-28 19:50,9675
2018-11-28 19:55,9687
2018-11-28 20:00,9670
2018-11-28 20:05,9713
2018-11-28 20:10,9655
2018-11-28 20:15,9697
2018-11-28 20:20,9724
2018-11-28 20:25,9684
2018-11-28 20:30,9621
2018-11-28 20:35,9567
2018-11-28 20:40,9560
2018-11-28 20:45,9506
2018-11-28 20:50,9447
2018-11-28 20:55,9388
2018-11-28 21:00,9352
2018-11-28 21:05,9243
2018-11-28 21:10,9164
2018-11-28 21:15,9115
2018-11-28 21:20,9156
2018-11-28 21:25,9058
2018-11-28 21:30,9001
2018-11-28 21:35,
2018-11-28 21:40,8912
2018-11-28 21:45,8864
2018-11-28 21:50,8736
2018-11-28 21:55,8610
2018-11-28 22:00,8589
2018-11-28 22:05,8569
2018-11-28 22:10,8557
2018-11-28 22:15,8527
2018-11-28 22:20,8536
2018-11-28 22:25,8499
2018-11-28 22:30,8456
2018-11-28 22:35,8401
2018-11-28 22:40,8325
2018-11-28 22:45,8284
2018-11-28 22:50,8293
2018-11-28 22:55,8252
2018-11-28 23:00,8139
2018-11-28 23:05,8033
2018-11-28 23:10,7962
2018-11-28 23:15,7928
2018-11-28 23:20,7859
2018-11-28 23:25,7824
2018-11-28 23:30,7813
2018-11-28 23:35,7774
2018-11-28 23:40,7726
2018-11-28 23:45,7692
2018-11-28 23:50,7626
2018-11-28 23:55,7567
2018-11-29 00:00,7566
2018-11-29 00:05,7549
2018-11-29 00:10,7473
2018-11-29 00:15,7510
2018-11-29 00:20,7503
2018-11-29 00:25,7465
2018-11-29 00:30,7408
2018-11-29 00:35,7393
2018-11-29 00:40,7376
2018-11-29 00:45,7341
2018-11-29 00:50,7331
2018-11-29 00:55,7334
2018-11-29 01:00,0
2018-11-29 01:05,7378
2018-11-29 01:10,7374
2018-11-29 01:15,7390
2018-11-29 01:20,7413
2018-11-29 01:25,7403
2018-11-29 01:30,7436
2018-11-29 01:35,7452
2018-11-29 01:40,7465
2018-11-29 01:45,7393
2018-11-29 01:50,7402
2018-11-29 01:55,7393
2018-11-29 02:00,7400
2018-11-29 02:05,7402
2018-11-29 02:10,7384
2018-11-29 02:15,7432
2018-11-29 02:20,7374
2018-11-29 02:25,7311
2018-11-29 02:30,7319
2018-11-29 02:35,7262
2018-11-29 02:40,7201
2018-11-29 02:45,7159
2018-11-29 02:50,7158
2018-11-29 02:55,7164
2018-11-29 03:00,7090
2018-11-29 03:05,7048
2018-11-29 03:10,6962
2018-11-29 03:15,6942
2018-11-29 03:20,6915
2018-11-29 03:25,6880
2018-11-29 03:30,6833
2018-11-29 03:35,6713
2018-11-29 03:40,6639
2018-11-29 03:45,6527
2018-11-29 03:50,6477
2018-11-29 03:55,6393
2018-11-29 04:00,6353
2018-11-29 04:05,6295
2018-11-29 04:10,6221
2018-11-29 04:15,6197
2018-11-29 04:20,6111
2018-11-29 04:25,6070
2018-11-29 04:30,6041
2018-11-29 04:35,5991
2018-11-29 04:40,5889
2018-11-29 04:45,5815
2018-11-29 04:50,5764
2018-11-29 04:55,5689
2018-11-29 05:00,5598
2018-11-29 05:05,5475
2018-11-29 05:10,5368
2018-11-29 05:15,5265
2018-11-29 05:20,5206
2018-11-29 05:25,5117
2018-11-29 05:30,5005
2018-11-29 05:35,4950
2018-11-29 05:40,4871
2018-11-29 05:45,4791
2018-11-29 05:50,4627
2018-11-29 05:55,4508
2018-11-29 06:00,4418
2018-11-29 06:05,4356
2018-11-29 06:10,4285
2018-11-29 06:15,4188
2018-11-29 06:20,4119
2018-11-29 06:25,4066
2018-11-29 06:30,3982
2018-11-29 06:35,
2018-11-29 06:40,
2018-11-29 06:45,3767
2018-11-29 06:50,3701
2018-11-29 06:55,3642
2018-11-29 07:00,3570
2018-11-29 07:05,3530
2018-11-29 07:10,3481
2018-11-29 07:15,3411
2018-11-29 07:20,3377
2018-11-29 07:25,3332
2018-11-29 07:30,3320
2018-11-29 07:35,3256
2018-11-29 07:40,3198
2018-11-29 07:45,3137
2018-11-29 07:50,3112
2018-11-29 07:55,3020
2018-11-29 08:00,2982
2018-11-29 08:05,2909
2018-11-29 08:10,2829
2018-11-29 08:15,2802
2018-11-29 08:20,2755
2018-11-29 08:25,2710
2018-11-29 08:30,2640
2018-11-29 08:35,2277
2018-11-29 08:40,1817
2018-11-29 08:45,1477
2018-11-29 08:50,1210
2018-11-29 08:55,988
2018-11-29 09:00,859
2018-11-29 09:05,750
2018-11-29 09:10,702
2018-11-29 09:15,694
2018-11-29 09:20,693
2018-11-29 09:25,698
2018-11-29 09:30,698
2018-11-29 09:35,705
2018-11-29 09:40,727
2018-11-29 09:45,686
2018-11-29 09:50,718
2018-11-29 09:55,710
2018-11-29 10:00,716
2018-11-29 10:05,761
2018-11-29 10:10,732
2018-11-29 10:15,764
2018-11-29 10:20,768
2018-11-29 10:25,747
2018-11-29 10:30,741
2018-11-29 10:35,748
2018-11-29 10:40,735
2018-11-29 10:45,774
2018-11-29 10:50,753
2018-11-29 10:55,768
2018-11-29 11:00,747
2018-11-29 11:05,816
2018-11-29 11:10,786
2018-11-29 11:15,848
2018-11-29 11:20,815
2018-11-29 11:25,827
2018-11-29 11:30,828
2018-11-29 11:35,859
2018-11-29 11:40,823
2018-11-29 11:45,845
2018-11-29 11:50,837
2018-11-29 11:55,847
2018-11-29 12:00,852
2018-11-29 12:05,880
2018-11-29 12:10,936
2018-11-29 12:15,915
2018-11-29 12:20,938
2018-11-29 12:25,897
2018-11-29 12:30,935
2018-11-29 12:35,913
2018-11-29 12:40,940
2018-11-29 12:45,959
2018-11-29 12:50,948
2018-11-29 12:55,934
2018-11-29 13:00,1027
2018-11-29 13:05,1673
2018-11-29 13:10,2289
2018-11-29 13:15,2790
2018-11-29 13:20,3259
2018-11-29 13:25,3660
2018-11-29 13:30,4000
2018-11-29 13:35,4240
2018-11-29 13:40,4536
2018-11-29 13:45,4746
2018-11-29 13:50,4922
2018-11-29 13:55,5141
2018-11-29 14:00,5291
2018-11-29 14:05,5481
2018-11-29 14:10,5630
2018-11-29 14:15,5764
2018-11-29 14:20,5832
2018-11-29 14:25,5923
2018-11-29 14:30,6045
2018-11-29 14:35,6167
2018-11-29 14:40,6279
2018-11-29 14:45,6352
2018-11-29 14:50,6442
2018-11-29 14:55,6514
2018-11-29 15:00,6624
2018-11-29 15:05,6683
2018-11-29 15:10,6765
2018-11-29 15:15,6796
2018-11-29 15:20,6826
2018-11-29 15:25,6935
2018-11-29 15:30,6994
2018-11-29 15:35,7025
2018-11-29 15:40,7109
2018-11-29 15:45,7184
2018-11-29 15:50,7239
2018-11-29 15:55,7284
2018-11-29 16:00,7339
2018-11-29 16:05,7395
2018-11-29 16:10,7430
2018-11-29 16:15,7519
2018-11-29 16:20,7477
2018-11-29 16:25,7573
2018-11-29 16:30,7644
2018-11-29 16:35,7708
2018-11-29 16:40,7787
2018-11-29 16:45,7851
2018-11-29 16:50,7979
2018-11-29 16:55,8015
2018-11-29 17:00,8081
2018-11-29 17:05,8141
2018-11-29 17:10,8232
2018-11-29 17:15,8321
2018-11-29 17:20,8415
2018-11-29 17:25,8457
2018-11-29 17:30,8490
2018-11-29 17:35,8531
2018-11-29 17:40,8626
2018-11-29 17:45,8690
2018-11-29 17:50,8764
2018-11-29 17:55,8832
2018-11-29 18:00,8822
2018-11-29 18:05,8805
2018-11-29 18:10,8903
2018-11-29 18:15,8959
2018-11-29 18:20,9011
2018-11-29 18:25,9040
2018-11-29 18:30,9065
2018-11-29 18:35,9092
2018-11-29 18:40,9141
2018-11-29 18:45,9190
2018-11-29 18:50,9228
2018-11-29 18:55,9231
2018-11-29 19:00,9265
2018-11-29 19:05,9344
2018-11-29 19:10,9319
2018-11-29 19:15,9375
2018-11-29 19:20,9432
2018-11-29 19:25,9503
2018-11-29 19:30,9532
2018-11-29 19:35,9601
2018-11-29 19:40,9663
2018-11-29 19:45,9690
2018-11-29 19:50,9738
2018-11-29 19:55,9787
2018-11-29 20:00,9781
2018-11-29 20:05,9821
2018-11-29 20:10,9820
2018-11-29 20:15,9801
2018-11-29 20:20,9790
2018-11-29 20:25,9770
2018-11-29 20:30,9750
2018-11-29 20:35,9713
2018-11-29 20:40,9714
2018-11-29 20:45,9741
2018-11-29 20:50,9775
2018-11-29 20:55,9704
2018-11-29 21:00,9673
2018-11-29 21:05,9636
2018-11-29 21:10,9606
2018-11-29 21:15,9619
2018-11-29 21:20,9536
2018-11-29 21:25,9476
2018-11-29 21:30,9399
2018-11-29 21:35,9284
2018-11-29 21:40,9259
2018-11-29 21:45,9242
2018-11-29 21:50,9241
2018-11-29 21:55,9200
2018-11-29 22:00,9093
2018-11-29 22:05,9003
2018-11-29 22:10,8955
2018-11-29 22:15,8870
2018-11-29 22:20,8854
2018-11-29 22:25,8820
2018-11-29 22:30,8658
2018-11-29 22:35,8658
2018-11-29 22:40,8531
2018-11-29 22:45,8501
2018-11-29 22:50,8430
2018-11-29 22:55,8348
2018-11-29 23:00,8243
2018-11-29 23:05,8158
2018-11-29 23:10,8122
2018-11-29 23:15,8047
2018-11-29 23:20,8007
2018-11-29 23:25,7901
2018-11-29 23:30,7883
2018-11-29 23:35,7849
2018-11-29 23:40,7838
2018-11-29 23:45,7834
2018-11-29 23:50,7790
2018-11-29 23:55,7761
2018-11-30 00:00,7750
2018-11-30 00:05,7709
2018-11-30 00:10,7632
2018-11-30 00:15,7604
2018-11-30 00:20,7627
2018-11-30 00:25,7642
2018-11-30 00:30,7616
2018-11-30 00:35,7613
2018-11-30 00:40,7616
2018-11-30 00:45,7572
2018-11-30 00:50,7564
2018-11-30 00:55,7615
2018-11-30 01:00,7536
2018-11-30 01:05,7599
2018-11-30 01:10,7584
2018-11-30 01:15,7541
2018-11-30 01:20,7567
2018-11-30 01:25,
2018-11-30 01:30,7557
2018-11-30 01:35,7545
2018-11-30 01:40,7529
2018-11-30 01:45,7484
2018-11-30 01:50,7503
2018-11-30 01:55,7499
2018-11-30 02:00,7556
2018-11-30 02:05,7539
2018-11-30 02:10,7536
2018-11-30 02:15,7533
2018-11-30 02:20,7499
2018-11-30 02:25,7450
2018-11-30 02:30,7419
2018-11-30 02:35,7372
2018-11-30 02:40,7396
2018-11-30 02:45,7403
2018-11-30 02:50,7374
2018-11-30 02:55,7340
2018-11-30 03:00,7250
2018-11-30 03:05,7197
2018-11-30 03:10,7110
2018-11-30 03:15,7008
2018-11-30 03:20,6973
2018-11-30 03:25,6909
2018-11-30 03:30,6872
2018-11-30 03:35,6853
2018-11-30 03:40,6855
2018-11-30 03:45,6756
2018-11-30 03:50,6711
2018-11-30 03:55,6587
2018-11-30 04:00,6493
2018-11-30 04:05,6382
2018-11-30 04:10,6331
2018-11-30 04:15,6213
2018-11-30 04:20,6136
2018-11-30 04:25,6061
2018-11-30 04:30,5953
2018-11-30 04:35,5847
2018-11-30 04:40,5773
2018-11-30 04:45,5731
2018-11-30 04:50,5706
2018-11-30 04:55,5606
2018-11-30 05:00,5569
2018-11-30 05:05,5512
2018-11-30 05:10,5444
2018-11-30 05:15,5343
2018-11-30 05:20,5251
2018-11-30 05:25,5202
2018-11-30 05:30,5149
2018-11-30 05:35,5058
2018-11-30 05:40,4992
2018-11-30 05:45,4921
2018-11-30 05:50,4847
2018-11-30 05:55,4815
2018-11-30 06:00,4751
2018-11-30 06:05,4676
2018-11-30 06:10,4628
2018-11-30 06:15,4558
2018-11-30 06:20,4479
2018-11-30 06:25,4402
2018-11-30 06:30,4340
2018-11-30 06:35,4250
2018-11-30 06:40,4169
2018-11-30 06:45,4078
2018-11-30 06:50,4016
2018-11-30 06:55,3980
2018-11-30 07:00,3911
2018-11-30 07:05,3881
2018-11-30 07:10,3800
2018-11-30 07:15,3704
2018-11-30 07:20,3679
2018-11-30 07:25,3678
2018-11-30 07:30,3617
2018-11-30 07:35,3565
2018-11-30 07:40,3557
2018-11-30 07:45,3493
2018-11-30 07:50,3463
2018-11-30 07:55,3429
2018-11-30 08:00,3386
2018-11-30 08:05,3330
2018-11-30 08:10,3280
2018-11-30 08:15,3259
2018-11-30 08:20,3222
2018-11-30 08:25,3216
2018-11-30 08:30,3236
2018-11-30 08:35,3228
2018-11-30 08:40,3243
2018-11-30 08:45,3211
2018-11-30 08:50,3221
2018-11-30 08:55,3245
2018-11-30 09:00,3241
2018-11-30 09:05,3237
2018-11-30 09:10,3291
2018-11-30 09:15,3292
2018-11-30 09:20,3315
2018-11-30 09:25,3309
2018-11-30 09:30,3294
2018-11-30 09:35,3318
2018-11-30 09:40,3321
2018-11-30 09:45,3330
2018-11-30 09:50,3299
2018-11-30 09:55,3330
2018-11-30 10:00,3380
2018-11-30 10:05,3385
2018-11-30 10:10,3444
2018-11-30 10:15,3467
2018-11-30 10:20,3524
2018-11-30 10:25,3578
2018-11-30 10:30,3577
2018-11-30 10:35,3638
2018-11-30 10:40,3679
2018-11-30 10:45,3714
2018-11-30 10:50,3734
2018-11-30 10:55,3759
2018-11-30 11:00,3818
2018-11-30 11:05,3843
2018-11-30 11:10,3840
2018-11-30 11:15,3888
2018-11-30 11:20,3919
2018-11-30 11:25,3958
2018-11-30 11:30,3990
2018-11-30 11:35,4029
2018-11-30 11:40,4075
2018-11-30 11:45,4132
2018-11-30 11:50,4171
2018-11-30 11:55,4225
2018-11-30 12:00,4274
2018-11-30 12:05,4340
2018-11-30 12:10,4406
2018-11-30 12:15,4477
2018-11-30 12:20,4542
2018-11-30 12:25,4582
2018-11-30 12:30,4609
2018-11-30 12:35,4660
2018-11-30 12:40,4688
2018-11-30 12:45,4770
2018-11-30 12:50,4810
2018-11-30 12:55,4878
2018-11-30 13:00,4913
2018-11-30 13:05,4965
2018-11-30 13:10,5033
2018-11-30 13:15,5093
2018-11-30 13:20,5181
2018-11-30 13:25,5325
2018-11-30 13:30,5403
2018-11-30 13:35,5479
2018-11-30 13:40,5590
2018-11-30 13:45,5635
2018-11-30 13:50,5672
2018-11-30 13:55,5763
2018-11-30 14:00,5844
2018-11-30 14:05,5891
2018-11-30 14:10,5973
2018-11-30 14:15,6133
2018-11-30 14:20,6189
2018-11-30 14:25,6262
2018-11-30 14:30,6349
2018-11-30 14:35,6375
2018-11-30 14:40,6438
2018-11-30 14:45,6523
2018-11-30 14:50,6604
2018-11-30 14:55,6660
2018-11-30 15:00,6679
2018-11-30 15:05,6703
2018-11-30 15:10,6820
2018-11-30 15:15,6895
2018-11-30 15:20,6974
2018-11-30 15:25,7043
2018-11-30 15:30,7077
2018-11-30 15:35,7243
2018-11-30 15:40,7333
2018-11-30 15:45,7383
2018-11-30 15:50,7408
2018-11-30 15:55,7461
2018-11-30 16:00,7547
2018-11-30 16:05,7581
2018-11-30 16:10,7629
2018-11-30 16:15,7663
2018-11-30 16:20,7709
2018-11-30 16:25,7720
2018-11-30 16:30,7766
2018-11-30 16:35,7848
2018-11-30 16:40,7890
2018-11-30 16:45,7963
2018-11-30 16:50,8009
2018-11-30 16:55,8111
2018-11-30 17:00,8133
2018-11-30 17:05,8127
2018-11-30 17:10,8145
2018-11-30 17:15,8196
2018-11-30 17:20,8252
2018-11-30 17:25,8292
2018-11-30 17:30,8391
2018-11-30 17:35,8464
2018-11-30 17:40,8490
2018-11-30 17:45,8559
2018-11-30 17:50,8561
2018-11-30 17:55,8597
2018-11-30 18:00,8636
2018-11-30 18:05,8672
2018-11-30 18:10,8753
2018-11-30 18:15,8845
2018-11-30 18:20,8890
2018-11-30 18:25,8904
2018-11-30 18:30,9037
2018-11-30 18:35,9100
2018-11-30 18:40,9127
2018-11-30 18:45,9223
2018-11-30 18:50,9318
2018-11-30 18:55,9327
2018-11-30 19:00,9382
2018-11-30 19:05,9342
2018-11-30 19:10,9406
2018-11-30 19:15,9369
2018-11-30 19:20,9549
2018-11-30 19:25,9579
2018-11-30 19:30,9586
2018-11-30 19:35,9618
2018-11-30 19:40,9710
2018-11-30 19:45,9763
2018-11-30 19:50,9730
2018-11-30 19:55,9786
2018-11-30 20:00,9826
2018-11-30 20:05,9827
2018-11-30 20:10,9830
2018-11-30 20:15,9839
2018-11-30 20:20,9919
2018-11-30 20:25,10013
2018-11-30 20:30,10075
2018-11-30 20:35,10136
2018-11-30 20:40,10161
2018-11-30 20:45,10173
2018-11-30 20:50,10134
2018-11-30 20:55,10156
2018-11-30 21:00,10096
2018-11-30 21:05,10055
2018-11-30 21:10,10077
2018-11-30 21:15,10024
2018-11-30 21:20,10064
2018-11-30 21:25,10116
2018-11-30 21:30,10097
2018-11-30 21:35,10147
2018-11-30 21:40,10254
2018-11-30 21:45,10218
2018-11-30 21:50,10214
2018-11-30 21:55,10206
2018-11-30 22:00,10236
2018-11-30 22:05,10157
2018-11-30 22:10,10114
2018-11-30 22:15,10075
2018-11-30 22:20,10031
2018-11-30 22:25,10003
2018-11-30 22:30,9929
2018-11-30 22:35,9888
2018-11-30 22:40,9861
2018-11-30 22:45,9843
2018-11-30 22:50,9718
2018-11-30 22:55,9656
2018-11-30 23:00,9625
2018-11-30 23:05,9502
2018-11-30 23:10,9424
2018-11-30 23:15,9402
2018-11-30 23:20,9306
2018-11-30 23:25,9219
2018-11-30 23:30,9145
2018-11-30 23:35,9110
2018-11-30 23:40,9075
2018-11-30 23:45,8997
2018-11-30 23:50,8926
2018-11-30 23:55,8863
2018-12-01 00:00,8868
2018-12-01 00:05,8786
2018-12-01 00:10,8801
2018-12-01 00:15,8772
2018-12-01 00:20,8750
2018-12-01 00:25,8709
2018-12-01 00:30,8688
2018-12-01 00:35,8650
2018-12-01 00:40,8592
2018-12-01 00:45,8535
2018-12-01 00:50,8512
2018-12-01 00:55,8481
2018-12-01 01:00,8399
2018-12-01 01:05,8378
2018-12-01 01:10,8389
2018-12-01 01:15,8408
2018-12-01 01:20,8392
2018-12-01 01:25,8303
2018-12-01 01:30,8254
2018-12-01 01:35,8257
2018-12-01 01:40,8217
2018-12-01 01:45,8226
2018-12-01 01:50,8165
2018-12-01 01:55,8173
2018-12-01 02:00,8110
2018-12-01 02:05,8093
2018-12-01 02:10,8072
2018-12-01 02:15,8131
2018-12-01 02:20,8103
2018-12-01 02:25,8055
2018-12-01 02:30,8053
2018-12-01 02:35,8055
2018-12-01 02:40,8048
2018-12-01 02:45,7989
2018-12-01 02:50,8004
2018-12-01 02:55,8001
2018-12-01 03:00,7970
2018-12-01 03:05,7959
2018-12-01 03:10,7862
2018-12-01 03:15,7826
2018-12-01 03:20,7834
2018-12-01 03:25,7809
2018-12-01 03:30,7773
2018-12-01 03:35,7772
2018-12-01 03:40,7752
2018-12-01 03:45,7711
2018-12-01 03:50,7659
2018-12-01 03:55,7643
2018-12-01 04:00,7609
2018-12-01 04:05,7557
2018-12-01 04:10,7517
2018-12-01 04:15,7473
2018-12-01 04:20,7423
2018-12-01 04:25,7400
2018-12-01 04:30,7307
2018-12-01 04:35,7292
2018-12-01 04:40,7242
2018-12-01 04:45,7233
2018-12-01 04:50,7167
2018-12-01 04:55,7132
2018-12-01 05:00,7007
2018-12-01 05:05,6972
2018-12-01 05:10,6891
2018-12-01 05:15,6806
2018-12-01 05:20,6812
2018-12-01 05:25,6742
2018-12-01 05:30,6656
2018-12-01 05:35,6603
2018-12-01 05:40,6497
2018-12-01 05:45,6408
2018-12-01 05:50,6322
2018-12-01 05:55,6265
2018-12-01 06:00,6222
2018-12-01 06:05,6095
2018-12-01 06:10,6006
2018-12-01 06:15,5912
2018-12-01 06:20,5808
2018-12-01 06:25,5713
2018-12-01 06:30,5669
2018-12-01 06:35,5600
2018-12-01 06:40,5544
2018-12-01 06:45,5471
2018-12-01 06:50,5422
2018-12-01 06:55,5370
2018-12-01 07:00,5331
2018-12-01 07:05,5282
2018-12-01 07:10,5233
2018-12-01 07:15,5197
2018-12-01 07:20,5150
2018-12-01 07:25,5098
2018-12-01 07:30,5029
2018-12-01 07:35,4961
2018-12-01 07:40,4901
2018-12-01 07:45,4841
2018-12-01 07:50,4818
2018-12-01 07:55,4763
2018-12-01 08:00,4715
2018-12-01 08:05,4653
2018-12-01 08:10,4586
2018-12-01 08:15,4559
2018-12-01 08:20,4554
2018-12-01 08:25,4529
2018-12-01 08:30,4493
2018-12-01 08:35,4455
2018-12-01 08:40,4478
2018-12-01 08:45,4443
2018-12-01 08:50,4432
2018-12-01 08:55,4472
2018-12-01 09:00,4405
2018-12-01 09:05,4452
2018-12-01 09:10,4486
2018-12-01 09:15,4464
2018-12-01 09:20,4516
2018-12-01 09:25,4569
2018-12-01 09:30,4565
2018-12-01 09:35,4650
2018-12-01 09:40,4653
2018-12-01 09:45,4688
2018-12-01 09:50,4720
2018-12-01 09:55,4722
2018-12-01 10:00,4753
2018-12-01 10:05,4866
2018-12-01 10:10,4904
2018-12-01 10:15,4928
2018-12-01 10:20,4985
2018-12-01 10:25,5066
2018-12-01 10:30,5120
2018-12-01 10:35,5172
2018-12-01 10:40,5235
2018-12-01 10:45,5294
2018-12-01 10:50,5362
2018-12-01 10:55,5426
2018-12-01 11:00,5455
2018-12-01 11:05,5495
2018-12-01 11:10,5522
2018-12-01 11:15,5579
2018-12-01 11:20,5592
2018-12-01 11:25,5664
2018-12-01 11:30,5738
2018-12-01 11:35,5809
2018-12-01 11:40,5861
2018-12-01 11:45,5950
2018-12-01 11:50,5960
2018-12-01 11:55,5995
2018-12-01 12:00,6086
2018-12-01 12:05,6155
2018-12-01 12:10,6216
2018-12-01 12:15,6275
2018-12-01 12:20,6350
2018-12-01 12:25,6426
2018-12-01 12:30,6471
2018-12-01 12:35,6559
2018-12-01 12:40,6615
2018-12-01 12:45,6693
2018-12-01 12:50,6744
2018-12-01 12:55,6801
2018-12-01 13:00,6876
2018-12-01 13:05,6894
2018-12-01 13:10,6893
2018-12-01 13:15,6997
2018-12-01 13:20,7013
2018-12-01 13:25,7073
2018-12-01 13:30,7114
2018-12-01 13:35,7136
2018-12-01 13:40,7243
2018-12-01 13:45,7361
2018-12-01 13:50,7362
2018-12-01 13:55,7441
2018-12-01 14:00,7532
2018-12-01 14:05,7640
2018-12-01 14:10,7757
2018-12-01 14:15,7828
2018-12-01 14:20,7869
2018-12-01 14:25,7989
2018-12-01 14:30,8055
2018-12-01 14:35,8121
2018-12-01 14:40,8223
2018-12-01 14:45,8306
2018-12-01 14:50,8416
2018-12-01 14:55,8471
2018-12-01 15:00,8495
2018-12-01 15:05,8590
2018-12-01 15:10,8698
2018-12-01 15:15,8785
2018-12-01 15:20,8811
2018-12-01 15:25,8865
2018-12-01 15:30,8845
2018-12-01 15:35,8903
2018-12-01 15:40,9037
2018-12-01 15:45,9106
2018-12-01 15:50,9159
2018-12-01 15:55,9204
2018-12-01 16:00,9313
2018-12-01 16:05,9370
2018-12-01 16:10,9444
2018-12-01 16:15,9545
2018-12-01 16:20,9578
2018-12-01 16:25,9631
2018-12-01 16:30,9719
2018-12-01 16:35,9703
2018-12-01 16:40,9723
2018-12-01 16:45,9789
2018-12-01 16:50,9827
2018-12-01 16:55,9918
2018-12-01 17:00,9964
2018-12-01 17:05,9957
2018-12-01 17:10,9967
2018-12-01 17:15,10004
2018-12-01 17:20,10035
2018-12-01 17:25,10026
2018-12-01 17:30,10000
2018-12-01 17:35,10026
2018-12-01 17:40,10134
2018-12-01 17:45,10193
2018-12-01 17:50,10232
2018-12-01 17:55,10299
2018-12-01 18:00,10295
2018-12-01 18:05,10373
2018-12-01 18:10,10440
2018-12-01 18:15,10454
2018-12-01 18:20,10543
2018-12-01 18:25,10635
2018-12-01 18:30,10689
2018-12-01 18:35,10752
2018-12-01 18:40,10848
2018-12-01 18:45,10867
2018-12-01 18:50,11068
2018-12-01 18:55,11113
2018-12-01 19:00,11154
2018-12-01 19:05,11181
2018-12-01 19:10,11253
2018-12-01 19:15,11326
2018-12-01 19:20,11355
2018-12-01 19:25,11371
2018-12-01 19:30,11366
2018-12-01 19:35,11432
2018-12-01 19:40,11422
2018-12-01 19:45,11326
2018-12-01 19:50,11282
2018-12-01 19:55,11217
2018-12-01 20:00,11161
2018-12-01 20:05,11161
2018-12-01 20:10,11184
2018-12-01 20:15,11133
2018-12-01 20:20,11135
2018-12-01 20:25,11203
2018-12-01 20:30,11191
2018-12-01 20:35,11147
2018-12-01 20:40,11189
2018-12-01 20:45,11218
2018-12-01 20:50,11254
2018-12-01 20:55,11322
2018-12-01 21:00,11289
2018-12-01 21:05,11247
2018-12-01 21:10,11223
2018-12-01 21:15,11261
2018-12-01 21:20,11244
2018-12-01 21:25,11220
2018-12-01 21:30,11196
2018-12-01 21:35,11106
2018-12-01 21:40,11101
2018-12-01 21:45,11085
2018-12-01 21:50,11074
2018-12-01 21:55,11094
2018-12-01 22:00,11110
2018-12-01 22:05,11062
2018-12-01 22:10,10994
2018-12-01 22:15,11015
2018-12-01 22:20,10969
2018-12-01 22:25,10977
2018-12-01 22:30,10929
2018-12-01 22:35,10861
2018-12-01 22:40,10841
2018-12-01 22:45,10803
2018-12-01 22:50,10735
2018-12-01 22:55,10669
2018-12-01 23:00,10579
2018-12-01 23:05,10518
2018-12-01 23:10,10446
2018-12-01 23:15,10411
2018-12-01 23:20,10340
2018-12-01 23:25,10252
2018-12-01 23:30,10219
2018-12-01 23:35,10170
2018-12-01 23:40,10047
2018-12-01 23:45,9870
2018-12-01 23:50,9783
2018-12-01 23:55,9755
2018-12-02 00:00,9703
2018-12-02 00:05,9639
2018-12-02 00:10,9551
2018-12-02 00:15,9463
2018-12-02 00:20,9389
2018-12-02 00:25,9262
2018-12-02 00:30,9225
2018-12-02 00:35,9197
2018-12-02 00:40,9108
2018-12-02 00:45,9034
2018-12-02 00:50,9004
2018-12-02 00:55,8929
2018-12-02 01:00,8889
2018-12-02 01:05,8879
2018-12-02 01:10,8854
2018-12-02 01:15,8767
2018-12-02 01:20,8678
2018-12-02 01:25,8641
2018-12-02 01:30,8652
2018-12-02 01:35,8618
2018-12-02 01:40,8651
2018-12-02 01:45,8609
2018-12-02 01:50,8566
2018-12-02 01:55,8554
2018-12-02 02:00,8542
2018-12-02 02:05,8558
2018-12-02 02:10,8495
2018-12-02 02:15,8442
2018-12-02 02:20,8480
2018-12-02 02:25,8520
2018-12-02 02:30,8492
2018-12-02 02:35,8488
2018-12-02 02:40,8451
2018-12-02 02:45,8382
2018-12-02 02:50,8311
2018-12-02 02:55,8290
2018-12-02 03:00,8267
2018-12-02 03:05,8277
2018-12-02 03:10,8278
2018-12-02 03:15,8266
2018-12-02 03:20,8274
2018-12-02 03:25,8215
2018-12-02 03:30,8186
2018-12-02 03:35,8112
2018-12-02 03:40,8040
2018-12-02 03:45,8034
2018-12-02 03:50,7855
2018-12-02 03:55,7800
2018-12-02 04:00,7770
2018-12-02 04:05,7744
2018-12-02 04:10,7728
2018-12-02 04:15,7662
2018-12-02 04:20,7620
2018-12-02 04:25,7580
2018-12-02 04:30,7575
2018-12-02 04:35,7499
2018-12-02 04:40,7508
2018-12-02 04:45,7512
2018-12-02 04:50,7388
2018-12-02 04:55,7343
2018-12-02 05:00,7314
2018-12-02 05:05,7257
2018-12-02 05:10,7214
2018-12-02 05:15,7118
2018-12-02 05:20,7052
2018-12-02 05:25,6978
2018-12-02 05:30,6854
2018-12-02 05:35,6820
2018-12-02 05:40,6752
2018-12-02 05:45,6670
2018-12-02 05:50,6696
2018-12-02 05:55,6643
2018-12-02 06:00,6541
2018-12-02 06:05,6431
2018-12-02 06:10,6403
2018-12-02 06:15,6354
2018-12-02 06:20,6215
2018-12-02 06:25,6156
2018-12-02 06:30,6089
2018-12-02 06:35,6000
2018-12-02 06:40,5962
2018-12-02 06:45,5919
2018-12-02 06:50,5836
2018-12-02 06:55,5802
2018-12-02 07:00,5748
2018-12-02 07:05,5652
2018-12-02 07:10,5539
2018-12-02 07:15,5467
2018-12-02 07:20,5394
2018-12-02 07:25,5289
2018-12-02 07:30,5301
2018-12-02 07:35,5282
2018-12-02 07:40,5259
2018-12-02 07:45,5152
2018-12-02 07:50,5084
2018-12-02 07:55,5068
2018-12-02 08:00,5029
2018-12-02 08:05,5002
2018-12-02 08:10,4968
2018-12-02 08:15,4866
2018-12-02 08:20,4834
2018-12-02 08:25,4792
2018-12-02 08:30,4780
2018-12-02 08:35,4751
2018-12-02 08:40,4727
2018-12-02 08:45,4745
2018-12-02 08:50,4689
2018-12-02 08:55,4670
2018-12-02 09:00,4697
2018-12-02 09:05,4693
2018-12-02 09:10,4659
2018-12-02 09:15,4706
2018-12-02 09:20,4726
2018-12-02 09:25,4776
2018-12-02 09:30,4810
2018-12-02 09:35,4795
2018-12-02 09:40,4865
2018-12-02 09:45,4923
2018-12-02 09:50,4943
2018-12-02 09:55,4998
2018-12-02 10:00,5031
2018-12-02 10:05,5088
2018-12-02 10:10,5093
2018-12-02 10:15,5142
2018-12-02 10:20,5172
2018-12-02 10:25,5267
2018-12-02 10:30,5345
2018-12-02 10:35,5446
2018-12-02 10:40,5508
2018-12-02 10:45,5533
2018-12-02 10:50,5592
2018-12-02 10:55,5674
2018-12-02 11:00,5764
2018-12-02 11:05,5815
2018-12-02 11:10,5896
2018-12-02 11:15,5917
2018-12-02 11:20,5956
2018-12-02 11:25,6039
2018-12-02 11:30,
2018-12-02 11:35,6135
2018-12-02 11:40,6194
2018-12-02 11:45,6230
2018-12-02 11:50,6349
2018-12-02 11:55,6445
2018-12-02 12:00,6484
2018-12-02 12:05,6489
2018-12-02 12:10,6592
2018-12-02 12:15,6613
2018-12-02 12:20,6681
2018-12-02 12:25,6701
2018-12-02 12:30,6762
2018-12-02 12:35,6860
2018-12-02 12:40,6971
2018-12-02 12:45,7067
2018-12-02 12:50,7113
2018-12-02 12:55,7190
2018-12-02 13:00,7276
2018-12-02 13:05,7355
2018-12-02 13:10,7407
2018-12-02 13:15,7500
2018-12-02 13:20,7545
2018-12-02 13:25,7521
2018-12-02 13:30,7609
2018-12-02 13:35,7672
2018-12-02 13:40,7692
2018-12-02 13:45,7786
2018-12-02 13:50,7926
2018-12-02 13:55,8016
2018-12-02 14:00,7954
2018-12-02 14:05,7982
2018-12-02 14:10,8033
2018-12-02 14:15,8089
2018-12-02 14:20,8146
2018-12-02 14:25,8165
2018-12-02 14:30,8221
2018-12-02 14:35,8304
2018-12-02 14:40,8410
2018-12-02 14:45,8430
2018-12-02 14:50,8519
2018-12-02 14:55,8648
2018-12-02 15:00,8705
2018-12-02 15:05,8751
2018-12-02 15:10,8901
2018-12-02 15:15,8948
2018-12-02 15:20,9012
2018-12-02 15:25,9108
2018-12-02 15:30,9242
2018-12-02 15:35,9312
2018-12-02 15:40,9436
2018-12-02 15:45,9505
2018-12-02 15:50,9587
2018-12-02 15:55,9588
2018-12-02 16:00,9681
2018-12-02 16:05,9660
2018-12-02 16:10,9759
2018-12-02 16:15,9865
2018-12-02 16:20,9958
2018-12-02 16:25,9976
2018-12-02 16:30,10006
2018-12-02 16:35,10084
2018-12-02 16:40,10137
2018-12-02 16:45,10175
2018-12-02 16:50,10236
2018-12-02 16:55,10219
2018-12-02 17:00,10291
2018-12-02 17:05,10346
2018-12-02 17:10,10410
2018-12-02 17:15,10456
2018-12-02 17:20,10520
2018-12-02 17:25,10578
2018-12-02 17:30,10616
2018-12-02 17:35,10686
2018-12-02 17:40,10724
2018-12-02 17:45,10780
2018-12-02 17:50,10833
2018-12-02 17:55,10970
2018-12-02 18:00,10955
2018-12-02 18:05,10936
2018-12-02 18:10,10977
2018-12-02 18:15,10987
2018-12-02 18:20,11079
2018-12-02 18:25,11122
2018-12-02 18:30,11208
2018-12-02 18:35,11276
2018-12-02 18:40,11341
2018-12-02 18:45,11370
2018-12-02 18:50,11461
2018-12-02 18:55,11476
2018-12-02 19:00,11483
2018-12-02 19:05,11553
2018-12-02 19:10,11598
2018-12-02 19:15,11639
2018-12-02 19:20,11691
2018-12-02 19:25,11724
2018-12-02 19:30,11770
2018-12-02 19:35,11844
2018-12-02 19:40,11878
2018-12-02 19:45,11907
2018-12-02 19:50,11998
2018-12-02 19:55,11932
2018-12-02 20:00,11934
2018-12-02 20:05,11926
2018-12-02 20:10,11943
2018-12-02 20:15,11940
2018-12-02 20:20,11925
2018-12-02 20:25,11923
2018-12-02 20:30,11927
2018-12-02 20:35,11846
2018-12-02 20:40,11827
2018-12-02 20:45,11769
2018-12-02 20:50,11727
2018-12-02 20:55,11669
2018-12-02 21:00,11603
2018-12-02 21:05,11486
2018-12-02 21:10,11448
2018-12-02 21:15,11424
2018-12-02 21:20,11302
2018-12-02 21:25,11178
2018-12-02 21:30,11151
2018-12-02 21:35,11101
2018-12-02 21:40,11040
2018-12-02 21:45,10985
2018-12-02 21:50,10917
2018-12-02 21:55,10825
2018-12-02 22:00,10784
2018-12-02 22:05,10647
2018-12-02 22:10,10418
2018-12-02 22:15,10358
2018-12-02 22:20,10312
2018-12-02 22:25,10241
2018-12-02 22:30,10129
2018-12-02 22:35,10022
2018-12-02 22:40,9955
2018-12-02 22:45,9828
2018-12-02 22:50,9758
2018-12-02 22:55,9659
2018-12-02 23:00,9615
2018-12-02 23:05,9488
2018-12-02 23:10,9411
2018-12-02 23:15,9287
2018-12-02 23:20,9195
2018-12-02 23:25,9102
2018-12-02 23:30,9052
2018-12-02 23:35,8980
2018-12-02 23:40,8890
2018-12-02 23:45,8818
2018-12-02 23:50,8769
2018-12-02 23:55,8693
2018-12-03 00:00,8682
2018-12-03 00:05,8627
2018-12-03 00:10,8603
2018-12-03 00:15,8611
2018-12-03 00:20,8555
2018-12-03 00:25,8531
2018-12-03 00:30,8498
2018-12-03 00:35,8508
2018-12-03 00:40,8501
2018-12-03 00:45,8499
2018-12-03 00:50,8420
2018-12-03 00:55,8378
2018-12-03 01:00,8342
2018-12-03 01:05,8318
2018-12-03 01:10,8288
2018-12-03 01:15,8329
2018-12-03 01:20,8303
2018-12-03 01:25,8297
2018-12-03 01:30,8338
2018-12-03 01:35,8326
2018-12-03 01:40,8265
2018-12-03 01:45,8191
2018-12-03 01:50,8153
2018-12-03 01:55,8144
2018-12-03 02:00,8074
2018-12-03 02:05,7994
2018-12-03 02:10,7979
2018-12-03 02:15,7968
2018-12-03 02:20,7955
2018-12-03 02:25,7869
2018-12-03 02:30,7781
2018-12-03 02:35,7753
2018-12-03 02:40,7763
2018-12-03 02:45,7708
2018-12-03 02:50,7627
2018-12-03 02:55,7595
2018-12-03 03:00,7538
2018-12-03 03:05,7486
2018-12-03 03:10,7439
2018-12-03 03:15,7350
2018-12-03 03:20,7239
2018-12-03 03:25,7181
2018-12-03 03:30,7135
2018-12-03 03:35,7037
2018-12-03 03:40,6981
2018-12-03 03:45,6888
2018-12-03 03:50,6814
2018-12-03 03:55,6771
2018-12-03 04:00,6701
2018-12-03 04:05,6593
2018-12-03 04:10,6514
2018-12-03 04:15,6394
2018-12-03 04:20,6312
2018-12-03 04:25,6275
2018-12-03 04:30,6185
2018-12-03 04:35,6106
2018-12-03 04:40,6025
2018-12-03 04:45,5983
2018-12-03 04:50,5944
2018-12-03 04:55,5845
2018-12-03 05:00,5745
2018-12-03 05:05,5664
2018-12-03 05:10,5562
2018-12-03 05:15,5435
2018-12-03 05:20,5308
2018-12-03 05:25,5237
2018-12-03 05:30,5114
2018-12-03 05:35,5054
2018-12-03 05:40,4935
2018-12-03 05:45,4926
2018-12-03 05:50,4875
2018-12-03 05:55,4799
2018-12-03 06:00,4740
2018-12-03 06:05,4671
2018-12-03 06:10,4566
2018-12-03 06:15,4452
2018-12-03 06:20,4362
2018-12-03 06:25,4321
2018-12-03 06:30,4261
2018-12-03 06:35,4208
2018-12-03 06:40,4125
2018-12-03 06:45,4061
2018-12-03 06:50,4009
2018-12-03 06:55,3913
2018-12-03 07:00,3849
2018-12-03 07:05,3799
2018-12-03 07:10,3763
2018-12-03 07:15,3664
2018-12-03 07:20,3636
2018-12-03 07:25,3565
2018-12-03 07:30,3505
2018-12-03 07:35,3508
2018-12-03 07:40,3456
2018-12-03 07:45,3427
2018-12-03 07:50,3390
2018-12-03 07:55,3348
2018-12-03 08:00,3297
2018-12-03 08:05,3287
2018-12-03 08:10,3260
2018-12-03 08:15,3206
2018-12-03 08:20,3194
2018-12-03 08:25,3191
2018-12-03 08:30,3144
2018-12-03 08:35,3143
2018-12-03 08:40,3115
2018-12-03 08:45,3094
2018-12-03 08:50,3070
2018-12-03 08:55,3086
2018-12-03 09:00,3069
2018-12-03 09:05,3093
2018-12-03 09:10,3097
2018-12-03 09:15,3098
2018-12-03 09:20,3143
2018-12-03 09:25,3113
2018-12-03 09:30,3103
2018-12-03 09:35,3092
2018-12-03 09:40,3071
2018-12-03 09:45,3079
2018-12-03 09:50,3104
2018-12-03 09:55,3141
2018-12-03 10:00,3169
2018-12-03 10:05,3194
2018-12-03 10:10,3192
2018-12-03 10:15,3238
2018-12-03 10:20,3271
2018-12-03 10:25,3288
2018-12-03 10:30,3310
2018-12-03 10:35,3309
2018-12-03 10:40,3371
2018-12-03 10:45,3374
2018-12-03 10:50,3429
2018-12-03 10:55,3462
2018-12-03 11:00,3441
2018-12-03 11:05,3506
2018-12-03 11:10,3538
2018-12-03 11:15,3578
2018-12-03 11:20,3584
2018-12-03 11:25,3621
2018-12-03 11:30,3679
2018-12-03 11:35,3697
2018-12-03 11:40,3724
2018-12-03 11:45,3747
2018-12-03 11:50,3749
2018-12-03 11:55,3791
2018-12-03 12:00,3815
2018-12-03 12:05,3850
2018-12-03 12:10,3893
2018-12-03 12:15,3965
2018-12-03 12:20,4011
2018-12-03 12:25,4067
2018-12-03 12:30,4130
2018-12-03 12:35,4133
2018-12-03 12:40,4215
2018-12-03 12:45,4246
2018-12-03 12:50,4298
2018-12-03 12:55,4358
2018-12-03 13:00,4414
2018-12-03 13:05,4491
2018-12-03 13:10,4590
2018-12-03 13:15,4666
2018-12-03 13:20,4735
2018-12-03 13:25,4774
2018-12-03 13:30,4788
2018-12-03 13:35,4780
2018-12-03 13:40,4788
2018-12-03 13:45,4838
2018-12-03 13:50,4850
2018-12-03 13:55,4937
2018-12-03 14:00,4972
2018-12-03 14:05,4898
2018-12-03 14:10,4958
2018-12-03 14:15,5035
2018-12-03 14:20,4998
2018-12-03 14:25,4974
2018-12-03 14:30,4973
2018-12-03 14:35,4196
2018-12-03 14:40,3505
2018-12-03 14:45,2712
2018-12-03 14:50,2132
2018-12-03 14:55,1723
2018-12-03 15:00,1526
2018-12-03 15:05,1367
2018-12-03 15:10,1352
2018-12-03 15:15,1354
2018-12-03 15:20,1358
2018-12-03 15:25,1375
2018-12-03 15:30,1399
2018-12-03 15:35,1406
2018-12-03 15:40,1421
2018-12-03 15:45,1445
2018-12-03 15:50,1431
2018-12-03 15:55,1341
2018-12-03 16:00,1251
2018-12-03 16:05,1199
2018-12-03 16:10,1219
2018-12-03 16:15,1432
2018-12-03 16:20,2065
2018-12-03 16:25,2646
2018-12-03 16:30,3281
2018-12-03 16:35,3862
2018-12-03 16:40,4381
2018-12-03 16:45,4846
2018-12-03 16:50,5306
2018-12-03 16:55,5668
2018-12-03 17:00,6061
2018-12-03 17:05,6298
2018-12-03 17:10,5490
2018-12-03 17:15,4876
2018-12-03 17:20,4728
2018-12-03 17:25,5319
2018-12-03 17:30,5767
2018-12-03 17:35,6221
2018-12-03 17:40,6599
2018-12-03 17:45,7052
2018-12-03 17:50,7352
2018-12-03 17:55,7618
2018-12-03 18:00,7908
2018-12-03 18:05,8120
2018-12-03 18:10,8353
2018-12-03 18:15,8616
2018-12-03 18:20,8714
2018-12-03 18:25,8902
2018-12-03 18:30,9000
2018-12-03 18:35,9149
2018-12-03 18:40,9298
2018-12-03 18:45,9428
2018-12-03 18:50,9527
2018-12-03 18:55,9613
2018-12-03 19:00,9658
2018-12-03 19:05,9743
2018-12-03 19:10,9848
2018-12-03 19:15,9895
2018-12-03 19:20,9988
2018-12-03 19:25,10081
2018-12-03 19:30,10119
2018-12-03 19:35,10230
2018-12-03 19:40,10292
2018-12-03 19:45,10264
2018-12-03 19:50,10292
2018-12-03 19:55,10305
2018-12-03 20:00,10323
2018-12-03 20:05,10287
2018-12-03 20:10,10253
2018-12-03 20:15,10193
2018-12-03 20:20,10211
2018-12-03 20:25,10174
2018-12-03 20:30,10209
2018-12-03 20:35,10131
2018-12-03 20:40,10080
2018-12-03 20:45,10082
2018-12-03 20:50,10085
2018-12-03 20:55,10103
2018-12-03 21:00,10006
2018-12-03 21:05,9904
2018-12-03 21:10,9839
2018-12-03 21:15,9869
2018-12-03 21:20,9891
2018-12-03 21:25,9827
2018-12-03 21:30,9718
2018-12-03 21:35,9613
2018-12-03 21:40,9578
2018-12-03 21:45,9514
2018-12-03 21:50,9455
2018-12-03 21:55,9395
2018-12-03 22:00,9336
2018-12-03 22:05,9241
2018-12-03 22:10,9235
2018-12-03 22:15,9151
2018-12-03 22:20,9109
2018-12-03 22:25,9014
2018-12-03 22:30,8956
2018-12-03 22:35,8894
2018-12-03 22:40,8825
2018-12-03 22:45,8813
2018-12-03 22:50,8752
2018-12-03 22:55,8685
2018-12-03 23:00,8586
2018-12-03 23:05,8495
2018-12-03 23:10,8426
2018-12-03 23:15,8362
2018-12-03 23:20,8371
2018-12-03 23:25,8294
2018-12-03 23:30,8281
2018-12-03 23:35,8228
2018-12-03 23:40,8177
2018-12-03 23:45,8155
2018-12-03 23:50,8165
2018-12-03 23:55,8143
2018-12-04 00:00,8072
2018-12-04 00:05,8028
2018-12-04 00:10,7971
2018-12-04 00:15,7982
2018-12-04 00:20,7989
2018-12-04 00:25,7970
2018-12-04 00:30,7909
2018-12-04 00:35,7828
2018-12-04 00:40,7807
2018-12-04 00:45,7833
2018-12-04 00:50,7827
2018-12-04 00:55,7809
2018-12-04 01:00,7791
2018-12-04 01:05,7780
2018-12-04 01:10,7803
2018-12-04 01:15,7834
2018-12-04 01:20,7844
2018-12-04 01:25,7878
2018-12-04 01:30,7864
2018-12-04 01:35,7845
2018-12-04 01:40,7866
2018-12-04 01:45,7860
2018-12-04 01:50,7812
2018-12-04 01:55,7819
2018-12-04 02:00,7768
2018-12-04 02:05,7703
2018-12-04 02:10,7707
2018-12-04 02:15,7691
2018-12-04 02:20,7656
2018-12-04 02:25,7664
2018-12-04 02:30,7640
2018-12-04 02:35,7605
2018-12-04 02:40,7561
2018-12-04 02:45,7522
2018-12-04 02:50,7440
2018-12-04 02:55,7430
2018-12-04 03:00,7424
2018-12-04 03:05,7342
2018-12-04 03:10,7219
2018-12-04 03:15,7135
2018-12-04 03:20,7096
2018-12-04 03:25,7021
2018-12-04 03:30,7002
2018-12-04 03:35,6945
2018-12-04 03:40,6877
2018-12-04 03:45,6857
2018-12-04 03:50,6707
2018-12-04 03:55,6647
2018-12-04 04:00,6559
2018-12-04 04:05,6464
2018-12-04 04:10,6412
2018-12-04 04:15,6347
2018-12-04 04:20,6319
2018-12-04 04:25,6304
2018-12-04 04:30,6264
2018-12-04 04:35,6217
2018-12-04 04:40,6180
2018-12-04 04:45,6106
2018-12-04 04:50,6003
2018-12-04 04:55,5907
2018-12-04 05:00,5772
2018-12-04 05:05,5659
2018-12-04 05:10,5528
2018-12-04 05:15,5466
2018-12-04 05:20,5382
2018-12-04 05:25,5285
2018-12-04 05:30,5199
2018-12-04 05:35,5132
2018-12-04 05:40,5054
2018-12-04 05:45,4986
2018-12-04 05:50,4901
2018-12-04 05:55,4822
2018-12-04 06:00,4730
2018-12-04 06:05,4659
2018-12-04 06:10,4551
2018-12-04 06:15,4463
2018-12-04 06:20,4405
2018-12-04 06:25,4375
2018-12-04 06:30,4294
2018-12-04 06:35,4253
2018-12-04 06:40,4213
2018-12-04 06:45,4143
2018-12-04 06:50,4063
2018-12-04 06:55,3989
2018-12-04 07:00,3914
2018-12-04 07:05,3856
2018-12-04 07:10,3784
2018-12-04 07:15,3757
2018-12-04 07:20,3696
2018-12-04 07:25,3611
2018-12-04 07:30,3542
2018-12-04 07:35,3469
2018-12-04 07:40,3447
2018-12-04 07:45,3379
2018-12-04 07:50,3381
2018-12-04 07:55,3339
2018-12-04 08:00,3297
2018-12-04 08:05,3243
2018-12-04 08:10,3192
2018-12-04 08:15,3162
2018-12-04 08:20,3132
2018-12-04 08:25,3128
2018-12-04 08:30,3114
2018-12-04 08:35,3078
2018-12-04 08:40,3049
2018-12-04 08:45,3026
2018-12-04 08:50,2985
2018-12-04 08:55,3008
2018-12-04 09:00,3020
2018-12-04 09:05,3045
2018-12-04 09:10,3077
2018-12-04 09:15,3098
2018-12-04 09:20,3096
2018-12-04 09:25,3093
2018-12-04 09:30,3106
2018-12-04 09:35,3164
2018-12-04 09:40,3227
2018-12-04 09:45,3227
2018-12-04 09:50,3244
2018-12-04 09:55,3246
2018-12-04 10:00,3247
2018-12-04 10:05,3285
2018-12-04 10:10,3312
2018-12-04 10:15,3340
2018-12-04 10:20,3341
2018-12-04 10:25,3361
2018-12-04 10:30,3428
2018-12-04 10:35,3443
2018-12-04 10:40,3460
2018-12-04 10:45,3472
2018-12-04 10:50,3548
2018-12-04 10:55,3575
2018-12-04 11:00,3637
2018-12-04 11:05,3673
2018-12-04 11:10,3712
2018-12-04 11:15,3777
2018-12-04 11:20,3792
2018-12-04 11:25,3806
2018-12-04 11:30,3822
2018-12-04 11:35,3822
2018-12-04 11:40,3834
2018-12-04 11:45,3890
2018-12-04 11:50,3948
2018-12-04 11:55,3953
2018-12-04 12:00,3989
2018-12-04 12:05,4042
2018-12-04 12:10,4137
2018-12-04 12:15,4149
2018-12-04 12:20,4189
2018-12-04 12:25,4254
2018-12-04 12:30,4322
2018-12-04 12:35,4371
2018-12-04 12:40,4415
2018-12-04 12:45,4508
2018-12-04 12:50,4534
2018-12-04 12:55,4588
2018-12-04 13:00,4653
2018-12-04 13:05,4755
2018-12-04 13:10,4813
2018-12-04 13:15,4867
2018-12-04 13:20,4977
2018-12-04 13:25,5000
2018-12-04 13:30,5096
2018-12-04 13:35,5186
2018-12-04 13:40,5226
2018-12-04 13:45,5324
2018-12-04 13:50,5393
2018-12-04 13:55,5480
2018-12-04 14:00,5538
2018-12-04 14:05,5621
2018-12-04 14:10,5711
2018-12-04 14:15,5788
2018-12-04 14:20,5915
2018-12-04 14:25,6010
2018-12-04 14:30,6102
2018-12-04 14:35,6182
2018-12-04 14:40,6238
2018-12-04 14:45,6309
2018-12-04 14:50,6424
2018-12-04 14:55,6527
2018-12-04 15:00,6580
2018-12-04 15:05,6635
2018-12-04 15:10,6703
2018-12-04 15:15,6744
2018-12-04 15:20,6818
2018-12-04 15:25,6871
2018-12-04 15:30,6953
2018-12-04 15:35,6992
2018-12-04 15:40,7017
2018-12-04 15:45,
2018-12-04 15:50,7083
2018-12-04 15:55,7143
2018-12-04 16:00,7226
2018-12-04 16:05,7303
2018-12-04 16:10,7334
2018-12-04 16:15,7346
2018-12-04 16:20,7345
2018-12-04 16:25,7452
2018-12-04 16:30,7552
2018-12-04 16:35,7682
2018-12-04 16:40,7754
2018-12-04 16:45,7822
2018-12-04 16:50,7898
2018-12-04 16:55,7975
2018-12-04 17:00,8014
2018-12-04 17:05,8074
2018-12-04 17:10,8127
2018-12-04 17:15,8264
2018-12-04 17:20,8305
2018-12-04 17:25,8416
2018-12-04 17:30,8461
2018-12-04 17:35,8537
2018-12-04 17:40,8627
2018-12-04 17:45,8709
2018-12-04 17:50,8750
2018-12-04 17:55,8844
2018-12-04 18:00,8921
2018-12-04 18:05,8931
2018-12-04 18:10,8978
2018-12-04 18:15,9035
2018-12-04 18:20,9034
2018-12-04 18:25,9108
2018-12-04 18:30,9144
2018-12-04 18:35,9174
2018-12-04 18:40,9221
2018-12-04 18:45,9304
2018-12-04 18:50,9353
2018-12-04 18:55,9451
2018-12-04 19:00,9484
2018-12-04 19:05,9565
2018-12-04 19:10,9644
2018-12-04 19:15,9695
2018-12-04 19:20,9707
2018-12-04 19:25,9739
2018-12-04 19:30,9781
2018-12-04 19:35,9850
2018-12-04 19:40,9826
2018-12-04 19:45,9890
2018-12-04 19:50,9936
2018-12-04 19:55,9949
2018-12-04 20:00,9995
2018-12-04 20:05,10026
2018-12-04 20:10,10099
2018-12-04 20:15,10100
2018-12-04 20:20,10087
2018-12-04 20:25,10144
2018-12-04 20:30,10127
2018-12-04 20:35,10106
2018-12-04 20:40,10082
2018-12-04 20:45,10067
2018-12-04 20:50,10064
2018-12-04 20:55,10106
2018-12-04 21:00,10028
2018-12-04 21:05,9963
2018-12-04 21:10,9972
2018-12-04 21:15,9916
2018-12-04 21:20,9887
2018-12-04 21:25,9793
2018-12-04 21:30,9786
2018-12-04 21:35,9785
2018-12-04 21:40,9738
2018-12-04 21:45,9652
2018-12-04 21:50,9603
2018-12-04 21:55,9563
2018-12-04 22:00,9510
2018-12-04 22:05,9449
2018-12-04 22:10,9370
2018-12-04 22:15,9325
2018-12-04 22:20,9187
2018-12-04 22:25,9113
2018-12-04 22:30,9032
2018-12-04 22:35,8895
2018-12-04 22:40,8819
2018-12-04 22:45,8678
2018-12-04 22:50,8601
2018-12-04 22:55,8535
2018-12-04 23:00,8453
2018-12-04 23:05,8417
2018-12-04 23:10,8400
2018-12-04 23:15,0
2018-12-04 23:20,7261
2018-12-04 23:25,8024
2018-12-04 23:30,8039
2018-12-04 23:35,8005
2018-12-04 23:40,7940
2018-12-04 23:45,7924
2018-12-04 23:50,7895
2018-12-04 23:55,7897
2018-12-05 00:00,7869
2018-12-05 00:05,7806
2018-12-05 00:10,7832
2018-12-05 00:15,7760
2018-12-05 00:20,7752
2018-12-05 00:25,7770
2018-12-05 00:30,7804
2018-12-05 00:35,7823
2018-12-05 00:40,7862
2018-12-05 00:45,7945
2018-12-05 00:50,7920
2018-12-05 00:55,7908
2018-12-05 01:00,7918
2018-12-05 01:05,7952
2018-12-05 01:10,7985
2018-12-05 01:15,8017
2018-12-05 01:20,8099
2018-12-05 01:25,8149
2018-12-05 01:30,8175
2018-12-05 01:35,8164
2018-12-05 01:40,8157
2018-12-05 01:45,8174
2018-12-05 01:50,8151
2018-12-05 01:55,8181
2018-12-05 02:00,8134
2018-12-05 02:05,8177
2018-12-05 02:10,8121
2018-12-05 02:15,8104
2018-12-05 02:20,8075
2018-12-05 02:25,8014
2018-12-05 02:30,7984
2018-12-05 02:35,7916
2018-12-05 02:40,7887
2018-12-05 02:45,7825
2018-12-05 02:50,7780
2018-12-05 02:55,7713
2018-12-05 03:00,7705
2018-12-05 03:05,7585
2018-12-05 03:10,7518
2018-12-05 03:15,7400
2018-12-05 03:20,7370
2018-12-05 03:25,7289
2018-12-05 03:30,7260
2018-12-05 03:35,7257
2018-12-05 03:40,7199
2018-12-05 03:45,7089
2018-12-05 03:50,6988
2018-12-05 03:55,6928
2018-12-05 04:00,6802
2018-12-05 04:05,6683
2018-12-05 04:10,6634
2018-12-05 04:15,6491
2018-12-05 04:20,6436
2018-12-05 04:25,6346
2018-12-05 04:30,6254
2018-12-05 04:35,6155
2018-12-05 04:40,6114
2018-12-05 04:45,6082
2018-12-05 04:50,6006
2018-12-05 04:55,5944
2018-12-05 05:00,5843
2018-12-05 05:05,5695
2018-12-05 05:10,5611
2018-12-05 05:15,5501
2018-12-05 05:20,5461
2018-12-05 05:25,5335
2018-12-05 05:30,5245
2018-12-05 05:35,5146
2018-12-05 05:40,5050
2018-12-05 05:45,4909
2018-12-05 05:50,4841
2018-12-05 05:55,4739
2018-12-05 06:00,4658
2018-12-05 06:05,4633
2018-12-05 06:10,4584
2018-12-05 06:15,4478
2018-12-05 06:20,4393
2018-12-05 06:25,4314
2018-12-05 06:30,4233
2018-12-05 06:35,4224
2018-12-05 06:40,4130
2018-12-05 06:45,4065
2018-12-05 06:50,3995
2018-12-05 06:55,3949
2018-12-05 07:00,3895
2018-12-05 07:05,3851
2018-12-05 07:10,3762
2018-12-05 07:15,3714
2018-12-05 07:20,3686
2018-12-05 07:25,3672
2018-12-05 07:30,3627
2018-12-05 07:35,3573
2018-12-05 07:40,3499
2018-12-05 07:45,3455
2018-12-05 07:50,3422
2018-12-05 07:55,3423
2018-12-05 08:00,3394
2018-12-05 08:05,3340
2018-12-05 08:10,3329
2018-12-05 08:15,3284
2018-12-05 08:20,3276
2018-12-05 08:25,3275
2018-12-05 08:30,3219
2018-12-05 08:35,3170
2018-12-05 08:40,3183
2018-12-05 08:45,3196
2018-12-05 08:50,0
2018-12-05 08:55,3172
2018-12-05 09:00,3168
2018-12-05 09:05,3161
2018-12-05 09:10,3208
2018-12-05 09:15,3208
2018-12-05 09:20,3200
2018-12-05 09:25,3188
2018-12-05 09:30,3197
2018-12-05 09:35,0
2018-12-05 09:40,3254
2018-12-05 09:45,3279
2018-12-05 09:50,3287
2018-12-05 09:55,3305
2018-12-05 10:00,3296
2018-12-05 10:05,3321
2018-12-05 10:10,3360
2018-12-05 10:15,3381
2018-12-05 10:20,3402
2018-12-05 10:25,3444
2018-12-05 10:30,3446
2018-12-05 10:35,3424
2018-12-05 10:40,3398
2018-12-05 10:45,3372
2018-12-05 10:50,3408
2018-12-05 10:55,3404
2018-12-05 11:00,3404
2018-12-05 11:05,3373
2018-12-05 11:10,3336
2018-12-05 11:15,3359
2018-12-05 11:20,3352
2018-12-05 11:25,3341
2018-12-05 11:30,3316
2018-12-05 11:35,2976
2018-12-05 11:40,2382
2018-12-05 11:45,1954
2018-12-05 11:50,1481
2018-12-05 11:55,1174
2018-12-05 12:00,1045
2018-12-05 12:05,910
2018-12-05 12:10,920
2018-12-05 12:15,891
2018-12-05 12:20,892
2018-12-05 12:25,915
2018-12-05 12:30,904
2018-12-05 12:35,1015
2018-12-05 12:40,1177
2018-12-05 12:45,1442
2018-12-05 12:50,1758
2018-12-05 12:55,2044
2018-12-05 13:00,2305
2018-12-05 13:05,2593
2018-12-05 13:10,2839
2018-12-05 13:15,3116
2018-12-05 13:20,3350
2018-12-05 13:25,3583
2018-12-05 13:30,3797
2018-12-05 13:35,3986
2018-12-05 13:40,4188
2018-12-05 13:45,4360
2018-12-05 13:50,4546
2018-12-05 13:55,4744
2018-12-05 14:00,4807
2018-12-05 14:05,4988
2018-12-05 14:10,5093
2018-12-05 14:15,5249
2018-12-05 14:20,5393
2018-12-05 14:25,5511
2018-12-05 14:30,5613
2018-12-05 14:35,5719
2018-12-05 14:40,5786
2018-12-05 14:45,5885
2018-12-05 14:50,5979
2018-12-05 14:55,6111
2018-12-05 15:00,6181
2018-12-05 15:05,6280
2018-12-05 15:10,6410
2018-12-05 15:15,6501
2018-12-05 15:20,6612
2018-12-05 15:25,6729
2018-12-05 15:30,6807
2018-12-05 15:35,6881
2018-12-05 15:40,6966
2018-12-05 15:45,7001
2018-12-05 15:50,7054
2018-12-05 15:55,7134
2018-12-05 16:00,7190
2018-12-05 16:05,7291
2018-12-05 16:10,7362
2018-12-05 16:15,7432
2018-12-05 16:20,7527
2018-12-05 16:25,7604
2018-12-05 16:30,7716
2018-12-05 16:35,7782
2018-12-05 16:40,7830
2018-12-05 16:45,7945
2018-12-05 16:50,8044
2018-12-05 16:55,8033
2018-12-05 17:00,8063
2018-12-05 17:05,8153
2018-12-05 17:10,8251
2018-12-05 17:15,8258
2018-12-05 17:20,8322
2018-12-05 17:25,8417
2018-12-05 17:30,8509
2018-12-05 17:35,8596
2018-12-05 17:40,8644
2018-12-05 17:45,8689
2018-12-05 17:50,8729
2018-12-05 17:55,8777
2018-12-05 18:00,8803
2018-12-05 18:05,8814
2018-12-05 18:10,8813
2018-12-05 18:15,8849
2018-12-05 18:20,8913
2018-12-05 18:25,9032
2018-12-05 18:30,9071
2018-12-05 18:35,9135
2018-12-05 18:40,9203
2018-12-05 18:45,9302
2018-12-05 18:50,9353
2018-12-05 18:55,9305
2018-12-05 19:00,9359
2018-12-05 19:05,9433
2018-12-05 19:10,9449
2018-12-05 19:15,9533
2018-12-05 19:20,9578
2018-12-05 19:25,9621
2018-12-05 19:30,9640
2018-12-05 19:35,9676
2018-12-05 19:40,9707
2018-12-05 19:45,9815
2018-12-05 19:50,9833
2018-12-05 19:55,9837
2018-12-05 20:00,9803
2018-12-05 20:05,9805
2018-12-05 20:10,9841
2018-12-05 20:15,9809
2018-12-05 20:20,9870
2018-12-05 20:25,9897
2018-12-05 20:30,9896
2018-12-05 20:35,9867
2018-12-05 20:40,9857
2018-12-05 20:45,9821
2018-12-05 20:50,9860
2018-12-05 20:55,9833
2018-12-05 21:00,9850
2018-12-05 21:05,9819
2018-12-05 21:10,9684
2018-12-05 21:15,9658
2018-12-05 21:20,9578
2018-12-05 21:25,9483
2018-12-05 21:30,9510
2018-12-05 21:35,9495
2018-12-05 21:40,9518
2018-12-05 21:45,9481
2018-12-05 21:50,9472
2018-12-05 21:55,9390
2018-12-05 22:00,9363
2018-12-05 22:05,9291
2018-12-05 22:10,9292
2018-12-05 22:15,9240
2018-12-05 22:20,9178
2018-12-05 22:25,9113
2018-12-05 22:30,9044
2018-12-05 22:35,8979
2018-12-05 22:40,8975
2018-12-05 22:45,8939
2018-12-05 22:50,8927
2018-12-05 22:55,8851
2018-12-05 23:00,8805
2018-12-05 23:05,8750
2018-12-05 23:10,8614
2018-12-05 23:15,8596
2018-12-05 23:20,8530
2018-12-05 23:25,8466
2018-12-05 23:30,8389
2018-12-05 23:35,8334
2018-12-05 23:40,8300
2018-12-05 23:45,8264
2018-12-05 23:50,8270
2018-12-05 23:55,8208
2018-12-06 00:00,8130
2018-12-06 00:05,8150
2018-12-06 00:10,8051
2018-12-06 00:15,7970
2018-12-06 00:20,7963
2018-12-06 00:25,7959
2018-12-06 00:30,7909
2018-12-06 00:35,7790
2018-12-06 00:40,7756
2018-12-06 00:45,7827
2018-12-06 00:50,7858
2018-12-06 00:55,7881
2018-12-06 01:00,7866
2018-12-06 01:05,7835
2018-12-06 01:10,7869
2018-12-06 01:15,7832
2018-12-06 01:20,7836
2018-12-06 01:25,7823
2018-12-06 01:30,7819
2018-12-06 01:35,7795
2018-12-06 01:40,7834
2018-12-06 01:45,7844
2018-12-06 01:50,7784
2018-12-06 01:55,7764
2018-12-06 02:00,7740
2018-12-06 02:05,7704
2018-12-06 02:10,7699
2018-12-06 02:15,7701
2018-12-06 02:20,7632
2018-12-06 02:25,7670
2018-12-06 02:30,7654
2018-12-06 02:35,7631
2018-12-06 02:40,7564
2018-12-06 02:45,7498
2018-12-06 02:50,7508
2018-12-06 02:55,7526
2018-12-06 03:00,7486
2018-12-06 03:05,7403
2018-12-06 03:10,7317
2018-12-06 03:15,7280
2018-12-06 03:20,7201
2018-12-06 03:25,7165
2018-12-06 03:30,7094
2018-12-06 03:35,7065
2018-12-06 03:40,6989
2018-12-06 03:45,6930
2018-12-06 03:50,6814
2018-12-06 03:55,6720
2018-12-06 04:00,6650
2018-12-06 04:05,6617
2018-12-06 04:10,6576
2018-12-06 04:15,6472
2018-12-06 04:20,6409
2018-12-06 04:25,6273
2018-12-06 04:30,6193
2018-12-06 04:35,6114
2018-12-06 04:40,6041
2018-12-06 04:45,5944
2018-12-06 04:50,5839
2018-12-06 04:55,5792
2018-12-06 05:00,5684
2018-12-06 05:05,5622
2018-12-06 05:10,5555
2018-12-06 05:15,5416
2018-12-06 05:20,5341
2018-12-06 05:25,5201
2018-12-06 05:30,5135
2018-12-06 05:35,5107
2018-12-06 05:40,5041
2018-12-06 05:45,4967
2018-12-06 05:50,4902
2018-12-06 05:55,4865
2018-12-06 06:00,4762
2018-12-06 06:05,4703
2018-12-06 06:10,4585
2018-12-06 06:15,4491
2018-12-06 06:20,4419
2018-12-06 06:25,4358
2018-12-06 06:30,4311
2018-12-06 06:35,4233
2018-12-06 06:40,4155
2018-12-06 06:45,4096
2018-12-06 06:50,4021
2018-12-06 06:55,3978
2018-12-06 07:00,3927
2018-12-06 07:05,3844
2018-12-06 07:10,3831
2018-12-06 07:15,3761
2018-12-06 07:20,3717
2018-12-06 07:25,3664
2018-12-06 07:30,3645
2018-12-06 07:35,3595
2018-12-06 07:40,3541
2018-12-06 07:45,3456
2018-12-06 07:50,3422
2018-12-06 07:55,3383
2018-12-06 08:00,3335
2018-12-06 08:05,3320
2018-12-06 08:10,3271
2018-12-06 08:15,3231
2018-12-06 08:20,3242
2018-12-06 08:25,3236
2018-12-06 08:30,3194
2018-12-06 08:35,3232
2018-12-06 08:40,3266
2018-12-06 08:45,3220
2018-12-06 08:50,3211
2018-12-06 08:55,3202
2018-12-06 09:00,3213
2018-12-06 09:05,3211
2018-12-06 09:10,3248
2018-12-06 09:15,3293
2018-12-06 09:20,3322
2018-12-06 09:25,3322
2018-12-06 09:30,3312
2018-12-06 09:35,3333
2018-12-06 09:40,3370
2018-12-06 09:45,3383
2018-12-06 09:50,3373
2018-12-06 09:55,3406
2018-12-06 10:00,3399
2018-12-06 10:05,3398
2018-12-06 10:10,3443
2018-12-06 10:15,3518
2018-12-06 10:20,3560
2018-12-06 10:25,3594
2018-12-06 10:30,3620
2018-12-06 10:35,3665
2018-12-06 10:40,3690
2018-12-06 10:45,3708
2018-12-06 10:50,3751
2018-12-06 10:55,3779
2018-12-06 11:00,3829
2018-12-06 11:05,3843
2018-12-06 11:10,3848
2018-12-06 11:15,3916
2018-12-06 11:20,3940
2018-12-06 11:25,3984
2018-12-06 11:30,4020
2018-12-06 11:35,4098
2018-12-06 11:40,4153
2018-12-06 11:45,4209
2018-12-06 11:50,4249
2018-12-06 11:55,4273
2018-12-06 12:00,4289
2018-12-06 12:05,4320
2018-12-06 12:10,4360
2018-12-06 12:15,4389
2018-12-06 12:20,4478
2018-12-06 12:25,4508
2018-12-06 12:30,4569
2018-12-06 12:35,4569
2018-12-06 12:40,4582
2018-12-06 12:45,4585
2018-12-06 12:50,4604
2018-12-06 12:55,4632
2018-12-06 13:00,4675
2018-12-06 13:05,4768
2018-12-06 13:10,4786
2018-12-06 13:15,4833
2018-12-06 13:20,4900
2018-12-06 13:25,4971
2018-12-06 13:30,5049
2018-12-06 13:35,5146
2018-12-06 13:40,5250
2018-12-06 13:45,5341
2018-12-06 13:50,5423
2018-12-06 13:55,5467
2018-12-06 14:00,5536
2018-12-06 14:05,5643
2018-12-06 14:10,5661
2018-12-06 14:15,5713
2018-12-06 14:20,5787
2018-12-06 14:25,5826
2018-12-06 14:30,5890
2018-12-06 14:35,5992
2018-12-06 14:40,6034
2018-12-06 14:45,6095
2018-12-06 14:50,6262
2018-12-06 14:55,6264
2018-12-06 15:00,6342
2018-12-06 15:05,6458
2018-12-06 15:10,6477
2018-12-06 15:15,6550
2018-12-06 15:20,6647
2018-12-06 15:25,6710
2018-12-06 15:30,6783
2018-12-06 15:35,6881
2018-12-06 15:40,6966
2018-12-06 15:45,6990
2018-12-06 15:50,7033
2018-12-06 15:55,7097
2018-12-06 16:00,7189
2018-12-06 16:05,7241
2018-12-06 16:10,7261
2018-12-06 16:15,7332
2018-12-06 16:20,7402
2018-12-06 16:25,7418
2018-12-06 16:30,7478
2018-12-06 16:35,7511
2018-12-06 16:40,7596
2018-12-06 16:45,7659
2018-12-06 16:50,7735
2018-12-06 16:55,7765
2018-12-06 17:00,7800
2018-12-06 17:05,7856
2018-12-06 17:10,7849
2018-12-06 17:15,7894
2018-12-06 17:20,7905
2018-12-06 17:25,7967
2018-12-06 17:30,7970
2018-12-06 17:35,8050
2018-12-06 17:40,8175
2018-12-06 17:45,8195
2018-12-06 17:50,8244
2018-12-06 17:55,8325
2018-12-06 18:00,8320
2018-12-06 18:05,8345
2018-12-06 18:10,8406
2018-12-06 18:15,8498
2018-12-06 18:20,8595
2018-12-06 18:25,8681
2018-12-06 18:30,8780
2018-12-06 18:35,8844
2018-12-06 18:40,8859
2018-12-06 18:45,8948
2018-12-06 18:50,9043
2018-12-06 18:55,9153
2018-12-06 19:00,9267
2018-12-06 19:05,9351
2018-12-06 19:10,9379
2018-12-06 19:15,9473
2018-12-06 19:20,9584
2018-12-06 19:25,9624
2018-12-06 19:30,9612
2018-12-06 19:35,9643
2018-12-06 19:40,9673
2018-12-06 19:45,9704
2018-12-06 19:50,9731
2018-12-06 19:55,9748
2018-12-06 20:00,9760
2018-12-06 20:05,9802
2018-12-06 20:10,9784
2018-12-06 20:15,9836
2018-12-06 20:20,9858
2018-12-06 20:25,9827
2018-12-06 20:30,9781
2018-12-06 20:35,9725
2018-12-06 20:40,9734
2018-12-06 20:45,9751
2018-12-06 20:50,9716
2018-12-06 20:55,9704
2018-12-06 21:00,9662
2018-12-06 21:05,9526
2018-12-06 21:10,9454
2018-12-06 21:15,9378
2018-12-06 21:20,9369
2018-12-06 21:25,9317
2018-12-06 21:30,9187
2018-12-06 21:35,9200
2018-12-06 21:40,9158
2018-12-06 21:45,9103
2018-12-06 21:50,9048
2018-12-06 21:55,8992
2018-12-06 22:00,8915
2018-12-06 22:05,8811
2018-12-06 22:10,8743
2018-12-06 22:15,8661
2018-12-06 22:20,8596
2018-12-06 22:25,8513
2018-12-06 22:30,8480
2018-12-06 22:35,8402
2018-12-06 22:40,8399
2018-12-06 22:45,8379
2018-12-06 22:50,8343
2018-12-06 22:55,8273
2018-12-06 23:00,8268
2018-12-06 23:05,8148
2018-12-06 23:10,8102
2018-12-06 23:15,8040
2018-12-06 23:20,7983
2018-12-06 23:25,8016
2018-12-06 23:30,7952
2018-12-06 23:35,7893
2018-12-06 23:40,7832
2018-12-06 23:45,7804
2018-12-06 23:50,7753
2018-12-06 23:55,7651
2018-12-07 00:00,7628
2018-12-07 00:05,7538
2018-12-07 00:10,7515
2018-12-07 00:15,7494
2018-12-07 00:20,7460
2018-12-07 00:25,7436
2018-12-07 00:30,7428
2018-12-07 00:35,7479
2018-12-07 00:40,0
2018-12-07 00:45,7467
2018-12-07 00:50,7442
2018-12-07 00:55,7463
2018-12-07 01:00,7398
2018-12-07 01:05,7397
2018-12-07 01:10,7332
2018-12-07 01:15,7294
2018-12-07 01:20,7260
2018-12-07 01:25,7281
2018-12-07 01:30,7246
2018-12-07 01:35,7278
2018-12-07 01:40,7261
2018-12-07 01:45,7206
2018-12-07 01:50,7213
2018-12-07 01:55,7183
2018-12-07 02:00,7195
2018-12-07 02:05,7132
2018-12-07 02:10,7082
2018-12-07 02:15,7082
2018-12-07 02:20,7061
2018-12-07 02:25,7055
2018-12-07 02:30,7040
2018-12-07 02:35,7018
2018-12-07 02:40,6976
2018-12-07 02:45,6937
2018-12-07 02:50,6902
2018-12-07 02:55,6867
2018-12-07 03:00,6752
2018-12-07 03:05,6720
2018-12-07 03:10,6667
2018-12-07 03:15,6615
2018-12-07 03:20,6552
2018-12-07 03:25,6502
2018-12-07 03:30,6436
2018-12-07 03:35,6372
2018-12-07 03:40,6337
2018-12-07 03:45,6274
2018-12-07 03:50,6212
2018-12-07 03:55,6132
2018-12-07 04:00,6061
2018-12-07 04:05,6009
2018-12-07 04:10,5940
2018-12-07 04:15,5831
2018-12-07 04:20,5772
2018-12-07 04:25,5707
2018-12-07 04:30,5662
2018-12-07 04:35,5571
2018-12-07 04:40,5541
2018-12-07 04:45,5466
2018-12-07 04:50,5439
2018-12-07 04:55,5394
2018-12-07 05:00,5339
2018-12-07 05:05,5276
2018-12-07 05:10,5205
2018-12-07 05:15,5155
2018-12-07 05:20,5073
2018-12-07 05:25,5016
2018-12-07 05:30,4896
2018-12-07 05:35,4782
2018-12-07 05:40,4669
2018-12-07 05:45,4616
2018-12-07 05:50,4575
2018-12-07 05:55,4503
2018-12-07 06:00,4429
2018-12-07 06:05,4323
2018-12-07 06:10,4284
2018-12-07 06:15,4177
2018-12-07 06:20,4132
2018-12-07 06:25,4032
2018-12-07 06:30,3945
2018-12-07 06:35,3883
2018-12-07 06:40,3806
2018-12-07 06:45,3733
2018-12-07 06:50,3674
2018-12-07 06:55,3653
2018-12-07 07:00,3589
2018-12-07 07:05,3533
2018-12-07 07:10,3460
2018-12-07 07:15,3428
2018-12-07 07:20,3404
2018-12-07 07:25,3375
2018-12-07 07:30,3316
2018-12-07 07:35,3290
2018-12-07 07:40,3244
2018-12-07 07:45,3175
2018-12-07 07:50,3155
2018-12-07 07:55,3143
2018-12-07 08:00,3142
2018-12-07 08:05,3102
2018-12-07 08:10,3115
2018-12-07 08:15,3106
2018-12-07 08:20,3087
2018-12-07 08:25,3083
2018-12-07 08:30,3088
2018-12-07 08:35,3047
2018-12-07 08:40,3056
2018-12-07 08:45,3040
2018-12-07 08:50,3039
2018-12-07 08:55,3056
2018-12-07 09:00,3052
2018-12-07 09:05,3079
2018-12-07 09:10,3110
2018-12-07 09:15,3133
2018-12-07 09:20,3189
2018-12-07 09:25,3207
2018-12-07 09:30,3210
2018-12-07 09:35,3214
2018-12-07 09:40,3213
2018-12-07 09:45,3230
2018-12-07 09:50,3253
2018-12-07 09:55,3288
2018-12-07 10:00,3303
2018-12-07 10:05,3306
2018-12-07 10:10,3305
2018-12-07 10:15,3381
2018-12-07 10:20,3452
2018-12-07 10:25,3493
2018-12-07 10:30,3515
2018-12-07 10:35,3530
2018-12-07 10:40,3573
2018-12-07 10:45,3604
2018-12-07 10:50,3606
2018-12-07 10:55,3631
2018-12-07 11:00,3644
2018-12-07 11:05,3684
2018-12-07 11:10,3771
2018-12-07 11:15,3768
2018-12-07 11:20,3854
2018-12-07 11:25,3893
2018-12-07 11:30,3973
2018-12-07 11:35,4034
2018-12-07 11:40,4074
2018-12-07 11:45,4107
2018-12-07 11:50,4146
2018-12-07 11:55,4200
2018-12-07 12:00,4237
2018-12-07 12:05,4263
2018-12-07 12:10,4338
2018-12-07 12:15,4366
2018-12-07 12:20,4451
2018-12-07 12:25,4500
2018-12-07 12:30,4530
2018-12-07 12:35,4569
2018-12-07 12:40,4608
2018-12-07 12:45,4566
2018-12-07 12:50,4661
2018-12-07 12:55,4707
2018-12-07 13:00,4764
2018-12-07 13:05,4825
2018-12-07 13:10,4875
2018-12-07 13:15,4928
2018-12-07 13:20,5015
2018-12-07 13:25,5089
2018-12-07 13:30,5159
2018-12-07 13:35,5204
2018-12-07 13:40,5277
2018-12-07 13:45,5381
2018-12-07 13:50,5471
2018-12-07 13:55,5484
2018-12-07 14:00,5563
2018-12-07 14:05,5658
2018-12-07 14:10,5721
2018-12-07 14:15,5816
2018-12-07 14:20,5912
2018-12-07 14:25,5995
2018-12-07 14:30,6153
2018-12-07 14:35,6191
2018-12-07 14:40,6300
2018-12-07 14:45,6375
2018-12-07 14:50,6438
2018-12-07 14:55,6494
2018-12-07 15:00,6544
2018-12-07 15:05,6668
2018-12-07 15:10,6728
2018-12-07 15:15,6796
2018-12-07 15:20,6813
2018-12-07 15:25,6846
2018-12-07 15:30,6921
2018-12-07 15:35,6940
2018-12-07 15:40,7056
2018-12-07 15:45,7094
2018-12-07 15:50,7168
2018-12-07 15:55,7208
2018-12-07 16:00,7339
2018-12-07 16:05,7302
2018-12-07 16:10,7358
2018-12-07 16:15,7434
2018-12-07 16:20,7509
2018-12-07 16:25,7583
2018-12-07 16:30,7649
2018-12-07 16:35,7750
2018-12-07 16:40,7787
2018-12-07 16:45,7850
2018-12-07 16:50,7918
2018-12-07 16:55,7994
2018-12-07 17:00,8048
2018-12-07 17:05,8083
2018-12-07 17:10,8198
2018-12-07 17:15,8230
2018-12-07 17:20,8269
2018-12-07 17:25,8345
2018-12-07 17:30,8337
2018-12-07 17:35,8349
2018-12-07 17:40,8411
2018-12-07 17:45,8498
2018-12-07 17:50,8566
2018-12-07 17:55,8597
2018-12-07 18:00,8652
2018-12-07 18:05,8634
2018-12-07 18:10,8681
2018-12-07 18:15,8733
2018-12-07 18:20,8854
2018-12-07 18:25,8875
2018-12-07 18:30,8936
2018-12-07 18:35,8985
2018-12-07 18:40,9029
2018-12-07 18:45,9090
2018-12-07 18:50,9128
2018-12-07 18:55,9115
2018-12-07 19:00,9137
2018-12-07 19:05,9127
2018-12-07 19:10,9178
2018-12-07 19:15,9128
2018-12-07 19:20,9149
2018-12-07 19:25,9251
2018-12-07 19:30,9308
2018-12-07 19:35,9403
2018-12-07 19:40,9439
2018-12-07 19:45,9391
2018-12-07 19:50,9376
2018-12-07 19:55,9342
2018-12-07 20:00,9202
2018-12-07 20:05,9027
2018-12-07 20:10,8992
2018-12-07 20:15,8908
2018-12-07 20:20,8973
2018-12-07 20:25,9097
2018-12-07 20:30,9236
2018-12-07 20:35,9262
2018-12-07 20:40,9289
2018-12-07 20:45,9303
2018-12-07 20:50,9319
2018-12-07 20:55,9302
2018-12-07 21:00,9392
2018-12-07 21:05,9464
2018-12-07 21:10,9462
2018-12-07 21:15,9466
2018-12-07 21:20,9607
2018-12-07 21:25,9691
2018-12-07 21:30,9743
2018-12-07 21:35,9768
2018-12-07 21:40,9851
2018-12-07 21:45,9839
2018-12-07 21:50,9831
2018-12-07 21:55,9895
2018-12-07 22:00,9893
2018-12-07 22:05,9908
2018-12-07 22:10,9863
2018-12-07 22:15,9859
2018-12-07 22:20,9883
2018-12-07 22:25,9728
2018-12-07 22:30,9546
2018-12-07 22:35,9486
2018-12-07 22:40,9410
2018-12-07 22:45,9272
2018-12-07 22:50,9230
2018-12-07 22:55,9230
2018-12-07 23:00,9125
2018-12-07 23:05,9077
2018-12-07 23:10,9093
2018-12-07 23:15,9003
2018-12-07 23:20,8918
2018-12-07 23:25,8901
2018-12-07 23:30,8827
2018-12-07 23:35,8805
2018-12-07 23:40,8733
2018-12-07 23:45,8677
2018-12-07 23:50,8587
2018-12-07 23:55,8473
2018-12-08 00:00,8378
2018-12-08 00:05,8346
2018-12-08 00:10,8271
2018-12-08 00:15,8157
2018-12-08 00:20,8124
2018-12-08 00:25,8096
2018-12-08 00:30,8052
2018-12-08 00:35,8015
2018-12-08 00:40,7992
2018-12-08 00:45,7977
2018-12-08 00:50,7933
2018-12-08 00:55,7887
2018-12-08 01:00,7843
2018-12-08 01:05,7764
2018-12-08 01:10,7672
2018-12-08 01:15,7650
2018-12-08 01:20,7602
2018-12-08 01:25,7640
2018-12-08 01:30,7618
2018-12-08 01:35,7605
2018-12-08 01:40,7537
2018-12-08 01:45,7492
2018-12-08 01:50,7503
2018-12-08 01:55,7511
2018-12-08 02:00,7499
2018-12-08 02:05,7546
2018-12-08 02:10,7502
2018-12-08 02:15,7514
2018-12-08 02:20,7507
2018-12-08 02:25,7428
2018-12-08 02:30,7440
2018-12-08 02:35,7421
2018-12-08 02:40,7431
2018-12-08 02:45,7408
2018-12-08 02:50,7424
2018-12-08 02:55,7396
2018-12-08 03:00,7349
2018-12-08 03:05,7339
2018-12-08 03:10,7356
2018-12-08 03:15,7351
2018-12-08 03:20,7275
2018-12-08 03:25,7265
2018-12-08 03:30,7233
2018-12-08 03:35,7195
2018-12-08 03:40,7184
2018-12-08 03:45,7188
2018-12-08 03:50,7149
2018-12-08 03:55,7103
2018-12-08 04:00,6978
2018-12-08 04:05,6917
2018-12-08 04:10,6847
2018-12-08 04:15,6863
2018-12-08 04:20,6816
2018-12-08 04:25,6786
2018-12-08 04:30,6725
2018-12-08 04:35,6752
2018-12-08 04:40,6659
2018-12-08 04:45,6589
2018-12-08 04:50,6498
2018-12-08 04:55,6474
2018-12-08 05:00,6408
2018-12-08 05:05,6340
2018-12-08 05:10,6229
2018-12-08 05:15,6184
2018-12-08 05:20,6096
2018-12-08 05:25,6107
2018-12-08 05:30,6030
2018-12-08 05:35,5992
2018-12-08 05:40,5956
2018-12-08 05:45,5855
2018-12-08 05:50,5811
2018-12-08 05:55,5715
2018-12-08 06:00,5694
2018-12-08 06:05,5659
2018-12-08 06:10,5541
2018-12-08 06:15,5451
2018-12-08 06:20,5354
2018-12-08 06:25,5273
2018-12-08 06:30,5175
2018-12-08 06:35,5086
2018-12-08 06:40,5044
2018-12-08 06:45,4928
2018-12-08 06:50,4939
2018-12-08 06:55,4852
2018-12-08 07:00,4770
2018-12-08 07:05,4709
2018-12-08 07:10,4606
2018-12-08 07:15,4536
2018-12-08 07:20,4470
2018-12-08 07:25,4443
2018-12-08 07:30,4414
2018-12-08 07:35,4342
2018-12-08 07:40,4342
2018-12-08 07:45,4279
2018-12-08 07:50,4202
2018-12-08 07:55,4155
2018-12-08 08:00,4096
2018-12-08 08:05,4104
2018-12-08 08:10,4031
2018-12-08 08:15,4024
2018-12-08 08:20,3999
2018-12-08 08:25,3999
2018-12-08 08:30,4049
2018-12-08 08:35,4024
2018-12-08 08:40,4024
2018-12-08 08:45,3994
2018-12-08 08:50,3974
2018-12-08 08:55,3946
2018-12-08 09:00,3982
2018-12-08 09:05,4061
2018-12-08 09:10,4061
2018-12-08 09:15,4068
2018-12-08 09:20,4102
2018-12-08 09:25,4173
2018-12-08 09:30,4206
2018-12-08 09:35,4243
2018-12-08 09:40,4243
2018-12-08 09:45,4290
2018-12-08 09:50,4296
2018-12-08 09:55,4356
2018-12-08 10:00,4446
2018-12-08 10:05,4524
2018-12-08 10:10,4579
2018-12-08 10:15,4632
2018-12-08 10:20,4678
2018-12-08 10:25,4733
2018-12-08 10:30,4787
2018-12-08 10:35,4818
2018-12-08 10:40,4818
2018-12-08 10:45,4848
2018-12-08 10:50,4967
2018-12-08 10:55,5038
2018-12-08 11:00,5079
2018-12-08 11:05,5131
2018-12-08 11:10,5131
2018-12-08 11:15,5178
2018-12-08 11:20,5253
2018-12-08 11:25,5253
2018-12-08 11:30,5351
2018-12-08 11:35,5381
2018-12-08 11:40,5381
2018-12-08 11:45,5437
2018-12-08 11:50,5551
2018-12-08 11:55,5551
2018-12-08 12:00,5627
2018-12-08 12:05,5707
2018-12-08 12:10,5786
2018-12-08 12:15,5919
2018-12-08 12:20,5988
2018-12-08 12:25,5988
2018-12-08 12:30,6055
2018-12-08 12:35,6079
2018-12-08 12:40,6079
2018-12-08 12:45,6130
2018-12-08 12:50,6221
2018-12-08 12:55,6301
2018-12-08 13:00,6334
2018-12-08 13:05,6392
2018-12-08 13:10,6392
2018-12-08 13:15,6531
2018-12-08 13:20,6620
2018-12-08 13:25,6710
2018-12-08 13:30,6818
2018-12-08 13:35,6937
2018-12-08 13:40,7009
2018-12-08 13:45,7057
2018-12-08 13:50,7059
2018-12-08 13:55,7133
2018-12-08 14:00,7222
2018-12-08 14:05,7222
2018-12-08 14:10,7273
2018-12-08 14:15,7422
2018-12-08 14:20,7422
2018-12-08 14:25,7504
2018-12-08 14:30,7582
2018-12-08 14:35,7674
2018-12-08 14:40,7717
2018-12-08 14:45,7799
2018-12-08 14:50,7816
2018-12-08 14:55,7898
2018-12-08 15:00,8039
2018-12-08 15:05,8039
2018-12-08 15:10,8074
2018-12-08 15:15,8122
2018-12-08 15:20,8114
2018-12-08 15:25,8208
2018-12-08 15:30,8314
2018-12-08 15:35,8359
2018-12-08 15:40,8436
2018-12-08 15:45,8503
2018-12-08 15:50,8613
2018-12-08 15:55,8670
2018-12-08 16:00,8713
2018-12-08 16:05,8792
2018-12-08 16:10,8792
2018-12-08 16:15,8867
2018-12-08 16:20,8924
2018-12-08 16:25,8943
2018-12-08 16:30,8977
2018-12-08 16:35,9029
2018-12-08 16:40,9056
2018-12-08 16:45,9103
2018-12-08 16:50,9106
2018-12-08 16:55,9205
2018-12-08 17:00,9360
2018-12-08 17:05,9360
2018-12-08 17:10,9456
2018-12-08 17:15,9547
2018-12-08 17:20,9622
2018-12-08 17:25,9700
2018-12-08 17:30,9688
2018-12-08 17:35,9691
2018-12-08 17:40,9781
2018-12-08 17:45,9747
2018-12-08 17:50,9775
2018-12-08 17:55,9811
2018-12-08 18:00,9811
2018-12-08 18:05,9825
2018-12-08 18:10,9906
2018-12-08 18:15,9908
2018-12-08 18:20,9963
2018-12-08 18:25,10019
2018-12-08 18:30,10081
2018-12-08 18:35,10197
2018-12-08 18:40,10253
2018-12-08 18:45,10315
2018-12-08 18:50,10352
2018-12-08 18:55,10451
2018-12-08 19:00,10455
2018-12-08 19:05,10455
2018-12-08 19:10,10475
2018-12-08 19:15,10448
2018-12-08 19:20,10502
2018-12-08 19:25,10591
2018-12-08 19:30,10695
2018-12-08 19:35,10711
2018-12-08 19:40,10776
2018-12-08 19:45,10781
2018-12-08 19:50,10829
2018-12-08 19:55,10864
2018-12-08 20:00,10855
2018-12-08 20:05,10863
2018-12-08 20:10,10868
2018-12-08 20:15,10839
2018-12-08 20:20,10826
2018-12-08 20:25,10912
2018-12-08 20:30,10925
2018-12-08 20:35,10884
2018-12-08 20:40,10832
2018-12-08 20:45,10887
2018-12-08 20:50,10870
2018-12-08 20:55,10874
2018-12-08 21:00,10939
2018-12-08 21:05,10906
2018-12-08 21:10,10894
2018-12-08 21:15,10937
2018-12-08 21:20,10914
2018-12-08 21:25,10889
2018-12-08 21:30,10905
2018-12-08 21:35,10896
2018-12-08 21:40,10936
2018-12-08 21:45,10920
2018-12-08 21:50,10902
2018-12-08 21:55,10951
2018-12-08 22:00,10953
2018-12-08 22:05,10936
2018-12-08 22:10,10916
2018-12-08 22:15,10836
2018-12-08 22:20,10804
2018-12-08 22:25,10653
2018-12-08 22:30,10597
2018-12-08 22:35,10495
2018-12-08 22:40,10422
2018-12-08 22:45,10368
2018-12-08 22:50,10313
2018-12-08 22:55,10249
2018-12-08 23:00,10092
2018-12-08 23:05,10086
2018-12-08 23:10,10057
2018-12-08 23:15,9962
2018-12-08 23:20,9838
2018-12-08 23:25,9772
2018-12-08 23:30,9726
2018-12-08 23:35,9585
2018-12-08 23:40,9460
2018-12-08 23:45,9367
2018-12-08 23:50,9249
2018-12-08 23:55,9204
2018-12-09 00:00,9052
2018-12-09 00:05,9052
2018-12-09 00:10,8983
2018-12-09 00:15,8904
2018-12-09 00:20,8876
2018-12-09 00:25,8834
2018-12-09 00:30,8795
2018-12-09 00:35,8743
2018-12-09 00:40,8668
2018-12-09 00:45,8625
2018-12-09 00:50,8536
2018-12-09 00:55,8489
2018-12-09 01:00,8396
2018-12-09 01:05,8321
2018-12-09 01:10,8229
2018-12-09 01:15,8123
2018-12-09 01:20,8162
2018-12-09 01:25,8081
2018-12-09 01:30,8012
2018-12-09 01:35,7968
2018-12-09 01:40,7941
2018-12-09 01:45,7911
2018-12-09 01:50,7832
2018-12-09 01:55,7804
2018-12-09 02:00,7779
2018-12-09 02:05,7749
2018-12-09 02:10,7654
2018-12-09 02:15,7603
2018-12-09 02:20,7633
2018-12-09 02:25,7674
2018-12-09 02:30,7739
2018-12-09 02:35,7740
2018-12-09 02:40,7704
2018-12-09 02:45,7682
2018-12-09 02:50,7601
2018-12-09 02:55,7617
2018-12-09 03:00,7548
2018-12-09 03:05,7460
2018-12-09 03:10,7437
2018-12-09 03:15,7453
2018-12-09 03:20,7419
2018-12-09 03:25,7380
2018-12-09 03:30,7406
2018-12-09 03:35,7388
2018-12-09 03:40,7440
2018-12-09 03:45,7426
2018-12-09 03:50,7411
2018-12-09 03:55,7335
2018-12-09 04:00,7333
2018-12-09 04:05,7222
2018-12-09 04:10,7150
2018-12-09 04:15,7148
2018-12-09 04:20,7136
2018-12-09 04:25,7075
2018-12-09 04:30,7017
2018-12-09 04:35,6934
2018-12-09 04:40,6918
2018-12-09 04:45,6853
2018-12-09 04:50,6779
2018-12-09 04:55,6699
2018-12-09 05:00,6584
2018-12-09 05:05,6584
2018-12-09 05:10,6546
2018-12-09 05:15,6510
2018-12-09 05:20,6405
2018-12-09 05:25,6306
2018-12-09 05:30,6251
2018-12-09 05:35,6219
2018-12-09 05:40,6188
2018-12-09 05:45,6090
2018-12-09 05:50,6004
2018-12-09 05:55,5970
2018-12-09 06:00,5903
2018-12-09 06:05,5867
2018-12-09 06:10,5822
2018-12-09 06:15,5772
2018-12-09 06:20,5677
2018-12-09 06:25,5644
2018-12-09 06:30,5595
2018-12-09 06:35,5526
2018-12-09 06:40,5469
2018-12-09 06:45,5414
2018-12-09 06:50,5369
2018-12-09 06:55,5300
2018-12-09 07:00,5193
2018-12-09 07:05,5161
2018-12-09 07:10,5116
2018-12-09 07:15,5062
2018-12-09 07:20,4954
2018-12-09 07:25,4886
2018-12-09 07:30,4810
2018-12-09 07:35,4784
2018-12-09 07:40,4721
2018-12-09 07:45,4633
2018-12-09 07:50,4613
2018-12-09 07:55,4550
2018-12-09 08:00,4480
2018-12-09 08:05,4445
2018-12-09 08:10,4394
2018-12-09 08:15,4395
2018-12-09 08:20,4337
2018-12-09 08:25,4304
2018-12-09 08:30,4337
2018-12-09 08:35,4350
2018-12-09 08:40,4368
2018-12-09 08:45,4336
2018-12-09 08:50,4364
2018-12-09 08:55,4358
2018-12-09 09:00,4348
2018-12-09 09:05,4386
2018-12-09 09:10,4430
2018-12-09 09:15,4497
2018-12-09 09:20,4477
2018-12-09 09:25,4521
2018-12-09 09:30,4560
2018-12-09 09:35,4595
2018-12-09 09:40,4624
2018-12-09 09:45,4640
2018-12-09 09:50,4661
2018-12-09 09:55,4672
2018-12-09 10:00,4723
2018-12-09 10:05,4774
2018-12-09 10:10,4855
2018-12-09 10:15,4929
2018-12-09 10:20,4985
2018-12-09 10:25,5021
2018-12-09 10:30,5068
2018-12-09 10:35,5111
2018-12-09 10:40,5156
2018-12-09 10:45,5240
2018-12-09 10:50,5346
2018-12-09 10:55,5383
2018-12-09 11:00,5448
2018-12-09 11:05,5512
2018-12-09 11:10,5540
2018-12-09 11:15,5629
2018-12-09 11:20,5696
2018-12-09 11:25,5744
2018-12-09 11:30,5796
2018-12-09 11:35,5861
2018-12-09 11:40,5963
2018-12-09 11:45,6016
2018-12-09 11:50,6086
2018-12-09 11:55,6146
2018-12-09 12:00,6091
2018-12-09 12:05,6158
2018-12-09 12:10,6253
2018-12-09 12:15,6338
2018-12-09 12:20,6401
2018-12-09 12:25,6470
2018-12-09 12:30,6573
2018-12-09 12:35,6613
2018-12-09 12:40,6692
2018-12-09 12:45,6711
2018-12-09 12:50,6779
2018-12-09 12:55,6769
2018-12-09 13:00,6824
2018-12-09 13:05,6894
2018-12-09 13:10,6890
2018-12-09 13:15,6965
2018-12-09 13:20,7017
2018-12-09 13:25,7125
2018-12-09 13:30,7162
2018-12-09 13:35,7291
2018-12-09 13:40,7318
2018-12-09 13:45,7312
2018-12-09 13:50,7398
2018-12-09 13:55,7479
2018-12-09 14:00,7559
2018-12-09 14:05,7638
2018-12-09 14:10,7678
2018-12-09 14:15,7739
2018-12-09 14:20,7785
2018-12-09 14:25,7900
2018-12-09 14:30,7987
2018-12-09 14:35,8118
2018-12-09 14:40,8226
2018-12-09 14:45,8249
2018-12-09 14:50,8303
2018-12-09 14:55,8326
2018-12-09 15:00,8390
2018-12-09 15:05,8429
2018-12-09 15:10,8450
2018-12-09 15:15,8492
2018-12-09 15:20,8575
2018-12-09 15:25,8601
2018-12-09 15:30,8613
2018-12-09 15:35,8663
2018-12-09 15:40,8765
2018-12-09 15:45,8833
2018-12-09 15:50,8877
2018-12-09 15:55,8977
2018-12-09 16:00,9014
2018-12-09 16:05,9020
2018-12-09 16:10,9080
2018-12-09 16:15,9130
2018-12-09 16:20,9210
2018-12-09 16:25,9216
2018-12-09 16:30,9272
2018-12-09 16:35,9314
2018-12-09 16:40,9363
2018-12-09 16:45,9353
2018-12-09 16:50,9381
2018-12-09 16:55,9402
2018-12-09 17:00,9499
2018-12-09 17:05,9563
2018-12-09 17:10,9569
2018-12-09 17:15,9637
2018-12-09 17:20,9696
2018-12-09 17:25,9792
2018-12-09 17:30,9901
2018-12-09 17:35,9960
2018-12-09 17:40,10061
2018-12-09 17:45,10129
2018-12-09 17:50,10223
2018-12-09 17:55,10243
2018-12-09 18:00,10291
2018-12-09 18:05,10314
2018-12-09 18:10,10394
2018-12-09 18:15,10417
2018-12-09 18:20,10527
2018-12-09 18:25,10586
2018-12-09 18:30,10671
2018-12-09 18:35,10755
2018-12-09 18:40,10842
2018-12-09 18:45,10856
2018-12-09 18:50,10885
2018-12-09 18:55,10922
2018-12-09 19:00,10991
2018-12-09 19:05,11052
2018-12-09 19:10,11041
2018-12-09 19:15,11041
2018-12-09 19:20,11144
2018-12-09 19:25,11154
2018-12-09 19:30,11156
2018-12-09 19:35,11160
2018-12-09 19:40,11209
2018-12-09 19:45,11215
2018-12-09 19:50,11180
2018-12-09 19:55,11121
2018-12-09 20:00,11163
2018-12-09 20:05,11210
2018-12-09 20:10,11255
2018-12-09 20:15,11227
2018-12-09 20:20,11236
2018-12-09 20:25,11259
2018-12-09 20:30,11243
2018-12-09 20:35,11213
2018-12-09 20:40,11190
2018-12-09 20:45,11143
2018-12-09 20:50,11090
2018-12-09 20:55,11039
2018-12-09 21:00,11008
2018-12-09 21:05,10977
2018-12-09 21:10,10886
2018-12-09 21:15,10785
2018-12-09 21:20,10725
2018-12-09 21:25,10721
2018-12-09 21:30,10647
2018-12-09 21:35,10580
2018-12-09 21:40,10464
2018-12-09 21:45,10367
2018-12-09 21:50,10243
2018-12-09 21:55,10178
2018-12-09 22:00,10060
2018-12-09 22:05,10101
2018-12-09 22:10,9965
2018-12-09 22:15,9926
2018-12-09 22:20,9847
2018-12-09 22:25,9771
2018-12-09 22:30,9696
2018-12-09 22:35,9597
2018-12-09 22:40,9552
2018-12-09 22:45,9550
2018-12-09 22:50,9433
2018-12-09 22:55,9361
2018-12-09 23:00,9354
2018-12-09 23:05,9247
2018-12-09 23:10,9196
2018-12-09 23:15,9103
2018-12-09 23:20,9008
2018-12-09 23:25,8867
2018-12-09 23:30,8815
2018-12-09 23:35,8756
2018-12-09 23:40,8699
2018-12-09 23:45,8660
2018-12-09 23:50,8622
2018-12-09 23:55,8537
2018-12-10 00:00,8464
2018-12-10 00:05,8443
2018-12-10 00:10,8458
2018-12-10 00:15,8467
2018-12-10 00:20,8416
2018-12-10 00:25,8377
2018-12-10 00:30,8366
2018-12-10 00:35,8307
2018-12-10 00:40,8219
2018-12-10 00:45,8147
2018-12-10 00:50,8121
2018-12-10 00:55,8093
2018-12-10 01:00,8019
2018-12-10 01:05,7940
2018-12-10 01:10,7917
2018-12-10 01:15,7933
2018-12-10 01:20,7878
2018-12-10 01:25,7884
2018-12-10 01:30,7877
2018-12-10 01:35,7841
2018-12-10 01:40,7846
2018-12-10 01:45,7786
2018-12-10 01:50,7797
2018-12-10 01:55,7760
2018-12-10 02:00,7703
2018-12-10 02:05,7684
2018-12-10 02:10,7667
2018-12-10 02:15,7636
2018-12-10 02:20,7586
2018-12-10 02:25,7551
2018-12-10 02:30,7450
2018-12-10 02:35,7467
2018-12-10 02:40,7418
2018-12-10 02:45,7377
2018-12-10 02:50,7341
2018-12-10 02:55,7319
2018-12-10 03:00,7299
2018-12-10 03:05,7245
2018-12-10 03:10,7190
2018-12-10 03:15,7081
2018-12-10 03:20,6996
2018-12-10 03:25,6959
2018-12-10 03:30,6895
2018-12-10 03:35,6851
2018-12-10 03:40,6747
2018-12-10 03:45,6689
2018-12-10 03:50,6615
2018-12-10 03:55,6513
2018-12-10 04:00,6389
2018-12-10 04:05,6337
2018-12-10 04:10,6257
2018-12-10 04:15,6218
2018-12-10 04:20,6093
2018-12-10 04:25,6048
2018-12-10 04:30,5980
2018-12-10 04:35,5894
2018-12-10 04:40,5845
2018-12-10 04:45,5792
2018-12-10 04:50,5665
2018-12-10 04:55,5611
2018-12-10 05:00,5530
2018-12-10 05:05,5425
2018-12-10 05:10,5327
2018-12-10 05:15,5245
2018-12-10 05:20,5188
2018-12-10 05:25,5117
2018-12-10 05:30,5044
2018-12-10 05:35,5007
2018-12-10 05:40,4900
2018-12-10 05:45,4834
2018-12-10 05:50,4777
2018-12-10 05:55,4692
2018-12-10 06:00,4633
2018-12-10 06:05,4537
2018-12-10 06:10,4416
2018-12-10 06:15,4328
2018-12-10 06:20,4246
2018-12-10 06:25,4178
2018-12-10 06:30,4084
2018-12-10 06:35,4048
2018-12-10 06:40,3986
2018-12-10 06:45,3926
2018-12-10 06:50,3897
2018-12-10 06:55,3829
2018-12-10 07:00,3748
2018-12-10 07:05,3695
2018-12-10 07:10,3666
2018-12-10 07:15,3587
2018-12-10 07:20,3548
2018-12-10 07:25,3518
2018-12-10 07:30,3485
2018-12-10 07:35,3458
2018-12-10 07:40,3467
2018-12-10 07:45,3431
2018-12-10 07:50,3381
2018-12-10 07:55,3350
2018-12-10 08:00,3323
2018-12-10 08:05,3271
2018-12-10 08:10,3244
2018-12-10 08:15,3196
2018-12-10 08:20,3161
2018-12-10 08:25,3119
2018-12-10 08:30,3087
2018-12-10 08:35,3049
2018-12-10 08:40,3029
2018-12-10 08:45,3011
2018-12-10 08:50,2992
2018-12-10 08:55,3004
2018-12-10 09:00,3014
2018-12-10 09:05,2994
2018-12-10 09:10,3053
2018-12-10 09:15,3047
2018-12-10 09:20,3046
2018-12-10 09:25,3057
2018-12-10 09:30,3083
2018-12-10 09:35,3105
2018-12-10 09:40,3129
2018-12-10 09:45,3148
2018-12-10 09:50,3139
2018-12-10 09:55,3155
2018-12-10 10:00,3142
2018-12-10 10:05,3157
2018-12-10 10:10,3111
2018-12-10 10:15,3142
2018-12-10 10:20,3174
2018-12-10 10:25,3222
2018-12-10 10:30,3220
2018-12-10 10:35,3245
2018-12-10 10:40,3228
2018-12-10 10:45,3230
2018-12-10 10:50,3273
2018-12-10 10:55,3337
2018-12-10 11:00,3398
2018-12-10 11:05,3430
2018-12-10 11:10,3446
2018-12-10 11:15,3460
2018-12-10 11:20,3477
2018-12-10 11:25,3583
2018-12-10 11:30,3602
2018-12-10 11:35,3598
2018-12-10 11:40,3631
2018-12-10 11:45,3660
2018-12-10 11:50,3732
2018-12-10 11:55,3752
2018-12-10 12:00,3794
2018-12-10 12:05,3839
2018-12-10 12:10,3846
2018-12-10 12:15,3915
2018-12-10 12:20,3948
2018-12-10 12:25,3988
2018-12-10 12:30,4061
2018-12-10 12:35,4084
2018-12-10 12:40,4175
2018-12-10 12:45,4204
2018-12-10 12:50,4275
2018-12-10 12:55,4302
2018-12-10 13:00,4360
2018-12-10 13:05,4438
2018-12-10 13:10,4475
2018-12-10 13:15,4558
2018-12-10 13:20,4605
2018-12-10 13:25,4659
2018-12-10 13:30,4703
2018-12-10 13:35,4818
2018-12-10 13:40,4856
2018-12-10 13:45,4923
2018-12-10 13:50,4964
2018-12-10 13:55,5022
2018-12-10 14:00,5082
2018-12-10 14:05,5134
2018-12-10 14:10,5213
2018-12-10 14:15,5275
2018-12-10 14:20,5353
2018-12-10 14:25,5416
2018-12-10 14:30,5493
2018-12-10 14:35,5561
2018-12-10 14:40,5685
2018-12-10 14:45,5780
2018-12-10 14:50,5847
2018-12-10 14:55,5900
2018-12-10 15:00,5925
2018-12-10 15:05,5933
2018-12-10 15:10,5993
2018-12-10 15:15,6056
2018-12-10 15:20,
2018-12-10 15:25,6257
2018-12-10 15:30,6322
2018-12-10 15:35,6397
2018-12-10 15:40,6488
2018-12-10 15:45,6556
2018-12-10 15:50,6540
2018-12-10 15:55,6628
2018-12-10 16:00,6689
2018-12-10 16:05,6732
2018-12-10 16:10,6850
2018-12-10 16:15,6907
2018-12-10 16:20,7043
2018-12-10 16:25,7068
2018-12-10 16:30,
2018-12-10 16:35,7223
2018-12-10 16:40,7290
2018-12-10 16:45,7376
2018-12-10 16:50,7437
2018-12-10 16:55,7558
2018-12-10 17:00,7600
2018-12-10 17:05,7708
2018-12-10 17:10,7780
2018-12-10 17:15,7835
2018-12-10 17:20,7864
2018-12-10 17:25,7889
2018-12-10 17:30,8005
2018-12-10 17:35,8079
2018-12-10 17:40,8144
2018-12-10 17:45,8214
2018-12-10 17:50,8276
2018-12-10 17:55,8393
2018-12-10 18:00,8484
2018-12-10 18:05,8509
2018-12-10 18:10,8595
2018-12-10 18:15,8659
2018-12-10 18:20,8739
2018-12-10 18:25,8782
2018-12-10 18:30,8792
2018-12-10 18:35,8864
2018-12-10 18:40,8991
2018-12-10 18:45,9018
2018-12-10 18:50,9042
2018-12-10 18:55,9187
2018-12-10 19:00,9228
2018-12-10 19:05,9349
2018-12-10 19:10,9372
2018-12-10 19:15,9403
2018-12-10 19:20,9482
2018-12-10 19:25,9581
2018-12-10 19:30,9600
2018-12-10 19:35,9617
2018-12-10 19:40,9693
2018-12-10 19:45,9731
2018-12-10 19:50,9812
2018-12-10 19:55,9839
2018-12-10 20:00,9831
2018-12-10 20:05,9791
2018-12-10 20:10,9744
2018-12-10 20:15,9772
2018-12-10 20:20,9765
2018-12-10 20:25,9797
2018-12-10 20:30,9746
2018-12-10 20:35,9771
2018-12-10 20:40,9816
2018-12-10 20:45,9790
2018-12-10 20:50,9778
2018-12-10 20:55,9775
2018-12-10 21:00,9784
2018-12-10 21:05,9682
2018-12-10 21:10,9622
2018-12-10 21:15,9617
2018-12-10 21:20,9612
2018-12-10 21:25,9532
2018-12-10 21:30,9480
2018-12-10 21:35,9404
2018-12-10 21:40,9338
2018-12-10 21:45,9254
2018-12-10 21:50,9201
2018-12-10 21:55,9154
2018-12-10 22:00,9077
2018-12-10 22:05,8971
2018-12-10 22:10,8917
2018-12-10 22:15,8827
2018-12-10 22:20,8712
2018-12-10 22:25,8655
2018-12-10 22:30,8539
2018-12-10 22:35,8413
2018-12-10 22:40,8378
2018-12-10 22:45,8338
2018-12-10 22:50,8263
2018-12-10 22:55,8204
2018-12-10 23:00,8089
2018-12-10 23:05,8019
2018-12-10 23:10,8010
2018-12-10 23:15,7960
2018-12-10 23:20,7903
2018-12-10 23:25,7870
2018-12-10 23:30,7826
2018-12-10 23:35,7805
2018-12-10 23:40,7754
2018-12-10 23:45,7709
2018-12-10 23:50,7631
2018-12-10 23:55,7674
2018-12-11 00:00,7624
2018-12-11 00:05,7588
2018-12-11 00:10,7517
2018-12-11 00:15,7483
2018-12-11 00:20,7492
2018-12-11 00:25,7483
2018-12-11 00:30,7503
2018-12-11 00:35,7440
2018-12-11 00:40,7460
2018-12-11 00:45,7446
2018-12-11 00:50,7464
2018-12-11 00:55,7494
2018-12-11 01:00,7421
2018-12-11 01:05,7384
2018-12-11 01:10,7339
2018-12-11 01:15,7302
2018-12-11 01:20,7338
2018-12-11 01:25,7372
2018-12-11 01:30,7344
2018-12-11 01:35,7409
2018-12-11 01:40,7428
2018-12-11 01:45,7411
2018-12-11 01:50,7433
2018-12-11 01:55,7451
2018-12-11 02:00,7445
2018-12-11 02:05,7432
2018-12-11 02:10,7402
2018-12-11 02:15,7377
2018-12-11 02:20,7368
2018-12-11 02:25,7290
2018-12-11 02:30,7176
2018-12-11 02:35,7097
2018-12-11 02:40,7130
2018-12-11 02:45,7127
2018-12-11 02:50,7062
2018-12-11 02:55,7007
2018-12-11 03:00,7001
2018-12-11 03:05,6930
2018-12-11 03:10,6903
2018-12-11 03:15,6857
2018-12-11 03:20,6762
2018-12-11 03:25,6745
2018-12-11 03:30,6625
2018-12-11 03:35,6504
2018-12-11 03:40,6499
2018-12-11 03:45,6460
2018-12-11 03:50,6446
2018-12-11 03:55,6358
2018-12-11 04:00,6308
2018-12-11 04:05,6223
2018-12-11 04:10,6189
2018-12-11 04:15,6114
2018-12-11 04:20,6049
2018-12-11 04:25,5993
2018-12-11 04:30,5973
2018-12-11 04:35,5914
2018-12-11 04:40,5824
2018-12-11 04:45,5685
2018-12-11 04:50,5585
2018-12-11 04:55,5523
2018-12-11 05:00,5407
2018-12-11 05:05,5314
2018-12-11 05:10,5240
2018-12-11 05:15,5156
2018-12-11 05:20,5041
2018-12-11 05:25,4963
2018-12-11 05:30,4887
2018-12-11 05:35,4799
2018-12-11 05:40,4707
2018-12-11 05:45,4633
2018-12-11 05:50,4574
2018-12-11 05:55,4482
2018-12-11 06:00,4434
2018-12-11 06:05,4357
2018-12-11 06:10,4301
2018-12-11 06:15,4227
2018-12-11 06:20,4150
2018-12-11 06:25,4087
2018-12-11 06:30,4030
2018-12-11 06:35,3965
2018-12-11 06:40,3896
2018-12-11 06:45,3833
2018-12-11 06:50,3785
2018-12-11 06:55,3724
2018-12-11 07:00,3632
2018-12-11 07:05,3602
2018-12-11 07:10,3523
2018-12-11 07:15,3470
2018-12-11 07:20,3428
2018-12-11 07:25,3357
2018-12-11 07:30,3331
2018-12-11 07:35,3292
2018-12-11 07:40,3239
2018-12-11 07:45,3180
2018-12-11 07:50,3180
2018-12-11 07:55,3146
2018-12-11 08:00,3142
2018-12-11 08:05,3114
2018-12-11 08:10,3115
2018-12-11 08:15,3109
2018-12-11 08:20,3117
2018-12-11 08:25,3078
2018-12-11 08:30,3041
2018-12-11 08:35,3027
2018-12-11 08:40,2987
2018-12-11 08:45,2945
2018-12-11 08:50,2925
2018-12-11 08:55,2931
2018-12-11 09:00,2907
2018-12-11 09:05,2882
2018-12-11 09:10,2910
2018-12-11 09:15,2961
2018-12-11 09:20,2959
2018-12-11 09:25,2950
2018-12-11 09:30,2962
2018-12-11 09:35,2944
2018-12-11 09:40,2956
2018-12-11 09:45,2999
2018-12-11 09:50,3050
2018-12-11 09:55,3078
2018-12-11 10:00,3077
2018-12-11 10:05,3123
2018-12-11 10:10,3175
2018-12-11 10:15,3186
2018-12-11 10:20,3216
2018-12-11 10:25,3241
2018-12-11 10:30,3227
2018-12-11 10:35,3241
2018-12-11 10:40,3299
2018-12-11 10:45,3326
2018-12-11 10:50,3351
2018-12-11 10:55,3339
2018-12-11 11:00,3325
2018-12-11 11:05,3343
2018-12-11 11:10,3366
2018-12-11 11:15,3379
2018-12-11 11:20,3442
2018-12-11 11:25,3467
2018-12-11 11:30,3501
2018-12-11 11:35,3515
2018-12-11 11:40,3590
2018-12-11 11:45,3628
2018-12-11 11:50,3675
2018-12-11 11:55,3741
2018-12-11 12:00,3810
2018-12-11 12:05,3826
2018-12-11 12:10,3877
2018-12-11 12:15,3862
2018-12-11 12:20,3924
2018-12-11 12:25,4023
2018-12-11 12:30,4062
2018-12-11 12:35,4115
2018-12-11 12:40,4182
2018-12-11 12:45,4204
2018-12-11 12:50,4244
2018-12-11 12:55,4324
2018-12-11 13:00,4376
2018-12-11 13:05,4440
2018-12-11 13:10,4457
2018-12-11 13:15,4537
2018-12-11 13:20,4607
2018-12-11 13:25,4635
2018-12-11 13:30,4690
2018-12-11 13:35,4730
2018-12-11 13:40,4838
2018-12-11 13:45,4925
2018-12-11 13:50,4984
2018-12-11 13:55,5029
2018-12-11 14:00,5076
2018-12-11 14:05,5128
2018-12-11 14:10,5175
2018-12-11 14:15,5225
2018-12-11 14:20,5312
2018-12-11 14:25,5436
2018-12-11 14:30,5470
2018-12-11 14:35,5565
2018-12-11 14:40,5672
2018-12-11 14:45,5754
2018-12-11 14:50,5814
2018-12-11 14:55,5906
2018-12-11 15:00,5932
2018-12-11 15:05,5970
2018-12-11 15:10,6021
2018-12-11 15:15,6040
2018-12-11 15:20,6111
2018-12-11 15:25,6181
2018-12-11 15:30,6250
2018-12-11 15:35,6320
2018-12-11 15:40,6386
2018-12-11 15:45,6385
2018-12-11 15:50,6498
2018-12-11 15:55,6545
2018-12-11 16:00,6585
2018-12-11 16:05,6628
2018-12-11 16:10,6721
2018-12-11 16:15,6726
2018-12-11 16:20,6777
2018-12-11 16:25,6794
2018-12-11 16:30,6812
2018-12-11 16:35,6870
2018-12-11 16:40,6989
2018-12-11 16:45,7023
2018-12-11 16:50,7098
2018-12-11 16:55,7191
2018-12-11 17:00,7287
2018-12-11 17:05,7394
2018-12-11 17:10,7430
2018-12-11 17:15,7558
2018-12-11 17:20,7614
2018-12-11 17:25,7653
2018-12-11 17:30,7709
2018-12-11 17:35,7782
2018-12-11 17:40,7850
2018-12-11 17:45,7935
2018-12-11 17:50,8009
2018-12-11 17:55,8043
2018-12-11 18:00,8080
2018-12-11 18:05,8166
2018-12-11 18:10,8299
2018-12-11 18:15,8396
2018-12-11 18:20,8452
2018-12-11 18:25,8535
2018-12-11 18:30,8592
2018-12-11 18:35,8679
2018-12-11 18:40,8830
2018-12-11 18:45,8830
2018-12-11 18:50,8860
2018-12-11 18:55,8953
2018-12-11 19:00,9005
2018-12-11 19:05,9020
2018-12-11 19:10,9099
2018-12-11 19:15,9140
2018-12-11 19:20,9197
2018-12-11 19:25,9221
2018-12-11 19:30,9232
2018-12-11 19:35,9189
2018-12-11 19:40,9291
2018-12-11 19:45,9278
2018-12-11 19:50,9272
2018-12-11 19:55,9288
2018-12-11 20:00,9304
2018-12-11 20:05,9291
2018-12-11 20:10,9255
2018-12-11 20:15,9214
2018-12-11 20:20,9249
2018-12-11 20:25,9238
2018-12-11 20:30,9172
2018-12-11 20:35,9184
2018-12-11 20:40,9175
2018-12-11 20:45,9129
2018-12-11 20:50,9139
2018-12-11 20:55,9090
2018-12-11 21:00,9095
2018-12-11 21:05,9049
2018-12-11 21:10,9031
2018-12-11 21:15,9008
2018-12-11 21:20,8987
2018-12-11 21:25,8914
2018-12-11 21:30,8925
2018-12-11 21:35,8885
2018-12-11 21:40,8899
2018-12-11 21:45,8845
2018-12-11 21:50,8774
2018-12-11 21:55,8700
2018-12-11 22:00,8633
2018-12-11 22:05,8602
2018-12-11 22:10,8558
2018-12-11 22:15,8489
2018-12-11 22:20,8453
2018-12-11 22:25,8420
2018-12-11 22:30,8379
2018-12-11 22:35,8310
2018-12-11 22:40,8263
2018-12-11 22:45,8252
2018-12-11 22:50,8201
2018-12-11 22:55,8157
2018-12-11 23:00,8107
2018-12-11 23:05,8028
2018-12-11 23:10,
2018-12-11 23:15,
2018-12-11 23:20,7241
2018-12-11 23:25,7668
2018-12-11 23:30,7652
2018-12-11 23:35,7608
2018-12-11 23:40,7496
2018-12-11 23:45,7464
2018-12-11 23:50,7449
2018-12-11 23:55,7350
2018-12-12 00:00,7262
2018-12-12 00:05,7179
2018-12-12 00:10,7167
2018-12-12 00:15,7142
2018-12-12 00:20,7099
2018-12-12 00:25,7091
2018-12-12 00:30,7078
2018-12-12 00:35,7114
2018-12-12 00:40,7123
2018-12-12 00:45,7082
2018-12-12 00:50,7096
2018-12-12 00:55,7107
2018-12-12 01:00,7120
2018-12-12 01:05,7148
2018-12-12 01:10,7109
2018-12-12 01:15,7068
2018-12-12 01:20,7062
2018-12-12 01:25,7097
2018-12-12 01:30,7145
2018-12-12 01:35,7203
2018-12-12 01:40,7231
2018-12-12 01:45,7251
2018-12-12 01:50,7246
2018-12-12 01:55,7225
2018-12-12 02:00,7234
2018-12-12 02:05,7225
2018-12-12 02:10,7153
2018-12-12 02:15,7146
2018-12-12 02:20,7181
2018-12-12 02:25,7187
2018-12-12 02:30,7169
2018-12-12 02:35,7136
2018-12-12 02:40,7100
2018-12-12 02:45,7091
2018-12-12 02:50,7045
2018-12-12 02:55,7004
2018-12-12 03:00,6967
2018-12-12 03:05,6974
2018-12-12 03:10,6925
2018-12-12 03:15,6830
2018-12-12 03:20,6752
2018-12-12 03:25,6645
2018-12-12 03:30,6627
2018-12-12 03:35,6463
2018-12-12 03:40,6362
2018-12-12 03:45,6260
2018-12-12 03:50,6097
2018-12-12 03:55,5986
2018-12-12 04:00,5892
2018-12-12 04:05,5749
2018-12-12 04:10,5581
2018-12-12 04:15,5504
2018-12-12 04:20,5397
2018-12-12 04:25,5312
2018-12-12 04:30,5196
2018-12-12 04:35,5086
2018-12-12 04:40,4982
2018-12-12 04:45,4898
2018-12-12 04:50,4712
2018-12-12 04:55,4568
2018-12-12 05:00,4418
2018-12-12 05:05,4323
2018-12-12 05:10,4259
2018-12-12 05:15,4159
2018-12-12 05:20,4128
2018-12-12 05:25,4081
2018-12-12 05:30,4074
2018-12-12 05:35,4041
2018-12-12 05:40,3960
2018-12-12 05:45,3931
2018-12-12 05:50,3892
2018-12-12 05:55,3863
2018-12-12 06:00,3804
2018-12-12 06:05,3835
2018-12-12 06:10,3782
2018-12-12 06:15,3750
2018-12-12 06:20,3710
2018-12-12 06:25,3668
2018-12-12 06:30,3633
2018-12-12 06:35,3600
2018-12-12 06:40,3558
2018-12-12 06:45,3508
2018-12-12 06:50,3460
2018-12-12 06:55,3454
2018-12-12 07:00,3396
2018-12-12 07:05,3332
2018-12-12 07:10,3250
2018-12-12 07:15,3237
2018-12-12 07:20,3220
2018-12-12 07:25,3181
2018-12-12 07:30,3147
2018-12-12 07:35,3085
2018-12-12 07:40,3025
2018-12-12 07:45,2974
2018-12-12 07:50,2938
2018-12-12 07:55,2877
2018-12-12 08:00,2855
2018-12-12 08:05,2839
2018-12-12 08:10,2833
2018-12-12 08:15,2813
2018-12-12 08:20,2790
2018-12-12 08:25,2768
2018-12-12 08:30,2749
2018-12-12 08:35,2753
2018-12-12 08:40,2751
2018-12-12 08:45,2734
2018-12-12 08:50,2719
2018-12-12 08:55,2674
2018-12-12 09:00,2667
2018-12-12 09:05,2674
2018-12-12 09:10,2658
2018-12-12 09:15,2665
2018-12-12 09:20,2634
2018-12-12 09:25,2616
2018-12-12 09:30,2548
2018-12-12 09:35,2326
2018-12-12 09:40,1933
2018-12-12 09:45,1543
2018-12-12 09:50,1164
2018-12-12 09:55,926
2018-12-12 10:00,772
2018-12-12 10:05,692
2018-12-12 10:10,640
2018-12-12 10:15,653
2018-12-12 10:20,627
2018-12-12 10:25,645
2018-12-12 10:30,634
2018-12-12 10:35,655
2018-12-12 10:40,621
2018-12-12 10:45,630
2018-12-12 10:50,628
2018-12-12 10:55,627
2018-12-12 11:00,655
2018-12-12 11:05,666
2018-12-12 11:10,651
2018-12-12 11:15,645
2018-12-12 11:20,631
2018-12-12 11:25,661
2018-12-12 11:30,660
2018-12-12 11:35,645
2018-12-12 11:40,663
2018-12-12 11:45,687
2018-12-12 11:50,653
2018-12-12 11:55,669
2018-12-12 12:00,661
2018-12-12 12:05,686
2018-12-12 12:10,686
2018-12-12 12:15,685
2018-12-12 12:20,696
2018-12-12 12:25,696
2018-12-12 12:30,703
2018-12-12 12:35,701
2018-12-12 12:40,703
2018-12-12 12:45,685
2018-12-12 12:50,729
2018-12-12 12:55,726
2018-12-12 13:00,716
2018-12-12 13:05,707
2018-12-12 13:10,700
2018-12-12 13:15,689
2018-12-12 13:20,708
2018-12-12 13:25,703
2018-12-12 13:30,720
2018-12-12 13:35,723
2018-12-12 13:40,745
2018-12-12 13:45,710
2018-12-12 13:50,737
2018-12-12 13:55,704
2018-12-12 14:00,749
2018-12-12 14:05,727
2018-12-12 14:10,743
2018-12-12 14:15,752
2018-12-12 14:20,755
2018-12-12 14:25,750
2018-12-12 14:30,760
2018-12-12 14:35,773
2018-12-12 14:40,830
2018-12-12 14:45,797
2018-12-12 14:50,825
2018-12-12 14:55,820
2018-12-12 15:00,818
2018-12-12 15:05,848
2018-12-12 15:10,863
2018-12-12 15:15,841
2018-12-12 15:20,840
2018-12-12 15:25,862
2018-12-12 15:30,883
2018-12-12 15:35,895
2018-12-12 15:40,904
2018-12-12 15:45,887
2018-12-12 15:50,915
2018-12-12 15:55,902
2018-12-12 16:00,855
2018-12-12 16:05,892
2018-12-12 16:10,904
2018-12-12 16:15,904
2018-12-12 16:20,895
2018-12-12 16:25,885
2018-12-12 16:30,930
2018-12-12 16:35,907
2018-12-12 16:40,900
2018-12-12 16:45,948
2018-12-12 16:50,958
2018-12-12 16:55,923
2018-12-12 17:00,933
2018-12-12 17:05,956
2018-12-12 17:10,972
2018-12-12 17:15,952
2018-12-12 17:20,966
2018-12-12 17:25,971
2018-12-12 17:30,985
2018-12-12 17:35,950
2018-12-12 17:40,905
2018-12-12 17:45,933
2018-12-12 17:50,933
2018-12-12 17:55,1018
2018-12-12 18:00,988
2018-12-12 18:05,955
2018-12-12 18:10,984
2018-12-12 18:15,987
2018-12-12 18:20,983
2018-12-12 18:25,989
2018-12-12 18:30,974
2018-12-12 18:35,1001
2018-12-12 18:40,990
2018-12-12 18:45,1001
2018-12-12 18:50,1003
2018-12-12 18:55,966
2018-12-12 19:00,984
2018-12-12 19:05,986
2018-12-12 19:10,982
2018-12-12 19:15,1010
2018-12-12 19:20,993
2018-12-12 19:25,955
2018-12-12 19:30,960
2018-12-12 19:35,939
2018-12-12 19:40,939
2018-12-12 19:45,942
2018-12-12 19:50,950
2018-12-12 19:55,952
2018-12-12 20:00,997
2018-12-12 20:05,975
2018-12-12 20:10,921
2018-12-12 20:15,948
2018-12-12 20:20,930
2018-12-12 20:25,928
2018-12-12 20:30,921
2018-12-12 20:35,914
2018-12-12 20:40,906
2018-12-12 20:45,878
2018-12-12 20:50,955
2018-12-12 20:55,911
2018-12-12 21:00,904
2018-12-12 21:05,906
2018-12-12 21:10,938
2018-12-12 21:15,925
2018-12-12 21:20,855
2018-12-12 21:25,
2018-12-12 21:30,875
2018-12-12 21:35,858
2018-12-12 21:40,873
2018-12-12 21:45,878
2018-12-12 21:50,866
2018-12-12 21:55,884
2018-12-12 22:00,877
2018-12-12 22:05,886
2018-12-12 22:10,847
2018-12-12 22:15,795
2018-12-12 22:20,821
2018-12-12 22:25,857
2018-12-12 22:30,848
2018-12-12 22:35,819
2018-12-12 22:40,821
2018-12-12 22:45,794
2018-12-12 22:50,874
2018-12-12 22:55,816
2018-12-12 23:00,812
2018-12-12 23:05,786
2018-12-12 23:10,788
2018-12-12 23:15,751
2018-12-12 23:20,797
2018-12-12 23:25,769
2018-12-12 23:30,770
2018-12-12 23:35,757
2018-12-12 23:40,776
2018-12-12 23:45,789
2018-12-12 23:50,782
2018-12-12 23:55,775
2018-12-13 00:00,767
2018-12-13 00:05,773
2018-12-13 00:10,726
2018-12-13 00:15,736
2018-12-13 00:20,675
2018-12-13 00:25,759
2018-12-13 00:30,786
2018-12-13 00:35,737
2018-12-13 00:40,757
2018-12-13 00:45,0
2018-12-13 00:50,708
2018-12-13 00:55,730
2018-12-13 01:00,716
2018-12-13 01:05,737
2018-12-13 01:10,715
2018-12-13 01:15,734
2018-12-13 01:20,686
2018-12-13 01:25,699
2018-12-13 01:30,736
2018-12-13 01:35,714
2018-12-13 01:40,696
2018-12-13 01:45,832
2018-12-13 01:50,1251
2018-12-13 01:55,1629
2018-12-13 02:00,1970
2018-12-13 02:05,2338
2018-12-13 02:10,2709
2018-12-13 02:15,2990
2018-12-13 02:20,3257
2018-12-13 02:25,3556
2018-12-13 02:30,3911
2018-12-13 02:35,4123
2018-12-13 02:40,4377
2018-12-13 02:45,4641
2018-12-13 02:50,4865
2018-12-13 02:55,5110
2018-12-13 03:00,5287
2018-12-13 03:05,5438
2018-12-13 03:10,5555
2018-12-13 03:15,5606
2018-12-13 03:20,5589
2018-12-13 03:25,5614
2018-12-13 03:30,5675
2018-12-13 03:35,5712
2018-12-13 03:40,5736
2018-12-13 03:45,5769
2018-12-13 03:50,5817
2018-12-13 03:55,5861
2018-12-13 04:00,5841
2018-12-13 04:05,5809
2018-12-13 04:10,5781
2018-12-13 04:15,5732
2018-12-13 04:20,5745
2018-12-13 04:25,5669
2018-12-13 04:30,5684
2018-12-13 04:35,5690
2018-12-13 04:40,5633
2018-12-13 04:45,5629
2018-12-13 04:50,5575
2018-12-13 04:55,5516
2018-12-13 05:00,5398
2018-12-13 05:05,5309
2018-12-13 05:10,5212
2018-12-13 05:15,5150
2018-12-13 05:20,5044
2018-12-13 05:25,4934
2018-12-13 05:30,4867
2018-12-13 05:35,4844
2018-12-13 05:40,4797
2018-12-13 05:45,4714
2018-12-13 05:50,4666
2018-12-13 05:55,4601
2018-12-13 06:00,4533
2018-12-13 06:05,4445
2018-12-13 06:10,4360
2018-12-13 06:15,4280
2018-12-13 06:20,4231
2018-12-13 06:25,4206
2018-12-13 06:30,4148
2018-12-13 06:35,4066
2018-12-13 06:40,3986
2018-12-13 06:45,3905
2018-12-13 06:50,3869
2018-12-13 06:55,3801
2018-12-13 07:00,3773
2018-12-13 07:05,3748
2018-12-13 07:10,3697
2018-12-13 07:15,3641
2018-12-13 07:20,3616
2018-12-13 07:25,3548
2018-12-13 07:30,3530
2018-12-13 07:35,3498
2018-12-13 07:40,3469
2018-12-13 07:45,3451
2018-12-13 07:50,3409
2018-12-13 07:55,3373
2018-12-13 08:00,3344
2018-12-13 08:05,3339
2018-12-13 08:10,3326
2018-12-13 08:15,3291
2018-12-13 08:20,3267
2018-12-13 08:25,3218
2018-12-13 08:30,3209
2018-12-13 08:35,3210
2018-12-13 08:40,3199
2018-12-13 08:45,3197
2018-12-13 08:50,3175
2018-12-13 08:55,3186
2018-12-13 09:00,3169
2018-12-13 09:05,3163
2018-12-13 09:10,3186
2018-12-13 09:15,3225
2018-12-13 09:20,3235
2018-12-13 09:25,3243
2018-12-13 09:30,3271
2018-12-13 09:35,3278
2018-12-13 09:40,3311
2018-12-13 09:45,3377
2018-12-13 09:50,3371
2018-12-13 09:55,3376
2018-12-13 10:00,3408
2018-12-13 10:05,3419
2018-12-13 10:10,3449
2018-12-13 10:15,3490
2018-12-13 10:20,3540
2018-12-13 10:25,3566
2018-12-13 10:30,3590
2018-12-13 10:35,3620
2018-12-13 10:40,3669
2018-12-13 10:45,3697
2018-12-13 10:50,3744
2018-12-13 10:55,3748
2018-12-13 11:00,3767
2018-12-13 11:05,3772
2018-12-13 11:10,3806
2018-12-13 11:15,3838
2018-12-13 11:20,3921
2018-12-13 11:25,3967
2018-12-13 11:30,4000
2018-12-13 11:35,4053
2018-12-13 11:40,4102
2018-12-13 11:45,4114
2018-12-13 11:50,4154
2018-12-13 11:55,4195
2018-12-13 12:00,4227
2018-12-13 12:05,4256
2018-12-13 12:10,4291
2018-12-13 12:15,4362
2018-12-13 12:20,4447
2018-12-13 12:25,4504
2018-12-13 12:30,4555
2018-12-13 12:35,4653
2018-12-13 12:40,4687
2018-12-13 12:45,4652
2018-12-13 12:50,4710
2018-12-13 12:55,4771
2018-12-13 13:00,4783
2018-12-13 13:05,4890
2018-12-13 13:10,4945
2018-12-13 13:15,5002
2018-12-13 13:20,5046
2018-12-13 13:25,5096
2018-12-13 13:30,5143
2018-12-13 13:35,5222
2018-12-13 13:40,5287
2018-12-13 13:45,5313
2018-12-13 13:50,5392
2018-12-13 13:55,5469
2018-12-13 14:00,5580
2018-12-13 14:05,5640
2018-12-13 14:10,5661
2018-12-13 14:15,5791
2018-12-13 14:20,5809
2018-12-13 14:25,5885
2018-12-13 14:30,5989
2018-12-13 14:35,6096
2018-12-13 14:40,6145
2018-12-13 14:45,6188
2018-12-13 14:50,6240
2018-12-13 14:55,6358
2018-12-13 15:00,6405
2018-12-13 15:05,6485
2018-12-13 15:10,6519
2018-12-13 15:15,6544
2018-12-13 15:20,6587
2018-12-13 15:25,6639
2018-12-13 15:30,6718
2018-12-13 15:35,6831
2018-12-13 15:40,6929
2018-12-13 15:45,6968
2018-12-13 15:50,7020
2018-12-13 15:55,7125
2018-12-13 16:00,7231
2018-12-13 16:05,7339
2018-12-13 16:10,7409
2018-12-13 16:15,7464
2018-12-13 16:20,7506
2018-12-13 16:25,7607
2018-12-13 16:30,7619
2018-12-13 16:35,7719
2018-12-13 16:40,7793
2018-12-13 16:45,7832
2018-12-13 16:50,7850
2018-12-13 16:55,7977
2018-12-13 17:00,8071
2018-12-13 17:05,8111
2018-12-13 17:10,8131
2018-12-13 17:15,8241
2018-12-13 17:20,8320
2018-12-13 17:25,8345
2018-12-13 17:30,8418
2018-12-13 17:35,8457
2018-12-13 17:40,8510
2018-12-13 17:45,8591
2018-12-13 17:50,8650
2018-12-13 17:55,8719
2018-12-13 18:00,8778
2018-12-13 18:05,8816
2018-12-13 18:10,8904
2018-12-13 18:15,8910
2018-12-13 18:20,8960
2018-12-13 18:25,9042
2018-12-13 18:30,9151
2018-12-13 18:35,9165
2018-12-13 18:40,9198
2018-12-13 18:45,9240
2018-12-13 18:50,9362
2018-12-13 18:55,9383
2018-12-13 19:00,9403
2018-12-13 19:05,9391
2018-12-13 19:10,9448
2018-12-13 19:15,9512
2018-12-13 19:20,9544
2018-12-13 19:25,9545
2018-12-13 19:30,9564
2018-12-13 19:35,9642
2018-12-13 19:40,9683
2018-12-13 19:45,9654
2018-12-13 19:50,9667
2018-12-13 19:55,9690
2018-12-13 20:00,9679
2018-12-13 20:05,9719
2018-12-13 20:10,9717
2018-12-13 20:15,9755
2018-12-13 20:20,9817
2018-12-13 20:25,9817
2018-12-13 20:30,9858
2018-12-13 20:35,9808
2018-12-13 20:40,9734
2018-12-13 20:45,9697
2018-12-13 20:50,9657
2018-12-13 20:55,9661
2018-12-13 21:00,9613
2018-12-13 21:05,9599
2018-12-13 21:10,9576
2018-12-13 21:15,9528
2018-12-13 21:20,9450
2018-12-13 21:25,9449
2018-12-13 21:30,9374
2018-12-13 21:35,9277
2018-12-13 21:40,9288
2018-12-13 21:45,9225
2018-12-13 21:50,9190
2018-12-13 21:55,9191
2018-12-13 22:00,9070
2018-12-13 22:05,8975
2018-12-13 22:10,8880
2018-12-13 22:15,8845
2018-12-13 22:20,8785
2018-12-13 22:25,8766
2018-12-13 22:30,8730
2018-12-13 22:35,8686
2018-12-13 22:40,8622
2018-12-13 22:45,8588
2018-12-13 22:50,8526
2018-12-13 22:55,8450
2018-12-13 23:00,8410
2018-12-13 23:05,8276
2018-12-13 23:10,8203
2018-12-13 23:15,8161
2018-12-13 23:20,8110
2018-12-13 23:25,8076
2018-12-13 23:30,8052
2018-12-13 23:35,8005
2018-12-13 23:40,7929
2018-12-13 23:45,7961
2018-12-13 23:50,7924
2018-12-13 23:55,7908
2018-12-14 00:00,7860
2018-12-14 00:05,7763
2018-12-14 00:10,7736
2018-12-14 00:15,7665
2018-12-14 00:20,7644
2018-12-14 00:25,7652
2018-12-14 00:30,7606
2018-12-14 00:35,7606
2018-12-14 00:40,7545
2018-12-14 00:45,7575
2018-12-14 00:50,7613
2018-12-14 00:55,7621
2018-12-14 01:00,7623
2018-12-14 01:05,7615
2018-12-14 01:10,7609
2018-12-14 01:15,7584
2018-12-14 01:20,7528
2018-12-14 01:25,7486
2018-12-14 01:30,7482
2018-12-14 01:35,7481
2018-12-14 01:40,7486
2018-12-14 01:45,7430
2018-12-14 01:50,7409
2018-12-14 01:55,7399
2018-12-14 02:00,7317
2018-12-14 02:05,7296
2018-12-14 02:10,7305
2018-12-14 02:15,7277
2018-12-14 02:20,7217
2018-12-14 02:25,7199
2018-12-14 02:30,7128
2018-12-14 02:35,7023
2018-12-14 02:40,6996
2018-12-14 02:45,6982
2018-12-14 02:50,6862
2018-12-14 02:55,6870
2018-12-14 03:00,6832
2018-12-14 03:05,6779
2018-12-14 03:10,6729
2018-12-14 03:15,6617
2018-12-14 03:20,6581
2018-12-14 03:25,6550
2018-12-14 03:30,6489
2018-12-14 03:35,6417
2018-12-14 03:40,6376
2018-12-14 03:45,6404
2018-12-14 03:50,6404
2018-12-14 03:55,6366
2018-12-14 04:00,6241
2018-12-14 04:05,6185
2018-12-14 04:10,6093
2018-12-14 04:15,6024
2018-12-14 04:20,5923
2018-12-14 04:25,5863
2018-12-14 04:30,5834
2018-12-14 04:35,5803
2018-12-14 04:40,5766
2018-12-14 04:45,5687
2018-12-14 04:50,5648
2018-12-14 04:55,5585
2018-12-14 05:00,5502
2018-12-14 05:05,5428
2018-12-14 05:10,5379
2018-12-14 05:15,5280
2018-12-14 05:20,5203
2018-12-14 05:25,5161
2018-12-14 05:30,5098
2018-12-14 05:35,5055
2018-12-14 05:40,5003
2018-12-14 05:45,4939
2018-12-14 05:50,4883
2018-12-14 05:55,4788
2018-12-14 06:00,4705
2018-12-14 06:05,4670
2018-12-14 06:10,4552
2018-12-14 06:15,4472
2018-12-14 06:20,4406
2018-12-14 06:25,4289
2018-12-14 06:30,4253
2018-12-14 06:35,4182
2018-12-14 06:40,4105
2018-12-14 06:45,4064
2018-12-14 06:50,4002
2018-12-14 06:55,3993
2018-12-14 07:00,3925
2018-12-14 07:05,3890
2018-12-14 07:10,3804
2018-12-14 07:15,3766
2018-12-14 07:20,3692
2018-12-14 07:25,3643
2018-12-14 07:30,3593
2018-12-14 07:35,3544
2018-12-14 07:40,3493
2018-12-14 07:45,3480
2018-12-14 07:50,3445
2018-12-14 07:55,3405
2018-12-14 08:00,3398
2018-12-14 08:05,3365
2018-12-14 08:10,3310
2018-12-14 08:15,3308
2018-12-14 08:20,3283
2018-12-14 08:25,3261
2018-12-14 08:30,3269
2018-12-14 08:35,3274
2018-12-14 08:40,3254
2018-12-14 08:45,3241
2018-12-14 08:50,3218
2018-12-14 08:55,3224
2018-12-14 09:00,3248
2018-12-14 09:05,3271
2018-12-14 09:10,3267
2018-12-14 09:15,3262
2018-12-14 09:20,3280
2018-12-14 09:25,3304
2018-12-14 09:30,3335
2018-12-14 09:35,3342
2018-12-14 09:40,3399
2018-12-14 09:45,3479
2018-12-14 09:50,3494
2018-12-14 09:55,3540
2018-12-14 10:00,3540
2018-12-14 10:05,3501
2018-12-14 10:10,3530
2018-12-14 10:15,3532
2018-12-14 10:20,3582
2018-12-14 10:25,3635
2018-12-14 10:30,3654
2018-12-14 10:35,3701
2018-12-14 10:40,3760
2018-12-14 10:45,3799
2018-12-14 10:50,3843
2018-12-14 10:55,3869
2018-12-14 11:00,3911
2018-12-14 11:05,3956
2018-12-14 11:10,3973
2018-12-14 11:15,4018
2018-12-14 11:20,4013
2018-12-14 11:25,4048
2018-12-14 11:30,4118
2018-12-14 11:35,4162
2018-12-14 11:40,4203
2018-12-14 11:45,4221
2018-12-14 11:50,4229
2018-12-14 11:55,4307
2018-12-14 12:00,4367
2018-12-14 12:05,4405
2018-12-14 12:10,4486
2018-12-14 12:15,4528
2018-12-14 12:20,4564
2018-12-14 12:25,4684
2018-12-14 12:30,4773
2018-12-14 12:35,4786
2018-12-14 12:40,4867
2018-12-14 12:45,4960
2018-12-14 12:50,4989
2018-12-14 12:55,5146
2018-12-14 13:00,5226
2018-12-14 13:05,5313
2018-12-14 13:10,5397
2018-12-14 13:15,5513
2018-12-14 13:20,5519
2018-12-14 13:25,5576
2018-12-14 13:30,5639
2018-12-14 13:35,5707
2018-12-14 13:40,5777
2018-12-14 13:45,5830
2018-12-14 13:50,5896
2018-12-14 13:55,5923
2018-12-14 14:00,6016
2018-12-14 14:05,6115
2018-12-14 14:10,6192
2018-12-14 14:15,6317
2018-12-14 14:20,6438
2018-12-14 14:25,6558
2018-12-14 14:30,6626
2018-12-14 14:35,6714
2018-12-14 14:40,6791
2018-12-14 14:45,6831
2018-12-14 14:50,6882
2018-12-14 14:55,6860
2018-12-14 15:00,6950
2018-12-14 15:05,7044
2018-12-14 15:10,7148
2018-12-14 15:15,7229
2018-12-14 15:20,7279
2018-12-14 15:25,7409
2018-12-14 15:30,7455
2018-12-14 15:35,7471
2018-12-14 15:40,7507
2018-12-14 15:45,7561
2018-12-14 15:50,7603
2018-12-14 15:55,7645
2018-12-14 16:00,7705
2018-12-14 16:05,7767
2018-12-14 16:10,7837
2018-12-14 16:15,7912
2018-12-14 16:20,7965
2018-12-14 16:25,8028
2018-12-14 16:30,8122
2018-12-14 16:35,8176
2018-12-14 16:40,8199
2018-12-14 16:45,8227
2018-12-14 16:50,8310
2018-12-14 16:55,8310
2018-12-14 17:00,8302
2018-12-14 17:05,8353
2018-12-14 17:10,8417
2018-12-14 17:15,8428
2018-12-14 17:20,8422
2018-12-14 17:25,8488
2018-12-14 17:30,8483
2018-12-14 17:35,8574
2018-12-14 17:40,8677
2018-12-14 17:45,8766
2018-12-14 17:50,8849
2018-12-14 17:55,8921
2018-12-14 18:00,8926
2018-12-14 18:05,8989
2018-12-14 18:10,9041
2018-12-14 18:15,9000
2018-12-14 18:20,9042
2018-12-14 18:25,9150
2018-12-14 18:30,9226
2018-12-14 18:35,9268
2018-12-14 18:40,9404
2018-12-14 18:45,9464
2018-12-14 18:50,9460
2018-12-14 18:55,9525
2018-12-14 19:00,9591
2018-12-14 19:05,9681
2018-12-14 19:10,9706
2018-12-14 19:15,9734
2018-12-14 19:20,9773
2018-12-14 19:25,9755
2018-12-14 19:30,9836
2018-12-14 19:35,9861
2018-12-14 19:40,9922
2018-12-14 19:45,9929
2018-12-14 19:50,9998
2018-12-14 19:55,10026
2018-12-14 20:00,10083
2018-12-14 20:05,10139
2018-12-14 20:10,10174
2018-12-14 20:15,10246
2018-12-14 20:20,10340
2018-12-14 20:25,10315
2018-12-14 20:30,10344
2018-12-14 20:35,10312
2018-12-14 20:40,10282
2018-12-14 20:45,10300
2018-12-14 20:50,10288
2018-12-14 20:55,10276
2018-12-14 21:00,10269
2018-12-14 21:05,10259
2018-12-14 21:10,10282
2018-12-14 21:15,10256
2018-12-14 21:20,10308
2018-12-14 21:25,10277
2018-12-14 21:30,10340
2018-12-14 21:35,10343
2018-12-14 21:40,10372
2018-12-14 21:45,10307
2018-12-14 21:50,10348
2018-12-14 21:55,10319
2018-12-14 22:00,10321
2018-12-14 22:05,10331
2018-12-14 22:10,10237
2018-12-14 22:15,10237
2018-12-14 22:20,10170
2018-12-14 22:25,10137
2018-12-14 22:30,10137
2018-12-14 22:35,9942
2018-12-14 22:40,9885
2018-12-14 22:45,9885
2018-12-14 22:50,9791
2018-12-14 22:55,9735
2018-12-14 23:00,9664
2018-12-14 23:05,9535
2018-12-14 23:10,9429
2018-12-14 23:15,9429
2018-12-14 23:20,9372
2018-12-14 23:25,9328
2018-12-14 23:30,9263
2018-12-14 23:35,9250
2018-12-14 23:40,9118
2018-12-14 23:45,9070
2018-12-14 23:50,9027
2018-12-14 23:55,8964
2018-12-15 00:00,8919
2018-12-15 00:05,8864
2018-12-15 00:10,8851
2018-12-15 00:15,8802
2018-12-15 00:20,8726
2018-12-15 00:25,8613
2018-12-15 00:30,8553
2018-12-15 00:35,8511
2018-12-15 00:40,8465
2018-12-15 00:45,8449
2018-12-15 00:50,8413
2018-12-15 00:55,8338
2018-12-15 01:00,8308
2018-12-15 01:05,8212
2018-12-15 01:10,8221
2018-12-15 01:15,8174
2018-12-15 01:20,8143
2018-12-15 01:25,8162
2018-12-15 01:30,8152
2018-12-15 01:35,8099
2018-12-15 01:40,8077
2018-12-15 01:45,8119
2018-12-15 01:50,8135
2018-12-15 01:55,8102
2018-12-15 02:00,8047
2018-12-15 02:05,8000
2018-12-15 02:10,8038
2018-12-15 02:15,8005
2018-12-15 02:20,7969
2018-12-15 02:25,7962
2018-12-15 02:30,7964
2018-12-15 02:35,7957
2018-12-15 02:40,7960
2018-12-15 02:45,7926
2018-12-15 02:50,7932
2018-12-15 02:55,7922
2018-12-15 03:00,7874
2018-12-15 03:05,7825
2018-12-15 03:10,7741
2018-12-15 03:15,7719
2018-12-15 03:20,7674
2018-12-15 03:25,7633
2018-12-15 03:30,7535
2018-12-15 03:35,7509
2018-12-15 03:40,7483
2018-12-15 03:45,7436
2018-12-15 03:50,7452
2018-12-15 03:55,7407
2018-12-15 04:00,7434
2018-12-15 04:05,7459
2018-12-15 04:10,7387
2018-12-15 04:15,7324
2018-12-15 04:20,7246
2018-12-15 04:25,7200
2018-12-15 04:30,7132
2018-12-15 04:35,7024
2018-12-15 04:40,7042
2018-12-15 04:45,6996
2018-12-15 04:50,6917
2018-12-15 04:55,6860
2018-12-15 05:00,6770
2018-12-15 05:05,6696
2018-12-15 05:10,6597
2018-12-15 05:15,6521
2018-12-15 05:20,6400
2018-12-15 05:25,6316
2018-12-15 05:30,6281
2018-12-15 05:35,6210
2018-12-15 05:40,6124
2018-12-15 05:45,6085
2018-12-15 05:50,6030
2018-12-15 05:55,5929
2018-12-15 06:00,5850
2018-12-15 06:05,5722
2018-12-15 06:10,5658
2018-12-15 06:15,5572
2018-12-15 06:20,5477
2018-12-15 06:25,5398
2018-12-15 06:30,5337
2018-12-15 06:35,5245
2018-12-15 06:40,5201
2018-12-15 06:45,5168
2018-12-15 06:50,5117
2018-12-15 06:55,5089
2018-12-15 07:00,5056
2018-12-15 07:05,4988
2018-12-15 07:10,4933
2018-12-15 07:15,4863
2018-12-15 07:20,4813
2018-12-15 07:25,4764
2018-12-15 07:30,4706
2018-12-15 07:35,4658
2018-12-15 07:40,4615
2018-12-15 07:45,4596
2018-12-15 07:50,4515
2018-12-15 07:55,4503
2018-12-15 08:00,4451
2018-12-15 08:05,4446
2018-12-15 08:10,4469
2018-12-15 08:15,4419
2018-12-15 08:20,4354
2018-12-15 08:25,4281
2018-12-15 08:30,4289
2018-12-15 08:35,4266
2018-12-15 08:40,4265
2018-12-15 08:45,4239
2018-12-15 08:50,4246
2018-12-15 08:55,4259
2018-12-15 09:00,4258
2018-12-15 09:05,4316
2018-12-15 09:10,4285
2018-12-15 09:15,4306
2018-12-15 09:20,4346
2018-12-15 09:25,4390
2018-12-15 09:30,4346
2018-12-15 09:35,4374
2018-12-15 09:40,4436
2018-12-15 09:45,4436
2018-12-15 09:50,4558
2018-12-15 09:55,4558
2018-12-15 10:00,4599
2018-12-15 10:05,4696
2018-12-15 10:10,4733
2018-12-15 10:15,4806
2018-12-15 10:20,4891
2018-12-15 10:25,4927
2018-12-15 10:30,5027
2018-12-15 10:35,5053
2018-12-15 10:40,5083
2018-12-15 10:45,5149
2018-12-15 10:50,5160
2018-12-15 10:55,5238
2018-12-15 11:00,5314
2018-12-15 11:05,5320
2018-12-15 11:10,5369
2018-12-15 11:15,5446
2018-12-15 11:20,5528
2018-12-15 11:25,5581
2018-12-15 11:30,5674
2018-12-15 11:35,5752
2018-12-15 11:40,5751
2018-12-15 11:45,5776
2018-12-15 11:50,5828
2018-12-15 11:55,5898
2018-12-15 12:00,5916
2018-12-15 12:05,5954
2018-12-15 12:10,5967
2018-12-15 12:15,5967
2018-12-15 12:20,6045
2018-12-15 12:25,6155
2018-12-15 12:30,6155
2018-12-15 12:35,6367
2018-12-15 12:40,6464
2018-12-15 12:45,6464
2018-12-15 12:50,6538
2018-12-15 12:55,6589
2018-12-15 13:00,6631
2018-12-15 13:05,6651
2018-12-15 13:10,6806
2018-12-15 13:15,6806
2018-12-15 13:20,6937
2018-12-15 13:25,6937
2018-12-15 13:30,7010
2018-12-15 13:35,7032
2018-12-15 13:40,7067
2018-12-15 13:45,7067
2018-12-15 13:50,7166
2018-12-15 13:55,7166
2018-12-15 14:00,7365
2018-12-15 14:05,7365
2018-12-15 14:10,7568
2018-12-15 14:15,7568
2018-12-15 14:20,7664
2018-12-15 14:25,7808
2018-12-15 14:30,7808
2018-12-15 14:35,7956
2018-12-15 14:40,8069
2018-12-15 14:45,8069
2018-12-15 14:50,8233
2018-12-15 14:55,8233
2018-12-15 15:00,8262
2018-12-15 15:05,8275
2018-12-15 15:10,8340
2018-12-15 15:15,8388
2018-12-15 15:20,8369
2018-12-15 15:25,8439
2018-12-15 15:30,8573
2018-12-15 15:35,8649
2018-12-15 15:40,8673
2018-12-15 15:45,8673
2018-12-15 15:50,8763
2018-12-15 15:55,8816
2018-12-15 16:00,8927
2018-12-15 16:05,8903
2018-12-15 16:10,8903
2018-12-15 16:15,8911
2018-12-15 16:20,8962
2018-12-15 16:25,9030
2018-12-15 16:30,9085
2018-12-15 16:35,9251
2018-12-15 16:40,9261
2018-12-15 16:45,9261
2018-12-15 16:50,9304
2018-12-15 16:55,9298
2018-12-15 17:00,9345
2018-12-15 17:05,9392
2018-12-15 17:10,9392
2018-12-15 17:15,9350
2018-12-15 17:20,9494
2018-12-15 17:25,9494
2018-12-15 17:30,9585
2018-12-15 17:35,9720
2018-12-15 17:40,9755
2018-12-15 17:45,9755
2018-12-15 17:50,9774
2018-12-15 17:55,9805
2018-12-15 18:00,9924
2018-12-15 18:05,10025
2018-12-15 18:10,10025
2018-12-15 18:15,10031
2018-12-15 18:20,10013
2018-12-15 18:25,10154
2018-12-15 18:30,10156
2018-12-15 18:35,10225
2018-12-15 18:40,10253
2018-12-15 18:45,10277
2018-12-15 18:50,10283
2018-12-15 18:55,10318
2018-12-15 19:00,10315
2018-12-15 19:05,10377
2018-12-15 19:10,10393
2018-12-15 19:15,10422
2018-12-15 19:20,10448
2018-12-15 19:25,10544
2018-12-15 19:30,10601
2018-12-15 19:35,10662
2018-12-15 19:40,10696
2018-12-15 19:45,10699
2018-12-15 19:50,10727
2018-12-15 19:55,10682
2018-12-15 20:00,10745
2018-12-15 20:05,10753
2018-12-15 20:10,10776
2018-12-15 20:15,10802
2018-12-15 20:20,10728
2018-12-15 20:25,10752
2018-12-15 20:30,10698
2018-12-15 20:35,10668
2018-12-15 20:40,10748
2018-12-15 20:45,10728
2018-12-15 20:50,10747
2018-12-15 20:55,10767
2018-12-15 21:00,10749
2018-12-15 21:05,10795
2018-12-15 21:10,10699
2018-12-15 21:15,10699
2018-12-15 21:20,10668
2018-12-15 21:25,10625
2018-12-15 21:30,10635
2018-12-15 21:35,10708
2018-12-15 21:40,10663
2018-12-15 21:45,10653
2018-12-15 21:50,10643
2018-12-15 21:55,10597
2018-12-15 22:00,10617
2018-12-15 22:05,10571
2018-12-15 22:10,10523
2018-12-15 22:15,10499
2018-12-15 22:20,10424
2018-12-15 22:25,10317
2018-12-15 22:30,10187
2018-12-15 22:35,10173
2018-12-15 22:40,10111
2018-12-15 22:45,10057
2018-12-15 22:50,9981
2018-12-15 22:55,9949
2018-12-15 23:00,9900
2018-12-15 23:05,9849
2018-12-15 23:10,9766
2018-12-15 23:15,9608
2018-12-15 23:20,9549
2018-12-15 23:25,9463
2018-12-15 23:30,9372
2018-12-15 23:35,9276
2018-12-15 23:40,9192
2018-12-15 23:45,9139
2018-12-15 23:50,9104
2018-12-15 23:55,8992
2018-12-16 00:00,8877
2018-12-16 00:05,8877
2018-12-16 00:10,8715
2018-12-16 00:15,8680
2018-12-16 00:20,8628
2018-12-16 00:25,8545
2018-12-16 00:30,8512
2018-12-16 00:35,8438
2018-12-16 00:40,8428
2018-12-16 00:45,8349
2018-12-16 00:50,8307
2018-12-16 00:55,8255
2018-12-16 01:00,8148
2018-12-16 01:05,8059
2018-12-16 01:10,8037
2018-12-16 01:15,7988
2018-12-16 01:20,7959
2018-12-16 01:25,7855
2018-12-16 01:30,7819
2018-12-16 01:35,7792
2018-12-16 01:40,7771
2018-12-16 01:45,7717
2018-12-16 01:50,7684
2018-12-16 01:55,7654
2018-12-16 02:00,7608
2018-12-16 02:05,7562
2018-12-16 02:10,7510
2018-12-16 02:15,7496
2018-12-16 02:20,7522
2018-12-16 02:25,7442
2018-12-16 02:30,7503
2018-12-16 02:35,7447
2018-12-16 02:40,7430
2018-12-16 02:45,7375
2018-12-16 02:50,7325
2018-12-16 02:55,7292
2018-12-16 03:00,7301
2018-12-16 03:05,7346
2018-12-16 03:10,7288
2018-12-16 03:15,7303
2018-12-16 03:20,7246
2018-12-16 03:25,7291
2018-12-16 03:30,7267
2018-12-16 03:35,7213
2018-12-16 03:40,7220
2018-12-16 03:45,7193
2018-12-16 03:50,7158
2018-12-16 03:55,7116
2018-12-16 04:00,7096
2018-12-16 04:05,7068
2018-12-16 04:10,7074
2018-12-16 04:15,7057
2018-12-16 04:20,6989
2018-12-16 04:25,7007
2018-12-16 04:30,6960
2018-12-16 04:35,6955
2018-12-16 04:40,6898
2018-12-16 04:45,6865
2018-12-16 04:50,6844
2018-12-16 04:55,6736
2018-12-16 05:00,6659
2018-12-16 05:05,6591
2018-12-16 05:10,6497
2018-12-16 05:15,6439
2018-12-16 05:20,6353
2018-12-16 05:25,6326
2018-12-16 05:30,6295
2018-12-16 05:35,6193
2018-12-16 05:40,6144
2018-12-16 05:45,6063
2018-12-16 05:50,6042
2018-12-16 05:55,5976
2018-12-16 06:00,5941
2018-12-16 06:05,5893
2018-12-16 06:10,5810
2018-12-16 06:15,5748
2018-12-16 06:20,5715
2018-12-16 06:25,5645
2018-12-16 06:30,5603
2018-12-16 06:35,5523
2018-12-16 06:40,5503
2018-12-16 06:45,5404
2018-12-16 06:50,5373
2018-12-16 06:55,5339
2018-12-16 07:00,5215
2018-12-16 07:05,5131
2018-12-16 07:10,5090
2018-12-16 07:15,5068
2018-12-16 07:20,5035
2018-12-16 07:25,4962
2018-12-16 07:30,4908
2018-12-16 07:35,4848
2018-12-16 07:40,4819
2018-12-16 07:45,4725
2018-12-16 07:50,4690
2018-12-16 07:55,4712
2018-12-16 08:00,4671
2018-12-16 08:05,4629
2018-12-16 08:10,4621
2018-12-16 08:15,4577
2018-12-16 08:20,4571
2018-12-16 08:25,4541
2018-12-16 08:30,4496
2018-12-16 08:35,4504
2018-12-16 08:40,4475
2018-12-16 08:45,4458
2018-12-16 08:50,4409
2018-12-16 08:55,4433
2018-12-16 09:00,4367
2018-12-16 09:05,4322
2018-12-16 09:10,4339
2018-12-16 09:15,4410
2018-12-16 09:20,4476
2018-12-16 09:25,4481
2018-12-16 09:30,4541
2018-12-16 09:35,4554
2018-12-16 09:40,4576
2018-12-16 09:45,4627
2018-12-16 09:50,4650
2018-12-16 09:55,4757
2018-12-16 10:00,4797
2018-12-16 10:05,4868
2018-12-16 10:10,4910
2018-12-16 10:15,4986
2018-12-16 10:20,5040
2018-12-16 10:25,5110
2018-12-16 10:30,5199
2018-12-16 10:35,5274
2018-12-16 10:40,5332
2018-12-16 10:45,5385
2018-12-16 10:50,5476
2018-12-16 10:55,5491
2018-12-16 11:00,5525
2018-12-16 11:05,5598
2018-12-16 11:10,5622
2018-12-16 11:15,5697
2018-12-16 11:20,5762
2018-12-16 11:25,5823
2018-12-16 11:30,5904
2018-12-16 11:35,5980
2018-12-16 11:40,6005
2018-12-16 11:45,6055
2018-12-16 11:50,6149
2018-12-16 11:55,6214
2018-12-16 12:00,6261
2018-12-16 12:05,6342
2018-12-16 12:10,6410
2018-12-16 12:15,6463
2018-12-16 12:20,6546
2018-12-16 12:25,6655
2018-12-16 12:30,6664
2018-12-16 12:35,6742
2018-12-16 12:40,6778
2018-12-16 12:45,6860
2018-12-16 12:50,6898
2018-12-16 12:55,6964
2018-12-16 13:00,7001
2018-12-16 13:05,6985
2018-12-16 13:10,7031
2018-12-16 13:15,7082
2018-12-16 13:20,7134
2018-12-16 13:25,7239
2018-12-16 13:30,7275
2018-12-16 13:35,7360
2018-12-16 13:40,7415
2018-12-16 13:45,7419
2018-12-16 13:50,7419
2018-12-16 13:55,7514
2018-12-16 14:00,7628
2018-12-16 14:05,7658
2018-12-16 14:10,7713
2018-12-16 14:15,7756
2018-12-16 14:20,7865
2018-12-16 14:25,7968
2018-12-16 14:30,8031
2018-12-16 14:35,8130
2018-12-16 14:40,8214
2018-12-16 14:45,8246
2018-12-16 14:50,8254
2018-12-16 14:55,8306
2018-12-16 15:00,8339
2018-12-16 15:05,8392
2018-12-16 15:10,8505
2018-12-16 15:15,8645
2018-12-16 15:20,8705
2018-12-16 15:25,8774
2018-12-16 15:30,8885
2018-12-16 15:35,8999
2018-12-16 15:40,9051
2018-12-16 15:45,9098
2018-12-16 15:50,9176
2018-12-16 15:55,9213
2018-12-16 16:00,9253
2018-12-16 16:05,9275
2018-12-16 16:10,9253
2018-12-16 16:15,9290
2018-12-16 16:20,9307
2018-12-16 16:25,9340
2018-12-16 16:30,9393
2018-12-16 16:35,9509
2018-12-16 16:40,9595
2018-12-16 16:45,9590
2018-12-16 16:50,9659
2018-12-16 16:55,9669
2018-12-16 17:00,9770
2018-12-16 17:05,9880
2018-12-16 17:10,9907
2018-12-16 17:15,10004
2018-12-16 17:20,10022
2018-12-16 17:25,10055
2018-12-16 17:30,10145
2018-12-16 17:35,10253
2018-12-16 17:40,10361
2018-12-16 17:45,10453
2018-12-16 17:50,10553
2018-12-16 17:55,10555
2018-12-16 18:00,10571
2018-12-16 18:05,10609
2018-12-16 18:10,10602
2018-12-16 18:15,10734
2018-12-16 18:20,10755
2018-12-16 18:25,10792
2018-12-16 18:30,10798
2018-12-16 18:35,10797
2018-12-16 18:40,10872
2018-12-16 18:45,10872
2018-12-16 18:50,10913
2018-12-16 18:55,10942
2018-12-16 19:00,11029
2018-12-16 19:05,11088
2018-12-16 19:10,11060
2018-12-16 19:15,11162
2018-12-16 19:20,11154
2018-12-16 19:25,11222
2018-12-16 19:30,11280
2018-12-16 19:35,11284
2018-12-16 19:40,11305
2018-12-16 19:45,11345
2018-12-16 19:50,11326
2018-12-16 19:55,11334
2018-12-16 20:00,11293
2018-12-16 20:05,11297
2018-12-16 20:10,11312
2018-12-16 20:15,11296
2018-12-16 20:20,11290
2018-12-16 20:25,11265
2018-12-16 20:30,11227
2018-12-16 20:35,11216
2018-12-16 20:40,11270
2018-12-16 20:45,11258
2018-12-16 20:50,11238
2018-12-16 20:55,11209
2018-12-16 21:00,11101
2018-12-16 21:05,11095
2018-12-16 21:10,11022
2018-12-16 21:15,10971
2018-12-16 21:20,10870
2018-12-16 21:25,10851
2018-12-16 21:30,10723
2018-12-16 21:35,10692
2018-12-16 21:40,10647
2018-12-16 21:45,10502
2018-12-16 21:50,10464
2018-12-16 21:55,10353
2018-12-16 22:00,10297
2018-12-16 22:05,10214
2018-12-16 22:10,10131
2018-12-16 22:15,10044
2018-12-16 22:20,9961
2018-12-16 22:25,9849
2018-12-16 22:30,9746
2018-12-16 22:35,9675
2018-12-16 22:40,9591
2018-12-16 22:45,9509
2018-12-16 22:50,9426
2018-12-16 22:55,9417
2018-12-16 23:00,9311
2018-12-16 23:05,9200
2018-12-16 23:10,9095
2018-12-16 23:15,8920
2018-12-16 23:20,8890
2018-12-16 23:25,8792
2018-12-16 23:30,8748
2018-12-16 23:35,8686
2018-12-16 23:40,8673
2018-12-16 23:45,8672
2018-12-16 23:50,8645
2018-12-16 23:55,8558
2018-12-17 00:00,8489
2018-12-17 00:05,8451
2018-12-17 00:10,8368
2018-12-17 00:15,8283
2018-12-17 00:20,8208
2018-12-17 00:25,8143
2018-12-17 00:30,8104
2018-12-17 00:35,8044
2018-12-17 00:40,8003
2018-12-17 00:45,7953
2018-12-17 00:50,7909
2018-12-17 00:55,7905
2018-12-17 01:00,7883
2018-12-17 01:05,7872
2018-12-17 01:10,7831
2018-12-17 01:15,7759
2018-12-17 01:20,7716
2018-12-17 01:25,7716
2018-12-17 01:30,7794
2018-12-17 01:35,7774
2018-12-17 01:40,7736
2018-12-17 01:45,7729
2018-12-17 01:50,7713
2018-12-17 01:55,7638
2018-12-17 02:00,7607
2018-12-17 02:05,7589
2018-12-17 02:10,7587
2018-12-17 02:15,7612
2018-12-17 02:20,7599
2018-12-17 02:25,7623
2018-12-17 02:30,7615
2018-12-17 02:35,7541
2018-12-17 02:40,7549
2018-12-17 02:45,7565
2018-12-17 02:50,7512
2018-12-17 02:55,7474
2018-12-17 03:00,7426
2018-12-17 03:05,7353
2018-12-17 03:10,7256
2018-12-17 03:15,7185
2018-12-17 03:20,7147
2018-12-17 03:25,7110
2018-12-17 03:30,7064
2018-12-17 03:35,6962
2018-12-17 03:40,6923
2018-12-17 03:45,6864
2018-12-17 03:50,6808
2018-12-17 03:55,6758
2018-12-17 04:00,6668
2018-12-17 04:05,6550
2018-12-17 04:10,6524
2018-12-17 04:15,6485
2018-12-17 04:20,6403
2018-12-17 04:25,6373
2018-12-17 04:30,6301
2018-12-17 04:35,6209
2018-12-17 04:40,6144
2018-12-17 04:45,6021
2018-12-17 04:50,5895
2018-12-17 04:55,5865
2018-12-17 05:00,5832
2018-12-17 05:05,5703
2018-12-17 05:10,5557
2018-12-17 05:15,5469
2018-12-17 05:20,5371
2018-12-17 05:25,5268
2018-12-17 05:30,5229
2018-12-17 05:35,5146
2018-12-17 05:40,5054
2018-12-17 05:45,4957
2018-12-17 05:50,4926
2018-12-17 05:55,4847
2018-12-17 06:00,4731
2018-12-17 06:05,4658
2018-12-17 06:10,4608
2018-12-17 06:15,4532
2018-12-17 06:20,4501
2018-12-17 06:25,4417
2018-12-17 06:30,4369
2018-12-17 06:35,4332
2018-12-17 06:40,4276
2018-12-17 06:45,4233
2018-12-17 06:50,4182
2018-12-17 06:55,4085
2018-12-17 07:00,4056
2018-12-17 07:05,3978
2018-12-17 07:10,3893
2018-12-17 07:15,3833
2018-12-17 07:20,3788
2018-12-17 07:25,3739
2018-12-17 07:30,3683
2018-12-17 07:35,3628
2018-12-17 07:40,3604
2018-12-17 07:45,3528
2018-12-17 07:50,3502
2018-12-17 07:55,3485
2018-12-17 08:00,3385
2018-12-17 08:05,3367
2018-12-17 08:10,3337
2018-12-17 08:15,3285
2018-12-17 08:20,3275
2018-12-17 08:25,3247
2018-12-17 08:30,3215
2018-12-17 08:35,3198
2018-12-17 08:40,3214
2018-12-17 08:45,3197
2018-12-17 08:50,3198
2018-12-17 08:55,3176
2018-12-17 09:00,3187
2018-12-17 09:05,3152
2018-12-17 09:10,3207
2018-12-17 09:15,3181
2018-12-17 09:20,3214
2018-12-17 09:25,3209
2018-12-17 09:30,3186
2018-12-17 09:35,3195
2018-12-17 09:40,3178
2018-12-17 09:45,3233
2018-12-17 09:50,3256
2018-12-17 09:55,3238
2018-12-17 10:00,3233
2018-12-17 10:05,3256
2018-12-17 10:10,3253
2018-12-17 10:15,3273
2018-12-17 10:20,3290
2018-12-17 10:25,3340
2018-12-17 10:30,3352
2018-12-17 10:35,3347
2018-12-17 10:40,3384
2018-12-17 10:45,3428
2018-12-17 10:50,3452
2018-12-17 10:55,3499
2018-12-17 11:00,3573
2018-12-17 11:05,3598
2018-12-17 11:10,3619
2018-12-17 11:15,3602
2018-12-17 11:20,3647
2018-12-17 11:25,3676
2018-12-17 11:30,3723
2018-12-17 11:35,3762
2018-12-17 11:40,3835
2018-12-17 11:45,3835
2018-12-17 11:50,3906
2018-12-17 11:55,3994
2018-12-17 12:00,4012
2018-12-17 12:05,4041
2018-12-17 12:10,4050
2018-12-17 12:15,4066
2018-12-17 12:20,4092
2018-12-17 12:25,4122
2018-12-17 12:30,4165
2018-12-17 12:35,4205
2018-12-17 12:40,4259
2018-12-17 12:45,4271
2018-12-17 12:50,4347
2018-12-17 12:55,4421
2018-12-17 13:00,4464
2018-12-17 13:05,4543
2018-12-17 13:10,4619
2018-12-17 13:15,4714
2018-12-17 13:20,4781
2018-12-17 13:25,4805
2018-12-17 13:30,4912
2018-12-17 13:35,4970
2018-12-17 13:40,5048
2018-12-17 13:45,5094
2018-12-17 13:50,5198
2018-12-17 13:55,5301
2018-12-17 14:00,5359
2018-12-17 14:05,5418
2018-12-17 14:10,5482
2018-12-17 14:15,5540
2018-12-17 14:20,5615
2018-12-17 14:25,5664
2018-12-17 14:30,5737
2018-12-17 14:35,5783
2018-12-17 14:40,5873
2018-12-17 14:45,5965
2018-12-17 14:50,6081
2018-12-17 14:55,6123
2018-12-17 15:00,6191
2018-12-17 15:05,6241
2018-12-17 15:10,6314
2018-12-17 15:15,6330
2018-12-17 15:20,6437
2018-12-17 15:25,6445
2018-12-17 15:30,6513
2018-12-17 15:35,6558
2018-12-17 15:40,6630
2018-12-17 15:45,6700
2018-12-17 15:50,6731
2018-12-17 15:55,6805
2018-12-17 16:00,6859
2018-12-17 16:05,6915
2018-12-17 16:10,6973
2018-12-17 16:15,7065
2018-12-17 16:20,7143
2018-12-17 16:25,7177
2018-12-17 16:30,7287
2018-12-17 16:35,7361
2018-12-17 16:40,7463
2018-12-17 16:45,7519
2018-12-17 16:50,7625
2018-12-17 16:55,7652
2018-12-17 17:00,7725
2018-12-17 17:05,7776
2018-12-17 17:10,7953
2018-12-17 17:15,8021
2018-12-17 17:20,8095
2018-12-17 17:25,8163
2018-12-17 17:30,8221
2018-12-17 17:35,8378
2018-12-17 17:40,8458
2018-12-17 17:45,8514
2018-12-17 17:50,8595
2018-12-17 17:55,8667
2018-12-17 18:00,8741
2018-12-17 18:05,8776
2018-12-17 18:10,8878
2018-12-17 18:15,8954
2018-12-17 18:20,9010
2018-12-17 18:25,9090
2018-12-17 18:30,9169
2018-12-17 18:35,9229
2018-12-17 18:40,9236
2018-12-17 18:45,9273
2018-12-17 18:50,9281
2018-12-17 18:55,9348
2018-12-17 19:00,9393
2018-12-17 19:05,9475
2018-12-17 19:10,9519
2018-12-17 19:15,9517
2018-12-17 19:20,9617
2018-12-17 19:25,9633
2018-12-17 19:30,9655
2018-12-17 19:35,9726
2018-12-17 19:40,9782
2018-12-17 19:45,9881
2018-12-17 19:50,9946
2018-12-17 19:55,9951
2018-12-17 20:00,9893
2018-12-17 20:05,9891
2018-12-17 20:10,9800
2018-12-17 20:15,9848
2018-12-17 20:20,9875
2018-12-17 20:25,9918
2018-12-17 20:30,9892
2018-12-17 20:35,9895
2018-12-17 20:40,9916
2018-12-17 20:45,9891
2018-12-17 20:50,9888
2018-12-17 20:55,9858
2018-12-17 21:00,9843
2018-12-17 21:05,9836
2018-12-17 21:10,9771
2018-12-17 21:15,9724
2018-12-17 21:20,9731
2018-12-17 21:25,9722
2018-12-17 21:30,9724
2018-12-17 21:35,9632
2018-12-17 21:40,9470
2018-12-17 21:45,9342
2018-12-17 21:50,9291
2018-12-17 21:55,9187
2018-12-17 22:00,9216
2018-12-17 22:05,9195
2018-12-17 22:10,9170
2018-12-17 22:15,9094
2018-12-17 22:20,9068
2018-12-17 22:25,9048
2018-12-17 22:30,8949
2018-12-17 22:35,8894
2018-12-17 22:40,8836
2018-12-17 22:45,8745
2018-12-17 22:50,8672
2018-12-17 22:55,8587
2018-12-17 23:00,8492
2018-12-17 23:05,8437
2018-12-17 23:10,8390
2018-12-17 23:15,8291
2018-12-17 23:20,8251
2018-12-17 23:25,8205
2018-12-17 23:30,8169
2018-12-17 23:35,8190
2018-12-17 23:40,8100
2018-12-17 23:45,8046
2018-12-17 23:50,7980
2018-12-17 23:55,7984
2018-12-18 00:00,7887
2018-12-18 00:05,7867
2018-12-18 00:10,7837
2018-12-18 00:15,7818
2018-12-18 00:20,7781
2018-12-18 00:25,7817
2018-12-18 00:30,7838
2018-12-18 00:35,7818
2018-12-18 00:40,7789
2018-12-18 00:45,7810
2018-12-18 00:50,7713
2018-12-18 00:55,7655
2018-12-18 01:00,7640
2018-12-18 01:05,7657
2018-12-18 01:10,7650
2018-12-18 01:15,7567
2018-12-18 01:20,7549
2018-12-18 01:25,7491
2018-12-18 01:30,7442
2018-12-18 01:35,7447
2018-12-18 01:40,7471
2018-12-18 01:45,7410
2018-12-18 01:50,7412
2018-12-18 01:55,7427
2018-12-18 02:00,7412
2018-12-18 02:05,7421
2018-12-18 02:10,7389
2018-12-18 02:15,7330
2018-12-18 02:20,7325
2018-12-18 02:25,7319
2018-12-18 02:30,7336
2018-12-18 02:35,7287
2018-12-18 02:40,7319
2018-12-18 02:45,7307
2018-12-18 02:50,7353
2018-12-18 02:55,7300
2018-12-18 03:00,7258
2018-12-18 03:05,7230
2018-12-18 03:10,7143
2018-12-18 03:15,7050
2018-12-18 03:20,7037
2018-12-18 03:25,7002
2018-12-18 03:30,6932
2018-12-18 03:35,6858
2018-12-18 03:40,6763
2018-12-18 03:45,6714
2018-12-18 03:50,6635
2018-12-18 03:55,6565
2018-12-18 04:00,6499
2018-12-18 04:05,6385
2018-12-18 04:10,6296
2018-12-18 04:15,6261
2018-12-18 04:20,6194
2018-12-18 04:25,6147
2018-12-18 04:30,6040
2018-12-18 04:35,5946
2018-12-18 04:40,5914
2018-12-18 04:45,5881
2018-12-18 04:50,5836
2018-12-18 04:55,5762
2018-12-18 05:00,5712
2018-12-18 05:05,5647
2018-12-18 05:10,5547
2018-12-18 05:15,5468
2018-12-18 05:20,5380
2018-12-18 05:25,5288
2018-12-18 05:30,5205
2018-12-18 05:35,5188
2018-12-18 05:40,5125
2018-12-18 05:45,5052
2018-12-18 05:50,4941
2018-12-18 05:55,4840
2018-12-18 06:00,4743
2018-12-18 06:05,4668
2018-12-18 06:10,4579
2018-12-18 06:15,4501
2018-12-18 06:20,4430
2018-12-18 06:25,4380
2018-12-18 06:30,4292
2018-12-18 06:35,4215
2018-12-18 06:40,4150
2018-12-18 06:45,4078
2018-12-18 06:50,4020
2018-12-18 06:55,3934
2018-12-18 07:00,3853
2018-12-18 07:05,3801
2018-12-18 07:10,3686
2018-12-18 07:15,3636
2018-12-18 07:20,3551
2018-12-18 07:25,3480
2018-12-18 07:30,3483
2018-12-18 07:35,3436
2018-12-18 07:40,3374
2018-12-18 07:45,3322
2018-12-18 07:50,3318
2018-12-18 07:55,3308
2018-12-18 08:00,3279
2018-12-18 08:05,3241
2018-12-18 08:10,3221
2018-12-18 08:15,3187
2018-12-18 08:20,3183
2018-12-18 08:25,3127
2018-12-18 08:30,3108
2018-12-18 08:35,3081
2018-12-18 08:40,3060
2018-12-18 08:45,3037
2018-12-18 08:50,3034
2018-12-18 08:55,3006
2018-12-18 09:00,2984
2018-12-18 09:05,3043
2018-12-18 09:10,3057
2018-12-18 09:15,3084
2018-12-18 09:20,3114
2018-12-18 09:25,3166
2018-12-18 09:30,3119
2018-12-18 09:35,3129
2018-12-18 09:40,3100
2018-12-18 09:45,3134
2018-12-18 09:50,3155
2018-12-18 09:55,3154
2018-12-18 10:00,3203
2018-12-18 10:05,3243
2018-12-18 10:10,3272
2018-12-18 10:15,3308
2018-12-18 10:20,3361
2018-12-18 10:25,3405
2018-12-18 10:30,3433
2018-12-18 10:35,3486
2018-12-18 10:40,3484
2018-12-18 10:45,3508
2018-12-18 10:50,3529
2018-12-18 10:55,3577
2018-12-18 11:00,3632
2018-12-18 11:05,3649
2018-12-18 11:10,3683
2018-12-18 11:15,3691
2018-12-18 11:20,3707
2018-12-18 11:25,3789
2018-12-18 11:30,3854
2018-12-18 11:35,3885
2018-12-18 11:40,3944
2018-12-18 11:45,3956
2018-12-18 11:50,3981
2018-12-18 11:55,4032
2018-12-18 12:00,4064
2018-12-18 12:05,4126
2018-12-18 12:10,4215
2018-12-18 12:15,4255
2018-12-18 12:20,4295
2018-12-18 12:25,4325
2018-12-18 12:30,4349
2018-12-18 12:35,4388
2018-12-18 12:40,4412
2018-12-18 12:45,4462
2018-12-18 12:50,4475
2018-12-18 12:55,4568
2018-12-18 13:00,4678
2018-12-18 13:05,4760
2018-12-18 13:10,4809
2018-12-18 13:15,4896
2018-12-18 13:20,4988
2018-12-18 13:25,5079
2018-12-18 13:30,5124
2018-12-18 13:35,5161
2018-12-18 13:40,5197
2018-12-18 13:45,5260
2018-12-18 13:50,5303
2018-12-18 13:55,5355
2018-12-18 14:00,5424
2018-12-18 14:05,5533
2018-12-18 14:10,5601
2018-12-18 14:15,5678
2018-12-18 14:20,5730
2018-12-18 14:25,5760
2018-12-18 14:30,5829
2018-12-18 14:35,5842
2018-12-18 14:40,5942
2018-12-18 14:45,6006
2018-12-18 14:50,6083
2018-12-18 14:55,6162
2018-12-18 15:00,6229
2018-12-18 15:05,6327
2018-12-18 15:10,6403
2018-12-18 15:15,6442
2018-12-18 15:20,6509
2018-12-18 15:25,6530
2018-12-18 15:30,6593
2018-12-18 15:35,6641
2018-12-18 15:40,6676
2018-12-18 15:45,6740
2018-12-18 15:50,6821
2018-12-18 15:55,6914
2018-12-18 16:00,6948
2018-12-18 16:05,7004
2018-12-18 16:10,7098
2018-12-18 16:15,7158
2018-12-18 16:20,7228
2018-12-18 16:25,7309
2018-12-18 16:30,7382
2018-12-18 16:35,7470
2018-12-18 16:40,7539
2018-12-18 16:45,7588
2018-12-18 16:50,7724
2018-12-18 16:55,7841
2018-12-18 17:00,7883
2018-12-18 17:05,7943
2018-12-18 17:10,8019
2018-12-18 17:15,8111
2018-12-18 17:20,8218
2018-12-18 17:25,8322
2018-12-18 17:30,8412
2018-12-18 17:35,8481
2018-12-18 17:40,8499
2018-12-18 17:45,8497
2018-12-18 17:50,8474
2018-12-18 17:55,8573
2018-12-18 18:00,8655
2018-12-18 18:05,8701
2018-12-18 18:10,8762
2018-12-18 18:15,8829
2018-12-18 18:20,8888
2018-12-18 18:25,8991
2018-12-18 18:30,9078
2018-12-18 18:35,9132
2018-12-18 18:40,9197
2018-12-18 18:45,9305
2018-12-18 18:50,9344
2018-12-18 18:55,9395
2018-12-18 19:00,9443
2018-12-18 19:05,9492
2018-12-18 19:10,9545
2018-12-18 19:15,9554
2018-12-18 19:20,9576
2018-12-18 19:25,9693
2018-12-18 19:30,9760
2018-12-18 19:35,9797
2018-12-18 19:40,9828
2018-12-18 19:45,9815
2018-12-18 19:50,9776
2018-12-18 19:55,9819
2018-12-18 20:00,9806
2018-12-18 20:05,9845
2018-12-18 20:10,9805
2018-12-18 20:15,9853
2018-12-18 20:20,9834
2018-12-18 20:25,9884
2018-12-18 20:30,9917
2018-12-18 20:35,9862
2018-12-18 20:40,9898
2018-12-18 20:45,9907
2018-12-18 20:50,9861
2018-12-18 20:55,9797
2018-12-18 21:00,9772
2018-12-18 21:05,9791
2018-12-18 21:10,9742
2018-12-18 21:15,9721
2018-12-18 21:20,9731
2018-12-18 21:25,9713
2018-12-18 21:30,9701
2018-12-18 21:35,9618
2018-12-18 21:40,9572
2018-12-18 21:45,9510
2018-12-18 21:50,9502
2018-12-18 21:55,9427
2018-12-18 22:00,9344
2018-12-18 22:05,9324
2018-12-18 22:10,9251
2018-12-18 22:15,9106
2018-12-18 22:20,8978
2018-12-18 22:25,8935
2018-12-18 22:30,8927
2018-12-18 22:35,8800
2018-12-18 22:40,8741
2018-12-18 22:45,8664
2018-12-18 22:50,8597
2018-12-18 22:55,8512
2018-12-18 23:00,8453
2018-12-18 23:05,8405
2018-12-18 23:10,
2018-12-18 23:15,
2018-12-18 23:20,
2018-12-18 23:25,7967
2018-12-18 23:30,7959
2018-12-18 23:35,7968
2018-12-18 23:40,7965
2018-12-18 23:45,7910
2018-12-18 23:50,7841
2018-12-18 23:55,7814
2018-12-19 00:00,7759
2018-12-19 00:05,7706
2018-12-19 00:10,7648
2018-12-19 00:15,7667
2018-12-19 00:20,7600
2018-12-19 00:25,7562
2018-12-19 00:30,7471
2018-12-19 00:35,7462
2018-12-19 00:40,7443
2018-12-19 00:45,7418
2018-12-19 00:50,7424
2018-12-19 00:55,7434
2018-12-19 01:00,7472
2018-12-19 01:05,7451
2018-12-19 01:10,7473
2018-12-19 01:15,7473
2018-12-19 01:20,7453
2018-12-19 01:25,7502
2018-12-19 01:30,7485
2018-12-19 01:35,7519
2018-12-19 01:40,7540
2018-12-19 01:45,7543
2018-12-19 01:50,7599
2018-12-19 01:55,7572
2018-12-19 02:00,7533
2018-12-19 02:05,7516
2018-12-19 02:10,7478
2018-12-19 02:15,7397
2018-12-19 02:20,7332
2018-12-19 02:25,7321
2018-12-19 02:30,7330
2018-12-19 02:35,7309
2018-12-19 02:40,7273
2018-12-19 02:45,7246
2018-12-19 02:50,7254
2018-12-19 02:55,7152
2018-12-19 03:00,7108
2018-12-19 03:05,7058
2018-12-19 03:10,7017
2018-12-19 03:15,6983
2018-12-19 03:20,6967
2018-12-19 03:25,6899
2018-12-19 03:30,6852
2018-12-19 03:35,6823
2018-12-19 03:40,6774
2018-12-19 03:45,6720
2018-12-19 03:50,6656
2018-12-19 03:55,6618
2018-12-19 04:00,6512
2018-12-19 04:05,6470
2018-12-19 04:10,6389
2018-12-19 04:15,6287
2018-12-19 04:20,6186
2018-12-19 04:25,6088
2018-12-19 04:30,5992
2018-12-19 04:35,5908
2018-12-19 04:40,5811
2018-12-19 04:45,5724
2018-12-19 04:50,5645
2018-12-19 04:55,5571
2018-12-19 05:00,5471
2018-12-19 05:05,5403
2018-12-19 05:10,5326
2018-12-19 05:15,5258
2018-12-19 05:20,5209
2018-12-19 05:25,5117
2018-12-19 05:30,5065
2018-12-19 05:35,5014
2018-12-19 05:40,5007
2018-12-19 05:45,4915
2018-12-19 05:50,4854
2018-12-19 05:55,4785
2018-12-19 06:00,4730
2018-12-19 06:05,4668
2018-12-19 06:10,4607
2018-12-19 06:15,4473
2018-12-19 06:20,4434
2018-12-19 06:25,4356
2018-12-19 06:30,4294
2018-12-19 06:35,4192
2018-12-19 06:40,4132
2018-12-19 06:45,4069
2018-12-19 06:50,3965
2018-12-19 06:55,3932
2018-12-19 07:00,3820
2018-12-19 07:05,3759
2018-12-19 07:10,3671
2018-12-19 07:15,3611
2018-12-19 07:20,3557
2018-12-19 07:25,3581
2018-12-19 07:30,3488
2018-12-19 07:35,3434
2018-12-19 07:40,3378
2018-12-19 07:45,3373
2018-12-19 07:50,3350
2018-12-19 07:55,3314
2018-12-19 08:00,3253
2018-12-19 08:05,3210
2018-12-19 08:10,3148
2018-12-19 08:15,3085
2018-12-19 08:20,3081
2018-12-19 08:25,3071
2018-12-19 08:30,3040
2018-12-19 08:35,3034
2018-12-19 08:40,2983
2018-12-19 08:45,2993
2018-12-19 08:50,2969
2018-12-19 08:55,2939
2018-12-19 09:00,2941
2018-12-19 09:05,2965
2018-12-19 09:10,3010
2018-12-19 09:15,3027
2018-12-19 09:20,3032
2018-12-19 09:25,3039
2018-12-19 09:30,3084
2018-12-19 09:35,3108
2018-12-19 09:40,3145
2018-12-19 09:45,3172
2018-12-19 09:50,3178
2018-12-19 09:55,3235
2018-12-19 10:00,3251
2018-12-19 10:05,3249
2018-12-19 10:10,3255
2018-12-19 10:15,3284
2018-12-19 10:20,3301
2018-12-19 10:25,3302
2018-12-19 10:30,3327
2018-12-19 10:35,3360
2018-12-19 10:40,3366
2018-12-19 10:45,3359
2018-12-19 10:50,3383
2018-12-19 10:55,3400
2018-12-19 11:00,3422
2018-12-19 11:05,3409
2018-12-19 11:10,3409
2018-12-19 11:15,3396
2018-12-19 11:20,3346
2018-12-19 11:25,3311
2018-12-19 11:30,3283
2018-12-19 11:35,2920
2018-12-19 11:40,2315
2018-12-19 11:45,1870
2018-12-19 11:50,1400
2018-12-19 11:55,1158
2018-12-19 12:00,964
2018-12-19 12:05,855
2018-12-19 12:10,844
2018-12-19 12:15,846
2018-12-19 12:20,829
2018-12-19 12:25,818
2018-12-19 12:30,845
2018-12-19 12:35,883
2018-12-19 12:40,851
2018-12-19 12:45,863
2018-12-19 12:50,888
2018-12-19 12:55,850
2018-12-19 13:00,882
2018-12-19 13:05,918
2018-12-19 13:10,896
2018-12-19 13:15,950
2018-12-19 13:20,934
2018-12-19 13:25,948
2018-12-19 13:30,957
2018-12-19 13:35,954
2018-12-19 13:40,963
2018-12-19 13:45,978
2018-12-19 13:50,977
2018-12-19 13:55,1002
2018-12-19 14:00,1014
2018-12-19 14:05,1031
2018-12-19 14:10,1059
2018-12-19 14:15,1043
2018-12-19 14:20,1071
2018-12-19 14:25,1075
2018-12-19 14:30,1034
2018-12-19 14:35,1080
2018-12-19 14:40,962
2018-12-19 14:45,851
2018-12-19 14:50,772
2018-12-19 14:55,819
2018-12-19 15:00,1035
2018-12-19 15:05,1421
2018-12-19 15:10,2038
2018-12-19 15:15,2610
2018-12-19 15:20,3214
2018-12-19 15:25,3701
2018-12-19 15:30,4191
2018-12-19 15:35,4628
2018-12-19 15:40,5017
2018-12-19 15:45,5381
2018-12-19 15:50,5768
2018-12-19 15:55,6059
2018-12-19 16:00,6391
2018-12-19 16:05,6636
2018-12-19 16:10,6904
2018-12-19 16:15,7095
2018-12-19 16:20,7270
2018-12-19 16:25,
2018-12-19 16:30,
2018-12-19 16:35,7881
2018-12-19 16:40,8033
2018-12-19 16:45,8175
2018-12-19 16:50,8265
2018-12-19 16:55,8376
2018-12-19 17:00,8444
2018-12-19 17:05,8563
2018-12-19 17:10,8612
2018-12-19 17:15,8681
2018-12-19 17:20,8713
2018-12-19 17:25,8794
2018-12-19 17:30,8933
2018-12-19 17:35,9047
2018-12-19 17:40,9153
2018-12-19 17:45,9225
2018-12-19 17:50,9290
2018-12-19 17:55,9392
2018-12-19 18:00,9541
2018-12-19 18:05,9585
2018-12-19 18:10,9644
2018-12-19 18:15,9700
2018-12-19 18:20,9844
2018-12-19 18:25,9905
2018-12-19 18:30,9946
2018-12-19 18:35,10010
2018-12-19 18:40,9981
2018-12-19 18:45,10046
2018-12-19 18:50,10094
2018-12-19 18:55,10124
2018-12-19 19:00,10118
2018-12-19 19:05,10093
2018-12-19 19:10,10141
2018-12-19 19:15,10240
2018-12-19 19:20,10301
2018-12-19 19:25,10346
2018-12-19 19:30,10387
2018-12-19 19:35,10382
2018-12-19 19:40,10442
2018-12-19 19:45,10485
2018-12-19 19:50,10514
2018-12-19 19:55,10579
2018-12-19 20:00,10519
2018-12-19 20:05,10559
2018-12-19 20:10,10588
2018-12-19 20:15,10574
2018-12-19 20:20,10564
2018-12-19 20:25,10536
2018-12-19 20:30,10627
2018-12-19 20:35,10594
2018-12-19 20:40,10567
2018-12-19 20:45,10555
2018-12-19 20:50,10492
2018-12-19 20:55,10488
2018-12-19 21:00,10456
2018-12-19 21:05,10452
2018-12-19 21:10,10423
2018-12-19 21:15,10391
2018-12-19 21:20,10336
2018-12-19 21:25,10250
2018-12-19 21:30,10185
2018-12-19 21:35,10133
2018-12-19 21:40,10160
2018-12-19 21:45,10086
2018-12-19 21:50,10077
2018-12-19 21:55,10086
2018-12-19 22:00,10053
2018-12-19 22:05,10001
2018-12-19 22:10,9961
2018-12-19 22:15,9856
2018-12-19 22:20,9797
2018-12-19 22:25,9729
2018-12-19 22:30,9720
2018-12-19 22:35,9633
2018-12-19 22:40,9550
2018-12-19 22:45,9449
2018-12-19 22:50,9340
2018-12-19 22:55,9239
2018-12-19 23:00,9161
2018-12-19 23:05,9030
2018-12-19 23:10,9017
2018-12-19 23:15,8969
2018-12-19 23:20,8923
2018-12-19 23:25,8864
2018-12-19 23:30,8830
2018-12-19 23:35,8749
2018-12-19 23:40,8743
2018-12-19 23:45,8726
2018-12-19 23:50,8646
2018-12-19 23:55,8562
2018-12-20 00:00,8467
2018-12-20 00:05,8417
2018-12-20 00:10,8398
2018-12-20 00:15,8330
2018-12-20 00:20,8274
2018-12-20 00:25,8280
2018-12-20 00:30,8230
2018-12-20 00:35,8194
2018-12-20 00:40,8215
2018-12-20 00:45,8206
2018-12-20 00:50,8259
2018-12-20 00:55,8202
2018-12-20 01:00,8216
2018-12-20 01:05,8193
2018-12-20 01:10,8163
2018-12-20 01:15,8188
2018-12-20 01:20,8166
2018-12-20 01:25,8122
2018-12-20 01:30,8135
2018-12-20 01:35,8093
2018-12-20 01:40,8143
2018-12-20 01:45,8085
2018-12-20 01:50,8099
2018-12-20 01:55,8069
2018-12-20 02:00,8076
2018-12-20 02:05,8086
2018-12-20 02:10,8060
2018-12-20 02:15,7984
2018-12-20 02:20,7902
2018-12-20 02:25,7891
2018-12-20 02:30,7890
2018-12-20 02:35,7808
2018-12-20 02:40,7796
2018-12-20 02:45,7783
2018-12-20 02:50,7725
2018-12-20 02:55,7681
2018-12-20 03:00,7665
2018-12-20 03:05,7581
2018-12-20 03:10,7517
2018-12-20 03:15,7470
2018-12-20 03:20,7449
2018-12-20 03:25,7405
2018-12-20 03:30,7361
2018-12-20 03:35,7297
2018-12-20 03:40,7266
2018-12-20 03:45,7219
2018-12-20 03:50,7165
2018-12-20 03:55,7120
2018-12-20 04:00,7074
2018-12-20 04:05,6996
2018-12-20 04:10,6921
2018-12-20 04:15,6865
2018-12-20 04:20,6822
2018-12-20 04:25,6748
2018-12-20 04:30,6718
2018-12-20 04:35,6685
2018-12-20 04:40,6513
2018-12-20 04:45,6435
2018-12-20 04:50,6331
2018-12-20 04:55,6215
2018-12-20 05:00,6122
2018-12-20 05:05,6028
2018-12-20 05:10,5916
2018-12-20 05:15,5850
2018-12-20 05:20,5785
2018-12-20 05:25,5745
2018-12-20 05:30,5678
2018-12-20 05:35,5574
2018-12-20 05:40,5472
2018-12-20 05:45,5371
2018-12-20 05:50,5290
2018-12-20 05:55,5206
2018-12-20 06:00,5143
2018-12-20 06:05,5039
2018-12-20 06:10,4939
2018-12-20 06:15,4868
2018-12-20 06:20,4828
2018-12-20 06:25,4736
2018-12-20 06:30,4678
2018-12-20 06:35,4618
2018-12-20 06:40,4554
2018-12-20 06:45,4464
2018-12-20 06:50,4427
2018-12-20 06:55,4359
2018-12-20 07:00,4291
2018-12-20 07:05,4194
2018-12-20 07:10,4078
2018-12-20 07:15,4055
2018-12-20 07:20,4020
2018-12-20 07:25,3980
2018-12-20 07:30,3928
2018-12-20 07:35,3924
2018-12-20 07:40,3912
2018-12-20 07:45,3865
2018-12-20 07:50,3843
2018-12-20 07:55,3805
2018-12-20 08:00,3750
2018-12-20 08:05,3703
2018-12-20 08:10,3692
2018-12-20 08:15,3651
2018-12-20 08:20,3623
2018-12-20 08:25,3584
2018-12-20 08:30,3556
2018-12-20 08:35,3522
2018-12-20 08:40,3498
2018-12-20 08:45,3497
2018-12-20 08:50,3466
2018-12-20 08:55,3416
2018-12-20 09:00,3407
2018-12-20 09:05,3402
2018-12-20 09:10,3464
2018-12-20 09:15,3498
2018-12-20 09:20,3482
2018-12-20 09:25,3499
2018-12-20 09:30,3561
2018-12-20 09:35,3573
2018-12-20 09:40,3611
2018-12-20 09:45,3657
2018-12-20 09:50,3682
2018-12-20 09:55,3686
2018-12-20 10:00,3712
2018-12-20 10:05,3705
2018-12-20 10:10,3721
2018-12-20 10:15,3694
2018-12-20 10:20,3767
2018-12-20 10:25,3810
2018-12-20 10:30,3841
2018-12-20 10:35,3891
2018-12-20 10:40,3912
2018-12-20 10:45,3943
2018-12-20 10:50,4017
2018-12-20 10:55,4086
2018-12-20 11:00,4103
2018-12-20 11:05,4114
2018-12-20 11:10,4129
2018-12-20 11:15,4215
2018-12-20 11:20,4243
2018-12-20 11:25,4265
2018-12-20 11:30,4309
2018-12-20 11:35,4368
2018-12-20 11:40,4352
2018-12-20 11:45,4437
2018-12-20 11:50,4480
2018-12-20 11:55,4525
2018-12-20 12:00,4603
2018-12-20 12:05,4654
2018-12-20 12:10,4694
2018-12-20 12:15,4801
2018-12-20 12:20,4821
2018-12-20 12:25,4865
2018-12-20 12:30,4894
2018-12-20 12:35,4961
2018-12-20 12:40,5044
2018-12-20 12:45,5096
2018-12-20 12:50,5153
2018-12-20 12:55,5243
2018-12-20 13:00,5325
2018-12-20 13:05,5351
2018-12-20 13:10,5403
2018-12-20 13:15,5509
2018-12-20 13:20,5595
2018-12-20 13:25,5668
2018-12-20 13:30,5719
2018-12-20 13:35,5792
2018-12-20 13:40,5832
2018-12-20 13:45,5871
2018-12-20 13:50,5966
2018-12-20 13:55,6001
2018-12-20 14:00,6074
2018-12-20 14:05,6121
2018-12-20 14:10,6150
2018-12-20 14:15,6190
2018-12-20 14:20,6238
2018-12-20 14:25,6285
2018-12-20 14:30,6386
2018-12-20 14:35,6480
2018-12-20 14:40,6550
2018-12-20 14:45,6621
2018-12-20 14:50,6670
2018-12-20 14:55,6706
2018-12-20 15:00,6788
2018-12-20 15:05,6836
2018-12-20 15:10,6845
2018-12-20 15:15,6972
2018-12-20 15:20,7037
2018-12-20 15:25,7101
2018-12-20 15:30,7200
2018-12-20 15:35,7214
2018-12-20 15:40,7220
2018-12-20 15:45,7264
2018-12-20 15:50,7351
2018-12-20 15:55,7387
2018-12-20 16:00,7412
2018-12-20 16:05,7442
2018-12-20 16:10,7527
2018-12-20 16:15,7564
2018-12-20 16:20,7654
2018-12-20 16:25,7696
2018-12-20 16:30,7718
2018-12-20 16:35,7870
2018-12-20 16:40,8061
2018-12-20 16:45,8160
2018-12-20 16:50,8195
2018-12-20 16:55,8210
2018-12-20 17:00,8201
2018-12-20 17:05,8251
2018-12-20 17:10,8334
2018-12-20 17:15,8453
2018-12-20 17:20,8523
2018-12-20 17:25,8569
2018-12-20 17:30,8617
2018-12-20 17:35,8716
2018-12-20 17:40,
2018-12-20 17:45,8846
2018-12-20 17:50,8938
2018-12-20 17:55,8989
2018-12-20 18:00,9040
2018-12-20 18:05,9084
2018-12-20 18:10,9150
2018-12-20 18:15,9185
2018-12-20 18:20,9182
2018-12-20 18:25,9266
2018-12-20 18:30,9313
2018-12-20 18:35,9388
2018-12-20 18:40,9461
2018-12-20 18:45,9494
2018-12-20 18:50,9525
2018-12-20 18:55,9557
2018-12-20 19:00,9560
2018-12-20 19:05,9605
2018-12-20 19:10,9596
2018-12-20 19:15,9707
2018-12-20 19:20,9786
2018-12-20 19:25,9851
2018-12-20 19:30,9869
2018-12-20 19:35,10009
2018-12-20 19:40,10044
2018-12-20 19:45,10113
2018-12-20 19:50,10172
2018-12-20 19:55,10207
2018-12-20 20:00,10305
2018-12-20 20:05,10295
2018-12-20 20:10,10292
2018-12-20 20:15,10310
2018-12-20 20:20,10312
2018-12-20 20:25,10308
2018-12-20 20:30,10332
2018-12-20 20:35,10355
2018-12-20 20:40,10373
2018-12-20 20:45,10428
2018-12-20 20:50,10412
2018-12-20 20:55,10298
2018-12-20 21:00,10196
2018-12-20 21:05,10207
2018-12-20 21:10,10150
2018-12-20 21:15,10091
2018-12-20 21:20,9998
2018-12-20 21:25,10025
2018-12-20 21:30,10036
2018-12-20 21:35,10042
2018-12-20 21:40,9985
2018-12-20 21:45,9956
2018-12-20 21:50,9962
2018-12-20 21:55,9949
2018-12-20 22:00,9955
2018-12-20 22:05,9923
2018-12-20 22:10,9800
2018-12-20 22:15,9716
2018-12-20 22:20,9620
2018-12-20 22:25,9565
2018-12-20 22:30,9445
2018-12-20 22:35,9397
2018-12-20 22:40,9333
2018-12-20 22:45,9283
2018-12-20 22:50,9209
2018-12-20 22:55,9140
2018-12-20 23:00,9020
2018-12-20 23:05,8927
2018-12-20 23:10,8863
2018-12-20 23:15,8819
2018-12-20 23:20,8730
2018-12-20 23:25,8695
2018-12-20 23:30,8636
2018-12-20 23:35,8550
2018-12-20 23:40,8455
2018-12-20 23:45,8391
2018-12-20 23:50,8361
2018-12-20 23:55,8305
2018-12-21 00:00,8283
2018-12-21 00:05,8199
2018-12-21 00:10,8097
2018-12-21 00:15,8001
2018-12-21 00:20,7930
2018-12-21 00:25,7880
2018-12-21 00:30,7847
2018-12-21 00:35,7758
2018-12-21 00:40,7727
2018-12-21 00:45,7696
2018-12-21 00:50,7695
2018-12-21 00:55,7666
2018-12-21 01:00,7634
2018-12-21 01:05,7643
2018-12-21 01:10,7605
2018-12-21 01:15,7586
2018-12-21 01:20,7559
2018-12-21 01:25,7494
2018-12-21 01:30,7503
2018-12-21 01:35,7510
2018-12-21 01:40,7468
2018-12-21 01:45,7415
2018-12-21 01:50,7364
2018-12-21 01:55,7317
2018-12-21 02:00,7280
2018-12-21 02:05,7232
2018-12-21 02:10,7220
2018-12-21 02:15,7205
2018-12-21 02:20,7232
2018-12-21 02:25,7214
2018-12-21 02:30,7210
2018-12-21 02:35,7187
2018-12-21 02:40,7160
2018-12-21 02:45,7140
2018-12-21 02:50,7122
2018-12-21 02:55,7124
2018-12-21 03:00,7056
2018-12-21 03:05,7082
2018-12-21 03:10,7057
2018-12-21 03:15,6992
2018-12-21 03:20,6996
2018-12-21 03:25,6941
2018-12-21 03:30,6929
2018-12-21 03:35,6830
2018-12-21 03:40,6818
2018-12-21 03:45,6814
2018-12-21 03:50,6718
2018-12-21 03:55,6631
2018-12-21 04:00,6525
2018-12-21 04:05,6518
2018-12-21 04:10,6426
2018-12-21 04:15,6337
2018-12-21 04:20,6262
2018-12-21 04:25,6211
2018-12-21 04:30,6131
2018-12-21 04:35,6087
2018-12-21 04:40,6026
2018-12-21 04:45,6008
2018-12-21 04:50,5912
2018-12-21 04:55,5821
2018-12-21 05:00,5799
2018-12-21 05:05,5658
2018-12-21 05:10,5594
2018-12-21 05:15,5535
2018-12-21 05:20,5456
2018-12-21 05:25,5370
2018-12-21 05:30,5304
2018-12-21 05:35,5275
2018-12-21 05:40,5178
2018-12-21 05:45,5138
2018-12-21 05:50,5075
2018-12-21 05:55,5056
2018-12-21 06:00,4962
2018-12-21 06:05,4889
2018-12-21 06:10,4782
2018-12-21 06:15,4716
2018-12-21 06:20,4642
2018-12-21 06:25,4566
2018-12-21 06:30,4506
2018-12-21 06:35,4458
2018-12-21 06:40,4358
2018-12-21 06:45,4267
2018-12-21 06:50,4210
2018-12-21 06:55,4154
2018-12-21 07:00,4123
2018-12-21 07:05,4045
2018-12-21 07:10,3989
2018-12-21 07:15,3920
2018-12-21 07:20,3870
2018-12-21 07:25,3818
2018-12-21 07:30,3758
2018-12-21 07:35,3711
2018-12-21 07:40,3659
2018-12-21 07:45,3610
2018-12-21 07:50,3598
2018-12-21 07:55,3542
2018-12-21 08:00,3503
2018-12-21 08:05,3490
2018-12-21 08:10,3453
2018-12-21 08:15,3417
2018-12-21 08:20,3393
2018-12-21 08:25,3354
2018-12-21 08:30,3296
2018-12-21 08:35,3296
2018-12-21 08:40,3293
2018-12-21 08:45,3295
2018-12-21 08:50,3300
2018-12-21 08:55,3304
2018-12-21 09:00,3296
2018-12-21 09:05,3352
2018-12-21 09:10,3410
2018-12-21 09:15,3438
2018-12-21 09:20,3405
2018-12-21 09:25,3391
2018-12-21 09:30,3413
2018-12-21 09:35,3449
2018-12-21 09:40,3494
2018-12-21 09:45,3548
2018-12-21 09:50,3566
2018-12-21 09:55,3576
2018-12-21 10:00,3595
2018-12-21 10:05,3629
2018-12-21 10:10,3639
2018-12-21 10:15,3637
2018-12-21 10:20,3712
2018-12-21 10:25,3766
2018-12-21 10:30,3808
2018-12-21 10:35,3843
2018-12-21 10:40,3873
2018-12-21 10:45,3887
2018-12-21 10:50,3942
2018-12-21 10:55,4019
2018-12-21 11:00,4069
2018-12-21 11:05,4111
2018-12-21 11:10,4193
2018-12-21 11:15,4232
2018-12-21 11:20,4242
2018-12-21 11:25,4277
2018-12-21 11:30,4292
2018-12-21 11:35,4341
2018-12-21 11:40,4390
2018-12-21 11:45,4436
2018-12-21 11:50,4527
2018-12-21 11:55,4565
2018-12-21 12:00,4652
2018-12-21 12:05,4668
2018-12-21 12:10,4717
2018-12-21 12:15,4827
2018-12-21 12:20,4891
2018-12-21 12:25,4924
2018-12-21 12:30,5018
2018-12-21 12:35,5049
2018-12-21 12:40,5141
2018-12-21 12:45,5212
2018-12-21 12:50,5295
2018-12-21 12:55,5387
2018-12-21 13:00,5464
2018-12-21 13:05,5507
2018-12-21 13:10,5596
2018-12-21 13:15,5659
2018-12-21 13:20,5752
2018-12-21 13:25,5654
2018-12-21 13:30,5358
2018-12-21 13:35,5443
2018-12-21 13:40,5504
2018-12-21 13:45,5635
2018-12-21 13:50,5817
2018-12-21 13:55,5932
2018-12-21 14:00,5993
2018-12-21 14:05,6038
2018-12-21 14:10,6139
2018-12-21 14:15,6265
2018-12-21 14:20,6369
2018-12-21 14:25,6475
2018-12-21 14:30,6593
2018-12-21 14:35,6724
2018-12-21 14:40,6813
2018-12-21 14:45,6913
2018-12-21 14:50,7034
2018-12-21 14:55,7118
2018-12-21 15:00,7155
2018-12-21 15:05,7278
2018-12-21 15:10,7300
2018-12-21 15:15,7348
2018-12-21 15:20,7429
2018-12-21 15:25,7456
2018-12-21 15:30,7465
2018-12-21 15:35,7523
2018-12-21 15:40,7600
2018-12-21 15:45,7643
2018-12-21 15:50,7718
2018-12-21 15:55,7764
2018-12-21 16:00,7832
2018-12-21 16:05,7843
2018-12-21 16:10,7879
2018-12-21 16:15,7938
2018-12-21 16:20,8029
2018-12-21 16:25,8109
2018-12-21 16:30,8152
2018-12-21 16:35,8223
2018-12-21 16:40,8256
2018-12-21 16:45,8290
2018-12-21 16:50,8282
2018-12-21 16:55,8293
2018-12-21 17:00,8411
2018-12-21 17:05,8479
2018-12-21 17:10,8579
2018-12-21 17:15,8634
2018-12-21 17:20,8644
2018-12-21 17:25,8639
2018-12-21 17:30,8735
2018-12-21 17:35,8799
2018-12-21 17:40,8869
2018-12-21 17:45,8942
2018-12-21 17:50,9028
2018-12-21 17:55,9065
2018-12-21 18:00,9091
2018-12-21 18:05,9095
2018-12-21 18:10,9192
2018-12-21 18:15,9254
2018-12-21 18:20,9264
2018-12-21 18:25,9394
2018-12-21 18:30,9490
2018-12-21 18:35,9509
2018-12-21 18:40,9626
2018-12-21 18:45,9601
2018-12-21 18:50,9692
2018-12-21 18:55,9771
2018-12-21 19:00,9779
2018-12-21 19:05,9821
2018-12-21 19:10,9829
2018-12-21 19:15,9877
2018-12-21 19:20,9853
2018-12-21 19:25,9927
2018-12-21 19:30,9959
2018-12-21 19:35,10018
2018-12-21 19:40,10013
2018-12-21 19:45,10043
2018-12-21 19:50,10048
2018-12-21 19:55,10030
2018-12-21 20:00,10059
2018-12-21 20:05,10067
2018-12-21 20:10,10116
2018-12-21 20:15,10186
2018-12-21 20:20,10256
2018-12-21 20:25,10285
2018-12-21 20:30,10293
2018-12-21 20:35,10348
2018-12-21 20:40,10386
2018-12-21 20:45,10405
2018-12-21 20:50,10427
2018-12-21 20:55,10488
2018-12-21 21:00,10454
2018-12-21 21:05,10521
2018-12-21 21:10,10561
2018-12-21 21:15,10538
2018-12-21 21:20,10530
2018-12-21 21:25,10552
2018-12-21 21:30,10528
2018-12-21 21:35,10497
2018-12-21 21:40,10400
2018-12-21 21:45,10405
2018-12-21 21:50,10380
2018-12-21 21:55,10369
2018-12-21 22:00,10325
2018-12-21 22:05,10267
2018-12-21 22:10,10240
2018-12-21 22:15,10245
2018-12-21 22:20,10245
2018-12-21 22:25,10156
2018-12-21 22:30,10079
2018-12-21 22:35,10040
2018-12-21 22:40,9968
2018-12-21 22:45,9850
2018-12-21 22:50,9702
2018-12-21 22:55,9657
2018-12-21 23:00,9573
2018-12-21 23:05,9554
2018-12-21 23:10,9462
2018-12-21 23:15,9357
2018-12-21 23:20,9320
2018-12-21 23:25,9276
2018-12-21 23:30,9215
2018-12-21 23:35,9138
2018-12-21 23:40,9048
2018-12-21 23:45,8983
2018-12-21 23:50,8926
2018-12-21 23:55,8844
2018-12-22 00:00,8774
2018-12-22 00:05,8692
2018-12-22 00:10,8651
2018-12-22 00:15,8601
2018-12-22 00:20,8586
2018-12-22 00:25,8533
2018-12-22 00:30,8448
2018-12-22 00:35,8396
2018-12-22 00:40,8340
2018-12-22 00:45,8346
2018-12-22 00:50,8304
2018-12-22 00:55,8259
2018-12-22 01:00,8218
2018-12-22 01:05,8141
2018-12-22 01:10,8119
2018-12-22 01:15,8075
2018-12-22 01:20,8032
2018-12-22 01:25,8027
2018-12-22 01:30,8041
2018-12-22 01:35,8029
2018-12-22 01:40,7989
2018-12-22 01:45,8005
2018-12-22 01:50,7981
2018-12-22 01:55,7965
2018-12-22 02:00,7980
2018-12-22 02:05,7940
2018-12-22 02:10,7911
2018-12-22 02:15,7808
2018-12-22 02:20,7744
2018-12-22 02:25,7702
2018-12-22 02:30,7634
2018-12-22 02:35,7593
2018-12-22 02:40,7575
2018-12-22 02:45,7533
2018-12-22 02:50,7512
2018-12-22 02:55,7515
2018-12-22 03:00,7485
2018-12-22 03:05,7408
2018-12-22 03:10,7405
2018-12-22 03:15,7427
2018-12-22 03:20,7377
2018-12-22 03:25,7376
2018-12-22 03:30,7307
2018-12-22 03:35,7214
2018-12-22 03:40,7144
2018-12-22 03:45,7219
2018-12-22 03:50,7199
2018-12-22 03:55,7208
2018-12-22 04:00,7160
2018-12-22 04:05,7147
2018-12-22 04:10,7083
2018-12-22 04:15,7111
2018-12-22 04:20,7041
2018-12-22 04:25,6991
2018-12-22 04:30,6965
2018-12-22 04:35,6944
2018-12-22 04:40,6862
2018-12-22 04:45,6780
2018-12-22 04:50,6758
2018-12-22 04:55,6655
2018-12-22 05:00,6600
2018-12-22 05:05,6585
2018-12-22 05:10,6524
2018-12-22 05:15,6456
2018-12-22 05:20,6406
2018-12-22 05:25,6324
2018-12-22 05:30,6295
2018-12-22 05:35,6219
2018-12-22 05:40,6184
2018-12-22 05:45,6094
2018-12-22 05:50,6062
2018-12-22 05:55,5995
2018-12-22 06:00,5911
2018-12-22 06:05,5834
2018-12-22 06:10,5726
2018-12-22 06:15,5672
2018-12-22 06:20,5573
2018-12-22 06:25,5534
2018-12-22 06:30,5487
2018-12-22 06:35,5421
2018-12-22 06:40,5347
2018-12-22 06:45,5310
2018-12-22 06:50,5217
2018-12-22 06:55,5174
2018-12-22 07:00,5085
2018-12-22 07:05,4991
2018-12-22 07:10,4954
2018-12-22 07:15,4869
2018-12-22 07:20,4797
2018-12-22 07:25,4689
2018-12-22 07:30,4634
2018-12-22 07:35,4564
2018-12-22 07:40,4536
2018-12-22 07:45,4501
2018-12-22 07:50,4462
2018-12-22 07:55,4453
2018-12-22 08:00,4440
2018-12-22 08:05,4367
2018-12-22 08:10,4303
2018-12-22 08:15,4280
2018-12-22 08:20,4246
2018-12-22 08:25,4188
2018-12-22 08:30,4197
2018-12-22 08:35,4190
2018-12-22 08:40,4170
2018-12-22 08:45,4141
2018-12-22 08:50,4162
2018-12-22 08:55,4208
2018-12-22 09:00,4206
2018-12-22 09:05,4258
2018-12-22 09:10,4318
2018-12-22 09:15,4343
2018-12-22 09:20,4368
2018-12-22 09:25,4402
2018-12-22 09:30,4448
2018-12-22 09:35,4432
2018-12-22 09:40,4464
2018-12-22 09:45,4482
2018-12-22 09:50,4480
2018-12-22 09:55,4481
2018-12-22 10:00,4503
2018-12-22 10:05,4560
2018-12-22 10:10,4605
2018-12-22 10:15,4638
2018-12-22 10:20,4683
2018-12-22 10:25,4703
2018-12-22 10:30,4804
2018-12-22 10:35,4826
2018-12-22 10:40,4881
2018-12-22 10:45,4918
2018-12-22 10:50,5005
2018-12-22 10:55,5049
2018-12-22 11:00,5106
2018-12-22 11:05,5156
2018-12-22 11:10,5186
2018-12-22 11:15,5219
2018-12-22 11:20,5307
2018-12-22 11:25,5377
2018-12-22 11:30,5433
2018-12-22 11:35,5414
2018-12-22 11:40,5491
2018-12-22 11:45,5580
2018-12-22 11:50,5634
2018-12-22 11:55,5713
2018-12-22 12:00,5769
2018-12-22 12:05,5831
2018-12-22 12:10,5923
2018-12-22 12:15,5963
2018-12-22 12:20,6030
2018-12-22 12:25,6094
2018-12-22 12:30,6186
2018-12-22 12:35,6251
2018-12-22 12:40,6284
2018-12-22 12:45,6352
2018-12-22 12:50,6398
2018-12-22 12:55,6432
2018-12-22 13:00,6456
2018-12-22 13:05,6485
2018-12-22 13:10,6520
2018-12-22 13:15,6612
2018-12-22 13:20,6664
2018-12-22 13:25,6679
2018-12-22 13:30,6753
2018-12-22 13:35,6813
2018-12-22 13:40,6934
2018-12-22 13:45,6970
2018-12-22 13:50,7050
2018-12-22 13:55,7146
2018-12-22 14:00,7210
2018-12-22 14:05,7290
2018-12-22 14:10,7323
2018-12-22 14:15,7378
2018-12-22 14:20,7451
2018-12-22 14:25,7560
2018-12-22 14:30,7636
2018-12-22 14:35,7718
2018-12-22 14:40,7777
2018-12-22 14:45,7828
2018-12-22 14:50,7919
2018-12-22 14:55,7936
2018-12-22 15:00,8023
2018-12-22 15:05,8068
2018-12-22 15:10,8101
2018-12-22 15:15,8131
2018-12-22 15:20,8199
2018-12-22 15:25,8232
2018-12-22 15:30,8378
2018-12-22 15:35,8468
2018-12-22 15:40,8539
2018-12-22 15:45,8580
2018-12-22 15:50,8642
2018-12-22 15:55,8698
2018-12-22 16:00,8738
2018-12-22 16:05,8844
2018-12-22 16:10,8922
2018-12-22 16:15,8960
2018-12-22 16:20,9009
2018-12-22 16:25,9079
2018-12-22 16:30,9176
2018-12-22 16:35,9272
2018-12-22 16:40,9377
2018-12-22 16:45,9434
2018-12-22 16:50,9487
2018-12-22 16:55,9552
2018-12-22 17:00,9543
2018-12-22 17:05,9605
2018-12-22 17:10,9614
2018-12-22 17:15,9629
2018-12-22 17:20,9675
2018-12-22 17:25,9647
2018-12-22 17:30,9684
2018-12-22 17:35,9667
2018-12-22 17:40,9689
2018-12-22 17:45,9727
2018-12-22 17:50,9745
2018-12-22 17:55,9796
2018-12-22 18:00,9829
2018-12-22 18:05,9836
2018-12-22 18:10,9899
2018-12-22 18:15,9884
2018-12-22 18:20,9863
2018-12-22 18:25,9861
2018-12-22 18:30,9864
2018-12-22 18:35,9930
2018-12-22 18:40,9948
2018-12-22 18:45,10003
2018-12-22 18:50,10025
2018-12-22 18:55,10030
2018-12-22 19:00,10025
2018-12-22 19:05,10044
2018-12-22 19:10,10109
2018-12-22 19:15,10219
2018-12-22 19:20,10259
2018-12-22 19:25,10335
2018-12-22 19:30,10398
2018-12-22 19:35,10385
2018-12-22 19:40,10429
2018-12-22 19:45,10486
2018-12-22 19:50,10571
2018-12-22 19:55,10622
2018-12-22 20:00,10600
2018-12-22 20:05,10586
2018-12-22 20:10,10625
2018-12-22 20:15,10637
2018-12-22 20:20,10619
2018-12-22 20:25,10655
2018-12-22 20:30,10720
2018-12-22 20:35,10766
2018-12-22 20:40,10710
2018-12-22 20:45,10681
2018-12-22 20:50,10674
2018-12-22 20:55,10685
2018-12-22 21:00,10693
2018-12-22 21:05,10610
2018-12-22 21:10,10562
2018-12-22 21:15,10506
2018-12-22 21:20,10523
2018-12-22 21:25,10472
2018-12-22 21:30,10420
2018-12-22 21:35,10362
2018-12-22 21:40,10391
2018-12-22 21:45,10338
2018-12-22 21:50,10223
2018-12-22 21:55,10098
2018-12-22 22:00,10031
2018-12-22 22:05,9956
2018-12-22 22:10,9889
2018-12-22 22:15,9871
2018-12-22 22:20,9791
2018-12-22 22:25,9660
2018-12-22 22:30,9494
2018-12-22 22:35,9377
2018-12-22 22:40,9306
2018-12-22 22:45,9328
2018-12-22 22:50,9259
2018-12-22 22:55,9154
2018-12-22 23:00,9152
2018-12-22 23:05,9176
2018-12-22 23:10,9086
2018-12-22 23:15,9059
2018-12-22 23:20,9075
2018-12-22 23:25,9037
2018-12-22 23:30,8935
2018-12-22 23:35,8856
2018-12-22 23:40,8829
2018-12-22 23:45,8784
2018-12-22 23:50,8700
2018-12-22 23:55,8593
2018-12-23 00:00,8527
2018-12-23 00:05,8479
2018-12-23 00:10,8485
2018-12-23 00:15,8405
2018-12-23 00:20,8341
2018-12-23 00:25,8284
2018-12-23 00:30,8201
2018-12-23 00:35,8198
2018-12-23 00:40,8148
2018-12-23 00:45,8063
2018-12-23 00:50,7993
2018-12-23 00:55,7965
2018-12-23 01:00,7918
2018-12-23 01:05,7868
2018-12-23 01:10,7842
2018-12-23 01:15,7859
2018-12-23 01:20,7857
2018-12-23 01:25,7786
2018-12-23 01:30,7795
2018-12-23 01:35,7801
2018-12-23 01:40,7766
2018-12-23 01:45,7706
2018-12-23 01:50,7728
2018-12-23 01:55,7672
2018-12-23 02:00,7675
2018-12-23 02:05,7645
2018-12-23 02:10,7617
2018-12-23 02:15,7563
2018-12-23 02:20,7541
2018-12-23 02:25,7525
2018-12-23 02:30,7528
2018-12-23 02:35,7524
2018-12-23 02:40,7524
2018-12-23 02:45,7505
2018-12-23 02:50,7476
2018-12-23 02:55,7478
2018-12-23 03:00,7449
2018-12-23 03:05,7383
2018-12-23 03:10,7352
2018-12-23 03:15,7299
2018-12-23 03:20,7275
2018-12-23 03:25,7189
2018-12-23 03:30,7128
2018-12-23 03:35,7114
2018-12-23 03:40,7123
2018-12-23 03:45,7098
2018-12-23 03:50,7101
2018-12-23 03:55,7057
2018-12-23 04:00,7019
2018-12-23 04:05,6965
2018-12-23 04:10,6955
2018-12-23 04:15,6915
2018-12-23 04:20,6904
2018-12-23 04:25,6843
2018-12-23 04:30,6817
2018-12-23 04:35,6785
2018-12-23 04:40,6753
2018-12-23 04:45,6719
2018-12-23 04:50,6633
2018-12-23 04:55,6640
2018-12-23 05:00,6589
2018-12-23 05:05,6513
2018-12-23 05:10,6467
2018-12-23 05:15,6460
2018-12-23 05:20,6367
2018-12-23 05:25,6291
2018-12-23 05:30,6262
2018-12-23 05:35,6147
2018-12-23 05:40,6106
2018-12-23 05:45,6005
2018-12-23 05:50,5949
2018-12-23 05:55,5910
2018-12-23 06:00,5885
2018-12-23 06:05,5793
2018-12-23 06:10,5691
2018-12-23 06:15,5635
2018-12-23 06:20,5612
2018-12-23 06:25,5580
2018-12-23 06:30,5518
2018-12-23 06:35,5469
2018-12-23 06:40,5409
2018-12-23 06:45,5311
2018-12-23 06:50,5283
2018-12-23 06:55,5196
2018-12-23 07:00,5109
2018-12-23 07:05,5038
2018-12-23 07:10,4990
2018-12-23 07:15,4975
2018-12-23 07:20,4889
2018-12-23 07:25,4824
2018-12-23 07:30,4744
2018-12-23 07:35,4645
2018-12-23 07:40,4628
2018-12-23 07:45,4580
2018-12-23 07:50,4543
2018-12-23 07:55,4537
2018-12-23 08:00,4520
2018-12-23 08:05,4455
2018-12-23 08:10,4398
2018-12-23 08:15,4347
2018-12-23 08:20,4285
2018-12-23 08:25,4230
2018-12-23 08:30,4199
2018-12-23 08:35,4222
2018-12-23 08:40,4221
2018-12-23 08:45,4213
2018-12-23 08:50,4212
2018-12-23 08:55,4199
2018-12-23 09:00,4200
2018-12-23 09:05,4263
2018-12-23 09:10,4331
2018-12-23 09:15,4330
2018-12-23 09:20,4366
2018-12-23 09:25,4409
2018-12-23 09:30,4451
2018-12-23 09:35,4477
2018-12-23 09:40,4510
2018-12-23 09:45,4508
2018-12-23 09:50,4533
2018-12-23 09:55,4620
2018-12-23 10:00,4662
2018-12-23 10:05,4714
2018-12-23 10:10,4756
2018-12-23 10:15,4836
2018-12-23 10:20,4871
2018-12-23 10:25,4943
2018-12-23 10:30,4954
2018-12-23 10:35,5016
2018-12-23 10:40,5039
2018-12-23 10:45,5082
2018-12-23 10:50,5152
2018-12-23 10:55,5247
2018-12-23 11:00,5294
2018-12-23 11:05,5335
2018-12-23 11:10,5363
2018-12-23 11:15,5406
2018-12-23 11:20,5525
2018-12-23 11:25,5558
2018-12-23 11:30,5576
2018-12-23 11:35,5643
2018-12-23 11:40,5741
2018-12-23 11:45,5781
2018-12-23 11:50,5840
2018-12-23 11:55,5920
2018-12-23 12:00,5965
2018-12-23 12:05,6022
2018-12-23 12:10,6051
2018-12-23 12:15,6112
2018-12-23 12:20,6144
2018-12-23 12:25,6219
2018-12-23 12:30,6220
2018-12-23 12:35,6297
2018-12-23 12:40,6362
2018-12-23 12:45,6428
2018-12-23 12:50,6465
2018-12-23 12:55,6590
2018-12-23 13:00,6626
2018-12-23 13:05,6656
2018-12-23 13:10,6717
2018-12-23 13:15,6757
2018-12-23 13:20,6813
2018-12-23 13:25,6858
2018-12-23 13:30,6903
2018-12-23 13:35,6958
2018-12-23 13:40,7025
2018-12-23 13:45,7075
2018-12-23 13:50,7154
2018-12-23 13:55,7250
2018-12-23 14:00,7310
2018-12-23 14:05,7373
2018-12-23 14:10,7404
2018-12-23 14:15,7442
2018-12-23 14:20,7564
2018-12-23 14:25,7653
2018-12-23 14:30,7674
2018-12-23 14:35,7736
2018-12-23 14:40,7777
2018-12-23 14:45,7846
2018-12-23 14:50,7934
2018-12-23 14:55,8024
2018-12-23 15:00,8052
2018-12-23 15:05,8146
2018-12-23 15:10,8142
2018-12-23 15:15,8200
2018-12-23 15:20,8249
2018-12-23 15:25,8207
2018-12-23 15:30,8302
2018-12-23 15:35,8354
2018-12-23 15:40,8416
2018-12-23 15:45,8423
2018-12-23 15:50,8487
2018-12-23 15:55,8588
2018-12-23 16:00,8624
2018-12-23 16:05,8601
2018-12-23 16:10,8680
2018-12-23 16:15,8726
2018-12-23 16:20,8800
2018-12-23 16:25,8831
2018-12-23 16:30,8925
2018-12-23 16:35,9034
2018-12-23 16:40,9074
2018-12-23 16:45,9129
2018-12-23 16:50,9154
2018-12-23 16:55,9230
2018-12-23 17:00,9307
2018-12-23 17:05,9303
2018-12-23 17:10,9366
2018-12-23 17:15,9358
2018-12-23 17:20,9467
2018-12-23 17:25,9535
2018-12-23 17:30,9598
2018-12-23 17:35,9676
2018-12-23 17:40,9745
2018-12-23 17:45,9836
2018-12-23 17:50,9915
2018-12-23 17:55,9971
2018-12-23 18:00,9957
2018-12-23 18:05,10006
2018-12-23 18:10,10029
2018-12-23 18:15,10050
2018-12-23 18:20,10113
2018-12-23 18:25,10081
2018-12-23 18:30,10161
2018-12-23 18:35,10250
2018-12-23 18:40,10302
2018-12-23 18:45,10367
2018-12-23 18:50,10407
2018-12-23 18:55,10446
2018-12-23 19:00,10477
2018-12-23 19:05,10473
2018-12-23 19:10,10531
2018-12-23 19:15,10606
2018-12-23 19:20,10602
2018-12-23 19:25,10647
2018-12-23 19:30,10614
2018-12-23 19:35,10632
2018-12-23 19:40,10715
2018-12-23 19:45,10698
2018-12-23 19:50,10784
2018-12-23 19:55,10749
2018-12-23 20:00,10712
2018-12-23 20:05,10746
2018-12-23 20:10,10773
2018-12-23 20:15,10813
2018-12-23 20:20,10822
2018-12-23 20:25,10832
2018-12-23 20:30,10865
2018-12-23 20:35,10965
2018-12-23 20:40,10928
2018-12-23 20:45,10946
2018-12-23 20:50,10929
2018-12-23 20:55,10973
2018-12-23 21:00,11020
2018-12-23 21:05,11018
2018-12-23 21:10,10939
2018-12-23 21:15,10915
2018-12-23 21:20,10866
2018-12-23 21:25,10779
2018-12-23 21:30,10829
2018-12-23 21:35,10794
2018-12-23 21:40,10737
2018-12-23 21:45,10732
2018-12-23 21:50,10668
2018-12-23 21:55,10635
2018-12-23 22:00,10550
2018-12-23 22:05,10496
2018-12-23 22:10,10428
2018-12-23 22:15,10403
2018-12-23 22:20,10397
2018-12-23 22:25,10394
2018-12-23 22:30,10324
2018-12-23 22:35,10245
2018-12-23 22:40,10202
2018-12-23 22:45,10126
2018-12-23 22:50,10071
2018-12-23 22:55,9977
2018-12-23 23:00,9891
2018-12-23 23:05,9838
2018-12-23 23:10,9757
2018-12-23 23:15,9637
2018-12-23 23:20,9505
2018-12-23 23:25,9423
2018-12-23 23:30,9351
2018-12-23 23:35,9359
2018-12-23 23:40,9322
2018-12-23 23:45,9250
2018-12-23 23:50,9168
2018-12-23 23:55,9099
2018-12-24 00:00,9021
2018-12-24 00:05,8967
2018-12-24 00:10,8889
2018-12-24 00:15,8830
2018-12-24 00:20,8750
2018-12-24 00:25,8709
2018-12-24 00:30,8644
2018-12-24 00:35,8551
2018-12-24 00:40,8486
2018-12-24 00:45,8349
2018-12-24 00:50,8255
2018-12-24 00:55,8245
2018-12-24 01:00,8223
2018-12-24 01:05,8171
2018-12-24 01:10,8057
2018-12-24 01:15,8068
2018-12-24 01:20,7979
2018-12-24 01:25,7939
2018-12-24 01:30,7864
2018-12-24 01:35,7824
2018-12-24 01:40,7749
2018-12-24 01:45,7684
2018-12-24 01:50,7676
2018-12-24 01:55,7592
2018-12-24 02:00,7549
2018-12-24 02:05,7539
2018-12-24 02:10,7520
2018-12-24 02:15,7474
2018-12-24 02:20,7432
2018-12-24 02:25,7468
2018-12-24 02:30,7384
2018-12-24 02:35,7398
2018-12-24 02:40,7435
2018-12-24 02:45,7371
2018-12-24 02:50,7345
2018-12-24 02:55,7347
2018-12-24 03:00,7337
2018-12-24 03:05,7344
2018-12-24 03:10,7282
2018-12-24 03:15,7277
2018-12-24 03:20,7265
2018-12-24 03:25,7269
2018-12-24 03:30,7267
2018-12-24 03:35,7184
2018-12-24 03:40,7170
2018-12-24 03:45,7084
2018-12-24 03:50,7069
2018-12-24 03:55,7034
2018-12-24 04:00,7020
2018-12-24 04:05,6948
2018-12-24 04:10,6895
2018-12-24 04:15,6859
2018-12-24 04:20,6779
2018-12-24 04:25,6736
2018-12-24 04:30,6709
2018-12-24 04:35,6637
2018-12-24 04:40,6624
2018-12-24 04:45,6584
2018-12-24 04:50,6527
2018-12-24 04:55,6479
2018-12-24 05:00,6461
2018-12-24 05:05,6405
2018-12-24 05:10,6341
2018-12-24 05:15,6238
2018-12-24 05:20,6180
2018-12-24 05:25,6073
2018-12-24 05:30,6023
2018-12-24 05:35,5933
2018-12-24 05:40,5892
2018-12-24 05:45,5802
2018-12-24 05:50,5776
2018-12-24 05:55,5720
2018-12-24 06:00,5582
2018-12-24 06:05,5461
2018-12-24 06:10,5408
2018-12-24 06:15,5357
2018-12-24 06:20,5260
2018-12-24 06:25,5166
2018-12-24 06:30,5065
2018-12-24 06:35,4950
2018-12-24 06:40,4825
2018-12-24 06:45,4749
2018-12-24 06:50,4695
2018-12-24 06:55,4625
2018-12-24 07:00,4577
2018-12-24 07:05,4538
2018-12-24 07:10,4421
2018-12-24 07:15,4389
2018-12-24 07:20,4335
2018-12-24 07:25,4260
2018-12-24 07:30,4204
2018-12-24 07:35,4149
2018-12-24 07:40,4110
2018-12-24 07:45,4050
2018-12-24 07:50,4015
2018-12-24 07:55,3986
2018-12-24 08:00,3977
2018-12-24 08:05,3936
2018-12-24 08:10,3913
2018-12-24 08:15,3879
2018-12-24 08:20,3893
2018-12-24 08:25,3860
2018-12-24 08:30,3790
2018-12-24 08:35,3779
2018-12-24 08:40,3777
2018-12-24 08:45,3768
2018-12-24 08:50,3713
2018-12-24 08:55,3742
2018-12-24 09:00,3728
2018-12-24 09:05,3793
2018-12-24 09:10,3793
2018-12-24 09:15,3789
2018-12-24 09:20,3813
2018-12-24 09:25,3845
2018-12-24 09:30,3861
2018-12-24 09:35,3918
2018-12-24 09:40,3921
2018-12-24 09:45,3951
2018-12-24 09:50,3983
2018-12-24 09:55,4031
2018-12-24 10:00,4034
2018-12-24 10:05,4103
2018-12-24 10:10,4111
2018-12-24 10:15,4170
2018-12-24 10:20,4186
2018-12-24 10:25,4301
2018-12-24 10:30,4379
2018-12-24 10:35,4391
2018-12-24 10:40,4439
2018-12-24 10:45,4508
2018-12-24 10:50,4553
2018-12-24 10:55,4576
2018-12-24 11:00,4577
2018-12-24 11:05,4644
2018-12-24 11:10,4677
2018-12-24 11:15,4730
2018-12-24 11:20,4784
2018-12-24 11:25,4851
2018-12-24 11:30,4883
2018-12-24 11:35,4943
2018-12-24 11:40,4994
2018-12-24 11:45,5071
2018-12-24 11:50,5136
2018-12-24 11:55,5212
2018-12-24 12:00,5239
2018-12-24 12:05,5277
2018-12-24 12:10,5313
2018-12-24 12:15,5336
2018-12-24 12:20,5435
2018-12-24 12:25,5501
2018-12-24 12:30,5594
2018-12-24 12:35,5664
2018-12-24 12:40,5676
2018-12-24 12:45,5731
2018-12-24 12:50,5717
2018-12-24 12:55,5797
2018-12-24 13:00,5819
2018-12-24 13:05,5915
2018-12-24 13:10,5990
2018-12-24 13:15,5967
2018-12-24 13:20,6023
2018-12-24 13:25,6075
2018-12-24 13:30,6126
2018-12-24 13:35,6226
2018-12-24 13:40,6232
2018-12-24 13:45,6216
2018-12-24 13:50,6267
2018-12-24 13:55,6343
2018-12-24 14:00,6385
2018-12-24 14:05,6464
2018-12-24 14:10,6581
2018-12-24 14:15,6628
2018-12-24 14:20,6707
2018-12-24 14:25,6776
2018-12-24 14:30,6863
2018-12-24 14:35,6852
2018-12-24 14:40,6910
2018-12-24 14:45,6998
2018-12-24 14:50,7053
2018-12-24 14:55,7097
2018-12-24 15:00,7155
2018-12-24 15:05,7172
2018-12-24 15:10,7203
2018-12-24 15:15,7201
2018-12-24 15:20,7270
2018-12-24 15:25,7267
2018-12-24 15:30,7195
2018-12-24 15:35,7316
2018-12-24 15:40,7395
2018-12-24 15:45,7387
2018-12-24 15:50,7347
2018-12-24 15:55,7368
2018-12-24 16:00,7388
2018-12-24 16:05,7485
2018-12-24 16:10,7539
2018-12-24 16:15,7568
2018-12-24 16:20,7602
2018-12-24 16:25,7636
2018-12-24 16:30,7706
2018-12-24 16:35,7773
2018-12-24 16:40,7800
2018-12-24 16:45,7890
2018-12-24 16:50,7935
2018-12-24 16:55,7944
2018-12-24 17:00,7980
2018-12-24 17:05,8017
2018-12-24 17:10,8068
2018-12-24 17:15,8118
2018-12-24 17:20,8088
2018-12-24 17:25,8111
2018-12-24 17:30,8095
2018-12-24 17:35,8163
2018-12-24 17:40,8213
2018-12-24 17:45,8241
2018-12-24 17:50,8251
2018-12-24 17:55,8265
2018-12-24 18:00,8286
2018-12-24 18:05,8272
2018-12-24 18:10,8302
2018-12-24 18:15,8274
2018-12-24 18:20,8391
2018-12-24 18:25,8448
2018-12-24 18:30,8506
2018-12-24 18:35,8523
2018-12-24 18:40,8601
2018-12-24 18:45,8632
2018-12-24 18:50,8671
2018-12-24 18:55,8675
2018-12-24 19:00,8695
2018-12-24 19:05,8741
2018-12-24 19:10,8766
2018-12-24 19:15,8825
2018-12-24 19:20,8794
2018-12-24 19:25,8799
2018-12-24 19:30,8764
2018-12-24 19:35,8767
2018-12-24 19:40,8841
2018-12-24 19:45,8778
2018-12-24 19:50,8783
2018-12-24 19:55,8702
2018-12-24 20:00,8715
2018-12-24 20:05,8699
2018-12-24 20:10,8703
2018-12-24 20:15,8677
2018-12-24 20:20,8711
2018-12-24 20:25,8711
2018-12-24 20:30,8678
2018-12-24 20:35,8656
2018-12-24 20:40,8626
2018-12-24 20:45,8603
2018-12-24 20:50,8625
2018-12-24 20:55,8640
2018-12-24 21:00,8668
2018-12-24 21:05,8682
2018-12-24 21:10,8678
2018-12-24 21:15,8632
2018-12-24 21:20,8638
2018-12-24 21:25,8682
2018-12-24 21:30,8647
2018-12-24 21:35,8583
2018-12-24 21:40,8541
2018-12-24 21:45,8511
2018-12-24 21:50,8448
2018-12-24 21:55,8426
2018-12-24 22:00,8306
2018-12-24 22:05,8327
2018-12-24 22:10,8261
2018-12-24 22:15,8249
2018-12-24 22:20,8143
2018-12-24 22:25,8096
2018-12-24 22:30,8037
2018-12-24 22:35,8003
2018-12-24 22:40,7893
2018-12-24 22:45,7836
2018-12-24 22:50,7750
2018-12-24 22:55,7728
2018-12-24 23:00,7672
2018-12-24 23:05,7601
2018-12-24 23:10,7506
2018-12-24 23:15,7455
2018-12-24 23:20,7362
2018-12-24 23:25,7328
2018-12-24 23:30,7245
2018-12-24 23:35,7190
2018-12-24 23:40,7136
2018-12-24 23:45,7083
2018-12-24 23:50,6989
2018-12-24 23:55,6890
2018-12-25 00:00,6832
2018-12-25 00:05,6725
2018-12-25 00:10,6661
2018-12-25 00:15,6594
2018-12-25 00:20,6574
2018-12-25 00:25,6443
2018-12-25 00:30,6357
2018-12-25 00:35,6315
2018-12-25 00:40,6219
2018-12-25 00:45,6193
2018-12-25 00:50,6117
2018-12-25 00:55,6045
2018-12-25 01:00,5927
2018-12-25 01:05,5884
2018-12-25 01:10,5805
2018-12-25 01:15,5771
2018-12-25 01:20,5729
2018-12-25 01:25,5621
2018-12-25 01:30,5568
2018-12-25 01:35,5541
2018-12-25 01:40,5480
2018-12-25 01:45,5434
2018-12-25 01:50,5376
2018-12-25 01:55,5356
2018-12-25 02:00,5299
2018-12-25 02:05,5276
2018-12-25 02:10,5222
2018-12-25 02:15,5205
2018-12-25 02:20,5207
2018-12-25 02:25,5220
2018-12-25 02:30,5207
2018-12-25 02:35,5162
2018-12-25 02:40,5156
2018-12-25 02:45,5128
2018-12-25 02:50,5142
2018-12-25 02:55,5121
2018-12-25 03:00,5109
2018-12-25 03:05,5088
2018-12-25 03:10,5092
2018-12-25 03:15,5131
2018-12-25 03:20,5100
2018-12-25 03:25,5133
2018-12-25 03:30,5136
2018-12-25 03:35,5073
2018-12-25 03:40,5097
2018-12-25 03:45,5070
2018-12-25 03:50,5053
2018-12-25 03:55,5045
2018-12-25 04:00,5000
2018-12-25 04:05,5013
2018-12-25 04:10,5017
2018-12-25 04:15,5025
2018-12-25 04:20,5012
2018-12-25 04:25,5020
2018-12-25 04:30,4984
2018-12-25 04:35,4987
2018-12-25 04:40,4976
2018-12-25 04:45,4978
2018-12-25 04:50,4940
2018-12-25 04:55,4889
2018-12-25 05:00,4846
2018-12-25 05:05,4786
2018-12-25 05:10,4738
2018-12-25 05:15,4690
2018-12-25 05:20,4667
2018-12-25 05:25,4674
2018-12-25 05:30,4693
2018-12-25 05:35,4691
2018-12-25 05:40,4661
2018-12-25 05:45,4593
2018-12-25 05:50,4574
2018-12-25 05:55,4545
2018-12-25 06:00,4488
2018-12-25 06:05,4495
2018-12-25 06:10,4457
2018-12-25 06:15,4411
2018-12-25 06:20,4355
2018-12-25 06:25,4296
2018-12-25 06:30,4211
2018-12-25 06:35,4155
2018-12-25 06:40,4138
2018-12-25 06:45,4083
2018-12-25 06:50,4071
2018-12-25 06:55,4012
2018-12-25 07:00,3947
2018-12-25 07:05,3895
2018-12-25 07:10,3864
2018-12-25 07:15,3833
2018-12-25 07:20,3803
2018-12-25 07:25,3752
2018-12-25 07:30,3726
2018-12-25 07:35,3703
2018-12-25 07:40,3643
2018-12-25 07:45,3623
2018-12-25 07:50,3628
2018-12-25 07:55,3629
2018-12-25 08:00,3608
2018-12-25 08:05,3559
2018-12-25 08:10,3534
2018-12-25 08:15,3505
2018-12-25 08:20,3465
2018-12-25 08:25,3435
2018-12-25 08:30,3407
2018-12-25 08:35,3402
2018-12-25 08:40,3405
2018-12-25 08:45,3376
2018-12-25 08:50,3328
2018-12-25 08:55,3363
2018-12-25 09:00,3357
2018-12-25 09:05,3416
2018-12-25 09:10,3468
2018-12-25 09:15,3519
2018-12-25 09:20,3567
2018-12-25 09:25,3577
2018-12-25 09:30,3597
2018-12-25 09:35,3600
2018-12-25 09:40,3634
2018-12-25 09:45,3669
2018-12-25 09:50,3715
2018-12-25 09:55,3769
2018-12-25 10:00,3769
2018-12-25 10:05,3804
2018-12-25 10:10,3844
2018-12-25 10:15,3903
2018-12-25 10:20,3927
2018-12-25 10:25,3977
2018-12-25 10:30,4010
2018-12-25 10:35,4055
2018-12-25 10:40,4017
2018-12-25 10:45,4086
2018-12-25 10:50,4100
2018-12-25 10:55,4158
2018-12-25 11:00,4199
2018-12-25 11:05,4236
2018-12-25 11:10,4246
2018-12-25 11:15,4262
2018-12-25 11:20,4323
2018-12-25 11:25,4404
2018-12-25 11:30,4427
2018-12-25 11:35,4478
2018-12-25 11:40,4541
2018-12-25 11:45,4560
2018-12-25 11:50,4568
2018-12-25 11:55,4599
2018-12-25 12:00,4671
2018-12-25 12:05,4682
2018-12-25 12:10,4763
2018-12-25 12:15,4812
2018-12-25 12:20,4876
2018-12-25 12:25,4952
2018-12-25 12:30,4954
2018-12-25 12:35,4968
2018-12-25 12:40,5045
2018-12-25 12:45,5095
2018-12-25 12:50,5131
2018-12-25 12:55,5173
2018-12-25 13:00,5212
2018-12-25 13:05,5287
2018-12-25 13:10,5296
2018-12-25 13:15,5309
2018-12-25 13:20,5384
2018-12-25 13:25,5424
2018-12-25 13:30,5420
2018-12-25 13:35,5477
2018-12-25 13:40,5501
2018-12-25 13:45,5487
2018-12-25 13:50,5491
2018-12-25 13:55,5545
2018-12-25 14:00,5610
2018-12-25 14:05,5644
2018-12-25 14:10,5690
2018-12-25 14:15,5763
2018-12-25 14:20,5777
2018-12-25 14:25,5829
2018-12-25 14:30,5881
2018-12-25 14:35,5937
2018-12-25 14:40,6013
2018-12-25 14:45,6065
2018-12-25 14:50,6063
2018-12-25 14:55,6141
2018-12-25 15:00,6192
2018-12-25 15:05,6306
2018-12-25 15:10,6355
2018-12-25 15:15,6375
2018-12-25 15:20,6382
2018-12-25 15:25,6465
2018-12-25 15:30,6495
2018-12-25 15:35,6570
2018-12-25 15:40,6589
2018-12-25 15:45,6656
2018-12-25 15:50,6770
2018-12-25 15:55,6815
2018-12-25 16:00,6861
2018-12-25 16:05,6895
2018-12-25 16:10,6965
2018-12-25 16:15,6970
2018-12-25 16:20,7059
2018-12-25 16:25,7137
2018-12-25 16:30,7164
2018-12-25 16:35,7244
2018-12-25 16:40,7308
2018-12-25 16:45,7386
2018-12-25 16:50,7417
2018-12-25 16:55,7489
2018-12-25 17:00,7546
2018-12-25 17:05,7626
2018-12-25 17:10,7650
2018-12-25 17:15,7682
2018-12-25 17:20,7741
2018-12-25 17:25,7838
2018-12-25 17:30,7885
2018-12-25 17:35,7958
2018-12-25 17:40,7999
2018-12-25 17:45,8104
2018-12-25 17:50,8149
2018-12-25 17:55,8224
2018-12-25 18:00,8274
2018-12-25 18:05,8328
2018-12-25 18:10,8419
2018-12-25 18:15,8462
2018-12-25 18:20,8552
2018-12-25 18:25,8637
2018-12-25 18:30,8735
2018-12-25 18:35,8750
2018-12-25 18:40,8767
2018-12-25 18:45,8783
2018-12-25 18:50,8841
2018-12-25 18:55,8917
2018-12-25 19:00,8986
2018-12-25 19:05,9027
2018-12-25 19:10,9033
2018-12-25 19:15,9062
2018-12-25 19:20,9086
2018-12-25 19:25,9129
2018-12-25 19:30,9191
2018-12-25 19:35,9178
2018-12-25 19:40,9121
2018-12-25 19:45,9130
2018-12-25 19:50,9062
2018-12-25 19:55,9148
2018-12-25 20:00,9209
2018-12-25 20:05,9196
2018-12-25 20:10,9228
2018-12-25 20:15,9257
2018-12-25 20:20,9265
2018-12-25 20:25,9295
2018-12-25 20:30,9389
2018-12-25 20:35,9376
2018-12-25 20:40,9455
2018-12-25 20:45,9440
2018-12-25 20:50,9455
2018-12-25 20:55,9425
2018-12-25 21:00,9410
2018-12-25 21:05,9395
2018-12-25 21:10,9346
2018-12-25 21:15,9357
2018-12-25 21:20,9307
2018-12-25 21:25,9315
2018-12-25 21:30,9332
2018-12-25 21:35,9312
2018-12-25 21:40,9364
2018-12-25 21:45,9362
2018-12-25 21:50,9277
2018-12-25 21:55,9215
2018-12-25 22:00,9185
2018-12-25 22:05,9118
2018-12-25 22:10,9109
2018-12-25 22:15,9073
2018-12-25 22:20,9064
2018-12-25 22:25,9035
2018-12-25 22:30,9042
2018-12-25 22:35,8985
2018-12-25 22:40,8981
2018-12-25 22:45,8963
2018-12-25 22:50,8929
2018-12-25 22:55,8846
2018-12-25 23:00,8744
2018-12-25 23:05,8728
2018-12-25 23:10,8632
2018-12-25 23:15,8557
2018-12-25 23:20,8496
2018-12-25 23:25,8430
2018-12-25 23:30,8366
2018-12-25 23:35,8314
2018-12-25 23:40,8280
2018-12-25 23:45,8229
2018-12-25 23:50,8186
2018-12-25 23:55,8125
2018-12-26 00:00,8034
2018-12-26 00:05,7957
2018-12-26 00:10,7883
2018-12-26 00:15,7806
2018-12-26 00:20,7635
2018-12-26 00:25,7580
2018-12-26 00:30,7572
2018-12-26 00:35,7563
2018-12-26 00:40,7525
2018-12-26 00:45,7483
2018-12-26 00:50,7421
2018-12-26 00:55,7352
2018-12-26 01:00,7269
2018-12-26 01:05,7179
2018-12-26 01:10,7109
2018-12-26 01:15,7079
2018-12-26 01:20,7108
2018-12-26 01:25,7085
2018-12-26 01:30,7107
2018-12-26 01:35,7107
2018-12-26 01:40,7058
2018-12-26 01:45,7002
2018-12-26 01:50,7001
2018-12-26 01:55,6998
2018-12-26 02:00,6942
2018-12-26 02:05,6944
2018-12-26 02:10,6888
2018-12-26 02:15,6905
2018-12-26 02:20,6899
2018-12-26 02:25,6882
2018-12-26 02:30,6881
2018-12-26 02:35,6884
2018-12-26 02:40,6807
2018-12-26 02:45,6796
2018-12-26 02:50,6770
2018-12-26 02:55,6749
2018-12-26 03:00,6681
2018-12-26 03:05,6634
2018-12-26 03:10,6570
2018-12-26 03:15,6546
2018-12-26 03:20,6522
2018-12-26 03:25,6480
2018-12-26 03:30,6450
2018-12-26 03:35,6385
2018-12-26 03:40,6388
2018-12-26 03:45,6339
2018-12-26 03:50,6306
2018-12-26 03:55,6273
2018-12-26 04:00,6225
2018-12-26 04:05,6139
2018-12-26 04:10,6067
2018-12-26 04:15,6020
2018-12-26 04:20,5994
2018-12-26 04:25,5950
2018-12-26 04:30,5957
2018-12-26 04:35,5890
2018-12-26 04:40,5851
2018-12-26 04:45,5776
2018-12-26 04:50,5732
2018-12-26 04:55,5668
2018-12-26 05:00,5597
2018-12-26 05:05,5532
2018-12-26 05:10,5443
2018-12-26 05:15,5402
2018-12-26 05:20,5318
2018-12-26 05:25,5251
2018-12-26 05:30,5178
2018-12-26 05:35,5140
2018-12-26 05:40,5061
2018-12-26 05:45,5011
2018-12-26 05:50,4950
2018-12-26 05:55,4896
2018-12-26 06:00,4823
2018-12-26 06:05,4749
2018-12-26 06:10,4668
2018-12-26 06:15,4569
2018-12-26 06:20,4545
2018-12-26 06:25,4465
2018-12-26 06:30,4385
2018-12-26 06:35,4276
2018-12-26 06:40,4185
2018-12-26 06:45,4116
2018-12-26 06:50,4071
2018-12-26 06:55,4041
2018-12-26 07:00,3959
2018-12-26 07:05,3898
2018-12-26 07:10,3840
2018-12-26 07:15,3816
2018-12-26 07:20,3721
2018-12-26 07:25,3647
2018-12-26 07:30,3576
2018-12-26 07:35,3540
2018-12-26 07:40,3491
2018-12-26 07:45,3428
2018-12-26 07:50,3371
2018-12-26 07:55,3338
2018-12-26 08:00,3261
2018-12-26 08:05,3267
2018-12-26 08:10,3234
2018-12-26 08:15,3225
2018-12-26 08:20,3227
2018-12-26 08:25,3211
2018-12-26 08:30,3209
2018-12-26 08:35,3193
2018-12-26 08:40,3168
2018-12-26 08:45,3159
2018-12-26 08:50,3162
2018-12-26 08:55,3157
2018-12-26 09:00,3162
2018-12-26 09:05,3215
2018-12-26 09:10,3247
2018-12-26 09:15,3249
2018-12-26 09:20,3276
2018-12-26 09:25,3287
2018-12-26 09:30,3289
2018-12-26 09:35,3311
2018-12-26 09:40,3366
2018-12-26 09:45,3393
2018-12-26 09:50,3395
2018-12-26 09:55,3459
2018-12-26 10:00,3508
2018-12-26 10:05,3579
2018-12-26 10:10,3616
2018-12-26 10:15,3709
2018-12-26 10:20,3703
2018-12-26 10:25,3732
2018-12-26 10:30,3773
2018-12-26 10:35,3842
2018-12-26 10:40,3900
2018-12-26 10:45,3932
2018-12-26 10:50,3980
2018-12-26 10:55,4003
2018-12-26 11:00,4026
2018-12-26 11:05,4014
2018-12-26 11:10,4079
2018-12-26 11:15,4096
2018-12-26 11:20,4118
2018-12-26 11:25,4140
2018-12-26 11:30,4210
2018-12-26 11:35,4245
2018-12-26 11:40,4294
2018-12-26 11:45,4395
2018-12-26 11:50,4419
2018-12-26 11:55,4442
2018-12-26 12:00,4475
2018-12-26 12:05,4545
2018-12-26 12:10,4626
2018-12-26 12:15,4747
2018-12-26 12:20,4796
2018-12-26 12:25,4899
2018-12-26 12:30,4998
2018-12-26 12:35,5110
2018-12-26 12:40,5128
2018-12-26 12:45,5182
2018-12-26 12:50,5193
2018-12-26 12:55,5230
2018-12-26 13:00,5287
2018-12-26 13:05,5318
2018-12-26 13:10,5409
2018-12-26 13:15,5468
2018-12-26 13:20,5521
2018-12-26 13:25,5566
2018-12-26 13:30,5610
2018-12-26 13:35,5670
2018-12-26 13:40,5701
2018-12-26 13:45,5755
2018-12-26 13:50,5757
2018-12-26 13:55,5869
2018-12-26 14:00,5915
2018-12-26 14:05,6002
2018-12-26 14:10,6092
2018-12-26 14:15,6208
2018-12-26 14:20,6223
2018-12-26 14:25,6282
2018-12-26 14:30,6371
2018-12-26 14:35,6466
2018-12-26 14:40,6525
2018-12-26 14:45,6515
2018-12-26 14:50,6555
2018-12-26 14:55,6635
2018-12-26 15:00,6685
2018-12-26 15:05,6684
2018-12-26 15:10,6715
2018-12-26 15:15,6800
2018-12-26 15:20,6860
2018-12-26 15:25,6902
2018-12-26 15:30,6973
2018-12-26 15:35,7014
2018-12-26 15:40,7039
2018-12-26 15:45,7088
2018-12-26 15:50,7171
2018-12-26 15:55,7272
2018-12-26 16:00,7351
2018-12-26 16:05,7393
2018-12-26 16:10,7444
2018-12-26 16:15,7526
2018-12-26 16:20,7511
2018-12-26 16:25,7641
2018-12-26 16:30,7680
2018-12-26 16:35,7779
2018-12-26 16:40,7857
2018-12-26 16:45,7945
2018-12-26 16:50,7977
2018-12-26 16:55,8040
2018-12-26 17:00,8112
2018-12-26 17:05,8108
2018-12-26 17:10,8163
2018-12-26 17:15,8195
2018-12-26 17:20,8285
2018-12-26 17:25,8314
2018-12-26 17:30,8349
2018-12-26 17:35,8436
2018-12-26 17:40,8509
2018-12-26 17:45,8566
2018-12-26 17:50,8640
2018-12-26 17:55,8682
2018-12-26 18:00,8716
2018-12-26 18:05,8764
2018-12-26 18:10,8754
2018-12-26 18:15,8781
2018-12-26 18:20,8862
2018-12-26 18:25,8906
2018-12-26 18:30,9033
2018-12-26 18:35,9097
2018-12-26 18:40,9092
2018-12-26 18:45,9103
2018-12-26 18:50,9221
2018-12-26 18:55,9263
2018-12-26 19:00,9327
2018-12-26 19:05,9343
2018-12-26 19:10,9362
2018-12-26 19:15,9420
2018-12-26 19:20,9522
2018-12-26 19:25,9551
2018-12-26 19:30,9589
2018-12-26 19:35,9622
2018-12-26 19:40,9678
2018-12-26 19:45,9682
2018-12-26 19:50,9681
2018-12-26 19:55,9702
2018-12-26 20:00,9676
2018-12-26 20:05,9662
2018-12-26 20:10,9670
2018-12-26 20:15,9621
2018-12-26 20:20,9629
2018-12-26 20:25,9656
2018-12-26 20:30,9628
2018-12-26 20:35,9667
2018-12-26 20:40,9699
2018-12-26 20:45,9744
2018-12-26 20:50,9774
2018-12-26 20:55,9806
2018-12-26 21:00,9768
2018-12-26 21:05,9728
2018-12-26 21:10,9761
2018-12-26 21:15,9711
2018-12-26 21:20,9739
2018-12-26 21:25,9678
2018-12-26 21:30,9670
2018-12-26 21:35,9707
2018-12-26 21:40,9766
2018-12-26 21:45,9748
2018-12-26 21:50,9763
2018-12-26 21:55,9657
2018-12-26 22:00,9574
2018-12-26 22:05,9586
2018-12-26 22:10,9594
2018-12-26 22:15,9515
2018-12-26 22:20,9494
2018-12-26 22:25,9446
2018-12-26 22:30,9393
2018-12-26 22:35,9368
2018-12-26 22:40,9340
2018-12-26 22:45,9231
2018-12-26 22:50,9139
2018-12-26 22:55,9105
2018-12-26 23:00,9010
2018-12-26 23:05,8923
2018-12-26 23:10,8855
2018-12-26 23:15,8769
2018-12-26 23:20,8672
2018-12-26 23:25,8616
2018-12-26 23:30,8511
2018-12-26 23:35,8451
2018-12-26 23:40,8410
2018-12-26 23:45,8338
2018-12-26 23:50,8312
2018-12-26 23:55,8272
2018-12-27 00:00,8241
2018-12-27 00:05,8151
2018-12-27 00:10,8054
2018-12-27 00:15,7997
2018-12-27 00:20,7968
2018-12-27 00:25,7913
2018-12-27 00:30,7844
2018-12-27 00:35,7861
2018-12-27 00:40,7873
2018-12-27 00:45,7886
2018-12-27 00:50,7825
2018-12-27 00:55,7810
2018-12-27 01:00,7773
2018-12-27 01:05,7754
2018-12-27 01:10,7713
2018-12-27 01:15,7585
2018-12-27 01:20,7418
2018-12-27 01:25,7281
2018-12-27 01:30,7146
2018-12-27 01:35,7011
2018-12-27 01:40,7014
2018-12-27 01:45,7021
2018-12-27 01:50,7051
2018-12-27 01:55,7067
2018-12-27 02:00,7052
2018-12-27 02:05,7068
2018-12-27 02:10,7038
2018-12-27 02:15,7065
2018-12-27 02:20,7104
2018-12-27 02:25,7079
2018-12-27 02:30,7070
2018-12-27 02:35,7046
2018-12-27 02:40,7034
2018-12-27 02:45,7025
2018-12-27 02:50,7010
2018-12-27 02:55,7041
2018-12-27 03:00,7019
2018-12-27 03:05,6989
2018-12-27 03:10,6915
2018-12-27 03:15,6927
2018-12-27 03:20,6906
2018-12-27 03:25,6854
2018-12-27 03:30,6830
2018-12-27 03:35,6869
2018-12-27 03:40,6842
2018-12-27 03:45,6795
2018-12-27 03:50,6718
2018-12-27 03:55,6628
2018-12-27 04:00,6571
2018-12-27 04:05,6530
2018-12-27 04:10,6478
2018-12-27 04:15,6415
2018-12-27 04:20,6317
2018-12-27 04:25,6259
2018-12-27 04:30,6192
2018-12-27 04:35,6113
2018-12-27 04:40,6107
2018-12-27 04:45,6052
2018-12-27 04:50,5979
2018-12-27 04:55,5898
2018-12-27 05:00,5795
2018-12-27 05:05,5738
2018-12-27 05:10,5687
2018-12-27 05:15,5659
2018-12-27 05:20,5535
2018-12-27 05:25,5499
2018-12-27 05:30,5482
2018-12-27 05:35,5450
2018-12-27 05:40,5387
2018-12-27 05:45,5299
2018-12-27 05:50,5231
2018-12-27 05:55,5195
2018-12-27 06:00,5108
2018-12-27 06:05,4987
2018-12-27 06:10,4896
2018-12-27 06:15,4806
2018-12-27 06:20,4721
2018-12-27 06:25,4703
2018-12-27 06:30,4631
2018-12-27 06:35,4587
2018-12-27 06:40,4505
2018-12-27 06:45,4405
2018-12-27 06:50,4391
2018-12-27 06:55,4335
2018-12-27 07:00,4277
2018-12-27 07:05,4188
2018-12-27 07:10,4096
2018-12-27 07:15,4035
2018-12-27 07:20,3979
2018-12-27 07:25,3934
2018-12-27 07:30,3887
2018-12-27 07:35,3833
2018-12-27 07:40,3819
2018-12-27 07:45,3750
2018-12-27 07:50,3743
2018-12-27 07:55,3711
2018-12-27 08:00,3656
2018-12-27 08:05,3596
2018-12-27 08:10,3575
2018-12-27 08:15,3536
2018-12-27 08:20,3496
2018-12-27 08:25,3472
2018-12-27 08:30,3453
2018-12-27 08:35,3472
2018-12-27 08:40,3464
2018-12-27 08:45,3433
2018-12-27 08:50,3427
2018-12-27 08:55,3393
2018-12-27 09:00,3374
2018-12-27 09:05,3415
2018-12-27 09:10,3451
2018-12-27 09:15,3481
2018-12-27 09:20,3426
2018-12-27 09:25,3440
2018-12-27 09:30,3435
2018-12-27 09:35,3468
2018-12-27 09:40,3463
2018-12-27 09:45,3487
2018-12-27 09:50,3520
2018-12-27 09:55,3518
2018-12-27 10:00,3532
2018-12-27 10:05,3595
2018-12-27 10:10,3626
2018-12-27 10:15,3680
2018-12-27 10:20,3728
2018-12-27 10:25,3770
2018-12-27 10:30,3809
2018-12-27 10:35,3871
2018-12-27 10:40,3878
2018-12-27 10:45,3910
2018-12-27 10:50,3982
2018-12-27 10:55,3976
2018-12-27 11:00,4037
2018-12-27 11:05,4097
2018-12-27 11:10,4168
2018-12-27 11:15,4187
2018-12-27 11:20,4257
2018-12-27 11:25,4326
2018-12-27 11:30,4386
2018-12-27 11:35,4461
2018-12-27 11:40,4481
2018-12-27 11:45,4533
2018-12-27 11:50,4548
2018-12-27 11:55,4611
2018-12-27 12:00,4699
2018-12-27 12:05,4737
2018-12-27 12:10,4755
2018-12-27 12:15,4839
2018-12-27 12:20,4932
2018-12-27 12:25,4964
2018-12-27 12:30,5002
2018-12-27 12:35,5077
2018-12-27 12:40,5115
2018-12-27 12:45,5183
2018-12-27 12:50,5280
2018-12-27 12:55,5363
2018-12-27 13:00,5461
2018-12-27 13:05,5501
2018-12-27 13:10,5591
2018-12-27 13:15,5633
2018-12-27 13:20,5675
2018-12-27 13:25,5729
2018-12-27 13:30,5783
2018-12-27 13:35,5783
2018-12-27 13:40,5878
2018-12-27 13:45,5928
2018-12-27 13:50,5961
2018-12-27 13:55,6021
2018-12-27 14:00,6101
2018-12-27 14:05,6111
2018-12-27 14:10,6151
2018-12-27 14:15,6164
2018-12-27 14:20,6197
2018-12-27 14:25,6272
2018-12-27 14:30,6369
2018-12-27 14:35,6507
2018-12-27 14:40,6554
2018-12-27 14:45,6609
2018-12-27 14:50,6673
2018-12-27 14:55,6652
2018-12-27 15:00,6701
2018-12-27 15:05,6745
2018-12-27 15:10,6811
2018-12-27 15:15,6865
2018-12-27 15:20,6952
2018-12-27 15:25,6995
2018-12-27 15:30,7031
2018-12-27 15:35,7048
2018-12-27 15:40,7144
2018-12-27 15:45,7160
2018-12-27 15:50,7262
2018-12-27 15:55,7285
2018-12-27 16:00,7334
2018-12-27 16:05,7378
2018-12-27 16:10,7451
2018-12-27 16:15,7517
2018-12-27 16:20,7569
2018-12-27 16:25,7625
2018-12-27 16:30,7647
2018-12-27 16:35,7723
2018-12-27 16:40,7779
2018-12-27 16:45,7884
2018-12-27 16:50,7904
2018-12-27 16:55,7953
2018-12-27 17:00,8011
2018-12-27 17:05,8080
2018-12-27 17:10,8143
2018-12-27 17:15,8209
2018-12-27 17:20,8244
2018-12-27 17:25,8253
2018-12-27 17:30,8302
2018-12-27 17:35,8281
2018-12-27 17:40,8365
2018-12-27 17:45,8371
2018-12-27 17:50,8417
2018-12-27 17:55,8425
2018-12-27 18:00,8474
2018-12-27 18:05,8566
2018-12-27 18:10,8613
2018-12-27 18:15,8663
2018-12-27 18:20,8716
2018-12-27 18:25,8744
2018-12-27 18:30,8758
2018-12-27 18:35,8811
2018-12-27 18:40,8925
2018-12-27 18:45,9007
2018-12-27 18:50,9022
2018-12-27 18:55,9057
2018-12-27 19:00,9153
2018-12-27 19:05,9178
2018-12-27 19:10,9214
2018-12-27 19:15,9255
2018-12-27 19:20,9339
2018-12-27 19:25,9341
2018-12-27 19:30,9341
2018-12-27 19:35,9421
2018-12-27 19:40,9467
2018-12-27 19:45,9462
2018-12-27 19:50,9513
2018-12-27 19:55,9492
2018-12-27 20:00,9523
2018-12-27 20:05,9443
2018-12-27 20:10,9460
2018-12-27 20:15,9447
2018-12-27 20:20,9562
2018-12-27 20:25,9555
2018-12-27 20:30,9590
2018-12-27 20:35,9566
2018-12-27 20:40,9568
2018-12-27 20:45,9578
2018-12-27 20:50,9589
2018-12-27 20:55,9654
2018-12-27 21:00,9623
2018-12-27 21:05,9641
2018-12-27 21:10,9623
2018-12-27 21:15,9616
2018-12-27 21:20,9557
2018-12-27 21:25,9577
2018-12-27 21:30,9627
2018-12-27 21:35,9680
2018-12-27 21:40,9700
2018-12-27 21:45,9689
2018-12-27 21:50,9667
2018-12-27 21:55,9612
2018-12-27 22:00,9584
2018-12-27 22:05,9614
2018-12-27 22:10,9532
2018-12-27 22:15,9492
2018-12-27 22:20,9482
2018-12-27 22:25,9492
2018-12-27 22:30,9449
2018-12-27 22:35,9375
2018-12-27 22:40,9401
2018-12-27 22:45,9372
2018-12-27 22:50,9342
2018-12-27 22:55,9290
2018-12-27 23:00,9181
2018-12-27 23:05,9118
2018-12-27 23:10,9035
2018-12-27 23:15,8915
2018-12-27 23:20,8892
2018-12-27 23:25,8873
2018-12-27 23:30,8790
2018-12-27 23:35,8706
2018-12-27 23:40,8634
2018-12-27 23:45,8559
2018-12-27 23:50,8459
2018-12-27 23:55,8350
2018-12-28 00:00,8306
2018-12-28 00:05,8238
2018-12-28 00:10,8192
2018-12-28 00:15,8140
2018-12-28 00:20,8043
2018-12-28 00:25,8000
2018-12-28 00:30,7959
2018-12-28 00:35,7910
2018-12-28 00:40,7876
2018-12-28 00:45,7829
2018-12-28 00:50,7791
2018-12-28 00:55,7800
2018-12-28 01:00,7751
2018-12-28 01:05,7737
2018-12-28 01:10,7758
2018-12-28 01:15,7713
2018-12-28 01:20,7604
2018-12-28 01:25,7555
2018-12-28 01:30,7434
2018-12-28 01:35,7413
2018-12-28 01:40,7380
2018-12-28 01:45,7391
2018-12-28 01:50,7326
2018-12-28 01:55,7355
2018-12-28 02:00,7286
2018-12-28 02:05,7280
2018-12-28 02:10,7280
2018-12-28 02:15,7255
2018-12-28 02:20,7186
2018-12-28 02:25,7141
2018-12-28 02:30,7126
2018-12-28 02:35,7108
2018-12-28 02:40,7135
2018-12-28 02:45,7114
2018-12-28 02:50,7044
2018-12-28 02:55,7043
2018-12-28 03:00,6970
2018-12-28 03:05,6920
2018-12-28 03:10,6874
2018-12-28 03:15,6776
2018-12-28 03:20,6716
2018-12-28 03:25,6717
2018-12-28 03:30,6651
2018-12-28 03:35,6605
2018-12-28 03:40,6549
2018-12-28 03:45,6537
2018-12-28 03:50,6444
2018-12-28 03:55,6417
2018-12-28 04:00,6436
2018-12-28 04:05,6361
2018-12-28 04:10,6332
2018-12-28 04:15,6332
2018-12-28 04:20,6272
2018-12-28 04:25,6249
2018-12-28 04:30,6153
2018-12-28 04:35,6089
2018-12-28 04:40,6061
2018-12-28 04:45,6004
2018-12-28 04:50,5904
2018-12-28 04:55,5821
2018-12-28 05:00,5767
2018-12-28 05:05,5674
2018-12-28 05:10,5611
2018-12-28 05:15,5516
2018-12-28 05:20,5443
2018-12-28 05:25,5396
2018-12-28 05:30,5323
2018-12-28 05:35,5305
2018-12-28 05:40,5214
2018-12-28 05:45,5142
2018-12-28 05:50,5135
2018-12-28 05:55,5071
2018-12-28 06:00,5017
2018-12-28 06:05,4957
2018-12-28 06:10,4858
2018-12-28 06:15,4812
2018-12-28 06:20,4773
2018-12-28 06:25,4674
2018-12-28 06:30,4598
2018-12-28 06:35,4508
2018-12-28 06:40,4425
2018-12-28 06:45,4340
2018-12-28 06:50,4293
2018-12-28 06:55,4247
2018-12-28 07:00,4161
2018-12-28 07:05,4080
2018-12-28 07:10,4027
2018-12-28 07:15,3952
2018-12-28 07:20,3927
2018-12-28 07:25,3917
2018-12-28 07:30,3849
2018-12-28 07:35,3790
2018-12-28 07:40,3740
2018-12-28 07:45,3705
2018-12-28 07:50,3659
2018-12-28 07:55,3641
2018-12-28 08:00,3604
2018-12-28 08:05,3572
2018-12-28 08:10,3502
2018-12-28 08:15,3492
2018-12-28 08:20,3466
2018-12-28 08:25,3460
2018-12-28 08:30,3412
2018-12-28 08:35,3412
2018-12-28 08:40,3359
2018-12-28 08:45,3371
2018-12-28 08:50,3387
2018-12-28 08:55,3357
2018-12-28 09:00,3357
2018-12-28 09:05,3343
2018-12-28 09:10,3400
2018-12-28 09:15,3423
2018-12-28 09:20,3428
2018-12-28 09:25,3466
2018-12-28 09:30,3488
2018-12-28 09:35,3494
2018-12-28 09:40,3543
2018-12-28 09:45,3595
2018-12-28 09:50,3622
2018-12-28 09:55,3631
2018-12-28 10:00,3658
2018-12-28 10:05,3664
2018-12-28 10:10,3719
2018-12-28 10:15,3754
2018-12-28 10:20,3799
2018-12-28 10:25,3855
2018-12-28 10:30,3906
2018-12-28 10:35,3969
2018-12-28 10:40,3991
2018-12-28 10:45,4048
2018-12-28 10:50,4116
2018-12-28 10:55,4160
2018-12-28 11:00,4196
2018-12-28 11:05,4235
2018-12-28 11:10,4259
2018-12-28 11:15,4356
2018-12-28 11:20,4427
2018-12-28 11:25,4474
2018-12-28 11:30,4522
2018-12-28 11:35,4561
2018-12-28 11:40,4676
2018-12-28 11:45,4701
2018-12-28 11:50,4741
2018-12-28 11:55,4850
2018-12-28 12:00,4887
2018-12-28 12:05,4957
2018-12-28 12:10,4994
2018-12-28 12:15,5004
2018-12-28 12:20,5048
2018-12-28 12:25,5069
2018-12-28 12:30,5132
2018-12-28 12:35,5175
2018-12-28 12:40,5266
2018-12-28 12:45,5341
2018-12-28 12:50,5396
2018-12-28 12:55,5412
2018-12-28 13:00,5426
2018-12-28 13:05,5475
2018-12-28 13:10,5521
2018-12-28 13:15,5623
2018-12-28 13:20,5647
2018-12-28 13:25,5683
2018-12-28 13:30,5757
2018-12-28 13:35,5774
2018-12-28 13:40,5822
2018-12-28 13:45,5868
2018-12-28 13:50,5944
2018-12-28 13:55,6021
2018-12-28 14:00,6056
2018-12-28 14:05,6192
2018-12-28 14:10,6250
2018-12-28 14:15,6302
2018-12-28 14:20,6355
2018-12-28 14:25,6407
2018-12-28 14:30,6478
2018-12-28 14:35,6502
2018-12-28 14:40,6585
2018-12-28 14:45,6675
2018-12-28 14:50,6745
2018-12-28 14:55,6805
2018-12-28 15:00,6826
2018-12-28 15:05,6874
2018-12-28 15:10,6893
2018-12-28 15:15,6983
2018-12-28 15:20,7031
2018-12-28 15:25,7129
2018-12-28 15:30,7192
2018-12-28 15:35,7256
2018-12-28 15:40,7309
2018-12-28 15:45,7397
2018-12-28 15:50,7547
2018-12-28 15:55,7620
2018-12-28 16:00,7646
2018-12-28 16:05,7657
2018-12-28 16:10,7687
2018-12-28 16:15,7705
2018-12-28 16:20,7794
2018-12-28 16:25,7876
2018-12-28 16:30,7974
2018-12-28 16:35,8061
2018-12-28 16:40,8103
2018-12-28 16:45,8086
2018-12-28 16:50,8189
2018-12-28 16:55,8216
2018-12-28 17:00,8275
2018-12-28 17:05,8323
2018-12-28 17:10,8357
2018-12-28 17:15,8365
2018-12-28 17:20,8464
2018-12-28 17:25,8519
2018-12-28 17:30,8566
2018-12-28 17:35,8613
2018-12-28 17:40,8626
2018-12-28 17:45,8629
2018-12-28 17:50,8691
2018-12-28 17:55,8706
2018-12-28 18:00,8724
2018-12-28 18:05,8791
2018-12-28 18:10,8768
2018-12-28 18:15,8908
2018-12-28 18:20,8911
2018-12-28 18:25,8921
2018-12-28 18:30,8965
2018-12-28 18:35,9048
2018-12-28 18:40,9095
2018-12-28 18:45,9184
2018-12-28 18:50,9148
2018-12-28 18:55,9177
2018-12-28 19:00,9201
2018-12-28 19:05,9228
2018-12-28 19:10,9281
2018-12-28 19:15,9325
2018-12-28 19:20,9332
2018-12-28 19:25,9379
2018-12-28 19:30,9386
2018-12-28 19:35,9422
2018-12-28 19:40,9469
2018-12-28 19:45,9508
2018-12-28 19:50,9573
2018-12-28 19:55,9616
2018-12-28 20:00,9657
2018-12-28 20:05,9750
2018-12-28 20:10,9737
2018-12-28 20:15,9727
2018-12-28 20:20,9656
2018-12-28 20:25,9725
2018-12-28 20:30,9820
2018-12-28 20:35,9769
2018-12-28 20:40,9760
2018-12-28 20:45,9760
2018-12-28 20:50,9753
2018-12-28 20:55,9756
2018-12-28 21:00,9774
2018-12-28 21:05,9802
2018-12-28 21:10,9838
2018-12-28 21:15,9860
2018-12-28 21:20,9865
2018-12-28 21:25,9867
2018-12-28 21:30,9815
2018-12-28 21:35,9789
2018-12-28 21:40,9781
2018-12-28 21:45,9816
2018-12-28 21:50,9764
2018-12-28 21:55,9757
2018-12-28 22:00,9725
2018-12-28 22:05,9683
2018-12-28 22:10,9621
2018-12-28 22:15,9642
2018-12-28 22:20,9604
2018-12-28 22:25,9530
2018-12-28 22:30,9460
2018-12-28 22:35,9394
2018-12-28 22:40,9311
2018-12-28 22:45,9301
2018-12-28 22:50,9271
2018-12-28 22:55,9227
2018-12-28 23:00,9182
2018-12-28 23:05,9079
2018-12-28 23:10,9027
2018-12-28 23:15,8947
2018-12-28 23:20,8867
2018-12-28 23:25,8825
2018-12-28 23:30,8711
2018-12-28 23:35,8647
2018-12-28 23:40,8629
2018-12-28 23:45,8565
2018-12-28 23:50,8547
2018-12-28 23:55,8484
2018-12-29 00:00,8449
2018-12-29 00:05,8382
2018-12-29 00:10,8306
2018-12-29 00:15,8279
2018-12-29 00:20,8244
2018-12-29 00:25,8191
2018-12-29 00:30,8162
2018-12-29 00:35,8014
2018-12-29 00:40,7984
2018-12-29 00:45,7925
2018-12-29 00:50,7912
2018-12-29 00:55,7839
2018-12-29 01:00,7741
2018-12-29 01:05,7723
2018-12-29 01:10,7701
2018-12-29 01:15,7685
2018-12-29 01:20,7647
2018-12-29 01:25,7577
2018-12-29 01:30,7518
2018-12-29 01:35,7511
2018-12-29 01:40,7467
2018-12-29 01:45,7430
2018-12-29 01:50,7355
2018-12-29 01:55,7334
2018-12-29 02:00,7238
2018-12-29 02:05,7195
2018-12-29 02:10,7230
2018-12-29 02:15,7184
2018-12-29 02:20,7111
2018-12-29 02:25,7155
2018-12-29 02:30,7075
2018-12-29 02:35,7003
2018-12-29 02:40,6943
2018-12-29 02:45,6978
2018-12-29 02:50,6967
2018-12-29 02:55,6911
2018-12-29 03:00,6892
2018-12-29 03:05,6918
2018-12-29 03:10,6858
2018-12-29 03:15,6806
2018-12-29 03:20,6760
2018-12-29 03:25,6766
2018-12-29 03:30,6706
2018-12-29 03:35,6704
2018-12-29 03:40,6713
2018-12-29 03:45,6677
2018-12-29 03:50,6643
2018-12-29 03:55,6637
2018-12-29 04:00,6597
2018-12-29 04:05,6577
2018-12-29 04:10,6524
2018-12-29 04:15,6512
2018-12-29 04:20,6452
2018-12-29 04:25,6395
2018-12-29 04:30,6355
2018-12-29 04:35,6322
2018-12-29 04:40,6281
2018-12-29 04:45,6231
2018-12-29 04:50,6139
2018-12-29 04:55,6051
2018-12-29 05:00,6008
2018-12-29 05:05,5940
2018-12-29 05:10,5865
2018-12-29 05:15,5798
2018-12-29 05:20,5799
2018-12-29 05:25,5729
2018-12-29 05:30,5667
2018-12-29 05:35,5594
2018-12-29 05:40,5540
2018-12-29 05:45,5449
2018-12-29 05:50,5409
2018-12-29 05:55,5346
2018-12-29 06:00,5318
2018-12-29 06:05,5261
2018-12-29 06:10,5183
2018-12-29 06:15,5123
2018-12-29 06:20,5025
2018-12-29 06:25,4993
2018-12-29 06:30,4884
2018-12-29 06:35,4820
2018-12-29 06:40,4789
2018-12-29 06:45,4757
2018-12-29 06:50,4660
2018-12-29 06:55,4596
2018-12-29 07:00,4575
2018-12-29 07:05,4504
2018-12-29 07:10,4386
2018-12-29 07:15,4331
2018-12-29 07:20,4286
2018-12-29 07:25,4229
2018-12-29 07:30,4187
2018-12-29 07:35,4164
2018-12-29 07:40,4109
2018-12-29 07:45,4078
2018-12-29 07:50,4033
2018-12-29 07:55,3935
2018-12-29 08:00,3921
2018-12-29 08:05,3842
2018-12-29 08:10,3827
2018-12-29 08:15,3790
2018-12-29 08:20,3746
2018-12-29 08:25,3715
2018-12-29 08:30,3657
2018-12-29 08:35,3628
2018-12-29 08:40,3616
2018-12-29 08:45,3626
2018-12-29 08:50,3616
2018-12-29 08:55,3566
2018-12-29 09:00,3562
2018-12-29 09:05,3608
2018-12-29 09:10,3616
2018-12-29 09:15,3651
2018-12-29 09:20,3656
2018-12-29 09:25,3663
2018-12-29 09:30,3719
2018-12-29 09:35,3765
2018-12-29 09:40,3812
2018-12-29 09:45,3871
2018-12-29 09:50,3890
2018-12-29 09:55,3912
2018-12-29 10:00,3938
2018-12-29 10:05,3950
2018-12-29 10:10,3975
2018-12-29 10:15,3979
2018-12-29 10:20,4022
2018-12-29 10:25,4086
2018-12-29 10:30,4119
2018-12-29 10:35,4124
2018-12-29 10:40,4190
2018-12-29 10:45,4210
2018-12-29 10:50,4286
2018-12-29 10:55,4319
2018-12-29 11:00,4386
2018-12-29 11:05,4437
2018-12-29 11:10,4454
2018-12-29 11:15,4491
2018-12-29 11:20,4529
2018-12-29 11:25,4624
2018-12-29 11:30,4674
2018-12-29 11:35,4761
2018-12-29 11:40,4836
2018-12-29 11:45,4924
2018-12-29 11:50,4953
2018-12-29 11:55,5013
2018-12-29 12:00,5011
2018-12-29 12:05,5019
2018-12-29 12:10,5030
2018-12-29 12:15,5084
2018-12-29 12:20,5133
2018-12-29 12:25,5224
2018-12-29 12:30,5284
2018-12-29 12:35,5347
2018-12-29 12:40,5392
2018-12-29 12:45,5448
2018-12-29 12:50,5502
2018-12-29 12:55,5613
2018-12-29 13:00,5657
2018-12-29 13:05,5709
2018-12-29 13:10,5813
2018-12-29 13:15,5897
2018-12-29 13:20,5973
2018-12-29 13:25,6016
2018-12-29 13:30,6071
2018-12-29 13:35,6139
2018-12-29 13:40,6235
2018-12-29 13:45,6270
2018-12-29 13:50,6334
2018-12-29 13:55,6407
2018-12-29 14:00,6504
2018-12-29 14:05,6568
2018-12-29 14:10,6529
2018-12-29 14:15,6566
2018-12-29 14:20,6607
2018-12-29 14:25,6687
2018-12-29 14:30,6753
2018-12-29 14:35,6829
2018-12-29 14:40,6881
2018-12-29 14:45,6923
2018-12-29 14:50,6959
2018-12-29 14:55,6996
2018-12-29 15:00,7035
2018-12-29 15:05,7147
2018-12-29 15:10,7197
2018-12-29 15:15,7197
2018-12-29 15:20,7277
2018-12-29 15:25,7353
2018-12-29 15:30,7412
2018-12-29 15:35,7426
2018-12-29 15:40,7507
2018-12-29 15:45,7573
2018-12-29 15:50,7574
2018-12-29 15:55,7713
2018-12-29 16:00,7727
2018-12-29 16:05,7759
2018-12-29 16:10,7842
2018-12-29 16:15,7809
2018-12-29 16:20,7733
2018-12-29 16:25,7564
2018-12-29 16:30,7715
2018-12-29 16:35,7763
2018-12-29 16:40,7755
2018-12-29 16:45,7801
2018-12-29 16:50,7910
2018-12-29 16:55,8010
2018-12-29 17:00,8091
2018-12-29 17:05,8154
2018-12-29 17:10,8205
2018-12-29 17:15,8169
2018-12-29 17:20,8175
2018-12-29 17:25,8252
2018-12-29 17:30,8320
2018-12-29 17:35,8410
2018-12-29 17:40,8465
2018-12-29 17:45,8573
2018-12-29 17:50,8658
2018-12-29 17:55,8696
2018-12-29 18:00,8783
2018-12-29 18:05,8819
2018-12-29 18:10,8893
2018-12-29 18:15,8966
2018-12-29 18:20,9053
2018-12-29 18:25,9069
2018-12-29 18:30,9099
2018-12-29 18:35,9145
2018-12-29 18:40,9201
2018-12-29 18:45,9228
2018-12-29 18:50,9312
2018-12-29 18:55,9403
2018-12-29 19:00,9382
2018-12-29 19:05,9438
2018-12-29 19:10,9514
2018-12-29 19:15,9556
2018-12-29 19:20,9601
2018-12-29 19:25,9658
2018-12-29 19:30,9732
2018-12-29 19:35,9773
2018-12-29 19:40,9788
2018-12-29 19:45,9787
2018-12-29 19:50,9798
2018-12-29 19:55,9860
2018-12-29 20:00,9850
2018-12-29 20:05,9873
2018-12-29 20:10,9851
2018-12-29 20:15,9864
2018-12-29 20:20,9957
2018-12-29 20:25,9981
2018-12-29 20:30,10009
2018-12-29 20:35,9994
2018-12-29 20:40,10049
2018-12-29 20:45,10141
2018-12-29 20:50,10098
2018-12-29 20:55,10113
2018-12-29 21:00,10111
2018-12-29 21:05,10138
2018-12-29 21:10,10094
2018-12-29 21:15,10104
2018-12-29 21:20,10092
2018-12-29 21:25,10032
2018-12-29 21:30,10045
2018-12-29 21:35,9972
2018-12-29 21:40,9927
2018-12-29 21:45,9899
2018-12-29 21:50,9863
2018-12-29 21:55,9828
2018-12-29 22:00,9775
2018-12-29 22:05,9766
2018-12-29 22:10,9664
2018-12-29 22:15,9618
2018-12-29 22:20,9543
2018-12-29 22:25,9474
2018-12-29 22:30,9421
2018-12-29 22:35,9336
2018-12-29 22:40,9317
2018-12-29 22:45,9300
2018-12-29 22:50,9266
2018-12-29 22:55,9188
2018-12-29 23:00,9128
2018-12-29 23:05,9073
2018-12-29 23:10,9020
2018-12-29 23:15,8976
2018-12-29 23:20,8961
2018-12-29 23:25,8824
2018-12-29 23:30,8791
2018-12-29 23:35,8692
2018-12-29 23:40,8631
2018-12-29 23:45,8563
2018-12-29 23:50,8518
2018-12-29 23:55,8400
2018-12-30 00:00,8323
2018-12-30 00:05,8232
2018-12-30 00:10,8190
2018-12-30 00:15,8089
2018-12-30 00:20,8032
2018-12-30 00:25,7929
2018-12-30 00:30,7898
2018-12-30 00:35,7813
2018-12-30 00:40,7717
2018-12-30 00:45,7689
2018-12-30 00:50,7609
2018-12-30 00:55,7496
2018-12-30 01:00,7457
2018-12-30 01:05,7403
2018-12-30 01:10,7396
2018-12-30 01:15,7347
2018-12-30 01:20,7280
2018-12-30 01:25,7228
2018-12-30 01:30,7182
2018-12-30 01:35,7152
2018-12-30 01:40,7164
2018-12-30 01:45,7105
2018-12-30 01:50,7055
2018-12-30 01:55,7050
2018-12-30 02:00,7053
2018-12-30 02:05,7056
2018-12-30 02:10,6981
2018-12-30 02:15,6975
2018-12-30 02:20,6887
2018-12-30 02:25,6878
2018-12-30 02:30,6896
2018-12-30 02:35,6862
2018-12-30 02:40,6832
2018-12-30 02:45,6821
2018-12-30 02:50,6754
2018-12-30 02:55,6730
2018-12-30 03:00,6697
2018-12-30 03:05,6610
2018-12-30 03:10,6627
2018-12-30 03:15,6546
2018-12-30 03:20,6500
2018-12-30 03:25,6493
2018-12-30 03:30,6439
2018-12-30 03:35,6345
2018-12-30 03:40,6327
2018-12-30 03:45,6320
2018-12-30 03:50,6304
2018-12-30 03:55,6298
2018-12-30 04:00,6276
2018-12-30 04:05,6245
2018-12-30 04:10,6207
2018-12-30 04:15,6201
2018-12-30 04:20,6189
2018-12-30 04:25,6176
2018-12-30 04:30,6121
2018-12-30 04:35,6128
2018-12-30 04:40,6114
2018-12-30 04:45,6089
2018-12-30 04:50,6089
2018-12-30 04:55,6056
2018-12-30 05:00,5985
2018-12-30 05:05,5935
2018-12-30 05:10,5912
2018-12-30 05:15,5882
2018-12-30 05:20,5855
2018-12-30 05:25,5812
2018-12-30 05:30,5786
2018-12-30 05:35,5688
2018-12-30 05:40,5597
2018-12-30 05:45,5567
2018-12-30 05:50,5479
2018-12-30 05:55,5411
2018-12-30 06:00,5377
2018-12-30 06:05,5289
2018-12-30 06:10,5215
2018-12-30 06:15,5157
2018-12-30 06:20,5082
2018-12-30 06:25,5005
2018-12-30 06:30,4935
2018-12-30 06:35,4885
2018-12-30 06:40,4821
2018-12-30 06:45,4797
2018-12-30 06:50,4729
2018-12-30 06:55,4714
2018-12-30 07:00,4676
2018-12-30 07:05,4625
2018-12-30 07:10,4599
2018-12-30 07:15,4524
2018-12-30 07:20,4475
2018-12-30 07:25,4376
2018-12-30 07:30,4329
2018-12-30 07:35,4276
2018-12-30 07:40,4201
2018-12-30 07:45,4210
2018-12-30 07:50,4135
2018-12-30 07:55,4085
2018-12-30 08:00,4016
2018-12-30 08:05,3990
2018-12-30 08:10,3942
2018-12-30 08:15,3894
2018-12-30 08:20,3833
2018-12-30 08:25,3789
2018-12-30 08:30,3787
2018-12-30 08:35,3771
2018-12-30 08:40,3731
2018-12-30 08:45,3740
2018-12-30 08:50,3706
2018-12-30 08:55,3685
2018-12-30 09:00,3696
2018-12-30 09:05,3744
2018-12-30 09:10,3738
2018-12-30 09:15,3738
2018-12-30 09:20,3770
2018-12-30 09:25,3783
2018-12-30 09:30,3804
2018-12-30 09:35,3793
2018-12-30 09:40,3800
2018-12-30 09:45,3833
2018-12-30 09:50,3850
2018-12-30 09:55,3901
2018-12-30 10:00,3891
2018-12-30 10:05,3990
2018-12-30 10:10,4039
2018-12-30 10:15,4063
2018-12-30 10:20,4131
2018-12-30 10:25,4234
2018-12-30 10:30,4297
2018-12-30 10:35,4357
2018-12-30 10:40,4422
2018-12-30 10:45,4401
2018-12-30 10:50,4461
2018-12-30 10:55,4519
2018-12-30 11:00,4557
2018-12-30 11:05,4559
2018-12-30 11:10,4575
2018-12-30 11:15,4631
2018-12-30 11:20,4685
2018-12-30 11:25,4786
2018-12-30 11:30,4855
2018-12-30 11:35,4911
2018-12-30 11:40,4977
2018-12-30 11:45,5090
2018-12-30 11:50,5131
2018-12-30 11:55,5191
2018-12-30 12:00,5251
2018-12-30 12:05,5271
2018-12-30 12:10,5320
2018-12-30 12:15,5413
2018-12-30 12:20,5449
2018-12-30 12:25,5508
2018-12-30 12:30,5614
2018-12-30 12:35,5650
2018-12-30 12:40,5681
2018-12-30 12:45,5731
2018-12-30 12:50,5800
2018-12-30 12:55,5850
2018-12-30 13:00,5880
2018-12-30 13:05,5951
2018-12-30 13:10,5999
2018-12-30 13:15,6065
2018-12-30 13:20,6122
2018-12-30 13:25,6184
2018-12-30 13:30,6272
2018-12-30 13:35,6337
2018-12-30 13:40,6346
2018-12-30 13:45,6399
2018-12-30 13:50,6436
2018-12-30 13:55,6507
2018-12-30 14:00,6545
2018-12-30 14:05,6618
2018-12-30 14:10,6657
2018-12-30 14:15,6702
2018-12-30 14:20,6762
2018-12-30 14:25,6832
2018-12-30 14:30,6935
2018-12-30 14:35,6979
2018-12-30 14:40,7027
2018-12-30 14:45,7027
2018-12-30 14:50,7098
2018-12-30 14:55,7124
2018-12-30 15:00,7184
2018-12-30 15:05,7169
2018-12-30 15:10,7264
2018-12-30 15:15,7316
2018-12-30 15:20,7372
2018-12-30 15:25,7493
2018-12-30 15:30,7519
2018-12-30 15:35,7553
2018-12-30 15:40,7597
2018-12-30 15:45,7690
2018-12-30 15:50,7769
2018-12-30 15:55,7825
2018-12-30 16:00,7889
2018-12-30 16:05,7788
2018-12-30 16:10,7937
2018-12-30 16:15,8014
2018-12-30 16:20,8088
2018-12-30 16:25,8131
2018-12-30 16:30,8212
2018-12-30 16:35,8322
2018-12-30 16:40,8416
2018-12-30 16:45,8464
2018-12-30 16:50,8558
2018-12-30 16:55,8584
2018-12-30 17:00,8603
2018-12-30 17:05,8614
2018-12-30 17:10,8624
2018-12-30 17:15,8705
2018-12-30 17:20,
2018-12-30 17:25,8749
2018-12-30 17:30,8830
2018-12-30 17:35,8929
2018-12-30 17:40,9010
2018-12-30 17:45,9065
2018-12-30 17:50,9132
2018-12-30 17:55,9122
2018-12-30 18:00,9269
2018-12-30 18:05,9259
2018-12-30 18:10,9290
2018-12-30 18:15,9347
2018-12-30 18:20,9456
2018-12-30 18:25,9482
2018-12-30 18:30,9594
2018-12-30 18:35,9645
2018-12-30 18:40,9736
2018-12-30 18:45,9763
2018-12-30 18:50,9783
2018-12-30 18:55,9793
2018-12-30 19:00,9873
2018-12-30 19:05,9953
2018-12-30 19:10,10024
2018-12-30 19:15,10016
2018-12-30 19:20,10063
2018-12-30 19:25,10148
2018-12-30 19:30,10118
2018-12-30 19:35,10136
2018-12-30 19:40,10229
2018-12-30 19:45,10249
2018-12-30 19:50,10311
2018-12-30 19:55,10323
2018-12-30 20:00,10373
2018-12-30 20:05,10454
2018-12-30 20:10,10443
2018-12-30 20:15,10427
2018-12-30 20:20,10490
2018-12-30 20:25,10530
2018-12-30 20:30,10590
2018-12-30 20:35,10612
2018-12-30 20:40,10678
2018-12-30 20:45,10677
2018-12-30 20:50,10677
2018-12-30 20:55,10654
2018-12-30 21:00,10659
2018-12-30 21:05,10604
2018-12-30 21:10,10534
2018-12-30 21:15,10550
2018-12-30 21:20,10533
2018-12-30 21:25,10512
2018-12-30 21:30,10483
2018-12-30 21:35,10529
2018-12-30 21:40,10473
2018-12-30 21:45,10436
2018-12-30 21:50,10370
2018-12-30 21:55,10292
2018-12-30 22:00,10253
2018-12-30 22:05,10321
2018-12-30 22:10,10211
2018-12-30 22:15,10193
2018-12-30 22:20,10172
2018-12-30 22:25,10135
2018-12-30 22:30,10121
2018-12-30 22:35,10125
2018-12-30 22:40,10005
2018-12-30 22:45,9923
2018-12-30 22:50,9941
2018-12-30 22:55,9805
2018-12-30 23:00,9729
2018-12-30 23:05,9653
2018-12-30 23:10,9647
2018-12-30 23:15,9560
2018-12-30 23:20,9478
2018-12-30 23:25,9378
2018-12-30 23:30,9237
2018-12-30 23:35,9155
2018-12-30 23:40,9028
2018-12-30 23:45,8983
2018-12-30 23:50,8899
2018-12-30 23:55,8826
2018-12-31 00:00,8772
2018-12-31 00:05,8712
2018-12-31 00:10,8632
2018-12-31 00:15,8574
2018-12-31 00:20,8543
2018-12-31 00:25,8473
2018-12-31 00:30,8446
2018-12-31 00:35,8411
2018-12-31 00:40,8339
2018-12-31 00:45,8298
2018-12-31 00:50,8245
2018-12-31 00:55,8190
2018-12-31 01:00,8168
2018-12-31 01:05,8163
2018-12-31 01:10,8112
2018-12-31 01:15,8143
2018-12-31 01:20,8078
2018-12-31 01:25,8052
2018-12-31 01:30,8052
2018-12-31 01:35,8007
2018-12-31 01:40,7950
2018-12-31 01:45,7954
2018-12-31 01:50,7949
2018-12-31 01:55,7919
2018-12-31 02:00,7901
2018-12-31 02:05,7856
2018-12-31 02:10,7811
2018-12-31 02:15,7736
2018-12-31 02:20,7719
2018-12-31 02:25,7667
2018-12-31 02:30,7620
2018-12-31 02:35,7564
2018-12-31 02:40,7528
2018-12-31 02:45,7543
2018-12-31 02:50,7514
2018-12-31 02:55,7458
2018-12-31 03:00,7385
2018-12-31 03:05,7302
2018-12-31 03:10,7268
2018-12-31 03:15,7230
2018-12-31 03:20,7198
2018-12-31 03:25,7139
2018-12-31 03:30,7123
2018-12-31 03:35,7106
2018-12-31 03:40,7035
2018-12-31 03:45,7022
2018-12-31 03:50,6984
2018-12-31 03:55,6926
2018-12-31 04:00,6845
2018-12-31 04:05,6797
2018-12-31 04:10,6747
2018-12-31 04:15,6746
2018-12-31 04:20,6722
2018-12-31 04:25,6663
2018-12-31 04:30,6584
2018-12-31 04:35,6496
2018-12-31 04:40,6448
2018-12-31 04:45,6418
2018-12-31 04:50,6293
2018-12-31 04:55,6242
2018-12-31 05:00,6141
2018-12-31 05:05,6066
2018-12-31 05:10,6022
2018-12-31 05:15,5973
2018-12-31 05:20,5895
2018-12-31 05:25,5884
2018-12-31 05:30,5841
2018-12-31 05:35,5779
2018-12-31 05:40,5724
2018-12-31 05:45,5641
2018-12-31 05:50,5569
2018-12-31 05:55,5548
2018-12-31 06:00,5506
2018-12-31 06:05,5421
2018-12-31 06:10,5360
2018-12-31 06:15,5264
2018-12-31 06:20,5218
2018-12-31 06:25,5211
2018-12-31 06:30,5157
2018-12-31 06:35,5088
2018-12-31 06:40,5042
2018-12-31 06:45,4983
2018-12-31 06:50,4963
2018-12-31 06:55,4872
2018-12-31 07:00,4821
2018-12-31 07:05,4749
2018-12-31 07:10,4700
2018-12-31 07:15,4592
2018-12-31 07:20,4518
2018-12-31 07:25,4460
2018-12-31 07:30,4439
2018-12-31 07:35,4391
2018-12-31 07:40,4310
2018-12-31 07:45,4234
2018-12-31 07:50,4166
2018-12-31 07:55,4130
2018-12-31 08:00,4086
2018-12-31 08:05,4035
2018-12-31 08:10,4002
2018-12-31 08:15,3961
2018-12-31 08:20,3944
2018-12-31 08:25,3903
2018-12-31 08:30,3874
2018-12-31 08:35,3841
2018-12-31 08:40,3797
2018-12-31 08:45,3776
2018-12-31 08:50,3761
2018-12-31 08:55,3763
2018-12-31 09:00,3714
2018-12-31 09:05,3807
2018-12-31 09:10,3885
2018-12-31 09:15,3919
2018-12-31 09:20,3935
2018-12-31 09:25,3979
2018-12-31 09:30,4017
2018-12-31 09:35,4043
2018-12-31 09:40,4097
2018-12-31 09:45,4129
2018-12-31 09:50,4145
2018-12-31 09:55,4162
2018-12-31 10:00,4199
2018-12-31 10:05,4177
2018-12-31 10:10,4206
2018-12-31 10:15,4258
2018-12-31 10:20,4307
2018-12-31 10:25,4367
2018-12-31 10:30,4413
2018-12-31 10:35,4469
2018-12-31 10:40,4525
2018-12-31 10:45,4584
2018-12-31 10:50,4640
2018-12-31 10:55,4676
2018-12-31 11:00,4731
2018-12-31 11:05,4826
2018-12-31 11:10,4867
2018-12-31 11:15,4867
2018-12-31 11:20,4963
2018-12-31 11:25,5039
2018-12-31 11:30,5119
2018-12-31 11:35,5163
2018-12-31 11:40,5213
2018-12-31 11:45,5308
2018-12-31 11:50,5428
2018-12-31 11:55,5460
2018-12-31 12:00,5537
2018-12-31 12:05,5617
2018-12-31 12:10,5696
2018-12-31 12:15,5776
2018-12-31 12:20,5863
2018-12-31 12:25,5884
2018-12-31 12:30,5953
2018-12-31 12:35,5979
2018-12-31 12:40,6007
2018-12-31 12:45,6084
2018-12-31 12:50,6184
2018-12-31 12:55,6233
2018-12-31 13:00,6297
2018-12-31 13:05,6306
2018-12-31 13:10,6348
2018-12-31 13:15,6348
2018-12-31 13:20,6380
2018-12-31 13:25,6435
2018-12-31 13:30,6479
2018-12-31 13:35,6597
2018-12-31 13:40,6639
2018-12-31 13:45,6676
2018-12-31 13:50,6702
2018-12-31 13:55,6702
2018-12-31 14:00,6819
2018-12-31 14:05,6884
2018-12-31 14:10,6943
2018-12-31 14:15,6943
2018-12-31 14:20,6980
2018-12-31 14:25,6999
2018-12-31 14:30,7039
2018-12-31 14:35,7215
2018-12-31 14:40,7222
2018-12-31 14:45,7222
2018-12-31 14:50,7306
2018-12-31 14:55,7390
2018-12-31 15:00,7468
2018-12-31 15:05,7495
2018-12-31 15:10,7495
2018-12-31 15:15,7529
2018-12-31 15:20,7529
2018-12-31 15:25,7599
2018-12-31 15:30,7599
2018-12-31 15:35,7612
2018-12-31 15:40,7659
2018-12-31 15:45,7679
2018-12-31 15:50,7679
2018-12-31 15:55,7827
2018-12-31 16:00,7851
2018-12-31 16:05,7851
2018-12-31 16:10,7853
2018-12-31 16:15,7868
2018-12-31 16:20,7868
2018-12-31 16:25,7874
2018-12-31 16:30,7943
2018-12-31 16:35,8008
2018-12-31 16:40,7948
2018-12-31 16:45,7974
2018-12-31 16:50,7982
2018-12-31 16:55,7985
2018-12-31 17:00,7984
2018-12-31 17:05,7963
2018-12-31 17:10,7963
2018-12-31 17:15,7976
2018-12-31 17:20,8062
2018-12-31 17:25,8019
2018-12-31 17:30,7990
2018-12-31 17:35,7990
2018-12-31 17:40,8022
2018-12-31 17:45,8016
2018-12-31 17:50,8024
2018-12-31 17:55,8024
2018-12-31 18:00,8092
2018-12-31 18:05,8092
2018-12-31 18:10,8067
2018-12-31 18:15,8067
2018-12-31 18:20,8074
2018-12-31 18:25,8111
2018-12-31 18:30,8111
2018-12-31 18:35,8150
2018-12-31 18:40,8078
2018-12-31 18:45,8030
2018-12-31 18:50,8045
2018-12-31 18:55,8045
2018-12-31 19:00,8028
2018-12-31 19:05,8039
2018-12-31 19:10,8013
2018-12-31 19:15,8013
2018-12-31 19:20,8023
2018-12-31 19:25,8052
2018-12-31 19:30,8003
2018-12-31 19:35,7976
2018-12-31 19:40,7976
2018-12-31 19:45,7964
2018-12-31 19:50,7964
2018-12-31 19:55,7912
2018-12-31 20:00,7762
2018-12-31 20:05,7746
2018-12-31 20:10,7753
2018-12-31 20:15,7753
2018-12-31 20:20,7739
2018-12-31 20:25,7743
2018-12-31 20:30,7733
2018-12-31 20:35,7730
2018-12-31 20:40,7748
2018-12-31 20:45,7748
2018-12-31 20:50,7688
2018-12-31 20:55,7688
2018-12-31 21:00,7630
2018-12-31 21:05,7630
2018-12-31 21:10,7559
2018-12-31 21:15,7579
2018-12-31 21:20,7579
2018-12-31 21:25,7662
2018-12-31 21:30,7644
2018-12-31 21:35,7644
2018-12-31 21:40,7607
2018-12-31 21:45,7552
2018-12-31 21:50,7553
2018-12-31 21:55,7563
2018-12-31 22:00,7497
2018-12-31 22:05,7497
2018-12-31 22:10,7532
2018-12-31 22:15,7555
2018-12-31 22:20,7553
2018-12-31 22:25,7475
2018-12-31 22:30,7440
2018-12-31 22:35,
2018-12-31 22:40,
2018-12-31 22:45,7227
2018-12-31 22:50,7122
2018-12-31 22:55,7036
2018-12-31 23:00,6973
2018-12-31 23:05,6950
2018-12-31 23:10,6967
2018-12-31 23:15,6970
2018-12-31 23:20,6928
2018-12-31 23:25,6879
2018-12-31 23:30,6877
2018-12-31 23:35,6931
2018-12-31 23:40,6908
2018-12-31 23:45,6940
2018-12-31 23:50,6893
2018-12-31 23:55,6885
2019-01-01 00:00,6886
2019-01-01 00:05,6890
2019-01-01 00:10,6861
2019-01-01 00:15,6784
2019-01-01 00:20,6753
2019-01-01 00:25,6740
2019-01-01 00:30,6694
2019-01-01 00:35,6694
2019-01-01 00:40,6674
2019-01-01 00:45,6651
2019-01-01 00:50,6621
2019-01-01 00:55,6578
2019-01-01 01:00,6501
2019-01-01 01:05,6478
2019-01-01 01:10,6395
2019-01-01 01:15,6359
2019-01-01 01:20,6351
2019-01-01 01:25,6288
2019-01-01 01:30,6239
2019-01-01 01:35,6203
2019-01-01 01:40,6184
2019-01-01 01:45,6119
2019-01-01 01:50,6063
2019-01-01 01:55,6009
2019-01-01 02:00,5962
2019-01-01 02:05,5962
2019-01-01 02:10,5887
2019-01-01 02:15,5906
2019-01-01 02:20,5899
2019-01-01 02:25,5872
2019-01-01 02:30,5797
2019-01-01 02:35,5783
2019-01-01 02:40,5762
2019-01-01 02:45,5724
2019-01-01 02:50,5685
2019-01-01 02:55,5621
2019-01-01 03:00,5597
2019-01-01 03:05,5587
2019-01-01 03:10,5551
2019-01-01 03:15,5481
2019-01-01 03:20,5448
2019-01-01 03:25,5415
2019-01-01 03:30,5418
2019-01-01 03:35,5418
2019-01-01 03:40,5354
2019-01-01 03:45,5306
2019-01-01 03:50,5306
2019-01-01 03:55,5212
2019-01-01 04:00,5165
2019-01-01 04:05,5150
2019-01-01 04:10,5092
2019-01-01 04:15,5090
2019-01-01 04:20,5090
2019-01-01 04:25,4919
2019-01-01 04:30,4864
2019-01-01 04:35,4864
2019-01-01 04:40,4827
2019-01-01 04:45,4825
2019-01-01 04:50,4825
2019-01-01 04:55,4751
2019-01-01 05:00,4674
2019-01-01 05:05,4646
2019-01-01 05:10,4662
2019-01-01 05:15,4628
2019-01-01 05:20,4638
2019-01-01 05:25,4686
2019-01-01 05:30,4675
2019-01-01 05:35,4675
2019-01-01 05:40,4681
2019-01-01 05:45,4703
2019-01-01 05:50,4681
2019-01-01 05:55,4655
2019-01-01 06:00,4623
2019-01-01 06:05,4573
2019-01-01 06:10,4546
2019-01-01 06:15,4567
2019-01-01 06:20,4528
2019-01-01 06:25,4488
2019-01-01 06:30,4470
2019-01-01 06:35,4470
2019-01-01 06:40,4457
2019-01-01 06:45,4388
2019-01-01 06:50,4388
2019-01-01 06:55,4358
2019-01-01 07:00,4333
2019-01-01 07:05,4293
2019-01-01 07:10,4265
2019-01-01 07:15,4227
2019-01-01 07:20,4239
2019-01-01 07:25,4230
2019-01-01 07:30,4194
2019-01-01 07:35,4194
2019-01-01 07:40,4133
2019-01-01 07:45,4109
2019-01-01 07:50,4076
2019-01-01 07:55,4018
2019-01-01 08:00,3968
2019-01-01 08:05,3940
2019-01-01 08:10,3895
2019-01-01 08:15,3889
2019-01-01 08:20,3889
2019-01-01 08:25,3817
2019-01-01 08:30,3772
2019-01-01 08:35,3772
2019-01-01 08:40,3689
2019-01-01 08:45,3689
2019-01-01 08:50,3649
2019-01-01 08:55,3534
2019-01-01 09:00,3484
2019-01-01 09:05,3480
2019-01-01 09:10,3456
2019-01-01 09:15,3456
2019-01-01 09:20,3479
2019-01-01 09:25,3478
2019-01-01 09:30,3479
2019-01-01 09:35,3479
2019-01-01 09:40,3471
2019-01-01 09:45,3467
2019-01-01 09:50,3501
2019-01-01 09:55,3484
2019-01-01 10:00,3489
2019-01-01 10:05,3489
2019-01-01 10:10,3484
2019-01-01 10:15,3483
2019-01-01 10:20,3533
2019-01-01 10:25,3591
2019-01-01 10:30,3602
2019-01-01 10:35,3602
2019-01-01 10:40,3622
2019-01-01 10:45,3644
2019-01-01 10:50,3685
2019-01-01 10:55,3717
2019-01-01 11:00,3747
2019-01-01 11:05,3747
2019-01-01 11:10,3817
2019-01-01 11:15,3835
2019-01-01 11:20,3835
2019-01-01 11:25,3886
2019-01-01 11:30,3969
2019-01-01 11:35,3969
2019-01-01 11:40,3993
2019-01-01 11:45,4035
2019-01-01 11:50,4106
2019-01-01 11:55,4152
2019-01-01 12:00,4298
2019-01-01 12:05,4298
2019-01-01 12:10,4319
2019-01-01 12:15,4381
2019-01-01 12:20,4437
2019-01-01 12:25,4467
2019-01-01 12:30,4493
2019-01-01 12:35,4553
2019-01-01 12:40,4661
2019-01-01 12:45,4673
2019-01-01 12:50,4702
2019-01-01 12:55,4736
2019-01-01 13:00,4788
2019-01-01 13:05,4840
2019-01-01 13:10,4879
2019-01-01 13:15,4946
2019-01-01 13:20,4948
2019-01-01 13:25,5043
2019-01-01 13:30,5095
2019-01-01 13:35,5155
2019-01-01 13:40,5234
2019-01-01 13:45,5280
2019-01-01 13:50,5332
2019-01-01 13:55,5398
2019-01-01 14:00,5422
2019-01-01 14:05,5480
2019-01-01 14:10,5513
2019-01-01 14:15,5622
2019-01-01 14:20,5674
2019-01-01 14:25,5776
2019-01-01 14:30,5842
2019-01-01 14:35,5834
2019-01-01 14:40,5871
2019-01-01 14:45,5969
2019-01-01 14:50,6026
2019-01-01 14:55,6077
2019-01-01 15:00,6146
2019-01-01 15:05,6233
2019-01-01 15:10,6264
2019-01-01 15:15,6339
2019-01-01 15:20,6398
2019-01-01 15:25,6431
2019-01-01 15:30,6505
2019-01-01 15:35,6595
2019-01-01 15:40,6691
2019-01-01 15:45,6732
2019-01-01 15:50,6810
2019-01-01 15:55,6894
2019-01-01 16:00,6952
2019-01-01 16:05,6990
2019-01-01 16:10,7028
2019-01-01 16:15,7091
2019-01-01 16:20,7136
2019-01-01 16:25,7191
2019-01-01 16:30,7165
2019-01-01 16:35,7225
2019-01-01 16:40,7322
2019-01-01 16:45,7378
2019-01-01 16:50,7459
2019-01-01 16:55,7502
2019-01-01 17:00,7629
2019-01-01 17:05,7659
2019-01-01 17:10,7737
2019-01-01 17:15,7777
2019-01-01 17:20,7867
2019-01-01 17:25,7936
2019-01-01 17:30,8005
2019-01-01 17:35,8074
2019-01-01 17:40,8126
2019-01-01 17:45,8187
2019-01-01 17:50,8230
2019-01-01 17:55,8283
2019-01-01 18:00,8300
2019-01-01 18:05,8371
2019-01-01 18:10,8430
2019-01-01 18:15,8450
2019-01-01 18:20,8552
2019-01-01 18:25,8611
2019-01-01 18:30,8611
2019-01-01 18:35,8718
2019-01-01 18:40,8718
2019-01-01 18:45,8718
2019-01-01 18:50,9205
2019-01-01 18:55,9255
2019-01-01 19:00,9306
2019-01-01 19:05,9357
2019-01-01 19:10,9452
2019-01-01 19:15,9499
2019-01-01 19:20,9624
2019-01-01 19:25,9743
2019-01-01 19:30,9751
2019-01-01 19:35,9818
2019-01-01 19:40,9825
2019-01-01 19:45,9887
2019-01-01 19:50,9840
2019-01-01 19:55,9960
2019-01-01 20:00,10041
2019-01-01 20:05,9959
2019-01-01 20:10,9929
2019-01-01 20:15,9962
2019-01-01 20:20,9966
2019-01-01 20:25,10013
2019-01-01 20:30,10108
2019-01-01 20:35,10109
2019-01-01 20:40,10120
2019-01-01 20:45,10090
2019-01-01 20:50,10015
2019-01-01 20:55,10061
2019-01-01 21:00,9996
2019-01-01 21:05,10003
2019-01-01 21:10,10010
2019-01-01 21:15,10024
2019-01-01 21:20,9995
2019-01-01 21:25,9905
2019-01-01 21:30,9938
2019-01-01 21:35,9958
2019-01-01 21:40,9931
2019-01-01 21:45,9847
2019-01-01 21:50,9793
2019-01-01 21:55,9761
2019-01-01 22:00,9654
2019-01-01 22:05,9617
2019-01-01 22:10,9598
2019-01-01 22:15,9610
2019-01-01 22:20,9524
2019-01-01 22:25,9465
2019-01-01 22:30,9492
2019-01-01 22:35,9432
2019-01-01 22:40,9364
2019-01-01 22:45,9312
2019-01-01 22:50,9232
2019-01-01 22:55,9087
2019-01-01 23:00,9078
2019-01-01 23:05,9003
2019-01-01 23:10,8988
2019-01-01 23:15,8927
2019-01-01 23:20,8916
2019-01-01 23:25,8822
2019-01-01 23:30,8726
2019-01-01 23:35,8670
2019-01-01 23:40,8596
2019-01-01 23:45,8556
2019-01-01 23:50,8461
2019-01-01 23:55,
2019-01-02 00:00,
2019-01-02 00:05,
2019-01-02 00:10,
2019-01-02 00:15,
2019-01-02 00:20,
2019-01-02 00:25,
2019-01-02 00:30,
2019-01-02 00:35,
2019-01-02 00:40,8074
2019-01-02 00:45,8058
2019-01-02 00:50,8045
2019-01-02 00:55,
2019-01-02 01:00,7926
2019-01-02 01:05,7865
2019-01-02 01:10,7914
2019-01-02 01:15,7832
2019-01-02 01:20,7814
2019-01-02 01:25,7808
2019-01-02 01:30,7738
2019-01-02 01:35,7695
2019-01-02 01:40,7647
2019-01-02 01:45,7585
2019-01-02 01:50,7519
2019-01-02 01:55,7519
2019-01-02 02:00,7480
2019-01-02 02:05,7464
2019-01-02 02:10,7443
2019-01-02 02:15,7357
2019-01-02 02:20,7282
2019-01-02 02:25,7226
2019-01-02 02:30,7193
2019-01-02 02:35,7170
2019-01-02 02:40,7129
2019-01-02 02:45,7027
2019-01-02 02:50,7009
2019-01-02 02:55,6960
2019-01-02 03:00,6865
2019-01-02 03:05,6812
2019-01-02 03:10,6769
2019-01-02 03:15,6702
2019-01-02 03:20,6696
2019-01-02 03:25,6685
2019-01-02 03:30,6662
2019-01-02 03:35,6607
2019-01-02 03:40,6593
2019-01-02 03:45,6541
2019-01-02 03:50,6478
2019-01-02 03:55,6353
2019-01-02 04:00,6297
2019-01-02 04:05,6198
2019-01-02 04:10,6097
2019-01-02 04:15,6016
2019-01-02 04:20,5980
2019-01-02 04:25,5938
2019-01-02 04:30,5911
2019-01-02 04:35,5857
2019-01-02 04:40,5738
2019-01-02 04:45,5653
2019-01-02 04:50,5606
2019-01-02 04:55,5528
2019-01-02 05:00,5470
2019-01-02 05:05,5357
2019-01-02 05:10,5279
2019-01-02 05:15,5240
2019-01-02 05:20,5209
2019-01-02 05:25,5164
2019-01-02 05:30,5123
2019-01-02 05:35,5056
2019-01-02 05:40,4947
2019-01-02 05:45,4897
2019-01-02 05:50,4840
2019-01-02 05:55,4789
2019-01-02 06:00,4761
2019-01-02 06:05,4729
2019-01-02 06:10,4650
2019-01-02 06:15,4598
2019-01-02 06:20,4520
2019-01-02 06:25,4496
2019-01-02 06:30,4411
2019-01-02 06:35,4345
2019-01-02 06:40,4227
2019-01-02 06:45,4186
2019-01-02 06:50,4152
2019-01-02 06:55,4069
2019-01-02 07:00,3985
2019-01-02 07:05,3880
2019-01-02 07:10,3851
2019-01-02 07:15,3787
2019-01-02 07:20,3735
2019-01-02 07:25,3675
2019-01-02 07:30,3613
2019-01-02 07:35,3570
2019-01-02 07:40,3544
2019-01-02 07:45,3530
2019-01-02 07:50,3467
2019-01-02 07:55,3454
2019-01-02 08:00,3414
2019-01-02 08:05,3398
2019-01-02 08:10,3376
2019-01-02 08:15,3343
2019-01-02 08:20,3302
2019-01-02 08:25,3282
2019-01-02 08:30,3271
2019-01-02 08:35,3259
2019-01-02 08:40,3279
2019-01-02 08:45,3263
2019-01-02 08:50,3235
2019-01-02 08:55,3219
2019-01-02 09:00,3240
2019-01-02 09:05,3289
2019-01-02 09:10,3318
2019-01-02 09:15,3287
2019-01-02 09:20,3322
2019-01-02 09:25,3331
2019-01-02 09:30,3348
2019-01-02 09:35,3374
2019-01-02 09:40,3380
2019-01-02 09:45,3400
2019-01-02 09:50,3420
2019-01-02 09:55,3448
2019-01-02 10:00,3455
2019-01-02 10:05,3508
2019-01-02 10:10,3547
2019-01-02 10:15,3588
2019-01-02 10:20,3646
2019-01-02 10:25,3677
2019-01-02 10:30,3740
2019-01-02 10:35,3778
2019-01-02 10:40,3816
2019-01-02 10:45,3892
2019-01-02 10:50,3909
2019-01-02 10:55,3945
2019-01-02 11:00,3994
2019-01-02 11:05,4068
2019-01-02 11:10,4099
2019-01-02 11:15,4135
2019-01-02 11:20,4208
2019-01-02 11:25,4205
2019-01-02 11:30,4210
2019-01-02 11:35,4257
2019-01-02 11:40,4299
2019-01-02 11:45,4369
2019-01-02 11:50,4445
2019-01-02 11:55,4512
2019-01-02 12:00,4554
2019-01-02 12:05,4609
2019-01-02 12:10,4635
2019-01-02 12:15,4713
2019-01-02 12:20,4756
2019-01-02 12:25,4802
2019-01-02 12:30,4857
2019-01-02 12:35,4958
2019-01-02 12:40,5020
2019-01-02 12:45,5052
2019-01-02 12:50,5069
2019-01-02 12:55,5157
2019-01-02 13:00,5194
2019-01-02 13:05,5217
2019-01-02 13:10,5238
2019-01-02 13:15,5279
2019-01-02 13:20,5351
2019-01-02 13:25,5399
2019-01-02 13:30,5473
2019-01-02 13:35,5514
2019-01-02 13:40,5600
2019-01-02 13:45,5623
2019-01-02 13:50,5648
2019-01-02 13:55,5708
2019-01-02 14:00,5760
2019-01-02 14:05,5812
2019-01-02 14:10,5843
2019-01-02 14:15,5926
2019-01-02 14:20,6016
2019-01-02 14:25,6072
2019-01-02 14:30,6152
2019-01-02 14:35,6281
2019-01-02 14:40,6344
2019-01-02 14:45,6315
2019-01-02 14:50,6412
2019-01-02 14:55,6504
2019-01-02 15:00,6565
2019-01-02 15:05,6639
2019-01-02 15:10,6653
2019-01-02 15:15,6746
2019-01-02 15:20,6857
2019-01-02 15:25,6901
2019-01-02 15:30,6948
2019-01-02 15:35,7015
2019-01-02 15:40,7091
2019-01-02 15:45,7092
2019-01-02 15:50,7092
2019-01-02 15:55,7143
2019-01-02 16:00,7212
2019-01-02 16:05,7255
2019-01-02 16:10,7286
2019-01-02 16:15,7392
2019-01-02 16:20,7472
2019-01-02 16:25,7513
2019-01-02 16:30,7552
2019-01-02 16:35,7561
2019-01-02 16:40,7643
2019-01-02 16:45,7716
2019-01-02 16:50,7754
2019-01-02 16:55,7861
2019-01-02 17:00,7886
2019-01-02 17:05,7927
2019-01-02 17:10,7940
2019-01-02 17:15,7995
2019-01-02 17:20,8062
2019-01-02 17:25,8117
2019-01-02 17:30,8089
2019-01-02 17:35,8099
2019-01-02 17:40,8147
2019-01-02 17:45,8177
2019-01-02 17:50,8196
2019-01-02 17:55,8205
2019-01-02 18:00,8266
2019-01-02 18:05,8319
2019-01-02 18:10,8331
2019-01-02 18:15,8373
2019-01-02 18:20,8419
2019-01-02 18:25,8503
2019-01-02 18:30,8564
2019-01-02 18:35,8656
2019-01-02 18:40,8712
2019-01-02 18:45,8786
2019-01-02 18:50,8904
2019-01-02 18:55,8950
2019-01-02 19:00,8987
2019-01-02 19:05,9074
2019-01-02 19:10,9100
2019-01-02 19:15,9194
2019-01-02 19:20,9267
2019-01-02 19:25,9316
2019-01-02 19:30,9367
2019-01-02 19:35,9377
2019-01-02 19:40,9424
2019-01-02 19:45,9459
2019-01-02 19:50,9510
2019-01-02 19:55,9494
2019-01-02 20:00,9537
2019-01-02 20:05,9565
2019-01-02 20:10,9513
2019-01-02 20:15,9495
2019-01-02 20:20,9560
2019-01-02 20:25,9557
2019-01-02 20:30,9596
2019-01-02 20:35,9587
2019-01-02 20:40,9576
2019-01-02 20:45,9592
2019-01-02 20:50,9631
2019-01-02 20:55,9597
2019-01-02 21:00,9653
2019-01-02 21:05,9588
2019-01-02 21:10,9546
2019-01-02 21:15,9507
2019-01-02 21:20,9535
2019-01-02 21:25,9526
2019-01-02 21:30,9539
2019-01-02 21:35,9523
2019-01-02 21:40,9562
2019-01-02 21:45,9552
2019-01-02 21:50,9469
2019-01-02 21:55,9494
2019-01-02 22:00,9497
2019-01-02 22:05,9379
2019-01-02 22:10,9414
2019-01-02 22:15,9365
2019-01-02 22:20,9258
2019-01-02 22:25,9202
2019-01-02 22:30,9139
2019-01-02 22:35,9129
2019-01-02 22:40,9077
2019-01-02 22:45,9025
2019-01-02 22:50,9028
2019-01-02 22:55,9019
2019-01-02 23:00,8955
2019-01-02 23:05,8877
2019-01-02 23:10,8775
2019-01-02 23:15,8749
2019-01-02 23:20,8651
2019-01-02 23:25,8596
2019-01-02 23:30,8537
2019-01-02 23:35,8551
2019-01-02 23:40,8420
2019-01-02 23:45,8313
2019-01-02 23:50,8228
2019-01-02 23:55,8176
2019-01-03 00:00,8145
2019-01-03 00:05,8161
2019-01-03 00:10,8111
2019-01-03 00:15,8033
2019-01-03 00:20,7983
2019-01-03 00:25,7913
2019-01-03 00:30,7888
2019-01-03 00:35,7864
2019-01-03 00:40,7804
2019-01-03 00:45,7730
2019-01-03 00:50,7719
2019-01-03 00:55,7691
2019-01-03 01:00,7667
2019-01-03 01:05,7630
2019-01-03 01:10,7620
2019-01-03 01:15,7600
2019-01-03 01:20,7504
2019-01-03 01:25,7483
2019-01-03 01:30,7483
2019-01-03 01:35,7432
2019-01-03 01:40,7379
2019-01-03 01:45,7350
2019-01-03 01:50,7333
2019-01-03 01:55,7265
2019-01-03 02:00,7242
2019-01-03 02:05,7181
2019-01-03 02:10,7189
2019-01-03 02:15,7133
2019-01-03 02:20,7148
2019-01-03 02:25,7114
2019-01-03 02:30,7111
2019-01-03 02:35,7108
2019-01-03 02:40,7087
2019-01-03 02:45,7096
2019-01-03 02:50,7075
2019-01-03 02:55,7074
2019-01-03 03:00,6993
2019-01-03 03:05,7022
2019-01-03 03:10,6961
2019-01-03 03:15,6924
2019-01-03 03:20,6898
2019-01-03 03:25,6820
2019-01-03 03:30,6746
2019-01-03 03:35,6708
2019-01-03 03:40,6675
2019-01-03 03:45,6606
2019-01-03 03:50,6516
2019-01-03 03:55,6492
2019-01-03 04:00,6420
2019-01-03 04:05,6343
2019-01-03 04:10,6226
2019-01-03 04:15,6137
2019-01-03 04:20,6053
2019-01-03 04:25,5974
2019-01-03 04:30,5930
2019-01-03 04:35,5809
2019-01-03 04:40,5706
2019-01-03 04:45,5634
2019-01-03 04:50,5623
2019-01-03 04:55,5571
2019-01-03 05:00,5498
2019-01-03 05:05,5423
2019-01-03 05:10,5352
2019-01-03 05:15,5270
2019-01-03 05:20,5236
2019-01-03 05:25,5205
2019-01-03 05:30,5157
2019-01-03 05:35,5131
2019-01-03 05:40,5076
2019-01-03 05:45,5046
2019-01-03 05:50,4980
2019-01-03 05:55,4909
2019-01-03 06:00,4789
2019-01-03 06:05,4691
2019-01-03 06:10,4628
2019-01-03 06:15,4544
2019-01-03 06:20,4462
2019-01-03 06:25,4418
2019-01-03 06:30,4330
2019-01-03 06:35,4305
2019-01-03 06:40,4229
2019-01-03 06:45,4174
2019-01-03 06:50,4099
2019-01-03 06:55,4034
2019-01-03 07:00,3985
2019-01-03 07:05,3914
2019-01-03 07:10,3842
2019-01-03 07:15,3768
2019-01-03 07:20,3725
2019-01-03 07:25,3649
2019-01-03 07:30,3594
2019-01-03 07:35,3566
2019-01-03 07:40,3542
2019-01-03 07:45,3480
2019-01-03 07:50,3476
2019-01-03 07:55,3418
2019-01-03 08:00,3403
2019-01-03 08:05,3392
2019-01-03 08:10,3365
2019-01-03 08:15,3335
2019-01-03 08:20,3329
2019-01-03 08:25,3292
2019-01-03 08:30,3256
2019-01-03 08:35,3260
2019-01-03 08:40,3234
2019-01-03 08:45,3213
2019-01-03 08:50,3177
2019-01-03 08:55,3144
2019-01-03 09:00,3091
2019-01-03 09:05,3114
2019-01-03 09:10,3138
2019-01-03 09:15,3172
2019-01-03 09:20,3213
2019-01-03 09:25,3233
2019-01-03 09:30,3251
2019-01-03 09:35,3301
2019-01-03 09:40,3296
2019-01-03 09:45,3328
2019-01-03 09:50,3339
2019-01-03 09:55,3375
2019-01-03 10:00,3366
2019-01-03 10:05,3372
2019-01-03 10:10,3420
2019-01-03 10:15,3464
2019-01-03 10:20,3535
2019-01-03 10:25,3605
2019-01-03 10:30,3637
2019-01-03 10:35,3688
2019-01-03 10:40,3732
2019-01-03 10:45,3786
2019-01-03 10:50,3786
2019-01-03 10:55,3811
2019-01-03 11:00,3839
2019-01-03 11:05,3883
2019-01-03 11:10,3940
2019-01-03 11:15,3958
2019-01-03 11:20,4027
2019-01-03 11:25,4072
2019-01-03 11:30,4113
2019-01-03 11:35,4194
2019-01-03 11:40,4231
2019-01-03 11:45,4281
2019-01-03 11:50,4335
2019-01-03 11:55,4356
2019-01-03 12:00,4398
2019-01-03 12:05,4469
2019-01-03 12:10,4482
2019-01-03 12:15,4546
2019-01-03 12:20,4610
2019-01-03 12:25,4684
2019-01-03 12:30,4707
2019-01-03 12:35,4763
2019-01-03 12:40,4857
2019-01-03 12:45,4901
2019-01-03 12:50,4916
2019-01-03 12:55,4984
2019-01-03 13:00,4969
2019-01-03 13:05,5053
2019-01-03 13:10,5113
2019-01-03 13:15,5146
2019-01-03 13:20,5254
2019-01-03 13:25,5291
2019-01-03 13:30,5355
2019-01-03 13:35,5353
2019-01-03 13:40,5376
2019-01-03 13:45,5476
2019-01-03 13:50,5565
2019-01-03 13:55,5668
2019-01-03 14:00,5712
2019-01-03 14:05,5754
2019-01-03 14:10,5800
2019-01-03 14:15,5820
2019-01-03 14:20,5931
2019-01-03 14:25,5997
2019-01-03 14:30,6095
2019-01-03 14:35,6094
2019-01-03 14:40,6105
2019-01-03 14:45,6177
2019-01-03 14:50,6249
2019-01-03 14:55,6256
2019-01-03 15:00,6323
2019-01-03 15:05,6388
2019-01-03 15:10,6378
2019-01-03 15:15,6452
2019-01-03 15:20,6555
2019-01-03 15:25,6645
2019-01-03 15:30,6673
2019-01-03 15:35,6690
2019-01-03 15:40,6759
2019-01-03 15:45,6843
2019-01-03 15:50,6886
2019-01-03 15:55,6988
2019-01-03 16:00,7020
2019-01-03 16:05,7077
2019-01-03 16:10,7075
2019-01-03 16:15,7175
2019-01-03 16:20,7192
2019-01-03 16:25,7250
2019-01-03 16:30,7279
2019-01-03 16:35,7367
2019-01-03 16:40,7423
2019-01-03 16:45,7475
2019-01-03 16:50,7542
2019-01-03 16:55,7587
2019-01-03 17:00,7643
2019-01-03 17:05,7635
2019-01-03 17:10,7677
2019-01-03 17:15,7741
2019-01-03 17:20,7824
2019-01-03 17:25,7897
2019-01-03 17:30,7996
2019-01-03 17:35,7979
2019-01-03 17:40,7959
2019-01-03 17:45,8000
2019-01-03 17:50,8099
2019-01-03 17:55,8150
2019-01-03 18:00,8169
2019-01-03 18:05,8227
2019-01-03 18:10,8359
2019-01-03 18:15,8398
2019-01-03 18:20,8466
2019-01-03 18:25,8539
2019-01-03 18:30,8601
2019-01-03 18:35,8646
2019-01-03 18:40,8689
2019-01-03 18:45,8732
2019-01-03 18:50,8835
2019-01-03 18:55,8884
2019-01-03 19:00,8934
2019-01-03 19:05,9046
2019-01-03 19:10,9034
2019-01-03 19:15,9087
2019-01-03 19:20,9195
2019-01-03 19:25,9295
2019-01-03 19:30,9347
2019-01-03 19:35,9417
2019-01-03 19:40,
2019-01-03 19:45,9550
2019-01-03 19:50,9530
2019-01-03 19:55,
2019-01-03 20:00,
2019-01-03 20:05,
2019-01-03 20:10,
2019-01-03 20:15,
2019-01-03 20:20,
2019-01-03 20:25,
2019-01-03 20:30,
2019-01-03 20:35,
2019-01-03 20:40,9451
2019-01-03 20:45,9487
2019-01-03 20:50,9538
2019-01-03 20:55,9524
2019-01-03 21:00,9505
2019-01-03 21:05,9514
2019-01-03 21:10,9549
2019-01-03 21:15,9597
2019-01-03 21:20,9593
2019-01-03 21:25,9593
2019-01-03 21:30,
2019-01-03 21:35,9608
2019-01-03 21:40,9584
2019-01-03 21:45,9520
2019-01-03 21:50,9495
2019-01-03 21:55,
2019-01-03 22:00,9501
2019-01-03 22:05,9521
2019-01-03 22:10,9427
2019-01-03 22:15,9397
2019-01-03 22:20,9310
2019-01-03 22:25,9310
2019-01-03 22:30,9254
2019-01-03 22:35,9228
2019-01-03 22:40,9150
2019-01-03 22:45,9102
2019-01-03 22:50,9061
2019-01-03 22:55,9020
2019-01-03 23:00,8951
2019-01-03 23:05,8827
2019-01-03 23:10,8761
2019-01-03 23:15,8756
2019-01-03 23:20,8723
2019-01-03 23:25,
2019-01-03 23:30,
2019-01-03 23:35,8040
2019-01-03 23:40,8446
2019-01-03 23:45,8423
2019-01-03 23:50,8362
2019-01-03 23:55,8305
2019-01-04 00:00,8199
2019-01-04 00:05,8196
2019-01-04 00:10,8149
2019-01-04 00:15,8116
2019-01-04 00:20,8052
2019-01-04 00:25,8008
2019-01-04 00:30,7980
2019-01-04 00:35,7909
2019-01-04 00:40,7890
2019-01-04 00:45,7867
2019-01-04 00:50,7813
2019-01-04 00:55,7741
2019-01-04 01:00,7620
2019-01-04 01:05,7589
2019-01-04 01:10,7562
2019-01-04 01:15,7614
2019-01-04 01:20,7573
2019-01-04 01:25,7583
2019-01-04 01:30,7561
2019-01-04 01:35,7559
2019-01-04 01:40,7556
2019-01-04 01:45,7531
2019-01-04 01:50,7532
2019-01-04 01:55,7483
2019-01-04 02:00,7467
2019-01-04 02:05,7453
2019-01-04 02:10,7362
2019-01-04 02:15,7302
2019-01-04 02:20,7264
2019-01-04 02:25,7215
2019-01-04 02:30,7164
2019-01-04 02:35,7174
2019-01-04 02:40,7157
2019-01-04 02:45,7145
2019-01-04 02:50,7048
2019-01-04 02:55,6960
2019-01-04 03:00,6901
2019-01-04 03:05,6840
2019-01-04 03:10,6756
2019-01-04 03:15,6661
2019-01-04 03:20,6612
2019-01-04 03:25,6594
2019-01-04 03:30,6551
2019-01-04 03:35,6509
2019-01-04 03:40,6472
2019-01-04 03:45,6457
2019-01-04 03:50,6415
2019-01-04 03:55,6395
2019-01-04 04:00,6346
2019-01-04 04:05,6268
2019-01-04 04:10,6201
2019-01-04 04:15,6134
2019-01-04 04:20,6044
2019-01-04 04:25,6069
2019-01-04 04:30,5973
2019-01-04 04:35,5938
2019-01-04 04:40,5867
2019-01-04 04:45,5755
2019-01-04 04:50,5677
2019-01-04 04:55,5625
2019-01-04 05:00,5547
2019-01-04 05:05,5473
2019-01-04 05:10,5434
2019-01-04 05:15,5356
2019-01-04 05:20,5346
2019-01-04 05:25,5296
2019-01-04 05:30,5173
2019-01-04 05:35,5076
2019-01-04 05:40,5036
2019-01-04 05:45,4997
2019-01-04 05:50,4928
2019-01-04 05:55,4833
2019-01-04 06:00,4770
2019-01-04 06:05,4677
2019-01-04 06:10,4609
2019-01-04 06:15,4520
2019-01-04 06:20,4442
2019-01-04 06:25,4344
2019-01-04 06:30,4302
2019-01-04 06:35,4256
2019-01-04 06:40,4204
2019-01-04 06:45,4146
2019-01-04 06:50,4083
2019-01-04 06:55,4034
2019-01-04 07:00,3970
2019-01-04 07:05,3896
2019-01-04 07:10,3855
2019-01-04 07:15,3795
2019-01-04 07:20,3733
2019-01-04 07:25,3700
2019-01-04 07:30,3643
2019-01-04 07:35,3628
2019-01-04 07:40,3548
2019-01-04 07:45,3507
2019-01-04 07:50,3441
2019-01-04 07:55,3387
2019-01-04 08:00,3344
2019-01-04 08:05,3316
2019-01-04 08:10,3320
2019-01-04 08:15,3298
2019-01-04 08:20,3233
2019-01-04 08:25,3212
2019-01-04 08:30,3252
2019-01-04 08:35,3244
2019-01-04 08:40,3242
2019-01-04 08:45,3237
2019-01-04 08:50,3200
2019-01-04 08:55,3173
2019-01-04 09:00,3161
2019-01-04 09:05,3164
2019-01-04 09:10,3225
2019-01-04 09:15,3237
2019-01-04 09:20,3266
2019-01-04 09:25,3286
2019-01-04 09:30,3318
2019-01-04 09:35,3339
2019-01-04 09:40,3316
2019-01-04 09:45,3301
2019-01-04 09:50,3325
2019-01-04 09:55,3334
2019-01-04 10:00,3385
2019-01-04 10:05,3404
2019-01-04 10:10,3411
2019-01-04 10:15,3444
2019-01-04 10:20,3463
2019-01-04 10:25,3521
2019-01-04 10:30,3551
2019-01-04 10:35,3588
2019-01-04 10:40,3641
2019-01-04 10:45,3686
2019-01-04 10:50,3722
2019-01-04 10:55,3790
2019-01-04 11:00,3793
2019-01-04 11:05,3820
2019-01-04 11:10,3825
2019-01-04 11:15,3904
2019-01-04 11:20,3983
2019-01-04 11:25,4029
2019-01-04 11:30,4065
2019-01-04 11:35,4113
2019-01-04 11:40,4164
2019-01-04 11:45,4264
2019-01-04 11:50,4324
2019-01-04 11:55,4362
2019-01-04 12:00,4446
2019-01-04 12:05,4549
2019-01-04 12:10,4557
2019-01-04 12:15,4566
2019-01-04 12:20,4633
2019-01-04 12:25,4717
2019-01-04 12:30,4734
2019-01-04 12:35,4766
2019-01-04 12:40,4826
2019-01-04 12:45,4838
2019-01-04 12:50,4887
2019-01-04 12:55,4962
2019-01-04 13:00,5020
2019-01-04 13:05,5085
2019-01-04 13:10,5113
2019-01-04 13:15,5219
2019-01-04 13:20,5276
2019-01-04 13:25,5293
2019-01-04 13:30,5361
2019-01-04 13:35,5400
2019-01-04 13:40,5480
2019-01-04 13:45,5492
2019-01-04 13:50,5558
2019-01-04 13:55,5682
2019-01-04 14:00,5737
2019-01-04 14:05,5799
2019-01-04 14:10,5815
2019-01-04 14:15,5897
2019-01-04 14:20,5984
2019-01-04 14:25,6058
2019-01-04 14:30,6143
2019-01-04 14:35,6196
2019-01-04 14:40,6254
2019-01-04 14:45,6301
2019-01-04 14:50,6319
2019-01-04 14:55,6431
2019-01-04 15:00,6468
2019-01-04 15:05,6554
2019-01-04 15:10,6620
2019-01-04 15:15,6667
2019-01-04 15:20,6771
2019-01-04 15:25,6844
2019-01-04 15:30,6891
2019-01-04 15:35,6930
2019-01-04 15:40,7012
2019-01-04 15:45,7055
2019-01-04 15:50,7075
2019-01-04 15:55,7204
2019-01-04 16:00,7226
2019-01-04 16:05,7251
2019-01-04 16:10,7297
2019-01-04 16:15,7350
2019-01-04 16:20,7349
2019-01-04 16:25,7384
2019-01-04 16:30,7449
2019-01-04 16:35,7492
2019-01-04 16:40,
2019-01-04 16:45,7607
2019-01-04 16:50,7642
2019-01-04 16:55,
2019-01-04 17:00,7792
2019-01-04 17:05,7794
2019-01-04 17:10,7821
2019-01-04 17:15,7863
2019-01-04 17:20,7952
2019-01-04 17:25,7991
2019-01-04 17:30,8028
2019-01-04 17:35,8094
2019-01-04 17:40,8118
2019-01-04 17:45,8126
2019-01-04 17:50,
2019-01-04 17:55,
2019-01-04 18:00,8259
2019-01-04 18:05,8276
2019-01-04 18:10,8252
2019-01-04 18:15,8340
2019-01-04 18:20,8396
2019-01-04 18:25,8515
2019-01-04 18:30,8556
2019-01-04 18:35,8628
2019-01-04 18:40,8667
2019-01-04 18:45,8706
2019-01-04 18:50,8765
2019-01-04 18:55,8847
2019-01-04 19:00,8920
2019-01-04 19:05,8983
2019-01-04 19:10,9036
2019-01-04 19:15,9032
2019-01-04 19:20,9090
2019-01-04 19:25,9170
2019-01-04 19:30,9194
2019-01-04 19:35,9198
2019-01-04 19:40,9249
2019-01-04 19:45,9302
2019-01-04 19:50,9378
2019-01-04 19:55,9390
2019-01-04 20:00,9427
2019-01-04 20:05,9470
2019-01-04 20:10,9528
2019-01-04 20:15,9586
2019-01-04 20:20,9592
2019-01-04 20:25,9641
2019-01-04 20:30,9669
2019-01-04 20:35,9646
2019-01-04 20:40,9702
2019-01-04 20:45,9698
2019-01-04 20:50,9690
2019-01-04 20:55,9705
2019-01-04 21:00,9731
2019-01-04 21:05,9768
2019-01-04 21:10,9816
2019-01-04 21:15,9849
2019-01-04 21:20,9944
2019-01-04 21:25,9918
2019-01-04 21:30,
2019-01-04 21:35,
2019-01-04 21:40,9922
2019-01-04 21:45,9936
2019-01-04 21:50,9972
2019-01-04 21:55,
2019-01-04 22:00,9893
2019-01-04 22:05,9853
2019-01-04 22:10,9788
2019-01-04 22:15,9725
2019-01-04 22:20,9689
2019-01-04 22:25,9591
2019-01-04 22:30,9577
2019-01-04 22:35,9525
2019-01-04 22:40,9509
2019-01-04 22:45,9489
2019-01-04 22:50,9510
2019-01-04 22:55,9470
2019-01-04 23:00,9389
2019-01-04 23:05,9350
2019-01-04 23:10,9283
2019-01-04 23:15,9224
2019-01-04 23:20,9198
2019-01-04 23:25,9111
2019-01-04 23:30,9074
2019-01-04 23:35,8961
2019-01-04 23:40,8944
2019-01-04 23:45,8861
2019-01-04 23:50,8789
2019-01-04 23:55,8740
2019-01-05 00:00,8630
2019-01-05 00:05,8536
2019-01-05 00:10,8451
2019-01-05 00:15,8374
2019-01-05 00:20,8358
2019-01-05 00:25,8295
2019-01-05 00:30,8226
2019-01-05 00:35,8168
2019-01-05 00:40,8117
2019-01-05 00:45,8033
2019-01-05 00:50,8114
2019-01-05 00:55,8067
2019-01-05 01:00,7946
2019-01-05 01:05,7890
2019-01-05 01:10,7863
2019-01-05 01:15,7819
2019-01-05 01:20,7776
2019-01-05 01:25,7766
2019-01-05 01:30,7723
2019-01-05 01:35,7615
2019-01-05 01:40,7675
2019-01-05 01:45,7638
2019-01-05 01:50,7574
2019-01-05 01:55,7548
2019-01-05 02:00,7519
2019-01-05 02:05,7503
2019-01-05 02:10,7442
2019-01-05 02:15,7390
2019-01-05 02:20,7289
2019-01-05 02:25,7292
2019-01-05 02:30,7225
2019-01-05 02:35,7233
2019-01-05 02:40,7241
2019-01-05 02:45,7225
2019-01-05 02:50,7222
2019-01-05 02:55,7165
2019-01-05 03:00,7119
2019-01-05 03:05,7107
2019-01-05 03:10,7044
2019-01-05 03:15,7024
2019-01-05 03:20,6954
2019-01-05 03:25,6935
2019-01-05 03:30,6866
2019-01-05 03:35,6859
2019-01-05 03:40,6822
2019-01-05 03:45,6789
2019-01-05 03:50,6768
2019-01-05 03:55,6722
2019-01-05 04:00,6656
2019-01-05 04:05,6618
2019-01-05 04:10,6605
2019-01-05 04:15,6593
2019-01-05 04:20,6602
2019-01-05 04:25,6548
2019-01-05 04:30,6537
2019-01-05 04:35,6530
2019-01-05 04:40,6498
2019-01-05 04:45,6471
2019-01-05 04:50,6435
2019-01-05 04:55,6430
2019-01-05 05:00,6373
2019-01-05 05:05,6289
2019-01-05 05:10,6223
2019-01-05 05:15,6163
2019-01-05 05:20,6120
2019-01-05 05:25,6029
2019-01-05 05:30,5965
2019-01-05 05:35,5933
2019-01-05 05:40,5847
2019-01-05 05:45,5776
2019-01-05 05:50,5670
2019-01-05 05:55,5546
2019-01-05 06:00,5492
2019-01-05 06:05,5420
2019-01-05 06:10,5271
2019-01-05 06:15,5214
2019-01-05 06:20,5169
2019-01-05 06:25,5160
2019-01-05 06:30,5098
2019-01-05 06:35,5008
2019-01-05 06:40,4959
2019-01-05 06:45,4932
2019-01-05 06:50,4842
2019-01-05 06:55,4799
2019-01-05 07:00,4744
2019-01-05 07:05,4686
2019-01-05 07:10,4625
2019-01-05 07:15,4575
2019-01-05 07:20,4512
2019-01-05 07:25,4401
2019-01-05 07:30,4329
2019-01-05 07:35,4287
2019-01-05 07:40,4286
2019-01-05 07:45,4275
2019-01-05 07:50,4217
2019-01-05 07:55,4158
2019-01-05 08:00,4092
2019-01-05 08:05,4020
2019-01-05 08:10,3953
2019-01-05 08:15,3950
2019-01-05 08:20,3911
2019-01-05 08:25,3845
2019-01-05 08:30,3801
2019-01-05 08:35,3802
2019-01-05 08:40,3716
2019-01-05 08:45,3737
2019-01-05 08:50,3703
2019-01-05 08:55,3692
2019-01-05 09:00,3663
2019-01-05 09:05,3662
2019-01-05 09:10,3719
2019-01-05 09:15,3710
2019-01-05 09:20,3728
2019-01-05 09:25,3722
2019-01-05 09:30,3726
2019-01-05 09:35,3732
2019-01-05 09:40,3784
2019-01-05 09:45,3793
2019-01-05 09:50,3803
2019-01-05 09:55,3800
2019-01-05 10:00,3821
2019-01-05 10:05,3838
2019-01-05 10:10,3881
2019-01-05 10:15,3920
2019-01-05 10:20,3949
2019-01-05 10:25,4038
2019-01-05 10:30,4093
2019-01-05 10:35,4158
2019-01-05 10:40,4178
2019-01-05 10:45,4231
2019-01-05 10:50,4308
2019-01-05 10:55,4340
2019-01-05 11:00,4362
2019-01-05 11:05,4401
2019-01-05 11:10,4428
2019-01-05 11:15,4447
2019-01-05 11:20,4473
2019-01-05 11:25,4567
2019-01-05 11:30,4635
2019-01-05 11:35,4641
2019-01-05 11:40,4670
2019-01-05 11:45,4744
2019-01-05 11:50,4819
2019-01-05 11:55,4855
2019-01-05 12:00,4953
2019-01-05 12:05,5038
2019-01-05 12:10,5124
2019-01-05 12:15,5196
2019-01-05 12:20,5222
2019-01-05 12:25,5285
2019-01-05 12:30,5302
2019-01-05 12:35,5423
2019-01-05 12:40,5468
2019-01-05 12:45,5511
2019-01-05 12:50,5546
2019-01-05 12:55,5650
2019-01-05 13:00,5739
2019-01-05 13:05,5789
2019-01-05 13:10,5827
2019-01-05 13:15,5946
2019-01-05 13:20,6031
2019-01-05 13:25,6037
2019-01-05 13:30,6073
2019-01-05 13:35,6138
2019-01-05 13:40,6178
2019-01-05 13:45,6259
2019-01-05 13:50,6329
2019-01-05 13:55,6402
2019-01-05 14:00,6440
2019-01-05 14:05,6549
2019-01-05 14:10,6584
2019-01-05 14:15,6686
2019-01-05 14:20,6727
2019-01-05 14:25,
2019-01-05 14:30,
2019-01-05 14:35,6806
2019-01-05 14:40,6857
2019-01-05 14:45,6960
2019-01-05 14:50,7038
2019-01-05 14:55,
2019-01-05 15:00,7190
2019-01-05 15:05,7266
2019-01-05 15:10,7297
2019-01-05 15:15,7315
2019-01-05 15:20,7403
2019-01-05 15:25,7442
2019-01-05 15:30,7520
2019-01-05 15:35,7526
2019-01-05 15:40,7585
2019-01-05 15:45,7646
2019-01-05 15:50,7738
2019-01-05 15:55,7814
2019-01-05 16:00,7854
2019-01-05 16:05,7917
2019-01-05 16:10,7997
2019-01-05 16:15,8051
2019-01-05 16:20,8108
2019-01-05 16:25,8167
2019-01-05 16:30,8187
2019-01-05 16:35,8243
2019-01-05 16:40,
2019-01-05 16:45,8325
2019-01-05 16:50,8441
2019-01-05 16:55,
2019-01-05 17:00,8575
2019-01-05 17:05,8657
2019-01-05 17:10,8743
2019-01-05 17:15,8765
2019-01-05 17:20,8802
2019-01-05 17:25,8850
2019-01-05 17:30,8883
2019-01-05 17:35,8932
2019-01-05 17:40,8997
2019-01-05 17:45,9099
2019-01-05 17:50,9134
2019-01-05 17:55,9191
2019-01-05 18:00,9217
2019-01-05 18:05,9225
2019-01-05 18:10,9229
2019-01-05 18:15,9237
2019-01-05 18:20,9281
2019-01-05 18:25,9384
2019-01-05 18:30,9368
2019-01-05 18:35,9435
2019-01-05 18:40,9498
2019-01-05 18:45,9627
2019-01-05 18:50,9678
2019-01-05 18:55,9669
2019-01-05 19:00,9659
2019-01-05 19:05,9724
2019-01-05 19:10,9809
2019-01-05 19:15,9922
2019-01-05 19:20,9954
2019-01-05 19:25,9997
2019-01-05 19:30,9979
2019-01-05 19:35,10015
2019-01-05 19:40,10069
2019-01-05 19:45,10138
2019-01-05 19:50,10180
2019-01-05 19:55,10199
2019-01-05 20:00,10255
2019-01-05 20:05,10247
2019-01-05 20:10,10338
2019-01-05 20:15,10312
2019-01-05 20:20,10331
2019-01-05 20:25,10329
2019-01-05 20:30,10360
2019-01-05 20:35,10439
2019-01-05 20:40,10444
2019-01-05 20:45,10414
2019-01-05 20:50,10521
2019-01-05 20:55,10467
2019-01-05 21:00,10393
2019-01-05 21:05,10412
2019-01-05 21:10,10365
2019-01-05 21:15,10323
2019-01-05 21:20,10281
2019-01-05 21:25,10235
2019-01-05 21:30,
2019-01-05 21:35,10223
2019-01-05 21:40,10197
2019-01-05 21:45,10186
2019-01-05 21:50,10147
2019-01-05 21:55,
2019-01-05 22:00,10169
2019-01-05 22:05,10118
2019-01-05 22:10,10110
2019-01-05 22:15,10088
2019-01-05 22:20,10096
2019-01-05 22:25,10051
2019-01-05 22:30,10078
2019-01-05 22:35,10055
2019-01-05 22:40,9953
2019-01-05 22:45,9934
2019-01-05 22:50,9855
2019-01-05 22:55,9786
2019-01-05 23:00,9760
2019-01-05 23:05,9684
2019-01-05 23:10,9616
2019-01-05 23:15,9520
2019-01-05 23:20,9459
2019-01-05 23:25,9392
2019-01-05 23:30,9334
2019-01-05 23:35,9206
2019-01-05 23:40,9149
2019-01-05 23:45,9082
2019-01-05 23:50,9026
2019-01-05 23:55,8946
2019-01-06 00:00,8984
2019-01-06 00:05,8897
2019-01-06 00:10,8817
2019-01-06 00:15,8730
2019-01-06 00:20,8661
2019-01-06 00:25,8588
2019-01-06 00:30,8563
2019-01-06 00:35,8438
2019-01-06 00:40,8356
2019-01-06 00:45,8366
2019-01-06 00:50,8309
2019-01-06 00:55,8272
2019-01-06 01:00,8252
2019-01-06 01:05,8217
2019-01-06 01:10,8151
2019-01-06 01:15,8076
2019-01-06 01:20,8040
2019-01-06 01:25,7973
2019-01-06 01:30,7901
2019-01-06 01:35,7853
2019-01-06 01:40,7878
2019-01-06 01:45,7835
2019-01-06 01:50,7735
2019-01-06 01:55,7721
2019-01-06 02:00,7736
2019-01-06 02:05,7694
2019-01-06 02:10,7663
2019-01-06 02:15,7666
2019-01-06 02:20,7598
2019-01-06 02:25,7559
2019-01-06 02:30,7553
2019-01-06 02:35,7554
2019-01-06 02:40,7532
2019-01-06 02:45,7505
2019-01-06 02:50,7480
2019-01-06 02:55,7443
2019-01-06 03:00,7414
2019-01-06 03:05,7361
2019-01-06 03:10,7343
2019-01-06 03:15,7277
2019-01-06 03:20,7207
2019-01-06 03:25,7167
2019-01-06 03:30,7102
2019-01-06 03:35,7056
2019-01-06 03:40,7030
2019-01-06 03:45,6962
2019-01-06 03:50,6987
2019-01-06 03:55,6936
2019-01-06 04:00,6887
2019-01-06 04:05,6848
2019-01-06 04:10,6785
2019-01-06 04:15,6795
2019-01-06 04:20,6749
2019-01-06 04:25,6704
2019-01-06 04:30,6689
2019-01-06 04:35,6638
2019-01-06 04:40,6591
2019-01-06 04:45,6569
2019-01-06 04:50,6583
2019-01-06 04:55,6557
2019-01-06 05:00,6502
2019-01-06 05:05,6455
2019-01-06 05:10,6335
2019-01-06 05:15,6265
2019-01-06 05:20,6202
2019-01-06 05:25,6152
2019-01-06 05:30,6133
2019-01-06 05:35,6068
2019-01-06 05:40,6019
2019-01-06 05:45,5958
2019-01-06 05:50,5931
2019-01-06 05:55,5873
2019-01-06 06:00,5802
2019-01-06 06:05,5736
2019-01-06 06:10,5672
2019-01-06 06:15,5643
2019-01-06 06:20,5578
2019-01-06 06:25,5531
2019-01-06 06:30,5453
2019-01-06 06:35,5395
2019-01-06 06:40,5299
2019-01-06 06:45,5264
2019-01-06 06:50,5259
2019-01-06 06:55,5143
2019-01-06 07:00,5081
2019-01-06 07:05,5014
2019-01-06 07:10,4941
2019-01-06 07:15,4866
2019-01-06 07:20,4816
2019-01-06 07:25,4759
2019-01-06 07:30,4698
2019-01-06 07:35,4607
2019-01-06 07:40,4509
2019-01-06 07:45,4461
2019-01-06 07:50,4419
2019-01-06 07:55,4368
2019-01-06 08:00,4293
2019-01-06 08:05,4251
2019-01-06 08:10,4275
2019-01-06 08:15,4173
2019-01-06 08:20,4126
2019-01-06 08:25,4073
2019-01-06 08:30,4051
2019-01-06 08:35,4034
2019-01-06 08:40,4057
2019-01-06 08:45,4028
2019-01-06 08:50,4022
2019-01-06 08:55,4008
2019-01-06 09:00,4023
2019-01-06 09:05,4044
2019-01-06 09:10,4048
2019-01-06 09:15,4095
2019-01-06 09:20,4099
2019-01-06 09:25,4121
2019-01-06 09:30,4142
2019-01-06 09:35,4144
2019-01-06 09:40,4153
2019-01-06 09:45,4161
2019-01-06 09:50,4167
2019-01-06 09:55,4176
2019-01-06 10:00,4142
2019-01-06 10:05,4168
2019-01-06 10:10,4258
2019-01-06 10:15,4313
2019-01-06 10:20,4364
2019-01-06 10:25,4464
2019-01-06 10:30,4451
2019-01-06 10:35,4504
2019-01-06 10:40,4553
2019-01-06 10:45,4560
2019-01-06 10:50,4590
2019-01-06 10:55,4646
2019-01-06 11:00,4681
2019-01-06 11:05,4723
2019-01-06 11:10,4775
2019-01-06 11:15,4816
2019-01-06 11:20,4885
2019-01-06 11:25,4976
2019-01-06 11:30,5066
2019-01-06 11:35,5066
2019-01-06 11:40,5088
2019-01-06 11:45,5149
2019-01-06 11:50,5231
2019-01-06 11:55,5310
2019-01-06 12:00,5316
2019-01-06 12:05,5409
2019-01-06 12:10,5464
2019-01-06 12:15,5546
2019-01-06 12:20,5596
2019-01-06 12:25,5655
2019-01-06 12:30,5737
2019-01-06 12:35,5788
2019-01-06 12:40,5879
2019-01-06 12:45,5899
2019-01-06 12:50,5963
2019-01-06 12:55,6016
2019-01-06 13:00,6021
2019-01-06 13:05,6114
2019-01-06 13:10,6141
2019-01-06 13:15,6175
2019-01-06 13:20,6226
2019-01-06 13:25,6295
2019-01-06 13:30,6338
2019-01-06 13:35,6414
2019-01-06 13:40,6443
2019-01-06 13:45,6521
2019-01-06 13:50,6535
2019-01-06 13:55,6555
2019-01-06 14:00,6620
2019-01-06 14:05,6724
2019-01-06 14:10,6869
2019-01-06 14:15,6969
2019-01-06 14:20,6997
2019-01-06 14:25,7083
2019-01-06 14:30,7065
2019-01-06 14:35,7094
2019-01-06 14:40,7142
2019-01-06 14:45,7225
2019-01-06 14:50,7263
2019-01-06 14:55,7343
2019-01-06 15:00,7347
2019-01-06 15:05,7350
2019-01-06 15:10,7451
2019-01-06 15:15,7563
2019-01-06 15:20,7642
2019-01-06 15:25,7709
2019-01-06 15:30,7766
2019-01-06 15:35,7876
2019-01-06 15:40,7979
2019-01-06 15:45,7993
2019-01-06 15:50,8062
2019-01-06 15:55,8097
2019-01-06 16:00,8205
2019-01-06 16:05,8280
2019-01-06 16:10,8364
2019-01-06 16:15,8432
2019-01-06 16:20,8487
2019-01-06 16:25,8628
2019-01-06 16:30,8682
2019-01-06 16:35,8722
2019-01-06 16:40,8734
2019-01-06 16:45,8791
2019-01-06 16:50,8841
2019-01-06 16:55,
2019-01-06 17:00,8943
2019-01-06 17:05,8935
2019-01-06 17:10,8993
2019-01-06 17:15,9007
2019-01-06 17:20,
2019-01-06 17:25,
2019-01-06 17:30,9251
2019-01-06 17:35,9263
2019-01-06 17:40,9312
2019-01-06 17:45,9371
2019-01-06 17:50,9489
2019-01-06 17:55,9510
2019-01-06 18:00,9529
2019-01-06 18:05,9526
2019-01-06 18:10,9551
2019-01-06 18:15,9612
2019-01-06 18:20,9617
2019-01-06 18:25,9709
2019-01-06 18:30,9727
2019-01-06 18:35,9788
2019-01-06 18:40,9845
2019-01-06 18:45,9910
2019-01-06 18:50,9956
2019-01-06 18:55,9926
2019-01-06 19:00,9991
2019-01-06 19:05,10067
2019-01-06 19:10,10118
2019-01-06 19:15,10247
2019-01-06 19:20,10316
2019-01-06 19:25,10357
2019-01-06 19:30,10423
2019-01-06 19:35,10531
2019-01-06 19:40,10592
2019-01-06 19:45,10620
2019-01-06 19:50,10731
2019-01-06 19:55,10757
2019-01-06 20:00,10821
2019-01-06 20:05,10853
2019-01-06 20:10,10838
2019-01-06 20:15,10883
2019-01-06 20:20,10839
2019-01-06 20:25,10828
2019-01-06 20:30,10845
2019-01-06 20:35,10771
2019-01-06 20:40,10742
2019-01-06 20:45,10711
2019-01-06 20:50,10657
2019-01-06 20:55,10611
2019-01-06 21:00,10600
2019-01-06 21:05,10571
2019-01-06 21:10,10511
2019-01-06 21:15,10496
2019-01-06 21:20,10400
2019-01-06 21:25,10378
2019-01-06 21:30,
2019-01-06 21:35,10272
2019-01-06 21:40,10180
2019-01-06 21:45,10090
2019-01-06 21:50,10018
2019-01-06 21:55,
2019-01-06 22:00,10008
2019-01-06 22:05,9919
2019-01-06 22:10,9849
2019-01-06 22:15,9807
2019-01-06 22:20,9709
2019-01-06 22:25,9615
2019-01-06 22:30,9531
2019-01-06 22:35,9442
2019-01-06 22:40,9376
2019-01-06 22:45,9301
2019-01-06 22:50,9246
2019-01-06 22:55,9160
2019-01-06 23:00,9067
2019-01-06 23:05,8982
2019-01-06 23:10,8927
2019-01-06 23:15,8847
2019-01-06 23:20,8749
2019-01-06 23:25,8688
2019-01-06 23:30,8632
2019-01-06 23:35,8598
2019-01-06 23:40,8552
2019-01-06 23:45,8552
2019-01-06 23:50,8455
2019-01-06 23:55,8375
2019-01-07 00:00,8275
2019-01-07 00:05,8207
2019-01-07 00:10,8136
2019-01-07 00:15,8059
2019-01-07 00:20,8054
2019-01-07 00:25,8002
2019-01-07 00:30,7998
2019-01-07 00:35,8001
2019-01-07 00:40,7970
2019-01-07 00:45,7821
2019-01-07 00:50,7862
2019-01-07 00:55,7825
2019-01-07 01:00,7816
2019-01-07 01:05,7794
2019-01-07 01:10,7740
2019-01-07 01:15,7788
2019-01-07 01:20,7716
2019-01-07 01:25,7759
2019-01-07 01:30,7757
2019-01-07 01:35,7703
2019-01-07 01:40,7672
2019-01-07 01:45,7660
2019-01-07 01:50,7639
2019-01-07 01:55,7615
2019-01-07 02:00,7544
2019-01-07 02:05,7556
2019-01-07 02:10,7524
2019-01-07 02:15,7460
2019-01-07 02:20,7404
2019-01-07 02:25,7381
2019-01-07 02:30,7378
2019-01-07 02:35,7349
2019-01-07 02:40,7267
2019-01-07 02:45,7231
2019-01-07 02:50,7209
2019-01-07 02:55,7144
2019-01-07 03:00,7056
2019-01-07 03:05,6976
2019-01-07 03:10,6884
2019-01-07 03:15,6859
2019-01-07 03:20,6765
2019-01-07 03:25,6737
2019-01-07 03:30,6623
2019-01-07 03:35,6577
2019-01-07 03:40,6542
2019-01-07 03:45,6502
2019-01-07 03:50,6366
2019-01-07 03:55,6285
2019-01-07 04:00,6198
2019-01-07 04:05,6099
2019-01-07 04:10,6035
2019-01-07 04:15,5999
2019-01-07 04:20,5861
2019-01-07 04:25,5782
2019-01-07 04:30,5736
2019-01-07 04:35,5703
2019-01-07 04:40,5662
2019-01-07 04:45,5594
2019-01-07 04:50,5541
2019-01-07 04:55,5508
2019-01-07 05:00,5436
2019-01-07 05:05,5365
2019-01-07 05:10,5246
2019-01-07 05:15,5196
2019-01-07 05:20,5127
2019-01-07 05:25,5062
2019-01-07 05:30,4987
2019-01-07 05:35,4948
2019-01-07 05:40,4891
2019-01-07 05:45,4785
2019-01-07 05:50,4613
2019-01-07 05:55,4524
2019-01-07 06:00,4449
2019-01-07 06:05,4356
2019-01-07 06:10,4288
2019-01-07 06:15,4228
2019-01-07 06:20,4095
2019-01-07 06:25,4027
2019-01-07 06:30,3969
2019-01-07 06:35,3915
2019-01-07 06:40,3839
2019-01-07 06:45,3777
2019-01-07 06:50,3729
2019-01-07 06:55,3685
2019-01-07 07:00,3640
2019-01-07 07:05,3592
2019-01-07 07:10,3552
2019-01-07 07:15,3523
2019-01-07 07:20,3489
2019-01-07 07:25,3439
2019-01-07 07:30,3417
2019-01-07 07:35,3376
2019-01-07 07:40,3371
2019-01-07 07:45,3339
2019-01-07 07:50,3306
2019-01-07 07:55,3245
2019-01-07 08:00,3242
2019-01-07 08:05,3149
2019-01-07 08:10,3130
2019-01-07 08:15,3090
2019-01-07 08:20,3087
2019-01-07 08:25,3099
2019-01-07 08:30,3083
2019-01-07 08:35,3077
2019-01-07 08:40,3100
2019-01-07 08:45,3109
2019-01-07 08:50,3096
2019-01-07 08:55,3113
2019-01-07 09:00,3168
2019-01-07 09:05,3199
2019-01-07 09:10,3194
2019-01-07 09:15,3224
2019-01-07 09:20,3227
2019-01-07 09:25,3237
2019-01-07 09:30,3255
2019-01-07 09:35,3283
2019-01-07 09:40,3300
2019-01-07 09:45,3353
2019-01-07 09:50,3358
2019-01-07 09:55,3404
2019-01-07 10:00,3396
2019-01-07 10:05,3398
2019-01-07 10:10,3422
2019-01-07 10:15,3420
2019-01-07 10:20,3422
2019-01-07 10:25,3442
2019-01-07 10:30,3498
2019-01-07 10:35,3474
2019-01-07 10:40,3517
2019-01-07 10:45,3583
2019-01-07 10:50,3614
2019-01-07 10:55,3644
2019-01-07 11:00,3661
2019-01-07 11:05,3698
2019-01-07 11:10,3728
2019-01-07 11:15,3776
2019-01-07 11:20,3758
2019-01-07 11:25,3807
2019-01-07 11:30,3877
2019-01-07 11:35,3908
2019-01-07 11:40,3915
2019-01-07 11:45,3943
2019-01-07 11:50,4002
2019-01-07 11:55,4063
2019-01-07 12:00,4080
2019-01-07 12:05,4092
2019-01-07 12:10,4154
2019-01-07 12:15,4227
2019-01-07 12:20,4233
2019-01-07 12:25,4318
2019-01-07 12:30,4325
2019-01-07 12:35,4395
2019-01-07 12:40,4421
2019-01-07 12:45,4478
2019-01-07 12:50,4520
2019-01-07 12:55,4528
2019-01-07 13:00,4608
2019-01-07 13:05,4627
2019-01-07 13:10,4669
2019-01-07 13:15,4695
2019-01-07 13:20,4786
2019-01-07 13:25,4860
2019-01-07 13:30,4915
2019-01-07 13:35,4897
2019-01-07 13:40,4930
2019-01-07 13:45,4966
2019-01-07 13:50,4962
2019-01-07 13:55,4957
2019-01-07 14:00,4980
2019-01-07 14:05,4952
2019-01-07 14:10,4911
2019-01-07 14:15,4860
2019-01-07 14:20,4800
2019-01-07 14:25,4774
2019-01-07 14:30,4725
2019-01-07 14:35,4086
2019-01-07 14:40,3267
2019-01-07 14:45,2467
2019-01-07 14:50,1896
2019-01-07 14:55,1494
2019-01-07 15:00,1249
2019-01-07 15:05,1199
2019-01-07 15:10,1208
2019-01-07 15:15,1181
2019-01-07 15:20,1194
2019-01-07 15:25,1194
2019-01-07 15:30,1162
2019-01-07 15:35,1171
2019-01-07 15:40,1174
2019-01-07 15:45,1201
2019-01-07 15:50,1230
2019-01-07 15:55,1221
2019-01-07 16:00,1214
2019-01-07 16:05,1258
2019-01-07 16:10,1237
2019-01-07 16:15,1270
2019-01-07 16:20,1243
2019-01-07 16:25,1258
2019-01-07 16:30,1279
2019-01-07 16:35,1293
2019-01-07 16:40,
2019-01-07 16:45,1309
2019-01-07 16:50,1309
2019-01-07 16:55,
2019-01-07 17:00,1395
2019-01-07 17:05,1426
2019-01-07 17:10,1382
2019-01-07 17:15,1222
2019-01-07 17:20,1052
2019-01-07 17:25,1006
2019-01-07 17:30,1276
2019-01-07 17:35,1880
2019-01-07 17:40,2638
2019-01-07 17:45,3382
2019-01-07 17:50,4077
2019-01-07 17:55,4739
2019-01-07 18:00,5331
2019-01-07 18:05,5888
2019-01-07 18:10,6440
2019-01-07 18:15,6906
2019-01-07 18:20,6611
2019-01-07 18:25,7200
2019-01-07 18:30,7599
2019-01-07 18:35,7990
2019-01-07 18:40,8314
2019-01-07 18:45,8591
2019-01-07 18:50,8888
2019-01-07 18:55,9087
2019-01-07 19:00,9282
2019-01-07 19:05,9494
2019-01-07 19:10,9565
2019-01-07 19:15,9662
2019-01-07 19:20,9811
2019-01-07 19:25,9890
2019-01-07 19:30,9973
2019-01-07 19:35,10011
2019-01-07 19:40,10022
2019-01-07 19:45,10096
2019-01-07 19:50,10172
2019-01-07 19:55,10218
2019-01-07 20:00,10225
2019-01-07 20:05,10267
2019-01-07 20:10,10227
2019-01-07 20:15,10201
2019-01-07 20:20,10231
2019-01-07 20:25,10277
2019-01-07 20:30,10257
2019-01-07 20:35,10241
2019-01-07 20:40,10245
2019-01-07 20:45,10225
2019-01-07 20:50,10143
2019-01-07 20:55,10158
2019-01-07 21:00,10086
2019-01-07 21:05,9998
2019-01-07 21:10,9948
2019-01-07 21:15,9888
2019-01-07 21:20,9855
2019-01-07 21:25,9835
2019-01-07 21:30,
2019-01-07 21:35,9757
2019-01-07 21:40,
2019-01-07 21:45,9619
2019-01-07 21:50,9557
2019-01-07 21:55,9520
2019-01-07 22:00,9499
2019-01-07 22:05,9468
2019-01-07 22:10,9390
2019-01-07 22:15,9349
2019-01-07 22:20,9254
2019-01-07 22:25,9167
2019-01-07 22:30,9110
2019-01-07 22:35,9070
2019-01-07 22:40,8993
2019-01-07 22:45,8998
2019-01-07 22:50,8938
2019-01-07 22:55,8938
2019-01-07 23:00,8819
2019-01-07 23:05,8749
2019-01-07 23:10,8689
2019-01-07 23:15,8606
2019-01-07 23:20,8578
2019-01-07 23:25,8534
2019-01-07 23:30,8449
2019-01-07 23:35,8361
2019-01-07 23:40,8319
2019-01-07 23:45,8272
2019-01-07 23:50,8244
2019-01-07 23:55,8161
2019-01-08 00:00,8094
2019-01-08 00:05,8101
2019-01-08 00:10,8129
2019-01-08 00:15,8053
2019-01-08 00:20,8028
2019-01-08 00:25,7925
2019-01-08 00:30,7914
2019-01-08 00:35,7902
2019-01-08 00:40,7893
2019-01-08 00:45,7898
2019-01-08 00:50,7875
2019-01-08 00:55,7828
2019-01-08 01:00,7793
2019-01-08 01:05,7733
2019-01-08 01:10,7715
2019-01-08 01:15,7687
2019-01-08 01:20,7627
2019-01-08 01:25,7631
2019-01-08 01:30,7650
2019-01-08 01:35,7609
2019-01-08 01:40,7576
2019-01-08 01:45,7522
2019-01-08 01:50,7501
2019-01-08 01:55,7448
2019-01-08 02:00,7459
2019-01-08 02:05,7414
2019-01-08 02:10,7383
2019-01-08 02:15,7327
2019-01-08 02:20,7252
2019-01-08 02:25,7257
2019-01-08 02:30,7226
2019-01-08 02:35,7178
2019-01-08 02:40,7136
2019-01-08 02:45,7112
2019-01-08 02:50,7013
2019-01-08 02:55,6983
2019-01-08 03:00,6925
2019-01-08 03:05,6899
2019-01-08 03:10,6851
2019-01-08 03:15,6855
2019-01-08 03:20,6818
2019-01-08 03:25,6703
2019-01-08 03:30,6640
2019-01-08 03:35,6537
2019-01-08 03:40,6497
2019-01-08 03:45,6462
2019-01-08 03:50,6414
2019-01-08 03:55,6338
2019-01-08 04:00,6270
2019-01-08 04:05,6187
2019-01-08 04:10,6087
2019-01-08 04:15,5992
2019-01-08 04:20,5970
2019-01-08 04:25,5979
2019-01-08 04:30,5924
2019-01-08 04:35,5853
2019-01-08 04:40,5818
2019-01-08 04:45,5762
2019-01-08 04:50,5662
2019-01-08 04:55,5577
2019-01-08 05:00,5507
2019-01-08 05:05,5452
2019-01-08 05:10,5357
2019-01-08 05:15,5250
2019-01-08 05:20,5153
2019-01-08 05:25,5106
2019-01-08 05:30,5031
2019-01-08 05:35,4976
2019-01-08 05:40,4887
2019-01-08 05:45,4812
2019-01-08 05:50,4737
2019-01-08 05:55,4677
2019-01-08 06:00,4618
2019-01-08 06:05,4487
2019-01-08 06:10,4458
2019-01-08 06:15,4397
2019-01-08 06:20,4322
2019-01-08 06:25,4234
2019-01-08 06:30,4157
2019-01-08 06:35,4163
2019-01-08 06:40,4103
2019-01-08 06:45,4015
2019-01-08 06:50,3958
2019-01-08 06:55,3927
2019-01-08 07:00,3879
2019-01-08 07:05,3822
2019-01-08 07:10,3819
2019-01-08 07:15,3747
2019-01-08 07:20,3721
2019-01-08 07:25,3658
2019-01-08 07:30,3613
2019-01-08 07:35,3560
2019-01-08 07:40,3501
2019-01-08 07:45,3510
2019-01-08 07:50,3532
2019-01-08 07:55,3461
2019-01-08 08:00,3426
2019-01-08 08:05,3424
2019-01-08 08:10,3405
2019-01-08 08:15,3376
2019-01-08 08:20,3332
2019-01-08 08:25,3292
2019-01-08 08:30,3288
2019-01-08 08:35,3272
2019-01-08 08:40,3318
2019-01-08 08:45,3308
2019-01-08 08:50,3299
2019-01-08 08:55,3295
2019-01-08 09:00,3292
2019-01-08 09:05,3295
2019-01-08 09:10,3331
2019-01-08 09:15,3342
2019-01-08 09:20,3365
2019-01-08 09:25,3367
2019-01-08 09:30,3421
2019-01-08 09:35,3434
2019-01-08 09:40,3480
2019-01-08 09:45,3476
2019-01-08 09:50,3490
2019-01-08 09:55,3512
2019-01-08 10:00,3504
2019-01-08 10:05,3502
2019-01-08 10:10,3552
2019-01-08 10:15,3582
2019-01-08 10:20,3586
2019-01-08 10:25,3654
2019-01-08 10:30,3665
2019-01-08 10:35,3745
2019-01-08 10:40,3755
2019-01-08 10:45,3805
2019-01-08 10:50,3878
2019-01-08 10:55,3905
2019-01-08 11:00,3944
2019-01-08 11:05,3937
2019-01-08 11:10,3986
2019-01-08 11:15,4041
2019-01-08 11:20,4083
2019-01-08 11:25,4123
2019-01-08 11:30,4110
2019-01-08 11:35,4145
2019-01-08 11:40,4229
2019-01-08 11:45,4253
2019-01-08 11:50,4315
2019-01-08 11:55,4371
2019-01-08 12:00,4416
2019-01-08 12:05,4476
2019-01-08 12:10,4528
2019-01-08 12:15,4542
2019-01-08 12:20,4643
2019-01-08 12:25,4670
2019-01-08 12:30,4727
2019-01-08 12:35,4747
2019-01-08 12:40,4796
2019-01-08 12:45,4785
2019-01-08 12:50,4828
2019-01-08 12:55,4847
2019-01-08 13:00,4862
2019-01-08 13:05,4931
2019-01-08 13:10,5030
2019-01-08 13:15,5075
2019-01-08 13:20,5115
2019-01-08 13:25,5172
2019-01-08 13:30,5225
2019-01-08 13:35,5253
2019-01-08 13:40,5317
2019-01-08 13:45,5329
2019-01-08 13:50,5340
2019-01-08 13:55,5449
2019-01-08 14:00,5520
2019-01-08 14:05,5598
2019-01-08 14:10,5695
2019-01-08 14:15,5755
2019-01-08 14:20,5861
2019-01-08 14:25,5916
2019-01-08 14:30,6009
2019-01-08 14:35,6076
2019-01-08 14:40,6138
2019-01-08 14:45,6127
2019-01-08 14:50,4903
2019-01-08 14:55,4930
2019-01-08 15:00,5120
2019-01-08 15:05,5314
2019-01-08 15:10,5514
2019-01-08 15:15,5675
2019-01-08 15:20,5806
2019-01-08 15:25,5980
2019-01-08 15:30,6122
2019-01-08 15:35,6258
2019-01-08 15:40,6429
2019-01-08 15:45,6536
2019-01-08 15:50,
2019-01-08 15:55,
2019-01-08 16:00,6925
2019-01-08 16:05,7056
2019-01-08 16:10,7155
2019-01-08 16:15,7158
2019-01-08 16:20,7259
2019-01-08 16:25,7351
2019-01-08 16:30,7422
2019-01-08 16:35,7540
2019-01-08 16:40,
2019-01-08 16:45,7694
2019-01-08 16:50,7763
2019-01-08 16:55,
2019-01-08 17:00,7896
2019-01-08 17:05,7973
2019-01-08 17:10,7989
2019-01-08 17:15,8036
2019-01-08 17:20,8107
2019-01-08 17:25,8138
2019-01-08 17:30,8181
2019-01-08 17:35,8212
2019-01-08 17:40,8304
2019-01-08 17:45,8407
2019-01-08 17:50,8499
2019-01-08 17:55,8545
2019-01-08 18:00,8553
2019-01-08 18:05,8576
2019-01-08 18:10,8638
2019-01-08 18:15,8653
2019-01-08 18:20,8656
2019-01-08 18:25,8693
2019-01-08 18:30,8743
2019-01-08 18:35,8775
2019-01-08 18:40,8862
2019-01-08 18:45,8822
2019-01-08 18:50,8882
2019-01-08 18:55,8922
2019-01-08 19:00,8997
2019-01-08 19:05,9083
2019-01-08 19:10,9051
2019-01-08 19:15,9092
2019-01-08 19:20,9161
2019-01-08 19:25,9188
2019-01-08 19:30,9246
2019-01-08 19:35,9270
2019-01-08 19:40,9260
2019-01-08 19:45,9338
2019-01-08 19:50,9448
2019-01-08 19:55,9449
2019-01-08 20:00,9523
2019-01-08 20:05,9517
2019-01-08 20:10,9504
2019-01-08 20:15,9425
2019-01-08 20:20,9444
2019-01-08 20:25,9427
2019-01-08 20:30,9411
2019-01-08 20:35,9369
2019-01-08 20:40,9384
2019-01-08 20:45,9388
2019-01-08 20:50,9377
2019-01-08 20:55,9336
2019-01-08 21:00,9300
2019-01-08 21:05,9263
2019-01-08 21:10,9222
2019-01-08 21:15,9209
2019-01-08 21:20,9226
2019-01-08 21:25,9271
2019-01-08 21:30,
2019-01-08 21:35,
2019-01-08 21:40,9208
2019-01-08 21:45,9151
2019-01-08 21:50,9158
2019-01-08 21:55,9100
2019-01-08 22:00,9005
2019-01-08 22:05,
2019-01-08 22:10,8864
2019-01-08 22:15,8808
2019-01-08 22:20,8757
2019-01-08 22:25,
2019-01-08 22:30,8644
2019-01-08 22:35,8588
2019-01-08 22:40,8581
2019-01-08 22:45,8490
2019-01-08 22:50,
2019-01-08 22:55,8378
2019-01-08 23:00,8315
2019-01-08 23:05,8212
2019-01-08 23:10,8151
2019-01-08 23:15,
2019-01-08 23:20,
2019-01-08 23:25,7582
2019-01-08 23:30,7938
2019-01-08 23:35,7918
2019-01-08 23:40,7868
2019-01-08 23:45,7883
2019-01-08 23:50,7777
2019-01-08 23:55,7710
2019-01-09 00:00,7640
2019-01-09 00:05,7573
2019-01-09 00:10,7545
2019-01-09 00:15,7529
2019-01-09 00:20,7500
2019-01-09 00:25,7458
2019-01-09 00:30,7489
2019-01-09 00:35,7424
2019-01-09 00:40,7436
2019-01-09 00:45,7384
2019-01-09 00:50,7365
2019-01-09 00:55,7337
2019-01-09 01:00,7342
2019-01-09 01:05,7348
2019-01-09 01:10,7361
2019-01-09 01:15,7331
2019-01-09 01:20,7317
2019-01-09 01:25,7321
2019-01-09 01:30,7334
2019-01-09 01:35,7246
2019-01-09 01:40,7214
2019-01-09 01:45,7206
2019-01-09 01:50,
2019-01-09 01:55,
2019-01-09 02:00,7213
2019-01-09 02:05,7146
2019-01-09 02:10,7145
2019-01-09 02:15,7116
2019-01-09 02:20,7065
2019-01-09 02:25,7061
2019-01-09 02:30,7030
2019-01-09 02:35,7034
2019-01-09 02:40,7027
2019-01-09 02:45,6979
2019-01-09 02:50,6878
2019-01-09 02:55,6873
2019-01-09 03:00,6874
2019-01-09 03:05,6752
2019-01-09 03:10,6677
2019-01-09 03:15,6634
2019-01-09 03:20,6594
2019-01-09 03:25,6496
2019-01-09 03:30,6428
2019-01-09 03:35,6399
2019-01-09 03:40,6313
2019-01-09 03:45,6239
2019-01-09 03:50,6138
2019-01-09 03:55,6085
2019-01-09 04:00,6008
2019-01-09 04:05,5941
2019-01-09 04:10,5835
2019-01-09 04:15,5799
2019-01-09 04:20,5728
2019-01-09 04:25,5622
2019-01-09 04:30,5554
2019-01-09 04:35,5451
2019-01-09 04:40,5413
2019-01-09 04:45,5325
2019-01-09 04:50,5246
2019-01-09 04:55,5219
2019-01-09 05:00,5213
2019-01-09 05:05,5148
2019-01-09 05:10,5078
2019-01-09 05:15,4979
2019-01-09 05:20,4860
2019-01-09 05:25,4800
2019-01-09 05:30,4713
2019-01-09 05:35,4637
2019-01-09 05:40,4517
2019-01-09 05:45,4478
2019-01-09 05:50,4431
2019-01-09 05:55,4364
2019-01-09 06:00,4318
2019-01-09 06:05,4191
2019-01-09 06:10,4126
2019-01-09 06:15,4066
2019-01-09 06:20,3988
2019-01-09 06:25,3919
2019-01-09 06:30,3843
2019-01-09 06:35,3822
2019-01-09 06:40,3756
2019-01-09 06:45,3700
2019-01-09 06:50,3680
2019-01-09 06:55,3663
2019-01-09 07:00,3606
2019-01-09 07:05,3511
2019-01-09 07:10,3468
2019-01-09 07:15,3396
2019-01-09 07:20,3393
2019-01-09 07:25,3367
2019-01-09 07:30,3336
2019-01-09 07:35,3286
2019-01-09 07:40,3264
2019-01-09 07:45,3240
2019-01-09 07:50,3203
2019-01-09 07:55,3144
2019-01-09 08:00,3138
2019-01-09 08:05,3108
2019-01-09 08:10,3082
2019-01-09 08:15,3071
2019-01-09 08:20,3034
2019-01-09 08:25,3049
2019-01-09 08:30,3046
2019-01-09 08:35,3003
2019-01-09 08:40,3014
2019-01-09 08:45,3026
2019-01-09 08:50,2967
2019-01-09 08:55,2956
2019-01-09 09:00,2948
2019-01-09 09:05,2980
2019-01-09 09:10,2998
2019-01-09 09:15,2982
2019-01-09 09:20,3011
2019-01-09 09:25,3053
2019-01-09 09:30,3097
2019-01-09 09:35,3144
2019-01-09 09:40,3150
2019-01-09 09:45,3169
2019-01-09 09:50,3166
2019-01-09 09:55,3196
2019-01-09 10:00,3189
2019-01-09 10:05,3243
2019-01-09 10:10,3285
2019-01-09 10:15,3301
2019-01-09 10:20,3306
2019-01-09 10:25,3328
2019-01-09 10:30,3358
2019-01-09 10:35,3336
2019-01-09 10:40,3331
2019-01-09 10:45,3313
2019-01-09 10:50,3336
2019-01-09 10:55,3381
2019-01-09 11:00,3382
2019-01-09 11:05,3355
2019-01-09 11:10,3357
2019-01-09 11:15,3385
2019-01-09 11:20,3338
2019-01-09 11:25,3273
2019-01-09 11:30,3237
2019-01-09 11:35,3033
2019-01-09 11:40,2475
2019-01-09 11:45,2043
2019-01-09 11:50,1587
2019-01-09 11:55,1234
2019-01-09 12:00,1088
2019-01-09 12:05,1016
2019-01-09 12:10,940
2019-01-09 12:15,926
2019-01-09 12:20,940
2019-01-09 12:25,934
2019-01-09 12:30,955
2019-01-09 12:35,925
2019-01-09 12:40,975
2019-01-09 12:45,1123
2019-01-09 12:50,1415
2019-01-09 12:55,1749
2019-01-09 13:00,2021
2019-01-09 13:05,2334
2019-01-09 13:10,2635
2019-01-09 13:15,2910
2019-01-09 13:20,3150
2019-01-09 13:25,3395
2019-01-09 13:30,3599
2019-01-09 13:35,3778
2019-01-09 13:40,4007
2019-01-09 13:45,4199
2019-01-09 13:50,4383
2019-01-09 13:55,4527
2019-01-09 14:00,4612
2019-01-09 14:05,4754
2019-01-09 14:10,4860
2019-01-09 14:15,5018
2019-01-09 14:20,5194
2019-01-09 14:25,5325
2019-01-09 14:30,5380
2019-01-09 14:35,5481
2019-01-09 14:40,5453
2019-01-09 14:45,5538
2019-01-09 14:50,5602
2019-01-09 14:55,5689
2019-01-09 15:00,5830
2019-01-09 15:05,5947
2019-01-09 15:10,6055
2019-01-09 15:15,6107
2019-01-09 15:20,6239
2019-01-09 15:25,6319
2019-01-09 15:30,6439
2019-01-09 15:35,6551
2019-01-09 15:40,6579
2019-01-09 15:45,6681
2019-01-09 15:50,6780
2019-01-09 15:55,6842
2019-01-09 16:00,6966
2019-01-09 16:05,7085
2019-01-09 16:10,7126
2019-01-09 16:15,7211
2019-01-09 16:20,7307
2019-01-09 16:25,7391
2019-01-09 16:30,7430
2019-01-09 16:35,7481
2019-01-09 16:40,7558
2019-01-09 16:45,7621
2019-01-09 16:50,7688
2019-01-09 16:55,7743
2019-01-09 17:00,7837
2019-01-09 17:05,7927
2019-01-09 17:10,8037
2019-01-09 17:15,8157
2019-01-09 17:20,8196
2019-01-09 17:25,8230
2019-01-09 17:30,8278
2019-01-09 17:35,8369
2019-01-09 17:40,8415
2019-01-09 17:45,8484
2019-01-09 17:50,8591
2019-01-09 17:55,8654
2019-01-09 18:00,8765
2019-01-09 18:05,8838
2019-01-09 18:10,8894
2019-01-09 18:15,8935
2019-01-09 18:20,9005
2019-01-09 18:25,9063
2019-01-09 18:30,9150
2019-01-09 18:35,9259
2019-01-09 18:40,9285
2019-01-09 18:45,9325
2019-01-09 18:50,9390
2019-01-09 18:55,9450
2019-01-09 19:00,9553
2019-01-09 19:05,9622
2019-01-09 19:10,9655
2019-01-09 19:15,9697
2019-01-09 19:20,9737
2019-01-09 19:25,9806
2019-01-09 19:30,9875
2019-01-09 19:35,9932
2019-01-09 19:40,9991
2019-01-09 19:45,10017
2019-01-09 19:50,10110
2019-01-09 19:55,10121
2019-01-09 20:00,10123
2019-01-09 20:05,10132
2019-01-09 20:10,10161
2019-01-09 20:15,10153
2019-01-09 20:20,10203
2019-01-09 20:25,10228
2019-01-09 20:30,10226
2019-01-09 20:35,10214
2019-01-09 20:40,10238
2019-01-09 20:45,10115
2019-01-09 20:50,10007
2019-01-09 20:55,10011
2019-01-09 21:00,10012
2019-01-09 21:05,10022
2019-01-09 21:10,9997
2019-01-09 21:15,9921
2019-01-09 21:20,9941
2019-01-09 21:25,10007
2019-01-09 21:30,9964
2019-01-09 21:35,
2019-01-09 21:40,9839
2019-01-09 21:45,9803
2019-01-09 21:50,9742
2019-01-09 21:55,9743
2019-01-09 22:00,9687
2019-01-09 22:05,9624
2019-01-09 22:10,9536
2019-01-09 22:15,9484
2019-01-09 22:20,9399
2019-01-09 22:25,9377
2019-01-09 22:30,9292
2019-01-09 22:35,9248
2019-01-09 22:40,9214
2019-01-09 22:45,9103
2019-01-09 22:50,8961
2019-01-09 22:55,8953
2019-01-09 23:00,8826
2019-01-09 23:05,8754
2019-01-09 23:10,8644
2019-01-09 23:15,8554
2019-01-09 23:20,8522
2019-01-09 23:25,8426
2019-01-09 23:30,8373
2019-01-09 23:35,8289
2019-01-09 23:40,8257
2019-01-09 23:45,8236
2019-01-09 23:50,8181
2019-01-09 23:55,8113
2019-01-10 00:00,8066
2019-01-10 00:05,8017
2019-01-10 00:10,7957
2019-01-10 00:15,7969
2019-01-10 00:20,8004
2019-01-10 00:25,8014
2019-01-10 00:30,7964
2019-01-10 00:35,7932
2019-01-10 00:40,7930
2019-01-10 00:45,7935
2019-01-10 00:50,7974
2019-01-10 00:55,7871
2019-01-10 01:00,7952
2019-01-10 01:05,7941
2019-01-10 01:10,7915
2019-01-10 01:15,7945
2019-01-10 01:20,7988
2019-01-10 01:25,8000
2019-01-10 01:30,7972
2019-01-10 01:35,7938
2019-01-10 01:40,7919
2019-01-10 01:45,7868
2019-01-10 01:50,7878
2019-01-10 01:55,7923
2019-01-10 02:00,7890
2019-01-10 02:05,7843
2019-01-10 02:10,7823
2019-01-10 02:15,7784
2019-01-10 02:20,7757
2019-01-10 02:25,7774
2019-01-10 02:30,7766
2019-01-10 02:35,7723
2019-01-10 02:40,7686
2019-01-10 02:45,7673
2019-01-10 02:50,7651
2019-01-10 02:55,7579
2019-01-10 03:00,7506
2019-01-10 03:05,7433
2019-01-10 03:10,7400
2019-01-10 03:15,7349
2019-01-10 03:20,7289
2019-01-10 03:25,7208
2019-01-10 03:30,7123
2019-01-10 03:35,7102
2019-01-10 03:40,7038
2019-01-10 03:45,6975
2019-01-10 03:50,6916
2019-01-10 03:55,6840
2019-01-10 04:00,6714
2019-01-10 04:05,6649
2019-01-10 04:10,6597
2019-01-10 04:15,6490
2019-01-10 04:20,6424
2019-01-10 04:25,6350
2019-01-10 04:30,6312
2019-01-10 04:35,6274
2019-01-10 04:40,6225
2019-01-10 04:45,6075
2019-01-10 04:50,6012
2019-01-10 04:55,5885
2019-01-10 05:00,5829
2019-01-10 05:05,5762
2019-01-10 05:10,5597
2019-01-10 05:15,5526
2019-01-10 05:20,5488
2019-01-10 05:25,5417
2019-01-10 05:30,5276
2019-01-10 05:35,5169
2019-01-10 05:40,5096
2019-01-10 05:45,5040
2019-01-10 05:50,5002
2019-01-10 05:55,4973
2019-01-10 06:00,4923
2019-01-10 06:05,4878
2019-01-10 06:10,4835
2019-01-10 06:15,4773
2019-01-10 06:20,4707
2019-01-10 06:25,4585
2019-01-10 06:30,4356
2019-01-10 06:35,4371
2019-01-10 06:40,4306
2019-01-10 06:45,4229
2019-01-10 06:50,4166
2019-01-10 06:55,4104
2019-01-10 07:00,4081
2019-01-10 07:05,3961
2019-01-10 07:10,3875
2019-01-10 07:15,3776
2019-01-10 07:20,3693
2019-01-10 07:25,3594
2019-01-10 07:30,3550
2019-01-10 07:35,3496
2019-01-10 07:40,3475
2019-01-10 07:45,3410
2019-01-10 07:50,3404
2019-01-10 07:55,3390
2019-01-10 08:00,3318
2019-01-10 08:05,3297
2019-01-10 08:10,3284
2019-01-10 08:15,3245
2019-01-10 08:20,3223
2019-01-10 08:25,3183
2019-01-10 08:30,3165
2019-01-10 08:35,3135
2019-01-10 08:40,3124
2019-01-10 08:45,3104
2019-01-10 08:50,3100
2019-01-10 08:55,3126
2019-01-10 09:00,3103
2019-01-10 09:05,3087
2019-01-10 09:10,3125
2019-01-10 09:15,3135
2019-01-10 09:20,3153
2019-01-10 09:25,3161
2019-01-10 09:30,3211
2019-01-10 09:35,3226
2019-01-10 09:40,3243
2019-01-10 09:45,3229
2019-01-10 09:50,3256
2019-01-10 09:55,3262
2019-01-10 10:00,3304
2019-01-10 10:05,3317
2019-01-10 10:10,3372
2019-01-10 10:15,3446
2019-01-10 10:20,3454
2019-01-10 10:25,3492
2019-01-10 10:30,3573
2019-01-10 10:35,3603
2019-01-10 10:40,3630
2019-01-10 10:45,3661
2019-01-10 10:50,3707
2019-01-10 10:55,3746
2019-01-10 11:00,3789
2019-01-10 11:05,3825
2019-01-10 11:10,3817
2019-01-10 11:15,3835
2019-01-10 11:20,3858
2019-01-10 11:25,3896
2019-01-10 11:30,3910
2019-01-10 11:35,3895
2019-01-10 11:40,3949
2019-01-10 11:45,3984
2019-01-10 11:50,4020
2019-01-10 11:55,4079
2019-01-10 12:00,4113
2019-01-10 12:05,4157
2019-01-10 12:10,4209
2019-01-10 12:15,4034
2019-01-10 12:20,3830
2019-01-10 12:25,3647
2019-01-10 12:30,3516
2019-01-10 12:35,3624
2019-01-10 12:40,3820
2019-01-10 12:45,3932
2019-01-10 12:50,4052
2019-01-10 12:55,4158
2019-01-10 13:00,4243
2019-01-10 13:05,4347
2019-01-10 13:10,4451
2019-01-10 13:15,4536
2019-01-10 13:20,4644
2019-01-10 13:25,4716
2019-01-10 13:30,4738
2019-01-10 13:35,4860
2019-01-10 13:40,4943
2019-01-10 13:45,5059
2019-01-10 13:50,5168
2019-01-10 13:55,5217
2019-01-10 14:00,5267
2019-01-10 14:05,5372
2019-01-10 14:10,5405
2019-01-10 14:15,5471
2019-01-10 14:20,5470
2019-01-10 14:25,5591
2019-01-10 14:30,5661
2019-01-10 14:35,5736
2019-01-10 14:40,5809
2019-01-10 14:45,5896
2019-01-10 14:50,5999
2019-01-10 14:55,6067
2019-01-10 15:00,6161
2019-01-10 15:05,6227
2019-01-10 15:10,6318
2019-01-10 15:15,6430
2019-01-10 15:20,6477
2019-01-10 15:25,6545
2019-01-10 15:30,6603
2019-01-10 15:35,6696
2019-01-10 15:40,6745
2019-01-10 15:45,6757
2019-01-10 15:50,6806
2019-01-10 15:55,6938
2019-01-10 16:00,7011
2019-01-10 16:05,7097
2019-01-10 16:10,7179
2019-01-10 16:15,7245
2019-01-10 16:20,7318
2019-01-10 16:25,7367
2019-01-10 16:30,7429
2019-01-10 16:35,7547
2019-01-10 16:40,7606
2019-01-10 16:45,7668
2019-01-10 16:50,7736
2019-01-10 16:55,7826
2019-01-10 17:00,7927
2019-01-10 17:05,7960
2019-01-10 17:10,8006
2019-01-10 17:15,8072
2019-01-10 17:20,8104
2019-01-10 17:25,8217
2019-01-10 17:30,8319
2019-01-10 17:35,8464
2019-01-10 17:40,8494
2019-01-10 17:45,8523
2019-01-10 17:50,8584
2019-01-10 17:55,8703
2019-01-10 18:00,8694
2019-01-10 18:05,8760
2019-01-10 18:10,8792
2019-01-10 18:15,8867
2019-01-10 18:20,8919
2019-01-10 18:25,8976
2019-01-10 18:30,9025
2019-01-10 18:35,9150
2019-01-10 18:40,9215
2019-01-10 18:45,9327
2019-01-10 18:50,9410
2019-01-10 18:55,9448
2019-01-10 19:00,9522
2019-01-10 19:05,9580
2019-01-10 19:10,9668
2019-01-10 19:15,9698
2019-01-10 19:20,9715
2019-01-10 19:25,9754
2019-01-10 19:30,9760
2019-01-10 19:35,9739
2019-01-10 19:40,9810
2019-01-10 19:45,9896
2019-01-10 19:50,9908
2019-01-10 19:55,9929
2019-01-10 20:00,9982
2019-01-10 20:05,9954
2019-01-10 20:10,9923
2019-01-10 20:15,9861
2019-01-10 20:20,9882
2019-01-10 20:25,9891
2019-01-10 20:30,9865
2019-01-10 20:35,9896
2019-01-10 20:40,9881
2019-01-10 20:45,9942
2019-01-10 20:50,9966
2019-01-10 20:55,10028
2019-01-10 21:00,9977
2019-01-10 21:05,9945
2019-01-10 21:10,9910
2019-01-10 21:15,9889
2019-01-10 21:20,9869
2019-01-10 21:25,9843
2019-01-10 21:30,9822
2019-01-10 21:35,9734
2019-01-10 21:40,9729
2019-01-10 21:45,9792
2019-01-10 21:50,9712
2019-01-10 21:55,9646
2019-01-10 22:00,9617
2019-01-10 22:05,9533
2019-01-10 22:10,9373
2019-01-10 22:15,9236
2019-01-10 22:20,9129
2019-01-10 22:25,9093
2019-01-10 22:30,9007
2019-01-10 22:35,8955
2019-01-10 22:40,8925
2019-01-10 22:45,8824
2019-01-10 22:50,8740
2019-01-10 22:55,8739
2019-01-10 23:00,8656
2019-01-10 23:05,
2019-01-10 23:10,8552
2019-01-10 23:15,8377
2019-01-10 23:20,8377
2019-01-10 23:25,8381
2019-01-10 23:30,8318
2019-01-10 23:35,8321
2019-01-10 23:40,8222
2019-01-10 23:45,8158
2019-01-10 23:50,8151
2019-01-10 23:55,8114
2019-01-11 00:00,8074
2019-01-11 00:05,8049
2019-01-11 00:10,8087
2019-01-11 00:15,8075
2019-01-11 00:20,8004
2019-01-11 00:25,7957
2019-01-11 00:30,7951
2019-01-11 00:35,7964
2019-01-11 00:40,7902
2019-01-11 00:45,7892
2019-01-11 00:50,7907
2019-01-11 00:55,7863
2019-01-11 01:00,7895
2019-01-11 01:05,7892
2019-01-11 01:10,7888
2019-01-11 01:15,0
2019-01-11 01:20,7852
2019-01-11 01:25,7892
2019-01-11 01:30,7855
2019-01-11 01:35,7828
2019-01-11 01:40,7836
2019-01-11 01:45,7854
2019-01-11 01:50,7894
2019-01-11 01:55,7900
2019-01-11 02:00,7855
2019-01-11 02:05,7795
2019-01-11 02:10,7726
2019-01-11 02:15,7640
2019-01-11 02:20,7632
2019-01-11 02:25,7570
2019-01-11 02:30,7488
2019-01-11 02:35,7435
2019-01-11 02:40,7452
2019-01-11 02:45,7427
2019-01-11 02:50,7388
2019-01-11 02:55,7345
2019-01-11 03:00,7305
2019-01-11 03:05,7280
2019-01-11 03:10,7264
2019-01-11 03:15,7193
2019-01-11 03:20,7147
2019-01-11 03:25,7059
2019-01-11 03:30,7052
2019-01-11 03:35,6984
2019-01-11 03:40,6953
2019-01-11 03:45,6838
2019-01-11 03:50,6780
2019-01-11 03:55,6779
2019-01-11 04:00,6724
2019-01-11 04:05,6692
2019-01-11 04:10,6590
2019-01-11 04:15,6568
2019-01-11 04:20,6523
2019-01-11 04:25,6425
2019-01-11 04:30,6330
2019-01-11 04:35,6241
2019-01-11 04:40,6112
2019-01-11 04:45,6105
2019-01-11 04:50,6008
2019-01-11 04:55,5951
2019-01-11 05:00,5870
2019-01-11 05:05,5782
2019-01-11 05:10,5712
2019-01-11 05:15,5641
2019-01-11 05:20,5530
2019-01-11 05:25,5454
2019-01-11 05:30,5373
2019-01-11 05:35,5307
2019-01-11 05:40,5190
2019-01-11 05:45,5089
2019-01-11 05:50,4947
2019-01-11 05:55,4886
2019-01-11 06:00,4826
2019-01-11 06:05,4749
2019-01-11 06:10,4716
2019-01-11 06:15,4604
2019-01-11 06:20,4513
2019-01-11 06:25,4475
2019-01-11 06:30,4412
2019-01-11 06:35,4341
2019-01-11 06:40,4251
2019-01-11 06:45,4206
2019-01-11 06:50,4143
2019-01-11 06:55,4086
2019-01-11 07:00,3987
2019-01-11 07:05,3924
2019-01-11 07:10,3883
2019-01-11 07:15,3818
2019-01-11 07:20,3742
2019-01-11 07:25,3690
2019-01-11 07:30,3612
2019-01-11 07:35,3617
2019-01-11 07:40,3594
2019-01-11 07:45,3562
2019-01-11 07:50,3551
2019-01-11 07:55,3491
2019-01-11 08:00,3466
2019-01-11 08:05,3386
2019-01-11 08:10,3338
2019-01-11 08:15,3279
2019-01-11 08:20,3266
2019-01-11 08:25,3214
2019-01-11 08:30,3202
2019-01-11 08:35,3160
2019-01-11 08:40,3148
2019-01-11 08:45,3157
2019-01-11 08:50,3132
2019-01-11 08:55,3140
2019-01-11 09:00,3120
2019-01-11 09:05,3118
2019-01-11 09:10,3135
2019-01-11 09:15,3127
2019-01-11 09:20,3174
2019-01-11 09:25,3205
2019-01-11 09:30,3244
2019-01-11 09:35,3252
2019-01-11 09:40,3255
2019-01-11 09:45,3230
2019-01-11 09:50,3262
2019-01-11 09:55,3295
2019-01-11 10:00,3327
2019-01-11 10:05,3398
2019-01-11 10:10,3407
2019-01-11 10:15,3397
2019-01-11 10:20,3413
2019-01-11 10:25,3471
2019-01-11 10:30,3498
2019-01-11 10:35,3540
2019-01-11 10:40,3564
2019-01-11 10:45,3598
2019-01-11 10:50,3654
2019-01-11 10:55,3659
2019-01-11 11:00,3655
2019-01-11 11:05,3706
2019-01-11 11:10,3710
2019-01-11 11:15,3755
2019-01-11 11:20,3822
2019-01-11 11:25,3909
2019-01-11 11:30,3974
2019-01-11 11:35,4011
2019-01-11 11:40,3999
2019-01-11 11:45,4034
2019-01-11 11:50,4034
2019-01-11 11:55,4093
2019-01-11 12:00,4136
2019-01-11 12:05,4150
2019-01-11 12:10,4196
2019-01-11 12:15,4232
2019-01-11 12:20,4325
2019-01-11 12:25,4389
2019-01-11 12:30,4399
2019-01-11 12:35,4500
2019-01-11 12:40,4562
2019-01-11 12:45,4615
2019-01-11 12:50,4682
2019-01-11 12:55,4810
2019-01-11 13:00,4839
2019-01-11 13:05,4952
2019-01-11 13:10,5018
2019-01-11 13:15,5120
2019-01-11 13:20,5153
2019-01-11 13:25,5157
2019-01-11 13:30,5243
2019-01-11 13:35,5342
2019-01-11 13:40,5389
2019-01-11 13:45,5443
2019-01-11 13:50,5493
2019-01-11 13:55,5554
2019-01-11 14:00,5604
2019-01-11 14:05,5672
2019-01-11 14:10,5737
2019-01-11 14:15,5798
2019-01-11 14:20,5882
2019-01-11 14:25,5964
2019-01-11 14:30,6050
2019-01-11 14:35,6162
2019-01-11 14:40,6235
2019-01-11 14:45,6305
2019-01-11 14:50,6361
2019-01-11 14:55,6442
2019-01-11 15:00,6513
2019-01-11 15:05,6559
2019-01-11 15:10,6650
2019-01-11 15:15,6726
2019-01-11 15:20,6793
2019-01-11 15:25,6846
2019-01-11 15:30,6934
2019-01-11 15:35,7001
2019-01-11 15:40,7080
2019-01-11 15:45,
2019-01-11 15:50,7163
2019-01-11 15:55,7260
2019-01-11 16:00,7331
2019-01-11 16:05,7326
2019-01-11 16:10,7457
2019-01-11 16:15,7558
2019-01-11 16:20,7648
2019-01-11 16:25,7746
2019-01-11 16:30,7841
2019-01-11 16:35,7920
2019-01-11 16:40,7977
2019-01-11 16:45,8037
2019-01-11 16:50,8093
2019-01-11 16:55,8187
2019-01-11 17:00,8231
2019-01-11 17:05,8339
2019-01-11 17:10,8371
2019-01-11 17:15,8464
2019-01-11 17:20,8561
2019-01-11 17:25,8650
2019-01-11 17:30,8659
2019-01-11 17:35,8743
2019-01-11 17:40,8855
2019-01-11 17:45,8952
2019-01-11 17:50,9024
2019-01-11 17:55,9069
2019-01-11 18:00,9102
2019-01-11 18:05,9179
2019-01-11 18:10,9188
2019-01-11 18:15,9269
2019-01-11 18:20,9291
2019-01-11 18:25,9315
2019-01-11 18:30,9367
2019-01-11 18:35,9417
2019-01-11 18:40,9454
2019-01-11 18:45,9465
2019-01-11 18:50,9466
2019-01-11 18:55,9534
2019-01-11 19:00,9591
2019-01-11 19:05,9662
2019-01-11 19:10,9740
2019-01-11 19:15,9761
2019-01-11 19:20,9840
2019-01-11 19:25,9938
2019-01-11 19:30,9943
2019-01-11 19:35,9959
2019-01-11 19:40,10025
2019-01-11 19:45,10077
2019-01-11 19:50,10143
2019-01-11 19:55,10243
2019-01-11 20:00,10213
2019-01-11 20:05,10259
2019-01-11 20:10,10267
2019-01-11 20:15,10224
2019-01-11 20:20,10240
2019-01-11 20:25,10267
2019-01-11 20:30,10337
2019-01-11 20:35,10305
2019-01-11 20:40,10363
2019-01-11 20:45,10407
2019-01-11 20:50,10449
2019-01-11 20:55,10522
2019-01-11 21:00,10449
2019-01-11 21:05,10543
2019-01-11 21:10,10574
2019-01-11 21:15,10577
2019-01-11 21:20,10621
2019-01-11 21:25,10638
2019-01-11 21:30,10616
2019-01-11 21:35,10671
2019-01-11 21:40,10707
2019-01-11 21:45,10722
2019-01-11 21:50,10700
2019-01-11 21:55,10651
2019-01-11 22:00,10603
2019-01-11 22:05,10584
2019-01-11 22:10,10551
2019-01-11 22:15,10532
2019-01-11 22:20,10565
2019-01-11 22:25,10489
2019-01-11 22:30,10438
2019-01-11 22:35,10421
2019-01-11 22:40,10370
2019-01-11 22:45,10338
2019-01-11 22:50,10240
2019-01-11 22:55,10089
2019-01-11 23:00,10015
2019-01-11 23:05,9966
2019-01-11 23:10,9924
2019-01-11 23:15,9861
2019-01-11 23:20,9767
2019-01-11 23:25,9754
2019-01-11 23:30,9690
2019-01-11 23:35,9636
2019-01-11 23:40,9608
2019-01-11 23:45,9558
2019-01-11 23:50,9496
2019-01-11 23:55,9459
2019-01-12 00:00,9382
2019-01-12 00:05,9383
2019-01-12 00:10,9340
2019-01-12 00:15,9263
2019-01-12 00:20,9160
2019-01-12 00:25,9097
2019-01-12 00:30,8985
2019-01-12 00:35,8878
2019-01-12 00:40,8824
2019-01-12 00:45,8793
2019-01-12 00:50,8747
2019-01-12 00:55,8676
2019-01-12 01:00,8604
2019-01-12 01:05,8546
2019-01-12 01:10,8431
2019-01-12 01:15,8391
2019-01-12 01:20,8379
2019-01-12 01:25,8330
2019-01-12 01:30,8285
2019-01-12 01:35,8236
2019-01-12 01:40,8200
2019-01-12 01:45,8099
2019-01-12 01:50,8115
2019-01-12 01:55,8104
2019-01-12 02:00,8118
2019-01-12 02:05,8092
2019-01-12 02:10,8072
2019-01-12 02:15,8050
2019-01-12 02:20,8044
2019-01-12 02:25,8089
2019-01-12 02:30,8051
2019-01-12 02:35,8024
2019-01-12 02:40,8030
2019-01-12 02:45,7998
2019-01-12 02:50,7985
2019-01-12 02:55,7924
2019-01-12 03:00,7886
2019-01-12 03:05,7833
2019-01-12 03:10,7837
2019-01-12 03:15,7833
2019-01-12 03:20,7785
2019-01-12 03:25,7797
2019-01-12 03:30,7778
2019-01-12 03:35,7742
2019-01-12 03:40,7702
2019-01-12 03:45,7693
2019-01-12 03:50,7659
2019-01-12 03:55,7579
2019-01-12 04:00,7548
2019-01-12 04:05,7506
2019-01-12 04:10,7438
2019-01-12 04:15,7424
2019-01-12 04:20,7373
2019-01-12 04:25,7298
2019-01-12 04:30,7217
2019-01-12 04:35,7183
2019-01-12 04:40,7161
2019-01-12 04:45,7136
2019-01-12 04:50,7117
2019-01-12 04:55,7039
2019-01-12 05:00,6940
2019-01-12 05:05,6829
2019-01-12 05:10,6791
2019-01-12 05:15,6752
2019-01-12 05:20,6659
2019-01-12 05:25,6583
2019-01-12 05:30,6434
2019-01-12 05:35,6389
2019-01-12 05:40,6290
2019-01-12 05:45,6195
2019-01-12 05:50,6076
2019-01-12 05:55,5989
2019-01-12 06:00,5918
2019-01-12 06:05,5863
2019-01-12 06:10,5729
2019-01-12 06:15,5690
2019-01-12 06:20,5647
2019-01-12 06:25,5555
2019-01-12 06:30,5536
2019-01-12 06:35,5488
2019-01-12 06:40,5436
2019-01-12 06:45,5390
2019-01-12 06:50,5338
2019-01-12 06:55,5254
2019-01-12 07:00,5177
2019-01-12 07:05,5091
2019-01-12 07:10,4977
2019-01-12 07:15,4926
2019-01-12 07:20,4878
2019-01-12 07:25,4819
2019-01-12 07:30,4769
2019-01-12 07:35,4743
2019-01-12 07:40,4700
2019-01-12 07:45,4708
2019-01-12 07:50,4660
2019-01-12 07:55,4606
2019-01-12 08:00,4566
2019-01-12 08:05,4487
2019-01-12 08:10,4433
2019-01-12 08:15,4382
2019-01-12 08:20,4380
2019-01-12 08:25,4376
2019-01-12 08:30,4336
2019-01-12 08:35,4337
2019-01-12 08:40,4296
2019-01-12 08:45,4246
2019-01-12 08:50,4234
2019-01-12 08:55,4248
2019-01-12 09:00,4246
2019-01-12 09:05,4282
2019-01-12 09:10,4307
2019-01-12 09:15,4305
2019-01-12 09:20,4330
2019-01-12 09:25,4368
2019-01-12 09:30,4364
2019-01-12 09:35,4404
2019-01-12 09:40,4413
2019-01-12 09:45,4461
2019-01-12 09:50,4449
2019-01-12 09:55,4486
2019-01-12 10:00,4567
2019-01-12 10:05,4568
2019-01-12 10:10,4624
2019-01-12 10:15,4688
2019-01-12 10:20,4712
2019-01-12 10:25,4734
2019-01-12 10:30,4772
2019-01-12 10:35,4843
2019-01-12 10:40,4914
2019-01-12 10:45,4952
2019-01-12 10:50,5035
2019-01-12 10:55,5084
2019-01-12 11:00,5110
2019-01-12 11:05,5135
2019-01-12 11:10,5191
2019-01-12 11:15,5251
2019-01-12 11:20,5291
2019-01-12 11:25,5378
2019-01-12 11:30,5452
2019-01-12 11:35,5526
2019-01-12 11:40,5558
2019-01-12 11:45,5679
2019-01-12 11:50,5720
2019-01-12 11:55,5790
2019-01-12 12:00,5858
2019-01-12 12:05,5919
2019-01-12 12:10,6018
2019-01-12 12:15,6102
2019-01-12 12:20,6177
2019-01-12 12:25,6239
2019-01-12 12:30,6314
2019-01-12 12:35,6416
2019-01-12 12:40,6482
2019-01-12 12:45,6524
2019-01-12 12:50,6571
2019-01-12 12:55,6596
2019-01-12 13:00,6726
2019-01-12 13:05,6796
2019-01-12 13:10,6857
2019-01-12 13:15,6935
2019-01-12 13:20,7019
2019-01-12 13:25,7089
2019-01-12 13:30,7160
2019-01-12 13:35,7300
2019-01-12 13:40,7382
2019-01-12 13:45,7460
2019-01-12 13:50,7540
2019-01-12 13:55,7603
2019-01-12 14:00,7698
2019-01-12 14:05,7703
2019-01-12 14:10,7694
2019-01-12 14:15,7772
2019-01-12 14:20,7839
2019-01-12 14:25,7898
2019-01-12 14:30,7985
2019-01-12 14:35,8015
2019-01-12 14:40,8079
2019-01-12 14:45,8131
2019-01-12 14:50,8210
2019-01-12 14:55,8257
2019-01-12 15:00,8337
2019-01-12 15:05,8353
2019-01-12 15:10,8401
2019-01-12 15:15,8485
2019-01-12 15:20,8571
2019-01-12 15:25,8623
2019-01-12 15:30,8622
2019-01-12 15:35,8690
2019-01-12 15:40,8792
2019-01-12 15:45,8830
2019-01-12 15:50,8896
2019-01-12 15:55,8998
2019-01-12 16:00,9041
2019-01-12 16:05,9106
2019-01-12 16:10,9203
2019-01-12 16:15,9354
2019-01-12 16:20,9372
2019-01-12 16:25,9474
2019-01-12 16:30,9513
2019-01-12 16:35,9584
2019-01-12 16:40,9661
2019-01-12 16:45,9734
2019-01-12 16:50,9818
2019-01-12 16:55,9870
2019-01-12 17:00,9892
2019-01-12 17:05,9899
2019-01-12 17:10,9939
2019-01-12 17:15,9991
2019-01-12 17:20,10034
2019-01-12 17:25,10139
2019-01-12 17:30,10176
2019-01-12 17:35,10279
2019-01-12 17:40,10321
2019-01-12 17:45,10350
2019-01-12 17:50,10392
2019-01-12 17:55,10451
2019-01-12 18:00,10499
2019-01-12 18:05,10546
2019-01-12 18:10,10584
2019-01-12 18:15,10620
2019-01-12 18:20,10632
2019-01-12 18:25,10697
2019-01-12 18:30,10692
2019-01-12 18:35,10677
2019-01-12 18:40,10738
2019-01-12 18:45,10804
2019-01-12 18:50,10815
2019-01-12 18:55,10896
2019-01-12 19:00,10954
2019-01-12 19:05,10958
2019-01-12 19:10,10904
2019-01-12 19:15,10943
2019-01-12 19:20,10919
2019-01-12 19:25,10985
2019-01-12 19:30,11099
2019-01-12 19:35,11178
2019-01-12 19:40,11247
2019-01-12 19:45,11260
2019-01-12 19:50,11362
2019-01-12 19:55,11425
2019-01-12 20:00,11491
2019-01-12 20:05,11533
2019-01-12 20:10,11624
2019-01-12 20:15,11620
2019-01-12 20:20,11754
2019-01-12 20:25,11741
2019-01-12 20:30,11698
2019-01-12 20:35,11712
2019-01-12 20:40,11681
2019-01-12 20:45,11725
2019-01-12 20:50,11756
2019-01-12 20:55,11819
2019-01-12 21:00,11874
2019-01-12 21:05,11905
2019-01-12 21:10,11951
2019-01-12 21:15,11950
2019-01-12 21:20,11956
2019-01-12 21:25,11954
2019-01-12 21:30,
2019-01-12 21:35,11984
2019-01-12 21:40,11907
2019-01-12 21:45,11878
2019-01-12 21:50,11741
2019-01-12 21:55,11689
2019-01-12 22:00,11699
2019-01-12 22:05,11595
2019-01-12 22:10,11577
2019-01-12 22:15,11479
2019-01-12 22:20,11440
2019-01-12 22:25,11410
2019-01-12 22:30,11250
2019-01-12 22:35,11097
2019-01-12 22:40,11033
2019-01-12 22:45,10958
2019-01-12 22:50,10955
2019-01-12 22:55,10841
2019-01-12 23:00,10736
2019-01-12 23:05,10618
2019-01-12 23:10,10561
2019-01-12 23:15,10485
2019-01-12 23:20,10426
2019-01-12 23:25,10391
2019-01-12 23:30,10370
2019-01-12 23:35,10288
2019-01-12 23:40,10279
2019-01-12 23:45,10166
2019-01-12 23:50,10155
2019-01-12 23:55,10067
2019-01-13 00:00,9991
2019-01-13 00:05,9886
2019-01-13 00:10,9800
2019-01-13 00:15,9754
2019-01-13 00:20,9641
2019-01-13 00:25,9575
2019-01-13 00:30,9464
2019-01-13 00:35,9362
2019-01-13 00:40,9303
2019-01-13 00:45,9282
2019-01-13 00:50,9189
2019-01-13 00:55,9167
2019-01-13 01:00,9071
2019-01-13 01:05,9004
2019-01-13 01:10,8929
2019-01-13 01:15,8855
2019-01-13 01:20,8742
2019-01-13 01:25,8709
2019-01-13 01:30,8676
2019-01-13 01:35,8647
2019-01-13 01:40,8617
2019-01-13 01:45,8600
2019-01-13 01:50,8575
2019-01-13 01:55,8567
2019-01-13 02:00,8547
2019-01-13 02:05,8497
2019-01-13 02:10,8404
2019-01-13 02:15,8419
2019-01-13 02:20,8392
2019-01-13 02:25,8323
2019-01-13 02:30,8291
2019-01-13 02:35,8257
2019-01-13 02:40,8232
2019-01-13 02:45,8218
2019-01-13 02:50,8201
2019-01-13 02:55,8170
2019-01-13 03:00,8148
2019-01-13 03:05,8118
2019-01-13 03:10,8103
2019-01-13 03:15,8054
2019-01-13 03:20,8062
2019-01-13 03:25,7997
2019-01-13 03:30,7921
2019-01-13 03:35,7892
2019-01-13 03:40,7810
2019-01-13 03:45,7806
2019-01-13 03:50,7823
2019-01-13 03:55,7766
2019-01-13 04:00,7667
2019-01-13 04:05,7660
2019-01-13 04:10,7671
2019-01-13 04:15,7622
2019-01-13 04:20,7578
2019-01-13 04:25,7525
2019-01-13 04:30,7457
2019-01-13 04:35,7447
2019-01-13 04:40,7422
2019-01-13 04:45,7383
2019-01-13 04:50,7338
2019-01-13 04:55,7288
2019-01-13 05:00,7227
2019-01-13 05:05,7173
2019-01-13 05:10,7144
2019-01-13 05:15,7091
2019-01-13 05:20,7034
2019-01-13 05:25,6997
2019-01-13 05:30,6917
2019-01-13 05:35,6859
2019-01-13 05:40,6747
2019-01-13 05:45,6677
2019-01-13 05:50,6618
2019-01-13 05:55,6547
2019-01-13 06:00,6484
2019-01-13 06:05,6344
2019-01-13 06:10,6279
2019-01-13 06:15,6169
2019-01-13 06:20,6047
2019-01-13 06:25,5991
2019-01-13 06:30,5943
2019-01-13 06:35,5923
2019-01-13 06:40,5883
2019-01-13 06:45,5781
2019-01-13 06:50,5667
2019-01-13 06:55,5557
2019-01-13 07:00,5504
2019-01-13 07:05,5414
2019-01-13 07:10,5329
2019-01-13 07:15,5279
2019-01-13 07:20,5207
2019-01-13 07:25,5152
2019-01-13 07:30,5070
2019-01-13 07:35,5012
2019-01-13 07:40,4957
2019-01-13 07:45,4838
2019-01-13 07:50,4873
2019-01-13 07:55,4791
2019-01-13 08:00,4783
2019-01-13 08:05,4735
2019-01-13 08:10,4720
2019-01-13 08:15,4667
2019-01-13 08:20,4597
2019-01-13 08:25,4567
2019-01-13 08:30,4522
2019-01-13 08:35,4502
2019-01-13 08:40,4525
2019-01-13 08:45,4517
2019-01-13 08:50,4519
2019-01-13 08:55,4538
2019-01-13 09:00,4542
2019-01-13 09:05,4542
2019-01-13 09:10,4578
2019-01-13 09:15,4615
2019-01-13 09:20,4606
2019-01-13 09:25,4647
2019-01-13 09:30,4716
2019-01-13 09:35,4732
2019-01-13 09:40,4835
2019-01-13 09:45,4784
2019-01-13 09:50,4839
2019-01-13 09:55,4843
2019-01-13 10:00,4918
2019-01-13 10:05,4966
2019-01-13 10:10,5015
2019-01-13 10:15,5052
2019-01-13 10:20,5108
2019-01-13 10:25,5199
2019-01-13 10:30,5288
2019-01-13 10:35,5288
2019-01-13 10:40,5311
2019-01-13 10:45,5346
2019-01-13 10:50,5403
2019-01-13 10:55,5511
2019-01-13 11:00,5552
2019-01-13 11:05,5615
2019-01-13 11:10,5717
2019-01-13 11:15,5807
2019-01-13 11:20,5844
2019-01-13 11:25,5895
2019-01-13 11:30,5898
2019-01-13 11:35,6028
2019-01-13 11:40,6095
2019-01-13 11:45,6128
2019-01-13 11:50,6167
2019-01-13 11:55,6197
2019-01-13 12:00,6300
2019-01-13 12:05,6398
2019-01-13 12:10,6475
2019-01-13 12:15,6561
2019-01-13 12:20,6647
2019-01-13 12:25,6698
2019-01-13 12:30,6770
2019-01-13 12:35,6785
2019-01-13 12:40,6848
2019-01-13 12:45,6860
2019-01-13 12:50,6905
2019-01-13 12:55,6941
2019-01-13 13:00,7008
2019-01-13 13:05,7101
2019-01-13 13:10,7135
2019-01-13 13:15,7223
2019-01-13 13:20,7288
2019-01-13 13:25,7380
2019-01-13 13:30,7435
2019-01-13 13:35,7535
2019-01-13 13:40,7626
2019-01-13 13:45,7687
2019-01-13 13:50,7726
2019-01-13 13:55,7790
2019-01-13 14:00,7827
2019-01-13 14:05,7916
2019-01-13 14:10,7998
2019-01-13 14:15,8042
2019-01-13 14:20,8102
2019-01-13 14:25,8205
2019-01-13 14:30,8249
2019-01-13 14:35,8370
2019-01-13 14:40,8417
2019-01-13 14:45,8501
2019-01-13 14:50,8580
2019-01-13 14:55,8689
2019-01-13 15:00,8735
2019-01-13 15:05,8831
2019-01-13 15:10,8860
2019-01-13 15:15,8917
2019-01-13 15:20,8997
2019-01-13 15:25,9014
2019-01-13 15:30,9055
2019-01-13 15:35,9157
2019-01-13 15:40,9215
2019-01-13 15:45,9316
2019-01-13 15:50,9419
2019-01-13 15:55,9472
2019-01-13 16:00,9484
2019-01-13 16:05,9501
2019-01-13 16:10,9623
2019-01-13 16:15,9708
2019-01-13 16:20,9751
2019-01-13 16:25,9816
2019-01-13 16:30,9823
2019-01-13 16:35,9872
2019-01-13 16:40,9996
2019-01-13 16:45,10049
2019-01-13 16:50,10041
2019-01-13 16:55,10020
2019-01-13 17:00,10118
2019-01-13 17:05,10176
2019-01-13 17:10,10279
2019-01-13 17:15,10278
2019-01-13 17:20,10271
2019-01-13 17:25,10353
2019-01-13 17:30,10391
2019-01-13 17:35,10455
2019-01-13 17:40,10487
2019-01-13 17:45,10602
2019-01-13 17:50,10656
2019-01-13 17:55,10774
2019-01-13 18:00,10822
2019-01-13 18:05,10874
2019-01-13 18:10,10899
2019-01-13 18:15,10978
2019-01-13 18:20,11010
2019-01-13 18:25,11116
2019-01-13 18:30,11280
2019-01-13 18:35,11441
2019-01-13 18:40,11559
2019-01-13 18:45,11580
2019-01-13 18:50,11689
2019-01-13 18:55,11753
2019-01-13 19:00,11830
2019-01-13 19:05,11887
2019-01-13 19:10,11930
2019-01-13 19:15,12005
2019-01-13 19:20,12048
2019-01-13 19:25,12103
2019-01-13 19:30,12171
2019-01-13 19:35,12148
2019-01-13 19:40,12179
2019-01-13 19:45,12153
2019-01-13 19:50,12203
2019-01-13 19:55,12202
2019-01-13 20:00,12163
2019-01-13 20:05,12163
2019-01-13 20:10,12138
2019-01-13 20:15,12192
2019-01-13 20:20,12183
2019-01-13 20:25,12202
2019-01-13 20:30,12158
2019-01-13 20:35,12162
2019-01-13 20:40,12118
2019-01-13 20:45,12084
2019-01-13 20:50,12057
2019-01-13 20:55,11993
2019-01-13 21:00,11964
2019-01-13 21:05,11928
2019-01-13 21:10,11914
2019-01-13 21:15,11836
2019-01-13 21:20,11846
2019-01-13 21:25,11752
2019-01-13 21:30,11644
2019-01-13 21:35,11555
2019-01-13 21:40,11515
2019-01-13 21:45,11414
2019-01-13 21:50,11314
2019-01-13 21:55,11221
2019-01-13 22:00,11099
2019-01-13 22:05,10965
2019-01-13 22:10,10852
2019-01-13 22:15,10735
2019-01-13 22:20,10627
2019-01-13 22:25,10478
2019-01-13 22:30,10389
2019-01-13 22:35,10244
2019-01-13 22:40,10230
2019-01-13 22:45,10097
2019-01-13 22:50,9972
2019-01-13 22:55,9855
2019-01-13 23:00,9805
2019-01-13 23:05,9677
2019-01-13 23:10,9619
2019-01-13 23:15,9513
2019-01-13 23:20,9463
2019-01-13 23:25,9409
2019-01-13 23:30,9363
2019-01-13 23:35,9337
2019-01-13 23:40,9268
2019-01-13 23:45,9202
2019-01-13 23:50,9097
2019-01-13 23:55,9064
2019-01-14 00:00,8988
2019-01-14 00:05,8919
2019-01-14 00:10,8865
2019-01-14 00:15,8831
2019-01-14 00:20,8830
2019-01-14 00:25,8796
2019-01-14 00:30,8785
2019-01-14 00:35,8751
2019-01-14 00:40,8736
2019-01-14 00:45,8677
2019-01-14 00:50,8692
2019-01-14 00:55,8618
2019-01-14 01:00,8619
2019-01-14 01:05,8560
2019-01-14 01:10,8600
2019-01-14 01:15,8571
2019-01-14 01:20,8522
2019-01-14 01:25,8479
2019-01-14 01:30,8430
2019-01-14 01:35,8449
2019-01-14 01:40,8416
2019-01-14 01:45,8405
2019-01-14 01:50,8396
2019-01-14 01:55,8377
2019-01-14 02:00,8359
2019-01-14 02:05,8285
2019-01-14 02:10,8276
2019-01-14 02:15,8287
2019-01-14 02:20,8278
2019-01-14 02:25,8308
2019-01-14 02:30,8234
2019-01-14 02:35,8177
2019-01-14 02:40,8105
2019-01-14 02:45,8061
2019-01-14 02:50,8055
2019-01-14 02:55,7986
2019-01-14 03:00,7886
2019-01-14 03:05,7785
2019-01-14 03:10,7700
2019-01-14 03:15,7609
2019-01-14 03:20,7508
2019-01-14 03:25,7441
2019-01-14 03:30,7415
2019-01-14 03:35,7385
2019-01-14 03:40,7286
2019-01-14 03:45,7173
2019-01-14 03:50,7146
2019-01-14 03:55,7105
2019-01-14 04:00,7010
2019-01-14 04:05,6892
2019-01-14 04:10,6804
2019-01-14 04:15,6680
2019-01-14 04:20,6641
2019-01-14 04:25,6559
2019-01-14 04:30,6437
2019-01-14 04:35,6322
2019-01-14 04:40,6248
2019-01-14 04:45,6189
2019-01-14 04:50,6125
2019-01-14 04:55,5971
2019-01-14 05:00,5872
2019-01-14 05:05,5749
2019-01-14 05:10,5686
2019-01-14 05:15,5612
2019-01-14 05:20,5508
2019-01-14 05:25,5379
2019-01-14 05:30,5315
2019-01-14 05:35,5220
2019-01-14 05:40,5156
2019-01-14 05:45,5045
2019-01-14 05:50,4967
2019-01-14 05:55,4892
2019-01-14 06:00,4803
2019-01-14 06:05,4715
2019-01-14 06:10,4636
2019-01-14 06:15,4568
2019-01-14 06:20,4513
2019-01-14 06:25,4436
2019-01-14 06:30,4372
2019-01-14 06:35,4346
2019-01-14 06:40,4284
2019-01-14 06:45,4201
2019-01-14 06:50,4129
2019-01-14 06:55,4067
2019-01-14 07:00,3972
2019-01-14 07:05,3936
2019-01-14 07:10,3886
2019-01-14 07:15,3817
2019-01-14 07:20,3763
2019-01-14 07:25,3690
2019-01-14 07:30,3669
2019-01-14 07:35,3627
2019-01-14 07:40,3559
2019-01-14 07:45,3532
2019-01-14 07:50,3490
2019-01-14 07:55,3463
2019-01-14 08:00,3440
2019-01-14 08:05,3412
2019-01-14 08:10,3344
2019-01-14 08:15,3293
2019-01-14 08:20,3278
2019-01-14 08:25,3245
2019-01-14 08:30,3222
2019-01-14 08:35,3192
2019-01-14 08:40,3174
2019-01-14 08:45,3158
2019-01-14 08:50,3147
2019-01-14 08:55,3165
2019-01-14 09:00,3161
2019-01-14 09:05,3167
2019-01-14 09:10,3183
2019-01-14 09:15,3171
2019-01-14 09:20,3195
2019-01-14 09:25,3187
2019-01-14 09:30,3218
2019-01-14 09:35,3226
2019-01-14 09:40,3245
2019-01-14 09:45,3222
2019-01-14 09:50,3226
2019-01-14 09:55,3236
2019-01-14 10:00,3259
2019-01-14 10:05,3278
2019-01-14 10:10,3287
2019-01-14 10:15,3287
2019-01-14 10:20,3332
2019-01-14 10:25,3372
2019-01-14 10:30,3401
2019-01-14 10:35,3403
2019-01-14 10:40,3403
2019-01-14 10:45,3413
2019-01-14 10:50,3411
2019-01-14 10:55,3461
2019-01-14 11:00,3503
2019-01-14 11:05,3495
2019-01-14 11:10,3549
2019-01-14 11:15,3625
2019-01-14 11:20,3654
2019-01-14 11:25,3741
2019-01-14 11:30,3763
2019-01-14 11:35,3812
2019-01-14 11:40,3869
2019-01-14 11:45,3924
2019-01-14 11:50,3954
2019-01-14 11:55,3985
2019-01-14 12:00,4046
2019-01-14 12:05,4106
2019-01-14 12:10,4185
2019-01-14 12:15,4232
2019-01-14 12:20,4325
2019-01-14 12:25,4370
2019-01-14 12:30,4375
2019-01-14 12:35,4378
2019-01-14 12:40,4441
2019-01-14 12:45,4477
2019-01-14 12:50,4568
2019-01-14 12:55,4578
2019-01-14 13:00,4648
2019-01-14 13:05,4715
2019-01-14 13:10,4824
2019-01-14 13:15,4869
2019-01-14 13:20,4989
2019-01-14 13:25,4998
2019-01-14 13:30,5044
2019-01-14 13:35,5090
2019-01-14 13:40,5169
2019-01-14 13:45,5200
2019-01-14 13:50,5224
2019-01-14 13:55,5274
2019-01-14 14:00,5379
2019-01-14 14:05,5413
2019-01-14 14:10,5453
2019-01-14 14:15,5537
2019-01-14 14:20,5540
2019-01-14 14:25,5637
2019-01-14 14:30,5688
2019-01-14 14:35,5778
2019-01-14 14:40,5913
2019-01-14 14:45,5957
2019-01-14 14:50,6032
2019-01-14 14:55,6096
2019-01-14 15:00,6156
2019-01-14 15:05,6238
2019-01-14 15:10,6262
2019-01-14 15:15,6343
2019-01-14 15:20,6410
2019-01-14 15:25,6497
2019-01-14 15:30,6603
2019-01-14 15:35,6656
2019-01-14 15:40,6761
2019-01-14 15:45,6828
2019-01-14 15:50,6931
2019-01-14 15:55,7003
2019-01-14 16:00,7107
2019-01-14 16:05,7184
2019-01-14 16:10,7273
2019-01-14 16:15,7326
2019-01-14 16:20,7372
2019-01-14 16:25,7394
2019-01-14 16:30,7525
2019-01-14 16:35,7639
2019-01-14 16:40,7713
2019-01-14 16:45,7831
2019-01-14 16:50,7932
2019-01-14 16:55,8017
2019-01-14 17:00,8064
2019-01-14 17:05,8112
2019-01-14 17:10,8215
2019-01-14 17:15,8267
2019-01-14 17:20,8332
2019-01-14 17:25,8443
2019-01-14 17:30,8538
2019-01-14 17:35,8699
2019-01-14 17:40,8790
2019-01-14 17:45,8858
2019-01-14 17:50,8831
2019-01-14 17:55,8861
2019-01-14 18:00,8963
2019-01-14 18:05,9022
2019-01-14 18:10,9078
2019-01-14 18:15,9109
2019-01-14 18:20,9204
2019-01-14 18:25,9338
2019-01-14 18:30,9381
2019-01-14 18:35,9426
2019-01-14 18:40,9423
2019-01-14 18:45,9499
2019-01-14 18:50,9607
2019-01-14 18:55,9697
2019-01-14 19:00,9777
2019-01-14 19:05,9826
2019-01-14 19:10,9880
2019-01-14 19:15,9975
2019-01-14 19:20,10036
2019-01-14 19:25,10108
2019-01-14 19:30,10137
2019-01-14 19:35,10171
2019-01-14 19:40,10269
2019-01-14 19:45,10280
2019-01-14 19:50,10355
2019-01-14 19:55,10388
2019-01-14 20:00,10404
2019-01-14 20:05,10334
2019-01-14 20:10,10237
2019-01-14 20:15,10233
2019-01-14 20:20,10236
2019-01-14 20:25,10313
2019-01-14 20:30,10298
2019-01-14 20:35,10199
2019-01-14 20:40,10190
2019-01-14 20:45,10140
2019-01-14 20:50,10154
2019-01-14 20:55,10179
2019-01-14 21:00,10129
2019-01-14 21:05,10120
2019-01-14 21:10,10064
2019-01-14 21:15,10029
2019-01-14 21:20,10002
2019-01-14 21:25,10043
2019-01-14 21:30,10066
2019-01-14 21:35,10051
2019-01-14 21:40,10038
2019-01-14 21:45,9933
2019-01-14 21:50,9826
2019-01-14 21:55,9787
2019-01-14 22:00,9730
2019-01-14 22:05,9728
2019-01-14 22:10,9619
2019-01-14 22:15,9660
2019-01-14 22:20,9661
2019-01-14 22:25,9590
2019-01-14 22:30,9504
2019-01-14 22:35,9435
2019-01-14 22:40,9393
2019-01-14 22:45,9317
2019-01-14 22:50,9202
2019-01-14 22:55,9123
2019-01-14 23:00,9075
2019-01-14 23:05,8955
2019-01-14 23:10,8901
2019-01-14 23:15,8857
2019-01-14 23:20,8759
2019-01-14 23:25,8681
2019-01-14 23:30,8653
2019-01-14 23:35,8622
2019-01-14 23:40,8609
2019-01-14 23:45,8513
2019-01-14 23:50,8459
2019-01-14 23:55,8497
2019-01-15 00:00,8397
2019-01-15 00:05,8386
2019-01-15 00:10,8339
2019-01-15 00:15,8324
2019-01-15 00:20,8301
2019-01-15 00:25,8310
2019-01-15 00:30,8284
2019-01-15 00:35,8293
2019-01-15 00:40,8301
2019-01-15 00:45,8304
2019-01-15 00:50,8283
2019-01-15 00:55,8244
2019-01-15 01:00,8196
2019-01-15 01:05,8210
2019-01-15 01:10,8199
2019-01-15 01:15,8182
2019-01-15 01:20,8179
2019-01-15 01:25,8122
2019-01-15 01:30,8132
2019-01-15 01:35,8087
2019-01-15 01:40,8066
2019-01-15 01:45,8079
2019-01-15 01:50,8148
2019-01-15 01:55,8157
2019-01-15 02:00,8112
2019-01-15 02:05,8116
2019-01-15 02:10,8141
2019-01-15 02:15,8149
2019-01-15 02:20,8145
2019-01-15 02:25,8151
2019-01-15 02:30,8136
2019-01-15 02:35,8120
2019-01-15 02:40,8071
2019-01-15 02:45,8064
2019-01-15 02:50,7990
2019-01-15 02:55,7935
2019-01-15 03:00,7837
2019-01-15 03:05,7743
2019-01-15 03:10,7678
2019-01-15 03:15,7588
2019-01-15 03:20,7548
2019-01-15 03:25,7449
2019-01-15 03:30,7378
2019-01-15 03:35,7344
2019-01-15 03:40,7272
2019-01-15 03:45,7179
2019-01-15 03:50,7123
2019-01-15 03:55,7106
2019-01-15 04:00,7033
2019-01-15 04:05,6893
2019-01-15 04:10,6786
2019-01-15 04:15,6695
2019-01-15 04:20,6557
2019-01-15 04:25,6496
2019-01-15 04:30,6372
2019-01-15 04:35,6268
2019-01-15 04:40,6168
2019-01-15 04:45,6088
2019-01-15 04:50,5976
2019-01-15 04:55,5879
2019-01-15 05:00,5781
2019-01-15 05:05,5664
2019-01-15 05:10,5543
2019-01-15 05:15,5449
2019-01-15 05:20,5337
2019-01-15 05:25,5267
2019-01-15 05:30,5191
2019-01-15 05:35,5080
2019-01-15 05:40,4994
2019-01-15 05:45,4952
2019-01-15 05:50,4919
2019-01-15 05:55,4828
2019-01-15 06:00,4735
2019-01-15 06:05,4657
2019-01-15 06:10,4594
2019-01-15 06:15,4512
2019-01-15 06:20,4466
2019-01-15 06:25,4381
2019-01-15 06:30,4271
2019-01-15 06:35,4174
2019-01-15 06:40,4138
2019-01-15 06:45,4072
2019-01-15 06:50,3995
2019-01-15 06:55,3902
2019-01-15 07:00,3834
2019-01-15 07:05,3788
2019-01-15 07:10,3744
2019-01-15 07:15,3701
2019-01-15 07:20,3652
2019-01-15 07:25,3620
2019-01-15 07:30,3576
2019-01-15 07:35,3538
2019-01-15 07:40,3478
2019-01-15 07:45,3438
2019-01-15 07:50,3411
2019-01-15 07:55,3385
2019-01-15 08:00,3355
2019-01-15 08:05,3309
2019-01-15 08:10,3262
2019-01-15 08:15,3206
2019-01-15 08:20,3190
2019-01-15 08:25,3184
2019-01-15 08:30,3139
2019-01-15 08:35,3120
2019-01-15 08:40,3094
2019-01-15 08:45,3105
2019-01-15 08:50,3048
2019-01-15 08:55,3018
2019-01-15 09:00,3036
2019-01-15 09:05,3067
2019-01-15 09:10,3099
2019-01-15 09:15,3096
2019-01-15 09:20,3112
2019-01-15 09:25,3118
2019-01-15 09:30,3152
2019-01-15 09:35,3191
2019-01-15 09:40,3167
2019-01-15 09:45,3209
2019-01-15 09:50,3219
2019-01-15 09:55,3227
2019-01-15 10:00,3241
2019-01-15 10:05,3257
2019-01-15 10:10,3291
2019-01-15 10:15,3340
2019-01-15 10:20,3336
2019-01-15 10:25,3382
2019-01-15 10:30,3403
2019-01-15 10:35,3428
2019-01-15 10:40,3482
2019-01-15 10:45,3474
2019-01-15 10:50,3522
2019-01-15 10:55,3581
2019-01-15 11:00,3588
2019-01-15 11:05,3583
2019-01-15 11:10,3619
2019-01-15 11:15,3643
2019-01-15 11:20,3648
2019-01-15 11:25,3719
2019-01-15 11:30,3746
2019-01-15 11:35,3761
2019-01-15 11:40,3834
2019-01-15 11:45,3874
2019-01-15 11:50,3918
2019-01-15 11:55,3946
2019-01-15 12:00,3978
2019-01-15 12:05,3978
2019-01-15 12:10,4013
2019-01-15 12:15,4089
2019-01-15 12:20,4123
2019-01-15 12:25,4172
2019-01-15 12:30,4210
2019-01-15 12:35,4259
2019-01-15 12:40,4336
2019-01-15 12:45,4361
2019-01-15 12:50,4397
2019-01-15 12:55,4493
2019-01-15 13:00,4550
2019-01-15 13:05,4610
2019-01-15 13:10,4675
2019-01-15 13:15,4746
2019-01-15 13:20,4815
2019-01-15 13:25,4861
2019-01-15 13:30,4951
2019-01-15 13:35,5061
2019-01-15 13:40,5132
2019-01-15 13:45,5213
2019-01-15 13:50,5262
2019-01-15 13:55,5318
2019-01-15 14:00,5379
2019-01-15 14:05,5462
2019-01-15 14:10,5538
2019-01-15 14:15,5625
2019-01-15 14:20,5681
2019-01-15 14:25,5720
2019-01-15 14:30,5781
2019-01-15 14:35,5786
2019-01-15 14:40,5816
2019-01-15 14:45,5896
2019-01-15 14:50,5988
2019-01-15 14:55,6074
2019-01-15 15:00,6128
2019-01-15 15:05,6219
2019-01-15 15:10,6335
2019-01-15 15:15,6449
2019-01-15 15:20,6519
2019-01-15 15:25,6523
2019-01-15 15:30,6632
2019-01-15 15:35,6633
2019-01-15 15:40,6769
2019-01-15 15:45,6822
2019-01-15 15:50,6873
2019-01-15 15:55,6938
2019-01-15 16:00,7017
2019-01-15 16:05,7133
2019-01-15 16:10,7246
2019-01-15 16:15,7293
2019-01-15 16:20,7336
2019-01-15 16:25,7385
2019-01-15 16:30,7443
2019-01-15 16:35,7512
2019-01-15 16:40,7559
2019-01-15 16:45,7666
2019-01-15 16:50,7686
2019-01-15 16:55,7746
2019-01-15 17:00,7857
2019-01-15 17:05,7879
2019-01-15 17:10,7896
2019-01-15 17:15,8001
2019-01-15 17:20,8037
2019-01-15 17:25,8129
2019-01-15 17:30,8223
2019-01-15 17:35,8313
2019-01-15 17:40,8359
2019-01-15 17:45,8458
2019-01-15 17:50,8502
2019-01-15 17:55,8535
2019-01-15 18:00,8641
2019-01-15 18:05,8726
2019-01-15 18:10,8775
2019-01-15 18:15,8857
2019-01-15 18:20,8946
2019-01-15 18:25,9021
2019-01-15 18:30,9108
2019-01-15 18:35,9180
2019-01-15 18:40,9296
2019-01-15 18:45,9414
2019-01-15 18:50,9405
2019-01-15 18:55,9432
2019-01-15 19:00,9444
2019-01-15 19:05,9458
2019-01-15 19:10,9471
2019-01-15 19:15,9510
2019-01-15 19:20,9568
2019-01-15 19:25,9649
2019-01-15 19:30,9683
2019-01-15 19:35,9635
2019-01-15 19:40,9744
2019-01-15 19:45,9775
2019-01-15 19:50,9804
2019-01-15 19:55,9823
2019-01-15 20:00,9809
2019-01-15 20:05,9780
2019-01-15 20:10,9808
2019-01-15 20:15,9762
2019-01-15 20:20,9764
2019-01-15 20:25,9671
2019-01-15 20:30,9684
2019-01-15 20:35,9672
2019-01-15 20:40,9717
2019-01-15 20:45,9670
2019-01-15 20:50,9603
2019-01-15 20:55,9623
2019-01-15 21:00,9615
2019-01-15 21:05,9559
2019-01-15 21:10,9491
2019-01-15 21:15,9422
2019-01-15 21:20,9453
2019-01-15 21:25,9457
2019-01-15 21:30,9455
2019-01-15 21:35,9490
2019-01-15 21:40,9424
2019-01-15 21:45,9451
2019-01-15 21:50,9540
2019-01-15 21:55,9472
2019-01-15 22:00,9370
2019-01-15 22:05,9251
2019-01-15 22:10,9143
2019-01-15 22:15,9152
2019-01-15 22:20,9261
2019-01-15 22:25,9251
2019-01-15 22:30,9187
2019-01-15 22:35,9167
2019-01-15 22:40,9123
2019-01-15 22:45,9058
2019-01-15 22:50,8971
2019-01-15 22:55,8940
2019-01-15 23:00,8877
2019-01-15 23:05,8771
2019-01-15 23:10,8662
2019-01-15 23:15,8595
2019-01-15 23:20,8546
2019-01-15 23:25,8486
2019-01-15 23:30,8387
2019-01-15 23:35,8408
2019-01-15 23:40,
2019-01-15 23:45,
2019-01-15 23:50,7547
2019-01-15 23:55,8192
2019-01-16 00:00,8201
2019-01-16 00:05,8193
2019-01-16 00:10,8131
2019-01-16 00:15,8140
2019-01-16 00:20,8172
2019-01-16 00:25,8127
2019-01-16 00:30,8169
2019-01-16 00:35,8200
2019-01-16 00:40,8142
2019-01-16 00:45,8161
2019-01-16 00:50,8154
2019-01-16 00:55,8194
2019-01-16 01:00,8182
2019-01-16 01:05,8134
2019-01-16 01:10,8123
2019-01-16 01:15,8107
2019-01-16 01:20,8128
2019-01-16 01:25,8116
2019-01-16 01:30,8099
2019-01-16 01:35,8086
2019-01-16 01:40,8045
2019-01-16 01:45,8042
2019-01-16 01:50,8041
2019-01-16 01:55,7969
2019-01-16 02:00,7928
2019-01-16 02:05,7859
2019-01-16 02:10,7784
2019-01-16 02:15,7793
2019-01-16 02:20,7772
2019-01-16 02:25,7714
2019-01-16 02:30,7714
2019-01-16 02:35,7756
2019-01-16 02:40,7702
2019-01-16 02:45,7723
2019-01-16 02:50,7728
2019-01-16 02:55,7738
2019-01-16 03:00,7652
2019-01-16 03:05,7635
2019-01-16 03:10,7536
2019-01-16 03:15,7445
2019-01-16 03:20,7433
2019-01-16 03:25,7387
2019-01-16 03:30,7349
2019-01-16 03:35,7259
2019-01-16 03:40,7272
2019-01-16 03:45,7213
2019-01-16 03:50,7110
2019-01-16 03:55,7015
2019-01-16 04:00,6961
2019-01-16 04:05,6844
2019-01-16 04:10,6789
2019-01-16 04:15,6724
2019-01-16 04:20,6649
2019-01-16 04:25,6526
2019-01-16 04:30,6477
2019-01-16 04:35,6418
2019-01-16 04:40,6375
2019-01-16 04:45,6322
2019-01-16 04:50,6222
2019-01-16 04:55,6125
2019-01-16 05:00,6014
2019-01-16 05:05,5989
2019-01-16 05:10,5848
2019-01-16 05:15,5744
2019-01-16 05:20,5629
2019-01-16 05:25,5549
2019-01-16 05:30,5463
2019-01-16 05:35,5369
2019-01-16 05:40,5262
2019-01-16 05:45,5175
2019-01-16 05:50,5089
2019-01-16 05:55,5003
2019-01-16 06:00,4885
2019-01-16 06:05,4809
2019-01-16 06:10,4752
2019-01-16 06:15,4687
2019-01-16 06:20,4564
2019-01-16 06:25,4466
2019-01-16 06:30,4385
2019-01-16 06:35,4218
2019-01-16 06:40,4127
2019-01-16 06:45,3994
2019-01-16 06:50,3915
2019-01-16 06:55,3829
2019-01-16 07:00,3722
2019-01-16 07:05,3583
2019-01-16 07:10,3484
2019-01-16 07:15,3427
2019-01-16 07:20,3341
2019-01-16 07:25,3283
2019-01-16 07:30,3173
2019-01-16 07:35,2656
2019-01-16 07:40,2151
2019-01-16 07:45,1737
2019-01-16 07:50,1341
2019-01-16 07:55,1065
2019-01-16 08:00,943
2019-01-16 08:05,792
2019-01-16 08:10,771
2019-01-16 08:15,803
2019-01-16 08:20,982
2019-01-16 08:25,1142
2019-01-16 08:30,1326
2019-01-16 08:35,1504
2019-01-16 08:40,1675
2019-01-16 08:45,1831
2019-01-16 08:50,1943
2019-01-16 08:55,2078
2019-01-16 09:00,2190
2019-01-16 09:05,2348
2019-01-16 09:10,2475
2019-01-16 09:15,2590
2019-01-16 09:20,2699
2019-01-16 09:25,2768
2019-01-16 09:30,2844
2019-01-16 09:35,2866
2019-01-16 09:40,2926
2019-01-16 09:45,3032
2019-01-16 09:50,3069
2019-01-16 09:55,3123
2019-01-16 10:00,3153
2019-01-16 10:05,3194
2019-01-16 10:10,3239
2019-01-16 10:15,3252
2019-01-16 10:20,3302
2019-01-16 10:25,3343
2019-01-16 10:30,3407
2019-01-16 10:35,3430
2019-01-16 10:40,3450
2019-01-16 10:45,3462
2019-01-16 10:50,3501
2019-01-16 10:55,3560
2019-01-16 11:00,3614
2019-01-16 11:05,3639
2019-01-16 11:10,3701
2019-01-16 11:15,3768
2019-01-16 11:20,3789
2019-01-16 11:25,3864
2019-01-16 11:30,3971
2019-01-16 11:35,4058
2019-01-16 11:40,4098
2019-01-16 11:45,4126
2019-01-16 11:50,4196
2019-01-16 11:55,4266
2019-01-16 12:00,4272
2019-01-16 12:05,4304
2019-01-16 12:10,4379
2019-01-16 12:15,4403
2019-01-16 12:20,4415
2019-01-16 12:25,4450
2019-01-16 12:30,4483
2019-01-16 12:35,4577
2019-01-16 12:40,4609
2019-01-16 12:45,4631
2019-01-16 12:50,4687
2019-01-16 12:55,4723
2019-01-16 13:00,4824
2019-01-16 13:05,4875
2019-01-16 13:10,4940
2019-01-16 13:15,4981
2019-01-16 13:20,5029
2019-01-16 13:25,5098
2019-01-16 13:30,5182
2019-01-16 13:35,5272
2019-01-16 13:40,5336
2019-01-16 13:45,5363
2019-01-16 13:50,5424
2019-01-16 13:55,5464
2019-01-16 14:00,5550
2019-01-16 14:05,5604
2019-01-16 14:10,5689
2019-01-16 14:15,5767
2019-01-16 14:20,5825
2019-01-16 14:25,5896
2019-01-16 14:30,5931
2019-01-16 14:35,6012
2019-01-16 14:40,6038
2019-01-16 14:45,6128
2019-01-16 14:50,6241
2019-01-16 14:55,6229
2019-01-16 15:00,6263
2019-01-16 15:05,6330
2019-01-16 15:10,6433
2019-01-16 15:15,6457
2019-01-16 15:20,6533
2019-01-16 15:25,6596
2019-01-16 15:30,6668
2019-01-16 15:35,6736
2019-01-16 15:40,6815
2019-01-16 15:45,6890
2019-01-16 15:50,6990
2019-01-16 15:55,7045
2019-01-16 16:00,7051
2019-01-16 16:05,7161
2019-01-16 16:10,7185
2019-01-16 16:15,7277
2019-01-16 16:20,7350
2019-01-16 16:25,7464
2019-01-16 16:30,7539
2019-01-16 16:35,7549
2019-01-16 16:40,7635
2019-01-16 16:45,7759
2019-01-16 16:50,7804
2019-01-16 16:55,7767
2019-01-16 17:00,7841
2019-01-16 17:05,7902
2019-01-16 17:10,8023
2019-01-16 17:15,8084
2019-01-16 17:20,8201
2019-01-16 17:25,8269
2019-01-16 17:30,8339
2019-01-16 17:35,8375
2019-01-16 17:40,8440
2019-01-16 17:45,8511
2019-01-16 17:50,8566
2019-01-16 17:55,8640
2019-01-16 18:00,8707
2019-01-16 18:05,8732
2019-01-16 18:10,8806
2019-01-16 18:15,8894
2019-01-16 18:20,8973
2019-01-16 18:25,9022
2019-01-16 18:30,9107
2019-01-16 18:35,9223
2019-01-16 18:40,9314
2019-01-16 18:45,9353
2019-01-16 18:50,9399
2019-01-16 18:55,9421
2019-01-16 19:00,9493
2019-01-16 19:05,9550
2019-01-16 19:10,9606
2019-01-16 19:15,9667
2019-01-16 19:20,9723
2019-01-16 19:25,9795
2019-01-16 19:30,9789
2019-01-16 19:35,9802
2019-01-16 19:40,9851
2019-01-16 19:45,9881
2019-01-16 19:50,9987
2019-01-16 19:55,10000
2019-01-16 20:00,10016
2019-01-16 20:05,10079
2019-01-16 20:10,10035
2019-01-16 20:15,10047
2019-01-16 20:20,10111
2019-01-16 20:25,10168
2019-01-16 20:30,10143
2019-01-16 20:35,10207
2019-01-16 20:40,10201
2019-01-16 20:45,10213
2019-01-16 20:50,10194
2019-01-16 20:55,10138
2019-01-16 21:00,10055
2019-01-16 21:05,10012
2019-01-16 21:10,9976
2019-01-16 21:15,9988
2019-01-16 21:20,9926
2019-01-16 21:25,9900
2019-01-16 21:30,9790
2019-01-16 21:35,9785
2019-01-16 21:40,9706
2019-01-16 21:45,9704
2019-01-16 21:50,9681
2019-01-16 21:55,9609
2019-01-16 22:00,9597
2019-01-16 22:05,9575
2019-01-16 22:10,9574
2019-01-16 22:15,9553
2019-01-16 22:20,9440
2019-01-16 22:25,9396
2019-01-16 22:30,9305
2019-01-16 22:35,9281
2019-01-16 22:40,9163
2019-01-16 22:45,9115
2019-01-16 22:50,9064
2019-01-16 22:55,9006
2019-01-16 23:00,8942
2019-01-16 23:05,8819
2019-01-16 23:10,8794
2019-01-16 23:15,8729
2019-01-16 23:20,8564
2019-01-16 23:25,8508
2019-01-16 23:30,8518
2019-01-16 23:35,8502
2019-01-16 23:40,8455
2019-01-16 23:45,8374
2019-01-16 23:50,8322
2019-01-16 23:55,8316
2019-01-17 00:00,8289
2019-01-17 00:05,8174
2019-01-17 00:10,8177
2019-01-17 00:15,8151
2019-01-17 00:20,8144
2019-01-17 00:25,8111
2019-01-17 00:30,8141
2019-01-17 00:35,8145
2019-01-17 00:40,8142
2019-01-17 00:45,8141
2019-01-17 00:50,8138
2019-01-17 00:55,8150
2019-01-17 01:00,8192
2019-01-17 01:05,8185
2019-01-17 01:10,8151
2019-01-17 01:15,8092
2019-01-17 01:20,8037
2019-01-17 01:25,8031
2019-01-17 01:30,8023
2019-01-17 01:35,8018
2019-01-17 01:40,8028
2019-01-17 01:45,8032
2019-01-17 01:50,8056
2019-01-17 01:55,7987
2019-01-17 02:00,8008
2019-01-17 02:05,7989
2019-01-17 02:10,7998
2019-01-17 02:15,7913
2019-01-17 02:20,7903
2019-01-17 02:25,7906
2019-01-17 02:30,7890
2019-01-17 02:35,7911
2019-01-17 02:40,7877
2019-01-17 02:45,7836
2019-01-17 02:50,7762
2019-01-17 02:55,7732
2019-01-17 03:00,7666
2019-01-17 03:05,7577
2019-01-17 03:10,7516
2019-01-17 03:15,7470
2019-01-17 03:20,7396
2019-01-17 03:25,7347
2019-01-17 03:30,7280
2019-01-17 03:35,7227
2019-01-17 03:40,7172
2019-01-17 03:45,7104
2019-01-17 03:50,6988
2019-01-17 03:55,6910
2019-01-17 04:00,6759
2019-01-17 04:05,6661
2019-01-17 04:10,6584
2019-01-17 04:15,6528
2019-01-17 04:20,6518
2019-01-17 04:25,6438
2019-01-17 04:30,6376
2019-01-17 04:35,6261
2019-01-17 04:40,6184
2019-01-17 04:45,6094
2019-01-17 04:50,5973
2019-01-17 04:55,5881
2019-01-17 05:00,5804
2019-01-17 05:05,5751
2019-01-17 05:10,5675
2019-01-17 05:15,5568
2019-01-17 05:20,5495
2019-01-17 05:25,5409
2019-01-17 05:30,5292
2019-01-17 05:35,5190
2019-01-17 05:40,5111
2019-01-17 05:45,5078
2019-01-17 05:50,4975
2019-01-17 05:55,4931
2019-01-17 06:00,4818
2019-01-17 06:05,4753
2019-01-17 06:10,4682
2019-01-17 06:15,4629
2019-01-17 06:20,4559
2019-01-17 06:25,4443
2019-01-17 06:30,4388
2019-01-17 06:35,4338
2019-01-17 06:40,4250
2019-01-17 06:45,4173
2019-01-17 06:50,4102
2019-01-17 06:55,4067
2019-01-17 07:00,3991
2019-01-17 07:05,3954
2019-01-17 07:10,3940
2019-01-17 07:15,3857
2019-01-17 07:20,3803
2019-01-17 07:25,3690
2019-01-17 07:30,3651
2019-01-17 07:35,3573
2019-01-17 07:40,3560
2019-01-17 07:45,3526
2019-01-17 07:50,3452
2019-01-17 07:55,3407
2019-01-17 08:00,3356
2019-01-17 08:05,3312
2019-01-17 08:10,3258
2019-01-17 08:15,3210
2019-01-17 08:20,3141
2019-01-17 08:25,3153
2019-01-17 08:30,3166
2019-01-17 08:35,3142
2019-01-17 08:40,3120
2019-01-17 08:45,3175
2019-01-17 08:50,3156
2019-01-17 08:55,3167
2019-01-17 09:00,3147
2019-01-17 09:05,3164
2019-01-17 09:10,3160
2019-01-17 09:15,3186
2019-01-17 09:20,3232
2019-01-17 09:25,3252
2019-01-17 09:30,3260
2019-01-17 09:35,3261
2019-01-17 09:40,3269
2019-01-17 09:45,3269
2019-01-17 09:50,3282
2019-01-17 09:55,3303
2019-01-17 10:00,3332
2019-01-17 10:05,3355
2019-01-17 10:10,3378
2019-01-17 10:15,3413
2019-01-17 10:20,3425
2019-01-17 10:25,3455
2019-01-17 10:30,3479
2019-01-17 10:35,3495
2019-01-17 10:40,3514
2019-01-17 10:45,3579
2019-01-17 10:50,3580
2019-01-17 10:55,3630
2019-01-17 11:00,3660
2019-01-17 11:05,3679
2019-01-17 11:10,3717
2019-01-17 11:15,3755
2019-01-17 11:20,3778
2019-01-17 11:25,3831
2019-01-17 11:30,3846
2019-01-17 11:35,3886
2019-01-17 11:40,3946
2019-01-17 11:45,3973
2019-01-17 11:50,4023
2019-01-17 11:55,4103
2019-01-17 12:00,4166
2019-01-17 12:05,4195
2019-01-17 12:10,4288
2019-01-17 12:15,4302
2019-01-17 12:20,4343
2019-01-17 12:25,4385
2019-01-17 12:30,4407
2019-01-17 12:35,4425
2019-01-17 12:40,4464
2019-01-17 12:45,4513
2019-01-17 12:50,4598
2019-01-17 12:55,4701
2019-01-17 13:00,4701
2019-01-17 13:05,4778
2019-01-17 13:10,4850
2019-01-17 13:15,4916
2019-01-17 13:20,4968
2019-01-17 13:25,5007
2019-01-17 13:30,5099
2019-01-17 13:35,5177
2019-01-17 13:40,5201
2019-01-17 13:45,5313
2019-01-17 13:50,5364
2019-01-17 13:55,5411
2019-01-17 14:00,5454
2019-01-17 14:05,5564
2019-01-17 14:10,5620
2019-01-17 14:15,5751
2019-01-17 14:20,5812
2019-01-17 14:25,5899
2019-01-17 14:30,5943
2019-01-17 14:35,5947
2019-01-17 14:40,6015
2019-01-17 14:45,6073
2019-01-17 14:50,6165
2019-01-17 14:55,6268
2019-01-17 15:00,6307
2019-01-17 15:05,6370
2019-01-17 15:10,6399
2019-01-17 15:15,6444
2019-01-17 15:20,6499
2019-01-17 15:25,6561
2019-01-17 15:30,6611
2019-01-17 15:35,6713
2019-01-17 15:40,6773
2019-01-17 15:45,6852
2019-01-17 15:50,6909
2019-01-17 15:55,6996
2019-01-17 16:00,7080
2019-01-17 16:05,7152
2019-01-17 16:10,7214
2019-01-17 16:15,7293
2019-01-17 16:20,7356
2019-01-17 16:25,7397
2019-01-17 16:30,7467
2019-01-17 16:35,7541
2019-01-17 16:40,7641
2019-01-17 16:45,7667
2019-01-17 16:50,7735
2019-01-17 16:55,7758
2019-01-17 17:00,7909
2019-01-17 17:05,8001
2019-01-17 17:10,8061
2019-01-17 17:15,8193
2019-01-17 17:20,8252
2019-01-17 17:25,8355
2019-01-17 17:30,8433
2019-01-17 17:35,8522
2019-01-17 17:40,8663
2019-01-17 17:45,8725
2019-01-17 17:50,8840
2019-01-17 17:55,8846
2019-01-17 18:00,8927
2019-01-17 18:05,9030
2019-01-17 18:10,9058
2019-01-17 18:15,9079
2019-01-17 18:20,9213
2019-01-17 18:25,9279
2019-01-17 18:30,9324
2019-01-17 18:35,9358
2019-01-17 18:40,9391
2019-01-17 18:45,9466
2019-01-17 18:50,9567
2019-01-17 18:55,9658
2019-01-17 19:00,9664
2019-01-17 19:05,9676
2019-01-17 19:10,9757
2019-01-17 19:15,9835
2019-01-17 19:20,9925
2019-01-17 19:25,10032
2019-01-17 19:30,10068
2019-01-17 19:35,10094
2019-01-17 19:40,10155
2019-01-17 19:45,10187
2019-01-17 19:50,10181
2019-01-17 19:55,10240
2019-01-17 20:00,10220
2019-01-17 20:05,10237
2019-01-17 20:10,10242
2019-01-17 20:15,10306
2019-01-17 20:20,10307
2019-01-17 20:25,10364
2019-01-17 20:30,10374
2019-01-17 20:35,10377
2019-01-17 20:40,10400
2019-01-17 20:45,10361
2019-01-17 20:50,10406
2019-01-17 20:55,10410
2019-01-17 21:00,10357
2019-01-17 21:05,10306
2019-01-17 21:10,10269
2019-01-17 21:15,10249
2019-01-17 21:20,10142
2019-01-17 21:25,10108
2019-01-17 21:30,10091
2019-01-17 21:35,10005
2019-01-17 21:40,9914
2019-01-17 21:45,9889
2019-01-17 21:50,9878
2019-01-17 21:55,9796
2019-01-17 22:00,9717
2019-01-17 22:05,9701
2019-01-17 22:10,9616
2019-01-17 22:15,9522
2019-01-17 22:20,9398
2019-01-17 22:25,9399
2019-01-17 22:30,9350
2019-01-17 22:35,9302
2019-01-17 22:40,9197
2019-01-17 22:45,9219
2019-01-17 22:50,9179
2019-01-17 22:55,9071
2019-01-17 23:00,9037
2019-01-17 23:05,8949
2019-01-17 23:10,8842
2019-01-17 23:15,8755
2019-01-17 23:20,8689
2019-01-17 23:25,8665
2019-01-17 23:30,8621
2019-01-17 23:35,8554
2019-01-17 23:40,8484
2019-01-17 23:45,8422
2019-01-17 23:50,8424
2019-01-17 23:55,8405
2019-01-18 00:00,8330
2019-01-18 00:05,8328
2019-01-18 00:10,8282
2019-01-18 00:15,8261
2019-01-18 00:20,8209
2019-01-18 00:25,8219
2019-01-18 00:30,8220
2019-01-18 00:35,8190
2019-01-18 00:40,8170
2019-01-18 00:45,8210
2019-01-18 00:50,8122
2019-01-18 00:55,8080
2019-01-18 01:00,8085
2019-01-18 01:05,8062
2019-01-18 01:10,8051
2019-01-18 01:15,8021
2019-01-18 01:20,8020
2019-01-18 01:25,8005
2019-01-18 01:30,7977
2019-01-18 01:35,7922
2019-01-18 01:40,7931
2019-01-18 01:45,7819
2019-01-18 01:50,7890
2019-01-18 01:55,7898
2019-01-18 02:00,7857
2019-01-18 02:05,7853
2019-01-18 02:10,7783
2019-01-18 02:15,7773
2019-01-18 02:20,7820
2019-01-18 02:25,7808
2019-01-18 02:30,7776
2019-01-18 02:35,7758
2019-01-18 02:40,7751
2019-01-18 02:45,7717
2019-01-18 02:50,7686
2019-01-18 02:55,7654
2019-01-18 03:00,7634
2019-01-18 03:05,7650
2019-01-18 03:10,7619
2019-01-18 03:15,7572
2019-01-18 03:20,7550
2019-01-18 03:25,7499
2019-01-18 03:30,7457
2019-01-18 03:35,7395
2019-01-18 03:40,7371
2019-01-18 03:45,7286
2019-01-18 03:50,7206
2019-01-18 03:55,7122
2019-01-18 04:00,7060
2019-01-18 04:05,6986
2019-01-18 04:10,6868
2019-01-18 04:15,6836
2019-01-18 04:20,6780
2019-01-18 04:25,6692
2019-01-18 04:30,6600
2019-01-18 04:35,6486
2019-01-18 04:40,6437
2019-01-18 04:45,6363
2019-01-18 04:50,6279
2019-01-18 04:55,6225
2019-01-18 05:00,6096
2019-01-18 05:05,5987
2019-01-18 05:10,5896
2019-01-18 05:15,5805
2019-01-18 05:20,5690
2019-01-18 05:25,5622
2019-01-18 05:30,5555
2019-01-18 05:35,5506
2019-01-18 05:40,5399
2019-01-18 05:45,5318
2019-01-18 05:50,5243
2019-01-18 05:55,5153
2019-01-18 06:00,5089
2019-01-18 06:05,4979
2019-01-18 06:10,4906
2019-01-18 06:15,4818
2019-01-18 06:20,4692
2019-01-18 06:25,4621
2019-01-18 06:30,4531
2019-01-18 06:35,4433
2019-01-18 06:40,4329
2019-01-18 06:45,4284
2019-01-18 06:50,4245
2019-01-18 06:55,4166
2019-01-18 07:00,4086
2019-01-18 07:05,4031
2019-01-18 07:10,3964
2019-01-18 07:15,3850
2019-01-18 07:20,3772
2019-01-18 07:25,3723
2019-01-18 07:30,3671
2019-01-18 07:35,3604
2019-01-18 07:40,3584
2019-01-18 07:45,3551
2019-01-18 07:50,3528
2019-01-18 07:55,3476
2019-01-18 08:00,3409
2019-01-18 08:05,3398
2019-01-18 08:10,3361
2019-01-18 08:15,3386
2019-01-18 08:20,3365
2019-01-18 08:25,3322
2019-01-18 08:30,3319
2019-01-18 08:35,3289
2019-01-18 08:40,3284
2019-01-18 08:45,3237
2019-01-18 08:50,3202
2019-01-18 08:55,3215
2019-01-18 09:00,3216
2019-01-18 09:05,3222
2019-01-18 09:10,3268
2019-01-18 09:15,3234
2019-01-18 09:20,3238
2019-01-18 09:25,3261
2019-01-18 09:30,3242
2019-01-18 09:35,3227
2019-01-18 09:40,3239
2019-01-18 09:45,3259
2019-01-18 09:50,3268
2019-01-18 09:55,3295
2019-01-18 10:00,3311
2019-01-18 10:05,3346
2019-01-18 10:10,3308
2019-01-18 10:15,3366
2019-01-18 10:20,3391
2019-01-18 10:25,3417
2019-01-18 10:30,3486
2019-01-18 10:35,3525
2019-01-18 10:40,3530
2019-01-18 10:45,3581
2019-01-18 10:50,3620
2019-01-18 10:55,3671
2019-01-18 11:00,3716
2019-01-18 11:05,3707
2019-01-18 11:10,3778
2019-01-18 11:15,3819
2019-01-18 11:20,3846
2019-01-18 11:25,3887
2019-01-18 11:30,3940
2019-01-18 11:35,3985
2019-01-18 11:40,4004
2019-01-18 11:45,4086
2019-01-18 11:50,4131
2019-01-18 11:55,4204
2019-01-18 12:00,4220
2019-01-18 12:05,4253
2019-01-18 12:10,4298
2019-01-18 12:15,4375
2019-01-18 12:20,4444
2019-01-18 12:25,4527
2019-01-18 12:30,4621
2019-01-18 12:35,4669
2019-01-18 12:40,4738
2019-01-18 12:45,4784
2019-01-18 12:50,4814
2019-01-18 12:55,4874
2019-01-18 13:00,4910
2019-01-18 13:05,4989
2019-01-18 13:10,5071
2019-01-18 13:15,5101
2019-01-18 13:20,5188
2019-01-18 13:25,5249
2019-01-18 13:30,5305
2019-01-18 13:35,5362
2019-01-18 13:40,5463
2019-01-18 13:45,5505
2019-01-18 13:50,5532
2019-01-18 13:55,5579
2019-01-18 14:00,5691
2019-01-18 14:05,5779
2019-01-18 14:10,5860
2019-01-18 14:15,5940
2019-01-18 14:20,6017
2019-01-18 14:25,6149
2019-01-18 14:30,6250
2019-01-18 14:35,6319
2019-01-18 14:40,6437
2019-01-18 14:45,6466
2019-01-18 14:50,
2019-01-18 14:55,6540
2019-01-18 15:00,6532
2019-01-18 15:05,6580
2019-01-18 15:10,6660
2019-01-18 15:15,6698
2019-01-18 15:20,6791
2019-01-18 15:25,6848
2019-01-18 15:30,6956
2019-01-18 15:35,7066
2019-01-18 15:40,7174
2019-01-18 15:45,7234
2019-01-18 15:50,7345
2019-01-18 15:55,7364
2019-01-18 16:00,7467
2019-01-18 16:05,7552
2019-01-18 16:10,7523
2019-01-18 16:15,7595
2019-01-18 16:20,7638
2019-01-18 16:25,7740
2019-01-18 16:30,7840
2019-01-18 16:35,7869
2019-01-18 16:40,7894
2019-01-18 16:45,7973
2019-01-18 16:50,7986
2019-01-18 16:55,8048
2019-01-18 17:00,8129
2019-01-18 17:05,8208
2019-01-18 17:10,8259
2019-01-18 17:15,8282
2019-01-18 17:20,8375
2019-01-18 17:25,8434
2019-01-18 17:30,8535
2019-01-18 17:35,8651
2019-01-18 17:40,8717
2019-01-18 17:45,8782
2019-01-18 17:50,8882
2019-01-18 17:55,8935
2019-01-18 18:00,8981
2019-01-18 18:05,8979
2019-01-18 18:10,9022
2019-01-18 18:15,9044
2019-01-18 18:20,9120
2019-01-18 18:25,9144
2019-01-18 18:30,9163
2019-01-18 18:35,9207
2019-01-18 18:40,9281
2019-01-18 18:45,9266
2019-01-18 18:50,9296
2019-01-18 18:55,9337
2019-01-18 19:00,9388
2019-01-18 19:05,9469
2019-01-18 19:10,9497
2019-01-18 19:15,9531
2019-01-18 19:20,9603
2019-01-18 19:25,9625
2019-01-18 19:30,9603
2019-01-18 19:35,9658
2019-01-18 19:40,9766
2019-01-18 19:45,9847
2019-01-18 19:50,9881
2019-01-18 19:55,9931
2019-01-18 20:00,9976
2019-01-18 20:05,10061
2019-01-18 20:10,10091
2019-01-18 20:15,10178
2019-01-18 20:20,10232
2019-01-18 20:25,10274
2019-01-18 20:30,10379
2019-01-18 20:35,10407
2019-01-18 20:40,10478
2019-01-18 20:45,10507
2019-01-18 20:50,10516
2019-01-18 20:55,10522
2019-01-18 21:00,10555
2019-01-18 21:05,10598
2019-01-18 21:10,10682
2019-01-18 21:15,10648
2019-01-18 21:20,10676
2019-01-18 21:25,10692
2019-01-18 21:30,10639
2019-01-18 21:35,10612
2019-01-18 21:40,10508
2019-01-18 21:45,10433
2019-01-18 21:50,10371
2019-01-18 21:55,10349
2019-01-18 22:00,10331
2019-01-18 22:05,10270
2019-01-18 22:10,10233
2019-01-18 22:15,10211
2019-01-18 22:20,10102
2019-01-18 22:25,10102
2019-01-18 22:30,10054
2019-01-18 22:35,10069
2019-01-18 22:40,10017
2019-01-18 22:45,9946
2019-01-18 22:50,9887
2019-01-18 22:55,9855
2019-01-18 23:00,9744
2019-01-18 23:05,9727
2019-01-18 23:10,9695
2019-01-18 23:15,9592
2019-01-18 23:20,9498
2019-01-18 23:25,9423
2019-01-18 23:30,9424
2019-01-18 23:35,9408
2019-01-18 23:40,9352
2019-01-18 23:45,9324
2019-01-18 23:50,9297
2019-01-18 23:55,9236
2019-01-19 00:00,9152
2019-01-19 00:05,9065
2019-01-19 00:10,8914
2019-01-19 00:15,8855
2019-01-19 00:20,8846
2019-01-19 00:25,8818
2019-01-19 00:30,8726
2019-01-19 00:35,8660
2019-01-19 00:40,8655
2019-01-19 00:45,8600
2019-01-19 00:50,8550
2019-01-19 00:55,8492
2019-01-19 01:00,8477
2019-01-19 01:05,8464
2019-01-19 01:10,8407
2019-01-19 01:15,8334
2019-01-19 01:20,8264
2019-01-19 01:25,8204
2019-01-19 01:30,8179
2019-01-19 01:35,8184
2019-01-19 01:40,8141
2019-01-19 01:45,8114
2019-01-19 01:50,8113
2019-01-19 01:55,8101
2019-01-19 02:00,8128
2019-01-19 02:05,8047
2019-01-19 02:10,8000
2019-01-19 02:15,8006
2019-01-19 02:20,8005
2019-01-19 02:25,7968
2019-01-19 02:30,7934
2019-01-19 02:35,7912
2019-01-19 02:40,7822
2019-01-19 02:45,7832
2019-01-19 02:50,7802
2019-01-19 02:55,7774
2019-01-19 03:00,7732
2019-01-19 03:05,7726
2019-01-19 03:10,7682
2019-01-19 03:15,7638
2019-01-19 03:20,7601
2019-01-19 03:25,7606
2019-01-19 03:30,7577
2019-01-19 03:35,7510
2019-01-19 03:40,7549
2019-01-19 03:45,7531
2019-01-19 03:50,7515
2019-01-19 03:55,7454
2019-01-19 04:00,7418
2019-01-19 04:05,7343
2019-01-19 04:10,7350
2019-01-19 04:15,7340
2019-01-19 04:20,7288
2019-01-19 04:25,7302
2019-01-19 04:30,7217
2019-01-19 04:35,7185
2019-01-19 04:40,7200
2019-01-19 04:45,7155
2019-01-19 04:50,7086
2019-01-19 04:55,7034
2019-01-19 05:00,6932
2019-01-19 05:05,6847
2019-01-19 05:10,6738
2019-01-19 05:15,6685
2019-01-19 05:20,6586
2019-01-19 05:25,6529
2019-01-19 05:30,6492
2019-01-19 05:35,6438
2019-01-19 05:40,6332
2019-01-19 05:45,6243
2019-01-19 05:50,6195
2019-01-19 05:55,6096
2019-01-19 06:00,6019
2019-01-19 06:05,5930
2019-01-19 06:10,5826
2019-01-19 06:15,5745
2019-01-19 06:20,5653
2019-01-19 06:25,5580
2019-01-19 06:30,5586
2019-01-19 06:35,5479
2019-01-19 06:40,5375
2019-01-19 06:45,5322
2019-01-19 06:50,5254
2019-01-19 06:55,5232
2019-01-19 07:00,5144
2019-01-19 07:05,5096
2019-01-19 07:10,5060
2019-01-19 07:15,4938
2019-01-19 07:20,4895
2019-01-19 07:25,4789
2019-01-19 07:30,4756
2019-01-19 07:35,4725
2019-01-19 07:40,4666
2019-01-19 07:45,4605
2019-01-19 07:50,4557
2019-01-19 07:55,4527
2019-01-19 08:00,4504
2019-01-19 08:05,4459
2019-01-19 08:10,4443
2019-01-19 08:15,4437
2019-01-19 08:20,4401
2019-01-19 08:25,4364
2019-01-19 08:30,4316
2019-01-19 08:35,4292
2019-01-19 08:40,4256
2019-01-19 08:45,4248
2019-01-19 08:50,4245
2019-01-19 08:55,4264
2019-01-19 09:00,4235
2019-01-19 09:05,4218
2019-01-19 09:10,4209
2019-01-19 09:15,4229
2019-01-19 09:20,4230
2019-01-19 09:25,4283
2019-01-19 09:30,4324
2019-01-19 09:35,4363
2019-01-19 09:40,4377
2019-01-19 09:45,4376
2019-01-19 09:50,4426
2019-01-19 09:55,4487
2019-01-19 10:00,4520
2019-01-19 10:05,4516
2019-01-19 10:10,4539
2019-01-19 10:15,4571
2019-01-19 10:20,4590
2019-01-19 10:25,4664
2019-01-19 10:30,4707
2019-01-19 10:35,4786
2019-01-19 10:40,4794
2019-01-19 10:45,4857
2019-01-19 10:50,4948
2019-01-19 10:55,4984
2019-01-19 11:00,4935
2019-01-19 11:05,4964
2019-01-19 11:10,5036
2019-01-19 11:15,5097
2019-01-19 11:20,5164
2019-01-19 11:25,5211
2019-01-19 11:30,5293
2019-01-19 11:35,5394
2019-01-19 11:40,5457
2019-01-19 11:45,5555
2019-01-19 11:50,5633
2019-01-19 11:55,5764
2019-01-19 12:00,5796
2019-01-19 12:05,5839
2019-01-19 12:10,5910
2019-01-19 12:15,5918
2019-01-19 12:20,6000
2019-01-19 12:25,6061
2019-01-19 12:30,6164
2019-01-19 12:35,6195
2019-01-19 12:40,6243
2019-01-19 12:45,6363
2019-01-19 12:50,6418
2019-01-19 12:55,6487
2019-01-19 13:00,6526
2019-01-19 13:05,6579
2019-01-19 13:10,6619
2019-01-19 13:15,6658
2019-01-19 13:20,6735
2019-01-19 13:25,6761
2019-01-19 13:30,6806
2019-01-19 13:35,6841
2019-01-19 13:40,6837
2019-01-19 13:45,6889
2019-01-19 13:50,6982
2019-01-19 13:55,7035
2019-01-19 14:00,7149
2019-01-19 14:05,7267
2019-01-19 14:10,7355
2019-01-19 14:15,7442
2019-01-19 14:20,7545
2019-01-19 14:25,7558
2019-01-19 14:30,7608
2019-01-19 14:35,7677
2019-01-19 14:40,7748
2019-01-19 14:45,7824
2019-01-19 14:50,7858
2019-01-19 14:55,7918
2019-01-19 15:00,7972
2019-01-19 15:05,8086
2019-01-19 15:10,8119
2019-01-19 15:15,8184
2019-01-19 15:20,8267
2019-01-19 15:25,8287
2019-01-19 15:30,8330
2019-01-19 15:35,8376
2019-01-19 15:40,8429
2019-01-19 15:45,8474
2019-01-19 15:50,8511
2019-01-19 15:55,8620
2019-01-19 16:00,8612
2019-01-19 16:05,8682
2019-01-19 16:10,8693
2019-01-19 16:15,8815
2019-01-19 16:20,8873
2019-01-19 16:25,8926
2019-01-19 16:30,8990
2019-01-19 16:35,9088
2019-01-19 16:40,9137
2019-01-19 16:45,9197
2019-01-19 16:50,9170
2019-01-19 16:55,9215
2019-01-19 17:00,9302
2019-01-19 17:05,9320
2019-01-19 17:10,9349
2019-01-19 17:15,9400
2019-01-19 17:20,9454
2019-01-19 17:25,9465
2019-01-19 17:30,9555
2019-01-19 17:35,9579
2019-01-19 17:40,9682
2019-01-19 17:45,9731
2019-01-19 17:50,9752
2019-01-19 17:55,9800
2019-01-19 18:00,9868
2019-01-19 18:05,9895
2019-01-19 18:10,9893
2019-01-19 18:15,9922
2019-01-19 18:20,9953
2019-01-19 18:25,10049
2019-01-19 18:30,10094
2019-01-19 18:35,10172
2019-01-19 18:40,10196
2019-01-19 18:45,10261
2019-01-19 18:50,10302
2019-01-19 18:55,10380
2019-01-19 19:00,10407
2019-01-19 19:05,10449
2019-01-19 19:10,10562
2019-01-19 19:15,10626
2019-01-19 19:20,10660
2019-01-19 19:25,10767
2019-01-19 19:30,10861
2019-01-19 19:35,10930
2019-01-19 19:40,11063
2019-01-19 19:45,11156
2019-01-19 19:50,11195
2019-01-19 19:55,11259
2019-01-19 20:00,11301
2019-01-19 20:05,11338
2019-01-19 20:10,11329
2019-01-19 20:15,11311
2019-01-19 20:20,11324
2019-01-19 20:25,11360
2019-01-19 20:30,11411
2019-01-19 20:35,11373
2019-01-19 20:40,11386
2019-01-19 20:45,11433
2019-01-19 20:50,11444
2019-01-19 20:55,11455
2019-01-19 21:00,11393
2019-01-19 21:05,11386
2019-01-19 21:10,11340
2019-01-19 21:15,11340
2019-01-19 21:20,11321
2019-01-19 21:25,11324
2019-01-19 21:30,11345
2019-01-19 21:35,11338
2019-01-19 21:40,11301
2019-01-19 21:45,11214
2019-01-19 21:50,11159
2019-01-19 21:55,11149
2019-01-19 22:00,11108
2019-01-19 22:05,11096
2019-01-19 22:10,10990
2019-01-19 22:15,10886
2019-01-19 22:20,10841
2019-01-19 22:25,10736
2019-01-19 22:30,10689
2019-01-19 22:35,10720
2019-01-19 22:40,10667
2019-01-19 22:45,10593
2019-01-19 22:50,10566
2019-01-19 22:55,10532
2019-01-19 23:00,10422
2019-01-19 23:05,10359
2019-01-19 23:10,10294
2019-01-19 23:15,10216
2019-01-19 23:20,10154
2019-01-19 23:25,10062
2019-01-19 23:30,9975
2019-01-19 23:35,9909
2019-01-19 23:40,9798
2019-01-19 23:45,9741
2019-01-19 23:50,9681
2019-01-19 23:55,9615
2019-01-20 00:00,9567
2019-01-20 00:05,9529
2019-01-20 00:10,9426
2019-01-20 00:15,9388
2019-01-20 00:20,9336
2019-01-20 00:25,9308
2019-01-20 00:30,9278
2019-01-20 00:35,9192
2019-01-20 00:40,9164
2019-01-20 00:45,9108
2019-01-20 00:50,9006
2019-01-20 00:55,8945
2019-01-20 01:00,8913
2019-01-20 01:05,8790
2019-01-20 01:10,8741
2019-01-20 01:15,8717
2019-01-20 01:20,8650
2019-01-20 01:25,8632
2019-01-20 01:30,8562
2019-01-20 01:35,8523
2019-01-20 01:40,8460
2019-01-20 01:45,8478
2019-01-20 01:50,8449
2019-01-20 01:55,8470
2019-01-20 02:00,8463
2019-01-20 02:05,8427
2019-01-20 02:10,8353
2019-01-20 02:15,8382
2019-01-20 02:20,8324
2019-01-20 02:25,8268
2019-01-20 02:30,8271
2019-01-20 02:35,8191
2019-01-20 02:40,8161
2019-01-20 02:45,8120
2019-01-20 02:50,8059
2019-01-20 02:55,8029
2019-01-20 03:00,7976
2019-01-20 03:05,7965
2019-01-20 03:10,7906
2019-01-20 03:15,7890
2019-01-20 03:20,7887
2019-01-20 03:25,7886
2019-01-20 03:30,7842
2019-01-20 03:35,7792
2019-01-20 03:40,7743
2019-01-20 03:45,7693
2019-01-20 03:50,7703
2019-01-20 03:55,7658
2019-01-20 04:00,7594
2019-01-20 04:05,7518
2019-01-20 04:10,7513
2019-01-20 04:15,7473
2019-01-20 04:20,7400
2019-01-20 04:25,7376
2019-01-20 04:30,7274
2019-01-20 04:35,7221
2019-01-20 04:40,7238
2019-01-20 04:45,7130
2019-01-20 04:50,7085
2019-01-20 04:55,7005
2019-01-20 05:00,6988
2019-01-20 05:05,6925
2019-01-20 05:10,6888
2019-01-20 05:15,6787
2019-01-20 05:20,6715
2019-01-20 05:25,6687
2019-01-20 05:30,6616
2019-01-20 05:35,6597
2019-01-20 05:40,6528
2019-01-20 05:45,6482
2019-01-20 05:50,6398
2019-01-20 05:55,6331
2019-01-20 06:00,6246
2019-01-20 06:05,6131
2019-01-20 06:10,6101
2019-01-20 06:15,6039
2019-01-20 06:20,5987
2019-01-20 06:25,5879
2019-01-20 06:30,5827
2019-01-20 06:35,5775
2019-01-20 06:40,5705
2019-01-20 06:45,5640
2019-01-20 06:50,5536
2019-01-20 06:55,5483
2019-01-20 07:00,5371
2019-01-20 07:05,5235
2019-01-20 07:10,5159
2019-01-20 07:15,5116
2019-01-20 07:20,5074
2019-01-20 07:25,4993
2019-01-20 07:30,4976
2019-01-20 07:35,4933
2019-01-20 07:40,4889
2019-01-20 07:45,4804
2019-01-20 07:50,4751
2019-01-20 07:55,4760
2019-01-20 08:00,4684
2019-01-20 08:05,4656
2019-01-20 08:10,4654
2019-01-20 08:15,4588
2019-01-20 08:20,4530
2019-01-20 08:25,4453
2019-01-20 08:30,4473
2019-01-20 08:35,4468
2019-01-20 08:40,4485
2019-01-20 08:45,4487
2019-01-20 08:50,4481
2019-01-20 08:55,4501
2019-01-20 09:00,4489
2019-01-20 09:05,4484
2019-01-20 09:10,4469
2019-01-20 09:15,4499
2019-01-20 09:20,4541
2019-01-20 09:25,4584
2019-01-20 09:30,4546
2019-01-20 09:35,4560
2019-01-20 09:40,4650
2019-01-20 09:45,4681
2019-01-20 09:50,4691
2019-01-20 09:55,4728
2019-01-20 10:00,4788
2019-01-20 10:05,4856
2019-01-20 10:10,4893
2019-01-20 10:15,4966
2019-01-20 10:20,5047
2019-01-20 10:25,5151
2019-01-20 10:30,5146
2019-01-20 10:35,5190
2019-01-20 10:40,5265
2019-01-20 10:45,5332
2019-01-20 10:50,5351
2019-01-20 10:55,5444
2019-01-20 11:00,5514
2019-01-20 11:05,5545
2019-01-20 11:10,5625
2019-01-20 11:15,5726
2019-01-20 11:20,5766
2019-01-20 11:25,5830
2019-01-20 11:30,5921
2019-01-20 11:35,5964
2019-01-20 11:40,6057
2019-01-20 11:45,6123
2019-01-20 11:50,6140
2019-01-20 11:55,6169
2019-01-20 12:00,6258
2019-01-20 12:05,6307
2019-01-20 12:10,6337
2019-01-20 12:15,6418
2019-01-20 12:20,6477
2019-01-20 12:25,6535
2019-01-20 12:30,6668
2019-01-20 12:35,6719
2019-01-20 12:40,6807
2019-01-20 12:45,6860
2019-01-20 12:50,6939
2019-01-20 12:55,6940
2019-01-20 13:00,6954
2019-01-20 13:05,7022
2019-01-20 13:10,7035
2019-01-20 13:15,7099
2019-01-20 13:20,7161
2019-01-20 13:25,7306
2019-01-20 13:30,7344
2019-01-20 13:35,7361
2019-01-20 13:40,7394
2019-01-20 13:45,7455
2019-01-20 13:50,7480
2019-01-20 13:55,7519
2019-01-20 14:00,7544
2019-01-20 14:05,7607
2019-01-20 14:10,7642
2019-01-20 14:15,7675
2019-01-20 14:20,7724
2019-01-20 14:25,7811
2019-01-20 14:30,7909
2019-01-20 14:35,7989
2019-01-20 14:40,8024
2019-01-20 14:45,8143
2019-01-20 14:50,8209
2019-01-20 14:55,8321
2019-01-20 15:00,8368
2019-01-20 15:05,8427
2019-01-20 15:10,8420
2019-01-20 15:15,8513
2019-01-20 15:20,8583
2019-01-20 15:25,8677
2019-01-20 15:30,8743
2019-01-20 15:35,8821
2019-01-20 15:40,8981
2019-01-20 15:45,9063
2019-01-20 15:50,9148
2019-01-20 15:55,9187
2019-01-20 16:00,9207
2019-01-20 16:05,9276
2019-01-20 16:10,9340
2019-01-20 16:15,9403
2019-01-20 16:20,9465
2019-01-20 16:25,9502
2019-01-20 16:30,9590
2019-01-20 16:35,9699
2019-01-20 16:40,9778
2019-01-20 16:45,9834
2019-01-20 16:50,9915
2019-01-20 16:55,9998
2019-01-20 17:00,10101
2019-01-20 17:05,10149
2019-01-20 17:10,10189
2019-01-20 17:15,10261
2019-01-20 17:20,10364
2019-01-20 17:25,10440
2019-01-20 17:30,10515
2019-01-20 17:35,10597
2019-01-20 17:40,10663
2019-01-20 17:45,10695
2019-01-20 17:50,10698
2019-01-20 17:55,10733
2019-01-20 18:00,10771
2019-01-20 18:05,10834
2019-01-20 18:10,10815
2019-01-20 18:15,10888
2019-01-20 18:20,10977
2019-01-20 18:25,10999
2019-01-20 18:30,11063
2019-01-20 18:35,11119
2019-01-20 18:40,11158
2019-01-20 18:45,11186
2019-01-20 18:50,11258
2019-01-20 18:55,11302
2019-01-20 19:00,11347
2019-01-20 19:05,11420
2019-01-20 19:10,11439
2019-01-20 19:15,11464
2019-01-20 19:20,11460
2019-01-20 19:25,11543
2019-01-20 19:30,11640
2019-01-20 19:35,11738
2019-01-20 19:40,11769
2019-01-20 19:45,11844
2019-01-20 19:50,11828
2019-01-20 19:55,11869
2019-01-20 20:00,11937
2019-01-20 20:05,11941
2019-01-20 20:10,12025
2019-01-20 20:15,11925
2019-01-20 20:20,11959
2019-01-20 20:25,11960
2019-01-20 20:30,11895
2019-01-20 20:35,11843
2019-01-20 20:40,11821
2019-01-20 20:45,11783
2019-01-20 20:50,11746
2019-01-20 20:55,11694
2019-01-20 21:00,11703
2019-01-20 21:05,11611
2019-01-20 21:10,11545
2019-01-20 21:15,11481
2019-01-20 21:20,11363
2019-01-20 21:25,11236
2019-01-20 21:30,11171
2019-01-20 21:35,11083
2019-01-20 21:40,10975
2019-01-20 21:45,10922
2019-01-20 21:50,10836
2019-01-20 21:55,10750
2019-01-20 22:00,10681
2019-01-20 22:05,10595
2019-01-20 22:10,10508
2019-01-20 22:15,10446
2019-01-20 22:20,10350
2019-01-20 22:25,10269
2019-01-20 22:30,10200
2019-01-20 22:35,10081
2019-01-20 22:40,10031
2019-01-20 22:45,9986
2019-01-20 22:50,9923
2019-01-20 22:55,9829
2019-01-20 23:00,9721
2019-01-20 23:05,9568
2019-01-20 23:10,9470
2019-01-20 23:15,9394
2019-01-20 23:20,9311
2019-01-20 23:25,9229
2019-01-20 23:30,9080
2019-01-20 23:35,8989
2019-01-20 23:40,8923
2019-01-20 23:45,8833
2019-01-20 23:50,8726
2019-01-20 23:55,8738
2019-01-21 00:00,8664
2019-01-21 00:05,8590
2019-01-21 00:10,8535
2019-01-21 00:15,8530
2019-01-21 00:20,8508
2019-01-21 00:25,8433
2019-01-21 00:30,8349
2019-01-21 00:35,8363
2019-01-21 00:40,8366
2019-01-21 00:45,8348
2019-01-21 00:50,8330
2019-01-21 00:55,8301
2019-01-21 01:00,8232
2019-01-21 01:05,8230
2019-01-21 01:10,8212
2019-01-21 01:15,8245
2019-01-21 01:20,8225
2019-01-21 01:25,8193
2019-01-21 01:30,8189
2019-01-21 01:35,8197
2019-01-21 01:40,8195
2019-01-21 01:45,8163
2019-01-21 01:50,8165
2019-01-21 01:55,8102
2019-01-21 02:00,8073
2019-01-21 02:05,8037
2019-01-21 02:10,7984
2019-01-21 02:15,7937
2019-01-21 02:20,7926
2019-01-21 02:25,7902
2019-01-21 02:30,7832
2019-01-21 02:35,7768
2019-01-21 02:40,7723
2019-01-21 02:45,7702
2019-01-21 02:50,7643
2019-01-21 02:55,7534
2019-01-21 03:00,7503
2019-01-21 03:05,7451
2019-01-21 03:10,7415
2019-01-21 03:15,7390
2019-01-21 03:20,7402
2019-01-21 03:25,7365
2019-01-21 03:30,7402
2019-01-21 03:35,7381
2019-01-21 03:40,7380
2019-01-21 03:45,7314
2019-01-21 03:50,7227
2019-01-21 03:55,7201
2019-01-21 04:00,7168
2019-01-21 04:05,7064
2019-01-21 04:10,7028
2019-01-21 04:15,6958
2019-01-21 04:20,6945
2019-01-21 04:25,6879
2019-01-21 04:30,6764
2019-01-21 04:35,6702
2019-01-21 04:40,6634
2019-01-21 04:45,6580
2019-01-21 04:50,6500
2019-01-21 04:55,6439
2019-01-21 05:00,6342
2019-01-21 05:05,6307
2019-01-21 05:10,6286
2019-01-21 05:15,6172
2019-01-21 05:20,6066
2019-01-21 05:25,5997
2019-01-21 05:30,5944
2019-01-21 05:35,5872
2019-01-21 05:40,5840
2019-01-21 05:45,5732
2019-01-21 05:50,5639
2019-01-21 05:55,5555
2019-01-21 06:00,5505
2019-01-21 06:05,5404
2019-01-21 06:10,5296
2019-01-21 06:15,5209
2019-01-21 06:20,5150
2019-01-21 06:25,5012
2019-01-21 06:30,4928
2019-01-21 06:35,4857
2019-01-21 06:40,4788
2019-01-21 06:45,4745
2019-01-21 06:50,4662
2019-01-21 06:55,4609
2019-01-21 07:00,4550
2019-01-21 07:05,4462
2019-01-21 07:10,4358
2019-01-21 07:15,4304
2019-01-21 07:20,4233
2019-01-21 07:25,4167
2019-01-21 07:30,4103
2019-01-21 07:35,4034
2019-01-21 07:40,4027
2019-01-21 07:45,3981
2019-01-21 07:50,3925
2019-01-21 07:55,3849
2019-01-21 08:00,3826
2019-01-21 08:05,3797
2019-01-21 08:10,3774
2019-01-21 08:15,3730
2019-01-21 08:20,3664
2019-01-21 08:25,3624
2019-01-21 08:30,3615
2019-01-21 08:35,3602
2019-01-21 08:40,3520
2019-01-21 08:45,3487
2019-01-21 08:50,3472
2019-01-21 08:55,3466
2019-01-21 09:00,3471
2019-01-21 09:05,3469
2019-01-21 09:10,3435
2019-01-21 09:15,3458
2019-01-21 09:20,3464
2019-01-21 09:25,3451
2019-01-21 09:30,3463
2019-01-21 09:35,3426
2019-01-21 09:40,3464
2019-01-21 09:45,3477
2019-01-21 09:50,3464
2019-01-21 09:55,3514
2019-01-21 10:00,3521
2019-01-21 10:05,3560
2019-01-21 10:10,3578
2019-01-21 10:15,3575
2019-01-21 10:20,3609
2019-01-21 10:25,3665
2019-01-21 10:30,3667
2019-01-21 10:35,3682
2019-01-21 10:40,3684
2019-01-21 10:45,3697
2019-01-21 10:50,3733
2019-01-21 10:55,3739
2019-01-21 11:00,3740
2019-01-21 11:05,3768
2019-01-21 11:10,3765
2019-01-21 11:15,3765
2019-01-21 11:20,3780
2019-01-21 11:25,3861
2019-01-21 11:30,3871
2019-01-21 11:35,3887
2019-01-21 11:40,3931
2019-01-21 11:45,3968
2019-01-21 11:50,4011
2019-01-21 11:55,4042
2019-01-21 12:00,4065
2019-01-21 12:05,4099
2019-01-21 12:10,4135
2019-01-21 12:15,4166
2019-01-21 12:20,4199
2019-01-21 12:25,4245
2019-01-21 12:30,4292
2019-01-21 12:35,4356
2019-01-21 12:40,4381
2019-01-21 12:45,4425
2019-01-21 12:50,4491
2019-01-21 12:55,4528
2019-01-21 13:00,4585
2019-01-21 13:05,4711
2019-01-21 13:10,4727
2019-01-21 13:15,4781
2019-01-21 13:20,4870
2019-01-21 13:25,4921
2019-01-21 13:30,4950
2019-01-21 13:35,4975
2019-01-21 13:40,5123
2019-01-21 13:45,5178
2019-01-21 13:50,5253
2019-01-21 13:55,5247
2019-01-21 14:00,5356
2019-01-21 14:05,5406
2019-01-21 14:10,5454
2019-01-21 14:15,5488
2019-01-21 14:20,5514
2019-01-21 14:25,5607
2019-01-21 14:30,5675
2019-01-21 14:35,5748
2019-01-21 14:40,5805
2019-01-21 14:45,5855
2019-01-21 14:50,5955
2019-01-21 14:55,6080
2019-01-21 15:00,6181
2019-01-21 15:05,6216
2019-01-21 15:10,6341
2019-01-21 15:15,6462
2019-01-21 15:20,6539
2019-01-21 15:25,6604
2019-01-21 15:30,6705
2019-01-21 15:35,6739
2019-01-21 15:40,6832
2019-01-21 15:45,6931
2019-01-21 15:50,7021
2019-01-21 15:55,7067
2019-01-21 16:00,7121
2019-01-21 16:05,7216
2019-01-21 16:10,7293
2019-01-21 16:15,7363
2019-01-21 16:20,7441
2019-01-21 16:25,7558
2019-01-21 16:30,7644
2019-01-21 16:35,7725
2019-01-21 16:40,7761
2019-01-21 16:45,7860
2019-01-21 16:50,7985
2019-01-21 16:55,8041
2019-01-21 17:00,8178
2019-01-21 17:05,8223
2019-01-21 17:10,8378
2019-01-21 17:15,8452
2019-01-21 17:20,8543
2019-01-21 17:25,8591
2019-01-21 17:30,8708
2019-01-21 17:35,8797
2019-01-21 17:40,
2019-01-21 17:45,9064
2019-01-21 17:50,9178
2019-01-21 17:55,9245
2019-01-21 18:00,9367
2019-01-21 18:05,9479
2019-01-21 18:10,9629
2019-01-21 18:15,9699
2019-01-21 18:20,9782
2019-01-21 18:25,9777
2019-01-21 18:30,9904
2019-01-21 18:35,10028
2019-01-21 18:40,10099
2019-01-21 18:45,10262
2019-01-21 18:50,10347
2019-01-21 18:55,10372
2019-01-21 19:00,10475
2019-01-21 19:05,10540
2019-01-21 19:10,10570
2019-01-21 19:15,10547
2019-01-21 19:20,10572
2019-01-21 19:25,10655
2019-01-21 19:30,10777
2019-01-21 19:35,10860
2019-01-21 19:40,10916
2019-01-21 19:45,10916
2019-01-21 19:50,10893
2019-01-21 19:55,10919
2019-01-21 20:00,11007
2019-01-21 20:05,10950
2019-01-21 20:10,10905
2019-01-21 20:15,10961
2019-01-21 20:20,10984
2019-01-21 20:25,10972
2019-01-21 20:30,10879
2019-01-21 20:35,10810
2019-01-21 20:40,10810
2019-01-21 20:45,10768
2019-01-21 20:50,10847
2019-01-21 20:55,10811
2019-01-21 21:00,10806
2019-01-21 21:05,10774
2019-01-21 21:10,10725
2019-01-21 21:15,10763
2019-01-21 21:20,10745
2019-01-21 21:25,10689
2019-01-21 21:30,10668
2019-01-21 21:35,10628
2019-01-21 21:40,10547
2019-01-21 21:45,10548
2019-01-21 21:50,10409
2019-01-21 21:55,10315
2019-01-21 22:00,10237
2019-01-21 22:05,10084
2019-01-21 22:10,10009
2019-01-21 22:15,9930
2019-01-21 22:20,9865
2019-01-21 22:25,9812
2019-01-21 22:30,9719
2019-01-21 22:35,9611
2019-01-21 22:40,9561
2019-01-21 22:45,9514
2019-01-21 22:50,9466
2019-01-21 22:55,9349
2019-01-21 23:00,9232
2019-01-21 23:05,9181
2019-01-21 23:10,9061
2019-01-21 23:15,8952
2019-01-21 23:20,8904
2019-01-21 23:25,8804
2019-01-21 23:30,8685
2019-01-21 23:35,8660
2019-01-21 23:40,8606
2019-01-21 23:45,8561
2019-01-21 23:50,8487
2019-01-21 23:55,8421
2019-01-22 00:00,8352
2019-01-22 00:05,8362
2019-01-22 00:10,8294
2019-01-22 00:15,8227
2019-01-22 00:20,8145
2019-01-22 00:25,8139
2019-01-22 00:30,8072
2019-01-22 00:35,8108
2019-01-22 00:40,8110
2019-01-22 00:45,8137
2019-01-22 00:50,8142
2019-01-22 00:55,8108
2019-01-22 01:00,8099
2019-01-22 01:05,8143
2019-01-22 01:10,8097
2019-01-22 01:15,8143
2019-01-22 01:20,8143
2019-01-22 01:25,8143
2019-01-22 01:30,8143
2019-01-22 01:35,8143
2019-01-22 01:40,8143
2019-01-22 01:45,8143
2019-01-22 01:50,8143
2019-01-22 01:55,8054
2019-01-22 02:00,8038
2019-01-22 02:05,8044
2019-01-22 02:10,7992
2019-01-22 02:15,7945
2019-01-22 02:20,7966
2019-01-22 02:25,7951
2019-01-22 02:30,7919
2019-01-22 02:35,7881
2019-01-22 02:40,7844
2019-01-22 02:45,7705
2019-01-22 02:50,7632
2019-01-22 02:55,7608
2019-01-22 03:00,7547
2019-01-22 03:05,7475
2019-01-22 03:10,7396
2019-01-22 03:15,7308
2019-01-22 03:20,7260
2019-01-22 03:25,7167
2019-01-22 03:30,7132
2019-01-22 03:35,7089
2019-01-22 03:40,7043
2019-01-22 03:45,6953
2019-01-22 03:50,6904
2019-01-22 03:55,6915
2019-01-22 04:00,6803
2019-01-22 04:05,6717
2019-01-22 04:10,6643
2019-01-22 04:15,6548
2019-01-22 04:20,6417
2019-01-22 04:25,6313
2019-01-22 04:30,6235
2019-01-22 04:35,6200
2019-01-22 04:40,6112
2019-01-22 04:45,6023
2019-01-22 04:50,5942
2019-01-22 04:55,5870
2019-01-22 05:00,5830
2019-01-22 05:05,5650
2019-01-22 05:10,5569
2019-01-22 05:15,5499
2019-01-22 05:20,5436
2019-01-22 05:25,5308
2019-01-22 05:30,5200
2019-01-22 05:35,5107
2019-01-22 05:40,5087
2019-01-22 05:45,4985
2019-01-22 05:50,4849
2019-01-22 05:55,4748
2019-01-22 06:00,4663
2019-01-22 06:05,4563
2019-01-22 06:10,4510
2019-01-22 06:15,4444
2019-01-22 06:20,4380
2019-01-22 06:25,4307
2019-01-22 06:30,4243
2019-01-22 06:35,4188
2019-01-22 06:40,4107
2019-01-22 06:45,4069
2019-01-22 06:50,3984
2019-01-22 06:55,3952
2019-01-22 07:00,3849
2019-01-22 07:05,3761
2019-01-22 07:10,3713
2019-01-22 07:15,3685
2019-01-22 07:20,3638
2019-01-22 07:25,3571
2019-01-22 07:30,3534
2019-01-22 07:35,3479
2019-01-22 07:40,3424
2019-01-22 07:45,3384
2019-01-22 07:50,3366
2019-01-22 07:55,3326
2019-01-22 08:00,3273
2019-01-22 08:05,3228
2019-01-22 08:10,3203
2019-01-22 08:15,3163
2019-01-22 08:20,3123
2019-01-22 08:25,3081
2019-01-22 08:30,3069
2019-01-22 08:35,3036
2019-01-22 08:40,3040
2019-01-22 08:45,3020
2019-01-22 08:50,3018
2019-01-22 08:55,3007
2019-01-22 09:00,3035
2019-01-22 09:05,3073
2019-01-22 09:10,3077
2019-01-22 09:15,3076
2019-01-22 09:20,3086
2019-01-22 09:25,3104
2019-01-22 09:30,3089
2019-01-22 09:35,3121
2019-01-22 09:40,3120
2019-01-22 09:45,3143
2019-01-22 09:50,3155
2019-01-22 09:55,3177
2019-01-22 10:00,3197
2019-01-22 10:05,3185
2019-01-22 10:10,3160
2019-01-22 10:15,3188
2019-01-22 10:20,3255
2019-01-22 10:25,3284
2019-01-22 10:30,3338
2019-01-22 10:35,3328
2019-01-22 10:40,3323
2019-01-22 10:45,3369
2019-01-22 10:50,3380
2019-01-22 10:55,3396
2019-01-22 11:00,3418
2019-01-22 11:05,3408
2019-01-22 11:10,3418
2019-01-22 11:15,3420
2019-01-22 11:20,3360
2019-01-22 11:25,3384
2019-01-22 11:30,3347
2019-01-22 11:35,2677
2019-01-22 11:40,2181
2019-01-22 11:45,1779
2019-01-22 11:50,1340
2019-01-22 11:55,1094
2019-01-22 12:00,952
2019-01-22 12:05,928
2019-01-22 12:10,929
2019-01-22 12:15,922
2019-01-22 12:20,915
2019-01-22 12:25,958
2019-01-22 12:30,914
2019-01-22 12:35,931
2019-01-22 12:40,946
2019-01-22 12:45,963
2019-01-22 12:50,917
2019-01-22 12:55,918
2019-01-22 13:00,1048
2019-01-22 13:05,1222
2019-01-22 13:10,1594
2019-01-22 13:15,1906
2019-01-22 13:20,2218
2019-01-22 13:25,1410
2019-01-22 13:30,1167
2019-01-22 13:35,1110
2019-01-22 13:40,1084
2019-01-22 13:45,1454
2019-01-22 13:50,1983
2019-01-22 13:55,2416
2019-01-22 14:00,2876
2019-01-22 14:05,3258
2019-01-22 14:10,3580
2019-01-22 14:15,3881
2019-01-22 14:20,4135
2019-01-22 14:25,4430
2019-01-22 14:30,4679
2019-01-22 14:35,4981
2019-01-22 14:40,5174
2019-01-22 14:45,5371
2019-01-22 14:50,5525
2019-01-22 14:55,5700
2019-01-22 15:00,5867
2019-01-22 15:05,5991
2019-01-22 15:10,6144
2019-01-22 15:15,6226
2019-01-22 15:20,6362
2019-01-22 15:25,6475
2019-01-22 15:30,6568
2019-01-22 15:35,6633
2019-01-22 15:40,6751
2019-01-22 15:45,6872
2019-01-22 15:50,6928
2019-01-22 15:55,6980
2019-01-22 16:00,7018
2019-01-22 16:05,7122
2019-01-22 16:10,7139
2019-01-22 16:15,7194
2019-01-22 16:20,7233
2019-01-22 16:25,7330
2019-01-22 16:30,7377
2019-01-22 16:35,7417
2019-01-22 16:40,7485
2019-01-22 16:45,7572
2019-01-22 16:50,7637
2019-01-22 16:55,7687
2019-01-22 17:00,7786
2019-01-22 17:05,7840
2019-01-22 17:10,7848
2019-01-22 17:15,7907
2019-01-22 17:20,8007
2019-01-22 17:25,8062
2019-01-22 17:30,8136
2019-01-22 17:35,8172
2019-01-22 17:40,8241
2019-01-22 17:45,8360
2019-01-22 17:50,8494
2019-01-22 17:55,8616
2019-01-22 18:00,8719
2019-01-22 18:05,8744
2019-01-22 18:10,8779
2019-01-22 18:15,8706
2019-01-22 18:20,8740
2019-01-22 18:25,8776
2019-01-22 18:30,8857
2019-01-22 18:35,9012
2019-01-22 18:40,9146
2019-01-22 18:45,9201
2019-01-22 18:50,9256
2019-01-22 18:55,9367
2019-01-22 19:00,9423
2019-01-22 19:05,9492
2019-01-22 19:10,9529
2019-01-22 19:15,9592
2019-01-22 19:20,9658
2019-01-22 19:25,9739
2019-01-22 19:30,9773
2019-01-22 19:35,9772
2019-01-22 19:40,9787
2019-01-22 19:45,9807
2019-01-22 19:50,9813
2019-01-22 19:55,9871
2019-01-22 20:00,9880
2019-01-22 20:05,9880
2019-01-22 20:10,9818
2019-01-22 20:15,9790
2019-01-22 20:20,9830
2019-01-22 20:25,9883
2019-01-22 20:30,9872
2019-01-22 20:35,9915
2019-01-22 20:40,9914
2019-01-22 20:45,9898
2019-01-22 20:50,9889
2019-01-22 20:55,9819
2019-01-22 21:00,9738
2019-01-22 21:05,9690
2019-01-22 21:10,9602
2019-01-22 21:15,9563
2019-01-22 21:20,9565
2019-01-22 21:25,9518
2019-01-22 21:30,9471
2019-01-22 21:35,9457
2019-01-22 21:40,9400
2019-01-22 21:45,9335
2019-01-22 21:50,9304
2019-01-22 21:55,9189
2019-01-22 22:00,9094
2019-01-22 22:05,9062
2019-01-22 22:10,8953
2019-01-22 22:15,8824
2019-01-22 22:20,8791
2019-01-22 22:25,8724
2019-01-22 22:30,8711
2019-01-22 22:35,8671
2019-01-22 22:40,8626
2019-01-22 22:45,8583
2019-01-22 22:50,8528
2019-01-22 22:55,8502
2019-01-22 23:00,8424
2019-01-22 23:05,8419
2019-01-22 23:10,8395
2019-01-22 23:15,8385
2019-01-22 23:20,8348
2019-01-22 23:25,8255
2019-01-22 23:30,8215
2019-01-22 23:35,8193
2019-01-22 23:40,
2019-01-22 23:45,
2019-01-22 23:50,
2019-01-22 23:55,7987
2019-01-23 00:00,8003
2019-01-23 00:05,7967
2019-01-23 00:10,7941
2019-01-23 00:15,7925
2019-01-23 00:20,7871
2019-01-23 00:25,7868
2019-01-23 00:30,7839
2019-01-23 00:35,7861
2019-01-23 00:40,7907
2019-01-23 00:45,
2019-01-23 00:50,
2019-01-23 00:55,
2019-01-23 01:00,
2019-01-23 01:05,
2019-01-23 01:10,
2019-01-23 01:15,
2019-01-23 01:20,
2019-01-23 01:25,
2019-01-23 01:30,7790
2019-01-23 01:35,7816
2019-01-23 01:40,7817
2019-01-23 01:45,7813
2019-01-23 01:50,7809
2019-01-23 01:55,7833
2019-01-23 02:00,7816
2019-01-23 02:05,7840
2019-01-23 02:10,7787
2019-01-23 02:15,7729
2019-01-23 02:20,7737
2019-01-23 02:25,7744
2019-01-23 02:30,7697
2019-01-23 02:35,7622
2019-01-23 02:40,7624
2019-01-23 02:45,7515
2019-01-23 02:50,7490
2019-01-23 02:55,7423
2019-01-23 03:00,7396
2019-01-23 03:05,7362
2019-01-23 03:10,7247
2019-01-23 03:15,7184
2019-01-23 03:20,7145
2019-01-23 03:25,7134
2019-01-23 03:30,7112
2019-01-23 03:35,7056
2019-01-23 03:40,6980
2019-01-23 03:45,6925
2019-01-23 03:50,6833
2019-01-23 03:55,6735
2019-01-23 04:00,6645
2019-01-23 04:05,6579
2019-01-23 04:10,6455
2019-01-23 04:15,6323
2019-01-23 04:20,6279
2019-01-23 04:25,6233
2019-01-23 04:30,6215
2019-01-23 04:35,6141
2019-01-23 04:40,5980
2019-01-23 04:45,5904
2019-01-23 04:50,5840
2019-01-23 04:55,5791
2019-01-23 05:00,5718
2019-01-23 05:05,5611
2019-01-23 05:10,5534
2019-01-23 05:15,5438
2019-01-23 05:20,5327
2019-01-23 05:25,5222
2019-01-23 05:30,5090
2019-01-23 05:35,4979
2019-01-23 05:40,4921
2019-01-23 05:45,4794
2019-01-23 05:50,4740
2019-01-23 05:55,4672
2019-01-23 06:00,4612
2019-01-23 06:05,4508
2019-01-23 06:10,4443
2019-01-23 06:15,4343
2019-01-23 06:20,4284
2019-01-23 06:25,4211
2019-01-23 06:30,4140
2019-01-23 06:35,4069
2019-01-23 06:40,4016
2019-01-23 06:45,3971
2019-01-23 06:50,3927
2019-01-23 06:55,3842
2019-01-23 07:00,3784
2019-01-23 07:05,3775
2019-01-23 07:10,3705
2019-01-23 07:15,3634
2019-01-23 07:20,3604
2019-01-23 07:25,3578
2019-01-23 07:30,3558
2019-01-23 07:35,3505
2019-01-23 07:40,3498
2019-01-23 07:45,3442
2019-01-23 07:50,3396
2019-01-23 07:55,3400
2019-01-23 08:00,3397
2019-01-23 08:05,3343
2019-01-23 08:10,3294
2019-01-23 08:15,3282
2019-01-23 08:20,3234
2019-01-23 08:25,3205
2019-01-23 08:30,3175
2019-01-23 08:35,3178
2019-01-23 08:40,3120
2019-01-23 08:45,3098
2019-01-23 08:50,3093
2019-01-23 08:55,3099
2019-01-23 09:00,3046
2019-01-23 09:05,3071
2019-01-23 09:10,3078
2019-01-23 09:15,3103
2019-01-23 09:20,3097
2019-01-23 09:25,3133
2019-01-23 09:30,3145
2019-01-23 09:35,3169
2019-01-23 09:40,3213
2019-01-23 09:45,3229
2019-01-23 09:50,3278
2019-01-23 09:55,3273
2019-01-23 10:00,3359
2019-01-23 10:05,3378
2019-01-23 10:10,3421
2019-01-23 10:15,3434
2019-01-23 10:20,3458
2019-01-23 10:25,3479
2019-01-23 10:30,3511
2019-01-23 10:35,3536
2019-01-23 10:40,3541
2019-01-23 10:45,3594
2019-01-23 10:50,3620
2019-01-23 10:55,3673
2019-01-23 11:00,3689
2019-01-23 11:05,3726
2019-01-23 11:10,3752
2019-01-23 11:15,3799
2019-01-23 11:20,3837
2019-01-23 11:25,3917
2019-01-23 11:30,3945
2019-01-23 11:35,3969
2019-01-23 11:40,3992
2019-01-23 11:45,4078
2019-01-23 11:50,4115
2019-01-23 11:55,4160
2019-01-23 12:00,4193
2019-01-23 12:05,4248
2019-01-23 12:10,4313
2019-01-23 12:15,4360
2019-01-23 12:20,4431
2019-01-23 12:25,4483
2019-01-23 12:30,4567
2019-01-23 12:35,4604
2019-01-23 12:40,4655
2019-01-23 12:45,4694
2019-01-23 12:50,4768
2019-01-23 12:55,4785
2019-01-23 13:00,4831
2019-01-23 13:05,4896
2019-01-23 13:10,4964
2019-01-23 13:15,5021
2019-01-23 13:20,5058
2019-01-23 13:25,5066
2019-01-23 13:30,5139
2019-01-23 13:35,5250
2019-01-23 13:40,5315
2019-01-23 13:45,5383
2019-01-23 13:50,5460
2019-01-23 13:55,5516
2019-01-23 14:00,5551
2019-01-23 14:05,5579
2019-01-23 14:10,5611
2019-01-23 14:15,5638
2019-01-23 14:20,5718
2019-01-23 14:25,5815
2019-01-23 14:30,5880
2019-01-23 14:35,5941
2019-01-23 14:40,6014
2019-01-23 14:45,6094
2019-01-23 14:50,6148
2019-01-23 14:55,6175
2019-01-23 15:00,6264
2019-01-23 15:05,6338
2019-01-23 15:10,6374
2019-01-23 15:15,6477
2019-01-23 15:20,6563
2019-01-23 15:25,6627
2019-01-23 15:30,6675
2019-01-23 15:35,6774
2019-01-23 15:40,6883
2019-01-23 15:45,6975
2019-01-23 15:50,6998
2019-01-23 15:55,7044
2019-01-23 16:00,7118
2019-01-23 16:05,7178
2019-01-23 16:10,7248
2019-01-23 16:15,7351
2019-01-23 16:20,7364
2019-01-23 16:25,7432
2019-01-23 16:30,7554
2019-01-23 16:35,7601
2019-01-23 16:40,7762
2019-01-23 16:45,7821
2019-01-23 16:50,7859
2019-01-23 16:55,7910
2019-01-23 17:00,7927
2019-01-23 17:05,7925
2019-01-23 17:10,8039
2019-01-23 17:15,8125
2019-01-23 17:20,8211
2019-01-23 17:25,8311
2019-01-23 17:30,8469
2019-01-23 17:35,8513
2019-01-23 17:40,8559
2019-01-23 17:45,8651
2019-01-23 17:50,8710
2019-01-23 17:55,8819
2019-01-23 18:00,8872
2019-01-23 18:05,8890
2019-01-23 18:10,8991
2019-01-23 18:15,9072
2019-01-23 18:20,9114
2019-01-23 18:25,9252
2019-01-23 18:30,9329
2019-01-23 18:35,9419
2019-01-23 18:40,9429
2019-01-23 18:45,9502
2019-01-23 18:50,9523
2019-01-23 18:55,9600
2019-01-23 19:00,9590
2019-01-23 19:05,9661
2019-01-23 19:10,9731
2019-01-23 19:15,9824
2019-01-23 19:20,9931
2019-01-23 19:25,9939
2019-01-23 19:30,9996
2019-01-23 19:35,10096
2019-01-23 19:40,10112
2019-01-23 19:45,10155
2019-01-23 19:50,10138
2019-01-23 19:55,10173
2019-01-23 20:00,10192
2019-01-23 20:05,10219
2019-01-23 20:10,10173
2019-01-23 20:15,10159
2019-01-23 20:20,10149
2019-01-23 20:25,10176
2019-01-23 20:30,10179
2019-01-23 20:35,10165
2019-01-23 20:40,10163
2019-01-23 20:45,10181
2019-01-23 20:50,10129
2019-01-23 20:55,10132
2019-01-23 21:00,10040
2019-01-23 21:05,9955
2019-01-23 21:10,9904
2019-01-23 21:15,9866
2019-01-23 21:20,9860
2019-01-23 21:25,9824
2019-01-23 21:30,9770
2019-01-23 21:35,9784
2019-01-23 21:40,9709
2019-01-23 21:45,9668
2019-01-23 21:50,9609
2019-01-23 21:55,9605
2019-01-23 22:00,9518
2019-01-23 22:05,9431
2019-01-23 22:10,9372
2019-01-23 22:15,9361
2019-01-23 22:20,9287
2019-01-23 22:25,9124
2019-01-23 22:30,9109
2019-01-23 22:35,9067
2019-01-23 22:40,8990
2019-01-23 22:45,8942
2019-01-23 22:50,8906
2019-01-23 22:55,8824
2019-01-23 23:00,8771
2019-01-23 23:05,8626
2019-01-23 23:10,8604
2019-01-23 23:15,8515
2019-01-23 23:20,8379
2019-01-23 23:25,8371
2019-01-23 23:30,8289
2019-01-23 23:35,8244
2019-01-23 23:40,8222
2019-01-23 23:45,8268
2019-01-23 23:50,8233
2019-01-23 23:55,8245
2019-01-24 00:00,8204
2019-01-24 00:05,8149
2019-01-24 00:10,8060
2019-01-24 00:15,8066
2019-01-24 00:20,8034
2019-01-24 00:25,8046
2019-01-24 00:30,8044
2019-01-24 00:35,8012
2019-01-24 00:40,8009
2019-01-24 00:45,8023
2019-01-24 00:50,7975
2019-01-24 00:55,8001
2019-01-24 01:00,8027
2019-01-24 01:05,8010
2019-01-24 01:10,7961
2019-01-24 01:15,7962
2019-01-24 01:20,7992
2019-01-24 01:25,7932
2019-01-24 01:30,7903
2019-01-24 01:35,7855
2019-01-24 01:40,7888
2019-01-24 01:45,7895
2019-01-24 01:50,7859
2019-01-24 01:55,7854
2019-01-24 02:00,7817
2019-01-24 02:05,7730
2019-01-24 02:10,7674
2019-01-24 02:15,7665
2019-01-24 02:20,7656
2019-01-24 02:25,7687
2019-01-24 02:30,7658
2019-01-24 02:35,7591
2019-01-24 02:40,7550
2019-01-24 02:45,7530
2019-01-24 02:50,7502
2019-01-24 02:55,7487
2019-01-24 03:00,7421
2019-01-24 03:05,7372
2019-01-24 03:10,7264
2019-01-24 03:15,7222
2019-01-24 03:20,7151
2019-01-24 03:25,7169
2019-01-24 03:30,7117
2019-01-24 03:35,7088
2019-01-24 03:40,7033
2019-01-24 03:45,6949
2019-01-24 03:50,6944
2019-01-24 03:55,6835
2019-01-24 04:00,6781
2019-01-24 04:05,6738
2019-01-24 04:10,6645
2019-01-24 04:15,6576
2019-01-24 04:20,6517
2019-01-24 04:25,6477
2019-01-24 04:30,6401
2019-01-24 04:35,6330
2019-01-24 04:40,6279
2019-01-24 04:45,6198
2019-01-24 04:50,6065
2019-01-24 04:55,5987
2019-01-24 05:00,5915
2019-01-24 05:05,5831
2019-01-24 05:10,5723
2019-01-24 05:15,5607
2019-01-24 05:20,5485
2019-01-24 05:25,5377
2019-01-24 05:30,5261
2019-01-24 05:35,5214
2019-01-24 05:40,5081
2019-01-24 05:45,5002
2019-01-24 05:50,4931
2019-01-24 05:55,4831
2019-01-24 06:00,4766
2019-01-24 06:05,4662
2019-01-24 06:10,4597
2019-01-24 06:15,4521
2019-01-24 06:20,4408
2019-01-24 06:25,4307
2019-01-24 06:30,4267
2019-01-24 06:35,4222
2019-01-24 06:40,4181
2019-01-24 06:45,4103
2019-01-24 06:50,4082
2019-01-24 06:55,4031
2019-01-24 07:00,3950
2019-01-24 07:05,3874
2019-01-24 07:10,3828
2019-01-24 07:15,3795
2019-01-24 07:20,3740
2019-01-24 07:25,3736
2019-01-24 07:30,3641
2019-01-24 07:35,3620
2019-01-24 07:40,3560
2019-01-24 07:45,3532
2019-01-24 07:50,3478
2019-01-24 07:55,3414
2019-01-24 08:00,3363
2019-01-24 08:05,3299
2019-01-24 08:10,3267
2019-01-24 08:15,3246
2019-01-24 08:20,3263
2019-01-24 08:25,3248
2019-01-24 08:30,3241
2019-01-24 08:35,3231
2019-01-24 08:40,3243
2019-01-24 08:45,3243
2019-01-24 08:50,3225
2019-01-24 08:55,3223
2019-01-24 09:00,3229
2019-01-24 09:05,3263
2019-01-24 09:10,3300
2019-01-24 09:15,3238
2019-01-24 09:20,3259
2019-01-24 09:25,3250
2019-01-24 09:30,3238
2019-01-24 09:35,3225
2019-01-24 09:40,3254
2019-01-24 09:45,3275
2019-01-24 09:50,3285
2019-01-24 09:55,3309
2019-01-24 10:00,3367
2019-01-24 10:05,3369
2019-01-24 10:10,3353
2019-01-24 10:15,3376
2019-01-24 10:20,3380
2019-01-24 10:25,3441
2019-01-24 10:30,3460
2019-01-24 10:35,3485
2019-01-24 10:40,3547
2019-01-24 10:45,3544
2019-01-24 10:50,3560
2019-01-24 10:55,3582
2019-01-24 11:00,3576
2019-01-24 11:05,3623
2019-01-24 11:10,3680
2019-01-24 11:15,3739
2019-01-24 11:20,3808
2019-01-24 11:25,3864
2019-01-24 11:30,3908
2019-01-24 11:35,3932
2019-01-24 11:40,3959
2019-01-24 11:45,3944
2019-01-24 11:50,4010
2019-01-24 11:55,4020
2019-01-24 12:00,4040
2019-01-24 12:05,4059
2019-01-24 12:10,4079
2019-01-24 12:15,4115
2019-01-24 12:20,4207
2019-01-24 12:25,4269
2019-01-24 12:30,4263
2019-01-24 12:35,4360
2019-01-24 12:40,4416
2019-01-24 12:45,4450
2019-01-24 12:50,4492
2019-01-24 12:55,4545
2019-01-24 13:00,4651
2019-01-24 13:05,4721
2019-01-24 13:10,4737
2019-01-24 13:15,4796
2019-01-24 13:20,4820
2019-01-24 13:25,4834
2019-01-24 13:30,4904
2019-01-24 13:35,4929
2019-01-24 13:40,4967
2019-01-24 13:45,5021
2019-01-24 13:50,5003
2019-01-24 13:55,5109
2019-01-24 14:00,5126
2019-01-24 14:05,5232
2019-01-24 14:10,5277
2019-01-24 14:15,5306
2019-01-24 14:20,5423
2019-01-24 14:25,5490
2019-01-24 14:30,5613
2019-01-24 14:35,5701
2019-01-24 14:40,5759
2019-01-24 14:45,5789
2019-01-24 14:50,5848
2019-01-24 14:55,5886
2019-01-24 15:00,6003
2019-01-24 15:05,
2019-01-24 15:10,6096
2019-01-24 15:15,6133
2019-01-24 15:20,6233
2019-01-24 15:25,6305
2019-01-24 15:30,6336
2019-01-24 15:35,6382
2019-01-24 15:40,6457
2019-01-24 15:45,6490
2019-01-24 15:50,6572
2019-01-24 15:55,6676
2019-01-24 16:00,6781
2019-01-24 16:05,6867
2019-01-24 16:10,6973
2019-01-24 16:15,7068
2019-01-24 16:20,7160
2019-01-24 16:25,7206
2019-01-24 16:30,7284
2019-01-24 16:35,7413
2019-01-24 16:40,7470
2019-01-24 16:45,7501
2019-01-24 16:50,7561
2019-01-24 16:55,7616
2019-01-24 17:00,7686
2019-01-24 17:05,7688
2019-01-24 17:10,7789
2019-01-24 17:15,7862
2019-01-24 17:20,7971
2019-01-24 17:25,8037
2019-01-24 17:30,8072
2019-01-24 17:35,8141
2019-01-24 17:40,8188
2019-01-24 17:45,8249
2019-01-24 17:50,8343
2019-01-24 17:55,8449
2019-01-24 18:00,8531
2019-01-24 18:05,8609
2019-01-24 18:10,8737
2019-01-24 18:15,8730
2019-01-24 18:20,8796
2019-01-24 18:25,8839
2019-01-24 18:30,8930
2019-01-24 18:35,8959
2019-01-24 18:40,9069
2019-01-24 18:45,9105
2019-01-24 18:50,9233
2019-01-24 18:55,9344
2019-01-24 19:00,9389
2019-01-24 19:05,9433
2019-01-24 19:10,9492
2019-01-24 19:15,9468
2019-01-24 19:20,9461
2019-01-24 19:25,9473
2019-01-24 19:30,9476
2019-01-24 19:35,9488
2019-01-24 19:40,9686
2019-01-24 19:45,9715
2019-01-24 19:50,9738
2019-01-24 19:55,9776
2019-01-24 20:00,9698
2019-01-24 20:05,9659
2019-01-24 20:10,9621
2019-01-24 20:15,9704
2019-01-24 20:20,9685
2019-01-24 20:25,9676
2019-01-24 20:30,9706
2019-01-24 20:35,9733
2019-01-24 20:40,9653
2019-01-24 20:45,9689
2019-01-24 20:50,9690
2019-01-24 20:55,9683
2019-01-24 21:00,9665
2019-01-24 21:05,9668
2019-01-24 21:10,9656
2019-01-24 21:15,9614
2019-01-24 21:20,9614
2019-01-24 21:25,9545
2019-01-24 21:30,9483
2019-01-24 21:35,9492
2019-01-24 21:40,9480
2019-01-24 21:45,9489
2019-01-24 21:50,9432
2019-01-24 21:55,9389
2019-01-24 22:00,9328
2019-01-24 22:05,9288
2019-01-24 22:10,9182
2019-01-24 22:15,9169
2019-01-24 22:20,9099
2019-01-24 22:25,9063
2019-01-24 22:30,8987
2019-01-24 22:35,8971
2019-01-24 22:40,8913
2019-01-24 22:45,8825
2019-01-24 22:50,8780
2019-01-24 22:55,8790
2019-01-24 23:00,8704
2019-01-24 23:05,8628
2019-01-24 23:10,8551
2019-01-24 23:15,8486
2019-01-24 23:20,8477
2019-01-24 23:25,8384
2019-01-24 23:30,8322
2019-01-24 23:35,8289
2019-01-24 23:40,8255
2019-01-24 23:45,8238
2019-01-24 23:50,8205
2019-01-24 23:55,8182
2019-01-25 00:00,8149
2019-01-25 00:05,8129
2019-01-25 00:10,8078
2019-01-25 00:15,8045
2019-01-25 00:20,7996
2019-01-25 00:25,8010
2019-01-25 00:30,8056
2019-01-25 00:35,8021
2019-01-25 00:40,8036
2019-01-25 00:45,8045
2019-01-25 00:50,8017
2019-01-25 00:55,8015
2019-01-25 01:00,7995
2019-01-25 01:05,8047
2019-01-25 01:10,8004
2019-01-25 01:15,8001
2019-01-25 01:20,7988
2019-01-25 01:25,7963
2019-01-25 01:30,7954
2019-01-25 01:35,8016
2019-01-25 01:40,7972
2019-01-25 01:45,7955
2019-01-25 01:50,7983
2019-01-25 01:55,7955
2019-01-25 02:00,7940
2019-01-25 02:05,7883
2019-01-25 02:10,7833
2019-01-25 02:15,7817
2019-01-25 02:20,7822
2019-01-25 02:25,7820
2019-01-25 02:30,7806
2019-01-25 02:35,7793
2019-01-25 02:40,7756
2019-01-25 02:45,7710
2019-01-25 02:50,7693
2019-01-25 02:55,7632
2019-01-25 03:00,7583
2019-01-25 03:05,7559
2019-01-25 03:10,7504
2019-01-25 03:15,7515
2019-01-25 03:20,7521
2019-01-25 03:25,7473
2019-01-25 03:30,7404
2019-01-25 03:35,7314
2019-01-25 03:40,7242
2019-01-25 03:45,7192
2019-01-25 03:50,7153
2019-01-25 03:55,7116
2019-01-25 04:00,7002
2019-01-25 04:05,6886
2019-01-25 04:10,6803
2019-01-25 04:15,6741
2019-01-25 04:20,6651
2019-01-25 04:25,6545
2019-01-25 04:30,6436
2019-01-25 04:35,6332
2019-01-25 04:40,6272
2019-01-25 04:45,6188
2019-01-25 04:50,6107
2019-01-25 04:55,5993
2019-01-25 05:00,5919
2019-01-25 05:05,5802
2019-01-25 05:10,5700
2019-01-25 05:15,5606
2019-01-25 05:20,5515
2019-01-25 05:25,5446
2019-01-25 05:30,5319
2019-01-25 05:35,5217
2019-01-25 05:40,5143
2019-01-25 05:45,5107
2019-01-25 05:50,5009
2019-01-25 05:55,4893
2019-01-25 06:00,4807
2019-01-25 06:05,4719
2019-01-25 06:10,4635
2019-01-25 06:15,4561
2019-01-25 06:20,4481
2019-01-25 06:25,4417
2019-01-25 06:30,4345
2019-01-25 06:35,4258
2019-01-25 06:40,4194
2019-01-25 06:45,4185
2019-01-25 06:50,4104
2019-01-25 06:55,4061
2019-01-25 07:00,3968
2019-01-25 07:05,3898
2019-01-25 07:10,3792
2019-01-25 07:15,3733
2019-01-25 07:20,3691
2019-01-25 07:25,3601
2019-01-25 07:30,3560
2019-01-25 07:35,3472
2019-01-25 07:40,3415
2019-01-25 07:45,3362
2019-01-25 07:50,3304
2019-01-25 07:55,3272
2019-01-25 08:00,3288
2019-01-25 08:05,3275
2019-01-25 08:10,3242
2019-01-25 08:15,3220
2019-01-25 08:20,3223
2019-01-25 08:25,3171
2019-01-25 08:30,3137
2019-01-25 08:35,3107
2019-01-25 08:40,3109
2019-01-25 08:45,3110
2019-01-25 08:50,3108
2019-01-25 08:55,3108
2019-01-25 09:00,3124
2019-01-25 09:05,3162
2019-01-25 09:10,3185
2019-01-25 09:15,3205
2019-01-25 09:20,3224
2019-01-25 09:25,3187
2019-01-25 09:30,3240
2019-01-25 09:35,3237
2019-01-25 09:40,3217
2019-01-25 09:45,3256
2019-01-25 09:50,3306
2019-01-25 09:55,3332
2019-01-25 10:00,3306
2019-01-25 10:05,3304
2019-01-25 10:10,3335
2019-01-25 10:15,3375
2019-01-25 10:20,3385
2019-01-25 10:25,3418
2019-01-25 10:30,3463
2019-01-25 10:35,3524
2019-01-25 10:40,3590
2019-01-25 10:45,3629
2019-01-25 10:50,3616
2019-01-25 10:55,3643
2019-01-25 11:00,3719
2019-01-25 11:05,3753
2019-01-25 11:10,3794
2019-01-25 11:15,3814
2019-01-25 11:20,3844
2019-01-25 11:25,3845
2019-01-25 11:30,3849
2019-01-25 11:35,3901
2019-01-25 11:40,3961
2019-01-25 11:45,4018
2019-01-25 11:50,4080
2019-01-25 11:55,4139
2019-01-25 12:00,4183
2019-01-25 12:05,4276
2019-01-25 12:10,4334
2019-01-25 12:15,4389
2019-01-25 12:20,4409
2019-01-25 12:25,4441
2019-01-25 12:30,4544
2019-01-25 12:35,4531
2019-01-25 12:40,4566
2019-01-25 12:45,4579
2019-01-25 12:50,4637
2019-01-25 12:55,4673
2019-01-25 13:00,4711
2019-01-25 13:05,4764
2019-01-25 13:10,4808
2019-01-25 13:15,4874
2019-01-25 13:20,4915
2019-01-25 13:25,4937
2019-01-25 13:30,4999
2019-01-25 13:35,5035
2019-01-25 13:40,5110
2019-01-25 13:45,5186
2019-01-25 13:50,5232
2019-01-25 13:55,5291
2019-01-25 14:00,5423
2019-01-25 14:05,5499
2019-01-25 14:10,5565
2019-01-25 14:15,5642
2019-01-25 14:20,5730
2019-01-25 14:25,5839
2019-01-25 14:30,5974
2019-01-25 14:35,6019
2019-01-25 14:40,6103
2019-01-25 14:45,6126
2019-01-25 14:50,6209
2019-01-25 14:55,6275
2019-01-25 15:00,6354
2019-01-25 15:05,6387
2019-01-25 15:10,6466
2019-01-25 15:15,6499
2019-01-25 15:20,6529
2019-01-25 15:25,6555
2019-01-25 15:30,6646
2019-01-25 15:35,6705
2019-01-25 15:40,6860
2019-01-25 15:45,6916
2019-01-25 15:50,7000
2019-01-25 15:55,7019
2019-01-25 16:00,7044
2019-01-25 16:05,7154
2019-01-25 16:10,7212
2019-01-25 16:15,7308
2019-01-25 16:20,7287
2019-01-25 16:25,7343
2019-01-25 16:30,7438
2019-01-25 16:35,7513
2019-01-25 16:40,7553
2019-01-25 16:45,7585
2019-01-25 16:50,7707
2019-01-25 16:55,7741
2019-01-25 17:00,7815
2019-01-25 17:05,7817
2019-01-25 17:10,7843
2019-01-25 17:15,7912
2019-01-25 17:20,7940
2019-01-25 17:25,8019
2019-01-25 17:30,8080
2019-01-25 17:35,8156
2019-01-25 17:40,8190
2019-01-25 17:45,8204
2019-01-25 17:50,8311
2019-01-25 17:55,8361
2019-01-25 18:00,8399
2019-01-25 18:05,8420
2019-01-25 18:10,8460
2019-01-25 18:15,8459
2019-01-25 18:20,8531
2019-01-25 18:25,8614
2019-01-25 18:30,8749
2019-01-25 18:35,8741
2019-01-25 18:40,8800
2019-01-25 18:45,8891
2019-01-25 18:50,8905
2019-01-25 18:55,8982
2019-01-25 19:00,8999
2019-01-25 19:05,9037
2019-01-25 19:10,9102
2019-01-25 19:15,9197
2019-01-25 19:20,9184
2019-01-25 19:25,9289
2019-01-25 19:30,9370
2019-01-25 19:35,9441
2019-01-25 19:40,9412
2019-01-25 19:45,9435
2019-01-25 19:50,9523
2019-01-25 19:55,9578
2019-01-25 20:00,9558
2019-01-25 20:05,9617
2019-01-25 20:10,9730
2019-01-25 20:15,9761
2019-01-25 20:20,9802
2019-01-25 20:25,9860
2019-01-25 20:30,9897
2019-01-25 20:35,9923
2019-01-25 20:40,9930
2019-01-25 20:45,9934
2019-01-25 20:50,9887
2019-01-25 20:55,10008
2019-01-25 21:00,10027
2019-01-25 21:05,10064
2019-01-25 21:10,10046
2019-01-25 21:15,10036
2019-01-25 21:20,10027
2019-01-25 21:25,10043
2019-01-25 21:30,10036
2019-01-25 21:35,10041
2019-01-25 21:40,10079
2019-01-25 21:45,10165
2019-01-25 21:50,10201
2019-01-25 21:55,10219
2019-01-25 22:00,10239
2019-01-25 22:05,10167
2019-01-25 22:10,10203
2019-01-25 22:15,10173
2019-01-25 22:20,10129
2019-01-25 22:25,10129
2019-01-25 22:30,10044
2019-01-25 22:35,9995
2019-01-25 22:40,9986
2019-01-25 22:45,9954
2019-01-25 22:50,9884
2019-01-25 22:55,9781
2019-01-25 23:00,9715
2019-01-25 23:05,9667
2019-01-25 23:10,9594
2019-01-25 23:15,9494
2019-01-25 23:20,9434
2019-01-25 23:25,9362
2019-01-25 23:30,9301
2019-01-25 23:35,9225
2019-01-25 23:40,9155
2019-01-25 23:45,9110
2019-01-25 23:50,9069
2019-01-25 23:55,9025
2019-01-26 00:00,8900
2019-01-26 00:05,8832
2019-01-26 00:10,8836
2019-01-26 00:15,8812
2019-01-26 00:20,8691
2019-01-26 00:25,8618
2019-01-26 00:30,8561
2019-01-26 00:35,8506
2019-01-26 00:40,8505
2019-01-26 00:45,8417
2019-01-26 00:50,8441
2019-01-26 00:55,8462
2019-01-26 01:00,8435
2019-01-26 01:05,8470
2019-01-26 01:10,8427
2019-01-26 01:15,8417
2019-01-26 01:20,8328
2019-01-26 01:25,8304
2019-01-26 01:30,8262
2019-01-26 01:35,8201
2019-01-26 01:40,8190
2019-01-26 01:45,8173
2019-01-26 01:50,8175
2019-01-26 01:55,8121
2019-01-26 02:00,8086
2019-01-26 02:05,8089
2019-01-26 02:10,8005
2019-01-26 02:15,7974
2019-01-26 02:20,7942
2019-01-26 02:25,7914
2019-01-26 02:30,7874
2019-01-26 02:35,7878
2019-01-26 02:40,7872
2019-01-26 02:45,7837
2019-01-26 02:50,7832
2019-01-26 02:55,7871
2019-01-26 03:00,7895
2019-01-26 03:05,7881
2019-01-26 03:10,7846
2019-01-26 03:15,7832
2019-01-26 03:20,7835
2019-01-26 03:25,7762
2019-01-26 03:30,7750
2019-01-26 03:35,7733
2019-01-26 03:40,7743
2019-01-26 03:45,7718
2019-01-26 03:50,7667
2019-01-26 03:55,7688
2019-01-26 04:00,7627
2019-01-26 04:05,7614
2019-01-26 04:10,7558
2019-01-26 04:15,7514
2019-01-26 04:20,7458
2019-01-26 04:25,7444
2019-01-26 04:30,7409
2019-01-26 04:35,7360
2019-01-26 04:40,7280
2019-01-26 04:45,7198
2019-01-26 04:50,7168
2019-01-26 04:55,7085
2019-01-26 05:00,7035
2019-01-26 05:05,6989
2019-01-26 05:10,6934
2019-01-26 05:15,6881
2019-01-26 05:20,6876
2019-01-26 05:25,6822
2019-01-26 05:30,6736
2019-01-26 05:35,6652
2019-01-26 05:40,6532
2019-01-26 05:45,6426
2019-01-26 05:50,6383
2019-01-26 05:55,6275
2019-01-26 06:00,6148
2019-01-26 06:05,6026
2019-01-26 06:10,5913
2019-01-26 06:15,5818
2019-01-26 06:20,5710
2019-01-26 06:25,5652
2019-01-26 06:30,5529
2019-01-26 06:35,5479
2019-01-26 06:40,5392
2019-01-26 06:45,5312
2019-01-26 06:50,5243
2019-01-26 06:55,5177
2019-01-26 07:00,5159
2019-01-26 07:05,5071
2019-01-26 07:10,4999
2019-01-26 07:15,4944
2019-01-26 07:20,4852
2019-01-26 07:25,4822
2019-01-26 07:30,4742
2019-01-26 07:35,4644
2019-01-26 07:40,4627
2019-01-26 07:45,4557
2019-01-26 07:50,4529
2019-01-26 07:55,4477
2019-01-26 08:00,4446
2019-01-26 08:05,4366
2019-01-26 08:10,4282
2019-01-26 08:15,4196
2019-01-26 08:20,4134
2019-01-26 08:25,4080
2019-01-26 08:30,4088
2019-01-26 08:35,4075
2019-01-26 08:40,4023
2019-01-26 08:45,4035
2019-01-26 08:50,4076
2019-01-26 08:55,4034
2019-01-26 09:00,4035
2019-01-26 09:05,4100
2019-01-26 09:10,4099
2019-01-26 09:15,4110
2019-01-26 09:20,4117
2019-01-26 09:25,4130
2019-01-26 09:30,4125
2019-01-26 09:35,4134
2019-01-26 09:40,4180
2019-01-26 09:45,4203
2019-01-26 09:50,4281
2019-01-26 09:55,4264
2019-01-26 10:00,4273
2019-01-26 10:05,4350
2019-01-26 10:10,4455
2019-01-26 10:15,4539
2019-01-26 10:20,4568
2019-01-26 10:25,4610
2019-01-26 10:30,4608
2019-01-26 10:35,4627
2019-01-26 10:40,4665
2019-01-26 10:45,4677
2019-01-26 10:50,4699
2019-01-26 10:55,4761
2019-01-26 11:00,4796
2019-01-26 11:05,4832
2019-01-26 11:10,4897
2019-01-26 11:15,4938
2019-01-26 11:20,5006
2019-01-26 11:25,5041
2019-01-26 11:30,5133
2019-01-26 11:35,5169
2019-01-26 11:40,5209
2019-01-26 11:45,5283
2019-01-26 11:50,5337
2019-01-26 11:55,5378
2019-01-26 12:00,5461
2019-01-26 12:05,5505
2019-01-26 12:10,5580
2019-01-26 12:15,5596
2019-01-26 12:20,5678
2019-01-26 12:25,5719
2019-01-26 12:30,5711
2019-01-26 12:35,5794
2019-01-26 12:40,5854
2019-01-26 12:45,5963
2019-01-26 12:50,6019
2019-01-26 12:55,6137
2019-01-26 13:00,6228
2019-01-26 13:05,6284
2019-01-26 13:10,6393
2019-01-26 13:15,6422
2019-01-26 13:20,6479
2019-01-26 13:25,6526
2019-01-26 13:30,6661
2019-01-26 13:35,6685
2019-01-26 13:40,6752
2019-01-26 13:45,6804
2019-01-26 13:50,6843
2019-01-26 13:55,6898
2019-01-26 14:00,6890
2019-01-26 14:05,6936
2019-01-26 14:10,7014
2019-01-26 14:15,7077
2019-01-26 14:20,7113
2019-01-26 14:25,7125
2019-01-26 14:30,7241
2019-01-26 14:35,7280
2019-01-26 14:40,7359
2019-01-26 14:45,7449
2019-01-26 14:50,7536
2019-01-26 14:55,7598
2019-01-26 15:00,7674
2019-01-26 15:05,7760
2019-01-26 15:10,7813
2019-01-26 15:15,7910
2019-01-26 15:20,7971
2019-01-26 15:25,8075
2019-01-26 15:30,8194
2019-01-26 15:35,8282
2019-01-26 15:40,8358
2019-01-26 15:45,8427
2019-01-26 15:50,8449
2019-01-26 15:55,8523
2019-01-26 16:00,8527
2019-01-26 16:05,8570
2019-01-26 16:10,8639
2019-01-26 16:15,8757
2019-01-26 16:20,8712
2019-01-26 16:25,8902
2019-01-26 16:30,8931
2019-01-26 16:35,8932
2019-01-26 16:40,9038
2019-01-26 16:45,9120
2019-01-26 16:50,9224
2019-01-26 16:55,9251
2019-01-26 17:00,9233
2019-01-26 17:05,9297
2019-01-26 17:10,9347
2019-01-26 17:15,9371
2019-01-26 17:20,9449
2019-01-26 17:25,9433
2019-01-26 17:30,9452
2019-01-26 17:35,9554
2019-01-26 17:40,9607
2019-01-26 17:45,9700
2019-01-26 17:50,9776
2019-01-26 17:55,9827
2019-01-26 18:00,9915
2019-01-26 18:05,9971
2019-01-26 18:10,10078
2019-01-26 18:15,10161
2019-01-26 18:20,10167
2019-01-26 18:25,10228
2019-01-26 18:30,10351
2019-01-26 18:35,10408
2019-01-26 18:40,10445
2019-01-26 18:45,10526
2019-01-26 18:50,10602
2019-01-26 18:55,10664
2019-01-26 19:00,10738
2019-01-26 19:05,10791
2019-01-26 19:10,10862
2019-01-26 19:15,10902
2019-01-26 19:20,10904
2019-01-26 19:25,10930
2019-01-26 19:30,10971
2019-01-26 19:35,11037
2019-01-26 19:40,11026
2019-01-26 19:45,11056
2019-01-26 19:50,11103
2019-01-26 19:55,11133
2019-01-26 20:00,11141
2019-01-26 20:05,11199
2019-01-26 20:10,11154
2019-01-26 20:15,11177
2019-01-26 20:20,11181
2019-01-26 20:25,11205
2019-01-26 20:30,11169
2019-01-26 20:35,11206
2019-01-26 20:40,11257
2019-01-26 20:45,11314
2019-01-26 20:50,11287
2019-01-26 20:55,11213
2019-01-26 21:00,11270
2019-01-26 21:05,11210
2019-01-26 21:10,11272
2019-01-26 21:15,11276
2019-01-26 21:20,11297
2019-01-26 21:25,11272
2019-01-26 21:30,11317
2019-01-26 21:35,11250
2019-01-26 21:40,11270
2019-01-26 21:45,11251
2019-01-26 21:50,11192
2019-01-26 21:55,11160
2019-01-26 22:00,11139
2019-01-26 22:05,11042
2019-01-26 22:10,11008
2019-01-26 22:15,10975
2019-01-26 22:20,10955
2019-01-26 22:25,10905
2019-01-26 22:30,10852
2019-01-26 22:35,10801
2019-01-26 22:40,10746
2019-01-26 22:45,10706
2019-01-26 22:50,10715
2019-01-26 22:55,10618
2019-01-26 23:00,10578
2019-01-26 23:05,10437
2019-01-26 23:10,10377
2019-01-26 23:15,10308
2019-01-26 23:20,10293
2019-01-26 23:25,10165
2019-01-26 23:30,10018
2019-01-26 23:35,9974
2019-01-26 23:40,9990
2019-01-26 23:45,9923
2019-01-26 23:50,9821
2019-01-26 23:55,9762
2019-01-27 00:00,9651
2019-01-27 00:05,9538
2019-01-27 00:10,9426
2019-01-27 00:15,9341
2019-01-27 00:20,9193
2019-01-27 00:25,9118
2019-01-27 00:30,9110
2019-01-27 00:35,9015
2019-01-27 00:40,8962
2019-01-27 00:45,8881
2019-01-27 00:50,8887
2019-01-27 00:55,8903
2019-01-27 01:00,8827
2019-01-27 01:05,8806
2019-01-27 01:10,8698
2019-01-27 01:15,8662
2019-01-27 01:20,8603
2019-01-27 01:25,8538
2019-01-27 01:30,8519
2019-01-27 01:35,8493
2019-01-27 01:40,8440
2019-01-27 01:45,8392
2019-01-27 01:50,8353
2019-01-27 01:55,8333
2019-01-27 02:00,8285
2019-01-27 02:05,8234
2019-01-27 02:10,8225
2019-01-27 02:15,8137
2019-01-27 02:20,7991
2019-01-27 02:25,7830
2019-01-27 02:30,7810
2019-01-27 02:35,7790
2019-01-27 02:40,7845
2019-01-27 02:45,7844
2019-01-27 02:50,7838
2019-01-27 02:55,7823
2019-01-27 03:00,7802
2019-01-27 03:05,7787
2019-01-27 03:10,7804
2019-01-27 03:15,7845
2019-01-27 03:20,7852
2019-01-27 03:25,7865
2019-01-27 03:30,7877
2019-01-27 03:35,7803
2019-01-27 03:40,7800
2019-01-27 03:45,7778
2019-01-27 03:50,7766
2019-01-27 03:55,7740
2019-01-27 04:00,7679
2019-01-27 04:05,7663
2019-01-27 04:10,7599
2019-01-27 04:15,7559
2019-01-27 04:20,7558
2019-01-27 04:25,7485
2019-01-27 04:30,7413
2019-01-27 04:35,7312
2019-01-27 04:40,7281
2019-01-27 04:45,7224
2019-01-27 04:50,7176
2019-01-27 04:55,7134
2019-01-27 05:00,7078
2019-01-27 05:05,6983
2019-01-27 05:10,6903
2019-01-27 05:15,6870
2019-01-27 05:20,6823
2019-01-27 05:25,6744
2019-01-27 05:30,6677
2019-01-27 05:35,6619
2019-01-27 05:40,6596
2019-01-27 05:45,6548
2019-01-27 05:50,6439
2019-01-27 05:55,6324
2019-01-27 06:00,6249
2019-01-27 06:05,6151
2019-01-27 06:10,6072
2019-01-27 06:15,6037
2019-01-27 06:20,5968
2019-01-27 06:25,5850
2019-01-27 06:30,5824
2019-01-27 06:35,5748
2019-01-27 06:40,5677
2019-01-27 06:45,5648
2019-01-27 06:50,5585
2019-01-27 06:55,5537
2019-01-27 07:00,5450
2019-01-27 07:05,5386
2019-01-27 07:10,5320
2019-01-27 07:15,5238
2019-01-27 07:20,5151
2019-01-27 07:25,5097
2019-01-27 07:30,5029
2019-01-27 07:35,4910
2019-01-27 07:40,4844
2019-01-27 07:45,4773
2019-01-27 07:50,4721
2019-01-27 07:55,4683
2019-01-27 08:00,4551
2019-01-27 08:05,4517
2019-01-27 08:10,4515
2019-01-27 08:15,4480
2019-01-27 08:20,4412
2019-01-27 08:25,4390
2019-01-27 08:30,4335
2019-01-27 08:35,4298
2019-01-27 08:40,4268
2019-01-27 08:45,4213
2019-01-27 08:50,4228
2019-01-27 08:55,4248
2019-01-27 09:00,4205
2019-01-27 09:05,4220
2019-01-27 09:10,4243
2019-01-27 09:15,4266
2019-01-27 09:20,4318
2019-01-27 09:25,4303
2019-01-27 09:30,4374
2019-01-27 09:35,4404
2019-01-27 09:40,4467
2019-01-27 09:45,4522
2019-01-27 09:50,4546
2019-01-27 09:55,4573
2019-01-27 10:00,4601
2019-01-27 10:05,4667
2019-01-27 10:10,4699
2019-01-27 10:15,4721
2019-01-27 10:20,4740
2019-01-27 10:25,4814
2019-01-27 10:30,4840
2019-01-27 10:35,4890
2019-01-27 10:40,4962
2019-01-27 10:45,5011
2019-01-27 10:50,5055
2019-01-27 10:55,5093
2019-01-27 11:00,5113
2019-01-27 11:05,5122
2019-01-27 11:10,5169
2019-01-27 11:15,5180
2019-01-27 11:20,5242
2019-01-27 11:25,5284
2019-01-27 11:30,5317
2019-01-27 11:35,5436
2019-01-27 11:40,5486
2019-01-27 11:45,5543
2019-01-27 11:50,5602
2019-01-27 11:55,5684
2019-01-27 12:00,5766
2019-01-27 12:05,5751
2019-01-27 12:10,5855
2019-01-27 12:15,5917
2019-01-27 12:20,5977
2019-01-27 12:25,6033
2019-01-27 12:30,6094
2019-01-27 12:35,6168
2019-01-27 12:40,6235
2019-01-27 12:45,6349
2019-01-27 12:50,6436
2019-01-27 12:55,6480
2019-01-27 13:00,6538
2019-01-27 13:05,6618
2019-01-27 13:10,6656
2019-01-27 13:15,6709
2019-01-27 13:20,6815
2019-01-27 13:25,6866
2019-01-27 13:30,6964
2019-01-27 13:35,7033
2019-01-27 13:40,7056
2019-01-27 13:45,7082
2019-01-27 13:50,7138
2019-01-27 13:55,7215
2019-01-27 14:00,7312
2019-01-27 14:05,7365
2019-01-27 14:10,7411
2019-01-27 14:15,7483
2019-01-27 14:20,7578
2019-01-27 14:25,7691
2019-01-27 14:30,7705
2019-01-27 14:35,7793
2019-01-27 14:40,7854
2019-01-27 14:45,7975
2019-01-27 14:50,8081
2019-01-27 14:55,8158
2019-01-27 15:00,8160
2019-01-27 15:05,8220
2019-01-27 15:10,8317
2019-01-27 15:15,8355
2019-01-27 15:20,8373
2019-01-27 15:25,8483
2019-01-27 15:30,8530
2019-01-27 15:35,8604
2019-01-27 15:40,8679
2019-01-27 15:45,8762
2019-01-27 15:50,8858
2019-01-27 15:55,8902
2019-01-27 16:00,8963
2019-01-27 16:05,9040
2019-01-27 16:10,9082
2019-01-27 16:15,9162
2019-01-27 16:20,9297
2019-01-27 16:25,9330
2019-01-27 16:30,9353
2019-01-27 16:35,9454
2019-01-27 16:40,9482
2019-01-27 16:45,9569
2019-01-27 16:50,9610
2019-01-27 16:55,9722
2019-01-27 17:00,9754
2019-01-27 17:05,9775
2019-01-27 17:10,9860
2019-01-27 17:15,9856
2019-01-27 17:20,9934
2019-01-27 17:25,10008
2019-01-27 17:30,10021
2019-01-27 17:35,10076
2019-01-27 17:40,10095
2019-01-27 17:45,10082
2019-01-27 17:50,10235
2019-01-27 17:55,10236
2019-01-27 18:00,10353
2019-01-27 18:05,10360
2019-01-27 18:10,10475
2019-01-27 18:15,10546
2019-01-27 18:20,10674
2019-01-27 18:25,10713
2019-01-27 18:30,10792
2019-01-27 18:35,10866
2019-01-27 18:40,10909
2019-01-27 18:45,10955
2019-01-27 18:50,11037
2019-01-27 18:55,11087
2019-01-27 19:00,11125
2019-01-27 19:05,11286
2019-01-27 19:10,11424
2019-01-27 19:15,11503
2019-01-27 19:20,11612
2019-01-27 19:25,11680
2019-01-27 19:30,11768
2019-01-27 19:35,11805
2019-01-27 19:40,11831
2019-01-27 19:45,11858
2019-01-27 19:50,11813
2019-01-27 19:55,11834
2019-01-27 20:00,11800
2019-01-27 20:05,11844
2019-01-27 20:10,11843
2019-01-27 20:15,11890
2019-01-27 20:20,11864
2019-01-27 20:25,11795
2019-01-27 20:30,11861
2019-01-27 20:35,11845
2019-01-27 20:40,11814
2019-01-27 20:45,11780
2019-01-27 20:50,11760
2019-01-27 20:55,11648
2019-01-27 21:00,11669
2019-01-27 21:05,11587
2019-01-27 21:10,11464
2019-01-27 21:15,11410
2019-01-27 21:20,11415
2019-01-27 21:25,11343
2019-01-27 21:30,11262
2019-01-27 21:35,11260
2019-01-27 21:40,11195
2019-01-27 21:45,11108
2019-01-27 21:50,11067
2019-01-27 21:55,10969
2019-01-27 22:00,10947
2019-01-27 22:05,10811
2019-01-27 22:10,10757
2019-01-27 22:15,10630
2019-01-27 22:20,10519
2019-01-27 22:25,10470
2019-01-27 22:30,10405
2019-01-27 22:35,10318
2019-01-27 22:40,10265
2019-01-27 22:45,10179
2019-01-27 22:50,10098
2019-01-27 22:55,9991
2019-01-27 23:00,9897
2019-01-27 23:05,9777
2019-01-27 23:10,9673
2019-01-27 23:15,9535
2019-01-27 23:20,9421
2019-01-27 23:25,9285
2019-01-27 23:30,9213
2019-01-27 23:35,9174
2019-01-27 23:40,9058
2019-01-27 23:45,9038
2019-01-27 23:50,8969
2019-01-27 23:55,8898
2019-01-28 00:00,8864
2019-01-28 00:05,8747
2019-01-28 00:10,8703
2019-01-28 00:15,8669
2019-01-28 00:20,8630
2019-01-28 00:25,8595
2019-01-28 00:30,8598
2019-01-28 00:35,8570
2019-01-28 00:40,8547
2019-01-28 00:45,8515
2019-01-28 00:50,8525
2019-01-28 00:55,8480
2019-01-28 01:00,8437
2019-01-28 01:05,8417
2019-01-28 01:10,8386
2019-01-28 01:15,8334
2019-01-28 01:20,8376
2019-01-28 01:25,8371
2019-01-28 01:30,8383
2019-01-28 01:35,8333
2019-01-28 01:40,8351
2019-01-28 01:45,8328
2019-01-28 01:50,8314
2019-01-28 01:55,8303
2019-01-28 02:00,8296
2019-01-28 02:05,8212
2019-01-28 02:10,8189
2019-01-28 02:15,8157
2019-01-28 02:20,8141
2019-01-28 02:25,8114
2019-01-28 02:30,8023
2019-01-28 02:35,8024
2019-01-28 02:40,7971
2019-01-28 02:45,7929
2019-01-28 02:50,7914
2019-01-28 02:55,7880
2019-01-28 03:00,7858
2019-01-28 03:05,7796
2019-01-28 03:10,7737
2019-01-28 03:15,7683
2019-01-28 03:20,7608
2019-01-28 03:25,7547
2019-01-28 03:30,7419
2019-01-28 03:35,7337
2019-01-28 03:40,7225
2019-01-28 03:45,7173
2019-01-28 03:50,7102
2019-01-28 03:55,7015
2019-01-28 04:00,6921
2019-01-28 04:05,6835
2019-01-28 04:10,6770
2019-01-28 04:15,6670
2019-01-28 04:20,6564
2019-01-28 04:25,6481
2019-01-28 04:30,6411
2019-01-28 04:35,6310
2019-01-28 04:40,6289
2019-01-28 04:45,6243
2019-01-28 04:50,6151
2019-01-28 04:55,6002
2019-01-28 05:00,5931
2019-01-28 05:05,5824
2019-01-28 05:10,5689
2019-01-28 05:15,5576
2019-01-28 05:20,5464
2019-01-28 05:25,5397
2019-01-28 05:30,5309
2019-01-28 05:35,5276
2019-01-28 05:40,5209
2019-01-28 05:45,5123
2019-01-28 05:50,5034
2019-01-28 05:55,4982
2019-01-28 06:00,4913
2019-01-28 06:05,4834
2019-01-28 06:10,4716
2019-01-28 06:15,4620
2019-01-28 06:20,4533
2019-01-28 06:25,4484
2019-01-28 06:30,4394
2019-01-28 06:35,4354
2019-01-28 06:40,4311
2019-01-28 06:45,4242
2019-01-28 06:50,4164
2019-01-28 06:55,4079
2019-01-28 07:00,4030
2019-01-28 07:05,3923
2019-01-28 07:10,3852
2019-01-28 07:15,3768
2019-01-28 07:20,3699
2019-01-28 07:25,3701
2019-01-28 07:30,3587
2019-01-28 07:35,3511
2019-01-28 07:40,3473
2019-01-28 07:45,3435
2019-01-28 07:50,3388
2019-01-28 07:55,3310
2019-01-28 08:00,3238
2019-01-28 08:05,3187
2019-01-28 08:10,3126
2019-01-28 08:15,3171
2019-01-28 08:20,3080
2019-01-28 08:25,3083
2019-01-28 08:30,3060
2019-01-28 08:35,3023
2019-01-28 08:40,2984
2019-01-28 08:45,2986
2019-01-28 08:50,2966
2019-01-28 08:55,2985
2019-01-28 09:00,2979
2019-01-28 09:05,3002
2019-01-28 09:10,3007
2019-01-28 09:15,2978
2019-01-28 09:20,3004
2019-01-28 09:25,3026
2019-01-28 09:30,3047
2019-01-28 09:35,3053
2019-01-28 09:40,3030
2019-01-28 09:45,3061
2019-01-28 09:50,3068
2019-01-28 09:55,3091
2019-01-28 10:00,3104
2019-01-28 10:05,3107
2019-01-28 10:10,3126
2019-01-28 10:15,3145
2019-01-28 10:20,3214
2019-01-28 10:25,3229
2019-01-28 10:30,3268
2019-01-28 10:35,3260
2019-01-28 10:40,3321
2019-01-28 10:45,3341
2019-01-28 10:50,3371
2019-01-28 10:55,3353
2019-01-28 11:00,3383
2019-01-28 11:05,3371
2019-01-28 11:10,3414
2019-01-28 11:15,3444
2019-01-28 11:20,3480
2019-01-28 11:25,3516
2019-01-28 11:30,3525
2019-01-28 11:35,3584
2019-01-28 11:40,3650
2019-01-28 11:45,3684
2019-01-28 11:50,3720
2019-01-28 11:55,3799
2019-01-28 12:00,3830
2019-01-28 12:05,3879
2019-01-28 12:10,3930
2019-01-28 12:15,3947
2019-01-28 12:20,4006
2019-01-28 12:25,4038
2019-01-28 12:30,4078
2019-01-28 12:35,4131
2019-01-28 12:40,4147
2019-01-28 12:45,4203
2019-01-28 12:50,4217
2019-01-28 12:55,4246
2019-01-28 13:00,4320
2019-01-28 13:05,4360
2019-01-28 13:10,4405
2019-01-28 13:15,4486
2019-01-28 13:20,4571
2019-01-28 13:25,4604
2019-01-28 13:30,4711
2019-01-28 13:35,4743
2019-01-28 13:40,4797
2019-01-28 13:45,4861
2019-01-28 13:50,4969
2019-01-28 13:55,5012
2019-01-28 14:00,4998
2019-01-28 14:05,5074
2019-01-28 14:10,5138
2019-01-28 14:15,5182
2019-01-28 14:20,5244
2019-01-28 14:25,5355
2019-01-28 14:30,5417
2019-01-28 14:35,5470
2019-01-28 14:40,5512
2019-01-28 14:45,5592
2019-01-28 14:50,5684
2019-01-28 14:55,5789
2019-01-28 15:00,5832
2019-01-28 15:05,5905
2019-01-28 15:10,5907
2019-01-28 15:15,5855
2019-01-28 15:20,6000
2019-01-28 15:25,6147
2019-01-28 15:30,6254
2019-01-28 15:35,6368
2019-01-28 15:40,6428
2019-01-28 15:45,6471
2019-01-28 15:50,6545
2019-01-28 15:55,6590
2019-01-28 16:00,6666
2019-01-28 16:05,6717
2019-01-28 16:10,6760
2019-01-28 16:15,6778
2019-01-28 16:20,6839
2019-01-28 16:25,6825
2019-01-28 16:30,6985
2019-01-28 16:35,7074
2019-01-28 16:40,7112
2019-01-28 16:45,7140
2019-01-28 16:50,7219
2019-01-28 16:55,7296
2019-01-28 17:00,7357
2019-01-28 17:05,7458
2019-01-28 17:10,7543
2019-01-28 17:15,7618
2019-01-28 17:20,7674
2019-01-28 17:25,7737
2019-01-28 17:30,7816
2019-01-28 17:35,7942
2019-01-28 17:40,8068
2019-01-28 17:45,8145
2019-01-28 17:50,8184
2019-01-28 17:55,8241
2019-01-28 18:00,8299
2019-01-28 18:05,8341
2019-01-28 18:10,8406
2019-01-28 18:15,8445
2019-01-28 18:20,8488
2019-01-28 18:25,8559
2019-01-28 18:30,8670
2019-01-28 18:35,8742
2019-01-28 18:40,8919
2019-01-28 18:45,8960
2019-01-28 18:50,9021
2019-01-28 18:55,9154
2019-01-28 19:00,9169
2019-01-28 19:05,9196
2019-01-28 19:10,9205
2019-01-28 19:15,9291
2019-01-28 19:20,9327
2019-01-28 19:25,9456
2019-01-28 19:30,9550
2019-01-28 19:35,9561
2019-01-28 19:40,9609
2019-01-28 19:45,9595
2019-01-28 19:50,9633
2019-01-28 19:55,9621
2019-01-28 20:00,9614
2019-01-28 20:05,9641
2019-01-28 20:10,9629
2019-01-28 20:15,9618
2019-01-28 20:20,9658
2019-01-28 20:25,9685
2019-01-28 20:30,9761
2019-01-28 20:35,9730
2019-01-28 20:40,9694
2019-01-28 20:45,9701
2019-01-28 20:50,9721
2019-01-28 20:55,9757
2019-01-28 21:00,9659
2019-01-28 21:05,9649
2019-01-28 21:10,9613
2019-01-28 21:15,9561
2019-01-28 21:20,9524
2019-01-28 21:25,9532
2019-01-28 21:30,9529
2019-01-28 21:35,9514
2019-01-28 21:40,9469
2019-01-28 21:45,9406
2019-01-28 21:50,9285
2019-01-28 21:55,9248
2019-01-28 22:00,9248
2019-01-28 22:05,9147
2019-01-28 22:10,9104
2019-01-28 22:15,9013
2019-01-28 22:20,8950
2019-01-28 22:25,8922
2019-01-28 22:30,8870
2019-01-28 22:35,8741
2019-01-28 22:40,8691
2019-01-28 22:45,8638
2019-01-28 22:50,8556
2019-01-28 22:55,8513
2019-01-28 23:00,8471
2019-01-28 23:05,8402
2019-01-28 23:10,8321
2019-01-28 23:15,8352
2019-01-28 23:20,8280
2019-01-28 23:25,8259
2019-01-28 23:30,8276
2019-01-28 23:35,8223
2019-01-28 23:40,8186
2019-01-28 23:45,8178
2019-01-28 23:50,8134
2019-01-28 23:55,8152
2019-01-29 00:00,8048
2019-01-29 00:05,8032
2019-01-29 00:10,7970
2019-01-29 00:15,7897
2019-01-29 00:20,7896
2019-01-29 00:25,7837
2019-01-29 00:30,7854
2019-01-29 00:35,7795
2019-01-29 00:40,7815
2019-01-29 00:45,7801
2019-01-29 00:50,7740
2019-01-29 00:55,7731
2019-01-29 01:00,7743
2019-01-29 01:05,7714
2019-01-29 01:10,7742
2019-01-29 01:15,7592
2019-01-29 01:20,7553
2019-01-29 01:25,7512
2019-01-29 01:30,7478
2019-01-29 01:35,7465
2019-01-29 01:40,7438
2019-01-29 01:45,7542
2019-01-29 01:50,7570
2019-01-29 01:55,7566
2019-01-29 02:00,7607
2019-01-29 02:05,7618
2019-01-29 02:10,7640
2019-01-29 02:15,7604
2019-01-29 02:20,7583
2019-01-29 02:25,7594
2019-01-29 02:30,7587
2019-01-29 02:35,7629
2019-01-29 02:40,7622
2019-01-29 02:45,7642
2019-01-29 02:50,7627
2019-01-29 02:55,7515
2019-01-29 03:00,7479
2019-01-29 03:05,7411
2019-01-29 03:10,7412
2019-01-29 03:15,7371
2019-01-29 03:20,7282
2019-01-29 03:25,7226
2019-01-29 03:30,7142
2019-01-29 03:35,7086
2019-01-29 03:40,7037
2019-01-29 03:45,6978
2019-01-29 03:50,6859
2019-01-29 03:55,6770
2019-01-29 04:00,6680
2019-01-29 04:05,6589
2019-01-29 04:10,6517
2019-01-29 04:15,6468
2019-01-29 04:20,6386
2019-01-29 04:25,6278
2019-01-29 04:30,6154
2019-01-29 04:35,6054
2019-01-29 04:40,5948
2019-01-29 04:45,5872
2019-01-29 04:50,5806
2019-01-29 04:55,5741
2019-01-29 05:00,5585
2019-01-29 05:05,5521
2019-01-29 05:10,5452
2019-01-29 05:15,5397
2019-01-29 05:20,5274
2019-01-29 05:25,5177
2019-01-29 05:30,5100
2019-01-29 05:35,5012
2019-01-29 05:40,4944
2019-01-29 05:45,4866
2019-01-29 05:50,4770
2019-01-29 05:55,4710
2019-01-29 06:00,4630
2019-01-29 06:05,4542
2019-01-29 06:10,4438
2019-01-29 06:15,4348
2019-01-29 06:20,4273
2019-01-29 06:25,4223
2019-01-29 06:30,4127
2019-01-29 06:35,4027
2019-01-29 06:40,3965
2019-01-29 06:45,3898
2019-01-29 06:50,3869
2019-01-29 06:55,3796
2019-01-29 07:00,3707
2019-01-29 07:05,3638
2019-01-29 07:10,3566
2019-01-29 07:15,3520
2019-01-29 07:20,3461
2019-01-29 07:25,3410
2019-01-29 07:30,3363
2019-01-29 07:35,3300
2019-01-29 07:40,3285
2019-01-29 07:45,3234
2019-01-29 07:50,3177
2019-01-29 07:55,3129
2019-01-29 08:00,3092
2019-01-29 08:05,3056
2019-01-29 08:10,3022
2019-01-29 08:15,2991
2019-01-29 08:20,2968
2019-01-29 08:25,2972
2019-01-29 08:30,2960
2019-01-29 08:35,2928
2019-01-29 08:40,2937
2019-01-29 08:45,2897
2019-01-29 08:50,2891
2019-01-29 08:55,2909
2019-01-29 09:00,2910
2019-01-29 09:05,2916
2019-01-29 09:10,2934
2019-01-29 09:15,2940
2019-01-29 09:20,2971
2019-01-29 09:25,2969
2019-01-29 09:30,2979
2019-01-29 09:35,3015
2019-01-29 09:40,3048
2019-01-29 09:45,3037
2019-01-29 09:50,
2019-01-29 09:55,3088
2019-01-29 10:00,3115
2019-01-29 10:05,3107
2019-01-29 10:10,3085
2019-01-29 10:15,3149
2019-01-29 10:20,3170
2019-01-29 10:25,3181
2019-01-29 10:30,3197
2019-01-29 10:35,3219
2019-01-29 10:40,3253
2019-01-29 10:45,3287
2019-01-29 10:50,3347
2019-01-29 10:55,3360
2019-01-29 11:00,3437
2019-01-29 11:05,3424
2019-01-29 11:10,3470
2019-01-29 11:15,3538
2019-01-29 11:20,3592
2019-01-29 11:25,3563
2019-01-29 11:30,3517
2019-01-29 11:35,3447
2019-01-29 11:40,3464
2019-01-29 11:45,3619
2019-01-29 11:50,3722
2019-01-29 11:55,3780
2019-01-29 12:00,3853
2019-01-29 12:05,3919
2019-01-29 12:10,3949
2019-01-29 12:15,3984
2019-01-29 12:20,4023
2019-01-29 12:25,4106
2019-01-29 12:30,4155
2019-01-29 12:35,4170
2019-01-29 12:40,4198
2019-01-29 12:45,4219
2019-01-29 12:50,4278
2019-01-29 12:55,4320
2019-01-29 13:00,4358
2019-01-29 13:05,4412
2019-01-29 13:10,4444
2019-01-29 13:15,4522
2019-01-29 13:20,4640
2019-01-29 13:25,4644
2019-01-29 13:30,4716
2019-01-29 13:35,4733
2019-01-29 13:40,4777
2019-01-29 13:45,4855
2019-01-29 13:50,4952
2019-01-29 13:55,5035
2019-01-29 14:00,5088
2019-01-29 14:05,5110
2019-01-29 14:10,5166
2019-01-29 14:15,5192
2019-01-29 14:20,5223
2019-01-29 14:25,5255
2019-01-29 14:30,5333
2019-01-29 14:35,5427
2019-01-29 14:40,5510
2019-01-29 14:45,5614
2019-01-29 14:50,5697
2019-01-29 14:55,5728
2019-01-29 15:00,5787
2019-01-29 15:05,5865
2019-01-29 15:10,5889
2019-01-29 15:15,5967
2019-01-29 15:20,6071
2019-01-29 15:25,6135
2019-01-29 15:30,6187
2019-01-29 15:35,6265
2019-01-29 15:40,6343
2019-01-29 15:45,6412
2019-01-29 15:50,6507
2019-01-29 15:55,6532
2019-01-29 16:00,6638
2019-01-29 16:05,6760
2019-01-29 16:10,6824
2019-01-29 16:15,6909
2019-01-29 16:20,6980
2019-01-29 16:25,7068
2019-01-29 16:30,7125
2019-01-29 16:35,7197
2019-01-29 16:40,7267
2019-01-29 16:45,7325
2019-01-29 16:50,7418
2019-01-29 16:55,7487
2019-01-29 17:00,7609
2019-01-29 17:05,7607
2019-01-29 17:10,7630
2019-01-29 17:15,7690
2019-01-29 17:20,7760
2019-01-29 17:25,7870
2019-01-29 17:30,7924
2019-01-29 17:35,8052
2019-01-29 17:40,8142
2019-01-29 17:45,8206
2019-01-29 17:50,8279
2019-01-29 17:55,8360
2019-01-29 18:00,8473
2019-01-29 18:05,8593
2019-01-29 18:10,8670
2019-01-29 18:15,8772
2019-01-29 18:20,8850
2019-01-29 18:25,8940
2019-01-29 18:30,9060
2019-01-29 18:35,9121
2019-01-29 18:40,9174
2019-01-29 18:45,9246
2019-01-29 18:50,9211
2019-01-29 18:55,9274
2019-01-29 19:00,9292
2019-01-29 19:05,9302
2019-01-29 19:10,9270
2019-01-29 19:15,9375
2019-01-29 19:20,9453
2019-01-29 19:25,9537
2019-01-29 19:30,9485
2019-01-29 19:35,9547
2019-01-29 19:40,9533
2019-01-29 19:45,9593
2019-01-29 19:50,9644
2019-01-29 19:55,9687
2019-01-29 20:00,9666
2019-01-29 20:05,9684
2019-01-29 20:10,9743
2019-01-29 20:15,9706
2019-01-29 20:20,9700
2019-01-29 20:25,9719
2019-01-29 20:30,9716
2019-01-29 20:35,9736
2019-01-29 20:40,9771
2019-01-29 20:45,9799
2019-01-29 20:50,9804
2019-01-29 20:55,9747
2019-01-29 21:00,9750
2019-01-29 21:05,9768
2019-01-29 21:10,9683
2019-01-29 21:15,9676
2019-01-29 21:20,9608
2019-01-29 21:25,9592
2019-01-29 21:30,9548
2019-01-29 21:35,9465
2019-01-29 21:40,9395
2019-01-29 21:45,9332
2019-01-29 21:50,9360
2019-01-29 21:55,9343
2019-01-29 22:00,9309
2019-01-29 22:05,9200
2019-01-29 22:10,9120
2019-01-29 22:15,9017
2019-01-29 22:20,8935
2019-01-29 22:25,8950
2019-01-29 22:30,8977
2019-01-29 22:35,8909
2019-01-29 22:40,8850
2019-01-29 22:45,8778
2019-01-29 22:50,8634
2019-01-29 22:55,8558
2019-01-29 23:00,8497
2019-01-29 23:05,8494
2019-01-29 23:10,8440
2019-01-29 23:15,8339
2019-01-29 23:20,8259
2019-01-29 23:25,8184
2019-01-29 23:30,8159
2019-01-29 23:35,8150
2019-01-29 23:40,
2019-01-29 23:45,
2019-01-29 23:50,7537
2019-01-29 23:55,7967
2019-01-30 00:00,7957
2019-01-30 00:05,7899
2019-01-30 00:10,7833
2019-01-30 00:15,7840
2019-01-30 00:20,7756
2019-01-30 00:25,7672
2019-01-30 00:30,7629
2019-01-30 00:35,7661
2019-01-30 00:40,7627
2019-01-30 00:45,7632
2019-01-30 00:50,7646
2019-01-30 00:55,7689
2019-01-30 01:00,7672
2019-01-30 01:05,7660
2019-01-30 01:10,7630
2019-01-30 01:15,7618
2019-01-30 01:20,7620
2019-01-30 01:25,7657
2019-01-30 01:30,7701
2019-01-30 01:35,7717
2019-01-30 01:40,7787
2019-01-30 01:45,7762
2019-01-30 01:50,7776
2019-01-30 01:55,7729
2019-01-30 02:00,7738
2019-01-30 02:05,7743
2019-01-30 02:10,7694
2019-01-30 02:15,7691
2019-01-30 02:20,7677
2019-01-30 02:25,7667
2019-01-30 02:30,7626
2019-01-30 02:35,7588
2019-01-30 02:40,7594
2019-01-30 02:45,7544
2019-01-30 02:50,7544
2019-01-30 02:55,7494
2019-01-30 03:00,7470
2019-01-30 03:05,7420
2019-01-30 03:10,7327
2019-01-30 03:15,7234
2019-01-30 03:20,7153
2019-01-30 03:25,7087
2019-01-30 03:30,7052
2019-01-30 03:35,7036
2019-01-30 03:40,6963
2019-01-30 03:45,6878
2019-01-30 03:50,6801
2019-01-30 03:55,6735
2019-01-30 04:00,6700
2019-01-30 04:05,6615
2019-01-30 04:10,6499
2019-01-30 04:15,6392
2019-01-30 04:20,6322
2019-01-30 04:25,6230
2019-01-30 04:30,6165
2019-01-30 04:35,6064
2019-01-30 04:40,5992
2019-01-30 04:45,5931
2019-01-30 04:50,5872
2019-01-30 04:55,5810
2019-01-30 05:00,5702
2019-01-30 05:05,5616
2019-01-30 05:10,5517
2019-01-30 05:15,5422
2019-01-30 05:20,5369
2019-01-30 05:25,5272
2019-01-30 05:30,5209
2019-01-30 05:35,5158
2019-01-30 05:40,5081
2019-01-30 05:45,5014
2019-01-30 05:50,4957
2019-01-30 05:55,4855
2019-01-30 06:00,4767
2019-01-30 06:05,4676
2019-01-30 06:10,4622
2019-01-30 06:15,4530
2019-01-30 06:20,4418
2019-01-30 06:25,4365
2019-01-30 06:30,4278
2019-01-30 06:35,4239
2019-01-30 06:40,4170
2019-01-30 06:45,4059
2019-01-30 06:50,3936
2019-01-30 06:55,3880
2019-01-30 07:00,3813
2019-01-30 07:05,3754
2019-01-30 07:10,3699
2019-01-30 07:15,3640
2019-01-30 07:20,3579
2019-01-30 07:25,3553
2019-01-30 07:30,3518
2019-01-30 07:35,3487
2019-01-30 07:40,3417
2019-01-30 07:45,3396
2019-01-30 07:50,3374
2019-01-30 07:55,3333
2019-01-30 08:00,3282
2019-01-30 08:05,3269
2019-01-30 08:10,3251
2019-01-30 08:15,3252
2019-01-30 08:20,3235
2019-01-30 08:25,3204
2019-01-30 08:30,3185
2019-01-30 08:35,3152
2019-01-30 08:40,3147
2019-01-30 08:45,3074
2019-01-30 08:50,3071
2019-01-30 08:55,3068
2019-01-30 09:00,3044
2019-01-30 09:05,3061
2019-01-30 09:10,3082
2019-01-30 09:15,3124
2019-01-30 09:20,3092
2019-01-30 09:25,3122
2019-01-30 09:30,3154
2019-01-30 09:35,3161
2019-01-30 09:40,3155
2019-01-30 09:45,3173
2019-01-30 09:50,3172
2019-01-30 09:55,3167
2019-01-30 10:00,3184
2019-01-30 10:05,3234
2019-01-30 10:10,3231
2019-01-30 10:15,3209
2019-01-30 10:20,3250
2019-01-30 10:25,3256
2019-01-30 10:30,3273
2019-01-30 10:35,3345
2019-01-30 10:40,3351
2019-01-30 10:45,3362
2019-01-30 10:50,3420
2019-01-30 10:55,3450
2019-01-30 11:00,3472
2019-01-30 11:05,3465
2019-01-30 11:10,3499
2019-01-30 11:15,3570
2019-01-30 11:20,3604
2019-01-30 11:25,3624
2019-01-30 11:30,3689
2019-01-30 11:35,3746
2019-01-30 11:40,3771
2019-01-30 11:45,3785
2019-01-30 11:50,3852
2019-01-30 11:55,3903
2019-01-30 12:00,3917
2019-01-30 12:05,3936
2019-01-30 12:10,3981
2019-01-30 12:15,4013
2019-01-30 12:20,4055
2019-01-30 12:25,4104
2019-01-30 12:30,4158
2019-01-30 12:35,4173
2019-01-30 12:40,4233
2019-01-30 12:45,4247
2019-01-30 12:50,4303
2019-01-30 12:55,4342
2019-01-30 13:00,4374
2019-01-30 13:05,4404
2019-01-30 13:10,4461
2019-01-30 13:15,4481
2019-01-30 13:20,4540
2019-01-30 13:25,4586
2019-01-30 13:30,4598
2019-01-30 13:35,4629
2019-01-30 13:40,4664
2019-01-30 13:45,4751
2019-01-30 13:50,4774
2019-01-30 13:55,4877
2019-01-30 14:00,4942
2019-01-30 14:05,5047
2019-01-30 14:10,5099
2019-01-30 14:15,5140
2019-01-30 14:20,5208
2019-01-30 14:25,5304
2019-01-30 14:30,5407
2019-01-30 14:35,5480
2019-01-30 14:40,5572
2019-01-30 14:45,5697
2019-01-30 14:50,5786
2019-01-30 14:55,5904
2019-01-30 15:00,6002
2019-01-30 15:05,6054
2019-01-30 15:10,6061
2019-01-30 15:15,6165
2019-01-30 15:20,6233
2019-01-30 15:25,6319
2019-01-30 15:30,6323
2019-01-30 15:35,6349
2019-01-30 15:40,6444
2019-01-30 15:45,6510
2019-01-30 15:50,6583
2019-01-30 15:55,6677
2019-01-30 16:00,6737
2019-01-30 16:05,6809
2019-01-30 16:10,6769
2019-01-30 16:15,6890
2019-01-30 16:20,6994
2019-01-30 16:25,7063
2019-01-30 16:30,7125
2019-01-30 16:35,7161
2019-01-30 16:40,7240
2019-01-30 16:45,7301
2019-01-30 16:50,7372
2019-01-30 16:55,7449
2019-01-30 17:00,7464
2019-01-30 17:05,7536
2019-01-30 17:10,7548
2019-01-30 17:15,7631
2019-01-30 17:20,7756
2019-01-30 17:25,5190
2019-01-30 17:30,5654
2019-01-30 17:35,7595
2019-01-30 17:40,7864
2019-01-30 17:45,7989
2019-01-30 17:50,8085
2019-01-30 17:55,8179
2019-01-30 18:00,8339
2019-01-30 18:05,8345
2019-01-30 18:10,8393
2019-01-30 18:15,8481
2019-01-30 18:20,8534
2019-01-30 18:25,8613
2019-01-30 18:30,8714
2019-01-30 18:35,8822
2019-01-30 18:40,8816
2019-01-30 18:45,8923
2019-01-30 18:50,9023
2019-01-30 18:55,9089
2019-01-30 19:00,
2019-01-30 19:05,
2019-01-30 19:10,8095
2019-01-30 19:15,8969
2019-01-30 19:20,9286
2019-01-30 19:25,9365
2019-01-30 19:30,9365
2019-01-30 19:35,9466
2019-01-30 19:40,9494
2019-01-30 19:45,9528
2019-01-30 19:50,9561
2019-01-30 19:55,9620
2019-01-30 20:00,9620
2019-01-30 20:05,9685
2019-01-30 20:10,9657
2019-01-30 20:15,9704
2019-01-30 20:20,9770
2019-01-30 20:25,9750
2019-01-30 20:30,9717
2019-01-30 20:35,9667
2019-01-30 20:40,9667
2019-01-30 20:45,9685
2019-01-30 20:50,9645
2019-01-30 20:55,9677
2019-01-30 21:00,9653
2019-01-30 21:05,9616
2019-01-30 21:10,9594
2019-01-30 21:15,9559
2019-01-30 21:20,9511
2019-01-30 21:25,9411
2019-01-30 21:30,9395
2019-01-30 21:35,9370
2019-01-30 21:40,9320
2019-01-30 21:45,9243
2019-01-30 21:50,9155
2019-01-30 21:55,9123
2019-01-30 22:00,9052
2019-01-30 22:05,0
2019-01-30 22:10,
2019-01-30 22:15,0
2019-01-30 22:20,8895
2019-01-30 22:25,8851
2019-01-30 22:30,8761
2019-01-30 22:35,8704
2019-01-30 22:40,8626
2019-01-30 22:45,8483
2019-01-30 22:50,8393
2019-01-30 22:55,8305
2019-01-30 23:00,8298
2019-01-30 23:05,8225
2019-01-30 23:10,8127
2019-01-30 23:15,8120
2019-01-30 23:20,8015
2019-01-30 23:25,8048
2019-01-30 23:30,7985
2019-01-30 23:35,7926
2019-01-30 23:40,7890
2019-01-30 23:45,7827
2019-01-30 23:50,7785
2019-01-30 23:55,7827
2019-01-31 00:00,7787
2019-01-31 00:05,7758
2019-01-31 00:10,7696
2019-01-31 00:15,7619
2019-01-31 00:20,7613
2019-01-31 00:25,7607
2019-01-31 00:30,7637
2019-01-31 00:35,7618
2019-01-31 00:40,7664
2019-01-31 00:45,7684
2019-01-31 00:50,7692
2019-01-31 00:55,7712
2019-01-31 01:00,7707
2019-01-31 01:05,7672
2019-01-31 01:10,7672
2019-01-31 01:15,7678
2019-01-31 01:20,7663
2019-01-31 01:25,7669
2019-01-31 01:30,7678
2019-01-31 01:35,7594
2019-01-31 01:40,7605
2019-01-31 01:45,7628
2019-01-31 01:50,7589
2019-01-31 01:55,7636
2019-01-31 02:00,7576
2019-01-31 02:05,7600
2019-01-31 02:10,7612
2019-01-31 02:15,7564
2019-01-31 02:20,7584
2019-01-31 02:25,7546
2019-01-31 02:30,7545
2019-01-31 02:35,7566
2019-01-31 02:40,7505
2019-01-31 02:45,7559
2019-01-31 02:50,7573
2019-01-31 02:55,7533
2019-01-31 03:00,7480
2019-01-31 03:05,7490
2019-01-31 03:10,7434
2019-01-31 03:15,7391
2019-01-31 03:20,7309
2019-01-31 03:25,7229
2019-01-31 03:30,7171
2019-01-31 03:35,7119
2019-01-31 03:40,7097
2019-01-31 03:45,7006
2019-01-31 03:50,6954
2019-01-31 03:55,6857
2019-01-31 04:00,6785
2019-01-31 04:05,6761
2019-01-31 04:10,6701
2019-01-31 04:15,6628
2019-01-31 04:20,6513
2019-01-31 04:25,6437
2019-01-31 04:30,6381
2019-01-31 04:35,6291
2019-01-31 04:40,6191
2019-01-31 04:45,6066
2019-01-31 04:50,5988
2019-01-31 04:55,5891
2019-01-31 05:00,5783
2019-01-31 05:05,5725
2019-01-31 05:10,5614
2019-01-31 05:15,5534
2019-01-31 05:20,5430
2019-01-31 05:25,5332
2019-01-31 05:30,5257
2019-01-31 05:35,5180
2019-01-31 05:40,5074
2019-01-31 05:45,5009
2019-01-31 05:50,4980
2019-01-31 05:55,4941
2019-01-31 06:00,4802
2019-01-31 06:05,4714
2019-01-31 06:10,4638
2019-01-31 06:15,4522
2019-01-31 06:20,4492
2019-01-31 06:25,4424
2019-01-31 06:30,4349
2019-01-31 06:35,4259
2019-01-31 06:40,4158
2019-01-31 06:45,4107
2019-01-31 06:50,4012
2019-01-31 06:55,3915
2019-01-31 07:00,3870
2019-01-31 07:05,3781
2019-01-31 07:10,3689
2019-01-31 07:15,3658
2019-01-31 07:20,3582
2019-01-31 07:25,3515
2019-01-31 07:30,3464
2019-01-31 07:35,3401
2019-01-31 07:40,3371
2019-01-31 07:45,3326
2019-01-31 07:50,3295
2019-01-31 07:55,3251
2019-01-31 08:00,3221
2019-01-31 08:05,3206
2019-01-31 08:10,3166
2019-01-31 08:15,3153
2019-01-31 08:20,3125
2019-01-31 08:25,3093
2019-01-31 08:30,3067
2019-01-31 08:35,3083
2019-01-31 08:40,3061
2019-01-31 08:45,3061
2019-01-31 08:50,3025
2019-01-31 08:55,3027
2019-01-31 09:00,3018
2019-01-31 09:05,2975
2019-01-31 09:10,3013
2019-01-31 09:15,3029
2019-01-31 09:20,3092
2019-01-31 09:25,3102
2019-01-31 09:30,3101
2019-01-31 09:35,3099
2019-01-31 09:40,3103
2019-01-31 09:45,3097
2019-01-31 09:50,3108
2019-01-31 09:55,3139
2019-01-31 10:00,3159
2019-01-31 10:05,3181
2019-01-31 10:10,3223
2019-01-31 10:15,3224
2019-01-31 10:20,3252
2019-01-31 10:25,3249
2019-01-31 10:30,3298
2019-01-31 10:35,3297
2019-01-31 10:40,3356
2019-01-31 10:45,3385
2019-01-31 10:50,3421
2019-01-31 10:55,3437
2019-01-31 11:00,3445
2019-01-31 11:05,3495
2019-01-31 11:10,3490
2019-01-31 11:15,3509
2019-01-31 11:20,3520
2019-01-31 11:25,3514
2019-01-31 11:30,3546
2019-01-31 11:35,3556
2019-01-31 11:40,3625
2019-01-31 11:45,3672
2019-01-31 11:50,3676
2019-01-31 11:55,3734
2019-01-31 12:00,3801
2019-01-31 12:05,3822
2019-01-31 12:10,3859
2019-01-31 12:15,3874
2019-01-31 12:20,3928
2019-01-31 12:25,3969
2019-01-31 12:30,4059
2019-01-31 12:35,4135
2019-01-31 12:40,4195
2019-01-31 12:45,4245
2019-01-31 12:50,4272
2019-01-31 12:55,4349
2019-01-31 13:00,4398
2019-01-31 13:05,4460
2019-01-31 13:10,4468
2019-01-31 13:15,4546
2019-01-31 13:20,4533
2019-01-31 13:25,4613
2019-01-31 13:30,4676
2019-01-31 13:35,4698
2019-01-31 13:40,4764
2019-01-31 13:45,4807
2019-01-31 13:50,4875
2019-01-31 13:55,4962
2019-01-31 14:00,5095
2019-01-31 14:05,5128
2019-01-31 14:10,5148
2019-01-31 14:15,5183
2019-01-31 14:20,5215
2019-01-31 14:25,5282
2019-01-31 14:30,5336
2019-01-31 14:35,5378
2019-01-31 14:40,5455
2019-01-31 14:45,5513
2019-01-31 14:50,5611
2019-01-31 14:55,5720
2019-01-31 15:00,5773
2019-01-31 15:05,5850
2019-01-31 15:10,5885
2019-01-31 15:15,5953
2019-01-31 15:20,6070
2019-01-31 15:25,6037
2019-01-31 15:30,6094
2019-01-31 15:35,6184
2019-01-31 15:40,6265
2019-01-31 15:45,6327
2019-01-31 15:50,6388
2019-01-31 15:55,6478
2019-01-31 16:00,6513
2019-01-31 16:05,6593
2019-01-31 16:10,6673
2019-01-31 16:15,6675
2019-01-31 16:20,6728
2019-01-31 16:25,6694
2019-01-31 16:30,6714
2019-01-31 16:35,6770
2019-01-31 16:40,6930
2019-01-31 16:45,6998
2019-01-31 16:50,7032
2019-01-31 16:55,7153
2019-01-31 17:00,7203
2019-01-31 17:05,7306
2019-01-31 17:10,7367
2019-01-31 17:15,7405
2019-01-31 17:20,7444
2019-01-31 17:25,7537
2019-01-31 17:30,7600
2019-01-31 17:35,7701
2019-01-31 17:40,7757
2019-01-31 17:45,7826
2019-01-31 17:50,7921
2019-01-31 17:55,7994
2019-01-31 18:00,8046
2019-01-31 18:05,8112
2019-01-31 18:10,8234
2019-01-31 18:15,8273
2019-01-31 18:20,8329
2019-01-31 18:25,8402
2019-01-31 18:30,8470
2019-01-31 18:35,8574
2019-01-31 18:40,8615
2019-01-31 18:45,8729
2019-01-31 18:50,8841
2019-01-31 18:55,8890
2019-01-31 19:00,8944
2019-01-31 19:05,9003
2019-01-31 19:10,9042
2019-01-31 19:15,9059
2019-01-31 19:20,9138
2019-01-31 19:25,9136
2019-01-31 19:30,9206
2019-01-31 19:35,9272
2019-01-31 19:40,9315
2019-01-31 19:45,9383
2019-01-31 19:50,9342
2019-01-31 19:55,9404
2019-01-31 20:00,9375
2019-01-31 20:05,9371
2019-01-31 20:10,9386
2019-01-31 20:15,9439
2019-01-31 20:20,9471
2019-01-31 20:25,9448
2019-01-31 20:30,9413
2019-01-31 20:35,9406
2019-01-31 20:40,9411
2019-01-31 20:45,9416
2019-01-31 20:50,9499
2019-01-31 20:55,9482
2019-01-31 21:00,9426
2019-01-31 21:05,9449
2019-01-31 21:10,9384
2019-01-31 21:15,9383
2019-01-31 21:20,9326
2019-01-31 21:25,9283
2019-01-31 21:30,9198
2019-01-31 21:35,9243
2019-01-31 21:40,9123
2019-01-31 21:45,9068
2019-01-31 21:50,9045
2019-01-31 21:55,8922
2019-01-31 22:00,8905
2019-01-31 22:05,8819
2019-01-31 22:10,8769
2019-01-31 22:15,8720
2019-01-31 22:20,8652
2019-01-31 22:25,8553
2019-01-31 22:30,8476
2019-01-31 22:35,8476
2019-01-31 22:40,8457
2019-01-31 22:45,8348
2019-01-31 22:50,8364
2019-01-31 22:55,8373
2019-01-31 23:00,8306
2019-01-31 23:05,8255
2019-01-31 23:10,8210
2019-01-31 23:15,8171
2019-01-31 23:20,8094
2019-01-31 23:25,8050
2019-01-31 23:30,8007
2019-01-31 23:35,7931
2019-01-31 23:40,7858
2019-01-31 23:45,7769
2019-01-31 23:50,7767
2019-01-31 23:55,7773
2019-02-01 00:00,7716
2019-02-01 00:05,7649
2019-02-01 00:10,7580
2019-02-01 00:15,7544
2019-02-01 00:20,7537
2019-02-01 00:25,7498
2019-02-01 00:30,7500
2019-02-01 00:35,7485
2019-02-01 00:40,7506
2019-02-01 00:45,7533
2019-02-01 00:50,7512
2019-02-01 00:55,7494
2019-02-01 01:00,7531
2019-02-01 01:05,7466
2019-02-01 01:10,7456
2019-02-01 01:15,7435
2019-02-01 01:20,7413
2019-02-01 01:25,7420
2019-02-01 01:30,7383
2019-02-01 01:35,7362
2019-02-01 01:40,7342
2019-02-01 01:45,7367
2019-02-01 01:50,7370
2019-02-01 01:55,7391
2019-02-01 02:00,7344
2019-02-01 02:05,7290
2019-02-01 02:10,7257
2019-02-01 02:15,7227
2019-02-01 02:20,7223
2019-02-01 02:25,7223
2019-02-01 02:30,7173
2019-02-01 02:35,7160
2019-02-01 02:40,7150
2019-02-01 02:45,7085
2019-02-01 02:50,7028
2019-02-01 02:55,6932
2019-02-01 03:00,6937
2019-02-01 03:05,6925
2019-02-01 03:10,6887
2019-02-01 03:15,6844
2019-02-01 03:20,6800
2019-02-01 03:25,6721
2019-02-01 03:30,6648
2019-02-01 03:35,6600
2019-02-01 03:40,6553
2019-02-01 03:45,6516
2019-02-01 03:50,6433
2019-02-01 03:55,6363
2019-02-01 04:00,6305
2019-02-01 04:05,6242
2019-02-01 04:10,6212
2019-02-01 04:15,6130
2019-02-01 04:20,6092
2019-02-01 04:25,5950
2019-02-01 04:30,5866
2019-02-01 04:35,5863
2019-02-01 04:40,5769
2019-02-01 04:45,5733
2019-02-01 04:50,5646
2019-02-01 04:55,5557
2019-02-01 05:00,5487
2019-02-01 05:05,5429
2019-02-01 05:10,5353
2019-02-01 05:15,5301
2019-02-01 05:20,5187
2019-02-01 05:25,5111
2019-02-01 05:30,5032
2019-02-01 05:35,4993
2019-02-01 05:40,4911
2019-02-01 05:45,4881
2019-02-01 05:50,4767
2019-02-01 05:55,4658
2019-02-01 06:00,4557
2019-02-01 06:05,4518
2019-02-01 06:10,4400
2019-02-01 06:15,4352
2019-02-01 06:20,4261
2019-02-01 06:25,4177
2019-02-01 06:30,4144
2019-02-01 06:35,4050
2019-02-01 06:40,3941
2019-02-01 06:45,3835
2019-02-01 06:50,3754
2019-02-01 06:55,3659
2019-02-01 07:00,3573
2019-02-01 07:05,3485
2019-02-01 07:10,3406
2019-02-01 07:15,3333
2019-02-01 07:20,3239
2019-02-01 07:25,3153
2019-02-01 07:30,3062
2019-02-01 07:35,2878
2019-02-01 07:40,2258
2019-02-01 07:45,1829
2019-02-01 07:50,1445
2019-02-01 07:55,1087
2019-02-01 08:00,960
2019-02-01 08:05,795
2019-02-01 08:10,782
2019-02-01 08:15,737
2019-02-01 08:20,747
2019-02-01 08:25,884
2019-02-01 08:30,1067
2019-02-01 08:35,1228
2019-02-01 08:40,1424
2019-02-01 08:45,1572
2019-02-01 08:50,1695
2019-02-01 08:55,1836
2019-02-01 09:00,1919
2019-02-01 09:05,2058
2019-02-01 09:10,2173
2019-02-01 09:15,2297
2019-02-01 09:20,2393
2019-02-01 09:25,2481
2019-02-01 09:30,2558
2019-02-01 09:35,2679
2019-02-01 09:40,2745
2019-02-01 09:45,2797
2019-02-01 09:50,2866
2019-02-01 09:55,2932
2019-02-01 10:00,2989
2019-02-01 10:05,3042
2019-02-01 10:10,3067
2019-02-01 10:15,3114
2019-02-01 10:20,3173
2019-02-01 10:25,3209
2019-02-01 10:30,3290
2019-02-01 10:35,3336
2019-02-01 10:40,3363
2019-02-01 10:45,3416
2019-02-01 10:50,3445
2019-02-01 10:55,3450
2019-02-01 11:00,3463
2019-02-01 11:05,3529
2019-02-01 11:10,3601
2019-02-01 11:15,3626
2019-02-01 11:20,3656
2019-02-01 11:25,3696
2019-02-01 11:30,3739
2019-02-01 11:35,3770
2019-02-01 11:40,3804
2019-02-01 11:45,3844
2019-02-01 11:50,3897
2019-02-01 11:55,3941
2019-02-01 12:00,3969
2019-02-01 12:05,4029
2019-02-01 12:10,4083
2019-02-01 12:15,4125
2019-02-01 12:20,4212
2019-02-01 12:25,4237
2019-02-01 12:30,4338
2019-02-01 12:35,4324
2019-02-01 12:40,4393
2019-02-01 12:45,4384
2019-02-01 12:50,4438
2019-02-01 12:55,4498
2019-02-01 13:00,4552
2019-02-01 13:05,4590
2019-02-01 13:10,4685
2019-02-01 13:15,4708
2019-02-01 13:20,4756
2019-02-01 13:25,4756
2019-02-01 13:30,4775
2019-02-01 13:35,4828
2019-02-01 13:40,4879
2019-02-01 13:45,4908
2019-02-01 13:50,4936
2019-02-01 13:55,4972
2019-02-01 14:00,5076
2019-02-01 14:05,5155
2019-02-01 14:10,5224
2019-02-01 14:15,5329
2019-02-01 14:20,5461
2019-02-01 14:25,5471
2019-02-01 14:30,5540
2019-02-01 14:35,5598
2019-02-01 14:40,5679
2019-02-01 14:45,5736
2019-02-01 14:50,5813
2019-02-01 14:55,5856
2019-02-01 15:00,5927
2019-02-01 15:05,5982
2019-02-01 15:10,6039
2019-02-01 15:15,6058
2019-02-01 15:20,6105
2019-02-01 15:25,6153
2019-02-01 15:30,6210
2019-02-01 15:35,6246
2019-02-01 15:40,6360
2019-02-01 15:45,6449
2019-02-01 15:50,6472
2019-02-01 15:55,6541
2019-02-01 16:00,6584
2019-02-01 16:05,6687
2019-02-01 16:10,6713
2019-02-01 16:15,6734
2019-02-01 16:20,6806
2019-02-01 16:25,6865
2019-02-01 16:30,6963
2019-02-01 16:35,7054
2019-02-01 16:40,7055
2019-02-01 16:45,7117
2019-02-01 16:50,7147
2019-02-01 16:55,7206
2019-02-01 17:00,7198
2019-02-01 17:05,7235
2019-02-01 17:10,7325
2019-02-01 17:15,7353
2019-02-01 17:20,7433
2019-02-01 17:25,7514
2019-02-01 17:30,7551
2019-02-01 17:35,7611
2019-02-01 17:40,7673
2019-02-01 17:45,7705
2019-02-01 17:50,7771
2019-02-01 17:55,7810
2019-02-01 18:00,7817
2019-02-01 18:05,7838
2019-02-01 18:10,7857
2019-02-01 18:15,7899
2019-02-01 18:20,7938
2019-02-01 18:25,8000
2019-02-01 18:30,8050
2019-02-01 18:35,8003
2019-02-01 18:40,8135
2019-02-01 18:45,8172
2019-02-01 18:50,8234
2019-02-01 18:55,8335
2019-02-01 19:00,8363
2019-02-01 19:05,8346
2019-02-01 19:10,8416
2019-02-01 19:15,8480
2019-02-01 19:20,8530
2019-02-01 19:25,8505
2019-02-01 19:30,8588
2019-02-01 19:35,8628
2019-02-01 19:40,8717
2019-02-01 19:45,8719
2019-02-01 19:50,8816
2019-02-01 19:55,8846
2019-02-01 20:00,8964
2019-02-01 20:05,9077
2019-02-01 20:10,9066
2019-02-01 20:15,9135
2019-02-01 20:20,9104
2019-02-01 20:25,9125
2019-02-01 20:30,9214
2019-02-01 20:35,9270
2019-02-01 20:40,9340
2019-02-01 20:45,9421
2019-02-01 20:50,9419
2019-02-01 20:55,9449
2019-02-01 21:00,9469
2019-02-01 21:05,9509
2019-02-01 21:10,9529
2019-02-01 21:15,9493
2019-02-01 21:20,9528
2019-02-01 21:25,9487
2019-02-01 21:30,9479
2019-02-01 21:35,9541
2019-02-01 21:40,9571
2019-02-01 21:45,9558
2019-02-01 21:50,9559
2019-02-01 21:55,9540
2019-02-01 22:00,9531
2019-02-01 22:05,9439
2019-02-01 22:10,9429
2019-02-01 22:15,9408
2019-02-01 22:20,9392
2019-02-01 22:25,9346
2019-02-01 22:30,9329
2019-02-01 22:35,9252
2019-02-01 22:40,9159
2019-02-01 22:45,9152
2019-02-01 22:50,9105
2019-02-01 22:55,8966
2019-02-01 23:00,8935
2019-02-01 23:05,8857
2019-02-01 23:10,8799
2019-02-01 23:15,8686
2019-02-01 23:20,8596
2019-02-01 23:25,8538
2019-02-01 23:30,8451
2019-02-01 23:35,8476
2019-02-01 23:40,8403
2019-02-01 23:45,8373
2019-02-01 23:50,8292
2019-02-01 23:55,8192
2019-02-02 00:00,8183
2019-02-02 00:05,8158
2019-02-02 00:10,8125
2019-02-02 00:15,8076
2019-02-02 00:20,8041
2019-02-02 00:25,8006
2019-02-02 00:30,7920
2019-02-02 00:35,7873
2019-02-02 00:40,7826
2019-02-02 00:45,7797
2019-02-02 00:50,7709
2019-02-02 00:55,7683
2019-02-02 01:00,7656
2019-02-02 01:05,7566
2019-02-02 01:10,7552
2019-02-02 01:15,7518
2019-02-02 01:20,7540
2019-02-02 01:25,7505
2019-02-02 01:30,7525
2019-02-02 01:35,7463
2019-02-02 01:40,7380
2019-02-02 01:45,7394
2019-02-02 01:50,7387
2019-02-02 01:55,7389
2019-02-02 02:00,7441
2019-02-02 02:05,7367
2019-02-02 02:10,7378
2019-02-02 02:15,7449
2019-02-02 02:20,7416
2019-02-02 02:25,7353
2019-02-02 02:30,7344
2019-02-02 02:35,7321
2019-02-02 02:40,7303
2019-02-02 02:45,7225
2019-02-02 02:50,7355
2019-02-02 02:55,7387
2019-02-02 03:00,7433
2019-02-02 03:05,7432
2019-02-02 03:10,7426
2019-02-02 03:15,7427
2019-02-02 03:20,7423
2019-02-02 03:25,7448
2019-02-02 03:30,7425
2019-02-02 03:35,7335
2019-02-02 03:40,7330
2019-02-02 03:45,7299
2019-02-02 03:50,7260
2019-02-02 03:55,7256
2019-02-02 04:00,7208
2019-02-02 04:05,7163
2019-02-02 04:10,7126
2019-02-02 04:15,7075
2019-02-02 04:20,7000
2019-02-02 04:25,6903
2019-02-02 04:30,6852
2019-02-02 04:35,6814
2019-02-02 04:40,6701
2019-02-02 04:45,6668
2019-02-02 04:50,6629
2019-02-02 04:55,6559
2019-02-02 05:00,6495
2019-02-02 05:05,6447
2019-02-02 05:10,6348
2019-02-02 05:15,6294
2019-02-02 05:20,6215
2019-02-02 05:25,6136
2019-02-02 05:30,6089
2019-02-02 05:35,6039
2019-02-02 05:40,5971
2019-02-02 05:45,5949
2019-02-02 05:50,5881
2019-02-02 05:55,5766
2019-02-02 06:00,5654
2019-02-02 06:05,5567
2019-02-02 06:10,5515
2019-02-02 06:15,5445
2019-02-02 06:20,5393
2019-02-02 06:25,5350
2019-02-02 06:30,5285
2019-02-02 06:35,5216
2019-02-02 06:40,5126
2019-02-02 06:45,5074
2019-02-02 06:50,5033
2019-02-02 06:55,4982
2019-02-02 07:00,4905
2019-02-02 07:05,4883
2019-02-02 07:10,4830
2019-02-02 07:15,4739
2019-02-02 07:20,4691
2019-02-02 07:25,4667
2019-02-02 07:30,4574
2019-02-02 07:35,4541
2019-02-02 07:40,4476
2019-02-02 07:45,4436
2019-02-02 07:50,4361
2019-02-02 07:55,4300
2019-02-02 08:00,4243
2019-02-02 08:05,4221
2019-02-02 08:10,4172
2019-02-02 08:15,4169
2019-02-02 08:20,4105
2019-02-02 08:25,4060
2019-02-02 08:30,3985
2019-02-02 08:35,3943
2019-02-02 08:40,3897
2019-02-02 08:45,3868
2019-02-02 08:50,3856
2019-02-02 08:55,3836
2019-02-02 09:00,3816
2019-02-02 09:05,3805
2019-02-02 09:10,3827
2019-02-02 09:15,3848
2019-02-02 09:20,3853
2019-02-02 09:25,3905
2019-02-02 09:30,3963
2019-02-02 09:35,3944
2019-02-02 09:40,3964
2019-02-02 09:45,3972
2019-02-02 09:50,4024
2019-02-02 09:55,4048
2019-02-02 10:00,4034
2019-02-02 10:05,4008
2019-02-02 10:10,4016
2019-02-02 10:15,4052
2019-02-02 10:20,4118
2019-02-02 10:25,4183
2019-02-02 10:30,4224
2019-02-02 10:35,4262
2019-02-02 10:40,4332
2019-02-02 10:45,4352
2019-02-02 10:50,4396
2019-02-02 10:55,4426
2019-02-02 11:00,4467
2019-02-02 11:05,4497
2019-02-02 11:10,4532
2019-02-02 11:15,4606
2019-02-02 11:20,4650
2019-02-02 11:25,4733
2019-02-02 11:30,4792
2019-02-02 11:35,4862
2019-02-02 11:40,4915
2019-02-02 11:45,4926
2019-02-02 11:50,4990
2019-02-02 11:55,4988
2019-02-02 12:00,5051
2019-02-02 12:05,5120
2019-02-02 12:10,5167
2019-02-02 12:15,5260
2019-02-02 12:20,5314
2019-02-02 12:25,5324
2019-02-02 12:30,5385
2019-02-02 12:35,5447
2019-02-02 12:40,5526
2019-02-02 12:45,5525
2019-02-02 12:50,5538
2019-02-02 12:55,5587
2019-02-02 13:00,5655
2019-02-02 13:05,5802
2019-02-02 13:10,5869
2019-02-02 13:15,5914
2019-02-02 13:20,6009
2019-02-02 13:25,6124
2019-02-02 13:30,6234
2019-02-02 13:35,6274
2019-02-02 13:40,6309
2019-02-02 13:45,6404
2019-02-02 13:50,6479
2019-02-02 13:55,6535
2019-02-02 14:00,6593
2019-02-02 14:05,6612
2019-02-02 14:10,6664
2019-02-02 14:15,6756
2019-02-02 14:20,6851
2019-02-02 14:25,6889
2019-02-02 14:30,6951
2019-02-02 14:35,7049
2019-02-02 14:40,7095
2019-02-02 14:45,7175
2019-02-02 14:50,7228
2019-02-02 14:55,7281
2019-02-02 15:00,7265
2019-02-02 15:05,7339
2019-02-02 15:10,7410
2019-02-02 15:15,7534
2019-02-02 15:20,7585
2019-02-02 15:25,7643
2019-02-02 15:30,7732
2019-02-02 15:35,7774
2019-02-02 15:40,7833
2019-02-02 15:45,7903
2019-02-02 15:50,7928
2019-02-02 15:55,7985
2019-02-02 16:00,8054
2019-02-02 16:05,8125
2019-02-02 16:10,
2019-02-02 16:15,8304
2019-02-02 16:20,8339
2019-02-02 16:25,8394
2019-02-02 16:30,8438
2019-02-02 16:35,8520
2019-02-02 16:40,8618
2019-02-02 16:45,8678
2019-02-02 16:50,8697
2019-02-02 16:55,8719
2019-02-02 17:00,8754
2019-02-02 17:05,8788
2019-02-02 17:10,8856
2019-02-02 17:15,8898
2019-02-02 17:20,8896
2019-02-02 17:25,8916
2019-02-02 17:30,8946
2019-02-02 17:35,8979
2019-02-02 17:40,9057
2019-02-02 17:45,9108
2019-02-02 17:50,9168
2019-02-02 17:55,9225
2019-02-02 18:00,9251
2019-02-02 18:05,9368
2019-02-02 18:10,9399
2019-02-02 18:15,9432
2019-02-02 18:20,9432
2019-02-02 18:25,9465
2019-02-02 18:30,9514
2019-02-02 18:35,9539
2019-02-02 18:40,9626
2019-02-02 18:45,9652
2019-02-02 18:50,9664
2019-02-02 18:55,9711
2019-02-02 19:00,9697
2019-02-02 19:05,9735
2019-02-02 19:10,9783
2019-02-02 19:15,9854
2019-02-02 19:20,9882
2019-02-02 19:25,9987
2019-02-02 19:30,10065
2019-02-02 19:35,10135
2019-02-02 19:40,10203
2019-02-02 19:45,10274
2019-02-02 19:50,10302
2019-02-02 19:55,10359
2019-02-02 20:00,10398
2019-02-02 20:05,10436
2019-02-02 20:10,10533
2019-02-02 20:15,10586
2019-02-02 20:20,10574
2019-02-02 20:25,10636
2019-02-02 20:30,10663
2019-02-02 20:35,10643
2019-02-02 20:40,10701
2019-02-02 20:45,10763
2019-02-02 20:50,10793
2019-02-02 20:55,10827
2019-02-02 21:00,10839
2019-02-02 21:05,10814
2019-02-02 21:10,10815
2019-02-02 21:15,10811
2019-02-02 21:20,10777
2019-02-02 21:25,
2019-02-02 21:30,
2019-02-02 21:35,10145
2019-02-02 21:40,10376
2019-02-02 21:45,10388
2019-02-02 21:50,10270
2019-02-02 21:55,10329
2019-02-02 22:00,10243
2019-02-02 22:05,10200
2019-02-02 22:10,10193
2019-02-02 22:15,10052
2019-02-02 22:20,10031
2019-02-02 22:25,9964
2019-02-02 22:30,9956
2019-02-02 22:35,9956
2019-02-02 22:40,9900
2019-02-02 22:45,9810
2019-02-02 22:50,9721
2019-02-02 22:55,9603
2019-02-02 23:00,9491
2019-02-02 23:05,9430
2019-02-02 23:10,9393
2019-02-02 23:15,9308
2019-02-02 23:20,9301
2019-02-02 23:25,9256
2019-02-02 23:30,9160
2019-02-02 23:35,9082
2019-02-02 23:40,8988
2019-02-02 23:45,8948
2019-02-02 23:50,8903
2019-02-02 23:55,8874
2019-02-03 00:00,8764
2019-02-03 00:05,8664
2019-02-03 00:10,8575
2019-02-03 00:15,8514
2019-02-03 00:20,8422
2019-02-03 00:25,8406
2019-02-03 00:30,8340
2019-02-03 00:35,8289
2019-02-03 00:40,8194
2019-02-03 00:45,8119
2019-02-03 00:50,8037
2019-02-03 00:55,8016
2019-02-03 01:00,8062
2019-02-03 01:05,8042
2019-02-03 01:10,7999
2019-02-03 01:15,7932
2019-02-03 01:20,7910
2019-02-03 01:25,7905
2019-02-03 01:30,7870
2019-02-03 01:35,7823
2019-02-03 01:40,7780
2019-02-03 01:45,7717
2019-02-03 01:50,7738
2019-02-03 01:55,7652
2019-02-03 02:00,7649
2019-02-03 02:05,7615
2019-02-03 02:10,7619
2019-02-03 02:15,7663
2019-02-03 02:20,7681
2019-02-03 02:25,7637
2019-02-03 02:30,7628
2019-02-03 02:35,7567
2019-02-03 02:40,7552
2019-02-03 02:45,7523
2019-02-03 02:50,7474
2019-02-03 02:55,7453
2019-02-03 03:00,7440
2019-02-03 03:05,7384
2019-02-03 03:10,7372
2019-02-03 03:15,7336
2019-02-03 03:20,7370
2019-02-03 03:25,7340
2019-02-03 03:30,7276
2019-02-03 03:35,7260
2019-02-03 03:40,7237
2019-02-03 03:45,7287
2019-02-03 03:50,7241
2019-02-03 03:55,7216
2019-02-03 04:00,7221
2019-02-03 04:05,7186
2019-02-03 04:10,7176
2019-02-03 04:15,7146
2019-02-03 04:20,7067
2019-02-03 04:25,7072
2019-02-03 04:30,7061
2019-02-03 04:35,7015
2019-02-03 04:40,6971
2019-02-03 04:45,6963
2019-02-03 04:50,6965
2019-02-03 04:55,6899
2019-02-03 05:00,6808
2019-02-03 05:05,6733
2019-02-03 05:10,6641
2019-02-03 05:15,6563
2019-02-03 05:20,6500
2019-02-03 05:25,6453
2019-02-03 05:30,6402
2019-02-03 05:35,6383
2019-02-03 05:40,6292
2019-02-03 05:45,6230
2019-02-03 05:50,6189
2019-02-03 05:55,6123
2019-02-03 06:00,6023
2019-02-03 06:05,5905
2019-02-03 06:10,5837
2019-02-03 06:15,5773
2019-02-03 06:20,5694
2019-02-03 06:25,5611
2019-02-03 06:30,5549
2019-02-03 06:35,5452
2019-02-03 06:40,5378
2019-02-03 06:45,5285
2019-02-03 06:50,5210
2019-02-03 06:55,5115
2019-02-03 07:00,5051
2019-02-03 07:05,4976
2019-02-03 07:10,4904
2019-02-03 07:15,4804
2019-02-03 07:20,4760
2019-02-03 07:25,4697
2019-02-03 07:30,4657
2019-02-03 07:35,4621
2019-02-03 07:40,4546
2019-02-03 07:45,4530
2019-02-03 07:50,4463
2019-02-03 07:55,4434
2019-02-03 08:00,4373
2019-02-03 08:05,4313
2019-02-03 08:10,4299
2019-02-03 08:15,4259
2019-02-03 08:20,4213
2019-02-03 08:25,4140
2019-02-03 08:30,4144
2019-02-03 08:35,4169
2019-02-03 08:40,4114
2019-02-03 08:45,4067
2019-02-03 08:50,4060
2019-02-03 08:55,4038
2019-02-03 09:00,4022
2019-02-03 09:05,4075
2019-02-03 09:10,4078
2019-02-03 09:15,4061
2019-02-03 09:20,4109
2019-02-03 09:25,4102
2019-02-03 09:30,4135
2019-02-03 09:35,4211
2019-02-03 09:40,4270
2019-02-03 09:45,4299
2019-02-03 09:50,4330
2019-02-03 09:55,4315
2019-02-03 10:00,4354
2019-02-03 10:05,4397
2019-02-03 10:10,4453
2019-02-03 10:15,4506
2019-02-03 10:20,4490
2019-02-03 10:25,4544
2019-02-03 10:30,4583
2019-02-03 10:35,4597
2019-02-03 10:40,4653
2019-02-03 10:45,4792
2019-02-03 10:50,4811
2019-02-03 10:55,4862
2019-02-03 11:00,4908
2019-02-03 11:05,5027
2019-02-03 11:10,5068
2019-02-03 11:15,5076
2019-02-03 11:20,5140
2019-02-03 11:25,5196
2019-02-03 11:30,5234
2019-02-03 11:35,5355
2019-02-03 11:40,5434
2019-02-03 11:45,5471
2019-02-03 11:50,5554
2019-02-03 11:55,5582
2019-02-03 12:00,5657
2019-02-03 12:05,5719
2019-02-03 12:10,5796
2019-02-03 12:15,5898
2019-02-03 12:20,5949
2019-02-03 12:25,6011
2019-02-03 12:30,6056
2019-02-03 12:35,6116
2019-02-03 12:40,6157
2019-02-03 12:45,6222
2019-02-03 12:50,6254
2019-02-03 12:55,6276
2019-02-03 13:00,6339
2019-02-03 13:05,6421
2019-02-03 13:10,6479
2019-02-03 13:15,6472
2019-02-03 13:20,6547
2019-02-03 13:25,6540
2019-02-03 13:30,6583
2019-02-03 13:35,6583
2019-02-03 13:40,6627
2019-02-03 13:45,6729
2019-02-03 13:50,6871
2019-02-03 13:55,6900
2019-02-03 14:00,6967
2019-02-03 14:05,7054
2019-02-03 14:10,7096
2019-02-03 14:15,7175
2019-02-03 14:20,7198
2019-02-03 14:25,7251
2019-02-03 14:30,7324
2019-02-03 14:35,7414
2019-02-03 14:40,7504
2019-02-03 14:45,7609
2019-02-03 14:50,7661
2019-02-03 14:55,7700
2019-02-03 15:00,7757
2019-02-03 15:05,7757
2019-02-03 15:10,7902
2019-02-03 15:15,7927
2019-02-03 15:20,7927
2019-02-03 15:25,8039
2019-02-03 15:30,8192
2019-02-03 15:35,8284
2019-02-03 15:40,8375
2019-02-03 15:45,8440
2019-02-03 15:50,8495
2019-02-03 15:55,8571
2019-02-03 16:00,8674
2019-02-03 16:05,8705
2019-02-03 16:10,8818
2019-02-03 16:15,8844
2019-02-03 16:20,8845
2019-02-03 16:25,8995
2019-02-03 16:30,9061
2019-02-03 16:35,9096
2019-02-03 16:40,9147
2019-02-03 16:45,9195
2019-02-03 16:50,9238
2019-02-03 16:55,9253
2019-02-03 17:00,9278
2019-02-03 17:05,9376
2019-02-03 17:10,9430
2019-02-03 17:15,9511
2019-02-03 17:20,9557
2019-02-03 17:25,9594
2019-02-03 17:30,9663
2019-02-03 17:35,9696
2019-02-03 17:40,9754
2019-02-03 17:45,9747
2019-02-03 17:50,9850
2019-02-03 17:55,9878
2019-02-03 18:00,9916
2019-02-03 18:05,9956
2019-02-03 18:10,9966
2019-02-03 18:15,9975
2019-02-03 18:20,9983
2019-02-03 18:25,10065
2019-02-03 18:30,10193
2019-02-03 18:35,10233
2019-02-03 18:40,10299
2019-02-03 18:45,0
2019-02-03 18:50,10458
2019-02-03 18:55,10503
2019-02-03 19:00,10568
2019-02-03 19:05,
2019-02-03 19:10,
2019-02-03 19:15,10741
2019-02-03 19:20,10804
2019-02-03 19:25,10843
2019-02-03 19:30,10829
2019-02-03 19:35,10887
2019-02-03 19:40,0
2019-02-03 19:45,10923
2019-02-03 19:50,11000
2019-02-03 19:55,11018
2019-02-03 20:00,11025
2019-02-03 20:05,10983
2019-02-03 20:10,11022
2019-02-03 20:15,11027
2019-02-03 20:20,10993
2019-02-03 20:25,11023
2019-02-03 20:30,11065
2019-02-03 20:35,11101
2019-02-03 20:40,11062
2019-02-03 20:45,10990
2019-02-03 20:50,10990
2019-02-03 20:55,10969
2019-02-03 21:00,10933
2019-02-03 21:05,10861
2019-02-03 21:10,10810
2019-02-03 21:15,10757
2019-02-03 21:20,10687
2019-02-03 21:25,10652
2019-02-03 21:30,10601
2019-02-03 21:35,10577
2019-02-03 21:40,10432
2019-02-03 21:45,10303
2019-02-03 21:50,10214
2019-02-03 21:55,10177
2019-02-03 22:00,10118
2019-02-03 22:05,9974
2019-02-03 22:10,9903
2019-02-03 22:15,9815
2019-02-03 22:20,9732
2019-02-03 22:25,9622
2019-02-03 22:30,9580
2019-02-03 22:35,9497
2019-02-03 22:40,9391
2019-02-03 22:45,9288
2019-02-03 22:50,9146
2019-02-03 22:55,9039
2019-02-03 23:00,8885
2019-02-03 23:05,8835
2019-02-03 23:10,8695
2019-02-03 23:15,8587
2019-02-03 23:20,8395
2019-02-03 23:25,8224
2019-02-03 23:30,8098
2019-02-03 23:35,8002
2019-02-03 23:40,7929
2019-02-03 23:45,7819
2019-02-03 23:50,7784
2019-02-03 23:55,7697
2019-02-04 00:00,7661
2019-02-04 00:05,7572
2019-02-04 00:10,7462
2019-02-04 00:15,7432
2019-02-04 00:20,7351
2019-02-04 00:25,7284
2019-02-04 00:30,7276
2019-02-04 00:35,7220
2019-02-04 00:40,7169
2019-02-04 00:45,7090
2019-02-04 00:50,7087
2019-02-04 00:55,7044
2019-02-04 01:00,6990
2019-02-04 01:05,6941
2019-02-04 01:10,6913
2019-02-04 01:15,6891
2019-02-04 01:20,6844
2019-02-04 01:25,6808
2019-02-04 01:30,6785
2019-02-04 01:35,6783
2019-02-04 01:40,6789
2019-02-04 01:45,6808
2019-02-04 01:50,6779
2019-02-04 01:55,6819
2019-02-04 02:00,6797
2019-02-04 02:05,6777
2019-02-04 02:10,6731
2019-02-04 02:15,6685
2019-02-04 02:20,6673
2019-02-04 02:25,6641
2019-02-04 02:30,6672
2019-02-04 02:35,6606
2019-02-04 02:40,6575
2019-02-04 02:45,6508
2019-02-04 02:50,6524
2019-02-04 02:55,6419
2019-02-04 03:00,6378
2019-02-04 03:05,6374
2019-02-04 03:10,6369
2019-02-04 03:15,6341
2019-02-04 03:20,6364
2019-02-04 03:25,6339
2019-02-04 03:30,6326
2019-02-04 03:35,6320
2019-02-04 03:40,6319
2019-02-04 03:45,6329
2019-02-04 03:50,6369
2019-02-04 03:55,6385
2019-02-04 04:00,6361
2019-02-04 04:05,6224
2019-02-04 04:10,6192
2019-02-04 04:15,6188
2019-02-04 04:20,6091
2019-02-04 04:25,6098
2019-02-04 04:30,6053
2019-02-04 04:35,5991
2019-02-04 04:40,5988
2019-02-04 04:45,5907
2019-02-04 04:50,5840
2019-02-04 04:55,5793
2019-02-04 05:00,5733
2019-02-04 05:05,5647
2019-02-04 05:10,5559
2019-02-04 05:15,5483
2019-02-04 05:20,5416
2019-02-04 05:25,5327
2019-02-04 05:30,5243
2019-02-04 05:35,5127
2019-02-04 05:40,5046
2019-02-04 05:45,4980
2019-02-04 05:50,4911
2019-02-04 05:55,4814
2019-02-04 06:00,4754
2019-02-04 06:05,4692
2019-02-04 06:10,4590
2019-02-04 06:15,4500
2019-02-04 06:20,4382
2019-02-04 06:25,4264
2019-02-04 06:30,4182
2019-02-04 06:35,4114
2019-02-04 06:40,4054
2019-02-04 06:45,3990
2019-02-04 06:50,3914
2019-02-04 06:55,3869
2019-02-04 07:00,3791
2019-02-04 07:05,3712
2019-02-04 07:10,3659
2019-02-04 07:15,3646
2019-02-04 07:20,3585
2019-02-04 07:25,3530
2019-02-04 07:30,3507
2019-02-04 07:35,3447
2019-02-04 07:40,3424
2019-02-04 07:45,3378
2019-02-04 07:50,3324
2019-02-04 07:55,3290
2019-02-04 08:00,3250
2019-02-04 08:05,3193
2019-02-04 08:10,3129
2019-02-04 08:15,3114
2019-02-04 08:20,3092
2019-02-04 08:25,3068
2019-02-04 08:30,3046
2019-02-04 08:35,3016
2019-02-04 08:40,3022
2019-02-04 08:45,2992
2019-02-04 08:50,2998
2019-02-04 08:55,2987
2019-02-04 09:00,2977
2019-02-04 09:05,3005
2019-02-04 09:10,3003
2019-02-04 09:15,3006
2019-02-04 09:20,2986
2019-02-04 09:25,2997
2019-02-04 09:30,3016
2019-02-04 09:35,3029
2019-02-04 09:40,3044
2019-02-04 09:45,3046
2019-02-04 09:50,3049
2019-02-04 09:55,3072
2019-02-04 10:00,3102
2019-02-04 10:05,3128
2019-02-04 10:10,3126
2019-02-04 10:15,3100
2019-02-04 10:20,3100
2019-02-04 10:25,3071
2019-02-04 10:30,3089
2019-02-04 10:35,3115
2019-02-04 10:40,3134
2019-02-04 10:45,3175
2019-02-04 10:50,3224
2019-02-04 10:55,3214
2019-02-04 11:00,3195
2019-02-04 11:05,3235
2019-02-04 11:10,3235
2019-02-04 11:15,3258
2019-02-04 11:20,3280
2019-02-04 11:25,3304
2019-02-04 11:30,3325
2019-02-04 11:35,3396
2019-02-04 11:40,3401
2019-02-04 11:45,3451
2019-02-04 11:50,3462
2019-02-04 11:55,3497
2019-02-04 12:00,3511
2019-02-04 12:05,3529
2019-02-04 12:10,3579
2019-02-04 12:15,3649
2019-02-04 12:20,3702
2019-02-04 12:25,3745
2019-02-04 12:30,3790
2019-02-04 12:35,3784
2019-02-04 12:40,3801
2019-02-04 12:45,3884
2019-02-04 12:50,3925
2019-02-04 12:55,3974
2019-02-04 13:00,4034
2019-02-04 13:05,4092
2019-02-04 13:10,4159
2019-02-04 13:15,4199
2019-02-04 13:20,4268
2019-02-04 13:25,4317
2019-02-04 13:30,4398
2019-02-04 13:35,4432
2019-02-04 13:40,4459
2019-02-04 13:45,4483
2019-02-04 13:50,4557
2019-02-04 13:55,4576
2019-02-04 14:00,4663
2019-02-04 14:05,4710
2019-02-04 14:10,4780
2019-02-04 14:15,4881
2019-02-04 14:20,4927
2019-02-04 14:25,4980
2019-02-04 14:30,5086
2019-02-04 14:35,5114
2019-02-04 14:40,5166
2019-02-04 14:45,5238
2019-02-04 14:50,5287
2019-02-04 14:55,5349
2019-02-04 15:00,5414
2019-02-04 15:05,5446
2019-02-04 15:10,5516
2019-02-04 15:15,5583
2019-02-04 15:20,5652
2019-02-04 15:25,5694
2019-02-04 15:30,5781
2019-02-04 15:35,5818
2019-02-04 15:40,5915
2019-02-04 15:45,5983
2019-02-04 15:50,6019
2019-02-04 15:55,6112
2019-02-04 16:00,6166
2019-02-04 16:05,6246
2019-02-04 16:10,6359
2019-02-04 16:15,6483
2019-02-04 16:20,6565
2019-02-04 16:25,6655
2019-02-04 16:30,6677
2019-02-04 16:35,6767
2019-02-04 16:40,6769
2019-02-04 16:45,6910
2019-02-04 16:50,6978
2019-02-04 16:55,7075
2019-02-04 17:00,7181
2019-02-04 17:05,7241
2019-02-04 17:10,7256
2019-02-04 17:15,7327
2019-02-04 17:20,7423
2019-02-04 17:25,7473
2019-02-04 17:30,7584
2019-02-04 17:35,7645
2019-02-04 17:40,7706
2019-02-04 17:45,7782
2019-02-04 17:50,7895
2019-02-04 17:55,7985
2019-02-04 18:00,8061
2019-02-04 18:05,8128
2019-02-04 18:10,8184
2019-02-04 18:15,8194
2019-02-04 18:20,8267
2019-02-04 18:25,8299
2019-02-04 18:30,8357
2019-02-04 18:35,8410
2019-02-04 18:40,8435
2019-02-04 18:45,8494
2019-02-04 18:50,8636
2019-02-04 18:55,8737
2019-02-04 19:00,8800
2019-02-04 19:05,8869
2019-02-04 19:10,8954
2019-02-04 19:15,8972
2019-02-04 19:20,9020
2019-02-04 19:25,9103
2019-02-04 19:30,9144
2019-02-04 19:35,9171
2019-02-04 19:40,9272
2019-02-04 19:45,9256
2019-02-04 19:50,9269
2019-02-04 19:55,9280
2019-02-04 20:00,9338
2019-02-04 20:05,9314
2019-02-04 20:10,9315
2019-02-04 20:15,9337
2019-02-04 20:20,9354
2019-02-04 20:25,9322
2019-02-04 20:30,9275
2019-02-04 20:35,9323
2019-02-04 20:40,9304
2019-02-04 20:45,9263
2019-02-04 20:50,9282
2019-02-04 20:55,9263
2019-02-04 21:00,9261
2019-02-04 21:05,9211
2019-02-04 21:10,9131
2019-02-04 21:15,9128
2019-02-04 21:20,9164
2019-02-04 21:25,9159
2019-02-04 21:30,9103
2019-02-04 21:35,9103
2019-02-04 21:40,9026
2019-02-04 21:45,8953
2019-02-04 21:50,8915
2019-02-04 21:55,8875
2019-02-04 22:00,8829
2019-02-04 22:05,8752
2019-02-04 22:10,8676
2019-02-04 22:15,8592
2019-02-04 22:20,8516
2019-02-04 22:25,8515
2019-02-04 22:30,8432
2019-02-04 22:35,8411
2019-02-04 22:40,8319
2019-02-04 22:45,8220
2019-02-04 22:50,8196
2019-02-04 22:55,8099
2019-02-04 23:00,8040
2019-02-04 23:05,7939
2019-02-04 23:10,7910
2019-02-04 23:15,7843
2019-02-04 23:20,7782
2019-02-04 23:25,7711
2019-02-04 23:30,7738
2019-02-04 23:35,7743
2019-02-04 23:40,7708
2019-02-04 23:45,7702
2019-02-04 23:50,7608
2019-02-04 23:55,7630
2019-02-05 00:00,7608
2019-02-05 00:05,7541
2019-02-05 00:10,7519
2019-02-05 00:15,7506
2019-02-05 00:20,7468
2019-02-05 00:25,7450
2019-02-05 00:30,7432
2019-02-05 00:35,7443
2019-02-05 00:40,7481
2019-02-05 00:45,7515
2019-02-05 00:50,7490
2019-02-05 00:55,7504
2019-02-05 01:00,7465
2019-02-05 01:05,7500
2019-02-05 01:10,7487
2019-02-05 01:15,7491
2019-02-05 01:20,7510
2019-02-05 01:25,7531
2019-02-05 01:30,7487
2019-02-05 01:35,7448
2019-02-05 01:40,7425
2019-02-05 01:45,7337
2019-02-05 01:50,7359
2019-02-05 01:55,7317
2019-02-05 02:00,7288
2019-02-05 02:05,7226
2019-02-05 02:10,7236
2019-02-05 02:15,7217
2019-02-05 02:20,7258
2019-02-05 02:25,7222
2019-02-05 02:30,7208
2019-02-05 02:35,7176
2019-02-05 02:40,7139
2019-02-05 02:45,7109
2019-02-05 02:50,7041
2019-02-05 02:55,6969
2019-02-05 03:00,6964
2019-02-05 03:05,6891
2019-02-05 03:10,6821
2019-02-05 03:15,6776
2019-02-05 03:20,6728
2019-02-05 03:25,6692
2019-02-05 03:30,6656
2019-02-05 03:35,6562
2019-02-05 03:40,6512
2019-02-05 03:45,6501
2019-02-05 03:50,6436
2019-02-05 03:55,6316
2019-02-05 04:00,6244
2019-02-05 04:05,6170
2019-02-05 04:10,6093
2019-02-05 04:15,6049
2019-02-05 04:20,5991
2019-02-05 04:25,5886
2019-02-05 04:30,5824
2019-02-05 04:35,5768
2019-02-05 04:40,5657
2019-02-05 04:45,5546
2019-02-05 04:50,5513
2019-02-05 04:55,5443
2019-02-05 05:00,5360
2019-02-05 05:05,5282
2019-02-05 05:10,5207
2019-02-05 05:15,5073
2019-02-05 05:20,5024
2019-02-05 05:25,4987
2019-02-05 05:30,4863
2019-02-05 05:35,4749
2019-02-05 05:40,4698
2019-02-05 05:45,4621
2019-02-05 05:50,4537
2019-02-05 05:55,4495
2019-02-05 06:00,4415
2019-02-05 06:05,4291
2019-02-05 06:10,4215
2019-02-05 06:15,4103
2019-02-05 06:20,4010
2019-02-05 06:25,3895
2019-02-05 06:30,3835
2019-02-05 06:35,3752
2019-02-05 06:40,3696
2019-02-05 06:45,3636
2019-02-05 06:50,3587
2019-02-05 06:55,3525
2019-02-05 07:00,3455
2019-02-05 07:05,3388
2019-02-05 07:10,3345
2019-02-05 07:15,3331
2019-02-05 07:20,3266
2019-02-05 07:25,3198
2019-02-05 07:30,3175
2019-02-05 07:35,3147
2019-02-05 07:40,3129
2019-02-05 07:45,3097
2019-02-05 07:50,3050
2019-02-05 07:55,2973
2019-02-05 08:00,2943
2019-02-05 08:05,2898
2019-02-05 08:10,2845
2019-02-05 08:15,2832
2019-02-05 08:20,2776
2019-02-05 08:25,2738
2019-02-05 08:30,2702
2019-02-05 08:35,2699
2019-02-05 08:40,2711
2019-02-05 08:45,2719
2019-02-05 08:50,2717
2019-02-05 08:55,2725
2019-02-05 09:00,2713
2019-02-05 09:05,2734
2019-02-05 09:10,2787
2019-02-05 09:15,2820
2019-02-05 09:20,2826
2019-02-05 09:25,2860
2019-02-05 09:30,2853
2019-02-05 09:35,2899
2019-02-05 09:40,2875
2019-02-05 09:45,2911
2019-02-05 09:50,2938
2019-02-05 09:55,2945
2019-02-05 10:00,2954
2019-02-05 10:05,2987
2019-02-05 10:10,3005
2019-02-05 10:15,3028
2019-02-05 10:20,3079
2019-02-05 10:25,3075
2019-02-05 10:30,3073
2019-02-05 10:35,3078
2019-02-05 10:40,3089
2019-02-05 10:45,3087
2019-02-05 10:50,3070
2019-02-05 10:55,3096
2019-02-05 11:00,3138
2019-02-05 11:05,3131
2019-02-05 11:10,3226
2019-02-05 11:15,3225
2019-02-05 11:20,3263
2019-02-05 11:25,3264
2019-02-05 11:30,3318
2019-02-05 11:35,3351
2019-02-05 11:40,3372
2019-02-05 11:45,3372
2019-02-05 11:50,3438
2019-02-05 11:55,3488
2019-02-05 12:00,3520
2019-02-05 12:05,3562
2019-02-05 12:10,3604
2019-02-05 12:15,3664
2019-02-05 12:20,3689
2019-02-05 12:25,3722
2019-02-05 12:30,3723
2019-02-05 12:35,3795
2019-02-05 12:40,3830
2019-02-05 12:45,3894
2019-02-05 12:50,3931
2019-02-05 12:55,3975
2019-02-05 13:00,3987
2019-02-05 13:05,4059
2019-02-05 13:10,4058
2019-02-05 13:15,4084
2019-02-05 13:20,4144
2019-02-05 13:25,4193
2019-02-05 13:30,4222
2019-02-05 13:35,4294
2019-02-05 13:40,4317
2019-02-05 13:45,4409
2019-02-05 13:50,4484
2019-02-05 13:55,4539
2019-02-05 14:00,4567
2019-02-05 14:05,4660
2019-02-05 14:10,4711
2019-02-05 14:15,4777
2019-02-05 14:20,4884
2019-02-05 14:25,4989
2019-02-05 14:30,5068
2019-02-05 14:35,5139
2019-02-05 14:40,5222
2019-02-05 14:45,5269
2019-02-05 14:50,5299
2019-02-05 14:55,5372
2019-02-05 15:00,5408
2019-02-05 15:05,5466
2019-02-05 15:10,5481
2019-02-05 15:15,5518
2019-02-05 15:20,5564
2019-02-05 15:25,5649
2019-02-05 15:30,5768
2019-02-05 15:35,5825
2019-02-05 15:40,5907
2019-02-05 15:45,5940
2019-02-05 15:50,6036
2019-02-05 15:55,6118
2019-02-05 16:00,6196
2019-02-05 16:05,6243
2019-02-05 16:10,6297
2019-02-05 16:15,6327
2019-02-05 16:20,6389
2019-02-05 16:25,6408
2019-02-05 16:30,6419
2019-02-05 16:35,6528
2019-02-05 16:40,6545
2019-02-05 16:45,6636
2019-02-05 16:50,6690
2019-02-05 16:55,6724
2019-02-05 17:00,6769
2019-02-05 17:05,6814
2019-02-05 17:10,6950
2019-02-05 17:15,6990
2019-02-05 17:20,7040
2019-02-05 17:25,7147
2019-02-05 17:30,7195
2019-02-05 17:35,7268
2019-02-05 17:40,7364
2019-02-05 17:45,7419
2019-02-05 17:50,7454
2019-02-05 17:55,7514
2019-02-05 18:00,7549
2019-02-05 18:05,7676
2019-02-05 18:10,7699
2019-02-05 18:15,7794
2019-02-05 18:20,7868
2019-02-05 18:25,7848
2019-02-05 18:30,7911
2019-02-05 18:35,7996
2019-02-05 18:40,8028
2019-02-05 18:45,8070
2019-02-05 18:50,8168
2019-02-05 18:55,8225
2019-02-05 19:00,8319
2019-02-05 19:05,8356
2019-02-05 19:10,8405
2019-02-05 19:15,8440
2019-02-05 19:20,8500
2019-02-05 19:25,8559
2019-02-05 19:30,8575
2019-02-05 19:35,8622
2019-02-05 19:40,8690
2019-02-05 19:45,8749
2019-02-05 19:50,8734
2019-02-05 19:55,8740
2019-02-05 20:00,8761
2019-02-05 20:05,8735
2019-02-05 20:10,8792
2019-02-05 20:15,8791
2019-02-05 20:20,8779
2019-02-05 20:25,8775
2019-02-05 20:30,8801
2019-02-05 20:35,8827
2019-02-05 20:40,8785
2019-02-05 20:45,8789
2019-02-05 20:50,8707
2019-02-05 20:55,8665
2019-02-05 21:00,8658
2019-02-05 21:05,8603
2019-02-05 21:10,8497
2019-02-05 21:15,8490
2019-02-05 21:20,8478
2019-02-05 21:25,8463
2019-02-05 21:30,8396
2019-02-05 21:35,8396
2019-02-05 21:40,8282
2019-02-05 21:45,8242
2019-02-05 21:50,8236
2019-02-05 21:55,8176
2019-02-05 22:00,8157
2019-02-05 22:05,8138
2019-02-05 22:10,8072
2019-02-05 22:15,8024
2019-02-05 22:20,8033
2019-02-05 22:25,7953
2019-02-05 22:30,7925
2019-02-05 22:35,7866
2019-02-05 22:40,7890
2019-02-05 22:45,7843
2019-02-05 22:50,7806
2019-02-05 22:55,7726
2019-02-05 23:00,7688
2019-02-05 23:05,7636
2019-02-05 23:10,7546
2019-02-05 23:15,7442
2019-02-05 23:20,7395
2019-02-05 23:25,7381
2019-02-05 23:30,7339
2019-02-05 23:35,7305
2019-02-05 23:40,7158
2019-02-05 23:45,7083
2019-02-05 23:50,7198
2019-02-05 23:55,7171
2019-02-06 00:00,7130
2019-02-06 00:05,7086
2019-02-06 00:10,6999
2019-02-06 00:15,7009
2019-02-06 00:20,6917
2019-02-06 00:25,6890
2019-02-06 00:30,6939
2019-02-06 00:35,6943
2019-02-06 00:40,6947
2019-02-06 00:45,6909
2019-02-06 00:50,6900
2019-02-06 00:55,6891
2019-02-06 01:00,6875
2019-02-06 01:05,6869
2019-02-06 01:10,6823
2019-02-06 01:15,6755
2019-02-06 01:20,6721
2019-02-06 01:25,6727
2019-02-06 01:30,6713
2019-02-06 01:35,6715
2019-02-06 01:40,6735
2019-02-06 01:45,6760
2019-02-06 01:50,6779
2019-02-06 01:55,6760
2019-02-06 02:00,6759
2019-02-06 02:05,6767
2019-02-06 02:10,6731
2019-02-06 02:15,6705
2019-02-06 02:20,6691
2019-02-06 02:25,6624
2019-02-06 02:30,6614
2019-02-06 02:35,6618
2019-02-06 02:40,6612
2019-02-06 02:45,6616
2019-02-06 02:50,6528
2019-02-06 02:55,6485
2019-02-06 03:00,6426
2019-02-06 03:05,6435
2019-02-06 03:10,6342
2019-02-06 03:15,6348
2019-02-06 03:20,6318
2019-02-06 03:25,6280
2019-02-06 03:30,6228
2019-02-06 03:35,6187
2019-02-06 03:40,6163
2019-02-06 03:45,6047
2019-02-06 03:50,6048
2019-02-06 03:55,6062
2019-02-06 04:00,5989
2019-02-06 04:05,5882
2019-02-06 04:10,5801
2019-02-06 04:15,5707
2019-02-06 04:20,5718
2019-02-06 04:25,5654
2019-02-06 04:30,5589
2019-02-06 04:35,5524
2019-02-06 04:40,5442
2019-02-06 04:45,5368
2019-02-06 04:50,5285
2019-02-06 04:55,5193
2019-02-06 05:00,5077
2019-02-06 05:05,4978
2019-02-06 05:10,4862
2019-02-06 05:15,4761
2019-02-06 05:20,4701
2019-02-06 05:25,4657
2019-02-06 05:30,4606
2019-02-06 05:35,4577
2019-02-06 05:40,4537
2019-02-06 05:45,4465
2019-02-06 05:50,4306
2019-02-06 05:55,4213
2019-02-06 06:00,4157
2019-02-06 06:05,4080
2019-02-06 06:10,3953
2019-02-06 06:15,3858
2019-02-06 06:20,3817
2019-02-06 06:25,3759
2019-02-06 06:30,3715
2019-02-06 06:35,3654
2019-02-06 06:40,3596
2019-02-06 06:45,3545
2019-02-06 06:50,3490
2019-02-06 06:55,3446
2019-02-06 07:00,3375
2019-02-06 07:05,3325
2019-02-06 07:10,3276
2019-02-06 07:15,3223
2019-02-06 07:20,3159
2019-02-06 07:25,3122
2019-02-06 07:30,3099
2019-02-06 07:35,3065
2019-02-06 07:40,3024
2019-02-06 07:45,2948
2019-02-06 07:50,2896
2019-02-06 07:55,2907
2019-02-06 08:00,2873
2019-02-06 08:05,2842
2019-02-06 08:10,2840
2019-02-06 08:15,2784
2019-02-06 08:20,2775
2019-02-06 08:25,2797
2019-02-06 08:30,2765
2019-02-06 08:35,2762
2019-02-06 08:40,2719
2019-02-06 08:45,2690
2019-02-06 08:50,2677
2019-02-06 08:55,2658
2019-02-06 09:00,2622
2019-02-06 09:05,2623
2019-02-06 09:10,2658
2019-02-06 09:15,2683
2019-02-06 09:20,2682
2019-02-06 09:25,2702
2019-02-06 09:30,2699
2019-02-06 09:35,2669
2019-02-06 09:40,2711
2019-02-06 09:45,2724
2019-02-06 09:50,2747
2019-02-06 09:55,2782
2019-02-06 10:00,2803
2019-02-06 10:05,2831
2019-02-06 10:10,2858
2019-02-06 10:15,2895
2019-02-06 10:20,2909
2019-02-06 10:25,2909
2019-02-06 10:30,2927
2019-02-06 10:35,2969
2019-02-06 10:40,2961
2019-02-06 10:45,2988
2019-02-06 10:50,3034
2019-02-06 10:55,3044
2019-02-06 11:00,3071
2019-02-06 11:05,3102
2019-02-06 11:10,3146
2019-02-06 11:15,3180
2019-02-06 11:20,3193
2019-02-06 11:25,3238
2019-02-06 11:30,3268
2019-02-06 11:35,3280
2019-02-06 11:40,3319
2019-02-06 11:45,3325
2019-02-06 11:50,3375
2019-02-06 11:55,3423
2019-02-06 12:00,3477
2019-02-06 12:05,3530
2019-02-06 12:10,3579
2019-02-06 12:15,3631
2019-02-06 12:20,3670
2019-02-06 12:25,3692
2019-02-06 12:30,3775
2019-02-06 12:35,3805
2019-02-06 12:40,3855
2019-02-06 12:45,3859
2019-02-06 12:50,3915
2019-02-06 12:55,3954
2019-02-06 13:00,3991
2019-02-06 13:05,4039
2019-02-06 13:10,3735
2019-02-06 13:15,3627
2019-02-06 13:20,3705
2019-02-06 13:25,3777
2019-02-06 13:30,3867
2019-02-06 13:35,3451
2019-02-06 13:40,3199
2019-02-06 13:45,3293
2019-02-06 13:50,3454
2019-02-06 13:55,3680
2019-02-06 14:00,3774
2019-02-06 14:05,3924
2019-02-06 14:10,4041
2019-02-06 14:15,3786
2019-02-06 14:20,3783
2019-02-06 14:25,3926
2019-02-06 14:30,4032
2019-02-06 14:35,4229
2019-02-06 14:40,4387
2019-02-06 14:45,4505
2019-02-06 14:50,4673
2019-02-06 14:55,4829
2019-02-06 15:00,5014
2019-02-06 15:05,5131
2019-02-06 15:10,5265
2019-02-06 15:15,5385
2019-02-06 15:20,5485
2019-02-06 15:25,5619
2019-02-06 15:30,5685
2019-02-06 15:35,5706
2019-02-06 15:40,5819
2019-02-06 15:45,5893
2019-02-06 15:50,5973
2019-02-06 15:55,6072
2019-02-06 16:00,6172
2019-02-06 16:05,6262
2019-02-06 16:10,6336
2019-02-06 16:15,6386
2019-02-06 16:20,6446
2019-02-06 16:25,6469
2019-02-06 16:30,6517
2019-02-06 16:35,6541
2019-02-06 16:40,6561
2019-02-06 16:45,6604
2019-02-06 16:50,6613
2019-02-06 16:55,6695
2019-02-06 17:00,6761
2019-02-06 17:05,6806
2019-02-06 17:10,6819
2019-02-06 17:15,6899
2019-02-06 17:20,6962
2019-02-06 17:25,7040
2019-02-06 17:30,7163
2019-02-06 17:35,7171
2019-02-06 17:40,7203
2019-02-06 17:45,7203
2019-02-06 17:50,7239
2019-02-06 17:55,7318
2019-02-06 18:00,7403
2019-02-06 18:05,7486
2019-02-06 18:10,7524
2019-02-06 18:15,7594
2019-02-06 18:20,7611
2019-02-06 18:25,7644
2019-02-06 18:30,7736
2019-02-06 18:35,7841
2019-02-06 18:40,7865
2019-02-06 18:45,7930
2019-02-06 18:50,7997
2019-02-06 18:55,8090
2019-02-06 19:00,8142
2019-02-06 19:05,8218
2019-02-06 19:10,8237
2019-02-06 19:15,8239
2019-02-06 19:20,8241
2019-02-06 19:25,8278
2019-02-06 19:30,8340
2019-02-06 19:35,8313
2019-02-06 19:40,8365
2019-02-06 19:45,8378
2019-02-06 19:50,8406
2019-02-06 19:55,8353
2019-02-06 20:00,8382
2019-02-06 20:05,8304
2019-02-06 20:10,8332
2019-02-06 20:15,8332
2019-02-06 20:20,8336
2019-02-06 20:25,8311
2019-02-06 20:30,8318
2019-02-06 20:35,8312
2019-02-06 20:40,8308
2019-02-06 20:45,8259
2019-02-06 20:50,8285
2019-02-06 20:55,8233
2019-02-06 21:00,8238
2019-02-06 21:05,8228
2019-02-06 21:10,8196
2019-02-06 21:15,8156
2019-02-06 21:20,8090
2019-02-06 21:25,8057
2019-02-06 21:30,8027
2019-02-06 21:35,8034
2019-02-06 21:40,7975
2019-02-06 21:45,7950
2019-02-06 21:50,7844
2019-02-06 21:55,7797
2019-02-06 22:00,7783
2019-02-06 22:05,7794
2019-02-06 22:10,7706
2019-02-06 22:15,7657
2019-02-06 22:20,7600
2019-02-06 22:25,7637
2019-02-06 22:30,7495
2019-02-06 22:35,7459
2019-02-06 22:40,7392
2019-02-06 22:45,7312
2019-02-06 22:50,7316
2019-02-06 22:55,7226
2019-02-06 23:00,7200
2019-02-06 23:05,7232
2019-02-06 23:10,7181
2019-02-06 23:15,7058
2019-02-06 23:20,7054
2019-02-06 23:25,6988
2019-02-06 23:30,6985
2019-02-06 23:35,6922
2019-02-06 23:40,6917
2019-02-06 23:45,6875
2019-02-06 23:50,6816
2019-02-06 23:55,6766
2019-02-07 00:00,6698
2019-02-07 00:05,6737
2019-02-07 00:10,6694
2019-02-07 00:15,6640
2019-02-07 00:20,6668
2019-02-07 00:25,6629
2019-02-07 00:30,6604
2019-02-07 00:35,6622
2019-02-07 00:40,6593
2019-02-07 00:45,6567
2019-02-07 00:50,6601
2019-02-07 00:55,6602
2019-02-07 01:00,6575
2019-02-07 01:05,6581
2019-02-07 01:10,6605
2019-02-07 01:15,6630
2019-02-07 01:20,6672
2019-02-07 01:25,6703
2019-02-07 01:30,6718
2019-02-07 01:35,6735
2019-02-07 01:40,6712
2019-02-07 01:45,6705
2019-02-07 01:50,6725
2019-02-07 01:55,6688
2019-02-07 02:00,6657
2019-02-07 02:05,6581
2019-02-07 02:10,6607
2019-02-07 02:15,6600
2019-02-07 02:20,6589
2019-02-07 02:25,6548
2019-02-07 02:30,6528
2019-02-07 02:35,6564
2019-02-07 02:40,6568
2019-02-07 02:45,6527
2019-02-07 02:50,6519
2019-02-07 02:55,6486
2019-02-07 03:00,6433
2019-02-07 03:05,6325
2019-02-07 03:10,6301
2019-02-07 03:15,6191
2019-02-07 03:20,6185
2019-02-07 03:25,6118
2019-02-07 03:30,6017
2019-02-07 03:35,6026
2019-02-07 03:40,6017
2019-02-07 03:45,5892
2019-02-07 03:50,5877
2019-02-07 03:55,5811
2019-02-07 04:00,5776
2019-02-07 04:05,5723
2019-02-07 04:10,5630
2019-02-07 04:15,5570
2019-02-07 04:20,5479
2019-02-07 04:25,5406
2019-02-07 04:30,5321
2019-02-07 04:35,5197
2019-02-07 04:40,5127
2019-02-07 04:45,5082
2019-02-07 04:50,5016
2019-02-07 04:55,4944
2019-02-07 05:00,4872
2019-02-07 05:05,4730
2019-02-07 05:10,4646
2019-02-07 05:15,4574
2019-02-07 05:20,4484
2019-02-07 05:25,4415
2019-02-07 05:30,4337
2019-02-07 05:35,4272
2019-02-07 05:40,4176
2019-02-07 05:45,4149
2019-02-07 05:50,4048
2019-02-07 05:55,4021
2019-02-07 06:00,3971
2019-02-07 06:05,3881
2019-02-07 06:10,3845
2019-02-07 06:15,3788
2019-02-07 06:20,3728
2019-02-07 06:25,3670
2019-02-07 06:30,3603
2019-02-07 06:35,3565
2019-02-07 06:40,3517
2019-02-07 06:45,3453
2019-02-07 06:50,3402
2019-02-07 06:55,3372
2019-02-07 07:00,3281
2019-02-07 07:05,3234
2019-02-07 07:10,3172
2019-02-07 07:15,3130
2019-02-07 07:20,3105
2019-02-07 07:25,3073
2019-02-07 07:30,3038
2019-02-07 07:35,3019
2019-02-07 07:40,2960
2019-02-07 07:45,2962
2019-02-07 07:50,2935
2019-02-07 07:55,2891
2019-02-07 08:00,2859
2019-02-07 08:05,2828
2019-02-07 08:10,2796
2019-02-07 08:15,2780
2019-02-07 08:20,2772
2019-02-07 08:25,2760
2019-02-07 08:30,2776
2019-02-07 08:35,2729
2019-02-07 08:40,2746
2019-02-07 08:45,2735
2019-02-07 08:50,2717
2019-02-07 08:55,2733
2019-02-07 09:00,2731
2019-02-07 09:05,2753
2019-02-07 09:10,2748
2019-02-07 09:15,2762
2019-02-07 09:20,2779
2019-02-07 09:25,2797
2019-02-07 09:30,2826
2019-02-07 09:35,2802
2019-02-07 09:40,2819
2019-02-07 09:45,2837
2019-02-07 09:50,2832
2019-02-07 09:55,2838
2019-02-07 10:00,2837
2019-02-07 10:05,2831
2019-02-07 10:10,2844
2019-02-07 10:15,2891
2019-02-07 10:20,2920
2019-02-07 10:25,2954
2019-02-07 10:30,2941
2019-02-07 10:35,2981
2019-02-07 10:40,3030
2019-02-07 10:45,3067
2019-02-07 10:50,3083
2019-02-07 10:55,3133
2019-02-07 11:00,3187
2019-02-07 11:05,3180
2019-02-07 11:10,3200
2019-02-07 11:15,3225
2019-02-07 11:20,3239
2019-02-07 11:25,3264
2019-02-07 11:30,3305
2019-02-07 11:35,3366
2019-02-07 11:40,3374
2019-02-07 11:45,3407
2019-02-07 11:50,3453
2019-02-07 11:55,3479
2019-02-07 12:00,3541
2019-02-07 12:05,3544
2019-02-07 12:10,3563
2019-02-07 12:15,3605
2019-02-07 12:20,3645
2019-02-07 12:25,3687
2019-02-07 12:30,3718
2019-02-07 12:35,3766
2019-02-07 12:40,3797
2019-02-07 12:45,3826
2019-02-07 12:50,3874
2019-02-07 12:55,3936
2019-02-07 13:00,3964
2019-02-07 13:05,4012
2019-02-07 13:10,4030
2019-02-07 13:15,4062
2019-02-07 13:20,4122
2019-02-07 13:25,4122
2019-02-07 13:30,4138
2019-02-07 13:35,4144
2019-02-07 13:40,4226
2019-02-07 13:45,4261
2019-02-07 13:50,4308
2019-02-07 13:55,4404
2019-02-07 14:00,4432
2019-02-07 14:05,4512
2019-02-07 14:10,4586
2019-02-07 14:15,4598
2019-02-07 14:20,4609
2019-02-07 14:25,4680
2019-02-07 14:30,4707
2019-02-07 14:35,4802
2019-02-07 14:40,4898
2019-02-07 14:45,4948
2019-02-07 14:50,5053
2019-02-07 14:55,5090
2019-02-07 15:00,5160
2019-02-07 15:05,5215
2019-02-07 15:10,5270
2019-02-07 15:15,5311
2019-02-07 15:20,5379
2019-02-07 15:25,5477
2019-02-07 15:30,5544
2019-02-07 15:35,5614
2019-02-07 15:40,5700
2019-02-07 15:45,5782
2019-02-07 15:50,5795
2019-02-07 15:55,5866
2019-02-07 16:00,5960
2019-02-07 16:05,6034
2019-02-07 16:10,6058
2019-02-07 16:15,6088
2019-02-07 16:20,6177
2019-02-07 16:25,6267
2019-02-07 16:30,6297
2019-02-07 16:35,6387
2019-02-07 16:40,6433
2019-02-07 16:45,6498
2019-02-07 16:50,6560
2019-02-07 16:55,6629
2019-02-07 17:00,6671
2019-02-07 17:05,6718
2019-02-07 17:10,6765
2019-02-07 17:15,6819
2019-02-07 17:20,6866
2019-02-07 17:25,6948
2019-02-07 17:30,6963
2019-02-07 17:35,7009
2019-02-07 17:40,7050
2019-02-07 17:45,7064
2019-02-07 17:50,7109
2019-02-07 17:55,7139
2019-02-07 18:00,7207
2019-02-07 18:05,7227
2019-02-07 18:10,7284
2019-02-07 18:15,7316
2019-02-07 18:20,7374
2019-02-07 18:25,7471
2019-02-07 18:30,7503
2019-02-07 18:35,7528
2019-02-07 18:40,7621
2019-02-07 18:45,7713
2019-02-07 18:50,7758
2019-02-07 18:55,7812
2019-02-07 19:00,7844
2019-02-07 19:05,7840
2019-02-07 19:10,7864
2019-02-07 19:15,7882
2019-02-07 19:20,7947
2019-02-07 19:25,7970
2019-02-07 19:30,7994
2019-02-07 19:35,7973
2019-02-07 19:40,8001
2019-02-07 19:45,8065
2019-02-07 19:50,8083
2019-02-07 19:55,8098
2019-02-07 20:00,8136
2019-02-07 20:05,8201
2019-02-07 20:10,8219
2019-02-07 20:15,8246
2019-02-07 20:20,8227
2019-02-07 20:25,8208
2019-02-07 20:30,8244
2019-02-07 20:35,8353
2019-02-07 20:40,8319
2019-02-07 20:45,8298
2019-02-07 20:50,8220
2019-02-07 20:55,8237
2019-02-07 21:00,8224
2019-02-07 21:05,8222
2019-02-07 21:10,8264
2019-02-07 21:15,8205
2019-02-07 21:20,8145
2019-02-07 21:25,8137
2019-02-07 21:30,8129
2019-02-07 21:35,8077
2019-02-07 21:40,8068
2019-02-07 21:45,8066
2019-02-07 21:50,8043
2019-02-07 21:55,8065
2019-02-07 22:00,8027
2019-02-07 22:05,7905
2019-02-07 22:10,7846
2019-02-07 22:15,7786
2019-02-07 22:20,7798
2019-02-07 22:25,7727
2019-02-07 22:30,7646
2019-02-07 22:35,7637
2019-02-07 22:40,7394
2019-02-07 22:45,7373
2019-02-07 22:50,7344
2019-02-07 22:55,7306
2019-02-07 23:00,7277
2019-02-07 23:05,7238
2019-02-07 23:10,7169
2019-02-07 23:15,7118
2019-02-07 23:20,7066
2019-02-07 23:25,7105
2019-02-07 23:30,7081
2019-02-07 23:35,7056
2019-02-07 23:40,6987
2019-02-07 23:45,6941
2019-02-07 23:50,6885
2019-02-07 23:55,6855
2019-02-08 00:00,6836
2019-02-08 00:05,6831
2019-02-08 00:10,6792
2019-02-08 00:15,6795
2019-02-08 00:20,6772
2019-02-08 00:25,6760
2019-02-08 00:30,6778
2019-02-08 00:35,6725
2019-02-08 00:40,6706
2019-02-08 00:45,6643
2019-02-08 00:50,6686
2019-02-08 00:55,6645
2019-02-08 01:00,6626
2019-02-08 01:05,6569
2019-02-08 01:10,6556
2019-02-08 01:15,6583
2019-02-08 01:20,6617
2019-02-08 01:25,6662
2019-02-08 01:30,6591
2019-02-08 01:35,6559
2019-02-08 01:40,6550
2019-02-08 01:45,6552
2019-02-08 01:50,6522
2019-02-08 01:55,6556
2019-02-08 02:00,6584
2019-02-08 02:05,6568
2019-02-08 02:10,6502
2019-02-08 02:15,0
2019-02-08 02:20,6517
2019-02-08 02:25,6467
2019-02-08 02:30,6439
2019-02-08 02:35,6424
2019-02-08 02:40,6400
2019-02-08 02:45,6381
2019-02-08 02:50,6388
2019-02-08 02:55,6399
2019-02-08 03:00,6423
2019-02-08 03:05,6348
2019-02-08 03:10,6276
2019-02-08 03:15,6205
2019-02-08 03:20,6147
2019-02-08 03:25,6095
2019-02-08 03:30,6074
2019-02-08 03:35,6032
2019-02-08 03:40,5950
2019-02-08 03:45,5923
2019-02-08 03:50,5837
2019-02-08 03:55,5805
2019-02-08 04:00,5766
2019-02-08 04:05,5714
2019-02-08 04:10,5688
2019-02-08 04:15,5595
2019-02-08 04:20,5547
2019-02-08 04:25,5416
2019-02-08 04:30,5368
2019-02-08 04:35,5269
2019-02-08 04:40,5183
2019-02-08 04:45,5139
2019-02-08 04:50,5058
2019-02-08 04:55,4977
2019-02-08 05:00,4893
2019-02-08 05:05,4810
2019-02-08 05:10,4682
2019-02-08 05:15,4617
2019-02-08 05:20,4578
2019-02-08 05:25,4496
2019-02-08 05:30,4433
2019-02-08 05:35,4340
2019-02-08 05:40,4314
2019-02-08 05:45,4264
2019-02-08 05:50,4206
2019-02-08 05:55,4144
2019-02-08 06:00,4082
2019-02-08 06:05,4018
2019-02-08 06:10,3969
2019-02-08 06:15,3875
2019-02-08 06:20,3794
2019-02-08 06:25,3743
2019-02-08 06:30,3714
2019-02-08 06:35,3619
2019-02-08 06:40,3573
2019-02-08 06:45,3489
2019-02-08 06:50,3401
2019-02-08 06:55,3361
2019-02-08 07:00,3263
2019-02-08 07:05,3250
2019-02-08 07:10,3187
2019-02-08 07:15,3163
2019-02-08 07:20,3150
2019-02-08 07:25,3097
2019-02-08 07:30,3052
2019-02-08 07:35,3057
2019-02-08 07:40,3012
2019-02-08 07:45,2960
2019-02-08 07:50,2931
2019-02-08 07:55,2898
2019-02-08 08:00,2853
2019-02-08 08:05,2817
2019-02-08 08:10,2776
2019-02-08 08:15,2760
2019-02-08 08:20,2764
2019-02-08 08:25,2778
2019-02-08 08:30,2769
2019-02-08 08:35,2790
2019-02-08 08:40,2791
2019-02-08 08:45,2767
2019-02-08 08:50,2749
2019-02-08 08:55,2757
2019-02-08 09:00,2737
2019-02-08 09:05,2746
2019-02-08 09:10,2756
2019-02-08 09:15,2769
2019-02-08 09:20,2784
2019-02-08 09:25,2784
2019-02-08 09:30,2794
2019-02-08 09:35,2795
2019-02-08 09:40,2822
2019-02-08 09:45,2840
2019-02-08 09:50,2844
2019-02-08 09:55,2877
2019-02-08 10:00,2911
2019-02-08 10:05,2928
2019-02-08 10:10,2926
2019-02-08 10:15,2987
2019-02-08 10:20,3000
2019-02-08 10:25,3016
2019-02-08 10:30,3039
2019-02-08 10:35,3087
2019-02-08 10:40,3115
2019-02-08 10:45,3158
2019-02-08 10:50,3176
2019-02-08 10:55,3173
2019-02-08 11:00,3193
2019-02-08 11:05,3225
2019-02-08 11:10,3262
2019-02-08 11:15,3302
2019-02-08 11:20,3304
2019-02-08 11:25,3364
2019-02-08 11:30,3387
2019-02-08 11:35,3442
2019-02-08 11:40,3480
2019-02-08 11:45,3502
2019-02-08 11:50,3529
2019-02-08 11:55,3530
2019-02-08 12:00,3539
2019-02-08 12:05,3578
2019-02-08 12:10,3662
2019-02-08 12:15,3689
2019-02-08 12:20,3694
2019-02-08 12:25,3756
2019-02-08 12:30,3793
2019-02-08 12:35,3847
2019-02-08 12:40,3863
2019-02-08 12:45,3932
2019-02-08 12:50,3946
2019-02-08 12:55,4011
2019-02-08 13:00,4051
2019-02-08 13:05,4077
2019-02-08 13:10,4084
2019-02-08 13:15,4113
2019-02-08 13:20,4131
2019-02-08 13:25,4191
2019-02-08 13:30,4281
2019-02-08 13:35,4349
2019-02-08 13:40,4461
2019-02-08 13:45,4487
2019-02-08 13:50,4523
2019-02-08 13:55,4575
2019-02-08 14:00,4630
2019-02-08 14:05,4687
2019-02-08 14:10,4740
2019-02-08 14:15,4821
2019-02-08 14:20,4857
2019-02-08 14:25,4974
2019-02-08 14:30,5015
2019-02-08 14:35,5136
2019-02-08 14:40,5197
2019-02-08 14:45,5295
2019-02-08 14:50,5392
2019-02-08 14:55,5462
2019-02-08 15:00,5516
2019-02-08 15:05,
2019-02-08 15:10,5684
2019-02-08 15:15,5732
2019-02-08 15:20,5798
2019-02-08 15:25,5807
2019-02-08 15:30,5836
2019-02-08 15:35,5869
2019-02-08 15:40,5912
2019-02-08 15:45,5970
2019-02-08 15:50,6027
2019-02-08 15:55,6066
2019-02-08 16:00,6135
2019-02-08 16:05,6197
2019-02-08 16:10,6264
2019-02-08 16:15,6364
2019-02-08 16:20,6424
2019-02-08 16:25,6485
2019-02-08 16:30,6512
2019-02-08 16:35,6556
2019-02-08 16:40,6575
2019-02-08 16:45,6608
2019-02-08 16:50,6603
2019-02-08 16:55,6642
2019-02-08 17:00,6739
2019-02-08 17:05,6781
2019-02-08 17:10,6817
2019-02-08 17:15,6848
2019-02-08 17:20,6901
2019-02-08 17:25,6937
2019-02-08 17:30,6971
2019-02-08 17:35,6972
2019-02-08 17:40,6993
2019-02-08 17:45,7197
2019-02-08 17:50,7312
2019-02-08 17:55,7389
2019-02-08 18:00,7410
2019-02-08 18:05,7440
2019-02-08 18:10,7472
2019-02-08 18:15,7540
2019-02-08 18:20,7611
2019-02-08 18:25,7696
2019-02-08 18:30,7714
2019-02-08 18:35,7742
2019-02-08 18:40,7846
2019-02-08 18:45,7898
2019-02-08 18:50,7922
2019-02-08 18:55,8045
2019-02-08 19:00,8039
2019-02-08 19:05,8063
2019-02-08 19:10,8125
2019-02-08 19:15,8131
2019-02-08 19:20,8152
2019-02-08 19:25,8213
2019-02-08 19:30,8206
2019-02-08 19:35,8256
2019-02-08 19:40,8275
2019-02-08 19:45,8357
2019-02-08 19:50,8421
2019-02-08 19:55,8436
2019-02-08 20:00,8410
2019-02-08 20:05,8464
2019-02-08 20:10,8502
2019-02-08 20:15,8578
2019-02-08 20:20,8576
2019-02-08 20:25,8606
2019-02-08 20:30,8583
2019-02-08 20:35,8597
2019-02-08 20:40,8679
2019-02-08 20:45,8682
2019-02-08 20:50,8704
2019-02-08 20:55,8819
2019-02-08 21:00,8752
2019-02-08 21:05,8747
2019-02-08 21:10,8781
2019-02-08 21:15,8826
2019-02-08 21:20,8816
2019-02-08 21:25,8800
2019-02-08 21:30,8831
2019-02-08 21:35,8893
2019-02-08 21:40,8993
2019-02-08 21:45,8971
2019-02-08 21:50,8936
2019-02-08 21:55,8931
2019-02-08 22:00,8923
2019-02-08 22:05,8890
2019-02-08 22:10,8885
2019-02-08 22:15,8864
2019-02-08 22:20,8848
2019-02-08 22:25,8797
2019-02-08 22:30,8709
2019-02-08 22:35,8671
2019-02-08 22:40,8637
2019-02-08 22:45,8605
2019-02-08 22:50,8546
2019-02-08 22:55,8495
2019-02-08 23:00,8383
2019-02-08 23:05,8386
2019-02-08 23:10,8307
2019-02-08 23:15,8210
2019-02-08 23:20,8199
2019-02-08 23:25,8185
2019-02-08 23:30,8153
2019-02-08 23:35,8121
2019-02-08 23:40,8152
2019-02-08 23:45,8107
2019-02-08 23:50,8099
2019-02-08 23:55,8001
2019-02-09 00:00,7997
2019-02-09 00:05,7939
2019-02-09 00:10,7906
2019-02-09 00:15,7847
2019-02-09 00:20,7773
2019-02-09 00:25,7735
2019-02-09 00:30,7653
2019-02-09 00:35,7603
2019-02-09 00:40,7548
2019-02-09 00:45,7496
2019-02-09 00:50,7480
2019-02-09 00:55,7477
2019-02-09 01:00,7436
2019-02-09 01:05,7378
2019-02-09 01:10,7355
2019-02-09 01:15,7309
2019-02-09 01:20,7242
2019-02-09 01:25,7192
2019-02-09 01:30,7234
2019-02-09 01:35,7207
2019-02-09 01:40,7218
2019-02-09 01:45,7229
2019-02-09 01:50,7178
2019-02-09 01:55,7157
2019-02-09 02:00,7132
2019-02-09 02:05,7110
2019-02-09 02:10,7105
2019-02-09 02:15,7103
2019-02-09 02:20,7102
2019-02-09 02:25,7072
2019-02-09 02:30,7036
2019-02-09 02:35,6995
2019-02-09 02:40,7003
2019-02-09 02:45,7023
2019-02-09 02:50,6967
2019-02-09 02:55,6970
2019-02-09 03:00,6897
2019-02-09 03:05,6896
2019-02-09 03:10,6796
2019-02-09 03:15,6805
2019-02-09 03:20,6779
2019-02-09 03:25,6772
2019-02-09 03:30,6778
2019-02-09 03:35,6705
2019-02-09 03:40,6709
2019-02-09 03:45,6667
2019-02-09 03:50,6647
2019-02-09 03:55,6608
2019-02-09 04:00,6591
2019-02-09 04:05,6525
2019-02-09 04:10,6492
2019-02-09 04:15,6448
2019-02-09 04:20,6389
2019-02-09 04:25,6321
2019-02-09 04:30,6277
2019-02-09 04:35,6226
2019-02-09 04:40,6171
2019-02-09 04:45,6134
2019-02-09 04:50,6118
2019-02-09 04:55,6045
2019-02-09 05:00,5981
2019-02-09 05:05,5913
2019-02-09 05:10,5849
2019-02-09 05:15,5780
2019-02-09 05:20,5728
2019-02-09 05:25,5614
2019-02-09 05:30,5573
2019-02-09 05:35,5523
2019-02-09 05:40,5475
2019-02-09 05:45,5418
2019-02-09 05:50,5347
2019-02-09 05:55,5263
2019-02-09 06:00,5268
2019-02-09 06:05,5206
2019-02-09 06:10,5127
2019-02-09 06:15,5090
2019-02-09 06:20,5002
2019-02-09 06:25,4943
2019-02-09 06:30,4859
2019-02-09 06:35,4808
2019-02-09 06:40,4751
2019-02-09 06:45,4698
2019-02-09 06:50,4599
2019-02-09 06:55,4523
2019-02-09 07:00,4473
2019-02-09 07:05,4417
2019-02-09 07:10,4336
2019-02-09 07:15,4281
2019-02-09 07:20,4240
2019-02-09 07:25,4207
2019-02-09 07:30,4143
2019-02-09 07:35,4103
2019-02-09 07:40,4035
2019-02-09 07:45,3989
2019-02-09 07:50,3921
2019-02-09 07:55,3925
2019-02-09 08:00,3848
2019-02-09 08:05,3788
2019-02-09 08:10,3756
2019-02-09 08:15,3697
2019-02-09 08:20,3685
2019-02-09 08:25,3679
2019-02-09 08:30,3637
2019-02-09 08:35,3603
2019-02-09 08:40,3625
2019-02-09 08:45,3607
2019-02-09 08:50,3648
2019-02-09 08:55,3655
2019-02-09 09:00,3700
2019-02-09 09:05,3684
2019-02-09 09:10,3733
2019-02-09 09:15,3751
2019-02-09 09:20,3805
2019-02-09 09:25,3818
2019-02-09 09:30,3833
2019-02-09 09:35,3813
2019-02-09 09:40,3814
2019-02-09 09:45,3829
2019-02-09 09:50,3834
2019-02-09 09:55,3870
2019-02-09 10:00,3921
2019-02-09 10:05,3872
2019-02-09 10:10,3932
2019-02-09 10:15,3972
2019-02-09 10:20,4061
2019-02-09 10:25,4084
2019-02-09 10:30,4119
2019-02-09 10:35,4145
2019-02-09 10:40,4201
2019-02-09 10:45,4250
2019-02-09 10:50,4303
2019-02-09 10:55,4316
2019-02-09 11:00,4403
2019-02-09 11:05,4453
2019-02-09 11:10,4514
2019-02-09 11:15,4572
2019-02-09 11:20,4559
2019-02-09 11:25,4604
2019-02-09 11:30,4652
2019-02-09 11:35,4731
2019-02-09 11:40,4769
2019-02-09 11:45,4890
2019-02-09 11:50,4930
2019-02-09 11:55,4931
2019-02-09 12:00,4963
2019-02-09 12:05,4985
2019-02-09 12:10,5063
2019-02-09 12:15,5117
2019-02-09 12:20,5113
2019-02-09 12:25,5144
2019-02-09 12:30,5178
2019-02-09 12:35,5199
2019-02-09 12:40,5253
2019-02-09 12:45,5319
2019-02-09 12:50,5370
2019-02-09 12:55,5445
2019-02-09 13:00,5532
2019-02-09 13:05,5525
2019-02-09 13:10,5660
2019-02-09 13:15,5685
2019-02-09 13:20,5734
2019-02-09 13:25,5761
2019-02-09 13:30,5873
2019-02-09 13:35,5929
2019-02-09 13:40,5959
2019-02-09 13:45,6037
2019-02-09 13:50,6118
2019-02-09 13:55,6127
2019-02-09 14:00,6160
2019-02-09 14:05,6183
2019-02-09 14:10,6234
2019-02-09 14:15,6329
2019-02-09 14:20,6393
2019-02-09 14:25,6418
2019-02-09 14:30,6486
2019-02-09 14:35,6586
2019-02-09 14:40,6674
2019-02-09 14:45,6723
2019-02-09 14:50,6794
2019-02-09 14:55,6804
2019-02-09 15:00,6848
2019-02-09 15:05,6886
2019-02-09 15:10,6998
2019-02-09 15:15,7036
2019-02-09 15:20,7099
2019-02-09 15:25,7141
2019-02-09 15:30,7171
2019-02-09 15:35,7207
2019-02-09 15:40,7239
2019-02-09 15:45,7237
2019-02-09 15:50,7296
2019-02-09 15:55,7348
2019-02-09 16:00,7410
2019-02-09 16:05,7438
2019-02-09 16:10,7467
2019-02-09 16:15,7512
2019-02-09 16:20,7613
2019-02-09 16:25,7719
2019-02-09 16:30,7736
2019-02-09 16:35,7763
2019-02-09 16:40,7820
2019-02-09 16:45,7878
2019-02-09 16:50,7896
2019-02-09 16:55,7937
2019-02-09 17:00,7972
2019-02-09 17:05,8009
2019-02-09 17:10,8093
2019-02-09 17:15,8109
2019-02-09 17:20,8203
2019-02-09 17:25,8313
2019-02-09 17:30,8350
2019-02-09 17:35,8425
2019-02-09 17:40,8484
2019-02-09 17:45,8527
2019-02-09 17:50,8632
2019-02-09 17:55,8663
2019-02-09 18:00,8754
2019-02-09 18:05,8701
2019-02-09 18:10,8743
2019-02-09 18:15,8789
2019-02-09 18:20,8860
2019-02-09 18:25,8918
2019-02-09 18:30,8958
2019-02-09 18:35,8937
2019-02-09 18:40,8976
2019-02-09 18:45,9020
2019-02-09 18:50,9098
2019-02-09 18:55,9137
2019-02-09 19:00,9171
2019-02-09 19:05,9207
2019-02-09 19:10,9248
2019-02-09 19:15,9358
2019-02-09 19:20,9438
2019-02-09 19:25,9415
2019-02-09 19:30,9440
2019-02-09 19:35,9480
2019-02-09 19:40,9535
2019-02-09 19:45,9605
2019-02-09 19:50,9646
2019-02-09 19:55,9796
2019-02-09 20:00,9811
2019-02-09 20:05,9879
2019-02-09 20:10,9816
2019-02-09 20:15,9811
2019-02-09 20:20,9863
2019-02-09 20:25,9898
2019-02-09 20:30,9867
2019-02-09 20:35,9887
2019-02-09 20:40,9874
2019-02-09 20:45,9919
2019-02-09 20:50,9926
2019-02-09 20:55,10008
2019-02-09 21:00,10011
2019-02-09 21:05,9998
2019-02-09 21:10,9985
2019-02-09 21:15,9980
2019-02-09 21:20,9908
2019-02-09 21:25,9862
2019-02-09 21:30,9858
2019-02-09 21:35,9870
2019-02-09 21:40,9805
2019-02-09 21:45,9750
2019-02-09 21:50,9677
2019-02-09 21:55,9716
2019-02-09 22:00,9612
2019-02-09 22:05,9515
2019-02-09 22:10,9538
2019-02-09 22:15,9453
2019-02-09 22:20,9390
2019-02-09 22:25,9394
2019-02-09 22:30,9431
2019-02-09 22:35,9470
2019-02-09 22:40,9523
2019-02-09 22:45,9451
2019-02-09 22:50,9503
2019-02-09 22:55,9471
2019-02-09 23:00,9478
2019-02-09 23:05,9367
2019-02-09 23:10,9217
2019-02-09 23:15,9206
2019-02-09 23:20,9186
2019-02-09 23:25,9131
2019-02-09 23:30,9058
2019-02-09 23:35,8992
2019-02-09 23:40,8864
2019-02-09 23:45,8744
2019-02-09 23:50,8649
2019-02-09 23:55,8573
2019-02-10 00:00,8470
2019-02-10 00:05,8350
2019-02-10 00:10,8216
2019-02-10 00:15,8180
2019-02-10 00:20,8098
2019-02-10 00:25,8031
2019-02-10 00:30,7920
2019-02-10 00:35,7887
2019-02-10 00:40,7823
2019-02-10 00:45,7784
2019-02-10 00:50,7707
2019-02-10 00:55,7671
2019-02-10 01:00,7600
2019-02-10 01:05,7505
2019-02-10 01:10,7424
2019-02-10 01:15,7411
2019-02-10 01:20,7368
2019-02-10 01:25,7322
2019-02-10 01:30,7286
2019-02-10 01:35,7275
2019-02-10 01:40,7207
2019-02-10 01:45,7182
2019-02-10 01:50,7120
2019-02-10 01:55,7085
2019-02-10 02:00,7034
2019-02-10 02:05,7003
2019-02-10 02:10,6983
2019-02-10 02:15,6970
2019-02-10 02:20,6916
2019-02-10 02:25,6829
2019-02-10 02:30,6767
2019-02-10 02:35,6690
2019-02-10 02:40,6704
2019-02-10 02:45,6693
2019-02-10 02:50,6684
2019-02-10 02:55,6682
2019-02-10 03:00,6661
2019-02-10 03:05,6681
2019-02-10 03:10,6698
2019-02-10 03:15,6676
2019-02-10 03:20,6706
2019-02-10 03:25,6645
2019-02-10 03:30,6639
2019-02-10 03:35,6646
2019-02-10 03:40,6629
2019-02-10 03:45,6593
2019-02-10 03:50,6568
2019-02-10 03:55,6552
2019-02-10 04:00,6497
2019-02-10 04:05,6507
2019-02-10 04:10,6428
2019-02-10 04:15,6388
2019-02-10 04:20,6312
2019-02-10 04:25,6275
2019-02-10 04:30,6192
2019-02-10 04:35,6168
2019-02-10 04:40,6112
2019-02-10 04:45,6111
2019-02-10 04:50,6075
2019-02-10 04:55,6000
2019-02-10 05:00,6017
2019-02-10 05:05,5962
2019-02-10 05:10,5909
2019-02-10 05:15,5828
2019-02-10 05:20,5733
2019-02-10 05:25,5678
2019-02-10 05:30,5621
2019-02-10 05:35,5567
2019-02-10 05:40,5532
2019-02-10 05:45,5460
2019-02-10 05:50,5427
2019-02-10 05:55,5335
2019-02-10 06:00,5257
2019-02-10 06:05,5152
2019-02-10 06:10,5100
2019-02-10 06:15,5011
2019-02-10 06:20,4960
2019-02-10 06:25,4879
2019-02-10 06:30,4854
2019-02-10 06:35,4808
2019-02-10 06:40,4732
2019-02-10 06:45,4666
2019-02-10 06:50,4666
2019-02-10 06:55,4579
2019-02-10 07:00,4544
2019-02-10 07:05,4474
2019-02-10 07:10,4424
2019-02-10 07:15,4357
2019-02-10 07:20,4308
2019-02-10 07:25,4301
2019-02-10 07:30,4230
2019-02-10 07:35,4236
2019-02-10 07:40,4140
2019-02-10 07:45,4075
2019-02-10 07:50,4013
2019-02-10 07:55,3972
2019-02-10 08:00,3947
2019-02-10 08:05,3917
2019-02-10 08:10,3872
2019-02-10 08:15,3810
2019-02-10 08:20,3775
2019-02-10 08:25,3786
2019-02-10 08:30,3769
2019-02-10 08:35,3770
2019-02-10 08:40,3720
2019-02-10 08:45,3737
2019-02-10 08:50,3736
2019-02-10 08:55,3772
2019-02-10 09:00,3768
2019-02-10 09:05,3789
2019-02-10 09:10,3802
2019-02-10 09:15,3805
2019-02-10 09:20,3863
2019-02-10 09:25,3851
2019-02-10 09:30,3900
2019-02-10 09:35,3932
2019-02-10 09:40,3961
2019-02-10 09:45,3998
2019-02-10 09:50,4050
2019-02-10 09:55,4087
2019-02-10 10:00,4145
2019-02-10 10:05,4169
2019-02-10 10:10,4237
2019-02-10 10:15,4299
2019-02-10 10:20,4314
2019-02-10 10:25,4422
2019-02-10 10:30,4440
2019-02-10 10:35,4473
2019-02-10 10:40,4502
2019-02-10 10:45,4560
2019-02-10 10:50,4616
2019-02-10 10:55,4628
2019-02-10 11:00,4677
2019-02-10 11:05,4706
2019-02-10 11:10,4757
2019-02-10 11:15,4828
2019-02-10 11:20,4914
2019-02-10 11:25,4962
2019-02-10 11:30,4985
2019-02-10 11:35,5016
2019-02-10 11:40,5045
2019-02-10 11:45,5136
2019-02-10 11:50,5203
2019-02-10 11:55,5266
2019-02-10 12:00,5305
2019-02-10 12:05,5348
2019-02-10 12:10,5364
2019-02-10 12:15,5418
2019-02-10 12:20,5506
2019-02-10 12:25,5549
2019-02-10 12:30,5600
2019-02-10 12:35,5639
2019-02-10 12:40,5635
2019-02-10 12:45,5723
2019-02-10 12:50,5795
2019-02-10 12:55,5842
2019-02-10 13:00,5874
2019-02-10 13:05,5931
2019-02-10 13:10,5956
2019-02-10 13:15,5993
2019-02-10 13:20,6016
2019-02-10 13:25,6058
2019-02-10 13:30,6144
2019-02-10 13:35,6232
2019-02-10 13:40,6345
2019-02-10 13:45,6363
2019-02-10 13:50,6472
2019-02-10 13:55,6496
2019-02-10 14:00,6655
2019-02-10 14:05,6709
2019-02-10 14:10,6770
2019-02-10 14:15,6839
2019-02-10 14:20,6853
2019-02-10 14:25,6899
2019-02-10 14:30,6963
2019-02-10 14:35,7072
2019-02-10 14:40,7105
2019-02-10 14:45,7195
2019-02-10 14:50,7278
2019-02-10 14:55,7340
2019-02-10 15:00,7389
2019-02-10 15:05,7419
2019-02-10 15:10,7413
2019-02-10 15:15,7457
2019-02-10 15:20,7564
2019-02-10 15:25,7646
2019-02-10 15:30,7708
2019-02-10 15:35,7776
2019-02-10 15:40,7883
2019-02-10 15:45,7933
2019-02-10 15:50,7998
2019-02-10 15:55,8086
2019-02-10 16:00,8116
2019-02-10 16:05,8070
2019-02-10 16:10,7908
2019-02-10 16:15,7841
2019-02-10 16:20,8114
2019-02-10 16:25,8270
2019-02-10 16:30,8404
2019-02-10 16:35,8428
2019-02-10 16:40,8482
2019-02-10 16:45,8532
2019-02-10 16:50,8580
2019-02-10 16:55,8687
2019-02-10 17:00,8710
2019-02-10 17:05,8734
2019-02-10 17:10,8792
2019-02-10 17:15,8849
2019-02-10 17:20,8922
2019-02-10 17:25,9011
2019-02-10 17:30,9031
2019-02-10 17:35,9111
2019-02-10 17:40,9114
2019-02-10 17:45,9153
2019-02-10 17:50,9237
2019-02-10 17:55,9262
2019-02-10 18:00,9267
2019-02-10 18:05,9308
2019-02-10 18:10,9328
2019-02-10 18:15,9407
2019-02-10 18:20,9437
2019-02-10 18:25,9476
2019-02-10 18:30,9597
2019-02-10 18:35,9654
2019-02-10 18:40,9693
2019-02-10 18:45,9783
2019-02-10 18:50,9841
2019-02-10 18:55,9914
2019-02-10 19:00,10002
2019-02-10 19:05,10051
2019-02-10 19:10,10051
2019-02-10 19:15,10121
2019-02-10 19:20,10168
2019-02-10 19:25,10154
2019-02-10 19:30,10185
2019-02-10 19:35,10220
2019-02-10 19:40,10215
2019-02-10 19:45,10212
2019-02-10 19:50,10183
2019-02-10 19:55,10201
2019-02-10 20:00,10221
2019-02-10 20:05,10256
2019-02-10 20:10,10322
2019-02-10 20:15,10317
2019-02-10 20:20,10298
2019-02-10 20:25,10243
2019-02-10 20:30,10244
2019-02-10 20:35,10247
2019-02-10 20:40,10216
2019-02-10 20:45,10196
2019-02-10 20:50,10182
2019-02-10 20:55,10126
2019-02-10 21:00,10000
2019-02-10 21:05,9913
2019-02-10 21:10,9923
2019-02-10 21:15,9842
2019-02-10 21:20,9852
2019-02-10 21:25,9780
2019-02-10 21:30,9659
2019-02-10 21:35,9574
2019-02-10 21:40,9513
2019-02-10 21:45,9449
2019-02-10 21:50,9411
2019-02-10 21:55,9372
2019-02-10 22:00,9277
2019-02-10 22:05,9161
2019-02-10 22:10,9162
2019-02-10 22:15,9081
2019-02-10 22:20,8997
2019-02-10 22:25,8982
2019-02-10 22:30,8886
2019-02-10 22:35,8801
2019-02-10 22:40,8692
2019-02-10 22:45,8634
2019-02-10 22:50,8557
2019-02-10 22:55,8518
2019-02-10 23:00,8451
2019-02-10 23:05,8329
2019-02-10 23:10,8235
2019-02-10 23:15,8133
2019-02-10 23:20,8071
2019-02-10 23:25,8004
2019-02-10 23:30,7981
2019-02-10 23:35,7907
2019-02-10 23:40,7876
2019-02-10 23:45,7799
2019-02-10 23:50,7726
2019-02-10 23:55,7741
2019-02-11 00:00,7687
2019-02-11 00:05,7608
2019-02-11 00:10,7561
2019-02-11 00:15,7555
2019-02-11 00:20,7513
2019-02-11 00:25,7457
2019-02-11 00:30,7443
2019-02-11 00:35,7376
2019-02-11 00:40,7327
2019-02-11 00:45,7269
2019-02-11 00:50,7226
2019-02-11 00:55,7180
2019-02-11 01:00,7153
2019-02-11 01:05,7152
2019-02-11 01:10,7101
2019-02-11 01:15,7044
2019-02-11 01:20,7023
2019-02-11 01:25,6972
2019-02-11 01:30,6966
2019-02-11 01:35,6992
2019-02-11 01:40,6927
2019-02-11 01:45,6924
2019-02-11 01:50,6897
2019-02-11 01:55,6874
2019-02-11 02:00,6860
2019-02-11 02:05,6859
2019-02-11 02:10,6893
2019-02-11 02:15,6849
2019-02-11 02:20,6811
2019-02-11 02:25,6753
2019-02-11 02:30,6707
2019-02-11 02:35,6679
2019-02-11 02:40,6627
2019-02-11 02:45,6602
2019-02-11 02:50,6524
2019-02-11 02:55,6499
2019-02-11 03:00,6421
2019-02-11 03:05,6381
2019-02-11 03:10,6353
2019-02-11 03:15,6276
2019-02-11 03:20,6237
2019-02-11 03:25,6198
2019-02-11 03:30,6162
2019-02-11 03:35,6090
2019-02-11 03:40,6062
2019-02-11 03:45,5995
2019-02-11 03:50,5919
2019-02-11 03:55,5852
2019-02-11 04:00,5807
2019-02-11 04:05,5754
2019-02-11 04:10,5680
2019-02-11 04:15,5572
2019-02-11 04:20,5514
2019-02-11 04:25,5437
2019-02-11 04:30,5419
2019-02-11 04:35,5308
2019-02-11 04:40,5269
2019-02-11 04:45,5203
2019-02-11 04:50,5113
2019-02-11 04:55,5002
2019-02-11 05:00,4921
2019-02-11 05:05,4842
2019-02-11 05:10,4721
2019-02-11 05:15,4629
2019-02-11 05:20,4543
2019-02-11 05:25,4440
2019-02-11 05:30,4351
2019-02-11 05:35,4294
2019-02-11 05:40,4260
2019-02-11 05:45,4177
2019-02-11 05:50,4084
2019-02-11 05:55,3973
2019-02-11 06:00,3876
2019-02-11 06:05,3803
2019-02-11 06:10,3705
2019-02-11 06:15,3653
2019-02-11 06:20,3605
2019-02-11 06:25,3581
2019-02-11 06:30,3561
2019-02-11 06:35,3480
2019-02-11 06:40,3435
2019-02-11 06:45,3373
2019-02-11 06:50,3312
2019-02-11 06:55,3307
2019-02-11 07:00,3265
2019-02-11 07:05,3253
2019-02-11 07:10,3186
2019-02-11 07:15,3142
2019-02-11 07:20,3090
2019-02-11 07:25,3062
2019-02-11 07:30,3028
2019-02-11 07:35,2954
2019-02-11 07:40,2910
2019-02-11 07:45,2869
2019-02-11 07:50,2791
2019-02-11 07:55,2729
2019-02-11 08:00,2666
2019-02-11 08:05,2579
2019-02-11 08:10,2529
2019-02-11 08:15,2468
2019-02-11 08:20,2395
2019-02-11 08:25,2341
2019-02-11 08:30,2292
2019-02-11 08:35,1908
2019-02-11 08:40,1527
2019-02-11 08:45,1244
2019-02-11 08:50,918
2019-02-11 08:55,758
2019-02-11 09:00,712
2019-02-11 09:05,668
2019-02-11 09:10,682
2019-02-11 09:15,669
2019-02-11 09:20,660
2019-02-11 09:25,679
2019-02-11 09:30,687
2019-02-11 09:35,674
2019-02-11 09:40,665
2019-02-11 09:45,634
2019-02-11 09:50,654
2019-02-11 09:55,649
2019-02-11 10:00,646
2019-02-11 10:05,676
2019-02-11 10:10,661
2019-02-11 10:15,673
2019-02-11 10:20,671
2019-02-11 10:25,705
2019-02-11 10:30,715
2019-02-11 10:35,696
2019-02-11 10:40,718
2019-02-11 10:45,724
2019-02-11 10:50,709
2019-02-11 10:55,734
2019-02-11 11:00,707
2019-02-11 11:05,712
2019-02-11 11:10,728
2019-02-11 11:15,747
2019-02-11 11:20,728
2019-02-11 11:25,731
2019-02-11 11:30,759
2019-02-11 11:35,766
2019-02-11 11:40,781
2019-02-11 11:45,799
2019-02-11 11:50,782
2019-02-11 11:55,788
2019-02-11 12:00,810
2019-02-11 12:05,789
2019-02-11 12:10,825
2019-02-11 12:15,786
2019-02-11 12:20,813
2019-02-11 12:25,813
2019-02-11 12:30,809
2019-02-11 12:35,835
2019-02-11 12:40,836
2019-02-11 12:45,839
2019-02-11 12:50,856
2019-02-11 12:55,830
2019-02-11 13:00,824
2019-02-11 13:05,855
2019-02-11 13:10,884
2019-02-11 13:15,868
2019-02-11 13:20,870
2019-02-11 13:25,870
2019-02-11 13:30,850
2019-02-11 13:35,894
2019-02-11 13:40,842
2019-02-11 13:45,796
2019-02-11 13:50,816
2019-02-11 13:55,914
2019-02-11 14:00,991
2019-02-11 14:05,1069
2019-02-11 14:10,1108
2019-02-11 14:15,1150
2019-02-11 14:20,1155
2019-02-11 14:25,1132
2019-02-11 14:30,1182
2019-02-11 14:35,1171
2019-02-11 14:40,1204
2019-02-11 14:45,1224
2019-02-11 14:50,1240
2019-02-11 14:55,1252
2019-02-11 15:00,1307
2019-02-11 15:05,1365
2019-02-11 15:10,1379
2019-02-11 15:15,1346
2019-02-11 15:20,1306
2019-02-11 15:25,1384
2019-02-11 15:30,1407
2019-02-11 15:35,1433
2019-02-11 15:40,1428
2019-02-11 15:45,1375
2019-02-11 15:50,1385
2019-02-11 15:55,1464
2019-02-11 16:00,1418
2019-02-11 16:05,1489
2019-02-11 16:10,1481
2019-02-11 16:15,1471
2019-02-11 16:20,1870
2019-02-11 16:25,2513
2019-02-11 16:30,2585
2019-02-11 16:35,2080
2019-02-11 16:40,1936
2019-02-11 16:45,1809
2019-02-11 16:50,1812
2019-02-11 16:55,1771
2019-02-11 17:00,1755
2019-02-11 17:05,2864
2019-02-11 17:10,4026
2019-02-11 17:15,5048
2019-02-11 17:20,5135
2019-02-11 17:25,4105
2019-02-11 17:30,2700
2019-02-11 17:35,2336
2019-02-11 17:40,2213
2019-02-11 17:45,2182
2019-02-11 17:50,2393
2019-02-11 17:55,2383
2019-02-11 18:00,2222
2019-02-11 18:05,2170
2019-02-11 18:10,2190
2019-02-11 18:15,2969
2019-02-11 18:20,4328
2019-02-11 18:25,5403
2019-02-11 18:30,6413
2019-02-11 18:35,7291
2019-02-11 18:40,8122
2019-02-11 18:45,8844
2019-02-11 18:50,9479
2019-02-11 18:55,10056
2019-02-11 19:00,10610
2019-02-11 19:05,11003
2019-02-11 19:10,11570
2019-02-11 19:15,12068
2019-02-11 19:20,11175
2019-02-11 19:25,7434
2019-02-11 19:30,5251
2019-02-11 19:35,4033
2019-02-11 19:40,3302
2019-02-11 19:45,3074
2019-02-11 19:50,3370
2019-02-11 19:55,4060
2019-02-11 20:00,3881
2019-02-11 20:05,3714
2019-02-11 20:10,3607
2019-02-11 20:15,3520
2019-02-11 20:20,2705
2019-02-11 20:25,2480
2019-02-11 20:30,2417
2019-02-11 20:35,3777
2019-02-11 20:40,4960
2019-02-11 20:45,6534
2019-02-11 20:50,7845
2019-02-11 20:55,8973
2019-02-11 21:00,9785
2019-02-11 21:05,10396
2019-02-11 21:10,10926
2019-02-11 21:15,11487
2019-02-11 21:20,11139
2019-02-11 21:25,10080
2019-02-11 21:30,6640
2019-02-11 21:35,4387
2019-02-11 21:40,4461
2019-02-11 21:45,5526
2019-02-11 21:50,6591
2019-02-11 21:55,7358
2019-02-11 22:00,8107
2019-02-11 22:05,8731
2019-02-11 22:10,9198
2019-02-11 22:15,9633
2019-02-11 22:20,8996
2019-02-11 22:25,8223
2019-02-11 22:30,5715
2019-02-11 22:35,5291
2019-02-11 22:40,6233
2019-02-11 22:45,6962
2019-02-11 22:50,7539
2019-02-11 22:55,8055
2019-02-11 23:00,8536
2019-02-11 23:05,8876
2019-02-11 23:10,9238
2019-02-11 23:15,9509
2019-02-11 23:20,9797
2019-02-11 23:25,10053
2019-02-11 23:30,10248
2019-02-11 23:35,10339
2019-02-11 23:40,10508
2019-02-11 23:45,10641
2019-02-11 23:50,10814
2019-02-11 23:55,10791
2019-02-12 00:00,10847
2019-02-12 00:05,10844
2019-02-12 00:10,10820
2019-02-12 00:15,10774
2019-02-12 00:20,10775
2019-02-12 00:25,10745
2019-02-12 00:30,10771
2019-02-12 00:35,10711
2019-02-12 00:40,10633
2019-02-12 00:45,10557
2019-02-12 00:50,10572
2019-02-12 00:55,10530
2019-02-12 01:00,10523
2019-02-12 01:05,10462
2019-02-12 01:10,10575
2019-02-12 01:15,10555
2019-02-12 01:20,10604
2019-02-12 01:25,10618
2019-02-12 01:30,10626
2019-02-12 01:35,10664
2019-02-12 01:40,10617
2019-02-12 01:45,10600
2019-02-12 01:50,10578
2019-02-12 01:55,10571
2019-02-12 02:00,10492
2019-02-12 02:05,10530
2019-02-12 02:10,10444
2019-02-12 02:15,10449
2019-02-12 02:20,10486
2019-02-12 02:25,10434
2019-02-12 02:30,10406
2019-02-12 02:35,10305
2019-02-12 02:40,10305
2019-02-12 02:45,10366
2019-02-12 02:50,10257
2019-02-12 02:55,10141
2019-02-12 03:00,10128
2019-02-12 03:05,10056
2019-02-12 03:10,10006
2019-02-12 03:15,9983
2019-02-12 03:20,9903
2019-02-12 03:25,9855
2019-02-12 03:30,9779
2019-02-12 03:35,9695
2019-02-12 03:40,9569
2019-02-12 03:45,9471
2019-02-12 03:50,9356
2019-02-12 03:55,9272
2019-02-12 04:00,9193
2019-02-12 04:05,9113
2019-02-12 04:10,9014
2019-02-12 04:15,8913
2019-02-12 04:20,8778
2019-02-12 04:25,8633
2019-02-12 04:30,8492
2019-02-12 04:35,8375
2019-02-12 04:40,8245
2019-02-12 04:45,8119
2019-02-12 04:50,8014
2019-02-12 04:55,7928
2019-02-12 05:00,7808
2019-02-12 05:05,7674
2019-02-12 05:10,7450
2019-02-12 05:15,7325
2019-02-12 05:20,7250
2019-02-12 05:25,7111
2019-02-12 05:30,6996
2019-02-12 05:35,6830
2019-02-12 05:40,6754
2019-02-12 05:45,6629
2019-02-12 05:50,6553
2019-02-12 05:55,6414
2019-02-12 06:00,6242
2019-02-12 06:05,6082
2019-02-12 06:10,5996
2019-02-12 06:15,5909
2019-02-12 06:20,5826
2019-02-12 06:25,5746
2019-02-12 06:30,5639
2019-02-12 06:35,5486
2019-02-12 06:40,5426
2019-02-12 06:45,5365
2019-02-12 06:50,5278
2019-02-12 06:55,5219
2019-02-12 07:00,5152
2019-02-12 07:05,5048
2019-02-12 07:10,4958
2019-02-12 07:15,4917
2019-02-12 07:20,4846
2019-02-12 07:25,4759
2019-02-12 07:30,4692
2019-02-12 07:35,4609
2019-02-12 07:40,4533
2019-02-12 07:45,4478
2019-02-12 07:50,4414
2019-02-12 07:55,4307
2019-02-12 08:00,4271
2019-02-12 08:05,4202
2019-02-12 08:10,4170
2019-02-12 08:15,4145
2019-02-12 08:20,4102
2019-02-12 08:25,4072
2019-02-12 08:30,4075
2019-02-12 08:35,4016
2019-02-12 08:40,4032
2019-02-12 08:45,3945
2019-02-12 08:50,3912
2019-02-12 08:55,3870
2019-02-12 09:00,3884
2019-02-12 09:05,3882
2019-02-12 09:10,3832
2019-02-12 09:15,3839
2019-02-12 09:20,3844
2019-02-12 09:25,3854
2019-02-12 09:30,3837
2019-02-12 09:35,3858
2019-02-12 09:40,3870
2019-02-12 09:45,3868
2019-02-12 09:50,3897
2019-02-12 09:55,3911
2019-02-12 10:00,3930
2019-02-12 10:05,3984
2019-02-12 10:10,3918
2019-02-12 10:15,4014
2019-02-12 10:20,4018
2019-02-12 10:25,4070
2019-02-12 10:30,4112
2019-02-12 10:35,4134
2019-02-12 10:40,4161
2019-02-12 10:45,4164
2019-02-12 10:50,4197
2019-02-12 10:55,4203
2019-02-12 11:00,4247
2019-02-12 11:05,4277
2019-02-12 11:10,4293
2019-02-12 11:15,4359
2019-02-12 11:20,4393
2019-02-12 11:25,4457
2019-02-12 11:30,4503
2019-02-12 11:35,4554
2019-02-12 11:40,4609
2019-02-12 11:45,4665
2019-02-12 11:50,4729
2019-02-12 11:55,4678
2019-02-12 12:00,4783
2019-02-12 12:05,4801
2019-02-12 12:10,4823
2019-02-12 12:15,4923
2019-02-12 12:20,4976
2019-02-12 12:25,5002
2019-02-12 12:30,5065
2019-02-12 12:35,5095
2019-02-12 12:40,5139
2019-02-12 12:45,5195
2019-02-12 12:50,5252
2019-02-12 12:55,5305
2019-02-12 13:00,5271
2019-02-12 13:05,5315
2019-02-12 13:10,5425
2019-02-12 13:15,5479
2019-02-12 13:20,5533
2019-02-12 13:25,5585
2019-02-12 13:30,5611
2019-02-12 13:35,5722
2019-02-12 13:40,5818
2019-02-12 13:45,5912
2019-02-12 13:50,5995
2019-02-12 13:55,6071
2019-02-12 14:00,6147
2019-02-12 14:05,6221
2019-02-12 14:10,6315
2019-02-12 14:15,6474
2019-02-12 14:20,6550
2019-02-12 14:25,6631
2019-02-12 14:30,6689
2019-02-12 14:35,6752
2019-02-12 14:40,6826
2019-02-12 14:45,6913
2019-02-12 14:50,7034
2019-02-12 14:55,7149
2019-02-12 15:00,7179
2019-02-12 15:05,7228
2019-02-12 15:10,7285
2019-02-12 15:15,7341
2019-02-12 15:20,7415
2019-02-12 15:25,7491
2019-02-12 15:30,7564
2019-02-12 15:35,7595
2019-02-12 15:40,7755
2019-02-12 15:45,7789
2019-02-12 15:50,7903
2019-02-12 15:55,7994
2019-02-12 16:00,7989
2019-02-12 16:05,7939
2019-02-12 16:10,7924
2019-02-12 16:15,7857
2019-02-12 16:20,7780
2019-02-12 16:25,7620
2019-02-12 16:30,7581
2019-02-12 16:35,6348
2019-02-12 16:40,5094
2019-02-12 16:45,4013
2019-02-12 16:50,2987
2019-02-12 16:55,2339
2019-02-12 17:00,2063
2019-02-12 17:05,1846
2019-02-12 17:10,1770
2019-02-12 17:15,1769
2019-02-12 17:20,1787
2019-02-12 17:25,1774
2019-02-12 17:30,1749
2019-02-12 17:35,1774
2019-02-12 17:40,1763
2019-02-12 17:45,1737
2019-02-12 17:50,1754
2019-02-12 17:55,2390
2019-02-12 18:00,3200
2019-02-12 18:05,4038
2019-02-12 18:10,4890
2019-02-12 18:15,5671
2019-02-12 18:20,6305
2019-02-12 18:25,6993
2019-02-12 18:30,7568
2019-02-12 18:35,8318
2019-02-12 18:40,8902
2019-02-12 18:45,9420
2019-02-12 18:50,9857
2019-02-12 18:55,10206
2019-02-12 19:00,10469
2019-02-12 19:05,10751
2019-02-12 19:10,11014
2019-02-12 19:15,11287
2019-02-12 19:20,11494
2019-02-12 19:25,11719
2019-02-12 19:30,11813
2019-02-12 19:35,11895
2019-02-12 19:40,12047
2019-02-12 19:45,12097
2019-02-12 19:50,12147
2019-02-12 19:55,12226
2019-02-12 20:00,12230
2019-02-12 20:05,12228
2019-02-12 20:10,12257
2019-02-12 20:15,12293
2019-02-12 20:20,12288
2019-02-12 20:25,12357
2019-02-12 20:30,12398
2019-02-12 20:35,12365
2019-02-12 20:40,12347
2019-02-12 20:45,12261
2019-02-12 20:50,12227
2019-02-12 20:55,12251
2019-02-12 21:00,12186
2019-02-12 21:05,12093
2019-02-12 21:10,12098
2019-02-12 21:15,11902
2019-02-12 21:20,11833
2019-02-12 21:25,11805
2019-02-12 21:30,11797
2019-02-12 21:35,11782
2019-02-12 21:40,11775
2019-02-12 21:45,11728
2019-02-12 21:50,11662
2019-02-12 21:55,11567
2019-02-12 22:00,11492
2019-02-12 22:05,11495
2019-02-12 22:10,11390
2019-02-12 22:15,11378
2019-02-12 22:20,11318
2019-02-12 22:25,11286
2019-02-12 22:30,11264
2019-02-12 22:35,11204
2019-02-12 22:40,11122
2019-02-12 22:45,11102
2019-02-12 22:50,11026
2019-02-12 22:55,11002
2019-02-12 23:00,10822
2019-02-12 23:05,10733
2019-02-12 23:10,10623
2019-02-12 23:15,10586
2019-02-12 23:20,10456
2019-02-12 23:25,10369
2019-02-12 23:30,10313
2019-02-12 23:35,0
2019-02-12 23:40,9604
2019-02-12 23:45,10084
2019-02-12 23:50,10163
2019-02-12 23:55,10098
2019-02-13 00:00,10088
2019-02-13 00:05,10067
2019-02-13 00:10,10066
2019-02-13 00:15,10037
2019-02-13 00:20,10015
2019-02-13 00:25,9629
2019-02-13 00:30,9492
2019-02-13 00:35,9516
2019-02-13 00:40,9408
2019-02-13 00:45,9412
2019-02-13 00:50,9386
2019-02-13 00:55,9402
2019-02-13 01:00,9451
2019-02-13 01:05,9469
2019-02-13 01:10,9531
2019-02-13 01:15,9570
2019-02-13 01:20,9628
2019-02-13 01:25,9660
2019-02-13 01:30,9657
2019-02-13 01:35,9687
2019-02-13 01:40,9713
2019-02-13 01:45,9719
2019-02-13 01:50,9599
2019-02-13 01:55,9676
2019-02-13 02:00,9667
2019-02-13 02:05,9670
2019-02-13 02:10,9653
2019-02-13 02:15,9648
2019-02-13 02:20,9623
2019-02-13 02:25,9630
2019-02-13 02:30,9665
2019-02-13 02:35,9667
2019-02-13 02:40,9639
2019-02-13 02:45,9576
2019-02-13 02:50,9538
2019-02-13 02:55,9511
2019-02-13 03:00,9439
2019-02-13 03:05,9389
2019-02-13 03:10,9343
2019-02-13 03:15,9191
2019-02-13 03:20,9073
2019-02-13 03:25,8971
2019-02-13 03:30,8883
2019-02-13 03:35,8806
2019-02-13 03:40,8738
2019-02-13 03:45,8629
2019-02-13 03:50,8563
2019-02-13 03:55,8476
2019-02-13 04:00,8396
2019-02-13 04:05,8267
2019-02-13 04:10,8132
2019-02-13 04:15,8077
2019-02-13 04:20,7957
2019-02-13 04:25,7895
2019-02-13 04:30,7814
2019-02-13 04:35,7668
2019-02-13 04:40,7545
2019-02-13 04:45,7452
2019-02-13 04:50,7293
2019-02-13 04:55,7127
2019-02-13 05:00,7024
2019-02-13 05:05,6945
2019-02-13 05:10,6802
2019-02-13 05:15,6741
2019-02-13 05:20,6577
2019-02-13 05:25,6453
2019-02-13 05:30,6401
2019-02-13 05:35,6292
2019-02-13 05:40,6145
2019-02-13 05:45,6084
2019-02-13 05:50,5952
2019-02-13 05:55,5834
2019-02-13 06:00,5709
2019-02-13 06:05,5615
2019-02-13 06:10,5457
2019-02-13 06:15,5337
2019-02-13 06:20,5233
2019-02-13 06:25,5134
2019-02-13 06:30,5043
2019-02-13 06:35,4974
2019-02-13 06:40,4846
2019-02-13 06:45,4735
2019-02-13 06:50,4664
2019-02-13 06:55,4615
2019-02-13 07:00,4518
2019-02-13 07:05,4410
2019-02-13 07:10,4327
2019-02-13 07:15,4240
2019-02-13 07:20,4186
2019-02-13 07:25,4114
2019-02-13 07:30,4064
2019-02-13 07:35,4025
2019-02-13 07:40,3931
2019-02-13 07:45,3869
2019-02-13 07:50,3860
2019-02-13 07:55,3808
2019-02-13 08:00,3771
2019-02-13 08:05,3741
2019-02-13 08:10,3698
2019-02-13 08:15,3672
2019-02-13 08:20,3649
2019-02-13 08:25,3645
2019-02-13 08:30,3603
2019-02-13 08:35,3537
2019-02-13 08:40,3518
2019-02-13 08:45,3491
2019-02-13 08:50,3486
2019-02-13 08:55,3465
2019-02-13 09:00,3456
2019-02-13 09:05,3472
2019-02-13 09:10,3483
2019-02-13 09:15,3473
2019-02-13 09:20,3475
2019-02-13 09:25,3509
2019-02-13 09:30,3467
2019-02-13 09:35,3473
2019-02-13 09:40,3526
2019-02-13 09:45,3535
2019-02-13 09:50,3543
2019-02-13 09:55,3551
2019-02-13 10:00,3614
2019-02-13 10:05,3663
2019-02-13 10:10,3685
2019-02-13 10:15,3708
2019-02-13 10:20,3732
2019-02-13 10:25,3747
2019-02-13 10:30,3757
2019-02-13 10:35,3782
2019-02-13 10:40,3789
2019-02-13 10:45,3793
2019-02-13 10:50,3842
2019-02-13 10:55,3868
2019-02-13 11:00,3895
2019-02-13 11:05,3960
2019-02-13 11:10,3974
2019-02-13 11:15,4014
2019-02-13 11:20,4059
2019-02-13 11:25,4086
2019-02-13 11:30,4150
2019-02-13 11:35,4208
2019-02-13 11:40,4211
2019-02-13 11:45,4241
2019-02-13 11:50,4271
2019-02-13 11:55,4331
2019-02-13 12:00,4371
2019-02-13 12:05,4404
2019-02-13 12:10,4449
2019-02-13 12:15,4510
2019-02-13 12:20,4517
2019-02-13 12:25,4571
2019-02-13 12:30,4594
2019-02-13 12:35,4655
2019-02-13 12:40,4748
2019-02-13 12:45,4752
2019-02-13 12:50,4841
2019-02-13 12:55,4900
2019-02-13 13:00,4960
2019-02-13 13:05,5071
2019-02-13 13:10,5173
2019-02-13 13:15,5230
2019-02-13 13:20,5314
2019-02-13 13:25,5388
2019-02-13 13:30,5485
2019-02-13 13:35,5478
2019-02-13 13:40,5492
2019-02-13 13:45,5485
2019-02-13 13:50,5563
2019-02-13 13:55,5524
2019-02-13 14:00,5593
2019-02-13 14:05,5588
2019-02-13 14:10,5598
2019-02-13 14:15,5652
2019-02-13 14:20,5600
2019-02-13 14:25,5591
2019-02-13 14:30,5582
2019-02-13 14:35,4820
2019-02-13 14:40,3902
2019-02-13 14:45,3077
2019-02-13 14:50,2371
2019-02-13 14:55,1880
2019-02-13 15:00,1707
2019-02-13 15:05,1597
2019-02-13 15:10,1430
2019-02-13 15:15,1399
2019-02-13 15:20,1399
2019-02-13 15:25,1424
2019-02-13 15:30,1449
2019-02-13 15:35,1419
2019-02-13 15:40,1457
2019-02-13 15:45,1794
2019-02-13 15:50,2601
2019-02-13 15:55,3404
2019-02-13 16:00,4072
2019-02-13 16:05,4724
2019-02-13 16:10,5326
2019-02-13 16:15,5823
2019-02-13 16:20,6272
2019-02-13 16:25,6738
2019-02-13 16:30,7149
2019-02-13 16:35,7462
2019-02-13 16:40,7834
2019-02-13 16:45,8079
2019-02-13 16:50,8388
2019-02-13 16:55,8600
2019-02-13 17:00,8818
2019-02-13 17:05,8958
2019-02-13 17:10,9126
2019-02-13 17:15,9310
2019-02-13 17:20,9453
2019-02-13 17:25,9571
2019-02-13 17:30,9672
2019-02-13 17:35,9776
2019-02-13 17:40,9865
2019-02-13 17:45,9861
2019-02-13 17:50,9957
2019-02-13 17:55,
2019-02-13 18:00,10103
2019-02-13 18:05,10256
2019-02-13 18:10,10292
2019-02-13 18:15,10358
2019-02-13 18:20,10438
2019-02-13 18:25,10578
2019-02-13 18:30,10628
2019-02-13 18:35,10753
2019-02-13 18:40,10876
2019-02-13 18:45,10964
2019-02-13 18:50,10993
2019-02-13 18:55,11050
2019-02-13 19:00,11106
2019-02-13 19:05,11159
2019-02-13 19:10,11192
2019-02-13 19:15,11005
2019-02-13 19:20,11233
2019-02-13 19:25,11347
2019-02-13 19:30,11428
2019-02-13 19:35,11470
2019-02-13 19:40,11507
2019-02-13 19:45,11474
2019-02-13 19:50,11448
2019-02-13 19:55,11422
2019-02-13 20:00,11307
2019-02-13 20:05,11242
2019-02-13 20:10,11293
2019-02-13 20:15,11241
2019-02-13 20:20,11282
2019-02-13 20:25,11324
2019-02-13 20:30,11245
2019-02-13 20:35,11264
2019-02-13 20:40,11217
2019-02-13 20:45,11170
2019-02-13 20:50,11191
2019-02-13 20:55,11154
2019-02-13 21:00,11143
2019-02-13 21:05,11137
2019-02-13 21:10,11107
2019-02-13 21:15,11090
2019-02-13 21:20,11062
2019-02-13 21:25,11046
2019-02-13 21:30,11037
2019-02-13 21:35,10936
2019-02-13 21:40,10883
2019-02-13 21:45,10766
2019-02-13 21:50,10653
2019-02-13 21:55,10604
2019-02-13 22:00,10535
2019-02-13 22:05,10480
2019-02-13 22:10,10412
2019-02-13 22:15,10347
2019-02-13 22:20,10306
2019-02-13 22:25,10313
2019-02-13 22:30,10259
2019-02-13 22:35,10198
2019-02-13 22:40,10158
2019-02-13 22:45,10120
2019-02-13 22:50,10115
2019-02-13 22:55,10100
2019-02-13 23:00,10076
2019-02-13 23:05,10003
2019-02-13 23:10,9971
2019-02-13 23:15,9901
2019-02-13 23:20,9829
2019-02-13 23:25,9759
2019-02-13 23:30,9704
2019-02-13 23:35,9697
2019-02-13 23:40,9643
2019-02-13 23:45,9579
2019-02-13 23:50,9522
2019-02-13 23:55,9533
2019-02-14 00:00,9508
2019-02-14 00:05,9467
2019-02-14 00:10,9417
2019-02-14 00:15,9370
2019-02-14 00:20,9370
2019-02-14 00:25,9307
2019-02-14 00:30,9283
2019-02-14 00:35,9262
2019-02-14 00:40,9238
2019-02-14 00:45,9191
2019-02-14 00:50,9252
2019-02-14 00:55,9228
2019-02-14 01:00,9239
2019-02-14 01:05,9226
2019-02-14 01:10,9211
2019-02-14 01:15,9200
2019-02-14 01:20,9131
2019-02-14 01:25,9127
2019-02-14 01:30,9168
2019-02-14 01:35,9104
2019-02-14 01:40,9119
2019-02-14 01:45,9091
2019-02-14 01:50,9121
2019-02-14 01:55,9144
2019-02-14 02:00,9145
2019-02-14 02:05,9173
2019-02-14 02:10,9127
2019-02-14 02:15,9096
2019-02-14 02:20,9107
2019-02-14 02:25,9113
2019-02-14 02:30,9118
2019-02-14 02:35,9090
2019-02-14 02:40,9063
2019-02-14 02:45,9013
2019-02-14 02:50,8965
2019-02-14 02:55,8940
2019-02-14 03:00,8920
2019-02-14 03:05,8851
2019-02-14 03:10,8772
2019-02-14 03:15,8793
2019-02-14 03:20,8735
2019-02-14 03:25,0
2019-02-14 03:30,8358
2019-02-14 03:35,8301
2019-02-14 03:40,8290
2019-02-14 03:45,8189
2019-02-14 03:50,8095
2019-02-14 03:55,8170
2019-02-14 04:00,8116
2019-02-14 04:05,7996
2019-02-14 04:10,7881
2019-02-14 04:15,7857
2019-02-14 04:20,7723
2019-02-14 04:25,7619
2019-02-14 04:30,7532
2019-02-14 04:35,7429
2019-02-14 04:40,7308
2019-02-14 04:45,7204
2019-02-14 04:50,7099
2019-02-14 04:55,6928
2019-02-14 05:00,6809
2019-02-14 05:05,6684
2019-02-14 05:10,6569
2019-02-14 05:15,6429
2019-02-14 05:20,6319
2019-02-14 05:25,6190
2019-02-14 05:30,6089
2019-02-14 05:35,6015
2019-02-14 05:40,5908
2019-02-14 05:45,5751
2019-02-14 05:50,5667
2019-02-14 05:55,5599
2019-02-14 06:00,5490
2019-02-14 06:05,5374
2019-02-14 06:10,5260
2019-02-14 06:15,5163
2019-02-14 06:20,5080
2019-02-14 06:25,5010
2019-02-14 06:30,4954
2019-02-14 06:35,4890
2019-02-14 06:40,4810
2019-02-14 06:45,4712
2019-02-14 06:50,4630
2019-02-14 06:55,4514
2019-02-14 07:00,4460
2019-02-14 07:05,4384
2019-02-14 07:10,4356
2019-02-14 07:15,4317
2019-02-14 07:20,4261
2019-02-14 07:25,4215
2019-02-14 07:30,4170
2019-02-14 07:35,4079
2019-02-14 07:40,4024
2019-02-14 07:45,3974
2019-02-14 07:50,3949
2019-02-14 07:55,3922
2019-02-14 08:00,3844
2019-02-14 08:05,3783
2019-02-14 08:10,3773
2019-02-14 08:15,3716
2019-02-14 08:20,3695
2019-02-14 08:25,3657
2019-02-14 08:30,3636
2019-02-14 08:35,3555
2019-02-14 08:40,3567
2019-02-14 08:45,3541
2019-02-14 08:50,3526
2019-02-14 08:55,3539
2019-02-14 09:00,3523
2019-02-14 09:05,3524
2019-02-14 09:10,3510
2019-02-14 09:15,3521
2019-02-14 09:20,3538
2019-02-14 09:25,3533
2019-02-14 09:30,3572
2019-02-14 09:35,3562
2019-02-14 09:40,3567
2019-02-14 09:45,3591
2019-02-14 09:50,3598
2019-02-14 09:55,3615
2019-02-14 10:00,3664
2019-02-14 10:05,3671
2019-02-14 10:10,3671
2019-02-14 10:15,3718
2019-02-14 10:20,3746
2019-02-14 10:25,3770
2019-02-14 10:30,3796
2019-02-14 10:35,3812
2019-02-14 10:40,3845
2019-02-14 10:45,3891
2019-02-14 10:50,3951
2019-02-14 10:55,3961
2019-02-14 11:00,4007
2019-02-14 11:05,3979
2019-02-14 11:10,4008
2019-02-14 11:15,4056
2019-02-14 11:20,4091
2019-02-14 11:25,4093
2019-02-14 11:30,4130
2019-02-14 11:35,4176
2019-02-14 11:40,4217
2019-02-14 11:45,4256
2019-02-14 11:50,4326
2019-02-14 11:55,4407
2019-02-14 12:00,4424
2019-02-14 12:05,4459
2019-02-14 12:10,4509
2019-02-14 12:15,4589
2019-02-14 12:20,4657
2019-02-14 12:25,4723
2019-02-14 12:30,4787
2019-02-14 12:35,4834
2019-02-14 12:40,4836
2019-02-14 12:45,4880
2019-02-14 12:50,4953
2019-02-14 12:55,4971
2019-02-14 13:00,4950
2019-02-14 13:05,5048
2019-02-14 13:10,5049
2019-02-14 13:15,5149
2019-02-14 13:20,5224
2019-02-14 13:25,5278
2019-02-14 13:30,5340
2019-02-14 13:35,5364
2019-02-14 13:40,5382
2019-02-14 13:45,5431
2019-02-14 13:50,5465
2019-02-14 13:55,5508
2019-02-14 14:00,5544
2019-02-14 14:05,5505
2019-02-14 14:10,5501
2019-02-14 14:15,5500
2019-02-14 14:20,5474
2019-02-14 14:25,5427
2019-02-14 14:30,5407
2019-02-14 14:35,4708
2019-02-14 14:40,3839
2019-02-14 14:45,3133
2019-02-14 14:50,2402
2019-02-14 14:55,1925
2019-02-14 15:00,1670
2019-02-14 15:05,1442
2019-02-14 15:10,1379
2019-02-14 15:15,1410
2019-02-14 15:20,1457
2019-02-14 15:25,1439
2019-02-14 15:30,1477
2019-02-14 15:35,1452
2019-02-14 15:40,1455
2019-02-14 15:45,1472
2019-02-14 15:50,1454
2019-02-14 15:55,1479
2019-02-14 16:00,1466
2019-02-14 16:05,1600
2019-02-14 16:10,2191
2019-02-14 16:15,2833
2019-02-14 16:20,3674
2019-02-14 16:25,4303
2019-02-14 16:30,4988
2019-02-14 16:35,5529
2019-02-14 16:40,6012
2019-02-14 16:45,6420
2019-02-14 16:50,6740
2019-02-14 16:55,7138
2019-02-14 17:00,7441
2019-02-14 17:05,7714
2019-02-14 17:10,7923
2019-02-14 17:15,8206
2019-02-14 17:20,8384
2019-02-14 17:25,
2019-02-14 17:30,8694
2019-02-14 17:35,8847
2019-02-14 17:40,8987
2019-02-14 17:45,9087
2019-02-14 17:50,9272
2019-02-14 17:55,9367
2019-02-14 18:00,9393
2019-02-14 18:05,9490
2019-02-14 18:10,9568
2019-02-14 18:15,9673
2019-02-14 18:20,9706
2019-02-14 18:25,9730
2019-02-14 18:30,9801
2019-02-14 18:35,9791
2019-02-14 18:40,9848
2019-02-14 18:45,9860
2019-02-14 18:50,9945
2019-02-14 18:55,9988
2019-02-14 19:00,10028
2019-02-14 19:05,10071
2019-02-14 19:10,10131
2019-02-14 19:15,10097
2019-02-14 19:20,10143
2019-02-14 19:25,10216
2019-02-14 19:30,10288
2019-02-14 19:35,10325
2019-02-14 19:40,10367
2019-02-14 19:45,10408
2019-02-14 19:50,10321
2019-02-14 19:55,10356
2019-02-14 20:00,10452
2019-02-14 20:05,10453
2019-02-14 20:10,10428
2019-02-14 20:15,10463
2019-02-14 20:20,10485
2019-02-14 20:25,10460
2019-02-14 20:30,10475
2019-02-14 20:35,10514
2019-02-14 20:40,10535
2019-02-14 20:45,10506
2019-02-14 20:50,10513
2019-02-14 20:55,10419
2019-02-14 21:00,10393
2019-02-14 21:05,9871
2019-02-14 21:10,9060
2019-02-14 21:15,9023
2019-02-14 21:20,9112
2019-02-14 21:25,9291
2019-02-14 21:30,9418
2019-02-14 21:35,9429
2019-02-14 21:40,9443
2019-02-14 21:45,9504
2019-02-14 21:50,9593
2019-02-14 21:55,9611
2019-02-14 22:00,9577
2019-02-14 22:05,9564
2019-02-14 22:10,9519
2019-02-14 22:15,9536
2019-02-14 22:20,9578
2019-02-14 22:25,9587
2019-02-14 22:30,9556
2019-02-14 22:35,9531
2019-02-14 22:40,9455
2019-02-14 22:45,9347
2019-02-14 22:50,9348
2019-02-14 22:55,9282
2019-02-14 23:00,9263
2019-02-14 23:05,9157
2019-02-14 23:10,9057
2019-02-14 23:15,9047
2019-02-14 23:20,8858
2019-02-14 23:25,8846
2019-02-14 23:30,8817
2019-02-14 23:35,8768
2019-02-14 23:40,8715
2019-02-14 23:45,8676
2019-02-14 23:50,8686
2019-02-14 23:55,8635
2019-02-15 00:00,8631
2019-02-15 00:05,8617
2019-02-15 00:10,8576
2019-02-15 00:15,8507
2019-02-15 00:20,8392
2019-02-15 00:25,8375
2019-02-15 00:30,8397
2019-02-15 00:35,8366
2019-02-15 00:40,8343
2019-02-15 00:45,8277
2019-02-15 00:50,8258
2019-02-15 00:55,8306
2019-02-15 01:00,8324
2019-02-15 01:05,8262
2019-02-15 01:10,8212
2019-02-15 01:15,8238
2019-02-15 01:20,8227
2019-02-15 01:25,8221
2019-02-15 01:30,8240
2019-02-15 01:35,8273
2019-02-15 01:40,8251
2019-02-15 01:45,8282
2019-02-15 01:50,8234
2019-02-15 01:55,8212
2019-02-15 02:00,8205
2019-02-15 02:05,8175
2019-02-15 02:10,8134
2019-02-15 02:15,8100
2019-02-15 02:20,8072
2019-02-15 02:25,8053
2019-02-15 02:30,8043
2019-02-15 02:35,8037
2019-02-15 02:40,8056
2019-02-15 02:45,8059
2019-02-15 02:50,8000
2019-02-15 02:55,8014
2019-02-15 03:00,7994
2019-02-15 03:05,7973
2019-02-15 03:10,7870
2019-02-15 03:15,7789
2019-02-15 03:20,7821
2019-02-15 03:25,7792
2019-02-15 03:30,7749
2019-02-15 03:35,7718
2019-02-15 03:40,7704
2019-02-15 03:45,7638
2019-02-15 03:50,7628
2019-02-15 03:55,7584
2019-02-15 04:00,7492
2019-02-15 04:05,7390
2019-02-15 04:10,7336
2019-02-15 04:15,7249
2019-02-15 04:20,7164
2019-02-15 04:25,7065
2019-02-15 04:30,7027
2019-02-15 04:35,6882
2019-02-15 04:40,6788
2019-02-15 04:45,6718
2019-02-15 04:50,6616
2019-02-15 04:55,6554
2019-02-15 05:00,6451
2019-02-15 05:05,6316
2019-02-15 05:10,6264
2019-02-15 05:15,6167
2019-02-15 05:20,6076
2019-02-15 05:25,5861
2019-02-15 05:30,5879
2019-02-15 05:35,5818
2019-02-15 05:40,5772
2019-02-15 05:45,5663
2019-02-15 05:50,5629
2019-02-15 05:55,5549
2019-02-15 06:00,5427
2019-02-15 06:05,5352
2019-02-15 06:10,5274
2019-02-15 06:15,5188
2019-02-15 06:20,5136
2019-02-15 06:25,5066
2019-02-15 06:30,4981
2019-02-15 06:35,4988
2019-02-15 06:40,4907
2019-02-15 06:45,4877
2019-02-15 06:50,4779
2019-02-15 06:55,4724
2019-02-15 07:00,4685
2019-02-15 07:05,4594
2019-02-15 07:10,4493
2019-02-15 07:15,4424
2019-02-15 07:20,4363
2019-02-15 07:25,4308
2019-02-15 07:30,4268
2019-02-15 07:35,4251
2019-02-15 07:40,4238
2019-02-15 07:45,4166
2019-02-15 07:50,4113
2019-02-15 07:55,4082
2019-02-15 08:00,3997
2019-02-15 08:05,3955
2019-02-15 08:10,3911
2019-02-15 08:15,3855
2019-02-15 08:20,3796
2019-02-15 08:25,3763
2019-02-15 08:30,3747
2019-02-15 08:35,3696
2019-02-15 08:40,3667
2019-02-15 08:45,3630
2019-02-15 08:50,3634
2019-02-15 08:55,3589
2019-02-15 09:00,3604
2019-02-15 09:05,3644
2019-02-15 09:10,3674
2019-02-15 09:15,3660
2019-02-15 09:20,3667
2019-02-15 09:25,3672
2019-02-15 09:30,3692
2019-02-15 09:35,3702
2019-02-15 09:40,3743
2019-02-15 09:45,3737
2019-02-15 09:50,3736
2019-02-15 09:55,3742
2019-02-15 10:00,3751
2019-02-15 10:05,3758
2019-02-15 10:10,3808
2019-02-15 10:15,3799
2019-02-15 10:20,3865
2019-02-15 10:25,3908
2019-02-15 10:30,3925
2019-02-15 10:35,3990
2019-02-15 10:40,4039
2019-02-15 10:45,4059
2019-02-15 10:50,4076
2019-02-15 10:55,4101
2019-02-15 11:00,4145
2019-02-15 11:05,4194
2019-02-15 11:10,4246
2019-02-15 11:15,4318
2019-02-15 11:20,4365
2019-02-15 11:25,4416
2019-02-15 11:30,4450
2019-02-15 11:35,4519
2019-02-15 11:40,4533
2019-02-15 11:45,4578
2019-02-15 11:50,4640
2019-02-15 11:55,4655
2019-02-15 12:00,4709
2019-02-15 12:05,4748
2019-02-15 12:10,4737
2019-02-15 12:15,4788
2019-02-15 12:20,4866
2019-02-15 12:25,4896
2019-02-15 12:30,5009
2019-02-15 12:35,5054
2019-02-15 12:40,5103
2019-02-15 12:45,5152
2019-02-15 12:50,5228
2019-02-15 12:55,5246
2019-02-15 13:00,5355
2019-02-15 13:05,5453
2019-02-15 13:10,5490
2019-02-15 13:15,5470
2019-02-15 13:20,5535
2019-02-15 13:25,5619
2019-02-15 13:30,5693
2019-02-15 13:35,5782
2019-02-15 13:40,5886
2019-02-15 13:45,5972
2019-02-15 13:50,6045
2019-02-15 13:55,6145
2019-02-15 14:00,6223
2019-02-15 14:05,6331
2019-02-15 14:10,6341
2019-02-15 14:15,6442
2019-02-15 14:20,6491
2019-02-15 14:25,6504
2019-02-15 14:30,6549
2019-02-15 14:35,6628
2019-02-15 14:40,6697
2019-02-15 14:45,6780
2019-02-15 14:50,6874
2019-02-15 14:55,6876
2019-02-15 15:00,6885
2019-02-15 15:05,6961
2019-02-15 15:10,7013
2019-02-15 15:15,7117
2019-02-15 15:20,7212
2019-02-15 15:25,7239
2019-02-15 15:30,7328
2019-02-15 15:35,7452
2019-02-15 15:40,7530
2019-02-15 15:45,7547
2019-02-15 15:50,7609
2019-02-15 15:55,7684
2019-02-15 16:00,7865
2019-02-15 16:05,7945
2019-02-15 16:10,7993
2019-02-15 16:15,8028
2019-02-15 16:20,8122
2019-02-15 16:25,8185
2019-02-15 16:30,8226
2019-02-15 16:35,8349
2019-02-15 16:40,8472
2019-02-15 16:45,8537
2019-02-15 16:50,8611
2019-02-15 16:55,8604
2019-02-15 17:00,8663
2019-02-15 17:05,8735
2019-02-15 17:10,8805
2019-02-15 17:15,8833
2019-02-15 17:20,8897
2019-02-15 17:25,8962
2019-02-15 17:30,8981
2019-02-15 17:35,9040
2019-02-15 17:40,9106
2019-02-15 17:45,9141
2019-02-15 17:50,9166
2019-02-15 17:55,9259
2019-02-15 18:00,9254
2019-02-15 18:05,9309
2019-02-15 18:10,9390
2019-02-15 18:15,9386
2019-02-15 18:20,9511
2019-02-15 18:25,9645
2019-02-15 18:30,9712
2019-02-15 18:35,9824
2019-02-15 18:40,9862
2019-02-15 18:45,9876
2019-02-15 18:50,9938
2019-02-15 18:55,9988
2019-02-15 19:00,10023
2019-02-15 19:05,10094
2019-02-15 19:10,10142
2019-02-15 19:15,10207
2019-02-15 19:20,10263
2019-02-15 19:25,10266
2019-02-15 19:30,10273
2019-02-15 19:35,10338
2019-02-15 19:40,10276
2019-02-15 19:45,10356
2019-02-15 19:50,10406
2019-02-15 19:55,10539
2019-02-15 20:00,10642
2019-02-15 20:05,10686
2019-02-15 20:10,10698
2019-02-15 20:15,10662
2019-02-15 20:20,10696
2019-02-15 20:25,10739
2019-02-15 20:30,10770
2019-02-15 20:35,10797
2019-02-15 20:40,10862
2019-02-15 20:45,10917
2019-02-15 20:50,10932
2019-02-15 20:55,10964
2019-02-15 21:00,10935
2019-02-15 21:05,10924
2019-02-15 21:10,10938
2019-02-15 21:15,10949
2019-02-15 21:20,10942
2019-02-15 21:25,10959
2019-02-15 21:30,10939
2019-02-15 21:35,10948
2019-02-15 21:40,10942
2019-02-15 21:45,10949
2019-02-15 21:50,10978
2019-02-15 21:55,11023
2019-02-15 22:00,10978
2019-02-15 22:05,10939
2019-02-15 22:10,10932
2019-02-15 22:15,10922
2019-02-15 22:20,10886
2019-02-15 22:25,10795
2019-02-15 22:30,10805
2019-02-15 22:35,10784
2019-02-15 22:40,10723
2019-02-15 22:45,10628
2019-02-15 22:50,10623
2019-02-15 22:55,10630
2019-02-15 23:00,10585
2019-02-15 23:05,10588
2019-02-15 23:10,10510
2019-02-15 23:15,10454
2019-02-15 23:20,10361
2019-02-15 23:25,10276
2019-02-15 23:30,10159
2019-02-15 23:35,10127
2019-02-15 23:40,10098
2019-02-15 23:45,10082
2019-02-15 23:50,10054
2019-02-15 23:55,9951
2019-02-16 00:00,9867
2019-02-16 00:05,9774
2019-02-16 00:10,9668
2019-02-16 00:15,9622
2019-02-16 00:20,9604
2019-02-16 00:25,9543
2019-02-16 00:30,9485
2019-02-16 00:35,9420
2019-02-16 00:40,9321
2019-02-16 00:45,9246
2019-02-16 00:50,9320
2019-02-16 00:55,9207
2019-02-16 01:00,9192
2019-02-16 01:05,9168
2019-02-16 01:10,9120
2019-02-16 01:15,9079
2019-02-16 01:20,9021
2019-02-16 01:25,8963
2019-02-16 01:30,8961
2019-02-16 01:35,8961
2019-02-16 01:40,8972
2019-02-16 01:45,8924
2019-02-16 01:50,8917
2019-02-16 01:55,8914
2019-02-16 02:00,8861
2019-02-16 02:05,8838
2019-02-16 02:10,8826
2019-02-16 02:15,8865
2019-02-16 02:20,8841
2019-02-16 02:25,8856
2019-02-16 02:30,8839
2019-02-16 02:35,8874
2019-02-16 02:40,8831
2019-02-16 02:45,8838
2019-02-16 02:50,8836
2019-02-16 02:55,8817
2019-02-16 03:00,8801
2019-02-16 03:05,8814
2019-02-16 03:10,8836
2019-02-16 03:15,8789
2019-02-16 03:20,8782
2019-02-16 03:25,8747
2019-02-16 03:30,8781
2019-02-16 03:35,8776
2019-02-16 03:40,8720
2019-02-16 03:45,8713
2019-02-16 03:50,8685
2019-02-16 03:55,8604
2019-02-16 04:00,8631
2019-02-16 04:05,8556
2019-02-16 04:10,8476
2019-02-16 04:15,8407
2019-02-16 04:20,8306
2019-02-16 04:25,8280
2019-02-16 04:30,8181
2019-02-16 04:35,8119
2019-02-16 04:40,8069
2019-02-16 04:45,8074
2019-02-16 04:50,8028
2019-02-16 04:55,7947
2019-02-16 05:00,7889
2019-02-16 05:05,7835
2019-02-16 05:10,7716
2019-02-16 05:15,7621
2019-02-16 05:20,7519
2019-02-16 05:25,7464
2019-02-16 05:30,7334
2019-02-16 05:35,7243
2019-02-16 05:40,7185
2019-02-16 05:45,7108
2019-02-16 05:50,7021
2019-02-16 05:55,6910
2019-02-16 06:00,6850
2019-02-16 06:05,6795
2019-02-16 06:10,6727
2019-02-16 06:15,6618
2019-02-16 06:20,6463
2019-02-16 06:25,6356
2019-02-16 06:30,6296
2019-02-16 06:35,6237
2019-02-16 06:40,6153
2019-02-16 06:45,6091
2019-02-16 06:50,6008
2019-02-16 06:55,5943
2019-02-16 07:00,5897
2019-02-16 07:05,5792
2019-02-16 07:10,5683
2019-02-16 07:15,5579
2019-02-16 07:20,5512
2019-02-16 07:25,5468
2019-02-16 07:30,5441
2019-02-16 07:35,5438
2019-02-16 07:40,5418
2019-02-16 07:45,5311
2019-02-16 07:50,5291
2019-02-16 07:55,5209
2019-02-16 08:00,5160
2019-02-16 08:05,5101
2019-02-16 08:10,5048
2019-02-16 08:15,4990
2019-02-16 08:20,4920
2019-02-16 08:25,4898
2019-02-16 08:30,4862
2019-02-16 08:35,4844
2019-02-16 08:40,4820
2019-02-16 08:45,4813
2019-02-16 08:50,4807
2019-02-16 08:55,4817
2019-02-16 09:00,4792
2019-02-16 09:05,4798
2019-02-16 09:10,4797
2019-02-16 09:15,4824
2019-02-16 09:20,4834
2019-02-16 09:25,4852
2019-02-16 09:30,4866
2019-02-16 09:35,4862
2019-02-16 09:40,4855
2019-02-16 09:45,4909
2019-02-16 09:50,4937
2019-02-16 09:55,4927
2019-02-16 10:00,4981
2019-02-16 10:05,5006
2019-02-16 10:10,5010
2019-02-16 10:15,5028
2019-02-16 10:20,5106
2019-02-16 10:25,5182
2019-02-16 10:30,5231
2019-02-16 10:35,5239
2019-02-16 10:40,5279
2019-02-16 10:45,5379
2019-02-16 10:50,5428
2019-02-16 10:55,5473
2019-02-16 11:00,5517
2019-02-16 11:05,5551
2019-02-16 11:10,5566
2019-02-16 11:15,5659
2019-02-16 11:20,5684
2019-02-16 11:25,5800
2019-02-16 11:30,5871
2019-02-16 11:35,5835
2019-02-16 11:40,5834
2019-02-16 11:45,5896
2019-02-16 11:50,5928
2019-02-16 11:55,6042
2019-02-16 12:00,6052
2019-02-16 12:05,6085
2019-02-16 12:10,6203
2019-02-16 12:15,6228
2019-02-16 12:20,6334
2019-02-16 12:25,6396
2019-02-16 12:30,6451
2019-02-16 12:35,6499
2019-02-16 12:40,6530
2019-02-16 12:45,6578
2019-02-16 12:50,6622
2019-02-16 12:55,6688
2019-02-16 13:00,6719
2019-02-16 13:05,6742
2019-02-16 13:10,6761
2019-02-16 13:15,6776
2019-02-16 13:20,6898
2019-02-16 13:25,6956
2019-02-16 13:30,7015
2019-02-16 13:35,7093
2019-02-16 13:40,7243
2019-02-16 13:45,7300
2019-02-16 13:50,7334
2019-02-16 13:55,7393
2019-02-16 14:00,7503
2019-02-16 14:05,7612
2019-02-16 14:10,7708
2019-02-16 14:15,7745
2019-02-16 14:20,7822
2019-02-16 14:25,7935
2019-02-16 14:30,8030
2019-02-16 14:35,8123
2019-02-16 14:40,8149
2019-02-16 14:45,8210
2019-02-16 14:50,8244
2019-02-16 14:55,8344
2019-02-16 15:00,8465
2019-02-16 15:05,8546
2019-02-16 15:10,8589
2019-02-16 15:15,8702
2019-02-16 15:20,8725
2019-02-16 15:25,8755
2019-02-16 15:30,8886
2019-02-16 15:35,8955
2019-02-16 15:40,9024
2019-02-16 15:45,9097
2019-02-16 15:50,9166
2019-02-16 15:55,9173
2019-02-16 16:00,9322
2019-02-16 16:05,9396
2019-02-16 16:10,
2019-02-16 16:15,9547
2019-02-16 16:20,9586
2019-02-16 16:25,9716
2019-02-16 16:30,9780
2019-02-16 16:35,9842
2019-02-16 16:40,9904
2019-02-16 16:45,9965
2019-02-16 16:50,10034
2019-02-16 16:55,10093
2019-02-16 17:00,10136
2019-02-16 17:05,10234
2019-02-16 17:10,10264
2019-02-16 17:15,10323
2019-02-16 17:20,10372
2019-02-16 17:25,10470
2019-02-16 17:30,10462
2019-02-16 17:35,10511
2019-02-16 17:40,10619
2019-02-16 17:45,10673
2019-02-16 17:50,10717
2019-02-16 17:55,10799
2019-02-16 18:00,10848
2019-02-16 18:05,10804
2019-02-16 18:10,10898
2019-02-16 18:15,10979
2019-02-16 18:20,10997
2019-02-16 18:25,11053
2019-02-16 18:30,11144
2019-02-16 18:35,11117
2019-02-16 18:40,11130
2019-02-16 18:45,11203
2019-02-16 18:50,11238
2019-02-16 18:55,11273
2019-02-16 19:00,11285
2019-02-16 19:05,11342
2019-02-16 19:10,11382
2019-02-16 19:15,11527
2019-02-16 19:20,11535
2019-02-16 19:25,11628
2019-02-16 19:30,11663
2019-02-16 19:35,11721
2019-02-16 19:40,11731
2019-02-16 19:45,11697
2019-02-16 19:50,11581
2019-02-16 19:55,11500
2019-02-16 20:00,11433
2019-02-16 20:05,11436
2019-02-16 20:10,11510
2019-02-16 20:15,11602
2019-02-16 20:20,11643
2019-02-16 20:25,11708
2019-02-16 20:30,11757
2019-02-16 20:35,11779
2019-02-16 20:40,11800
2019-02-16 20:45,11857
2019-02-16 20:50,11828
2019-02-16 20:55,11882
2019-02-16 21:00,11900
2019-02-16 21:05,11950
2019-02-16 21:10,11928
2019-02-16 21:15,11920
2019-02-16 21:20,11882
2019-02-16 21:25,11852
2019-02-16 21:30,11825
2019-02-16 21:35,11866
2019-02-16 21:40,11810
2019-02-16 21:45,11777
2019-02-16 21:50,11822
2019-02-16 21:55,11832
2019-02-16 22:00,11795
2019-02-16 22:05,11726
2019-02-16 22:10,11762
2019-02-16 22:15,11738
2019-02-16 22:20,11700
2019-02-16 22:25,11716
2019-02-16 22:30,11656
2019-02-16 22:35,11489
2019-02-16 22:40,11503
2019-02-16 22:45,11455
2019-02-16 22:50,11396
2019-02-16 22:55,11340
2019-02-16 23:00,11274
2019-02-16 23:05,11182
2019-02-16 23:10,11203
2019-02-16 23:15,11115
2019-02-16 23:20,11047
2019-02-16 23:25,10987
2019-02-16 23:30,10935
2019-02-16 23:35,10846
2019-02-16 23:40,10792
2019-02-16 23:45,10716
2019-02-16 23:50,10668
2019-02-16 23:55,10586
2019-02-17 00:00,10559
2019-02-17 00:05,10425
2019-02-17 00:10,10351
2019-02-17 00:15,10242
2019-02-17 00:20,10164
2019-02-17 00:25,10076
2019-02-17 00:30,9944
2019-02-17 00:35,9918
2019-02-17 00:40,9844
2019-02-17 00:45,9791
2019-02-17 00:50,9725
2019-02-17 00:55,9647
2019-02-17 01:00,9575
2019-02-17 01:05,9539
2019-02-17 01:10,9527
2019-02-17 01:15,9452
2019-02-17 01:20,9377
2019-02-17 01:25,9332
2019-02-17 01:30,9343
2019-02-17 01:35,9282
2019-02-17 01:40,9233
2019-02-17 01:45,9167
2019-02-17 01:50,9172
2019-02-17 01:55,9167
2019-02-17 02:00,9123
2019-02-17 02:05,9103
2019-02-17 02:10,9083
2019-02-17 02:15,9023
2019-02-17 02:20,9009
2019-02-17 02:25,8966
2019-02-17 02:30,8931
2019-02-17 02:35,8957
2019-02-17 02:40,8975
2019-02-17 02:45,8918
2019-02-17 02:50,8900
2019-02-17 02:55,8887
2019-02-17 03:00,8886
2019-02-17 03:05,8887
2019-02-17 03:10,8862
2019-02-17 03:15,8816
2019-02-17 03:20,8788
2019-02-17 03:25,8801
2019-02-17 03:30,8765
2019-02-17 03:35,8717
2019-02-17 03:40,8703
2019-02-17 03:45,8719
2019-02-17 03:50,8691
2019-02-17 03:55,8676
2019-02-17 04:00,8575
2019-02-17 04:05,8576
2019-02-17 04:10,8572
2019-02-17 04:15,8487
2019-02-17 04:20,8482
2019-02-17 04:25,8472
2019-02-17 04:30,8468
2019-02-17 04:35,8424
2019-02-17 04:40,8410
2019-02-17 04:45,8353
2019-02-17 04:50,8254
2019-02-17 04:55,8233
2019-02-17 05:00,8173
2019-02-17 05:05,8067
2019-02-17 05:10,8044
2019-02-17 05:15,8015
2019-02-17 05:20,7904
2019-02-17 05:25,7826
2019-02-17 05:30,7714
2019-02-17 05:35,7673
2019-02-17 05:40,7626
2019-02-17 05:45,7547
2019-02-17 05:50,7464
2019-02-17 05:55,7360
2019-02-17 06:00,7265
2019-02-17 06:05,7191
2019-02-17 06:10,7075
2019-02-17 06:15,7049
2019-02-17 06:20,6918
2019-02-17 06:25,6837
2019-02-17 06:30,6725
2019-02-17 06:35,6664
2019-02-17 06:40,6598
2019-02-17 06:45,6509
2019-02-17 06:50,6448
2019-02-17 06:55,6391
2019-02-17 07:00,6302
2019-02-17 07:05,6235
2019-02-17 07:10,6145
2019-02-17 07:15,6059
2019-02-17 07:20,6009
2019-02-17 07:25,5949
2019-02-17 07:30,5861
2019-02-17 07:35,5806
2019-02-17 07:40,5710
2019-02-17 07:45,5623
2019-02-17 07:50,5549
2019-02-17 07:55,5453
2019-02-17 08:00,5364
2019-02-17 08:05,5289
2019-02-17 08:10,5234
2019-02-17 08:15,5228
2019-02-17 08:20,5181
2019-02-17 08:25,5185
2019-02-17 08:30,5122
2019-02-17 08:35,5092
2019-02-17 08:40,5066
2019-02-17 08:45,5052
2019-02-17 08:50,5005
2019-02-17 08:55,4995
2019-02-17 09:00,5022
2019-02-17 09:05,5060
2019-02-17 09:10,5061
2019-02-17 09:15,5060
2019-02-17 09:20,5079
2019-02-17 09:25,5115
2019-02-17 09:30,5187
2019-02-17 09:35,5161
2019-02-17 09:40,5179
2019-02-17 09:45,5225
2019-02-17 09:50,5262
2019-02-17 09:55,5282
2019-02-17 10:00,5312
2019-02-17 10:05,5360
2019-02-17 10:10,5439
2019-02-17 10:15,5510
2019-02-17 10:20,5575
2019-02-17 10:25,5638
2019-02-17 10:30,5719
2019-02-17 10:35,5735
2019-02-17 10:40,5770
2019-02-17 10:45,5806
2019-02-17 10:50,5829
2019-02-17 10:55,5884
2019-02-17 11:00,5907
2019-02-17 11:05,6007
2019-02-17 11:10,6071
2019-02-17 11:15,6088
2019-02-17 11:20,6130
2019-02-17 11:25,6122
2019-02-17 11:30,6220
2019-02-17 11:35,6266
2019-02-17 11:40,6308
2019-02-17 11:45,6350
2019-02-17 11:50,6452
2019-02-17 11:55,6486
2019-02-17 12:00,6519
2019-02-17 12:05,6543
2019-02-17 12:10,6589
2019-02-17 12:15,6679
2019-02-17 12:20,6715
2019-02-17 12:25,6801
2019-02-17 12:30,6852
2019-02-17 12:35,6872
2019-02-17 12:40,6932
2019-02-17 12:45,7009
2019-02-17 12:50,7029
2019-02-17 12:55,7128
2019-02-17 13:00,7127
2019-02-17 13:05,7189
2019-02-17 13:10,7249
2019-02-17 13:15,7374
2019-02-17 13:20,7461
2019-02-17 13:25,7489
2019-02-17 13:30,7509
2019-02-17 13:35,7546
2019-02-17 13:40,7597
2019-02-17 13:45,7604
2019-02-17 13:50,7702
2019-02-17 13:55,7742
2019-02-17 14:00,7804
2019-02-17 14:05,7903
2019-02-17 14:10,8014
2019-02-17 14:15,8026
2019-02-17 14:20,8096
2019-02-17 14:25,8167
2019-02-17 14:30,8229
2019-02-17 14:35,8341
2019-02-17 14:40,8453
2019-02-17 14:45,8521
2019-02-17 14:50,8593
2019-02-17 14:55,8686
2019-02-17 15:00,8734
2019-02-17 15:05,8883
2019-02-17 15:10,8993
2019-02-17 15:15,9147
2019-02-17 15:20,9237
2019-02-17 15:25,9266
2019-02-17 15:30,9433
2019-02-17 15:35,9542
2019-02-17 15:40,9629
2019-02-17 15:45,9716
2019-02-17 15:50,9794
2019-02-17 15:55,9813
2019-02-17 16:00,9893
2019-02-17 16:05,9943
2019-02-17 16:10,10013
2019-02-17 16:15,10135
2019-02-17 16:20,10192
2019-02-17 16:25,10273
2019-02-17 16:30,10340
2019-02-17 16:35,10423
2019-02-17 16:40,10494
2019-02-17 16:45,10585
2019-02-17 16:50,10680
2019-02-17 16:55,10739
2019-02-17 17:00,10705
2019-02-17 17:05,10755
2019-02-17 17:10,10803
2019-02-17 17:15,10880
2019-02-17 17:20,10965
2019-02-17 17:25,11020
2019-02-17 17:30,11064
2019-02-17 17:35,11176
2019-02-17 17:40,11237
2019-02-17 17:45,11288
2019-02-17 17:50,11423
2019-02-17 17:55,11465
2019-02-17 18:00,11487
2019-02-17 18:05,11547
2019-02-17 18:10,11660
2019-02-17 18:15,11715
2019-02-17 18:20,11753
2019-02-17 18:25,11881
2019-02-17 18:30,11937
2019-02-17 18:35,11995
2019-02-17 18:40,12012
2019-02-17 18:45,12146
2019-02-17 18:50,12165
2019-02-17 18:55,12249
2019-02-17 19:00,12312
2019-02-17 19:05,12385
2019-02-17 19:10,12381
2019-02-17 19:15,12348
2019-02-17 19:20,12445
2019-02-17 19:25,12495
2019-02-17 19:30,12441
2019-02-17 19:35,12405
2019-02-17 19:40,12426
2019-02-17 19:45,12584
2019-02-17 19:50,12614
2019-02-17 19:55,12653
2019-02-17 20:00,12627
2019-02-17 20:05,12672
2019-02-17 20:10,12672
2019-02-17 20:15,12722
2019-02-17 20:20,12684
2019-02-17 20:25,12743
2019-02-17 20:30,12767
2019-02-17 20:35,12727
2019-02-17 20:40,12771
2019-02-17 20:45,12772
2019-02-17 20:50,12778
2019-02-17 20:55,12717
2019-02-17 21:00,12687
2019-02-17 21:05,12641
2019-02-17 21:10,12534
2019-02-17 21:15,12526
2019-02-17 21:20,12451
2019-02-17 21:25,12354
2019-02-17 21:30,12285
2019-02-17 21:35,12238
2019-02-17 21:40,12121
2019-02-17 21:45,12030
2019-02-17 21:50,11958
2019-02-17 21:55,11936
2019-02-17 22:00,11911
2019-02-17 22:05,11820
2019-02-17 22:10,11728
2019-02-17 22:15,11625
2019-02-17 22:20,11577
2019-02-17 22:25,11457
2019-02-17 22:30,11313
2019-02-17 22:35,11132
2019-02-17 22:40,11042
2019-02-17 22:45,10993
2019-02-17 22:50,10881
2019-02-17 22:55,10792
2019-02-17 23:00,10636
2019-02-17 23:05,10509
2019-02-17 23:10,10456
2019-02-17 23:15,10387
2019-02-17 23:20,10295
2019-02-17 23:25,10217
2019-02-17 23:30,10129
2019-02-17 23:35,10075
2019-02-17 23:40,10012
2019-02-17 23:45,9963
2019-02-17 23:50,9893
2019-02-17 23:55,9763
2019-02-18 00:00,9801
2019-02-18 00:05,9802
2019-02-18 00:10,9763
2019-02-18 00:15,9711
2019-02-18 00:20,9705
2019-02-18 00:25,9702
2019-02-18 00:30,9628
2019-02-18 00:35,9625
2019-02-18 00:40,9631
2019-02-18 00:45,9587
2019-02-18 00:50,9533
2019-02-18 00:55,9475
2019-02-18 01:00,9411
2019-02-18 01:05,9407
2019-02-18 01:10,9362
2019-02-18 01:15,9379
2019-02-18 01:20,9343
2019-02-18 01:25,9247
2019-02-18 01:30,9225
2019-02-18 01:35,9170
2019-02-18 01:40,9193
2019-02-18 01:45,9140
2019-02-18 01:50,9095
2019-02-18 01:55,9081
2019-02-18 02:00,9088
2019-02-18 02:05,9048
2019-02-18 02:10,9020
2019-02-18 02:15,8995
2019-02-18 02:20,8964
2019-02-18 02:25,9029
2019-02-18 02:30,8981
2019-02-18 02:35,8961
2019-02-18 02:40,8927
2019-02-18 02:45,
2019-02-18 02:50,8878
2019-02-18 02:55,8911
2019-02-18 03:00,8835
2019-02-18 03:05,8773
2019-02-18 03:10,8727
2019-02-18 03:15,8701
2019-02-18 03:20,8586
2019-02-18 03:25,8555
2019-02-18 03:30,8524
2019-02-18 03:35,8483
2019-02-18 03:40,8391
2019-02-18 03:45,8393
2019-02-18 03:50,8335
2019-02-18 03:55,8262
2019-02-18 04:00,8242
2019-02-18 04:05,8146
2019-02-18 04:10,8106
2019-02-18 04:15,8052
2019-02-18 04:20,8021
2019-02-18 04:25,7955
2019-02-18 04:30,7898
2019-02-18 04:35,7795
2019-02-18 04:40,7706
2019-02-18 04:45,7671
2019-02-18 04:50,7547
2019-02-18 04:55,7446
2019-02-18 05:00,7341
2019-02-18 05:05,7264
2019-02-18 05:10,7158
2019-02-18 05:15,7066
2019-02-18 05:20,6967
2019-02-18 05:25,6878
2019-02-18 05:30,6791
2019-02-18 05:35,6712
2019-02-18 05:40,6652
2019-02-18 05:45,6571
2019-02-18 05:50,6483
2019-02-18 05:55,6338
2019-02-18 06:00,6195
2019-02-18 06:05,6125
2019-02-18 06:10,6052
2019-02-18 06:15,5941
2019-02-18 06:20,5791
2019-02-18 06:25,5603
2019-02-18 06:30,5457
2019-02-18 06:35,5347
2019-02-18 06:40,5271
2019-02-18 06:45,5168
2019-02-18 06:50,5112
2019-02-18 06:55,5075
2019-02-18 07:00,4954
2019-02-18 07:05,4881
2019-02-18 07:10,4822
2019-02-18 07:15,4757
2019-02-18 07:20,4742
2019-02-18 07:25,4662
2019-02-18 07:30,4624
2019-02-18 07:35,4572
2019-02-18 07:40,4511
2019-02-18 07:45,4479
2019-02-18 07:50,4419
2019-02-18 07:55,4381
2019-02-18 08:00,4296
2019-02-18 08:05,4243
2019-02-18 08:10,4206
2019-02-18 08:15,4117
2019-02-18 08:20,4046
2019-02-18 08:25,4003
2019-02-18 08:30,3992
2019-02-18 08:35,3958
2019-02-18 08:40,3926
2019-02-18 08:45,3942
2019-02-18 08:50,3885
2019-02-18 08:55,3859
2019-02-18 09:00,3805
2019-02-18 09:05,3825
2019-02-18 09:10,3829
2019-02-18 09:15,3792
2019-02-18 09:20,3798
2019-02-18 09:25,3779
2019-02-18 09:30,3765
2019-02-18 09:35,3796
2019-02-18 09:40,3770
2019-02-18 09:45,3744
2019-02-18 09:50,3773
2019-02-18 09:55,3764
2019-02-18 10:00,3764
2019-02-18 10:05,3776
2019-02-18 10:10,3785
2019-02-18 10:15,3837
2019-02-18 10:20,3859
2019-02-18 10:25,3884
2019-02-18 10:30,3914
2019-02-18 10:35,3908
2019-02-18 10:40,3904
2019-02-18 10:45,3958
2019-02-18 10:50,3985
2019-02-18 10:55,3986
2019-02-18 11:00,4029
2019-02-18 11:05,4040
2019-02-18 11:10,4081
2019-02-18 11:15,4126
2019-02-18 11:20,4136
2019-02-18 11:25,4199
2019-02-18 11:30,4229
2019-02-18 11:35,4255
2019-02-18 11:40,4292
2019-02-18 11:45,4310
2019-02-18 11:50,4319
2019-02-18 11:55,4405
2019-02-18 12:00,4470
2019-02-18 12:05,4537
2019-02-18 12:10,4581
2019-02-18 12:15,4579
2019-02-18 12:20,4653
2019-02-18 12:25,4716
2019-02-18 12:30,4781
2019-02-18 12:35,4841
2019-02-18 12:40,4858
2019-02-18 12:45,4924
2019-02-18 12:50,4995
2019-02-18 12:55,5053
2019-02-18 13:00,5145
2019-02-18 13:05,5161
2019-02-18 13:10,5239
2019-02-18 13:15,5338
2019-02-18 13:20,5404
2019-02-18 13:25,5449
2019-02-18 13:30,5481
2019-02-18 13:35,5502
2019-02-18 13:40,5535
2019-02-18 13:45,5532
2019-02-18 13:50,5559
2019-02-18 13:55,5563
2019-02-18 14:00,5559
2019-02-18 14:05,5484
2019-02-18 14:10,5504
2019-02-18 14:15,5489
2019-02-18 14:20,5381
2019-02-18 14:25,5393
2019-02-18 14:30,5369
2019-02-18 14:35,4582
2019-02-18 14:40,3733
2019-02-18 14:45,3030
2019-02-18 14:50,2366
2019-02-18 14:55,1880
2019-02-18 15:00,1679
2019-02-18 15:05,1399
2019-02-18 15:10,1371
2019-02-18 15:15,1353
2019-02-18 15:20,1435
2019-02-18 15:25,1882
2019-02-18 15:30,2494
2019-02-18 15:35,3139
2019-02-18 15:40,3689
2019-02-18 15:45,4245
2019-02-18 15:50,4696
2019-02-18 15:55,5112
2019-02-18 16:00,5567
2019-02-18 16:05,5927
2019-02-18 16:10,6283
2019-02-18 16:15,6562
2019-02-18 16:20,6846
2019-02-18 16:25,7107
2019-02-18 16:30,7385
2019-02-18 16:35,7617
2019-02-18 16:40,7852
2019-02-18 16:45,8024
2019-02-18 16:50,8211
2019-02-18 16:55,8379
2019-02-18 17:00,8538
2019-02-18 17:05,8719
2019-02-18 17:10,8906
2019-02-18 17:15,9068
2019-02-18 17:20,9224
2019-02-18 17:25,9371
2019-02-18 17:30,9512
2019-02-18 17:35,9613
2019-02-18 17:40,9771
2019-02-18 17:45,9827
2019-02-18 17:50,9924
2019-02-18 17:55,10052
2019-02-18 18:00,10153
2019-02-18 18:05,10292
2019-02-18 18:10,10351
2019-02-18 18:15,10367
2019-02-18 18:20,10426
2019-02-18 18:25,10547
2019-02-18 18:30,10609
2019-02-18 18:35,10688
2019-02-18 18:40,10797
2019-02-18 18:45,10823
2019-02-18 18:50,10972
2019-02-18 18:55,11062
2019-02-18 19:00,11188
2019-02-18 19:05,11211
2019-02-18 19:10,11280
2019-02-18 19:15,11346
2019-02-18 19:20,11421
2019-02-18 19:25,11464
2019-02-18 19:30,11497
2019-02-18 19:35,11586
2019-02-18 19:40,11529
2019-02-18 19:45,11551
2019-02-18 19:50,11547
2019-02-18 19:55,11489
2019-02-18 20:00,11577
2019-02-18 20:05,11563
2019-02-18 20:10,11647
2019-02-18 20:15,11626
2019-02-18 20:20,11660
2019-02-18 20:25,11611
2019-02-18 20:30,11569
2019-02-18 20:35,11634
2019-02-18 20:40,11591
2019-02-18 20:45,11601
2019-02-18 20:50,11623
2019-02-18 20:55,11587
2019-02-18 21:00,11596
2019-02-18 21:05,11624
2019-02-18 21:10,11471
2019-02-18 21:15,11384
2019-02-18 21:20,11345
2019-02-18 21:25,11341
2019-02-18 21:30,11263
2019-02-18 21:35,11174
2019-02-18 21:40,11152
2019-02-18 21:45,11063
2019-02-18 21:50,10984
2019-02-18 21:55,10926
2019-02-18 22:00,10938
2019-02-18 22:05,10873
2019-02-18 22:10,10805
2019-02-18 22:15,10757
2019-02-18 22:20,10718
2019-02-18 22:25,10674
2019-02-18 22:30,10591
2019-02-18 22:35,10473
2019-02-18 22:40,10444
2019-02-18 22:45,10393
2019-02-18 22:50,10360
2019-02-18 22:55,10253
2019-02-18 23:00,10096
2019-02-18 23:05,10022
2019-02-18 23:10,9927
2019-02-18 23:15,9861
2019-02-18 23:20,9861
2019-02-18 23:25,9753
2019-02-18 23:30,9695
2019-02-18 23:35,9689
2019-02-18 23:40,9451
2019-02-18 23:45,9502
2019-02-18 23:50,9457
2019-02-18 23:55,9419
2019-02-19 00:00,9355
2019-02-19 00:05,9306
2019-02-19 00:10,9271
2019-02-19 00:15,9128
2019-02-19 00:20,9083
2019-02-19 00:25,9000
2019-02-19 00:30,8896
2019-02-19 00:35,8899
2019-02-19 00:40,8909
2019-02-19 00:45,8908
2019-02-19 00:50,8917
2019-02-19 00:55,8892
2019-02-19 01:00,8844
2019-02-19 01:05,8854
2019-02-19 01:10,8799
2019-02-19 01:15,8794
2019-02-19 01:20,8884
2019-02-19 01:25,8921
2019-02-19 01:30,8959
2019-02-19 01:35,9004
2019-02-19 01:40,9022
2019-02-19 01:45,9049
2019-02-19 01:50,9037
2019-02-19 01:55,9018
2019-02-19 02:00,9010
2019-02-19 02:05,9045
2019-02-19 02:10,8976
2019-02-19 02:15,8990
2019-02-19 02:20,8962
2019-02-19 02:25,8929
2019-02-19 02:30,8888
2019-02-19 02:35,8913
2019-02-19 02:40,8902
2019-02-19 02:45,8852
2019-02-19 02:50,8815
2019-02-19 02:55,8752
2019-02-19 03:00,8718
2019-02-19 03:05,8637
2019-02-19 03:10,8568
2019-02-19 03:15,8506
2019-02-19 03:20,8456
2019-02-19 03:25,8426
2019-02-19 03:30,8362
2019-02-19 03:35,8300
2019-02-19 03:40,8229
2019-02-19 03:45,8156
2019-02-19 03:50,8088
2019-02-19 03:55,8030
2019-02-19 04:00,7991
2019-02-19 04:05,7881
2019-02-19 04:10,7733
2019-02-19 04:15,7499
2019-02-19 04:20,7430
2019-02-19 04:25,7323
2019-02-19 04:30,7244
2019-02-19 04:35,7119
2019-02-19 04:40,7041
2019-02-19 04:45,6915
2019-02-19 04:50,6861
2019-02-19 04:55,6737
2019-02-19 05:00,6640
2019-02-19 05:05,6525
2019-02-19 05:10,6401
2019-02-19 05:15,6175
2019-02-19 05:20,5992
2019-02-19 05:25,5903
2019-02-19 05:30,5804
2019-02-19 05:35,5734
2019-02-19 05:40,5622
2019-02-19 05:45,5525
2019-02-19 05:50,5436
2019-02-19 05:55,5335
2019-02-19 06:00,5251
2019-02-19 06:05,5176
2019-02-19 06:10,5093
2019-02-19 06:15,5008
2019-02-19 06:20,4904
2019-02-19 06:25,4810
2019-02-19 06:30,4778
2019-02-19 06:35,4700
2019-02-19 06:40,4630
2019-02-19 06:45,4527
2019-02-19 06:50,4418
2019-02-19 06:55,4375
2019-02-19 07:00,4287
2019-02-19 07:05,4175
2019-02-19 07:10,4148
2019-02-19 07:15,4111
2019-02-19 07:20,4060
2019-02-19 07:25,4005
2019-02-19 07:30,3960
2019-02-19 07:35,3905
2019-02-19 07:40,3866
2019-02-19 07:45,3826
2019-02-19 07:50,3792
2019-02-19 07:55,3748
2019-02-19 08:00,3688
2019-02-19 08:05,3668
2019-02-19 08:10,3627
2019-02-19 08:15,3594
2019-02-19 08:20,3527
2019-02-19 08:25,3539
2019-02-19 08:30,3513
2019-02-19 08:35,3483
2019-02-19 08:40,3493
2019-02-19 08:45,3446
2019-02-19 08:50,3431
2019-02-19 08:55,3441
2019-02-19 09:00,3433
2019-02-19 09:05,3437
2019-02-19 09:10,3445
2019-02-19 09:15,3434
2019-02-19 09:20,3462
2019-02-19 09:25,3471
2019-02-19 09:30,3533
2019-02-19 09:35,3540
2019-02-19 09:40,3598
2019-02-19 09:45,3615
2019-02-19 09:50,3636
2019-02-19 09:55,3683
2019-02-19 10:00,3697
2019-02-19 10:05,3728
2019-02-19 10:10,3746
2019-02-19 10:15,3784
2019-02-19 10:20,3778
2019-02-19 10:25,3789
2019-02-19 10:30,3833
2019-02-19 10:35,3808
2019-02-19 10:40,3809
2019-02-19 10:45,3830
2019-02-19 10:50,3819
2019-02-19 10:55,3859
2019-02-19 11:00,3885
2019-02-19 11:05,3975
2019-02-19 11:10,4031
2019-02-19 11:15,4049
2019-02-19 11:20,4085
2019-02-19 11:25,4126
2019-02-19 11:30,4153
2019-02-19 11:35,4177
2019-02-19 11:40,4219
2019-02-19 11:45,4284
2019-02-19 11:50,4321
2019-02-19 11:55,4355
2019-02-19 12:00,4390
2019-02-19 12:05,4474
2019-02-19 12:10,4529
2019-02-19 12:15,4575
2019-02-19 12:20,4629
2019-02-19 12:25,4662
2019-02-19 12:30,4744
2019-02-19 12:35,4846
2019-02-19 12:40,4848
2019-02-19 12:45,4861
2019-02-19 12:50,4886
2019-02-19 12:55,4943
2019-02-19 13:00,4967
2019-02-19 13:05,5028
2019-02-19 13:10,5067
2019-02-19 13:15,5164
2019-02-19 13:20,5250
2019-02-19 13:25,5294
2019-02-19 13:30,5382
2019-02-19 13:35,5439
2019-02-19 13:40,5528
2019-02-19 13:45,5573
2019-02-19 13:50,5627
2019-02-19 13:55,5707
2019-02-19 14:00,5788
2019-02-19 14:05,5885
2019-02-19 14:10,5951
2019-02-19 14:15,6027
2019-02-19 14:20,6116
2019-02-19 14:25,6194
2019-02-19 14:30,6276
2019-02-19 14:35,6385
2019-02-19 14:40,6418
2019-02-19 14:45,6490
2019-02-19 14:50,6558
2019-02-19 14:55,6574
2019-02-19 15:00,6681
2019-02-19 15:05,6740
2019-02-19 15:10,6844
2019-02-19 15:15,6880
2019-02-19 15:20,6926
2019-02-19 15:25,7038
2019-02-19 15:30,7113
2019-02-19 15:35,7192
2019-02-19 15:40,7333
2019-02-19 15:45,7430
2019-02-19 15:50,7473
2019-02-19 15:55,7511
2019-02-19 16:00,7589
2019-02-19 16:05,7549
2019-02-19 16:10,7669
2019-02-19 16:15,7742
2019-02-19 16:20,7872
2019-02-19 16:25,7927
2019-02-19 16:30,7916
2019-02-19 16:35,7980
2019-02-19 16:40,8048
2019-02-19 16:45,8088
2019-02-19 16:50,8099
2019-02-19 16:55,8194
2019-02-19 17:00,8267
2019-02-19 17:05,8342
2019-02-19 17:10,8433
2019-02-19 17:15,8540
2019-02-19 17:20,8655
2019-02-19 17:25,8724
2019-02-19 17:30,8811
2019-02-19 17:35,8893
2019-02-19 17:40,8977
2019-02-19 17:45,9053
2019-02-19 17:50,9189
2019-02-19 17:55,9252
2019-02-19 18:00,9386
2019-02-19 18:05,9478
2019-02-19 18:10,9548
2019-02-19 18:15,9569
2019-02-19 18:20,9679
2019-02-19 18:25,9778
2019-02-19 18:30,9900
2019-02-19 18:35,9878
2019-02-19 18:40,9975
2019-02-19 18:45,10023
2019-02-19 18:50,10051
2019-02-19 18:55,10095
2019-02-19 19:00,10132
2019-02-19 19:05,10111
2019-02-19 19:10,10099
2019-02-19 19:15,10092
2019-02-19 19:20,10192
2019-02-19 19:25,10201
2019-02-19 19:30,10213
2019-02-19 19:35,10263
2019-02-19 19:40,10289
2019-02-19 19:45,10299
2019-02-19 19:50,10264
2019-02-19 19:55,10305
2019-02-19 20:00,10232
2019-02-19 20:05,10196
2019-02-19 20:10,10221
2019-02-19 20:15,10166
2019-02-19 20:20,10218
2019-02-19 20:25,10244
2019-02-19 20:30,10176
2019-02-19 20:35,10141
2019-02-19 20:40,10193
2019-02-19 20:45,10226
2019-02-19 20:50,10228
2019-02-19 20:55,10201
2019-02-19 21:00,10226
2019-02-19 21:05,10174
2019-02-19 21:10,10111
2019-02-19 21:15,10096
2019-02-19 21:20,10068
2019-02-19 21:25,10065
2019-02-19 21:30,10035
2019-02-19 21:35,9978
2019-02-19 21:40,10008
2019-02-19 21:45,9990
2019-02-19 21:50,9944
2019-02-19 21:55,10005
2019-02-19 22:00,10031
2019-02-19 22:05,9985
2019-02-19 22:10,9962
2019-02-19 22:15,9936
2019-02-19 22:20,9869
2019-02-19 22:25,9824
2019-02-19 22:30,9744
2019-02-19 22:35,9714
2019-02-19 22:40,9675
2019-02-19 22:45,9644
2019-02-19 22:50,9621
2019-02-19 22:55,9538
2019-02-19 23:00,9511
2019-02-19 23:05,9476
2019-02-19 23:10,9471
2019-02-19 23:15,9375
2019-02-19 23:20,9346
2019-02-19 23:25,9291
2019-02-19 23:30,9289
2019-02-19 23:35,9219
2019-02-19 23:40,9182
2019-02-19 23:45,9130
2019-02-19 23:50,9112
2019-02-19 23:55,0
2019-02-20 00:00,8680
2019-02-20 00:05,8916
2019-02-20 00:10,8902
2019-02-20 00:15,8847
2019-02-20 00:20,8848
2019-02-20 00:25,8778
2019-02-20 00:30,8778
2019-02-20 00:35,8751
2019-02-20 00:40,8749
2019-02-20 00:45,8704
2019-02-20 00:50,8729
2019-02-20 00:55,8729
2019-02-20 01:00,8771
2019-02-20 01:05,8807
2019-02-20 01:10,8804
2019-02-20 01:15,8812
2019-02-20 01:20,8882
2019-02-20 01:25,8927
2019-02-20 01:30,8873
2019-02-20 01:35,8844
2019-02-20 01:40,8797
2019-02-20 01:45,8833
2019-02-20 01:50,8858
2019-02-20 01:55,8919
2019-02-20 02:00,8874
2019-02-20 02:05,8863
2019-02-20 02:10,8833
2019-02-20 02:15,8807
2019-02-20 02:20,8789
2019-02-20 02:25,8750
2019-02-20 02:30,8718
2019-02-20 02:35,8696
2019-02-20 02:40,8713
2019-02-20 02:45,8758
2019-02-20 02:50,8775
2019-02-20 02:55,8755
2019-02-20 03:00,8731
2019-02-20 03:05,8731
2019-02-20 03:10,8600
2019-02-20 03:15,8506
2019-02-20 03:20,8432
2019-02-20 03:25,8339
2019-02-20 03:30,8315
2019-02-20 03:35,8305
2019-02-20 03:40,8276
2019-02-20 03:45,8177
2019-02-20 03:50,8113
2019-02-20 03:55,8067
2019-02-20 04:00,8019
2019-02-20 04:05,7866
2019-02-20 04:10,7751
2019-02-20 04:15,7655
2019-02-20 04:20,7599
2019-02-20 04:25,7431
2019-02-20 04:30,7291
2019-02-20 04:35,7196
2019-02-20 04:40,7145
2019-02-20 04:45,7072
2019-02-20 04:50,6925
2019-02-20 04:55,6800
2019-02-20 05:00,6700
2019-02-20 05:05,6590
2019-02-20 05:10,6476
2019-02-20 05:15,6349
2019-02-20 05:20,6238
2019-02-20 05:25,6107
2019-02-20 05:30,5971
2019-02-20 05:35,5971
2019-02-20 05:40,5810
2019-02-20 05:45,5713
2019-02-20 05:50,5607
2019-02-20 05:55,5607
2019-02-20 06:00,5451
2019-02-20 06:05,5451
2019-02-20 06:10,5344
2019-02-20 06:15,5184
2019-02-20 06:20,5065
2019-02-20 06:25,5026
2019-02-20 06:30,5026
2019-02-20 06:35,4888
2019-02-20 06:40,4837
2019-02-20 06:45,4786
2019-02-20 06:50,4701
2019-02-20 06:55,4646
2019-02-20 07:00,4561
2019-02-20 07:05,4561
2019-02-20 07:10,4496
2019-02-20 07:15,4406
2019-02-20 07:20,4319
2019-02-20 07:25,4251
2019-02-20 07:30,4251
2019-02-20 07:35,4141
2019-02-20 07:40,4114
2019-02-20 07:45,4038
2019-02-20 07:50,4038
2019-02-20 07:55,3980
2019-02-20 08:00,3911
2019-02-20 08:05,3860
2019-02-20 08:10,3837
2019-02-20 08:15,3800
2019-02-20 08:20,3764
2019-02-20 08:25,3764
2019-02-20 08:30,3686
2019-02-20 08:35,3624
2019-02-20 08:40,3579
2019-02-20 08:45,3579
2019-02-20 08:50,3553
2019-02-20 08:55,3528
2019-02-20 09:00,3480
2019-02-20 09:05,3501
2019-02-20 09:10,3541
2019-02-20 09:15,3566
2019-02-20 09:20,3548
2019-02-20 09:25,3554
2019-02-20 09:30,3588
2019-02-20 09:35,3582
2019-02-20 09:40,3595
2019-02-20 09:45,3595
2019-02-20 09:50,3618
2019-02-20 09:55,3631
2019-02-20 10:00,3678
2019-02-20 10:05,3678
2019-02-20 10:10,3711
2019-02-20 10:15,3734
2019-02-20 10:20,3747
2019-02-20 10:25,3788
2019-02-20 10:30,3809
2019-02-20 10:35,3836
2019-02-20 10:40,3842
2019-02-20 10:45,3900
2019-02-20 10:50,3884
2019-02-20 10:55,3900
2019-02-20 11:00,3948
2019-02-20 11:05,3948
2019-02-20 11:10,3962
2019-02-20 11:15,4010
2019-02-20 11:20,4072
2019-02-20 11:25,4086
2019-02-20 11:30,4149
2019-02-20 11:35,4149
2019-02-20 11:40,4200
2019-02-20 11:45,4227
2019-02-20 11:50,4221
2019-02-20 11:55,4239
2019-02-20 12:00,4330
2019-02-20 12:05,4330
2019-02-20 12:10,4405
2019-02-20 12:15,4453
2019-02-20 12:20,4492
2019-02-20 12:25,4599
2019-02-20 12:30,4599
2019-02-20 12:35,4688
2019-02-20 12:40,4793
2019-02-20 12:45,4826
2019-02-20 12:50,4877
2019-02-20 12:55,4864
2019-02-20 13:00,5013
2019-02-20 13:05,5013
2019-02-20 13:10,5051
2019-02-20 13:15,5051
2019-02-20 13:20,5114
2019-02-20 13:25,5232
2019-02-20 13:30,5281
2019-02-20 13:35,5355
2019-02-20 13:40,5465
2019-02-20 13:45,5554
2019-02-20 13:50,5569
2019-02-20 13:55,5639
2019-02-20 14:00,5767
2019-02-20 14:05,5767
2019-02-20 14:10,5818
2019-02-20 14:15,5871
2019-02-20 14:20,5949
2019-02-20 14:25,6054
2019-02-20 14:30,6117
2019-02-20 14:35,6222
2019-02-20 14:40,6318
2019-02-20 14:45,6421
2019-02-20 14:50,6560
2019-02-20 14:55,6681
2019-02-20 15:00,6681
2019-02-20 15:05,6689
2019-02-20 15:10,6746
2019-02-20 15:15,6850
2019-02-20 15:20,6935
2019-02-20 15:25,7060
2019-02-20 15:30,7109
2019-02-20 15:35,7200
2019-02-20 15:40,7276
2019-02-20 15:45,7433
2019-02-20 15:50,7433
2019-02-20 15:55,7521
2019-02-20 16:00,7617
2019-02-20 16:05,7631
2019-02-20 16:10,7675
2019-02-20 16:15,7729
2019-02-20 16:20,7783
2019-02-20 16:25,7889
2019-02-20 16:30,8080
2019-02-20 16:35,8080
2019-02-20 16:40,8128
2019-02-20 16:45,8201
2019-02-20 16:50,8247
2019-02-20 16:55,8308
2019-02-20 17:00,8470
2019-02-20 17:05,8470
2019-02-20 17:10,8507
2019-02-20 17:15,8630
2019-02-20 17:20,8717
2019-02-20 17:25,8927
2019-02-20 17:30,8927
2019-02-20 17:35,8969
2019-02-20 17:40,9074
2019-02-20 17:45,9173
2019-02-20 17:50,9264
2019-02-20 17:55,9386
2019-02-20 18:00,9475
2019-02-20 18:05,9557
2019-02-20 18:10,9601
2019-02-20 18:15,9672
2019-02-20 18:20,9784
2019-02-20 18:25,9855
2019-02-20 18:30,9903
2019-02-20 18:35,9989
2019-02-20 18:40,10072
2019-02-20 18:45,10121
2019-02-20 18:50,10161
2019-02-20 18:55,10248
2019-02-20 19:00,10328
2019-02-20 19:05,10398
2019-02-20 19:10,10445
2019-02-20 19:15,10470
2019-02-20 19:20,10491
2019-02-20 19:25,10581
2019-02-20 19:30,10682
2019-02-20 19:35,10750
2019-02-20 19:40,10782
2019-02-20 19:45,10866
2019-02-20 19:50,10831
2019-02-20 19:55,10850
2019-02-20 20:00,10859
2019-02-20 20:05,10789
2019-02-20 20:10,10691
2019-02-20 20:15,10683
2019-02-20 20:20,10545
2019-02-20 20:25,10438
2019-02-20 20:30,10424
2019-02-20 20:35,10378
2019-02-20 20:40,10390
2019-02-20 20:45,10398
2019-02-20 20:50,10505
2019-02-20 20:55,10532
2019-02-20 21:00,10544
2019-02-20 21:05,10591
2019-02-20 21:10,10591
2019-02-20 21:15,10523
2019-02-20 21:20,10444
2019-02-20 21:25,10360
2019-02-20 21:30,10378
2019-02-20 21:35,10358
2019-02-20 21:40,10455
2019-02-20 21:45,10449
2019-02-20 21:50,10412
2019-02-20 21:55,10493
2019-02-20 22:00,
2019-02-20 22:05,10453
2019-02-20 22:10,10381
2019-02-20 22:15,10364
2019-02-20 22:20,10333
2019-02-20 22:25,10368
2019-02-20 22:30,0
2019-02-20 22:35,10359
2019-02-20 22:40,10383
2019-02-20 22:45,10283
2019-02-20 22:50,10299
2019-02-20 22:55,10298
2019-02-20 23:00,10277
2019-02-20 23:05,10196
2019-02-20 23:10,10189
2019-02-20 23:15,10035
2019-02-20 23:20,9963
2019-02-20 23:25,9908
2019-02-20 23:30,9832
2019-02-20 23:35,9834
2019-02-20 23:40,9796
2019-02-20 23:45,9781
2019-02-20 23:50,9709
2019-02-20 23:55,9647
2019-02-21 00:00,9567
2019-02-21 00:05,9458
2019-02-21 00:10,9448
2019-02-21 00:15,9384
2019-02-21 00:20,9335
2019-02-21 00:25,9327
2019-02-21 00:30,9278
2019-02-21 00:35,9277
2019-02-21 00:40,9229
2019-02-21 00:45,9166
2019-02-21 00:50,9175
2019-02-21 00:55,9157
2019-02-21 01:00,9137
2019-02-21 01:05,9133
2019-02-21 01:10,9190
2019-02-21 01:15,9155
2019-02-21 01:20,9176
2019-02-21 01:25,9158
2019-02-21 01:30,9172
2019-02-21 01:35,9144
2019-02-21 01:40,9150
2019-02-21 01:45,9170
2019-02-21 01:50,9144
2019-02-21 01:55,9119
2019-02-21 02:00,9116
2019-02-21 02:05,9112
2019-02-21 02:10,9106
2019-02-21 02:15,9100
2019-02-21 02:20,9052
2019-02-21 02:25,9030
2019-02-21 02:30,9000
2019-02-21 02:35,8909
2019-02-21 02:40,8870
2019-02-21 02:45,8813
2019-02-21 02:50,8770
2019-02-21 02:55,8659
2019-02-21 03:00,8572
2019-02-21 03:05,8524
2019-02-21 03:10,8482
2019-02-21 03:15,8382
2019-02-21 03:20,8333
2019-02-21 03:25,8245
2019-02-21 03:30,8214
2019-02-21 03:35,8183
2019-02-21 03:40,8140
2019-02-21 03:45,8118
2019-02-21 03:50,8080
2019-02-21 03:55,8049
2019-02-21 04:00,8001
2019-02-21 04:05,7938
2019-02-21 04:10,7860
2019-02-21 04:15,7757
2019-02-21 04:20,7692
2019-02-21 04:25,7600
2019-02-21 04:30,7501
2019-02-21 04:35,7443
2019-02-21 04:40,7348
2019-02-21 04:45,7225
2019-02-21 04:50,7110
2019-02-21 04:55,6993
2019-02-21 05:00,6896
2019-02-21 05:05,6795
2019-02-21 05:10,6643
2019-02-21 05:15,6528
2019-02-21 05:20,6453
2019-02-21 05:25,6388
2019-02-21 05:30,6256
2019-02-21 05:35,6107
2019-02-21 05:40,6045
2019-02-21 05:45,5984
2019-02-21 05:50,5846
2019-02-21 05:55,5801
2019-02-21 06:00,5687
2019-02-21 06:05,5590
2019-02-21 06:10,5493
2019-02-21 06:15,5401
2019-02-21 06:20,5283
2019-02-21 06:25,5169
2019-02-21 06:30,5065
2019-02-21 06:35,4996
2019-02-21 06:40,4929
2019-02-21 06:45,4855
2019-02-21 06:50,4752
2019-02-21 06:55,4666
2019-02-21 07:00,4600
2019-02-21 07:05,4549
2019-02-21 07:10,4463
2019-02-21 07:15,4440
2019-02-21 07:20,4381
2019-02-21 07:25,4287
2019-02-21 07:30,4233
2019-02-21 07:35,4153
2019-02-21 07:40,4093
2019-02-21 07:45,4054
2019-02-21 07:50,3959
2019-02-21 07:55,3900
2019-02-21 08:00,3847
2019-02-21 08:05,3801
2019-02-21 08:10,3766
2019-02-21 08:15,3753
2019-02-21 08:20,3742
2019-02-21 08:25,3708
2019-02-21 08:30,3727
2019-02-21 08:35,3734
2019-02-21 08:40,3712
2019-02-21 08:45,3715
2019-02-21 08:50,3719
2019-02-21 08:55,3722
2019-02-21 09:00,3710
2019-02-21 09:05,3738
2019-02-21 09:10,3744
2019-02-21 09:15,3731
2019-02-21 09:20,3743
2019-02-21 09:25,3715
2019-02-21 09:30,3752
2019-02-21 09:35,3769
2019-02-21 09:40,3766
2019-02-21 09:45,3801
2019-02-21 09:50,3801
2019-02-21 09:55,3837
2019-02-21 10:00,3829
2019-02-21 10:05,3839
2019-02-21 10:10,3871
2019-02-21 10:15,3866
2019-02-21 10:20,3892
2019-02-21 10:25,3910
2019-02-21 10:30,3931
2019-02-21 10:35,3982
2019-02-21 10:40,4002
2019-02-21 10:45,4018
2019-02-21 10:50,4045
2019-02-21 10:55,4087
2019-02-21 11:00,4085
2019-02-21 11:05,4107
2019-02-21 11:10,4160
2019-02-21 11:15,4186
2019-02-21 11:20,4203
2019-02-21 11:25,4232
2019-02-21 11:30,4288
2019-02-21 11:35,4268
2019-02-21 11:40,4313
2019-02-21 11:45,4316
2019-02-21 11:50,4384
2019-02-21 11:55,4425
2019-02-21 12:00,4474
2019-02-21 12:05,4492
2019-02-21 12:10,4507
2019-02-21 12:15,4569
2019-02-21 12:20,4658
2019-02-21 12:25,4693
2019-02-21 12:30,4757
2019-02-21 12:35,4830
2019-02-21 12:40,4841
2019-02-21 12:45,4902
2019-02-21 12:50,4932
2019-02-21 12:55,5037
2019-02-21 13:00,5133
2019-02-21 13:05,5253
2019-02-21 13:10,5310
2019-02-21 13:15,5344
2019-02-21 13:20,5382
2019-02-21 13:25,5475
2019-02-21 13:30,5538
2019-02-21 13:35,5506
2019-02-21 13:40,5502
2019-02-21 13:45,5513
2019-02-21 13:50,5561
2019-02-21 13:55,5656
2019-02-21 14:00,5706
2019-02-21 14:05,5647
2019-02-21 14:10,5680
2019-02-21 14:15,5743
2019-02-21 14:20,5680
2019-02-21 14:25,5625
2019-02-21 14:30,5634
2019-02-21 14:35,4517
2019-02-21 14:40,3601
2019-02-21 14:45,2831
2019-02-21 14:50,2183
2019-02-21 14:55,1807
2019-02-21 15:00,1480
2019-02-21 15:05,1422
2019-02-21 15:10,1428
2019-02-21 15:15,1436
2019-02-21 15:20,1406
2019-02-21 15:25,1385
2019-02-21 15:30,1421
2019-02-21 15:35,1431
2019-02-21 15:40,1426
2019-02-21 15:45,1443
2019-02-21 15:50,1490
2019-02-21 15:55,1484
2019-02-21 16:00,1454
2019-02-21 16:05,1484
2019-02-21 16:10,1499
2019-02-21 16:15,1530
2019-02-21 16:20,1399
2019-02-21 16:25,1395
2019-02-21 16:30,1770
2019-02-21 16:35,2493
2019-02-21 16:40,3418
2019-02-21 16:45,4264
2019-02-21 16:50,4962
2019-02-21 16:55,5409
2019-02-21 17:00,4844
2019-02-21 17:05,2448
2019-02-21 17:10,2118
2019-02-21 17:15,2011
2019-02-21 17:20,2042
2019-02-21 17:25,2723
2019-02-21 17:30,2503
2019-02-21 17:35,2582
2019-02-21 17:40,3266
2019-02-21 17:45,4152
2019-02-21 17:50,4952
2019-02-21 17:55,5768
2019-02-21 18:00,6804
2019-02-21 18:05,7528
2019-02-21 18:10,8129
2019-02-21 18:15,8713
2019-02-21 18:20,9186
2019-02-21 18:25,9451
2019-02-21 18:30,9623
2019-02-21 18:35,9916
2019-02-21 18:40,10191
2019-02-21 18:45,10448
2019-02-21 18:50,10734
2019-02-21 18:55,10867
2019-02-21 19:00,10948
2019-02-21 19:05,11107
2019-02-21 19:10,11320
2019-02-21 19:15,11421
2019-02-21 19:20,11561
2019-02-21 19:25,11622
2019-02-21 19:30,11728
2019-02-21 19:35,11809
2019-02-21 19:40,11879
2019-02-21 19:45,11878
2019-02-21 19:50,11944
2019-02-21 19:55,11891
2019-02-21 20:00,11925
2019-02-21 20:05,12017
2019-02-21 20:10,12002
2019-02-21 20:15,12016
2019-02-21 20:20,12063
2019-02-21 20:25,12080
2019-02-21 20:30,12078
2019-02-21 20:35,12088
2019-02-21 20:40,12033
2019-02-21 20:45,12017
2019-02-21 20:50,11991
2019-02-21 20:55,11970
2019-02-21 21:00,11932
2019-02-21 21:05,11876
2019-02-21 21:10,11812
2019-02-21 21:15,11764
2019-02-21 21:20,11697
2019-02-21 21:25,11539
2019-02-21 21:30,11506
2019-02-21 21:35,11437
2019-02-21 21:40,11395
2019-02-21 21:45,11384
2019-02-21 21:50,11316
2019-02-21 21:55,11229
2019-02-21 22:00,11114
2019-02-21 22:05,11076
2019-02-21 22:10,11013
2019-02-21 22:15,10902
2019-02-21 22:20,10841
2019-02-21 22:25,10785
2019-02-21 22:30,10742
2019-02-21 22:35,10630
2019-02-21 22:40,10565
2019-02-21 22:45,10549
2019-02-21 22:50,10470
2019-02-21 22:55,10370
2019-02-21 23:00,10337
2019-02-21 23:05,10194
2019-02-21 23:10,10129
2019-02-21 23:15,10032
2019-02-21 23:20,9973
2019-02-21 23:25,9954
2019-02-21 23:30,9886
2019-02-21 23:35,9893
2019-02-21 23:40,9844
2019-02-21 23:45,9824
2019-02-21 23:50,9784
2019-02-21 23:55,9760
2019-02-22 00:00,9749
2019-02-22 00:05,9636
2019-02-22 00:10,9642
2019-02-22 00:15,9522
2019-02-22 00:20,9509
2019-02-22 00:25,9449
2019-02-22 00:30,9480
2019-02-22 00:35,9426
2019-02-22 00:40,9338
2019-02-22 00:45,9336
2019-02-22 00:50,9308
2019-02-22 00:55,9372
2019-02-22 01:00,9368
2019-02-22 01:05,9413
2019-02-22 01:10,9455
2019-02-22 01:15,9441
2019-02-22 01:20,9465
2019-02-22 01:25,9508
2019-02-22 01:30,9504
2019-02-22 01:35,9529
2019-02-22 01:40,9520
2019-02-22 01:45,9516
2019-02-22 01:50,9513
2019-02-22 01:55,9526
2019-02-22 02:00,9508
2019-02-22 02:05,9467
2019-02-22 02:10,9399
2019-02-22 02:15,9350
2019-02-22 02:20,9359
2019-02-22 02:25,9356
2019-02-22 02:30,9366
2019-02-22 02:35,9357
2019-02-22 02:40,9366
2019-02-22 02:45,9308
2019-02-22 02:50,9384
2019-02-22 02:55,9367
2019-02-22 03:00,9295
2019-02-22 03:05,9147
2019-02-22 03:10,9030
2019-02-22 03:15,8926
2019-02-22 03:20,8842
2019-02-22 03:25,8760
2019-02-22 03:30,8757
2019-02-22 03:35,8697
2019-02-22 03:40,8634
2019-02-22 03:45,8666
2019-02-22 03:50,8620
2019-02-22 03:55,8475
2019-02-22 04:00,8393
2019-02-22 04:05,8306
2019-02-22 04:10,8227
2019-02-22 04:15,8105
2019-02-22 04:20,8049
2019-02-22 04:25,7948
2019-02-22 04:30,7842
2019-02-22 04:35,7792
2019-02-22 04:40,7728
2019-02-22 04:45,7665
2019-02-22 04:50,7574
2019-02-22 04:55,7445
2019-02-22 05:00,7332
2019-02-22 05:05,7204
2019-02-22 05:10,7072
2019-02-22 05:15,6955
2019-02-22 05:20,6813
2019-02-22 05:25,6664
2019-02-22 05:30,6573
2019-02-22 05:35,6468
2019-02-22 05:40,6429
2019-02-22 05:45,6361
2019-02-22 05:50,6229
2019-02-22 05:55,6125
2019-02-22 06:00,6000
2019-02-22 06:05,5885
2019-02-22 06:10,5771
2019-02-22 06:15,5648
2019-02-22 06:20,5516
2019-02-22 06:25,5409
2019-02-22 06:30,5300
2019-02-22 06:35,5192
2019-02-22 06:40,5156
2019-02-22 06:45,5117
2019-02-22 06:50,5043
2019-02-22 06:55,4946
2019-02-22 07:00,4883
2019-02-22 07:05,4778
2019-02-22 07:10,4704
2019-02-22 07:15,4640
2019-02-22 07:20,4582
2019-02-22 07:25,4493
2019-02-22 07:30,4457
2019-02-22 07:35,4424
2019-02-22 07:40,4402
2019-02-22 07:45,4390
2019-02-22 07:50,4377
2019-02-22 07:55,4332
2019-02-22 08:00,4270
2019-02-22 08:05,4218
2019-02-22 08:10,4132
2019-02-22 08:15,4117
2019-02-22 08:20,4058
2019-02-22 08:25,4022
2019-02-22 08:30,4011
2019-02-22 08:35,3986
2019-02-22 08:40,3960
2019-02-22 08:45,3950
2019-02-22 08:50,3943
2019-02-22 08:55,3949
2019-02-22 09:00,3959
2019-02-22 09:05,3986
2019-02-22 09:10,3973
2019-02-22 09:15,0
2019-02-22 09:20,3946
2019-02-22 09:25,3954
2019-02-22 09:30,3970
2019-02-22 09:35,3984
2019-02-22 09:40,4002
2019-02-22 09:45,4020
2019-02-22 09:50,4008
2019-02-22 09:55,4048
2019-02-22 10:00,4072
2019-02-22 10:05,4069
2019-02-22 10:10,4063
2019-02-22 10:15,4122
2019-02-22 10:20,4125
2019-02-22 10:25,4130
2019-02-22 10:30,4191
2019-02-22 10:35,4208
2019-02-22 10:40,4297
2019-02-22 10:45,4345
2019-02-22 10:50,4412
2019-02-22 10:55,4467
2019-02-22 11:00,4497
2019-02-22 11:05,4512
2019-02-22 11:10,4564
2019-02-22 11:15,4589
2019-02-22 11:20,4639
2019-02-22 11:25,4680
2019-02-22 11:30,4715
2019-02-22 11:35,4796
2019-02-22 11:40,4872
2019-02-22 11:45,4920
2019-02-22 11:50,4965
2019-02-22 11:55,5024
2019-02-22 12:00,5110
2019-02-22 12:05,5144
2019-02-22 12:10,5175
2019-02-22 12:15,5250
2019-02-22 12:20,5275
2019-02-22 12:25,5409
2019-02-22 12:30,5436
2019-02-22 12:35,5505
2019-02-22 12:40,5613
2019-02-22 12:45,5671
2019-02-22 12:50,5711
2019-02-22 12:55,5757
2019-02-22 13:00,5816
2019-02-22 13:05,5881
2019-02-22 13:10,5931
2019-02-22 13:15,5972
2019-02-22 13:20,6089
2019-02-22 13:25,6152
2019-02-22 13:30,6222
2019-02-22 13:35,6301
2019-02-22 13:40,6391
2019-02-22 13:45,6486
2019-02-22 13:50,6550
2019-02-22 13:55,6562
2019-02-22 14:00,6696
2019-02-22 14:05,6793
2019-02-22 14:10,6880
2019-02-22 14:15,6955
2019-02-22 14:20,7059
2019-02-22 14:25,7175
2019-02-22 14:30,7229
2019-02-22 14:35,7299
2019-02-22 14:40,7323
2019-02-22 14:45,7439
2019-02-22 14:50,7535
2019-02-22 14:55,7625
2019-02-22 15:00,7724
2019-02-22 15:05,7804
2019-02-22 15:10,7839
2019-02-22 15:15,7897
2019-02-22 15:20,7920
2019-02-22 15:25,7998
2019-02-22 15:30,8062
2019-02-22 15:35,8179
2019-02-22 15:40,8266
2019-02-22 15:45,8318
2019-02-22 15:50,8406
2019-02-22 15:55,8479
2019-02-22 16:00,8517
2019-02-22 16:05,8556
2019-02-22 16:10,8644
2019-02-22 16:15,8740
2019-02-22 16:20,8843
2019-02-22 16:25,8831
2019-02-22 16:30,8975
2019-02-22 16:35,9039
2019-02-22 16:40,9125
2019-02-22 16:45,9149
2019-02-22 16:50,9163
2019-02-22 16:55,9253
2019-02-22 17:00,9285
2019-02-22 17:05,9350
2019-02-22 17:10,9395
2019-02-22 17:15,9429
2019-02-22 17:20,9504
2019-02-22 17:25,9556
2019-02-22 17:30,9607
2019-02-22 17:35,9660
2019-02-22 17:40,9769
2019-02-22 17:45,9855
2019-02-22 17:50,9894
2019-02-22 17:55,10003
2019-02-22 18:00,10099
2019-02-22 18:05,10149
2019-02-22 18:10,10239
2019-02-22 18:15,10333
2019-02-22 18:20,10353
2019-02-22 18:25,10443
2019-02-22 18:30,10552
2019-02-22 18:35,10585
2019-02-22 18:40,10567
2019-02-22 18:45,10572
2019-02-22 18:50,10667
2019-02-22 18:55,10695
2019-02-22 19:00,10742
2019-02-22 19:05,10775
2019-02-22 19:10,10804
2019-02-22 19:15,10884
2019-02-22 19:20,10973
2019-02-22 19:25,11013
2019-02-22 19:30,11186
2019-02-22 19:35,11277
2019-02-22 19:40,11259
2019-02-22 19:45,11257
2019-02-22 19:50,11283
2019-02-22 19:55,11283
2019-02-22 20:00,11359
2019-02-22 20:05,11424
2019-02-22 20:10,11512
2019-02-22 20:15,11601
2019-02-22 20:20,11585
2019-02-22 20:25,11679
2019-02-22 20:30,11682
2019-02-22 20:35,11762
2019-02-22 20:40,11800
2019-02-22 20:45,11913
2019-02-22 20:50,12002
2019-02-22 20:55,12037
2019-02-22 21:00,12050
2019-02-22 21:05,12017
2019-02-22 21:10,12043
2019-02-22 21:15,12141
2019-02-22 21:20,12124
2019-02-22 21:25,12174
2019-02-22 21:30,12171
2019-02-22 21:35,12142
2019-02-22 21:40,12085
2019-02-22 21:45,11980
2019-02-22 21:50,12016
2019-02-22 21:55,12046
2019-02-22 22:00,12037
2019-02-22 22:05,12008
2019-02-22 22:10,12020
2019-02-22 22:15,12007
2019-02-22 22:20,11949
2019-02-22 22:25,11904
2019-02-22 22:30,11837
2019-02-22 22:35,11756
2019-02-22 22:40,11674
2019-02-22 22:45,11664
2019-02-22 22:50,11632
2019-02-22 22:55,11611
2019-02-22 23:00,11530
2019-02-22 23:05,11492
2019-02-22 23:10,11430
2019-02-22 23:15,11308
2019-02-22 23:20,11297
2019-02-22 23:25,11276
2019-02-22 23:30,11265
2019-02-22 23:35,11218
2019-02-22 23:40,11173
2019-02-22 23:45,11018
2019-02-22 23:50,10856
2019-02-22 23:55,10749
2019-02-23 00:00,10644
2019-02-23 00:05,10520
2019-02-23 00:10,10519
2019-02-23 00:15,10462
2019-02-23 00:20,10430
2019-02-23 00:25,10391
2019-02-23 00:30,10380
2019-02-23 00:35,10337
2019-02-23 00:40,10210
2019-02-23 00:45,10139
2019-02-23 00:50,10170
2019-02-23 00:55,10116
2019-02-23 01:00,10059
2019-02-23 01:05,10012
2019-02-23 01:10,9976
2019-02-23 01:15,9990
2019-02-23 01:20,9947
2019-02-23 01:25,9942
2019-02-23 01:30,9896
2019-02-23 01:35,9868
2019-02-23 01:40,9865
2019-02-23 01:45,9827
2019-02-23 01:50,9843
2019-02-23 01:55,9843
2019-02-23 02:00,9857
2019-02-23 02:05,9932
2019-02-23 02:10,9953
2019-02-23 02:15,9921
2019-02-23 02:20,9943
2019-02-23 02:25,9970
2019-02-23 02:30,9980
2019-02-23 02:35,9995
2019-02-23 02:40,10001
2019-02-23 02:45,10030
2019-02-23 02:50,10036
2019-02-23 02:55,10046
2019-02-23 03:00,9996
2019-02-23 03:05,9977
2019-02-23 03:10,9965
2019-02-23 03:15,9877
2019-02-23 03:20,9852
2019-02-23 03:25,9847
2019-02-23 03:30,9905
2019-02-23 03:35,9866
2019-02-23 03:40,9772
2019-02-23 03:45,9722
2019-02-23 03:50,9682
2019-02-23 03:55,9634
2019-02-23 04:00,9661
2019-02-23 04:05,9576
2019-02-23 04:10,9598
2019-02-23 04:15,9519
2019-02-23 04:20,9506
2019-02-23 04:25,9490
2019-02-23 04:30,9423
2019-02-23 04:35,9383
2019-02-23 04:40,9351
2019-02-23 04:45,9268
2019-02-23 04:50,9180
2019-02-23 04:55,9150
2019-02-23 05:00,9073
2019-02-23 05:05,9005
2019-02-23 05:10,8897
2019-02-23 05:15,8793
2019-02-23 05:20,8704
2019-02-23 05:25,8585
2019-02-23 05:30,8545
2019-02-23 05:35,8464
2019-02-23 05:40,8390
2019-02-23 05:45,8332
2019-02-23 05:50,8217
2019-02-23 05:55,8164
2019-02-23 06:00,8042
2019-02-23 06:05,7930
2019-02-23 06:10,7840
2019-02-23 06:15,7697
2019-02-23 06:20,7601
2019-02-23 06:25,7529
2019-02-23 06:30,7358
2019-02-23 06:35,7278
2019-02-23 06:40,7187
2019-02-23 06:45,7057
2019-02-23 06:50,6949
2019-02-23 06:55,6845
2019-02-23 07:00,6789
2019-02-23 07:05,6686
2019-02-23 07:10,6585
2019-02-23 07:15,6526
2019-02-23 07:20,6466
2019-02-23 07:25,6394
2019-02-23 07:30,6284
2019-02-23 07:35,6173
2019-02-23 07:40,6099
2019-02-23 07:45,6036
2019-02-23 07:50,5983
2019-02-23 07:55,5908
2019-02-23 08:00,5853
2019-02-23 08:05,5819
2019-02-23 08:10,5733
2019-02-23 08:15,5655
2019-02-23 08:20,5667
2019-02-23 08:25,5628
2019-02-23 08:30,5622
2019-02-23 08:35,5640
2019-02-23 08:40,5605
2019-02-23 08:45,5568
2019-02-23 08:50,5579
2019-02-23 08:55,5553
2019-02-23 09:00,5533
2019-02-23 09:05,5527
2019-02-23 09:10,5520
2019-02-23 09:15,5532
2019-02-23 09:20,5542
2019-02-23 09:25,5538
2019-02-23 09:30,5530
2019-02-23 09:35,5569
2019-02-23 09:40,5594
2019-02-23 09:45,5610
2019-02-23 09:50,5614
2019-02-23 09:55,5642
2019-02-23 10:00,5662
2019-02-23 10:05,5692
2019-02-23 10:10,5843
2019-02-23 10:15,5864
2019-02-23 10:20,5843
2019-02-23 10:25,5917
2019-02-23 10:30,5950
2019-02-23 10:35,6023
2019-02-23 10:40,6095
2019-02-23 10:45,6160
2019-02-23 10:50,6194
2019-02-23 10:55,6261
2019-02-23 11:00,6326
2019-02-23 11:05,6386
2019-02-23 11:10,6435
2019-02-23 11:15,6460
2019-02-23 11:20,6518
2019-02-23 11:25,6527
2019-02-23 11:30,6584
2019-02-23 11:35,6653
2019-02-23 11:40,6740
2019-02-23 11:45,6806
2019-02-23 11:50,6865
2019-02-23 11:55,6914
2019-02-23 12:00,6940
2019-02-23 12:05,6984
2019-02-23 12:10,7042
2019-02-23 12:15,7120
2019-02-23 12:20,7118
2019-02-23 12:25,7176
2019-02-23 12:30,7234
2019-02-23 12:35,7261
2019-02-23 12:40,7312
2019-02-23 12:45,7343
2019-02-23 12:50,7406
2019-02-23 12:55,7458
2019-02-23 13:00,7501
2019-02-23 13:05,7565
2019-02-23 13:10,7660
2019-02-23 13:15,7755
2019-02-23 13:20,7794
2019-02-23 13:25,7845
2019-02-23 13:30,7877
2019-02-23 13:35,7923
2019-02-23 13:40,7968
2019-02-23 13:45,8037
2019-02-23 13:50,8137
2019-02-23 13:55,8282
2019-02-23 14:00,8401
2019-02-23 14:05,8531
2019-02-23 14:10,8640
2019-02-23 14:15,8737
2019-02-23 14:20,8799
2019-02-23 14:25,8893
2019-02-23 14:30,8979
2019-02-23 14:35,9073
2019-02-23 14:40,9092
2019-02-23 14:45,9155
2019-02-23 14:50,9195
2019-02-23 14:55,9289
2019-02-23 15:00,9389
2019-02-23 15:05,9460
2019-02-23 15:10,9517
2019-02-23 15:15,9651
2019-02-23 15:20,9723
2019-02-23 15:25,9794
2019-02-23 15:30,9828
2019-02-23 15:35,9834
2019-02-23 15:40,9909
2019-02-23 15:45,10034
2019-02-23 15:50,10110
2019-02-23 15:55,10179
2019-02-23 16:00,10276
2019-02-23 16:05,10355
2019-02-23 16:10,10430
2019-02-23 16:15,10527
2019-02-23 16:20,10501
2019-02-23 16:25,10578
2019-02-23 16:30,10614
2019-02-23 16:35,10726
2019-02-23 16:40,10773
2019-02-23 16:45,10893
2019-02-23 16:50,10994
2019-02-23 16:55,11043
2019-02-23 17:00,11069
2019-02-23 17:05,11125
2019-02-23 17:10,11213
2019-02-23 17:15,11286
2019-02-23 17:20,11408
2019-02-23 17:25,11499
2019-02-23 17:30,11626
2019-02-23 17:35,11674
2019-02-23 17:40,11792
2019-02-23 17:45,11864
2019-02-23 17:50,11931
2019-02-23 17:55,12038
2019-02-23 18:00,12117
2019-02-23 18:05,12205
2019-02-23 18:10,12196
2019-02-23 18:15,12272
2019-02-23 18:20,12247
2019-02-23 18:25,12304
2019-02-23 18:30,12375
2019-02-23 18:35,12450
2019-02-23 18:40,12567
2019-02-23 18:45,12599
2019-02-23 18:50,12634
2019-02-23 18:55,12727
2019-02-23 19:00,12776
2019-02-23 19:05,12881
2019-02-23 19:10,12892
2019-02-23 19:15,12987
2019-02-23 19:20,13064
2019-02-23 19:25,13134
2019-02-23 19:30,13234
2019-02-23 19:35,13328
2019-02-23 19:40,13344
2019-02-23 19:45,13455
2019-02-23 19:50,13517
2019-02-23 19:55,13536
2019-02-23 20:00,13568
2019-02-23 20:05,13544
2019-02-23 20:10,13526
2019-02-23 20:15,13579
2019-02-23 20:20,13603
2019-02-23 20:25,13652
2019-02-23 20:30,13689
2019-02-23 20:35,13713
2019-02-23 20:40,13751
2019-02-23 20:45,13701
2019-02-23 20:50,13768
2019-02-23 20:55,13835
2019-02-23 21:00,13856
2019-02-23 21:05,13854
2019-02-23 21:10,13945
2019-02-23 21:15,13854
2019-02-23 21:20,13781
2019-02-23 21:25,13760
2019-02-23 21:30,13722
2019-02-23 21:35,13658
2019-02-23 21:40,13655
2019-02-23 21:45,13684
2019-02-23 21:50,13670
2019-02-23 21:55,13602
2019-02-23 22:00,13513
2019-02-23 22:05,13519
2019-02-23 22:10,13468
2019-02-23 22:15,13465
2019-02-23 22:20,13410
2019-02-23 22:25,13342
2019-02-23 22:30,13284
2019-02-23 22:35,13180
2019-02-23 22:40,13133
2019-02-23 22:45,13061
2019-02-23 22:50,12967
2019-02-23 22:55,12952
2019-02-23 23:00,12875
2019-02-23 23:05,12818
2019-02-23 23:10,12645
2019-02-23 23:15,12538
2019-02-23 23:20,12423
2019-02-23 23:25,12370
2019-02-23 23:30,12283
2019-02-23 23:35,12163
2019-02-23 23:40,12126
2019-02-23 23:45,11953
2019-02-23 23:50,11910
2019-02-23 23:55,11800
2019-02-24 00:00,11707
2019-02-24 00:05,11591
2019-02-24 00:10,11546
2019-02-24 00:15,11508
2019-02-24 00:20,11444
2019-02-24 00:25,11401
2019-02-24 00:30,11327
2019-02-24 00:35,11217
2019-02-24 00:40,11101
2019-02-24 00:45,11091
2019-02-24 00:50,10959
2019-02-24 00:55,10896
2019-02-24 01:00,10873
2019-02-24 01:05,10780
2019-02-24 01:10,10741
2019-02-24 01:15,10693
2019-02-24 01:20,10666
2019-02-24 01:25,10596
2019-02-24 01:30,10606
2019-02-24 01:35,10607
2019-02-24 01:40,10585
2019-02-24 01:45,10589
2019-02-24 01:50,10574
2019-02-24 01:55,10500
2019-02-24 02:00,10496
2019-02-24 02:05,10458
2019-02-24 02:10,10494
2019-02-24 02:15,10470
2019-02-24 02:20,10373
2019-02-24 02:25,10323
2019-02-24 02:30,10337
2019-02-24 02:35,10310
2019-02-24 02:40,10251
2019-02-24 02:45,10284
2019-02-24 02:50,10201
2019-02-24 02:55,10220
2019-02-24 03:00,10191
2019-02-24 03:05,10180
2019-02-24 03:10,10081
2019-02-24 03:15,10089
2019-02-24 03:20,10073
2019-02-24 03:25,10050
2019-02-24 03:30,10006
2019-02-24 03:35,9989
2019-02-24 03:40,10013
2019-02-24 03:45,9955
2019-02-24 03:50,9980
2019-02-24 03:55,9949
2019-02-24 04:00,9886
2019-02-24 04:05,9809
2019-02-24 04:10,9761
2019-02-24 04:15,9730
2019-02-24 04:20,9746
2019-02-24 04:25,9729
2019-02-24 04:30,9734
2019-02-24 04:35,9687
2019-02-24 04:40,9658
2019-02-24 04:45,9637
2019-02-24 04:50,9553
2019-02-24 04:55,9426
2019-02-24 05:00,9363
2019-02-24 05:05,9282
2019-02-24 05:10,9192
2019-02-24 05:15,9109
2019-02-24 05:20,9026
2019-02-24 05:25,8946
2019-02-24 05:30,8927
2019-02-24 05:35,8861
2019-02-24 05:40,8774
2019-02-24 05:45,8726
2019-02-24 05:50,8588
2019-02-24 05:55,8481
2019-02-24 06:00,8393
2019-02-24 06:05,8331
2019-02-24 06:10,8206
2019-02-24 06:15,8140
2019-02-24 06:20,8071
2019-02-24 06:25,7990
2019-02-24 06:30,7829
2019-02-24 06:35,7740
2019-02-24 06:40,7628
2019-02-24 06:45,7526
2019-02-24 06:50,7495
2019-02-24 06:55,7356
2019-02-24 07:00,7285
2019-02-24 07:05,7231
2019-02-24 07:10,7092
2019-02-24 07:15,6995
2019-02-24 07:20,6869
2019-02-24 07:25,6809
2019-02-24 07:30,6717
2019-02-24 07:35,6635
2019-02-24 07:40,6593
2019-02-24 07:45,6425
2019-02-24 07:50,6285
2019-02-24 07:55,6220
2019-02-24 08:00,6141
2019-02-24 08:05,6140
2019-02-24 08:10,6028
2019-02-24 08:15,5912
2019-02-24 08:20,5898
2019-02-24 08:25,5841
2019-02-24 08:30,5863
2019-02-24 08:35,5816
2019-02-24 08:40,5759
2019-02-24 08:45,5732
2019-02-24 08:50,5654
2019-02-24 08:55,5658
2019-02-24 09:00,5675
2019-02-24 09:05,5688
2019-02-24 09:10,5731
2019-02-24 09:15,5808
2019-02-24 09:20,5877
2019-02-24 09:25,5879
2019-02-24 09:30,5948
2019-02-24 09:35,5930
2019-02-24 09:40,5919
2019-02-24 09:45,5943
2019-02-24 09:50,5976
2019-02-24 09:55,6030
2019-02-24 10:00,6027
2019-02-24 10:05,6108
2019-02-24 10:10,6210
2019-02-24 10:15,6241
2019-02-24 10:20,6266
2019-02-24 10:25,6291
2019-02-24 10:30,6370
2019-02-24 10:35,6435
2019-02-24 10:40,6465
2019-02-24 10:45,6556
2019-02-24 10:50,6605
2019-02-24 10:55,6641
2019-02-24 11:00,6699
2019-02-24 11:05,6802
2019-02-24 11:10,6851
2019-02-24 11:15,6882
2019-02-24 11:20,6899
2019-02-24 11:25,7030
2019-02-24 11:30,7161
2019-02-24 11:35,7228
2019-02-24 11:40,7296
2019-02-24 11:45,7366
2019-02-24 11:50,7367
2019-02-24 11:55,7373
2019-02-24 12:00,7361
2019-02-24 12:05,7409
2019-02-24 12:10,7495
2019-02-24 12:15,7546
2019-02-24 12:20,7579
2019-02-24 12:25,7630
2019-02-24 12:30,7716
2019-02-24 12:35,7802
2019-02-24 12:40,7922
2019-02-24 12:45,8000
2019-02-24 12:50,8120
2019-02-24 12:55,8137
2019-02-24 13:00,8216
2019-02-24 13:05,8248
2019-02-24 13:10,8309
2019-02-24 13:15,8350
2019-02-24 13:20,8370
2019-02-24 13:25,8434
2019-02-24 13:30,8479
2019-02-24 13:35,8525
2019-02-24 13:40,8616
2019-02-24 13:45,8706
2019-02-24 13:50,8751
2019-02-24 13:55,8841
2019-02-24 14:00,8944
2019-02-24 14:05,9027
2019-02-24 14:10,9103
2019-02-24 14:15,9145
2019-02-24 14:20,9184
2019-02-24 14:25,9314
2019-02-24 14:30,9364
2019-02-24 14:35,9510
2019-02-24 14:40,9636
2019-02-24 14:45,9699
2019-02-24 14:50,9746
2019-02-24 14:55,9853
2019-02-24 15:00,9962
2019-02-24 15:05,10032
2019-02-24 15:10,10099
2019-02-24 15:15,10190
2019-02-24 15:20,10276
2019-02-24 15:25,10320
2019-02-24 15:30,10369
2019-02-24 15:35,10473
2019-02-24 15:40,10634
2019-02-24 15:45,10702
2019-02-24 15:50,10777
2019-02-24 15:55,10825
2019-02-24 16:00,10950
2019-02-24 16:05,11008
2019-02-24 16:10,11117
2019-02-24 16:15,11253
2019-02-24 16:20,11400
2019-02-24 16:25,11509
2019-02-24 16:30,11578
2019-02-24 16:35,11690
2019-02-24 16:40,11741
2019-02-24 16:45,11798
2019-02-24 16:50,11882
2019-02-24 16:55,11908
2019-02-24 17:00,12027
2019-02-24 17:05,12050
2019-02-24 17:10,12138
2019-02-24 17:15,12162
2019-02-24 17:20,12137
2019-02-24 17:25,12252
2019-02-24 17:30,12396
2019-02-24 17:35,12542
2019-02-24 17:40,12638
2019-02-24 17:45,12754
2019-02-24 17:50,12838
2019-02-24 17:55,12818
2019-02-24 18:00,12955
2019-02-24 18:05,12967
2019-02-24 18:10,13002
2019-02-24 18:15,13035
2019-02-24 18:20,13100
2019-02-24 18:25,13226
2019-02-24 18:30,13332
2019-02-24 18:35,13436
2019-02-24 18:40,13480
2019-02-24 18:45,13504
2019-02-24 18:50,13603
2019-02-24 18:55,13711
2019-02-24 19:00,13756
2019-02-24 19:05,13917
2019-02-24 19:10,14028
2019-02-24 19:15,14024
2019-02-24 19:20,14139
2019-02-24 19:25,14246
2019-02-24 19:30,14269
2019-02-24 19:35,14329
2019-02-24 19:40,14418
2019-02-24 19:45,14413
2019-02-24 19:50,14393
2019-02-24 19:55,14452
2019-02-24 20:00,14393
2019-02-24 20:05,14399
2019-02-24 20:10,14378
2019-02-24 20:15,14362
2019-02-24 20:20,14413
2019-02-24 20:25,14396
2019-02-24 20:30,14377
2019-02-24 20:35,14364
2019-02-24 20:40,14323
2019-02-24 20:45,14310
2019-02-24 20:50,14252
2019-02-24 20:55,14251
2019-02-24 21:00,14182
2019-02-24 21:05,14145
2019-02-24 21:10,14102
2019-02-24 21:15,14073
2019-02-24 21:20,13984
2019-02-24 21:25,13927
2019-02-24 21:30,13855
2019-02-24 21:35,13782
2019-02-24 21:40,13789
2019-02-24 21:45,13673
2019-02-24 21:50,13605
2019-02-24 21:55,13508
2019-02-24 22:00,13440
2019-02-24 22:05,13226
2019-02-24 22:10,13151
2019-02-24 22:15,13033
2019-02-24 22:20,12967
2019-02-24 22:25,12872
2019-02-24 22:30,12763
2019-02-24 22:35,12654
2019-02-24 22:40,12556
2019-02-24 22:45,12432
2019-02-24 22:50,12369
2019-02-24 22:55,12255
2019-02-24 23:00,12089
2019-02-24 23:05,11977
2019-02-24 23:10,11879
2019-02-24 23:15,11762
2019-02-24 23:20,11629
2019-02-24 23:25,11588
2019-02-24 23:30,11486
2019-02-24 23:35,11370
2019-02-24 23:40,11265
2019-02-24 23:45,11240
2019-02-24 23:50,11193
2019-02-24 23:55,11066
2019-02-25 00:00,10976
2019-02-25 00:05,10880
2019-02-25 00:10,10807
2019-02-25 00:15,10775
2019-02-25 00:20,10766
2019-02-25 00:25,10711
2019-02-25 00:30,10636
2019-02-25 00:35,10650
2019-02-25 00:40,10670
2019-02-25 00:45,10636
2019-02-25 00:50,10630
2019-02-25 00:55,10599
2019-02-25 01:00,10622
2019-02-25 01:05,10579
2019-02-25 01:10,10525
2019-02-25 01:15,10473
2019-02-25 01:20,10438
2019-02-25 01:25,10424
2019-02-25 01:30,10337
2019-02-25 01:35,10291
2019-02-25 01:40,10240
2019-02-25 01:45,10230
2019-02-25 01:50,10242
2019-02-25 01:55,10234
2019-02-25 02:00,10206
2019-02-25 02:05,10125
2019-02-25 02:10,10119
2019-02-25 02:15,10094
2019-02-25 02:20,10121
2019-02-25 02:25,10064
2019-02-25 02:30,10063
2019-02-25 02:35,10004
2019-02-25 02:40,9965
2019-02-25 02:45,9897
2019-02-25 02:50,9828
2019-02-25 02:55,9780
2019-02-25 03:00,9718
2019-02-25 03:05,9625
2019-02-25 03:10,9525
2019-02-25 03:15,9464
2019-02-25 03:20,9425
2019-02-25 03:25,9375
2019-02-25 03:30,9269
2019-02-25 03:35,9205
2019-02-25 03:40,9103
2019-02-25 03:45,9019
2019-02-25 03:50,8913
2019-02-25 03:55,8777
2019-02-25 04:00,8646
2019-02-25 04:05,8483
2019-02-25 04:10,8414
2019-02-25 04:15,8275
2019-02-25 04:20,8204
2019-02-25 04:25,8086
2019-02-25 04:30,8024
2019-02-25 04:35,7890
2019-02-25 04:40,7757
2019-02-25 04:45,7675
2019-02-25 04:50,7529
2019-02-25 04:55,7417
2019-02-25 05:00,7302
2019-02-25 05:05,7202
2019-02-25 05:10,7111
2019-02-25 05:15,7004
2019-02-25 05:20,6891
2019-02-25 05:25,6776
2019-02-25 05:30,6674
2019-02-25 05:35,6597
2019-02-25 05:40,6528
2019-02-25 05:45,6405
2019-02-25 05:50,6281
2019-02-25 05:55,6178
2019-02-25 06:00,6078
2019-02-25 06:05,5994
2019-02-25 06:10,5914
2019-02-25 06:15,5788
2019-02-25 06:20,5671
2019-02-25 06:25,5582
2019-02-25 06:30,5462
2019-02-25 06:35,5342
2019-02-25 06:40,5268
2019-02-25 06:45,5167
2019-02-25 06:50,5041
2019-02-25 06:55,4954
2019-02-25 07:00,4856
2019-02-25 07:05,4756
2019-02-25 07:10,4670
2019-02-25 07:15,4621
2019-02-25 07:20,4580
2019-02-25 07:25,4507
2019-02-25 07:30,4441
2019-02-25 07:35,4410
2019-02-25 07:40,4373
2019-02-25 07:45,4292
2019-02-25 07:50,4257
2019-02-25 07:55,4206
2019-02-25 08:00,4151
2019-02-25 08:05,4110
2019-02-25 08:10,4065
2019-02-25 08:15,4005
2019-02-25 08:20,3977
2019-02-25 08:25,3928
2019-02-25 08:30,3935
2019-02-25 08:35,3923
2019-02-25 08:40,3929
2019-02-25 08:45,3950
2019-02-25 08:50,3922
2019-02-25 08:55,3918
2019-02-25 09:00,3896
2019-02-25 09:05,3902
2019-02-25 09:10,3898
2019-02-25 09:15,3894
2019-02-25 09:20,3899
2019-02-25 09:25,3893
2019-02-25 09:30,3919
2019-02-25 09:35,3943
2019-02-25 09:40,3940
2019-02-25 09:45,3958
2019-02-25 09:50,3955
2019-02-25 09:55,3986
2019-02-25 10:00,3995
2019-02-25 10:05,3998
2019-02-25 10:10,3986
2019-02-25 10:15,4019
2019-02-25 10:20,4039
2019-02-25 10:25,4080
2019-02-25 10:30,4099
2019-02-25 10:35,4145
2019-02-25 10:40,4157
2019-02-25 10:45,4175
2019-02-25 10:50,4200
2019-02-25 10:55,4210
2019-02-25 11:00,4235
2019-02-25 11:05,4258
2019-02-25 11:10,4266
2019-02-25 11:15,4293
2019-02-25 11:20,4318
2019-02-25 11:25,4339
2019-02-25 11:30,4376
2019-02-25 11:35,4459
2019-02-25 11:40,4496
2019-02-25 11:45,4510
2019-02-25 11:50,4592
2019-02-25 11:55,4604
2019-02-25 12:00,4613
2019-02-25 12:05,4632
2019-02-25 12:10,4653
2019-02-25 12:15,4720
2019-02-25 12:20,4803
2019-02-25 12:25,4824
2019-02-25 12:30,4911
2019-02-25 12:35,4997
2019-02-25 12:40,5032
2019-02-25 12:45,5065
2019-02-25 12:50,5109
2019-02-25 12:55,5192
2019-02-25 13:00,5171
2019-02-25 13:05,5210
2019-02-25 13:10,5252
2019-02-25 13:15,5365
2019-02-25 13:20,5427
2019-02-25 13:25,5512
2019-02-25 13:30,5580
2019-02-25 13:35,5600
2019-02-25 13:40,5682
2019-02-25 13:45,5760
2019-02-25 13:50,5840
2019-02-25 13:55,5932
2019-02-25 14:00,5961
2019-02-25 14:05,6014
2019-02-25 14:10,6120
2019-02-25 14:15,6210
2019-02-25 14:20,6343
2019-02-25 14:25,6514
2019-02-25 14:30,6582
2019-02-25 14:35,6689
2019-02-25 14:40,6762
2019-02-25 14:45,6851
2019-02-25 14:50,6962
2019-02-25 14:55,7015
2019-02-25 15:00,7120
2019-02-25 15:05,7132
2019-02-25 15:10,7140
2019-02-25 15:15,7231
2019-02-25 15:20,7321
2019-02-25 15:25,6983
2019-02-25 15:30,5323
2019-02-25 15:35,4125
2019-02-25 15:40,3234
2019-02-25 15:45,3046
2019-02-25 15:50,3151
2019-02-25 15:55,3212
2019-02-25 16:00,3329
2019-02-25 16:05,3479
2019-02-25 16:10,4074
2019-02-25 16:15,4666
2019-02-25 16:20,5210
2019-02-25 16:25,5704
2019-02-25 16:30,6193
2019-02-25 16:35,6615
2019-02-25 16:40,7003
2019-02-25 16:45,7395
2019-02-25 16:50,7748
2019-02-25 16:55,8052
2019-02-25 17:00,8243
2019-02-25 17:05,8472
2019-02-25 17:10,8675
2019-02-25 17:15,8902
2019-02-25 17:20,9061
2019-02-25 17:25,9166
2019-02-25 17:30,9338
2019-02-25 17:35,9548
2019-02-25 17:40,9734
2019-02-25 17:45,9934
2019-02-25 17:50,10089
2019-02-25 17:55,10227
2019-02-25 18:00,10300
2019-02-25 18:05,10394
2019-02-25 18:10,10437
2019-02-25 18:15,10519
2019-02-25 18:20,10607
2019-02-25 18:25,10637
2019-02-25 18:30,10692
2019-02-25 18:35,10794
2019-02-25 18:40,10884
2019-02-25 18:45,10995
2019-02-25 18:50,11063
2019-02-25 18:55,11104
2019-02-25 19:00,11140
2019-02-25 19:05,11266
2019-02-25 19:10,11290
2019-02-25 19:15,11300
2019-02-25 19:20,11432
2019-02-25 19:25,11456
2019-02-25 19:30,11459
2019-02-25 19:35,11576
2019-02-25 19:40,11566
2019-02-25 19:45,11646
2019-02-25 19:50,11631
2019-02-25 19:55,11655
2019-02-25 20:00,11624
2019-02-25 20:05,11610
2019-02-25 20:10,11600
2019-02-25 20:15,11589
2019-02-25 20:20,11633
2019-02-25 20:25,11586
2019-02-25 20:30,11597
2019-02-25 20:35,11640
2019-02-25 20:40,11623
2019-02-25 20:45,11627
2019-02-25 20:50,11545
2019-02-25 20:55,11458
2019-02-25 21:00,11446
2019-02-25 21:05,11113
2019-02-25 21:10,11042
2019-02-25 21:15,11029
2019-02-25 21:20,11040
2019-02-25 21:25,11068
2019-02-25 21:30,11049
2019-02-25 21:35,11030
2019-02-25 21:40,11000
2019-02-25 21:45,11102
2019-02-25 21:50,11136
2019-02-25 21:55,11051
2019-02-25 22:00,10964
2019-02-25 22:05,10877
2019-02-25 22:10,10826
2019-02-25 22:15,10675
2019-02-25 22:20,10639
2019-02-25 22:25,10527
2019-02-25 22:30,10446
2019-02-25 22:35,10392
2019-02-25 22:40,10352
2019-02-25 22:45,10305
2019-02-25 22:50,10217
2019-02-25 22:55,10148
2019-02-25 23:00,10115
2019-02-25 23:05,10098
2019-02-25 23:10,10074
2019-02-25 23:15,10020
2019-02-25 23:20,9958
2019-02-25 23:25,9855
2019-02-25 23:30,9765
2019-02-25 23:35,9752
2019-02-25 23:40,9774
2019-02-25 23:45,9707
2019-02-25 23:50,9684
2019-02-25 23:55,9628
2019-02-26 00:00,9681
2019-02-26 00:05,9666
2019-02-26 00:10,8305
2019-02-26 00:15,6670
2019-02-26 00:20,5214
2019-02-26 00:25,4077
2019-02-26 00:30,3197
2019-02-26 00:35,2224
2019-02-26 00:40,2075
2019-02-26 00:45,2038
2019-02-26 00:50,1957
2019-02-26 00:55,2438
2019-02-26 01:00,3008
2019-02-26 01:05,3631
2019-02-26 01:10,4225
2019-02-26 01:15,4825
2019-02-26 01:20,5364
2019-02-26 01:25,5956
2019-02-26 01:30,6527
2019-02-26 01:35,6998
2019-02-26 01:40,7433
2019-02-26 01:45,7782
2019-02-26 01:50,8085
2019-02-26 01:55,8352
2019-02-26 02:00,8581
2019-02-26 02:05,8734
2019-02-26 02:10,8882
2019-02-26 02:15,9033
2019-02-26 02:20,9173
2019-02-26 02:25,9299
2019-02-26 02:30,9445
2019-02-26 02:35,9568
2019-02-26 02:40,9630
2019-02-26 02:45,9706
2019-02-26 02:50,9723
2019-02-26 02:55,9705
2019-02-26 03:00,9684
2019-02-26 03:05,9676
2019-02-26 03:10,9715
2019-02-26 03:15,9640
2019-02-26 03:20,9581
2019-02-26 03:25,9506
2019-02-26 03:30,9522
2019-02-26 03:35,9453
2019-02-26 03:40,9329
2019-02-26 03:45,9262
2019-02-26 03:50,9157
2019-02-26 03:55,9065
2019-02-26 04:00,8953
2019-02-26 04:05,8838
2019-02-26 04:10,8709
2019-02-26 04:15,8576
2019-02-26 04:20,8422
2019-02-26 04:25,7741
2019-02-26 04:30,7557
2019-02-26 04:35,7394
2019-02-26 04:40,7325
2019-02-26 04:45,7254
2019-02-26 04:50,7178
2019-02-26 04:55,7068
2019-02-26 05:00,7014
2019-02-26 05:05,6942
2019-02-26 05:10,6812
2019-02-26 05:15,6748
2019-02-26 05:20,6628
2019-02-26 05:25,6564
2019-02-26 05:30,6479
2019-02-26 05:35,6407
2019-02-26 05:40,6306
2019-02-26 05:45,6204
2019-02-26 05:50,6072
2019-02-26 05:55,5964
2019-02-26 06:00,5831
2019-02-26 06:05,5769
2019-02-26 06:10,5616
2019-02-26 06:15,5505
2019-02-26 06:20,5420
2019-02-26 06:25,5299
2019-02-26 06:30,5202
2019-02-26 06:35,5114
2019-02-26 06:40,4993
2019-02-26 06:45,4892
2019-02-26 06:50,4810
2019-02-26 06:55,4738
2019-02-26 07:00,4708
2019-02-26 07:05,4594
2019-02-26 07:10,4536
2019-02-26 07:15,4441
2019-02-26 07:20,4354
2019-02-26 07:25,4304
2019-02-26 07:30,4246
2019-02-26 07:35,4164
2019-02-26 07:40,4166
2019-02-26 07:45,4117
2019-02-26 07:50,4107
2019-02-26 07:55,4066
2019-02-26 08:00,4017
2019-02-26 08:05,3976
2019-02-26 08:10,3939
2019-02-26 08:15,3894
2019-02-26 08:20,3865
2019-02-26 08:25,3824
2019-02-26 08:30,3790
2019-02-26 08:35,3790
2019-02-26 08:40,3765
2019-02-26 08:45,3777
2019-02-26 08:50,3769
2019-02-26 08:55,3787
2019-02-26 09:00,3754
2019-02-26 09:05,3769
2019-02-26 09:10,3768
2019-02-26 09:15,3777
2019-02-26 09:20,3820
2019-02-26 09:25,3807
2019-02-26 09:30,3809
2019-02-26 09:35,3806
2019-02-26 09:40,3828
2019-02-26 09:45,3842
2019-02-26 09:50,3891
2019-02-26 09:55,3876
2019-02-26 10:00,3892
2019-02-26 10:05,3887
2019-02-26 10:10,3871
2019-02-26 10:15,3934
2019-02-26 10:20,3922
2019-02-26 10:25,3942
2019-02-26 10:30,3973
2019-02-26 10:35,4015
2019-02-26 10:40,4037
2019-02-26 10:45,4061
2019-02-26 10:50,4060
2019-02-26 10:55,4089
2019-02-26 11:00,4092
2019-02-26 11:05,4123
2019-02-26 11:10,4147
2019-02-26 11:15,4186
2019-02-26 11:20,4195
2019-02-26 11:25,4273
2019-02-26 11:30,4316
2019-02-26 11:35,4374
2019-02-26 11:40,4424
2019-02-26 11:45,4477
2019-02-26 11:50,4532
2019-02-26 11:55,4594
2019-02-26 12:00,4592
2019-02-26 12:05,4627
2019-02-26 12:10,4649
2019-02-26 12:15,4707
2019-02-26 12:20,4750
2019-02-26 12:25,4792
2019-02-26 12:30,4839
2019-02-26 12:35,4894
2019-02-26 12:40,4976
2019-02-26 12:45,5047
2019-02-26 12:50,5120
2019-02-26 12:55,5138
2019-02-26 13:00,5170
2019-02-26 13:05,5252
2019-02-26 13:10,5301
2019-02-26 13:15,5430
2019-02-26 13:20,5505
2019-02-26 13:25,5544
2019-02-26 13:30,5615
2019-02-26 13:35,5673
2019-02-26 13:40,5735
2019-02-26 13:45,5798
2019-02-26 13:50,5864
2019-02-26 13:55,5945
2019-02-26 14:00,6050
2019-02-26 14:05,6179
2019-02-26 14:10,6238
2019-02-26 14:15,6307
2019-02-26 14:20,6424
2019-02-26 14:25,6440
2019-02-26 14:30,6512
2019-02-26 14:35,6567
2019-02-26 14:40,6676
2019-02-26 14:45,6778
2019-02-26 14:50,6896
2019-02-26 14:55,6938
2019-02-26 15:00,6993
2019-02-26 15:05,7059
2019-02-26 15:10,7178
2019-02-26 15:15,7258
2019-02-26 15:20,7370
2019-02-26 15:25,7430
2019-02-26 15:30,7501
2019-02-26 15:35,7546
2019-02-26 15:40,7620
2019-02-26 15:45,7682
2019-02-26 15:50,7791
2019-02-26 15:55,7861
2019-02-26 16:00,7886
2019-02-26 16:05,7945
2019-02-26 16:10,8044
2019-02-26 16:15,8125
2019-02-26 16:20,8211
2019-02-26 16:25,8268
2019-02-26 16:30,8381
2019-02-26 16:35,8467
2019-02-26 16:40,8571
2019-02-26 16:45,8714
2019-02-26 16:50,8804
2019-02-26 16:55,8859
2019-02-26 17:00,8958
2019-02-26 17:05,9060
2019-02-26 17:10,9192
2019-02-26 17:15,9257
2019-02-26 17:20,9381
2019-02-26 17:25,9475
2019-02-26 17:30,9572
2019-02-26 17:35,9665
2019-02-26 17:40,9710
2019-02-26 17:45,9820
2019-02-26 17:50,9950
2019-02-26 17:55,10035
2019-02-26 18:00,10127
2019-02-26 18:05,10177
2019-02-26 18:10,10283
2019-02-26 18:15,10403
2019-02-26 18:20,10437
2019-02-26 18:25,10527
2019-02-26 18:30,10621
2019-02-26 18:35,10739
2019-02-26 18:40,10839
2019-02-26 18:45,10937
2019-02-26 18:50,10997
2019-02-26 18:55,11072
2019-02-26 19:00,11121
2019-02-26 19:05,11225
2019-02-26 19:10,11270
2019-02-26 19:15,11343
2019-02-26 19:20,11401
2019-02-26 19:25,11435
2019-02-26 19:30,11542
2019-02-26 19:35,11548
2019-02-26 19:40,11549
2019-02-26 19:45,11656
2019-02-26 19:50,11717
2019-02-26 19:55,11782
2019-02-26 20:00,11766
2019-02-26 20:05,11765
2019-02-26 20:10,11764
2019-02-26 20:15,11848
2019-02-26 20:20,11862
2019-02-26 20:25,11848
2019-02-26 20:30,11670
2019-02-26 20:35,11557
2019-02-26 20:40,11573
2019-02-26 20:45,11596
2019-02-26 20:50,11577
2019-02-26 20:55,11557
2019-02-26 21:00,11511
2019-02-26 21:05,11420
2019-02-26 21:10,11405
2019-02-26 21:15,11334
2019-02-26 21:20,11325
2019-02-26 21:25,11297
2019-02-26 21:30,11264
2019-02-26 21:35,11186
2019-02-26 21:40,11216
2019-02-26 21:45,11129
2019-02-26 21:50,11047
2019-02-26 21:55,11009
2019-02-26 22:00,11070
2019-02-26 22:05,10936
2019-02-26 22:10,10927
2019-02-26 22:15,10867
2019-02-26 22:20,10861
2019-02-26 22:25,10823
2019-02-26 22:30,10739
2019-02-26 22:35,10745
2019-02-26 22:40,10642
2019-02-26 22:45,10540
2019-02-26 22:50,10544
2019-02-26 22:55,10396
2019-02-26 23:00,10321
2019-02-26 23:05,10267
2019-02-26 23:10,
2019-02-26 23:15,
2019-02-26 23:20,10030
2019-02-26 23:25,10063
2019-02-26 23:30,10085
2019-02-26 23:35,10061
2019-02-26 23:40,10000
2019-02-26 23:45,9905
2019-02-26 23:50,9817
2019-02-26 23:55,9808
2019-02-27 00:00,9781
2019-02-27 00:05,9762
2019-02-27 00:10,9717
2019-02-27 00:15,9762
2019-02-27 00:20,9809
2019-02-27 00:25,9836
2019-02-27 00:30,9856
2019-02-27 00:35,9909
2019-02-27 00:40,9919
2019-02-27 00:45,9906
2019-02-27 00:50,9930
2019-02-27 00:55,9925
2019-02-27 01:00,9891
2019-02-27 01:05,9876
2019-02-27 01:10,9930
2019-02-27 01:15,9966
2019-02-27 01:20,9933
2019-02-27 01:25,9937
2019-02-27 01:30,9936
2019-02-27 01:35,9993
2019-02-27 01:40,10029
2019-02-27 01:45,10060
2019-02-27 01:50,10063
2019-02-27 01:55,10080
2019-02-27 02:00,10086
2019-02-27 02:05,10121
2019-02-27 02:10,10136
2019-02-27 02:15,10105
2019-02-27 02:20,10157
2019-02-27 02:25,10129
2019-02-27 02:30,10111
2019-02-27 02:35,10094
2019-02-27 02:40,10073
2019-02-27 02:45,10034
2019-02-27 02:50,9958
2019-02-27 02:55,9900
2019-02-27 03:00,9829
2019-02-27 03:05,9703
2019-02-27 03:10,9699
2019-02-27 03:15,9672
2019-02-27 03:20,9602
2019-02-27 03:25,9595
2019-02-27 03:30,9464
2019-02-27 03:35,9386
2019-02-27 03:40,9324
2019-02-27 03:45,9275
2019-02-27 03:50,9156
2019-02-27 03:55,9036
2019-02-27 04:00,8921
2019-02-27 04:05,8786
2019-02-27 04:10,8628
2019-02-27 04:15,8520
2019-02-27 04:20,8402
2019-02-27 04:25,8261
2019-02-27 04:30,8158
2019-02-27 04:35,8057
2019-02-27 04:40,7957
2019-02-27 04:45,7857
2019-02-27 04:50,7754
2019-02-27 04:55,7624
2019-02-27 05:00,7533
2019-02-27 05:05,7408
2019-02-27 05:10,7263
2019-02-27 05:15,7147
2019-02-27 05:20,7017
2019-02-27 05:25,6866
2019-02-27 05:30,6816
2019-02-27 05:35,6669
2019-02-27 05:40,6609
2019-02-27 05:45,6543
2019-02-27 05:50,6430
2019-02-27 05:55,6308
2019-02-27 06:00,6171
2019-02-27 06:05,6050
2019-02-27 06:10,5896
2019-02-27 06:15,5852
2019-02-27 06:20,5796
2019-02-27 06:25,5689
2019-02-27 06:30,5577
2019-02-27 06:35,5510
2019-02-27 06:40,5355
2019-02-27 06:45,5253
2019-02-27 06:50,5161
2019-02-27 06:55,5046
2019-02-27 07:00,4987
2019-02-27 07:05,4921
2019-02-27 07:10,4846
2019-02-27 07:15,4799
2019-02-27 07:20,4729
2019-02-27 07:25,4635
2019-02-27 07:30,4566
2019-02-27 07:35,4463
2019-02-27 07:40,4425
2019-02-27 07:45,4355
2019-02-27 07:50,4281
2019-02-27 07:55,4209
2019-02-27 08:00,4150
2019-02-27 08:05,4112
2019-02-27 08:10,4029
2019-02-27 08:15,3970
2019-02-27 08:20,3986
2019-02-27 08:25,3955
2019-02-27 08:30,3923
2019-02-27 08:35,3893
2019-02-27 08:40,3872
2019-02-27 08:45,3850
2019-02-27 08:50,3834
2019-02-27 08:55,3800
2019-02-27 09:00,3771
2019-02-27 09:05,3807
2019-02-27 09:10,3785
2019-02-27 09:15,3780
2019-02-27 09:20,3770
2019-02-27 09:25,3742
2019-02-27 09:30,3771
2019-02-27 09:35,3811
2019-02-27 09:40,3842
2019-02-27 09:45,3869
2019-02-27 09:50,3897
2019-02-27 09:55,3923
2019-02-27 10:00,3971
2019-02-27 10:05,4021
2019-02-27 10:10,4053
2019-02-27 10:15,4059
2019-02-27 10:20,4074
2019-02-27 10:25,4121
2019-02-27 10:30,4105
2019-02-27 10:35,4114
2019-02-27 10:40,4165
2019-02-27 10:45,4161
2019-02-27 10:50,4167
2019-02-27 10:55,4152
2019-02-27 11:00,4198
2019-02-27 11:05,4162
2019-02-27 11:10,4215
2019-02-27 11:15,4252
2019-02-27 11:20,4252
2019-02-27 11:25,4337
2019-02-27 11:30,4350
2019-02-27 11:35,4351
2019-02-27 11:40,4420
2019-02-27 11:45,4492
2019-02-27 11:50,4529
2019-02-27 11:55,4575
2019-02-27 12:00,4624
2019-02-27 12:05,4655
2019-02-27 12:10,4694
2019-02-27 12:15,4756
2019-02-27 12:20,4811
2019-02-27 12:25,4808
2019-02-27 12:30,4904
2019-02-27 12:35,4986
2019-02-27 12:40,5064
2019-02-27 12:45,5111
2019-02-27 12:50,5164
2019-02-27 12:55,5283
2019-02-27 13:00,5343
2019-02-27 13:05,5392
2019-02-27 13:10,5427
2019-02-27 13:15,5489
2019-02-27 13:20,5595
2019-02-27 13:25,5671
2019-02-27 13:30,5703
2019-02-27 13:35,5786
2019-02-27 13:40,5863
2019-02-27 13:45,5952
2019-02-27 13:50,6036
2019-02-27 13:55,6128
2019-02-27 14:00,6182
2019-02-27 14:05,6255
2019-02-27 14:10,6341
2019-02-27 14:15,6457
2019-02-27 14:20,6579
2019-02-27 14:25,6641
2019-02-27 14:30,6731
2019-02-27 14:35,6842
2019-02-27 14:40,6905
2019-02-27 14:45,7014
2019-02-27 14:50,7105
2019-02-27 14:55,7128
2019-02-27 15:00,7213
2019-02-27 15:05,7248
2019-02-27 15:10,7297
2019-02-27 15:15,7388
2019-02-27 15:20,7463
2019-02-27 15:25,7522
2019-02-27 15:30,7636
2019-02-27 15:35,7764
2019-02-27 15:40,7875
2019-02-27 15:45,7935
2019-02-27 15:50,8031
2019-02-27 15:55,8143
2019-02-27 16:00,8237
2019-02-27 16:05,8251
2019-02-27 16:10,8352
2019-02-27 16:15,8412
2019-02-27 16:20,8494
2019-02-27 16:25,8548
2019-02-27 16:30,8580
2019-02-27 16:35,8696
2019-02-27 16:40,8765
2019-02-27 16:45,8830
2019-02-27 16:50,8935
2019-02-27 16:55,9027
2019-02-27 17:00,9088
2019-02-27 17:05,9161
2019-02-27 17:10,9224
2019-02-27 17:15,9268
2019-02-27 17:20,9456
2019-02-27 17:25,9574
2019-02-27 17:30,9661
2019-02-27 17:35,9826
2019-02-27 17:40,9948
2019-02-27 17:45,10071
2019-02-27 17:50,10097
2019-02-27 17:55,10146
2019-02-27 18:00,10240
2019-02-27 18:05,10373
2019-02-27 18:10,10471
2019-02-27 18:15,10577
2019-02-27 18:20,10659
2019-02-27 18:25,10758
2019-02-27 18:30,10895
2019-02-27 18:35,10959
2019-02-27 18:40,11039
2019-02-27 18:45,11095
2019-02-27 18:50,11114
2019-02-27 18:55,11120
2019-02-27 19:00,11232
2019-02-27 19:05,11258
2019-02-27 19:10,11385
2019-02-27 19:15,11418
2019-02-27 19:20,11456
2019-02-27 19:25,11471
2019-02-27 19:30,11462
2019-02-27 19:35,11490
2019-02-27 19:40,11610
2019-02-27 19:45,11568
2019-02-27 19:50,11624
2019-02-27 19:55,11620
2019-02-27 20:00,11618
2019-02-27 20:05,11530
2019-02-27 20:10,11466
2019-02-27 20:15,11419
2019-02-27 20:20,11372
2019-02-27 20:25,11321
2019-02-27 20:30,11318
2019-02-27 20:35,11307
2019-02-27 20:40,11313
2019-02-27 20:45,11293
2019-02-27 20:50,11328
2019-02-27 20:55,11331
2019-02-27 21:00,11240
2019-02-27 21:05,11172
2019-02-27 21:10,11170
2019-02-27 21:15,11106
2019-02-27 21:20,11046
2019-02-27 21:25,10996
2019-02-27 21:30,10961
2019-02-27 21:35,10864
2019-02-27 21:40,10856
2019-02-27 21:45,10890
2019-02-27 21:50,10912
2019-02-27 21:55,10892
2019-02-27 22:00,10851
2019-02-27 22:05,10858
2019-02-27 22:10,10829
2019-02-27 22:15,0
2019-02-27 22:20,10835
2019-02-27 22:25,10826
2019-02-27 22:30,10779
2019-02-27 22:35,10707
2019-02-27 22:40,10703
2019-02-27 22:45,10664
2019-02-27 22:50,10661
2019-02-27 22:55,10593
2019-02-27 23:00,10557
2019-02-27 23:05,10459
2019-02-27 23:10,10367
2019-02-27 23:15,10282
2019-02-27 23:20,10193
2019-02-27 23:25,10107
2019-02-27 23:30,10049
2019-02-27 23:35,10015
2019-02-27 23:40,10005
2019-02-27 23:45,9977
2019-02-27 23:50,9970
2019-02-27 23:55,9949
2019-02-28 00:00,9902
2019-02-28 00:05,9888
2019-02-28 00:10,9768
2019-02-28 00:15,9791
2019-02-28 00:20,9735
2019-02-28 00:25,9715
2019-02-28 00:30,9675
2019-02-28 00:35,9715
2019-02-28 00:40,9730
2019-02-28 00:45,9737
2019-02-28 00:50,9731
2019-02-28 00:55,9748
2019-02-28 01:00,9809
2019-02-28 01:05,9820
2019-02-28 01:10,9786
2019-02-28 01:15,9831
2019-02-28 01:20,9830
2019-02-28 01:25,9836
2019-02-28 01:30,9820
2019-02-28 01:35,9786
2019-02-28 01:40,9829
2019-02-28 01:45,9905
2019-02-28 01:50,9867
2019-02-28 01:55,9938
2019-02-28 02:00,9988
2019-02-28 02:05,9954
2019-02-28 02:10,10023
2019-02-28 02:15,9993
2019-02-28 02:20,10012
2019-02-28 02:25,9946
2019-02-28 02:30,9895
2019-02-28 02:35,9866
2019-02-28 02:40,9794
2019-02-28 02:45,9742
2019-02-28 02:50,9727
2019-02-28 02:55,9738
2019-02-28 03:00,9627
2019-02-28 03:05,9591
2019-02-28 03:10,9487
2019-02-28 03:15,9451
2019-02-28 03:20,9397
2019-02-28 03:25,9316
2019-02-28 03:30,9203
2019-02-28 03:35,9077
2019-02-28 03:40,8965
2019-02-28 03:45,8893
2019-02-28 03:50,8800
2019-02-28 03:55,8719
2019-02-28 04:00,8699
2019-02-28 04:05,8635
2019-02-28 04:10,8549
2019-02-28 04:15,8489
2019-02-28 04:20,8396
2019-02-28 04:25,8331
2019-02-28 04:30,8249
2019-02-28 04:35,8150
2019-02-28 04:40,8009
2019-02-28 04:45,7690
2019-02-28 04:50,7556
2019-02-28 04:55,7434
2019-02-28 05:00,7357
2019-02-28 05:05,7229
2019-02-28 05:10,7080
2019-02-28 05:15,6935
2019-02-28 05:20,6805
2019-02-28 05:25,6729
2019-02-28 05:30,6656
2019-02-28 05:35,6590
2019-02-28 05:40,6441
2019-02-28 05:45,6388
2019-02-28 05:50,6312
2019-02-28 05:55,6174
2019-02-28 06:00,6075
2019-02-28 06:05,6003
2019-02-28 06:10,5883
2019-02-28 06:15,5805
2019-02-28 06:20,5688
2019-02-28 06:25,5617
2019-02-28 06:30,5488
2019-02-28 06:35,5390
2019-02-28 06:40,5359
2019-02-28 06:45,5238
2019-02-28 06:50,5143
2019-02-28 06:55,5076
2019-02-28 07:00,5003
2019-02-28 07:05,4930
2019-02-28 07:10,4821
2019-02-28 07:15,4753
2019-02-28 07:20,4682
2019-02-28 07:25,4598
2019-02-28 07:30,4546
2019-02-28 07:35,4478
2019-02-28 07:40,4419
2019-02-28 07:45,4404
2019-02-28 07:50,4347
2019-02-28 07:55,4306
2019-02-28 08:00,4230
2019-02-28 08:05,4155
2019-02-28 08:10,4080
2019-02-28 08:15,4036
2019-02-28 08:20,3990
2019-02-28 08:25,3983
2019-02-28 08:30,3945
2019-02-28 08:35,3900
2019-02-28 08:40,3870
2019-02-28 08:45,3836
2019-02-28 08:50,3786
2019-02-28 08:55,3791
2019-02-28 09:00,3750
2019-02-28 09:05,3761
2019-02-28 09:10,3760
2019-02-28 09:15,3789
2019-02-28 09:20,3795
2019-02-28 09:25,3780
2019-02-28 09:30,3800
2019-02-28 09:35,3803
2019-02-28 09:40,3816
2019-02-28 09:45,3819
2019-02-28 09:50,3813
2019-02-28 09:55,3871
2019-02-28 10:00,3922
2019-02-28 10:05,3952
2019-02-28 10:10,3984
2019-02-28 10:15,4019
2019-02-28 10:20,4050
2019-02-28 10:25,4056
2019-02-28 10:30,4096
2019-02-28 10:35,4126
2019-02-28 10:40,4128
2019-02-28 10:45,4103
2019-02-28 10:50,4117
2019-02-28 10:55,4130
2019-02-28 11:00,4115
2019-02-28 11:05,4145
2019-02-28 11:10,4145
2019-02-28 11:15,4148
2019-02-28 11:20,4184
2019-02-28 11:25,4221
2019-02-28 11:30,4304
2019-02-28 11:35,4347
2019-02-28 11:40,4372
2019-02-28 11:45,4407
2019-02-28 11:50,4506
2019-02-28 11:55,4582
2019-02-28 12:00,4648
2019-02-28 12:05,4721
2019-02-28 12:10,4758
2019-02-28 12:15,4827
2019-02-28 12:20,4898
2019-02-28 12:25,4961
2019-02-28 12:30,4961
2019-02-28 12:35,4977
2019-02-28 12:40,5017
2019-02-28 12:45,5090
2019-02-28 12:50,5139
2019-02-28 12:55,5194
2019-02-28 13:00,5264
2019-02-28 13:05,5321
2019-02-28 13:10,5339
2019-02-28 13:15,5428
2019-02-28 13:20,5469
2019-02-28 13:25,5531
2019-02-28 13:30,5580
2019-02-28 13:35,5651
2019-02-28 13:40,5734
2019-02-28 13:45,5846
2019-02-28 13:50,5910
2019-02-28 13:55,6000
2019-02-28 14:00,6047
2019-02-28 14:05,6133
2019-02-28 14:10,6229
2019-02-28 14:15,6330
2019-02-28 14:20,6436
2019-02-28 14:25,6580
2019-02-28 14:30,6658
2019-02-28 14:35,6677
2019-02-28 14:40,6748
2019-02-28 14:45,6847
2019-02-28 14:50,6949
2019-02-28 14:55,7002
2019-02-28 15:00,7022
2019-02-28 15:05,7032
2019-02-28 15:10,7075
2019-02-28 15:15,7093
2019-02-28 15:20,7147
2019-02-28 15:25,7244
2019-02-28 15:30,7353
2019-02-28 15:35,7435
2019-02-28 15:40,7454
2019-02-28 15:45,7543
2019-02-28 15:50,7595
2019-02-28 15:55,7588
2019-02-28 16:00,7727
2019-02-28 16:05,7873
2019-02-28 16:10,7952
2019-02-28 16:15,8048
2019-02-28 16:20,8132
2019-02-28 16:25,8197
2019-02-28 16:30,8274
2019-02-28 16:35,8357
2019-02-28 16:40,8448
2019-02-28 16:45,8548
2019-02-28 16:50,8590
2019-02-28 16:55,8711
2019-02-28 17:00,8777
2019-02-28 17:05,8921
2019-02-28 17:10,8969
2019-02-28 17:15,9065
2019-02-28 17:20,9162
2019-02-28 17:25,9238
2019-02-28 17:30,9304
2019-02-28 17:35,9443
2019-02-28 17:40,9519
2019-02-28 17:45,9630
2019-02-28 17:50,9658
2019-02-28 17:55,9781
2019-02-28 18:00,9902
2019-02-28 18:05,9970
2019-02-28 18:10,10067
2019-02-28 18:15,10117
2019-02-28 18:20,10181
2019-02-28 18:25,10269
2019-02-28 18:30,10339
2019-02-28 18:35,10476
2019-02-28 18:40,10528
2019-02-28 18:45,10676
2019-02-28 18:50,10698
2019-02-28 18:55,10776
2019-02-28 19:00,10816
2019-02-28 19:05,10890
2019-02-28 19:10,11002
2019-02-28 19:15,10985
2019-02-28 19:20,11069
2019-02-28 19:25,11165
2019-02-28 19:30,11179
2019-02-28 19:35,11258
2019-02-28 19:40,11376
2019-02-28 19:45,11404
2019-02-28 19:50,11372
2019-02-28 19:55,11354
2019-02-28 20:00,11282
2019-02-28 20:05,11280
2019-02-28 20:10,11288
2019-02-28 20:15,11277
2019-02-28 20:20,11275
2019-02-28 20:25,11275
2019-02-28 20:30,11188
2019-02-28 20:35,11185
2019-02-28 20:40,11183
2019-02-28 20:45,11221
2019-02-28 20:50,11218
2019-02-28 20:55,11250
2019-02-28 21:00,11209
2019-02-28 21:05,11217
2019-02-28 21:10,11184
2019-02-28 21:15,11188
2019-02-28 21:20,11127
2019-02-28 21:25,11139
2019-02-28 21:30,11102
2019-02-28 21:35,11052
2019-02-28 21:40,10975
2019-02-28 21:45,10989
2019-02-28 21:50,10952
2019-02-28 21:55,10887
2019-02-28 22:00,10837
2019-02-28 22:05,10842
2019-02-28 22:10,10763
2019-02-28 22:15,10708
2019-02-28 22:20,10596
2019-02-28 22:25,10472
2019-02-28 22:30,10386
2019-02-28 22:35,10344
2019-02-28 22:40,10276
2019-02-28 22:45,10222
2019-02-28 22:50,10194
2019-02-28 22:55,10147
2019-02-28 23:00,10080
2019-02-28 23:05,10007
2019-02-28 23:10,9950
2019-02-28 23:15,9844
2019-02-28 23:20,9767
2019-02-28 23:25,9737
2019-02-28 23:30,9690
2019-02-28 23:35,9604
2019-02-28 23:40,9597
2019-02-28 23:45,9564
2019-02-28 23:50,9517
2019-02-28 23:55,9418
2019-03-01 00:00,9445
2019-03-01 00:05,9423
2019-03-01 00:10,9415
2019-03-01 00:15,9356
2019-03-01 00:20,9399
2019-03-01 00:25,9386
2019-03-01 00:30,9408
2019-03-01 00:35,9431
2019-03-01 00:40,9408
2019-03-01 00:45,9511
2019-03-01 00:50,9459
2019-03-01 00:55,9442
2019-03-01 01:00,9454
2019-03-01 01:05,9519
2019-03-01 01:10,9535
2019-03-01 01:15,9509
2019-03-01 01:20,9553
2019-03-01 01:25,9583
2019-03-01 01:30,9567
2019-03-01 01:35,9560
2019-03-01 01:40,9519
2019-03-01 01:45,9592
2019-03-01 01:50,9611
2019-03-01 01:55,9629
2019-03-01 02:00,9660
2019-03-01 02:05,9685
2019-03-01 02:10,9724
2019-03-01 02:15,9725
2019-03-01 02:20,9721
2019-03-01 02:25,9780
2019-03-01 02:30,9763
2019-03-01 02:35,9708
2019-03-01 02:40,9724
2019-03-01 02:45,9763
2019-03-01 02:50,9705
2019-03-01 02:55,9686
2019-03-01 03:00,9655
2019-03-01 03:05,9551
2019-03-01 03:10,9461
2019-03-01 03:15,9417
2019-03-01 03:20,9310
2019-03-01 03:25,9256
2019-03-01 03:30,9139
2019-03-01 03:35,9053
2019-03-01 03:40,9051
2019-03-01 03:45,8990
2019-03-01 03:50,8938
2019-03-01 03:55,8812
2019-03-01 04:00,8771
2019-03-01 04:05,8685
2019-03-01 04:10,8600
2019-03-01 04:15,8488
2019-03-01 04:20,8456
2019-03-01 04:25,8407
2019-03-01 04:30,8291
2019-03-01 04:35,8183
2019-03-01 04:40,8094
2019-03-01 04:45,8007
2019-03-01 04:50,7857
2019-03-01 04:55,7787
2019-03-01 05:00,7698
2019-03-01 05:05,7599
2019-03-01 05:10,7467
2019-03-01 05:15,7335
2019-03-01 05:20,7196
2019-03-01 05:25,7101
2019-03-01 05:30,7008
2019-03-01 05:35,6920
2019-03-01 05:40,6869
2019-03-01 05:45,6731
2019-03-01 05:50,6584
2019-03-01 05:55,6459
2019-03-01 06:00,6379
2019-03-01 06:05,6271
2019-03-01 06:10,6173
2019-03-01 06:15,6046
2019-03-01 06:20,5921
2019-03-01 06:25,5817
2019-03-01 06:30,5644
2019-03-01 06:35,5495
2019-03-01 06:40,5423
2019-03-01 06:45,5310
2019-03-01 06:50,5267
2019-03-01 06:55,5216
2019-03-01 07:00,5107
2019-03-01 07:05,5029
2019-03-01 07:10,4953
2019-03-01 07:15,4843
2019-03-01 07:20,4777
2019-03-01 07:25,4736
2019-03-01 07:30,4654
2019-03-01 07:35,4599
2019-03-01 07:40,4543
2019-03-01 07:45,4479
2019-03-01 07:50,4454
2019-03-01 07:55,4384
2019-03-01 08:00,4280
2019-03-01 08:05,4256
2019-03-01 08:10,4230
2019-03-01 08:15,4210
2019-03-01 08:20,4167
2019-03-01 08:25,4160
2019-03-01 08:30,4124
2019-03-01 08:35,4088
2019-03-01 08:40,4081
2019-03-01 08:45,4038
2019-03-01 08:50,4055
2019-03-01 08:55,4036
2019-03-01 09:00,4011
2019-03-01 09:05,4003
2019-03-01 09:10,4003
2019-03-01 09:15,4041
2019-03-01 09:20,4048
2019-03-01 09:25,4034
2019-03-01 09:30,4050
2019-03-01 09:35,4085
2019-03-01 09:40,4079
2019-03-01 09:45,4119
2019-03-01 09:50,4120
2019-03-01 09:55,4073
2019-03-01 10:00,4114
2019-03-01 10:05,4177
2019-03-01 10:10,4187
2019-03-01 10:15,4199
2019-03-01 10:20,4236
2019-03-01 10:25,4246
2019-03-01 10:30,4268
2019-03-01 10:35,4299
2019-03-01 10:40,4311
2019-03-01 10:45,4356
2019-03-01 10:50,4414
2019-03-01 10:55,4437
2019-03-01 11:00,4427
2019-03-01 11:05,4481
2019-03-01 11:10,4512
2019-03-01 11:15,4538
2019-03-01 11:20,4573
2019-03-01 11:25,4609
2019-03-01 11:30,4672
2019-03-01 11:35,4668
2019-03-01 11:40,4685
2019-03-01 11:45,4733
2019-03-01 11:50,4771
2019-03-01 11:55,4802
2019-03-01 12:00,4849
2019-03-01 12:05,4914
2019-03-01 12:10,4977
2019-03-01 12:15,5045
2019-03-01 12:20,5119
2019-03-01 12:25,5195
2019-03-01 12:30,5226
2019-03-01 12:35,5290
2019-03-01 12:40,5348
2019-03-01 12:45,5405
2019-03-01 12:50,5478
2019-03-01 12:55,5542
2019-03-01 13:00,5613
2019-03-01 13:05,5678
2019-03-01 13:10,5742
2019-03-01 13:15,5805
2019-03-01 13:20,5885
2019-03-01 13:25,5990
2019-03-01 13:30,6081
2019-03-01 13:35,6151
2019-03-01 13:40,6245
2019-03-01 13:45,6326
2019-03-01 13:50,6442
2019-03-01 13:55,6503
2019-03-01 14:00,6594
2019-03-01 14:05,6626
2019-03-01 14:10,6696
2019-03-01 14:15,6768
2019-03-01 14:20,6839
2019-03-01 14:25,6881
2019-03-01 14:30,7022
2019-03-01 14:35,7132
2019-03-01 14:40,7209
2019-03-01 14:45,7242
2019-03-01 14:50,7288
2019-03-01 14:55,7350
2019-03-01 15:00,7400
2019-03-01 15:05,7463
2019-03-01 15:10,7548
2019-03-01 15:15,7651
2019-03-01 15:20,7774
2019-03-01 15:25,7790
2019-03-01 15:30,7878
2019-03-01 15:35,7930
2019-03-01 15:40,8098
2019-03-01 15:45,8158
2019-03-01 15:50,8223
2019-03-01 15:55,8247
2019-03-01 16:00,8327
2019-03-01 16:05,8395
2019-03-01 16:10,8468
2019-03-01 16:15,8543
2019-03-01 16:20,8613
2019-03-01 16:25,8736
2019-03-01 16:30,8862
2019-03-01 16:35,8870
2019-03-01 16:40,8967
2019-03-01 16:45,9040
2019-03-01 16:50,9152
2019-03-01 16:55,9235
2019-03-01 17:00,9310
2019-03-01 17:05,9404
2019-03-01 17:10,9436
2019-03-01 17:15,9453
2019-03-01 17:20,9506
2019-03-01 17:25,9548
2019-03-01 17:30,9686
2019-03-01 17:35,9772
2019-03-01 17:40,9824
2019-03-01 17:45,9907
2019-03-01 17:50,9936
2019-03-01 17:55,10056
2019-03-01 18:00,10101
2019-03-01 18:05,10129
2019-03-01 18:10,10189
2019-03-01 18:15,10295
2019-03-01 18:20,10349
2019-03-01 18:25,10433
2019-03-01 18:30,10523
2019-03-01 18:35,10572
2019-03-01 18:40,10682
2019-03-01 18:45,10733
2019-03-01 18:50,10750
2019-03-01 18:55,10755
2019-03-01 19:00,10809
2019-03-01 19:05,10863
2019-03-01 19:10,10996
2019-03-01 19:15,11062
2019-03-01 19:20,11196
2019-03-01 19:25,11310
2019-03-01 19:30,11322
2019-03-01 19:35,11417
2019-03-01 19:40,11492
2019-03-01 19:45,11502
2019-03-01 19:50,11559
2019-03-01 19:55,11644
2019-03-01 20:00,11687
2019-03-01 20:05,11712
2019-03-01 20:10,11862
2019-03-01 20:15,11809
2019-03-01 20:20,11911
2019-03-01 20:25,11995
2019-03-01 20:30,11977
2019-03-01 20:35,12042
2019-03-01 20:40,11986
2019-03-01 20:45,11982
2019-03-01 20:50,12033
2019-03-01 20:55,12042
2019-03-01 21:00,12034
2019-03-01 21:05,12043
2019-03-01 21:10,12027
2019-03-01 21:15,11997
2019-03-01 21:20,12001
2019-03-01 21:25,12096
2019-03-01 21:30,12121
2019-03-01 21:35,12115
2019-03-01 21:40,12021
2019-03-01 21:45,11984
2019-03-01 21:50,11941
2019-03-01 21:55,11916
2019-03-01 22:00,11922
2019-03-01 22:05,11874
2019-03-01 22:10,11844
2019-03-01 22:15,11801
2019-03-01 22:20,11779
2019-03-01 22:25,11758
2019-03-01 22:30,11698
2019-03-01 22:35,11620
2019-03-01 22:40,11601
2019-03-01 22:45,11558
2019-03-01 22:50,11557
2019-03-01 22:55,11555
2019-03-01 23:00,11430
2019-03-01 23:05,11374
2019-03-01 23:10,11300
2019-03-01 23:15,11230
2019-03-01 23:20,11158
2019-03-01 23:25,11096
2019-03-01 23:30,11053
2019-03-01 23:35,11039
2019-03-01 23:40,10988
2019-03-01 23:45,10948
2019-03-01 23:50,10866
2019-03-01 23:55,10732
2019-03-02 00:00,10675
2019-03-02 00:05,10658
2019-03-02 00:10,10716
2019-03-02 00:15,10638
2019-03-02 00:20,10640
2019-03-02 00:25,10619
2019-03-02 00:30,10588
2019-03-02 00:35,10519
2019-03-02 00:40,10429
2019-03-02 00:45,10354
2019-03-02 00:50,10342
2019-03-02 00:55,10344
2019-03-02 01:00,10332
2019-03-02 01:05,10315
2019-03-02 01:10,10297
2019-03-02 01:15,10309
2019-03-02 01:20,10304
2019-03-02 01:25,10293
2019-03-02 01:30,10326
2019-03-02 01:35,10294
2019-03-02 01:40,10300
2019-03-02 01:45,10334
2019-03-02 01:50,10385
2019-03-02 01:55,10278
2019-03-02 02:00,10288
2019-03-02 02:05,10256
2019-03-02 02:10,10281
2019-03-02 02:15,10244
2019-03-02 02:20,10284
2019-03-02 02:25,10339
2019-03-02 02:30,10334
2019-03-02 02:35,10350
2019-03-02 02:40,10303
2019-03-02 02:45,10299
2019-03-02 02:50,10272
2019-03-02 02:55,10359
2019-03-02 03:00,10314
2019-03-02 03:05,10305
2019-03-02 03:10,10289
2019-03-02 03:15,10253
2019-03-02 03:20,10309
2019-03-02 03:25,10288
2019-03-02 03:30,10287
2019-03-02 03:35,10296
2019-03-02 03:40,10256
2019-03-02 03:45,10183
2019-03-02 03:50,10171
2019-03-02 03:55,10063
2019-03-02 04:00,9973
2019-03-02 04:05,9923
2019-03-02 04:10,9847
2019-03-02 04:15,9858
2019-03-02 04:20,9773
2019-03-02 04:25,9712
2019-03-02 04:30,9707
2019-03-02 04:35,9637
2019-03-02 04:40,9570
2019-03-02 04:45,9496
2019-03-02 04:50,9354
2019-03-02 04:55,9284
2019-03-02 05:00,9233
2019-03-02 05:05,9144
2019-03-02 05:10,9051
2019-03-02 05:15,8967
2019-03-02 05:20,8889
2019-03-02 05:25,8835
2019-03-02 05:30,8750
2019-03-02 05:35,8627
2019-03-02 05:40,8522
2019-03-02 05:45,8430
2019-03-02 05:50,8284
2019-03-02 05:55,8238
2019-03-02 06:00,8165
2019-03-02 06:05,8075
2019-03-02 06:10,7955
2019-03-02 06:15,7822
2019-03-02 06:20,7772
2019-03-02 06:25,7675
2019-03-02 06:30,7553
2019-03-02 06:35,7394
2019-03-02 06:40,7311
2019-03-02 06:45,7234
2019-03-02 06:50,7077
2019-03-02 06:55,6952
2019-03-02 07:00,6862
2019-03-02 07:05,6730
2019-03-02 07:10,6639
2019-03-02 07:15,6625
2019-03-02 07:20,6542
2019-03-02 07:25,6486
2019-03-02 07:30,6432
2019-03-02 07:35,6299
2019-03-02 07:40,6263
2019-03-02 07:45,6161
2019-03-02 07:50,6118
2019-03-02 07:55,6084
2019-03-02 08:00,6032
2019-03-02 08:05,5953
2019-03-02 08:10,5866
2019-03-02 08:15,5826
2019-03-02 08:20,5728
2019-03-02 08:25,5701
2019-03-02 08:30,5651
2019-03-02 08:35,5643
2019-03-02 08:40,5626
2019-03-02 08:45,5606
2019-03-02 08:50,5576
2019-03-02 08:55,5533
2019-03-02 09:00,5524
2019-03-02 09:05,5525
2019-03-02 09:10,5549
2019-03-02 09:15,5551
2019-03-02 09:20,5515
2019-03-02 09:25,5525
2019-03-02 09:30,5609
2019-03-02 09:35,5685
2019-03-02 09:40,5663
2019-03-02 09:45,5682
2019-03-02 09:50,5740
2019-03-02 09:55,5764
2019-03-02 10:00,5772
2019-03-02 10:05,5823
2019-03-02 10:10,5851
2019-03-02 10:15,5879
2019-03-02 10:20,5939
2019-03-02 10:25,5969
2019-03-02 10:30,5991
2019-03-02 10:35,6054
2019-03-02 10:40,6144
2019-03-02 10:45,6157
2019-03-02 10:50,6178
2019-03-02 10:55,6254
2019-03-02 11:00,6339
2019-03-02 11:05,6330
2019-03-02 11:10,6372
2019-03-02 11:15,6442
2019-03-02 11:20,6512
2019-03-02 11:25,6549
2019-03-02 11:30,6613
2019-03-02 11:35,6703
2019-03-02 11:40,6701
2019-03-02 11:45,6731
2019-03-02 11:50,6792
2019-03-02 11:55,6836
2019-03-02 12:00,6925
2019-03-02 12:05,6965
2019-03-02 12:10,7028
2019-03-02 12:15,7089
2019-03-02 12:20,7108
2019-03-02 12:25,7152
2019-03-02 12:30,7205
2019-03-02 12:35,7268
2019-03-02 12:40,7319
2019-03-02 12:45,7452
2019-03-02 12:50,7514
2019-03-02 12:55,7579
2019-03-02 13:00,7617
2019-03-02 13:05,7729
2019-03-02 13:10,7739
2019-03-02 13:15,7831
2019-03-02 13:20,7852
2019-03-02 13:25,7886
2019-03-02 13:30,7965
2019-03-02 13:35,8064
2019-03-02 13:40,8115
2019-03-02 13:45,8197
2019-03-02 13:50,8307
2019-03-02 13:55,8415
2019-03-02 14:00,8513
2019-03-02 14:05,8574
2019-03-02 14:10,8661
2019-03-02 14:15,8759
2019-03-02 14:20,8845
2019-03-02 14:25,8926
2019-03-02 14:30,9074
2019-03-02 14:35,9124
2019-03-02 14:40,9196
2019-03-02 14:45,9307
2019-03-02 14:50,9451
2019-03-02 14:55,9523
2019-03-02 15:00,9600
2019-03-02 15:05,9621
2019-03-02 15:10,9723
2019-03-02 15:15,9825
2019-03-02 15:20,9894
2019-03-02 15:25,9969
2019-03-02 15:30,10048
2019-03-02 15:35,10100
2019-03-02 15:40,10162
2019-03-02 15:45,10296
2019-03-02 15:50,10375
2019-03-02 15:55,10480
2019-03-02 16:00,10594
2019-03-02 16:05,10587
2019-03-02 16:10,10614
2019-03-02 16:15,10624
2019-03-02 16:20,10697
2019-03-02 16:25,10777
2019-03-02 16:30,10882
2019-03-02 16:35,10984
2019-03-02 16:40,11022
2019-03-02 16:45,11085
2019-03-02 16:50,11147
2019-03-02 16:55,11257
2019-03-02 17:00,11346
2019-03-02 17:05,11419
2019-03-02 17:10,11433
2019-03-02 17:15,11483
2019-03-02 17:20,11541
2019-03-02 17:25,11641
2019-03-02 17:30,11689
2019-03-02 17:35,11752
2019-03-02 17:40,11834
2019-03-02 17:45,11951
2019-03-02 17:50,11965
2019-03-02 17:55,12047
2019-03-02 18:00,12130
2019-03-02 18:05,12209
2019-03-02 18:10,12226
2019-03-02 18:15,12262
2019-03-02 18:20,12339
2019-03-02 18:25,12466
2019-03-02 18:30,12505
2019-03-02 18:35,12521
2019-03-02 18:40,12600
2019-03-02 18:45,12628
2019-03-02 18:50,12725
2019-03-02 18:55,12842
2019-03-02 19:00,12910
2019-03-02 19:05,12962
2019-03-02 19:10,13028
2019-03-02 19:15,13053
2019-03-02 19:20,13135
2019-03-02 19:25,13130
2019-03-02 19:30,13210
2019-03-02 19:35,13282
2019-03-02 19:40,13304
2019-03-02 19:45,13328
2019-03-02 19:50,13397
2019-03-02 19:55,13401
2019-03-02 20:00,13421
2019-03-02 20:05,13477
2019-03-02 20:10,13452
2019-03-02 20:15,13484
2019-03-02 20:20,13569
2019-03-02 20:25,13583
2019-03-02 20:30,13618
2019-03-02 20:35,13648
2019-03-02 20:40,13727
2019-03-02 20:45,13769
2019-03-02 20:50,13769
2019-03-02 20:55,13755
2019-03-02 21:00,13775
2019-03-02 21:05,13774
2019-03-02 21:10,13751
2019-03-02 21:15,13701
2019-03-02 21:20,13693
2019-03-02 21:25,13666
2019-03-02 21:30,13622
2019-03-02 21:35,13589
2019-03-02 21:40,13538
2019-03-02 21:45,13488
2019-03-02 21:50,13511
2019-03-02 21:55,13574
2019-03-02 22:00,13551
2019-03-02 22:05,13466
2019-03-02 22:10,13419
2019-03-02 22:15,13366
2019-03-02 22:20,13343
2019-03-02 22:25,13218
2019-03-02 22:30,13153
2019-03-02 22:35,13106
2019-03-02 22:40,13109
2019-03-02 22:45,13094
2019-03-02 22:50,13044
2019-03-02 22:55,12983
2019-03-02 23:00,12921
2019-03-02 23:05,12863
2019-03-02 23:10,12752
2019-03-02 23:15,12647
2019-03-02 23:20,12544
2019-03-02 23:25,12462
2019-03-02 23:30,12312
2019-03-02 23:35,12257
2019-03-02 23:40,12171
2019-03-02 23:45,12076
2019-03-02 23:50,12044
2019-03-02 23:55,11978
2019-03-03 00:00,11916
2019-03-03 00:05,11808
2019-03-03 00:10,11691
2019-03-03 00:15,11572
2019-03-03 00:20,11518
2019-03-03 00:25,11400
2019-03-03 00:30,11301
2019-03-03 00:35,11238
2019-03-03 00:40,11189
2019-03-03 00:45,11094
2019-03-03 00:50,11057
2019-03-03 00:55,10959
2019-03-03 01:00,10838
2019-03-03 01:05,10737
2019-03-03 01:10,10628
2019-03-03 01:15,10641
2019-03-03 01:20,10613
2019-03-03 01:25,10533
2019-03-03 01:30,10462
2019-03-03 01:35,10402
2019-03-03 01:40,10392
2019-03-03 01:45,10345
2019-03-03 01:50,10319
2019-03-03 01:55,10405
2019-03-03 02:00,10376
2019-03-03 02:05,10357
2019-03-03 02:10,10351
2019-03-03 02:15,10374
2019-03-03 02:20,10431
2019-03-03 02:25,10382
2019-03-03 02:30,10365
2019-03-03 02:35,10303
2019-03-03 02:40,10250
2019-03-03 02:45,10289
2019-03-03 02:50,10328
2019-03-03 02:55,10333
2019-03-03 03:00,10311
2019-03-03 03:05,10331
2019-03-03 03:10,10261
2019-03-03 03:15,10221
2019-03-03 03:20,10277
2019-03-03 03:25,10252
2019-03-03 03:30,10256
2019-03-03 03:35,10185
2019-03-03 03:40,10197
2019-03-03 03:45,10156
2019-03-03 03:50,10139
2019-03-03 03:55,10087
2019-03-03 04:00,10052
2019-03-03 04:05,10034
2019-03-03 04:10,10017
2019-03-03 04:15,10009
2019-03-03 04:20,9962
2019-03-03 04:25,9970
2019-03-03 04:30,9879
2019-03-03 04:35,9796
2019-03-03 04:40,9821
2019-03-03 04:45,9734
2019-03-03 04:50,9629
2019-03-03 04:55,
2019-03-03 05:00,
2019-03-03 05:05,9333
2019-03-03 05:10,9288
2019-03-03 05:15,9176
2019-03-03 05:20,9098
2019-03-03 05:25,8975
2019-03-03 05:30,8951
2019-03-03 05:35,8904
2019-03-03 05:40,8813
2019-03-03 05:45,8710
2019-03-03 05:50,8621
2019-03-03 05:55,8536
2019-03-03 06:00,8477
2019-03-03 06:05,8361
2019-03-03 06:10,8286
2019-03-03 06:15,8205
2019-03-03 06:20,8130
2019-03-03 06:25,8083
2019-03-03 06:30,8043
2019-03-03 06:35,7942
2019-03-03 06:40,7869
2019-03-03 06:45,7761
2019-03-03 06:50,7690
2019-03-03 06:55,7583
2019-03-03 07:00,7466
2019-03-03 07:05,7369
2019-03-03 07:10,7277
2019-03-03 07:15,7157
2019-03-03 07:20,7033
2019-03-03 07:25,6919
2019-03-03 07:30,6816
2019-03-03 07:35,6738
2019-03-03 07:40,6666
2019-03-03 07:45,6606
2019-03-03 07:50,6507
2019-03-03 07:55,6448
2019-03-03 08:00,6364
2019-03-03 08:05,6284
2019-03-03 08:10,6226
2019-03-03 08:15,6202
2019-03-03 08:20,6166
2019-03-03 08:25,6144
2019-03-03 08:30,6104
2019-03-03 08:35,6041
2019-03-03 08:40,6038
2019-03-03 08:45,6040
2019-03-03 08:50,6007
2019-03-03 08:55,5951
2019-03-03 09:00,5931
2019-03-03 09:05,5946
2019-03-03 09:10,6007
2019-03-03 09:15,6057
2019-03-03 09:20,6048
2019-03-03 09:25,6059
2019-03-03 09:30,6059
2019-03-03 09:35,6055
2019-03-03 09:40,6091
2019-03-03 09:45,6085
2019-03-03 09:50,6094
2019-03-03 09:55,6098
2019-03-03 10:00,6083
2019-03-03 10:05,6111
2019-03-03 10:10,6170
2019-03-03 10:15,6267
2019-03-03 10:20,6335
2019-03-03 10:25,6381
2019-03-03 10:30,6434
2019-03-03 10:35,6468
2019-03-03 10:40,6533
2019-03-03 10:45,6553
2019-03-03 10:50,6654
2019-03-03 10:55,6674
2019-03-03 11:00,6739
2019-03-03 11:05,6729
2019-03-03 11:10,6789
2019-03-03 11:15,6840
2019-03-03 11:20,6890
2019-03-03 11:25,6893
2019-03-03 11:30,6908
2019-03-03 11:35,6969
2019-03-03 11:40,7030
2019-03-03 11:45,7088
2019-03-03 11:50,7119
2019-03-03 11:55,7189
2019-03-03 12:00,7238
2019-03-03 12:05,7244
2019-03-03 12:10,7322
2019-03-03 12:15,7390
2019-03-03 12:20,7458
2019-03-03 12:25,7553
2019-03-03 12:30,7615
2019-03-03 12:35,7653
2019-03-03 12:40,7679
2019-03-03 12:45,7778
2019-03-03 12:50,7844
2019-03-03 12:55,7922
2019-03-03 13:00,7995
2019-03-03 13:05,8068
2019-03-03 13:10,8117
2019-03-03 13:15,8163
2019-03-03 13:20,8254
2019-03-03 13:25,8355
2019-03-03 13:30,8456
2019-03-03 13:35,8501
2019-03-03 13:40,8594
2019-03-03 13:45,8699
2019-03-03 13:50,8787
2019-03-03 13:55,8866
2019-03-03 14:00,8966
2019-03-03 14:05,9085
2019-03-03 14:10,9158
2019-03-03 14:15,9179
2019-03-03 14:20,9300
2019-03-03 14:25,9430
2019-03-03 14:30,9517
2019-03-03 14:35,9597
2019-03-03 14:40,9698
2019-03-03 14:45,9755
2019-03-03 14:50,9879
2019-03-03 14:55,10035
2019-03-03 15:00,10159
2019-03-03 15:05,10269
2019-03-03 15:10,10372
2019-03-03 15:15,10464
2019-03-03 15:20,10437
2019-03-03 15:25,10606
2019-03-03 15:30,10719
2019-03-03 15:35,10786
2019-03-03 15:40,10935
2019-03-03 15:45,10979
2019-03-03 15:50,11025
2019-03-03 15:55,11092
2019-03-03 16:00,11179
2019-03-03 16:05,11281
2019-03-03 16:10,11346
2019-03-03 16:15,11364
2019-03-03 16:20,11513
2019-03-03 16:25,11532
2019-03-03 16:30,11604
2019-03-03 16:35,11679
2019-03-03 16:40,11755
2019-03-03 16:45,11891
2019-03-03 16:50,11970
2019-03-03 16:55,12072
2019-03-03 17:00,12147
2019-03-03 17:05,12192
2019-03-03 17:10,12268
2019-03-03 17:15,12369
2019-03-03 17:20,12432
2019-03-03 17:25,12497
2019-03-03 17:30,12633
2019-03-03 17:35,12731
2019-03-03 17:40,12798
2019-03-03 17:45,12827
2019-03-03 17:50,12955
2019-03-03 17:55,12997
2019-03-03 18:00,13070
2019-03-03 18:05,13159
2019-03-03 18:10,13215
2019-03-03 18:15,13334
2019-03-03 18:20,13388
2019-03-03 18:25,13495
2019-03-03 18:30,13567
2019-03-03 18:35,13678
2019-03-03 18:40,13771
2019-03-03 18:45,13895
2019-03-03 18:50,13895
2019-03-03 18:55,13962
2019-03-03 19:00,13980
2019-03-03 19:05,13943
2019-03-03 19:10,14000
2019-03-03 19:15,14062
2019-03-03 19:20,14169
2019-03-03 19:25,14239
2019-03-03 19:30,14282
2019-03-03 19:35,14326
2019-03-03 19:40,14357
2019-03-03 19:45,14444
2019-03-03 19:50,14469
2019-03-03 19:55,14572
2019-03-03 20:00,14578
2019-03-03 20:05,14635
2019-03-03 20:10,14656
2019-03-03 20:15,14644
2019-03-03 20:20,14635
2019-03-03 20:25,14664
2019-03-03 20:30,14613
2019-03-03 20:35,14656
2019-03-03 20:40,14644
2019-03-03 20:45,14634
2019-03-03 20:50,14667
2019-03-03 20:55,14632
2019-03-03 21:00,14526
2019-03-03 21:05,14533
2019-03-03 21:10,14562
2019-03-03 21:15,14491
2019-03-03 21:20,14423
2019-03-03 21:25,14396
2019-03-03 21:30,14309
2019-03-03 21:35,14246
2019-03-03 21:40,14221
2019-03-03 21:45,14184
2019-03-03 21:50,14107
2019-03-03 21:55,14059
2019-03-03 22:00,13919
2019-03-03 22:05,13742
2019-03-03 22:10,13682
2019-03-03 22:15,13575
2019-03-03 22:20,13450
2019-03-03 22:25,13361
2019-03-03 22:30,13232
2019-03-03 22:35,13140
2019-03-03 22:40,13061
2019-03-03 22:45,12929
2019-03-03 22:50,12805
2019-03-03 22:55,12674
2019-03-03 23:00,12544
2019-03-03 23:05,12395
2019-03-03 23:10,12303
2019-03-03 23:15,12141
2019-03-03 23:20,12059
2019-03-03 23:25,11987
2019-03-03 23:30,11886
2019-03-03 23:35,11846
2019-03-03 23:40,11770
2019-03-03 23:45,11674
2019-03-03 23:50,11549
2019-03-03 23:55,11412
2019-03-04 00:00,11304
2019-03-04 00:05,11221
2019-03-04 00:10,11125
2019-03-04 00:15,11048
2019-03-04 00:20,11022
2019-03-04 00:25,11087
2019-03-04 00:30,11149
2019-03-04 00:35,11066
2019-03-04 00:40,11084
2019-03-04 00:45,11091
2019-03-04 00:50,11100
2019-03-04 00:55,11106
2019-03-04 01:00,11105
2019-03-04 01:05,11075
2019-03-04 01:10,11055
2019-03-04 01:15,11104
2019-03-04 01:20,11063
2019-03-04 01:25,11030
2019-03-04 01:30,11023
2019-03-04 01:35,10987
2019-03-04 01:40,10935
2019-03-04 01:45,10964
2019-03-04 01:50,10997
2019-03-04 01:55,11006
2019-03-04 02:00,10974
2019-03-04 02:05,10918
2019-03-04 02:10,10905
2019-03-04 02:15,10942
2019-03-04 02:20,10929
2019-03-04 02:25,10876
2019-03-04 02:30,10815
2019-03-04 02:35,10776
2019-03-04 02:40,10782
2019-03-04 02:45,10796
2019-03-04 02:50,10807
2019-03-04 02:55,10803
2019-03-04 03:00,10728
2019-03-04 03:05,10649
2019-03-04 03:10,10574
2019-03-04 03:15,10496
2019-03-04 03:20,10397
2019-03-04 03:25,10362
2019-03-04 03:30,10318
2019-03-04 03:35,10280
2019-03-04 03:40,10175
2019-03-04 03:45,10012
2019-03-04 03:50,9906
2019-03-04 03:55,9771
2019-03-04 04:00,9636
2019-03-04 04:05,9576
2019-03-04 04:10,9447
2019-03-04 04:15,9368
2019-03-04 04:20,9290
2019-03-04 04:25,9177
2019-03-04 04:30,9100
2019-03-04 04:35,9012
2019-03-04 04:40,8932
2019-03-04 04:45,8849
2019-03-04 04:50,8717
2019-03-04 04:55,8574
2019-03-04 05:00,8397
2019-03-04 05:05,8250
2019-03-04 05:10,8134
2019-03-04 05:15,7971
2019-03-04 05:20,7833
2019-03-04 05:25,7703
2019-03-04 05:30,7598
2019-03-04 05:35,7458
2019-03-04 05:40,7351
2019-03-04 05:45,7240
2019-03-04 05:50,7107
2019-03-04 05:55,6944
2019-03-04 06:00,6828
2019-03-04 06:05,6759
2019-03-04 06:10,6600
2019-03-04 06:15,6424
2019-03-04 06:20,6282
2019-03-04 06:25,6176
2019-03-04 06:30,6027
2019-03-04 06:35,5881
2019-03-04 06:40,5788
2019-03-04 06:45,5704
2019-03-04 06:50,5611
2019-03-04 06:55,5517
2019-03-04 07:00,5414
2019-03-04 07:05,5327
2019-03-04 07:10,5189
2019-03-04 07:15,5071
2019-03-04 07:20,5011
2019-03-04 07:25,4956
2019-03-04 07:30,4869
2019-03-04 07:35,4767
2019-03-04 07:40,4684
2019-03-04 07:45,4631
2019-03-04 07:50,4577
2019-03-04 07:55,4551
2019-03-04 08:00,4496
2019-03-04 08:05,4446
2019-03-04 08:10,4466
2019-03-04 08:15,4416
2019-03-04 08:20,4327
2019-03-04 08:25,4272
2019-03-04 08:30,4198
2019-03-04 08:35,4161
2019-03-04 08:40,4113
2019-03-04 08:45,4106
2019-03-04 08:50,4072
2019-03-04 08:55,4056
2019-03-04 09:00,4062
2019-03-04 09:05,4031
2019-03-04 09:10,4050
2019-03-04 09:15,4036
2019-03-04 09:20,4061
2019-03-04 09:25,4079
2019-03-04 09:30,4083
2019-03-04 09:35,4114
2019-03-04 09:40,4159
2019-03-04 09:45,4194
2019-03-04 09:50,4219
2019-03-04 09:55,4234
2019-03-04 10:00,4226
2019-03-04 10:05,4229
2019-03-04 10:10,4224
2019-03-04 10:15,4254
2019-03-04 10:20,4323
2019-03-04 10:25,4327
2019-03-04 10:30,4381
2019-03-04 10:35,4371
2019-03-04 10:40,4380
2019-03-04 10:45,4442
2019-03-04 10:50,4477
2019-03-04 10:55,4484
2019-03-04 11:00,4454
2019-03-04 11:05,4490
2019-03-04 11:10,4549
2019-03-04 11:15,4547
2019-03-04 11:20,4602
2019-03-04 11:25,4628
2019-03-04 11:30,4682
2019-03-04 11:35,4736
2019-03-04 11:40,4771
2019-03-04 11:45,4814
2019-03-04 11:50,4853
2019-03-04 11:55,4878
2019-03-04 12:00,4918
2019-03-04 12:05,4973
2019-03-04 12:10,4989
2019-03-04 12:15,5072
2019-03-04 12:20,5146
2019-03-04 12:25,5215
2019-03-04 12:30,5245
2019-03-04 12:35,5273
2019-03-04 12:40,5329
2019-03-04 12:45,5370
2019-03-04 12:50,5392
2019-03-04 12:55,5422
2019-03-04 13:00,5522
2019-03-04 13:05,5552
2019-03-04 13:10,5660
2019-03-04 13:15,5768
2019-03-04 13:20,5874
2019-03-04 13:25,5962
2019-03-04 13:30,6064
2019-03-04 13:35,6132
2019-03-04 13:40,6188
2019-03-04 13:45,6287
2019-03-04 13:50,6406
2019-03-04 13:55,6523
2019-03-04 14:00,6633
2019-03-04 14:05,6746
2019-03-04 14:10,6770
2019-03-04 14:15,
2019-03-04 14:20,6972
2019-03-04 14:25,7067
2019-03-04 14:30,7194
2019-03-04 14:35,7227
2019-03-04 14:40,7322
2019-03-04 14:45,7437
2019-03-04 14:50,7553
2019-03-04 14:55,7648
2019-03-04 15:00,7750
2019-03-04 15:05,7862
2019-03-04 15:10,7973
2019-03-04 15:15,8024
2019-03-04 15:20,8049
2019-03-04 15:25,8189
2019-03-04 15:30,8262
2019-03-04 15:35,8339
2019-03-04 15:40,8440
2019-03-04 15:45,8466
2019-03-04 15:50,8501
2019-03-04 15:55,8542
2019-03-04 16:00,8599
2019-03-04 16:05,8730
2019-03-04 16:10,8821
2019-03-04 16:15,8908
2019-03-04 16:20,8974
2019-03-04 16:25,9047
2019-03-04 16:30,9110
2019-03-04 16:35,9140
2019-03-04 16:40,9258
2019-03-04 16:45,9360
2019-03-04 16:50,9451
2019-03-04 16:55,9564
2019-03-04 17:00,9671
2019-03-04 17:05,9754
2019-03-04 17:10,9895
2019-03-04 17:15,9983
2019-03-04 17:20,10042
2019-03-04 17:25,10149
2019-03-04 17:30,10326
2019-03-04 17:35,10400
2019-03-04 17:40,10538
2019-03-04 17:45,10644
2019-03-04 17:50,10785
2019-03-04 17:55,10900
2019-03-04 18:00,10982
2019-03-04 18:05,11098
2019-03-04 18:10,11279
2019-03-04 18:15,11390
2019-03-04 18:20,11470
2019-03-04 18:25,11558
2019-03-04 18:30,11705
2019-03-04 18:35,11762
2019-03-04 18:40,11776
2019-03-04 18:45,11904
2019-03-04 18:50,12043
2019-03-04 18:55,12055
2019-03-04 19:00,12153
2019-03-04 19:05,12258
2019-03-04 19:10,12399
2019-03-04 19:15,12545
2019-03-04 19:20,12627
2019-03-04 19:25,12674
2019-03-04 19:30,12670
2019-03-04 19:35,12729
2019-03-04 19:40,12770
2019-03-04 19:45,12793
2019-03-04 19:50,12758
2019-03-04 19:55,12760
2019-03-04 20:00,12730
2019-03-04 20:05,12693
2019-03-04 20:10,12747
2019-03-04 20:15,12758
2019-03-04 20:20,12734
2019-03-04 20:25,12720
2019-03-04 20:30,12687
2019-03-04 20:35,12739
2019-03-04 20:40,12807
2019-03-04 20:45,12749
2019-03-04 20:50,12763
2019-03-04 20:55,12731
2019-03-04 21:00,12657
2019-03-04 21:05,12630
2019-03-04 21:10,12645
2019-03-04 21:15,12559
2019-03-04 21:20,12530
2019-03-04 21:25,12397
2019-03-04 21:30,12330
2019-03-04 21:35,12287
2019-03-04 21:40,12200
2019-03-04 21:45,12160
2019-03-04 21:50,12065
2019-03-04 21:55,12027
2019-03-04 22:00,11895
2019-03-04 22:05,11818
2019-03-04 22:10,11734
2019-03-04 22:15,11668
2019-03-04 22:20,11578
2019-03-04 22:25,11422
2019-03-04 22:30,11367
2019-03-04 22:35,11279
2019-03-04 22:40,11213
2019-03-04 22:45,11192
2019-03-04 22:50,11163
2019-03-04 22:55,11035
2019-03-04 23:00,10980
2019-03-04 23:05,10866
2019-03-04 23:10,10810
2019-03-04 23:15,10748
2019-03-04 23:20,10649
2019-03-04 23:25,10586
2019-03-04 23:30,10555
2019-03-04 23:35,10562
2019-03-04 23:40,10514
2019-03-04 23:45,10494
2019-03-04 23:50,10469
2019-03-04 23:55,10422
2019-03-05 00:00,10402
2019-03-05 00:05,10360
2019-03-05 00:10,10376
2019-03-05 00:15,10331
2019-03-05 00:20,10370
2019-03-05 00:25,10368
2019-03-05 00:30,10365
2019-03-05 00:35,10352
2019-03-05 00:40,10340
2019-03-05 00:45,10376
2019-03-05 00:50,10399
2019-03-05 00:55,10388
2019-03-05 01:00,10357
2019-03-05 01:05,10379
2019-03-05 01:10,10388
2019-03-05 01:15,10364
2019-03-05 01:20,10374
2019-03-05 01:25,10398
2019-03-05 01:30,10419
2019-03-05 01:35,10434
2019-03-05 01:40,10447
2019-03-05 01:45,10503
2019-03-05 01:50,10534
2019-03-05 01:55,10521
2019-03-05 02:00,10531
2019-03-05 02:05,10524
2019-03-05 02:10,10506
2019-03-05 02:15,10527
2019-03-05 02:20,10551
2019-03-05 02:25,10552
2019-03-05 02:30,10467
2019-03-05 02:35,10472
2019-03-05 02:40,10385
2019-03-05 02:45,10309
2019-03-05 02:50,10256
2019-03-05 02:55,10235
2019-03-05 03:00,10176
2019-03-05 03:05,10092
2019-03-05 03:10,10029
2019-03-05 03:15,10007
2019-03-05 03:20,9914
2019-03-05 03:25,9879
2019-03-05 03:30,9771
2019-03-05 03:35,9638
2019-03-05 03:40,9601
2019-03-05 03:45,9474
2019-03-05 03:50,9434
2019-03-05 03:55,9379
2019-03-05 04:00,9315
2019-03-05 04:05,9222
2019-03-05 04:10,9108
2019-03-05 04:15,8999
2019-03-05 04:20,8883
2019-03-05 04:25,8466
2019-03-05 04:30,8386
2019-03-05 04:35,8294
2019-03-05 04:40,8174
2019-03-05 04:45,8154
2019-03-05 04:50,8041
2019-03-05 04:55,7979
2019-03-05 05:00,7832
2019-03-05 05:05,7739
2019-03-05 05:10,7625
2019-03-05 05:15,7486
2019-03-05 05:20,7338
2019-03-05 05:25,7246
2019-03-05 05:30,7167
2019-03-05 05:35,7065
2019-03-05 05:40,6936
2019-03-05 05:45,6887
2019-03-05 05:50,6740
2019-03-05 05:55,6597
2019-03-05 06:00,6469
2019-03-05 06:05,6326
2019-03-05 06:10,6150
2019-03-05 06:15,6010
2019-03-05 06:20,5934
2019-03-05 06:25,5854
2019-03-05 06:30,5701
2019-03-05 06:35,5518
2019-03-05 06:40,5386
2019-03-05 06:45,5306
2019-03-05 06:50,5192
2019-03-05 06:55,5127
2019-03-05 07:00,5029
2019-03-05 07:05,4938
2019-03-05 07:10,4882
2019-03-05 07:15,4793
2019-03-05 07:20,4743
2019-03-05 07:25,4678
2019-03-05 07:30,4614
2019-03-05 07:35,4569
2019-03-05 07:40,4515
2019-03-05 07:45,4452
2019-03-05 07:50,4393
2019-03-05 07:55,4288
2019-03-05 08:00,4233
2019-03-05 08:05,4172
2019-03-05 08:10,4110
2019-03-05 08:15,4086
2019-03-05 08:20,4077
2019-03-05 08:25,3995
2019-03-05 08:30,3985
2019-03-05 08:35,3950
2019-03-05 08:40,3929
2019-03-05 08:45,3918
2019-03-05 08:50,3923
2019-03-05 08:55,3939
2019-03-05 09:00,3913
2019-03-05 09:05,3892
2019-03-05 09:10,3873
2019-03-05 09:15,3872
2019-03-05 09:20,3861
2019-03-05 09:25,3889
2019-03-05 09:30,3878
2019-03-05 09:35,3897
2019-03-05 09:40,3927
2019-03-05 09:45,3949
2019-03-05 09:50,3980
2019-03-05 09:55,4006
2019-03-05 10:00,4031
2019-03-05 10:05,4044
2019-03-05 10:10,4067
2019-03-05 10:15,4068
2019-03-05 10:20,4074
2019-03-05 10:25,4083
2019-03-05 10:30,4139
2019-03-05 10:35,4098
2019-03-05 10:40,4079
2019-03-05 10:45,4081
2019-03-05 10:50,4091
2019-03-05 10:55,4091
2019-03-05 11:00,4126
2019-03-05 11:05,4113
2019-03-05 11:10,4128
2019-03-05 11:15,4148
2019-03-05 11:20,4062
2019-03-05 11:25,4042
2019-03-05 11:30,4023
2019-03-05 11:35,3464
2019-03-05 11:40,2856
2019-03-05 11:45,2303
2019-03-05 11:50,1796
2019-03-05 11:55,1495
2019-03-05 12:00,1326
2019-03-05 12:05,1144
2019-03-05 12:10,1154
2019-03-05 12:15,1162
2019-03-05 12:20,1152
2019-03-05 12:25,1158
2019-03-05 12:30,1198
2019-03-05 12:35,1188
2019-03-05 12:40,1211
2019-03-05 12:45,1107
2019-03-05 12:50,1017
2019-03-05 12:55,928
2019-03-05 13:00,921
2019-03-05 13:05,967
2019-03-05 13:10,1025
2019-03-05 13:15,1043
2019-03-05 13:20,1126
2019-03-05 13:25,1170
2019-03-05 13:30,1180
2019-03-05 13:35,1218
2019-03-05 13:40,1185
2019-03-05 13:45,1238
2019-03-05 13:50,1231
2019-03-05 13:55,1310
2019-03-05 14:00,1295
2019-03-05 14:05,1379
2019-03-05 14:10,1397
2019-03-05 14:15,1426
2019-03-05 14:20,1973
2019-03-05 14:25,2871
2019-03-05 14:30,3702
2019-03-05 14:35,4348
2019-03-05 14:40,5046
2019-03-05 14:45,5590
2019-03-05 14:50,6080
2019-03-05 14:55,6578
2019-03-05 15:00,6990
2019-03-05 15:05,7321
2019-03-05 15:10,7611
2019-03-05 15:15,7919
2019-03-05 15:20,8233
2019-03-05 15:25,8460
2019-03-05 15:30,8683
2019-03-05 15:35,8874
2019-03-05 15:40,9032
2019-03-05 15:45,9213
2019-03-05 15:50,9318
2019-03-05 15:55,9469
2019-03-05 16:00,9577
2019-03-05 16:05,9721
2019-03-05 16:10,9866
2019-03-05 16:15,10000
2019-03-05 16:20,10042
2019-03-05 16:25,10129
2019-03-05 16:30,10234
2019-03-05 16:35,10393
2019-03-05 16:40,10467
2019-03-05 16:45,10550
2019-03-05 16:50,10634
2019-03-05 16:55,10726
2019-03-05 17:00,10781
2019-03-05 17:05,10829
2019-03-05 17:10,10895
2019-03-05 17:15,11040
2019-03-05 17:20,11108
2019-03-05 17:25,11256
2019-03-05 17:30,11366
2019-03-05 17:35,11413
2019-03-05 17:40,11519
2019-03-05 17:45,11621
2019-03-05 17:50,11767
2019-03-05 17:55,11819
2019-03-05 18:00,11901
2019-03-05 18:05,11968
2019-03-05 18:10,12019
2019-03-05 18:15,12038
2019-03-05 18:20,12132
2019-03-05 18:25,12187
2019-03-05 18:30,12271
2019-03-05 18:35,12379
2019-03-05 18:40,12478
2019-03-05 18:45,12469
2019-03-05 18:50,12671
2019-03-05 18:55,12787
2019-03-05 19:00,12789
2019-03-05 19:05,12928
2019-03-05 19:10,13022
2019-03-05 19:15,13045
2019-03-05 19:20,13140
2019-03-05 19:25,13227
2019-03-05 19:30,13269
2019-03-05 19:35,13361
2019-03-05 19:40,13392
2019-03-05 19:45,13459
2019-03-05 19:50,13449
2019-03-05 19:55,13394
2019-03-05 20:00,13403
2019-03-05 20:05,13404
2019-03-05 20:10,13447
2019-03-05 20:15,13455
2019-03-05 20:20,13455
2019-03-05 20:25,13504
2019-03-05 20:30,13543
2019-03-05 20:35,13500
2019-03-05 20:40,13466
2019-03-05 20:45,13439
2019-03-05 20:50,13373
2019-03-05 20:55,13393
2019-03-05 21:00,13398
2019-03-05 21:05,13385
2019-03-05 21:10,13358
2019-03-05 21:15,13324
2019-03-05 21:20,13287
2019-03-05 21:25,13246
2019-03-05 21:30,13146
2019-03-05 21:35,13090
2019-03-05 21:40,12987
2019-03-05 21:45,12902
2019-03-05 21:50,12810
2019-03-05 21:55,12825
2019-03-05 22:00,12833
2019-03-05 22:05,12827
2019-03-05 22:10,12824
2019-03-05 22:15,12817
2019-03-05 22:20,12724
2019-03-05 22:25,12721
2019-03-05 22:30,12717
2019-03-05 22:35,12706
2019-03-05 22:40,12701
2019-03-05 22:45,12637
2019-03-05 22:50,12582
2019-03-05 22:55,12453
2019-03-05 23:00,12362
2019-03-05 23:05,12290
2019-03-05 23:10,12251
2019-03-05 23:15,12160
2019-03-05 23:20,12152
2019-03-05 23:25,12062
2019-03-05 23:30,11967
2019-03-05 23:35,11885
2019-03-05 23:40,11830
2019-03-05 23:45,11800
2019-03-05 23:50,11776
2019-03-05 23:55,0
2019-03-06 00:00,11314
2019-03-06 00:05,11521
2019-03-06 00:10,11538
2019-03-06 00:15,11502
2019-03-06 00:20,11508
2019-03-06 00:25,11446
2019-03-06 00:30,11400
2019-03-06 00:35,11418
2019-03-06 00:40,11455
2019-03-06 00:45,11500
2019-03-06 00:50,11520
2019-03-06 00:55,11488
2019-03-06 01:00,11443
2019-03-06 01:05,11420
2019-03-06 01:10,11438
2019-03-06 01:15,11425
2019-03-06 01:20,11478
2019-03-06 01:25,11450
2019-03-06 01:30,11443
2019-03-06 01:35,11461
2019-03-06 01:40,11503
2019-03-06 01:45,11583
2019-03-06 01:50,11630
2019-03-06 01:55,11543
2019-03-06 02:00,11545
2019-03-06 02:05,11527
2019-03-06 02:10,11505
2019-03-06 02:15,11460
2019-03-06 02:20,11421
2019-03-06 02:25,11359
2019-03-06 02:30,11297
2019-03-06 02:35,11231
2019-03-06 02:40,11253
2019-03-06 02:45,11254
2019-03-06 02:50,11260
2019-03-06 02:55,11225
2019-03-06 03:00,11094
2019-03-06 03:05,10961
2019-03-06 03:10,10887
2019-03-06 03:15,10848
2019-03-06 03:20,10790
2019-03-06 03:25,10681
2019-03-06 03:30,10564
2019-03-06 03:35,10488
2019-03-06 03:40,10461
2019-03-06 03:45,10308
2019-03-06 03:50,10184
2019-03-06 03:55,10157
2019-03-06 04:00,10063
2019-03-06 04:05,9956
2019-03-06 04:10,9848
2019-03-06 04:15,9772
2019-03-06 04:20,9641
2019-03-06 04:25,9546
2019-03-06 04:30,9455
2019-03-06 04:35,9320
2019-03-06 04:40,9196
2019-03-06 04:45,9077
2019-03-06 04:50,8994
2019-03-06 04:55,8851
2019-03-06 05:00,8645
2019-03-06 05:05,8541
2019-03-06 05:10,8402
2019-03-06 05:15,8233
2019-03-06 05:20,8146
2019-03-06 05:25,8005
2019-03-06 05:30,7864
2019-03-06 05:35,7709
2019-03-06 05:40,7571
2019-03-06 05:45,7429
2019-03-06 05:50,7364
2019-03-06 05:55,7204
2019-03-06 06:00,7095
2019-03-06 06:05,6936
2019-03-06 06:10,6770
2019-03-06 06:15,6628
2019-03-06 06:20,6542
2019-03-06 06:25,6454
2019-03-06 06:30,6329
2019-03-06 06:35,6170
2019-03-06 06:40,6063
2019-03-06 06:45,5928
2019-03-06 06:50,5827
2019-03-06 06:55,5694
2019-03-06 07:00,5612
2019-03-06 07:05,5555
2019-03-06 07:10,5400
2019-03-06 07:15,5310
2019-03-06 07:20,5205
2019-03-06 07:25,5129
2019-03-06 07:30,5054
2019-03-06 07:35,4884
2019-03-06 07:40,4725
2019-03-06 07:45,4645
2019-03-06 07:50,4577
2019-03-06 07:55,4463
2019-03-06 08:00,4399
2019-03-06 08:05,4275
2019-03-06 08:10,4215
2019-03-06 08:15,4154
2019-03-06 08:20,4007
2019-03-06 08:25,3884
2019-03-06 08:30,3800
2019-03-06 08:35,3179
2019-03-06 08:40,2671
2019-03-06 08:45,2148
2019-03-06 08:50,1701
2019-03-06 08:55,1339
2019-03-06 09:00,1062
2019-03-06 09:05,1058
2019-03-06 09:10,1110
2019-03-06 09:15,1362
2019-03-06 09:20,1638
2019-03-06 09:25,1892
2019-03-06 09:30,2153
2019-03-06 09:35,2365
2019-03-06 09:40,2587
2019-03-06 09:45,2779
2019-03-06 09:50,2930
2019-03-06 09:55,3080
2019-03-06 10:00,3225
2019-03-06 10:05,3408
2019-03-06 10:10,3508
2019-03-06 10:15,3625
2019-03-06 10:20,3761
2019-03-06 10:25,3875
2019-03-06 10:30,3968
2019-03-06 10:35,4055
2019-03-06 10:40,4180
2019-03-06 10:45,4262
2019-03-06 10:50,4298
2019-03-06 10:55,4305
2019-03-06 11:00,4349
2019-03-06 11:05,4379
2019-03-06 11:10,4436
2019-03-06 11:15,4471
2019-03-06 11:20,4518
2019-03-06 11:25,4533
2019-03-06 11:30,4614
2019-03-06 11:35,4683
2019-03-06 11:40,4727
2019-03-06 11:45,4820
2019-03-06 11:50,4920
2019-03-06 11:55,4962
2019-03-06 12:00,5031
2019-03-06 12:05,5051
2019-03-06 12:10,5135
2019-03-06 12:15,5197
2019-03-06 12:20,5316
2019-03-06 12:25,5322
2019-03-06 12:30,5406
2019-03-06 12:35,5505
2019-03-06 12:40,5582
2019-03-06 12:45,5677
2019-03-06 12:50,5716
2019-03-06 12:55,5758
2019-03-06 13:00,5850
2019-03-06 13:05,5891
2019-03-06 13:10,5964
2019-03-06 13:15,6103
2019-03-06 13:20,6257
2019-03-06 13:25,6297
2019-03-06 13:30,6346
2019-03-06 13:35,6416
2019-03-06 13:40,6458
2019-03-06 13:45,6537
2019-03-06 13:50,6634
2019-03-06 13:55,6712
2019-03-06 14:00,6770
2019-03-06 14:05,6925
2019-03-06 14:10,6975
2019-03-06 14:15,7028
2019-03-06 14:20,7115
2019-03-06 14:25,7189
2019-03-06 14:30,7270
2019-03-06 14:35,7330
2019-03-06 14:40,7427
2019-03-06 14:45,7496
2019-03-06 14:50,7607
2019-03-06 14:55,7659
2019-03-06 15:00,7769
2019-03-06 15:05,7805
2019-03-06 15:10,7915
2019-03-06 15:15,7963
2019-03-06 15:20,8034
2019-03-06 15:25,8144
2019-03-06 15:30,8229
2019-03-06 15:35,8333
2019-03-06 15:40,8421
2019-03-06 15:45,8458
2019-03-06 15:50,8511
2019-03-06 15:55,8564
2019-03-06 16:00,8661
2019-03-06 16:05,8755
2019-03-06 16:10,8849
2019-03-06 16:15,8904
2019-03-06 16:20,8916
2019-03-06 16:25,9010
2019-03-06 16:30,9085
2019-03-06 16:35,9261
2019-03-06 16:40,9370
2019-03-06 16:45,9515
2019-03-06 16:50,9570
2019-03-06 16:55,9657
2019-03-06 17:00,9730
2019-03-06 17:05,9842
2019-03-06 17:10,9954
2019-03-06 17:15,10085
2019-03-06 17:20,10185
2019-03-06 17:25,10329
2019-03-06 17:30,10427
2019-03-06 17:35,10562
2019-03-06 17:40,10608
2019-03-06 17:45,10693
2019-03-06 17:50,10847
2019-03-06 17:55,10887
2019-03-06 18:00,10962
2019-03-06 18:05,11071
2019-03-06 18:10,11109
2019-03-06 18:15,11249
2019-03-06 18:20,11357
2019-03-06 18:25,11536
2019-03-06 18:30,11594
2019-03-06 18:35,11700
2019-03-06 18:40,11736
2019-03-06 18:45,11747
2019-03-06 18:50,11410
2019-03-06 18:55,11348
2019-03-06 19:00,11396
2019-03-06 19:05,11445
2019-03-06 19:10,0
2019-03-06 19:15,11656
2019-03-06 19:20,11728
2019-03-06 19:25,11826
2019-03-06 19:30,11982
2019-03-06 19:35,12081
2019-03-06 19:40,12130
2019-03-06 19:45,12168
2019-03-06 19:50,12244
2019-03-06 19:55,12316
2019-03-06 20:00,12390
2019-03-06 20:05,12531
2019-03-06 20:10,12479
2019-03-06 20:15,12522
2019-03-06 20:20,12595
2019-03-06 20:25,12578
2019-03-06 20:30,12616
2019-03-06 20:35,12584
2019-03-06 20:40,12615
2019-03-06 20:45,12644
2019-03-06 20:50,12736
2019-03-06 20:55,12679
2019-03-06 21:00,12547
2019-03-06 21:05,12469
2019-03-06 21:10,12403
2019-03-06 21:15,12332
2019-03-06 21:20,12336
2019-03-06 21:25,12394
2019-03-06 21:30,12373
2019-03-06 21:35,12305
2019-03-06 21:40,12295
2019-03-06 21:45,12212
2019-03-06 21:50,12160
2019-03-06 21:55,12099
2019-03-06 22:00,12078
2019-03-06 22:05,12019
2019-03-06 22:10,12038
2019-03-06 22:15,12011
2019-03-06 22:20,11923
2019-03-06 22:25,11891
2019-03-06 22:30,11855
2019-03-06 22:35,11749
2019-03-06 22:40,11735
2019-03-06 22:45,11733
2019-03-06 22:50,11675
2019-03-06 22:55,11633
2019-03-06 23:00,11432
2019-03-06 23:05,11414
2019-03-06 23:10,11328
2019-03-06 23:15,11270
2019-03-06 23:20,11166
2019-03-06 23:25,11187
2019-03-06 23:30,11177
2019-03-06 23:35,11132
2019-03-06 23:40,11148
2019-03-06 23:45,11043
2019-03-06 23:50,11002
2019-03-06 23:55,10950
2019-03-07 00:00,10935
2019-03-07 00:05,10956
2019-03-07 00:10,10875
2019-03-07 00:15,10909
2019-03-07 00:20,10885
2019-03-07 00:25,10815
2019-03-07 00:30,10765
2019-03-07 00:35,10740
2019-03-07 00:40,10765
2019-03-07 00:45,10828
2019-03-07 00:50,10811
2019-03-07 00:55,10852
2019-03-07 01:00,10852
2019-03-07 01:05,10800
2019-03-07 01:10,10776
2019-03-07 01:15,10808
2019-03-07 01:20,10788
2019-03-07 01:25,10818
2019-03-07 01:30,10867
2019-03-07 01:35,10858
2019-03-07 01:40,10867
2019-03-07 01:45,10909
2019-03-07 01:50,10971
2019-03-07 01:55,10922
2019-03-07 02:00,10896
2019-03-07 02:05,10894
2019-03-07 02:10,10877
2019-03-07 02:15,10922
2019-03-07 02:20,10925
2019-03-07 02:25,10895
2019-03-07 02:30,10904
2019-03-07 02:35,10918
2019-03-07 02:40,10876
2019-03-07 02:45,10878
2019-03-07 02:50,10882
2019-03-07 02:55,10880
2019-03-07 03:00,10826
2019-03-07 03:05,10770
2019-03-07 03:10,10693
2019-03-07 03:15,10650
2019-03-07 03:20,10503
2019-03-07 03:25,10441
2019-03-07 03:30,10316
2019-03-07 03:35,10259
2019-03-07 03:40,10127
2019-03-07 03:45,9998
2019-03-07 03:50,9917
2019-03-07 03:55,9896
2019-03-07 04:00,9835
2019-03-07 04:05,9752
2019-03-07 04:10,9666
2019-03-07 04:15,9620
2019-03-07 04:20,9470
2019-03-07 04:25,9361
2019-03-07 04:30,9281
2019-03-07 04:35,9134
2019-03-07 04:40,9006
2019-03-07 04:45,8853
2019-03-07 04:50,8723
2019-03-07 04:55,8669
2019-03-07 05:00,8583
2019-03-07 05:05,8454
2019-03-07 05:10,8308
2019-03-07 05:15,8213
2019-03-07 05:20,8089
2019-03-07 05:25,7853
2019-03-07 05:30,7729
2019-03-07 05:35,7635
2019-03-07 05:40,7468
2019-03-07 05:45,7348
2019-03-07 05:50,7241
2019-03-07 05:55,7135
2019-03-07 06:00,6992
2019-03-07 06:05,6851
2019-03-07 06:10,6690
2019-03-07 06:15,6570
2019-03-07 06:20,6501
2019-03-07 06:25,6368
2019-03-07 06:30,6232
2019-03-07 06:35,6144
2019-03-07 06:40,6094
2019-03-07 06:45,5950
2019-03-07 06:50,5833
2019-03-07 06:55,5739
2019-03-07 07:00,5643
2019-03-07 07:05,5522
2019-03-07 07:10,5428
2019-03-07 07:15,5353
2019-03-07 07:20,5304
2019-03-07 07:25,5217
2019-03-07 07:30,5119
2019-03-07 07:35,5063
2019-03-07 07:40,4948
2019-03-07 07:45,4852
2019-03-07 07:50,4797
2019-03-07 07:55,4694
2019-03-07 08:00,4661
2019-03-07 08:05,4613
2019-03-07 08:10,4557
2019-03-07 08:15,4515
2019-03-07 08:20,4426
2019-03-07 08:25,4375
2019-03-07 08:30,4271
2019-03-07 08:35,4233
2019-03-07 08:40,4204
2019-03-07 08:45,4218
2019-03-07 08:50,4207
2019-03-07 08:55,4220
2019-03-07 09:00,4184
2019-03-07 09:05,4175
2019-03-07 09:10,4159
2019-03-07 09:15,4147
2019-03-07 09:20,4145
2019-03-07 09:25,4138
2019-03-07 09:30,4131
2019-03-07 09:35,4115
2019-03-07 09:40,4139
2019-03-07 09:45,4179
2019-03-07 09:50,4205
2019-03-07 09:55,4241
2019-03-07 10:00,4231
2019-03-07 10:05,4237
2019-03-07 10:10,4234
2019-03-07 10:15,4241
2019-03-07 10:20,4240
2019-03-07 10:25,4285
2019-03-07 10:30,4294
2019-03-07 10:35,4322
2019-03-07 10:40,4365
2019-03-07 10:45,4378
2019-03-07 10:50,4414
2019-03-07 10:55,4484
2019-03-07 11:00,4514
2019-03-07 11:05,4531
2019-03-07 11:10,4554
2019-03-07 11:15,4602
2019-03-07 11:20,4626
2019-03-07 11:25,4685
2019-03-07 11:30,4733
2019-03-07 11:35,4759
2019-03-07 11:40,4803
2019-03-07 11:45,4840
2019-03-07 11:50,4885
2019-03-07 11:55,4948
2019-03-07 12:00,4984
2019-03-07 12:05,5061
2019-03-07 12:10,5103
2019-03-07 12:15,5143
2019-03-07 12:20,5187
2019-03-07 12:25,5237
2019-03-07 12:30,5273
2019-03-07 12:35,5337
2019-03-07 12:40,5425
2019-03-07 12:45,5442
2019-03-07 12:50,5518
2019-03-07 12:55,5612
2019-03-07 13:00,5619
2019-03-07 13:05,5683
2019-03-07 13:10,5791
2019-03-07 13:15,5858
2019-03-07 13:20,5923
2019-03-07 13:25,6016
2019-03-07 13:30,6110
2019-03-07 13:35,6190
2019-03-07 13:40,6291
2019-03-07 13:45,6390
2019-03-07 13:50,6431
2019-03-07 13:55,6526
2019-03-07 14:00,6610
2019-03-07 14:05,6673
2019-03-07 14:10,6738
2019-03-07 14:15,6812
2019-03-07 14:20,6871
2019-03-07 14:25,7028
2019-03-07 14:30,7168
2019-03-07 14:35,7244
2019-03-07 14:40,7325
2019-03-07 14:45,7373
2019-03-07 14:50,7457
2019-03-07 14:55,7553
2019-03-07 15:00,7631
2019-03-07 15:05,7692
2019-03-07 15:10,7732
2019-03-07 15:15,7813
2019-03-07 15:20,7948
2019-03-07 15:25,8021
2019-03-07 15:30,8125
2019-03-07 15:35,8207
2019-03-07 15:40,8314
2019-03-07 15:45,8388
2019-03-07 15:50,8457
2019-03-07 15:55,8520
2019-03-07 16:00,8587
2019-03-07 16:05,8714
2019-03-07 16:10,8798
2019-03-07 16:15,8850
2019-03-07 16:20,8999
2019-03-07 16:25,9122
2019-03-07 16:30,9183
2019-03-07 16:35,9226
2019-03-07 16:40,9337
2019-03-07 16:45,9464
2019-03-07 16:50,9574
2019-03-07 16:55,9555
2019-03-07 17:00,9695
2019-03-07 17:05,9781
2019-03-07 17:10,9891
2019-03-07 17:15,9917
2019-03-07 17:20,9918
2019-03-07 17:25,10011
2019-03-07 17:30,10109
2019-03-07 17:35,10190
2019-03-07 17:40,10329
2019-03-07 17:45,10435
2019-03-07 17:50,10558
2019-03-07 17:55,10659
2019-03-07 18:00,10726
2019-03-07 18:05,10821
2019-03-07 18:10,10870
2019-03-07 18:15,10982
2019-03-07 18:20,10998
2019-03-07 18:25,11077
2019-03-07 18:30,11065
2019-03-07 18:35,11160
2019-03-07 18:40,11287
2019-03-07 18:45,11338
2019-03-07 18:50,11379
2019-03-07 18:55,11445
2019-03-07 19:00,11493
2019-03-07 19:05,11620
2019-03-07 19:10,11682
2019-03-07 19:15,11710
2019-03-07 19:20,11821
2019-03-07 19:25,11957
2019-03-07 19:30,12037
2019-03-07 19:35,12127
2019-03-07 19:40,12196
2019-03-07 19:45,12287
2019-03-07 19:50,12402
2019-03-07 19:55,12472
2019-03-07 20:00,12504
2019-03-07 20:05,12510
2019-03-07 20:10,12506
2019-03-07 20:15,12551
2019-03-07 20:20,12630
2019-03-07 20:25,12680
2019-03-07 20:30,12649
2019-03-07 20:35,12683
2019-03-07 20:40,12698
2019-03-07 20:45,12657
2019-03-07 20:50,12639
2019-03-07 20:55,
2019-03-07 21:00,
2019-03-07 21:05,3155
2019-03-07 21:10,4358
2019-03-07 21:15,5360
2019-03-07 21:20,9024
2019-03-07 21:25,9560
2019-03-07 21:30,9870
2019-03-07 21:35,10237
2019-03-07 21:40,
2019-03-07 21:45,
2019-03-07 21:50,9079
2019-03-07 21:55,9997
2019-03-07 22:00,10223
2019-03-07 22:05,10500
2019-03-07 22:10,10597
2019-03-07 22:15,10712
2019-03-07 22:20,10834
2019-03-07 22:25,10886
2019-03-07 22:30,11011
2019-03-07 22:35,11095
2019-03-07 22:40,11120
2019-03-07 22:45,11155
2019-03-07 22:50,11106
2019-03-07 22:55,11048
2019-03-07 23:00,11052
2019-03-07 23:05,11043
2019-03-07 23:10,11008
2019-03-07 23:15,10933
2019-03-07 23:20,10847
2019-03-07 23:25,10762
2019-03-07 23:30,10660
2019-03-07 23:35,10655
2019-03-07 23:40,10653
2019-03-07 23:45,10604
2019-03-07 23:50,10622
2019-03-07 23:55,10570
2019-03-08 00:00,10565
2019-03-08 00:05,10488
2019-03-08 00:10,10422
2019-03-08 00:15,10453
2019-03-08 00:20,10427
2019-03-08 00:25,10424
2019-03-08 00:30,10475
2019-03-08 00:35,10506
2019-03-08 00:40,10534
2019-03-08 00:45,10510
2019-03-08 00:50,10529
2019-03-08 00:55,10519
2019-03-08 01:00,10539
2019-03-08 01:05,10489
2019-03-08 01:10,10415
2019-03-08 01:15,10448
2019-03-08 01:20,10453
2019-03-08 01:25,10460
2019-03-08 01:30,10408
2019-03-08 01:35,10439
2019-03-08 01:40,10495
2019-03-08 01:45,10507
2019-03-08 01:50,10471
2019-03-08 01:55,10452
2019-03-08 02:00,10353
2019-03-08 02:05,10342
2019-03-08 02:10,10352
2019-03-08 02:15,10402
2019-03-08 02:20,10401
2019-03-08 02:25,10409
2019-03-08 02:30,10340
2019-03-08 02:35,10440
2019-03-08 02:40,10451
2019-03-08 02:45,10390
2019-03-08 02:50,10377
2019-03-08 02:55,10366
2019-03-08 03:00,10327
2019-03-08 03:05,10223
2019-03-08 03:10,10174
2019-03-08 03:15,10098
2019-03-08 03:20,10058
2019-03-08 03:25,9986
2019-03-08 03:30,9922
2019-03-08 03:35,9877
2019-03-08 03:40,9805
2019-03-08 03:45,9694
2019-03-08 03:50,9623
2019-03-08 03:55,9533
2019-03-08 04:00,9480
2019-03-08 04:05,9400
2019-03-08 04:10,9271
2019-03-08 04:15,9141
2019-03-08 04:20,9087
2019-03-08 04:25,8990
2019-03-08 04:30,8882
2019-03-08 04:35,8789
2019-03-08 04:40,8694
2019-03-08 04:45,8601
2019-03-08 04:50,8542
2019-03-08 04:55,8429
2019-03-08 05:00,8307
2019-03-08 05:05,8230
2019-03-08 05:10,8045
2019-03-08 05:15,7928
2019-03-08 05:20,7815
2019-03-08 05:25,7633
2019-03-08 05:30,7450
2019-03-08 05:35,7326
2019-03-08 05:40,7262
2019-03-08 05:45,7158
2019-03-08 05:50,7039
2019-03-08 05:55,6896
2019-03-08 06:00,6782
2019-03-08 06:05,6666
2019-03-08 06:10,6534
2019-03-08 06:15,6410
2019-03-08 06:20,6329
2019-03-08 06:25,6207
2019-03-08 06:30,6130
2019-03-08 06:35,6026
2019-03-08 06:40,5936
2019-03-08 06:45,5891
2019-03-08 06:50,5851
2019-03-08 06:55,5812
2019-03-08 07:00,5758
2019-03-08 07:05,5692
2019-03-08 07:10,5627
2019-03-08 07:15,5566
2019-03-08 07:20,5487
2019-03-08 07:25,5408
2019-03-08 07:30,5366
2019-03-08 07:35,5306
2019-03-08 07:40,5287
2019-03-08 07:45,5197
2019-03-08 07:50,5159
2019-03-08 07:55,5111
2019-03-08 08:00,5096
2019-03-08 08:05,5029
2019-03-08 08:10,4941
2019-03-08 08:15,4923
2019-03-08 08:20,4910
2019-03-08 08:25,4845
2019-03-08 08:30,4788
2019-03-08 08:35,4770
2019-03-08 08:40,4773
2019-03-08 08:45,4730
2019-03-08 08:50,4703
2019-03-08 08:55,4652
2019-03-08 09:00,4605
2019-03-08 09:05,4605
2019-03-08 09:10,4627
2019-03-08 09:15,4672
2019-03-08 09:20,4650
2019-03-08 09:25,4653
2019-03-08 09:30,4654
2019-03-08 09:35,4661
2019-03-08 09:40,4662
2019-03-08 09:45,4663
2019-03-08 09:50,4650
2019-03-08 09:55,4649
2019-03-08 10:00,4629
2019-03-08 10:05,4602
2019-03-08 10:10,4617
2019-03-08 10:15,4635
2019-03-08 10:20,4634
2019-03-08 10:25,4687
2019-03-08 10:30,4747
2019-03-08 10:35,4810
2019-03-08 10:40,4831
2019-03-08 10:45,
2019-03-08 10:50,4886
2019-03-08 10:55,4941
2019-03-08 11:00,4965
2019-03-08 11:05,4983
2019-03-08 11:10,5034
2019-03-08 11:15,5077
2019-03-08 11:20,5171
2019-03-08 11:25,5218
2019-03-08 11:30,5263
2019-03-08 11:35,5281
2019-03-08 11:40,5289
2019-03-08 11:45,5313
2019-03-08 11:50,5338
2019-03-08 11:55,5389
2019-03-08 12:00,5423
2019-03-08 12:05,5498
2019-03-08 12:10,5560
2019-03-08 12:15,5606
2019-03-08 12:20,5686
2019-03-08 12:25,5707
2019-03-08 12:30,5805
2019-03-08 12:35,5904
2019-03-08 12:40,5948
2019-03-08 12:45,6014
2019-03-08 12:50,6034
2019-03-08 12:55,6105
2019-03-08 13:00,6127
2019-03-08 13:05,6161
2019-03-08 13:10,6175
2019-03-08 13:15,6228
2019-03-08 13:20,6296
2019-03-08 13:25,6381
2019-03-08 13:30,6432
2019-03-08 13:35,6456
2019-03-08 13:40,6550
2019-03-08 13:45,6574
2019-03-08 13:50,6671
2019-03-08 13:55,6726
2019-03-08 14:00,6818
2019-03-08 14:05,6883
2019-03-08 14:10,7011
2019-03-08 14:15,7140
2019-03-08 14:20,7250
2019-03-08 14:25,7321
2019-03-08 14:30,7463
2019-03-08 14:35,7540
2019-03-08 14:40,7682
2019-03-08 14:45,7742
2019-03-08 14:50,7801
2019-03-08 14:55,7902
2019-03-08 15:00,7812
2019-03-08 15:05,7831
2019-03-08 15:10,7870
2019-03-08 15:15,7956
2019-03-08 15:20,8048
2019-03-08 15:25,8059
2019-03-08 15:30,8146
2019-03-08 15:35,8240
2019-03-08 15:40,8314
2019-03-08 15:45,8433
2019-03-08 15:50,8552
2019-03-08 15:55,8620
2019-03-08 16:00,8731
2019-03-08 16:05,8773
2019-03-08 16:10,8887
2019-03-08 16:15,8960
2019-03-08 16:20,9054
2019-03-08 16:25,9211
2019-03-08 16:30,9195
2019-03-08 16:35,9323
2019-03-08 16:40,9389
2019-03-08 16:45,9444
2019-03-08 16:50,9519
2019-03-08 16:55,9579
2019-03-08 17:00,9642
2019-03-08 17:05,9721
2019-03-08 17:10,9814
2019-03-08 17:15,9947
2019-03-08 17:20,10061
2019-03-08 17:25,10160
2019-03-08 17:30,10200
2019-03-08 17:35,10362
2019-03-08 17:40,10421
2019-03-08 17:45,10511
2019-03-08 17:50,10484
2019-03-08 17:55,10494
2019-03-08 18:00,10516
2019-03-08 18:05,10606
2019-03-08 18:10,10694
2019-03-08 18:15,10732
2019-03-08 18:20,10808
2019-03-08 18:25,10847
2019-03-08 18:30,10964
2019-03-08 18:35,11067
2019-03-08 18:40,11175
2019-03-08 18:45,11273
2019-03-08 18:50,11330
2019-03-08 18:55,11334
2019-03-08 19:00,11496
2019-03-08 19:05,11550
2019-03-08 19:10,11596
2019-03-08 19:15,11626
2019-03-08 19:20,11670
2019-03-08 19:25,11737
2019-03-08 19:30,11825
2019-03-08 19:35,11878
2019-03-08 19:40,11993
2019-03-08 19:45,12015
2019-03-08 19:50,12094
2019-03-08 19:55,12162
2019-03-08 20:00,12253
2019-03-08 20:05,12391
2019-03-08 20:10,12465
2019-03-08 20:15,12488
2019-03-08 20:20,12436
2019-03-08 20:25,12558
2019-03-08 20:30,12650
2019-03-08 20:35,12673
2019-03-08 20:40,12674
2019-03-08 20:45,12729
2019-03-08 20:50,12790
2019-03-08 20:55,12769
2019-03-08 21:00,12757
2019-03-08 21:05,12750
2019-03-08 21:10,12742
2019-03-08 21:15,12755
2019-03-08 21:20,12698
2019-03-08 21:25,12645
2019-03-08 21:30,12678
2019-03-08 21:35,12666
2019-03-08 21:40,12668
2019-03-08 21:45,12682
2019-03-08 21:50,12715
2019-03-08 21:55,12646
2019-03-08 22:00,12595
2019-03-08 22:05,12512
2019-03-08 22:10,12448
2019-03-08 22:15,12536
2019-03-08 22:20,12498
2019-03-08 22:25,12521
2019-03-08 22:30,12448
2019-03-08 22:35,12497
2019-03-08 22:40,12363
2019-03-08 22:45,12331
2019-03-08 22:50,12288
2019-03-08 22:55,12213
2019-03-08 23:00,12200
2019-03-08 23:05,12125
2019-03-08 23:10,11970
2019-03-08 23:15,11906
2019-03-08 23:20,11766
2019-03-08 23:25,11760
2019-03-08 23:30,11682
2019-03-08 23:35,11569
2019-03-08 23:40,11542
2019-03-08 23:45,11517
2019-03-08 23:50,11501
2019-03-08 23:55,11404
2019-03-09 00:00,11339
2019-03-09 00:05,11301
2019-03-09 00:10,11278
2019-03-09 00:15,11223
2019-03-09 00:20,11225
2019-03-09 00:25,11116
2019-03-09 00:30,11064
2019-03-09 00:35,11038
2019-03-09 00:40,11022
2019-03-09 00:45,10989
2019-03-09 00:50,10969
2019-03-09 00:55,10935
2019-03-09 01:00,10919
2019-03-09 01:05,10920
2019-03-09 01:10,10866
2019-03-09 01:15,10897
2019-03-09 01:20,10880
2019-03-09 01:25,10846
2019-03-09 01:30,10769
2019-03-09 01:35,10769
2019-03-09 01:40,10706
2019-03-09 01:45,10690
2019-03-09 01:50,10694
2019-03-09 01:55,10655
2019-03-09 02:00,10699
2019-03-09 02:05,10678
2019-03-09 02:10,10649
2019-03-09 02:15,10611
2019-03-09 02:20,10634
2019-03-09 02:25,10571
2019-03-09 02:30,10589
2019-03-09 02:35,10545
2019-03-09 02:40,10494
2019-03-09 02:45,10570
2019-03-09 02:50,10604
2019-03-09 02:55,10612
2019-03-09 03:00,10528
2019-03-09 03:05,10520
2019-03-09 03:10,10491
2019-03-09 03:15,10546
2019-03-09 03:20,10534
2019-03-09 03:25,10514
2019-03-09 03:30,10526
2019-03-09 03:35,10530
2019-03-09 03:40,10503
2019-03-09 03:45,10512
2019-03-09 03:50,10461
2019-03-09 03:55,10466
2019-03-09 04:00,10455
2019-03-09 04:05,10378
2019-03-09 04:10,10354
2019-03-09 04:15,10322
2019-03-09 04:20,10236
2019-03-09 04:25,10133
2019-03-09 04:30,10089
2019-03-09 04:35,10022
2019-03-09 04:40,9933
2019-03-09 04:45,9870
2019-03-09 04:50,9824
2019-03-09 04:55,9741
2019-03-09 05:00,9693
2019-03-09 05:05,9604
2019-03-09 05:10,9457
2019-03-09 05:15,9385
2019-03-09 05:20,9296
2019-03-09 05:25,9166
2019-03-09 05:30,9096
2019-03-09 05:35,9048
2019-03-09 05:40,8910
2019-03-09 05:45,8804
2019-03-09 05:50,8712
2019-03-09 05:55,8618
2019-03-09 06:00,8522
2019-03-09 06:05,8476
2019-03-09 06:10,8329
2019-03-09 06:15,8231
2019-03-09 06:20,8203
2019-03-09 06:25,8040
2019-03-09 06:30,7964
2019-03-09 06:35,7910
2019-03-09 06:40,7800
2019-03-09 06:45,7677
2019-03-09 06:50,7560
2019-03-09 06:55,7410
2019-03-09 07:00,7363
2019-03-09 07:05,7297
2019-03-09 07:10,7154
2019-03-09 07:15,7033
2019-03-09 07:20,6908
2019-03-09 07:25,6821
2019-03-09 07:30,6774
2019-03-09 07:35,6564
2019-03-09 07:40,6458
2019-03-09 07:45,6338
2019-03-09 07:50,6216
2019-03-09 07:55,6167
2019-03-09 08:00,6123
2019-03-09 08:05,5991
2019-03-09 08:10,5928
2019-03-09 08:15,5849
2019-03-09 08:20,5725
2019-03-09 08:25,5598
2019-03-09 08:30,5482
2019-03-09 08:35,4586
2019-03-09 08:40,3771
2019-03-09 08:45,3003
2019-03-09 08:50,2279
2019-03-09 08:55,1840
2019-03-09 09:00,1612
2019-03-09 09:05,1370
2019-03-09 09:10,1375
2019-03-09 09:15,1628
2019-03-09 09:20,2059
2019-03-09 09:25,2460
2019-03-09 09:30,2851
2019-03-09 09:35,3195
2019-03-09 09:40,3490
2019-03-09 09:45,3746
2019-03-09 09:50,3999
2019-03-09 09:55,4281
2019-03-09 10:00,4564
2019-03-09 10:05,4765
2019-03-09 10:10,5016
2019-03-09 10:15,5198
2019-03-09 10:20,5413
2019-03-09 10:25,5604
2019-03-09 10:30,5802
2019-03-09 10:35,5924
2019-03-09 10:40,6069
2019-03-09 10:45,6186
2019-03-09 10:50,6280
2019-03-09 10:55,6427
2019-03-09 11:00,6524
2019-03-09 11:05,6616
2019-03-09 11:10,6780
2019-03-09 11:15,6880
2019-03-09 11:20,7001
2019-03-09 11:25,7116
2019-03-09 11:30,7213
2019-03-09 11:35,7258
2019-03-09 11:40,7292
2019-03-09 11:45,7339
2019-03-09 11:50,7415
2019-03-09 11:55,7468
2019-03-09 12:00,7577
2019-03-09 12:05,7642
2019-03-09 12:10,7715
2019-03-09 12:15,7778
2019-03-09 12:20,7843
2019-03-09 12:25,7893
2019-03-09 12:30,7976
2019-03-09 12:35,7991
2019-03-09 12:40,8041
2019-03-09 12:45,8114
2019-03-09 12:50,8198
2019-03-09 12:55,8269
2019-03-09 13:00,8332
2019-03-09 13:05,8393
2019-03-09 13:10,8486
2019-03-09 13:15,8561
2019-03-09 13:20,0
2019-03-09 13:25,8637
2019-03-09 13:30,8718
2019-03-09 13:35,8796
2019-03-09 13:40,8887
2019-03-09 13:45,8955
2019-03-09 13:50,9022
2019-03-09 13:55,9192
2019-03-09 14:00,9220
2019-03-09 14:05,9272
2019-03-09 14:10,9371
2019-03-09 14:15,9462
2019-03-09 14:20,9584
2019-03-09 14:25,9704
2019-03-09 14:30,9766
2019-03-09 14:35,9911
2019-03-09 14:40,10070
2019-03-09 14:45,10149
2019-03-09 14:50,10231
2019-03-09 14:55,10313
2019-03-09 15:00,10360
2019-03-09 15:05,10448
2019-03-09 15:10,10482
2019-03-09 15:15,10581
2019-03-09 15:20,10615
2019-03-09 15:25,10777
2019-03-09 15:30,10903
2019-03-09 15:35,10947
2019-03-09 15:40,11053
2019-03-09 15:45,11075
2019-03-09 15:50,11136
2019-03-09 15:55,11224
2019-03-09 16:00,11324
2019-03-09 16:05,11410
2019-03-09 16:10,11534
2019-03-09 16:15,11594
2019-03-09 16:20,11721
2019-03-09 16:25,11803
2019-03-09 16:30,11823
2019-03-09 16:35,11907
2019-03-09 16:40,11994
2019-03-09 16:45,12092
2019-03-09 16:50,12215
2019-03-09 16:55,12342
2019-03-09 17:00,12419
2019-03-09 17:05,12488
2019-03-09 17:10,12559
2019-03-09 17:15,12662
2019-03-09 17:20,12750
2019-03-09 17:25,12791
2019-03-09 17:30,12905
2019-03-09 17:35,12997
2019-03-09 17:40,13105
2019-03-09 17:45,13217
2019-03-09 17:50,13252
2019-03-09 17:55,13313
2019-03-09 18:00,13334
2019-03-09 18:05,13444
2019-03-09 18:10,13537
2019-03-09 18:15,13624
2019-03-09 18:20,13678
2019-03-09 18:25,13735
2019-03-09 18:30,13874
2019-03-09 18:35,14013
2019-03-09 18:40,14086
2019-03-09 18:45,14150
2019-03-09 18:50,14220
2019-03-09 18:55,14296
2019-03-09 19:00,14356
2019-03-09 19:05,14434
2019-03-09 19:10,14557
2019-03-09 19:15,14567
2019-03-09 19:20,14633
2019-03-09 19:25,14678
2019-03-09 19:30,14706
2019-03-09 19:35,14752
2019-03-09 19:40,14837
2019-03-09 19:45,14887
2019-03-09 19:50,14938
2019-03-09 19:55,14952
2019-03-09 20:00,14989
2019-03-09 20:05,15027
2019-03-09 20:10,15085
2019-03-09 20:15,15173
2019-03-09 20:20,15157
2019-03-09 20:25,15170
2019-03-09 20:30,15142
2019-03-09 20:35,15134
2019-03-09 20:40,15113
2019-03-09 20:45,15123
2019-03-09 20:50,15231
2019-03-09 20:55,15231
2019-03-09 21:00,15293
2019-03-09 21:05,15307
2019-03-09 21:10,15308
2019-03-09 21:15,15218
2019-03-09 21:20,15195
2019-03-09 21:25,15205
2019-03-09 21:30,15182
2019-03-09 21:35,15201
2019-03-09 21:40,15192
2019-03-09 21:45,15169
2019-03-09 21:50,15173
2019-03-09 21:55,15214
2019-03-09 22:00,15191
2019-03-09 22:05,15031
2019-03-09 22:10,14902
2019-03-09 22:15,14854
2019-03-09 22:20,14833
2019-03-09 22:25,14811
2019-03-09 22:30,14822
2019-03-09 22:35,14672
2019-03-09 22:40,14660
2019-03-09 22:45,14662
2019-03-09 22:50,14609
2019-03-09 22:55,14537
2019-03-09 23:00,14466
2019-03-09 23:05,14287
2019-03-09 23:10,14208
2019-03-09 23:15,14129
2019-03-09 23:20,13996
2019-03-09 23:25,13949
2019-03-09 23:30,13824
2019-03-09 23:35,13712
2019-03-09 23:40,13546
2019-03-09 23:45,13437
2019-03-09 23:50,13332
2019-03-09 23:55,13264
2019-03-10 00:00,13156
2019-03-10 00:05,12986
2019-03-10 00:10,12904
2019-03-10 00:15,12778
2019-03-10 00:20,12711
2019-03-10 00:25,12617
2019-03-10 00:30,12520
2019-03-10 00:35,12475
2019-03-10 00:40,12510
2019-03-10 00:45,12476
2019-03-10 00:50,12398
2019-03-10 00:55,12321
2019-03-10 01:00,12337
2019-03-10 01:05,12335
2019-03-10 01:10,12270
2019-03-10 01:15,12267
2019-03-10 01:20,12226
2019-03-10 01:25,12142
2019-03-10 01:30,12123
2019-03-10 01:35,12099
2019-03-10 01:40,12113
2019-03-10 01:45,12051
2019-03-10 01:50,11979
2019-03-10 01:55,11918
2019-03-10 02:00,11895
2019-03-10 02:05,11917
2019-03-10 02:10,11895
2019-03-10 02:15,11891
2019-03-10 02:20,11905
2019-03-10 02:25,11888
2019-03-10 02:30,11874
2019-03-10 02:35,11785
2019-03-10 02:40,11793
2019-03-10 02:45,11785
2019-03-10 02:50,11823
2019-03-10 02:55,11847
2019-03-10 03:00,11872
2019-03-10 03:05,11830
2019-03-10 03:10,11813
2019-03-10 03:15,11727
2019-03-10 03:20,11700
2019-03-10 03:25,11674
2019-03-10 03:30,11678
2019-03-10 03:35,11604
2019-03-10 03:40,11577
2019-03-10 03:45,11529
2019-03-10 03:50,11478
2019-03-10 03:55,11449
2019-03-10 04:00,11398
2019-03-10 04:05,11339
2019-03-10 04:10,11332
2019-03-10 04:15,11286
2019-03-10 04:20,11229
2019-03-10 04:25,11181
2019-03-10 04:30,11098
2019-03-10 04:35,11098
2019-03-10 04:40,11039
2019-03-10 04:45,11028
2019-03-10 04:50,10904
2019-03-10 04:55,10863
2019-03-10 05:00,10832
2019-03-10 05:05,10756
2019-03-10 05:10,10642
2019-03-10 05:15,10525
2019-03-10 05:20,10438
2019-03-10 05:25,10323
2019-03-10 05:30,10274
2019-03-10 05:35,10226
2019-03-10 05:40,10139
2019-03-10 05:45,10027
2019-03-10 05:50,9922
2019-03-10 05:55,9810
2019-03-10 06:00,9732
2019-03-10 06:05,9665
2019-03-10 06:10,9521
2019-03-10 06:15,9410
2019-03-10 06:20,9272
2019-03-10 06:25,9178
2019-03-10 06:30,9049
2019-03-10 06:35,8954
2019-03-10 06:40,8828
2019-03-10 06:45,8696
2019-03-10 06:50,8550
2019-03-10 06:55,8422
2019-03-10 07:00,8254
2019-03-10 07:05,8147
2019-03-10 07:10,8018
2019-03-10 07:15,7922
2019-03-10 07:20,7768
2019-03-10 07:25,7639
2019-03-10 07:30,7538
2019-03-10 07:35,7460
2019-03-10 07:40,7321
2019-03-10 07:45,7226
2019-03-10 07:50,7148
2019-03-10 07:55,7096
2019-03-10 08:00,7003
2019-03-10 08:05,6958
2019-03-10 08:10,6873
2019-03-10 08:15,6754
2019-03-10 08:20,6673
2019-03-10 08:25,6598
2019-03-10 08:30,6534
2019-03-10 08:35,6555
2019-03-10 08:40,6537
2019-03-10 08:45,6500
2019-03-10 08:50,6496
2019-03-10 08:55,6445
2019-03-10 09:00,6408
2019-03-10 09:05,6408
2019-03-10 09:10,6462
2019-03-10 09:15,6482
2019-03-10 09:20,6466
2019-03-10 09:25,6443
2019-03-10 09:30,6413
2019-03-10 09:35,6471
2019-03-10 09:40,6484
2019-03-10 09:45,6481
2019-03-10 09:50,6514
2019-03-10 09:55,6553
2019-03-10 10:00,6582
2019-03-10 10:05,6648
2019-03-10 10:10,6682
2019-03-10 10:15,6739
2019-03-10 10:20,6804
2019-03-10 10:25,6866
2019-03-10 10:30,6919
2019-03-10 10:35,6980
2019-03-10 10:40,7058
2019-03-10 10:45,7095
2019-03-10 10:50,7158
2019-03-10 10:55,7227
2019-03-10 11:00,7316
2019-03-10 11:05,7425
2019-03-10 11:10,7503
2019-03-10 11:15,7596
2019-03-10 11:20,7627
2019-03-10 11:25,7700
2019-03-10 11:30,7727
2019-03-10 11:35,7791
2019-03-10 11:40,7872
2019-03-10 11:45,7960
2019-03-10 11:50,8016
2019-03-10 11:55,8064
2019-03-10 12:00,8172
2019-03-10 12:05,8235
2019-03-10 12:10,8305
2019-03-10 12:15,8391
2019-03-10 12:20,8534
2019-03-10 12:25,8596
2019-03-10 12:30,8675
2019-03-10 12:35,8766
2019-03-10 12:40,8843
2019-03-10 12:45,8922
2019-03-10 12:50,8969
2019-03-10 12:55,9084
2019-03-10 13:00,9207
2019-03-10 13:05,9251
2019-03-10 13:10,9257
2019-03-10 13:15,9281
2019-03-10 13:20,9357
2019-03-10 13:25,9461
2019-03-10 13:30,9569
2019-03-10 13:35,9679
2019-03-10 13:40,9809
2019-03-10 13:45,9850
2019-03-10 13:50,9909
2019-03-10 13:55,9958
2019-03-10 14:00,10101
2019-03-10 14:05,10252
2019-03-10 14:10,10372
2019-03-10 14:15,10405
2019-03-10 14:20,10588
2019-03-10 14:25,10744
2019-03-10 14:30,10867
2019-03-10 14:35,10964
2019-03-10 14:40,11072
2019-03-10 14:45,11137
2019-03-10 14:50,11263
2019-03-10 14:55,11375
2019-03-10 15:00,11434
2019-03-10 15:05,11493
2019-03-10 15:10,11560
2019-03-10 15:15,11665
2019-03-10 15:20,11782
2019-03-10 15:25,11842
2019-03-10 15:30,11938
2019-03-10 15:35,12039
2019-03-10 15:40,12133
2019-03-10 15:45,12222
2019-03-10 15:50,12324
2019-03-10 15:55,12428
2019-03-10 16:00,12523
2019-03-10 16:05,12581
2019-03-10 16:10,12706
2019-03-10 16:15,12831
2019-03-10 16:20,12918
2019-03-10 16:25,12978
2019-03-10 16:30,13072
2019-03-10 16:35,13232
2019-03-10 16:40,13351
2019-03-10 16:45,13435
2019-03-10 16:50,13519
2019-03-10 16:55,13579
2019-03-10 17:00,13691
2019-03-10 17:05,13802
2019-03-10 17:10,13925
2019-03-10 17:15,14032
2019-03-10 17:20,14070
2019-03-10 17:25,14175
2019-03-10 17:30,14248
2019-03-10 17:35,14357
2019-03-10 17:40,14448
2019-03-10 17:45,14616
2019-03-10 17:50,14779
2019-03-10 17:55,14853
2019-03-10 18:00,14901
2019-03-10 18:05,15023
2019-03-10 18:10,15141
2019-03-10 18:15,15193
2019-03-10 18:20,15259
2019-03-10 18:25,15388
2019-03-10 18:30,15445
2019-03-10 18:35,15547
2019-03-10 18:40,15724
2019-03-10 18:45,15825
2019-03-10 18:50,15889
2019-03-10 18:55,15958
2019-03-10 19:00,16053
2019-03-10 19:05,16210
2019-03-10 19:10,16205
2019-03-10 19:15,16165
2019-03-10 19:20,16307
2019-03-10 19:25,16351
2019-03-10 19:30,16408
2019-03-10 19:35,16533
2019-03-10 19:40,16563
2019-03-10 19:45,16562
2019-03-10 19:50,16624
2019-03-10 19:55,16647
2019-03-10 20:00,16587
2019-03-10 20:05,16639
2019-03-10 20:10,16629
2019-03-10 20:15,16633
2019-03-10 20:20,16679
2019-03-10 20:25,16632
2019-03-10 20:30,16628
2019-03-10 20:35,16659
2019-03-10 20:40,16645
2019-03-10 20:45,16562
2019-03-10 20:50,16393
2019-03-10 20:55,16210
2019-03-10 21:00,16031
2019-03-10 21:05,15861
2019-03-10 21:10,15820
2019-03-10 21:15,15690
2019-03-10 21:20,15620
2019-03-10 21:25,15541
2019-03-10 21:30,15430
2019-03-10 21:35,15355
2019-03-10 21:40,15186
2019-03-10 21:45,15187
2019-03-10 21:50,15089
2019-03-10 21:55,14940
2019-03-10 22:00,14904
2019-03-10 22:05,14816
2019-03-10 22:10,14638
2019-03-10 22:15,14540
2019-03-10 22:20,14472
2019-03-10 22:25,14403
2019-03-10 22:30,14237
2019-03-10 22:35,14162
2019-03-10 22:40,14081
2019-03-10 22:45,13878
2019-03-10 22:50,13744
2019-03-10 22:55,13651
2019-03-10 23:00,13595
2019-03-10 23:05,13499
2019-03-10 23:10,13363
2019-03-10 23:15,13278
2019-03-10 23:20,13148
2019-03-10 23:25,13110
2019-03-10 23:30,13009
2019-03-10 23:35,12916
2019-03-10 23:40,12789
2019-03-10 23:45,12778
2019-03-10 23:50,12808
2019-03-10 23:55,12723
2019-03-11 00:00,12670
2019-03-11 00:05,12662
2019-03-11 00:10,12654
2019-03-11 00:15,12583
2019-03-11 00:20,12540
2019-03-11 00:25,12531
2019-03-11 00:30,12488
2019-03-11 00:35,12398
2019-03-11 00:40,12358
2019-03-11 00:45,12364
2019-03-11 00:50,12351
2019-03-11 00:55,12317
2019-03-11 01:00,12268
2019-03-11 01:05,12147
2019-03-11 01:10,12172
2019-03-11 01:15,12112
2019-03-11 01:20,12114
2019-03-11 01:25,12036
2019-03-11 01:30,11970
2019-03-11 01:35,11978
2019-03-11 01:40,11901
2019-03-11 01:45,11886
2019-03-11 01:50,11825
2019-03-11 01:55,11740
2019-03-11 02:00,11699
2019-03-11 02:05,11595
2019-03-11 02:10,11545
2019-03-11 02:15,11479
2019-03-11 02:20,11438
2019-03-11 02:25,11310
2019-03-11 02:30,11264
2019-03-11 02:35,11200
2019-03-11 02:40,11062
2019-03-11 02:45,10983
2019-03-11 02:50,10866
2019-03-11 02:55,10821
2019-03-11 03:00,10681
2019-03-11 03:05,10573
2019-03-11 03:10,10507
2019-03-11 03:15,10446
2019-03-11 03:20,10356
2019-03-11 03:25,10155
2019-03-11 03:30,10059
2019-03-11 03:35,9974
2019-03-11 03:40,9908
2019-03-11 03:45,9808
2019-03-11 03:50,9696
2019-03-11 03:55,9540
2019-03-11 04:00,9480
2019-03-11 04:05,9403
2019-03-11 04:10,9287
2019-03-11 04:15,9113
2019-03-11 04:20,8957
2019-03-11 04:25,8841
2019-03-11 04:30,8701
2019-03-11 04:35,8585
2019-03-11 04:40,8470
2019-03-11 04:45,8358
2019-03-11 04:50,8252
2019-03-11 04:55,8161
2019-03-11 05:00,7988
2019-03-11 05:05,7836
2019-03-11 05:10,7653
2019-03-11 05:15,7525
2019-03-11 05:20,7438
2019-03-11 05:25,7339
2019-03-11 05:30,7187
2019-03-11 05:35,7105
2019-03-11 05:40,6969
2019-03-11 05:45,6863
2019-03-11 05:50,6725
2019-03-11 05:55,6599
2019-03-11 06:00,6441
2019-03-11 06:05,6264
2019-03-11 06:10,6088
2019-03-11 06:15,5949
2019-03-11 06:20,5856
2019-03-11 06:25,5729
2019-03-11 06:30,5616
2019-03-11 06:35,5519
2019-03-11 06:40,5410
2019-03-11 06:45,5339
2019-03-11 06:50,5220
2019-03-11 06:55,5140
2019-03-11 07:00,5048
2019-03-11 07:05,4909
2019-03-11 07:10,4808
2019-03-11 07:15,4716
2019-03-11 07:20,4648
2019-03-11 07:25,4571
2019-03-11 07:30,4526
2019-03-11 07:35,4444
2019-03-11 07:40,4408
2019-03-11 07:45,4324
2019-03-11 07:50,4300
2019-03-11 07:55,4283
2019-03-11 08:00,4255
2019-03-11 08:05,4266
2019-03-11 08:10,4227
2019-03-11 08:15,4174
2019-03-11 08:20,4160
2019-03-11 08:25,4103
2019-03-11 08:30,4080
2019-03-11 08:35,4031
2019-03-11 08:40,4000
2019-03-11 08:45,4013
2019-03-11 08:50,3983
2019-03-11 08:55,3967
2019-03-11 09:00,3954
2019-03-11 09:05,3947
2019-03-11 09:10,3939
2019-03-11 09:15,3985
2019-03-11 09:20,4009
2019-03-11 09:25,4003
2019-03-11 09:30,3996
2019-03-11 09:35,4026
2019-03-11 09:40,4065
2019-03-11 09:45,4076
2019-03-11 09:50,4068
2019-03-11 09:55,4027
2019-03-11 10:00,4087
2019-03-11 10:05,4154
2019-03-11 10:10,4158
2019-03-11 10:15,4187
2019-03-11 10:20,4223
2019-03-11 10:25,4257
2019-03-11 10:30,4323
2019-03-11 10:35,4322
2019-03-11 10:40,4372
2019-03-11 10:45,4389
2019-03-11 10:50,4444
2019-03-11 10:55,4462
2019-03-11 11:00,4497
2019-03-11 11:05,4506
2019-03-11 11:10,4549
2019-03-11 11:15,4585
2019-03-11 11:20,4630
2019-03-11 11:25,4662
2019-03-11 11:30,4715
2019-03-11 11:35,4711
2019-03-11 11:40,4774
2019-03-11 11:45,4805
2019-03-11 11:50,4875
2019-03-11 11:55,4939
2019-03-11 12:00,4991
2019-03-11 12:05,5021
2019-03-11 12:10,5097
2019-03-11 12:15,5127
2019-03-11 12:20,5195
2019-03-11 12:25,5219
2019-03-11 12:30,5294
2019-03-11 12:35,5366
2019-03-11 12:40,5411
2019-03-11 12:45,5456
2019-03-11 12:50,5489
2019-03-11 12:55,5568
2019-03-11 13:00,5628
2019-03-11 13:05,5715
2019-03-11 13:10,5793
2019-03-11 13:15,5863
2019-03-11 13:20,5973
2019-03-11 13:25,6005
2019-03-11 13:30,6097
2019-03-11 13:35,6159
2019-03-11 13:40,6237
2019-03-11 13:45,6341
2019-03-11 13:50,6391
2019-03-11 13:55,6406
2019-03-11 14:00,6442
2019-03-11 14:05,6565
2019-03-11 14:10,6649
2019-03-11 14:15,6727
2019-03-11 14:20,6859
2019-03-11 14:25,6930
2019-03-11 14:30,7074
2019-03-11 14:35,7128
2019-03-11 14:40,7206
2019-03-11 14:45,7294
2019-03-11 14:50,7413
2019-03-11 14:55,7485
2019-03-11 15:00,
2019-03-11 15:05,
2019-03-11 15:10,
2019-03-11 15:15,
2019-03-11 15:20,
2019-03-11 15:25,
2019-03-11 15:30,
2019-03-11 15:35,
2019-03-11 15:40,
2019-03-11 15:45,
2019-03-11 15:50,
2019-03-11 15:55,
2019-03-11 16:00,
2019-03-11 16:05,
2019-03-11 16:10,
2019-03-11 16:15,
2019-03-11 16:20,
2019-03-11 16:25,
2019-03-11 16:30,
2019-03-11 16:35,
2019-03-11 16:40,
2019-03-11 16:45,
2019-03-11 16:50,
2019-03-11 16:55,
2019-03-11 17:00,
2019-03-11 17:05,
2019-03-11 17:10,
2019-03-11 17:15,
2019-03-11 17:20,
2019-03-11 17:25,
2019-03-11 17:30,
2019-03-11 17:35,
2019-03-11 17:40,
2019-03-11 17:45,
2019-03-11 17:50,
2019-03-11 17:55,
2019-03-11 18:00,
2019-03-11 18:05,
2019-03-11 18:10,
2019-03-11 18:15,
2019-03-11 18:20,
2019-03-11 18:25,
2019-03-11 18:30,
2019-03-11 18:35,
2019-03-11 18:40,
2019-03-11 18:45,
2019-03-11 18:50,
2019-03-11 18:55,
2019-03-11 19:00,
2019-03-11 19:05,
2019-03-11 19:10,
2019-03-11 19:15,
2019-03-11 19:20,
2019-03-11 19:25,
2019-03-11 19:30,
2019-03-11 19:35,
2019-03-11 19:40,
2019-03-11 19:45,
2019-03-11 19:50,
2019-03-11 19:55,
2019-03-11 20:00,
2019-03-11 20:05,
2019-03-11 20:10,
2019-03-11 20:15,
2019-03-11 20:20,
2019-03-11 20:25,
2019-03-11 20:30,
2019-03-11 20:35,
2019-03-11 20:40,
2019-03-11 20:45,
2019-03-11 20:50,
2019-03-11 20:55,
2019-03-11 21:00,
2019-03-11 21:05,
2019-03-11 21:10,
2019-03-11 21:15,
2019-03-11 21:20,
2019-03-11 21:25,
2019-03-11 21:30,
2019-03-11 21:35,
2019-03-11 21:40,
2019-03-11 21:45,
2019-03-11 21:50,
2019-03-11 21:55,
2019-03-11 22:00,
2019-03-11 22:05,
2019-03-11 22:10,
2019-03-11 22:15,
2019-03-11 22:20,
2019-03-11 22:25,12187
2019-03-11 22:30,12110
2019-03-11 22:35,11950
2019-03-11 22:40,11914
2019-03-11 22:45,11814
2019-03-11 22:50,11772
2019-03-11 22:55,11673
2019-03-11 23:00,11596
2019-03-11 23:05,11566
2019-03-11 23:10,11429
2019-03-11 23:15,11357
2019-03-11 23:20,11336
2019-03-11 23:25,11280
2019-03-11 23:30,11268
2019-03-11 23:35,11244
2019-03-11 23:40,11244
2019-03-11 23:45,11201
2019-03-11 23:50,11160
2019-03-11 23:55,11130
2019-03-12 00:00,11146
2019-03-12 00:05,11121
2019-03-12 00:10,11084
2019-03-12 00:15,11041
2019-03-12 00:20,11031
2019-03-12 00:25,11019
2019-03-12 00:30,11058
2019-03-12 00:35,11066
2019-03-12 00:40,11053
2019-03-12 00:45,11053
2019-03-12 00:50,11069
2019-03-12 00:55,11105
2019-03-12 01:00,11147
2019-03-12 01:05,11149
2019-03-12 01:10,11121
2019-03-12 01:15,11093
2019-03-12 01:20,11108
2019-03-12 01:25,11086
2019-03-12 01:30,11098
2019-03-12 01:35,11061
2019-03-12 01:40,11075
2019-03-12 01:45,11070
2019-03-12 01:50,11036
2019-03-12 01:55,11026
2019-03-12 02:00,10933
2019-03-12 02:05,10854
2019-03-12 02:10,10773
2019-03-12 02:15,10773
2019-03-12 02:20,10745
2019-03-12 02:25,10641
2019-03-12 02:30,10569
2019-03-12 02:35,10481
2019-03-12 02:40,10390
2019-03-12 02:45,10357
2019-03-12 02:50,10334
2019-03-12 02:55,10294
2019-03-12 03:00,10145
2019-03-12 03:05,10058
2019-03-12 03:10,9985
2019-03-12 03:15,9855
2019-03-12 03:20,9457
2019-03-12 03:25,9253
2019-03-12 03:30,8269
2019-03-12 03:35,8269
2019-03-12 03:40,8243
2019-03-12 03:45,8254
2019-03-12 03:50,8257
2019-03-12 03:55,8280
2019-03-12 04:00,8243
2019-03-12 04:05,8218
2019-03-12 04:10,8192
2019-03-12 04:15,8140
2019-03-12 04:20,8062
2019-03-12 04:25,7996
2019-03-12 04:30,7901
2019-03-12 04:35,7813
2019-03-12 04:40,7754
2019-03-12 04:45,7709
2019-03-12 04:50,7642
2019-03-12 04:55,7511
2019-03-12 05:00,7390
2019-03-12 05:05,7279
2019-03-12 05:10,7162
2019-03-12 05:15,7072
2019-03-12 05:20,7004
2019-03-12 05:25,6889
2019-03-12 05:30,6753
2019-03-12 05:35,6614
2019-03-12 05:40,6516
2019-03-12 05:45,6428
2019-03-12 05:50,6289
2019-03-12 05:55,6197
2019-03-12 06:00,6094
2019-03-12 06:05,5940
2019-03-12 06:10,5845
2019-03-12 06:15,5727
2019-03-12 06:20,5592
2019-03-12 06:25,5504
2019-03-12 06:30,5409
2019-03-12 06:35,5288
2019-03-12 06:40,5185
2019-03-12 06:45,5081
2019-03-12 06:50,4960
2019-03-12 06:55,4863
2019-03-12 07:00,4707
2019-03-12 07:05,4524
2019-03-12 07:10,4444
2019-03-12 07:15,4356
2019-03-12 07:20,4244
2019-03-12 07:25,4146
2019-03-12 07:30,4006
2019-03-12 07:35,3436
2019-03-12 07:40,2776
2019-03-12 07:45,2247
2019-03-12 07:50,1749
2019-03-12 07:55,1359
2019-03-12 08:00,1223
2019-03-12 08:05,1142
2019-03-12 08:10,1074
2019-03-12 08:15,1052
2019-03-12 08:20,1058
2019-03-12 08:25,1175
2019-03-12 08:30,1365
2019-03-12 08:35,1562
2019-03-12 08:40,1801
2019-03-12 08:45,1975
2019-03-12 08:50,2154
2019-03-12 08:55,2330
2019-03-12 09:00,2479
2019-03-12 09:05,2645
2019-03-12 09:10,2789
2019-03-12 09:15,2938
2019-03-12 09:20,3042
2019-03-12 09:25,3111
2019-03-12 09:30,3206
2019-03-12 09:35,3333
2019-03-12 09:40,3390
2019-03-12 09:45,3477
2019-03-12 09:50,3542
2019-03-12 09:55,3583
2019-03-12 10:00,3628
2019-03-12 10:05,3690
2019-03-12 10:10,3762
2019-03-12 10:15,3807
2019-03-12 10:20,3849
2019-03-12 10:25,3919
2019-03-12 10:30,3990
2019-03-12 10:35,4015
2019-03-12 10:40,4078
2019-03-12 10:45,4102
2019-03-12 10:50,4157
2019-03-12 10:55,4186
2019-03-12 11:00,4254
2019-03-12 11:05,4254
2019-03-12 11:10,4302
2019-03-12 11:15,4382
2019-03-12 11:20,4369
2019-03-12 11:25,4426
2019-03-12 11:30,4474
2019-03-12 11:35,4520
2019-03-12 11:40,4539
2019-03-12 11:45,4595
2019-03-12 11:50,4701
2019-03-12 11:55,4759
2019-03-12 12:00,4810
2019-03-12 12:05,4866
2019-03-12 12:10,4882
2019-03-12 12:15,4909
2019-03-12 12:20,4972
2019-03-12 12:25,5062
2019-03-12 12:30,5118
2019-03-12 12:35,5185
2019-03-12 12:40,5269
2019-03-12 12:45,5327
2019-03-12 12:50,5396
2019-03-12 12:55,5443
2019-03-12 13:00,5515
2019-03-12 13:05,5614
2019-03-12 13:10,5672
2019-03-12 13:15,5791
2019-03-12 13:20,5871
2019-03-12 13:25,5980
2019-03-12 13:30,6078
2019-03-12 13:35,6159
2019-03-12 13:40,6254
2019-03-12 13:45,6313
2019-03-12 13:50,6406
2019-03-12 13:55,6532
2019-03-12 14:00,6599
2019-03-12 14:05,6660
2019-03-12 14:10,6713
2019-03-12 14:15,6807
2019-03-12 14:20,6921
2019-03-12 14:25,7022
2019-03-12 14:30,7078
2019-03-12 14:35,7192
2019-03-12 14:40,7306
2019-03-12 14:45,7351
2019-03-12 14:50,7453
2019-03-12 14:55,7547
2019-03-12 15:00,7630
2019-03-12 15:05,7654
2019-03-12 15:10,7760
2019-03-12 15:15,7858
2019-03-12 15:20,7958
2019-03-12 15:25,8033
2019-03-12 15:30,8128
2019-03-12 15:35,8197
2019-03-12 15:40,8290
2019-03-12 15:45,8411
2019-03-12 15:50,8489
2019-03-12 15:55,8610
2019-03-12 16:00,8692
2019-03-12 16:05,8736
2019-03-12 16:10,8786
2019-03-12 16:15,8871
2019-03-12 16:20,8935
2019-03-12 16:25,9121
2019-03-12 16:30,9225
2019-03-12 16:35,9302
2019-03-12 16:40,9377
2019-03-12 16:45,9551
2019-03-12 16:50,9707
2019-03-12 16:55,9820
2019-03-12 17:00,9900
2019-03-12 17:05,10032
2019-03-12 17:10,10106
2019-03-12 17:15,10139
2019-03-12 17:20,10251
2019-03-12 17:25,10350
2019-03-12 17:30,10384
2019-03-12 17:35,10573
2019-03-12 17:40,10784
2019-03-12 17:45,10596
2019-03-12 17:50,11005
2019-03-12 17:55,11098
2019-03-12 18:00,
2019-03-12 18:05,11370
2019-03-12 18:10,11467
2019-03-12 18:15,11560
2019-03-12 18:20,11590
2019-03-12 18:25,11699
2019-03-12 18:30,11818
2019-03-12 18:35,11877
2019-03-12 18:40,11954
2019-03-12 18:45,12043
2019-03-12 18:50,12068
2019-03-12 18:55,12064
2019-03-12 19:00,12082
2019-03-12 19:05,12179
2019-03-12 19:10,12188
2019-03-12 19:15,12216
2019-03-12 19:20,12334
2019-03-12 19:25,12393
2019-03-12 19:30,12478
2019-03-12 19:35,12562
2019-03-12 19:40,12648
2019-03-12 19:45,12704
2019-03-12 19:50,12725
2019-03-12 19:55,12758
2019-03-12 20:00,12718
2019-03-12 20:05,12764
2019-03-12 20:10,12704
2019-03-12 20:15,12688
2019-03-12 20:20,12710
2019-03-12 20:25,12684
2019-03-12 20:30,12637
2019-03-12 20:35,12660
2019-03-12 20:40,12698
2019-03-12 20:45,12630
2019-03-12 20:50,12653
2019-03-12 20:55,12561
2019-03-12 21:00,12457
2019-03-12 21:05,12397
2019-03-12 21:10,12337
2019-03-12 21:15,12338
2019-03-12 21:20,12294
2019-03-12 21:25,12220
2019-03-12 21:30,12173
2019-03-12 21:35,12107
2019-03-12 21:40,12075
2019-03-12 21:45,12013
2019-03-12 21:50,11977
2019-03-12 21:55,11812
2019-03-12 22:00,11800
2019-03-12 22:05,11761
2019-03-12 22:10,11703
2019-03-12 22:15,11636
2019-03-12 22:20,11625
2019-03-12 22:25,11571
2019-03-12 22:30,11499
2019-03-12 22:35,11427
2019-03-12 22:40,11384
2019-03-12 22:45,11360
2019-03-12 22:50,11211
2019-03-12 22:55,11197
2019-03-12 23:00,11150
2019-03-12 23:05,11034
2019-03-12 23:10,10980
2019-03-12 23:15,10917
2019-03-12 23:20,10893
2019-03-12 23:25,10840
2019-03-12 23:30,10862
2019-03-12 23:35,0
2019-03-12 23:40,10390
2019-03-12 23:45,10646
2019-03-12 23:50,10635
2019-03-12 23:55,10575
2019-03-13 00:00,10563
2019-03-13 00:05,10607
2019-03-13 00:10,10650
2019-03-13 00:15,10624
2019-03-13 00:20,10528
2019-03-13 00:25,10531
2019-03-13 00:30,10538
2019-03-13 00:35,10483
2019-03-13 00:40,10515
2019-03-13 00:45,10499
2019-03-13 00:50,10512
2019-03-13 00:55,10514
2019-03-13 01:00,10540
2019-03-13 01:05,10562
2019-03-13 01:10,10576
2019-03-13 01:15,10492
2019-03-13 01:20,10524
2019-03-13 01:25,10533
2019-03-13 01:30,10515
2019-03-13 01:35,10537
2019-03-13 01:40,10503
2019-03-13 01:45,10500
2019-03-13 01:50,10482
2019-03-13 01:55,10441
2019-03-13 02:00,10356
2019-03-13 02:05,10264
2019-03-13 02:10,10246
2019-03-13 02:15,10227
2019-03-13 02:20,10237
2019-03-13 02:25,10185
2019-03-13 02:30,10125
2019-03-13 02:35,10040
2019-03-13 02:40,10005
2019-03-13 02:45,9941
2019-03-13 02:50,9879
2019-03-13 02:55,9850
2019-03-13 03:00,9787
2019-03-13 03:05,9723
2019-03-13 03:10,9698
2019-03-13 03:15,
2019-03-13 03:20,9535
2019-03-13 03:25,9440
2019-03-13 03:30,9352
2019-03-13 03:35,
2019-03-13 03:40,9114
2019-03-13 03:45,
2019-03-13 03:50,
2019-03-13 03:55,8759
2019-03-13 04:00,8573
2019-03-13 04:05,
2019-03-13 04:10,
2019-03-13 04:15,8300
2019-03-13 04:20,8224
2019-03-13 04:25,8093
2019-03-13 04:30,7940
2019-03-13 04:35,7849
2019-03-13 04:40,7746
2019-03-13 04:45,7645
2019-03-13 04:50,7527
2019-03-13 04:55,7452
2019-03-13 05:00,7271
2019-03-13 05:05,7166
2019-03-13 05:10,7023
2019-03-13 05:15,6873
2019-03-13 05:20,6740
2019-03-13 05:25,6597
2019-03-13 05:30,6517
2019-03-13 05:35,6421
2019-03-13 05:40,6329
2019-03-13 05:45,6238
2019-03-13 05:50,6107
2019-03-13 05:55,6026
2019-03-13 06:00,5922
2019-03-13 06:05,5804
2019-03-13 06:10,5655
2019-03-13 06:15,5574
2019-03-13 06:20,5468
2019-03-13 06:25,5374
2019-03-13 06:30,5260
2019-03-13 06:35,5092
2019-03-13 06:40,4927
2019-03-13 06:45,4793
2019-03-13 06:50,4729
2019-03-13 06:55,4630
2019-03-13 07:00,4555
2019-03-13 07:05,4402
2019-03-13 07:10,4278
2019-03-13 07:15,4200
2019-03-13 07:20,4055
2019-03-13 07:25,3946
2019-03-13 07:30,3855
2019-03-13 07:35,3374
2019-03-13 07:40,2788
2019-03-13 07:45,2246
2019-03-13 07:50,1692
2019-03-13 07:55,1364
2019-03-13 08:00,1188
2019-03-13 08:05,1102
2019-03-13 08:10,1002
2019-03-13 08:15,1032
2019-03-13 08:20,1238
2019-03-13 08:25,1457
2019-03-13 08:30,1676
2019-03-13 08:35,1864
2019-03-13 08:40,2054
2019-03-13 08:45,2233
2019-03-13 08:50,2390
2019-03-13 08:55,2483
2019-03-13 09:00,2331
2019-03-13 09:05,2194
2019-03-13 09:10,2034
2019-03-13 09:15,1806
2019-03-13 09:20,2059
2019-03-13 09:25,2282
2019-03-13 09:30,2495
2019-03-13 09:35,2698
2019-03-13 09:40,2822
2019-03-13 09:45,2996
2019-03-13 09:50,3155
2019-03-13 09:55,3295
2019-03-13 10:00,3396
2019-03-13 10:05,3494
2019-03-13 10:10,3652
2019-03-13 10:15,3749
2019-03-13 10:20,3800
2019-03-13 10:25,3849
2019-03-13 10:30,3932
2019-03-13 10:35,3968
2019-03-13 10:40,4048
2019-03-13 10:45,4167
2019-03-13 10:50,4192
2019-03-13 10:55,4233
2019-03-13 11:00,4303
2019-03-13 11:05,4352
2019-03-13 11:10,4387
2019-03-13 11:15,4455
2019-03-13 11:20,4438
2019-03-13 11:25,4444
2019-03-13 11:30,4535
2019-03-13 11:35,4584
2019-03-13 11:40,4613
2019-03-13 11:45,4626
2019-03-13 11:50,4664
2019-03-13 11:55,4697
2019-03-13 12:00,4690
2019-03-13 12:05,4768
2019-03-13 12:10,4798
2019-03-13 12:15,4854
2019-03-13 12:20,4942
2019-03-13 12:25,4983
2019-03-13 12:30,5062
2019-03-13 12:35,5097
2019-03-13 12:40,5217
2019-03-13 12:45,5319
2019-03-13 12:50,5393
2019-03-13 12:55,5468
2019-03-13 13:00,5524
2019-03-13 13:05,5576
2019-03-13 13:10,5595
2019-03-13 13:15,5704
2019-03-13 13:20,5763
2019-03-13 13:25,5837
2019-03-13 13:30,5925
2019-03-13 13:35,5998
2019-03-13 13:40,6081
2019-03-13 13:45,6187
2019-03-13 13:50,6279
2019-03-13 13:55,6389
2019-03-13 14:00,6452
2019-03-13 14:05,6538
2019-03-13 14:10,6640
2019-03-13 14:15,6731
2019-03-13 14:20,6804
2019-03-13 14:25,6835
2019-03-13 14:30,6946
2019-03-13 14:35,6999
2019-03-13 14:40,7070
2019-03-13 14:45,7189
2019-03-13 14:50,7281
2019-03-13 14:55,7339
2019-03-13 15:00,7384
2019-03-13 15:05,7427
2019-03-13 15:10,7570
2019-03-13 15:15,7659
2019-03-13 15:20,7729
2019-03-13 15:25,7800
2019-03-13 15:30,7863
2019-03-13 15:35,7947
2019-03-13 15:40,8030
2019-03-13 15:45,8205
2019-03-13 15:50,8301
2019-03-13 15:55,8350
2019-03-13 16:00,8427
2019-03-13 16:05,8494
2019-03-13 16:10,8614
2019-03-13 16:15,8699
2019-03-13 16:20,8817
2019-03-13 16:25,
2019-03-13 16:30,8963
2019-03-13 16:35,9064
2019-03-13 16:40,9133
2019-03-13 16:45,9262
2019-03-13 16:50,9339
2019-03-13 16:55,9398
2019-03-13 17:00,9486
2019-03-13 17:05,9566
2019-03-13 17:10,9708
2019-03-13 17:15,9761
2019-03-13 17:20,9890
2019-03-13 17:25,0
2019-03-13 17:30,10116
2019-03-13 17:35,10189
2019-03-13 17:40,10333
2019-03-13 17:45,10443
2019-03-13 17:50,10528
2019-03-13 17:55,10641
2019-03-13 18:00,10716
2019-03-13 18:05,10791
2019-03-13 18:10,10905
2019-03-13 18:15,11082
2019-03-13 18:20,11187
2019-03-13 18:25,11285
2019-03-13 18:30,11396
2019-03-13 18:35,11535
2019-03-13 18:40,11630
2019-03-13 18:45,11680
2019-03-13 18:50,11813
2019-03-13 18:55,11880
2019-03-13 19:00,11863
2019-03-13 19:05,11948
2019-03-13 19:10,12084
2019-03-13 19:15,12078
2019-03-13 19:20,12153
2019-03-13 19:25,12219
2019-03-13 19:30,12226
2019-03-13 19:35,12247
2019-03-13 19:40,12335
2019-03-13 19:45,12384
2019-03-13 19:50,12446
2019-03-13 19:55,12449
2019-03-13 20:00,12464
2019-03-13 20:05,12377
2019-03-13 20:10,12387
2019-03-13 20:15,12445
2019-03-13 20:20,12281
2019-03-13 20:25,12364
2019-03-13 20:30,12373
2019-03-13 20:35,12363
2019-03-13 20:40,12295
2019-03-13 20:45,12135
2019-03-13 20:50,12254
2019-03-13 20:55,12275
2019-03-13 21:00,12218
2019-03-13 21:05,12074
2019-03-13 21:10,12072
2019-03-13 21:15,12004
2019-03-13 21:20,11955
2019-03-13 21:25,11882
2019-03-13 21:30,11911
2019-03-13 21:35,11814
2019-03-13 21:40,11716
2019-03-13 21:45,11671
2019-03-13 21:50,11656
2019-03-13 21:55,11636
2019-03-13 22:00,11674
2019-03-13 22:05,11655
2019-03-13 22:10,11664
2019-03-13 22:15,11631
2019-03-13 22:20,11651
2019-03-13 22:25,11606
2019-03-13 22:30,11593
2019-03-13 22:35,11565
2019-03-13 22:40,11532
2019-03-13 22:45,11470
2019-03-13 22:50,11401
2019-03-13 22:55,11358
2019-03-13 23:00,11273
2019-03-13 23:05,11186
2019-03-13 23:10,11178
2019-03-13 23:15,11099
2019-03-13 23:20,11054
2019-03-13 23:25,10985
2019-03-13 23:30,10890
2019-03-13 23:35,10809
2019-03-13 23:40,10751
2019-03-13 23:45,
2019-03-13 23:50,10687
2019-03-13 23:55,10587
2019-03-14 00:00,10550
2019-03-14 00:05,10535
2019-03-14 00:10,10558
2019-03-14 00:15,10591
2019-03-14 00:20,10558
2019-03-14 00:25,10544
2019-03-14 00:30,10479
2019-03-14 00:35,10482
2019-03-14 00:40,10509
2019-03-14 00:45,10499
2019-03-14 00:50,10475
2019-03-14 00:55,10510
2019-03-14 01:00,10506
2019-03-14 01:05,10443
2019-03-14 01:10,10477
2019-03-14 01:15,10443
2019-03-14 01:20,10419
2019-03-14 01:25,10400
2019-03-14 01:30,10405
2019-03-14 01:35,10395
2019-03-14 01:40,10412
2019-03-14 01:45,10370
2019-03-14 01:50,10406
2019-03-14 01:55,10395
2019-03-14 02:00,10413
2019-03-14 02:05,10394
2019-03-14 02:10,10351
2019-03-14 02:15,10320
2019-03-14 02:20,10262
2019-03-14 02:25,10228
2019-03-14 02:30,10167
2019-03-14 02:35,10165
2019-03-14 02:40,10074
2019-03-14 02:45,10035
2019-03-14 02:50,9965
2019-03-14 02:55,9858
2019-03-14 03:00,9748
2019-03-14 03:05,9697
2019-03-14 03:10,9599
2019-03-14 03:15,9469
2019-03-14 03:20,9386
2019-03-14 03:25,9327
2019-03-14 03:30,9247
2019-03-14 03:35,9140
2019-03-14 03:40,9044
2019-03-14 03:45,8938
2019-03-14 03:50,8844
2019-03-14 03:55,8732
2019-03-14 04:00,8618
2019-03-14 04:05,8480
2019-03-14 04:10,8383
2019-03-14 04:15,8342
2019-03-14 04:20,8188
2019-03-14 04:25,8047
2019-03-14 04:30,7924
2019-03-14 04:35,7854
2019-03-14 04:40,7751
2019-03-14 04:45,7671
2019-03-14 04:50,7557
2019-03-14 04:55,7458
2019-03-14 05:00,7313
2019-03-14 05:05,7182
2019-03-14 05:10,7053
2019-03-14 05:15,6882
2019-03-14 05:20,6781
2019-03-14 05:25,6645
2019-03-14 05:30,6541
2019-03-14 05:35,6447
2019-03-14 05:40,6361
2019-03-14 05:45,6222
2019-03-14 05:50,6130
2019-03-14 05:55,6053
2019-03-14 06:00,5921
2019-03-14 06:05,5809
2019-03-14 06:10,5674
2019-03-14 06:15,5610
2019-03-14 06:20,5482
2019-03-14 06:25,5377
2019-03-14 06:30,5250
2019-03-14 06:35,5142
2019-03-14 06:40,5053
2019-03-14 06:45,4948
2019-03-14 06:50,4822
2019-03-14 06:55,4767
2019-03-14 07:00,4688
2019-03-14 07:05,4620
2019-03-14 07:10,4566
2019-03-14 07:15,4490
2019-03-14 07:20,4404
2019-03-14 07:25,4304
2019-03-14 07:30,4234
2019-03-14 07:35,4164
2019-03-14 07:40,4085
2019-03-14 07:45,4039
2019-03-14 07:50,3982
2019-03-14 07:55,3900
2019-03-14 08:00,3842
2019-03-14 08:05,3823
2019-03-14 08:10,3807
2019-03-14 08:15,3745
2019-03-14 08:20,3730
2019-03-14 08:25,3730
2019-03-14 08:30,3704
2019-03-14 08:35,3695
2019-03-14 08:40,3660
2019-03-14 08:45,3624
2019-03-14 08:50,3644
2019-03-14 08:55,3688
2019-03-14 09:00,3675
2019-03-14 09:05,3651
2019-03-14 09:10,3697
2019-03-14 09:15,3685
2019-03-14 09:20,3663
2019-03-14 09:25,3674
2019-03-14 09:30,3699
2019-03-14 09:35,3720
2019-03-14 09:40,3758
2019-03-14 09:45,3788
2019-03-14 09:50,3806
2019-03-14 09:55,3859
2019-03-14 10:00,3886
2019-03-14 10:05,3908
2019-03-14 10:10,3943
2019-03-14 10:15,3954
2019-03-14 10:20,4028
2019-03-14 10:25,4049
2019-03-14 10:30,4017
2019-03-14 10:35,4011
2019-03-14 10:40,4035
2019-03-14 10:45,4071
2019-03-14 10:50,4107
2019-03-14 10:55,4170
2019-03-14 11:00,4185
2019-03-14 11:05,4208
2019-03-14 11:10,4195
2019-03-14 11:15,4212
2019-03-14 11:20,4307
2019-03-14 11:25,4371
2019-03-14 11:30,4420
2019-03-14 11:35,4435
2019-03-14 11:40,4493
2019-03-14 11:45,4546
2019-03-14 11:50,4615
2019-03-14 11:55,4615
2019-03-14 12:00,4667
2019-03-14 12:05,4725
2019-03-14 12:10,4838
2019-03-14 12:15,4869
2019-03-14 12:20,4911
2019-03-14 12:25,4951
2019-03-14 12:30,5051
2019-03-14 12:35,5136
2019-03-14 12:40,5192
2019-03-14 12:45,5245
2019-03-14 12:50,5333
2019-03-14 12:55,5409
2019-03-14 13:00,5404
2019-03-14 13:05,5494
2019-03-14 13:10,5527
2019-03-14 13:15,5574
2019-03-14 13:20,5657
2019-03-14 13:25,5741
2019-03-14 13:30,5809
2019-03-14 13:35,5886
2019-03-14 13:40,5988
2019-03-14 13:45,6051
2019-03-14 13:50,6126
2019-03-14 13:55,6194
2019-03-14 14:00,6307
2019-03-14 14:05,6402
2019-03-14 14:10,6456
2019-03-14 14:15,6554
2019-03-14 14:20,6676
2019-03-14 14:25,6739
2019-03-14 14:30,6808
2019-03-14 14:35,6897
2019-03-14 14:40,7007
2019-03-14 14:45,7077
2019-03-14 14:50,7173
2019-03-14 14:55,7273
2019-03-14 15:00,7335
2019-03-14 15:05,7412
2019-03-14 15:10,7455
2019-03-14 15:15,7466
2019-03-14 15:20,7547
2019-03-14 15:25,7670
2019-03-14 15:30,7707
2019-03-14 15:35,7808
2019-03-14 15:40,7962
2019-03-14 15:45,8073
2019-03-14 15:50,8171
2019-03-14 15:55,8252
2019-03-14 16:00,8350
2019-03-14 16:05,8440
2019-03-14 16:10,8499
2019-03-14 16:15,8629
2019-03-14 16:20,8788
2019-03-14 16:25,8849
2019-03-14 16:30,8977
2019-03-14 16:35,9062
2019-03-14 16:40,9108
2019-03-14 16:45,9162
2019-03-14 16:50,9273
2019-03-14 16:55,9328
2019-03-14 17:00,9453
2019-03-14 17:05,
2019-03-14 17:10,9660
2019-03-14 17:15,9764
2019-03-14 17:20,9811
2019-03-14 17:25,9933
2019-03-14 17:30,10001
2019-03-14 17:35,10046
2019-03-14 17:40,10171
2019-03-14 17:45,10272
2019-03-14 17:50,10363
2019-03-14 17:55,10528
2019-03-14 18:00,10545
2019-03-14 18:05,10624
2019-03-14 18:10,10728
2019-03-14 18:15,10802
2019-03-14 18:20,10899
2019-03-14 18:25,11088
2019-03-14 18:30,11237
2019-03-14 18:35,11289
2019-03-14 18:40,11354
2019-03-14 18:45,11511
2019-03-14 18:50,11552
2019-03-14 18:55,11686
2019-03-14 19:00,11752
2019-03-14 19:05,11837
2019-03-14 19:10,11940
2019-03-14 19:15,11977
2019-03-14 19:20,12063
2019-03-14 19:25,12131
2019-03-14 19:30,12175
2019-03-14 19:35,12220
2019-03-14 19:40,12340
2019-03-14 19:45,12377
2019-03-14 19:50,12399
2019-03-14 19:55,12424
2019-03-14 20:00,12422
2019-03-14 20:05,12496
2019-03-14 20:10,12452
2019-03-14 20:15,12536
2019-03-14 20:20,12580
2019-03-14 20:25,12578
2019-03-14 20:30,12551
2019-03-14 20:35,12492
2019-03-14 20:40,12499
2019-03-14 20:45,12482
2019-03-14 20:50,12420
2019-03-14 20:55,12517
2019-03-14 21:00,12517
2019-03-14 21:05,12426
2019-03-14 21:10,12393
2019-03-14 21:15,12388
2019-03-14 21:20,12360
2019-03-14 21:25,12344
2019-03-14 21:30,12359
2019-03-14 21:35,12323
2019-03-14 21:40,12276
2019-03-14 21:45,12189
2019-03-14 21:50,12132
2019-03-14 21:55,12036
2019-03-14 22:00,11933
2019-03-14 22:05,11880
2019-03-14 22:10,11788
2019-03-14 22:15,11683
2019-03-14 22:20,11620
2019-03-14 22:25,11555
2019-03-14 22:30,11483
2019-03-14 22:35,11403
2019-03-14 22:40,11403
2019-03-14 22:45,11216
2019-03-14 22:50,11173
2019-03-14 22:55,11162
2019-03-14 23:00,11162
2019-03-14 23:05,11123
2019-03-14 23:10,10870
2019-03-14 23:15,10818
2019-03-14 23:20,10735
2019-03-14 23:25,10629
2019-03-14 23:30,10623
2019-03-14 23:35,10571
2019-03-14 23:40,10549
2019-03-14 23:45,10505
2019-03-14 23:50,10503
2019-03-14 23:55,10438
2019-03-15 00:00,10458
2019-03-15 00:05,10478
2019-03-15 00:10,10465
2019-03-15 00:15,10410
2019-03-15 00:20,10377
2019-03-15 00:25,10414
2019-03-15 00:30,10389
2019-03-15 00:35,10306
2019-03-15 00:40,10326
2019-03-15 00:45,10316
2019-03-15 00:50,10369
2019-03-15 00:55,10336
2019-03-15 01:00,10265
2019-03-15 01:05,10286
2019-03-15 01:10,10229
2019-03-15 01:15,10183
2019-03-15 01:20,10233
2019-03-15 01:25,10179
2019-03-15 01:30,10130
2019-03-15 01:35,10129
2019-03-15 01:40,10190
2019-03-15 01:45,10233
2019-03-15 01:50,10204
2019-03-15 01:55,10184
2019-03-15 02:00,10133
2019-03-15 02:05,10145
2019-03-15 02:10,10083
2019-03-15 02:15,10047
2019-03-15 02:20,10014
2019-03-15 02:25,9912
2019-03-15 02:30,9851
2019-03-15 02:35,9805
2019-03-15 02:40,9730
2019-03-15 02:45,9693
2019-03-15 02:50,9572
2019-03-15 02:55,9530
2019-03-15 03:00,9420
2019-03-15 03:05,9299
2019-03-15 03:10,9184
2019-03-15 03:15,9117
2019-03-15 03:20,9095
2019-03-15 03:25,9007
2019-03-15 03:30,8911
2019-03-15 03:35,8839
2019-03-15 03:40,8738
2019-03-15 03:45,8614
2019-03-15 03:50,8576
2019-03-15 03:55,8403
2019-03-15 04:00,8297
2019-03-15 04:05,8202
2019-03-15 04:10,8117
2019-03-15 04:15,8003
2019-03-15 04:20,7909
2019-03-15 04:25,7806
2019-03-15 04:30,7712
2019-03-15 04:35,7620
2019-03-15 04:40,7426
2019-03-15 04:45,7294
2019-03-15 04:50,7285
2019-03-15 04:55,7189
2019-03-15 05:00,7055
2019-03-15 05:05,6934
2019-03-15 05:10,6793
2019-03-15 05:15,6700
2019-03-15 05:20,6604
2019-03-15 05:25,6518
2019-03-15 05:30,6422
2019-03-15 05:35,6320
2019-03-15 05:40,6151
2019-03-15 05:45,6076
2019-03-15 05:50,6016
2019-03-15 05:55,5934
2019-03-15 06:00,5829
2019-03-15 06:05,5739
2019-03-15 06:10,5646
2019-03-15 06:15,5539
2019-03-15 06:20,5384
2019-03-15 06:25,5337
2019-03-15 06:30,5191
2019-03-15 06:35,5101
2019-03-15 06:40,5021
2019-03-15 06:45,4933
2019-03-15 06:50,4821
2019-03-15 06:55,4725
2019-03-15 07:00,4637
2019-03-15 07:05,4559
2019-03-15 07:10,4473
2019-03-15 07:15,4446
2019-03-15 07:20,4374
2019-03-15 07:25,4302
2019-03-15 07:30,4219
2019-03-15 07:35,4178
2019-03-15 07:40,4147
2019-03-15 07:45,4131
2019-03-15 07:50,4052
2019-03-15 07:55,4020
2019-03-15 08:00,3984
2019-03-15 08:05,3646
2019-03-15 08:10,2822
2019-03-15 08:15,2186
2019-03-15 08:20,1803
2019-03-15 08:25,1531
2019-03-15 08:30,1314
2019-03-15 08:35,1220
2019-03-15 08:40,1160
2019-03-15 08:45,1163
2019-03-15 08:50,1112
2019-03-15 08:55,1076
2019-03-15 09:00,1059
2019-03-15 09:05,1089
2019-03-15 09:10,1030
2019-03-15 09:15,1056
2019-03-15 09:20,1082
2019-03-15 09:25,1078
2019-03-15 09:30,1083
2019-03-15 09:35,1093
2019-03-15 09:40,1064
2019-03-15 09:45,1197
2019-03-15 09:50,1612
2019-03-15 09:55,1940
2019-03-15 10:00,2253
2019-03-15 10:05,2540
2019-03-15 10:10,2777
2019-03-15 10:15,3014
2019-03-15 10:20,3176
2019-03-15 10:25,3357
2019-03-15 10:30,3535
2019-03-15 10:35,3654
2019-03-15 10:40,3813
2019-03-15 10:45,3923
2019-03-15 10:50,4010
2019-03-15 10:55,4142
2019-03-15 11:00,4212
2019-03-15 11:05,4267
2019-03-15 11:10,4383
2019-03-15 11:15,4479
2019-03-15 11:20,4564
2019-03-15 11:25,4650
2019-03-15 11:30,4734
2019-03-15 11:35,4793
2019-03-15 11:40,4853
2019-03-15 11:45,4872
2019-03-15 11:50,4883
2019-03-15 11:55,4897
2019-03-15 12:00,4992
2019-03-15 12:05,5001
2019-03-15 12:10,5059
2019-03-15 12:15,5121
2019-03-15 12:20,5186
2019-03-15 12:25,5286
2019-03-15 12:30,5376
2019-03-15 12:35,5438
2019-03-15 12:40,5499
2019-03-15 12:45,5575
2019-03-15 12:50,5676
2019-03-15 12:55,5803
2019-03-15 13:00,5829
2019-03-15 13:05,5872
2019-03-15 13:10,5927
2019-03-15 13:15,5989
2019-03-15 13:20,6091
2019-03-15 13:25,6175
2019-03-15 13:30,6207
2019-03-15 13:35,6304
2019-03-15 13:40,6402
2019-03-15 13:45,6483
2019-03-15 13:50,6605
2019-03-15 13:55,6721
2019-03-15 14:00,6840
2019-03-15 14:05,6933
2019-03-15 14:10,7059
2019-03-15 14:15,7127
2019-03-15 14:20,7316
2019-03-15 14:25,7434
2019-03-15 14:30,7499
2019-03-15 14:35,7604
2019-03-15 14:40,7674
2019-03-15 14:45,7825
2019-03-15 14:50,7893
2019-03-15 14:55,8002
2019-03-15 15:00,8080
2019-03-15 15:05,8209
2019-03-15 15:10,8233
2019-03-15 15:15,8297
2019-03-15 15:20,8376
2019-03-15 15:25,8457
2019-03-15 15:30,8542
2019-03-15 15:35,8589
2019-03-15 15:40,8657
2019-03-15 15:45,8723
2019-03-15 15:50,8885
2019-03-15 15:55,8950
2019-03-15 16:00,8974
2019-03-15 16:05,9032
2019-03-15 16:10,9154
2019-03-15 16:15,9238
2019-03-15 16:20,9306
2019-03-15 16:25,9381
2019-03-15 16:30,9454
2019-03-15 16:35,9561
2019-03-15 16:40,9624
2019-03-15 16:45,9672
2019-03-15 16:50,9743
2019-03-15 16:55,9850
2019-03-15 17:00,9939
2019-03-15 17:05,10032
2019-03-15 17:10,10160
2019-03-15 17:15,10218
2019-03-15 17:20,10264
2019-03-15 17:25,10375
2019-03-15 17:30,10406
2019-03-15 17:35,10430
2019-03-15 17:40,10490
2019-03-15 17:45,10556
2019-03-15 17:50,10540
2019-03-15 17:55,10535
2019-03-15 18:00,10712
2019-03-15 18:05,10802
2019-03-15 18:10,10852
2019-03-15 18:15,10960
2019-03-15 18:20,10955
2019-03-15 18:25,10997
2019-03-15 18:30,11039
2019-03-15 18:35,11146
2019-03-15 18:40,11226
2019-03-15 18:45,11307
2019-03-15 18:50,11330
2019-03-15 18:55,11430
2019-03-15 19:00,11456
2019-03-15 19:05,11561
2019-03-15 19:10,11678
2019-03-15 19:15,11695
2019-03-15 19:20,11790
2019-03-15 19:25,11848
2019-03-15 19:30,11902
2019-03-15 19:35,11947
2019-03-15 19:40,12107
2019-03-15 19:45,12190
2019-03-15 19:50,12312
2019-03-15 19:55,12406
2019-03-15 20:00,12462
2019-03-15 20:05,12526
2019-03-15 20:10,12603
2019-03-15 20:15,12571
2019-03-15 20:20,12636
2019-03-15 20:25,12691
2019-03-15 20:30,12717
2019-03-15 20:35,12767
2019-03-15 20:40,12767
2019-03-15 20:45,12801
2019-03-15 20:50,12833
2019-03-15 20:55,12832
2019-03-15 21:00,12823
2019-03-15 21:05,12825
2019-03-15 21:10,12814
2019-03-15 21:15,12793
2019-03-15 21:20,12906
2019-03-15 21:25,12939
2019-03-15 21:30,12881
2019-03-15 21:35,12834
2019-03-15 21:40,12802
2019-03-15 21:45,12766
2019-03-15 21:50,12703
2019-03-15 21:55,12669
2019-03-15 22:00,12679
2019-03-15 22:05,12624
2019-03-15 22:10,12594
2019-03-15 22:15,12540
2019-03-15 22:20,12569
2019-03-15 22:25,12511
2019-03-15 22:30,12431
2019-03-15 22:35,12398
2019-03-15 22:40,12383
2019-03-15 22:45,12457
2019-03-15 22:50,12380
2019-03-15 22:55,12297
2019-03-15 23:00,12227
2019-03-15 23:05,12091
2019-03-15 23:10,11977
2019-03-15 23:15,11890
2019-03-15 23:20,11865
2019-03-15 23:25,11806
2019-03-15 23:30,11755
2019-03-15 23:35,11620
2019-03-15 23:40,11593
2019-03-15 23:45,11589
2019-03-15 23:50,11554
2019-03-15 23:55,11539
2019-03-16 00:00,11515
2019-03-16 00:05,11444
2019-03-16 00:10,11412
2019-03-16 00:15,11417
2019-03-16 00:20,11325
2019-03-16 00:25,11276
2019-03-16 00:30,11178
2019-03-16 00:35,11075
2019-03-16 00:40,11019
2019-03-16 00:45,10944
2019-03-16 00:50,10948
2019-03-16 00:55,10909
2019-03-16 01:00,10894
2019-03-16 01:05,10856
2019-03-16 01:10,10807
2019-03-16 01:15,10794
2019-03-16 01:20,10774
2019-03-16 01:25,10751
2019-03-16 01:30,10781
2019-03-16 01:35,10810
2019-03-16 01:40,10828
2019-03-16 01:45,10835
2019-03-16 01:50,10881
2019-03-16 01:55,10875
2019-03-16 02:00,10870
2019-03-16 02:05,10855
2019-03-16 02:10,10831
2019-03-16 02:15,10894
2019-03-16 02:20,10874
2019-03-16 02:25,10847
2019-03-16 02:30,10808
2019-03-16 02:35,10825
2019-03-16 02:40,10827
2019-03-16 02:45,10807
2019-03-16 02:50,10772
2019-03-16 02:55,10710
2019-03-16 03:00,10640
2019-03-16 03:05,10611
2019-03-16 03:10,10558
2019-03-16 03:15,10556
2019-03-16 03:20,10504
2019-03-16 03:25,10473
2019-03-16 03:30,10411
2019-03-16 03:35,10396
2019-03-16 03:40,10324
2019-03-16 03:45,10249
2019-03-16 03:50,10142
2019-03-16 03:55,10099
2019-03-16 04:00,10019
2019-03-16 04:05,9906
2019-03-16 04:10,9852
2019-03-16 04:15,9768
2019-03-16 04:20,9603
2019-03-16 04:25,9443
2019-03-16 04:30,9332
2019-03-16 04:35,9268
2019-03-16 04:40,9181
2019-03-16 04:45,9085
2019-03-16 04:50,8991
2019-03-16 04:55,8923
2019-03-16 05:00,8820
2019-03-16 05:05,8731
2019-03-16 05:10,8618
2019-03-16 05:15,8518
2019-03-16 05:20,8401
2019-03-16 05:25,8257
2019-03-16 05:30,8112
2019-03-16 05:35,8001
2019-03-16 05:40,7958
2019-03-16 05:45,7830
2019-03-16 05:50,7721
2019-03-16 05:55,7581
2019-03-16 06:00,7433
2019-03-16 06:05,7312
2019-03-16 06:10,7195
2019-03-16 06:15,7065
2019-03-16 06:20,6908
2019-03-16 06:25,6802
2019-03-16 06:30,6698
2019-03-16 06:35,6533
2019-03-16 06:40,6413
2019-03-16 06:45,6374
2019-03-16 06:50,6264
2019-03-16 06:55,6225
2019-03-16 07:00,6163
2019-03-16 07:05,6047
2019-03-16 07:10,5928
2019-03-16 07:15,5822
2019-03-16 07:20,5763
2019-03-16 07:25,5663
2019-03-16 07:30,5615
2019-03-16 07:35,5563
2019-03-16 07:40,5500
2019-03-16 07:45,5465
2019-03-16 07:50,5387
2019-03-16 07:55,5348
2019-03-16 08:00,5307
2019-03-16 08:05,5304
2019-03-16 08:10,5240
2019-03-16 08:15,5251
2019-03-16 08:20,5241
2019-03-16 08:25,5256
2019-03-16 08:30,5258
2019-03-16 08:35,5221
2019-03-16 08:40,5210
2019-03-16 08:45,5219
2019-03-16 08:50,5216
2019-03-16 08:55,5205
2019-03-16 09:00,5211
2019-03-16 09:05,5227
2019-03-16 09:10,5215
2019-03-16 09:15,5262
2019-03-16 09:20,5287
2019-03-16 09:25,5335
2019-03-16 09:30,5360
2019-03-16 09:35,5363
2019-03-16 09:40,5380
2019-03-16 09:45,5487
2019-03-16 09:50,5529
2019-03-16 09:55,5591
2019-03-16 10:00,5656
2019-03-16 10:05,5678
2019-03-16 10:10,5739
2019-03-16 10:15,5844
2019-03-16 10:20,5874
2019-03-16 10:25,5982
2019-03-16 10:30,6026
2019-03-16 10:35,6113
2019-03-16 10:40,6190
2019-03-16 10:45,6249
2019-03-16 10:50,6236
2019-03-16 10:55,6285
2019-03-16 11:00,6341
2019-03-16 11:05,6398
2019-03-16 11:10,6431
2019-03-16 11:15,6499
2019-03-16 11:20,6565
2019-03-16 11:25,6628
2019-03-16 11:30,6736
2019-03-16 11:35,6818
2019-03-16 11:40,6919
2019-03-16 11:45,6961
2019-03-16 11:50,7015
2019-03-16 11:55,7052
2019-03-16 12:00,7088
2019-03-16 12:05,7164
2019-03-16 12:10,7229
2019-03-16 12:15,7295
2019-03-16 12:20,7425
2019-03-16 12:25,7503
2019-03-16 12:30,7558
2019-03-16 12:35,7602
2019-03-16 12:40,7695
2019-03-16 12:45,7779
2019-03-16 12:50,7860
2019-03-16 12:55,7983
2019-03-16 13:00,8019
2019-03-16 13:05,8109
2019-03-16 13:10,8161
2019-03-16 13:15,8231
2019-03-16 13:20,8273
2019-03-16 13:25,8390
2019-03-16 13:30,8507
2019-03-16 13:35,8598
2019-03-16 13:40,8662
2019-03-16 13:45,8735
2019-03-16 13:50,8807
2019-03-16 13:55,8892
2019-03-16 14:00,9053
2019-03-16 14:05,9151
2019-03-16 14:10,9269
2019-03-16 14:15,9398
2019-03-16 14:20,9480
2019-03-16 14:25,9580
2019-03-16 14:30,9659
2019-03-16 14:35,9782
2019-03-16 14:40,9973
2019-03-16 14:45,10146
2019-03-16 14:50,10175
2019-03-16 14:55,10283
2019-03-16 15:00,10346
2019-03-16 15:05,10451
2019-03-16 15:10,10529
2019-03-16 15:15,10565
2019-03-16 15:20,10681
2019-03-16 15:25,10754
2019-03-16 15:30,10751
2019-03-16 15:35,10791
2019-03-16 15:40,10864
2019-03-16 15:45,10922
2019-03-16 15:50,10976
2019-03-16 15:55,11015
2019-03-16 16:00,11076
2019-03-16 16:05,11177
2019-03-16 16:10,11214
2019-03-16 16:15,11330
2019-03-16 16:20,11391
2019-03-16 16:25,11483
2019-03-16 16:30,11535
2019-03-16 16:35,11587
2019-03-16 16:40,11679
2019-03-16 16:45,11761
2019-03-16 16:50,11815
2019-03-16 16:55,11869
2019-03-16 17:00,11956
2019-03-16 17:05,12072
2019-03-16 17:10,12096
2019-03-16 17:15,12244
2019-03-16 17:20,12286
2019-03-16 17:25,12301
2019-03-16 17:30,12370
2019-03-16 17:35,12419
2019-03-16 17:40,12535
2019-03-16 17:45,12639
2019-03-16 17:50,12748
2019-03-16 17:55,12811
2019-03-16 18:00,12791
2019-03-16 18:05,12915
2019-03-16 18:10,12962
2019-03-16 18:15,13057
2019-03-16 18:20,13144
2019-03-16 18:25,13164
2019-03-16 18:30,13281
2019-03-16 18:35,13328
2019-03-16 18:40,13337
2019-03-16 18:45,13429
2019-03-16 18:50,13502
2019-03-16 18:55,13528
2019-03-16 19:00,13561
2019-03-16 19:05,13570
2019-03-16 19:10,13571
2019-03-16 19:15,13643
2019-03-16 19:20,13693
2019-03-16 19:25,13785
2019-03-16 19:30,13782
2019-03-16 19:35,13808
2019-03-16 19:40,13860
2019-03-16 19:45,13917
2019-03-16 19:50,13925
2019-03-16 19:55,13900
2019-03-16 20:00,13993
2019-03-16 20:05,14029
2019-03-16 20:10,14089
2019-03-16 20:15,14039
2019-03-16 20:20,14132
2019-03-16 20:25,14129
2019-03-16 20:30,14157
2019-03-16 20:35,14213
2019-03-16 20:40,14183
2019-03-16 20:45,14284
2019-03-16 20:50,14271
2019-03-16 20:55,14257
2019-03-16 21:00,14271
2019-03-16 21:05,14288
2019-03-16 21:10,14330
2019-03-16 21:15,14293
2019-03-16 21:20,14225
2019-03-16 21:25,14168
2019-03-16 21:30,14125
2019-03-16 21:35,14164
2019-03-16 21:40,14112
2019-03-16 21:45,14067
2019-03-16 21:50,14052
2019-03-16 21:55,14038
2019-03-16 22:00,14042
2019-03-16 22:05,13958
2019-03-16 22:10,13823
2019-03-16 22:15,13703
2019-03-16 22:20,13582
2019-03-16 22:25,13464
2019-03-16 22:30,13331
2019-03-16 22:35,13238
2019-03-16 22:40,13215
2019-03-16 22:45,13199
2019-03-16 22:50,13126
2019-03-16 22:55,12984
2019-03-16 23:00,12847
2019-03-16 23:05,12763
2019-03-16 23:10,12672
2019-03-16 23:15,12603
2019-03-16 23:20,12510
2019-03-16 23:25,
2019-03-16 23:30,
2019-03-16 23:35,12193
2019-03-16 23:40,12141
2019-03-16 23:45,12077
2019-03-16 23:50,11947
2019-03-16 23:55,11894
2019-03-17 00:00,11766
2019-03-17 00:05,11736
2019-03-17 00:10,11621
2019-03-17 00:15,11507
2019-03-17 00:20,11473
2019-03-17 00:25,11375
2019-03-17 00:30,11336
2019-03-17 00:35,11260
2019-03-17 00:40,11222
2019-03-17 00:45,11131
2019-03-17 00:50,11136
2019-03-17 00:55,11139
2019-03-17 01:00,11075
2019-03-17 01:05,11035
2019-03-17 01:10,10945
2019-03-17 01:15,10945
2019-03-17 01:20,10962
2019-03-17 01:25,10933
2019-03-17 01:30,10859
2019-03-17 01:35,10846
2019-03-17 01:40,10867
2019-03-17 01:45,10865
2019-03-17 01:50,10830
2019-03-17 01:55,10758
2019-03-17 02:00,10726
2019-03-17 02:05,10678
2019-03-17 02:10,10692
2019-03-17 02:15,10661
2019-03-17 02:20,10628
2019-03-17 02:25,10605
2019-03-17 02:30,10611
2019-03-17 02:35,10640
2019-03-17 02:40,10632
2019-03-17 02:45,10686
2019-03-17 02:50,10695
2019-03-17 02:55,10619
2019-03-17 03:00,10543
2019-03-17 03:05,10510
2019-03-17 03:10,10519
2019-03-17 03:15,0
2019-03-17 03:20,10482
2019-03-17 03:25,10417
2019-03-17 03:30,10407
2019-03-17 03:35,10277
2019-03-17 03:40,10254
2019-03-17 03:45,10178
2019-03-17 03:50,10147
2019-03-17 03:55,10093
2019-03-17 04:00,10018
2019-03-17 04:05,9943
2019-03-17 04:10,9882
2019-03-17 04:15,9774
2019-03-17 04:20,9779
2019-03-17 04:25,9671
2019-03-17 04:30,9550
2019-03-17 04:35,9464
2019-03-17 04:40,9412
2019-03-17 04:45,9313
2019-03-17 04:50,9219
2019-03-17 04:55,9125
2019-03-17 05:00,9006
2019-03-17 05:05,8894
2019-03-17 05:10,8747
2019-03-17 05:15,8657
2019-03-17 05:20,8589
2019-03-17 05:25,8521
2019-03-17 05:30,8368
2019-03-17 05:35,8273
2019-03-17 05:40,8128
2019-03-17 05:45,8046
2019-03-17 05:50,7918
2019-03-17 05:55,7798
2019-03-17 06:00,7675
2019-03-17 06:05,7584
2019-03-17 06:10,7482
2019-03-17 06:15,7345
2019-03-17 06:20,7224
2019-03-17 06:25,7146
2019-03-17 06:30,7070
2019-03-17 06:35,6962
2019-03-17 06:40,6856
2019-03-17 06:45,6825
2019-03-17 06:50,6745
2019-03-17 06:55,6678
2019-03-17 07:00,6614
2019-03-17 07:05,6479
2019-03-17 07:10,6427
2019-03-17 07:15,6305
2019-03-17 07:20,6202
2019-03-17 07:25,6101
2019-03-17 07:30,5978
2019-03-17 07:35,5868
2019-03-17 07:40,5850
2019-03-17 07:45,5795
2019-03-17 07:50,5772
2019-03-17 07:55,5709
2019-03-17 08:00,5640
2019-03-17 08:05,5597
2019-03-17 08:10,5582
2019-03-17 08:15,5528
2019-03-17 08:20,5513
2019-03-17 08:25,5506
2019-03-17 08:30,5486
2019-03-17 08:35,5504
2019-03-17 08:40,5512
2019-03-17 08:45,5524
2019-03-17 08:50,5533
2019-03-17 08:55,5543
2019-03-17 09:00,5540
2019-03-17 09:05,5570
2019-03-17 09:10,5580
2019-03-17 09:15,5640
2019-03-17 09:20,5693
2019-03-17 09:25,5722
2019-03-17 09:30,5754
2019-03-17 09:35,5780
2019-03-17 09:40,5874
2019-03-17 09:45,5977
2019-03-17 09:50,5990
2019-03-17 09:55,6013
2019-03-17 10:00,6010
2019-03-17 10:05,6046
2019-03-17 10:10,6140
2019-03-17 10:15,6218
2019-03-17 10:20,6245
2019-03-17 10:25,6356
2019-03-17 10:30,6418
2019-03-17 10:35,6454
2019-03-17 10:40,6513
2019-03-17 10:45,6548
2019-03-17 10:50,6611
2019-03-17 10:55,6668
2019-03-17 11:00,6710
2019-03-17 11:05,6771
2019-03-17 11:10,6809
2019-03-17 11:15,6829
2019-03-17 11:20,6824
2019-03-17 11:25,6863
2019-03-17 11:30,6937
2019-03-17 11:35,7134
2019-03-17 11:40,7204
2019-03-17 11:45,7321
2019-03-17 11:50,7396
2019-03-17 11:55,7450
2019-03-17 12:00,7523
2019-03-17 12:05,7614
2019-03-17 12:10,7673
2019-03-17 12:15,7713
2019-03-17 12:20,7810
2019-03-17 12:25,7888
2019-03-17 12:30,7981
2019-03-17 12:35,8062
2019-03-17 12:40,8182
2019-03-17 12:45,8233
2019-03-17 12:50,8313
2019-03-17 12:55,8416
2019-03-17 13:00,8494
2019-03-17 13:05,8541
2019-03-17 13:10,8634
2019-03-17 13:15,8647
2019-03-17 13:20,8773
2019-03-17 13:25,8867
2019-03-17 13:30,8962
2019-03-17 13:35,9051
2019-03-17 13:40,9160
2019-03-17 13:45,9233
2019-03-17 13:50,9325
2019-03-17 13:55,9401
2019-03-17 14:00,9479
2019-03-17 14:05,9569
2019-03-17 14:10,9627
2019-03-17 14:15,9767
2019-03-17 14:20,9899
2019-03-17 14:25,9992
2019-03-17 14:30,10072
2019-03-17 14:35,10149
2019-03-17 14:40,10335
2019-03-17 14:45,10458
2019-03-17 14:50,10603
2019-03-17 14:55,10653
2019-03-17 15:00,10735
2019-03-17 15:05,10831
2019-03-17 15:10,10957
2019-03-17 15:15,11019
2019-03-17 15:20,11137
2019-03-17 15:25,11282
2019-03-17 15:30,11418
2019-03-17 15:35,11475
2019-03-17 15:40,11554
2019-03-17 15:45,11583
2019-03-17 15:50,11695
2019-03-17 15:55,11712
2019-03-17 16:00,11820
2019-03-17 16:05,11868
2019-03-17 16:10,11953
2019-03-17 16:15,11993
2019-03-17 16:20,12022
2019-03-17 16:25,12166
2019-03-17 16:30,12208
2019-03-17 16:35,12324
2019-03-17 16:40,12355
2019-03-17 16:45,12364
2019-03-17 16:50,12457
2019-03-17 16:55,12534
2019-03-17 17:00,12619
2019-03-17 17:05,12718
2019-03-17 17:10,12765
2019-03-17 17:15,12826
2019-03-17 17:20,12867
2019-03-17 17:25,12921
2019-03-17 17:30,12971
2019-03-17 17:35,13023
2019-03-17 17:40,13133
2019-03-17 17:45,13253
2019-03-17 17:50,13314
2019-03-17 17:55,13411
2019-03-17 18:00,13494
2019-03-17 18:05,13580
2019-03-17 18:10,13700
2019-03-17 18:15,13812
2019-03-17 18:20,13914
2019-03-17 18:25,14042
2019-03-17 18:30,14030
2019-03-17 18:35,14136
2019-03-17 18:40,14182
2019-03-17 18:45,14379
2019-03-17 18:50,14456
2019-03-17 18:55,14566
2019-03-17 19:00,14599
2019-03-17 19:05,14673
2019-03-17 19:10,14784
2019-03-17 19:15,14859
2019-03-17 19:20,14893
2019-03-17 19:25,14878
2019-03-17 19:30,14909
2019-03-17 19:35,14915
2019-03-17 19:40,14943
2019-03-17 19:45,14949
2019-03-17 19:50,15015
2019-03-17 19:55,14905
2019-03-17 20:00,14884
2019-03-17 20:05,14863
2019-03-17 20:10,14820
2019-03-17 20:15,14837
2019-03-17 20:20,14809
2019-03-17 20:25,14832
2019-03-17 20:30,14763
2019-03-17 20:35,14753
2019-03-17 20:40,14763
2019-03-17 20:45,14698
2019-03-17 20:50,14626
2019-03-17 20:55,14640
2019-03-17 21:00,14608
2019-03-17 21:05,14603
2019-03-17 21:10,14489
2019-03-17 21:15,14406
2019-03-17 21:20,14369
2019-03-17 21:25,14225
2019-03-17 21:30,14108
2019-03-17 21:35,14044
2019-03-17 21:40,13998
2019-03-17 21:45,13953
2019-03-17 21:50,13788
2019-03-17 21:55,13618
2019-03-17 22:00,13501
2019-03-17 22:05,13340
2019-03-17 22:10,13328
2019-03-17 22:15,13243
2019-03-17 22:20,13160
2019-03-17 22:25,12996
2019-03-17 22:30,12909
2019-03-17 22:35,12814
2019-03-17 22:40,12675
2019-03-17 22:45,12584
2019-03-17 22:50,12492
2019-03-17 22:55,12468
2019-03-17 23:00,12347
2019-03-17 23:05,12172
2019-03-17 23:10,12109
2019-03-17 23:15,11988
2019-03-17 23:20,11890
2019-03-17 23:25,11811
2019-03-17 23:30,11756
2019-03-17 23:35,11710
2019-03-17 23:40,11638
2019-03-17 23:45,11581
2019-03-17 23:50,11609
2019-03-17 23:55,11531
2019-03-18 00:00,11420
2019-03-18 00:05,11420
2019-03-18 00:10,11432
2019-03-18 00:15,11398
2019-03-18 00:20,11360
2019-03-18 00:25,11305
2019-03-18 00:30,11320
2019-03-18 00:35,11223
2019-03-18 00:40,11149
2019-03-18 00:45,11100
2019-03-18 00:50,11030
2019-03-18 00:55,11011
2019-03-18 01:00,11014
2019-03-18 01:05,10963
2019-03-18 01:10,10934
2019-03-18 01:15,10895
2019-03-18 01:20,10912
2019-03-18 01:25,10900
2019-03-18 01:30,10823
2019-03-18 01:35,10830
2019-03-18 01:40,10751
2019-03-18 01:45,10703
2019-03-18 01:50,10629
2019-03-18 01:55,10530
2019-03-18 02:00,10499
2019-03-18 02:05,10401
2019-03-18 02:10,10313
2019-03-18 02:15,10204
2019-03-18 02:20,10127
2019-03-18 02:25,10041
2019-03-18 02:30,9996
2019-03-18 02:35,9943
2019-03-18 02:40,9881
2019-03-18 02:45,9769
2019-03-18 02:50,9733
2019-03-18 02:55,9612
2019-03-18 03:00,9534
2019-03-18 03:05,9404
2019-03-18 03:10,9266
2019-03-18 03:15,9123
2019-03-18 03:20,8903
2019-03-18 03:25,8707
2019-03-18 03:30,8581
2019-03-18 03:35,8485
2019-03-18 03:40,8398
2019-03-18 03:45,8366
2019-03-18 03:50,8259
2019-03-18 03:55,8178
2019-03-18 04:00,8097
2019-03-18 04:05,8003
2019-03-18 04:10,7860
2019-03-18 04:15,7695
2019-03-18 04:20,7684
2019-03-18 04:25,7238
2019-03-18 04:30,6649
2019-03-18 04:35,6571
2019-03-18 04:40,6556
2019-03-18 04:45,6524
2019-03-18 04:50,6482
2019-03-18 04:55,6425
2019-03-18 05:00,6357
2019-03-18 05:05,6261
2019-03-18 05:10,6193
2019-03-18 05:15,6106
2019-03-18 05:20,6039
2019-03-18 05:25,5958
2019-03-18 05:30,5929
2019-03-18 05:35,5817
2019-03-18 05:40,5763
2019-03-18 05:45,5638
2019-03-18 05:50,5565
2019-03-18 05:55,5464
2019-03-18 06:00,5348
2019-03-18 06:05,5264
2019-03-18 06:10,5158
2019-03-18 06:15,5080
2019-03-18 06:20,4956
2019-03-18 06:25,4879
2019-03-18 06:30,4788
2019-03-18 06:35,4688
2019-03-18 06:40,4642
2019-03-18 06:45,4600
2019-03-18 06:50,4506
2019-03-18 06:55,4435
2019-03-18 07:00,4397
2019-03-18 07:05,4300
2019-03-18 07:10,4244
2019-03-18 07:15,4209
2019-03-18 07:20,4164
2019-03-18 07:25,4065
2019-03-18 07:30,4030
2019-03-18 07:35,3929
2019-03-18 07:40,3910
2019-03-18 07:45,3837
2019-03-18 07:50,3785
2019-03-18 07:55,3717
2019-03-18 08:00,3659
2019-03-18 08:05,3597
2019-03-18 08:10,3605
2019-03-18 08:15,3550
2019-03-18 08:20,3534
2019-03-18 08:25,3546
2019-03-18 08:30,3542
2019-03-18 08:35,3504
2019-03-18 08:40,3495
2019-03-18 08:45,3491
2019-03-18 08:50,3489
2019-03-18 08:55,3478
2019-03-18 09:00,3470
2019-03-18 09:05,3472
2019-03-18 09:10,3496
2019-03-18 09:15,3503
2019-03-18 09:20,3544
2019-03-18 09:25,3590
2019-03-18 09:30,3597
2019-03-18 09:35,3598
2019-03-18 09:40,3608
2019-03-18 09:45,3625
2019-03-18 09:50,3650
2019-03-18 09:55,3667
2019-03-18 10:00,3692
2019-03-18 10:05,3751
2019-03-18 10:10,3757
2019-03-18 10:15,3790
2019-03-18 10:20,3818
2019-03-18 10:25,3844
2019-03-18 10:30,3896
2019-03-18 10:35,3925
2019-03-18 10:40,3955
2019-03-18 10:45,3976
2019-03-18 10:50,3986
2019-03-18 10:55,3992
2019-03-18 11:00,4058
2019-03-18 11:05,4104
2019-03-18 11:10,4123
2019-03-18 11:15,4193
2019-03-18 11:20,4231
2019-03-18 11:25,4289
2019-03-18 11:30,4311
2019-03-18 11:35,4353
2019-03-18 11:40,4406
2019-03-18 11:45,4452
2019-03-18 11:50,4460
2019-03-18 11:55,4489
2019-03-18 12:00,4551
2019-03-18 12:05,4586
2019-03-18 12:10,4669
2019-03-18 12:15,4736
2019-03-18 12:20,4798
2019-03-18 12:25,4844
2019-03-18 12:30,4885
2019-03-18 12:35,4925
2019-03-18 12:40,5007
2019-03-18 12:45,5107
2019-03-18 12:50,5202
2019-03-18 12:55,5284
2019-03-18 13:00,5312
2019-03-18 13:05,5346
2019-03-18 13:10,5431
2019-03-18 13:15,5473
2019-03-18 13:20,5536
2019-03-18 13:25,5608
2019-03-18 13:30,5717
2019-03-18 13:35,5846
2019-03-18 13:40,5953
2019-03-18 13:45,6009
2019-03-18 13:50,6074
2019-03-18 13:55,6170
2019-03-18 14:00,6234
2019-03-18 14:05,6290
2019-03-18 14:10,6438
2019-03-18 14:15,6525
2019-03-18 14:20,6621
2019-03-18 14:25,6709
2019-03-18 14:30,6787
2019-03-18 14:35,6871
2019-03-18 14:40,7012
2019-03-18 14:45,7130
2019-03-18 14:50,7235
2019-03-18 14:55,7279
2019-03-18 15:00,7358
2019-03-18 15:05,7423
2019-03-18 15:10,7560
2019-03-18 15:15,7653
2019-03-18 15:20,7752
2019-03-18 15:25,7841
2019-03-18 15:30,7956
2019-03-18 15:35,8051
2019-03-18 15:40,8148
2019-03-18 15:45,8244
2019-03-18 15:50,8322
2019-03-18 15:55,8438
2019-03-18 16:00,8567
2019-03-18 16:05,8618
2019-03-18 16:10,8739
2019-03-18 16:15,8817
2019-03-18 16:20,8952
2019-03-18 16:25,9041
2019-03-18 16:30,9093
2019-03-18 16:35,9128
2019-03-18 16:40,9239
2019-03-18 16:45,9281
2019-03-18 16:50,9330
2019-03-18 16:55,9404
2019-03-18 17:00,9485
2019-03-18 17:05,9618
2019-03-18 17:10,9722
2019-03-18 17:15,9824
2019-03-18 17:20,9910
2019-03-18 17:25,10084
2019-03-18 17:30,10194
2019-03-18 17:35,10311
2019-03-18 17:40,10360
2019-03-18 17:45,10395
2019-03-18 17:50,10473
2019-03-18 17:55,10568
2019-03-18 18:00,10692
2019-03-18 18:05,10832
2019-03-18 18:10,10980
2019-03-18 18:15,11115
2019-03-18 18:20,11194
2019-03-18 18:25,11253
2019-03-18 18:30,11371
2019-03-18 18:35,11496
2019-03-18 18:40,11618
2019-03-18 18:45,11690
2019-03-18 18:50,11726
2019-03-18 18:55,11824
2019-03-18 19:00,11904
2019-03-18 19:05,11974
2019-03-18 19:10,12038
2019-03-18 19:15,12135
2019-03-18 19:20,12219
2019-03-18 19:25,12276
2019-03-18 19:30,12343
2019-03-18 19:35,
2019-03-18 19:40,12437
2019-03-18 19:45,12502
2019-03-18 19:50,12549
2019-03-18 19:55,12530
2019-03-18 20:00,12580
2019-03-18 20:05,12649
2019-03-18 20:10,12729
2019-03-18 20:15,12764
2019-03-18 20:20,12758
2019-03-18 20:25,12753
2019-03-18 20:30,12835
2019-03-18 20:35,12768
2019-03-18 20:40,12736
2019-03-18 20:45,12700
2019-03-18 20:50,12734
2019-03-18 20:55,12705
2019-03-18 21:00,12573
2019-03-18 21:05,12549
2019-03-18 21:10,12473
2019-03-18 21:15,12498
2019-03-18 21:20,12529
2019-03-18 21:25,12477
2019-03-18 21:30,12374
2019-03-18 21:35,12344
2019-03-18 21:40,12333
2019-03-18 21:45,12322
2019-03-18 21:50,12279
2019-03-18 21:55,12233
2019-03-18 22:00,12122
2019-03-18 22:05,12037
2019-03-18 22:10,11914
2019-03-18 22:15,11835
2019-03-18 22:20,11757
2019-03-18 22:25,11625
2019-03-18 22:30,11572
2019-03-18 22:35,11551
2019-03-18 22:40,11535
2019-03-18 22:45,11499
2019-03-18 22:50,11487
2019-03-18 22:55,11383
2019-03-18 23:00,11317
2019-03-18 23:05,11255
2019-03-18 23:10,11164
2019-03-18 23:15,11100
2019-03-18 23:20,11048
2019-03-18 23:25,10970
2019-03-18 23:30,10985
2019-03-18 23:35,10922
2019-03-18 23:40,10981
2019-03-18 23:45,10893
2019-03-18 23:50,10887
2019-03-18 23:55,10911
2019-03-19 00:00,10861
2019-03-19 00:05,10798
2019-03-19 00:10,10801
2019-03-19 00:15,10808
2019-03-19 00:20,10783
2019-03-19 00:25,10724
2019-03-19 00:30,10681
2019-03-19 00:35,10644
2019-03-19 00:40,10632
2019-03-19 00:45,10718
2019-03-19 00:50,10695
2019-03-19 00:55,10694
2019-03-19 01:00,10717
2019-03-19 01:05,10724
2019-03-19 01:10,10693
2019-03-19 01:15,10699
2019-03-19 01:20,10662
2019-03-19 01:25,10631
2019-03-19 01:30,10553
2019-03-19 01:35,10513
2019-03-19 01:40,10454
2019-03-19 01:45,10400
2019-03-19 01:50,10354
2019-03-19 01:55,10307
2019-03-19 02:00,10225
2019-03-19 02:05,10159
2019-03-19 02:10,10047
2019-03-19 02:15,9999
2019-03-19 02:20,9961
2019-03-19 02:25,9901
2019-03-19 02:30,9842
2019-03-19 02:35,9806
2019-03-19 02:40,9743
2019-03-19 02:45,9678
2019-03-19 02:50,9543
2019-03-19 02:55,9484
2019-03-19 03:00,9437
2019-03-19 03:05,9283
2019-03-19 03:10,9223
2019-03-19 03:15,9143
2019-03-19 03:20,9042
2019-03-19 03:25,8948
2019-03-19 03:30,8830
2019-03-19 03:35,8782
2019-03-19 03:40,8733
2019-03-19 03:45,8674
2019-03-19 03:50,8572
2019-03-19 03:55,8490
2019-03-19 04:00,8356
2019-03-19 04:05,8213
2019-03-19 04:10,8108
2019-03-19 04:15,8007
2019-03-19 04:20,7869
2019-03-19 04:25,7722
2019-03-19 04:30,7602
2019-03-19 04:35,7520
2019-03-19 04:40,7397
2019-03-19 04:45,7226
2019-03-19 04:50,7110
2019-03-19 04:55,6967
2019-03-19 05:00,6853
2019-03-19 05:05,6719
2019-03-19 05:10,6576
2019-03-19 05:15,6451
2019-03-19 05:20,6375
2019-03-19 05:25,6269
2019-03-19 05:30,6177
2019-03-19 05:35,6064
2019-03-19 05:40,5965
2019-03-19 05:45,5801
2019-03-19 05:50,5702
2019-03-19 05:55,5595
2019-03-19 06:00,5460
2019-03-19 06:05,5373
2019-03-19 06:10,5219
2019-03-19 06:15,5109
2019-03-19 06:20,5014
2019-03-19 06:25,4960
2019-03-19 06:30,4897
2019-03-19 06:35,4832
2019-03-19 06:40,4671
2019-03-19 06:45,4604
2019-03-19 06:50,4551
2019-03-19 06:55,4508
2019-03-19 07:00,4416
2019-03-19 07:05,4351
2019-03-19 07:10,4262
2019-03-19 07:15,4194
2019-03-19 07:20,4116
2019-03-19 07:25,4057
2019-03-19 07:30,4022
2019-03-19 07:35,3919
2019-03-19 07:40,3892
2019-03-19 07:45,3854
2019-03-19 07:50,3825
2019-03-19 07:55,3790
2019-03-19 08:00,3762
2019-03-19 08:05,3705
2019-03-19 08:10,3656
2019-03-19 08:15,3638
2019-03-19 08:20,3605
2019-03-19 08:25,3603
2019-03-19 08:30,3594
2019-03-19 08:35,3576
2019-03-19 08:40,3524
2019-03-19 08:45,3519
2019-03-19 08:50,3473
2019-03-19 08:55,3486
2019-03-19 09:00,3470
2019-03-19 09:05,3512
2019-03-19 09:10,3500
2019-03-19 09:15,3508
2019-03-19 09:20,3524
2019-03-19 09:25,3572
2019-03-19 09:30,3607
2019-03-19 09:35,3658
2019-03-19 09:40,3699
2019-03-19 09:45,3705
2019-03-19 09:50,3760
2019-03-19 09:55,3764
2019-03-19 10:00,3797
2019-03-19 10:05,3822
2019-03-19 10:10,3866
2019-03-19 10:15,3919
2019-03-19 10:20,3971
2019-03-19 10:25,3977
2019-03-19 10:30,4033
2019-03-19 10:35,4050
2019-03-19 10:40,4099
2019-03-19 10:45,4105
2019-03-19 10:50,4142
2019-03-19 10:55,4195
2019-03-19 11:00,4213
2019-03-19 11:05,4239
2019-03-19 11:10,4232
2019-03-19 11:15,4232
2019-03-19 11:20,4311
2019-03-19 11:25,4351
2019-03-19 11:30,4376
2019-03-19 11:35,4420
2019-03-19 11:40,4444
2019-03-19 11:45,4512
2019-03-19 11:50,4586
2019-03-19 11:55,4611
2019-03-19 12:00,4681
2019-03-19 12:05,4737
2019-03-19 12:10,4744
2019-03-19 12:15,4744
2019-03-19 12:20,4843
2019-03-19 12:25,4925
2019-03-19 12:30,5137
2019-03-19 12:35,5229
2019-03-19 12:40,5284
2019-03-19 12:45,5367
2019-03-19 12:50,5423
2019-03-19 12:55,5461
2019-03-19 13:00,5508
2019-03-19 13:05,5530
2019-03-19 13:10,5625
2019-03-19 13:15,5625
2019-03-19 13:20,5718
2019-03-19 13:25,5795
2019-03-19 13:30,5795
2019-03-19 13:35,5948
2019-03-19 13:40,6029
2019-03-19 13:45,6029
2019-03-19 13:50,6055
2019-03-19 13:55,6151
2019-03-19 14:00,6259
2019-03-19 14:05,6335
2019-03-19 14:10,6401
2019-03-19 14:15,6401
2019-03-19 14:20,6525
2019-03-19 14:25,6525
2019-03-19 14:30,6670
2019-03-19 14:35,6860
2019-03-19 14:40,6944
2019-03-19 14:45,7015
2019-03-19 14:50,7100
2019-03-19 14:55,7100
2019-03-19 15:00,7230
2019-03-19 15:05,7367
2019-03-19 15:10,7367
2019-03-19 15:15,7446
2019-03-19 15:20,7568
2019-03-19 15:25,7659
2019-03-19 15:30,7758
2019-03-19 15:35,7810
2019-03-19 15:40,7947
2019-03-19 15:45,8098
2019-03-19 15:50,8149
2019-03-19 15:55,8296
2019-03-19 16:00,8358
2019-03-19 16:05,8358
2019-03-19 16:10,8438
2019-03-19 16:15,8546
2019-03-19 16:20,8679
2019-03-19 16:25,8741
2019-03-19 16:30,8868
2019-03-19 16:35,9009
2019-03-19 16:40,9144
2019-03-19 16:45,9243
2019-03-19 16:50,9399
2019-03-19 16:55,9533
2019-03-19 17:00,9673
2019-03-19 17:05,9673
2019-03-19 17:10,9735
2019-03-19 17:15,9818
2019-03-19 17:20,9903
2019-03-19 17:25,10048
2019-03-19 17:30,10048
2019-03-19 17:35,10300
2019-03-19 17:40,10374
2019-03-19 17:45,10374
2019-03-19 17:50,10443
2019-03-19 17:55,10552
2019-03-19 18:00,10588
2019-03-19 18:05,10646
2019-03-19 18:10,10756
2019-03-19 18:15,10888
2019-03-19 18:20,10955
2019-03-19 18:25,11038
2019-03-19 18:30,11152
2019-03-19 18:35,11131
2019-03-19 18:40,11175
2019-03-19 18:45,11324
2019-03-19 18:50,11380
2019-03-19 18:55,11397
2019-03-19 19:00,11563
2019-03-19 19:05,11563
2019-03-19 19:10,11602
2019-03-19 19:15,11684
2019-03-19 19:20,11750
2019-03-19 19:25,11819
2019-03-19 19:30,11872
2019-03-19 19:35,11926
2019-03-19 19:40,12077
2019-03-19 19:45,12077
2019-03-19 19:50,12131
2019-03-19 19:55,12125
2019-03-19 20:00,12204
2019-03-19 20:05,12204
2019-03-19 20:10,12201
2019-03-19 20:15,12178
2019-03-19 20:20,12190
2019-03-19 20:25,12275
2019-03-19 20:30,12363
2019-03-19 20:35,12369
2019-03-19 20:40,12425
2019-03-19 20:45,12348
2019-03-19 20:50,12335
2019-03-19 20:55,12343
2019-03-19 21:00,12305
2019-03-19 21:05,12305
2019-03-19 21:10,12216
2019-03-19 21:15,12244
2019-03-19 21:20,12197
2019-03-19 21:25,12102
2019-03-19 21:30,11981
2019-03-19 21:35,11979
2019-03-19 21:40,11897
2019-03-19 21:45,11848
2019-03-19 21:50,11807
2019-03-19 21:55,11775
2019-03-19 22:00,11694
2019-03-19 22:05,11646
2019-03-19 22:10,11554
2019-03-19 22:15,11483
2019-03-19 22:20,11450
2019-03-19 22:25,11415
2019-03-19 22:30,11338
2019-03-19 22:35,11297
2019-03-19 22:40,11173
2019-03-19 22:45,11124
2019-03-19 22:50,11054
2019-03-19 22:55,10933
2019-03-19 23:00,10809
2019-03-19 23:05,10809
2019-03-19 23:10,
2019-03-19 23:15,
2019-03-19 23:20,
2019-03-19 23:25,8748
2019-03-19 23:30,9117
2019-03-19 23:35,9188
2019-03-19 23:40,9269
2019-03-19 23:45,9352
2019-03-19 23:50,9337
2019-03-19 23:55,9370
2019-03-20 00:00,9436
2019-03-20 00:05,9523
2019-03-20 00:10,9527
2019-03-20 00:15,9557
2019-03-20 00:20,9616
2019-03-20 00:25,9670
2019-03-20 00:30,9735
2019-03-20 00:35,9787
2019-03-20 00:40,9826
2019-03-20 00:45,9895
2019-03-20 00:50,9938
2019-03-20 00:55,9985
2019-03-20 01:00,9946
2019-03-20 01:05,9919
2019-03-20 01:10,9953
2019-03-20 01:15,9983
2019-03-20 01:20,9987
2019-03-20 01:25,9951
2019-03-20 01:30,9917
2019-03-20 01:35,9930
2019-03-20 01:40,9960
2019-03-20 01:45,9915
2019-03-20 01:50,9901
2019-03-20 01:55,9902
2019-03-20 02:00,9815
2019-03-20 02:05,9781
2019-03-20 02:10,9738
2019-03-20 02:15,9685
2019-03-20 02:20,9636
2019-03-20 02:25,9577
2019-03-20 02:30,9542
2019-03-20 02:35,9495
2019-03-20 02:40,9484
2019-03-20 02:45,9417
2019-03-20 02:50,9341
2019-03-20 02:55,9291
2019-03-20 03:00,9273
2019-03-20 03:05,9157
2019-03-20 03:10,9068
2019-03-20 03:15,8935
2019-03-20 03:20,8827
2019-03-20 03:25,8722
2019-03-20 03:30,8640
2019-03-20 03:35,8559
2019-03-20 03:40,8431
2019-03-20 03:45,8293
2019-03-20 03:50,8242
2019-03-20 03:55,8196
2019-03-20 04:00,8090
2019-03-20 04:05,8022
2019-03-20 04:10,7868
2019-03-20 04:15,7686
2019-03-20 04:20,7569
2019-03-20 04:25,7458
2019-03-20 04:30,7403
2019-03-20 04:35,7339
2019-03-20 04:40,7216
2019-03-20 04:45,7100
2019-03-20 04:50,7021
2019-03-20 04:55,6953
2019-03-20 05:00,6830
2019-03-20 05:05,6684
2019-03-20 05:10,6548
2019-03-20 05:15,6427
2019-03-20 05:20,6295
2019-03-20 05:25,6236
2019-03-20 05:30,6134
2019-03-20 05:35,6011
2019-03-20 05:40,5938
2019-03-20 05:45,5828
2019-03-20 05:50,5730
2019-03-20 05:55,5627
2019-03-20 06:00,5516
2019-03-20 06:05,5400
2019-03-20 06:10,5292
2019-03-20 06:15,5170
2019-03-20 06:20,5050
2019-03-20 06:25,4971
2019-03-20 06:30,4880
2019-03-20 06:35,4787
2019-03-20 06:40,4715
2019-03-20 06:45,4669
2019-03-20 06:50,4578
2019-03-20 06:55,4519
2019-03-20 07:00,4500
2019-03-20 07:05,4447
2019-03-20 07:10,4372
2019-03-20 07:15,4269
2019-03-20 07:20,4127
2019-03-20 07:25,4084
2019-03-20 07:30,4037
2019-03-20 07:35,3973
2019-03-20 07:40,3937
2019-03-20 07:45,3874
2019-03-20 07:50,3887
2019-03-20 07:55,3836
2019-03-20 08:00,3801
2019-03-20 08:05,3762
2019-03-20 08:10,3735
2019-03-20 08:15,3677
2019-03-20 08:20,3648
2019-03-20 08:25,3643
2019-03-20 08:30,3632
2019-03-20 08:35,3594
2019-03-20 08:40,3559
2019-03-20 08:45,3569
2019-03-20 08:50,3571
2019-03-20 08:55,3578
2019-03-20 09:00,3548
2019-03-20 09:05,3536
2019-03-20 09:10,3553
2019-03-20 09:15,3580
2019-03-20 09:20,3601
2019-03-20 09:25,3678
2019-03-20 09:30,3727
2019-03-20 09:35,3751
2019-03-20 09:40,3764
2019-03-20 09:45,3796
2019-03-20 09:50,3774
2019-03-20 09:55,3775
2019-03-20 10:00,3788
2019-03-20 10:05,3804
2019-03-20 10:10,3845
2019-03-20 10:15,3845
2019-03-20 10:20,3839
2019-03-20 10:25,3860
2019-03-20 10:30,3875
2019-03-20 10:35,3871
2019-03-20 10:40,3918
2019-03-20 10:45,3942
2019-03-20 10:50,3993
2019-03-20 10:55,4058
2019-03-20 11:00,4054
2019-03-20 11:05,4115
2019-03-20 11:10,4131
2019-03-20 11:15,4136
2019-03-20 11:20,4172
2019-03-20 11:25,4232
2019-03-20 11:30,4296
2019-03-20 11:35,4350
2019-03-20 11:40,4402
2019-03-20 11:45,4462
2019-03-20 11:50,4529
2019-03-20 11:55,4581
2019-03-20 12:00,4689
2019-03-20 12:05,4739
2019-03-20 12:10,4827
2019-03-20 12:15,4856
2019-03-20 12:20,4898
2019-03-20 12:25,4923
2019-03-20 12:30,4994
2019-03-20 12:35,5062
2019-03-20 12:40,5076
2019-03-20 12:45,5160
2019-03-20 12:50,5225
2019-03-20 12:55,5317
2019-03-20 13:00,5386
2019-03-20 13:05,5443
2019-03-20 13:10,5498
2019-03-20 13:15,5566
2019-03-20 13:20,5594
2019-03-20 13:25,5633
2019-03-20 13:30,5751
2019-03-20 13:35,5857
2019-03-20 13:40,5979
2019-03-20 13:45,6045
2019-03-20 13:50,6143
2019-03-20 13:55,6208
2019-03-20 14:00,6253
2019-03-20 14:05,6340
2019-03-20 14:10,6422
2019-03-20 14:15,6543
2019-03-20 14:20,6602
2019-03-20 14:25,6715
2019-03-20 14:30,6804
2019-03-20 14:35,6939
2019-03-20 14:40,7009
2019-03-20 14:45,7093
2019-03-20 14:50,7177
2019-03-20 14:55,7253
2019-03-20 15:00,7345
2019-03-20 15:05,7452
2019-03-20 15:10,7530
2019-03-20 15:15,7611
2019-03-20 15:20,7686
2019-03-20 15:25,7784
2019-03-20 15:30,7839
2019-03-20 15:35,7917
2019-03-20 15:40,7989
2019-03-20 15:45,8089
2019-03-20 15:50,8191
2019-03-20 15:55,8215
2019-03-20 16:00,8243
2019-03-20 16:05,8335
2019-03-20 16:10,8412
2019-03-20 16:15,8422
2019-03-20 16:20,8313
2019-03-20 16:25,8164
2019-03-20 16:30,8036
2019-03-20 16:35,7906
2019-03-20 16:40,7713
2019-03-20 16:45,7604
2019-03-20 16:50,7438
2019-03-20 16:55,7245
2019-03-20 17:00,7560
2019-03-20 17:05,7936
2019-03-20 17:10,8281
2019-03-20 17:15,8659
2019-03-20 17:20,8928
2019-03-20 17:25,9160
2019-03-20 17:30,9443
2019-03-20 17:35,9691
2019-03-20 17:40,9860
2019-03-20 17:45,10090
2019-03-20 17:50,10271
2019-03-20 17:55,10396
2019-03-20 18:00,10565
2019-03-20 18:05,10678
2019-03-20 18:10,10887
2019-03-20 18:15,10966
2019-03-20 18:20,11041
2019-03-20 18:25,11181
2019-03-20 18:30,11298
2019-03-20 18:35,11431
2019-03-20 18:40,11506
2019-03-20 18:45,11559
2019-03-20 18:50,11589
2019-03-20 18:55,11678
2019-03-20 19:00,11753
2019-03-20 19:05,11815
2019-03-20 19:10,11858
2019-03-20 19:15,11967
2019-03-20 19:20,12078
2019-03-20 19:25,12128
2019-03-20 19:30,12204
2019-03-20 19:35,12277
2019-03-20 19:40,12287
2019-03-20 19:45,12334
2019-03-20 19:50,12424
2019-03-20 19:55,12388
2019-03-20 20:00,12427
2019-03-20 20:05,12455
2019-03-20 20:10,12522
2019-03-20 20:15,12567
2019-03-20 20:20,12529
2019-03-20 20:25,12515
2019-03-20 20:30,12528
2019-03-20 20:35,12509
2019-03-20 20:40,12463
2019-03-20 20:45,12427
2019-03-20 20:50,12441
2019-03-20 20:55,12402
2019-03-20 21:00,12354
2019-03-20 21:05,12295
2019-03-20 21:10,12194
2019-03-20 21:15,12165
2019-03-20 21:20,12128
2019-03-20 21:25,12100
2019-03-20 21:30,12105
2019-03-20 21:35,12008
2019-03-20 21:40,11987
2019-03-20 21:45,11949
2019-03-20 21:50,11927
2019-03-20 21:55,11872
2019-03-20 22:00,11834
2019-03-20 22:05,11788
2019-03-20 22:10,11772
2019-03-20 22:15,11685
2019-03-20 22:20,11573
2019-03-20 22:25,11460
2019-03-20 22:30,11456
2019-03-20 22:35,11415
2019-03-20 22:40,11381
2019-03-20 22:45,11382
2019-03-20 22:50,11333
2019-03-20 22:55,11279
2019-03-20 23:00,11152
2019-03-20 23:05,11109
2019-03-20 23:10,10991
2019-03-20 23:15,10973
2019-03-20 23:20,10893
2019-03-20 23:25,10820
2019-03-20 23:30,10760
2019-03-20 23:35,10780
2019-03-20 23:40,10825
2019-03-20 23:45,10854
2019-03-20 23:50,10866
2019-03-20 23:55,10815
2019-03-21 00:00,10851
2019-03-21 00:05,10862
2019-03-21 00:10,10865
2019-03-21 00:15,10860
2019-03-21 00:20,10820
2019-03-21 00:25,10785
2019-03-21 00:30,10765
2019-03-21 00:35,10813
2019-03-21 00:40,10802
2019-03-21 00:45,10713
2019-03-21 00:50,10682
2019-03-21 00:55,10612
2019-03-21 01:00,10621
2019-03-21 01:05,10566
2019-03-21 01:10,10579
2019-03-21 01:15,10543
2019-03-21 01:20,10633
2019-03-21 01:25,10650
2019-03-21 01:30,10560
2019-03-21 01:35,10577
2019-03-21 01:40,10579
2019-03-21 01:45,10613
2019-03-21 01:50,10643
2019-03-21 01:55,10601
2019-03-21 02:00,10550
2019-03-21 02:05,10521
2019-03-21 02:10,10468
2019-03-21 02:15,10442
2019-03-21 02:20,10369
2019-03-21 02:25,10300
2019-03-21 02:30,10218
2019-03-21 02:35,10193
2019-03-21 02:40,10164
2019-03-21 02:45,10100
2019-03-21 02:50,10048
2019-03-21 02:55,10021
2019-03-21 03:00,9844
2019-03-21 03:05,9751
2019-03-21 03:10,9637
2019-03-21 03:15,9574
2019-03-21 03:20,9444
2019-03-21 03:25,9342
2019-03-21 03:30,9279
2019-03-21 03:35,9162
2019-03-21 03:40,8968
2019-03-21 03:45,8876
2019-03-21 03:50,8766
2019-03-21 03:55,8646
2019-03-21 04:00,8535
2019-03-21 04:05,8480
2019-03-21 04:10,8357
2019-03-21 04:15,8248
2019-03-21 04:20,8145
2019-03-21 04:25,7997
2019-03-21 04:30,7887
2019-03-21 04:35,7781
2019-03-21 04:40,7722
2019-03-21 04:45,7573
2019-03-21 04:50,7439
2019-03-21 04:55,7310
2019-03-21 05:00,7161
2019-03-21 05:05,7008
2019-03-21 05:10,6830
2019-03-21 05:15,6707
2019-03-21 05:20,6571
2019-03-21 05:25,6454
2019-03-21 05:30,6354
2019-03-21 05:35,6215
2019-03-21 05:40,6138
2019-03-21 05:45,6010
2019-03-21 05:50,5943
2019-03-21 05:55,5850
2019-03-21 06:00,5807
2019-03-21 06:05,5670
2019-03-21 06:10,5597
2019-03-21 06:15,5478
2019-03-21 06:20,5370
2019-03-21 06:25,5231
2019-03-21 06:30,5127
2019-03-21 06:35,5068
2019-03-21 06:40,4948
2019-03-21 06:45,4854
2019-03-21 06:50,4794
2019-03-21 06:55,4689
2019-03-21 07:00,4639
2019-03-21 07:05,4576
2019-03-21 07:10,4536
2019-03-21 07:15,4467
2019-03-21 07:20,4373
2019-03-21 07:25,4283
2019-03-21 07:30,4224
2019-03-21 07:35,4149
2019-03-21 07:40,4088
2019-03-21 07:45,4035
2019-03-21 07:50,3986
2019-03-21 07:55,3979
2019-03-21 08:00,3962
2019-03-21 08:05,3905
2019-03-21 08:10,3868
2019-03-21 08:15,3827
2019-03-21 08:20,3822
2019-03-21 08:25,3813
2019-03-21 08:30,3809
2019-03-21 08:35,3792
2019-03-21 08:40,3763
2019-03-21 08:45,3771
2019-03-21 08:50,3763
2019-03-21 08:55,3764
2019-03-21 09:00,3769
2019-03-21 09:05,3782
2019-03-21 09:10,3747
2019-03-21 09:15,3751
2019-03-21 09:20,3726
2019-03-21 09:25,3736
2019-03-21 09:30,3776
2019-03-21 09:35,3777
2019-03-21 09:40,3796
2019-03-21 09:45,3846
2019-03-21 09:50,3861
2019-03-21 09:55,3912
2019-03-21 10:00,3960
2019-03-21 10:05,3963
2019-03-21 10:10,4030
2019-03-21 10:15,4091
2019-03-21 10:20,4107
2019-03-21 10:25,4131
2019-03-21 10:30,4159
2019-03-21 10:35,4213
2019-03-21 10:40,4233
2019-03-21 10:45,4273
2019-03-21 10:50,4307
2019-03-21 10:55,4331
2019-03-21 11:00,4432
2019-03-21 11:05,4476
2019-03-21 11:10,4503
2019-03-21 11:15,4544
2019-03-21 11:20,4582
2019-03-21 11:25,4620
2019-03-21 11:30,4642
2019-03-21 11:35,4682
2019-03-21 11:40,4731
2019-03-21 11:45,4756
2019-03-21 11:50,4809
2019-03-21 11:55,4830
2019-03-21 12:00,4908
2019-03-21 12:05,4937
2019-03-21 12:10,4968
2019-03-21 12:15,5090
2019-03-21 12:20,5081
2019-03-21 12:25,5135
2019-03-21 12:30,5235
2019-03-21 12:35,5278
2019-03-21 12:40,5339
2019-03-21 12:45,5412
2019-03-21 12:50,5470
2019-03-21 12:55,5505
2019-03-21 13:00,5557
2019-03-21 13:05,5606
2019-03-21 13:10,5685
2019-03-21 13:15,5800
2019-03-21 13:20,5936
2019-03-21 13:25,5993
2019-03-21 13:30,6064
2019-03-21 13:35,6131
2019-03-21 13:40,6198
2019-03-21 13:45,6241
2019-03-21 13:50,6349
2019-03-21 13:55,6420
2019-03-21 14:00,6495
2019-03-21 14:05,6597
2019-03-21 14:10,6753
2019-03-21 14:15,6854
2019-03-21 14:20,6917
2019-03-21 14:25,6990
2019-03-21 14:30,7136
2019-03-21 14:35,7196
2019-03-21 14:40,7325
2019-03-21 14:45,7433
2019-03-21 14:50,7527
2019-03-21 14:55,7599
2019-03-21 15:00,7632
2019-03-21 15:05,7712
2019-03-21 15:10,7794
2019-03-21 15:15,7814
2019-03-21 15:20,7903
2019-03-21 15:25,8006
2019-03-21 15:30,8130
2019-03-21 15:35,8250
2019-03-21 15:40,8327
2019-03-21 15:45,8367
2019-03-21 15:50,8486
2019-03-21 15:55,8532
2019-03-21 16:00,8604
2019-03-21 16:05,8660
2019-03-21 16:10,8825
2019-03-21 16:15,8899
2019-03-21 16:20,8994
2019-03-21 16:25,9077
2019-03-21 16:30,9126
2019-03-21 16:35,9281
2019-03-21 16:40,9415
2019-03-21 16:45,9491
2019-03-21 16:50,9665
2019-03-21 16:55,9711
2019-03-21 17:00,9814
2019-03-21 17:05,9895
2019-03-21 17:10,10007
2019-03-21 17:15,
2019-03-21 17:20,
2019-03-21 17:25,10401
2019-03-21 17:30,10455
2019-03-21 17:35,10573
2019-03-21 17:40,10754
2019-03-21 17:45,10843
2019-03-21 17:50,10946
2019-03-21 17:55,11036
2019-03-21 18:00,11065
2019-03-21 18:05,11144
2019-03-21 18:10,11245
2019-03-21 18:15,11325
2019-03-21 18:20,11425
2019-03-21 18:25,11519
2019-03-21 18:30,11589
2019-03-21 18:35,11654
2019-03-21 18:40,11755
2019-03-21 18:45,11814
2019-03-21 18:50,11844
2019-03-21 18:55,11895
2019-03-21 19:00,11930
2019-03-21 19:05,11973
2019-03-21 19:10,12052
2019-03-21 19:15,12055
2019-03-21 19:20,12132
2019-03-21 19:25,12188
2019-03-21 19:30,12229
2019-03-21 19:35,12290
2019-03-21 19:40,12342
2019-03-21 19:45,12364
2019-03-21 19:50,12446
2019-03-21 19:55,12493
2019-03-21 20:00,12495
2019-03-21 20:05,12548
2019-03-21 20:10,12574
2019-03-21 20:15,12621
2019-03-21 20:20,12650
2019-03-21 20:25,12670
2019-03-21 20:30,12662
2019-03-21 20:35,12788
2019-03-21 20:40,12763
2019-03-21 20:45,12782
2019-03-21 20:50,12819
2019-03-21 20:55,12787
2019-03-21 21:00,12697
2019-03-21 21:05,12614
2019-03-21 21:10,12509
2019-03-21 21:15,12434
2019-03-21 21:20,12397
2019-03-21 21:25,12282
2019-03-21 21:30,12264
2019-03-21 21:35,12305
2019-03-21 21:40,12333
2019-03-21 21:45,12298
2019-03-21 21:50,12230
2019-03-21 21:55,12175
2019-03-21 22:00,12099
2019-03-21 22:05,11964
2019-03-21 22:10,0
2019-03-21 22:15,11856
2019-03-21 22:20,11768
2019-03-21 22:25,11668
2019-03-21 22:30,11616
2019-03-21 22:35,11578
2019-03-21 22:40,11599
2019-03-21 22:45,11484
2019-03-21 22:50,11380
2019-03-21 22:55,11338
2019-03-21 23:00,11312
2019-03-21 23:05,11279
2019-03-21 23:10,11174
2019-03-21 23:15,11069
2019-03-21 23:20,11009
2019-03-21 23:25,11038
2019-03-21 23:30,10993
2019-03-21 23:35,10928
2019-03-21 23:40,10921
2019-03-21 23:45,10906
2019-03-21 23:50,10925
2019-03-21 23:55,10859
2019-03-22 00:00,10809
2019-03-22 00:05,10671
2019-03-22 00:10,10674
2019-03-22 00:15,10684
2019-03-22 00:20,10639
2019-03-22 00:25,10697
2019-03-22 00:30,10664
2019-03-22 00:35,10607
2019-03-22 00:40,10558
2019-03-22 00:45,10599
2019-03-22 00:50,10574
2019-03-22 00:55,10528
2019-03-22 01:00,10517
2019-03-22 01:05,10517
2019-03-22 01:10,10482
2019-03-22 01:15,10450
2019-03-22 01:20,10499
2019-03-22 01:25,10498
2019-03-22 01:30,10483
2019-03-22 01:35,10467
2019-03-22 01:40,10505
2019-03-22 01:45,10511
2019-03-22 01:50,10449
2019-03-22 01:55,10448
2019-03-22 02:00,10422
2019-03-22 02:05,10388
2019-03-22 02:10,10337
2019-03-22 02:15,10297
2019-03-22 02:20,10307
2019-03-22 02:25,10225
2019-03-22 02:30,10236
2019-03-22 02:35,10189
2019-03-22 02:40,10075
2019-03-22 02:45,10046
2019-03-22 02:50,9924
2019-03-22 02:55,9815
2019-03-22 03:00,9749
2019-03-22 03:05,9747
2019-03-22 03:10,9613
2019-03-22 03:15,9583
2019-03-22 03:20,9459
2019-03-22 03:25,9405
2019-03-22 03:30,9370
2019-03-22 03:35,9220
2019-03-22 03:40,9129
2019-03-22 03:45,9026
2019-03-22 03:50,8930
2019-03-22 03:55,8845
2019-03-22 04:00,8721
2019-03-22 04:05,8580
2019-03-22 04:10,8421
2019-03-22 04:15,8260
2019-03-22 04:20,8134
2019-03-22 04:25,8016
2019-03-22 04:30,7871
2019-03-22 04:35,7755
2019-03-22 04:40,7663
2019-03-22 04:45,7523
2019-03-22 04:50,7437
2019-03-22 04:55,7329
2019-03-22 05:00,7240
2019-03-22 05:05,7146
2019-03-22 05:10,6988
2019-03-22 05:15,6838
2019-03-22 05:20,6727
2019-03-22 05:25,6596
2019-03-22 05:30,6468
2019-03-22 05:35,6347
2019-03-22 05:40,6232
2019-03-22 05:45,6117
2019-03-22 05:50,6032
2019-03-22 05:55,5842
2019-03-22 06:00,5751
2019-03-22 06:05,5672
2019-03-22 06:10,5547
2019-03-22 06:15,5408
2019-03-22 06:20,5360
2019-03-22 06:25,5274
2019-03-22 06:30,5143
2019-03-22 06:35,5010
2019-03-22 06:40,4906
2019-03-22 06:45,4831
2019-03-22 06:50,4732
2019-03-22 06:55,4621
2019-03-22 07:00,4528
2019-03-22 07:05,4340
2019-03-22 07:10,4267
2019-03-22 07:15,4158
2019-03-22 07:20,4054
2019-03-22 07:25,3930
2019-03-22 07:30,3795
2019-03-22 07:35,3379
2019-03-22 07:40,2833
2019-03-22 07:45,2298
2019-03-22 07:50,1780
2019-03-22 07:55,1430
2019-03-22 08:00,1231
2019-03-22 08:05,1026
2019-03-22 08:10,989
2019-03-22 08:15,1025
2019-03-22 08:20,1198
2019-03-22 08:25,1441
2019-03-22 08:30,1645
2019-03-22 08:35,1874
2019-03-22 08:40,2081
2019-03-22 08:45,2255
2019-03-22 08:50,2420
2019-03-22 08:55,2621
2019-03-22 09:00,2759
2019-03-22 09:05,2907
2019-03-22 09:10,3065
2019-03-22 09:15,3198
2019-03-22 09:20,3341
2019-03-22 09:25,3457
2019-03-22 09:30,3572
2019-03-22 09:35,3649
2019-03-22 09:40,3740
2019-03-22 09:45,3814
2019-03-22 09:50,3887
2019-03-22 09:55,3960
2019-03-22 10:00,4009
2019-03-22 10:05,4048
2019-03-22 10:10,4114
2019-03-22 10:15,4166
2019-03-22 10:20,4219
2019-03-22 10:25,4283
2019-03-22 10:30,4341
2019-03-22 10:35,4370
2019-03-22 10:40,4420
2019-03-22 10:45,4472
2019-03-22 10:50,4469
2019-03-22 10:55,4510
2019-03-22 11:00,4565
2019-03-22 11:05,4644
2019-03-22 11:10,4668
2019-03-22 11:15,4725
2019-03-22 11:20,4772
2019-03-22 11:25,4845
2019-03-22 11:30,4889
2019-03-22 11:35,4958
2019-03-22 11:40,5011
2019-03-22 11:45,5043
2019-03-22 11:50,5103
2019-03-22 11:55,5153
2019-03-22 12:00,5214
2019-03-22 12:05,5254
2019-03-22 12:10,5327
2019-03-22 12:15,5403
2019-03-22 12:20,5477
2019-03-22 12:25,5549
2019-03-22 12:30,5612
2019-03-22 12:35,5661
2019-03-22 12:40,5786
2019-03-22 12:45,5827
2019-03-22 12:50,5970
2019-03-22 12:55,6045
2019-03-22 13:00,6151
2019-03-22 13:05,6206
2019-03-22 13:10,6268
2019-03-22 13:15,6323
2019-03-22 13:20,6433
2019-03-22 13:25,6478
2019-03-22 13:30,6603
2019-03-22 13:35,6696
2019-03-22 13:40,6802
2019-03-22 13:45,6880
2019-03-22 13:50,6957
2019-03-22 13:55,7069
2019-03-22 14:00,7189
2019-03-22 14:05,7310
2019-03-22 14:10,7423
2019-03-22 14:15,7580
2019-03-22 14:20,7699
2019-03-22 14:25,7837
2019-03-22 14:30,7995
2019-03-22 14:35,8112
2019-03-22 14:40,8235
2019-03-22 14:45,8311
2019-03-22 14:50,8439
2019-03-22 14:55,8510
2019-03-22 15:00,8648
2019-03-22 15:05,8769
2019-03-22 15:10,8819
2019-03-22 15:15,8890
2019-03-22 15:20,9023
2019-03-22 15:25,9132
2019-03-22 15:30,9220
2019-03-22 15:35,9282
2019-03-22 15:40,9343
2019-03-22 15:45,9461
2019-03-22 15:50,9521
2019-03-22 15:55,9590
2019-03-22 16:00,9636
2019-03-22 16:05,9717
2019-03-22 16:10,9876
2019-03-22 16:15,9960
2019-03-22 16:20,10009
2019-03-22 16:25,10103
2019-03-22 16:30,10160
2019-03-22 16:35,10212
2019-03-22 16:40,10285
2019-03-22 16:45,10385
2019-03-22 16:50,10517
2019-03-22 16:55,10595
2019-03-22 17:00,10695
2019-03-22 17:05,10752
2019-03-22 17:10,10870
2019-03-22 17:15,10877
2019-03-22 17:20,10981
2019-03-22 17:25,11146
2019-03-22 17:30,11218
2019-03-22 17:35,11257
2019-03-22 17:40,11339
2019-03-22 17:45,11413
2019-03-22 17:50,11528
2019-03-22 17:55,11618
2019-03-22 18:00,11681
2019-03-22 18:05,11694
2019-03-22 18:10,11821
2019-03-22 18:15,11835
2019-03-22 18:20,11929
2019-03-22 18:25,12056
2019-03-22 18:30,12164
2019-03-22 18:35,12252
2019-03-22 18:40,12376
2019-03-22 18:45,12394
2019-03-22 18:50,12474
2019-03-22 18:55,12539
2019-03-22 19:00,12631
2019-03-22 19:05,12706
2019-03-22 19:10,12773
2019-03-22 19:15,12851
2019-03-22 19:20,12975
2019-03-22 19:25,13013
2019-03-22 19:30,13125
2019-03-22 19:35,13233
2019-03-22 19:40,13310
2019-03-22 19:45,13450
2019-03-22 19:50,13406
2019-03-22 19:55,13427
2019-03-22 20:00,13464
2019-03-22 20:05,13491
2019-03-22 20:10,13573
2019-03-22 20:15,13627
2019-03-22 20:20,13689
2019-03-22 20:25,13767
2019-03-22 20:30,13832
2019-03-22 20:35,13895
2019-03-22 20:40,13958
2019-03-22 20:45,13963
2019-03-22 20:50,14027
2019-03-22 20:55,14046
2019-03-22 21:00,14153
2019-03-22 21:05,14200
2019-03-22 21:10,14221
2019-03-22 21:15,14217
2019-03-22 21:20,14188
2019-03-22 21:25,14259
2019-03-22 21:30,14292
2019-03-22 21:35,14323
2019-03-22 21:40,14319
2019-03-22 21:45,14353
2019-03-22 21:50,14355
2019-03-22 21:55,14317
2019-03-22 22:00,14316
2019-03-22 22:05,14296
2019-03-22 22:10,14332
2019-03-22 22:15,14301
2019-03-22 22:20,14283
2019-03-22 22:25,14174
2019-03-22 22:30,14064
2019-03-22 22:35,13965
2019-03-22 22:40,13886
2019-03-22 22:45,13869
2019-03-22 22:50,13741
2019-03-22 22:55,13654
2019-03-22 23:00,13542
2019-03-22 23:05,13444
2019-03-22 23:10,13440
2019-03-22 23:15,13358
2019-03-22 23:20,13307
2019-03-22 23:25,13176
2019-03-22 23:30,13121
2019-03-22 23:35,12992
2019-03-22 23:40,12922
2019-03-22 23:45,12901
2019-03-22 23:50,12891
2019-03-22 23:55,12804
2019-03-23 00:00,12778
2019-03-23 00:05,12725
2019-03-23 00:10,12613
2019-03-23 00:15,12580
2019-03-23 00:20,12523
2019-03-23 00:25,12522
2019-03-23 00:30,12469
2019-03-23 00:35,12472
2019-03-23 00:40,12478
2019-03-23 00:45,12475
2019-03-23 00:50,12468
2019-03-23 00:55,12394
2019-03-23 01:00,12319
2019-03-23 01:05,12312
2019-03-23 01:10,12221
2019-03-23 01:15,12188
2019-03-23 01:20,12110
2019-03-23 01:25,12096
2019-03-23 01:30,12086
2019-03-23 01:35,12093
2019-03-23 01:40,12006
2019-03-23 01:45,12040
2019-03-23 01:50,12062
2019-03-23 01:55,12031
2019-03-23 02:00,12038
2019-03-23 02:05,12024
2019-03-23 02:10,12001
2019-03-23 02:15,11979
2019-03-23 02:20,11916
2019-03-23 02:25,11888
2019-03-23 02:30,11927
2019-03-23 02:35,11913
2019-03-23 02:40,11930
2019-03-23 02:45,11924
2019-03-23 02:50,11895
2019-03-23 02:55,11831
2019-03-23 03:00,11815
2019-03-23 03:05,11792
2019-03-23 03:10,11751
2019-03-23 03:15,11696
2019-03-23 03:20,11638
2019-03-23 03:25,11559
2019-03-23 03:30,11510
2019-03-23 03:35,11424
2019-03-23 03:40,11330
2019-03-23 03:45,11253
2019-03-23 03:50,11177
2019-03-23 03:55,11119
2019-03-23 04:00,11065
2019-03-23 04:05,10941
2019-03-23 04:10,10882
2019-03-23 04:15,10757
2019-03-23 04:20,10659
2019-03-23 04:25,10626
2019-03-23 04:30,10523
2019-03-23 04:35,10446
2019-03-23 04:40,10381
2019-03-23 04:45,10264
2019-03-23 04:50,10136
2019-03-23 04:55,10018
2019-03-23 05:00,9894
2019-03-23 05:05,9661
2019-03-23 05:10,9497
2019-03-23 05:15,9367
2019-03-23 05:20,9295
2019-03-23 05:25,9187
2019-03-23 05:30,9044
2019-03-23 05:35,8909
2019-03-23 05:40,8759
2019-03-23 05:45,8577
2019-03-23 05:50,8459
2019-03-23 05:55,8325
2019-03-23 06:00,8182
2019-03-23 06:05,8025
2019-03-23 06:10,7905
2019-03-23 06:15,7753
2019-03-23 06:20,7624
2019-03-23 06:25,7508
2019-03-23 06:30,7386
2019-03-23 06:35,7244
2019-03-23 06:40,7091
2019-03-23 06:45,6993
2019-03-23 06:50,6936
2019-03-23 06:55,6838
2019-03-23 07:00,6728
2019-03-23 07:05,6614
2019-03-23 07:10,6559
2019-03-23 07:15,6517
2019-03-23 07:20,6427
2019-03-23 07:25,6338
2019-03-23 07:30,6259
2019-03-23 07:35,6178
2019-03-23 07:40,6086
2019-03-23 07:45,6078
2019-03-23 07:50,6060
2019-03-23 07:55,6011
2019-03-23 08:00,5924
2019-03-23 08:05,5896
2019-03-23 08:10,5860
2019-03-23 08:15,5801
2019-03-23 08:20,5759
2019-03-23 08:25,5754
2019-03-23 08:30,5735
2019-03-23 08:35,5682
2019-03-23 08:40,5629
2019-03-23 08:45,5599
2019-03-23 08:50,5583
2019-03-23 08:55,5560
2019-03-23 09:00,5513
2019-03-23 09:05,5481
2019-03-23 09:10,5431
2019-03-23 09:15,5480
2019-03-23 09:20,5458
2019-03-23 09:25,5484
2019-03-23 09:30,5557
2019-03-23 09:35,5607
2019-03-23 09:40,5696
2019-03-23 09:45,5750
2019-03-23 09:50,5821
2019-03-23 09:55,5838
2019-03-23 10:00,5889
2019-03-23 10:05,5938
2019-03-23 10:10,6010
2019-03-23 10:15,6075
2019-03-23 10:20,6169
2019-03-23 10:25,6226
2019-03-23 10:30,6239
2019-03-23 10:35,6270
2019-03-23 10:40,6388
2019-03-23 10:45,6485
2019-03-23 10:50,6516
2019-03-23 10:55,6609
2019-03-23 11:00,6635
2019-03-23 11:05,6704
2019-03-23 11:10,6751
2019-03-23 11:15,6826
2019-03-23 11:20,6887
2019-03-23 11:25,6959
2019-03-23 11:30,7018
2019-03-23 11:35,7078
2019-03-23 11:40,7172
2019-03-23 11:45,7284
2019-03-23 11:50,7358
2019-03-23 11:55,7422
2019-03-23 12:00,7460
2019-03-23 12:05,7531
2019-03-23 12:10,7550
2019-03-23 12:15,7661
2019-03-23 12:20,7712
2019-03-23 12:25,7812
2019-03-23 12:30,7896
2019-03-23 12:35,7944
2019-03-23 12:40,8054
2019-03-23 12:45,8160
2019-03-23 12:50,8192
2019-03-23 12:55,8270
2019-03-23 13:00,8320
2019-03-23 13:05,8363
2019-03-23 13:10,8417
2019-03-23 13:15,8507
2019-03-23 13:20,8608
2019-03-23 13:25,8747
2019-03-23 13:30,8773
2019-03-23 13:35,8906
2019-03-23 13:40,8988
2019-03-23 13:45,9103
2019-03-23 13:50,9169
2019-03-23 13:55,9267
2019-03-23 14:00,9349
2019-03-23 14:05,9424
2019-03-23 14:10,9547
2019-03-23 14:15,9657
2019-03-23 14:20,9766
2019-03-23 14:25,9853
2019-03-23 14:30,10017
2019-03-23 14:35,10136
2019-03-23 14:40,10237
2019-03-23 14:45,10379
2019-03-23 14:50,10525
2019-03-23 14:55,10572
2019-03-23 15:00,10614
2019-03-23 15:05,10757
2019-03-23 15:10,10773
2019-03-23 15:15,10910
2019-03-23 15:20,10976
2019-03-23 15:25,11016
2019-03-23 15:30,11170
2019-03-23 15:35,11202
2019-03-23 15:40,11337
2019-03-23 15:45,11428
2019-03-23 15:50,11528
2019-03-23 15:55,11600
2019-03-23 16:00,11647
2019-03-23 16:05,11749
2019-03-23 16:10,11832
2019-03-23 16:15,11905
2019-03-23 16:20,12072
2019-03-23 16:25,12123
2019-03-23 16:30,12216
2019-03-23 16:35,12240
2019-03-23 16:40,12313
2019-03-23 16:45,12401
2019-03-23 16:50,12519
2019-03-23 16:55,12572
2019-03-23 17:00,12682
2019-03-23 17:05,12732
2019-03-23 17:10,12828
2019-03-23 17:15,12904
2019-03-23 17:20,12979
2019-03-23 17:25,13037
2019-03-23 17:30,13003
2019-03-23 17:35,13064
2019-03-23 17:40,13153
2019-03-23 17:45,13231
2019-03-23 17:50,13355
2019-03-23 17:55,13495
2019-03-23 18:00,13543
2019-03-23 18:05,13656
2019-03-23 18:10,13694
2019-03-23 18:15,13747
2019-03-23 18:20,13840
2019-03-23 18:25,13874
2019-03-23 18:30,14035
2019-03-23 18:35,14143
2019-03-23 18:40,14187
2019-03-23 18:45,14164
2019-03-23 18:50,14121
2019-03-23 18:55,14229
2019-03-23 19:00,14316
2019-03-23 19:05,14400
2019-03-23 19:10,14479
2019-03-23 19:15,14549
2019-03-23 19:20,14622
2019-03-23 19:25,14672
2019-03-23 19:30,14785
2019-03-23 19:35,14841
2019-03-23 19:40,14882
2019-03-23 19:45,14899
2019-03-23 19:50,14943
2019-03-23 19:55,14991
2019-03-23 20:00,15014
2019-03-23 20:05,15025
2019-03-23 20:10,15093
2019-03-23 20:15,15081
2019-03-23 20:20,15127
2019-03-23 20:25,15294
2019-03-23 20:30,15327
2019-03-23 20:35,15334
2019-03-23 20:40,15319
2019-03-23 20:45,15333
2019-03-23 20:50,15297
2019-03-23 20:55,15287
2019-03-23 21:00,15247
2019-03-23 21:05,15212
2019-03-23 21:10,15172
2019-03-23 21:15,15150
2019-03-23 21:20,15102
2019-03-23 21:25,14980
2019-03-23 21:30,14962
2019-03-23 21:35,14885
2019-03-23 21:40,14874
2019-03-23 21:45,14783
2019-03-23 21:50,14708
2019-03-23 21:55,14617
2019-03-23 22:00,14611
2019-03-23 22:05,14521
2019-03-23 22:10,14474
2019-03-23 22:15,14454
2019-03-23 22:20,14399
2019-03-23 22:25,14301
2019-03-23 22:30,14268
2019-03-23 22:35,14169
2019-03-23 22:40,14124
2019-03-23 22:45,0
2019-03-23 22:50,13930
2019-03-23 22:55,13842
2019-03-23 23:00,13669
2019-03-23 23:05,13576
2019-03-23 23:10,13477
2019-03-23 23:15,13305
2019-03-23 23:20,13228
2019-03-23 23:25,13073
2019-03-23 23:30,12970
2019-03-23 23:35,12952
2019-03-23 23:40,12814
2019-03-23 23:45,12721
2019-03-23 23:50,12607
2019-03-23 23:55,12563
2019-03-24 00:00,12442
2019-03-24 00:05,12327
2019-03-24 00:10,12254
2019-03-24 00:15,12086
2019-03-24 00:20,12047
2019-03-24 00:25,12047
2019-03-24 00:30,11973
2019-03-24 00:35,11960
2019-03-24 00:40,11938
2019-03-24 00:45,11911
2019-03-24 00:50,11872
2019-03-24 00:55,11802
2019-03-24 01:00,11761
2019-03-24 01:05,11750
2019-03-24 01:10,11765
2019-03-24 01:15,11751
2019-03-24 01:20,11729
2019-03-24 01:25,11672
2019-03-24 01:30,11638
2019-03-24 01:35,11667
2019-03-24 01:40,11673
2019-03-24 01:45,11637
2019-03-24 01:50,11664
2019-03-24 01:55,11578
2019-03-24 02:00,11589
2019-03-24 02:05,11612
2019-03-24 02:10,11643
2019-03-24 02:15,11638
2019-03-24 02:20,11611
2019-03-24 02:25,11603
2019-03-24 02:30,11623
2019-03-24 02:35,11543
2019-03-24 02:40,11511
2019-03-24 02:45,11557
2019-03-24 02:50,11491
2019-03-24 02:55,11421
2019-03-24 03:00,11438
2019-03-24 03:05,11491
2019-03-24 03:10,11418
2019-03-24 03:15,11370
2019-03-24 03:20,11320
2019-03-24 03:25,11282
2019-03-24 03:30,11278
2019-03-24 03:35,11214
2019-03-24 03:40,11166
2019-03-24 03:45,11149
2019-03-24 03:50,11092
2019-03-24 03:55,10957
2019-03-24 04:00,10886
2019-03-24 04:05,10868
2019-03-24 04:10,10758
2019-03-24 04:15,10640
2019-03-24 04:20,10551
2019-03-24 04:25,10497
2019-03-24 04:30,10396
2019-03-24 04:35,10295
2019-03-24 04:40,10228
2019-03-24 04:45,10126
2019-03-24 04:50,10070
2019-03-24 04:55,9942
2019-03-24 05:00,9795
2019-03-24 05:05,9697
2019-03-24 05:10,9499
2019-03-24 05:15,9406
2019-03-24 05:20,9273
2019-03-24 05:25,9158
2019-03-24 05:30,9017
2019-03-24 05:35,8880
2019-03-24 05:40,8783
2019-03-24 05:45,8734
2019-03-24 05:50,8610
2019-03-24 05:55,8473
2019-03-24 06:00,8366
2019-03-24 06:05,8255
2019-03-24 06:10,8177
2019-03-24 06:15,8051
2019-03-24 06:20,7912
2019-03-24 06:25,7780
2019-03-24 06:30,7645
2019-03-24 06:35,7558
2019-03-24 06:40,7412
2019-03-24 06:45,7384
2019-03-24 06:50,7288
2019-03-24 06:55,7126
2019-03-24 07:00,7051
2019-03-24 07:05,6955
2019-03-24 07:10,6847
2019-03-24 07:15,6690
2019-03-24 07:20,6617
2019-03-24 07:25,6541
2019-03-24 07:30,6463
2019-03-24 07:35,6391
2019-03-24 07:40,6294
2019-03-24 07:45,6192
2019-03-24 07:50,6140
2019-03-24 07:55,6075
2019-03-24 08:00,6009
2019-03-24 08:05,5975
2019-03-24 08:10,5951
2019-03-24 08:15,5914
2019-03-24 08:20,5877
2019-03-24 08:25,5813
2019-03-24 08:30,5741
2019-03-24 08:35,5716
2019-03-24 08:40,5713
2019-03-24 08:45,5696
2019-03-24 08:50,5695
2019-03-24 08:55,5682
2019-03-24 09:00,5681
2019-03-24 09:05,5700
2019-03-24 09:10,5687
2019-03-24 09:15,5705
2019-03-24 09:20,5778
2019-03-24 09:25,5842
2019-03-24 09:30,5938
2019-03-24 09:35,5956
2019-03-24 09:40,6048
2019-03-24 09:45,6115
2019-03-24 09:50,6202
2019-03-24 09:55,6264
2019-03-24 10:00,6324
2019-03-24 10:05,6414
2019-03-24 10:10,6487
2019-03-24 10:15,6635
2019-03-24 10:20,6698
2019-03-24 10:25,6785
2019-03-24 10:30,6847
2019-03-24 10:35,6871
2019-03-24 10:40,6980
2019-03-24 10:45,7051
2019-03-24 10:50,7112
2019-03-24 10:55,7179
2019-03-24 11:00,7205
2019-03-24 11:05,7292
2019-03-24 11:10,7319
2019-03-24 11:15,7422
2019-03-24 11:20,7553
2019-03-24 11:25,7684
2019-03-24 11:30,7722
2019-03-24 11:35,7800
2019-03-24 11:40,7878
2019-03-24 11:45,7995
2019-03-24 11:50,8055
2019-03-24 11:55,8133
2019-03-24 12:00,8230
2019-03-24 12:05,8358
2019-03-24 12:10,8396
2019-03-24 12:15,8447
2019-03-24 12:20,8493
2019-03-24 12:25,8572
2019-03-24 12:30,8659
2019-03-24 12:35,8752
2019-03-24 12:40,8828
2019-03-24 12:45,8861
2019-03-24 12:50,8926
2019-03-24 12:55,8964
2019-03-24 13:00,9023
2019-03-24 13:05,9070
2019-03-24 13:10,9147
2019-03-24 13:15,9271
2019-03-24 13:20,9343
2019-03-24 13:25,9492
2019-03-24 13:30,9557
2019-03-24 13:35,9629
2019-03-24 13:40,9751
2019-03-24 13:45,9890
2019-03-24 13:50,9968
2019-03-24 13:55,10073
2019-03-24 14:00,10166
2019-03-24 14:05,10318
2019-03-24 14:10,10378
2019-03-24 14:15,10432
2019-03-24 14:20,10560
2019-03-24 14:25,10654
2019-03-24 14:30,10757
2019-03-24 14:35,10861
2019-03-24 14:40,10932
2019-03-24 14:45,11037
2019-03-24 14:50,11114
2019-03-24 14:55,0
2019-03-24 15:00,11268
2019-03-24 15:05,11463
2019-03-24 15:10,11599
2019-03-24 15:15,11715
2019-03-24 15:20,11848
2019-03-24 15:25,11908
2019-03-24 15:30,12010
2019-03-24 15:35,12090
2019-03-24 15:40,12188
2019-03-24 15:45,12244
2019-03-24 15:50,12396
2019-03-24 15:55,12487
2019-03-24 16:00,12652
2019-03-24 16:05,12750
2019-03-24 16:10,12844
2019-03-24 16:15,12861
2019-03-24 16:20,13029
2019-03-24 16:25,13128
2019-03-24 16:30,13213
2019-03-24 16:35,13335
2019-03-24 16:40,13497
2019-03-24 16:45,13613
2019-03-24 16:50,13675
2019-03-24 16:55,13775
2019-03-24 17:00,13890
2019-03-24 17:05,13977
2019-03-24 17:10,14070
2019-03-24 17:15,14225
2019-03-24 17:20,14365
2019-03-24 17:25,14458
2019-03-24 17:30,14511
2019-03-24 17:35,14620
2019-03-24 17:40,14744
2019-03-24 17:45,14808
2019-03-24 17:50,14908
2019-03-24 17:55,15021
2019-03-24 18:00,15157
2019-03-24 18:05,15274
2019-03-24 18:10,15277
2019-03-24 18:15,15355
2019-03-24 18:20,15427
2019-03-24 18:25,15531
2019-03-24 18:30,15569
2019-03-24 18:35,15624
2019-03-24 18:40,15694
2019-03-24 18:45,15771
2019-03-24 18:50,15758
2019-03-24 18:55,15744
2019-03-24 19:00,15798
2019-03-24 19:05,15847
2019-03-24 19:10,15924
2019-03-24 19:15,15955
2019-03-24 19:20,16106
2019-03-24 19:25,16215
2019-03-24 19:30,16237
2019-03-24 19:35,16300
2019-03-24 19:40,16312
2019-03-24 19:45,16359
2019-03-24 19:50,16381
2019-03-24 19:55,16498
2019-03-24 20:00,16500
2019-03-24 20:05,16446
2019-03-24 20:10,16360
2019-03-24 20:15,16340
2019-03-24 20:20,16376
2019-03-24 20:25,16240
2019-03-24 20:30,16096
2019-03-24 20:35,16054
2019-03-24 20:40,16054
2019-03-24 20:45,15989
2019-03-24 20:50,15945
2019-03-24 20:55,15865
2019-03-24 21:00,15778
2019-03-24 21:05,15641
2019-03-24 21:10,15514
2019-03-24 21:15,15482
2019-03-24 21:20,15453
2019-03-24 21:25,15393
2019-03-24 21:30,15284
2019-03-24 21:35,15176
2019-03-24 21:40,15043
2019-03-24 21:45,14977
2019-03-24 21:50,14905
2019-03-24 21:55,14769
2019-03-24 22:00,14692
2019-03-24 22:05,14529
2019-03-24 22:10,14419
2019-03-24 22:15,14203
2019-03-24 22:20,14026
2019-03-24 22:25,13946
2019-03-24 22:30,13850
2019-03-24 22:35,13697
2019-03-24 22:40,13676
2019-03-24 22:45,13632
2019-03-24 22:50,13446
2019-03-24 22:55,13385
2019-03-24 23:00,13309
2019-03-24 23:05,13184
2019-03-24 23:10,13099
2019-03-24 23:15,12972
2019-03-24 23:20,12912
2019-03-24 23:25,12777
2019-03-24 23:30,12688
2019-03-24 23:35,12593
2019-03-24 23:40,12508
2019-03-24 23:45,12465
2019-03-24 23:50,12373
2019-03-24 23:55,12347
2019-03-25 00:00,12333
2019-03-25 00:05,12270
2019-03-25 00:10,12201
2019-03-25 00:15,12146
2019-03-25 00:20,12096
2019-03-25 00:25,12121
2019-03-25 00:30,12024
2019-03-25 00:35,11988
2019-03-25 00:40,11955
2019-03-25 00:45,11851
2019-03-25 00:50,11830
2019-03-25 00:55,11796
2019-03-25 01:00,11741
2019-03-25 01:05,11709
2019-03-25 01:10,11703
2019-03-25 01:15,11659
2019-03-25 01:20,11656
2019-03-25 01:25,11632
2019-03-25 01:30,11672
2019-03-25 01:35,11618
2019-03-25 01:40,11593
2019-03-25 01:45,11586
2019-03-25 01:50,11522
2019-03-25 01:55,11481
2019-03-25 02:00,11427
2019-03-25 02:05,11324
2019-03-25 02:10,11272
2019-03-25 02:15,11214
2019-03-25 02:20,11119
2019-03-25 02:25,11026
2019-03-25 02:30,10987
2019-03-25 02:35,10935
2019-03-25 02:40,10875
2019-03-25 02:45,10812
2019-03-25 02:50,10721
2019-03-25 02:55,10634
2019-03-25 03:00,10512
2019-03-25 03:05,10359
2019-03-25 03:10,10245
2019-03-25 03:15,10118
2019-03-25 03:20,10021
2019-03-25 03:25,9976
2019-03-25 03:30,9822
2019-03-25 03:35,9669
2019-03-25 03:40,9588
2019-03-25 03:45,9507
2019-03-25 03:50,9364
2019-03-25 03:55,9244
2019-03-25 04:00,9161
2019-03-25 04:05,9016
2019-03-25 04:10,8860
2019-03-25 04:15,8743
2019-03-25 04:20,8650
2019-03-25 04:25,8541
2019-03-25 04:30,8439
2019-03-25 04:35,8293
2019-03-25 04:40,8145
2019-03-25 04:45,8045
2019-03-25 04:50,7896
2019-03-25 04:55,7795
2019-03-25 05:00,7641
2019-03-25 05:05,7463
2019-03-25 05:10,7335
2019-03-25 05:15,7133
2019-03-25 05:20,7028
2019-03-25 05:25,6908
2019-03-25 05:30,6776
2019-03-25 05:35,6648
2019-03-25 05:40,6471
2019-03-25 05:45,6391
2019-03-25 05:50,6233
2019-03-25 05:55,6118
2019-03-25 06:00,5983
2019-03-25 06:05,5868
2019-03-25 06:10,5790
2019-03-25 06:15,5714
2019-03-25 06:20,5556
2019-03-25 06:25,5467
2019-03-25 06:30,5398
2019-03-25 06:35,5301
2019-03-25 06:40,5167
2019-03-25 06:45,5097
2019-03-25 06:50,5013
2019-03-25 06:55,4928
2019-03-25 07:00,4840
2019-03-25 07:05,4777
2019-03-25 07:10,4725
2019-03-25 07:15,4668
2019-03-25 07:20,4607
2019-03-25 07:25,4545
2019-03-25 07:30,4506
2019-03-25 07:35,4475
2019-03-25 07:40,4387
2019-03-25 07:45,4354
2019-03-25 07:50,4251
2019-03-25 07:55,4189
2019-03-25 08:00,4120
2019-03-25 08:05,4090
2019-03-25 08:10,4075
2019-03-25 08:15,4053
2019-03-25 08:20,4027
2019-03-25 08:25,3966
2019-03-25 08:30,3915
2019-03-25 08:35,3881
2019-03-25 08:40,3869
2019-03-25 08:45,3850
2019-03-25 08:50,3864
2019-03-25 08:55,3831
2019-03-25 09:00,3798
2019-03-25 09:05,3790
2019-03-25 09:10,3785
2019-03-25 09:15,3793
2019-03-25 09:20,3767
2019-03-25 09:25,3789
2019-03-25 09:30,3815
2019-03-25 09:35,3837
2019-03-25 09:40,3852
2019-03-25 09:45,3903
2019-03-25 09:50,3947
2019-03-25 09:55,3962
2019-03-25 10:00,3956
2019-03-25 10:05,3994
2019-03-25 10:10,4031
2019-03-25 10:15,4037
2019-03-25 10:20,4094
2019-03-25 10:25,4113
2019-03-25 10:30,4134
2019-03-25 10:35,4184
2019-03-25 10:40,4249
2019-03-25 10:45,4307
2019-03-25 10:50,4353
2019-03-25 10:55,4365
2019-03-25 11:00,4455
2019-03-25 11:05,4495
2019-03-25 11:10,4534
2019-03-25 11:15,4504
2019-03-25 11:20,4561
2019-03-25 11:25,4611
2019-03-25 11:30,4633
2019-03-25 11:35,4653
2019-03-25 11:40,4714
2019-03-25 11:45,4752
2019-03-25 11:50,4757
2019-03-25 11:55,4810
2019-03-25 12:00,4857
2019-03-25 12:05,4922
2019-03-25 12:10,4960
2019-03-25 12:15,5029
2019-03-25 12:20,5079
2019-03-25 12:25,5135
2019-03-25 12:30,5220
2019-03-25 12:35,5281
2019-03-25 12:40,5337
2019-03-25 12:45,5431
2019-03-25 12:50,5491
2019-03-25 12:55,5572
2019-03-25 13:00,5610
2019-03-25 13:05,5689
2019-03-25 13:10,5774
2019-03-25 13:15,5841
2019-03-25 13:20,5936
2019-03-25 13:25,6037
2019-03-25 13:30,6098
2019-03-25 13:35,6152
2019-03-25 13:40,6234
2019-03-25 13:45,6358
2019-03-25 13:50,6442
2019-03-25 13:55,6497
2019-03-25 14:00,6587
2019-03-25 14:05,6660
2019-03-25 14:10,6751
2019-03-25 14:15,6821
2019-03-25 14:20,6915
2019-03-25 14:25,6991
2019-03-25 14:30,7129
2019-03-25 14:35,7214
2019-03-25 14:40,7273
2019-03-25 14:45,7359
2019-03-25 14:50,7477
2019-03-25 14:55,7597
2019-03-25 15:00,7684
2019-03-25 15:05,7838
2019-03-25 15:10,7863
2019-03-25 15:15,7957
2019-03-25 15:20,8048
2019-03-25 15:25,8125
2019-03-25 15:30,8291
2019-03-25 15:35,8353
2019-03-25 15:40,8528
2019-03-25 15:45,8597
2019-03-25 15:50,8668
2019-03-25 15:55,8750
2019-03-25 16:00,8738
2019-03-25 16:05,8845
2019-03-25 16:10,8961
2019-03-25 16:15,9110
2019-03-25 16:20,9198
2019-03-25 16:25,9312
2019-03-25 16:30,9435
2019-03-25 16:35,9527
2019-03-25 16:40,9617
2019-03-25 16:45,9691
2019-03-25 16:50,9790
2019-03-25 16:55,9835
2019-03-25 17:00,9916
2019-03-25 17:05,10014
2019-03-25 17:10,10150
2019-03-25 17:15,10281
2019-03-25 17:20,10399
2019-03-25 17:25,10575
2019-03-25 17:30,10684
2019-03-25 17:35,10860
2019-03-25 17:40,11017
2019-03-25 17:45,11108
2019-03-25 17:50,11120
2019-03-25 17:55,11175
2019-03-25 18:00,11251
2019-03-25 18:05,11377
2019-03-25 18:10,11492
2019-03-25 18:15,11607
2019-03-25 18:20,11704
2019-03-25 18:25,11826
2019-03-25 18:30,11930
2019-03-25 18:35,12067
2019-03-25 18:40,12198
2019-03-25 18:45,12231
2019-03-25 18:50,12335
2019-03-25 18:55,12415
2019-03-25 19:00,12452
2019-03-25 19:05,12470
2019-03-25 19:10,12610
2019-03-25 19:15,12691
2019-03-25 19:20,12715
2019-03-25 19:25,12750
2019-03-25 19:30,12840
2019-03-25 19:35,12895
2019-03-25 19:40,12979
2019-03-25 19:45,13038
2019-03-25 19:50,13083
2019-03-25 19:55,13117
2019-03-25 20:00,13158
2019-03-25 20:05,13129
2019-03-25 20:10,13155
2019-03-25 20:15,13184
2019-03-25 20:20,13217
2019-03-25 20:25,13246
2019-03-25 20:30,13286
2019-03-25 20:35,13322
2019-03-25 20:40,13296
2019-03-25 20:45,13335
2019-03-25 20:50,13330
2019-03-25 20:55,13285
2019-03-25 21:00,13181
2019-03-25 21:05,13131
2019-03-25 21:10,13086
2019-03-25 21:15,12964
2019-03-25 21:20,12974
2019-03-25 21:25,12987
2019-03-25 21:30,12911
2019-03-25 21:35,12799
2019-03-25 21:40,12824
2019-03-25 21:45,12864
2019-03-25 21:50,12819
2019-03-25 21:55,12739
2019-03-25 22:00,12670
2019-03-25 22:05,12628
2019-03-25 22:10,12496
2019-03-25 22:15,12345
2019-03-25 22:20,12279
2019-03-25 22:25,12272
2019-03-25 22:30,12148
2019-03-25 22:35,12084
2019-03-25 22:40,12096
2019-03-25 22:45,11989
2019-03-25 22:50,12044
2019-03-25 22:55,11960
2019-03-25 23:00,11851
2019-03-25 23:05,11797
2019-03-25 23:10,11687
2019-03-25 23:15,11653
2019-03-25 23:20,11591
2019-03-25 23:25,11501
2019-03-25 23:30,11454
2019-03-25 23:35,11432
2019-03-25 23:40,11391
2019-03-25 23:45,11269
2019-03-25 23:50,11195
2019-03-25 23:55,11212
2019-03-26 00:00,11166
2019-03-26 00:05,11161
2019-03-26 00:10,11137
2019-03-26 00:15,11144
2019-03-26 00:20,11112
2019-03-26 00:25,11143
2019-03-26 00:30,11093
2019-03-26 00:35,11079
2019-03-26 00:40,11065
2019-03-26 00:45,11045
2019-03-26 00:50,11053
2019-03-26 00:55,11000
2019-03-26 01:00,10958
2019-03-26 01:05,10932
2019-03-26 01:10,10928
2019-03-26 01:15,10955
2019-03-26 01:20,10955
2019-03-26 01:25,10928
2019-03-26 01:30,10899
2019-03-26 01:35,10892
2019-03-26 01:40,10879
2019-03-26 01:45,10775
2019-03-26 01:50,10793
2019-03-26 01:55,10748
2019-03-26 02:00,10758
2019-03-26 02:05,10669
2019-03-26 02:10,10685
2019-03-26 02:15,10695
2019-03-26 02:20,10648
2019-03-26 02:25,10644
2019-03-26 02:30,10610
2019-03-26 02:35,10482
2019-03-26 02:40,10478
2019-03-26 02:45,10474
2019-03-26 02:50,10406
2019-03-26 02:55,10322
2019-03-26 03:00,10204
2019-03-26 03:05,10134
2019-03-26 03:10,9767
2019-03-26 03:15,8782
2019-03-26 03:20,7657
2019-03-26 03:25,7695
2019-03-26 03:30,7466
2019-03-26 03:35,7633
2019-03-26 03:40,7735
2019-03-26 03:45,7763
2019-03-26 03:50,7789
2019-03-26 03:55,7790
2019-03-26 04:00,7829
2019-03-26 04:05,7839
2019-03-26 04:10,7799
2019-03-26 04:15,7807
2019-03-26 04:20,7694
2019-03-26 04:25,7623
2019-03-26 04:30,7622
2019-03-26 04:35,7521
2019-03-26 04:40,7451
2019-03-26 04:45,7381
2019-03-26 04:50,7300
2019-03-26 04:55,7210
2019-03-26 05:00,7105
2019-03-26 05:05,7017
2019-03-26 05:10,6953
2019-03-26 05:15,6862
2019-03-26 05:20,6746
2019-03-26 05:25,6602
2019-03-26 05:30,6481
2019-03-26 05:35,6347
2019-03-26 05:40,6215
2019-03-26 05:45,6084
2019-03-26 05:50,6005
2019-03-26 05:55,5882
2019-03-26 06:00,5674
2019-03-26 06:05,5537
2019-03-26 06:10,5442
2019-03-26 06:15,5370
2019-03-26 06:20,5329
2019-03-26 06:25,5211
2019-03-26 06:30,5108
2019-03-26 06:35,5031
2019-03-26 06:40,4940
2019-03-26 06:45,4868
2019-03-26 06:50,4793
2019-03-26 06:55,4718
2019-03-26 07:00,4667
2019-03-26 07:05,4537
2019-03-26 07:10,4446
2019-03-26 07:15,4348
2019-03-26 07:20,4312
2019-03-26 07:25,4291
2019-03-26 07:30,4227
2019-03-26 07:35,4174
2019-03-26 07:40,4117
2019-03-26 07:45,4077
2019-03-26 07:50,4030
2019-03-26 07:55,4027
2019-03-26 08:00,3993
2019-03-26 08:05,3949
2019-03-26 08:10,3907
2019-03-26 08:15,3882
2019-03-26 08:20,3846
2019-03-26 08:25,3854
2019-03-26 08:30,3848
2019-03-26 08:35,3831
2019-03-26 08:40,3815
2019-03-26 08:45,3777
2019-03-26 08:50,3780
2019-03-26 08:55,3792
2019-03-26 09:00,3798
2019-03-26 09:05,3779
2019-03-26 09:10,3826
2019-03-26 09:15,3914
2019-03-26 09:20,3937
2019-03-26 09:25,3977
2019-03-26 09:30,4002
2019-03-26 09:35,4042
2019-03-26 09:40,4006
2019-03-26 09:45,4067
2019-03-26 09:50,4090
2019-03-26 09:55,4136
2019-03-26 10:00,4178
2019-03-26 10:05,4149
2019-03-26 10:10,4215
2019-03-26 10:15,4236
2019-03-26 10:20,4289
2019-03-26 10:25,4286
2019-03-26 10:30,4305
2019-03-26 10:35,4333
2019-03-26 10:40,4357
2019-03-26 10:45,4383
2019-03-26 10:50,4430
2019-03-26 10:55,4501
2019-03-26 11:00,4572
2019-03-26 11:05,4565
2019-03-26 11:10,4630
2019-03-26 11:15,4705
2019-03-26 11:20,4732
2019-03-26 11:25,4764
2019-03-26 11:30,4805
2019-03-26 11:35,4829
2019-03-26 11:40,4889
2019-03-26 11:45,4927
2019-03-26 11:50,5024
2019-03-26 11:55,5053
2019-03-26 12:00,5146
2019-03-26 12:05,5186
2019-03-26 12:10,5243
2019-03-26 12:15,5248
2019-03-26 12:20,5324
2019-03-26 12:25,5425
2019-03-26 12:30,5463
2019-03-26 12:35,5533
2019-03-26 12:40,5633
2019-03-26 12:45,5704
2019-03-26 12:50,5779
2019-03-26 12:55,5869
2019-03-26 13:00,5908
2019-03-26 13:05,5994
2019-03-26 13:10,6097
2019-03-26 13:15,6203
2019-03-26 13:20,6313
2019-03-26 13:25,6413
2019-03-26 13:30,6470
2019-03-26 13:35,6553
2019-03-26 13:40,6626
2019-03-26 13:45,6722
2019-03-26 13:50,6798
2019-03-26 13:55,6921
2019-03-26 14:00,7032
2019-03-26 14:05,7155
2019-03-26 14:10,7252
2019-03-26 14:15,7398
2019-03-26 14:20,7497
2019-03-26 14:25,7483
2019-03-26 14:30,7663
2019-03-26 14:35,7761
2019-03-26 14:40,7878
2019-03-26 14:45,7962
2019-03-26 14:50,8087
2019-03-26 14:55,8175
2019-03-26 15:00,8219
2019-03-26 15:05,8360
2019-03-26 15:10,8478
2019-03-26 15:15,8579
2019-03-26 15:20,8711
2019-03-26 15:25,8813
2019-03-26 15:30,8867
2019-03-26 15:35,8899
2019-03-26 15:40,9021
2019-03-26 15:45,9104
2019-03-26 15:50,9212
2019-03-26 15:55,9291
2019-03-26 16:00,9415
2019-03-26 16:05,9464
2019-03-26 16:10,9533
2019-03-26 16:15,9651
2019-03-26 16:20,9703
2019-03-26 16:25,9839
2019-03-26 16:30,9923
2019-03-26 16:35,10001
2019-03-26 16:40,10096
2019-03-26 16:45,10168
2019-03-26 16:50,10285
2019-03-26 16:55,10387
2019-03-26 17:00,10525
2019-03-26 17:05,10656
2019-03-26 17:10,10793
2019-03-26 17:15,10870
2019-03-26 17:20,11014
2019-03-26 17:25,11115
2019-03-26 17:30,11169
2019-03-26 17:35,11301
2019-03-26 17:40,11406
2019-03-26 17:45,11486
2019-03-26 17:50,11585
2019-03-26 17:55,11739
2019-03-26 18:00,11831
2019-03-26 18:05,11837
2019-03-26 18:10,11923
2019-03-26 18:15,12087
2019-03-26 18:20,12209
2019-03-26 18:25,12321
2019-03-26 18:30,12448
2019-03-26 18:35,12561
2019-03-26 18:40,12701
2019-03-26 18:45,12827
2019-03-26 18:50,12916
2019-03-26 18:55,13026
2019-03-26 19:00,13063
2019-03-26 19:05,13144
2019-03-26 19:10,13186
2019-03-26 19:15,13172
2019-03-26 19:20,13250
2019-03-26 19:25,13385
2019-03-26 19:30,13471
2019-03-26 19:35,13519
2019-03-26 19:40,13603
2019-03-26 19:45,13626
2019-03-26 19:50,13642
2019-03-26 19:55,13737
2019-03-26 20:00,13803
2019-03-26 20:05,13846
2019-03-26 20:10,13912
2019-03-26 20:15,13874
2019-03-26 20:20,13857
2019-03-26 20:25,13852
2019-03-26 20:30,13877
2019-03-26 20:35,13818
2019-03-26 20:40,13898
2019-03-26 20:45,13895
2019-03-26 20:50,13824
2019-03-26 20:55,13823
2019-03-26 21:00,13749
2019-03-26 21:05,13755
2019-03-26 21:10,13697
2019-03-26 21:15,13713
2019-03-26 21:20,13655
2019-03-26 21:25,13646
2019-03-26 21:30,13581
2019-03-26 21:35,13590
2019-03-26 21:40,13559
2019-03-26 21:45,13535
2019-03-26 21:50,13503
2019-03-26 21:55,13384
2019-03-26 22:00,13238
2019-03-26 22:05,13106
2019-03-26 22:10,12986
2019-03-26 22:15,12880
2019-03-26 22:20,12816
2019-03-26 22:25,12765
2019-03-26 22:30,12654
2019-03-26 22:35,12570
2019-03-26 22:40,12543
2019-03-26 22:45,12505
2019-03-26 22:50,12457
2019-03-26 22:55,12411
2019-03-26 23:00,12442
2019-03-26 23:05,0
2019-03-26 23:10,11640
2019-03-26 23:15,12015
2019-03-26 23:20,12059
2019-03-26 23:25,12005
2019-03-26 23:30,12046
2019-03-26 23:35,12006
2019-03-26 23:40,12031
2019-03-26 23:45,11979
2019-03-26 23:50,11922
2019-03-26 23:55,11866
2019-03-27 00:00,11824
2019-03-27 00:05,11775
2019-03-27 00:10,11749
2019-03-27 00:15,11740
2019-03-27 00:20,11729
2019-03-27 00:25,11709
2019-03-27 00:30,11708
2019-03-27 00:35,11673
2019-03-27 00:40,11669
2019-03-27 00:45,11659
2019-03-27 00:50,11618
2019-03-27 00:55,11609
2019-03-27 01:00,11637
2019-03-27 01:05,11572
2019-03-27 01:10,11522
2019-03-27 01:15,11556
2019-03-27 01:20,11589
2019-03-27 01:25,11620
2019-03-27 01:30,11546
2019-03-27 01:35,11577
2019-03-27 01:40,11529
2019-03-27 01:45,11533
2019-03-27 01:50,11519
2019-03-27 01:55,11523
2019-03-27 02:00,11542
2019-03-27 02:05,11475
2019-03-27 02:10,11480
2019-03-27 02:15,11409
2019-03-27 02:20,11374
2019-03-27 02:25,11258
2019-03-27 02:30,11225
2019-03-27 02:35,11157
2019-03-27 02:40,11088
2019-03-27 02:45,11022
2019-03-27 02:50,10958
2019-03-27 02:55,10816
2019-03-27 03:00,10655
2019-03-27 03:05,10487
2019-03-27 03:10,10372
2019-03-27 03:15,10329
2019-03-27 03:20,10219
2019-03-27 03:25,10177
2019-03-27 03:30,10003
2019-03-27 03:35,9851
2019-03-27 03:40,9725
2019-03-27 03:45,9648
2019-03-27 03:50,9535
2019-03-27 03:55,9404
2019-03-27 04:00,9236
2019-03-27 04:05,9103
2019-03-27 04:10,9015
2019-03-27 04:15,8871
2019-03-27 04:20,8749
2019-03-27 04:25,8636
2019-03-27 04:30,8527
2019-03-27 04:35,8374
2019-03-27 04:40,8274
2019-03-27 04:45,8101
2019-03-27 04:50,8006
2019-03-27 04:55,7860
2019-03-27 05:00,7697
2019-03-27 05:05,7556
2019-03-27 05:10,7393
2019-03-27 05:15,7282
2019-03-27 05:20,7194
2019-03-27 05:25,7087
2019-03-27 05:30,6924
2019-03-27 05:35,6762
2019-03-27 05:40,6620
2019-03-27 05:45,6442
2019-03-27 05:50,6270
2019-03-27 05:55,6141
2019-03-27 06:00,6028
2019-03-27 06:05,5883
2019-03-27 06:10,5805
2019-03-27 06:15,5700
2019-03-27 06:20,5570
2019-03-27 06:25,5451
2019-03-27 06:30,5409
2019-03-27 06:35,5339
2019-03-27 06:40,5268
2019-03-27 06:45,5144
2019-03-27 06:50,5125
2019-03-27 06:55,5003
2019-03-27 07:00,4940
2019-03-27 07:05,4828
2019-03-27 07:10,4703
2019-03-27 07:15,4625
2019-03-27 07:20,4562
2019-03-27 07:25,4513
2019-03-27 07:30,4485
2019-03-27 07:35,4381
2019-03-27 07:40,4335
2019-03-27 07:45,4286
2019-03-27 07:50,4200
2019-03-27 07:55,4148
2019-03-27 08:00,4131
2019-03-27 08:05,4074
2019-03-27 08:10,4026
2019-03-27 08:15,4002
2019-03-27 08:20,3987
2019-03-27 08:25,3923
2019-03-27 08:30,3878
2019-03-27 08:35,3857
2019-03-27 08:40,3828
2019-03-27 08:45,3846
2019-03-27 08:50,3816
2019-03-27 08:55,3832
2019-03-27 09:00,3824
2019-03-27 09:05,3786
2019-03-27 09:10,3751
2019-03-27 09:15,3738
2019-03-27 09:20,3747
2019-03-27 09:25,3784
2019-03-27 09:30,3764
2019-03-27 09:35,3771
2019-03-27 09:40,3774
2019-03-27 09:45,3798
2019-03-27 09:50,3892
2019-03-27 09:55,3910
2019-03-27 10:00,3948
2019-03-27 10:05,3970
2019-03-27 10:10,4017
2019-03-27 10:15,4051
2019-03-27 10:20,4067
2019-03-27 10:25,4114
2019-03-27 10:30,4145
2019-03-27 10:35,4169
2019-03-27 10:40,4178
2019-03-27 10:45,4163
2019-03-27 10:50,4225
2019-03-27 10:55,4281
2019-03-27 11:00,4304
2019-03-27 11:05,4340
2019-03-27 11:10,4383
2019-03-27 11:15,4423
2019-03-27 11:20,4452
2019-03-27 11:25,4478
2019-03-27 11:30,4552
2019-03-27 11:35,4620
2019-03-27 11:40,4678
2019-03-27 11:45,4687
2019-03-27 11:50,4766
2019-03-27 11:55,4815
2019-03-27 12:00,4883
2019-03-27 12:05,4958
2019-03-27 12:10,4964
2019-03-27 12:15,5028
2019-03-27 12:20,5073
2019-03-27 12:25,5122
2019-03-27 12:30,5217
2019-03-27 12:35,5304
2019-03-27 12:40,5381
2019-03-27 12:45,5480
2019-03-27 12:50,5523
2019-03-27 12:55,5589
2019-03-27 13:00,5630
2019-03-27 13:05,5686
2019-03-27 13:10,5777
2019-03-27 13:15,5846
2019-03-27 13:20,5945
2019-03-27 13:25,6018
2019-03-27 13:30,6108
2019-03-27 13:35,6180
2019-03-27 13:40,6231
2019-03-27 13:45,6322
2019-03-27 13:50,6437
2019-03-27 13:55,6498
2019-03-27 14:00,6627
2019-03-27 14:05,6744
2019-03-27 14:10,6807
2019-03-27 14:15,6906
2019-03-27 14:20,6997
2019-03-27 14:25,7013
2019-03-27 14:30,7127
2019-03-27 14:35,7214
2019-03-27 14:40,7249
2019-03-27 14:45,7336
2019-03-27 14:50,7414
2019-03-27 14:55,7555
2019-03-27 15:00,7684
2019-03-27 15:05,7790
2019-03-27 15:10,7821
2019-03-27 15:15,7791
2019-03-27 15:20,7926
2019-03-27 15:25,8045
2019-03-27 15:30,8172
2019-03-27 15:35,8293
2019-03-27 15:40,8374
2019-03-27 15:45,8430
2019-03-27 15:50,8465
2019-03-27 15:55,8566
2019-03-27 16:00,8582
2019-03-27 16:05,8639
2019-03-27 16:10,8686
2019-03-27 16:15,8808
2019-03-27 16:20,8935
2019-03-27 16:25,8993
2019-03-27 16:30,9056
2019-03-27 16:35,9111
2019-03-27 16:40,9189
2019-03-27 16:45,9288
2019-03-27 16:50,9380
2019-03-27 16:55,9461
2019-03-27 17:00,9524
2019-03-27 17:05,9575
2019-03-27 17:10,9756
2019-03-27 17:15,9883
2019-03-27 17:20,10020
2019-03-27 17:25,10179
2019-03-27 17:30,10246
2019-03-27 17:35,10421
2019-03-27 17:40,10526
2019-03-27 17:45,10575
2019-03-27 17:50,10742
2019-03-27 17:55,10856
2019-03-27 18:00,10928
2019-03-27 18:05,11014
2019-03-27 18:10,11124
2019-03-27 18:15,11234
2019-03-27 18:20,11364
2019-03-27 18:25,11399
2019-03-27 18:30,11472
2019-03-27 18:35,11546
2019-03-27 18:40,11618
2019-03-27 18:45,11698
2019-03-27 18:50,11743
2019-03-27 18:55,11766
2019-03-27 19:00,11795
2019-03-27 19:05,11808
2019-03-27 19:10,11857
2019-03-27 19:15,11908
2019-03-27 19:20,11965
2019-03-27 19:25,12081
2019-03-27 19:30,12186
2019-03-27 19:35,12336
2019-03-27 19:40,12385
2019-03-27 19:45,12397
2019-03-27 19:50,12483
2019-03-27 19:55,12547
2019-03-27 20:00,12492
2019-03-27 20:05,12520
2019-03-27 20:10,12541
2019-03-27 20:15,12594
2019-03-27 20:20,12667
2019-03-27 20:25,12612
2019-03-27 20:30,12566
2019-03-27 20:35,12560
2019-03-27 20:40,12606
2019-03-27 20:45,12584
2019-03-27 20:50,12548
2019-03-27 20:55,12501
2019-03-27 21:00,12413
2019-03-27 21:05,12358
2019-03-27 21:10,12285
2019-03-27 21:15,12231
2019-03-27 21:20,12182
2019-03-27 21:25,12188
2019-03-27 21:30,12137
2019-03-27 21:35,12131
2019-03-27 21:40,12088
2019-03-27 21:45,12047
2019-03-27 21:50,11961
2019-03-27 21:55,11917
2019-03-27 22:00,11909
2019-03-27 22:05,11747
2019-03-27 22:10,11722
2019-03-27 22:15,11651
2019-03-27 22:20,11599
2019-03-27 22:25,11511
2019-03-27 22:30,11472
2019-03-27 22:35,11355
2019-03-27 22:40,11315
2019-03-27 22:45,11224
2019-03-27 22:50,11163
2019-03-27 22:55,11153
2019-03-27 23:00,11035
2019-03-27 23:05,10931
2019-03-27 23:10,10925
2019-03-27 23:15,10852
2019-03-27 23:20,10786
2019-03-27 23:25,10782
2019-03-27 23:30,10788
2019-03-27 23:35,10661
2019-03-27 23:40,10615
2019-03-27 23:45,10580
2019-03-27 23:50,10556
2019-03-27 23:55,10499
2019-03-28 00:00,10533
2019-03-28 00:05,10510
2019-03-28 00:10,10530
2019-03-28 00:15,10519
2019-03-28 00:20,10505
2019-03-28 00:25,10488
2019-03-28 00:30,10464
2019-03-28 00:35,10430
2019-03-28 00:40,10462
2019-03-28 00:45,10434
2019-03-28 00:50,10356
2019-03-28 00:55,10342
2019-03-28 01:00,10343
2019-03-28 01:05,10333
2019-03-28 01:10,10317
2019-03-28 01:15,10288
2019-03-28 01:20,10310
2019-03-28 01:25,10362
2019-03-28 01:30,10355
2019-03-28 01:35,10363
2019-03-28 01:40,10445
2019-03-28 01:45,10462
2019-03-28 01:50,10477
2019-03-28 01:55,10448
2019-03-28 02:00,10385
2019-03-28 02:05,10334
2019-03-28 02:10,10352
2019-03-28 02:15,10339
2019-03-28 02:20,10267
2019-03-28 02:25,10162
2019-03-28 02:30,10144
2019-03-28 02:35,10089
2019-03-28 02:40,10002
2019-03-28 02:45,10027
2019-03-28 02:50,9969
2019-03-28 02:55,9919
2019-03-28 03:00,9853
2019-03-28 03:05,9693
2019-03-28 03:10,9512
2019-03-28 03:15,9462
2019-03-28 03:20,9423
2019-03-28 03:25,9296
2019-03-28 03:30,9214
2019-03-28 03:35,9092
2019-03-28 03:40,8987
2019-03-28 03:45,8835
2019-03-28 03:50,8697
2019-03-28 03:55,8593
2019-03-28 04:00,8476
2019-03-28 04:05,8332
2019-03-28 04:10,8241
2019-03-28 04:15,8153
2019-03-28 04:20,7937
2019-03-28 04:25,7839
2019-03-28 04:30,7740
2019-03-28 04:35,7650
2019-03-28 04:40,7580
2019-03-28 04:45,7474
2019-03-28 04:50,7367
2019-03-28 04:55,7206
2019-03-28 05:00,7081
2019-03-28 05:05,6939
2019-03-28 05:10,6759
2019-03-28 05:15,6618
2019-03-28 05:20,6465
2019-03-28 05:25,6355
2019-03-28 05:30,6247
2019-03-28 05:35,6097
2019-03-28 05:40,5995
2019-03-28 05:45,5907
2019-03-28 05:50,5823
2019-03-28 05:55,5692
2019-03-28 06:00,5552
2019-03-28 06:05,5462
2019-03-28 06:10,5337
2019-03-28 06:15,5240
2019-03-28 06:20,5153
2019-03-28 06:25,5057
2019-03-28 06:30,4974
2019-03-28 06:35,4880
2019-03-28 06:40,4788
2019-03-28 06:45,4696
2019-03-28 06:50,4642
2019-03-28 06:55,4581
2019-03-28 07:00,4521
2019-03-28 07:05,4430
2019-03-28 07:10,4376
2019-03-28 07:15,4285
2019-03-28 07:20,4252
2019-03-28 07:25,4168
2019-03-28 07:30,4132
2019-03-28 07:35,4089
2019-03-28 07:40,4048
2019-03-28 07:45,4012
2019-03-28 07:50,3971
2019-03-28 07:55,3937
2019-03-28 08:00,3900
2019-03-28 08:05,3885
2019-03-28 08:10,3878
2019-03-28 08:15,3859
2019-03-28 08:20,3825
2019-03-28 08:25,3807
2019-03-28 08:30,3785
2019-03-28 08:35,3809
2019-03-28 08:40,3781
2019-03-28 08:45,3814
2019-03-28 08:50,3758
2019-03-28 08:55,3751
2019-03-28 09:00,3752
2019-03-28 09:05,3726
2019-03-28 09:10,3739
2019-03-28 09:15,3771
2019-03-28 09:20,3751
2019-03-28 09:25,3780
2019-03-28 09:30,3777
2019-03-28 09:35,3790
2019-03-28 09:40,3819
2019-03-28 09:45,3833
2019-03-28 09:50,3872
2019-03-28 09:55,3865
2019-03-28 10:00,3880
2019-03-28 10:05,3910
2019-03-28 10:10,3942
2019-03-28 10:15,3946
2019-03-28 10:20,3963
2019-03-28 10:25,3981
2019-03-28 10:30,4031
2019-03-28 10:35,4078
2019-03-28 10:40,4093
2019-03-28 10:45,4055
2019-03-28 10:50,4093
2019-03-28 10:55,4084
2019-03-28 11:00,4171
2019-03-28 11:05,4234
2019-03-28 11:10,4230
2019-03-28 11:15,4281
2019-03-28 11:20,4342
2019-03-28 11:25,4391
2019-03-28 11:30,4436
2019-03-28 11:35,4443
2019-03-28 11:40,4505
2019-03-28 11:45,4570
2019-03-28 11:50,4599
2019-03-28 11:55,4674
2019-03-28 12:00,4739
2019-03-28 12:05,4768
2019-03-28 12:10,4829
2019-03-28 12:15,4900
2019-03-28 12:20,4987
2019-03-28 12:25,5016
2019-03-28 12:30,5031
2019-03-28 12:35,5087
2019-03-28 12:40,5140
2019-03-28 12:45,5168
2019-03-28 12:50,5246
2019-03-28 12:55,5281
2019-03-28 13:00,5338
2019-03-28 13:05,5384
2019-03-28 13:10,5455
2019-03-28 13:15,5490
2019-03-28 13:20,5563
2019-03-28 13:25,5630
2019-03-28 13:30,5746
2019-03-28 13:35,5798
2019-03-28 13:40,5914
2019-03-28 13:45,5991
2019-03-28 13:50,6124
2019-03-28 13:55,6231
2019-03-28 14:00,6329
2019-03-28 14:05,6371
2019-03-28 14:10,6417
2019-03-28 14:15,6520
2019-03-28 14:20,6654
2019-03-28 14:25,6730
2019-03-28 14:30,6806
2019-03-28 14:35,6901
2019-03-28 14:40,6964
2019-03-28 14:45,7062
2019-03-28 14:50,7164
2019-03-28 14:55,7276
2019-03-28 15:00,7368
2019-03-28 15:05,7449
2019-03-28 15:10,7505
2019-03-28 15:15,7615
2019-03-28 15:20,7680
2019-03-28 15:25,7784
2019-03-28 15:30,7877
2019-03-28 15:35,7943
2019-03-28 15:40,8032
2019-03-28 15:45,8109
2019-03-28 15:50,8203
2019-03-28 15:55,8265
2019-03-28 16:00,8336
2019-03-28 16:05,8373
2019-03-28 16:10,8462
2019-03-28 16:15,8536
2019-03-28 16:20,8638
2019-03-28 16:25,8714
2019-03-28 16:30,8808
2019-03-28 16:35,8901
2019-03-28 16:40,8983
2019-03-28 16:45,9032
2019-03-28 16:50,9153
2019-03-28 16:55,9250
2019-03-28 17:00,9361
2019-03-28 17:05,9485
2019-03-28 17:10,9656
2019-03-28 17:15,9771
2019-03-28 17:20,9822
2019-03-28 17:25,9890
2019-03-28 17:30,9993
2019-03-28 17:35,10089
2019-03-28 17:40,10141
2019-03-28 17:45,10206
2019-03-28 17:50,10323
2019-03-28 17:55,10392
2019-03-28 18:00,10472
2019-03-28 18:05,10528
2019-03-28 18:10,10608
2019-03-28 18:15,10713
2019-03-28 18:20,10793
2019-03-28 18:25,10874
2019-03-28 18:30,10925
2019-03-28 18:35,10954
2019-03-28 18:40,11012
2019-03-28 18:45,11107
2019-03-28 18:50,11167
2019-03-28 18:55,11251
2019-03-28 19:00,11298
2019-03-28 19:05,11311
2019-03-28 19:10,11378
2019-03-28 19:15,11454
2019-03-28 19:20,11573
2019-03-28 19:25,11650
2019-03-28 19:30,11743
2019-03-28 19:35,11834
2019-03-28 19:40,11935
2019-03-28 19:45,11984
2019-03-28 19:50,12034
2019-03-28 19:55,12071
2019-03-28 20:00,12133
2019-03-28 20:05,12169
2019-03-28 20:10,12233
2019-03-28 20:15,12293
2019-03-28 20:20,0
2019-03-28 20:25,12375
2019-03-28 20:30,12457
2019-03-28 20:35,12462
2019-03-28 20:40,12436
2019-03-28 20:45,12461
2019-03-28 20:50,0
2019-03-28 20:55,12324
2019-03-28 21:00,12311
2019-03-28 21:05,12228
2019-03-28 21:10,12207
2019-03-28 21:15,12127
2019-03-28 21:20,12066
2019-03-28 21:25,11991
2019-03-28 21:30,11946
2019-03-28 21:35,11926
2019-03-28 21:40,11905
2019-03-28 21:45,11856
2019-03-28 21:50,11739
2019-03-28 21:55,11712
2019-03-28 22:00,11619
2019-03-28 22:05,11567
2019-03-28 22:10,11447
2019-03-28 22:15,11381
2019-03-28 22:20,11269
2019-03-28 22:25,11216
2019-03-28 22:30,11180
2019-03-28 22:35,11116
2019-03-28 22:40,11052
2019-03-28 22:45,10979
2019-03-28 22:50,10933
2019-03-28 22:55,10952
2019-03-28 23:00,10856
2019-03-28 23:05,10792
2019-03-28 23:10,10715
2019-03-28 23:15,10708
2019-03-28 23:20,10691
2019-03-28 23:25,10658
2019-03-28 23:30,10640
2019-03-28 23:35,10564
2019-03-28 23:40,10565
2019-03-28 23:45,10536
2019-03-28 23:50,10492
2019-03-28 23:55,10469
2019-03-29 00:00,10431
2019-03-29 00:05,10457
2019-03-29 00:10,10516
2019-03-29 00:15,10457
2019-03-29 00:20,10437
2019-03-29 00:25,10411
2019-03-29 00:30,10407
2019-03-29 00:35,10431
2019-03-29 00:40,10418
2019-03-29 00:45,10354
2019-03-29 00:50,10331
2019-03-29 00:55,10335
2019-03-29 01:00,10303
2019-03-29 01:05,10237
2019-03-29 01:10,10244
2019-03-29 01:15,10216
2019-03-29 01:20,10195
2019-03-29 01:25,10186
2019-03-29 01:30,10169
2019-03-29 01:35,10159
2019-03-29 01:40,10097
2019-03-29 01:45,10114
2019-03-29 01:50,10025
2019-03-29 01:55,9987
2019-03-29 02:00,9927
2019-03-29 02:05,9899
2019-03-29 02:10,9880
2019-03-29 02:15,9842
2019-03-29 02:20,9792
2019-03-29 02:25,9767
2019-03-29 02:30,9754
2019-03-29 02:35,9701
2019-03-29 02:40,9673
2019-03-29 02:45,9625
2019-03-29 02:50,9597
2019-03-29 02:55,9511
2019-03-29 03:00,9419
2019-03-29 03:05,9314
2019-03-29 03:10,9221
2019-03-29 03:15,9105
2019-03-29 03:20,9052
2019-03-29 03:25,8954
2019-03-29 03:30,8870
2019-03-29 03:35,8823
2019-03-29 03:40,8754
2019-03-29 03:45,8691
2019-03-29 03:50,8580
2019-03-29 03:55,8443
2019-03-29 04:00,8335
2019-03-29 04:05,8171
2019-03-29 04:10,8005
2019-03-29 04:15,7863
2019-03-29 04:20,7771
2019-03-29 04:25,7658
2019-03-29 04:30,7559
2019-03-29 04:35,7472
2019-03-29 04:40,7368
2019-03-29 04:45,7262
2019-03-29 04:50,7116
2019-03-29 04:55,7047
2019-03-29 05:00,6930
2019-03-29 05:05,6760
2019-03-29 05:10,6645
2019-03-29 05:15,6551
2019-03-29 05:20,6469
2019-03-29 05:25,6373
2019-03-29 05:30,6240
2019-03-29 05:35,6127
2019-03-29 05:40,6026
2019-03-29 05:45,5866
2019-03-29 05:50,5740
2019-03-29 05:55,5698
2019-03-29 06:00,5579
2019-03-29 06:05,5467
2019-03-29 06:10,5388
2019-03-29 06:15,5304
2019-03-29 06:20,5226
2019-03-29 06:25,5116
2019-03-29 06:30,5031
2019-03-29 06:35,4950
2019-03-29 06:40,4874
2019-03-29 06:45,4801
2019-03-29 06:50,4702
2019-03-29 06:55,4660
2019-03-29 07:00,4603
2019-03-29 07:05,4542
2019-03-29 07:10,4478
2019-03-29 07:15,4406
2019-03-29 07:20,4371
2019-03-29 07:25,4313
2019-03-29 07:30,4234
2019-03-29 07:35,4190
2019-03-29 07:40,4186
2019-03-29 07:45,4143
2019-03-29 07:50,4113
2019-03-29 07:55,4056
2019-03-29 08:00,4015
2019-03-29 08:05,3933
2019-03-29 08:10,3902
2019-03-29 08:15,3865
2019-03-29 08:20,3843
2019-03-29 08:25,3822
2019-03-29 08:30,3788
2019-03-29 08:35,3763
2019-03-29 08:40,3764
2019-03-29 08:45,3778
2019-03-29 08:50,3770
2019-03-29 08:55,3770
2019-03-29 09:00,3782
2019-03-29 09:05,3818
2019-03-29 09:10,3800
2019-03-29 09:15,3788
2019-03-29 09:20,3795
2019-03-29 09:25,3769
2019-03-29 09:30,3768
2019-03-29 09:35,3783
2019-03-29 09:40,3898
2019-03-29 09:45,3906
2019-03-29 09:50,3912
2019-03-29 09:55,3943
2019-03-29 10:00,4006
2019-03-29 10:05,3992
2019-03-29 10:10,4034
2019-03-29 10:15,4037
2019-03-29 10:20,4082
2019-03-29 10:25,4115
2019-03-29 10:30,4119
2019-03-29 10:35,4171
2019-03-29 10:40,4217
2019-03-29 10:45,4220
2019-03-29 10:50,4259
2019-03-29 10:55,
2019-03-29 11:00,4331
2019-03-29 11:05,4356
2019-03-29 11:10,
2019-03-29 11:15,4482
2019-03-29 11:20,4501
2019-03-29 11:25,
2019-03-29 11:30,4577
2019-03-29 11:35,4608
2019-03-29 11:40,4648
2019-03-29 11:45,4642
2019-03-29 11:50,
2019-03-29 11:55,
2019-03-29 12:00,4862
2019-03-29 12:05,4950
2019-03-29 12:10,4962
2019-03-29 12:15,4993
2019-03-29 12:20,5054
2019-03-29 12:25,
2019-03-29 12:30,5284
2019-03-29 12:35,5324
2019-03-29 12:40,5420
2019-03-29 12:45,5501
2019-03-29 12:50,
2019-03-29 12:55,5609
2019-03-29 13:00,5680
2019-03-29 13:05,5802
2019-03-29 13:10,5908
2019-03-29 13:15,5940
2019-03-29 13:20,6056
2019-03-29 13:25,
2019-03-29 13:30,6162
2019-03-29 13:35,6275
2019-03-29 13:40,
2019-03-29 13:45,6420
2019-03-29 13:50,6475
2019-03-29 13:55,
2019-03-29 14:00,6574
2019-03-29 14:05,6704
2019-03-29 14:10,6846
2019-03-29 14:15,6963
2019-03-29 14:20,
2019-03-29 14:25,
2019-03-29 14:30,
2019-03-29 14:35,7366
2019-03-29 14:40,7380
2019-03-29 14:45,
2019-03-29 14:50,7551
2019-03-29 14:55,
2019-03-29 15:00,7830
2019-03-29 15:05,7850
2019-03-29 15:10,7919
2019-03-29 15:15,8020
2019-03-29 15:20,8068
2019-03-29 15:25,8132
2019-03-29 15:30,8225
2019-03-29 15:35,8305
2019-03-29 15:40,8394
2019-03-29 15:45,8470
2019-03-29 15:50,8594
2019-03-29 15:55,8674
2019-03-29 16:00,8708
2019-03-29 16:05,8824
2019-03-29 16:10,8938
2019-03-29 16:15,8962
2019-03-29 16:20,9040
2019-03-29 16:25,9125
2019-03-29 16:30,9192
2019-03-29 16:35,9201
2019-03-29 16:40,9354
2019-03-29 16:45,9399
2019-03-29 16:50,9457
2019-03-29 16:55,9531
2019-03-29 17:00,9554
2019-03-29 17:05,9692
2019-03-29 17:10,9713
2019-03-29 17:15,9766
2019-03-29 17:20,9848
2019-03-29 17:25,9881
2019-03-29 17:30,9939
2019-03-29 17:35,10071
2019-03-29 17:40,10140
2019-03-29 17:45,10274
2019-03-29 17:50,10352
2019-03-29 17:55,10432
2019-03-29 18:00,10555
2019-03-29 18:05,10589
2019-03-29 18:10,10669
2019-03-29 18:15,10704
2019-03-29 18:20,10720
2019-03-29 18:25,10812
2019-03-29 18:30,10904
2019-03-29 18:35,11059
2019-03-29 18:40,11184
2019-03-29 18:45,11287
2019-03-29 18:50,11368
2019-03-29 18:55,11449
2019-03-29 19:00,11584
2019-03-29 19:05,11656
2019-03-29 19:10,11801
2019-03-29 19:15,11808
2019-03-29 19:20,11852
2019-03-29 19:25,11859
2019-03-29 19:30,11978
2019-03-29 19:35,12081
2019-03-29 19:40,12149
2019-03-29 19:45,12194
2019-03-29 19:50,12240
2019-03-29 19:55,12332
2019-03-29 20:00,12338
2019-03-29 20:05,12411
2019-03-29 20:10,12436
2019-03-29 20:15,12481
2019-03-29 20:20,12433
2019-03-29 20:25,12448
2019-03-29 20:30,12460
2019-03-29 20:35,12531
2019-03-29 20:40,12523
2019-03-29 20:45,12518
2019-03-29 20:50,12546
2019-03-29 20:55,12519
2019-03-29 21:00,12520
2019-03-29 21:05,12524
2019-03-29 21:10,12553
2019-03-29 21:15,12505
2019-03-29 21:20,12513
2019-03-29 21:25,12504
2019-03-29 21:30,12511
2019-03-29 21:35,12484
2019-03-29 21:40,12467
2019-03-29 21:45,12503
2019-03-29 21:50,12495
2019-03-29 21:55,12481
2019-03-29 22:00,12500
2019-03-29 22:05,12573
2019-03-29 22:10,12509
2019-03-29 22:15,12464
2019-03-29 22:20,12446
2019-03-29 22:25,12337
2019-03-29 22:30,12310
2019-03-29 22:35,12255
2019-03-29 22:40,12252
2019-03-29 22:45,12201
2019-03-29 22:50,12168
2019-03-29 22:55,12156
2019-03-29 23:00,12066
2019-03-29 23:05,11941
2019-03-29 23:10,11833
2019-03-29 23:15,11819
2019-03-29 23:20,11756
2019-03-29 23:25,11699
2019-03-29 23:30,11650
2019-03-29 23:35,11522
2019-03-29 23:40,11422
2019-03-29 23:45,11356
2019-03-29 23:50,11250
2019-03-29 23:55,11183
2019-03-30 00:00,11113
2019-03-30 00:05,11073
2019-03-30 00:10,11028
2019-03-30 00:15,10978
2019-03-30 00:20,10957
2019-03-30 00:25,10914
2019-03-30 00:30,10891
2019-03-30 00:35,10840
2019-03-30 00:40,10841
2019-03-30 00:45,10809
2019-03-30 00:50,10820
2019-03-30 00:55,10776
2019-03-30 01:00,10788
2019-03-30 01:05,10758
2019-03-30 01:10,10718
2019-03-30 01:15,10701
2019-03-30 01:20,10684
2019-03-30 01:25,10566
2019-03-30 01:30,10571
2019-03-30 01:35,10552
2019-03-30 01:40,10604
2019-03-30 01:45,10607
2019-03-30 01:50,10660
2019-03-30 01:55,10652
2019-03-30 02:00,10581
2019-03-30 02:05,10561
2019-03-30 02:10,10535
2019-03-30 02:15,10518
2019-03-30 02:20,10571
2019-03-30 02:25,10568
2019-03-30 02:30,10567
2019-03-30 02:35,10577
2019-03-30 02:40,10517
2019-03-30 02:45,10516
2019-03-30 02:50,10540
2019-03-30 02:55,10582
2019-03-30 03:00,10544
2019-03-30 03:05,10471
2019-03-30 03:10,10464
2019-03-30 03:15,10435
2019-03-30 03:20,10333
2019-03-30 03:25,10298
2019-03-30 03:30,10253
2019-03-30 03:35,10192
2019-03-30 03:40,10114
2019-03-30 03:45,10013
2019-03-30 03:50,9945
2019-03-30 03:55,9901
2019-03-30 04:00,
2019-03-30 04:05,
2019-03-30 04:10,
2019-03-30 04:15,9496
2019-03-30 04:20,9450
2019-03-30 04:25,9405
2019-03-30 04:30,8258
2019-03-30 04:35,9238
2019-03-30 04:40,9083
2019-03-30 04:45,9050
2019-03-30 04:50,8966
2019-03-30 04:55,8887
2019-03-30 05:00,8761
2019-03-30 05:05,8587
2019-03-30 05:10,8452
2019-03-30 05:15,8360
2019-03-30 05:20,7508
2019-03-30 05:25,8083
2019-03-30 05:30,7971
2019-03-30 05:35,
2019-03-30 05:40,
2019-03-30 05:45,7526
2019-03-30 05:50,7437
2019-03-30 05:55,7363
2019-03-30 06:00,7214
2019-03-30 06:05,7101
2019-03-30 06:10,7004
2019-03-30 06:15,6866
2019-03-30 06:20,6791
2019-03-30 06:25,6672
2019-03-30 06:30,6596
2019-03-30 06:35,6478
2019-03-30 06:40,6344
2019-03-30 06:45,6276
2019-03-30 06:50,6241
2019-03-30 06:55,6122
2019-03-30 07:00,6011
2019-03-30 07:05,5924
2019-03-30 07:10,5818
2019-03-30 07:15,5736
2019-03-30 07:20,5608
2019-03-30 07:25,
2019-03-30 07:30,5555
2019-03-30 07:35,5541
2019-03-30 07:40,5489
2019-03-30 07:45,5473
2019-03-30 07:50,5435
2019-03-30 07:55,5392
2019-03-30 08:00,5324
2019-03-30 08:05,5334
2019-03-30 08:10,5327
2019-03-30 08:15,5259
2019-03-30 08:20,5235
2019-03-30 08:25,5209
2019-03-30 08:30,5214
2019-03-30 08:35,5204
2019-03-30 08:40,5203
2019-03-30 08:45,5219
2019-03-30 08:50,5263
2019-03-30 08:55,5232
2019-03-30 09:00,5228
2019-03-30 09:05,5311
2019-03-30 09:10,5336
2019-03-30 09:15,5367
2019-03-30 09:20,5398
2019-03-30 09:25,5399
2019-03-30 09:30,5427
2019-03-30 09:35,5465
2019-03-30 09:40,5495
2019-03-30 09:45,5554
2019-03-30 09:50,5610
2019-03-30 09:55,5600
2019-03-30 10:00,5661
2019-03-30 10:05,5721
2019-03-30 10:10,5786
2019-03-30 10:15,5847
2019-03-30 10:20,5910
2019-03-30 10:25,5955
2019-03-30 10:30,6016
2019-03-30 10:35,6103
2019-03-30 10:40,6203
2019-03-30 10:45,6232
2019-03-30 10:50,6235
2019-03-30 10:55,6286
2019-03-30 11:00,6351
2019-03-30 11:05,6412
2019-03-30 11:10,6413
2019-03-30 11:15,6442
2019-03-30 11:20,6498
2019-03-30 11:25,6576
2019-03-30 11:30,6615
2019-03-30 11:35,6698
2019-03-30 11:40,6785
2019-03-30 11:45,6798
2019-03-30 11:50,6880
2019-03-30 11:55,6886
2019-03-30 12:00,6863
2019-03-30 12:05,6926
2019-03-30 12:10,7012
2019-03-30 12:15,7011
2019-03-30 12:20,7082
2019-03-30 12:25,7166
2019-03-30 12:30,7261
2019-03-30 12:35,7364
2019-03-30 12:40,7449
2019-03-30 12:45,7533
2019-03-30 12:50,7567
2019-03-30 12:55,7594
2019-03-30 13:00,7710
2019-03-30 13:05,7790
2019-03-30 13:10,7849
2019-03-30 13:15,7937
2019-03-30 13:20,7981
2019-03-30 13:25,8058
2019-03-30 13:30,8133
2019-03-30 13:35,8260
2019-03-30 13:40,8350
2019-03-30 13:45,8460
2019-03-30 13:50,8597
2019-03-30 13:55,8667
2019-03-30 14:00,8725
2019-03-30 14:05,8881
2019-03-30 14:10,8927
2019-03-30 14:15,9066
2019-03-30 14:20,9166
2019-03-30 14:25,9241
2019-03-30 14:30,9276
2019-03-30 14:35,9326
2019-03-30 14:40,9410
2019-03-30 14:45,9449
2019-03-30 14:50,9511
2019-03-30 14:55,9632
2019-03-30 15:00,9701
2019-03-30 15:05,9771
2019-03-30 15:10,9896
2019-03-30 15:15,9918
2019-03-30 15:20,10000
2019-03-30 15:25,
2019-03-30 15:30,10138
2019-03-30 15:35,10211
2019-03-30 15:40,10339
2019-03-30 15:45,10422
2019-03-30 15:50,10471
2019-03-30 15:55,10561
2019-03-30 16:00,10620
2019-03-30 16:05,10641
2019-03-30 16:10,10749
2019-03-30 16:15,10846
2019-03-30 16:20,10957
2019-03-30 16:25,11019
2019-03-30 16:30,11117
2019-03-30 16:35,11236
2019-03-30 16:40,11418
2019-03-30 16:45,11501
2019-03-30 16:50,11546
2019-03-30 16:55,11649
2019-03-30 17:00,11681
2019-03-30 17:05,11748
2019-03-30 17:10,11764
2019-03-30 17:15,11808
2019-03-30 17:20,11888
2019-03-30 17:25,11954
2019-03-30 17:30,12022
2019-03-30 17:35,12151
2019-03-30 17:40,12185
2019-03-30 17:45,12160
2019-03-30 17:50,12186
2019-03-30 17:55,12294
2019-03-30 18:00,12364
2019-03-30 18:05,12401
2019-03-30 18:10,12444
2019-03-30 18:15,12517
2019-03-30 18:20,12572
2019-03-30 18:25,12609
2019-03-30 18:30,12610
2019-03-30 18:35,12659
2019-03-30 18:40,12748
2019-03-30 18:45,12689
2019-03-30 18:50,12786
2019-03-30 18:55,12856
2019-03-30 19:00,12920
2019-03-30 19:05,12955
2019-03-30 19:10,13020
2019-03-30 19:15,13080
2019-03-30 19:20,13074
2019-03-30 19:25,13236
2019-03-30 19:30,13215
2019-03-30 19:35,13302
2019-03-30 19:40,13358
2019-03-30 19:45,13477
2019-03-30 19:50,13510
2019-03-30 19:55,13586
2019-03-30 20:00,13640
2019-03-30 20:05,13671
2019-03-30 20:10,13684
2019-03-30 20:15,13678
2019-03-30 20:20,13698
2019-03-30 20:25,13643
2019-03-30 20:30,13634
2019-03-30 20:35,13700
2019-03-30 20:40,13720
2019-03-30 20:45,13781
2019-03-30 20:50,13823
2019-03-30 20:55,13810
2019-03-30 21:00,13839
2019-03-30 21:05,13790
2019-03-30 21:10,13730
2019-03-30 21:15,13654
2019-03-30 21:20,13681
2019-03-30 21:25,13649
2019-03-30 21:30,13573
2019-03-30 21:35,13611
2019-03-30 21:40,13572
2019-03-30 21:45,13554
2019-03-30 21:50,13517
2019-03-30 21:55,13492
2019-03-30 22:00,13442
2019-03-30 22:05,13385
2019-03-30 22:10,13260
2019-03-30 22:15,13205
2019-03-30 22:20,13149
2019-03-30 22:25,13033
2019-03-30 22:30,13029
2019-03-30 22:35,12944
2019-03-30 22:40,12899
2019-03-30 22:45,12772
2019-03-30 22:50,12715
2019-03-30 22:55,12660
2019-03-30 23:00,12605
2019-03-30 23:05,12532
2019-03-30 23:10,12419
2019-03-30 23:15,12340
2019-03-30 23:20,12238
2019-03-30 23:25,12107
2019-03-30 23:30,12047
2019-03-30 23:35,11995
2019-03-30 23:40,11898
2019-03-30 23:45,11845
2019-03-30 23:50,11782
2019-03-30 23:55,11726
2019-03-31 00:00,11664
2019-03-31 00:05,11642
2019-03-31 00:10,11592
2019-03-31 00:15,11528
2019-03-31 00:20,11471
2019-03-31 00:25,11367
2019-03-31 00:30,11333
2019-03-31 00:35,11265
2019-03-31 00:40,11158
2019-03-31 00:45,11130
2019-03-31 00:50,11082
2019-03-31 00:55,11041
2019-03-31 01:00,11020
2019-03-31 01:05,10970
2019-03-31 01:10,10974
2019-03-31 01:15,10991
2019-03-31 01:20,10913
2019-03-31 01:25,10819
2019-03-31 01:30,10763
2019-03-31 01:35,10699
2019-03-31 01:40,10643
2019-03-31 01:45,10600
2019-03-31 01:50,10593
2019-03-31 01:55,10579
2019-03-31 02:00,10519
2019-03-31 02:05,10473
2019-03-31 02:10,10492
2019-03-31 02:15,10451
2019-03-31 02:20,10451
2019-03-31 02:25,10437
2019-03-31 02:30,10404
2019-03-31 02:35,10396
2019-03-31 02:40,10378
2019-03-31 02:45,10369
2019-03-31 02:50,10336
2019-03-31 02:55,10350
2019-03-31 03:00,10351
2019-03-31 03:05,10353
2019-03-31 03:10,10281
2019-03-31 03:15,10271
2019-03-31 03:20,10210
2019-03-31 03:25,10188
2019-03-31 03:30,10135
2019-03-31 03:35,10134
2019-03-31 03:40,10168
2019-03-31 03:45,10084
2019-03-31 03:50,10032
2019-03-31 03:55,9950
2019-03-31 04:00,9919
2019-03-31 04:05,9772
2019-03-31 04:10,9714
2019-03-31 04:15,9665
2019-03-31 04:20,9621
2019-03-31 04:25,9580
2019-03-31 04:30,9488
2019-03-31 04:35,9354
2019-03-31 04:40,9268
2019-03-31 04:45,9235
2019-03-31 04:50,9170
2019-03-31 04:55,9093
2019-03-31 05:00,9018
2019-03-31 05:05,8892
2019-03-31 05:10,8759
2019-03-31 05:15,8668
2019-03-31 05:20,8632
2019-03-31 05:25,8625
2019-03-31 05:30,8522
2019-03-31 05:35,8424
2019-03-31 05:40,8293
2019-03-31 05:45,8125
2019-03-31 05:50,8003
2019-03-31 05:55,7894
2019-03-31 06:00,7773
2019-03-31 06:05,7717
2019-03-31 06:10,7604
2019-03-31 06:15,7514
2019-03-31 06:20,7430
2019-03-31 06:25,7281
2019-03-31 06:30,7166
2019-03-31 06:35,7049
2019-03-31 06:40,7006
2019-03-31 06:45,6900
2019-03-31 06:50,6762
2019-03-31 06:55,6609
2019-03-31 07:00,6484
2019-03-31 07:05,6449
2019-03-31 07:10,6397
2019-03-31 07:15,6315
2019-03-31 07:20,6258
2019-03-31 07:25,6166
2019-03-31 07:30,6052
2019-03-31 07:35,5939
2019-03-31 07:40,5870
2019-03-31 07:45,5814
2019-03-31 07:50,5762
2019-03-31 07:55,5738
2019-03-31 08:00,5700
2019-03-31 08:05,5668
2019-03-31 08:10,5629
2019-03-31 08:15,5601
2019-03-31 08:20,5556
2019-03-31 08:25,5500
2019-03-31 08:30,5450
2019-03-31 08:35,5497
2019-03-31 08:40,5505
2019-03-31 08:45,5448
2019-03-31 08:50,5475
2019-03-31 08:55,5441
2019-03-31 09:00,5433
2019-03-31 09:05,5521
2019-03-31 09:10,5555
2019-03-31 09:15,5581
2019-03-31 09:20,5608
2019-03-31 09:25,5638
2019-03-31 09:30,5678
2019-03-31 09:35,5684
2019-03-31 09:40,5760
2019-03-31 09:45,5790
2019-03-31 09:50,5791
2019-03-31 09:55,5887
2019-03-31 10:00,5965
2019-03-31 10:05,6036
2019-03-31 10:10,6093
2019-03-31 10:15,6166
2019-03-31 10:20,6164
2019-03-31 10:25,6193
2019-03-31 10:30,6233
2019-03-31 10:35,6261
2019-03-31 10:40,6245
2019-03-31 10:45,6307
2019-03-31 10:50,6322
2019-03-31 10:55,6410
2019-03-31 11:00,6469
2019-03-31 11:05,6554
2019-03-31 11:10,6589
2019-03-31 11:15,6656
2019-03-31 11:20,6759
2019-03-31 11:25,6776
2019-03-31 11:30,6868
2019-03-31 11:35,6979
2019-03-31 11:40,7080
2019-03-31 11:45,7140
2019-03-31 11:50,7195
2019-03-31 11:55,7274
2019-03-31 12:00,7322
2019-03-31 12:05,7426
2019-03-31 12:10,7526
2019-03-31 12:15,7573
2019-03-31 12:20,7674
2019-03-31 12:25,7699
2019-03-31 12:30,7769
2019-03-31 12:35,7800
2019-03-31 12:40,7843
2019-03-31 12:45,7858
2019-03-31 12:50,7924
2019-03-31 12:55,8004
2019-03-31 13:00,8057
2019-03-31 13:05,8120
2019-03-31 13:10,8280
2019-03-31 13:15,8328
2019-03-31 13:20,8433
2019-03-31 13:25,8511
2019-03-31 13:30,8583
2019-03-31 13:35,8756
2019-03-31 13:40,8845
2019-03-31 13:45,8972
2019-03-31 13:50,9042
2019-03-31 13:55,9101
2019-03-31 14:00,9201
2019-03-31 14:05,9310
2019-03-31 14:10,9500
2019-03-31 14:15,9573
2019-03-31 14:20,9668
2019-03-31 14:25,9819
2019-03-31 14:30,9956
2019-03-31 14:35,9990
2019-03-31 14:40,10096
2019-03-31 14:45,10163
2019-03-31 14:50,10282
2019-03-31 14:55,10361
2019-03-31 15:00,10430
2019-03-31 15:05,10497
2019-03-31 15:10,10574
2019-03-31 15:15,10623
2019-03-31 15:20,10685
2019-03-31 15:25,10853
2019-03-31 15:30,10945
2019-03-31 15:35,11072
2019-03-31 15:40,11139
2019-03-31 15:45,11162
2019-03-31 15:50,11237
2019-03-31 15:55,11264
2019-03-31 16:00,11362
2019-03-31 16:05,11465
2019-03-31 16:10,11541
2019-03-31 16:15,11659
2019-03-31 16:20,11728
2019-03-31 16:25,11826
2019-03-31 16:30,11887
2019-03-31 16:35,12034
2019-03-31 16:40,12141
2019-03-31 16:45,12235
2019-03-31 16:50,12331
2019-03-31 16:55,12383
2019-03-31 17:00,12481
2019-03-31 17:05,12617
2019-03-31 17:10,12709
2019-03-31 17:15,12805
2019-03-31 17:20,12958
2019-03-31 17:25,13046
2019-03-31 17:30,13145
2019-03-31 17:35,13292
2019-03-31 17:40,13423
2019-03-31 17:45,13551
2019-03-31 17:50,13727
2019-03-31 17:55,13815
2019-03-31 18:00,13966
2019-03-31 18:05,14102
2019-03-31 18:10,14184
2019-03-31 18:15,14211
2019-03-31 18:20,14294
2019-03-31 18:25,14401
2019-03-31 18:30,14313
2019-03-31 18:35,14443
2019-03-31 18:40,14477
2019-03-31 18:45,14494
2019-03-31 18:50,14561
2019-03-31 18:55,14577
2019-03-31 19:00,14582
2019-03-31 19:05,14667
2019-03-31 19:10,14666
2019-03-31 19:15,14742
2019-03-31 19:20,14756
2019-03-31 19:25,14812
2019-03-31 19:30,14873
2019-03-31 19:35,14823
2019-03-31 19:40,14884
2019-03-31 19:45,14843
2019-03-31 19:50,14821
2019-03-31 19:55,14763
2019-03-31 20:00,14673
2019-03-31 20:05,14588
2019-03-31 20:10,14513
2019-03-31 20:15,14408
2019-03-31 20:20,14374
2019-03-31 20:25,14303
2019-03-31 20:30,14342
2019-03-31 20:35,14283
2019-03-31 20:40,14116
2019-03-31 20:45,14003
2019-03-31 20:50,13877
2019-03-31 20:55,13812
2019-03-31 21:00,13666
2019-03-31 21:05,13570
2019-03-31 21:10,13447
2019-03-31 21:15,13298
2019-03-31 21:20,13192
2019-03-31 21:25,13052
2019-03-31 21:30,13008
2019-03-31 21:35,12900
2019-03-31 21:40,12746
2019-03-31 21:45,12725
2019-03-31 21:50,12590
2019-03-31 21:55,12557
2019-03-31 22:00,12433
2019-03-31 22:05,12281
2019-03-31 22:10,12100
2019-03-31 22:15,12010
2019-03-31 22:20,11896
2019-03-31 22:25,11846
2019-03-31 22:30,11777
2019-03-31 22:35,11724
2019-03-31 22:40,11642
2019-03-31 22:45,11586
2019-03-31 22:50,11466
2019-03-31 22:55,11354
2019-03-31 23:00,11288
2019-03-31 23:05,11193
2019-03-31 23:10,11138
2019-03-31 23:15,11074
2019-03-31 23:20,11079
2019-03-31 23:25,11087
2019-03-31 23:30,11077
2019-03-31 23:35,11024
2019-03-31 23:40,11003
2019-03-31 23:45,11001
2019-03-31 23:50,10933
2019-03-31 23:55,10945
2019-04-01 00:00,10874
2019-04-01 00:05,10805
2019-04-01 00:10,10830
2019-04-01 00:15,10836
2019-04-01 00:20,10804
2019-04-01 00:25,
2019-04-01 00:30,10761
2019-04-01 00:35,10726
2019-04-01 00:40,10761
2019-04-01 00:45,10733
2019-04-01 00:50,10754
2019-04-01 00:55,10714
2019-04-01 01:00,10676
2019-04-01 01:05,10623
2019-04-01 01:10,10588
2019-04-01 01:15,10546
2019-04-01 01:20,10480
2019-04-01 01:25,10481
2019-04-01 01:30,10453
2019-04-01 01:35,10453
2019-04-01 01:40,10454
2019-04-01 01:45,10386
2019-04-01 01:50,10363
2019-04-01 01:55,10288
2019-04-01 02:00,10251
2019-04-01 02:05,10190
2019-04-01 02:10,10071
2019-04-01 02:15,10049
2019-04-01 02:20,10004
2019-04-01 02:25,9940
2019-04-01 02:30,9802
2019-04-01 02:35,9768
2019-04-01 02:40,9707
2019-04-01 02:45,9651
2019-04-01 02:50,9591
2019-04-01 02:55,9509
2019-04-01 03:00,9425
2019-04-01 03:05,9266
2019-04-01 03:10,9180
2019-04-01 03:15,9053
2019-04-01 03:20,8974
2019-04-01 03:25,8844
2019-04-01 03:30,8768
2019-04-01 03:35,8657
2019-04-01 03:40,8540
2019-04-01 03:45,8396
2019-04-01 03:50,8279
2019-04-01 03:55,8219
2019-04-01 04:00,8095
2019-04-01 04:05,8024
2019-04-01 04:10,7923
2019-04-01 04:15,7767
2019-04-01 04:20,7647
2019-04-01 04:25,7547
2019-04-01 04:30,7474
2019-04-01 04:35,7246
2019-04-01 04:40,7275
2019-04-01 04:45,7114
2019-04-01 04:50,6995
2019-04-01 04:55,6935
2019-04-01 05:00,6774
2019-04-01 05:05,6625
2019-04-01 05:10,6546
2019-04-01 05:15,6440
2019-04-01 05:20,6337
2019-04-01 05:25,6221
2019-04-01 05:30,6107
2019-04-01 05:35,5995
2019-04-01 05:40,5841
2019-04-01 05:45,5740
2019-04-01 05:50,5620
2019-04-01 05:55,5536
2019-04-01 06:00,5448
2019-04-01 06:05,5322
2019-04-01 06:10,5198
2019-04-01 06:15,5151
2019-04-01 06:20,5082
2019-04-01 06:25,4994
2019-04-01 06:30,4915
2019-04-01 06:35,4834
2019-04-01 06:40,4765
2019-04-01 06:45,4688
2019-04-01 06:50,4658
2019-04-01 06:55,4588
2019-04-01 07:00,4505
2019-04-01 07:05,4435
2019-04-01 07:10,4397
2019-04-01 07:15,4335
2019-04-01 07:20,4285
2019-04-01 07:25,4229
2019-04-01 07:30,4196
2019-04-01 07:35,4119
2019-04-01 07:40,4128
2019-04-01 07:45,4062
2019-04-01 07:50,4045
2019-04-01 07:55,4012
2019-04-01 08:00,3961
2019-04-01 08:05,3913
2019-04-01 08:10,3883
2019-04-01 08:15,3859
2019-04-01 08:20,3794
2019-04-01 08:25,3754
2019-04-01 08:30,3751
2019-04-01 08:35,3758
2019-04-01 08:40,3778
2019-04-01 08:45,3777
2019-04-01 08:50,3759
2019-04-01 08:55,3770
2019-04-01 09:00,3751
2019-04-01 09:05,3738
2019-04-01 09:10,3745
2019-04-01 09:15,3740
2019-04-01 09:20,3756
2019-04-01 09:25,3768
2019-04-01 09:30,3744
2019-04-01 09:35,3760
2019-04-01 09:40,3773
2019-04-01 09:45,3811
2019-04-01 09:50,3879
2019-04-01 09:55,3876
2019-04-01 10:00,3904
2019-04-01 10:05,3907
2019-04-01 10:10,3916
2019-04-01 10:15,3979
2019-04-01 10:20,4009
2019-04-01 10:25,4041
2019-04-01 10:30,4041
2019-04-01 10:35,4093
2019-04-01 10:40,4143
2019-04-01 10:45,4185
2019-04-01 10:50,4228
2019-04-01 10:55,4273
2019-04-01 11:00,4293
2019-04-01 11:05,4308
2019-04-01 11:10,4337
2019-04-01 11:15,4390
2019-04-01 11:20,4449
2019-04-01 11:25,4461
2019-04-01 11:30,4475
2019-04-01 11:35,4512
2019-04-01 11:40,4531
2019-04-01 11:45,4531
2019-04-01 11:50,4568
2019-04-01 11:55,4588
2019-04-01 12:00,4639
2019-04-01 12:05,4675
2019-04-01 12:10,4773
2019-04-01 12:15,4869
2019-04-01 12:20,4951
2019-04-01 12:25,5011
2019-04-01 12:30,5072
2019-04-01 12:35,5122
2019-04-01 12:40,5215
2019-04-01 12:45,5287
2019-04-01 12:50,5330
2019-04-01 12:55,5420
2019-04-01 13:00,5494
2019-04-01 13:05,5560
2019-04-01 13:10,5632
2019-04-01 13:15,5687
2019-04-01 13:20,5722
2019-04-01 13:25,5768
2019-04-01 13:30,5851
2019-04-01 13:35,5956
2019-04-01 13:40,6022
2019-04-01 13:45,6160
2019-04-01 13:50,6242
2019-04-01 13:55,6379
2019-04-01 14:00,6505
2019-04-01 14:05,6564
2019-04-01 14:10,6626
2019-04-01 14:15,6758
2019-04-01 14:20,6840
2019-04-01 14:25,6899
2019-04-01 14:30,6988
2019-04-01 14:35,7049
2019-04-01 14:40,7113
2019-04-01 14:45,7135
2019-04-01 14:50,7190
2019-04-01 14:55,7274
2019-04-01 15:00,7342
2019-04-01 15:05,7433
2019-04-01 15:10,7467
2019-04-01 15:15,7545
2019-04-01 15:20,7626
2019-04-01 15:25,7694
2019-04-01 15:30,7801
2019-04-01 15:35,7882
2019-04-01 15:40,7993
2019-04-01 15:45,8111
2019-04-01 15:50,8174
2019-04-01 15:55,8284
2019-04-01 16:00,8393
2019-04-01 16:05,8495
2019-04-01 16:10,8575
2019-04-01 16:15,8684
2019-04-01 16:20,8798
2019-04-01 16:25,8877
2019-04-01 16:30,9016
2019-04-01 16:35,9127
2019-04-01 16:40,9204
2019-04-01 16:45,9317
2019-04-01 16:50,9367
2019-04-01 16:55,9466
2019-04-01 17:00,9593
2019-04-01 17:05,9756
2019-04-01 17:10,9847
2019-04-01 17:15,9980
2019-04-01 17:20,10092
2019-04-01 17:25,10149
2019-04-01 17:30,10260
2019-04-01 17:35,10349
2019-04-01 17:40,10435
2019-04-01 17:45,10576
2019-04-01 17:50,10673
2019-04-01 17:55,10777
2019-04-01 18:00,10865
2019-04-01 18:05,10971
2019-04-01 18:10,11100
2019-04-01 18:15,11147
2019-04-01 18:20,11282
2019-04-01 18:25,11370
2019-04-01 18:30,11456
2019-04-01 18:35,11598
2019-04-01 18:40,11656
2019-04-01 18:45,11713
2019-04-01 18:50,11751
2019-04-01 18:55,11782
2019-04-01 19:00,11890
2019-04-01 19:05,11906
2019-04-01 19:10,11977
2019-04-01 19:15,11972
2019-04-01 19:20,11918
2019-04-01 19:25,12002
2019-04-01 19:30,11988
2019-04-01 19:35,12086
2019-04-01 19:40,11973
2019-04-01 19:45,12035
2019-04-01 19:50,12009
2019-04-01 19:55,11930
2019-04-01 20:00,11954
2019-04-01 20:05,11936
2019-04-01 20:10,11894
2019-04-01 20:15,11806
2019-04-01 20:20,11725
2019-04-01 20:25,11623
2019-04-01 20:30,11494
2019-04-01 20:35,11498
2019-04-01 20:40,11444
2019-04-01 20:45,11424
2019-04-01 20:50,11325
2019-04-01 20:55,11322
2019-04-01 21:00,11307
2019-04-01 21:05,11253
2019-04-01 21:10,11133
2019-04-01 21:15,11026
2019-04-01 21:20,10992
2019-04-01 21:25,10903
2019-04-01 21:30,10859
2019-04-01 21:35,10837
2019-04-01 21:40,10771
2019-04-01 21:45,10698
2019-04-01 21:50,10654
2019-04-01 21:55,10525
2019-04-01 22:00,10474
2019-04-01 22:05,10414
2019-04-01 22:10,10328
2019-04-01 22:15,10259
2019-04-01 22:20,10277
2019-04-01 22:25,10248
2019-04-01 22:30,10249
2019-04-01 22:35,10160
2019-04-01 22:40,10108
2019-04-01 22:45,10056
2019-04-01 22:50,10031
2019-04-01 22:55,10030
2019-04-01 23:00,10002
2019-04-01 23:05,9914
2019-04-01 23:10,9936
2019-04-01 23:15,9870
2019-04-01 23:20,9818
2019-04-01 23:25,9832
2019-04-01 23:30,9808
2019-04-01 23:35,9763
2019-04-01 23:40,9773
2019-04-01 23:45,9782
2019-04-01 23:50,9769
2019-04-01 23:55,9821
2019-04-02 00:00,9770
2019-04-02 00:05,9740
2019-04-02 00:10,9734
2019-04-02 00:15,9697
2019-04-02 00:20,9769
2019-04-02 00:25,9795
2019-04-02 00:30,9880
2019-04-02 00:35,9898
2019-04-02 00:40,9978
2019-04-02 00:45,9976
2019-04-02 00:50,9989
2019-04-02 00:55,9990
2019-04-02 01:00,9980
2019-04-02 01:05,9946
2019-04-02 01:10,10021
2019-04-02 01:15,10038
2019-04-02 01:20,10001
2019-04-02 01:25,9991
2019-04-02 01:30,10087
2019-04-02 01:35,10057
2019-04-02 01:40,10105
2019-04-02 01:45,10093
2019-04-02 01:50,10058
2019-04-02 01:55,10047
2019-04-02 02:00,10028
2019-04-02 02:05,10029
2019-04-02 02:10,9943
2019-04-02 02:15,9898
2019-04-02 02:20,9837
2019-04-02 02:25,9758
2019-04-02 02:30,9693
2019-04-02 02:35,9669
2019-04-02 02:40,9648
2019-04-02 02:45,9598
2019-04-02 02:50,9549
2019-04-02 02:55,9460
2019-04-02 03:00,9341
2019-04-02 03:05,9274
2019-04-02 03:10,9198
2019-04-02 03:15,9077
2019-04-02 03:20,9011
2019-04-02 03:25,8935
2019-04-02 03:30,8826
2019-04-02 03:35,8777
2019-04-02 03:40,8643
2019-04-02 03:45,8528
2019-04-02 03:50,8393
2019-04-02 03:55,8274
2019-04-02 04:00,8172
2019-04-02 04:05,8074
2019-04-02 04:10,7905
2019-04-02 04:15,7766
2019-04-02 04:20,7655
2019-04-02 04:25,7519
2019-04-02 04:30,7374
2019-04-02 04:35,7292
2019-04-02 04:40,7159
2019-04-02 04:45,7052
2019-04-02 04:50,6969
2019-04-02 04:55,6846
2019-04-02 05:00,6727
2019-04-02 05:05,6620
2019-04-02 05:10,6512
2019-04-02 05:15,6345
2019-04-02 05:20,6214
2019-04-02 05:25,6099
2019-04-02 05:30,5945
2019-04-02 05:35,5820
2019-04-02 05:40,5625
2019-04-02 05:45,5496
2019-04-02 05:50,5433
2019-04-02 05:55,5276
2019-04-02 06:00,5170
2019-04-02 06:05,5115
2019-04-02 06:10,5036
2019-04-02 06:15,4951
2019-04-02 06:20,4845
2019-04-02 06:25,4758
2019-04-02 06:30,4701
2019-04-02 06:35,4637
2019-04-02 06:40,4598
2019-04-02 06:45,4537
2019-04-02 06:50,4448
2019-04-02 06:55,4368
2019-04-02 07:00,4312
2019-04-02 07:05,4277
2019-04-02 07:10,4230
2019-04-02 07:15,4164
2019-04-02 07:20,4109
2019-04-02 07:25,4058
2019-04-02 07:30,4002
2019-04-02 07:35,3986
2019-04-02 07:40,4008
2019-04-02 07:45,3996
2019-04-02 07:50,3965
2019-04-02 07:55,3909
2019-04-02 08:00,3852
2019-04-02 08:05,3817
2019-04-02 08:10,3781
2019-04-02 08:15,3743
2019-04-02 08:20,3687
2019-04-02 08:25,3660
2019-04-02 08:30,3645
2019-04-02 08:35,3620
2019-04-02 08:40,3614
2019-04-02 08:45,3646
2019-04-02 08:50,3639
2019-04-02 08:55,3653
2019-04-02 09:00,3650
2019-04-02 09:05,3683
2019-04-02 09:10,3674
2019-04-02 09:15,3661
2019-04-02 09:20,3601
2019-04-02 09:25,3694
2019-04-02 09:30,3729
2019-04-02 09:35,3704
2019-04-02 09:40,3693
2019-04-02 09:45,3707
2019-04-02 09:50,3711
2019-04-02 09:55,3704
2019-04-02 10:00,3722
2019-04-02 10:05,3672
2019-04-02 10:10,3639
2019-04-02 10:15,3639
2019-04-02 10:20,3593
2019-04-02 10:25,3583
2019-04-02 10:30,3559
2019-04-02 10:35,3018
2019-04-02 10:40,2485
2019-04-02 10:45,2038
2019-04-02 10:50,1649
2019-04-02 10:55,1347
2019-04-02 11:00,1186
2019-04-02 11:05,1129
2019-04-02 11:10,1125
2019-04-02 11:15,1126
2019-04-02 11:20,1134
2019-04-02 11:25,1106
2019-04-02 11:30,625
2019-04-02 11:35,1067
2019-04-02 11:40,1149
2019-04-02 11:45,1166
2019-04-02 11:50,1118
2019-04-02 11:55,1041
2019-04-02 12:00,985
2019-04-02 12:05,920
2019-04-02 12:10,961
2019-04-02 12:15,1015
2019-04-02 12:20,1082
2019-04-02 12:25,1101
2019-04-02 12:30,1155
2019-04-02 12:35,1181
2019-04-02 12:40,1224
2019-04-02 12:45,1229
2019-04-02 12:50,1575
2019-04-02 12:55,1497
2019-04-02 13:00,1375
2019-04-02 13:05,1673
2019-04-02 13:10,2223
2019-04-02 13:15,2724
2019-04-02 13:20,3175
2019-04-02 13:25,3599
2019-04-02 13:30,4020
2019-04-02 13:35,4511
2019-04-02 13:40,4942
2019-04-02 13:45,5309
2019-04-02 13:50,5632
2019-04-02 13:55,5929
2019-04-02 14:00,6269
2019-04-02 14:05,6589
2019-04-02 14:10,6816
2019-04-02 14:15,6990
2019-04-02 14:20,7223
2019-04-02 14:25,7423
2019-04-02 14:30,7590
2019-04-02 14:35,7765
2019-04-02 14:40,7786
2019-04-02 14:45,7948
2019-04-02 14:50,8109
2019-04-02 14:55,8292
2019-04-02 15:00,8481
2019-04-02 15:05,8644
2019-04-02 15:10,8751
2019-04-02 15:15,8895
2019-04-02 15:20,9016
2019-04-02 15:25,9122
2019-04-02 15:30,9097
2019-04-02 15:35,9164
2019-04-02 15:40,9212
2019-04-02 15:45,9263
2019-04-02 15:50,9410
2019-04-02 15:55,9403
2019-04-02 16:00,9392
2019-04-02 16:05,9423
2019-04-02 16:10,9474
2019-04-02 16:15,9559
2019-04-02 16:20,910
2019-04-02 16:25,1651
2019-04-02 16:30,2194
2019-04-02 16:35,2648
2019-04-02 16:40,3009
2019-04-02 16:45,3251
2019-04-02 16:50,3262
2019-04-02 16:55,3368
2019-04-02 17:00,3436
2019-04-02 17:05,2334
2019-04-02 17:10,2261
2019-04-02 17:15,2998
2019-04-02 17:20,3219
2019-04-02 17:25,7185
2019-04-02 17:30,
2019-04-02 17:35,
2019-04-02 17:40,9306
2019-04-02 17:45,9812
2019-04-02 17:50,10169
2019-04-02 17:55,10556
2019-04-02 18:00,10847
2019-04-02 18:05,11176
2019-04-02 18:10,11482
2019-04-02 18:15,11812
2019-04-02 18:20,12048
2019-04-02 18:25,12246
2019-04-02 18:30,12419
2019-04-02 18:35,12580
2019-04-02 18:40,12736
2019-04-02 18:45,12799
2019-04-02 18:50,12924
2019-04-02 18:55,12801
2019-04-02 19:00,11834
2019-04-02 19:05,9272
2019-04-02 19:10,8642
2019-04-02 19:15,8905
2019-04-02 19:20,8177
2019-04-02 19:25,8060
2019-04-02 19:30,8107
2019-04-02 19:35,7741
2019-04-02 19:40,8290
2019-04-02 19:45,8793
2019-04-02 19:50,9420
2019-04-02 19:55,9983
2019-04-02 20:00,10405
2019-04-02 20:05,10773
2019-04-02 20:10,11047
2019-04-02 20:15,11389
2019-04-02 20:20,11647
2019-04-02 20:25,11854
2019-04-02 20:30,12123
2019-04-02 20:35,12357
2019-04-02 20:40,12477
2019-04-02 20:45,12617
2019-04-02 20:50,12730
2019-04-02 20:55,12729
2019-04-02 21:00,12702
2019-04-02 21:05,12706
2019-04-02 21:10,12690
2019-04-02 21:15,12640
2019-04-02 21:20,12644
2019-04-02 21:25,12530
2019-04-02 21:30,12091
2019-04-02 21:35,11659
2019-04-02 21:40,11601
2019-04-02 21:45,11666
2019-04-02 21:50,11670
2019-04-02 21:55,11693
2019-04-02 22:00,11592
2019-04-02 22:05,11496
2019-04-02 22:10,11403
2019-04-02 22:15,11321
2019-04-02 22:20,11290
2019-04-02 22:25,11196
2019-04-02 22:30,11192
2019-04-02 22:35,11230
2019-04-02 22:40,11176
2019-04-02 22:45,11100
2019-04-02 22:50,11091
2019-04-02 22:55,11108
2019-04-02 23:00,
2019-04-02 23:05,0
2019-04-02 23:10,10307
2019-04-02 23:15,10801
2019-04-02 23:20,10829
2019-04-02 23:25,10825
2019-04-02 23:30,10846
2019-04-02 23:35,10920
2019-04-02 23:40,10817
2019-04-02 23:45,10860
2019-04-02 23:50,10882
2019-04-02 23:55,10926
2019-04-03 00:00,10921
2019-04-03 00:05,10924
2019-04-03 00:10,10930
2019-04-03 00:15,10914
2019-04-03 00:20,10913
2019-04-03 00:25,10900
2019-04-03 00:30,10923
2019-04-03 00:35,10958
2019-04-03 00:40,10931
2019-04-03 00:45,10921
2019-04-03 00:50,10919
2019-04-03 00:55,10889
2019-04-03 01:00,10875
2019-04-03 01:05,10920
2019-04-03 01:10,10970
2019-04-03 01:15,10963
2019-04-03 01:20,10947
2019-04-03 01:25,10964
2019-04-03 01:30,10932
2019-04-03 01:35,10920
2019-04-03 01:40,10975
2019-04-03 01:45,10968
2019-04-03 01:50,10975
2019-04-03 01:55,10960
2019-04-03 02:00,10977
2019-04-03 02:05,10899
2019-04-03 02:10,10825
2019-04-03 02:15,10730
2019-04-03 02:20,10719
2019-04-03 02:25,10684
2019-04-03 02:30,10555
2019-04-03 02:35,10464
2019-04-03 02:40,10373
2019-04-03 02:45,10342
2019-04-03 02:50,10285
2019-04-03 02:55,9964
2019-04-03 03:00,9418
2019-04-03 03:05,9260
2019-04-03 03:10,9182
2019-04-03 03:15,9196
2019-04-03 03:20,9180
2019-04-03 03:25,9116
2019-04-03 03:30,9057
2019-04-03 03:35,8975
2019-04-03 03:40,8899
2019-04-03 03:45,8759
2019-04-03 03:50,8727
2019-04-03 03:55,8618
2019-04-03 04:00,8576
2019-04-03 04:05,8480
2019-04-03 04:10,8427
2019-04-03 04:15,8339
2019-04-03 04:20,8262
2019-04-03 04:25,8218
2019-04-03 04:30,8064
2019-04-03 04:35,7998
2019-04-03 04:40,7925
2019-04-03 04:45,7804
2019-04-03 04:50,7688
2019-04-03 04:55,7569
2019-04-03 05:00,7460
2019-04-03 05:05,7289
2019-04-03 05:10,7165
2019-04-03 05:15,7032
2019-04-03 05:20,6925
2019-04-03 05:25,6819
2019-04-03 05:30,6702
2019-04-03 05:35,6565
2019-04-03 05:40,6465
2019-04-03 05:45,6334
2019-04-03 05:50,6249
2019-04-03 05:55,6105
2019-04-03 06:00,5983
2019-04-03 06:05,5882
2019-04-03 06:10,5752
2019-04-03 06:15,5662
2019-04-03 06:20,5566
2019-04-03 06:25,5466
2019-04-03 06:30,5360
2019-04-03 06:35,5264
2019-04-03 06:40,5200
2019-04-03 06:45,5161
2019-04-03 06:50,5129
2019-04-03 06:55,4978
2019-04-03 07:00,4916
2019-04-03 07:05,4831
2019-04-03 07:10,4781
2019-04-03 07:15,4732
2019-04-03 07:20,4661
2019-04-03 07:25,4626
2019-04-03 07:30,4580
2019-04-03 07:35,4528
2019-04-03 07:40,4498
2019-04-03 07:45,4496
2019-04-03 07:50,4455
2019-04-03 07:55,4414
2019-04-03 08:00,4351
2019-04-03 08:05,4319
2019-04-03 08:10,4307
2019-04-03 08:15,4264
2019-04-03 08:20,4248
2019-04-03 08:25,4284
2019-04-03 08:30,4255
2019-04-03 08:35,4285
2019-04-03 08:40,4316
2019-04-03 08:45,4289
2019-04-03 08:50,4269
2019-04-03 08:55,4273
2019-04-03 09:00,4281
2019-04-03 09:05,4310
2019-04-03 09:10,4348
2019-04-03 09:15,4342
2019-04-03 09:20,4384
2019-04-03 09:25,4391
2019-04-03 09:30,4402
2019-04-03 09:35,4399
2019-04-03 09:40,4439
2019-04-03 09:45,4401
2019-04-03 09:50,4402
2019-04-03 09:55,4453
2019-04-03 10:00,4467
2019-04-03 10:05,4479
2019-04-03 10:10,4528
2019-04-03 10:15,4582
2019-04-03 10:20,4605
2019-04-03 10:25,4628
2019-04-03 10:30,4649
2019-04-03 10:35,4710
2019-04-03 10:40,4730
2019-04-03 10:45,4745
2019-04-03 10:50,4768
2019-04-03 10:55,4844
2019-04-03 11:00,4881
2019-04-03 11:05,4925
2019-04-03 11:10,4989
2019-04-03 11:15,5013
2019-04-03 11:20,5087
2019-04-03 11:25,5124
2019-04-03 11:30,5146
2019-04-03 11:35,
2019-04-03 11:40,
2019-04-03 11:45,
2019-04-03 11:50,
2019-04-03 11:55,
2019-04-03 12:00,
2019-04-03 12:05,
2019-04-03 12:10,
2019-04-03 12:15,
2019-04-03 12:20,5601
2019-04-03 12:25,5669
2019-04-03 12:30,5747
2019-04-03 12:35,5839
2019-04-03 12:40,5901
2019-04-03 12:45,6004
2019-04-03 12:50,6098
2019-04-03 12:55,6155
2019-04-03 13:00,6199
2019-04-03 13:05,6287
2019-04-03 13:10,6420
2019-04-03 13:15,6552
2019-04-03 13:20,6675
2019-04-03 13:25,6742
2019-04-03 13:30,6829
2019-04-03 13:35,6876
2019-04-03 13:40,7043
2019-04-03 13:45,7158
2019-04-03 13:50,7282
2019-04-03 13:55,7330
2019-04-03 14:00,7443
2019-04-03 14:05,7584
2019-04-03 14:10,7713
2019-04-03 14:15,7815
2019-04-03 14:20,7962
2019-04-03 14:25,8064
2019-04-03 14:30,8174
2019-04-03 14:35,8221
2019-04-03 14:40,8305
2019-04-03 14:45,8381
2019-04-03 14:50,8437
2019-04-03 14:55,8542
2019-04-03 15:00,8601
2019-04-03 15:05,8655
2019-04-03 15:10,8713
2019-04-03 15:15,8814
2019-04-03 15:20,8876
2019-04-03 15:25,8968
2019-04-03 15:30,9039
2019-04-03 15:35,9060
2019-04-03 15:40,9172
2019-04-03 15:45,9233
2019-04-03 15:50,9314
2019-04-03 15:55,9409
2019-04-03 16:00,9407
2019-04-03 16:05,9498
2019-04-03 16:10,9590
2019-04-03 16:15,9653
2019-04-03 16:20,9753
2019-04-03 16:25,9886
2019-04-03 16:30,10014
2019-04-03 16:35,10182
2019-04-03 16:40,10218
2019-04-03 16:45,10297
2019-04-03 16:50,10419
2019-04-03 16:55,10476
2019-04-03 17:00,10558
2019-04-03 17:05,10675
2019-04-03 17:10,10701
2019-04-03 17:15,10775
2019-04-03 17:20,10807
2019-04-03 17:25,10939
2019-04-03 17:30,11045
2019-04-03 17:35,11111
2019-04-03 17:40,11209
2019-04-03 17:45,11307
2019-04-03 17:50,11405
2019-04-03 17:55,11494
2019-04-03 18:00,11551
2019-04-03 18:05,11634
2019-04-03 18:10,11726
2019-04-03 18:15,11801
2019-04-03 18:20,11893
2019-04-03 18:25,12019
2019-04-03 18:30,12214
2019-04-03 18:35,12340
2019-04-03 18:40,12373
2019-04-03 18:45,12405
2019-04-03 18:50,12464
2019-04-03 18:55,12529
2019-04-03 19:00,12624
2019-04-03 19:05,12668
2019-04-03 19:10,12718
2019-04-03 19:15,12705
2019-04-03 19:20,12701
2019-04-03 19:25,12693
2019-04-03 19:30,12741
2019-04-03 19:35,12823
2019-04-03 19:40,12854
2019-04-03 19:45,12897
2019-04-03 19:50,12855
2019-04-03 19:55,12803
2019-04-03 20:00,12725
2019-04-03 20:05,12696
2019-04-03 20:10,12710
2019-04-03 20:15,12539
2019-04-03 20:20,12401
2019-04-03 20:25,12388
2019-04-03 20:30,12353
2019-04-03 20:35,12281
2019-04-03 20:40,12296
2019-04-03 20:45,12363
2019-04-03 20:50,12324
2019-04-03 20:55,12314
2019-04-03 21:00,12280
2019-04-03 21:05,12237
2019-04-03 21:10,12132
2019-04-03 21:15,12009
2019-04-03 21:20,11922
2019-04-03 21:25,11872
2019-04-03 21:30,11750
2019-04-03 21:35,11691
2019-04-03 21:40,11628
2019-04-03 21:45,11505
2019-04-03 21:50,11442
2019-04-03 21:55,11301
2019-04-03 22:00,11246
2019-04-03 22:05,11105
2019-04-03 22:10,11095
2019-04-03 22:15,10986
2019-04-03 22:20,10945
2019-04-03 22:25,10872
2019-04-03 22:30,10753
2019-04-03 22:35,10713
2019-04-03 22:40,10640
2019-04-03 22:45,10586
2019-04-03 22:50,10546
2019-04-03 22:55,10505
2019-04-03 23:00,10450
2019-04-03 23:05,10413
2019-04-03 23:10,10388
2019-04-03 23:15,10336
2019-04-03 23:20,10245
2019-04-03 23:25,10225
2019-04-03 23:30,10157
2019-04-03 23:35,10115
2019-04-03 23:40,10097
2019-04-03 23:45,10089
2019-04-03 23:50,10094
2019-04-03 23:55,10010
2019-04-04 00:00,9939
2019-04-04 00:05,9950
2019-04-04 00:10,10027
2019-04-04 00:15,10102
2019-04-04 00:20,10162
2019-04-04 00:25,9858
2019-04-04 00:30,9743
2019-04-04 00:35,9785
2019-04-04 00:40,9796
2019-04-04 00:45,9844
2019-04-04 00:50,9869
2019-04-04 00:55,9937
2019-04-04 01:00,9945
2019-04-04 01:05,10045
2019-04-04 01:10,10117
2019-04-04 01:15,10194
2019-04-04 01:20,10223
2019-04-04 01:25,10302
2019-04-04 01:30,10330
2019-04-04 01:35,10389
2019-04-04 01:40,10463
2019-04-04 01:45,10430
2019-04-04 01:50,10442
2019-04-04 01:55,10442
2019-04-04 02:00,10405
2019-04-04 02:05,10407
2019-04-04 02:10,10457
2019-04-04 02:15,10382
2019-04-04 02:20,10292
2019-04-04 02:25,10308
2019-04-04 02:30,10272
2019-04-04 02:35,10224
2019-04-04 02:40,10195
2019-04-04 02:45,10172
2019-04-04 02:50,10109
2019-04-04 02:55,10024
2019-04-04 03:00,9950
2019-04-04 03:05,9851
2019-04-04 03:10,9783
2019-04-04 03:15,9725
2019-04-04 03:20,9675
2019-04-04 03:25,9606
2019-04-04 03:30,9500
2019-04-04 03:35,9386
2019-04-04 03:40,9298
2019-04-04 03:45,9201
2019-04-04 03:50,9040
2019-04-04 03:55,8965
2019-04-04 04:00,8792
2019-04-04 04:05,8642
2019-04-04 04:10,8512
2019-04-04 04:15,8378
2019-04-04 04:20,8261
2019-04-04 04:25,8166
2019-04-04 04:30,8058
2019-04-04 04:35,7882
2019-04-04 04:40,7814
2019-04-04 04:45,7667
2019-04-04 04:50,7544
2019-04-04 04:55,7414
2019-04-04 05:00,7291
2019-04-04 05:05,7155
2019-04-04 05:10,7004
2019-04-04 05:15,6871
2019-04-04 05:20,6786
2019-04-04 05:25,6624
2019-04-04 05:30,6525
2019-04-04 05:35,6344
2019-04-04 05:40,6209
2019-04-04 05:45,6026
2019-04-04 05:50,5882
2019-04-04 05:55,5772
2019-04-04 06:00,5651
2019-04-04 06:05,5437
2019-04-04 06:10,5281
2019-04-04 06:15,5132
2019-04-04 06:20,4983
2019-04-04 06:25,4834
2019-04-04 06:30,4628
2019-04-04 06:35,3888
2019-04-04 06:40,3174
2019-04-04 06:45,2525
2019-04-04 06:50,1904
2019-04-04 06:55,1477
2019-04-04 07:00,1293
2019-04-04 07:05,1115
2019-04-04 07:10,1066
2019-04-04 07:15,1188
2019-04-04 07:20,1423
2019-04-04 07:25,1676
2019-04-04 07:30,1902
2019-04-04 07:35,2104
2019-04-04 07:40,2260
2019-04-04 07:45,2425
2019-04-04 07:50,2604
2019-04-04 07:55,2749
2019-04-04 08:00,2898
2019-04-04 08:05,3026
2019-04-04 08:10,3134
2019-04-04 08:15,3240
2019-04-04 08:20,3332
2019-04-04 08:25,3450
2019-04-04 08:30,3507
2019-04-04 08:35,3605
2019-04-04 08:40,3651
2019-04-04 08:45,3720
2019-04-04 08:50,3732
2019-04-04 08:55,3824
2019-04-04 09:00,3888
2019-04-04 09:05,3936
2019-04-04 09:10,4002
2019-04-04 09:15,4059
2019-04-04 09:20,4086
2019-04-04 09:25,4099
2019-04-04 09:30,4158
2019-04-04 09:35,4218
2019-04-04 09:40,4248
2019-04-04 09:45,4293
2019-04-04 09:50,4301
2019-04-04 09:55,4310
2019-04-04 10:00,4333
2019-04-04 10:05,4340
2019-04-04 10:10,4358
2019-04-04 10:15,4382
2019-04-04 10:20,4388
2019-04-04 10:25,4399
2019-04-04 10:30,4439
2019-04-04 10:35,4483
2019-04-04 10:40,4494
2019-04-04 10:45,4536
2019-04-04 10:50,4589
2019-04-04 10:55,4621
2019-04-04 11:00,4667
2019-04-04 11:05,4714
2019-04-04 11:10,4796
2019-04-04 11:15,4845
2019-04-04 11:20,4893
2019-04-04 11:25,4935
2019-04-04 11:30,4966
2019-04-04 11:35,4982
2019-04-04 11:40,5083
2019-04-04 11:45,5109
2019-04-04 11:50,5127
2019-04-04 11:55,5166
2019-04-04 12:00,5184
2019-04-04 12:05,5204
2019-04-04 12:10,5291
2019-04-04 12:15,5403
2019-04-04 12:20,5484
2019-04-04 12:25,
2019-04-04 12:30,5603
2019-04-04 12:35,5662
2019-04-04 12:40,5714
2019-04-04 12:45,5788
2019-04-04 12:50,5895
2019-04-04 12:55,6015
2019-04-04 13:00,6109
2019-04-04 13:05,6197
2019-04-04 13:10,6326
2019-04-04 13:15,6443
2019-04-04 13:20,6578
2019-04-04 13:25,6668
2019-04-04 13:30,6750
2019-04-04 13:35,6828
2019-04-04 13:40,6961
2019-04-04 13:45,7063
2019-04-04 13:50,7186
2019-04-04 13:55,
2019-04-04 14:00,7427
2019-04-04 14:05,7497
2019-04-04 14:10,7587
2019-04-04 14:15,7639
2019-04-04 14:20,7754
2019-04-04 14:25,7876
2019-04-04 14:30,7987
2019-04-04 14:35,8038
2019-04-04 14:40,8218
2019-04-04 14:45,8308
2019-04-04 14:50,8381
2019-04-04 14:55,8440
2019-04-04 15:00,8489
2019-04-04 15:05,8560
2019-04-04 15:10,8614
2019-04-04 15:15,8668
2019-04-04 15:20,8714
2019-04-04 15:25,8787
2019-04-04 15:30,8875
2019-04-04 15:35,8919
2019-04-04 15:40,8977
2019-04-04 15:45,9081
2019-04-04 15:50,9139
2019-04-04 15:55,9208
2019-04-04 16:00,9235
2019-04-04 16:05,9289
2019-04-04 16:10,9360
2019-04-04 16:15,9434
2019-04-04 16:20,9500
2019-04-04 16:25,9623
2019-04-04 16:30,9724
2019-04-04 16:35,9852
2019-04-04 16:40,9906
2019-04-04 16:45,9977
2019-04-04 16:50,10033
2019-04-04 16:55,10137
2019-04-04 17:00,10200
2019-04-04 17:05,10359
2019-04-04 17:10,10452
2019-04-04 17:15,10496
2019-04-04 17:20,10595
2019-04-04 17:25,10665
2019-04-04 17:30,10693
2019-04-04 17:35,10756
2019-04-04 17:40,10893
2019-04-04 17:45,10968
2019-04-04 17:50,11058
2019-04-04 17:55,11167
2019-04-04 18:00,11242
2019-04-04 18:05,11319
2019-04-04 18:10,11376
2019-04-04 18:15,11429
2019-04-04 18:20,11485
2019-04-04 18:25,11552
2019-04-04 18:30,11652
2019-04-04 18:35,11677
2019-04-04 18:40,11750
2019-04-04 18:45,11799
2019-04-04 18:50,11905
2019-04-04 18:55,11986
2019-04-04 19:00,12008
2019-04-04 19:05,12005
2019-04-04 19:10,12045
2019-04-04 19:15,12016
2019-04-04 19:20,12028
2019-04-04 19:25,12017
2019-04-04 19:30,12020
2019-04-04 19:35,12051
2019-04-04 19:40,12138
2019-04-04 19:45,12093
2019-04-04 19:50,12108
2019-04-04 19:55,12087
2019-04-04 20:00,12077
2019-04-04 20:05,12010
2019-04-04 20:10,11960
2019-04-04 20:15,11958
2019-04-04 20:20,11920
2019-04-04 20:25,11825
2019-04-04 20:30,11828
2019-04-04 20:35,11794
2019-04-04 20:40,11760
2019-04-04 20:45,11815
2019-04-04 20:50,11709
2019-04-04 20:55,11621
2019-04-04 21:00,11514
2019-04-04 21:05,11487
2019-04-04 21:10,11407
2019-04-04 21:15,11379
2019-04-04 21:20,11370
2019-04-04 21:25,11308
2019-04-04 21:30,11217
2019-04-04 21:35,11093
2019-04-04 21:40,11052
2019-04-04 21:45,11034
2019-04-04 21:50,11063
2019-04-04 21:55,10977
2019-04-04 22:00,10921
2019-04-04 22:05,10839
2019-04-04 22:10,10763
2019-04-04 22:15,10674
2019-04-04 22:20,10625
2019-04-04 22:25,10687
2019-04-04 22:30,10627
2019-04-04 22:35,10626
2019-04-04 22:40,10535
2019-04-04 22:45,10459
2019-04-04 22:50,10390
2019-04-04 22:55,10261
2019-04-04 23:00,10240
2019-04-04 23:05,10199
2019-04-04 23:10,10155
2019-04-04 23:15,
2019-04-04 23:20,
2019-04-04 23:25,
2019-04-04 23:30,
2019-04-04 23:35,10050
2019-04-04 23:40,10047
2019-04-04 23:45,10076
2019-04-04 23:50,10090
2019-04-04 23:55,10107
2019-04-05 00:00,10116
2019-04-05 00:05,10136
2019-04-05 00:10,10120
2019-04-05 00:15,10110
2019-04-05 00:20,10114
2019-04-05 00:25,10100
2019-04-05 00:30,10159
2019-04-05 00:35,10101
2019-04-05 00:40,10084
2019-04-05 00:45,10171
2019-04-05 00:50,10200
2019-04-05 00:55,10234
2019-04-05 01:00,10298
2019-04-05 01:05,
2019-04-05 01:10,
2019-04-05 01:15,
2019-04-05 01:20,
2019-04-05 01:25,10207
2019-04-05 01:30,10214
2019-04-05 01:35,10310
2019-04-05 01:40,10324
2019-04-05 01:45,10305
2019-04-05 01:50,10317
2019-04-05 01:55,10305
2019-04-05 02:00,10322
2019-04-05 02:05,10357
2019-04-05 02:10,10356
2019-04-05 02:15,10297
2019-04-05 02:20,10250
2019-04-05 02:25,10238
2019-04-05 02:30,10180
2019-04-05 02:35,10148
2019-04-05 02:40,10111
2019-04-05 02:45,10016
2019-04-05 02:50,9998
2019-04-05 02:55,9988
2019-04-05 03:00,9928
2019-04-05 03:05,9892
2019-04-05 03:10,9808
2019-04-05 03:15,9711
2019-04-05 03:20,9679
2019-04-05 03:25,9596
2019-04-05 03:30,9517
2019-04-05 03:35,9410
2019-04-05 03:40,6235
2019-04-05 03:45,9112
2019-04-05 03:50,7291
2019-04-05 03:55,8923
2019-04-05 04:00,8829
2019-04-05 04:05,8754
2019-04-05 04:10,8614
2019-04-05 04:15,8550
2019-04-05 04:20,8425
2019-04-05 04:25,8343
2019-04-05 04:30,8231
2019-04-05 04:35,8122
2019-04-05 04:40,8019
2019-04-05 04:45,7889
2019-04-05 04:50,7768
2019-04-05 04:55,7658
2019-04-05 05:00,7516
2019-04-05 05:05,7388
2019-04-05 05:10,7263
2019-04-05 05:15,7162
2019-04-05 05:20,7038
2019-04-05 05:25,6905
2019-04-05 05:30,6794
2019-04-05 05:35,6665
2019-04-05 05:40,6564
2019-04-05 05:45,6466
2019-04-05 05:50,6365
2019-04-05 05:55,6259
2019-04-05 06:00,6153
2019-04-05 06:05,6005
2019-04-05 06:10,5917
2019-04-05 06:15,5798
2019-04-05 06:20,5727
2019-04-05 06:25,5654
2019-04-05 06:30,5578
2019-04-05 06:35,5386
2019-04-05 06:40,5282
2019-04-05 06:45,5173
2019-04-05 06:50,5061
2019-04-05 06:55,4982
2019-04-05 07:00,4888
2019-04-05 07:05,4696
2019-04-05 07:10,4553
2019-04-05 07:15,4455
2019-04-05 07:20,4332
2019-04-05 07:25,4225
2019-04-05 07:30,4100
2019-04-05 07:35,3546
2019-04-05 07:40,2962
2019-04-05 07:45,2380
2019-04-05 07:50,1887
2019-04-05 07:55,1515
2019-04-05 08:00,1307
2019-04-05 08:05,1123
2019-04-05 08:10,1112
2019-04-05 08:15,1084
2019-04-05 08:20,1232
2019-04-05 08:25,1454
2019-04-05 08:30,1735
2019-04-05 08:35,1998
2019-04-05 08:40,2221
2019-04-05 08:45,2450
2019-04-05 08:50,2673
2019-04-05 08:55,2844
2019-04-05 09:00,3008
2019-04-05 09:05,3155
2019-04-05 09:10,3338
2019-04-05 09:15,3495
2019-04-05 09:20,3607
2019-04-05 09:25,3740
2019-04-05 09:30,3849
2019-04-05 09:35,3970
2019-04-05 09:40,4054
2019-04-05 09:45,4142
2019-04-05 09:50,4222
2019-04-05 09:55,4298
2019-04-05 10:00,4336
2019-04-05 10:05,4416
2019-04-05 10:10,4467
2019-04-05 10:15,4516
2019-04-05 10:20,4579
2019-04-05 10:25,4637
2019-04-05 10:30,4699
2019-04-05 10:35,4771
2019-04-05 10:40,4844
2019-04-05 10:45,4849
2019-04-05 10:50,4905
2019-04-05 10:55,4978
2019-04-05 11:00,5017
2019-04-05 11:05,5041
2019-04-05 11:10,5076
2019-04-05 11:15,5085
2019-04-05 11:20,5140
2019-04-05 11:25,5202
2019-04-05 11:30,5244
2019-04-05 11:35,5283
2019-04-05 11:40,5300
2019-04-05 11:45,5368
2019-04-05 11:50,5403
2019-04-05 11:55,5398
2019-04-05 12:00,2238
2019-04-05 12:05,1849
2019-04-05 12:10,1778
2019-04-05 12:15,1686
2019-04-05 12:20,1669
2019-04-05 12:25,1657
2019-04-05 12:30,1585
2019-04-05 12:35,1577
2019-04-05 12:40,1694
2019-04-05 12:45,1992
2019-04-05 12:50,2553
2019-04-05 12:55,3179
2019-04-05 13:00,3764
2019-04-05 13:05,4261
2019-04-05 13:10,4681
2019-04-05 13:15,5044
2019-04-05 13:20,5347
2019-04-05 13:25,5704
2019-04-05 13:30,6077
2019-04-05 13:35,6383
2019-04-05 13:40,6559
2019-04-05 13:45,6858
2019-04-05 13:50,7091
2019-04-05 13:55,7320
2019-04-05 14:00,7527
2019-04-05 14:05,7671
2019-04-05 14:10,7804
2019-04-05 14:15,7962
2019-04-05 14:20,8072
2019-04-05 14:25,8199
2019-04-05 14:30,8239
2019-04-05 14:35,8402
2019-04-05 14:40,8479
2019-04-05 14:45,8558
2019-04-05 14:50,8565
2019-04-05 14:55,8624
2019-04-05 15:00,8744
2019-04-05 15:05,8864
2019-04-05 15:10,8932
2019-04-05 15:15,9005
2019-04-05 15:20,9095
2019-04-05 15:25,9155
2019-04-05 15:30,9236
2019-04-05 15:35,9209
2019-04-05 15:40,9245
2019-04-05 15:45,9325
2019-04-05 15:50,9428
2019-04-05 15:55,9515
2019-04-05 16:00,9565
2019-04-05 16:05,9632
2019-04-05 16:10,9744
2019-04-05 16:15,9815
2019-04-05 16:20,9867
2019-04-05 16:25,9960
2019-04-05 16:30,9973
2019-04-05 16:35,10046
2019-04-05 16:40,10172
2019-04-05 16:45,10241
2019-04-05 16:50,10336
2019-04-05 16:55,10409
2019-04-05 17:00,10536
2019-04-05 17:05,10573
2019-04-05 17:10,10693
2019-04-05 17:15,10786
2019-04-05 17:20,10880
2019-04-05 17:25,10985
2019-04-05 17:30,11075
2019-04-05 17:35,11176
2019-04-05 17:40,11267
2019-04-05 17:45,11323
2019-04-05 17:50,11360
2019-04-05 17:55,11454
2019-04-05 18:00,11496
2019-04-05 18:05,11530
2019-04-05 18:10,11599
2019-04-05 18:15,11654
2019-04-05 18:20,11731
2019-04-05 18:25,11757
2019-04-05 18:30,11802
2019-04-05 18:35,11881
2019-04-05 18:40,11948
2019-04-05 18:45,12082
2019-04-05 18:50,12197
2019-04-05 18:55,12285
2019-04-05 19:00,12350
2019-04-05 19:05,12422
2019-04-05 19:10,12513
2019-04-05 19:15,12516
2019-04-05 19:20,12612
2019-04-05 19:25,12664
2019-04-05 19:30,12687
2019-04-05 19:35,12727
2019-04-05 19:40,12782
2019-04-05 19:45,12833
2019-04-05 19:50,12844
2019-04-05 19:55,12875
2019-04-05 20:00,12840
2019-04-05 20:05,12894
2019-04-05 20:10,12923
2019-04-05 20:15,13012
2019-04-05 20:20,13084
2019-04-05 20:25,13141
2019-04-05 20:30,13235
2019-04-05 20:35,13216
2019-04-05 20:40,13220
2019-04-05 20:45,13199
2019-04-05 20:50,13072
2019-04-05 20:55,13132
2019-04-05 21:00,13148
2019-04-05 21:05,13163
2019-04-05 21:10,13165
2019-04-05 21:15,13141
2019-04-05 21:20,13087
2019-04-05 21:25,13005
2019-04-05 21:30,12933
2019-04-05 21:35,12921
2019-04-05 21:40,12892
2019-04-05 21:45,12840
2019-04-05 21:50,12767
2019-04-05 21:55,12716
2019-04-05 22:00,12603
2019-04-05 22:05,12563
2019-04-05 22:10,12606
2019-04-05 22:15,12584
2019-04-05 22:20,12568
2019-04-05 22:25,12495
2019-04-05 22:30,12448
2019-04-05 22:35,12335
2019-04-05 22:40,12271
2019-04-05 22:45,12224
2019-04-05 22:50,12193
2019-04-05 22:55,12068
2019-04-05 23:00,12029
2019-04-05 23:05,11934
2019-04-05 23:10,11847
2019-04-05 23:15,11731
2019-04-05 23:20,11608
2019-04-05 23:25,11528
2019-04-05 23:30,11443
2019-04-05 23:35,11422
2019-04-05 23:40,11420
2019-04-05 23:45,11422
2019-04-05 23:50,11348
2019-04-05 23:55,11295
2019-04-06 00:00,11213
2019-04-06 00:05,11151
2019-04-06 00:10,11043
2019-04-06 00:15,11021
2019-04-06 00:20,11044
2019-04-06 00:25,10913
2019-04-06 00:30,10833
2019-04-06 00:35,10811
2019-04-06 00:40,10785
2019-04-06 00:45,10688
2019-04-06 00:50,10697
2019-04-06 00:55,10695
2019-04-06 01:00,10706
2019-04-06 01:05,10694
2019-04-06 01:10,10657
2019-04-06 01:15,10708
2019-04-06 01:20,10727
2019-04-06 01:25,10781
2019-04-06 01:30,10802
2019-04-06 01:35,10802
2019-04-06 01:40,10817
2019-04-06 01:45,10809
2019-04-06 01:50,10813
2019-04-06 01:55,10807
2019-04-06 02:00,10777
2019-04-06 02:05,10771
2019-04-06 02:10,10792
2019-04-06 02:15,10862
2019-04-06 02:20,10925
2019-04-06 02:25,10953
2019-04-06 02:30,10934
2019-04-06 02:35,10957
2019-04-06 02:40,10946
2019-04-06 02:45,10934
2019-04-06 02:50,10939
2019-04-06 02:55,10902
2019-04-06 03:00,10861
2019-04-06 03:05,10802
2019-04-06 03:10,10842
2019-04-06 03:15,10790
2019-04-06 03:20,10687
2019-04-06 03:25,10647
2019-04-06 03:30,10592
2019-04-06 03:35,10565
2019-04-06 03:40,10608
2019-04-06 03:45,10557
2019-04-06 03:50,10469
2019-04-06 03:55,10489
2019-04-06 04:00,10446
2019-04-06 04:05,10385
2019-04-06 04:10,10366
2019-04-06 04:15,10229
2019-04-06 04:20,10167
2019-04-06 04:25,10055
2019-04-06 04:30,9996
2019-04-06 04:35,9842
2019-04-06 04:40,9722
2019-04-06 04:45,9609
2019-04-06 04:50,9528
2019-04-06 04:55,9440
2019-04-06 05:00,9388
2019-04-06 05:05,9249
2019-04-06 05:10,9121
2019-04-06 05:15,9007
2019-04-06 05:20,8872
2019-04-06 05:25,8773
2019-04-06 05:30,8679
2019-04-06 05:35,8600
2019-04-06 05:40,8509
2019-04-06 05:45,8411
2019-04-06 05:50,8268
2019-04-06 05:55,8194
2019-04-06 06:00,8035
2019-04-06 06:05,7950
2019-04-06 06:10,7864
2019-04-06 06:15,7728
2019-04-06 06:20,7600
2019-04-06 06:25,7484
2019-04-06 06:30,7344
2019-04-06 06:35,7217
2019-04-06 06:40,7093
2019-04-06 06:45,6969
2019-04-06 06:50,6923
2019-04-06 06:55,6871
2019-04-06 07:00,6739
2019-04-06 07:05,6602
2019-04-06 07:10,6521
2019-04-06 07:15,6467
2019-04-06 07:20,6439
2019-04-06 07:25,6375
2019-04-06 07:30,6239
2019-04-06 07:35,6173
2019-04-06 07:40,6107
2019-04-06 07:45,6094
2019-04-06 07:50,6057
2019-04-06 07:55,6053
2019-04-06 08:00,6075
2019-04-06 08:05,6062
2019-04-06 08:10,6090
2019-04-06 08:15,6086
2019-04-06 08:20,6049
2019-04-06 08:25,6038
2019-04-06 08:30,6052
2019-04-06 08:35,6017
2019-04-06 08:40,6056
2019-04-06 08:45,6059
2019-04-06 08:50,6085
2019-04-06 08:55,6092
2019-04-06 09:00,6075
2019-04-06 09:05,6142
2019-04-06 09:10,6163
2019-04-06 09:15,6218
2019-04-06 09:20,6203
2019-04-06 09:25,6237
2019-04-06 09:30,6315
2019-04-06 09:35,6362
2019-04-06 09:40,6354
2019-04-06 09:45,6396
2019-04-06 09:50,6395
2019-04-06 09:55,6418
2019-04-06 10:00,6433
2019-04-06 10:05,6463
2019-04-06 10:10,6489
2019-04-06 10:15,6542
2019-04-06 10:20,6551
2019-04-06 10:25,6611
2019-04-06 10:30,6666
2019-04-06 10:35,6657
2019-04-06 10:40,6721
2019-04-06 10:45,6747
2019-04-06 10:50,6801
2019-04-06 10:55,6843
2019-04-06 11:00,6938
2019-04-06 11:05,6982
2019-04-06 11:10,7048
2019-04-06 11:15,7097
2019-04-06 11:20,7131
2019-04-06 11:25,7204
2019-04-06 11:30,7270
2019-04-06 11:35,7388
2019-04-06 11:40,7435
2019-04-06 11:45,7464
2019-04-06 11:50,7526
2019-04-06 11:55,7526
2019-04-06 12:00,7613
2019-04-06 12:05,7694
2019-04-06 12:10,7716
2019-04-06 12:15,7836
2019-04-06 12:20,7857
2019-04-06 12:25,7908
2019-04-06 12:30,7962
2019-04-06 12:35,8044
2019-04-06 12:40,8143
2019-04-06 12:45,8246
2019-04-06 12:50,8343
2019-04-06 12:55,8410
2019-04-06 13:00,8495
2019-04-06 13:05,8573
2019-04-06 13:10,8673
2019-04-06 13:15,7740
2019-04-06 13:20,6173
2019-04-06 13:25,6406
2019-04-06 13:30,6579
2019-04-06 13:35,6592
2019-04-06 13:40,7865
2019-04-06 13:45,8519
2019-04-06 13:50,8942
2019-04-06 13:55,9158
2019-04-06 14:00,9391
2019-04-06 14:05,9493
2019-04-06 14:10,9651
2019-04-06 14:15,9794
2019-04-06 14:20,9974
2019-04-06 14:25,10092
2019-04-06 14:30,10181
2019-04-06 14:35,10283
2019-04-06 14:40,10428
2019-04-06 14:45,10520
2019-04-06 14:50,10595
2019-04-06 14:55,10677
2019-04-06 15:00,10721
2019-04-06 15:05,10758
2019-04-06 15:10,10815
2019-04-06 15:15,10906
2019-04-06 15:20,10960
2019-04-06 15:25,11076
2019-04-06 15:30,11205
2019-04-06 15:35,11269
2019-04-06 15:40,11357
2019-04-06 15:45,11460
2019-04-06 15:50,11504
2019-04-06 15:55,11526
2019-04-06 16:00,11568
2019-04-06 16:05,11647
2019-04-06 16:10,11710
2019-04-06 16:15,11818
2019-04-06 16:20,8604
2019-04-06 16:25,9157
2019-04-06 16:30,9280
2019-04-06 16:35,9298
2019-04-06 16:40,9230
2019-04-06 16:45,9178
2019-04-06 16:50,9043
2019-04-06 16:55,9054
2019-04-06 17:00,8950
2019-04-06 17:05,8851
2019-04-06 17:10,8747
2019-04-06 17:15,9173
2019-04-06 17:20,10520
2019-04-06 17:25,11029
2019-04-06 17:30,11456
2019-04-06 17:35,11781
2019-04-06 17:40,12074
2019-04-06 17:45,12321
2019-04-06 17:50,12515
2019-04-06 17:55,12728
2019-04-06 18:00,13001
2019-04-06 18:05,13211
2019-04-06 18:10,13398
2019-04-06 18:15,13624
2019-04-06 18:20,13732
2019-04-06 18:25,13790
2019-04-06 18:30,13901
2019-04-06 18:35,14049
2019-04-06 18:40,14207
2019-04-06 18:45,14369
2019-04-06 18:50,14414
2019-04-06 18:55,14476
2019-04-06 19:00,14483
2019-04-06 19:05,14564
2019-04-06 19:10,14608
2019-04-06 19:15,14612
2019-04-06 19:20,14718
2019-04-06 19:25,14737
2019-04-06 19:30,14724
2019-04-06 19:35,14759
2019-04-06 19:40,14834
2019-04-06 19:45,14843
2019-04-06 19:50,14884
2019-04-06 19:55,14840
2019-04-06 20:00,14911
2019-04-06 20:05,14981
2019-04-06 20:10,14963
2019-04-06 20:15,14978
2019-04-06 20:20,15001
2019-04-06 20:25,14895
2019-04-06 20:30,14901
2019-04-06 20:35,14824
2019-04-06 20:40,14876
2019-04-06 20:45,14814
2019-04-06 20:50,14840
2019-04-06 20:55,14795
2019-04-06 21:00,14726
2019-04-06 21:05,14737
2019-04-06 21:10,14736
2019-04-06 21:15,14704
2019-04-06 21:20,14706
2019-04-06 21:25,14623
2019-04-06 21:30,14571
2019-04-06 21:35,14472
2019-04-06 21:40,14388
2019-04-06 21:45,14287
2019-04-06 21:50,14251
2019-04-06 21:55,14187
2019-04-06 22:00,14076
2019-04-06 22:05,14070
2019-04-06 22:10,13918
2019-04-06 22:15,13819
2019-04-06 22:20,13723
2019-04-06 22:25,13648
2019-04-06 22:30,13492
2019-04-06 22:35,13439
2019-04-06 22:40,13300
2019-04-06 22:45,13141
2019-04-06 22:50,12986
2019-04-06 22:55,12817
2019-04-06 23:00,12740
2019-04-06 23:05,12601
2019-04-06 23:10,12454
2019-04-06 23:15,12394
2019-04-06 23:20,12317
2019-04-06 23:25,12198
2019-04-06 23:30,12103
2019-04-06 23:35,12037
2019-04-06 23:40,10289
2019-04-06 23:45,11099
2019-04-06 23:50,11674
2019-04-06 23:55,11623
2019-04-07 00:00,11572
2019-04-07 00:05,11525
2019-04-07 00:10,11427
2019-04-07 00:15,11323
2019-04-07 00:20,11275
2019-04-07 00:25,11231
2019-04-07 00:30,11242
2019-04-07 00:35,11213
2019-04-07 00:40,11208
2019-04-07 00:45,11145
2019-04-07 00:50,11128
2019-04-07 00:55,11106
2019-04-07 01:00,11087
2019-04-07 01:05,11056
2019-04-07 01:10,11007
2019-04-07 01:15,11018
2019-04-07 01:20,11021
2019-04-07 01:25,11009
2019-04-07 01:30,11023
2019-04-07 01:35,11068
2019-04-07 01:40,11042
2019-04-07 01:45,11032
2019-04-07 01:50,11008
2019-04-07 01:55,11002
2019-04-07 02:00,10978
2019-04-07 02:05,10944
2019-04-07 02:10,10973
2019-04-07 02:15,10963
2019-04-07 02:20,11007
2019-04-07 02:25,11081
2019-04-07 02:30,11083
2019-04-07 02:35,11097
2019-04-07 02:40,11095
2019-04-07 02:45,11117
2019-04-07 02:50,11074
2019-04-07 02:55,11094
2019-04-07 03:00,11097
2019-04-07 03:05,11090
2019-04-07 03:10,11064
2019-04-07 03:15,11071
2019-04-07 03:20,11035
2019-04-07 03:25,11002
2019-04-07 03:30,10925
2019-04-07 03:35,10810
2019-04-07 03:40,10736
2019-04-07 03:45,10721
2019-04-07 03:50,10650
2019-04-07 03:55,10559
2019-04-07 04:00,10540
2019-04-07 04:05,10516
2019-04-07 04:10,10460
2019-04-07 04:15,10378
2019-04-07 04:20,10317
2019-04-07 04:25,10256
2019-04-07 04:30,10175
2019-04-07 04:35,10102
2019-04-07 04:40,10059
2019-04-07 04:45,9921
2019-04-07 04:50,9888
2019-04-07 04:55,9759
2019-04-07 05:00,9675
2019-04-07 05:05,9596
2019-04-07 05:10,9481
2019-04-07 05:15,9390
2019-04-07 05:20,9263
2019-04-07 05:25,9164
2019-04-07 05:30,9047
2019-04-07 05:35,8909
2019-04-07 05:40,8826
2019-04-07 05:45,8673
2019-04-07 05:50,8534
2019-04-07 05:55,8443
2019-04-07 06:00,8366
2019-04-07 06:05,8235
2019-04-07 06:10,8089
2019-04-07 06:15,7947
2019-04-07 06:20,7776
2019-04-07 06:25,7638
2019-04-07 06:30,7596
2019-04-07 06:35,7513
2019-04-07 06:40,7461
2019-04-07 06:45,7404
2019-04-07 06:50,7279
2019-04-07 06:55,7203
2019-04-07 07:00,7095
2019-04-07 07:05,6993
2019-04-07 07:10,6860
2019-04-07 07:15,6784
2019-04-07 07:20,6696
2019-04-07 07:25,6680
2019-04-07 07:30,6597
2019-04-07 07:35,6534
2019-04-07 07:40,6498
2019-04-07 07:45,6465
2019-04-07 07:50,6434
2019-04-07 07:55,6380
2019-04-07 08:00,6340
2019-04-07 08:05,6279
2019-04-07 08:10,6260
2019-04-07 08:15,6261
2019-04-07 08:20,6205
2019-04-07 08:25,6231
2019-04-07 08:30,6237
2019-04-07 08:35,6231
2019-04-07 08:40,6238
2019-04-07 08:45,6244
2019-04-07 08:50,6283
2019-04-07 08:55,6307
2019-04-07 09:00,6335
2019-04-07 09:05,6402
2019-04-07 09:10,6402
2019-04-07 09:15,6470
2019-04-07 09:20,6514
2019-04-07 09:25,6526
2019-04-07 09:30,6550
2019-04-07 09:35,6565
2019-04-07 09:40,6667
2019-04-07 09:45,6731
2019-04-07 09:50,6786
2019-04-07 09:55,6828
2019-04-07 10:00,6889
2019-04-07 10:05,6940
2019-04-07 10:10,7018
2019-04-07 10:15,7030
2019-04-07 10:20,7111
2019-04-07 10:25,7180
2019-04-07 10:30,7227
2019-04-07 10:35,7315
2019-04-07 10:40,7356
2019-04-07 10:45,7446
2019-04-07 10:50,7503
2019-04-07 10:55,7557
2019-04-07 11:00,7597
2019-04-07 11:05,7646
2019-04-07 11:10,7724
2019-04-07 11:15,7779
2019-04-07 11:20,7825
2019-04-07 11:25,7905
2019-04-07 11:30,8001
2019-04-07 11:35,7974
2019-04-07 11:40,8061
2019-04-07 11:45,8154
2019-04-07 11:50,8212
2019-04-07 11:55,8296
2019-04-07 12:00,8350
2019-04-07 12:05,8457
2019-04-07 12:10,8558
2019-04-07 12:15,8606
2019-04-07 12:20,8655
2019-04-07 12:25,8735
2019-04-07 12:30,8784
2019-04-07 12:35,8868
2019-04-07 12:40,8872
2019-04-07 12:45,8997
2019-04-07 12:50,9038
2019-04-07 12:55,9104
2019-04-07 13:00,9208
2019-04-07 13:05,9279
2019-04-07 13:10,9363
2019-04-07 13:15,9465
2019-04-07 13:20,9513
2019-04-07 13:25,9627
2019-04-07 13:30,9758
2019-04-07 13:35,9858
2019-04-07 13:40,9970
2019-04-07 13:45,10101
2019-04-07 13:50,10205
2019-04-07 13:55,10320
2019-04-07 14:00,10470
2019-04-07 14:05,10521
2019-04-07 14:10,10612
2019-04-07 14:15,10701
2019-04-07 14:20,10779
2019-04-07 14:25,10931
2019-04-07 14:30,10983
2019-04-07 14:35,11041
2019-04-07 14:40,11130
2019-04-07 14:45,11134
2019-04-07 14:50,11212
2019-04-07 14:55,11372
2019-04-07 15:00,11501
2019-04-07 15:05,11619
2019-04-07 15:10,11725
2019-04-07 15:15,11772
2019-04-07 15:20,11839
2019-04-07 15:25,11914
2019-04-07 15:30,11986
2019-04-07 15:35,12049
2019-04-07 15:40,12164
2019-04-07 15:45,12278
2019-04-07 15:50,12368
2019-04-07 15:55,12475
2019-04-07 16:00,12553
2019-04-07 16:05,12652
2019-04-07 16:10,12752
2019-04-07 16:15,12841
2019-04-07 16:20,12942
2019-04-07 16:25,13067
2019-04-07 16:30,13158
2019-04-07 16:35,13295
2019-04-07 16:40,13430
2019-04-07 16:45,13452
2019-04-07 16:50,13625
2019-04-07 16:55,13710
2019-04-07 17:00,13833
2019-04-07 17:05,13906
2019-04-07 17:10,14045
2019-04-07 17:15,14095
2019-04-07 17:20,14190
2019-04-07 17:25,14415
2019-04-07 17:30,14421
2019-04-07 17:35,14560
2019-04-07 17:40,14617
2019-04-07 17:45,14731
2019-04-07 17:50,14808
2019-04-07 17:55,14805
2019-04-07 18:00,15045
2019-04-07 18:05,15166
2019-04-07 18:10,15282
2019-04-07 18:15,15408
2019-04-07 18:20,15558
2019-04-07 18:25,15634
2019-04-07 18:30,15640
2019-04-07 18:35,15700
2019-04-07 18:40,15801
2019-04-07 18:45,15859
2019-04-07 18:50,15882
2019-04-07 18:55,16004
2019-04-07 19:00,15970
2019-04-07 19:05,15986
2019-04-07 19:10,16036
2019-04-07 19:15,16016
2019-04-07 19:20,16004
2019-04-07 19:25,16057
2019-04-07 19:30,15982
2019-04-07 19:35,16013
2019-04-07 19:40,16036
2019-04-07 19:45,15954
2019-04-07 19:50,15859
2019-04-07 19:55,15792
2019-04-07 20:00,15726
2019-04-07 20:05,15618
2019-04-07 20:10,15490
2019-04-07 20:15,15440
2019-04-07 20:20,15425
2019-04-07 20:25,15334
2019-04-07 20:30,15306
2019-04-07 20:35,15138
2019-04-07 20:40,15081
2019-04-07 20:45,14969
2019-04-07 20:50,14823
2019-04-07 20:55,14733
2019-04-07 21:00,14634
2019-04-07 21:05,14565
2019-04-07 21:10,14415
2019-04-07 21:15,14288
2019-04-07 21:20,14098
2019-04-07 21:25,13937
2019-04-07 21:30,13833
2019-04-07 21:35,13680
2019-04-07 21:40,13583
2019-04-07 21:45,13538
2019-04-07 21:50,13450
2019-04-07 21:55,13378
2019-04-07 22:00,13233
2019-04-07 22:05,13024
2019-04-07 22:10,12918
2019-04-07 22:15,12705
2019-04-07 22:20,12630
2019-04-07 22:25,12601
2019-04-07 22:30,12551
2019-04-07 22:35,12484
2019-04-07 22:40,12367
2019-04-07 22:45,12228
2019-04-07 22:50,12077
2019-04-07 22:55,11987
2019-04-07 23:00,11873
2019-04-07 23:05,11797
2019-04-07 23:10,11700
2019-04-07 23:15,11650
2019-04-07 23:20,11623
2019-04-07 23:25,11553
2019-04-07 23:30,11523
2019-04-07 23:35,11527
2019-04-07 23:40,11458
2019-04-07 23:45,11443
2019-04-07 23:50,11454
2019-04-07 23:55,11465
2019-04-08 00:00,11447
2019-04-08 00:05,11348
2019-04-08 00:10,11291
2019-04-08 00:15,11266
2019-04-08 00:20,11280
2019-04-08 00:25,11317
2019-04-08 00:30,11293
2019-04-08 00:35,11281
2019-04-08 00:40,11265
2019-04-08 00:45,11265
2019-04-08 00:50,11269
2019-04-08 00:55,11235
2019-04-08 01:00,11240
2019-04-08 01:05,11270
2019-04-08 01:10,11267
2019-04-08 01:15,11267
2019-04-08 01:20,11249
2019-04-08 01:25,11227
2019-04-08 01:30,11208
2019-04-08 01:35,11127
2019-04-08 01:40,11098
2019-04-08 01:45,11014
2019-04-08 01:50,11061
2019-04-08 01:55,11047
2019-04-08 02:00,11009
2019-04-08 02:05,10968
2019-04-08 02:10,10895
2019-04-08 02:15,10898
2019-04-08 02:20,10867
2019-04-08 02:25,10728
2019-04-08 02:30,10625
2019-04-08 02:35,10490
2019-04-08 02:40,10418
2019-04-08 02:45,10311
2019-04-08 02:50,10264
2019-04-08 02:55,10153
2019-04-08 03:00,10027
2019-04-08 03:05,9909
2019-04-08 03:10,9834
2019-04-08 03:15,9684
2019-04-08 03:20,9499
2019-04-08 03:25,9437
2019-04-08 03:30,9334
2019-04-08 03:35,9202
2019-04-08 03:40,9029
2019-04-08 03:45,8930
2019-04-08 03:50,8807
2019-04-08 03:55,8671
2019-04-08 04:00,8527
2019-04-08 04:05,8407
2019-04-08 04:10,8223
2019-04-08 04:15,8163
2019-04-08 04:20,8083
2019-04-08 04:25,7984
2019-04-08 04:30,7900
2019-04-08 04:35,7782
2019-04-08 04:40,7663
2019-04-08 04:45,7550
2019-04-08 04:50,7436
2019-04-08 04:55,7306
2019-04-08 05:00,7196
2019-04-08 05:05,7054
2019-04-08 05:10,6893
2019-04-08 05:15,6746
2019-04-08 05:20,6581
2019-04-08 05:25,6462
2019-04-08 05:30,6359
2019-04-08 05:35,6265
2019-04-08 05:40,6091
2019-04-08 05:45,5979
2019-04-08 05:50,5850
2019-04-08 05:55,5695
2019-04-08 06:00,5580
2019-04-08 06:05,5528
2019-04-08 06:10,5419
2019-04-08 06:15,5361
2019-04-08 06:20,5276
2019-04-08 06:25,5204
2019-04-08 06:30,5106
2019-04-08 06:35,5026
2019-04-08 06:40,4991
2019-04-08 06:45,4936
2019-04-08 06:50,4897
2019-04-08 06:55,4854
2019-04-08 07:00,4733
2019-04-08 07:05,4672
2019-04-08 07:10,4580
2019-04-08 07:15,4503
2019-04-08 07:20,4438
2019-04-08 07:25,4407
2019-04-08 07:30,4367
2019-04-08 07:35,4311
2019-04-08 07:40,4316
2019-04-08 07:45,4347
2019-04-08 07:50,4343
2019-04-08 07:55,4302
2019-04-08 08:00,4254
2019-04-08 08:05,4216
2019-04-08 08:10,4207
2019-04-08 08:15,4182
2019-04-08 08:20,4156
2019-04-08 08:25,4165
2019-04-08 08:30,4180
2019-04-08 08:35,4161
2019-04-08 08:40,4164
2019-04-08 08:45,4161
2019-04-08 08:50,4155
2019-04-08 08:55,4170
2019-04-08 09:00,4181
2019-04-08 09:05,4242
2019-04-08 09:10,4275
2019-04-08 09:15,4291
2019-04-08 09:20,4322
2019-04-08 09:25,4344
2019-04-08 09:30,4338
2019-04-08 09:35,4356
2019-04-08 09:40,4387
2019-04-08 09:45,4415
2019-04-08 09:50,4441
2019-04-08 09:55,4436
2019-04-08 10:00,4467
2019-04-08 10:05,4474
2019-04-08 10:10,4501
2019-04-08 10:15,4553
2019-04-08 10:20,4577
2019-04-08 10:25,4592
2019-04-08 10:30,4596
2019-04-08 10:35,4598
2019-04-08 10:40,4632
2019-04-08 10:45,4680
2019-04-08 10:50,4740
2019-04-08 10:55,4788
2019-04-08 11:00,4844
2019-04-08 11:05,4861
2019-04-08 11:10,4925
2019-04-08 11:15,5002
2019-04-08 11:20,5036
2019-04-08 11:25,5059
2019-04-08 11:30,5077
2019-04-08 11:35,5127
2019-04-08 11:40,5161
2019-04-08 11:45,5190
2019-04-08 11:50,5219
2019-04-08 11:55,5309
2019-04-08 12:00,5344
2019-04-08 12:05,5457
2019-04-08 12:10,5524
2019-04-08 12:15,5652
2019-04-08 12:20,5718
2019-04-08 12:25,5790
2019-04-08 12:30,5882
2019-04-08 12:35,5929
2019-04-08 12:40,6020
2019-04-08 12:45,6106
2019-04-08 12:50,6178
2019-04-08 12:55,6260
2019-04-08 13:00,6337
2019-04-08 13:05,6402
2019-04-08 13:10,6478
2019-04-08 13:15,6580
2019-04-08 13:20,6667
2019-04-08 13:25,6736
2019-04-08 13:30,6870
2019-04-08 13:35,6992
2019-04-08 13:40,7103
2019-04-08 13:45,7135
2019-04-08 13:50,7221
2019-04-08 13:55,7347
2019-04-08 14:00,7398
2019-04-08 14:05,7488
2019-04-08 14:10,7562
2019-04-08 14:15,7601
2019-04-08 14:20,7679
2019-04-08 14:25,7732
2019-04-08 14:30,7771
2019-04-08 14:35,7805
2019-04-08 14:40,7866
2019-04-08 14:45,8001
2019-04-08 14:50,8027
2019-04-08 14:55,8053
2019-04-08 15:00,8083
2019-04-08 15:05,8112
2019-04-08 15:10,8208
2019-04-08 15:15,8307
2019-04-08 15:20,8402
2019-04-08 15:25,8414
2019-04-08 15:30,8486
2019-04-08 15:35,8619
2019-04-08 15:40,8705
2019-04-08 15:45,8830
2019-04-08 15:50,8914
2019-04-08 15:55,8944
2019-04-08 16:00,9068
2019-04-08 16:05,9134
2019-04-08 16:10,9172
2019-04-08 16:15,9204
2019-04-08 16:20,9277
2019-04-08 16:25,9433
2019-04-08 16:30,9558
2019-04-08 16:35,9713
2019-04-08 16:40,9824
2019-04-08 16:45,9942
2019-04-08 16:50,10057
2019-04-08 16:55,10206
2019-04-08 17:00,10278
2019-04-08 17:05,10381
2019-04-08 17:10,10486
2019-04-08 17:15,10573
2019-04-08 17:20,10676
2019-04-08 17:25,10762
2019-04-08 17:30,10885
2019-04-08 17:35,10998
2019-04-08 17:40,11126
2019-04-08 17:45,11219
2019-04-08 17:50,11356
2019-04-08 17:55,11432
2019-04-08 18:00,11526
2019-04-08 18:05,11647
2019-04-08 18:10,11702
2019-04-08 18:15,11786
2019-04-08 18:20,11906
2019-04-08 18:25,12002
2019-04-08 18:30,12111
2019-04-08 18:35,12226
2019-04-08 18:40,12334
2019-04-08 18:45,12341
2019-04-08 18:50,12451
2019-04-08 18:55,12417
2019-04-08 19:00,12517
2019-04-08 19:05,12532
2019-04-08 19:10,12530
2019-04-08 19:15,12571
2019-04-08 19:20,12594
2019-04-08 19:25,12640
2019-04-08 19:30,12664
2019-04-08 19:35,12653
2019-04-08 19:40,12728
2019-04-08 19:45,12785
2019-04-08 19:50,12743
2019-04-08 19:55,12689
2019-04-08 20:00,12664
2019-04-08 20:05,12666
2019-04-08 20:10,12573
2019-04-08 20:15,12497
2019-04-08 20:20,12426
2019-04-08 20:25,12427
2019-04-08 20:30,12315
2019-04-08 20:35,12193
2019-04-08 20:40,12197
2019-04-08 20:45,12156
2019-04-08 20:50,12096
2019-04-08 20:55,12004
2019-04-08 21:00,11935
2019-04-08 21:05,11809
2019-04-08 21:10,11664
2019-04-08 21:15,11589
2019-04-08 21:20,11511
2019-04-08 21:25,11458
2019-04-08 21:30,11328
2019-04-08 21:35,11257
2019-04-08 21:40,11227
2019-04-08 21:45,11165
2019-04-08 21:50,11110
2019-04-08 21:55,11057
2019-04-08 22:00,11018
2019-04-08 22:05,10952
2019-04-08 22:10,10871
2019-04-08 22:15,10785
2019-04-08 22:20,10682
2019-04-08 22:25,10647
2019-04-08 22:30,10667
2019-04-08 22:35,10595
2019-04-08 22:40,10556
2019-04-08 22:45,10538
2019-04-08 22:50,10487
2019-04-08 22:55,10479
2019-04-08 23:00,10432
2019-04-08 23:05,10374
2019-04-08 23:10,10357
2019-04-08 23:15,10376
2019-04-08 23:20,10367
2019-04-08 23:25,10313
2019-04-08 23:30,10335
2019-04-08 23:35,10373
2019-04-08 23:40,10434
2019-04-08 23:45,10430
2019-04-08 23:50,10424
2019-04-08 23:55,10394
2019-04-09 00:00,10426
2019-04-09 00:05,10394
2019-04-09 00:10,10457
2019-04-09 00:15,10431
2019-04-09 00:20,10471
2019-04-09 00:25,10441
2019-04-09 00:30,10470
2019-04-09 00:35,10522
2019-04-09 00:40,10531
2019-04-09 00:45,10526
2019-04-09 00:50,10567
2019-04-09 00:55,10622
2019-04-09 01:00,10635
2019-04-09 01:05,10600
2019-04-09 01:10,10651
2019-04-09 01:15,10595
2019-04-09 01:20,10642
2019-04-09 01:25,10685
2019-04-09 01:30,10705
2019-04-09 01:35,10656
2019-04-09 01:40,10649
2019-04-09 01:45,10613
2019-04-09 01:50,10625
2019-04-09 01:55,10563
2019-04-09 02:00,10516
2019-04-09 02:05,10441
2019-04-09 02:10,10365
2019-04-09 02:15,10317
2019-04-09 02:20,10253
2019-04-09 02:25,10242
2019-04-09 02:30,10223
2019-04-09 02:35,10160
2019-04-09 02:40,10143
2019-04-09 02:45,10076
2019-04-09 02:50,10000
2019-04-09 02:55,9918
2019-04-09 03:00,9847
2019-04-09 03:05,9747
2019-04-09 03:10,9657
2019-04-09 03:15,9569
2019-04-09 03:20,9491
2019-04-09 03:25,9409
2019-04-09 03:30,9347
2019-04-09 03:35,9154
2019-04-09 03:40,8993
2019-04-09 03:45,8872
2019-04-09 03:50,8763
2019-04-09 03:55,8625
2019-04-09 04:00,8527
2019-04-09 04:05,8391
2019-04-09 04:10,8287
2019-04-09 04:15,8144
2019-04-09 04:20,8065
2019-04-09 04:25,7921
2019-04-09 04:30,7852
2019-04-09 04:35,7770
2019-04-09 04:40,7660
2019-04-09 04:45,7484
2019-04-09 04:50,7421
2019-04-09 04:55,7309
2019-04-09 05:00,7132
2019-04-09 05:05,7003
2019-04-09 05:10,6882
2019-04-09 05:15,6789
2019-04-09 05:20,6701
2019-04-09 05:25,6591
2019-04-09 05:30,6519
2019-04-09 05:35,6380
2019-04-09 05:40,6274
2019-04-09 05:45,6164
2019-04-09 05:50,6067
2019-04-09 05:55,5931
2019-04-09 06:00,5789
2019-04-09 06:05,5687
2019-04-09 06:10,5538
2019-04-09 06:15,5395
2019-04-09 06:20,5264
2019-04-09 06:25,5212
2019-04-09 06:30,5122
2019-04-09 06:35,5015
2019-04-09 06:40,4979
2019-04-09 06:45,4886
2019-04-09 06:50,4837
2019-04-09 06:55,4749
2019-04-09 07:00,4694
2019-04-09 07:05,4679
2019-04-09 07:10,4619
2019-04-09 07:15,4616
2019-04-09 07:20,4565
2019-04-09 07:25,4526
2019-04-09 07:30,4475
2019-04-09 07:35,4411
2019-04-09 07:40,4405
2019-04-09 07:45,4331
2019-04-09 07:50,4258
2019-04-09 07:55,4263
2019-04-09 08:00,4220
2019-04-09 08:05,4181
2019-04-09 08:10,4122
2019-04-09 08:15,4106
2019-04-09 08:20,4123
2019-04-09 08:25,4146
2019-04-09 08:30,4134
2019-04-09 08:35,4108
2019-04-09 08:40,4101
2019-04-09 08:45,4071
2019-04-09 08:50,4096
2019-04-09 08:55,4101
2019-04-09 09:00,4108
2019-04-09 09:05,4192
2019-04-09 09:10,4205
2019-04-09 09:15,4242
2019-04-09 09:20,4266
2019-04-09 09:25,4293
2019-04-09 09:30,4329
2019-04-09 09:35,4363
2019-04-09 09:40,4382
2019-04-09 09:45,4406
2019-04-09 09:50,4442
2019-04-09 09:55,4493
2019-04-09 10:00,4528
2019-04-09 10:05,4527
2019-04-09 10:10,4527
2019-04-09 10:15,4584
2019-04-09 10:20,4587
2019-04-09 10:25,4623
2019-04-09 10:30,4683
2019-04-09 10:35,4708
2019-04-09 10:40,4740
2019-04-09 10:45,4736
2019-04-09 10:50,4768
2019-04-09 10:55,4806
2019-04-09 11:00,4822
2019-04-09 11:05,4820
2019-04-09 11:10,4865
2019-04-09 11:15,4970
2019-04-09 11:20,5064
2019-04-09 11:25,5107
2019-04-09 11:30,5158
2019-04-09 11:35,5242
2019-04-09 11:40,5279
2019-04-09 11:45,5360
2019-04-09 11:50,5400
2019-04-09 11:55,
2019-04-09 12:00,5526
2019-04-09 12:05,5624
2019-04-09 12:10,5674
2019-04-09 12:15,5767
2019-04-09 12:20,5896
2019-04-09 12:25,5941
2019-04-09 12:30,6045
2019-04-09 12:35,6116
2019-04-09 12:40,6206
2019-04-09 12:45,6233
2019-04-09 12:50,6319
2019-04-09 12:55,6420
2019-04-09 13:00,6486
2019-04-09 13:05,6632
2019-04-09 13:10,6725
2019-04-09 13:15,6820
2019-04-09 13:20,6958
2019-04-09 13:25,7050
2019-04-09 13:30,7156
2019-04-09 13:35,7258
2019-04-09 13:40,7370
2019-04-09 13:45,7550
2019-04-09 13:50,7634
2019-04-09 13:55,7774
2019-04-09 14:00,7845
2019-04-09 14:05,7964
2019-04-09 14:10,8038
2019-04-09 14:15,8162
2019-04-09 14:20,8222
2019-04-09 14:25,8312
2019-04-09 14:30,8344
2019-04-09 14:35,8438
2019-04-09 14:40,8533
2019-04-09 14:45,8590
2019-04-09 14:50,8625
2019-04-09 14:55,8687
2019-04-09 15:00,8756
2019-04-09 15:05,8792
2019-04-09 15:10,8790
2019-04-09 15:15,8876
2019-04-09 15:20,8941
2019-04-09 15:25,8993
2019-04-09 15:30,9071
2019-04-09 15:35,9198
2019-04-09 15:40,9368
2019-04-09 15:45,9430
2019-04-09 15:50,9528
2019-04-09 15:55,9617
2019-04-09 16:00,9660
2019-04-09 16:05,9725
2019-04-09 16:10,9797
2019-04-09 16:15,9866
2019-04-09 16:20,9965
2019-04-09 16:25,10062
2019-04-09 16:30,10194
2019-04-09 16:35,10288
2019-04-09 16:40,10404
2019-04-09 16:45,10530
2019-04-09 16:50,10617
2019-04-09 16:55,10718
2019-04-09 17:00,10800
2019-04-09 17:05,10890
2019-04-09 17:10,11042
2019-04-09 17:15,11089
2019-04-09 17:20,11183
2019-04-09 17:25,
2019-04-09 17:30,11335
2019-04-09 17:35,11504
2019-04-09 17:40,11641
2019-04-09 17:45,11735
2019-04-09 17:50,11798
2019-04-09 17:55,11849
2019-04-09 18:00,11922
2019-04-09 18:05,11990
2019-04-09 18:10,12061
2019-04-09 18:15,12092
2019-04-09 18:20,12123
2019-04-09 18:25,12167
2019-04-09 18:30,12292
2019-04-09 18:35,12375
2019-04-09 18:40,12409
2019-04-09 18:45,12457
2019-04-09 18:50,12481
2019-04-09 18:55,12465
2019-04-09 19:00,12459
2019-04-09 19:05,12505
2019-04-09 19:10,12566
2019-04-09 19:15,12657
2019-04-09 19:20,12620
2019-04-09 19:25,12687
2019-04-09 19:30,12722
2019-04-09 19:35,12721
2019-04-09 19:40,12771
2019-04-09 19:45,12743
2019-04-09 19:50,12788
2019-04-09 19:55,12763
2019-04-09 20:00,12702
2019-04-09 20:05,12745
2019-04-09 20:10,12666
2019-04-09 20:15,12576
2019-04-09 20:20,12528
2019-04-09 20:25,12500
2019-04-09 20:30,12428
2019-04-09 20:35,12370
2019-04-09 20:40,12347
2019-04-09 20:45,12279
2019-04-09 20:50,12266
2019-04-09 20:55,12260
2019-04-09 21:00,12278
2019-04-09 21:05,12175
2019-04-09 21:10,12145
2019-04-09 21:15,12109
2019-04-09 21:20,12101
2019-04-09 21:25,12014
2019-04-09 21:30,11961
2019-04-09 21:35,11867
2019-04-09 21:40,11839
2019-04-09 21:45,11875
2019-04-09 21:50,11780
2019-04-09 21:55,11666
2019-04-09 22:00,11551
2019-04-09 22:05,11377
2019-04-09 22:10,11325
2019-04-09 22:15,11275
2019-04-09 22:20,11237
2019-04-09 22:25,11222
2019-04-09 22:30,11128
2019-04-09 22:35,11091
2019-04-09 22:40,10988
2019-04-09 22:45,10958
2019-04-09 22:50,10908
2019-04-09 22:55,10906
2019-04-09 23:00,10921
2019-04-09 23:05,10868
2019-04-09 23:10,0
2019-04-09 23:15,10425
2019-04-09 23:20,10625
2019-04-09 23:25,10650
2019-04-09 23:30,10636
2019-04-09 23:35,10618
2019-04-09 23:40,10602
2019-04-09 23:45,10589
2019-04-09 23:50,10523
2019-04-09 23:55,10464
2019-04-10 00:00,10477
2019-04-10 00:05,10489
2019-04-10 00:10,10502
2019-04-10 00:15,10547
2019-04-10 00:20,10544
2019-04-10 00:25,10573
2019-04-10 00:30,10616
2019-04-10 00:35,10608
2019-04-10 00:40,10593
2019-04-10 00:45,10665
2019-04-10 00:50,10713
2019-04-10 00:55,10763
2019-04-10 01:00,10731
2019-04-10 01:05,10765
2019-04-10 01:10,10815
2019-04-10 01:15,10802
2019-04-10 01:20,10786
2019-04-10 01:25,10768
2019-04-10 01:30,10777
2019-04-10 01:35,10782
2019-04-10 01:40,10712
2019-04-10 01:45,10712
2019-04-10 01:50,10664
2019-04-10 01:55,10602
2019-04-10 02:00,10617
2019-04-10 02:05,10590
2019-04-10 02:10,10553
2019-04-10 02:15,10588
2019-04-10 02:20,10527
2019-04-10 02:25,10476
2019-04-10 02:30,10356
2019-04-10 02:35,10327
2019-04-10 02:40,10283
2019-04-10 02:45,10232
2019-04-10 02:50,10147
2019-04-10 02:55,10104
2019-04-10 03:00,9937
2019-04-10 03:05,9834
2019-04-10 03:10,9771
2019-04-10 03:15,9703
2019-04-10 03:20,9592
2019-04-10 03:25,9465
2019-04-10 03:30,9359
2019-04-10 03:35,9246
2019-04-10 03:40,9190
2019-04-10 03:45,9065
2019-04-10 03:50,8961
2019-04-10 03:55,8871
2019-04-10 04:00,8803
2019-04-10 04:05,8619
2019-04-10 04:10,8514
2019-04-10 04:15,8392
2019-04-10 04:20,8246
2019-04-10 04:25,8107
2019-04-10 04:30,7965
2019-04-10 04:35,7748
2019-04-10 04:40,7565
2019-04-10 04:45,7452
2019-04-10 04:50,7262
2019-04-10 04:55,7091
2019-04-10 05:00,6918
2019-04-10 05:05,6665
2019-04-10 05:10,6463
2019-04-10 05:15,6267
2019-04-10 05:20,6036
2019-04-10 05:25,5891
2019-04-10 05:30,5675
2019-04-10 05:35,4493
2019-04-10 05:40,3567
2019-04-10 05:45,2800
2019-04-10 05:50,2131
2019-04-10 05:55,1686
2019-04-10 06:00,1462
2019-04-10 06:05,1191
2019-04-10 06:10,1177
2019-04-10 06:15,1294
2019-04-10 06:20,1562
2019-04-10 06:25,1827
2019-04-10 06:30,2073
2019-04-10 06:35,2290
2019-04-10 06:40,2500
2019-04-10 06:45,2694
2019-04-10 06:50,2862
2019-04-10 06:55,3009
2019-04-10 07:00,3147
2019-04-10 07:05,3252
2019-04-10 07:10,3371
2019-04-10 07:15,3463
2019-04-10 07:20,3536
2019-04-10 07:25,3590
2019-04-10 07:30,3634
2019-04-10 07:35,3699
2019-04-10 07:40,3729
2019-04-10 07:45,3785
2019-04-10 07:50,3854
2019-04-10 07:55,3902
2019-04-10 08:00,3938
2019-04-10 08:05,3980
2019-04-10 08:10,4012
2019-04-10 08:15,4008
2019-04-10 08:20,3952
2019-04-10 08:25,4025
2019-04-10 08:30,4013
2019-04-10 08:35,4025
2019-04-10 08:40,4035
2019-04-10 08:45,4046
2019-04-10 08:50,4097
2019-04-10 08:55,4120
2019-04-10 09:00,4138
2019-04-10 09:05,4192
2019-04-10 09:10,4265
2019-04-10 09:15,4291
2019-04-10 09:20,4318
2019-04-10 09:25,4376
2019-04-10 09:30,4435
2019-04-10 09:35,4482
2019-04-10 09:40,4544
2019-04-10 09:45,4578
2019-04-10 09:50,4599
2019-04-10 09:55,4636
2019-04-10 10:00,4650
2019-04-10 10:05,4680
2019-04-10 10:10,4729
2019-04-10 10:15,4724
2019-04-10 10:20,4781
2019-04-10 10:25,4782
2019-04-10 10:30,4836
2019-04-10 10:35,4872
2019-04-10 10:40,4905
2019-04-10 10:45,4961
2019-04-10 10:50,4985
2019-04-10 10:55,5033
2019-04-10 11:00,5057
2019-04-10 11:05,5128
2019-04-10 11:10,5117
2019-04-10 11:15,5116
2019-04-10 11:20,5180
2019-04-10 11:25,5224
2019-04-10 11:30,5307
2019-04-10 11:35,5402
2019-04-10 11:40,5429
2019-04-10 11:45,5454
2019-04-10 11:50,5480
2019-04-10 11:55,5529
2019-04-10 12:00,5569
2019-04-10 12:05,5629
2019-04-10 12:10,5701
2019-04-10 12:15,5794
2019-04-10 12:20,5828
2019-04-10 12:25,5880
2019-04-10 12:30,5985
2019-04-10 12:35,6042
2019-04-10 12:40,6184
2019-04-10 12:45,6240
2019-04-10 12:50,6325
2019-04-10 12:55,6416
2019-04-10 13:00,6511
2019-04-10 13:05,6586
2019-04-10 13:10,6659
2019-04-10 13:15,6710
2019-04-10 13:20,6824
2019-04-10 13:25,6895
2019-04-10 13:30,7006
2019-04-10 13:35,7113
2019-04-10 13:40,7199
2019-04-10 13:45,7279
2019-04-10 13:50,7378
2019-04-10 13:55,7485
2019-04-10 14:00,7568
2019-04-10 14:05,7623
2019-04-10 14:10,7752
2019-04-10 14:15,7848
2019-04-10 14:20,7888
2019-04-10 14:25,7962
2019-04-10 14:30,8014
2019-04-10 14:35,8059
2019-04-10 14:40,8165
2019-04-10 14:45,8182
2019-04-10 14:50,8250
2019-04-10 14:55,8319
2019-04-10 15:00,8322
2019-04-10 15:05,8356
2019-04-10 15:10,8435
2019-04-10 15:15,8527
2019-04-10 15:20,8577
2019-04-10 15:25,8650
2019-04-10 15:30,8753
2019-04-10 15:35,8809
2019-04-10 15:40,8907
2019-04-10 15:45,8936
2019-04-10 15:50,9038
2019-04-10 15:55,9131
2019-04-10 16:00,9203
2019-04-10 16:05,9286
2019-04-10 16:10,9415
2019-04-10 16:15,9519
2019-04-10 16:20,9614
2019-04-10 16:25,9767
2019-04-10 16:30,9899
2019-04-10 16:35,10021
2019-04-10 16:40,10080
2019-04-10 16:45,10127
2019-04-10 16:50,10205
2019-04-10 16:55,10334
2019-04-10 17:00,10433
2019-04-10 17:05,10574
2019-04-10 17:10,10733
2019-04-10 17:15,10847
2019-04-10 17:20,10948
2019-04-10 17:25,11094
2019-04-10 17:30,11195
2019-04-10 17:35,11273
2019-04-10 17:40,11322
2019-04-10 17:45,11467
2019-04-10 17:50,11571
2019-04-10 17:55,11605
2019-04-10 18:00,11697
2019-04-10 18:05,11843
2019-04-10 18:10,11927
2019-04-10 18:15,11988
2019-04-10 18:20,12026
2019-04-10 18:25,12076
2019-04-10 18:30,12172
2019-04-10 18:35,12164
2019-04-10 18:40,12193
2019-04-10 18:45,12194
2019-04-10 18:50,12260
2019-04-10 18:55,12250
2019-04-10 19:00,12202
2019-04-10 19:05,12179
2019-04-10 19:10,0
2019-04-10 19:15,12256
2019-04-10 19:20,12260
2019-04-10 19:25,12244
2019-04-10 19:30,12367
2019-04-10 19:35,12371
2019-04-10 19:40,12328
2019-04-10 19:45,12374
2019-04-10 19:50,12433
2019-04-10 19:55,12427
2019-04-10 20:00,12408
2019-04-10 20:05,12363
2019-04-10 20:10,12391
2019-04-10 20:15,12311
2019-04-10 20:20,12300
2019-04-10 20:25,12269
2019-04-10 20:30,12219
2019-04-10 20:35,12176
2019-04-10 20:40,12088
2019-04-10 20:45,12082
2019-04-10 20:50,12032
2019-04-10 20:55,11968
2019-04-10 21:00,11938
2019-04-10 21:05,11893
2019-04-10 21:10,11903
2019-04-10 21:15,11810
2019-04-10 21:20,11782
2019-04-10 21:25,11697
2019-04-10 21:30,11660
2019-04-10 21:35,11644
2019-04-10 21:40,11537
2019-04-10 21:45,11430
2019-04-10 21:50,11391
2019-04-10 21:55,11301
2019-04-10 22:00,11229
2019-04-10 22:05,11165
2019-04-10 22:10,11072
2019-04-10 22:15,10980
2019-04-10 22:20,10942
2019-04-10 22:25,10871
2019-04-10 22:30,10748
2019-04-10 22:35,10747
2019-04-10 22:40,10715
2019-04-10 22:45,10668
2019-04-10 22:50,10647
2019-04-10 22:55,10666
2019-04-10 23:00,10654
2019-04-10 23:05,10627
2019-04-10 23:10,10474
2019-04-10 23:15,10503
2019-04-10 23:20,10397
2019-04-10 23:25,10193
2019-04-10 23:30,10385
2019-04-10 23:35,10351
2019-04-10 23:40,10375
2019-04-10 23:45,10343
2019-04-10 23:50,10343
2019-04-10 23:55,10293
2019-04-11 00:00,10310
2019-04-11 00:05,10327
2019-04-11 00:10,10337
2019-04-11 00:15,10408
2019-04-11 00:20,10408
2019-04-11 00:25,10354
2019-04-11 00:30,10374
2019-04-11 00:35,10340
2019-04-11 00:40,10357
2019-04-11 00:45,10387
2019-04-11 00:50,10362
2019-04-11 00:55,10395
2019-04-11 01:00,10419
2019-04-11 01:05,10454
2019-04-11 01:10,10504
2019-04-11 01:15,10505
2019-04-11 01:20,10548
2019-04-11 01:25,10676
2019-04-11 01:30,10694
2019-04-11 01:35,10698
2019-04-11 01:40,10734
2019-04-11 01:45,10690
2019-04-11 01:50,10678
2019-04-11 01:55,10678
2019-04-11 02:00,10585
2019-04-11 02:05,10554
2019-04-11 02:10,10493
2019-04-11 02:15,10484
2019-04-11 02:20,10458
2019-04-11 02:25,10450
2019-04-11 02:30,10379
2019-04-11 02:35,10374
2019-04-11 02:40,10330
2019-04-11 02:45,10246
2019-04-11 02:50,10190
2019-04-11 02:55,10141
2019-04-11 03:00,10074
2019-04-11 03:05,9998
2019-04-11 03:10,9898
2019-04-11 03:15,9802
2019-04-11 03:20,9681
2019-04-11 03:25,9562
2019-04-11 03:30,9487
2019-04-11 03:35,9405
2019-04-11 03:40,9298
2019-04-11 03:45,9188
2019-04-11 03:50,9105
2019-04-11 03:55,9006
2019-04-11 04:00,8945
2019-04-11 04:05,8763
2019-04-11 04:10,8623
2019-04-11 04:15,8512
2019-04-11 04:20,8404
2019-04-11 04:25,8255
2019-04-11 04:30,8188
2019-04-11 04:35,8057
2019-04-11 04:40,7945
2019-04-11 04:45,7781
2019-04-11 04:50,7629
2019-04-11 04:55,7512
2019-04-11 05:00,7331
2019-04-11 05:05,7224
2019-04-11 05:10,7035
2019-04-11 05:15,6861
2019-04-11 05:20,6764
2019-04-11 05:25,6644
2019-04-11 05:30,6502
2019-04-11 05:35,6370
2019-04-11 05:40,6263
2019-04-11 05:45,6165
2019-04-11 05:50,6046
2019-04-11 05:55,5898
2019-04-11 06:00,5773
2019-04-11 06:05,5702
2019-04-11 06:10,5034
2019-04-11 06:15,3898
2019-04-11 06:20,3699
2019-04-11 06:25,3127
2019-04-11 06:30,2922
2019-04-11 06:35,2869
2019-04-11 06:40,2749
2019-04-11 06:45,2864
2019-04-11 06:50,3026
2019-04-11 06:55,3189
2019-04-11 07:00,3267
2019-04-11 07:05,3355
2019-04-11 07:10,3431
2019-04-11 07:15,3532
2019-04-11 07:20,3569
2019-04-11 07:25,3629
2019-04-11 07:30,3684
2019-04-11 07:35,3735
2019-04-11 07:40,3800
2019-04-11 07:45,3838
2019-04-11 07:50,3858
2019-04-11 07:55,3865
2019-04-11 08:00,3897
2019-04-11 08:05,3935
2019-04-11 08:10,3950
2019-04-11 08:15,3983
2019-04-11 08:20,4043
2019-04-11 08:25,4078
2019-04-11 08:30,4054
2019-04-11 08:35,4078
2019-04-11 08:40,4143
2019-04-11 08:45,4137
2019-04-11 08:50,4145
2019-04-11 08:55,4133
2019-04-11 09:00,4128
2019-04-11 09:05,4169
2019-04-11 09:10,4161
2019-04-11 09:15,4193
2019-04-11 09:20,4237
2019-04-11 09:25,4292
2019-04-11 09:30,4325
2019-04-11 09:35,4363
2019-04-11 09:40,4407
2019-04-11 09:45,4411
2019-04-11 09:50,4459
2019-04-11 09:55,4472
2019-04-11 10:00,4474
2019-04-11 10:05,4520
2019-04-11 10:10,4572
2019-04-11 10:15,4600
2019-04-11 10:20,4687
2019-04-11 10:25,4766
2019-04-11 10:30,4773
2019-04-11 10:35,4753
2019-04-11 10:40,4798
2019-04-11 10:45,4855
2019-04-11 10:50,4877
2019-04-11 10:55,4937
2019-04-11 11:00,4945
2019-04-11 11:05,5018
2019-04-11 11:10,5063
2019-04-11 11:15,5133
2019-04-11 11:20,5144
2019-04-11 11:25,5167
2019-04-11 11:30,5202
2019-04-11 11:35,5248
2019-04-11 11:40,5296
2019-04-11 11:45,5380
2019-04-11 11:50,5438
2019-04-11 11:55,5483
2019-04-11 12:00,5488
2019-04-11 12:05,5534
2019-04-11 12:10,5633
2019-04-11 12:15,5754
2019-04-11 12:20,5808
2019-04-11 12:25,5857
2019-04-11 12:30,5935
2019-04-11 12:35,6030
2019-04-11 12:40,6085
2019-04-11 12:45,6175
2019-04-11 12:50,6257
2019-04-11 12:55,6330
2019-04-11 13:00,6446
2019-04-11 13:05,6558
2019-04-11 13:10,6633
2019-04-11 13:15,6716
2019-04-11 13:20,6782
2019-04-11 13:25,6870
2019-04-11 13:30,6979
2019-04-11 13:35,7042
2019-04-11 13:40,7106
2019-04-11 13:45,7243
2019-04-11 13:50,7324
2019-04-11 13:55,7397
2019-04-11 14:00,7461
2019-04-11 14:05,7597
2019-04-11 14:10,7692
2019-04-11 14:15,7768
2019-04-11 14:20,7838
2019-04-11 14:25,7916
2019-04-11 14:30,7972
2019-04-11 14:35,8039
2019-04-11 14:40,8164
2019-04-11 14:45,8242
2019-04-11 14:50,8276
2019-04-11 14:55,8377
2019-04-11 15:00,8421
2019-04-11 15:05,8504
2019-04-11 15:10,8594
2019-04-11 15:15,8648
2019-04-11 15:20,8716
2019-04-11 15:25,8717
2019-04-11 15:30,8779
2019-04-11 15:35,8850
2019-04-11 15:40,8928
2019-04-11 15:45,9019
2019-04-11 15:50,9118
2019-04-11 15:55,9223
2019-04-11 16:00,9325
2019-04-11 16:05,9367
2019-04-11 16:10,9454
2019-04-11 16:15,9563
2019-04-11 16:20,9612
2019-04-11 16:25,9679
2019-04-11 16:30,9736
2019-04-11 16:35,9824
2019-04-11 16:40,9964
2019-04-11 16:45,10077
2019-04-11 16:50,10190
2019-04-11 16:55,10286
2019-04-11 17:00,10366
2019-04-11 17:05,10401
2019-04-11 17:10,10519
2019-04-11 17:15,10593
2019-04-11 17:20,10620
2019-04-11 17:25,10750
2019-04-11 17:30,10839
2019-04-11 17:35,11038
2019-04-11 17:40,11133
2019-04-11 17:45,11211
2019-04-11 17:50,11234
2019-04-11 17:55,11305
2019-04-11 18:00,11348
2019-04-11 18:05,11473
2019-04-11 18:10,11555
2019-04-11 18:15,11620
2019-04-11 18:20,11721
2019-04-11 18:25,11824
2019-04-11 18:30,11873
2019-04-11 18:35,11942
2019-04-11 18:40,12022
2019-04-11 18:45,12144
2019-04-11 18:50,12194
2019-04-11 18:55,12321
2019-04-11 19:00,12422
2019-04-11 19:05,12401
2019-04-11 19:10,12425
2019-04-11 19:15,12435
2019-04-11 19:20,12469
2019-04-11 19:25,12534
2019-04-11 19:30,12529
2019-04-11 19:35,12545
2019-04-11 19:40,12619
2019-04-11 19:45,12661
2019-04-11 19:50,12671
2019-04-11 19:55,12590
2019-04-11 20:00,12457
2019-04-11 20:05,12464
2019-04-11 20:10,12405
2019-04-11 20:15,12407
2019-04-11 20:20,12313
2019-04-11 20:25,12254
2019-04-11 20:30,12192
2019-04-11 20:35,12132
2019-04-11 20:40,12160
2019-04-11 20:45,12146
2019-04-11 20:50,12136
2019-04-11 20:55,12096
2019-04-11 21:00,12047
2019-04-11 21:05,11954
2019-04-11 21:10,11921
2019-04-11 21:15,11924
2019-04-11 21:20,11923
2019-04-11 21:25,11854
2019-04-11 21:30,11749
2019-04-11 21:35,11718
2019-04-11 21:40,11664
2019-04-11 21:45,11547
2019-04-11 21:50,11563
2019-04-11 21:55,11419
2019-04-11 22:00,11362
2019-04-11 22:05,11248
2019-04-11 22:10,11160
2019-04-11 22:15,11069
2019-04-11 22:20,11073
2019-04-11 22:25,11003
2019-04-11 22:30,11002
2019-04-11 22:35,10966
2019-04-11 22:40,10948
2019-04-11 22:45,10934
2019-04-11 22:50,10946
2019-04-11 22:55,10945
2019-04-11 23:00,10922
2019-04-11 23:05,10895
2019-04-11 23:10,10791
2019-04-11 23:15,10765
2019-04-11 23:20,10809
2019-04-11 23:25,10776
2019-04-11 23:30,10770
2019-04-11 23:35,10774
2019-04-11 23:40,10711
2019-04-11 23:45,10745
2019-04-11 23:50,10672
2019-04-11 23:55,10604
2019-04-12 00:00,10596
2019-04-12 00:05,10522
2019-04-12 00:10,10489
2019-04-12 00:15,10494
2019-04-12 00:20,10509
2019-04-12 00:25,10474
2019-04-12 00:30,10567
2019-04-12 00:35,10595
2019-04-12 00:40,10616
2019-04-12 00:45,10608
2019-04-12 00:50,10601
2019-04-12 00:55,10616
2019-04-12 01:00,10662
2019-04-12 01:05,10678
2019-04-12 01:10,10689
2019-04-12 01:15,10704
2019-04-12 01:20,10670
2019-04-12 01:25,10653
2019-04-12 01:30,10640
2019-04-12 01:35,10648
2019-04-12 01:40,10708
2019-04-12 01:45,10706
2019-04-12 01:50,10675
2019-04-12 01:55,10695
2019-04-12 02:00,10706
2019-04-12 02:05,10728
2019-04-12 02:10,10709
2019-04-12 02:15,10624
2019-04-12 02:20,10554
2019-04-12 02:25,10627
2019-04-12 02:30,10567
2019-04-12 02:35,10494
2019-04-12 02:40,10441
2019-04-12 02:45,10406
2019-04-12 02:50,10368
2019-04-12 02:55,10308
2019-04-12 03:00,10224
2019-04-12 03:05,10096
2019-04-12 03:10,10009
2019-04-12 03:15,9909
2019-04-12 03:20,9787
2019-04-12 03:25,9701
2019-04-12 03:30,9577
2019-04-12 03:35,9480
2019-04-12 03:40,9387
2019-04-12 03:45,9339
2019-04-12 03:50,9277
2019-04-12 03:55,9163
2019-04-12 04:00,9034
2019-04-12 04:05,8877
2019-04-12 04:10,8706
2019-04-12 04:15,8658
2019-04-12 04:20,8499
2019-04-12 04:25,8399
2019-04-12 04:30,8228
2019-04-12 04:35,8176
2019-04-12 04:40,7978
2019-04-12 04:45,7876
2019-04-12 04:50,7680
2019-04-12 04:55,7558
2019-04-12 05:00,7435
2019-04-12 05:05,7300
2019-04-12 05:10,7185
2019-04-12 05:15,7089
2019-04-12 05:20,6980
2019-04-12 05:25,6877
2019-04-12 05:30,6718
2019-04-12 05:35,6616
2019-04-12 05:40,6496
2019-04-12 05:45,6386
2019-04-12 05:50,6341
2019-04-12 05:55,6246
2019-04-12 06:00,6104
2019-04-12 06:05,5976
2019-04-12 06:10,5856
2019-04-12 06:15,5718
2019-04-12 06:20,5598
2019-04-12 06:25,5541
2019-04-12 06:30,5435
2019-04-12 06:35,5338
2019-04-12 06:40,5272
2019-04-12 06:45,5204
2019-04-12 06:50,5106
2019-04-12 06:55,5016
2019-04-12 07:00,4948
2019-04-12 07:05,4923
2019-04-12 07:10,4843
2019-04-12 07:15,4816
2019-04-12 07:20,4719
2019-04-12 07:25,4669
2019-04-12 07:30,4645
2019-04-12 07:35,4592
2019-04-12 07:40,4597
2019-04-12 07:45,4568
2019-04-12 07:50,4517
2019-04-12 07:55,4502
2019-04-12 08:00,4487
2019-04-12 08:05,4431
2019-04-12 08:10,4420
2019-04-12 08:15,4422
2019-04-12 08:20,4447
2019-04-12 08:25,4440
2019-04-12 08:30,4412
2019-04-12 08:35,4421
2019-04-12 08:40,4450
2019-04-12 08:45,4435
2019-04-12 08:50,4448
2019-04-12 08:55,4438
2019-04-12 09:00,4451
2019-04-12 09:05,4462
2019-04-12 09:10,4471
2019-04-12 09:15,4499
2019-04-12 09:20,4513
2019-04-12 09:25,4545
2019-04-12 09:30,4574
2019-04-12 09:35,4598
2019-04-12 09:40,4621
2019-04-12 09:45,4663
2019-04-12 09:50,4673
2019-04-12 09:55,4686
2019-04-12 10:00,4690
2019-04-12 10:05,4739
2019-04-12 10:10,4789
2019-04-12 10:15,4834
2019-04-12 10:20,4877
2019-04-12 10:25,4896
2019-04-12 10:30,4922
2019-04-12 10:35,4961
2019-04-12 10:40,5047
2019-04-12 10:45,5132
2019-04-12 10:50,5149
2019-04-12 10:55,5210
2019-04-12 11:00,5245
2019-04-12 11:05,5307
2019-04-12 11:10,5386
2019-04-12 11:15,5446
2019-04-12 11:20,5493
2019-04-12 11:25,5546
2019-04-12 11:30,5546
2019-04-12 11:35,5628
2019-04-12 11:40,5678
2019-04-12 11:45,5722
2019-04-12 11:50,5770
2019-04-12 11:55,5809
2019-04-12 12:00,5922
2019-04-12 12:05,6020
2019-04-12 12:10,6129
2019-04-12 12:15,6137
2019-04-12 12:20,6225
2019-04-12 12:25,6242
2019-04-12 12:30,6333
2019-04-12 12:35,6437
2019-04-12 12:40,6506
2019-04-12 12:45,6517
2019-04-12 12:50,6535
2019-04-12 12:55,6637
2019-04-12 13:00,6715
2019-04-12 13:05,6803
2019-04-12 13:10,6861
2019-04-12 13:15,7007
2019-04-12 13:20,7087
2019-04-12 13:25,7188
2019-04-12 13:30,7314
2019-04-12 13:35,7424
2019-04-12 13:40,7586
2019-04-12 13:45,7674
2019-04-12 13:50,7775
2019-04-12 13:55,7896
2019-04-12 14:00,7990
2019-04-12 14:05,8070
2019-04-12 14:10,8120
2019-04-12 14:15,8199
2019-04-12 14:20,8279
2019-04-12 14:25,8356
2019-04-12 14:30,8390
2019-04-12 14:35,8451
2019-04-12 14:40,8539
2019-04-12 14:45,8648
2019-04-12 14:50,8696
2019-04-12 14:55,8812
2019-04-12 15:00,8814
2019-04-12 15:05,8927
2019-04-12 15:10,8959
2019-04-12 15:15,9006
2019-04-12 15:20,9095
2019-04-12 15:25,9031
2019-04-12 15:30,9164
2019-04-12 15:35,9244
2019-04-12 15:40,9375
2019-04-12 15:45,9470
2019-04-12 15:50,9480
2019-04-12 15:55,9571
2019-04-12 16:00,9627
2019-04-12 16:05,9661
2019-04-12 16:10,9778
2019-04-12 16:15,9919
2019-04-12 16:20,9969
2019-04-12 16:25,10030
2019-04-12 16:30,10068
2019-04-12 16:35,10122
2019-04-12 16:40,10256
2019-04-12 16:45,10333
2019-04-12 16:50,10415
2019-04-12 16:55,10498
2019-04-12 17:00,10544
2019-04-12 17:05,10579
2019-04-12 17:10,10616
2019-04-12 17:15,10736
2019-04-12 17:20,10812
2019-04-12 17:25,10906
2019-04-12 17:30,10907
2019-04-12 17:35,10984
2019-04-12 17:40,11100
2019-04-12 17:45,11192
2019-04-12 17:50,11322
2019-04-12 17:55,11372
2019-04-12 18:00,11465
2019-04-12 18:05,11497
2019-04-12 18:10,11516
2019-04-12 18:15,11518
2019-04-12 18:20,11639
2019-04-12 18:25,11677
2019-04-12 18:30,11778
2019-04-12 18:35,11838
2019-04-12 18:40,11969
2019-04-12 18:45,12087
2019-04-12 18:50,12167
2019-04-12 18:55,12296
2019-04-12 19:00,12339
2019-04-12 19:05,12368
2019-04-12 19:10,12492
2019-04-12 19:15,12500
2019-04-12 19:20,12538
2019-04-12 19:25,12588
2019-04-12 19:30,12708
2019-04-12 19:35,12778
2019-04-12 19:40,12797
2019-04-12 19:45,12847
2019-04-12 19:50,12869
2019-04-12 19:55,12917
2019-04-12 20:00,12938
2019-04-12 20:05,12928
2019-04-12 20:10,13067
2019-04-12 20:15,13060
2019-04-12 20:20,13028
2019-04-12 20:25,13024
2019-04-12 20:30,13063
2019-04-12 20:35,13000
2019-04-12 20:40,13040
2019-04-12 20:45,13112
2019-04-12 20:50,13111
2019-04-12 20:55,13110
2019-04-12 21:00,13082
2019-04-12 21:05,12999
2019-04-12 21:10,12984
2019-04-12 21:15,12965
2019-04-12 21:20,0
2019-04-12 21:25,12862
2019-04-12 21:30,12803
2019-04-12 21:35,12735
2019-04-12 21:40,12660
2019-04-12 21:45,12594
2019-04-12 21:50,12514
2019-04-12 21:55,12463
2019-04-12 22:00,12389
2019-04-12 22:05,12269
2019-04-12 22:10,12230
2019-04-12 22:15,12200
2019-04-12 22:20,12130
2019-04-12 22:25,12096
2019-04-12 22:30,12037
2019-04-12 22:35,11985
2019-04-12 22:40,11892
2019-04-12 22:45,11835
2019-04-12 22:50,11753
2019-04-12 22:55,11733
2019-04-12 23:00,11700
2019-04-12 23:05,11570
2019-04-12 23:10,11513
2019-04-12 23:15,11462
2019-04-12 23:20,11402
2019-04-12 23:25,11307
2019-04-12 23:30,11290
2019-04-12 23:35,11311
2019-04-12 23:40,11277
2019-04-12 23:45,11217
2019-04-12 23:50,11160
2019-04-12 23:55,11095
2019-04-13 00:00,11094
2019-04-13 00:05,11040
2019-04-13 00:10,11029
2019-04-13 00:15,11040
2019-04-13 00:20,10980
2019-04-13 00:25,10904
2019-04-13 00:30,10881
2019-04-13 00:35,10847
2019-04-13 00:40,10816
2019-04-13 00:45,10757
2019-04-13 00:50,10782
2019-04-13 00:55,10826
2019-04-13 01:00,10890
2019-04-13 01:05,10936
2019-04-13 01:10,10863
2019-04-13 01:15,10867
2019-04-13 01:20,10936
2019-04-13 01:25,10956
2019-04-13 01:30,10923
2019-04-13 01:35,11029
2019-04-13 01:40,11083
2019-04-13 01:45,11133
2019-04-13 01:50,11197
2019-04-13 01:55,11215
2019-04-13 02:00,11242
2019-04-13 02:05,11193
2019-04-13 02:10,11196
2019-04-13 02:15,11217
2019-04-13 02:20,11168
2019-04-13 02:25,11144
2019-04-13 02:30,11104
2019-04-13 02:35,11088
2019-04-13 02:40,11100
2019-04-13 02:45,11114
2019-04-13 02:50,11050
2019-04-13 02:55,11043
2019-04-13 03:00,10995
2019-04-13 03:05,10986
2019-04-13 03:10,10946
2019-04-13 03:15,10828
2019-04-13 03:20,10811
2019-04-13 03:25,10839
2019-04-13 03:30,10830
2019-04-13 03:35,10776
2019-04-13 03:40,10822
2019-04-13 03:45,10698
2019-04-13 03:50,10690
2019-04-13 03:55,10714
2019-04-13 04:00,10595
2019-04-13 04:05,10541
2019-04-13 04:10,10427
2019-04-13 04:15,10327
2019-04-13 04:20,10253
2019-04-13 04:25,10141
2019-04-13 04:30,10029
2019-04-13 04:35,9992
2019-04-13 04:40,9868
2019-04-13 04:45,9685
2019-04-13 04:50,9576
2019-04-13 04:55,9464
2019-04-13 05:00,9380
2019-04-13 05:05,9283
2019-04-13 05:10,9158
2019-04-13 05:15,9034
2019-04-13 05:20,8886
2019-04-13 05:25,8724
2019-04-13 05:30,8615
2019-04-13 05:35,8475
2019-04-13 05:40,8334
2019-04-13 05:45,8221
2019-04-13 05:50,8105
2019-04-13 05:55,7939
2019-04-13 06:00,7823
2019-04-13 06:05,7654
2019-04-13 06:10,7536
2019-04-13 06:15,7409
2019-04-13 06:20,7310
2019-04-13 06:25,7188
2019-04-13 06:30,7095
2019-04-13 06:35,6939
2019-04-13 06:40,6854
2019-04-13 06:45,6779
2019-04-13 06:50,6691
2019-04-13 06:55,6615
2019-04-13 07:00,6502
2019-04-13 07:05,6432
2019-04-13 07:10,6363
2019-04-13 07:15,6268
2019-04-13 07:20,6191
2019-04-13 07:25,6131
2019-04-13 07:30,6123
2019-04-13 07:35,6099
2019-04-13 07:40,6071
2019-04-13 07:45,6012
2019-04-13 07:50,5961
2019-04-13 07:55,5966
2019-04-13 08:00,5910
2019-04-13 08:05,5908
2019-04-13 08:10,5845
2019-04-13 08:15,5812
2019-04-13 08:20,5812
2019-04-13 08:25,5802
2019-04-13 08:30,5783
2019-04-13 08:35,5805
2019-04-13 08:40,5786
2019-04-13 08:45,5784
2019-04-13 08:50,5783
2019-04-13 08:55,5827
2019-04-13 09:00,5830
2019-04-13 09:05,5817
2019-04-13 09:10,5889
2019-04-13 09:15,5942
2019-04-13 09:20,5970
2019-04-13 09:25,6037
2019-04-13 09:30,6065
2019-04-13 09:35,6089
2019-04-13 09:40,6164
2019-04-13 09:45,6198
2019-04-13 09:50,6265
2019-04-13 09:55,6336
2019-04-13 10:00,6343
2019-04-13 10:05,6401
2019-04-13 10:10,6441
2019-04-13 10:15,6510
2019-04-13 10:20,6582
2019-04-13 10:25,6655
2019-04-13 10:30,6710
2019-04-13 10:35,6766
2019-04-13 10:40,6822
2019-04-13 10:45,6903
2019-04-13 10:50,6965
2019-04-13 10:55,7054
2019-04-13 11:00,7096
2019-04-13 11:05,7160
2019-04-13 11:10,7183
2019-04-13 11:15,7221
2019-04-13 11:20,7327
2019-04-13 11:25,7382
2019-04-13 11:30,7433
2019-04-13 11:35,7439
2019-04-13 11:40,7441
2019-04-13 11:45,7540
2019-04-13 11:50,7608
2019-04-13 11:55,7691
2019-04-13 12:00,7792
2019-04-13 12:05,7838
2019-04-13 12:10,7897
2019-04-13 12:15,7956
2019-04-13 12:20,8000
2019-04-13 12:25,8056
2019-04-13 12:30,8103
2019-04-13 12:35,8215
2019-04-13 12:40,8262
2019-04-13 12:45,8349
2019-04-13 12:50,8400
2019-04-13 12:55,8486
2019-04-13 13:00,8574
2019-04-13 13:05,8690
2019-04-13 13:10,8763
2019-04-13 13:15,8791
2019-04-13 13:20,8933
2019-04-13 13:25,8967
2019-04-13 13:30,9062
2019-04-13 13:35,9155
2019-04-13 13:40,9212
2019-04-13 13:45,9290
2019-04-13 13:50,9399
2019-04-13 13:55,9538
2019-04-13 14:00,9652
2019-04-13 14:05,9769
2019-04-13 14:10,9887
2019-04-13 14:15,9982
2019-04-13 14:20,10113
2019-04-13 14:25,10239
2019-04-13 14:30,10276
2019-04-13 14:35,10398
2019-04-13 14:40,10549
2019-04-13 14:45,10613
2019-04-13 14:50,10713
2019-04-13 14:55,10783
2019-04-13 15:00,10867
2019-04-13 15:05,10880
2019-04-13 15:10,10883
2019-04-13 15:15,10957
2019-04-13 15:20,11047
2019-04-13 15:25,11094
2019-04-13 15:30,11114
2019-04-13 15:35,11186
2019-04-13 15:40,11231
2019-04-13 15:45,11329
2019-04-13 15:50,11416
2019-04-13 15:55,11478
2019-04-13 16:00,11565
2019-04-13 16:05,11671
2019-04-13 16:10,11739
2019-04-13 16:15,11733
2019-04-13 16:20,11766
2019-04-13 16:25,11824
2019-04-13 16:30,11888
2019-04-13 16:35,11972
2019-04-13 16:40,12066
2019-04-13 16:45,12094
2019-04-13 16:50,12165
2019-04-13 16:55,12211
2019-04-13 17:00,12351
2019-04-13 17:05,12420
2019-04-13 17:10,12557
2019-04-13 17:15,12621
2019-04-13 17:20,12686
2019-04-13 17:25,12822
2019-04-13 17:30,12942
2019-04-13 17:35,13087
2019-04-13 17:40,13154
2019-04-13 17:45,13250
2019-04-13 17:50,13291
2019-04-13 17:55,13405
2019-04-13 18:00,13406
2019-04-13 18:05,13477
2019-04-13 18:10,13569
2019-04-13 18:15,13663
2019-04-13 18:20,13703
2019-04-13 18:25,13733
2019-04-13 18:30,13766
2019-04-13 18:35,13946
2019-04-13 18:40,14049
2019-04-13 18:45,14174
2019-04-13 18:50,14279
2019-04-13 18:55,14253
2019-04-13 19:00,14286
2019-04-13 19:05,14412
2019-04-13 19:10,14444
2019-04-13 19:15,14570
2019-04-13 19:20,14624
2019-04-13 19:25,14638
2019-04-13 19:30,14726
2019-04-13 19:35,14780
2019-04-13 19:40,14796
2019-04-13 19:45,14754
2019-04-13 19:50,14735
2019-04-13 19:55,14797
2019-04-13 20:00,14728
2019-04-13 20:05,14741
2019-04-13 20:10,14684
2019-04-13 20:15,14615
2019-04-13 20:20,14667
2019-04-13 20:25,14639
2019-04-13 20:30,14668
2019-04-13 20:35,14608
2019-04-13 20:40,14564
2019-04-13 20:45,14515
2019-04-13 20:50,14439
2019-04-13 20:55,14378
2019-04-13 21:00,14350
2019-04-13 21:05,14263
2019-04-13 21:10,14174
2019-04-13 21:15,14090
2019-04-13 21:20,14116
2019-04-13 21:25,14074
2019-04-13 21:30,14014
2019-04-13 21:35,13982
2019-04-13 21:40,13923
2019-04-13 21:45,13848
2019-04-13 21:50,13735
2019-04-13 21:55,13562
2019-04-13 22:00,13434
2019-04-13 22:05,13327
2019-04-13 22:10,13210
2019-04-13 22:15,13130
2019-04-13 22:20,12994
2019-04-13 22:25,12876
2019-04-13 22:30,12828
2019-04-13 22:35,12693
2019-04-13 22:40,12709
2019-04-13 22:45,12595
2019-04-13 22:50,12490
2019-04-13 22:55,12350
2019-04-13 23:00,12236
2019-04-13 23:05,12091
2019-04-13 23:10,12018
2019-04-13 23:15,11930
2019-04-13 23:20,11837
2019-04-13 23:25,11824
2019-04-13 23:30,11770
2019-04-13 23:35,11740
2019-04-13 23:40,11669
2019-04-13 23:45,11566
2019-04-13 23:50,11538
2019-04-13 23:55,11526
2019-04-14 00:00,11481
2019-04-14 00:05,11425
2019-04-14 00:10,11371
2019-04-14 00:15,11327
2019-04-14 00:20,11227
2019-04-14 00:25,11197
2019-04-14 00:30,11149
2019-04-14 00:35,11194
2019-04-14 00:40,11161
2019-04-14 00:45,11086
2019-04-14 00:50,11103
2019-04-14 00:55,11055
2019-04-14 01:00,11015
2019-04-14 01:05,11043
2019-04-14 01:10,11063
2019-04-14 01:15,11054
2019-04-14 01:20,11064
2019-04-14 01:25,11035
2019-04-14 01:30,10993
2019-04-14 01:35,10984
2019-04-14 01:40,10952
2019-04-14 01:45,10949
2019-04-14 01:50,11008
2019-04-14 01:55,10959
2019-04-14 02:00,10973
2019-04-14 02:05,10956
2019-04-14 02:10,10965
2019-04-14 02:15,10983
2019-04-14 02:20,10983
2019-04-14 02:25,11004
2019-04-14 02:30,11028
2019-04-14 02:35,10959
2019-04-14 02:40,10956
2019-04-14 02:45,10968
2019-04-14 02:50,11011
2019-04-14 02:55,10955
2019-04-14 03:00,10938
2019-04-14 03:05,10940
2019-04-14 03:10,10912
2019-04-14 03:15,10873
2019-04-14 03:20,10869
2019-04-14 03:25,10862
2019-04-14 03:30,10774
2019-04-14 03:35,10752
2019-04-14 03:40,10726
2019-04-14 03:45,10691
2019-04-14 03:50,10633
2019-04-14 03:55,10595
2019-04-14 04:00,10550
2019-04-14 04:05,10461
2019-04-14 04:10,10383
2019-04-14 04:15,10300
2019-04-14 04:20,10257
2019-04-14 04:25,10218
2019-04-14 04:30,10112
2019-04-14 04:35,10033
2019-04-14 04:40,9928
2019-04-14 04:45,9811
2019-04-14 04:50,9636
2019-04-14 04:55,9506
2019-04-14 05:00,9392
2019-04-14 05:05,9317
2019-04-14 05:10,9198
2019-04-14 05:15,9055
2019-04-14 05:20,8869
2019-04-14 05:25,8816
2019-04-14 05:30,8706
2019-04-14 05:35,8586
2019-04-14 05:40,8505
2019-04-14 05:45,8422
2019-04-14 05:50,8406
2019-04-14 05:55,8270
2019-04-14 06:00,8169
2019-04-14 06:05,8005
2019-04-14 06:10,7855
2019-04-14 06:15,7745
2019-04-14 06:20,7687
2019-04-14 06:25,7639
2019-04-14 06:30,7517
2019-04-14 06:35,7370
2019-04-14 06:40,7306
2019-04-14 06:45,7243
2019-04-14 06:50,7208
2019-04-14 06:55,7156
2019-04-14 07:00,7037
2019-04-14 07:05,6911
2019-04-14 07:10,6893
2019-04-14 07:15,6820
2019-04-14 07:20,6723
2019-04-14 07:25,6699
2019-04-14 07:30,
2019-04-14 07:35,
2019-04-14 07:40,
2019-04-14 07:45,
2019-04-14 07:50,
2019-04-14 07:55,
2019-04-14 08:00,
2019-04-14 08:05,
2019-04-14 08:10,
2019-04-14 08:15,
2019-04-14 08:20,
2019-04-14 08:25,6181
2019-04-14 08:30,
2019-04-14 08:35,
2019-04-14 08:40,
2019-04-14 08:45,6172
2019-04-14 08:50,
2019-04-14 08:55,
2019-04-14 09:00,
2019-04-14 09:05,
2019-04-14 09:10,
2019-04-14 09:15,
2019-04-14 09:20,6414
2019-04-14 09:25,6430
2019-04-14 09:30,6451
2019-04-14 09:35,6484
2019-04-14 09:40,6566
2019-04-14 09:45,6625
2019-04-14 09:50,6692
2019-04-14 09:55,6708
2019-04-14 10:00,6742
2019-04-14 10:05,6783
2019-04-14 10:10,6872
2019-04-14 10:15,6938
2019-04-14 10:20,6975
2019-04-14 10:25,7089
2019-04-14 10:30,7177
2019-04-14 10:35,7196
2019-04-14 10:40,7268
2019-04-14 10:45,7364
2019-04-14 10:50,7431
2019-04-14 10:55,7493
2019-04-14 11:00,7567
2019-04-14 11:05,7604
2019-04-14 11:10,7644
2019-04-14 11:15,7747
2019-04-14 11:20,7797
2019-04-14 11:25,7867
2019-04-14 11:30,7891
2019-04-14 11:35,7924
2019-04-14 11:40,7954
2019-04-14 11:45,7995
2019-04-14 11:50,8053
2019-04-14 11:55,8085
2019-04-14 12:00,8145
2019-04-14 12:05,8217
2019-04-14 12:10,8272
2019-04-14 12:15,8363
2019-04-14 12:20,8416
2019-04-14 12:25,8467
2019-04-14 12:30,8514
2019-04-14 12:35,8601
2019-04-14 12:40,8650
2019-04-14 12:45,8745
2019-04-14 12:50,8847
2019-04-14 12:55,8951
2019-04-14 13:00,9091
2019-04-14 13:05,9167
2019-04-14 13:10,9203
2019-04-14 13:15,9304
2019-04-14 13:20,9448
2019-04-14 13:25,9576
2019-04-14 13:30,9691
2019-04-14 13:35,9839
2019-04-14 13:40,9906
2019-04-14 13:45,10099
2019-04-14 13:50,10203
2019-04-14 13:55,10244
2019-04-14 14:00,10371
2019-04-14 14:05,10442
2019-04-14 14:10,10547
2019-04-14 14:15,10608
2019-04-14 14:20,10787
2019-04-14 14:25,10880
2019-04-14 14:30,10941
2019-04-14 14:35,10955
2019-04-14 14:40,11034
2019-04-14 14:45,11148
2019-04-14 14:50,11234
2019-04-14 14:55,11298
2019-04-14 15:00,11424
2019-04-14 15:05,11433
2019-04-14 15:10,11524
2019-04-14 15:15,11588
2019-04-14 15:20,11656
2019-04-14 15:25,11728
2019-04-14 15:30,11783
2019-04-14 15:35,11828
2019-04-14 15:40,11922
2019-04-14 15:45,12019
2019-04-14 15:50,12189
2019-04-14 15:55,12268
2019-04-14 16:00,12345
2019-04-14 16:05,12422
2019-04-14 16:10,12590
2019-04-14 16:15,12689
2019-04-14 16:20,12823
2019-04-14 16:25,12829
2019-04-14 16:30,12921
2019-04-14 16:35,13028
2019-04-14 16:40,13050
2019-04-14 16:45,13066
2019-04-14 16:50,13176
2019-04-14 16:55,13302
2019-04-14 17:00,13422
2019-04-14 17:05,13539
2019-04-14 17:10,13642
2019-04-14 17:15,13764
2019-04-14 17:20,13871
2019-04-14 17:25,13982
2019-04-14 17:30,14102
2019-04-14 17:35,14223
2019-04-14 17:40,14369
2019-04-14 17:45,14535
2019-04-14 17:50,14598
2019-04-14 17:55,14674
2019-04-14 18:00,14775
2019-04-14 18:05,14882
2019-04-14 18:10,14975
2019-04-14 18:15,14918
2019-04-14 18:20,14983
2019-04-14 18:25,15048
2019-04-14 18:30,15130
2019-04-14 18:35,15222
2019-04-14 18:40,15261
2019-04-14 18:45,15315
2019-04-14 18:50,15402
2019-04-14 18:55,15433
2019-04-14 19:00,15429
2019-04-14 19:05,15489
2019-04-14 19:10,15518
2019-04-14 19:15,15550
2019-04-14 19:20,15633
2019-04-14 19:25,15635
2019-04-14 19:30,15679
2019-04-14 19:35,15641
2019-04-14 19:40,15653
2019-04-14 19:45,15631
2019-04-14 19:50,15648
2019-04-14 19:55,15630
2019-04-14 20:00,15572
2019-04-14 20:05,15540
2019-04-14 20:10,15466
2019-04-14 20:15,15396
2019-04-14 20:20,15304
2019-04-14 20:25,15255
2019-04-14 20:30,15156
2019-04-14 20:35,15021
2019-04-14 20:40,15014
2019-04-14 20:45,14912
2019-04-14 20:50,14853
2019-04-14 20:55,14799
2019-04-14 21:00,14686
2019-04-14 21:05,14641
2019-04-14 21:10,14519
2019-04-14 21:15,14419
2019-04-14 21:20,14266
2019-04-14 21:25,14177
2019-04-14 21:30,14072
2019-04-14 21:35,13988
2019-04-14 21:40,13873
2019-04-14 21:45,13811
2019-04-14 21:50,13685
2019-04-14 21:55,13590
2019-04-14 22:00,13443
2019-04-14 22:05,13303
2019-04-14 22:10,13194
2019-04-14 22:15,13101
2019-04-14 22:20,13012
2019-04-14 22:25,12958
2019-04-14 22:30,12867
2019-04-14 22:35,12769
2019-04-14 22:40,12693
2019-04-14 22:45,12595
2019-04-14 22:50,12492
2019-04-14 22:55,12450
2019-04-14 23:00,12341
2019-04-14 23:05,12289
2019-04-14 23:10,12200
2019-04-14 23:15,12138
2019-04-14 23:20,12014
2019-04-14 23:25,11996
2019-04-14 23:30,11976
2019-04-14 23:35,11930
2019-04-14 23:40,11891
2019-04-14 23:45,11872
2019-04-14 23:50,11843
2019-04-14 23:55,11739
2019-04-15 00:00,11636
2019-04-15 00:05,11602
2019-04-15 00:10,11557
2019-04-15 00:15,11544
2019-04-15 00:20,11431
2019-04-15 00:25,11384
2019-04-15 00:30,11314
2019-04-15 00:35,11202
2019-04-15 00:40,11081
2019-04-15 00:45,10915
2019-04-15 00:50,10820
2019-04-15 00:55,10649
2019-04-15 01:00,10448
2019-04-15 01:05,10309
2019-04-15 01:10,10238
2019-04-15 01:15,10161
2019-04-15 01:20,10091
2019-04-15 01:25,10048
2019-04-15 01:30,9977
2019-04-15 01:35,9922
2019-04-15 01:40,9859
2019-04-15 01:45,9851
2019-04-15 01:50,9853
2019-04-15 01:55,9773
2019-04-15 02:00,9710
2019-04-15 02:05,9751
2019-04-15 02:10,9838
2019-04-15 02:15,9868
2019-04-15 02:20,9915
2019-04-15 02:25,9954
2019-04-15 02:30,9993
2019-04-15 02:35,10008
2019-04-15 02:40,9922
2019-04-15 02:45,9794
2019-04-15 02:50,9659
2019-04-15 02:55,9567
2019-04-15 03:00,9546
2019-04-15 03:05,9511
2019-04-15 03:10,9440
2019-04-15 03:15,9332
2019-04-15 03:20,9215
2019-04-15 03:25,9156
2019-04-15 03:30,9078
2019-04-15 03:35,8978
2019-04-15 03:40,8948
2019-04-15 03:45,8841
2019-04-15 03:50,8793
2019-04-15 03:55,8736
2019-04-15 04:00,8606
2019-04-15 04:05,8549
2019-04-15 04:10,8357
2019-04-15 04:15,8244
2019-04-15 04:20,8076
2019-04-15 04:25,7978
2019-04-15 04:30,7876
2019-04-15 04:35,7803
2019-04-15 04:40,7668
2019-04-15 04:45,7575
2019-04-15 04:50,7439
2019-04-15 04:55,7331
2019-04-15 05:00,7257
2019-04-15 05:05,7171
2019-04-15 05:10,7041
2019-04-15 05:15,6837
2019-04-15 05:20,6761
2019-04-15 05:25,6655
2019-04-15 05:30,6534
2019-04-15 05:35,6464
2019-04-15 05:40,6348
2019-04-15 05:45,6191
2019-04-15 05:50,6049
2019-04-15 05:55,5978
2019-04-15 06:00,5823
2019-04-15 06:05,5724
2019-04-15 06:10,5596
2019-04-15 06:15,5545
2019-04-15 06:20,5448
2019-04-15 06:25,5303
2019-04-15 06:30,5221
2019-04-15 06:35,5160
2019-04-15 06:40,5067
2019-04-15 06:45,4967
2019-04-15 06:50,4909
2019-04-15 06:55,4819
2019-04-15 07:00,4752
2019-04-15 07:05,4689
2019-04-15 07:10,4646
2019-04-15 07:15,4546
2019-04-15 07:20,4487
2019-04-15 07:25,4458
2019-04-15 07:30,4401
2019-04-15 07:35,4375
2019-04-15 07:40,4346
2019-04-15 07:45,4324
2019-04-15 07:50,4324
2019-04-15 07:55,4273
2019-04-15 08:00,4242
2019-04-15 08:05,4214
2019-04-15 08:10,4204
2019-04-15 08:15,4172
2019-04-15 08:20,4127
2019-04-15 08:25,4095
2019-04-15 08:30,4091
2019-04-15 08:35,4114
2019-04-15 08:40,4133
2019-04-15 08:45,4161
2019-04-15 08:50,4176
2019-04-15 08:55,4227
2019-04-15 09:00,4188
2019-04-15 09:05,4248
2019-04-15 09:10,4269
2019-04-15 09:15,4276
2019-04-15 09:20,4311
2019-04-15 09:25,4347
2019-04-15 09:30,4388
2019-04-15 09:35,4445
2019-04-15 09:40,4484
2019-04-15 09:45,4498
2019-04-15 09:50,4542
2019-04-15 09:55,4535
2019-04-15 10:00,4569
2019-04-15 10:05,4604
2019-04-15 10:10,4671
2019-04-15 10:15,4712
2019-04-15 10:20,4765
2019-04-15 10:25,4822
2019-04-15 10:30,4892
2019-04-15 10:35,4954
2019-04-15 10:40,5019
2019-04-15 10:45,5017
2019-04-15 10:50,5052
2019-04-15 10:55,5096
2019-04-15 11:00,5147
2019-04-15 11:05,5160
2019-04-15 11:10,5188
2019-04-15 11:15,5228
2019-04-15 11:20,5262
2019-04-15 11:25,5314
2019-04-15 11:30,5376
2019-04-15 11:35,5418
2019-04-15 11:40,5471
2019-04-15 11:45,5501
2019-04-15 11:50,5512
2019-04-15 11:55,5525
2019-04-15 12:00,5573
2019-04-15 12:05,5633
2019-04-15 12:10,5648
2019-04-15 12:15,5700
2019-04-15 12:20,5778
2019-04-15 12:25,5817
2019-04-15 12:30,5860
2019-04-15 12:35,5941
2019-04-15 12:40,6026
2019-04-15 12:45,6080
2019-04-15 12:50,6111
2019-04-15 12:55,6174
2019-04-15 13:00,6250
2019-04-15 13:05,6339
2019-04-15 13:10,6429
2019-04-15 13:15,6515
2019-04-15 13:20,6573
2019-04-15 13:25,6658
2019-04-15 13:30,6716
2019-04-15 13:35,6816
2019-04-15 13:40,6879
2019-04-15 13:45,6896
2019-04-15 13:50,7002
2019-04-15 13:55,7007
2019-04-15 14:00,7097
2019-04-15 14:05,7176
2019-04-15 14:10,7275
2019-04-15 14:15,7387
2019-04-15 14:20,7481
2019-04-15 14:25,7513
2019-04-15 14:30,7677
2019-04-15 14:35,7680
2019-04-15 14:40,7703
2019-04-15 14:45,7848
2019-04-15 14:50,7925
2019-04-15 14:55,7982
2019-04-15 15:00,8019
2019-04-15 15:05,
2019-04-15 15:10,8146
2019-04-15 15:15,8194
2019-04-15 15:20,8280
2019-04-15 15:25,8321
2019-04-15 15:30,8402
2019-04-15 15:35,8418
2019-04-15 15:40,8436
2019-04-15 15:45,8457
2019-04-15 15:50,8453
2019-04-15 15:55,6177
2019-04-15 16:00,3963
2019-04-15 16:05,3151
2019-04-15 16:10,2798
2019-04-15 16:15,2608
2019-04-15 16:20,2483
2019-04-15 16:25,2414
2019-04-15 16:30,2346
2019-04-15 16:35,2341
2019-04-15 16:40,2285
2019-04-15 16:45,2256
2019-04-15 16:50,2250
2019-04-15 16:55,2164
2019-04-15 17:00,2234
2019-04-15 17:05,2223
2019-04-15 17:10,2177
2019-04-15 17:15,2189
2019-04-15 17:20,2187
2019-04-15 17:25,3150
2019-04-15 17:30,4318
2019-04-15 17:35,5374
2019-04-15 17:40,6345
2019-04-15 17:45,7175
2019-04-15 17:50,7892
2019-04-15 17:55,8583
2019-04-15 18:00,9250
2019-04-15 18:05,9916
2019-04-15 18:10,10439
2019-04-15 18:15,10869
2019-04-15 18:20,11311
2019-04-15 18:25,11625
2019-04-15 18:30,11957
2019-04-15 18:35,12302
2019-04-15 18:40,12528
2019-04-15 18:45,12745
2019-04-15 18:50,12894
2019-04-15 18:55,13019
2019-04-15 19:00,13147
2019-04-15 19:05,13268
2019-04-15 19:10,13280
2019-04-15 19:15,13417
2019-04-15 19:20,13547
2019-04-15 19:25,13667
2019-04-15 19:30,13721
2019-04-15 19:35,13760
2019-04-15 19:40,13759
2019-04-15 19:45,13677
2019-04-15 19:50,13715
2019-04-15 19:55,13647
2019-04-15 20:00,13602
2019-04-15 20:05,13546
2019-04-15 20:10,13379
2019-04-15 20:15,13343
2019-04-15 20:20,13345
2019-04-15 20:25,13207
2019-04-15 20:30,13202
2019-04-15 20:35,13191
2019-04-15 20:40,13199
2019-04-15 20:45,13074
2019-04-15 20:50,13053
2019-04-15 20:55,13022
2019-04-15 21:00,13014
2019-04-15 21:05,12896
2019-04-15 21:10,12854
2019-04-15 21:15,12732
2019-04-15 21:20,12770
2019-04-15 21:25,12651
2019-04-15 21:30,12576
2019-04-15 21:35,12504
2019-04-15 21:40,12432
2019-04-15 21:45,12420
2019-04-15 21:50,12260
2019-04-15 21:55,12161
2019-04-15 22:00,12044
2019-04-15 22:05,11960
2019-04-15 22:10,11822
2019-04-15 22:15,11724
2019-04-15 22:20,11603
2019-04-15 22:25,11542
2019-04-15 22:30,11493
2019-04-15 22:35,11465
2019-04-15 22:40,11438
2019-04-15 22:45,11411
2019-04-15 22:50,11356
2019-04-15 22:55,11307
2019-04-15 23:00,11302
2019-04-15 23:05,11145
2019-04-15 23:10,11140
2019-04-15 23:15,11204
2019-04-15 23:20,11084
2019-04-15 23:25,11037
2019-04-15 23:30,10953
2019-04-15 23:35,11005
2019-04-15 23:40,10999
2019-04-15 23:45,10985
2019-04-15 23:50,11001
2019-04-15 23:55,10975
2019-04-16 00:00,10938
2019-04-16 00:05,10919
2019-04-16 00:10,10887
2019-04-16 00:15,10804
2019-04-16 00:20,10794
2019-04-16 00:25,10852
2019-04-16 00:30,10838
2019-04-16 00:35,10868
2019-04-16 00:40,10875
2019-04-16 00:45,10907
2019-04-16 00:50,10941
2019-04-16 00:55,10900
2019-04-16 01:00,10934
2019-04-16 01:05,10905
2019-04-16 01:10,10906
2019-04-16 01:15,10918
2019-04-16 01:20,10858
2019-04-16 01:25,10958
2019-04-16 01:30,10941
2019-04-16 01:35,10901
2019-04-16 01:40,10942
2019-04-16 01:45,10934
2019-04-16 01:50,10936
2019-04-16 01:55,10932
2019-04-16 02:00,10921
2019-04-16 02:05,10872
2019-04-16 02:10,10795
2019-04-16 02:15,10761
2019-04-16 02:20,10620
2019-04-16 02:25,10583
2019-04-16 02:30,10477
2019-04-16 02:35,10446
2019-04-16 02:40,10474
2019-04-16 02:45,10366
2019-04-16 02:50,10296
2019-04-16 02:55,10253
2019-04-16 03:00,10166
2019-04-16 03:05,10075
2019-04-16 03:10,9924
2019-04-16 03:15,9842
2019-04-16 03:20,9715
2019-04-16 03:25,9636
2019-04-16 03:30,9531
2019-04-16 03:35,9414
2019-04-16 03:40,9312
2019-04-16 03:45,9157
2019-04-16 03:50,9058
2019-04-16 03:55,8901
2019-04-16 04:00,8851
2019-04-16 04:05,8716
2019-04-16 04:10,8574
2019-04-16 04:15,8489
2019-04-16 04:20,8434
2019-04-16 04:25,8290
2019-04-16 04:30,8194
2019-04-16 04:35,8030
2019-04-16 04:40,7894
2019-04-16 04:45,7766
2019-04-16 04:50,7640
2019-04-16 04:55,7534
2019-04-16 05:00,7429
2019-04-16 05:05,7264
2019-04-16 05:10,7129
2019-04-16 05:15,6945
2019-04-16 05:20,6856
2019-04-16 05:25,6714
2019-04-16 05:30,6662
2019-04-16 05:35,6533
2019-04-16 05:40,6436
2019-04-16 05:45,6309
2019-04-16 05:50,6173
2019-04-16 05:55,6037
2019-04-16 06:00,5908
2019-04-16 06:05,5830
2019-04-16 06:10,5712
2019-04-16 06:15,5576
2019-04-16 06:20,5467
2019-04-16 06:25,5346
2019-04-16 06:30,5241
2019-04-16 06:35,5152
2019-04-16 06:40,5068
2019-04-16 06:45,4985
2019-04-16 06:50,4913
2019-04-16 06:55,4842
2019-04-16 07:00,4753
2019-04-16 07:05,4665
2019-04-16 07:10,4574
2019-04-16 07:15,4509
2019-04-16 07:20,4430
2019-04-16 07:25,4386
2019-04-16 07:30,4347
2019-04-16 07:35,4305
2019-04-16 07:40,4268
2019-04-16 07:45,4200
2019-04-16 07:50,4190
2019-04-16 07:55,4216
2019-04-16 08:00,4196
2019-04-16 08:05,4174
2019-04-16 08:10,4153
2019-04-16 08:15,4160
2019-04-16 08:20,4144
2019-04-16 08:25,4145
2019-04-16 08:30,4144
2019-04-16 08:35,4115
2019-04-16 08:40,4137
2019-04-16 08:45,4142
2019-04-16 08:50,4126
2019-04-16 08:55,4160
2019-04-16 09:00,4211
2019-04-16 09:05,4255
2019-04-16 09:10,4305
2019-04-16 09:15,4325
2019-04-16 09:20,4344
2019-04-16 09:25,4392
2019-04-16 09:30,4439
2019-04-16 09:35,4532
2019-04-16 09:40,4594
2019-04-16 09:45,4641
2019-04-16 09:50,4712
2019-04-16 09:55,4716
2019-04-16 10:00,4721
2019-04-16 10:05,4752
2019-04-16 10:10,4751
2019-04-16 10:15,4773
2019-04-16 10:20,4811
2019-04-16 10:25,4829
2019-04-16 10:30,4882
2019-04-16 10:35,4945
2019-04-16 10:40,5026
2019-04-16 10:45,5079
2019-04-16 10:50,5119
2019-04-16 10:55,5153
2019-04-16 11:00,5190
2019-04-16 11:05,5210
2019-04-16 11:10,5209
2019-04-16 11:15,5254
2019-04-16 11:20,5314
2019-04-16 11:25,5364
2019-04-16 11:30,5395
2019-04-16 11:35,5442
2019-04-16 11:40,5532
2019-04-16 11:45,5553
2019-04-16 11:50,5617
2019-04-16 11:55,5664
2019-04-16 12:00,5767
2019-04-16 12:05,5841
2019-04-16 12:10,5925
2019-04-16 12:15,6010
2019-04-16 12:20,6084
2019-04-16 12:25,6108
2019-04-16 12:30,6199
2019-04-16 12:35,6327
2019-04-16 12:40,6414
2019-04-16 12:45,6459
2019-04-16 12:50,6505
2019-04-16 12:55,6535
2019-04-16 13:00,6621
2019-04-16 13:05,6673
2019-04-16 13:10,6756
2019-04-16 13:15,6830
2019-04-16 13:20,6894
2019-04-16 13:25,6976
2019-04-16 13:30,7092
2019-04-16 13:35,7166
2019-04-16 13:40,7210
2019-04-16 13:45,7307
2019-04-16 13:50,7404
2019-04-16 13:55,7464
2019-04-16 14:00,7487
2019-04-16 14:05,7547
2019-04-16 14:10,7616
2019-04-16 14:15,7679
2019-04-16 14:20,7751
2019-04-16 14:25,7852
2019-04-16 14:30,7946
2019-04-16 14:35,7982
2019-04-16 14:40,8067
2019-04-16 14:45,8111
2019-04-16 14:50,8169
2019-04-16 14:55,8148
2019-04-16 15:00,8200
2019-04-16 15:05,8283
2019-04-16 15:10,8306
2019-04-16 15:15,8402
2019-04-16 15:20,8605
2019-04-16 15:25,8754
2019-04-16 15:30,8834
2019-04-16 15:35,8929
2019-04-16 15:40,9057
2019-04-16 15:45,9171
2019-04-16 15:50,9283
2019-04-16 15:55,9401
2019-04-16 16:00,9557
2019-04-16 16:05,9664
2019-04-16 16:10,9752
2019-04-16 16:15,9823
2019-04-16 16:20,9945
2019-04-16 16:25,10093
2019-04-16 16:30,10190
2019-04-16 16:35,10273
2019-04-16 16:40,10390
2019-04-16 16:45,10499
2019-04-16 16:50,10606
2019-04-16 16:55,10718
2019-04-16 17:00,10812
2019-04-16 17:05,10912
2019-04-16 17:10,11048
2019-04-16 17:15,11123
2019-04-16 17:20,11223
2019-04-16 17:25,11323
2019-04-16 17:30,11380
2019-04-16 17:35,11411
2019-04-16 17:40,11534
2019-04-16 17:45,11647
2019-04-16 17:50,11756
2019-04-16 17:55,11748
2019-04-16 18:00,9383
2019-04-16 18:05,11146
2019-04-16 18:10,11850
2019-04-16 18:15,12016
2019-04-16 18:20,12057
2019-04-16 18:25,12109
2019-04-16 18:30,12113
2019-04-16 18:35,12193
2019-04-16 18:40,12325
2019-04-16 18:45,12370
2019-04-16 18:50,12499
2019-04-16 18:55,12535
2019-04-16 19:00,12509
2019-04-16 19:05,12464
2019-04-16 19:10,12474
2019-04-16 19:15,12457
2019-04-16 19:20,12422
2019-04-16 19:25,12414
2019-04-16 19:30,12519
2019-04-16 19:35,12455
2019-04-16 19:40,12430
2019-04-16 19:45,12471
2019-04-16 19:50,12434
2019-04-16 19:55,12470
2019-04-16 20:00,12453
2019-04-16 20:05,12488
2019-04-16 20:10,12510
2019-04-16 20:15,12497
2019-04-16 20:20,12578
2019-04-16 20:25,12531
2019-04-16 20:30,12482
2019-04-16 20:35,12432
2019-04-16 20:40,12419
2019-04-16 20:45,12416
2019-04-16 20:50,12280
2019-04-16 20:55,12265
2019-04-16 21:00,12241
2019-04-16 21:05,12253
2019-04-16 21:10,12181
2019-04-16 21:15,12092
2019-04-16 21:20,12086
2019-04-16 21:25,12039
2019-04-16 21:30,11995
2019-04-16 21:35,11898
2019-04-16 21:40,11860
2019-04-16 21:45,
2019-04-16 21:50,
2019-04-16 21:55,9249
2019-04-16 22:00,11368
2019-04-16 22:05,11498
2019-04-16 22:10,11498
2019-04-16 22:15,11461
2019-04-16 22:20,11453
2019-04-16 22:25,11396
2019-04-16 22:30,11311
2019-04-16 22:35,11199
2019-04-16 22:40,11118
2019-04-16 22:45,11113
2019-04-16 22:50,11062
2019-04-16 22:55,11048
2019-04-16 23:00,10946
2019-04-16 23:05,10905
2019-04-16 23:10,10861
2019-04-16 23:15,10840
2019-04-16 23:20,10852
2019-04-16 23:25,10799
2019-04-16 23:30,10742
2019-04-16 23:35,10720
2019-04-16 23:40,10740
2019-04-16 23:45,10700
2019-04-16 23:50,10701
2019-04-16 23:55,10656
2019-04-17 00:00,10640
2019-04-17 00:05,10633
2019-04-17 00:10,10633
2019-04-17 00:15,10692
2019-04-17 00:20,10648
2019-04-17 00:25,10650
2019-04-17 00:30,0
2019-04-17 00:35,10701
2019-04-17 00:40,10695
2019-04-17 00:45,10687
2019-04-17 00:50,10703
2019-04-17 00:55,10664
2019-04-17 01:00,10694
2019-04-17 01:05,0
2019-04-17 01:10,10658
2019-04-17 01:15,10705
2019-04-17 01:20,10698
2019-04-17 01:25,10678
2019-04-17 01:30,10676
2019-04-17 01:35,10725
2019-04-17 01:40,10765
2019-04-17 01:45,10765
2019-04-17 01:50,10751
2019-04-17 01:55,10740
2019-04-17 02:00,10730
2019-04-17 02:05,10751
2019-04-17 02:10,10673
2019-04-17 02:15,10701
2019-04-17 02:20,10630
2019-04-17 02:25,10588
2019-04-17 02:30,10588
2019-04-17 02:35,10539
2019-04-17 02:40,10552
2019-04-17 02:45,10547
2019-04-17 02:50,10454
2019-04-17 02:55,10414
2019-04-17 03:00,10248
2019-04-17 03:05,10077
2019-04-17 03:10,9978
2019-04-17 03:15,9831
2019-04-17 03:20,9798
2019-04-17 03:25,9724
2019-04-17 03:30,9671
2019-04-17 03:35,9546
2019-04-17 03:40,9436
2019-04-17 03:45,9329
2019-04-17 03:50,9145
2019-04-17 03:55,8975
2019-04-17 04:00,8828
2019-04-17 04:05,8708
2019-04-17 04:10,8620
2019-04-17 04:15,8483
2019-04-17 04:20,8368
2019-04-17 04:25,8257
2019-04-17 04:30,8102
2019-04-17 04:35,7972
2019-04-17 04:40,7840
2019-04-17 04:45,7707
2019-04-17 04:50,7611
2019-04-17 04:55,7514
2019-04-17 05:00,7361
2019-04-17 05:05,7232
2019-04-17 05:10,7099
2019-04-17 05:15,6998
2019-04-17 05:20,6851
2019-04-17 05:25,6761
2019-04-17 05:30,6655
2019-04-17 05:35,6590
2019-04-17 05:40,6512
2019-04-17 05:45,6406
2019-04-17 05:50,6312
2019-04-17 05:55,6194
2019-04-17 06:00,6060
2019-04-17 06:05,5914
2019-04-17 06:10,5850
2019-04-17 06:15,5759
2019-04-17 06:20,5658
2019-04-17 06:25,5540
2019-04-17 06:30,5451
2019-04-17 06:35,5353
2019-04-17 06:40,5234
2019-04-17 06:45,5184
2019-04-17 06:50,5077
2019-04-17 06:55,5006
2019-04-17 07:00,4904
2019-04-17 07:05,4815
2019-04-17 07:10,4731
2019-04-17 07:15,4645
2019-04-17 07:20,4604
2019-04-17 07:25,4575
2019-04-17 07:30,4530
2019-04-17 07:35,4469
2019-04-17 07:40,4466
2019-04-17 07:45,4411
2019-04-17 07:50,4399
2019-04-17 07:55,4401
2019-04-17 08:00,4375
2019-04-17 08:05,4358
2019-04-17 08:10,4348
2019-04-17 08:15,4338
2019-04-17 08:20,4361
2019-04-17 08:25,4326
2019-04-17 08:30,4283
2019-04-17 08:35,4247
2019-04-17 08:40,4302
2019-04-17 08:45,4332
2019-04-17 08:50,4347
2019-04-17 08:55,4354
2019-04-17 09:00,4403
2019-04-17 09:05,4450
2019-04-17 09:10,4493
2019-04-17 09:15,4490
2019-04-17 09:20,4528
2019-04-17 09:25,4588
2019-04-17 09:30,4592
2019-04-17 09:35,4622
2019-04-17 09:40,4655
2019-04-17 09:45,4716
2019-04-17 09:50,4724
2019-04-17 09:55,4724
2019-04-17 10:00,4768
2019-04-17 10:05,4775
2019-04-17 10:10,4791
2019-04-17 10:15,4827
2019-04-17 10:20,4873
2019-04-17 10:25,4935
2019-04-17 10:30,5007
2019-04-17 10:35,5039
2019-04-17 10:40,5085
2019-04-17 10:45,5151
2019-04-17 10:50,5184
2019-04-17 10:55,5158
2019-04-17 11:00,5218
2019-04-17 11:05,5212
2019-04-17 11:10,5237
2019-04-17 11:15,5295
2019-04-17 11:20,5370
2019-04-17 11:25,5440
2019-04-17 11:30,5463
2019-04-17 11:35,5493
2019-04-17 11:40,5611
2019-04-17 11:45,5687
2019-04-17 11:50,5756
2019-04-17 11:55,5795
2019-04-17 12:00,5808
2019-04-17 12:05,5840
2019-04-17 12:10,5916
2019-04-17 12:15,6001
2019-04-17 12:20,6116
2019-04-17 12:25,6179
2019-04-17 12:30,6204
2019-04-17 12:35,6271
2019-04-17 12:40,6339
2019-04-17 12:45,6420
2019-04-17 12:50,6447
2019-04-17 12:55,6525
2019-04-17 13:00,6571
2019-04-17 13:05,6657
2019-04-17 13:10,6717
2019-04-17 13:15,6804
2019-04-17 13:20,6918
2019-04-17 13:25,6993
2019-04-17 13:30,7098
2019-04-17 13:35,7169
2019-04-17 13:40,7312
2019-04-17 13:45,7416
2019-04-17 13:50,7434
2019-04-17 13:55,7523
2019-04-17 14:00,7598
2019-04-17 14:05,7643
2019-04-17 14:10,7738
2019-04-17 14:15,7838
2019-04-17 14:20,7979
2019-04-17 14:25,8029
2019-04-17 14:30,8124
2019-04-17 14:35,8153
2019-04-17 14:40,8215
2019-04-17 14:45,8260
2019-04-17 14:50,8326
2019-04-17 14:55,8407
2019-04-17 15:00,8482
2019-04-17 15:05,8534
2019-04-17 15:10,8588
2019-04-17 15:15,8676
2019-04-17 15:20,8690
2019-04-17 15:25,8722
2019-04-17 15:30,8791
2019-04-17 15:35,8845
2019-04-17 15:40,8900
2019-04-17 15:45,8967
2019-04-17 15:50,9023
2019-04-17 15:55,9097
2019-04-17 16:00,9186
2019-04-17 16:05,9220
2019-04-17 16:10,9276
2019-04-17 16:15,9380
2019-04-17 16:20,9464
2019-04-17 16:25,9554
2019-04-17 16:30,9681
2019-04-17 16:35,9752
2019-04-17 16:40,9856
2019-04-17 16:45,9962
2019-04-17 16:50,10031
2019-04-17 16:55,10090
2019-04-17 17:00,10144
2019-04-17 17:05,10260
2019-04-17 17:10,10455
2019-04-17 17:15,10593
2019-04-17 17:20,10713
2019-04-17 17:25,10844
2019-04-17 17:30,11013
2019-04-17 17:35,11116
2019-04-17 17:40,11166
2019-04-17 17:45,11202
2019-04-17 17:50,11308
2019-04-17 17:55,11313
2019-04-17 18:00,11413
2019-04-17 18:05,11496
2019-04-17 18:10,11559
2019-04-17 18:15,11669
2019-04-17 18:20,11679
2019-04-17 18:25,11730
2019-04-17 18:30,11840
2019-04-17 18:35,11910
2019-04-17 18:40,12029
2019-04-17 18:45,12069
2019-04-17 18:50,12037
2019-04-17 18:55,12043
2019-04-17 19:00,12068
2019-04-17 19:05,12062
2019-04-17 19:10,12056
2019-04-17 19:15,12046
2019-04-17 19:20,12044
2019-04-17 19:25,12012
2019-04-17 19:30,12042
2019-04-17 19:35,12094
2019-04-17 19:40,12108
2019-04-17 19:45,12067
2019-04-17 19:50,12100
2019-04-17 19:55,12148
2019-04-17 20:00,11992
2019-04-17 20:05,11963
2019-04-17 20:10,11926
2019-04-17 20:15,11884
2019-04-17 20:20,11837
2019-04-17 20:25,11773
2019-04-17 20:30,11781
2019-04-17 20:35,11745
2019-04-17 20:40,11880
2019-04-17 20:45,12018
2019-04-17 20:50,11980
2019-04-17 20:55,11921
2019-04-17 21:00,11970
2019-04-17 21:05,11965
2019-04-17 21:10,11818
2019-04-17 21:15,11988
2019-04-17 21:20,12053
2019-04-17 21:25,11950
2019-04-17 21:30,12031
2019-04-17 21:35,12036
2019-04-17 21:40,12073
2019-04-17 21:45,12034
2019-04-17 21:50,11989
2019-04-17 21:55,11925
2019-04-17 22:00,11890
2019-04-17 22:05,11869
2019-04-17 22:10,11746
2019-04-17 22:15,11686
2019-04-17 22:20,11630
2019-04-17 22:25,11456
2019-04-17 22:30,11447
2019-04-17 22:35,11421
2019-04-17 22:40,11351
2019-04-17 22:45,11306
2019-04-17 22:50,11232
2019-04-17 22:55,11127
2019-04-17 23:00,11059
2019-04-17 23:05,11007
2019-04-17 23:10,10935
2019-04-17 23:15,10874
2019-04-17 23:20,10857
2019-04-17 23:25,10866
2019-04-17 23:30,10890
2019-04-17 23:35,10925
2019-04-17 23:40,10932
2019-04-17 23:45,10917
2019-04-17 23:50,10856
2019-04-17 23:55,10833
2019-04-18 00:00,10722
2019-04-18 00:05,10625
2019-04-18 00:10,10519
2019-04-18 00:15,10456
2019-04-18 00:20,10511
2019-04-18 00:25,10537
2019-04-18 00:30,10534
2019-04-18 00:35,10549
2019-04-18 00:40,10629
2019-04-18 00:45,10346
2019-04-18 00:50,10616
2019-04-18 00:55,10681
2019-04-18 01:00,10660
2019-04-18 01:05,10649
2019-04-18 01:10,10670
2019-04-18 01:15,10726
2019-04-18 01:20,10819
2019-04-18 01:25,10837
2019-04-18 01:30,10779
2019-04-18 01:35,10730
2019-04-18 01:40,10716
2019-04-18 01:45,10662
2019-04-18 01:50,10684
2019-04-18 01:55,10606
2019-04-18 02:00,10541
2019-04-18 02:05,10536
2019-04-18 02:10,10563
2019-04-18 02:15,10562
2019-04-18 02:20,10557
2019-04-18 02:25,10524
2019-04-18 02:30,10543
2019-04-18 02:35,10534
2019-04-18 02:40,10518
2019-04-18 02:45,10561
2019-04-18 02:50,10481
2019-04-18 02:55,10437
2019-04-18 03:00,10351
2019-04-18 03:05,10279
2019-04-18 03:10,10219
2019-04-18 03:15,10097
2019-04-18 03:20,9982
2019-04-18 03:25,9805
2019-04-18 03:30,9739
2019-04-18 03:35,9710
2019-04-18 03:40,9604
2019-04-18 03:45,9493
2019-04-18 03:50,9400
2019-04-18 03:55,9312
2019-04-18 04:00,9163
2019-04-18 04:05,9021
2019-04-18 04:10,8902
2019-04-18 04:15,8824
2019-04-18 04:20,8709
2019-04-18 04:25,8669
2019-04-18 04:30,8545
2019-04-18 04:35,8468
2019-04-18 04:40,8354
2019-04-18 04:45,8283
2019-04-18 04:50,8171
2019-04-18 04:55,8077
2019-04-18 05:00,7920
2019-04-18 05:05,7786
2019-04-18 05:10,7557
2019-04-18 05:15,7492
2019-04-18 05:20,7328
2019-04-18 05:25,7146
2019-04-18 05:30,6981
2019-04-18 05:35,6834
2019-04-18 05:40,6709
2019-04-18 05:45,6584
2019-04-18 05:50,6456
2019-04-18 05:55,6333
2019-04-18 06:00,6245
2019-04-18 06:05,6156
2019-04-18 06:10,6067
2019-04-18 06:15,5938
2019-04-18 06:20,5854
2019-04-18 06:25,5757
2019-04-18 06:30,5647
2019-04-18 06:35,5581
2019-04-18 06:40,5516
2019-04-18 06:45,5417
2019-04-18 06:50,5313
2019-04-18 06:55,5277
2019-04-18 07:00,5205
2019-04-18 07:05,5130
2019-04-18 07:10,5074
2019-04-18 07:15,4998
2019-04-18 07:20,4889
2019-04-18 07:25,4787
2019-04-18 07:30,4745
2019-04-18 07:35,4693
2019-04-18 07:40,4628
2019-04-18 07:45,4554
2019-04-18 07:50,4543
2019-04-18 07:55,4475
2019-04-18 08:00,4465
2019-04-18 08:05,4438
2019-04-18 08:10,4447
2019-04-18 08:15,4409
2019-04-18 08:20,4397
2019-04-18 08:25,4400
2019-04-18 08:30,4421
2019-04-18 08:35,4381
2019-04-18 08:40,4430
2019-04-18 08:45,4447
2019-04-18 08:50,4470
2019-04-18 08:55,4469
2019-04-18 09:00,4501
2019-04-18 09:05,4555
2019-04-18 09:10,4565
2019-04-18 09:15,4635
2019-04-18 09:20,4643
2019-04-18 09:25,4656
2019-04-18 09:30,4631
2019-04-18 09:35,4705
2019-04-18 09:40,4763
2019-04-18 09:45,4780
2019-04-18 09:50,4836
2019-04-18 09:55,4898
2019-04-18 10:00,4913
2019-04-18 10:05,4946
2019-04-18 10:10,4967
2019-04-18 10:15,5016
2019-04-18 10:20,5059
2019-04-18 10:25,5079
2019-04-18 10:30,5093
2019-04-18 10:35,5143
2019-04-18 10:40,5197
2019-04-18 10:45,5212
2019-04-18 10:50,5270
2019-04-18 10:55,5322
2019-04-18 11:00,5338
2019-04-18 11:05,5388
2019-04-18 11:10,5466
2019-04-18 11:15,5487
2019-04-18 11:20,5504
2019-04-18 11:25,5564
2019-04-18 11:30,5627
2019-04-18 11:35,5654
2019-04-18 11:40,5717
2019-04-18 11:45,5757
2019-04-18 11:50,5798
2019-04-18 11:55,5883
2019-04-18 12:00,5941
2019-04-18 12:05,5996
2019-04-18 12:10,6067
2019-04-18 12:15,6189
2019-04-18 12:20,6197
2019-04-18 12:25,6291
2019-04-18 12:30,6343
2019-04-18 12:35,6437
2019-04-18 12:40,6497
2019-04-18 12:45,6584
2019-04-18 12:50,6621
2019-04-18 12:55,6735
2019-04-18 13:00,6787
2019-04-18 13:05,6921
2019-04-18 13:10,7036
2019-04-18 13:15,7121
2019-04-18 13:20,7233
2019-04-18 13:25,7317
2019-04-18 13:30,7401
2019-04-18 13:35,7504
2019-04-18 13:40,7610
2019-04-18 13:45,7691
2019-04-18 13:50,7750
2019-04-18 13:55,7859
2019-04-18 14:00,7924
2019-04-18 14:05,8021
2019-04-18 14:10,8141
2019-04-18 14:15,8185
2019-04-18 14:20,8202
2019-04-18 14:25,8299
2019-04-18 14:30,8407
2019-04-18 14:35,8445
2019-04-18 14:40,8570
2019-04-18 14:45,8615
2019-04-18 14:50,8710
2019-04-18 14:55,8838
2019-04-18 15:00,8912
2019-04-18 15:05,8947
2019-04-18 15:10,9075
2019-04-18 15:15,9139
2019-04-18 15:20,9223
2019-04-18 15:25,9276
2019-04-18 15:30,9326
2019-04-18 15:35,9402
2019-04-18 15:40,9423
2019-04-18 15:45,9568
2019-04-18 15:50,9602
2019-04-18 15:55,9689
2019-04-18 16:00,9733
2019-04-18 16:05,9805
2019-04-18 16:10,9876
2019-04-18 16:15,9968
2019-04-18 16:20,10020
2019-04-18 16:25,10102
2019-04-18 16:30,10210
2019-04-18 16:35,10277
2019-04-18 16:40,10439
2019-04-18 16:45,10518
2019-04-18 16:50,10617
2019-04-18 16:55,10663
2019-04-18 17:00,10711
2019-04-18 17:05,10761
2019-04-18 17:10,10809
2019-04-18 17:15,10904
2019-04-18 17:20,11048
2019-04-18 17:25,11173
2019-04-18 17:30,11257
2019-04-18 17:35,11304
2019-04-18 17:40,11398
2019-04-18 17:45,11510
2019-04-18 17:50,11592
2019-04-18 17:55,11680
2019-04-18 18:00,11787
2019-04-18 18:05,11861
2019-04-18 18:10,11970
2019-04-18 18:15,12070
2019-04-18 18:20,12137
2019-04-18 18:25,12237
2019-04-18 18:30,12305
2019-04-18 18:35,12385
2019-04-18 18:40,12463
2019-04-18 18:45,12525
2019-04-18 18:50,12573
2019-04-18 18:55,12734
2019-04-18 19:00,12728
2019-04-18 19:05,12807
2019-04-18 19:10,12911
2019-04-18 19:15,12945
2019-04-18 19:20,12956
2019-04-18 19:25,12979
2019-04-18 19:30,13036
2019-04-18 19:35,13034
2019-04-18 19:40,13030
2019-04-18 19:45,13025
2019-04-18 19:50,13075
2019-04-18 19:55,13170
2019-04-18 20:00,13193
2019-04-18 20:05,13211
2019-04-18 20:10,13182
2019-04-18 20:15,13210
2019-04-18 20:20,13142
2019-04-18 20:25,13141
2019-04-18 20:30,13121
2019-04-18 20:35,13201
2019-04-18 20:40,13159
2019-04-18 20:45,13127
2019-04-18 20:50,13141
2019-04-18 20:55,13044
2019-04-18 21:00,13052
2019-04-18 21:05,13050
2019-04-18 21:10,13059
2019-04-18 21:15,13028
2019-04-18 21:20,13009
2019-04-18 21:25,12977
2019-04-18 21:30,12879
2019-04-18 21:35,12836
2019-04-18 21:40,12760
2019-04-18 21:45,12714
2019-04-18 21:50,12688
2019-04-18 21:55,12575
2019-04-18 22:00,12565
2019-04-18 22:05,12439
2019-04-18 22:10,12376
2019-04-18 22:15,12385
2019-04-18 22:20,12362
2019-04-18 22:25,12273
2019-04-18 22:30,12191
2019-04-18 22:35,12129
2019-04-18 22:40,12071
2019-04-18 22:45,12052
2019-04-18 22:50,12001
2019-04-18 22:55,11932
2019-04-18 23:00,11860
2019-04-18 23:05,11763
2019-04-18 23:10,11726
2019-04-18 23:15,11753
2019-04-18 23:20,11721
2019-04-18 23:25,11662
2019-04-18 23:30,11584
2019-04-18 23:35,11541
2019-04-18 23:40,11543
2019-04-18 23:45,11484
2019-04-18 23:50,11401
2019-04-18 23:55,11329
2019-04-19 00:00,11311
2019-04-19 00:05,11344
2019-04-19 00:10,11318
2019-04-19 00:15,11275
2019-04-19 00:20,11279
2019-04-19 00:25,11312
2019-04-19 00:30,11356
2019-04-19 00:35,11367
2019-04-19 00:40,11359
2019-04-19 00:45,11375
2019-04-19 00:50,11337
2019-04-19 00:55,11301
2019-04-19 01:00,11355
2019-04-19 01:05,11390
2019-04-19 01:10,11378
2019-04-19 01:15,11375
2019-04-19 01:20,11365
2019-04-19 01:25,11368
2019-04-19 01:30,11388
2019-04-19 01:35,11452
2019-04-19 01:40,11465
2019-04-19 01:45,11385
2019-04-19 01:50,11444
2019-04-19 01:55,11428
2019-04-19 02:00,11481
2019-04-19 02:05,11467
2019-04-19 02:10,11407
2019-04-19 02:15,11410
2019-04-19 02:20,11411
2019-04-19 02:25,11379
2019-04-19 02:30,11329
2019-04-19 02:35,11268
2019-04-19 02:40,11224
2019-04-19 02:45,11160
2019-04-19 02:50,11137
2019-04-19 02:55,11070
2019-04-19 03:00,11098
2019-04-19 03:05,11045
2019-04-19 03:10,11031
2019-04-19 03:15,11021
2019-04-19 03:20,10975
2019-04-19 03:25,10976
2019-04-19 03:30,10943
2019-04-19 03:35,10949
2019-04-19 03:40,10840
2019-04-19 03:45,10723
2019-04-19 03:50,10629
2019-04-19 03:55,10580
2019-04-19 04:00,10500
2019-04-19 04:05,10408
2019-04-19 04:10,10324
2019-04-19 04:15,10220
2019-04-19 04:20,10115
2019-04-19 04:25,10026
2019-04-19 04:30,9932
2019-04-19 04:35,9832
2019-04-19 04:40,9725
2019-04-19 04:45,9579
2019-04-19 04:50,9459
2019-04-19 04:55,9370
2019-04-19 05:00,9176
2019-04-19 05:05,8991
2019-04-19 05:10,8828
2019-04-19 05:15,8726
2019-04-19 05:20,8591
2019-04-19 05:25,8464
2019-04-19 05:30,8321
2019-04-19 05:35,8175
2019-04-19 05:40,8028
2019-04-19 05:45,7893
2019-04-19 05:50,7722
2019-04-19 05:55,7628
2019-04-19 06:00,7523
2019-04-19 06:05,7366
2019-04-19 06:10,7272
2019-04-19 06:15,7165
2019-04-19 06:20,7029
2019-04-19 06:25,6934
2019-04-19 06:30,6793
2019-04-19 06:35,6650
2019-04-19 06:40,6515
2019-04-19 06:45,6369
2019-04-19 06:50,6232
2019-04-19 06:55,6159
2019-04-19 07:00,6076
2019-04-19 07:05,6012
2019-04-19 07:10,5933
2019-04-19 07:15,5900
2019-04-19 07:20,5827
2019-04-19 07:25,5715
2019-04-19 07:30,5638
2019-04-19 07:35,5579
2019-04-19 07:40,5533
2019-04-19 07:45,5486
2019-04-19 07:50,5384
2019-04-19 07:55,5330
2019-04-19 08:00,5318
2019-04-19 08:05,5234
2019-04-19 08:10,5213
2019-04-19 08:15,5220
2019-04-19 08:20,5188
2019-04-19 08:25,5186
2019-04-19 08:30,5146
2019-04-19 08:35,5166
2019-04-19 08:40,5149
2019-04-19 08:45,5129
2019-04-19 08:50,5167
2019-04-19 08:55,5197
2019-04-19 09:00,5222
2019-04-19 09:05,5260
2019-04-19 09:10,5266
2019-04-19 09:15,5290
2019-04-19 09:20,5307
2019-04-19 09:25,5367
2019-04-19 09:30,5420
2019-04-19 09:35,5448
2019-04-19 09:40,5486
2019-04-19 09:45,5481
2019-04-19 09:50,5471
2019-04-19 09:55,5526
2019-04-19 10:00,5594
2019-04-19 10:05,5623
2019-04-19 10:10,5631
2019-04-19 10:15,5662
2019-04-19 10:20,5731
2019-04-19 10:25,5734
2019-04-19 10:30,5815
2019-04-19 10:35,5811
2019-04-19 10:40,5844
2019-04-19 10:45,5893
2019-04-19 10:50,5973
2019-04-19 10:55,5986
2019-04-19 11:00,6061
2019-04-19 11:05,6138
2019-04-19 11:10,6206
2019-04-19 11:15,6253
2019-04-19 11:20,6298
2019-04-19 11:25,6326
2019-04-19 11:30,6381
2019-04-19 11:35,6440
2019-04-19 11:40,6500
2019-04-19 11:45,6574
2019-04-19 11:50,6596
2019-04-19 11:55,6728
2019-04-19 12:00,6811
2019-04-19 12:05,6859
2019-04-19 12:10,6965
2019-04-19 12:15,7058
2019-04-19 12:20,7136
2019-04-19 12:25,7193
2019-04-19 12:30,7235
2019-04-19 12:35,7345
2019-04-19 12:40,7393
2019-04-19 12:45,7496
2019-04-19 12:50,7559
2019-04-19 12:55,7646
2019-04-19 13:00,7763
2019-04-19 13:05,7793
2019-04-19 13:10,7892
2019-04-19 13:15,8002
2019-04-19 13:20,8051
2019-04-19 13:25,8171
2019-04-19 13:30,8320
2019-04-19 13:35,8443
2019-04-19 13:40,8498
2019-04-19 13:45,8557
2019-04-19 13:50,8642
2019-04-19 13:55,8720
2019-04-19 14:00,8851
2019-04-19 14:05,8907
2019-04-19 14:10,8986
2019-04-19 14:15,9141
2019-04-19 14:20,9251
2019-04-19 14:25,9377
2019-04-19 14:30,9442
2019-04-19 14:35,9538
2019-04-19 14:40,9661
2019-04-19 14:45,9767
2019-04-19 14:50,9870
2019-04-19 14:55,9914
2019-04-19 15:00,9982
2019-04-19 15:05,10125
2019-04-19 15:10,10187
2019-04-19 15:15,10258
2019-04-19 15:20,10368
2019-04-19 15:25,10466
2019-04-19 15:30,10535
2019-04-19 15:35,10576
2019-04-19 15:40,10646
2019-04-19 15:45,10807
2019-04-19 15:50,10884
2019-04-19 15:55,10963
2019-04-19 16:00,10980
2019-04-19 16:05,11059
2019-04-19 16:10,11152
2019-04-19 16:15,11251
2019-04-19 16:20,11352
2019-04-19 16:25,11395
2019-04-19 16:30,11521
2019-04-19 16:35,11644
2019-04-19 16:40,11725
2019-04-19 16:45,11841
2019-04-19 16:50,11942
2019-04-19 16:55,12036
2019-04-19 17:00,12123
2019-04-19 17:05,12175
2019-04-19 17:10,12222
2019-04-19 17:15,12328
2019-04-19 17:20,12474
2019-04-19 17:25,12612
2019-04-19 17:30,12721
2019-04-19 17:35,12838
2019-04-19 17:40,12957
2019-04-19 17:45,13099
2019-04-19 17:50,13166
2019-04-19 17:55,13283
2019-04-19 18:00,13369
2019-04-19 18:05,13475
2019-04-19 18:10,13549
2019-04-19 18:15,13615
2019-04-19 18:20,13718
2019-04-19 18:25,13780
2019-04-19 18:30,13866
2019-04-19 18:35,13960
2019-04-19 18:40,14017
2019-04-19 18:45,14076
2019-04-19 18:50,14195
2019-04-19 18:55,14277
2019-04-19 19:00,14368
2019-04-19 19:05,14377
2019-04-19 19:10,14367
2019-04-19 19:15,14467
2019-04-19 19:20,14498
2019-04-19 19:25,14596
2019-04-19 19:30,14702
2019-04-19 19:35,14719
2019-04-19 19:40,14773
2019-04-19 19:45,14848
2019-04-19 19:50,14883
2019-04-19 19:55,14909
2019-04-19 20:00,14941
2019-04-19 20:05,14934
2019-04-19 20:10,14872
2019-04-19 20:15,14937
2019-04-19 20:20,14937
2019-04-19 20:25,15021
2019-04-19 20:30,15038
2019-04-19 20:35,15002
2019-04-19 20:40,14998
2019-04-19 20:45,15062
2019-04-19 20:50,15010
2019-04-19 20:55,15008
2019-04-19 21:00,14972
2019-04-19 21:05,14819
2019-04-19 21:10,14735
2019-04-19 21:15,14703
2019-04-19 21:20,14677
2019-04-19 21:25,14610
2019-04-19 21:30,14516
2019-04-19 21:35,14413
2019-04-19 21:40,14407
2019-04-19 21:45,14320
2019-04-19 21:50,14211
2019-04-19 21:55,14157
2019-04-19 22:00,14070
2019-04-19 22:05,13944
2019-04-19 22:10,13856
2019-04-19 22:15,13765
2019-04-19 22:20,13661
2019-04-19 22:25,13555
2019-04-19 22:30,13456
2019-04-19 22:35,13371
2019-04-19 22:40,13311
2019-04-19 22:45,13184
2019-04-19 22:50,13093
2019-04-19 22:55,13007
2019-04-19 23:00,12966
2019-04-19 23:05,12916
2019-04-19 23:10,12836
2019-04-19 23:15,12785
2019-04-19 23:20,12661
2019-04-19 23:25,12567
2019-04-19 23:30,12480
2019-04-19 23:35,12414
2019-04-19 23:40,12247
2019-04-19 23:45,12157
2019-04-19 23:50,12103
2019-04-19 23:55,12053
2019-04-20 00:00,11991
2019-04-20 00:05,11943
2019-04-20 00:10,11888
2019-04-20 00:15,11861
2019-04-20 00:20,11793
2019-04-20 00:25,11723
2019-04-20 00:30,11702
2019-04-20 00:35,11705
2019-04-20 00:40,11602
2019-04-20 00:45,11594
2019-04-20 00:50,11540
2019-04-20 00:55,11510
2019-04-20 01:00,11489
2019-04-20 01:05,11379
2019-04-20 01:10,11380
2019-04-20 01:15,11392
2019-04-20 01:20,11432
2019-04-20 01:25,11483
2019-04-20 01:30,11523
2019-04-20 01:35,11555
2019-04-20 01:40,11547
2019-04-20 01:45,11580
2019-04-20 01:50,11643
2019-04-20 01:55,11652
2019-04-20 02:00,11636
2019-04-20 02:05,11650
2019-04-20 02:10,11650
2019-04-20 02:15,11678
2019-04-20 02:20,11653
2019-04-20 02:25,11654
2019-04-20 02:30,11678
2019-04-20 02:35,11642
2019-04-20 02:40,11601
2019-04-20 02:45,11615
2019-04-20 02:50,11617
2019-04-20 02:55,11536
2019-04-20 03:00,11545
2019-04-20 03:05,11493
2019-04-20 03:10,11504
2019-04-20 03:15,11477
2019-04-20 03:20,11478
2019-04-20 03:25,11410
2019-04-20 03:30,11387
2019-04-20 03:35,11365
2019-04-20 03:40,11328
2019-04-20 03:45,11220
2019-04-20 03:50,11130
2019-04-20 03:55,11046
2019-04-20 04:00,10960
2019-04-20 04:05,10868
2019-04-20 04:10,10804
2019-04-20 04:15,10776
2019-04-20 04:20,10707
2019-04-20 04:25,10647
2019-04-20 04:30,10509
2019-04-20 04:35,10405
2019-04-20 04:40,10314
2019-04-20 04:45,10218
2019-04-20 04:50,10086
2019-04-20 04:55,10030
2019-04-20 05:00,9934
2019-04-20 05:05,9761
2019-04-20 05:10,9566
2019-04-20 05:15,9396
2019-04-20 05:20,9255
2019-04-20 05:25,9123
2019-04-20 05:30,9027
2019-04-20 05:35,8933
2019-04-20 05:40,8761
2019-04-20 05:45,8680
2019-04-20 05:50,8606
2019-04-20 05:55,8474
2019-04-20 06:00,8335
2019-04-20 06:05,8224
2019-04-20 06:10,8094
2019-04-20 06:15,7969
2019-04-20 06:20,7888
2019-04-20 06:25,
2019-04-20 06:30,
2019-04-20 06:35,0
2019-04-20 06:40,0
2019-04-20 06:45,0
2019-04-20 06:50,0
2019-04-20 06:55,0
2019-04-20 07:00,
2019-04-20 07:05,
2019-04-20 07:10,0
2019-04-20 07:15,0
2019-04-20 07:20,0
2019-04-20 07:25,
2019-04-20 07:30,
2019-04-20 07:35,
2019-04-20 07:40,0
2019-04-20 07:45,0
2019-04-20 07:50,
2019-04-20 07:55,0
2019-04-20 08:00,
2019-04-20 08:05,
2019-04-20 08:10,0
2019-04-20 08:15,0
2019-04-20 08:20,0
2019-04-20 08:25,0
2019-04-20 08:30,
2019-04-20 08:35,
2019-04-20 08:40,
2019-04-20 08:45,
2019-04-20 08:50,
2019-04-20 08:55,
2019-04-20 09:00,
2019-04-20 09:05,
2019-04-20 09:10,
2019-04-20 09:15,0
2019-04-20 09:20,
2019-04-20 09:25,
2019-04-20 09:30,
2019-04-20 09:35,
2019-04-20 09:40,
2019-04-20 09:45,
2019-04-20 09:50,0
2019-04-20 09:55,
2019-04-20 10:00,
2019-04-20 10:05,0
2019-04-20 10:10,
2019-04-20 10:15,
2019-04-20 10:20,
2019-04-20 10:25,0
2019-04-20 10:30,0
2019-04-20 10:35,
2019-04-20 10:40,
2019-04-20 10:45,
2019-04-20 10:50,0
2019-04-20 10:55,
2019-04-20 11:00,
2019-04-20 11:05,0
2019-04-20 11:10,0
2019-04-20 11:15,0
2019-04-20 11:20,0
2019-04-20 11:25,
2019-04-20 11:30,
2019-04-20 11:35,
2019-04-20 11:40,0
2019-04-20 11:45,
2019-04-20 11:50,
2019-04-20 11:55,0
2019-04-20 12:00,
2019-04-20 12:05,
2019-04-20 12:10,
2019-04-20 12:15,
2019-04-20 12:20,0
2019-04-20 12:25,0
2019-04-20 12:30,0
2019-04-20 12:35,0
2019-04-20 12:40,
2019-04-20 12:45,
2019-04-20 12:50,0
2019-04-20 12:55,
2019-04-20 13:00,
2019-04-20 13:05,0
2019-04-20 13:10,0
2019-04-20 13:15,
2019-04-20 13:20,
2019-04-20 13:25,
2019-04-20 13:30,0
2019-04-20 13:35,0
2019-04-20 13:40,
2019-04-20 13:45,
2019-04-20 13:50,0
2019-04-20 13:55,0
2019-04-20 14:00,
2019-04-20 14:05,
2019-04-20 14:10,0
2019-04-20 14:15,9728
2019-04-20 14:20,9829
2019-04-20 14:25,9999
2019-04-20 14:30,10054
2019-04-20 14:35,10197
2019-04-20 14:40,10240
2019-04-20 14:45,0
2019-04-20 14:50,0
2019-04-20 14:55,0
2019-04-20 15:00,
2019-04-20 15:05,0
2019-04-20 15:10,
2019-04-20 15:15,
2019-04-20 15:20,
2019-04-20 15:25,0
2019-04-20 15:30,11162
2019-04-20 15:35,11236
2019-04-20 15:40,11321
2019-04-20 15:45,11350
2019-04-20 15:50,11425
2019-04-20 15:55,11500
2019-04-20 16:00,11587
2019-04-20 16:05,11736
2019-04-20 16:10,11818
2019-04-20 16:15,11843
2019-04-20 16:20,11951
2019-04-20 16:25,12030
2019-04-20 16:30,12090
2019-04-20 16:35,12085
2019-04-20 16:40,12207
2019-04-20 16:45,12277
2019-04-20 16:50,12341
2019-04-20 16:55,12390
2019-04-20 17:00,12371
2019-04-20 17:05,12397
2019-04-20 17:10,12517
2019-04-20 17:15,12580
2019-04-20 17:20,12663
2019-04-20 17:25,12740
2019-04-20 17:30,12900
2019-04-20 17:35,12948
2019-04-20 17:40,12987
2019-04-20 17:45,13065
2019-04-20 17:50,13173
2019-04-20 17:55,13244
2019-04-20 18:00,13237
2019-04-20 18:05,13265
2019-04-20 18:10,13349
2019-04-20 18:15,13384
2019-04-20 18:20,13464
2019-04-20 18:25,13624
2019-04-20 18:30,13719
2019-04-20 18:35,13801
2019-04-20 18:40,13903
2019-04-20 18:45,13971
2019-04-20 18:50,14037
2019-04-20 18:55,14159
2019-04-20 19:00,14209
2019-04-20 19:05,14279
2019-04-20 19:10,14278
2019-04-20 19:15,14217
2019-04-20 19:20,14258
2019-04-20 19:25,14342
2019-04-20 19:30,14368
2019-04-20 19:35,14440
2019-04-20 19:40,14520
2019-04-20 19:45,14509
2019-04-20 19:50,14551
2019-04-20 19:55,14601
2019-04-20 20:00,14683
2019-04-20 20:05,14759
2019-04-20 20:10,14801
2019-04-20 20:15,14861
2019-04-20 20:20,14862
2019-04-20 20:25,14881
2019-04-20 20:30,14828
2019-04-20 20:35,14815
2019-04-20 20:40,14762
2019-04-20 20:45,14801
2019-04-20 20:50,14814
2019-04-20 20:55,14806
2019-04-20 21:00,14841
2019-04-20 21:05,14747
2019-04-20 21:10,14681
2019-04-20 21:15,14606
2019-04-20 21:20,14545
2019-04-20 21:25,14448
2019-04-20 21:30,14397
2019-04-20 21:35,14294
2019-04-20 21:40,14209
2019-04-20 21:45,14080
2019-04-20 21:50,14071
2019-04-20 21:55,13997
2019-04-20 22:00,13880
2019-04-20 22:05,13805
2019-04-20 22:10,13705
2019-04-20 22:15,13617
2019-04-20 22:20,13470
2019-04-20 22:25,13309
2019-04-20 22:30,13197
2019-04-20 22:35,13107
2019-04-20 22:40,13037
2019-04-20 22:45,12991
2019-04-20 22:50,12877
2019-04-20 22:55,12836
2019-04-20 23:00,12713
2019-04-20 23:05,0
2019-04-20 23:10,12551
2019-04-20 23:15,12476
2019-04-20 23:20,0
2019-04-20 23:25,12342
2019-04-20 23:30,12255
2019-04-20 23:35,12148
2019-04-20 23:40,12023
2019-04-20 23:45,11953
2019-04-20 23:50,11860
2019-04-20 23:55,11764
2019-04-21 00:00,11712
2019-04-21 00:05,11649
2019-04-21 00:10,11600
2019-04-21 00:15,11585
2019-04-21 00:20,11528
2019-04-21 00:25,11477
2019-04-21 00:30,11451
2019-04-21 00:35,11416
2019-04-21 00:40,11333
2019-04-21 00:45,11318
2019-04-21 00:50,11302
2019-04-21 00:55,11301
2019-04-21 01:00,11323
2019-04-21 01:05,11336
2019-04-21 01:10,11304
2019-04-21 01:15,11229
2019-04-21 01:20,11230
2019-04-21 01:25,11216
2019-04-21 01:30,11193
2019-04-21 01:35,11198
2019-04-21 01:40,11156
2019-04-21 01:45,11162
2019-04-21 01:50,11113
2019-04-21 01:55,11085
2019-04-21 02:00,11130
2019-04-21 02:05,11127
2019-04-21 02:10,11159
2019-04-21 02:15,11148
2019-04-21 02:20,11177
2019-04-21 02:25,11135
2019-04-21 02:30,11092
2019-04-21 02:35,11160
2019-04-21 02:40,11126
2019-04-21 02:45,11170
2019-04-21 02:50,11181
2019-04-21 02:55,11205
2019-04-21 03:00,11244
2019-04-21 03:05,11285
2019-04-21 03:10,11273
2019-04-21 03:15,11337
2019-04-21 03:20,11320
2019-04-21 03:25,11352
2019-04-21 03:30,11269
2019-04-21 03:35,11261
2019-04-21 03:40,11220
2019-04-21 03:45,11125
2019-04-21 03:50,11104
2019-04-21 03:55,11035
2019-04-21 04:00,10996
2019-04-21 04:05,10940
2019-04-21 04:10,10900
2019-04-21 04:15,10820
2019-04-21 04:20,10786
2019-04-21 04:25,10644
2019-04-21 04:30,10597
2019-04-21 04:35,10500
2019-04-21 04:40,10469
2019-04-21 04:45,10379
2019-04-21 04:50,10308
2019-04-21 04:55,10230
2019-04-21 05:00,10137
2019-04-21 05:05,9978
2019-04-21 05:10,9864
2019-04-21 05:15,9769
2019-04-21 05:20,9644
2019-04-21 05:25,9524
2019-04-21 05:30,9376
2019-04-21 05:35,9265
2019-04-21 05:40,9136
2019-04-21 05:45,8996
2019-04-21 05:50,8916
2019-04-21 05:55,8759
2019-04-21 06:00,8641
2019-04-21 06:05,8525
2019-04-21 06:10,8372
2019-04-21 06:15,8305
2019-04-21 06:20,8186
2019-04-21 06:25,8057
2019-04-21 06:30,7932
2019-04-21 06:35,7819
2019-04-21 06:40,7733
2019-04-21 06:45,7652
2019-04-21 06:50,7527
2019-04-21 06:55,7442
2019-04-21 07:00,7335
2019-04-21 07:05,7240
2019-04-21 07:10,7180
2019-04-21 07:15,7112
2019-04-21 07:20,7021
2019-04-21 07:25,6926
2019-04-21 07:30,6814
2019-04-21 07:35,6767
2019-04-21 07:40,6683
2019-04-21 07:45,6636
2019-04-21 07:50,6600
2019-04-21 07:55,6532
2019-04-21 08:00,6444
2019-04-21 08:05,6395
2019-04-21 08:10,6342
2019-04-21 08:15,6267
2019-04-21 08:20,6253
2019-04-21 08:25,6237
2019-04-21 08:30,6269
2019-04-21 08:35,6295
2019-04-21 08:40,6292
2019-04-21 08:45,6309
2019-04-21 08:50,6306
2019-04-21 08:55,6329
2019-04-21 09:00,6327
2019-04-21 09:05,6394
2019-04-21 09:10,6417
2019-04-21 09:15,6415
2019-04-21 09:20,6452
2019-04-21 09:25,6419
2019-04-21 09:30,6465
2019-04-21 09:35,6529
2019-04-21 09:40,6617
2019-04-21 09:45,6623
2019-04-21 09:50,6644
2019-04-21 09:55,6680
2019-04-21 10:00,6697
2019-04-21 10:05,6756
2019-04-21 10:10,6792
2019-04-21 10:15,6859
2019-04-21 10:20,6929
2019-04-21 10:25,6951
2019-04-21 10:30,6989
2019-04-21 10:35,7028
2019-04-21 10:40,7004
2019-04-21 10:45,7034
2019-04-21 10:50,7053
2019-04-21 10:55,7092
2019-04-21 11:00,7142
2019-04-21 11:05,7143
2019-04-21 11:10,7184
2019-04-21 11:15,7185
2019-04-21 11:20,7278
2019-04-21 11:25,7357
2019-04-21 11:30,7435
2019-04-21 11:35,7494
2019-04-21 11:40,7587
2019-04-21 11:45,7607
2019-04-21 11:50,7631
2019-04-21 11:55,7698
2019-04-21 12:00,7786
2019-04-21 12:05,7845
2019-04-21 12:10,7850
2019-04-21 12:15,7925
2019-04-21 12:20,8000
2019-04-21 12:25,8089
2019-04-21 12:30,8139
2019-04-21 12:35,8200
2019-04-21 12:40,8255
2019-04-21 12:45,8326
2019-04-21 12:50,8406
2019-04-21 12:55,8492
2019-04-21 13:00,8551
2019-04-21 13:05,8652
2019-04-21 13:10,8710
2019-04-21 13:15,8785
2019-04-21 13:20,8859
2019-04-21 13:25,8966
2019-04-21 13:30,8995
2019-04-21 13:35,9142
2019-04-21 13:40,9276
2019-04-21 13:45,9412
2019-04-21 13:50,9502
2019-04-21 13:55,9596
2019-04-21 14:00,9710
2019-04-21 14:05,9756
2019-04-21 14:10,9850
2019-04-21 14:15,9959
2019-04-21 14:20,9999
2019-04-21 14:25,10086
2019-04-21 14:30,10168
2019-04-21 14:35,10231
2019-04-21 14:40,10428
2019-04-21 14:45,10517
2019-04-21 14:50,10631
2019-04-21 14:55,10709
2019-04-21 15:00,10758
2019-04-21 15:05,10801
2019-04-21 15:10,10859
2019-04-21 15:15,10981
2019-04-21 15:20,11030
2019-04-21 15:25,11113
2019-04-21 15:30,11205
2019-04-21 15:35,11227
2019-04-21 15:40,11300
2019-04-21 15:45,11348
2019-04-21 15:50,11383
2019-04-21 15:55,11465
2019-04-21 16:00,11564
2019-04-21 16:05,11646
2019-04-21 16:10,11750
2019-04-21 16:15,11828
2019-04-21 16:20,12007
2019-04-21 16:25,12117
2019-04-21 16:30,12171
2019-04-21 16:35,12234
2019-04-21 16:40,12301
2019-04-21 16:45,12357
2019-04-21 16:50,12510
2019-04-21 16:55,12623
2019-04-21 17:00,12683
2019-04-21 17:05,12795
2019-04-21 17:10,12944
2019-04-21 17:15,13049
2019-04-21 17:20,13067
2019-04-21 17:25,13162
2019-04-21 17:30,13280
2019-04-21 17:35,13372
2019-04-21 17:40,13456
2019-04-21 17:45,13486
2019-04-21 17:50,13624
2019-04-21 17:55,13702
2019-04-21 18:00,13808
2019-04-21 18:05,13857
2019-04-21 18:10,13934
2019-04-21 18:15,14068
2019-04-21 18:20,14135
2019-04-21 18:25,14222
2019-04-21 18:30,14378
2019-04-21 18:35,14501
2019-04-21 18:40,14633
2019-04-21 18:45,14714
2019-04-21 18:50,14765
2019-04-21 18:55,14838
2019-04-21 19:00,14875
2019-04-21 19:05,14901
2019-04-21 19:10,14921
2019-04-21 19:15,14900
2019-04-21 19:20,15013
2019-04-21 19:25,14991
2019-04-21 19:30,15024
2019-04-21 19:35,15047
2019-04-21 19:40,15086
2019-04-21 19:45,15129
2019-04-21 19:50,15141
2019-04-21 19:55,15121
2019-04-21 20:00,15200
2019-04-21 20:05,15211
2019-04-21 20:10,15215
2019-04-21 20:15,15217
2019-04-21 20:20,15226
2019-04-21 20:25,15182
2019-04-21 20:30,15144
2019-04-21 20:35,15132
2019-04-21 20:40,15173
2019-04-21 20:45,15184
2019-04-21 20:50,15162
2019-04-21 20:55,15139
2019-04-21 21:00,15023
2019-04-21 21:05,15033
2019-04-21 21:10,15006
2019-04-21 21:15,14975
2019-04-21 21:20,14891
2019-04-21 21:25,14840
2019-04-21 21:30,14725
2019-04-21 21:35,14638
2019-04-21 21:40,14523
2019-04-21 21:45,14411
2019-04-21 21:50,14317
2019-04-21 21:55,14287
2019-04-21 22:00,14207
2019-04-21 22:05,14186
2019-04-21 22:10,14023
2019-04-21 22:15,13982
2019-04-21 22:20,13951
2019-04-21 22:25,13921
2019-04-21 22:30,13856
2019-04-21 22:35,13725
2019-04-21 22:40,13637
2019-04-21 22:45,13559
2019-04-21 22:50,13479
2019-04-21 22:55,13417
2019-04-21 23:00,13309
2019-04-21 23:05,13218
2019-04-21 23:10,13150
2019-04-21 23:15,13076
2019-04-21 23:20,13006
2019-04-21 23:25,12958
2019-04-21 23:30,12936
2019-04-21 23:35,12830
2019-04-21 23:40,12824
2019-04-21 23:45,12769
2019-04-21 23:50,12724
2019-04-21 23:55,12702
2019-04-22 00:00,12700
2019-04-22 00:05,12574
2019-04-22 00:10,12467
2019-04-22 00:15,12429
2019-04-22 00:20,12399
2019-04-22 00:25,12329
2019-04-22 00:30,12250
2019-04-22 00:35,12122
2019-04-22 00:40,12001
2019-04-22 00:45,11819
2019-04-22 00:50,11719
2019-04-22 00:55,11488
2019-04-22 01:00,11298
2019-04-22 01:05,11135
2019-04-22 01:10,10919
2019-04-22 01:15,10858
2019-04-22 01:20,10791
2019-04-22 01:25,10819
2019-04-22 01:30,10758
2019-04-22 01:35,10725
2019-04-22 01:40,10640
2019-04-22 01:45,10624
2019-04-22 01:50,10587
2019-04-22 01:55,10608
2019-04-22 02:00,10522
2019-04-22 02:05,10466
2019-04-22 02:10,10525
2019-04-22 02:15,10616
2019-04-22 02:20,10573
2019-04-22 02:25,10662
2019-04-22 02:30,10670
2019-04-22 02:35,10712
2019-04-22 02:40,10710
2019-04-22 02:45,10608
2019-04-22 02:50,10581
2019-04-22 02:55,10513
2019-04-22 03:00,10484
2019-04-22 03:05,10394
2019-04-22 03:10,10394
2019-04-22 03:15,10325
2019-04-22 03:20,10197
2019-04-22 03:25,10117
2019-04-22 03:30,10100
2019-04-22 03:35,10031
2019-04-22 03:40,9948
2019-04-22 03:45,9832
2019-04-22 03:50,9723
2019-04-22 03:55,9637
2019-04-22 04:00,9497
2019-04-22 04:05,9308
2019-04-22 04:10,9305
2019-04-22 04:15,9196
2019-04-22 04:20,9110
2019-04-22 04:25,8957
2019-04-22 04:30,8840
2019-04-22 04:35,8681
2019-04-22 04:40,8542
2019-04-22 04:45,8459
2019-04-22 04:50,8326
2019-04-22 04:55,8169
2019-04-22 05:00,8053
2019-04-22 05:05,7910
2019-04-22 05:10,7689
2019-04-22 05:15,7531
2019-04-22 05:20,7383
2019-04-22 05:25,7330
2019-04-22 05:30,7184
2019-04-22 05:35,7055
2019-04-22 05:40,6928
2019-04-22 05:45,6796
2019-04-22 05:50,6675
2019-04-22 05:55,6545
2019-04-22 06:00,6398
2019-04-22 06:05,6278
2019-04-22 06:10,6098
2019-04-22 06:15,5961
2019-04-22 06:20,5870
2019-04-22 06:25,5775
2019-04-22 06:30,5662
2019-04-22 06:35,5605
2019-04-22 06:40,5553
2019-04-22 06:45,5489
2019-04-22 06:50,5438
2019-04-22 06:55,5362
2019-04-22 07:00,5339
2019-04-22 07:05,5235
2019-04-22 07:10,5172
2019-04-22 07:15,5112
2019-04-22 07:20,5007
2019-04-22 07:25,4997
2019-04-22 07:30,4953
2019-04-22 07:35,4878
2019-04-22 07:40,4830
2019-04-22 07:45,4794
2019-04-22 07:50,4766
2019-04-22 07:55,4741
2019-04-22 08:00,4726
2019-04-22 08:05,4726
2019-04-22 08:10,4721
2019-04-22 08:15,4720
2019-04-22 08:20,4698
2019-04-22 08:25,4699
2019-04-22 08:30,4673
2019-04-22 08:35,4676
2019-04-22 08:40,4713
2019-04-22 08:45,4718
2019-04-22 08:50,4726
2019-04-22 08:55,4757
2019-04-22 09:00,4779
2019-04-22 09:05,4867
2019-04-22 09:10,4930
2019-04-22 09:15,4982
2019-04-22 09:20,5017
2019-04-22 09:25,5072
2019-04-22 09:30,5166
2019-04-22 09:35,5224
2019-04-22 09:40,5301
2019-04-22 09:45,5322
2019-04-22 09:50,5374
2019-04-22 09:55,5448
2019-04-22 10:00,5453
2019-04-22 10:05,5525
2019-04-22 10:10,5596
2019-04-22 10:15,5656
2019-04-22 10:20,5703
2019-04-22 10:25,5706
2019-04-22 10:30,5723
2019-04-22 10:35,5802
2019-04-22 10:40,5854
2019-04-22 10:45,5964
2019-04-22 10:50,5996
2019-04-22 10:55,6073
2019-04-22 11:00,6103
2019-04-22 11:05,6158
2019-04-22 11:10,6206
2019-04-22 11:15,6252
2019-04-22 11:20,6307
2019-04-22 11:25,6399
2019-04-22 11:30,6505
2019-04-22 11:35,6553
2019-04-22 11:40,6614
2019-04-22 11:45,6663
2019-04-22 11:50,6702
2019-04-22 11:55,6764
2019-04-22 12:00,6814
2019-04-22 12:05,6874
2019-04-22 12:10,6946
2019-04-22 12:15,7089
2019-04-22 12:20,7117
2019-04-22 12:25,7147
2019-04-22 12:30,7212
2019-04-22 12:35,7271
2019-04-22 12:40,7367
2019-04-22 12:45,7430
2019-04-22 12:50,7544
2019-04-22 12:55,7635
2019-04-22 13:00,7774
2019-04-22 13:05,7856
2019-04-22 13:10,6803
2019-04-22 13:15,4790
2019-04-22 13:20,3675
2019-04-22 13:25,3954
2019-04-22 13:30,4421
2019-04-22 13:35,4789
2019-04-22 13:40,5337
2019-04-22 13:45,5775
2019-04-22 13:50,6098
2019-04-22 13:55,6456
2019-04-22 14:00,6843
2019-04-22 14:05,7156
2019-04-22 14:10,7508
2019-04-22 14:15,7730
2019-04-22 14:20,8032
2019-04-22 14:25,8269
2019-04-22 14:30,8483
2019-04-22 14:35,8687
2019-04-22 14:40,8875
2019-04-22 14:45,9045
2019-04-22 14:50,9159
2019-04-22 14:55,9307
2019-04-22 15:00,9433
2019-04-22 15:05,9550
2019-04-22 15:10,9625
2019-04-22 15:15,9697
2019-04-22 15:20,9857
2019-04-22 15:25,9970
2019-04-22 15:30,10058
2019-04-22 15:35,10083
2019-04-22 15:40,10175
2019-04-22 15:45,10166
2019-04-22 15:50,10230
2019-04-22 15:55,10293
2019-04-22 16:00,10385
2019-04-22 16:05,10469
2019-04-22 16:10,10507
2019-04-22 16:15,10659
2019-04-22 16:20,10749
2019-04-22 16:25,10799
2019-04-22 16:30,10820
2019-04-22 16:35,
2019-04-22 16:40,
2019-04-22 16:45,
2019-04-22 16:50,11004
2019-04-22 16:55,11084
2019-04-22 17:00,11238
2019-04-22 17:05,11304
2019-04-22 17:10,11378
2019-04-22 17:15,11475
2019-04-22 17:20,11540
2019-04-22 17:25,11681
2019-04-22 17:30,11784
2019-04-22 17:35,11900
2019-04-22 17:40,11959
2019-04-22 17:45,12051
2019-04-22 17:50,12126
2019-04-22 17:55,12151
2019-04-22 18:00,12243
2019-04-22 18:05,12317
2019-04-22 18:10,12418
2019-04-22 18:15,12484
2019-04-22 18:20,12525
2019-04-22 18:25,12516
2019-04-22 18:30,12594
2019-04-22 18:35,12674
2019-04-22 18:40,12735
2019-04-22 18:45,12882
2019-04-22 18:50,12946
2019-04-22 18:55,13037
2019-04-22 19:00,13130
2019-04-22 19:05,13178
2019-04-22 19:10,13211
2019-04-22 19:15,13249
2019-04-22 19:20,13374
2019-04-22 19:25,13424
2019-04-22 19:30,13469
2019-04-22 19:35,13433
2019-04-22 19:40,13424
2019-04-22 19:45,13371
2019-04-22 19:50,13346
2019-04-22 19:55,13280
2019-04-22 20:00,13253
2019-04-22 20:05,13247
2019-04-22 20:10,13155
2019-04-22 20:15,13149
2019-04-22 20:20,13085
2019-04-22 20:25,13032
2019-04-22 20:30,13000
2019-04-22 20:35,12942
2019-04-22 20:40,12942
2019-04-22 20:45,12904
2019-04-22 20:50,12845
2019-04-22 20:55,12780
2019-04-22 21:00,12642
2019-04-22 21:05,12524
2019-04-22 21:10,12474
2019-04-22 21:15,12446
2019-04-22 21:20,12333
2019-04-22 21:25,12290
2019-04-22 21:30,12237
2019-04-22 21:35,12170
2019-04-22 21:40,12129
2019-04-22 21:45,12100
2019-04-22 21:50,12073
2019-04-22 21:55,12008
2019-04-22 22:00,11912
2019-04-22 22:05,11807
2019-04-22 22:10,11736
2019-04-22 22:15,11738
2019-04-22 22:20,11718
2019-04-22 22:25,11640
2019-04-22 22:30,11576
2019-04-22 22:35,11499
2019-04-22 22:40,11452
2019-04-22 22:45,11369
2019-04-22 22:50,11357
2019-04-22 22:55,11258
2019-04-22 23:00,11200
2019-04-22 23:05,11191
2019-04-22 23:10,11171
2019-04-22 23:15,11160
2019-04-22 23:20,11110
2019-04-22 23:25,11044
2019-04-22 23:30,11025
2019-04-22 23:35,11080
2019-04-22 23:40,11064
2019-04-22 23:45,11035
2019-04-22 23:50,11033
2019-04-22 23:55,11058
2019-04-23 00:00,11032
2019-04-23 00:05,11055
2019-04-23 00:10,11117
2019-04-23 00:15,11150
2019-04-23 00:20,11242
2019-04-23 00:25,11200
2019-04-23 00:30,11201
2019-04-23 00:35,11204
2019-04-23 00:40,11242
2019-04-23 00:45,11244
2019-04-23 00:50,11288
2019-04-23 00:55,11256
2019-04-23 01:00,11246
2019-04-23 01:05,11275
2019-04-23 01:10,11287
2019-04-23 01:15,11312
2019-04-23 01:20,11325
2019-04-23 01:25,11346
2019-04-23 01:30,11274
2019-04-23 01:35,11367
2019-04-23 01:40,11350
2019-04-23 01:45,11358
2019-04-23 01:50,11348
2019-04-23 01:55,11322
2019-04-23 02:00,11269
2019-04-23 02:05,11235
2019-04-23 02:10,11192
2019-04-23 02:15,11117
2019-04-23 02:20,11013
2019-04-23 02:25,10935
2019-04-23 02:30,10874
2019-04-23 02:35,10825
2019-04-23 02:40,10759
2019-04-23 02:45,10659
2019-04-23 02:50,10673
2019-04-23 02:55,10534
2019-04-23 03:00,10471
2019-04-23 03:05,10390
2019-04-23 03:10,10262
2019-04-23 03:15,10084
2019-04-23 03:20,9809
2019-04-23 03:25,9631
2019-04-23 03:30,9522
2019-04-23 03:35,9420
2019-04-23 03:40,9311
2019-04-23 03:45,9148
2019-04-23 03:50,9082
2019-04-23 03:55,8989
2019-04-23 04:00,8883
2019-04-23 04:05,8768
2019-04-23 04:10,8566
2019-04-23 04:15,8420
2019-04-23 04:20,8313
2019-04-23 04:25,8167
2019-04-23 04:30,8062
2019-04-23 04:35,7998
2019-04-23 04:40,7936
2019-04-23 04:45,7804
2019-04-23 04:50,7616
2019-04-23 04:55,7589
2019-04-23 05:00,7415
2019-04-23 05:05,7289
2019-04-23 05:10,7193
2019-04-23 05:15,7031
2019-04-23 05:20,6895
2019-04-23 05:25,6751
2019-04-23 05:30,6583
2019-04-23 05:35,6426
2019-04-23 05:40,6286
2019-04-23 05:45,6165
2019-04-23 05:50,6021
2019-04-23 05:55,5937
2019-04-23 06:00,5850
2019-04-23 06:05,5758
2019-04-23 06:10,5587
2019-04-23 06:15,5454
2019-04-23 06:20,5359
2019-04-23 06:25,5275
2019-04-23 06:30,5189
2019-04-23 06:35,5078
2019-04-23 06:40,5002
2019-04-23 06:45,4949
2019-04-23 06:50,4902
2019-04-23 06:55,4859
2019-04-23 07:00,4762
2019-04-23 07:05,4706
2019-04-23 07:10,4672
2019-04-23 07:15,4605
2019-04-23 07:20,4528
2019-04-23 07:25,4496
2019-04-23 07:30,4451
2019-04-23 07:35,4433
2019-04-23 07:40,4390
2019-04-23 07:45,4359
2019-04-23 07:50,4341
2019-04-23 07:55,4308
2019-04-23 08:00,4277
2019-04-23 08:05,4218
2019-04-23 08:10,4221
2019-04-23 08:15,4209
2019-04-23 08:20,4205
2019-04-23 08:25,4157
2019-04-23 08:30,4145
2019-04-23 08:35,4196
2019-04-23 08:40,4213
2019-04-23 08:45,4219
2019-04-23 08:50,4269
2019-04-23 08:55,4284
2019-04-23 09:00,4326
2019-04-23 09:05,4380
2019-04-23 09:10,4404
2019-04-23 09:15,4450
2019-04-23 09:20,4504
2019-04-23 09:25,4508
2019-04-23 09:30,4562
2019-04-23 09:35,4586
2019-04-23 09:40,4645
2019-04-23 09:45,4648
2019-04-23 09:50,4692
2019-04-23 09:55,4705
2019-04-23 10:00,4715
2019-04-23 10:05,4763
2019-04-23 10:10,4785
2019-04-23 10:15,4849
2019-04-23 10:20,4886
2019-04-23 10:25,4937
2019-04-23 10:30,4998
2019-04-23 10:35,5073
2019-04-23 10:40,5043
2019-04-23 10:45,5087
2019-04-23 10:50,5127
2019-04-23 10:55,5141
2019-04-23 11:00,5192
2019-04-23 11:05,5231
2019-04-23 11:10,5244
2019-04-23 11:15,5273
2019-04-23 11:20,5309
2019-04-23 11:25,5430
2019-04-23 11:30,5418
2019-04-23 11:35,5516
2019-04-23 11:40,5571
2019-04-23 11:45,5619
2019-04-23 11:50,5677
2019-04-23 11:55,5706
2019-04-23 12:00,5762
2019-04-23 12:05,5830
2019-04-23 12:10,5896
2019-04-23 12:15,5950
2019-04-23 12:20,6042
2019-04-23 12:25,6109
2019-04-23 12:30,6201
2019-04-23 12:35,6345
2019-04-23 12:40,6443
2019-04-23 12:45,6503
2019-04-23 12:50,6574
2019-04-23 12:55,6678
2019-04-23 13:00,6760
2019-04-23 13:05,6892
2019-04-23 13:10,6957
2019-04-23 13:15,7047
2019-04-23 13:20,7152
2019-04-23 13:25,7231
2019-04-23 13:30,7299
2019-04-23 13:35,7410
2019-04-23 13:40,7494
2019-04-23 13:45,7549
2019-04-23 13:50,7630
2019-04-23 13:55,7740
2019-04-23 14:00,7807
2019-04-23 14:05,7839
2019-04-23 14:10,7918
2019-04-23 14:15,7999
2019-04-23 14:20,8089
2019-04-23 14:25,8188
2019-04-23 14:30,8283
2019-04-23 14:35,8360
2019-04-23 14:40,8410
2019-04-23 14:45,8503
2019-04-23 14:50,8598
2019-04-23 14:55,8653
2019-04-23 15:00,8800
2019-04-23 15:05,8901
2019-04-23 15:10,8955
2019-04-23 15:15,9019
2019-04-23 15:20,9191
2019-04-23 15:25,9272
2019-04-23 15:30,9393
2019-04-23 15:35,9515
2019-04-23 15:40,9628
2019-04-23 15:45,9682
2019-04-23 15:50,9736
2019-04-23 15:55,9761
2019-04-23 16:00,9924
2019-04-23 16:05,10002
2019-04-23 16:10,10069
2019-04-23 16:15,10195
2019-04-23 16:20,10283
2019-04-23 16:25,10416
2019-04-23 16:30,10431
2019-04-23 16:35,10475
2019-04-23 16:40,10563
2019-04-23 16:45,10611
2019-04-23 16:50,10679
2019-04-23 16:55,10760
2019-04-23 17:00,10838
2019-04-23 17:05,10919
2019-04-23 17:10,11008
2019-04-23 17:15,11054
2019-04-23 17:20,11139
2019-04-23 17:25,11227
2019-04-23 17:30,11321
2019-04-23 17:35,11410
2019-04-23 17:40,11539
2019-04-23 17:45,11634
2019-04-23 17:50,11628
2019-04-23 17:55,11751
2019-04-23 18:00,11871
2019-04-23 18:05,11936
2019-04-23 18:10,11991
2019-04-23 18:15,12052
2019-04-23 18:20,12148
2019-04-23 18:25,12204
2019-04-23 18:30,12275
2019-04-23 18:35,12407
2019-04-23 18:40,12475
2019-04-23 18:45,12527
2019-04-23 18:50,12521
2019-04-23 18:55,12595
2019-04-23 19:00,12642
2019-04-23 19:05,12680
2019-04-23 19:10,12711
2019-04-23 19:15,12782
2019-04-23 19:20,12820
2019-04-23 19:25,12897
2019-04-23 19:30,12946
2019-04-23 19:35,13046
2019-04-23 19:40,13069
2019-04-23 19:45,13112
2019-04-23 19:50,13049
2019-04-23 19:55,13077
2019-04-23 20:00,13012
2019-04-23 20:05,13040
2019-04-23 20:10,
2019-04-23 20:15,12985
2019-04-23 20:20,12910
2019-04-23 20:25,12869
2019-04-23 20:30,12860
2019-04-23 20:35,12817
2019-04-23 20:40,12785
2019-04-23 20:45,12703
2019-04-23 20:50,12673
2019-04-23 20:55,12658
2019-04-23 21:00,12547
2019-04-23 21:05,12439
2019-04-23 21:10,12312
2019-04-23 21:15,12229
2019-04-23 21:20,12183
2019-04-23 21:25,12184
2019-04-23 21:30,11997
2019-04-23 21:35,11878
2019-04-23 21:40,11849
2019-04-23 21:45,11714
2019-04-23 21:50,11651
2019-04-23 21:55,11589
2019-04-23 22:00,11470
2019-04-23 22:05,11342
2019-04-23 22:10,11322
2019-04-23 22:15,
2019-04-23 22:20,
2019-04-23 22:25,10684
2019-04-23 22:30,11012
2019-04-23 22:35,10997
2019-04-23 22:40,10911
2019-04-23 22:45,10808
2019-04-23 22:50,10816
2019-04-23 22:55,10851
2019-04-23 23:00,10837
2019-04-23 23:05,10832
2019-04-23 23:10,0
2019-04-23 23:15,10683
2019-04-23 23:20,10602
2019-04-23 23:25,10610
2019-04-23 23:30,10560
2019-04-23 23:35,0
2019-04-23 23:40,10650
2019-04-23 23:45,10669
2019-04-23 23:50,10729
2019-04-23 23:55,10701
2019-04-24 00:00,10670
2019-04-24 00:05,10686
2019-04-24 00:10,10619
2019-04-24 00:15,10611
2019-04-24 00:20,10609
2019-04-24 00:25,10687
2019-04-24 00:30,10760
2019-04-24 00:35,10783
2019-04-24 00:40,10817
2019-04-24 00:45,10868
2019-04-24 00:50,10925
2019-04-24 00:55,10936
2019-04-24 01:00,10938
2019-04-24 01:05,10906
2019-04-24 01:10,10931
2019-04-24 01:15,10860
2019-04-24 01:20,10866
2019-04-24 01:25,10855
2019-04-24 01:30,10977
2019-04-24 01:35,11001
2019-04-24 01:40,11032
2019-04-24 01:45,11020
2019-04-24 01:50,10997
2019-04-24 01:55,11035
2019-04-24 02:00,11026
2019-04-24 02:05,10979
2019-04-24 02:10,10929
2019-04-24 02:15,10897
2019-04-24 02:20,10862
2019-04-24 02:25,10800
2019-04-24 02:30,10779
2019-04-24 02:35,10693
2019-04-24 02:40,10674
2019-04-24 02:45,10600
2019-04-24 02:50,10476
2019-04-24 02:55,10419
2019-04-24 03:00,10284
2019-04-24 03:05,10186
2019-04-24 03:10,10087
2019-04-24 03:15,9970
2019-04-24 03:20,9895
2019-04-24 03:25,9813
2019-04-24 03:30,9727
2019-04-24 03:35,9620
2019-04-24 03:40,9547
2019-04-24 03:45,9473
2019-04-24 03:50,9360
2019-04-24 03:55,9281
2019-04-24 04:00,9111
2019-04-24 04:05,8956
2019-04-24 04:10,8849
2019-04-24 04:15,8698
2019-04-24 04:20,8540
2019-04-24 04:25,8462
2019-04-24 04:30,8325
2019-04-24 04:35,8195
2019-04-24 04:40,8065
2019-04-24 04:45,7972
2019-04-24 04:50,7825
2019-04-24 04:55,7730
2019-04-24 05:00,7621
2019-04-24 05:05,7455
2019-04-24 05:10,7332
2019-04-24 05:15,7182
2019-04-24 05:20,7056
2019-04-24 05:25,6944
2019-04-24 05:30,6829
2019-04-24 05:35,6699
2019-04-24 05:40,6521
2019-04-24 05:45,6399
2019-04-24 05:50,6289
2019-04-24 05:55,6172
2019-04-24 06:00,6047
2019-04-24 06:05,5950
2019-04-24 06:10,5842
2019-04-24 06:15,5771
2019-04-24 06:20,5659
2019-04-24 06:25,5580
2019-04-24 06:30,5478
2019-04-24 06:35,5411
2019-04-24 06:40,5361
2019-04-24 06:45,5282
2019-04-24 06:50,5198
2019-04-24 06:55,5106
2019-04-24 07:00,5040
2019-04-24 07:05,4964
2019-04-24 07:10,4903
2019-04-24 07:15,4827
2019-04-24 07:20,4735
2019-04-24 07:25,4682
2019-04-24 07:30,4628
2019-04-24 07:35,4622
2019-04-24 07:40,4572
2019-04-24 07:45,4516
2019-04-24 07:50,4504
2019-04-24 07:55,4483
2019-04-24 08:00,4433
2019-04-24 08:05,4382
2019-04-24 08:10,4384
2019-04-24 08:15,4381
2019-04-24 08:20,4364
2019-04-24 08:25,4370
2019-04-24 08:30,4377
2019-04-24 08:35,4344
2019-04-24 08:40,4365
2019-04-24 08:45,4375
2019-04-24 08:50,4382
2019-04-24 08:55,4413
2019-04-24 09:00,4465
2019-04-24 09:05,4483
2019-04-24 09:10,4505
2019-04-24 09:15,4533
2019-04-24 09:20,4552
2019-04-24 09:25,4563
2019-04-24 09:30,4546
2019-04-24 09:35,4562
2019-04-24 09:40,4638
2019-04-24 09:45,4684
2019-04-24 09:50,4707
2019-04-24 09:55,4761
2019-04-24 10:00,4762
2019-04-24 10:05,4753
2019-04-24 10:10,4750
2019-04-24 10:15,4780
2019-04-24 10:20,4786
2019-04-24 10:25,4812
2019-04-24 10:30,4823
2019-04-24 10:35,4868
2019-04-24 10:40,4902
2019-04-24 10:45,4920
2019-04-24 10:50,4992
2019-04-24 10:55,4998
2019-04-24 11:00,5034
2019-04-24 11:05,5043
2019-04-24 11:10,5044
2019-04-24 11:15,5121
2019-04-24 11:20,5187
2019-04-24 11:25,5184
2019-04-24 11:30,5211
2019-04-24 11:35,5309
2019-04-24 11:40,5338
2019-04-24 11:45,5385
2019-04-24 11:50,5438
2019-04-24 11:55,5492
2019-04-24 12:00,5560
2019-04-24 12:05,5646
2019-04-24 12:10,5737
2019-04-24 12:15,5812
2019-04-24 12:20,5853
2019-04-24 12:25,5905
2019-04-24 12:30,5991
2019-04-24 12:35,6038
2019-04-24 12:40,6085
2019-04-24 12:45,6194
2019-04-24 12:50,6241
2019-04-24 12:55,6328
2019-04-24 13:00,6413
2019-04-24 13:05,6517
2019-04-24 13:10,6574
2019-04-24 13:15,6713
2019-04-24 13:20,6768
2019-04-24 13:25,6850
2019-04-24 13:30,6937
2019-04-24 13:35,6989
2019-04-24 13:40,7111
2019-04-24 13:45,7204
2019-04-24 13:50,7281
2019-04-24 13:55,7368
2019-04-24 14:00,7450
2019-04-24 14:05,7534
2019-04-24 14:10,7653
2019-04-24 14:15,7724
2019-04-24 14:20,7801
2019-04-24 14:25,7864
2019-04-24 14:30,7972
2019-04-24 14:35,8102
2019-04-24 14:40,8196
2019-04-24 14:45,8230
2019-04-24 14:50,8247
2019-04-24 14:55,8294
2019-04-24 15:00,8348
2019-04-24 15:05,8403
2019-04-24 15:10,8506
2019-04-24 15:15,8588
2019-04-24 15:20,8639
2019-04-24 15:25,8759
2019-04-24 15:30,8764
2019-04-24 15:35,8872
2019-04-24 15:40,8941
2019-04-24 15:45,9029
2019-04-24 15:50,9094
2019-04-24 15:55,9155
2019-04-24 16:00,9214
2019-04-24 16:05,9337
2019-04-24 16:10,9341
2019-04-24 16:15,9348
2019-04-24 16:20,9403
2019-04-24 16:25,9505
2019-04-24 16:30,9603
2019-04-24 16:35,9682
2019-04-24 16:40,9857
2019-04-24 16:45,10004
2019-04-24 16:50,10158
2019-04-24 16:55,10246
2019-04-24 17:00,10298
2019-04-24 17:05,10431
2019-04-24 17:10,10477
2019-04-24 17:15,10518
2019-04-24 17:20,10643
2019-04-24 17:25,10786
2019-04-24 17:30,10825
2019-04-24 17:35,10963
2019-04-24 17:40,11111
2019-04-24 17:45,11210
2019-04-24 17:50,11302
2019-04-24 17:55,11404
2019-04-24 18:00,11488
2019-04-24 18:05,11550
2019-04-24 18:10,
2019-04-24 18:15,11708
2019-04-24 18:20,11779
2019-04-24 18:25,11829
2019-04-24 18:30,11917
2019-04-24 18:35,11998
2019-04-24 18:40,12048
2019-04-24 18:45,12092
2019-04-24 18:50,12103
2019-04-24 18:55,12166
2019-04-24 19:00,12178
2019-04-24 19:05,12203
2019-04-24 19:10,12301
2019-04-24 19:15,12269
2019-04-24 19:20,12348
2019-04-24 19:25,12379
2019-04-24 19:30,12390
2019-04-24 19:35,12364
2019-04-24 19:40,12361
2019-04-24 19:45,12403
2019-04-24 19:50,12416
2019-04-24 19:55,12534
2019-04-24 20:00,12485
2019-04-24 20:05,12421
2019-04-24 20:10,12456
2019-04-24 20:15,12399
2019-04-24 20:20,12413
2019-04-24 20:25,12405
2019-04-24 20:30,12419
2019-04-24 20:35,12389
2019-04-24 20:40,12352
2019-04-24 20:45,12278
2019-04-24 20:50,12214
2019-04-24 20:55,12151
2019-04-24 21:00,12151
2019-04-24 21:05,12124
2019-04-24 21:10,12082
2019-04-24 21:15,12064
2019-04-24 21:20,11986
2019-04-24 21:25,11965
2019-04-24 21:30,11859
2019-04-24 21:35,11816
2019-04-24 21:40,11703
2019-04-24 21:45,11633
2019-04-24 21:50,11582
2019-04-24 21:55,11525
2019-04-24 22:00,11418
2019-04-24 22:05,11333
2019-04-24 22:10,11324
2019-04-24 22:15,11267
2019-04-24 22:20,11162
2019-04-24 22:25,11092
2019-04-24 22:30,11050
2019-04-24 22:35,10916
2019-04-24 22:40,10894
2019-04-24 22:45,10864
2019-04-24 22:50,10785
2019-04-24 22:55,10712
2019-04-24 23:00,10650
2019-04-24 23:05,10692
2019-04-24 23:10,10761
2019-04-24 23:15,10683
2019-04-24 23:20,10671
2019-04-24 23:25,10656
2019-04-24 23:30,10643
2019-04-24 23:35,10656
2019-04-24 23:40,10662
2019-04-24 23:45,10655
2019-04-24 23:50,10650
2019-04-24 23:55,10701
2019-04-25 00:00,10646
2019-04-25 00:05,10640
2019-04-25 00:10,10607
2019-04-25 00:15,10680
2019-04-25 00:20,10683
2019-04-25 00:25,10692
2019-04-25 00:30,10668
2019-04-25 00:35,10663
2019-04-25 00:40,10693
2019-04-25 00:45,10772
2019-04-25 00:50,10750
2019-04-25 00:55,10814
2019-04-25 01:00,10843
2019-04-25 01:05,10845
2019-04-25 01:10,10875
2019-04-25 01:15,10896
2019-04-25 01:20,10933
2019-04-25 01:25,10889
2019-04-25 01:30,10971
2019-04-25 01:35,10956
2019-04-25 01:40,10912
2019-04-25 01:45,10898
2019-04-25 01:50,10840
2019-04-25 01:55,10933
2019-04-25 02:00,10877
2019-04-25 02:05,10834
2019-04-25 02:10,10756
2019-04-25 02:15,10729
2019-04-25 02:20,10680
2019-04-25 02:25,10620
2019-04-25 02:30,10561
2019-04-25 02:35,10568
2019-04-25 02:40,10516
2019-04-25 02:45,10414
2019-04-25 02:50,10354
2019-04-25 02:55,10249
2019-04-25 03:00,10157
2019-04-25 03:05,10046
2019-04-25 03:10,9957
2019-04-25 03:15,9863
2019-04-25 03:20,9773
2019-04-25 03:25,9634
2019-04-25 03:30,9626
2019-04-25 03:35,9517
2019-04-25 03:40,9437
2019-04-25 03:45,9365
2019-04-25 03:50,9314
2019-04-25 03:55,9162
2019-04-25 04:00,9054
2019-04-25 04:05,8940
2019-04-25 04:10,8796
2019-04-25 04:15,8633
2019-04-25 04:20,8537
2019-04-25 04:25,8359
2019-04-25 04:30,8305
2019-04-25 04:35,8218
2019-04-25 04:40,8089
2019-04-25 04:45,7952
2019-04-25 04:50,7800
2019-04-25 04:55,7683
2019-04-25 05:00,7579
2019-04-25 05:05,7405
2019-04-25 05:10,7261
2019-04-25 05:15,7165
2019-04-25 05:20,7023
2019-04-25 05:25,6870
2019-04-25 05:30,6741
2019-04-25 05:35,6638
2019-04-25 05:40,6538
2019-04-25 05:45,6420
2019-04-25 05:50,6351
2019-04-25 05:55,6224
2019-04-25 06:00,6144
2019-04-25 06:05,6049
2019-04-25 06:10,5922
2019-04-25 06:15,5804
2019-04-25 06:20,5709
2019-04-25 06:25,5640
2019-04-25 06:30,5522
2019-04-25 06:35,5428
2019-04-25 06:40,5402
2019-04-25 06:45,5335
2019-04-25 06:50,5302
2019-04-25 06:55,5241
2019-04-25 07:00,5115
2019-04-25 07:05,5045
2019-04-25 07:10,4972
2019-04-25 07:15,4893
2019-04-25 07:20,4809
2019-04-25 07:25,4754
2019-04-25 07:30,4707
2019-04-25 07:35,4661
2019-04-25 07:40,4610
2019-04-25 07:45,4542
2019-04-25 07:50,4524
2019-04-25 07:55,4504
2019-04-25 08:00,4465
2019-04-25 08:05,4433
2019-04-25 08:10,4393
2019-04-25 08:15,4377
2019-04-25 08:20,4385
2019-04-25 08:25,4382
2019-04-25 08:30,4405
2019-04-25 08:35,4390
2019-04-25 08:40,4393
2019-04-25 08:45,4380
2019-04-25 08:50,4393
2019-04-25 08:55,4410
2019-04-25 09:00,4419
2019-04-25 09:05,4438
2019-04-25 09:10,4435
2019-04-25 09:15,4468
2019-04-25 09:20,4446
2019-04-25 09:25,4519
2019-04-25 09:30,4530
2019-04-25 09:35,4532
2019-04-25 09:40,4539
2019-04-25 09:45,4562
2019-04-25 09:50,4566
2019-04-25 09:55,4585
2019-04-25 10:00,4614
2019-04-25 10:05,4675
2019-04-25 10:10,4725
2019-04-25 10:15,4747
2019-04-25 10:20,4772
2019-04-25 10:25,4792
2019-04-25 10:30,4844
2019-04-25 10:35,4920
2019-04-25 10:40,4948
2019-04-25 10:45,4984
2019-04-25 10:50,5027
2019-04-25 10:55,5044
2019-04-25 11:00,5080
2019-04-25 11:05,5098
2019-04-25 11:10,5119
2019-04-25 11:15,5173
2019-04-25 11:20,5192
2019-04-25 11:25,5226
2019-04-25 11:30,5278
2019-04-25 11:35,5311
2019-04-25 11:40,5410
2019-04-25 11:45,5477
2019-04-25 11:50,5536
2019-04-25 11:55,5573
2019-04-25 12:00,5652
2019-04-25 12:05,5699
2019-04-25 12:10,5756
2019-04-25 12:15,5836
2019-04-25 12:20,5833
2019-04-25 12:25,5914
2019-04-25 12:30,5965
2019-04-25 12:35,6013
2019-04-25 12:40,6095
2019-04-25 12:45,6140
2019-04-25 12:50,6199
2019-04-25 12:55,6283
2019-04-25 13:00,6319
2019-04-25 13:05,6382
2019-04-25 13:10,6505
2019-04-25 13:15,6626
2019-04-25 13:20,6701
2019-04-25 13:25,6840
2019-04-25 13:30,6908
2019-04-25 13:35,6987
2019-04-25 13:40,7080
2019-04-25 13:45,7184
2019-04-25 13:50,7258
2019-04-25 13:55,7359
2019-04-25 14:00,7436
2019-04-25 14:05,7509
2019-04-25 14:10,7602
2019-04-25 14:15,7662
2019-04-25 14:20,7788
2019-04-25 14:25,7873
2019-04-25 14:30,7884
2019-04-25 14:35,7960
2019-04-25 14:40,7998
2019-04-25 14:45,8044
2019-04-25 14:50,8086
2019-04-25 14:55,8178
2019-04-25 15:00,8242
2019-04-25 15:05,8279
2019-04-25 15:10,8360
2019-04-25 15:15,8450
2019-04-25 15:20,8503
2019-04-25 15:25,8626
2019-04-25 15:30,8652
2019-04-25 15:35,8770
2019-04-25 15:40,8873
2019-04-25 15:45,8910
2019-04-25 15:50,8996
2019-04-25 15:55,9124
2019-04-25 16:00,9213
2019-04-25 16:05,9287
2019-04-25 16:10,9329
2019-04-25 16:15,9337
2019-04-25 16:20,9414
2019-04-25 16:25,9478
2019-04-25 16:30,9521
2019-04-25 16:35,9687
2019-04-25 16:40,9759
2019-04-25 16:45,9910
2019-04-25 16:50,9983
2019-04-25 16:55,10004
2019-04-25 17:00,10047
2019-04-25 17:05,10141
2019-04-25 17:10,10231
2019-04-25 17:15,10350
2019-04-25 17:20,10376
2019-04-25 17:25,10525
2019-04-25 17:30,10594
2019-04-25 17:35,10735
2019-04-25 17:40,10860
2019-04-25 17:45,10883
2019-04-25 17:50,11012
2019-04-25 17:55,11095
2019-04-25 18:00,11201
2019-04-25 18:05,11340
2019-04-25 18:10,11367
2019-04-25 18:15,11427
2019-04-25 18:20,
2019-04-25 18:25,
2019-04-25 18:30,11612
2019-04-25 18:35,11707
2019-04-25 18:40,11766
2019-04-25 18:45,11873
2019-04-25 18:50,11899
2019-04-25 18:55,11981
2019-04-25 19:00,12019
2019-04-25 19:05,12032
2019-04-25 19:10,12121
2019-04-25 19:15,12177
2019-04-25 19:20,12265
2019-04-25 19:25,12302
2019-04-25 19:30,12319
2019-04-25 19:35,12333
2019-04-25 19:40,12340
2019-04-25 19:45,12312
2019-04-25 19:50,12343
2019-04-25 19:55,12384
2019-04-25 20:00,12401
2019-04-25 20:05,12434
2019-04-25 20:10,12377
2019-04-25 20:15,12323
2019-04-25 20:20,12323
2019-04-25 20:25,12331
2019-04-25 20:30,12300
2019-04-25 20:35,12347
2019-04-25 20:40,12279
2019-04-25 20:45,12194
2019-04-25 20:50,12172
2019-04-25 20:55,12162
2019-04-25 21:00,12162
2019-04-25 21:05,12087
2019-04-25 21:10,12026
2019-04-25 21:15,11935
2019-04-25 21:20,11884
2019-04-25 21:25,11801
2019-04-25 21:30,11723
2019-04-25 21:35,11677
2019-04-25 21:40,11600
2019-04-25 21:45,11591
2019-04-25 21:50,11517
2019-04-25 21:55,11513
2019-04-25 22:00,11410
2019-04-25 22:05,11263
2019-04-25 22:10,11238
2019-04-25 22:15,11194
2019-04-25 22:20,11135
2019-04-25 22:25,11122
2019-04-25 22:30,11103
2019-04-25 22:35,11048
2019-04-25 22:40,10991
2019-04-25 22:45,10938
2019-04-25 22:50,10887
2019-04-25 22:55,10848
2019-04-25 23:00,10732
2019-04-25 23:05,10633
2019-04-25 23:10,10588
2019-04-25 23:15,10594
2019-04-25 23:20,10531
2019-04-25 23:25,10492
2019-04-25 23:30,10462
2019-04-25 23:35,10419
2019-04-25 23:40,10365
2019-04-25 23:45,10318
2019-04-25 23:50,10331
2019-04-25 23:55,10292
2019-04-26 00:00,10263
2019-04-26 00:05,10212
2019-04-26 00:10,10195
2019-04-26 00:15,10128
2019-04-26 00:20,10140
2019-04-26 00:25,10110
2019-04-26 00:30,10119
2019-04-26 00:35,10107
2019-04-26 00:40,10154
2019-04-26 00:45,10184
2019-04-26 00:50,10157
2019-04-26 00:55,10204
2019-04-26 01:00,10224
2019-04-26 01:05,10237
2019-04-26 01:10,10318
2019-04-26 01:15,10312
2019-04-26 01:20,10316
2019-04-26 01:25,10382
2019-04-26 01:30,10410
2019-04-26 01:35,10413
2019-04-26 01:40,10435
2019-04-26 01:45,10361
2019-04-26 01:50,10340
2019-04-26 01:55,10269
2019-04-26 02:00,10314
2019-04-26 02:05,10204
2019-04-26 02:10,10169
2019-04-26 02:15,10116
2019-04-26 02:20,10133
2019-04-26 02:25,10048
2019-04-26 02:30,9968
2019-04-26 02:35,9923
2019-04-26 02:40,9884
2019-04-26 02:45,9782
2019-04-26 02:50,9597
2019-04-26 02:55,9552
2019-04-26 03:00,9445
2019-04-26 03:05,9340
2019-04-26 03:10,9220
2019-04-26 03:15,9173
2019-04-26 03:20,9128
2019-04-26 03:25,9043
2019-04-26 03:30,8920
2019-04-26 03:35,8897
2019-04-26 03:40,8823
2019-04-26 03:45,8738
2019-04-26 03:50,8605
2019-04-26 03:55,8518
2019-04-26 04:00,8450
2019-04-26 04:05,8361
2019-04-26 04:10,8297
2019-04-26 04:15,8143
2019-04-26 04:20,8054
2019-04-26 04:25,7984
2019-04-26 04:30,7882
2019-04-26 04:35,7847
2019-04-26 04:40,7717
2019-04-26 04:45,7598
2019-04-26 04:50,7464
2019-04-26 04:55,7319
2019-04-26 05:00,7244
2019-04-26 05:05,7062
2019-04-26 05:10,6979
2019-04-26 05:15,6834
2019-04-26 05:20,6691
2019-04-26 05:25,6546
2019-04-26 05:30,6466
2019-04-26 05:35,6349
2019-04-26 05:40,6261
2019-04-26 05:45,6181
2019-04-26 05:50,6123
2019-04-26 05:55,6048
2019-04-26 06:00,5945
2019-04-26 06:05,5841
2019-04-26 06:10,5770
2019-04-26 06:15,5632
2019-04-26 06:20,5524
2019-04-26 06:25,5474
2019-04-26 06:30,5400
2019-04-26 06:35,5296
2019-04-26 06:40,5238
2019-04-26 06:45,5186
2019-04-26 06:50,5070
2019-04-26 06:55,5012
2019-04-26 07:00,4937
2019-04-26 07:05,4886
2019-04-26 07:10,4835
2019-04-26 07:15,4822
2019-04-26 07:20,4745
2019-04-26 07:25,4726
2019-04-26 07:30,4733
2019-04-26 07:35,4681
2019-04-26 07:40,4659
2019-04-26 07:45,4630
2019-04-26 07:50,4594
2019-04-26 07:55,4520
2019-04-26 08:00,4464
2019-04-26 08:05,4448
2019-04-26 08:10,4418
2019-04-26 08:15,4388
2019-04-26 08:20,4379
2019-04-26 08:25,4341
2019-04-26 08:30,4335
2019-04-26 08:35,4367
2019-04-26 08:40,4391
2019-04-26 08:45,4397
2019-04-26 08:50,4375
2019-04-26 08:55,4430
2019-04-26 09:00,4422
2019-04-26 09:05,4458
2019-04-26 09:10,4477
2019-04-26 09:15,4479
2019-04-26 09:20,4517
2019-04-26 09:25,4580
2019-04-26 09:30,4582
2019-04-26 09:35,4620
2019-04-26 09:40,4629
2019-04-26 09:45,4629
2019-04-26 09:50,4648
2019-04-26 09:55,4730
2019-04-26 10:00,4767
2019-04-26 10:05,4784
2019-04-26 10:10,4794
2019-04-26 10:15,4832
2019-04-26 10:20,4863
2019-04-26 10:25,4893
2019-04-26 10:30,4902
2019-04-26 10:35,4962
2019-04-26 10:40,4964
2019-04-26 10:45,4981
2019-04-26 10:50,5050
2019-04-26 10:55,5093
2019-04-26 11:00,5113
2019-04-26 11:05,5207
2019-04-26 11:10,5313
2019-04-26 11:15,5370
2019-04-26 11:20,5442
2019-04-26 11:25,5487
2019-04-26 11:30,5509
2019-04-26 11:35,5567
2019-04-26 11:40,5674
2019-04-26 11:45,5671
2019-04-26 11:50,5711
2019-04-26 11:55,5774
2019-04-26 12:00,5837
2019-04-26 12:05,5891
2019-04-26 12:10,5948
2019-04-26 12:15,6003
2019-04-26 12:20,6021
2019-04-26 12:25,6130
2019-04-26 12:30,6172
2019-04-26 12:35,6284
2019-04-26 12:40,6351
2019-04-26 12:45,6464
2019-04-26 12:50,6548
2019-04-26 12:55,6618
2019-04-26 13:00,6708
2019-04-26 13:05,6831
2019-04-26 13:10,6920
2019-04-26 13:15,7026
2019-04-26 13:20,7153
2019-04-26 13:25,7232
2019-04-26 13:30,7312
2019-04-26 13:35,7381
2019-04-26 13:40,7487
2019-04-26 13:45,7532
2019-04-26 13:50,7547
2019-04-26 13:55,7737
2019-04-26 14:00,7828
2019-04-26 14:05,7890
2019-04-26 14:10,7961
2019-04-26 14:15,8059
2019-04-26 14:20,8184
2019-04-26 14:25,8278
2019-04-26 14:30,8345
2019-04-26 14:35,8449
2019-04-26 14:40,8487
2019-04-26 14:45,8540
2019-04-26 14:50,8596
2019-04-26 14:55,8695
2019-04-26 15:00,8715
2019-04-26 15:05,8779
2019-04-26 15:10,8807
2019-04-26 15:15,8854
2019-04-26 15:20,8985
2019-04-26 15:25,9051
2019-04-26 15:30,9104
2019-04-26 15:35,9174
2019-04-26 15:40,9220
2019-04-26 15:45,9254
2019-04-26 15:50,9295
2019-04-26 15:55,9432
2019-04-26 16:00,9522
2019-04-26 16:05,9505
2019-04-26 16:10,9477
2019-04-26 16:15,9578
2019-04-26 16:20,9680
2019-04-26 16:25,9795
2019-04-26 16:30,9838
2019-04-26 16:35,9951
2019-04-26 16:40,9996
2019-04-26 16:45,10061
2019-04-26 16:50,10108
2019-04-26 16:55,10142
2019-04-26 17:00,10134
2019-04-26 17:05,10147
2019-04-26 17:10,10255
2019-04-26 17:15,10311
2019-04-26 17:20,10386
2019-04-26 17:25,10491
2019-04-26 17:30,10629
2019-04-26 17:35,10737
2019-04-26 17:40,10766
2019-04-26 17:45,10830
2019-04-26 17:50,10909
2019-04-26 17:55,11032
2019-04-26 18:00,11147
2019-04-26 18:05,11275
2019-04-26 18:10,11359
2019-04-26 18:15,11449
2019-04-26 18:20,11540
2019-04-26 18:25,11597
2019-04-26 18:30,11697
2019-04-26 18:35,11769
2019-04-26 18:40,11890
2019-04-26 18:45,11984
2019-04-26 18:50,12040
2019-04-26 18:55,12030
2019-04-26 19:00,12077
2019-04-26 19:05,12168
2019-04-26 19:10,12217
2019-04-26 19:15,12289
2019-04-26 19:20,12344
2019-04-26 19:25,12433
2019-04-26 19:30,12454
2019-04-26 19:35,12449
2019-04-26 19:40,12482
2019-04-26 19:45,12557
2019-04-26 19:50,12629
2019-04-26 19:55,12657
2019-04-26 20:00,12703
2019-04-26 20:05,12779
2019-04-26 20:10,12806
2019-04-26 20:15,12848
2019-04-26 20:20,12908
2019-04-26 20:25,12909
2019-04-26 20:30,12871
2019-04-26 20:35,12804
2019-04-26 20:40,12794
2019-04-26 20:45,12771
2019-04-26 20:50,12706
2019-04-26 20:55,12833
2019-04-26 21:00,12793
2019-04-26 21:05,12743
2019-04-26 21:10,12705
2019-04-26 21:15,12603
2019-04-26 21:20,12532
2019-04-26 21:25,12574
2019-04-26 21:30,12513
2019-04-26 21:35,12483
2019-04-26 21:40,12423
2019-04-26 21:45,12378
2019-04-26 21:50,12327
2019-04-26 21:55,12339
2019-04-26 22:00,12327
2019-04-26 22:05,12288
2019-04-26 22:10,12215
2019-04-26 22:15,12113
2019-04-26 22:20,12095
2019-04-26 22:25,12017
2019-04-26 22:30,11989
2019-04-26 22:35,11948
2019-04-26 22:40,11876
2019-04-26 22:45,11740
2019-04-26 22:50,11704
2019-04-26 22:55,11622
2019-04-26 23:00,11503
2019-04-26 23:05,11441
2019-04-26 23:10,11371
2019-04-26 23:15,11188
2019-04-26 23:20,11199
2019-04-26 23:25,11203
2019-04-26 23:30,11215
2019-04-26 23:35,11146
2019-04-26 23:40,11125
2019-04-26 23:45,11073
2019-04-26 23:50,11083
2019-04-26 23:55,11070
2019-04-27 00:00,11025
2019-04-27 00:05,10967
2019-04-27 00:10,10923
2019-04-27 00:15,10798
2019-04-27 00:20,10778
2019-04-27 00:25,10798
2019-04-27 00:30,10771
2019-04-27 00:35,10758
2019-04-27 00:40,10722
2019-04-27 00:45,10696
2019-04-27 00:50,10726
2019-04-27 00:55,10740
2019-04-27 01:00,10710
2019-04-27 01:05,10661
2019-04-27 01:10,10659
2019-04-27 01:15,10635
2019-04-27 01:20,10571
2019-04-27 01:25,10596
2019-04-27 01:30,10632
2019-04-27 01:35,10633
2019-04-27 01:40,10661
2019-04-27 01:45,10676
2019-04-27 01:50,10718
2019-04-27 01:55,10715
2019-04-27 02:00,10723
2019-04-27 02:05,10720
2019-04-27 02:10,10770
2019-04-27 02:15,10791
2019-04-27 02:20,10763
2019-04-27 02:25,10734
2019-04-27 02:30,10776
2019-04-27 02:35,10750
2019-04-27 02:40,10804
2019-04-27 02:45,10813
2019-04-27 02:50,10847
2019-04-27 02:55,10839
2019-04-27 03:00,10809
2019-04-27 03:05,10801
2019-04-27 03:10,10750
2019-04-27 03:15,10740
2019-04-27 03:20,10668
2019-04-27 03:25,10627
2019-04-27 03:30,10581
2019-04-27 03:35,10520
2019-04-27 03:40,10494
2019-04-27 03:45,10486
2019-04-27 03:50,10465
2019-04-27 03:55,10419
2019-04-27 04:00,10325
2019-04-27 04:05,10286
2019-04-27 04:10,10169
2019-04-27 04:15,10073
2019-04-27 04:20,9971
2019-04-27 04:25,9890
2019-04-27 04:30,9769
2019-04-27 04:35,9686
2019-04-27 04:40,9587
2019-04-27 04:45,9462
2019-04-27 04:50,9378
2019-04-27 04:55,9257
2019-04-27 05:00,9177
2019-04-27 05:05,9037
2019-04-27 05:10,8886
2019-04-27 05:15,
2019-04-27 05:20,8666
2019-04-27 05:25,8573
2019-04-27 05:30,8441
2019-04-27 05:35,8270
2019-04-27 05:40,8106
2019-04-27 05:45,7987
2019-04-27 05:50,7858
2019-04-27 05:55,7767
2019-04-27 06:00,7618
2019-04-27 06:05,7562
2019-04-27 06:10,7424
2019-04-27 06:15,7316
2019-04-27 06:20,7204
2019-04-27 06:25,7107
2019-04-27 06:30,6979
2019-04-27 06:35,6860
2019-04-27 06:40,6750
2019-04-27 06:45,6652
2019-04-27 06:50,6575
2019-04-27 06:55,6521
2019-04-27 07:00,6438
2019-04-27 07:05,6336
2019-04-27 07:10,6323
2019-04-27 07:15,6227
2019-04-27 07:20,6157
2019-04-27 07:25,6069
2019-04-27 07:30,5994
2019-04-27 07:35,5932
2019-04-27 07:40,5829
2019-04-27 07:45,5790
2019-04-27 07:50,5771
2019-04-27 07:55,5736
2019-04-27 08:00,5736
2019-04-27 08:05,5705
2019-04-27 08:10,5654
2019-04-27 08:15,5649
2019-04-27 08:20,5626
2019-04-27 08:25,5672
2019-04-27 08:30,5669
2019-04-27 08:35,5668
2019-04-27 08:40,5679
2019-04-27 08:45,5732
2019-04-27 08:50,5749
2019-04-27 08:55,5800
2019-04-27 09:00,5837
2019-04-27 09:05,5866
2019-04-27 09:10,5911
2019-04-27 09:15,5936
2019-04-27 09:20,5956
2019-04-27 09:25,5981
2019-04-27 09:30,5998
2019-04-27 09:35,6025
2019-04-27 09:40,6072
2019-04-27 09:45,6087
2019-04-27 09:50,6138
2019-04-27 09:55,6168
2019-04-27 10:00,6229
2019-04-27 10:05,6263
2019-04-27 10:10,6365
2019-04-27 10:15,6366
2019-04-27 10:20,6429
2019-04-27 10:25,6465
2019-04-27 10:30,6515
2019-04-27 10:35,6561
2019-04-27 10:40,6612
2019-04-27 10:45,6693
2019-04-27 10:50,6743
2019-04-27 10:55,6824
2019-04-27 11:00,6879
2019-04-27 11:05,6944
2019-04-27 11:10,6975
2019-04-27 11:15,7058
2019-04-27 11:20,7116
2019-04-27 11:25,7171
2019-04-27 11:30,7213
2019-04-27 11:35,7256
2019-04-27 11:40,7321
2019-04-27 11:45,7356
2019-04-27 11:50,7469
2019-04-27 11:55,7530
2019-04-27 12:00,7591
2019-04-27 12:05,7685
2019-04-27 12:10,7772
2019-04-27 12:15,7794
2019-04-27 12:20,7903
2019-04-27 12:25,7972
2019-04-27 12:30,8042
2019-04-27 12:35,8100
2019-04-27 12:40,8206
2019-04-27 12:45,8288
2019-04-27 12:50,8365
2019-04-27 12:55,8448
2019-04-27 13:00,8488
2019-04-27 13:05,8546
2019-04-27 13:10,8601
2019-04-27 13:15,8665
2019-04-27 13:20,8813
2019-04-27 13:25,8888
2019-04-27 13:30,8973
2019-04-27 13:35,9036
2019-04-27 13:40,9155
2019-04-27 13:45,9282
2019-04-27 13:50,9397
2019-04-27 13:55,9503
2019-04-27 14:00,9597
2019-04-27 14:05,9693
2019-04-27 14:10,9740
2019-04-27 14:15,9863
2019-04-27 14:20,9916
2019-04-27 14:25,10049
2019-04-27 14:30,10167
2019-04-27 14:35,10191
2019-04-27 14:40,10278
2019-04-27 14:45,10412
2019-04-27 14:50,10520
2019-04-27 14:55,10575
2019-04-27 15:00,10660
2019-04-27 15:05,10742
2019-04-27 15:10,10792
2019-04-27 15:15,10738
2019-04-27 15:20,10827
2019-04-27 15:25,10933
2019-04-27 15:30,11025
2019-04-27 15:35,11146
2019-04-27 15:40,11254
2019-04-27 15:45,11289
2019-04-27 15:50,11432
2019-04-27 15:55,11479
2019-04-27 16:00,11568
2019-04-27 16:05,11539
2019-04-27 16:10,11586
2019-04-27 16:15,11682
2019-04-27 16:20,11683
2019-04-27 16:25,11776
2019-04-27 16:30,11795
2019-04-27 16:35,11955
2019-04-27 16:40,12089
2019-04-27 16:45,12251
2019-04-27 16:50,12281
2019-04-27 16:55,12384
2019-04-27 17:00,12409
2019-04-27 17:05,12407
2019-04-27 17:10,12528
2019-04-27 17:15,12624
2019-04-27 17:20,12709
2019-04-27 17:25,12766
2019-04-27 17:30,12832
2019-04-27 17:35,12944
2019-04-27 17:40,12995
2019-04-27 17:45,12998
2019-04-27 17:50,12995
2019-04-27 17:55,13193
2019-04-27 18:00,13305
2019-04-27 18:05,13354
2019-04-27 18:10,13303
2019-04-27 18:15,13430
2019-04-27 18:20,13482
2019-04-27 18:25,13610
2019-04-27 18:30,13709
2019-04-27 18:35,13724
2019-04-27 18:40,13825
2019-04-27 18:45,13785
2019-04-27 18:50,13980
2019-04-27 18:55,14048
2019-04-27 19:00,14119
2019-04-27 19:05,14154
2019-04-27 19:10,14287
2019-04-27 19:15,14360
2019-04-27 19:20,14448
2019-04-27 19:25,14458
2019-04-27 19:30,14420
2019-04-27 19:35,14458
2019-04-27 19:40,14485
2019-04-27 19:45,14517
2019-04-27 19:50,14498
2019-04-27 19:55,14537
2019-04-27 20:00,14586
2019-04-27 20:05,14567
2019-04-27 20:10,14644
2019-04-27 20:15,14607
2019-04-27 20:20,14617
2019-04-27 20:25,14690
2019-04-27 20:30,14686
2019-04-27 20:35,14598
2019-04-27 20:40,14517
2019-04-27 20:45,14472
2019-04-27 20:50,14490
2019-04-27 20:55,14471
2019-04-27 21:00,14448
2019-04-27 21:05,14423
2019-04-27 21:10,14355
2019-04-27 21:15,14304
2019-04-27 21:20,14296
2019-04-27 21:25,14233
2019-04-27 21:30,14127
2019-04-27 21:35,14078
2019-04-27 21:40,13979
2019-04-27 21:45,13894
2019-04-27 21:50,13872
2019-04-27 21:55,13730
2019-04-27 22:00,13632
2019-04-27 22:05,13558
2019-04-27 22:10,13435
2019-04-27 22:15,13405
2019-04-27 22:20,13286
2019-04-27 22:25,13197
2019-04-27 22:30,13169
2019-04-27 22:35,13086
2019-04-27 22:40,13003
2019-04-27 22:45,12902
2019-04-27 22:50,12757
2019-04-27 22:55,12628
2019-04-27 23:00,12562
2019-04-27 23:05,12419
2019-04-27 23:10,12298
2019-04-27 23:15,12221
2019-04-27 23:20,12066
2019-04-27 23:25,11984
2019-04-27 23:30,11948
2019-04-27 23:35,11898
2019-04-27 23:40,11842
2019-04-27 23:45,11804
2019-04-27 23:50,11624
2019-04-27 23:55,11525
2019-04-28 00:00,11418
2019-04-28 00:05,11384
2019-04-28 00:10,11341
2019-04-28 00:15,11339
2019-04-28 00:20,11263
2019-04-28 00:25,11246
2019-04-28 00:30,11227
2019-04-28 00:35,11235
2019-04-28 00:40,11225
2019-04-28 00:45,11218
2019-04-28 00:50,11200
2019-04-28 00:55,11201
2019-04-28 01:00,11194
2019-04-28 01:05,11177
2019-04-28 01:10,11123
2019-04-28 01:15,11003
2019-04-28 01:20,11036
2019-04-28 01:25,10985
2019-04-28 01:30,11017
2019-04-28 01:35,11029
2019-04-28 01:40,10986
2019-04-28 01:45,10949
2019-04-28 01:50,10899
2019-04-28 01:55,10922
2019-04-28 02:00,10942
2019-04-28 02:05,10938
2019-04-28 02:10,10877
2019-04-28 02:15,10887
2019-04-28 02:20,10854
2019-04-28 02:25,10846
2019-04-28 02:30,10817
2019-04-28 02:35,10796
2019-04-28 02:40,10866
2019-04-28 02:45,10892
2019-04-28 02:50,10890
2019-04-28 02:55,10835
2019-04-28 03:00,10879
2019-04-28 03:05,10879
2019-04-28 03:10,10809
2019-04-28 03:15,10776
2019-04-28 03:20,10730
2019-04-28 03:25,10655
2019-04-28 03:30,10650
2019-04-28 03:35,10584
2019-04-28 03:40,10599
2019-04-28 03:45,10593
2019-04-28 03:50,10522
2019-04-28 03:55,10459
2019-04-28 04:00,10373
2019-04-28 04:05,10366
2019-04-28 04:10,10311
2019-04-28 04:15,10221
2019-04-28 04:20,10160
2019-04-28 04:25,10141
2019-04-28 04:30,10029
2019-04-28 04:35,9971
2019-04-28 04:40,9897
2019-04-28 04:45,9817
2019-04-28 04:50,9687
2019-04-28 04:55,9589
2019-04-28 05:00,9479
2019-04-28 05:05,9407
2019-04-28 05:10,9268
2019-04-28 05:15,9135
2019-04-28 05:20,8997
2019-04-28 05:25,8907
2019-04-28 05:30,8773
2019-04-28 05:35,8660
2019-04-28 05:40,8590
2019-04-28 05:45,8524
2019-04-28 05:50,8403
2019-04-28 05:55,8228
2019-04-28 06:00,8089
2019-04-28 06:05,8014
2019-04-28 06:10,7906
2019-04-28 06:15,7748
2019-04-28 06:20,7656
2019-04-28 06:25,7529
2019-04-28 06:30,7371
2019-04-28 06:35,7247
2019-04-28 06:40,7159
2019-04-28 06:45,7095
2019-04-28 06:50,6996
2019-04-28 06:55,6859
2019-04-28 07:00,6742
2019-04-28 07:05,6610
2019-04-28 07:10,6457
2019-04-28 07:15,6360
2019-04-28 07:20,6268
2019-04-28 07:25,6190
2019-04-28 07:30,6124
2019-04-28 07:35,6061
2019-04-28 07:40,5989
2019-04-28 07:45,5961
2019-04-28 07:50,5928
2019-04-28 07:55,5885
2019-04-28 08:00,5846
2019-04-28 08:05,5836
2019-04-28 08:10,5854
2019-04-28 08:15,5803
2019-04-28 08:20,5779
2019-04-28 08:25,5775
2019-04-28 08:30,5788
2019-04-28 08:35,5789
2019-04-28 08:40,5806
2019-04-28 08:45,5841
2019-04-28 08:50,5869
2019-04-28 08:55,5903
2019-04-28 09:00,5939
2019-04-28 09:05,6046
2019-04-28 09:10,6086
2019-04-28 09:15,6149
2019-04-28 09:20,6141
2019-04-28 09:25,6226
2019-04-28 09:30,6310
2019-04-28 09:35,6337
2019-04-28 09:40,6388
2019-04-28 09:45,6416
2019-04-28 09:50,6517
2019-04-28 09:55,6543
2019-04-28 10:00,6520
2019-04-28 10:05,6567
2019-04-28 10:10,6628
2019-04-28 10:15,6673
2019-04-28 10:20,6771
2019-04-28 10:25,6847
2019-04-28 10:30,6969
2019-04-28 10:35,7064
2019-04-28 10:40,7117
2019-04-28 10:45,7230
2019-04-28 10:50,7281
2019-04-28 10:55,7310
2019-04-28 11:00,7357
2019-04-28 11:05,7389
2019-04-28 11:10,7439
2019-04-28 11:15,7458
2019-04-28 11:20,7572
2019-04-28 11:25,7636
2019-04-28 11:30,7681
2019-04-28 11:35,7645
2019-04-28 11:40,7704
2019-04-28 11:45,7809
2019-04-28 11:50,7907
2019-04-28 11:55,7987
2019-04-28 12:00,8051
2019-04-28 12:05,8136
2019-04-28 12:10,8174
2019-04-28 12:15,8234
2019-04-28 12:20,8388
2019-04-28 12:25,8460
2019-04-28 12:30,8489
2019-04-28 12:35,8586
2019-04-28 12:40,8670
2019-04-28 12:45,8828
2019-04-28 12:50,8888
2019-04-28 12:55,9018
2019-04-28 13:00,9086
2019-04-28 13:05,9162
2019-04-28 13:10,9276
2019-04-28 13:15,9364
2019-04-28 13:20,9465
2019-04-28 13:25,9549
2019-04-28 13:30,9655
2019-04-28 13:35,9646
2019-04-28 13:40,9681
2019-04-28 13:45,9842
2019-04-28 13:50,9915
2019-04-28 13:55,10043
2019-04-28 14:00,10159
2019-04-28 14:05,10282
2019-04-28 14:10,10416
2019-04-28 14:15,10549
2019-04-28 14:20,10630
2019-04-28 14:25,10659
2019-04-28 14:30,10737
2019-04-28 14:35,10828
2019-04-28 14:40,10954
2019-04-28 14:45,11051
2019-04-28 14:50,11197
2019-04-28 14:55,11247
2019-04-28 15:00,11347
2019-04-28 15:05,11394
2019-04-28 15:10,11506
2019-04-28 15:15,11610
2019-04-28 15:20,11768
2019-04-28 15:25,11838
2019-04-28 15:30,11834
2019-04-28 15:35,11948
2019-04-28 15:40,12038
2019-04-28 15:45,12109
2019-04-28 15:50,12226
2019-04-28 15:55,12358
2019-04-28 16:00,12366
2019-04-28 16:05,12439
2019-04-28 16:10,12426
2019-04-28 16:15,12535
2019-04-28 16:20,12610
2019-04-28 16:25,12722
2019-04-28 16:30,12851
2019-04-28 16:35,12897
2019-04-28 16:40,12947
2019-04-28 16:45,13021
2019-04-28 16:50,13131
2019-04-28 16:55,13234
2019-04-28 17:00,13343
2019-04-28 17:05,13411
2019-04-28 17:10,13435
2019-04-28 17:15,13442
2019-04-28 17:20,13576
2019-04-28 17:25,13671
2019-04-28 17:30,13879
2019-04-28 17:35,
2019-04-28 17:40,14064
2019-04-28 17:45,14175
2019-04-28 17:50,14211
2019-04-28 17:55,14356
2019-04-28 18:00,14390
2019-04-28 18:05,14506
2019-04-28 18:10,14579
2019-04-28 18:15,14696
2019-04-28 18:20,14877
2019-04-28 18:25,14946
2019-04-28 18:30,14973
2019-04-28 18:35,15082
2019-04-28 18:40,15113
2019-04-28 18:45,15141
2019-04-28 18:50,15251
2019-04-28 18:55,15268
2019-04-28 19:00,15282
2019-04-28 19:05,15287
2019-04-28 19:10,15317
2019-04-28 19:15,15371
2019-04-28 19:20,15384
2019-04-28 19:25,15417
2019-04-28 19:30,15408
2019-04-28 19:35,15466
2019-04-28 19:40,15407
2019-04-28 19:45,15456
2019-04-28 19:50,15388
2019-04-28 19:55,15382
2019-04-28 20:00,15347
2019-04-28 20:05,15297
2019-04-28 20:10,15229
2019-04-28 20:15,15147
2019-04-28 20:20,15171
2019-04-28 20:25,15061
2019-04-28 20:30,15009
2019-04-28 20:35,14917
2019-04-28 20:40,14877
2019-04-28 20:45,14715
2019-04-28 20:50,14681
2019-04-28 20:55,14652
2019-04-28 21:00,14619
2019-04-28 21:05,14536
2019-04-28 21:10,14459
2019-04-28 21:15,14358
2019-04-28 21:20,14338
2019-04-28 21:25,14216
2019-04-28 21:30,14191
2019-04-28 21:35,14015
2019-04-28 21:40,13937
2019-04-28 21:45,13803
2019-04-28 21:50,13682
2019-04-28 21:55,13524
2019-04-28 22:00,13377
2019-04-28 22:05,13251
2019-04-28 22:10,13131
2019-04-28 22:15,13031
2019-04-28 22:20,12933
2019-04-28 22:25,12770
2019-04-28 22:30,12693
2019-04-28 22:35,12552
2019-04-28 22:40,12505
2019-04-28 22:45,12427
2019-04-28 22:50,12339
2019-04-28 22:55,12312
2019-04-28 23:00,12201
2019-04-28 23:05,12084
2019-04-28 23:10,11910
2019-04-28 23:15,11776
2019-04-28 23:20,11674
2019-04-28 23:25,11647
2019-04-28 23:30,11509
2019-04-28 23:35,11505
2019-04-28 23:40,11436
2019-04-28 23:45,11432
2019-04-28 23:50,11410
2019-04-28 23:55,11365
2019-04-29 00:00,11339
2019-04-29 00:05,11268
2019-04-29 00:10,11256
2019-04-29 00:15,11242
2019-04-29 00:20,11249
2019-04-29 00:25,11130
2019-04-29 00:30,11106
2019-04-29 00:35,10993
2019-04-29 00:40,10798
2019-04-29 00:45,10717
2019-04-29 00:50,10633
2019-04-29 00:55,10461
2019-04-29 01:00,10274
2019-04-29 01:05,10147
2019-04-29 01:10,10006
2019-04-29 01:15,9958
2019-04-29 01:20,9883
2019-04-29 01:25,9884
2019-04-29 01:30,9804
2019-04-29 01:35,9766
2019-04-29 01:40,9657
2019-04-29 01:45,9586
2019-04-29 01:50,9533
2019-04-29 01:55,9483
2019-04-29 02:00,9386
2019-04-29 02:05,9320
2019-04-29 02:10,9237
2019-04-29 02:15,9145
2019-04-29 02:20,9064
2019-04-29 02:25,9048
2019-04-29 02:30,9003
2019-04-29 02:35,8928
2019-04-29 02:40,8950
2019-04-29 02:45,8943
2019-04-29 02:50,8945
2019-04-29 02:55,8934
2019-04-29 03:00,8872
2019-04-29 03:05,8861
2019-04-29 03:10,8782
2019-04-29 03:15,8797
2019-04-29 03:20,8761
2019-04-29 03:25,8727
2019-04-29 03:30,8649
2019-04-29 03:35,8620
2019-04-29 03:40,8572
2019-04-29 03:45,8502
2019-04-29 03:50,8456
2019-04-29 03:55,8377
2019-04-29 04:00,8318
2019-04-29 04:05,8189
2019-04-29 04:10,8047
2019-04-29 04:15,7892
2019-04-29 04:20,7702
2019-04-29 04:25,7638
2019-04-29 04:30,7557
2019-04-29 04:35,7407
2019-04-29 04:40,7306
2019-04-29 04:45,7206
2019-04-29 04:50,7088
2019-04-29 04:55,7005
2019-04-29 05:00,6883
2019-04-29 05:05,6776
2019-04-29 05:10,6659
2019-04-29 05:15,6500
2019-04-29 05:20,6407
2019-04-29 05:25,6286
2019-04-29 05:30,6225
2019-04-29 05:35,6144
2019-04-29 05:40,6063
2019-04-29 05:45,5947
2019-04-29 05:50,5853
2019-04-29 05:55,5753
2019-04-29 06:00,5599
2019-04-29 06:05,5442
2019-04-29 06:10,5359
2019-04-29 06:15,5239
2019-04-29 06:20,5159
2019-04-29 06:25,5055
2019-04-29 06:30,4952
2019-04-29 06:35,4901
2019-04-29 06:40,4836
2019-04-29 06:45,4751
2019-04-29 06:50,4691
2019-04-29 06:55,4645
2019-04-29 07:00,4600
2019-04-29 07:05,4504
2019-04-29 07:10,4446
2019-04-29 07:15,4419
2019-04-29 07:20,4349
2019-04-29 07:25,4311
2019-04-29 07:30,4309
2019-04-29 07:35,4224
2019-04-29 07:40,4182
2019-04-29 07:45,4135
2019-04-29 07:50,4118
2019-04-29 07:55,4102
2019-04-29 08:00,4066
2019-04-29 08:05,4046
2019-04-29 08:10,4009
2019-04-29 08:15,4010
2019-04-29 08:20,3988
2019-04-29 08:25,4003
2019-04-29 08:30,3960
2019-04-29 08:35,3951
2019-04-29 08:40,3939
2019-04-29 08:45,3942
2019-04-29 08:50,3956
2019-04-29 08:55,3932
2019-04-29 09:00,3941
2019-04-29 09:05,3945
2019-04-29 09:10,3979
2019-04-29 09:15,3989
2019-04-29 09:20,3965
2019-04-29 09:25,4006
2019-04-29 09:30,4022
2019-04-29 09:35,4043
2019-04-29 09:40,4060
2019-04-29 09:45,4138
2019-04-29 09:50,4121
2019-04-29 09:55,4153
2019-04-29 10:00,4191
2019-04-29 10:05,4253
2019-04-29 10:10,4288
2019-04-29 10:15,4289
2019-04-29 10:20,4352
2019-04-29 10:25,4369
2019-04-29 10:30,4370
2019-04-29 10:35,4407
2019-04-29 10:40,4418
2019-04-29 10:45,4420
2019-04-29 10:50,4482
2019-04-29 10:55,4529
2019-04-29 11:00,4594
2019-04-29 11:05,4635
2019-04-29 11:10,4671
2019-04-29 11:15,4700
2019-04-29 11:20,4782
2019-04-29 11:25,4873
2019-04-29 11:30,4936
2019-04-29 11:35,5000
2019-04-29 11:40,5007
2019-04-29 11:45,5051
2019-04-29 11:50,5076
2019-04-29 11:55,5094
2019-04-29 12:00,5133
2019-04-29 12:05,5233
2019-04-29 12:10,5261
2019-04-29 12:15,5311
2019-04-29 12:20,5370
2019-04-29 12:25,5406
2019-04-29 12:30,5462
2019-04-29 12:35,5511
2019-04-29 12:40,5534
2019-04-29 12:45,5592
2019-04-29 12:50,5672
2019-04-29 12:55,5755
2019-04-29 13:00,5815
2019-04-29 13:05,5923
2019-04-29 13:10,5998
2019-04-29 13:15,6050
2019-04-29 13:20,6169
2019-04-29 13:25,6296
2019-04-29 13:30,6379
2019-04-29 13:35,6472
2019-04-29 13:40,6543
2019-04-29 13:45,6688
2019-04-29 13:50,6756
2019-04-29 13:55,6831
2019-04-29 14:00,6916
2019-04-29 14:05,6962
2019-04-29 14:10,7020
2019-04-29 14:15,7134
2019-04-29 14:20,7225
2019-04-29 14:25,7260
2019-04-29 14:30,7348
2019-04-29 14:35,7398
2019-04-29 14:40,7501
2019-04-29 14:45,7520
2019-04-29 14:50,7600
2019-04-29 14:55,7659
2019-04-29 15:00,7712
2019-04-29 15:05,7816
2019-04-29 15:10,7881
2019-04-29 15:15,7884
2019-04-29 15:20,7936
2019-04-29 15:25,7990
2019-04-29 15:30,8036
2019-04-29 15:35,8191
2019-04-29 15:40,8236
2019-04-29 15:45,8279
2019-04-29 15:50,8332
2019-04-29 15:55,8431
2019-04-29 16:00,8517
2019-04-29 16:05,8651
2019-04-29 16:10,8727
2019-04-29 16:15,8780
2019-04-29 16:20,8887
2019-04-29 16:25,8942
2019-04-29 16:30,8992
2019-04-29 16:35,9082
2019-04-29 16:40,9194
2019-04-29 16:45,9282
2019-04-29 16:50,9443
2019-04-29 16:55,9559
2019-04-29 17:00,9616
2019-04-29 17:05,9726
2019-04-29 17:10,9796
2019-04-29 17:15,9913
2019-04-29 17:20,9954
2019-04-29 17:25,10063
2019-04-29 17:30,10150
2019-04-29 17:35,10247
2019-04-29 17:40,10347
2019-04-29 17:45,10430
2019-04-29 17:50,10544
2019-04-29 17:55,10640
2019-04-29 18:00,10746
2019-04-29 18:05,10885
2019-04-29 18:10,10921
2019-04-29 18:15,10986
2019-04-29 18:20,11054
2019-04-29 18:25,11116
2019-04-29 18:30,11199
2019-04-29 18:35,11233
2019-04-29 18:40,11275
2019-04-29 18:45,11385
2019-04-29 18:50,11428
2019-04-29 18:55,11585
2019-04-29 19:00,11678
2019-04-29 19:05,11789
2019-04-29 19:10,11846
2019-04-29 19:15,11838
2019-04-29 19:20,11874
2019-04-29 19:25,11924
2019-04-29 19:30,11931
2019-04-29 19:35,12011
2019-04-29 19:40,12055
2019-04-29 19:45,12104
2019-04-29 19:50,12167
2019-04-29 19:55,12150
2019-04-29 20:00,12080
2019-04-29 20:05,12088
2019-04-29 20:10,12113
2019-04-29 20:15,12071
2019-04-29 20:20,12081
2019-04-29 20:25,12000
2019-04-29 20:30,11981
2019-04-29 20:35,11994
2019-04-29 20:40,11969
2019-04-29 20:45,11885
2019-04-29 20:50,11893
2019-04-29 20:55,11820
2019-04-29 21:00,11708
2019-04-29 21:05,11654
2019-04-29 21:10,11630
2019-04-29 21:15,11503
2019-04-29 21:20,11380
2019-04-29 21:25,11328
2019-04-29 21:30,11260
2019-04-29 21:35,11163
2019-04-29 21:40,11104
2019-04-29 21:45,11091
2019-04-29 21:50,11023
2019-04-29 21:55,10906
2019-04-29 22:00,10850
2019-04-29 22:05,10796
2019-04-29 22:10,10719
2019-04-29 22:15,10599
2019-04-29 22:20,10564
2019-04-29 22:25,10524
2019-04-29 22:30,10445
2019-04-29 22:35,10380
2019-04-29 22:40,10338
2019-04-29 22:45,10275
2019-04-29 22:50,10277
2019-04-29 22:55,10249
2019-04-29 23:00,10234
2019-04-29 23:05,10196
2019-04-29 23:10,10255
2019-04-29 23:15,10256
2019-04-29 23:20,10237
2019-04-29 23:25,10249
2019-04-29 23:30,10284
2019-04-29 23:35,10325
2019-04-29 23:40,10401
2019-04-29 23:45,10417
2019-04-29 23:50,10432
2019-04-29 23:55,10454
2019-04-30 00:00,10441
2019-04-30 00:05,10456
2019-04-30 00:10,10459
2019-04-30 00:15,10416
2019-04-30 00:20,10341
2019-04-30 00:25,10438
2019-04-30 00:30,10448
2019-04-30 00:35,10445
2019-04-30 00:40,10422
2019-04-30 00:45,10468
2019-04-30 00:50,10492
2019-04-30 00:55,10521
2019-04-30 01:00,10517
2019-04-30 01:05,10538
2019-04-30 01:10,10451
2019-04-30 01:15,10476
2019-04-30 01:20,10459
2019-04-30 01:25,10526
2019-04-30 01:30,10570
2019-04-30 01:35,10600
2019-04-30 01:40,10594
2019-04-30 01:45,10504
2019-04-30 01:50,10530
2019-04-30 01:55,10544
2019-04-30 02:00,10515
2019-04-30 02:05,10501
2019-04-30 02:10,10452
2019-04-30 02:15,10410
2019-04-30 02:20,10383
2019-04-30 02:25,10342
2019-04-30 02:30,10255
2019-04-30 02:35,10211
2019-04-30 02:40,10224
2019-04-30 02:45,10069
2019-04-30 02:50,9960
2019-04-30 02:55,9903
2019-04-30 03:00,9896
2019-04-30 03:05,9822
2019-04-30 03:10,9703
2019-04-30 03:15,9540
2019-04-30 03:20,9174
2019-04-30 03:25,9125
2019-04-30 03:30,9091
2019-04-30 03:35,9001
2019-04-30 03:40,8901
2019-04-30 03:45,8808
2019-04-30 03:50,8732
2019-04-30 03:55,8590
2019-04-30 04:00,8497
2019-04-30 04:05,8377
2019-04-30 04:10,8223
2019-04-30 04:15,8166
2019-04-30 04:20,8052
2019-04-30 04:25,7877
2019-04-30 04:30,7783
2019-04-30 04:35,7672
2019-04-30 04:40,7579
2019-04-30 04:45,7444
2019-04-30 04:50,7344
2019-04-30 04:55,7218
2019-04-30 05:00,7074
2019-04-30 05:05,6975
2019-04-30 05:10,6866
2019-04-30 05:15,6735
2019-04-30 05:20,6643
2019-04-30 05:25,6508
2019-04-30 05:30,6417
2019-04-30 05:35,6337
2019-04-30 05:40,6157
2019-04-30 05:45,5992
2019-04-30 05:50,5925
2019-04-30 05:55,5808
2019-04-30 06:00,5699
2019-04-30 06:05,5615
2019-04-30 06:10,5513
2019-04-30 06:15,5423
2019-04-30 06:20,5346
2019-04-30 06:25,5223
2019-04-30 06:30,5161
2019-04-30 06:35,5046
2019-04-30 06:40,5017
2019-04-30 06:45,4934
2019-04-30 06:50,4814
2019-04-30 06:55,4743
2019-04-30 07:00,4667
2019-04-30 07:05,4607
2019-04-30 07:10,4514
2019-04-30 07:15,4418
2019-04-30 07:20,4374
2019-04-30 07:25,4312
2019-04-30 07:30,4321
2019-04-30 07:35,4299
2019-04-30 07:40,4263
2019-04-30 07:45,4241
2019-04-30 07:50,4229
2019-04-30 07:55,4208
2019-04-30 08:00,4149
2019-04-30 08:05,4143
2019-04-30 08:10,4148
2019-04-30 08:15,4172
2019-04-30 08:20,4141
2019-04-30 08:25,4134
2019-04-30 08:30,4161
2019-04-30 08:35,4194
2019-04-30 08:40,4205
2019-04-30 08:45,4238
2019-04-30 08:50,4248
2019-04-30 08:55,4269
2019-04-30 09:00,4285
2019-04-30 09:05,4302
2019-04-30 09:10,4312
2019-04-30 09:15,4317
2019-04-30 09:20,4346
2019-04-30 09:25,4359
2019-04-30 09:30,4375
2019-04-30 09:35,4334
2019-04-30 09:40,4332
2019-04-30 09:45,4338
2019-04-30 09:50,4332
2019-04-30 09:55,4323
2019-04-30 10:00,4326
2019-04-30 10:05,4241
2019-04-30 10:10,4168
2019-04-30 10:15,4198
2019-04-30 10:20,4111
2019-04-30 10:25,4066
2019-04-30 10:30,4053
2019-04-30 10:35,3564
2019-04-30 10:40,2999
2019-04-30 10:45,2462
2019-04-30 10:50,2003
2019-04-30 10:55,1661
2019-04-30 11:00,1529
2019-04-30 11:05,1333
2019-04-30 11:10,1330
2019-04-30 11:15,1317
2019-04-30 11:20,1337
2019-04-30 11:25,1320
2019-04-30 11:30,1303
2019-04-30 11:35,1343
2019-04-30 11:40,1374
2019-04-30 11:45,1329
2019-04-30 11:50,1213
2019-04-30 11:55,1201
2019-04-30 12:00,1219
2019-04-30 12:05,1249
2019-04-30 12:10,1359
2019-04-30 12:15,1350
2019-04-30 12:20,1397
2019-04-30 12:25,1435
2019-04-30 12:30,1419
2019-04-30 12:35,1454
2019-04-30 12:40,1453
2019-04-30 12:45,1470
2019-04-30 12:50,1484
2019-04-30 12:55,1542
2019-04-30 13:00,1566
2019-04-30 13:05,1614
2019-04-30 13:10,2130
2019-04-30 13:15,2955
2019-04-30 13:20,3789
2019-04-30 13:25,4485
2019-04-30 13:30,5062
2019-04-30 13:35,5638
2019-04-30 13:40,6083
2019-04-30 13:45,6472
2019-04-30 13:50,6910
2019-04-30 13:55,7276
2019-04-30 14:00,7615
2019-04-30 14:05,7909
2019-04-30 14:10,8180
2019-04-30 14:15,8453
2019-04-30 14:20,8649
2019-04-30 14:25,8838
2019-04-30 14:30,8946
2019-04-30 14:35,9119
2019-04-30 14:40,9230
2019-04-30 14:45,9334
2019-04-30 14:50,9528
2019-04-30 14:55,9560
2019-04-30 15:00,9699
2019-04-30 15:05,9775
2019-04-30 15:10,9794
2019-04-30 15:15,9930
2019-04-30 15:20,10007
2019-04-30 15:25,10119
2019-04-30 15:30,10249
2019-04-30 15:35,10247
2019-04-30 15:40,10359
2019-04-30 15:45,10399
2019-04-30 15:50,10442
2019-04-30 15:55,10491
2019-04-30 16:00,10610
2019-04-30 16:05,10621
2019-04-30 16:10,10737
2019-04-30 16:15,10870
2019-04-30 16:20,11017
2019-04-30 16:25,11031
2019-04-30 16:30,11150
2019-04-30 16:35,11239
2019-04-30 16:40,11297
2019-04-30 16:45,11372
2019-04-30 16:50,11453
2019-04-30 16:55,11582
2019-04-30 17:00,11724
2019-04-30 17:05,11806
2019-04-30 17:10,11897
2019-04-30 17:15,11985
2019-04-30 17:20,12020
2019-04-30 17:25,12113
2019-04-30 17:30,12231
2019-04-30 17:35,12316
2019-04-30 17:40,12382
2019-04-30 17:45,12419
2019-04-30 17:50,12546
2019-04-30 17:55,12680
2019-04-30 18:00,12712
2019-04-30 18:05,12840
2019-04-30 18:10,11863
2019-04-30 18:15,9684
2019-04-30 18:20,7487
2019-04-30 18:25,5471
2019-04-30 18:30,4254
2019-04-30 18:35,3747
2019-04-30 18:40,3503
2019-04-30 18:45,3341
2019-04-30 18:50,3170
2019-04-30 18:55,3544
2019-04-30 19:00,4326
2019-04-30 19:05,4810
2019-04-30 19:10,4653
2019-04-30 19:15,5378
2019-04-30 19:20,5461
2019-04-30 19:25,5107
2019-04-30 19:30,5444
2019-04-30 19:35,5800
2019-04-30 19:40,5784
2019-04-30 19:45,5806
2019-04-30 19:50,5818
2019-04-30 19:55,5775
2019-04-30 20:00,5771
2019-04-30 20:05,5674
2019-04-30 20:10,5533
2019-04-30 20:15,5422
2019-04-30 20:20,5310
2019-04-30 20:25,5228
2019-04-30 20:30,5231
2019-04-30 20:35,5276
2019-04-30 20:40,3891
2019-04-30 20:45,4312
2019-04-30 20:50,5321
2019-04-30 20:55,6533
2019-04-30 21:00,7720
2019-04-30 21:05,8808
2019-04-30 21:10,9747
2019-04-30 21:15,10546
2019-04-30 21:20,11341
2019-04-30 21:25,11853
2019-04-30 21:30,12357
2019-04-30 21:35,12834
2019-04-30 21:40,13268
2019-04-30 21:45,13290
2019-04-30 21:50,11062
2019-04-30 21:55,9182
2019-04-30 22:00,8418
2019-04-30 22:05,8865
2019-04-30 22:10,
2019-04-30 22:15,10322
2019-04-30 22:20,
2019-04-30 22:25,
2019-04-30 22:30,11465
2019-04-30 22:35,11823
2019-04-30 22:40,12088
2019-04-30 22:45,12391
2019-04-30 22:50,12718
2019-04-30 22:55,12942
2019-04-30 23:00,13086
2019-04-30 23:05,13244
2019-04-30 23:10,13308
2019-04-30 23:15,13182
2019-04-30 23:20,11441
2019-04-30 23:25,11229
2019-04-30 23:30,10670
2019-04-30 23:35,10635
2019-04-30 23:40,10857
2019-04-30 23:45,11229
2019-04-30 23:50,11376
2019-04-30 23:55,11603
2019-05-01 00:00,11837
2019-05-01 00:05,11997
2019-05-01 00:10,12181
2019-05-01 00:15,12256
2019-05-01 00:20,12339
2019-05-01 00:25,12502
2019-05-01 00:30,12600
2019-05-01 00:35,12292
2019-05-01 00:40,11127
2019-05-01 00:45,11253
2019-05-01 00:50,10248
2019-05-01 00:55,10019
2019-05-01 01:00,9675
2019-05-01 01:05,9569
2019-05-01 01:10,9818
2019-05-01 01:15,9996
2019-05-01 01:20,10330
2019-05-01 01:25,10622
2019-05-01 01:30,10883
2019-05-01 01:35,11087
2019-05-01 01:40,11165
2019-05-01 01:45,9956
2019-05-01 01:50,9960
2019-05-01 01:55,9244
2019-05-01 02:00,9453
2019-05-01 02:05,9406
2019-05-01 02:10,9516
2019-05-01 02:15,9871
2019-05-01 02:20,10168
2019-05-01 02:25,10348
2019-05-01 02:30,10568
2019-05-01 02:35,10787
2019-05-01 02:40,10958
2019-05-01 02:45,11059
2019-05-01 02:50,10334
2019-05-01 02:55,9182
2019-05-01 03:00,9400
2019-05-01 03:05,8653
2019-05-01 03:10,8547
2019-05-01 03:15,8337
2019-05-01 03:20,8560
2019-05-01 03:25,8813
2019-05-01 03:30,9070
2019-05-01 03:35,9230
2019-05-01 03:40,9375
2019-05-01 03:45,9458
2019-05-01 03:50,9573
2019-05-01 03:55,9658
2019-05-01 04:00,9695
2019-05-01 04:05,9652
2019-05-01 04:10,9670
2019-05-01 04:15,9706
2019-05-01 04:20,9709
2019-05-01 04:25,9682
2019-05-01 04:30,9636
2019-05-01 04:35,9596
2019-05-01 04:40,9563
2019-05-01 04:45,9445
2019-05-01 04:50,9430
2019-05-01 04:55,9292
2019-05-01 05:00,9199
2019-05-01 05:05,9101
2019-05-01 05:10,8989
2019-05-01 05:15,8867
2019-05-01 05:20,8790
2019-05-01 05:25,8634
2019-05-01 05:30,8488
2019-05-01 05:35,8180
2019-05-01 05:40,7937
2019-05-01 05:45,7707
2019-05-01 05:50,7443
2019-05-01 05:55,7254
2019-05-01 06:00,7060
2019-05-01 06:05,6862
2019-05-01 06:10,6701
2019-05-01 06:15,6512
2019-05-01 06:20,6310
2019-05-01 06:25,6124
2019-05-01 06:30,5849
2019-05-01 06:35,4578
2019-05-01 06:40,3695
2019-05-01 06:45,2824
2019-05-01 06:50,2048
2019-05-01 06:55,1686
2019-05-01 07:00,1501
2019-05-01 07:05,1365
2019-05-01 07:10,1284
2019-05-01 07:15,1249
2019-05-01 07:20,1313
2019-05-01 07:25,1635
2019-05-01 07:30,2057
2019-05-01 07:35,2480
2019-05-01 07:40,2807
2019-05-01 07:45,3149
2019-05-01 07:50,3461
2019-05-01 07:55,3740
2019-05-01 08:00,4045
2019-05-01 08:05,4288
2019-05-01 08:10,4501
2019-05-01 08:15,4730
2019-05-01 08:20,4893
2019-05-01 08:25,5080
2019-05-01 08:30,5237
2019-05-01 08:35,5399
2019-05-01 08:40,5561
2019-05-01 08:45,5687
2019-05-01 08:50,5864
2019-05-01 08:55,5945
2019-05-01 09:00,6067
2019-05-01 09:05,6196
2019-05-01 09:10,6300
2019-05-01 09:15,6309
2019-05-01 09:20,6406
2019-05-01 09:25,6467
2019-05-01 09:30,6528
2019-05-01 09:35,6592
2019-05-01 09:40,6631
2019-05-01 09:45,6716
2019-05-01 09:50,6796
2019-05-01 09:55,6864
2019-05-01 10:00,6946
2019-05-01 10:05,7082
2019-05-01 10:10,7123
2019-05-01 10:15,7218
2019-05-01 10:20,7307
2019-05-01 10:25,7330
2019-05-01 10:30,7418
2019-05-01 10:35,7536
2019-05-01 10:40,7629
2019-05-01 10:45,7693
2019-05-01 10:50,7684
2019-05-01 10:55,7701
2019-05-01 11:00,7788
2019-05-01 11:05,7855
2019-05-01 11:10,7928
2019-05-01 11:15,8017
2019-05-01 11:20,8027
2019-05-01 11:25,8066
2019-05-01 11:30,8160
2019-05-01 11:35,8269
2019-05-01 11:40,8369
2019-05-01 11:45,8399
2019-05-01 11:50,8480
2019-05-01 11:55,8533
2019-05-01 12:00,8590
2019-05-01 12:05,8642
2019-05-01 12:10,8729
2019-05-01 12:15,8783
2019-05-01 12:20,8864
2019-05-01 12:25,8926
2019-05-01 12:30,8989
2019-05-01 12:35,9071
2019-05-01 12:40,9109
2019-05-01 12:45,9128
2019-05-01 12:50,9218
2019-05-01 12:55,9256
2019-05-01 13:00,9325
2019-05-01 13:05,9416
2019-05-01 13:10,9428
2019-05-01 13:15,9496
2019-05-01 13:20,9546
2019-05-01 13:25,9718
2019-05-01 13:30,9911
2019-05-01 13:35,10047
2019-05-01 13:40,10151
2019-05-01 13:45,10281
2019-05-01 13:50,10322
2019-05-01 13:55,10395
2019-05-01 14:00,10487
2019-05-01 14:05,10586
2019-05-01 14:10,10681
2019-05-01 14:15,10819
2019-05-01 14:20,10884
2019-05-01 14:25,10948
2019-05-01 14:30,10977
2019-05-01 14:35,11051
2019-05-01 14:40,11078
2019-05-01 14:45,11155
2019-05-01 14:50,11162
2019-05-01 14:55,11237
2019-05-01 15:00,11250
2019-05-01 15:05,11363
2019-05-01 15:10,11448
2019-05-01 15:15,11516
2019-05-01 15:20,11556
2019-05-01 15:25,11619
2019-05-01 15:30,11590
2019-05-01 15:35,11655
2019-05-01 15:40,11581
2019-05-01 15:45,11673
2019-05-01 15:50,11769
2019-05-01 15:55,11861
2019-05-01 16:00,11973
2019-05-01 16:05,11957
2019-05-01 16:10,11882
2019-05-01 16:15,9645
2019-05-01 16:20,7303
2019-05-01 16:25,5749
2019-05-01 16:30,4739
2019-05-01 16:35,4065
2019-05-01 16:40,3760
2019-05-01 16:45,4143
2019-05-01 16:50,5138
2019-05-01 16:55,6042
2019-05-01 17:00,7021
2019-05-01 17:05,8026
2019-05-01 17:10,8848
2019-05-01 17:15,9523
2019-05-01 17:20,10121
2019-05-01 17:25,10770
2019-05-01 17:30,11271
2019-05-01 17:35,11723
2019-05-01 17:40,12173
2019-05-01 17:45,12538
2019-05-01 17:50,12808
2019-05-01 17:55,13137
2019-05-01 18:00,13521
2019-05-01 18:05,13726
2019-05-01 18:10,13932
2019-05-01 18:15,14058
2019-05-01 18:20,14221
2019-05-01 18:25,14435
2019-05-01 18:30,14520
2019-05-01 18:35,14608
2019-05-01 18:40,14699
2019-05-01 18:45,14795
2019-05-01 18:50,14827
2019-05-01 18:55,14879
2019-05-01 19:00,14959
2019-05-01 19:05,14879
2019-05-01 19:10,14847
2019-05-01 19:15,14617
2019-05-01 19:20,13755
2019-05-01 19:25,12049
2019-05-01 19:30,10291
2019-05-01 19:35,9136
2019-05-01 19:40,9219
2019-05-01 19:45,8637
2019-05-01 19:50,8278
2019-05-01 19:55,8147
2019-05-01 20:00,8164
2019-05-01 20:05,9129
2019-05-01 20:10,9911
2019-05-01 20:15,10029
2019-05-01 20:20,10416
2019-05-01 20:25,10842
2019-05-01 20:30,11266
2019-05-01 20:35,11713
2019-05-01 20:40,12063
2019-05-01 20:45,12411
2019-05-01 20:50,12647
2019-05-01 20:55,12905
2019-05-01 21:00,13066
2019-05-01 21:05,13302
2019-05-01 21:10,13475
2019-05-01 21:15,13564
2019-05-01 21:20,13679
2019-05-01 21:25,13794
2019-05-01 21:30,13909
2019-05-01 21:35,13515
2019-05-01 21:40,12595
2019-05-01 21:45,11540
2019-05-01 21:50,9526
2019-05-01 21:55,8041
2019-05-01 22:00,8613
2019-05-01 22:05,9097
2019-05-01 22:10,9397
2019-05-01 22:15,9735
2019-05-01 22:20,10075
2019-05-01 22:25,10357
2019-05-01 22:30,10641
2019-05-01 22:35,10875
2019-05-01 22:40,11060
2019-05-01 22:45,11255
2019-05-01 22:50,11469
2019-05-01 22:55,11566
2019-05-01 23:00,11694
2019-05-01 23:05,11754
2019-05-01 23:10,11844
2019-05-01 23:15,11805
2019-05-01 23:20,11799
2019-05-01 23:25,11472
2019-05-01 23:30,10866
2019-05-01 23:35,10125
2019-05-01 23:40,9521
2019-05-01 23:45,8205
2019-05-01 23:50,8460
2019-05-01 23:55,8749
2019-05-02 00:00,9108
2019-05-02 00:05,9458
2019-05-02 00:10,9779
2019-05-02 00:15,9977
2019-05-02 00:20,10293
2019-05-02 00:25,10531
2019-05-02 00:30,10696
2019-05-02 00:35,10809
2019-05-02 00:40,10997
2019-05-02 00:45,11085
2019-05-02 00:50,11263
2019-05-02 00:55,11358
2019-05-02 01:00,11418
2019-05-02 01:05,11236
2019-05-02 01:10,10709
2019-05-02 01:15,9998
2019-05-02 01:20,9449
2019-05-02 01:25,9026
2019-05-02 01:30,8777
2019-05-02 01:35,8586
2019-05-02 01:40,8526
2019-05-02 01:45,8655
2019-05-02 01:50,8958
2019-05-02 01:55,9290
2019-05-02 02:00,9518
2019-05-02 02:05,9728
2019-05-02 02:10,9943
2019-05-02 02:15,10151
2019-05-02 02:20,10317
2019-05-02 02:25,10461
2019-05-02 02:30,10588
2019-05-02 02:35,10622
2019-05-02 02:40,10681
2019-05-02 02:45,10750
2019-05-02 02:50,10755
2019-05-02 02:55,10740
2019-05-02 03:00,10744
2019-05-02 03:05,10677
2019-05-02 03:10,10626
2019-05-02 03:15,10578
2019-05-02 03:20,10494
2019-05-02 03:25,10404
2019-05-02 03:30,10325
2019-05-02 03:35,10208
2019-05-02 03:40,10108
2019-05-02 03:45,10069
2019-05-02 03:50,9969
2019-05-02 03:55,9888
2019-05-02 04:00,9746
2019-05-02 04:05,9541
2019-05-02 04:10,9447
2019-05-02 04:15,9351
2019-05-02 04:20,9220
2019-05-02 04:25,9036
2019-05-02 04:30,8934
2019-05-02 04:35,8772
2019-05-02 04:40,8652
2019-05-02 04:45,8518
2019-05-02 04:50,8360
2019-05-02 04:55,8254
2019-05-02 05:00,8100
2019-05-02 05:05,8029
2019-05-02 05:10,7849
2019-05-02 05:15,7675
2019-05-02 05:20,7569
2019-05-02 05:25,7446
2019-05-02 05:30,7262
2019-05-02 05:35,7012
2019-05-02 05:40,6745
2019-05-02 05:45,6576
2019-05-02 05:50,6382
2019-05-02 05:55,6248
2019-05-02 06:00,6095
2019-05-02 06:05,5914
2019-05-02 06:10,5788
2019-05-02 06:15,5610
2019-05-02 06:20,5434
2019-05-02 06:25,5271
2019-05-02 06:30,5156
2019-05-02 06:35,4109
2019-05-02 06:40,3368
2019-05-02 06:45,2594
2019-05-02 06:50,1998
2019-05-02 06:55,1595
2019-05-02 07:00,1458
2019-05-02 07:05,1342
2019-05-02 07:10,1279
2019-05-02 07:15,1227
2019-05-02 07:20,1205
2019-05-02 07:25,1159
2019-05-02 07:30,1164
2019-05-02 07:35,1170
2019-05-02 07:40,1193
2019-05-02 07:45,1580
2019-05-02 07:50,1901
2019-05-02 07:55,2248
2019-05-02 08:00,2579
2019-05-02 08:05,2819
2019-05-02 08:10,3086
2019-05-02 08:15,3300
2019-05-02 08:20,3519
2019-05-02 08:25,3693
2019-05-02 08:30,3832
2019-05-02 08:35,3972
2019-05-02 08:40,4122
2019-05-02 08:45,4261
2019-05-02 08:50,4387
2019-05-02 08:55,4545
2019-05-02 09:00,4636
2019-05-02 09:05,4766
2019-05-02 09:10,4883
2019-05-02 09:15,4944
2019-05-02 09:20,4995
2019-05-02 09:25,5058
2019-05-02 09:30,5142
2019-05-02 09:35,5219
2019-05-02 09:40,5249
2019-05-02 09:45,5301
2019-05-02 09:50,5333
2019-05-02 09:55,5373
2019-05-02 10:00,5418
2019-05-02 10:05,5425
2019-05-02 10:10,5456
2019-05-02 10:15,5474
2019-05-02 10:20,5452
2019-05-02 10:25,5546
2019-05-02 10:30,5604
2019-05-02 10:35,5629
2019-05-02 10:40,5652
2019-05-02 10:45,5727
2019-05-02 10:50,5790
2019-05-02 10:55,5812
2019-05-02 11:00,5817
2019-05-02 11:05,5888
2019-05-02 11:10,5893
2019-05-02 11:15,5951
2019-05-02 11:20,6021
2019-05-02 11:25,6091
2019-05-02 11:30,6108
2019-05-02 11:35,6158
2019-05-02 11:40,6216
2019-05-02 11:45,6242
2019-05-02 11:50,6272
2019-05-02 11:55,6308
2019-05-02 12:00,6360
2019-05-02 12:05,6359
2019-05-02 12:10,6369
2019-05-02 12:15,6372
2019-05-02 12:20,6441
2019-05-02 12:25,6512
2019-05-02 12:30,6612
2019-05-02 12:35,6746
2019-05-02 12:40,6785
2019-05-02 12:45,6869
2019-05-02 12:50,6995
2019-05-02 12:55,7062
2019-05-02 13:00,7171
2019-05-02 13:05,7241
2019-05-02 13:10,7409
2019-05-02 13:15,7457
2019-05-02 13:20,7565
2019-05-02 13:25,7629
2019-05-02 13:30,7710
2019-05-02 13:35,7787
2019-05-02 13:40,7838
2019-05-02 13:45,7955
2019-05-02 13:50,8056
2019-05-02 13:55,8145
2019-05-02 14:00,8241
2019-05-02 14:05,8378
2019-05-02 14:10,8439
2019-05-02 14:15,8508
2019-05-02 14:20,8587
2019-05-02 14:25,8674
2019-05-02 14:30,8793
2019-05-02 14:35,8890
2019-05-02 14:40,8975
2019-05-02 14:45,9067
2019-05-02 14:50,9109
2019-05-02 14:55,9185
2019-05-02 15:00,9275
2019-05-02 15:05,9343
2019-05-02 15:10,9423
2019-05-02 15:15,9378
2019-05-02 15:20,9413
2019-05-02 15:25,9414
2019-05-02 15:30,9445
2019-05-02 15:35,9497
2019-05-02 15:40,9580
2019-05-02 15:45,9616
2019-05-02 15:50,9694
2019-05-02 15:55,9770
2019-05-02 16:00,9819
2019-05-02 16:05,9929
2019-05-02 16:10,10024
2019-05-02 16:15,10117
2019-05-02 16:20,10156
2019-05-02 16:25,10245
2019-05-02 16:30,10369
2019-05-02 16:35,10511
2019-05-02 16:40,10603
2019-05-02 16:45,10712
2019-05-02 16:50,10833
2019-05-02 16:55,10939
2019-05-02 17:00,11045
2019-05-02 17:05,11169
2019-05-02 17:10,11237
2019-05-02 17:15,11357
2019-05-02 17:20,11457
2019-05-02 17:25,11629
2019-05-02 17:30,11674
2019-05-02 17:35,11722
2019-05-02 17:40,11801
2019-05-02 17:45,
2019-05-02 17:50,12013
2019-05-02 17:55,12093
2019-05-02 18:00,12101
2019-05-02 18:05,12252
2019-05-02 18:10,12342
2019-05-02 18:15,12474
2019-05-02 18:20,12536
2019-05-02 18:25,12641
2019-05-02 18:30,12749
2019-05-02 18:35,12837
2019-05-02 18:40,12983
2019-05-02 18:45,13087
2019-05-02 18:50,13182
2019-05-02 18:55,13258
2019-05-02 19:00,13360
2019-05-02 19:05,13416
2019-05-02 19:10,13500
2019-05-02 19:15,13551
2019-05-02 19:20,13559
2019-05-02 19:25,13567
2019-05-02 19:30,13607
2019-05-02 19:35,13605
2019-05-02 19:40,13639
2019-05-02 19:45,13672
2019-05-02 19:50,13648
2019-05-02 19:55,13658
2019-05-02 20:00,13671
2019-05-02 20:05,13614
2019-05-02 20:10,13626
2019-05-02 20:15,13598
2019-05-02 20:20,13564
2019-05-02 20:25,13532
2019-05-02 20:30,13434
2019-05-02 20:35,13399
2019-05-02 20:40,13289
2019-05-02 20:45,13221
2019-05-02 20:50,13149
2019-05-02 20:55,13026
2019-05-02 21:00,12962
2019-05-02 21:05,12888
2019-05-02 21:10,12883
2019-05-02 21:15,12806
2019-05-02 21:20,12804
2019-05-02 21:25,12740
2019-05-02 21:30,12586
2019-05-02 21:35,12480
2019-05-02 21:40,12367
2019-05-02 21:45,12295
2019-05-02 21:50,12225
2019-05-02 21:55,12137
2019-05-02 22:00,12009
2019-05-02 22:05,11849
2019-05-02 22:10,11756
2019-05-02 22:15,11709
2019-05-02 22:20,11641
2019-05-02 22:25,11634
2019-05-02 22:30,11675
2019-05-02 22:35,11581
2019-05-02 22:40,11581
2019-05-02 22:45,11551
2019-05-02 22:50,11504
2019-05-02 22:55,11457
2019-05-02 23:00,11418
2019-05-02 23:05,11331
2019-05-02 23:10,11199
2019-05-02 23:15,11226
2019-05-02 23:20,11185
2019-05-02 23:25,11135
2019-05-02 23:30,11041
2019-05-02 23:35,11083
2019-05-02 23:40,11162
2019-05-02 23:45,11144
2019-05-02 23:50,11161
2019-05-02 23:55,11132
2019-05-03 00:00,11175
2019-05-03 00:05,11208
2019-05-03 00:10,11186
2019-05-03 00:15,11194
2019-05-03 00:20,11151
2019-05-03 00:25,11124
2019-05-03 00:30,11177
2019-05-03 00:35,11188
2019-05-03 00:40,11180
2019-05-03 00:45,11168
2019-05-03 00:50,11186
2019-05-03 00:55,11151
2019-05-03 01:00,11148
2019-05-03 01:05,11176
2019-05-03 01:10,11206
2019-05-03 01:15,11192
2019-05-03 01:20,11227
2019-05-03 01:25,11259
2019-05-03 01:30,11289
2019-05-03 01:35,11310
2019-05-03 01:40,11338
2019-05-03 01:45,11394
2019-05-03 01:50,11335
2019-05-03 01:55,11368
2019-05-03 02:00,11346
2019-05-03 02:05,11291
2019-05-03 02:10,11205
2019-05-03 02:15,11203
2019-05-03 02:20,11147
2019-05-03 02:25,11152
2019-05-03 02:30,11143
2019-05-03 02:35,11155
2019-05-03 02:40,11104
2019-05-03 02:45,11077
2019-05-03 02:50,10993
2019-05-03 02:55,10935
2019-05-03 03:00,10822
2019-05-03 03:05,10677
2019-05-03 03:10,10552
2019-05-03 03:15,10296
2019-05-03 03:20,10309
2019-05-03 03:25,10239
2019-05-03 03:30,10126
2019-05-03 03:35,10052
2019-05-03 03:40,9979
2019-05-03 03:45,9864
2019-05-03 03:50,9718
2019-05-03 03:55,9644
2019-05-03 04:00,9494
2019-05-03 04:05,9325
2019-05-03 04:10,9088
2019-05-03 04:15,9034
2019-05-03 04:20,8968
2019-05-03 04:25,8854
2019-05-03 04:30,8742
2019-05-03 04:35,8654
2019-05-03 04:40,8591
2019-05-03 04:45,8513
2019-05-03 04:50,8397
2019-05-03 04:55,8233
2019-05-03 05:00,8063
2019-05-03 05:05,7918
2019-05-03 05:10,7722
2019-05-03 05:15,7576
2019-05-03 05:20,7466
2019-05-03 05:25,7322
2019-05-03 05:30,7249
2019-05-03 05:35,6961
2019-05-03 05:40,6749
2019-05-03 05:45,6539
2019-05-03 05:50,6346
2019-05-03 05:55,6165
2019-05-03 06:00,6033
2019-05-03 06:05,5899
2019-05-03 06:10,5769
2019-05-03 06:15,5603
2019-05-03 06:20,5446
2019-05-03 06:25,5298
2019-05-03 06:30,5124
2019-05-03 06:35,4165
2019-05-03 06:40,3392
2019-05-03 06:45,2715
2019-05-03 06:50,2054
2019-05-03 06:55,1685
2019-05-03 07:00,1453
2019-05-03 07:05,1324
2019-05-03 07:10,1252
2019-05-03 07:15,1234
2019-05-03 07:20,1195
2019-05-03 07:25,1295
2019-05-03 07:30,1595
2019-05-03 07:35,1942
2019-05-03 07:40,2298
2019-05-03 07:45,2580
2019-05-03 07:50,2842
2019-05-03 07:55,3062
2019-05-03 08:00,3271
2019-05-03 08:05,3452
2019-05-03 08:10,3634
2019-05-03 08:15,3809
2019-05-03 08:20,3928
2019-05-03 08:25,4071
2019-05-03 08:30,4180
2019-05-03 08:35,4263
2019-05-03 08:40,4354
2019-05-03 08:45,4460
2019-05-03 08:50,4577
2019-05-03 08:55,4638
2019-05-03 09:00,4709
2019-05-03 09:05,4819
2019-05-03 09:10,4862
2019-05-03 09:15,4967
2019-05-03 09:20,4997
2019-05-03 09:25,5032
2019-05-03 09:30,5067
2019-05-03 09:35,5114
2019-05-03 09:40,5145
2019-05-03 09:45,5226
2019-05-03 09:50,5252
2019-05-03 09:55,5282
2019-05-03 10:00,5333
2019-05-03 10:05,5328
2019-05-03 10:10,5365
2019-05-03 10:15,5411
2019-05-03 10:20,5434
2019-05-03 10:25,5507
2019-05-03 10:30,5546
2019-05-03 10:35,5553
2019-05-03 10:40,5569
2019-05-03 10:45,5614
2019-05-03 10:50,5665
2019-05-03 10:55,5713
2019-05-03 11:00,5773
2019-05-03 11:05,5846
2019-05-03 11:10,5868
2019-05-03 11:15,5870
2019-05-03 11:20,5931
2019-05-03 11:25,5975
2019-05-03 11:30,6035
2019-05-03 11:35,6095
2019-05-03 11:40,6184
2019-05-03 11:45,6298
2019-05-03 11:50,6382
2019-05-03 11:55,6432
2019-05-03 12:00,6492
2019-05-03 12:05,6566
2019-05-03 12:10,6672
2019-05-03 12:15,6735
2019-05-03 12:20,6807
2019-05-03 12:25,6857
2019-05-03 12:30,6905
2019-05-03 12:35,7010
2019-05-03 12:40,7050
2019-05-03 12:45,7151
2019-05-03 12:50,7238
2019-05-03 12:55,7304
2019-05-03 13:00,7403
2019-05-03 13:05,7491
2019-05-03 13:10,7664
2019-05-03 13:15,7772
2019-05-03 13:20,7863
2019-05-03 13:25,8005
2019-05-03 13:30,8072
2019-05-03 13:35,8186
2019-05-03 13:40,8265
2019-05-03 13:45,8376
2019-05-03 13:50,8459
2019-05-03 13:55,8556
2019-05-03 14:00,8641
2019-05-03 14:05,8750
2019-05-03 14:10,8817
2019-05-03 14:15,8907
2019-05-03 14:20,8980
2019-05-03 14:25,9052
2019-05-03 14:30,9192
2019-05-03 14:35,9297
2019-05-03 14:40,9392
2019-05-03 14:45,9455
2019-05-03 14:50,9506
2019-05-03 14:55,9564
2019-05-03 15:00,9612
2019-05-03 15:05,9717
2019-05-03 15:10,9795
2019-05-03 15:15,9886
2019-05-03 15:20,9949
2019-05-03 15:25,9988
2019-05-03 15:30,10126
2019-05-03 15:35,10176
2019-05-03 15:40,10235
2019-05-03 15:45,10351
2019-05-03 15:50,10455
2019-05-03 15:55,10560
2019-05-03 16:00,10634
2019-05-03 16:05,10684
2019-05-03 16:10,10798
2019-05-03 16:15,10869
2019-05-03 16:20,10869
2019-05-03 16:25,10965
2019-05-03 16:30,11079
2019-05-03 16:35,11190
2019-05-03 16:40,11298
2019-05-03 16:45,11363
2019-05-03 16:50,11443
2019-05-03 16:55,11492
2019-05-03 17:00,11535
2019-05-03 17:05,11605
2019-05-03 17:10,11674
2019-05-03 17:15,11725
2019-05-03 17:20,11807
2019-05-03 17:25,11856
2019-05-03 17:30,11912
2019-05-03 17:35,11998
2019-05-03 17:40,12109
2019-05-03 17:45,12214
2019-05-03 17:50,12279
2019-05-03 17:55,12280
2019-05-03 18:00,12317
2019-05-03 18:05,12430
2019-05-03 18:10,12537
2019-05-03 18:15,12630
2019-05-03 18:20,12636
2019-05-03 18:25,12756
2019-05-03 18:30,12823
2019-05-03 18:35,12922
2019-05-03 18:40,12908
2019-05-03 18:45,13036
2019-05-03 18:50,13141
2019-05-03 18:55,13197
2019-05-03 19:00,13272
2019-05-03 19:05,13386
2019-05-03 19:10,13388
2019-05-03 19:15,13436
2019-05-03 19:20,13444
2019-05-03 19:25,13557
2019-05-03 19:30,13611
2019-05-03 19:35,13689
2019-05-03 19:40,13810
2019-05-03 19:45,13947
2019-05-03 19:50,13989
2019-05-03 19:55,13978
2019-05-03 20:00,14003
2019-05-03 20:05,14114
2019-05-03 20:10,14137
2019-05-03 20:15,14275
2019-05-03 20:20,14281
2019-05-03 20:25,14293
2019-05-03 20:30,14341
2019-05-03 20:35,14300
2019-05-03 20:40,14229
2019-05-03 20:45,14219
2019-05-03 20:50,14236
2019-05-03 20:55,14245
2019-05-03 21:00,14128
2019-05-03 21:05,14064
2019-05-03 21:10,14006
2019-05-03 21:15,13970
2019-05-03 21:20,13970
2019-05-03 21:25,13992
2019-05-03 21:30,13957
2019-05-03 21:35,13922
2019-05-03 21:40,13895
2019-05-03 21:45,13806
2019-05-03 21:50,13715
2019-05-03 21:55,13609
2019-05-03 22:00,13537
2019-05-03 22:05,13507
2019-05-03 22:10,13411
2019-05-03 22:15,13411
2019-05-03 22:20,13291
2019-05-03 22:25,13138
2019-05-03 22:30,13026
2019-05-03 22:35,13002
2019-05-03 22:40,12931
2019-05-03 22:45,12870
2019-05-03 22:50,12761
2019-05-03 22:55,12673
2019-05-03 23:00,12554
2019-05-03 23:05,12511
2019-05-03 23:10,12480
2019-05-03 23:15,12428
2019-05-03 23:20,12439
2019-05-03 23:25,12319
2019-05-03 23:30,12226
2019-05-03 23:35,12121
2019-05-03 23:40,12069
2019-05-03 23:45,11967
2019-05-03 23:50,11975
2019-05-03 23:55,11884
2019-05-04 00:00,11810
2019-05-04 00:05,11826
2019-05-04 00:10,11733
2019-05-04 00:15,11640
2019-05-04 00:20,11585
2019-05-04 00:25,11641
2019-05-04 00:30,11608
2019-05-04 00:35,11624
2019-05-04 00:40,11609
2019-05-04 00:45,11614
2019-05-04 00:50,11603
2019-05-04 00:55,11628
2019-05-04 01:00,11593
2019-05-04 01:05,11647
2019-05-04 01:10,11648
2019-05-04 01:15,11675
2019-05-04 01:20,11728
2019-05-04 01:25,11646
2019-05-04 01:30,11607
2019-05-04 01:35,11655
2019-05-04 01:40,11688
2019-05-04 01:45,11701
2019-05-04 01:50,11731
2019-05-04 01:55,11719
2019-05-04 02:00,11735
2019-05-04 02:05,11741
2019-05-04 02:10,11803
2019-05-04 02:15,11851
2019-05-04 02:20,11901
2019-05-04 02:25,11919
2019-05-04 02:30,11901
2019-05-04 02:35,11917
2019-05-04 02:40,11900
2019-05-04 02:45,11863
2019-05-04 02:50,11881
2019-05-04 02:55,11898
2019-05-04 03:00,11883
2019-05-04 03:05,11823
2019-05-04 03:10,11775
2019-05-04 03:15,11718
2019-05-04 03:20,11668
2019-05-04 03:25,11582
2019-05-04 03:30,11483
2019-05-04 03:35,11477
2019-05-04 03:40,11446
2019-05-04 03:45,11397
2019-05-04 03:50,11318
2019-05-04 03:55,11260
2019-05-04 04:00,11184
2019-05-04 04:05,11047
2019-05-04 04:10,10891
2019-05-04 04:15,10851
2019-05-04 04:20,10771
2019-05-04 04:25,10659
2019-05-04 04:30,10601
2019-05-04 04:35,10552
2019-05-04 04:40,10478
2019-05-04 04:45,10385
2019-05-04 04:50,10277
2019-05-04 04:55,10145
2019-05-04 05:00,10082
2019-05-04 05:05,9956
2019-05-04 05:10,9841
2019-05-04 05:15,9680
2019-05-04 05:20,9565
2019-05-04 05:25,9427
2019-05-04 05:30,9312
2019-05-04 05:35,9241
2019-05-04 05:40,9026
2019-05-04 05:45,8899
2019-05-04 05:50,8746
2019-05-04 05:55,8626
2019-05-04 06:00,8473
2019-05-04 06:05,8314
2019-05-04 06:10,8190
2019-05-04 06:15,8076
2019-05-04 06:20,7973
2019-05-04 06:25,7830
2019-05-04 06:30,7705
2019-05-04 06:35,7623
2019-05-04 06:40,7509
2019-05-04 06:45,7446
2019-05-04 06:50,7323
2019-05-04 06:55,7223
2019-05-04 07:00,7078
2019-05-04 07:05,6924
2019-05-04 07:10,6850
2019-05-04 07:15,6787
2019-05-04 07:20,6700
2019-05-04 07:25,6597
2019-05-04 07:30,6539
2019-05-04 07:35,6497
2019-05-04 07:40,6362
2019-05-04 07:45,6325
2019-05-04 07:50,6247
2019-05-04 07:55,6187
2019-05-04 08:00,6176
2019-05-04 08:05,6156
2019-05-04 08:10,6097
2019-05-04 08:15,6087
2019-05-04 08:20,6068
2019-05-04 08:25,6077
2019-05-04 08:30,6069
2019-05-04 08:35,6099
2019-05-04 08:40,6060
2019-05-04 08:45,6087
2019-05-04 08:50,6138
2019-05-04 08:55,6172
2019-05-04 09:00,6205
2019-05-04 09:05,6297
2019-05-04 09:10,6358
2019-05-04 09:15,6467
2019-05-04 09:20,6490
2019-05-04 09:25,6507
2019-05-04 09:30,6556
2019-05-04 09:35,6660
2019-05-04 09:40,6758
2019-05-04 09:45,
2019-05-04 09:50,6765
2019-05-04 09:55,6793
2019-05-04 10:00,6875
2019-05-04 10:05,6913
2019-05-04 10:10,6998
2019-05-04 10:15,7027
2019-05-04 10:20,7082
2019-05-04 10:25,7071
2019-05-04 10:30,7155
2019-05-04 10:35,7189
2019-05-04 10:40,7241
2019-05-04 10:45,7299
2019-05-04 10:50,7350
2019-05-04 10:55,7407
2019-05-04 11:00,7432
2019-05-04 11:05,7511
2019-05-04 11:10,7552
2019-05-04 11:15,7631
2019-05-04 11:20,7695
2019-05-04 11:25,7733
2019-05-04 11:30,7845
2019-05-04 11:35,7871
2019-05-04 11:40,7973
2019-05-04 11:45,8062
2019-05-04 11:50,8087
2019-05-04 11:55,8177
2019-05-04 12:00,8188
2019-05-04 12:05,8310
2019-05-04 12:10,8426
2019-05-04 12:15,8490
2019-05-04 12:20,8541
2019-05-04 12:25,8650
2019-05-04 12:30,8757
2019-05-04 12:35,8786
2019-05-04 12:40,8887
2019-05-04 12:45,9026
2019-05-04 12:50,9207
2019-05-04 12:55,9285
2019-05-04 13:00,9358
2019-05-04 13:05,9408
2019-05-04 13:10,9489
2019-05-04 13:15,9611
2019-05-04 13:20,9727
2019-05-04 13:25,9871
2019-05-04 13:30,9991
2019-05-04 13:35,10086
2019-05-04 13:40,10168
2019-05-04 13:45,10217
2019-05-04 13:50,10289
2019-05-04 13:55,10328
2019-05-04 14:00,10413
2019-05-04 14:05,10530
2019-05-04 14:10,10611
2019-05-04 14:15,10706
2019-05-04 14:20,10893
2019-05-04 14:25,11050
2019-05-04 14:30,11149
2019-05-04 14:35,11301
2019-05-04 14:40,11400
2019-05-04 14:45,11500
2019-05-04 14:50,11601
2019-05-04 14:55,11644
2019-05-04 15:00,11763
2019-05-04 15:05,11821
2019-05-04 15:10,11940
2019-05-04 15:15,11974
2019-05-04 15:20,12055
2019-05-04 15:25,12151
2019-05-04 15:30,12227
2019-05-04 15:35,12342
2019-05-04 15:40,12448
2019-05-04 15:45,12506
2019-05-04 15:50,12556
2019-05-04 15:55,12578
2019-05-04 16:00,12689
2019-05-04 16:05,12741
2019-05-04 16:10,12757
2019-05-04 16:15,12883
2019-05-04 16:20,12949
2019-05-04 16:25,12892
2019-05-04 16:30,12875
2019-05-04 16:35,12847
2019-05-04 16:40,12796
2019-05-04 16:45,12901
2019-05-04 16:50,12997
2019-05-04 16:55,13058
2019-05-04 17:00,13179
2019-05-04 17:05,13251
2019-05-04 17:10,13333
2019-05-04 17:15,13427
2019-05-04 17:20,13526
2019-05-04 17:25,13613
2019-05-04 17:30,13756
2019-05-04 17:35,13902
2019-05-04 17:40,13985
2019-05-04 17:45,13991
2019-05-04 17:50,14110
2019-05-04 17:55,14228
2019-05-04 18:00,14351
2019-05-04 18:05,14442
2019-05-04 18:10,14585
2019-05-04 18:15,14712
2019-05-04 18:20,14791
2019-05-04 18:25,14891
2019-05-04 18:30,14929
2019-05-04 18:35,14977
2019-05-04 18:40,15052
2019-05-04 18:45,15053
2019-05-04 18:50,15073
2019-05-04 18:55,15087
2019-05-04 19:00,15099
2019-05-04 19:05,15186
2019-05-04 19:10,15247
2019-05-04 19:15,15273
2019-05-04 19:20,15348
2019-05-04 19:25,15469
2019-05-04 19:30,15546
2019-05-04 19:35,15565
2019-05-04 19:40,15657
2019-05-04 19:45,15707
2019-05-04 19:50,15753
2019-05-04 19:55,15784
2019-05-04 20:00,15871
2019-05-04 20:05,15890
2019-05-04 20:10,15754
2019-05-04 20:15,15780
2019-05-04 20:20,15794
2019-05-04 20:25,15796
2019-05-04 20:30,15786
2019-05-04 20:35,15747
2019-05-04 20:40,15750
2019-05-04 20:45,15722
2019-05-04 20:50,15711
2019-05-04 20:55,15737
2019-05-04 21:00,15686
2019-05-04 21:05,15632
2019-05-04 21:10,15595
2019-05-04 21:15,15569
2019-05-04 21:20,15520
2019-05-04 21:25,15462
2019-05-04 21:30,15389
2019-05-04 21:35,15264
2019-05-04 21:40,15212
2019-05-04 21:45,15124
2019-05-04 21:50,14961
2019-05-04 21:55,14816
2019-05-04 22:00,14778
2019-05-04 22:05,14739
2019-05-04 22:10,14670
2019-05-04 22:15,14607
2019-05-04 22:20,14504
2019-05-04 22:25,14355
2019-05-04 22:30,14242
2019-05-04 22:35,14150
2019-05-04 22:40,14020
2019-05-04 22:45,13891
2019-05-04 22:50,13780
2019-05-04 22:55,13650
2019-05-04 23:00,13566
2019-05-04 23:05,13441
2019-05-04 23:10,13359
2019-05-04 23:15,13189
2019-05-04 23:20,13039
2019-05-04 23:25,12893
2019-05-04 23:30,12796
2019-05-04 23:35,12694
2019-05-04 23:40,12671
2019-05-04 23:45,12554
2019-05-04 23:50,12486
2019-05-04 23:55,12395
2019-05-05 00:00,12268
2019-05-05 00:05,12196
2019-05-05 00:10,12139
2019-05-05 00:15,12156
2019-05-05 00:20,12190
2019-05-05 00:25,12151
2019-05-05 00:30,12042
2019-05-05 00:35,12079
2019-05-05 00:40,12058
2019-05-05 00:45,12047
2019-05-05 00:50,11988
2019-05-05 00:55,11883
2019-05-05 01:00,11831
2019-05-05 01:05,11763
2019-05-05 01:10,11771
2019-05-05 01:15,11661
2019-05-05 01:20,11664
2019-05-05 01:25,11589
2019-05-05 01:30,11604
2019-05-05 01:35,11585
2019-05-05 01:40,11624
2019-05-05 01:45,11593
2019-05-05 01:50,11559
2019-05-05 01:55,11548
2019-05-05 02:00,11543
2019-05-05 02:05,11502
2019-05-05 02:10,11498
2019-05-05 02:15,11536
2019-05-05 02:20,11578
2019-05-05 02:25,11605
2019-05-05 02:30,11571
2019-05-05 02:35,11540
2019-05-05 02:40,11550
2019-05-05 02:45,11597
2019-05-05 02:50,11533
2019-05-05 02:55,11506
2019-05-05 03:00,11406
2019-05-05 03:05,11395
2019-05-05 03:10,11402
2019-05-05 03:15,11357
2019-05-05 03:20,11360
2019-05-05 03:25,11310
2019-05-05 03:30,11355
2019-05-05 03:35,11370
2019-05-05 03:40,11366
2019-05-05 03:45,11296
2019-05-05 03:50,11272
2019-05-05 03:55,11222
2019-05-05 04:00,11108
2019-05-05 04:05,11065
2019-05-05 04:10,11042
2019-05-05 04:15,10996
2019-05-05 04:20,10906
2019-05-05 04:25,10850
2019-05-05 04:30,10770
2019-05-05 04:35,10692
2019-05-05 04:40,10598
2019-05-05 04:45,10487
2019-05-05 04:50,10406
2019-05-05 04:55,10354
2019-05-05 05:00,10228
2019-05-05 05:05,10095
2019-05-05 05:10,9960
2019-05-05 05:15,9836
2019-05-05 05:20,9720
2019-05-05 05:25,9601
2019-05-05 05:30,9464
2019-05-05 05:35,9345
2019-05-05 05:40,9249
2019-05-05 05:45,9147
2019-05-05 05:50,9002
2019-05-05 05:55,8875
2019-05-05 06:00,8741
2019-05-05 06:05,8593
2019-05-05 06:10,8409
2019-05-05 06:15,8274
2019-05-05 06:20,8152
2019-05-05 06:25,8000
2019-05-05 06:30,7831
2019-05-05 06:35,7698
2019-05-05 06:40,7619
2019-05-05 06:45,7509
2019-05-05 06:50,7466
2019-05-05 06:55,7330
2019-05-05 07:00,7223
2019-05-05 07:05,7167
2019-05-05 07:10,7120
2019-05-05 07:15,6988
2019-05-05 07:20,6903
2019-05-05 07:25,6831
2019-05-05 07:30,6785
2019-05-05 07:35,6774
2019-05-05 07:40,6708
2019-05-05 07:45,6664
2019-05-05 07:50,6590
2019-05-05 07:55,6543
2019-05-05 08:00,6471
2019-05-05 08:05,6428
2019-05-05 08:10,6462
2019-05-05 08:15,6438
2019-05-05 08:20,6371
2019-05-05 08:25,6327
2019-05-05 08:30,6354
2019-05-05 08:35,6339
2019-05-05 08:40,6350
2019-05-05 08:45,6422
2019-05-05 08:50,6455
2019-05-05 08:55,6507
2019-05-05 09:00,6497
2019-05-05 09:05,6600
2019-05-05 09:10,6629
2019-05-05 09:15,6628
2019-05-05 09:20,6664
2019-05-05 09:25,6741
2019-05-05 09:30,6810
2019-05-05 09:35,6929
2019-05-05 09:40,6987
2019-05-05 09:45,7007
2019-05-05 09:50,7053
2019-05-05 09:55,7095
2019-05-05 10:00,7166
2019-05-05 10:05,7220
2019-05-05 10:10,7261
2019-05-05 10:15,7373
2019-05-05 10:20,7445
2019-05-05 10:25,7478
2019-05-05 10:30,7485
2019-05-05 10:35,7566
2019-05-05 10:40,7608
2019-05-05 10:45,7643
2019-05-05 10:50,7721
2019-05-05 10:55,7805
2019-05-05 11:00,7832
2019-05-05 11:05,7887
2019-05-05 11:10,7981
2019-05-05 11:15,8078
2019-05-05 11:20,8112
2019-05-05 11:25,8148
2019-05-05 11:30,8234
2019-05-05 11:35,8274
2019-05-05 11:40,8325
2019-05-05 11:45,8411
2019-05-05 11:50,8457
2019-05-05 11:55,8513
2019-05-05 12:00,8584
2019-05-05 12:05,8667
2019-05-05 12:10,8724
2019-05-05 12:15,8841
2019-05-05 12:20,8943
2019-05-05 12:25,9053
2019-05-05 12:30,
2019-05-05 12:35,9249
2019-05-05 12:40,9345
2019-05-05 12:45,9477
2019-05-05 12:50,
2019-05-05 12:55,
2019-05-05 13:00,
2019-05-05 13:05,9841
2019-05-05 13:10,9976
2019-05-05 13:15,10051
2019-05-05 13:20,10135
2019-05-05 13:25,10242
2019-05-05 13:30,
2019-05-05 13:35,10506
2019-05-05 13:40,10655
2019-05-05 13:45,10766
2019-05-05 13:50,10840
2019-05-05 13:55,
2019-05-05 14:00,
2019-05-05 14:05,
2019-05-05 14:10,11156
2019-05-05 14:15,11314
2019-05-05 14:20,
2019-05-05 14:25,
2019-05-05 14:30,11644
2019-05-05 14:35,11768
2019-05-05 14:40,
2019-05-05 14:45,12061
2019-05-05 14:50,12129
2019-05-05 14:55,12162
2019-05-05 15:00,12273
2019-05-05 15:05,
2019-05-05 15:10,12434
2019-05-05 15:15,
2019-05-05 15:20,12572
2019-05-05 15:25,12676
2019-05-05 15:30,12828
2019-05-05 15:35,12896
2019-05-05 15:40,13045
2019-05-05 15:45,13062
2019-05-05 15:50,13189
2019-05-05 15:55,13241
2019-05-05 16:00,13350
2019-05-05 16:05,13453
2019-05-05 16:10,13571
2019-05-05 16:15,13625
2019-05-05 16:20,13717
2019-05-05 16:25,13813
2019-05-05 16:30,13968
2019-05-05 16:35,14027
2019-05-05 16:40,14135
2019-05-05 16:45,14221
2019-05-05 16:50,14316
2019-05-05 16:55,14464
2019-05-05 17:00,14568
2019-05-05 17:05,14653
2019-05-05 17:10,14732
2019-05-05 17:15,14836
2019-05-05 17:20,14891
2019-05-05 17:25,15031
2019-05-05 17:30,15131
2019-05-05 17:35,15293
2019-05-05 17:40,15384
2019-05-05 17:45,15468
2019-05-05 17:50,15665
2019-05-05 17:55,15746
2019-05-05 18:00,15871
2019-05-05 18:05,15987
2019-05-05 18:10,16060
2019-05-05 18:15,16246
2019-05-05 18:20,16380
2019-05-05 18:25,16595
2019-05-05 18:30,16664
2019-05-05 18:35,16765
2019-05-05 18:40,16818
2019-05-05 18:45,16927
2019-05-05 18:50,16928
2019-05-05 18:55,16990
2019-05-05 19:00,17015
2019-05-05 19:05,16947
2019-05-05 19:10,16989
2019-05-05 19:15,16988
2019-05-05 19:20,17118
2019-05-05 19:25,17159
2019-05-05 19:30,17080
2019-05-05 19:35,17097
2019-05-05 19:40,17023
2019-05-05 19:45,17066
2019-05-05 19:50,17053
2019-05-05 19:55,16975
2019-05-05 20:00,16963
2019-05-05 20:05,16870
2019-05-05 20:10,16801
2019-05-05 20:15,16720
2019-05-05 20:20,16611
2019-05-05 20:25,16472
2019-05-05 20:30,16347
2019-05-05 20:35,16255
2019-05-05 20:40,16112
2019-05-05 20:45,16023
2019-05-05 20:50,15969
2019-05-05 20:55,15835
2019-05-05 21:00,15657
2019-05-05 21:05,15531
2019-05-05 21:10,15310
2019-05-05 21:15,15254
2019-05-05 21:20,15037
2019-05-05 21:25,14934
2019-05-05 21:30,14736
2019-05-05 21:35,14696
2019-05-05 21:40,14526
2019-05-05 21:45,14440
2019-05-05 21:50,14305
2019-05-05 21:55,14237
2019-05-05 22:00,14079
2019-05-05 22:05,13991
2019-05-05 22:10,13944
2019-05-05 22:15,13818
2019-05-05 22:20,13762
2019-05-05 22:25,13683
2019-05-05 22:30,13462
2019-05-05 22:35,12339
2019-05-05 22:40,11169
2019-05-05 22:45,10922
2019-05-05 22:50,11031
2019-05-05 22:55,11161
2019-05-05 23:00,11297
2019-05-05 23:05,11370
2019-05-05 23:10,11469
2019-05-05 23:15,11528
2019-05-05 23:20,11606
2019-05-05 23:25,11693
2019-05-05 23:30,11774
2019-05-05 23:35,11787
2019-05-05 23:40,11805
2019-05-05 23:45,11928
2019-05-05 23:50,11917
2019-05-05 23:55,11970
2019-05-06 00:00,11949
2019-05-06 00:05,11883
2019-05-06 00:10,11886
2019-05-06 00:15,11876
2019-05-06 00:20,11895
2019-05-06 00:25,11879
2019-05-06 00:30,11808
2019-05-06 00:35,11748
2019-05-06 00:40,11636
2019-05-06 00:45,11587
2019-05-06 00:50,11491
2019-05-06 00:55,11323
2019-05-06 01:00,11072
2019-05-06 01:05,10842
2019-05-06 01:10,10742
2019-05-06 01:15,10648
2019-05-06 01:20,10622
2019-05-06 01:25,10589
2019-05-06 01:30,10569
2019-05-06 01:35,10520
2019-05-06 01:40,10437
2019-05-06 01:45,10342
2019-05-06 01:50,10274
2019-05-06 01:55,10164
2019-05-06 02:00,10129
2019-05-06 02:05,10019
2019-05-06 02:10,9941
2019-05-06 02:15,9827
2019-05-06 02:20,9744
2019-05-06 02:25,9683
2019-05-06 02:30,9706
2019-05-06 02:35,9786
2019-05-06 02:40,9756
2019-05-06 02:45,9780
2019-05-06 02:50,9793
2019-05-06 02:55,9834
2019-05-06 03:00,9830
2019-05-06 03:05,9775
2019-05-06 03:10,9738
2019-05-06 03:15,9677
2019-05-06 03:20,9582
2019-05-06 03:25,9451
2019-05-06 03:30,9338
2019-05-06 03:35,9257
2019-05-06 03:40,9209
2019-05-06 03:45,9143
2019-05-06 03:50,9088
2019-05-06 03:55,8963
2019-05-06 04:00,8863
2019-05-06 04:05,8736
2019-05-06 04:10,8654
2019-05-06 04:15,8511
2019-05-06 04:20,8424
2019-05-06 04:25,8299
2019-05-06 04:30,8183
2019-05-06 04:35,8034
2019-05-06 04:40,7945
2019-05-06 04:45,7844
2019-05-06 04:50,7737
2019-05-06 04:55,7597
2019-05-06 05:00,7460
2019-05-06 05:05,7315
2019-05-06 05:10,7174
2019-05-06 05:15,7015
2019-05-06 05:20,6830
2019-05-06 05:25,6713
2019-05-06 05:30,6506
2019-05-06 05:35,6346
2019-05-06 05:40,6244
2019-05-06 05:45,6169
2019-05-06 05:50,6057
2019-05-06 05:55,5967
2019-05-06 06:00,5889
2019-05-06 06:05,5816
2019-05-06 06:10,5685
2019-05-06 06:15,5622
2019-05-06 06:20,5569
2019-05-06 06:25,5489
2019-05-06 06:30,5384
2019-05-06 06:35,5305
2019-05-06 06:40,5206
2019-05-06 06:45,5174
2019-05-06 06:50,5109
2019-05-06 06:55,5012
2019-05-06 07:00,4961
2019-05-06 07:05,4889
2019-05-06 07:10,4780
2019-05-06 07:15,4740
2019-05-06 07:20,4665
2019-05-06 07:25,4636
2019-05-06 07:30,4584
2019-05-06 07:35,4543
2019-05-06 07:40,4472
2019-05-06 07:45,4425
2019-05-06 07:50,4388
2019-05-06 07:55,4361
2019-05-06 08:00,4332
2019-05-06 08:05,4332
2019-05-06 08:10,4288
2019-05-06 08:15,4243
2019-05-06 08:20,4210
2019-05-06 08:25,4220
2019-05-06 08:30,4242
2019-05-06 08:35,4241
2019-05-06 08:40,4172
2019-05-06 08:45,4172
2019-05-06 08:50,4174
2019-05-06 08:55,4187
2019-05-06 09:00,4195
2019-05-06 09:05,4222
2019-05-06 09:10,4224
2019-05-06 09:15,4207
2019-05-06 09:20,4220
2019-05-06 09:25,4239
2019-05-06 09:30,4249
2019-05-06 09:35,4276
2019-05-06 09:40,4315
2019-05-06 09:45,4348
2019-05-06 09:50,4359
2019-05-06 09:55,4369
2019-05-06 10:00,4385
2019-05-06 10:05,4351
2019-05-06 10:10,4365
2019-05-06 10:15,4445
2019-05-06 10:20,4486
2019-05-06 10:25,4525
2019-05-06 10:30,4535
2019-05-06 10:35,4590
2019-05-06 10:40,4646
2019-05-06 10:45,4707
2019-05-06 10:50,4757
2019-05-06 10:55,4783
2019-05-06 11:00,4860
2019-05-06 11:05,4917
2019-05-06 11:10,4955
2019-05-06 11:15,5033
2019-05-06 11:20,5018
2019-05-06 11:25,5030
2019-05-06 11:30,5072
2019-05-06 11:35,5177
2019-05-06 11:40,5229
2019-05-06 11:45,
2019-05-06 11:50,
2019-05-06 11:55,5404
2019-05-06 12:00,5444
2019-05-06 12:05,5508
2019-05-06 12:10,5595
2019-05-06 12:15,5633
2019-05-06 12:20,5750
2019-05-06 12:25,5874
2019-05-06 12:30,5952
2019-05-06 12:35,6012
2019-05-06 12:40,6076
2019-05-06 12:45,6150
2019-05-06 12:50,6246
2019-05-06 12:55,6309
2019-05-06 13:00,6382
2019-05-06 13:05,6458
2019-05-06 13:10,6573
2019-05-06 13:15,6666
2019-05-06 13:20,6788
2019-05-06 13:25,6897
2019-05-06 13:30,7009
2019-05-06 13:35,7128
2019-05-06 13:40,7191
2019-05-06 13:45,7288
2019-05-06 13:50,7415
2019-05-06 13:55,7507
2019-05-06 14:00,7588
2019-05-06 14:05,7693
2019-05-06 14:10,7794
2019-05-06 14:15,7884
2019-05-06 14:20,7883
2019-05-06 14:25,8002
2019-05-06 14:30,8039
2019-05-06 14:35,8135
2019-05-06 14:40,8224
2019-05-06 14:45,8321
2019-05-06 14:50,8383
2019-05-06 14:55,8443
2019-05-06 15:00,8506
2019-05-06 15:05,8543
2019-05-06 15:10,8632
2019-05-06 15:15,8702
2019-05-06 15:20,8780
2019-05-06 15:25,8882
2019-05-06 15:30,8988
2019-05-06 15:35,9085
2019-05-06 15:40,9206
2019-05-06 15:45,9271
2019-05-06 15:50,9357
2019-05-06 15:55,9396
2019-05-06 16:00,9435
2019-05-06 16:05,9524
2019-05-06 16:10,9608
2019-05-06 16:15,9733
2019-05-06 16:20,9823
2019-05-06 16:25,9928
2019-05-06 16:30,10010
2019-05-06 16:35,10075
2019-05-06 16:40,10158
2019-05-06 16:45,10235
2019-05-06 16:50,10336
2019-05-06 16:55,10359
2019-05-06 17:00,10415
2019-05-06 17:05,10454
2019-05-06 17:10,10545
2019-05-06 17:15,10664
2019-05-06 17:20,10735
2019-05-06 17:25,10833
2019-05-06 17:30,10980
2019-05-06 17:35,11095
2019-05-06 17:40,11223
2019-05-06 17:45,11318
2019-05-06 17:50,11361
2019-05-06 17:55,11458
2019-05-06 18:00,11529
2019-05-06 18:05,11588
2019-05-06 18:10,11641
2019-05-06 18:15,11744
2019-05-06 18:20,11833
2019-05-06 18:25,11900
2019-05-06 18:30,12032
2019-05-06 18:35,12088
2019-05-06 18:40,12082
2019-05-06 18:45,12147
2019-05-06 18:50,12246
2019-05-06 18:55,12320
2019-05-06 19:00,12360
2019-05-06 19:05,12389
2019-05-06 19:10,12442
2019-05-06 19:15,12539
2019-05-06 19:20,12583
2019-05-06 19:25,12596
2019-05-06 19:30,12692
2019-05-06 19:35,12698
2019-05-06 19:40,12716
2019-05-06 19:45,12729
2019-05-06 19:50,12771
2019-05-06 19:55,12777
2019-05-06 20:00,12696
2019-05-06 20:05,12652
2019-05-06 20:10,12642
2019-05-06 20:15,12660
2019-05-06 20:20,12562
2019-05-06 20:25,12520
2019-05-06 20:30,12509
2019-05-06 20:35,12406
2019-05-06 20:40,12318
2019-05-06 20:45,12265
2019-05-06 20:50,12170
2019-05-06 20:55,12133
2019-05-06 21:00,12076
2019-05-06 21:05,11988
2019-05-06 21:10,11930
2019-05-06 21:15,11853
2019-05-06 21:20,11802
2019-05-06 21:25,11750
2019-05-06 21:30,11740
2019-05-06 21:35,11635
2019-05-06 21:40,11491
2019-05-06 21:45,11376
2019-05-06 21:50,11387
2019-05-06 21:55,11314
2019-05-06 22:00,11218
2019-05-06 22:05,11090
2019-05-06 22:10,11021
2019-05-06 22:15,10955
2019-05-06 22:20,10926
2019-05-06 22:25,10817
2019-05-06 22:30,10746
2019-05-06 22:35,10680
2019-05-06 22:40,10651
2019-05-06 22:45,10569
2019-05-06 22:50,10523
2019-05-06 22:55,10491
2019-05-06 23:00,10522
2019-05-06 23:05,10571
2019-05-06 23:10,10536
2019-05-06 23:15,10484
2019-05-06 23:20,10453
2019-05-06 23:25,10457
2019-05-06 23:30,10427
2019-05-06 23:35,10403
2019-05-06 23:40,
2019-05-06 23:45,
2019-05-06 23:50,10448
2019-05-06 23:55,10493
2019-05-07 00:00,10554
2019-05-07 00:05,10554
2019-05-07 00:10,10563
2019-05-07 00:15,10608
2019-05-07 00:20,10633
2019-05-07 00:25,10633
2019-05-07 00:30,10673
2019-05-07 00:35,10674
2019-05-07 00:40,10665
2019-05-07 00:45,10723
2019-05-07 00:50,10746
2019-05-07 00:55,10728
2019-05-07 01:00,10761
2019-05-07 01:05,10799
2019-05-07 01:10,10854
2019-05-07 01:15,10863
2019-05-07 01:20,10918
2019-05-07 01:25,10922
2019-05-07 01:30,10914
2019-05-07 01:35,10964
2019-05-07 01:40,10968
2019-05-07 01:45,10952
2019-05-07 01:50,10878
2019-05-07 01:55,10880
2019-05-07 02:00,10885
2019-05-07 02:05,10876
2019-05-07 02:10,10807
2019-05-07 02:15,10763
2019-05-07 02:20,10710
2019-05-07 02:25,10604
2019-05-07 02:30,10573
2019-05-07 02:35,10538
2019-05-07 02:40,10494
2019-05-07 02:45,10407
2019-05-07 02:50,10300
2019-05-07 02:55,10187
2019-05-07 03:00,10130
2019-05-07 03:05,10049
2019-05-07 03:10,9824
2019-05-07 03:15,9626
2019-05-07 03:20,8835
2019-05-07 03:25,8405
2019-05-07 03:30,8432
2019-05-07 03:35,8438
2019-05-07 03:40,8412
2019-05-07 03:45,8365
2019-05-07 03:50,8312
2019-05-07 03:55,8328
2019-05-07 04:00,8260
2019-05-07 04:05,8199
2019-05-07 04:10,8124
2019-05-07 04:15,8074
2019-05-07 04:20,7997
2019-05-07 04:25,7987
2019-05-07 04:30,7927
2019-05-07 04:35,7916
2019-05-07 04:40,7834
2019-05-07 04:45,7716
2019-05-07 04:50,7574
2019-05-07 04:55,7520
2019-05-07 05:00,7466
2019-05-07 05:05,7343
2019-05-07 05:10,7200
2019-05-07 05:15,7073
2019-05-07 05:20,6981
2019-05-07 05:25,6869
2019-05-07 05:30,6759
2019-05-07 05:35,6641
2019-05-07 05:40,6563
2019-05-07 05:45,6480
2019-05-07 05:50,6337
2019-05-07 05:55,6195
2019-05-07 06:00,6023
2019-05-07 06:05,5893
2019-05-07 06:10,5790
2019-05-07 06:15,5672
2019-05-07 06:20,5572
2019-05-07 06:25,5492
2019-05-07 06:30,5419
2019-05-07 06:35,5296
2019-05-07 06:40,5218
2019-05-07 06:45,5122
2019-05-07 06:50,5031
2019-05-07 06:55,4993
2019-05-07 07:00,4915
2019-05-07 07:05,4789
2019-05-07 07:10,4754
2019-05-07 07:15,4650
2019-05-07 07:20,4537
2019-05-07 07:25,4447
2019-05-07 07:30,4388
2019-05-07 07:35,4329
2019-05-07 07:40,4299
2019-05-07 07:45,4226
2019-05-07 07:50,4179
2019-05-07 07:55,4203
2019-05-07 08:00,4177
2019-05-07 08:05,4143
2019-05-07 08:10,4102
2019-05-07 08:15,4110
2019-05-07 08:20,4133
2019-05-07 08:25,4118
2019-05-07 08:30,4092
2019-05-07 08:35,4107
2019-05-07 08:40,4120
2019-05-07 08:45,4128
2019-05-07 08:50,4143
2019-05-07 08:55,4167
2019-05-07 09:00,4183
2019-05-07 09:05,4223
2019-05-07 09:10,4251
2019-05-07 09:15,4265
2019-05-07 09:20,4289
2019-05-07 09:25,4274
2019-05-07 09:30,4288
2019-05-07 09:35,4282
2019-05-07 09:40,4293
2019-05-07 09:45,4306
2019-05-07 09:50,4326
2019-05-07 09:55,4296
2019-05-07 10:00,4351
2019-05-07 10:05,4359
2019-05-07 10:10,4356
2019-05-07 10:15,4400
2019-05-07 10:20,4445
2019-05-07 10:25,4497
2019-05-07 10:30,4535
2019-05-07 10:35,4592
2019-05-07 10:40,4637
2019-05-07 10:45,4675
2019-05-07 10:50,4721
2019-05-07 10:55,4759
2019-05-07 11:00,4772
2019-05-07 11:05,4782
2019-05-07 11:10,4823
2019-05-07 11:15,4816
2019-05-07 11:20,4880
2019-05-07 11:25,4942
2019-05-07 11:30,4986
2019-05-07 11:35,5022
2019-05-07 11:40,5119
2019-05-07 11:45,5160
2019-05-07 11:50,5262
2019-05-07 11:55,5352
2019-05-07 12:00,5434
2019-05-07 12:05,5535
2019-05-07 12:10,5623
2019-05-07 12:15,5701
2019-05-07 12:20,5778
2019-05-07 12:25,5856
2019-05-07 12:30,5923
2019-05-07 12:35,6029
2019-05-07 12:40,6116
2019-05-07 12:45,6221
2019-05-07 12:50,6325
2019-05-07 12:55,6394
2019-05-07 13:00,6447
2019-05-07 13:05,6497
2019-05-07 13:10,6561
2019-05-07 13:15,6664
2019-05-07 13:20,6750
2019-05-07 13:25,6803
2019-05-07 13:30,6853
2019-05-07 13:35,6981
2019-05-07 13:40,7118
2019-05-07 13:45,7210
2019-05-07 13:50,7285
2019-05-07 13:55,7399
2019-05-07 14:00,7521
2019-05-07 14:05,7578
2019-05-07 14:10,7641
2019-05-07 14:15,7692
2019-05-07 14:20,7822
2019-05-07 14:25,7898
2019-05-07 14:30,7956
2019-05-07 14:35,8027
2019-05-07 14:40,8147
2019-05-07 14:45,8270
2019-05-07 14:50,8378
2019-05-07 14:55,8475
2019-05-07 15:00,8508
2019-05-07 15:05,8645
2019-05-07 15:10,8741
2019-05-07 15:15,8819
2019-05-07 15:20,8923
2019-05-07 15:25,9010
2019-05-07 15:30,9045
2019-05-07 15:35,9148
2019-05-07 15:40,9223
2019-05-07 15:45,9324
2019-05-07 15:50,9408
2019-05-07 15:55,9427
2019-05-07 16:00,9518
2019-05-07 16:05,9565
2019-05-07 16:10,9630
2019-05-07 16:15,9788
2019-05-07 16:20,9841
2019-05-07 16:25,9943
2019-05-07 16:30,10012
2019-05-07 16:35,10098
2019-05-07 16:40,10244
2019-05-07 16:45,10318
2019-05-07 16:50,10448
2019-05-07 16:55,10488
2019-05-07 17:00,10584
2019-05-07 17:05,10674
2019-05-07 17:10,10815
2019-05-07 17:15,10878
2019-05-07 17:20,11008
2019-05-07 17:25,11082
2019-05-07 17:30,11190
2019-05-07 17:35,11322
2019-05-07 17:40,11491
2019-05-07 17:45,11651
2019-05-07 17:50,11729
2019-05-07 17:55,11782
2019-05-07 18:00,11826
2019-05-07 18:05,11975
2019-05-07 18:10,12025
2019-05-07 18:15,12061
2019-05-07 18:20,12164
2019-05-07 18:25,12238
2019-05-07 18:30,12330
2019-05-07 18:35,12355
2019-05-07 18:40,12443
2019-05-07 18:45,12436
2019-05-07 18:50,12506
2019-05-07 18:55,12498
2019-05-07 19:00,12510
2019-05-07 19:05,12535
2019-05-07 19:10,12525
2019-05-07 19:15,12524
2019-05-07 19:20,12538
2019-05-07 19:25,12556
2019-05-07 19:30,12629
2019-05-07 19:35,12720
2019-05-07 19:40,12763
2019-05-07 19:45,12759
2019-05-07 19:50,12777
2019-05-07 19:55,12845
2019-05-07 20:00,12848
2019-05-07 20:05,12831
2019-05-07 20:10,12747
2019-05-07 20:15,12827
2019-05-07 20:20,12848
2019-05-07 20:25,12767
2019-05-07 20:30,12690
2019-05-07 20:35,12597
2019-05-07 20:40,12533
2019-05-07 20:45,12495
2019-05-07 20:50,12458
2019-05-07 20:55,12372
2019-05-07 21:00,12283
2019-05-07 21:05,12198
2019-05-07 21:10,12220
2019-05-07 21:15,12207
2019-05-07 21:20,12177
2019-05-07 21:25,12160
2019-05-07 21:30,12177
2019-05-07 21:35,12145
2019-05-07 21:40,12038
2019-05-07 21:45,11958
2019-05-07 21:50,11862
2019-05-07 21:55,11812
2019-05-07 22:00,11613
2019-05-07 22:05,11504
2019-05-07 22:10,11432
2019-05-07 22:15,11355
2019-05-07 22:20,11328
2019-05-07 22:25,11291
2019-05-07 22:30,11223
2019-05-07 22:35,11183
2019-05-07 22:40,11188
2019-05-07 22:45,11106
2019-05-07 22:50,11112
2019-05-07 22:55,11144
2019-05-07 23:00,11074
2019-05-07 23:05,10999
2019-05-07 23:10,10924
2019-05-07 23:15,10875
2019-05-07 23:20,0
2019-05-07 23:25,10379
2019-05-07 23:30,10731
2019-05-07 23:35,10740
2019-05-07 23:40,10840
2019-05-07 23:45,10852
2019-05-07 23:50,10793
2019-05-07 23:55,10808
2019-05-08 00:00,10778
2019-05-08 00:05,10789
2019-05-08 00:10,10815
2019-05-08 00:15,10829
2019-05-08 00:20,10887
2019-05-08 00:25,10911
2019-05-08 00:30,10907
2019-05-08 00:35,10896
2019-05-08 00:40,10967
2019-05-08 00:45,10965
2019-05-08 00:50,10909
2019-05-08 00:55,10933
2019-05-08 01:00,10952
2019-05-08 01:05,10976
2019-05-08 01:10,10949
2019-05-08 01:15,10917
2019-05-08 01:20,10991
2019-05-08 01:25,10995
2019-05-08 01:30,11005
2019-05-08 01:35,10990
2019-05-08 01:40,11051
2019-05-08 01:45,11098
2019-05-08 01:50,11038
2019-05-08 01:55,11067
2019-05-08 02:00,11060
2019-05-08 02:05,11063
2019-05-08 02:10,10971
2019-05-08 02:15,10906
2019-05-08 02:20,10854
2019-05-08 02:25,10726
2019-05-08 02:30,10653
2019-05-08 02:35,10605
2019-05-08 02:40,10524
2019-05-08 02:45,10475
2019-05-08 02:50,10423
2019-05-08 02:55,10334
2019-05-08 03:00,10233
2019-05-08 03:05,10176
2019-05-08 03:10,10036
2019-05-08 03:15,9930
2019-05-08 03:20,9818
2019-05-08 03:25,9652
2019-05-08 03:30,9652
2019-05-08 03:35,9505
2019-05-08 03:40,9428
2019-05-08 03:45,9314
2019-05-08 03:50,9210
2019-05-08 03:55,9089
2019-05-08 04:00,8949
2019-05-08 04:05,8794
2019-05-08 04:10,8687
2019-05-08 04:15,8607
2019-05-08 04:20,8456
2019-05-08 04:25,8342
2019-05-08 04:30,8241
2019-05-08 04:35,8082
2019-05-08 04:40,8015
2019-05-08 04:45,7936
2019-05-08 04:50,7807
2019-05-08 04:55,7671
2019-05-08 05:00,7549
2019-05-08 05:05,7381
2019-05-08 05:10,7239
2019-05-08 05:15,7129
2019-05-08 05:20,6959
2019-05-08 05:25,6863
2019-05-08 05:30,6713
2019-05-08 05:35,6584
2019-05-08 05:40,6513
2019-05-08 05:45,6337
2019-05-08 05:50,6279
2019-05-08 05:55,6201
2019-05-08 06:00,6095
2019-05-08 06:05,5962
2019-05-08 06:10,5871
2019-05-08 06:15,5767
2019-05-08 06:20,5700
2019-05-08 06:25,5605
2019-05-08 06:30,5515
2019-05-08 06:35,5425
2019-05-08 06:40,5355
2019-05-08 06:45,5262
2019-05-08 06:50,5183
2019-05-08 06:55,5105
2019-05-08 07:00,5010
2019-05-08 07:05,4936
2019-05-08 07:10,4814
2019-05-08 07:15,4732
2019-05-08 07:20,4671
2019-05-08 07:25,4647
2019-05-08 07:30,4586
2019-05-08 07:35,4578
2019-05-08 07:40,4533
2019-05-08 07:45,4521
2019-05-08 07:50,4419
2019-05-08 07:55,4385
2019-05-08 08:00,4331
2019-05-08 08:05,4290
2019-05-08 08:10,4262
2019-05-08 08:15,4230
2019-05-08 08:20,4218
2019-05-08 08:25,4223
2019-05-08 08:30,4205
2019-05-08 08:35,4240
2019-05-08 08:40,4220
2019-05-08 08:45,4230
2019-05-08 08:50,4275
2019-05-08 08:55,4320
2019-05-08 09:00,4355
2019-05-08 09:05,4403
2019-05-08 09:10,4471
2019-05-08 09:15,4529
2019-05-08 09:20,4543
2019-05-08 09:25,4591
2019-05-08 09:30,4632
2019-05-08 09:35,4661
2019-05-08 09:40,4659
2019-05-08 09:45,4708
2019-05-08 09:50,4728
2019-05-08 09:55,4700
2019-05-08 10:00,4733
2019-05-08 10:05,4739
2019-05-08 10:10,4749
2019-05-08 10:15,4816
2019-05-08 10:20,4876
2019-05-08 10:25,4893
2019-05-08 10:30,4939
2019-05-08 10:35,4982
2019-05-08 10:40,5014
2019-05-08 10:45,5029
2019-05-08 10:50,5076
2019-05-08 10:55,5096
2019-05-08 11:00,5097
2019-05-08 11:05,5128
2019-05-08 11:10,5188
2019-05-08 11:15,5238
2019-05-08 11:20,5299
2019-05-08 11:25,5321
2019-05-08 11:30,5377
2019-05-08 11:35,5417
2019-05-08 11:40,5517
2019-05-08 11:45,5553
2019-05-08 11:50,5653
2019-05-08 11:55,5754
2019-05-08 12:00,5792
2019-05-08 12:05,5865
2019-05-08 12:10,5927
2019-05-08 12:15,5958
2019-05-08 12:20,6039
2019-05-08 12:25,6098
2019-05-08 12:30,6191
2019-05-08 12:35,6246
2019-05-08 12:40,6297
2019-05-08 12:45,6394
2019-05-08 12:50,6487
2019-05-08 12:55,6567
2019-05-08 13:00,6631
2019-05-08 13:05,6759
2019-05-08 13:10,6875
2019-05-08 13:15,6972
2019-05-08 13:20,7136
2019-05-08 13:25,7227
2019-05-08 13:30,7328
2019-05-08 13:35,7418
2019-05-08 13:40,7538
2019-05-08 13:45,7676
2019-05-08 13:50,7791
2019-05-08 13:55,7879
2019-05-08 14:00,7917
2019-05-08 14:05,7971
2019-05-08 14:10,8067
2019-05-08 14:15,8159
2019-05-08 14:20,8211
2019-05-08 14:25,8289
2019-05-08 14:30,8364
2019-05-08 14:35,8446
2019-05-08 14:40,8541
2019-05-08 14:45,8662
2019-05-08 14:50,8737
2019-05-08 14:55,8815
2019-05-08 15:00,8835
2019-05-08 15:05,8795
2019-05-08 15:10,8877
2019-05-08 15:15,8953
2019-05-08 15:20,9001
2019-05-08 15:25,9002
2019-05-08 15:30,9118
2019-05-08 15:35,9192
2019-05-08 15:40,9253
2019-05-08 15:45,9310
2019-05-08 15:50,9421
2019-05-08 15:55,9479
2019-05-08 16:00,9559
2019-05-08 16:05,9611
2019-05-08 16:10,9676
2019-05-08 16:15,9724
2019-05-08 16:20,9816
2019-05-08 16:25,9824
2019-05-08 16:30,9935
2019-05-08 16:35,10063
2019-05-08 16:40,10130
2019-05-08 16:45,10187
2019-05-08 16:50,10282
2019-05-08 16:55,10428
2019-05-08 17:00,10532
2019-05-08 17:05,10546
2019-05-08 17:10,10625
2019-05-08 17:15,10760
2019-05-08 17:20,10855
2019-05-08 17:25,10916
2019-05-08 17:30,11010
2019-05-08 17:35,11036
2019-05-08 17:40,11132
2019-05-08 17:45,11186
2019-05-08 17:50,11317
2019-05-08 17:55,11440
2019-05-08 18:00,11532
2019-05-08 18:05,11544
2019-05-08 18:10,11605
2019-05-08 18:15,11656
2019-05-08 18:20,11789
2019-05-08 18:25,11835
2019-05-08 18:30,11958
2019-05-08 18:35,12056
2019-05-08 18:40,12164
2019-05-08 18:45,12197
2019-05-08 18:50,12217
2019-05-08 18:55,12262
2019-05-08 19:00,12255
2019-05-08 19:05,12273
2019-05-08 19:10,12257
2019-05-08 19:15,12254
2019-05-08 19:20,12349
2019-05-08 19:25,12362
2019-05-08 19:30,12366
2019-05-08 19:35,12382
2019-05-08 19:40,12423
2019-05-08 19:45,12464
2019-05-08 19:50,12501
2019-05-08 19:55,12518
2019-05-08 20:00,12441
2019-05-08 20:05,12443
2019-05-08 20:10,12395
2019-05-08 20:15,12381
2019-05-08 20:20,12318
2019-05-08 20:25,12301
2019-05-08 20:30,12230
2019-05-08 20:35,12155
2019-05-08 20:40,12168
2019-05-08 20:45,12120
2019-05-08 20:50,12054
2019-05-08 20:55,11998
2019-05-08 21:00,11881
2019-05-08 21:05,11743
2019-05-08 21:10,11710
2019-05-08 21:15,11784
2019-05-08 21:20,11759
2019-05-08 21:25,11687
2019-05-08 21:30,11653
2019-05-08 21:35,11603
2019-05-08 21:40,11529
2019-05-08 21:45,11293
2019-05-08 21:50,11408
2019-05-08 21:55,11341
2019-05-08 22:00,11098
2019-05-08 22:05,11257
2019-05-08 22:10,11153
2019-05-08 22:15,11128
2019-05-08 22:20,11076
2019-05-08 22:25,11018
2019-05-08 22:30,11003
2019-05-08 22:35,10943
2019-05-08 22:40,10932
2019-05-08 22:45,10928
2019-05-08 22:50,10885
2019-05-08 22:55,10816
2019-05-08 23:00,10745
2019-05-08 23:05,10721
2019-05-08 23:10,10615
2019-05-08 23:15,10545
2019-05-08 23:20,10563
2019-05-08 23:25,10577
2019-05-08 23:30,10626
2019-05-08 23:35,10583
2019-05-08 23:40,10555
2019-05-08 23:45,10539
2019-05-08 23:50,10527
2019-05-08 23:55,10454
2019-05-09 00:00,10437
2019-05-09 00:05,10454
2019-05-09 00:10,10448
2019-05-09 00:15,10503
2019-05-09 00:20,10514
2019-05-09 00:25,10546
2019-05-09 00:30,10531
2019-05-09 00:35,10513
2019-05-09 00:40,10523
2019-05-09 00:45,10581
2019-05-09 00:50,10585
2019-05-09 00:55,10620
2019-05-09 01:00,10617
2019-05-09 01:05,10631
2019-05-09 01:10,10670
2019-05-09 01:15,10681
2019-05-09 01:20,10675
2019-05-09 01:25,10753
2019-05-09 01:30,10788
2019-05-09 01:35,10824
2019-05-09 01:40,10883
2019-05-09 01:45,10876
2019-05-09 01:50,10845
2019-05-09 01:55,10822
2019-05-09 02:00,10773
2019-05-09 02:05,10773
2019-05-09 02:10,10687
2019-05-09 02:15,10653
2019-05-09 02:20,10590
2019-05-09 02:25,10567
2019-05-09 02:30,10518
2019-05-09 02:35,10453
2019-05-09 02:40,10370
2019-05-09 02:45,10355
2019-05-09 02:50,10235
2019-05-09 02:55,10129
2019-05-09 03:00,10043
2019-05-09 03:05,9889
2019-05-09 03:10,9827
2019-05-09 03:15,9748
2019-05-09 03:20,9658
2019-05-09 03:25,9571
2019-05-09 03:30,9459
2019-05-09 03:35,9389
2019-05-09 03:40,9312
2019-05-09 03:45,9200
2019-05-09 03:50,9109
2019-05-09 03:55,9088
2019-05-09 04:00,9034
2019-05-09 04:05,8918
2019-05-09 04:10,8739
2019-05-09 04:15,8622
2019-05-09 04:20,8517
2019-05-09 04:25,8429
2019-05-09 04:30,8352
2019-05-09 04:35,8231
2019-05-09 04:40,8132
2019-05-09 04:45,7962
2019-05-09 04:50,7860
2019-05-09 04:55,7712
2019-05-09 05:00,7584
2019-05-09 05:05,7470
2019-05-09 05:10,7389
2019-05-09 05:15,7306
2019-05-09 05:20,7187
2019-05-09 05:25,7059
2019-05-09 05:30,7007
2019-05-09 05:35,6893
2019-05-09 05:40,6774
2019-05-09 05:45,6646
2019-05-09 05:50,6547
2019-05-09 05:55,6420
2019-05-09 06:00,6282
2019-05-09 06:05,6133
2019-05-09 06:10,5972
2019-05-09 06:15,5859
2019-05-09 06:20,5710
2019-05-09 06:25,5595
2019-05-09 06:30,5462
2019-05-09 06:35,5418
2019-05-09 06:40,5343
2019-05-09 06:45,5230
2019-05-09 06:50,5141
2019-05-09 06:55,5038
2019-05-09 07:00,4962
2019-05-09 07:05,4884
2019-05-09 07:10,4815
2019-05-09 07:15,4744
2019-05-09 07:20,4694
2019-05-09 07:25,4653
2019-05-09 07:30,4613
2019-05-09 07:35,4559
2019-05-09 07:40,4510
2019-05-09 07:45,4531
2019-05-09 07:50,4491
2019-05-09 07:55,4508
2019-05-09 08:00,4481
2019-05-09 08:05,4481
2019-05-09 08:10,4427
2019-05-09 08:15,4414
2019-05-09 08:20,4376
2019-05-09 08:25,4333
2019-05-09 08:30,4351
2019-05-09 08:35,4308
2019-05-09 08:40,4287
2019-05-09 08:45,4294
2019-05-09 08:50,4303
2019-05-09 08:55,4315
2019-05-09 09:00,4338
2019-05-09 09:05,4356
2019-05-09 09:10,4405
2019-05-09 09:15,4421
2019-05-09 09:20,4465
2019-05-09 09:25,4459
2019-05-09 09:30,4484
2019-05-09 09:35,4494
2019-05-09 09:40,4494
2019-05-09 09:45,4488
2019-05-09 09:50,4531
2019-05-09 09:55,4555
2019-05-09 10:00,4535
2019-05-09 10:05,4578
2019-05-09 10:10,4598
2019-05-09 10:15,4639
2019-05-09 10:20,4670
2019-05-09 10:25,4744
2019-05-09 10:30,4771
2019-05-09 10:35,4797
2019-05-09 10:40,4839
2019-05-09 10:45,4840
2019-05-09 10:50,4846
2019-05-09 10:55,4918
2019-05-09 11:00,4948
2019-05-09 11:05,4937
2019-05-09 11:10,5025
2019-05-09 11:15,5046
2019-05-09 11:20,5080
2019-05-09 11:25,5169
2019-05-09 11:30,5162
2019-05-09 11:35,5195
2019-05-09 11:40,5211
2019-05-09 11:45,5285
2019-05-09 11:50,5317
2019-05-09 11:55,5369
2019-05-09 12:00,5428
2019-05-09 12:05,5482
2019-05-09 12:10,5562
2019-05-09 12:15,5625
2019-05-09 12:20,5693
2019-05-09 12:25,5742
2019-05-09 12:30,5835
2019-05-09 12:35,5879
2019-05-09 12:40,5950
2019-05-09 12:45,6011
2019-05-09 12:50,6099
2019-05-09 12:55,6227
2019-05-09 13:00,6325
2019-05-09 13:05,6448
2019-05-09 13:10,6512
2019-05-09 13:15,6567
2019-05-09 13:20,6618
2019-05-09 13:25,6696
2019-05-09 13:30,6797
2019-05-09 13:35,6844
2019-05-09 13:40,6990
2019-05-09 13:45,7097
2019-05-09 13:50,7107
2019-05-09 13:55,7187
2019-05-09 14:00,7270
2019-05-09 14:05,7381
2019-05-09 14:10,7501
2019-05-09 14:15,7653
2019-05-09 14:20,7746
2019-05-09 14:25,7802
2019-05-09 14:30,7833
2019-05-09 14:35,7897
2019-05-09 14:40,7977
2019-05-09 14:45,8007
2019-05-09 14:50,8036
2019-05-09 14:55,8077
2019-05-09 15:00,8140
2019-05-09 15:05,8233
2019-05-09 15:10,8294
2019-05-09 15:15,8418
2019-05-09 15:20,8449
2019-05-09 15:25,8538
2019-05-09 15:30,8587
2019-05-09 15:35,8657
2019-05-09 15:40,8714
2019-05-09 15:45,8807
2019-05-09 15:50,8898
2019-05-09 15:55,8923
2019-05-09 16:00,8999
2019-05-09 16:05,9119
2019-05-09 16:10,9217
2019-05-09 16:15,9236
2019-05-09 16:20,9277
2019-05-09 16:25,9397
2019-05-09 16:30,9434
2019-05-09 16:35,9511
2019-05-09 16:40,9610
2019-05-09 16:45,9640
2019-05-09 16:50,9747
2019-05-09 16:55,9839
2019-05-09 17:00,9944
2019-05-09 17:05,10004
2019-05-09 17:10,10147
2019-05-09 17:15,10255
2019-05-09 17:20,10339
2019-05-09 17:25,10421
2019-05-09 17:30,10586
2019-05-09 17:35,10673
2019-05-09 17:40,10707
2019-05-09 17:45,10826
2019-05-09 17:50,10912
2019-05-09 17:55,11006
2019-05-09 18:00,11090
2019-05-09 18:05,11180
2019-05-09 18:10,11160
2019-05-09 18:15,11246
2019-05-09 18:20,11309
2019-05-09 18:25,11440
2019-05-09 18:30,11506
2019-05-09 18:35,11594
2019-05-09 18:40,11765
2019-05-09 18:45,11878
2019-05-09 18:50,11967
2019-05-09 18:55,12006
2019-05-09 19:00,12063
2019-05-09 19:05,12160
2019-05-09 19:10,12256
2019-05-09 19:15,12260
2019-05-09 19:20,12194
2019-05-09 19:25,12195
2019-05-09 19:30,12288
2019-05-09 19:35,12292
2019-05-09 19:40,12318
2019-05-09 19:45,12323
2019-05-09 19:50,12309
2019-05-09 19:55,12258
2019-05-09 20:00,12263
2019-05-09 20:05,12311
2019-05-09 20:10,12270
2019-05-09 20:15,12271
2019-05-09 20:20,12210
2019-05-09 20:25,12170
2019-05-09 20:30,12165
2019-05-09 20:35,12128
2019-05-09 20:40,12142
2019-05-09 20:45,12098
2019-05-09 20:50,12062
2019-05-09 20:55,12035
2019-05-09 21:00,11955
2019-05-09 21:05,11803
2019-05-09 21:10,11734
2019-05-09 21:15,11639
2019-05-09 21:20,11577
2019-05-09 21:25,11518
2019-05-09 21:30,11469
2019-05-09 21:35,11456
2019-05-09 21:40,11459
2019-05-09 21:45,11414
2019-05-09 21:50,11397
2019-05-09 21:55,11278
2019-05-09 22:00,11226
2019-05-09 22:05,11162
2019-05-09 22:10,11033
2019-05-09 22:15,10991
2019-05-09 22:20,10904
2019-05-09 22:25,10917
2019-05-09 22:30,10851
2019-05-09 22:35,10796
2019-05-09 22:40,10710
2019-05-09 22:45,10675
2019-05-09 22:50,10671
2019-05-09 22:55,10647
2019-05-09 23:00,10616
2019-05-09 23:05,10537
2019-05-09 23:10,10434
2019-05-09 23:15,10376
2019-05-09 23:20,10322
2019-05-09 23:25,10304
2019-05-09 23:30,10325
2019-05-09 23:35,10296
2019-05-09 23:40,10314
2019-05-09 23:45,10306
2019-05-09 23:50,10196
2019-05-09 23:55,10168
2019-05-10 00:00,9344
2019-05-10 00:05,9316
2019-05-10 00:10,9360
2019-05-10 00:15,9437
2019-05-10 00:20,9531
2019-05-10 00:25,9676
2019-05-10 00:30,9748
2019-05-10 00:35,9761
2019-05-10 00:40,9801
2019-05-10 00:45,9891
2019-05-10 00:50,9947
2019-05-10 00:55,9978
2019-05-10 01:00,9979
2019-05-10 01:05,10050
2019-05-10 01:10,10152
2019-05-10 01:15,10180
2019-05-10 01:20,10272
2019-05-10 01:25,10329
2019-05-10 01:30,10368
2019-05-10 01:35,10348
2019-05-10 01:40,10423
2019-05-10 01:45,10447
2019-05-10 01:50,10494
2019-05-10 01:55,10490
2019-05-10 02:00,10422
2019-05-10 02:05,10422
2019-05-10 02:10,10483
2019-05-10 02:15,10466
2019-05-10 02:20,10467
2019-05-10 02:25,10412
2019-05-10 02:30,10351
2019-05-10 02:35,10381
2019-05-10 02:40,10260
2019-05-10 02:45,10216
2019-05-10 02:50,10157
2019-05-10 02:55,10082
2019-05-10 03:00,10024
2019-05-10 03:05,9960
2019-05-10 03:10,9818
2019-05-10 03:15,9728
2019-05-10 03:20,9620
2019-05-10 03:25,9509
2019-05-10 03:30,9404
2019-05-10 03:35,9300
2019-05-10 03:40,9241
2019-05-10 03:45,9134
2019-05-10 03:50,9040
2019-05-10 03:55,9000
2019-05-10 04:00,8989
2019-05-10 04:05,8891
2019-05-10 04:10,8774
2019-05-10 04:15,8642
2019-05-10 04:20,8566
2019-05-10 04:25,8471
2019-05-10 04:30,8329
2019-05-10 04:35,8178
2019-05-10 04:40,8045
2019-05-10 04:45,7959
2019-05-10 04:50,7786
2019-05-10 04:55,7702
2019-05-10 05:00,7530
2019-05-10 05:05,7463
2019-05-10 05:10,7326
2019-05-10 05:15,7178
2019-05-10 05:20,7083
2019-05-10 05:25,6988
2019-05-10 05:30,6834
2019-05-10 05:35,6720
2019-05-10 05:40,6608
2019-05-10 05:45,6497
2019-05-10 05:50,6442
2019-05-10 05:55,6321
2019-05-10 06:00,6217
2019-05-10 06:05,6071
2019-05-10 06:10,5961
2019-05-10 06:15,5848
2019-05-10 06:20,5808
2019-05-10 06:25,5690
2019-05-10 06:30,5592
2019-05-10 06:35,5416
2019-05-10 06:40,5304
2019-05-10 06:45,5196
2019-05-10 06:50,5070
2019-05-10 06:55,4922
2019-05-10 07:00,4804
2019-05-10 07:05,4668
2019-05-10 07:10,4532
2019-05-10 07:15,4410
2019-05-10 07:20,4306
2019-05-10 07:25,4198
2019-05-10 07:30,4090
2019-05-10 07:35,3555
2019-05-10 07:40,2947
2019-05-10 07:45,2426
2019-05-10 07:50,1906
2019-05-10 07:55,1588
2019-05-10 08:00,1401
2019-05-10 08:05,1246
2019-05-10 08:10,1170
2019-05-10 08:15,1207
2019-05-10 08:20,1450
2019-05-10 08:25,1716
2019-05-10 08:30,1992
2019-05-10 08:35,2249
2019-05-10 08:40,2482
2019-05-10 08:45,2650
2019-05-10 08:50,2847
2019-05-10 08:55,2995
2019-05-10 09:00,3174
2019-05-10 09:05,3328
2019-05-10 09:10,3501
2019-05-10 09:15,3646
2019-05-10 09:20,3766
2019-05-10 09:25,3837
2019-05-10 09:30,3930
2019-05-10 09:35,4000
2019-05-10 09:40,4083
2019-05-10 09:45,4150
2019-05-10 09:50,4244
2019-05-10 09:55,4308
2019-05-10 10:00,4363
2019-05-10 10:05,4438
2019-05-10 10:10,4505
2019-05-10 10:15,4567
2019-05-10 10:20,4632
2019-05-10 10:25,4692
2019-05-10 10:30,4747
2019-05-10 10:35,4779
2019-05-10 10:40,4841
2019-05-10 10:45,4850
2019-05-10 10:50,4882
2019-05-10 10:55,4976
2019-05-10 11:00,5036
2019-05-10 11:05,5063
2019-05-10 11:10,5148
2019-05-10 11:15,5146
2019-05-10 11:20,5223
2019-05-10 11:25,5236
2019-05-10 11:30,5254
2019-05-10 11:35,5301
2019-05-10 11:40,5370
2019-05-10 11:45,5397
2019-05-10 11:50,5477
2019-05-10 11:55,5519
2019-05-10 12:00,5550
2019-05-10 12:05,5624
2019-05-10 12:10,5695
2019-05-10 12:15,5769
2019-05-10 12:20,5846
2019-05-10 12:25,5904
2019-05-10 12:30,5973
2019-05-10 12:35,6071
2019-05-10 12:40,6168
2019-05-10 12:45,6303
2019-05-10 12:50,6424
2019-05-10 12:55,6497
2019-05-10 13:00,6599
2019-05-10 13:05,6710
2019-05-10 13:10,6824
2019-05-10 13:15,6945
2019-05-10 13:20,7097
2019-05-10 13:25,7205
2019-05-10 13:30,7242
2019-05-10 13:35,7374
2019-05-10 13:40,7466
2019-05-10 13:45,7547
2019-05-10 13:50,7640
2019-05-10 13:55,7726
2019-05-10 14:00,7802
2019-05-10 14:05,7918
2019-05-10 14:10,7936
2019-05-10 14:15,8004
2019-05-10 14:20,8141
2019-05-10 14:25,8234
2019-05-10 14:30,8348
2019-05-10 14:35,8363
2019-05-10 14:40,8415
2019-05-10 14:45,8564
2019-05-10 14:50,8660
2019-05-10 14:55,8746
2019-05-10 15:00,8800
2019-05-10 15:05,8825
2019-05-10 15:10,8887
2019-05-10 15:15,8935
2019-05-10 15:20,8992
2019-05-10 15:25,9062
2019-05-10 15:30,9131
2019-05-10 15:35,9243
2019-05-10 15:40,9288
2019-05-10 15:45,9306
2019-05-10 15:50,9419
2019-05-10 15:55,9538
2019-05-10 16:00,9590
2019-05-10 16:05,9694
2019-05-10 16:10,9807
2019-05-10 16:15,9805
2019-05-10 16:20,9837
2019-05-10 16:25,9904
2019-05-10 16:30,9962
2019-05-10 16:35,10044
2019-05-10 16:40,10138
2019-05-10 16:45,10169
2019-05-10 16:50,10226
2019-05-10 16:55,10306
2019-05-10 17:00,10311
2019-05-10 17:05,10365
2019-05-10 17:10,10464
2019-05-10 17:15,10564
2019-05-10 17:20,10688
2019-05-10 17:25,10801
2019-05-10 17:30,10854
2019-05-10 17:35,10977
2019-05-10 17:40,11075
2019-05-10 17:45,11123
2019-05-10 17:50,11145
2019-05-10 17:55,11247
2019-05-10 18:00,11359
2019-05-10 18:05,11426
2019-05-10 18:10,11507
2019-05-10 18:15,11562
2019-05-10 18:20,11608
2019-05-10 18:25,11665
2019-05-10 18:30,11039
2019-05-10 18:35,11188
2019-05-10 18:40,11361
2019-05-10 18:45,11496
2019-05-10 18:50,11620
2019-05-10 18:55,11695
2019-05-10 19:00,11797
2019-05-10 19:05,11942
2019-05-10 19:10,12095
2019-05-10 19:15,12160
2019-05-10 19:20,12239
2019-05-10 19:25,12344
2019-05-10 19:30,12445
2019-05-10 19:35,12542
2019-05-10 19:40,12599
2019-05-10 19:45,12680
2019-05-10 19:50,12708
2019-05-10 19:55,12763
2019-05-10 20:00,12720
2019-05-10 20:05,12814
2019-05-10 20:10,12867
2019-05-10 20:15,12892
2019-05-10 20:20,13010
2019-05-10 20:25,13014
2019-05-10 20:30,13063
2019-05-10 20:35,13111
2019-05-10 20:40,13078
2019-05-10 20:45,13103
2019-05-10 20:50,13037
2019-05-10 20:55,13054
2019-05-10 21:00,13076
2019-05-10 21:05,13043
2019-05-10 21:10,13102
2019-05-10 21:15,13068
2019-05-10 21:20,13020
2019-05-10 21:25,12975
2019-05-10 21:30,12936
2019-05-10 21:35,12819
2019-05-10 21:40,12775
2019-05-10 21:45,12693
2019-05-10 21:50,12613
2019-05-10 21:55,12544
2019-05-10 22:00,12480
2019-05-10 22:05,12421
2019-05-10 22:10,12381
2019-05-10 22:15,12335
2019-05-10 22:20,12281
2019-05-10 22:25,12093
2019-05-10 22:30,11986
2019-05-10 22:35,11943
2019-05-10 22:40,11901
2019-05-10 22:45,11814
2019-05-10 22:50,11691
2019-05-10 22:55,11597
2019-05-10 23:00,11568
2019-05-10 23:05,11540
2019-05-10 23:10,11459
2019-05-10 23:15,11386
2019-05-10 23:20,11387
2019-05-10 23:25,11359
2019-05-10 23:30,11245
2019-05-10 23:35,11187
2019-05-10 23:40,11156
2019-05-10 23:45,11095
2019-05-10 23:50,11052
2019-05-10 23:55,11007
2019-05-11 00:00,10832
2019-05-11 00:05,10784
2019-05-11 00:10,10712
2019-05-11 00:15,10692
2019-05-11 00:20,10675
2019-05-11 00:25,10656
2019-05-11 00:30,10631
2019-05-11 00:35,10562
2019-05-11 00:40,10629
2019-05-11 00:45,10561
2019-05-11 00:50,10542
2019-05-11 00:55,10554
2019-05-11 01:00,10588
2019-05-11 01:05,10583
2019-05-11 01:10,10587
2019-05-11 01:15,10592
2019-05-11 01:20,10617
2019-05-11 01:25,10666
2019-05-11 01:30,10719
2019-05-11 01:35,10710
2019-05-11 01:40,10716
2019-05-11 01:45,10788
2019-05-11 01:50,10821
2019-05-11 01:55,10822
2019-05-11 02:00,10827
2019-05-11 02:05,10871
2019-05-11 02:10,10871
2019-05-11 02:15,10878
2019-05-11 02:20,10930
2019-05-11 02:25,10927
2019-05-11 02:30,10938
2019-05-11 02:35,10964
2019-05-11 02:40,10958
2019-05-11 02:45,10967
2019-05-11 02:50,11003
2019-05-11 02:55,10952
2019-05-11 03:00,10905
2019-05-11 03:05,10811
2019-05-11 03:10,10824
2019-05-11 03:15,10795
2019-05-11 03:20,10754
2019-05-11 03:25,10688
2019-05-11 03:30,10697
2019-05-11 03:35,10644
2019-05-11 03:40,10608
2019-05-11 03:45,10555
2019-05-11 03:50,10511
2019-05-11 03:55,10494
2019-05-11 04:00,10402
2019-05-11 04:05,10351
2019-05-11 04:10,10281
2019-05-11 04:15,10230
2019-05-11 04:20,10116
2019-05-11 04:25,10066
2019-05-11 04:30,9993
2019-05-11 04:35,9937
2019-05-11 04:40,9803
2019-05-11 04:45,9732
2019-05-11 04:50,9655
2019-05-11 04:55,9577
2019-05-11 05:00,9471
2019-05-11 05:05,9312
2019-05-11 05:10,9188
2019-05-11 05:15,9035
2019-05-11 05:20,8919
2019-05-11 05:25,8801
2019-05-11 05:30,8724
2019-05-11 05:35,8628
2019-05-11 05:40,8543
2019-05-11 05:45,8407
2019-05-11 05:50,8254
2019-05-11 05:55,8119
2019-05-11 06:00,8000
2019-05-11 06:05,7925
2019-05-11 06:10,7743
2019-05-11 06:15,7657
2019-05-11 06:20,7567
2019-05-11 06:25,7493
2019-05-11 06:30,7388
2019-05-11 06:35,7256
2019-05-11 06:40,7164
2019-05-11 06:45,7041
2019-05-11 06:50,6923
2019-05-11 06:55,6829
2019-05-11 07:00,6722
2019-05-11 07:05,6648
2019-05-11 07:10,6548
2019-05-11 07:15,6516
2019-05-11 07:20,6460
2019-05-11 07:25,6334
2019-05-11 07:30,6236
2019-05-11 07:35,6219
2019-05-11 07:40,6174
2019-05-11 07:45,6100
2019-05-11 07:50,6046
2019-05-11 07:55,6006
2019-05-11 08:00,5974
2019-05-11 08:05,5950
2019-05-11 08:10,5940
2019-05-11 08:15,5912
2019-05-11 08:20,5871
2019-05-11 08:25,5856
2019-05-11 08:30,5869
2019-05-11 08:35,5890
2019-05-11 08:40,5837
2019-05-11 08:45,5848
2019-05-11 08:50,5900
2019-05-11 08:55,5901
2019-05-11 09:00,5887
2019-05-11 09:05,5922
2019-05-11 09:10,5911
2019-05-11 09:15,6007
2019-05-11 09:20,6026
2019-05-11 09:25,6037
2019-05-11 09:30,6100
2019-05-11 09:35,6149
2019-05-11 09:40,6133
2019-05-11 09:45,6203
2019-05-11 09:50,6242
2019-05-11 09:55,6290
2019-05-11 10:00,6279
2019-05-11 10:05,6296
2019-05-11 10:10,6341
2019-05-11 10:15,6341
2019-05-11 10:20,6386
2019-05-11 10:25,6413
2019-05-11 10:30,6472
2019-05-11 10:35,6546
2019-05-11 10:40,6551
2019-05-11 10:45,6615
2019-05-11 10:50,6675
2019-05-11 10:55,6695
2019-05-11 11:00,6745
2019-05-11 11:05,6801
2019-05-11 11:10,6890
2019-05-11 11:15,7007
2019-05-11 11:20,7046
2019-05-11 11:25,7101
2019-05-11 11:30,7120
2019-05-11 11:35,7129
2019-05-11 11:40,7197
2019-05-11 11:45,7344
2019-05-11 11:50,7440
2019-05-11 11:55,7493
2019-05-11 12:00,7537
2019-05-11 12:05,7584
2019-05-11 12:10,7639
2019-05-11 12:15,7678
2019-05-11 12:20,7799
2019-05-11 12:25,7883
2019-05-11 12:30,7944
2019-05-11 12:35,8034
2019-05-11 12:40,8213
2019-05-11 12:45,8356
2019-05-11 12:50,8435
2019-05-11 12:55,8518
2019-05-11 13:00,8577
2019-05-11 13:05,8688
2019-05-11 13:10,8760
2019-05-11 13:15,8849
2019-05-11 13:20,8912
2019-05-11 13:25,9030
2019-05-11 13:30,9159
2019-05-11 13:35,9249
2019-05-11 13:40,9288
2019-05-11 13:45,9363
2019-05-11 13:50,9501
2019-05-11 13:55,9622
2019-05-11 14:00,9701
2019-05-11 14:05,9757
2019-05-11 14:10,
2019-05-11 14:15,9928
2019-05-11 14:20,10028
2019-05-11 14:25,10084
2019-05-11 14:30,10229
2019-05-11 14:35,10339
2019-05-11 14:40,10378
2019-05-11 14:45,10427
2019-05-11 14:50,10497
2019-05-11 14:55,10590
2019-05-11 15:00,10629
2019-05-11 15:05,10737
2019-05-11 15:10,10809
2019-05-11 15:15,10895
2019-05-11 15:20,10913
2019-05-11 15:25,11021
2019-05-11 15:30,11108
2019-05-11 15:35,11199
2019-05-11 15:40,11291
2019-05-11 15:45,11305
2019-05-11 15:50,11331
2019-05-11 15:55,11343
2019-05-11 16:00,11429
2019-05-11 16:05,11466
2019-05-11 16:10,11518
2019-05-11 16:15,11584
2019-05-11 16:20,11591
2019-05-11 16:25,11618
2019-05-11 16:30,11645
2019-05-11 16:35,11671
2019-05-11 16:40,11709
2019-05-11 16:45,11757
2019-05-11 16:50,11875
2019-05-11 16:55,11911
2019-05-11 17:00,12011
2019-05-11 17:05,12075
2019-05-11 17:10,12178
2019-05-11 17:15,12297
2019-05-11 17:20,12333
2019-05-11 17:25,12401
2019-05-11 17:30,12564
2019-05-11 17:35,12619
2019-05-11 17:40,12698
2019-05-11 17:45,12757
2019-05-11 17:50,12791
2019-05-11 17:55,12874
2019-05-11 18:00,12932
2019-05-11 18:05,12973
2019-05-11 18:10,12996
2019-05-11 18:15,13091
2019-05-11 18:20,13197
2019-05-11 18:25,13348
2019-05-11 18:30,13434
2019-05-11 18:35,13570
2019-05-11 18:40,13605
2019-05-11 18:45,13634
2019-05-11 18:50,13683
2019-05-11 18:55,13799
2019-05-11 19:00,13810
2019-05-11 19:05,13881
2019-05-11 19:10,13933
2019-05-11 19:15,13948
2019-05-11 19:20,14002
2019-05-11 19:25,14007
2019-05-11 19:30,14050
2019-05-11 19:35,14139
2019-05-11 19:40,14224
2019-05-11 19:45,14187
2019-05-11 19:50,14280
2019-05-11 19:55,14333
2019-05-11 20:00,14340
2019-05-11 20:05,14324
2019-05-11 20:10,14342
2019-05-11 20:15,14367
2019-05-11 20:20,14361
2019-05-11 20:25,14416
2019-05-11 20:30,14339
2019-05-11 20:35,14325
2019-05-11 20:40,14422
2019-05-11 20:45,14450
2019-05-11 20:50,14497
2019-05-11 20:55,14462
2019-05-11 21:00,14466
2019-05-11 21:05,14430
2019-05-11 21:10,14343
2019-05-11 21:15,14372
2019-05-11 21:20,14379
2019-05-11 21:25,14296
2019-05-11 21:30,14258
2019-05-11 21:35,14183
2019-05-11 21:40,14144
2019-05-11 21:45,14050
2019-05-11 21:50,14032
2019-05-11 21:55,13922
2019-05-11 22:00,13786
2019-05-11 22:05,13702
2019-05-11 22:10,13570
2019-05-11 22:15,13418
2019-05-11 22:20,13349
2019-05-11 22:25,13185
2019-05-11 22:30,13043
2019-05-11 22:35,12967
2019-05-11 22:40,12886
2019-05-11 22:45,12768
2019-05-11 22:50,12674
2019-05-11 22:55,12537
2019-05-11 23:00,12421
2019-05-11 23:05,12320
2019-05-11 23:10,12245
2019-05-11 23:15,12139
2019-05-11 23:20,12045
2019-05-11 23:25,11961
2019-05-11 23:30,11823
2019-05-11 23:35,11797
2019-05-11 23:40,11764
2019-05-11 23:45,11707
2019-05-11 23:50,11655
2019-05-11 23:55,11605
2019-05-12 00:00,11464
2019-05-12 00:05,11370
2019-05-12 00:10,11263
2019-05-12 00:15,11237
2019-05-12 00:20,11189
2019-05-12 00:25,11078
2019-05-12 00:30,10986
2019-05-12 00:35,10948
2019-05-12 00:40,10955
2019-05-12 00:45,10894
2019-05-12 00:50,10853
2019-05-12 00:55,10850
2019-05-12 01:00,10789
2019-05-12 01:05,10775
2019-05-12 01:10,10783
2019-05-12 01:15,10751
2019-05-12 01:20,10720
2019-05-12 01:25,10692
2019-05-12 01:30,10724
2019-05-12 01:35,10738
2019-05-12 01:40,10792
2019-05-12 01:45,10775
2019-05-12 01:50,10764
2019-05-12 01:55,10722
2019-05-12 02:00,10778
2019-05-12 02:05,10780
2019-05-12 02:10,10762
2019-05-12 02:15,10840
2019-05-12 02:20,10899
2019-05-12 02:25,10938
2019-05-12 02:30,11008
2019-05-12 02:35,11028
2019-05-12 02:40,10990
2019-05-12 02:45,10985
2019-05-12 02:50,10941
2019-05-12 02:55,10896
2019-05-12 03:00,10906
2019-05-12 03:05,10894
2019-05-12 03:10,10890
2019-05-12 03:15,10851
2019-05-12 03:20,10886
2019-05-12 03:25,10874
2019-05-12 03:30,10862
2019-05-12 03:35,10832
2019-05-12 03:40,10794
2019-05-12 03:45,10720
2019-05-12 03:50,10717
2019-05-12 03:55,10683
2019-05-12 04:00,10708
2019-05-12 04:05,10661
2019-05-12 04:10,10487
2019-05-12 04:15,10424
2019-05-12 04:20,10359
2019-05-12 04:25,10340
2019-05-12 04:30,10276
2019-05-12 04:35,10169
2019-05-12 04:40,10067
2019-05-12 04:45,9959
2019-05-12 04:50,9831
2019-05-12 04:55,9756
2019-05-12 05:00,9604
2019-05-12 05:05,9528
2019-05-12 05:10,9418
2019-05-12 05:15,9290
2019-05-12 05:20,9173
2019-05-12 05:25,9104
2019-05-12 05:30,8982
2019-05-12 05:35,8842
2019-05-12 05:40,8729
2019-05-12 05:45,8634
2019-05-12 05:50,8503
2019-05-12 05:55,8352
2019-05-12 06:00,8253
2019-05-12 06:05,8184
2019-05-12 06:10,8044
2019-05-12 06:15,7901
2019-05-12 06:20,7763
2019-05-12 06:25,7677
2019-05-12 06:30,7598
2019-05-12 06:35,7513
2019-05-12 06:40,7373
2019-05-12 06:45,7259
2019-05-12 06:50,7191
2019-05-12 06:55,7089
2019-05-12 07:00,7008
2019-05-12 07:05,6872
2019-05-12 07:10,6787
2019-05-12 07:15,6687
2019-05-12 07:20,6565
2019-05-12 07:25,6487
2019-05-12 07:30,6452
2019-05-12 07:35,6391
2019-05-12 07:40,6366
2019-05-12 07:45,6312
2019-05-12 07:50,6232
2019-05-12 07:55,6206
2019-05-12 08:00,6168
2019-05-12 08:05,6052
2019-05-12 08:10,6058
2019-05-12 08:15,6048
2019-05-12 08:20,6020
2019-05-12 08:25,6007
2019-05-12 08:30,6036
2019-05-12 08:35,6037
2019-05-12 08:40,6035
2019-05-12 08:45,6025
2019-05-12 08:50,6024
2019-05-12 08:55,6069
2019-05-12 09:00,6050
2019-05-12 09:05,6111
2019-05-12 09:10,6151
2019-05-12 09:15,6218
2019-05-12 09:20,6251
2019-05-12 09:25,6276
2019-05-12 09:30,6292
2019-05-12 09:35,6361
2019-05-12 09:40,6367
2019-05-12 09:45,6424
2019-05-12 09:50,6459
2019-05-12 09:55,6510
2019-05-12 10:00,6543
2019-05-12 10:05,6577
2019-05-12 10:10,6665
2019-05-12 10:15,6741
2019-05-12 10:20,6753
2019-05-12 10:25,6853
2019-05-12 10:30,6856
2019-05-12 10:35,6950
2019-05-12 10:40,6996
2019-05-12 10:45,7051
2019-05-12 10:50,7122
2019-05-12 10:55,7157
2019-05-12 11:00,7216
2019-05-12 11:05,7291
2019-05-12 11:10,7326
2019-05-12 11:15,7374
2019-05-12 11:20,7378
2019-05-12 11:25,7434
2019-05-12 11:30,7501
2019-05-12 11:35,
2019-05-12 11:40,7610
2019-05-12 11:45,7722
2019-05-12 11:50,7753
2019-05-12 11:55,7816
2019-05-12 12:00,7863
2019-05-12 12:05,7933
2019-05-12 12:10,8001
2019-05-12 12:15,8105
2019-05-12 12:20,8109
2019-05-12 12:25,8203
2019-05-12 12:30,8249
2019-05-12 12:35,8361
2019-05-12 12:40,8427
2019-05-12 12:45,8526
2019-05-12 12:50,8544
2019-05-12 12:55,8580
2019-05-12 13:00,8645
2019-05-12 13:05,8704
2019-05-12 13:10,8790
2019-05-12 13:15,8881
2019-05-12 13:20,8988
2019-05-12 13:25,9079
2019-05-12 13:30,9100
2019-05-12 13:35,9183
2019-05-12 13:40,9340
2019-05-12 13:45,9442
2019-05-12 13:50,9551
2019-05-12 13:55,9635
2019-05-12 14:00,9712
2019-05-12 14:05,9764
2019-05-12 14:10,9909
2019-05-12 14:15,10077
2019-05-12 14:20,10149
2019-05-12 14:25,10190
2019-05-12 14:30,10239
2019-05-12 14:35,10325
2019-05-12 14:40,10359
2019-05-12 14:45,10431
2019-05-12 14:50,10502
2019-05-12 14:55,10605
2019-05-12 15:00,10706
2019-05-12 15:05,10760
2019-05-12 15:10,10857
2019-05-12 15:15,10890
2019-05-12 15:20,10970
2019-05-12 15:25,11008
2019-05-12 15:30,11107
2019-05-12 15:35,11166
2019-05-12 15:40,11298
2019-05-12 15:45,11385
2019-05-12 15:50,11444
2019-05-12 15:55,11487
2019-05-12 16:00,11572
2019-05-12 16:05,11647
2019-05-12 16:10,11732
2019-05-12 16:15,11757
2019-05-12 16:20,11862
2019-05-12 16:25,11942
2019-05-12 16:30,12042
2019-05-12 16:35,12157
2019-05-12 16:40,12232
2019-05-12 16:45,12346
2019-05-12 16:50,12396
2019-05-12 16:55,12449
2019-05-12 17:00,12590
2019-05-12 17:05,12640
2019-05-12 17:10,12753
2019-05-12 17:15,12852
2019-05-12 17:20,12963
2019-05-12 17:25,12994
2019-05-12 17:30,13173
2019-05-12 17:35,13228
2019-05-12 17:40,13269
2019-05-12 17:45,13364
2019-05-12 17:50,13472
2019-05-12 17:55,13521
2019-05-12 18:00,13633
2019-05-12 18:05,13709
2019-05-12 18:10,13784
2019-05-12 18:15,13812
2019-05-12 18:20,13883
2019-05-12 18:25,13971
2019-05-12 18:30,14009
2019-05-12 18:35,14134
2019-05-12 18:40,14245
2019-05-12 18:45,14361
2019-05-12 18:50,14392
2019-05-12 18:55,14496
2019-05-12 19:00,14524
2019-05-12 19:05,14552
2019-05-12 19:10,14619
2019-05-12 19:15,14600
2019-05-12 19:20,14651
2019-05-12 19:25,14657
2019-05-12 19:30,14664
2019-05-12 19:35,14739
2019-05-12 19:40,14743
2019-05-12 19:45,14755
2019-05-12 19:50,14707
2019-05-12 19:55,14667
2019-05-12 20:00,14582
2019-05-12 20:05,14484
2019-05-12 20:10,14486
2019-05-12 20:15,14416
2019-05-12 20:20,14362
2019-05-12 20:25,14304
2019-05-12 20:30,14207
2019-05-12 20:35,14171
2019-05-12 20:40,14071
2019-05-12 20:45,13960
2019-05-12 20:50,13946
2019-05-12 20:55,13934
2019-05-12 21:00,13823
2019-05-12 21:05,13734
2019-05-12 21:10,13658
2019-05-12 21:15,13623
2019-05-12 21:20,13591
2019-05-12 21:25,13497
2019-05-12 21:30,13418
2019-05-12 21:35,13280
2019-05-12 21:40,13204
2019-05-12 21:45,13049
2019-05-12 21:50,12972
2019-05-12 21:55,12798
2019-05-12 22:00,12660
2019-05-12 22:05,12525
2019-05-12 22:10,12352
2019-05-12 22:15,12205
2019-05-12 22:20,12124
2019-05-12 22:25,12086
2019-05-12 22:30,12017
2019-05-12 22:35,11868
2019-05-12 22:40,11771
2019-05-12 22:45,11784
2019-05-12 22:50,11674
2019-05-12 22:55,11592
2019-05-12 23:00,11526
2019-05-12 23:05,11461
2019-05-12 23:10,11438
2019-05-12 23:15,11366
2019-05-12 23:20,11304
2019-05-12 23:25,11212
2019-05-12 23:30,11193
2019-05-12 23:35,11144
2019-05-12 23:40,11136
2019-05-12 23:45,11111
2019-05-12 23:50,11083
2019-05-12 23:55,11026
2019-05-13 00:00,11019
2019-05-13 00:05,10992
2019-05-13 00:10,10982
2019-05-13 00:15,10937
2019-05-13 00:20,10896
2019-05-13 00:25,10863
2019-05-13 00:30,10830
2019-05-13 00:35,10758
2019-05-13 00:40,10685
2019-05-13 00:45,10578
2019-05-13 00:50,10470
2019-05-13 00:55,10279
2019-05-13 01:00,10123
2019-05-13 01:05,9967
2019-05-13 01:10,9804
2019-05-13 01:15,9750
2019-05-13 01:20,9759
2019-05-13 01:25,9606
2019-05-13 01:30,9549
2019-05-13 01:35,9481
2019-05-13 01:40,9389
2019-05-13 01:45,9358
2019-05-13 01:50,9332
2019-05-13 01:55,9344
2019-05-13 02:00,9345
2019-05-13 02:05,9305
2019-05-13 02:10,9247
2019-05-13 02:15,9152
2019-05-13 02:20,9100
2019-05-13 02:25,9070
2019-05-13 02:30,9065
2019-05-13 02:35,9070
2019-05-13 02:40,9115
2019-05-13 02:45,9079
2019-05-13 02:50,9088
2019-05-13 02:55,9067
2019-05-13 03:00,9057
2019-05-13 03:05,8967
2019-05-13 03:10,8937
2019-05-13 03:15,8937
2019-05-13 03:20,8907
2019-05-13 03:25,8867
2019-05-13 03:30,8834
2019-05-13 03:35,8773
2019-05-13 03:40,8753
2019-05-13 03:45,8719
2019-05-13 03:50,8656
2019-05-13 03:55,8541
2019-05-13 04:00,8421
2019-05-13 04:05,8343
2019-05-13 04:10,8198
2019-05-13 04:15,8098
2019-05-13 04:20,7899
2019-05-13 04:25,7825
2019-05-13 04:30,7723
2019-05-13 04:35,7609
2019-05-13 04:40,7495
2019-05-13 04:45,7357
2019-05-13 04:50,7255
2019-05-13 04:55,7072
2019-05-13 05:00,6979
2019-05-13 05:05,6833
2019-05-13 05:10,6700
2019-05-13 05:15,6580
2019-05-13 05:20,6442
2019-05-13 05:25,6313
2019-05-13 05:30,6233
2019-05-13 05:35,6126
2019-05-13 05:40,6049
2019-05-13 05:45,5929
2019-05-13 05:50,5820
2019-05-13 05:55,5755
2019-05-13 06:00,5660
2019-05-13 06:05,5568
2019-05-13 06:10,5439
2019-05-13 06:15,5310
2019-05-13 06:20,5256
2019-05-13 06:25,5128
2019-05-13 06:30,5069
2019-05-13 06:35,5003
2019-05-13 06:40,4905
2019-05-13 06:45,4815
2019-05-13 06:50,4763
2019-05-13 06:55,4679
2019-05-13 07:00,4575
2019-05-13 07:05,4519
2019-05-13 07:10,4411
2019-05-13 07:15,4359
2019-05-13 07:20,4301
2019-05-13 07:25,4244
2019-05-13 07:30,4183
2019-05-13 07:35,4131
2019-05-13 07:40,4093
2019-05-13 07:45,4025
2019-05-13 07:50,3976
2019-05-13 07:55,3976
2019-05-13 08:00,3940
2019-05-13 08:05,3905
2019-05-13 08:10,3888
2019-05-13 08:15,3890
2019-05-13 08:20,3869
2019-05-13 08:25,3857
2019-05-13 08:30,3845
2019-05-13 08:35,3842
2019-05-13 08:40,3827
2019-05-13 08:45,3820
2019-05-13 08:50,3820
2019-05-13 08:55,3793
2019-05-13 09:00,3819
2019-05-13 09:05,3843
2019-05-13 09:10,3804
2019-05-13 09:15,3840
2019-05-13 09:20,3861
2019-05-13 09:25,3895
2019-05-13 09:30,3925
2019-05-13 09:35,3938
2019-05-13 09:40,3934
2019-05-13 09:45,3926
2019-05-13 09:50,3961
2019-05-13 09:55,3984
2019-05-13 10:00,4005
2019-05-13 10:05,4008
2019-05-13 10:10,4020
2019-05-13 10:15,4060
2019-05-13 10:20,4055
2019-05-13 10:25,4053
2019-05-13 10:30,4077
2019-05-13 10:35,4106
2019-05-13 10:40,4148
2019-05-13 10:45,4202
2019-05-13 10:50,4217
2019-05-13 10:55,4222
2019-05-13 11:00,4211
2019-05-13 11:05,4267
2019-05-13 11:10,4283
2019-05-13 11:15,4334
2019-05-13 11:20,4358
2019-05-13 11:25,4354
2019-05-13 11:30,4407
2019-05-13 11:35,4485
2019-05-13 11:40,4532
2019-05-13 11:45,4595
2019-05-13 11:50,4627
2019-05-13 11:55,4695
2019-05-13 12:00,4761
2019-05-13 12:05,4826
2019-05-13 12:10,4909
2019-05-13 12:15,4934
2019-05-13 12:20,4970
2019-05-13 12:25,5004
2019-05-13 12:30,5071
2019-05-13 12:35,5150
2019-05-13 12:40,5218
2019-05-13 12:45,5253
2019-05-13 12:50,5316
2019-05-13 12:55,5447
2019-05-13 13:00,5475
2019-05-13 13:05,5468
2019-05-13 13:10,5565
2019-05-13 13:15,5672
2019-05-13 13:20,5774
2019-05-13 13:25,5896
2019-05-13 13:30,5974
2019-05-13 13:35,6090
2019-05-13 13:40,6232
2019-05-13 13:45,6333
2019-05-13 13:50,6455
2019-05-13 13:55,6541
2019-05-13 14:00,6629
2019-05-13 14:05,6747
2019-05-13 14:10,6814
2019-05-13 14:15,6905
2019-05-13 14:20,7042
2019-05-13 14:25,7120
2019-05-13 14:30,7184
2019-05-13 14:35,7271
2019-05-13 14:40,7336
2019-05-13 14:45,7388
2019-05-13 14:50,7472
2019-05-13 14:55,7511
2019-05-13 15:00,7616
2019-05-13 15:05,7680
2019-05-13 15:10,7717
2019-05-13 15:15,7873
2019-05-13 15:20,7955
2019-05-13 15:25,8031
2019-05-13 15:30,8088
2019-05-13 15:35,8134
2019-05-13 15:40,8197
2019-05-13 15:45,8266
2019-05-13 15:50,8388
2019-05-13 15:55,8472
2019-05-13 16:00,8530
2019-05-13 16:05,8643
2019-05-13 16:10,8824
2019-05-13 16:15,8923
2019-05-13 16:20,8957
2019-05-13 16:25,9077
2019-05-13 16:30,9154
2019-05-13 16:35,9206
2019-05-13 16:40,9313
2019-05-13 16:45,9373
2019-05-13 16:50,9420
2019-05-13 16:55,9457
2019-05-13 17:00,9547
2019-05-13 17:05,9617
2019-05-13 17:10,9706
2019-05-13 17:15,9860
2019-05-13 17:20,9921
2019-05-13 17:25,10053
2019-05-13 17:30,10136
2019-05-13 17:35,10247
2019-05-13 17:40,10374
2019-05-13 17:45,10497
2019-05-13 17:50,10586
2019-05-13 17:55,10687
2019-05-13 18:00,10804
2019-05-13 18:05,10918
2019-05-13 18:10,11018
2019-05-13 18:15,11137
2019-05-13 18:20,11259
2019-05-13 18:25,11344
2019-05-13 18:30,11424
2019-05-13 18:35,11544
2019-05-13 18:40,11755
2019-05-13 18:45,11809
2019-05-13 18:50,11853
2019-05-13 18:55,11860
2019-05-13 19:00,11874
2019-05-13 19:05,11927
2019-05-13 19:10,11925
2019-05-13 19:15,11965
2019-05-13 19:20,12026
2019-05-13 19:25,12078
2019-05-13 19:30,12107
2019-05-13 19:35,12267
2019-05-13 19:40,12317
2019-05-13 19:45,12355
2019-05-13 19:50,12338
2019-05-13 19:55,12328
2019-05-13 20:00,12245
2019-05-13 20:05,12229
2019-05-13 20:10,12171
2019-05-13 20:15,12178
2019-05-13 20:20,12206
2019-05-13 20:25,12255
2019-05-13 20:30,12225
2019-05-13 20:35,12139
2019-05-13 20:40,12100
2019-05-13 20:45,12037
2019-05-13 20:50,11989
2019-05-13 20:55,11915
2019-05-13 21:00,11817
2019-05-13 21:05,11677
2019-05-13 21:10,11575
2019-05-13 21:15,11533
2019-05-13 21:20,11435
2019-05-13 21:25,
2019-05-13 21:30,11295
2019-05-13 21:35,11198
2019-05-13 21:40,11166
2019-05-13 21:45,11136
2019-05-13 21:50,11006
2019-05-13 21:55,10939
2019-05-13 22:00,10894
2019-05-13 22:05,10814
2019-05-13 22:10,10677
2019-05-13 22:15,10580
2019-05-13 22:20,10529
2019-05-13 22:25,10470
2019-05-13 22:30,10406
2019-05-13 22:35,10417
2019-05-13 22:40,10366
2019-05-13 22:45,10312
2019-05-13 22:50,10295
2019-05-13 22:55,10231
2019-05-13 23:00,10231
2019-05-13 23:05,10239
2019-05-13 23:10,10224
2019-05-13 23:15,10203
2019-05-13 23:20,10244
2019-05-13 23:25,10236
2019-05-13 23:30,10278
2019-05-13 23:35,10225
2019-05-13 23:40,10225
2019-05-13 23:45,10280
2019-05-13 23:50,10285
2019-05-13 23:55,10245
2019-05-14 00:00,10333
2019-05-14 00:05,10294
2019-05-14 00:10,10337
2019-05-14 00:15,10314
2019-05-14 00:20,10305
2019-05-14 00:25,10312
2019-05-14 00:30,10348
2019-05-14 00:35,10355
2019-05-14 00:40,10436
2019-05-14 00:45,10453
2019-05-14 00:50,10438
2019-05-14 00:55,10488
2019-05-14 01:00,10486
2019-05-14 01:05,10521
2019-05-14 01:10,10571
2019-05-14 01:15,10637
2019-05-14 01:20,10634
2019-05-14 01:25,10635
2019-05-14 01:30,10630
2019-05-14 01:35,10623
2019-05-14 01:40,10599
2019-05-14 01:45,10574
2019-05-14 01:50,10565
2019-05-14 01:55,10535
2019-05-14 02:00,10523
2019-05-14 02:05,10509
2019-05-14 02:10,10434
2019-05-14 02:15,10363
2019-05-14 02:20,10328
2019-05-14 02:25,10295
2019-05-14 02:30,10253
2019-05-14 02:35,10199
2019-05-14 02:40,10204
2019-05-14 02:45,10098
2019-05-14 02:50,10101
2019-05-14 02:55,10094
2019-05-14 03:00,10011
2019-05-14 03:05,9910
2019-05-14 03:10,9687
2019-05-14 03:15,9332
2019-05-14 03:20,8634
2019-05-14 03:25,8337
2019-05-14 03:30,8353
2019-05-14 03:35,8336
2019-05-14 03:40,8316
2019-05-14 03:45,8279
2019-05-14 03:50,8254
2019-05-14 03:55,8199
2019-05-14 04:00,8154
2019-05-14 04:05,8078
2019-05-14 04:10,7999
2019-05-14 04:15,7971
2019-05-14 04:20,7925
2019-05-14 04:25,7844
2019-05-14 04:30,7755
2019-05-14 04:35,7621
2019-05-14 04:40,7527
2019-05-14 04:45,7391
2019-05-14 04:50,7379
2019-05-14 04:55,7316
2019-05-14 05:00,7226
2019-05-14 05:05,7097
2019-05-14 05:10,6976
2019-05-14 05:15,6898
2019-05-14 05:20,6806
2019-05-14 05:25,6651
2019-05-14 05:30,6530
2019-05-14 05:35,6374
2019-05-14 05:40,6263
2019-05-14 05:45,6185
2019-05-14 05:50,6077
2019-05-14 05:55,5974
2019-05-14 06:00,5871
2019-05-14 06:05,5725
2019-05-14 06:10,5550
2019-05-14 06:15,5453
2019-05-14 06:20,5342
2019-05-14 06:25,5243
2019-05-14 06:30,5161
2019-05-14 06:35,5099
2019-05-14 06:40,5031
2019-05-14 06:45,4975
2019-05-14 06:50,4939
2019-05-14 06:55,4867
2019-05-14 07:00,4759
2019-05-14 07:05,4646
2019-05-14 07:10,4600
2019-05-14 07:15,4561
2019-05-14 07:20,4496
2019-05-14 07:25,4444
2019-05-14 07:30,4397
2019-05-14 07:35,4357
2019-05-14 07:40,4327
2019-05-14 07:45,4282
2019-05-14 07:50,4249
2019-05-14 07:55,4224
2019-05-14 08:00,4148
2019-05-14 08:05,4099
2019-05-14 08:10,4063
2019-05-14 08:15,4077
2019-05-14 08:20,4052
2019-05-14 08:25,3976
2019-05-14 08:30,3984
2019-05-14 08:35,3977
2019-05-14 08:40,3926
2019-05-14 08:45,3942
2019-05-14 08:50,3905
2019-05-14 08:55,3911
2019-05-14 09:00,3890
2019-05-14 09:05,3961
2019-05-14 09:10,3986
2019-05-14 09:15,3996
2019-05-14 09:20,3994
2019-05-14 09:25,4044
2019-05-14 09:30,4049
2019-05-14 09:35,4071
2019-05-14 09:40,4074
2019-05-14 09:45,4059
2019-05-14 09:50,4057
2019-05-14 09:55,4113
2019-05-14 10:00,4111
2019-05-14 10:05,4131
2019-05-14 10:10,4165
2019-05-14 10:15,4186
2019-05-14 10:20,4220
2019-05-14 10:25,4216
2019-05-14 10:30,4214
2019-05-14 10:35,4244
2019-05-14 10:40,4260
2019-05-14 10:45,4289
2019-05-14 10:50,4280
2019-05-14 10:55,4316
2019-05-14 11:00,4327
2019-05-14 11:05,4371
2019-05-14 11:10,4401
2019-05-14 11:15,4438
2019-05-14 11:20,4535
2019-05-14 11:25,4570
2019-05-14 11:30,4618
2019-05-14 11:35,4676
2019-05-14 11:40,4723
2019-05-14 11:45,4816
2019-05-14 11:50,4805
2019-05-14 11:55,4862
2019-05-14 12:00,4914
2019-05-14 12:05,4977
2019-05-14 12:10,5110
2019-05-14 12:15,5167
2019-05-14 12:20,5205
2019-05-14 12:25,5294
2019-05-14 12:30,5389
2019-05-14 12:35,5423
2019-05-14 12:40,5499
2019-05-14 12:45,5516
2019-05-14 12:50,5583
2019-05-14 12:55,5707
2019-05-14 13:00,5771
2019-05-14 13:05,5857
2019-05-14 13:10,5855
2019-05-14 13:15,5936
2019-05-14 13:20,6024
2019-05-14 13:25,6093
2019-05-14 13:30,6210
2019-05-14 13:35,6346
2019-05-14 13:40,6414
2019-05-14 13:45,6564
2019-05-14 13:50,6658
2019-05-14 13:55,6733
2019-05-14 14:00,6839
2019-05-14 14:05,6894
2019-05-14 14:10,7051
2019-05-14 14:15,7211
2019-05-14 14:20,7292
2019-05-14 14:25,7367
2019-05-14 14:30,7436
2019-05-14 14:35,7488
2019-05-14 14:40,7592
2019-05-14 14:45,7665
2019-05-14 14:50,7755
2019-05-14 14:55,7856
2019-05-14 15:00,7910
2019-05-14 15:05,7954
2019-05-14 15:10,8022
2019-05-14 15:15,8097
2019-05-14 15:20,8129
2019-05-14 15:25,8234
2019-05-14 15:30,8334
2019-05-14 15:35,8401
2019-05-14 15:40,8424
2019-05-14 15:45,8455
2019-05-14 15:50,8497
2019-05-14 15:55,8629
2019-05-14 16:00,8673
2019-05-14 16:05,8793
2019-05-14 16:10,8904
2019-05-14 16:15,8945
2019-05-14 16:20,9011
2019-05-14 16:25,9126
2019-05-14 16:30,9248
2019-05-14 16:35,9317
2019-05-14 16:40,9383
2019-05-14 16:45,9482
2019-05-14 16:50,9545
2019-05-14 16:55,9612
2019-05-14 17:00,9727
2019-05-14 17:05,9789
2019-05-14 17:10,9860
2019-05-14 17:15,9978
2019-05-14 17:20,10103
2019-05-14 17:25,10265
2019-05-14 17:30,10369
2019-05-14 17:35,10487
2019-05-14 17:40,10575
2019-05-14 17:45,10737
2019-05-14 17:50,10799
2019-05-14 17:55,10906
2019-05-14 18:00,10953
2019-05-14 18:05,11078
2019-05-14 18:10,11218
2019-05-14 18:15,11294
2019-05-14 18:20,11279
2019-05-14 18:25,11356
2019-05-14 18:30,11406
2019-05-14 18:35,11515
2019-05-14 18:40,11547
2019-05-14 18:45,11647
2019-05-14 18:50,11780
2019-05-14 18:55,11807
2019-05-14 19:00,11890
2019-05-14 19:05,11979
2019-05-14 19:10,12055
2019-05-14 19:15,12072
2019-05-14 19:20,12064
2019-05-14 19:25,12120
2019-05-14 19:30,12086
2019-05-14 19:35,12111
2019-05-14 19:40,12165
2019-05-14 19:45,12110
2019-05-14 19:50,12065
2019-05-14 19:55,12018
2019-05-14 20:00,11947
2019-05-14 20:05,11908
2019-05-14 20:10,11880
2019-05-14 20:15,11837
2019-05-14 20:20,11785
2019-05-14 20:25,11755
2019-05-14 20:30,11731
2019-05-14 20:35,11687
2019-05-14 20:40,11714
2019-05-14 20:45,11693
2019-05-14 20:50,11641
2019-05-14 20:55,11556
2019-05-14 21:00,11487
2019-05-14 21:05,11381
2019-05-14 21:10,11339
2019-05-14 21:15,11205
2019-05-14 21:20,11199
2019-05-14 21:25,11109
2019-05-14 21:30,10982
2019-05-14 21:35,11056
2019-05-14 21:40,11046
2019-05-14 21:45,11038
2019-05-14 21:50,10964
2019-05-14 21:55,10902
2019-05-14 22:00,
2019-05-14 22:05,
2019-05-14 22:10,
2019-05-14 22:15,0
2019-05-14 22:20,9362
2019-05-14 22:25,10179
2019-05-14 22:30,10225
2019-05-14 22:35,10207
2019-05-14 22:40,10196
2019-05-14 22:45,10246
2019-05-14 22:50,10216
2019-05-14 22:55,10258
2019-05-14 23:00,10225
2019-05-14 23:05,10283
2019-05-14 23:10,10313
2019-05-14 23:15,10279
2019-05-14 23:20,10271
2019-05-14 23:25,10237
2019-05-14 23:30,10273
2019-05-14 23:35,10219
2019-05-14 23:40,10308
2019-05-14 23:45,10318
2019-05-14 23:50,10305
2019-05-14 23:55,10375
2019-05-15 00:00,10384
2019-05-15 00:05,10290
2019-05-15 00:10,10247
2019-05-15 00:15,10215
2019-05-15 00:20,10214
2019-05-15 00:25,10321
2019-05-15 00:30,10281
2019-05-15 00:35,10351
2019-05-15 00:40,10320
2019-05-15 00:45,10347
2019-05-15 00:50,10348
2019-05-15 00:55,10428
2019-05-15 01:00,10432
2019-05-15 01:05,10469
2019-05-15 01:10,10503
2019-05-15 01:15,10499
2019-05-15 01:20,10502
2019-05-15 01:25,10539
2019-05-15 01:30,10562
2019-05-15 01:35,10629
2019-05-15 01:40,10569
2019-05-15 01:45,10554
2019-05-15 01:50,10556
2019-05-15 01:55,0
2019-05-15 02:00,10571
2019-05-15 02:05,10519
2019-05-15 02:10,10421
2019-05-15 02:15,10358
2019-05-15 02:20,10345
2019-05-15 02:25,10283
2019-05-15 02:30,10228
2019-05-15 02:35,10156
2019-05-15 02:40,10098
2019-05-15 02:45,10086
2019-05-15 02:50,10029
2019-05-15 02:55,9916
2019-05-15 03:00,9861
2019-05-15 03:05,9733
2019-05-15 03:10,9623
2019-05-15 03:15,9569
2019-05-15 03:20,9486
2019-05-15 03:25,9379
2019-05-15 03:30,9340
2019-05-15 03:35,9244
2019-05-15 03:40,9149
2019-05-15 03:45,9066
2019-05-15 03:50,8969
2019-05-15 03:55,8885
2019-05-15 04:00,8779
2019-05-15 04:05,8698
2019-05-15 04:10,8631
2019-05-15 04:15,8484
2019-05-15 04:20,8374
2019-05-15 04:25,8263
2019-05-15 04:30,8177
2019-05-15 04:35,8040
2019-05-15 04:40,7961
2019-05-15 04:45,7852
2019-05-15 04:50,7704
2019-05-15 04:55,7618
2019-05-15 05:00,7501
2019-05-15 05:05,7308
2019-05-15 05:10,7168
2019-05-15 05:15,7019
2019-05-15 05:20,6870
2019-05-15 05:25,6732
2019-05-15 05:30,6609
2019-05-15 05:35,6471
2019-05-15 05:40,6383
2019-05-15 05:45,6300
2019-05-15 05:50,6231
2019-05-15 05:55,6063
2019-05-15 06:00,5974
2019-05-15 06:05,5843
2019-05-15 06:10,5738
2019-05-15 06:15,5611
2019-05-15 06:20,5531
2019-05-15 06:25,5437
2019-05-15 06:30,5391
2019-05-15 06:35,5289
2019-05-15 06:40,5252
2019-05-15 06:45,5142
2019-05-15 06:50,5058
2019-05-15 06:55,5011
2019-05-15 07:00,4942
2019-05-15 07:05,4884
2019-05-15 07:10,4797
2019-05-15 07:15,4750
2019-05-15 07:20,4661
2019-05-15 07:25,4600
2019-05-15 07:30,4536
2019-05-15 07:35,4453
2019-05-15 07:40,4413
2019-05-15 07:45,4378
2019-05-15 07:50,4351
2019-05-15 07:55,4323
2019-05-15 08:00,4308
2019-05-15 08:05,4299
2019-05-15 08:10,4259
2019-05-15 08:15,4223
2019-05-15 08:20,4170
2019-05-15 08:25,4135
2019-05-15 08:30,4110
2019-05-15 08:35,4087
2019-05-15 08:40,4063
2019-05-15 08:45,4067
2019-05-15 08:50,4038
2019-05-15 08:55,4035
2019-05-15 09:00,4048
2019-05-15 09:05,4062
2019-05-15 09:10,4044
2019-05-15 09:15,4042
2019-05-15 09:20,4067
2019-05-15 09:25,4051
2019-05-15 09:30,4018
2019-05-15 09:35,4053
2019-05-15 09:40,4047
2019-05-15 09:45,4049
2019-05-15 09:50,4080
2019-05-15 09:55,4085
2019-05-15 10:00,4123
2019-05-15 10:05,4128
2019-05-15 10:10,4146
2019-05-15 10:15,4188
2019-05-15 10:20,4221
2019-05-15 10:25,4256
2019-05-15 10:30,4290
2019-05-15 10:35,4318
2019-05-15 10:40,4317
2019-05-15 10:45,4351
2019-05-15 10:50,4387
2019-05-15 10:55,4465
2019-05-15 11:00,4493
2019-05-15 11:05,4570
2019-05-15 11:10,4623
2019-05-15 11:15,4648
2019-05-15 11:20,4676
2019-05-15 11:25,4711
2019-05-15 11:30,4806
2019-05-15 11:35,4912
2019-05-15 11:40,4626
2019-05-15 11:45,2103
2019-05-15 11:50,1844
2019-05-15 11:55,1761
2019-05-15 12:00,2164
2019-05-15 12:05,2582
2019-05-15 12:10,2987
2019-05-15 12:15,3297
2019-05-15 12:20,3647
2019-05-15 12:25,3908
2019-05-15 12:30,4219
2019-05-15 12:35,4449
2019-05-15 12:40,4666
2019-05-15 12:45,4893
2019-05-15 12:50,5080
2019-05-15 12:55,5259
2019-05-15 13:00,5316
2019-05-15 13:05,5640
2019-05-15 13:10,5777
2019-05-15 13:15,5963
2019-05-15 13:20,6063
2019-05-15 13:25,6227
2019-05-15 13:30,6375
2019-05-15 13:35,6530
2019-05-15 13:40,6600
2019-05-15 13:45,6726
2019-05-15 13:50,6857
2019-05-15 13:55,6926
2019-05-15 14:00,7035
2019-05-15 14:05,7145
2019-05-15 14:10,7208
2019-05-15 14:15,7315
2019-05-15 14:20,7387
2019-05-15 14:25,7471
2019-05-15 14:30,7544
2019-05-15 14:35,7686
2019-05-15 14:40,7736
2019-05-15 14:45,7789
2019-05-15 14:50,7802
2019-05-15 14:55,7859
2019-05-15 15:00,7934
2019-05-15 15:05,8034
2019-05-15 15:10,8083
2019-05-15 15:15,
2019-05-15 15:20,8275
2019-05-15 15:25,8342
2019-05-15 15:30,8371
2019-05-15 15:35,8449
2019-05-15 15:40,8492
2019-05-15 15:45,8531
2019-05-15 15:50,8608
2019-05-15 15:55,8630
2019-05-15 16:00,8660
2019-05-15 16:05,8747
2019-05-15 16:10,8812
2019-05-15 16:15,8875
2019-05-15 16:20,8994
2019-05-15 16:25,9119
2019-05-15 16:30,9233
2019-05-15 16:35,9348
2019-05-15 16:40,9419
2019-05-15 16:45,9430
2019-05-15 16:50,9590
2019-05-15 16:55,9772
2019-05-15 17:00,9889
2019-05-15 17:05,9983
2019-05-15 17:10,10055
2019-05-15 17:15,10133
2019-05-15 17:20,10180
2019-05-15 17:25,10272
2019-05-15 17:30,10367
2019-05-15 17:35,10492
2019-05-15 17:40,10612
2019-05-15 17:45,10731
2019-05-15 17:50,10821
2019-05-15 17:55,10873
2019-05-15 18:00,10929
2019-05-15 18:05,11051
2019-05-15 18:10,11159
2019-05-15 18:15,11173
2019-05-15 18:20,11198
2019-05-15 18:25,11251
2019-05-15 18:30,11325
2019-05-15 18:35,11413
2019-05-15 18:40,11511
2019-05-15 18:45,11531
2019-05-15 18:50,11620
2019-05-15 18:55,11658
2019-05-15 19:00,11737
2019-05-15 19:05,11783
2019-05-15 19:10,11786
2019-05-15 19:15,11788
2019-05-15 19:20,11805
2019-05-15 19:25,11940
2019-05-15 19:30,11985
2019-05-15 19:35,12039
2019-05-15 19:40,12112
2019-05-15 19:45,12114
2019-05-15 19:50,12167
2019-05-15 19:55,12147
2019-05-15 20:00,12130
2019-05-15 20:05,12033
2019-05-15 20:10,12060
2019-05-15 20:15,11936
2019-05-15 20:20,12007
2019-05-15 20:25,12112
2019-05-15 20:30,12132
2019-05-15 20:35,12080
2019-05-15 20:40,12068
2019-05-15 20:45,11994
2019-05-15 20:50,11913
2019-05-15 20:55,11916
2019-05-15 21:00,11856
2019-05-15 21:05,11741
2019-05-15 21:10,11644
2019-05-15 21:15,11582
2019-05-15 21:20,11574
2019-05-15 21:25,11485
2019-05-15 21:30,11465
2019-05-15 21:35,11449
2019-05-15 21:40,11356
2019-05-15 21:45,11261
2019-05-15 21:50,11136
2019-05-15 21:55,11022
2019-05-15 22:00,10945
2019-05-15 22:05,10872
2019-05-15 22:10,10796
2019-05-15 22:15,10764
2019-05-15 22:20,10684
2019-05-15 22:25,10620
2019-05-15 22:30,10556
2019-05-15 22:35,10449
2019-05-15 22:40,10448
2019-05-15 22:45,10429
2019-05-15 22:50,10388
2019-05-15 22:55,10363
2019-05-15 23:00,10288
2019-05-15 23:05,10287
2019-05-15 23:10,10279
2019-05-15 23:15,10206
2019-05-15 23:20,10197
2019-05-15 23:25,10190
2019-05-15 23:30,10189
2019-05-15 23:35,10180
2019-05-15 23:40,10193
2019-05-15 23:45,10173
2019-05-15 23:50,10187
2019-05-15 23:55,10130
2019-05-16 00:00,10163
2019-05-16 00:05,10167
2019-05-16 00:10,10127
2019-05-16 00:15,10069
2019-05-16 00:20,10063
2019-05-16 00:25,10148
2019-05-16 00:30,10176
2019-05-16 00:35,10231
2019-05-16 00:40,10231
2019-05-16 00:45,10292
2019-05-16 00:50,10278
2019-05-16 00:55,10310
2019-05-16 01:00,10359
2019-05-16 01:05,10457
2019-05-16 01:10,10515
2019-05-16 01:15,10515
2019-05-16 01:20,10534
2019-05-16 01:25,10507
2019-05-16 01:30,10558
2019-05-16 01:35,10571
2019-05-16 01:40,10584
2019-05-16 01:45,10550
2019-05-16 01:50,10540
2019-05-16 01:55,10468
2019-05-16 02:00,10416
2019-05-16 02:05,10296
2019-05-16 02:10,10190
2019-05-16 02:15,10324
2019-05-16 02:20,10289
2019-05-16 02:25,10200
2019-05-16 02:30,10118
2019-05-16 02:35,10047
2019-05-16 02:40,10049
2019-05-16 02:45,10033
2019-05-16 02:50,10064
2019-05-16 02:55,10053
2019-05-16 03:00,10048
2019-05-16 03:05,9974
2019-05-16 03:10,9816
2019-05-16 03:15,9797
2019-05-16 03:20,9741
2019-05-16 03:25,9643
2019-05-16 03:30,9590
2019-05-16 03:35,9580
2019-05-16 03:40,9480
2019-05-16 03:45,9334
2019-05-16 03:50,9194
2019-05-16 03:55,9108
2019-05-16 04:00,9028
2019-05-16 04:05,8917
2019-05-16 04:10,8811
2019-05-16 04:15,8638
2019-05-16 04:20,8535
2019-05-16 04:25,8425
2019-05-16 04:30,8317
2019-05-16 04:35,8195
2019-05-16 04:40,8045
2019-05-16 04:45,7896
2019-05-16 04:50,7772
2019-05-16 04:55,7644
2019-05-16 05:00,7484
2019-05-16 05:05,7302
2019-05-16 05:10,7161
2019-05-16 05:15,7058
2019-05-16 05:20,6915
2019-05-16 05:25,6778
2019-05-16 05:30,6673
2019-05-16 05:35,6507
2019-05-16 05:40,6400
2019-05-16 05:45,6284
2019-05-16 05:50,6186
2019-05-16 05:55,6076
2019-05-16 06:00,5926
2019-05-16 06:05,5781
2019-05-16 06:10,5645
2019-05-16 06:15,5536
2019-05-16 06:20,5446
2019-05-16 06:25,5375
2019-05-16 06:30,5280
2019-05-16 06:35,5184
2019-05-16 06:40,5162
2019-05-16 06:45,5064
2019-05-16 06:50,4987
2019-05-16 06:55,4917
2019-05-16 07:00,4837
2019-05-16 07:05,4776
2019-05-16 07:10,4709
2019-05-16 07:15,4643
2019-05-16 07:20,4561
2019-05-16 07:25,4558
2019-05-16 07:30,4499
2019-05-16 07:35,4418
2019-05-16 07:40,4359
2019-05-16 07:45,4357
2019-05-16 07:50,4308
2019-05-16 07:55,4272
2019-05-16 08:00,4236
2019-05-16 08:05,4178
2019-05-16 08:10,4148
2019-05-16 08:15,4093
2019-05-16 08:20,4040
2019-05-16 08:25,4045
2019-05-16 08:30,4027
2019-05-16 08:35,3977
2019-05-16 08:40,4028
2019-05-16 08:45,4063
2019-05-16 08:50,4076
2019-05-16 08:55,4051
2019-05-16 09:00,4051
2019-05-16 09:05,4103
2019-05-16 09:10,4095
2019-05-16 09:15,4079
2019-05-16 09:20,4099
2019-05-16 09:25,4104
2019-05-16 09:30,4135
2019-05-16 09:35,4124
2019-05-16 09:40,4102
2019-05-16 09:45,4106
2019-05-16 09:50,4113
2019-05-16 09:55,4143
2019-05-16 10:00,4141
2019-05-16 10:05,4184
2019-05-16 10:10,4187
2019-05-16 10:15,4216
2019-05-16 10:20,4258
2019-05-16 10:25,4259
2019-05-16 10:30,4246
2019-05-16 10:35,4268
2019-05-16 10:40,4334
2019-05-16 10:45,4411
2019-05-16 10:50,4452
2019-05-16 10:55,4485
2019-05-16 11:00,4476
2019-05-16 11:05,4531
2019-05-16 11:10,4577
2019-05-16 11:15,4614
2019-05-16 11:20,4684
2019-05-16 11:25,4775
2019-05-16 11:30,4826
2019-05-16 11:35,4876
2019-05-16 11:40,4904
2019-05-16 11:45,4970
2019-05-16 11:50,4986
2019-05-16 11:55,4998
2019-05-16 12:00,5049
2019-05-16 12:05,5104
2019-05-16 12:10,5186
2019-05-16 12:15,5253
2019-05-16 12:20,5347
2019-05-16 12:25,5404
2019-05-16 12:30,5447
2019-05-16 12:35,5514
2019-05-16 12:40,5607
2019-05-16 12:45,5679
2019-05-16 12:50,5824
2019-05-16 12:55,5890
2019-05-16 13:00,5940
2019-05-16 13:05,5956
2019-05-16 13:10,6100
2019-05-16 13:15,6199
2019-05-16 13:20,6348
2019-05-16 13:25,6460
2019-05-16 13:30,6537
2019-05-16 13:35,6632
2019-05-16 13:40,6703
2019-05-16 13:45,6761
2019-05-16 13:50,6864
2019-05-16 13:55,6951
2019-05-16 14:00,7011
2019-05-16 14:05,7027
2019-05-16 14:10,7162
2019-05-16 14:15,7271
2019-05-16 14:20,7334
2019-05-16 14:25,7395
2019-05-16 14:30,7456
2019-05-16 14:35,7499
2019-05-16 14:40,7600
2019-05-16 14:45,7662
2019-05-16 14:50,7736
2019-05-16 14:55,7800
2019-05-16 15:00,7829
2019-05-16 15:05,7895
2019-05-16 15:10,7936
2019-05-16 15:15,7984
2019-05-16 15:20,8098
2019-05-16 15:25,8231
2019-05-16 15:30,8284
2019-05-16 15:35,8359
2019-05-16 15:40,8413
2019-05-16 15:45,8497
2019-05-16 15:50,8542
2019-05-16 15:55,8669
2019-05-16 16:00,8720
2019-05-16 16:05,8855
2019-05-16 16:10,8928
2019-05-16 16:15,9052
2019-05-16 16:20,9149
2019-05-16 16:25,9269
2019-05-16 16:30,9311
2019-05-16 16:35,9385
2019-05-16 16:40,9460
2019-05-16 16:45,9592
2019-05-16 16:50,9600
2019-05-16 16:55,9704
2019-05-16 17:00,9808
2019-05-16 17:05,9868
2019-05-16 17:10,9933
2019-05-16 17:15,10058
2019-05-16 17:20,10175
2019-05-16 17:25,10293
2019-05-16 17:30,10385
2019-05-16 17:35,10453
2019-05-16 17:40,10592
2019-05-16 17:45,10689
2019-05-16 17:50,10870
2019-05-16 17:55,10974
2019-05-16 18:00,11044
2019-05-16 18:05,11089
2019-05-16 18:10,11198
2019-05-16 18:15,11322
2019-05-16 18:20,11412
2019-05-16 18:25,
2019-05-16 18:30,11581
2019-05-16 18:35,11639
2019-05-16 18:40,11696
2019-05-16 18:45,11798
2019-05-16 18:50,11771
2019-05-16 18:55,11931
2019-05-16 19:00,11907
2019-05-16 19:05,11976
2019-05-16 19:10,12013
2019-05-16 19:15,11980
2019-05-16 19:20,12061
2019-05-16 19:25,12103
2019-05-16 19:30,12126
2019-05-16 19:35,12163
2019-05-16 19:40,12222
2019-05-16 19:45,12178
2019-05-16 19:50,12133
2019-05-16 19:55,12176
2019-05-16 20:00,12104
2019-05-16 20:05,12096
2019-05-16 20:10,12148
2019-05-16 20:15,12140
2019-05-16 20:20,12113
2019-05-16 20:25,12058
2019-05-16 20:30,12075
2019-05-16 20:35,12006
2019-05-16 20:40,11999
2019-05-16 20:45,11957
2019-05-16 20:50,11936
2019-05-16 20:55,11875
2019-05-16 21:00,11743
2019-05-16 21:05,11668
2019-05-16 21:10,11626
2019-05-16 21:15,11610
2019-05-16 21:20,11589
2019-05-16 21:25,11561
2019-05-16 21:30,11507
2019-05-16 21:35,11452
2019-05-16 21:40,11354
2019-05-16 21:45,11298
2019-05-16 21:50,11305
2019-05-16 21:55,11276
2019-05-16 22:00,11141
2019-05-16 22:05,11063
2019-05-16 22:10,10956
2019-05-16 22:15,10898
2019-05-16 22:20,10843
2019-05-16 22:25,10811
2019-05-16 22:30,10753
2019-05-16 22:35,10738
2019-05-16 22:40,10694
2019-05-16 22:45,10610
2019-05-16 22:50,10640
2019-05-16 22:55,10589
2019-05-16 23:00,10498
2019-05-16 23:05,10465
2019-05-16 23:10,10389
2019-05-16 23:15,10359
2019-05-16 23:20,10287
2019-05-16 23:25,10288
2019-05-16 23:30,10201
2019-05-16 23:35,10118
2019-05-16 23:40,10165
2019-05-16 23:45,10195
2019-05-16 23:50,10207
2019-05-16 23:55,10184
2019-05-17 00:00,10194
2019-05-17 00:05,10244
2019-05-17 00:10,10265
2019-05-17 00:15,10281
2019-05-17 00:20,10375
2019-05-17 00:25,10377
2019-05-17 00:30,10344
2019-05-17 00:35,10341
2019-05-17 00:40,10380
2019-05-17 00:45,10387
2019-05-17 00:50,10363
2019-05-17 00:55,10335
2019-05-17 01:00,10355
2019-05-17 01:05,10406
2019-05-17 01:10,10462
2019-05-17 01:15,10566
2019-05-17 01:20,10517
2019-05-17 01:25,10551
2019-05-17 01:30,10573
2019-05-17 01:35,10621
2019-05-17 01:40,10606
2019-05-17 01:45,10623
2019-05-17 01:50,10617
2019-05-17 01:55,10600
2019-05-17 02:00,10531
2019-05-17 02:05,10559
2019-05-17 02:10,10502
2019-05-17 02:15,10483
2019-05-17 02:20,10434
2019-05-17 02:25,10379
2019-05-17 02:30,10342
2019-05-17 02:35,10314
2019-05-17 02:40,10239
2019-05-17 02:45,10256
2019-05-17 02:50,10137
2019-05-17 02:55,10059
2019-05-17 03:00,10045
2019-05-17 03:05,10003
2019-05-17 03:10,9854
2019-05-17 03:15,9811
2019-05-17 03:20,9705
2019-05-17 03:25,9605
2019-05-17 03:30,9534
2019-05-17 03:35,9430
2019-05-17 03:40,9367
2019-05-17 03:45,9211
2019-05-17 03:50,9090
2019-05-17 03:55,9036
2019-05-17 04:00,8914
2019-05-17 04:05,8757
2019-05-17 04:10,8664
2019-05-17 04:15,8485
2019-05-17 04:20,8397
2019-05-17 04:25,8274
2019-05-17 04:30,8161
2019-05-17 04:35,8035
2019-05-17 04:40,7898
2019-05-17 04:45,7761
2019-05-17 04:50,7667
2019-05-17 04:55,7550
2019-05-17 05:00,7450
2019-05-17 05:05,7372
2019-05-17 05:10,7203
2019-05-17 05:15,7094
2019-05-17 05:20,7000
2019-05-17 05:25,6854
2019-05-17 05:30,6739
2019-05-17 05:35,6627
2019-05-17 05:40,6516
2019-05-17 05:45,6385
2019-05-17 05:50,6218
2019-05-17 05:55,6128
2019-05-17 06:00,6028
2019-05-17 06:05,5945
2019-05-17 06:10,5880
2019-05-17 06:15,5737
2019-05-17 06:20,5696
2019-05-17 06:25,5614
2019-05-17 06:30,5509
2019-05-17 06:35,5457
2019-05-17 06:40,5413
2019-05-17 06:45,5318
2019-05-17 06:50,5220
2019-05-17 06:55,5199
2019-05-17 07:00,5142
2019-05-17 07:05,5035
2019-05-17 07:10,4976
2019-05-17 07:15,4885
2019-05-17 07:20,4815
2019-05-17 07:25,4752
2019-05-17 07:30,4715
2019-05-17 07:35,4630
2019-05-17 07:40,4582
2019-05-17 07:45,4587
2019-05-17 07:50,4490
2019-05-17 07:55,4474
2019-05-17 08:00,4450
2019-05-17 08:05,4431
2019-05-17 08:10,4364
2019-05-17 08:15,4328
2019-05-17 08:20,4274
2019-05-17 08:25,4252
2019-05-17 08:30,4221
2019-05-17 08:35,4223
2019-05-17 08:40,4249
2019-05-17 08:45,4269
2019-05-17 08:50,4238
2019-05-17 08:55,4244
2019-05-17 09:00,4240
2019-05-17 09:05,4261
2019-05-17 09:10,4223
2019-05-17 09:15,4221
2019-05-17 09:20,4269
2019-05-17 09:25,4280
2019-05-17 09:30,4292
2019-05-17 09:35,4313
2019-05-17 09:40,4349
2019-05-17 09:45,4393
2019-05-17 09:50,4369
2019-05-17 09:55,4357
2019-05-17 10:00,4414
2019-05-17 10:05,4445
2019-05-17 10:10,4490
2019-05-17 10:15,4535
2019-05-17 10:20,4528
2019-05-17 10:25,4572
2019-05-17 10:30,4604
2019-05-17 10:35,4630
2019-05-17 10:40,4689
2019-05-17 10:45,4721
2019-05-17 10:50,4726
2019-05-17 10:55,4750
2019-05-17 11:00,4773
2019-05-17 11:05,4848
2019-05-17 11:10,4882
2019-05-17 11:15,4982
2019-05-17 11:20,4985
2019-05-17 11:25,5033
2019-05-17 11:30,5072
2019-05-17 11:35,5130
2019-05-17 11:40,5181
2019-05-17 11:45,5256
2019-05-17 11:50,5309
2019-05-17 11:55,5329
2019-05-17 12:00,5400
2019-05-17 12:05,5455
2019-05-17 12:10,5530
2019-05-17 12:15,5617
2019-05-17 12:20,5693
2019-05-17 12:25,5762
2019-05-17 12:30,5853
2019-05-17 12:35,5962
2019-05-17 12:40,6072
2019-05-17 12:45,6216
2019-05-17 12:50,6316
2019-05-17 12:55,6388
2019-05-17 13:00,6457
2019-05-17 13:05,6549
2019-05-17 13:10,6605
2019-05-17 13:15,6694
2019-05-17 13:20,6740
2019-05-17 13:25,6851
2019-05-17 13:30,6965
2019-05-17 13:35,7071
2019-05-17 13:40,7179
2019-05-17 13:45,7294
2019-05-17 13:50,7378
2019-05-17 13:55,7439
2019-05-17 14:00,7523
2019-05-17 14:05,7628
2019-05-17 14:10,7790
2019-05-17 14:15,7847
2019-05-17 14:20,7866
2019-05-17 14:25,7984
2019-05-17 14:30,8065
2019-05-17 14:35,8091
2019-05-17 14:40,8170
2019-05-17 14:45,8206
2019-05-17 14:50,8252
2019-05-17 14:55,8310
2019-05-17 15:00,8382
2019-05-17 15:05,8491
2019-05-17 15:10,8551
2019-05-17 15:15,8655
2019-05-17 15:20,8652
2019-05-17 15:25,8643
2019-05-17 15:30,8878
2019-05-17 15:35,8890
2019-05-17 15:40,8972
2019-05-17 15:45,9079
2019-05-17 15:50,9144
2019-05-17 15:55,9200
2019-05-17 16:00,9272
2019-05-17 16:05,9346
2019-05-17 16:10,9407
2019-05-17 16:15,9396
2019-05-17 16:20,9454
2019-05-17 16:25,9531
2019-05-17 16:30,9635
2019-05-17 16:35,9679
2019-05-17 16:40,9721
2019-05-17 16:45,9851
2019-05-17 16:50,9899
2019-05-17 16:55,10030
2019-05-17 17:00,10160
2019-05-17 17:05,10206
2019-05-17 17:10,10268
2019-05-17 17:15,10357
2019-05-17 17:20,10371
2019-05-17 17:25,10381
2019-05-17 17:30,10474
2019-05-17 17:35,10467
2019-05-17 17:40,10536
2019-05-17 17:45,10605
2019-05-17 17:50,10653
2019-05-17 17:55,10742
2019-05-17 18:00,10805
2019-05-17 18:05,10932
2019-05-17 18:10,10977
2019-05-17 18:15,11045
2019-05-17 18:20,11161
2019-05-17 18:25,11194
2019-05-17 18:30,11317
2019-05-17 18:35,11443
2019-05-17 18:40,11556
2019-05-17 18:45,11598
2019-05-17 18:50,11677
2019-05-17 18:55,11758
2019-05-17 19:00,11812
2019-05-17 19:05,11916
2019-05-17 19:10,12033
2019-05-17 19:15,12089
2019-05-17 19:20,12214
2019-05-17 19:25,12293
2019-05-17 19:30,12341
2019-05-17 19:35,12387
2019-05-17 19:40,12547
2019-05-17 19:45,12578
2019-05-17 19:50,12619
2019-05-17 19:55,12642
2019-05-17 20:00,12647
2019-05-17 20:05,12659
2019-05-17 20:10,12714
2019-05-17 20:15,12810
2019-05-17 20:20,12840
2019-05-17 20:25,12897
2019-05-17 20:30,12933
2019-05-17 20:35,12895
2019-05-17 20:40,12894
2019-05-17 20:45,12907
2019-05-17 20:50,12911
2019-05-17 20:55,12885
2019-05-17 21:00,12835
2019-05-17 21:05,12876
2019-05-17 21:10,12765
2019-05-17 21:15,12666
2019-05-17 21:20,12683
2019-05-17 21:25,12576
2019-05-17 21:30,12551
2019-05-17 21:35,12467
2019-05-17 21:40,12460
2019-05-17 21:45,12373
2019-05-17 21:50,12316
2019-05-17 21:55,12299
2019-05-17 22:00,12209
2019-05-17 22:05,12156
2019-05-17 22:10,12056
2019-05-17 22:15,11982
2019-05-17 22:20,11897
2019-05-17 22:25,11900
2019-05-17 22:30,11877
2019-05-17 22:35,11824
2019-05-17 22:40,11824
2019-05-17 22:45,11782
2019-05-17 22:50,11713
2019-05-17 22:55,11678
2019-05-17 23:00,11613
2019-05-17 23:05,11585
2019-05-17 23:10,11532
2019-05-17 23:15,11496
2019-05-17 23:20,11415
2019-05-17 23:25,11367
2019-05-17 23:30,11291
2019-05-17 23:35,11211
2019-05-17 23:40,11186
2019-05-17 23:45,11106
2019-05-17 23:50,11024
2019-05-17 23:55,10989
2019-05-18 00:00,10854
2019-05-18 00:05,10772
2019-05-18 00:10,10724
2019-05-18 00:15,10736
2019-05-18 00:20,10680
2019-05-18 00:25,10632
2019-05-18 00:30,10542
2019-05-18 00:35,10577
2019-05-18 00:40,10570
2019-05-18 00:45,10585
2019-05-18 00:50,10514
2019-05-18 00:55,10525
2019-05-18 01:00,10509
2019-05-18 01:05,10463
2019-05-18 01:10,10471
2019-05-18 01:15,10470
2019-05-18 01:20,10495
2019-05-18 01:25,10518
2019-05-18 01:30,10604
2019-05-18 01:35,10597
2019-05-18 01:40,10638
2019-05-18 01:45,10679
2019-05-18 01:50,10684
2019-05-18 01:55,10734
2019-05-18 02:00,10785
2019-05-18 02:05,10798
2019-05-18 02:10,10802
2019-05-18 02:15,10800
2019-05-18 02:20,10854
2019-05-18 02:25,10820
2019-05-18 02:30,10838
2019-05-18 02:35,10842
2019-05-18 02:40,10899
2019-05-18 02:45,10872
2019-05-18 02:50,10891
2019-05-18 02:55,10895
2019-05-18 03:00,10857
2019-05-18 03:05,10861
2019-05-18 03:10,10833
2019-05-18 03:15,10799
2019-05-18 03:20,10739
2019-05-18 03:25,10714
2019-05-18 03:30,10629
2019-05-18 03:35,10567
2019-05-18 03:40,10553
2019-05-18 03:45,10491
2019-05-18 03:50,10436
2019-05-18 03:55,10419
2019-05-18 04:00,10342
2019-05-18 04:05,10281
2019-05-18 04:10,10201
2019-05-18 04:15,10109
2019-05-18 04:20,9988
2019-05-18 04:25,9920
2019-05-18 04:30,9805
2019-05-18 04:35,9714
2019-05-18 04:40,9597
2019-05-18 04:45,9489
2019-05-18 04:50,9338
2019-05-18 04:55,9272
2019-05-18 05:00,9162
2019-05-18 05:05,9063
2019-05-18 05:10,8922
2019-05-18 05:15,8865
2019-05-18 05:20,8728
2019-05-18 05:25,8674
2019-05-18 05:30,8530
2019-05-18 05:35,8431
2019-05-18 05:40,8305
2019-05-18 05:45,8134
2019-05-18 05:50,8044
2019-05-18 05:55,7890
2019-05-18 06:00,7771
2019-05-18 06:05,7704
2019-05-18 06:10,7577
2019-05-18 06:15,7469
2019-05-18 06:20,7395
2019-05-18 06:25,7258
2019-05-18 06:30,7109
2019-05-18 06:35,7007
2019-05-18 06:40,6929
2019-05-18 06:45,6797
2019-05-18 06:50,6666
2019-05-18 06:55,6543
2019-05-18 07:00,6434
2019-05-18 07:05,6348
2019-05-18 07:10,6242
2019-05-18 07:15,6187
2019-05-18 07:20,6094
2019-05-18 07:25,5999
2019-05-18 07:30,5959
2019-05-18 07:35,5914
2019-05-18 07:40,5879
2019-05-18 07:45,5814
2019-05-18 07:50,5777
2019-05-18 07:55,5748
2019-05-18 08:00,5609
2019-05-18 08:05,5626
2019-05-18 08:10,5572
2019-05-18 08:15,5528
2019-05-18 08:20,5506
2019-05-18 08:25,5486
2019-05-18 08:30,5472
2019-05-18 08:35,5464
2019-05-18 08:40,5469
2019-05-18 08:45,5462
2019-05-18 08:50,5491
2019-05-18 08:55,5462
2019-05-18 09:00,5525
2019-05-18 09:05,5542
2019-05-18 09:10,5570
2019-05-18 09:15,5624
2019-05-18 09:20,5686
2019-05-18 09:25,5707
2019-05-18 09:30,5761
2019-05-18 09:35,5797
2019-05-18 09:40,5848
2019-05-18 09:45,5918
2019-05-18 09:50,5951
2019-05-18 09:55,6038
2019-05-18 10:00,6058
2019-05-18 10:05,6117
2019-05-18 10:10,6136
2019-05-18 10:15,6157
2019-05-18 10:20,6211
2019-05-18 10:25,6258
2019-05-18 10:30,6296
2019-05-18 10:35,6325
2019-05-18 10:40,6347
2019-05-18 10:45,6353
2019-05-18 10:50,6377
2019-05-18 10:55,6461
2019-05-18 11:00,6514
2019-05-18 11:05,6503
2019-05-18 11:10,6568
2019-05-18 11:15,6567
2019-05-18 11:20,6610
2019-05-18 11:25,6676
2019-05-18 11:30,6807
2019-05-18 11:35,6940
2019-05-18 11:40,6966
2019-05-18 11:45,7088
2019-05-18 11:50,7119
2019-05-18 11:55,7156
2019-05-18 12:00,7210
2019-05-18 12:05,7272
2019-05-18 12:10,7333
2019-05-18 12:15,7449
2019-05-18 12:20,7568
2019-05-18 12:25,7581
2019-05-18 12:30,7620
2019-05-18 12:35,7695
2019-05-18 12:40,7748
2019-05-18 12:45,7867
2019-05-18 12:50,7930
2019-05-18 12:55,7985
2019-05-18 13:00,8078
2019-05-18 13:05,8238
2019-05-18 13:10,8336
2019-05-18 13:15,8414
2019-05-18 13:20,8475
2019-05-18 13:25,8578
2019-05-18 13:30,8689
2019-05-18 13:35,8806
2019-05-18 13:40,8868
2019-05-18 13:45,8883
2019-05-18 13:50,9071
2019-05-18 13:55,9174
2019-05-18 14:00,9307
2019-05-18 14:05,9393
2019-05-18 14:10,9488
2019-05-18 14:15,9635
2019-05-18 14:20,9690
2019-05-18 14:25,9858
2019-05-18 14:30,9957
2019-05-18 14:35,10053
2019-05-18 14:40,10127
2019-05-18 14:45,10231
2019-05-18 14:50,10294
2019-05-18 14:55,10374
2019-05-18 15:00,10349
2019-05-18 15:05,10444
2019-05-18 15:10,10562
2019-05-18 15:15,10691
2019-05-18 15:20,10698
2019-05-18 15:25,10706
2019-05-18 15:30,10812
2019-05-18 15:35,10873
2019-05-18 15:40,10879
2019-05-18 15:45,10942
2019-05-18 15:50,10961
2019-05-18 15:55,10994
2019-05-18 16:00,11018
2019-05-18 16:05,11082
2019-05-18 16:10,11096
2019-05-18 16:15,11146
2019-05-18 16:20,11210
2019-05-18 16:25,11257
2019-05-18 16:30,11371
2019-05-18 16:35,11464
2019-05-18 16:40,11486
2019-05-18 16:45,11476
2019-05-18 16:50,11475
2019-05-18 16:55,11530
2019-05-18 17:00,11558
2019-05-18 17:05,11672
2019-05-18 17:10,11688
2019-05-18 17:15,11837
2019-05-18 17:20,11921
2019-05-18 17:25,11965
2019-05-18 17:30,12084
2019-05-18 17:35,12127
2019-05-18 17:40,12246
2019-05-18 17:45,12287
2019-05-18 17:50,12382
2019-05-18 17:55,12445
2019-05-18 18:00,12480
2019-05-18 18:05,12644
2019-05-18 18:10,12782
2019-05-18 18:15,12946
2019-05-18 18:20,13021
2019-05-18 18:25,13155
2019-05-18 18:30,13250
2019-05-18 18:35,13344
2019-05-18 18:40,13389
2019-05-18 18:45,13443
2019-05-18 18:50,13457
2019-05-18 18:55,13533
2019-05-18 19:00,13508
2019-05-18 19:05,13479
2019-05-18 19:10,13518
2019-05-18 19:15,13560
2019-05-18 19:20,13555
2019-05-18 19:25,13577
2019-05-18 19:30,13625
2019-05-18 19:35,13666
2019-05-18 19:40,13655
2019-05-18 19:45,13697
2019-05-18 19:50,13672
2019-05-18 19:55,13725
2019-05-18 20:00,13763
2019-05-18 20:05,13822
2019-05-18 20:10,13848
2019-05-18 20:15,13842
2019-05-18 20:20,13876
2019-05-18 20:25,13889
2019-05-18 20:30,13899
2019-05-18 20:35,13917
2019-05-18 20:40,13932
2019-05-18 20:45,13979
2019-05-18 20:50,13939
2019-05-18 20:55,13929
2019-05-18 21:00,13884
2019-05-18 21:05,13861
2019-05-18 21:10,13810
2019-05-18 21:15,13717
2019-05-18 21:20,13772
2019-05-18 21:25,13728
2019-05-18 21:30,13676
2019-05-18 21:35,13660
2019-05-18 21:40,13651
2019-05-18 21:45,13541
2019-05-18 21:50,13469
2019-05-18 21:55,13382
2019-05-18 22:00,13271
2019-05-18 22:05,13097
2019-05-18 22:10,13043
2019-05-18 22:15,12956
2019-05-18 22:20,12821
2019-05-18 22:25,12745
2019-05-18 22:30,12691
2019-05-18 22:35,12650
2019-05-18 22:40,12549
2019-05-18 22:45,12537
2019-05-18 22:50,12436
2019-05-18 22:55,12387
2019-05-18 23:00,12321
2019-05-18 23:05,12181
2019-05-18 23:10,12100
2019-05-18 23:15,11996
2019-05-18 23:20,11908
2019-05-18 23:25,11874
2019-05-18 23:30,11792
2019-05-18 23:35,11733
2019-05-18 23:40,11645
2019-05-18 23:45,11599
2019-05-18 23:50,11525
2019-05-18 23:55,11420
2019-05-19 00:00,11334
2019-05-19 00:05,11275
2019-05-19 00:10,11207
2019-05-19 00:15,11138
2019-05-19 00:20,11089
2019-05-19 00:25,10983
2019-05-19 00:30,10906
2019-05-19 00:35,10881
2019-05-19 00:40,10799
2019-05-19 00:45,10736
2019-05-19 00:50,10750
2019-05-19 00:55,10760
2019-05-19 01:00,10722
2019-05-19 01:05,10740
2019-05-19 01:10,10694
2019-05-19 01:15,10662
2019-05-19 01:20,10626
2019-05-19 01:25,10631
2019-05-19 01:30,10568
2019-05-19 01:35,10596
2019-05-19 01:40,10656
2019-05-19 01:45,10625
2019-05-19 01:50,10660
2019-05-19 01:55,10681
2019-05-19 02:00,10735
2019-05-19 02:05,10803
2019-05-19 02:10,10853
2019-05-19 02:15,10895
2019-05-19 02:20,10935
2019-05-19 02:25,10933
2019-05-19 02:30,10936
2019-05-19 02:35,10946
2019-05-19 02:40,11005
2019-05-19 02:45,11037
2019-05-19 02:50,11030
2019-05-19 02:55,10988
2019-05-19 03:00,10947
2019-05-19 03:05,10935
2019-05-19 03:10,10892
2019-05-19 03:15,10824
2019-05-19 03:20,10826
2019-05-19 03:25,10820
2019-05-19 03:30,10778
2019-05-19 03:35,10792
2019-05-19 03:40,10711
2019-05-19 03:45,10685
2019-05-19 03:50,10641
2019-05-19 03:55,10578
2019-05-19 04:00,10478
2019-05-19 04:05,10432
2019-05-19 04:10,10352
2019-05-19 04:15,10320
2019-05-19 04:20,10281
2019-05-19 04:25,10203
2019-05-19 04:30,10090
2019-05-19 04:35,10013
2019-05-19 04:40,9892
2019-05-19 04:45,9837
2019-05-19 04:50,9739
2019-05-19 04:55,9660
2019-05-19 05:00,9618
2019-05-19 05:05,9505
2019-05-19 05:10,9385
2019-05-19 05:15,9274
2019-05-19 05:20,9088
2019-05-19 05:25,8996
2019-05-19 05:30,8917
2019-05-19 05:35,8823
2019-05-19 05:40,
2019-05-19 05:45,8652
2019-05-19 05:50,8556
2019-05-19 05:55,8426
2019-05-19 06:00,8260
2019-05-19 06:05,8173
2019-05-19 06:10,8108
2019-05-19 06:15,7987
2019-05-19 06:20,7872
2019-05-19 06:25,7738
2019-05-19 06:30,7615
2019-05-19 06:35,7545
2019-05-19 06:40,7419
2019-05-19 06:45,7285
2019-05-19 06:50,7234
2019-05-19 06:55,7148
2019-05-19 07:00,7064
2019-05-19 07:05,6921
2019-05-19 07:10,6821
2019-05-19 07:15,6710
2019-05-19 07:20,6643
2019-05-19 07:25,6530
2019-05-19 07:30,6436
2019-05-19 07:35,6380
2019-05-19 07:40,6295
2019-05-19 07:45,6244
2019-05-19 07:50,6203
2019-05-19 07:55,6175
2019-05-19 08:00,6120
2019-05-19 08:05,6075
2019-05-19 08:10,6054
2019-05-19 08:15,6026
2019-05-19 08:20,6043
2019-05-19 08:25,5974
2019-05-19 08:30,5989
2019-05-19 08:35,5944
2019-05-19 08:40,5970
2019-05-19 08:45,5986
2019-05-19 08:50,6005
2019-05-19 08:55,6043
2019-05-19 09:00,6064
2019-05-19 09:05,6116
2019-05-19 09:10,6184
2019-05-19 09:15,6225
2019-05-19 09:20,6265
2019-05-19 09:25,6288
2019-05-19 09:30,6351
2019-05-19 09:35,6406
2019-05-19 09:40,6446
2019-05-19 09:45,6514
2019-05-19 09:50,6568
2019-05-19 09:55,6566
2019-05-19 10:00,6613
2019-05-19 10:05,6650
2019-05-19 10:10,6731
2019-05-19 10:15,6773
2019-05-19 10:20,6849
2019-05-19 10:25,6881
2019-05-19 10:30,6934
2019-05-19 10:35,6982
2019-05-19 10:40,7021
2019-05-19 10:45,7034
2019-05-19 10:50,7077
2019-05-19 10:55,7095
2019-05-19 11:00,7170
2019-05-19 11:05,7164
2019-05-19 11:10,7257
2019-05-19 11:15,7375
2019-05-19 11:20,7444
2019-05-19 11:25,7563
2019-05-19 11:30,7656
2019-05-19 11:35,7693
2019-05-19 11:40,7739
2019-05-19 11:45,7816
2019-05-19 11:50,7887
2019-05-19 11:55,7940
2019-05-19 12:00,8007
2019-05-19 12:05,8066
2019-05-19 12:10,8104
2019-05-19 12:15,8160
2019-05-19 12:20,8235
2019-05-19 12:25,8283
2019-05-19 12:30,8313
2019-05-19 12:35,8423
2019-05-19 12:40,8505
2019-05-19 12:45,8585
2019-05-19 12:50,8654
2019-05-19 12:55,8735
2019-05-19 13:00,8822
2019-05-19 13:05,8889
2019-05-19 13:10,8908
2019-05-19 13:15,9038
2019-05-19 13:20,9121
2019-05-19 13:25,9211
2019-05-19 13:30,9338
2019-05-19 13:35,9452
2019-05-19 13:40,9543
2019-05-19 13:45,9676
2019-05-19 13:50,9817
2019-05-19 13:55,9930
2019-05-19 14:00,9988
2019-05-19 14:05,10120
2019-05-19 14:10,10149
2019-05-19 14:15,10250
2019-05-19 14:20,10382
2019-05-19 14:25,10546
2019-05-19 14:30,10637
2019-05-19 14:35,10695
2019-05-19 14:40,10736
2019-05-19 14:45,10877
2019-05-19 14:50,11019
2019-05-19 14:55,11106
2019-05-19 15:00,11148
2019-05-19 15:05,11184
2019-05-19 15:10,11263
2019-05-19 15:15,11321
2019-05-19 15:20,11389
2019-05-19 15:25,11493
2019-05-19 15:30,11540
2019-05-19 15:35,11578
2019-05-19 15:40,11660
2019-05-19 15:45,11721
2019-05-19 15:50,11836
2019-05-19 15:55,11919
2019-05-19 16:00,12040
2019-05-19 16:05,12154
2019-05-19 16:10,12195
2019-05-19 16:15,12382
2019-05-19 16:20,12456
2019-05-19 16:25,12447
2019-05-19 16:30,12483
2019-05-19 16:35,12569
2019-05-19 16:40,12696
2019-05-19 16:45,12766
2019-05-19 16:50,12893
2019-05-19 16:55,12946
2019-05-19 17:00,13054
2019-05-19 17:05,13124
2019-05-19 17:10,13177
2019-05-19 17:15,13244
2019-05-19 17:20,13293
2019-05-19 17:25,13446
2019-05-19 17:30,13546
2019-05-19 17:35,13600
2019-05-19 17:40,13660
2019-05-19 17:45,13692
2019-05-19 17:50,13706
2019-05-19 17:55,13777
2019-05-19 18:00,13831
2019-05-19 18:05,13924
2019-05-19 18:10,13990
2019-05-19 18:15,14106
2019-05-19 18:20,14202
2019-05-19 18:25,14305
2019-05-19 18:30,14388
2019-05-19 18:35,14503
2019-05-19 18:40,14611
2019-05-19 18:45,14717
2019-05-19 18:50,14672
2019-05-19 18:55,14680
2019-05-19 19:00,14694
2019-05-19 19:05,14758
2019-05-19 19:10,14813
2019-05-19 19:15,14859
2019-05-19 19:20,14869
2019-05-19 19:25,14934
2019-05-19 19:30,14879
2019-05-19 19:35,14912
2019-05-19 19:40,14872
2019-05-19 19:45,14899
2019-05-19 19:50,14818
2019-05-19 19:55,14711
2019-05-19 20:00,14647
2019-05-19 20:05,14556
2019-05-19 20:10,14580
2019-05-19 20:15,14580
2019-05-19 20:20,14493
2019-05-19 20:25,14362
2019-05-19 20:30,14308
2019-05-19 20:35,14211
2019-05-19 20:40,14204
2019-05-19 20:45,14157
2019-05-19 20:50,14006
2019-05-19 20:55,13911
2019-05-19 21:00,13888
2019-05-19 21:05,13712
2019-05-19 21:10,13549
2019-05-19 21:15,13495
2019-05-19 21:20,13442
2019-05-19 21:25,13394
2019-05-19 21:30,13224
2019-05-19 21:35,13147
2019-05-19 21:40,13028
2019-05-19 21:45,12903
2019-05-19 21:50,12824
2019-05-19 21:55,12731
2019-05-19 22:00,12606
2019-05-19 22:05,12508
2019-05-19 22:10,12450
2019-05-19 22:15,12345
2019-05-19 22:20,12278
2019-05-19 22:25,12156
2019-05-19 22:30,12168
2019-05-19 22:35,12054
2019-05-19 22:40,12031
2019-05-19 22:45,11908
2019-05-19 22:50,11884
2019-05-19 22:55,11828
2019-05-19 23:00,11745
2019-05-19 23:05,11710
2019-05-19 23:10,11614
2019-05-19 23:15,11537
2019-05-19 23:20,11422
2019-05-19 23:25,11360
2019-05-19 23:30,11318
2019-05-19 23:35,11291
2019-05-19 23:40,11226
2019-05-19 23:45,11243
2019-05-19 23:50,11179
2019-05-19 23:55,11129
2019-05-20 00:00,11082
2019-05-20 00:05,11014
2019-05-20 00:10,10984
2019-05-20 00:15,10940
2019-05-20 00:20,10914
2019-05-20 00:25,10851
2019-05-20 00:30,10741
2019-05-20 00:35,10639
2019-05-20 00:40,10534
2019-05-20 00:45,10417
2019-05-20 00:50,10282
2019-05-20 00:55,10095
2019-05-20 01:00,9895
2019-05-20 01:05,9777
2019-05-20 01:10,9684
2019-05-20 01:15,9653
2019-05-20 01:20,9611
2019-05-20 01:25,9559
2019-05-20 01:30,9487
2019-05-20 01:35,9470
2019-05-20 01:40,9419
2019-05-20 01:45,9374
2019-05-20 01:50,9280
2019-05-20 01:55,9252
2019-05-20 02:00,9165
2019-05-20 02:05,9060
2019-05-20 02:10,8981
2019-05-20 02:15,8881
2019-05-20 02:20,8867
2019-05-20 02:25,8898
2019-05-20 02:30,8953
2019-05-20 02:35,8956
2019-05-20 02:40,9026
2019-05-20 02:45,9067
2019-05-20 02:50,9063
2019-05-20 02:55,9083
2019-05-20 03:00,9109
2019-05-20 03:05,9065
2019-05-20 03:10,9063
2019-05-20 03:15,9059
2019-05-20 03:20,9002
2019-05-20 03:25,8936
2019-05-20 03:30,8900
2019-05-20 03:35,8852
2019-05-20 03:40,8807
2019-05-20 03:45,8836
2019-05-20 03:50,8792
2019-05-20 03:55,8738
2019-05-20 04:00,8618
2019-05-20 04:05,8488
2019-05-20 04:10,8388
2019-05-20 04:15,8350
2019-05-20 04:20,8237
2019-05-20 04:25,8148
2019-05-20 04:30,8033
2019-05-20 04:35,7963
2019-05-20 04:40,7854
2019-05-20 04:45,7699
2019-05-20 04:50,7623
2019-05-20 04:55,7538
2019-05-20 05:00,7434
2019-05-20 05:05,7323
2019-05-20 05:10,7196
2019-05-20 05:15,7024
2019-05-20 05:20,6850
2019-05-20 05:25,6716
2019-05-20 05:30,6616
2019-05-20 05:35,6534
2019-05-20 05:40,6434
2019-05-20 05:45,6333
2019-05-20 05:50,6196
2019-05-20 05:55,6097
2019-05-20 06:00,5984
2019-05-20 06:05,5853
2019-05-20 06:10,5696
2019-05-20 06:15,5633
2019-05-20 06:20,5511
2019-05-20 06:25,5440
2019-05-20 06:30,5324
2019-05-20 06:35,5269
2019-05-20 06:40,5222
2019-05-20 06:45,5138
2019-05-20 06:50,5026
2019-05-20 06:55,4943
2019-05-20 07:00,4869
2019-05-20 07:05,4834
2019-05-20 07:10,4744
2019-05-20 07:15,4639
2019-05-20 07:20,4576
2019-05-20 07:25,4534
2019-05-20 07:30,4465
2019-05-20 07:35,4389
2019-05-20 07:40,4357
2019-05-20 07:45,4285
2019-05-20 07:50,4289
2019-05-20 07:55,4249
2019-05-20 08:00,4195
2019-05-20 08:05,4140
2019-05-20 08:10,4113
2019-05-20 08:15,4049
2019-05-20 08:20,4010
2019-05-20 08:25,3969
2019-05-20 08:30,3948
2019-05-20 08:35,3913
2019-05-20 08:40,3941
2019-05-20 08:45,3955
2019-05-20 08:50,3949
2019-05-20 08:55,3989
2019-05-20 09:00,4022
2019-05-20 09:05,3978
2019-05-20 09:10,3973
2019-05-20 09:15,3983
2019-05-20 09:20,4028
2019-05-20 09:25,4051
2019-05-20 09:30,4086
2019-05-20 09:35,4102
2019-05-20 09:40,4107
2019-05-20 09:45,4131
2019-05-20 09:50,4205
2019-05-20 09:55,4185
2019-05-20 10:00,4133
2019-05-20 10:05,4153
2019-05-20 10:10,4083
2019-05-20 10:15,4152
2019-05-20 10:20,4137
2019-05-20 10:25,4189
2019-05-20 10:30,4211
2019-05-20 10:35,4251
2019-05-20 10:40,4283
2019-05-20 10:45,4316
2019-05-20 10:50,4393
2019-05-20 10:55,4403
2019-05-20 11:00,4378
2019-05-20 11:05,4404
2019-05-20 11:10,4459
2019-05-20 11:15,4526
2019-05-20 11:20,4556
2019-05-20 11:25,4601
2019-05-20 11:30,4649
2019-05-20 11:35,4639
2019-05-20 11:40,4683
2019-05-20 11:45,4721
2019-05-20 11:50,4793
2019-05-20 11:55,4835
2019-05-20 12:00,4925
2019-05-20 12:05,4976
2019-05-20 12:10,5013
2019-05-20 12:15,5059
2019-05-20 12:20,5118
2019-05-20 12:25,5207
2019-05-20 12:30,5286
2019-05-20 12:35,5375
2019-05-20 12:40,5441
2019-05-20 12:45,5531
2019-05-20 12:50,5595
2019-05-20 12:55,5664
2019-05-20 13:00,5697
2019-05-20 13:05,5783
2019-05-20 13:10,5866
2019-05-20 13:15,5935
2019-05-20 13:20,6050
2019-05-20 13:25,6130
2019-05-20 13:30,6205
2019-05-20 13:35,6338
2019-05-20 13:40,6431
2019-05-20 13:45,6530
2019-05-20 13:50,6604
2019-05-20 13:55,6693
2019-05-20 14:00,6810
2019-05-20 14:05,6916
2019-05-20 14:10,7014
2019-05-20 14:15,7080
2019-05-20 14:20,7098
2019-05-20 14:25,7241
2019-05-20 14:30,7309
2019-05-20 14:35,7423
2019-05-20 14:40,7468
2019-05-20 14:45,7539
2019-05-20 14:50,7618
2019-05-20 14:55,7687
2019-05-20 15:00,7700
2019-05-20 15:05,7802
2019-05-20 15:10,7881
2019-05-20 15:15,7970
2019-05-20 15:20,8041
2019-05-20 15:25,8099
2019-05-20 15:30,8212
2019-05-20 15:35,8275
2019-05-20 15:40,8440
2019-05-20 15:45,8511
2019-05-20 15:50,8629
2019-05-20 15:55,8776
2019-05-20 16:00,8846
2019-05-20 16:05,8933
2019-05-20 16:10,9008
2019-05-20 16:15,9065
2019-05-20 16:20,9200
2019-05-20 16:25,9299
2019-05-20 16:30,9382
2019-05-20 16:35,9482
2019-05-20 16:40,9595
2019-05-20 16:45,9711
2019-05-20 16:50,9807
2019-05-20 16:55,9896
2019-05-20 17:00,9950
2019-05-20 17:05,10083
2019-05-20 17:10,10212
2019-05-20 17:15,10310
2019-05-20 17:20,10398
2019-05-20 17:25,10418
2019-05-20 17:30,10471
2019-05-20 17:35,10556
2019-05-20 17:40,10680
2019-05-20 17:45,10723
2019-05-20 17:50,10856
2019-05-20 17:55,10913
2019-05-20 18:00,11059
2019-05-20 18:05,11091
2019-05-20 18:10,11157
2019-05-20 18:15,11195
2019-05-20 18:20,11355
2019-05-20 18:25,11495
2019-05-20 18:30,11556
2019-05-20 18:35,11628
2019-05-20 18:40,11704
2019-05-20 18:45,11755
2019-05-20 18:50,11825
2019-05-20 18:55,11895
2019-05-20 19:00,12000
2019-05-20 19:05,12034
2019-05-20 19:10,12126
2019-05-20 19:15,12204
2019-05-20 19:20,12130
2019-05-20 19:25,12151
2019-05-20 19:30,12254
2019-05-20 19:35,12276
2019-05-20 19:40,12338
2019-05-20 19:45,12392
2019-05-20 19:50,12370
2019-05-20 19:55,12352
2019-05-20 20:00,12308
2019-05-20 20:05,12292
2019-05-20 20:10,12215
2019-05-20 20:15,12130
2019-05-20 20:20,12141
2019-05-20 20:25,12077
2019-05-20 20:30,12087
2019-05-20 20:35,12032
2019-05-20 20:40,12084
2019-05-20 20:45,12000
2019-05-20 20:50,12001
2019-05-20 20:55,11984
2019-05-20 21:00,11885
2019-05-20 21:05,11772
2019-05-20 21:10,11657
2019-05-20 21:15,11569
2019-05-20 21:20,11514
2019-05-20 21:25,11450
2019-05-20 21:30,11397
2019-05-20 21:35,11313
2019-05-20 21:40,11256
2019-05-20 21:45,11201
2019-05-20 21:50,11133
2019-05-20 21:55,11076
2019-05-20 22:00,10927
2019-05-20 22:05,10919
2019-05-20 22:10,10828
2019-05-20 22:15,10758
2019-05-20 22:20,10691
2019-05-20 22:25,10647
2019-05-20 22:30,10528
2019-05-20 22:35,10553
2019-05-20 22:40,10414
2019-05-20 22:45,10477
2019-05-20 22:50,10479
2019-05-20 22:55,10406
2019-05-20 23:00,10384
2019-05-20 23:05,10436
2019-05-20 23:10,10377
2019-05-20 23:15,10274
2019-05-20 23:20,10210
2019-05-20 23:25,10277
2019-05-20 23:30,10238
2019-05-20 23:35,10207
2019-05-20 23:40,10171
2019-05-20 23:45,10233
2019-05-20 23:50,10233
2019-05-20 23:55,10219
2019-05-21 00:00,10185
2019-05-21 00:05,10151
2019-05-21 00:10,10163
2019-05-21 00:15,10127
2019-05-21 00:20,10175
2019-05-21 00:25,10160
2019-05-21 00:30,10214
2019-05-21 00:35,10200
2019-05-21 00:40,10237
2019-05-21 00:45,10246
2019-05-21 00:50,10229
2019-05-21 00:55,10212
2019-05-21 01:00,10194
2019-05-21 01:05,10232
2019-05-21 01:10,10235
2019-05-21 01:15,10259
2019-05-21 01:20,10247
2019-05-21 01:25,10276
2019-05-21 01:30,10348
2019-05-21 01:35,10363
2019-05-21 01:40,10398
2019-05-21 01:45,10471
2019-05-21 01:50,10465
2019-05-21 01:55,10468
2019-05-21 02:00,10414
2019-05-21 02:05,10364
2019-05-21 02:10,10345
2019-05-21 02:15,10338
2019-05-21 02:20,10335
2019-05-21 02:25,10294
2019-05-21 02:30,10290
2019-05-21 02:35,10187
2019-05-21 02:40,10102
2019-05-21 02:45,10045
2019-05-21 02:50,9945
2019-05-21 02:55,9830
2019-05-21 03:00,9764
2019-05-21 03:05,9700
2019-05-21 03:10,9487
2019-05-21 03:15,9049
2019-05-21 03:20,8479
2019-05-21 03:25,8040
2019-05-21 03:30,8064
2019-05-21 03:35,8123
2019-05-21 03:40,8176
2019-05-21 03:45,8139
2019-05-21 03:50,8074
2019-05-21 03:55,8042
2019-05-21 04:00,8052
2019-05-21 04:05,8038
2019-05-21 04:10,8034
2019-05-21 04:15,7948
2019-05-21 04:20,7885
2019-05-21 04:25,7813
2019-05-21 04:30,7718
2019-05-21 04:35,7584
2019-05-21 04:40,7514
2019-05-21 04:45,7410
2019-05-21 04:50,7317
2019-05-21 04:55,7197
2019-05-21 05:00,7082
2019-05-21 05:05,6948
2019-05-21 05:10,6799
2019-05-21 05:15,6681
2019-05-21 05:20,6559
2019-05-21 05:25,6433
2019-05-21 05:30,6358
2019-05-21 05:35,6253
2019-05-21 05:40,6193
2019-05-21 05:45,6101
2019-05-21 05:50,5973
2019-05-21 05:55,5864
2019-05-21 06:00,5747
2019-05-21 06:05,5637
2019-05-21 06:10,5573
2019-05-21 06:15,5517
2019-05-21 06:20,5455
2019-05-21 06:25,5346
2019-05-21 06:30,5252
2019-05-21 06:35,5204
2019-05-21 06:40,5105
2019-05-21 06:45,5039
2019-05-21 06:50,4989
2019-05-21 06:55,4890
2019-05-21 07:00,4774
2019-05-21 07:05,4667
2019-05-21 07:10,4563
2019-05-21 07:15,4481
2019-05-21 07:20,4427
2019-05-21 07:25,4363
2019-05-21 07:30,4311
2019-05-21 07:35,4221
2019-05-21 07:40,4196
2019-05-21 07:45,4171
2019-05-21 07:50,4158
2019-05-21 07:55,4107
2019-05-21 08:00,4084
2019-05-21 08:05,4057
2019-05-21 08:10,3986
2019-05-21 08:15,3981
2019-05-21 08:20,3934
2019-05-21 08:25,3922
2019-05-21 08:30,3952
2019-05-21 08:35,3924
2019-05-21 08:40,3912
2019-05-21 08:45,3858
2019-05-21 08:50,3888
2019-05-21 08:55,3903
2019-05-21 09:00,3902
2019-05-21 09:05,3970
2019-05-21 09:10,3988
2019-05-21 09:15,4007
2019-05-21 09:20,4077
2019-05-21 09:25,4109
2019-05-21 09:30,4129
2019-05-21 09:35,4129
2019-05-21 09:40,4148
2019-05-21 09:45,4180
2019-05-21 09:50,4204
2019-05-21 09:55,4210
2019-05-21 10:00,4205
2019-05-21 10:05,4244
2019-05-21 10:10,4266
2019-05-21 10:15,4304
2019-05-21 10:20,4294
2019-05-21 10:25,4279
2019-05-21 10:30,4284
2019-05-21 10:35,4321
2019-05-21 10:40,4321
2019-05-21 10:45,4339
2019-05-21 10:50,4390
2019-05-21 10:55,4443
2019-05-21 11:00,4530
2019-05-21 11:05,4525
2019-05-21 11:10,4593
2019-05-21 11:15,4650
2019-05-21 11:20,4654
2019-05-21 11:25,4714
2019-05-21 11:30,4756
2019-05-21 11:35,4809
2019-05-21 11:40,4849
2019-05-21 11:45,4964
2019-05-21 11:50,5008
2019-05-21 11:55,5022
2019-05-21 12:00,5110
2019-05-21 12:05,5149
2019-05-21 12:10,5183
2019-05-21 12:15,5220
2019-05-21 12:20,5299
2019-05-21 12:25,5405
2019-05-21 12:30,5472
2019-05-21 12:35,5524
2019-05-21 12:40,5605
2019-05-21 12:45,5731
2019-05-21 12:50,5840
2019-05-21 12:55,5832
2019-05-21 13:00,5915
2019-05-21 13:05,5963
2019-05-21 13:10,6057
2019-05-21 13:15,6190
2019-05-21 13:20,6331
2019-05-21 13:25,6427
2019-05-21 13:30,6501
2019-05-21 13:35,6613
2019-05-21 13:40,6675
2019-05-21 13:45,6814
2019-05-21 13:50,6897
2019-05-21 13:55,6966
2019-05-21 14:00,7048
2019-05-21 14:05,7160
2019-05-21 14:10,7232
2019-05-21 14:15,7341
2019-05-21 14:20,7419
2019-05-21 14:25,7481
2019-05-21 14:30,7496
2019-05-21 14:35,7537
2019-05-21 14:40,7557
2019-05-21 14:45,7649
2019-05-21 14:50,7768
2019-05-21 14:55,7843
2019-05-21 15:00,7879
2019-05-21 15:05,7922
2019-05-21 15:10,8021
2019-05-21 15:15,8109
2019-05-21 15:20,8148
2019-05-21 15:25,8189
2019-05-21 15:30,8296
2019-05-21 15:35,8429
2019-05-21 15:40,8470
2019-05-21 15:45,8542
2019-05-21 15:50,8653
2019-05-21 15:55,8747
2019-05-21 16:00,8833
2019-05-21 16:05,8905
2019-05-21 16:10,9062
2019-05-21 16:15,9130
2019-05-21 16:20,9183
2019-05-21 16:25,9318
2019-05-21 16:30,9415
2019-05-21 16:35,9527
2019-05-21 16:40,9625
2019-05-21 16:45,9701
2019-05-21 16:50,9841
2019-05-21 16:55,9908
2019-05-21 17:00,10056
2019-05-21 17:05,10141
2019-05-21 17:10,10202
2019-05-21 17:15,10275
2019-05-21 17:20,10327
2019-05-21 17:25,10448
2019-05-21 17:30,10553
2019-05-21 17:35,10677
2019-05-21 17:40,10806
2019-05-21 17:45,10953
2019-05-21 17:50,11070
2019-05-21 17:55,
2019-05-21 18:00,11200
2019-05-21 18:05,11216
2019-05-21 18:10,11269
2019-05-21 18:15,11269
2019-05-21 18:20,11374
2019-05-21 18:25,11381
2019-05-21 18:30,11457
2019-05-21 18:35,11589
2019-05-21 18:40,11710
2019-05-21 18:45,11798
2019-05-21 18:50,11871
2019-05-21 18:55,11977
2019-05-21 19:00,12022
2019-05-21 19:05,12052
2019-05-21 19:10,12017
2019-05-21 19:15,12069
2019-05-21 19:20,12113
2019-05-21 19:25,12197
2019-05-21 19:30,12191
2019-05-21 19:35,12157
2019-05-21 19:40,12202
2019-05-21 19:45,12235
2019-05-21 19:50,12184
2019-05-21 19:55,12180
2019-05-21 20:00,12118
2019-05-21 20:05,12005
2019-05-21 20:10,11916
2019-05-21 20:15,11924
2019-05-21 20:20,11930
2019-05-21 20:25,11919
2019-05-21 20:30,11874
2019-05-21 20:35,11793
2019-05-21 20:40,11801
2019-05-21 20:45,11813
2019-05-21 20:50,11740
2019-05-21 20:55,11685
2019-05-21 21:00,11600
2019-05-21 21:05,11491
2019-05-21 21:10,11441
2019-05-21 21:15,11390
2019-05-21 21:20,11377
2019-05-21 21:25,11304
2019-05-21 21:30,11260
2019-05-21 21:35,11097
2019-05-21 21:40,11032
2019-05-21 21:45,10987
2019-05-21 21:50,10900
2019-05-21 21:55,10811
2019-05-21 22:00,10717
2019-05-21 22:05,10707
2019-05-21 22:10,10632
2019-05-21 22:15,10542
2019-05-21 22:20,10451
2019-05-21 22:25,10432
2019-05-21 22:30,10368
2019-05-21 22:35,10293
2019-05-21 22:40,10283
2019-05-21 22:45,10283
2019-05-21 22:50,10303
2019-05-21 22:55,10290
2019-05-21 23:00,10189
2019-05-21 23:05,0
2019-05-21 23:10,9759
2019-05-21 23:15,9927
2019-05-21 23:20,9958
2019-05-21 23:25,9899
2019-05-21 23:30,9898
2019-05-21 23:35,9843
2019-05-21 23:40,9839
2019-05-21 23:45,9791
2019-05-21 23:50,9821
2019-05-21 23:55,9814
2019-05-22 00:00,9816
2019-05-22 00:05,9846
2019-05-22 00:10,9837
2019-05-22 00:15,9860
2019-05-22 00:20,9875
2019-05-22 00:25,9917
2019-05-22 00:30,9935
2019-05-22 00:35,9880
2019-05-22 00:40,9920
2019-05-22 00:45,9922
2019-05-22 00:50,9944
2019-05-22 00:55,10051
2019-05-22 01:00,10013
2019-05-22 01:05,10019
2019-05-22 01:10,10039
2019-05-22 01:15,10078
2019-05-22 01:20,10111
2019-05-22 01:25,10080
2019-05-22 01:30,10116
2019-05-22 01:35,10146
2019-05-22 01:40,10233
2019-05-22 01:45,10247
2019-05-22 01:50,10217
2019-05-22 01:55,10296
2019-05-22 02:00,10226
2019-05-22 02:05,10224
2019-05-22 02:10,10209
2019-05-22 02:15,10158
2019-05-22 02:20,10121
2019-05-22 02:25,10146
2019-05-22 02:30,10159
2019-05-22 02:35,10004
2019-05-22 02:40,9920
2019-05-22 02:45,9887
2019-05-22 02:50,9844
2019-05-22 02:55,9792
2019-05-22 03:00,9710
2019-05-22 03:05,9676
2019-05-22 03:10,9590
2019-05-22 03:15,9444
2019-05-22 03:20,9387
2019-05-22 03:25,9298
2019-05-22 03:30,9198
2019-05-22 03:35,9096
2019-05-22 03:40,9015
2019-05-22 03:45,
2019-05-22 03:50,
2019-05-22 03:55,
2019-05-22 04:00,
2019-05-22 04:05,8546
2019-05-22 04:10,
2019-05-22 04:15,
2019-05-22 04:20,
2019-05-22 04:25,
2019-05-22 04:30,
2019-05-22 04:35,7765
2019-05-22 04:40,
2019-05-22 04:45,7578
2019-05-22 04:50,7435
2019-05-22 04:55,7273
2019-05-22 05:00,7102
2019-05-22 05:05,6973
2019-05-22 05:10,6877
2019-05-22 05:15,6728
2019-05-22 05:20,6598
2019-05-22 05:25,6453
2019-05-22 05:30,6343
2019-05-22 05:35,6260
2019-05-22 05:40,6169
2019-05-22 05:45,6070
2019-05-22 05:50,5978
2019-05-22 05:55,5877
2019-05-22 06:00,5774
2019-05-22 06:05,5613
2019-05-22 06:10,5485
2019-05-22 06:15,5385
2019-05-22 06:20,5284
2019-05-22 06:25,5182
2019-05-22 06:30,5097
2019-05-22 06:35,4996
2019-05-22 06:40,4890
2019-05-22 06:45,4725
2019-05-22 06:50,4646
2019-05-22 06:55,4622
2019-05-22 07:00,4574
2019-05-22 07:05,4535
2019-05-22 07:10,4481
2019-05-22 07:15,4461
2019-05-22 07:20,4412
2019-05-22 07:25,4322
2019-05-22 07:30,4219
2019-05-22 07:35,4196
2019-05-22 07:40,4174
2019-05-22 07:45,4142
2019-05-22 07:50,4084
2019-05-22 07:55,4041
2019-05-22 08:00,4042
2019-05-22 08:05,4030
2019-05-22 08:10,4003
2019-05-22 08:15,3996
2019-05-22 08:20,4016
2019-05-22 08:25,4014
2019-05-22 08:30,4005
2019-05-22 08:35,3995
2019-05-22 08:40,4002
2019-05-22 08:45,3948
2019-05-22 08:50,3958
2019-05-22 08:55,3958
2019-05-22 09:00,3994
2019-05-22 09:05,4032
2019-05-22 09:10,4001
2019-05-22 09:15,4036
2019-05-22 09:20,4050
2019-05-22 09:25,4070
2019-05-22 09:30,4076
2019-05-22 09:35,4063
2019-05-22 09:40,4081
2019-05-22 09:45,4087
2019-05-22 09:50,4103
2019-05-22 09:55,4104
2019-05-22 10:00,4132
2019-05-22 10:05,4134
2019-05-22 10:10,4156
2019-05-22 10:15,4165
2019-05-22 10:20,4204
2019-05-22 10:25,4234
2019-05-22 10:30,4306
2019-05-22 10:35,4369
2019-05-22 10:40,4392
2019-05-22 10:45,4385
2019-05-22 10:50,4398
2019-05-22 10:55,4412
2019-05-22 11:00,4476
2019-05-22 11:05,4487
2019-05-22 11:10,4526
2019-05-22 11:15,4556
2019-05-22 11:20,4568
2019-05-22 11:25,4614
2019-05-22 11:30,4689
2019-05-22 11:35,
2019-05-22 11:40,
2019-05-22 11:45,
2019-05-22 11:50,
2019-05-22 11:55,
2019-05-22 12:00,
2019-05-22 12:05,
2019-05-22 12:10,
2019-05-22 12:15,
2019-05-22 12:20,
2019-05-22 12:25,
2019-05-22 12:30,
2019-05-22 12:35,
2019-05-22 12:40,
2019-05-22 12:45,5702
2019-05-22 12:50,5752
2019-05-22 12:55,
2019-05-22 13:00,5929
2019-05-22 13:05,6027
2019-05-22 13:10,6130
2019-05-22 13:15,6233
2019-05-22 13:20,6288
2019-05-22 13:25,6381
2019-05-22 13:30,6471
2019-05-22 13:35,6573
2019-05-22 13:40,
2019-05-22 13:45,6684
2019-05-22 13:50,6760
2019-05-22 13:55,6845
2019-05-22 14:00,
2019-05-22 14:05,7009
2019-05-22 14:10,7125
2019-05-22 14:15,7236
2019-05-22 14:20,7317
2019-05-22 14:25,7361
2019-05-22 14:30,7449
2019-05-22 14:35,7508
2019-05-22 14:40,
2019-05-22 14:45,7622
2019-05-22 14:50,7693
2019-05-22 14:55,7730
2019-05-22 15:00,
2019-05-22 15:05,7864
2019-05-22 15:10,7936
2019-05-22 15:15,8024
2019-05-22 15:20,8133
2019-05-22 15:25,8256
2019-05-22 15:30,8337
2019-05-22 15:35,8406
2019-05-22 15:40,8502
2019-05-22 15:45,8529
2019-05-22 15:50,8559
2019-05-22 15:55,8599
2019-05-22 16:00,8716
2019-05-22 16:05,8802
2019-05-22 16:10,8870
2019-05-22 16:15,8942
2019-05-22 16:20,9044
2019-05-22 16:25,9134
2019-05-22 16:30,9219
2019-05-22 16:35,9370
2019-05-22 16:40,9437
2019-05-22 16:45,9587
2019-05-22 16:50,9698
2019-05-22 16:55,9827
2019-05-22 17:00,9894
2019-05-22 17:05,9894
2019-05-22 17:10,9941
2019-05-22 17:15,10061
2019-05-22 17:20,10236
2019-05-22 17:25,10287
2019-05-22 17:30,10366
2019-05-22 17:35,10412
2019-05-22 17:40,10478
2019-05-22 17:45,10571
2019-05-22 17:50,10609
2019-05-22 17:55,10685
2019-05-22 18:00,10709
2019-05-22 18:05,10834
2019-05-22 18:10,10923
2019-05-22 18:15,10951
2019-05-22 18:20,11075
2019-05-22 18:25,11153
2019-05-22 18:30,11153
2019-05-22 18:35,11360
2019-05-22 18:40,11436
2019-05-22 18:45,11486
2019-05-22 18:50,11506
2019-05-22 18:55,11522
2019-05-22 19:00,11576
2019-05-22 19:05,11576
2019-05-22 19:10,11612
2019-05-22 19:15,11664
2019-05-22 19:20,11716
2019-05-22 19:25,11810
2019-05-22 19:30,11798
2019-05-22 19:35,11908
2019-05-22 19:40,11945
2019-05-22 19:45,11945
2019-05-22 19:50,11827
2019-05-22 19:55,11823
2019-05-22 20:00,11802
2019-05-22 20:05,11802
2019-05-22 20:10,11682
2019-05-22 20:15,11649
2019-05-22 20:20,11678
2019-05-22 20:25,11670
2019-05-22 20:30,11664
2019-05-22 20:35,11631
2019-05-22 20:40,11525
2019-05-22 20:45,11466
2019-05-22 20:50,11466
2019-05-22 20:55,11271
2019-05-22 21:00,11168
2019-05-22 21:05,11168
2019-05-22 21:10,11029
2019-05-22 21:15,11023
2019-05-22 21:20,11023
2019-05-22 21:25,10971
2019-05-22 21:30,10852
2019-05-22 21:35,10774
2019-05-22 21:40,10816
2019-05-22 21:45,10806
2019-05-22 21:50,10806
2019-05-22 21:55,10764
2019-05-22 22:00,10426
2019-05-22 22:05,10426
2019-05-22 22:10,10221
2019-05-22 22:15,10156
2019-05-22 22:20,10156
2019-05-22 22:25,10062
2019-05-22 22:30,9952
2019-05-22 22:35,9952
2019-05-22 22:40,9897
2019-05-22 22:45,9787
2019-05-22 22:50,9787
2019-05-22 22:55,9800
2019-05-22 23:00,9705
2019-05-22 23:05,9705
2019-05-22 23:10,9670
2019-05-22 23:15,9663
2019-05-22 23:20,9586
2019-05-22 23:25,9539
2019-05-22 23:30,9466
2019-05-22 23:35,9419
2019-05-22 23:40,9402
2019-05-22 23:45,9428
2019-05-22 23:50,9428
2019-05-22 23:55,9456
2019-05-23 00:00,9441
2019-05-23 00:05,9438
2019-05-23 00:10,9431
2019-05-23 00:15,9406
2019-05-23 00:20,9406
2019-05-23 00:25,9474
2019-05-23 00:30,9497
2019-05-23 00:35,9637
2019-05-23 00:40,9660
2019-05-23 00:45,9660
2019-05-23 00:50,9683
2019-05-23 00:55,9799
2019-05-23 01:00,9904
2019-05-23 01:05,9904
2019-05-23 01:10,9952
2019-05-23 01:15,9994
2019-05-23 01:20,10043
2019-05-23 01:25,10106
2019-05-23 01:30,10156
2019-05-23 01:35,10156
2019-05-23 01:40,10146
2019-05-23 01:45,10158
2019-05-23 01:50,10158
2019-05-23 01:55,10157
2019-05-23 02:00,10142
2019-05-23 02:05,10142
2019-05-23 02:10,10156
2019-05-23 02:15,10107
2019-05-23 02:20,10119
2019-05-23 02:25,10088
2019-05-23 02:30,10003
2019-05-23 02:35,10029
2019-05-23 02:40,10029
2019-05-23 02:45,9915
2019-05-23 02:50,9915
2019-05-23 02:55,9673
2019-05-23 03:00,9570
2019-05-23 03:05,9570
2019-05-23 03:10,9499
2019-05-23 03:15,9421
2019-05-23 03:20,9321
2019-05-23 03:25,9249
2019-05-23 03:30,9029
2019-05-23 03:35,9029
2019-05-23 03:40,8885
2019-05-23 03:45,8763
2019-05-23 03:50,8652
2019-05-23 03:55,8542
2019-05-23 04:00,8381
2019-05-23 04:05,8381
2019-05-23 04:10,8283
2019-05-23 04:15,8116
2019-05-23 04:20,8027
2019-05-23 04:25,7907
2019-05-23 04:30,7692
2019-05-23 04:35,7692
2019-05-23 04:40,7569
2019-05-23 04:45,7431
2019-05-23 04:50,7275
2019-05-23 04:55,7219
2019-05-23 05:00,7033
2019-05-23 05:05,7033
2019-05-23 05:10,6870
2019-05-23 05:15,6794
2019-05-23 05:20,6655
2019-05-23 05:25,6513
2019-05-23 05:30,6263
2019-05-23 05:35,6102
2019-05-23 05:40,6102
2019-05-23 05:45,5984
2019-05-23 05:50,5907
2019-05-23 05:55,5734
2019-05-23 06:00,5544
2019-05-23 06:05,5544
2019-05-23 06:10,5448
2019-05-23 06:15,5313
2019-05-23 06:20,5235
2019-05-23 06:25,5138
2019-05-23 06:30,5006
2019-05-23 06:35,5006
2019-05-23 06:40,4970
2019-05-23 06:45,4863
2019-05-23 06:50,4794
2019-05-23 06:55,4739
2019-05-23 07:00,4594
2019-05-23 07:05,4594
2019-05-23 07:10,4540
2019-05-23 07:15,4455
2019-05-23 07:20,4228
2019-05-23 07:25,4121
2019-05-23 07:30,4049
2019-05-23 07:35,4014
2019-05-23 07:40,3991
2019-05-23 07:45,3935
2019-05-23 07:50,3929
2019-05-23 07:55,3871
2019-05-23 08:00,3862
2019-05-23 08:05,3836
2019-05-23 08:10,3827
2019-05-23 08:15,3825
2019-05-23 08:20,3809
2019-05-23 08:25,3812
2019-05-23 08:30,3839
2019-05-23 08:35,3824
2019-05-23 08:40,3838
2019-05-23 08:45,3824
2019-05-23 08:50,3817
2019-05-23 08:55,3811
2019-05-23 09:00,3890
2019-05-23 09:05,3890
2019-05-23 09:10,3946
2019-05-23 09:15,3935
2019-05-23 09:20,3972
2019-05-23 09:25,3952
2019-05-23 09:30,3952
2019-05-23 09:35,3961
2019-05-23 09:40,3980
2019-05-23 09:45,4013
2019-05-23 09:50,4036
2019-05-23 09:55,4060
2019-05-23 10:00,4102
2019-05-23 10:05,4102
2019-05-23 10:10,4126
2019-05-23 10:15,4150
2019-05-23 10:20,4174
2019-05-23 10:25,4208
2019-05-23 10:30,4233
2019-05-23 10:35,4233
2019-05-23 10:40,4245
2019-05-23 10:45,4346
2019-05-23 10:50,4363
2019-05-23 10:55,4392
2019-05-23 11:00,4425
2019-05-23 11:05,4425
2019-05-23 11:10,4448
2019-05-23 11:15,4448
2019-05-23 11:20,4510
2019-05-23 11:25,4531
2019-05-23 11:30,4656
2019-05-23 11:35,4656
2019-05-23 11:40,4744
2019-05-23 11:45,4800
2019-05-23 11:50,4840
2019-05-23 11:55,4869
2019-05-23 12:00,4955
2019-05-23 12:05,5026
2019-05-23 12:10,5050
2019-05-23 12:15,5196
2019-05-23 12:20,5196
2019-05-23 12:25,5241
2019-05-23 12:30,5300
2019-05-23 12:35,5332
2019-05-23 12:40,5396
2019-05-23 12:45,5472
2019-05-23 12:50,5503
2019-05-23 12:55,5589
2019-05-23 13:00,5701
2019-05-23 13:05,5744
2019-05-23 13:10,5810
2019-05-23 13:15,5871
2019-05-23 13:20,5920
2019-05-23 13:25,5986
2019-05-23 13:30,6106
2019-05-23 13:35,6142
2019-05-23 13:40,6237
2019-05-23 13:45,6302
2019-05-23 13:50,6356
2019-05-23 13:55,6389
2019-05-23 14:00,6482
2019-05-23 14:05,6561
2019-05-23 14:10,6630
2019-05-23 14:15,6724
2019-05-23 14:20,6807
2019-05-23 14:25,6864
2019-05-23 14:30,6931
2019-05-23 14:35,6993
2019-05-23 14:40,7069
2019-05-23 14:45,7139
2019-05-23 14:50,7236
2019-05-23 14:55,7362
2019-05-23 15:00,7408
2019-05-23 15:05,7483
2019-05-23 15:10,7538
2019-05-23 15:15,7576
2019-05-23 15:20,7663
2019-05-23 15:25,7675
2019-05-23 15:30,7723
2019-05-23 15:35,7793
2019-05-23 15:40,7896
2019-05-23 15:45,7914
2019-05-23 15:50,7909
2019-05-23 15:55,8032
2019-05-23 16:00,8119
2019-05-23 16:05,8188
2019-05-23 16:10,8266
2019-05-23 16:15,8326
2019-05-23 16:20,8402
2019-05-23 16:25,8527
2019-05-23 16:30,8706
2019-05-23 16:35,8817
2019-05-23 16:40,8918
2019-05-23 16:45,9013
2019-05-23 16:50,9138
2019-05-23 16:55,9212
2019-05-23 17:00,9339
2019-05-23 17:05,9394
2019-05-23 17:10,9456
2019-05-23 17:15,9540
2019-05-23 17:20,9595
2019-05-23 17:25,9682
2019-05-23 17:30,9762
2019-05-23 17:35,9797
2019-05-23 17:40,9907
2019-05-23 17:45,10032
2019-05-23 17:50,10086
2019-05-23 17:55,10208
2019-05-23 18:00,10250
2019-05-23 18:05,10344
2019-05-23 18:10,10389
2019-05-23 18:15,10515
2019-05-23 18:20,10558
2019-05-23 18:25,10692
2019-05-23 18:30,10782
2019-05-23 18:35,10836
2019-05-23 18:40,10968
2019-05-23 18:45,11054
2019-05-23 18:50,11084
2019-05-23 18:55,11187
2019-05-23 19:00,11255
2019-05-23 19:05,11331
2019-05-23 19:10,11430
2019-05-23 19:15,11468
2019-05-23 19:20,11533
2019-05-23 19:25,11606
2019-05-23 19:30,11635
2019-05-23 19:35,11699
2019-05-23 19:40,11780
2019-05-23 19:45,11837
2019-05-23 19:50,11748
2019-05-23 19:55,11793
2019-05-23 20:00,11785
2019-05-23 20:05,11734
2019-05-23 20:10,11653
2019-05-23 20:15,11647
2019-05-23 20:20,11605
2019-05-23 20:25,11602
2019-05-23 20:30,11492
2019-05-23 20:35,11486
2019-05-23 20:40,11424
2019-05-23 20:45,11428
2019-05-23 20:50,11365
2019-05-23 20:55,11343
2019-05-23 21:00,11280
2019-05-23 21:05,11295
2019-05-23 21:10,11246
2019-05-23 21:15,11154
2019-05-23 21:20,11090
2019-05-23 21:25,11013
2019-05-23 21:30,10898
2019-05-23 21:35,10903
2019-05-23 21:40,10810
2019-05-23 21:45,10772
2019-05-23 21:50,10700
2019-05-23 21:55,10560
2019-05-23 22:00,10479
2019-05-23 22:05,10392
2019-05-23 22:10,10320
2019-05-23 22:15,10232
2019-05-23 22:20,10171
2019-05-23 22:25,9997
2019-05-23 22:30,10055
2019-05-23 22:35,10030
2019-05-23 22:40,9919
2019-05-23 22:45,9923
2019-05-23 22:50,9823
2019-05-23 22:55,9741
2019-05-23 23:00,9786
2019-05-23 23:05,9696
2019-05-23 23:10,9640
2019-05-23 23:15,9594
2019-05-23 23:20,9610
2019-05-23 23:25,9553
2019-05-23 23:30,9489
2019-05-23 23:35,9488
2019-05-23 23:40,9473
2019-05-23 23:45,9460
2019-05-23 23:50,9464
2019-05-23 23:55,9525
2019-05-24 00:00,9484
2019-05-24 00:05,9523
2019-05-24 00:10,9525
2019-05-24 00:15,9551
2019-05-24 00:20,9617
2019-05-24 00:25,9659
2019-05-24 00:30,9660
2019-05-24 00:35,9680
2019-05-24 00:40,9692
2019-05-24 00:45,9705
2019-05-24 00:50,9780
2019-05-24 00:55,9728
2019-05-24 01:00,9684
2019-05-24 01:05,9768
2019-05-24 01:10,9779
2019-05-24 01:15,9793
2019-05-24 01:20,9750
2019-05-24 01:25,9792
2019-05-24 01:30,9791
2019-05-24 01:35,9822
2019-05-24 01:40,9872
2019-05-24 01:45,9911
2019-05-24 01:50,9924
2019-05-24 01:55,9909
2019-05-24 02:00,9936
2019-05-24 02:05,9914
2019-05-24 02:10,9947
2019-05-24 02:15,9905
2019-05-24 02:20,9859
2019-05-24 02:25,9809
2019-05-24 02:30,9752
2019-05-24 02:35,9726
2019-05-24 02:40,9714
2019-05-24 02:45,9695
2019-05-24 02:50,9641
2019-05-24 02:55,9531
2019-05-24 03:00,9496
2019-05-24 03:05,9462
2019-05-24 03:10,9383
2019-05-24 03:15,9369
2019-05-24 03:20,9295
2019-05-24 03:25,9211
2019-05-24 03:30,9165
2019-05-24 03:35,9088
2019-05-24 03:40,9042
2019-05-24 03:45,8996
2019-05-24 03:50,8898
2019-05-24 03:55,8791
2019-05-24 04:00,8720
2019-05-24 04:05,8598
2019-05-24 04:10,8472
2019-05-24 04:15,8369
2019-05-24 04:20,8254
2019-05-24 04:25,8109
2019-05-24 04:30,8035
2019-05-24 04:35,7992
2019-05-24 04:40,7793
2019-05-24 04:45,7638
2019-05-24 04:50,7519
2019-05-24 04:55,7406
2019-05-24 05:00,7241
2019-05-24 05:05,7087
2019-05-24 05:10,6958
2019-05-24 05:15,6852
2019-05-24 05:20,6723
2019-05-24 05:25,6604
2019-05-24 05:30,6466
2019-05-24 05:35,6345
2019-05-24 05:40,6251
2019-05-24 05:45,6134
2019-05-24 05:50,5974
2019-05-24 05:55,5885
2019-05-24 06:00,5801
2019-05-24 06:05,5738
2019-05-24 06:10,5634
2019-05-24 06:15,5556
2019-05-24 06:20,5401
2019-05-24 06:25,5348
2019-05-24 06:30,5275
2019-05-24 06:35,5147
2019-05-24 06:40,5055
2019-05-24 06:45,5023
2019-05-24 06:50,4973
2019-05-24 06:55,4901
2019-05-24 07:00,4785
2019-05-24 07:05,4711
2019-05-24 07:10,4648
2019-05-24 07:15,4565
2019-05-24 07:20,4508
2019-05-24 07:25,4441
2019-05-24 07:30,4378
2019-05-24 07:35,4300
2019-05-24 07:40,4265
2019-05-24 07:45,4247
2019-05-24 07:50,4241
2019-05-24 07:55,4185
2019-05-24 08:00,4125
2019-05-24 08:05,4096
2019-05-24 08:10,4061
2019-05-24 08:15,4056
2019-05-24 08:20,4015
2019-05-24 08:25,4025
2019-05-24 08:30,4024
2019-05-24 08:35,4037
2019-05-24 08:40,4006
2019-05-24 08:45,4002
2019-05-24 08:50,3979
2019-05-24 08:55,4028
2019-05-24 09:00,4024
2019-05-24 09:05,4079
2019-05-24 09:10,4077
2019-05-24 09:15,4112
2019-05-24 09:20,4159
2019-05-24 09:25,4180
2019-05-24 09:30,4202
2019-05-24 09:35,4200
2019-05-24 09:40,4222
2019-05-24 09:45,4228
2019-05-24 09:50,4230
2019-05-24 09:55,4273
2019-05-24 10:00,4300
2019-05-24 10:05,4348
2019-05-24 10:10,4358
2019-05-24 10:15,4392
2019-05-24 10:20,4421
2019-05-24 10:25,4473
2019-05-24 10:30,4504
2019-05-24 10:35,4523
2019-05-24 10:40,4575
2019-05-24 10:45,4613
2019-05-24 10:50,4613
2019-05-24 10:55,4698
2019-05-24 11:00,4734
2019-05-24 11:05,4732
2019-05-24 11:10,4809
2019-05-24 11:15,4883
2019-05-24 11:20,4931
2019-05-24 11:25,4956
2019-05-24 11:30,5023
2019-05-24 11:35,5096
2019-05-24 11:40,5180
2019-05-24 11:45,5253
2019-05-24 11:50,5287
2019-05-24 11:55,5361
2019-05-24 12:00,5463
2019-05-24 12:05,5495
2019-05-24 12:10,5562
2019-05-24 12:15,5644
2019-05-24 12:20,5665
2019-05-24 12:25,5662
2019-05-24 12:30,5739
2019-05-24 12:35,5777
2019-05-24 12:40,5789
2019-05-24 12:45,5832
2019-05-24 12:50,5913
2019-05-24 12:55,5961
2019-05-24 13:00,6031
2019-05-24 13:05,6124
2019-05-24 13:10,6238
2019-05-24 13:15,6300
2019-05-24 13:20,6383
2019-05-24 13:25,6463
2019-05-24 13:30,6545
2019-05-24 13:35,6703
2019-05-24 13:40,6811
2019-05-24 13:45,6964
2019-05-24 13:50,7088
2019-05-24 13:55,7222
2019-05-24 14:00,7316
2019-05-24 14:05,7398
2019-05-24 14:10,7489
2019-05-24 14:15,7566
2019-05-24 14:20,7665
2019-05-24 14:25,7803
2019-05-24 14:30,7876
2019-05-24 14:35,8001
2019-05-24 14:40,8109
2019-05-24 14:45,8174
2019-05-24 14:50,8183
2019-05-24 14:55,8223
2019-05-24 15:00,8406
2019-05-24 15:05,8465
2019-05-24 15:10,8446
2019-05-24 15:15,8588
2019-05-24 15:20,8622
2019-05-24 15:25,8711
2019-05-24 15:30,8794
2019-05-24 15:35,8915
2019-05-24 15:40,8973
2019-05-24 15:45,9025
2019-05-24 15:50,9107
2019-05-24 15:55,9180
2019-05-24 16:00,9226
2019-05-24 16:05,9289
2019-05-24 16:10,9333
2019-05-24 16:15,9428
2019-05-24 16:20,9445
2019-05-24 16:25,9476
2019-05-24 16:30,9589
2019-05-24 16:35,9631
2019-05-24 16:40,9698
2019-05-24 16:45,9741
2019-05-24 16:50,9841
2019-05-24 16:55,9864
2019-05-24 17:00,9924
2019-05-24 17:05,10036
2019-05-24 17:10,10049
2019-05-24 17:15,10157
2019-05-24 17:20,10275
2019-05-24 17:25,10380
2019-05-24 17:30,10473
2019-05-24 17:35,10530
2019-05-24 17:40,10641
2019-05-24 17:45,10722
2019-05-24 17:50,10734
2019-05-24 17:55,10810
2019-05-24 18:00,10934
2019-05-24 18:05,10967
2019-05-24 18:10,10980
2019-05-24 18:15,11013
2019-05-24 18:20,11074
2019-05-24 18:25,11104
2019-05-24 18:30,11199
2019-05-24 18:35,11239
2019-05-24 18:40,11304
2019-05-24 18:45,11409
2019-05-24 18:50,11561
2019-05-24 18:55,11643
2019-05-24 19:00,11723
2019-05-24 19:05,11813
2019-05-24 19:10,11781
2019-05-24 19:15,11856
2019-05-24 19:20,11934
2019-05-24 19:25,11960
2019-05-24 19:30,12075
2019-05-24 19:35,12111
2019-05-24 19:40,12160
2019-05-24 19:45,12207
2019-05-24 19:50,12261
2019-05-24 19:55,12362
2019-05-24 20:00,12482
2019-05-24 20:05,12487
2019-05-24 20:10,12504
2019-05-24 20:15,12526
2019-05-24 20:20,12533
2019-05-24 20:25,12522
2019-05-24 20:30,12536
2019-05-24 20:35,12533
2019-05-24 20:40,12596
2019-05-24 20:45,12593
2019-05-24 20:50,12603
2019-05-24 20:55,12625
2019-05-24 21:00,12650
2019-05-24 21:05,12665
2019-05-24 21:10,12724
2019-05-24 21:15,12744
2019-05-24 21:20,12729
2019-05-24 21:25,12733
2019-05-24 21:30,12709
2019-05-24 21:35,12670
2019-05-24 21:40,12614
2019-05-24 21:45,12496
2019-05-24 21:50,12442
2019-05-24 21:55,12404
2019-05-24 22:00,12209
2019-05-24 22:05,12172
2019-05-24 22:10,12094
2019-05-24 22:15,12028
2019-05-24 22:20,11956
2019-05-24 22:25,11837
2019-05-24 22:30,11741
2019-05-24 22:35,11665
2019-05-24 22:40,11616
2019-05-24 22:45,11523
2019-05-24 22:50,11452
2019-05-24 22:55,11431
2019-05-24 23:00,11303
2019-05-24 23:05,11263
2019-05-24 23:10,11179
2019-05-24 23:15,11103
2019-05-24 23:20,11049
2019-05-24 23:25,11030
2019-05-24 23:30,10921
2019-05-24 23:35,10773
2019-05-24 23:40,10664
2019-05-24 23:45,10709
2019-05-24 23:50,10621
2019-05-24 23:55,10572
2019-05-25 00:00,10492
2019-05-25 00:05,10448
2019-05-25 00:10,10397
2019-05-25 00:15,10363
2019-05-25 00:20,10336
2019-05-25 00:25,10284
2019-05-25 00:30,10292
2019-05-25 00:35,10270
2019-05-25 00:40,10282
2019-05-25 00:45,10257
2019-05-25 00:50,10155
2019-05-25 00:55,10187
2019-05-25 01:00,10158
2019-05-25 01:05,10151
2019-05-25 01:10,10160
2019-05-25 01:15,10182
2019-05-25 01:20,10165
2019-05-25 01:25,10215
2019-05-25 01:30,10244
2019-05-25 01:35,10274
2019-05-25 01:40,10338
2019-05-25 01:45,10371
2019-05-25 01:50,10411
2019-05-25 01:55,10467
2019-05-25 02:00,10455
2019-05-25 02:05,10521
2019-05-25 02:10,10533
2019-05-25 02:15,10522
2019-05-25 02:20,10557
2019-05-25 02:25,10614
2019-05-25 02:30,10591
2019-05-25 02:35,10652
2019-05-25 02:40,10686
2019-05-25 02:45,10723
2019-05-25 02:50,10730
2019-05-25 02:55,10760
2019-05-25 03:00,10700
2019-05-25 03:05,10748
2019-05-25 03:10,10659
2019-05-25 03:15,10669
2019-05-25 03:20,10692
2019-05-25 03:25,10694
2019-05-25 03:30,10622
2019-05-25 03:35,10629
2019-05-25 03:40,10568
2019-05-25 03:45,10486
2019-05-25 03:50,10417
2019-05-25 03:55,10399
2019-05-25 04:00,10365
2019-05-25 04:05,10327
2019-05-25 04:10,10239
2019-05-25 04:15,10115
2019-05-25 04:20,10067
2019-05-25 04:25,9918
2019-05-25 04:30,9826
2019-05-25 04:35,9681
2019-05-25 04:40,9601
2019-05-25 04:45,9545
2019-05-25 04:50,9417
2019-05-25 04:55,9340
2019-05-25 05:00,9206
2019-05-25 05:05,9072
2019-05-25 05:10,8907
2019-05-25 05:15,8806
2019-05-25 05:20,8628
2019-05-25 05:25,8540
2019-05-25 05:30,8386
2019-05-25 05:35,8230
2019-05-25 05:40,8068
2019-05-25 05:45,7928
2019-05-25 05:50,7773
2019-05-25 05:55,7660
2019-05-25 06:00,7516
2019-05-25 06:05,7435
2019-05-25 06:10,7310
2019-05-25 06:15,7241
2019-05-25 06:20,7126
2019-05-25 06:25,7027
2019-05-25 06:30,6965
2019-05-25 06:35,6751
2019-05-25 06:40,6571
2019-05-25 06:45,6394
2019-05-25 06:50,6245
2019-05-25 06:55,6176
2019-05-25 07:00,5943
2019-05-25 07:05,5842
2019-05-25 07:10,5718
2019-05-25 07:15,5548
2019-05-25 07:20,5436
2019-05-25 07:25,5284
2019-05-25 07:30,5157
2019-05-25 07:35,4910
2019-05-25 07:40,3956
2019-05-25 07:45,3150
2019-05-25 07:50,2492
2019-05-25 07:55,2006
2019-05-25 08:00,1682
2019-05-25 08:05,1519
2019-05-25 08:10,1416
2019-05-25 08:15,1412
2019-05-25 08:20,1392
2019-05-25 08:25,1365
2019-05-25 08:30,1339
2019-05-25 08:35,1684
2019-05-25 08:40,2143
2019-05-25 08:45,2521
2019-05-25 08:50,2850
2019-05-25 08:55,3165
2019-05-25 09:00,3487
2019-05-25 09:05,3720
2019-05-25 09:10,3997
2019-05-25 09:15,4287
2019-05-25 09:20,4499
2019-05-25 09:25,4672
2019-05-25 09:30,4856
2019-05-25 09:35,5040
2019-05-25 09:40,5180
2019-05-25 09:45,5291
2019-05-25 09:50,5396
2019-05-25 09:55,5515
2019-05-25 10:00,5631
2019-05-25 10:05,5736
2019-05-25 10:10,5838
2019-05-25 10:15,5949
2019-05-25 10:20,6020
2019-05-25 10:25,6161
2019-05-25 10:30,6247
2019-05-25 10:35,6331
2019-05-25 10:40,6374
2019-05-25 10:45,6447
2019-05-25 10:50,6493
2019-05-25 10:55,6546
2019-05-25 11:00,6612
2019-05-25 11:05,6677
2019-05-25 11:10,6696
2019-05-25 11:15,6766
2019-05-25 11:20,6820
2019-05-25 11:25,6867
2019-05-25 11:30,6936
2019-05-25 11:35,7013
2019-05-25 11:40,7067
2019-05-25 11:45,7130
2019-05-25 11:50,7164
2019-05-25 11:55,7244
2019-05-25 12:00,7268
2019-05-25 12:05,7302
2019-05-25 12:10,7349
2019-05-25 12:15,7431
2019-05-25 12:20,7524
2019-05-25 12:25,7601
2019-05-25 12:30,7690
2019-05-25 12:35,7779
2019-05-25 12:40,7904
2019-05-25 12:45,7959
2019-05-25 12:50,8004
2019-05-25 12:55,8088
2019-05-25 13:00,8159
2019-05-25 13:05,8237
2019-05-25 13:10,8320
2019-05-25 13:15,8388
2019-05-25 13:20,8465
2019-05-25 13:25,8549
2019-05-25 13:30,8619
2019-05-25 13:35,8749
2019-05-25 13:40,8902
2019-05-25 13:45,9027
2019-05-25 13:50,9069
2019-05-25 13:55,9161
2019-05-25 14:00,9301
2019-05-25 14:05,9374
2019-05-25 14:10,9453
2019-05-25 14:15,9565
2019-05-25 14:20,9684
2019-05-25 14:25,9777
2019-05-25 14:30,9835
2019-05-25 14:35,9890
2019-05-25 14:40,9949
2019-05-25 14:45,10034
2019-05-25 14:50,
2019-05-25 14:55,10197
2019-05-25 15:00,10285
2019-05-25 15:05,10333
2019-05-25 15:10,10379
2019-05-25 15:15,10490
2019-05-25 15:20,10530
2019-05-25 15:25,10634
2019-05-25 15:30,10709
2019-05-25 15:35,10763
2019-05-25 15:40,10771
2019-05-25 15:45,10850
2019-05-25 15:50,10904
2019-05-25 15:55,10960
2019-05-25 16:00,11028
2019-05-25 16:05,11080
2019-05-25 16:10,11093
2019-05-25 16:15,11115
2019-05-25 16:20,11172
2019-05-25 16:25,11195
2019-05-25 16:30,11247
2019-05-25 16:35,11328
2019-05-25 16:40,11489
2019-05-25 16:45,11452
2019-05-25 16:50,11498
2019-05-25 16:55,11530
2019-05-25 17:00,11601
2019-05-25 17:05,11636
2019-05-25 17:10,11672
2019-05-25 17:15,11784
2019-05-25 17:20,11839
2019-05-25 17:25,11929
2019-05-25 17:30,12017
2019-05-25 17:35,12129
2019-05-25 17:40,12214
2019-05-25 17:45,12241
2019-05-25 17:50,12237
2019-05-25 17:55,12313
2019-05-25 18:00,12408
2019-05-25 18:05,12489
2019-05-25 18:10,12528
2019-05-25 18:15,12609
2019-05-25 18:20,12673
2019-05-25 18:25,12695
2019-05-25 18:30,12779
2019-05-25 18:35,12878
2019-05-25 18:40,12926
2019-05-25 18:45,12931
2019-05-25 18:50,12979
2019-05-25 18:55,13116
2019-05-25 19:00,13178
2019-05-25 19:05,13252
2019-05-25 19:10,13254
2019-05-25 19:15,13332
2019-05-25 19:20,13365
2019-05-25 19:25,13469
2019-05-25 19:30,13520
2019-05-25 19:35,13567
2019-05-25 19:40,13613
2019-05-25 19:45,13679
2019-05-25 19:50,13715
2019-05-25 19:55,13827
2019-05-25 20:00,13901
2019-05-25 20:05,14005
2019-05-25 20:10,13981
2019-05-25 20:15,13991
2019-05-25 20:20,14011
2019-05-25 20:25,14091
2019-05-25 20:30,14138
2019-05-25 20:35,14130
2019-05-25 20:40,14139
2019-05-25 20:45,14076
2019-05-25 20:50,14060
2019-05-25 20:55,13968
2019-05-25 21:00,13944
2019-05-25 21:05,13915
2019-05-25 21:10,13904
2019-05-25 21:15,13983
2019-05-25 21:20,13962
2019-05-25 21:25,13912
2019-05-25 21:30,13844
2019-05-25 21:35,13864
2019-05-25 21:40,13784
2019-05-25 21:45,13693
2019-05-25 21:50,13617
2019-05-25 21:55,13555
2019-05-25 22:00,13496
2019-05-25 22:05,13440
2019-05-25 22:10,13338
2019-05-25 22:15,13242
2019-05-25 22:20,13112
2019-05-25 22:25,13000
2019-05-25 22:30,12863
2019-05-25 22:35,12807
2019-05-25 22:40,12722
2019-05-25 22:45,12701
2019-05-25 22:50,12624
2019-05-25 22:55,12433
2019-05-25 23:00,12296
2019-05-25 23:05,12182
2019-05-25 23:10,12014
2019-05-25 23:15,11864
2019-05-25 23:20,11776
2019-05-25 23:25,11691
2019-05-25 23:30,11620
2019-05-25 23:35,11477
2019-05-25 23:40,11376
2019-05-25 23:45,11298
2019-05-25 23:50,11194
2019-05-25 23:55,11178
2019-05-26 00:00,11105
2019-05-26 00:05,10997
2019-05-26 00:10,10944
2019-05-26 00:15,10883
2019-05-26 00:20,10864
2019-05-26 00:25,10804
2019-05-26 00:30,10766
2019-05-26 00:35,10724
2019-05-26 00:40,10741
2019-05-26 00:45,10675
2019-05-26 00:50,10669
2019-05-26 00:55,10615
2019-05-26 01:00,10599
2019-05-26 01:05,10567
2019-05-26 01:10,10526
2019-05-26 01:15,10529
2019-05-26 01:20,10536
2019-05-26 01:25,10562
2019-05-26 01:30,10604
2019-05-26 01:35,10548
2019-05-26 01:40,10551
2019-05-26 01:45,10558
2019-05-26 01:50,10597
2019-05-26 01:55,10549
2019-05-26 02:00,10545
2019-05-26 02:05,10459
2019-05-26 02:10,10445
2019-05-26 02:15,10451
2019-05-26 02:20,10479
2019-05-26 02:25,10498
2019-05-26 02:30,10476
2019-05-26 02:35,10520
2019-05-26 02:40,10527
2019-05-26 02:45,10543
2019-05-26 02:50,10530
2019-05-26 02:55,10561
2019-05-26 03:00,10546
2019-05-26 03:05,10507
2019-05-26 03:10,10522
2019-05-26 03:15,10498
2019-05-26 03:20,10480
2019-05-26 03:25,10446
2019-05-26 03:30,10393
2019-05-26 03:35,10337
2019-05-26 03:40,10280
2019-05-26 03:45,10250
2019-05-26 03:50,10196
2019-05-26 03:55,10192
2019-05-26 04:00,10141
2019-05-26 04:05,9957
2019-05-26 04:10,9025
2019-05-26 04:15,8702
2019-05-26 04:20,8613
2019-05-26 04:25,8617
2019-05-26 04:30,8679
2019-05-26 04:35,8723
2019-05-26 04:40,8728
2019-05-26 04:45,8776
2019-05-26 04:50,8834
2019-05-26 04:55,8871
2019-05-26 05:00,8817
2019-05-26 05:05,8726
2019-05-26 05:10,8634
2019-05-26 05:15,8563
2019-05-26 05:20,8504
2019-05-26 05:25,8469
2019-05-26 05:30,8368
2019-05-26 05:35,8283
2019-05-26 05:40,8182
2019-05-26 05:45,8132
2019-05-26 05:50,8076
2019-05-26 05:55,7999
2019-05-26 06:00,7890
2019-05-26 06:05,7783
2019-05-26 06:10,7718
2019-05-26 06:15,7578
2019-05-26 06:20,7465
2019-05-26 06:25,7366
2019-05-26 06:30,7340
2019-05-26 06:35,7219
2019-05-26 06:40,7118
2019-05-26 06:45,7009
2019-05-26 06:50,6927
2019-05-26 06:55,6902
2019-05-26 07:00,6851
2019-05-26 07:05,6730
2019-05-26 07:10,6660
2019-05-26 07:15,6619
2019-05-26 07:20,6532
2019-05-26 07:25,6453
2019-05-26 07:30,6417
2019-05-26 07:35,6416
2019-05-26 07:40,6384
2019-05-26 07:45,6297
2019-05-26 07:50,6226
2019-05-26 07:55,6129
2019-05-26 08:00,6129
2019-05-26 08:05,6111
2019-05-26 08:10,6089
2019-05-26 08:15,6076
2019-05-26 08:20,6037
2019-05-26 08:25,6000
2019-05-26 08:30,5975
2019-05-26 08:35,5986
2019-05-26 08:40,5984
2019-05-26 08:45,5978
2019-05-26 08:50,6003
2019-05-26 08:55,6038
2019-05-26 09:00,6115
2019-05-26 09:05,6186
2019-05-26 09:10,6206
2019-05-26 09:15,6239
2019-05-26 09:20,6230
2019-05-26 09:25,6278
2019-05-26 09:30,6262
2019-05-26 09:35,6268
2019-05-26 09:40,6279
2019-05-26 09:45,6357
2019-05-26 09:50,6413
2019-05-26 09:55,6436
2019-05-26 10:00,6476
2019-05-26 10:05,6497
2019-05-26 10:10,6532
2019-05-26 10:15,6523
2019-05-26 10:20,6544
2019-05-26 10:25,6599
2019-05-26 10:30,6608
2019-05-26 10:35,6687
2019-05-26 10:40,6752
2019-05-26 10:45,6817
2019-05-26 10:50,6892
2019-05-26 10:55,6966
2019-05-26 11:00,7095
2019-05-26 11:05,7111
2019-05-26 11:10,7175
2019-05-26 11:15,7179
2019-05-26 11:20,7221
2019-05-26 11:25,7263
2019-05-26 11:30,7277
2019-05-26 11:35,7329
2019-05-26 11:40,7358
2019-05-26 11:45,7470
2019-05-26 11:50,7517
2019-05-26 11:55,7574
2019-05-26 12:00,7676
2019-05-26 12:05,7732
2019-05-26 12:10,7793
2019-05-26 12:15,7823
2019-05-26 12:20,7905
2019-05-26 12:25,7956
2019-05-26 12:30,8012
2019-05-26 12:35,8069
2019-05-26 12:40,8163
2019-05-26 12:45,8231
2019-05-26 12:50,8273
2019-05-26 12:55,8370
2019-05-26 13:00,8465
2019-05-26 13:05,8560
2019-05-26 13:10,8630
2019-05-26 13:15,8714
2019-05-26 13:20,8837
2019-05-26 13:25,8909
2019-05-26 13:30,9033
2019-05-26 13:35,9136
2019-05-26 13:40,9220
2019-05-26 13:45,9326
2019-05-26 13:50,9482
2019-05-26 13:55,9623
2019-05-26 14:00,9698
2019-05-26 14:05,9702
2019-05-26 14:10,9855
2019-05-26 14:15,9957
2019-05-26 14:20,10086
2019-05-26 14:25,10140
2019-05-26 14:30,10226
2019-05-26 14:35,10312
2019-05-26 14:40,10405
2019-05-26 14:45,10511
2019-05-26 14:50,10577
2019-05-26 14:55,10680
2019-05-26 15:00,10749
2019-05-26 15:05,10850
2019-05-26 15:10,10952
2019-05-26 15:15,11012
2019-05-26 15:20,11128
2019-05-26 15:25,11195
2019-05-26 15:30,11241
2019-05-26 15:35,11351
2019-05-26 15:40,11353
2019-05-26 15:45,11396
2019-05-26 15:50,11426
2019-05-26 15:55,11489
2019-05-26 16:00,11499
2019-05-26 16:05,11623
2019-05-26 16:10,11662
2019-05-26 16:15,11757
2019-05-26 16:20,11860
2019-05-26 16:25,11915
2019-05-26 16:30,11992
2019-05-26 16:35,12052
2019-05-26 16:40,12151
2019-05-26 16:45,12261
2019-05-26 16:50,12328
2019-05-26 16:55,12407
2019-05-26 17:00,12517
2019-05-26 17:05,12624
2019-05-26 17:10,12756
2019-05-26 17:15,12760
2019-05-26 17:20,12855
2019-05-26 17:25,12967
2019-05-26 17:30,13104
2019-05-26 17:35,13112
2019-05-26 17:40,13195
2019-05-26 17:45,13331
2019-05-26 17:50,13411
2019-05-26 17:55,13592
2019-05-26 18:00,13717
2019-05-26 18:05,13799
2019-05-26 18:10,13920
2019-05-26 18:15,14008
2019-05-26 18:20,14056
2019-05-26 18:25,14164
2019-05-26 18:30,14309
2019-05-26 18:35,14404
2019-05-26 18:40,14416
2019-05-26 18:45,14493
2019-05-26 18:50,14500
2019-05-26 18:55,14523
2019-05-26 19:00,14645
2019-05-26 19:05,14682
2019-05-26 19:10,14720
2019-05-26 19:15,14765
2019-05-26 19:20,14731
2019-05-26 19:25,14747
2019-05-26 19:30,14767
2019-05-26 19:35,14761
2019-05-26 19:40,14807
2019-05-26 19:45,14810
2019-05-26 19:50,14771
2019-05-26 19:55,14720
2019-05-26 20:00,14702
2019-05-26 20:05,14651
2019-05-26 20:10,14556
2019-05-26 20:15,14593
2019-05-26 20:20,14542
2019-05-26 20:25,14580
2019-05-26 20:30,14500
2019-05-26 20:35,14367
2019-05-26 20:40,14330
2019-05-26 20:45,14268
2019-05-26 20:50,14135
2019-05-26 20:55,14063
2019-05-26 21:00,13954
2019-05-26 21:05,13875
2019-05-26 21:10,13778
2019-05-26 21:15,13687
2019-05-26 21:20,13626
2019-05-26 21:25,13469
2019-05-26 21:30,13315
2019-05-26 21:35,13169
2019-05-26 21:40,13094
2019-05-26 21:45,12959
2019-05-26 21:50,12877
2019-05-26 21:55,12775
2019-05-26 22:00,12703
2019-05-26 22:05,12631
2019-05-26 22:10,12475
2019-05-26 22:15,12274
2019-05-26 22:20,12174
2019-05-26 22:25,12120
2019-05-26 22:30,12061
2019-05-26 22:35,11941
2019-05-26 22:40,11794
2019-05-26 22:45,11736
2019-05-26 22:50,11649
2019-05-26 22:55,11502
2019-05-26 23:00,11451
2019-05-26 23:05,11367
2019-05-26 23:10,11346
2019-05-26 23:15,11257
2019-05-26 23:20,11191
2019-05-26 23:25,11147
2019-05-26 23:30,11098
2019-05-26 23:35,11093
2019-05-26 23:40,11020
2019-05-26 23:45,10929
2019-05-26 23:50,10944
2019-05-26 23:55,10884
2019-05-27 00:00,10810
2019-05-27 00:05,10836
2019-05-27 00:10,10778
2019-05-27 00:15,10785
2019-05-27 00:20,10790
2019-05-27 00:25,10784
2019-05-27 00:30,10774
2019-05-27 00:35,10757
2019-05-27 00:40,10766
2019-05-27 00:45,10704
2019-05-27 00:50,10659
2019-05-27 00:55,10665
2019-05-27 01:00,10692
2019-05-27 01:05,10706
2019-05-27 01:10,10697
2019-05-27 01:15,10737
2019-05-27 01:20,10727
2019-05-27 01:25,10695
2019-05-27 01:30,10714
2019-05-27 01:35,10747
2019-05-27 01:40,10776
2019-05-27 01:45,10775
2019-05-27 01:50,10772
2019-05-27 01:55,10760
2019-05-27 02:00,10789
2019-05-27 02:05,10769
2019-05-27 02:10,10822
2019-05-27 02:15,10797
2019-05-27 02:20,10750
2019-05-27 02:25,10721
2019-05-27 02:30,10709
2019-05-27 02:35,10691
2019-05-27 02:40,10669
2019-05-27 02:45,10663
2019-05-27 02:50,10583
2019-05-27 02:55,10538
2019-05-27 03:00,10448
2019-05-27 03:05,10400
2019-05-27 03:10,10357
2019-05-27 03:15,10296
2019-05-27 03:20,10294
2019-05-27 03:25,10226
2019-05-27 03:30,10176
2019-05-27 03:35,10162
2019-05-27 03:40,10068
2019-05-27 03:45,10038
2019-05-27 03:50,9972
2019-05-27 03:55,9870
2019-05-27 04:00,9810
2019-05-27 04:05,9745
2019-05-27 04:10,9668
2019-05-27 04:15,9608
2019-05-27 04:20,9487
2019-05-27 04:25,9419
2019-05-27 04:30,9388
2019-05-27 04:35,9306
2019-05-27 04:40,9221
2019-05-27 04:45,9067
2019-05-27 04:50,8922
2019-05-27 04:55,8814
2019-05-27 05:00,8744
2019-05-27 05:05,8636
2019-05-27 05:10,8466
2019-05-27 05:15,8289
2019-05-27 05:20,8145
2019-05-27 05:25,8021
2019-05-27 05:30,7906
2019-05-27 05:35,7763
2019-05-27 05:40,7612
2019-05-27 05:45,7463
2019-05-27 05:50,7342
2019-05-27 05:55,7241
2019-05-27 06:00,7121
2019-05-27 06:05,7038
2019-05-27 06:10,6909
2019-05-27 06:15,6816
2019-05-27 06:20,6724
2019-05-27 06:25,6601
2019-05-27 06:30,6513
2019-05-27 06:35,6472
2019-05-27 06:40,6376
2019-05-27 06:45,6244
2019-05-27 06:50,6134
2019-05-27 06:55,5969
2019-05-27 07:00,5855
2019-05-27 07:05,5712
2019-05-27 07:10,5615
2019-05-27 07:15,5542
2019-05-27 07:20,5458
2019-05-27 07:25,5386
2019-05-27 07:30,5315
2019-05-27 07:35,5186
2019-05-27 07:40,5168
2019-05-27 07:45,5092
2019-05-27 07:50,5045
2019-05-27 07:55,5027
2019-05-27 08:00,5005
2019-05-27 08:05,4943
2019-05-27 08:10,4881
2019-05-27 08:15,4831
2019-05-27 08:20,4810
2019-05-27 08:25,4770
2019-05-27 08:30,4751
2019-05-27 08:35,4705
2019-05-27 08:40,4687
2019-05-27 08:45,4705
2019-05-27 08:50,4714
2019-05-27 08:55,4684
2019-05-27 09:00,4710
2019-05-27 09:05,4719
2019-05-27 09:10,4726
2019-05-27 09:15,4723
2019-05-27 09:20,4687
2019-05-27 09:25,4666
2019-05-27 09:30,4644
2019-05-27 09:35,4634
2019-05-27 09:40,4612
2019-05-27 09:45,4616
2019-05-27 09:50,4645
2019-05-27 09:55,4711
2019-05-27 10:00,4734
2019-05-27 10:05,4736
2019-05-27 10:10,4756
2019-05-27 10:15,4796
2019-05-27 10:20,4773
2019-05-27 10:25,4761
2019-05-27 10:30,4809
2019-05-27 10:35,4777
2019-05-27 10:40,4793
2019-05-27 10:45,4832
2019-05-27 10:50,4818
2019-05-27 10:55,4842
2019-05-27 11:00,4832
2019-05-27 11:05,4841
2019-05-27 11:10,4921
2019-05-27 11:15,4951
2019-05-27 11:20,5008
2019-05-27 11:25,5050
2019-05-27 11:30,5134
2019-05-27 11:35,5191
2019-05-27 11:40,5217
2019-05-27 11:45,5321
2019-05-27 11:50,5402
2019-05-27 11:55,5485
2019-05-27 12:00,5533
2019-05-27 12:05,5621
2019-05-27 12:10,5679
2019-05-27 12:15,5748
2019-05-27 12:20,5875
2019-05-27 12:25,5968
2019-05-27 12:30,6028
2019-05-27 12:35,6062
2019-05-27 12:40,6089
2019-05-27 12:45,6179
2019-05-27 12:50,6299
2019-05-27 12:55,6369
2019-05-27 13:00,6436
2019-05-27 13:05,6521
2019-05-27 13:10,6611
2019-05-27 13:15,6772
2019-05-27 13:20,6835
2019-05-27 13:25,6930
2019-05-27 13:30,6996
2019-05-27 13:35,7078
2019-05-27 13:40,7145
2019-05-27 13:45,7238
2019-05-27 13:50,7333
2019-05-27 13:55,7386
2019-05-27 14:00,7494
2019-05-27 14:05,7622
2019-05-27 14:10,7697
2019-05-27 14:15,7792
2019-05-27 14:20,7878
2019-05-27 14:25,7967
2019-05-27 14:30,8040
2019-05-27 14:35,8143
2019-05-27 14:40,8201
2019-05-27 14:45,8303
2019-05-27 14:50,8466
2019-05-27 14:55,8626
2019-05-27 15:00,8723
2019-05-27 15:05,8787
2019-05-27 15:10,8888
2019-05-27 15:15,9052
2019-05-27 15:20,9098
2019-05-27 15:25,9191
2019-05-27 15:30,9275
2019-05-27 15:35,9409
2019-05-27 15:40,9493
2019-05-27 15:45,9599
2019-05-27 15:50,9701
2019-05-27 15:55,9791
2019-05-27 16:00,9872
2019-05-27 16:05,9954
2019-05-27 16:10,10075
2019-05-27 16:15,10234
2019-05-27 16:20,10283
2019-05-27 16:25,10442
2019-05-27 16:30,10532
2019-05-27 16:35,10659
2019-05-27 16:40,10783
2019-05-27 16:45,10891
2019-05-27 16:50,11032
2019-05-27 16:55,11177
2019-05-27 17:00,11278
2019-05-27 17:05,11376
2019-05-27 17:10,11560
2019-05-27 17:15,11691
2019-05-27 17:20,11776
2019-05-27 17:25,11889
2019-05-27 17:30,12022
2019-05-27 17:35,12209
2019-05-27 17:40,12257
2019-05-27 17:45,12310
2019-05-27 17:50,12475
2019-05-27 17:55,12553
2019-05-27 18:00,12694
2019-05-27 18:05,12766
2019-05-27 18:10,12808
2019-05-27 18:15,12968
2019-05-27 18:20,13077
2019-05-27 18:25,13158
2019-05-27 18:30,13260
2019-05-27 18:35,13309
2019-05-27 18:40,13451
2019-05-27 18:45,13559
2019-05-27 18:50,13589
2019-05-27 18:55,13602
2019-05-27 19:00,13806
2019-05-27 19:05,13783
2019-05-27 19:10,
2019-05-27 19:15,
2019-05-27 19:20,13948
2019-05-27 19:25,14015
2019-05-27 19:30,14024
2019-05-27 19:35,13994
2019-05-27 19:40,14063
2019-05-27 19:45,14065
2019-05-27 19:50,14082
2019-05-27 19:55,14069
2019-05-27 20:00,14012
2019-05-27 20:05,14011
2019-05-27 20:10,13936
2019-05-27 20:15,13876
2019-05-27 20:20,13831
2019-05-27 20:25,13873
2019-05-27 20:30,13790
2019-05-27 20:35,13732
2019-05-27 20:40,13684
2019-05-27 20:45,13698
2019-05-27 20:50,13615
2019-05-27 20:55,13527
2019-05-27 21:00,13496
2019-05-27 21:05,13484
2019-05-27 21:10,13372
2019-05-27 21:15,13226
2019-05-27 21:20,13143
2019-05-27 21:25,13010
2019-05-27 21:30,12868
2019-05-27 21:35,12850
2019-05-27 21:40,12729
2019-05-27 21:45,12592
2019-05-27 21:50,12456
2019-05-27 21:55,12315
2019-05-27 22:00,12179
2019-05-27 22:05,12107
2019-05-27 22:10,11984
2019-05-27 22:15,11863
2019-05-27 22:20,11783
2019-05-27 22:25,11672
2019-05-27 22:30,11578
2019-05-27 22:35,11511
2019-05-27 22:40,11453
2019-05-27 22:45,11395
2019-05-27 22:50,11349
2019-05-27 22:55,11241
2019-05-27 23:00,11203
2019-05-27 23:05,11114
2019-05-27 23:10,11114
2019-05-27 23:15,11055
2019-05-27 23:20,11003
2019-05-27 23:25,11004
2019-05-27 23:30,10936
2019-05-27 23:35,10881
2019-05-27 23:40,10838
2019-05-27 23:45,10813
2019-05-27 23:50,10761
2019-05-27 23:55,10777
2019-05-28 00:00,10766
2019-05-28 00:05,10705
2019-05-28 00:10,10612
2019-05-28 00:15,10636
2019-05-28 00:20,10641
2019-05-28 00:25,10665
2019-05-28 00:30,10684
2019-05-28 00:35,10658
2019-05-28 00:40,10659
2019-05-28 00:45,10664
2019-05-28 00:50,10663
2019-05-28 00:55,10687
2019-05-28 01:00,10663
2019-05-28 01:05,10653
2019-05-28 01:10,10663
2019-05-28 01:15,10691
2019-05-28 01:20,10681
2019-05-28 01:25,10722
2019-05-28 01:30,10684
2019-05-28 01:35,10631
2019-05-28 01:40,10674
2019-05-28 01:45,10692
2019-05-28 01:50,10695
2019-05-28 01:55,10646
2019-05-28 02:00,10605
2019-05-28 02:05,10532
2019-05-28 02:10,10498
2019-05-28 02:15,10455
2019-05-28 02:20,10379
2019-05-28 02:25,10321
2019-05-28 02:30,10301
2019-05-28 02:35,10221
2019-05-28 02:40,10140
2019-05-28 02:45,10085
2019-05-28 02:50,9964
2019-05-28 02:55,9895
2019-05-28 03:00,9809
2019-05-28 03:05,9751
2019-05-28 03:10,9695
2019-05-28 03:15,9569
2019-05-28 03:20,9350
2019-05-28 03:25,9239
2019-05-28 03:30,9150
2019-05-28 03:35,9013
2019-05-28 03:40,8900
2019-05-28 03:45,8827
2019-05-28 03:50,8728
2019-05-28 03:55,8611
2019-05-28 04:00,8534
2019-05-28 04:05,8442
2019-05-28 04:10,8377
2019-05-28 04:15,8309
2019-05-28 04:20,8236
2019-05-28 04:25,8133
2019-05-28 04:30,8039
2019-05-28 04:35,7940
2019-05-28 04:40,7772
2019-05-28 04:45,7649
2019-05-28 04:50,7583
2019-05-28 04:55,7469
2019-05-28 05:00,7326
2019-05-28 05:05,7259
2019-05-28 05:10,7109
2019-05-28 05:15,6987
2019-05-28 05:20,6877
2019-05-28 05:25,6777
2019-05-28 05:30,6664
2019-05-28 05:35,6592
2019-05-28 05:40,6494
2019-05-28 05:45,6382
2019-05-28 05:50,6282
2019-05-28 05:55,6139
2019-05-28 06:00,5994
2019-05-28 06:05,5908
2019-05-28 06:10,5753
2019-05-28 06:15,5672
2019-05-28 06:20,5560
2019-05-28 06:25,5452
2019-05-28 06:30,5384
2019-05-28 06:35,5292
2019-05-28 06:40,5231
2019-05-28 06:45,5159
2019-05-28 06:50,5120
2019-05-28 06:55,4999
2019-05-28 07:00,4878
2019-05-28 07:05,4774
2019-05-28 07:10,4716
2019-05-28 07:15,4679
2019-05-28 07:20,4601
2019-05-28 07:25,4547
2019-05-28 07:30,4526
2019-05-28 07:35,4470
2019-05-28 07:40,4436
2019-05-28 07:45,4400
2019-05-28 07:50,4378
2019-05-28 07:55,4290
2019-05-28 08:00,4238
2019-05-28 08:05,4195
2019-05-28 08:10,4178
2019-05-28 08:15,4189
2019-05-28 08:20,4209
2019-05-28 08:25,4195
2019-05-28 08:30,4136
2019-05-28 08:35,4138
2019-05-28 08:40,4137
2019-05-28 08:45,4112
2019-05-28 08:50,4084
2019-05-28 08:55,4101
2019-05-28 09:00,4108
2019-05-28 09:05,4088
2019-05-28 09:10,4078
2019-05-28 09:15,4095
2019-05-28 09:20,4087
2019-05-28 09:25,4105
2019-05-28 09:30,4162
2019-05-28 09:35,4193
2019-05-28 09:40,4222
2019-05-28 09:45,4213
2019-05-28 09:50,4249
2019-05-28 09:55,4240
2019-05-28 10:00,4227
2019-05-28 10:05,4263
2019-05-28 10:10,4279
2019-05-28 10:15,4285
2019-05-28 10:20,4379
2019-05-28 10:25,4352
2019-05-28 10:30,4367
2019-05-28 10:35,4356
2019-05-28 10:40,4429
2019-05-28 10:45,4459
2019-05-28 10:50,4484
2019-05-28 10:55,4518
2019-05-28 11:00,4535
2019-05-28 11:05,
2019-05-28 11:10,
2019-05-28 11:15,
2019-05-28 11:20,
2019-05-28 11:25,4724
2019-05-28 11:30,4769
2019-05-28 11:35,4877
2019-05-28 11:40,
2019-05-28 11:45,4946
2019-05-28 11:50,4977
2019-05-28 11:55,5031
2019-05-28 12:00,5087
2019-05-28 12:05,
2019-05-28 12:10,
2019-05-28 12:15,
2019-05-28 12:20,
2019-05-28 12:25,
2019-05-28 12:30,
2019-05-28 12:35,
2019-05-28 12:40,5689
2019-05-28 12:45,5773
2019-05-28 12:50,
2019-05-28 12:55,
2019-05-28 13:00,
2019-05-28 13:05,
2019-05-28 13:10,6126
2019-05-28 13:15,
2019-05-28 13:20,
2019-05-28 13:25,6377
2019-05-28 13:30,6467
2019-05-28 13:35,6576
2019-05-28 13:40,6697
2019-05-28 13:45,6777
2019-05-28 13:50,6865
2019-05-28 13:55,
2019-05-28 14:00,
2019-05-28 14:05,7172
2019-05-28 14:10,7258
2019-05-28 14:15,7342
2019-05-28 14:20,7376
2019-05-28 14:25,
2019-05-28 14:30,7546
2019-05-28 14:35,7616
2019-05-28 14:40,7679
2019-05-28 14:45,7718
2019-05-28 14:50,7833
2019-05-28 14:55,7942
2019-05-28 15:00,8065
2019-05-28 15:05,8117
2019-05-28 15:10,8142
2019-05-28 15:15,8245
2019-05-28 15:20,8310
2019-05-28 15:25,8416
2019-05-28 15:30,8483
2019-05-28 15:35,8551
2019-05-28 15:40,8596
2019-05-28 15:45,8589
2019-05-28 15:50,8655
2019-05-28 15:55,8771
2019-05-28 16:00,8882
2019-05-28 16:05,8920
2019-05-28 16:10,8981
2019-05-28 16:15,9100
2019-05-28 16:20,9159
2019-05-28 16:25,9187
2019-05-28 16:30,9274
2019-05-28 16:35,9411
2019-05-28 16:40,9502
2019-05-28 16:45,9621
2019-05-28 16:50,9724
2019-05-28 16:55,9828
2019-05-28 17:00,9934
2019-05-28 17:05,9986
2019-05-28 17:10,10084
2019-05-28 17:15,10144
2019-05-28 17:20,10247
2019-05-28 17:25,10342
2019-05-28 17:30,10452
2019-05-28 17:35,10476
2019-05-28 17:40,10581
2019-05-28 17:45,10708
2019-05-28 17:50,10846
2019-05-28 17:55,
2019-05-28 18:00,11015
2019-05-28 18:05,11126
2019-05-28 18:10,11160
2019-05-28 18:15,11256
2019-05-28 18:20,11314
2019-05-28 18:25,11439
2019-05-28 18:30,11508
2019-05-28 18:35,11589
2019-05-28 18:40,11729
2019-05-28 18:45,11814
2019-05-28 18:50,11905
2019-05-28 18:55,11934
2019-05-28 19:00,11962
2019-05-28 19:05,12007
2019-05-28 19:10,12040
2019-05-28 19:15,12115
2019-05-28 19:20,12173
2019-05-28 19:25,12202
2019-05-28 19:30,12252
2019-05-28 19:35,12304
2019-05-28 19:40,12301
2019-05-28 19:45,12297
2019-05-28 19:50,12296
2019-05-28 19:55,12281
2019-05-28 20:00,12251
2019-05-28 20:05,12192
2019-05-28 20:10,12213
2019-05-28 20:15,12205
2019-05-28 20:20,12148
2019-05-28 20:25,12112
2019-05-28 20:30,12155
2019-05-28 20:35,12142
2019-05-28 20:40,12139
2019-05-28 20:45,12026
2019-05-28 20:50,12018
2019-05-28 20:55,11945
2019-05-28 21:00,11924
2019-05-28 21:05,11856
2019-05-28 21:10,11745
2019-05-28 21:15,11673
2019-05-28 21:20,11589
2019-05-28 21:25,11512
2019-05-28 21:30,11409
2019-05-28 21:35,11334
2019-05-28 21:40,11177
2019-05-28 21:45,11137
2019-05-28 21:50,11010
2019-05-28 21:55,10942
2019-05-28 22:00,10836
2019-05-28 22:05,10834
2019-05-28 22:10,10750
2019-05-28 22:15,10673
2019-05-28 22:20,10587
2019-05-28 22:25,10620
2019-05-28 22:30,
2019-05-28 22:35,
2019-05-28 22:40,10056
2019-05-28 22:45,10335
2019-05-28 22:50,10391
2019-05-28 22:55,10399
2019-05-28 23:00,10402
2019-05-28 23:05,10434
2019-05-28 23:10,10385
2019-05-28 23:15,10367
2019-05-28 23:20,10365
2019-05-28 23:25,10333
2019-05-28 23:30,10306
2019-05-28 23:35,10298
2019-05-28 23:40,10247
2019-05-28 23:45,10241
2019-05-28 23:50,10186
2019-05-28 23:55,10196
2019-05-29 00:00,10158
2019-05-29 00:05,10118
2019-05-29 00:10,10103
2019-05-29 00:15,10079
2019-05-29 00:20,10092
2019-05-29 00:25,10100
2019-05-29 00:30,10131
2019-05-29 00:35,10178
2019-05-29 00:40,10235
2019-05-29 00:45,10216
2019-05-29 00:50,10245
2019-05-29 00:55,10195
2019-05-29 01:00,10257
2019-05-29 01:05,10279
2019-05-29 01:10,10275
2019-05-29 01:15,10284
2019-05-29 01:20,10265
2019-05-29 01:25,10276
2019-05-29 01:30,10270
2019-05-29 01:35,10305
2019-05-29 01:40,10293
2019-05-29 01:45,10228
2019-05-29 01:50,10232
2019-05-29 01:55,10249
2019-05-29 02:00,10197
2019-05-29 02:05,10127
2019-05-29 02:10,10112
2019-05-29 02:15,10113
2019-05-29 02:20,10146
2019-05-29 02:25,10129
2019-05-29 02:30,10084
2019-05-29 02:35,10070
2019-05-29 02:40,10079
2019-05-29 02:45,10046
2019-05-29 02:50,9949
2019-05-29 02:55,9887
2019-05-29 03:00,9833
2019-05-29 03:05,9749
2019-05-29 03:10,9654
2019-05-29 03:15,9623
2019-05-29 03:20,9469
2019-05-29 03:25,9373
2019-05-29 03:30,9210
2019-05-29 03:35,9091
2019-05-29 03:40,9014
2019-05-29 03:45,8968
2019-05-29 03:50,8900
2019-05-29 03:55,8787
2019-05-29 04:00,8674
2019-05-29 04:05,8626
2019-05-29 04:10,8510
2019-05-29 04:15,8405
2019-05-29 04:20,8317
2019-05-29 04:25,8234
2019-05-29 04:30,8129
2019-05-29 04:35,8078
2019-05-29 04:40,7990
2019-05-29 04:45,7916
2019-05-29 04:50,7817
2019-05-29 04:55,7710
2019-05-29 05:00,7602
2019-05-29 05:05,7437
2019-05-29 05:10,7276
2019-05-29 05:15,7153
2019-05-29 05:20,7064
2019-05-29 05:25,6913
2019-05-29 05:30,6819
2019-05-29 05:35,6729
2019-05-29 05:40,6619
2019-05-29 05:45,6534
2019-05-29 05:50,6395
2019-05-29 05:55,6295
2019-05-29 06:00,6136
2019-05-29 06:05,6069
2019-05-29 06:10,5965
2019-05-29 06:15,5810
2019-05-29 06:20,5713
2019-05-29 06:25,5629
2019-05-29 06:30,5495
2019-05-29 06:35,5371
2019-05-29 06:40,5261
2019-05-29 06:45,5198
2019-05-29 06:50,5117
2019-05-29 06:55,5020
2019-05-29 07:00,4943
2019-05-29 07:05,4549
2019-05-29 07:10,4173
2019-05-29 07:15,4089
2019-05-29 07:20,4025
2019-05-29 07:25,4034
2019-05-29 07:30,4072
2019-05-29 07:35,4085
2019-05-29 07:40,4007
2019-05-29 07:45,3976
2019-05-29 07:50,4007
2019-05-29 07:55,4058
2019-05-29 08:00,4059
2019-05-29 08:05,4077
2019-05-29 08:10,4068
2019-05-29 08:15,4092
2019-05-29 08:20,4042
2019-05-29 08:25,4077
2019-05-29 08:30,4059
2019-05-29 08:35,4051
2019-05-29 08:40,4042
2019-05-29 08:45,4047
2019-05-29 08:50,4044
2019-05-29 08:55,4076
2019-05-29 09:00,4087
2019-05-29 09:05,4129
2019-05-29 09:10,4119
2019-05-29 09:15,4099
2019-05-29 09:20,4084
2019-05-29 09:25,4110
2019-05-29 09:30,4149
2019-05-29 09:35,4079
2019-05-29 09:40,4042
2019-05-29 09:45,4022
2019-05-29 09:50,3958
2019-05-29 09:55,3912
2019-05-29 10:00,3948
2019-05-29 10:05,3928
2019-05-29 10:10,3901
2019-05-29 10:15,3921
2019-05-29 10:20,3935
2019-05-29 10:25,3862
2019-05-29 10:30,3840
2019-05-29 10:35,3525
2019-05-29 10:40,2907
2019-05-29 10:45,2402
2019-05-29 10:50,1948
2019-05-29 10:55,1602
2019-05-29 11:00,1434
2019-05-29 11:05,1264
2019-05-29 11:10,1237
2019-05-29 11:15,1255
2019-05-29 11:20,1249
2019-05-29 11:25,1287
2019-05-29 11:30,1289
2019-05-29 11:35,1303
2019-05-29 11:40,1288
2019-05-29 11:45,1314
2019-05-29 11:50,1323
2019-05-29 11:55,1354
2019-05-29 12:00,1364
2019-05-29 12:05,1346
2019-05-29 12:10,1345
2019-05-29 12:15,1359
2019-05-29 12:20,1383
2019-05-29 12:25,1412
2019-05-29 12:30,1405
2019-05-29 12:35,1397
2019-05-29 12:40,1434
2019-05-29 12:45,1406
2019-05-29 12:50,1301
2019-05-29 12:55,1300
2019-05-29 13:00,1279
2019-05-29 13:05,1354
2019-05-29 13:10,1408
2019-05-29 13:15,1453
2019-05-29 13:20,1516
2019-05-29 13:25,1529
2019-05-29 13:30,1547
2019-05-29 13:35,1567
2019-05-29 13:40,1562
2019-05-29 13:45,2209
2019-05-29 13:50,3121
2019-05-29 13:55,3220
2019-05-29 14:00,3734
2019-05-29 14:05,3330
2019-05-29 14:10,4031
2019-05-29 14:15,4630
2019-05-29 14:20,5219
2019-05-29 14:25,5734
2019-05-29 14:30,6233
2019-05-29 14:35,6683
2019-05-29 14:40,7084
2019-05-29 14:45,7395
2019-05-29 14:50,7674
2019-05-29 14:55,7991
2019-05-29 15:00,8168
2019-05-29 15:05,8364
2019-05-29 15:10,8529
2019-05-29 15:15,8731
2019-05-29 15:20,8927
2019-05-29 15:25,9014
2019-05-29 15:30,9160
2019-05-29 15:35,9273
2019-05-29 15:40,9440
2019-05-29 15:45,9603
2019-05-29 15:50,9651
2019-05-29 15:55,9685
2019-05-29 16:00,9728
2019-05-29 16:05,9808
2019-05-29 16:10,9890
2019-05-29 16:15,9999
2019-05-29 16:20,10135
2019-05-29 16:25,10275
2019-05-29 16:30,10350
2019-05-29 16:35,10447
2019-05-29 16:40,10544
2019-05-29 16:45,10649
2019-05-29 16:50,10735
2019-05-29 16:55,10793
2019-05-29 17:00,10891
2019-05-29 17:05,10995
2019-05-29 17:10,11051
2019-05-29 17:15,11142
2019-05-29 17:20,11226
2019-05-29 17:25,11316
2019-05-29 17:30,11369
2019-05-29 17:35,11400
2019-05-29 17:40,11460
2019-05-29 17:45,11528
2019-05-29 17:50,11697
2019-05-29 17:55,11793
2019-05-29 18:00,11839
2019-05-29 18:05,11900
2019-05-29 18:10,11919
2019-05-29 18:15,11994
2019-05-29 18:20,12053
2019-05-29 18:25,12186
2019-05-29 18:30,12287
2019-05-29 18:35,12363
2019-05-29 18:40,12420
2019-05-29 18:45,12506
2019-05-29 18:50,12565
2019-05-29 18:55,12617
2019-05-29 19:00,
2019-05-29 19:05,12709
2019-05-29 19:10,12746
2019-05-29 19:15,12845
2019-05-29 19:20,12925
2019-05-29 19:25,12980
2019-05-29 19:30,12990
2019-05-29 19:35,13087
2019-05-29 19:40,13149
2019-05-29 19:45,13127
2019-05-29 19:50,13150
2019-05-29 19:55,13199
2019-05-29 20:00,13140
2019-05-29 20:05,13124
2019-05-29 20:10,13143
2019-05-29 20:15,13111
2019-05-29 20:20,13106
2019-05-29 20:25,13097
2019-05-29 20:30,13089
2019-05-29 20:35,13080
2019-05-29 20:40,13016
2019-05-29 20:45,12958
2019-05-29 20:50,12988
2019-05-29 20:55,12919
2019-05-29 21:00,12931
2019-05-29 21:05,12890
2019-05-29 21:10,12794
2019-05-29 21:15,12781
2019-05-29 21:20,12814
2019-05-29 21:25,12820
2019-05-29 21:30,12698
2019-05-29 21:35,12655
2019-05-29 21:40,12614
2019-05-29 21:45,12615
2019-05-29 21:50,12554
2019-05-29 21:55,12523
2019-05-29 22:00,12538
2019-05-29 22:05,12480
2019-05-29 22:10,12349
2019-05-29 22:15,12275
2019-05-29 22:20,12196
2019-05-29 22:25,12127
2019-05-29 22:30,12051
2019-05-29 22:35,11386
2019-05-29 22:40,8517
2019-05-29 22:45,6118
2019-05-29 22:50,6070
2019-05-29 22:55,3872
2019-05-29 23:00,3872
2019-05-29 23:05,3681
2019-05-29 23:10,4607
2019-05-29 23:15,5311
2019-05-29 23:20,5990
2019-05-29 23:25,6586
2019-05-29 23:30,7122
2019-05-29 23:35,7575
2019-05-29 23:40,8010
2019-05-29 23:45,8417
2019-05-29 23:50,8783
2019-05-29 23:55,9154
2019-05-30 00:00,9444
2019-05-30 00:05,9661
2019-05-30 00:10,9907
2019-05-30 00:15,10082
2019-05-30 00:20,10283
2019-05-30 00:25,10434
2019-05-30 00:30,10557
2019-05-30 00:35,10697
2019-05-30 00:40,10761
2019-05-30 00:45,10898
2019-05-30 00:50,11077
2019-05-30 00:55,11116
2019-05-30 01:00,11151
2019-05-30 01:05,11106
2019-05-30 01:10,11121
2019-05-30 01:15,11013
2019-05-30 01:20,11014
2019-05-30 01:25,11086
2019-05-30 01:30,11144
2019-05-30 01:35,11158
2019-05-30 01:40,11192
2019-05-30 01:45,11169
2019-05-30 01:50,11120
2019-05-30 01:55,11099
2019-05-30 02:00,11078
2019-05-30 02:05,11002
2019-05-30 02:10,10982
2019-05-30 02:15,10963
2019-05-30 02:20,10914
2019-05-30 02:25,10849
2019-05-30 02:30,10771
2019-05-30 02:35,10724
2019-05-30 02:40,10659
2019-05-30 02:45,10566
2019-05-30 02:50,10462
2019-05-30 02:55,10464
2019-05-30 03:00,10409
2019-05-30 03:05,10314
2019-05-30 03:10,10197
2019-05-30 03:15,10030
2019-05-30 03:20,9932
2019-05-30 03:25,9798
2019-05-30 03:30,9639
2019-05-30 03:35,9540
2019-05-30 03:40,9438
2019-05-30 03:45,9322
2019-05-30 03:50,9261
2019-05-30 03:55,9172
2019-05-30 04:00,9064
2019-05-30 04:05,8981
2019-05-30 04:10,8906
2019-05-30 04:15,8836
2019-05-30 04:20,8725
2019-05-30 04:25,8674
2019-05-30 04:30,8518
2019-05-30 04:35,8440
2019-05-30 04:40,8270
2019-05-30 04:45,8113
2019-05-30 04:50,7977
2019-05-30 04:55,7900
2019-05-30 05:00,7763
2019-05-30 05:05,7667
2019-05-30 05:10,7473
2019-05-30 05:15,7328
2019-05-30 05:20,7128
2019-05-30 05:25,6939
2019-05-30 05:30,6796
2019-05-30 05:35,6704
2019-05-30 05:40,6578
2019-05-30 05:45,6455
2019-05-30 05:50,6320
2019-05-30 05:55,6218
2019-05-30 06:00,6154
2019-05-30 06:05,6008
2019-05-30 06:10,5918
2019-05-30 06:15,5819
2019-05-30 06:20,5693
2019-05-30 06:25,5643
2019-05-30 06:30,5544
2019-05-30 06:35,5471
2019-05-30 06:40,5375
2019-05-30 06:45,5278
2019-05-30 06:50,5233
2019-05-30 06:55,5135
2019-05-30 07:00,5071
2019-05-30 07:05,4981
2019-05-30 07:10,4945
2019-05-30 07:15,4903
2019-05-30 07:20,4867
2019-05-30 07:25,4860
2019-05-30 07:30,4811
2019-05-30 07:35,4759
2019-05-30 07:40,4751
2019-05-30 07:45,4726
2019-05-30 07:50,4706
2019-05-30 07:55,4670
2019-05-30 08:00,4653
2019-05-30 08:05,4674
2019-05-30 08:10,4664
2019-05-30 08:15,4638
2019-05-30 08:20,4647
2019-05-30 08:25,4654
2019-05-30 08:30,4686
2019-05-30 08:35,4675
2019-05-30 08:40,4735
2019-05-30 08:45,4716
2019-05-30 08:50,4744
2019-05-30 08:55,4772
2019-05-30 09:00,4785
2019-05-30 09:05,4809
2019-05-30 09:10,4844
2019-05-30 09:15,4890
2019-05-30 09:20,4941
2019-05-30 09:25,5011
2019-05-30 09:30,5058
2019-05-30 09:35,5042
2019-05-30 09:40,5015
2019-05-30 09:45,5028
2019-05-30 09:50,5033
2019-05-30 09:55,5037
2019-05-30 10:00,5013
2019-05-30 10:05,4970
2019-05-30 10:10,4923
2019-05-30 10:15,4967
2019-05-30 10:20,4919
2019-05-30 10:25,4819
2019-05-30 10:30,4816
2019-05-30 10:35,4504
2019-05-30 10:40,3714
2019-05-30 10:45,2988
2019-05-30 10:50,2351
2019-05-30 10:55,1900
2019-05-30 11:00,1704
2019-05-30 11:05,1558
2019-05-30 11:10,1415
2019-05-30 11:15,1401
2019-05-30 11:20,1422
2019-05-30 11:25,1398
2019-05-30 11:30,1432
2019-05-30 11:35,1434
2019-05-30 11:40,1430
2019-05-30 11:45,1400
2019-05-30 11:50,1412
2019-05-30 11:55,1453
2019-05-30 12:00,1618
2019-05-30 12:05,2124
2019-05-30 12:10,2790
2019-05-30 12:15,3447
2019-05-30 12:20,3998
2019-05-30 12:25,4480
2019-05-30 12:30,4928
2019-05-30 12:35,5321
2019-05-30 12:40,5679
2019-05-30 12:45,5957
2019-05-30 12:50,6232
2019-05-30 12:55,6505
2019-05-30 13:00,6792
2019-05-30 13:05,6999
2019-05-30 13:10,7252
2019-05-30 13:15,7442
2019-05-30 13:20,7633
2019-05-30 13:25,7800
2019-05-30 13:30,7907
2019-05-30 13:35,8019
2019-05-30 13:40,8124
2019-05-30 13:45,8302
2019-05-30 13:50,8394
2019-05-30 13:55,8519
2019-05-30 14:00,8558
2019-05-30 14:05,8620
2019-05-30 14:10,8769
2019-05-30 14:15,8872
2019-05-30 14:20,8980
2019-05-30 14:25,9046
2019-05-30 14:30,9108
2019-05-30 14:35,9116
2019-05-30 14:40,9166
2019-05-30 14:45,9206
2019-05-30 14:50,9270
2019-05-30 14:55,9263
2019-05-30 15:00,9331
2019-05-30 15:05,9395
2019-05-30 15:10,9444
2019-05-30 15:15,9537
2019-05-30 15:20,9590
2019-05-30 15:25,9667
2019-05-30 15:30,9685
2019-05-30 15:35,9765
2019-05-30 15:40,9831
2019-05-30 15:45,9848
2019-05-30 15:50,9895
2019-05-30 15:55,9994
2019-05-30 16:00,10054
2019-05-30 16:05,10105
2019-05-30 16:10,10164
2019-05-30 16:15,10235
2019-05-30 16:20,10322
2019-05-30 16:25,10444
2019-05-30 16:30,10421
2019-05-30 16:35,10488
2019-05-30 16:40,10565
2019-05-30 16:45,10598
2019-05-30 16:50,10642
2019-05-30 16:55,10744
2019-05-30 17:00,10860
2019-05-30 17:05,10894
2019-05-30 17:10,10945
2019-05-30 17:15,10978
2019-05-30 17:20,11077
2019-05-30 17:25,11067
2019-05-30 17:30,11152
2019-05-30 17:35,11304
2019-05-30 17:40,11396
2019-05-30 17:45,11505
2019-05-30 17:50,11608
2019-05-30 17:55,11690
2019-05-30 18:00,11792
2019-05-30 18:05,11790
2019-05-30 18:10,11920
2019-05-30 18:15,11931
2019-05-30 18:20,11987
2019-05-30 18:25,12067
2019-05-30 18:30,12135
2019-05-30 18:35,12235
2019-05-30 18:40,12300
2019-05-30 18:45,12405
2019-05-30 18:50,12497
2019-05-30 18:55,12522
2019-05-30 19:00,12535
2019-05-30 19:05,12610
2019-05-30 19:10,12618
2019-05-30 19:15,11766
2019-05-30 19:20,10263
2019-05-30 19:25,8688
2019-05-30 19:30,7508
2019-05-30 19:35,6592
2019-05-30 19:40,5910
2019-05-30 19:45,5169
2019-05-30 19:50,5820
2019-05-30 19:55,6686
2019-05-30 20:00,7525
2019-05-30 20:05,8219
2019-05-30 20:10,8817
2019-05-30 20:15,9368
2019-05-30 20:20,9900
2019-05-30 20:25,10300
2019-05-30 20:30,10733
2019-05-30 20:35,11041
2019-05-30 20:40,11333
2019-05-30 20:45,11615
2019-05-30 20:50,11836
2019-05-30 20:55,12014
2019-05-30 21:00,12104
2019-05-30 21:05,12138
2019-05-30 21:10,12233
2019-05-30 21:15,12296
2019-05-30 21:20,12301
2019-05-30 21:25,12301
2019-05-30 21:30,12231
2019-05-30 21:35,12255
2019-05-30 21:40,12147
2019-05-30 21:45,12182
2019-05-30 21:50,12020
2019-05-30 21:55,11963
2019-05-30 22:00,11963
2019-05-30 22:05,12036
2019-05-30 22:10,12049
2019-05-30 22:15,11897
2019-05-30 22:20,11825
2019-05-30 22:25,11892
2019-05-30 22:30,11837
2019-05-30 22:35,11807
2019-05-30 22:40,11732
2019-05-30 22:45,11682
2019-05-30 22:50,11661
2019-05-30 22:55,11635
2019-05-30 23:00,11547
2019-05-30 23:05,11471
2019-05-30 23:10,11407
2019-05-30 23:15,11458
2019-05-30 23:20,11384
2019-05-30 23:25,11373
2019-05-30 23:30,11387
2019-05-30 23:35,11336
2019-05-30 23:40,11329
2019-05-30 23:45,11289
2019-05-30 23:50,11267
2019-05-30 23:55,11247
2019-05-31 00:00,11219
2019-05-31 00:05,11166
2019-05-31 00:10,11072
2019-05-31 00:15,11009
2019-05-31 00:20,10893
2019-05-31 00:25,10861
2019-05-31 00:30,10819
2019-05-31 00:35,10826
2019-05-31 00:40,10801
2019-05-31 00:45,10771
2019-05-31 00:50,10789
2019-05-31 00:55,10831
2019-05-31 01:00,10832
2019-05-31 01:05,10742
2019-05-31 01:10,10721
2019-05-31 01:15,10681
2019-05-31 01:20,10688
2019-05-31 01:25,10675
2019-05-31 01:30,10701
2019-05-31 01:35,10697
2019-05-31 01:40,10635
2019-05-31 01:45,10630
2019-05-31 01:50,10597
2019-05-31 01:55,10643
2019-05-31 02:00,10578
2019-05-31 02:05,10513
2019-05-31 02:10,10428
2019-05-31 02:15,10413
2019-05-31 02:20,10453
2019-05-31 02:25,10438
2019-05-31 02:30,10417
2019-05-31 02:35,10381
2019-05-31 02:40,10284
2019-05-31 02:45,10198
2019-05-31 02:50,10165
2019-05-31 02:55,10060
2019-05-31 03:00,10030
2019-05-31 03:05,10019
2019-05-31 03:10,10005
2019-05-31 03:15,9921
2019-05-31 03:20,9849
2019-05-31 03:25,9795
2019-05-31 03:30,9725
2019-05-31 03:35,9668
2019-05-31 03:40,9597
2019-05-31 03:45,9516
2019-05-31 03:50,9430
2019-05-31 03:55,9384
2019-05-31 04:00,9334
2019-05-31 04:05,9193
2019-05-31 04:10,9088
2019-05-31 04:15,8967
2019-05-31 04:20,8862
2019-05-31 04:25,8720
2019-05-31 04:30,8636
2019-05-31 04:35,8487
2019-05-31 04:40,8338
2019-05-31 04:45,8210
2019-05-31 04:50,8038
2019-05-31 04:55,7928
2019-05-31 05:00,7756
2019-05-31 05:05,7651
2019-05-31 05:10,7498
2019-05-31 05:15,7366
2019-05-31 05:20,7245
2019-05-31 05:25,7128
2019-05-31 05:30,6993
2019-05-31 05:35,6888
2019-05-31 05:40,6765
2019-05-31 05:45,6665
2019-05-31 05:50,6513
2019-05-31 05:55,6409
2019-05-31 06:00,6316
2019-05-31 06:05,6157
2019-05-31 06:10,6076
2019-05-31 06:15,5972
2019-05-31 06:20,5879
2019-05-31 06:25,5765
2019-05-31 06:30,5686
2019-05-31 06:35,5579
2019-05-31 06:40,5533
2019-05-31 06:45,5494
2019-05-31 06:50,5401
2019-05-31 06:55,5302
2019-05-31 07:00,5297
2019-05-31 07:05,5237
2019-05-31 07:10,5135
2019-05-31 07:15,5107
2019-05-31 07:20,5059
2019-05-31 07:25,5018
2019-05-31 07:30,4946
2019-05-31 07:35,4868
2019-05-31 07:40,4803
2019-05-31 07:45,4783
2019-05-31 07:50,4731
2019-05-31 07:55,4738
2019-05-31 08:00,4720
2019-05-31 08:05,4742
2019-05-31 08:10,4728
2019-05-31 08:15,4673
2019-05-31 08:20,4614
2019-05-31 08:25,4610
2019-05-31 08:30,4575
2019-05-31 08:35,4604
2019-05-31 08:40,4625
2019-05-31 08:45,4631
2019-05-31 08:50,4650
2019-05-31 08:55,4640
2019-05-31 09:00,4693
2019-05-31 09:05,4699
2019-05-31 09:10,4709
2019-05-31 09:15,4747
2019-05-31 09:20,4727
2019-05-31 09:25,4779
2019-05-31 09:30,4869
2019-05-31 09:35,4887
2019-05-31 09:40,4947
2019-05-31 09:45,5019
2019-05-31 09:50,5041
2019-05-31 09:55,5086
2019-05-31 10:00,5108
2019-05-31 10:05,5157
2019-05-31 10:10,5188
2019-05-31 10:15,5161
2019-05-31 10:20,5170
2019-05-31 10:25,5225
2019-05-31 10:30,5256
2019-05-31 10:35,5355
2019-05-31 10:40,5422
2019-05-31 10:45,5497
2019-05-31 10:50,5532
2019-05-31 10:55,5552
2019-05-31 11:00,5585
2019-05-31 11:05,5667
2019-05-31 11:10,5729
2019-05-31 11:15,5706
2019-05-31 11:20,5771
2019-05-31 11:25,5817
2019-05-31 11:30,5867
2019-05-31 11:35,5900
2019-05-31 11:40,5969
2019-05-31 11:45,6039
2019-05-31 11:50,6084
2019-05-31 11:55,6157
2019-05-31 12:00,6254
2019-05-31 12:05,6318
2019-05-31 12:10,6379
2019-05-31 12:15,6398
2019-05-31 12:20,6461
2019-05-31 12:25,6543
2019-05-31 12:30,6597
2019-05-31 12:35,6703
2019-05-31 12:40,6848
2019-05-31 12:45,6877
2019-05-31 12:50,6995
2019-05-31 12:55,7035
2019-05-31 13:00,7101
2019-05-31 13:05,7149
2019-05-31 13:10,7216
2019-05-31 13:15,7259
2019-05-31 13:20,7358
2019-05-31 13:25,7480
2019-05-31 13:30,7565
2019-05-31 13:35,7651
2019-05-31 13:40,7734
2019-05-31 13:45,7791
2019-05-31 13:50,7888
2019-05-31 13:55,8001
2019-05-31 14:00,8113
2019-05-31 14:05,8156
2019-05-31 14:10,
2019-05-31 14:15,8387
2019-05-31 14:20,8480
2019-05-31 14:25,8522
2019-05-31 14:30,8615
2019-05-31 14:35,8708
2019-05-31 14:40,8765
2019-05-31 14:45,8863
2019-05-31 14:50,8878
2019-05-31 14:55,8893
2019-05-31 15:00,8916
2019-05-31 15:05,8986
2019-05-31 15:10,9084
2019-05-31 15:15,9141
2019-05-31 15:20,9208
2019-05-31 15:25,9221
2019-05-31 15:30,9314
2019-05-31 15:35,9376
2019-05-31 15:40,9432
2019-05-31 15:45,9534
2019-05-31 15:50,9566
2019-05-31 15:55,9590
2019-05-31 16:00,9622
2019-05-31 16:05,9711
2019-05-31 16:10,9787
2019-05-31 16:15,9851
2019-05-31 16:20,9898
2019-05-31 16:25,9900
2019-05-31 16:30,9973
2019-05-31 16:35,10009
2019-05-31 16:40,10115
2019-05-31 16:45,10169
2019-05-31 16:50,10285
2019-05-31 16:55,10299
2019-05-31 17:00,10262
2019-05-31 17:05,10305
2019-05-31 17:10,10408
2019-05-31 17:15,10454
2019-05-31 17:20,10529
2019-05-31 17:25,10609
2019-05-31 17:30,10691
2019-05-31 17:35,10762
2019-05-31 17:40,10870
2019-05-31 17:45,10916
2019-05-31 17:50,11050
2019-05-31 17:55,11132
2019-05-31 18:00,11239
2019-05-31 18:05,11321
2019-05-31 18:10,11355
2019-05-31 18:15,11069
2019-05-31 18:20,10982
2019-05-31 18:25,10980
2019-05-31 18:30,11066
2019-05-31 18:35,11169
2019-05-31 18:40,11249
2019-05-31 18:45,11295
2019-05-31 18:50,11395
2019-05-31 18:55,11533
2019-05-31 19:00,11647
2019-05-31 19:05,11694
2019-05-31 19:10,11828
2019-05-31 19:15,11944
2019-05-31 19:20,12169
2019-05-31 19:25,12246
2019-05-31 19:30,12330
2019-05-31 19:35,12396
2019-05-31 19:40,12527
2019-05-31 19:45,12624
2019-05-31 19:50,12641
2019-05-31 19:55,12691
2019-05-31 20:00,12761
2019-05-31 20:05,12800
2019-05-31 20:10,12826
2019-05-31 20:15,12922
2019-05-31 20:20,12977
2019-05-31 20:25,13094
2019-05-31 20:30,13161
2019-05-31 20:35,13180
2019-05-31 20:40,13205
2019-05-31 20:45,13121
2019-05-31 20:50,13101
2019-05-31 20:55,13105
2019-05-31 21:00,13043
2019-05-31 21:05,13035
2019-05-31 21:10,13026
2019-05-31 21:15,13070
2019-05-31 21:20,13018
2019-05-31 21:25,12693
2019-05-31 21:30,12914
2019-05-31 21:35,12891
2019-05-31 21:40,12835
2019-05-31 21:45,12839
2019-05-31 21:50,12714
2019-05-31 21:55,12638
2019-05-31 22:00,12547
2019-05-31 22:05,12490
2019-05-31 22:10,12452
2019-05-31 22:15,12407
2019-05-31 22:20,12233
2019-05-31 22:25,12291
2019-05-31 22:30,12236
2019-05-31 22:35,12147
2019-05-31 22:40,12060
2019-05-31 22:45,11980
2019-05-31 22:50,11925
2019-05-31 22:55,11846
2019-05-31 23:00,11746
2019-05-31 23:05,11703
2019-05-31 23:10,11620
2019-05-31 23:15,11585
2019-05-31 23:20,11511
2019-05-31 23:25,11463
2019-05-31 23:30,11382
2019-05-31 23:35,11337
2019-05-31 23:40,11261
2019-05-31 23:45,11215
2019-05-31 23:50,11116
2019-05-31 23:55,11089
2019-06-01 00:00,10990
2019-06-01 00:05,10845
2019-06-01 00:10,10718
2019-06-01 00:15,10712
2019-06-01 00:20,10713
2019-06-01 00:25,10708
2019-06-01 00:30,10666
2019-06-01 00:35,10631
2019-06-01 00:40,10648
2019-06-01 00:45,
2019-06-01 00:50,
2019-06-01 00:55,
2019-06-01 01:00,
2019-06-01 01:05,10685
2019-06-01 01:10,10756
2019-06-01 01:15,10739
2019-06-01 01:20,10737
2019-06-01 01:25,10793
2019-06-01 01:30,10774
2019-06-01 01:35,10824
2019-06-01 01:40,10854
2019-06-01 01:45,10905
2019-06-01 01:50,10839
2019-06-01 01:55,
2019-06-01 02:00,
2019-06-01 02:05,10707
2019-06-01 02:10,10681
2019-06-01 02:15,10734
2019-06-01 02:20,10713
2019-06-01 02:25,10691
2019-06-01 02:30,10695
2019-06-01 02:35,10699
2019-06-01 02:40,10709
2019-06-01 02:45,
2019-06-01 02:50,
2019-06-01 02:55,
2019-06-01 03:00,
2019-06-01 03:05,10792
2019-06-01 03:10,10802
2019-06-01 03:15,10716
2019-06-01 03:20,10704
2019-06-01 03:25,10687
2019-06-01 03:30,10682
2019-06-01 03:35,10642
2019-06-01 03:40,10647
2019-06-01 03:45,10664
2019-06-01 03:50,10595
2019-06-01 03:55,10470
2019-06-01 04:00,10388
2019-06-01 04:05,10329
2019-06-01 04:10,10226
2019-06-01 04:15,10118
2019-06-01 04:20,10061
2019-06-01 04:25,10017
2019-06-01 04:30,9952
2019-06-01 04:35,9839
2019-06-01 04:40,9820
2019-06-01 04:45,9693
2019-06-01 04:50,9532
2019-06-01 04:55,9454
2019-06-01 05:00,9409
2019-06-01 05:05,9231
2019-06-01 05:10,9078
2019-06-01 05:15,8989
2019-06-01 05:20,8895
2019-06-01 05:25,8772
2019-06-01 05:30,8647
2019-06-01 05:35,8548
2019-06-01 05:40,8458
2019-06-01 05:45,8295
2019-06-01 05:50,8183
2019-06-01 05:55,8034
2019-06-01 06:00,7935
2019-06-01 06:05,7825
2019-06-01 06:10,7718
2019-06-01 06:15,7641
2019-06-01 06:20,7495
2019-06-01 06:25,7403
2019-06-01 06:30,7264
2019-06-01 06:35,7144
2019-06-01 06:40,7086
2019-06-01 06:45,6964
2019-06-01 06:50,6872
2019-06-01 06:55,6784
2019-06-01 07:00,6671
2019-06-01 07:05,6563
2019-06-01 07:10,6494
2019-06-01 07:15,6440
2019-06-01 07:20,6338
2019-06-01 07:25,6238
2019-06-01 07:30,6135
2019-06-01 07:35,6075
2019-06-01 07:40,6082
2019-06-01 07:45,6060
2019-06-01 07:50,5979
2019-06-01 07:55,5939
2019-06-01 08:00,5928
2019-06-01 08:05,5884
2019-06-01 08:10,5893
2019-06-01 08:15,5843
2019-06-01 08:20,5856
2019-06-01 08:25,5815
2019-06-01 08:30,5786
2019-06-01 08:35,5806
2019-06-01 08:40,5832
2019-06-01 08:45,5815
2019-06-01 08:50,5802
2019-06-01 08:55,5842
2019-06-01 09:00,5876
2019-06-01 09:05,5891
2019-06-01 09:10,5897
2019-06-01 09:15,5613
2019-06-01 09:20,5395
2019-06-01 09:25,5408
2019-06-01 09:30,5480
2019-06-01 09:35,5586
2019-06-01 09:40,5669
2019-06-01 09:45,5740
2019-06-01 09:50,5813
2019-06-01 09:55,5882
2019-06-01 10:00,5952
2019-06-01 10:05,6043
2019-06-01 10:10,6061
2019-06-01 10:15,6118
2019-06-01 10:20,6226
2019-06-01 10:25,6299
2019-06-01 10:30,6379
2019-06-01 10:35,6433
2019-06-01 10:40,6478
2019-06-01 10:45,6579
2019-06-01 10:50,6615
2019-06-01 10:55,6679
2019-06-01 11:00,6663
2019-06-01 11:05,6674
2019-06-01 11:10,6710
2019-06-01 11:15,6768
2019-06-01 11:20,6868
2019-06-01 11:25,6878
2019-06-01 11:30,6932
2019-06-01 11:35,7046
2019-06-01 11:40,7170
2019-06-01 11:45,7227
2019-06-01 11:50,7312
2019-06-01 11:55,7405
2019-06-01 12:00,7472
2019-06-01 12:05,7532
2019-06-01 12:10,7543
2019-06-01 12:15,7623
2019-06-01 12:20,7724
2019-06-01 12:25,7782
2019-06-01 12:30,7855
2019-06-01 12:35,7908
2019-06-01 12:40,7974
2019-06-01 12:45,8061
2019-06-01 12:50,8121
2019-06-01 12:55,8197
2019-06-01 13:00,8277
2019-06-01 13:05,8366
2019-06-01 13:10,8462
2019-06-01 13:15,8540
2019-06-01 13:20,8674
2019-06-01 13:25,8760
2019-06-01 13:30,8880
2019-06-01 13:35,8943
2019-06-01 13:40,9072
2019-06-01 13:45,9151
2019-06-01 13:50,9247
2019-06-01 13:55,9319
2019-06-01 14:00,9448
2019-06-01 14:05,9543
2019-06-01 14:10,9664
2019-06-01 14:15,9796
2019-06-01 14:20,9893
2019-06-01 14:25,9969
2019-06-01 14:30,10030
2019-06-01 14:35,10037
2019-06-01 14:40,10153
2019-06-01 14:45,10267
2019-06-01 14:50,10353
2019-06-01 14:55,10418
2019-06-01 15:00,10501
2019-06-01 15:05,10591
2019-06-01 15:10,10583
2019-06-01 15:15,10674
2019-06-01 15:20,10689
2019-06-01 15:25,10733
2019-06-01 15:30,10773
2019-06-01 15:35,10797
2019-06-01 15:40,10882
2019-06-01 15:45,10939
2019-06-01 15:50,10996
2019-06-01 15:55,11019
2019-06-01 16:00,11126
2019-06-01 16:05,11223
2019-06-01 16:10,11254
2019-06-01 16:15,11312
2019-06-01 16:20,11431
2019-06-01 16:25,11518
2019-06-01 16:30,11608
2019-06-01 16:35,11698
2019-06-01 16:40,11728
2019-06-01 16:45,11769
2019-06-01 16:50,11765
2019-06-01 16:55,11870
2019-06-01 17:00,11894
2019-06-01 17:05,11945
2019-06-01 17:10,12046
2019-06-01 17:15,12101
2019-06-01 17:20,12128
2019-06-01 17:25,12119
2019-06-01 17:30,12178
2019-06-01 17:35,12306
2019-06-01 17:40,12414
2019-06-01 17:45,12617
2019-06-01 17:50,12705
2019-06-01 17:55,12771
2019-06-01 18:00,12797
2019-06-01 18:05,12808
2019-06-01 18:10,12809
2019-06-01 18:15,12755
2019-06-01 18:20,12822
2019-06-01 18:25,12853
2019-06-01 18:30,12939
2019-06-01 18:35,12981
2019-06-01 18:40,13097
2019-06-01 18:45,13052
2019-06-01 18:50,13104
2019-06-01 18:55,13078
2019-06-01 19:00,13158
2019-06-01 19:05,13074
2019-06-01 19:10,12982
2019-06-01 19:15,13012
2019-06-01 19:20,13057
2019-06-01 19:25,13138
2019-06-01 19:30,13151
2019-06-01 19:35,13181
2019-06-01 19:40,13253
2019-06-01 19:45,13225
2019-06-01 19:50,13268
2019-06-01 19:55,13330
2019-06-01 20:00,13401
2019-06-01 20:05,13378
2019-06-01 20:10,13382
2019-06-01 20:15,13338
2019-06-01 20:20,13391
2019-06-01 20:25,13427
2019-06-01 20:30,13391
2019-06-01 20:35,13399
2019-06-01 20:40,13428
2019-06-01 20:45,13510
2019-06-01 20:50,13504
2019-06-01 20:55,13491
2019-06-01 21:00,13475
2019-06-01 21:05,13465
2019-06-01 21:10,13577
2019-06-01 21:15,13666
2019-06-01 21:20,13742
2019-06-01 21:25,13789
2019-06-01 21:30,
2019-06-01 21:35,
2019-06-01 21:40,
2019-06-01 21:45,
2019-06-01 21:50,13716
2019-06-01 21:55,13669
2019-06-01 22:00,13601
2019-06-01 22:05,13517
2019-06-01 22:10,13482
2019-06-01 22:15,13311
2019-06-01 22:20,13274
2019-06-01 22:25,13151
2019-06-01 22:30,13134
2019-06-01 22:35,13105
2019-06-01 22:40,12987
2019-06-01 22:45,12859
2019-06-01 22:50,12723
2019-06-01 22:55,12539
2019-06-01 23:00,12450
2019-06-01 23:05,12344
2019-06-01 23:10,12234
2019-06-01 23:15,12136
2019-06-01 23:20,12089
2019-06-01 23:25,11910
2019-06-01 23:30,11830
2019-06-01 23:35,11751
2019-06-01 23:40,11697
2019-06-01 23:45,11613
2019-06-01 23:50,11618
2019-06-01 23:55,11497
2019-06-02 00:00,11444
2019-06-02 00:05,11313
2019-06-02 00:10,11274
2019-06-02 00:15,11209
2019-06-02 00:20,11143
2019-06-02 00:25,11135
2019-06-02 00:30,11073
2019-06-02 00:35,11017
2019-06-02 00:40,10980
2019-06-02 00:45,10966
2019-06-02 00:50,10908
2019-06-02 00:55,10900
2019-06-02 01:00,10855
2019-06-02 01:05,10832
2019-06-02 01:10,10812
2019-06-02 01:15,10792
2019-06-02 01:20,10736
2019-06-02 01:25,10766
2019-06-02 01:30,10777
2019-06-02 01:35,10770
2019-06-02 01:40,10773
2019-06-02 01:45,10788
2019-06-02 01:50,10825
2019-06-02 01:55,10794
2019-06-02 02:00,10801
2019-06-02 02:05,10805
2019-06-02 02:10,10826
2019-06-02 02:15,10836
2019-06-02 02:20,10798
2019-06-02 02:25,10833
2019-06-02 02:30,10794
2019-06-02 02:35,10781
2019-06-02 02:40,10803
2019-06-02 02:45,10823
2019-06-02 02:50,10822
2019-06-02 02:55,10846
2019-06-02 03:00,10793
2019-06-02 03:05,10755
2019-06-02 03:10,10718
2019-06-02 03:15,10686
2019-06-02 03:20,10650
2019-06-02 03:25,10642
2019-06-02 03:30,10618
2019-06-02 03:35,10646
2019-06-02 03:40,10632
2019-06-02 03:45,10616
2019-06-02 03:50,10569
2019-06-02 03:55,10468
2019-06-02 04:00,10406
2019-06-02 04:05,10331
2019-06-02 04:10,10269
2019-06-02 04:15,10204
2019-06-02 04:20,10155
2019-06-02 04:25,10073
2019-06-02 04:30,9991
2019-06-02 04:35,9940
2019-06-02 04:40,9832
2019-06-02 04:45,9761
2019-06-02 04:50,9674
2019-06-02 04:55,9650
2019-06-02 05:00,9562
2019-06-02 05:05,9429
2019-06-02 05:10,9291
2019-06-02 05:15,9210
2019-06-02 05:20,9130
2019-06-02 05:25,9013
2019-06-02 05:30,8923
2019-06-02 05:35,8805
2019-06-02 05:40,8717
2019-06-02 05:45,8581
2019-06-02 05:50,8459
2019-06-02 05:55,8352
2019-06-02 06:00,8180
2019-06-02 06:05,8113
2019-06-02 06:10,8039
2019-06-02 06:15,7944
2019-06-02 06:20,7862
2019-06-02 06:25,7789
2019-06-02 06:30,7640
2019-06-02 06:35,7578
2019-06-02 06:40,7497
2019-06-02 06:45,7375
2019-06-02 06:50,7278
2019-06-02 06:55,7211
2019-06-02 07:00,7094
2019-06-02 07:05,6965
2019-06-02 07:10,6868
2019-06-02 07:15,6791
2019-06-02 07:20,6688
2019-06-02 07:25,6637
2019-06-02 07:30,6543
2019-06-02 07:35,6525
2019-06-02 07:40,6480
2019-06-02 07:45,6369
2019-06-02 07:50,6328
2019-06-02 07:55,6305
2019-06-02 08:00,6268
2019-06-02 08:05,6163
2019-06-02 08:10,6132
2019-06-02 08:15,6097
2019-06-02 08:20,6092
2019-06-02 08:25,6089
2019-06-02 08:30,6044
2019-06-02 08:35,6003
2019-06-02 08:40,5999
2019-06-02 08:45,6000
2019-06-02 08:50,6003
2019-06-02 08:55,6010
2019-06-02 09:00,6014
2019-06-02 09:05,6103
2019-06-02 09:10,6180
2019-06-02 09:15,6211
2019-06-02 09:20,6291
2019-06-02 09:25,6312
2019-06-02 09:30,6377
2019-06-02 09:35,6429
2019-06-02 09:40,6485
2019-06-02 09:45,6530
2019-06-02 09:50,6564
2019-06-02 09:55,6642
2019-06-02 10:00,6705
2019-06-02 10:05,6764
2019-06-02 10:10,6816
2019-06-02 10:15,6893
2019-06-02 10:20,6937
2019-06-02 10:25,6977
2019-06-02 10:30,7001
2019-06-02 10:35,7038
2019-06-02 10:40,7057
2019-06-02 10:45,7088
2019-06-02 10:50,7129
2019-06-02 10:55,7125
2019-06-02 11:00,7228
2019-06-02 11:05,7285
2019-06-02 11:10,7364
2019-06-02 11:15,7426
2019-06-02 11:20,7511
2019-06-02 11:25,7615
2019-06-02 11:30,7686
2019-06-02 11:35,7792
2019-06-02 11:40,7852
2019-06-02 11:45,7965
2019-06-02 11:50,8030
2019-06-02 11:55,8095
2019-06-02 12:00,8135
2019-06-02 12:05,8161
2019-06-02 12:10,8201
2019-06-02 12:15,8310
2019-06-02 12:20,8344
2019-06-02 12:25,8436
2019-06-02 12:30,8499
2019-06-02 12:35,8583
2019-06-02 12:40,8665
2019-06-02 12:45,8715
2019-06-02 12:50,8822
2019-06-02 12:55,8896
2019-06-02 13:00,8904
2019-06-02 13:05,8999
2019-06-02 13:10,9055
2019-06-02 13:15,9108
2019-06-02 13:20,9165
2019-06-02 13:25,9298
2019-06-02 13:30,9391
2019-06-02 13:35,9434
2019-06-02 13:40,9459
2019-06-02 13:45,9510
2019-06-02 13:50,9577
2019-06-02 13:55,9666
2019-06-02 14:00,9821
2019-06-02 14:05,9896
2019-06-02 14:10,9999
2019-06-02 14:15,10132
2019-06-02 14:20,10235
2019-06-02 14:25,10307
2019-06-02 14:30,10403
2019-06-02 14:35,10515
2019-06-02 14:40,10640
2019-06-02 14:45,10733
2019-06-02 14:50,10787
2019-06-02 14:55,10878
2019-06-02 15:00,10950
2019-06-02 15:05,11054
2019-06-02 15:10,11140
2019-06-02 15:15,11210
2019-06-02 15:20,11293
2019-06-02 15:25,11366
2019-06-02 15:30,11364
2019-06-02 15:35,11357
2019-06-02 15:40,11424
2019-06-02 15:45,11486
2019-06-02 15:50,11567
2019-06-02 15:55,11632
2019-06-02 16:00,11662
2019-06-02 16:05,11732
2019-06-02 16:10,11841
2019-06-02 16:15,11902
2019-06-02 16:20,11953
2019-06-02 16:25,12107
2019-06-02 16:30,
2019-06-02 16:35,
2019-06-02 16:40,
2019-06-02 16:45,
2019-06-02 16:50,12497
2019-06-02 16:55,12594
2019-06-02 17:00,12680
2019-06-02 17:05,12876
2019-06-02 17:10,12983
2019-06-02 17:15,13106
2019-06-02 17:20,13150
2019-06-02 17:25,13237
2019-06-02 17:30,13357
2019-06-02 17:35,13475
2019-06-02 17:40,13608
2019-06-02 17:45,13713
2019-06-02 17:50,13811
2019-06-02 17:55,13968
2019-06-02 18:00,14043
2019-06-02 18:05,14233
2019-06-02 18:10,14352
2019-06-02 18:15,14386
2019-06-02 18:20,14437
2019-06-02 18:25,14612
2019-06-02 18:30,14689
2019-06-02 18:35,14730
2019-06-02 18:40,14780
2019-06-02 18:45,14855
2019-06-02 18:50,14914
2019-06-02 18:55,14939
2019-06-02 19:00,14981
2019-06-02 19:05,15020
2019-06-02 19:10,15105
2019-06-02 19:15,15172
2019-06-02 19:20,15277
2019-06-02 19:25,15331
2019-06-02 19:30,15375
2019-06-02 19:35,15390
2019-06-02 19:40,15363
2019-06-02 19:45,15405
2019-06-02 19:50,15334
2019-06-02 19:55,15322
2019-06-02 20:00,15301
2019-06-02 20:05,15297
2019-06-02 20:10,
2019-06-02 20:15,
2019-06-02 20:20,15155
2019-06-02 20:25,15154
2019-06-02 20:30,15101
2019-06-02 20:35,15050
2019-06-02 20:40,14985
2019-06-02 20:45,14907
2019-06-02 20:50,14816
2019-06-02 20:55,14721
2019-06-02 21:00,14641
2019-06-02 21:05,14509
2019-06-02 21:10,14500
2019-06-02 21:15,14494
2019-06-02 21:20,14425
2019-06-02 21:25,14282
2019-06-02 21:30,14103
2019-06-02 21:35,14022
2019-06-02 21:40,13926
2019-06-02 21:45,13858
2019-06-02 21:50,13713
2019-06-02 21:55,13578
2019-06-02 22:00,13410
2019-06-02 22:05,13249
2019-06-02 22:10,13149
2019-06-02 22:15,12975
2019-06-02 22:20,12838
2019-06-02 22:25,12744
2019-06-02 22:30,12626
2019-06-02 22:35,12505
2019-06-02 22:40,12483
2019-06-02 22:45,12320
2019-06-02 22:50,12262
2019-06-02 22:55,12169
2019-06-02 23:00,12113
2019-06-02 23:05,12003
2019-06-02 23:10,11969
2019-06-02 23:15,11840
2019-06-02 23:20,11802
2019-06-02 23:25,11777
2019-06-02 23:30,11759
2019-06-02 23:35,11660
2019-06-02 23:40,11629
2019-06-02 23:45,11549
2019-06-02 23:50,11599
2019-06-02 23:55,11588
2019-06-03 00:00,11520
2019-06-03 00:05,11426
2019-06-03 00:10,11367
2019-06-03 00:15,11331
2019-06-03 00:20,11311
2019-06-03 00:25,11295
2019-06-03 00:30,11291
2019-06-03 00:35,11288
2019-06-03 00:40,11227
2019-06-03 00:45,11156
2019-06-03 00:50,11158
2019-06-03 00:55,11088
2019-06-03 01:00,11037
2019-06-03 01:05,11044
2019-06-03 01:10,10955
2019-06-03 01:15,10911
2019-06-03 01:20,10955
2019-06-03 01:25,10911
2019-06-03 01:30,10955
2019-06-03 01:35,10963
2019-06-03 01:40,11003
2019-06-03 01:45,11071
2019-06-03 01:50,11034
2019-06-03 01:55,11008
2019-06-03 02:00,10979
2019-06-03 02:05,10941
2019-06-03 02:10,10908
2019-06-03 02:15,10818
2019-06-03 02:20,10767
2019-06-03 02:25,10710
2019-06-03 02:30,10681
2019-06-03 02:35,10669
2019-06-03 02:40,10599
2019-06-03 02:45,10521
2019-06-03 02:50,10438
2019-06-03 02:55,10385
2019-06-03 03:00,10329
2019-06-03 03:05,10254
2019-06-03 03:10,10093
2019-06-03 03:15,9904
2019-06-03 03:20,9662
2019-06-03 03:25,9553
2019-06-03 03:30,9505
2019-06-03 03:35,9443
2019-06-03 03:40,9321
2019-06-03 03:45,9260
2019-06-03 03:50,9201
2019-06-03 03:55,9107
2019-06-03 04:00,9013
2019-06-03 04:05,8923
2019-06-03 04:10,8790
2019-06-03 04:15,8656
2019-06-03 04:20,8560
2019-06-03 04:25,8490
2019-06-03 04:30,8369
2019-06-03 04:35,8248
2019-06-03 04:40,8155
2019-06-03 04:45,8063
2019-06-03 04:50,7969
2019-06-03 04:55,7852
2019-06-03 05:00,
2019-06-03 05:05,7582
2019-06-03 05:10,7557
2019-06-03 05:15,7406
2019-06-03 05:20,7266
2019-06-03 05:25,7212
2019-06-03 05:30,7089
2019-06-03 05:35,6984
2019-06-03 05:40,6866
2019-06-03 05:45,6754
2019-06-03 05:50,6619
2019-06-03 05:55,6505
2019-06-03 06:00,6388
2019-06-03 06:05,6305
2019-06-03 06:10,6262
2019-06-03 06:15,
2019-06-03 06:20,6063
2019-06-03 06:25,5977
2019-06-03 06:30,5859
2019-06-03 06:35,5768
2019-06-03 06:40,5660
2019-06-03 06:45,5573
2019-06-03 06:50,5491
2019-06-03 06:55,5400
2019-06-03 07:00,5358
2019-06-03 07:05,5275
2019-06-03 07:10,5221
2019-06-03 07:15,5132
2019-06-03 07:20,5098
2019-06-03 07:25,5015
2019-06-03 07:30,4943
2019-06-03 07:35,4869
2019-06-03 07:40,4857
2019-06-03 07:45,4819
2019-06-03 07:50,4770
2019-06-03 07:55,4730
2019-06-03 08:00,4674
2019-06-03 08:05,4654
2019-06-03 08:10,4613
2019-06-03 08:15,4623
2019-06-03 08:20,4580
2019-06-03 08:25,4533
2019-06-03 08:30,4520
2019-06-03 08:35,4508
2019-06-03 08:40,4521
2019-06-03 08:45,4500
2019-06-03 08:50,4492
2019-06-03 08:55,4476
2019-06-03 09:00,4460
2019-06-03 09:05,4452
2019-06-03 09:10,4474
2019-06-03 09:15,4511
2019-06-03 09:20,4523
2019-06-03 09:25,4519
2019-06-03 09:30,4533
2019-06-03 09:35,4546
2019-06-03 09:40,4540
2019-06-03 09:45,4500
2019-06-03 09:50,4495
2019-06-03 09:55,4483
2019-06-03 10:00,4487
2019-06-03 10:05,4567
2019-06-03 10:10,4561
2019-06-03 10:15,4554
2019-06-03 10:20,4592
2019-06-03 10:25,4611
2019-06-03 10:30,4648
2019-06-03 10:35,4695
2019-06-03 10:40,4745
2019-06-03 10:45,4790
2019-06-03 10:50,4827
2019-06-03 10:55,4861
2019-06-03 11:00,4905
2019-06-03 11:05,4927
2019-06-03 11:10,5021
2019-06-03 11:15,5039
2019-06-03 11:20,5101
2019-06-03 11:25,5107
2019-06-03 11:30,5167
2019-06-03 11:35,5253
2019-06-03 11:40,5292
2019-06-03 11:45,5329
2019-06-03 11:50,5392
2019-06-03 11:55,5429
2019-06-03 12:00,5472
2019-06-03 12:05,5523
2019-06-03 12:10,5626
2019-06-03 12:15,5702
2019-06-03 12:20,5733
2019-06-03 12:25,5789
2019-06-03 12:30,5816
2019-06-03 12:35,5931
2019-06-03 12:40,6010
2019-06-03 12:45,6066
2019-06-03 12:50,6176
2019-06-03 12:55,6249
2019-06-03 13:00,6339
2019-06-03 13:05,6400
2019-06-03 13:10,6480
2019-06-03 13:15,6609
2019-06-03 13:20,6658
2019-06-03 13:25,6728
2019-06-03 13:30,6805
2019-06-03 13:35,6907
2019-06-03 13:40,7006
2019-06-03 13:45,7055
2019-06-03 13:50,7136
2019-06-03 13:55,7224
2019-06-03 14:00,7299
2019-06-03 14:05,7382
2019-06-03 14:10,7510
2019-06-03 14:15,7536
2019-06-03 14:20,7637
2019-06-03 14:25,7676
2019-06-03 14:30,7768
2019-06-03 14:35,7882
2019-06-03 14:40,7997
2019-06-03 14:45,8090
2019-06-03 14:50,8137
2019-06-03 14:55,8261
2019-06-03 15:00,8361
2019-06-03 15:05,8434
2019-06-03 15:10,
2019-06-03 15:15,
2019-06-03 15:20,8653
2019-06-03 15:25,8732
2019-06-03 15:30,8815
2019-06-03 15:35,8903
2019-06-03 15:40,8971
2019-06-03 15:45,9030
2019-06-03 15:50,9159
2019-06-03 15:55,9308
2019-06-03 16:00,9345
2019-06-03 16:05,9420
2019-06-03 16:10,9473
2019-06-03 16:15,9652
2019-06-03 16:20,9743
2019-06-03 16:25,9881
2019-06-03 16:30,9956
2019-06-03 16:35,10146
2019-06-03 16:40,10227
2019-06-03 16:45,10384
2019-06-03 16:50,10438
2019-06-03 16:55,10533
2019-06-03 17:00,
2019-06-03 17:05,
2019-06-03 17:10,
2019-06-03 17:15,10796
2019-06-03 17:20,10898
2019-06-03 17:25,10968
2019-06-03 17:30,11017
2019-06-03 17:35,11128
2019-06-03 17:40,11326
2019-06-03 17:45,11477
2019-06-03 17:50,11586
2019-06-03 17:55,11660
2019-06-03 18:00,11733
2019-06-03 18:05,11882
2019-06-03 18:10,11999
2019-06-03 18:15,12075
2019-06-03 18:20,12127
2019-06-03 18:25,12241
2019-06-03 18:30,12259
2019-06-03 18:35,12352
2019-06-03 18:40,12448
2019-06-03 18:45,12503
2019-06-03 18:50,12584
2019-06-03 18:55,12687
2019-06-03 19:00,12760
2019-06-03 19:05,12815
2019-06-03 19:10,12874
2019-06-03 19:15,12920
2019-06-03 19:20,12985
2019-06-03 19:25,13060
2019-06-03 19:30,13133
2019-06-03 19:35,13203
2019-06-03 19:40,13236
2019-06-03 19:45,13217
2019-06-03 19:50,13256
2019-06-03 19:55,13128
2019-06-03 20:00,13052
2019-06-03 20:05,13049
2019-06-03 20:10,12975
2019-06-03 20:15,12885
2019-06-03 20:20,12915
2019-06-03 20:25,12909
2019-06-03 20:30,12868
2019-06-03 20:35,12802
2019-06-03 20:40,12760
2019-06-03 20:45,12653
2019-06-03 20:50,12556
2019-06-03 20:55,12495
2019-06-03 21:00,12425
2019-06-03 21:05,12324
2019-06-03 21:10,12286
2019-06-03 21:15,12271
2019-06-03 21:20,12224
2019-06-03 21:25,12137
2019-06-03 21:30,12011
2019-06-03 21:35,11969
2019-06-03 21:40,11917
2019-06-03 21:45,11816
2019-06-03 21:50,11732
2019-06-03 21:55,11641
2019-06-03 22:00,11573
2019-06-03 22:05,11464
2019-06-03 22:10,11394
2019-06-03 22:15,11347
2019-06-03 22:20,11260
2019-06-03 22:25,11209
2019-06-03 22:30,11109
2019-06-03 22:35,11075
2019-06-03 22:40,11022
2019-06-03 22:45,10932
2019-06-03 22:50,10909
2019-06-03 22:55,10851
2019-06-03 23:00,10766
2019-06-03 23:05,10729
2019-06-03 23:10,10644
2019-06-03 23:15,10633
2019-06-03 23:20,10588
2019-06-03 23:25,10552
2019-06-03 23:30,10451
2019-06-03 23:35,10437
2019-06-03 23:40,10454
2019-06-03 23:45,10384
2019-06-03 23:50,10352
2019-06-03 23:55,10314
2019-06-04 00:00,10285
2019-06-04 00:05,10254
2019-06-04 00:10,10281
2019-06-04 00:15,10312
2019-06-04 00:20,10373
2019-06-04 00:25,9993
2019-06-04 00:30,9888
2019-06-04 00:35,9800
2019-06-04 00:40,9902
2019-06-04 00:45,9993
2019-06-04 00:50,10035
2019-06-04 00:55,10017
2019-06-04 01:00,10082
2019-06-04 01:05,10168
2019-06-04 01:10,10297
2019-06-04 01:15,10324
2019-06-04 01:20,10405
2019-06-04 01:25,10453
2019-06-04 01:30,10517
2019-06-04 01:35,10544
2019-06-04 01:40,10586
2019-06-04 01:45,10622
2019-06-04 01:50,10672
2019-06-04 01:55,10630
2019-06-04 02:00,10630
2019-06-04 02:05,10622
2019-06-04 02:10,10600
2019-06-04 02:15,10627
2019-06-04 02:20,10622
2019-06-04 02:25,10625
2019-06-04 02:30,10633
2019-06-04 02:35,10547
2019-06-04 02:40,10528
2019-06-04 02:45,10491
2019-06-04 02:50,10444
2019-06-04 02:55,10305
2019-06-04 03:00,10233
2019-06-04 03:05,10234
2019-06-04 03:10,10151
2019-06-04 03:15,10089
2019-06-04 03:20,9955
2019-06-04 03:25,9878
2019-06-04 03:30,9746
2019-06-04 03:35,9652
2019-06-04 03:40,9594
2019-06-04 03:45,9519
2019-06-04 03:50,9371
2019-06-04 03:55,9270
2019-06-04 04:00,9153
2019-06-04 04:05,9028
2019-06-04 04:10,8855
2019-06-04 04:15,8688
2019-06-04 04:20,8588
2019-06-04 04:25,8469
2019-06-04 04:30,8384
2019-06-04 04:35,8234
2019-06-04 04:40,8139
2019-06-04 04:45,8000
2019-06-04 04:50,7901
2019-06-04 04:55,7798
2019-06-04 05:00,7671
2019-06-04 05:05,7515
2019-06-04 05:10,7389
2019-06-04 05:15,7234
2019-06-04 05:20,7099
2019-06-04 05:25,6987
2019-06-04 05:30,6903
2019-06-04 05:35,6814
2019-06-04 05:40,6672
2019-06-04 05:45,6526
2019-06-04 05:50,6369
2019-06-04 05:55,6273
2019-06-04 06:00,6174
2019-06-04 06:05,6012
2019-06-04 06:10,5927
2019-06-04 06:15,5778
2019-06-04 06:20,5696
2019-06-04 06:25,5611
2019-06-04 06:30,5501
2019-06-04 06:35,5378
2019-06-04 06:40,5274
2019-06-04 06:45,5229
2019-06-04 06:50,5223
2019-06-04 06:55,5158
2019-06-04 07:00,5079
2019-06-04 07:05,5005
2019-06-04 07:10,4978
2019-06-04 07:15,4937
2019-06-04 07:20,4898
2019-06-04 07:25,4812
2019-06-04 07:30,4767
2019-06-04 07:35,4715
2019-06-04 07:40,4662
2019-06-04 07:45,4633
2019-06-04 07:50,4620
2019-06-04 07:55,4608
2019-06-04 08:00,4536
2019-06-04 08:05,4483
2019-06-04 08:10,4486
2019-06-04 08:15,4488
2019-06-04 08:20,4479
2019-06-04 08:25,4413
2019-06-04 08:30,4412
2019-06-04 08:35,4374
2019-06-04 08:40,4375
2019-06-04 08:45,4345
2019-06-04 08:50,4378
2019-06-04 08:55,4364
2019-06-04 09:00,4372
2019-06-04 09:05,4413
2019-06-04 09:10,4431
2019-06-04 09:15,4455
2019-06-04 09:20,4467
2019-06-04 09:25,4497
2019-06-04 09:30,4543
2019-06-04 09:35,4514
2019-06-04 09:40,4480
2019-06-04 09:45,4434
2019-06-04 09:50,4406
2019-06-04 09:55,4355
2019-06-04 10:00,4383
2019-06-04 10:05,4393
2019-06-04 10:10,4379
2019-06-04 10:15,4330
2019-06-04 10:20,4285
2019-06-04 10:25,4246
2019-06-04 10:30,4212
2019-06-04 10:35,3618
2019-06-04 10:40,2995
2019-06-04 10:45,2478
2019-06-04 10:50,1949
2019-06-04 10:55,1578
2019-06-04 11:00,1493
2019-06-04 11:05,1304
2019-06-04 11:10,1275
2019-06-04 11:15,1310
2019-06-04 11:20,1436
2019-06-04 11:25,1745
2019-06-04 11:30,2136
2019-06-04 11:35,2542
2019-06-04 11:40,2855
2019-06-04 11:45,3195
2019-06-04 11:50,3498
2019-06-04 11:55,3777
2019-06-04 12:00,4063
2019-06-04 12:05,4295
2019-06-04 12:10,4565
2019-06-04 12:15,4775
2019-06-04 12:20,4933
2019-06-04 12:25,5136
2019-06-04 12:30,5311
2019-06-04 12:35,5463
2019-06-04 12:40,5641
2019-06-04 12:45,5753
2019-06-04 12:50,5897
2019-06-04 12:55,6069
2019-06-04 13:00,6149
2019-06-04 13:05,6249
2019-06-04 13:10,6408
2019-06-04 13:15,6528
2019-06-04 13:20,6631
2019-06-04 13:25,6752
2019-06-04 13:30,6844
2019-06-04 13:35,6915
2019-06-04 13:40,6993
2019-06-04 13:45,7122
2019-06-04 13:50,7271
2019-06-04 13:55,7416
2019-06-04 14:00,7534
2019-06-04 14:05,7563
2019-06-04 14:10,7673
2019-06-04 14:15,7807
2019-06-04 14:20,7899
2019-06-04 14:25,7968
2019-06-04 14:30,8078
2019-06-04 14:35,8145
2019-06-04 14:40,8167
2019-06-04 14:45,8222
2019-06-04 14:50,8273
2019-06-04 14:55,8330
2019-06-04 15:00,8475
2019-06-04 15:05,8528
2019-06-04 15:10,8578
2019-06-04 15:15,8695
2019-06-04 15:20,8826
2019-06-04 15:25,8904
2019-06-04 15:30,9046
2019-06-04 15:35,9104
2019-06-04 15:40,9169
2019-06-04 15:45,9239
2019-06-04 15:50,9335
2019-06-04 15:55,9387
2019-06-04 16:00,9467
2019-06-04 16:05,9577
2019-06-04 16:10,9625
2019-06-04 16:15,9759
2019-06-04 16:20,9807
2019-06-04 16:25,9860
2019-06-04 16:30,9954
2019-06-04 16:35,10015
2019-06-04 16:40,10221
2019-06-04 16:45,10288
2019-06-04 16:50,10384
2019-06-04 16:55,10406
2019-06-04 17:00,10447
2019-06-04 17:05,10531
2019-06-04 17:10,10649
2019-06-04 17:15,10732
2019-06-04 17:20,10828
2019-06-04 17:25,10934
2019-06-04 17:30,11039
2019-06-04 17:35,11130
2019-06-04 17:40,11200
2019-06-04 17:45,11324
2019-06-04 17:50,11411
2019-06-04 17:55,11498
2019-06-04 18:00,11589
2019-06-04 18:05,11590
2019-06-04 18:10,11729
2019-06-04 18:15,11780
2019-06-04 18:20,11877
2019-06-04 18:25,11978
2019-06-04 18:30,12044
2019-06-04 18:35,12158
2019-06-04 18:40,12217
2019-06-04 18:45,12272
2019-06-04 18:50,12344
2019-06-04 18:55,12487
2019-06-04 19:00,12544
2019-06-04 19:05,12596
2019-06-04 19:10,12606
2019-06-04 19:15,12637
2019-06-04 19:20,12745
2019-06-04 19:25,12791
2019-06-04 19:30,12822
2019-06-04 19:35,12891
2019-06-04 19:40,12836
2019-06-04 19:45,12889
2019-06-04 19:50,12877
2019-06-04 19:55,12849
2019-06-04 20:00,12883
2019-06-04 20:05,12859
2019-06-04 20:10,12815
2019-06-04 20:15,12773
2019-06-04 20:20,12757
2019-06-04 20:25,12630
2019-06-04 20:30,12604
2019-06-04 20:35,12640
2019-06-04 20:40,12573
2019-06-04 20:45,12582
2019-06-04 20:50,12522
2019-06-04 20:55,12424
2019-06-04 21:00,12347
2019-06-04 21:05,12268
2019-06-04 21:10,12110
2019-06-04 21:15,12009
2019-06-04 21:20,11963
2019-06-04 21:25,11870
2019-06-04 21:30,11830
2019-06-04 21:35,11743
2019-06-04 21:40,11631
2019-06-04 21:45,11567
2019-06-04 21:50,11414
2019-06-04 21:55,11308
2019-06-04 22:00,11208
2019-06-04 22:05,11200
2019-06-04 22:10,11137
2019-06-04 22:15,11046
2019-06-04 22:20,10941
2019-06-04 22:25,10907
2019-06-04 22:30,10846
2019-06-04 22:35,10765
2019-06-04 22:40,10716
2019-06-04 22:45,10646
2019-06-04 22:50,10635
2019-06-04 22:55,
2019-06-04 23:00,
2019-06-04 23:05,
2019-06-04 23:10,10441
2019-06-04 23:15,10410
2019-06-04 23:20,10402
2019-06-04 23:25,10375
2019-06-04 23:30,10330
2019-06-04 23:35,10281
2019-06-04 23:40,10246
2019-06-04 23:45,10250
2019-06-04 23:50,10286
2019-06-04 23:55,10274
2019-06-05 00:00,10288
2019-06-05 00:05,10323
2019-06-05 00:10,10343
2019-06-05 00:15,10280
2019-06-05 00:20,10319
2019-06-05 00:25,10347
2019-06-05 00:30,10365
2019-06-05 00:35,10415
2019-06-05 00:40,10400
2019-06-05 00:45,10338
2019-06-05 00:50,10356
2019-06-05 00:55,10418
2019-06-05 01:00,10397
2019-06-05 01:05,10416
2019-06-05 01:10,10472
2019-06-05 01:15,10455
2019-06-05 01:20,10473
2019-06-05 01:25,
2019-06-05 01:30,10566
2019-06-05 01:35,10562
2019-06-05 01:40,10569
2019-06-05 01:45,10564
2019-06-05 01:50,10648
2019-06-05 01:55,10662
2019-06-05 02:00,10670
2019-06-05 02:05,10594
2019-06-05 02:10,10571
2019-06-05 02:15,10580
2019-06-05 02:20,10450
2019-06-05 02:25,10382
2019-06-05 02:30,10349
2019-06-05 02:35,10279
2019-06-05 02:40,10290
2019-06-05 02:45,10179
2019-06-05 02:50,10160
2019-06-05 02:55,10140
2019-06-05 03:00,10043
2019-06-05 03:05,9976
2019-06-05 03:10,9845
2019-06-05 03:15,9756
2019-06-05 03:20,9653
2019-06-05 03:25,9566
2019-06-05 03:30,9522
2019-06-05 03:35,9444
2019-06-05 03:40,9352
2019-06-05 03:45,9265
2019-06-05 03:50,9158
2019-06-05 03:55,9111
2019-06-05 04:00,9061
2019-06-05 04:05,8936
2019-06-05 04:10,8794
2019-06-05 04:15,8679
2019-06-05 04:20,8631
2019-06-05 04:25,8513
2019-06-05 04:30,8342
2019-06-05 04:35,8256
2019-06-05 04:40,8106
2019-06-05 04:45,7977
2019-06-05 04:50,7923
2019-06-05 04:55,7851
2019-06-05 05:00,7740
2019-06-05 05:05,7609
2019-06-05 05:10,7457
2019-06-05 05:15,7377
2019-06-05 05:20,7246
2019-06-05 05:25,7196
2019-06-05 05:30,7085
2019-06-05 05:35,6948
2019-06-05 05:40,6844
2019-06-05 05:45,6715
2019-06-05 05:50,6633
2019-06-05 05:55,6466
2019-06-05 06:00,6392
2019-06-05 06:05,6268
2019-06-05 06:10,6142
2019-06-05 06:15,6048
2019-06-05 06:20,5928
2019-06-05 06:25,5839
2019-06-05 06:30,5702
2019-06-05 06:35,5600
2019-06-05 06:40,5471
2019-06-05 06:45,5366
2019-06-05 06:50,5302
2019-06-05 06:55,5255
2019-06-05 07:00,5171
2019-06-05 07:05,5055
2019-06-05 07:10,4973
2019-06-05 07:15,4904
2019-06-05 07:20,4854
2019-06-05 07:25,4805
2019-06-05 07:30,4789
2019-06-05 07:35,4738
2019-06-05 07:40,4734
2019-06-05 07:45,4706
2019-06-05 07:50,4681
2019-06-05 07:55,4642
2019-06-05 08:00,4608
2019-06-05 08:05,4590
2019-06-05 08:10,4553
2019-06-05 08:15,4481
2019-06-05 08:20,4473
2019-06-05 08:25,4465
2019-06-05 08:30,4478
2019-06-05 08:35,4460
2019-06-05 08:40,4478
2019-06-05 08:45,4523
2019-06-05 08:50,4482
2019-06-05 08:55,4519
2019-06-05 09:00,4511
2019-06-05 09:05,4544
2019-06-05 09:10,4575
2019-06-05 09:15,4572
2019-06-05 09:20,4628
2019-06-05 09:25,4638
2019-06-05 09:30,4642
2019-06-05 09:35,4642
2019-06-05 09:40,4659
2019-06-05 09:45,4650
2019-06-05 09:50,4689
2019-06-05 09:55,4717
2019-06-05 10:00,4697
2019-06-05 10:05,4738
2019-06-05 10:10,4781
2019-06-05 10:15,4741
2019-06-05 10:20,4782
2019-06-05 10:25,4780
2019-06-05 10:30,4832
2019-06-05 10:35,4894
2019-06-05 10:40,4896
2019-06-05 10:45,4924
2019-06-05 10:50,4951
2019-06-05 10:55,4993
2019-06-05 11:00,5033
2019-06-05 11:05,5098
2019-06-05 11:10,5166
2019-06-05 11:15,5202
2019-06-05 11:20,5254
2019-06-05 11:25,5302
2019-06-05 11:30,5359
2019-06-05 11:35,5400
2019-06-05 11:40,5451
2019-06-05 11:45,5515
2019-06-05 11:50,5536
2019-06-05 11:55,5605
2019-06-05 12:00,5698
2019-06-05 12:05,5767
2019-06-05 12:10,5752
2019-06-05 12:15,5803
2019-06-05 12:20,5822
2019-06-05 12:25,5856
2019-06-05 12:30,5939
2019-06-05 12:35,5947
2019-06-05 12:40,5970
2019-06-05 12:45,6035
2019-06-05 12:50,6172
2019-06-05 12:55,6240
2019-06-05 13:00,6339
2019-06-05 13:05,6412
2019-06-05 13:10,6548
2019-06-05 13:15,6624
2019-06-05 13:20,6684
2019-06-05 13:25,6813
2019-06-05 13:30,6880
2019-06-05 13:35,6933
2019-06-05 13:40,7023
2019-06-05 13:45,7117
2019-06-05 13:50,7203
2019-06-05 13:55,7297
2019-06-05 14:00,7373
2019-06-05 14:05,7409
2019-06-05 14:10,7459
2019-06-05 14:15,7448
2019-06-05 14:20,7539
2019-06-05 14:25,7602
2019-06-05 14:30,7705
2019-06-05 14:35,7770
2019-06-05 14:40,7850
2019-06-05 14:45,7882
2019-06-05 14:50,7944
2019-06-05 14:55,8060
2019-06-05 15:00,8084
2019-06-05 15:05,8152
2019-06-05 15:10,8226
2019-06-05 15:15,8289
2019-06-05 15:20,8352
2019-06-05 15:25,8435
2019-06-05 15:30,8542
2019-06-05 15:35,8613
2019-06-05 15:40,8710
2019-06-05 15:45,8819
2019-06-05 15:50,8895
2019-06-05 15:55,9020
2019-06-05 16:00,9072
2019-06-05 16:05,9203
2019-06-05 16:10,9193
2019-06-05 16:15,9278
2019-06-05 16:20,9399
2019-06-05 16:25,9447
2019-06-05 16:30,9535
2019-06-05 16:35,9643
2019-06-05 16:40,9720
2019-06-05 16:45,9845
2019-06-05 16:50,9918
2019-06-05 16:55,10053
2019-06-05 17:00,10119
2019-06-05 17:05,10250
2019-06-05 17:10,10345
2019-06-05 17:15,10443
2019-06-05 17:20,10577
2019-06-05 17:25,10676
2019-06-05 17:30,10765
2019-06-05 17:35,10834
2019-06-05 17:40,10951
2019-06-05 17:45,11045
2019-06-05 17:50,11072
2019-06-05 17:55,11151
2019-06-05 18:00,11222
2019-06-05 18:05,11280
2019-06-05 18:10,11369
2019-06-05 18:15,11429
2019-06-05 18:20,11519
2019-06-05 18:25,11555
2019-06-05 18:30,11673
2019-06-05 18:35,11674
2019-06-05 18:40,11745
2019-06-05 18:45,11807
2019-06-05 18:50,11898
2019-06-05 18:55,12002
2019-06-05 19:00,12106
2019-06-05 19:05,12123
2019-06-05 19:10,12197
2019-06-05 19:15,12229
2019-06-05 19:20,12255
2019-06-05 19:25,12293
2019-06-05 19:30,12343
2019-06-05 19:35,12439
2019-06-05 19:40,12505
2019-06-05 19:45,12564
2019-06-05 19:50,12558
2019-06-05 19:55,12525
2019-06-05 20:00,12518
2019-06-05 20:05,12557
2019-06-05 20:10,12528
2019-06-05 20:15,12464
2019-06-05 20:20,12377
2019-06-05 20:25,12323
2019-06-05 20:30,12338
2019-06-05 20:35,12298
2019-06-05 20:40,12225
2019-06-05 20:45,12207
2019-06-05 20:50,12179
2019-06-05 20:55,12153
2019-06-05 21:00,12100
2019-06-05 21:05,12031
2019-06-05 21:10,11936
2019-06-05 21:15,11845
2019-06-05 21:20,11814
2019-06-05 21:25,11764
2019-06-05 21:30,11624
2019-06-05 21:35,11518
2019-06-05 21:40,11489
2019-06-05 21:45,11406
2019-06-05 21:50,11356
2019-06-05 21:55,11261
2019-06-05 22:00,11188
2019-06-05 22:05,11125
2019-06-05 22:10,11053
2019-06-05 22:15,11014
2019-06-05 22:20,10980
2019-06-05 22:25,10941
2019-06-05 22:30,10881
2019-06-05 22:35,10805
2019-06-05 22:40,10700
2019-06-05 22:45,10658
2019-06-05 22:50,10572
2019-06-05 22:55,10561
2019-06-05 23:00,10531
2019-06-05 23:05,10435
2019-06-05 23:10,10396
2019-06-05 23:15,10348
2019-06-05 23:20,10366
2019-06-05 23:25,10356
2019-06-05 23:30,10316
2019-06-05 23:35,10294
2019-06-05 23:40,10338
2019-06-05 23:45,10377
2019-06-05 23:50,10401
2019-06-05 23:55,10393
2019-06-06 00:00,10319
2019-06-06 00:05,10343
2019-06-06 00:10,10302
2019-06-06 00:15,10284
2019-06-06 00:20,10299
2019-06-06 00:25,10281
2019-06-06 00:30,10211
2019-06-06 00:35,10262
2019-06-06 00:40,10248
2019-06-06 00:45,
2019-06-06 00:50,10303
2019-06-06 00:55,10321
2019-06-06 01:00,10278
2019-06-06 01:05,10227
2019-06-06 01:10,10253
2019-06-06 01:15,10264
2019-06-06 01:20,10290
2019-06-06 01:25,10280
2019-06-06 01:30,10291
2019-06-06 01:35,10294
2019-06-06 01:40,10341
2019-06-06 01:45,10325
2019-06-06 01:50,10338
2019-06-06 01:55,10409
2019-06-06 02:00,10373
2019-06-06 02:05,10331
2019-06-06 02:10,10331
2019-06-06 02:15,10332
2019-06-06 02:20,10355
2019-06-06 02:25,10369
2019-06-06 02:30,10344
2019-06-06 02:35,10286
2019-06-06 02:40,10259
2019-06-06 02:45,10196
2019-06-06 02:50,10091
2019-06-06 02:55,10058
2019-06-06 03:00,10000
2019-06-06 03:05,9891
2019-06-06 03:10,9702
2019-06-06 03:15,9615
2019-06-06 03:20,9559
2019-06-06 03:25,9455
2019-06-06 03:30,9347
2019-06-06 03:35,9306
2019-06-06 03:40,9213
2019-06-06 03:45,9084
2019-06-06 03:50,8951
2019-06-06 03:55,8864
2019-06-06 04:00,8783
2019-06-06 04:05,8669
2019-06-06 04:10,8585
2019-06-06 04:15,8448
2019-06-06 04:20,8389
2019-06-06 04:25,8305
2019-06-06 04:30,8201
2019-06-06 04:35,8115
2019-06-06 04:40,7993
2019-06-06 04:45,7870
2019-06-06 04:50,7801
2019-06-06 04:55,7661
2019-06-06 05:00,7609
2019-06-06 05:05,7450
2019-06-06 05:10,7295
2019-06-06 05:15,7155
2019-06-06 05:20,7060
2019-06-06 05:25,6979
2019-06-06 05:30,6801
2019-06-06 05:35,6624
2019-06-06 05:40,6493
2019-06-06 05:45,6381
2019-06-06 05:50,6308
2019-06-06 05:55,6228
2019-06-06 06:00,6125
2019-06-06 06:05,6049
2019-06-06 06:10,5950
2019-06-06 06:15,5869
2019-06-06 06:20,5810
2019-06-06 06:25,5699
2019-06-06 06:30,5609
2019-06-06 06:35,5557
2019-06-06 06:40,5483
2019-06-06 06:45,5427
2019-06-06 06:50,5322
2019-06-06 06:55,5217
2019-06-06 07:00,5151
2019-06-06 07:05,5116
2019-06-06 07:10,5057
2019-06-06 07:15,5012
2019-06-06 07:20,4952
2019-06-06 07:25,4877
2019-06-06 07:30,4778
2019-06-06 07:35,4724
2019-06-06 07:40,4674
2019-06-06 07:45,4654
2019-06-06 07:50,4651
2019-06-06 07:55,4642
2019-06-06 08:00,4606
2019-06-06 08:05,4567
2019-06-06 08:10,4534
2019-06-06 08:15,4541
2019-06-06 08:20,4543
2019-06-06 08:25,4514
2019-06-06 08:30,4501
2019-06-06 08:35,4460
2019-06-06 08:40,4467
2019-06-06 08:45,4430
2019-06-06 08:50,4413
2019-06-06 08:55,4422
2019-06-06 09:00,4404
2019-06-06 09:05,4435
2019-06-06 09:10,4454
2019-06-06 09:15,4453
2019-06-06 09:20,4453
2019-06-06 09:25,4461
2019-06-06 09:30,4483
2019-06-06 09:35,4487
2019-06-06 09:40,4490
2019-06-06 09:45,4537
2019-06-06 09:50,4570
2019-06-06 09:55,4617
2019-06-06 10:00,4671
2019-06-06 10:05,4683
2019-06-06 10:10,4736
2019-06-06 10:15,4752
2019-06-06 10:20,4762
2019-06-06 10:25,4792
2019-06-06 10:30,4862
2019-06-06 10:35,4904
2019-06-06 10:40,4908
2019-06-06 10:45,4960
2019-06-06 10:50,4988
2019-06-06 10:55,5047
2019-06-06 11:00,5048
2019-06-06 11:05,5047
2019-06-06 11:10,5095
2019-06-06 11:15,5154
2019-06-06 11:20,5161
2019-06-06 11:25,5229
2019-06-06 11:30,5249
2019-06-06 11:35,5305
2019-06-06 11:40,5329
2019-06-06 11:45,5418
2019-06-06 11:50,5466
2019-06-06 11:55,5530
2019-06-06 12:00,5563
2019-06-06 12:05,5646
2019-06-06 12:10,5680
2019-06-06 12:15,5685
2019-06-06 12:20,5756
2019-06-06 12:25,5814
2019-06-06 12:30,5866
2019-06-06 12:35,5930
2019-06-06 12:40,6002
2019-06-06 12:45,6076
2019-06-06 12:50,6098
2019-06-06 12:55,6169
2019-06-06 13:00,6229
2019-06-06 13:05,6315
2019-06-06 13:10,6370
2019-06-06 13:15,6466
2019-06-06 13:20,6509
2019-06-06 13:25,6620
2019-06-06 13:30,6689
2019-06-06 13:35,6815
2019-06-06 13:40,6895
2019-06-06 13:45,7022
2019-06-06 13:50,7152
2019-06-06 13:55,7247
2019-06-06 14:00,7313
2019-06-06 14:05,7344
2019-06-06 14:10,7418
2019-06-06 14:15,7545
2019-06-06 14:20,7630
2019-06-06 14:25,7696
2019-06-06 14:30,7773
2019-06-06 14:35,7862
2019-06-06 14:40,7879
2019-06-06 14:45,7955
2019-06-06 14:50,7989
2019-06-06 14:55,8148
2019-06-06 15:00,8214
2019-06-06 15:05,8279
2019-06-06 15:10,8383
2019-06-06 15:15,8428
2019-06-06 15:20,8480
2019-06-06 15:25,8490
2019-06-06 15:30,8564
2019-06-06 15:35,8640
2019-06-06 15:40,8718
2019-06-06 15:45,8748
2019-06-06 15:50,8787
2019-06-06 15:55,8915
2019-06-06 16:00,
2019-06-06 16:05,
2019-06-06 16:10,
2019-06-06 16:15,
2019-06-06 16:20,
2019-06-06 16:25,
2019-06-06 16:30,
2019-06-06 16:35,
2019-06-06 16:40,
2019-06-06 16:45,9765
2019-06-06 16:50,9870
2019-06-06 16:55,9906
2019-06-06 17:00,10000
2019-06-06 17:05,10157
2019-06-06 17:10,
2019-06-06 17:15,10317
2019-06-06 17:20,10419
2019-06-06 17:25,
2019-06-06 17:30,10562
2019-06-06 17:35,10649
2019-06-06 17:40,10740
2019-06-06 17:45,10839
2019-06-06 17:50,10917
2019-06-06 17:55,10977
2019-06-06 18:00,11059
2019-06-06 18:05,11102
2019-06-06 18:10,11168
2019-06-06 18:15,11267
2019-06-06 18:20,11300
2019-06-06 18:25,11393
2019-06-06 18:30,11390
2019-06-06 18:35,11395
2019-06-06 18:40,11533
2019-06-06 18:45,11602
2019-06-06 18:50,11714
2019-06-06 18:55,11731
2019-06-06 19:00,11770
2019-06-06 19:05,11824
2019-06-06 19:10,11872
2019-06-06 19:15,11947
2019-06-06 19:20,12021
2019-06-06 19:25,12123
2019-06-06 19:30,12127
2019-06-06 19:35,12169
2019-06-06 19:40,12190
2019-06-06 19:45,12160
2019-06-06 19:50,12217
2019-06-06 19:55,12264
2019-06-06 20:00,12257
2019-06-06 20:05,12224
2019-06-06 20:10,12186
2019-06-06 20:15,12158
2019-06-06 20:20,12118
2019-06-06 20:25,12145
2019-06-06 20:30,12026
2019-06-06 20:35,12009
2019-06-06 20:40,11999
2019-06-06 20:45,11933
2019-06-06 20:50,11868
2019-06-06 20:55,11827
2019-06-06 21:00,11754
2019-06-06 21:05,11692
2019-06-06 21:10,11614
2019-06-06 21:15,11480
2019-06-06 21:20,11405
2019-06-06 21:25,11384
2019-06-06 21:30,11355
2019-06-06 21:35,11332
2019-06-06 21:40,11278
2019-06-06 21:45,11234
2019-06-06 21:50,11150
2019-06-06 21:55,11088
2019-06-06 22:00,11023
2019-06-06 22:05,10946
2019-06-06 22:10,10820
2019-06-06 22:15,
2019-06-06 22:20,
2019-06-06 22:25,10510
2019-06-06 22:30,10444
2019-06-06 22:35,10338
2019-06-06 22:40,10258
2019-06-06 22:45,10181
2019-06-06 22:50,10199
2019-06-06 22:55,10143
2019-06-06 23:00,10137
2019-06-06 23:05,10116
2019-06-06 23:10,10140
2019-06-06 23:15,10107
2019-06-06 23:20,10097
2019-06-06 23:25,10098
2019-06-06 23:30,10065
2019-06-06 23:35,10056
2019-06-06 23:40,10046
2019-06-06 23:45,10044
2019-06-06 23:50,10032
2019-06-06 23:55,9999
2019-06-07 00:00,9981
2019-06-07 00:05,9951
2019-06-07 00:10,9982
2019-06-07 00:15,9932
2019-06-07 00:20,9899
2019-06-07 00:25,9899
2019-06-07 00:30,9880
2019-06-07 00:35,9903
2019-06-07 00:40,9899
2019-06-07 00:45,9874
2019-06-07 00:50,9920
2019-06-07 00:55,9947
2019-06-07 01:00,10004
2019-06-07 01:05,10031
2019-06-07 01:10,10116
2019-06-07 01:15,10128
2019-06-07 01:20,10205
2019-06-07 01:25,10170
2019-06-07 01:30,10242
2019-06-07 01:35,10260
2019-06-07 01:40,10301
2019-06-07 01:45,10298
2019-06-07 01:50,10257
2019-06-07 01:55,10238
2019-06-07 02:00,10237
2019-06-07 02:05,10178
2019-06-07 02:10,10200
2019-06-07 02:15,10193
2019-06-07 02:20,10160
2019-06-07 02:25,10159
2019-06-07 02:30,10149
2019-06-07 02:35,10191
2019-06-07 02:40,10175
2019-06-07 02:45,10075
2019-06-07 02:50,10042
2019-06-07 02:55,9999
2019-06-07 03:00,9897
2019-06-07 03:05,9796
2019-06-07 03:10,9762
2019-06-07 03:15,9702
2019-06-07 03:20,9643
2019-06-07 03:25,9537
2019-06-07 03:30,9473
2019-06-07 03:35,9005
2019-06-07 03:40,8723
2019-06-07 03:45,8597
2019-06-07 03:50,8581
2019-06-07 03:55,8536
2019-06-07 04:00,8410
2019-06-07 04:05,8320
2019-06-07 04:10,8281
2019-06-07 04:15,8247
2019-06-07 04:20,8179
2019-06-07 04:25,8062
2019-06-07 04:30,7546
2019-06-07 04:35,7343
2019-06-07 04:40,7273
2019-06-07 04:45,7266
2019-06-07 04:50,7205
2019-06-07 04:55,7072
2019-06-07 05:00,7005
2019-06-07 05:05,6921
2019-06-07 05:10,6874
2019-06-07 05:15,6850
2019-06-07 05:20,6792
2019-06-07 05:25,6704
2019-06-07 05:30,6647
2019-06-07 05:35,6625
2019-06-07 05:40,6556
2019-06-07 05:45,5795
2019-06-07 05:50,5564
2019-06-07 05:55,5545
2019-06-07 06:00,5466
2019-06-07 06:05,5428
2019-06-07 06:10,5340
2019-06-07 06:15,5276
2019-06-07 06:20,5251
2019-06-07 06:25,5247
2019-06-07 06:30,5227
2019-06-07 06:35,5179
2019-06-07 06:40,5147
2019-06-07 06:45,5091
2019-06-07 06:50,5041
2019-06-07 06:55,5051
2019-06-07 07:00,5022
2019-06-07 07:05,5009
2019-06-07 07:10,4925
2019-06-07 07:15,4887
2019-06-07 07:20,4840
2019-06-07 07:25,4800
2019-06-07 07:30,4800
2019-06-07 07:35,4787
2019-06-07 07:40,4780
2019-06-07 07:45,4741
2019-06-07 07:50,4718
2019-06-07 07:55,4710
2019-06-07 08:00,4679
2019-06-07 08:05,4652
2019-06-07 08:10,4604
2019-06-07 08:15,4616
2019-06-07 08:20,4598
2019-06-07 08:25,4572
2019-06-07 08:30,4567
2019-06-07 08:35,4549
2019-06-07 08:40,4492
2019-06-07 08:45,4525
2019-06-07 08:50,4530
2019-06-07 08:55,4539
2019-06-07 09:00,4558
2019-06-07 09:05,4587
2019-06-07 09:10,4635
2019-06-07 09:15,4638
2019-06-07 09:20,4659
2019-06-07 09:25,4694
2019-06-07 09:30,4726
2019-06-07 09:35,4700
2019-06-07 09:40,4617
2019-06-07 09:45,4615
2019-06-07 09:50,4548
2019-06-07 09:55,4528
2019-06-07 10:00,4493
2019-06-07 10:05,4516
2019-06-07 10:10,4463
2019-06-07 10:15,4460
2019-06-07 10:20,4424
2019-06-07 10:25,4406
2019-06-07 10:30,4334
2019-06-07 10:35,4252
2019-06-07 10:40,3440
2019-06-07 10:45,2885
2019-06-07 10:50,2370
2019-06-07 10:55,1995
2019-06-07 11:00,1731
2019-06-07 11:05,1551
2019-06-07 11:10,1450
2019-06-07 11:15,1460
2019-06-07 11:20,1474
2019-06-07 11:25,1438
2019-06-07 11:30,1471
2019-06-07 11:35,1452
2019-06-07 11:40,1452
2019-06-07 11:45,1452
2019-06-07 11:50,1441
2019-06-07 11:55,1448
2019-06-07 12:00,1485
2019-06-07 12:05,1613
2019-06-07 12:10,1601
2019-06-07 12:15,1852
2019-06-07 12:20,2306
2019-06-07 12:25,2798
2019-06-07 12:30,3252
2019-06-07 12:35,3635
2019-06-07 12:40,3995
2019-06-07 12:45,4313
2019-06-07 12:50,4627
2019-06-07 12:55,4871
2019-06-07 13:00,5121
2019-06-07 13:05,5297
2019-06-07 13:10,5563
2019-06-07 13:15,5724
2019-06-07 13:20,5932
2019-06-07 13:25,6136
2019-06-07 13:30,6293
2019-06-07 13:35,6467
2019-06-07 13:40,6621
2019-06-07 13:45,6799
2019-06-07 13:50,6907
2019-06-07 13:55,7017
2019-06-07 14:00,7114
2019-06-07 14:05,7239
2019-06-07 14:10,7344
2019-06-07 14:15,7439
2019-06-07 14:20,7519
2019-06-07 14:25,7621
2019-06-07 14:30,7675
2019-06-07 14:35,7797
2019-06-07 14:40,7839
2019-06-07 14:45,7992
2019-06-07 14:50,8053
2019-06-07 14:55,8074
2019-06-07 15:00,8160
2019-06-07 15:05,8228
2019-06-07 15:10,8348
2019-06-07 15:15,8444
2019-06-07 15:20,8499
2019-06-07 15:25,8623
2019-06-07 15:30,8664
2019-06-07 15:35,8750
2019-06-07 15:40,8810
2019-06-07 15:45,8799
2019-06-07 15:50,8902
2019-06-07 15:55,8990
2019-06-07 16:00,9069
2019-06-07 16:05,9111
2019-06-07 16:10,9146
2019-06-07 16:15,9178
2019-06-07 16:20,9236
2019-06-07 16:25,9274
2019-06-07 16:30,9380
2019-06-07 16:35,9410
2019-06-07 16:40,9415
2019-06-07 16:45,9502
2019-06-07 16:50,9511
2019-06-07 16:55,9572
2019-06-07 17:00,9611
2019-06-07 17:05,9720
2019-06-07 17:10,9759
2019-06-07 17:15,9816
2019-06-07 17:20,9879
2019-06-07 17:25,9920
2019-06-07 17:30,9958
2019-06-07 17:35,9971
2019-06-07 17:40,10118
2019-06-07 17:45,10244
2019-06-07 17:50,10291
2019-06-07 17:55,10437
2019-06-07 18:00,
2019-06-07 18:05,
2019-06-07 18:10,10611
2019-06-07 18:15,10700
2019-06-07 18:20,10756
2019-06-07 18:25,10845
2019-06-07 18:30,10875
2019-06-07 18:35,10972
2019-06-07 18:40,11084
2019-06-07 18:45,11125
2019-06-07 18:50,11244
2019-06-07 18:55,11274
2019-06-07 19:00,11324
2019-06-07 19:05,11415
2019-06-07 19:10,11497
2019-06-07 19:15,11611
2019-06-07 19:20,11652
2019-06-07 19:25,11713
2019-06-07 19:30,11763
2019-06-07 19:35,11822
2019-06-07 19:40,11927
2019-06-07 19:45,12004
2019-06-07 19:50,12082
2019-06-07 19:55,12125
2019-06-07 20:00,12166
2019-06-07 20:05,12117
2019-06-07 20:10,12114
2019-06-07 20:15,12171
2019-06-07 20:20,12181
2019-06-07 20:25,12165
2019-06-07 20:30,12072
2019-06-07 20:35,12078
2019-06-07 20:40,12163
2019-06-07 20:45,12152
2019-06-07 20:50,12147
2019-06-07 20:55,12192
2019-06-07 21:00,12148
2019-06-07 21:05,12176
2019-06-07 21:10,12173
2019-06-07 21:15,12201
2019-06-07 21:20,12125
2019-06-07 21:25,12143
2019-06-07 21:30,12158
2019-06-07 21:35,12139
2019-06-07 21:40,12069
2019-06-07 21:45,12030
2019-06-07 21:50,11958
2019-06-07 21:55,11933
2019-06-07 22:00,11871
2019-06-07 22:05,11782
2019-06-07 22:10,11666
2019-06-07 22:15,11541
2019-06-07 22:20,11420
2019-06-07 22:25,11330
2019-06-07 22:30,11223
2019-06-07 22:35,11110
2019-06-07 22:40,11035
2019-06-07 22:45,10933
2019-06-07 22:50,10862
2019-06-07 22:55,10799
2019-06-07 23:00,10759
2019-06-07 23:05,10742
2019-06-07 23:10,10662
2019-06-07 23:15,10641
2019-06-07 23:20,10569
2019-06-07 23:25,10460
2019-06-07 23:30,10401
2019-06-07 23:35,10383
2019-06-07 23:40,10353
2019-06-07 23:45,10347
2019-06-07 23:50,10279
2019-06-07 23:55,10193
2019-06-08 00:00,10217
2019-06-08 00:05,10116
2019-06-08 00:10,9998
2019-06-08 00:15,9993
2019-06-08 00:20,10016
2019-06-08 00:25,9963
2019-06-08 00:30,9896
2019-06-08 00:35,9837
2019-06-08 00:40,9786
2019-06-08 00:45,9725
2019-06-08 00:50,9737
2019-06-08 00:55,9736
2019-06-08 01:00,9681
2019-06-08 01:05,9623
2019-06-08 01:10,9373
2019-06-08 01:15,8870
2019-06-08 01:20,8801
2019-06-08 01:25,8869
2019-06-08 01:30,8876
2019-06-08 01:35,8959
2019-06-08 01:40,8965
2019-06-08 01:45,8986
2019-06-08 01:50,8998
2019-06-08 01:55,9102
2019-06-08 02:00,9148
2019-06-08 02:05,9204
2019-06-08 02:10,9250
2019-06-08 02:15,9350
2019-06-08 02:20,9432
2019-06-08 02:25,9527
2019-06-08 02:30,9605
2019-06-08 02:35,9645
2019-06-08 02:40,9705
2019-06-08 02:45,9797
2019-06-08 02:50,9785
2019-06-08 02:55,9794
2019-06-08 03:00,9836
2019-06-08 03:05,9861
2019-06-08 03:10,9873
2019-06-08 03:15,9891
2019-06-08 03:20,9834
2019-06-08 03:25,9778
2019-06-08 03:30,9774
2019-06-08 03:35,9706
2019-06-08 03:40,9696
2019-06-08 03:45,9662
2019-06-08 03:50,9593
2019-06-08 03:55,9549
2019-06-08 04:00,9539
2019-06-08 04:05,9469
2019-06-08 04:10,9398
2019-06-08 04:15,9393
2019-06-08 04:20,9369
2019-06-08 04:25,9329
2019-06-08 04:30,9274
2019-06-08 04:35,9218
2019-06-08 04:40,9175
2019-06-08 04:45,9068
2019-06-08 04:50,8985
2019-06-08 04:55,8897
2019-06-08 05:00,8798
2019-06-08 05:05,8680
2019-06-08 05:10,8598
2019-06-08 05:15,8478
2019-06-08 05:20,8299
2019-06-08 05:25,8205
2019-06-08 05:30,8110
2019-06-08 05:35,7989
2019-06-08 05:40,7859
2019-06-08 05:45,7779
2019-06-08 05:50,7672
2019-06-08 05:55,7529
2019-06-08 06:00,7405
2019-06-08 06:05,7233
2019-06-08 06:10,7121
2019-06-08 06:15,7073
2019-06-08 06:20,7002
2019-06-08 06:25,6885
2019-06-08 06:30,6808
2019-06-08 06:35,6745
2019-06-08 06:40,6613
2019-06-08 06:45,6587
2019-06-08 06:50,6510
2019-06-08 06:55,6484
2019-06-08 07:00,6396
2019-06-08 07:05,6278
2019-06-08 07:10,6204
2019-06-08 07:15,6145
2019-06-08 07:20,6099
2019-06-08 07:25,6096
2019-06-08 07:30,5981
2019-06-08 07:35,5939
2019-06-08 07:40,5910
2019-06-08 07:45,5867
2019-06-08 07:50,5777
2019-06-08 07:55,5738
2019-06-08 08:00,5756
2019-06-08 08:05,5718
2019-06-08 08:10,5662
2019-06-08 08:15,5628
2019-06-08 08:20,5628
2019-06-08 08:25,5640
2019-06-08 08:30,5600
2019-06-08 08:35,5629
2019-06-08 08:40,5668
2019-06-08 08:45,5638
2019-06-08 08:50,5648
2019-06-08 08:55,5631
2019-06-08 09:00,5630
2019-06-08 09:05,5677
2019-06-08 09:10,5703
2019-06-08 09:15,5739
2019-06-08 09:20,5770
2019-06-08 09:25,5789
2019-06-08 09:30,5819
2019-06-08 09:35,5835
2019-06-08 09:40,5827
2019-06-08 09:45,5900
2019-06-08 09:50,5933
2019-06-08 09:55,5954
2019-06-08 10:00,5959
2019-06-08 10:05,5988
2019-06-08 10:10,6054
2019-06-08 10:15,6075
2019-06-08 10:20,6120
2019-06-08 10:25,6128
2019-06-08 10:30,6160
2019-06-08 10:35,6189
2019-06-08 10:40,6229
2019-06-08 10:45,6214
2019-06-08 10:50,6245
2019-06-08 10:55,6287
2019-06-08 11:00,6403
2019-06-08 11:05,6395
2019-06-08 11:10,6474
2019-06-08 11:15,6515
2019-06-08 11:20,6599
2019-06-08 11:25,6623
2019-06-08 11:30,6682
2019-06-08 11:35,6774
2019-06-08 11:40,6792
2019-06-08 11:45,6884
2019-06-08 11:50,6924
2019-06-08 11:55,6959
2019-06-08 12:00,6980
2019-06-08 12:05,7061
2019-06-08 12:10,7107
2019-06-08 12:15,7131
2019-06-08 12:20,7176
2019-06-08 12:25,7231
2019-06-08 12:30,7271
2019-06-08 12:35,7324
2019-06-08 12:40,7334
2019-06-08 12:45,7411
2019-06-08 12:50,7502
2019-06-08 12:55,7568
2019-06-08 13:00,7684
2019-06-08 13:05,7772
2019-06-08 13:10,7862
2019-06-08 13:15,7953
2019-06-08 13:20,7994
2019-06-08 13:25,8037
2019-06-08 13:30,8135
2019-06-08 13:35,8203
2019-06-08 13:40,8306
2019-06-08 13:45,8412
2019-06-08 13:50,8549
2019-06-08 13:55,8654
2019-06-08 14:00,8699
2019-06-08 14:05,8798
2019-06-08 14:10,8853
2019-06-08 14:15,8945
2019-06-08 14:20,8984
2019-06-08 14:25,9111
2019-06-08 14:30,9179
2019-06-08 14:35,9282
2019-06-08 14:40,9349
2019-06-08 14:45,9459
2019-06-08 14:50,9575
2019-06-08 14:55,9637
2019-06-08 15:00,9658
2019-06-08 15:05,9674
2019-06-08 15:10,9740
2019-06-08 15:15,9831
2019-06-08 15:20,9870
2019-06-08 15:25,9986
2019-06-08 15:30,9975
2019-06-08 15:35,9976
2019-06-08 15:40,10030
2019-06-08 15:45,10152
2019-06-08 15:50,10112
2019-06-08 15:55,10136
2019-06-08 16:00,10235
2019-06-08 16:05,10262
2019-06-08 16:10,10291
2019-06-08 16:15,10309
2019-06-08 16:20,10341
2019-06-08 16:25,10404
2019-06-08 16:30,10438
2019-06-08 16:35,10466
2019-06-08 16:40,10519
2019-06-08 16:45,10557
2019-06-08 16:50,10549
2019-06-08 16:55,10617
2019-06-08 17:00,10653
2019-06-08 17:05,10701
2019-06-08 17:10,10706
2019-06-08 17:15,10747
2019-06-08 17:20,10905
2019-06-08 17:25,11020
2019-06-08 17:30,11108
2019-06-08 17:35,11135
2019-06-08 17:40,11276
2019-06-08 17:45,11313
2019-06-08 17:50,11367
2019-06-08 17:55,11409
2019-06-08 18:00,11456
2019-06-08 18:05,11538
2019-06-08 18:10,11569
2019-06-08 18:15,11639
2019-06-08 18:20,11684
2019-06-08 18:25,11755
2019-06-08 18:30,11863
2019-06-08 18:35,11919
2019-06-08 18:40,11957
2019-06-08 18:45,12038
2019-06-08 18:50,12164
2019-06-08 18:55,
2019-06-08 19:00,
2019-06-08 19:05,12511
2019-06-08 19:10,12575
2019-06-08 19:15,12667
2019-06-08 19:20,12789
2019-06-08 19:25,12807
2019-06-08 19:30,12896
2019-06-08 19:35,13003
2019-06-08 19:40,13103
2019-06-08 19:45,13110
2019-06-08 19:50,13081
2019-06-08 19:55,
2019-06-08 20:00,
2019-06-08 20:05,
2019-06-08 20:10,
2019-06-08 20:15,
2019-06-08 20:20,13273
2019-06-08 20:25,13394
2019-06-08 20:30,13361
2019-06-08 20:35,13417
2019-06-08 20:40,13390
2019-06-08 20:45,13365
2019-06-08 20:50,13286
2019-06-08 20:55,13265
2019-06-08 21:00,13248
2019-06-08 21:05,13274
2019-06-08 21:10,13219
2019-06-08 21:15,13211
2019-06-08 21:20,13186
2019-06-08 21:25,13143
2019-06-08 21:30,13132
2019-06-08 21:35,13060
2019-06-08 21:40,13050
2019-06-08 21:45,12999
2019-06-08 21:50,12889
2019-06-08 21:55,12795
2019-06-08 22:00,12756
2019-06-08 22:05,12666
2019-06-08 22:10,12573
2019-06-08 22:15,12439
2019-06-08 22:20,12333
2019-06-08 22:25,12245
2019-06-08 22:30,12116
2019-06-08 22:35,12008
2019-06-08 22:40,11820
2019-06-08 22:45,11707
2019-06-08 22:50,11708
2019-06-08 22:55,11555
2019-06-08 23:00,11441
2019-06-08 23:05,11349
2019-06-08 23:10,11294
2019-06-08 23:15,11228
2019-06-08 23:20,11187
2019-06-08 23:25,11108
2019-06-08 23:30,11047
2019-06-08 23:35,10929
2019-06-08 23:40,10813
2019-06-08 23:45,10763
2019-06-08 23:50,10651
2019-06-08 23:55,10486
2019-06-09 00:00,10424
2019-06-09 00:05,10303
2019-06-09 00:10,10281
2019-06-09 00:15,10253
2019-06-09 00:20,10242
2019-06-09 00:25,10204
2019-06-09 00:30,10153
2019-06-09 00:35,10115
2019-06-09 00:40,9994
2019-06-09 00:45,10035
2019-06-09 00:50,9935
2019-06-09 00:55,9920
2019-06-09 01:00,9844
2019-06-09 01:05,9770
2019-06-09 01:10,9826
2019-06-09 01:15,9859
2019-06-09 01:20,9867
2019-06-09 01:25,9881
2019-06-09 01:30,9913
2019-06-09 01:35,9924
2019-06-09 01:40,9938
2019-06-09 01:45,9980
2019-06-09 01:50,10008
2019-06-09 01:55,9950
2019-06-09 02:00,9910
2019-06-09 02:05,9916
2019-06-09 02:10,9951
2019-06-09 02:15,9975
2019-06-09 02:20,9995
2019-06-09 02:25,9953
2019-06-09 02:30,9948
2019-06-09 02:35,9972
2019-06-09 02:40,9977
2019-06-09 02:45,10000
2019-06-09 02:50,10002
2019-06-09 02:55,10021
2019-06-09 03:00,10016
2019-06-09 03:05,9949
2019-06-09 03:10,9971
2019-06-09 03:15,9999
2019-06-09 03:20,9956
2019-06-09 03:25,9911
2019-06-09 03:30,10008
2019-06-09 03:35,9975
2019-06-09 03:40,9992
2019-06-09 03:45,9956
2019-06-09 03:50,9858
2019-06-09 03:55,9831
2019-06-09 04:00,9765
2019-06-09 04:05,9663
2019-06-09 04:10,9593
2019-06-09 04:15,9534
2019-06-09 04:20,9485
2019-06-09 04:25,9483
2019-06-09 04:30,9443
2019-06-09 04:35,9342
2019-06-09 04:40,9254
2019-06-09 04:45,9182
2019-06-09 04:50,9089
2019-06-09 04:55,8958
2019-06-09 05:00,8855
2019-06-09 05:05,8801
2019-06-09 05:10,8725
2019-06-09 05:15,8639
2019-06-09 05:20,8593
2019-06-09 05:25,8527
2019-06-09 05:30,8436
2019-06-09 05:35,8338
2019-06-09 05:40,8261
2019-06-09 05:45,8191
2019-06-09 05:50,8114
2019-06-09 05:55,8011
2019-06-09 06:00,7928
2019-06-09 06:05,7765
2019-06-09 06:10,7587
2019-06-09 06:15,7497
2019-06-09 06:20,7407
2019-06-09 06:25,7333
2019-06-09 06:30,7254
2019-06-09 06:35,7156
2019-06-09 06:40,7102
2019-06-09 06:45,7034
2019-06-09 06:50,6911
2019-06-09 06:55,6793
2019-06-09 07:00,6671
2019-06-09 07:05,6634
2019-06-09 07:10,6565
2019-06-09 07:15,6514
2019-06-09 07:20,6428
2019-06-09 07:25,6391
2019-06-09 07:30,6280
2019-06-09 07:35,6226
2019-06-09 07:40,6164
2019-06-09 07:45,6096
2019-06-09 07:50,6073
2019-06-09 07:55,6040
2019-06-09 08:00,5979
2019-06-09 08:05,5933
2019-06-09 08:10,5892
2019-06-09 08:15,5807
2019-06-09 08:20,5789
2019-06-09 08:25,5811
2019-06-09 08:30,5789
2019-06-09 08:35,5731
2019-06-09 08:40,5743
2019-06-09 08:45,5706
2019-06-09 08:50,5726
2019-06-09 08:55,5754
2019-06-09 09:00,5769
2019-06-09 09:05,5809
2019-06-09 09:10,5834
2019-06-09 09:15,5881
2019-06-09 09:20,5970
2019-06-09 09:25,5992
2019-06-09 09:30,5980
2019-06-09 09:35,6031
2019-06-09 09:40,6050
2019-06-09 09:45,6105
2019-06-09 09:50,6128
2019-06-09 09:55,6188
2019-06-09 10:00,6269
2019-06-09 10:05,6334
2019-06-09 10:10,6367
2019-06-09 10:15,6414
2019-06-09 10:20,6463
2019-06-09 10:25,6548
2019-06-09 10:30,6604
2019-06-09 10:35,6618
2019-06-09 10:40,6648
2019-06-09 10:45,6687
2019-06-09 10:50,6768
2019-06-09 10:55,6797
2019-06-09 11:00,6840
2019-06-09 11:05,6903
2019-06-09 11:10,6921
2019-06-09 11:15,6985
2019-06-09 11:20,7036
2019-06-09 11:25,7115
2019-06-09 11:30,7204
2019-06-09 11:35,7234
2019-06-09 11:40,7351
2019-06-09 11:45,7422
2019-06-09 11:50,7489
2019-06-09 11:55,7523
2019-06-09 12:00,7553
2019-06-09 12:05,7608
2019-06-09 12:10,7707
2019-06-09 12:15,7794
2019-06-09 12:20,7816
2019-06-09 12:25,7917
2019-06-09 12:30,8005
2019-06-09 12:35,8018
2019-06-09 12:40,8049
2019-06-09 12:45,8194
2019-06-09 12:50,8262
2019-06-09 12:55,8316
2019-06-09 13:00,8388
2019-06-09 13:05,8420
2019-06-09 13:10,8540
2019-06-09 13:15,8650
2019-06-09 13:20,8730
2019-06-09 13:25,8755
2019-06-09 13:30,8829
2019-06-09 13:35,8925
2019-06-09 13:40,8998
2019-06-09 13:45,9088
2019-06-09 13:50,9170
2019-06-09 13:55,9225
2019-06-09 14:00,9349
2019-06-09 14:05,9410
2019-06-09 14:10,9548
2019-06-09 14:15,9593
2019-06-09 14:20,9649
2019-06-09 14:25,9738
2019-06-09 14:30,9854
2019-06-09 14:35,9848
2019-06-09 14:40,9979
2019-06-09 14:45,10068
2019-06-09 14:50,10178
2019-06-09 14:55,10182
2019-06-09 15:00,10209
2019-06-09 15:05,10268
2019-06-09 15:10,10301
2019-06-09 15:15,10394
2019-06-09 15:20,10501
2019-06-09 15:25,10530
2019-06-09 15:30,10552
2019-06-09 15:35,10604
2019-06-09 15:40,10690
2019-06-09 15:45,10753
2019-06-09 15:50,10859
2019-06-09 15:55,10952
2019-06-09 16:00,11005
2019-06-09 16:05,11119
2019-06-09 16:10,11264
2019-06-09 16:15,11403
2019-06-09 16:20,11482
2019-06-09 16:25,11579
2019-06-09 16:30,11631
2019-06-09 16:35,11720
2019-06-09 16:40,11781
2019-06-09 16:45,11838
2019-06-09 16:50,11874
2019-06-09 16:55,11948
2019-06-09 17:00,11966
2019-06-09 17:05,12025
2019-06-09 17:10,12097
2019-06-09 17:15,12138
2019-06-09 17:20,12218
2019-06-09 17:25,12296
2019-06-09 17:30,12313
2019-06-09 17:35,12421
2019-06-09 17:40,12512
2019-06-09 17:45,12581
2019-06-09 17:50,12611
2019-06-09 17:55,12716
2019-06-09 18:00,12830
2019-06-09 18:05,12996
2019-06-09 18:10,13103
2019-06-09 18:15,13179
2019-06-09 18:20,13255
2019-06-09 18:25,13222
2019-06-09 18:30,13278
2019-06-09 18:35,13385
2019-06-09 18:40,13403
2019-06-09 18:45,13471
2019-06-09 18:50,13478
2019-06-09 18:55,13522
2019-06-09 19:00,13631
2019-06-09 19:05,13709
2019-06-09 19:10,13811
2019-06-09 19:15,13811
2019-06-09 19:20,13827
2019-06-09 19:25,13951
2019-06-09 19:30,13906
2019-06-09 19:35,13880
2019-06-09 19:40,13890
2019-06-09 19:45,13912
2019-06-09 19:50,13943
2019-06-09 19:55,13885
2019-06-09 20:00,13808
2019-06-09 20:05,13650
2019-06-09 20:10,13654
2019-06-09 20:15,13637
2019-06-09 20:20,13559
2019-06-09 20:25,13543
2019-06-09 20:30,13451
2019-06-09 20:35,13444
2019-06-09 20:40,13362
2019-06-09 20:45,13390
2019-06-09 20:50,13395
2019-06-09 20:55,13372
2019-06-09 21:00,13285
2019-06-09 21:05,13188
2019-06-09 21:10,13132
2019-06-09 21:15,13079
2019-06-09 21:20,13006
2019-06-09 21:25,12942
2019-06-09 21:30,12849
2019-06-09 21:35,12713
2019-06-09 21:40,12596
2019-06-09 21:45,12692
2019-06-09 21:50,12651
2019-06-09 21:55,12665
2019-06-09 22:00,12611
2019-06-09 22:05,12491
2019-06-09 22:10,12401
2019-06-09 22:15,12352
2019-06-09 22:20,12323
2019-06-09 22:25,12307
2019-06-09 22:30,12211
2019-06-09 22:35,12124
2019-06-09 22:40,12093
2019-06-09 22:45,12059
2019-06-09 22:50,11957
2019-06-09 22:55,11843
2019-06-09 23:00,11735
2019-06-09 23:05,11657
2019-06-09 23:10,11631
2019-06-09 23:15,11579
2019-06-09 23:20,11531
2019-06-09 23:25,11544
2019-06-09 23:30,11466
2019-06-09 23:35,11415
2019-06-09 23:40,11348
2019-06-09 23:45,11315
2019-06-09 23:50,11238
2019-06-09 23:55,11198
2019-06-10 00:00,11129
2019-06-10 00:05,11042
2019-06-10 00:10,10974
2019-06-10 00:15,10903
2019-06-10 00:20,10825
2019-06-10 00:25,10378
2019-06-10 00:30,10261
2019-06-10 00:35,10202
2019-06-10 00:40,10184
2019-06-10 00:45,10129
2019-06-10 00:50,10064
2019-06-10 00:55,9995
2019-06-10 01:00,9958
2019-06-10 01:05,9937
2019-06-10 01:10,9859
2019-06-10 01:15,9818
2019-06-10 01:20,9843
2019-06-10 01:25,9822
2019-06-10 01:30,9815
2019-06-10 01:35,9778
2019-06-10 01:40,9732
2019-06-10 01:45,9721
2019-06-10 01:50,9765
2019-06-10 01:55,9756
2019-06-10 02:00,9725
2019-06-10 02:05,9738
2019-06-10 02:10,9723
2019-06-10 02:15,9706
2019-06-10 02:20,9731
2019-06-10 02:25,9683
2019-06-10 02:30,9669
2019-06-10 02:35,9618
2019-06-10 02:40,9565
2019-06-10 02:45,9462
2019-06-10 02:50,9416
2019-06-10 02:55,9256
2019-06-10 03:00,9232
2019-06-10 03:05,9149
2019-06-10 03:10,9099
2019-06-10 03:15,9056
2019-06-10 03:20,8730
2019-06-10 03:25,8681
2019-06-10 03:30,8559
2019-06-10 03:35,8522
2019-06-10 03:40,8429
2019-06-10 03:45,8318
2019-06-10 03:50,8247
2019-06-10 03:55,8203
2019-06-10 04:00,8203
2019-06-10 04:05,8086
2019-06-10 04:10,8052
2019-06-10 04:15,7974
2019-06-10 04:20,7888
2019-06-10 04:25,7796
2019-06-10 04:30,7685
2019-06-10 04:35,7600
2019-06-10 04:40,7270
2019-06-10 04:45,7093
2019-06-10 04:50,6930
2019-06-10 04:55,6831
2019-06-10 05:00,6756
2019-06-10 05:05,6684
2019-06-10 05:10,6586
2019-06-10 05:15,6486
2019-06-10 05:20,6443
2019-06-10 05:25,6369
2019-06-10 05:30,6271
2019-06-10 05:35,6163
2019-06-10 05:40,6072
2019-06-10 05:45,6047
2019-06-10 05:50,5983
2019-06-10 05:55,5886
2019-06-10 06:00,5816
2019-06-10 06:05,5772
2019-06-10 06:10,5700
2019-06-10 06:15,5593
2019-06-10 06:20,5528
2019-06-10 06:25,5447
2019-06-10 06:30,5348
2019-06-10 06:35,5247
2019-06-10 06:40,5212
2019-06-10 06:45,5118
2019-06-10 06:50,5054
2019-06-10 06:55,4967
2019-06-10 07:00,4934
2019-06-10 07:05,4844
2019-06-10 07:10,4808
2019-06-10 07:15,4747
2019-06-10 07:20,4653
2019-06-10 07:25,4588
2019-06-10 07:30,4558
2019-06-10 07:35,4535
2019-06-10 07:40,4514
2019-06-10 07:45,4427
2019-06-10 07:50,4425
2019-06-10 07:55,4415
2019-06-10 08:00,4383
2019-06-10 08:05,4377
2019-06-10 08:10,4394
2019-06-10 08:15,4398
2019-06-10 08:20,4395
2019-06-10 08:25,4383
2019-06-10 08:30,4393
2019-06-10 08:35,4409
2019-06-10 08:40,4445
2019-06-10 08:45,4469
2019-06-10 08:50,4507
2019-06-10 08:55,4510
2019-06-10 09:00,4552
2019-06-10 09:05,4630
2019-06-10 09:10,4673
2019-06-10 09:15,4690
2019-06-10 09:20,4718
2019-06-10 09:25,4746
2019-06-10 09:30,4782
2019-06-10 09:35,4782
2019-06-10 09:40,4846
2019-06-10 09:45,4843
2019-06-10 09:50,4874
2019-06-10 09:55,4906
2019-06-10 10:00,4983
2019-06-10 10:05,4995
2019-06-10 10:10,5018
2019-06-10 10:15,5053
2019-06-10 10:20,5062
2019-06-10 10:25,5108
2019-06-10 10:30,5151
2019-06-10 10:35,5158
2019-06-10 10:40,5206
2019-06-10 10:45,5252
2019-06-10 10:50,5331
2019-06-10 10:55,5358
2019-06-10 11:00,5402
2019-06-10 11:05,5472
2019-06-10 11:10,5565
2019-06-10 11:15,5634
2019-06-10 11:20,5643
2019-06-10 11:25,5688
2019-06-10 11:30,5762
2019-06-10 11:35,5854
2019-06-10 11:40,5904
2019-06-10 11:45,5948
2019-06-10 11:50,5947
2019-06-10 11:55,6038
2019-06-10 12:00,6047
2019-06-10 12:05,6105
2019-06-10 12:10,6213
2019-06-10 12:15,6290
2019-06-10 12:20,6343
2019-06-10 12:25,6359
2019-06-10 12:30,6431
2019-06-10 12:35,6516
2019-06-10 12:40,6568
2019-06-10 12:45,6654
2019-06-10 12:50,6673
2019-06-10 12:55,6771
2019-06-10 13:00,6864
2019-06-10 13:05,6913
2019-06-10 13:10,7043
2019-06-10 13:15,7138
2019-06-10 13:20,7227
2019-06-10 13:25,7276
2019-06-10 13:30,7329
2019-06-10 13:35,7386
2019-06-10 13:40,7489
2019-06-10 13:45,7546
2019-06-10 13:50,7647
2019-06-10 13:55,7715
2019-06-10 14:00,7837
2019-06-10 14:05,7896
2019-06-10 14:10,7957
2019-06-10 14:15,8043
2019-06-10 14:20,8114
2019-06-10 14:25,8149
2019-06-10 14:30,8183
2019-06-10 14:35,8236
2019-06-10 14:40,8353
2019-06-10 14:45,8425
2019-06-10 14:50,8458
2019-06-10 14:55,8559
2019-06-10 15:00,8582
2019-06-10 15:05,8626
2019-06-10 15:10,8652
2019-06-10 15:15,8750
2019-06-10 15:20,8781
2019-06-10 15:25,8861
2019-06-10 15:30,8877
2019-06-10 15:35,8861
2019-06-10 15:40,8933
2019-06-10 15:45,8988
2019-06-10 15:50,9081
2019-06-10 15:55,9137
2019-06-10 16:00,9220
2019-06-10 16:05,9236
2019-06-10 16:10,9254
2019-06-10 16:15,9320
2019-06-10 16:20,9390
2019-06-10 16:25,9460
2019-06-10 16:30,9572
2019-06-10 16:35,9587
2019-06-10 16:40,9671
2019-06-10 16:45,9750
2019-06-10 16:50,9761
2019-06-10 16:55,9877
2019-06-10 17:00,9953
2019-06-10 17:05,10003
2019-06-10 17:10,10027
2019-06-10 17:15,10128
2019-06-10 17:20,10093
2019-06-10 17:25,10157
2019-06-10 17:30,10298
2019-06-10 17:35,10386
2019-06-10 17:40,
2019-06-10 17:45,10573
2019-06-10 17:50,10672
2019-06-10 17:55,10766
2019-06-10 18:00,10796
2019-06-10 18:05,10920
2019-06-10 18:10,11035
2019-06-10 18:15,11162
2019-06-10 18:20,11250
2019-06-10 18:25,11260
2019-06-10 18:30,11388
2019-06-10 18:35,11493
2019-06-10 18:40,11528
2019-06-10 18:45,11727
2019-06-10 18:50,11766
2019-06-10 18:55,11832
2019-06-10 19:00,11962
2019-06-10 19:05,12046
2019-06-10 19:10,12160
2019-06-10 19:15,12234
2019-06-10 19:20,12307
2019-06-10 19:25,12312
2019-06-10 19:30,12286
2019-06-10 19:35,12233
2019-06-10 19:40,12184
2019-06-10 19:45,12120
2019-06-10 19:50,12141
2019-06-10 19:55,12095
2019-06-10 20:00,12115
2019-06-10 20:05,12086
2019-06-10 20:10,11992
2019-06-10 20:15,11925
2019-06-10 20:20,11804
2019-06-10 20:25,11763
2019-06-10 20:30,11664
2019-06-10 20:35,11506
2019-06-10 20:40,11423
2019-06-10 20:45,11380
2019-06-10 20:50,11363
2019-06-10 20:55,11380
2019-06-10 21:00,11371
2019-06-10 21:05,11331
2019-06-10 21:10,11243
2019-06-10 21:15,11169
2019-06-10 21:20,11160
2019-06-10 21:25,11114
2019-06-10 21:30,11091
2019-06-10 21:35,11075
2019-06-10 21:40,10951
2019-06-10 21:45,10911
2019-06-10 21:50,10936
2019-06-10 21:55,10890
2019-06-10 22:00,10769
2019-06-10 22:05,0
2019-06-10 22:10,10610
2019-06-10 22:15,10570
2019-06-10 22:20,10488
2019-06-10 22:25,10432
2019-06-10 22:30,10307
2019-06-10 22:35,10256
2019-06-10 22:40,10215
2019-06-10 22:45,10217
2019-06-10 22:50,10163
2019-06-10 22:55,10100
2019-06-10 23:00,10098
2019-06-10 23:05,10038
2019-06-10 23:10,9943
2019-06-10 23:15,9866
2019-06-10 23:20,9858
2019-06-10 23:25,9854
2019-06-10 23:30,9860
2019-06-10 23:35,9880
2019-06-10 23:40,9884
2019-06-10 23:45,9878
2019-06-10 23:50,0
2019-06-10 23:55,9843
2019-06-11 00:00,9847
2019-06-11 00:05,9831
2019-06-11 00:10,9846
2019-06-11 00:15,9863
2019-06-11 00:20,9868
2019-06-11 00:25,9868
2019-06-11 00:30,9885
2019-06-11 00:35,9861
2019-06-11 00:40,9858
2019-06-11 00:45,9833
2019-06-11 00:50,9844
2019-06-11 00:55,9786
2019-06-11 01:00,9729
2019-06-11 01:05,9711
2019-06-11 01:10,9673
2019-06-11 01:15,9703
2019-06-11 01:20,9648
2019-06-11 01:25,9623
2019-06-11 01:30,9665
2019-06-11 01:35,9637
2019-06-11 01:40,9596
2019-06-11 01:45,9560
2019-06-11 01:50,0
2019-06-11 01:55,9487
2019-06-11 02:00,9389
2019-06-11 02:05,9365
2019-06-11 02:10,9278
2019-06-11 02:15,9190
2019-06-11 02:20,9071
2019-06-11 02:25,9095
2019-06-11 02:30,9085
2019-06-11 02:35,9090
2019-06-11 02:40,9056
2019-06-11 02:45,9069
2019-06-11 02:50,9083
2019-06-11 02:55,8988
2019-06-11 03:00,8965
2019-06-11 03:05,8938
2019-06-11 03:10,8877
2019-06-11 03:15,8828
2019-06-11 03:20,8707
2019-06-11 03:25,8654
2019-06-11 03:30,8558
2019-06-11 03:35,8523
2019-06-11 03:40,8439
2019-06-11 03:45,
2019-06-11 03:50,8357
2019-06-11 03:55,8327
2019-06-11 04:00,8261
2019-06-11 04:05,8180
2019-06-11 04:10,8110
2019-06-11 04:15,8033
2019-06-11 04:20,7958
2019-06-11 04:25,7847
2019-06-11 04:30,7783
2019-06-11 04:35,7651
2019-06-11 04:40,7566
2019-06-11 04:45,7455
2019-06-11 04:50,7348
2019-06-11 04:55,7296
2019-06-11 05:00,7189
2019-06-11 05:05,7104
2019-06-11 05:10,6916
2019-06-11 05:15,6758
2019-06-11 05:20,6599
2019-06-11 05:25,6448
2019-06-11 05:30,6334
2019-06-11 05:35,6253
2019-06-11 05:40,6129
2019-06-11 05:45,6026
2019-06-11 05:50,5934
2019-06-11 05:55,5826
2019-06-11 06:00,5707
2019-06-11 06:05,5592
2019-06-11 06:10,5517
2019-06-11 06:15,5411
2019-06-11 06:20,5288
2019-06-11 06:25,5251
2019-06-11 06:30,5152
2019-06-11 06:35,5087
2019-06-11 06:40,5017
2019-06-11 06:45,4948
2019-06-11 06:50,4852
2019-06-11 06:55,4794
2019-06-11 07:00,4736
2019-06-11 07:05,4638
2019-06-11 07:10,4547
2019-06-11 07:15,4501
2019-06-11 07:20,4452
2019-06-11 07:25,4428
2019-06-11 07:30,4392
2019-06-11 07:35,4349
2019-06-11 07:40,4353
2019-06-11 07:45,4362
2019-06-11 07:50,4357
2019-06-11 07:55,4312
2019-06-11 08:00,4309
2019-06-11 08:05,4314
2019-06-11 08:10,4303
2019-06-11 08:15,4292
2019-06-11 08:20,4230
2019-06-11 08:25,4215
2019-06-11 08:30,4214
2019-06-11 08:35,4203
2019-06-11 08:40,4203
2019-06-11 08:45,4197
2019-06-11 08:50,4203
2019-06-11 08:55,4199
2019-06-11 09:00,4222
2019-06-11 09:05,4244
2019-06-11 09:10,4272
2019-06-11 09:15,4273
2019-06-11 09:20,4305
2019-06-11 09:25,4303
2019-06-11 09:30,4281
2019-06-11 09:35,4293
2019-06-11 09:40,4315
2019-06-11 09:45,4355
2019-06-11 09:50,4373
2019-06-11 09:55,4366
2019-06-11 10:00,4422
2019-06-11 10:05,4466
2019-06-11 10:10,4498
2019-06-11 10:15,4514
2019-06-11 10:20,4514
2019-06-11 10:25,4558
2019-06-11 10:30,4621
2019-06-11 10:35,4640
2019-06-11 10:40,4682
2019-06-11 10:45,4719
2019-06-11 10:50,4765
2019-06-11 10:55,4812
2019-06-11 11:00,4851
2019-06-11 11:05,4894
2019-06-11 11:10,4956
2019-06-11 11:15,4940
2019-06-11 11:20,4974
2019-06-11 11:25,4998
2019-06-11 11:30,5073
2019-06-11 11:35,5125
2019-06-11 11:40,5159
2019-06-11 11:45,5169
2019-06-11 11:50,5218
2019-06-11 11:55,5241
2019-06-11 12:00,5303
2019-06-11 12:05,5316
2019-06-11 12:10,5370
2019-06-11 12:15,5435
2019-06-11 12:20,5479
2019-06-11 12:25,5536
2019-06-11 12:30,5604
2019-06-11 12:35,5717
2019-06-11 12:40,5777
2019-06-11 12:45,5897
2019-06-11 12:50,5957
2019-06-11 12:55,6059
2019-06-11 13:00,6185
2019-06-11 13:05,6271
2019-06-11 13:10,6345
2019-06-11 13:15,6429
2019-06-11 13:20,6557
2019-06-11 13:25,6654
2019-06-11 13:30,6738
2019-06-11 13:35,6810
2019-06-11 13:40,6894
2019-06-11 13:45,6990
2019-06-11 13:50,7024
2019-06-11 13:55,7077
2019-06-11 14:00,7149
2019-06-11 14:05,7277
2019-06-11 14:10,7354
2019-06-11 14:15,7425
2019-06-11 14:20,7480
2019-06-11 14:25,7587
2019-06-11 14:30,7694
2019-06-11 14:35,7744
2019-06-11 14:40,7836
2019-06-11 14:45,7910
2019-06-11 14:50,7970
2019-06-11 14:55,8064
2019-06-11 15:00,8113
2019-06-11 15:05,8167
2019-06-11 15:10,8197
2019-06-11 15:15,8273
2019-06-11 15:20,8343
2019-06-11 15:25,8436
2019-06-11 15:30,8471
2019-06-11 15:35,8494
2019-06-11 15:40,8627
2019-06-11 15:45,8692
2019-06-11 15:50,8725
2019-06-11 15:55,8752
2019-06-11 16:00,8847
2019-06-11 16:05,8965
2019-06-11 16:10,9018
2019-06-11 16:15,9106
2019-06-11 16:20,9141
2019-06-11 16:25,9165
2019-06-11 16:30,9190
2019-06-11 16:35,
2019-06-11 16:40,9366
2019-06-11 16:45,9454
2019-06-11 16:50,9595
2019-06-11 16:55,9649
2019-06-11 17:00,9730
2019-06-11 17:05,9885
2019-06-11 17:10,10039
2019-06-11 17:15,10130
2019-06-11 17:20,10243
2019-06-11 17:25,10297
2019-06-11 17:30,10433
2019-06-11 17:35,10630
2019-06-11 17:40,10801
2019-06-11 17:45,10877
2019-06-11 17:50,10921
2019-06-11 17:55,
2019-06-11 18:00,11161
2019-06-11 18:05,11208
2019-06-11 18:10,11296
2019-06-11 18:15,11405
2019-06-11 18:20,11532
2019-06-11 18:25,11702
2019-06-11 18:30,11753
2019-06-11 18:35,11822
2019-06-11 18:40,11806
2019-06-11 18:45,11863
2019-06-11 18:50,11865
2019-06-11 18:55,11946
2019-06-11 19:00,11986
2019-06-11 19:05,11992
2019-06-11 19:10,12055
2019-06-11 19:15,12115
2019-06-11 19:20,12137
2019-06-11 19:25,12164
2019-06-11 19:30,12189
2019-06-11 19:35,12129
2019-06-11 19:40,12172
2019-06-11 19:45,12181
2019-06-11 19:50,12189
2019-06-11 19:55,12176
2019-06-11 20:00,12205
2019-06-11 20:05,12134
2019-06-11 20:10,12159
2019-06-11 20:15,12110
2019-06-11 20:20,12114
2019-06-11 20:25,12087
2019-06-11 20:30,12012
2019-06-11 20:35,12013
2019-06-11 20:40,11991
2019-06-11 20:45,11959
2019-06-11 20:50,11884
2019-06-11 20:55,11757
2019-06-11 21:00,11701
2019-06-11 21:05,11528
2019-06-11 21:10,11464
2019-06-11 21:15,11354
2019-06-11 21:20,11296
2019-06-11 21:25,11199
2019-06-11 21:30,11149
2019-06-11 21:35,11097
2019-06-11 21:40,11072
2019-06-11 21:45,10997
2019-06-11 21:50,10981
2019-06-11 21:55,10872
2019-06-11 22:00,10738
2019-06-11 22:05,10636
2019-06-11 22:10,10546
2019-06-11 22:15,10568
2019-06-11 22:20,10524
2019-06-11 22:25,10400
2019-06-11 22:30,10341
2019-06-11 22:35,10396
2019-06-11 22:40,10326
2019-06-11 22:45,10240
2019-06-11 22:50,10130
2019-06-11 22:55,10081
2019-06-11 23:00,10018
2019-06-11 23:05,9973
2019-06-11 23:10,9924
2019-06-11 23:15,0
2019-06-11 23:20,2602
2019-06-11 23:25,7088
2019-06-11 23:30,9185
2019-06-11 23:35,9350
2019-06-11 23:40,9313
2019-06-11 23:45,9312
2019-06-11 23:50,9305
2019-06-11 23:55,9269
2019-06-12 00:00,9269
2019-06-12 00:05,9161
2019-06-12 00:10,9087
2019-06-12 00:15,9045
2019-06-12 00:20,8931
2019-06-12 00:25,8773
2019-06-12 00:30,8749
2019-06-12 00:35,8100
2019-06-12 00:40,8912
2019-06-12 00:45,9073
2019-06-12 00:50,9162
2019-06-12 00:55,9284
2019-06-12 01:00,9306
2019-06-12 01:05,8757
2019-06-12 01:10,9371
2019-06-12 01:15,9518
2019-06-12 01:20,9575
2019-06-12 01:25,9587
2019-06-12 01:30,9702
2019-06-12 01:35,9744
2019-06-12 01:40,9813
2019-06-12 01:45,9856
2019-06-12 01:50,9909
2019-06-12 01:55,9892
2019-06-12 02:00,9873
2019-06-12 02:05,9885
2019-06-12 02:10,9880
2019-06-12 02:15,9925
2019-06-12 02:20,9898
2019-06-12 02:25,9848
2019-06-12 02:30,9784
2019-06-12 02:35,9781
2019-06-12 02:40,9771
2019-06-12 02:45,9753
2019-06-12 02:50,9702
2019-06-12 02:55,9614
2019-06-12 03:00,9582
2019-06-12 03:05,9512
2019-06-12 03:10,9408
2019-06-12 03:15,9307
2019-06-12 03:20,9145
2019-06-12 03:25,9046
2019-06-12 03:30,8963
2019-06-12 03:35,8882
2019-06-12 03:40,8779
2019-06-12 03:45,8702
2019-06-12 03:50,8651
2019-06-12 03:55,8538
2019-06-12 04:00,8418
2019-06-12 04:05,8279
2019-06-12 04:10,8214
2019-06-12 04:15,8102
2019-06-12 04:20,8022
2019-06-12 04:25,7938
2019-06-12 04:30,7846
2019-06-12 04:35,7699
2019-06-12 04:40,7558
2019-06-12 04:45,7437
2019-06-12 04:50,7375
2019-06-12 04:55,7305
2019-06-12 05:00,7190
2019-06-12 05:05,7107
2019-06-12 05:10,6957
2019-06-12 05:15,6826
2019-06-12 05:20,6724
2019-06-12 05:25,6603
2019-06-12 05:30,6539
2019-06-12 05:35,6417
2019-06-12 05:40,6338
2019-06-12 05:45,6242
2019-06-12 05:50,6204
2019-06-12 05:55,6102
2019-06-12 06:00,5971
2019-06-12 06:05,5884
2019-06-12 06:10,5757
2019-06-12 06:15,5683
2019-06-12 06:20,5556
2019-06-12 06:25,5464
2019-06-12 06:30,5416
2019-06-12 06:35,5320
2019-06-12 06:40,5201
2019-06-12 06:45,5102
2019-06-12 06:50,5017
2019-06-12 06:55,4950
2019-06-12 07:00,4895
2019-06-12 07:05,4854
2019-06-12 07:10,4792
2019-06-12 07:15,4714
2019-06-12 07:20,4643
2019-06-12 07:25,4619
2019-06-12 07:30,4615
2019-06-12 07:35,4602
2019-06-12 07:40,4546
2019-06-12 07:45,
2019-06-12 07:50,4540
2019-06-12 07:55,4520
2019-06-12 08:00,4510
2019-06-12 08:05,4492
2019-06-12 08:10,4459
2019-06-12 08:15,4503
2019-06-12 08:20,4506
2019-06-12 08:25,4519
2019-06-12 08:30,4529
2019-06-12 08:35,4585
2019-06-12 08:40,4584
2019-06-12 08:45,4529
2019-06-12 08:50,4583
2019-06-12 08:55,4553
2019-06-12 09:00,4585
2019-06-12 09:05,4657
2019-06-12 09:10,4716
2019-06-12 09:15,4725
2019-06-12 09:20,4766
2019-06-12 09:25,4799
2019-06-12 09:30,4816
2019-06-12 09:35,4834
2019-06-12 09:40,4840
2019-06-12 09:45,4862
2019-06-12 09:50,4871
2019-06-12 09:55,4887
2019-06-12 10:00,4860
2019-06-12 10:05,4907
2019-06-12 10:10,4925
2019-06-12 10:15,4908
2019-06-12 10:20,4933
2019-06-12 10:25,4956
2019-06-12 10:30,5003
2019-06-12 10:35,5047
2019-06-12 10:40,5089
2019-06-12 10:45,5149
2019-06-12 10:50,5220
2019-06-12 10:55,5244
2019-06-12 11:00,5285
2019-06-12 11:05,5290
2019-06-12 11:10,5318
2019-06-12 11:15,5378
2019-06-12 11:20,5408
2019-06-12 11:25,5442
2019-06-12 11:30,5504
2019-06-12 11:35,5482
2019-06-12 11:40,5491
2019-06-12 11:45,5487
2019-06-12 11:50,5524
2019-06-12 11:55,5563
2019-06-12 12:00,5642
2019-06-12 12:05,5684
2019-06-12 12:10,5691
2019-06-12 12:15,5723
2019-06-12 12:20,5805
2019-06-12 12:25,5833
2019-06-12 12:30,5870
2019-06-12 12:35,5897
2019-06-12 12:40,5948
2019-06-12 12:45,6006
2019-06-12 12:50,6124
2019-06-12 12:55,6230
2019-06-12 13:00,6275
2019-06-12 13:05,6334
2019-06-12 13:10,6442
2019-06-12 13:15,6559
2019-06-12 13:20,6693
2019-06-12 13:25,6727
2019-06-12 13:30,6796
2019-06-12 13:35,6904
2019-06-12 13:40,6996
2019-06-12 13:45,7127
2019-06-12 13:50,7196
2019-06-12 13:55,
2019-06-12 14:00,
2019-06-12 14:05,7378
2019-06-12 14:10,7448
2019-06-12 14:15,7499
2019-06-12 14:20,7615
2019-06-12 14:25,7685
2019-06-12 14:30,7776
2019-06-12 14:35,7796
2019-06-12 14:40,7925
2019-06-12 14:45,7958
2019-06-12 14:50,8002
2019-06-12 14:55,7982
2019-06-12 15:00,8003
2019-06-12 15:05,8006
2019-06-12 15:10,8104
2019-06-12 15:15,8107
2019-06-12 15:20,8184
2019-06-12 15:25,8230
2019-06-12 15:30,8312
2019-06-12 15:35,8386
2019-06-12 15:40,8432
2019-06-12 15:45,8504
2019-06-12 15:50,8513
2019-06-12 15:55,8644
2019-06-12 16:00,8656
2019-06-12 16:05,8743
2019-06-12 16:10,8798
2019-06-12 16:15,8835
2019-06-12 16:20,8892
2019-06-12 16:25,9026
2019-06-12 16:30,9096
2019-06-12 16:35,9194
2019-06-12 16:40,9269
2019-06-12 16:45,9362
2019-06-12 16:50,9405
2019-06-12 16:55,9492
2019-06-12 17:00,9620
2019-06-12 17:05,9647
2019-06-12 17:10,9737
2019-06-12 17:15,9887
2019-06-12 17:20,9956
2019-06-12 17:25,10005
2019-06-12 17:30,10089
2019-06-12 17:35,10166
2019-06-12 17:40,10258
2019-06-12 17:45,10399
2019-06-12 17:50,10483
2019-06-12 17:55,10563
2019-06-12 18:00,10576
2019-06-12 18:05,10599
2019-06-12 18:10,10737
2019-06-12 18:15,10847
2019-06-12 18:20,10977
2019-06-12 18:25,11056
2019-06-12 18:30,11079
2019-06-12 18:35,11237
2019-06-12 18:40,11309
2019-06-12 18:45,11278
2019-06-12 18:50,11302
2019-06-12 18:55,11409
2019-06-12 19:00,11367
2019-06-12 19:05,11298
2019-06-12 19:10,11331
2019-06-12 19:15,11371
2019-06-12 19:20,11435
2019-06-12 19:25,11462
2019-06-12 19:30,11496
2019-06-12 19:35,11519
2019-06-12 19:40,11524
2019-06-12 19:45,11583
2019-06-12 19:50,11667
2019-06-12 19:55,11622
2019-06-12 20:00,11571
2019-06-12 20:05,11495
2019-06-12 20:10,11421
2019-06-12 20:15,11380
2019-06-12 20:20,11397
2019-06-12 20:25,11511
2019-06-12 20:30,11556
2019-06-12 20:35,11520
2019-06-12 20:40,11531
2019-06-12 20:45,11491
2019-06-12 20:50,11481
2019-06-12 20:55,11484
2019-06-12 21:00,11480
2019-06-12 21:05,11334
2019-06-12 21:10,11281
2019-06-12 21:15,11126
2019-06-12 21:20,11146
2019-06-12 21:25,11135
2019-06-12 21:30,11047
2019-06-12 21:35,10975
2019-06-12 21:40,10875
2019-06-12 21:45,10776
2019-06-12 21:50,10731
2019-06-12 21:55,10681
2019-06-12 22:00,10627
2019-06-12 22:05,10514
2019-06-12 22:10,10482
2019-06-12 22:15,10375
2019-06-12 22:20,10279
2019-06-12 22:25,10172
2019-06-12 22:30,10112
2019-06-12 22:35,10075
2019-06-12 22:40,10034
2019-06-12 22:45,9970
2019-06-12 22:50,9965
2019-06-12 22:55,9860
2019-06-12 23:00,9824
2019-06-12 23:05,9768
2019-06-12 23:10,9700
2019-06-12 23:15,9680
2019-06-12 23:20,9697
2019-06-12 23:25,9657
2019-06-12 23:30,9621
2019-06-12 23:35,9613
2019-06-12 23:40,9639
2019-06-12 23:45,9619
2019-06-12 23:50,9577
2019-06-12 23:55,9556
2019-06-13 00:00,9507
2019-06-13 00:05,9466
2019-06-13 00:10,9400
2019-06-13 00:15,9388
2019-06-13 00:20,9405
2019-06-13 00:25,9364
2019-06-13 00:30,9402
2019-06-13 00:35,9396
2019-06-13 00:40,9407
2019-06-13 00:45,9371
2019-06-13 00:50,9422
2019-06-13 00:55,9389
2019-06-13 01:00,9427
2019-06-13 01:05,9368
2019-06-13 01:10,9354
2019-06-13 01:15,9328
2019-06-13 01:20,9351
2019-06-13 01:25,9374
2019-06-13 01:30,9397
2019-06-13 01:35,9441
2019-06-13 01:40,9473
2019-06-13 01:45,9464
2019-06-13 01:50,9499
2019-06-13 01:55,9515
2019-06-13 02:00,9498
2019-06-13 02:05,9475
2019-06-13 02:10,9486
2019-06-13 02:15,9411
2019-06-13 02:20,9423
2019-06-13 02:25,9450
2019-06-13 02:30,9380
2019-06-13 02:35,9347
2019-06-13 02:40,9363
2019-06-13 02:45,9354
2019-06-13 02:50,9304
2019-06-13 02:55,9317
2019-06-13 03:00,9243
2019-06-13 03:05,9187
2019-06-13 03:10,9119
2019-06-13 03:15,9050
2019-06-13 03:20,8978
2019-06-13 03:25,8987
2019-06-13 03:30,8891
2019-06-13 03:35,8757
2019-06-13 03:40,8701
2019-06-13 03:45,8618
2019-06-13 03:50,8587
2019-06-13 03:55,8463
2019-06-13 04:00,8363
2019-06-13 04:05,8294
2019-06-13 04:10,8257
2019-06-13 04:15,8092
2019-06-13 04:20,8004
2019-06-13 04:25,7915
2019-06-13 04:30,7830
2019-06-13 04:35,7711
2019-06-13 04:40,7586
2019-06-13 04:45,7411
2019-06-13 04:50,7303
2019-06-13 04:55,7185
2019-06-13 05:00,7088
2019-06-13 05:05,6972
2019-06-13 05:10,6802
2019-06-13 05:15,6749
2019-06-13 05:20,6639
2019-06-13 05:25,6551
2019-06-13 05:30,6444
2019-06-13 05:35,6363
2019-06-13 05:40,6307
2019-06-13 05:45,6185
2019-06-13 05:50,6106
2019-06-13 05:55,5993
2019-06-13 06:00,5902
2019-06-13 06:05,5812
2019-06-13 06:10,5750
2019-06-13 06:15,5644
2019-06-13 06:20,5534
2019-06-13 06:25,5471
2019-06-13 06:30,5391
2019-06-13 06:35,5307
2019-06-13 06:40,5222
2019-06-13 06:45,5165
2019-06-13 06:50,5095
2019-06-13 06:55,5045
2019-06-13 07:00,5017
2019-06-13 07:05,4913
2019-06-13 07:10,4805
2019-06-13 07:15,4729
2019-06-13 07:20,4649
2019-06-13 07:25,4605
2019-06-13 07:30,4565
2019-06-13 07:35,4510
2019-06-13 07:40,4470
2019-06-13 07:45,4454
2019-06-13 07:50,4410
2019-06-13 07:55,4405
2019-06-13 08:00,4388
2019-06-13 08:05,4376
2019-06-13 08:10,4377
2019-06-13 08:15,4381
2019-06-13 08:20,4353
2019-06-13 08:25,4325
2019-06-13 08:30,4323
2019-06-13 08:35,4304
2019-06-13 08:40,4271
2019-06-13 08:45,4277
2019-06-13 08:50,4309
2019-06-13 08:55,4334
2019-06-13 09:00,4353
2019-06-13 09:05,4374
2019-06-13 09:10,4377
2019-06-13 09:15,4363
2019-06-13 09:20,4387
2019-06-13 09:25,4396
2019-06-13 09:30,4388
2019-06-13 09:35,4427
2019-06-13 09:40,4458
2019-06-13 09:45,4499
2019-06-13 09:50,4510
2019-06-13 09:55,4499
2019-06-13 10:00,4543
2019-06-13 10:05,4543
2019-06-13 10:10,4616
2019-06-13 10:15,4594
2019-06-13 10:20,4611
2019-06-13 10:25,4643
2019-06-13 10:30,4625
2019-06-13 10:35,4679
2019-06-13 10:40,4723
2019-06-13 10:45,4744
2019-06-13 10:50,4770
2019-06-13 10:55,4801
2019-06-13 11:00,4831
2019-06-13 11:05,4887
2019-06-13 11:10,4931
2019-06-13 11:15,4932
2019-06-13 11:20,4953
2019-06-13 11:25,5022
2019-06-13 11:30,5057
2019-06-13 11:35,5095
2019-06-13 11:40,5115
2019-06-13 11:45,5184
2019-06-13 11:50,5240
2019-06-13 11:55,5312
2019-06-13 12:00,5319
2019-06-13 12:05,5396
2019-06-13 12:10,5476
2019-06-13 12:15,5506
2019-06-13 12:20,5560
2019-06-13 12:25,5649
2019-06-13 12:30,5744
2019-06-13 12:35,5764
2019-06-13 12:40,5807
2019-06-13 12:45,5883
2019-06-13 12:50,5967
2019-06-13 12:55,6033
2019-06-13 13:00,6081
2019-06-13 13:05,6202
2019-06-13 13:10,6287
2019-06-13 13:15,6328
2019-06-13 13:20,6424
2019-06-13 13:25,6530
2019-06-13 13:30,6634
2019-06-13 13:35,6631
2019-06-13 13:40,6699
2019-06-13 13:45,6759
2019-06-13 13:50,6899
2019-06-13 13:55,6993
2019-06-13 14:00,7037
2019-06-13 14:05,7123
2019-06-13 14:10,7167
2019-06-13 14:15,7283
2019-06-13 14:20,7402
2019-06-13 14:25,7441
2019-06-13 14:30,7526
2019-06-13 14:35,7555
2019-06-13 14:40,7637
2019-06-13 14:45,7683
2019-06-13 14:50,7723
2019-06-13 14:55,7857
2019-06-13 15:00,7898
2019-06-13 15:05,7945
2019-06-13 15:10,7988
2019-06-13 15:15,8021
2019-06-13 15:20,8085
2019-06-13 15:25,8014
2019-06-13 15:30,8194
2019-06-13 15:35,8268
2019-06-13 15:40,8332
2019-06-13 15:45,8393
2019-06-13 15:50,8575
2019-06-13 15:55,8630
2019-06-13 16:00,8761
2019-06-13 16:05,8879
2019-06-13 16:10,8856
2019-06-13 16:15,8961
2019-06-13 16:20,9066
2019-06-13 16:25,9179
2019-06-13 16:30,9303
2019-06-13 16:35,9363
2019-06-13 16:40,9489
2019-06-13 16:45,9625
2019-06-13 16:50,9730
2019-06-13 16:55,9739
2019-06-13 17:00,9819
2019-06-13 17:05,9914
2019-06-13 17:10,10061
2019-06-13 17:15,10159
2019-06-13 17:20,10277
2019-06-13 17:25,10399
2019-06-13 17:30,10446
2019-06-13 17:35,10551
2019-06-13 17:40,10501
2019-06-13 17:45,10577
2019-06-13 17:50,10618
2019-06-13 17:55,10667
2019-06-13 18:00,10808
2019-06-13 18:05,10904
2019-06-13 18:10,10937
2019-06-13 18:15,11069
2019-06-13 18:20,11193
2019-06-13 18:25,11237
2019-06-13 18:30,11320
2019-06-13 18:35,11401
2019-06-13 18:40,11491
2019-06-13 18:45,11522
2019-06-13 18:50,11614
2019-06-13 18:55,11622
2019-06-13 19:00,11682
2019-06-13 19:05,11740
2019-06-13 19:10,11803
2019-06-13 19:15,11865
2019-06-13 19:20,12028
2019-06-13 19:25,12026
2019-06-13 19:30,12086
2019-06-13 19:35,12065
2019-06-13 19:40,12073
2019-06-13 19:45,12050
2019-06-13 19:50,12060
2019-06-13 19:55,12123
2019-06-13 20:00,12112
2019-06-13 20:05,12102
2019-06-13 20:10,12150
2019-06-13 20:15,12129
2019-06-13 20:20,12100
2019-06-13 20:25,12199
2019-06-13 20:30,12166
2019-06-13 20:35,12181
2019-06-13 20:40,12164
2019-06-13 20:45,12068
2019-06-13 20:50,11961
2019-06-13 20:55,11886
2019-06-13 21:00,11770
2019-06-13 21:05,11696
2019-06-13 21:10,11720
2019-06-13 21:15,11603
2019-06-13 21:20,11548
2019-06-13 21:25,11509
2019-06-13 21:30,11441
2019-06-13 21:35,11328
2019-06-13 21:40,11230
2019-06-13 21:45,11219
2019-06-13 21:50,11210
2019-06-13 21:55,11125
2019-06-13 22:00,10978
2019-06-13 22:05,10863
2019-06-13 22:10,10732
2019-06-13 22:15,10657
2019-06-13 22:20,10590
2019-06-13 22:25,10501
2019-06-13 22:30,10436
2019-06-13 22:35,10326
2019-06-13 22:40,10286
2019-06-13 22:45,9989
2019-06-13 22:50,9221
2019-06-13 22:55,9032
2019-06-13 23:00,8924
2019-06-13 23:05,8996
2019-06-13 23:10,9084
2019-06-13 23:15,9131
2019-06-13 23:20,9140
2019-06-13 23:25,9139
2019-06-13 23:30,9180
2019-06-13 23:35,9264
2019-06-13 23:40,9323
2019-06-13 23:45,9319
2019-06-13 23:50,9415
2019-06-13 23:55,9464
2019-06-14 00:00,9443
2019-06-14 00:05,9424
2019-06-14 00:10,9423
2019-06-14 00:15,9467
2019-06-14 00:20,9481
2019-06-14 00:25,9500
2019-06-14 00:30,9501
2019-06-14 00:35,9535
2019-06-14 00:40,9622
2019-06-14 00:45,9617
2019-06-14 00:50,9664
2019-06-14 00:55,9652
2019-06-14 01:00,9611
2019-06-14 01:05,9583
2019-06-14 01:10,9585
2019-06-14 01:15,9578
2019-06-14 01:20,9600
2019-06-14 01:25,9596
2019-06-14 01:30,9652
2019-06-14 01:35,9709
2019-06-14 01:40,9694
2019-06-14 01:45,9673
2019-06-14 01:50,9690
2019-06-14 01:55,9696
2019-06-14 02:00,9666
2019-06-14 02:05,9682
2019-06-14 02:10,9655
2019-06-14 02:15,9608
2019-06-14 02:20,9574
2019-06-14 02:25,9562
2019-06-14 02:30,9508
2019-06-14 02:35,9524
2019-06-14 02:40,9443
2019-06-14 02:45,9426
2019-06-14 02:50,9383
2019-06-14 02:55,9302
2019-06-14 03:00,9224
2019-06-14 03:05,9132
2019-06-14 03:10,9109
2019-06-14 03:15,9036
2019-06-14 03:20,8975
2019-06-14 03:25,8871
2019-06-14 03:30,8782
2019-06-14 03:35,8698
2019-06-14 03:40,8607
2019-06-14 03:45,8520
2019-06-14 03:50,8443
2019-06-14 03:55,8386
2019-06-14 04:00,8316
2019-06-14 04:05,8165
2019-06-14 04:10,8077
2019-06-14 04:15,8069
2019-06-14 04:20,7985
2019-06-14 04:25,7876
2019-06-14 04:30,7850
2019-06-14 04:35,7754
2019-06-14 04:40,7690
2019-06-14 04:45,7560
2019-06-14 04:50,7407
2019-06-14 04:55,7310
2019-06-14 05:00,7131
2019-06-14 05:05,6990
2019-06-14 05:10,6886
2019-06-14 05:15,6758
2019-06-14 05:20,6625
2019-06-14 05:25,6540
2019-06-14 05:30,6412
2019-06-14 05:35,6343
2019-06-14 05:40,6231
2019-06-14 05:45,6128
2019-06-14 05:50,6066
2019-06-14 05:55,5970
2019-06-14 06:00,5878
2019-06-14 06:05,5791
2019-06-14 06:10,5747
2019-06-14 06:15,5667
2019-06-14 06:20,5595
2019-06-14 06:25,5495
2019-06-14 06:30,5440
2019-06-14 06:35,5369
2019-06-14 06:40,5290
2019-06-14 06:45,5223
2019-06-14 06:50,5144
2019-06-14 06:55,5097
2019-06-14 07:00,5051
2019-06-14 07:05,4956
2019-06-14 07:10,4910
2019-06-14 07:15,4810
2019-06-14 07:20,4774
2019-06-14 07:25,4742
2019-06-14 07:30,4687
2019-06-14 07:35,4651
2019-06-14 07:40,4574
2019-06-14 07:45,4482
2019-06-14 07:50,4463
2019-06-14 07:55,4443
2019-06-14 08:00,4405
2019-06-14 08:05,4380
2019-06-14 08:10,4320
2019-06-14 08:15,4338
2019-06-14 08:20,4321
2019-06-14 08:25,4318
2019-06-14 08:30,4325
2019-06-14 08:35,4336
2019-06-14 08:40,4343
2019-06-14 08:45,4365
2019-06-14 08:50,4406
2019-06-14 08:55,4403
2019-06-14 09:00,4430
2019-06-14 09:05,4411
2019-06-14 09:10,4437
2019-06-14 09:15,4433
2019-06-14 09:20,4477
2019-06-14 09:25,4482
2019-06-14 09:30,4518
2019-06-14 09:35,4562
2019-06-14 09:40,4589
2019-06-14 09:45,4614
2019-06-14 09:50,4610
2019-06-14 09:55,4657
2019-06-14 10:00,4677
2019-06-14 10:05,4667
2019-06-14 10:10,4725
2019-06-14 10:15,4770
2019-06-14 10:20,4779
2019-06-14 10:25,4768
2019-06-14 10:30,4798
2019-06-14 10:35,4852
2019-06-14 10:40,4915
2019-06-14 10:45,4975
2019-06-14 10:50,4989
2019-06-14 10:55,5025
2019-06-14 11:00,5041
2019-06-14 11:05,5085
2019-06-14 11:10,5188
2019-06-14 11:15,5225
2019-06-14 11:20,5304
2019-06-14 11:25,5296
2019-06-14 11:30,5335
2019-06-14 11:35,5394
2019-06-14 11:40,5467
2019-06-14 11:45,5526
2019-06-14 11:50,5546
2019-06-14 11:55,5566
2019-06-14 12:00,5604
2019-06-14 12:05,5672
2019-06-14 12:10,5483
2019-06-14 12:15,5462
2019-06-14 12:20,5482
2019-06-14 12:25,5503
2019-06-14 12:30,5626
2019-06-14 12:35,5719
2019-06-14 12:40,5786
2019-06-14 12:45,5916
2019-06-14 12:50,5991
2019-06-14 12:55,6026
2019-06-14 13:00,6087
2019-06-14 13:05,6231
2019-06-14 13:10,6333
2019-06-14 13:15,6429
2019-06-14 13:20,6533
2019-06-14 13:25,6631
2019-06-14 13:30,6698
2019-06-14 13:35,6802
2019-06-14 13:40,6945
2019-06-14 13:45,7013
2019-06-14 13:50,7105
2019-06-14 13:55,7198
2019-06-14 14:00,7283
2019-06-14 14:05,7412
2019-06-14 14:10,7500
2019-06-14 14:15,7552
2019-06-14 14:20,7651
2019-06-14 14:25,7723
2019-06-14 14:30,7764
2019-06-14 14:35,7833
2019-06-14 14:40,7931
2019-06-14 14:45,7958
2019-06-14 14:50,8014
2019-06-14 14:55,8095
2019-06-14 15:00,8185
2019-06-14 15:05,8239
2019-06-14 15:10,8272
2019-06-14 15:15,8334
2019-06-14 15:20,8425
2019-06-14 15:25,8531
2019-06-14 15:30,8549
2019-06-14 15:35,8622
2019-06-14 15:40,8605
2019-06-14 15:45,8741
2019-06-14 15:50,8799
2019-06-14 15:55,8810
2019-06-14 16:00,8847
2019-06-14 16:05,8881
2019-06-14 16:10,9016
2019-06-14 16:15,9087
2019-06-14 16:20,9111
2019-06-14 16:25,
2019-06-14 16:30,9296
2019-06-14 16:35,9346
2019-06-14 16:40,9462
2019-06-14 16:45,9456
2019-06-14 16:50,9558
2019-06-14 16:55,9661
2019-06-14 17:00,9712
2019-06-14 17:05,9765
2019-06-14 17:10,9850
2019-06-14 17:15,9962
2019-06-14 17:20,10039
2019-06-14 17:25,10086
2019-06-14 17:30,10199
2019-06-14 17:35,10315
2019-06-14 17:40,10395
2019-06-14 17:45,10512
2019-06-14 17:50,10571
2019-06-14 17:55,10631
2019-06-14 18:00,10710
2019-06-14 18:05,10766
2019-06-14 18:10,10843
2019-06-14 18:15,10906
2019-06-14 18:20,10977
2019-06-14 18:25,10999
2019-06-14 18:30,11003
2019-06-14 18:35,11024
2019-06-14 18:40,11112
2019-06-14 18:45,11167
2019-06-14 18:50,11250
2019-06-14 18:55,11345
2019-06-14 19:00,11475
2019-06-14 19:05,11550
2019-06-14 19:10,11557
2019-06-14 19:15,11622
2019-06-14 19:20,11645
2019-06-14 19:25,11761
2019-06-14 19:30,11823
2019-06-14 19:35,11853
2019-06-14 19:40,11852
2019-06-14 19:45,11902
2019-06-14 19:50,11996
2019-06-14 19:55,11999
2019-06-14 20:00,11991
2019-06-14 20:05,12026
2019-06-14 20:10,12064
2019-06-14 20:15,12099
2019-06-14 20:20,12094
2019-06-14 20:25,12066
2019-06-14 20:30,12158
2019-06-14 20:35,12174
2019-06-14 20:40,12187
2019-06-14 20:45,12227
2019-06-14 20:50,12213
2019-06-14 20:55,12201
2019-06-14 21:00,12238
2019-06-14 21:05,12175
2019-06-14 21:10,12128
2019-06-14 21:15,12067
2019-06-14 21:20,12030
2019-06-14 21:25,11996
2019-06-14 21:30,11982
2019-06-14 21:35,11965
2019-06-14 21:40,11943
2019-06-14 21:45,11922
2019-06-14 21:50,11771
2019-06-14 21:55,11711
2019-06-14 22:00,11677
2019-06-14 22:05,11548
2019-06-14 22:10,11433
2019-06-14 22:15,11438
2019-06-14 22:20,11374
2019-06-14 22:25,11362
2019-06-14 22:30,11305
2019-06-14 22:35,11249
2019-06-14 22:40,11215
2019-06-14 22:45,11150
2019-06-14 22:50,11057
2019-06-14 22:55,11020
2019-06-14 23:00,10909
2019-06-14 23:05,10873
2019-06-14 23:10,10758
2019-06-14 23:15,10605
2019-06-14 23:20,10450
2019-06-14 23:25,10377
2019-06-14 23:30,10310
2019-06-14 23:35,10237
2019-06-14 23:40,10214
2019-06-14 23:45,10169
2019-06-14 23:50,10155
2019-06-14 23:55,10040
2019-06-15 00:00,10084
2019-06-15 00:05,10113
2019-06-15 00:10,10051
2019-06-15 00:15,10022
2019-06-15 00:20,9989
2019-06-15 00:25,9926
2019-06-15 00:30,9905
2019-06-15 00:35,9903
2019-06-15 00:40,9866
2019-06-15 00:45,9849
2019-06-15 00:50,9812
2019-06-15 00:55,9779
2019-06-15 01:00,9745
2019-06-15 01:05,9736
2019-06-15 01:10,9725
2019-06-15 01:15,9729
2019-06-15 01:20,9773
2019-06-15 01:25,9782
2019-06-15 01:30,9793
2019-06-15 01:35,9820
2019-06-15 01:40,9837
2019-06-15 01:45,9805
2019-06-15 01:50,9760
2019-06-15 01:55,9788
2019-06-15 02:00,9832
2019-06-15 02:05,9839
2019-06-15 02:10,9839
2019-06-15 02:15,9842
2019-06-15 02:20,9839
2019-06-15 02:25,9876
2019-06-15 02:30,9867
2019-06-15 02:35,9884
2019-06-15 02:40,9838
2019-06-15 02:45,9849
2019-06-15 02:50,9828
2019-06-15 02:55,9820
2019-06-15 03:00,9863
2019-06-15 03:05,9853
2019-06-15 03:10,9773
2019-06-15 03:15,9815
2019-06-15 03:20,9838
2019-06-15 03:25,9818
2019-06-15 03:30,9758
2019-06-15 03:35,9743
2019-06-15 03:40,9658
2019-06-15 03:45,9585
2019-06-15 03:50,9531
2019-06-15 03:55,9434
2019-06-15 04:00,9390
2019-06-15 04:05,9260
2019-06-15 04:10,9223
2019-06-15 04:15,9151
2019-06-15 04:20,9063
2019-06-15 04:25,8977
2019-06-15 04:30,8894
2019-06-15 04:35,8858
2019-06-15 04:40,8805
2019-06-15 04:45,8731
2019-06-15 04:50,8648
2019-06-15 04:55,8590
2019-06-15 05:00,8478
2019-06-15 05:05,8413
2019-06-15 05:10,8289
2019-06-15 05:15,8200
2019-06-15 05:20,8058
2019-06-15 05:25,8000
2019-06-15 05:30,7905
2019-06-15 05:35,7847
2019-06-15 05:40,7759
2019-06-15 05:45,7593
2019-06-15 05:50,7492
2019-06-15 05:55,7382
2019-06-15 06:00,7223
2019-06-15 06:05,7079
2019-06-15 06:10,6990
2019-06-15 06:15,6844
2019-06-15 06:20,6739
2019-06-15 06:25,6665
2019-06-15 06:30,6533
2019-06-15 06:35,6482
2019-06-15 06:40,6429
2019-06-15 06:45,6348
2019-06-15 06:50,6240
2019-06-15 06:55,6120
2019-06-15 07:00,6017
2019-06-15 07:05,5869
2019-06-15 07:10,5811
2019-06-15 07:15,5747
2019-06-15 07:20,5707
2019-06-15 07:25,5667
2019-06-15 07:30,5586
2019-06-15 07:35,5541
2019-06-15 07:40,5512
2019-06-15 07:45,5502
2019-06-15 07:50,5477
2019-06-15 07:55,5425
2019-06-15 08:00,5371
2019-06-15 08:05,5337
2019-06-15 08:10,5283
2019-06-15 08:15,5255
2019-06-15 08:20,5236
2019-06-15 08:25,5208
2019-06-15 08:30,5240
2019-06-15 08:35,5269
2019-06-15 08:40,5284
2019-06-15 08:45,5283
2019-06-15 08:50,5315
2019-06-15 08:55,5302
2019-06-15 09:00,5335
2019-06-15 09:05,5391
2019-06-15 09:10,5433
2019-06-15 09:15,5503
2019-06-15 09:20,5519
2019-06-15 09:25,5540
2019-06-15 09:30,5563
2019-06-15 09:35,5588
2019-06-15 09:40,5621
2019-06-15 09:45,5615
2019-06-15 09:50,5623
2019-06-15 09:55,5699
2019-06-15 10:00,5692
2019-06-15 10:05,5737
2019-06-15 10:10,5768
2019-06-15 10:15,5823
2019-06-15 10:20,5875
2019-06-15 10:25,5915
2019-06-15 10:30,5957
2019-06-15 10:35,6007
2019-06-15 10:40,6024
2019-06-15 10:45,6046
2019-06-15 10:50,6101
2019-06-15 10:55,6182
2019-06-15 11:00,6271
2019-06-15 11:05,6272
2019-06-15 11:10,6341
2019-06-15 11:15,6391
2019-06-15 11:20,6440
2019-06-15 11:25,6498
2019-06-15 11:30,6576
2019-06-15 11:35,6665
2019-06-15 11:40,6685
2019-06-15 11:45,6765
2019-06-15 11:50,6789
2019-06-15 11:55,6831
2019-06-15 12:00,6858
2019-06-15 12:05,6927
2019-06-15 12:10,7025
2019-06-15 12:15,7066
2019-06-15 12:20,7164
2019-06-15 12:25,7205
2019-06-15 12:30,7254
2019-06-15 12:35,7361
2019-06-15 12:40,7389
2019-06-15 12:45,7492
2019-06-15 12:50,7522
2019-06-15 12:55,7640
2019-06-15 13:00,7726
2019-06-15 13:05,7798
2019-06-15 13:10,7921
2019-06-15 13:15,8023
2019-06-15 13:20,8156
2019-06-15 13:25,8231
2019-06-15 13:30,8323
2019-06-15 13:35,8455
2019-06-15 13:40,8540
2019-06-15 13:45,8640
2019-06-15 13:50,8715
2019-06-15 13:55,8727
2019-06-15 14:00,8788
2019-06-15 14:05,8894
2019-06-15 14:10,8958
2019-06-15 14:15,9038
2019-06-15 14:20,
2019-06-15 14:25,
2019-06-15 14:30,9139
2019-06-15 14:35,9197
2019-06-15 14:40,9282
2019-06-15 14:45,9388
2019-06-15 14:50,9450
2019-06-15 14:55,9507
2019-06-15 15:00,9537
2019-06-15 15:05,9556
2019-06-15 15:10,9626
2019-06-15 15:15,9713
2019-06-15 15:20,9743
2019-06-15 15:25,9816
2019-06-15 15:30,9855
2019-06-15 15:35,9918
2019-06-15 15:40,9968
2019-06-15 15:45,10035
2019-06-15 15:50,10095
2019-06-15 15:55,10184
2019-06-15 16:00,10261
2019-06-15 16:05,10306
2019-06-15 16:10,10364
2019-06-15 16:15,10438
2019-06-15 16:20,10490
2019-06-15 16:25,10524
2019-06-15 16:30,10557
2019-06-15 16:35,10609
2019-06-15 16:40,10686
2019-06-15 16:45,10749
2019-06-15 16:50,10806
2019-06-15 16:55,10805
2019-06-15 17:00,10790
2019-06-15 17:05,10825
2019-06-15 17:10,10894
2019-06-15 17:15,10956
2019-06-15 17:20,11022
2019-06-15 17:25,11138
2019-06-15 17:30,11198
2019-06-15 17:35,11275
2019-06-15 17:40,11378
2019-06-15 17:45,11392
2019-06-15 17:50,11461
2019-06-15 17:55,11523
2019-06-15 18:00,11588
2019-06-15 18:05,11696
2019-06-15 18:10,11810
2019-06-15 18:15,11917
2019-06-15 18:20,12011
2019-06-15 18:25,12049
2019-06-15 18:30,12008
2019-06-15 18:35,11968
2019-06-15 18:40,12074
2019-06-15 18:45,12136
2019-06-15 18:50,12238
2019-06-15 18:55,12288
2019-06-15 19:00,12372
2019-06-15 19:05,12440
2019-06-15 19:10,12481
2019-06-15 19:15,12473
2019-06-15 19:20,12521
2019-06-15 19:25,12576
2019-06-15 19:30,12594
2019-06-15 19:35,12616
2019-06-15 19:40,12653
2019-06-15 19:45,12681
2019-06-15 19:50,12754
2019-06-15 19:55,12724
2019-06-15 20:00,12756
2019-06-15 20:05,12777
2019-06-15 20:10,12813
2019-06-15 20:15,12916
2019-06-15 20:20,12953
2019-06-15 20:25,13097
2019-06-15 20:30,13129
2019-06-15 20:35,13093
2019-06-15 20:40,13088
2019-06-15 20:45,13115
2019-06-15 20:50,13076
2019-06-15 20:55,13058
2019-06-15 21:00,12996
2019-06-15 21:05,12929
2019-06-15 21:10,12891
2019-06-15 21:15,12872
2019-06-15 21:20,12761
2019-06-15 21:25,12768
2019-06-15 21:30,12728
2019-06-15 21:35,12657
2019-06-15 21:40,12627
2019-06-15 21:45,12641
2019-06-15 21:50,12516
2019-06-15 21:55,12371
2019-06-15 22:00,12256
2019-06-15 22:05,12164
2019-06-15 22:10,12086
2019-06-15 22:15,11952
2019-06-15 22:20,11849
2019-06-15 22:25,11739
2019-06-15 22:30,11591
2019-06-15 22:35,11506
2019-06-15 22:40,11468
2019-06-15 22:45,11374
2019-06-15 22:50,11298
2019-06-15 22:55,11215
2019-06-15 23:00,11102
2019-06-15 23:05,11021
2019-06-15 23:10,10950
2019-06-15 23:15,10874
2019-06-15 23:20,10767
2019-06-15 23:25,10633
2019-06-15 23:30,10606
2019-06-15 23:35,10555
2019-06-15 23:40,10485
2019-06-15 23:45,10376
2019-06-15 23:50,10221
2019-06-15 23:55,10073
2019-06-16 00:00,10003
2019-06-16 00:05,9919
2019-06-16 00:10,9864
2019-06-16 00:15,9855
2019-06-16 00:20,9829
2019-06-16 00:25,9823
2019-06-16 00:30,9865
2019-06-16 00:35,9856
2019-06-16 00:40,9860
2019-06-16 00:45,9823
2019-06-16 00:50,9846
2019-06-16 00:55,9769
2019-06-16 01:00,9752
2019-06-16 01:05,9727
2019-06-16 01:10,9696
2019-06-16 01:15,9762
2019-06-16 01:20,9749
2019-06-16 01:25,9748
2019-06-16 01:30,9797
2019-06-16 01:35,9757
2019-06-16 01:40,9703
2019-06-16 01:45,9737
2019-06-16 01:50,9669
2019-06-16 01:55,9654
2019-06-16 02:00,9590
2019-06-16 02:05,9587
2019-06-16 02:10,9631
2019-06-16 02:15,9631
2019-06-16 02:20,9699
2019-06-16 02:25,9714
2019-06-16 02:30,9733
2019-06-16 02:35,9783
2019-06-16 02:40,9768
2019-06-16 02:45,9785
2019-06-16 02:50,9720
2019-06-16 02:55,9743
2019-06-16 03:00,9735
2019-06-16 03:05,9748
2019-06-16 03:10,9720
2019-06-16 03:15,9681
2019-06-16 03:20,9732
2019-06-16 03:25,9725
2019-06-16 03:30,9719
2019-06-16 03:35,9666
2019-06-16 03:40,9680
2019-06-16 03:45,9667
2019-06-16 03:50,9658
2019-06-16 03:55,9575
2019-06-16 04:00,9535
2019-06-16 04:05,9465
2019-06-16 04:10,9392
2019-06-16 04:15,9319
2019-06-16 04:20,9253
2019-06-16 04:25,9145
2019-06-16 04:30,9089
2019-06-16 04:35,9012
2019-06-16 04:40,8963
2019-06-16 04:45,8977
2019-06-16 04:50,8900
2019-06-16 04:55,8789
2019-06-16 05:00,8660
2019-06-16 05:05,8573
2019-06-16 05:10,8478
2019-06-16 05:15,8401
2019-06-16 05:20,8314
2019-06-16 05:25,8191
2019-06-16 05:30,8067
2019-06-16 05:35,7986
2019-06-16 05:40,7860
2019-06-16 05:45,7731
2019-06-16 05:50,7673
2019-06-16 05:55,7542
2019-06-16 06:00,7467
2019-06-16 06:05,7371
2019-06-16 06:10,7268
2019-06-16 06:15,7159
2019-06-16 06:20,7074
2019-06-16 06:25,7017
2019-06-16 06:30,6929
2019-06-16 06:35,6854
2019-06-16 06:40,6742
2019-06-16 06:45,6639
2019-06-16 06:50,6527
2019-06-16 06:55,6421
2019-06-16 07:00,6293
2019-06-16 07:05,6205
2019-06-16 07:10,6113
2019-06-16 07:15,6039
2019-06-16 07:20,5980
2019-06-16 07:25,5876
2019-06-16 07:30,5780
2019-06-16 07:35,5684
2019-06-16 07:40,5695
2019-06-16 07:45,5698
2019-06-16 07:50,5649
2019-06-16 07:55,5621
2019-06-16 08:00,5576
2019-06-16 08:05,5532
2019-06-16 08:10,5582
2019-06-16 08:15,5582
2019-06-16 08:20,5620
2019-06-16 08:25,5586
2019-06-16 08:30,5564
2019-06-16 08:35,5544
2019-06-16 08:40,5549
2019-06-16 08:45,5566
2019-06-16 08:50,5627
2019-06-16 08:55,5628
2019-06-16 09:00,5667
2019-06-16 09:05,5728
2019-06-16 09:10,5745
2019-06-16 09:15,5751
2019-06-16 09:20,5817
2019-06-16 09:25,5877
2019-06-16 09:30,5902
2019-06-16 09:35,5902
2019-06-16 09:40,5976
2019-06-16 09:45,6021
2019-06-16 09:50,6021
2019-06-16 09:55,6155
2019-06-16 10:00,6144
2019-06-16 10:05,6188
2019-06-16 10:10,6188
2019-06-16 10:15,6201
2019-06-16 10:20,6255
2019-06-16 10:25,6255
2019-06-16 10:30,6308
2019-06-16 10:35,6411
2019-06-16 10:40,6411
2019-06-16 10:45,6473
2019-06-16 10:50,6566
2019-06-16 10:55,6682
2019-06-16 11:00,6724
2019-06-16 11:05,6724
2019-06-16 11:10,6772
2019-06-16 11:15,6823
2019-06-16 11:20,6908
2019-06-16 11:25,6938
2019-06-16 11:30,7039
2019-06-16 11:35,7039
2019-06-16 11:40,7080
2019-06-16 11:45,7184
2019-06-16 11:50,7262
2019-06-16 11:55,7334
2019-06-16 12:00,7358
2019-06-16 12:05,7358
2019-06-16 12:10,7535
2019-06-16 12:15,7535
2019-06-16 12:20,7685
2019-06-16 12:25,7723
2019-06-16 12:30,7723
2019-06-16 12:35,7821
2019-06-16 12:40,7894
2019-06-16 12:45,7980
2019-06-16 12:50,8037
2019-06-16 12:55,8037
2019-06-16 13:00,8134
2019-06-16 13:05,8191
2019-06-16 13:10,8229
2019-06-16 13:15,8229
2019-06-16 13:20,8300
2019-06-16 13:25,8413
2019-06-16 13:30,8495
2019-06-16 13:35,8565
2019-06-16 13:40,8710
2019-06-16 13:45,8791
2019-06-16 13:50,8913
2019-06-16 13:55,9069
2019-06-16 14:00,9153
2019-06-16 14:05,9153
2019-06-16 14:10,9251
2019-06-16 14:15,9298
2019-06-16 14:20,9410
2019-06-16 14:25,9418
2019-06-16 14:30,9495
2019-06-16 14:35,9625
2019-06-16 14:40,9702
2019-06-16 14:45,9784
2019-06-16 14:50,9888
2019-06-16 14:55,10087
2019-06-16 15:00,10087
2019-06-16 15:05,10116
2019-06-16 15:10,10117
2019-06-16 15:15,10198
2019-06-16 15:20,10242
2019-06-16 15:25,10312
2019-06-16 15:30,10336
2019-06-16 15:35,10446
2019-06-16 15:40,10521
2019-06-16 15:45,10561
2019-06-16 15:50,10640
2019-06-16 15:55,10708
2019-06-16 16:00,10740
2019-06-16 16:05,10740
2019-06-16 16:10,10860
2019-06-16 16:15,10891
2019-06-16 16:20,10977
2019-06-16 16:25,11019
2019-06-16 16:30,11095
2019-06-16 16:35,11161
2019-06-16 16:40,11237
2019-06-16 16:45,11310
2019-06-16 16:50,11358
2019-06-16 16:55,11417
2019-06-16 17:00,11523
2019-06-16 17:05,11523
2019-06-16 17:10,11619
2019-06-16 17:15,11771
2019-06-16 17:20,11831
2019-06-16 17:25,11913
2019-06-16 17:30,11932
2019-06-16 17:35,12043
2019-06-16 17:40,12095
2019-06-16 17:45,12176
2019-06-16 17:50,12310
2019-06-16 17:55,12399
2019-06-16 18:00,12452
2019-06-16 18:05,12485
2019-06-16 18:10,12472
2019-06-16 18:15,12550
2019-06-16 18:20,12597
2019-06-16 18:25,12678
2019-06-16 18:30,12759
2019-06-16 18:35,12863
2019-06-16 18:40,12936
2019-06-16 18:45,13020
2019-06-16 18:50,13047
2019-06-16 18:55,13126
2019-06-16 19:00,13325
2019-06-16 19:05,13325
2019-06-16 19:10,13397
2019-06-16 19:15,13501
2019-06-16 19:20,13615
2019-06-16 19:25,13620
2019-06-16 19:30,13658
2019-06-16 19:35,13696
2019-06-16 19:40,13711
2019-06-16 19:45,13706
2019-06-16 19:50,13688
2019-06-16 19:55,13687
2019-06-16 20:00,13744
2019-06-16 20:05,13712
2019-06-16 20:10,13746
2019-06-16 20:15,13685
2019-06-16 20:20,13589
2019-06-16 20:25,13550
2019-06-16 20:30,13506
2019-06-16 20:35,13485
2019-06-16 20:40,13502
2019-06-16 20:45,13485
2019-06-16 20:50,13416
2019-06-16 20:55,13311
2019-06-16 21:00,13198
2019-06-16 21:05,13143
2019-06-16 21:10,13060
2019-06-16 21:15,13014
2019-06-16 21:20,12937
2019-06-16 21:25,12869
2019-06-16 21:30,12756
2019-06-16 21:35,12634
2019-06-16 21:40,12530
2019-06-16 21:45,12395
2019-06-16 21:50,12297
2019-06-16 21:55,12244
2019-06-16 22:00,12146
2019-06-16 22:05,12022
2019-06-16 22:10,11925
2019-06-16 22:15,11795
2019-06-16 22:20,11653
2019-06-16 22:25,11577
2019-06-16 22:30,11514
2019-06-16 22:35,11390
2019-06-16 22:40,11332
2019-06-16 22:45,11279
2019-06-16 22:50,11175
2019-06-16 22:55,11052
2019-06-16 23:00,10970
2019-06-16 23:05,10923
2019-06-16 23:10,10840
2019-06-16 23:15,10709
2019-06-16 23:20,10635
2019-06-16 23:25,10555
2019-06-16 23:30,10490
2019-06-16 23:35,10481
2019-06-16 23:40,10414
2019-06-16 23:45,10307
2019-06-16 23:50,10284
2019-06-16 23:55,10307
2019-06-17 00:00,10299
2019-06-17 00:05,10299
2019-06-17 00:10,10255
2019-06-17 00:15,10214
2019-06-17 00:20,10185
2019-06-17 00:25,10148
2019-06-17 00:30,10141
2019-06-17 00:35,10137
2019-06-17 00:40,10160
2019-06-17 00:45,10210
2019-06-17 00:50,10165
2019-06-17 00:55,10188
2019-06-17 01:00,10188
2019-06-17 01:05,10188
2019-06-17 01:10,10141
2019-06-17 01:15,10187
2019-06-17 01:20,10206
2019-06-17 01:25,10206
2019-06-17 01:30,10178
2019-06-17 01:35,10178
2019-06-17 01:40,10189
2019-06-17 01:45,10154
2019-06-17 01:50,10178
2019-06-17 01:55,10168
2019-06-17 02:00,10150
2019-06-17 02:05,10118
2019-06-17 02:10,10070
2019-06-17 02:15,10036
2019-06-17 02:20,10011
2019-06-17 02:25,9932
2019-06-17 02:30,9909
2019-06-17 02:35,9889
2019-06-17 02:40,9871
2019-06-17 02:45,9889
2019-06-17 02:50,9815
2019-06-17 02:55,9778
2019-06-17 03:00,9691
2019-06-17 03:05,9611
2019-06-17 03:10,9491
2019-06-17 03:15,9357
2019-06-17 03:20,9234
2019-06-17 03:25,9146
2019-06-17 03:30,9032
2019-06-17 03:35,8934
2019-06-17 03:40,8840
2019-06-17 03:45,8832
2019-06-17 03:50,8765
2019-06-17 03:55,8707
2019-06-17 04:00,8670
2019-06-17 04:05,8576
2019-06-17 04:10,8445
2019-06-17 04:15,8399
2019-06-17 04:20,8318
2019-06-17 04:25,8187
2019-06-17 04:30,8069
2019-06-17 04:35,7982
2019-06-17 04:40,7846
2019-06-17 04:45,7773
2019-06-17 04:50,7723
2019-06-17 04:55,7637
2019-06-17 05:00,7487
2019-06-17 05:05,7346
2019-06-17 05:10,7227
2019-06-17 05:15,7156
2019-06-17 05:20,7011
2019-06-17 05:25,6879
2019-06-17 05:30,6804
2019-06-17 05:35,6702
2019-06-17 05:40,6605
2019-06-17 05:45,6525
2019-06-17 05:50,6469
2019-06-17 05:55,6393
2019-06-17 06:00,6263
2019-06-17 06:05,6133
2019-06-17 06:10,5995
2019-06-17 06:15,5878
2019-06-17 06:20,5810
2019-06-17 06:25,5734
2019-06-17 06:30,5629
2019-06-17 06:35,5524
2019-06-17 06:40,5441
2019-06-17 06:45,5352
2019-06-17 06:50,5291
2019-06-17 06:55,5204
2019-06-17 07:00,5052
2019-06-17 07:05,5052
2019-06-17 07:10,4996
2019-06-17 07:15,4940
2019-06-17 07:20,4852
2019-06-17 07:25,4827
2019-06-17 07:30,4756
2019-06-17 07:35,4699
2019-06-17 07:40,4687
2019-06-17 07:45,4631
2019-06-17 07:50,4591
2019-06-17 07:55,4569
2019-06-17 08:00,4556
2019-06-17 08:05,4516
2019-06-17 08:10,4468
2019-06-17 08:15,4443
2019-06-17 08:20,4436
2019-06-17 08:25,4403
2019-06-17 08:30,4397
2019-06-17 08:35,4377
2019-06-17 08:40,4410
2019-06-17 08:45,4393
2019-06-17 08:50,4372
2019-06-17 08:55,4350
2019-06-17 09:00,4398
2019-06-17 09:05,4398
2019-06-17 09:10,4379
2019-06-17 09:15,4377
2019-06-17 09:20,4375
2019-06-17 09:25,4367
2019-06-17 09:30,4412
2019-06-17 09:35,4438
2019-06-17 09:40,4485
2019-06-17 09:45,4493
2019-06-17 09:50,4502
2019-06-17 09:55,4553
2019-06-17 10:00,4573
2019-06-17 10:05,4660
2019-06-17 10:10,4677
2019-06-17 10:15,4700
2019-06-17 10:20,4750
2019-06-17 10:25,4775
2019-06-17 10:30,4786
2019-06-17 10:35,4793
2019-06-17 10:40,4880
2019-06-17 10:45,4936
2019-06-17 10:50,4953
2019-06-17 10:55,5024
2019-06-17 11:00,5067
2019-06-17 11:05,5117
2019-06-17 11:10,5146
2019-06-17 11:15,5195
2019-06-17 11:20,5267
2019-06-17 11:25,5323
2019-06-17 11:30,5360
2019-06-17 11:35,5387
2019-06-17 11:40,5445
2019-06-17 11:45,5518
2019-06-17 11:50,5546
2019-06-17 11:55,5577
2019-06-17 12:00,5574
2019-06-17 12:05,5656
2019-06-17 12:10,5743
2019-06-17 12:15,5768
2019-06-17 12:20,5874
2019-06-17 12:25,5945
2019-06-17 12:30,5982
2019-06-17 12:35,5988
2019-06-17 12:40,6079
2019-06-17 12:45,6120
2019-06-17 12:50,6164
2019-06-17 12:55,6222
2019-06-17 13:00,6273
2019-06-17 13:05,6368
2019-06-17 13:10,6439
2019-06-17 13:15,6516
2019-06-17 13:20,6604
2019-06-17 13:25,6659
2019-06-17 13:30,6770
2019-06-17 13:35,6815
2019-06-17 13:40,6840
2019-06-17 13:45,6910
2019-06-17 13:50,6994
2019-06-17 13:55,7068
2019-06-17 14:00,7206
2019-06-17 14:05,7241
2019-06-17 14:10,7292
2019-06-17 14:15,7366
2019-06-17 14:20,7427
2019-06-17 14:25,7432
2019-06-17 14:30,7527
2019-06-17 14:35,7605
2019-06-17 14:40,7654
2019-06-17 14:45,7683
2019-06-17 14:50,7785
2019-06-17 14:55,7880
2019-06-17 15:00,7957
2019-06-17 15:05,8034
2019-06-17 15:10,8047
2019-06-17 15:15,8066
2019-06-17 15:20,8141
2019-06-17 15:25,8179
2019-06-17 15:30,8321
2019-06-17 15:35,8326
2019-06-17 15:40,8398
2019-06-17 15:45,8536
2019-06-17 15:50,8607
2019-06-17 15:55,8646
2019-06-17 16:00,8694
2019-06-17 16:05,
2019-06-17 16:10,8818
2019-06-17 16:15,8941
2019-06-17 16:20,9037
2019-06-17 16:25,9113
2019-06-17 16:30,9209
2019-06-17 16:35,9307
2019-06-17 16:40,9403
2019-06-17 16:45,9542
2019-06-17 16:50,9659
2019-06-17 16:55,9779
2019-06-17 17:00,9858
2019-06-17 17:05,9992
2019-06-17 17:10,10107
2019-06-17 17:15,10214
2019-06-17 17:20,10343
2019-06-17 17:25,10443
2019-06-17 17:30,10528
2019-06-17 17:35,10599
2019-06-17 17:40,10704
2019-06-17 17:45,10746
2019-06-17 17:50,10856
2019-06-17 17:55,10973
2019-06-17 18:00,11037
2019-06-17 18:05,11137
2019-06-17 18:10,11182
2019-06-17 18:15,11305
2019-06-17 18:20,11339
2019-06-17 18:25,11332
2019-06-17 18:30,11388
2019-06-17 18:35,11440
2019-06-17 18:40,11513
2019-06-17 18:45,11606
2019-06-17 18:50,11694
2019-06-17 18:55,11782
2019-06-17 19:00,11833
2019-06-17 19:05,11888
2019-06-17 19:10,11956
2019-06-17 19:15,12053
2019-06-17 19:20,12134
2019-06-17 19:25,12145
2019-06-17 19:30,12184
2019-06-17 19:35,12272
2019-06-17 19:40,12296
2019-06-17 19:45,12323
2019-06-17 19:50,12364
2019-06-17 19:55,12392
2019-06-17 20:00,12317
2019-06-17 20:05,12304
2019-06-17 20:10,12261
2019-06-17 20:15,12257
2019-06-17 20:20,12261
2019-06-17 20:25,12305
2019-06-17 20:30,12218
2019-06-17 20:35,12218
2019-06-17 20:40,12124
2019-06-17 20:45,12102
2019-06-17 20:50,12076
2019-06-17 20:55,11975
2019-06-17 21:00,11936
2019-06-17 21:05,11880
2019-06-17 21:10,11792
2019-06-17 21:15,11703
2019-06-17 21:20,11611
2019-06-17 21:25,11588
2019-06-17 21:30,11469
2019-06-17 21:35,11453
2019-06-17 21:40,11406
2019-06-17 21:45,11278
2019-06-17 21:50,11225
2019-06-17 21:55,11169
2019-06-17 22:00,11086
2019-06-17 22:05,11093
2019-06-17 22:10,11042
2019-06-17 22:15,10881
2019-06-17 22:20,10799
2019-06-17 22:25,10737
2019-06-17 22:30,10719
2019-06-17 22:35,10649
2019-06-17 22:40,10595
2019-06-17 22:45,10545
2019-06-17 22:50,10448
2019-06-17 22:55,10394
2019-06-17 23:00,10290
2019-06-17 23:05,10237
2019-06-17 23:10,10221
2019-06-17 23:15,10141
2019-06-17 23:20,10061
2019-06-17 23:25,9991
2019-06-17 23:30,9963
2019-06-17 23:35,9895
2019-06-17 23:40,9907
2019-06-17 23:45,9950
2019-06-17 23:50,9899
2019-06-17 23:55,9898
2019-06-18 00:00,9874
2019-06-18 00:05,9888
2019-06-18 00:10,9856
2019-06-18 00:15,9811
2019-06-18 00:20,9763
2019-06-18 00:25,9760
2019-06-18 00:30,9706
2019-06-18 00:35,9645
2019-06-18 00:40,9619
2019-06-18 00:45,9666
2019-06-18 00:50,9703
2019-06-18 00:55,9700
2019-06-18 01:00,9685
2019-06-18 01:05,9699
2019-06-18 01:10,9721
2019-06-18 01:15,9719
2019-06-18 01:20,9710
2019-06-18 01:25,9758
2019-06-18 01:30,9773
2019-06-18 01:35,9744
2019-06-18 01:40,9778
2019-06-18 01:45,9752
2019-06-18 01:50,9732
2019-06-18 01:55,9743
2019-06-18 02:00,9783
2019-06-18 02:05,9798
2019-06-18 02:10,9864
2019-06-18 02:15,9839
2019-06-18 02:20,9771
2019-06-18 02:25,9710
2019-06-18 02:30,9746
2019-06-18 02:35,9756
2019-06-18 02:40,9682
2019-06-18 02:45,9640
2019-06-18 02:50,9594
2019-06-18 02:55,9555
2019-06-18 03:00,9470
2019-06-18 03:05,9463
2019-06-18 03:10,9428
2019-06-18 03:15,9394
2019-06-18 03:20,9282
2019-06-18 03:25,9131
2019-06-18 03:30,9046
2019-06-18 03:35,8903
2019-06-18 03:40,8858
2019-06-18 03:45,8762
2019-06-18 03:50,8623
2019-06-18 03:55,8568
2019-06-18 04:00,8467
2019-06-18 04:05,8337
2019-06-18 04:10,8153
2019-06-18 04:15,8066
2019-06-18 04:20,7912
2019-06-18 04:25,7834
2019-06-18 04:30,7693
2019-06-18 04:35,7653
2019-06-18 04:40,7579
2019-06-18 04:45,7450
2019-06-18 04:50,7404
2019-06-18 04:55,7324
2019-06-18 05:00,7225
2019-06-18 05:05,7115
2019-06-18 05:10,6980
2019-06-18 05:15,
2019-06-18 05:20,6659
2019-06-18 05:25,6558
2019-06-18 05:30,6401
2019-06-18 05:35,6294
2019-06-18 05:40,6189
2019-06-18 05:45,6090
2019-06-18 05:50,6007
2019-06-18 05:55,5883
2019-06-18 06:00,5798
2019-06-18 06:05,5671
2019-06-18 06:10,5562
2019-06-18 06:15,5486
2019-06-18 06:20,5402
2019-06-18 06:25,5347
2019-06-18 06:30,5267
2019-06-18 06:35,5183
2019-06-18 06:40,5141
2019-06-18 06:45,4990
2019-06-18 06:50,4889
2019-06-18 06:55,4811
2019-06-18 07:00,4768
2019-06-18 07:05,4673
2019-06-18 07:10,4650
2019-06-18 07:15,4578
2019-06-18 07:20,4517
2019-06-18 07:25,4500
2019-06-18 07:30,4453
2019-06-18 07:35,4392
2019-06-18 07:40,4346
2019-06-18 07:45,4310
2019-06-18 07:50,4295
2019-06-18 07:55,4262
2019-06-18 08:00,4248
2019-06-18 08:05,4267
2019-06-18 08:10,4253
2019-06-18 08:15,4260
2019-06-18 08:20,4245
2019-06-18 08:25,4256
2019-06-18 08:30,4272
2019-06-18 08:35,4247
2019-06-18 08:40,4253
2019-06-18 08:45,4255
2019-06-18 08:50,4270
2019-06-18 08:55,4256
2019-06-18 09:00,4288
2019-06-18 09:05,4310
2019-06-18 09:10,4305
2019-06-18 09:15,4365
2019-06-18 09:20,4384
2019-06-18 09:25,4398
2019-06-18 09:30,4469
2019-06-18 09:35,4474
2019-06-18 09:40,4516
2019-06-18 09:45,4564
2019-06-18 09:50,4617
2019-06-18 09:55,4654
2019-06-18 10:00,4669
2019-06-18 10:05,4698
2019-06-18 10:10,4691
2019-06-18 10:15,4749
2019-06-18 10:20,4748
2019-06-18 10:25,4736
2019-06-18 10:30,4758
2019-06-18 10:35,4783
2019-06-18 10:40,4840
2019-06-18 10:45,4879
2019-06-18 10:50,4880
2019-06-18 10:55,4904
2019-06-18 11:00,4922
2019-06-18 11:05,4929
2019-06-18 11:10,4973
2019-06-18 11:15,5011
2019-06-18 11:20,5089
2019-06-18 11:25,5159
2019-06-18 11:30,5159
2019-06-18 11:35,5197
2019-06-18 11:40,5261
2019-06-18 11:45,5309
2019-06-18 11:50,5308
2019-06-18 11:55,5319
2019-06-18 12:00,5365
2019-06-18 12:05,5407
2019-06-18 12:10,5459
2019-06-18 12:15,5523
2019-06-18 12:20,5572
2019-06-18 12:25,5614
2019-06-18 12:30,5688
2019-06-18 12:35,5766
2019-06-18 12:40,5852
2019-06-18 12:45,5929
2019-06-18 12:50,5966
2019-06-18 12:55,5999
2019-06-18 13:00,
2019-06-18 13:05,6134
2019-06-18 13:10,6178
2019-06-18 13:15,6252
2019-06-18 13:20,6349
2019-06-18 13:25,6445
2019-06-18 13:30,6492
2019-06-18 13:35,6618
2019-06-18 13:40,6702
2019-06-18 13:45,6789
2019-06-18 13:50,6876
2019-06-18 13:55,6935
2019-06-18 14:00,7046
2019-06-18 14:05,7073
2019-06-18 14:10,7126
2019-06-18 14:15,7171
2019-06-18 14:20,7209
2019-06-18 14:25,7287
2019-06-18 14:30,7364
2019-06-18 14:35,7369
2019-06-18 14:40,7449
2019-06-18 14:45,7548
2019-06-18 14:50,7672
2019-06-18 14:55,7740
2019-06-18 15:00,7817
2019-06-18 15:05,7849
2019-06-18 15:10,7919
2019-06-18 15:15,7910
2019-06-18 15:20,7958
2019-06-18 15:25,8082
2019-06-18 15:30,8135
2019-06-18 15:35,8149
2019-06-18 15:40,8234
2019-06-18 15:45,8321
2019-06-18 15:50,8388
2019-06-18 15:55,8443
2019-06-18 16:00,8499
2019-06-18 16:05,8556
2019-06-18 16:10,8631
2019-06-18 16:15,8725
2019-06-18 16:20,8779
2019-06-18 16:25,8838
2019-06-18 16:30,8988
2019-06-18 16:35,9061
2019-06-18 16:40,9174
2019-06-18 16:45,9277
2019-06-18 16:50,9355
2019-06-18 16:55,9439
2019-06-18 17:00,9502
2019-06-18 17:05,9502
2019-06-18 17:10,9608
2019-06-18 17:15,9705
2019-06-18 17:20,9797
2019-06-18 17:25,9846
2019-06-18 17:30,9894
2019-06-18 17:35,9960
2019-06-18 17:40,10071
2019-06-18 17:45,10100
2019-06-18 17:50,10180
2019-06-18 17:55,10272
2019-06-18 18:00,10385
2019-06-18 18:05,10483
2019-06-18 18:10,10570
2019-06-18 18:15,10690
2019-06-18 18:20,10817
2019-06-18 18:25,10923
2019-06-18 18:30,11034
2019-06-18 18:35,11170
2019-06-18 18:40,11284
2019-06-18 18:45,11293
2019-06-18 18:50,11358
2019-06-18 18:55,11502
2019-06-18 19:00,11561
2019-06-18 19:05,11596
2019-06-18 19:10,11658
2019-06-18 19:15,11698
2019-06-18 19:20,11740
2019-06-18 19:25,11731
2019-06-18 19:30,11764
2019-06-18 19:35,11771
2019-06-18 19:40,11809
2019-06-18 19:45,11823
2019-06-18 19:50,11854
2019-06-18 19:55,11800
2019-06-18 20:00,11790
2019-06-18 20:05,11801
2019-06-18 20:10,11782
2019-06-18 20:15,11789
2019-06-18 20:20,11381
2019-06-18 20:25,10531
2019-06-18 20:30,10351
2019-06-18 20:35,10309
2019-06-18 20:40,10483
2019-06-18 20:45,10670
2019-06-18 20:50,10680
2019-06-18 20:55,10705
2019-06-18 21:00,10669
2019-06-18 21:05,10734
2019-06-18 21:10,10748
2019-06-18 21:15,10712
2019-06-18 21:20,10705
2019-06-18 21:25,10703
2019-06-18 21:30,10678
2019-06-18 21:35,10682
2019-06-18 21:40,10615
2019-06-18 21:45,10647
2019-06-18 21:50,10617
2019-06-18 21:55,10589
2019-06-18 22:00,10535
2019-06-18 22:05,10469
2019-06-18 22:10,10392
2019-06-18 22:15,10324
2019-06-18 22:20,10321
2019-06-18 22:25,10277
2019-06-18 22:30,10221
2019-06-18 22:35,10130
2019-06-18 22:40,
2019-06-18 22:45,
2019-06-18 22:50,
2019-06-18 22:55,
2019-06-18 23:00,
2019-06-18 23:05,
2019-06-18 23:10,
2019-06-18 23:15,
2019-06-18 23:20,
2019-06-18 23:25,9884
2019-06-18 23:30,9819
2019-06-18 23:35,9790
2019-06-18 23:40,9783
2019-06-18 23:45,9783
2019-06-18 23:50,9776
2019-06-18 23:55,9749
2019-06-19 00:00,9700
2019-06-19 00:05,
2019-06-19 00:10,
2019-06-19 00:15,9712
2019-06-19 00:20,9673
2019-06-19 00:25,9664
2019-06-19 00:30,9588
2019-06-19 00:35,9578
2019-06-19 00:40,9608
2019-06-19 00:45,9594
2019-06-19 00:50,9589
2019-06-19 00:55,9565
2019-06-19 01:00,9528
2019-06-19 01:05,9513
2019-06-19 01:10,9528
2019-06-19 01:15,9503
2019-06-19 01:20,9550
2019-06-19 01:25,9573
2019-06-19 01:30,9637
2019-06-19 01:35,9730
2019-06-19 01:40,9691
2019-06-19 01:45,9689
2019-06-19 01:50,9728
2019-06-19 01:55,9752
2019-06-19 02:00,9741
2019-06-19 02:05,
2019-06-19 02:10,9721
2019-06-19 02:15,9696
2019-06-19 02:20,9721
2019-06-19 02:25,9672
2019-06-19 02:30,9611
2019-06-19 02:35,9633
2019-06-19 02:40,9555
2019-06-19 02:45,9521
2019-06-19 02:50,9461
2019-06-19 02:55,9390
2019-06-19 03:00,9390
2019-06-19 03:05,9276
2019-06-19 03:10,9195
2019-06-19 03:15,9051
2019-06-19 03:20,9005
2019-06-19 03:25,8917
2019-06-19 03:30,8909
2019-06-19 03:35,8839
2019-06-19 03:40,8793
2019-06-19 03:45,8707
2019-06-19 03:50,8619
2019-06-19 03:55,8521
2019-06-19 04:00,8442
2019-06-19 04:05,8324
2019-06-19 04:10,8201
2019-06-19 04:15,8026
2019-06-19 04:20,7917
2019-06-19 04:25,7840
2019-06-19 04:30,7744
2019-06-19 04:35,7611
2019-06-19 04:40,7538
2019-06-19 04:45,7441
2019-06-19 04:50,7302
2019-06-19 04:55,7201
2019-06-19 05:00,7120
2019-06-19 05:05,6992
2019-06-19 05:10,6854
2019-06-19 05:15,6691
2019-06-19 05:20,6536
2019-06-19 05:25,6442
2019-06-19 05:30,6362
2019-06-19 05:35,6243
2019-06-19 05:40,6165
2019-06-19 05:45,6045
2019-06-19 05:50,5978
2019-06-19 05:55,5882
2019-06-19 06:00,5791
2019-06-19 06:05,5705
2019-06-19 06:10,5632
2019-06-19 06:15,5533
2019-06-19 06:20,5460
2019-06-19 06:25,5405
2019-06-19 06:30,5302
2019-06-19 06:35,5244
2019-06-19 06:40,0
2019-06-19 06:45,5002
2019-06-19 06:50,4940
2019-06-19 06:55,4846
2019-06-19 07:00,4782
2019-06-19 07:05,4743
2019-06-19 07:10,4677
2019-06-19 07:15,4609
2019-06-19 07:20,4559
2019-06-19 07:25,4512
2019-06-19 07:30,4493
2019-06-19 07:35,4384
2019-06-19 07:40,4353
2019-06-19 07:45,4315
2019-06-19 07:50,4296
2019-06-19 07:55,4260
2019-06-19 08:00,4218
2019-06-19 08:05,4191
2019-06-19 08:10,4173
2019-06-19 08:15,4175
2019-06-19 08:20,4134
2019-06-19 08:25,4140
2019-06-19 08:30,4137
2019-06-19 08:35,4136
2019-06-19 08:40,4120
2019-06-19 08:45,4113
2019-06-19 08:50,4141
2019-06-19 08:55,4186
2019-06-19 09:00,4239
2019-06-19 09:05,4294
2019-06-19 09:10,4304
2019-06-19 09:15,4312
2019-06-19 09:20,4346
2019-06-19 09:25,4388
2019-06-19 09:30,4425
2019-06-19 09:35,4369
2019-06-19 09:40,4408
2019-06-19 09:45,4457
2019-06-19 09:50,4486
2019-06-19 09:55,4563
2019-06-19 10:00,4618
2019-06-19 10:05,4615
2019-06-19 10:10,4666
2019-06-19 10:15,4679
2019-06-19 10:20,4747
2019-06-19 10:25,4792
2019-06-19 10:30,4828
2019-06-19 10:35,4844
2019-06-19 10:40,4925
2019-06-19 10:45,4937
2019-06-19 10:50,5003
2019-06-19 10:55,5050
2019-06-19 11:00,5107
2019-06-19 11:05,5078
2019-06-19 11:10,5128
2019-06-19 11:15,5178
2019-06-19 11:20,5288
2019-06-19 11:25,5307
2019-06-19 11:30,5275
2019-06-19 11:35,5319
2019-06-19 11:40,5375
2019-06-19 11:45,5425
2019-06-19 11:50,5480
2019-06-19 11:55,5493
2019-06-19 12:00,5520
2019-06-19 12:05,5589
2019-06-19 12:10,5641
2019-06-19 12:15,5653
2019-06-19 12:20,5681
2019-06-19 12:25,5695
2019-06-19 12:30,5774
2019-06-19 12:35,5829
2019-06-19 12:40,5898
2019-06-19 12:45,5920
2019-06-19 12:50,5988
2019-06-19 12:55,6067
2019-06-19 13:00,6135
2019-06-19 13:05,6195
2019-06-19 13:10,6275
2019-06-19 13:15,6364
2019-06-19 13:20,6435
2019-06-19 13:25,6501
2019-06-19 13:30,6568
2019-06-19 13:35,6711
2019-06-19 13:40,6776
2019-06-19 13:45,6897
2019-06-19 13:50,6944
2019-06-19 13:55,7002
2019-06-19 14:00,7121
2019-06-19 14:05,7162
2019-06-19 14:10,7266
2019-06-19 14:15,7333
2019-06-19 14:20,7432
2019-06-19 14:25,7554
2019-06-19 14:30,7587
2019-06-19 14:35,7668
2019-06-19 14:40,7773
2019-06-19 14:45,7856
2019-06-19 14:50,7896
2019-06-19 14:55,7892
2019-06-19 15:00,7944
2019-06-19 15:05,7970
2019-06-19 15:10,8015
2019-06-19 15:15,8097
2019-06-19 15:20,8150
2019-06-19 15:25,8164
2019-06-19 15:30,8248
2019-06-19 15:35,8259
2019-06-19 15:40,8353
2019-06-19 15:45,8351
2019-06-19 15:50,8384
2019-06-19 15:55,8418
2019-06-19 16:00,8455
2019-06-19 16:05,8568
2019-06-19 16:10,8633
2019-06-19 16:15,8690
2019-06-19 16:20,8783
2019-06-19 16:25,8894
2019-06-19 16:30,9003
2019-06-19 16:35,9087
2019-06-19 16:40,9139
2019-06-19 16:45,9205
2019-06-19 16:50,9321
2019-06-19 16:55,9377
2019-06-19 17:00,9486
2019-06-19 17:05,9604
2019-06-19 17:10,9660
2019-06-19 17:15,9753
2019-06-19 17:20,9804
2019-06-19 17:25,9896
2019-06-19 17:30,10014
2019-06-19 17:35,10090
2019-06-19 17:40,10181
2019-06-19 17:45,10247
2019-06-19 17:50,10352
2019-06-19 17:55,10450
2019-06-19 18:00,10525
2019-06-19 18:05,10669
2019-06-19 18:10,10811
2019-06-19 18:15,10884
2019-06-19 18:20,10932
2019-06-19 18:25,11047
2019-06-19 18:30,11153
2019-06-19 18:35,11253
2019-06-19 18:40,11274
2019-06-19 18:45,11322
2019-06-19 18:50,11376
2019-06-19 18:55,11519
2019-06-19 19:00,11560
2019-06-19 19:05,11545
2019-06-19 19:10,
2019-06-19 19:15,
2019-06-19 19:20,
2019-06-19 19:25,11601
2019-06-19 19:30,11663
2019-06-19 19:35,11712
2019-06-19 19:40,11715
2019-06-19 19:45,11751
2019-06-19 19:50,11764
2019-06-19 19:55,11780
2019-06-19 20:00,11901
2019-06-19 20:05,11929
2019-06-19 20:10,11933
2019-06-19 20:15,11893
2019-06-19 20:20,11959
2019-06-19 20:25,11972
2019-06-19 20:30,11975
2019-06-19 20:35,11783
2019-06-19 20:40,11786
2019-06-19 20:45,11725
2019-06-19 20:50,11703
2019-06-19 20:55,11702
2019-06-19 21:00,11653
2019-06-19 21:05,11712
2019-06-19 21:10,11706
2019-06-19 21:15,11582
2019-06-19 21:20,11584
2019-06-19 21:25,11535
2019-06-19 21:30,11492
2019-06-19 21:35,11430
2019-06-19 21:40,11344
2019-06-19 21:45,11248
2019-06-19 21:50,11131
2019-06-19 21:55,11053
2019-06-19 22:00,11077
2019-06-19 22:05,11055
2019-06-19 22:10,10918
2019-06-19 22:15,10821
2019-06-19 22:20,10747
2019-06-19 22:25,10701
2019-06-19 22:30,10514
2019-06-19 22:35,10442
2019-06-19 22:40,10328
2019-06-19 22:45,10273
2019-06-19 22:50,10154
2019-06-19 22:55,10161
2019-06-19 23:00,10127
2019-06-19 23:05,10101
2019-06-19 23:10,10056
2019-06-19 23:15,10001
2019-06-19 23:20,9961
2019-06-19 23:25,9965
2019-06-19 23:30,9890
2019-06-19 23:35,9895
2019-06-19 23:40,9885
2019-06-19 23:45,9846
2019-06-19 23:50,9854
2019-06-19 23:55,9803
2019-06-20 00:00,9735
2019-06-20 00:05,9718
2019-06-20 00:10,9705
2019-06-20 00:15,9688
2019-06-20 00:20,9686
2019-06-20 00:25,9613
2019-06-20 00:30,9622
2019-06-20 00:35,9553
2019-06-20 00:40,9633
2019-06-20 00:45,9655
2019-06-20 00:50,9710
2019-06-20 00:55,9690
2019-06-20 01:00,9683
2019-06-20 01:05,9662
2019-06-20 01:10,9646
2019-06-20 01:15,9629
2019-06-20 01:20,9688
2019-06-20 01:25,9726
2019-06-20 01:30,9708
2019-06-20 01:35,9737
2019-06-20 01:40,9720
2019-06-20 01:45,9753
2019-06-20 01:50,9790
2019-06-20 01:55,9794
2019-06-20 02:00,9759
2019-06-20 02:05,9778
2019-06-20 02:10,9782
2019-06-20 02:15,9727
2019-06-20 02:20,9754
2019-06-20 02:25,9756
2019-06-20 02:30,9725
2019-06-20 02:35,9781
2019-06-20 02:40,9847
2019-06-20 02:45,9811
2019-06-20 02:50,9750
2019-06-20 02:55,9701
2019-06-20 03:00,9653
2019-06-20 03:05,9545
2019-06-20 03:10,9486
2019-06-20 03:15,9382
2019-06-20 03:20,9388
2019-06-20 03:25,9327
2019-06-20 03:30,9229
2019-06-20 03:35,9198
2019-06-20 03:40,9101
2019-06-20 03:45,9020
2019-06-20 03:50,8963
2019-06-20 03:55,8892
2019-06-20 04:00,8803
2019-06-20 04:05,8729
2019-06-20 04:10,8606
2019-06-20 04:15,8469
2019-06-20 04:20,8387
2019-06-20 04:25,8293
2019-06-20 04:30,8198
2019-06-20 04:35,8103
2019-06-20 04:40,7983
2019-06-20 04:45,7907
2019-06-20 04:50,7837
2019-06-20 04:55,7676
2019-06-20 05:00,7575
2019-06-20 05:05,7459
2019-06-20 05:10,7305
2019-06-20 05:15,7172
2019-06-20 05:20,7054
2019-06-20 05:25,6977
2019-06-20 05:30,6882
2019-06-20 05:35,6742
2019-06-20 05:40,6696
2019-06-20 05:45,6580
2019-06-20 05:50,6447
2019-06-20 05:55,6309
2019-06-20 06:00,6228
2019-06-20 06:05,6106
2019-06-20 06:10,6021
2019-06-20 06:15,5905
2019-06-20 06:20,5854
2019-06-20 06:25,5765
2019-06-20 06:30,5708
2019-06-20 06:35,5639
2019-06-20 06:40,5486
2019-06-20 06:45,5379
2019-06-20 06:50,5314
2019-06-20 06:55,5258
2019-06-20 07:00,5189
2019-06-20 07:05,5106
2019-06-20 07:10,5011
2019-06-20 07:15,4956
2019-06-20 07:20,4865
2019-06-20 07:25,4836
2019-06-20 07:30,4782
2019-06-20 07:35,4706
2019-06-20 07:40,4664
2019-06-20 07:45,4678
2019-06-20 07:50,4686
2019-06-20 07:55,4619
2019-06-20 08:00,4613
2019-06-20 08:05,4586
2019-06-20 08:10,4540
2019-06-20 08:15,4574
2019-06-20 08:20,4576
2019-06-20 08:25,4544
2019-06-20 08:30,4525
2019-06-20 08:35,4513
2019-06-20 08:40,4496
2019-06-20 08:45,4559
2019-06-20 08:50,4510
2019-06-20 08:55,4526
2019-06-20 09:00,4547
2019-06-20 09:05,4636
2019-06-20 09:10,4671
2019-06-20 09:15,4704
2019-06-20 09:20,4717
2019-06-20 09:25,4761
2019-06-20 09:30,4772
2019-06-20 09:35,4792
2019-06-20 09:40,4857
2019-06-20 09:45,4892
2019-06-20 09:50,4923
2019-06-20 09:55,4955
2019-06-20 10:00,4999
2019-06-20 10:05,5043
2019-06-20 10:10,5030
2019-06-20 10:15,5051
2019-06-20 10:20,5039
2019-06-20 10:25,5065
2019-06-20 10:30,5123
2019-06-20 10:35,5169
2019-06-20 10:40,5184
2019-06-20 10:45,5243
2019-06-20 10:50,5263
2019-06-20 10:55,4989
2019-06-20 11:00,4962
2019-06-20 11:05,4979
2019-06-20 11:10,5050
2019-06-20 11:15,5140
2019-06-20 11:20,5187
2019-06-20 11:25,5265
2019-06-20 11:30,5363
2019-06-20 11:35,5483
2019-06-20 11:40,5529
2019-06-20 11:45,5570
2019-06-20 11:50,5597
2019-06-20 11:55,5694
2019-06-20 12:00,5760
2019-06-20 12:05,5834
2019-06-20 12:10,5913
2019-06-20 12:15,5958
2019-06-20 12:20,6006
2019-06-20 12:25,6113
2019-06-20 12:30,6154
2019-06-20 12:35,6198
2019-06-20 12:40,6225
2019-06-20 12:45,6301
2019-06-20 12:50,6402
2019-06-20 12:55,6527
2019-06-20 13:00,6613
2019-06-20 13:05,6685
2019-06-20 13:10,6791
2019-06-20 13:15,6917
2019-06-20 13:20,7018
2019-06-20 13:25,7082
2019-06-20 13:30,7186
2019-06-20 13:35,7260
2019-06-20 13:40,7357
2019-06-20 13:45,7398
2019-06-20 13:50,7454
2019-06-20 13:55,7538
2019-06-20 14:00,7626
2019-06-20 14:05,7712
2019-06-20 14:10,7795
2019-06-20 14:15,7891
2019-06-20 14:20,7921
2019-06-20 14:25,8008
2019-06-20 14:30,8095
2019-06-20 14:35,8164
2019-06-20 14:40,8279
2019-06-20 14:45,8397
2019-06-20 14:50,8495
2019-06-20 14:55,8552
2019-06-20 15:00,8614
2019-06-20 15:05,8641
2019-06-20 15:10,8674
2019-06-20 15:15,8723
2019-06-20 15:20,8813
2019-06-20 15:25,8816
2019-06-20 15:30,8915
2019-06-20 15:35,9004
2019-06-20 15:40,9074
2019-06-20 15:45,9140
2019-06-20 15:50,9179
2019-06-20 15:55,9228
2019-06-20 16:00,9252
2019-06-20 16:05,9302
2019-06-20 16:10,9362
2019-06-20 16:15,9387
2019-06-20 16:20,9489
2019-06-20 16:25,9650
2019-06-20 16:30,9693
2019-06-20 16:35,9743
2019-06-20 16:40,9835
2019-06-20 16:45,9933
2019-06-20 16:50,10008
2019-06-20 16:55,10071
2019-06-20 17:00,10179
2019-06-20 17:05,10259
2019-06-20 17:10,10327
2019-06-20 17:15,10396
2019-06-20 17:20,10511
2019-06-20 17:25,10569
2019-06-20 17:30,10674
2019-06-20 17:35,10734
2019-06-20 17:40,10849
2019-06-20 17:45,10957
2019-06-20 17:50,11075
2019-06-20 17:55,11212
2019-06-20 18:00,
2019-06-20 18:05,11396
2019-06-20 18:10,11490
2019-06-20 18:15,11569
2019-06-20 18:20,11699
2019-06-20 18:25,11781
2019-06-20 18:30,11904
2019-06-20 18:35,11970
2019-06-20 18:40,12049
2019-06-20 18:45,12176
2019-06-20 18:50,12259
2019-06-20 18:55,12241
2019-06-20 19:00,12242
2019-06-20 19:05,12290
2019-06-20 19:10,12362
2019-06-20 19:15,12387
2019-06-20 19:20,12417
2019-06-20 19:25,12449
2019-06-20 19:30,12458
2019-06-20 19:35,12473
2019-06-20 19:40,12543
2019-06-20 19:45,12634
2019-06-20 19:50,12727
2019-06-20 19:55,12703
2019-06-20 20:00,12686
2019-06-20 20:05,12650
2019-06-20 20:10,12590
2019-06-20 20:15,12592
2019-06-20 20:20,12554
2019-06-20 20:25,12615
2019-06-20 20:30,12602
2019-06-20 20:35,12597
2019-06-20 20:40,12525
2019-06-20 20:45,12499
2019-06-20 20:50,12460
2019-06-20 20:55,12400
2019-06-20 21:00,12361
2019-06-20 21:05,12304
2019-06-20 21:10,12308
2019-06-20 21:15,12232
2019-06-20 21:20,12150
2019-06-20 21:25,12059
2019-06-20 21:30,11907
2019-06-20 21:35,11886
2019-06-20 21:40,11810
2019-06-20 21:45,11728
2019-06-20 21:50,11655
2019-06-20 21:55,11642
2019-06-20 22:00,11576
2019-06-20 22:05,11507
2019-06-20 22:10,11390
2019-06-20 22:15,11292
2019-06-20 22:20,11173
2019-06-20 22:25,11043
2019-06-20 22:30,10921
2019-06-20 22:35,10888
2019-06-20 22:40,10789
2019-06-20 22:45,10661
2019-06-20 22:50,10622
2019-06-20 22:55,10519
2019-06-20 23:00,10418
2019-06-20 23:05,10274
2019-06-20 23:10,
2019-06-20 23:15,10218
2019-06-20 23:20,10150
2019-06-20 23:25,10063
2019-06-20 23:30,10040
2019-06-20 23:35,10013
2019-06-20 23:40,9916
2019-06-20 23:45,9939
2019-06-20 23:50,9914
2019-06-20 23:55,9879
2019-06-21 00:00,9870
2019-06-21 00:05,9843
2019-06-21 00:10,9862
2019-06-21 00:15,9840
2019-06-21 00:20,9802
2019-06-21 00:25,9769
2019-06-21 00:30,9742
2019-06-21 00:35,9784
2019-06-21 00:40,9751
2019-06-21 00:45,9843
2019-06-21 00:50,9842
2019-06-21 00:55,9801
2019-06-21 01:00,9781
2019-06-21 01:05,9773
2019-06-21 01:10,9728
2019-06-21 01:15,9711
2019-06-21 01:20,9761
2019-06-21 01:25,9735
2019-06-21 01:30,9693
2019-06-21 01:35,9706
2019-06-21 01:40,9768
2019-06-21 01:45,9827
2019-06-21 01:50,9866
2019-06-21 01:55,9884
2019-06-21 02:00,9854
2019-06-21 02:05,9824
2019-06-21 02:10,9814
2019-06-21 02:15,9800
2019-06-21 02:20,9772
2019-06-21 02:25,9703
2019-06-21 02:30,9689
2019-06-21 02:35,9647
2019-06-21 02:40,9664
2019-06-21 02:45,9656
2019-06-21 02:50,9555
2019-06-21 02:55,9508
2019-06-21 03:00,9472
2019-06-21 03:05,9401
2019-06-21 03:10,9330
2019-06-21 03:15,9264
2019-06-21 03:20,9198
2019-06-21 03:25,9192
2019-06-21 03:30,9130
2019-06-21 03:35,9047
2019-06-21 03:40,9010
2019-06-21 03:45,8976
2019-06-21 03:50,8864
2019-06-21 03:55,8790
2019-06-21 04:00,8703
2019-06-21 04:05,8636
2019-06-21 04:10,8501
2019-06-21 04:15,8401
2019-06-21 04:20,8267
2019-06-21 04:25,8179
2019-06-21 04:30,8095
2019-06-21 04:35,7916
2019-06-21 04:40,7823
2019-06-21 04:45,7704
2019-06-21 04:50,7566
2019-06-21 04:55,7456
2019-06-21 05:00,7363
2019-06-21 05:05,7232
2019-06-21 05:10,7077
2019-06-21 05:15,6929
2019-06-21 05:20,6815
2019-06-21 05:25,6682
2019-06-21 05:30,6553
2019-06-21 05:35,6473
2019-06-21 05:40,6387
2019-06-21 05:45,6307
2019-06-21 05:50,6253
2019-06-21 05:55,6132
2019-06-21 06:00,6002
2019-06-21 06:05,5917
2019-06-21 06:10,5836
2019-06-21 06:15,5757
2019-06-21 06:20,5640
2019-06-21 06:25,5571
2019-06-21 06:30,5504
2019-06-21 06:35,5407
2019-06-21 06:40,5274
2019-06-21 06:45,5210
2019-06-21 06:50,5163
2019-06-21 06:55,5100
2019-06-21 07:00,4980
2019-06-21 07:05,4915
2019-06-21 07:10,4873
2019-06-21 07:15,4820
2019-06-21 07:20,4782
2019-06-21 07:25,4728
2019-06-21 07:30,4610
2019-06-21 07:35,4569
2019-06-21 07:40,4518
2019-06-21 07:45,4476
2019-06-21 07:50,4418
2019-06-21 07:55,4426
2019-06-21 08:00,4443
2019-06-21 08:05,4430
2019-06-21 08:10,4442
2019-06-21 08:15,4421
2019-06-21 08:20,4344
2019-06-21 08:25,4347
2019-06-21 08:30,4361
2019-06-21 08:35,4366
2019-06-21 08:40,4304
2019-06-21 08:45,4285
2019-06-21 08:50,4321
2019-06-21 08:55,4340
2019-06-21 09:00,4351
2019-06-21 09:05,4380
2019-06-21 09:10,4468
2019-06-21 09:15,4513
2019-06-21 09:20,4550
2019-06-21 09:25,4556
2019-06-21 09:30,4575
2019-06-21 09:35,4570
2019-06-21 09:40,4634
2019-06-21 09:45,4632
2019-06-21 09:50,4672
2019-06-21 09:55,4672
2019-06-21 10:00,4650
2019-06-21 10:05,4648
2019-06-21 10:10,4679
2019-06-21 10:15,4748
2019-06-21 10:20,4746
2019-06-21 10:25,4782
2019-06-21 10:30,4841
2019-06-21 10:35,4914
2019-06-21 10:40,4969
2019-06-21 10:45,5023
2019-06-21 10:50,5047
2019-06-21 10:55,5091
2019-06-21 11:00,5127
2019-06-21 11:05,5205
2019-06-21 11:10,5279
2019-06-21 11:15,5336
2019-06-21 11:20,5387
2019-06-21 11:25,5384
2019-06-21 11:30,5424
2019-06-21 11:35,5461
2019-06-21 11:40,5541
2019-06-21 11:45,5586
2019-06-21 11:50,5642
2019-06-21 11:55,5674
2019-06-21 12:00,5685
2019-06-21 12:05,5731
2019-06-21 12:10,5772
2019-06-21 12:15,5825
2019-06-21 12:20,5847
2019-06-21 12:25,5920
2019-06-21 12:30,5965
2019-06-21 12:35,6047
2019-06-21 12:40,6118
2019-06-21 12:45,6185
2019-06-21 12:50,6323
2019-06-21 12:55,6434
2019-06-21 13:00,6457
2019-06-21 13:05,6544
2019-06-21 13:10,6641
2019-06-21 13:15,6742
2019-06-21 13:20,6799
2019-06-21 13:25,6843
2019-06-21 13:30,6898
2019-06-21 13:35,7028
2019-06-21 13:40,7109
2019-06-21 13:45,7184
2019-06-21 13:50,7259
2019-06-21 13:55,7315
2019-06-21 14:00,7351
2019-06-21 14:05,7455
2019-06-21 14:10,7515
2019-06-21 14:15,7655
2019-06-21 14:20,7706
2019-06-21 14:25,7755
2019-06-21 14:30,7779
2019-06-21 14:35,7838
2019-06-21 14:40,7870
2019-06-21 14:45,7923
2019-06-21 14:50,8010
2019-06-21 14:55,8091
2019-06-21 15:00,8154
2019-06-21 15:05,8227
2019-06-21 15:10,8271
2019-06-21 15:15,8353
2019-06-21 15:20,8384
2019-06-21 15:25,8401
2019-06-21 15:30,8477
2019-06-21 15:35,8570
2019-06-21 15:40,8597
2019-06-21 15:45,8602
2019-06-21 15:50,8668
2019-06-21 15:55,8685
2019-06-21 16:00,8686
2019-06-21 16:05,8719
2019-06-21 16:10,8759
2019-06-21 16:15,8774
2019-06-21 16:20,8798
2019-06-21 16:25,8867
2019-06-21 16:30,8929
2019-06-21 16:35,
2019-06-21 16:40,9131
2019-06-21 16:45,9248
2019-06-21 16:50,9271
2019-06-21 16:55,9279
2019-06-21 17:00,9371
2019-06-21 17:05,9431
2019-06-21 17:10,9521
2019-06-21 17:15,9645
2019-06-21 17:20,9749
2019-06-21 17:25,9804
2019-06-21 17:30,9879
2019-06-21 17:35,9867
2019-06-21 17:40,9942
2019-06-21 17:45,9996
2019-06-21 17:50,10051
2019-06-21 17:55,10131
2019-06-21 18:00,10177
2019-06-21 18:05,10246
2019-06-21 18:10,10332
2019-06-21 18:15,10406
2019-06-21 18:20,10449
2019-06-21 18:25,10437
2019-06-21 18:30,10560
2019-06-21 18:35,10619
2019-06-21 18:40,10709
2019-06-21 18:45,10821
2019-06-21 18:50,10932
2019-06-21 18:55,10952
2019-06-21 19:00,10982
2019-06-21 19:05,11066
2019-06-21 19:10,11121
2019-06-21 19:15,11200
2019-06-21 19:20,11283
2019-06-21 19:25,11403
2019-06-21 19:30,11482
2019-06-21 19:35,11548
2019-06-21 19:40,11562
2019-06-21 19:45,11596
2019-06-21 19:50,11629
2019-06-21 19:55,11641
2019-06-21 20:00,11690
2019-06-21 20:05,11752
2019-06-21 20:10,11727
2019-06-21 20:15,11761
2019-06-21 20:20,11759
2019-06-21 20:25,11831
2019-06-21 20:30,11797
2019-06-21 20:35,11765
2019-06-21 20:40,11775
2019-06-21 20:45,11727
2019-06-21 20:50,11718
2019-06-21 20:55,11712
2019-06-21 21:00,11655
2019-06-21 21:05,11587
2019-06-21 21:10,11643
2019-06-21 21:15,11651
2019-06-21 21:20,11610
2019-06-21 21:25,11586
2019-06-21 21:30,11560
2019-06-21 21:35,11466
2019-06-21 21:40,11392
2019-06-21 21:45,11395
2019-06-21 21:50,11389
2019-06-21 21:55,11282
2019-06-21 22:00,11279
2019-06-21 22:05,11215
2019-06-21 22:10,11182
2019-06-21 22:15,11028
2019-06-21 22:20,10899
2019-06-21 22:25,10874
2019-06-21 22:30,10788
2019-06-21 22:35,10749
2019-06-21 22:40,10630
2019-06-21 22:45,10533
2019-06-21 22:50,10543
2019-06-21 22:55,0
2019-06-21 23:00,10439
2019-06-21 23:05,10355
2019-06-21 23:10,10254
2019-06-21 23:15,10126
2019-06-21 23:20,10049
2019-06-21 23:25,10052
2019-06-21 23:30,10020
2019-06-21 23:35,9947
2019-06-21 23:40,9952
2019-06-21 23:45,9862
2019-06-21 23:50,9795
2019-06-21 23:55,9731
2019-06-22 00:00,9667
2019-06-22 00:05,9577
2019-06-22 00:10,9527
2019-06-22 00:15,9435
2019-06-22 00:20,9415
2019-06-22 00:25,9402
2019-06-22 00:30,9350
2019-06-22 00:35,9395
2019-06-22 00:40,9350
2019-06-22 00:45,9394
2019-06-22 00:50,9313
2019-06-22 00:55,9318
2019-06-22 01:00,9374
2019-06-22 01:05,9428
2019-06-22 01:10,9450
2019-06-22 01:15,9495
2019-06-22 01:20,9539
2019-06-22 01:25,9609
2019-06-22 01:30,9643
2019-06-22 01:35,9637
2019-06-22 01:40,9684
2019-06-22 01:45,9726
2019-06-22 01:50,9722
2019-06-22 01:55,9740
2019-06-22 02:00,9734
2019-06-22 02:05,9713
2019-06-22 02:10,9745
2019-06-22 02:15,9806
2019-06-22 02:20,9804
2019-06-22 02:25,9833
2019-06-22 02:30,9862
2019-06-22 02:35,9833
2019-06-22 02:40,9838
2019-06-22 02:45,9861
2019-06-22 02:50,9859
2019-06-22 02:55,9869
2019-06-22 03:00,9776
2019-06-22 03:05,9797
2019-06-22 03:10,9816
2019-06-22 03:15,9758
2019-06-22 03:20,9741
2019-06-22 03:25,9721
2019-06-22 03:30,9680
2019-06-22 03:35,9620
2019-06-22 03:40,9587
2019-06-22 03:45,9549
2019-06-22 03:50,9473
2019-06-22 03:55,9396
2019-06-22 04:00,9329
2019-06-22 04:05,9300
2019-06-22 04:10,9283
2019-06-22 04:15,9140
2019-06-22 04:20,9036
2019-06-22 04:25,8944
2019-06-22 04:30,8820
2019-06-22 04:35,8736
2019-06-22 04:40,8635
2019-06-22 04:45,8510
2019-06-22 04:50,8394
2019-06-22 04:55,8237
2019-06-22 05:00,8094
2019-06-22 05:05,7978
2019-06-22 05:10,7847
2019-06-22 05:15,7766
2019-06-22 05:20,7674
2019-06-22 05:25,7580
2019-06-22 05:30,7522
2019-06-22 05:35,7455
2019-06-22 05:40,7294
2019-06-22 05:45,7234
2019-06-22 05:50,7186
2019-06-22 05:55,7064
2019-06-22 06:00,6917
2019-06-22 06:05,
2019-06-22 06:10,
2019-06-22 06:15,6638
2019-06-22 06:20,6574
2019-06-22 06:25,6435
2019-06-22 06:30,6373
2019-06-22 06:35,6288
2019-06-22 06:40,6148
2019-06-22 06:45,6093
2019-06-22 06:50,6035
2019-06-22 06:55,5982
2019-06-22 07:00,5901
2019-06-22 07:05,5836
2019-06-22 07:10,5773
2019-06-22 07:15,5704
2019-06-22 07:20,5647
2019-06-22 07:25,5558
2019-06-22 07:30,5551
2019-06-22 07:35,5529
2019-06-22 07:40,5484
2019-06-22 07:45,5396
2019-06-22 07:50,5339
2019-06-22 07:55,5299
2019-06-22 08:00,5271
2019-06-22 08:05,5271
2019-06-22 08:10,5247
2019-06-22 08:15,5232
2019-06-22 08:20,5242
2019-06-22 08:25,5237
2019-06-22 08:30,5206
2019-06-22 08:35,5208
2019-06-22 08:40,5219
2019-06-22 08:45,5251
2019-06-22 08:50,5249
2019-06-22 08:55,5271
2019-06-22 09:00,5338
2019-06-22 09:05,5370
2019-06-22 09:10,5335
2019-06-22 09:15,5359
2019-06-22 09:20,5374
2019-06-22 09:25,5406
2019-06-22 09:30,5418
2019-06-22 09:35,5466
2019-06-22 09:40,5483
2019-06-22 09:45,5537
2019-06-22 09:50,5552
2019-06-22 09:55,5576
2019-06-22 10:00,5632
2019-06-22 10:05,5643
2019-06-22 10:10,5675
2019-06-22 10:15,5688
2019-06-22 10:20,5788
2019-06-22 10:25,5770
2019-06-22 10:30,5761
2019-06-22 10:35,5760
2019-06-22 10:40,5822
2019-06-22 10:45,5858
2019-06-22 10:50,5913
2019-06-22 10:55,5972
2019-06-22 11:00,5974
2019-06-22 11:05,5995
2019-06-22 11:10,6072
2019-06-22 11:15,6158
2019-06-22 11:20,6214
2019-06-22 11:25,6265
2019-06-22 11:30,6309
2019-06-22 11:35,6350
2019-06-22 11:40,6386
2019-06-22 11:45,6492
2019-06-22 11:50,6525
2019-06-22 11:55,6555
2019-06-22 12:00,6575
2019-06-22 12:05,6627
2019-06-22 12:10,6655
2019-06-22 12:15,6659
2019-06-22 12:20,6749
2019-06-22 12:25,6873
2019-06-22 12:30,6969
2019-06-22 12:35,7021
2019-06-22 12:40,7078
2019-06-22 12:45,7176
2019-06-22 12:50,7214
2019-06-22 12:55,7223
2019-06-22 13:00,7289
2019-06-22 13:05,7347
2019-06-22 13:10,7456
2019-06-22 13:15,7507
2019-06-22 13:20,7553
2019-06-22 13:25,7688
2019-06-22 13:30,7743
2019-06-22 13:35,7796
2019-06-22 13:40,7810
2019-06-22 13:45,7902
2019-06-22 13:50,8014
2019-06-22 13:55,8082
2019-06-22 14:00,8153
2019-06-22 14:05,8227
2019-06-22 14:10,8329
2019-06-22 14:15,8411
2019-06-22 14:20,8488
2019-06-22 14:25,8551
2019-06-22 14:30,8598
2019-06-22 14:35,8659
2019-06-22 14:40,8744
2019-06-22 14:45,8785
2019-06-22 14:50,8815
2019-06-22 14:55,8859
2019-06-22 15:00,8886
2019-06-22 15:05,8955
2019-06-22 15:10,9080
2019-06-22 15:15,9111
2019-06-22 15:20,9199
2019-06-22 15:25,
2019-06-22 15:30,9359
2019-06-22 15:35,9340
2019-06-22 15:40,9384
2019-06-22 15:45,9443
2019-06-22 15:50,9504
2019-06-22 15:55,9575
2019-06-22 16:00,9608
2019-06-22 16:05,9658
2019-06-22 16:10,9743
2019-06-22 16:15,9776
2019-06-22 16:20,9809
2019-06-22 16:25,9811
2019-06-22 16:30,9828
2019-06-22 16:35,9880
2019-06-22 16:40,9971
2019-06-22 16:45,10001
2019-06-22 16:50,10046
2019-06-22 16:55,10068
2019-06-22 17:00,10124
2019-06-22 17:05,10183
2019-06-22 17:10,10254
2019-06-22 17:15,10301
2019-06-22 17:20,10332
2019-06-22 17:25,10415
2019-06-22 17:30,10493
2019-06-22 17:35,10575
2019-06-22 17:40,10621
2019-06-22 17:45,10717
2019-06-22 17:50,10844
2019-06-22 17:55,10924
2019-06-22 18:00,10964
2019-06-22 18:05,11048
2019-06-22 18:10,11048
2019-06-22 18:15,11134
2019-06-22 18:20,11233
2019-06-22 18:25,11379
2019-06-22 18:30,11344
2019-06-22 18:35,11361
2019-06-22 18:40,11403
2019-06-22 18:45,11474
2019-06-22 18:50,11443
2019-06-22 18:55,11495
2019-06-22 19:00,11612
2019-06-22 19:05,11649
2019-06-22 19:10,11695
2019-06-22 19:15,11765
2019-06-22 19:20,11790
2019-06-22 19:25,11863
2019-06-22 19:30,11914
2019-06-22 19:35,11932
2019-06-22 19:40,11969
2019-06-22 19:45,12010
2019-06-22 19:50,12099
2019-06-22 19:55,12177
2019-06-22 20:00,12220
2019-06-22 20:05,12220
2019-06-22 20:10,12352
2019-06-22 20:15,12371
2019-06-22 20:20,12371
2019-06-22 20:25,12355
2019-06-22 20:30,12328
2019-06-22 20:35,12384
2019-06-22 20:40,12374
2019-06-22 20:45,12379
2019-06-22 20:50,12322
2019-06-22 20:55,12302
2019-06-22 21:00,12278
2019-06-22 21:05,12278
2019-06-22 21:10,12249
2019-06-22 21:15,12197
2019-06-22 21:20,12252
2019-06-22 21:25,12159
2019-06-22 21:30,12186
2019-06-22 21:35,12147
2019-06-22 21:40,12176
2019-06-22 21:45,12163
2019-06-22 21:50,12085
2019-06-22 21:55,12058
2019-06-22 22:00,11854
2019-06-22 22:05,11799
2019-06-22 22:10,11742
2019-06-22 22:15,11712
2019-06-22 22:20,11621
2019-06-22 22:25,11549
2019-06-22 22:30,11432
2019-06-22 22:35,11428
2019-06-22 22:40,11328
2019-06-22 22:45,11202
2019-06-22 22:50,11147
2019-06-22 22:55,10997
2019-06-22 23:00,10924
2019-06-22 23:05,10924
2019-06-22 23:10,10712
2019-06-22 23:15,10677
2019-06-22 23:20,10612
2019-06-22 23:25,10455
2019-06-22 23:30,10340
2019-06-22 23:35,10257
2019-06-22 23:40,10123
2019-06-22 23:45,10023
2019-06-22 23:50,9890
2019-06-22 23:55,9909
2019-06-23 00:00,9837
2019-06-23 00:05,9770
2019-06-23 00:10,9708
2019-06-23 00:15,9699
2019-06-23 00:20,9595
2019-06-23 00:25,9559
2019-06-23 00:30,9525
2019-06-23 00:35,9473
2019-06-23 00:40,9471
2019-06-23 00:45,9508
2019-06-23 00:50,9520
2019-06-23 00:55,9513
2019-06-23 01:00,9529
2019-06-23 01:05,9529
2019-06-23 01:10,9533
2019-06-23 01:15,9551
2019-06-23 01:20,9491
2019-06-23 01:25,9491
2019-06-23 01:30,9485
2019-06-23 01:35,9484
2019-06-23 01:40,9479
2019-06-23 01:45,9446
2019-06-23 01:50,9427
2019-06-23 01:55,9433
2019-06-23 02:00,9424
2019-06-23 02:05,9424
2019-06-23 02:10,9434
2019-06-23 02:15,9498
2019-06-23 02:20,9525
2019-06-23 02:25,9556
2019-06-23 02:30,9580
2019-06-23 02:35,9580
2019-06-23 02:40,9597
2019-06-23 02:45,9585
2019-06-23 02:50,9589
2019-06-23 02:55,9559
2019-06-23 03:00,9531
2019-06-23 03:05,9531
2019-06-23 03:10,9484
2019-06-23 03:15,9388
2019-06-23 03:20,9388
2019-06-23 03:25,9319
2019-06-23 03:30,9259
2019-06-23 03:35,9246
2019-06-23 03:40,9246
2019-06-23 03:45,9206
2019-06-23 03:50,9054
2019-06-23 03:55,9054
2019-06-23 04:00,8969
2019-06-23 04:05,8969
2019-06-23 04:10,8939
2019-06-23 04:15,8853
2019-06-23 04:20,8792
2019-06-23 04:25,8771
2019-06-23 04:30,8748
2019-06-23 04:35,8748
2019-06-23 04:40,8649
2019-06-23 04:45,8579
2019-06-23 04:50,8548
2019-06-23 04:55,8409
2019-06-23 05:00,8352
2019-06-23 05:05,8216
2019-06-23 05:10,8157
2019-06-23 05:15,8016
2019-06-23 05:20,7898
2019-06-23 05:25,7846
2019-06-23 05:30,7732
2019-06-23 05:35,7706
2019-06-23 05:40,7639
2019-06-23 05:45,7556
2019-06-23 05:50,7556
2019-06-23 05:55,7329
2019-06-23 06:00,7232
2019-06-23 06:05,7232
2019-06-23 06:10,7065
2019-06-23 06:15,6999
2019-06-23 06:20,6850
2019-06-23 06:25,6725
2019-06-23 06:30,6638
2019-06-23 06:35,6529
2019-06-23 06:40,6529
2019-06-23 06:45,6453
2019-06-23 06:50,6402
2019-06-23 06:55,6292
2019-06-23 07:00,6163
2019-06-23 07:05,6063
2019-06-23 07:10,5991
2019-06-23 07:15,5893
2019-06-23 07:20,5811
2019-06-23 07:25,5756
2019-06-23 07:30,5764
2019-06-23 07:35,5680
2019-06-23 07:40,5631
2019-06-23 07:45,5558
2019-06-23 07:50,5569
2019-06-23 07:55,5494
2019-06-23 08:00,5456
2019-06-23 08:05,5470
2019-06-23 08:10,5470
2019-06-23 08:15,5436
2019-06-23 08:20,5425
2019-06-23 08:25,5450
2019-06-23 08:30,5450
2019-06-23 08:35,5476
2019-06-23 08:40,5505
2019-06-23 08:45,5503
2019-06-23 08:50,5503
2019-06-23 08:55,5589
2019-06-23 09:00,5601
2019-06-23 09:05,
2019-06-23 09:10,
2019-06-23 09:15,5673
2019-06-23 09:20,5710
2019-06-23 09:25,5735
2019-06-23 09:30,5764
2019-06-23 09:35,5851
2019-06-23 09:40,
2019-06-23 09:45,5941
2019-06-23 09:50,5941
2019-06-23 09:55,6025
2019-06-23 10:00,
2019-06-23 10:05,6082
2019-06-23 10:10,6134
2019-06-23 10:15,6134
2019-06-23 10:20,6162
2019-06-23 10:25,6200
2019-06-23 10:30,6230
2019-06-23 10:35,6244
2019-06-23 10:40,6350
2019-06-23 10:45,6350
2019-06-23 10:50,6401
2019-06-23 10:55,6522
2019-06-23 11:00,6546
2019-06-23 11:05,
2019-06-23 11:10,6590
2019-06-23 11:15,6664
2019-06-23 11:20,6729
2019-06-23 11:25,6771
2019-06-23 11:30,6800
2019-06-23 11:35,6833
2019-06-23 11:40,6893
2019-06-23 11:45,6964
2019-06-23 11:50,7040
2019-06-23 11:55,7092
2019-06-23 12:00,7125
2019-06-23 12:05,7125
2019-06-23 12:10,7214
2019-06-23 12:15,7240
2019-06-23 12:20,7263
2019-06-23 12:25,7348
2019-06-23 12:30,7397
2019-06-23 12:35,7410
2019-06-23 12:40,7468
2019-06-23 12:45,7521
2019-06-23 12:50,7554
2019-06-23 12:55,7609
2019-06-23 13:00,7692
2019-06-23 13:05,7710
2019-06-23 13:10,7851
2019-06-23 13:15,7945
2019-06-23 13:20,7997
2019-06-23 13:25,8068
2019-06-23 13:30,8175
2019-06-23 13:35,8265
2019-06-23 13:40,8351
2019-06-23 13:45,8440
2019-06-23 13:50,8535
2019-06-23 13:55,8591
2019-06-23 14:00,8693
2019-06-23 14:05,8807
2019-06-23 14:10,8867
2019-06-23 14:15,8970
2019-06-23 14:20,9045
2019-06-23 14:25,9089
2019-06-23 14:30,9217
2019-06-23 14:35,9335
2019-06-23 14:40,9380
2019-06-23 14:45,9435
2019-06-23 14:50,9437
2019-06-23 14:55,9561
2019-06-23 15:00,9601
2019-06-23 15:05,9656
2019-06-23 15:10,9679
2019-06-23 15:15,9795
2019-06-23 15:20,9878
2019-06-23 15:25,9940
2019-06-23 15:30,9979
2019-06-23 15:35,10017
2019-06-23 15:40,10139
2019-06-23 15:45,10279
2019-06-23 15:50,10314
2019-06-23 15:55,10307
2019-06-23 16:00,10360
2019-06-23 16:05,10390
2019-06-23 16:10,10434
2019-06-23 16:15,10519
2019-06-23 16:20,10584
2019-06-23 16:25,10703
2019-06-23 16:30,10766
2019-06-23 16:35,10828
2019-06-23 16:40,10901
2019-06-23 16:45,11049
2019-06-23 16:50,11109
2019-06-23 16:55,11213
2019-06-23 17:00,11282
2019-06-23 17:05,11385
2019-06-23 17:10,11473
2019-06-23 17:15,11474
2019-06-23 17:20,11513
2019-06-23 17:25,11594
2019-06-23 17:30,11691
2019-06-23 17:35,11690
2019-06-23 17:40,11810
2019-06-23 17:45,11893
2019-06-23 17:50,11953
2019-06-23 17:55,12029
2019-06-23 18:00,12138
2019-06-23 18:05,12251
2019-06-23 18:10,12257
2019-06-23 18:15,12308
2019-06-23 18:20,12388
2019-06-23 18:25,12480
2019-06-23 18:30,12543
2019-06-23 18:35,12650
2019-06-23 18:40,12797
2019-06-23 18:45,12962
2019-06-23 18:50,13001
2019-06-23 18:55,13044
2019-06-23 19:00,13127
2019-06-23 19:05,13160
2019-06-23 19:10,13182
2019-06-23 19:15,13195
2019-06-23 19:20,13201
2019-06-23 19:25,13253
2019-06-23 19:30,13233
2019-06-23 19:35,13162
2019-06-23 19:40,13219
2019-06-23 19:45,13223
2019-06-23 19:50,13286
2019-06-23 19:55,13261
2019-06-23 20:00,13215
2019-06-23 20:05,13287
2019-06-23 20:10,13301
2019-06-23 20:15,13230
2019-06-23 20:20,13200
2019-06-23 20:25,13173
2019-06-23 20:30,13224
2019-06-23 20:35,13182
2019-06-23 20:40,13092
2019-06-23 20:45,13125
2019-06-23 20:50,13031
2019-06-23 20:55,13004
2019-06-23 21:00,12832
2019-06-23 21:05,12829
2019-06-23 21:10,12691
2019-06-23 21:15,12662
2019-06-23 21:20,12611
2019-06-23 21:25,12604
2019-06-23 21:30,12480
2019-06-23 21:35,12395
2019-06-23 21:40,12291
2019-06-23 21:45,12260
2019-06-23 21:50,12240
2019-06-23 21:55,12145
2019-06-23 22:00,11996
2019-06-23 22:05,11924
2019-06-23 22:10,11872
2019-06-23 22:15,11781
2019-06-23 22:20,11654
2019-06-23 22:25,11568
2019-06-23 22:30,11474
2019-06-23 22:35,11305
2019-06-23 22:40,11245
2019-06-23 22:45,11169
2019-06-23 22:50,11051
2019-06-23 22:55,11006
2019-06-23 23:00,10937
2019-06-23 23:05,10873
2019-06-23 23:10,10780
2019-06-23 23:15,10687
2019-06-23 23:20,10667
2019-06-23 23:25,10614
2019-06-23 23:30,10473
2019-06-23 23:35,10406
2019-06-23 23:40,10341
2019-06-23 23:45,10362
2019-06-23 23:50,10323
2019-06-23 23:55,10262
2019-06-24 00:00,10307
2019-06-24 00:05,10273
2019-06-24 00:10,10252
2019-06-24 00:15,10221
2019-06-24 00:20,10194
2019-06-24 00:25,10187
2019-06-24 00:30,10129
2019-06-24 00:35,10077
2019-06-24 00:40,10087
2019-06-24 00:45,10061
2019-06-24 00:50,10090
2019-06-24 00:55,10044
2019-06-24 01:00,10013
2019-06-24 01:05,9977
2019-06-24 01:10,10012
2019-06-24 01:15,10003
2019-06-24 01:20,9970
2019-06-24 01:25,9966
2019-06-24 01:30,9950
2019-06-24 01:35,9916
2019-06-24 01:40,9910
2019-06-24 01:45,9947
2019-06-24 01:50,9929
2019-06-24 01:55,9891
2019-06-24 02:00,9837
2019-06-24 02:05,9808
2019-06-24 02:10,9795
2019-06-24 02:15,9805
2019-06-24 02:20,9793
2019-06-24 02:25,9772
2019-06-24 02:30,9790
2019-06-24 02:35,9779
2019-06-24 02:40,9732
2019-06-24 02:45,9681
2019-06-24 02:50,9639
2019-06-24 02:55,9582
2019-06-24 03:00,9618
2019-06-24 03:05,9547
2019-06-24 03:10,9478
2019-06-24 03:15,9310
2019-06-24 03:20,8860
2019-06-24 03:25,8779
2019-06-24 03:30,8730
2019-06-24 03:35,8626
2019-06-24 03:40,8540
2019-06-24 03:45,8468
2019-06-24 03:50,8379
2019-06-24 03:55,8283
2019-06-24 04:00,8225
2019-06-24 04:05,8145
2019-06-24 04:10,8034
2019-06-24 04:15,7946
2019-06-24 04:20,7831
2019-06-24 04:25,7733
2019-06-24 04:30,7606
2019-06-24 04:35,7438
2019-06-24 04:40,7379
2019-06-24 04:45,7280
2019-06-24 04:50,7198
2019-06-24 04:55,7101
2019-06-24 05:00,7059
2019-06-24 05:05,6959
2019-06-24 05:10,6882
2019-06-24 05:15,6852
2019-06-24 05:20,6760
2019-06-24 05:25,6649
2019-06-24 05:30,6499
2019-06-24 05:35,6394
2019-06-24 05:40,6325
2019-06-24 05:45,6253
2019-06-24 05:50,6164
2019-06-24 05:55,6060
2019-06-24 06:00,5987
2019-06-24 06:05,5920
2019-06-24 06:10,5813
2019-06-24 06:15,5719
2019-06-24 06:20,5613
2019-06-24 06:25,5575
2019-06-24 06:30,5530
2019-06-24 06:35,5441
2019-06-24 06:40,5348
2019-06-24 06:45,5222
2019-06-24 06:50,5137
2019-06-24 06:55,5061
2019-06-24 07:00,5005
2019-06-24 07:05,4964
2019-06-24 07:10,4914
2019-06-24 07:15,4825
2019-06-24 07:20,4788
2019-06-24 07:25,4732
2019-06-24 07:30,4706
2019-06-24 07:35,4656
2019-06-24 07:40,4562
2019-06-24 07:45,4562
2019-06-24 07:50,4555
2019-06-24 07:55,4539
2019-06-24 08:00,4487
2019-06-24 08:05,4459
2019-06-24 08:10,4397
2019-06-24 08:15,4388
2019-06-24 08:20,4369
2019-06-24 08:25,4363
2019-06-24 08:30,4336
2019-06-24 08:35,4319
2019-06-24 08:40,4281
2019-06-24 08:45,4324
2019-06-24 08:50,4331
2019-06-24 08:55,4366
2019-06-24 09:00,4393
2019-06-24 09:05,4410
2019-06-24 09:10,4440
2019-06-24 09:15,4432
2019-06-24 09:20,4454
2019-06-24 09:25,4463
2019-06-24 09:30,4484
2019-06-24 09:35,4500
2019-06-24 09:40,4549
2019-06-24 09:45,4547
2019-06-24 09:50,4593
2019-06-24 09:55,4609
2019-06-24 10:00,4609
2019-06-24 10:05,4611
2019-06-24 10:10,4641
2019-06-24 10:15,4668
2019-06-24 10:20,4725
2019-06-24 10:25,4753
2019-06-24 10:30,4808
2019-06-24 10:35,4814
2019-06-24 10:40,4892
2019-06-24 10:45,4909
2019-06-24 10:50,5006
2019-06-24 10:55,5070
2019-06-24 11:00,5102
2019-06-24 11:05,5108
2019-06-24 11:10,5142
2019-06-24 11:15,5150
2019-06-24 11:20,5206
2019-06-24 11:25,5234
2019-06-24 11:30,5279
2019-06-24 11:35,5332
2019-06-24 11:40,5371
2019-06-24 11:45,5401
2019-06-24 11:50,5449
2019-06-24 11:55,5452
2019-06-24 12:00,5530
2019-06-24 12:05,5604
2019-06-24 12:10,5634
2019-06-24 12:15,5644
2019-06-24 12:20,5690
2019-06-24 12:25,5710
2019-06-24 12:30,5740
2019-06-24 12:35,5793
2019-06-24 12:40,5823
2019-06-24 12:45,5884
2019-06-24 12:50,5956
2019-06-24 12:55,6018
2019-06-24 13:00,6080
2019-06-24 13:05,6117
2019-06-24 13:10,6180
2019-06-24 13:15,6240
2019-06-24 13:20,6326
2019-06-24 13:25,6442
2019-06-24 13:30,6465
2019-06-24 13:35,6582
2019-06-24 13:40,6616
2019-06-24 13:45,6648
2019-06-24 13:50,6703
2019-06-24 13:55,6751
2019-06-24 14:00,6742
2019-06-24 14:05,6802
2019-06-24 14:10,6882
2019-06-24 14:15,6963
2019-06-24 14:20,7029
2019-06-24 14:25,7147
2019-06-24 14:30,7257
2019-06-24 14:35,7313
2019-06-24 14:40,7441
2019-06-24 14:45,7547
2019-06-24 14:50,7617
2019-06-24 14:55,7706
2019-06-24 15:00,7802
2019-06-24 15:05,7916
2019-06-24 15:10,8064
2019-06-24 15:15,8140
2019-06-24 15:20,8186
2019-06-24 15:25,8236
2019-06-24 15:30,8322
2019-06-24 15:35,8405
2019-06-24 15:40,8486
2019-06-24 15:45,8561
2019-06-24 15:50,8639
2019-06-24 15:55,
2019-06-24 16:00,8743
2019-06-24 16:05,8775
2019-06-24 16:10,8867
2019-06-24 16:15,8916
2019-06-24 16:20,8977
2019-06-24 16:25,9133
2019-06-24 16:30,9188
2019-06-24 16:35,9285
2019-06-24 16:40,9365
2019-06-24 16:45,9449
2019-06-24 16:50,9495
2019-06-24 16:55,9555
2019-06-24 17:00,9711
2019-06-24 17:05,9803
2019-06-24 17:10,9931
2019-06-24 17:15,9966
2019-06-24 17:20,10073
2019-06-24 17:25,10155
2019-06-24 17:30,10290
2019-06-24 17:35,10310
2019-06-24 17:40,10416
2019-06-24 17:45,10493
2019-06-24 17:50,10618
2019-06-24 17:55,10702
2019-06-24 18:00,10727
2019-06-24 18:05,10852
2019-06-24 18:10,10912
2019-06-24 18:15,10940
2019-06-24 18:20,11080
2019-06-24 18:25,11090
2019-06-24 18:30,11176
2019-06-24 18:35,11261
2019-06-24 18:40,11287
2019-06-24 18:45,11449
2019-06-24 18:50,11566
2019-06-24 18:55,11634
2019-06-24 19:00,11710
2019-06-24 19:05,11802
2019-06-24 19:10,11861
2019-06-24 19:15,11891
2019-06-24 19:20,11885
2019-06-24 19:25,11952
2019-06-24 19:30,11969
2019-06-24 19:35,12093
2019-06-24 19:40,12093
2019-06-24 19:45,12124
2019-06-24 19:50,12159
2019-06-24 19:55,12151
2019-06-24 20:00,12136
2019-06-24 20:05,12138
2019-06-24 20:10,12189
2019-06-24 20:15,12097
2019-06-24 20:20,12167
2019-06-24 20:25,12179
2019-06-24 20:30,12134
2019-06-24 20:35,12122
2019-06-24 20:40,12059
2019-06-24 20:45,12027
2019-06-24 20:50,11999
2019-06-24 20:55,11929
2019-06-24 21:00,11885
2019-06-24 21:05,11828
2019-06-24 21:10,11747
2019-06-24 21:15,11701
2019-06-24 21:20,11654
2019-06-24 21:25,11588
2019-06-24 21:30,11473
2019-06-24 21:35,11412
2019-06-24 21:40,11396
2019-06-24 21:45,11330
2019-06-24 21:50,11303
2019-06-24 21:55,11278
2019-06-24 22:00,11228
2019-06-24 22:05,11146
2019-06-24 22:10,10977
2019-06-24 22:15,10917
2019-06-24 22:20,10877
2019-06-24 22:25,10746
2019-06-24 22:30,10643
2019-06-24 22:35,10603
2019-06-24 22:40,10479
2019-06-24 22:45,10460
2019-06-24 22:50,
2019-06-24 22:55,
2019-06-24 23:00,9928
2019-06-24 23:05,10175
2019-06-24 23:10,10272
2019-06-24 23:15,10264
2019-06-24 23:20,10219
2019-06-24 23:25,10178
2019-06-24 23:30,
2019-06-24 23:35,10132
2019-06-24 23:40,10094
2019-06-24 23:45,10015
2019-06-24 23:50,9959
2019-06-24 23:55,9933
2019-06-25 00:00,9864
2019-06-25 00:05,9864
2019-06-25 00:10,9749
2019-06-25 00:15,9742
2019-06-25 00:20,9718
2019-06-25 00:25,9677
2019-06-25 00:30,9708
2019-06-25 00:35,9739
2019-06-25 00:40,9713
2019-06-25 00:45,9748
2019-06-25 00:50,9748
2019-06-25 00:55,9726
2019-06-25 01:00,9787
2019-06-25 01:05,9817
2019-06-25 01:10,9897
2019-06-25 01:15,9887
2019-06-25 01:20,9889
2019-06-25 01:25,9879
2019-06-25 01:30,9888
2019-06-25 01:35,9888
2019-06-25 01:40,9963
2019-06-25 01:45,9951
2019-06-25 01:50,10033
2019-06-25 01:55,10056
2019-06-25 02:00,10002
2019-06-25 02:05,9944
2019-06-25 02:10,9865
2019-06-25 02:15,9860
2019-06-25 02:20,9750
2019-06-25 02:25,9785
2019-06-25 02:30,9812
2019-06-25 02:35,9800
2019-06-25 02:40,9683
2019-06-25 02:45,9618
2019-06-25 02:50,9547
2019-06-25 02:55,9489
2019-06-25 03:00,9435
2019-06-25 03:05,9389
2019-06-25 03:10,9264
2019-06-25 03:15,9191
2019-06-25 03:20,9133
2019-06-25 03:25,9060
2019-06-25 03:30,8945
2019-06-25 03:35,8862
2019-06-25 03:40,8769
2019-06-25 03:45,8699
2019-06-25 03:50,8675
2019-06-25 03:55,8632
2019-06-25 04:00,8606
2019-06-25 04:05,8481
2019-06-25 04:10,8364
2019-06-25 04:15,8259
2019-06-25 04:20,8093
2019-06-25 04:25,7987
2019-06-25 04:30,7862
2019-06-25 04:35,7862
2019-06-25 04:40,7720
2019-06-25 04:45,7627
2019-06-25 04:50,7534
2019-06-25 04:55,7464
2019-06-25 05:00,7315
2019-06-25 05:05,7208
2019-06-25 05:10,7049
2019-06-25 05:15,6953
2019-06-25 05:20,6844
2019-06-25 05:25,6731
2019-06-25 05:30,6608
2019-06-25 05:35,6495
2019-06-25 05:40,6459
2019-06-25 05:45,6349
2019-06-25 05:50,6295
2019-06-25 05:55,6200
2019-06-25 06:00,6083
2019-06-25 06:05,5926
2019-06-25 06:10,5855
2019-06-25 06:15,5686
2019-06-25 06:20,5589
2019-06-25 06:25,5537
2019-06-25 06:30,5422
2019-06-25 06:35,5328
2019-06-25 06:40,5266
2019-06-25 06:45,5215
2019-06-25 06:50,5129
2019-06-25 06:55,5050
2019-06-25 07:00,4977
2019-06-25 07:05,4911
2019-06-25 07:10,4847
2019-06-25 07:15,4805
2019-06-25 07:20,4753
2019-06-25 07:25,4706
2019-06-25 07:30,4656
2019-06-25 07:35,4599
2019-06-25 07:40,4550
2019-06-25 07:45,4511
2019-06-25 07:50,4479
2019-06-25 07:55,4451
2019-06-25 08:00,4451
2019-06-25 08:05,4443
2019-06-25 08:10,4435
2019-06-25 08:15,4420
2019-06-25 08:20,4395
2019-06-25 08:25,4351
2019-06-25 08:30,4327
2019-06-25 08:35,4344
2019-06-25 08:40,4356
2019-06-25 08:45,4345
2019-06-25 08:50,4377
2019-06-25 08:55,4370
2019-06-25 09:00,4362
2019-06-25 09:05,4419
2019-06-25 09:10,4419
2019-06-25 09:15,4423
2019-06-25 09:20,4440
2019-06-25 09:25,4442
2019-06-25 09:30,4483
2019-06-25 09:35,4451
2019-06-25 09:40,4426
2019-06-25 09:45,4402
2019-06-25 09:50,4321
2019-06-25 09:55,4285
2019-06-25 10:00,4239
2019-06-25 10:05,4239
2019-06-25 10:10,4219
2019-06-25 10:15,4228
2019-06-25 10:20,4190
2019-06-25 10:25,4146
2019-06-25 10:30,4135
2019-06-25 10:35,3983
2019-06-25 10:40,3259
2019-06-25 10:45,2658
2019-06-25 10:50,2180
2019-06-25 10:55,1817
2019-06-25 11:00,1560
2019-06-25 11:05,1353
2019-06-25 11:10,1350
2019-06-25 11:15,1335
2019-06-25 11:20,1355
2019-06-25 11:25,1329
2019-06-25 11:30,1329
2019-06-25 11:35,1329
2019-06-25 11:40,1314
2019-06-25 11:45,1348
2019-06-25 11:50,1353
2019-06-25 11:55,1321
2019-06-25 12:00,1356
2019-06-25 12:05,1356
2019-06-25 12:10,1356
2019-06-25 12:15,1237
2019-06-25 12:20,1247
2019-06-25 12:25,1243
2019-06-25 12:30,1290
2019-06-25 12:35,1357
2019-06-25 12:40,1377
2019-06-25 12:45,1405
2019-06-25 12:50,1406
2019-06-25 12:55,1435
2019-06-25 13:00,1465
2019-06-25 13:05,1520
2019-06-25 13:10,1568
2019-06-25 13:15,1583
2019-06-25 13:20,1601
2019-06-25 13:25,1613
2019-06-25 13:30,1622
2019-06-25 13:35,1658
2019-06-25 13:40,1660
2019-06-25 13:45,1677
2019-06-25 13:50,1673
2019-06-25 13:55,1711
2019-06-25 14:00,1811
2019-06-25 14:05,2615
2019-06-25 14:10,3801
2019-06-25 14:15,4698
2019-06-25 14:20,5411
2019-06-25 14:25,5973
2019-06-25 14:30,6515
2019-06-25 14:35,6953
2019-06-25 14:40,7376
2019-06-25 14:45,7728
2019-06-25 14:50,8056
2019-06-25 14:55,8308
2019-06-25 15:00,8470
2019-06-25 15:05,8631
2019-06-25 15:10,8747
2019-06-25 15:15,8926
2019-06-25 15:20,9069
2019-06-25 15:25,9101
2019-06-25 15:30,9293
2019-06-25 15:35,9308
2019-06-25 15:40,9406
2019-06-25 15:45,9545
2019-06-25 15:50,9587
2019-06-25 15:55,9726
2019-06-25 16:00,9732
2019-06-25 16:05,9762
2019-06-25 16:10,9785
2019-06-25 16:15,9835
2019-06-25 16:20,9929
2019-06-25 16:25,9975
2019-06-25 16:30,9981
2019-06-25 16:35,10046
2019-06-25 16:40,10076
2019-06-25 16:45,10157
2019-06-25 16:50,10195
2019-06-25 16:55,10327
2019-06-25 17:00,10381
2019-06-25 17:05,10477
2019-06-25 17:10,10481
2019-06-25 17:15,10443
2019-06-25 17:20,10512
2019-06-25 17:25,10603
2019-06-25 17:30,10712
2019-06-25 17:35,10787
2019-06-25 17:40,10798
2019-06-25 17:45,10886
2019-06-25 17:50,10873
2019-06-25 17:55,10906
2019-06-25 18:00,10933
2019-06-25 18:05,11066
2019-06-25 18:10,
2019-06-25 18:15,11260
2019-06-25 18:20,11332
2019-06-25 18:25,11414
2019-06-25 18:30,11482
2019-06-25 18:35,11603
2019-06-25 18:40,11691
2019-06-25 18:45,11709
2019-06-25 18:50,11825
2019-06-25 18:55,11879
2019-06-25 19:00,11958
2019-06-25 19:05,12029
2019-06-25 19:10,12121
2019-06-25 19:15,12192
2019-06-25 19:20,12210
2019-06-25 19:25,12228
2019-06-25 19:30,12294
2019-06-25 19:35,12319
2019-06-25 19:40,12257
2019-06-25 19:45,12313
2019-06-25 19:50,12348
2019-06-25 19:55,12435
2019-06-25 20:00,12318
2019-06-25 20:05,12250
2019-06-25 20:10,12198
2019-06-25 20:15,12279
2019-06-25 20:20,12286
2019-06-25 20:25,12270
2019-06-25 20:30,12322
2019-06-25 20:35,12366
2019-06-25 20:40,12312
2019-06-25 20:45,12220
2019-06-25 20:50,12169
2019-06-25 20:55,12159
2019-06-25 21:00,12095
2019-06-25 21:05,12110
2019-06-25 21:10,12117
2019-06-25 21:15,12112
2019-06-25 21:20,11995
2019-06-25 21:25,11941
2019-06-25 21:30,11912
2019-06-25 21:35,11857
2019-06-25 21:40,11790
2019-06-25 21:45,11750
2019-06-25 21:50,11653
2019-06-25 21:55,11567
2019-06-25 22:00,11489
2019-06-25 22:05,11470
2019-06-25 22:10,11338
2019-06-25 22:15,11223
2019-06-25 22:20,11101
2019-06-25 22:25,11100
2019-06-25 22:30,11024
2019-06-25 22:35,10959
2019-06-25 22:40,10892
2019-06-25 22:45,10805
2019-06-25 22:50,10761
2019-06-25 22:55,10687
2019-06-25 23:00,10609
2019-06-25 23:05,10565
2019-06-25 23:10,10488
2019-06-25 23:15,10386
2019-06-25 23:20,10323
2019-06-25 23:25,10296
2019-06-25 23:30,10305
2019-06-25 23:35,10263
2019-06-25 23:40,10238
2019-06-25 23:45,10183
2019-06-25 23:50,10212
2019-06-25 23:55,10120
2019-06-26 00:00,10046
2019-06-26 00:05,10006
2019-06-26 00:10,9983
2019-06-26 00:15,9982
2019-06-26 00:20,9940
2019-06-26 00:25,9904
2019-06-26 00:30,9864
2019-06-26 00:35,9885
2019-06-26 00:40,9883
2019-06-26 00:45,9879
2019-06-26 00:50,9926
2019-06-26 00:55,9910
2019-06-26 01:00,9947
2019-06-26 01:05,10069
2019-06-26 01:10,10089
2019-06-26 01:15,10017
2019-06-26 01:20,10080
2019-06-26 01:25,10049
2019-06-26 01:30,10077
2019-06-26 01:35,10108
2019-06-26 01:40,10105
2019-06-26 01:45,10118
2019-06-26 01:50,10092
2019-06-26 01:55,10066
2019-06-26 02:00,10034
2019-06-26 02:05,10067
2019-06-26 02:10,10126
2019-06-26 02:15,10056
2019-06-26 02:20,10017
2019-06-26 02:25,10018
2019-06-26 02:30,9979
2019-06-26 02:35,9962
2019-06-26 02:40,9947
2019-06-26 02:45,9900
2019-06-26 02:50,9876
2019-06-26 02:55,9839
2019-06-26 03:00,9768
2019-06-26 03:05,9687
2019-06-26 03:10,9673
2019-06-26 03:15,9576
2019-06-26 03:20,9469
2019-06-26 03:25,9383
2019-06-26 03:30,9301
2019-06-26 03:35,9175
2019-06-26 03:40,9072
2019-06-26 03:45,8975
2019-06-26 03:50,8888
2019-06-26 03:55,8835
2019-06-26 04:00,8753
2019-06-26 04:05,8662
2019-06-26 04:10,8511
2019-06-26 04:15,8434
2019-06-26 04:20,8327
2019-06-26 04:25,8174
2019-06-26 04:30,8062
2019-06-26 04:35,7974
2019-06-26 04:40,7918
2019-06-26 04:45,7827
2019-06-26 04:50,7721
2019-06-26 04:55,7675
2019-06-26 05:00,7558
2019-06-26 05:05,7432
2019-06-26 05:10,7355
2019-06-26 05:15,7184
2019-06-26 05:20,7044
2019-06-26 05:25,6945
2019-06-26 05:30,6850
2019-06-26 05:35,6751
2019-06-26 05:40,6667
2019-06-26 05:45,6559
2019-06-26 05:50,6489
2019-06-26 05:55,6412
2019-06-26 06:00,6326
2019-06-26 06:05,6178
2019-06-26 06:10,6066
2019-06-26 06:15,5995
2019-06-26 06:20,5838
2019-06-26 06:25,5733
2019-06-26 06:30,5633
2019-06-26 06:35,5533
2019-06-26 06:40,5425
2019-06-26 06:45,5371
2019-06-26 06:50,5307
2019-06-26 06:55,5233
2019-06-26 07:00,5167
2019-06-26 07:05,5094
2019-06-26 07:10,4981
2019-06-26 07:15,4904
2019-06-26 07:20,4851
2019-06-26 07:25,4804
2019-06-26 07:30,4749
2019-06-26 07:35,4713
2019-06-26 07:40,4675
2019-06-26 07:45,4695
2019-06-26 07:50,4580
2019-06-26 07:55,4529
2019-06-26 08:00,4489
2019-06-26 08:05,4474
2019-06-26 08:10,4428
2019-06-26 08:15,4436
2019-06-26 08:20,4452
2019-06-26 08:25,4426
2019-06-26 08:30,4418
2019-06-26 08:35,4426
2019-06-26 08:40,4428
2019-06-26 08:45,4426
2019-06-26 08:50,4444
2019-06-26 08:55,4461
2019-06-26 09:00,4470
2019-06-26 09:05,4484
2019-06-26 09:10,4548
2019-06-26 09:15,4585
2019-06-26 09:20,4607
2019-06-26 09:25,4623
2019-06-26 09:30,4691
2019-06-26 09:35,4737
2019-06-26 09:40,4745
2019-06-26 09:45,4776
2019-06-26 09:50,4765
2019-06-26 09:55,4782
2019-06-26 10:00,4785
2019-06-26 10:05,4787
2019-06-26 10:10,4829
2019-06-26 10:15,4891
2019-06-26 10:20,4951
2019-06-26 10:25,4967
2019-06-26 10:30,5005
2019-06-26 10:35,
2019-06-26 10:40,5051
2019-06-26 10:45,5116
2019-06-26 10:50,5181
2019-06-26 10:55,5167
2019-06-26 11:00,5179
2019-06-26 11:05,5199
2019-06-26 11:10,5256
2019-06-26 11:15,5295
2019-06-26 11:20,5375
2019-06-26 11:25,5421
2019-06-26 11:30,5464
2019-06-26 11:35,5518
2019-06-26 11:40,5616
2019-06-26 11:45,5677
2019-06-26 11:50,5722
2019-06-26 11:55,5786
2019-06-26 12:00,5784
2019-06-26 12:05,5801
2019-06-26 12:10,5845
2019-06-26 12:15,5867
2019-06-26 12:20,5929
2019-06-26 12:25,5980
2019-06-26 12:30,6023
2019-06-26 12:35,6030
2019-06-26 12:40,6049
2019-06-26 12:45,6162
2019-06-26 12:50,6203
2019-06-26 12:55,6272
2019-06-26 13:00,6298
2019-06-26 13:05,6365
2019-06-26 13:10,6418
2019-06-26 13:15,6492
2019-06-26 13:20,6570
2019-06-26 13:25,6625
2019-06-26 13:30,6730
2019-06-26 13:35,6831
2019-06-26 13:40,6890
2019-06-26 13:45,6993
2019-06-26 13:50,7089
2019-06-26 13:55,7170
2019-06-26 14:00,7268
2019-06-26 14:05,7326
2019-06-26 14:10,7347
2019-06-26 14:15,7453
2019-06-26 14:20,7498
2019-06-26 14:25,7566
2019-06-26 14:30,7638
2019-06-26 14:35,7722
2019-06-26 14:40,7804
2019-06-26 14:45,7803
2019-06-26 14:50,7792
2019-06-26 14:55,7840
2019-06-26 15:00,7963
2019-06-26 15:05,8004
2019-06-26 15:10,8067
2019-06-26 15:15,8122
2019-06-26 15:20,8090
2019-06-26 15:25,8147
2019-06-26 15:30,8157
2019-06-26 15:35,8254
2019-06-26 15:40,8302
2019-06-26 15:45,8429
2019-06-26 15:50,8500
2019-06-26 15:55,8567
2019-06-26 16:00,8649
2019-06-26 16:05,8708
2019-06-26 16:10,8711
2019-06-26 16:15,8831
2019-06-26 16:20,8894
2019-06-26 16:25,8943
2019-06-26 16:30,9035
2019-06-26 16:35,9090
2019-06-26 16:40,9206
2019-06-26 16:45,9257
2019-06-26 16:50,9259
2019-06-26 16:55,9334
2019-06-26 17:00,9485
2019-06-26 17:05,
2019-06-26 17:10,9576
2019-06-26 17:15,9679
2019-06-26 17:20,9799
2019-06-26 17:25,9874
2019-06-26 17:30,9984
2019-06-26 17:35,10042
2019-06-26 17:40,10100
2019-06-26 17:45,10142
2019-06-26 17:50,10210
2019-06-26 17:55,10244
2019-06-26 18:00,10337
2019-06-26 18:05,10450
2019-06-26 18:10,10498
2019-06-26 18:15,10599
2019-06-26 18:20,10666
2019-06-26 18:25,10833
2019-06-26 18:30,10877
2019-06-26 18:35,10983
2019-06-26 18:40,11089
2019-06-26 18:45,11182
2019-06-26 18:50,11247
2019-06-26 18:55,11374
2019-06-26 19:00,11417
2019-06-26 19:05,11480
2019-06-26 19:10,11557
2019-06-26 19:15,11638
2019-06-26 19:20,11664
2019-06-26 19:25,11724
2019-06-26 19:30,11721
2019-06-26 19:35,11738
2019-06-26 19:40,
2019-06-26 19:45,
2019-06-26 19:50,11949
2019-06-26 19:55,12000
2019-06-26 20:00,11987
2019-06-26 20:05,11946
2019-06-26 20:10,11954
2019-06-26 20:15,11898
2019-06-26 20:20,11899
2019-06-26 20:25,11902
2019-06-26 20:30,11908
2019-06-26 20:35,11933
2019-06-26 20:40,11883
2019-06-26 20:45,11872
2019-06-26 20:50,11787
2019-06-26 20:55,11759
2019-06-26 21:00,11718
2019-06-26 21:05,11679
2019-06-26 21:10,11597
2019-06-26 21:15,11578
2019-06-26 21:20,11515
2019-06-26 21:25,11416
2019-06-26 21:30,11365
2019-06-26 21:35,11323
2019-06-26 21:40,11264
2019-06-26 21:45,11260
2019-06-26 21:50,11221
2019-06-26 21:55,11161
2019-06-26 22:00,11027
2019-06-26 22:05,10968
2019-06-26 22:10,10807
2019-06-26 22:15,10658
2019-06-26 22:20,10547
2019-06-26 22:25,10404
2019-06-26 22:30,10362
2019-06-26 22:35,10251
2019-06-26 22:40,10072
2019-06-26 22:45,9898
2019-06-26 22:50,9475
2019-06-26 22:55,9224
2019-06-26 23:00,9183
2019-06-26 23:05,9275
2019-06-26 23:10,9420
2019-06-26 23:15,9423
2019-06-26 23:20,9457
2019-06-26 23:25,9402
2019-06-26 23:30,9376
2019-06-26 23:35,9278
2019-06-26 23:40,9332
2019-06-26 23:45,9338
2019-06-26 23:50,9338
2019-06-26 23:55,9323
2019-06-27 00:00,9276
2019-06-27 00:05,9250
2019-06-27 00:10,9179
2019-06-27 00:15,9184
2019-06-27 00:20,9187
2019-06-27 00:25,9160
2019-06-27 00:30,9176
2019-06-27 00:35,9119
2019-06-27 00:40,9120
2019-06-27 00:45,9165
2019-06-27 00:50,9182
2019-06-27 00:55,9199
2019-06-27 01:00,9194
2019-06-27 01:05,9221
2019-06-27 01:10,9185
2019-06-27 01:15,9218
2019-06-27 01:20,9193
2019-06-27 01:25,9167
2019-06-27 01:30,9190
2019-06-27 01:35,9156
2019-06-27 01:40,9214
2019-06-27 01:45,9244
2019-06-27 01:50,9260
2019-06-27 01:55,9237
2019-06-27 02:00,9293
2019-06-27 02:05,9221
2019-06-27 02:10,9251
2019-06-27 02:15,9282
2019-06-27 02:20,9314
2019-06-27 02:25,9413
2019-06-27 02:30,9428
2019-06-27 02:35,9380
2019-06-27 02:40,9379
2019-06-27 02:45,9354
2019-06-27 02:50,9305
2019-06-27 02:55,9240
2019-06-27 03:00,9162
2019-06-27 03:05,9107
2019-06-27 03:10,9047
2019-06-27 03:15,8997
2019-06-27 03:20,8953
2019-06-27 03:25,8865
2019-06-27 03:30,8730
2019-06-27 03:35,8714
2019-06-27 03:40,8701
2019-06-27 03:45,8645
2019-06-27 03:50,8566
2019-06-27 03:55,8479
2019-06-27 04:00,8332
2019-06-27 04:05,8254
2019-06-27 04:10,8131
2019-06-27 04:15,8095
2019-06-27 04:20,7942
2019-06-27 04:25,7877
2019-06-27 04:30,7744
2019-06-27 04:35,7611
2019-06-27 04:40,7538
2019-06-27 04:45,7423
2019-06-27 04:50,7288
2019-06-27 04:55,7206
2019-06-27 05:00,7128
2019-06-27 05:05,6983
2019-06-27 05:10,6868
2019-06-27 05:15,6806
2019-06-27 05:20,6655
2019-06-27 05:25,6499
2019-06-27 05:30,6435
2019-06-27 05:35,6342
2019-06-27 05:40,6255
2019-06-27 05:45,6182
2019-06-27 05:50,6015
2019-06-27 05:55,5900
2019-06-27 06:00,5764
2019-06-27 06:05,5679
2019-06-27 06:10,5574
2019-06-27 06:15,5482
2019-06-27 06:20,5417
2019-06-27 06:25,5343
2019-06-27 06:30,5312
2019-06-27 06:35,5238
2019-06-27 06:40,5164
2019-06-27 06:45,5053
2019-06-27 06:50,5000
2019-06-27 06:55,4932
2019-06-27 07:00,4865
2019-06-27 07:05,4813
2019-06-27 07:10,4771
2019-06-27 07:15,4679
2019-06-27 07:20,4622
2019-06-27 07:25,4559
2019-06-27 07:30,4487
2019-06-27 07:35,4482
2019-06-27 07:40,4503
2019-06-27 07:45,4480
2019-06-27 07:50,4425
2019-06-27 07:55,4394
2019-06-27 08:00,4388
2019-06-27 08:05,4313
2019-06-27 08:10,4306
2019-06-27 08:15,4325
2019-06-27 08:20,4323
2019-06-27 08:25,4266
2019-06-27 08:30,4223
2019-06-27 08:35,4205
2019-06-27 08:40,4238
2019-06-27 08:45,4252
2019-06-27 08:50,4253
2019-06-27 08:55,4293
2019-06-27 09:00,4331
2019-06-27 09:05,4351
2019-06-27 09:10,4360
2019-06-27 09:15,4396
2019-06-27 09:20,4435
2019-06-27 09:25,4472
2019-06-27 09:30,4448
2019-06-27 09:35,4464
2019-06-27 09:40,4507
2019-06-27 09:45,4498
2019-06-27 09:50,4558
2019-06-27 09:55,4601
2019-06-27 10:00,4645
2019-06-27 10:05,4670
2019-06-27 10:10,4713
2019-06-27 10:15,4737
2019-06-27 10:20,4681
2019-06-27 10:25,4681
2019-06-27 10:30,4711
2019-06-27 10:35,4740
2019-06-27 10:40,4738
2019-06-27 10:45,4775
2019-06-27 10:50,4848
2019-06-27 10:55,4834
2019-06-27 11:00,4875
2019-06-27 11:05,4934
2019-06-27 11:10,4994
2019-06-27 11:15,5029
2019-06-27 11:20,5047
2019-06-27 11:25,5066
2019-06-27 11:30,5128
2019-06-27 11:35,5185
2019-06-27 11:40,5208
2019-06-27 11:45,5240
2019-06-27 11:50,5314
2019-06-27 11:55,5370
2019-06-27 12:00,5416
2019-06-27 12:05,5398
2019-06-27 12:10,5440
2019-06-27 12:15,5486
2019-06-27 12:20,5557
2019-06-27 12:25,5607
2019-06-27 12:30,5639
2019-06-27 12:35,5719
2019-06-27 12:40,5801
2019-06-27 12:45,5861
2019-06-27 12:50,5863
2019-06-27 12:55,5915
2019-06-27 13:00,5992
2019-06-27 13:05,6034
2019-06-27 13:10,6173
2019-06-27 13:15,6223
2019-06-27 13:20,6337
2019-06-27 13:25,6448
2019-06-27 13:30,6571
2019-06-27 13:35,6614
2019-06-27 13:40,6658
2019-06-27 13:45,6698
2019-06-27 13:50,6745
2019-06-27 13:55,6831
2019-06-27 14:00,6859
2019-06-27 14:05,6950
2019-06-27 14:10,7051
2019-06-27 14:15,7146
2019-06-27 14:20,7189
2019-06-27 14:25,7206
2019-06-27 14:30,7271
2019-06-27 14:35,7323
2019-06-27 14:40,7433
2019-06-27 14:45,7475
2019-06-27 14:50,7527
2019-06-27 14:55,7648
2019-06-27 15:00,7719
2019-06-27 15:05,7836
2019-06-27 15:10,7922
2019-06-27 15:15,7976
2019-06-27 15:20,8065
2019-06-27 15:25,8142
2019-06-27 15:30,8194
2019-06-27 15:35,8241
2019-06-27 15:40,8305
2019-06-27 15:45,8382
2019-06-27 15:50,8462
2019-06-27 15:55,8514
2019-06-27 16:00,8594
2019-06-27 16:05,8645
2019-06-27 16:10,8765
2019-06-27 16:15,8741
2019-06-27 16:20,8778
2019-06-27 16:25,8802
2019-06-27 16:30,8805
2019-06-27 16:35,8895
2019-06-27 16:40,9008
2019-06-27 16:45,8988
2019-06-27 16:50,9055
2019-06-27 16:55,9157
2019-06-27 17:00,9230
2019-06-27 17:05,9279
2019-06-27 17:10,9428
2019-06-27 17:15,9506
2019-06-27 17:20,9658
2019-06-27 17:25,9741
2019-06-27 17:30,9841
2019-06-27 17:35,9925
2019-06-27 17:40,10051
2019-06-27 17:45,10175
2019-06-27 17:50,10238
2019-06-27 17:55,10294
2019-06-27 18:00,10364
2019-06-27 18:05,10396
2019-06-27 18:10,10518
2019-06-27 18:15,10607
2019-06-27 18:20,10614
2019-06-27 18:25,10704
2019-06-27 18:30,10730
2019-06-27 18:35,10828
2019-06-27 18:40,10961
2019-06-27 18:45,11046
2019-06-27 18:50,11113
2019-06-27 18:55,11119
2019-06-27 19:00,11128
2019-06-27 19:05,11166
2019-06-27 19:10,11197
2019-06-27 19:15,11274
2019-06-27 19:20,11282
2019-06-27 19:25,11318
2019-06-27 19:30,11395
2019-06-27 19:35,11460
2019-06-27 19:40,11478
2019-06-27 19:45,11503
2019-06-27 19:50,11477
2019-06-27 19:55,11518
2019-06-27 20:00,11569
2019-06-27 20:05,11506
2019-06-27 20:10,11546
2019-06-27 20:15,11523
2019-06-27 20:20,11466
2019-06-27 20:25,11466
2019-06-27 20:30,11459
2019-06-27 20:35,11474
2019-06-27 20:40,11447
2019-06-27 20:45,11374
2019-06-27 20:50,11363
2019-06-27 20:55,11269
2019-06-27 21:00,11219
2019-06-27 21:05,11192
2019-06-27 21:10,11141
2019-06-27 21:15,11073
2019-06-27 21:20,11005
2019-06-27 21:25,10979
2019-06-27 21:30,10989
2019-06-27 21:35,10898
2019-06-27 21:40,10912
2019-06-27 21:45,10815
2019-06-27 21:50,10756
2019-06-27 21:55,10621
2019-06-27 22:00,10591
2019-06-27 22:05,10449
2019-06-27 22:10,10214
2019-06-27 22:15,10257
2019-06-27 22:20,10171
2019-06-27 22:25,10094
2019-06-27 22:30,10019
2019-06-27 22:35,10017
2019-06-27 22:40,9946
2019-06-27 22:45,9869
2019-06-27 22:50,9896
2019-06-27 22:55,9853
2019-06-27 23:00,9798
2019-06-27 23:05,9714
2019-06-27 23:10,9643
2019-06-27 23:15,9586
2019-06-27 23:20,9561
2019-06-27 23:25,9527
2019-06-27 23:30,9505
2019-06-27 23:35,9479
2019-06-27 23:40,9382
2019-06-27 23:45,9335
2019-06-27 23:50,9274
2019-06-27 23:55,9248
2019-06-28 00:00,9222
2019-06-28 00:05,9163
2019-06-28 00:10,9166
2019-06-28 00:15,9185
2019-06-28 00:20,9145
2019-06-28 00:25,9172
2019-06-28 00:30,9173
2019-06-28 00:35,9135
2019-06-28 00:40,9020
2019-06-28 00:45,8861
2019-06-28 00:50,8734
2019-06-28 00:55,8609
2019-06-28 01:00,8511
2019-06-28 01:05,8439
2019-06-28 01:10,8368
2019-06-28 01:15,8455
2019-06-28 01:20,8476
2019-06-28 01:25,8532
2019-06-28 01:30,8498
2019-06-28 01:35,8545
2019-06-28 01:40,8622
2019-06-28 01:45,8681
2019-06-28 01:50,8701
2019-06-28 01:55,8753
2019-06-28 02:00,8831
2019-06-28 02:05,8780
2019-06-28 02:10,8766
2019-06-28 02:15,8761
2019-06-28 02:20,8728
2019-06-28 02:25,8773
2019-06-28 02:30,8753
2019-06-28 02:35,8750
2019-06-28 02:40,8778
2019-06-28 02:45,8770
2019-06-28 02:50,8781
2019-06-28 02:55,8780
2019-06-28 03:00,8762
2019-06-28 03:05,8759
2019-06-28 03:10,8744
2019-06-28 03:15,8689
2019-06-28 03:20,8632
2019-06-28 03:25,8641
2019-06-28 03:30,8566
2019-06-28 03:35,8477
2019-06-28 03:40,8453
2019-06-28 03:45,8398
2019-06-28 03:50,8251
2019-06-28 03:55,8180
2019-06-28 04:00,8124
2019-06-28 04:05,8027
2019-06-28 04:10,7945
2019-06-28 04:15,7831
2019-06-28 04:20,7740
2019-06-28 04:25,7614
2019-06-28 04:30,7520
2019-06-28 04:35,7469
2019-06-28 04:40,7381
2019-06-28 04:45,7325
2019-06-28 04:50,7210
2019-06-28 04:55,7083
2019-06-28 05:00,6925
2019-06-28 05:05,6847
2019-06-28 05:10,6777
2019-06-28 05:15,6706
2019-06-28 05:20,6598
2019-06-28 05:25,
2019-06-28 05:30,6372
2019-06-28 05:35,6295
2019-06-28 05:40,6189
2019-06-28 05:45,6084
2019-06-28 05:50,5982
2019-06-28 05:55,5895
2019-06-28 06:00,5803
2019-06-28 06:05,5690
2019-06-28 06:10,5519
2019-06-28 06:15,5420
2019-06-28 06:20,5277
2019-06-28 06:25,5188
2019-06-28 06:30,5097
2019-06-28 06:35,5032
2019-06-28 06:40,4978
2019-06-28 06:45,4938
2019-06-28 06:50,4737
2019-06-28 06:55,3993
2019-06-28 07:00,3262
2019-06-28 07:05,2578
2019-06-28 07:10,1524
2019-06-28 07:15,1339
2019-06-28 07:20,1382
2019-06-28 07:25,1654
2019-06-28 07:30,1899
2019-06-28 07:35,2105
2019-06-28 07:40,2311
2019-06-28 07:45,2493
2019-06-28 07:50,2650
2019-06-28 07:55,2786
2019-06-28 08:00,2909
2019-06-28 08:05,3039
2019-06-28 08:10,3150
2019-06-28 08:15,3241
2019-06-28 08:20,3314
2019-06-28 08:25,3413
2019-06-28 08:30,3300
2019-06-28 08:35,1547
2019-06-28 08:40,1365
2019-06-28 08:45,1376
2019-06-28 08:50,1720
2019-06-28 08:55,2041
2019-06-28 09:00,2278
2019-06-28 09:05,2534
2019-06-28 09:10,2768
2019-06-28 09:15,2998
2019-06-28 09:20,3171
2019-06-28 09:25,3394
2019-06-28 09:30,3544
2019-06-28 09:35,3678
2019-06-28 09:40,3805
2019-06-28 09:45,3888
2019-06-28 09:50,4013
2019-06-28 09:55,4139
2019-06-28 10:00,4207
2019-06-28 10:05,4309
2019-06-28 10:10,4386
2019-06-28 10:15,4452
2019-06-28 10:20,4514
2019-06-28 10:25,4577
2019-06-28 10:30,4640
2019-06-28 10:35,4672
2019-06-28 10:40,4725
2019-06-28 10:45,4765
2019-06-28 10:50,4791
2019-06-28 10:55,4860
2019-06-28 11:00,4878
2019-06-28 11:05,4946
2019-06-28 11:10,5022
2019-06-28 11:15,4980
2019-06-28 11:20,5021
2019-06-28 11:25,5050
2019-06-28 11:30,5097
2019-06-28 11:35,5152
2019-06-28 11:40,5166
2019-06-28 11:45,5246
2019-06-28 11:50,5279
2019-06-28 11:55,5340
2019-06-28 12:00,5355
2019-06-28 12:05,5377
2019-06-28 12:10,5412
2019-06-28 12:15,5428
2019-06-28 12:20,5529
2019-06-28 12:25,5585
2019-06-28 12:30,5657
2019-06-28 12:35,5765
2019-06-28 12:40,5789
2019-06-28 12:45,5817
2019-06-28 12:50,5881
2019-06-28 12:55,5939
2019-06-28 13:00,6015
2019-06-28 13:05,6055
2019-06-28 13:10,6151
2019-06-28 13:15,6190
2019-06-28 13:20,6263
2019-06-28 13:25,6345
2019-06-28 13:30,6439
2019-06-28 13:35,6504
2019-06-28 13:40,6533
2019-06-28 13:45,6606
2019-06-28 13:50,6670
2019-06-28 13:55,6724
2019-06-28 14:00,6785
2019-06-28 14:05,6855
2019-06-28 14:10,6957
2019-06-28 14:15,6967
2019-06-28 14:20,7008
2019-06-28 14:25,7084
2019-06-28 14:30,7157
2019-06-28 14:35,7156
2019-06-28 14:40,7277
2019-06-28 14:45,7350
2019-06-28 14:50,7473
2019-06-28 14:55,7506
2019-06-28 15:00,7540
2019-06-28 15:05,7601
2019-06-28 15:10,7660
2019-06-28 15:15,7704
2019-06-28 15:20,7807
2019-06-28 15:25,7849
2019-06-28 15:30,7935
2019-06-28 15:35,7962
2019-06-28 15:40,8024
2019-06-28 15:45,8050
2019-06-28 15:50,8107
2019-06-28 15:55,8186
2019-06-28 16:00,8175
2019-06-28 16:05,8234
2019-06-28 16:10,8257
2019-06-28 16:15,8398
2019-06-28 16:20,8425
2019-06-28 16:25,8494
2019-06-28 16:30,8485
2019-06-28 16:35,8560
2019-06-28 16:40,8603
2019-06-28 16:45,8676
2019-06-28 16:50,8712
2019-06-28 16:55,8778
2019-06-28 17:00,8793
2019-06-28 17:05,8793
2019-06-28 17:10,8964
2019-06-28 17:15,9048
2019-06-28 17:20,9136
2019-06-28 17:25,9227
2019-06-28 17:30,9334
2019-06-28 17:35,9374
2019-06-28 17:40,9459
2019-06-28 17:45,9521
2019-06-28 17:50,9606
2019-06-28 17:55,9736
2019-06-28 18:00,9782
2019-06-28 18:05,9790
2019-06-28 18:10,9810
2019-06-28 18:15,9833
2019-06-28 18:20,9963
2019-06-28 18:25,10072
2019-06-28 18:30,10071
2019-06-28 18:35,10091
2019-06-28 18:40,10103
2019-06-28 18:45,10205
2019-06-28 18:50,10249
2019-06-28 18:55,10335
2019-06-28 19:00,10343
2019-06-28 19:05,10402
2019-06-28 19:10,10382
2019-06-28 19:15,10382
2019-06-28 19:20,10366
2019-06-28 19:25,10480
2019-06-28 19:30,10502
2019-06-28 19:35,10489
2019-06-28 19:40,10546
2019-06-28 19:45,10668
2019-06-28 19:50,10737
2019-06-28 19:55,10810
2019-06-28 20:00,10887
2019-06-28 20:05,11007
2019-06-28 20:10,11062
2019-06-28 20:15,11076
2019-06-28 20:20,11070
2019-06-28 20:25,11078
2019-06-28 20:30,11145
2019-06-28 20:35,11164
2019-06-28 20:40,11152
2019-06-28 20:45,11114
2019-06-28 20:50,11032
2019-06-28 20:55,11019
2019-06-28 21:00,11006
2019-06-28 21:05,11080
2019-06-28 21:10,11091
2019-06-28 21:15,11070
2019-06-28 21:20,10974
2019-06-28 21:25,10984
2019-06-28 21:30,10919
2019-06-28 21:35,10882
2019-06-28 21:40,10844
2019-06-28 21:45,10843
2019-06-28 21:50,10818
2019-06-28 21:55,10831
2019-06-28 22:00,10830
2019-06-28 22:05,10798
2019-06-28 22:10,10686
2019-06-28 22:15,10605
2019-06-28 22:20,10530
2019-06-28 22:25,10423
2019-06-28 22:30,10350
2019-06-28 22:35,10243
2019-06-28 22:40,10142
2019-06-28 22:45,10117
2019-06-28 22:50,0
2019-06-28 22:55,9985
2019-06-28 23:00,9904
2019-06-28 23:05,9773
2019-06-28 23:10,9754
2019-06-28 23:15,9681
2019-06-28 23:20,9589
2019-06-28 23:25,9527
2019-06-28 23:30,9466
2019-06-28 23:35,9402
2019-06-28 23:40,9331
2019-06-28 23:45,9271
2019-06-28 23:50,9197
2019-06-28 23:55,9160
2019-06-29 00:00,9092
2019-06-29 00:05,9072
2019-06-29 00:10,9046
2019-06-29 00:15,9003
2019-06-29 00:20,8997
2019-06-29 00:25,8946
2019-06-29 00:30,8911
2019-06-29 00:35,8867
2019-06-29 00:40,8788
2019-06-29 00:45,8763
2019-06-29 00:50,8702
2019-06-29 00:55,8722
2019-06-29 01:00,8691
2019-06-29 01:05,8696
2019-06-29 01:10,8691
2019-06-29 01:15,8724
2019-06-29 01:20,8788
2019-06-29 01:25,8773
2019-06-29 01:30,8818
2019-06-29 01:35,8834
2019-06-29 01:40,8775
2019-06-29 01:45,8862
2019-06-29 01:50,8982
2019-06-29 01:55,9028
2019-06-29 02:00,9048
2019-06-29 02:05,9067
2019-06-29 02:10,9067
2019-06-29 02:15,9194
2019-06-29 02:20,9251
2019-06-29 02:25,9272
2019-06-29 02:30,9247
2019-06-29 02:35,9297
2019-06-29 02:40,9354
2019-06-29 02:45,9411
2019-06-29 02:50,9432
2019-06-29 02:55,9384
2019-06-29 03:00,9320
2019-06-29 03:05,9289
2019-06-29 03:10,9243
2019-06-29 03:15,9233
2019-06-29 03:20,9242
2019-06-29 03:25,9228
2019-06-29 03:30,9204
2019-06-29 03:35,9137
2019-06-29 03:40,9080
2019-06-29 03:45,9051
2019-06-29 03:50,9038
2019-06-29 03:55,8994
2019-06-29 04:00,8965
2019-06-29 04:05,8934
2019-06-29 04:10,8848
2019-06-29 04:15,8722
2019-06-29 04:20,8611
2019-06-29 04:25,8579
2019-06-29 04:30,8480
2019-06-29 04:35,8366
2019-06-29 04:40,8277
2019-06-29 04:45,8227
2019-06-29 04:50,8134
2019-06-29 04:55,8113
2019-06-29 05:00,7990
2019-06-29 05:05,7888
2019-06-29 05:10,7753
2019-06-29 05:15,7604
2019-06-29 05:20,7521
2019-06-29 05:25,7430
2019-06-29 05:30,7329
2019-06-29 05:35,7220
2019-06-29 05:40,7108
2019-06-29 05:45,6985
2019-06-29 05:50,6899
2019-06-29 05:55,6833
2019-06-29 06:00,6757
2019-06-29 06:05,6680
2019-06-29 06:10,6586
2019-06-29 06:15,6506
2019-06-29 06:20,6379
2019-06-29 06:25,6231
2019-06-29 06:30,6104
2019-06-29 06:35,6018
2019-06-29 06:40,5934
2019-06-29 06:45,5856
2019-06-29 06:50,5810
2019-06-29 06:55,
2019-06-29 07:00,5650
2019-06-29 07:05,5576
2019-06-29 07:10,5463
2019-06-29 07:15,5390
2019-06-29 07:20,5281
2019-06-29 07:25,5295
2019-06-29 07:30,5287
2019-06-29 07:35,5229
2019-06-29 07:40,5104
2019-06-29 07:45,5111
2019-06-29 07:50,5089
2019-06-29 07:55,5058
2019-06-29 08:00,5052
2019-06-29 08:05,5003
2019-06-29 08:10,4965
2019-06-29 08:15,4909
2019-06-29 08:20,4875
2019-06-29 08:25,4823
2019-06-29 08:30,4815
2019-06-29 08:35,4827
2019-06-29 08:40,4824
2019-06-29 08:45,4804
2019-06-29 08:50,4796
2019-06-29 08:55,4801
2019-06-29 09:00,4799
2019-06-29 09:05,4845
2019-06-29 09:10,4891
2019-06-29 09:15,4919
2019-06-29 09:20,4936
2019-06-29 09:25,4986
2019-06-29 09:30,5028
2019-06-29 09:35,5019
2019-06-29 09:40,5073
2019-06-29 09:45,5075
2019-06-29 09:50,5142
2019-06-29 09:55,5136
2019-06-29 10:00,5122
2019-06-29 10:05,5132
2019-06-29 10:10,5161
2019-06-29 10:15,5218
2019-06-29 10:20,
2019-06-29 10:25,5305
2019-06-29 10:30,5338
2019-06-29 10:35,5380
2019-06-29 10:40,5432
2019-06-29 10:45,5438
2019-06-29 10:50,5515
2019-06-29 10:55,5584
2019-06-29 11:00,5604
2019-06-29 11:05,5652
2019-06-29 11:10,5700
2019-06-29 11:15,5756
2019-06-29 11:20,5810
2019-06-29 11:25,5852
2019-06-29 11:30,5902
2019-06-29 11:35,5959
2019-06-29 11:40,6021
2019-06-29 11:45,
2019-06-29 11:50,6109
2019-06-29 11:55,6206
2019-06-29 12:00,6206
2019-06-29 12:05,6262
2019-06-29 12:10,6307
2019-06-29 12:15,6355
2019-06-29 12:20,6415
2019-06-29 12:25,6501
2019-06-29 12:30,6543
2019-06-29 12:35,6644
2019-06-29 12:40,6702
2019-06-29 12:45,6753
2019-06-29 12:50,6805
2019-06-29 12:55,6868
2019-06-29 13:00,6911
2019-06-29 13:05,6983
2019-06-29 13:10,7010
2019-06-29 13:15,7108
2019-06-29 13:20,7181
2019-06-29 13:25,7235
2019-06-29 13:30,7283
2019-06-29 13:35,7371
2019-06-29 13:40,7467
2019-06-29 13:45,7502
2019-06-29 13:50,7602
2019-06-29 13:55,7659
2019-06-29 14:00,7709
2019-06-29 14:05,7764
2019-06-29 14:10,7826
2019-06-29 14:15,7884
2019-06-29 14:20,7946
2019-06-29 14:25,8008
2019-06-29 14:30,8086
2019-06-29 14:35,8191
2019-06-29 14:40,8231
2019-06-29 14:45,8330
2019-06-29 14:50,8352
2019-06-29 14:55,8387
2019-06-29 15:00,8453
2019-06-29 15:05,8488
2019-06-29 15:10,8589
2019-06-29 15:15,8600
2019-06-29 15:20,8625
2019-06-29 15:25,8689
2019-06-29 15:30,8773
2019-06-29 15:35,8850
2019-06-29 15:40,8884
2019-06-29 15:45,8961
2019-06-29 15:50,8991
2019-06-29 15:55,9077
2019-06-29 16:00,9131
2019-06-29 16:05,9146
2019-06-29 16:10,9152
2019-06-29 16:15,9192
2019-06-29 16:20,9247
2019-06-29 16:25,9409
2019-06-29 16:30,9399
2019-06-29 16:35,9501
2019-06-29 16:40,9547
2019-06-29 16:45,9574
2019-06-29 16:50,9732
2019-06-29 16:55,9795
2019-06-29 17:00,9848
2019-06-29 17:05,9954
2019-06-29 17:10,9986
2019-06-29 17:15,10027
2019-06-29 17:20,10016
2019-06-29 17:25,9992
2019-06-29 17:30,10006
2019-06-29 17:35,10027
2019-06-29 17:40,10057
2019-06-29 17:45,10114
2019-06-29 17:50,10150
2019-06-29 17:55,10160
2019-06-29 18:00,10284
2019-06-29 18:05,
2019-06-29 18:10,10376
2019-06-29 18:15,10365
2019-06-29 18:20,10451
2019-06-29 18:25,10549
2019-06-29 18:30,10616
2019-06-29 18:35,10692
2019-06-29 18:40,10772
2019-06-29 18:45,10769
2019-06-29 18:50,10837
2019-06-29 18:55,10989
2019-06-29 19:00,10946
2019-06-29 19:05,10970
2019-06-29 19:10,10926
2019-06-29 19:15,10894
2019-06-29 19:20,10964
2019-06-29 19:25,11097
2019-06-29 19:30,11182
2019-06-29 19:35,11193
2019-06-29 19:40,11248
2019-06-29 19:45,11289
2019-06-29 19:50,11408
2019-06-29 19:55,11434
2019-06-29 20:00,11388
2019-06-29 20:05,11367
2019-06-29 20:10,11346
2019-06-29 20:15,11356
2019-06-29 20:20,11419
2019-06-29 20:25,11384
2019-06-29 20:30,11412
2019-06-29 20:35,11419
2019-06-29 20:40,11496
2019-06-29 20:45,11487
2019-06-29 20:50,11469
2019-06-29 20:55,11382
2019-06-29 21:00,11383
2019-06-29 21:05,11318
2019-06-29 21:10,11252
2019-06-29 21:15,11249
2019-06-29 21:20,11253
2019-06-29 21:25,11204
2019-06-29 21:30,11180
2019-06-29 21:35,11169
2019-06-29 21:40,11161
2019-06-29 21:45,11174
2019-06-29 21:50,11127
2019-06-29 21:55,11071
2019-06-29 22:00,11004
2019-06-29 22:05,10987
2019-06-29 22:10,10908
2019-06-29 22:15,10820
2019-06-29 22:20,10715
2019-06-29 22:25,10665
2019-06-29 22:30,10587
2019-06-29 22:35,10445
2019-06-29 22:40,10378
2019-06-29 22:45,10323
2019-06-29 22:50,10247
2019-06-29 22:55,10121
2019-06-29 23:00,10001
2019-06-29 23:05,9915
2019-06-29 23:10,9781
2019-06-29 23:15,9709
2019-06-29 23:20,9652
2019-06-29 23:25,9613
2019-06-29 23:30,9527
2019-06-29 23:35,9463
2019-06-29 23:40,9367
2019-06-29 23:45,9329
2019-06-29 23:50,9274
2019-06-29 23:55,9246
2019-06-30 00:00,9136
2019-06-30 00:05,9082
2019-06-30 00:10,9012
2019-06-30 00:15,8907
2019-06-30 00:20,8889
2019-06-30 00:25,8847
2019-06-30 00:30,8881
2019-06-30 00:35,8868
2019-06-30 00:40,8844
2019-06-30 00:45,8761
2019-06-30 00:50,8773
2019-06-30 00:55,8759
2019-06-30 01:00,8699
2019-06-30 01:05,8670
2019-06-30 01:10,8576
2019-06-30 01:15,8576
2019-06-30 01:20,8632
2019-06-30 01:25,8574
2019-06-30 01:30,8518
2019-06-30 01:35,8542
2019-06-30 01:40,8571
2019-06-30 01:45,8603
2019-06-30 01:50,8595
2019-06-30 01:55,8633
2019-06-30 02:00,8595
2019-06-30 02:05,8577
2019-06-30 02:10,8592
2019-06-30 02:15,8603
2019-06-30 02:20,8601
2019-06-30 02:25,8597
2019-06-30 02:30,8653
2019-06-30 02:35,8643
2019-06-30 02:40,8651
2019-06-30 02:45,8593
2019-06-30 02:50,8618
2019-06-30 02:55,8653
2019-06-30 03:00,8611
2019-06-30 03:05,8542
2019-06-30 03:10,8581
2019-06-30 03:15,8576
2019-06-30 03:20,8578
2019-06-30 03:25,8597
2019-06-30 03:30,8620
2019-06-30 03:35,8587
2019-06-30 03:40,8605
2019-06-30 03:45,8577
2019-06-30 03:50,8552
2019-06-30 03:55,8529
2019-06-30 04:00,8460
2019-06-30 04:05,8411
2019-06-30 04:10,8393
2019-06-30 04:15,8383
2019-06-30 04:20,8277
2019-06-30 04:25,8238
2019-06-30 04:30,8132
2019-06-30 04:35,8073
2019-06-30 04:40,8000
2019-06-30 04:45,7904
2019-06-30 04:50,
2019-06-30 04:55,
2019-06-30 05:00,
2019-06-30 05:05,
2019-06-30 05:10,
2019-06-30 05:15,
2019-06-30 05:20,
2019-06-30 05:25,
2019-06-30 05:30,
2019-06-30 05:35,
2019-06-30 05:40,
2019-06-30 05:45,
2019-06-30 05:50,
2019-06-30 05:55,
2019-06-30 06:00,
2019-06-30 06:05,
2019-06-30 06:10,
2019-06-30 06:15,6314
2019-06-30 06:20,6222
2019-06-30 06:25,6110
2019-06-30 06:30,
2019-06-30 06:35,
2019-06-30 06:40,
2019-06-30 06:45,
2019-06-30 06:50,
2019-06-30 06:55,
2019-06-30 07:00,
2019-06-30 07:05,
2019-06-30 07:10,
2019-06-30 07:15,5479
2019-06-30 07:20,5409
2019-06-30 07:25,5334
2019-06-30 07:30,5323
2019-06-30 07:35,5295
2019-06-30 07:40,5300
2019-06-30 07:45,5251
2019-06-30 07:50,5188
2019-06-30 07:55,5176
2019-06-30 08:00,5171
2019-06-30 08:05,5133
2019-06-30 08:10,5092
2019-06-30 08:15,5044
2019-06-30 08:20,5044
2019-06-30 08:25,5021
2019-06-30 08:30,5023
2019-06-30 08:35,4998
2019-06-30 08:40,5003
2019-06-30 08:45,5024
2019-06-30 08:50,5044
2019-06-30 08:55,5113
2019-06-30 09:00,5127
2019-06-30 09:05,5186
2019-06-30 09:10,5204
2019-06-30 09:15,5275
2019-06-30 09:20,5324
2019-06-30 09:25,5367
2019-06-30 09:30,5415
2019-06-30 09:35,5460
2019-06-30 09:40,5465
2019-06-30 09:45,5456
2019-06-30 09:50,5494
2019-06-30 09:55,5497
2019-06-30 10:00,5558
2019-06-30 10:05,
2019-06-30 10:10,5631
2019-06-30 10:15,5663
2019-06-30 10:20,5745
2019-06-30 10:25,5734
2019-06-30 10:30,5738
2019-06-30 10:35,5758
2019-06-30 10:40,5776
2019-06-30 10:45,5804
2019-06-30 10:50,5816
2019-06-30 10:55,5864
2019-06-30 11:00,5905
2019-06-30 11:05,5946
2019-06-30 11:10,5974
2019-06-30 11:15,6001
2019-06-30 11:20,6093
2019-06-30 11:25,6165
2019-06-30 11:30,6279
2019-06-30 11:35,6336
2019-06-30 11:40,6392
2019-06-30 11:45,6393
2019-06-30 11:50,6457
2019-06-30 11:55,6500
2019-06-30 12:00,6583
2019-06-30 12:05,6696
2019-06-30 12:10,6751
2019-06-30 12:15,6796
2019-06-30 12:20,6858
2019-06-30 12:25,6851
2019-06-30 12:30,6877
2019-06-30 12:35,6911
2019-06-30 12:40,6960
2019-06-30 12:45,7006
2019-06-30 12:50,7074
2019-06-30 12:55,7085
2019-06-30 13:00,7179
2019-06-30 13:05,7277
2019-06-30 13:10,7348
2019-06-30 13:15,7401
2019-06-30 13:20,7510
2019-06-30 13:25,7591
2019-06-30 13:30,7680
2019-06-30 13:35,7703
2019-06-30 13:40,7765
2019-06-30 13:45,7881
2019-06-30 13:50,7909
2019-06-30 13:55,8017
2019-06-30 14:00,8059
2019-06-30 14:05,8078
2019-06-30 14:10,8123
2019-06-30 14:15,8146
2019-06-30 14:20,8274
2019-06-30 14:25,8362
2019-06-30 14:30,8465
2019-06-30 14:35,8529
2019-06-30 14:40,8562
2019-06-30 14:45,8612
2019-06-30 14:50,8711
2019-06-30 14:55,8761
2019-06-30 15:00,8856
2019-06-30 15:05,8930
2019-06-30 15:10,9010
2019-06-30 15:15,9056
2019-06-30 15:20,9087
2019-06-30 15:25,9120
2019-06-30 15:30,9150
2019-06-30 15:35,9216
2019-06-30 15:40,9299
2019-06-30 15:45,9439
2019-06-30 15:50,9540
2019-06-30 15:55,9596
2019-06-30 16:00,9655
2019-06-30 16:05,9692
2019-06-30 16:10,9766
2019-06-30 16:15,9783
2019-06-30 16:20,9880
2019-06-30 16:25,9972
2019-06-30 16:30,10003
2019-06-30 16:35,10159
2019-06-30 16:40,10315
2019-06-30 16:45,10349
2019-06-30 16:50,10416
2019-06-30 16:55,10621
2019-06-30 17:00,10709
2019-06-30 17:05,10789
2019-06-30 17:10,10897
2019-06-30 17:15,10991
2019-06-30 17:20,11092
2019-06-30 17:25,11128
2019-06-30 17:30,11231
2019-06-30 17:35,11525
2019-06-30 17:40,11689
2019-06-30 17:45,11894
2019-06-30 17:50,12019
2019-06-30 17:55,12206
2019-06-30 18:00,12379
2019-06-30 18:05,12500
2019-06-30 18:10,12239
2019-06-30 18:15,12295
2019-06-30 18:20,12281
2019-06-30 18:25,12217
2019-06-30 18:30,12159
2019-06-30 18:35,12145
2019-06-30 18:40,12164
2019-06-30 18:45,12162
2019-06-30 18:50,12245
2019-06-30 18:55,12329
2019-06-30 19:00,12479
2019-06-30 19:05,12702
2019-06-30 19:10,12792
2019-06-30 19:15,12790
2019-06-30 19:20,12908
2019-06-30 19:25,12917
2019-06-30 19:30,12861
2019-06-30 19:35,12905
2019-06-30 19:40,12990
2019-06-30 19:45,13047
2019-06-30 19:50,13138
2019-06-30 19:55,13097
2019-06-30 20:00,13111
2019-06-30 20:05,13165
2019-06-30 20:10,13084
2019-06-30 20:15,13084
2019-06-30 20:20,13115
2019-06-30 20:25,13014
2019-06-30 20:30,12867
2019-06-30 20:35,12915
2019-06-30 20:40,12850
2019-06-30 20:45,12838
2019-06-30 20:50,12735
2019-06-30 20:55,12632
2019-06-30 21:00,12586
2019-06-30 21:05,12547
2019-06-30 21:10,12415
2019-06-30 21:15,12248
2019-06-30 21:20,12398
2019-06-30 21:25,12333
2019-06-30 21:30,12197
2019-06-30 21:35,12096
2019-06-30 21:40,12029
2019-06-30 21:45,11917
2019-06-30 21:50,11806
2019-06-30 21:55,11714
2019-06-30 22:00,11571
2019-06-30 22:05,11330
2019-06-30 22:10,11160
2019-06-30 22:15,11103
2019-06-30 22:20,11001
2019-06-30 22:25,10924
2019-06-30 22:30,10824
2019-06-30 22:35,10686
2019-06-30 22:40,10616
2019-06-30 22:45,10544
2019-06-30 22:50,10537
2019-06-30 22:55,10597
2019-06-30 23:00,10690
2019-06-30 23:05,10704
2019-06-30 23:10,10752
2019-06-30 23:15,10809
2019-06-30 23:20,10720
2019-06-30 23:25,10632
2019-06-30 23:30,10462
2019-06-30 23:35,10350
2019-06-30 23:40,10164
2019-06-30 23:45,10046
2019-06-30 23:50,9884
2019-06-30 23:55,9750
2019-07-01 00:00,9756
2019-07-01 00:05,9742
2019-07-01 00:10,9669
2019-07-01 00:15,9637
2019-07-01 00:20,9531
2019-07-01 00:25,9478
2019-07-01 00:30,9434
2019-07-01 00:35,9385
2019-07-01 00:40,9429
2019-07-01 00:45,9463
2019-07-01 00:50,9421
2019-07-01 00:55,9445
2019-07-01 01:00,9440
2019-07-01 01:05,9465
2019-07-01 01:10,9473
2019-07-01 01:15,9448
2019-07-01 01:20,9429
2019-07-01 01:25,9440
2019-07-01 01:30,9380
2019-07-01 01:35,9405
2019-07-01 01:40,9427
2019-07-01 01:45,9465
2019-07-01 01:50,9434
2019-07-01 01:55,9398
2019-07-01 02:00,9352
2019-07-01 02:05,9344
2019-07-01 02:10,9318
2019-07-01 02:15,9267
2019-07-01 02:20,9200
2019-07-01 02:25,9174
2019-07-01 02:30,9144
2019-07-01 02:35,9116
2019-07-01 02:40,9067
2019-07-01 02:45,9085
2019-07-01 02:50,8959
2019-07-01 02:55,8880
2019-07-01 03:00,8813
2019-07-01 03:05,8828
2019-07-01 03:10,8694
2019-07-01 03:15,8527
2019-07-01 03:20,8220
2019-07-01 03:25,8168
2019-07-01 03:30,8118
2019-07-01 03:35,8083
2019-07-01 03:40,8065
2019-07-01 03:45,7958
2019-07-01 03:50,7865
2019-07-01 03:55,7787
2019-07-01 04:00,7724
2019-07-01 04:05,7646
2019-07-01 04:10,7597
2019-07-01 04:15,7506
2019-07-01 04:20,7431
2019-07-01 04:25,7388
2019-07-01 04:30,7291
2019-07-01 04:35,7196
2019-07-01 04:40,7082
2019-07-01 04:45,6967
2019-07-01 04:50,6862
2019-07-01 04:55,6821
2019-07-01 05:00,6762
2019-07-01 05:05,6657
2019-07-01 05:10,6567
2019-07-01 05:15,6485
2019-07-01 05:20,6368
2019-07-01 05:25,6241
2019-07-01 05:30,6135
2019-07-01 05:35,6055
2019-07-01 05:40,5945
2019-07-01 05:45,5825
2019-07-01 05:50,5785
2019-07-01 05:55,5697
2019-07-01 06:00,5631
2019-07-01 06:05,5564
2019-07-01 06:10,5491
2019-07-01 06:15,5379
2019-07-01 06:20,5285
2019-07-01 06:25,5184
2019-07-01 06:30,5102
2019-07-01 06:35,5043
2019-07-01 06:40,4975
2019-07-01 06:45,4903
2019-07-01 06:50,4842
2019-07-01 06:55,4790
2019-07-01 07:00,4686
2019-07-01 07:05,4596
2019-07-01 07:10,4532
2019-07-01 07:15,4508
2019-07-01 07:20,4476
2019-07-01 07:25,4403
2019-07-01 07:30,4361
2019-07-01 07:35,4315
2019-07-01 07:40,4322
2019-07-01 07:45,4255
2019-07-01 07:50,4290
2019-07-01 07:55,4269
2019-07-01 08:00,4275
2019-07-01 08:05,4243
2019-07-01 08:10,4206
2019-07-01 08:15,4213
2019-07-01 08:20,4185
2019-07-01 08:25,4183
2019-07-01 08:30,4176
2019-07-01 08:35,4142
2019-07-01 08:40,4137
2019-07-01 08:45,4139
2019-07-01 08:50,4159
2019-07-01 08:55,4135
2019-07-01 09:00,4182
2019-07-01 09:05,4156
2019-07-01 09:10,4170
2019-07-01 09:15,4181
2019-07-01 09:20,4180
2019-07-01 09:25,4228
2019-07-01 09:30,4262
2019-07-01 09:35,4273
2019-07-01 09:40,4339
2019-07-01 09:45,4353
2019-07-01 09:50,4387
2019-07-01 09:55,4399
2019-07-01 10:00,4394
2019-07-01 10:05,4445
2019-07-01 10:10,4475
2019-07-01 10:15,4469
2019-07-01 10:20,4480
2019-07-01 10:25,4528
2019-07-01 10:30,4543
2019-07-01 10:35,4590
2019-07-01 10:40,4625
2019-07-01 10:45,4672
2019-07-01 10:50,4744
2019-07-01 10:55,4790
2019-07-01 11:00,4855
2019-07-01 11:05,4909
2019-07-01 11:10,4977
2019-07-01 11:15,5011
2019-07-01 11:20,5048
2019-07-01 11:25,5081
2019-07-01 11:30,5118
2019-07-01 11:35,5159
2019-07-01 11:40,5219
2019-07-01 11:45,5251
2019-07-01 11:50,5274
2019-07-01 11:55,5324
2019-07-01 12:00,5400
2019-07-01 12:05,5452
2019-07-01 12:10,5482
2019-07-01 12:15,5513
2019-07-01 12:20,5573
2019-07-01 12:25,5584
2019-07-01 12:30,5594
2019-07-01 12:35,5640
2019-07-01 12:40,5693
2019-07-01 12:45,5732
2019-07-01 12:50,5787
2019-07-01 12:55,5677
2019-07-01 13:00,5792
2019-07-01 13:05,5827
2019-07-01 13:10,5916
2019-07-01 13:15,5986
2019-07-01 13:20,6052
2019-07-01 13:25,6099
2019-07-01 13:30,6158
2019-07-01 13:35,6238
2019-07-01 13:40,6353
2019-07-01 13:45,6455
2019-07-01 13:50,6560
2019-07-01 13:55,6653
2019-07-01 14:00,6730
2019-07-01 14:05,6863
2019-07-01 14:10,6954
2019-07-01 14:15,7029
2019-07-01 14:20,7086
2019-07-01 14:25,7098
2019-07-01 14:30,7173
2019-07-01 14:35,7229
2019-07-01 14:40,7307
2019-07-01 14:45,7350
2019-07-01 14:50,7423
2019-07-01 14:55,7463
2019-07-01 15:00,7546
2019-07-01 15:05,7615
2019-07-01 15:10,7683
2019-07-01 15:15,7735
2019-07-01 15:20,7862
2019-07-01 15:25,7941
2019-07-01 15:30,8044
2019-07-01 15:35,8059
2019-07-01 15:40,8110
2019-07-01 15:45,8173
2019-07-01 15:50,8264
2019-07-01 15:55,8344
2019-07-01 16:00,8333
2019-07-01 16:05,8408
2019-07-01 16:10,8467
2019-07-01 16:15,8516
2019-07-01 16:20,8586
2019-07-01 16:25,8655
2019-07-01 16:30,8715
2019-07-01 16:35,8796
2019-07-01 16:40,8892
2019-07-01 16:45,8970
2019-07-01 16:50,9108
2019-07-01 16:55,9170
2019-07-01 17:00,9194
2019-07-01 17:05,9206
2019-07-01 17:10,9367
2019-07-01 17:15,9392
2019-07-01 17:20,9410
2019-07-01 17:25,9446
2019-07-01 17:30,9546
2019-07-01 17:35,9600
2019-07-01 17:40,9679
2019-07-01 17:45,9797
2019-07-01 17:50,9889
2019-07-01 17:55,9971
2019-07-01 18:00,10005
2019-07-01 18:05,10068
2019-07-01 18:10,10191
2019-07-01 18:15,10260
2019-07-01 18:20,10343
2019-07-01 18:25,10405
2019-07-01 18:30,10438
2019-07-01 18:35,10474
2019-07-01 18:40,10558
2019-07-01 18:45,10576
2019-07-01 18:50,10641
2019-07-01 18:55,10712
2019-07-01 19:00,10742
2019-07-01 19:05,10869
2019-07-01 19:10,10940
2019-07-01 19:15,11072
2019-07-01 19:20,11093
2019-07-01 19:25,11159
2019-07-01 19:30,11132
2019-07-01 19:35,11119
2019-07-01 19:40,11155
2019-07-01 19:45,11116
2019-07-01 19:50,11188
2019-07-01 19:55,11181
2019-07-01 20:00,11079
2019-07-01 20:05,11112
2019-07-01 20:10,11165
2019-07-01 20:15,11194
2019-07-01 20:20,11185
2019-07-01 20:25,11132
2019-07-01 20:30,11114
2019-07-01 20:35,11056
2019-07-01 20:40,11020
2019-07-01 20:45,10983
2019-07-01 20:50,10863
2019-07-01 20:55,10869
2019-07-01 21:00,10813
2019-07-01 21:05,10783
2019-07-01 21:10,10807
2019-07-01 21:15,10955
2019-07-01 21:20,10888
2019-07-01 21:25,10914
2019-07-01 21:30,10990
2019-07-01 21:35,11013
2019-07-01 21:40,11033
2019-07-01 21:45,11013
2019-07-01 21:50,10976
2019-07-01 21:55,10890
2019-07-01 22:00,10834
2019-07-01 22:05,0
2019-07-01 22:10,10752
2019-07-01 22:15,10604
2019-07-01 22:20,10492
2019-07-01 22:25,10443
2019-07-01 22:30,10353
2019-07-01 22:35,10269
2019-07-01 22:40,10140
2019-07-01 22:45,10072
2019-07-01 22:50,9957
2019-07-01 22:55,9863
2019-07-01 23:00,9786
2019-07-01 23:05,0
2019-07-01 23:10,9653
2019-07-01 23:15,9599
2019-07-01 23:20,9594
2019-07-01 23:25,9493
2019-07-01 23:30,9408
2019-07-01 23:35,9359
2019-07-01 23:40,9319
2019-07-01 23:45,9280
2019-07-01 23:50,9210
2019-07-01 23:55,9159
2019-07-02 00:00,9193
2019-07-02 00:05,9254
2019-07-02 00:10,9261
2019-07-02 00:15,9231
2019-07-02 00:20,9248
2019-07-02 00:25,9213
2019-07-02 00:30,9183
2019-07-02 00:35,9159
2019-07-02 00:40,9179
2019-07-02 00:45,9189
2019-07-02 00:50,9158
2019-07-02 00:55,9163
2019-07-02 01:00,9197
2019-07-02 01:05,9217
2019-07-02 01:10,9280
2019-07-02 01:15,9309
2019-07-02 01:20,9287
2019-07-02 01:25,9298
2019-07-02 01:30,9358
2019-07-02 01:35,9311
2019-07-02 01:40,9317
2019-07-02 01:45,9333
2019-07-02 01:50,9326
2019-07-02 01:55,9348
2019-07-02 02:00,9253
2019-07-02 02:05,9243
2019-07-02 02:10,9255
2019-07-02 02:15,9287
2019-07-02 02:20,9271
2019-07-02 02:25,9238
2019-07-02 02:30,9206
2019-07-02 02:35,9162
2019-07-02 02:40,9113
2019-07-02 02:45,9107
2019-07-02 02:50,8986
2019-07-02 02:55,8954
2019-07-02 03:00,8933
2019-07-02 03:05,8821
2019-07-02 03:10,8735
2019-07-02 03:15,8617
2019-07-02 03:20,8502
2019-07-02 03:25,8430
2019-07-02 03:30,8317
2019-07-02 03:35,8248
2019-07-02 03:40,8194
2019-07-02 03:45,8125
2019-07-02 03:50,8091
2019-07-02 03:55,8074
2019-07-02 04:00,7939
2019-07-02 04:05,7837
2019-07-02 04:10,7726
2019-07-02 04:15,7644
2019-07-02 04:20,7532
2019-07-02 04:25,7482
2019-07-02 04:30,7378
2019-07-02 04:35,7278
2019-07-02 04:40,7192
2019-07-02 04:45,7071
2019-07-02 04:50,6974
2019-07-02 04:55,6845
2019-07-02 05:00,6724
2019-07-02 05:05,6593
2019-07-02 05:10,6528
2019-07-02 05:15,6392
2019-07-02 05:20,6309
2019-07-02 05:25,6209
2019-07-02 05:30,6125
2019-07-02 05:35,5970
2019-07-02 05:40,5847
2019-07-02 05:45,5743
2019-07-02 05:50,5677
2019-07-02 05:55,5577
2019-07-02 06:00,5484
2019-07-02 06:05,5370
2019-07-02 06:10,5286
2019-07-02 06:15,5158
2019-07-02 06:20,5073
2019-07-02 06:25,4964
2019-07-02 06:30,4893
2019-07-02 06:35,4780
2019-07-02 06:40,4709
2019-07-02 06:45,4620
2019-07-02 06:50,4580
2019-07-02 06:55,4528
2019-07-02 07:00,4488
2019-07-02 07:05,4440
2019-07-02 07:10,4374
2019-07-02 07:15,4315
2019-07-02 07:20,4273
2019-07-02 07:25,4234
2019-07-02 07:30,4200
2019-07-02 07:35,4183
2019-07-02 07:40,4166
2019-07-02 07:45,4085
2019-07-02 07:50,4048
2019-07-02 07:55,4013
2019-07-02 08:00,4013
2019-07-02 08:05,3969
2019-07-02 08:10,3958
2019-07-02 08:15,3938
2019-07-02 08:20,3934
2019-07-02 08:25,3910
2019-07-02 08:30,3923
2019-07-02 08:35,3953
2019-07-02 08:40,3938
2019-07-02 08:45,3959
2019-07-02 08:50,3990
2019-07-02 08:55,4006
2019-07-02 09:00,4009
2019-07-02 09:05,4037
2019-07-02 09:10,4023
2019-07-02 09:15,4053
2019-07-02 09:20,4083
2019-07-02 09:25,4082
2019-07-02 09:30,4126
2019-07-02 09:35,4157
2019-07-02 09:40,4202
2019-07-02 09:45,4257
2019-07-02 09:50,4298
2019-07-02 09:55,4323
2019-07-02 10:00,4392
2019-07-02 10:05,4438
2019-07-02 10:10,4465
2019-07-02 10:15,4491
2019-07-02 10:20,4532
2019-07-02 10:25,4535
2019-07-02 10:30,4566
2019-07-02 10:35,4591
2019-07-02 10:40,4620
2019-07-02 10:45,4645
2019-07-02 10:50,4654
2019-07-02 10:55,4693
2019-07-02 11:00,4711
2019-07-02 11:05,4759
2019-07-02 11:10,4771
2019-07-02 11:15,4775
2019-07-02 11:20,4838
2019-07-02 11:25,4924
2019-07-02 11:30,4943
2019-07-02 11:35,4968
2019-07-02 11:40,5038
2019-07-02 11:45,5088
2019-07-02 11:50,5162
2019-07-02 11:55,5231
2019-07-02 12:00,5235
2019-07-02 12:05,5259
2019-07-02 12:10,5258
2019-07-02 12:15,5328
2019-07-02 12:20,5368
2019-07-02 12:25,5429
2019-07-02 12:30,5452
2019-07-02 12:35,5471
2019-07-02 12:40,5562
2019-07-02 12:45,5619
2019-07-02 12:50,5696
2019-07-02 12:55,5759
2019-07-02 13:00,5764
2019-07-02 13:05,5845
2019-07-02 13:10,5938
2019-07-02 13:15,6006
2019-07-02 13:20,6119
2019-07-02 13:25,6143
2019-07-02 13:30,6293
2019-07-02 13:35,6351
2019-07-02 13:40,6505
2019-07-02 13:45,6542
2019-07-02 13:50,6615
2019-07-02 13:55,6604
2019-07-02 14:00,6627
2019-07-02 14:05,6633
2019-07-02 14:10,6715
2019-07-02 14:15,6762
2019-07-02 14:20,6866
2019-07-02 14:25,6991
2019-07-02 14:30,7067
2019-07-02 14:35,7149
2019-07-02 14:40,7228
2019-07-02 14:45,7373
2019-07-02 14:50,7425
2019-07-02 14:55,7492
2019-07-02 15:00,7496
2019-07-02 15:05,7579
2019-07-02 15:10,7586
2019-07-02 15:15,7652
2019-07-02 15:20,7735
2019-07-02 15:25,7823
2019-07-02 15:30,7814
2019-07-02 15:35,7872
2019-07-02 15:40,7936
2019-07-02 15:45,7964
2019-07-02 15:50,8007
2019-07-02 15:55,8033
2019-07-02 16:00,8042
2019-07-02 16:05,8110
2019-07-02 16:10,8139
2019-07-02 16:15,8207
2019-07-02 16:20,8280
2019-07-02 16:25,8314
2019-07-02 16:30,8377
2019-07-02 16:35,8467
2019-07-02 16:40,8536
2019-07-02 16:45,8533
2019-07-02 16:50,8589
2019-07-02 16:55,8633
2019-07-02 17:00,8708
2019-07-02 17:05,8767
2019-07-02 17:10,8816
2019-07-02 17:15,8883
2019-07-02 17:20,8945
2019-07-02 17:25,9059
2019-07-02 17:30,9134
2019-07-02 17:35,9229
2019-07-02 17:40,9287
2019-07-02 17:45,9328
2019-07-02 17:50,9425
2019-07-02 17:55,9497
2019-07-02 18:00,9522
2019-07-02 18:05,9639
2019-07-02 18:10,9730
2019-07-02 18:15,9814
2019-07-02 18:20,9883
2019-07-02 18:25,9934
2019-07-02 18:30,10067
2019-07-02 18:35,10153
2019-07-02 18:40,10291
2019-07-02 18:45,10399
2019-07-02 18:50,10426
2019-07-02 18:55,10435
2019-07-02 19:00,10471
2019-07-02 19:05,10500
2019-07-02 19:10,10568
2019-07-02 19:15,10590
2019-07-02 19:20,10699
2019-07-02 19:25,10745
2019-07-02 19:30,10790
2019-07-02 19:35,10883
2019-07-02 19:40,10954
2019-07-02 19:45,11019
2019-07-02 19:50,11042
2019-07-02 19:55,11087
2019-07-02 20:00,11082
2019-07-02 20:05,11032
2019-07-02 20:10,11076
2019-07-02 20:15,11137
2019-07-02 20:20,11204
2019-07-02 20:25,11161
2019-07-02 20:30,11130
2019-07-02 20:35,11112
2019-07-02 20:40,11078
2019-07-02 20:45,11083
2019-07-02 20:50,11047
2019-07-02 20:55,11008
2019-07-02 21:00,11026
2019-07-02 21:05,
2019-07-02 21:10,11018
2019-07-02 21:15,11002
2019-07-02 21:20,10907
2019-07-02 21:25,10854
2019-07-02 21:30,10796
2019-07-02 21:35,10678
2019-07-02 21:40,10541
2019-07-02 21:45,10482
2019-07-02 21:50,10466
2019-07-02 21:55,10385
2019-07-02 22:00,10315
2019-07-02 22:05,10182
2019-07-02 22:10,10059
2019-07-02 22:15,9979
2019-07-02 22:20,9902
2019-07-02 22:25,9809
2019-07-02 22:30,9728
2019-07-02 22:35,9713
2019-07-02 22:40,9610
2019-07-02 22:45,9529
2019-07-02 22:50,9450
2019-07-02 22:55,9417
2019-07-02 23:00,9327
2019-07-02 23:05,9254
2019-07-02 23:10,9201
2019-07-02 23:15,9201
2019-07-02 23:20,9151
2019-07-02 23:25,9138
2019-07-02 23:30,9085
2019-07-02 23:35,9071
2019-07-02 23:40,8997
2019-07-02 23:45,8968
2019-07-02 23:50,8905
2019-07-02 23:55,8887
2019-07-03 00:00,8908
2019-07-03 00:05,8872
2019-07-03 00:10,8800
2019-07-03 00:15,8713
2019-07-03 00:20,8666
2019-07-03 00:25,8557
2019-07-03 00:30,8476
2019-07-03 00:35,8441
2019-07-03 00:40,8445
2019-07-03 00:45,8379
2019-07-03 00:50,8381
2019-07-03 00:55,8384
2019-07-03 01:00,8364
2019-07-03 01:05,8405
2019-07-03 01:10,8407
2019-07-03 01:15,8396
2019-07-03 01:20,8422
2019-07-03 01:25,8470
2019-07-03 01:30,8471
2019-07-03 01:35,8532
2019-07-03 01:40,8499
2019-07-03 01:45,8461
2019-07-03 01:50,8476
2019-07-03 01:55,8457
2019-07-03 02:00,8374
2019-07-03 02:05,8251
2019-07-03 02:10,8155
2019-07-03 02:15,8190
2019-07-03 02:20,8127
2019-07-03 02:25,8151
2019-07-03 02:30,8296
2019-07-03 02:35,8355
2019-07-03 02:40,8306
2019-07-03 02:45,8398
2019-07-03 02:50,8486
2019-07-03 02:55,8498
2019-07-03 03:00,8520
2019-07-03 03:05,8472
2019-07-03 03:10,8412
2019-07-03 03:15,8362
2019-07-03 03:20,8291
2019-07-03 03:25,8234
2019-07-03 03:30,8101
2019-07-03 03:35,7977
2019-07-03 03:40,7914
2019-07-03 03:45,7823
2019-07-03 03:50,7811
2019-07-03 03:55,7756
2019-07-03 04:00,7661
2019-07-03 04:05,7529
2019-07-03 04:10,7458
2019-07-03 04:15,7363
2019-07-03 04:20,7248
2019-07-03 04:25,7157
2019-07-03 04:30,7056
2019-07-03 04:35,6980
2019-07-03 04:40,6868
2019-07-03 04:45,6768
2019-07-03 04:50,6652
2019-07-03 04:55,6530
2019-07-03 05:00,6412
2019-07-03 05:05,6278
2019-07-03 05:10,6213
2019-07-03 05:15,6145
2019-07-03 05:20,6035
2019-07-03 05:25,5876
2019-07-03 05:30,5845
2019-07-03 05:35,5778
2019-07-03 05:40,5699
2019-07-03 05:45,5580
2019-07-03 05:50,5461
2019-07-03 05:55,5400
2019-07-03 06:00,5317
2019-07-03 06:05,5231
2019-07-03 06:10,5132
2019-07-03 06:15,5038
2019-07-03 06:20,5015
2019-07-03 06:25,4907
2019-07-03 06:30,4810
2019-07-03 06:35,4712
2019-07-03 06:40,4644
2019-07-03 06:45,4549
2019-07-03 06:50,4471
2019-07-03 06:55,4443
2019-07-03 07:00,4435
2019-07-03 07:05,4383
2019-07-03 07:10,4318
2019-07-03 07:15,4279
2019-07-03 07:20,4245
2019-07-03 07:25,4186
2019-07-03 07:30,4128
2019-07-03 07:35,4133
2019-07-03 07:40,4146
2019-07-03 07:45,4081
2019-07-03 07:50,4040
2019-07-03 07:55,4012
2019-07-03 08:00,4028
2019-07-03 08:05,4021
2019-07-03 08:10,3966
2019-07-03 08:15,3971
2019-07-03 08:20,3985
2019-07-03 08:25,3985
2019-07-03 08:30,3996
2019-07-03 08:35,3972
2019-07-03 08:40,3950
2019-07-03 08:45,3949
2019-07-03 08:50,3937
2019-07-03 08:55,3959
2019-07-03 09:00,3958
2019-07-03 09:05,4003
2019-07-03 09:10,4010
2019-07-03 09:15,4028
2019-07-03 09:20,4066
2019-07-03 09:25,4098
2019-07-03 09:30,4090
2019-07-03 09:35,4135
2019-07-03 09:40,4166
2019-07-03 09:45,4181
2019-07-03 09:50,4204
2019-07-03 09:55,4238
2019-07-03 10:00,4235
2019-07-03 10:05,4296
2019-07-03 10:10,4332
2019-07-03 10:15,4359
2019-07-03 10:20,4435
2019-07-03 10:25,4461
2019-07-03 10:30,4496
2019-07-03 10:35,4529
2019-07-03 10:40,4578
2019-07-03 10:45,4633
2019-07-03 10:50,4752
2019-07-03 10:55,4739
2019-07-03 11:00,4753
2019-07-03 11:05,4821
2019-07-03 11:10,4885
2019-07-03 11:15,4906
2019-07-03 11:20,4929
2019-07-03 11:25,4948
2019-07-03 11:30,4996
2019-07-03 11:35,5037
2019-07-03 11:40,5107
2019-07-03 11:45,5177
2019-07-03 11:50,5186
2019-07-03 11:55,5248
2019-07-03 12:00,5247
2019-07-03 12:05,5306
2019-07-03 12:10,5285
2019-07-03 12:15,5302
2019-07-03 12:20,5385
2019-07-03 12:25,5453
2019-07-03 12:30,5485
2019-07-03 12:35,5580
2019-07-03 12:40,5576
2019-07-03 12:45,5671
2019-07-03 12:50,5687
2019-07-03 12:55,5733
2019-07-03 13:00,5750
2019-07-03 13:05,5826
2019-07-03 13:10,5851
2019-07-03 13:15,5989
2019-07-03 13:20,6057
2019-07-03 13:25,6113
2019-07-03 13:30,6151
2019-07-03 13:35,6169
2019-07-03 13:40,6238
2019-07-03 13:45,6272
2019-07-03 13:50,6356
2019-07-03 13:55,6454
2019-07-03 14:00,6526
2019-07-03 14:05,6554
2019-07-03 14:10,6648
2019-07-03 14:15,6719
2019-07-03 14:20,6798
2019-07-03 14:25,6879
2019-07-03 14:30,6914
2019-07-03 14:35,6941
2019-07-03 14:40,7033
2019-07-03 14:45,7117
2019-07-03 14:50,7147
2019-07-03 14:55,7232
2019-07-03 15:00,7286
2019-07-03 15:05,7354
2019-07-03 15:10,7354
2019-07-03 15:15,7458
2019-07-03 15:20,7506
2019-07-03 15:25,7575
2019-07-03 15:30,7626
2019-07-03 15:35,7702
2019-07-03 15:40,7729
2019-07-03 15:45,7784
2019-07-03 15:50,7907
2019-07-03 15:55,7901
2019-07-03 16:00,7927
2019-07-03 16:05,7985
2019-07-03 16:10,8052
2019-07-03 16:15,8027
2019-07-03 16:20,8056
2019-07-03 16:25,8188
2019-07-03 16:30,8277
2019-07-03 16:35,8379
2019-07-03 16:40,8430
2019-07-03 16:45,8479
2019-07-03 16:50,8502
2019-07-03 16:55,8568
2019-07-03 17:00,8684
2019-07-03 17:05,8750
2019-07-03 17:10,8801
2019-07-03 17:15,8879
2019-07-03 17:20,8941
2019-07-03 17:25,9017
2019-07-03 17:30,9100
2019-07-03 17:35,9236
2019-07-03 17:40,9331
2019-07-03 17:45,9399
2019-07-03 17:50,9438
2019-07-03 17:55,9536
2019-07-03 18:00,9657
2019-07-03 18:05,9745
2019-07-03 18:10,9744
2019-07-03 18:15,9758
2019-07-03 18:20,9884
2019-07-03 18:25,9957
2019-07-03 18:30,10048
2019-07-03 18:35,10129
2019-07-03 18:40,10199
2019-07-03 18:45,10221
2019-07-03 18:50,10308
2019-07-03 18:55,10394
2019-07-03 19:00,10409
2019-07-03 19:05,10480
2019-07-03 19:10,10548
2019-07-03 19:15,10561
2019-07-03 19:20,10666
2019-07-03 19:25,10713
2019-07-03 19:30,10750
2019-07-03 19:35,10834
2019-07-03 19:40,10896
2019-07-03 19:45,10895
2019-07-03 19:50,10854
2019-07-03 19:55,10915
2019-07-03 20:00,10927
2019-07-03 20:05,10895
2019-07-03 20:10,10866
2019-07-03 20:15,10874
2019-07-03 20:20,10841
2019-07-03 20:25,10875
2019-07-03 20:30,10804
2019-07-03 20:35,10758
2019-07-03 20:40,10742
2019-07-03 20:45,10748
2019-07-03 20:50,10758
2019-07-03 20:55,10713
2019-07-03 21:00,10647
2019-07-03 21:05,10599
2019-07-03 21:10,10560
2019-07-03 21:15,10457
2019-07-03 21:20,10399
2019-07-03 21:25,10306
2019-07-03 21:30,10222
2019-07-03 21:35,10192
2019-07-03 21:40,10179
2019-07-03 21:45,10100
2019-07-03 21:50,10041
2019-07-03 21:55,9960
2019-07-03 22:00,9834
2019-07-03 22:05,9739
2019-07-03 22:10,9668
2019-07-03 22:15,9578
2019-07-03 22:20,9545
2019-07-03 22:25,9485
2019-07-03 22:30,9417
2019-07-03 22:35,9379
2019-07-03 22:40,9381
2019-07-03 22:45,9282
2019-07-03 22:50,9136
2019-07-03 22:55,9184
2019-07-03 23:00,9082
2019-07-03 23:05,8966
2019-07-03 23:10,8784
2019-07-03 23:15,8831
2019-07-03 23:20,8880
2019-07-03 23:25,8841
2019-07-03 23:30,8753
2019-07-03 23:35,8696
2019-07-03 23:40,8684
2019-07-03 23:45,8691
2019-07-03 23:50,8676
2019-07-03 23:55,8685
2019-07-04 00:00,8641
2019-07-04 00:05,8610
2019-07-04 00:10,8597
2019-07-04 00:15,8576
2019-07-04 00:20,8569
2019-07-04 00:25,8528
2019-07-04 00:30,8517
2019-07-04 00:35,8567
2019-07-04 00:40,8552
2019-07-04 00:45,8634
2019-07-04 00:50,8670
2019-07-04 00:55,8785
2019-07-04 01:00,8853
2019-07-04 01:05,8859
2019-07-04 01:10,8791
2019-07-04 01:15,8818
2019-07-04 01:20,8792
2019-07-04 01:25,8791
2019-07-04 01:30,8753
2019-07-04 01:35,8683
2019-07-04 01:40,8653
2019-07-04 01:45,8582
2019-07-04 01:50,8544
2019-07-04 01:55,8547
2019-07-04 02:00,8513
2019-07-04 02:05,8526
2019-07-04 02:10,8508
2019-07-04 02:15,8481
2019-07-04 02:20,8493
2019-07-04 02:25,8443
2019-07-04 02:30,8445
2019-07-04 02:35,8499
2019-07-04 02:40,8555
2019-07-04 02:45,8542
2019-07-04 02:50,8562
2019-07-04 02:55,8576
2019-07-04 03:00,8564
2019-07-04 03:05,8623
2019-07-04 03:10,8573
2019-07-04 03:15,8547
2019-07-04 03:20,8537
2019-07-04 03:25,8504
2019-07-04 03:30,8465
2019-07-04 03:35,8398
2019-07-04 03:40,8335
2019-07-04 03:45,8276
2019-07-04 03:50,8230
2019-07-04 03:55,8146
2019-07-04 04:00,8088
2019-07-04 04:05,7992
2019-07-04 04:10,7940
2019-07-04 04:15,7878
2019-07-04 04:20,7835
2019-07-04 04:25,7736
2019-07-04 04:30,7665
2019-07-04 04:35,7621
2019-07-04 04:40,7502
2019-07-04 04:45,7474
2019-07-04 04:50,7429
2019-07-04 04:55,7399
2019-07-04 05:00,7323
2019-07-04 05:05,7269
2019-07-04 05:10,7217
2019-07-04 05:15,
2019-07-04 05:20,6981
2019-07-04 05:25,6781
2019-07-04 05:30,6640
2019-07-04 05:35,6474
2019-07-04 05:40,6390
2019-07-04 05:45,6303
2019-07-04 05:50,6247
2019-07-04 05:55,6152
2019-07-04 06:00,6089
2019-07-04 06:05,6033
2019-07-04 06:10,5929
2019-07-04 06:15,5861
2019-07-04 06:20,5764
2019-07-04 06:25,5650
2019-07-04 06:30,5510
2019-07-04 06:35,5474
2019-07-04 06:40,5405
2019-07-04 06:45,5286
2019-07-04 06:50,5230
2019-07-04 06:55,5149
2019-07-04 07:00,5084
2019-07-04 07:05,4980
2019-07-04 07:10,4880
2019-07-04 07:15,4771
2019-07-04 07:20,4728
2019-07-04 07:25,4659
2019-07-04 07:30,4614
2019-07-04 07:35,4569
2019-07-04 07:40,4508
2019-07-04 07:45,4478
2019-07-04 07:50,4489
2019-07-04 07:55,4439
2019-07-04 08:00,4397
2019-07-04 08:05,4369
2019-07-04 08:10,4332
2019-07-04 08:15,4314
2019-07-04 08:20,4295
2019-07-04 08:25,4246
2019-07-04 08:30,4208
2019-07-04 08:35,4225
2019-07-04 08:40,4225
2019-07-04 08:45,4176
2019-07-04 08:50,4178
2019-07-04 08:55,4178
2019-07-04 09:00,4164
2019-07-04 09:05,4160
2019-07-04 09:10,4162
2019-07-04 09:15,4137
2019-07-04 09:20,4201
2019-07-04 09:25,4229
2019-07-04 09:30,4250
2019-07-04 09:35,4251
2019-07-04 09:40,
2019-07-04 09:45,4345
2019-07-04 09:50,4344
2019-07-04 09:55,4361
2019-07-04 10:00,
2019-07-04 10:05,
2019-07-04 10:10,
2019-07-04 10:15,
2019-07-04 10:20,
2019-07-04 10:25,
2019-07-04 10:30,
2019-07-04 10:35,
2019-07-04 10:40,
2019-07-04 10:45,
2019-07-04 10:50,
2019-07-04 10:55,
2019-07-04 11:00,
2019-07-04 11:05,
2019-07-04 11:10,
2019-07-04 11:15,
2019-07-04 11:20,
2019-07-04 11:25,
2019-07-04 11:30,
2019-07-04 11:35,
2019-07-04 11:40,
2019-07-04 11:45,
2019-07-04 11:50,
2019-07-04 11:55,
2019-07-04 12:00,
2019-07-04 12:05,
2019-07-04 12:10,5368
2019-07-04 12:15,5439
2019-07-04 12:20,5486
2019-07-04 12:25,5496
2019-07-04 12:30,5548
2019-07-04 12:35,5544
2019-07-04 12:40,5632
2019-07-04 12:45,5681
2019-07-04 12:50,5743
2019-07-04 12:55,5838
2019-07-04 13:00,5896
2019-07-04 13:05,5982
2019-07-04 13:10,6033
2019-07-04 13:15,6162
2019-07-04 13:20,6233
2019-07-04 13:25,6318
2019-07-04 13:30,6335
2019-07-04 13:35,6429
2019-07-04 13:40,6446
2019-07-04 13:45,6468
2019-07-04 13:50,6556
2019-07-04 13:55,6623
2019-07-04 14:00,6641
2019-07-04 14:05,6698
2019-07-04 14:10,6796
2019-07-04 14:15,6852
2019-07-04 14:20,6957
2019-07-04 14:25,7098
2019-07-04 14:30,7167
2019-07-04 14:35,7276
2019-07-04 14:40,7319
2019-07-04 14:45,7346
2019-07-04 14:50,7404
2019-07-04 14:55,7494
2019-07-04 15:00,7577
2019-07-04 15:05,7653
2019-07-04 15:10,7669
2019-07-04 15:15,7731
2019-07-04 15:20,7789
2019-07-04 15:25,7843
2019-07-04 15:30,7948
2019-07-04 15:35,8052
2019-07-04 15:40,8076
2019-07-04 15:45,8124
2019-07-04 15:50,8227
2019-07-04 15:55,8215
2019-07-04 16:00,8274
2019-07-04 16:05,8345
2019-07-04 16:10,8452
2019-07-04 16:15,8514
2019-07-04 16:20,8570
2019-07-04 16:25,8707
2019-07-04 16:30,8795
2019-07-04 16:35,8843
2019-07-04 16:40,8970
2019-07-04 16:45,9020
2019-07-04 16:50,9125
2019-07-04 16:55,9208
2019-07-04 17:00,9228
2019-07-04 17:05,9279
2019-07-04 17:10,9423
2019-07-04 17:15,9505
2019-07-04 17:20,9651
2019-07-04 17:25,9788
2019-07-04 17:30,9918
2019-07-04 17:35,10011
2019-07-04 17:40,10100
2019-07-04 17:45,10231
2019-07-04 17:50,10336
2019-07-04 17:55,10398
2019-07-04 18:00,10422
2019-07-04 18:05,10505
2019-07-04 18:10,10527
2019-07-04 18:15,10560
2019-07-04 18:20,10559
2019-07-04 18:25,0
2019-07-04 18:30,10639
2019-07-04 18:35,10693
2019-07-04 18:40,10827
2019-07-04 18:45,10909
2019-07-04 18:50,10981
2019-07-04 18:55,10994
2019-07-04 19:00,11060
2019-07-04 19:05,11095
2019-07-04 19:10,11085
2019-07-04 19:15,11182
2019-07-04 19:20,11170
2019-07-04 19:25,11198
2019-07-04 19:30,11239
2019-07-04 19:35,11280
2019-07-04 19:40,11303
2019-07-04 19:45,11346
2019-07-04 19:50,11438
2019-07-04 19:55,11443
2019-07-04 20:00,11456
2019-07-04 20:05,11436
2019-07-04 20:10,11482
2019-07-04 20:15,11411
2019-07-04 20:20,11378
2019-07-04 20:25,11342
2019-07-04 20:30,11303
2019-07-04 20:35,11298
2019-07-04 20:40,11196
2019-07-04 20:45,11177
2019-07-04 20:50,11120
2019-07-04 20:55,11040
2019-07-04 21:00,10949
2019-07-04 21:05,10868
2019-07-04 21:10,10819
2019-07-04 21:15,10806
2019-07-04 21:20,10712
2019-07-04 21:25,10574
2019-07-04 21:30,10464
2019-07-04 21:35,10409
2019-07-04 21:40,10330
2019-07-04 21:45,10314
2019-07-04 21:50,10262
2019-07-04 21:55,10173
2019-07-04 22:00,10032
2019-07-04 22:05,9952
2019-07-04 22:10,9814
2019-07-04 22:15,9732
2019-07-04 22:20,9603
2019-07-04 22:25,9517
2019-07-04 22:30,9570
2019-07-04 22:35,9560
2019-07-04 22:40,9612
2019-07-04 22:45,9566
2019-07-04 22:50,9547
2019-07-04 22:55,9611
2019-07-04 23:00,9482
2019-07-04 23:05,9365
2019-07-04 23:10,9263
2019-07-04 23:15,9085
2019-07-04 23:20,8996
2019-07-04 23:25,8779
2019-07-04 23:30,8705
2019-07-04 23:35,8627
2019-07-04 23:40,8580
2019-07-04 23:45,8492
2019-07-04 23:50,8413
2019-07-04 23:55,8381
2019-07-05 00:00,8318
2019-07-05 00:05,8245
2019-07-05 00:10,8157
2019-07-05 00:15,8096
2019-07-05 00:20,8037
2019-07-05 00:25,7980
2019-07-05 00:30,7893
2019-07-05 00:35,7879
2019-07-05 00:40,7846
2019-07-05 00:45,7844
2019-07-05 00:50,7836
2019-07-05 00:55,7794
2019-07-05 01:00,7742
2019-07-05 01:05,7704
2019-07-05 01:10,7728
2019-07-05 01:15,7664
2019-07-05 01:20,7617
2019-07-05 01:25,7614
2019-07-05 01:30,7606
2019-07-05 01:35,7590
2019-07-05 01:40,7605
2019-07-05 01:45,7625
2019-07-05 01:50,7616
2019-07-05 01:55,7608
2019-07-05 02:00,7546
2019-07-05 02:05,7554
2019-07-05 02:10,7553
2019-07-05 02:15,7551
2019-07-05 02:20,7545
2019-07-05 02:25,7581
2019-07-05 02:30,7573
2019-07-05 02:35,7597
2019-07-05 02:40,7610
2019-07-05 02:45,7614
2019-07-05 02:50,7577
2019-07-05 02:55,7558
2019-07-05 03:00,7488
2019-07-05 03:05,7528
2019-07-05 03:10,7506
2019-07-05 03:15,7524
2019-07-05 03:20,7483
2019-07-05 03:25,7427
2019-07-05 03:30,7479
2019-07-05 03:35,7457
2019-07-05 03:40,7097
2019-07-05 03:45,6996
2019-07-05 03:50,6878
2019-07-05 03:55,6810
2019-07-05 04:00,6794
2019-07-05 04:05,6700
2019-07-05 04:10,6675
2019-07-05 04:15,6676
2019-07-05 04:20,6660
2019-07-05 04:25,6633
2019-07-05 04:30,6578
2019-07-05 04:35,6555
2019-07-05 04:40,6528
2019-07-05 04:45,6463
2019-07-05 04:50,6403
2019-07-05 04:55,6295
2019-07-05 05:00,6271
2019-07-05 05:05,6170
2019-07-05 05:10,6074
2019-07-05 05:15,6007
2019-07-05 05:20,5932
2019-07-05 05:25,5851
2019-07-05 05:30,5765
2019-07-05 05:35,5618
2019-07-05 05:40,5521
2019-07-05 05:45,5477
2019-07-05 05:50,5416
2019-07-05 05:55,5366
2019-07-05 06:00,5284
2019-07-05 06:05,5197
2019-07-05 06:10,5111
2019-07-05 06:15,4989
2019-07-05 06:20,4984
2019-07-05 06:25,4917
2019-07-05 06:30,4863
2019-07-05 06:35,4793
2019-07-05 06:40,4769
2019-07-05 06:45,4695
2019-07-05 06:50,4641
2019-07-05 06:55,4586
2019-07-05 07:00,4522
2019-07-05 07:05,4507
2019-07-05 07:10,4431
2019-07-05 07:15,4401
2019-07-05 07:20,4386
2019-07-05 07:25,4341
2019-07-05 07:30,4330
2019-07-05 07:35,4322
2019-07-05 07:40,4296
2019-07-05 07:45,4310
2019-07-05 07:50,4256
2019-07-05 07:55,4184
2019-07-05 08:00,4152
2019-07-05 08:05,4100
2019-07-05 08:10,4076
2019-07-05 08:15,4095
2019-07-05 08:20,4053
2019-07-05 08:25,4043
2019-07-05 08:30,4029
2019-07-05 08:35,4029
2019-07-05 08:40,4008
2019-07-05 08:45,3967
2019-07-05 08:50,3977
2019-07-05 08:55,4019
2019-07-05 09:00,4005
2019-07-05 09:05,4040
2019-07-05 09:10,4040
2019-07-05 09:15,4094
2019-07-05 09:20,4082
2019-07-05 09:25,4099
2019-07-05 09:30,4133
2019-07-05 09:35,4185
2019-07-05 09:40,4264
2019-07-05 09:45,4332
2019-07-05 09:50,4401
2019-07-05 09:55,4436
2019-07-05 10:00,4437
2019-07-05 10:05,4455
2019-07-05 10:10,4514
2019-07-05 10:15,4532
2019-07-05 10:20,4555
2019-07-05 10:25,4566
2019-07-05 10:30,4582
2019-07-05 10:35,4587
2019-07-05 10:40,4631
2019-07-05 10:45,4694
2019-07-05 10:50,4732
2019-07-05 10:55,4728
2019-07-05 11:00,4822
2019-07-05 11:05,4900
2019-07-05 11:10,4933
2019-07-05 11:15,4963
2019-07-05 11:20,5011
2019-07-05 11:25,5063
2019-07-05 11:30,5160
2019-07-05 11:35,5193
2019-07-05 11:40,5207
2019-07-05 11:45,5225
2019-07-05 11:50,5315
2019-07-05 11:55,5338
2019-07-05 12:00,5400
2019-07-05 12:05,5453
2019-07-05 12:10,5507
2019-07-05 12:15,5535
2019-07-05 12:20,5598
2019-07-05 12:25,5661
2019-07-05 12:30,5671
2019-07-05 12:35,5711
2019-07-05 12:40,5757
2019-07-05 12:45,5789
2019-07-05 12:50,5825
2019-07-05 12:55,5891
2019-07-05 13:00,5923
2019-07-05 13:05,6015
2019-07-05 13:10,6092
2019-07-05 13:15,6169
2019-07-05 13:20,6190
2019-07-05 13:25,6277
2019-07-05 13:30,6369
2019-07-05 13:35,6444
2019-07-05 13:40,6483
2019-07-05 13:45,6542
2019-07-05 13:50,6632
2019-07-05 13:55,6654
2019-07-05 14:00,6694
2019-07-05 14:05,6769
2019-07-05 14:10,6862
2019-07-05 14:15,6964
2019-07-05 14:20,7057
2019-07-05 14:25,7071
2019-07-05 14:30,7208
2019-07-05 14:35,7292
2019-07-05 14:40,7331
2019-07-05 14:45,7376
2019-07-05 14:50,7401
2019-07-05 14:55,7445
2019-07-05 15:00,7523
2019-07-05 15:05,7634
2019-07-05 15:10,7693
2019-07-05 15:15,7764
2019-07-05 15:20,7811
2019-07-05 15:25,7853
2019-07-05 15:30,7845
2019-07-05 15:35,7892
2019-07-05 15:40,7915
2019-07-05 15:45,7955
2019-07-05 15:50,7985
2019-07-05 15:55,7988
2019-07-05 16:00,8020
2019-07-05 16:05,8048
2019-07-05 16:10,8077
2019-07-05 16:15,8155
2019-07-05 16:20,8230
2019-07-05 16:25,8249
2019-07-05 16:30,8299
2019-07-05 16:35,8313
2019-07-05 16:40,8364
2019-07-05 16:45,8393
2019-07-05 16:50,8412
2019-07-05 16:55,
2019-07-05 17:00,8503
2019-07-05 17:05,
2019-07-05 17:10,8685
2019-07-05 17:15,8656
2019-07-05 17:20,8732
2019-07-05 17:25,8761
2019-07-05 17:30,8821
2019-07-05 17:35,8920
2019-07-05 17:40,9033
2019-07-05 17:45,9124
2019-07-05 17:50,9170
2019-07-05 17:55,9246
2019-07-05 18:00,9305
2019-07-05 18:05,9351
2019-07-05 18:10,9456
2019-07-05 18:15,9557
2019-07-05 18:20,9648
2019-07-05 18:25,9773
2019-07-05 18:30,9870
2019-07-05 18:35,9883
2019-07-05 18:40,10000
2019-07-05 18:45,10087
2019-07-05 18:50,10151
2019-07-05 18:55,10296
2019-07-05 19:00,
2019-07-05 19:05,
2019-07-05 19:10,
2019-07-05 19:15,10599
2019-07-05 19:20,10709
2019-07-05 19:25,10676
2019-07-05 19:30,10714
2019-07-05 19:35,10780
2019-07-05 19:40,10779
2019-07-05 19:45,10765
2019-07-05 19:50,10829
2019-07-05 19:55,10893
2019-07-05 20:00,10920
2019-07-05 20:05,10838
2019-07-05 20:10,10876
2019-07-05 20:15,10860
2019-07-05 20:20,10899
2019-07-05 20:25,10925
2019-07-05 20:30,10892
2019-07-05 20:35,10936
2019-07-05 20:40,10924
2019-07-05 20:45,10933
2019-07-05 20:50,10943
2019-07-05 20:55,10939
2019-07-05 21:00,10910
2019-07-05 21:05,10906
2019-07-05 21:10,10808
2019-07-05 21:15,10756
2019-07-05 21:20,10706
2019-07-05 21:25,10685
2019-07-05 21:30,10649
2019-07-05 21:35,10684
2019-07-05 21:40,10627
2019-07-05 21:45,10645
2019-07-05 21:50,10578
2019-07-05 21:55,10528
2019-07-05 22:00,10500
2019-07-05 22:05,
2019-07-05 22:10,
2019-07-05 22:15,
2019-07-05 22:20,10284
2019-07-05 22:25,10150
2019-07-05 22:30,10057
2019-07-05 22:35,9980
2019-07-05 22:40,9876
2019-07-05 22:45,9762
2019-07-05 22:50,9705
2019-07-05 22:55,9626
2019-07-05 23:00,9575
2019-07-05 23:05,9563
2019-07-05 23:10,9509
2019-07-05 23:15,9460
2019-07-05 23:20,9408
2019-07-05 23:25,9310
2019-07-05 23:30,9279
2019-07-05 23:35,9277
2019-07-05 23:40,9159
2019-07-05 23:45,9157
2019-07-05 23:50,9108
2019-07-05 23:55,9065
2019-07-06 00:00,8988
2019-07-06 00:05,8925
2019-07-06 00:10,8832
2019-07-06 00:15,8809
2019-07-06 00:20,8784
2019-07-06 00:25,8773
2019-07-06 00:30,8729
2019-07-06 00:35,8715
2019-07-06 00:40,8728
2019-07-06 00:45,8745
2019-07-06 00:50,8733
2019-07-06 00:55,8756
2019-07-06 01:00,
2019-07-06 01:05,8767
2019-07-06 01:10,8781
2019-07-06 01:15,8773
2019-07-06 01:20,8764
2019-07-06 01:25,8740
2019-07-06 01:30,8671
2019-07-06 01:35,8652
2019-07-06 01:40,8729
2019-07-06 01:45,8747
2019-07-06 01:50,8752
2019-07-06 01:55,8768
2019-07-06 02:00,8732
2019-07-06 02:05,8721
2019-07-06 02:10,8784
2019-07-06 02:15,8762
2019-07-06 02:20,8754
2019-07-06 02:25,8693
2019-07-06 02:30,8670
2019-07-06 02:35,8688
2019-07-06 02:40,8772
2019-07-06 02:45,8795
2019-07-06 02:50,8808
2019-07-06 02:55,8789
2019-07-06 03:00,8753
2019-07-06 03:05,8800
2019-07-06 03:10,8810
2019-07-06 03:15,8789
2019-07-06 03:20,8745
2019-07-06 03:25,8682
2019-07-06 03:30,8647
2019-07-06 03:35,8643
2019-07-06 03:40,8633
2019-07-06 03:45,8578
2019-07-06 03:50,8534
2019-07-06 03:55,8497
2019-07-06 04:00,8403
2019-07-06 04:05,8320
2019-07-06 04:10,8251
2019-07-06 04:15,8221
2019-07-06 04:20,8182
2019-07-06 04:25,8185
2019-07-06 04:30,8221
2019-07-06 04:35,8140
2019-07-06 04:40,8018
2019-07-06 04:45,7919
2019-07-06 04:50,7857
2019-07-06 04:55,7764
2019-07-06 05:00,7712
2019-07-06 05:05,7668
2019-07-06 05:10,7549
2019-07-06 05:15,7502
2019-07-06 05:20,7397
2019-07-06 05:25,7297
2019-07-06 05:30,7185
2019-07-06 05:35,7086
2019-07-06 05:40,6943
2019-07-06 05:45,6862
2019-07-06 05:50,6747
2019-07-06 05:55,6601
2019-07-06 06:00,6524
2019-07-06 06:05,
2019-07-06 06:10,6315
2019-07-06 06:15,6211
2019-07-06 06:20,6039
2019-07-06 06:25,5973
2019-07-06 06:30,5896
2019-07-06 06:35,5778
2019-07-06 06:40,5637
2019-07-06 06:45,5534
2019-07-06 06:50,5464
2019-07-06 06:55,5440
2019-07-06 07:00,5347
2019-07-06 07:05,5272
2019-07-06 07:10,5206
2019-07-06 07:15,5150
2019-07-06 07:20,5102
2019-07-06 07:25,5095
2019-07-06 07:30,5029
2019-07-06 07:35,4961
2019-07-06 07:40,4871
2019-07-06 07:45,4850
2019-07-06 07:50,4841
2019-07-06 07:55,4823
2019-07-06 08:00,4777
2019-07-06 08:05,4752
2019-07-06 08:10,4711
2019-07-06 08:15,4686
2019-07-06 08:20,4660
2019-07-06 08:25,4669
2019-07-06 08:30,4685
2019-07-06 08:35,4670
2019-07-06 08:40,4663
2019-07-06 08:45,4634
2019-07-06 08:50,4639
2019-07-06 08:55,4676
2019-07-06 09:00,4655
2019-07-06 09:05,4680
2019-07-06 09:10,4730
2019-07-06 09:15,4782
2019-07-06 09:20,4816
2019-07-06 09:25,4882
2019-07-06 09:30,4853
2019-07-06 09:35,4915
2019-07-06 09:40,4953
2019-07-06 09:45,5052
2019-07-06 09:50,5098
2019-07-06 09:55,5145
2019-07-06 10:00,5175
2019-07-06 10:05,5158
2019-07-06 10:10,5157
2019-07-06 10:15,5161
2019-07-06 10:20,5155
2019-07-06 10:25,5224
2019-07-06 10:30,5232
2019-07-06 10:35,5213
2019-07-06 10:40,5255
2019-07-06 10:45,5347
2019-07-06 10:50,5422
2019-07-06 10:55,5491
2019-07-06 11:00,5577
2019-07-06 11:05,5640
2019-07-06 11:10,5635
2019-07-06 11:15,5672
2019-07-06 11:20,5712
2019-07-06 11:25,5795
2019-07-06 11:30,5817
2019-07-06 11:35,5860
2019-07-06 11:40,5926
2019-07-06 11:45,5978
2019-07-06 11:50,6013
2019-07-06 11:55,6082
2019-07-06 12:00,6149
2019-07-06 12:05,6240
2019-07-06 12:10,6294
2019-07-06 12:15,6357
2019-07-06 12:20,6355
2019-07-06 12:25,6449
2019-07-06 12:30,6521
2019-07-06 12:35,6567
2019-07-06 12:40,6649
2019-07-06 12:45,6795
2019-07-06 12:50,6852
2019-07-06 12:55,6867
2019-07-06 13:00,6889
2019-07-06 13:05,6939
2019-07-06 13:10,7024
2019-07-06 13:15,7051
2019-07-06 13:20,7138
2019-07-06 13:25,7164
2019-07-06 13:30,7208
2019-07-06 13:35,7292
2019-07-06 13:40,7347
2019-07-06 13:45,7363
2019-07-06 13:50,7440
2019-07-06 13:55,7522
2019-07-06 14:00,
2019-07-06 14:05,7671
2019-07-06 14:10,7727
2019-07-06 14:15,7822
2019-07-06 14:20,7819
2019-07-06 14:25,7868
2019-07-06 14:30,7923
2019-07-06 14:35,7987
2019-07-06 14:40,7999
2019-07-06 14:45,8083
2019-07-06 14:50,8117
2019-07-06 14:55,8177
2019-07-06 15:00,8116
2019-07-06 15:05,8191
2019-07-06 15:10,8234
2019-07-06 15:15,8251
2019-07-06 15:20,8282
2019-07-06 15:25,8385
2019-07-06 15:30,8407
2019-07-06 15:35,8428
2019-07-06 15:40,8464
2019-07-06 15:45,8473
2019-07-06 15:50,8556
2019-07-06 15:55,8603
2019-07-06 16:00,8654
2019-07-06 16:05,8714
2019-07-06 16:10,8755
2019-07-06 16:15,8840
2019-07-06 16:20,8838
2019-07-06 16:25,8868
2019-07-06 16:30,8954
2019-07-06 16:35,9005
2019-07-06 16:40,8992
2019-07-06 16:45,9010
2019-07-06 16:50,9029
2019-07-06 16:55,9118
2019-07-06 17:00,9110
2019-07-06 17:05,9112
2019-07-06 17:10,9153
2019-07-06 17:15,9183
2019-07-06 17:20,9253
2019-07-06 17:25,9313
2019-07-06 17:30,9428
2019-07-06 17:35,9497
2019-07-06 17:40,9562
2019-07-06 17:45,9633
2019-07-06 17:50,9667
2019-07-06 17:55,9724
2019-07-06 18:00,9804
2019-07-06 18:05,9904
2019-07-06 18:10,9976
2019-07-06 18:15,10095
2019-07-06 18:20,10212
2019-07-06 18:25,10254
2019-07-06 18:30,10246
2019-07-06 18:35,10346
2019-07-06 18:40,10410
2019-07-06 18:45,10461
2019-07-06 18:50,10555
2019-07-06 18:55,10647
2019-07-06 19:00,10637
2019-07-06 19:05,10645
2019-07-06 19:10,10658
2019-07-06 19:15,10664
2019-07-06 19:20,10694
2019-07-06 19:25,10783
2019-07-06 19:30,10826
2019-07-06 19:35,10912
2019-07-06 19:40,10929
2019-07-06 19:45,10951
2019-07-06 19:50,10999
2019-07-06 19:55,11030
2019-07-06 20:00,11094
2019-07-06 20:05,11109
2019-07-06 20:10,11149
2019-07-06 20:15,11183
2019-07-06 20:20,11175
2019-07-06 20:25,11248
2019-07-06 20:30,11264
2019-07-06 20:35,11223
2019-07-06 20:40,11189
2019-07-06 20:45,11236
2019-07-06 20:50,11210
2019-07-06 20:55,11210
2019-07-06 21:00,11147
2019-07-06 21:05,11140
2019-07-06 21:10,11163
2019-07-06 21:15,11085
2019-07-06 21:20,11045
2019-07-06 21:25,10994
2019-07-06 21:30,10954
2019-07-06 21:35,10979
2019-07-06 21:40,10977
2019-07-06 21:45,10843
2019-07-06 21:50,10805
2019-07-06 21:55,10801
2019-07-06 22:00,10742
2019-07-06 22:05,10696
2019-07-06 22:10,10591
2019-07-06 22:15,10591
2019-07-06 22:20,10448
2019-07-06 22:25,10369
2019-07-06 22:30,10310
2019-07-06 22:35,10265
2019-07-06 22:40,10184
2019-07-06 22:45,10138
2019-07-06 22:50,10027
2019-07-06 22:55,9963
2019-07-06 23:00,9921
2019-07-06 23:05,9857
2019-07-06 23:10,9799
2019-07-06 23:15,9757
2019-07-06 23:20,9739
2019-07-06 23:25,9660
2019-07-06 23:30,9577
2019-07-06 23:35,9551
2019-07-06 23:40,9477
2019-07-06 23:45,9389
2019-07-06 23:50,9256
2019-07-06 23:55,9185
2019-07-07 00:00,9058
2019-07-07 00:05,8996
2019-07-07 00:10,8954
2019-07-07 00:15,8882
2019-07-07 00:20,8831
2019-07-07 00:25,8762
2019-07-07 00:30,8708
2019-07-07 00:35,8692
2019-07-07 00:40,8669
2019-07-07 00:45,8640
2019-07-07 00:50,8593
2019-07-07 00:55,8622
2019-07-07 01:00,8592
2019-07-07 01:05,8558
2019-07-07 01:10,8551
2019-07-07 01:15,8504
2019-07-07 01:20,8500
2019-07-07 01:25,8519
2019-07-07 01:30,8572
2019-07-07 01:35,8559
2019-07-07 01:40,8476
2019-07-07 01:45,8429
2019-07-07 01:50,8402
2019-07-07 01:55,8433
2019-07-07 02:00,8438
2019-07-07 02:05,8468
2019-07-07 02:10,8523
2019-07-07 02:15,8530
2019-07-07 02:20,8532
2019-07-07 02:25,8529
2019-07-07 02:30,8519
2019-07-07 02:35,8552
2019-07-07 02:40,8570
2019-07-07 02:45,8589
2019-07-07 02:50,8591
2019-07-07 02:55,8569
2019-07-07 03:00,8574
2019-07-07 03:05,8570
2019-07-07 03:10,8582
2019-07-07 03:15,8565
2019-07-07 03:20,8566
2019-07-07 03:25,8570
2019-07-07 03:30,8600
2019-07-07 03:35,8601
2019-07-07 03:40,8561
2019-07-07 03:45,8491
2019-07-07 03:50,8499
2019-07-07 03:55,8486
2019-07-07 04:00,8405
2019-07-07 04:05,8325
2019-07-07 04:10,8240
2019-07-07 04:15,8190
2019-07-07 04:20,8115
2019-07-07 04:25,8116
2019-07-07 04:30,7985
2019-07-07 04:35,7924
2019-07-07 04:40,7836
2019-07-07 04:45,7746
2019-07-07 04:50,7721
2019-07-07 04:55,7667
2019-07-07 05:00,7640
2019-07-07 05:05,7597
2019-07-07 05:10,7544
2019-07-07 05:15,7476
2019-07-07 05:20,7394
2019-07-07 05:25,7287
2019-07-07 05:30,7202
2019-07-07 05:35,7122
2019-07-07 05:40,7058
2019-07-07 05:45,6949
2019-07-07 05:50,6871
2019-07-07 05:55,6786
2019-07-07 06:00,6714
2019-07-07 06:05,6601
2019-07-07 06:10,6477
2019-07-07 06:15,6343
2019-07-07 06:20,6309
2019-07-07 06:25,6215
2019-07-07 06:30,6165
2019-07-07 06:35,6119
2019-07-07 06:40,6041
2019-07-07 06:45,5969
2019-07-07 06:50,5922
2019-07-07 06:55,5855
2019-07-07 07:00,5754
2019-07-07 07:05,5695
2019-07-07 07:10,5695
2019-07-07 07:15,5615
2019-07-07 07:20,5444
2019-07-07 07:25,5425
2019-07-07 07:30,5378
2019-07-07 07:35,5341
2019-07-07 07:40,5351
2019-07-07 07:45,5263
2019-07-07 07:50,5193
2019-07-07 07:55,5141
2019-07-07 08:00,5117
2019-07-07 08:05,5065
2019-07-07 08:10,4993
2019-07-07 08:15,4983
2019-07-07 08:20,
2019-07-07 08:25,
2019-07-07 08:30,
2019-07-07 08:35,
2019-07-07 08:40,
2019-07-07 08:45,
2019-07-07 08:50,
2019-07-07 08:55,
2019-07-07 09:00,
2019-07-07 09:05,
2019-07-07 09:10,
2019-07-07 09:15,
2019-07-07 09:20,
2019-07-07 09:25,
2019-07-07 09:30,
2019-07-07 09:35,
2019-07-07 09:40,
2019-07-07 09:45,
2019-07-07 09:50,
2019-07-07 09:55,
2019-07-07 10:00,
2019-07-07 10:05,
2019-07-07 10:10,
2019-07-07 10:15,
2019-07-07 10:20,
2019-07-07 10:25,
2019-07-07 10:30,
2019-07-07 10:35,
2019-07-07 10:40,
2019-07-07 10:45,
2019-07-07 10:50,
2019-07-07 10:55,
2019-07-07 11:00,
2019-07-07 11:05,6030
2019-07-07 11:10,6122
2019-07-07 11:15,6105
2019-07-07 11:20,6167
2019-07-07 11:25,6196
2019-07-07 11:30,6306
2019-07-07 11:35,6329
2019-07-07 11:40,6411
2019-07-07 11:45,6472
2019-07-07 11:50,6547
2019-07-07 11:55,6576
2019-07-07 12:00,6611
2019-07-07 12:05,6668
2019-07-07 12:10,6772
2019-07-07 12:15,6754
2019-07-07 12:20,6813
2019-07-07 12:25,6813
2019-07-07 12:30,6936
2019-07-07 12:35,6997
2019-07-07 12:40,7010
2019-07-07 12:45,7051
2019-07-07 12:50,7090
2019-07-07 12:55,7198
2019-07-07 13:00,7243
2019-07-07 13:05,7248
2019-07-07 13:10,7248
2019-07-07 13:15,7288
2019-07-07 13:20,7351
2019-07-07 13:25,7400
2019-07-07 13:30,7569
2019-07-07 13:35,7569
2019-07-07 13:40,7681
2019-07-07 13:45,7762
2019-07-07 13:50,7880
2019-07-07 13:55,7950
2019-07-07 14:00,8079
2019-07-07 14:05,8079
2019-07-07 14:10,8151
2019-07-07 14:15,8214
2019-07-07 14:20,8261
2019-07-07 14:25,8327
2019-07-07 14:30,8333
2019-07-07 14:35,8429
2019-07-07 14:40,8516
2019-07-07 14:45,8598
2019-07-07 14:50,8691
2019-07-07 14:55,8718
2019-07-07 15:00,8822
2019-07-07 15:05,8822
2019-07-07 15:10,8850
2019-07-07 15:15,8881
2019-07-07 15:20,8897
2019-07-07 15:25,9006
2019-07-07 15:30,9067
2019-07-07 15:35,9045
2019-07-07 15:40,9113
2019-07-07 15:45,9223
2019-07-07 15:50,9267
2019-07-07 15:55,9332
2019-07-07 16:00,9383
2019-07-07 16:05,9376
2019-07-07 16:10,9473
2019-07-07 16:15,9523
2019-07-07 16:20,9581
2019-07-07 16:25,9580
2019-07-07 16:30,9621
2019-07-07 16:35,9659
2019-07-07 16:40,9740
2019-07-07 16:45,9879
2019-07-07 16:50,9975
2019-07-07 16:55,9828
2019-07-07 17:00,9905
2019-07-07 17:05,10066
2019-07-07 17:10,10245
2019-07-07 17:15,10405
2019-07-07 17:20,
2019-07-07 17:25,10568
2019-07-07 17:30,10621
2019-07-07 17:35,10716
2019-07-07 17:40,10746
2019-07-07 17:45,10779
2019-07-07 17:50,10861
2019-07-07 17:55,10951
2019-07-07 18:00,11018
2019-07-07 18:05,11046
2019-07-07 18:10,11137
2019-07-07 18:15,11220
2019-07-07 18:20,11280
2019-07-07 18:25,11360
2019-07-07 18:30,11430
2019-07-07 18:35,11493
2019-07-07 18:40,11586
2019-07-07 18:45,11628
2019-07-07 18:50,11704
2019-07-07 18:55,11701
2019-07-07 19:00,11750
2019-07-07 19:05,11785
2019-07-07 19:10,11765
2019-07-07 19:15,11796
2019-07-07 19:20,11804
2019-07-07 19:25,11891
2019-07-07 19:30,11998
2019-07-07 19:35,12037
2019-07-07 19:40,12100
2019-07-07 19:45,12156
2019-07-07 19:50,12195
2019-07-07 19:55,12163
2019-07-07 20:00,12095
2019-07-07 20:05,12060
2019-07-07 20:10,12024
2019-07-07 20:15,11977
2019-07-07 20:20,11961
2019-07-07 20:25,11990
2019-07-07 20:30,11974
2019-07-07 20:35,11997
2019-07-07 20:40,11982
2019-07-07 20:45,11969
2019-07-07 20:50,11919
2019-07-07 20:55,11854
2019-07-07 21:00,11792
2019-07-07 21:05,11788
2019-07-07 21:10,11704
2019-07-07 21:15,11623
2019-07-07 21:20,11531
2019-07-07 21:25,11482
2019-07-07 21:30,11441
2019-07-07 21:35,11393
2019-07-07 21:40,11296
2019-07-07 21:45,11183
2019-07-07 21:50,11144
2019-07-07 21:55,11003
2019-07-07 22:00,10892
2019-07-07 22:05,10811
2019-07-07 22:10,10712
2019-07-07 22:15,10661
2019-07-07 22:20,10556
2019-07-07 22:25,10458
2019-07-07 22:30,10394
2019-07-07 22:35,10375
2019-07-07 22:40,10310
2019-07-07 22:45,10318
2019-07-07 22:50,10253
2019-07-07 22:55,10159
2019-07-07 23:00,10102
2019-07-07 23:05,9995
2019-07-07 23:10,9926
2019-07-07 23:15,9871
2019-07-07 23:20,9817
2019-07-07 23:25,9817
2019-07-07 23:30,9820
2019-07-07 23:35,9783
2019-07-07 23:40,9676
2019-07-07 23:45,9623
2019-07-07 23:50,9521
2019-07-07 23:55,9508
2019-07-08 00:00,9479
2019-07-08 00:05,9446
2019-07-08 00:10,9446
2019-07-08 00:15,9401
2019-07-08 00:20,9335
2019-07-08 00:25,9330
2019-07-08 00:30,9321
2019-07-08 00:35,9299
2019-07-08 00:40,9305
2019-07-08 00:45,9307
2019-07-08 00:50,9296
2019-07-08 00:55,9333
2019-07-08 01:00,9325
2019-07-08 01:05,9279
2019-07-08 01:10,9307
2019-07-08 01:15,9333
2019-07-08 01:20,9303
2019-07-08 01:25,9251
2019-07-08 01:30,9167
2019-07-08 01:35,9184
2019-07-08 01:40,9222
2019-07-08 01:45,9121
2019-07-08 01:50,9159
2019-07-08 01:55,9135
2019-07-08 02:00,9065
2019-07-08 02:05,8962
2019-07-08 02:10,8939
2019-07-08 02:15,8922
2019-07-08 02:20,8876
2019-07-08 02:25,8828
2019-07-08 02:30,8849
2019-07-08 02:35,8816
2019-07-08 02:40,8739
2019-07-08 02:45,8706
2019-07-08 02:50,8621
2019-07-08 02:55,8568
2019-07-08 03:00,8526
2019-07-08 03:05,8395
2019-07-08 03:10,8258
2019-07-08 03:15,8179
2019-07-08 03:20,8129
2019-07-08 03:25,8110
2019-07-08 03:30,8078
2019-07-08 03:35,8037
2019-07-08 03:40,7971
2019-07-08 03:45,7883
2019-07-08 03:50,7811
2019-07-08 03:55,7730
2019-07-08 04:00,7628
2019-07-08 04:05,7626
2019-07-08 04:10,7568
2019-07-08 04:15,7432
2019-07-08 04:20,7359
2019-07-08 04:25,7286
2019-07-08 04:30,7221
2019-07-08 04:35,7198
2019-07-08 04:40,7150
2019-07-08 04:45,7122
2019-07-08 04:50,7063
2019-07-08 04:55,6936
2019-07-08 05:00,6854
2019-07-08 05:05,6716
2019-07-08 05:10,6586
2019-07-08 05:15,6457
2019-07-08 05:20,6350
2019-07-08 05:25,6282
2019-07-08 05:30,6198
2019-07-08 05:35,6100
2019-07-08 05:40,6002
2019-07-08 05:45,5883
2019-07-08 05:50,5767
2019-07-08 05:55,5621
2019-07-08 06:00,5517
2019-07-08 06:05,5408
2019-07-08 06:10,5312
2019-07-08 06:15,5218
2019-07-08 06:20,5113
2019-07-08 06:25,5050
2019-07-08 06:30,4969
2019-07-08 06:35,4821
2019-07-08 06:40,4761
2019-07-08 06:45,4681
2019-07-08 06:50,4661
2019-07-08 06:55,4604
2019-07-08 07:00,4546
2019-07-08 07:05,4477
2019-07-08 07:10,4396
2019-07-08 07:15,4364
2019-07-08 07:20,4301
2019-07-08 07:25,4280
2019-07-08 07:30,4251
2019-07-08 07:35,4175
2019-07-08 07:40,
2019-07-08 07:45,4121
2019-07-08 07:50,4099
2019-07-08 07:55,4107
2019-07-08 08:00,4108
2019-07-08 08:05,4087
2019-07-08 08:10,4080
2019-07-08 08:15,4065
2019-07-08 08:20,4093
2019-07-08 08:25,4060
2019-07-08 08:30,4053
2019-07-08 08:35,4079
2019-07-08 08:40,4106
2019-07-08 08:45,4077
2019-07-08 08:50,4087
2019-07-08 08:55,4102
2019-07-08 09:00,4122
2019-07-08 09:05,4173
2019-07-08 09:10,4136
2019-07-08 09:15,4113
2019-07-08 09:20,4126
2019-07-08 09:25,4163
2019-07-08 09:30,4178
2019-07-08 09:35,4223
2019-07-08 09:40,4256
2019-07-08 09:45,4259
2019-07-08 09:50,4295
2019-07-08 09:55,4296
2019-07-08 10:00,4296
2019-07-08 10:05,4313
2019-07-08 10:10,4378
2019-07-08 10:15,4395
2019-07-08 10:20,4396
2019-07-08 10:25,4419
2019-07-08 10:30,4446
2019-07-08 10:35,4473
2019-07-08 10:40,4521
2019-07-08 10:45,4551
2019-07-08 10:50,4608
2019-07-08 10:55,4599
2019-07-08 11:00,4643
2019-07-08 11:05,4643
2019-07-08 11:10,4693
2019-07-08 11:15,4707
2019-07-08 11:20,4737
2019-07-08 11:25,4787
2019-07-08 11:30,4826
2019-07-08 11:35,4895
2019-07-08 11:40,4918
2019-07-08 11:45,4920
2019-07-08 11:50,4995
2019-07-08 11:55,5026
2019-07-08 12:00,5093
2019-07-08 12:05,5128
2019-07-08 12:10,5180
2019-07-08 12:15,5262
2019-07-08 12:20,5253
2019-07-08 12:25,5319
2019-07-08 12:30,5382
2019-07-08 12:35,5422
2019-07-08 12:40,5500
2019-07-08 12:45,5516
2019-07-08 12:50,5581
2019-07-08 12:55,5653
2019-07-08 13:00,5774
2019-07-08 13:05,5794
2019-07-08 13:10,5857
2019-07-08 13:15,5912
2019-07-08 13:20,5973
2019-07-08 13:25,6037
2019-07-08 13:30,6032
2019-07-08 13:35,6090
2019-07-08 13:40,6141
2019-07-08 13:45,6220
2019-07-08 13:50,6293
2019-07-08 13:55,6394
2019-07-08 14:00,6468
2019-07-08 14:05,6549
2019-07-08 14:10,6592
2019-07-08 14:15,6627
2019-07-08 14:20,6754
2019-07-08 14:25,6779
2019-07-08 14:30,6890
2019-07-08 14:35,6941
2019-07-08 14:40,6968
2019-07-08 14:45,7074
2019-07-08 14:50,7165
2019-07-08 14:55,7230
2019-07-08 15:00,7288
2019-07-08 15:05,7342
2019-07-08 15:10,7398
2019-07-08 15:15,7422
2019-07-08 15:20,7498
2019-07-08 15:25,7493
2019-07-08 15:30,7547
2019-07-08 15:35,7586
2019-07-08 15:40,7671
2019-07-08 15:45,7748
2019-07-08 15:50,7788
2019-07-08 15:55,7857
2019-07-08 16:00,7918
2019-07-08 16:05,8026
2019-07-08 16:10,8103
2019-07-08 16:15,8385
2019-07-08 16:20,8285
2019-07-08 16:25,8343
2019-07-08 16:30,8400
2019-07-08 16:35,8403
2019-07-08 16:40,8505
2019-07-08 16:45,8524
2019-07-08 16:50,8636
2019-07-08 16:55,8709
2019-07-08 17:00,8746
2019-07-08 17:05,8828
2019-07-08 17:10,8906
2019-07-08 17:15,8972
2019-07-08 17:20,9060
2019-07-08 17:25,9091
2019-07-08 17:30,9165
2019-07-08 17:35,9255
2019-07-08 17:40,9377
2019-07-08 17:45,
2019-07-08 17:50,9511
2019-07-08 17:55,9588
2019-07-08 18:00,9646
2019-07-08 18:05,9695
2019-07-08 18:10,9756
2019-07-08 18:15,9799
2019-07-08 18:20,9852
2019-07-08 18:25,9998
2019-07-08 18:30,10074
2019-07-08 18:35,10155
2019-07-08 18:40,10316
2019-07-08 18:45,10360
2019-07-08 18:50,10491
2019-07-08 18:55,10542
2019-07-08 19:00,10579
2019-07-08 19:05,10570
2019-07-08 19:10,10627
2019-07-08 19:15,10627
2019-07-08 19:20,10693
2019-07-08 19:25,10708
2019-07-08 19:30,10733
2019-07-08 19:35,10687
2019-07-08 19:40,10730
2019-07-08 19:45,10730
2019-07-08 19:50,10723
2019-07-08 19:55,10756
2019-07-08 20:00,10814
2019-07-08 20:05,10857
2019-07-08 20:10,10924
2019-07-08 20:15,10874
2019-07-08 20:20,10849
2019-07-08 20:25,10819
2019-07-08 20:30,10855
2019-07-08 20:35,10812
2019-07-08 20:40,10812
2019-07-08 20:45,10840
2019-07-08 20:50,10811
2019-07-08 20:55,10769
2019-07-08 21:00,10770
2019-07-08 21:05,10738
2019-07-08 21:10,10787
2019-07-08 21:15,10705
2019-07-08 21:20,10605
2019-07-08 21:25,10619
2019-07-08 21:30,10527
2019-07-08 21:35,10401
2019-07-08 21:40,10350
2019-07-08 21:45,10267
2019-07-08 21:50,10221
2019-07-08 21:55,10164
2019-07-08 22:00,10102
2019-07-08 22:05,10069
2019-07-08 22:10,10018
2019-07-08 22:15,9904
2019-07-08 22:20,9890
2019-07-08 22:25,9884
2019-07-08 22:30,9809
2019-07-08 22:35,9783
2019-07-08 22:40,9748
2019-07-08 22:45,9742
2019-07-08 22:50,9677
2019-07-08 22:55,9606
2019-07-08 23:00,9524
2019-07-08 23:05,9447
2019-07-08 23:10,9420
2019-07-08 23:15,9352
2019-07-08 23:20,9263
2019-07-08 23:25,
2019-07-08 23:30,9123
2019-07-08 23:35,9156
2019-07-08 23:40,9155
2019-07-08 23:45,9117
2019-07-08 23:50,9137
2019-07-08 23:55,9109
2019-07-09 00:00,9084
2019-07-09 00:05,9094
2019-07-09 00:10,9020
2019-07-09 00:15,9081
2019-07-09 00:20,9110
2019-07-09 00:25,9119
2019-07-09 00:30,9082
2019-07-09 00:35,9133
2019-07-09 00:40,9121
2019-07-09 00:45,9132
2019-07-09 00:50,9087
2019-07-09 00:55,9070
2019-07-09 01:00,9058
2019-07-09 01:05,9079
2019-07-09 01:10,9107
2019-07-09 01:15,9078
2019-07-09 01:20,9080
2019-07-09 01:25,9055
2019-07-09 01:30,9082
2019-07-09 01:35,9098
2019-07-09 01:40,9083
2019-07-09 01:45,9084
2019-07-09 01:50,9016
2019-07-09 01:55,9071
2019-07-09 02:00,9045
2019-07-09 02:05,9012
2019-07-09 02:10,8991
2019-07-09 02:15,8930
2019-07-09 02:20,8971
2019-07-09 02:25,8934
2019-07-09 02:30,8898
2019-07-09 02:35,8869
2019-07-09 02:40,8820
2019-07-09 02:45,8840
2019-07-09 02:50,8795
2019-07-09 02:55,8763
2019-07-09 03:00,8713
2019-07-09 03:05,8705
2019-07-09 03:10,8671
2019-07-09 03:15,8577
2019-07-09 03:20,8489
2019-07-09 03:25,8414
2019-07-09 03:30,8327
2019-07-09 03:35,8262
2019-07-09 03:40,8194
2019-07-09 03:45,8137
2019-07-09 03:50,8075
2019-07-09 03:55,7951
2019-07-09 04:00,7887
2019-07-09 04:05,7789
2019-07-09 04:10,7712
2019-07-09 04:15,7583
2019-07-09 04:20,7535
2019-07-09 04:25,7416
2019-07-09 04:30,7393
2019-07-09 04:35,7273
2019-07-09 04:40,7201
2019-07-09 04:45,7151
2019-07-09 04:50,7090
2019-07-09 04:55,7003
2019-07-09 05:00,6852
2019-07-09 05:05,6742
2019-07-09 05:10,6687
2019-07-09 05:15,6530
2019-07-09 05:20,6421
2019-07-09 05:25,6283
2019-07-09 05:30,6143
2019-07-09 05:35,6020
2019-07-09 05:40,5934
2019-07-09 05:45,5860
2019-07-09 05:50,5750
2019-07-09 05:55,5688
2019-07-09 06:00,5551
2019-07-09 06:05,5471
2019-07-09 06:10,5364
2019-07-09 06:15,5261
2019-07-09 06:20,5190
2019-07-09 06:25,5116
2019-07-09 06:30,5049
2019-07-09 06:35,4930
2019-07-09 06:40,4874
2019-07-09 06:45,4787
2019-07-09 06:50,4686
2019-07-09 06:55,4583
2019-07-09 07:00,4500
2019-07-09 07:05,4440
2019-07-09 07:10,4413
2019-07-09 07:15,4344
2019-07-09 07:20,4314
2019-07-09 07:25,4258
2019-07-09 07:30,4183
2019-07-09 07:35,4137
2019-07-09 07:40,4111
2019-07-09 07:45,4105
2019-07-09 07:50,4106
2019-07-09 07:55,4062
2019-07-09 08:00,4025
2019-07-09 08:05,4009
2019-07-09 08:10,4034
2019-07-09 08:15,4028
2019-07-09 08:20,4001
2019-07-09 08:25,3965
2019-07-09 08:30,3933
2019-07-09 08:35,3938
2019-07-09 08:40,3883
2019-07-09 08:45,3869
2019-07-09 08:50,3867
2019-07-09 08:55,3848
2019-07-09 09:00,3885
2019-07-09 09:05,3919
2019-07-09 09:10,3947
2019-07-09 09:15,3944
2019-07-09 09:20,3969
2019-07-09 09:25,4006
2019-07-09 09:30,4044
2019-07-09 09:35,4059
2019-07-09 09:40,4123
2019-07-09 09:45,4148
2019-07-09 09:50,4168
2019-07-09 09:55,4231
2019-07-09 10:00,4267
2019-07-09 10:05,4285
2019-07-09 10:10,4328
2019-07-09 10:15,4314
2019-07-09 10:20,4317
2019-07-09 10:25,4318
2019-07-09 10:30,4338
2019-07-09 10:35,4099
2019-07-09 10:40,3344
2019-07-09 10:45,2819
2019-07-09 10:50,2271
2019-07-09 10:55,1811
2019-07-09 11:00,1602
2019-07-09 11:05,1446
2019-07-09 11:10,1339
2019-07-09 11:15,1326
2019-07-09 11:20,1299
2019-07-09 11:25,1286
2019-07-09 11:30,1251
2019-07-09 11:35,1305
2019-07-09 11:40,1283
2019-07-09 11:45,1250
2019-07-09 11:50,1264
2019-07-09 11:55,1263
2019-07-09 12:00,1280
2019-07-09 12:05,1248
2019-07-09 12:10,1271
2019-07-09 12:15,1261
2019-07-09 12:20,1290
2019-07-09 12:25,1287
2019-07-09 12:30,1204
2019-07-09 12:35,1287
2019-07-09 12:40,1518
2019-07-09 12:45,1947
2019-07-09 12:50,2338
2019-07-09 12:55,2749
2019-07-09 13:00,3147
2019-07-09 13:05,3512
2019-07-09 13:10,3821
2019-07-09 13:15,4137
2019-07-09 13:20,4434
2019-07-09 13:25,4721
2019-07-09 13:30,4947
2019-07-09 13:35,5165
2019-07-09 13:40,5431
2019-07-09 13:45,5643
2019-07-09 13:50,5837
2019-07-09 13:55,6035
2019-07-09 14:00,6194
2019-07-09 14:05,6326
2019-07-09 14:10,6460
2019-07-09 14:15,6575
2019-07-09 14:20,6679
2019-07-09 14:25,6755
2019-07-09 14:30,6841
2019-07-09 14:35,6920
2019-07-09 14:40,6963
2019-07-09 14:45,7049
2019-07-09 14:50,7082
2019-07-09 14:55,7196
2019-07-09 15:00,7167
2019-07-09 15:05,7192
2019-07-09 15:10,7237
2019-07-09 15:15,7286
2019-07-09 15:20,7325
2019-07-09 15:25,7382
2019-07-09 15:30,7447
2019-07-09 15:35,7521
2019-07-09 15:40,7568
2019-07-09 15:45,7639
2019-07-09 15:50,7711
2019-07-09 15:55,7759
2019-07-09 16:00,7790
2019-07-09 16:05,
2019-07-09 16:10,7941
2019-07-09 16:15,7954
2019-07-09 16:20,7986
2019-07-09 16:25,8070
2019-07-09 16:30,8179
2019-07-09 16:35,8338
2019-07-09 16:40,8453
2019-07-09 16:45,8541
2019-07-09 16:50,8628
2019-07-09 16:55,8785
2019-07-09 17:00,8874
2019-07-09 17:05,9011
2019-07-09 17:10,9063
2019-07-09 17:15,9115
2019-07-09 17:20,9183
2019-07-09 17:25,9267
2019-07-09 17:30,9363
2019-07-09 17:35,9372
2019-07-09 17:40,9553
2019-07-09 17:45,9711
2019-07-09 17:50,9796
2019-07-09 17:55,9854
2019-07-09 18:00,9955
2019-07-09 18:05,10069
2019-07-09 18:10,10159
2019-07-09 18:15,10204
2019-07-09 18:20,10242
2019-07-09 18:25,10152
2019-07-09 18:30,10277
2019-07-09 18:35,10360
2019-07-09 18:40,10403
2019-07-09 18:45,10500
2019-07-09 18:50,10469
2019-07-09 18:55,10522
2019-07-09 19:00,10621
2019-07-09 19:05,10692
2019-07-09 19:10,10773
2019-07-09 19:15,10845
2019-07-09 19:20,10841
2019-07-09 19:25,10912
2019-07-09 19:30,10960
2019-07-09 19:35,10992
2019-07-09 19:40,11059
2019-07-09 19:45,11077
2019-07-09 19:50,11063
2019-07-09 19:55,11127
2019-07-09 20:00,11108
2019-07-09 20:05,11126
2019-07-09 20:10,11114
2019-07-09 20:15,10979
2019-07-09 20:20,11021
2019-07-09 20:25,11042
2019-07-09 20:30,10978
2019-07-09 20:35,10957
2019-07-09 20:40,10968
2019-07-09 20:45,10959
2019-07-09 20:50,10942
2019-07-09 20:55,10984
2019-07-09 21:00,10954
2019-07-09 21:05,10889
2019-07-09 21:10,10874
2019-07-09 21:15,10721
2019-07-09 21:20,10751
2019-07-09 21:25,10708
2019-07-09 21:30,10628
2019-07-09 21:35,10599
2019-07-09 21:40,10539
2019-07-09 21:45,10516
2019-07-09 21:50,10320
2019-07-09 21:55,10281
2019-07-09 22:00,10214
2019-07-09 22:05,10122
2019-07-09 22:10,10052
2019-07-09 22:15,9981
2019-07-09 22:20,9928
2019-07-09 22:25,9852
2019-07-09 22:30,9849
2019-07-09 22:35,9828
2019-07-09 22:40,
2019-07-09 22:45,
2019-07-09 22:50,
2019-07-09 22:55,9474
2019-07-09 23:00,9448
2019-07-09 23:05,9418
2019-07-09 23:10,9328
2019-07-09 23:15,9278
2019-07-09 23:20,9254
2019-07-09 23:25,9197
2019-07-09 23:30,9151
2019-07-09 23:35,9082
2019-07-09 23:40,9055
2019-07-09 23:45,9043
2019-07-09 23:50,9036
2019-07-09 23:55,9025
2019-07-10 00:00,9036
2019-07-10 00:05,9037
2019-07-10 00:10,9071
2019-07-10 00:15,9092
2019-07-10 00:20,9137
2019-07-10 00:25,9186
2019-07-10 00:30,9169
2019-07-10 00:35,9171
2019-07-10 00:40,9209
2019-07-10 00:45,9182
2019-07-10 00:50,9183
2019-07-10 00:55,9177
2019-07-10 01:00,9185
2019-07-10 01:05,9213
2019-07-10 01:10,9208
2019-07-10 01:15,9215
2019-07-10 01:20,9235
2019-07-10 01:25,9271
2019-07-10 01:30,9287
2019-07-10 01:35,9281
2019-07-10 01:40,9277
2019-07-10 01:45,9290
2019-07-10 01:50,9326
2019-07-10 01:55,9320
2019-07-10 02:00,9299
2019-07-10 02:05,9267
2019-07-10 02:10,9177
2019-07-10 02:15,9211
2019-07-10 02:20,9211
2019-07-10 02:25,9162
2019-07-10 02:30,9158
2019-07-10 02:35,9135
2019-07-10 02:40,9082
2019-07-10 02:45,9058
2019-07-10 02:50,9052
2019-07-10 02:55,9009
2019-07-10 03:00,9024
2019-07-10 03:05,8968
2019-07-10 03:10,8875
2019-07-10 03:15,8814
2019-07-10 03:20,8678
2019-07-10 03:25,8551
2019-07-10 03:30,8420
2019-07-10 03:35,8327
2019-07-10 03:40,8299
2019-07-10 03:45,8229
2019-07-10 03:50,8111
2019-07-10 03:55,8026
2019-07-10 04:00,7936
2019-07-10 04:05,7867
2019-07-10 04:10,7718
2019-07-10 04:15,7629
2019-07-10 04:20,7531
2019-07-10 04:25,7463
2019-07-10 04:30,7348
2019-07-10 04:35,7270
2019-07-10 04:40,7201
2019-07-10 04:45,7119
2019-07-10 04:50,7068
2019-07-10 04:55,6995
2019-07-10 05:00,6879
2019-07-10 05:05,6710
2019-07-10 05:10,6636
2019-07-10 05:15,6523
2019-07-10 05:20,6349
2019-07-10 05:25,6268
2019-07-10 05:30,6184
2019-07-10 05:35,6015
2019-07-10 05:40,5906
2019-07-10 05:45,5846
2019-07-10 05:50,5799
2019-07-10 05:55,5718
2019-07-10 06:00,5613
2019-07-10 06:05,5521
2019-07-10 06:10,5445
2019-07-10 06:15,5364
2019-07-10 06:20,5253
2019-07-10 06:25,5151
2019-07-10 06:30,5078
2019-07-10 06:35,5035
2019-07-10 06:40,4917
2019-07-10 06:45,4846
2019-07-10 06:50,4759
2019-07-10 06:55,4675
2019-07-10 07:00,4596
2019-07-10 07:05,4528
2019-07-10 07:10,4438
2019-07-10 07:15,4333
2019-07-10 07:20,4332
2019-07-10 07:25,4302
2019-07-10 07:30,4267
2019-07-10 07:35,4237
2019-07-10 07:40,4245
2019-07-10 07:45,4174
2019-07-10 07:50,4134
2019-07-10 07:55,4124
2019-07-10 08:00,4079
2019-07-10 08:05,4113
2019-07-10 08:10,4066
2019-07-10 08:15,4049
2019-07-10 08:20,4032
2019-07-10 08:25,4053
2019-07-10 08:30,4029
2019-07-10 08:35,4016
2019-07-10 08:40,4046
2019-07-10 08:45,4039
2019-07-10 08:50,4080
2019-07-10 08:55,4117
2019-07-10 09:00,4152
2019-07-10 09:05,4179
2019-07-10 09:10,4161
2019-07-10 09:15,4166
2019-07-10 09:20,4207
2019-07-10 09:25,4242
2019-07-10 09:30,4272
2019-07-10 09:35,4262
2019-07-10 09:40,4300
2019-07-10 09:45,4321
2019-07-10 09:50,4323
2019-07-10 09:55,4343
2019-07-10 10:00,4401
2019-07-10 10:05,4441
2019-07-10 10:10,4490
2019-07-10 10:15,4473
2019-07-10 10:20,4549
2019-07-10 10:25,4553
2019-07-10 10:30,4608
2019-07-10 10:35,4642
2019-07-10 10:40,4683
2019-07-10 10:45,4709
2019-07-10 10:50,4732
2019-07-10 10:55,4798
2019-07-10 11:00,4824
2019-07-10 11:05,4843
2019-07-10 11:10,4885
2019-07-10 11:15,4898
2019-07-10 11:20,4907
2019-07-10 11:25,4946
2019-07-10 11:30,5011
2019-07-10 11:35,5061
2019-07-10 11:40,5114
2019-07-10 11:45,5153
2019-07-10 11:50,5232
2019-07-10 11:55,5243
2019-07-10 12:00,5265
2019-07-10 12:05,5346
2019-07-10 12:10,5374
2019-07-10 12:15,5408
2019-07-10 12:20,5451
2019-07-10 12:25,5458
2019-07-10 12:30,5477
2019-07-10 12:35,5531
2019-07-10 12:40,5536
2019-07-10 12:45,5584
2019-07-10 12:50,5651
2019-07-10 12:55,5755
2019-07-10 13:00,5797
2019-07-10 13:05,5892
2019-07-10 13:10,6010
2019-07-10 13:15,6068
2019-07-10 13:20,6111
2019-07-10 13:25,6159
2019-07-10 13:30,6258
2019-07-10 13:35,6380
2019-07-10 13:40,6459
2019-07-10 13:45,6557
2019-07-10 13:50,6587
2019-07-10 13:55,6689
2019-07-10 14:00,6732
2019-07-10 14:05,6778
2019-07-10 14:10,6789
2019-07-10 14:15,6820
2019-07-10 14:20,6882
2019-07-10 14:25,6941
2019-07-10 14:30,6922
2019-07-10 14:35,6997
2019-07-10 14:40,7003
2019-07-10 14:45,7093
2019-07-10 14:50,7121
2019-07-10 14:55,7182
2019-07-10 15:00,7208
2019-07-10 15:05,7283
2019-07-10 15:10,7328
2019-07-10 15:15,7401
2019-07-10 15:20,7453
2019-07-10 15:25,7469
2019-07-10 15:30,7521
2019-07-10 15:35,7606
2019-07-10 15:40,7653
2019-07-10 15:45,7754
2019-07-10 15:50,7812
2019-07-10 15:55,7890
2019-07-10 16:00,7983
2019-07-10 16:05,8017
2019-07-10 16:10,8047
2019-07-10 16:15,8064
2019-07-10 16:20,8204
2019-07-10 16:25,8261
2019-07-10 16:30,8302
2019-07-10 16:35,8366
2019-07-10 16:40,8537
2019-07-10 16:45,8586
2019-07-10 16:50,8666
2019-07-10 16:55,8698
2019-07-10 17:00,8774
2019-07-10 17:05,8872
2019-07-10 17:10,8927
2019-07-10 17:15,9000
2019-07-10 17:20,9137
2019-07-10 17:25,9217
2019-07-10 17:30,9291
2019-07-10 17:35,9304
2019-07-10 17:40,9410
2019-07-10 17:45,
2019-07-10 17:50,9591
2019-07-10 17:55,9637
2019-07-10 18:00,9673
2019-07-10 18:05,9782
2019-07-10 18:10,9834
2019-07-10 18:15,9678
2019-07-10 18:20,9787
2019-07-10 18:25,10167
2019-07-10 18:30,10093
2019-07-10 18:35,10035
2019-07-10 18:40,10097
2019-07-10 18:45,10257
2019-07-10 18:50,10339
2019-07-10 18:55,10411
2019-07-10 19:00,10481
2019-07-10 19:05,10570
2019-07-10 19:10,10605
2019-07-10 19:15,10664
2019-07-10 19:20,10725
2019-07-10 19:25,10784
2019-07-10 19:30,10822
2019-07-10 19:35,10856
2019-07-10 19:40,10942
2019-07-10 19:45,10991
2019-07-10 19:50,10934
2019-07-10 19:55,10966
2019-07-10 20:00,10954
2019-07-10 20:05,10962
2019-07-10 20:10,10961
2019-07-10 20:15,10969
2019-07-10 20:20,10908
2019-07-10 20:25,10928
2019-07-10 20:30,10857
2019-07-10 20:35,10849
2019-07-10 20:40,10887
2019-07-10 20:45,10843
2019-07-10 20:50,10805
2019-07-10 20:55,10700
2019-07-10 21:00,10687
2019-07-10 21:05,10590
2019-07-10 21:10,10547
2019-07-10 21:15,10584
2019-07-10 21:20,10520
2019-07-10 21:25,10464
2019-07-10 21:30,10410
2019-07-10 21:35,10398
2019-07-10 21:40,10367
2019-07-10 21:45,10350
2019-07-10 21:50,10240
2019-07-10 21:55,10218
2019-07-10 22:00,10168
2019-07-10 22:05,10183
2019-07-10 22:10,10093
2019-07-10 22:15,10096
2019-07-10 22:20,10091
2019-07-10 22:25,10036
2019-07-10 22:30,9989
2019-07-10 22:35,9956
2019-07-10 22:40,9900
2019-07-10 22:45,9821
2019-07-10 22:50,
2019-07-10 22:55,9824
2019-07-10 23:00,9733
2019-07-10 23:05,9655
2019-07-10 23:10,9604
2019-07-10 23:15,9553
2019-07-10 23:20,9480
2019-07-10 23:25,9385
2019-07-10 23:30,9389
2019-07-10 23:35,9334
2019-07-10 23:40,9272
2019-07-10 23:45,9282
2019-07-10 23:50,9310
2019-07-10 23:55,9311
2019-07-11 00:00,9278
2019-07-11 00:05,9270
2019-07-11 00:10,9264
2019-07-11 00:15,9281
2019-07-11 00:20,9240
2019-07-11 00:25,9263
2019-07-11 00:30,9244
2019-07-11 00:35,9280
2019-07-11 00:40,9335
2019-07-11 00:45,9310
2019-07-11 00:50,9330
2019-07-11 00:55,9400
2019-07-11 01:00,9438
2019-07-11 01:05,9385
2019-07-11 01:10,9354
2019-07-11 01:15,9337
2019-07-11 01:20,9374
2019-07-11 01:25,9387
2019-07-11 01:30,9402
2019-07-11 01:35,9363
2019-07-11 01:40,9313
2019-07-11 01:45,9342
2019-07-11 01:50,9301
2019-07-11 01:55,9294
2019-07-11 02:00,9304
2019-07-11 02:05,9327
2019-07-11 02:10,9278
2019-07-11 02:15,9289
2019-07-11 02:20,9271
2019-07-11 02:25,9219
2019-07-11 02:30,9172
2019-07-11 02:35,9172
2019-07-11 02:40,9150
2019-07-11 02:45,9116
2019-07-11 02:50,9076
2019-07-11 02:55,9030
2019-07-11 03:00,9012
2019-07-11 03:05,8995
2019-07-11 03:10,8900
2019-07-11 03:15,8833
2019-07-11 03:20,8810
2019-07-11 03:25,8710
2019-07-11 03:30,8674
2019-07-11 03:35,8575
2019-07-11 03:40,8540
2019-07-11 03:45,8497
2019-07-11 03:50,8439
2019-07-11 03:55,8309
2019-07-11 04:00,8240
2019-07-11 04:05,8149
2019-07-11 04:10,8082
2019-07-11 04:15,7987
2019-07-11 04:20,7927
2019-07-11 04:25,7882
2019-07-11 04:30,7773
2019-07-11 04:35,7704
2019-07-11 04:40,7633
2019-07-11 04:45,7481
2019-07-11 04:50,7393
2019-07-11 04:55,7287
2019-07-11 05:00,7189
2019-07-11 05:05,7090
2019-07-11 05:10,6925
2019-07-11 05:15,6825
2019-07-11 05:20,6699
2019-07-11 05:25,6531
2019-07-11 05:30,6430
2019-07-11 05:35,6332
2019-07-11 05:40,6228
2019-07-11 05:45,6090
2019-07-11 05:50,5979
2019-07-11 05:55,5781
2019-07-11 06:00,5709
2019-07-11 06:05,5614
2019-07-11 06:10,5519
2019-07-11 06:15,5444
2019-07-11 06:20,5339
2019-07-11 06:25,5258
2019-07-11 06:30,5201
2019-07-11 06:35,5109
2019-07-11 06:40,5010
2019-07-11 06:45,4932
2019-07-11 06:50,4878
2019-07-11 06:55,4801
2019-07-11 07:00,4684
2019-07-11 07:05,4617
2019-07-11 07:10,4551
2019-07-11 07:15,4506
2019-07-11 07:20,4471
2019-07-11 07:25,4394
2019-07-11 07:30,4314
2019-07-11 07:35,4321
2019-07-11 07:40,4295
2019-07-11 07:45,4296
2019-07-11 07:50,4259
2019-07-11 07:55,4247
2019-07-11 08:00,4207
2019-07-11 08:05,4203
2019-07-11 08:10,4182
2019-07-11 08:15,4174
2019-07-11 08:20,4149
2019-07-11 08:25,4123
2019-07-11 08:30,4128
2019-07-11 08:35,4146
2019-07-11 08:40,4211
2019-07-11 08:45,4234
2019-07-11 08:50,4197
2019-07-11 08:55,4244
2019-07-11 09:00,4259
2019-07-11 09:05,4277
2019-07-11 09:10,4317
2019-07-11 09:15,4348
2019-07-11 09:20,4402
2019-07-11 09:25,4413
2019-07-11 09:30,4403
2019-07-11 09:35,4414
2019-07-11 09:40,4430
2019-07-11 09:45,4420
2019-07-11 09:50,4456
2019-07-11 09:55,4478
2019-07-11 10:00,4501
2019-07-11 10:05,4497
2019-07-11 10:10,4502
2019-07-11 10:15,4500
2019-07-11 10:20,4538
2019-07-11 10:25,4571
2019-07-11 10:30,4589
2019-07-11 10:35,4649
2019-07-11 10:40,4627
2019-07-11 10:45,4674
2019-07-11 10:50,4728
2019-07-11 10:55,4760
2019-07-11 11:00,4799
2019-07-11 11:05,4768
2019-07-11 11:10,4785
2019-07-11 11:15,4846
2019-07-11 11:20,4921
2019-07-11 11:25,4995
2019-07-11 11:30,5038
2019-07-11 11:35,5049
2019-07-11 11:40,5077
2019-07-11 11:45,5122
2019-07-11 11:50,5156
2019-07-11 11:55,5214
2019-07-11 12:00,5224
2019-07-11 12:05,5280
2019-07-11 12:10,5333
2019-07-11 12:15,5358
2019-07-11 12:20,5380
2019-07-11 12:25,5418
2019-07-11 12:30,5477
2019-07-11 12:35,5565
2019-07-11 12:40,5618
2019-07-11 12:45,5672
2019-07-11 12:50,5718
2019-07-11 12:55,5792
2019-07-11 13:00,5884
2019-07-11 13:05,6008
2019-07-11 13:10,6095
2019-07-11 13:15,6202
2019-07-11 13:20,6333
2019-07-11 13:25,6285
2019-07-11 13:30,6377
2019-07-11 13:35,6424
2019-07-11 13:40,6479
2019-07-11 13:45,6554
2019-07-11 13:50,6627
2019-07-11 13:55,6678
2019-07-11 14:00,6763
2019-07-11 14:05,6837
2019-07-11 14:10,6909
2019-07-11 14:15,6982
2019-07-11 14:20,7019
2019-07-11 14:25,7152
2019-07-11 14:30,7229
2019-07-11 14:35,7299
2019-07-11 14:40,7365
2019-07-11 14:45,7423
2019-07-11 14:50,7461
2019-07-11 14:55,7506
2019-07-11 15:00,7529
2019-07-11 15:05,7551
2019-07-11 15:10,7589
2019-07-11 15:15,7610
2019-07-11 15:20,7666
2019-07-11 15:25,7731
2019-07-11 15:30,7783
2019-07-11 15:35,7822
2019-07-11 15:40,7861
2019-07-11 15:45,7903
2019-07-11 15:50,7938
2019-07-11 15:55,8031
2019-07-11 16:00,7999
2019-07-11 16:05,8069
2019-07-11 16:10,8177
2019-07-11 16:15,8250
2019-07-11 16:20,8307
2019-07-11 16:25,8306
2019-07-11 16:30,8402
2019-07-11 16:35,8507
2019-07-11 16:40,8621
2019-07-11 16:45,8660
2019-07-11 16:50,8749
2019-07-11 16:55,8790
2019-07-11 17:00,8893
2019-07-11 17:05,8996
2019-07-11 17:10,9076
2019-07-11 17:15,9174
2019-07-11 17:20,9237
2019-07-11 17:25,9390
2019-07-11 17:30,9467
2019-07-11 17:35,9506
2019-07-11 17:40,9557
2019-07-11 17:45,9700
2019-07-11 17:50,9731
2019-07-11 17:55,9741
2019-07-11 18:00,9811
2019-07-11 18:05,9875
2019-07-11 18:10,9932
2019-07-11 18:15,9988
2019-07-11 18:20,10037
2019-07-11 18:25,10116
2019-07-11 18:30,10176
2019-07-11 18:35,10200
2019-07-11 18:40,10296
2019-07-11 18:45,10369
2019-07-11 18:50,10342
2019-07-11 18:55,10409
2019-07-11 19:00,10557
2019-07-11 19:05,10583
2019-07-11 19:10,10612
2019-07-11 19:15,10706
2019-07-11 19:20,10784
2019-07-11 19:25,10804
2019-07-11 19:30,10885
2019-07-11 19:35,10918
2019-07-11 19:40,10924
2019-07-11 19:45,10908
2019-07-11 19:50,10814
2019-07-11 19:55,10908
2019-07-11 20:00,10959
2019-07-11 20:05,10956
2019-07-11 20:10,10987
2019-07-11 20:15,10979
2019-07-11 20:20,11028
2019-07-11 20:25,11074
2019-07-11 20:30,11090
2019-07-11 20:35,11123
2019-07-11 20:40,11092
2019-07-11 20:45,11055
2019-07-11 20:50,11044
2019-07-11 20:55,10932
2019-07-11 21:00,10907
2019-07-11 21:05,10866
2019-07-11 21:10,10767
2019-07-11 21:15,10773
2019-07-11 21:20,10708
2019-07-11 21:25,10667
2019-07-11 21:30,10699
2019-07-11 21:35,10696
2019-07-11 21:40,10574
2019-07-11 21:45,10562
2019-07-11 21:50,10519
2019-07-11 21:55,10462
2019-07-11 22:00,10401
2019-07-11 22:05,10347
2019-07-11 22:10,10246
2019-07-11 22:15,10183
2019-07-11 22:20,10141
2019-07-11 22:25,10094
2019-07-11 22:30,10100
2019-07-11 22:35,10046
2019-07-11 22:40,10028
2019-07-11 22:45,9960
2019-07-11 22:50,9953
2019-07-11 22:55,9891
2019-07-11 23:00,9802
2019-07-11 23:05,9818
2019-07-11 23:10,9722
2019-07-11 23:15,9689
2019-07-11 23:20,9625
2019-07-11 23:25,9553
2019-07-11 23:30,9520
2019-07-11 23:35,9536
2019-07-11 23:40,9505
2019-07-11 23:45,9458
2019-07-11 23:50,9448
2019-07-11 23:55,9445
2019-07-12 00:00,9434
2019-07-12 00:05,9402
2019-07-12 00:10,9376
2019-07-12 00:15,9373
2019-07-12 00:20,9354
2019-07-12 00:25,9394
2019-07-12 00:30,9415
2019-07-12 00:35,9385
2019-07-12 00:40,9404
2019-07-12 00:45,9412
2019-07-12 00:50,9423
2019-07-12 00:55,9405
2019-07-12 01:00,9418
2019-07-12 01:05,9495
2019-07-12 01:10,9488
2019-07-12 01:15,9521
2019-07-12 01:20,9565
2019-07-12 01:25,9540
2019-07-12 01:30,9591
2019-07-12 01:35,9579
2019-07-12 01:40,9635
2019-07-12 01:45,9621
2019-07-12 01:50,9645
2019-07-12 01:55,9668
2019-07-12 02:00,9582
2019-07-12 02:05,9551
2019-07-12 02:10,9431
2019-07-12 02:15,9453
2019-07-12 02:20,9469
2019-07-12 02:25,9503
2019-07-12 02:30,9484
2019-07-12 02:35,9493
2019-07-12 02:40,9484
2019-07-12 02:45,9396
2019-07-12 02:50,9346
2019-07-12 02:55,9273
2019-07-12 03:00,9242
2019-07-12 03:05,9178
2019-07-12 03:10,9150
2019-07-12 03:15,9088
2019-07-12 03:20,8967
2019-07-12 03:25,8839
2019-07-12 03:30,8808
2019-07-12 03:35,8759
2019-07-12 03:40,8669
2019-07-12 03:45,8599
2019-07-12 03:50,8532
2019-07-12 03:55,8530
2019-07-12 04:00,8446
2019-07-12 04:05,8353
2019-07-12 04:10,8244
2019-07-12 04:15,8124
2019-07-12 04:20,8020
2019-07-12 04:25,7915
2019-07-12 04:30,7849
2019-07-12 04:35,7747
2019-07-12 04:40,7558
2019-07-12 04:45,7396
2019-07-12 04:50,7312
2019-07-12 04:55,7252
2019-07-12 05:00,7102
2019-07-12 05:05,6996
2019-07-12 05:10,6855
2019-07-12 05:15,6763
2019-07-12 05:20,6676
2019-07-12 05:25,6639
2019-07-12 05:30,6536
2019-07-12 05:35,6392
2019-07-12 05:40,6283
2019-07-12 05:45,6119
2019-07-12 05:50,6031
2019-07-12 05:55,5975
2019-07-12 06:00,5899
2019-07-12 06:05,5801
2019-07-12 06:10,5658
2019-07-12 06:15,5551
2019-07-12 06:20,5477
2019-07-12 06:25,5372
2019-07-12 06:30,5246
2019-07-12 06:35,5139
2019-07-12 06:40,5060
2019-07-12 06:45,4999
2019-07-12 06:50,4923
2019-07-12 06:55,4832
2019-07-12 07:00,4788
2019-07-12 07:05,4708
2019-07-12 07:10,4635
2019-07-12 07:15,4560
2019-07-12 07:20,4563
2019-07-12 07:25,4507
2019-07-12 07:30,4483
2019-07-12 07:35,4433
2019-07-12 07:40,4396
2019-07-12 07:45,4360
2019-07-12 07:50,4321
2019-07-12 07:55,4288
2019-07-12 08:00,4227
2019-07-12 08:05,4208
2019-07-12 08:10,4184
2019-07-12 08:15,4136
2019-07-12 08:20,4115
2019-07-12 08:25,4076
2019-07-12 08:30,4055
2019-07-12 08:35,4037
2019-07-12 08:40,4050
2019-07-12 08:45,4072
2019-07-12 08:50,4081
2019-07-12 08:55,4078
2019-07-12 09:00,4046
2019-07-12 09:05,4115
2019-07-12 09:10,4138
2019-07-12 09:15,4211
2019-07-12 09:20,4193
2019-07-12 09:25,4241
2019-07-12 09:30,4249
2019-07-12 09:35,4242
2019-07-12 09:40,4266
2019-07-12 09:45,4313
2019-07-12 09:50,4376
2019-07-12 09:55,4404
2019-07-12 10:00,4459
2019-07-12 10:05,4515
2019-07-12 10:10,4537
2019-07-12 10:15,4536
2019-07-12 10:20,4565
2019-07-12 10:25,4586
2019-07-12 10:30,4623
2019-07-12 10:35,4587
2019-07-12 10:40,4609
2019-07-12 10:45,4687
2019-07-12 10:50,4743
2019-07-12 10:55,4794
2019-07-12 11:00,4847
2019-07-12 11:05,4889
2019-07-12 11:10,4880
2019-07-12 11:15,4979
2019-07-12 11:20,5032
2019-07-12 11:25,5106
2019-07-12 11:30,5143
2019-07-12 11:35,5178
2019-07-12 11:40,5231
2019-07-12 11:45,5252
2019-07-12 11:50,5270
2019-07-12 11:55,5339
2019-07-12 12:00,5403
2019-07-12 12:05,5443
2019-07-12 12:10,5397
2019-07-12 12:15,5460
2019-07-12 12:20,5573
2019-07-12 12:25,5601
2019-07-12 12:30,5609
2019-07-12 12:35,5700
2019-07-12 12:40,5761
2019-07-12 12:45,5821
2019-07-12 12:50,5889
2019-07-12 12:55,5984
2019-07-12 13:00,6040
2019-07-12 13:05,6058
2019-07-12 13:10,6116
2019-07-12 13:15,6134
2019-07-12 13:20,6254
2019-07-12 13:25,6297
2019-07-12 13:30,6373
2019-07-12 13:35,6433
2019-07-12 13:40,6563
2019-07-12 13:45,6636
2019-07-12 13:50,6718
2019-07-12 13:55,6839
2019-07-12 14:00,6892
2019-07-12 14:05,7019
2019-07-12 14:10,7069
2019-07-12 14:15,7097
2019-07-12 14:20,7173
2019-07-12 14:25,7202
2019-07-12 14:30,7258
2019-07-12 14:35,7312
2019-07-12 14:40,7426
2019-07-12 14:45,7517
2019-07-12 14:50,7566
2019-07-12 14:55,7589
2019-07-12 15:00,7629
2019-07-12 15:05,7636
2019-07-12 15:10,7690
2019-07-12 15:15,7742
2019-07-12 15:20,7759
2019-07-12 15:25,7789
2019-07-12 15:30,7828
2019-07-12 15:35,7844
2019-07-12 15:40,7882
2019-07-12 15:45,7911
2019-07-12 15:50,7982
2019-07-12 15:55,8117
2019-07-12 16:00,8129
2019-07-12 16:05,8196
2019-07-12 16:10,8230
2019-07-12 16:15,8258
2019-07-12 16:20,8323
2019-07-12 16:25,8360
2019-07-12 16:30,8442
2019-07-12 16:35,8496
2019-07-12 16:40,8617
2019-07-12 16:45,8652
2019-07-12 16:50,8700
2019-07-12 16:55,8699
2019-07-12 17:00,8779
2019-07-12 17:05,8847
2019-07-12 17:10,8915
2019-07-12 17:15,8962
2019-07-12 17:20,8971
2019-07-12 17:25,9113
2019-07-12 17:30,9182
2019-07-12 17:35,9215
2019-07-12 17:40,9273
2019-07-12 17:45,9328
2019-07-12 17:50,9416
2019-07-12 17:55,9424
2019-07-12 18:00,9460
2019-07-12 18:05,9536
2019-07-12 18:10,9653
2019-07-12 18:15,9724
2019-07-12 18:20,9742
2019-07-12 18:25,9785
2019-07-12 18:30,9845
2019-07-12 18:35,9901
2019-07-12 18:40,10009
2019-07-12 18:45,10060
2019-07-12 18:50,10178
2019-07-12 18:55,10266
2019-07-12 19:00,10325
2019-07-12 19:05,10346
2019-07-12 19:10,10410
2019-07-12 19:15,10565
2019-07-12 19:20,10629
2019-07-12 19:25,10620
2019-07-12 19:30,10657
2019-07-12 19:35,10728
2019-07-12 19:40,10805
2019-07-12 19:45,10849
2019-07-12 19:50,10838
2019-07-12 19:55,10947
2019-07-12 20:00,10978
2019-07-12 20:05,11036
2019-07-12 20:10,11032
2019-07-12 20:15,11023
2019-07-12 20:20,11104
2019-07-12 20:25,11085
2019-07-12 20:30,11077
2019-07-12 20:35,11075
2019-07-12 20:40,11098
2019-07-12 20:45,11145
2019-07-12 20:50,11167
2019-07-12 20:55,11125
2019-07-12 21:00,11037
2019-07-12 21:05,10974
2019-07-12 21:10,11041
2019-07-12 21:15,11005
2019-07-12 21:20,10995
2019-07-12 21:25,10998
2019-07-12 21:30,11001
2019-07-12 21:35,10969
2019-07-12 21:40,10871
2019-07-12 21:45,10864
2019-07-12 21:50,10870
2019-07-12 21:55,10849
2019-07-12 22:00,10791
2019-07-12 22:05,10774
2019-07-12 22:10,10669
2019-07-12 22:15,10645
2019-07-12 22:20,10554
2019-07-12 22:25,10468
2019-07-12 22:30,10400
2019-07-12 22:35,10363
2019-07-12 22:40,10310
2019-07-12 22:45,10174
2019-07-12 22:50,10110
2019-07-12 22:55,10128
2019-07-12 23:00,10068
2019-07-12 23:05,9972
2019-07-12 23:10,9916
2019-07-12 23:15,9934
2019-07-12 23:20,9846
2019-07-12 23:25,9758
2019-07-12 23:30,9750
2019-07-12 23:35,9705
2019-07-12 23:40,9685
2019-07-12 23:45,9609
2019-07-12 23:50,9519
2019-07-12 23:55,9458
2019-07-13 00:00,9364
2019-07-13 00:05,9327
2019-07-13 00:10,9298
2019-07-13 00:15,9234
2019-07-13 00:20,9252
2019-07-13 00:25,9238
2019-07-13 00:30,9208
2019-07-13 00:35,9172
2019-07-13 00:40,9212
2019-07-13 00:45,9230
2019-07-13 00:50,9236
2019-07-13 00:55,9247
2019-07-13 01:00,9256
2019-07-13 01:05,9203
2019-07-13 01:10,9172
2019-07-13 01:15,9162
2019-07-13 01:20,9168
2019-07-13 01:25,9189
2019-07-13 01:30,9176
2019-07-13 01:35,9236
2019-07-13 01:40,9286
2019-07-13 01:45,9261
2019-07-13 01:50,9296
2019-07-13 01:55,9287
2019-07-13 02:00,9308
2019-07-13 02:05,9307
2019-07-13 02:10,9324
2019-07-13 02:15,9368
2019-07-13 02:20,9395
2019-07-13 02:25,9452
2019-07-13 02:30,9453
2019-07-13 02:35,9503
2019-07-13 02:40,9500
2019-07-13 02:45,9484
2019-07-13 02:50,9476
2019-07-13 02:55,9472
2019-07-13 03:00,9464
2019-07-13 03:05,9405
2019-07-13 03:10,9396
2019-07-13 03:15,9441
2019-07-13 03:20,9409
2019-07-13 03:25,9374
2019-07-13 03:30,9312
2019-07-13 03:35,9295
2019-07-13 03:40,9352
2019-07-13 03:45,9305
2019-07-13 03:50,9237
2019-07-13 03:55,9144
2019-07-13 04:00,9115
2019-07-13 04:05,9102
2019-07-13 04:10,9057
2019-07-13 04:15,9001
2019-07-13 04:20,8905
2019-07-13 04:25,8808
2019-07-13 04:30,8746
2019-07-13 04:35,8690
2019-07-13 04:40,8664
2019-07-13 04:45,8563
2019-07-13 04:50,8478
2019-07-13 04:55,8382
2019-07-13 05:00,8294
2019-07-13 05:05,8171
2019-07-13 05:10,8050
2019-07-13 05:15,7902
2019-07-13 05:20,7830
2019-07-13 05:25,7678
2019-07-13 05:30,7565
2019-07-13 05:35,7444
2019-07-13 05:40,7368
2019-07-13 05:45,7292
2019-07-13 05:50,7176
2019-07-13 05:55,7069
2019-07-13 06:00,6964
2019-07-13 06:05,6872
2019-07-13 06:10,6712
2019-07-13 06:15,6639
2019-07-13 06:20,6537
2019-07-13 06:25,6411
2019-07-13 06:30,6270
2019-07-13 06:35,6190
2019-07-13 06:40,6125
2019-07-13 06:45,6082
2019-07-13 06:50,5962
2019-07-13 06:55,5839
2019-07-13 07:00,5758
2019-07-13 07:05,5687
2019-07-13 07:10,5606
2019-07-13 07:15,5557
2019-07-13 07:20,5490
2019-07-13 07:25,5428
2019-07-13 07:30,5326
2019-07-13 07:35,5294
2019-07-13 07:40,5238
2019-07-13 07:45,5179
2019-07-13 07:50,5170
2019-07-13 07:55,5104
2019-07-13 08:00,5100
2019-07-13 08:05,5046
2019-07-13 08:10,4975
2019-07-13 08:15,4956
2019-07-13 08:20,4942
2019-07-13 08:25,4886
2019-07-13 08:30,4911
2019-07-13 08:35,4918
2019-07-13 08:40,4914
2019-07-13 08:45,4924
2019-07-13 08:50,4928
2019-07-13 08:55,4950
2019-07-13 09:00,4970
2019-07-13 09:05,4994
2019-07-13 09:10,4962
2019-07-13 09:15,4988
2019-07-13 09:20,4997
2019-07-13 09:25,4986
2019-07-13 09:30,5037
2019-07-13 09:35,5100
2019-07-13 09:40,5103
2019-07-13 09:45,5101
2019-07-13 09:50,5111
2019-07-13 09:55,5158
2019-07-13 10:00,5165
2019-07-13 10:05,5241
2019-07-13 10:10,5290
2019-07-13 10:15,5270
2019-07-13 10:20,5286
2019-07-13 10:25,5333
2019-07-13 10:30,5387
2019-07-13 10:35,5418
2019-07-13 10:40,5468
2019-07-13 10:45,5491
2019-07-13 10:50,5528
2019-07-13 10:55,5609
2019-07-13 11:00,5678
2019-07-13 11:05,5675
2019-07-13 11:10,5716
2019-07-13 11:15,
2019-07-13 11:20,5839
2019-07-13 11:25,5875
2019-07-13 11:30,5903
2019-07-13 11:35,5977
2019-07-13 11:40,6020
2019-07-13 11:45,6069
2019-07-13 11:50,6124
2019-07-13 11:55,6124
2019-07-13 12:00,6163
2019-07-13 12:05,6217
2019-07-13 12:10,6331
2019-07-13 12:15,6380
2019-07-13 12:20,6381
2019-07-13 12:25,6428
2019-07-13 12:30,6463
2019-07-13 12:35,6503
2019-07-13 12:40,6571
2019-07-13 12:45,6583
2019-07-13 12:50,6450
2019-07-13 12:55,5982
2019-07-13 13:00,6027
2019-07-13 13:05,6101
2019-07-13 13:10,6189
2019-07-13 13:15,6358
2019-07-13 13:20,6469
2019-07-13 13:25,6590
2019-07-13 13:30,6783
2019-07-13 13:35,6912
2019-07-13 13:40,
2019-07-13 13:45,7195
2019-07-13 13:50,7311
2019-07-13 13:55,7401
2019-07-13 14:00,7534
2019-07-13 14:05,7681
2019-07-13 14:10,7769
2019-07-13 14:15,7915
2019-07-13 14:20,7968
2019-07-13 14:25,8095
2019-07-13 14:30,8177
2019-07-13 14:35,8290
2019-07-13 14:40,8357
2019-07-13 14:45,8423
2019-07-13 14:50,8518
2019-07-13 14:55,8611
2019-07-13 15:00,8655
2019-07-13 15:05,8692
2019-07-13 15:10,8788
2019-07-13 15:15,8872
2019-07-13 15:20,8886
2019-07-13 15:25,8958
2019-07-13 15:30,8996
2019-07-13 15:35,9127
2019-07-13 15:40,9137
2019-07-13 15:45,9144
2019-07-13 15:50,9192
2019-07-13 15:55,9238
2019-07-13 16:00,9339
2019-07-13 16:05,9298
2019-07-13 16:10,9395
2019-07-13 16:15,9421
2019-07-13 16:20,9422
2019-07-13 16:25,9482
2019-07-13 16:30,9524
2019-07-13 16:35,9572
2019-07-13 16:40,9594
2019-07-13 16:45,9678
2019-07-13 16:50,9701
2019-07-13 16:55,9724
2019-07-13 17:00,9748
2019-07-13 17:05,9816
2019-07-13 17:10,9852
2019-07-13 17:15,9968
2019-07-13 17:20,10041
2019-07-13 17:25,10099
2019-07-13 17:30,10063
2019-07-13 17:35,10113
2019-07-13 17:40,10122
2019-07-13 17:45,10154
2019-07-13 17:50,10247
2019-07-13 17:55,10278
2019-07-13 18:00,10348
2019-07-13 18:05,10343
2019-07-13 18:10,10459
2019-07-13 18:15,10514
2019-07-13 18:20,10572
2019-07-13 18:25,10145
2019-07-13 18:30,10122
2019-07-13 18:35,
2019-07-13 18:40,10175
2019-07-13 18:45,10337
2019-07-13 18:50,10423
2019-07-13 18:55,10504
2019-07-13 19:00,10614
2019-07-13 19:05,10701
2019-07-13 19:10,10768
2019-07-13 19:15,10843
2019-07-13 19:20,10938
2019-07-13 19:25,11060
2019-07-13 19:30,11133
2019-07-13 19:35,11174
2019-07-13 19:40,11236
2019-07-13 19:45,11263
2019-07-13 19:50,11314
2019-07-13 19:55,11341
2019-07-13 20:00,11383
2019-07-13 20:05,11417
2019-07-13 20:10,11473
2019-07-13 20:15,11607
2019-07-13 20:20,11564
2019-07-13 20:25,11608
2019-07-13 20:30,11585
2019-07-13 20:35,11596
2019-07-13 20:40,11635
2019-07-13 20:45,11562
2019-07-13 20:50,11630
2019-07-13 20:55,11585
2019-07-13 21:00,11574
2019-07-13 21:05,11565
2019-07-13 21:10,11090
2019-07-13 21:15,11052
2019-07-13 21:20,10980
2019-07-13 21:25,11035
2019-07-13 21:30,11020
2019-07-13 21:35,11028
2019-07-13 21:40,11080
2019-07-13 21:45,11090
2019-07-13 21:50,11143
2019-07-13 21:55,11124
2019-07-13 22:00,11101
2019-07-13 22:05,10977
2019-07-13 22:10,10893
2019-07-13 22:15,10866
2019-07-13 22:20,10831
2019-07-13 22:25,10772
2019-07-13 22:30,10702
2019-07-13 22:35,10614
2019-07-13 22:40,10514
2019-07-13 22:45,10439
2019-07-13 22:50,10383
2019-07-13 22:55,10366
2019-07-13 23:00,10281
2019-07-13 23:05,10246
2019-07-13 23:10,10211
2019-07-13 23:15,10114
2019-07-13 23:20,10055
2019-07-13 23:25,9995
2019-07-13 23:30,9957
2019-07-13 23:35,9877
2019-07-13 23:40,9814
2019-07-13 23:45,9745
2019-07-13 23:50,9686
2019-07-13 23:55,9639
2019-07-14 00:00,9506
2019-07-14 00:05,9465
2019-07-14 00:10,9426
2019-07-14 00:15,9379
2019-07-14 00:20,9374
2019-07-14 00:25,9314
2019-07-14 00:30,9334
2019-07-14 00:35,9276
2019-07-14 00:40,9262
2019-07-14 00:45,9232
2019-07-14 00:50,9229
2019-07-14 00:55,9170
2019-07-14 01:00,9144
2019-07-14 01:05,9131
2019-07-14 01:10,9124
2019-07-14 01:15,9143
2019-07-14 01:20,9139
2019-07-14 01:25,9170
2019-07-14 01:30,9148
2019-07-14 01:35,9152
2019-07-14 01:40,9157
2019-07-14 01:45,9195
2019-07-14 01:50,9184
2019-07-14 01:55,9161
2019-07-14 02:00,9215
2019-07-14 02:05,9155
2019-07-14 02:10,9179
2019-07-14 02:15,9171
2019-07-14 02:20,9182
2019-07-14 02:25,9112
2019-07-14 02:30,9168
2019-07-14 02:35,9213
2019-07-14 02:40,9215
2019-07-14 02:45,9202
2019-07-14 02:50,9231
2019-07-14 02:55,9215
2019-07-14 03:00,9164
2019-07-14 03:05,9169
2019-07-14 03:10,9148
2019-07-14 03:15,9152
2019-07-14 03:20,9185
2019-07-14 03:25,9176
2019-07-14 03:30,9173
2019-07-14 03:35,9161
2019-07-14 03:40,9132
2019-07-14 03:45,9129
2019-07-14 03:50,9096
2019-07-14 03:55,9103
2019-07-14 04:00,9032
2019-07-14 04:05,8988
2019-07-14 04:10,8928
2019-07-14 04:15,8805
2019-07-14 04:20,8720
2019-07-14 04:25,8684
2019-07-14 04:30,8641
2019-07-14 04:35,8550
2019-07-14 04:40,8517
2019-07-14 04:45,8476
2019-07-14 04:50,8413
2019-07-14 04:55,8371
2019-07-14 05:00,8286
2019-07-14 05:05,8216
2019-07-14 05:10,8092
2019-07-14 05:15,8030
2019-07-14 05:20,7928
2019-07-14 05:25,7869
2019-07-14 05:30,7747
2019-07-14 05:35,7661
2019-07-14 05:40,7554
2019-07-14 05:45,7494
2019-07-14 05:50,7414
2019-07-14 05:55,7298
2019-07-14 06:00,7182
2019-07-14 06:05,7100
2019-07-14 06:10,7058
2019-07-14 06:15,6941
2019-07-14 06:20,6815
2019-07-14 06:25,6709
2019-07-14 06:30,6599
2019-07-14 06:35,6524
2019-07-14 06:40,6407
2019-07-14 06:45,6316
2019-07-14 06:50,6221
2019-07-14 06:55,6120
2019-07-14 07:00,6021
2019-07-14 07:05,5887
2019-07-14 07:10,5772
2019-07-14 07:15,5715
2019-07-14 07:20,5603
2019-07-14 07:25,5538
2019-07-14 07:30,5487
2019-07-14 07:35,5459
2019-07-14 07:40,5450
2019-07-14 07:45,5399
2019-07-14 07:50,5372
2019-07-14 07:55,5321
2019-07-14 08:00,5286
2019-07-14 08:05,5210
2019-07-14 08:10,5215
2019-07-14 08:15,5186
2019-07-14 08:20,5138
2019-07-14 08:25,5139
2019-07-14 08:30,5138
2019-07-14 08:35,5145
2019-07-14 08:40,5124
2019-07-14 08:45,5108
2019-07-14 08:50,5104
2019-07-14 08:55,5121
2019-07-14 09:00,
2019-07-14 09:05,5175
2019-07-14 09:10,5215
2019-07-14 09:15,5245
2019-07-14 09:20,5322
2019-07-14 09:25,5354
2019-07-14 09:30,5414
2019-07-14 09:35,5461
2019-07-14 09:40,5464
2019-07-14 09:45,5497
2019-07-14 09:50,5536
2019-07-14 09:55,5566
2019-07-14 10:00,5598
2019-07-14 10:05,5597
2019-07-14 10:10,5638
2019-07-14 10:15,5715
2019-07-14 10:20,5768
2019-07-14 10:25,5787
2019-07-14 10:30,5818
2019-07-14 10:35,5871
2019-07-14 10:40,5890
2019-07-14 10:45,5957
2019-07-14 10:50,5993
2019-07-14 10:55,6056
2019-07-14 11:00,6097
2019-07-14 11:05,6148
2019-07-14 11:10,6215
2019-07-14 11:15,6224
2019-07-14 11:20,6288
2019-07-14 11:25,6343
2019-07-14 11:30,6395
2019-07-14 11:35,6419
2019-07-14 11:40,6444
2019-07-14 11:45,6510
2019-07-14 11:50,6581
2019-07-14 11:55,6690
2019-07-14 12:00,6731
2019-07-14 12:05,6806
2019-07-14 12:10,6904
2019-07-14 12:15,6963
2019-07-14 12:20,7027
2019-07-14 12:25,7115
2019-07-14 12:30,7153
2019-07-14 12:35,7220
2019-07-14 12:40,7316
2019-07-14 12:45,7377
2019-07-14 12:50,7440
2019-07-14 12:55,7471
2019-07-14 13:00,7561
2019-07-14 13:05,7706
2019-07-14 13:10,7786
2019-07-14 13:15,7901
2019-07-14 13:20,8022
2019-07-14 13:25,8071
2019-07-14 13:30,8155
2019-07-14 13:35,8259
2019-07-14 13:40,8294
2019-07-14 13:45,8427
2019-07-14 13:50,8558
2019-07-14 13:55,8639
2019-07-14 14:00,8713
2019-07-14 14:05,8747
2019-07-14 14:10,8796
2019-07-14 14:15,8861
2019-07-14 14:20,8910
2019-07-14 14:25,8961
2019-07-14 14:30,9080
2019-07-14 14:35,9152
2019-07-14 14:40,9185
2019-07-14 14:45,9228
2019-07-14 14:50,9310
2019-07-14 14:55,9315
2019-07-14 15:00,9399
2019-07-14 15:05,9441
2019-07-14 15:10,9520
2019-07-14 15:15,9583
2019-07-14 15:20,9560
2019-07-14 15:25,9615
2019-07-14 15:30,9695
2019-07-14 15:35,9713
2019-07-14 15:40,9776
2019-07-14 15:45,9785
2019-07-14 15:50,9888
2019-07-14 15:55,9962
2019-07-14 16:00,10035
2019-07-14 16:05,10144
2019-07-14 16:10,10225
2019-07-14 16:15,10247
2019-07-14 16:20,10281
2019-07-14 16:25,10287
2019-07-14 16:30,10385
2019-07-14 16:35,10480
2019-07-14 16:40,10536
2019-07-14 16:45,10621
2019-07-14 16:50,10669
2019-07-14 16:55,10696
2019-07-14 17:00,10839
2019-07-14 17:05,10910
2019-07-14 17:10,10979
2019-07-14 17:15,11094
2019-07-14 17:20,11122
2019-07-14 17:25,11252
2019-07-14 17:30,11311
2019-07-14 17:35,11390
2019-07-14 17:40,11479
2019-07-14 17:45,11569
2019-07-14 17:50,11629
2019-07-14 17:55,11619
2019-07-14 18:00,11730
2019-07-14 18:05,11793
2019-07-14 18:10,11850
2019-07-14 18:15,11971
2019-07-14 18:20,12027
2019-07-14 18:25,12164
2019-07-14 18:30,12251
2019-07-14 18:35,12363
2019-07-14 18:40,12502
2019-07-14 18:45,12537
2019-07-14 18:50,12575
2019-07-14 18:55,12592
2019-07-14 19:00,12740
2019-07-14 19:05,12809
2019-07-14 19:10,12915
2019-07-14 19:15,12905
2019-07-14 19:20,12966
2019-07-14 19:25,13062
2019-07-14 19:30,13071
2019-07-14 19:35,13060
2019-07-14 19:40,13126
2019-07-14 19:45,13078
2019-07-14 19:50,13061
2019-07-14 19:55,13011
2019-07-14 20:00,13048
2019-07-14 20:05,13048
2019-07-14 20:10,13093
2019-07-14 20:15,13046
2019-07-14 20:20,13021
2019-07-14 20:25,13062
2019-07-14 20:30,13023
2019-07-14 20:35,13011
2019-07-14 20:40,12980
2019-07-14 20:45,12903
2019-07-14 20:50,12835
2019-07-14 20:55,12767
2019-07-14 21:00,12730
2019-07-14 21:05,12666
2019-07-14 21:10,12562
2019-07-14 21:15,12540
2019-07-14 21:20,12482
2019-07-14 21:25,12431
2019-07-14 21:30,12318
2019-07-14 21:35,12266
2019-07-14 21:40,12152
2019-07-14 21:45,12115
2019-07-14 21:50,12014
2019-07-14 21:55,11860
2019-07-14 22:00,11770
2019-07-14 22:05,11724
2019-07-14 22:10,11665
2019-07-14 22:15,11559
2019-07-14 22:20,11463
2019-07-14 22:25,11333
2019-07-14 22:30,11259
2019-07-14 22:35,11165
2019-07-14 22:40,11074
2019-07-14 22:45,11047
2019-07-14 22:50,10956
2019-07-14 22:55,10905
2019-07-14 23:00,10823
2019-07-14 23:05,10780
2019-07-14 23:10,10769
2019-07-14 23:15,10673
2019-07-14 23:20,10603
2019-07-14 23:25,10501
2019-07-14 23:30,10416
2019-07-14 23:35,10354
2019-07-14 23:40,10373
2019-07-14 23:45,10270
2019-07-14 23:50,10206
2019-07-14 23:55,10152
2019-07-15 00:00,10091
2019-07-15 00:05,10073
2019-07-15 00:10,10000
2019-07-15 00:15,9952
2019-07-15 00:20,9940
2019-07-15 00:25,9959
2019-07-15 00:30,9911
2019-07-15 00:35,9911
2019-07-15 00:40,9900
2019-07-15 00:45,9863
2019-07-15 00:50,9870
2019-07-15 00:55,9891
2019-07-15 01:00,9847
2019-07-15 01:05,9846
2019-07-15 01:10,9828
2019-07-15 01:15,9822
2019-07-15 01:20,9844
2019-07-15 01:25,9848
2019-07-15 01:30,9834
2019-07-15 01:35,9842
2019-07-15 01:40,9810
2019-07-15 01:45,9824
2019-07-15 01:50,9789
2019-07-15 01:55,9737
2019-07-15 02:00,9793
2019-07-15 02:05,9806
2019-07-15 02:10,9818
2019-07-15 02:15,9765
2019-07-15 02:20,9730
2019-07-15 02:25,9634
2019-07-15 02:30,9652
2019-07-15 02:35,9639
2019-07-15 02:40,9553
2019-07-15 02:45,9514
2019-07-15 02:50,9475
2019-07-15 02:55,9373
2019-07-15 03:00,9308
2019-07-15 03:05,9170
2019-07-15 03:10,9075
2019-07-15 03:15,8883
2019-07-15 03:20,8787
2019-07-15 03:25,8722
2019-07-15 03:30,8620
2019-07-15 03:35,8579
2019-07-15 03:40,8482
2019-07-15 03:45,8355
2019-07-15 03:50,8273
2019-07-15 03:55,8200
2019-07-15 04:00,8105
2019-07-15 04:05,8007
2019-07-15 04:10,7922
2019-07-15 04:15,7847
2019-07-15 04:20,7719
2019-07-15 04:25,7644
2019-07-15 04:30,7565
2019-07-15 04:35,7509
2019-07-15 04:40,7395
2019-07-15 04:45,7281
2019-07-15 04:50,7198
2019-07-15 04:55,7125
2019-07-15 05:00,7043
2019-07-15 05:05,6986
2019-07-15 05:10,6916
2019-07-15 05:15,6832
2019-07-15 05:20,6754
2019-07-15 05:25,6644
2019-07-15 05:30,6568
2019-07-15 05:35,6459
2019-07-15 05:40,6345
2019-07-15 05:45,6227
2019-07-15 05:50,6130
2019-07-15 05:55,6081
2019-07-15 06:00,5926
2019-07-15 06:05,5833
2019-07-15 06:10,5685
2019-07-15 06:15,5627
2019-07-15 06:20,5522
2019-07-15 06:25,5445
2019-07-15 06:30,5356
2019-07-15 06:35,5290
2019-07-15 06:40,5212
2019-07-15 06:45,5119
2019-07-15 06:50,5010
2019-07-15 06:55,4917
2019-07-15 07:00,4834
2019-07-15 07:05,4729
2019-07-15 07:10,4621
2019-07-15 07:15,4525
2019-07-15 07:20,4461
2019-07-15 07:25,4416
2019-07-15 07:30,4388
2019-07-15 07:35,4337
2019-07-15 07:40,4296
2019-07-15 07:45,4255
2019-07-15 07:50,4220
2019-07-15 07:55,4210
2019-07-15 08:00,4179
2019-07-15 08:05,4163
2019-07-15 08:10,4156
2019-07-15 08:15,4116
2019-07-15 08:20,4102
2019-07-15 08:25,4112
2019-07-15 08:30,4134
2019-07-15 08:35,4091
2019-07-15 08:40,4088
2019-07-15 08:45,4112
2019-07-15 08:50,4112
2019-07-15 08:55,4145
2019-07-15 09:00,4154
2019-07-15 09:05,4227
2019-07-15 09:10,4241
2019-07-15 09:15,4276
2019-07-15 09:20,
2019-07-15 09:25,4348
2019-07-15 09:30,4388
2019-07-15 09:35,4412
2019-07-15 09:40,4414
2019-07-15 09:45,4442
2019-07-15 09:50,4496
2019-07-15 09:55,4518
2019-07-15 10:00,4550
2019-07-15 10:05,4583
2019-07-15 10:10,4635
2019-07-15 10:15,4670
2019-07-15 10:20,4696
2019-07-15 10:25,4709
2019-07-15 10:30,4760
2019-07-15 10:35,4812
2019-07-15 10:40,4831
2019-07-15 10:45,4858
2019-07-15 10:50,4868
2019-07-15 10:55,4929
2019-07-15 11:00,4943
2019-07-15 11:05,4940
2019-07-15 11:10,4987
2019-07-15 11:15,5031
2019-07-15 11:20,5057
2019-07-15 11:25,5072
2019-07-15 11:30,5092
2019-07-15 11:35,5205
2019-07-15 11:40,5282
2019-07-15 11:45,5334
2019-07-15 11:50,5397
2019-07-15 11:55,5427
2019-07-15 12:00,5513
2019-07-15 12:05,5546
2019-07-15 12:10,5557
2019-07-15 12:15,5590
2019-07-15 12:20,5655
2019-07-15 12:25,5714
2019-07-15 12:30,5799
2019-07-15 12:35,5881
2019-07-15 12:40,5925
2019-07-15 12:45,5965
2019-07-15 12:50,6018
2019-07-15 12:55,6047
2019-07-15 13:00,6078
2019-07-15 13:05,6109
2019-07-15 13:10,
2019-07-15 13:15,6280
2019-07-15 13:20,6363
2019-07-15 13:25,6441
2019-07-15 13:30,6506
2019-07-15 13:35,6571
2019-07-15 13:40,6648
2019-07-15 13:45,6746
2019-07-15 13:50,6752
2019-07-15 13:55,6813
2019-07-15 14:00,6837
2019-07-15 14:05,6879
2019-07-15 14:10,6939
2019-07-15 14:15,7038
2019-07-15 14:20,7132
2019-07-15 14:25,7216
2019-07-15 14:30,7348
2019-07-15 14:35,7439
2019-07-15 14:40,7472
2019-07-15 14:45,6842
2019-07-15 14:50,6761
2019-07-15 14:55,6802
2019-07-15 15:00,6935
2019-07-15 15:05,7104
2019-07-15 15:10,7173
2019-07-15 15:15,
2019-07-15 15:20,7386
2019-07-15 15:25,7570
2019-07-15 15:30,7721
2019-07-15 15:35,7792
2019-07-15 15:40,7849
2019-07-15 15:45,7965
2019-07-15 15:50,8088
2019-07-15 15:55,8193
2019-07-15 16:00,8330
2019-07-15 16:05,8389
2019-07-15 16:10,8480
2019-07-15 16:15,8593
2019-07-15 16:20,8632
2019-07-15 16:25,8737
2019-07-15 16:30,8810
2019-07-15 16:35,8877
2019-07-15 16:40,8972
2019-07-15 16:45,9078
2019-07-15 16:50,9159
2019-07-15 16:55,9246
2019-07-15 17:00,9286
2019-07-15 17:05,9336
2019-07-15 17:10,9411
2019-07-15 17:15,9500
2019-07-15 17:20,9584
2019-07-15 17:25,9674
2019-07-15 17:30,9806
2019-07-15 17:35,9865
2019-07-15 17:40,9987
2019-07-15 17:45,10029
2019-07-15 17:50,10072
2019-07-15 17:55,10152
2019-07-15 18:00,10221
2019-07-15 18:05,10259
2019-07-15 18:10,10394
2019-07-15 18:15,10461
2019-07-15 18:20,10590
2019-07-15 18:25,10559
2019-07-15 18:30,10812
2019-07-15 18:35,10860
2019-07-15 18:40,10943
2019-07-15 18:45,11049
2019-07-15 18:50,11151
2019-07-15 18:55,11289
2019-07-15 19:00,11302
2019-07-15 19:05,11397
2019-07-15 19:10,11454
2019-07-15 19:15,11557
2019-07-15 19:20,11583
2019-07-15 19:25,11586
2019-07-15 19:30,11571
2019-07-15 19:35,11640
2019-07-15 19:40,11734
2019-07-15 19:45,11806
2019-07-15 19:50,11750
2019-07-15 19:55,11700
2019-07-15 20:00,11729
2019-07-15 20:05,
2019-07-15 20:10,
2019-07-15 20:15,
2019-07-15 20:20,11658
2019-07-15 20:25,11643
2019-07-15 20:30,11601
2019-07-15 20:35,11640
2019-07-15 20:40,11632
2019-07-15 20:45,11540
2019-07-15 20:50,11496
2019-07-15 20:55,11480
2019-07-15 21:00,11455
2019-07-15 21:05,11449
2019-07-15 21:10,11419
2019-07-15 21:15,11366
2019-07-15 21:20,11330
2019-07-15 21:25,11241
2019-07-15 21:30,11188
2019-07-15 21:35,11141
2019-07-15 21:40,11071
2019-07-15 21:45,11001
2019-07-15 21:50,10947
2019-07-15 21:55,10878
2019-07-15 22:00,10798
2019-07-15 22:05,10625
2019-07-15 22:10,10559
2019-07-15 22:15,10483
2019-07-15 22:20,10403
2019-07-15 22:25,10332
2019-07-15 22:30,10317
2019-07-15 22:35,10217
2019-07-15 22:40,10119
2019-07-15 22:45,10061
2019-07-15 22:50,10032
2019-07-15 22:55,9983
2019-07-15 23:00,9954
2019-07-15 23:05,9971
2019-07-15 23:10,9953
2019-07-15 23:15,9853
2019-07-15 23:20,9854
2019-07-15 23:25,9812
2019-07-15 23:30,9813
2019-07-15 23:35,9740
2019-07-15 23:40,9769
2019-07-15 23:45,9764
2019-07-15 23:50,9794
2019-07-15 23:55,9718
2019-07-16 00:00,9667
2019-07-16 00:05,9677
2019-07-16 00:10,9676
2019-07-16 00:15,9688
2019-07-16 00:20,9736
2019-07-16 00:25,9719
2019-07-16 00:30,9726
2019-07-16 00:35,9738
2019-07-16 00:40,9794
2019-07-16 00:45,9839
2019-07-16 00:50,9829
2019-07-16 00:55,9871
2019-07-16 01:00,9909
2019-07-16 01:05,9926
2019-07-16 01:10,9937
2019-07-16 01:15,9915
2019-07-16 01:20,9959
2019-07-16 01:25,9902
2019-07-16 01:30,9929
2019-07-16 01:35,9889
2019-07-16 01:40,9812
2019-07-16 01:45,9748
2019-07-16 01:50,9778
2019-07-16 01:55,9765
2019-07-16 02:00,9758
2019-07-16 02:05,9729
2019-07-16 02:10,9653
2019-07-16 02:15,9628
2019-07-16 02:20,9640
2019-07-16 02:25,9681
2019-07-16 02:30,9624
2019-07-16 02:35,9534
2019-07-16 02:40,9534
2019-07-16 02:45,9564
2019-07-16 02:50,9520
2019-07-16 02:55,9464
2019-07-16 03:00,9420
2019-07-16 03:05,9345
2019-07-16 03:10,9277
2019-07-16 03:15,9291
2019-07-16 03:20,9185
2019-07-16 03:25,9147
2019-07-16 03:30,9077
2019-07-16 03:35,9077
2019-07-16 03:40,8972
2019-07-16 03:45,8818
2019-07-16 03:50,8762
2019-07-16 03:55,8697
2019-07-16 04:00,8564
2019-07-16 04:05,8383
2019-07-16 04:10,8225
2019-07-16 04:15,8108
2019-07-16 04:20,7964
2019-07-16 04:25,7792
2019-07-16 04:30,7665
2019-07-16 04:35,7575
2019-07-16 04:40,7471
2019-07-16 04:45,7384
2019-07-16 04:50,7305
2019-07-16 04:55,7171
2019-07-16 05:00,7050
2019-07-16 05:05,6952
2019-07-16 05:10,6862
2019-07-16 05:15,6806
2019-07-16 05:20,6754
2019-07-16 05:25,6620
2019-07-16 05:30,6484
2019-07-16 05:35,6448
2019-07-16 05:40,6348
2019-07-16 05:45,6254
2019-07-16 05:50,6135
2019-07-16 05:55,5957
2019-07-16 06:00,5848
2019-07-16 06:05,5766
2019-07-16 06:10,5685
2019-07-16 06:15,5583
2019-07-16 06:20,5511
2019-07-16 06:25,5438
2019-07-16 06:30,5351
2019-07-16 06:35,5226
2019-07-16 06:40,5155
2019-07-16 06:45,5072
2019-07-16 06:50,4968
2019-07-16 06:55,4889
2019-07-16 07:00,4766
2019-07-16 07:05,4749
2019-07-16 07:10,4694
2019-07-16 07:15,4621
2019-07-16 07:20,4576
2019-07-16 07:25,4539
2019-07-16 07:30,4485
2019-07-16 07:35,4386
2019-07-16 07:40,4350
2019-07-16 07:45,4296
2019-07-16 07:50,4289
2019-07-16 07:55,4262
2019-07-16 08:00,4205
2019-07-16 08:05,4136
2019-07-16 08:10,4086
2019-07-16 08:15,4078
2019-07-16 08:20,4087
2019-07-16 08:25,4075
2019-07-16 08:30,4093
2019-07-16 08:35,4059
2019-07-16 08:40,4088
2019-07-16 08:45,4088
2019-07-16 08:50,4116
2019-07-16 08:55,4126
2019-07-16 09:00,4196
2019-07-16 09:05,4240
2019-07-16 09:10,4267
2019-07-16 09:15,4303
2019-07-16 09:20,4316
2019-07-16 09:25,4344
2019-07-16 09:30,4379
2019-07-16 09:35,4406
2019-07-16 09:40,4458
2019-07-16 09:45,4457
2019-07-16 09:50,4482
2019-07-16 09:55,4492
2019-07-16 10:00,4500
2019-07-16 10:05,4482
2019-07-16 10:10,4519
2019-07-16 10:15,4557
2019-07-16 10:20,4617
2019-07-16 10:25,4637
2019-07-16 10:30,4679
2019-07-16 10:35,4702
2019-07-16 10:40,4732
2019-07-16 10:45,4750
2019-07-16 10:50,4721
2019-07-16 10:55,4706
2019-07-16 11:00,4739
2019-07-16 11:05,4760
2019-07-16 11:10,4809
2019-07-16 11:15,4815
2019-07-16 11:20,4890
2019-07-16 11:25,4939
2019-07-16 11:30,5012
2019-07-16 11:35,5046
2019-07-16 11:40,5047
2019-07-16 11:45,5128
2019-07-16 11:50,5171
2019-07-16 11:55,5253
2019-07-16 12:00,5308
2019-07-16 12:05,5392
2019-07-16 12:10,5409
2019-07-16 12:15,5494
2019-07-16 12:20,5499
2019-07-16 12:25,5527
2019-07-16 12:30,5577
2019-07-16 12:35,5657
2019-07-16 12:40,5727
2019-07-16 12:45,5782
2019-07-16 12:50,5814
2019-07-16 12:55,5816
2019-07-16 13:00,5810
2019-07-16 13:05,5906
2019-07-16 13:10,5943
2019-07-16 13:15,5948
2019-07-16 13:20,6005
2019-07-16 13:25,6029
2019-07-16 13:30,6074
2019-07-16 13:35,6183
2019-07-16 13:40,6272
2019-07-16 13:45,6300
2019-07-16 13:50,6389
2019-07-16 13:55,6422
2019-07-16 14:00,6468
2019-07-16 14:05,6528
2019-07-16 14:10,6543
2019-07-16 14:15,6636
2019-07-16 14:20,6786
2019-07-16 14:25,6910
2019-07-16 14:30,7044
2019-07-16 14:35,7162
2019-07-16 14:40,7219
2019-07-16 14:45,7338
2019-07-16 14:50,7421
2019-07-16 14:55,7475
2019-07-16 15:00,7503
2019-07-16 15:05,7593
2019-07-16 15:10,7694
2019-07-16 15:15,7781
2019-07-16 15:20,7862
2019-07-16 15:25,7947
2019-07-16 15:30,8000
2019-07-16 15:35,8065
2019-07-16 15:40,8172
2019-07-16 15:45,8272
2019-07-16 15:50,8353
2019-07-16 15:55,8361
2019-07-16 16:00,8484
2019-07-16 16:05,8512
2019-07-16 16:10,8593
2019-07-16 16:15,8639
2019-07-16 16:20,8721
2019-07-16 16:25,8774
2019-07-16 16:30,8880
2019-07-16 16:35,8947
2019-07-16 16:40,9035
2019-07-16 16:45,9036
2019-07-16 16:50,9052
2019-07-16 16:55,9147
2019-07-16 17:00,9263
2019-07-16 17:05,9340
2019-07-16 17:10,9472
2019-07-16 17:15,9527
2019-07-16 17:20,9589
2019-07-16 17:25,9693
2019-07-16 17:30,9825
2019-07-16 17:35,9917
2019-07-16 17:40,9997
2019-07-16 17:45,10056
2019-07-16 17:50,10170
2019-07-16 17:55,10223
2019-07-16 18:00,10294
2019-07-16 18:05,10426
2019-07-16 18:10,10531
2019-07-16 18:15,10689
2019-07-16 18:20,10779
2019-07-16 18:25,10860
2019-07-16 18:30,10900
2019-07-16 18:35,10953
2019-07-16 18:40,11051
2019-07-16 18:45,11100
2019-07-16 18:50,11188
2019-07-16 18:55,11248
2019-07-16 19:00,11261
2019-07-16 19:05,11309
2019-07-16 19:10,11318
2019-07-16 19:15,11411
2019-07-16 19:20,11480
2019-07-16 19:25,11514
2019-07-16 19:30,11544
2019-07-16 19:35,11503
2019-07-16 19:40,11546
2019-07-16 19:45,11529
2019-07-16 19:50,11565
2019-07-16 19:55,11489
2019-07-16 20:00,11472
2019-07-16 20:05,11477
2019-07-16 20:10,11419
2019-07-16 20:15,11388
2019-07-16 20:20,11403
2019-07-16 20:25,11363
2019-07-16 20:30,11423
2019-07-16 20:35,11384
2019-07-16 20:40,11430
2019-07-16 20:45,11412
2019-07-16 20:50,11341
2019-07-16 20:55,11254
2019-07-16 21:00,11206
2019-07-16 21:05,11189
2019-07-16 21:10,11089
2019-07-16 21:15,11099
2019-07-16 21:20,11018
2019-07-16 21:25,10919
2019-07-16 21:30,10877
2019-07-16 21:35,10815
2019-07-16 21:40,10775
2019-07-16 21:45,10673
2019-07-16 21:50,10607
2019-07-16 21:55,10542
2019-07-16 22:00,10458
2019-07-16 22:05,10365
2019-07-16 22:10,0
2019-07-16 22:15,9089
2019-07-16 22:20,9350
2019-07-16 22:25,9399
2019-07-16 22:30,9436
2019-07-16 22:35,9448
2019-07-16 22:40,9443
2019-07-16 22:45,9500
2019-07-16 22:50,9591
2019-07-16 22:55,9555
2019-07-16 23:00,9590
2019-07-16 23:05,9616
2019-07-16 23:10,9641
2019-07-16 23:15,9707
2019-07-16 23:20,9718
2019-07-16 23:25,9736
2019-07-16 23:30,9770
2019-07-16 23:35,9764
2019-07-16 23:40,9754
2019-07-16 23:45,9770
2019-07-16 23:50,9761
2019-07-16 23:55,9731
2019-07-17 00:00,9753
2019-07-17 00:05,9754
2019-07-17 00:10,9736
2019-07-17 00:15,9757
2019-07-17 00:20,9781
2019-07-17 00:25,9811
2019-07-17 00:30,9773
2019-07-17 00:35,9771
2019-07-17 00:40,9770
2019-07-17 00:45,9714
2019-07-17 00:50,9716
2019-07-17 00:55,9724
2019-07-17 01:00,9663
2019-07-17 01:05,9696
2019-07-17 01:10,9671
2019-07-17 01:15,9669
2019-07-17 01:20,9770
2019-07-17 01:25,9814
2019-07-17 01:30,9789
2019-07-17 01:35,9766
2019-07-17 01:40,9760
2019-07-17 01:45,9723
2019-07-17 01:50,9738
2019-07-17 01:55,9685
2019-07-17 02:00,9632
2019-07-17 02:05,9578
2019-07-17 02:10,9563
2019-07-17 02:15,9538
2019-07-17 02:20,9574
2019-07-17 02:25,9636
2019-07-17 02:30,9595
2019-07-17 02:35,9610
2019-07-17 02:40,9554
2019-07-17 02:45,9494
2019-07-17 02:50,9502
2019-07-17 02:55,9443
2019-07-17 03:00,9351
2019-07-17 03:05,9274
2019-07-17 03:10,9245
2019-07-17 03:15,9169
2019-07-17 03:20,9061
2019-07-17 03:25,9029
2019-07-17 03:30,8940
2019-07-17 03:35,8817
2019-07-17 03:40,8732
2019-07-17 03:45,8625
2019-07-17 03:50,8557
2019-07-17 03:55,8506
2019-07-17 04:00,8405
2019-07-17 04:05,8330
2019-07-17 04:10,8313
2019-07-17 04:15,8224
2019-07-17 04:20,8154
2019-07-17 04:25,8036
2019-07-17 04:30,7882
2019-07-17 04:35,7794
2019-07-17 04:40,7651
2019-07-17 04:45,7561
2019-07-17 04:50,7460
2019-07-17 04:55,7296
2019-07-17 05:00,7219
2019-07-17 05:05,7064
2019-07-17 05:10,6918
2019-07-17 05:15,6802
2019-07-17 05:20,6712
2019-07-17 05:25,6584
2019-07-17 05:30,6431
2019-07-17 05:35,6256
2019-07-17 05:40,6145
2019-07-17 05:45,6053
2019-07-17 05:50,5973
2019-07-17 05:55,5863
2019-07-17 06:00,5720
2019-07-17 06:05,5672
2019-07-17 06:10,5543
2019-07-17 06:15,5392
2019-07-17 06:20,5312
2019-07-17 06:25,5222
2019-07-17 06:30,5153
2019-07-17 06:35,5071
2019-07-17 06:40,5008
2019-07-17 06:45,4913
2019-07-17 06:50,4815
2019-07-17 06:55,4796
2019-07-17 07:00,4733
2019-07-17 07:05,4641
2019-07-17 07:10,4572
2019-07-17 07:15,4517
2019-07-17 07:20,4482
2019-07-17 07:25,4414
2019-07-17 07:30,4376
2019-07-17 07:35,4355
2019-07-17 07:40,4292
2019-07-17 07:45,4266
2019-07-17 07:50,4255
2019-07-17 07:55,4221
2019-07-17 08:00,4190
2019-07-17 08:05,4193
2019-07-17 08:10,4166
2019-07-17 08:15,4124
2019-07-17 08:20,4090
2019-07-17 08:25,4093
2019-07-17 08:30,4078
2019-07-17 08:35,4080
2019-07-17 08:40,4081
2019-07-17 08:45,4108
2019-07-17 08:50,4143
2019-07-17 08:55,4161
2019-07-17 09:00,4155
2019-07-17 09:05,4207
2019-07-17 09:10,4258
2019-07-17 09:15,4243
2019-07-17 09:20,4285
2019-07-17 09:25,4289
2019-07-17 09:30,4242
2019-07-17 09:35,4244
2019-07-17 09:40,4285
2019-07-17 09:45,4357
2019-07-17 09:50,4391
2019-07-17 09:55,4410
2019-07-17 10:00,4418
2019-07-17 10:05,4427
2019-07-17 10:10,4468
2019-07-17 10:15,4487
2019-07-17 10:20,4531
2019-07-17 10:25,4543
2019-07-17 10:30,4546
2019-07-17 10:35,4572
2019-07-17 10:40,4598
2019-07-17 10:45,4636
2019-07-17 10:50,4673
2019-07-17 10:55,4687
2019-07-17 11:00,4748
2019-07-17 11:05,4780
2019-07-17 11:10,4831
2019-07-17 11:15,4880
2019-07-17 11:20,4896
2019-07-17 11:25,4967
2019-07-17 11:30,4969
2019-07-17 11:35,4989
2019-07-17 11:40,5044
2019-07-17 11:45,5078
2019-07-17 11:50,5127
2019-07-17 11:55,5216
2019-07-17 12:00,5211
2019-07-17 12:05,5232
2019-07-17 12:10,5267
2019-07-17 12:15,5313
2019-07-17 12:20,5372
2019-07-17 12:25,5378
2019-07-17 12:30,5398
2019-07-17 12:35,5460
2019-07-17 12:40,5526
2019-07-17 12:45,5591
2019-07-17 12:50,5635
2019-07-17 12:55,5732
2019-07-17 13:00,5772
2019-07-17 13:05,5875
2019-07-17 13:10,5937
2019-07-17 13:15,6032
2019-07-17 13:20,6077
2019-07-17 13:25,6160
2019-07-17 13:30,6231
2019-07-17 13:35,6272
2019-07-17 13:40,6365
2019-07-17 13:45,6396
2019-07-17 13:50,6421
2019-07-17 13:55,6503
2019-07-17 14:00,6524
2019-07-17 14:05,6572
2019-07-17 14:10,6629
2019-07-17 14:15,6674
2019-07-17 14:20,6798
2019-07-17 14:25,6834
2019-07-17 14:30,6910
2019-07-17 14:35,7006
2019-07-17 14:40,7038
2019-07-17 14:45,7091
2019-07-17 14:50,7174
2019-07-17 14:55,7228
2019-07-17 15:00,7253
2019-07-17 15:05,7310
2019-07-17 15:10,7355
2019-07-17 15:15,7412
2019-07-17 15:20,7458
2019-07-17 15:25,7514
2019-07-17 15:30,7571
2019-07-17 15:35,7659
2019-07-17 15:40,7737
2019-07-17 15:45,7806
2019-07-17 15:50,7881
2019-07-17 15:55,8038
2019-07-17 16:00,8034
2019-07-17 16:05,8058
2019-07-17 16:10,8113
2019-07-17 16:15,8162
2019-07-17 16:20,8259
2019-07-17 16:25,8289
2019-07-17 16:30,8396
2019-07-17 16:35,8467
2019-07-17 16:40,8594
2019-07-17 16:45,8688
2019-07-17 16:50,8724
2019-07-17 16:55,8793
2019-07-17 17:00,8850
2019-07-17 17:05,8970
2019-07-17 17:10,9106
2019-07-17 17:15,9158
2019-07-17 17:20,9248
2019-07-17 17:25,9353
2019-07-17 17:30,9452
2019-07-17 17:35,9487
2019-07-17 17:40,9560
2019-07-17 17:45,9642
2019-07-17 17:50,9695
2019-07-17 17:55,9752
2019-07-17 18:00,9841
2019-07-17 18:05,9945
2019-07-17 18:10,9999
2019-07-17 18:15,10080
2019-07-17 18:20,10169
2019-07-17 18:25,10254
2019-07-17 18:30,10298
2019-07-17 18:35,10340
2019-07-17 18:40,10371
2019-07-17 18:45,10495
2019-07-17 18:50,10586
2019-07-17 18:55,10647
2019-07-17 19:00,10679
2019-07-17 19:05,10658
2019-07-17 19:10,10825
2019-07-17 19:15,10940
2019-07-17 19:20,11030
2019-07-17 19:25,11082
2019-07-17 19:30,11100
2019-07-17 19:35,11143
2019-07-17 19:40,11137
2019-07-17 19:45,11172
2019-07-17 19:50,11156
2019-07-17 19:55,11217
2019-07-17 20:00,11180
2019-07-17 20:05,11189
2019-07-17 20:10,11199
2019-07-17 20:15,11238
2019-07-17 20:20,11228
2019-07-17 20:25,11245
2019-07-17 20:30,11294
2019-07-17 20:35,11252
2019-07-17 20:40,11278
2019-07-17 20:45,11269
2019-07-17 20:50,11224
2019-07-17 20:55,11186
2019-07-17 21:00,11127
2019-07-17 21:05,11099
2019-07-17 21:10,10984
2019-07-17 21:15,10900
2019-07-17 21:20,10828
2019-07-17 21:25,10732
2019-07-17 21:30,10670
2019-07-17 21:35,10597
2019-07-17 21:40,10558
2019-07-17 21:45,10452
2019-07-17 21:50,10451
2019-07-17 21:55,10399
2019-07-17 22:00,10344
2019-07-17 22:05,10245
2019-07-17 22:10,10169
2019-07-17 22:15,10101
2019-07-17 22:20,10007
2019-07-17 22:25,9884
2019-07-17 22:30,9867
2019-07-17 22:35,9837
2019-07-17 22:40,9803
2019-07-17 22:45,9824
2019-07-17 22:50,9826
2019-07-17 22:55,9750
2019-07-17 23:00,9747
2019-07-17 23:05,9660
2019-07-17 23:10,9624
2019-07-17 23:15,9621
2019-07-17 23:20,9580
2019-07-17 23:25,9544
2019-07-17 23:30,9442
2019-07-17 23:35,9556
2019-07-17 23:40,9512
2019-07-17 23:45,9539
2019-07-17 23:50,9506
2019-07-17 23:55,9575
2019-07-18 00:00,9573
2019-07-18 00:05,9521
2019-07-18 00:10,9477
2019-07-18 00:15,9545
2019-07-18 00:20,9528
2019-07-18 00:25,9564
2019-07-18 00:30,9572
2019-07-18 00:35,9526
2019-07-18 00:40,9517
2019-07-18 00:45,9549
2019-07-18 00:50,9602
2019-07-18 00:55,9627
2019-07-18 01:00,9609
2019-07-18 01:05,9554
2019-07-18 01:10,9553
2019-07-18 01:15,9547
2019-07-18 01:20,9546
2019-07-18 01:25,9576
2019-07-18 01:30,9587
2019-07-18 01:35,9640
2019-07-18 01:40,9652
2019-07-18 01:45,9610
2019-07-18 01:50,9554
2019-07-18 01:55,9523
2019-07-18 02:00,9464
2019-07-18 02:05,9498
2019-07-18 02:10,9442
2019-07-18 02:15,9422
2019-07-18 02:20,9363
2019-07-18 02:25,9325
2019-07-18 02:30,9323
2019-07-18 02:35,9254
2019-07-18 02:40,9232
2019-07-18 02:45,9180
2019-07-18 02:50,9142
2019-07-18 02:55,9126
2019-07-18 03:00,9040
2019-07-18 03:05,8924
2019-07-18 03:10,8868
2019-07-18 03:15,8772
2019-07-18 03:20,8645
2019-07-18 03:25,8546
2019-07-18 03:30,8459
2019-07-18 03:35,8385
2019-07-18 03:40,8301
2019-07-18 03:45,8243
2019-07-18 03:50,8196
2019-07-18 03:55,8195
2019-07-18 04:00,8130
2019-07-18 04:05,8045
2019-07-18 04:10,7957
2019-07-18 04:15,7893
2019-07-18 04:20,7837
2019-07-18 04:25,7763
2019-07-18 04:30,7676
2019-07-18 04:35,7602
2019-07-18 04:40,7486
2019-07-18 04:45,7415
2019-07-18 04:50,7280
2019-07-18 04:55,7162
2019-07-18 05:00,7031
2019-07-18 05:05,6919
2019-07-18 05:10,6827
2019-07-18 05:15,6729
2019-07-18 05:20,6585
2019-07-18 05:25,6481
2019-07-18 05:30,6338
2019-07-18 05:35,6205
2019-07-18 05:40,6086
2019-07-18 05:45,6014
2019-07-18 05:50,5956
2019-07-18 05:55,5803
2019-07-18 06:00,5680
2019-07-18 06:05,5578
2019-07-18 06:10,5511
2019-07-18 06:15,5408
2019-07-18 06:20,5297
2019-07-18 06:25,5233
2019-07-18 06:30,5140
2019-07-18 06:35,5065
2019-07-18 06:40,4948
2019-07-18 06:45,4889
2019-07-18 06:50,4830
2019-07-18 06:55,4750
2019-07-18 07:00,4692
2019-07-18 07:05,4587
2019-07-18 07:10,4539
2019-07-18 07:15,4465
2019-07-18 07:20,4401
2019-07-18 07:25,4382
2019-07-18 07:30,4346
2019-07-18 07:35,4260
2019-07-18 07:40,4220
2019-07-18 07:45,4173
2019-07-18 07:50,4138
2019-07-18 07:55,4064
2019-07-18 08:00,4070
2019-07-18 08:05,4005
2019-07-18 08:10,4011
2019-07-18 08:15,3967
2019-07-18 08:20,3974
2019-07-18 08:25,3986
2019-07-18 08:30,3988
2019-07-18 08:35,3996
2019-07-18 08:40,4007
2019-07-18 08:45,4026
2019-07-18 08:50,4012
2019-07-18 08:55,4021
2019-07-18 09:00,4031
2019-07-18 09:05,4074
2019-07-18 09:10,4142
2019-07-18 09:15,4157
2019-07-18 09:20,4186
2019-07-18 09:25,4216
2019-07-18 09:30,4229
2019-07-18 09:35,4276
2019-07-18 09:40,4261
2019-07-18 09:45,4259
2019-07-18 09:50,4299
2019-07-18 09:55,4323
2019-07-18 10:00,4340
2019-07-18 10:05,4350
2019-07-18 10:10,4364
2019-07-18 10:15,4412
2019-07-18 10:20,4435
2019-07-18 10:25,4472
2019-07-18 10:30,4515
2019-07-18 10:35,4555
2019-07-18 10:40,4581
2019-07-18 10:45,4626
2019-07-18 10:50,4639
2019-07-18 10:55,4681
2019-07-18 11:00,4721
2019-07-18 11:05,4743
2019-07-18 11:10,4791
2019-07-18 11:15,4848
2019-07-18 11:20,4915
2019-07-18 11:25,4965
2019-07-18 11:30,5014
2019-07-18 11:35,5028
2019-07-18 11:40,5069
2019-07-18 11:45,5130
2019-07-18 11:50,5119
2019-07-18 11:55,5157
2019-07-18 12:00,5213
2019-07-18 12:05,5248
2019-07-18 12:10,5296
2019-07-18 12:15,5381
2019-07-18 12:20,5423
2019-07-18 12:25,5439
2019-07-18 12:30,5514
2019-07-18 12:35,5549
2019-07-18 12:40,5603
2019-07-18 12:45,5674
2019-07-18 12:50,5744
2019-07-18 12:55,5811
2019-07-18 13:00,5803
2019-07-18 13:05,5875
2019-07-18 13:10,5964
2019-07-18 13:15,6034
2019-07-18 13:20,6156
2019-07-18 13:25,6216
2019-07-18 13:30,6266
2019-07-18 13:35,6361
2019-07-18 13:40,6504
2019-07-18 13:45,6560
2019-07-18 13:50,6544
2019-07-18 13:55,6594
2019-07-18 14:00,6617
2019-07-18 14:05,6740
2019-07-18 14:10,6785
2019-07-18 14:15,6813
2019-07-18 14:20,6883
2019-07-18 14:25,6919
2019-07-18 14:30,6968
2019-07-18 14:35,6988
2019-07-18 14:40,7067
2019-07-18 14:45,7127
2019-07-18 14:50,7215
2019-07-18 14:55,7256
2019-07-18 15:00,7282
2019-07-18 15:05,7353
2019-07-18 15:10,7361
2019-07-18 15:15,7387
2019-07-18 15:20,7430
2019-07-18 15:25,7540
2019-07-18 15:30,7548
2019-07-18 15:35,7633
2019-07-18 15:40,7716
2019-07-18 15:45,7802
2019-07-18 15:50,7830
2019-07-18 15:55,7920
2019-07-18 16:00,7949
2019-07-18 16:05,8034
2019-07-18 16:10,8069
2019-07-18 16:15,8146
2019-07-18 16:20,8212
2019-07-18 16:25,8280
2019-07-18 16:30,8361
2019-07-18 16:35,8484
2019-07-18 16:40,8579
2019-07-18 16:45,8668
2019-07-18 16:50,8722
2019-07-18 16:55,8815
2019-07-18 17:00,8880
2019-07-18 17:05,8982
2019-07-18 17:10,9048
2019-07-18 17:15,9169
2019-07-18 17:20,9255
2019-07-18 17:25,9280
2019-07-18 17:30,9392
2019-07-18 17:35,9402
2019-07-18 17:40,9474
2019-07-18 17:45,9557
2019-07-18 17:50,9648
2019-07-18 17:55,9693
2019-07-18 18:00,9732
2019-07-18 18:05,9782
2019-07-18 18:10,9880
2019-07-18 18:15,9889
2019-07-18 18:20,9942
2019-07-18 18:25,10035
2019-07-18 18:30,10099
2019-07-18 18:35,10147
2019-07-18 18:40,10170
2019-07-18 18:45,10259
2019-07-18 18:50,10372
2019-07-18 18:55,10420
2019-07-18 19:00,10472
2019-07-18 19:05,10513
2019-07-18 19:10,10597
2019-07-18 19:15,10652
2019-07-18 19:20,10652
2019-07-18 19:25,10686
2019-07-18 19:30,10712
2019-07-18 19:35,10712
2019-07-18 19:40,10770
2019-07-18 19:45,10774
2019-07-18 19:50,10843
2019-07-18 19:55,10874
2019-07-18 20:00,10905
2019-07-18 20:05,10906
2019-07-18 20:10,10869
2019-07-18 20:15,10822
2019-07-18 20:20,10811
2019-07-18 20:25,10783
2019-07-18 20:30,10834
2019-07-18 20:35,10854
2019-07-18 20:40,10819
2019-07-18 20:45,10832
2019-07-18 20:50,10799
2019-07-18 20:55,10824
2019-07-18 21:00,10742
2019-07-18 21:05,10698
2019-07-18 21:10,10730
2019-07-18 21:15,10716
2019-07-18 21:20,10739
2019-07-18 21:25,10720
2019-07-18 21:30,10703
2019-07-18 21:35,10696
2019-07-18 21:40,10670
2019-07-18 21:45,10543
2019-07-18 21:50,10442
2019-07-18 21:55,10432
2019-07-18 22:00,10336
2019-07-18 22:05,10284
2019-07-18 22:10,10263
2019-07-18 22:15,10264
2019-07-18 22:20,10180
2019-07-18 22:25,10091
2019-07-18 22:30,10041
2019-07-18 22:35,9931
2019-07-18 22:40,9896
2019-07-18 22:45,9797
2019-07-18 22:50,9791
2019-07-18 22:55,9727
2019-07-18 23:00,9733
2019-07-18 23:05,9736
2019-07-18 23:10,9716
2019-07-18 23:15,9705
2019-07-18 23:20,9680
2019-07-18 23:25,9654
2019-07-18 23:30,9689
2019-07-18 23:35,9660
2019-07-18 23:40,9597
2019-07-18 23:45,9552
2019-07-18 23:50,9566
2019-07-18 23:55,9524
2019-07-19 00:00,9526
2019-07-19 00:05,9558
2019-07-19 00:10,9498
2019-07-19 00:15,9448
2019-07-19 00:20,9424
2019-07-19 00:25,9454
2019-07-19 00:30,9509
2019-07-19 00:35,9501
2019-07-19 00:40,9462
2019-07-19 00:45,9473
2019-07-19 00:50,9485
2019-07-19 00:55,9479
2019-07-19 01:00,9397
2019-07-19 01:05,9410
2019-07-19 01:10,9396
2019-07-19 01:15,9433
2019-07-19 01:20,9397
2019-07-19 01:25,9409
2019-07-19 01:30,9420
2019-07-19 01:35,9426
2019-07-19 01:40,9385
2019-07-19 01:45,9355
2019-07-19 01:50,9367
2019-07-19 01:55,9349
2019-07-19 02:00,9304
2019-07-19 02:05,9257
2019-07-19 02:10,9301
2019-07-19 02:15,9278
2019-07-19 02:20,9239
2019-07-19 02:25,9245
2019-07-19 02:30,9291
2019-07-19 02:35,9271
2019-07-19 02:40,9206
2019-07-19 02:45,9205
2019-07-19 02:50,9146
2019-07-19 02:55,9075
2019-07-19 03:00,9036
2019-07-19 03:05,8993
2019-07-19 03:10,8937
2019-07-19 03:15,8932
2019-07-19 03:20,8874
2019-07-19 03:25,8714
2019-07-19 03:30,8600
2019-07-19 03:35,8524
2019-07-19 03:40,8452
2019-07-19 03:45,8440
2019-07-19 03:50,8388
2019-07-19 03:55,8272
2019-07-19 04:00,8175
2019-07-19 04:05,8056
2019-07-19 04:10,7957
2019-07-19 04:15,7839
2019-07-19 04:20,7742
2019-07-19 04:25,7697
2019-07-19 04:30,7607
2019-07-19 04:35,7503
2019-07-19 04:40,7360
2019-07-19 04:45,7305
2019-07-19 04:50,7203
2019-07-19 04:55,7095
2019-07-19 05:00,6984
2019-07-19 05:05,6822
2019-07-19 05:10,6764
2019-07-19 05:15,6683
2019-07-19 05:20,6578
2019-07-19 05:25,6478
2019-07-19 05:30,6354
2019-07-19 05:35,6282
2019-07-19 05:40,6196
2019-07-19 05:45,6137
2019-07-19 05:50,6030
2019-07-19 05:55,5900
2019-07-19 06:00,5811
2019-07-19 06:05,5679
2019-07-19 06:10,5593
2019-07-19 06:15,5452
2019-07-19 06:20,5339
2019-07-19 06:25,5274
2019-07-19 06:30,5232
2019-07-19 06:35,5158
2019-07-19 06:40,5113
2019-07-19 06:45,5066
2019-07-19 06:50,5007
2019-07-19 06:55,4903
2019-07-19 07:00,4810
2019-07-19 07:05,4761
2019-07-19 07:10,4696
2019-07-19 07:15,4593
2019-07-19 07:20,4598
2019-07-19 07:25,4534
2019-07-19 07:30,4474
2019-07-19 07:35,4396
2019-07-19 07:40,4376
2019-07-19 07:45,4368
2019-07-19 07:50,4313
2019-07-19 07:55,4301
2019-07-19 08:00,4235
2019-07-19 08:05,4200
2019-07-19 08:10,4164
2019-07-19 08:15,4134
2019-07-19 08:20,4138
2019-07-19 08:25,4130
2019-07-19 08:30,4092
2019-07-19 08:35,4086
2019-07-19 08:40,4101
2019-07-19 08:45,4120
2019-07-19 08:50,4120
2019-07-19 08:55,4118
2019-07-19 09:00,4129
2019-07-19 09:05,4177
2019-07-19 09:10,4188
2019-07-19 09:15,4227
2019-07-19 09:20,4248
2019-07-19 09:25,4283
2019-07-19 09:30,4325
2019-07-19 09:35,4335
2019-07-19 09:40,4356
2019-07-19 09:45,4425
2019-07-19 09:50,4399
2019-07-19 09:55,4451
2019-07-19 10:00,4431
2019-07-19 10:05,4432
2019-07-19 10:10,4444
2019-07-19 10:15,4453
2019-07-19 10:20,4490
2019-07-19 10:25,4532
2019-07-19 10:30,4598
2019-07-19 10:35,4572
2019-07-19 10:40,4628
2019-07-19 10:45,4669
2019-07-19 10:50,4736
2019-07-19 10:55,4780
2019-07-19 11:00,4848
2019-07-19 11:05,4858
2019-07-19 11:10,4961
2019-07-19 11:15,5034
2019-07-19 11:20,5099
2019-07-19 11:25,5129
2019-07-19 11:30,5189
2019-07-19 11:35,5216
2019-07-19 11:40,5228
2019-07-19 11:45,5312
2019-07-19 11:50,5405
2019-07-19 11:55,5452
2019-07-19 12:00,5478
2019-07-19 12:05,5525
2019-07-19 12:10,5630
2019-07-19 12:15,5647
2019-07-19 12:20,5715
2019-07-19 12:25,5758
2019-07-19 12:30,5815
2019-07-19 12:35,5944
2019-07-19 12:40,6017
2019-07-19 12:45,6025
2019-07-19 12:50,6014
2019-07-19 12:55,6078
2019-07-19 13:00,6152
2019-07-19 13:05,6256
2019-07-19 13:10,6347
2019-07-19 13:15,6414
2019-07-19 13:20,6473
2019-07-19 13:25,6503
2019-07-19 13:30,6554
2019-07-19 13:35,6629
2019-07-19 13:40,6726
2019-07-19 13:45,6785
2019-07-19 13:50,6872
2019-07-19 13:55,6931
2019-07-19 14:00,6985
2019-07-19 14:05,7047
2019-07-19 14:10,7091
2019-07-19 14:15,7205
2019-07-19 14:20,7280
2019-07-19 14:25,7341
2019-07-19 14:30,7413
2019-07-19 14:35,7518
2019-07-19 14:40,7537
2019-07-19 14:45,7607
2019-07-19 14:50,7599
2019-07-19 14:55,7673
2019-07-19 15:00,7760
2019-07-19 15:05,7802
2019-07-19 15:10,7791
2019-07-19 15:15,7879
2019-07-19 15:20,7984
2019-07-19 15:25,8009
2019-07-19 15:30,8052
2019-07-19 15:35,8041
2019-07-19 15:40,8110
2019-07-19 15:45,8178
2019-07-19 15:50,8208
2019-07-19 15:55,8299
2019-07-19 16:00,8342
2019-07-19 16:05,8403
2019-07-19 16:10,8488
2019-07-19 16:15,8494
2019-07-19 16:20,8592
2019-07-19 16:25,8707
2019-07-19 16:30,8771
2019-07-19 16:35,8828
2019-07-19 16:40,8906
2019-07-19 16:45,8964
2019-07-19 16:50,9045
2019-07-19 16:55,9086
2019-07-19 17:00,9101
2019-07-19 17:05,9205
2019-07-19 17:10,9234
2019-07-19 17:15,9315
2019-07-19 17:20,9355
2019-07-19 17:25,9453
2019-07-19 17:30,9514
2019-07-19 17:35,9598
2019-07-19 17:40,9705
2019-07-19 17:45,9746
2019-07-19 17:50,9827
2019-07-19 17:55,9912
2019-07-19 18:00,9984
2019-07-19 18:05,9982
2019-07-19 18:10,10022
2019-07-19 18:15,10148
2019-07-19 18:20,10191
2019-07-19 18:25,10275
2019-07-19 18:30,10328
2019-07-19 18:35,10406
2019-07-19 18:40,10515
2019-07-19 18:45,10578
2019-07-19 18:50,10587
2019-07-19 18:55,10630
2019-07-19 19:00,10721
2019-07-19 19:05,10789
2019-07-19 19:10,10848
2019-07-19 19:15,10922
2019-07-19 19:20,10957
2019-07-19 19:25,10972
2019-07-19 19:30,11034
2019-07-19 19:35,11082
2019-07-19 19:40,11071
2019-07-19 19:45,11040
2019-07-19 19:50,11092
2019-07-19 19:55,11129
2019-07-19 20:00,11122
2019-07-19 20:05,11142
2019-07-19 20:10,0
2019-07-19 20:15,11131
2019-07-19 20:20,11142
2019-07-19 20:25,11227
2019-07-19 20:30,11227
2019-07-19 20:35,11244
2019-07-19 20:40,11239
2019-07-19 20:45,11202
2019-07-19 20:50,11201
2019-07-19 20:55,11155
2019-07-19 21:00,11077
2019-07-19 21:05,11065
2019-07-19 21:10,11049
2019-07-19 21:15,11040
2019-07-19 21:20,11022
2019-07-19 21:25,10952
2019-07-19 21:30,10950
2019-07-19 21:35,10947
2019-07-19 21:40,10867
2019-07-19 21:45,10792
2019-07-19 21:50,10804
2019-07-19 21:55,10795
2019-07-19 22:00,10734
2019-07-19 22:05,10696
2019-07-19 22:10,10659
2019-07-19 22:15,10553
2019-07-19 22:20,10536
2019-07-19 22:25,10461
2019-07-19 22:30,10414
2019-07-19 22:35,10316
2019-07-19 22:40,10285
2019-07-19 22:45,10211
2019-07-19 22:50,10167
2019-07-19 22:55,10131
2019-07-19 23:00,10107
2019-07-19 23:05,10011
2019-07-19 23:10,0
2019-07-19 23:15,9945
2019-07-19 23:20,9922
2019-07-19 23:25,9829
2019-07-19 23:30,9807
2019-07-19 23:35,9757
2019-07-19 23:40,9821
2019-07-19 23:45,9748
2019-07-19 23:50,9734
2019-07-19 23:55,9714
2019-07-20 00:00,9725
2019-07-20 00:05,9647
2019-07-20 00:10,9619
2019-07-20 00:15,9608
2019-07-20 00:20,9585
2019-07-20 00:25,9534
2019-07-20 00:30,9450
2019-07-20 00:35,9435
2019-07-20 00:40,9442
2019-07-20 00:45,9372
2019-07-20 00:50,9369
2019-07-20 00:55,9346
2019-07-20 01:00,9297
2019-07-20 01:05,9263
2019-07-20 01:10,9340
2019-07-20 01:15,9298
2019-07-20 01:20,9310
2019-07-20 01:25,9289
2019-07-20 01:30,9274
2019-07-20 01:35,9266
2019-07-20 01:40,9284
2019-07-20 01:45,9295
2019-07-20 01:50,9266
2019-07-20 01:55,9283
2019-07-20 02:00,9306
2019-07-20 02:05,9307
2019-07-20 02:10,9292
2019-07-20 02:15,9293
2019-07-20 02:20,9311
2019-07-20 02:25,9371
2019-07-20 02:30,9385
2019-07-20 02:35,9352
2019-07-20 02:40,9337
2019-07-20 02:45,9401
2019-07-20 02:50,9451
2019-07-20 02:55,9392
2019-07-20 03:00,9323
2019-07-20 03:05,9306
2019-07-20 03:10,9339
2019-07-20 03:15,9370
2019-07-20 03:20,9392
2019-07-20 03:25,9328
2019-07-20 03:30,9337
2019-07-20 03:35,9339
2019-07-20 03:40,9330
2019-07-20 03:45,9185
2019-07-20 03:50,9142
2019-07-20 03:55,9090
2019-07-20 04:00,9069
2019-07-20 04:05,9001
2019-07-20 04:10,8935
2019-07-20 04:15,8875
2019-07-20 04:20,8857
2019-07-20 04:25,8880
2019-07-20 04:30,8742
2019-07-20 04:35,8645
2019-07-20 04:40,8511
2019-07-20 04:45,8488
2019-07-20 04:50,8399
2019-07-20 04:55,8279
2019-07-20 05:00,8206
2019-07-20 05:05,8101
2019-07-20 05:10,8035
2019-07-20 05:15,7931
2019-07-20 05:20,7791
2019-07-20 05:25,7697
2019-07-20 05:30,7574
2019-07-20 05:35,7485
2019-07-20 05:40,7382
2019-07-20 05:45,7338
2019-07-20 05:50,7257
2019-07-20 05:55,7138
2019-07-20 06:00,7013
2019-07-20 06:05,6918
2019-07-20 06:10,6792
2019-07-20 06:15,6641
2019-07-20 06:20,6548
2019-07-20 06:25,6449
2019-07-20 06:30,6368
2019-07-20 06:35,6321
2019-07-20 06:40,6231
2019-07-20 06:45,6120
2019-07-20 06:50,5985
2019-07-20 06:55,5897
2019-07-20 07:00,5812
2019-07-20 07:05,5724
2019-07-20 07:10,5633
2019-07-20 07:15,5573
2019-07-20 07:20,5463
2019-07-20 07:25,5403
2019-07-20 07:30,5315
2019-07-20 07:35,5278
2019-07-20 07:40,5248
2019-07-20 07:45,5210
2019-07-20 07:50,5174
2019-07-20 07:55,5129
2019-07-20 08:00,5103
2019-07-20 08:05,5094
2019-07-20 08:10,5041
2019-07-20 08:15,5021
2019-07-20 08:20,4985
2019-07-20 08:25,4990
2019-07-20 08:30,4966
2019-07-20 08:35,4993
2019-07-20 08:40,4979
2019-07-20 08:45,4982
2019-07-20 08:50,4926
2019-07-20 08:55,4952
2019-07-20 09:00,4961
2019-07-20 09:05,5031
2019-07-20 09:10,5038
2019-07-20 09:15,5055
2019-07-20 09:20,5114
2019-07-20 09:25,5113
2019-07-20 09:30,5118
2019-07-20 09:35,5168
2019-07-20 09:40,5227
2019-07-20 09:45,5228
2019-07-20 09:50,5248
2019-07-20 09:55,5323
2019-07-20 10:00,5362
2019-07-20 10:05,5327
2019-07-20 10:10,5293
2019-07-20 10:15,5348
2019-07-20 10:20,5413
2019-07-20 10:25,5493
2019-07-20 10:30,5536
2019-07-20 10:35,5537
2019-07-20 10:40,5586
2019-07-20 10:45,5559
2019-07-20 10:50,5583
2019-07-20 10:55,5613
2019-07-20 11:00,5654
2019-07-20 11:05,5691
2019-07-20 11:10,5761
2019-07-20 11:15,5804
2019-07-20 11:20,5855
2019-07-20 11:25,5884
2019-07-20 11:30,5966
2019-07-20 11:35,5996
2019-07-20 11:40,6048
2019-07-20 11:45,6084
2019-07-20 11:50,6113
2019-07-20 11:55,6131
2019-07-20 12:00,6185
2019-07-20 12:05,6284
2019-07-20 12:10,6358
2019-07-20 12:15,6393
2019-07-20 12:20,6480
2019-07-20 12:25,6578
2019-07-20 12:30,6644
2019-07-20 12:35,6662
2019-07-20 12:40,6739
2019-07-20 12:45,6838
2019-07-20 12:50,6890
2019-07-20 12:55,6895
2019-07-20 13:00,6943
2019-07-20 13:05,7019
2019-07-20 13:10,7101
2019-07-20 13:15,7167
2019-07-20 13:20,7283
2019-07-20 13:25,7329
2019-07-20 13:30,7383
2019-07-20 13:35,7419
2019-07-20 13:40,7587
2019-07-20 13:45,7667
2019-07-20 13:50,7733
2019-07-20 13:55,7822
2019-07-20 14:00,7871
2019-07-20 14:05,7957
2019-07-20 14:10,8001
2019-07-20 14:15,8076
2019-07-20 14:20,8188
2019-07-20 14:25,8291
2019-07-20 14:30,8361
2019-07-20 14:35,8486
2019-07-20 14:40,8551
2019-07-20 14:45,8596
2019-07-20 14:50,8656
2019-07-20 14:55,8771
2019-07-20 15:00,8824
2019-07-20 15:05,8858
2019-07-20 15:10,8922
2019-07-20 15:15,8980
2019-07-20 15:20,9061
2019-07-20 15:25,9119
2019-07-20 15:30,9225
2019-07-20 15:35,9260
2019-07-20 15:40,9319
2019-07-20 15:45,9391
2019-07-20 15:50,9447
2019-07-20 15:55,9550
2019-07-20 16:00,9548
2019-07-20 16:05,9546
2019-07-20 16:10,9623
2019-07-20 16:15,9666
2019-07-20 16:20,9704
2019-07-20 16:25,9744
2019-07-20 16:30,9761
2019-07-20 16:35,9836
2019-07-20 16:40,9826
2019-07-20 16:45,9890
2019-07-20 16:50,9932
2019-07-20 16:55,10002
2019-07-20 17:00,10028
2019-07-20 17:05,10096
2019-07-20 17:10,10208
2019-07-20 17:15,10275
2019-07-20 17:20,10307
2019-07-20 17:25,10402
2019-07-20 17:30,10449
2019-07-20 17:35,10435
2019-07-20 17:40,10491
2019-07-20 17:45,10515
2019-07-20 17:50,10563
2019-07-20 17:55,10636
2019-07-20 18:00,10630
2019-07-20 18:05,10701
2019-07-20 18:10,10680
2019-07-20 18:15,10731
2019-07-20 18:20,10847
2019-07-20 18:25,10929
2019-07-20 18:30,10985
2019-07-20 18:35,11071
2019-07-20 18:40,11166
2019-07-20 18:45,11219
2019-07-20 18:50,11395
2019-07-20 18:55,11464
2019-07-20 19:00,11517
2019-07-20 19:05,11570
2019-07-20 19:10,11631
2019-07-20 19:15,11603
2019-07-20 19:20,11707
2019-07-20 19:25,11787
2019-07-20 19:30,11841
2019-07-20 19:35,11925
2019-07-20 19:40,11958
2019-07-20 19:45,11965
2019-07-20 19:50,
2019-07-20 19:55,11950
2019-07-20 20:00,11964
2019-07-20 20:05,11951
2019-07-20 20:10,12010
2019-07-20 20:15,11973
2019-07-20 20:20,11999
2019-07-20 20:25,11950
2019-07-20 20:30,11988
2019-07-20 20:35,11969
2019-07-20 20:40,11916
2019-07-20 20:45,11920
2019-07-20 20:50,11891
2019-07-20 20:55,11899
2019-07-20 21:00,11848
2019-07-20 21:05,11874
2019-07-20 21:10,11842
2019-07-20 21:15,11817
2019-07-20 21:20,11762
2019-07-20 21:25,11726
2019-07-20 21:30,11695
2019-07-20 21:35,11610
2019-07-20 21:40,11631
2019-07-20 21:45,11597
2019-07-20 21:50,11541
2019-07-20 21:55,11547
2019-07-20 22:00,11439
2019-07-20 22:05,11303
2019-07-20 22:10,11294
2019-07-20 22:15,11194
2019-07-20 22:20,11204
2019-07-20 22:25,11160
2019-07-20 22:30,11034
2019-07-20 22:35,10965
2019-07-20 22:40,10879
2019-07-20 22:45,10798
2019-07-20 22:50,10702
2019-07-20 22:55,10659
2019-07-20 23:00,10555
2019-07-20 23:05,10361
2019-07-20 23:10,10289
2019-07-20 23:15,10239
2019-07-20 23:20,10170
2019-07-20 23:25,10156
2019-07-20 23:30,10112
2019-07-20 23:35,10059
2019-07-20 23:40,9981
2019-07-20 23:45,9887
2019-07-20 23:50,9869
2019-07-20 23:55,9831
2019-07-21 00:00,9805
2019-07-21 00:05,9742
2019-07-21 00:10,9755
2019-07-21 00:15,9672
2019-07-21 00:20,9582
2019-07-21 00:25,9511
2019-07-21 00:30,9458
2019-07-21 00:35,9443
2019-07-21 00:40,9426
2019-07-21 00:45,9395
2019-07-21 00:50,9369
2019-07-21 00:55,9316
2019-07-21 01:00,9264
2019-07-21 01:05,9253
2019-07-21 01:10,9245
2019-07-21 01:15,9249
2019-07-21 01:20,9261
2019-07-21 01:25,9248
2019-07-21 01:30,9261
2019-07-21 01:35,9240
2019-07-21 01:40,9230
2019-07-21 01:45,9284
2019-07-21 01:50,9240
2019-07-21 01:55,9272
2019-07-21 02:00,9266
2019-07-21 02:05,9296
2019-07-21 02:10,9243
2019-07-21 02:15,9257
2019-07-21 02:20,9248
2019-07-21 02:25,9230
2019-07-21 02:30,9272
2019-07-21 02:35,9251
2019-07-21 02:40,9293
2019-07-21 02:45,9343
2019-07-21 02:50,9360
2019-07-21 02:55,9382
2019-07-21 03:00,9334
2019-07-21 03:05,9373
2019-07-21 03:10,9296
2019-07-21 03:15,9294
2019-07-21 03:20,9283
2019-07-21 03:25,9206
2019-07-21 03:30,9205
2019-07-21 03:35,9149
2019-07-21 03:40,9173
2019-07-21 03:45,9131
2019-07-21 03:50,9104
2019-07-21 03:55,9043
2019-07-21 04:00,8961
2019-07-21 04:05,8932
2019-07-21 04:10,8905
2019-07-21 04:15,8815
2019-07-21 04:20,8760
2019-07-21 04:25,8770
2019-07-21 04:30,8744
2019-07-21 04:35,8723
2019-07-21 04:40,8677
2019-07-21 04:45,8593
2019-07-21 04:50,8511
2019-07-21 04:55,8407
2019-07-21 05:00,8384
2019-07-21 05:05,8296
2019-07-21 05:10,8247
2019-07-21 05:15,8162
2019-07-21 05:20,8064
2019-07-21 05:25,7875
2019-07-21 05:30,7755
2019-07-21 05:35,7600
2019-07-21 05:40,7487
2019-07-21 05:45,7388
2019-07-21 05:50,7302
2019-07-21 05:55,7229
2019-07-21 06:00,7119
2019-07-21 06:05,7046
2019-07-21 06:10,6915
2019-07-21 06:15,6772
2019-07-21 06:20,6688
2019-07-21 06:25,6654
2019-07-21 06:30,6542
2019-07-21 06:35,6407
2019-07-21 06:40,6332
2019-07-21 06:45,6269
2019-07-21 06:50,6178
2019-07-21 06:55,6070
2019-07-21 07:00,5959
2019-07-21 07:05,5835
2019-07-21 07:10,5774
2019-07-21 07:15,5755
2019-07-21 07:20,5688
2019-07-21 07:25,5613
2019-07-21 07:30,5526
2019-07-21 07:35,5488
2019-07-21 07:40,5433
2019-07-21 07:45,5396
2019-07-21 07:50,5361
2019-07-21 07:55,5311
2019-07-21 08:00,5291
2019-07-21 08:05,5245
2019-07-21 08:10,5202
2019-07-21 08:15,5207
2019-07-21 08:20,5139
2019-07-21 08:25,5136
2019-07-21 08:30,5158
2019-07-21 08:35,5146
2019-07-21 08:40,5129
2019-07-21 08:45,5127
2019-07-21 08:50,5130
2019-07-21 08:55,5085
2019-07-21 09:00,5179
2019-07-21 09:05,5177
2019-07-21 09:10,5304
2019-07-21 09:15,5358
2019-07-21 09:20,5397
2019-07-21 09:25,5420
2019-07-21 09:30,5439
2019-07-21 09:35,5459
2019-07-21 09:40,5483
2019-07-21 09:45,5552
2019-07-21 09:50,5555
2019-07-21 09:55,5588
2019-07-21 10:00,5625
2019-07-21 10:05,5691
2019-07-21 10:10,5690
2019-07-21 10:15,5719
2019-07-21 10:20,5773
2019-07-21 10:25,5816
2019-07-21 10:30,5898
2019-07-21 10:35,5927
2019-07-21 10:40,5996
2019-07-21 10:45,6064
2019-07-21 10:50,6109
2019-07-21 10:55,6099
2019-07-21 11:00,6109
2019-07-21 11:05,6169
2019-07-21 11:10,6205
2019-07-21 11:15,6221
2019-07-21 11:20,6273
2019-07-21 11:25,6341
2019-07-21 11:30,6406
2019-07-21 11:35,6469
2019-07-21 11:40,6515
2019-07-21 11:45,6546
2019-07-21 11:50,6652
2019-07-21 11:55,6704
2019-07-21 12:00,6742
2019-07-21 12:05,6795
2019-07-21 12:10,6879
2019-07-21 12:15,6919
2019-07-21 12:20,7024
2019-07-21 12:25,7079
2019-07-21 12:30,7123
2019-07-21 12:35,7198
2019-07-21 12:40,7242
2019-07-21 12:45,7289
2019-07-21 12:50,7365
2019-07-21 12:55,7440
2019-07-21 13:00,7511
2019-07-21 13:05,7590
2019-07-21 13:10,7660
2019-07-21 13:15,7679
2019-07-21 13:20,7750
2019-07-21 13:25,7853
2019-07-21 13:30,7943
2019-07-21 13:35,8033
2019-07-21 13:40,8138
2019-07-21 13:45,8239
2019-07-21 13:50,8295
2019-07-21 13:55,8358
2019-07-21 14:00,8401
2019-07-21 14:05,8513
2019-07-21 14:10,8633
2019-07-21 14:15,8699
2019-07-21 14:20,8846
2019-07-21 14:25,8929
2019-07-21 14:30,9000
2019-07-21 14:35,9103
2019-07-21 14:40,9197
2019-07-21 14:45,9244
2019-07-21 14:50,9290
2019-07-21 14:55,9394
2019-07-21 15:00,9406
2019-07-21 15:05,9425
2019-07-21 15:10,9538
2019-07-21 15:15,9612
2019-07-21 15:20,9693
2019-07-21 15:25,9752
2019-07-21 15:30,9853
2019-07-21 15:35,9887
2019-07-21 15:40,9969
2019-07-21 15:45,10056
2019-07-21 15:50,10076
2019-07-21 15:55,10170
2019-07-21 16:00,10233
2019-07-21 16:05,10247
2019-07-21 16:10,10282
2019-07-21 16:15,10388
2019-07-21 16:20,10420
2019-07-21 16:25,10482
2019-07-21 16:30,10573
2019-07-21 16:35,10681
2019-07-21 16:40,10681
2019-07-21 16:45,10738
2019-07-21 16:50,10784
2019-07-21 16:55,10812
2019-07-21 17:00,10946
2019-07-21 17:05,10984
2019-07-21 17:10,11058
2019-07-21 17:15,11153
2019-07-21 17:20,11198
2019-07-21 17:25,11268
2019-07-21 17:30,11363
2019-07-21 17:35,11419
2019-07-21 17:40,11485
2019-07-21 17:45,11587
2019-07-21 17:50,11647
2019-07-21 17:55,11727
2019-07-21 18:00,11848
2019-07-21 18:05,11978
2019-07-21 18:10,12100
2019-07-21 18:15,12170
2019-07-21 18:20,12217
2019-07-21 18:25,12326
2019-07-21 18:30,12335
2019-07-21 18:35,12434
2019-07-21 18:40,12575
2019-07-21 18:45,12652
2019-07-21 18:50,12707
2019-07-21 18:55,12808
2019-07-21 19:00,12886
2019-07-21 19:05,12938
2019-07-21 19:10,13010
2019-07-21 19:15,13008
2019-07-21 19:20,13076
2019-07-21 19:25,13141
2019-07-21 19:30,13124
2019-07-21 19:35,13131
2019-07-21 19:40,13189
2019-07-21 19:45,13230
2019-07-21 19:50,13228
2019-07-21 19:55,13180
2019-07-21 20:00,13223
2019-07-21 20:05,13238
2019-07-21 20:10,13202
2019-07-21 20:15,13172
2019-07-21 20:20,13130
2019-07-21 20:25,13037
2019-07-21 20:30,13022
2019-07-21 20:35,13006
2019-07-21 20:40,13021
2019-07-21 20:45,12991
2019-07-21 20:50,12924
2019-07-21 20:55,12964
2019-07-21 21:00,12931
2019-07-21 21:05,12870
2019-07-21 21:10,12850
2019-07-21 21:15,12781
2019-07-21 21:20,12678
2019-07-21 21:25,12603
2019-07-21 21:30,12547
2019-07-21 21:35,12532
2019-07-21 21:40,12497
2019-07-21 21:45,12310
2019-07-21 21:50,12209
2019-07-21 21:55,12217
2019-07-21 22:00,12147
2019-07-21 22:05,12062
2019-07-21 22:10,11969
2019-07-21 22:15,11886
2019-07-21 22:20,11809
2019-07-21 22:25,11722
2019-07-21 22:30,11644
2019-07-21 22:35,11551
2019-07-21 22:40,11476
2019-07-21 22:45,11354
2019-07-21 22:50,11253
2019-07-21 22:55,11226
2019-07-21 23:00,11173
2019-07-21 23:05,11080
2019-07-21 23:10,11034
2019-07-21 23:15,10958
2019-07-21 23:20,10914
2019-07-21 23:25,10894
2019-07-21 23:30,10892
2019-07-21 23:35,10862
2019-07-21 23:40,10755
2019-07-21 23:45,10819
2019-07-21 23:50,10725
2019-07-21 23:55,10726
2019-07-22 00:00,10660
2019-07-22 00:05,10593
2019-07-22 00:10,10559
2019-07-22 00:15,10536
2019-07-22 00:20,10528
2019-07-22 00:25,10525
2019-07-22 00:30,10504
2019-07-22 00:35,10499
2019-07-22 00:40,10453
2019-07-22 00:45,10368
2019-07-22 00:50,10372
2019-07-22 00:55,10347
2019-07-22 01:00,10350
2019-07-22 01:05,10299
2019-07-22 01:10,10283
2019-07-22 01:15,10306
2019-07-22 01:20,10340
2019-07-22 01:25,10328
2019-07-22 01:30,10284
2019-07-22 01:35,10351
2019-07-22 01:40,10261
2019-07-22 01:45,10219
2019-07-22 01:50,10240
2019-07-22 01:55,10259
2019-07-22 02:00,10226
2019-07-22 02:05,10187
2019-07-22 02:10,10156
2019-07-22 02:15,10073
2019-07-22 02:20,10073
2019-07-22 02:25,10022
2019-07-22 02:30,9936
2019-07-22 02:35,
2019-07-22 02:40,9818
2019-07-22 02:45,9740
2019-07-22 02:50,9728
2019-07-22 02:55,9655
2019-07-22 03:00,9590
2019-07-22 03:05,9569
2019-07-22 03:10,9457
2019-07-22 03:15,9400
2019-07-22 03:20,9313
2019-07-22 03:25,9183
2019-07-22 03:30,9114
2019-07-22 03:35,9038
2019-07-22 03:40,8933
2019-07-22 03:45,8918
2019-07-22 03:50,8841
2019-07-22 03:55,8738
2019-07-22 04:00,8653
2019-07-22 04:05,8555
2019-07-22 04:10,8465
2019-07-22 04:15,8382
2019-07-22 04:20,8272
2019-07-22 04:25,8200
2019-07-22 04:30,8130
2019-07-22 04:35,8058
2019-07-22 04:40,7926
2019-07-22 04:45,7766
2019-07-22 04:50,7690
2019-07-22 04:55,7590
2019-07-22 05:00,7493
2019-07-22 05:05,7373
2019-07-22 05:10,7253
2019-07-22 05:15,7095
2019-07-22 05:20,6999
2019-07-22 05:25,6913
2019-07-22 05:30,6811
2019-07-22 05:35,6688
2019-07-22 05:40,6530
2019-07-22 05:45,6427
2019-07-22 05:50,6325
2019-07-22 05:55,6192
2019-07-22 06:00,6068
2019-07-22 06:05,5992
2019-07-22 06:10,5907
2019-07-22 06:15,5782
2019-07-22 06:20,5691
2019-07-22 06:25,5620
2019-07-22 06:30,5507
2019-07-22 06:35,5403
2019-07-22 06:40,5306
2019-07-22 06:45,5238
2019-07-22 06:50,5188
2019-07-22 06:55,5099
2019-07-22 07:00,5037
2019-07-22 07:05,4914
2019-07-22 07:10,4800
2019-07-22 07:15,4709
2019-07-22 07:20,4637
2019-07-22 07:25,4555
2019-07-22 07:30,4506
2019-07-22 07:35,4436
2019-07-22 07:40,4397
2019-07-22 07:45,4387
2019-07-22 07:50,4329
2019-07-22 07:55,4306
2019-07-22 08:00,4300
2019-07-22 08:05,4286
2019-07-22 08:10,4266
2019-07-22 08:15,4248
2019-07-22 08:20,4249
2019-07-22 08:25,4194
2019-07-22 08:30,4197
2019-07-22 08:35,4206
2019-07-22 08:40,4223
2019-07-22 08:45,4233
2019-07-22 08:50,4225
2019-07-22 08:55,4247
2019-07-22 09:00,4269
2019-07-22 09:05,4297
2019-07-22 09:10,4291
2019-07-22 09:15,4293
2019-07-22 09:20,4313
2019-07-22 09:25,4337
2019-07-22 09:30,4388
2019-07-22 09:35,4381
2019-07-22 09:40,4447
2019-07-22 09:45,4465
2019-07-22 09:50,4480
2019-07-22 09:55,4510
2019-07-22 10:00,4507
2019-07-22 10:05,4574
2019-07-22 10:10,4632
2019-07-22 10:15,4641
2019-07-22 10:20,4636
2019-07-22 10:25,4688
2019-07-22 10:30,4713
2019-07-22 10:35,4771
2019-07-22 10:40,4819
2019-07-22 10:45,4868
2019-07-22 10:50,4903
2019-07-22 10:55,4923
2019-07-22 11:00,4902
2019-07-22 11:05,4913
2019-07-22 11:10,4950
2019-07-22 11:15,4979
2019-07-22 11:20,5011
2019-07-22 11:25,5078
2019-07-22 11:30,5142
2019-07-22 11:35,5163
2019-07-22 11:40,5212
2019-07-22 11:45,5218
2019-07-22 11:50,5259
2019-07-22 11:55,5287
2019-07-22 12:00,5326
2019-07-22 12:05,5357
2019-07-22 12:10,5379
2019-07-22 12:15,5466
2019-07-22 12:20,5535
2019-07-22 12:25,5603
2019-07-22 12:30,5637
2019-07-22 12:35,5664
2019-07-22 12:40,5719
2019-07-22 12:45,5899
2019-07-22 12:50,5959
2019-07-22 12:55,6019
2019-07-22 13:00,6033
2019-07-22 13:05,6055
2019-07-22 13:10,6137
2019-07-22 13:15,6211
2019-07-22 13:20,6303
2019-07-22 13:25,6382
2019-07-22 13:30,6477
2019-07-22 13:35,6555
2019-07-22 13:40,6666
2019-07-22 13:45,6731
2019-07-22 13:50,6830
2019-07-22 13:55,6887
2019-07-22 14:00,6874
2019-07-22 14:05,6942
2019-07-22 14:10,6992
2019-07-22 14:15,7056
2019-07-22 14:20,7097
2019-07-22 14:25,7200
2019-07-22 14:30,7266
2019-07-22 14:35,7335
2019-07-22 14:40,7426
2019-07-22 14:45,7454
2019-07-22 14:50,7490
2019-07-22 14:55,7547
2019-07-22 15:00,7633
2019-07-22 15:05,7676
2019-07-22 15:10,7761
2019-07-22 15:15,7829
2019-07-22 15:20,7906
2019-07-22 15:25,7883
2019-07-22 15:30,7971
2019-07-22 15:35,8032
2019-07-22 15:40,8106
2019-07-22 15:45,8166
2019-07-22 15:50,8208
2019-07-22 15:55,8290
2019-07-22 16:00,8321
2019-07-22 16:05,8343
2019-07-22 16:10,8419
2019-07-22 16:15,8464
2019-07-22 16:20,8541
2019-07-22 16:25,8558
2019-07-22 16:30,8677
2019-07-22 16:35,8764
2019-07-22 16:40,8872
2019-07-22 16:45,8964
2019-07-22 16:50,9038
2019-07-22 16:55,9125
2019-07-22 17:00,9235
2019-07-22 17:05,9297
2019-07-22 17:10,9319
2019-07-22 17:15,9395
2019-07-22 17:20,9478
2019-07-22 17:25,9562
2019-07-22 17:30,9667
2019-07-22 17:35,9722
2019-07-22 17:40,9838
2019-07-22 17:45,9930
2019-07-22 17:50,9962
2019-07-22 17:55,10033
2019-07-22 18:00,10124
2019-07-22 18:05,10224
2019-07-22 18:10,10306
2019-07-22 18:15,10435
2019-07-22 18:20,10528
2019-07-22 18:25,10546
2019-07-22 18:30,10594
2019-07-22 18:35,10775
2019-07-22 18:40,10778
2019-07-22 18:45,10828
2019-07-22 18:50,10886
2019-07-22 18:55,10999
2019-07-22 19:00,11059
2019-07-22 19:05,11058
2019-07-22 19:10,11042
2019-07-22 19:15,11057
2019-07-22 19:20,11162
2019-07-22 19:25,11185
2019-07-22 19:30,11279
2019-07-22 19:35,11418
2019-07-22 19:40,11441
2019-07-22 19:45,11466
2019-07-22 19:50,11513
2019-07-22 19:55,11506
2019-07-22 20:00,11572
2019-07-22 20:05,11610
2019-07-22 20:10,11697
2019-07-22 20:15,11714
2019-07-22 20:20,11745
2019-07-22 20:25,11763
2019-07-22 20:30,11707
2019-07-22 20:35,11712
2019-07-22 20:40,11742
2019-07-22 20:45,11705
2019-07-22 20:50,11701
2019-07-22 20:55,11679
2019-07-22 21:00,11652
2019-07-22 21:05,11613
2019-07-22 21:10,11494
2019-07-22 21:15,11454
2019-07-22 21:20,11389
2019-07-22 21:25,11337
2019-07-22 21:30,11322
2019-07-22 21:35,11296
2019-07-22 21:40,11247
2019-07-22 21:45,11149
2019-07-22 21:50,11069
2019-07-22 21:55,11045
2019-07-22 22:00,10969
2019-07-22 22:05,10896
2019-07-22 22:10,10812
2019-07-22 22:15,10693
2019-07-22 22:20,10659
2019-07-22 22:25,10673
2019-07-22 22:30,10605
2019-07-22 22:35,10543
2019-07-22 22:40,10495
2019-07-22 22:45,10397
2019-07-22 22:50,10319
2019-07-22 22:55,10362
2019-07-22 23:00,10341
2019-07-22 23:05,10300
2019-07-22 23:10,10235
2019-07-22 23:15,0
2019-07-22 23:20,10232
2019-07-22 23:25,10176
2019-07-22 23:30,10127
2019-07-22 23:35,10096
2019-07-22 23:40,10095
2019-07-22 23:45,10068
2019-07-22 23:50,10026
2019-07-22 23:55,10021
2019-07-23 00:00,0
2019-07-23 00:05,9964
2019-07-23 00:10,9948
2019-07-23 00:15,9912
2019-07-23 00:20,9853
2019-07-23 00:25,9843
2019-07-23 00:30,9772
2019-07-23 00:35,9811
2019-07-23 00:40,9839
2019-07-23 00:45,9851
2019-07-23 00:50,9859
2019-07-23 00:55,9861
2019-07-23 01:00,9892
2019-07-23 01:05,9896
2019-07-23 01:10,9927
2019-07-23 01:15,9867
2019-07-23 01:20,9883
2019-07-23 01:25,9863
2019-07-23 01:30,9822
2019-07-23 01:35,9782
2019-07-23 01:40,9813
2019-07-23 01:45,9814
2019-07-23 01:50,9836
2019-07-23 01:55,9807
2019-07-23 02:00,9744
2019-07-23 02:05,9727
2019-07-23 02:10,
2019-07-23 02:15,9705
2019-07-23 02:20,9662
2019-07-23 02:25,9638
2019-07-23 02:30,9551
2019-07-23 02:35,9489
2019-07-23 02:40,9487
2019-07-23 02:45,9483
2019-07-23 02:50,9476
2019-07-23 02:55,9425
2019-07-23 03:00,9308
2019-07-23 03:05,9254
2019-07-23 03:10,9164
2019-07-23 03:15,9089
2019-07-23 03:20,9058
2019-07-23 03:25,8948
2019-07-23 03:30,8868
2019-07-23 03:35,8826
2019-07-23 03:40,8679
2019-07-23 03:45,8546
2019-07-23 03:50,8503
2019-07-23 03:55,8397
2019-07-23 04:00,8328
2019-07-23 04:05,8196
2019-07-23 04:10,8112
2019-07-23 04:15,7993
2019-07-23 04:20,7854
2019-07-23 04:25,7763
2019-07-23 04:30,7700
2019-07-23 04:35,7587
2019-07-23 04:40,7510
2019-07-23 04:45,7454
2019-07-23 04:50,7379
2019-07-23 04:55,7279
2019-07-23 05:00,7184
2019-07-23 05:05,7074
2019-07-23 05:10,6998
2019-07-23 05:15,6891
2019-07-23 05:20,6747
2019-07-23 05:25,6613
2019-07-23 05:30,6504
2019-07-23 05:35,6489
2019-07-23 05:40,6322
2019-07-23 05:45,6206
2019-07-23 05:50,6099
2019-07-23 05:55,6025
2019-07-23 06:00,5940
2019-07-23 06:05,5817
2019-07-23 06:10,5703
2019-07-23 06:15,5603
2019-07-23 06:20,5533
2019-07-23 06:25,5469
2019-07-23 06:30,5388
2019-07-23 06:35,5315
2019-07-23 06:40,5188
2019-07-23 06:45,5085
2019-07-23 06:50,4984
2019-07-23 06:55,4898
2019-07-23 07:00,4825
2019-07-23 07:05,4741
2019-07-23 07:10,4675
2019-07-23 07:15,4633
2019-07-23 07:20,4553
2019-07-23 07:25,4493
2019-07-23 07:30,4418
2019-07-23 07:35,4400
2019-07-23 07:40,4337
2019-07-23 07:45,4310
2019-07-23 07:50,4266
2019-07-23 07:55,4280
2019-07-23 08:00,4199
2019-07-23 08:05,4187
2019-07-23 08:10,4165
2019-07-23 08:15,4123
2019-07-23 08:20,4140
2019-07-23 08:25,4117
2019-07-23 08:30,4137
2019-07-23 08:35,4141
2019-07-23 08:40,4137
2019-07-23 08:45,4147
2019-07-23 08:50,4129
2019-07-23 08:55,4120
2019-07-23 09:00,4115
2019-07-23 09:05,4112
2019-07-23 09:10,4132
2019-07-23 09:15,4103
2019-07-23 09:20,4153
2019-07-23 09:25,4170
2019-07-23 09:30,4151
2019-07-23 09:35,4170
2019-07-23 09:40,4178
2019-07-23 09:45,4230
2019-07-23 09:50,4207
2019-07-23 09:55,4194
2019-07-23 10:00,4197
2019-07-23 10:05,4243
2019-07-23 10:10,4315
2019-07-23 10:15,4333
2019-07-23 10:20,4328
2019-07-23 10:25,4392
2019-07-23 10:30,4412
2019-07-23 10:35,4460
2019-07-23 10:40,4478
2019-07-23 10:45,4533
2019-07-23 10:50,4555
2019-07-23 10:55,4624
2019-07-23 11:00,4616
2019-07-23 11:05,4638
2019-07-23 11:10,4689
2019-07-23 11:15,4683
2019-07-23 11:20,4734
2019-07-23 11:25,4818
2019-07-23 11:30,4821
2019-07-23 11:35,4895
2019-07-23 11:40,4892
2019-07-23 11:45,4966
2019-07-23 11:50,4983
2019-07-23 11:55,4993
2019-07-23 12:00,4995
2019-07-23 12:05,5032
2019-07-23 12:10,5064
2019-07-23 12:15,5126
2019-07-23 12:20,5169
2019-07-23 12:25,5275
2019-07-23 12:30,5304
2019-07-23 12:35,5355
2019-07-23 12:40,5447
2019-07-23 12:45,5489
2019-07-23 12:50,5513
2019-07-23 12:55,5608
2019-07-23 13:00,5686
2019-07-23 13:05,5726
2019-07-23 13:10,5807
2019-07-23 13:15,5838
2019-07-23 13:20,5891
2019-07-23 13:25,5958
2019-07-23 13:30,6042
2019-07-23 13:35,6125
2019-07-23 13:40,6244
2019-07-23 13:45,6291
2019-07-23 13:50,6341
2019-07-23 13:55,6382
2019-07-23 14:00,6412
2019-07-23 14:05,6522
2019-07-23 14:10,6598
2019-07-23 14:15,6716
2019-07-23 14:20,6775
2019-07-23 14:25,6858
2019-07-23 14:30,6987
2019-07-23 14:35,7054
2019-07-23 14:40,7098
2019-07-23 14:45,
2019-07-23 14:50,7244
2019-07-23 14:55,7306
2019-07-23 15:00,7351
2019-07-23 15:05,7393
2019-07-23 15:10,7454
2019-07-23 15:15,7528
2019-07-23 15:20,7569
2019-07-23 15:25,7666
2019-07-23 15:30,7704
2019-07-23 15:35,7819
2019-07-23 15:40,7888
2019-07-23 15:45,7895
2019-07-23 15:50,7966
2019-07-23 15:55,7990
2019-07-23 16:00,8003
2019-07-23 16:05,8022
2019-07-23 16:10,8077
2019-07-23 16:15,8163
2019-07-23 16:20,8225
2019-07-23 16:25,8270
2019-07-23 16:30,8359
2019-07-23 16:35,8432
2019-07-23 16:40,8479
2019-07-23 16:45,8546
2019-07-23 16:50,8641
2019-07-23 16:55,8739
2019-07-23 17:00,8840
2019-07-23 17:05,8936
2019-07-23 17:10,8980
2019-07-23 17:15,8986
2019-07-23 17:20,9073
2019-07-23 17:25,9174
2019-07-23 17:30,9241
2019-07-23 17:35,9354
2019-07-23 17:40,9407
2019-07-23 17:45,9467
2019-07-23 17:50,9520
2019-07-23 17:55,9503
2019-07-23 18:00,9511
2019-07-23 18:05,9608
2019-07-23 18:10,9702
2019-07-23 18:15,9802
2019-07-23 18:20,9903
2019-07-23 18:25,9931
2019-07-23 18:30,10080
2019-07-23 18:35,10128
2019-07-23 18:40,10217
2019-07-23 18:45,10290
2019-07-23 18:50,10346
2019-07-23 18:55,10313
2019-07-23 19:00,10390
2019-07-23 19:05,10510
2019-07-23 19:10,10534
2019-07-23 19:15,10596
2019-07-23 19:20,10625
2019-07-23 19:25,10620
2019-07-23 19:30,10676
2019-07-23 19:35,10685
2019-07-23 19:40,10696
2019-07-23 19:45,10737
2019-07-23 19:50,10758
2019-07-23 19:55,10866
2019-07-23 20:00,10907
2019-07-23 20:05,10900
2019-07-23 20:10,10908
2019-07-23 20:15,10921
2019-07-23 20:20,10958
2019-07-23 20:25,10935
2019-07-23 20:30,10905
2019-07-23 20:35,10958
2019-07-23 20:40,10946
2019-07-23 20:45,10867
2019-07-23 20:50,10878
2019-07-23 20:55,10834
2019-07-23 21:00,10735
2019-07-23 21:05,10743
2019-07-23 21:10,10653
2019-07-23 21:15,10666
2019-07-23 21:20,10619
2019-07-23 21:25,10603
2019-07-23 21:30,10534
2019-07-23 21:35,10453
2019-07-23 21:40,10382
2019-07-23 21:45,10348
2019-07-23 21:50,10257
2019-07-23 21:55,10225
2019-07-23 22:00,10164
2019-07-23 22:05,10117
2019-07-23 22:10,10025
2019-07-23 22:15,9941
2019-07-23 22:20,9935
2019-07-23 22:25,9865
2019-07-23 22:30,9820
2019-07-23 22:35,0
2019-07-23 22:40,0
2019-07-23 22:45,9134
2019-07-23 22:50,9502
2019-07-23 22:55,9515
2019-07-23 23:00,9440
2019-07-23 23:05,9426
2019-07-23 23:10,9409
2019-07-23 23:15,9402
2019-07-23 23:20,9391
2019-07-23 23:25,9332
2019-07-23 23:30,9306
2019-07-23 23:35,9211
2019-07-23 23:40,9239
2019-07-23 23:45,9221
2019-07-23 23:50,9156
2019-07-23 23:55,9120
2019-07-24 00:00,9099
2019-07-24 00:05,9092
2019-07-24 00:10,9171
2019-07-24 00:15,9133
2019-07-24 00:20,9067
2019-07-24 00:25,9070
2019-07-24 00:30,9108
2019-07-24 00:35,9120
2019-07-24 00:40,9156
2019-07-24 00:45,9150
2019-07-24 00:50,9220
2019-07-24 00:55,9235
2019-07-24 01:00,9213
2019-07-24 01:05,9229
2019-07-24 01:10,9279
2019-07-24 01:15,9254
2019-07-24 01:20,9285
2019-07-24 01:25,9248
2019-07-24 01:30,9244
2019-07-24 01:35,9220
2019-07-24 01:40,9174
2019-07-24 01:45,9124
2019-07-24 01:50,9107
2019-07-24 01:55,9097
2019-07-24 02:00,9062
2019-07-24 02:05,9118
2019-07-24 02:10,9085
2019-07-24 02:15,9043
2019-07-24 02:20,9031
2019-07-24 02:25,8991
2019-07-24 02:30,8966
2019-07-24 02:35,8947
2019-07-24 02:40,8940
2019-07-24 02:45,8859
2019-07-24 02:50,8818
2019-07-24 02:55,8727
2019-07-24 03:00,8666
2019-07-24 03:05,8649
2019-07-24 03:10,8577
2019-07-24 03:15,8556
2019-07-24 03:20,8448
2019-07-24 03:25,8425
2019-07-24 03:30,8395
2019-07-24 03:35,8337
2019-07-24 03:40,8314
2019-07-24 03:45,8277
2019-07-24 03:50,8286
2019-07-24 03:55,8167
2019-07-24 04:00,8131
2019-07-24 04:05,7977
2019-07-24 04:10,7875
2019-07-24 04:15,7770
2019-07-24 04:20,7641
2019-07-24 04:25,7512
2019-07-24 04:30,7402
2019-07-24 04:35,7309
2019-07-24 04:40,7159
2019-07-24 04:45,7050
2019-07-24 04:50,6962
2019-07-24 04:55,6865
2019-07-24 05:00,6755
2019-07-24 05:05,6598
2019-07-24 05:10,6499
2019-07-24 05:15,6421
2019-07-24 05:20,6376
2019-07-24 05:25,6192
2019-07-24 05:30,6155
2019-07-24 05:35,6069
2019-07-24 05:40,5901
2019-07-24 05:45,5870
2019-07-24 05:50,5774
2019-07-24 05:55,5699
2019-07-24 06:00,5569
2019-07-24 06:05,5482
2019-07-24 06:10,5370
2019-07-24 06:15,5319
2019-07-24 06:20,5237
2019-07-24 06:25,5157
2019-07-24 06:30,5108
2019-07-24 06:35,5054
2019-07-24 06:40,4981
2019-07-24 06:45,4875
2019-07-24 06:50,4791
2019-07-24 06:55,4729
2019-07-24 07:00,4657
2019-07-24 07:05,4594
2019-07-24 07:10,4528
2019-07-24 07:15,4475
2019-07-24 07:20,4408
2019-07-24 07:25,4380
2019-07-24 07:30,4363
2019-07-24 07:35,4262
2019-07-24 07:40,4262
2019-07-24 07:45,4248
2019-07-24 07:50,4191
2019-07-24 07:55,4164
2019-07-24 08:00,4107
2019-07-24 08:05,4042
2019-07-24 08:10,4036
2019-07-24 08:15,4007
2019-07-24 08:20,4002
2019-07-24 08:25,3986
2019-07-24 08:30,3985
2019-07-24 08:35,3989
2019-07-24 08:40,3975
2019-07-24 08:45,3953
2019-07-24 08:50,3955
2019-07-24 08:55,3983
2019-07-24 09:00,3961
2019-07-24 09:05,3981
2019-07-24 09:10,4000
2019-07-24 09:15,3980
2019-07-24 09:20,4009
2019-07-24 09:25,4024
2019-07-24 09:30,4062
2019-07-24 09:35,4024
2019-07-24 09:40,3960
2019-07-24 09:45,3938
2019-07-24 09:50,3928
2019-07-24 09:55,3944
2019-07-24 10:00,3893
2019-07-24 10:05,3863
2019-07-24 10:10,3877
2019-07-24 10:15,3846
2019-07-24 10:20,3837
2019-07-24 10:25,3791
2019-07-24 10:30,3776
2019-07-24 10:35,3092
2019-07-24 10:40,2532
2019-07-24 10:45,2006
2019-07-24 10:50,1621
2019-07-24 10:55,1436
2019-07-24 11:00,1332
2019-07-24 11:05,1189
2019-07-24 11:10,1164
2019-07-24 11:15,1155
2019-07-24 11:20,1157
2019-07-24 11:25,1157
2019-07-24 11:30,1152
2019-07-24 11:35,1182
2019-07-24 11:40,1159
2019-07-24 11:45,1199
2019-07-24 11:50,1182
2019-07-24 11:55,1208
2019-07-24 12:00,1193
2019-07-24 12:05,1219
2019-07-24 12:10,1251
2019-07-24 12:15,1279
2019-07-24 12:20,1240
2019-07-24 12:25,1238
2019-07-24 12:30,1255
2019-07-24 12:35,1140
2019-07-24 12:40,1125
2019-07-24 12:45,1127
2019-07-24 12:50,1201
2019-07-24 12:55,1247
2019-07-24 13:00,1262
2019-07-24 13:05,1340
2019-07-24 13:10,1536
2019-07-24 13:15,2118
2019-07-24 13:20,2702
2019-07-24 13:25,3257
2019-07-24 13:30,3853
2019-07-24 13:35,4442
2019-07-24 13:40,4970
2019-07-24 13:45,5427
2019-07-24 13:50,5862
2019-07-24 13:55,6205
2019-07-24 14:00,6509
2019-07-24 14:05,6770
2019-07-24 14:10,7065
2019-07-24 14:15,7294
2019-07-24 14:20,7512
2019-07-24 14:25,7688
2019-07-24 14:30,7863
2019-07-24 14:35,8013
2019-07-24 14:40,8172
2019-07-24 14:45,8276
2019-07-24 14:50,8429
2019-07-24 14:55,8457
2019-07-24 15:00,8551
2019-07-24 15:05,8676
2019-07-24 15:10,8758
2019-07-24 15:15,8753
2019-07-24 15:20,8822
2019-07-24 15:25,8945
2019-07-24 15:30,9047
2019-07-24 15:35,9154
2019-07-24 15:40,9231
2019-07-24 15:45,9256
2019-07-24 15:50,9296
2019-07-24 15:55,9414
2019-07-24 16:00,9439
2019-07-24 16:05,9499
2019-07-24 16:10,9574
2019-07-24 16:15,
2019-07-24 16:20,9742
2019-07-24 16:25,9873
2019-07-24 16:30,9951
2019-07-24 16:35,10005
2019-07-24 16:40,10045
2019-07-24 16:45,10103
2019-07-24 16:50,10151
2019-07-24 16:55,10185
2019-07-24 17:00,10276
2019-07-24 17:05,10299
2019-07-24 17:10,10351
2019-07-24 17:15,10400
2019-07-24 17:20,10488
2019-07-24 17:25,10555
2019-07-24 17:30,10566
2019-07-24 17:35,10707
2019-07-24 17:40,10816
2019-07-24 17:45,10782
2019-07-24 17:50,10880
2019-07-24 17:55,10881
2019-07-24 18:00,11044
2019-07-24 18:05,11175
2019-07-24 18:10,11183
2019-07-24 18:15,11248
2019-07-24 18:20,11351
2019-07-24 18:25,11501
2019-07-24 18:30,11590
2019-07-24 18:35,11664
2019-07-24 18:40,11664
2019-07-24 18:45,11705
2019-07-24 18:50,11792
2019-07-24 18:55,11841
2019-07-24 19:00,11933
2019-07-24 19:05,12007
2019-07-24 19:10,12052
2019-07-24 19:15,12096
2019-07-24 19:20,12121
2019-07-24 19:25,12213
2019-07-24 19:30,12251
2019-07-24 19:35,12329
2019-07-24 19:40,12381
2019-07-24 19:45,12380
2019-07-24 19:50,12356
2019-07-24 19:55,12354
2019-07-24 20:00,12361
2019-07-24 20:05,12385
2019-07-24 20:10,12412
2019-07-24 20:15,12395
2019-07-24 20:20,12370
2019-07-24 20:25,12349
2019-07-24 20:30,12315
2019-07-24 20:35,12351
2019-07-24 20:40,12352
2019-07-24 20:45,12327
2019-07-24 20:50,12300
2019-07-24 20:55,12210
2019-07-24 21:00,12194
2019-07-24 21:05,12094
2019-07-24 21:10,12068
2019-07-24 21:15,11996
2019-07-24 21:20,11943
2019-07-24 21:25,11912
2019-07-24 21:30,11747
2019-07-24 21:35,11701
2019-07-24 21:40,0
2019-07-24 21:45,11643
2019-07-24 21:50,11563
2019-07-24 21:55,11538
2019-07-24 22:00,11447
2019-07-24 22:05,11416
2019-07-24 22:10,11431
2019-07-24 22:15,11382
2019-07-24 22:20,11348
2019-07-24 22:25,11308
2019-07-24 22:30,11239
2019-07-24 22:35,11103
2019-07-24 22:40,11023
2019-07-24 22:45,10997
2019-07-24 22:50,10992
2019-07-24 22:55,10977
2019-07-24 23:00,10924
2019-07-24 23:05,10816
2019-07-24 23:10,10753
2019-07-24 23:15,10689
2019-07-24 23:20,10648
2019-07-24 23:25,10693
2019-07-24 23:30,10617
2019-07-24 23:35,10547
2019-07-24 23:40,10534
2019-07-24 23:45,10506
2019-07-24 23:50,10505
2019-07-24 23:55,10482
2019-07-25 00:00,10412
2019-07-25 00:05,10441
2019-07-25 00:10,10452
2019-07-25 00:15,10399
2019-07-25 00:20,10332
2019-07-25 00:25,10359
2019-07-25 00:30,10314
2019-07-25 00:35,10258
2019-07-25 00:40,10258
2019-07-25 00:45,10230
2019-07-25 00:50,10194
2019-07-25 00:55,10179
2019-07-25 01:00,10150
2019-07-25 01:05,10174
2019-07-25 01:10,10191
2019-07-25 01:15,10207
2019-07-25 01:20,10217
2019-07-25 01:25,10217
2019-07-25 01:30,10169
2019-07-25 01:35,10212
2019-07-25 01:40,10239
2019-07-25 01:45,10198
2019-07-25 01:50,10175
2019-07-25 01:55,10160
2019-07-25 02:00,10199
2019-07-25 02:05,10173
2019-07-25 02:10,10180
2019-07-25 02:15,10179
2019-07-25 02:20,10237
2019-07-25 02:25,10174
2019-07-25 02:30,10186
2019-07-25 02:35,10198
2019-07-25 02:40,10181
2019-07-25 02:45,10149
2019-07-25 02:50,10143
2019-07-25 02:55,10067
2019-07-25 03:00,10067
2019-07-25 03:05,9988
2019-07-25 03:10,9916
2019-07-25 03:15,9800
2019-07-25 03:20,9748
2019-07-25 03:25,9638
2019-07-25 03:30,9541
2019-07-25 03:35,9444
2019-07-25 03:40,9386
2019-07-25 03:45,9289
2019-07-25 03:50,9186
2019-07-25 03:55,9084
2019-07-25 04:00,8946
2019-07-25 04:05,8831
2019-07-25 04:10,8716
2019-07-25 04:15,8573
2019-07-25 04:20,8526
2019-07-25 04:25,8404
2019-07-25 04:30,8283
2019-07-25 04:35,8234
2019-07-25 04:40,8165
2019-07-25 04:45,8053
2019-07-25 04:50,7919
2019-07-25 04:55,7790
2019-07-25 05:00,7596
2019-07-25 05:05,7511
2019-07-25 05:10,7336
2019-07-25 05:15,7222
2019-07-25 05:20,7142
2019-07-25 05:25,7053
2019-07-25 05:30,6967
2019-07-25 05:35,6863
2019-07-25 05:40,6768
2019-07-25 05:45,6648
2019-07-25 05:50,6530
2019-07-25 05:55,6407
2019-07-25 06:00,6314
2019-07-25 06:05,6202
2019-07-25 06:10,6057
2019-07-25 06:15,5952
2019-07-25 06:20,5819
2019-07-25 06:25,5712
2019-07-25 06:30,5636
2019-07-25 06:35,5594
2019-07-25 06:40,5522
2019-07-25 06:45,5453
2019-07-25 06:50,5442
2019-07-25 06:55,5336
2019-07-25 07:00,5245
2019-07-25 07:05,5186
2019-07-25 07:10,5047
2019-07-25 07:15,4986
2019-07-25 07:20,4934
2019-07-25 07:25,4857
2019-07-25 07:30,4782
2019-07-25 07:35,4719
2019-07-25 07:40,4691
2019-07-25 07:45,4617
2019-07-25 07:50,4578
2019-07-25 07:55,4507
2019-07-25 08:00,4484
2019-07-25 08:05,4450
2019-07-25 08:10,4431
2019-07-25 08:15,4401
2019-07-25 08:20,4414
2019-07-25 08:25,4445
2019-07-25 08:30,4423
2019-07-25 08:35,4414
2019-07-25 08:40,4378
2019-07-25 08:45,4399
2019-07-25 08:50,4410
2019-07-25 08:55,4403
2019-07-25 09:00,4431
2019-07-25 09:05,4430
2019-07-25 09:10,4460
2019-07-25 09:15,4489
2019-07-25 09:20,4510
2019-07-25 09:25,4535
2019-07-25 09:30,4559
2019-07-25 09:35,4571
2019-07-25 09:40,4578
2019-07-25 09:45,4622
2019-07-25 09:50,4645
2019-07-25 09:55,4657
2019-07-25 10:00,4666
2019-07-25 10:05,4686
2019-07-25 10:10,4731
2019-07-25 10:15,4728
2019-07-25 10:20,4763
2019-07-25 10:25,4816
2019-07-25 10:30,4860
2019-07-25 10:35,4867
2019-07-25 10:40,4905
2019-07-25 10:45,4946
2019-07-25 10:50,4971
2019-07-25 10:55,5054
2019-07-25 11:00,5106
2019-07-25 11:05,5154
2019-07-25 11:10,5220
2019-07-25 11:15,5262
2019-07-25 11:20,5314
2019-07-25 11:25,5347
2019-07-25 11:30,5393
2019-07-25 11:35,5393
2019-07-25 11:40,5459
2019-07-25 11:45,5496
2019-07-25 11:50,5555
2019-07-25 11:55,5587
2019-07-25 12:00,5621
2019-07-25 12:05,5626
2019-07-25 12:10,5651
2019-07-25 12:15,5719
2019-07-25 12:20,5789
2019-07-25 12:25,5806
2019-07-25 12:30,5859
2019-07-25 12:35,5919
2019-07-25 12:40,5954
2019-07-25 12:45,6040
2019-07-25 12:50,6147
2019-07-25 12:55,6220
2019-07-25 13:00,6280
2019-07-25 13:05,6401
2019-07-25 13:10,6504
2019-07-25 13:15,6545
2019-07-25 13:20,6605
2019-07-25 13:25,6672
2019-07-25 13:30,6792
2019-07-25 13:35,6907
2019-07-25 13:40,6939
2019-07-25 13:45,7018
2019-07-25 13:50,7093
2019-07-25 13:55,7183
2019-07-25 14:00,7274
2019-07-25 14:05,7340
2019-07-25 14:10,7455
2019-07-25 14:15,7509
2019-07-25 14:20,7559
2019-07-25 14:25,7626
2019-07-25 14:30,7708
2019-07-25 14:35,7809
2019-07-25 14:40,7864
2019-07-25 14:45,7961
2019-07-25 14:50,8004
2019-07-25 14:55,8045
2019-07-25 15:00,8041
2019-07-25 15:05,8113
2019-07-25 15:10,8131
2019-07-25 15:15,8170
2019-07-25 15:20,8225
2019-07-25 15:25,8274
2019-07-25 15:30,8379
2019-07-25 15:35,8431
2019-07-25 15:40,8497
2019-07-25 15:45,8505
2019-07-25 15:50,8620
2019-07-25 15:55,8597
2019-07-25 16:00,8719
2019-07-25 16:05,8792
2019-07-25 16:10,8833
2019-07-25 16:15,8866
2019-07-25 16:20,8892
2019-07-25 16:25,8971
2019-07-25 16:30,9074
2019-07-25 16:35,9130
2019-07-25 16:40,9184
2019-07-25 16:45,9263
2019-07-25 16:50,9330
2019-07-25 16:55,9472
2019-07-25 17:00,9496
2019-07-25 17:05,9565
2019-07-25 17:10,9600
2019-07-25 17:15,9648
2019-07-25 17:20,9767
2019-07-25 17:25,9830
2019-07-25 17:30,9876
2019-07-25 17:35,10002
2019-07-25 17:40,10083
2019-07-25 17:45,10171
2019-07-25 17:50,10202
2019-07-25 17:55,10289
2019-07-25 18:00,10404
2019-07-25 18:05,10413
2019-07-25 18:10,10487
2019-07-25 18:15,10551
2019-07-25 18:20,10599
2019-07-25 18:25,10661
2019-07-25 18:30,10744
2019-07-25 18:35,10777
2019-07-25 18:40,10888
2019-07-25 18:45,10957
2019-07-25 18:50,11037
2019-07-25 18:55,11010
2019-07-25 19:00,11068
2019-07-25 19:05,11104
2019-07-25 19:10,11166
2019-07-25 19:15,11261
2019-07-25 19:20,11318
2019-07-25 19:25,11343
2019-07-25 19:30,11416
2019-07-25 19:35,11495
2019-07-25 19:40,11567
2019-07-25 19:45,11570
2019-07-25 19:50,11500
2019-07-25 19:55,11520
2019-07-25 20:00,11463
2019-07-25 20:05,11003
2019-07-25 20:10,10872
2019-07-25 20:15,10746
2019-07-25 20:20,10778
2019-07-25 20:25,10862
2019-07-25 20:30,10854
2019-07-25 20:35,10892
2019-07-25 20:40,10927
2019-07-25 20:45,10972
2019-07-25 20:50,10993
2019-07-25 20:55,11006
2019-07-25 21:00,10955
2019-07-25 21:05,10987
2019-07-25 21:10,11049
2019-07-25 21:15,11072
2019-07-25 21:20,11033
2019-07-25 21:25,11030
2019-07-25 21:30,10999
2019-07-25 21:35,11008
2019-07-25 21:40,10899
2019-07-25 21:45,10898
2019-07-25 21:50,10898
2019-07-25 21:55,10898
2019-07-25 22:00,10838
2019-07-25 22:05,10808
2019-07-25 22:10,10807
2019-07-25 22:15,10770
2019-07-25 22:20,10728
2019-07-25 22:25,10721
2019-07-25 22:30,10669
2019-07-25 22:35,10615
2019-07-25 22:40,10605
2019-07-25 22:45,10564
2019-07-25 22:50,10456
2019-07-25 22:55,10479
2019-07-25 23:00,10448
2019-07-25 23:05,10396
2019-07-25 23:10,10382
2019-07-25 23:15,10311
2019-07-25 23:20,10310
2019-07-25 23:25,10255
2019-07-25 23:30,10274
2019-07-25 23:35,10239
2019-07-25 23:40,10184
2019-07-25 23:45,10162
2019-07-25 23:50,10146
2019-07-25 23:55,10153
2019-07-26 00:00,10094
2019-07-26 00:05,10067
2019-07-26 00:10,9968
2019-07-26 00:15,9930
2019-07-26 00:20,9864
2019-07-26 00:25,9849
2019-07-26 00:30,9854
2019-07-26 00:35,9851
2019-07-26 00:40,9813
2019-07-26 00:45,9851
2019-07-26 00:50,9815
2019-07-26 00:55,9842
2019-07-26 01:00,9834
2019-07-26 01:05,9792
2019-07-26 01:10,9826
2019-07-26 01:15,9856
2019-07-26 01:20,9881
2019-07-26 01:25,9880
2019-07-26 01:30,9901
2019-07-26 01:35,9877
2019-07-26 01:40,9880
2019-07-26 01:45,9914
2019-07-26 01:50,9876
2019-07-26 01:55,9870
2019-07-26 02:00,9795
2019-07-26 02:05,9735
2019-07-26 02:10,9689
2019-07-26 02:15,9657
2019-07-26 02:20,9714
2019-07-26 02:25,9677
2019-07-26 02:30,9684
2019-07-26 02:35,9736
2019-07-26 02:40,9743
2019-07-26 02:45,9714
2019-07-26 02:50,9667
2019-07-26 02:55,9623
2019-07-26 03:00,9569
2019-07-26 03:05,9466
2019-07-26 03:10,9412
2019-07-26 03:15,9372
2019-07-26 03:20,9255
2019-07-26 03:25,9178
2019-07-26 03:30,9124
2019-07-26 03:35,8988
2019-07-26 03:40,8915
2019-07-26 03:45,8902
2019-07-26 03:50,8821
2019-07-26 03:55,8731
2019-07-26 04:00,8597
2019-07-26 04:05,8518
2019-07-26 04:10,8460
2019-07-26 04:15,8352
2019-07-26 04:20,8238
2019-07-26 04:25,8112
2019-07-26 04:30,8018
2019-07-26 04:35,7941
2019-07-26 04:40,7842
2019-07-26 04:45,7761
2019-07-26 04:50,7715
2019-07-26 04:55,7535
2019-07-26 05:00,7433
2019-07-26 05:05,7290
2019-07-26 05:10,7191
2019-07-26 05:15,7087
2019-07-26 05:20,6956
2019-07-26 05:25,6923
2019-07-26 05:30,6833
2019-07-26 05:35,6674
2019-07-26 05:40,6520
2019-07-26 05:45,6435
2019-07-26 05:50,6336
2019-07-26 05:55,6219
2019-07-26 06:00,6153
2019-07-26 06:05,6006
2019-07-26 06:10,5902
2019-07-26 06:15,5776
2019-07-26 06:20,5711
2019-07-26 06:25,5590
2019-07-26 06:30,5471
2019-07-26 06:35,5392
2019-07-26 06:40,5342
2019-07-26 06:45,5243
2019-07-26 06:50,5206
2019-07-26 06:55,5160
2019-07-26 07:00,5047
2019-07-26 07:05,4987
2019-07-26 07:10,4902
2019-07-26 07:15,4805
2019-07-26 07:20,4754
2019-07-26 07:25,4736
2019-07-26 07:30,4713
2019-07-26 07:35,4679
2019-07-26 07:40,4625
2019-07-26 07:45,4590
2019-07-26 07:50,4561
2019-07-26 07:55,4535
2019-07-26 08:00,4496
2019-07-26 08:05,4491
2019-07-26 08:10,4475
2019-07-26 08:15,4430
2019-07-26 08:20,4451
2019-07-26 08:25,4452
2019-07-26 08:30,4426
2019-07-26 08:35,4403
2019-07-26 08:40,4440
2019-07-26 08:45,4476
2019-07-26 08:50,4466
2019-07-26 08:55,4494
2019-07-26 09:00,4479
2019-07-26 09:05,4491
2019-07-26 09:10,4520
2019-07-26 09:15,4555
2019-07-26 09:20,4573
2019-07-26 09:25,4602
2019-07-26 09:30,4611
2019-07-26 09:35,4627
2019-07-26 09:40,4681
2019-07-26 09:45,4732
2019-07-26 09:50,4772
2019-07-26 09:55,4772
2019-07-26 10:00,4812
2019-07-26 10:05,4860
2019-07-26 10:10,4901
2019-07-26 10:15,4895
2019-07-26 10:20,4896
2019-07-26 10:25,4909
2019-07-26 10:30,4949
2019-07-26 10:35,5017
2019-07-26 10:40,5036
2019-07-26 10:45,5072
2019-07-26 10:50,5113
2019-07-26 10:55,5149
2019-07-26 11:00,5190
2019-07-26 11:05,5215
2019-07-26 11:10,5295
2019-07-26 11:15,5355
2019-07-26 11:20,5459
2019-07-26 11:25,5519
2019-07-26 11:30,5551
2019-07-26 11:35,5609
2019-07-26 11:40,5642
2019-07-26 11:45,5664
2019-07-26 11:50,5713
2019-07-26 11:55,5708
2019-07-26 12:00,5707
2019-07-26 12:05,5758
2019-07-26 12:10,5753
2019-07-26 12:15,5827
2019-07-26 12:20,5880
2019-07-26 12:25,5910
2019-07-26 12:30,5947
2019-07-26 12:35,6029
2019-07-26 12:40,6087
2019-07-26 12:45,6110
2019-07-26 12:50,6168
2019-07-26 12:55,6231
2019-07-26 13:00,6271
2019-07-26 13:05,6362
2019-07-26 13:10,6429
2019-07-26 13:15,6523
2019-07-26 13:20,6608
2019-07-26 13:25,6656
2019-07-26 13:30,6759
2019-07-26 13:35,6850
2019-07-26 13:40,6918
2019-07-26 13:45,7034
2019-07-26 13:50,7130
2019-07-26 13:55,7224
2019-07-26 14:00,7251
2019-07-26 14:05,7314
2019-07-26 14:10,7397
2019-07-26 14:15,7494
2019-07-26 14:20,7564
2019-07-26 14:25,7606
2019-07-26 14:30,7704
2019-07-26 14:35,7737
2019-07-26 14:40,7818
2019-07-26 14:45,7904
2019-07-26 14:50,7987
2019-07-26 14:55,8053
2019-07-26 15:00,8123
2019-07-26 15:05,8251
2019-07-26 15:10,8258
2019-07-26 15:15,8326
2019-07-26 15:20,8363
2019-07-26 15:25,8325
2019-07-26 15:30,8387
2019-07-26 15:35,8363
2019-07-26 15:40,8445
2019-07-26 15:45,8542
2019-07-26 15:50,8551
2019-07-26 15:55,8623
2019-07-26 16:00,8674
2019-07-26 16:05,8695
2019-07-26 16:10,8713
2019-07-26 16:15,8801
2019-07-26 16:20,8845
2019-07-26 16:25,8941
2019-07-26 16:30,8996
2019-07-26 16:35,9071
2019-07-26 16:40,9117
2019-07-26 16:45,9193
2019-07-26 16:50,9205
2019-07-26 16:55,9288
2019-07-26 17:00,9321
2019-07-26 17:05,9410
2019-07-26 17:10,9444
2019-07-26 17:15,9509
2019-07-26 17:20,9495
2019-07-26 17:25,9611
2019-07-26 17:30,9675
2019-07-26 17:35,9434
2019-07-26 17:40,8699
2019-07-26 17:45,8688
2019-07-26 17:50,8752
2019-07-26 17:55,8869
2019-07-26 18:00,8928
2019-07-26 18:05,8921
2019-07-26 18:10,9043
2019-07-26 18:15,9189
2019-07-26 18:20,9351
2019-07-26 18:25,9498
2019-07-26 18:30,9726
2019-07-26 18:35,9845
2019-07-26 18:40,9985
2019-07-26 18:45,10072
2019-07-26 18:50,10187
2019-07-26 18:55,10287
2019-07-26 19:00,10396
2019-07-26 19:05,10538
2019-07-26 19:10,10676
2019-07-26 19:15,10785
2019-07-26 19:20,10910
2019-07-26 19:25,11010
2019-07-26 19:30,11082
2019-07-26 19:35,11188
2019-07-26 19:40,11284
2019-07-26 19:45,11374
2019-07-26 19:50,11403
2019-07-26 19:55,11488
2019-07-26 20:00,11538
2019-07-26 20:05,11495
2019-07-26 20:10,11543
2019-07-26 20:15,11585
2019-07-26 20:20,11601
2019-07-26 20:25,11636
2019-07-26 20:30,11600
2019-07-26 20:35,11631
2019-07-26 20:40,0
2019-07-26 20:45,0
2019-07-26 20:50,11568
2019-07-26 20:55,11535
2019-07-26 21:00,11540
2019-07-26 21:05,11498
2019-07-26 21:10,11491
2019-07-26 21:15,11452
2019-07-26 21:20,11428
2019-07-26 21:25,11462
2019-07-26 21:30,11400
2019-07-26 21:35,11338
2019-07-26 21:40,11303
2019-07-26 21:45,11298
2019-07-26 21:50,11248
2019-07-26 21:55,11248
2019-07-26 22:00,11214
2019-07-26 22:05,11221
2019-07-26 22:10,11089
2019-07-26 22:15,11038
2019-07-26 22:20,10900
2019-07-26 22:25,10838
2019-07-26 22:30,10756
2019-07-26 22:35,10718
2019-07-26 22:40,10594
2019-07-26 22:45,10521
2019-07-26 22:50,10516
2019-07-26 22:55,10457
2019-07-26 23:00,10431
2019-07-26 23:05,10361
2019-07-26 23:10,10300
2019-07-26 23:15,10249
2019-07-26 23:20,10195
2019-07-26 23:25,10070
2019-07-26 23:30,10054
2019-07-26 23:35,9996
2019-07-26 23:40,9952
2019-07-26 23:45,9885
2019-07-26 23:50,9815
2019-07-26 23:55,9796
2019-07-27 00:00,9773
2019-07-27 00:05,9708
2019-07-27 00:10,9689
2019-07-27 00:15,9635
2019-07-27 00:20,9618
2019-07-27 00:25,9599
2019-07-27 00:30,9559
2019-07-27 00:35,9586
2019-07-27 00:40,9561
2019-07-27 00:45,9539
2019-07-27 00:50,9511
2019-07-27 00:55,9524
2019-07-27 01:00,9510
2019-07-27 01:05,9439
2019-07-27 01:10,9429
2019-07-27 01:15,9498
2019-07-27 01:20,9521
2019-07-27 01:25,9470
2019-07-27 01:30,9481
2019-07-27 01:35,9501
2019-07-27 01:40,9510
2019-07-27 01:45,9536
2019-07-27 01:50,9554
2019-07-27 01:55,9582
2019-07-27 02:00,9594
2019-07-27 02:05,9651
2019-07-27 02:10,9649
2019-07-27 02:15,9629
2019-07-27 02:20,9619
2019-07-27 02:25,9622
2019-07-27 02:30,9611
2019-07-27 02:35,9685
2019-07-27 02:40,9651
2019-07-27 02:45,9650
2019-07-27 02:50,9672
2019-07-27 02:55,9588
2019-07-27 03:00,9540
2019-07-27 03:05,9471
2019-07-27 03:10,9477
2019-07-27 03:15,9483
2019-07-27 03:20,9436
2019-07-27 03:25,9407
2019-07-27 03:30,9327
2019-07-27 03:35,9251
2019-07-27 03:40,9297
2019-07-27 03:45,9254
2019-07-27 03:50,9182
2019-07-27 03:55,9180
2019-07-27 04:00,9144
2019-07-27 04:05,9077
2019-07-27 04:10,9025
2019-07-27 04:15,9006
2019-07-27 04:20,8864
2019-07-27 04:25,8760
2019-07-27 04:30,8764
2019-07-27 04:35,8656
2019-07-27 04:40,8556
2019-07-27 04:45,8478
2019-07-27 04:50,8381
2019-07-27 04:55,8317
2019-07-27 05:00,8194
2019-07-27 05:05,8147
2019-07-27 05:10,8059
2019-07-27 05:15,7955
2019-07-27 05:20,7843
2019-07-27 05:25,7764
2019-07-27 05:30,7611
2019-07-27 05:35,7531
2019-07-27 05:40,7439
2019-07-27 05:45,7304
2019-07-27 05:50,7184
2019-07-27 05:55,7106
2019-07-27 06:00,6969
2019-07-27 06:05,6845
2019-07-27 06:10,6769
2019-07-27 06:15,6623
2019-07-27 06:20,6551
2019-07-27 06:25,6419
2019-07-27 06:30,6294
2019-07-27 06:35,6212
2019-07-27 06:40,6107
2019-07-27 06:45,6069
2019-07-27 06:50,5988
2019-07-27 06:55,5919
2019-07-27 07:00,5834
2019-07-27 07:05,5753
2019-07-27 07:10,5665
2019-07-27 07:15,5612
2019-07-27 07:20,5586
2019-07-27 07:25,5545
2019-07-27 07:30,5486
2019-07-27 07:35,5429
2019-07-27 07:40,5339
2019-07-27 07:45,5297
2019-07-27 07:50,5291
2019-07-27 07:55,5244
2019-07-27 08:00,5155
2019-07-27 08:05,5157
2019-07-27 08:10,5125
2019-07-27 08:15,5080
2019-07-27 08:20,5066
2019-07-27 08:25,5082
2019-07-27 08:30,5077
2019-07-27 08:35,5058
2019-07-27 08:40,5073
2019-07-27 08:45,5027
2019-07-27 08:50,5006
2019-07-27 08:55,5017
2019-07-27 09:00,5056
2019-07-27 09:05,5055
2019-07-27 09:10,5062
2019-07-27 09:15,5094
2019-07-27 09:20,5100
2019-07-27 09:25,5086
2019-07-27 09:30,5127
2019-07-27 09:35,5181
2019-07-27 09:40,5189
2019-07-27 09:45,5211
2019-07-27 09:50,5301
2019-07-27 09:55,5372
2019-07-27 10:00,5381
2019-07-27 10:05,5421
2019-07-27 10:10,5411
2019-07-27 10:15,5460
2019-07-27 10:20,5458
2019-07-27 10:25,5480
2019-07-27 10:30,5558
2019-07-27 10:35,5643
2019-07-27 10:40,5654
2019-07-27 10:45,5686
2019-07-27 10:50,5770
2019-07-27 10:55,5774
2019-07-27 11:00,5815
2019-07-27 11:05,5845
2019-07-27 11:10,5928
2019-07-27 11:15,5932
2019-07-27 11:20,5969
2019-07-27 11:25,6006
2019-07-27 11:30,6045
2019-07-27 11:35,6110
2019-07-27 11:40,6153
2019-07-27 11:45,6157
2019-07-27 11:50,6223
2019-07-27 11:55,6303
2019-07-27 12:00,6310
2019-07-27 12:05,6363
2019-07-27 12:10,6388
2019-07-27 12:15,6446
2019-07-27 12:20,6479
2019-07-27 12:25,6511
2019-07-27 12:30,6571
2019-07-27 12:35,6591
2019-07-27 12:40,6645
2019-07-27 12:45,6712
2019-07-27 12:50,6782
2019-07-27 12:55,6806
2019-07-27 13:00,6893
2019-07-27 13:05,6945
2019-07-27 13:10,7014
2019-07-27 13:15,7077
2019-07-27 13:20,7190
2019-07-27 13:25,7257
2019-07-27 13:30,7387
2019-07-27 13:35,7491
2019-07-27 13:40,7639
2019-07-27 13:45,7664
2019-07-27 13:50,7724
2019-07-27 13:55,7817
2019-07-27 14:00,7932
2019-07-27 14:05,8057
2019-07-27 14:10,8082
2019-07-27 14:15,8173
2019-07-27 14:20,8250
2019-07-27 14:25,8308
2019-07-27 14:30,8448
2019-07-27 14:35,8521
2019-07-27 14:40,8618
2019-07-27 14:45,8717
2019-07-27 14:50,8810
2019-07-27 14:55,8811
2019-07-27 15:00,8871
2019-07-27 15:05,8900
2019-07-27 15:10,8960
2019-07-27 15:15,9011
2019-07-27 15:20,9121
2019-07-27 15:25,9151
2019-07-27 15:30,9246
2019-07-27 15:35,9299
2019-07-27 15:40,9359
2019-07-27 15:45,9404
2019-07-27 15:50,9418
2019-07-27 15:55,9465
2019-07-27 16:00,9486
2019-07-27 16:05,9506
2019-07-27 16:10,9542
2019-07-27 16:15,9608
2019-07-27 16:20,9667
2019-07-27 16:25,9733
2019-07-27 16:30,9703
2019-07-27 16:35,9775
2019-07-27 16:40,9816
2019-07-27 16:45,9863
2019-07-27 16:50,9930
2019-07-27 16:55,10001
2019-07-27 17:00,10044
2019-07-27 17:05,10040
2019-07-27 17:10,10185
2019-07-27 17:15,10281
2019-07-27 17:20,10352
2019-07-27 17:25,10420
2019-07-27 17:30,10489
2019-07-27 17:35,10600
2019-07-27 17:40,10654
2019-07-27 17:45,10714
2019-07-27 17:50,10751
2019-07-27 17:55,10796
2019-07-27 18:00,10906
2019-07-27 18:05,10919
2019-07-27 18:10,10914
2019-07-27 18:15,10902
2019-07-27 18:20,11001
2019-07-27 18:25,11097
2019-07-27 18:30,11156
2019-07-27 18:35,11171
2019-07-27 18:40,11214
2019-07-27 18:45,11231
2019-07-27 18:50,11246
2019-07-27 18:55,11244
2019-07-27 19:00,11303
2019-07-27 19:05,11312
2019-07-27 19:10,11354
2019-07-27 19:15,11355
2019-07-27 19:20,11445
2019-07-27 19:25,11547
2019-07-27 19:30,11564
2019-07-27 19:35,11559
2019-07-27 19:40,11624
2019-07-27 19:45,11684
2019-07-27 19:50,11802
2019-07-27 19:55,11886
2019-07-27 20:00,11934
2019-07-27 20:05,11943
2019-07-27 20:10,12051
2019-07-27 20:15,12089
2019-07-27 20:20,12131
2019-07-27 20:25,12165
2019-07-27 20:30,12241
2019-07-27 20:35,12209
2019-07-27 20:40,12239
2019-07-27 20:45,12274
2019-07-27 20:50,12327
2019-07-27 20:55,12300
2019-07-27 21:00,12296
2019-07-27 21:05,12307
2019-07-27 21:10,12215
2019-07-27 21:15,12222
2019-07-27 21:20,12224
2019-07-27 21:25,12198
2019-07-27 21:30,12138
2019-07-27 21:35,12042
2019-07-27 21:40,11992
2019-07-27 21:45,11911
2019-07-27 21:50,11893
2019-07-27 21:55,11882
2019-07-27 22:00,11782
2019-07-27 22:05,11700
2019-07-27 22:10,11627
2019-07-27 22:15,11490
2019-07-27 22:20,11371
2019-07-27 22:25,11273
2019-07-27 22:30,11186
2019-07-27 22:35,11119
2019-07-27 22:40,11060
2019-07-27 22:45,11017
2019-07-27 22:50,10944
2019-07-27 22:55,10854
2019-07-27 23:00,10776
2019-07-27 23:05,10699
2019-07-27 23:10,10697
2019-07-27 23:15,10662
2019-07-27 23:20,10635
2019-07-27 23:25,10607
2019-07-27 23:30,10514
2019-07-27 23:35,10462
2019-07-27 23:40,10400
2019-07-27 23:45,10351
2019-07-27 23:50,10299
2019-07-27 23:55,10209
2019-07-28 00:00,10088
2019-07-28 00:05,10013
2019-07-28 00:10,9904
2019-07-28 00:15,9862
2019-07-28 00:20,9845
2019-07-28 00:25,9827
2019-07-28 00:30,9818
2019-07-28 00:35,9714
2019-07-28 00:40,9644
2019-07-28 00:45,9626
2019-07-28 00:50,9594
2019-07-28 00:55,9583
2019-07-28 01:00,9494
2019-07-28 01:05,9515
2019-07-28 01:10,9491
2019-07-28 01:15,9420
2019-07-28 01:20,9434
2019-07-28 01:25,9419
2019-07-28 01:30,9432
2019-07-28 01:35,9459
2019-07-28 01:40,9482
2019-07-28 01:45,9521
2019-07-28 01:50,9494
2019-07-28 01:55,9503
2019-07-28 02:00,9504
2019-07-28 02:05,9476
2019-07-28 02:10,9455
2019-07-28 02:15,9445
2019-07-28 02:20,9471
2019-07-28 02:25,9486
2019-07-28 02:30,9534
2019-07-28 02:35,9518
2019-07-28 02:40,9586
2019-07-28 02:45,9565
2019-07-28 02:50,9495
2019-07-28 02:55,9555
2019-07-28 03:00,9542
2019-07-28 03:05,9532
2019-07-28 03:10,9481
2019-07-28 03:15,9515
2019-07-28 03:20,9538
2019-07-28 03:25,9572
2019-07-28 03:30,9503
2019-07-28 03:35,9488
2019-07-28 03:40,9466
2019-07-28 03:45,9386
2019-07-28 03:50,9338
2019-07-28 03:55,9250
2019-07-28 04:00,9179
2019-07-28 04:05,9098
2019-07-28 04:10,9006
2019-07-28 04:15,9023
2019-07-28 04:20,8897
2019-07-28 04:25,8840
2019-07-28 04:30,8808
2019-07-28 04:35,8736
2019-07-28 04:40,8694
2019-07-28 04:45,8625
2019-07-28 04:50,8591
2019-07-28 04:55,8445
2019-07-28 05:00,8318
2019-07-28 05:05,8221
2019-07-28 05:10,8141
2019-07-28 05:15,8030
2019-07-28 05:20,7896
2019-07-28 05:25,7831
2019-07-28 05:30,7721
2019-07-28 05:35,7629
2019-07-28 05:40,7507
2019-07-28 05:45,7426
2019-07-28 05:50,7320
2019-07-28 05:55,7226
2019-07-28 06:00,7160
2019-07-28 06:05,7045
2019-07-28 06:10,6955
2019-07-28 06:15,6899
2019-07-28 06:20,6853
2019-07-28 06:25,6774
2019-07-28 06:30,6651
2019-07-28 06:35,6601
2019-07-28 06:40,6437
2019-07-28 06:45,6387
2019-07-28 06:50,6330
2019-07-28 06:55,6236
2019-07-28 07:00,6074
2019-07-28 07:05,6030
2019-07-28 07:10,5991
2019-07-28 07:15,5904
2019-07-28 07:20,5830
2019-07-28 07:25,5798
2019-07-28 07:30,5746
2019-07-28 07:35,5725
2019-07-28 07:40,5659
2019-07-28 07:45,5660
2019-07-28 07:50,5590
2019-07-28 07:55,5600
2019-07-28 08:00,5596
2019-07-28 08:05,5545
2019-07-28 08:10,5509
2019-07-28 08:15,5463
2019-07-28 08:20,5485
2019-07-28 08:25,5472
2019-07-28 08:30,5478
2019-07-28 08:35,5476
2019-07-28 08:40,5449
2019-07-28 08:45,5482
2019-07-28 08:50,5521
2019-07-28 08:55,5554
2019-07-28 09:00,5570
2019-07-28 09:05,5558
2019-07-28 09:10,5592
2019-07-28 09:15,5630
2019-07-28 09:20,5656
2019-07-28 09:25,5650
2019-07-28 09:30,5686
2019-07-28 09:35,5704
2019-07-28 09:40,5775
2019-07-28 09:45,5758
2019-07-28 09:50,5833
2019-07-28 09:55,5871
2019-07-28 10:00,5887
2019-07-28 10:05,5899
2019-07-28 10:10,5994
2019-07-28 10:15,6061
2019-07-28 10:20,6094
2019-07-28 10:25,6166
2019-07-28 10:30,6175
2019-07-28 10:35,6267
2019-07-28 10:40,6266
2019-07-28 10:45,6316
2019-07-28 10:50,6384
2019-07-28 10:55,6438
2019-07-28 11:00,6437
2019-07-28 11:05,6461
2019-07-28 11:10,6515
2019-07-28 11:15,6558
2019-07-28 11:20,6590
2019-07-28 11:25,6681
2019-07-28 11:30,6707
2019-07-28 11:35,6732
2019-07-28 11:40,6779
2019-07-28 11:45,6834
2019-07-28 11:50,6895
2019-07-28 11:55,6935
2019-07-28 12:00,6979
2019-07-28 12:05,7031
2019-07-28 12:10,7086
2019-07-28 12:15,7100
2019-07-28 12:20,7132
2019-07-28 12:25,7214
2019-07-28 12:30,7283
2019-07-28 12:35,7349
2019-07-28 12:40,7407
2019-07-28 12:45,7491
2019-07-28 12:50,7557
2019-07-28 12:55,7619
2019-07-28 13:00,7663
2019-07-28 13:05,7726
2019-07-28 13:10,7818
2019-07-28 13:15,7888
2019-07-28 13:20,7972
2019-07-28 13:25,8090
2019-07-28 13:30,8183
2019-07-28 13:35,8264
2019-07-28 13:40,8294
2019-07-28 13:45,8393
2019-07-28 13:50,8472
2019-07-28 13:55,8560
2019-07-28 14:00,8648
2019-07-28 14:05,8651
2019-07-28 14:10,8742
2019-07-28 14:15,8810
2019-07-28 14:20,8847
2019-07-28 14:25,8912
2019-07-28 14:30,8955
2019-07-28 14:35,9028
2019-07-28 14:40,9132
2019-07-28 14:45,9221
2019-07-28 14:50,9293
2019-07-28 14:55,9380
2019-07-28 15:00,9492
2019-07-28 15:05,9526
2019-07-28 15:10,9618
2019-07-28 15:15,9692
2019-07-28 15:20,9796
2019-07-28 15:25,9834
2019-07-28 15:30,9886
2019-07-28 15:35,9936
2019-07-28 15:40,9995
2019-07-28 15:45,10055
2019-07-28 15:50,
2019-07-28 15:55,10253
2019-07-28 16:00,10300
2019-07-28 16:05,10387
2019-07-28 16:10,10418
2019-07-28 16:15,10470
2019-07-28 16:20,10584
2019-07-28 16:25,10680
2019-07-28 16:30,10762
2019-07-28 16:35,10802
2019-07-28 16:40,10912
2019-07-28 16:45,10984
2019-07-28 16:50,11008
2019-07-28 16:55,11069
2019-07-28 17:00,11078
2019-07-28 17:05,11165
2019-07-28 17:10,11235
2019-07-28 17:15,11292
2019-07-28 17:20,11351
2019-07-28 17:25,11489
2019-07-28 17:30,11563
2019-07-28 17:35,11669
2019-07-28 17:40,11740
2019-07-28 17:45,11728
2019-07-28 17:50,11822
2019-07-28 17:55,11889
2019-07-28 18:00,11934
2019-07-28 18:05,12033
2019-07-28 18:10,12026
2019-07-28 18:15,12015
2019-07-28 18:20,12096
2019-07-28 18:25,12153
2019-07-28 18:30,12222
2019-07-28 18:35,12294
2019-07-28 18:40,12360
2019-07-28 18:45,12439
2019-07-28 18:50,12533
2019-07-28 18:55,12622
2019-07-28 19:00,12652
2019-07-28 19:05,12744
2019-07-28 19:10,12846
2019-07-28 19:15,12853
2019-07-28 19:20,12962
2019-07-28 19:25,13013
2019-07-28 19:30,13072
2019-07-28 19:35,13130
2019-07-28 19:40,13121
2019-07-28 19:45,13121
2019-07-28 19:50,13136
2019-07-28 19:55,13145
2019-07-28 20:00,13187
2019-07-28 20:05,13196
2019-07-28 20:10,13209
2019-07-28 20:15,13220
2019-07-28 20:20,13209
2019-07-28 20:25,13216
2019-07-28 20:30,13215
2019-07-28 20:35,13153
2019-07-28 20:40,13144
2019-07-28 20:45,13088
2019-07-28 20:50,13001
2019-07-28 20:55,12964
2019-07-28 21:00,12903
2019-07-28 21:05,12868
2019-07-28 21:10,12796
2019-07-28 21:15,12705
2019-07-28 21:20,12717
2019-07-28 21:25,12687
2019-07-28 21:30,12615
2019-07-28 21:35,12499
2019-07-28 21:40,12433
2019-07-28 21:45,12393
2019-07-28 21:50,12354
2019-07-28 21:55,12295
2019-07-28 22:00,12151
2019-07-28 22:05,12065
2019-07-28 22:10,11961
2019-07-28 22:15,11914
2019-07-28 22:20,11823
2019-07-28 22:25,11677
2019-07-28 22:30,11544
2019-07-28 22:35,11422
2019-07-28 22:40,11277
2019-07-28 22:45,11227
2019-07-28 22:50,11192
2019-07-28 22:55,11132
2019-07-28 23:00,11066
2019-07-28 23:05,11012
2019-07-28 23:10,11004
2019-07-28 23:15,10925
2019-07-28 23:20,10878
2019-07-28 23:25,10840
2019-07-28 23:30,10779
2019-07-28 23:35,10721
2019-07-28 23:40,10635
2019-07-28 23:45,10608
2019-07-28 23:50,10626
2019-07-28 23:55,10644
2019-07-29 00:00,10609
2019-07-29 00:05,10631
2019-07-29 00:10,10553
2019-07-29 00:15,10510
2019-07-29 00:20,10466
2019-07-29 00:25,10462
2019-07-29 00:30,10440
2019-07-29 00:35,10392
2019-07-29 00:40,10369
2019-07-29 00:45,10297
2019-07-29 00:50,10241
2019-07-29 00:55,10185
2019-07-29 01:00,10154
2019-07-29 01:05,10130
2019-07-29 01:10,10099
2019-07-29 01:15,10097
2019-07-29 01:20,10073
2019-07-29 01:25,10052
2019-07-29 01:30,10063
2019-07-29 01:35,10018
2019-07-29 01:40,10014
2019-07-29 01:45,9929
2019-07-29 01:50,9882
2019-07-29 01:55,9857
2019-07-29 02:00,9857
2019-07-29 02:05,9835
2019-07-29 02:10,9828
2019-07-29 02:15,9816
2019-07-29 02:20,9761
2019-07-29 02:25,9763
2019-07-29 02:30,9719
2019-07-29 02:35,9661
2019-07-29 02:40,9588
2019-07-29 02:45,9575
2019-07-29 02:50,9537
2019-07-29 02:55,9456
2019-07-29 03:00,9409
2019-07-29 03:05,9335
2019-07-29 03:10,9220
2019-07-29 03:15,9089
2019-07-29 03:20,9040
2019-07-29 03:25,8992
2019-07-29 03:30,8933
2019-07-29 03:35,8818
2019-07-29 03:40,8737
2019-07-29 03:45,8640
2019-07-29 03:50,8465
2019-07-29 03:55,8410
2019-07-29 04:00,8394
2019-07-29 04:05,8310
2019-07-29 04:10,8267
2019-07-29 04:15,8175
2019-07-29 04:20,8130
2019-07-29 04:25,8041
2019-07-29 04:30,7910
2019-07-29 04:35,7835
2019-07-29 04:40,7737
2019-07-29 04:45,7640
2019-07-29 04:50,7526
2019-07-29 04:55,7401
2019-07-29 05:00,7289
2019-07-29 05:05,7175
2019-07-29 05:10,7069
2019-07-29 05:15,6975
2019-07-29 05:20,6869
2019-07-29 05:25,6783
2019-07-29 05:30,6681
2019-07-29 05:35,6567
2019-07-29 05:40,6471
2019-07-29 05:45,6336
2019-07-29 05:50,6211
2019-07-29 05:55,6156
2019-07-29 06:00,6083
2019-07-29 06:05,5983
2019-07-29 06:10,5914
2019-07-29 06:15,5862
2019-07-29 06:20,5766
2019-07-29 06:25,5671
2019-07-29 06:30,5578
2019-07-29 06:35,5511
2019-07-29 06:40,5393
2019-07-29 06:45,5305
2019-07-29 06:50,5221
2019-07-29 06:55,5179
2019-07-29 07:00,5077
2019-07-29 07:05,5022
2019-07-29 07:10,4945
2019-07-29 07:15,4899
2019-07-29 07:20,4833
2019-07-29 07:25,4763
2019-07-29 07:30,4702
2019-07-29 07:35,4682
2019-07-29 07:40,4627
2019-07-29 07:45,4603
2019-07-29 07:50,4592
2019-07-29 07:55,4594
2019-07-29 08:00,4535
2019-07-29 08:05,4461
2019-07-29 08:10,4419
2019-07-29 08:15,4413
2019-07-29 08:20,4397
2019-07-29 08:25,4399
2019-07-29 08:30,4400
2019-07-29 08:35,4423
2019-07-29 08:40,4426
2019-07-29 08:45,4466
2019-07-29 08:50,4452
2019-07-29 08:55,4424
2019-07-29 09:00,4419
2019-07-29 09:05,4432
2019-07-29 09:10,4394
2019-07-29 09:15,4424
2019-07-29 09:20,4449
2019-07-29 09:25,4481
2019-07-29 09:30,4506
2019-07-29 09:35,4544
2019-07-29 09:40,4589
2019-07-29 09:45,4631
2019-07-29 09:50,4677
2019-07-29 09:55,4736
2019-07-29 10:00,4769
2019-07-29 10:05,4814
2019-07-29 10:10,4820
2019-07-29 10:15,4835
2019-07-29 10:20,4849
2019-07-29 10:25,4849
2019-07-29 10:30,4918
2019-07-29 10:35,4940
2019-07-29 10:40,4999
2019-07-29 10:45,5035
2019-07-29 10:50,5055
2019-07-29 10:55,5068
2019-07-29 11:00,5094
2019-07-29 11:05,5107
2019-07-29 11:10,5127
2019-07-29 11:15,5114
2019-07-29 11:20,5158
2019-07-29 11:25,5171
2019-07-29 11:30,5236
2019-07-29 11:35,5283
2019-07-29 11:40,5309
2019-07-29 11:45,5343
2019-07-29 11:50,5347
2019-07-29 11:55,5365
2019-07-29 12:00,5422
2019-07-29 12:05,5456
2019-07-29 12:10,5501
2019-07-29 12:15,5577
2019-07-29 12:20,5633
2019-07-29 12:25,5743
2019-07-29 12:30,5802
2019-07-29 12:35,5840
2019-07-29 12:40,5899
2019-07-29 12:45,5933
2019-07-29 12:50,6010
2019-07-29 12:55,6084
2019-07-29 13:00,6127
2019-07-29 13:05,6154
2019-07-29 13:10,6222
2019-07-29 13:15,6357
2019-07-29 13:20,6440
2019-07-29 13:25,6561
2019-07-29 13:30,6646
2019-07-29 13:35,6678
2019-07-29 13:40,6753
2019-07-29 13:45,6860
2019-07-29 13:50,6898
2019-07-29 13:55,6959
2019-07-29 14:00,7043
2019-07-29 14:05,7110
2019-07-29 14:10,7212
2019-07-29 14:15,7303
2019-07-29 14:20,7366
2019-07-29 14:25,7411
2019-07-29 14:30,7451
2019-07-29 14:35,7540
2019-07-29 14:40,7666
2019-07-29 14:45,7736
2019-07-29 14:50,7782
2019-07-29 14:55,7856
2019-07-29 15:00,7895
2019-07-29 15:05,7916
2019-07-29 15:10,7943
2019-07-29 15:15,8024
2019-07-29 15:20,8096
2019-07-29 15:25,8111
2019-07-29 15:30,8183
2019-07-29 15:35,8273
2019-07-29 15:40,8338
2019-07-29 15:45,8354
2019-07-29 15:50,8427
2019-07-29 15:55,8527
2019-07-29 16:00,8562
2019-07-29 16:05,8615
2019-07-29 16:10,8674
2019-07-29 16:15,8673
2019-07-29 16:20,8772
2019-07-29 16:25,8881
2019-07-29 16:30,8968
2019-07-29 16:35,9066
2019-07-29 16:40,9209
2019-07-29 16:45,9306
2019-07-29 16:50,9384
2019-07-29 16:55,9462
2019-07-29 17:00,9567
2019-07-29 17:05,9651
2019-07-29 17:10,9702
2019-07-29 17:15,9748
2019-07-29 17:20,9807
2019-07-29 17:25,9911
2019-07-29 17:30,9976
2019-07-29 17:35,10055
2019-07-29 17:40,10176
2019-07-29 17:45,10301
2019-07-29 17:50,10347
2019-07-29 17:55,10396
2019-07-29 18:00,10455
2019-07-29 18:05,10568
2019-07-29 18:10,10682
2019-07-29 18:15,10802
2019-07-29 18:20,10882
2019-07-29 18:25,10927
2019-07-29 18:30,10990
2019-07-29 18:35,11089
2019-07-29 18:40,11125
2019-07-29 18:45,11157
2019-07-29 18:50,11276
2019-07-29 18:55,11266
2019-07-29 19:00,11328
2019-07-29 19:05,11382
2019-07-29 19:10,11482
2019-07-29 19:15,11501
2019-07-29 19:20,11534
2019-07-29 19:25,11606
2019-07-29 19:30,11656
2019-07-29 19:35,11689
2019-07-29 19:40,11799
2019-07-29 19:45,11762
2019-07-29 19:50,11873
2019-07-29 19:55,11916
2019-07-29 20:00,11979
2019-07-29 20:05,11989
2019-07-29 20:10,11973
2019-07-29 20:15,11912
2019-07-29 20:20,11902
2019-07-29 20:25,11819
2019-07-29 20:30,11819
2019-07-29 20:35,11838
2019-07-29 20:40,11775
2019-07-29 20:45,11773
2019-07-29 20:50,11758
2019-07-29 20:55,11702
2019-07-29 21:00,11673
2019-07-29 21:05,11606
2019-07-29 21:10,11540
2019-07-29 21:15,11493
2019-07-29 21:20,11386
2019-07-29 21:25,11389
2019-07-29 21:30,11353
2019-07-29 21:35,11319
2019-07-29 21:40,11269
2019-07-29 21:45,11245
2019-07-29 21:50,11200
2019-07-29 21:55,11150
2019-07-29 22:00,11160
2019-07-29 22:05,11109
2019-07-29 22:10,11056
2019-07-29 22:15,10920
2019-07-29 22:20,10884
2019-07-29 22:25,10790
2019-07-29 22:30,10702
2019-07-29 22:35,10644
2019-07-29 22:40,10615
2019-07-29 22:45,10538
2019-07-29 22:50,10549
2019-07-29 22:55,10499
2019-07-29 23:00,10440
2019-07-29 23:05,10396
2019-07-29 23:10,10400
2019-07-29 23:15,10415
2019-07-29 23:20,10351
2019-07-29 23:25,10321
2019-07-29 23:30,10368
2019-07-29 23:35,10276
2019-07-29 23:40,10291
2019-07-29 23:45,10216
2019-07-29 23:50,10145
2019-07-29 23:55,10128
2019-07-30 00:00,10094
2019-07-30 00:05,10077
2019-07-30 00:10,10075
2019-07-30 00:15,10073
2019-07-30 00:20,10057
2019-07-30 00:25,10052
2019-07-30 00:30,10035
2019-07-30 00:35,10063
2019-07-30 00:40,10106
2019-07-30 00:45,10070
2019-07-30 00:50,10081
2019-07-30 00:55,10109
2019-07-30 01:00,10035
2019-07-30 01:05,10013
2019-07-30 01:10,10079
2019-07-30 01:15,10063
2019-07-30 01:20,10031
2019-07-30 01:25,9962
2019-07-30 01:30,9941
2019-07-30 01:35,9884
2019-07-30 01:40,9827
2019-07-30 01:45,9853
2019-07-30 01:50,9840
2019-07-30 01:55,9836
2019-07-30 02:00,9788
2019-07-30 02:05,9743
2019-07-30 02:10,9636
2019-07-30 02:15,9599
2019-07-30 02:20,9578
2019-07-30 02:25,9572
2019-07-30 02:30,9593
2019-07-30 02:35,9571
2019-07-30 02:40,9527
2019-07-30 02:45,9465
2019-07-30 02:50,9462
2019-07-30 02:55,9428
2019-07-30 03:00,9334
2019-07-30 03:05,9170
2019-07-30 03:10,9129
2019-07-30 03:15,9130
2019-07-30 03:20,9041
2019-07-30 03:25,8981
2019-07-30 03:30,8789
2019-07-30 03:35,8639
2019-07-30 03:40,8507
2019-07-30 03:45,8410
2019-07-30 03:50,8319
2019-07-30 03:55,8236
2019-07-30 04:00,8169
2019-07-30 04:05,8010
2019-07-30 04:10,7872
2019-07-30 04:15,7756
2019-07-30 04:20,7687
2019-07-30 04:25,7624
2019-07-30 04:30,7519
2019-07-30 04:35,7472
2019-07-30 04:40,7352
2019-07-30 04:45,7279
2019-07-30 04:50,7218
2019-07-30 04:55,7145
2019-07-30 05:00,7087
2019-07-30 05:05,7032
2019-07-30 05:10,6955
2019-07-30 05:15,6871
2019-07-30 05:20,6762
2019-07-30 05:25,6696
2019-07-30 05:30,6588
2019-07-30 05:35,6479
2019-07-30 05:40,6404
2019-07-30 05:45,6336
2019-07-30 05:50,6245
2019-07-30 05:55,6139
2019-07-30 06:00,6062
2019-07-30 06:05,5926
2019-07-30 06:10,5784
2019-07-30 06:15,5721
2019-07-30 06:20,5597
2019-07-30 06:25,5504
2019-07-30 06:30,5449
2019-07-30 06:35,5347
2019-07-30 06:40,5311
2019-07-30 06:45,5228
2019-07-30 06:50,5144
2019-07-30 06:55,5099
2019-07-30 07:00,5049
2019-07-30 07:05,4929
2019-07-30 07:10,4850
2019-07-30 07:15,4692
2019-07-30 07:20,4546
2019-07-30 07:25,4436
2019-07-30 07:30,4336
2019-07-30 07:35,4289
2019-07-30 07:40,4245
2019-07-30 07:45,4222
2019-07-30 07:50,4237
2019-07-30 07:55,4222
2019-07-30 08:00,4187
2019-07-30 08:05,4060
2019-07-30 08:10,3457
2019-07-30 08:15,3450
2019-07-30 08:20,3495
2019-07-30 08:25,3563
2019-07-30 08:30,3620
2019-07-30 08:35,3690
2019-07-30 08:40,3766
2019-07-30 08:45,3774
2019-07-30 08:50,3868
2019-07-30 08:55,3938
2019-07-30 09:00,4070
2019-07-30 09:05,4109
2019-07-30 09:10,4117
2019-07-30 09:15,4149
2019-07-30 09:20,4217
2019-07-30 09:25,4231
2019-07-30 09:30,4287
2019-07-30 09:35,4350
2019-07-30 09:40,4399
2019-07-30 09:45,4458
2019-07-30 09:50,4492
2019-07-30 09:55,4489
2019-07-30 10:00,4534
2019-07-30 10:05,4583
2019-07-30 10:10,4612
2019-07-30 10:15,4638
2019-07-30 10:20,4699
2019-07-30 10:25,4713
2019-07-30 10:30,4763
2019-07-30 10:35,4808
2019-07-30 10:40,4857
2019-07-30 10:45,4922
2019-07-30 10:50,5008
2019-07-30 10:55,5037
2019-07-30 11:00,5035
2019-07-30 11:05,5084
2019-07-30 11:10,5101
2019-07-30 11:15,5131
2019-07-30 11:20,5181
2019-07-30 11:25,5213
2019-07-30 11:30,5233
2019-07-30 11:35,5317
2019-07-30 11:40,5359
2019-07-30 11:45,5450
2019-07-30 11:50,5505
2019-07-30 11:55,5567
2019-07-30 12:00,5621
2019-07-30 12:05,5647
2019-07-30 12:10,5697
2019-07-30 12:15,5770
2019-07-30 12:20,5789
2019-07-30 12:25,5832
2019-07-30 12:30,5835
2019-07-30 12:35,5876
2019-07-30 12:40,5949
2019-07-30 12:45,6021
2019-07-30 12:50,6067
2019-07-30 12:55,6138
2019-07-30 13:00,6181
2019-07-30 13:05,6232
2019-07-30 13:10,6322
2019-07-30 13:15,6403
2019-07-30 13:20,6490
2019-07-30 13:25,6583
2019-07-30 13:30,6661
2019-07-30 13:35,6744
2019-07-30 13:40,6782
2019-07-30 13:45,6877
2019-07-30 13:50,6979
2019-07-30 13:55,7050
2019-07-30 14:00,7112
2019-07-30 14:05,7155
2019-07-30 14:10,7308
2019-07-30 14:15,7320
2019-07-30 14:20,7344
2019-07-30 14:25,7381
2019-07-30 14:30,7463
2019-07-30 14:35,7563
2019-07-30 14:40,7639
2019-07-30 14:45,7674
2019-07-30 14:50,7750
2019-07-30 14:55,7796
2019-07-30 15:00,7840
2019-07-30 15:05,7900
2019-07-30 15:10,7952
2019-07-30 15:15,7967
2019-07-30 15:20,8066
2019-07-30 15:25,8091
2019-07-30 15:30,8160
2019-07-30 15:35,8199
2019-07-30 15:40,8233
2019-07-30 15:45,8293
2019-07-30 15:50,8362
2019-07-30 15:55,8427
2019-07-30 16:00,8512
2019-07-30 16:05,8579
2019-07-30 16:10,8674
2019-07-30 16:15,8745
2019-07-30 16:20,8829
2019-07-30 16:25,8902
2019-07-30 16:30,8972
2019-07-30 16:35,9083
2019-07-30 16:40,9172
2019-07-30 16:45,9296
2019-07-30 16:50,9369
2019-07-30 16:55,9476
2019-07-30 17:00,9598
2019-07-30 17:05,9740
2019-07-30 17:10,9794
2019-07-30 17:15,9853
2019-07-30 17:20,9917
2019-07-30 17:25,9945
2019-07-30 17:30,10013
2019-07-30 17:35,10103
2019-07-30 17:40,10197
2019-07-30 17:45,10279
2019-07-30 17:50,10342
2019-07-30 17:55,10383
2019-07-30 18:00,10422
2019-07-30 18:05,10467
2019-07-30 18:10,10554
2019-07-30 18:15,10623
2019-07-30 18:20,10740
2019-07-30 18:25,10823
2019-07-30 18:30,10910
2019-07-30 18:35,10977
2019-07-30 18:40,10996
2019-07-30 18:45,11045
2019-07-30 18:50,10595
2019-07-30 18:55,10529
2019-07-30 19:00,10555
2019-07-30 19:05,10661
2019-07-30 19:10,10747
2019-07-30 19:15,10827
2019-07-30 19:20,10895
2019-07-30 19:25,11005
2019-07-30 19:30,11107
2019-07-30 19:35,11207
2019-07-30 19:40,11288
2019-07-30 19:45,11368
2019-07-30 19:50,11464
2019-07-30 19:55,11548
2019-07-30 20:00,11584
2019-07-30 20:05,11576
2019-07-30 20:10,11556
2019-07-30 20:15,11594
2019-07-30 20:20,11600
2019-07-30 20:25,11673
2019-07-30 20:30,11753
2019-07-30 20:35,11667
2019-07-30 20:40,11666
2019-07-30 20:45,11634
2019-07-30 20:50,11607
2019-07-30 20:55,11571
2019-07-30 21:00,11548
2019-07-30 21:05,11482
2019-07-30 21:10,11417
2019-07-30 21:15,11320
2019-07-30 21:20,11248
2019-07-30 21:25,11209
2019-07-30 21:30,11152
2019-07-30 21:35,11067
2019-07-30 21:40,11032
2019-07-30 21:45,10983
2019-07-30 21:50,10989
2019-07-30 21:55,10927
2019-07-30 22:00,10887
2019-07-30 22:05,10833
2019-07-30 22:10,10719
2019-07-30 22:15,10591
2019-07-30 22:20,10561
2019-07-30 22:25,10547
2019-07-30 22:30,10469
2019-07-30 22:35,10409
2019-07-30 22:40,10402
2019-07-30 22:45,10335
2019-07-30 22:50,10281
2019-07-30 22:55,10274
2019-07-30 23:00,10235
2019-07-30 23:05,
2019-07-30 23:10,10083
2019-07-30 23:15,
2019-07-30 23:20,0
2019-07-30 23:25,9533
2019-07-30 23:30,9929
2019-07-30 23:35,10018
2019-07-30 23:40,9996
2019-07-30 23:45,9904
2019-07-30 23:50,9915
2019-07-30 23:55,9896
2019-07-31 00:00,9863
2019-07-31 00:05,9883
2019-07-31 00:10,9863
2019-07-31 00:15,9816
2019-07-31 00:20,9788
2019-07-31 00:25,9773
2019-07-31 00:30,9729
2019-07-31 00:35,9780
2019-07-31 00:40,9762
2019-07-31 00:45,9759
2019-07-31 00:50,9799
2019-07-31 00:55,9715
2019-07-31 01:00,9757
2019-07-31 01:05,9738
2019-07-31 01:10,9793
2019-07-31 01:15,9802
2019-07-31 01:20,9819
2019-07-31 01:25,9837
2019-07-31 01:30,9799
2019-07-31 01:35,9806
2019-07-31 01:40,9786
2019-07-31 01:45,9767
2019-07-31 01:50,9795
2019-07-31 01:55,9862
2019-07-31 02:00,9894
2019-07-31 02:05,9864
2019-07-31 02:10,9857
2019-07-31 02:15,9826
2019-07-31 02:20,9774
2019-07-31 02:25,9715
2019-07-31 02:30,9716
2019-07-31 02:35,9725
2019-07-31 02:40,9665
2019-07-31 02:45,9678
2019-07-31 02:50,9641
2019-07-31 02:55,9568
2019-07-31 03:00,9550
2019-07-31 03:05,9527
2019-07-31 03:10,9330
2019-07-31 03:15,9234
2019-07-31 03:20,9200
2019-07-31 03:25,9128
2019-07-31 03:30,9087
2019-07-31 03:35,8965
2019-07-31 03:40,8941
2019-07-31 03:45,8876
2019-07-31 03:50,8766
2019-07-31 03:55,8657
2019-07-31 04:00,8549
2019-07-31 04:05,8446
2019-07-31 04:10,8373
2019-07-31 04:15,8266
2019-07-31 04:20,8127
2019-07-31 04:25,8017
2019-07-31 04:30,7941
2019-07-31 04:35,7852
2019-07-31 04:40,7785
2019-07-31 04:45,7688
2019-07-31 04:50,7525
2019-07-31 04:55,7456
2019-07-31 05:00,7345
2019-07-31 05:05,7211
2019-07-31 05:10,7075
2019-07-31 05:15,6951
2019-07-31 05:20,6833
2019-07-31 05:25,6702
2019-07-31 05:30,6642
2019-07-31 05:35,6527
2019-07-31 05:40,6435
2019-07-31 05:45,6317
2019-07-31 05:50,6167
2019-07-31 05:55,6067
2019-07-31 06:00,5957
2019-07-31 06:05,5848
2019-07-31 06:10,5744
2019-07-31 06:15,5627
2019-07-31 06:20,5495
2019-07-31 06:25,5430
2019-07-31 06:30,5366
2019-07-31 06:35,5249
2019-07-31 06:40,5165
2019-07-31 06:45,5073
2019-07-31 06:50,4997
2019-07-31 06:55,4892
2019-07-31 07:00,4879
2019-07-31 07:05,4804
2019-07-31 07:10,4768
2019-07-31 07:15,4689
2019-07-31 07:20,4627
2019-07-31 07:25,4586
2019-07-31 07:30,4536
2019-07-31 07:35,4511
2019-07-31 07:40,4494
2019-07-31 07:45,4438
2019-07-31 07:50,4390
2019-07-31 07:55,4352
2019-07-31 08:00,4328
2019-07-31 08:05,4329
2019-07-31 08:10,4256
2019-07-31 08:15,4241
2019-07-31 08:20,4254
2019-07-31 08:25,4256
2019-07-31 08:30,4196
2019-07-31 08:35,4230
2019-07-31 08:40,4230
2019-07-31 08:45,4221
2019-07-31 08:50,4259
2019-07-31 08:55,4287
2019-07-31 09:00,4310
2019-07-31 09:05,4336
2019-07-31 09:10,4300
2019-07-31 09:15,4315
2019-07-31 09:20,4333
2019-07-31 09:25,4372
2019-07-31 09:30,4388
2019-07-31 09:35,4426
2019-07-31 09:40,4502
2019-07-31 09:45,4536
2019-07-31 09:50,4578
2019-07-31 09:55,4590
2019-07-31 10:00,4625
2019-07-31 10:05,4664
2019-07-31 10:10,4725
2019-07-31 10:15,4764
2019-07-31 10:20,4786
2019-07-31 10:25,4843
2019-07-31 10:30,4835
2019-07-31 10:35,4815
2019-07-31 10:40,4809
2019-07-31 10:45,4818
2019-07-31 10:50,4912
2019-07-31 10:55,4927
2019-07-31 11:00,4977
2019-07-31 11:05,5040
2019-07-31 11:10,5079
2019-07-31 11:15,5183
2019-07-31 11:20,5270
2019-07-31 11:25,5250
2019-07-31 11:30,5303
2019-07-31 11:35,5359
2019-07-31 11:40,5400
2019-07-31 11:45,5410
2019-07-31 11:50,5499
2019-07-31 11:55,5489
2019-07-31 12:00,5523
2019-07-31 12:05,5580
2019-07-31 12:10,5616
2019-07-31 12:15,5649
2019-07-31 12:20,5714
2019-07-31 12:25,5769
2019-07-31 12:30,5869
2019-07-31 12:35,5921
2019-07-31 12:40,5934
2019-07-31 12:45,5932
2019-07-31 12:50,6025
2019-07-31 12:55,6150
2019-07-31 13:00,6243
2019-07-31 13:05,6253
2019-07-31 13:10,6358
2019-07-31 13:15,6429
2019-07-31 13:20,6502
2019-07-31 13:25,6593
2019-07-31 13:30,6661
2019-07-31 13:35,6752
2019-07-31 13:40,6849
2019-07-31 13:45,6906
2019-07-31 13:50,6943
2019-07-31 13:55,6985
2019-07-31 14:00,7112
2019-07-31 14:05,7159
2019-07-31 14:10,7256
2019-07-31 14:15,7342
2019-07-31 14:20,7428
2019-07-31 14:25,7495
2019-07-31 14:30,7530
2019-07-31 14:35,7590
2019-07-31 14:40,7642
2019-07-31 14:45,7726
2019-07-31 14:50,7794
2019-07-31 14:55,7816
2019-07-31 15:00,7841
2019-07-31 15:05,7892
2019-07-31 15:10,7990
2019-07-31 15:15,8072
2019-07-31 15:20,8158
2019-07-31 15:25,8204
2019-07-31 15:30,8224
2019-07-31 15:35,8272
2019-07-31 15:40,8321
2019-07-31 15:45,8424
2019-07-31 15:50,8493
2019-07-31 15:55,8528
2019-07-31 16:00,8548
2019-07-31 16:05,8582
2019-07-31 16:10,8629
2019-07-31 16:15,8764
2019-07-31 16:20,8875
2019-07-31 16:25,8935
2019-07-31 16:30,8971
2019-07-31 16:35,9032
2019-07-31 16:40,9110
2019-07-31 16:45,9168
2019-07-31 16:50,9251
2019-07-31 16:55,9284
2019-07-31 17:00,9413
2019-07-31 17:05,9446
2019-07-31 17:10,9541
2019-07-31 17:15,9624
2019-07-31 17:20,9707
2019-07-31 17:25,9783
2019-07-31 17:30,9891
2019-07-31 17:35,9989
2019-07-31 17:40,10117
2019-07-31 17:45,10218
2019-07-31 17:50,10205
2019-07-31 17:55,10244
2019-07-31 18:00,10369
2019-07-31 18:05,10496
2019-07-31 18:10,10537
2019-07-31 18:15,10610
2019-07-31 18:20,10701
2019-07-31 18:25,10795
2019-07-31 18:30,10889
2019-07-31 18:35,10958
2019-07-31 18:40,11029
2019-07-31 18:45,11062
2019-07-31 18:50,11078
2019-07-31 18:55,11187
2019-07-31 19:00,11248
2019-07-31 19:05,11279
2019-07-31 19:10,11279
2019-07-31 19:15,11340
2019-07-31 19:20,11383
2019-07-31 19:25,11383
2019-07-31 19:30,11451
2019-07-31 19:35,11489
2019-07-31 19:40,11558
2019-07-31 19:45,11608
2019-07-31 19:50,11638
2019-07-31 19:55,11632
2019-07-31 20:00,11597
2019-07-31 20:05,11570
2019-07-31 20:10,11588
2019-07-31 20:15,11563
2019-07-31 20:20,11546
2019-07-31 20:25,11570
2019-07-31 20:30,11574
2019-07-31 20:35,11541
2019-07-31 20:40,11508
2019-07-31 20:45,11542
2019-07-31 20:50,11592
2019-07-31 20:55,11515
2019-07-31 21:00,11430
2019-07-31 21:05,11366
2019-07-31 21:10,11295
2019-07-31 21:15,11268
2019-07-31 21:20,11230
2019-07-31 21:25,11206
2019-07-31 21:30,11224
2019-07-31 21:35,11213
2019-07-31 21:40,11115
2019-07-31 21:45,11137
2019-07-31 21:50,11082
2019-07-31 21:55,11023
2019-07-31 22:00,10915
2019-07-31 22:05,10819
2019-07-31 22:10,10717
2019-07-31 22:15,10667
2019-07-31 22:20,10632
2019-07-31 22:25,10655
2019-07-31 22:30,10589
2019-07-31 22:35,10503
2019-07-31 22:40,10447
2019-07-31 22:45,10405
2019-07-31 22:50,10321
2019-07-31 22:55,10285
2019-07-31 23:00,10238
2019-07-31 23:05,10190
2019-07-31 23:10,10092
2019-07-31 23:15,10000
2019-07-31 23:20,9910
2019-07-31 23:25,9887
2019-07-31 23:30,9922
2019-07-31 23:35,9899
2019-07-31 23:40,9887
2019-07-31 23:45,9877
2019-07-31 23:50,9821
2019-07-31 23:55,9817
2019-08-01 00:00,9777
2019-08-01 00:05,9770
2019-08-01 00:10,9796
2019-08-01 00:15,9782
2019-08-01 00:20,9721
2019-08-01 00:25,9668
2019-08-01 00:30,9577
2019-08-01 00:35,9521
2019-08-01 00:40,9506
2019-08-01 00:45,9501
2019-08-01 00:50,9504
2019-08-01 00:55,9443
2019-08-01 01:00,9491
2019-08-01 01:05,9506
2019-08-01 01:10,9557
2019-08-01 01:15,9562
2019-08-01 01:20,9537
2019-08-01 01:25,9528
2019-08-01 01:30,9492
2019-08-01 01:35,9471
2019-08-01 01:40,9516
2019-08-01 01:45,9574
2019-08-01 01:50,9572
2019-08-01 01:55,9594
2019-08-01 02:00,9552
2019-08-01 02:05,9558
2019-08-01 02:10,9525
2019-08-01 02:15,9418
2019-08-01 02:20,9424
2019-08-01 02:25,9344
2019-08-01 02:30,9240
2019-08-01 02:35,9226
2019-08-01 02:40,9236
2019-08-01 02:45,9196
2019-08-01 02:50,9126
2019-08-01 02:55,9070
2019-08-01 03:00,9044
2019-08-01 03:05,8985
2019-08-01 03:10,9014
2019-08-01 03:15,8911
2019-08-01 03:20,8859
2019-08-01 03:25,8872
2019-08-01 03:30,8780
2019-08-01 03:35,8703
2019-08-01 03:40,8645
2019-08-01 03:45,8526
2019-08-01 03:50,8456
2019-08-01 03:55,8419
2019-08-01 04:00,8334
2019-08-01 04:05,8212
2019-08-01 04:10,8146
2019-08-01 04:15,8048
2019-08-01 04:20,7942
2019-08-01 04:25,7841
2019-08-01 04:30,7714
2019-08-01 04:35,7616
2019-08-01 04:40,7514
2019-08-01 04:45,7370
2019-08-01 04:50,7256
2019-08-01 04:55,7170
2019-08-01 05:00,7083
2019-08-01 05:05,6995
2019-08-01 05:10,6860
2019-08-01 05:15,6751
2019-08-01 05:20,6649
2019-08-01 05:25,6569
2019-08-01 05:30,6443
2019-08-01 05:35,6349
2019-08-01 05:40,6208
2019-08-01 05:45,6156
2019-08-01 05:50,6068
2019-08-01 05:55,5988
2019-08-01 06:00,5941
2019-08-01 06:05,5792
2019-08-01 06:10,5664
2019-08-01 06:15,5557
2019-08-01 06:20,5448
2019-08-01 06:25,5344
2019-08-01 06:30,5263
2019-08-01 06:35,5164
2019-08-01 06:40,5135
2019-08-01 06:45,5018
2019-08-01 06:50,4981
2019-08-01 06:55,4892
2019-08-01 07:00,4833
2019-08-01 07:05,4769
2019-08-01 07:10,4661
2019-08-01 07:15,4617
2019-08-01 07:20,4553
2019-08-01 07:25,4531
2019-08-01 07:30,4468
2019-08-01 07:35,4377
2019-08-01 07:40,4330
2019-08-01 07:45,4295
2019-08-01 07:50,4242
2019-08-01 07:55,4208
2019-08-01 08:00,4180
2019-08-01 08:05,4131
2019-08-01 08:10,4110
2019-08-01 08:15,4122
2019-08-01 08:20,4096
2019-08-01 08:25,4092
2019-08-01 08:30,4123
2019-08-01 08:35,4093
2019-08-01 08:40,4095
2019-08-01 08:45,4124
2019-08-01 08:50,4151
2019-08-01 08:55,4173
2019-08-01 09:00,4189
2019-08-01 09:05,4237
2019-08-01 09:10,4259
2019-08-01 09:15,4261
2019-08-01 09:20,4305
2019-08-01 09:25,4334
2019-08-01 09:30,4364
2019-08-01 09:35,4354
2019-08-01 09:40,4376
2019-08-01 09:45,4362
2019-08-01 09:50,4352
2019-08-01 09:55,4401
2019-08-01 10:00,4430
2019-08-01 10:05,4480
2019-08-01 10:10,4528
2019-08-01 10:15,4521
2019-08-01 10:20,4554
2019-08-01 10:25,4595
2019-08-01 10:30,4631
2019-08-01 10:35,4698
2019-08-01 10:40,4746
2019-08-01 10:45,4773
2019-08-01 10:50,4823
2019-08-01 10:55,4842
2019-08-01 11:00,4936
2019-08-01 11:05,4996
2019-08-01 11:10,5023
2019-08-01 11:15,5029
2019-08-01 11:20,5055
2019-08-01 11:25,5100
2019-08-01 11:30,5116
2019-08-01 11:35,5187
2019-08-01 11:40,5242
2019-08-01 11:45,5292
2019-08-01 11:50,5367
2019-08-01 11:55,5388
2019-08-01 12:00,5423
2019-08-01 12:05,5427
2019-08-01 12:10,5470
2019-08-01 12:15,5497
2019-08-01 12:20,5612
2019-08-01 12:25,5663
2019-08-01 12:30,5698
2019-08-01 12:35,5792
2019-08-01 12:40,5777
2019-08-01 12:45,5822
2019-08-01 12:50,5856
2019-08-01 12:55,5984
2019-08-01 13:00,6049
2019-08-01 13:05,6128
2019-08-01 13:10,6201
2019-08-01 13:15,6311
2019-08-01 13:20,6363
2019-08-01 13:25,6453
2019-08-01 13:30,6563
2019-08-01 13:35,6654
2019-08-01 13:40,6708
2019-08-01 13:45,6779
2019-08-01 13:50,6851
2019-08-01 13:55,6936
2019-08-01 14:00,6981
2019-08-01 14:05,6934
2019-08-01 14:10,7029
2019-08-01 14:15,7073
2019-08-01 14:20,7124
2019-08-01 14:25,7223
2019-08-01 14:30,7310
2019-08-01 14:35,7342
2019-08-01 14:40,7394
2019-08-01 14:45,7453
2019-08-01 14:50,7464
2019-08-01 14:55,7507
2019-08-01 15:00,7573
2019-08-01 15:05,7587
2019-08-01 15:10,7678
2019-08-01 15:15,7691
2019-08-01 15:20,7765
2019-08-01 15:25,7814
2019-08-01 15:30,7885
2019-08-01 15:35,7992
2019-08-01 15:40,8100
2019-08-01 15:45,8160
2019-08-01 15:50,8183
2019-08-01 15:55,8215
2019-08-01 16:00,8296
2019-08-01 16:05,8380
2019-08-01 16:10,8432
2019-08-01 16:15,8501
2019-08-01 16:20,8541
2019-08-01 16:25,8682
2019-08-01 16:30,8633
2019-08-01 16:35,8701
2019-08-01 16:40,8748
2019-08-01 16:45,8758
2019-08-01 16:50,8735
2019-08-01 16:55,8892
2019-08-01 17:00,8927
2019-08-01 17:05,8953
2019-08-01 17:10,8986
2019-08-01 17:15,9045
2019-08-01 17:20,9071
2019-08-01 17:25,9099
2019-08-01 17:30,9172
2019-08-01 17:35,9213
2019-08-01 17:40,9290
2019-08-01 17:45,9337
2019-08-01 17:50,9434
2019-08-01 17:55,9475
2019-08-01 18:00,9586
2019-08-01 18:05,9663
2019-08-01 18:10,9747
2019-08-01 18:15,9823
2019-08-01 18:20,9895
2019-08-01 18:25,9990
2019-08-01 18:30,10039
2019-08-01 18:35,10109
2019-08-01 18:40,10231
2019-08-01 18:45,10310
2019-08-01 18:50,10341
2019-08-01 18:55,10363
2019-08-01 19:00,10441
2019-08-01 19:05,10488
2019-08-01 19:10,10525
2019-08-01 19:15,10619
2019-08-01 19:20,10643
2019-08-01 19:25,10678
2019-08-01 19:30,10738
2019-08-01 19:35,10841
2019-08-01 19:40,10863
2019-08-01 19:45,10949
2019-08-01 19:50,11005
2019-08-01 19:55,11043
2019-08-01 20:00,11072
2019-08-01 20:05,11078
2019-08-01 20:10,11080
2019-08-01 20:15,11096
2019-08-01 20:20,11010
2019-08-01 20:25,11016
2019-08-01 20:30,10480
2019-08-01 20:35,10434
2019-08-01 20:40,10396
2019-08-01 20:45,10428
2019-08-01 20:50,10442
2019-08-01 20:55,10398
2019-08-01 21:00,10365
2019-08-01 21:05,10337
2019-08-01 21:10,10366
2019-08-01 21:15,10309
2019-08-01 21:20,10283
2019-08-01 21:25,10317
2019-08-01 21:30,10317
2019-08-01 21:35,10297
2019-08-01 21:40,10275
2019-08-01 21:45,10184
2019-08-01 21:50,10243
2019-08-01 21:55,10213
2019-08-01 22:00,10247
2019-08-01 22:05,10114
2019-08-01 22:10,10048
2019-08-01 22:15,9998
2019-08-01 22:20,10007
2019-08-01 22:25,9981
2019-08-01 22:30,9882
2019-08-01 22:35,9821
2019-08-01 22:40,9772
2019-08-01 22:45,9779
2019-08-01 22:50,9815
2019-08-01 22:55,9790
2019-08-01 23:00,9744
2019-08-01 23:05,9680
2019-08-01 23:10,9644
2019-08-01 23:15,9512
2019-08-01 23:20,9405
2019-08-01 23:25,9400
2019-08-01 23:30,9403
2019-08-01 23:35,9387
2019-08-01 23:40,9322
2019-08-01 23:45,9342
2019-08-01 23:50,9275
2019-08-01 23:55,9259
2019-08-02 00:00,9267
2019-08-02 00:05,9281
2019-08-02 00:10,9243
2019-08-02 00:15,9213
2019-08-02 00:20,9232
2019-08-02 00:25,9323
2019-08-02 00:30,9282
2019-08-02 00:35,9297
2019-08-02 00:40,9283
2019-08-02 00:45,9306
2019-08-02 00:50,9302
2019-08-02 00:55,9282
2019-08-02 01:00,9313
2019-08-02 01:05,9310
2019-08-02 01:10,9311
2019-08-02 01:15,9335
2019-08-02 01:20,9327
2019-08-02 01:25,9403
2019-08-02 01:30,9379
2019-08-02 01:35,9389
2019-08-02 01:40,9379
2019-08-02 01:45,9393
2019-08-02 01:50,9419
2019-08-02 01:55,9420
2019-08-02 02:00,9393
2019-08-02 02:05,9338
2019-08-02 02:10,9348
2019-08-02 02:15,9346
2019-08-02 02:20,9295
2019-08-02 02:25,9315
2019-08-02 02:30,9295
2019-08-02 02:35,9264
2019-08-02 02:40,9236
2019-08-02 02:45,9216
2019-08-02 02:50,9159
2019-08-02 02:55,9066
2019-08-02 03:00,9065
2019-08-02 03:05,9010
2019-08-02 03:10,8956
2019-08-02 03:15,8873
2019-08-02 03:20,8848
2019-08-02 03:25,8747
2019-08-02 03:30,8624
2019-08-02 03:35,8588
2019-08-02 03:40,8488
2019-08-02 03:45,8340
2019-08-02 03:50,8252
2019-08-02 03:55,8146
2019-08-02 04:00,8043
2019-08-02 04:05,7889
2019-08-02 04:10,7766
2019-08-02 04:15,7747
2019-08-02 04:20,7692
2019-08-02 04:25,7592
2019-08-02 04:30,7562
2019-08-02 04:35,7459
2019-08-02 04:40,7313
2019-08-02 04:45,7240
2019-08-02 04:50,7153
2019-08-02 04:55,7060
2019-08-02 05:00,6968
2019-08-02 05:05,6885
2019-08-02 05:10,6760
2019-08-02 05:15,6602
2019-08-02 05:20,6513
2019-08-02 05:25,6437
2019-08-02 05:30,6339
2019-08-02 05:35,6175
2019-08-02 05:40,6069
2019-08-02 05:45,5975
2019-08-02 05:50,5870
2019-08-02 05:55,5758
2019-08-02 06:00,5680
2019-08-02 06:05,5538
2019-08-02 06:10,5392
2019-08-02 06:15,5298
2019-08-02 06:20,5199
2019-08-02 06:25,5060
2019-08-02 06:30,5000
2019-08-02 06:35,4949
2019-08-02 06:40,4873
2019-08-02 06:45,4781
2019-08-02 06:50,4705
2019-08-02 06:55,4637
2019-08-02 07:00,4590
2019-08-02 07:05,4504
2019-08-02 07:10,4498
2019-08-02 07:15,4448
2019-08-02 07:20,4380
2019-08-02 07:25,4339
2019-08-02 07:30,4304
2019-08-02 07:35,4300
2019-08-02 07:40,4275
2019-08-02 07:45,4254
2019-08-02 07:50,4242
2019-08-02 07:55,4201
2019-08-02 08:00,4165
2019-08-02 08:05,4139
2019-08-02 08:10,4121
2019-08-02 08:15,4113
2019-08-02 08:20,4095
2019-08-02 08:25,4119
2019-08-02 08:30,4129
2019-08-02 08:35,4153
2019-08-02 08:40,4141
2019-08-02 08:45,4109
2019-08-02 08:50,4152
2019-08-02 08:55,4148
2019-08-02 09:00,4188
2019-08-02 09:05,4246
2019-08-02 09:10,4284
2019-08-02 09:15,4340
2019-08-02 09:20,4376
2019-08-02 09:25,4395
2019-08-02 09:30,4412
2019-08-02 09:35,4489
2019-08-02 09:40,4523
2019-08-02 09:45,4518
2019-08-02 09:50,4527
2019-08-02 09:55,4582
2019-08-02 10:00,4583
2019-08-02 10:05,4588
2019-08-02 10:10,4621
2019-08-02 10:15,4612
2019-08-02 10:20,4633
2019-08-02 10:25,4690
2019-08-02 10:30,4761
2019-08-02 10:35,4780
2019-08-02 10:40,4843
2019-08-02 10:45,4882
2019-08-02 10:50,4922
2019-08-02 10:55,4934
2019-08-02 11:00,4930
2019-08-02 11:05,4918
2019-08-02 11:10,4952
2019-08-02 11:15,5002
2019-08-02 11:20,5062
2019-08-02 11:25,5110
2019-08-02 11:30,5154
2019-08-02 11:35,5187
2019-08-02 11:40,5259
2019-08-02 11:45,5307
2019-08-02 11:50,5356
2019-08-02 11:55,5398
2019-08-02 12:00,5456
2019-08-02 12:05,5508
2019-08-02 12:10,5588
2019-08-02 12:15,5683
2019-08-02 12:20,5741
2019-08-02 12:25,5846
2019-08-02 12:30,5823
2019-08-02 12:35,5878
2019-08-02 12:40,5927
2019-08-02 12:45,5943
2019-08-02 12:50,6019
2019-08-02 12:55,6034
2019-08-02 13:00,6063
2019-08-02 13:05,6168
2019-08-02 13:10,6259
2019-08-02 13:15,6295
2019-08-02 13:20,6381
2019-08-02 13:25,6416
2019-08-02 13:30,6469
2019-08-02 13:35,6549
2019-08-02 13:40,6632
2019-08-02 13:45,6719
2019-08-02 13:50,6788
2019-08-02 13:55,6841
2019-08-02 14:00,6913
2019-08-02 14:05,6966
2019-08-02 14:10,7021
2019-08-02 14:15,7131
2019-08-02 14:20,7172
2019-08-02 14:25,7171
2019-08-02 14:30,7230
2019-08-02 14:35,7311
2019-08-02 14:40,7360
2019-08-02 14:45,7375
2019-08-02 14:50,7396
2019-08-02 14:55,7471
2019-08-02 15:00,7547
2019-08-02 15:05,7621
2019-08-02 15:10,7733
2019-08-02 15:15,7757
2019-08-02 15:20,7764
2019-08-02 15:25,7859
2019-08-02 15:30,7900
2019-08-02 15:35,7960
2019-08-02 15:40,8027
2019-08-02 15:45,8098
2019-08-02 15:50,8170
2019-08-02 15:55,8209
2019-08-02 16:00,8261
2019-08-02 16:05,8316
2019-08-02 16:10,8388
2019-08-02 16:15,8432
2019-08-02 16:20,8525
2019-08-02 16:25,8598
2019-08-02 16:30,8686
2019-08-02 16:35,8718
2019-08-02 16:40,8822
2019-08-02 16:45,8911
2019-08-02 16:50,8925
2019-08-02 16:55,9035
2019-08-02 17:00,9170
2019-08-02 17:05,9185
2019-08-02 17:10,9211
2019-08-02 17:15,9208
2019-08-02 17:20,9250
2019-08-02 17:25,9286
2019-08-02 17:30,9343
2019-08-02 17:35,9460
2019-08-02 17:40,9503
2019-08-02 17:45,9561
2019-08-02 17:50,9583
2019-08-02 17:55,9618
2019-08-02 18:00,9675
2019-08-02 18:05,9788
2019-08-02 18:10,9777
2019-08-02 18:15,9844
2019-08-02 18:20,9910
2019-08-02 18:25,9958
2019-08-02 18:30,9985
2019-08-02 18:35,10054
2019-08-02 18:40,10099
2019-08-02 18:45,10116
2019-08-02 18:50,10182
2019-08-02 18:55,10316
2019-08-02 19:00,10422
2019-08-02 19:05,10503
2019-08-02 19:10,10520
2019-08-02 19:15,10600
2019-08-02 19:20,10618
2019-08-02 19:25,10659
2019-08-02 19:30,10687
2019-08-02 19:35,10700
2019-08-02 19:40,10699
2019-08-02 19:45,10751
2019-08-02 19:50,10803
2019-08-02 19:55,10869
2019-08-02 20:00,10948
2019-08-02 20:05,11007
2019-08-02 20:10,11073
2019-08-02 20:15,11137
2019-08-02 20:20,11162
2019-08-02 20:25,11170
2019-08-02 20:30,11162
2019-08-02 20:35,11124
2019-08-02 20:40,11093
2019-08-02 20:45,11078
2019-08-02 20:50,11021
2019-08-02 20:55,10984
2019-08-02 21:00,10946
2019-08-02 21:05,10837
2019-08-02 21:10,10765
2019-08-02 21:15,10734
2019-08-02 21:20,10740
2019-08-02 21:25,10696
2019-08-02 21:30,10673
2019-08-02 21:35,10641
2019-08-02 21:40,10677
2019-08-02 21:45,10649
2019-08-02 21:50,10660
2019-08-02 21:55,10625
2019-08-02 22:00,10560
2019-08-02 22:05,10561
2019-08-02 22:10,10501
2019-08-02 22:15,10459
2019-08-02 22:20,10414
2019-08-02 22:25,10321
2019-08-02 22:30,10235
2019-08-02 22:35,10219
2019-08-02 22:40,10211
2019-08-02 22:45,10100
2019-08-02 22:50,10034
2019-08-02 22:55,9987
2019-08-02 23:00,9975
2019-08-02 23:05,9888
2019-08-02 23:10,9787
2019-08-02 23:15,9744
2019-08-02 23:20,9645
2019-08-02 23:25,9606
2019-08-02 23:30,9585
2019-08-02 23:35,9514
2019-08-02 23:40,9501
2019-08-02 23:45,9529
2019-08-02 23:50,9490
2019-08-02 23:55,9432
2019-08-03 00:00,9474
2019-08-03 00:05,9488
2019-08-03 00:10,9429
2019-08-03 00:15,9403
2019-08-03 00:20,9447
2019-08-03 00:25,9448
2019-08-03 00:30,9433
2019-08-03 00:35,9363
2019-08-03 00:40,9333
2019-08-03 00:45,9365
2019-08-03 00:50,9337
2019-08-03 00:55,9262
2019-08-03 01:00,9234
2019-08-03 01:05,9186
2019-08-03 01:10,9195
2019-08-03 01:15,9162
2019-08-03 01:20,9225
2019-08-03 01:25,9204
2019-08-03 01:30,9204
2019-08-03 01:35,9192
2019-08-03 01:40,9229
2019-08-03 01:45,9234
2019-08-03 01:50,9242
2019-08-03 01:55,9276
2019-08-03 02:00,9290
2019-08-03 02:05,9285
2019-08-03 02:10,9263
2019-08-03 02:15,9255
2019-08-03 02:20,9236
2019-08-03 02:25,9284
2019-08-03 02:30,9320
2019-08-03 02:35,9362
2019-08-03 02:40,9422
2019-08-03 02:45,9414
2019-08-03 02:50,9447
2019-08-03 02:55,9417
2019-08-03 03:00,9408
2019-08-03 03:05,9357
2019-08-03 03:10,9372
2019-08-03 03:15,9315
2019-08-03 03:20,9224
2019-08-03 03:25,9163
2019-08-03 03:30,9132
2019-08-03 03:35,9049
2019-08-03 03:40,9067
2019-08-03 03:45,9049
2019-08-03 03:50,8982
2019-08-03 03:55,8876
2019-08-03 04:00,8798
2019-08-03 04:05,8743
2019-08-03 04:10,8674
2019-08-03 04:15,8604
2019-08-03 04:20,8582
2019-08-03 04:25,8476
2019-08-03 04:30,8423
2019-08-03 04:35,8350
2019-08-03 04:40,8305
2019-08-03 04:45,8229
2019-08-03 04:50,8133
2019-08-03 04:55,8013
2019-08-03 05:00,7882
2019-08-03 05:05,7809
2019-08-03 05:10,7732
2019-08-03 05:15,7667
2019-08-03 05:20,7555
2019-08-03 05:25,7504
2019-08-03 05:30,7415
2019-08-03 05:35,7298
2019-08-03 05:40,7235
2019-08-03 05:45,7136
2019-08-03 05:50,6986
2019-08-03 05:55,6876
2019-08-03 06:00,6775
2019-08-03 06:05,6641
2019-08-03 06:10,6521
2019-08-03 06:15,6440
2019-08-03 06:20,6306
2019-08-03 06:25,6214
2019-08-03 06:30,6101
2019-08-03 06:35,6035
2019-08-03 06:40,5928
2019-08-03 06:45,5812
2019-08-03 06:50,5756
2019-08-03 06:55,5708
2019-08-03 07:00,5652
2019-08-03 07:05,5564
2019-08-03 07:10,5466
2019-08-03 07:15,5405
2019-08-03 07:20,5338
2019-08-03 07:25,5247
2019-08-03 07:30,5166
2019-08-03 07:35,5116
2019-08-03 07:40,5061
2019-08-03 07:45,5024
2019-08-03 07:50,4991
2019-08-03 07:55,4953
2019-08-03 08:00,4929
2019-08-03 08:05,4898
2019-08-03 08:10,4870
2019-08-03 08:15,4824
2019-08-03 08:20,4814
2019-08-03 08:25,4775
2019-08-03 08:30,4782
2019-08-03 08:35,4780
2019-08-03 08:40,4781
2019-08-03 08:45,4825
2019-08-03 08:50,4834
2019-08-03 08:55,4832
2019-08-03 09:00,4846
2019-08-03 09:05,4953
2019-08-03 09:10,4945
2019-08-03 09:15,4947
2019-08-03 09:20,5034
2019-08-03 09:25,5062
2019-08-03 09:30,5069
2019-08-03 09:35,5111
2019-08-03 09:40,5129
2019-08-03 09:45,5149
2019-08-03 09:50,5198
2019-08-03 09:55,5185
2019-08-03 10:00,5187
2019-08-03 10:05,5185
2019-08-03 10:10,5241
2019-08-03 10:15,5283
2019-08-03 10:20,5371
2019-08-03 10:25,5399
2019-08-03 10:30,5431
2019-08-03 10:35,5458
2019-08-03 10:40,5455
2019-08-03 10:45,5491
2019-08-03 10:50,5554
2019-08-03 10:55,5613
2019-08-03 11:00,5637
2019-08-03 11:05,5625
2019-08-03 11:10,5670
2019-08-03 11:15,5735
2019-08-03 11:20,5819
2019-08-03 11:25,5864
2019-08-03 11:30,5907
2019-08-03 11:35,5939
2019-08-03 11:40,5979
2019-08-03 11:45,6051
2019-08-03 11:50,
2019-08-03 11:55,6205
2019-08-03 12:00,6287
2019-08-03 12:05,6323
2019-08-03 12:10,6355
2019-08-03 12:15,6355
2019-08-03 12:20,6391
2019-08-03 12:25,6506
2019-08-03 12:30,6506
2019-08-03 12:35,6632
2019-08-03 12:40,6661
2019-08-03 12:45,6714
2019-08-03 12:50,6754
2019-08-03 12:55,6754
2019-08-03 13:00,6846
2019-08-03 13:05,6944
2019-08-03 13:10,6980
2019-08-03 13:15,7037
2019-08-03 13:20,7037
2019-08-03 13:25,7113
2019-08-03 13:30,7202
2019-08-03 13:35,7257
2019-08-03 13:40,7257
2019-08-03 13:45,7304
2019-08-03 13:50,7465
2019-08-03 13:55,7465
2019-08-03 14:00,7600
2019-08-03 14:05,7600
2019-08-03 14:10,7824
2019-08-03 14:15,7824
2019-08-03 14:20,7968
2019-08-03 14:25,8027
2019-08-03 14:30,8126
2019-08-03 14:35,8199
2019-08-03 14:40,8243
2019-08-03 14:45,8373
2019-08-03 14:50,8529
2019-08-03 14:55,8529
2019-08-03 15:00,8591
2019-08-03 15:05,8641
2019-08-03 15:10,8641
2019-08-03 15:15,8652
2019-08-03 15:20,8715
2019-08-03 15:25,8734
2019-08-03 15:30,8775
2019-08-03 15:35,8845
2019-08-03 15:40,8954
2019-08-03 15:45,8965
2019-08-03 15:50,8988
2019-08-03 15:55,8988
2019-08-03 16:00,9101
2019-08-03 16:05,9101
2019-08-03 16:10,9126
2019-08-03 16:15,9163
2019-08-03 16:20,9217
2019-08-03 16:25,9284
2019-08-03 16:30,9297
2019-08-03 16:35,9361
2019-08-03 16:40,9419
2019-08-03 16:45,9420
2019-08-03 16:50,9492
2019-08-03 16:55,9506
2019-08-03 17:00,9574
2019-08-03 17:05,9574
2019-08-03 17:10,9633
2019-08-03 17:15,9704
2019-08-03 17:20,9721
2019-08-03 17:25,9740
2019-08-03 17:30,9785
2019-08-03 17:35,9886
2019-08-03 17:40,9970
2019-08-03 17:45,10072
2019-08-03 17:50,10123
2019-08-03 17:55,10281
2019-08-03 18:00,10345
2019-08-03 18:05,10345
2019-08-03 18:10,10324
2019-08-03 18:15,10410
2019-08-03 18:20,10436
2019-08-03 18:25,10501
2019-08-03 18:30,10569
2019-08-03 18:35,10574
2019-08-03 18:40,10676
2019-08-03 18:45,10741
2019-08-03 18:50,10760
2019-08-03 18:55,10752
2019-08-03 19:00,10847
2019-08-03 19:05,10923
2019-08-03 19:10,10984
2019-08-03 19:15,11066
2019-08-03 19:20,11128
2019-08-03 19:25,11102
2019-08-03 19:30,11137
2019-08-03 19:35,11172
2019-08-03 19:40,11191
2019-08-03 19:45,11193
2019-08-03 19:50,11243
2019-08-03 19:55,11282
2019-08-03 20:00,11295
2019-08-03 20:05,11345
2019-08-03 20:10,11401
2019-08-03 20:15,11447
2019-08-03 20:20,11463
2019-08-03 20:25,11484
2019-08-03 20:30,11475
2019-08-03 20:35,11484
2019-08-03 20:40,11559
2019-08-03 20:45,11567
2019-08-03 20:50,11659
2019-08-03 20:55,11674
2019-08-03 21:00,11644
2019-08-03 21:05,11610
2019-08-03 21:10,11617
2019-08-03 21:15,11587
2019-08-03 21:20,11497
2019-08-03 21:25,11396
2019-08-03 21:30,11420
2019-08-03 21:35,11363
2019-08-03 21:40,11285
2019-08-03 21:45,11179
2019-08-03 21:50,11143
2019-08-03 21:55,11092
2019-08-03 22:00,10958
2019-08-03 22:05,10958
2019-08-03 22:10,10823
2019-08-03 22:15,10737
2019-08-03 22:20,10667
2019-08-03 22:25,10567
2019-08-03 22:30,10483
2019-08-03 22:35,10400
2019-08-03 22:40,10400
2019-08-03 22:45,10316
2019-08-03 22:50,10224
2019-08-03 22:55,10167
2019-08-03 23:00,10131
2019-08-03 23:05,10044
2019-08-03 23:10,10009
2019-08-03 23:15,9932
2019-08-03 23:20,9857
2019-08-03 23:25,9809
2019-08-03 23:30,9708
2019-08-03 23:35,9631
2019-08-03 23:40,9609
2019-08-03 23:45,9631
2019-08-03 23:50,9647
2019-08-03 23:55,9630
2019-08-04 00:00,9507
2019-08-04 00:05,9480
2019-08-04 00:10,9413
2019-08-04 00:15,9350
2019-08-04 00:20,9320
2019-08-04 00:25,9298
2019-08-04 00:30,9300
2019-08-04 00:35,9226
2019-08-04 00:40,9205
2019-08-04 00:45,9200
2019-08-04 00:50,9190
2019-08-04 00:55,9210
2019-08-04 01:00,9206
2019-08-04 01:05,9151
2019-08-04 01:10,9149
2019-08-04 01:15,9107
2019-08-04 01:20,9044
2019-08-04 01:25,9104
2019-08-04 01:30,9111
2019-08-04 01:35,9146
2019-08-04 01:40,9111
2019-08-04 01:45,9116
2019-08-04 01:50,9134
2019-08-04 01:55,9197
2019-08-04 02:00,9220
2019-08-04 02:05,9243
2019-08-04 02:10,9227
2019-08-04 02:15,9258
2019-08-04 02:20,9257
2019-08-04 02:25,9269
2019-08-04 02:30,9259
2019-08-04 02:35,9176
2019-08-04 02:40,9181
2019-08-04 02:45,9213
2019-08-04 02:50,9200
2019-08-04 02:55,9212
2019-08-04 03:00,9219
2019-08-04 03:05,9207
2019-08-04 03:10,9120
2019-08-04 03:15,9114
2019-08-04 03:20,9117
2019-08-04 03:25,9161
2019-08-04 03:30,9096
2019-08-04 03:35,9065
2019-08-04 03:40,9046
2019-08-04 03:45,9002
2019-08-04 03:50,8946
2019-08-04 03:55,8901
2019-08-04 04:00,8850
2019-08-04 04:05,8744
2019-08-04 04:10,8680
2019-08-04 04:15,8638
2019-08-04 04:20,8560
2019-08-04 04:25,8527
2019-08-04 04:30,8442
2019-08-04 04:35,8362
2019-08-04 04:40,8259
2019-08-04 04:45,8105
2019-08-04 04:50,8105
2019-08-04 04:55,8051
2019-08-04 05:00,7975
2019-08-04 05:05,7950
2019-08-04 05:10,7880
2019-08-04 05:15,7800
2019-08-04 05:20,7713
2019-08-04 05:25,7621
2019-08-04 05:30,7556
2019-08-04 05:35,7414
2019-08-04 05:40,7368
2019-08-04 05:45,7274
2019-08-04 05:50,7162
2019-08-04 05:55,7078
2019-08-04 06:00,7004
2019-08-04 06:05,6904
2019-08-04 06:10,6824
2019-08-04 06:15,6721
2019-08-04 06:20,6657
2019-08-04 06:25,6505
2019-08-04 06:30,6441
2019-08-04 06:35,6342
2019-08-04 06:40,6260
2019-08-04 06:45,6175
2019-08-04 06:50,6137
2019-08-04 06:55,6027
2019-08-04 07:00,5933
2019-08-04 07:05,5858
2019-08-04 07:10,5798
2019-08-04 07:15,5742
2019-08-04 07:20,5634
2019-08-04 07:25,5559
2019-08-04 07:30,5513
2019-08-04 07:35,5513
2019-08-04 07:40,5494
2019-08-04 07:45,5398
2019-08-04 07:50,5359
2019-08-04 07:55,5355
2019-08-04 08:00,5355
2019-08-04 08:05,5318
2019-08-04 08:10,5254
2019-08-04 08:15,5229
2019-08-04 08:20,5213
2019-08-04 08:25,5187
2019-08-04 08:30,5144
2019-08-04 08:35,5120
2019-08-04 08:40,5129
2019-08-04 08:45,5139
2019-08-04 08:50,5160
2019-08-04 08:55,5117
2019-08-04 09:00,5156
2019-08-04 09:05,5169
2019-08-04 09:10,5237
2019-08-04 09:15,5248
2019-08-04 09:20,5235
2019-08-04 09:25,5229
2019-08-04 09:30,5290
2019-08-04 09:35,5321
2019-08-04 09:40,5357
2019-08-04 09:45,5382
2019-08-04 09:50,5432
2019-08-04 09:55,5518
2019-08-04 10:00,5535
2019-08-04 10:05,5535
2019-08-04 10:10,5585
2019-08-04 10:15,5701
2019-08-04 10:20,5701
2019-08-04 10:25,5740
2019-08-04 10:30,5740
2019-08-04 10:35,5894
2019-08-04 10:40,5894
2019-08-04 10:45,5912
2019-08-04 10:50,5925
2019-08-04 10:55,5925
2019-08-04 11:00,5991
2019-08-04 11:05,6026
2019-08-04 11:10,6086
2019-08-04 11:15,6151
2019-08-04 11:20,6203
2019-08-04 11:25,6247
2019-08-04 11:30,6352
2019-08-04 11:35,6359
2019-08-04 11:40,6461
2019-08-04 11:45,6487
2019-08-04 11:50,6522
2019-08-04 11:55,6532
2019-08-04 12:00,6581
2019-08-04 12:05,6653
2019-08-04 12:10,6641
2019-08-04 12:15,6684
2019-08-04 12:20,6701
2019-08-04 12:25,6826
2019-08-04 12:30,6898
2019-08-04 12:35,6929
2019-08-04 12:40,6968
2019-08-04 12:45,7093
2019-08-04 12:50,7163
2019-08-04 12:55,7269
2019-08-04 13:00,7345
2019-08-04 13:05,7438
2019-08-04 13:10,7488
2019-08-04 13:15,7559
2019-08-04 13:20,7645
2019-08-04 13:25,7750
2019-08-04 13:30,7798
2019-08-04 13:35,7867
2019-08-04 13:40,7948
2019-08-04 13:45,7993
2019-08-04 13:50,8026
2019-08-04 13:55,8095
2019-08-04 14:00,8150
2019-08-04 14:05,8231
2019-08-04 14:10,8280
2019-08-04 14:15,8331
2019-08-04 14:20,8385
2019-08-04 14:25,8470
2019-08-04 14:30,8638
2019-08-04 14:35,8778
2019-08-04 14:40,8767
2019-08-04 14:45,8828
2019-08-04 14:50,8864
2019-08-04 14:55,8961
2019-08-04 15:00,9053
2019-08-04 15:05,9106
2019-08-04 15:10,9190
2019-08-04 15:15,9241
2019-08-04 15:20,9325
2019-08-04 15:25,9402
2019-08-04 15:30,9473
2019-08-04 15:35,9544
2019-08-04 15:40,9556
2019-08-04 15:45,9631
2019-08-04 15:50,9743
2019-08-04 15:55,9795
2019-08-04 16:00,9867
2019-08-04 16:05,9951
2019-08-04 16:10,10036
2019-08-04 16:15,10120
2019-08-04 16:20,10169
2019-08-04 16:25,10294
2019-08-04 16:30,10391
2019-08-04 16:35,10445
2019-08-04 16:40,10468
2019-08-04 16:45,10539
2019-08-04 16:50,10593
2019-08-04 16:55,10680
2019-08-04 17:00,10766
2019-08-04 17:05,10813
2019-08-04 17:10,10878
2019-08-04 17:15,10920
2019-08-04 17:20,10984
2019-08-04 17:25,11083
2019-08-04 17:30,11165
2019-08-04 17:35,11325
2019-08-04 17:40,11375
2019-08-04 17:45,11411
2019-08-04 17:50,11528
2019-08-04 17:55,11645
2019-08-04 18:00,11727
2019-08-04 18:05,11832
2019-08-04 18:10,11828
2019-08-04 18:15,11890
2019-08-04 18:20,11906
2019-08-04 18:25,11947
2019-08-04 18:30,12106
2019-08-04 18:35,12093
2019-08-04 18:40,12100
2019-08-04 18:45,12193
2019-08-04 18:50,12307
2019-08-04 18:55,12331
2019-08-04 19:00,12352
2019-08-04 19:05,12409
2019-08-04 19:10,12443
2019-08-04 19:15,12474
2019-08-04 19:20,12520
2019-08-04 19:25,12539
2019-08-04 19:30,12499
2019-08-04 19:35,12518
2019-08-04 19:40,12509
2019-08-04 19:45,12568
2019-08-04 19:50,12608
2019-08-04 19:55,12653
2019-08-04 20:00,12646
2019-08-04 20:05,12586
2019-08-04 20:10,12542
2019-08-04 20:15,12558
2019-08-04 20:20,12565
2019-08-04 20:25,12627
2019-08-04 20:30,12592
2019-08-04 20:35,12642
2019-08-04 20:40,12623
2019-08-04 20:45,12634
2019-08-04 20:50,12630
2019-08-04 20:55,12622
2019-08-04 21:00,12535
2019-08-04 21:05,12501
2019-08-04 21:10,12415
2019-08-04 21:15,12394
2019-08-04 21:20,12310
2019-08-04 21:25,12331
2019-08-04 21:30,12307
2019-08-04 21:35,12279
2019-08-04 21:40,12184
2019-08-04 21:45,12144
2019-08-04 21:50,12092
2019-08-04 21:55,11958
2019-08-04 22:00,11852
2019-08-04 22:05,11717
2019-08-04 22:10,11545
2019-08-04 22:15,11462
2019-08-04 22:20,11384
2019-08-04 22:25,11317
2019-08-04 22:30,11276
2019-08-04 22:35,11186
2019-08-04 22:40,11109
2019-08-04 22:45,10991
2019-08-04 22:50,10959
2019-08-04 22:55,10807
2019-08-04 23:00,10719
2019-08-04 23:05,10657
2019-08-04 23:10,10604
2019-08-04 23:15,10591
2019-08-04 23:20,10480
2019-08-04 23:25,10414
2019-08-04 23:30,10351
2019-08-04 23:35,10261
2019-08-04 23:40,10266
2019-08-04 23:45,10197
2019-08-04 23:50,10233
2019-08-04 23:55,10192
2019-08-05 00:00,10094
2019-08-05 00:05,10081
2019-08-05 00:10,10050
2019-08-05 00:15,10040
2019-08-05 00:20,10017
2019-08-05 00:25,10000
2019-08-05 00:30,9967
2019-08-05 00:35,9905
2019-08-05 00:40,9890
2019-08-05 00:45,9954
2019-08-05 00:50,9930
2019-08-05 00:55,9856
2019-08-05 01:00,9836
2019-08-05 01:05,9782
2019-08-05 01:10,9809
2019-08-05 01:15,9803
2019-08-05 01:20,9768
2019-08-05 01:25,9756
2019-08-05 01:30,9763
2019-08-05 01:35,9753
2019-08-05 01:40,9690
2019-08-05 01:45,9711
2019-08-05 01:50,9614
2019-08-05 01:55,9594
2019-08-05 02:00,9548
2019-08-05 02:05,9548
2019-08-05 02:10,9479
2019-08-05 02:15,9418
2019-08-05 02:20,9404
2019-08-05 02:25,9394
2019-08-05 02:30,9385
2019-08-05 02:35,9349
2019-08-05 02:40,9306
2019-08-05 02:45,9252
2019-08-05 02:50,9193
2019-08-05 02:55,9151
2019-08-05 03:00,9100
2019-08-05 03:05,9046
2019-08-05 03:10,8947
2019-08-05 03:15,8818
2019-08-05 03:20,8700
2019-08-05 03:25,8629
2019-08-05 03:30,8567
2019-08-05 03:35,8464
2019-08-05 03:40,8303
2019-08-05 03:45,8252
2019-08-05 03:50,8166
2019-08-05 03:55,8045
2019-08-05 04:00,7929
2019-08-05 04:05,7844
2019-08-05 04:10,7714
2019-08-05 04:15,7639
2019-08-05 04:20,7533
2019-08-05 04:25,7459
2019-08-05 04:30,7324
2019-08-05 04:35,7176
2019-08-05 04:40,7118
2019-08-05 04:45,7026
2019-08-05 04:50,6912
2019-08-05 04:55,6821
2019-08-05 05:00,6743
2019-08-05 05:05,6632
2019-08-05 05:10,6537
2019-08-05 05:15,6431
2019-08-05 05:20,6335
2019-08-05 05:25,6232
2019-08-05 05:30,6158
2019-08-05 05:35,6045
2019-08-05 05:40,5955
2019-08-05 05:45,5839
2019-08-05 05:50,5779
2019-08-05 05:55,5700
2019-08-05 06:00,5593
2019-08-05 06:05,5452
2019-08-05 06:10,5398
2019-08-05 06:15,5314
2019-08-05 06:20,5232
2019-08-05 06:25,5149
2019-08-05 06:30,5068
2019-08-05 06:35,5010
2019-08-05 06:40,4950
2019-08-05 06:45,4919
2019-08-05 06:50,4859
2019-08-05 06:55,4820
2019-08-05 07:00,4780
2019-08-05 07:05,4708
2019-08-05 07:10,4653
2019-08-05 07:15,4609
2019-08-05 07:20,4543
2019-08-05 07:25,4508
2019-08-05 07:30,4458
2019-08-05 07:35,4424
2019-08-05 07:40,4330
2019-08-05 07:45,4329
2019-08-05 07:50,4308
2019-08-05 07:55,4284
2019-08-05 08:00,4279
2019-08-05 08:05,4202
2019-08-05 08:10,4180
2019-08-05 08:15,4152
2019-08-05 08:20,4130
2019-08-05 08:25,4135
2019-08-05 08:30,4180
2019-08-05 08:35,4162
2019-08-05 08:40,4165
2019-08-05 08:45,4169
2019-08-05 08:50,4155
2019-08-05 08:55,4189
2019-08-05 09:00,4193
2019-08-05 09:05,4248
2019-08-05 09:10,4260
2019-08-05 09:15,4285
2019-08-05 09:20,4289
2019-08-05 09:25,4326
2019-08-05 09:30,4381
2019-08-05 09:35,4411
2019-08-05 09:40,4442
2019-08-05 09:45,4491
2019-08-05 09:50,4522
2019-08-05 09:55,4542
2019-08-05 10:00,4509
2019-08-05 10:05,4519
2019-08-05 10:10,4561
2019-08-05 10:15,4636
2019-08-05 10:20,4679
2019-08-05 10:25,4733
2019-08-05 10:30,4763
2019-08-05 10:35,4753
2019-08-05 10:40,4802
2019-08-05 10:45,4870
2019-08-05 10:50,4876
2019-08-05 10:55,4904
2019-08-05 11:00,4895
2019-08-05 11:05,4945
2019-08-05 11:10,4968
2019-08-05 11:15,4981
2019-08-05 11:20,4989
2019-08-05 11:25,5056
2019-08-05 11:30,5105
2019-08-05 11:35,5157
2019-08-05 11:40,5198
2019-08-05 11:45,5223
2019-08-05 11:50,5263
2019-08-05 11:55,5312
2019-08-05 12:00,5331
2019-08-05 12:05,5396
2019-08-05 12:10,5449
2019-08-05 12:15,5506
2019-08-05 12:20,5526
2019-08-05 12:25,5579
2019-08-05 12:30,5603
2019-08-05 12:35,5643
2019-08-05 12:40,5719
2019-08-05 12:45,5780
2019-08-05 12:50,5855
2019-08-05 12:55,5937
2019-08-05 13:00,6038
2019-08-05 13:05,6111
2019-08-05 13:10,6171
2019-08-05 13:15,6194
2019-08-05 13:20,6297
2019-08-05 13:25,6337
2019-08-05 13:30,6382
2019-08-05 13:35,6419
2019-08-05 13:40,6516
2019-08-05 13:45,6588
2019-08-05 13:50,6593
2019-08-05 13:55,6702
2019-08-05 14:00,6788
2019-08-05 14:05,6864
2019-08-05 14:10,6940
2019-08-05 14:15,6971
2019-08-05 14:20,7029
2019-08-05 14:25,7085
2019-08-05 14:30,7163
2019-08-05 14:35,7247
2019-08-05 14:40,7325
2019-08-05 14:45,7330
2019-08-05 14:50,7385
2019-08-05 14:55,7449
2019-08-05 15:00,7493
2019-08-05 15:05,7565
2019-08-05 15:10,7600
2019-08-05 15:15,7656
2019-08-05 15:20,7750
2019-08-05 15:25,7859
2019-08-05 15:30,7868
2019-08-05 15:35,7849
2019-08-05 15:40,7870
2019-08-05 15:45,7973
2019-08-05 15:50,8061
2019-08-05 15:55,8115
2019-08-05 16:00,8225
2019-08-05 16:05,8302
2019-08-05 16:10,8318
2019-08-05 16:15,8422
2019-08-05 16:20,8486
2019-08-05 16:25,8574
2019-08-05 16:30,8584
2019-08-05 16:35,8642
2019-08-05 16:40,8696
2019-08-05 16:45,8787
2019-08-05 16:50,8865
2019-08-05 16:55,8934
2019-08-05 17:00,8992
2019-08-05 17:05,9023
2019-08-05 17:10,9102
2019-08-05 17:15,9167
2019-08-05 17:20,9220
2019-08-05 17:25,9323
2019-08-05 17:30,9446
2019-08-05 17:35,9467
2019-08-05 17:40,9568
2019-08-05 17:45,9646
2019-08-05 17:50,9768
2019-08-05 17:55,9815
2019-08-05 18:00,9862
2019-08-05 18:05,9930
2019-08-05 18:10,10040
2019-08-05 18:15,
2019-08-05 18:20,10206
2019-08-05 18:25,10252
2019-08-05 18:30,10334
2019-08-05 18:35,10381
2019-08-05 18:40,10416
2019-08-05 18:45,10468
2019-08-05 18:50,10587
2019-08-05 18:55,10682
2019-08-05 19:00,10783
2019-08-05 19:05,10845
2019-08-05 19:10,10954
2019-08-05 19:15,11022
2019-08-05 19:20,11068
2019-08-05 19:25,11107
2019-08-05 19:30,11111
2019-08-05 19:35,11189
2019-08-05 19:40,11243
2019-08-05 19:45,11247
2019-08-05 19:50,11223
2019-08-05 19:55,11216
2019-08-05 20:00,11237
2019-08-05 20:05,11209
2019-08-05 20:10,11173
2019-08-05 20:15,11135
2019-08-05 20:20,11212
2019-08-05 20:25,11235
2019-08-05 20:30,11217
2019-08-05 20:35,11207
2019-08-05 20:40,11227
2019-08-05 20:45,11212
2019-08-05 20:50,11136
2019-08-05 20:55,11104
2019-08-05 21:00,11090
2019-08-05 21:05,11064
2019-08-05 21:10,11003
2019-08-05 21:15,10962
2019-08-05 21:20,10937
2019-08-05 21:25,10910
2019-08-05 21:30,10794
2019-08-05 21:35,10700
2019-08-05 21:40,10655
2019-08-05 21:45,10570
2019-08-05 21:50,10528
2019-08-05 21:55,10506
2019-08-05 22:00,10475
2019-08-05 22:05,10420
2019-08-05 22:10,10316
2019-08-05 22:15,10224
2019-08-05 22:20,10133
2019-08-05 22:25,10034
2019-08-05 22:30,9995
2019-08-05 22:35,9968
2019-08-05 22:40,9945
2019-08-05 22:45,9947
2019-08-05 22:50,9974
2019-08-05 22:55,9980
2019-08-05 23:00,9942
2019-08-05 23:05,9877
2019-08-05 23:10,9843
2019-08-05 23:15,9791
2019-08-05 23:20,9724
2019-08-05 23:25,9738
2019-08-05 23:30,9735
2019-08-05 23:35,9762
2019-08-05 23:40,9711
2019-08-05 23:45,9697
2019-08-05 23:50,9732
2019-08-05 23:55,9738
2019-08-06 00:00,9711
2019-08-06 00:05,9630
2019-08-06 00:10,9562
2019-08-06 00:15,9580
2019-08-06 00:20,9623
2019-08-06 00:25,9619
2019-08-06 00:30,9607
2019-08-06 00:35,9555
2019-08-06 00:40,9556
2019-08-06 00:45,9595
2019-08-06 00:50,9581
2019-08-06 00:55,9591
2019-08-06 01:00,
2019-08-06 01:05,9653
2019-08-06 01:10,9604
2019-08-06 01:15,9646
2019-08-06 01:20,9680
2019-08-06 01:25,9687
2019-08-06 01:30,9685
2019-08-06 01:35,9723
2019-08-06 01:40,9703
2019-08-06 01:45,9714
2019-08-06 01:50,9707
2019-08-06 01:55,9699
2019-08-06 02:00,9675
2019-08-06 02:05,9672
2019-08-06 02:10,9613
2019-08-06 02:15,9556
2019-08-06 02:20,9516
2019-08-06 02:25,9471
2019-08-06 02:30,9424
2019-08-06 02:35,9392
2019-08-06 02:40,9303
2019-08-06 02:45,9300
2019-08-06 02:50,9287
2019-08-06 02:55,9208
2019-08-06 03:00,9128
2019-08-06 03:05,9089
2019-08-06 03:10,8952
2019-08-06 03:15,8877
2019-08-06 03:20,8799
2019-08-06 03:25,8666
2019-08-06 03:30,8606
2019-08-06 03:35,8526
2019-08-06 03:40,8507
2019-08-06 03:45,8417
2019-08-06 03:50,8307
2019-08-06 03:55,8212
2019-08-06 04:00,8100
2019-08-06 04:05,7971
2019-08-06 04:10,7869
2019-08-06 04:15,7783
2019-08-06 04:20,7686
2019-08-06 04:25,7570
2019-08-06 04:30,7476
2019-08-06 04:35,7369
2019-08-06 04:40,7204
2019-08-06 04:45,7105
2019-08-06 04:50,6969
2019-08-06 04:55,6877
2019-08-06 05:00,6795
2019-08-06 05:05,6691
2019-08-06 05:10,6554
2019-08-06 05:15,6406
2019-08-06 05:20,6268
2019-08-06 05:25,6221
2019-08-06 05:30,6108
2019-08-06 05:35,6023
2019-08-06 05:40,5931
2019-08-06 05:45,5871
2019-08-06 05:50,5788
2019-08-06 05:55,5718
2019-08-06 06:00,5625
2019-08-06 06:05,5540
2019-08-06 06:10,5459
2019-08-06 06:15,5333
2019-08-06 06:20,5265
2019-08-06 06:25,5173
2019-08-06 06:30,5124
2019-08-06 06:35,5030
2019-08-06 06:40,4953
2019-08-06 06:45,4870
2019-08-06 06:50,4795
2019-08-06 06:55,4726
2019-08-06 07:00,4673
2019-08-06 07:05,4571
2019-08-06 07:10,4470
2019-08-06 07:15,4405
2019-08-06 07:20,4382
2019-08-06 07:25,4349
2019-08-06 07:30,4310
2019-08-06 07:35,4278
2019-08-06 07:40,4257
2019-08-06 07:45,4256
2019-08-06 07:50,4208
2019-08-06 07:55,4152
2019-08-06 08:00,4142
2019-08-06 08:05,4137
2019-08-06 08:10,4119
2019-08-06 08:15,4127
2019-08-06 08:20,4159
2019-08-06 08:25,4144
2019-08-06 08:30,4135
2019-08-06 08:35,4134
2019-08-06 08:40,4067
2019-08-06 08:45,4097
2019-08-06 08:50,4097
2019-08-06 08:55,4123
2019-08-06 09:00,4127
2019-08-06 09:05,4181
2019-08-06 09:10,4203
2019-08-06 09:15,4228
2019-08-06 09:20,4284
2019-08-06 09:25,4290
2019-08-06 09:30,4314
2019-08-06 09:35,4341
2019-08-06 09:40,4358
2019-08-06 09:45,4373
2019-08-06 09:50,4380
2019-08-06 09:55,4407
2019-08-06 10:00,4425
2019-08-06 10:05,4424
2019-08-06 10:10,4467
2019-08-06 10:15,4492
2019-08-06 10:20,4583
2019-08-06 10:25,4621
2019-08-06 10:30,4620
2019-08-06 10:35,4631
2019-08-06 10:40,4681
2019-08-06 10:45,4729
2019-08-06 10:50,4785
2019-08-06 10:55,4850
2019-08-06 11:00,4836
2019-08-06 11:05,4850
2019-08-06 11:10,4853
2019-08-06 11:15,4922
2019-08-06 11:20,4985
2019-08-06 11:25,4995
2019-08-06 11:30,5002
2019-08-06 11:35,5053
2019-08-06 11:40,5055
2019-08-06 11:45,5127
2019-08-06 11:50,5166
2019-08-06 11:55,5257
2019-08-06 12:00,5286
2019-08-06 12:05,5313
2019-08-06 12:10,5348
2019-08-06 12:15,5349
2019-08-06 12:20,5416
2019-08-06 12:25,5503
2019-08-06 12:30,5546
2019-08-06 12:35,5593
2019-08-06 12:40,5683
2019-08-06 12:45,5763
2019-08-06 12:50,5805
2019-08-06 12:55,5879
2019-08-06 13:00,5962
2019-08-06 13:05,6020
2019-08-06 13:10,6102
2019-08-06 13:15,6155
2019-08-06 13:20,6239
2019-08-06 13:25,6299
2019-08-06 13:30,6374
2019-08-06 13:35,6426
2019-08-06 13:40,6516
2019-08-06 13:45,6607
2019-08-06 13:50,6687
2019-08-06 13:55,6767
2019-08-06 14:00,6788
2019-08-06 14:05,6876
2019-08-06 14:10,6940
2019-08-06 14:15,7018
2019-08-06 14:20,7112
2019-08-06 14:25,7150
2019-08-06 14:30,7235
2019-08-06 14:35,7250
2019-08-06 14:40,7284
2019-08-06 14:45,7366
2019-08-06 14:50,7458
2019-08-06 14:55,7554
2019-08-06 15:00,7632
2019-08-06 15:05,7702
2019-08-06 15:10,7747
2019-08-06 15:15,7792
2019-08-06 15:20,7844
2019-08-06 15:25,7860
2019-08-06 15:30,7908
2019-08-06 15:35,8039
2019-08-06 15:40,8122
2019-08-06 15:45,8101
2019-08-06 15:50,8149
2019-08-06 15:55,8132
2019-08-06 16:00,8161
2019-08-06 16:05,8207
2019-08-06 16:10,8268
2019-08-06 16:15,8301
2019-08-06 16:20,8403
2019-08-06 16:25,8453
2019-08-06 16:30,8493
2019-08-06 16:35,8562
2019-08-06 16:40,8650
2019-08-06 16:45,8650
2019-08-06 16:50,8750
2019-08-06 16:55,8793
2019-08-06 17:00,8910
2019-08-06 17:05,8997
2019-08-06 17:10,9086
2019-08-06 17:15,9145
2019-08-06 17:20,9148
2019-08-06 17:25,9257
2019-08-06 17:30,9333
2019-08-06 17:35,9360
2019-08-06 17:40,9398
2019-08-06 17:45,9470
2019-08-06 17:50,9518
2019-08-06 17:55,9583
2019-08-06 18:00,9624
2019-08-06 18:05,9705
2019-08-06 18:10,9779
2019-08-06 18:15,9810
2019-08-06 18:20,9829
2019-08-06 18:25,9931
2019-08-06 18:30,9985
2019-08-06 18:35,10098
2019-08-06 18:40,10295
2019-08-06 18:45,10325
2019-08-06 18:50,10438
2019-08-06 18:55,10538
2019-08-06 19:00,10583
2019-08-06 19:05,10633
2019-08-06 19:10,10724
2019-08-06 19:15,10783
2019-08-06 19:20,10820
2019-08-06 19:25,10835
2019-08-06 19:30,10815
2019-08-06 19:35,10779
2019-08-06 19:40,10874
2019-08-06 19:45,10920
2019-08-06 19:50,10886
2019-08-06 19:55,10833
2019-08-06 20:00,10839
2019-08-06 20:05,10853
2019-08-06 20:10,10847
2019-08-06 20:15,10864
2019-08-06 20:20,10861
2019-08-06 20:25,10829
2019-08-06 20:30,10911
2019-08-06 20:35,10923
2019-08-06 20:40,10973
2019-08-06 20:45,10960
2019-08-06 20:50,10902
2019-08-06 20:55,10880
2019-08-06 21:00,10873
2019-08-06 21:05,10763
2019-08-06 21:10,10761
2019-08-06 21:15,10740
2019-08-06 21:20,10679
2019-08-06 21:25,10652
2019-08-06 21:30,10640
2019-08-06 21:35,10608
2019-08-06 21:40,10573
2019-08-06 21:45,10558
2019-08-06 21:50,10515
2019-08-06 21:55,10463
2019-08-06 22:00,10405
2019-08-06 22:05,10307
2019-08-06 22:10,10259
2019-08-06 22:15,10156
2019-08-06 22:20,10109
2019-08-06 22:25,10110
2019-08-06 22:30,10081
2019-08-06 22:35,10007
2019-08-06 22:40,9994
2019-08-06 22:45,9940
2019-08-06 22:50,9897
2019-08-06 22:55,9843
2019-08-06 23:00,9756
2019-08-06 23:05,9793
2019-08-06 23:10,9800
2019-08-06 23:15,
2019-08-06 23:20,
2019-08-06 23:25,9113
2019-08-06 23:30,9475
2019-08-06 23:35,9549
2019-08-06 23:40,9548
2019-08-06 23:45,9596
2019-08-06 23:50,9633
2019-08-06 23:55,9615
2019-08-07 00:00,9569
2019-08-07 00:05,9570
2019-08-07 00:10,9562
2019-08-07 00:15,9534
2019-08-07 00:20,9528
2019-08-07 00:25,9449
2019-08-07 00:30,9494
2019-08-07 00:35,9483
2019-08-07 00:40,9541
2019-08-07 00:45,9573
2019-08-07 00:50,9560
2019-08-07 00:55,9568
2019-08-07 01:00,9515
2019-08-07 01:05,9543
2019-08-07 01:10,9506
2019-08-07 01:15,9461
2019-08-07 01:20,9493
2019-08-07 01:25,9482
2019-08-07 01:30,9476
2019-08-07 01:35,9508
2019-08-07 01:40,9526
2019-08-07 01:45,9478
2019-08-07 01:50,9440
2019-08-07 01:55,9438
2019-08-07 02:00,9486
2019-08-07 02:05,9365
2019-08-07 02:10,9336
2019-08-07 02:15,9334
2019-08-07 02:20,9343
2019-08-07 02:25,9326
2019-08-07 02:30,9323
2019-08-07 02:35,9286
2019-08-07 02:40,9266
2019-08-07 02:45,9241
2019-08-07 02:50,9203
2019-08-07 02:55,9084
2019-08-07 03:00,9084
2019-08-07 03:05,8970
2019-08-07 03:10,8904
2019-08-07 03:15,8840
2019-08-07 03:20,8759
2019-08-07 03:25,8731
2019-08-07 03:30,8634
2019-08-07 03:35,8607
2019-08-07 03:40,8509
2019-08-07 03:45,8483
2019-08-07 03:50,8391
2019-08-07 03:55,8321
2019-08-07 04:00,8256
2019-08-07 04:05,8162
2019-08-07 04:10,8091
2019-08-07 04:15,7975
2019-08-07 04:20,7817
2019-08-07 04:25,7738
2019-08-07 04:30,7624
2019-08-07 04:35,7485
2019-08-07 04:40,7399
2019-08-07 04:45,7186
2019-08-07 04:50,7085
2019-08-07 04:55,6958
2019-08-07 05:00,6689
2019-08-07 05:05,6689
2019-08-07 05:10,6567
2019-08-07 05:15,6449
2019-08-07 05:20,6371
2019-08-07 05:25,6219
2019-08-07 05:30,6073
2019-08-07 05:35,5991
2019-08-07 05:40,5882
2019-08-07 05:45,5833
2019-08-07 05:50,5737
2019-08-07 05:55,5687
2019-08-07 06:00,5602
2019-08-07 06:05,5526
2019-08-07 06:10,5289
2019-08-07 06:15,5289
2019-08-07 06:20,5213
2019-08-07 06:25,5143
2019-08-07 06:30,4995
2019-08-07 06:35,4836
2019-08-07 06:40,4800
2019-08-07 06:45,4700
2019-08-07 06:50,4641
2019-08-07 06:55,4538
2019-08-07 07:00,4484
2019-08-07 07:05,4441
2019-08-07 07:10,4380
2019-08-07 07:15,4357
2019-08-07 07:20,4345
2019-08-07 07:25,4280
2019-08-07 07:30,4231
2019-08-07 07:35,4164
2019-08-07 07:40,4117
2019-08-07 07:45,4088
2019-08-07 07:50,4058
2019-08-07 07:55,4023
2019-08-07 08:00,3996
2019-08-07 08:05,3951
2019-08-07 08:10,3966
2019-08-07 08:15,3941
2019-08-07 08:20,3935
2019-08-07 08:25,3950
2019-08-07 08:30,3926
2019-08-07 08:35,3942
2019-08-07 08:40,3932
2019-08-07 08:45,3975
2019-08-07 08:50,3965
2019-08-07 08:55,4008
2019-08-07 09:00,4025
2019-08-07 09:05,4103
2019-08-07 09:10,4142
2019-08-07 09:15,4172
2019-08-07 09:20,4204
2019-08-07 09:25,4225
2019-08-07 09:30,4246
2019-08-07 09:35,4325
2019-08-07 09:40,4353
2019-08-07 09:45,4331
2019-08-07 09:50,4389
2019-08-07 09:55,4427
2019-08-07 10:00,4441
2019-08-07 10:05,4454
2019-08-07 10:10,4468
2019-08-07 10:15,4514
2019-08-07 10:20,4532
2019-08-07 10:25,4563
2019-08-07 10:30,4587
2019-08-07 10:35,4559
2019-08-07 10:40,4705
2019-08-07 10:45,4705
2019-08-07 10:50,4742
2019-08-07 10:55,4736
2019-08-07 11:00,4767
2019-08-07 11:05,4769
2019-08-07 11:10,4813
2019-08-07 11:15,4865
2019-08-07 11:20,4898
2019-08-07 11:25,4961
2019-08-07 11:30,4961
2019-08-07 11:35,4983
2019-08-07 11:40,5061
2019-08-07 11:45,5126
2019-08-07 11:50,5160
2019-08-07 11:55,5211
2019-08-07 12:00,5264
2019-08-07 12:05,5286
2019-08-07 12:10,5307
2019-08-07 12:15,5314
2019-08-07 12:20,5350
2019-08-07 12:25,5394
2019-08-07 12:30,5458
2019-08-07 12:35,5532
2019-08-07 12:40,5573
2019-08-07 12:45,5672
2019-08-07 12:50,5656
2019-08-07 12:55,5733
2019-08-07 13:00,5790
2019-08-07 13:05,5828
2019-08-07 13:10,5867
2019-08-07 13:15,5900
2019-08-07 13:20,5989
2019-08-07 13:25,6066
2019-08-07 13:30,6130
2019-08-07 13:35,6163
2019-08-07 13:40,6202
2019-08-07 13:45,6292
2019-08-07 13:50,6367
2019-08-07 13:55,6423
2019-08-07 14:00,6464
2019-08-07 14:05,6522
2019-08-07 14:10,6597
2019-08-07 14:15,6627
2019-08-07 14:20,6663
2019-08-07 14:25,6746
2019-08-07 14:30,6788
2019-08-07 14:35,6855
2019-08-07 14:40,6949
2019-08-07 14:45,7024
2019-08-07 14:50,7152
2019-08-07 14:55,7240
2019-08-07 15:00,7256
2019-08-07 15:05,7310
2019-08-07 15:10,7351
2019-08-07 15:15,7460
2019-08-07 15:20,7531
2019-08-07 15:25,7594
2019-08-07 15:30,7640
2019-08-07 15:35,7725
2019-08-07 15:40,7815
2019-08-07 15:45,7897
2019-08-07 15:50,7968
2019-08-07 15:55,8033
2019-08-07 16:00,8130
2019-08-07 16:05,8216
2019-08-07 16:10,8258
2019-08-07 16:15,8300
2019-08-07 16:20,8418
2019-08-07 16:25,8507
2019-08-07 16:30,8669
2019-08-07 16:35,8729
2019-08-07 16:40,8845
2019-08-07 16:45,8951
2019-08-07 16:50,9063
2019-08-07 16:55,9137
2019-08-07 17:00,9233
2019-08-07 17:05,9338
2019-08-07 17:10,9399
2019-08-07 17:15,9409
2019-08-07 17:20,9501
2019-08-07 17:25,9606
2019-08-07 17:30,9714
2019-08-07 17:35,9806
2019-08-07 17:40,9809
2019-08-07 17:45,9871
2019-08-07 17:50,9881
2019-08-07 17:55,10005
2019-08-07 18:00,10023
2019-08-07 18:05,10095
2019-08-07 18:10,10148
2019-08-07 18:15,10244
2019-08-07 18:20,10342
2019-08-07 18:25,10423
2019-08-07 18:30,10519
2019-08-07 18:35,10615
2019-08-07 18:40,10601
2019-08-07 18:45,10609
2019-08-07 18:50,10645
2019-08-07 18:55,10686
2019-08-07 19:00,10647
2019-08-07 19:05,10670
2019-08-07 19:10,10648
2019-08-07 19:15,10718
2019-08-07 19:20,10750
2019-08-07 19:25,10758
2019-08-07 19:30,10780
2019-08-07 19:35,10814
2019-08-07 19:40,10829
2019-08-07 19:45,10834
2019-08-07 19:50,10868
2019-08-07 19:55,10883
2019-08-07 20:00,10863
2019-08-07 20:05,10829
2019-08-07 20:10,10794
2019-08-07 20:15,10745
2019-08-07 20:20,10741
2019-08-07 20:25,10665
2019-08-07 20:30,10685
2019-08-07 20:35,10777
2019-08-07 20:40,10911
2019-08-07 20:45,10891
2019-08-07 20:50,10954
2019-08-07 20:55,10974
2019-08-07 21:00,10934
2019-08-07 21:05,10972
2019-08-07 21:10,10917
2019-08-07 21:15,0
2019-08-07 21:20,10770
2019-08-07 21:25,10678
2019-08-07 21:30,10588
2019-08-07 21:35,10538
2019-08-07 21:40,10488
2019-08-07 21:45,10417
2019-08-07 21:50,10353
2019-08-07 21:55,10301
2019-08-07 22:00,10295
2019-08-07 22:05,10263
2019-08-07 22:10,10178
2019-08-07 22:15,10145
2019-08-07 22:20,10143
2019-08-07 22:25,10101
2019-08-07 22:30,10022
2019-08-07 22:35,10007
2019-08-07 22:40,10005
2019-08-07 22:45,9966
2019-08-07 22:50,9938
2019-08-07 22:55,9898
2019-08-07 23:00,9844
2019-08-07 23:05,9791
2019-08-07 23:10,9750
2019-08-07 23:15,9758
2019-08-07 23:20,9742
2019-08-07 23:25,9815
2019-08-07 23:30,9796
2019-08-07 23:35,9780
2019-08-07 23:40,9770
2019-08-07 23:45,9818
2019-08-07 23:50,9817
2019-08-07 23:55,9801
2019-08-08 00:00,9753
2019-08-08 00:05,9686
2019-08-08 00:10,0
2019-08-08 00:15,9672
2019-08-08 00:20,9679
2019-08-08 00:25,9720
2019-08-08 00:30,9701
2019-08-08 00:35,9720
2019-08-08 00:40,9679
2019-08-08 00:45,9690
2019-08-08 00:50,9682
2019-08-08 00:55,9715
2019-08-08 01:00,9725
2019-08-08 01:05,9740
2019-08-08 01:10,9751
2019-08-08 01:15,9771
2019-08-08 01:20,9735
2019-08-08 01:25,9705
2019-08-08 01:30,9711
2019-08-08 01:35,9634
2019-08-08 01:40,9604
2019-08-08 01:45,9578
2019-08-08 01:50,9641
2019-08-08 01:55,9610
2019-08-08 02:00,9535
2019-08-08 02:05,9528
2019-08-08 02:10,9524
2019-08-08 02:15,9501
2019-08-08 02:20,9474
2019-08-08 02:25,9433
2019-08-08 02:30,9338
2019-08-08 02:35,9321
2019-08-08 02:40,9312
2019-08-08 02:45,9296
2019-08-08 02:50,9232
2019-08-08 02:55,9222
2019-08-08 03:00,9158
2019-08-08 03:05,9079
2019-08-08 03:10,9034
2019-08-08 03:15,8951
2019-08-08 03:20,8863
2019-08-08 03:25,8848
2019-08-08 03:30,8771
2019-08-08 03:35,8698
2019-08-08 03:40,8652
2019-08-08 03:45,8557
2019-08-08 03:50,8493
2019-08-08 03:55,8374
2019-08-08 04:00,8216
2019-08-08 04:05,8062
2019-08-08 04:10,7972
2019-08-08 04:15,7886
2019-08-08 04:20,7811
2019-08-08 04:25,7701
2019-08-08 04:30,7614
2019-08-08 04:35,7452
2019-08-08 04:40,7308
2019-08-08 04:45,7208
2019-08-08 04:50,7135
2019-08-08 04:55,7046
2019-08-08 05:00,6983
2019-08-08 05:05,6907
2019-08-08 05:10,6793
2019-08-08 05:15,6700
2019-08-08 05:20,6563
2019-08-08 05:25,6477
2019-08-08 05:30,6376
2019-08-08 05:35,6268
2019-08-08 05:40,6123
2019-08-08 05:45,6065
2019-08-08 05:50,5991
2019-08-08 05:55,5806
2019-08-08 06:00,5722
2019-08-08 06:05,5598
2019-08-08 06:10,5560
2019-08-08 06:15,5481
2019-08-08 06:20,5364
2019-08-08 06:25,5284
2019-08-08 06:30,5230
2019-08-08 06:35,5180
2019-08-08 06:40,5106
2019-08-08 06:45,5073
2019-08-08 06:50,4965
2019-08-08 06:55,4883
2019-08-08 07:00,4751
2019-08-08 07:05,4688
2019-08-08 07:10,4639
2019-08-08 07:15,4580
2019-08-08 07:20,4519
2019-08-08 07:25,4475
2019-08-08 07:30,4399
2019-08-08 07:35,4369
2019-08-08 07:40,4365
2019-08-08 07:45,4318
2019-08-08 07:50,4266
2019-08-08 07:55,4231
2019-08-08 08:00,4240
2019-08-08 08:05,4256
2019-08-08 08:10,4192
2019-08-08 08:15,4159
2019-08-08 08:20,4158
2019-08-08 08:25,4166
2019-08-08 08:30,4138
2019-08-08 08:35,4141
2019-08-08 08:40,4149
2019-08-08 08:45,4194
2019-08-08 08:50,4201
2019-08-08 08:55,4178
2019-08-08 09:00,4193
2019-08-08 09:05,4246
2019-08-08 09:10,4269
2019-08-08 09:15,4300
2019-08-08 09:20,4308
2019-08-08 09:25,4310
2019-08-08 09:30,4364
2019-08-08 09:35,4381
2019-08-08 09:40,4393
2019-08-08 09:45,4383
2019-08-08 09:50,4427
2019-08-08 09:55,4418
2019-08-08 10:00,4438
2019-08-08 10:05,4443
2019-08-08 10:10,4463
2019-08-08 10:15,4491
2019-08-08 10:20,4493
2019-08-08 10:25,4538
2019-08-08 10:30,4543
2019-08-08 10:35,4546
2019-08-08 10:40,4578
2019-08-08 10:45,4637
2019-08-08 10:50,4660
2019-08-08 10:55,4692
2019-08-08 11:00,4711
2019-08-08 11:05,4771
2019-08-08 11:10,4830
2019-08-08 11:15,4877
2019-08-08 11:20,4951
2019-08-08 11:25,4999
2019-08-08 11:30,5020
2019-08-08 11:35,5046
2019-08-08 11:40,5103
2019-08-08 11:45,5176
2019-08-08 11:50,5252
2019-08-08 11:55,5302
2019-08-08 12:00,5361
2019-08-08 12:05,5400
2019-08-08 12:10,5475
2019-08-08 12:15,5492
2019-08-08 12:20,5545
2019-08-08 12:25,5618
2019-08-08 12:30,5623
2019-08-08 12:35,5675
2019-08-08 12:40,5675
2019-08-08 12:45,5746
2019-08-08 12:50,5819
2019-08-08 12:55,5854
2019-08-08 13:00,5928
2019-08-08 13:05,5992
2019-08-08 13:10,6037
2019-08-08 13:15,6131
2019-08-08 13:20,6156
2019-08-08 13:25,6199
2019-08-08 13:30,6248
2019-08-08 13:35,6274
2019-08-08 13:40,6355
2019-08-08 13:45,6426
2019-08-08 13:50,6505
2019-08-08 13:55,6546
2019-08-08 14:00,6545
2019-08-08 14:05,6590
2019-08-08 14:10,6688
2019-08-08 14:15,6830
2019-08-08 14:20,6850
2019-08-08 14:25,6878
2019-08-08 14:30,6894
2019-08-08 14:35,6988
2019-08-08 14:40,7044
2019-08-08 14:45,7152
2019-08-08 14:50,7239
2019-08-08 14:55,7291
2019-08-08 15:00,7410
2019-08-08 15:05,7443
2019-08-08 15:10,7506
2019-08-08 15:15,7592
2019-08-08 15:20,7658
2019-08-08 15:25,7727
2019-08-08 15:30,7796
2019-08-08 15:35,7899
2019-08-08 15:40,7950
2019-08-08 15:45,8011
2019-08-08 15:50,8071
2019-08-08 15:55,8131
2019-08-08 16:00,8228
2019-08-08 16:05,8211
2019-08-08 16:10,8223
2019-08-08 16:15,8228
2019-08-08 16:20,8292
2019-08-08 16:25,8346
2019-08-08 16:30,8448
2019-08-08 16:35,8561
2019-08-08 16:40,8631
2019-08-08 16:45,8707
2019-08-08 16:50,8682
2019-08-08 16:55,8739
2019-08-08 17:00,8797
2019-08-08 17:05,8824
2019-08-08 17:10,8902
2019-08-08 17:15,8900
2019-08-08 17:20,8987
2019-08-08 17:25,9030
2019-08-08 17:30,9079
2019-08-08 17:35,9212
2019-08-08 17:40,9348
2019-08-08 17:45,9396
2019-08-08 17:50,9500
2019-08-08 17:55,9610
2019-08-08 18:00,9618
2019-08-08 18:05,9705
2019-08-08 18:10,9719
2019-08-08 18:15,9829
2019-08-08 18:20,9895
2019-08-08 18:25,10030
2019-08-08 18:30,10137
2019-08-08 18:35,10193
2019-08-08 18:40,10244
2019-08-08 18:45,10259
2019-08-08 18:50,10332
2019-08-08 18:55,10357
2019-08-08 19:00,10420
2019-08-08 19:05,10463
2019-08-08 19:10,10506
2019-08-08 19:15,10612
2019-08-08 19:20,10609
2019-08-08 19:25,10666
2019-08-08 19:30,10741
2019-08-08 19:35,10850
2019-08-08 19:40,10886
2019-08-08 19:45,10916
2019-08-08 19:50,10926
2019-08-08 19:55,10981
2019-08-08 20:00,10980
2019-08-08 20:05,11006
2019-08-08 20:10,10999
2019-08-08 20:15,10980
2019-08-08 20:20,10986
2019-08-08 20:25,10955
2019-08-08 20:30,10908
2019-08-08 20:35,10831
2019-08-08 20:40,10844
2019-08-08 20:45,10869
2019-08-08 20:50,10834
2019-08-08 20:55,10818
2019-08-08 21:00,10769
2019-08-08 21:05,10712
2019-08-08 21:10,10720
2019-08-08 21:15,10667
2019-08-08 21:20,10644
2019-08-08 21:25,10649
2019-08-08 21:30,10563
2019-08-08 21:35,10498
2019-08-08 21:40,10560
2019-08-08 21:45,10531
2019-08-08 21:50,10451
2019-08-08 21:55,10474
2019-08-08 22:00,10439
2019-08-08 22:05,10318
2019-08-08 22:10,10286
2019-08-08 22:15,10237
2019-08-08 22:20,10249
2019-08-08 22:25,10185
2019-08-08 22:30,10027
2019-08-08 22:35,9992
2019-08-08 22:40,9946
2019-08-08 22:45,9854
2019-08-08 22:50,9826
2019-08-08 22:55,9725
2019-08-08 23:00,9767
2019-08-08 23:05,9738
2019-08-08 23:10,9668
2019-08-08 23:15,9601
2019-08-08 23:20,9553
2019-08-08 23:25,9532
2019-08-08 23:30,9495
2019-08-08 23:35,9423
2019-08-08 23:40,9381
2019-08-08 23:45,9411
2019-08-08 23:50,9430
2019-08-08 23:55,9428
2019-08-09 00:00,9427
2019-08-09 00:05,9383
2019-08-09 00:10,9394
2019-08-09 00:15,9360
2019-08-09 00:20,9366
2019-08-09 00:25,9318
2019-08-09 00:30,9321
2019-08-09 00:35,9321
2019-08-09 00:40,9344
2019-08-09 00:45,9323
2019-08-09 00:50,9277
2019-08-09 00:55,9257
2019-08-09 01:00,9266
2019-08-09 01:05,9242
2019-08-09 01:10,9229
2019-08-09 01:15,9251
2019-08-09 01:20,9270
2019-08-09 01:25,9288
2019-08-09 01:30,9308
2019-08-09 01:35,9244
2019-08-09 01:40,9304
2019-08-09 01:45,9313
2019-08-09 01:50,9342
2019-08-09 01:55,9329
2019-08-09 02:00,9324
2019-08-09 02:05,9358
2019-08-09 02:10,9389
2019-08-09 02:15,9412
2019-08-09 02:20,9411
2019-08-09 02:25,9393
2019-08-09 02:30,9287
2019-08-09 02:35,9256
2019-08-09 02:40,9256
2019-08-09 02:45,9241
2019-08-09 02:50,9179
2019-08-09 02:55,9191
2019-08-09 03:00,9183
2019-08-09 03:05,9114
2019-08-09 03:10,9074
2019-08-09 03:15,9002
2019-08-09 03:20,8865
2019-08-09 03:25,8812
2019-08-09 03:30,8667
2019-08-09 03:35,8548
2019-08-09 03:40,8508
2019-08-09 03:45,8464
2019-08-09 03:50,8390
2019-08-09 03:55,8328
2019-08-09 04:00,8208
2019-08-09 04:05,8117
2019-08-09 04:10,8014
2019-08-09 04:15,7910
2019-08-09 04:20,7876
2019-08-09 04:25,7845
2019-08-09 04:30,7717
2019-08-09 04:35,7671
2019-08-09 04:40,7576
2019-08-09 04:45,7472
2019-08-09 04:50,7374
2019-08-09 04:55,7233
2019-08-09 05:00,7110
2019-08-09 05:05,6963
2019-08-09 05:10,6860
2019-08-09 05:15,6679
2019-08-09 05:20,6586
2019-08-09 05:25,6486
2019-08-09 05:30,6365
2019-08-09 05:35,6307
2019-08-09 05:40,6254
2019-08-09 05:45,6187
2019-08-09 05:50,6031
2019-08-09 05:55,5906
2019-08-09 06:00,5830
2019-08-09 06:05,5749
2019-08-09 06:10,5640
2019-08-09 06:15,5568
2019-08-09 06:20,5501
2019-08-09 06:25,5440
2019-08-09 06:30,5346
2019-08-09 06:35,5240
2019-08-09 06:40,5218
2019-08-09 06:45,5145
2019-08-09 06:50,5103
2019-08-09 06:55,5014
2019-08-09 07:00,4953
2019-08-09 07:05,4857
2019-08-09 07:10,4796
2019-08-09 07:15,4686
2019-08-09 07:20,4630
2019-08-09 07:25,4559
2019-08-09 07:30,4532
2019-08-09 07:35,4528
2019-08-09 07:40,4508
2019-08-09 07:45,4458
2019-08-09 07:50,4463
2019-08-09 07:55,4429
2019-08-09 08:00,4385
2019-08-09 08:05,4357
2019-08-09 08:10,4326
2019-08-09 08:15,4283
2019-08-09 08:20,4284
2019-08-09 08:25,4260
2019-08-09 08:30,4275
2019-08-09 08:35,4196
2019-08-09 08:40,4181
2019-08-09 08:45,4188
2019-08-09 08:50,4201
2019-08-09 08:55,4191
2019-08-09 09:00,4185
2019-08-09 09:05,4233
2019-08-09 09:10,4229
2019-08-09 09:15,4269
2019-08-09 09:20,4254
2019-08-09 09:25,4255
2019-08-09 09:30,4323
2019-08-09 09:35,4332
2019-08-09 09:40,4371
2019-08-09 09:45,4362
2019-08-09 09:50,4421
2019-08-09 09:55,4421
2019-08-09 10:00,4406
2019-08-09 10:05,4428
2019-08-09 10:10,4475
2019-08-09 10:15,4461
2019-08-09 10:20,4513
2019-08-09 10:25,4559
2019-08-09 10:30,4579
2019-08-09 10:35,4568
2019-08-09 10:40,4642
2019-08-09 10:45,4712
2019-08-09 10:50,4762
2019-08-09 10:55,4795
2019-08-09 11:00,4817
2019-08-09 11:05,4883
2019-08-09 11:10,4855
2019-08-09 11:15,3811
2019-08-09 11:20,2867
2019-08-09 11:25,2263
2019-08-09 11:30,2271
2019-08-09 11:35,2571
2019-08-09 11:40,2887
2019-08-09 11:45,3183
2019-08-09 11:50,3482
2019-08-09 11:55,3717
2019-08-09 12:00,3914
2019-08-09 12:05,4152
2019-08-09 12:10,4359
2019-08-09 12:15,4532
2019-08-09 12:20,4713
2019-08-09 12:25,4887
2019-08-09 12:30,5057
2019-08-09 12:35,5181
2019-08-09 12:40,5374
2019-08-09 12:45,5526
2019-08-09 12:50,5660
2019-08-09 12:55,5744
2019-08-09 13:00,5869
2019-08-09 13:05,5968
2019-08-09 13:10,6034
2019-08-09 13:15,6164
2019-08-09 13:20,6227
2019-08-09 13:25,6365
2019-08-09 13:30,6502
2019-08-09 13:35,6598
2019-08-09 13:40,6629
2019-08-09 13:45,6679
2019-08-09 13:50,6769
2019-08-09 13:55,6864
2019-08-09 14:00,6906
2019-08-09 14:05,6947
2019-08-09 14:10,7070
2019-08-09 14:15,7130
2019-08-09 14:20,7253
2019-08-09 14:25,7323
2019-08-09 14:30,7401
2019-08-09 14:35,7436
2019-08-09 14:40,7504
2019-08-09 14:45,7589
2019-08-09 14:50,7630
2019-08-09 14:55,7684
2019-08-09 15:00,7763
2019-08-09 15:05,7822
2019-08-09 15:10,7807
2019-08-09 15:15,7934
2019-08-09 15:20,8020
2019-08-09 15:25,8055
2019-08-09 15:30,8127
2019-08-09 15:35,8161
2019-08-09 15:40,8173
2019-08-09 15:45,8221
2019-08-09 15:50,8267
2019-08-09 15:55,8356
2019-08-09 16:00,8403
2019-08-09 16:05,8437
2019-08-09 16:10,8481
2019-08-09 16:15,8607
2019-08-09 16:20,8686
2019-08-09 16:25,8732
2019-08-09 16:30,8749
2019-08-09 16:35,8795
2019-08-09 16:40,8883
2019-08-09 16:45,8895
2019-08-09 16:50,8945
2019-08-09 16:55,9020
2019-08-09 17:00,9080
2019-08-09 17:05,9111
2019-08-09 17:10,9175
2019-08-09 17:15,9201
2019-08-09 17:20,9216
2019-08-09 17:25,9312
2019-08-09 17:30,9409
2019-08-09 17:35,9516
2019-08-09 17:40,9572
2019-08-09 17:45,9634
2019-08-09 17:50,9710
2019-08-09 17:55,9789
2019-08-09 18:00,9776
2019-08-09 18:05,9791
2019-08-09 18:10,9843
2019-08-09 18:15,9883
2019-08-09 18:20,10023
2019-08-09 18:25,10160
2019-08-09 18:30,10185
2019-08-09 18:35,10264
2019-08-09 18:40,10288
2019-08-09 18:45,10309
2019-08-09 18:50,10354
2019-08-09 18:55,10352
2019-08-09 19:00,10376
2019-08-09 19:05,10327
2019-08-09 19:10,10344
2019-08-09 19:15,10374
2019-08-09 19:20,10514
2019-08-09 19:25,10590
2019-08-09 19:30,10655
2019-08-09 19:35,10709
2019-08-09 19:40,10811
2019-08-09 19:45,10849
2019-08-09 19:50,10919
2019-08-09 19:55,10980
2019-08-09 20:00,11030
2019-08-09 20:05,10955
2019-08-09 20:10,11048
2019-08-09 20:15,11095
2019-08-09 20:20,11129
2019-08-09 20:25,11168
2019-08-09 20:30,11170
2019-08-09 20:35,11214
2019-08-09 20:40,11229
2019-08-09 20:45,11197
2019-08-09 20:50,11235
2019-08-09 20:55,11249
2019-08-09 21:00,11230
2019-08-09 21:05,11299
2019-08-09 21:10,11220
2019-08-09 21:15,11211
2019-08-09 21:20,11222
2019-08-09 21:25,11177
2019-08-09 21:30,11107
2019-08-09 21:35,11122
2019-08-09 21:40,11101
2019-08-09 21:45,11079
2019-08-09 21:50,11055
2019-08-09 21:55,11024
2019-08-09 22:00,10975
2019-08-09 22:05,10893
2019-08-09 22:10,10825
2019-08-09 22:15,10794
2019-08-09 22:20,10766
2019-08-09 22:25,10664
2019-08-09 22:30,10663
2019-08-09 22:35,10567
2019-08-09 22:40,10538
2019-08-09 22:45,10498
2019-08-09 22:50,10419
2019-08-09 22:55,10359
2019-08-09 23:00,10327
2019-08-09 23:05,10244
2019-08-09 23:10,10269
2019-08-09 23:15,10212
2019-08-09 23:20,10175
2019-08-09 23:25,10113
2019-08-09 23:30,10102
2019-08-09 23:35,10028
2019-08-09 23:40,9999
2019-08-09 23:45,9960
2019-08-09 23:50,9940
2019-08-09 23:55,9873
2019-08-10 00:00,9835
2019-08-10 00:05,9822
2019-08-10 00:10,9768
2019-08-10 00:15,9714
2019-08-10 00:20,9719
2019-08-10 00:25,9700
2019-08-10 00:30,9679
2019-08-10 00:35,9648
2019-08-10 00:40,9666
2019-08-10 00:45,9659
2019-08-10 00:50,9579
2019-08-10 00:55,9540
2019-08-10 01:00,9549
2019-08-10 01:05,9575
2019-08-10 01:10,9656
2019-08-10 01:15,9665
2019-08-10 01:20,9632
2019-08-10 01:25,9662
2019-08-10 01:30,9652
2019-08-10 01:35,9663
2019-08-10 01:40,9610
2019-08-10 01:45,9709
2019-08-10 01:50,9785
2019-08-10 01:55,9789
2019-08-10 02:00,9834
2019-08-10 02:05,9794
2019-08-10 02:10,9784
2019-08-10 02:15,9853
2019-08-10 02:20,9917
2019-08-10 02:25,9894
2019-08-10 02:30,9926
2019-08-10 02:35,9972
2019-08-10 02:40,9993
2019-08-10 02:45,9982
2019-08-10 02:50,9967
2019-08-10 02:55,9921
2019-08-10 03:00,9948
2019-08-10 03:05,9856
2019-08-10 03:10,9820
2019-08-10 03:15,9713
2019-08-10 03:20,9672
2019-08-10 03:25,9638
2019-08-10 03:30,9571
2019-08-10 03:35,9513
2019-08-10 03:40,9469
2019-08-10 03:45,9435
2019-08-10 03:50,9427
2019-08-10 03:55,9320
2019-08-10 04:00,9269
2019-08-10 04:05,9163
2019-08-10 04:10,9167
2019-08-10 04:15,9130
2019-08-10 04:20,9072
2019-08-10 04:25,9012
2019-08-10 04:30,8907
2019-08-10 04:35,8837
2019-08-10 04:40,8811
2019-08-10 04:45,8699
2019-08-10 04:50,8590
2019-08-10 04:55,8564
2019-08-10 05:00,8432
2019-08-10 05:05,8372
2019-08-10 05:10,8321
2019-08-10 05:15,8212
2019-08-10 05:20,8152
2019-08-10 05:25,8059
2019-08-10 05:30,7962
2019-08-10 05:35,7857
2019-08-10 05:40,7760
2019-08-10 05:45,7665
2019-08-10 05:50,7554
2019-08-10 05:55,7488
2019-08-10 06:00,7366
2019-08-10 06:05,7228
2019-08-10 06:10,7080
2019-08-10 06:15,6992
2019-08-10 06:20,6885
2019-08-10 06:25,6738
2019-08-10 06:30,6638
2019-08-10 06:35,6525
2019-08-10 06:40,6417
2019-08-10 06:45,6302
2019-08-10 06:50,6193
2019-08-10 06:55,6095
2019-08-10 07:00,5981
2019-08-10 07:05,5862
2019-08-10 07:10,5756
2019-08-10 07:15,5686
2019-08-10 07:20,5649
2019-08-10 07:25,5617
2019-08-10 07:30,5565
2019-08-10 07:35,5507
2019-08-10 07:40,5409
2019-08-10 07:45,5393
2019-08-10 07:50,5324
2019-08-10 07:55,5282
2019-08-10 08:00,5217
2019-08-10 08:05,5148
2019-08-10 08:10,5111
2019-08-10 08:15,5076
2019-08-10 08:20,5048
2019-08-10 08:25,5045
2019-08-10 08:30,5085
2019-08-10 08:35,5040
2019-08-10 08:40,5019
2019-08-10 08:45,4978
2019-08-10 08:50,4997
2019-08-10 08:55,4979
2019-08-10 09:00,5037
2019-08-10 09:05,5074
2019-08-10 09:10,5158
2019-08-10 09:15,5142
2019-08-10 09:20,5136
2019-08-10 09:25,5145
2019-08-10 09:30,5186
2019-08-10 09:35,5203
2019-08-10 09:40,5211
2019-08-10 09:45,5266
2019-08-10 09:50,5270
2019-08-10 09:55,5288
2019-08-10 10:00,5316
2019-08-10 10:05,5385
2019-08-10 10:10,5429
2019-08-10 10:15,5485
2019-08-10 10:20,5517
2019-08-10 10:25,5569
2019-08-10 10:30,5562
2019-08-10 10:35,5575
2019-08-10 10:40,5602
2019-08-10 10:45,5665
2019-08-10 10:50,5652
2019-08-10 10:55,5660
2019-08-10 11:00,5671
2019-08-10 11:05,5701
2019-08-10 11:10,5741
2019-08-10 11:15,5798
2019-08-10 11:20,5866
2019-08-10 11:25,5914
2019-08-10 11:30,5918
2019-08-10 11:35,5913
2019-08-10 11:40,5967
2019-08-10 11:45,6066
2019-08-10 11:50,6105
2019-08-10 11:55,6134
2019-08-10 12:00,6191
2019-08-10 12:05,6267
2019-08-10 12:10,6348
2019-08-10 12:15,6407
2019-08-10 12:20,6483
2019-08-10 12:25,6566
2019-08-10 12:30,6627
2019-08-10 12:35,6705
2019-08-10 12:40,6758
2019-08-10 12:45,6783
2019-08-10 12:50,6822
2019-08-10 12:55,6938
2019-08-10 13:00,6953
2019-08-10 13:05,6985
2019-08-10 13:10,7074
2019-08-10 13:15,7156
2019-08-10 13:20,7250
2019-08-10 13:25,7373
2019-08-10 13:30,7462
2019-08-10 13:35,7570
2019-08-10 13:40,7664
2019-08-10 13:45,7705
2019-08-10 13:50,7754
2019-08-10 13:55,7813
2019-08-10 14:00,7910
2019-08-10 14:05,7970
2019-08-10 14:10,8078
2019-08-10 14:15,8170
2019-08-10 14:20,8285
2019-08-10 14:25,8337
2019-08-10 14:30,8371
2019-08-10 14:35,8439
2019-08-10 14:40,8490
2019-08-10 14:45,8571
2019-08-10 14:50,8692
2019-08-10 14:55,8767
2019-08-10 15:00,8813
2019-08-10 15:05,8881
2019-08-10 15:10,8964
2019-08-10 15:15,9008
2019-08-10 15:20,9086
2019-08-10 15:25,9093
2019-08-10 15:30,9192
2019-08-10 15:35,9237
2019-08-10 15:40,9247
2019-08-10 15:45,9324
2019-08-10 15:50,9281
2019-08-10 15:55,9358
2019-08-10 16:00,9448
2019-08-10 16:05,9465
2019-08-10 16:10,9555
2019-08-10 16:15,9617
2019-08-10 16:20,9686
2019-08-10 16:25,9721
2019-08-10 16:30,9744
2019-08-10 16:35,9846
2019-08-10 16:40,9895
2019-08-10 16:45,9937
2019-08-10 16:50,9931
2019-08-10 16:55,9985
2019-08-10 17:00,10055
2019-08-10 17:05,10093
2019-08-10 17:10,10227
2019-08-10 17:15,10325
2019-08-10 17:20,10412
2019-08-10 17:25,10438
2019-08-10 17:30,10474
2019-08-10 17:35,10489
2019-08-10 17:40,10557
2019-08-10 17:45,10623
2019-08-10 17:50,10716
2019-08-10 17:55,10759
2019-08-10 18:00,10795
2019-08-10 18:05,10906
2019-08-10 18:10,11045
2019-08-10 18:15,11115
2019-08-10 18:20,11159
2019-08-10 18:25,11272
2019-08-10 18:30,11295
2019-08-10 18:35,11342
2019-08-10 18:40,11439
2019-08-10 18:45,11503
2019-08-10 18:50,11583
2019-08-10 18:55,11677
2019-08-10 19:00,11747
2019-08-10 19:05,11787
2019-08-10 19:10,11854
2019-08-10 19:15,11931
2019-08-10 19:20,11951
2019-08-10 19:25,11912
2019-08-10 19:30,11959
2019-08-10 19:35,12019
2019-08-10 19:40,12112
2019-08-10 19:45,12144
2019-08-10 19:50,12130
2019-08-10 19:55,12164
2019-08-10 20:00,12185
2019-08-10 20:05,12143
2019-08-10 20:10,12166
2019-08-10 20:15,12251
2019-08-10 20:20,12268
2019-08-10 20:25,12322
2019-08-10 20:30,12346
2019-08-10 20:35,12321
2019-08-10 20:40,12407
2019-08-10 20:45,12409
2019-08-10 20:50,12373
2019-08-10 20:55,12412
2019-08-10 21:00,12371
2019-08-10 21:05,12359
2019-08-10 21:10,12275
2019-08-10 21:15,12281
2019-08-10 21:20,12244
2019-08-10 21:25,12163
2019-08-10 21:30,12104
2019-08-10 21:35,12030
2019-08-10 21:40,12000
2019-08-10 21:45,11964
2019-08-10 21:50,11856
2019-08-10 21:55,11785
2019-08-10 22:00,11739
2019-08-10 22:05,11626
2019-08-10 22:10,11500
2019-08-10 22:15,11492
2019-08-10 22:20,11458
2019-08-10 22:25,11380
2019-08-10 22:30,11248
2019-08-10 22:35,11200
2019-08-10 22:40,11154
2019-08-10 22:45,11059
2019-08-10 22:50,11017
2019-08-10 22:55,10949
2019-08-10 23:00,10887
2019-08-10 23:05,10815
2019-08-10 23:10,10747
2019-08-10 23:15,10615
2019-08-10 23:20,10583
2019-08-10 23:25,10499
2019-08-10 23:30,10416
2019-08-10 23:35,10334
2019-08-10 23:40,10270
2019-08-10 23:45,10263
2019-08-10 23:50,10222
2019-08-10 23:55,10183
2019-08-11 00:00,10103
2019-08-11 00:05,10042
2019-08-11 00:10,9965
2019-08-11 00:15,9886
2019-08-11 00:20,9841
2019-08-11 00:25,9786
2019-08-11 00:30,9823
2019-08-11 00:35,9827
2019-08-11 00:40,9782
2019-08-11 00:45,9775
2019-08-11 00:50,9815
2019-08-11 00:55,9779
2019-08-11 01:00,9771
2019-08-11 01:05,9765
2019-08-11 01:10,9727
2019-08-11 01:15,9706
2019-08-11 01:20,9657
2019-08-11 01:25,9640
2019-08-11 01:30,9599
2019-08-11 01:35,9611
2019-08-11 01:40,9667
2019-08-11 01:45,9689
2019-08-11 01:50,9689
2019-08-11 01:55,9635
2019-08-11 02:00,9679
2019-08-11 02:05,9690
2019-08-11 02:10,9700
2019-08-11 02:15,9699
2019-08-11 02:20,9708
2019-08-11 02:25,9713
2019-08-11 02:30,9695
2019-08-11 02:35,9674
2019-08-11 02:40,9711
2019-08-11 02:45,9727
2019-08-11 02:50,9711
2019-08-11 02:55,9708
2019-08-11 03:00,9674
2019-08-11 03:05,9669
2019-08-11 03:10,9661
2019-08-11 03:15,9619
2019-08-11 03:20,9589
2019-08-11 03:25,9630
2019-08-11 03:30,9621
2019-08-11 03:35,9611
2019-08-11 03:40,9604
2019-08-11 03:45,9578
2019-08-11 03:50,9614
2019-08-11 03:55,9565
2019-08-11 04:00,9442
2019-08-11 04:05,9373
2019-08-11 04:10,9288
2019-08-11 04:15,9247
2019-08-11 04:20,9169
2019-08-11 04:25,9095
2019-08-11 04:30,9037
2019-08-11 04:35,8952
2019-08-11 04:40,8908
2019-08-11 04:45,8916
2019-08-11 04:50,8848
2019-08-11 04:55,8730
2019-08-11 05:00,8634
2019-08-11 05:05,8523
2019-08-11 05:10,8384
2019-08-11 05:15,8254
2019-08-11 05:20,8173
2019-08-11 05:25,8060
2019-08-11 05:30,7977
2019-08-11 05:35,7900
2019-08-11 05:40,7761
2019-08-11 05:45,7667
2019-08-11 05:50,7597
2019-08-11 05:55,7521
2019-08-11 06:00,7390
2019-08-11 06:05,7234
2019-08-11 06:10,7094
2019-08-11 06:15,6992
2019-08-11 06:20,6874
2019-08-11 06:25,6794
2019-08-11 06:30,6693
2019-08-11 06:35,6598
2019-08-11 06:40,6493
2019-08-11 06:45,6385
2019-08-11 06:50,6311
2019-08-11 06:55,6227
2019-08-11 07:00,6147
2019-08-11 07:05,6034
2019-08-11 07:10,5966
2019-08-11 07:15,5904
2019-08-11 07:20,5863
2019-08-11 07:25,5805
2019-08-11 07:30,5726
2019-08-11 07:35,5731
2019-08-11 07:40,5675
2019-08-11 07:45,5614
2019-08-11 07:50,5595
2019-08-11 07:55,5543
2019-08-11 08:00,5514
2019-08-11 08:05,5492
2019-08-11 08:10,5449
2019-08-11 08:15,5431
2019-08-11 08:20,5397
2019-08-11 08:25,5399
2019-08-11 08:30,5380
2019-08-11 08:35,5349
2019-08-11 08:40,5372
2019-08-11 08:45,5364
2019-08-11 08:50,5366
2019-08-11 08:55,5367
2019-08-11 09:00,5362
2019-08-11 09:05,5404
2019-08-11 09:10,5468
2019-08-11 09:15,5461
2019-08-11 09:20,5508
2019-08-11 09:25,5543
2019-08-11 09:30,5624
2019-08-11 09:35,5655
2019-08-11 09:40,5679
2019-08-11 09:45,5717
2019-08-11 09:50,5720
2019-08-11 09:55,5725
2019-08-11 10:00,5747
2019-08-11 10:05,5789
2019-08-11 10:10,5857
2019-08-11 10:15,5888
2019-08-11 10:20,5930
2019-08-11 10:25,5959
2019-08-11 10:30,5943
2019-08-11 10:35,5975
2019-08-11 10:40,6051
2019-08-11 10:45,6088
2019-08-11 10:50,6091
2019-08-11 10:55,6126
2019-08-11 11:00,6203
2019-08-11 11:05,6244
2019-08-11 11:10,6334
2019-08-11 11:15,6375
2019-08-11 11:20,6430
2019-08-11 11:25,6466
2019-08-11 11:30,6502
2019-08-11 11:35,6549
2019-08-11 11:40,6631
2019-08-11 11:45,6632
2019-08-11 11:50,6711
2019-08-11 11:55,6805
2019-08-11 12:00,6902
2019-08-11 12:05,6895
2019-08-11 12:10,6963
2019-08-11 12:15,7028
2019-08-11 12:20,7097
2019-08-11 12:25,7149
2019-08-11 12:30,7193
2019-08-11 12:35,7257
2019-08-11 12:40,7300
2019-08-11 12:45,7383
2019-08-11 12:50,7438
2019-08-11 12:55,7480
2019-08-11 13:00,7565
2019-08-11 13:05,7643
2019-08-11 13:10,7687
2019-08-11 13:15,7782
2019-08-11 13:20,7880
2019-08-11 13:25,7977
2019-08-11 13:30,8074
2019-08-11 13:35,8133
2019-08-11 13:40,8263
2019-08-11 13:45,8299
2019-08-11 13:50,8416
2019-08-11 13:55,8473
2019-08-11 14:00,8573
2019-08-11 14:05,8653
2019-08-11 14:10,8702
2019-08-11 14:15,8743
2019-08-11 14:20,8775
2019-08-11 14:25,8871
2019-08-11 14:30,8954
2019-08-11 14:35,9034
2019-08-11 14:40,9114
2019-08-11 14:45,9182
2019-08-11 14:50,9276
2019-08-11 14:55,9331
2019-08-11 15:00,9395
2019-08-11 15:05,9390
2019-08-11 15:10,9460
2019-08-11 15:15,9556
2019-08-11 15:20,9622
2019-08-11 15:25,9674
2019-08-11 15:30,9754
2019-08-11 15:35,9749
2019-08-11 15:40,9845
2019-08-11 15:45,9905
2019-08-11 15:50,9943
2019-08-11 15:55,9999
2019-08-11 16:00,10092
2019-08-11 16:05,10127
2019-08-11 16:10,10165
2019-08-11 16:15,10244
2019-08-11 16:20,10283
2019-08-11 16:25,10383
2019-08-11 16:30,10493
2019-08-11 16:35,10542
2019-08-11 16:40,10575
2019-08-11 16:45,10669
2019-08-11 16:50,10756
2019-08-11 16:55,10797
2019-08-11 17:00,10858
2019-08-11 17:05,10864
2019-08-11 17:10,10931
2019-08-11 17:15,11020
2019-08-11 17:20,11070
2019-08-11 17:25,11147
2019-08-11 17:30,11177
2019-08-11 17:35,11259
2019-08-11 17:40,11410
2019-08-11 17:45,11470
2019-08-11 17:50,11535
2019-08-11 17:55,11693
2019-08-11 18:00,11773
2019-08-11 18:05,11826
2019-08-11 18:10,11967
2019-08-11 18:15,12079
2019-08-11 18:20,12182
2019-08-11 18:25,12272
2019-08-11 18:30,12375
2019-08-11 18:35,12480
2019-08-11 18:40,12561
2019-08-11 18:45,12668
2019-08-11 18:50,12657
2019-08-11 18:55,12754
2019-08-11 19:00,12860
2019-08-11 19:05,12900
2019-08-11 19:10,13008
2019-08-11 19:15,13111
2019-08-11 19:20,13190
2019-08-11 19:25,13291
2019-08-11 19:30,13382
2019-08-11 19:35,13389
2019-08-11 19:40,13494
2019-08-11 19:45,13500
2019-08-11 19:50,13447
2019-08-11 19:55,13447
2019-08-11 20:00,13413
2019-08-11 20:05,13485
2019-08-11 20:10,13485
2019-08-11 20:15,13496
2019-08-11 20:20,13456
2019-08-11 20:25,13370
2019-08-11 20:30,13369
2019-08-11 20:35,13352
2019-08-11 20:40,13403
2019-08-11 20:45,13388
2019-08-11 20:50,13323
2019-08-11 20:55,13223
2019-08-11 21:00,13223
2019-08-11 21:05,13162
2019-08-11 21:10,13003
2019-08-11 21:15,12970
2019-08-11 21:20,12917
2019-08-11 21:25,12871
2019-08-11 21:30,12717
2019-08-11 21:35,12651
2019-08-11 21:40,12571
2019-08-11 21:45,12499
2019-08-11 21:50,12441
2019-08-11 21:55,12370
2019-08-11 22:00,12212
2019-08-11 22:05,12111
2019-08-11 22:10,12017
2019-08-11 22:15,11964
2019-08-11 22:20,11879
2019-08-11 22:25,11788
2019-08-11 22:30,11737
2019-08-11 22:35,11642
2019-08-11 22:40,11572
2019-08-11 22:45,11453
2019-08-11 22:50,11488
2019-08-11 22:55,11442
2019-08-11 23:00,11371
2019-08-11 23:05,11349
2019-08-11 23:10,11278
2019-08-11 23:15,11217
2019-08-11 23:20,11177
2019-08-11 23:25,11189
2019-08-11 23:30,11082
2019-08-11 23:35,10989
2019-08-11 23:40,10947
2019-08-11 23:45,10935
2019-08-11 23:50,10854
2019-08-11 23:55,10847
2019-08-12 00:00,10798
2019-08-12 00:05,10764
2019-08-12 00:10,10775
2019-08-12 00:15,10682
2019-08-12 00:20,10706
2019-08-12 00:25,10698
2019-08-12 00:30,10675
2019-08-12 00:35,10586
2019-08-12 00:40,10577
2019-08-12 00:45,10572
2019-08-12 00:50,10393
2019-08-12 00:55,10339
2019-08-12 01:00,10282
2019-08-12 01:05,10221
2019-08-12 01:10,10266
2019-08-12 01:15,10237
2019-08-12 01:20,10149
2019-08-12 01:25,10190
2019-08-12 01:30,10164
2019-08-12 01:35,10148
2019-08-12 01:40,10194
2019-08-12 01:45,10168
2019-08-12 01:50,10195
2019-08-12 01:55,10231
2019-08-12 02:00,10148
2019-08-12 02:05,10121
2019-08-12 02:10,10053
2019-08-12 02:15,10059
2019-08-12 02:20,10052
2019-08-12 02:25,9973
2019-08-12 02:30,9901
2019-08-12 02:35,9851
2019-08-12 02:40,9796
2019-08-12 02:45,9111
2019-08-12 02:50,8575
2019-08-12 02:55,8491
2019-08-12 03:00,8446
2019-08-12 03:05,8518
2019-08-12 03:10,8588
2019-08-12 03:15,8572
2019-08-12 03:20,8567
2019-08-12 03:25,8538
2019-08-12 03:30,8509
2019-08-12 03:35,8506
2019-08-12 03:40,8489
2019-08-12 03:45,8448
2019-08-12 03:50,8444
2019-08-12 03:55,8443
2019-08-12 04:00,8326
2019-08-12 04:05,8252
2019-08-12 04:10,8160
2019-08-12 04:15,8069
2019-08-12 04:20,7966
2019-08-12 04:25,7854
2019-08-12 04:30,7745
2019-08-12 04:35,7615
2019-08-12 04:40,7468
2019-08-12 04:45,7374
2019-08-12 04:50,7261
2019-08-12 04:55,7133
2019-08-12 05:00,7035
2019-08-12 05:05,6944
2019-08-12 05:10,6838
2019-08-12 05:15,6695
2019-08-12 05:20,6575
2019-08-12 05:25,6499
2019-08-12 05:30,6396
2019-08-12 05:35,6274
2019-08-12 05:40,6188
2019-08-12 05:45,6086
2019-08-12 05:50,6008
2019-08-12 05:55,5964
2019-08-12 06:00,5872
2019-08-12 06:05,5796
2019-08-12 06:10,5691
2019-08-12 06:15,5611
2019-08-12 06:20,5553
2019-08-12 06:25,5414
2019-08-12 06:30,5360
2019-08-12 06:35,5287
2019-08-12 06:40,5209
2019-08-12 06:45,5102
2019-08-12 06:50,5012
2019-08-12 06:55,4949
2019-08-12 07:00,4872
2019-08-12 07:05,4807
2019-08-12 07:10,4759
2019-08-12 07:15,4729
2019-08-12 07:20,4689
2019-08-12 07:25,4658
2019-08-12 07:30,4602
2019-08-12 07:35,4515
2019-08-12 07:40,4522
2019-08-12 07:45,4470
2019-08-12 07:50,4410
2019-08-12 07:55,4415
2019-08-12 08:00,4384
2019-08-12 08:05,4363
2019-08-12 08:10,4360
2019-08-12 08:15,4362
2019-08-12 08:20,4375
2019-08-12 08:25,4373
2019-08-12 08:30,4372
2019-08-12 08:35,4374
2019-08-12 08:40,4383
2019-08-12 08:45,4405
2019-08-12 08:50,4379
2019-08-12 08:55,4384
2019-08-12 09:00,4400
2019-08-12 09:05,4471
2019-08-12 09:10,4445
2019-08-12 09:15,4491
2019-08-12 09:20,4536
2019-08-12 09:25,4569
2019-08-12 09:30,4626
2019-08-12 09:35,4652
2019-08-12 09:40,4718
2019-08-12 09:45,4715
2019-08-12 09:50,4766
2019-08-12 09:55,4806
2019-08-12 10:00,4828
2019-08-12 10:05,4876
2019-08-12 10:10,4895
2019-08-12 10:15,4926
2019-08-12 10:20,4937
2019-08-12 10:25,4934
2019-08-12 10:30,4963
2019-08-12 10:35,4995
2019-08-12 10:40,4997
2019-08-12 10:45,5004
2019-08-12 10:50,5052
2019-08-12 10:55,5113
2019-08-12 11:00,5157
2019-08-12 11:05,5220
2019-08-12 11:10,5205
2019-08-12 11:15,5246
2019-08-12 11:20,5300
2019-08-12 11:25,5320
2019-08-12 11:30,5364
2019-08-12 11:35,5364
2019-08-12 11:40,5445
2019-08-12 11:45,5532
2019-08-12 11:50,5542
2019-08-12 11:55,5618
2019-08-12 12:00,5658
2019-08-12 12:05,5659
2019-08-12 12:10,5746
2019-08-12 12:15,5803
2019-08-12 12:20,5842
2019-08-12 12:25,5893
2019-08-12 12:30,5943
2019-08-12 12:35,5949
2019-08-12 12:40,6044
2019-08-12 12:45,6077
2019-08-12 12:50,6158
2019-08-12 12:55,6212
2019-08-12 13:00,6288
2019-08-12 13:05,6310
2019-08-12 13:10,6408
2019-08-12 13:15,6475
2019-08-12 13:20,6509
2019-08-12 13:25,6580
2019-08-12 13:30,6659
2019-08-12 13:35,6760
2019-08-12 13:40,6828
2019-08-12 13:45,6819
2019-08-12 13:50,6870
2019-08-12 13:55,6932
2019-08-12 14:00,7023
2019-08-12 14:05,7050
2019-08-12 14:10,7107
2019-08-12 14:15,7223
2019-08-12 14:20,7273
2019-08-12 14:25,7382
2019-08-12 14:30,7462
2019-08-12 14:35,7511
2019-08-12 14:40,7606
2019-08-12 14:45,7706
2019-08-12 14:50,7757
2019-08-12 14:55,7815
2019-08-12 15:00,7873
2019-08-12 15:05,7938
2019-08-12 15:10,8011
2019-08-12 15:15,8063
2019-08-12 15:20,8152
2019-08-12 15:25,8268
2019-08-12 15:30,8284
2019-08-12 15:35,8298
2019-08-12 15:40,8320
2019-08-12 15:45,8398
2019-08-12 15:50,8506
2019-08-12 15:55,8546
2019-08-12 16:00,8579
2019-08-12 16:05,8625
2019-08-12 16:10,8754
2019-08-12 16:15,8769
2019-08-12 16:20,8858
2019-08-12 16:25,8890
2019-08-12 16:30,8935
2019-08-12 16:35,9071
2019-08-12 16:40,9084
2019-08-12 16:45,9218
2019-08-12 16:50,9265
2019-08-12 16:55,9327
2019-08-12 17:00,9423
2019-08-12 17:05,9461
2019-08-12 17:10,9521
2019-08-12 17:15,9620
2019-08-12 17:20,9725
2019-08-12 17:25,9802
2019-08-12 17:30,9895
2019-08-12 17:35,9986
2019-08-12 17:40,10066
2019-08-12 17:45,10137
2019-08-12 17:50,10245
2019-08-12 17:55,10381
2019-08-12 18:00,10489
2019-08-12 18:05,10615
2019-08-12 18:10,10675
2019-08-12 18:15,10753
2019-08-12 18:20,10851
2019-08-12 18:25,10940
2019-08-12 18:30,11018
2019-08-12 18:35,11065
2019-08-12 18:40,11130
2019-08-12 18:45,11167
2019-08-12 18:50,11184
2019-08-12 18:55,11192
2019-08-12 19:00,11196
2019-08-12 19:05,11345
2019-08-12 19:10,11380
2019-08-12 19:15,11457
2019-08-12 19:20,11526
2019-08-12 19:25,11531
2019-08-12 19:30,11606
2019-08-12 19:35,11688
2019-08-12 19:40,11649
2019-08-12 19:45,11633
2019-08-12 19:50,11609
2019-08-12 19:55,11551
2019-08-12 20:00,11552
2019-08-12 20:05,11483
2019-08-12 20:10,11455
2019-08-12 20:15,11412
2019-08-12 20:20,11379
2019-08-12 20:25,11287
2019-08-12 20:30,11359
2019-08-12 20:35,11338
2019-08-12 20:40,11329
2019-08-12 20:45,11365
2019-08-12 20:50,11367
2019-08-12 20:55,11359
2019-08-12 21:00,11326
2019-08-12 21:05,11202
2019-08-12 21:10,11212
2019-08-12 21:15,11158
2019-08-12 21:20,11176
2019-08-12 21:25,11135
2019-08-12 21:30,11122
2019-08-12 21:35,11080
2019-08-12 21:40,10939
2019-08-12 21:45,10937
2019-08-12 21:50,10873
2019-08-12 21:55,10787
2019-08-12 22:00,10720
2019-08-12 22:05,10663
2019-08-12 22:10,10595
2019-08-12 22:15,10483
2019-08-12 22:20,10382
2019-08-12 22:25,10378
2019-08-12 22:30,10329
2019-08-12 22:35,10257
2019-08-12 22:40,10308
2019-08-12 22:45,10272
2019-08-12 22:50,10209
2019-08-12 22:55,10176
2019-08-12 23:00,10142
2019-08-12 23:05,10169
2019-08-12 23:10,10130
2019-08-12 23:15,10084
2019-08-12 23:20,10076
2019-08-12 23:25,10056
2019-08-12 23:30,9999
2019-08-12 23:35,9955
2019-08-12 23:40,9908
2019-08-12 23:45,9914
2019-08-12 23:50,9852
2019-08-12 23:55,9855
2019-08-13 00:00,9919
2019-08-13 00:05,9927
2019-08-13 00:10,9936
2019-08-13 00:15,9909
2019-08-13 00:20,9862
2019-08-13 00:25,9852
2019-08-13 00:30,9875
2019-08-13 00:35,9923
2019-08-13 00:40,9967
2019-08-13 00:45,9960
2019-08-13 00:50,9923
2019-08-13 00:55,9911
2019-08-13 01:00,9892
2019-08-13 01:05,9901
2019-08-13 01:10,9898
2019-08-13 01:15,9893
2019-08-13 01:20,9952
2019-08-13 01:25,9961
2019-08-13 01:30,9976
2019-08-13 01:35,10011
2019-08-13 01:40,10008
2019-08-13 01:45,10036
2019-08-13 01:50,10031
2019-08-13 01:55,10039
2019-08-13 02:00,9979
2019-08-13 02:05,9914
2019-08-13 02:10,9851
2019-08-13 02:15,9765
2019-08-13 02:20,9704
2019-08-13 02:25,9651
2019-08-13 02:30,9559
2019-08-13 02:35,9541
2019-08-13 02:40,9541
2019-08-13 02:45,9442
2019-08-13 02:50,9364
2019-08-13 02:55,9321
2019-08-13 03:00,9204
2019-08-13 03:05,9099
2019-08-13 03:10,8972
2019-08-13 03:15,8880
2019-08-13 03:20,8847
2019-08-13 03:25,8773
2019-08-13 03:30,8689
2019-08-13 03:35,8658
2019-08-13 03:40,8537
2019-08-13 03:45,8483
2019-08-13 03:50,8388
2019-08-13 03:55,8322
2019-08-13 04:00,8219
2019-08-13 04:05,8191
2019-08-13 04:10,8097
2019-08-13 04:15,7975
2019-08-13 04:20,7878
2019-08-13 04:25,7834
2019-08-13 04:30,7724
2019-08-13 04:35,7625
2019-08-13 04:40,7487
2019-08-13 04:45,7408
2019-08-13 04:50,7323
2019-08-13 04:55,7196
2019-08-13 05:00,7059
2019-08-13 05:05,6987
2019-08-13 05:10,6874
2019-08-13 05:15,6772
2019-08-13 05:20,6630
2019-08-13 05:25,6486
2019-08-13 05:30,6398
2019-08-13 05:35,6274
2019-08-13 05:40,6148
2019-08-13 05:45,6028
2019-08-13 05:50,5904
2019-08-13 05:55,5786
2019-08-13 06:00,5708
2019-08-13 06:05,5613
2019-08-13 06:10,5568
2019-08-13 06:15,5414
2019-08-13 06:20,5330
2019-08-13 06:25,5199
2019-08-13 06:30,5107
2019-08-13 06:35,5067
2019-08-13 06:40,4980
2019-08-13 06:45,4922
2019-08-13 06:50,4874
2019-08-13 06:55,4793
2019-08-13 07:00,4737
2019-08-13 07:05,4653
2019-08-13 07:10,4617
2019-08-13 07:15,4555
2019-08-13 07:20,4521
2019-08-13 07:25,4467
2019-08-13 07:30,4393
2019-08-13 07:35,4325
2019-08-13 07:40,4303
2019-08-13 07:45,4301
2019-08-13 07:50,4274
2019-08-13 07:55,4245
2019-08-13 08:00,4226
2019-08-13 08:05,4191
2019-08-13 08:10,4126
2019-08-13 08:15,4171
2019-08-13 08:20,4175
2019-08-13 08:25,4197
2019-08-13 08:30,4190
2019-08-13 08:35,4171
2019-08-13 08:40,4176
2019-08-13 08:45,4189
2019-08-13 08:50,4222
2019-08-13 08:55,4227
2019-08-13 09:00,4276
2019-08-13 09:05,4274
2019-08-13 09:10,4325
2019-08-13 09:15,4347
2019-08-13 09:20,4356
2019-08-13 09:25,4357
2019-08-13 09:30,4356
2019-08-13 09:35,4390
2019-08-13 09:40,4405
2019-08-13 09:45,4389
2019-08-13 09:50,4438
2019-08-13 09:55,4464
2019-08-13 10:00,4529
2019-08-13 10:05,4583
2019-08-13 10:10,4572
2019-08-13 10:15,4637
2019-08-13 10:20,4696
2019-08-13 10:25,4707
2019-08-13 10:30,4727
2019-08-13 10:35,4738
2019-08-13 10:40,4758
2019-08-13 10:45,4761
2019-08-13 10:50,4856
2019-08-13 10:55,4872
2019-08-13 11:00,4911
2019-08-13 11:05,4981
2019-08-13 11:10,4991
2019-08-13 11:15,5071
2019-08-13 11:20,5132
2019-08-13 11:25,5165
2019-08-13 11:30,5252
2019-08-13 11:35,5287
2019-08-13 11:40,5374
2019-08-13 11:45,5398
2019-08-13 11:50,5451
2019-08-13 11:55,5467
2019-08-13 12:00,5528
2019-08-13 12:05,5540
2019-08-13 12:10,5595
2019-08-13 12:15,5639
2019-08-13 12:20,5758
2019-08-13 12:25,5816
2019-08-13 12:30,5937
2019-08-13 12:35,6017
2019-08-13 12:40,6040
2019-08-13 12:45,6087
2019-08-13 12:50,6086
2019-08-13 12:55,6138
2019-08-13 13:00,6220
2019-08-13 13:05,6245
2019-08-13 13:10,6362
2019-08-13 13:15,6430
2019-08-13 13:20,6531
2019-08-13 13:25,6588
2019-08-13 13:30,6673
2019-08-13 13:35,6733
2019-08-13 13:40,6781
2019-08-13 13:45,6892
2019-08-13 13:50,6954
2019-08-13 13:55,7086
2019-08-13 14:00,7095
2019-08-13 14:05,7162
2019-08-13 14:10,7205
2019-08-13 14:15,7294
2019-08-13 14:20,7346
2019-08-13 14:25,7334
2019-08-13 14:30,7411
2019-08-13 14:35,7467
2019-08-13 14:40,7540
2019-08-13 14:45,7601
2019-08-13 14:50,7677
2019-08-13 14:55,7744
2019-08-13 15:00,7793
2019-08-13 15:05,7794
2019-08-13 15:10,7788
2019-08-13 15:15,7884
2019-08-13 15:20,7910
2019-08-13 15:25,7951
2019-08-13 15:30,8058
2019-08-13 15:35,8137
2019-08-13 15:40,8206
2019-08-13 15:45,8282
2019-08-13 15:50,8342
2019-08-13 15:55,8393
2019-08-13 16:00,8435
2019-08-13 16:05,8486
2019-08-13 16:10,8506
2019-08-13 16:15,8572
2019-08-13 16:20,8705
2019-08-13 16:25,8830
2019-08-13 16:30,8860
2019-08-13 16:35,8955
2019-08-13 16:40,8986
2019-08-13 16:45,9056
2019-08-13 16:50,9100
2019-08-13 16:55,9218
2019-08-13 17:00,9286
2019-08-13 17:05,9420
2019-08-13 17:10,9493
2019-08-13 17:15,9565
2019-08-13 17:20,9693
2019-08-13 17:25,9779
2019-08-13 17:30,9799
2019-08-13 17:35,9924
2019-08-13 17:40,10035
2019-08-13 17:45,10080
2019-08-13 17:50,10193
2019-08-13 17:55,10221
2019-08-13 18:00,10233
2019-08-13 18:05,10340
2019-08-13 18:10,10428
2019-08-13 18:15,10448
2019-08-13 18:20,10585
2019-08-13 18:25,10584
2019-08-13 18:30,10664
2019-08-13 18:35,10761
2019-08-13 18:40,10840
2019-08-13 18:45,10866
2019-08-13 18:50,10941
2019-08-13 18:55,11004
2019-08-13 19:00,11027
2019-08-13 19:05,11091
2019-08-13 19:10,11157
2019-08-13 19:15,11218
2019-08-13 19:20,11290
2019-08-13 19:25,11291
2019-08-13 19:30,11278
2019-08-13 19:35,11280
2019-08-13 19:40,11341
2019-08-13 19:45,11356
2019-08-13 19:50,11402
2019-08-13 19:55,11419
2019-08-13 20:00,11383
2019-08-13 20:05,11387
2019-08-13 20:10,11398
2019-08-13 20:15,11388
2019-08-13 20:20,11499
2019-08-13 20:25,11335
2019-08-13 20:30,11343
2019-08-13 20:35,11284
2019-08-13 20:40,11239
2019-08-13 20:45,11210
2019-08-13 20:50,11140
2019-08-13 20:55,11117
2019-08-13 21:00,11053
2019-08-13 21:05,11001
2019-08-13 21:10,10944
2019-08-13 21:15,10951
2019-08-13 21:20,10938
2019-08-13 21:25,10910
2019-08-13 21:30,10897
2019-08-13 21:35,10754
2019-08-13 21:40,10697
2019-08-13 21:45,10684
2019-08-13 21:50,10700
2019-08-13 21:55,10630
2019-08-13 22:00,10515
2019-08-13 22:05,10443
2019-08-13 22:10,10387
2019-08-13 22:15,10364
2019-08-13 22:20,10360
2019-08-13 22:25,10288
2019-08-13 22:30,10277
2019-08-13 22:35,10232
2019-08-13 22:40,10177
2019-08-13 22:45,10096
2019-08-13 22:50,10034
2019-08-13 22:55,10052
2019-08-13 23:00,9960
2019-08-13 23:05,9879
2019-08-13 23:10,0
2019-08-13 23:15,9402
2019-08-13 23:20,9724
2019-08-13 23:25,9791
2019-08-13 23:30,9749
2019-08-13 23:35,9702
2019-08-13 23:40,9715
2019-08-13 23:45,9711
2019-08-13 23:50,9682
2019-08-13 23:55,9719
2019-08-14 00:00,9695
2019-08-14 00:05,9693
2019-08-14 00:10,9664
2019-08-14 00:15,9643
2019-08-14 00:20,9683
2019-08-14 00:25,9686
2019-08-14 00:30,9687
2019-08-14 00:35,9698
2019-08-14 00:40,9744
2019-08-14 00:45,9716
2019-08-14 00:50,9669
2019-08-14 00:55,9668
2019-08-14 01:00,9686
2019-08-14 01:05,9697
2019-08-14 01:10,9659
2019-08-14 01:15,9680
2019-08-14 01:20,9675
2019-08-14 01:25,9657
2019-08-14 01:30,9714
2019-08-14 01:35,9689
2019-08-14 01:40,9724
2019-08-14 01:45,9726
2019-08-14 01:50,9716
2019-08-14 01:55,9679
2019-08-14 02:00,9641
2019-08-14 02:05,9583
2019-08-14 02:10,9579
2019-08-14 02:15,9564
2019-08-14 02:20,9605
2019-08-14 02:25,9559
2019-08-14 02:30,9548
2019-08-14 02:35,9536
2019-08-14 02:40,9469
2019-08-14 02:45,9427
2019-08-14 02:50,9392
2019-08-14 02:55,9305
2019-08-14 03:00,9202
2019-08-14 03:05,9141
2019-08-14 03:10,9044
2019-08-14 03:15,8949
2019-08-14 03:20,8917
2019-08-14 03:25,8826
2019-08-14 03:30,8756
2019-08-14 03:35,8587
2019-08-14 03:40,8433
2019-08-14 03:45,8426
2019-08-14 03:50,8349
2019-08-14 03:55,8240
2019-08-14 04:00,8138
2019-08-14 04:05,8047
2019-08-14 04:10,7945
2019-08-14 04:15,7822
2019-08-14 04:20,7722
2019-08-14 04:25,7665
2019-08-14 04:30,7558
2019-08-14 04:35,7446
2019-08-14 04:40,7344
2019-08-14 04:45,7258
2019-08-14 04:50,7177
2019-08-14 04:55,7037
2019-08-14 05:00,6952
2019-08-14 05:05,6806
2019-08-14 05:10,6712
2019-08-14 05:15,6571
2019-08-14 05:20,6490
2019-08-14 05:25,6409
2019-08-14 05:30,6238
2019-08-14 05:35,6078
2019-08-14 05:40,5934
2019-08-14 05:45,5855
2019-08-14 05:50,5788
2019-08-14 05:55,5653
2019-08-14 06:00,5565
2019-08-14 06:05,5506
2019-08-14 06:10,5381
2019-08-14 06:15,5288
2019-08-14 06:20,5217
2019-08-14 06:25,5117
2019-08-14 06:30,5000
2019-08-14 06:35,4964
2019-08-14 06:40,4883
2019-08-14 06:45,4851
2019-08-14 06:50,4747
2019-08-14 06:55,4715
2019-08-14 07:00,4640
2019-08-14 07:05,4557
2019-08-14 07:10,4503
2019-08-14 07:15,4459
2019-08-14 07:20,4455
2019-08-14 07:25,4359
2019-08-14 07:30,4291
2019-08-14 07:35,4261
2019-08-14 07:40,4272
2019-08-14 07:45,4284
2019-08-14 07:50,4264
2019-08-14 07:55,4254
2019-08-14 08:00,4264
2019-08-14 08:05,4258
2019-08-14 08:10,4277
2019-08-14 08:15,4281
2019-08-14 08:20,4238
2019-08-14 08:25,4219
2019-08-14 08:30,4208
2019-08-14 08:35,4192
2019-08-14 08:40,4212
2019-08-14 08:45,4201
2019-08-14 08:50,4175
2019-08-14 08:55,4212
2019-08-14 09:00,4239
2019-08-14 09:05,4268
2019-08-14 09:10,4313
2019-08-14 09:15,4241
2019-08-14 09:20,4291
2019-08-14 09:25,4324
2019-08-14 09:30,4387
2019-08-14 09:35,4449
2019-08-14 09:40,4502
2019-08-14 09:45,4537
2019-08-14 09:50,4549
2019-08-14 09:55,4518
2019-08-14 10:00,4571
2019-08-14 10:05,4645
2019-08-14 10:10,4679
2019-08-14 10:15,4725
2019-08-14 10:20,4759
2019-08-14 10:25,
2019-08-14 10:30,4811
2019-08-14 10:35,4827
2019-08-14 10:40,4873
2019-08-14 10:45,4906
2019-08-14 10:50,4939
2019-08-14 10:55,4984
2019-08-14 11:00,5010
2019-08-14 11:05,5023
2019-08-14 11:10,5066
2019-08-14 11:15,5112
2019-08-14 11:20,5084
2019-08-14 11:25,5159
2019-08-14 11:30,5186
2019-08-14 11:35,5248
2019-08-14 11:40,5273
2019-08-14 11:45,5305
2019-08-14 11:50,5361
2019-08-14 11:55,5421
2019-08-14 12:00,5470
2019-08-14 12:05,5467
2019-08-14 12:10,5491
2019-08-14 12:15,5546
2019-08-14 12:20,5630
2019-08-14 12:25,5656
2019-08-14 12:30,5736
2019-08-14 12:35,5765
2019-08-14 12:40,5867
2019-08-14 12:45,5913
2019-08-14 12:50,6008
2019-08-14 12:55,6019
2019-08-14 13:00,6072
2019-08-14 13:05,6105
2019-08-14 13:10,6258
2019-08-14 13:15,6342
2019-08-14 13:20,6403
2019-08-14 13:25,6434
2019-08-14 13:30,6457
2019-08-14 13:35,6513
2019-08-14 13:40,6625
2019-08-14 13:45,6656
2019-08-14 13:50,6713
2019-08-14 13:55,6809
2019-08-14 14:00,6907
2019-08-14 14:05,6993
2019-08-14 14:10,7053
2019-08-14 14:15,7040
2019-08-14 14:20,7112
2019-08-14 14:25,7164
2019-08-14 14:30,7196
2019-08-14 14:35,7249
2019-08-14 14:40,7339
2019-08-14 14:45,7399
2019-08-14 14:50,7468
2019-08-14 14:55,7551
2019-08-14 15:00,7603
2019-08-14 15:05,7667
2019-08-14 15:10,7717
2019-08-14 15:15,7766
2019-08-14 15:20,7846
2019-08-14 15:25,7899
2019-08-14 15:30,7955
2019-08-14 15:35,7970
2019-08-14 15:40,8017
2019-08-14 15:45,8151
2019-08-14 15:50,8175
2019-08-14 15:55,8205
2019-08-14 16:00,8292
2019-08-14 16:05,8343
2019-08-14 16:10,8411
2019-08-14 16:15,8472
2019-08-14 16:20,8519
2019-08-14 16:25,8548
2019-08-14 16:30,8565
2019-08-14 16:35,8629
2019-08-14 16:40,8721
2019-08-14 16:45,8788
2019-08-14 16:50,8917
2019-08-14 16:55,8975
2019-08-14 17:00,8996
2019-08-14 17:05,9031
2019-08-14 17:10,8456
2019-08-14 17:15,7927
2019-08-14 17:20,7424
2019-08-14 17:25,7050
2019-08-14 17:30,6607
2019-08-14 17:35,6264
2019-08-14 17:40,5911
2019-08-14 17:45,5520
2019-08-14 17:50,5174
2019-08-14 17:55,4860
2019-08-14 18:00,4556
2019-08-14 18:05,4369
2019-08-14 18:10,3942
2019-08-14 18:15,3714
2019-08-14 18:20,3483
2019-08-14 18:25,3318
2019-08-14 18:30,3166
2019-08-14 18:35,3041
2019-08-14 18:40,2843
2019-08-14 18:45,2743
2019-08-14 18:50,2623
2019-08-14 18:55,2502
2019-08-14 19:00,2385
2019-08-14 19:05,2277
2019-08-14 19:10,2183
2019-08-14 19:15,2114
2019-08-14 19:20,2033
2019-08-14 19:25,1943
2019-08-14 19:30,1871
2019-08-14 19:35,1803
2019-08-14 19:40,1740
2019-08-14 19:45,1683
2019-08-14 19:50,1609
2019-08-14 19:55,1546
2019-08-14 20:00,1497
2019-08-14 20:05,1450
2019-08-14 20:10,1396
2019-08-14 20:15,1353
2019-08-14 20:20,1301
2019-08-14 20:25,1262
2019-08-14 20:30,1221
2019-08-14 20:35,1671
2019-08-14 20:40,2258
2019-08-14 20:45,2769
2019-08-14 20:50,3228
2019-08-14 20:55,3690
2019-08-14 21:00,4127
2019-08-14 21:05,4531
2019-08-14 21:10,4941
2019-08-14 21:15,5239
2019-08-14 21:20,5498
2019-08-14 21:25,5748
2019-08-14 21:30,5930
2019-08-14 21:35,6152
2019-08-14 21:40,6412
2019-08-14 21:45,6653
2019-08-14 21:50,6885
2019-08-14 21:55,7033
2019-08-14 22:00,7218
2019-08-14 22:05,7301
2019-08-14 22:10,7426
2019-08-14 22:15,7566
2019-08-14 22:20,7647
2019-08-14 22:25,7728
2019-08-14 22:30,7813
2019-08-14 22:35,7887
2019-08-14 22:40,7881
2019-08-14 22:45,7964
2019-08-14 22:50,8047
2019-08-14 22:55,8096
2019-08-14 23:00,1815
2019-08-14 23:05,1824
2019-08-14 23:10,8298
2019-08-14 23:15,1854
2019-08-14 23:20,8438
2019-08-14 23:25,1856
2019-08-14 23:30,8583
2019-08-14 23:35,8636
2019-08-14 23:40,74
2019-08-14 23:45,8709
2019-08-14 23:50,8646
2019-08-14 23:55,8656
2019-08-15 00:00,8613
2019-08-15 00:05,8760
2019-08-15 00:10,8782
2019-08-15 00:15,8845
2019-08-15 00:20,8845
2019-08-15 00:25,8939
2019-08-15 00:30,8940
2019-08-15 00:35,8964
2019-08-15 00:40,9022
2019-08-15 00:45,9058
2019-08-15 00:50,9112
2019-08-15 00:55,9110
2019-08-15 01:00,9172
2019-08-15 01:05,9155
2019-08-15 01:10,9132
2019-08-15 01:15,9110
2019-08-15 01:20,9140
2019-08-15 01:25,9116
2019-08-15 01:30,9111
2019-08-15 01:35,9162
2019-08-15 01:40,9194
2019-08-15 01:45,9222
2019-08-15 01:50,9217
2019-08-15 01:55,9232
2019-08-15 02:00,9213
2019-08-15 02:05,9173
2019-08-15 02:10,9204
2019-08-15 02:15,9162
2019-08-15 02:20,9150
2019-08-15 02:25,9110
2019-08-15 02:30,9082
2019-08-15 02:35,9069
2019-08-15 02:40,8999
2019-08-15 02:45,8927
2019-08-15 02:50,8904
2019-08-15 02:55,8823
2019-08-15 03:00,8773
2019-08-15 03:05,8713
2019-08-15 03:10,8648
2019-08-15 03:15,8607
2019-08-15 03:20,8605
2019-08-15 03:25,8535
2019-08-15 03:30,8427
2019-08-15 03:35,8323
2019-08-15 03:40,8244
2019-08-15 03:45,8146
2019-08-15 03:50,8096
2019-08-15 03:55,8037
2019-08-15 04:00,7946
2019-08-15 04:05,7807
2019-08-15 04:10,7688
2019-08-15 04:15,7615
2019-08-15 04:20,7495
2019-08-15 04:25,7424
2019-08-15 04:30,7331
2019-08-15 04:35,7163
2019-08-15 04:40,7031
2019-08-15 04:45,6960
2019-08-15 04:50,6879
2019-08-15 04:55,6745
2019-08-15 05:00,6624
2019-08-15 05:05,6500
2019-08-15 05:10,6407
2019-08-15 05:15,6227
2019-08-15 05:20,6143
2019-08-15 05:25,6046
2019-08-15 05:30,5925
2019-08-15 05:35,5782
2019-08-15 05:40,5738
2019-08-15 05:45,5658
2019-08-15 05:50,5586
2019-08-15 05:55,5525
2019-08-15 06:00,5385
2019-08-15 06:05,5279
2019-08-15 06:10,5188
2019-08-15 06:15,5112
2019-08-15 06:20,5012
2019-08-15 06:25,4968
2019-08-15 06:30,4861
2019-08-15 06:35,4782
2019-08-15 06:40,4197
2019-08-15 06:45,4644
2019-08-15 06:50,4605
2019-08-15 06:55,4534
2019-08-15 07:00,4526
2019-08-15 07:05,4475
2019-08-15 07:10,4430
2019-08-15 07:15,4383
2019-08-15 07:20,4327
2019-08-15 07:25,4253
2019-08-15 07:30,4221
2019-08-15 07:35,4175
2019-08-15 07:40,4178
2019-08-15 07:45,4174
2019-08-15 07:50,4116
2019-08-15 07:55,4055
2019-08-15 08:00,4024
2019-08-15 08:05,3983
2019-08-15 08:10,3951
2019-08-15 08:15,3926
2019-08-15 08:20,3909
2019-08-15 08:25,3893
2019-08-15 08:30,3852
2019-08-15 08:35,3880
2019-08-15 08:40,3923
2019-08-15 08:45,3930
2019-08-15 08:50,3960
2019-08-15 08:55,4014
2019-08-15 09:00,4052
2019-08-15 09:05,4056
2019-08-15 09:10,3630
2019-08-15 09:15,4104
2019-08-15 09:20,4163
2019-08-15 09:25,4198
2019-08-15 09:30,4249
2019-08-15 09:35,4312
2019-08-15 09:40,4358
2019-08-15 09:45,4411
2019-08-15 09:50,4447
2019-08-15 09:55,4479
2019-08-15 10:00,4528
2019-08-15 10:05,4552
2019-08-15 10:10,4583
2019-08-15 10:15,4615
2019-08-15 10:20,4625
2019-08-15 10:25,4678
2019-08-15 10:30,4699
2019-08-15 10:35,4770
2019-08-15 10:40,4818
2019-08-15 10:45,4850
2019-08-15 10:50,4889
2019-08-15 10:55,4921
2019-08-15 11:00,4949
2019-08-15 11:05,4995
2019-08-15 11:10,5001
2019-08-15 11:15,5031
2019-08-15 11:20,5054
2019-08-15 11:25,5061
2019-08-15 11:30,5105
2019-08-15 11:35,5177
2019-08-15 11:40,5218
2019-08-15 11:45,5235
2019-08-15 11:50,5295
2019-08-15 11:55,5357
2019-08-15 12:00,5457
2019-08-15 12:05,5491
2019-08-15 12:10,5553
2019-08-15 12:15,5620
2019-08-15 12:20,5687
2019-08-15 12:25,5709
2019-08-15 12:30,5792
2019-08-15 12:35,5869
2019-08-15 12:40,5931
2019-08-15 12:45,6003
2019-08-15 12:50,6102
2019-08-15 12:55,6222
2019-08-15 13:00,6253
2019-08-15 13:05,6315
2019-08-15 13:10,6374
2019-08-15 13:15,6433
2019-08-15 13:20,6535
2019-08-15 13:25,6611
2019-08-15 13:30,6698
2019-08-15 13:35,6759
2019-08-15 13:40,6790
2019-08-15 13:45,6886
2019-08-15 13:50,6902
2019-08-15 13:55,6954
2019-08-15 14:00,7131
2019-08-15 14:05,7194
2019-08-15 14:10,7321
2019-08-15 14:15,7364
2019-08-15 14:20,7429
2019-08-15 14:25,7520
2019-08-15 14:30,
2019-08-15 14:35,7668
2019-08-15 14:40,7745
2019-08-15 14:45,7822
2019-08-15 14:50,7886
2019-08-15 14:55,7919
2019-08-15 15:00,7969
2019-08-15 15:05,7995
2019-08-15 15:10,8049
2019-08-15 15:15,8103
2019-08-15 15:20,8103
2019-08-15 15:25,8101
2019-08-15 15:30,8175
2019-08-15 15:35,8240
2019-08-15 15:40,8257
2019-08-15 15:45,8373
2019-08-15 15:50,8391
2019-08-15 15:55,8441
2019-08-15 16:00,8457
2019-08-15 16:05,8475
2019-08-15 16:10,8537
2019-08-15 16:15,8611
2019-08-15 16:20,8622
2019-08-15 16:25,8685
2019-08-15 16:30,8704
2019-08-15 16:35,8777
2019-08-15 16:40,8834
2019-08-15 16:45,8899
2019-08-15 16:50,8976
2019-08-15 16:55,9069
2019-08-15 17:00,9095
2019-08-15 17:05,9171
2019-08-15 17:10,9197
2019-08-15 17:15,9220
2019-08-15 17:20,9231
2019-08-15 17:25,9258
2019-08-15 17:30,9365
2019-08-15 17:35,9469
2019-08-15 17:40,9508
2019-08-15 17:45,9616
2019-08-15 17:50,9686
2019-08-15 17:55,9758
2019-08-15 18:00,9834
2019-08-15 18:05,9867
2019-08-15 18:10,9955
2019-08-15 18:15,10030
2019-08-15 18:20,10049
2019-08-15 18:25,10119
2019-08-15 18:30,10213
2019-08-15 18:35,10278
2019-08-15 18:40,10358
2019-08-15 18:45,10470
2019-08-15 18:50,10523
2019-08-15 18:55,10590
2019-08-15 19:00,
2019-08-15 19:05,10738
2019-08-15 19:10,10825
2019-08-15 19:15,10846
2019-08-15 19:20,10920
2019-08-15 19:25,10967
2019-08-15 19:30,10896
2019-08-15 19:35,10892
2019-08-15 19:40,10876
2019-08-15 19:45,10816
2019-08-15 19:50,10863
2019-08-15 19:55,0
2019-08-15 20:00,10834
2019-08-15 20:05,10815
2019-08-15 20:10,10851
2019-08-15 20:15,10721
2019-08-15 20:20,10697
2019-08-15 20:25,10705
2019-08-15 20:30,10445
2019-08-15 20:35,10336
2019-08-15 20:40,10691
2019-08-15 20:45,10676
2019-08-15 20:50,10603
2019-08-15 20:55,10586
2019-08-15 21:00,10557
2019-08-15 21:05,10489
2019-08-15 21:10,10392
2019-08-15 21:15,10326
2019-08-15 21:20,10309
2019-08-15 21:25,10267
2019-08-15 21:30,10222
2019-08-15 21:35,10209
2019-08-15 21:40,10219
2019-08-15 21:45,10161
2019-08-15 21:50,10066
2019-08-15 21:55,10034
2019-08-15 22:00,9983
2019-08-15 22:05,9950
2019-08-15 22:10,9946
2019-08-15 22:15,9910
2019-08-15 22:20,9839
2019-08-15 22:25,9765
2019-08-15 22:30,9733
2019-08-15 22:35,9734
2019-08-15 22:40,9707
2019-08-15 22:45,9704
2019-08-15 22:50,9663
2019-08-15 22:55,9608
2019-08-15 23:00,9578
2019-08-15 23:05,9499
2019-08-15 23:10,9505
2019-08-15 23:15,9476
2019-08-15 23:20,9418
2019-08-15 23:25,9418
2019-08-15 23:30,9465
2019-08-15 23:35,9487
2019-08-15 23:40,9512
2019-08-15 23:45,9483
2019-08-15 23:50,9473
2019-08-15 23:55,9525
2019-08-16 00:00,9495
2019-08-16 00:05,9459
2019-08-16 00:10,9434
2019-08-16 00:15,9381
2019-08-16 00:20,9367
2019-08-16 00:25,9386
2019-08-16 00:30,9370
2019-08-16 00:35,9362
2019-08-16 00:40,9432
2019-08-16 00:45,9481
2019-08-16 00:50,9490
2019-08-16 00:55,9474
2019-08-16 01:00,9492
2019-08-16 01:05,9524
2019-08-16 01:10,9550
2019-08-16 01:15,9531
2019-08-16 01:20,9483
2019-08-16 01:25,9487
2019-08-16 01:30,9482
2019-08-16 01:35,9476
2019-08-16 01:40,9458
2019-08-16 01:45,9435
2019-08-16 01:50,9435
2019-08-16 01:55,9365
2019-08-16 02:00,9343
2019-08-16 02:05,9376
2019-08-16 02:10,9340
2019-08-16 02:15,9344
2019-08-16 02:20,9315
2019-08-16 02:25,9279
2019-08-16 02:30,9270
2019-08-16 02:35,9213
2019-08-16 02:40,9183
2019-08-16 02:45,9082
2019-08-16 02:50,9041
2019-08-16 02:55,9005
2019-08-16 03:00,8935
2019-08-16 03:05,8852
2019-08-16 03:10,8779
2019-08-16 03:15,8741
2019-08-16 03:20,8637
2019-08-16 03:25,8574
2019-08-16 03:30,8504
2019-08-16 03:35,8447
2019-08-16 03:40,8319
2019-08-16 03:45,8254
2019-08-16 03:50,8138
2019-08-16 03:55,8027
2019-08-16 04:00,7944
2019-08-16 04:05,7838
2019-08-16 04:10,7745
2019-08-16 04:15,7654
2019-08-16 04:20,7571
2019-08-16 04:25,7449
2019-08-16 04:30,7339
2019-08-16 04:35,7213
2019-08-16 04:40,7073
2019-08-16 04:45,6987
2019-08-16 04:50,6946
2019-08-16 04:55,6808
2019-08-16 05:00,6694
2019-08-16 05:05,6582
2019-08-16 05:10,6506
2019-08-16 05:15,6396
2019-08-16 05:20,6303
2019-08-16 05:25,6188
2019-08-16 05:30,6165
2019-08-16 05:35,6049
2019-08-16 05:40,5987
2019-08-16 05:45,5875
2019-08-16 05:50,5799
2019-08-16 05:55,5713
2019-08-16 06:00,5572
2019-08-16 06:05,5504
2019-08-16 06:10,5375
2019-08-16 06:15,5285
2019-08-16 06:20,5201
2019-08-16 06:25,5118
2019-08-16 06:30,5038
2019-08-16 06:35,4935
2019-08-16 06:40,4878
2019-08-16 06:45,4785
2019-08-16 06:50,4725
2019-08-16 06:55,4650
2019-08-16 07:00,4578
2019-08-16 07:05,4558
2019-08-16 07:10,4501
2019-08-16 07:15,4459
2019-08-16 07:20,4382
2019-08-16 07:25,4360
2019-08-16 07:30,4327
2019-08-16 07:35,4264
2019-08-16 07:40,4245
2019-08-16 07:45,4220
2019-08-16 07:50,4180
2019-08-16 07:55,4158
2019-08-16 08:00,4153
2019-08-16 08:05,4115
2019-08-16 08:10,4121
2019-08-16 08:15,4064
2019-08-16 08:20,4084
2019-08-16 08:25,4056
2019-08-16 08:30,4063
2019-08-16 08:35,4114
2019-08-16 08:40,4133
2019-08-16 08:45,4128
2019-08-16 08:50,4141
2019-08-16 08:55,4153
2019-08-16 09:00,4164
2019-08-16 09:05,4213
2019-08-16 09:10,4236
2019-08-16 09:15,4253
2019-08-16 09:20,4288
2019-08-16 09:25,4316
2019-08-16 09:30,4341
2019-08-16 09:35,4384
2019-08-16 09:40,4429
2019-08-16 09:45,4462
2019-08-16 09:50,4468
2019-08-16 09:55,4507
2019-08-16 10:00,4511
2019-08-16 10:05,4555
2019-08-16 10:10,4570
2019-08-16 10:15,4584
2019-08-16 10:20,4547
2019-08-16 10:25,4592
2019-08-16 10:30,4627
2019-08-16 10:35,4666
2019-08-16 10:40,4710
2019-08-16 10:45,4740
2019-08-16 10:50,4798
2019-08-16 10:55,4810
2019-08-16 11:00,4884
2019-08-16 11:05,4864
2019-08-16 11:10,4920
2019-08-16 11:15,4932
2019-08-16 11:20,4974
2019-08-16 11:25,5014
2019-08-16 11:30,5082
2019-08-16 11:35,5138
2019-08-16 11:40,5206
2019-08-16 11:45,5234
2019-08-16 11:50,5257
2019-08-16 11:55,5301
2019-08-16 12:00,5373
2019-08-16 12:05,5425
2019-08-16 12:10,5461
2019-08-16 12:15,5507
2019-08-16 12:20,5568
2019-08-16 12:25,5657
2019-08-16 12:30,5713
2019-08-16 12:35,5776
2019-08-16 12:40,5856
2019-08-16 12:45,5947
2019-08-16 12:50,6045
2019-08-16 12:55,6071
2019-08-16 13:00,6116
2019-08-16 13:05,6187
2019-08-16 13:10,6235
2019-08-16 13:15,6287
2019-08-16 13:20,6376
2019-08-16 13:25,6471
2019-08-16 13:30,6547
2019-08-16 13:35,6634
2019-08-16 13:40,6712
2019-08-16 13:45,6776
2019-08-16 13:50,6840
2019-08-16 13:55,6957
2019-08-16 14:00,6996
2019-08-16 14:05,7075
2019-08-16 14:10,7169
2019-08-16 14:15,7217
2019-08-16 14:20,7217
2019-08-16 14:25,7309
2019-08-16 14:30,7404
2019-08-16 14:35,7467
2019-08-16 14:40,7515
2019-08-16 14:45,7570
2019-08-16 14:50,7624
2019-08-16 14:55,7664
2019-08-16 15:00,7763
2019-08-16 15:05,7809
2019-08-16 15:10,7823
2019-08-16 15:15,7858
2019-08-16 15:20,7892
2019-08-16 15:25,7919
2019-08-16 15:30,7984
2019-08-16 15:35,8044
2019-08-16 15:40,8129
2019-08-16 15:45,8112
2019-08-16 15:50,8124
2019-08-16 15:55,8151
2019-08-16 16:00,8226
2019-08-16 16:05,8264
2019-08-16 16:10,8254
2019-08-16 16:15,8306
2019-08-16 16:20,8416
2019-08-16 16:25,8437
2019-08-16 16:30,8509
2019-08-16 16:35,8561
2019-08-16 16:40,8624
2019-08-16 16:45,8674
2019-08-16 16:50,8744
2019-08-16 16:55,8768
2019-08-16 17:00,8782
2019-08-16 17:05,8813
2019-08-16 17:10,8916
2019-08-16 17:15,8972
2019-08-16 17:20,8960
2019-08-16 17:25,9095
2019-08-16 17:30,9092
2019-08-16 17:35,9164
2019-08-16 17:40,9191
2019-08-16 17:45,9163
2019-08-16 17:50,9185
2019-08-16 17:55,9234
2019-08-16 18:00,
2019-08-16 18:05,9389
2019-08-16 18:10,9515
2019-08-16 18:15,9652
2019-08-16 18:20,9605
2019-08-16 18:25,9675
2019-08-16 18:30,9733
2019-08-16 18:35,9824
2019-08-16 18:40,9911
2019-08-16 18:45,9898
2019-08-16 18:50,9894
2019-08-16 18:55,9926
2019-08-16 19:00,10032
2019-08-16 19:05,10022
2019-08-16 19:10,10056
2019-08-16 19:15,9938
2019-08-16 19:20,10015
2019-08-16 19:25,10123
2019-08-16 19:30,10253
2019-08-16 19:35,10276
2019-08-16 19:40,10366
2019-08-16 19:45,10439
2019-08-16 19:50,10544
2019-08-16 19:55,10630
2019-08-16 20:00,10630
2019-08-16 20:05,10647
2019-08-16 20:10,10720
2019-08-16 20:15,10759
2019-08-16 20:20,10838
2019-08-16 20:25,10855
2019-08-16 20:30,10887
2019-08-16 20:35,10895
2019-08-16 20:40,10936
2019-08-16 20:45,10945
2019-08-16 20:50,10916
2019-08-16 20:55,10930
2019-08-16 21:00,10856
2019-08-16 21:05,10868
2019-08-16 21:10,10893
2019-08-16 21:15,10890
2019-08-16 21:20,10849
2019-08-16 21:25,10830
2019-08-16 21:30,10781
2019-08-16 21:35,10741
2019-08-16 21:40,10633
2019-08-16 21:45,10604
2019-08-16 21:50,10619
2019-08-16 21:55,10560
2019-08-16 22:00,10546
2019-08-16 22:05,10466
2019-08-16 22:10,10403
2019-08-16 22:15,10364
2019-08-16 22:20,10317
2019-08-16 22:25,10269
2019-08-16 22:30,10210
2019-08-16 22:35,10201
2019-08-16 22:40,10216
2019-08-16 22:45,10178
2019-08-16 22:50,10071
2019-08-16 22:55,9997
2019-08-16 23:00,9960
2019-08-16 23:05,9881
2019-08-16 23:10,9824
2019-08-16 23:15,9807
2019-08-16 23:20,9771
2019-08-16 23:25,9670
2019-08-16 23:30,9603
2019-08-16 23:35,9487
2019-08-16 23:40,9428
2019-08-16 23:45,9460
2019-08-16 23:50,9418
2019-08-16 23:55,9382
2019-08-17 00:00,9336
2019-08-17 00:05,9331
2019-08-17 00:10,9280
2019-08-17 00:15,9271
2019-08-17 00:20,9212
2019-08-17 00:25,9256
2019-08-17 00:30,9223
2019-08-17 00:35,9257
2019-08-17 00:40,9278
2019-08-17 00:45,9305
2019-08-17 00:50,9275
2019-08-17 00:55,9316
2019-08-17 01:00,9339
2019-08-17 01:05,9340
2019-08-17 01:10,9330
2019-08-17 01:15,9345
2019-08-17 01:20,9385
2019-08-17 01:25,9400
2019-08-17 01:30,9441
2019-08-17 01:35,9477
2019-08-17 01:40,9492
2019-08-17 01:45,9494
2019-08-17 01:50,9458
2019-08-17 01:55,9517
2019-08-17 02:00,9552
2019-08-17 02:05,9563
2019-08-17 02:10,9528
2019-08-17 02:15,9573
2019-08-17 02:20,9566
2019-08-17 02:25,9577
2019-08-17 02:30,9587
2019-08-17 02:35,9510
2019-08-17 02:40,9545
2019-08-17 02:45,9530
2019-08-17 02:50,9564
2019-08-17 02:55,9594
2019-08-17 03:00,9553
2019-08-17 03:05,9556
2019-08-17 03:10,9475
2019-08-17 03:15,9383
2019-08-17 03:20,9304
2019-08-17 03:25,9333
2019-08-17 03:30,9283
2019-08-17 03:35,9303
2019-08-17 03:40,9267
2019-08-17 03:45,9180
2019-08-17 03:50,9154
2019-08-17 03:55,9119
2019-08-17 04:00,9019
2019-08-17 04:05,8931
2019-08-17 04:10,8867
2019-08-17 04:15,8775
2019-08-17 04:20,8711
2019-08-17 04:25,8580
2019-08-17 04:30,8560
2019-08-17 04:35,8481
2019-08-17 04:40,8406
2019-08-17 04:45,8321
2019-08-17 04:50,8217
2019-08-17 04:55,8164
2019-08-17 05:00,8112
2019-08-17 05:05,7957
2019-08-17 05:10,7808
2019-08-17 05:15,7666
2019-08-17 05:20,7537
2019-08-17 05:25,7448
2019-08-17 05:30,7318
2019-08-17 05:35,7229
2019-08-17 05:40,7122
2019-08-17 05:45,7045
2019-08-17 05:50,6926
2019-08-17 05:55,6840
2019-08-17 06:00,6741
2019-08-17 06:05,6648
2019-08-17 06:10,6523
2019-08-17 06:15,6372
2019-08-17 06:20,6266
2019-08-17 06:25,6153
2019-08-17 06:30,6022
2019-08-17 06:35,5925
2019-08-17 06:40,5775
2019-08-17 06:45,5671
2019-08-17 06:50,5596
2019-08-17 06:55,5543
2019-08-17 07:00,5463
2019-08-17 07:05,5309
2019-08-17 07:10,5192
2019-08-17 07:15,5162
2019-08-17 07:20,5106
2019-08-17 07:25,5038
2019-08-17 07:30,4957
2019-08-17 07:35,4977
2019-08-17 07:40,4920
2019-08-17 07:45,4887
2019-08-17 07:50,4872
2019-08-17 07:55,4861
2019-08-17 08:00,4848
2019-08-17 08:05,4822
2019-08-17 08:10,4770
2019-08-17 08:15,4761
2019-08-17 08:20,4755
2019-08-17 08:25,4707
2019-08-17 08:30,4672
2019-08-17 08:35,4668
2019-08-17 08:40,4720
2019-08-17 08:45,4737
2019-08-17 08:50,4783
2019-08-17 08:55,4810
2019-08-17 09:00,4838
2019-08-17 09:05,4903
2019-08-17 09:10,4912
2019-08-17 09:15,4940
2019-08-17 09:20,4968
2019-08-17 09:25,5007
2019-08-17 09:30,4999
2019-08-17 09:35,4993
2019-08-17 09:40,4992
2019-08-17 09:45,5073
2019-08-17 09:50,5073
2019-08-17 09:55,5085
2019-08-17 10:00,5054
2019-08-17 10:05,5051
2019-08-17 10:10,5074
2019-08-17 10:15,5126
2019-08-17 10:20,5164
2019-08-17 10:25,5265
2019-08-17 10:30,5321
2019-08-17 10:35,5352
2019-08-17 10:40,5376
2019-08-17 10:45,5451
2019-08-17 10:50,5446
2019-08-17 10:55,5459
2019-08-17 11:00,5514
2019-08-17 11:05,5536
2019-08-17 11:10,5542
2019-08-17 11:15,5635
2019-08-17 11:20,5662
2019-08-17 11:25,5738
2019-08-17 11:30,5782
2019-08-17 11:35,5855
2019-08-17 11:40,5928
2019-08-17 11:45,6009
2019-08-17 11:50,6141
2019-08-17 11:55,6171
2019-08-17 12:00,6217
2019-08-17 12:05,6249
2019-08-17 12:10,6281
2019-08-17 12:15,6315
2019-08-17 12:20,6380
2019-08-17 12:25,6447
2019-08-17 12:30,6553
2019-08-17 12:35,6590
2019-08-17 12:40,6631
2019-08-17 12:45,6641
2019-08-17 12:50,6735
2019-08-17 12:55,6800
2019-08-17 13:00,6897
2019-08-17 13:05,6972
2019-08-17 13:10,7069
2019-08-17 13:15,7089
2019-08-17 13:20,7121
2019-08-17 13:25,7241
2019-08-17 13:30,7296
2019-08-17 13:35,7339
2019-08-17 13:40,7441
2019-08-17 13:45,7565
2019-08-17 13:50,7653
2019-08-17 13:55,7742
2019-08-17 14:00,7789
2019-08-17 14:05,7943
2019-08-17 14:10,8006
2019-08-17 14:15,8100
2019-08-17 14:20,8095
2019-08-17 14:25,8132
2019-08-17 14:30,8181
2019-08-17 14:35,8314
2019-08-17 14:40,8361
2019-08-17 14:45,8382
2019-08-17 14:50,8416
2019-08-17 14:55,8504
2019-08-17 15:00,8574
2019-08-17 15:05,8570
2019-08-17 15:10,8651
2019-08-17 15:15,8645
2019-08-17 15:20,8682
2019-08-17 15:25,8760
2019-08-17 15:30,8790
2019-08-17 15:35,8876
2019-08-17 15:40,9002
2019-08-17 15:45,9040
2019-08-17 15:50,9066
2019-08-17 15:55,9094
2019-08-17 16:00,9229
2019-08-17 16:05,9270
2019-08-17 16:10,9319
2019-08-17 16:15,9373
2019-08-17 16:20,9392
2019-08-17 16:25,9433
2019-08-17 16:30,9505
2019-08-17 16:35,9558
2019-08-17 16:40,9576
2019-08-17 16:45,9630
2019-08-17 16:50,9662
2019-08-17 16:55,9699
2019-08-17 17:00,9763
2019-08-17 17:05,9895
2019-08-17 17:10,9977
2019-08-17 17:15,10059
2019-08-17 17:20,10116
2019-08-17 17:25,10260
2019-08-17 17:30,10384
2019-08-17 17:35,10520
2019-08-17 17:40,10563
2019-08-17 17:45,10701
2019-08-17 17:50,10757
2019-08-17 17:55,10846
2019-08-17 18:00,10912
2019-08-17 18:05,10926
2019-08-17 18:10,10965
2019-08-17 18:15,11013
2019-08-17 18:20,11055
2019-08-17 18:25,11071
2019-08-17 18:30,11078
2019-08-17 18:35,11123
2019-08-17 18:40,11226
2019-08-17 18:45,11217
2019-08-17 18:50,11250
2019-08-17 18:55,11302
2019-08-17 19:00,11346
2019-08-17 19:05,11374
2019-08-17 19:10,11425
2019-08-17 19:15,11549
2019-08-17 19:20,11656
2019-08-17 19:25,11730
2019-08-17 19:30,11776
2019-08-17 19:35,11835
2019-08-17 19:40,11877
2019-08-17 19:45,11876
2019-08-17 19:50,11895
2019-08-17 19:55,11975
2019-08-17 20:00,11998
2019-08-17 20:05,11988
2019-08-17 20:10,11990
2019-08-17 20:15,11964
2019-08-17 20:20,11935
2019-08-17 20:25,12015
2019-08-17 20:30,12071
2019-08-17 20:35,12041
2019-08-17 20:40,12022
2019-08-17 20:45,12007
2019-08-17 20:50,11949
2019-08-17 20:55,11920
2019-08-17 21:00,11898
2019-08-17 21:05,11880
2019-08-17 21:10,11882
2019-08-17 21:15,11804
2019-08-17 21:20,11804
2019-08-17 21:25,11756
2019-08-17 21:30,11753
2019-08-17 21:35,11675
2019-08-17 21:40,11593
2019-08-17 21:45,11539
2019-08-17 21:50,11529
2019-08-17 21:55,11468
2019-08-17 22:00,11437
2019-08-17 22:05,11371
2019-08-17 22:10,11211
2019-08-17 22:15,11146
2019-08-17 22:20,11136
2019-08-17 22:25,11109
2019-08-17 22:30,11021
2019-08-17 22:35,10950
2019-08-17 22:40,10854
2019-08-17 22:45,10789
2019-08-17 22:50,10722
2019-08-17 22:55,10655
2019-08-17 23:00,10586
2019-08-17 23:05,10502
2019-08-17 23:10,10468
2019-08-17 23:15,10395
2019-08-17 23:20,10320
2019-08-17 23:25,10291
2019-08-17 23:30,10168
2019-08-17 23:35,10155
2019-08-17 23:40,10139
2019-08-17 23:45,10083
2019-08-17 23:50,10016
2019-08-17 23:55,9908
2019-08-18 00:00,9783
2019-08-18 00:05,9745
2019-08-18 00:10,9657
2019-08-18 00:15,9599
2019-08-18 00:20,9509
2019-08-18 00:25,9407
2019-08-18 00:30,9341
2019-08-18 00:35,9279
2019-08-18 00:40,9224
2019-08-18 00:45,9185
2019-08-18 00:50,9238
2019-08-18 00:55,9215
2019-08-18 01:00,9243
2019-08-18 01:05,9268
2019-08-18 01:10,9287
2019-08-18 01:15,9317
2019-08-18 01:20,9314
2019-08-18 01:25,9359
2019-08-18 01:30,9413
2019-08-18 01:35,9458
2019-08-18 01:40,9481
2019-08-18 01:45,9451
2019-08-18 01:50,9420
2019-08-18 01:55,9403
2019-08-18 02:00,9385
2019-08-18 02:05,9451
2019-08-18 02:10,9423
2019-08-18 02:15,9379
2019-08-18 02:20,9408
2019-08-18 02:25,9422
2019-08-18 02:30,9433
2019-08-18 02:35,9411
2019-08-18 02:40,9449
2019-08-18 02:45,9473
2019-08-18 02:50,9445
2019-08-18 02:55,9381
2019-08-18 03:00,9347
2019-08-18 03:05,9332
2019-08-18 03:10,9231
2019-08-18 03:15,9251
2019-08-18 03:20,9169
2019-08-18 03:25,9138
2019-08-18 03:30,9107
2019-08-18 03:35,9089
2019-08-18 03:40,9032
2019-08-18 03:45,8960
2019-08-18 03:50,8950
2019-08-18 03:55,8893
2019-08-18 04:00,8891
2019-08-18 04:05,8885
2019-08-18 04:10,8817
2019-08-18 04:15,8786
2019-08-18 04:20,8694
2019-08-18 04:25,8655
2019-08-18 04:30,8524
2019-08-18 04:35,8367
2019-08-18 04:40,8307
2019-08-18 04:45,8261
2019-08-18 04:50,8167
2019-08-18 04:55,8058
2019-08-18 05:00,7951
2019-08-18 05:05,7844
2019-08-18 05:10,7778
2019-08-18 05:15,7677
2019-08-18 05:20,7615
2019-08-18 05:25,7577
2019-08-18 05:30,7462
2019-08-18 05:35,7366
2019-08-18 05:40,7272
2019-08-18 05:45,7147
2019-08-18 05:50,7053
2019-08-18 05:55,6941
2019-08-18 06:00,6861
2019-08-18 06:05,6766
2019-08-18 06:10,6674
2019-08-18 06:15,6599
2019-08-18 06:20,6458
2019-08-18 06:25,6358
2019-08-18 06:30,6246
2019-08-18 06:35,6169
2019-08-18 06:40,6062
2019-08-18 06:45,5983
2019-08-18 06:50,5908
2019-08-18 06:55,5784
2019-08-18 07:00,5702
2019-08-18 07:05,5626
2019-08-18 07:10,5571
2019-08-18 07:15,5518
2019-08-18 07:20,5417
2019-08-18 07:25,5374
2019-08-18 07:30,5283
2019-08-18 07:35,5220
2019-08-18 07:40,5213
2019-08-18 07:45,5181
2019-08-18 07:50,5154
2019-08-18 07:55,5180
2019-08-18 08:00,5166
2019-08-18 08:05,5154
2019-08-18 08:10,5094
2019-08-18 08:15,5037
2019-08-18 08:20,4930
2019-08-18 08:25,4915
2019-08-18 08:30,4915
2019-08-18 08:35,4880
2019-08-18 08:40,4906
2019-08-18 08:45,4992
2019-08-18 08:50,5043
2019-08-18 08:55,5045
2019-08-18 09:00,5054
2019-08-18 09:05,5092
2019-08-18 09:10,5130
2019-08-18 09:15,5169
2019-08-18 09:20,5225
2019-08-18 09:25,5242
2019-08-18 09:30,5266
2019-08-18 09:35,5265
2019-08-18 09:40,5313
2019-08-18 09:45,5364
2019-08-18 09:50,5371
2019-08-18 09:55,5429
2019-08-18 10:00,5461
2019-08-18 10:05,5510
2019-08-18 10:10,5593
2019-08-18 10:15,5613
2019-08-18 10:20,5678
2019-08-18 10:25,5710
2019-08-18 10:30,5757
2019-08-18 10:35,5799
2019-08-18 10:40,5800
2019-08-18 10:45,5826
2019-08-18 10:50,5921
2019-08-18 10:55,5952
2019-08-18 11:00,5982
2019-08-18 11:05,5986
2019-08-18 11:10,6020
2019-08-18 11:15,6112
2019-08-18 11:20,6180
2019-08-18 11:25,6301
2019-08-18 11:30,6332
2019-08-18 11:35,6378
2019-08-18 11:40,6422
2019-08-18 11:45,6420
2019-08-18 11:50,6499
2019-08-18 11:55,6499
2019-08-18 12:00,6590
2019-08-18 12:05,6650
2019-08-18 12:10,6719
2019-08-18 12:15,6774
2019-08-18 12:20,6788
2019-08-18 12:25,6847
2019-08-18 12:30,6963
2019-08-18 12:35,7012
2019-08-18 12:40,7091
2019-08-18 12:45,7184
2019-08-18 12:50,7239
2019-08-18 12:55,7345
2019-08-18 13:00,7422
2019-08-18 13:05,7484
2019-08-18 13:10,7570
2019-08-18 13:15,7649
2019-08-18 13:20,7779
2019-08-18 13:25,7840
2019-08-18 13:30,7929
2019-08-18 13:35,8060
2019-08-18 13:40,8179
2019-08-18 13:45,8207
2019-08-18 13:50,8334
2019-08-18 13:55,8398
2019-08-18 14:00,8492
2019-08-18 14:05,8593
2019-08-18 14:10,8643
2019-08-18 14:15,8718
2019-08-18 14:20,8817
2019-08-18 14:25,8864
2019-08-18 14:30,8991
2019-08-18 14:35,9086
2019-08-18 14:40,9195
2019-08-18 14:45,9322
2019-08-18 14:50,9321
2019-08-18 14:55,9384
2019-08-18 15:00,9408
2019-08-18 15:05,9441
2019-08-18 15:10,9510
2019-08-18 15:15,9626
2019-08-18 15:20,9677
2019-08-18 15:25,9778
2019-08-18 15:30,9848
2019-08-18 15:35,9849
2019-08-18 15:40,9874
2019-08-18 15:45,9896
2019-08-18 15:50,9981
2019-08-18 15:55,9987
2019-08-18 16:00,10106
2019-08-18 16:05,10240
2019-08-18 16:10,10298
2019-08-18 16:15,10408
2019-08-18 16:20,10435
2019-08-18 16:25,10486
2019-08-18 16:30,10567
2019-08-18 16:35,10664
2019-08-18 16:40,10730
2019-08-18 16:45,10765
2019-08-18 16:50,10907
2019-08-18 16:55,11036
2019-08-18 17:00,11108
2019-08-18 17:05,11101
2019-08-18 17:10,11101
2019-08-18 17:15,11215
2019-08-18 17:20,11323
2019-08-18 17:25,11323
2019-08-18 17:30,11464
2019-08-18 17:35,11555
2019-08-18 17:40,11681
2019-08-18 17:45,11681
2019-08-18 17:50,11925
2019-08-18 17:55,11981
2019-08-18 18:00,11983
2019-08-18 18:05,12070
2019-08-18 18:10,12115
2019-08-18 18:15,12175
2019-08-18 18:20,12251
2019-08-18 18:25,12284
2019-08-18 18:30,12404
2019-08-18 18:35,12520
2019-08-18 18:40,12520
2019-08-18 18:45,12706
2019-08-18 18:50,12756
2019-08-18 18:55,12756
2019-08-18 19:00,12791
2019-08-18 19:05,12782
2019-08-18 19:10,12843
2019-08-18 19:15,12907
2019-08-18 19:20,13002
2019-08-18 19:25,13074
2019-08-18 19:30,13162
2019-08-18 19:35,13222
2019-08-18 19:40,13222
2019-08-18 19:45,13178
2019-08-18 19:50,13215
2019-08-18 19:55,13215
2019-08-18 20:00,13011
2019-08-18 20:05,13019
2019-08-18 20:10,13019
2019-08-18 20:15,13036
2019-08-18 20:20,13029
2019-08-18 20:25,12976
2019-08-18 20:30,12957
2019-08-18 20:35,12957
2019-08-18 20:40,12965
2019-08-18 20:45,12892
2019-08-18 20:50,12910
2019-08-18 20:55,12910
2019-08-18 21:00,12811
2019-08-18 21:05,12811
2019-08-18 21:10,12703
2019-08-18 21:15,12541
2019-08-18 21:20,12490
2019-08-18 21:25,12444
2019-08-18 21:30,12444
2019-08-18 21:35,12397
2019-08-18 21:40,12233
2019-08-18 21:45,12177
2019-08-18 21:50,11850
2019-08-18 21:55,11850
2019-08-18 22:00,11588
2019-08-18 22:05,11405
2019-08-18 22:10,11256
2019-08-18 22:15,11134
2019-08-18 22:20,11060
2019-08-18 22:25,11038
2019-08-18 22:30,10951
2019-08-18 22:35,10919
2019-08-18 22:40,10919
2019-08-18 22:45,10884
2019-08-18 22:50,10812
2019-08-18 22:55,10812
2019-08-18 23:00,10820
2019-08-18 23:05,10705
2019-08-18 23:10,10705
2019-08-18 23:15,10735
2019-08-18 23:20,10623
2019-08-18 23:25,10545
2019-08-18 23:30,10521
2019-08-18 23:35,10566
2019-08-18 23:40,10496
2019-08-18 23:45,10451
2019-08-18 23:50,10422
2019-08-18 23:55,10386
2019-08-19 00:00,10369
2019-08-19 00:05,10315
2019-08-19 00:10,10315
2019-08-19 00:15,10295
2019-08-19 00:20,10325
2019-08-19 00:25,10312
2019-08-19 00:30,10252
2019-08-19 00:35,10257
2019-08-19 00:40,10253
2019-08-19 00:45,10192
2019-08-19 00:50,10138
2019-08-19 00:55,10138
2019-08-19 01:00,10147
2019-08-19 01:05,10129
2019-08-19 01:10,10013
2019-08-19 01:15,10006
2019-08-19 01:20,9912
2019-08-19 01:25,9844
2019-08-19 01:30,9814
2019-08-19 01:35,9717
2019-08-19 01:40,9738
2019-08-19 01:45,9763
2019-08-19 01:50,9701
2019-08-19 01:55,9701
2019-08-19 02:00,9682
2019-08-19 02:05,9682
2019-08-19 02:10,9644
2019-08-19 02:15,9556
2019-08-19 02:20,9524
2019-08-19 02:25,9433
2019-08-19 02:30,9395
2019-08-19 02:35,9395
2019-08-19 02:40,9316
2019-08-19 02:45,9203
2019-08-19 02:50,9147
2019-08-19 02:55,9147
2019-08-19 03:00,9067
2019-08-19 03:05,9067
2019-08-19 03:10,8974
2019-08-19 03:15,8322
2019-08-19 03:20,8349
2019-08-19 03:25,8245
2019-08-19 03:30,8245
2019-08-19 03:35,8152
2019-08-19 03:40,8012
2019-08-19 03:45,8012
2019-08-19 03:50,7890
2019-08-19 03:55,7890
2019-08-19 04:00,7709
2019-08-19 04:05,7610
2019-08-19 04:10,7533
2019-08-19 04:15,7533
2019-08-19 04:20,7455
2019-08-19 04:25,7201
2019-08-19 04:30,7126
2019-08-19 04:35,6994
2019-08-19 04:40,6994
2019-08-19 04:45,6854
2019-08-19 04:50,6854
2019-08-19 04:55,6700
2019-08-19 05:00,6582
2019-08-19 05:05,6518
2019-08-19 05:10,6361
2019-08-19 05:15,6361
2019-08-19 05:20,6251
2019-08-19 05:25,6101
2019-08-19 05:30,5896
2019-08-19 05:35,5896
2019-08-19 05:40,5755
2019-08-19 05:45,5651
2019-08-19 05:50,5562
2019-08-19 05:55,5463
2019-08-19 06:00,5283
2019-08-19 06:05,5283
2019-08-19 06:10,5174
2019-08-19 06:15,5109
2019-08-19 06:20,4989
2019-08-19 06:25,4831
2019-08-19 06:30,4831
2019-08-19 06:35,4746
2019-08-19 06:40,4679
2019-08-19 06:45,4603
2019-08-19 06:50,4520
2019-08-19 06:55,4494
2019-08-19 07:00,4376
2019-08-19 07:05,4376
2019-08-19 07:10,4282
2019-08-19 07:15,4211
2019-08-19 07:20,4204
2019-08-19 07:25,4169
2019-08-19 07:30,4169
2019-08-19 07:35,4110
2019-08-19 07:40,4094
2019-08-19 07:45,4097
2019-08-19 07:50,4053
2019-08-19 07:55,4038
2019-08-19 08:00,3990
2019-08-19 08:05,3990
2019-08-19 08:10,3993
2019-08-19 08:15,3957
2019-08-19 08:20,3919
2019-08-19 08:25,3891
2019-08-19 08:30,3894
2019-08-19 08:35,3914
2019-08-19 08:40,3915
2019-08-19 08:45,3966
2019-08-19 08:50,3964
2019-08-19 08:55,3977
2019-08-19 09:00,4024
2019-08-19 09:05,4024
2019-08-19 09:10,4013
2019-08-19 09:15,4010
2019-08-19 09:20,4035
2019-08-19 09:25,4079
2019-08-19 09:30,4136
2019-08-19 09:35,4181
2019-08-19 09:40,4213
2019-08-19 09:45,4270
2019-08-19 09:50,4323
2019-08-19 09:55,4382
2019-08-19 10:00,4432
2019-08-19 10:05,4432
2019-08-19 10:10,4461
2019-08-19 10:15,4485
2019-08-19 10:20,4538
2019-08-19 10:25,4573
2019-08-19 10:30,4591
2019-08-19 10:35,4618
2019-08-19 10:40,4672
2019-08-19 10:45,4691
2019-08-19 10:50,4710
2019-08-19 10:55,4771
2019-08-19 11:00,4810
2019-08-19 11:05,4849
2019-08-19 11:10,4894
2019-08-19 11:15,4925
2019-08-19 11:20,4991
2019-08-19 11:25,5026
2019-08-19 11:30,5052
2019-08-19 11:35,5067
2019-08-19 11:40,5119
2019-08-19 11:45,5194
2019-08-19 11:50,5245
2019-08-19 11:55,5330
2019-08-19 12:00,5394
2019-08-19 12:05,5394
2019-08-19 12:10,5428
2019-08-19 12:15,5469
2019-08-19 12:20,5535
2019-08-19 12:25,5497
2019-08-19 12:30,5637
2019-08-19 12:35,5720
2019-08-19 12:40,5765
2019-08-19 12:45,5833
2019-08-19 12:50,5890
2019-08-19 12:55,5942
2019-08-19 13:00,5976
2019-08-19 13:05,6020
2019-08-19 13:10,6073
2019-08-19 13:15,6156
2019-08-19 13:20,6192
2019-08-19 13:25,6277
2019-08-19 13:30,6316
2019-08-19 13:35,6381
2019-08-19 13:40,6491
2019-08-19 13:45,6573
2019-08-19 13:50,6689
2019-08-19 13:55,6738
2019-08-19 14:00,6850
2019-08-19 14:05,6951
2019-08-19 14:10,6988
2019-08-19 14:15,7048
2019-08-19 14:20,7102
2019-08-19 14:25,7172
2019-08-19 14:30,7237
2019-08-19 14:35,7362
2019-08-19 14:40,7451
2019-08-19 14:45,7476
2019-08-19 14:50,7538
2019-08-19 14:55,7628
2019-08-19 15:00,7693
2019-08-19 15:05,7834
2019-08-19 15:10,7930
2019-08-19 15:15,7976
2019-08-19 15:20,8020
2019-08-19 15:25,8011
2019-08-19 15:30,8015
2019-08-19 15:35,8033
2019-08-19 15:40,8083
2019-08-19 15:45,8179
2019-08-19 15:50,8221
2019-08-19 15:55,8215
2019-08-19 16:00,8316
2019-08-19 16:05,8396
2019-08-19 16:10,8507
2019-08-19 16:15,8572
2019-08-19 16:20,8663
2019-08-19 16:25,8723
2019-08-19 16:30,8836
2019-08-19 16:35,8987
2019-08-19 16:40,9071
2019-08-19 16:45,9169
2019-08-19 16:50,9313
2019-08-19 16:55,9437
2019-08-19 17:00,9539
2019-08-19 17:05,9670
2019-08-19 17:10,9755
2019-08-19 17:15,9788
2019-08-19 17:20,9909
2019-08-19 17:25,9986
2019-08-19 17:30,10074
2019-08-19 17:35,10112
2019-08-19 17:40,10163
2019-08-19 17:45,10261
2019-08-19 17:50,10318
2019-08-19 17:55,10358
2019-08-19 18:00,10395
2019-08-19 18:05,10498
2019-08-19 18:10,10655
2019-08-19 18:15,10749
2019-08-19 18:20,10913
2019-08-19 18:25,10903
2019-08-19 18:30,11018
2019-08-19 18:35,11046
2019-08-19 18:40,11085
2019-08-19 18:45,11101
2019-08-19 18:50,11172
2019-08-19 18:55,11211
2019-08-19 19:00,11283
2019-08-19 19:05,11383
2019-08-19 19:10,11399
2019-08-19 19:15,11325
2019-08-19 19:20,11401
2019-08-19 19:25,11507
2019-08-19 19:30,11555
2019-08-19 19:35,11569
2019-08-19 19:40,11584
2019-08-19 19:45,11630
2019-08-19 19:50,11619
2019-08-19 19:55,11630
2019-08-19 20:00,11655
2019-08-19 20:05,11615
2019-08-19 20:10,11529
2019-08-19 20:15,11584
2019-08-19 20:20,11637
2019-08-19 20:25,11575
2019-08-19 20:30,11583
2019-08-19 20:35,11641
2019-08-19 20:40,11640
2019-08-19 20:45,11623
2019-08-19 20:50,11532
2019-08-19 20:55,11509
2019-08-19 21:00,11443
2019-08-19 21:05,11424
2019-08-19 21:10,11437
2019-08-19 21:15,11465
2019-08-19 21:20,11446
2019-08-19 21:25,11473
2019-08-19 21:30,11396
2019-08-19 21:35,11283
2019-08-19 21:40,11341
2019-08-19 21:45,11278
2019-08-19 21:50,11221
2019-08-19 21:55,11179
2019-08-19 22:00,11082
2019-08-19 22:05,10990
2019-08-19 22:10,10904
2019-08-19 22:15,10887
2019-08-19 22:20,10819
2019-08-19 22:25,10743
2019-08-19 22:30,10722
2019-08-19 22:35,10660
2019-08-19 22:40,10654
2019-08-19 22:45,10586
2019-08-19 22:50,10485
2019-08-19 22:55,10502
2019-08-19 23:00,10462
2019-08-19 23:05,10402
2019-08-19 23:10,10306
2019-08-19 23:15,10240
2019-08-19 23:20,10251
2019-08-19 23:25,10187
2019-08-19 23:30,10131
2019-08-19 23:35,10120
2019-08-19 23:40,10159
2019-08-19 23:45,10190
2019-08-19 23:50,10137
2019-08-19 23:55,10132
2019-08-20 00:00,10124
2019-08-20 00:05,10142
2019-08-20 00:10,10186
2019-08-20 00:15,10108
2019-08-20 00:20,10185
2019-08-20 00:25,10179
2019-08-20 00:30,10202
2019-08-20 00:35,10161
2019-08-20 00:40,10127
2019-08-20 00:45,10144
2019-08-20 00:50,10102
2019-08-20 00:55,10125
2019-08-20 01:00,10093
2019-08-20 01:05,10095
2019-08-20 01:10,10032
2019-08-20 01:15,10092
2019-08-20 01:20,10094
2019-08-20 01:25,10119
2019-08-20 01:30,10148
2019-08-20 01:35,10097
2019-08-20 01:40,10088
2019-08-20 01:45,10096
2019-08-20 01:50,10057
2019-08-20 01:55,10040
2019-08-20 02:00,10030
2019-08-20 02:05,10002
2019-08-20 02:10,10013
2019-08-20 02:15,9938
2019-08-20 02:20,9903
2019-08-20 02:25,9819
2019-08-20 02:30,9808
2019-08-20 02:35,9787
2019-08-20 02:40,9683
2019-08-20 02:45,9682
2019-08-20 02:50,9580
2019-08-20 02:55,9509
2019-08-20 03:00,9450
2019-08-20 03:05,9401
2019-08-20 03:10,9246
2019-08-20 03:15,9162
2019-08-20 03:20,9020
2019-08-20 03:25,8929
2019-08-20 03:30,8889
2019-08-20 03:35,8813
2019-08-20 03:40,8694
2019-08-20 03:45,8590
2019-08-20 03:50,8501
2019-08-20 03:55,8362
2019-08-20 04:00,8235
2019-08-20 04:05,8110
2019-08-20 04:10,7965
2019-08-20 04:15,7794
2019-08-20 04:20,7645
2019-08-20 04:25,7524
2019-08-20 04:30,7476
2019-08-20 04:35,7354
2019-08-20 04:40,7264
2019-08-20 04:45,7182
2019-08-20 04:50,7055
2019-08-20 04:55,6964
2019-08-20 05:00,6823
2019-08-20 05:05,6683
2019-08-20 05:10,6586
2019-08-20 05:15,6449
2019-08-20 05:20,6369
2019-08-20 05:25,6265
2019-08-20 05:30,6073
2019-08-20 05:35,5950
2019-08-20 05:40,5837
2019-08-20 05:45,5796
2019-08-20 05:50,5736
2019-08-20 05:55,5617
2019-08-20 06:00,5519
2019-08-20 06:05,5405
2019-08-20 06:10,5335
2019-08-20 06:15,5246
2019-08-20 06:20,5197
2019-08-20 06:25,5104
2019-08-20 06:30,4954
2019-08-20 06:35,4893
2019-08-20 06:40,4842
2019-08-20 06:45,4784
2019-08-20 06:50,4685
2019-08-20 06:55,4638
2019-08-20 07:00,4516
2019-08-20 07:05,4468
2019-08-20 07:10,4404
2019-08-20 07:15,4348
2019-08-20 07:20,4291
2019-08-20 07:25,4227
2019-08-20 07:30,4190
2019-08-20 07:35,4176
2019-08-20 07:40,4189
2019-08-20 07:45,4149
2019-08-20 07:50,4110
2019-08-20 07:55,4104
2019-08-20 08:00,4039
2019-08-20 08:05,3989
2019-08-20 08:10,3950
2019-08-20 08:15,4009
2019-08-20 08:20,3988
2019-08-20 08:25,4014
2019-08-20 08:30,4016
2019-08-20 08:35,4016
2019-08-20 08:40,4009
2019-08-20 08:45,4016
2019-08-20 08:50,4005
2019-08-20 08:55,4095
2019-08-20 09:00,4145
2019-08-20 09:05,4165
2019-08-20 09:10,4210
2019-08-20 09:15,4237
2019-08-20 09:20,4277
2019-08-20 09:25,4291
2019-08-20 09:30,4334
2019-08-20 09:35,4306
2019-08-20 09:40,4310
2019-08-20 09:45,4307
2019-08-20 09:50,4351
2019-08-20 09:55,4364
2019-08-20 10:00,4395
2019-08-20 10:05,4333
2019-08-20 10:10,4348
2019-08-20 10:15,4323
2019-08-20 10:20,4320
2019-08-20 10:25,4267
2019-08-20 10:30,4233
2019-08-20 10:35,4042
2019-08-20 10:40,3252
2019-08-20 10:45,2707
2019-08-20 10:50,2193
2019-08-20 10:55,1738
2019-08-20 11:00,1516
2019-08-20 11:05,1294
2019-08-20 11:10,1271
2019-08-20 11:15,1219
2019-08-20 11:20,1217
2019-08-20 11:25,1253
2019-08-20 11:30,1266
2019-08-20 11:35,1284
2019-08-20 11:40,1262
2019-08-20 11:45,1270
2019-08-20 11:50,1353
2019-08-20 11:55,1410
2019-08-20 12:00,1400
2019-08-20 12:05,1456
2019-08-20 12:10,1499
2019-08-20 12:15,1454
2019-08-20 12:20,1352
2019-08-20 12:25,1317
2019-08-20 12:30,1309
2019-08-20 12:35,1371
2019-08-20 12:40,1397
2019-08-20 12:45,1390
2019-08-20 12:50,1415
2019-08-20 12:55,1429
2019-08-20 13:00,1454
2019-08-20 13:05,1516
2019-08-20 13:10,1521
2019-08-20 13:15,1554
2019-08-20 13:20,1510
2019-08-20 13:25,1568
2019-08-20 13:30,1642
2019-08-20 13:35,1579
2019-08-20 13:40,1904
2019-08-20 13:45,2602
2019-08-20 13:50,3265
2019-08-20 13:55,3867
2019-08-20 14:00,4424
2019-08-20 14:05,4964
2019-08-20 14:10,5451
2019-08-20 14:15,5873
2019-08-20 14:20,6291
2019-08-20 14:25,6838
2019-08-20 14:30,7331
2019-08-20 14:35,7676
2019-08-20 14:40,8029
2019-08-20 14:45,8313
2019-08-20 14:50,8553
2019-08-20 14:55,8728
2019-08-20 15:00,8912
2019-08-20 15:05,9031
2019-08-20 15:10,9189
2019-08-20 15:15,9280
2019-08-20 15:20,9367
2019-08-20 15:25,9487
2019-08-20 15:30,9606
2019-08-20 15:35,9692
2019-08-20 15:40,9785
2019-08-20 15:45,9837
2019-08-20 15:50,9882
2019-08-20 15:55,10002
2019-08-20 16:00,10073
2019-08-20 16:05,10163
2019-08-20 16:10,10207
2019-08-20 16:15,10282
2019-08-20 16:20,
2019-08-20 16:25,10471
2019-08-20 16:30,10522
2019-08-20 16:35,10590
2019-08-20 16:40,10628
2019-08-20 16:45,10686
2019-08-20 16:50,10709
2019-08-20 16:55,10764
2019-08-20 17:00,10798
2019-08-20 17:05,10895
2019-08-20 17:10,10920
2019-08-20 17:15,10943
2019-08-20 17:20,11070
2019-08-20 17:25,11079
2019-08-20 17:30,11221
2019-08-20 17:35,11370
2019-08-20 17:40,11352
2019-08-20 17:45,11363
2019-08-20 17:50,11432
2019-08-20 17:55,11535
2019-08-20 18:00,11642
2019-08-20 18:05,11746
2019-08-20 18:10,11794
2019-08-20 18:15,11886
2019-08-20 18:20,11984
2019-08-20 18:25,12035
2019-08-20 18:30,12206
2019-08-20 18:35,12384
2019-08-20 18:40,12466
2019-08-20 18:45,12521
2019-08-20 18:50,12578
2019-08-20 18:55,12624
2019-08-20 19:00,12613
2019-08-20 19:05,12693
2019-08-20 19:10,12702
2019-08-20 19:15,12717
2019-08-20 19:20,12740
2019-08-20 19:25,12814
2019-08-20 19:30,12819
2019-08-20 19:35,12772
2019-08-20 19:40,12818
2019-08-20 19:45,12871
2019-08-20 19:50,12799
2019-08-20 19:55,12803
2019-08-20 20:00,12771
2019-08-20 20:05,12759
2019-08-20 20:10,12714
2019-08-20 20:15,12679
2019-08-20 20:20,12547
2019-08-20 20:25,12546
2019-08-20 20:30,12542
2019-08-20 20:35,12584
2019-08-20 20:40,12650
2019-08-20 20:45,12657
2019-08-20 20:50,12676
2019-08-20 20:55,12643
2019-08-20 21:00,12615
2019-08-20 21:05,12557
2019-08-20 21:10,12476
2019-08-20 21:15,12438
2019-08-20 21:20,12382
2019-08-20 21:25,12339
2019-08-20 21:30,12312
2019-08-20 21:35,12232
2019-08-20 21:40,12234
2019-08-20 21:45,12233
2019-08-20 21:50,12128
2019-08-20 21:55,12060
2019-08-20 22:00,12014
2019-08-20 22:05,11905
2019-08-20 22:10,
2019-08-20 22:15,
2019-08-20 22:20,11009
2019-08-20 22:25,11307
2019-08-20 22:30,11299
2019-08-20 22:35,
2019-08-20 22:40,11249
2019-08-20 22:45,11227
2019-08-20 22:50,11249
2019-08-20 22:55,11233
2019-08-20 23:00,11280
2019-08-20 23:05,11172
2019-08-20 23:10,11124
2019-08-20 23:15,11081
2019-08-20 23:20,11017
2019-08-20 23:25,10900
2019-08-20 23:30,10869
2019-08-20 23:35,10868
2019-08-20 23:40,10919
2019-08-20 23:45,10937
2019-08-20 23:50,10874
2019-08-20 23:55,10918
2019-08-21 00:00,10899
2019-08-21 00:05,10876
2019-08-21 00:10,10811
2019-08-21 00:15,10811
2019-08-21 00:20,10818
2019-08-21 00:25,10829
2019-08-21 00:30,10809
2019-08-21 00:35,10850
2019-08-21 00:40,10895
2019-08-21 00:45,10912
2019-08-21 00:50,10892
2019-08-21 00:55,10861
2019-08-21 01:00,10811
2019-08-21 01:05,10813
2019-08-21 01:10,10860
2019-08-21 01:15,10866
2019-08-21 01:20,10877
2019-08-21 01:25,10930
2019-08-21 01:30,10942
2019-08-21 01:35,10932
2019-08-21 01:40,10020
2019-08-21 01:45,10900
2019-08-21 01:50,10935
2019-08-21 01:55,10903
2019-08-21 02:00,10822
2019-08-21 02:05,10843
2019-08-21 02:10,10796
2019-08-21 02:15,10772
2019-08-21 02:20,10773
2019-08-21 02:25,10715
2019-08-21 02:30,10715
2019-08-21 02:35,10667
2019-08-21 02:40,10601
2019-08-21 02:45,10516
2019-08-21 02:50,10471
2019-08-21 02:55,10387
2019-08-21 03:00,10292
2019-08-21 03:05,10222
2019-08-21 03:10,10104
2019-08-21 03:15,9985
2019-08-21 03:20,9869
2019-08-21 03:25,9698
2019-08-21 03:30,9696
2019-08-21 03:35,9551
2019-08-21 03:40,9397
2019-08-21 03:45,9266
2019-08-21 03:50,9163
2019-08-21 03:55,9171
2019-08-21 04:00,9047
2019-08-21 04:05,8940
2019-08-21 04:10,8789
2019-08-21 04:15,8278
2019-08-21 04:20,8489
2019-08-21 04:25,8338
2019-08-21 04:30,8077
2019-08-21 04:35,8148
2019-08-21 04:40,7907
2019-08-21 04:45,7921
2019-08-21 04:50,7709
2019-08-21 04:55,7635
2019-08-21 05:00,7186
2019-08-21 05:05,7375
2019-08-21 05:10,7257
2019-08-21 05:15,6889
2019-08-21 05:20,7007
2019-08-21 05:25,6919
2019-08-21 05:30,6408
2019-08-21 05:35,6621
2019-08-21 05:40,6513
2019-08-21 05:45,6403
2019-08-21 05:50,6288
2019-08-21 05:55,6204
2019-08-21 06:00,6086
2019-08-21 06:05,5980
2019-08-21 06:10,5851
2019-08-21 06:15,5742
2019-08-21 06:20,5668
2019-08-21 06:25,5585
2019-08-21 06:30,5521
2019-08-21 06:35,5420
2019-08-21 06:40,5290
2019-08-21 06:45,5146
2019-08-21 06:50,5022
2019-08-21 06:55,4960
2019-08-21 07:00,4756
2019-08-21 07:05,4509
2019-08-21 07:10,4587
2019-08-21 07:15,4514
2019-08-21 07:20,4415
2019-08-21 07:25,4369
2019-08-21 07:30,4211
2019-08-21 07:35,4137
2019-08-21 07:40,3285
2019-08-21 07:45,2745
2019-08-21 07:50,2213
2019-08-21 07:55,1731
2019-08-21 08:00,1474
2019-08-21 08:05,1348
2019-08-21 08:10,1314
2019-08-21 08:15,1198
2019-08-21 08:20,1162
2019-08-21 08:25,1184
2019-08-21 08:30,1175
2019-08-21 08:35,1217
2019-08-21 08:40,1483
2019-08-21 08:45,1896
2019-08-21 08:50,2210
2019-08-21 08:55,2570
2019-08-21 09:00,2824
2019-08-21 09:05,3107
2019-08-21 09:10,3394
2019-08-21 09:15,3651
2019-08-21 09:20,3803
2019-08-21 09:25,4042
2019-08-21 09:30,4221
2019-08-21 09:35,4345
2019-08-21 09:40,4431
2019-08-21 09:45,4594
2019-08-21 09:50,4685
2019-08-21 09:55,4834
2019-08-21 10:00,4853
2019-08-21 10:05,4967
2019-08-21 10:10,5029
2019-08-21 10:15,5086
2019-08-21 10:20,5125
2019-08-21 10:25,5157
2019-08-21 10:30,5243
2019-08-21 10:35,5286
2019-08-21 10:40,5333
2019-08-21 10:45,5358
2019-08-21 10:50,5398
2019-08-21 10:55,5480
2019-08-21 11:00,5534
2019-08-21 11:05,5535
2019-08-21 11:10,5602
2019-08-21 11:15,5640
2019-08-21 11:20,5701
2019-08-21 11:25,5734
2019-08-21 11:30,5764
2019-08-21 11:35,5793
2019-08-21 11:40,5819
2019-08-21 11:45,5858
2019-08-21 11:50,5979
2019-08-21 11:55,6047
2019-08-21 12:00,6082
2019-08-21 12:05,6150
2019-08-21 12:10,6110
2019-08-21 12:15,6187
2019-08-21 12:20,6203
2019-08-21 12:25,6313
2019-08-21 12:30,6370
2019-08-21 12:35,6427
2019-08-21 12:40,6335
2019-08-21 12:45,6534
2019-08-21 12:50,6596
2019-08-21 12:55,6629
2019-08-21 13:00,6689
2019-08-21 13:05,6762
2019-08-21 13:10,6839
2019-08-21 13:15,6945
2019-08-21 13:20,7037
2019-08-21 13:25,7102
2019-08-21 13:30,7197
2019-08-21 13:35,7226
2019-08-21 13:40,7310
2019-08-21 13:45,7415
2019-08-21 13:50,7494
2019-08-21 13:55,7580
2019-08-21 14:00,7667
2019-08-21 14:05,7801
2019-08-21 14:10,7890
2019-08-21 14:15,7958
2019-08-21 14:20,8033
2019-08-21 14:25,8145
2019-08-21 14:30,8226
2019-08-21 14:35,8278
2019-08-21 14:40,8307
2019-08-21 14:45,8338
2019-08-21 14:50,8388
2019-08-21 14:55,8466
2019-08-21 15:00,8539
2019-08-21 15:05,8629
2019-08-21 15:10,8734
2019-08-21 15:15,8732
2019-08-21 15:20,8758
2019-08-21 15:25,8787
2019-08-21 15:30,8854
2019-08-21 15:35,8926
2019-08-21 15:40,8991
2019-08-21 15:45,9078
2019-08-21 15:50,9127
2019-08-21 15:55,9191
2019-08-21 16:00,9272
2019-08-21 16:05,9251
2019-08-21 16:10,9304
2019-08-21 16:15,9298
2019-08-21 16:20,9377
2019-08-21 16:25,9456
2019-08-21 16:30,9521
2019-08-21 16:35,9532
2019-08-21 16:40,9641
2019-08-21 16:45,9754
2019-08-21 16:50,9750
2019-08-21 16:55,9863
2019-08-21 17:00,9955
2019-08-21 17:05,10087
2019-08-21 17:10,10231
2019-08-21 17:15,10292
2019-08-21 17:20,10345
2019-08-21 17:25,10441
2019-08-21 17:30,10505
2019-08-21 17:35,10536
2019-08-21 17:40,10579
2019-08-21 17:45,10695
2019-08-21 17:50,10828
2019-08-21 17:55,10904
2019-08-21 18:00,10946
2019-08-21 18:05,10894
2019-08-21 18:10,11155
2019-08-21 18:15,11066
2019-08-21 18:20,11168
2019-08-21 18:25,11301
2019-08-21 18:30,11400
2019-08-21 18:35,11444
2019-08-21 18:40,11542
2019-08-21 18:45,11666
2019-08-21 18:50,11702
2019-08-21 18:55,11716
2019-08-21 19:00,11801
2019-08-21 19:05,11896
2019-08-21 19:10,11966
2019-08-21 19:15,11988
2019-08-21 19:20,12050
2019-08-21 19:25,12031
2019-08-21 19:30,12122
2019-08-21 19:35,12154
2019-08-21 19:40,12196
2019-08-21 19:45,12263
2019-08-21 19:50,12259
2019-08-21 19:55,12360
2019-08-21 20:00,12382
2019-08-21 20:05,12388
2019-08-21 20:10,12348
2019-08-21 20:15,12247
2019-08-21 20:20,12221
2019-08-21 20:25,12222
2019-08-21 20:30,12175
2019-08-21 20:35,12071
2019-08-21 20:40,12119
2019-08-21 20:45,12044
2019-08-21 20:50,12052
2019-08-21 20:55,12011
2019-08-21 21:00,11910
2019-08-21 21:05,11976
2019-08-21 21:10,11930
2019-08-21 21:15,11925
2019-08-21 21:20,11898
2019-08-21 21:25,11838
2019-08-21 21:30,11783
2019-08-21 21:35,11687
2019-08-21 21:40,11716
2019-08-21 21:45,11692
2019-08-21 21:50,11610
2019-08-21 21:55,9131
2019-08-21 22:00,11485
2019-08-21 22:05,11375
2019-08-21 22:10,11077
2019-08-21 22:15,9961
2019-08-21 22:20,9748
2019-08-21 22:25,9556
2019-08-21 22:30,9511
2019-08-21 22:35,9510
2019-08-21 22:40,9573
2019-08-21 22:45,9566
2019-08-21 22:50,9534
2019-08-21 22:55,9605
2019-08-21 23:00,9568
2019-08-21 23:05,9694
2019-08-21 23:10,9616
2019-08-21 23:15,9704
2019-08-21 23:20,9711
2019-08-21 23:25,9747
2019-08-21 23:30,9699
2019-08-21 23:35,9661
2019-08-21 23:40,9736
2019-08-21 23:45,9702
2019-08-21 23:50,9610
2019-08-21 23:55,9622
2019-08-22 00:00,9599
2019-08-22 00:05,9554
2019-08-22 00:10,9494
2019-08-22 00:15,9504
2019-08-22 00:20,9510
2019-08-22 00:25,9463
2019-08-22 00:30,9499
2019-08-22 00:35,9491
2019-08-22 00:40,9570
2019-08-22 00:45,9548
2019-08-22 00:50,9590
2019-08-22 00:55,9593
2019-08-22 01:00,9527
2019-08-22 01:05,9488
2019-08-22 01:10,9455
2019-08-22 01:15,9425
2019-08-22 01:20,9479
2019-08-22 01:25,9486
2019-08-22 01:30,9445
2019-08-22 01:35,9386
2019-08-22 01:40,9290
2019-08-22 01:45,9068
2019-08-22 01:50,8443
2019-08-22 01:55,7892
2019-08-22 02:00,7338
2019-08-22 02:05,6952
2019-08-22 02:10,6635
2019-08-22 02:15,6612
2019-08-22 02:20,6414
2019-08-22 02:25,6749
2019-08-22 02:30,6904
2019-08-22 02:35,7124
2019-08-22 02:40,7367
2019-08-22 02:45,7415
2019-08-22 02:50,7532
2019-08-22 02:55,6901
2019-08-22 03:00,3183
2019-08-22 03:05,2909
2019-08-22 03:10,2664
2019-08-22 03:15,2445
2019-08-22 03:20,2357
2019-08-22 03:25,3129
2019-08-22 03:30,3876
2019-08-22 03:35,4516
2019-08-22 03:40,5034
2019-08-22 03:45,5493
2019-08-22 03:50,5844
2019-08-22 03:55,6148
2019-08-22 04:00,6433
2019-08-22 04:05,6671
2019-08-22 04:10,6837
2019-08-22 04:15,7002
2019-08-22 04:20,7131
2019-08-22 04:25,7233
2019-08-22 04:30,7319
2019-08-22 04:35,7294
2019-08-22 04:40,7329
2019-08-22 04:45,7301
2019-08-22 04:50,7288
2019-08-22 04:55,7268
2019-08-22 05:00,7203
2019-08-22 05:05,7128
2019-08-22 05:10,7048
2019-08-22 05:15,6988
2019-08-22 05:20,6902
2019-08-22 05:25,6807
2019-08-22 05:30,6604
2019-08-22 05:35,6504
2019-08-22 05:40,6407
2019-08-22 05:45,6301
2019-08-22 05:50,6197
2019-08-22 05:55,6070
2019-08-22 06:00,5987
2019-08-22 06:05,5894
2019-08-22 06:10,5815
2019-08-22 06:15,5721
2019-08-22 06:20,5620
2019-08-22 06:25,5515
2019-08-22 06:30,5390
2019-08-22 06:35,5389
2019-08-22 06:40,5346
2019-08-22 06:45,5266
2019-08-22 06:50,5185
2019-08-22 06:55,5106
2019-08-22 07:00,5023
2019-08-22 07:05,4963
2019-08-22 07:10,4930
2019-08-22 07:15,4882
2019-08-22 07:20,4825
2019-08-22 07:25,4734
2019-08-22 07:30,4673
2019-08-22 07:35,4629
2019-08-22 07:40,4592
2019-08-22 07:45,4554
2019-08-22 07:50,4528
2019-08-22 07:55,4496
2019-08-22 08:00,4495
2019-08-22 08:05,4421
2019-08-22 08:10,4417
2019-08-22 08:15,4394
2019-08-22 08:20,4370
2019-08-22 08:25,4352
2019-08-22 08:30,4334
2019-08-22 08:35,4300
2019-08-22 08:40,4296
2019-08-22 08:45,4323
2019-08-22 08:50,4343
2019-08-22 08:55,4355
2019-08-22 09:00,4384
2019-08-22 09:05,4404
2019-08-22 09:10,4446
2019-08-22 09:15,4479
2019-08-22 09:20,4511
2019-08-22 09:25,4552
2019-08-22 09:30,4518
2019-08-22 09:35,4575
2019-08-22 09:40,4646
2019-08-22 09:45,4689
2019-08-22 09:50,4676
2019-08-22 09:55,4720
2019-08-22 10:00,4741
2019-08-22 10:05,4733
2019-08-22 10:10,4789
2019-08-22 10:15,4876
2019-08-22 10:20,4932
2019-08-22 10:25,4968
2019-08-22 10:30,3695
2019-08-22 10:35,5017
2019-08-22 10:40,5043
2019-08-22 10:45,5073
2019-08-22 10:50,5083
2019-08-22 10:55,5105
2019-08-22 11:00,5130
2019-08-22 11:05,5188
2019-08-22 11:10,5274
2019-08-22 11:15,5277
2019-08-22 11:20,5337
2019-08-22 11:25,5429
2019-08-22 11:30,5462
2019-08-22 11:35,5458
2019-08-22 11:40,5535
2019-08-22 11:45,5557
2019-08-22 11:50,5644
2019-08-22 11:55,5701
2019-08-22 12:00,5759
2019-08-22 12:05,5796
2019-08-22 12:10,5894
2019-08-22 12:15,5990
2019-08-22 12:20,6006
2019-08-22 12:25,6079
2019-08-22 12:30,6135
2019-08-22 12:35,6175
2019-08-22 12:40,6258
2019-08-22 12:45,6345
2019-08-22 12:50,6428
2019-08-22 12:55,6508
2019-08-22 13:00,6630
2019-08-22 13:05,6702
2019-08-22 13:10,6763
2019-08-22 13:15,6780
2019-08-22 13:20,6831
2019-08-22 13:25,6918
2019-08-22 13:30,6958
2019-08-22 13:35,7046
2019-08-22 13:40,7092
2019-08-22 13:45,7173
2019-08-22 13:50,7316
2019-08-22 13:55,7415
2019-08-22 14:00,7444
2019-08-22 14:05,7501
2019-08-22 14:10,7579
2019-08-22 14:15,7682
2019-08-22 14:20,7791
2019-08-22 14:25,7888
2019-08-22 14:30,7938
2019-08-22 14:35,7993
2019-08-22 14:40,8080
2019-08-22 14:45,8113
2019-08-22 14:50,8192
2019-08-22 14:55,8214
2019-08-22 15:00,8233
2019-08-22 15:05,8224
2019-08-22 15:10,8280
2019-08-22 15:15,8313
2019-08-22 15:20,8387
2019-08-22 15:25,8502
2019-08-22 15:30,8567
2019-08-22 15:35,8571
2019-08-22 15:40,8672
2019-08-22 15:45,8725
2019-08-22 15:50,8764
2019-08-22 15:55,8873
2019-08-22 16:00,8976
2019-08-22 16:05,9099
2019-08-22 16:10,9080
2019-08-22 16:15,9108
2019-08-22 16:20,9181
2019-08-22 16:25,9260
2019-08-22 16:30,9334
2019-08-22 16:35,9405
2019-08-22 16:40,9489
2019-08-22 16:45,9504
2019-08-22 16:50,9621
2019-08-22 16:55,9676
2019-08-22 17:00,9775
2019-08-22 17:05,9887
2019-08-22 17:10,9992
2019-08-22 17:15,10016
2019-08-22 17:20,10064
2019-08-22 17:25,10126
2019-08-22 17:30,10175
2019-08-22 17:35,10243
2019-08-22 17:40,10253
2019-08-22 17:45,10327
2019-08-22 17:50,10441
2019-08-22 17:55,10563
2019-08-22 18:00,10707
2019-08-22 18:05,10760
2019-08-22 18:10,10840
2019-08-22 18:15,10945
2019-08-22 18:20,11010
2019-08-22 18:25,11082
2019-08-22 18:30,11106
2019-08-22 18:35,11165
2019-08-22 18:40,11253
2019-08-22 18:45,11363
2019-08-22 18:50,11355
2019-08-22 18:55,11363
2019-08-22 19:00,11415
2019-08-22 19:05,11434
2019-08-22 19:10,11458
2019-08-22 19:15,11491
2019-08-22 19:20,11498
2019-08-22 19:25,11531
2019-08-22 19:30,11568
2019-08-22 19:35,11556
2019-08-22 19:40,11642
2019-08-22 19:45,11718
2019-08-22 19:50,11777
2019-08-22 19:55,11750
2019-08-22 20:00,11806
2019-08-22 20:05,11818
2019-08-22 20:10,11834
2019-08-22 20:15,11843
2019-08-22 20:20,11810
2019-08-22 20:25,11827
2019-08-22 20:30,11800
2019-08-22 20:35,11806
2019-08-22 20:40,11808
2019-08-22 20:45,11833
2019-08-22 20:50,11825
2019-08-22 20:55,11818
2019-08-22 21:00,11753
2019-08-22 21:05,11771
2019-08-22 21:10,11743
2019-08-22 21:15,11651
2019-08-22 21:20,11622
2019-08-22 21:25,11592
2019-08-22 21:30,11574
2019-08-22 21:35,11463
2019-08-22 21:40,11378
2019-08-22 21:45,11331
2019-08-22 21:50,11263
2019-08-22 21:55,11223
2019-08-22 22:00,11107
2019-08-22 22:05,11089
2019-08-22 22:10,10978
2019-08-22 22:15,10929
2019-08-22 22:20,10921
2019-08-22 22:25,10869
2019-08-22 22:30,10840
2019-08-22 22:35,10810
2019-08-22 22:40,10721
2019-08-22 22:45,10716
2019-08-22 22:50,10683
2019-08-22 22:55,10636
2019-08-22 23:00,10586
2019-08-22 23:05,10551
2019-08-22 23:10,10541
2019-08-22 23:15,10493
2019-08-22 23:20,10445
2019-08-22 23:25,10397
2019-08-22 23:30,10386
2019-08-22 23:35,10336
2019-08-22 23:40,10280
2019-08-22 23:45,10335
2019-08-22 23:50,10341
2019-08-22 23:55,10340
2019-08-23 00:00,10335
2019-08-23 00:05,10237
2019-08-23 00:10,10246
2019-08-23 00:15,10227
2019-08-23 00:20,10185
2019-08-23 00:25,10193
2019-08-23 00:30,10222
2019-08-23 00:35,10204
2019-08-23 00:40,8408
2019-08-23 00:45,10184
2019-08-23 00:50,10188
2019-08-23 00:55,10213
2019-08-23 01:00,10267
2019-08-23 01:05,10239
2019-08-23 01:10,10295
2019-08-23 01:15,10248
2019-08-23 01:20,10206
2019-08-23 01:25,10182
2019-08-23 01:30,10161
2019-08-23 01:35,10254
2019-08-23 01:40,10217
2019-08-23 01:45,10264
2019-08-23 01:50,10279
2019-08-23 01:55,10345
2019-08-23 02:00,10387
2019-08-23 02:05,10343
2019-08-23 02:10,10308
2019-08-23 02:15,10377
2019-08-23 02:20,10320
2019-08-23 02:25,10257
2019-08-23 02:30,10204
2019-08-23 02:35,10159
2019-08-23 02:40,7516
2019-08-23 02:45,10138
2019-08-23 02:50,10043
2019-08-23 02:55,10034
2019-08-23 03:00,9964
2019-08-23 03:05,9932
2019-08-23 03:10,9812
2019-08-23 03:15,9686
2019-08-23 03:20,9593
2019-08-23 03:25,9482
2019-08-23 03:30,9376
2019-08-23 03:35,9274
2019-08-23 03:40,9165
2019-08-23 03:45,9083
2019-08-23 03:50,8961
2019-08-23 03:55,8903
2019-08-23 04:00,8775
2019-08-23 04:05,8678
2019-08-23 04:10,8509
2019-08-23 04:15,8442
2019-08-23 04:20,8295
2019-08-23 04:25,8160
2019-08-23 04:30,8052
2019-08-23 04:35,7940
2019-08-23 04:40,7854
2019-08-23 04:45,7737
2019-08-23 04:50,7597
2019-08-23 04:55,7433
2019-08-23 05:00,5421
2019-08-23 05:05,7191
2019-08-23 05:10,7077
2019-08-23 05:15,6911
2019-08-23 05:20,6793
2019-08-23 05:25,6612
2019-08-23 05:30,6483
2019-08-23 05:35,6342
2019-08-23 05:40,6214
2019-08-23 05:45,6136
2019-08-23 05:50,6088
2019-08-23 05:55,5943
2019-08-23 06:00,5830
2019-08-23 06:05,5731
2019-08-23 06:10,5610
2019-08-23 06:15,5512
2019-08-23 06:20,5404
2019-08-23 06:25,5334
2019-08-23 06:30,5281
2019-08-23 06:35,5184
2019-08-23 06:40,3813
2019-08-23 06:45,5028
2019-08-23 06:50,4986
2019-08-23 06:55,4942
2019-08-23 07:00,4846
2019-08-23 07:05,4740
2019-08-23 07:10,4668
2019-08-23 07:15,4658
2019-08-23 07:20,4616
2019-08-23 07:25,4576
2019-08-23 07:30,4578
2019-08-23 07:35,4561
2019-08-23 07:40,4535
2019-08-23 07:45,4481
2019-08-23 07:50,4406
2019-08-23 07:55,4382
2019-08-23 08:00,4372
2019-08-23 08:05,4362
2019-08-23 08:10,4305
2019-08-23 08:15,4315
2019-08-23 08:20,4307
2019-08-23 08:25,4327
2019-08-23 08:30,4285
2019-08-23 08:35,3636
2019-08-23 08:40,4260
2019-08-23 08:45,3639
2019-08-23 08:50,4244
2019-08-23 08:55,3613
2019-08-23 09:00,4272
2019-08-23 09:05,4347
2019-08-23 09:10,4351
2019-08-23 09:15,4451
2019-08-23 09:20,4548
2019-08-23 09:25,4625
2019-08-23 09:30,4653
2019-08-23 09:35,4692
2019-08-23 09:40,4790
2019-08-23 09:45,4803
2019-08-23 09:50,4868
2019-08-23 09:55,4937
2019-08-23 10:00,4966
2019-08-23 10:05,5017
2019-08-23 10:10,5065
2019-08-23 10:15,5057
2019-08-23 10:20,5111
2019-08-23 10:25,5147
2019-08-23 10:30,5203
2019-08-23 10:35,5226
2019-08-23 10:40,5259
2019-08-23 10:45,5276
2019-08-23 10:50,5347
2019-08-23 10:55,5379
2019-08-23 11:00,5382
2019-08-23 11:05,5399
2019-08-23 11:10,5435
2019-08-23 11:15,5552
2019-08-23 11:20,5619
2019-08-23 11:25,5675
2019-08-23 11:30,5755
2019-08-23 11:35,5849
2019-08-23 11:40,5943
2019-08-23 11:45,5998
2019-08-23 11:50,6050
2019-08-23 11:55,6108
2019-08-23 12:00,6218
2019-08-23 12:05,6254
2019-08-23 12:10,6303
2019-08-23 12:15,6391
2019-08-23 12:20,6458
2019-08-23 12:25,6515
2019-08-23 12:30,6550
2019-08-23 12:35,6666
2019-08-23 12:40,6695
2019-08-23 12:45,6779
2019-08-23 12:50,6875
2019-08-23 12:55,6974
2019-08-23 13:00,7080
2019-08-23 13:05,7113
2019-08-23 13:10,7161
2019-08-23 13:15,7195
2019-08-23 13:20,7261
2019-08-23 13:25,7322
2019-08-23 13:30,7427
2019-08-23 13:35,7515
2019-08-23 13:40,7657
2019-08-23 13:45,7757
2019-08-23 13:50,7877
2019-08-23 13:55,7929
2019-08-23 14:00,8005
2019-08-23 14:05,8040
2019-08-23 14:10,8080
2019-08-23 14:15,8138
2019-08-23 14:20,8162
2019-08-23 14:25,8248
2019-08-23 14:30,8391
2019-08-23 14:35,8501
2019-08-23 14:40,8564
2019-08-23 14:45,8668
2019-08-23 14:50,8711
2019-08-23 14:55,8826
2019-08-23 15:00,8894
2019-08-23 15:05,8898
2019-08-23 15:10,8980
2019-08-23 15:15,9005
2019-08-23 15:20,9119
2019-08-23 15:25,9108
2019-08-23 15:30,9222
2019-08-23 15:35,9224
2019-08-23 15:40,9300
2019-08-23 15:45,9349
2019-08-23 15:50,9396
2019-08-23 15:55,9458
2019-08-23 16:00,9547
2019-08-23 16:05,9542
2019-08-23 16:10,9599
2019-08-23 16:15,9690
2019-08-23 16:20,9781
2019-08-23 16:25,9841
2019-08-23 16:30,9918
2019-08-23 16:35,622
2019-08-23 16:40,9965
2019-08-23 16:45,10002
2019-08-23 16:50,10059
2019-08-23 16:55,10114
2019-08-23 17:00,10217
2019-08-23 17:05,10293
2019-08-23 17:10,10346
2019-08-23 17:15,10425
2019-08-23 17:20,10396
2019-08-23 17:25,10554
2019-08-23 17:30,10580
2019-08-23 17:35,10653
2019-08-23 17:40,10783
2019-08-23 17:45,10813
2019-08-23 17:50,10933
2019-08-23 17:55,11065
2019-08-23 18:00,10970
2019-08-23 18:05,11101
2019-08-23 18:10,11224
2019-08-23 18:15,11318
2019-08-23 18:20,11415
2019-08-23 18:25,11506
2019-08-23 18:30,11576
2019-08-23 18:35,11605
2019-08-23 18:40,11808
2019-08-23 18:45,11781
2019-08-23 18:50,11859
2019-08-23 18:55,11919
2019-08-23 19:00,11996
2019-08-23 19:05,12018
2019-08-23 19:10,12126
2019-08-23 19:15,12246
2019-08-23 19:20,12329
2019-08-23 19:25,12400
2019-08-23 19:30,12460
2019-08-23 19:35,12449
2019-08-23 19:40,12481
2019-08-23 19:45,12435
2019-08-23 19:50,12420
2019-08-23 19:55,12438
2019-08-23 20:00,12546
2019-08-23 20:05,12587
2019-08-23 20:10,12608
2019-08-23 20:15,12616
2019-08-23 20:20,12584
2019-08-23 20:25,12559
2019-08-23 20:30,12570
2019-08-23 20:35,12620
2019-08-23 20:40,12610
2019-08-23 20:45,12548
2019-08-23 20:50,12613
2019-08-23 20:55,12622
2019-08-23 21:00,12573
2019-08-23 21:05,12505
2019-08-23 21:10,12459
2019-08-23 21:15,12494
2019-08-23 21:20,12511
2019-08-23 21:25,12447
2019-08-23 21:30,12454
2019-08-23 21:35,12404
2019-08-23 21:40,12433
2019-08-23 21:45,12397
2019-08-23 21:50,12391
2019-08-23 21:55,12245
2019-08-23 22:00,12233
2019-08-23 22:05,12234
2019-08-23 22:10,12266
2019-08-23 22:15,12119
2019-08-23 22:20,12138
2019-08-23 22:25,12026
2019-08-23 22:30,11971
2019-08-23 22:35,11993
2019-08-23 22:40,11856
2019-08-23 22:45,11866
2019-08-23 22:50,11802
2019-08-23 22:55,11701
2019-08-23 23:00,11691
2019-08-23 23:05,11700
2019-08-23 23:10,11697
2019-08-23 23:15,11588
2019-08-23 23:20,11515
2019-08-23 23:25,11517
2019-08-23 23:30,11416
2019-08-23 23:35,11435
2019-08-23 23:40,11349
2019-08-23 23:45,11296
2019-08-23 23:50,11214
2019-08-23 23:55,11225
2019-08-24 00:00,11150
2019-08-24 00:05,11100
2019-08-24 00:10,11025
2019-08-24 00:15,10959
2019-08-24 00:20,10926
2019-08-24 00:25,10932
2019-08-24 00:30,10910
2019-08-24 00:35,10960
2019-08-24 00:40,10909
2019-08-24 00:45,5585
2019-08-24 00:50,10873
2019-08-24 00:55,10898
2019-08-24 01:00,10813
2019-08-24 01:05,10821
2019-08-24 01:10,10832
2019-08-24 01:15,10871
2019-08-24 01:20,10830
2019-08-24 01:25,10900
2019-08-24 01:30,10988
2019-08-24 01:35,10942
2019-08-24 01:40,11027
2019-08-24 01:45,11029
2019-08-24 01:50,11041
2019-08-24 01:55,11027
2019-08-24 02:00,11033
2019-08-24 02:05,11043
2019-08-24 02:10,11015
2019-08-24 02:15,11002
2019-08-24 02:20,11023
2019-08-24 02:25,10984
2019-08-24 02:30,10970
2019-08-24 02:35,10958
2019-08-24 02:40,11022
2019-08-24 02:45,10990
2019-08-24 02:50,10946
2019-08-24 02:55,10899
2019-08-24 03:00,10873
2019-08-24 03:05,10867
2019-08-24 03:10,10783
2019-08-24 03:15,9961
2019-08-24 03:20,8251
2019-08-24 03:25,7241
2019-08-24 03:30,6519
2019-08-24 03:35,5879
2019-08-24 03:40,4619
2019-08-24 03:45,3763
2019-08-24 03:50,3162
2019-08-24 03:55,2754
2019-08-24 04:00,3055
2019-08-24 04:05,3713
2019-08-24 04:10,4415
2019-08-24 04:15,4986
2019-08-24 04:20,5440
2019-08-24 04:25,5859
2019-08-24 04:30,6215
2019-08-24 04:35,6577
2019-08-24 04:40,6843
2019-08-24 04:45,7077
2019-08-24 04:50,7301
2019-08-24 04:55,7495
2019-08-24 05:00,7616
2019-08-24 05:05,7665
2019-08-24 05:10,7826
2019-08-24 05:15,7863
2019-08-24 05:20,7885
2019-08-24 05:25,7922
2019-08-24 05:30,7970
2019-08-24 05:35,7954
2019-08-24 05:40,7988
2019-08-24 05:45,8002
2019-08-24 05:50,7975
2019-08-24 05:55,7909
2019-08-24 06:00,7858
2019-08-24 06:05,7829
2019-08-24 06:10,7720
2019-08-24 06:15,7567
2019-08-24 06:20,7532
2019-08-24 06:25,7395
2019-08-24 06:30,7322
2019-08-24 06:35,7164
2019-08-24 06:40,7038
2019-08-24 06:45,6975
2019-08-24 06:50,6910
2019-08-24 06:55,6814
2019-08-24 07:00,6655
2019-08-24 07:05,6584
2019-08-24 07:10,6456
2019-08-24 07:15,6386
2019-08-24 07:20,6230
2019-08-24 07:25,6174
2019-08-24 07:30,6101
2019-08-24 07:35,6051
2019-08-24 07:40,6015
2019-08-24 07:45,6010
2019-08-24 07:50,5962
2019-08-24 07:55,5892
2019-08-24 08:00,5834
2019-08-24 08:05,5809
2019-08-24 08:10,5764
2019-08-24 08:15,5746
2019-08-24 08:20,5734
2019-08-24 08:25,5696
2019-08-24 08:30,5695
2019-08-24 08:35,5692
2019-08-24 08:40,5660
2019-08-24 08:45,5672
2019-08-24 08:50,5661
2019-08-24 08:55,5724
2019-08-24 09:00,5727
2019-08-24 09:05,5746
2019-08-24 09:10,5816
2019-08-24 09:15,5859
2019-08-24 09:20,5851
2019-08-24 09:25,5420
2019-08-24 09:30,5920
2019-08-24 09:35,5953
2019-08-24 09:40,5969
2019-08-24 09:45,5939
2019-08-24 09:50,5959
2019-08-24 09:55,6021
2019-08-24 10:00,526
2019-08-24 10:05,6105
2019-08-24 10:10,6156
2019-08-24 10:15,6191
2019-08-24 10:20,6224
2019-08-24 10:25,6270
2019-08-24 10:30,634
2019-08-24 10:35,6308
2019-08-24 10:40,5392
2019-08-24 10:45,6359
2019-08-24 10:50,6413
2019-08-24 10:55,558
2019-08-24 11:00,6547
2019-08-24 11:05,1198
2019-08-24 11:10,672
2019-08-24 11:15,6682
2019-08-24 11:20,6741
2019-08-24 11:25,6765
2019-08-24 11:30,687
2019-08-24 11:35,6839
2019-08-24 11:40,6878
2019-08-24 11:45,6946
2019-08-24 11:50,7015
2019-08-24 11:55,7066
2019-08-24 12:00,7101
2019-08-24 12:05,7185
2019-08-24 12:10,7268
2019-08-24 12:15,732
2019-08-24 12:20,7332
2019-08-24 12:25,7424
2019-08-24 12:30,7516
2019-08-24 12:35,7529
2019-08-24 12:40,7644
2019-08-24 12:45,7732
2019-08-24 12:50,7726
2019-08-24 12:55,779
2019-08-24 13:00,7900
2019-08-24 13:05,7941
2019-08-24 13:10,8053
2019-08-24 13:15,8050
2019-08-24 13:20,8263
2019-08-24 13:25,8280
2019-08-24 13:30,8384
2019-08-24 13:35,8498
2019-08-24 13:40,8572
2019-08-24 13:45,8693
2019-08-24 13:50,8814
2019-08-24 13:55,8873
2019-08-24 14:00,8907
2019-08-24 14:05,9005
2019-08-24 14:10,9136
2019-08-24 14:15,9248
2019-08-24 14:20,9311
2019-08-24 14:25,9396
2019-08-24 14:30,9507
2019-08-24 14:35,9588
2019-08-24 14:40,9665
2019-08-24 14:45,930
2019-08-24 14:50,942
2019-08-24 14:55,10075
2019-08-24 15:00,10132
2019-08-24 15:05,10211
2019-08-24 15:10,10280
2019-08-24 15:15,10333
2019-08-24 15:20,10327
2019-08-24 15:25,10381
2019-08-24 15:30,10462
2019-08-24 15:35,10511
2019-08-24 15:40,10578
2019-08-24 15:45,10708
2019-08-24 15:50,10772
2019-08-24 15:55,10837
2019-08-24 16:00,685
2019-08-24 16:05,10863
2019-08-24 16:10,10958
2019-08-24 16:15,11071
2019-08-24 16:20,11168
2019-08-24 16:25,11240
2019-08-24 16:30,11352
2019-08-24 16:35,11370
2019-08-24 16:40,11412
2019-08-24 16:45,11511
2019-08-24 16:50,11607
2019-08-24 16:55,11707
2019-08-24 17:00,11725
2019-08-24 17:05,11763
2019-08-24 17:10,11743
2019-08-24 17:15,11842
2019-08-24 17:20,11945
2019-08-24 17:25,11893
2019-08-24 17:30,12018
2019-08-24 17:35,12109
2019-08-24 17:40,827
2019-08-24 17:45,12240
2019-08-24 17:50,12250
2019-08-24 17:55,12442
2019-08-24 18:00,12406
2019-08-24 18:05,12357
2019-08-24 18:10,12581
2019-08-24 18:15,12670
2019-08-24 18:20,12767
2019-08-24 18:25,12853
2019-08-24 18:30,12977
2019-08-24 18:35,13052
2019-08-24 18:40,13186
2019-08-24 18:45,13232
2019-08-24 18:50,13361
2019-08-24 18:55,13321
2019-08-24 19:00,13396
2019-08-24 19:05,13429
2019-08-24 19:10,13515
2019-08-24 19:15,13616
2019-08-24 19:20,13616
2019-08-24 19:25,13709
2019-08-24 19:30,13813
2019-08-24 19:35,13824
2019-08-24 19:40,13839
2019-08-24 19:45,13837
2019-08-24 19:50,13849
2019-08-24 19:55,13874
2019-08-24 20:00,13854
2019-08-24 20:05,13899
2019-08-24 20:10,13936
2019-08-24 20:15,13973
2019-08-24 20:20,13979
2019-08-24 20:25,14017
2019-08-24 20:30,14068
2019-08-24 20:35,1055
2019-08-24 20:40,14076
2019-08-24 20:45,14032
2019-08-24 20:50,14021
2019-08-24 20:55,14081
2019-08-24 21:00,14087
2019-08-24 21:05,14116
2019-08-24 21:10,14022
2019-08-24 21:15,13982
2019-08-24 21:20,13923
2019-08-24 21:25,13914
2019-08-24 21:30,13920
2019-08-24 21:35,13895
2019-08-24 21:40,13800
2019-08-24 21:45,13750
2019-08-24 21:50,13711
2019-08-24 21:55,13682
2019-08-24 22:00,13609
2019-08-24 22:05,13573
2019-08-24 22:10,13427
2019-08-24 22:15,13287
2019-08-24 22:20,13123
2019-08-24 22:25,13101
2019-08-24 22:30,13011
2019-08-24 22:35,12934
2019-08-24 22:40,12844
2019-08-24 22:45,12764
2019-08-24 22:50,12694
2019-08-24 22:55,12555
2019-08-24 23:00,12501
2019-08-24 23:05,12379
2019-08-24 23:10,12318
2019-08-24 23:15,12186
2019-08-24 23:20,12109
2019-08-24 23:25,11998
2019-08-24 23:30,11963
2019-08-24 23:35,11964
2019-08-24 23:40,11945
2019-08-24 23:45,11827
2019-08-24 23:50,11751
2019-08-24 23:55,5335
2019-08-25 00:00,11544
2019-08-25 00:05,11473
2019-08-25 00:10,11432
2019-08-25 00:15,11415
2019-08-25 00:20,11367
2019-08-25 00:25,11311
2019-08-25 00:30,11252
2019-08-25 00:35,11274
2019-08-25 00:40,11179
2019-08-25 00:45,11157
2019-08-25 00:50,11128
2019-08-25 00:55,11121
2019-08-25 01:00,11094
2019-08-25 01:05,10969
2019-08-25 01:10,10950
2019-08-25 01:15,10945
2019-08-25 01:20,10903
2019-08-25 01:25,10997
2019-08-25 01:30,10983
2019-08-25 01:35,10999
2019-08-25 01:40,11139
2019-08-25 01:45,11048
2019-08-25 01:50,11023
2019-08-25 01:55,11057
2019-08-25 02:00,11038
2019-08-25 02:05,11030
2019-08-25 02:10,10975
2019-08-25 02:15,10927
2019-08-25 02:20,10822
2019-08-25 02:25,10966
2019-08-25 02:30,10888
2019-08-25 02:35,10888
2019-08-25 02:40,10882
2019-08-25 02:45,10887
2019-08-25 02:50,10908
2019-08-25 02:55,10964
2019-08-25 03:00,10828
2019-08-25 03:05,10957
2019-08-25 03:10,10775
2019-08-25 03:15,10753
2019-08-25 03:20,10877
2019-08-25 03:25,10857
2019-08-25 03:30,10684
2019-08-25 03:35,10748
2019-08-25 03:40,10703
2019-08-25 03:45,10748
2019-08-25 03:50,10660
2019-08-25 03:55,10543
2019-08-25 04:00,10409
2019-08-25 04:05,10355
2019-08-25 04:10,10217
2019-08-25 04:15,10156
2019-08-25 04:20,10021
2019-08-25 04:25,10022
2019-08-25 04:30,9975
2019-08-25 04:35,9975
2019-08-25 04:40,9853
2019-08-25 04:45,9732
2019-08-25 04:50,9688
2019-08-25 04:55,9565
2019-08-25 05:00,9430
2019-08-25 05:05,9304
2019-08-25 05:10,9158
2019-08-25 05:15,9047
2019-08-25 05:20,8987
2019-08-25 05:25,8877
2019-08-25 05:30,8782
2019-08-25 05:35,8687
2019-08-25 05:40,8514
2019-08-25 05:45,8370
2019-08-25 05:50,8247
2019-08-25 05:55,8227
2019-08-25 06:00,8070
2019-08-25 06:05,7916
2019-08-25 06:10,7796
2019-08-25 06:15,7637
2019-08-25 06:20,7530
2019-08-25 06:25,7392
2019-08-25 06:30,7332
2019-08-25 06:35,7243
2019-08-25 06:40,7139
2019-08-25 06:45,7052
2019-08-25 06:50,6949
2019-08-25 06:55,6854
2019-08-25 07:00,6790
2019-08-25 07:05,6676
2019-08-25 07:10,6581
2019-08-25 07:15,6474
2019-08-25 07:20,6400
2019-08-25 07:25,6348
2019-08-25 07:30,6288
2019-08-25 07:35,6196
2019-08-25 07:40,6150
2019-08-25 07:45,6060
2019-08-25 07:50,6038
2019-08-25 07:55,5973
2019-08-25 08:00,5975
2019-08-25 08:05,5880
2019-08-25 08:10,5855
2019-08-25 08:15,5802
2019-08-25 08:20,5839
2019-08-25 08:25,5883
2019-08-25 08:30,5856
2019-08-25 08:35,5846
2019-08-25 08:40,5895
2019-08-25 08:45,5882
2019-08-25 08:50,5911
2019-08-25 08:55,2646
2019-08-25 09:00,5914
2019-08-25 09:05,5966
2019-08-25 09:10,6016
2019-08-25 09:15,6045
2019-08-25 09:20,6117
2019-08-25 09:25,6149
2019-08-25 09:30,6190
2019-08-25 09:35,6206
2019-08-25 09:40,6236
2019-08-25 09:45,6267
2019-08-25 09:50,6323
2019-08-25 09:55,6407
2019-08-25 10:00,662
2019-08-25 10:05,6506
2019-08-25 10:10,6562
2019-08-25 10:15,654
2019-08-25 10:20,6596
2019-08-25 10:25,6644
2019-08-25 10:30,6726
2019-08-25 10:35,6732
2019-08-25 10:40,6757
2019-08-25 10:45,509
2019-08-25 10:50,6857
2019-08-25 10:55,6903
2019-08-25 11:00,6945
2019-08-25 11:05,6974
2019-08-25 11:10,7058
2019-08-25 11:15,7116
2019-08-25 11:20,7165
2019-08-25 11:25,7246
2019-08-25 11:30,7291
2019-08-25 11:35,7325
2019-08-25 11:40,7437
2019-08-25 11:45,7527
2019-08-25 11:50,7656
2019-08-25 11:55,7734
2019-08-25 12:00,7782
2019-08-25 12:05,7843
2019-08-25 12:10,7902
2019-08-25 12:15,7958
2019-08-25 12:20,8080
2019-08-25 12:25,8131
2019-08-25 12:30,8216
2019-08-25 12:35,8219
2019-08-25 12:40,8325
2019-08-25 12:45,8480
2019-08-25 12:50,8515
2019-08-25 12:55,8625
2019-08-25 13:00,8718
2019-08-25 13:05,8784
2019-08-25 13:10,8874
2019-08-25 13:15,8949
2019-08-25 13:20,9082
2019-08-25 13:25,9227
2019-08-25 13:30,868
2019-08-25 13:35,9361
2019-08-25 13:40,9453
2019-08-25 13:45,9620
2019-08-25 13:50,9699
2019-08-25 13:55,9788
2019-08-25 14:00,9909
2019-08-25 14:05,9992
2019-08-25 14:10,10065
2019-08-25 14:15,10197
2019-08-25 14:20,10277
2019-08-25 14:25,10370
2019-08-25 14:30,10547
2019-08-25 14:35,10604
2019-08-25 14:40,10657
2019-08-25 14:45,10795
2019-08-25 14:50,10843
2019-08-25 14:55,10951
2019-08-25 15:00,10986
2019-08-25 15:05,11023
2019-08-25 15:10,11225
2019-08-25 15:15,11257
2019-08-25 15:20,11266
2019-08-25 15:25,11341
2019-08-25 15:30,11399
2019-08-25 15:35,11452
2019-08-25 15:40,11574
2019-08-25 15:45,11554
2019-08-25 15:50,11629
2019-08-25 15:55,11690
2019-08-25 16:00,1721
2019-08-25 16:05,11709
2019-08-25 16:10,11838
2019-08-25 16:15,11937
2019-08-25 16:20,12028
2019-08-25 16:25,12062
2019-08-25 16:30,12137
2019-08-25 16:35,12300
2019-08-25 16:40,12355
2019-08-25 16:45,12439
2019-08-25 16:50,12545
2019-08-25 16:55,12649
2019-08-25 17:00,12741
2019-08-25 17:05,12877
2019-08-25 17:10,12934
2019-08-25 17:15,13021
2019-08-25 17:20,13100
2019-08-25 17:25,13219
2019-08-25 17:30,13316
2019-08-25 17:35,13397
2019-08-25 17:40,13428
2019-08-25 17:45,13515
2019-08-25 17:50,13634
2019-08-25 17:55,13778
2019-08-25 18:00,14002
2019-08-25 18:05,14201
2019-08-25 18:10,14284
2019-08-25 18:15,14367
2019-08-25 18:20,14456
2019-08-25 18:25,14449
2019-08-25 18:30,14519
2019-08-25 18:35,14598
2019-08-25 18:40,14699
2019-08-25 18:45,14739
2019-08-25 18:50,14855
2019-08-25 18:55,14860
2019-08-25 19:00,14899
2019-08-25 19:05,14959
2019-08-25 19:10,14944
2019-08-25 19:15,15033
2019-08-25 19:20,15084
2019-08-25 19:25,15107
2019-08-25 19:30,15074
2019-08-25 19:35,15097
2019-08-25 19:40,15149
2019-08-25 19:45,15072
2019-08-25 19:50,15042
2019-08-25 19:55,15051
2019-08-25 20:00,15005
2019-08-25 20:05,14919
2019-08-25 20:10,14864
2019-08-25 20:15,14812
2019-08-25 20:20,14831
2019-08-25 20:25,14778
2019-08-25 20:30,14611
2019-08-25 20:35,14627
2019-08-25 20:40,14541
2019-08-25 20:45,14527
2019-08-25 20:50,14502
2019-08-25 20:55,14456
2019-08-25 21:00,14401
2019-08-25 21:05,14430
2019-08-25 21:10,14369
2019-08-25 21:15,14281
2019-08-25 21:20,14227
2019-08-25 21:25,14107
2019-08-25 21:30,14047
2019-08-25 21:35,14014
2019-08-25 21:40,13973
2019-08-25 21:45,13890
2019-08-25 21:50,13851
2019-08-25 21:55,13821
2019-08-25 22:00,13703
2019-08-25 22:05,13565
2019-08-25 22:10,13497
2019-08-25 22:15,13412
2019-08-25 22:20,13390
2019-08-25 22:25,13265
2019-08-25 22:30,13178
2019-08-25 22:35,13087
2019-08-25 22:40,13022
2019-08-25 22:45,12901
2019-08-25 22:50,12925
2019-08-25 22:55,12769
2019-08-25 23:00,12712
2019-08-25 23:05,12602
2019-08-25 23:10,12471
2019-08-25 23:15,12360
2019-08-25 23:20,12257
2019-08-25 23:25,12213
2019-08-25 23:30,12142
2019-08-25 23:35,12106
2019-08-25 23:40,12025
2019-08-25 23:45,12006
2019-08-25 23:50,11936
2019-08-25 23:55,11818
2019-08-26 00:00,11648
2019-08-26 00:05,11563
2019-08-26 00:10,11457
2019-08-26 00:15,11430
2019-08-26 00:20,11425
2019-08-26 00:25,11450
2019-08-26 00:30,11377
2019-08-26 00:35,11332
2019-08-26 00:40,11419
2019-08-26 00:45,11409
2019-08-26 00:50,11449
2019-08-26 00:55,11469
2019-08-26 01:00,11461
2019-08-26 01:05,11324
2019-08-26 01:10,11413
2019-08-26 01:15,11381
2019-08-26 01:20,11451
2019-08-26 01:25,11456
2019-08-26 01:30,11469
2019-08-26 01:35,11395
2019-08-26 01:40,11447
2019-08-26 01:45,11442
2019-08-26 01:50,11299
2019-08-26 01:55,11364
2019-08-26 02:00,11388
2019-08-26 02:05,976
2019-08-26 02:10,1880
2019-08-26 02:15,976
2019-08-26 02:20,11055
2019-08-26 02:25,11034
2019-08-26 02:30,10937
2019-08-26 02:35,10773
2019-08-26 02:40,926
2019-08-26 02:45,10687
2019-08-26 02:50,10599
2019-08-26 02:55,10479
2019-08-26 03:00,10254
2019-08-26 03:05,10075
2019-08-26 03:10,9903
2019-08-26 03:15,9480
2019-08-26 03:20,9205
2019-08-26 03:25,9126
2019-08-26 03:30,9070
2019-08-26 03:35,8937
2019-08-26 03:40,8950
2019-08-26 03:45,8826
2019-08-26 03:50,8631
2019-08-26 03:55,8559
2019-08-26 04:00,8442
2019-08-26 04:05,8288
2019-08-26 04:10,1399
2019-08-26 04:15,7998
2019-08-26 04:20,1365
2019-08-26 04:25,7716
2019-08-26 04:30,7569
2019-08-26 04:35,7430
2019-08-26 04:40,7414
2019-08-26 04:45,7326
2019-08-26 04:50,7217
2019-08-26 04:55,7156
2019-08-26 05:00,7026
2019-08-26 05:05,6857
2019-08-26 05:10,6811
2019-08-26 05:15,6645
2019-08-26 05:20,6465
2019-08-26 05:25,6394
2019-08-26 05:30,6289
2019-08-26 05:35,6209
2019-08-26 05:40,6087
2019-08-26 05:45,5996
2019-08-26 05:50,5849
2019-08-26 05:55,5712
2019-08-26 06:00,5625
2019-08-26 06:05,5586
2019-08-26 06:10,5487
2019-08-26 06:15,5429
2019-08-26 06:20,5356
2019-08-26 06:25,5254
2019-08-26 06:30,5180
2019-08-26 06:35,5078
2019-08-26 06:40,5010
2019-08-26 06:45,4975
2019-08-26 06:50,4933
2019-08-26 06:55,4862
2019-08-26 07:00,4803
2019-08-26 07:05,4740
2019-08-26 07:10,4705
2019-08-26 07:15,4647
2019-08-26 07:20,4592
2019-08-26 07:25,4551
2019-08-26 07:30,4547
2019-08-26 07:35,4449
2019-08-26 07:40,4434
2019-08-26 07:45,4371
2019-08-26 07:50,4379
2019-08-26 07:55,4390
2019-08-26 08:00,4353
2019-08-26 08:05,4373
2019-08-26 08:10,4355
2019-08-26 08:15,4379
2019-08-26 08:20,4331
2019-08-26 08:25,4388
2019-08-26 08:30,4355
2019-08-26 08:35,4449
2019-08-26 08:40,4459
2019-08-26 08:45,4444
2019-08-26 08:50,4463
2019-08-26 08:55,4429
2019-08-26 09:00,4468
2019-08-26 09:05,4488
2019-08-26 09:10,4473
2019-08-26 09:15,4522
2019-08-26 09:20,4547
2019-08-26 09:25,4605
2019-08-26 09:30,4655
2019-08-26 09:35,4696
2019-08-26 09:40,4727
2019-08-26 09:45,4735
2019-08-26 09:50,4760
2019-08-26 09:55,4861
2019-08-26 10:00,4926
2019-08-26 10:05,4938
2019-08-26 10:10,4962
2019-08-26 10:15,4999
2019-08-26 10:20,5019
2019-08-26 10:25,5065
2019-08-26 10:30,5133
2019-08-26 10:35,5173
2019-08-26 10:40,5250
2019-08-26 10:45,5243
2019-08-26 10:50,5274
2019-08-26 10:55,5313
2019-08-26 11:00,5345
2019-08-26 11:05,5427
2019-08-26 11:10,5464
2019-08-26 11:15,5482
2019-08-26 11:20,5562
2019-08-26 11:25,5566
2019-08-26 11:30,5603
2019-08-26 11:35,5691
2019-08-26 11:40,5747
2019-08-26 11:45,5823
2019-08-26 11:50,5897
2019-08-26 11:55,5923
2019-08-26 12:00,5956
2019-08-26 12:05,5983
2019-08-26 12:10,6086
2019-08-26 12:15,6136
2019-08-26 12:20,6165
2019-08-26 12:25,6192
2019-08-26 12:30,6284
2019-08-26 12:35,6325
2019-08-26 12:40,6380
2019-08-26 12:45,6437
2019-08-26 12:50,6504
2019-08-26 12:55,377
2019-08-26 13:00,6679
2019-08-26 13:05,6839
2019-08-26 13:10,6914
2019-08-26 13:15,7056
2019-08-26 13:20,7089
2019-08-26 13:25,7208
2019-08-26 13:30,7250
2019-08-26 13:35,7345
2019-08-26 13:40,7475
2019-08-26 13:45,433
2019-08-26 13:50,7676
2019-08-26 13:55,7709
2019-08-26 14:00,7746
2019-08-26 14:05,7862
2019-08-26 14:10,7892
2019-08-26 14:15,7954
2019-08-26 14:20,8033
2019-08-26 14:25,8104
2019-08-26 14:30,8234
2019-08-26 14:35,8294
2019-08-26 14:40,8375
2019-08-26 14:45,8398
2019-08-26 14:50,8485
2019-08-26 14:55,8555
2019-08-26 15:00,8642
2019-08-26 15:05,8632
2019-08-26 15:10,8660
2019-08-26 15:15,8665
2019-08-26 15:20,8725
2019-08-26 15:25,8762
2019-08-26 15:30,8782
2019-08-26 15:35,8890
2019-08-26 15:40,468
2019-08-26 15:45,9053
2019-08-26 15:50,9063
2019-08-26 15:55,9144
2019-08-26 16:00,9255
2019-08-26 16:05,9307
2019-08-26 16:10,9361
2019-08-26 16:15,9415
2019-08-26 16:20,9549
2019-08-26 16:25,9607
2019-08-26 16:30,9755
2019-08-26 16:35,9787
2019-08-26 16:40,9775
2019-08-26 16:45,9861
2019-08-26 16:50,9922
2019-08-26 16:55,9950
2019-08-26 17:00,10116
2019-08-26 17:05,10239
2019-08-26 17:10,10273
2019-08-26 17:15,10239
2019-08-26 17:20,10363
2019-08-26 17:25,10400
2019-08-26 17:30,10513
2019-08-26 17:35,10624
2019-08-26 17:40,10632
2019-08-26 17:45,10745
2019-08-26 17:50,10861
2019-08-26 17:55,10939
2019-08-26 18:00,10983
2019-08-26 18:05,11042
2019-08-26 18:10,11136
2019-08-26 18:15,11164
2019-08-26 18:20,11193
2019-08-26 18:25,11220
2019-08-26 18:30,11332
2019-08-26 18:35,11427
2019-08-26 18:40,11532
2019-08-26 18:45,11622
2019-08-26 18:50,11634
2019-08-26 18:55,11709
2019-08-26 19:00,11729
2019-08-26 19:05,11731
2019-08-26 19:10,11725
2019-08-26 19:15,11775
2019-08-26 19:20,11824
2019-08-26 19:25,11867
2019-08-26 19:30,11928
2019-08-26 19:35,11949
2019-08-26 19:40,12013
2019-08-26 19:45,11961
2019-08-26 19:50,12014
2019-08-26 19:55,11995
2019-08-26 20:00,11862
2019-08-26 20:05,11901
2019-08-26 20:10,11891
2019-08-26 20:15,11946
2019-08-26 20:20,11911
2019-08-26 20:25,11867
2019-08-26 20:30,11780
2019-08-26 20:35,11806
2019-08-26 20:40,11719
2019-08-26 20:45,11764
2019-08-26 20:50,11699
2019-08-26 20:55,11667
2019-08-26 21:00,11560
2019-08-26 21:05,11445
2019-08-26 21:10,11434
2019-08-26 21:15,11417
2019-08-26 21:20,11323
2019-08-26 21:25,11162
2019-08-26 21:30,11180
2019-08-26 21:35,11176
2019-08-26 21:40,11021
2019-08-26 21:45,10941
2019-08-26 21:50,10775
2019-08-26 21:55,10672
2019-08-26 22:00,10583
2019-08-26 22:05,10429
2019-08-26 22:10,10378
2019-08-26 22:15,10346
2019-08-26 22:20,10225
2019-08-26 22:25,10297
2019-08-26 22:30,10133
2019-08-26 22:35,10119
2019-08-26 22:40,10119
2019-08-26 22:45,9968
2019-08-26 22:50,9968
2019-08-26 22:55,9951
2019-08-26 23:00,9900
2019-08-26 23:05,9874
2019-08-26 23:10,10036
2019-08-26 23:15,9939
2019-08-26 23:20,9878
2019-08-26 23:25,10018
2019-08-26 23:30,9945
2019-08-26 23:35,9899
2019-08-26 23:40,9933
2019-08-26 23:45,10035
2019-08-26 23:50,9979
2019-08-26 23:55,9960
2019-08-27 00:00,9912
2019-08-27 00:05,10021
2019-08-27 00:10,10035
2019-08-27 00:15,10054
2019-08-27 00:20,9998
2019-08-27 00:25,10087
2019-08-27 00:30,10096
2019-08-27 00:35,9997
2019-08-27 00:40,10188
2019-08-27 00:45,10124
2019-08-27 00:50,10097
2019-08-27 00:55,10070
2019-08-27 01:00,10016
2019-08-27 01:05,10003
2019-08-27 01:10,10045
2019-08-27 01:15,9945
2019-08-27 01:20,9902
2019-08-27 01:25,9874
2019-08-27 01:30,9965
2019-08-27 01:35,9957
2019-08-27 01:40,9979
2019-08-27 01:45,9987
2019-08-27 01:50,9885
2019-08-27 01:55,9958
2019-08-27 02:00,9822
2019-08-27 02:05,9773
2019-08-27 02:10,9763
2019-08-27 02:15,9769
2019-08-27 02:20,9771
2019-08-27 02:25,9660
2019-08-27 02:30,9726
2019-08-27 02:35,9459
2019-08-27 02:40,9398
2019-08-27 02:45,9354
2019-08-27 02:50,678
2019-08-27 02:55,9143
2019-08-27 03:00,8969
2019-08-27 03:05,8933
2019-08-27 03:10,8839
2019-08-27 03:15,639
2019-08-27 03:20,8614
2019-08-27 03:25,8479
2019-08-27 03:30,8386
2019-08-27 03:35,8206
2019-08-27 03:40,611
2019-08-27 03:45,8067
2019-08-27 03:50,604
2019-08-27 03:55,7765
2019-08-27 04:00,7733
2019-08-27 04:05,7531
2019-08-27 04:10,7372
2019-08-27 04:15,7309
2019-08-27 04:20,7238
2019-08-27 04:25,7075
2019-08-27 04:30,7028
2019-08-27 04:35,6860
2019-08-27 04:40,6805
2019-08-27 04:45,6691
2019-08-27 04:50,533
2019-08-27 04:55,6372
2019-08-27 05:00,6236
2019-08-27 05:05,6169
2019-08-27 05:10,5968
2019-08-27 05:15,5920
2019-08-27 05:20,5812
2019-08-27 05:25,5254
2019-08-27 05:30,5664
2019-08-27 05:35,5067
2019-08-27 05:40,5500
2019-08-27 05:45,4941
2019-08-27 05:50,5275
2019-08-27 05:55,419
2019-08-27 06:00,5089
2019-08-27 06:05,4989
2019-08-27 06:10,400
2019-08-27 06:15,4861
2019-08-27 06:20,4750
2019-08-27 06:25,4695
2019-08-27 06:30,4597
2019-08-27 06:35,4559
2019-08-27 06:40,4539
2019-08-27 06:45,4446
2019-08-27 06:50,4437
2019-08-27 06:55,4383
2019-08-27 07:00,4317
2019-08-27 07:05,370
2019-08-27 07:10,4252
2019-08-27 07:15,4202
2019-08-27 07:20,355
2019-08-27 07:25,4137
2019-08-27 07:30,4104
2019-08-27 07:35,4083
2019-08-27 07:40,327
2019-08-27 07:45,4061
2019-08-27 07:50,4034
2019-08-27 07:55,4045
2019-08-27 08:00,4044
2019-08-27 08:05,4042
2019-08-27 08:10,4049
2019-08-27 08:15,4018
2019-08-27 08:20,4055
2019-08-27 08:25,4062
2019-08-27 08:30,4072
2019-08-27 08:35,4091
2019-08-27 08:40,4116
2019-08-27 08:45,4144
2019-08-27 08:50,4175
2019-08-27 08:55,4181
2019-08-27 09:00,4178
2019-08-27 09:05,4281
2019-08-27 09:10,4266
2019-08-27 09:15,4277
2019-08-27 09:20,4339
2019-08-27 09:25,4371
2019-08-27 09:30,314
2019-08-27 09:35,311
2019-08-27 09:40,4443
2019-08-27 09:45,4513
2019-08-27 09:50,4518
2019-08-27 09:55,4602
2019-08-27 10:00,4598
2019-08-27 10:05,4634
2019-08-27 10:10,4704
2019-08-27 10:15,4716
2019-08-27 10:20,4766
2019-08-27 10:25,4778
2019-08-27 10:30,2169
2019-08-27 10:35,4863
2019-08-27 10:40,2232
2019-08-27 10:45,2256
2019-08-27 10:50,2299
2019-08-27 10:55,5165
2019-08-27 11:00,2337
2019-08-27 11:05,5271
2019-08-27 11:10,5358
2019-08-27 11:15,5418
2019-08-27 11:20,5438
2019-08-27 11:25,5488
2019-08-27 11:30,5529
2019-08-27 11:35,5542
2019-08-27 11:40,5588
2019-08-27 11:45,325
2019-08-27 11:50,438
2019-08-27 11:55,5609
2019-08-27 12:00,5617
2019-08-27 12:05,5638
2019-08-27 12:10,5633
2019-08-27 12:15,5641
2019-08-27 12:20,5698
2019-08-27 12:25,5757
2019-08-27 12:30,5869
2019-08-27 12:35,5937
2019-08-27 12:40,6015
2019-08-27 12:45,6108
2019-08-27 12:50,6149
2019-08-27 12:55,6244
2019-08-27 13:00,6357
2019-08-27 13:05,6443
2019-08-27 13:10,6460
2019-08-27 13:15,6563
2019-08-27 13:20,6684
2019-08-27 13:25,348
2019-08-27 13:30,6723
2019-08-27 13:35,359
2019-08-27 13:40,6866
2019-08-27 13:45,6937
2019-08-27 13:50,7004
2019-08-27 13:55,368
2019-08-27 14:00,363
2019-08-27 14:05,7198
2019-08-27 14:10,7342
2019-08-27 14:15,7446
2019-08-27 14:20,7464
2019-08-27 14:25,7514
2019-08-27 14:30,7543
2019-08-27 14:35,383
2019-08-27 14:40,7677
2019-08-27 14:45,7710
2019-08-27 14:50,7773
2019-08-27 14:55,7811
2019-08-27 15:00,7908
2019-08-27 15:05,7897
2019-08-27 15:10,8009
2019-08-27 15:15,8001
2019-08-27 15:20,8074
2019-08-27 15:25,8123
2019-08-27 15:30,8195
2019-08-27 15:35,8266
2019-08-27 15:40,8283
2019-08-27 15:45,8267
2019-08-27 15:50,3172
2019-08-27 15:55,8311
2019-08-27 16:00,8403
2019-08-27 16:05,8437
2019-08-27 16:10,8546
2019-08-27 16:15,8629
2019-08-27 16:20,449
2019-08-27 16:25,8634
2019-08-27 16:30,8715
2019-08-27 16:35,8944
2019-08-27 16:40,8912
2019-08-27 16:45,9023
2019-08-27 16:50,9123
2019-08-27 16:55,9094
2019-08-27 17:00,9235
2019-08-27 17:05,9380
2019-08-27 17:10,9440
2019-08-27 17:15,9504
2019-08-27 17:20,9586
2019-08-27 17:25,9528
2019-08-27 17:30,9691
2019-08-27 17:35,9710
2019-08-27 17:40,9848
2019-08-27 17:45,
2019-08-27 17:50,10054
2019-08-27 17:55,10023
2019-08-27 18:00,10156
2019-08-27 18:05,10133
2019-08-27 18:10,10274
2019-08-27 18:15,10283
2019-08-27 18:20,10341
2019-08-27 18:25,10447
2019-08-27 18:30,10469
2019-08-27 18:35,10593
2019-08-27 18:40,10595
2019-08-27 18:45,10503
2019-08-27 18:50,10664
2019-08-27 18:55,10781
2019-08-27 19:00,10743
2019-08-27 19:05,10861
2019-08-27 19:10,10852
2019-08-27 19:15,619
2019-08-27 19:20,10904
2019-08-27 19:25,10951
2019-08-27 19:30,10492
2019-08-27 19:35,10885
2019-08-27 19:40,10554
2019-08-27 19:45,11041
2019-08-27 19:50,10940
2019-08-27 19:55,11022
2019-08-27 20:00,10975
2019-08-27 20:05,10983
2019-08-27 20:10,10954
2019-08-27 20:15,10961
2019-08-27 20:20,10914
2019-08-27 20:25,11004
2019-08-27 20:30,10955
2019-08-27 20:35,622
2019-08-27 20:40,10944
2019-08-27 20:45,10858
2019-08-27 20:50,10782
2019-08-27 20:55,10851
2019-08-27 21:00,601
2019-08-27 21:05,615
2019-08-27 21:10,10645
2019-08-27 21:15,591
2019-08-27 21:20,10548
2019-08-27 21:25,10611
2019-08-27 21:30,10567
2019-08-27 21:35,10467
2019-08-27 21:40,10345
2019-08-27 21:45,10326
2019-08-27 21:50,578
2019-08-27 21:55,10266
2019-08-27 22:00,10154
2019-08-27 22:05,610
2019-08-27 22:10,10111
2019-08-27 22:15,10076
2019-08-27 22:20,9923
2019-08-27 22:25,9967
2019-08-27 22:30,9927
2019-08-27 22:35,9772
2019-08-27 22:40,595
2019-08-27 22:45,599
2019-08-27 22:50,0
2019-08-27 22:55,9015
2019-08-27 23:00,9450
2019-08-27 23:05,9489
2019-08-27 23:10,9491
2019-08-27 23:15,9446
2019-08-27 23:20,9492
2019-08-27 23:25,9410
2019-08-27 23:30,9061
2019-08-27 23:35,9008
2019-08-27 23:40,8919
2019-08-27 23:45,8912
2019-08-27 23:50,8980
2019-08-27 23:55,8964
2019-08-28 00:00,
2019-08-28 00:05,9065
2019-08-28 00:10,
2019-08-28 00:15,9129
2019-08-28 00:20,9155
2019-08-28 00:25,9190
2019-08-28 00:30,9271
2019-08-28 00:35,9307
2019-08-28 00:40,9409
2019-08-28 00:45,9403
2019-08-28 00:50,9454
2019-08-28 00:55,9508
2019-08-28 01:00,9565
2019-08-28 01:05,9661
2019-08-28 01:10,9660
2019-08-28 01:15,9679
2019-08-28 01:20,9630
2019-08-28 01:25,9631
2019-08-28 01:30,9622
2019-08-28 01:35,9616
2019-08-28 01:40,9523
2019-08-28 01:45,9519
2019-08-28 01:50,9576
2019-08-28 01:55,9548
2019-08-28 02:00,9562
2019-08-28 02:05,9470
2019-08-28 02:10,9445
2019-08-28 02:15,9464
2019-08-28 02:20,9473
2019-08-28 02:25,9490
2019-08-28 02:30,9407
2019-08-28 02:35,9313
2019-08-28 02:40,9293
2019-08-28 02:45,9210
2019-08-28 02:50,9136
2019-08-28 02:55,9035
2019-08-28 03:00,8991
2019-08-28 03:05,8900
2019-08-28 03:10,8793
2019-08-28 03:15,8676
2019-08-28 03:20,8610
2019-08-28 03:25,8512
2019-08-28 03:30,8414
2019-08-28 03:35,8351
2019-08-28 03:40,8189
2019-08-28 03:45,8131
2019-08-28 03:50,7942
2019-08-28 03:55,7794
2019-08-28 04:00,7649
2019-08-28 04:05,7504
2019-08-28 04:10,7371
2019-08-28 04:15,7296
2019-08-28 04:20,7177
2019-08-28 04:25,7101
2019-08-28 04:30,6942
2019-08-28 04:35,6819
2019-08-28 04:40,6686
2019-08-28 04:45,6589
2019-08-28 04:50,6451
2019-08-28 04:55,6294
2019-08-28 05:00,6180
2019-08-28 05:05,6056
2019-08-28 05:10,5921
2019-08-28 05:15,5769
2019-08-28 05:20,5677
2019-08-28 05:25,5550
2019-08-28 05:30,5475
2019-08-28 05:35,5385
2019-08-28 05:40,5282
2019-08-28 05:45,5193
2019-08-28 05:50,5111
2019-08-28 05:55,5030
2019-08-28 06:00,4965
2019-08-28 06:05,4922
2019-08-28 06:10,4851
2019-08-28 06:15,4755
2019-08-28 06:20,4722
2019-08-28 06:25,4637
2019-08-28 06:30,4613
2019-08-28 06:35,4557
2019-08-28 06:40,4509
2019-08-28 06:45,4440
2019-08-28 06:50,4443
2019-08-28 06:55,4420
2019-08-28 07:00,4370
2019-08-28 07:05,4341
2019-08-28 07:10,4304
2019-08-28 07:15,4285
2019-08-28 07:20,4237
2019-08-28 07:25,4232
2019-08-28 07:30,4187
2019-08-28 07:35,4168
2019-08-28 07:40,4135
2019-08-28 07:45,4131
2019-08-28 07:50,4087
2019-08-28 07:55,4032
2019-08-28 08:00,4066
2019-08-28 08:05,4071
2019-08-28 08:10,4063
2019-08-28 08:15,4034
2019-08-28 08:20,4048
2019-08-28 08:25,4038
2019-08-28 08:30,4022
2019-08-28 08:35,4028
2019-08-28 08:40,4050
2019-08-28 08:45,4087
2019-08-28 08:50,4158
2019-08-28 08:55,4137
2019-08-28 09:00,4179
2019-08-28 09:05,4225
2019-08-28 09:10,4261
2019-08-28 09:15,4299
2019-08-28 09:20,4320
2019-08-28 09:25,4349
2019-08-28 09:30,4410
2019-08-28 09:35,4452
2019-08-28 09:40,4481
2019-08-28 09:45,4480
2019-08-28 09:50,4528
2019-08-28 09:55,4536
2019-08-28 10:00,4574
2019-08-28 10:05,4564
2019-08-28 10:10,4652
2019-08-28 10:15,4670
2019-08-28 10:20,4720
2019-08-28 10:25,4697
2019-08-28 10:30,4769
2019-08-28 10:35,4764
2019-08-28 10:40,4825
2019-08-28 10:45,4846
2019-08-28 10:50,4843
2019-08-28 10:55,4895
2019-08-28 11:00,4905
2019-08-28 11:05,5018
2019-08-28 11:10,5058
2019-08-28 11:15,5120
2019-08-28 11:20,5184
2019-08-28 11:25,5204
2019-08-28 11:30,5216
2019-08-28 11:35,5287
2019-08-28 11:40,5326
2019-08-28 11:45,5417
2019-08-28 11:50,5493
2019-08-28 11:55,5548
2019-08-28 12:00,5612
2019-08-28 12:05,5652
2019-08-28 12:10,5700
2019-08-28 12:15,5753
2019-08-28 12:20,5821
2019-08-28 12:25,5849
2019-08-28 12:30,5888
2019-08-28 12:35,5946
2019-08-28 12:40,5952
2019-08-28 12:45,6009
2019-08-28 12:50,6094
2019-08-28 12:55,6171
2019-08-28 13:00,6253
2019-08-28 13:05,6353
2019-08-28 13:10,6460
2019-08-28 13:15,6528
2019-08-28 13:20,6620
2019-08-28 13:25,6666
2019-08-28 13:30,6763
2019-08-28 13:35,6846
2019-08-28 13:40,6894
2019-08-28 13:45,6982
2019-08-28 13:50,7023
2019-08-28 13:55,7124
2019-08-28 14:00,7142
2019-08-28 14:05,7226
2019-08-28 14:10,7294
2019-08-28 14:15,7410
2019-08-28 14:20,7542
2019-08-28 14:25,7586
2019-08-28 14:30,7686
2019-08-28 14:35,7713
2019-08-28 14:40,7841
2019-08-28 14:45,7887
2019-08-28 14:50,7921
2019-08-28 14:55,7980
2019-08-28 15:00,7954
2019-08-28 15:05,8010
2019-08-28 15:10,8042
2019-08-28 15:15,8097
2019-08-28 15:20,8189
2019-08-28 15:25,8202
2019-08-28 15:30,8276
2019-08-28 15:35,8334
2019-08-28 15:40,8389
2019-08-28 15:45,8437
2019-08-28 15:50,8496
2019-08-28 15:55,8488
2019-08-28 16:00,8566
2019-08-28 16:05,8674
2019-08-28 16:10,8697
2019-08-28 16:15,8706
2019-08-28 16:20,8752
2019-08-28 16:25,8816
2019-08-28 16:30,8881
2019-08-28 16:35,8913
2019-08-28 16:40,8950
2019-08-28 16:45,9017
2019-08-28 16:50,9138
2019-08-28 16:55,9127
2019-08-28 17:00,9146
2019-08-28 17:05,9204
2019-08-28 17:10,9246
2019-08-28 17:15,9295
2019-08-28 17:20,9412
2019-08-28 17:25,9475
2019-08-28 17:30,9578
2019-08-28 17:35,9633
2019-08-28 17:40,9676
2019-08-28 17:45,9733
2019-08-28 17:50,9781
2019-08-28 17:55,9877
2019-08-28 18:00,9930
2019-08-28 18:05,10004
2019-08-28 18:10,10072
2019-08-28 18:15,10175
2019-08-28 18:20,10267
2019-08-28 18:25,10304
2019-08-28 18:30,10342
2019-08-28 18:35,10416
2019-08-28 18:40,10544
2019-08-28 18:45,10539
2019-08-28 18:50,10638
2019-08-28 18:55,10719
2019-08-28 19:00,10812
2019-08-28 19:05,10848
2019-08-28 19:10,10876
2019-08-28 19:15,10909
2019-08-28 19:20,10947
2019-08-28 19:25,10958
2019-08-28 19:30,10937
2019-08-28 19:35,10906
2019-08-28 19:40,10944
2019-08-28 19:45,10929
2019-08-28 19:50,10952
2019-08-28 19:55,10960
2019-08-28 20:00,10870
2019-08-28 20:05,10866
2019-08-28 20:10,10912
2019-08-28 20:15,10936
2019-08-28 20:20,10860
2019-08-28 20:25,10778
2019-08-28 20:30,10755
2019-08-28 20:35,10692
2019-08-28 20:40,10650
2019-08-28 20:45,10587
2019-08-28 20:50,10593
2019-08-28 20:55,10585
2019-08-28 21:00,10522
2019-08-28 21:05,
2019-08-28 21:10,
2019-08-28 21:15,10425
2019-08-28 21:20,10425
2019-08-28 21:25,10388
2019-08-28 21:30,10310
2019-08-28 21:35,10337
2019-08-28 21:40,10284
2019-08-28 21:45,10215
2019-08-28 21:50,10152
2019-08-28 21:55,0
2019-08-28 22:00,
2019-08-28 22:05,
2019-08-28 22:10,10025
2019-08-28 22:15,9990
2019-08-28 22:20,9849
2019-08-28 22:25,9837
2019-08-28 22:30,9775
2019-08-28 22:35,9716
2019-08-28 22:40,9695
2019-08-28 22:45,9591
2019-08-28 22:50,9566
2019-08-28 22:55,9545
2019-08-28 23:00,9517
2019-08-28 23:05,9517
2019-08-28 23:10,9507
2019-08-28 23:15,9528
2019-08-28 23:20,9475
2019-08-28 23:25,9487
2019-08-28 23:30,9455
2019-08-28 23:35,9401
2019-08-28 23:40,9465
2019-08-28 23:45,9432
2019-08-28 23:50,9338
2019-08-28 23:55,9346
2019-08-29 00:00,9308
2019-08-29 00:05,9290
2019-08-29 00:10,9234
2019-08-29 00:15,9237
2019-08-29 00:20,9311
2019-08-29 00:25,9332
2019-08-29 00:30,9368
2019-08-29 00:35,9426
2019-08-29 00:40,9418
2019-08-29 00:45,9393
2019-08-29 00:50,9447
2019-08-29 00:55,9431
2019-08-29 01:00,9475
2019-08-29 01:05,9478
2019-08-29 01:10,9445
2019-08-29 01:15,9399
2019-08-29 01:20,9447
2019-08-29 01:25,9444
2019-08-29 01:30,9491
2019-08-29 01:35,9518
2019-08-29 01:40,9458
2019-08-29 01:45,9453
2019-08-29 01:50,9420
2019-08-29 01:55,9398
2019-08-29 02:00,9365
2019-08-29 02:05,9336
2019-08-29 02:10,9290
2019-08-29 02:15,9262
2019-08-29 02:20,9249
2019-08-29 02:25,9183
2019-08-29 02:30,9153
2019-08-29 02:35,9127
2019-08-29 02:40,9088
2019-08-29 02:45,9033
2019-08-29 02:50,9023
2019-08-29 02:55,8988
2019-08-29 03:00,8885
2019-08-29 03:05,8827
2019-08-29 03:10,8728
2019-08-29 03:15,8618
2019-08-29 03:20,8527
2019-08-29 03:25,8409
2019-08-29 03:30,8250
2019-08-29 03:35,8191
2019-08-29 03:40,8143
2019-08-29 03:45,8040
2019-08-29 03:50,7906
2019-08-29 03:55,7832
2019-08-29 04:00,7718
2019-08-29 04:05,7584
2019-08-29 04:10,7410
2019-08-29 04:15,7301
2019-08-29 04:20,7155
2019-08-29 04:25,7037
2019-08-29 04:30,6896
2019-08-29 04:35,6783
2019-08-29 04:40,6716
2019-08-29 04:45,6617
2019-08-29 04:50,6496
2019-08-29 04:55,6442
2019-08-29 05:00,6289
2019-08-29 05:05,6124
2019-08-29 05:10,5967
2019-08-29 05:15,5878
2019-08-29 05:20,5792
2019-08-29 05:25,5681
2019-08-29 05:30,5629
2019-08-29 05:35,5495
2019-08-29 05:40,5438
2019-08-29 05:45,5341
2019-08-29 05:50,5231
2019-08-29 05:55,5179
2019-08-29 06:00,5084
2019-08-29 06:05,5019
2019-08-29 06:10,4945
2019-08-29 06:15,4841
2019-08-29 06:20,4800
2019-08-29 06:25,4708
2019-08-29 06:30,4656
2019-08-29 06:35,4583
2019-08-29 06:40,4535
2019-08-29 06:45,4483
2019-08-29 06:50,4459
2019-08-29 06:55,4418
2019-08-29 07:00,4381
2019-08-29 07:05,4356
2019-08-29 07:10,4314
2019-08-29 07:15,4234
2019-08-29 07:20,4210
2019-08-29 07:25,4168
2019-08-29 07:30,4131
2019-08-29 07:35,4101
2019-08-29 07:40,4035
2019-08-29 07:45,4019
2019-08-29 07:50,3965
2019-08-29 07:55,3949
2019-08-29 08:00,3908
2019-08-29 08:05,3898
2019-08-29 08:10,3924
2019-08-29 08:15,3896
2019-08-29 08:20,3900
2019-08-29 08:25,3898
2019-08-29 08:30,3916
2019-08-29 08:35,3931
2019-08-29 08:40,3939
2019-08-29 08:45,3939
2019-08-29 08:50,3967
2019-08-29 08:55,4018
2019-08-29 09:00,4080
2019-08-29 09:05,4090
2019-08-29 09:10,4114
2019-08-29 09:15,4083
2019-08-29 09:20,4126
2019-08-29 09:25,4183
2019-08-29 09:30,4196
2019-08-29 09:35,4253
2019-08-29 09:40,4288
2019-08-29 09:45,4319
2019-08-29 09:50,4388
2019-08-29 09:55,4418
2019-08-29 10:00,4407
2019-08-29 10:05,4429
2019-08-29 10:10,4505
2019-08-29 10:15,4558
2019-08-29 10:20,4586
2019-08-29 10:25,4607
2019-08-29 10:30,4663
2019-08-29 10:35,4677
2019-08-29 10:40,4686
2019-08-29 10:45,4782
2019-08-29 10:50,4811
2019-08-29 10:55,4831
2019-08-29 11:00,4856
2019-08-29 11:05,4864
2019-08-29 11:10,4932
2019-08-29 11:15,4994
2019-08-29 11:20,5077
2019-08-29 11:25,5095
2019-08-29 11:30,5086
2019-08-29 11:35,5186
2019-08-29 11:40,5262
2019-08-29 11:45,5328
2019-08-29 11:50,5355
2019-08-29 11:55,5393
2019-08-29 12:00,5432
2019-08-29 12:05,5479
2019-08-29 12:10,5514
2019-08-29 12:15,5566
2019-08-29 12:20,5622
2019-08-29 12:25,5637
2019-08-29 12:30,5687
2019-08-29 12:35,5735
2019-08-29 12:40,5792
2019-08-29 12:45,5856
2019-08-29 12:50,5950
2019-08-29 12:55,6014
2019-08-29 13:00,6076
2019-08-29 13:05,6155
2019-08-29 13:10,6176
2019-08-29 13:15,6228
2019-08-29 13:20,6329
2019-08-29 13:25,6378
2019-08-29 13:30,6421
2019-08-29 13:35,6496
2019-08-29 13:40,6551
2019-08-29 13:45,6714
2019-08-29 13:50,6774
2019-08-29 13:55,6819
2019-08-29 14:00,6903
2019-08-29 14:05,6960
2019-08-29 14:10,7069
2019-08-29 14:15,7126
2019-08-29 14:20,7175
2019-08-29 14:25,7244
2019-08-29 14:30,7286
2019-08-29 14:35,7360
2019-08-29 14:40,7448
2019-08-29 14:45,7513
2019-08-29 14:50,7555
2019-08-29 14:55,7671
2019-08-29 15:00,7664
2019-08-29 15:05,7695
2019-08-29 15:10,7799
2019-08-29 15:15,7817
2019-08-29 15:20,7872
2019-08-29 15:25,7933
2019-08-29 15:30,8034
2019-08-29 15:35,8112
2019-08-29 15:40,8190
2019-08-29 15:45,8221
2019-08-29 15:50,8260
2019-08-29 15:55,8286
2019-08-29 16:00,8272
2019-08-29 16:05,8258
2019-08-29 16:10,8262
2019-08-29 16:15,8327
2019-08-29 16:20,8417
2019-08-29 16:25,8461
2019-08-29 16:30,8511
2019-08-29 16:35,8567
2019-08-29 16:40,8670
2019-08-29 16:45,8732
2019-08-29 16:50,8819
2019-08-29 16:55,8895
2019-08-29 17:00,8963
2019-08-29 17:05,9049
2019-08-29 17:10,9130
2019-08-29 17:15,9214
2019-08-29 17:20,9309
2019-08-29 17:25,9349
2019-08-29 17:30,9388
2019-08-29 17:35,9440
2019-08-29 17:40,9544
2019-08-29 17:45,9688
2019-08-29 17:50,9785
2019-08-29 17:55,9789
2019-08-29 18:00,9727
2019-08-29 18:05,9833
2019-08-29 18:10,9894
2019-08-29 18:15,9957
2019-08-29 18:20,9999
2019-08-29 18:25,10151
2019-08-29 18:30,10254
2019-08-29 18:35,10329
2019-08-29 18:40,10467
2019-08-29 18:45,10488
2019-08-29 18:50,10509
2019-08-29 18:55,10539
2019-08-29 19:00,10565
2019-08-29 19:05,10551
2019-08-29 19:10,10602
2019-08-29 19:15,10663
2019-08-29 19:20,10645
2019-08-29 19:25,10697
2019-08-29 19:30,10719
2019-08-29 19:35,10763
2019-08-29 19:40,10782
2019-08-29 19:45,10756
2019-08-29 19:50,10710
2019-08-29 19:55,10749
2019-08-29 20:00,10732
2019-08-29 20:05,10683
2019-08-29 20:10,10307
2019-08-29 20:15,10006
2019-08-29 20:20,9955
2019-08-29 20:25,9958
2019-08-29 20:30,10007
2019-08-29 20:35,10017
2019-08-29 20:40,10006
2019-08-29 20:45,10029
2019-08-29 20:50,10130
2019-08-29 20:55,10104
2019-08-29 21:00,10148
2019-08-29 21:05,10141
2019-08-29 21:10,10153
2019-08-29 21:15,10159
2019-08-29 21:20,10219
2019-08-29 21:25,10189
2019-08-29 21:30,10183
2019-08-29 21:35,10186
2019-08-29 21:40,10154
2019-08-29 21:45,10064
2019-08-29 21:50,10029
2019-08-29 21:55,9984
2019-08-29 22:00,9923
2019-08-29 22:05,0
2019-08-29 22:10,9762
2019-08-29 22:15,9735
2019-08-29 22:20,9687
2019-08-29 22:25,9634
2019-08-29 22:30,9648
2019-08-29 22:35,9644
2019-08-29 22:40,9595
2019-08-29 22:45,9501
2019-08-29 22:50,9440
2019-08-29 22:55,9365
2019-08-29 23:00,9283
2019-08-29 23:05,9285
2019-08-29 23:10,9257
2019-08-29 23:15,9202
2019-08-29 23:20,9183
2019-08-29 23:25,9212
2019-08-29 23:30,9196
2019-08-29 23:35,9190
2019-08-29 23:40,9158
2019-08-29 23:45,9129
2019-08-29 23:50,9102
2019-08-29 23:55,9032
2019-08-30 00:00,9075
2019-08-30 00:05,9067
2019-08-30 00:10,9053
2019-08-30 00:15,9055
2019-08-30 00:20,9091
2019-08-30 00:25,9005
2019-08-30 00:30,8937
2019-08-30 00:35,8921
2019-08-30 00:40,8940
2019-08-30 00:45,8932
2019-08-30 00:50,8947
2019-08-30 00:55,8996
2019-08-30 01:00,9019
2019-08-30 01:05,9050
2019-08-30 01:10,9081
2019-08-30 01:15,9031
2019-08-30 01:20,9031
2019-08-30 01:25,9087
2019-08-30 01:30,9108
2019-08-30 01:35,9124
2019-08-30 01:40,9137
2019-08-30 01:45,9176
2019-08-30 01:50,9137
2019-08-30 01:55,9112
2019-08-30 02:00,9163
2019-08-30 02:05,9151
2019-08-30 02:10,9151
2019-08-30 02:15,9191
2019-08-30 02:20,9202
2019-08-30 02:25,9192
2019-08-30 02:30,9135
2019-08-30 02:35,9061
2019-08-30 02:40,8992
2019-08-30 02:45,9011
2019-08-30 02:50,8901
2019-08-30 02:55,8827
2019-08-30 03:00,8718
2019-08-30 03:05,8595
2019-08-30 03:10,8506
2019-08-30 03:15,8487
2019-08-30 03:20,8385
2019-08-30 03:25,8359
2019-08-30 03:30,8308
2019-08-30 03:35,8253
2019-08-30 03:40,8135
2019-08-30 03:45,8045
2019-08-30 03:50,7931
2019-08-30 03:55,7862
2019-08-30 04:00,7724
2019-08-30 04:05,7644
2019-08-30 04:10,7493
2019-08-30 04:15,7405
2019-08-30 04:20,7305
2019-08-30 04:25,7146
2019-08-30 04:30,6993
2019-08-30 04:35,6932
2019-08-30 04:40,6771
2019-08-30 04:45,6673
2019-08-30 04:50,6539
2019-08-30 04:55,6366
2019-08-30 05:00,6306
2019-08-30 05:05,6194
2019-08-30 05:10,6073
2019-08-30 05:15,5967
2019-08-30 05:20,5849
2019-08-30 05:25,5731
2019-08-30 05:30,5646
2019-08-30 05:35,5577
2019-08-30 05:40,5494
2019-08-30 05:45,5403
2019-08-30 05:50,5328
2019-08-30 05:55,5235
2019-08-30 06:00,5169
2019-08-30 06:05,5096
2019-08-30 06:10,4999
2019-08-30 06:15,4789
2019-08-30 06:20,4597
2019-08-30 06:25,4502
2019-08-30 06:30,4405
2019-08-30 06:35,4377
2019-08-30 06:40,4350
2019-08-30 06:45,4312
2019-08-30 06:50,4288
2019-08-30 06:55,4242
2019-08-30 07:00,4239
2019-08-30 07:05,4202
2019-08-30 07:10,4168
2019-08-30 07:15,4174
2019-08-30 07:20,4170
2019-08-30 07:25,4119
2019-08-30 07:30,4102
2019-08-30 07:35,4048
2019-08-30 07:40,4038
2019-08-30 07:45,4044
2019-08-30 07:50,4009
2019-08-30 07:55,4011
2019-08-30 08:00,4006
2019-08-30 08:05,4012
2019-08-30 08:10,3996
2019-08-30 08:15,3962
2019-08-30 08:20,3997
2019-08-30 08:25,3963
2019-08-30 08:30,3958
2019-08-30 08:35,3944
2019-08-30 08:40,3976
2019-08-30 08:45,3992
2019-08-30 08:50,3978
2019-08-30 08:55,4013
2019-08-30 09:00,4050
2019-08-30 09:05,4078
2019-08-30 09:10,4133
2019-08-30 09:15,4103
2019-08-30 09:20,4123
2019-08-30 09:25,4131
2019-08-30 09:30,4171
2019-08-30 09:35,4170
2019-08-30 09:40,4205
2019-08-30 09:45,4212
2019-08-30 09:50,4257
2019-08-30 09:55,4296
2019-08-30 10:00,4284
2019-08-30 10:05,4304
2019-08-30 10:10,4337
2019-08-30 10:15,4407
2019-08-30 10:20,4474
2019-08-30 10:25,4481
2019-08-30 10:30,4545
2019-08-30 10:35,4577
2019-08-30 10:40,4639
2019-08-30 10:45,4725
2019-08-30 10:50,4769
2019-08-30 10:55,4816
2019-08-30 11:00,4862
2019-08-30 11:05,4909
2019-08-30 11:10,4956
2019-08-30 11:15,5068
2019-08-30 11:20,5187
2019-08-30 11:25,5216
2019-08-30 11:30,5276
2019-08-30 11:35,5282
2019-08-30 11:40,5319
2019-08-30 11:45,5341
2019-08-30 11:50,5367
2019-08-30 11:55,5416
2019-08-30 12:00,5486
2019-08-30 12:05,5509
2019-08-30 12:10,5542
2019-08-30 12:15,5611
2019-08-30 12:20,5711
2019-08-30 12:25,5770
2019-08-30 12:30,5814
2019-08-30 12:35,5854
2019-08-30 12:40,5952
2019-08-30 12:45,5986
2019-08-30 12:50,6037
2019-08-30 12:55,6078
2019-08-30 13:00,6163
2019-08-30 13:05,6230
2019-08-30 13:10,6243
2019-08-30 13:15,6288
2019-08-30 13:20,6374
2019-08-30 13:25,6469
2019-08-30 13:30,6574
2019-08-30 13:35,6641
2019-08-30 13:40,6730
2019-08-30 13:45,6779
2019-08-30 13:50,6841
2019-08-30 13:55,6885
2019-08-30 14:00,6911
2019-08-30 14:05,7001
2019-08-30 14:10,7101
2019-08-30 14:15,7182
2019-08-30 14:20,7237
2019-08-30 14:25,7305
2019-08-30 14:30,7394
2019-08-30 14:35,7436
2019-08-30 14:40,7529
2019-08-30 14:45,7617
2019-08-30 14:50,7680
2019-08-30 14:55,7649
2019-08-30 15:00,7715
2019-08-30 15:05,7784
2019-08-30 15:10,7830
2019-08-30 15:15,7857
2019-08-30 15:20,7904
2019-08-30 15:25,8029
2019-08-30 15:30,8086
2019-08-30 15:35,8132
2019-08-30 15:40,8197
2019-08-30 15:45,8230
2019-08-30 15:50,8285
2019-08-30 15:55,8322
2019-08-30 16:00,8359
2019-08-30 16:05,8407
2019-08-30 16:10,8479
2019-08-30 16:15,8620
2019-08-30 16:20,8634
2019-08-30 16:25,8782
2019-08-30 16:30,8790
2019-08-30 16:35,8865
2019-08-30 16:40,8909
2019-08-30 16:45,8949
2019-08-30 16:50,8976
2019-08-30 16:55,8994
2019-08-30 17:00,9064
2019-08-30 17:05,9112
2019-08-30 17:10,9129
2019-08-30 17:15,9243
2019-08-30 17:20,9245
2019-08-30 17:25,9328
2019-08-30 17:30,9400
2019-08-30 17:35,9479
2019-08-30 17:40,9500
2019-08-30 17:45,9537
2019-08-30 17:50,9651
2019-08-30 17:55,9703
2019-08-30 18:00,9695
2019-08-30 18:05,9753
2019-08-30 18:10,9753
2019-08-30 18:15,9835
2019-08-30 18:20,9903
2019-08-30 18:25,9986
2019-08-30 18:30,10006
2019-08-30 18:35,10057
2019-08-30 18:40,10107
2019-08-30 18:45,10111
2019-08-30 18:50,10213
2019-08-30 18:55,10269
2019-08-30 19:00,10359
2019-08-30 19:05,10374
2019-08-30 19:10,10427
2019-08-30 19:15,10499
2019-08-30 19:20,10493
2019-08-30 19:25,10513
2019-08-30 19:30,10588
2019-08-30 19:35,10616
2019-08-30 19:40,10667
2019-08-30 19:45,10760
2019-08-30 19:50,10763
2019-08-30 19:55,10793
2019-08-30 20:00,10830
2019-08-30 20:05,10843
2019-08-30 20:10,10831
2019-08-30 20:15,10863
2019-08-30 20:20,10874
2019-08-30 20:25,10934
2019-08-30 20:30,10964
2019-08-30 20:35,11008
2019-08-30 20:40,11017
2019-08-30 20:45,10860
2019-08-30 20:50,10869
2019-08-30 20:55,10817
2019-08-30 21:00,10894
2019-08-30 21:05,10978
2019-08-30 21:10,10958
2019-08-30 21:15,10919
2019-08-30 21:20,10879
2019-08-30 21:25,10898
2019-08-30 21:30,10636
2019-08-30 21:35,10579
2019-08-30 21:40,10551
2019-08-30 21:45,10576
2019-08-30 21:50,10610
2019-08-30 21:55,10560
2019-08-30 22:00,10612
2019-08-30 22:05,10578
2019-08-30 22:10,10580
2019-08-30 22:15,10509
2019-08-30 22:20,10470
2019-08-30 22:25,10376
2019-08-30 22:30,10340
2019-08-30 22:35,10295
2019-08-30 22:40,10251
2019-08-30 22:45,10193
2019-08-30 22:50,10128
2019-08-30 22:55,10052
2019-08-30 23:00,10013
2019-08-30 23:05,9977
2019-08-30 23:10,10016
2019-08-30 23:15,9960
2019-08-30 23:20,9861
2019-08-30 23:25,9815
2019-08-30 23:30,9749
2019-08-30 23:35,9755
2019-08-30 23:40,9777
2019-08-30 23:45,9741
2019-08-30 23:50,9663
2019-08-30 23:55,9615
2019-08-31 00:00,9533
2019-08-31 00:05,9477
2019-08-31 00:10,9424
2019-08-31 00:15,9427
2019-08-31 00:20,9330
2019-08-31 00:25,9250
2019-08-31 00:30,9210
2019-08-31 00:35,9231
2019-08-31 00:40,9162
2019-08-31 00:45,9117
2019-08-31 00:50,9089
2019-08-31 00:55,9103
2019-08-31 01:00,9104
2019-08-31 01:05,9098
2019-08-31 01:10,9094
2019-08-31 01:15,9139
2019-08-31 01:20,9144
2019-08-31 01:25,9164
2019-08-31 01:30,9206
2019-08-31 01:35,9267
2019-08-31 01:40,9239
2019-08-31 01:45,9279
2019-08-31 01:50,9303
2019-08-31 01:55,9240
2019-08-31 02:00,9275
2019-08-31 02:05,9289
2019-08-31 02:10,9278
2019-08-31 02:15,9306
2019-08-31 02:20,9350
2019-08-31 02:25,9307
2019-08-31 02:30,9327
2019-08-31 02:35,9349
2019-08-31 02:40,9372
2019-08-31 02:45,9365
2019-08-31 02:50,9176
2019-08-31 02:55,9263
2019-08-31 03:00,9210
2019-08-31 03:05,9223
2019-08-31 03:10,9137
2019-08-31 03:15,9098
2019-08-31 03:20,9098
2019-08-31 03:25,9039
2019-08-31 03:30,9026
2019-08-31 03:35,8985
2019-08-31 03:40,8961
2019-08-31 03:45,8955
2019-08-31 03:50,8886
2019-08-31 03:55,8806
2019-08-31 04:00,8716
2019-08-31 04:05,8647
2019-08-31 04:10,8596
2019-08-31 04:15,8494
2019-08-31 04:20,8440
2019-08-31 04:25,8359
2019-08-31 04:30,8296
2019-08-31 04:35,8254
2019-08-31 04:40,8157
2019-08-31 04:45,8115
2019-08-31 04:50,7981
2019-08-31 04:55,7906
2019-08-31 05:00,7853
2019-08-31 05:05,7772
2019-08-31 05:10,7623
2019-08-31 05:15,7560
2019-08-31 05:20,7444
2019-08-31 05:25,7356
2019-08-31 05:30,7244
2019-08-31 05:35,7066
2019-08-31 05:40,6927
2019-08-31 05:45,6847
2019-08-31 05:50,6691
2019-08-31 05:55,6582
2019-08-31 06:00,6454
2019-08-31 06:05,6355
2019-08-31 06:10,6259
2019-08-31 06:15,6173
2019-08-31 06:20,6079
2019-08-31 06:25,6017
2019-08-31 06:30,5942
2019-08-31 06:35,5892
2019-08-31 06:40,5775
2019-08-31 06:45,5723
2019-08-31 06:50,5594
2019-08-31 06:55,5530
2019-08-31 07:00,5444
2019-08-31 07:05,5381
2019-08-31 07:10,5314
2019-08-31 07:15,5259
2019-08-31 07:20,5243
2019-08-31 07:25,5204
2019-08-31 07:30,5165
2019-08-31 07:35,5073
2019-08-31 07:40,5021
2019-08-31 07:45,4990
2019-08-31 07:50,4947
2019-08-31 07:55,4891
2019-08-31 08:00,4876
2019-08-31 08:05,4812
2019-08-31 08:10,4794
2019-08-31 08:15,4784
2019-08-31 08:20,4785
2019-08-31 08:25,4764
2019-08-31 08:30,4757
2019-08-31 08:35,4783
2019-08-31 08:40,4774
2019-08-31 08:45,4824
2019-08-31 08:50,4829
2019-08-31 08:55,4846
2019-08-31 09:00,4844
2019-08-31 09:05,4855
2019-08-31 09:10,4887
2019-08-31 09:15,4952
2019-08-31 09:20,4986
2019-08-31 09:25,5015
2019-08-31 09:30,5013
2019-08-31 09:35,4978
2019-08-31 09:40,5040
2019-08-31 09:45,5065
2019-08-31 09:50,5062
2019-08-31 09:55,5109
2019-08-31 10:00,5118
2019-08-31 10:05,5244
2019-08-31 10:10,5263
2019-08-31 10:15,5300
2019-08-31 10:20,5358
2019-08-31 10:25,5426
2019-08-31 10:30,5437
2019-08-31 10:35,5475
2019-08-31 10:40,5446
2019-08-31 10:45,5476
2019-08-31 10:50,5554
2019-08-31 10:55,5582
2019-08-31 11:00,5604
2019-08-31 11:05,5687
2019-08-31 11:10,5686
2019-08-31 11:15,5745
2019-08-31 11:20,5783
2019-08-31 11:25,5874
2019-08-31 11:30,5929
2019-08-31 11:35,5972
2019-08-31 11:40,6053
2019-08-31 11:45,6129
2019-08-31 11:50,6139
2019-08-31 11:55,6213
2019-08-31 12:00,6311
2019-08-31 12:05,6364
2019-08-31 12:10,6359
2019-08-31 12:15,6421
2019-08-31 12:20,6498
2019-08-31 12:25,6591
2019-08-31 12:30,6617
2019-08-31 12:35,6677
2019-08-31 12:40,6740
2019-08-31 12:45,6858
2019-08-31 12:50,6944
2019-08-31 12:55,7035
2019-08-31 13:00,7146
2019-08-31 13:05,7226
2019-08-31 13:10,7314
2019-08-31 13:15,7381
2019-08-31 13:20,7440
2019-08-31 13:25,7544
2019-08-31 13:30,7606
2019-08-31 13:35,7677
2019-08-31 13:40,7732
2019-08-31 13:45,7817
2019-08-31 13:50,7930
2019-08-31 13:55,8049
2019-08-31 14:00,8174
2019-08-31 14:05,8285
2019-08-31 14:10,8422
2019-08-31 14:15,8463
2019-08-31 14:20,8510
2019-08-31 14:25,8554
2019-08-31 14:30,8635
2019-08-31 14:35,8766
2019-08-31 14:40,8846
2019-08-31 14:45,8860
2019-08-31 14:50,8832
2019-08-31 14:55,8832
2019-08-31 15:00,8927
2019-08-31 15:05,8994
2019-08-31 15:10,9004
2019-08-31 15:15,9093
2019-08-31 15:20,9093
2019-08-31 15:25,9168
2019-08-31 15:30,9182
2019-08-31 15:35,9212
2019-08-31 15:40,9338
2019-08-31 15:45,9349
2019-08-31 15:50,9436
2019-08-31 15:55,9526
2019-08-31 16:00,9573
2019-08-31 16:05,9592
2019-08-31 16:10,9636
2019-08-31 16:15,9636
2019-08-31 16:20,9630
2019-08-31 16:25,9717
2019-08-31 16:30,9813
2019-08-31 16:35,9797
2019-08-31 16:40,9788
2019-08-31 16:45,9884
2019-08-31 16:50,9954
2019-08-31 16:55,10042
2019-08-31 17:00,10123
2019-08-31 17:05,10197
2019-08-31 17:10,10247
2019-08-31 17:15,10298
2019-08-31 17:20,10365
2019-08-31 17:25,10476
2019-08-31 17:30,10490
2019-08-31 17:35,10535
2019-08-31 17:40,10578
2019-08-31 17:45,10679
2019-08-31 17:50,10793
2019-08-31 17:55,10857
2019-08-31 18:00,10857
2019-08-31 18:05,10905
2019-08-31 18:10,11011
2019-08-31 18:15,11062
2019-08-31 18:20,11143
2019-08-31 18:25,11200
2019-08-31 18:30,11297
2019-08-31 18:35,11356
2019-08-31 18:40,11440
2019-08-31 18:45,11466
2019-08-31 18:50,11522
2019-08-31 18:55,11581
2019-08-31 19:00,11588
2019-08-31 19:05,11570
2019-08-31 19:10,11606
2019-08-31 19:15,11632
2019-08-31 19:20,11661
2019-08-31 19:25,11665
2019-08-31 19:30,11676
2019-08-31 19:35,11745
2019-08-31 19:40,11780
2019-08-31 19:45,11730
2019-08-31 19:50,11785
2019-08-31 19:55,11770
2019-08-31 20:00,11762
2019-08-31 20:05,11764
2019-08-31 20:10,11808
2019-08-31 20:15,11793
2019-08-31 20:20,11766
2019-08-31 20:25,11785
2019-08-31 20:30,11785
2019-08-31 20:35,11779
2019-08-31 20:40,11787
2019-08-31 20:45,11799
2019-08-31 20:50,11821
2019-08-31 20:55,11820
2019-08-31 21:00,11760
2019-08-31 21:05,11761
2019-08-31 21:10,11738
2019-08-31 21:15,11760
2019-08-31 21:20,11685
2019-08-31 21:25,11606
2019-08-31 21:30,11569
2019-08-31 21:35,11542
2019-08-31 21:40,11569
2019-08-31 21:45,11534
2019-08-31 21:50,11516
2019-08-31 21:55,11473
2019-08-31 22:00,11394
2019-08-31 22:05,11335
2019-08-31 22:10,11251
2019-08-31 22:15,11181
2019-08-31 22:20,11104
2019-08-31 22:25,11005
2019-08-31 22:30,10957
2019-08-31 22:35,10848
2019-08-31 22:40,10822
2019-08-31 22:45,10727
2019-08-31 22:50,10595
2019-08-31 22:55,10534
2019-08-31 23:00,10454
2019-08-31 23:05,10329
2019-08-31 23:10,10252
2019-08-31 23:15,10162
2019-08-31 23:20,10087
2019-08-31 23:25,9939
2019-08-31 23:30,9929
2019-08-31 23:35,9841
2019-08-31 23:40,9802
2019-08-31 23:45,9757
2019-08-31 23:50,9707
2019-08-31 23:55,9658
2019-09-01 00:00,9589
2019-09-01 00:05,9531
2019-09-01 00:10,9469
2019-09-01 00:15,9434
2019-09-01 00:20,9399
2019-09-01 00:25,9304
2019-09-01 00:30,9327
2019-09-01 00:35,9295
2019-09-01 00:40,9265
2019-09-01 00:45,9210
2019-09-01 00:50,9220
2019-09-01 00:55,9168
2019-09-01 01:00,9141
2019-09-01 01:05,9100
2019-09-01 01:10,9059
2019-09-01 01:15,9029
2019-09-01 01:20,9042
2019-09-01 01:25,9029
2019-09-01 01:30,9041
2019-09-01 01:35,9080
2019-09-01 01:40,9096
2019-09-01 01:45,9105
2019-09-01 01:50,9108
2019-09-01 01:55,9129
2019-09-01 02:00,9166
2019-09-01 02:05,9129
2019-09-01 02:10,9132
2019-09-01 02:15,9180
2019-09-01 02:20,9152
2019-09-01 02:25,9163
2019-09-01 02:30,9132
2019-09-01 02:35,9145
2019-09-01 02:40,9184
2019-09-01 02:45,9208
2019-09-01 02:50,9191
2019-09-01 02:55,9177
2019-09-01 03:00,9168
2019-09-01 03:05,9112
2019-09-01 03:10,9097
2019-09-01 03:15,9086
2019-09-01 03:20,9063
2019-09-01 03:25,9033
2019-09-01 03:30,8945
2019-09-01 03:35,8941
2019-09-01 03:40,8898
2019-09-01 03:45,8817
2019-09-01 03:50,8856
2019-09-01 03:55,8770
2019-09-01 04:00,8697
2019-09-01 04:05,8618
2019-09-01 04:10,8554
2019-09-01 04:15,8525
2019-09-01 04:20,8474
2019-09-01 04:25,8436
2019-09-01 04:30,8345
2019-09-01 04:35,8278
2019-09-01 04:40,8246
2019-09-01 04:45,8175
2019-09-01 04:50,8034
2019-09-01 04:55,7979
2019-09-01 05:00,7873
2019-09-01 05:05,7814
2019-09-01 05:10,7678
2019-09-01 05:15,7519
2019-09-01 05:20,7422
2019-09-01 05:25,7296
2019-09-01 05:30,7178
2019-09-01 05:35,7053
2019-09-01 05:40,6969
2019-09-01 05:45,6905
2019-09-01 05:50,6832
2019-09-01 05:55,6685
2019-09-01 06:00,6568
2019-09-01 06:05,6467
2019-09-01 06:10,6402
2019-09-01 06:15,6354
2019-09-01 06:20,6266
2019-09-01 06:25,6172
2019-09-01 06:30,6054
2019-09-01 06:35,5967
2019-09-01 06:40,5873
2019-09-01 06:45,5833
2019-09-01 06:50,5773
2019-09-01 06:55,5672
2019-09-01 07:00,5614
2019-09-01 07:05,5549
2019-09-01 07:10,5473
2019-09-01 07:15,5470
2019-09-01 07:20,5448
2019-09-01 07:25,5428
2019-09-01 07:30,5367
2019-09-01 07:35,5355
2019-09-01 07:40,5279
2019-09-01 07:45,5265
2019-09-01 07:50,5210
2019-09-01 07:55,5216
2019-09-01 08:00,5190
2019-09-01 08:05,5173
2019-09-01 08:10,5122
2019-09-01 08:15,5116
2019-09-01 08:20,5112
2019-09-01 08:25,5121
2019-09-01 08:30,5108
2019-09-01 08:35,5112
2019-09-01 08:40,5121
2019-09-01 08:45,5147
2019-09-01 08:50,5137
2019-09-01 08:55,5132
2019-09-01 09:00,5178
2019-09-01 09:05,5251
2019-09-01 09:10,5237
2019-09-01 09:15,5247
2019-09-01 09:20,5288
2019-09-01 09:25,5317
2019-09-01 09:30,5367
2019-09-01 09:35,5395
2019-09-01 09:40,5385
2019-09-01 09:45,5466
2019-09-01 09:50,5510
2019-09-01 09:55,5595
2019-09-01 10:00,5624
2019-09-01 10:05,5652
2019-09-01 10:10,5701
2019-09-01 10:15,5740
2019-09-01 10:20,5797
2019-09-01 10:25,5829
2019-09-01 10:30,5904
2019-09-01 10:35,5981
2019-09-01 10:40,6024
2019-09-01 10:45,6088
2019-09-01 10:50,6144
2019-09-01 10:55,6228
2019-09-01 11:00,6242
2019-09-01 11:05,6257
2019-09-01 11:10,6322
2019-09-01 11:15,6394
2019-09-01 11:20,6452
2019-09-01 11:25,6486
2019-09-01 11:30,6582
2019-09-01 11:35,6648
2019-09-01 11:40,6701
2019-09-01 11:45,6724
2019-09-01 11:50,6776
2019-09-01 11:55,6810
2019-09-01 12:00,6843
2019-09-01 12:05,6857
2019-09-01 12:10,6927
2019-09-01 12:15,6967
2019-09-01 12:20,7057
2019-09-01 12:25,7094
2019-09-01 12:30,7219
2019-09-01 12:35,7302
2019-09-01 12:40,7358
2019-09-01 12:45,7386
2019-09-01 12:50,7479
2019-09-01 12:55,7528
2019-09-01 13:00,7627
2019-09-01 13:05,7737
2019-09-01 13:10,7873
2019-09-01 13:15,7978
2019-09-01 13:20,8051
2019-09-01 13:25,8105
2019-09-01 13:30,8173
2019-09-01 13:35,8173
2019-09-01 13:40,8304
2019-09-01 13:45,8360
2019-09-01 13:50,8476
2019-09-01 13:55,8593
2019-09-01 14:00,8674
2019-09-01 14:05,8797
2019-09-01 14:10,8857
2019-09-01 14:15,8890
2019-09-01 14:20,8921
2019-09-01 14:25,9011
2019-09-01 14:30,9101
2019-09-01 14:35,9211
2019-09-01 14:40,9258
2019-09-01 14:45,9289
2019-09-01 14:50,9357
2019-09-01 14:55,9424
2019-09-01 15:00,9492
2019-09-01 15:05,9582
2019-09-01 15:10,9677
2019-09-01 15:15,9750
2019-09-01 15:20,9815
2019-09-01 15:25,9870
2019-09-01 15:30,9860
2019-09-01 15:35,9944
2019-09-01 15:40,9918
2019-09-01 15:45,9987
2019-09-01 15:50,10084
2019-09-01 15:55,10085
2019-09-01 16:00,10179
2019-09-01 16:05,10256
2019-09-01 16:10,10353
2019-09-01 16:15,10413
2019-09-01 16:20,10511
2019-09-01 16:25,10527
2019-09-01 16:30,10562
2019-09-01 16:35,10670
2019-09-01 16:40,10792
2019-09-01 16:45,10847
2019-09-01 16:50,10900
2019-09-01 16:55,11036
2019-09-01 17:00,11106
2019-09-01 17:05,11158
2019-09-01 17:10,11236
2019-09-01 17:15,11304
2019-09-01 17:20,11459
2019-09-01 17:25,11508
2019-09-01 17:30,11647
2019-09-01 17:35,11738
2019-09-01 17:40,11787
2019-09-01 17:45,11906
2019-09-01 17:50,11962
2019-09-01 17:55,12070
2019-09-01 18:00,12183
2019-09-01 18:05,12302
2019-09-01 18:10,12389
2019-09-01 18:15,12394
2019-09-01 18:20,12414
2019-09-01 18:25,12533
2019-09-01 18:30,12601
2019-09-01 18:35,12690
2019-09-01 18:40,12695
2019-09-01 18:45,12680
2019-09-01 18:50,12735
2019-09-01 18:55,12759
2019-09-01 19:00,12806
2019-09-01 19:05,12816
2019-09-01 19:10,12795
2019-09-01 19:15,12860
2019-09-01 19:20,12861
2019-09-01 19:25,12953
2019-09-01 19:30,12940
2019-09-01 19:35,12892
2019-09-01 19:40,12893
2019-09-01 19:45,12872
2019-09-01 19:50,12800
2019-09-01 19:55,12740
2019-09-01 20:00,12686
2019-09-01 20:05,12718
2019-09-01 20:10,12715
2019-09-01 20:15,12630
2019-09-01 20:20,12593
2019-09-01 20:25,12575
2019-09-01 20:30,12512
2019-09-01 20:35,12453
2019-09-01 20:40,12412
2019-09-01 20:45,12368
2019-09-01 20:50,12324
2019-09-01 20:55,12239
2019-09-01 21:00,12122
2019-09-01 21:05,12099
2019-09-01 21:10,12008
2019-09-01 21:15,11919
2019-09-01 21:20,11805
2019-09-01 21:25,11706
2019-09-01 21:30,11630
2019-09-01 21:35,11544
2019-09-01 21:40,11464
2019-09-01 21:45,11396
2019-09-01 21:50,11334
2019-09-01 21:55,11289
2019-09-01 22:00,11191
2019-09-01 22:05,11160
2019-09-01 22:10,11033
2019-09-01 22:15,10994
2019-09-01 22:20,10873
2019-09-01 22:25,10758
2019-09-01 22:30,10688
2019-09-01 22:35,10590
2019-09-01 22:40,10560
2019-09-01 22:45,10548
2019-09-01 22:50,10502
2019-09-01 22:55,10410
2019-09-01 23:00,10293
2019-09-01 23:05,10173
2019-09-01 23:10,10140
2019-09-01 23:15,10059
2019-09-01 23:20,10022
2019-09-01 23:25,9966
2019-09-01 23:30,9848
2019-09-01 23:35,9843
2019-09-01 23:40,9813
2019-09-01 23:45,9736
2019-09-01 23:50,9702
2019-09-01 23:55,9691
2019-09-02 00:00,9698
2019-09-02 00:05,9670
2019-09-02 00:10,9630
2019-09-02 00:15,9538
2019-09-02 00:20,9563
2019-09-02 00:25,9524
2019-09-02 00:30,9495
2019-09-02 00:35,9493
2019-09-02 00:40,9502
2019-09-02 00:45,9538
2019-09-02 00:50,9514
2019-09-02 00:55,9527
2019-09-02 01:00,9575
2019-09-02 01:05,9568
2019-09-02 01:10,9505
2019-09-02 01:15,9487
2019-09-02 01:20,9482
2019-09-02 01:25,9489
2019-09-02 01:30,9442
2019-09-02 01:35,9395
2019-09-02 01:40,9419
2019-09-02 01:45,9416
2019-09-02 01:50,9372
2019-09-02 01:55,9357
2019-09-02 02:00,9346
2019-09-02 02:05,9294
2019-09-02 02:10,9338
2019-09-02 02:15,9355
2019-09-02 02:20,9342
2019-09-02 02:25,9333
2019-09-02 02:30,9340
2019-09-02 02:35,9284
2019-09-02 02:40,9295
2019-09-02 02:45,9279
2019-09-02 02:50,9249
2019-09-02 02:55,9161
2019-09-02 03:00,9121
2019-09-02 03:05,9017
2019-09-02 03:10,8917
2019-09-02 03:15,8888
2019-09-02 03:20,8828
2019-09-02 03:25,8812
2019-09-02 03:30,8748
2019-09-02 03:35,8697
2019-09-02 03:40,8609
2019-09-02 03:45,8579
2019-09-02 03:50,8502
2019-09-02 03:55,8440
2019-09-02 04:00,8299
2019-09-02 04:05,8200
2019-09-02 04:10,8162
2019-09-02 04:15,8052
2019-09-02 04:20,7954
2019-09-02 04:25,7874
2019-09-02 04:30,7798
2019-09-02 04:35,7702
2019-09-02 04:40,7623
2019-09-02 04:45,7545
2019-09-02 04:50,7472
2019-09-02 04:55,7333
2019-09-02 05:00,7272
2019-09-02 05:05,7106
2019-09-02 05:10,7045
2019-09-02 05:15,6958
2019-09-02 05:20,6880
2019-09-02 05:25,6791
2019-09-02 05:30,6630
2019-09-02 05:35,6507
2019-09-02 05:40,6378
2019-09-02 05:45,6271
2019-09-02 05:50,6170
2019-09-02 05:55,6040
2019-09-02 06:00,5880
2019-09-02 06:05,5789
2019-09-02 06:10,5729
2019-09-02 06:15,5625
2019-09-02 06:20,5517
2019-09-02 06:25,5403
2019-09-02 06:30,5350
2019-09-02 06:35,5238
2019-09-02 06:40,5178
2019-09-02 06:45,5117
2019-09-02 06:50,5052
2019-09-02 06:55,4951
2019-09-02 07:00,4879
2019-09-02 07:05,4772
2019-09-02 07:10,4732
2019-09-02 07:15,4710
2019-09-02 07:20,4644
2019-09-02 07:25,4594
2019-09-02 07:30,4568
2019-09-02 07:35,4502
2019-09-02 07:40,4454
2019-09-02 07:45,4451
2019-09-02 07:50,4432
2019-09-02 07:55,4414
2019-09-02 08:00,4377
2019-09-02 08:05,4351
2019-09-02 08:10,4345
2019-09-02 08:15,4338
2019-09-02 08:20,4311
2019-09-02 08:25,4297
2019-09-02 08:30,4278
2019-09-02 08:35,4276
2019-09-02 08:40,4262
2019-09-02 08:45,4214
2019-09-02 08:50,4251
2019-09-02 08:55,4236
2019-09-02 09:00,4263
2019-09-02 09:05,4268
2019-09-02 09:10,4288
2019-09-02 09:15,4320
2019-09-02 09:20,4323
2019-09-02 09:25,4361
2019-09-02 09:30,4409
2019-09-02 09:35,4428
2019-09-02 09:40,4433
2019-09-02 09:45,4465
2019-09-02 09:50,4489
2019-09-02 09:55,4506
2019-09-02 10:00,4531
2019-09-02 10:05,4525
2019-09-02 10:10,4518
2019-09-02 10:15,4527
2019-09-02 10:20,4544
2019-09-02 10:25,4538
2019-09-02 10:30,4576
2019-09-02 10:35,4601
2019-09-02 10:40,4649
2019-09-02 10:45,4655
2019-09-02 10:50,4685
2019-09-02 10:55,4761
2019-09-02 11:00,4795
2019-09-02 11:05,4814
2019-09-02 11:10,4837
2019-09-02 11:15,4899
2019-09-02 11:20,4942
2019-09-02 11:25,4960
2019-09-02 11:30,5019
2019-09-02 11:35,5093
2019-09-02 11:40,5141
2019-09-02 11:45,5178
2019-09-02 11:50,5221
2019-09-02 11:55,5270
2019-09-02 12:00,5330
2019-09-02 12:05,5354
2019-09-02 12:10,5423
2019-09-02 12:15,5468
2019-09-02 12:20,5511
2019-09-02 12:25,5569
2019-09-02 12:30,5668
2019-09-02 12:35,5716
2019-09-02 12:40,5817
2019-09-02 12:45,5836
2019-09-02 12:50,5929
2019-09-02 12:55,5949
2019-09-02 13:00,5990
2019-09-02 13:05,6050
2019-09-02 13:10,6129
2019-09-02 13:15,6236
2019-09-02 13:20,6359
2019-09-02 13:25,6468
2019-09-02 13:30,6498
2019-09-02 13:35,6558
2019-09-02 13:40,6667
2019-09-02 13:45,6731
2019-09-02 13:50,6831
2019-09-02 13:55,6889
2019-09-02 14:00,7040
2019-09-02 14:05,7128
2019-09-02 14:10,7196
2019-09-02 14:15,7326
2019-09-02 14:20,7439
2019-09-02 14:25,7558
2019-09-02 14:30,7598
2019-09-02 14:35,7695
2019-09-02 14:40,7784
2019-09-02 14:45,7833
2019-09-02 14:50,7946
2019-09-02 14:55,8047
2019-09-02 15:00,8171
2019-09-02 15:05,8311
2019-09-02 15:10,8365
2019-09-02 15:15,8477
2019-09-02 15:20,8583
2019-09-02 15:25,8757
2019-09-02 15:30,8815
2019-09-02 15:35,8845
2019-09-02 15:40,8876
2019-09-02 15:45,8930
2019-09-02 15:50,9036
2019-09-02 15:55,9150
2019-09-02 16:00,9227
2019-09-02 16:05,9207
2019-09-02 16:10,9348
2019-09-02 16:15,9479
2019-09-02 16:20,9568
2019-09-02 16:25,9725
2019-09-02 16:30,9783
2019-09-02 16:35,9842
2019-09-02 16:40,9966
2019-09-02 16:45,10047
2019-09-02 16:50,10135
2019-09-02 16:55,10241
2019-09-02 17:00,10335
2019-09-02 17:05,10430
2019-09-02 17:10,10481
2019-09-02 17:15,10567
2019-09-02 17:20,10706
2019-09-02 17:25,10854
2019-09-02 17:30,10971
2019-09-02 17:35,11056
2019-09-02 17:40,11135
2019-09-02 17:45,
2019-09-02 17:50,11353
2019-09-02 17:55,11445
2019-09-02 18:00,11520
2019-09-02 18:05,11577
2019-09-02 18:10,11771
2019-09-02 18:15,11797
2019-09-02 18:20,11856
2019-09-02 18:25,11979
2019-09-02 18:30,11990
2019-09-02 18:35,12135
2019-09-02 18:40,12227
2019-09-02 18:45,12279
2019-09-02 18:50,12327
2019-09-02 18:55,12308
2019-09-02 19:00,12401
2019-09-02 19:05,12420
2019-09-02 19:10,12460
2019-09-02 19:15,12403
2019-09-02 19:20,12453
2019-09-02 19:25,12448
2019-09-02 19:30,12458
2019-09-02 19:35,12446
2019-09-02 19:40,12520
2019-09-02 19:45,12497
2019-09-02 19:50,12489
2019-09-02 19:55,12438
2019-09-02 20:00,12343
2019-09-02 20:05,12318
2019-09-02 20:10,12324
2019-09-02 20:15,12339
2019-09-02 20:20,12337
2019-09-02 20:25,12275
2019-09-02 20:30,12152
2019-09-02 20:35,12115
2019-09-02 20:40,12111
2019-09-02 20:45,12101
2019-09-02 20:50,11988
2019-09-02 20:55,11886
2019-09-02 21:00,11823
2019-09-02 21:05,11747
2019-09-02 21:10,11697
2019-09-02 21:15,11614
2019-09-02 21:20,11532
2019-09-02 21:25,11434
2019-09-02 21:30,11372
2019-09-02 21:35,11388
2019-09-02 21:40,11339
2019-09-02 21:45,11281
2019-09-02 21:50,11222
2019-09-02 21:55,11119
2019-09-02 22:00,11045
2019-09-02 22:05,10952
2019-09-02 22:10,10842
2019-09-02 22:15,10806
2019-09-02 22:20,10760
2019-09-02 22:25,10658
2019-09-02 22:30,10610
2019-09-02 22:35,10514
2019-09-02 22:40,10387
2019-09-02 22:45,10346
2019-09-02 22:50,10273
2019-09-02 22:55,10261
2019-09-02 23:00,10244
2019-09-02 23:05,10184
2019-09-02 23:10,10144
2019-09-02 23:15,10050
2019-09-02 23:20,10091
2019-09-02 23:25,10016
2019-09-02 23:30,9981
2019-09-02 23:35,9913
2019-09-02 23:40,9927
2019-09-02 23:45,9936
2019-09-02 23:50,9954
2019-09-02 23:55,9965
2019-09-03 00:00,9925
2019-09-03 00:05,9842
2019-09-03 00:10,9774
2019-09-03 00:15,9776
2019-09-03 00:20,9780
2019-09-03 00:25,9728
2019-09-03 00:30,9752
2019-09-03 00:35,9788
2019-09-03 00:40,9804
2019-09-03 00:45,9773
2019-09-03 00:50,9752
2019-09-03 00:55,9705
2019-09-03 01:00,9706
2019-09-03 01:05,9722
2019-09-03 01:10,9696
2019-09-03 01:15,9703
2019-09-03 01:20,9686
2019-09-03 01:25,9654
2019-09-03 01:30,9656
2019-09-03 01:35,9634
2019-09-03 01:40,9662
2019-09-03 01:45,9623
2019-09-03 01:50,9569
2019-09-03 01:55,9524
2019-09-03 02:00,9482
2019-09-03 02:05,9414
2019-09-03 02:10,9409
2019-09-03 02:15,9410
2019-09-03 02:20,9352
2019-09-03 02:25,9284
2019-09-03 02:30,9219
2019-09-03 02:35,9167
2019-09-03 02:40,9053
2019-09-03 02:45,8987
2019-09-03 02:50,8960
2019-09-03 02:55,8859
2019-09-03 03:00,8747
2019-09-03 03:05,8642
2019-09-03 03:10,8523
2019-09-03 03:15,8417
2019-09-03 03:20,8345
2019-09-03 03:25,8302
2019-09-03 03:30,8152
2019-09-03 03:35,8069
2019-09-03 03:40,7934
2019-09-03 03:45,7844
2019-09-03 03:50,7783
2019-09-03 03:55,7645
2019-09-03 04:00,7505
2019-09-03 04:05,7391
2019-09-03 04:10,7304
2019-09-03 04:15,7107
2019-09-03 04:20,6995
2019-09-03 04:25,6892
2019-09-03 04:30,6730
2019-09-03 04:35,6561
2019-09-03 04:40,6461
2019-09-03 04:45,6294
2019-09-03 04:50,6222
2019-09-03 04:55,6104
2019-09-03 05:00,5996
2019-09-03 05:05,5930
2019-09-03 05:10,5784
2019-09-03 05:15,5650
2019-09-03 05:20,5532
2019-09-03 05:25,5399
2019-09-03 05:30,5308
2019-09-03 05:35,5174
2019-09-03 05:40,5058
2019-09-03 05:45,4951
2019-09-03 05:50,4874
2019-09-03 05:55,4784
2019-09-03 06:00,4674
2019-09-03 06:05,4597
2019-09-03 06:10,4558
2019-09-03 06:15,4486
2019-09-03 06:20,4357
2019-09-03 06:25,4278
2019-09-03 06:30,4242
2019-09-03 06:35,4173
2019-09-03 06:40,4136
2019-09-03 06:45,4045
2019-09-03 06:50,3962
2019-09-03 06:55,3913
2019-09-03 07:00,3822
2019-09-03 07:05,3744
2019-09-03 07:10,3738
2019-09-03 07:15,3707
2019-09-03 07:20,3646
2019-09-03 07:25,3587
2019-09-03 07:30,3530
2019-09-03 07:35,3552
2019-09-03 07:40,3529
2019-09-03 07:45,3501
2019-09-03 07:50,3521
2019-09-03 07:55,3551
2019-09-03 08:00,3505
2019-09-03 08:05,3534
2019-09-03 08:10,3493
2019-09-03 08:15,3456
2019-09-03 08:20,3481
2019-09-03 08:25,3464
2019-09-03 08:30,3455
2019-09-03 08:35,3477
2019-09-03 08:40,3474
2019-09-03 08:45,3519
2019-09-03 08:50,3556
2019-09-03 08:55,3527
2019-09-03 09:00,3563
2019-09-03 09:05,3570
2019-09-03 09:10,3592
2019-09-03 09:15,3640
2019-09-03 09:20,3656
2019-09-03 09:25,3681
2019-09-03 09:30,3645
2019-09-03 09:35,3682
2019-09-03 09:40,3733
2019-09-03 09:45,3781
2019-09-03 09:50,3806
2019-09-03 09:55,3812
2019-09-03 10:00,3855
2019-09-03 10:05,3887
2019-09-03 10:10,3908
2019-09-03 10:15,3924
2019-09-03 10:20,3973
2019-09-03 10:25,4031
2019-09-03 10:30,4079
2019-09-03 10:35,4104
2019-09-03 10:40,4169
2019-09-03 10:45,4180
2019-09-03 10:50,4241
2019-09-03 10:55,4257
2019-09-03 11:00,4313
2019-09-03 11:05,4342
2019-09-03 11:10,4351
2019-09-03 11:15,4443
2019-09-03 11:20,4481
2019-09-03 11:25,4532
2019-09-03 11:30,4582
2019-09-03 11:35,4596
2019-09-03 11:40,4658
2019-09-03 11:45,4688
2019-09-03 11:50,4726
2019-09-03 11:55,4764
2019-09-03 12:00,4811
2019-09-03 12:05,4877
2019-09-03 12:10,4937
2019-09-03 12:15,4976
2019-09-03 12:20,5013
2019-09-03 12:25,5116
2019-09-03 12:30,5159
2019-09-03 12:35,5237
2019-09-03 12:40,5320
2019-09-03 12:45,5356
2019-09-03 12:50,5417
2019-09-03 12:55,5527
2019-09-03 13:00,5596
2019-09-03 13:05,5668
2019-09-03 13:10,5752
2019-09-03 13:15,5906
2019-09-03 13:20,5986
2019-09-03 13:25,6060
2019-09-03 13:30,6128
2019-09-03 13:35,6240
2019-09-03 13:40,6314
2019-09-03 13:45,6419
2019-09-03 13:50,6481
2019-09-03 13:55,6550
2019-09-03 14:00,6644
2019-09-03 14:05,6740
2019-09-03 14:10,6801
2019-09-03 14:15,6888
2019-09-03 14:20,6966
2019-09-03 14:25,7016
2019-09-03 14:30,7075
2019-09-03 14:35,7121
2019-09-03 14:40,7183
2019-09-03 14:45,7244
2019-09-03 14:50,7289
2019-09-03 14:55,7345
2019-09-03 15:00,7383
2019-09-03 15:05,7400
2019-09-03 15:10,7479
2019-09-03 15:15,7508
2019-09-03 15:20,7545
2019-09-03 15:25,7581
2019-09-03 15:30,7669
2019-09-03 15:35,7738
2019-09-03 15:40,7755
2019-09-03 15:45,7835
2019-09-03 15:50,7879
2019-09-03 15:55,7950
2019-09-03 16:00,7987
2019-09-03 16:05,8092
2019-09-03 16:10,8123
2019-09-03 16:15,8256
2019-09-03 16:20,8350
2019-09-03 16:25,8423
2019-09-03 16:30,8547
2019-09-03 16:35,8601
2019-09-03 16:40,8665
2019-09-03 16:45,8753
2019-09-03 16:50,8848
2019-09-03 16:55,8955
2019-09-03 17:00,9030
2019-09-03 17:05,9137
2019-09-03 17:10,9243
2019-09-03 17:15,9325
2019-09-03 17:20,9460
2019-09-03 17:25,9568
2019-09-03 17:30,9588
2019-09-03 17:35,9636
2019-09-03 17:40,9736
2019-09-03 17:45,9427
2019-09-03 17:50,9866
2019-09-03 17:55,9858
2019-09-03 18:00,9956
2019-09-03 18:05,9978
2019-09-03 18:10,10077
2019-09-03 18:15,10126
2019-09-03 18:20,10187
2019-09-03 18:25,10199
2019-09-03 18:30,10299
2019-09-03 18:35,10319
2019-09-03 18:40,10367
2019-09-03 18:45,10410
2019-09-03 18:50,10423
2019-09-03 18:55,10420
2019-09-03 19:00,10439
2019-09-03 19:05,10492
2019-09-03 19:10,10470
2019-09-03 19:15,10515
2019-09-03 19:20,10583
2019-09-03 19:25,10612
2019-09-03 19:30,10631
2019-09-03 19:35,10643
2019-09-03 19:40,10687
2019-09-03 19:45,10674
2019-09-03 19:50,10628
2019-09-03 19:55,10578
2019-09-03 20:00,10490
2019-09-03 20:05,10359
2019-09-03 20:10,10332
2019-09-03 20:15,10357
2019-09-03 20:20,10328
2019-09-03 20:25,10327
2019-09-03 20:30,10286
2019-09-03 20:35,10230
2019-09-03 20:40,10158
2019-09-03 20:45,10154
2019-09-03 20:50,10110
2019-09-03 20:55,9984
2019-09-03 21:00,9944
2019-09-03 21:05,9901
2019-09-03 21:10,9895
2019-09-03 21:15,9823
2019-09-03 21:20,9693
2019-09-03 21:25,9678
2019-09-03 21:30,9617
2019-09-03 21:35,9568
2019-09-03 21:40,9508
2019-09-03 21:45,9456
2019-09-03 21:50,9423
2019-09-03 21:55,9399
2019-09-03 22:00,9341
2019-09-03 22:05,9345
2019-09-03 22:10,9316
2019-09-03 22:15,9331
2019-09-03 22:20,
2019-09-03 22:25,
2019-09-03 22:30,0
2019-09-03 22:35,8705
2019-09-03 22:40,9018
2019-09-03 22:45,9097
2019-09-03 22:50,9068
2019-09-03 22:55,9031
2019-09-03 23:00,8981
2019-09-03 23:05,8935
2019-09-03 23:10,8932
2019-09-03 23:15,8953
2019-09-03 23:20,8972
2019-09-03 23:25,8916
2019-09-03 23:30,8883
2019-09-03 23:35,8846
2019-09-03 23:40,8868
2019-09-03 23:45,8886
2019-09-03 23:50,8892
2019-09-03 23:55,8947
2019-09-04 00:00,8947
2019-09-04 00:05,8941
2019-09-04 00:10,8932
2019-09-04 00:15,8900
2019-09-04 00:20,8943
2019-09-04 00:25,8915
2019-09-04 00:30,9005
2019-09-04 00:35,9035
2019-09-04 00:40,9077
2019-09-04 00:45,9095
2019-09-04 00:50,9124
2019-09-04 00:55,9075
2019-09-04 01:00,9079
2019-09-04 01:05,9087
2019-09-04 01:10,9129
2019-09-04 01:15,9145
2019-09-04 01:20,9128
2019-09-04 01:25,9162
2019-09-04 01:30,9180
2019-09-04 01:35,9177
2019-09-04 01:40,9199
2019-09-04 01:45,9193
2019-09-04 01:50,9159
2019-09-04 01:55,9174
2019-09-04 02:00,9146
2019-09-04 02:05,9140
2019-09-04 02:10,9157
2019-09-04 02:15,9107
2019-09-04 02:20,9123
2019-09-04 02:25,9095
2019-09-04 02:30,9045
2019-09-04 02:35,9009
2019-09-04 02:40,8950
2019-09-04 02:45,8911
2019-09-04 02:50,8861
2019-09-04 02:55,8811
2019-09-04 03:00,8734
2019-09-04 03:05,8629
2019-09-04 03:10,8488
2019-09-04 03:15,8446
2019-09-04 03:20,8326
2019-09-04 03:25,8215
2019-09-04 03:30,8120
2019-09-04 03:35,7953
2019-09-04 03:40,7899
2019-09-04 03:45,7858
2019-09-04 03:50,7695
2019-09-04 03:55,7565
2019-09-04 04:00,7413
2019-09-04 04:05,7287
2019-09-04 04:10,7137
2019-09-04 04:15,7010
2019-09-04 04:20,6903
2019-09-04 04:25,6799
2019-09-04 04:30,6619
2019-09-04 04:35,6490
2019-09-04 04:40,6369
2019-09-04 04:45,6243
2019-09-04 04:50,6171
2019-09-04 04:55,6055
2019-09-04 05:00,5924
2019-09-04 05:05,5863
2019-09-04 05:10,5746
2019-09-04 05:15,5636
2019-09-04 05:20,5507
2019-09-04 05:25,5415
2019-09-04 05:30,5304
2019-09-04 05:35,5205
2019-09-04 05:40,5122
2019-09-04 05:45,5012
2019-09-04 05:50,4873
2019-09-04 05:55,4765
2019-09-04 06:00,4668
2019-09-04 06:05,4606
2019-09-04 06:10,4542
2019-09-04 06:15,4433
2019-09-04 06:20,4349
2019-09-04 06:25,4263
2019-09-04 06:30,4190
2019-09-04 06:35,4133
2019-09-04 06:40,4070
2019-09-04 06:45,4012
2019-09-04 06:50,3957
2019-09-04 06:55,3921
2019-09-04 07:00,3829
2019-09-04 07:05,3803
2019-09-04 07:10,3820
2019-09-04 07:15,3812
2019-09-04 07:20,3785
2019-09-04 07:25,3763
2019-09-04 07:30,3739
2019-09-04 07:35,3696
2019-09-04 07:40,3654
2019-09-04 07:45,3634
2019-09-04 07:50,3607
2019-09-04 07:55,3598
2019-09-04 08:00,3586
2019-09-04 08:05,3588
2019-09-04 08:10,3565
2019-09-04 08:15,3548
2019-09-04 08:20,3518
2019-09-04 08:25,3539
2019-09-04 08:30,3515
2019-09-04 08:35,3550
2019-09-04 08:40,3564
2019-09-04 08:45,3576
2019-09-04 08:50,3555
2019-09-04 08:55,3584
2019-09-04 09:00,3611
2019-09-04 09:05,3677
2019-09-04 09:10,3697
2019-09-04 09:15,3731
2019-09-04 09:20,3770
2019-09-04 09:25,3791
2019-09-04 09:30,3840
2019-09-04 09:35,3903
2019-09-04 09:40,3952
2019-09-04 09:45,3959
2019-09-04 09:50,3985
2019-09-04 09:55,3988
2019-09-04 10:00,3987
2019-09-04 10:05,4047
2019-09-04 10:10,4106
2019-09-04 10:15,4124
2019-09-04 10:20,4144
2019-09-04 10:25,4221
2019-09-04 10:30,4198
2019-09-04 10:35,4258
2019-09-04 10:40,4297
2019-09-04 10:45,4356
2019-09-04 10:50,4370
2019-09-04 10:55,4386
2019-09-04 11:00,4447
2019-09-04 11:05,4482
2019-09-04 11:10,4487
2019-09-04 11:15,4477
2019-09-04 11:20,4514
2019-09-04 11:25,4519
2019-09-04 11:30,4603
2019-09-04 11:35,4632
2019-09-04 11:40,4665
2019-09-04 11:45,4712
2019-09-04 11:50,4702
2019-09-04 11:55,4743
2019-09-04 12:00,4794
2019-09-04 12:05,4820
2019-09-04 12:10,4851
2019-09-04 12:15,4890
2019-09-04 12:20,4939
2019-09-04 12:25,5008
2019-09-04 12:30,5102
2019-09-04 12:35,5152
2019-09-04 12:40,5197
2019-09-04 12:45,5322
2019-09-04 12:50,5348
2019-09-04 12:55,5400
2019-09-04 13:00,5467
2019-09-04 13:05,5566
2019-09-04 13:10,5629
2019-09-04 13:15,5687
2019-09-04 13:20,5768
2019-09-04 13:25,5860
2019-09-04 13:30,5965
2019-09-04 13:35,6037
2019-09-04 13:40,6110
2019-09-04 13:45,6217
2019-09-04 13:50,6298
2019-09-04 13:55,6346
2019-09-04 14:00,6419
2019-09-04 14:05,6492
2019-09-04 14:10,6566
2019-09-04 14:15,6695
2019-09-04 14:20,6798
2019-09-04 14:25,6947
2019-09-04 14:30,6992
2019-09-04 14:35,7061
2019-09-04 14:40,7077
2019-09-04 14:45,7160
2019-09-04 14:50,7257
2019-09-04 14:55,7289
2019-09-04 15:00,7287
2019-09-04 15:05,7310
2019-09-04 15:10,7354
2019-09-04 15:15,7386
2019-09-04 15:20,7434
2019-09-04 15:25,7540
2019-09-04 15:30,7644
2019-09-04 15:35,7688
2019-09-04 15:40,7696
2019-09-04 15:45,7721
2019-09-04 15:50,7829
2019-09-04 15:55,7854
2019-09-04 16:00,7880
2019-09-04 16:05,7891
2019-09-04 16:10,8009
2019-09-04 16:15,8061
2019-09-04 16:20,8108
2019-09-04 16:25,8206
2019-09-04 16:30,8313
2019-09-04 16:35,8381
2019-09-04 16:40,8485
2019-09-04 16:45,8603
2019-09-04 16:50,8677
2019-09-04 16:55,8760
2019-09-04 17:00,8795
2019-09-04 17:05,8860
2019-09-04 17:10,8965
2019-09-04 17:15,9046
2019-09-04 17:20,9156
2019-09-04 17:25,9176
2019-09-04 17:30,9219
2019-09-04 17:35,9262
2019-09-04 17:40,9347
2019-09-04 17:45,9452
2019-09-04 17:50,9523
2019-09-04 17:55,9601
2019-09-04 18:00,9657
2019-09-04 18:05,9705
2019-09-04 18:10,9722
2019-09-04 18:15,9809
2019-09-04 18:20,9856
2019-09-04 18:25,9982
2019-09-04 18:30,9987
2019-09-04 18:35,10093
2019-09-04 18:40,10129
2019-09-04 18:45,10225
2019-09-04 18:50,10227
2019-09-04 18:55,10238
2019-09-04 19:00,10197
2019-09-04 19:05,10141
2019-09-04 19:10,10144
2019-09-04 19:15,10179
2019-09-04 19:20,10149
2019-09-04 19:25,10156
2019-09-04 19:30,10140
2019-09-04 19:35,10137
2019-09-04 19:40,10170
2019-09-04 19:45,10191
2019-09-04 19:50,10153
2019-09-04 19:55,10145
2019-09-04 20:00,10115
2019-09-04 20:05,10088
2019-09-04 20:10,10067
2019-09-04 20:15,10106
2019-09-04 20:20,10059
2019-09-04 20:25,10007
2019-09-04 20:30,9924
2019-09-04 20:35,9974
2019-09-04 20:40,9997
2019-09-04 20:45,9962
2019-09-04 20:50,10004
2019-09-04 20:55,10057
2019-09-04 21:00,10023
2019-09-04 21:05,10009
2019-09-04 21:10,9995
2019-09-04 21:15,9901
2019-09-04 21:20,9877
2019-09-04 21:25,9845
2019-09-04 21:30,9818
2019-09-04 21:35,9786
2019-09-04 21:40,9714
2019-09-04 21:45,9642
2019-09-04 21:50,9577
2019-09-04 21:55,9510
2019-09-04 22:00,9447
2019-09-04 22:05,9385
2019-09-04 22:10,9285
2019-09-04 22:15,9234
2019-09-04 22:20,9185
2019-09-04 22:25,9210
2019-09-04 22:30,9204
2019-09-04 22:35,9236
2019-09-04 22:40,9269
2019-09-04 22:45,9217
2019-09-04 22:50,9142
2019-09-04 22:55,9159
2019-09-04 23:00,9150
2019-09-04 23:05,9164
2019-09-04 23:10,9094
2019-09-04 23:15,9102
2019-09-04 23:20,9102
2019-09-04 23:25,9123
2019-09-04 23:30,9089
2019-09-04 23:35,9062
2019-09-04 23:40,9021
2019-09-04 23:45,8982
2019-09-04 23:50,9036
2019-09-04 23:55,9103
2019-09-05 00:00,9113
2019-09-05 00:05,9154
2019-09-05 00:10,9202
2019-09-05 00:15,9195
2019-09-05 00:20,9179
2019-09-05 00:25,9178
2019-09-05 00:30,9155
2019-09-05 00:35,9154
2019-09-05 00:40,9208
2019-09-05 00:45,9173
2019-09-05 00:50,9178
2019-09-05 00:55,9153
2019-09-05 01:00,9199
2019-09-05 01:05,9204
2019-09-05 01:10,9217
2019-09-05 01:15,9211
2019-09-05 01:20,9241
2019-09-05 01:25,9227
2019-09-05 01:30,9165
2019-09-05 01:35,9211
2019-09-05 01:40,9212
2019-09-05 01:45,9275
2019-09-05 01:50,9264
2019-09-05 01:55,9281
2019-09-05 02:00,9284
2019-09-05 02:05,9195
2019-09-05 02:10,9137
2019-09-05 02:15,9108
2019-09-05 02:20,9097
2019-09-05 02:25,9066
2019-09-05 02:30,9065
2019-09-05 02:35,9001
2019-09-05 02:40,8954
2019-09-05 02:45,8889
2019-09-05 02:50,8847
2019-09-05 02:55,8753
2019-09-05 03:00,8685
2019-09-05 03:05,8596
2019-09-05 03:10,8483
2019-09-05 03:15,8378
2019-09-05 03:20,8303
2019-09-05 03:25,8206
2019-09-05 03:30,8074
2019-09-05 03:35,7931
2019-09-05 03:40,7844
2019-09-05 03:45,7805
2019-09-05 03:50,7693
2019-09-05 03:55,7591
2019-09-05 04:00,7464
2019-09-05 04:05,7355
2019-09-05 04:10,7262
2019-09-05 04:15,7121
2019-09-05 04:20,7025
2019-09-05 04:25,6931
2019-09-05 04:30,6798
2019-09-05 04:35,6681
2019-09-05 04:40,6601
2019-09-05 04:45,6462
2019-09-05 04:50,6342
2019-09-05 04:55,6232
2019-09-05 05:00,6072
2019-09-05 05:05,5957
2019-09-05 05:10,5826
2019-09-05 05:15,5707
2019-09-05 05:20,5564
2019-09-05 05:25,5477
2019-09-05 05:30,5395
2019-09-05 05:35,5331
2019-09-05 05:40,5173
2019-09-05 05:45,5082
2019-09-05 05:50,4980
2019-09-05 05:55,4842
2019-09-05 06:00,4741
2019-09-05 06:05,4649
2019-09-05 06:10,4607
2019-09-05 06:15,4564
2019-09-05 06:20,4475
2019-09-05 06:25,4369
2019-09-05 06:30,4265
2019-09-05 06:35,4203
2019-09-05 06:40,4131
2019-09-05 06:45,4114
2019-09-05 06:50,4061
2019-09-05 06:55,3991
2019-09-05 07:00,3960
2019-09-05 07:05,3906
2019-09-05 07:10,3892
2019-09-05 07:15,3791
2019-09-05 07:20,3733
2019-09-05 07:25,3691
2019-09-05 07:30,3702
2019-09-05 07:35,3658
2019-09-05 07:40,3654
2019-09-05 07:45,3584
2019-09-05 07:50,3608
2019-09-05 07:55,3606
2019-09-05 08:00,3615
2019-09-05 08:05,3592
2019-09-05 08:10,3557
2019-09-05 08:15,3566
2019-09-05 08:20,3583
2019-09-05 08:25,3595
2019-09-05 08:30,3614
2019-09-05 08:35,3602
2019-09-05 08:40,3630
2019-09-05 08:45,3631
2019-09-05 08:50,3614
2019-09-05 08:55,3646
2019-09-05 09:00,3630
2019-09-05 09:05,3659
2019-09-05 09:10,3690
2019-09-05 09:15,3700
2019-09-05 09:20,3696
2019-09-05 09:25,3711
2019-09-05 09:30,3778
2019-09-05 09:35,3762
2019-09-05 09:40,3848
2019-09-05 09:45,3868
2019-09-05 09:50,3863
2019-09-05 09:55,3893
2019-09-05 10:00,3903
2019-09-05 10:05,3943
2019-09-05 10:10,3976
2019-09-05 10:15,4010
2019-09-05 10:20,4047
2019-09-05 10:25,4091
2019-09-05 10:30,4131
2019-09-05 10:35,4197
2019-09-05 10:40,4239
2019-09-05 10:45,4258
2019-09-05 10:50,4325
2019-09-05 10:55,4342
2019-09-05 11:00,4374
2019-09-05 11:05,4410
2019-09-05 11:10,4440
2019-09-05 11:15,4540
2019-09-05 11:20,4587
2019-09-05 11:25,4628
2019-09-05 11:30,4669
2019-09-05 11:35,4722
2019-09-05 11:40,4754
2019-09-05 11:45,4801
2019-09-05 11:50,4847
2019-09-05 11:55,4939
2019-09-05 12:00,4983
2019-09-05 12:05,5040
2019-09-05 12:10,5088
2019-09-05 12:15,5088
2019-09-05 12:20,5165
2019-09-05 12:25,5216
2019-09-05 12:30,5278
2019-09-05 12:35,5364
2019-09-05 12:40,5447
2019-09-05 12:45,5513
2019-09-05 12:50,5567
2019-09-05 12:55,5682
2019-09-05 13:00,5728
2019-09-05 13:05,5786
2019-09-05 13:10,5893
2019-09-05 13:15,5942
2019-09-05 13:20,5966
2019-09-05 13:25,6058
2019-09-05 13:30,6125
2019-09-05 13:35,6230
2019-09-05 13:40,6309
2019-09-05 13:45,6383
2019-09-05 13:50,6403
2019-09-05 13:55,6438
2019-09-05 14:00,6504
2019-09-05 14:05,6552
2019-09-05 14:10,6554
2019-09-05 14:15,6630
2019-09-05 14:20,6678
2019-09-05 14:25,6831
2019-09-05 14:30,6932
2019-09-05 14:35,6965
2019-09-05 14:40,7021
2019-09-05 14:45,7047
2019-09-05 14:50,7096
2019-09-05 14:55,7176
2019-09-05 15:00,7269
2019-09-05 15:05,7293
2019-09-05 15:10,7415
2019-09-05 15:15,7483
2019-09-05 15:20,7527
2019-09-05 15:25,7591
2019-09-05 15:30,7672
2019-09-05 15:35,7759
2019-09-05 15:40,7861
2019-09-05 15:45,7915
2019-09-05 15:50,8040
2019-09-05 15:55,8158
2019-09-05 16:00,8136
2019-09-05 16:05,8169
2019-09-05 16:10,8277
2019-09-05 16:15,8327
2019-09-05 16:20,8347
2019-09-05 16:25,8314
2019-09-05 16:30,8440
2019-09-05 16:35,8517
2019-09-05 16:40,8604
2019-09-05 16:45,8609
2019-09-05 16:50,8657
2019-09-05 16:55,8701
2019-09-05 17:00,8798
2019-09-05 17:05,8871
2019-09-05 17:10,8965
2019-09-05 17:15,9017
2019-09-05 17:20,9040
2019-09-05 17:25,9116
2019-09-05 17:30,9232
2019-09-05 17:35,9332
2019-09-05 17:40,9371
2019-09-05 17:45,9494
2019-09-05 17:50,9633
2019-09-05 17:55,9708
2019-09-05 18:00,9775
2019-09-05 18:05,9826
2019-09-05 18:10,9901
2019-09-05 18:15,9927
2019-09-05 18:20,9971
2019-09-05 18:25,10034
2019-09-05 18:30,10093
2019-09-05 18:35,10247
2019-09-05 18:40,10315
2019-09-05 18:45,10329
2019-09-05 18:50,10403
2019-09-05 18:55,10415
2019-09-05 19:00,10392
2019-09-05 19:05,10414
2019-09-05 19:10,10416
2019-09-05 19:15,10459
2019-09-05 19:20,10557
2019-09-05 19:25,10556
2019-09-05 19:30,10591
2019-09-05 19:35,10593
2019-09-05 19:40,10537
2019-09-05 19:45,10559
2019-09-05 19:50,10539
2019-09-05 19:55,10585
2019-09-05 20:00,10585
2019-09-05 20:05,10613
2019-09-05 20:10,10567
2019-09-05 20:15,10514
2019-09-05 20:20,10472
2019-09-05 20:25,10454
2019-09-05 20:30,10427
2019-09-05 20:35,10391
2019-09-05 20:40,10345
2019-09-05 20:45,10355
2019-09-05 20:50,10310
2019-09-05 20:55,10323
2019-09-05 21:00,10157
2019-09-05 21:05,10083
2019-09-05 21:10,9806
2019-09-05 21:15,9689
2019-09-05 21:20,9731
2019-09-05 21:25,9772
2019-09-05 21:30,9725
2019-09-05 21:35,9694
2019-09-05 21:40,9654
2019-09-05 21:45,9607
2019-09-05 21:50,9531
2019-09-05 21:55,9472
2019-09-05 22:00,9408
2019-09-05 22:05,9396
2019-09-05 22:10,9332
2019-09-05 22:15,9256
2019-09-05 22:20,9297
2019-09-05 22:25,9215
2019-09-05 22:30,9158
2019-09-05 22:35,9152
2019-09-05 22:40,9164
2019-09-05 22:45,9107
2019-09-05 22:50,9131
2019-09-05 22:55,9168
2019-09-05 23:00,9088
2019-09-05 23:05,0
2019-09-05 23:10,9058
2019-09-05 23:15,9010
2019-09-05 23:20,9041
2019-09-05 23:25,9033
2019-09-05 23:30,8989
2019-09-05 23:35,8990
2019-09-05 23:40,8995
2019-09-05 23:45,8995
2019-09-05 23:50,8944
2019-09-05 23:55,8943
2019-09-06 00:00,8938
2019-09-06 00:05,8882
2019-09-06 00:10,8887
2019-09-06 00:15,8881
2019-09-06 00:20,8882
2019-09-06 00:25,8884
2019-09-06 00:30,8893
2019-09-06 00:35,8887
2019-09-06 00:40,8899
2019-09-06 00:45,8939
2019-09-06 00:50,8904
2019-09-06 00:55,8903
2019-09-06 01:00,8935
2019-09-06 01:05,8910
2019-09-06 01:10,8930
2019-09-06 01:15,8958
2019-09-06 01:20,8926
2019-09-06 01:25,8958
2019-09-06 01:30,8892
2019-09-06 01:35,8898
2019-09-06 01:40,8911
2019-09-06 01:45,8872
2019-09-06 01:50,8928
2019-09-06 01:55,8879
2019-09-06 02:00,8846
2019-09-06 02:05,8801
2019-09-06 02:10,8813
2019-09-06 02:15,8784
2019-09-06 02:20,8687
2019-09-06 02:25,8714
2019-09-06 02:30,8674
2019-09-06 02:35,8623
2019-09-06 02:40,8557
2019-09-06 02:45,8453
2019-09-06 02:50,8458
2019-09-06 02:55,8361
2019-09-06 03:00,8270
2019-09-06 03:05,8226
2019-09-06 03:10,8191
2019-09-06 03:15,8120
2019-09-06 03:20,8027
2019-09-06 03:25,7938
2019-09-06 03:30,
2019-09-06 03:35,7762
2019-09-06 03:40,7668
2019-09-06 03:45,7596
2019-09-06 03:50,7478
2019-09-06 03:55,7389
2019-09-06 04:00,7237
2019-09-06 04:05,7186
2019-09-06 04:10,7073
2019-09-06 04:15,7011
2019-09-06 04:20,6883
2019-09-06 04:25,6741
2019-09-06 04:30,6615
2019-09-06 04:35,6479
2019-09-06 04:40,6368
2019-09-06 04:45,6316
2019-09-06 04:50,6184
2019-09-06 04:55,6102
2019-09-06 05:00,5962
2019-09-06 05:05,5886
2019-09-06 05:10,5790
2019-09-06 05:15,5713
2019-09-06 05:20,5588
2019-09-06 05:25,5457
2019-09-06 05:30,5394
2019-09-06 05:35,5308
2019-09-06 05:40,5195
2019-09-06 05:45,5084
2019-09-06 05:50,5015
2019-09-06 05:55,
2019-09-06 06:00,4823
2019-09-06 06:05,4733
2019-09-06 06:10,4656
2019-09-06 06:15,4561
2019-09-06 06:20,4494
2019-09-06 06:25,4422
2019-09-06 06:30,4355
2019-09-06 06:35,4282
2019-09-06 06:40,4256
2019-09-06 06:45,4217
2019-09-06 06:50,4167
2019-09-06 06:55,4122
2019-09-06 07:00,4077
2019-09-06 07:05,4008
2019-09-06 07:10,3961
2019-09-06 07:15,3899
2019-09-06 07:20,3902
2019-09-06 07:25,3847
2019-09-06 07:30,3833
2019-09-06 07:35,3788
2019-09-06 07:40,3766
2019-09-06 07:45,3748
2019-09-06 07:50,3688
2019-09-06 07:55,3708
2019-09-06 08:00,3719
2019-09-06 08:05,3710
2019-09-06 08:10,3696
2019-09-06 08:15,3697
2019-09-06 08:20,3675
2019-09-06 08:25,3659
2019-09-06 08:30,3643
2019-09-06 08:35,3648
2019-09-06 08:40,3637
2019-09-06 08:45,3628
2019-09-06 08:50,3629
2019-09-06 08:55,3664
2019-09-06 09:00,3633
2019-09-06 09:05,3682
2019-09-06 09:10,3690
2019-09-06 09:15,3715
2019-09-06 09:20,3791
2019-09-06 09:25,3853
2019-09-06 09:30,3816
2019-09-06 09:35,3886
2019-09-06 09:40,3932
2019-09-06 09:45,3989
2019-09-06 09:50,3982
2019-09-06 09:55,4006
2019-09-06 10:00,4079
2019-09-06 10:05,4124
2019-09-06 10:10,4142
2019-09-06 10:15,4171
2019-09-06 10:20,4203
2019-09-06 10:25,4269
2019-09-06 10:30,4314
2019-09-06 10:35,4356
2019-09-06 10:40,4381
2019-09-06 10:45,4419
2019-09-06 10:50,4474
2019-09-06 10:55,4498
2019-09-06 11:00,4528
2019-09-06 11:05,4550
2019-09-06 11:10,4597
2019-09-06 11:15,4688
2019-09-06 11:20,4741
2019-09-06 11:25,4743
2019-09-06 11:30,4779
2019-09-06 11:35,4841
2019-09-06 11:40,4865
2019-09-06 11:45,4896
2019-09-06 11:50,4991
2019-09-06 11:55,5012
2019-09-06 12:00,5052
2019-09-06 12:05,5093
2019-09-06 12:10,5183
2019-09-06 12:15,5296
2019-09-06 12:20,5335
2019-09-06 12:25,5391
2019-09-06 12:30,5408
2019-09-06 12:35,5493
2019-09-06 12:40,5579
2019-09-06 12:45,5611
2019-09-06 12:50,5685
2019-09-06 12:55,5772
2019-09-06 13:00,5881
2019-09-06 13:05,5939
2019-09-06 13:10,6060
2019-09-06 13:15,6165
2019-09-06 13:20,6283
2019-09-06 13:25,6315
2019-09-06 13:30,6427
2019-09-06 13:35,6495
2019-09-06 13:40,6551
2019-09-06 13:45,6649
2019-09-06 13:50,6753
2019-09-06 13:55,6853
2019-09-06 14:00,6877
2019-09-06 14:05,6926
2019-09-06 14:10,6956
2019-09-06 14:15,7007
2019-09-06 14:20,7077
2019-09-06 14:25,7175
2019-09-06 14:30,7274
2019-09-06 14:35,7381
2019-09-06 14:40,7447
2019-09-06 14:45,7481
2019-09-06 14:50,7559
2019-09-06 14:55,7583
2019-09-06 15:00,7618
2019-09-06 15:05,7670
2019-09-06 15:10,7722
2019-09-06 15:15,7785
2019-09-06 15:20,7866
2019-09-06 15:25,7931
2019-09-06 15:30,8000
2019-09-06 15:35,8001
2019-09-06 15:40,8061
2019-09-06 15:45,8100
2019-09-06 15:50,8126
2019-09-06 15:55,8191
2019-09-06 16:00,8223
2019-09-06 16:05,8290
2019-09-06 16:10,8354
2019-09-06 16:15,8349
2019-09-06 16:20,8477
2019-09-06 16:25,8539
2019-09-06 16:30,8632
2019-09-06 16:35,8667
2019-09-06 16:40,8691
2019-09-06 16:45,8732
2019-09-06 16:50,8782
2019-09-06 16:55,8760
2019-09-06 17:00,8776
2019-09-06 17:05,8898
2019-09-06 17:10,8781
2019-09-06 17:15,9041
2019-09-06 17:20,9043
2019-09-06 17:25,9109
2019-09-06 17:30,9161
2019-09-06 17:35,9225
2019-09-06 17:40,9230
2019-09-06 17:45,9304
2019-09-06 17:50,9438
2019-09-06 17:55,9505
2019-09-06 18:00,
2019-09-06 18:05,9647
2019-09-06 18:10,9729
2019-09-06 18:15,9768
2019-09-06 18:20,9860
2019-09-06 18:25,9959
2019-09-06 18:30,9997
2019-09-06 18:35,10031
2019-09-06 18:40,10098
2019-09-06 18:45,10171
2019-09-06 18:50,10253
2019-09-06 18:55,10305
2019-09-06 19:00,10329
2019-09-06 19:05,10372
2019-09-06 19:10,10474
2019-09-06 19:15,10504
2019-09-06 19:20,10511
2019-09-06 19:25,10587
2019-09-06 19:30,10664
2019-09-06 19:35,10762
2019-09-06 19:40,10849
2019-09-06 19:45,10881
2019-09-06 19:50,10907
2019-09-06 19:55,10907
2019-09-06 20:00,10925
2019-09-06 20:05,10873
2019-09-06 20:10,10856
2019-09-06 20:15,10894
2019-09-06 20:20,10907
2019-09-06 20:25,10899
2019-09-06 20:30,10981
2019-09-06 20:35,11004
2019-09-06 20:40,11007
2019-09-06 20:45,11004
2019-09-06 20:50,10992
2019-09-06 20:55,10929
2019-09-06 21:00,10882
2019-09-06 21:05,10859
2019-09-06 21:10,10873
2019-09-06 21:15,10764
2019-09-06 21:20,10696
2019-09-06 21:25,10693
2019-09-06 21:30,10652
2019-09-06 21:35,10631
2019-09-06 21:40,10626
2019-09-06 21:45,10582
2019-09-06 21:50,10558
2019-09-06 21:55,10483
2019-09-06 22:00,10395
2019-09-06 22:05,10332
2019-09-06 22:10,10326
2019-09-06 22:15,10335
2019-09-06 22:20,10279
2019-09-06 22:25,10240
2019-09-06 22:30,10151
2019-09-06 22:35,10149
2019-09-06 22:40,10057
2019-09-06 22:45,10113
2019-09-06 22:50,10038
2019-09-06 22:55,9981
2019-09-06 23:00,9947
2019-09-06 23:05,9842
2019-09-06 23:10,9747
2019-09-06 23:15,9767
2019-09-06 23:20,0
2019-09-06 23:25,9744
2019-09-06 23:30,9742
2019-09-06 23:35,9690
2019-09-06 23:40,9711
2019-09-06 23:45,9642
2019-09-06 23:50,9587
2019-09-06 23:55,9535
2019-09-07 00:00,9513
2019-09-07 00:05,9433
2019-09-07 00:10,9427
2019-09-07 00:15,9385
2019-09-07 00:20,9344
2019-09-07 00:25,9367
2019-09-07 00:30,9367
2019-09-07 00:35,9340
2019-09-07 00:40,9305
2019-09-07 00:45,9337
2019-09-07 00:50,9342
2019-09-07 00:55,9323
2019-09-07 01:00,9290
2019-09-07 01:05,9252
2019-09-07 01:10,9230
2019-09-07 01:15,9259
2019-09-07 01:20,9264
2019-09-07 01:25,9329
2019-09-07 01:30,9375
2019-09-07 01:35,9336
2019-09-07 01:40,9386
2019-09-07 01:45,9346
2019-09-07 01:50,9349
2019-09-07 01:55,9410
2019-09-07 02:00,9375
2019-09-07 02:05,9403
2019-09-07 02:10,9398
2019-09-07 02:15,9371
2019-09-07 02:20,9367
2019-09-07 02:25,9451
2019-09-07 02:30,9440
2019-09-07 02:35,9400
2019-09-07 02:40,9426
2019-09-07 02:45,9370
2019-09-07 02:50,9375
2019-09-07 02:55,9404
2019-09-07 03:00,9459
2019-09-07 03:05,9412
2019-09-07 03:10,9372
2019-09-07 03:15,9361
2019-09-07 03:20,9273
2019-09-07 03:25,9278
2019-09-07 03:30,9273
2019-09-07 03:35,9229
2019-09-07 03:40,9191
2019-09-07 03:45,9107
2019-09-07 03:50,9131
2019-09-07 03:55,9067
2019-09-07 04:00,8967
2019-09-07 04:05,8904
2019-09-07 04:10,8853
2019-09-07 04:15,8836
2019-09-07 04:20,8757
2019-09-07 04:25,8740
2019-09-07 04:30,8649
2019-09-07 04:35,8540
2019-09-07 04:40,8444
2019-09-07 04:45,8360
2019-09-07 04:50,8243
2019-09-07 04:55,8174
2019-09-07 05:00,8091
2019-09-07 05:05,8008
2019-09-07 05:10,7834
2019-09-07 05:15,7717
2019-09-07 05:20,7660
2019-09-07 05:25,7559
2019-09-07 05:30,7450
2019-09-07 05:35,7365
2019-09-07 05:40,7275
2019-09-07 05:45,7197
2019-09-07 05:50,7131
2019-09-07 05:55,7001
2019-09-07 06:00,6887
2019-09-07 06:05,6798
2019-09-07 06:10,6730
2019-09-07 06:15,6605
2019-09-07 06:20,6496
2019-09-07 06:25,6399
2019-09-07 06:30,6304
2019-09-07 06:35,6211
2019-09-07 06:40,6092
2019-09-07 06:45,6005
2019-09-07 06:50,5912
2019-09-07 06:55,5806
2019-09-07 07:00,5699
2019-09-07 07:05,5643
2019-09-07 07:10,5546
2019-09-07 07:15,5497
2019-09-07 07:20,5412
2019-09-07 07:25,5322
2019-09-07 07:30,5285
2019-09-07 07:35,5242
2019-09-07 07:40,5241
2019-09-07 07:45,5173
2019-09-07 07:50,5115
2019-09-07 07:55,5118
2019-09-07 08:00,5079
2019-09-07 08:05,5024
2019-09-07 08:10,4982
2019-09-07 08:15,4943
2019-09-07 08:20,4988
2019-09-07 08:25,5016
2019-09-07 08:30,5018
2019-09-07 08:35,5037
2019-09-07 08:40,5067
2019-09-07 08:45,5115
2019-09-07 08:50,5161
2019-09-07 08:55,5186
2019-09-07 09:00,5252
2019-09-07 09:05,5302
2019-09-07 09:10,5366
2019-09-07 09:15,5381
2019-09-07 09:20,5430
2019-09-07 09:25,5462
2019-09-07 09:30,5512
2019-09-07 09:35,5578
2019-09-07 09:40,5556
2019-09-07 09:45,5578
2019-09-07 09:50,5595
2019-09-07 09:55,5595
2019-09-07 10:00,5645
2019-09-07 10:05,5701
2019-09-07 10:10,5755
2019-09-07 10:15,5748
2019-09-07 10:20,5771
2019-09-07 10:25,5790
2019-09-07 10:30,5823
2019-09-07 10:35,5870
2019-09-07 10:40,5930
2019-09-07 10:45,5969
2019-09-07 10:50,6033
2019-09-07 10:55,6063
2019-09-07 11:00,6106
2019-09-07 11:05,6147
2019-09-07 11:10,6194
2019-09-07 11:15,6271
2019-09-07 11:20,6290
2019-09-07 11:25,6399
2019-09-07 11:30,6433
2019-09-07 11:35,6503
2019-09-07 11:40,6519
2019-09-07 11:45,6606
2019-09-07 11:50,6660
2019-09-07 11:55,6665
2019-09-07 12:00,6698
2019-09-07 12:05,6756
2019-09-07 12:10,6834
2019-09-07 12:15,6879
2019-09-07 12:20,6958
2019-09-07 12:25,6965
2019-09-07 12:30,7026
2019-09-07 12:35,7166
2019-09-07 12:40,7295
2019-09-07 12:45,7341
2019-09-07 12:50,7333
2019-09-07 12:55,7405
2019-09-07 13:00,7468
2019-09-07 13:05,7513
2019-09-07 13:10,7560
2019-09-07 13:15,7615
2019-09-07 13:20,7720
2019-09-07 13:25,7766
2019-09-07 13:30,7887
2019-09-07 13:35,7997
2019-09-07 13:40,8055
2019-09-07 13:45,8140
2019-09-07 13:50,8245
2019-09-07 13:55,8263
2019-09-07 14:00,8301
2019-09-07 14:05,8460
2019-09-07 14:10,8541
2019-09-07 14:15,8637
2019-09-07 14:20,8753
2019-09-07 14:25,8835
2019-09-07 14:30,8935
2019-09-07 14:35,9000
2019-09-07 14:40,9002
2019-09-07 14:45,9138
2019-09-07 14:50,9296
2019-09-07 14:55,9345
2019-09-07 15:00,9420
2019-09-07 15:05,9472
2019-09-07 15:10,9499
2019-09-07 15:15,9570
2019-09-07 15:20,9597
2019-09-07 15:25,9717
2019-09-07 15:30,9727
2019-09-07 15:35,9865
2019-09-07 15:40,9906
2019-09-07 15:45,9948
2019-09-07 15:50,10029
2019-09-07 15:55,10117
2019-09-07 16:00,10111
2019-09-07 16:05,10165
2019-09-07 16:10,10206
2019-09-07 16:15,10238
2019-09-07 16:20,10313
2019-09-07 16:25,10446
2019-09-07 16:30,10467
2019-09-07 16:35,10501
2019-09-07 16:40,10587
2019-09-07 16:45,10639
2019-09-07 16:50,10789
2019-09-07 16:55,10863
2019-09-07 17:00,10901
2019-09-07 17:05,10900
2019-09-07 17:10,10932
2019-09-07 17:15,10936
2019-09-07 17:20,10973
2019-09-07 17:25,11010
2019-09-07 17:30,11050
2019-09-07 17:35,11131
2019-09-07 17:40,11144
2019-09-07 17:45,11168
2019-09-07 17:50,11265
2019-09-07 17:55,11254
2019-09-07 18:00,11275
2019-09-07 18:05,11378
2019-09-07 18:10,11453
2019-09-07 18:15,11429
2019-09-07 18:20,11482
2019-09-07 18:25,11561
2019-09-07 18:30,11716
2019-09-07 18:35,11749
2019-09-07 18:40,11658
2019-09-07 18:45,11722
2019-09-07 18:50,11813
2019-09-07 18:55,11936
2019-09-07 19:00,12019
2019-09-07 19:05,12145
2019-09-07 19:10,12243
2019-09-07 19:15,12320
2019-09-07 19:20,12426
2019-09-07 19:25,12463
2019-09-07 19:30,12471
2019-09-07 19:35,12498
2019-09-07 19:40,12511
2019-09-07 19:45,12500
2019-09-07 19:50,12566
2019-09-07 19:55,12652
2019-09-07 20:00,12650
2019-09-07 20:05,12667
2019-09-07 20:10,12675
2019-09-07 20:15,12686
2019-09-07 20:20,12778
2019-09-07 20:25,12792
2019-09-07 20:30,12778
2019-09-07 20:35,12740
2019-09-07 20:40,12699
2019-09-07 20:45,12596
2019-09-07 20:50,12606
2019-09-07 20:55,12602
2019-09-07 21:00,12597
2019-09-07 21:05,12608
2019-09-07 21:10,12541
2019-09-07 21:15,12540
2019-09-07 21:20,12521
2019-09-07 21:25,12451
2019-09-07 21:30,12392
2019-09-07 21:35,12342
2019-09-07 21:40,12292
2019-09-07 21:45,12257
2019-09-07 21:50,12151
2019-09-07 21:55,12116
2019-09-07 22:00,12052
2019-09-07 22:05,12054
2019-09-07 22:10,12031
2019-09-07 22:15,11932
2019-09-07 22:20,11839
2019-09-07 22:25,11745
2019-09-07 22:30,11656
2019-09-07 22:35,11592
2019-09-07 22:40,11489
2019-09-07 22:45,11354
2019-09-07 22:50,11236
2019-09-07 22:55,11105
2019-09-07 23:00,11033
2019-09-07 23:05,10960
2019-09-07 23:10,10841
2019-09-07 23:15,10773
2019-09-07 23:20,10714
2019-09-07 23:25,10626
2019-09-07 23:30,10578
2019-09-07 23:35,10507
2019-09-07 23:40,10407
2019-09-07 23:45,10312
2019-09-07 23:50,10248
2019-09-07 23:55,10202
2019-09-08 00:00,10144
2019-09-08 00:05,10101
2019-09-08 00:10,10051
2019-09-08 00:15,10024
2019-09-08 00:20,9970
2019-09-08 00:25,9924
2019-09-08 00:30,9878
2019-09-08 00:35,9851
2019-09-08 00:40,9906
2019-09-08 00:45,9818
2019-09-08 00:50,9856
2019-09-08 00:55,9770
2019-09-08 01:00,9800
2019-09-08 01:05,9758
2019-09-08 01:10,9780
2019-09-08 01:15,9732
2019-09-08 01:20,9745
2019-09-08 01:25,9699
2019-09-08 01:30,9648
2019-09-08 01:35,9658
2019-09-08 01:40,9684
2019-09-08 01:45,9654
2019-09-08 01:50,9694
2019-09-08 01:55,9687
2019-09-08 02:00,9669
2019-09-08 02:05,9628
2019-09-08 02:10,9623
2019-09-08 02:15,9605
2019-09-08 02:20,9645
2019-09-08 02:25,9646
2019-09-08 02:30,9563
2019-09-08 02:35,9501
2019-09-08 02:40,9540
2019-09-08 02:45,9533
2019-09-08 02:50,9587
2019-09-08 02:55,9560
2019-09-08 03:00,9533
2019-09-08 03:05,9497
2019-09-08 03:10,9527
2019-09-08 03:15,9432
2019-09-08 03:20,9420
2019-09-08 03:25,9379
2019-09-08 03:30,9350
2019-09-08 03:35,9355
2019-09-08 03:40,9346
2019-09-08 03:45,9310
2019-09-08 03:50,9240
2019-09-08 03:55,9198
2019-09-08 04:00,9123
2019-09-08 04:05,9065
2019-09-08 04:10,8996
2019-09-08 04:15,8952
2019-09-08 04:20,8931
2019-09-08 04:25,8851
2019-09-08 04:30,8776
2019-09-08 04:35,8762
2019-09-08 04:40,8706
2019-09-08 04:45,8599
2019-09-08 04:50,8556
2019-09-08 04:55,8472
2019-09-08 05:00,8411
2019-09-08 05:05,8324
2019-09-08 05:10,8199
2019-09-08 05:15,8124
2019-09-08 05:20,8030
2019-09-08 05:25,7899
2019-09-08 05:30,7784
2019-09-08 05:35,7627
2019-09-08 05:40,7526
2019-09-08 05:45,7465
2019-09-08 05:50,7341
2019-09-08 05:55,7170
2019-09-08 06:00,7084
2019-09-08 06:05,7001
2019-09-08 06:10,6952
2019-09-08 06:15,6874
2019-09-08 06:20,6701
2019-09-08 06:25,6592
2019-09-08 06:30,6526
2019-09-08 06:35,6386
2019-09-08 06:40,6330
2019-09-08 06:45,6263
2019-09-08 06:50,6212
2019-09-08 06:55,6094
2019-09-08 07:00,6098
2019-09-08 07:05,6023
2019-09-08 07:10,5933
2019-09-08 07:15,5838
2019-09-08 07:20,5813
2019-09-08 07:25,5778
2019-09-08 07:30,5725
2019-09-08 07:35,5674
2019-09-08 07:40,5620
2019-09-08 07:45,5606
2019-09-08 07:50,5559
2019-09-08 07:55,5519
2019-09-08 08:00,5482
2019-09-08 08:05,5469
2019-09-08 08:10,5470
2019-09-08 08:15,5448
2019-09-08 08:20,5439
2019-09-08 08:25,5437
2019-09-08 08:30,5386
2019-09-08 08:35,5378
2019-09-08 08:40,5396
2019-09-08 08:45,5438
2019-09-08 08:50,5474
2019-09-08 08:55,5479
2019-09-08 09:00,5503
2019-09-08 09:05,5518
2019-09-08 09:10,5557
2019-09-08 09:15,5601
2019-09-08 09:20,5672
2019-09-08 09:25,5691
2019-09-08 09:30,5724
2019-09-08 09:35,5776
2019-09-08 09:40,5865
2019-09-08 09:45,5881
2019-09-08 09:50,5909
2019-09-08 09:55,5954
2019-09-08 10:00,5992
2019-09-08 10:05,6071
2019-09-08 10:10,6122
2019-09-08 10:15,6157
2019-09-08 10:20,6206
2019-09-08 10:25,6217
2019-09-08 10:30,6237
2019-09-08 10:35,6313
2019-09-08 10:40,6411
2019-09-08 10:45,6409
2019-09-08 10:50,6467
2019-09-08 10:55,6497
2019-09-08 11:00,6551
2019-09-08 11:05,6643
2019-09-08 11:10,6696
2019-09-08 11:15,6785
2019-09-08 11:20,6794
2019-09-08 11:25,6875
2019-09-08 11:30,6959
2019-09-08 11:35,7002
2019-09-08 11:40,7068
2019-09-08 11:45,7124
2019-09-08 11:50,7203
2019-09-08 11:55,7255
2019-09-08 12:00,7302
2019-09-08 12:05,7349
2019-09-08 12:10,7438
2019-09-08 12:15,7473
2019-09-08 12:20,7516
2019-09-08 12:25,7580
2019-09-08 12:30,7655
2019-09-08 12:35,7703
2019-09-08 12:40,7747
2019-09-08 12:45,7852
2019-09-08 12:50,7881
2019-09-08 12:55,7948
2019-09-08 13:00,8043
2019-09-08 13:05,7837
2019-09-08 13:10,7432
2019-09-08 13:15,7542
2019-09-08 13:20,7646
2019-09-08 13:25,7869
2019-09-08 13:30,8011
2019-09-08 13:35,8146
2019-09-08 13:40,8286
2019-09-08 13:45,8410
2019-09-08 13:50,8542
2019-09-08 13:55,8712
2019-09-08 14:00,8880
2019-09-08 14:05,9007
2019-09-08 14:10,9165
2019-09-08 14:15,9347
2019-09-08 14:20,9465
2019-09-08 14:25,9578
2019-09-08 14:30,9692
2019-09-08 14:35,9860
2019-09-08 14:40,9986
2019-09-08 14:45,10063
2019-09-08 14:50,10121
2019-09-08 14:55,10140
2019-09-08 15:00,10243
2019-09-08 15:05,10325
2019-09-08 15:10,10414
2019-09-08 15:15,10491
2019-09-08 15:20,10630
2019-09-08 15:25,10671
2019-09-08 15:30,10816
2019-09-08 15:35,10843
2019-09-08 15:40,10906
2019-09-08 15:45,10940
2019-09-08 15:50,10950
2019-09-08 15:55,11061
2019-09-08 16:00,11133
2019-09-08 16:05,11134
2019-09-08 16:10,11186
2019-09-08 16:15,11293
2019-09-08 16:20,11366
2019-09-08 16:25,11376
2019-09-08 16:30,11462
2019-09-08 16:35,11520
2019-09-08 16:40,11567
2019-09-08 16:45,11638
2019-09-08 16:50,11672
2019-09-08 16:55,11758
2019-09-08 17:00,11819
2019-09-08 17:05,11973
2019-09-08 17:10,11730
2019-09-08 17:15,11852
2019-09-08 17:20,12096
2019-09-08 17:25,12252
2019-09-08 17:30,12332
2019-09-08 17:35,12369
2019-09-08 17:40,12458
2019-09-08 17:45,12604
2019-09-08 17:50,12687
2019-09-08 17:55,12784
2019-09-08 18:00,12942
2019-09-08 18:05,13067
2019-09-08 18:10,13197
2019-09-08 18:15,13336
2019-09-08 18:20,13421
2019-09-08 18:25,13466
2019-09-08 18:30,13530
2019-09-08 18:35,13706
2019-09-08 18:40,13793
2019-09-08 18:45,13790
2019-09-08 18:50,13836
2019-09-08 18:55,13875
2019-09-08 19:00,13865
2019-09-08 19:05,13842
2019-09-08 19:10,13780
2019-09-08 19:15,13715
2019-09-08 19:20,13721
2019-09-08 19:25,13801
2019-09-08 19:30,13762
2019-09-08 19:35,13786
2019-09-08 19:40,13725
2019-09-08 19:45,13751
2019-09-08 19:50,13679
2019-09-08 19:55,13633
2019-09-08 20:00,13558
2019-09-08 20:05,13493
2019-09-08 20:10,13502
2019-09-08 20:15,13474
2019-09-08 20:20,13436
2019-09-08 20:25,13400
2019-09-08 20:30,13348
2019-09-08 20:35,13264
2019-09-08 20:40,13228
2019-09-08 20:45,13140
2019-09-08 20:50,13085
2019-09-08 20:55,12956
2019-09-08 21:00,12953
2019-09-08 21:05,12841
2019-09-08 21:10,12749
2019-09-08 21:15,12620
2019-09-08 21:20,12536
2019-09-08 21:25,12382
2019-09-08 21:30,12286
2019-09-08 21:35,12233
2019-09-08 21:40,12164
2019-09-08 21:45,12131
2019-09-08 21:50,12061
2019-09-08 21:55,11994
2019-09-08 22:00,11852
2019-09-08 22:05,11756
2019-09-08 22:10,11587
2019-09-08 22:15,11475
2019-09-08 22:20,11359
2019-09-08 22:25,11281
2019-09-08 22:30,11234
2019-09-08 22:35,11128
2019-09-08 22:40,11060
2019-09-08 22:45,10972
2019-09-08 22:50,10927
2019-09-08 22:55,10786
2019-09-08 23:00,10694
2019-09-08 23:05,10657
2019-09-08 23:10,10555
2019-09-08 23:15,10471
2019-09-08 23:20,10434
2019-09-08 23:25,10433
2019-09-08 23:30,10354
2019-09-08 23:35,10351
2019-09-08 23:40,10366
2019-09-08 23:45,10340
2019-09-08 23:50,10318
2019-09-08 23:55,10261
2019-09-09 00:00,10290
2019-09-09 00:05,10296
2019-09-09 00:10,10267
2019-09-09 00:15,10225
2019-09-09 00:20,10227
2019-09-09 00:25,10207
2019-09-09 00:30,10225
2019-09-09 00:35,10210
2019-09-09 00:40,10201
2019-09-09 00:45,10192
2019-09-09 00:50,10201
2019-09-09 00:55,10145
2019-09-09 01:00,10126
2019-09-09 01:05,10107
2019-09-09 01:10,10084
2019-09-09 01:15,10038
2019-09-09 01:20,10015
2019-09-09 01:25,9980
2019-09-09 01:30,9908
2019-09-09 01:35,9871
2019-09-09 01:40,9841
2019-09-09 01:45,9809
2019-09-09 01:50,9811
2019-09-09 01:55,9786
2019-09-09 02:00,9739
2019-09-09 02:05,9740
2019-09-09 02:10,9619
2019-09-09 02:15,9544
2019-09-09 02:20,9451
2019-09-09 02:25,9385
2019-09-09 02:30,9393
2019-09-09 02:35,9281
2019-09-09 02:40,9205
2019-09-09 02:45,9087
2019-09-09 02:50,9062
2019-09-09 02:55,9015
2019-09-09 03:00,8903
2019-09-09 03:05,8763
2019-09-09 03:10,8703
2019-09-09 03:15,8585
2019-09-09 03:20,8556
2019-09-09 03:25,8429
2019-09-09 03:30,8321
2019-09-09 03:35,8258
2019-09-09 03:40,8146
2019-09-09 03:45,8026
2019-09-09 03:50,7885
2019-09-09 03:55,7801
2019-09-09 04:00,7695
2019-09-09 04:05,7529
2019-09-09 04:10,7432
2019-09-09 04:15,7363
2019-09-09 04:20,7233
2019-09-09 04:25,7110
2019-09-09 04:30,7041
2019-09-09 04:35,6937
2019-09-09 04:40,6806
2019-09-09 04:45,6626
2019-09-09 04:50,6514
2019-09-09 04:55,6352
2019-09-09 05:00,6262
2019-09-09 05:05,6142
2019-09-09 05:10,6026
2019-09-09 05:15,5929
2019-09-09 05:20,5838
2019-09-09 05:25,5692
2019-09-09 05:30,5605
2019-09-09 05:35,5489
2019-09-09 05:40,5393
2019-09-09 05:45,5309
2019-09-09 05:50,5236
2019-09-09 05:55,5135
2019-09-09 06:00,5074
2019-09-09 06:05,4914
2019-09-09 06:10,4812
2019-09-09 06:15,4728
2019-09-09 06:20,4644
2019-09-09 06:25,4527
2019-09-09 06:30,4487
2019-09-09 06:35,4431
2019-09-09 06:40,4386
2019-09-09 06:45,4323
2019-09-09 06:50,4234
2019-09-09 06:55,4173
2019-09-09 07:00,4157
2019-09-09 07:05,4078
2019-09-09 07:10,3931
2019-09-09 07:15,3813
2019-09-09 07:20,3736
2019-09-09 07:25,3647
2019-09-09 07:30,3595
2019-09-09 07:35,3399
2019-09-09 07:40,1745
2019-09-09 07:45,1412
2019-09-09 07:50,1300
2019-09-09 07:55,1277
2019-09-09 08:00,
2019-09-09 08:05,
2019-09-09 08:10,
2019-09-09 08:15,2126
2019-09-09 08:20,
2019-09-09 08:25,
2019-09-09 08:30,
2019-09-09 08:35,
2019-09-09 08:40,
2019-09-09 08:45,
2019-09-09 08:50,3016
2019-09-09 08:55,3100
2019-09-09 09:00,
2019-09-09 09:05,
2019-09-09 09:10,
2019-09-09 09:15,2788
2019-09-09 09:20,2470
2019-09-09 09:25,2210
2019-09-09 09:30,2080
2019-09-09 09:35,
2019-09-09 09:40,
2019-09-09 09:45,
2019-09-09 09:50,
2019-09-09 09:55,
2019-09-09 10:00,3154
2019-09-09 10:05,
2019-09-09 10:10,
2019-09-09 10:15,3534
2019-09-09 10:20,
2019-09-09 10:25,
2019-09-09 10:30,
2019-09-09 10:35,
2019-09-09 10:40,
2019-09-09 10:45,
2019-09-09 10:50,
2019-09-09 10:55,
2019-09-09 11:00,
2019-09-09 11:05,
2019-09-09 11:10,
2019-09-09 11:15,
2019-09-09 11:20,4420
2019-09-09 11:25,
2019-09-09 11:30,
2019-09-09 11:35,4609
2019-09-09 11:40,4674
2019-09-09 11:45,4702
2019-09-09 11:50,4747
2019-09-09 11:55,4787
2019-09-09 12:00,4830
2019-09-09 12:05,4922
2019-09-09 12:10,4959
2019-09-09 12:15,5002
2019-09-09 12:20,5099
2019-09-09 12:25,5135
2019-09-09 12:30,5164
2019-09-09 12:35,5259
2019-09-09 12:40,5318
2019-09-09 12:45,5342
2019-09-09 12:50,5401
2019-09-09 12:55,5514
2019-09-09 13:00,5626
2019-09-09 13:05,5668
2019-09-09 13:10,5749
2019-09-09 13:15,5839
2019-09-09 13:20,5928
2019-09-09 13:25,6001
2019-09-09 13:30,6040
2019-09-09 13:35,6099
2019-09-09 13:40,6242
2019-09-09 13:45,6294
2019-09-09 13:50,6406
2019-09-09 13:55,6448
2019-09-09 14:00,6541
2019-09-09 14:05,6646
2019-09-09 14:10,6669
2019-09-09 14:15,6730
2019-09-09 14:20,6847
2019-09-09 14:25,6955
2019-09-09 14:30,7016
2019-09-09 14:35,7068
2019-09-09 14:40,7137
2019-09-09 14:45,7191
2019-09-09 14:50,7195
2019-09-09 14:55,7238
2019-09-09 15:00,7292
2019-09-09 15:05,7310
2019-09-09 15:10,7409
2019-09-09 15:15,7453
2019-09-09 15:20,7569
2019-09-09 15:25,7638
2019-09-09 15:30,7635
2019-09-09 15:35,7535
2019-09-09 15:40,7672
2019-09-09 15:45,7743
2019-09-09 15:50,7838
2019-09-09 15:55,7874
2019-09-09 16:00,7963
2019-09-09 16:05,8063
2019-09-09 16:10,8140
2019-09-09 16:15,8237
2019-09-09 16:20,8284
2019-09-09 16:25,8359
2019-09-09 16:30,8445
2019-09-09 16:35,8596
2019-09-09 16:40,8633
2019-09-09 16:45,8664
2019-09-09 16:50,8757
2019-09-09 16:55,8886
2019-09-09 17:00,8959
2019-09-09 17:05,9081
2019-09-09 17:10,9106
2019-09-09 17:15,9204
2019-09-09 17:20,9274
2019-09-09 17:25,9376
2019-09-09 17:30,9501
2019-09-09 17:35,9615
2019-09-09 17:40,9668
2019-09-09 17:45,9763
2019-09-09 17:50,9756
2019-09-09 17:55,9799
2019-09-09 18:00,9863
2019-09-09 18:05,9959
2019-09-09 18:10,10052
2019-09-09 18:15,10081
2019-09-09 18:20,10220
2019-09-09 18:25,10244
2019-09-09 18:30,10307
2019-09-09 18:35,10337
2019-09-09 18:40,10266
2019-09-09 18:45,10279
2019-09-09 18:50,10310
2019-09-09 18:55,10365
2019-09-09 19:00,10470
2019-09-09 19:05,10436
2019-09-09 19:10,10498
2019-09-09 19:15,10552
2019-09-09 19:20,10662
2019-09-09 19:25,10717
2019-09-09 19:30,10712
2019-09-09 19:35,10764
2019-09-09 19:40,10782
2019-09-09 19:45,10779
2019-09-09 19:50,10732
2019-09-09 19:55,10748
2019-09-09 20:00,10750
2019-09-09 20:05,0
2019-09-09 20:10,10687
2019-09-09 20:15,10615
2019-09-09 20:20,10572
2019-09-09 20:25,10492
2019-09-09 20:30,10477
2019-09-09 20:35,10353
2019-09-09 20:40,10320
2019-09-09 20:45,10379
2019-09-09 20:50,10271
2019-09-09 20:55,10225
2019-09-09 21:00,10111
2019-09-09 21:05,10062
2019-09-09 21:10,9999
2019-09-09 21:15,9896
2019-09-09 21:20,9819
2019-09-09 21:25,9700
2019-09-09 21:30,9633
2019-09-09 21:35,9589
2019-09-09 21:40,9528
2019-09-09 21:45,9515
2019-09-09 21:50,9475
2019-09-09 21:55,9413
2019-09-09 22:00,9371
2019-09-09 22:05,9261
2019-09-09 22:10,9166
2019-09-09 22:15,9136
2019-09-09 22:20,9043
2019-09-09 22:25,9012
2019-09-09 22:30,8938
2019-09-09 22:35,8968
2019-09-09 22:40,8965
2019-09-09 22:45,8987
2019-09-09 22:50,8965
2019-09-09 22:55,8897
2019-09-09 23:00,8861
2019-09-09 23:05,8806
2019-09-09 23:10,8809
2019-09-09 23:15,8805
2019-09-09 23:20,8822
2019-09-09 23:25,8823
2019-09-09 23:30,8833
2019-09-09 23:35,8839
2019-09-09 23:40,8809
2019-09-09 23:45,8809
2019-09-09 23:50,8827
2019-09-09 23:55,8760
2019-09-10 00:00,8811
2019-09-10 00:05,8811
2019-09-10 00:10,8881
2019-09-10 00:15,8911
2019-09-10 00:20,8993
2019-09-10 00:25,9030
2019-09-10 00:30,9058
2019-09-10 00:35,9093
2019-09-10 00:40,9127
2019-09-10 00:45,9152
2019-09-10 00:50,9210
2019-09-10 00:55,9229
2019-09-10 01:00,9240
2019-09-10 01:05,9245
2019-09-10 01:10,9233
2019-09-10 01:15,9269
2019-09-10 01:20,9308
2019-09-10 01:25,9347
2019-09-10 01:30,9288
2019-09-10 01:35,9271
2019-09-10 01:40,9253
2019-09-10 01:45,9277
2019-09-10 01:50,9248
2019-09-10 01:55,9224
2019-09-10 02:00,9125
2019-09-10 02:05,9014
2019-09-10 02:10,9024
2019-09-10 02:15,8957
2019-09-10 02:20,8888
2019-09-10 02:25,8828
2019-09-10 02:30,8744
2019-09-10 02:35,8701
2019-09-10 02:40,8650
2019-09-10 02:45,8561
2019-09-10 02:50,8480
2019-09-10 02:55,8457
2019-09-10 03:00,8364
2019-09-10 03:05,8188
2019-09-10 03:10,8118
2019-09-10 03:15,8029
2019-09-10 03:20,7951
2019-09-10 03:25,7882
2019-09-10 03:30,7805
2019-09-10 03:35,7733
2019-09-10 03:40,7642
2019-09-10 03:45,7505
2019-09-10 03:50,7280
2019-09-10 03:55,6994
2019-09-10 04:00,6778
2019-09-10 04:05,6612
2019-09-10 04:10,6553
2019-09-10 04:15,6519
2019-09-10 04:20,6422
2019-09-10 04:25,6257
2019-09-10 04:30,6209
2019-09-10 04:35,6155
2019-09-10 04:40,6039
2019-09-10 04:45,5916
2019-09-10 04:50,5832
2019-09-10 04:55,5748
2019-09-10 05:00,5646
2019-09-10 05:05,5577
2019-09-10 05:10,5495
2019-09-10 05:15,5379
2019-09-10 05:20,5287
2019-09-10 05:25,5197
2019-09-10 05:30,5109
2019-09-10 05:35,5013
2019-09-10 05:40,4946
2019-09-10 05:45,4872
2019-09-10 05:50,4816
2019-09-10 05:55,4711
2019-09-10 06:00,4635
2019-09-10 06:05,4523
2019-09-10 06:10,4439
2019-09-10 06:15,4392
2019-09-10 06:20,4315
2019-09-10 06:25,4241
2019-09-10 06:30,4184
2019-09-10 06:35,4091
2019-09-10 06:40,4040
2019-09-10 06:45,3967
2019-09-10 06:50,3907
2019-09-10 06:55,3828
2019-09-10 07:00,3759
2019-09-10 07:05,3703
2019-09-10 07:10,3682
2019-09-10 07:15,3643
2019-09-10 07:20,3571
2019-09-10 07:25,3520
2019-09-10 07:30,3463
2019-09-10 07:35,3410
2019-09-10 07:40,3407
2019-09-10 07:45,3380
2019-09-10 07:50,3361
2019-09-10 07:55,3364
2019-09-10 08:00,3350
2019-09-10 08:05,3378
2019-09-10 08:10,3341
2019-09-10 08:15,3344
2019-09-10 08:20,3354
2019-09-10 08:25,3372
2019-09-10 08:30,3380
2019-09-10 08:35,3385
2019-09-10 08:40,3391
2019-09-10 08:45,3382
2019-09-10 08:50,3415
2019-09-10 08:55,3431
2019-09-10 09:00,3436
2019-09-10 09:05,3486
2019-09-10 09:10,3466
2019-09-10 09:15,3513
2019-09-10 09:20,3546
2019-09-10 09:25,3599
2019-09-10 09:30,3676
2019-09-10 09:35,3732
2019-09-10 09:40,3768
2019-09-10 09:45,3765
2019-09-10 09:50,3797
2019-09-10 09:55,3774
2019-09-10 10:00,3797
2019-09-10 10:05,3814
2019-09-10 10:10,3816
2019-09-10 10:15,3831
2019-09-10 10:20,3891
2019-09-10 10:25,3930
2019-09-10 10:30,3953
2019-09-10 10:35,3964
2019-09-10 10:40,4002
2019-09-10 10:45,4022
2019-09-10 10:50,4053
2019-09-10 10:55,4104
2019-09-10 11:00,4091
2019-09-10 11:05,4125
2019-09-10 11:10,4187
2019-09-10 11:15,4219
2019-09-10 11:20,4257
2019-09-10 11:25,4316
2019-09-10 11:30,4389
2019-09-10 11:35,4450
2019-09-10 11:40,4499
2019-09-10 11:45,4548
2019-09-10 11:50,4594
2019-09-10 11:55,4672
2019-09-10 12:00,4747
2019-09-10 12:05,4817
2019-09-10 12:10,4855
2019-09-10 12:15,4924
2019-09-10 12:20,5024
2019-09-10 12:25,5087
2019-09-10 12:30,5114
2019-09-10 12:35,5214
2019-09-10 12:40,5309
2019-09-10 12:45,5355
2019-09-10 12:50,5403
2019-09-10 12:55,5433
2019-09-10 13:00,5525
2019-09-10 13:05,5620
2019-09-10 13:10,5652
2019-09-10 13:15,5757
2019-09-10 13:20,5824
2019-09-10 13:25,5887
2019-09-10 13:30,5923
2019-09-10 13:35,6029
2019-09-10 13:40,6080
2019-09-10 13:45,6188
2019-09-10 13:50,6274
2019-09-10 13:55,6364
2019-09-10 14:00,6409
2019-09-10 14:05,6451
2019-09-10 14:10,6451
2019-09-10 14:15,6518
2019-09-10 14:20,6626
2019-09-10 14:25,6696
2019-09-10 14:30,6785
2019-09-10 14:35,6885
2019-09-10 14:40,6990
2019-09-10 14:45,7031
2019-09-10 14:50,7095
2019-09-10 14:55,7186
2019-09-10 15:00,7272
2019-09-10 15:05,7356
2019-09-10 15:10,7420
2019-09-10 15:15,7452
2019-09-10 15:20,7470
2019-09-10 15:25,7507
2019-09-10 15:30,7587
2019-09-10 15:35,7667
2019-09-10 15:40,7805
2019-09-10 15:45,7911
2019-09-10 15:50,7997
2019-09-10 15:55,8086
2019-09-10 16:00,8136
2019-09-10 16:05,8155
2019-09-10 16:10,8152
2019-09-10 16:15,8223
2019-09-10 16:20,8302
2019-09-10 16:25,8397
2019-09-10 16:30,8478
2019-09-10 16:35,8542
2019-09-10 16:40,8611
2019-09-10 16:45,8665
2019-09-10 16:50,8762
2019-09-10 16:55,8872
2019-09-10 17:00,8995
2019-09-10 17:05,9082
2019-09-10 17:10,9144
2019-09-10 17:15,9219
2019-09-10 17:20,9290
2019-09-10 17:25,9345
2019-09-10 17:30,9467
2019-09-10 17:35,9546
2019-09-10 17:40,9610
2019-09-10 17:45,9703
2019-09-10 17:50,9808
2019-09-10 17:55,9862
2019-09-10 18:00,9881
2019-09-10 18:05,9891
2019-09-10 18:10,9948
2019-09-10 18:15,9945
2019-09-10 18:20,9993
2019-09-10 18:25,9995
2019-09-10 18:30,9964
2019-09-10 18:35,10077
2019-09-10 18:40,10164
2019-09-10 18:45,10142
2019-09-10 18:50,10175
2019-09-10 18:55,10189
2019-09-10 19:00,10190
2019-09-10 19:05,10260
2019-09-10 19:10,10209
2019-09-10 19:15,10242
2019-09-10 19:20,10358
2019-09-10 19:25,10366
2019-09-10 19:30,10387
2019-09-10 19:35,10371
2019-09-10 19:40,10349
2019-09-10 19:45,10326
2019-09-10 19:50,10336
2019-09-10 19:55,10405
2019-09-10 20:00,10356
2019-09-10 20:05,10290
2019-09-10 20:10,10242
2019-09-10 20:15,10215
2019-09-10 20:20,10180
2019-09-10 20:25,10195
2019-09-10 20:30,10156
2019-09-10 20:35,10083
2019-09-10 20:40,10075
2019-09-10 20:45,10084
2019-09-10 20:50,10031
2019-09-10 20:55,9953
2019-09-10 21:00,9860
2019-09-10 21:05,9726
2019-09-10 21:10,9707
2019-09-10 21:15,9574
2019-09-10 21:20,9565
2019-09-10 21:25,9511
2019-09-10 21:30,9455
2019-09-10 21:35,9410
2019-09-10 21:40,9327
2019-09-10 21:45,9265
2019-09-10 21:50,9239
2019-09-10 21:55,9154
2019-09-10 22:00,9145
2019-09-10 22:05,9107
2019-09-10 22:10,8980
2019-09-10 22:15,8893
2019-09-10 22:20,8868
2019-09-10 22:25,8876
2019-09-10 22:30,
2019-09-10 22:35,
2019-09-10 22:40,
2019-09-10 22:45,8130
2019-09-10 22:50,8509
2019-09-10 22:55,8559
2019-09-10 23:00,8561
2019-09-10 23:05,8561
2019-09-10 23:10,8590
2019-09-10 23:15,8623
2019-09-10 23:20,8616
2019-09-10 23:25,8585
2019-09-10 23:30,8558
2019-09-10 23:35,8596
2019-09-10 23:40,8622
2019-09-10 23:45,8623
2019-09-10 23:50,8640
2019-09-10 23:55,8653
2019-09-11 00:00,8644
2019-09-11 00:05,8657
2019-09-11 00:10,8668
2019-09-11 00:15,8650
2019-09-11 00:20,8632
2019-09-11 00:25,8654
2019-09-11 00:30,8654
2019-09-11 00:35,8721
2019-09-11 00:40,8690
2019-09-11 00:45,8691
2019-09-11 00:50,8707
2019-09-11 00:55,8705
2019-09-11 01:00,8771
2019-09-11 01:05,8771
2019-09-11 01:10,8809
2019-09-11 01:15,8809
2019-09-11 01:20,8830
2019-09-11 01:25,8836
2019-09-11 01:30,8844
2019-09-11 01:35,8878
2019-09-11 01:40,8893
2019-09-11 01:45,8954
2019-09-11 01:50,8950
2019-09-11 01:55,8957
2019-09-11 02:00,8963
2019-09-11 02:05,8933
2019-09-11 02:10,8825
2019-09-11 02:15,8793
2019-09-11 02:20,8727
2019-09-11 02:25,8648
2019-09-11 02:30,8604
2019-09-11 02:35,8588
2019-09-11 02:40,8566
2019-09-11 02:45,8532
2019-09-11 02:50,8444
2019-09-11 02:55,8404
2019-09-11 03:00,8357
2019-09-11 03:05,8267
2019-09-11 03:10,8135
2019-09-11 03:15,8030
2019-09-11 03:20,7895
2019-09-11 03:25,7798
2019-09-11 03:30,7722
2019-09-11 03:35,7618
2019-09-11 03:40,7517
2019-09-11 03:45,7374
2019-09-11 03:50,7300
2019-09-11 03:55,7202
2019-09-11 04:00,7108
2019-09-11 04:05,7014
2019-09-11 04:10,6927
2019-09-11 04:15,6802
2019-09-11 04:20,6737
2019-09-11 04:25,6701
2019-09-11 04:30,6622
2019-09-11 04:35,6505
2019-09-11 04:40,6451
2019-09-11 04:45,6407
2019-09-11 04:50,6336
2019-09-11 04:55,6212
2019-09-11 05:00,6094
2019-09-11 05:05,5986
2019-09-11 05:10,5880
2019-09-11 05:15,5770
2019-09-11 05:20,5616
2019-09-11 05:25,5467
2019-09-11 05:30,5359
2019-09-11 05:35,5243
2019-09-11 05:40,5160
2019-09-11 05:45,5054
2019-09-11 05:50,4943
2019-09-11 05:55,4884
2019-09-11 06:00,4804
2019-09-11 06:05,4715
2019-09-11 06:10,4583
2019-09-11 06:15,4471
2019-09-11 06:20,4386
2019-09-11 06:25,4309
2019-09-11 06:30,4237
2019-09-11 06:35,4115
2019-09-11 06:40,4051
2019-09-11 06:45,3928
2019-09-11 06:50,3860
2019-09-11 06:55,3829
2019-09-11 07:00,3795
2019-09-11 07:05,3754
2019-09-11 07:10,3693
2019-09-11 07:15,3655
2019-09-11 07:20,3661
2019-09-11 07:25,3602
2019-09-11 07:30,3549
2019-09-11 07:35,3484
2019-09-11 07:40,3469
2019-09-11 07:45,3427
2019-09-11 07:50,3403
2019-09-11 07:55,3377
2019-09-11 08:00,3365
2019-09-11 08:05,3351
2019-09-11 08:10,3352
2019-09-11 08:15,3329
2019-09-11 08:20,3332
2019-09-11 08:25,3344
2019-09-11 08:30,3345
2019-09-11 08:35,3380
2019-09-11 08:40,3415
2019-09-11 08:45,3441
2019-09-11 08:50,3424
2019-09-11 08:55,3454
2019-09-11 09:00,3444
2019-09-11 09:05,3465
2019-09-11 09:10,3458
2019-09-11 09:15,3488
2019-09-11 09:20,3524
2019-09-11 09:25,3552
2019-09-11 09:30,3597
2019-09-11 09:35,3631
2019-09-11 09:40,3679
2019-09-11 09:45,3705
2019-09-11 09:50,3746
2019-09-11 09:55,3789
2019-09-11 10:00,3839
2019-09-11 10:05,3899
2019-09-11 10:10,3911
2019-09-11 10:15,3973
2019-09-11 10:20,3990
2019-09-11 10:25,4016
2019-09-11 10:30,4042
2019-09-11 10:35,4081
2019-09-11 10:40,4127
2019-09-11 10:45,4130
2019-09-11 10:50,4180
2019-09-11 10:55,4205
2019-09-11 11:00,4211
2019-09-11 11:05,4225
2019-09-11 11:10,4275
2019-09-11 11:15,4336
2019-09-11 11:20,4359
2019-09-11 11:25,4440
2019-09-11 11:30,4475
2019-09-11 11:35,4537
2019-09-11 11:40,4590
2019-09-11 11:45,4611
2019-09-11 11:50,4650
2019-09-11 11:55,4677
2019-09-11 12:00,4705
2019-09-11 12:05,4734
2019-09-11 12:10,4786
2019-09-11 12:15,4844
2019-09-11 12:20,4882
2019-09-11 12:25,4930
2019-09-11 12:30,5006
2019-09-11 12:35,5038
2019-09-11 12:40,5073
2019-09-11 12:45,5167
2019-09-11 12:50,5205
2019-09-11 12:55,5254
2019-09-11 13:00,5344
2019-09-11 13:05,5450
2019-09-11 13:10,5485
2019-09-11 13:15,5571
2019-09-11 13:20,5643
2019-09-11 13:25,5716
2019-09-11 13:30,5773
2019-09-11 13:35,5874
2019-09-11 13:40,5950
2019-09-11 13:45,6015
2019-09-11 13:50,6105
2019-09-11 13:55,6241
2019-09-11 14:00,6311
2019-09-11 14:05,6411
2019-09-11 14:10,6460
2019-09-11 14:15,6568
2019-09-11 14:20,6694
2019-09-11 14:25,6823
2019-09-11 14:30,6909
2019-09-11 14:35,7001
2019-09-11 14:40,7072
2019-09-11 14:45,7107
2019-09-11 14:50,7196
2019-09-11 14:55,7215
2019-09-11 15:00,7232
2019-09-11 15:05,7285
2019-09-11 15:10,7329
2019-09-11 15:15,7398
2019-09-11 15:20,7455
2019-09-11 15:25,7517
2019-09-11 15:30,7535
2019-09-11 15:35,7578
2019-09-11 15:40,7614
2019-09-11 15:45,7704
2019-09-11 15:50,7693
2019-09-11 15:55,7747
2019-09-11 16:00,7779
2019-09-11 16:05,7809
2019-09-11 16:10,7838
2019-09-11 16:15,7921
2019-09-11 16:20,8066
2019-09-11 16:25,8098
2019-09-11 16:30,8139
2019-09-11 16:35,8239
2019-09-11 16:40,8246
2019-09-11 16:45,8339
2019-09-11 16:50,8441
2019-09-11 16:55,8516
2019-09-11 17:00,8573
2019-09-11 17:05,8618
2019-09-11 17:10,8627
2019-09-11 17:15,8785
2019-09-11 17:20,8859
2019-09-11 17:25,8931
2019-09-11 17:30,9003
2019-09-11 17:35,9058
2019-09-11 17:40,9156
2019-09-11 17:45,9233
2019-09-11 17:50,9349
2019-09-11 17:55,9437
2019-09-11 18:00,9492
2019-09-11 18:05,9536
2019-09-11 18:10,9635
2019-09-11 18:15,9663
2019-09-11 18:20,9639
2019-09-11 18:25,9675
2019-09-11 18:30,9761
2019-09-11 18:35,9802
2019-09-11 18:40,9803
2019-09-11 18:45,9869
2019-09-11 18:50,9922
2019-09-11 18:55,9947
2019-09-11 19:00,10007
2019-09-11 19:05,10055
2019-09-11 19:10,10068
2019-09-11 19:15,10058
2019-09-11 19:20,10070
2019-09-11 19:25,10121
2019-09-11 19:30,10148
2019-09-11 19:35,10200
2019-09-11 19:40,10151
2019-09-11 19:45,10135
2019-09-11 19:50,10140
2019-09-11 19:55,10114
2019-09-11 20:00,10069
2019-09-11 20:05,10040
2019-09-11 20:10,9996
2019-09-11 20:15,10013
2019-09-11 20:20,9962
2019-09-11 20:25,9975
2019-09-11 20:30,9946
2019-09-11 20:35,9904
2019-09-11 20:40,9815
2019-09-11 20:45,9792
2019-09-11 20:50,9715
2019-09-11 20:55,9706
2019-09-11 21:00,9700
2019-09-11 21:05,9661
2019-09-11 21:10,9518
2019-09-11 21:15,9384
2019-09-11 21:20,9296
2019-09-11 21:25,9213
2019-09-11 21:30,9190
2019-09-11 21:35,9145
2019-09-11 21:40,9112
2019-09-11 21:45,9128
2019-09-11 21:50,9028
2019-09-11 21:55,9006
2019-09-11 22:00,8984
2019-09-11 22:05,8950
2019-09-11 22:10,8926
2019-09-11 22:15,8800
2019-09-11 22:20,8749
2019-09-11 22:25,8666
2019-09-11 22:30,8651
2019-09-11 22:35,8676
2019-09-11 22:40,8665
2019-09-11 22:45,8650
2019-09-11 22:50,8619
2019-09-11 22:55,8586
2019-09-11 23:00,8508
2019-09-11 23:05,8471
2019-09-11 23:10,8502
2019-09-11 23:15,8494
2019-09-11 23:20,8505
2019-09-11 23:25,8501
2019-09-11 23:30,0
2019-09-11 23:35,8531
2019-09-11 23:40,8458
2019-09-11 23:45,8545
2019-09-11 23:50,8556
2019-09-11 23:55,8546
2019-09-12 00:00,8478
2019-09-12 00:05,8500
2019-09-12 00:10,8497
2019-09-12 00:15,8577
2019-09-12 00:20,8626
2019-09-12 00:25,8676
2019-09-12 00:30,8688
2019-09-12 00:35,8697
2019-09-12 00:40,8757
2019-09-12 00:45,8750
2019-09-12 00:50,8785
2019-09-12 00:55,8733
2019-09-12 01:00,8792
2019-09-12 01:05,8826
2019-09-12 01:10,8834
2019-09-12 01:15,8822
2019-09-12 01:20,8851
2019-09-12 01:25,8828
2019-09-12 01:30,8864
2019-09-12 01:35,8918
2019-09-12 01:40,8865
2019-09-12 01:45,8926
2019-09-12 01:50,8967
2019-09-12 01:55,8937
2019-09-12 02:00,8922
2019-09-12 02:05,8889
2019-09-12 02:10,8808
2019-09-12 02:15,8819
2019-09-12 02:20,8825
2019-09-12 02:25,8759
2019-09-12 02:30,8737
2019-09-12 02:35,8710
2019-09-12 02:40,8714
2019-09-12 02:45,8677
2019-09-12 02:50,8657
2019-09-12 02:55,8583
2019-09-12 03:00,8565
2019-09-12 03:05,8525
2019-09-12 03:10,8408
2019-09-12 03:15,8272
2019-09-12 03:20,8101
2019-09-12 03:25,7978
2019-09-12 03:30,7889
2019-09-12 03:35,7805
2019-09-12 03:40,7715
2019-09-12 03:45,7595
2019-09-12 03:50,7503
2019-09-12 03:55,7329
2019-09-12 04:00,7180
2019-09-12 04:05,7018
2019-09-12 04:10,7006
2019-09-12 04:15,6842
2019-09-12 04:20,6753
2019-09-12 04:25,6641
2019-09-12 04:30,6523
2019-09-12 04:35,6407
2019-09-12 04:40,6262
2019-09-12 04:45,6145
2019-09-12 04:50,6015
2019-09-12 04:55,5940
2019-09-12 05:00,5785
2019-09-12 05:05,5686
2019-09-12 05:10,5592
2019-09-12 05:15,5509
2019-09-12 05:20,5442
2019-09-12 05:25,5294
2019-09-12 05:30,5263
2019-09-12 05:35,5181
2019-09-12 05:40,5080
2019-09-12 05:45,4955
2019-09-12 05:50,4845
2019-09-12 05:55,4734
2019-09-12 06:00,4654
2019-09-12 06:05,4564
2019-09-12 06:10,4498
2019-09-12 06:15,4426
2019-09-12 06:20,4356
2019-09-12 06:25,4274
2019-09-12 06:30,4193
2019-09-12 06:35,4124
2019-09-12 06:40,4089
2019-09-12 06:45,4048
2019-09-12 06:50,3982
2019-09-12 06:55,3972
2019-09-12 07:00,3906
2019-09-12 07:05,3857
2019-09-12 07:10,3794
2019-09-12 07:15,3720
2019-09-12 07:20,3663
2019-09-12 07:25,3599
2019-09-12 07:30,3570
2019-09-12 07:35,3563
2019-09-12 07:40,3544
2019-09-12 07:45,3526
2019-09-12 07:50,3481
2019-09-12 07:55,3500
2019-09-12 08:00,3450
2019-09-12 08:05,3430
2019-09-12 08:10,3425
2019-09-12 08:15,3373
2019-09-12 08:20,3354
2019-09-12 08:25,3340
2019-09-12 08:30,3376
2019-09-12 08:35,3371
2019-09-12 08:40,3358
2019-09-12 08:45,3379
2019-09-12 08:50,3401
2019-09-12 08:55,3429
2019-09-12 09:00,3444
2019-09-12 09:05,3439
2019-09-12 09:10,3465
2019-09-12 09:15,3488
2019-09-12 09:20,3509
2019-09-12 09:25,3565
2019-09-12 09:30,3578
2019-09-12 09:35,3593
2019-09-12 09:40,3607
2019-09-12 09:45,3649
2019-09-12 09:50,3650
2019-09-12 09:55,3688
2019-09-12 10:00,3751
2019-09-12 10:05,3774
2019-09-12 10:10,3825
2019-09-12 10:15,3843
2019-09-12 10:20,3831
2019-09-12 10:25,3825
2019-09-12 10:30,3869
2019-09-12 10:35,3893
2019-09-12 10:40,3919
2019-09-12 10:45,3943
2019-09-12 10:50,3975
2019-09-12 10:55,4027
2019-09-12 11:00,4117
2019-09-12 11:05,4121
2019-09-12 11:10,4155
2019-09-12 11:15,4203
2019-09-12 11:20,4214
2019-09-12 11:25,4223
2019-09-12 11:30,4292
2019-09-12 11:35,4313
2019-09-12 11:40,4333
2019-09-12 11:45,4393
2019-09-12 11:50,4447
2019-09-12 11:55,4512
2019-09-12 12:00,4530
2019-09-12 12:05,4599
2019-09-12 12:10,4648
2019-09-12 12:15,4696
2019-09-12 12:20,4771
2019-09-12 12:25,4848
2019-09-12 12:30,4900
2019-09-12 12:35,4958
2019-09-12 12:40,5007
2019-09-12 12:45,5067
2019-09-12 12:50,5147
2019-09-12 12:55,5220
2019-09-12 13:00,5329
2019-09-12 13:05,5399
2019-09-12 13:10,5502
2019-09-12 13:15,5543
2019-09-12 13:20,5640
2019-09-12 13:25,5711
2019-09-12 13:30,5735
2019-09-12 13:35,5767
2019-09-12 13:40,5864
2019-09-12 13:45,5962
2019-09-12 13:50,6063
2019-09-12 13:55,6158
2019-09-12 14:00,6229
2019-09-12 14:05,6317
2019-09-12 14:10,6388
2019-09-12 14:15,6524
2019-09-12 14:20,6647
2019-09-12 14:25,6740
2019-09-12 14:30,6775
2019-09-12 14:35,6842
2019-09-12 14:40,6884
2019-09-12 14:45,6972
2019-09-12 14:50,7048
2019-09-12 14:55,7128
2019-09-12 15:00,7188
2019-09-12 15:05,7265
2019-09-12 15:10,7336
2019-09-12 15:15,7434
2019-09-12 15:20,7570
2019-09-12 15:25,7597
2019-09-12 15:30,7695
2019-09-12 15:35,7796
2019-09-12 15:40,7834
2019-09-12 15:45,7913
2019-09-12 15:50,7907
2019-09-12 15:55,7868
2019-09-12 16:00,7834
2019-09-12 16:05,7846
2019-09-12 16:10,7982
2019-09-12 16:15,8044
2019-09-12 16:20,8109
2019-09-12 16:25,8216
2019-09-12 16:30,8315
2019-09-12 16:35,8410
2019-09-12 16:40,8496
2019-09-12 16:45,8589
2019-09-12 16:50,8694
2019-09-12 16:55,8735
2019-09-12 17:00,8775
2019-09-12 17:05,8835
2019-09-12 17:10,8935
2019-09-12 17:15,9064
2019-09-12 17:20,9102
2019-09-12 17:25,9171
2019-09-12 17:30,9245
2019-09-12 17:35,9262
2019-09-12 17:40,9402
2019-09-12 17:45,
2019-09-12 17:50,9497
2019-09-12 17:55,9519
2019-09-12 18:00,9580
2019-09-12 18:05,9677
2019-09-12 18:10,9634
2019-09-12 18:15,9771
2019-09-12 18:20,9736
2019-09-12 18:25,9855
2019-09-12 18:30,9852
2019-09-12 18:35,9945
2019-09-12 18:40,10057
2019-09-12 18:45,10045
2019-09-12 18:50,10116
2019-09-12 18:55,10138
2019-09-12 19:00,10149
2019-09-12 19:05,10196
2019-09-12 19:10,10221
2019-09-12 19:15,10240
2019-09-12 19:20,10281
2019-09-12 19:25,10308
2019-09-12 19:30,10327
2019-09-12 19:35,10389
2019-09-12 19:40,10387
2019-09-12 19:45,10319
2019-09-12 19:50,10348
2019-09-12 19:55,10333
2019-09-12 20:00,10273
2019-09-12 20:05,10246
2019-09-12 20:10,10226
2019-09-12 20:15,10204
2019-09-12 20:20,10105
2019-09-12 20:25,10091
2019-09-12 20:30,10120
2019-09-12 20:35,10063
2019-09-12 20:40,10105
2019-09-12 20:45,10006
2019-09-12 20:50,9989
2019-09-12 20:55,9849
2019-09-12 21:00,9732
2019-09-12 21:05,9657
2019-09-12 21:10,9612
2019-09-12 21:15,9530
2019-09-12 21:20,9477
2019-09-12 21:25,9418
2019-09-12 21:30,9384
2019-09-12 21:35,9356
2019-09-12 21:40,9323
2019-09-12 21:45,9277
2019-09-12 21:50,9211
2019-09-12 21:55,9148
2019-09-12 22:00,9098
2019-09-12 22:05,9032
2019-09-12 22:10,8939
2019-09-12 22:15,8913
2019-09-12 22:20,8918
2019-09-12 22:25,8875
2019-09-12 22:30,8788
2019-09-12 22:35,8758
2019-09-12 22:40,8727
2019-09-12 22:45,8667
2019-09-12 22:50,8668
2019-09-12 22:55,8652
2019-09-12 23:00,8597
2019-09-12 23:05,8540
2019-09-12 23:10,8468
2019-09-12 23:15,8479
2019-09-12 23:20,8394
2019-09-12 23:25,8453
2019-09-12 23:30,8441
2019-09-12 23:35,8449
2019-09-12 23:40,8436
2019-09-12 23:45,8443
2019-09-12 23:50,8406
2019-09-12 23:55,8388
2019-09-13 00:00,8357
2019-09-13 00:05,8318
2019-09-13 00:10,8319
2019-09-13 00:15,8325
2019-09-13 00:20,8335
2019-09-13 00:25,8349
2019-09-13 00:30,8313
2019-09-13 00:35,8318
2019-09-13 00:40,8304
2019-09-13 00:45,8307
2019-09-13 00:50,8311
2019-09-13 00:55,8287
2019-09-13 01:00,8278
2019-09-13 01:05,8366
2019-09-13 01:10,8383
2019-09-13 01:15,8433
2019-09-13 01:20,8410
2019-09-13 01:25,8401
2019-09-13 01:30,8401
2019-09-13 01:35,8384
2019-09-13 01:40,8364
2019-09-13 01:45,8380
2019-09-13 01:50,8391
2019-09-13 01:55,8341
2019-09-13 02:00,8323
2019-09-13 02:05,8329
2019-09-13 02:10,8331
2019-09-13 02:15,8348
2019-09-13 02:20,8403
2019-09-13 02:25,8359
2019-09-13 02:30,8354
2019-09-13 02:35,8293
2019-09-13 02:40,8251
2019-09-13 02:45,8160
2019-09-13 02:50,8125
2019-09-13 02:55,8039
2019-09-13 03:00,7916
2019-09-13 03:05,7820
2019-09-13 03:10,7808
2019-09-13 03:15,7737
2019-09-13 03:20,7676
2019-09-13 03:25,7616
2019-09-13 03:30,7570
2019-09-13 03:35,7476
2019-09-13 03:40,7441
2019-09-13 03:45,7297
2019-09-13 03:50,7149
2019-09-13 03:55,7051
2019-09-13 04:00,6991
2019-09-13 04:05,6872
2019-09-13 04:10,6748
2019-09-13 04:15,6675
2019-09-13 04:20,6559
2019-09-13 04:25,6501
2019-09-13 04:30,6395
2019-09-13 04:35,6296
2019-09-13 04:40,6152
2019-09-13 04:45,6032
2019-09-13 04:50,5948
2019-09-13 04:55,5829
2019-09-13 05:00,5742
2019-09-13 05:05,5634
2019-09-13 05:10,5560
2019-09-13 05:15,5464
2019-09-13 05:20,5402
2019-09-13 05:25,5278
2019-09-13 05:30,5218
2019-09-13 05:35,5127
2019-09-13 05:40,5005
2019-09-13 05:45,4967
2019-09-13 05:50,4843
2019-09-13 05:55,4765
2019-09-13 06:00,4673
2019-09-13 06:05,4637
2019-09-13 06:10,4503
2019-09-13 06:15,4436
2019-09-13 06:20,4364
2019-09-13 06:25,4334
2019-09-13 06:30,4235
2019-09-13 06:35,4198
2019-09-13 06:40,4155
2019-09-13 06:45,4116
2019-09-13 06:50,4055
2019-09-13 06:55,3989
2019-09-13 07:00,3909
2019-09-13 07:05,3829
2019-09-13 07:10,3776
2019-09-13 07:15,3779
2019-09-13 07:20,3740
2019-09-13 07:25,3721
2019-09-13 07:30,3697
2019-09-13 07:35,3680
2019-09-13 07:40,3641
2019-09-13 07:45,3614
2019-09-13 07:50,3609
2019-09-13 07:55,3545
2019-09-13 08:00,3502
2019-09-13 08:05,3511
2019-09-13 08:10,3514
2019-09-13 08:15,3518
2019-09-13 08:20,3497
2019-09-13 08:25,3488
2019-09-13 08:30,3462
2019-09-13 08:35,3468
2019-09-13 08:40,3449
2019-09-13 08:45,3493
2019-09-13 08:50,3503
2019-09-13 08:55,3518
2019-09-13 09:00,3572
2019-09-13 09:05,3538
2019-09-13 09:10,3575
2019-09-13 09:15,3578
2019-09-13 09:20,3606
2019-09-13 09:25,3636
2019-09-13 09:30,3675
2019-09-13 09:35,3703
2019-09-13 09:40,3753
2019-09-13 09:45,3801
2019-09-13 09:50,3771
2019-09-13 09:55,3761
2019-09-13 10:00,3784
2019-09-13 10:05,3784
2019-09-13 10:10,3851
2019-09-13 10:15,3887
2019-09-13 10:20,3900
2019-09-13 10:25,3972
2019-09-13 10:30,4016
2019-09-13 10:35,4052
2019-09-13 10:40,4080
2019-09-13 10:45,4131
2019-09-13 10:50,4165
2019-09-13 10:55,4186
2019-09-13 11:00,4205
2019-09-13 11:05,4260
2019-09-13 11:10,4361
2019-09-13 11:15,4395
2019-09-13 11:20,4457
2019-09-13 11:25,4522
2019-09-13 11:30,4548
2019-09-13 11:35,4582
2019-09-13 11:40,4634
2019-09-13 11:45,4673
2019-09-13 11:50,4726
2019-09-13 11:55,4774
2019-09-13 12:00,4863
2019-09-13 12:05,4877
2019-09-13 12:10,4924
2019-09-13 12:15,4949
2019-09-13 12:20,5001
2019-09-13 12:25,5096
2019-09-13 12:30,5145
2019-09-13 12:35,5227
2019-09-13 12:40,5294
2019-09-13 12:45,5355
2019-09-13 12:50,5399
2019-09-13 12:55,5484
2019-09-13 13:00,5541
2019-09-13 13:05,5605
2019-09-13 13:10,5728
2019-09-13 13:15,5775
2019-09-13 13:20,5842
2019-09-13 13:25,5922
2019-09-13 13:30,5981
2019-09-13 13:35,6027
2019-09-13 13:40,6159
2019-09-13 13:45,6236
2019-09-13 13:50,6366
2019-09-13 13:55,6438
2019-09-13 14:00,6514
2019-09-13 14:05,6553
2019-09-13 14:10,6636
2019-09-13 14:15,6726
2019-09-13 14:20,6831
2019-09-13 14:25,6882
2019-09-13 14:30,6952
2019-09-13 14:35,7044
2019-09-13 14:40,7125
2019-09-13 14:45,7149
2019-09-13 14:50,7227
2019-09-13 14:55,7285
2019-09-13 15:00,7359
2019-09-13 15:05,7416
2019-09-13 15:10,7487
2019-09-13 15:15,7598
2019-09-13 15:20,7598
2019-09-13 15:25,7649
2019-09-13 15:30,7669
2019-09-13 15:35,7754
2019-09-13 15:40,7784
2019-09-13 15:45,7815
2019-09-13 15:50,7769
2019-09-13 15:55,7860
2019-09-13 16:00,7901
2019-09-13 16:05,7921
2019-09-13 16:10,7969
2019-09-13 16:15,
2019-09-13 16:20,8123
2019-09-13 16:25,8156
2019-09-13 16:30,8204
2019-09-13 16:35,8300
2019-09-13 16:40,8334
2019-09-13 16:45,8407
2019-09-13 16:50,8510
2019-09-13 16:55,8559
2019-09-13 17:00,8611
2019-09-13 17:05,8667
2019-09-13 17:10,8736
2019-09-13 17:15,8785
2019-09-13 17:20,8833
2019-09-13 17:25,8883
2019-09-13 17:30,8961
2019-09-13 17:35,9044
2019-09-13 17:40,9050
2019-09-13 17:45,9063
2019-09-13 17:50,9165
2019-09-13 17:55,9231
2019-09-13 18:00,9285
2019-09-13 18:05,9312
2019-09-13 18:10,9387
2019-09-13 18:15,9430
2019-09-13 18:20,9498
2019-09-13 18:25,9629
2019-09-13 18:30,9712
2019-09-13 18:35,9765
2019-09-13 18:40,9890
2019-09-13 18:45,9918
2019-09-13 18:50,9980
2019-09-13 18:55,9979
2019-09-13 19:00,10027
2019-09-13 19:05,10057
2019-09-13 19:10,10079
2019-09-13 19:15,10112
2019-09-13 19:20,10191
2019-09-13 19:25,10246
2019-09-13 19:30,10333
2019-09-13 19:35,10412
2019-09-13 19:40,10457
2019-09-13 19:45,10483
2019-09-13 19:50,10556
2019-09-13 19:55,10579
2019-09-13 20:00,10510
2019-09-13 20:05,10506
2019-09-13 20:10,10595
2019-09-13 20:15,10575
2019-09-13 20:20,10548
2019-09-13 20:25,10560
2019-09-13 20:30,10580
2019-09-13 20:35,10552
2019-09-13 20:40,10532
2019-09-13 20:45,10557
2019-09-13 20:50,10555
2019-09-13 20:55,10576
2019-09-13 21:00,10554
2019-09-13 21:05,10526
2019-09-13 21:10,10446
2019-09-13 21:15,10373
2019-09-13 21:20,10363
2019-09-13 21:25,10359
2019-09-13 21:30,10318
2019-09-13 21:35,10223
2019-09-13 21:40,10154
2019-09-13 21:45,10080
2019-09-13 21:50,10032
2019-09-13 21:55,9992
2019-09-13 22:00,9909
2019-09-13 22:05,9875
2019-09-13 22:10,9804
2019-09-13 22:15,9770
2019-09-13 22:20,9709
2019-09-13 22:25,9624
2019-09-13 22:30,9587
2019-09-13 22:35,9584
2019-09-13 22:40,9474
2019-09-13 22:45,9413
2019-09-13 22:50,9369
2019-09-13 22:55,9336
2019-09-13 23:00,9268
2019-09-13 23:05,9242
2019-09-13 23:10,9166
2019-09-13 23:15,9110
2019-09-13 23:20,9010
2019-09-13 23:25,8977
2019-09-13 23:30,8941
2019-09-13 23:35,8899
2019-09-13 23:40,8913
2019-09-13 23:45,8896
2019-09-13 23:50,8860
2019-09-13 23:55,8856
2019-09-14 00:00,8795
2019-09-14 00:05,8706
2019-09-14 00:10,8684
2019-09-14 00:15,8689
2019-09-14 00:20,8717
2019-09-14 00:25,8713
2019-09-14 00:30,8640
2019-09-14 00:35,8646
2019-09-14 00:40,8670
2019-09-14 00:45,8668
2019-09-14 00:50,8635
2019-09-14 00:55,8659
2019-09-14 01:00,8685
2019-09-14 01:05,8678
2019-09-14 01:10,8736
2019-09-14 01:15,8726
2019-09-14 01:20,8714
2019-09-14 01:25,8769
2019-09-14 01:30,8727
2019-09-14 01:35,8755
2019-09-14 01:40,8692
2019-09-14 01:45,8720
2019-09-14 01:50,8749
2019-09-14 01:55,8757
2019-09-14 02:00,8790
2019-09-14 02:05,8822
2019-09-14 02:10,8787
2019-09-14 02:15,8767
2019-09-14 02:20,8808
2019-09-14 02:25,8798
2019-09-14 02:30,8770
2019-09-14 02:35,8827
2019-09-14 02:40,8832
2019-09-14 02:45,8832
2019-09-14 02:50,8842
2019-09-14 02:55,8798
2019-09-14 03:00,8764
2019-09-14 03:05,8754
2019-09-14 03:10,8788
2019-09-14 03:15,8754
2019-09-14 03:20,8689
2019-09-14 03:25,8596
2019-09-14 03:30,8529
2019-09-14 03:35,8480
2019-09-14 03:40,8462
2019-09-14 03:45,8423
2019-09-14 03:50,8411
2019-09-14 03:55,8359
2019-09-14 04:00,8275
2019-09-14 04:05,8200
2019-09-14 04:10,8075
2019-09-14 04:15,7995
2019-09-14 04:20,7896
2019-09-14 04:25,7863
2019-09-14 04:30,7805
2019-09-14 04:35,7672
2019-09-14 04:40,7615
2019-09-14 04:45,7582
2019-09-14 04:50,7520
2019-09-14 04:55,7452
2019-09-14 05:00,7382
2019-09-14 05:05,7213
2019-09-14 05:10,7150
2019-09-14 05:15,7028
2019-09-14 05:20,6940
2019-09-14 05:25,6865
2019-09-14 05:30,6784
2019-09-14 05:35,6700
2019-09-14 05:40,6631
2019-09-14 05:45,6519
2019-09-14 05:50,6437
2019-09-14 05:55,6316
2019-09-14 06:00,6238
2019-09-14 06:05,6149
2019-09-14 06:10,6024
2019-09-14 06:15,5920
2019-09-14 06:20,5851
2019-09-14 06:25,5737
2019-09-14 06:30,5635
2019-09-14 06:35,5541
2019-09-14 06:40,5454
2019-09-14 06:45,4663
2019-09-14 06:50,5307
2019-09-14 06:55,5256
2019-09-14 07:00,5178
2019-09-14 07:05,5131
2019-09-14 07:10,5119
2019-09-14 07:15,5119
2019-09-14 07:20,5058
2019-09-14 07:25,5058
2019-09-14 07:30,5012
2019-09-14 07:35,5007
2019-09-14 07:40,5018
2019-09-14 07:45,4976
2019-09-14 07:50,4983
2019-09-14 07:55,4934
2019-09-14 08:00,4883
2019-09-14 08:05,4861
2019-09-14 08:10,4851
2019-09-14 08:15,4827
2019-09-14 08:20,4802
2019-09-14 08:25,4809
2019-09-14 08:30,4807
2019-09-14 08:35,3860
2019-09-14 08:40,4734
2019-09-14 08:45,4802
2019-09-14 08:50,4859
2019-09-14 08:55,4892
2019-09-14 09:00,4952
2019-09-14 09:05,5017
2019-09-14 09:10,5046
2019-09-14 09:15,5080
2019-09-14 09:20,5109
2019-09-14 09:25,5210
2019-09-14 09:30,5235
2019-09-14 09:35,5245
2019-09-14 09:40,5255
2019-09-14 09:45,5289
2019-09-14 09:50,5332
2019-09-14 09:55,5373
2019-09-14 10:00,5443
2019-09-14 10:05,5526
2019-09-14 10:10,5535
2019-09-14 10:15,5617
2019-09-14 10:20,5662
2019-09-14 10:25,5700
2019-09-14 10:30,5758
2019-09-14 10:35,5835
2019-09-14 10:40,5870
2019-09-14 10:45,5916
2019-09-14 10:50,5952
2019-09-14 10:55,6000
2019-09-14 11:00,6042
2019-09-14 11:05,6066
2019-09-14 11:10,6040
2019-09-14 11:15,6134
2019-09-14 11:20,6174
2019-09-14 11:25,6206
2019-09-14 11:30,6212
2019-09-14 11:35,6286
2019-09-14 11:40,6355
2019-09-14 11:45,6354
2019-09-14 11:50,6396
2019-09-14 11:55,6455
2019-09-14 12:00,6507
2019-09-14 12:05,6593
2019-09-14 12:10,6669
2019-09-14 12:15,6741
2019-09-14 12:20,6806
2019-09-14 12:25,6863
2019-09-14 12:30,6873
2019-09-14 12:35,6946
2019-09-14 12:40,7030
2019-09-14 12:45,7075
2019-09-14 12:50,7129
2019-09-14 12:55,7184
2019-09-14 13:00,7308
2019-09-14 13:05,7394
2019-09-14 13:10,7504
2019-09-14 13:15,7603
2019-09-14 13:20,7702
2019-09-14 13:25,7791
2019-09-14 13:30,7860
2019-09-14 13:35,7950
2019-09-14 13:40,8001
2019-09-14 13:45,8099
2019-09-14 13:50,8193
2019-09-14 13:55,8279
2019-09-14 14:00,8352
2019-09-14 14:05,8430
2019-09-14 14:10,8472
2019-09-14 14:15,8588
2019-09-14 14:20,8653
2019-09-14 14:25,8773
2019-09-14 14:30,8897
2019-09-14 14:35,8895
2019-09-14 14:40,8892
2019-09-14 14:45,9009
2019-09-14 14:50,9066
2019-09-14 14:55,9051
2019-09-14 15:00,9087
2019-09-14 15:05,9150
2019-09-14 15:10,9227
2019-09-14 15:15,9280
2019-09-14 15:20,9301
2019-09-14 15:25,9401
2019-09-14 15:30,9475
2019-09-14 15:35,9565
2019-09-14 15:40,9573
2019-09-14 15:45,9638
2019-09-14 15:50,9674
2019-09-14 15:55,9679
2019-09-14 16:00,9789
2019-09-14 16:05,9848
2019-09-14 16:10,9869
2019-09-14 16:15,9952
2019-09-14 16:20,9996
2019-09-14 16:25,10031
2019-09-14 16:30,10061
2019-09-14 16:35,10144
2019-09-14 16:40,10185
2019-09-14 16:45,10225
2019-09-14 16:50,10217
2019-09-14 16:55,10302
2019-09-14 17:00,10283
2019-09-14 17:05,10377
2019-09-14 17:10,10481
2019-09-14 17:15,10531
2019-09-14 17:20,10602
2019-09-14 17:25,10710
2019-09-14 17:30,10708
2019-09-14 17:35,10820
2019-09-14 17:40,10951
2019-09-14 17:45,11038
2019-09-14 17:50,11096
2019-09-14 17:55,11111
2019-09-14 18:00,11213
2019-09-14 18:05,11244
2019-09-14 18:10,11301
2019-09-14 18:15,11326
2019-09-14 18:20,11326
2019-09-14 18:25,11426
2019-09-14 18:30,11504
2019-09-14 18:35,11542
2019-09-14 18:40,11642
2019-09-14 18:45,11621
2019-09-14 18:50,11669
2019-09-14 18:55,11652
2019-09-14 19:00,11662
2019-09-14 19:05,11724
2019-09-14 19:10,11786
2019-09-14 19:15,11836
2019-09-14 19:20,11854
2019-09-14 19:25,11838
2019-09-14 19:30,11863
2019-09-14 19:35,11910
2019-09-14 19:40,11922
2019-09-14 19:45,11983
2019-09-14 19:50,12040
2019-09-14 19:55,12062
2019-09-14 20:00,12051
2019-09-14 20:05,12020
2019-09-14 20:10,12025
2019-09-14 20:15,11981
2019-09-14 20:20,12030
2019-09-14 20:25,12005
2019-09-14 20:30,12003
2019-09-14 20:35,11940
2019-09-14 20:40,11929
2019-09-14 20:45,11894
2019-09-14 20:50,11880
2019-09-14 20:55,11850
2019-09-14 21:00,11860
2019-09-14 21:05,11805
2019-09-14 21:10,11701
2019-09-14 21:15,11691
2019-09-14 21:20,11589
2019-09-14 21:25,11560
2019-09-14 21:30,11525
2019-09-14 21:35,11475
2019-09-14 21:40,11436
2019-09-14 21:45,11346
2019-09-14 21:50,11274
2019-09-14 21:55,11165
2019-09-14 22:00,11083
2019-09-14 22:05,11008
2019-09-14 22:10,10933
2019-09-14 22:15,10863
2019-09-14 22:20,10761
2019-09-14 22:25,10705
2019-09-14 22:30,10579
2019-09-14 22:35,10534
2019-09-14 22:40,10471
2019-09-14 22:45,10400
2019-09-14 22:50,10332
2019-09-14 22:55,10292
2019-09-14 23:00,10191
2019-09-14 23:05,10090
2019-09-14 23:10,10005
2019-09-14 23:15,9942
2019-09-14 23:20,9840
2019-09-14 23:25,9765
2019-09-14 23:30,9732
2019-09-14 23:35,9666
2019-09-14 23:40,9590
2019-09-14 23:45,9559
2019-09-14 23:50,9545
2019-09-14 23:55,9532
2019-09-15 00:00,9409
2019-09-15 00:05,9330
2019-09-15 00:10,9283
2019-09-15 00:15,9225
2019-09-15 00:20,9244
2019-09-15 00:25,9224
2019-09-15 00:30,9187
2019-09-15 00:35,9165
2019-09-15 00:40,9135
2019-09-15 00:45,9082
2019-09-15 00:50,9038
2019-09-15 00:55,9035
2019-09-15 01:00,9031
2019-09-15 01:05,9015
2019-09-15 01:10,9050
2019-09-15 01:15,9015
2019-09-15 01:20,9018
2019-09-15 01:25,8986
2019-09-15 01:30,8985
2019-09-15 01:35,9051
2019-09-15 01:40,9086
2019-09-15 01:45,9079
2019-09-15 01:50,9053
2019-09-15 01:55,9058
2019-09-15 02:00,9070
2019-09-15 02:05,9081
2019-09-15 02:10,9092
2019-09-15 02:15,9047
2019-09-15 02:20,9063
2019-09-15 02:25,9102
2019-09-15 02:30,9156
2019-09-15 02:35,9175
2019-09-15 02:40,9138
2019-09-15 02:45,9096
2019-09-15 02:50,9069
2019-09-15 02:55,9029
2019-09-15 03:00,9034
2019-09-15 03:05,9035
2019-09-15 03:10,9027
2019-09-15 03:15,8954
2019-09-15 03:20,8948
2019-09-15 03:25,8878
2019-09-15 03:30,8848
2019-09-15 03:35,8782
2019-09-15 03:40,8768
2019-09-15 03:45,8739
2019-09-15 03:50,8666
2019-09-15 03:55,8626
2019-09-15 04:00,8552
2019-09-15 04:05,8502
2019-09-15 04:10,8448
2019-09-15 04:15,8374
2019-09-15 04:20,8317
2019-09-15 04:25,8298
2019-09-15 04:30,8241
2019-09-15 04:35,8146
2019-09-15 04:40,8091
2019-09-15 04:45,7992
2019-09-15 04:50,7909
2019-09-15 04:55,7842
2019-09-15 05:00,7713
2019-09-15 05:05,7620
2019-09-15 05:10,7574
2019-09-15 05:15,
2019-09-15 05:20,
2019-09-15 05:25,
2019-09-15 05:30,7203
2019-09-15 05:35,7100
2019-09-15 05:40,7004
2019-09-15 05:45,6904
2019-09-15 05:50,6816
2019-09-15 05:55,6686
2019-09-15 06:00,6525
2019-09-15 06:05,6425
2019-09-15 06:10,6343
2019-09-15 06:15,6234
2019-09-15 06:20,6126
2019-09-15 06:25,6013
2019-09-15 06:30,5940
2019-09-15 06:35,5873
2019-09-15 06:40,5799
2019-09-15 06:45,5698
2019-09-15 06:50,5658
2019-09-15 06:55,5584
2019-09-15 07:00,5500
2019-09-15 07:05,5452
2019-09-15 07:10,5414
2019-09-15 07:15,5389
2019-09-15 07:20,5307
2019-09-15 07:25,5251
2019-09-15 07:30,5214
2019-09-15 07:35,5158
2019-09-15 07:40,5200
2019-09-15 07:45,5153
2019-09-15 07:50,5135
2019-09-15 07:55,5159
2019-09-15 08:00,5143
2019-09-15 08:05,5120
2019-09-15 08:10,5160
2019-09-15 08:15,5183
2019-09-15 08:20,5218
2019-09-15 08:25,5208
2019-09-15 08:30,5150
2019-09-15 08:35,5178
2019-09-15 08:40,5213
2019-09-15 08:45,5193
2019-09-15 08:50,5218
2019-09-15 08:55,5243
2019-09-15 09:00,5324
2019-09-15 09:05,5384
2019-09-15 09:10,5435
2019-09-15 09:15,5492
2019-09-15 09:20,5251
2019-09-15 09:25,5090
2019-09-15 09:30,5148
2019-09-15 09:35,5259
2019-09-15 09:40,5363
2019-09-15 09:45,5432
2019-09-15 09:50,5497
2019-09-15 09:55,5553
2019-09-15 10:00,5628
2019-09-15 10:05,5692
2019-09-15 10:10,5740
2019-09-15 10:15,5825
2019-09-15 10:20,5932
2019-09-15 10:25,5982
2019-09-15 10:30,6105
2019-09-15 10:35,6206
2019-09-15 10:40,6278
2019-09-15 10:45,6347
2019-09-15 10:50,6421
2019-09-15 10:55,6492
2019-09-15 11:00,6530
2019-09-15 11:05,6530
2019-09-15 11:10,6600
2019-09-15 11:15,6649
2019-09-15 11:20,6710
2019-09-15 11:25,6767
2019-09-15 11:30,6803
2019-09-15 11:35,6803
2019-09-15 11:40,6929
2019-09-15 11:45,6997
2019-09-15 11:50,7025
2019-09-15 11:55,7052
2019-09-15 12:00,7099
2019-09-15 12:05,7205
2019-09-15 12:10,7274
2019-09-15 12:15,7342
2019-09-15 12:20,7416
2019-09-15 12:25,7421
2019-09-15 12:30,7523
2019-09-15 12:35,7564
2019-09-15 12:40,7602
2019-09-15 12:45,7687
2019-09-15 12:50,7769
2019-09-15 12:55,7776
2019-09-15 13:00,7864
2019-09-15 13:05,7897
2019-09-15 13:10,7972
2019-09-15 13:15,8037
2019-09-15 13:20,8127
2019-09-15 13:25,8220
2019-09-15 13:30,8305
2019-09-15 13:35,8357
2019-09-15 13:40,8357
2019-09-15 13:45,8471
2019-09-15 13:50,8554
2019-09-15 13:55,8664
2019-09-15 14:00,8664
2019-09-15 14:05,8859
2019-09-15 14:10,8995
2019-09-15 14:15,9116
2019-09-15 14:20,9210
2019-09-15 14:25,9243
2019-09-15 14:30,9243
2019-09-15 14:35,9331
2019-09-15 14:40,9411
2019-09-15 14:45,9411
2019-09-15 14:50,9588
2019-09-15 14:55,9680
2019-09-15 15:00,9781
2019-09-15 15:05,9826
2019-09-15 15:10,9942
2019-09-15 15:15,10076
2019-09-15 15:20,10113
2019-09-15 15:25,10126
2019-09-15 15:30,10188
2019-09-15 15:35,10308
2019-09-15 15:40,10366
2019-09-15 15:45,10469
2019-09-15 15:50,10562
2019-09-15 15:55,10542
2019-09-15 16:00,10641
2019-09-15 16:05,10651
2019-09-15 16:10,10741
2019-09-15 16:15,10835
2019-09-15 16:20,10835
2019-09-15 16:25,10984
2019-09-15 16:30,11073
2019-09-15 16:35,11109
2019-09-15 16:40,11173
2019-09-15 16:45,11214
2019-09-15 16:50,11299
2019-09-15 16:55,11319
2019-09-15 17:00,11384
2019-09-15 17:05,11429
2019-09-15 17:10,11477
2019-09-15 17:15,11582
2019-09-15 17:20,11705
2019-09-15 17:25,11786
2019-09-15 17:30,11786
2019-09-15 17:35,11867
2019-09-15 17:40,12084
2019-09-15 17:45,12084
2019-09-15 17:50,12089
2019-09-15 17:55,12098
2019-09-15 18:00,12188
2019-09-15 18:05,12221
2019-09-15 18:10,12275
2019-09-15 18:15,12344
2019-09-15 18:20,12451
2019-09-15 18:25,12520
2019-09-15 18:30,12536
2019-09-15 18:35,12536
2019-09-15 18:40,12621
2019-09-15 18:45,12703
2019-09-15 18:50,12758
2019-09-15 18:55,12747
2019-09-15 19:00,12784
2019-09-15 19:05,12810
2019-09-15 19:10,12884
2019-09-15 19:15,12831
2019-09-15 19:20,12911
2019-09-15 19:25,12929
2019-09-15 19:30,12929
2019-09-15 19:35,12965
2019-09-15 19:40,13064
2019-09-15 19:45,13026
2019-09-15 19:50,13026
2019-09-15 19:55,12865
2019-09-15 20:00,12849
2019-09-15 20:05,12849
2019-09-15 20:10,12769
2019-09-15 20:15,12694
2019-09-15 20:20,12598
2019-09-15 20:25,12575
2019-09-15 20:30,12575
2019-09-15 20:35,12432
2019-09-15 20:40,12293
2019-09-15 20:45,12293
2019-09-15 20:50,12149
2019-09-15 20:55,12149
2019-09-15 21:00,11940
2019-09-15 21:05,11823
2019-09-15 21:10,11753
2019-09-15 21:15,11652
2019-09-15 21:20,11652
2019-09-15 21:25,11487
2019-09-15 21:30,11487
2019-09-15 21:35,11403
2019-09-15 21:40,11281
2019-09-15 21:45,11073
2019-09-15 21:50,10963
2019-09-15 21:55,10963
2019-09-15 22:00,10722
2019-09-15 22:05,10722
2019-09-15 22:10,10620
2019-09-15 22:15,10522
2019-09-15 22:20,10443
2019-09-15 22:25,10363
2019-09-15 22:30,10330
2019-09-15 22:35,10233
2019-09-15 22:40,10121
2019-09-15 22:45,10121
2019-09-15 22:50,9992
2019-09-15 22:55,9992
2019-09-15 23:00,9819
2019-09-15 23:05,9819
2019-09-15 23:10,9741
2019-09-15 23:15,9628
2019-09-15 23:20,9628
2019-09-15 23:25,9596
2019-09-15 23:30,9576
2019-09-15 23:35,9567
2019-09-15 23:40,9564
2019-09-15 23:45,9584
2019-09-15 23:50,9584
2019-09-15 23:55,9553
2019-09-16 00:00,9528
2019-09-16 00:05,9499
2019-09-16 00:10,9499
2019-09-16 00:15,9498
2019-09-16 00:20,9463
2019-09-16 00:25,9385
2019-09-16 00:30,9333
2019-09-16 00:35,9307
2019-09-16 00:40,9311
2019-09-16 00:45,9350
2019-09-16 00:50,9334
2019-09-16 00:55,9352
2019-09-16 01:00,9345
2019-09-16 01:05,9345
2019-09-16 01:10,9343
2019-09-16 01:15,9286
2019-09-16 01:20,9241
2019-09-16 01:25,9205
2019-09-16 01:30,9205
2019-09-16 01:35,9080
2019-09-16 01:40,9053
2019-09-16 01:45,9053
2019-09-16 01:50,9056
2019-09-16 01:55,9057
2019-09-16 02:00,
2019-09-16 02:05,
2019-09-16 02:10,9010
2019-09-16 02:15,8935
2019-09-16 02:20,8802
2019-09-16 02:25,8753
2019-09-16 02:30,8718
2019-09-16 02:35,8707
2019-09-16 02:40,8632
2019-09-16 02:45,8525
2019-09-16 02:50,8461
2019-09-16 02:55,8382
2019-09-16 03:00,8260
2019-09-16 03:05,8143
2019-09-16 03:10,8041
2019-09-16 03:15,7930
2019-09-16 03:20,7809
2019-09-16 03:25,7726
2019-09-16 03:30,7601
2019-09-16 03:35,7499
2019-09-16 03:40,7376
2019-09-16 03:45,7305
2019-09-16 03:50,7290
2019-09-16 03:55,7180
2019-09-16 04:00,6957
2019-09-16 04:05,6957
2019-09-16 04:10,6859
2019-09-16 04:15,6790
2019-09-16 04:20,6696
2019-09-16 04:25,6614
2019-09-16 04:30,6531
2019-09-16 04:35,6423
2019-09-16 04:40,6361
2019-09-16 04:45,6286
2019-09-16 04:50,6119
2019-09-16 04:55,6012
2019-09-16 05:00,5790
2019-09-16 05:05,5790
2019-09-16 05:10,5653
2019-09-16 05:15,5576
2019-09-16 05:20,5486
2019-09-16 05:25,5429
2019-09-16 05:30,5302
2019-09-16 05:35,5191
2019-09-16 05:40,5038
2019-09-16 05:45,5038
2019-09-16 05:50,4957
2019-09-16 05:55,4835
2019-09-16 06:00,4654
2019-09-16 06:05,4654
2019-09-16 06:10,4581
2019-09-16 06:15,4481
2019-09-16 06:20,4379
2019-09-16 06:25,4337
2019-09-16 06:30,4258
2019-09-16 06:35,4164
2019-09-16 06:40,4084
2019-09-16 06:45,4020
2019-09-16 06:50,4008
2019-09-16 06:55,3915
2019-09-16 07:00,3844
2019-09-16 07:05,3827
2019-09-16 07:10,3772
2019-09-16 07:15,3702
2019-09-16 07:20,3675
2019-09-16 07:25,3646
2019-09-16 07:30,3620
2019-09-16 07:35,3590
2019-09-16 07:40,3556
2019-09-16 07:45,3563
2019-09-16 07:50,3530
2019-09-16 07:55,3513
2019-09-16 08:00,3474
2019-09-16 08:05,3438
2019-09-16 08:10,3452
2019-09-16 08:15,3408
2019-09-16 08:20,3419
2019-09-16 08:25,3413
2019-09-16 08:30,3393
2019-09-16 08:35,3404
2019-09-16 08:40,3448
2019-09-16 08:45,3461
2019-09-16 08:50,3469
2019-09-16 08:55,3455
2019-09-16 09:00,3487
2019-09-16 09:05,3487
2019-09-16 09:10,3512
2019-09-16 09:15,3515
2019-09-16 09:20,3542
2019-09-16 09:25,3579
2019-09-16 09:30,3597
2019-09-16 09:35,3627
2019-09-16 09:40,3695
2019-09-16 09:45,3695
2019-09-16 09:50,3705
2019-09-16 09:55,3754
2019-09-16 10:00,
2019-09-16 10:05,
2019-09-16 10:10,3795
2019-09-16 10:15,3841
2019-09-16 10:20,3855
2019-09-16 10:25,3876
2019-09-16 10:30,3868
2019-09-16 10:35,3867
2019-09-16 10:40,3890
2019-09-16 10:45,3920
2019-09-16 10:50,3954
2019-09-16 10:55,3954
2019-09-16 11:00,3969
2019-09-16 11:05,3995
2019-09-16 11:10,4076
2019-09-16 11:15,4137
2019-09-16 11:20,4163
2019-09-16 11:25,4239
2019-09-16 11:30,4248
2019-09-16 11:35,4288
2019-09-16 11:40,4341
2019-09-16 11:45,4359
2019-09-16 11:50,4426
2019-09-16 11:55,4452
2019-09-16 12:00,4491
2019-09-16 12:05,4561
2019-09-16 12:10,4600
2019-09-16 12:15,4585
2019-09-16 12:20,4681
2019-09-16 12:25,4756
2019-09-16 12:30,4800
2019-09-16 12:35,4871
2019-09-16 12:40,4912
2019-09-16 12:45,5009
2019-09-16 12:50,5032
2019-09-16 12:55,5106
2019-09-16 13:00,5209
2019-09-16 13:05,5271
2019-09-16 13:10,5338
2019-09-16 13:15,5472
2019-09-16 13:20,5528
2019-09-16 13:25,5569
2019-09-16 13:30,5621
2019-09-16 13:35,5690
2019-09-16 13:40,5754
2019-09-16 13:45,5902
2019-09-16 13:50,5979
2019-09-16 13:55,6090
2019-09-16 14:00,6223
2019-09-16 14:05,6223
2019-09-16 14:10,6260
2019-09-16 14:15,6345
2019-09-16 14:20,6416
2019-09-16 14:25,6513
2019-09-16 14:30,6578
2019-09-16 14:35,6635
2019-09-16 14:40,6774
2019-09-16 14:45,6872
2019-09-16 14:50,6953
2019-09-16 14:55,6990
2019-09-16 15:00,7012
2019-09-16 15:05,7073
2019-09-16 15:10,7132
2019-09-16 15:15,7171
2019-09-16 15:20,7272
2019-09-16 15:25,7379
2019-09-16 15:30,7505
2019-09-16 15:35,7538
2019-09-16 15:40,7574
2019-09-16 15:45,7695
2019-09-16 15:50,7741
2019-09-16 15:55,7764
2019-09-16 16:00,7834
2019-09-16 16:05,7878
2019-09-16 16:10,7929
2019-09-16 16:15,7974
2019-09-16 16:20,8093
2019-09-16 16:25,8173
2019-09-16 16:30,8241
2019-09-16 16:35,8318
2019-09-16 16:40,8374
2019-09-16 16:45,8460
2019-09-16 16:50,8570
2019-09-16 16:55,8678
2019-09-16 17:00,8787
2019-09-16 17:05,
2019-09-16 17:10,8925
2019-09-16 17:15,9055
2019-09-16 17:20,9191
2019-09-16 17:25,9276
2019-09-16 17:30,9386
2019-09-16 17:35,9449
2019-09-16 17:40,9493
2019-09-16 17:45,9563
2019-09-16 17:50,9656
2019-09-16 17:55,
2019-09-16 18:00,
2019-09-16 18:05,
2019-09-16 18:10,
2019-09-16 18:15,
2019-09-16 18:20,10179
2019-09-16 18:25,10211
2019-09-16 18:30,10273
2019-09-16 18:35,10294
2019-09-16 18:40,10352
2019-09-16 18:45,10426
2019-09-16 18:50,10417
2019-09-16 18:55,10469
2019-09-16 19:00,10547
2019-09-16 19:05,10622
2019-09-16 19:10,10700
2019-09-16 19:15,10729
2019-09-16 19:20,10763
2019-09-16 19:25,10822
2019-09-16 19:30,10810
2019-09-16 19:35,10752
2019-09-16 19:40,10730
2019-09-16 19:45,10776
2019-09-16 19:50,10806
2019-09-16 19:55,10709
2019-09-16 20:00,10645
2019-09-16 20:05,10572
2019-09-16 20:10,10501
2019-09-16 20:15,10505
2019-09-16 20:20,10412
2019-09-16 20:25,10402
2019-09-16 20:30,10443
2019-09-16 20:35,10381
2019-09-16 20:40,10326
2019-09-16 20:45,10311
2019-09-16 20:50,10244
2019-09-16 20:55,10189
2019-09-16 21:00,10121
2019-09-16 21:05,10023
2019-09-16 21:10,9891
2019-09-16 21:15,9799
2019-09-16 21:20,9786
2019-09-16 21:25,9688
2019-09-16 21:30,9639
2019-09-16 21:35,9624
2019-09-16 21:40,9498
2019-09-16 21:45,9376
2019-09-16 21:50,9355
2019-09-16 21:55,9294
2019-09-16 22:00,9205
2019-09-16 22:05,9079
2019-09-16 22:10,8989
2019-09-16 22:15,8926
2019-09-16 22:20,8892
2019-09-16 22:25,
2019-09-16 22:30,
2019-09-16 22:35,8703
2019-09-16 22:40,8547
2019-09-16 22:45,8503
2019-09-16 22:50,8534
2019-09-16 22:55,8536
2019-09-16 23:00,8540
2019-09-16 23:05,8516
2019-09-16 23:10,8530
2019-09-16 23:15,8505
2019-09-16 23:20,8478
2019-09-16 23:25,8438
2019-09-16 23:30,8448
2019-09-16 23:35,8475
2019-09-16 23:40,8482
2019-09-16 23:45,8490
2019-09-16 23:50,8494
2019-09-16 23:55,8493
2019-09-17 00:00,8512
2019-09-17 00:05,8491
2019-09-17 00:10,8499
2019-09-17 00:15,8510
2019-09-17 00:20,8542
2019-09-17 00:25,8560
2019-09-17 00:30,8574
2019-09-17 00:35,8561
2019-09-17 00:40,8596
2019-09-17 00:45,8652
2019-09-17 00:50,8688
2019-09-17 00:55,8687
2019-09-17 01:00,8703
2019-09-17 01:05,8710
2019-09-17 01:10,8766
2019-09-17 01:15,8764
2019-09-17 01:20,8805
2019-09-17 01:25,8873
2019-09-17 01:30,8842
2019-09-17 01:35,8868
2019-09-17 01:40,8850
2019-09-17 01:45,8827
2019-09-17 01:50,8816
2019-09-17 01:55,8808
2019-09-17 02:00,8742
2019-09-17 02:05,8762
2019-09-17 02:10,8733
2019-09-17 02:15,8676
2019-09-17 02:20,8654
2019-09-17 02:25,8619
2019-09-17 02:30,8556
2019-09-17 02:35,8480
2019-09-17 02:40,8426
2019-09-17 02:45,8346
2019-09-17 02:50,8314
2019-09-17 02:55,8194
2019-09-17 03:00,8138
2019-09-17 03:05,8064
2019-09-17 03:10,7895
2019-09-17 03:15,7819
2019-09-17 03:20,7746
2019-09-17 03:25,7611
2019-09-17 03:30,7487
2019-09-17 03:35,7360
2019-09-17 03:40,7232
2019-09-17 03:45,7179
2019-09-17 03:50,7076
2019-09-17 03:55,7010
2019-09-17 04:00,6868
2019-09-17 04:05,6771
2019-09-17 04:10,6628
2019-09-17 04:15,6591
2019-09-17 04:20,6482
2019-09-17 04:25,6374
2019-09-17 04:30,6267
2019-09-17 04:35,6173
2019-09-17 04:40,6046
2019-09-17 04:45,5975
2019-09-17 04:50,5851
2019-09-17 04:55,5765
2019-09-17 05:00,5673
2019-09-17 05:05,5613
2019-09-17 05:10,5519
2019-09-17 05:15,5438
2019-09-17 05:20,5347
2019-09-17 05:25,5217
2019-09-17 05:30,5130
2019-09-17 05:35,4988
2019-09-17 05:40,4910
2019-09-17 05:45,4819
2019-09-17 05:50,4711
2019-09-17 05:55,4625
2019-09-17 06:00,4542
2019-09-17 06:05,4446
2019-09-17 06:10,4336
2019-09-17 06:15,4257
2019-09-17 06:20,4195
2019-09-17 06:25,4132
2019-09-17 06:30,4052
2019-09-17 06:35,3986
2019-09-17 06:40,3929
2019-09-17 06:45,3874
2019-09-17 06:50,3826
2019-09-17 06:55,3787
2019-09-17 07:00,3682
2019-09-17 07:05,3636
2019-09-17 07:10,3547
2019-09-17 07:15,3544
2019-09-17 07:20,3537
2019-09-17 07:25,3508
2019-09-17 07:30,3477
2019-09-17 07:35,3418
2019-09-17 07:40,3403
2019-09-17 07:45,3414
2019-09-17 07:50,3392
2019-09-17 07:55,3386
2019-09-17 08:00,3395
2019-09-17 08:05,3383
2019-09-17 08:10,3346
2019-09-17 08:15,3364
2019-09-17 08:20,3352
2019-09-17 08:25,3344
2019-09-17 08:30,3369
2019-09-17 08:35,3344
2019-09-17 08:40,3297
2019-09-17 08:45,3286
2019-09-17 08:50,3255
2019-09-17 08:55,3272
2019-09-17 09:00,3237
2019-09-17 09:05,3200
2019-09-17 09:10,3195
2019-09-17 09:15,3188
2019-09-17 09:20,3145
2019-09-17 09:25,3096
2019-09-17 09:30,3079
2019-09-17 09:35,2859
2019-09-17 09:40,2383
2019-09-17 09:45,1989
2019-09-17 09:50,1660
2019-09-17 09:55,1371
2019-09-17 10:00,1256
2019-09-17 10:05,1130
2019-09-17 10:10,1082
2019-09-17 10:15,1078
2019-09-17 10:20,1092
2019-09-17 10:25,1108
2019-09-17 10:30,1122
2019-09-17 10:35,1109
2019-09-17 10:40,1126
2019-09-17 10:45,1149
2019-09-17 10:50,1128
2019-09-17 10:55,1137
2019-09-17 11:00,1127
2019-09-17 11:05,1158
2019-09-17 11:10,1139
2019-09-17 11:15,1150
2019-09-17 11:20,1149
2019-09-17 11:25,1133
2019-09-17 11:30,1161
2019-09-17 11:35,1149
2019-09-17 11:40,1144
2019-09-17 11:45,1178
2019-09-17 11:50,1177
2019-09-17 11:55,1162
2019-09-17 12:00,1156
2019-09-17 12:05,1177
2019-09-17 12:10,1203
2019-09-17 12:15,1216
2019-09-17 12:20,1205
2019-09-17 12:25,1242
2019-09-17 12:30,1251
2019-09-17 12:35,1265
2019-09-17 12:40,1244
2019-09-17 12:45,1120
2019-09-17 12:50,1093
2019-09-17 12:55,1107
2019-09-17 13:00,1180
2019-09-17 13:05,1207
2019-09-17 13:10,1277
2019-09-17 13:15,1287
2019-09-17 13:20,1331
2019-09-17 13:25,1336
2019-09-17 13:30,1389
2019-09-17 13:35,1364
2019-09-17 13:40,1391
2019-09-17 13:45,1422
2019-09-17 13:50,1422
2019-09-17 13:55,1434
2019-09-17 14:00,1443
2019-09-17 14:05,1848
2019-09-17 14:10,2627
2019-09-17 14:15,3274
2019-09-17 14:20,3897
2019-09-17 14:25,4411
2019-09-17 14:30,4922
2019-09-17 14:35,5456
2019-09-17 14:40,5961
2019-09-17 14:45,6460
2019-09-17 14:50,6823
2019-09-17 14:55,7075
2019-09-17 15:00,7359
2019-09-17 15:05,7641
2019-09-17 15:10,7877
2019-09-17 15:15,8043
2019-09-17 15:20,8254
2019-09-17 15:25,8380
2019-09-17 15:30,8448
2019-09-17 15:35,8635
2019-09-17 15:40,8817
2019-09-17 15:45,8909
2019-09-17 15:50,9049
2019-09-17 15:55,9156
2019-09-17 16:00,9212
2019-09-17 16:05,9265
2019-09-17 16:10,9336
2019-09-17 16:15,9390
2019-09-17 16:20,9415
2019-09-17 16:25,9507
2019-09-17 16:30,9610
2019-09-17 16:35,9700
2019-09-17 16:40,9737
2019-09-17 16:45,9728
2019-09-17 16:50,9812
2019-09-17 16:55,9889
2019-09-17 17:00,9995
2019-09-17 17:05,10079
2019-09-17 17:10,10147
2019-09-17 17:15,10186
2019-09-17 17:20,10251
2019-09-17 17:25,10303
2019-09-17 17:30,10374
2019-09-17 17:35,10510
2019-09-17 17:40,10578
2019-09-17 17:45,10635
2019-09-17 17:50,10694
2019-09-17 17:55,10781
2019-09-17 18:00,10853
2019-09-17 18:05,10879
2019-09-17 18:10,10979
2019-09-17 18:15,11082
2019-09-17 18:20,11159
2019-09-17 18:25,11244
2019-09-17 18:30,11241
2019-09-17 18:35,11294
2019-09-17 18:40,11377
2019-09-17 18:45,11397
2019-09-17 18:50,11377
2019-09-17 18:55,11362
2019-09-17 19:00,11366
2019-09-17 19:05,11368
2019-09-17 19:10,11343
2019-09-17 19:15,11368
2019-09-17 19:20,11345
2019-09-17 19:25,11367
2019-09-17 19:30,11406
2019-09-17 19:35,11394
2019-09-17 19:40,11354
2019-09-17 19:45,11360
2019-09-17 19:50,11382
2019-09-17 19:55,11365
2019-09-17 20:00,11337
2019-09-17 20:05,11359
2019-09-17 20:10,11317
2019-09-17 20:15,11322
2019-09-17 20:20,11264
2019-09-17 20:25,11207
2019-09-17 20:30,11166
2019-09-17 20:35,11052
2019-09-17 20:40,10960
2019-09-17 20:45,10970
2019-09-17 20:50,10910
2019-09-17 20:55,10842
2019-09-17 21:00,10753
2019-09-17 21:05,10740
2019-09-17 21:10,10672
2019-09-17 21:15,10571
2019-09-17 21:20,10571
2019-09-17 21:25,10530
2019-09-17 21:30,10471
2019-09-17 21:35,10420
2019-09-17 21:40,10382
2019-09-17 21:45,10306
2019-09-17 21:50,10258
2019-09-17 21:55,10176
2019-09-17 22:00,10191
2019-09-17 22:05,10136
2019-09-17 22:10,0
2019-09-17 22:15,9525
2019-09-17 22:20,9692
2019-09-17 22:25,9703
2019-09-17 22:30,9613
2019-09-17 22:35,9570
2019-09-17 22:40,9574
2019-09-17 22:45,9520
2019-09-17 22:50,9473
2019-09-17 22:55,9406
2019-09-17 23:00,9398
2019-09-17 23:05,9313
2019-09-17 23:10,9285
2019-09-17 23:15,9244
2019-09-17 23:20,9203
2019-09-17 23:25,9166
2019-09-17 23:30,9131
2019-09-17 23:35,9171
2019-09-17 23:40,9175
2019-09-17 23:45,9197
2019-09-17 23:50,9207
2019-09-17 23:55,9243
2019-09-18 00:00,9233
2019-09-18 00:05,9195
2019-09-18 00:10,9216
2019-09-18 00:15,9211
2019-09-18 00:20,9247
2019-09-18 00:25,9222
2019-09-18 00:30,9189
2019-09-18 00:35,9166
2019-09-18 00:40,9204
2019-09-18 00:45,8904
2019-09-18 00:50,9233
2019-09-18 00:55,9234
2019-09-18 01:00,9200
2019-09-18 01:05,9220
2019-09-18 01:10,9263
2019-09-18 01:15,9303
2019-09-18 01:20,9337
2019-09-18 01:25,9317
2019-09-18 01:30,9290
2019-09-18 01:35,9323
2019-09-18 01:40,9346
2019-09-18 01:45,9361
2019-09-18 01:50,9355
2019-09-18 01:55,9348
2019-09-18 02:00,9330
2019-09-18 02:05,
2019-09-18 02:10,
2019-09-18 02:15,9297
2019-09-18 02:20,9310
2019-09-18 02:25,9226
2019-09-18 02:30,9162
2019-09-18 02:35,9188
2019-09-18 02:40,9129
2019-09-18 02:45,9098
2019-09-18 02:50,9061
2019-09-18 02:55,9036
2019-09-18 03:00,8970
2019-09-18 03:05,8837
2019-09-18 03:10,8766
2019-09-18 03:15,8600
2019-09-18 03:20,8514
2019-09-18 03:25,8433
2019-09-18 03:30,8339
2019-09-18 03:35,8244
2019-09-18 03:40,8184
2019-09-18 03:45,8065
2019-09-18 03:50,7974
2019-09-18 03:55,7888
2019-09-18 04:00,7747
2019-09-18 04:05,7615
2019-09-18 04:10,7472
2019-09-18 04:15,7361
2019-09-18 04:20,7222
2019-09-18 04:25,7114
2019-09-18 04:30,7011
2019-09-18 04:35,6917
2019-09-18 04:40,6843
2019-09-18 04:45,6723
2019-09-18 04:50,6649
2019-09-18 04:55,6566
2019-09-18 05:00,6436
2019-09-18 05:05,6268
2019-09-18 05:10,6133
2019-09-18 05:15,6015
2019-09-18 05:20,5844
2019-09-18 05:25,5718
2019-09-18 05:30,5589
2019-09-18 05:35,5465
2019-09-18 05:40,5401
2019-09-18 05:45,5317
2019-09-18 05:50,5195
2019-09-18 05:55,5088
2019-09-18 06:00,4973
2019-09-18 06:05,4856
2019-09-18 06:10,4767
2019-09-18 06:15,4686
2019-09-18 06:20,4611
2019-09-18 06:25,4553
2019-09-18 06:30,4490
2019-09-18 06:35,4358
2019-09-18 06:40,4286
2019-09-18 06:45,4226
2019-09-18 06:50,4172
2019-09-18 06:55,4111
2019-09-18 07:00,4084
2019-09-18 07:05,4011
2019-09-18 07:10,3968
2019-09-18 07:15,3938
2019-09-18 07:20,3860
2019-09-18 07:25,3831
2019-09-18 07:30,3787
2019-09-18 07:35,3750
2019-09-18 07:40,3701
2019-09-18 07:45,3700
2019-09-18 07:50,3710
2019-09-18 07:55,3694
2019-09-18 08:00,3695
2019-09-18 08:05,3688
2019-09-18 08:10,3666
2019-09-18 08:15,3676
2019-09-18 08:20,3667
2019-09-18 08:25,3670
2019-09-18 08:30,3659
2019-09-18 08:35,3698
2019-09-18 08:40,3705
2019-09-18 08:45,3735
2019-09-18 08:50,3732
2019-09-18 08:55,3758
2019-09-18 09:00,3799
2019-09-18 09:05,3809
2019-09-18 09:10,3817
2019-09-18 09:15,3860
2019-09-18 09:20,3888
2019-09-18 09:25,3884
2019-09-18 09:30,3937
2019-09-18 09:35,3952
2019-09-18 09:40,4014
2019-09-18 09:45,4047
2019-09-18 09:50,4032
2019-09-18 09:55,4054
2019-09-18 10:00,4074
2019-09-18 10:05,4089
2019-09-18 10:10,4116
2019-09-18 10:15,4151
2019-09-18 10:20,4189
2019-09-18 10:25,4183
2019-09-18 10:30,4215
2019-09-18 10:35,4249
2019-09-18 10:40,4268
2019-09-18 10:45,4325
2019-09-18 10:50,4388
2019-09-18 10:55,4440
2019-09-18 11:00,4506
2019-09-18 11:05,4543
2019-09-18 11:10,4572
2019-09-18 11:15,4636
2019-09-18 11:20,4678
2019-09-18 11:25,4664
2019-09-18 11:30,4723
2019-09-18 11:35,4762
2019-09-18 11:40,4815
2019-09-18 11:45,4857
2019-09-18 11:50,4901
2019-09-18 11:55,4934
2019-09-18 12:00,5015
2019-09-18 12:05,5081
2019-09-18 12:10,5114
2019-09-18 12:15,5163
2019-09-18 12:20,5259
2019-09-18 12:25,5304
2019-09-18 12:30,5388
2019-09-18 12:35,5462
2019-09-18 12:40,5552
2019-09-18 12:45,5601
2019-09-18 12:50,5699
2019-09-18 12:55,5790
2019-09-18 13:00,5860
2019-09-18 13:05,5908
2019-09-18 13:10,5973
2019-09-18 13:15,6079
2019-09-18 13:20,6192
2019-09-18 13:25,6265
2019-09-18 13:30,6365
2019-09-18 13:35,6444
2019-09-18 13:40,6546
2019-09-18 13:45,6612
2019-09-18 13:50,6669
2019-09-18 13:55,6739
2019-09-18 14:00,6838
2019-09-18 14:05,6910
2019-09-18 14:10,7014
2019-09-18 14:15,7104
2019-09-18 14:20,7221
2019-09-18 14:25,7328
2019-09-18 14:30,7358
2019-09-18 14:35,7400
2019-09-18 14:40,7483
2019-09-18 14:45,7504
2019-09-18 14:50,7592
2019-09-18 14:55,7673
2019-09-18 15:00,7763
2019-09-18 15:05,7825
2019-09-18 15:10,7901
2019-09-18 15:15,7962
2019-09-18 15:20,7951
2019-09-18 15:25,8019
2019-09-18 15:30,8064
2019-09-18 15:35,8120
2019-09-18 15:40,8227
2019-09-18 15:45,
2019-09-18 15:50,8369
2019-09-18 15:55,8424
2019-09-18 16:00,8454
2019-09-18 16:05,8528
2019-09-18 16:10,8651
2019-09-18 16:15,8781
2019-09-18 16:20,8872
2019-09-18 16:25,8947
2019-09-18 16:30,9020
2019-09-18 16:35,9091
2019-09-18 16:40,9213
2019-09-18 16:45,9289
2019-09-18 16:50,9413
2019-09-18 16:55,9500
2019-09-18 17:00,9527
2019-09-18 17:05,9621
2019-09-18 17:10,9734
2019-09-18 17:15,9833
2019-09-18 17:20,9939
2019-09-18 17:25,9998
2019-09-18 17:30,10056
2019-09-18 17:35,10102
2019-09-18 17:40,10261
2019-09-18 17:45,10364
2019-09-18 17:50,10447
2019-09-18 17:55,10445
2019-09-18 18:00,10518
2019-09-18 18:05,10601
2019-09-18 18:10,10603
2019-09-18 18:15,10692
2019-09-18 18:20,10759
2019-09-18 18:25,10805
2019-09-18 18:30,10859
2019-09-18 18:35,10847
2019-09-18 18:40,10887
2019-09-18 18:45,10956
2019-09-18 18:50,10947
2019-09-18 18:55,10982
2019-09-18 19:00,10969
2019-09-18 19:05,10919
2019-09-18 19:10,10910
2019-09-18 19:15,10916
2019-09-18 19:20,10868
2019-09-18 19:25,10864
2019-09-18 19:30,10898
2019-09-18 19:35,10972
2019-09-18 19:40,10952
2019-09-18 19:45,10966
2019-09-18 19:50,10924
2019-09-18 19:55,10906
2019-09-18 20:00,10841
2019-09-18 20:05,10842
2019-09-18 20:10,10828
2019-09-18 20:15,10727
2019-09-18 20:20,10701
2019-09-18 20:25,10658
2019-09-18 20:30,10611
2019-09-18 20:35,10602
2019-09-18 20:40,10523
2019-09-18 20:45,10479
2019-09-18 20:50,10462
2019-09-18 20:55,10465
2019-09-18 21:00,10410
2019-09-18 21:05,10350
2019-09-18 21:10,10363
2019-09-18 21:15,10328
2019-09-18 21:20,10337
2019-09-18 21:25,10300
2019-09-18 21:30,10285
2019-09-18 21:35,10231
2019-09-18 21:40,10118
2019-09-18 21:45,10106
2019-09-18 21:50,9989
2019-09-18 21:55,9912
2019-09-18 22:00,9795
2019-09-18 22:05,9753
2019-09-18 22:10,9755
2019-09-18 22:15,9670
2019-09-18 22:20,9502
2019-09-18 22:25,9454
2019-09-18 22:30,9349
2019-09-18 22:35,9226
2019-09-18 22:40,9232
2019-09-18 22:45,9204
2019-09-18 22:50,9155
2019-09-18 22:55,9097
2019-09-18 23:00,9111
2019-09-18 23:05,9033
2019-09-18 23:10,8986
2019-09-18 23:15,8961
2019-09-18 23:20,8935
2019-09-18 23:25,8948
2019-09-18 23:30,8917
2019-09-18 23:35,8903
2019-09-18 23:40,9010
2019-09-18 23:45,9045
2019-09-18 23:50,9022
2019-09-18 23:55,8986
2019-09-19 00:00,9018
2019-09-19 00:05,9031
2019-09-19 00:10,9027
2019-09-19 00:15,9038
2019-09-19 00:20,9037
2019-09-19 00:25,9095
2019-09-19 00:30,
2019-09-19 00:35,
2019-09-19 00:40,9061
2019-09-19 00:45,9053
2019-09-19 00:50,9110
2019-09-19 00:55,9081
2019-09-19 01:00,9119
2019-09-19 01:05,9088
2019-09-19 01:10,9178
2019-09-19 01:15,9229
2019-09-19 01:20,9238
2019-09-19 01:25,9226
2019-09-19 01:30,9251
2019-09-19 01:35,9233
2019-09-19 01:40,9310
2019-09-19 01:45,9374
2019-09-19 01:50,0
2019-09-19 01:55,0
2019-09-19 02:00,9340
2019-09-19 02:05,9319
2019-09-19 02:10,9301
2019-09-19 02:15,9288
2019-09-19 02:20,9252
2019-09-19 02:25,9200
2019-09-19 02:30,9153
2019-09-19 02:35,9039
2019-09-19 02:40,9011
2019-09-19 02:45,8924
2019-09-19 02:50,8853
2019-09-19 02:55,8726
2019-09-19 03:00,8582
2019-09-19 03:05,8557
2019-09-19 03:10,8489
2019-09-19 03:15,8439
2019-09-19 03:20,8328
2019-09-19 03:25,8265
2019-09-19 03:30,8206
2019-09-19 03:35,8153
2019-09-19 03:40,8037
2019-09-19 03:45,7894
2019-09-19 03:50,7829
2019-09-19 03:55,7697
2019-09-19 04:00,7575
2019-09-19 04:05,7500
2019-09-19 04:10,
2019-09-19 04:15,
2019-09-19 04:20,7086
2019-09-19 04:25,6983
2019-09-19 04:30,6882
2019-09-19 04:35,6819
2019-09-19 04:40,6749
2019-09-19 04:45,6653
2019-09-19 04:50,6572
2019-09-19 04:55,6447
2019-09-19 05:00,6339
2019-09-19 05:05,
2019-09-19 05:10,
2019-09-19 05:15,
2019-09-19 05:20,
2019-09-19 05:25,5773
2019-09-19 05:30,
2019-09-19 05:35,
2019-09-19 05:40,
2019-09-19 05:45,
2019-09-19 05:50,
2019-09-19 05:55,
2019-09-19 06:00,5082
2019-09-19 06:05,4957
2019-09-19 06:10,4869
2019-09-19 06:15,4729
2019-09-19 06:20,4687
2019-09-19 06:25,4599
2019-09-19 06:30,4515
2019-09-19 06:35,4430
2019-09-19 06:40,4370
2019-09-19 06:45,4268
2019-09-19 06:50,4226
2019-09-19 06:55,4179
2019-09-19 07:00,4093
2019-09-19 07:05,4014
2019-09-19 07:10,3965
2019-09-19 07:15,3881
2019-09-19 07:20,3820
2019-09-19 07:25,3749
2019-09-19 07:30,3711
2019-09-19 07:35,3700
2019-09-19 07:40,3631
2019-09-19 07:45,3629
2019-09-19 07:50,3590
2019-09-19 07:55,3568
2019-09-19 08:00,3546
2019-09-19 08:05,3512
2019-09-19 08:10,3492
2019-09-19 08:15,3477
2019-09-19 08:20,3510
2019-09-19 08:25,3520
2019-09-19 08:30,3510
2019-09-19 08:35,3495
2019-09-19 08:40,3502
2019-09-19 08:45,3516
2019-09-19 08:50,3503
2019-09-19 08:55,3510
2019-09-19 09:00,3536
2019-09-19 09:05,3576
2019-09-19 09:10,3600
2019-09-19 09:15,3627
2019-09-19 09:20,3639
2019-09-19 09:25,3659
2019-09-19 09:30,3694
2019-09-19 09:35,3704
2019-09-19 09:40,3710
2019-09-19 09:45,3714
2019-09-19 09:50,3751
2019-09-19 09:55,3789
2019-09-19 10:00,3796
2019-09-19 10:05,3814
2019-09-19 10:10,3875
2019-09-19 10:15,3909
2019-09-19 10:20,3987
2019-09-19 10:25,4053
2019-09-19 10:30,4093
2019-09-19 10:35,4124
2019-09-19 10:40,4140
2019-09-19 10:45,4204
2019-09-19 10:50,4220
2019-09-19 10:55,4189
2019-09-19 11:00,4208
2019-09-19 11:05,4215
2019-09-19 11:10,4303
2019-09-19 11:15,4324
2019-09-19 11:20,4357
2019-09-19 11:25,4411
2019-09-19 11:30,4444
2019-09-19 11:35,4468
2019-09-19 11:40,4516
2019-09-19 11:45,4567
2019-09-19 11:50,4616
2019-09-19 11:55,4672
2019-09-19 12:00,4755
2019-09-19 12:05,4772
2019-09-19 12:10,4831
2019-09-19 12:15,4913
2019-09-19 12:20,4946
2019-09-19 12:25,5077
2019-09-19 12:30,5091
2019-09-19 12:35,5144
2019-09-19 12:40,5201
2019-09-19 12:45,5281
2019-09-19 12:50,5383
2019-09-19 12:55,5457
2019-09-19 13:00,5533
2019-09-19 13:05,5597
2019-09-19 13:10,5682
2019-09-19 13:15,5798
2019-09-19 13:20,5872
2019-09-19 13:25,5935
2019-09-19 13:30,6020
2019-09-19 13:35,6089
2019-09-19 13:40,6197
2019-09-19 13:45,6283
2019-09-19 13:50,6431
2019-09-19 13:55,6574
2019-09-19 14:00,6637
2019-09-19 14:05,6686
2019-09-19 14:10,6726
2019-09-19 14:15,6822
2019-09-19 14:20,6905
2019-09-19 14:25,6965
2019-09-19 14:30,7047
2019-09-19 14:35,7119
2019-09-19 14:40,7145
2019-09-19 14:45,7232
2019-09-19 14:50,7333
2019-09-19 14:55,7445
2019-09-19 15:00,7477
2019-09-19 15:05,7398
2019-09-19 15:10,7489
2019-09-19 15:15,7576
2019-09-19 15:20,7638
2019-09-19 15:25,7643
2019-09-19 15:30,7719
2019-09-19 15:35,7763
2019-09-19 15:40,7837
2019-09-19 15:45,7883
2019-09-19 15:50,7947
2019-09-19 15:55,8001
2019-09-19 16:00,8095
2019-09-19 16:05,8214
2019-09-19 16:10,8215
2019-09-19 16:15,8338
2019-09-19 16:20,8369
2019-09-19 16:25,8493
2019-09-19 16:30,8569
2019-09-19 16:35,8707
2019-09-19 16:40,8807
2019-09-19 16:45,8872
2019-09-19 16:50,8900
2019-09-19 16:55,8968
2019-09-19 17:00,9059
2019-09-19 17:05,9106
2019-09-19 17:10,9147
2019-09-19 17:15,9166
2019-09-19 17:20,9197
2019-09-19 17:25,9323
2019-09-19 17:30,9437
2019-09-19 17:35,9525
2019-09-19 17:40,9514
2019-09-19 17:45,9582
2019-09-19 17:50,9659
2019-09-19 17:55,9694
2019-09-19 18:00,9771
2019-09-19 18:05,9830
2019-09-19 18:10,9977
2019-09-19 18:15,10014
2019-09-19 18:20,10066
2019-09-19 18:25,10117
2019-09-19 18:30,10239
2019-09-19 18:35,10253
2019-09-19 18:40,10290
2019-09-19 18:45,10370
2019-09-19 18:50,10402
2019-09-19 18:55,10473
2019-09-19 19:00,10526
2019-09-19 19:05,10582
2019-09-19 19:10,10625
2019-09-19 19:15,10651
2019-09-19 19:20,10677
2019-09-19 19:25,10715
2019-09-19 19:30,10720
2019-09-19 19:35,10744
2019-09-19 19:40,10731
2019-09-19 19:45,10780
2019-09-19 19:50,10790
2019-09-19 19:55,10824
2019-09-19 20:00,10817
2019-09-19 20:05,10760
2019-09-19 20:10,10748
2019-09-19 20:15,10718
2019-09-19 20:20,10647
2019-09-19 20:25,10604
2019-09-19 20:30,10547
2019-09-19 20:35,10453
2019-09-19 20:40,10404
2019-09-19 20:45,10332
2019-09-19 20:50,10262
2019-09-19 20:55,10207
2019-09-19 21:00,10092
2019-09-19 21:05,10037
2019-09-19 21:10,9993
2019-09-19 21:15,9901
2019-09-19 21:20,9818
2019-09-19 21:25,9721
2019-09-19 21:30,9698
2019-09-19 21:35,9589
2019-09-19 21:40,9538
2019-09-19 21:45,9511
2019-09-19 21:50,9426
2019-09-19 21:55,9362
2019-09-19 22:00,9274
2019-09-19 22:05,9187
2019-09-19 22:10,9088
2019-09-19 22:15,9006
2019-09-19 22:20,9015
2019-09-19 22:25,8976
2019-09-19 22:30,8910
2019-09-19 22:35,8891
2019-09-19 22:40,8884
2019-09-19 22:45,8865
2019-09-19 22:50,8806
2019-09-19 22:55,8792
2019-09-19 23:00,8764
2019-09-19 23:05,8693
2019-09-19 23:10,8676
2019-09-19 23:15,8664
2019-09-19 23:20,8697
2019-09-19 23:25,8700
2019-09-19 23:30,8691
2019-09-19 23:35,8721
2019-09-19 23:40,8704
2019-09-19 23:45,8700
2019-09-19 23:50,8761
2019-09-19 23:55,8808
2019-09-20 00:00,8790
2019-09-20 00:05,8747
2019-09-20 00:10,8724
2019-09-20 00:15,8672
2019-09-20 00:20,8673
2019-09-20 00:25,8727
2019-09-20 00:30,8692
2019-09-20 00:35,8742
2019-09-20 00:40,8717
2019-09-20 00:45,8738
2019-09-20 00:50,8777
2019-09-20 00:55,8784
2019-09-20 01:00,8791
2019-09-20 01:05,8823
2019-09-20 01:10,8863
2019-09-20 01:15,8898
2019-09-20 01:20,8963
2019-09-20 01:25,8954
2019-09-20 01:30,8939
2019-09-20 01:35,9034
2019-09-20 01:40,9098
2019-09-20 01:45,9066
2019-09-20 01:50,9001
2019-09-20 01:55,8882
2019-09-20 02:00,8937
2019-09-20 02:05,8891
2019-09-20 02:10,8903
2019-09-20 02:15,8894
2019-09-20 02:20,8893
2019-09-20 02:25,8883
2019-09-20 02:30,8852
2019-09-20 02:35,8823
2019-09-20 02:40,8811
2019-09-20 02:45,8727
2019-09-20 02:50,8721
2019-09-20 02:55,8699
2019-09-20 03:00,8636
2019-09-20 03:05,8549
2019-09-20 03:10,8460
2019-09-20 03:15,8421
2019-09-20 03:20,8297
2019-09-20 03:25,8212
2019-09-20 03:30,8213
2019-09-20 03:35,8147
2019-09-20 03:40,8024
2019-09-20 03:45,7929
2019-09-20 03:50,7889
2019-09-20 03:55,7765
2019-09-20 04:00,7639
2019-09-20 04:05,7565
2019-09-20 04:10,7501
2019-09-20 04:15,7398
2019-09-20 04:20,7292
2019-09-20 04:25,7190
2019-09-20 04:30,7077
2019-09-20 04:35,7024
2019-09-20 04:40,6893
2019-09-20 04:45,6784
2019-09-20 04:50,6626
2019-09-20 04:55,6506
2019-09-20 05:00,6367
2019-09-20 05:05,6272
2019-09-20 05:10,6175
2019-09-20 05:15,6076
2019-09-20 05:20,5952
2019-09-20 05:25,5795
2019-09-20 05:30,5699
2019-09-20 05:35,5590
2019-09-20 05:40,5499
2019-09-20 05:45,5395
2019-09-20 05:50,5294
2019-09-20 05:55,5199
2019-09-20 06:00,5078
2019-09-20 06:05,4957
2019-09-20 06:10,4825
2019-09-20 06:15,4722
2019-09-20 06:20,4654
2019-09-20 06:25,4629
2019-09-20 06:30,4588
2019-09-20 06:35,4501
2019-09-20 06:40,4381
2019-09-20 06:45,4289
2019-09-20 06:50,4197
2019-09-20 06:55,4179
2019-09-20 07:00,4077
2019-09-20 07:05,4054
2019-09-20 07:10,3986
2019-09-20 07:15,3947
2019-09-20 07:20,3911
2019-09-20 07:25,3903
2019-09-20 07:30,3878
2019-09-20 07:35,3844
2019-09-20 07:40,3790
2019-09-20 07:45,3782
2019-09-20 07:50,3787
2019-09-20 07:55,3773
2019-09-20 08:00,3727
2019-09-20 08:05,3718
2019-09-20 08:10,3716
2019-09-20 08:15,3694
2019-09-20 08:20,3679
2019-09-20 08:25,3729
2019-09-20 08:30,3730
2019-09-20 08:35,3681
2019-09-20 08:40,3678
2019-09-20 08:45,3678
2019-09-20 08:50,3681
2019-09-20 08:55,3706
2019-09-20 09:00,3726
2019-09-20 09:05,3775
2019-09-20 09:10,3779
2019-09-20 09:15,3818
2019-09-20 09:20,3845
2019-09-20 09:25,3859
2019-09-20 09:30,3868
2019-09-20 09:35,3885
2019-09-20 09:40,3944
2019-09-20 09:45,3977
2019-09-20 09:50,3994
2019-09-20 09:55,4016
2019-09-20 10:00,4022
2019-09-20 10:05,4083
2019-09-20 10:10,4130
2019-09-20 10:15,4157
2019-09-20 10:20,4169
2019-09-20 10:25,4217
2019-09-20 10:30,4245
2019-09-20 10:35,4287
2019-09-20 10:40,4289
2019-09-20 10:45,4312
2019-09-20 10:50,4350
2019-09-20 10:55,4365
2019-09-20 11:00,4416
2019-09-20 11:05,4447
2019-09-20 11:10,4472
2019-09-20 11:15,4489
2019-09-20 11:20,4553
2019-09-20 11:25,4583
2019-09-20 11:30,4622
2019-09-20 11:35,4690
2019-09-20 11:40,4739
2019-09-20 11:45,4808
2019-09-20 11:50,4895
2019-09-20 11:55,4924
2019-09-20 12:00,4987
2019-09-20 12:05,5011
2019-09-20 12:10,5049
2019-09-20 12:15,5109
2019-09-20 12:20,5226
2019-09-20 12:25,5304
2019-09-20 12:30,5378
2019-09-20 12:35,5427
2019-09-20 12:40,5486
2019-09-20 12:45,5530
2019-09-20 12:50,5588
2019-09-20 12:55,5671
2019-09-20 13:00,5727
2019-09-20 13:05,5817
2019-09-20 13:10,5903
2019-09-20 13:15,6000
2019-09-20 13:20,6067
2019-09-20 13:25,6134
2019-09-20 13:30,6218
2019-09-20 13:35,6315
2019-09-20 13:40,6432
2019-09-20 13:45,6518
2019-09-20 13:50,6659
2019-09-20 13:55,6764
2019-09-20 14:00,6812
2019-09-20 14:05,6912
2019-09-20 14:10,7009
2019-09-20 14:15,7116
2019-09-20 14:20,7185
2019-09-20 14:25,7292
2019-09-20 14:30,7356
2019-09-20 14:35,7403
2019-09-20 14:40,7515
2019-09-20 14:45,7601
2019-09-20 14:50,7666
2019-09-20 14:55,7740
2019-09-20 15:00,7784
2019-09-20 15:05,7829
2019-09-20 15:10,7889
2019-09-20 15:15,7973
2019-09-20 15:20,8052
2019-09-20 15:25,8115
2019-09-20 15:30,8178
2019-09-20 15:35,8215
2019-09-20 15:40,8235
2019-09-20 15:45,8294
2019-09-20 15:50,8362
2019-09-20 15:55,8419
2019-09-20 16:00,8483
2019-09-20 16:05,8507
2019-09-20 16:10,8599
2019-09-20 16:15,8667
2019-09-20 16:20,8752
2019-09-20 16:25,8830
2019-09-20 16:30,8923
2019-09-20 16:35,8984
2019-09-20 16:40,9053
2019-09-20 16:45,9150
2019-09-20 16:50,9233
2019-09-20 16:55,9344
2019-09-20 17:00,9406
2019-09-20 17:05,9423
2019-09-20 17:10,9508
2019-09-20 17:15,9503
2019-09-20 17:20,9637
2019-09-20 17:25,9705
2019-09-20 17:30,9800
2019-09-20 17:35,9896
2019-09-20 17:40,9953
2019-09-20 17:45,10026
2019-09-20 17:50,10075
2019-09-20 17:55,10204
2019-09-20 18:00,10217
2019-09-20 18:05,10224
2019-09-20 18:10,10255
2019-09-20 18:15,10328
2019-09-20 18:20,10355
2019-09-20 18:25,10384
2019-09-20 18:30,10490
2019-09-20 18:35,10548
2019-09-20 18:40,10667
2019-09-20 18:45,10691
2019-09-20 18:50,10804
2019-09-20 18:55,10847
2019-09-20 19:00,10867
2019-09-20 19:05,10909
2019-09-20 19:10,10902
2019-09-20 19:15,10972
2019-09-20 19:20,11031
2019-09-20 19:25,11049
2019-09-20 19:30,11060
2019-09-20 19:35,11138
2019-09-20 19:40,11197
2019-09-20 19:45,11306
2019-09-20 19:50,11207
2019-09-20 19:55,11261
2019-09-20 20:00,11299
2019-09-20 20:05,11403
2019-09-20 20:10,11448
2019-09-20 20:15,11518
2019-09-20 20:20,11545
2019-09-20 20:25,11579
2019-09-20 20:30,11515
2019-09-20 20:35,11589
2019-09-20 20:40,11530
2019-09-20 20:45,11518
2019-09-20 20:50,11494
2019-09-20 20:55,11457
2019-09-20 21:00,11435
2019-09-20 21:05,11443
2019-09-20 21:10,11461
2019-09-20 21:15,11416
2019-09-20 21:20,11425
2019-09-20 21:25,11369
2019-09-20 21:30,11342
2019-09-20 21:35,11271
2019-09-20 21:40,11216
2019-09-20 21:45,11099
2019-09-20 21:50,11065
2019-09-20 21:55,11086
2019-09-20 22:00,11016
2019-09-20 22:05,10494
2019-09-20 22:10,10354
2019-09-20 22:15,10217
2019-09-20 22:20,10138
2019-09-20 22:25,10142
2019-09-20 22:30,10051
2019-09-20 22:35,9964
2019-09-20 22:40,9982
2019-09-20 22:45,9920
2019-09-20 22:50,9882
2019-09-20 22:55,9871
2019-09-20 23:00,9861
2019-09-20 23:05,9801
2019-09-20 23:10,9781
2019-09-20 23:15,9755
2019-09-20 23:20,9780
2019-09-20 23:25,9743
2019-09-20 23:30,9776
2019-09-20 23:35,9718
2019-09-20 23:40,9646
2019-09-20 23:45,9660
2019-09-20 23:50,9650
2019-09-20 23:55,9632
2019-09-21 00:00,9643
2019-09-21 00:05,9581
2019-09-21 00:10,9499
2019-09-21 00:15,9437
2019-09-21 00:20,9388
2019-09-21 00:25,9367
2019-09-21 00:30,9337
2019-09-21 00:35,9360
2019-09-21 00:40,9415
2019-09-21 00:45,9404
2019-09-21 00:50,9415
2019-09-21 00:55,9435
2019-09-21 01:00,9472
2019-09-21 01:05,9458
2019-09-21 01:10,9499
2019-09-21 01:15,9527
2019-09-21 01:20,9488
2019-09-21 01:25,9474
2019-09-21 01:30,9468
2019-09-21 01:35,9492
2019-09-21 01:40,9453
2019-09-21 01:45,9471
2019-09-21 01:50,9471
2019-09-21 01:55,9446
2019-09-21 02:00,9428
2019-09-21 02:05,9444
2019-09-21 02:10,9446
2019-09-21 02:15,9434
2019-09-21 02:20,9424
2019-09-21 02:25,9417
2019-09-21 02:30,9434
2019-09-21 02:35,9496
2019-09-21 02:40,9522
2019-09-21 02:45,9467
2019-09-21 02:50,9480
2019-09-21 02:55,9427
2019-09-21 03:00,9379
2019-09-21 03:05,9361
2019-09-21 03:10,9278
2019-09-21 03:15,9268
2019-09-21 03:20,9207
2019-09-21 03:25,9159
2019-09-21 03:30,9118
2019-09-21 03:35,9146
2019-09-21 03:40,9096
2019-09-21 03:45,9006
2019-09-21 03:50,8881
2019-09-21 03:55,8804
2019-09-21 04:00,8700
2019-09-21 04:05,8601
2019-09-21 04:10,8509
2019-09-21 04:15,8426
2019-09-21 04:20,8351
2019-09-21 04:25,8252
2019-09-21 04:30,8163
2019-09-21 04:35,8067
2019-09-21 04:40,8009
2019-09-21 04:45,7969
2019-09-21 04:50,7936
2019-09-21 04:55,7833
2019-09-21 05:00,7694
2019-09-21 05:05,7576
2019-09-21 05:10,7451
2019-09-21 05:15,7350
2019-09-21 05:20,7219
2019-09-21 05:25,7159
2019-09-21 05:30,7083
2019-09-21 05:35,6980
2019-09-21 05:40,6872
2019-09-21 05:45,6770
2019-09-21 05:50,6673
2019-09-21 05:55,6598
2019-09-21 06:00,6515
2019-09-21 06:05,6388
2019-09-21 06:10,6269
2019-09-21 06:15,6177
2019-09-21 06:20,6025
2019-09-21 06:25,5982
2019-09-21 06:30,5898
2019-09-21 06:35,5764
2019-09-21 06:40,5693
2019-09-21 06:45,5598
2019-09-21 06:50,5552
2019-09-21 06:55,5491
2019-09-21 07:00,5447
2019-09-21 07:05,5340
2019-09-21 07:10,5319
2019-09-21 07:15,5266
2019-09-21 07:20,5205
2019-09-21 07:25,5172
2019-09-21 07:30,5142
2019-09-21 07:35,5119
2019-09-21 07:40,5082
2019-09-21 07:45,5022
2019-09-21 07:50,4994
2019-09-21 07:55,4990
2019-09-21 08:00,4986
2019-09-21 08:05,5002
2019-09-21 08:10,5001
2019-09-21 08:15,5004
2019-09-21 08:20,4993
2019-09-21 08:25,4992
2019-09-21 08:30,4982
2019-09-21 08:35,5047
2019-09-21 08:40,5091
2019-09-21 08:45,5085
2019-09-21 08:50,5109
2019-09-21 08:55,5188
2019-09-21 09:00,5252
2019-09-21 09:05,5280
2019-09-21 09:10,5290
2019-09-21 09:15,5359
2019-09-21 09:20,5408
2019-09-21 09:25,5403
2019-09-21 09:30,5435
2019-09-21 09:35,5509
2019-09-21 09:40,5543
2019-09-21 09:45,5604
2019-09-21 09:50,5666
2019-09-21 09:55,5768
2019-09-21 10:00,5786
2019-09-21 10:05,5803
2019-09-21 10:10,5856
2019-09-21 10:15,5917
2019-09-21 10:20,5958
2019-09-21 10:25,5998
2019-09-21 10:30,6081
2019-09-21 10:35,6104
2019-09-21 10:40,6096
2019-09-21 10:45,6199
2019-09-21 10:50,6215
2019-09-21 10:55,6283
2019-09-21 11:00,6322
2019-09-21 11:05,6366
2019-09-21 11:10,6449
2019-09-21 11:15,6470
2019-09-21 11:20,6514
2019-09-21 11:25,6533
2019-09-21 11:30,6606
2019-09-21 11:35,6637
2019-09-21 11:40,6684
2019-09-21 11:45,6739
2019-09-21 11:50,6717
2019-09-21 11:55,6758
2019-09-21 12:00,6778
2019-09-21 12:05,6827
2019-09-21 12:10,6927
2019-09-21 12:15,7013
2019-09-21 12:20,7083
2019-09-21 12:25,7141
2019-09-21 12:30,7201
2019-09-21 12:35,7274
2019-09-21 12:40,7341
2019-09-21 12:45,7372
2019-09-21 12:50,7400
2019-09-21 12:55,7434
2019-09-21 13:00,7479
2019-09-21 13:05,7603
2019-09-21 13:10,7699
2019-09-21 13:15,7802
2019-09-21 13:20,7873
2019-09-21 13:25,7985
2019-09-21 13:30,8077
2019-09-21 13:35,8172
2019-09-21 13:40,8260
2019-09-21 13:45,8368
2019-09-21 13:50,8424
2019-09-21 13:55,8498
2019-09-21 14:00,8568
2019-09-21 14:05,8698
2019-09-21 14:10,8703
2019-09-21 14:15,8784
2019-09-21 14:20,8848
2019-09-21 14:25,8911
2019-09-21 14:30,9060
2019-09-21 14:35,9112
2019-09-21 14:40,9217
2019-09-21 14:45,9317
2019-09-21 14:50,9386
2019-09-21 14:55,9528
2019-09-21 15:00,9609
2019-09-21 15:05,9656
2019-09-21 15:10,9677
2019-09-21 15:15,9756
2019-09-21 15:20,9844
2019-09-21 15:25,9894
2019-09-21 15:30,9910
2019-09-21 15:35,9977
2019-09-21 15:40,10023
2019-09-21 15:45,9994
2019-09-21 15:50,10082
2019-09-21 15:55,10146
2019-09-21 16:00,10181
2019-09-21 16:05,10244
2019-09-21 16:10,10283
2019-09-21 16:15,10376
2019-09-21 16:20,10474
2019-09-21 16:25,10481
2019-09-21 16:30,10577
2019-09-21 16:35,10559
2019-09-21 16:40,10624
2019-09-21 16:45,10661
2019-09-21 16:50,10685
2019-09-21 16:55,10749
2019-09-21 17:00,10907
2019-09-21 17:05,11023
2019-09-21 17:10,11046
2019-09-21 17:15,11109
2019-09-21 17:20,11184
2019-09-21 17:25,11213
2019-09-21 17:30,11324
2019-09-21 17:35,11423
2019-09-21 17:40,11473
2019-09-21 17:45,11563
2019-09-21 17:50,11619
2019-09-21 17:55,11665
2019-09-21 18:00,11725
2019-09-21 18:05,11810
2019-09-21 18:10,11928
2019-09-21 18:15,
2019-09-21 18:20,12080
2019-09-21 18:25,12058
2019-09-21 18:30,11991
2019-09-21 18:35,12103
2019-09-21 18:40,12078
2019-09-21 18:45,12127
2019-09-21 18:50,12227
2019-09-21 18:55,12294
2019-09-21 19:00,12279
2019-09-21 19:05,12341
2019-09-21 19:10,12328
2019-09-21 19:15,12383
2019-09-21 19:20,12407
2019-09-21 19:25,12412
2019-09-21 19:30,12427
2019-09-21 19:35,12465
2019-09-21 19:40,12497
2019-09-21 19:45,12523
2019-09-21 19:50,12501
2019-09-21 19:55,12454
2019-09-21 20:00,12386
2019-09-21 20:05,12420
2019-09-21 20:10,12425
2019-09-21 20:15,12389
2019-09-21 20:20,12372
2019-09-21 20:25,12368
2019-09-21 20:30,12386
2019-09-21 20:35,12445
2019-09-21 20:40,12402
2019-09-21 20:45,12396
2019-09-21 20:50,12375
2019-09-21 20:55,12413
2019-09-21 21:00,12401
2019-09-21 21:05,12408
2019-09-21 21:10,12265
2019-09-21 21:15,12211
2019-09-21 21:20,12147
2019-09-21 21:25,12053
2019-09-21 21:30,11989
2019-09-21 21:35,12019
2019-09-21 21:40,11958
2019-09-21 21:45,11910
2019-09-21 21:50,11839
2019-09-21 21:55,11767
2019-09-21 22:00,11649
2019-09-21 22:05,11590
2019-09-21 22:10,11516
2019-09-21 22:15,11408
2019-09-21 22:20,11207
2019-09-21 22:25,11165
2019-09-21 22:30,11048
2019-09-21 22:35,10952
2019-09-21 22:40,10927
2019-09-21 22:45,10881
2019-09-21 22:50,10858
2019-09-21 22:55,10689
2019-09-21 23:00,10652
2019-09-21 23:05,10620
2019-09-21 23:10,10547
2019-09-21 23:15,10466
2019-09-21 23:20,10358
2019-09-21 23:25,10331
2019-09-21 23:30,10230
2019-09-21 23:35,10162
2019-09-21 23:40,10110
2019-09-21 23:45,10021
2019-09-21 23:50,9945
2019-09-21 23:55,9840
2019-09-22 00:00,9836
2019-09-22 00:05,9792
2019-09-22 00:10,9776
2019-09-22 00:15,9730
2019-09-22 00:20,9673
2019-09-22 00:25,9687
2019-09-22 00:30,9687
2019-09-22 00:35,9677
2019-09-22 00:40,9644
2019-09-22 00:45,9636
2019-09-22 00:50,9632
2019-09-22 00:55,9630
2019-09-22 01:00,9600
2019-09-22 01:05,9563
2019-09-22 01:10,9573
2019-09-22 01:15,9565
2019-09-22 01:20,9570
2019-09-22 01:25,9578
2019-09-22 01:30,9580
2019-09-22 01:35,9586
2019-09-22 01:40,9554
2019-09-22 01:45,9512
2019-09-22 01:50,9535
2019-09-22 01:55,9527
2019-09-22 02:00,9493
2019-09-22 02:05,9435
2019-09-22 02:10,9450
2019-09-22 02:15,9446
2019-09-22 02:20,9416
2019-09-22 02:25,9426
2019-09-22 02:30,9382
2019-09-22 02:35,9338
2019-09-22 02:40,9338
2019-09-22 02:45,9295
2019-09-22 02:50,9273
2019-09-22 02:55,9274
2019-09-22 03:00,9274
2019-09-22 03:05,9302
2019-09-22 03:10,9284
2019-09-22 03:15,9216
2019-09-22 03:20,9208
2019-09-22 03:25,9193
2019-09-22 03:30,9161
2019-09-22 03:35,9139
2019-09-22 03:40,9080
2019-09-22 03:45,9047
2019-09-22 03:50,8980
2019-09-22 03:55,8938
2019-09-22 04:00,8948
2019-09-22 04:05,8903
2019-09-22 04:10,8885
2019-09-22 04:15,8853
2019-09-22 04:20,8759
2019-09-22 04:25,8716
2019-09-22 04:30,8587
2019-09-22 04:35,8533
2019-09-22 04:40,8426
2019-09-22 04:45,8371
2019-09-22 04:50,8321
2019-09-22 04:55,8207
2019-09-22 05:00,8113
2019-09-22 05:05,7975
2019-09-22 05:10,7892
2019-09-22 05:15,7812
2019-09-22 05:20,7696
2019-09-22 05:25,7564
2019-09-22 05:30,7461
2019-09-22 05:35,7352
2019-09-22 05:40,7218
2019-09-22 05:45,7083
2019-09-22 05:50,6999
2019-09-22 05:55,6893
2019-09-22 06:00,6775
2019-09-22 06:05,6693
2019-09-22 06:10,6562
2019-09-22 06:15,6506
2019-09-22 06:20,6368
2019-09-22 06:25,6307
2019-09-22 06:30,6221
2019-09-22 06:35,6146
2019-09-22 06:40,6055
2019-09-22 06:45,5976
2019-09-22 06:50,5900
2019-09-22 06:55,5838
2019-09-22 07:00,5784
2019-09-22 07:05,5708
2019-09-22 07:10,5644
2019-09-22 07:15,5567
2019-09-22 07:20,5517
2019-09-22 07:25,5493
2019-09-22 07:30,5465
2019-09-22 07:35,5427
2019-09-22 07:40,5451
2019-09-22 07:45,5397
2019-09-22 07:50,5370
2019-09-22 07:55,5354
2019-09-22 08:00,5344
2019-09-22 08:05,5341
2019-09-22 08:10,5353
2019-09-22 08:15,5376
2019-09-22 08:20,5374
2019-09-22 08:25,5402
2019-09-22 08:30,5394
2019-09-22 08:35,5373
2019-09-22 08:40,5418
2019-09-22 08:45,5472
2019-09-22 08:50,5496
2019-09-22 08:55,5584
2019-09-22 09:00,5607
2019-09-22 09:05,5658
2019-09-22 09:10,5732
2019-09-22 09:15,5806
2019-09-22 09:20,5825
2019-09-22 09:25,5893
2019-09-22 09:30,5963
2019-09-22 09:35,6022
2019-09-22 09:40,6026
2019-09-22 09:45,6062
2019-09-22 09:50,6087
2019-09-22 09:55,6087
2019-09-22 10:00,6125
2019-09-22 10:05,6133
2019-09-22 10:10,6181
2019-09-22 10:15,6236
2019-09-22 10:20,6274
2019-09-22 10:25,6361
2019-09-22 10:30,6390
2019-09-22 10:35,6459
2019-09-22 10:40,6534
2019-09-22 10:45,6599
2019-09-22 10:50,6640
2019-09-22 10:55,6653
2019-09-22 11:00,6737
2019-09-22 11:05,6771
2019-09-22 11:10,6845
2019-09-22 11:15,6909
2019-09-22 11:20,6939
2019-09-22 11:25,7015
2019-09-22 11:30,7091
2019-09-22 11:35,7161
2019-09-22 11:40,7210
2019-09-22 11:45,7222
2019-09-22 11:50,7312
2019-09-22 11:55,7399
2019-09-22 12:00,7444
2019-09-22 12:05,7480
2019-09-22 12:10,7521
2019-09-22 12:15,7616
2019-09-22 12:20,7639
2019-09-22 12:25,7720
2019-09-22 12:30,7753
2019-09-22 12:35,7827
2019-09-22 12:40,7868
2019-09-22 12:45,7921
2019-09-22 12:50,8013
2019-09-22 12:55,8056
2019-09-22 13:00,8086
2019-09-22 13:05,8127
2019-09-22 13:10,8121
2019-09-22 13:15,8089
2019-09-22 13:20,8163
2019-09-22 13:25,8237
2019-09-22 13:30,8340
2019-09-22 13:35,8454
2019-09-22 13:40,8538
2019-09-22 13:45,8608
2019-09-22 13:50,8725
2019-09-22 13:55,8836
2019-09-22 14:00,8919
2019-09-22 14:05,8982
2019-09-22 14:10,9090
2019-09-22 14:15,9177
2019-09-22 14:20,9329
2019-09-22 14:25,9465
2019-09-22 14:30,9605
2019-09-22 14:35,9688
2019-09-22 14:40,9811
2019-09-22 14:45,9917
2019-09-22 14:50,10016
2019-09-22 14:55,10047
2019-09-22 15:00,10107
2019-09-22 15:05,10159
2019-09-22 15:10,10275
2019-09-22 15:15,10379
2019-09-22 15:20,10504
2019-09-22 15:25,10530
2019-09-22 15:30,10574
2019-09-22 15:35,10616
2019-09-22 15:40,10651
2019-09-22 15:45,10734
2019-09-22 15:50,10872
2019-09-22 15:55,10868
2019-09-22 16:00,10904
2019-09-22 16:05,11002
2019-09-22 16:10,11087
2019-09-22 16:15,11215
2019-09-22 16:20,11370
2019-09-22 16:25,11427
2019-09-22 16:30,11518
2019-09-22 16:35,11578
2019-09-22 16:40,11661
2019-09-22 16:45,11746
2019-09-22 16:50,11841
2019-09-22 16:55,11823
2019-09-22 17:00,11900
2019-09-22 17:05,11948
2019-09-22 17:10,12062
2019-09-22 17:15,12165
2019-09-22 17:20,12248
2019-09-22 17:25,12307
2019-09-22 17:30,12371
2019-09-22 17:35,12514
2019-09-22 17:40,12639
2019-09-22 17:45,12592
2019-09-22 17:50,12678
2019-09-22 17:55,12815
2019-09-22 18:00,12907
2019-09-22 18:05,12978
2019-09-22 18:10,13092
2019-09-22 18:15,
2019-09-22 18:20,13209
2019-09-22 18:25,13334
2019-09-22 18:30,13447
2019-09-22 18:35,13494
2019-09-22 18:40,13508
2019-09-22 18:45,13650
2019-09-22 18:50,13648
2019-09-22 18:55,13626
2019-09-22 19:00,13647
2019-09-22 19:05,13628
2019-09-22 19:10,13614
2019-09-22 19:15,13597
2019-09-22 19:20,13622
2019-09-22 19:25,13520
2019-09-22 19:30,13429
2019-09-22 19:35,13461
2019-09-22 19:40,13474
2019-09-22 19:45,13423
2019-09-22 19:50,13422
2019-09-22 19:55,13378
2019-09-22 20:00,13367
2019-09-22 20:05,13267
2019-09-22 20:10,13250
2019-09-22 20:15,13185
2019-09-22 20:20,13079
2019-09-22 20:25,12883
2019-09-22 20:30,12801
2019-09-22 20:35,12692
2019-09-22 20:40,12650
2019-09-22 20:45,12550
2019-09-22 20:50,12489
2019-09-22 20:55,12497
2019-09-22 21:00,12420
2019-09-22 21:05,12261
2019-09-22 21:10,12131
2019-09-22 21:15,12090
2019-09-22 21:20,12005
2019-09-22 21:25,11922
2019-09-22 21:30,11876
2019-09-22 21:35,11835
2019-09-22 21:40,11764
2019-09-22 21:45,11643
2019-09-22 21:50,11537
2019-09-22 21:55,11435
2019-09-22 22:00,11342
2019-09-22 22:05,11277
2019-09-22 22:10,11205
2019-09-22 22:15,11110
2019-09-22 22:20,10948
2019-09-22 22:25,10841
2019-09-22 22:30,10772
2019-09-22 22:35,10743
2019-09-22 22:40,10634
2019-09-22 22:45,10538
2019-09-22 22:50,10436
2019-09-22 22:55,10372
2019-09-22 23:00,10333
2019-09-22 23:05,10227
2019-09-22 23:10,10188
2019-09-22 23:15,10098
2019-09-22 23:20,10093
2019-09-22 23:25,10049
2019-09-22 23:30,9988
2019-09-22 23:35,10002
2019-09-22 23:40,9935
2019-09-22 23:45,9871
2019-09-22 23:50,9851
2019-09-22 23:55,9850
2019-09-23 00:00,9784
2019-09-23 00:05,9769
2019-09-23 00:10,9704
2019-09-23 00:15,9706
2019-09-23 00:20,9677
2019-09-23 00:25,9674
2019-09-23 00:30,9683
2019-09-23 00:35,9651
2019-09-23 00:40,9673
2019-09-23 00:45,9679
2019-09-23 00:50,9665
2019-09-23 00:55,9652
2019-09-23 01:00,9706
2019-09-23 01:05,9664
2019-09-23 01:10,9622
2019-09-23 01:15,9664
2019-09-23 01:20,9627
2019-09-23 01:25,9604
2019-09-23 01:30,9605
2019-09-23 01:35,9559
2019-09-23 01:40,9635
2019-09-23 01:45,9613
2019-09-23 01:50,9487
2019-09-23 01:55,9471
2019-09-23 02:00,9463
2019-09-23 02:05,9425
2019-09-23 02:10,8843
2019-09-23 02:15,8681
2019-09-23 02:20,8577
2019-09-23 02:25,8571
2019-09-23 02:30,8569
2019-09-23 02:35,8518
2019-09-23 02:40,8453
2019-09-23 02:45,8447
2019-09-23 02:50,8449
2019-09-23 02:55,8399
2019-09-23 03:00,8297
2019-09-23 03:05,8257
2019-09-23 03:10,8154
2019-09-23 03:15,7711
2019-09-23 03:20,6822
2019-09-23 03:25,6429
2019-09-23 03:30,6479
2019-09-23 03:35,6545
2019-09-23 03:40,6596
2019-09-23 03:45,6643
2019-09-23 03:50,6578
2019-09-23 03:55,6511
2019-09-23 04:00,6499
2019-09-23 04:05,6485
2019-09-23 04:10,6469
2019-09-23 04:15,6435
2019-09-23 04:20,6312
2019-09-23 04:25,6283
2019-09-23 04:30,6216
2019-09-23 04:35,6153
2019-09-23 04:40,6081
2019-09-23 04:45,6000
2019-09-23 04:50,5887
2019-09-23 04:55,5766
2019-09-23 05:00,5688
2019-09-23 05:05,5604
2019-09-23 05:10,5531
2019-09-23 05:15,5369
2019-09-23 05:20,5266
2019-09-23 05:25,5185
2019-09-23 05:30,5061
2019-09-23 05:35,4936
2019-09-23 05:40,4863
2019-09-23 05:45,4773
2019-09-23 05:50,4717
2019-09-23 05:55,4628
2019-09-23 06:00,4506
2019-09-23 06:05,4370
2019-09-23 06:10,4278
2019-09-23 06:15,4215
2019-09-23 06:20,4122
2019-09-23 06:25,4035
2019-09-23 06:30,3965
2019-09-23 06:35,3897
2019-09-23 06:40,3859
2019-09-23 06:45,3844
2019-09-23 06:50,3792
2019-09-23 06:55,3775
2019-09-23 07:00,3686
2019-09-23 07:05,3645
2019-09-23 07:10,3575
2019-09-23 07:15,3538
2019-09-23 07:20,3507
2019-09-23 07:25,3449
2019-09-23 07:30,3412
2019-09-23 07:35,3399
2019-09-23 07:40,3391
2019-09-23 07:45,3371
2019-09-23 07:50,3324
2019-09-23 07:55,3265
2019-09-23 08:00,3231
2019-09-23 08:05,3194
2019-09-23 08:10,3209
2019-09-23 08:15,3204
2019-09-23 08:20,3252
2019-09-23 08:25,3236
2019-09-23 08:30,3259
2019-09-23 08:35,3274
2019-09-23 08:40,3319
2019-09-23 08:45,3337
2019-09-23 08:50,3351
2019-09-23 08:55,3351
2019-09-23 09:00,3353
2019-09-23 09:05,3392
2019-09-23 09:10,3407
2019-09-23 09:15,3436
2019-09-23 09:20,3458
2019-09-23 09:25,3484
2019-09-23 09:30,3524
2019-09-23 09:35,3560
2019-09-23 09:40,3600
2019-09-23 09:45,3634
2019-09-23 09:50,3682
2019-09-23 09:55,3704
2019-09-23 10:00,3725
2019-09-23 10:05,3744
2019-09-23 10:10,3777
2019-09-23 10:15,3788
2019-09-23 10:20,3817
2019-09-23 10:25,3853
2019-09-23 10:30,3883
2019-09-23 10:35,3922
2019-09-23 10:40,3927
2019-09-23 10:45,3939
2019-09-23 10:50,3966
2019-09-23 10:55,4008
2019-09-23 11:00,4055
2019-09-23 11:05,4093
2019-09-23 11:10,4087
2019-09-23 11:15,4177
2019-09-23 11:20,4179
2019-09-23 11:25,4188
2019-09-23 11:30,4241
2019-09-23 11:35,4289
2019-09-23 11:40,4391
2019-09-23 11:45,4455
2019-09-23 11:50,4475
2019-09-23 11:55,4489
2019-09-23 12:00,4515
2019-09-23 12:05,4532
2019-09-23 12:10,4600
2019-09-23 12:15,4687
2019-09-23 12:20,4718
2019-09-23 12:25,4759
2019-09-23 12:30,4825
2019-09-23 12:35,4852
2019-09-23 12:40,4917
2019-09-23 12:45,5040
2019-09-23 12:50,5107
2019-09-23 12:55,5174
2019-09-23 13:00,5256
2019-09-23 13:05,5330
2019-09-23 13:10,5390
2019-09-23 13:15,5493
2019-09-23 13:20,5547
2019-09-23 13:25,5626
2019-09-23 13:30,5730
2019-09-23 13:35,5806
2019-09-23 13:40,5904
2019-09-23 13:45,5953
2019-09-23 13:50,6012
2019-09-23 13:55,6125
2019-09-23 14:00,6189
2019-09-23 14:05,6254
2019-09-23 14:10,6328
2019-09-23 14:15,6431
2019-09-23 14:20,6504
2019-09-23 14:25,6578
2019-09-23 14:30,6661
2019-09-23 14:35,6771
2019-09-23 14:40,6879
2019-09-23 14:45,6927
2019-09-23 14:50,7017
2019-09-23 14:55,7093
2019-09-23 15:00,7094
2019-09-23 15:05,7184
2019-09-23 15:10,7230
2019-09-23 15:15,7285
2019-09-23 15:20,7354
2019-09-23 15:25,7469
2019-09-23 15:30,7568
2019-09-23 15:35,7664
2019-09-23 15:40,7710
2019-09-23 15:45,7786
2019-09-23 15:50,7871
2019-09-23 15:55,7930
2019-09-23 16:00,8019
2019-09-23 16:05,8082
2019-09-23 16:10,8170
2019-09-23 16:15,8263
2019-09-23 16:20,8365
2019-09-23 16:25,8425
2019-09-23 16:30,8473
2019-09-23 16:35,8599
2019-09-23 16:40,8702
2019-09-23 16:45,8832
2019-09-23 16:50,8965
2019-09-23 16:55,9027
2019-09-23 17:00,9158
2019-09-23 17:05,9206
2019-09-23 17:10,9287
2019-09-23 17:15,9388
2019-09-23 17:20,9429
2019-09-23 17:25,9498
2019-09-23 17:30,9588
2019-09-23 17:35,9613
2019-09-23 17:40,9701
2019-09-23 17:45,9719
2019-09-23 17:50,9864
2019-09-23 17:55,9909
2019-09-23 18:00,10016
2019-09-23 18:05,10102
2019-09-23 18:10,10147
2019-09-23 18:15,10199
2019-09-23 18:20,10294
2019-09-23 18:25,10354
2019-09-23 18:30,10463
2019-09-23 18:35,10452
2019-09-23 18:40,10522
2019-09-23 18:45,10606
2019-09-23 18:50,10686
2019-09-23 18:55,10659
2019-09-23 19:00,10689
2019-09-23 19:05,10802
2019-09-23 19:10,10767
2019-09-23 19:15,10783
2019-09-23 19:20,10828
2019-09-23 19:25,10847
2019-09-23 19:30,10865
2019-09-23 19:35,10853
2019-09-23 19:40,10784
2019-09-23 19:45,10803
2019-09-23 19:50,10797
2019-09-23 19:55,10784
2019-09-23 20:00,10731
2019-09-23 20:05,10706
2019-09-23 20:10,10682
2019-09-23 20:15,10711
2019-09-23 20:20,10663
2019-09-23 20:25,10607
2019-09-23 20:30,10603
2019-09-23 20:35,10521
2019-09-23 20:40,10415
2019-09-23 20:45,10388
2019-09-23 20:50,10408
2019-09-23 20:55,10354
2019-09-23 21:00,10234
2019-09-23 21:05,10147
2019-09-23 21:10,10009
2019-09-23 21:15,10001
2019-09-23 21:20,9956
2019-09-23 21:25,9869
2019-09-23 21:30,9801
2019-09-23 21:35,9746
2019-09-23 21:40,9728
2019-09-23 21:45,9663
2019-09-23 21:50,9598
2019-09-23 21:55,9570
2019-09-23 22:00,9516
2019-09-23 22:05,9407
2019-09-23 22:10,9336
2019-09-23 22:15,9315
2019-09-23 22:20,9189
2019-09-23 22:25,9091
2019-09-23 22:30,9058
2019-09-23 22:35,9005
2019-09-23 22:40,8966
2019-09-23 22:45,8927
2019-09-23 22:50,8853
2019-09-23 22:55,8818
2019-09-23 23:00,8746
2019-09-23 23:05,8729
2019-09-23 23:10,8695
2019-09-23 23:15,8699
2019-09-23 23:20,8702
2019-09-23 23:25,8745
2019-09-23 23:30,8741
2019-09-23 23:35,8750
2019-09-23 23:40,8772
2019-09-23 23:45,8771
2019-09-23 23:50,8785
2019-09-23 23:55,8789
2019-09-24 00:00,8877
2019-09-24 00:05,8854
2019-09-24 00:10,8865
2019-09-24 00:15,8836
2019-09-24 00:20,8915
2019-09-24 00:25,8897
2019-09-24 00:30,8906
2019-09-24 00:35,8904
2019-09-24 00:40,8960
2019-09-24 00:45,9036
2019-09-24 00:50,9043
2019-09-24 00:55,9063
2019-09-24 01:00,9075
2019-09-24 01:05,9106
2019-09-24 01:10,9067
2019-09-24 01:15,9130
2019-09-24 01:20,9167
2019-09-24 01:25,9148
2019-09-24 01:30,9197
2019-09-24 01:35,9201
2019-09-24 01:40,9202
2019-09-24 01:45,9154
2019-09-24 01:50,9161
2019-09-24 01:55,9137
2019-09-24 02:00,9143
2019-09-24 02:05,9137
2019-09-24 02:10,9082
2019-09-24 02:15,9075
2019-09-24 02:20,9017
2019-09-24 02:25,8953
2019-09-24 02:30,8911
2019-09-24 02:35,8855
2019-09-24 02:40,8793
2019-09-24 02:45,8760
2019-09-24 02:50,8658
2019-09-24 02:55,8599
2019-09-24 03:00,8464
2019-09-24 03:05,8330
2019-09-24 03:10,8205
2019-09-24 03:15,8105
2019-09-24 03:20,8073
2019-09-24 03:25,7956
2019-09-24 03:30,7871
2019-09-24 03:35,7723
2019-09-24 03:40,7625
2019-09-24 03:45,7575
2019-09-24 03:50,7466
2019-09-24 03:55,7305
2019-09-24 04:00,7257
2019-09-24 04:05,7181
2019-09-24 04:10,7002
2019-09-24 04:15,6915
2019-09-24 04:20,6805
2019-09-24 04:25,6714
2019-09-24 04:30,6574
2019-09-24 04:35,6438
2019-09-24 04:40,6356
2019-09-24 04:45,6234
2019-09-24 04:50,6099
2019-09-24 04:55,6041
2019-09-24 05:00,5873
2019-09-24 05:05,5731
2019-09-24 05:10,5622
2019-09-24 05:15,5485
2019-09-24 05:20,5374
2019-09-24 05:25,5209
2019-09-24 05:30,5044
2019-09-24 05:35,4940
2019-09-24 05:40,4802
2019-09-24 05:45,4728
2019-09-24 05:50,4646
2019-09-24 05:55,4570
2019-09-24 06:00,4470
2019-09-24 06:05,4387
2019-09-24 06:10,4317
2019-09-24 06:15,4210
2019-09-24 06:20,4138
2019-09-24 06:25,4092
2019-09-24 06:30,4023
2019-09-24 06:35,3954
2019-09-24 06:40,3900
2019-09-24 06:45,3837
2019-09-24 06:50,3764
2019-09-24 06:55,3752
2019-09-24 07:00,3710
2019-09-24 07:05,3663
2019-09-24 07:10,3639
2019-09-24 07:15,3545
2019-09-24 07:20,3485
2019-09-24 07:25,3457
2019-09-24 07:30,3403
2019-09-24 07:35,3378
2019-09-24 07:40,3369
2019-09-24 07:45,3340
2019-09-24 07:50,3340
2019-09-24 07:55,3337
2019-09-24 08:00,3308
2019-09-24 08:05,3278
2019-09-24 08:10,3251
2019-09-24 08:15,3260
2019-09-24 08:20,3236
2019-09-24 08:25,3253
2019-09-24 08:30,3234
2019-09-24 08:35,3224
2019-09-24 08:40,3218
2019-09-24 08:45,3212
2019-09-24 08:50,3226
2019-09-24 08:55,3249
2019-09-24 09:00,3268
2019-09-24 09:05,3309
2019-09-24 09:10,3107
2019-09-24 09:15,2768
2019-09-24 09:20,2476
2019-09-24 09:25,2166
2019-09-24 09:30,1967
2019-09-24 09:35,1809
2019-09-24 09:40,1717
2019-09-24 09:45,1655
2019-09-24 09:50,1645
2019-09-24 09:55,1718
2019-09-24 10:00,2020
2019-09-24 10:05,2238
2019-09-24 10:10,2439
2019-09-24 10:15,2638
2019-09-24 10:20,2800
2019-09-24 10:25,2962
2019-09-24 10:30,3080
2019-09-24 10:35,3222
2019-09-24 10:40,3374
2019-09-24 10:45,3491
2019-09-24 10:50,3611
2019-09-24 10:55,3703
2019-09-24 11:00,3748
2019-09-24 11:05,3820
2019-09-24 11:10,3887
2019-09-24 11:15,3935
2019-09-24 11:20,4019
2019-09-24 11:25,4118
2019-09-24 11:30,4209
2019-09-24 11:35,4286
2019-09-24 11:40,4328
2019-09-24 11:45,4427
2019-09-24 11:50,4477
2019-09-24 11:55,4498
2019-09-24 12:00,4523
2019-09-24 12:05,4597
2019-09-24 12:10,4638
2019-09-24 12:15,4736
2019-09-24 12:20,4820
2019-09-24 12:25,4897
2019-09-24 12:30,4969
2019-09-24 12:35,5038
2019-09-24 12:40,5122
2019-09-24 12:45,5245
2019-09-24 12:50,5293
2019-09-24 12:55,5379
2019-09-24 13:00,5438
2019-09-24 13:05,5509
2019-09-24 13:10,5588
2019-09-24 13:15,5660
2019-09-24 13:20,5741
2019-09-24 13:25,5785
2019-09-24 13:30,5861
2019-09-24 13:35,5968
2019-09-24 13:40,6058
2019-09-24 13:45,6111
2019-09-24 13:50,6197
2019-09-24 13:55,6290
2019-09-24 14:00,6399
2019-09-24 14:05,6498
2019-09-24 14:10,6562
2019-09-24 14:15,6630
2019-09-24 14:20,6778
2019-09-24 14:25,6858
2019-09-24 14:30,6973
2019-09-24 14:35,7038
2019-09-24 14:40,7070
2019-09-24 14:45,7109
2019-09-24 14:50,7170
2019-09-24 14:55,7238
2019-09-24 15:00,7327
2019-09-24 15:05,7408
2019-09-24 15:10,7471
2019-09-24 15:15,7537
2019-09-24 15:20,7608
2019-09-24 15:25,7644
2019-09-24 15:30,7698
2019-09-24 15:35,7694
2019-09-24 15:40,7760
2019-09-24 15:45,7817
2019-09-24 15:50,7922
2019-09-24 15:55,8019
2019-09-24 16:00,8102
2019-09-24 16:05,8196
2019-09-24 16:10,8295
2019-09-24 16:15,8375
2019-09-24 16:20,8490
2019-09-24 16:25,8553
2019-09-24 16:30,8642
2019-09-24 16:35,8744
2019-09-24 16:40,8860
2019-09-24 16:45,8946
2019-09-24 16:50,9015
2019-09-24 16:55,9078
2019-09-24 17:00,9148
2019-09-24 17:05,9222
2019-09-24 17:10,9332
2019-09-24 17:15,9460
2019-09-24 17:20,9555
2019-09-24 17:25,9655
2019-09-24 17:30,9718
2019-09-24 17:35,9761
2019-09-24 17:40,9849
2019-09-24 17:45,9906
2019-09-24 17:50,9975
2019-09-24 17:55,10042
2019-09-24 18:00,10153
2019-09-24 18:05,10173
2019-09-24 18:10,10179
2019-09-24 18:15,10246
2019-09-24 18:20,10283
2019-09-24 18:25,10323
2019-09-24 18:30,10347
2019-09-24 18:35,10411
2019-09-24 18:40,10468
2019-09-24 18:45,10524
2019-09-24 18:50,10566
2019-09-24 18:55,10616
2019-09-24 19:00,10662
2019-09-24 19:05,10660
2019-09-24 19:10,10688
2019-09-24 19:15,10694
2019-09-24 19:20,10813
2019-09-24 19:25,10822
2019-09-24 19:30,10814
2019-09-24 19:35,10844
2019-09-24 19:40,10802
2019-09-24 19:45,10791
2019-09-24 19:50,10765
2019-09-24 19:55,10732
2019-09-24 20:00,10739
2019-09-24 20:05,10612
2019-09-24 20:10,10625
2019-09-24 20:15,10572
2019-09-24 20:20,10512
2019-09-24 20:25,10461
2019-09-24 20:30,10409
2019-09-24 20:35,10397
2019-09-24 20:40,10341
2019-09-24 20:45,10288
2019-09-24 20:50,10289
2019-09-24 20:55,10230
2019-09-24 21:00,10197
2019-09-24 21:05,10187
2019-09-24 21:10,10102
2019-09-24 21:15,10008
2019-09-24 21:20,9990
2019-09-24 21:25,9934
2019-09-24 21:30,9894
2019-09-24 21:35,9815
2019-09-24 21:40,9711
2019-09-24 21:45,9650
2019-09-24 21:50,9539
2019-09-24 21:55,9532
2019-09-24 22:00,9447
2019-09-24 22:05,9385
2019-09-24 22:10,9299
2019-09-24 22:15,9288
2019-09-24 22:20,9213
2019-09-24 22:25,9107
2019-09-24 22:30,9084
2019-09-24 22:35,9042
2019-09-24 22:40,9005
2019-09-24 22:45,8948
2019-09-24 22:50,8955
2019-09-24 22:55,8892
2019-09-24 23:00,8899
2019-09-24 23:05,0
2019-09-24 23:10,8219
2019-09-24 23:15,
2019-09-24 23:20,0
2019-09-24 23:25,
2019-09-24 23:30,8561
2019-09-24 23:35,8613
2019-09-24 23:40,8679
2019-09-24 23:45,8771
2019-09-24 23:50,8777
2019-09-24 23:55,8851
2019-09-25 00:00,8931
2019-09-25 00:05,8922
2019-09-25 00:10,8897
2019-09-25 00:15,8916
2019-09-25 00:20,8949
2019-09-25 00:25,8952
2019-09-25 00:30,9039
2019-09-25 00:35,9106
2019-09-25 00:40,9103
2019-09-25 00:45,9103
2019-09-25 00:50,9169
2019-09-25 00:55,9187
2019-09-25 01:00,9207
2019-09-25 01:05,9222
2019-09-25 01:10,9261
2019-09-25 01:15,9338
2019-09-25 01:20,9344
2019-09-25 01:25,9361
2019-09-25 01:30,9357
2019-09-25 01:35,9380
2019-09-25 01:40,9391
2019-09-25 01:45,9352
2019-09-25 01:50,9382
2019-09-25 01:55,9322
2019-09-25 02:00,9211
2019-09-25 02:05,9197
2019-09-25 02:10,9181
2019-09-25 02:15,9119
2019-09-25 02:20,9031
2019-09-25 02:25,8948
2019-09-25 02:30,8951
2019-09-25 02:35,8890
2019-09-25 02:40,8861
2019-09-25 02:45,8856
2019-09-25 02:50,8756
2019-09-25 02:55,8683
2019-09-25 03:00,8575
2019-09-25 03:05,8452
2019-09-25 03:10,8275
2019-09-25 03:15,8234
2019-09-25 03:20,8045
2019-09-25 03:25,7934
2019-09-25 03:30,7838
2019-09-25 03:35,7796
2019-09-25 03:40,7679
2019-09-25 03:45,7621
2019-09-25 03:50,7542
2019-09-25 03:55,7442
2019-09-25 04:00,7372
2019-09-25 04:05,7254
2019-09-25 04:10,7130
2019-09-25 04:15,7018
2019-09-25 04:20,6868
2019-09-25 04:25,6744
2019-09-25 04:30,6635
2019-09-25 04:35,6569
2019-09-25 04:40,6440
2019-09-25 04:45,6334
2019-09-25 04:50,6234
2019-09-25 04:55,6046
2019-09-25 05:00,5963
2019-09-25 05:05,5841
2019-09-25 05:10,5740
2019-09-25 05:15,5610
2019-09-25 05:20,5508
2019-09-25 05:25,5369
2019-09-25 05:30,5250
2019-09-25 05:35,5164
2019-09-25 05:40,5082
2019-09-25 05:45,4934
2019-09-25 05:50,4805
2019-09-25 05:55,4716
2019-09-25 06:00,4632
2019-09-25 06:05,4523
2019-09-25 06:10,4390
2019-09-25 06:15,4328
2019-09-25 06:20,4216
2019-09-25 06:25,4155
2019-09-25 06:30,4087
2019-09-25 06:35,4028
2019-09-25 06:40,3959
2019-09-25 06:45,3907
2019-09-25 06:50,3856
2019-09-25 06:55,3817
2019-09-25 07:00,3734
2019-09-25 07:05,3644
2019-09-25 07:10,3591
2019-09-25 07:15,3524
2019-09-25 07:20,3499
2019-09-25 07:25,3500
2019-09-25 07:30,3489
2019-09-25 07:35,3418
2019-09-25 07:40,3406
2019-09-25 07:45,3409
2019-09-25 07:50,3378
2019-09-25 07:55,3358
2019-09-25 08:00,3374
2019-09-25 08:05,3376
2019-09-25 08:10,3399
2019-09-25 08:15,3390
2019-09-25 08:20,3374
2019-09-25 08:25,3403
2019-09-25 08:30,3416
2019-09-25 08:35,3374
2019-09-25 08:40,3366
2019-09-25 08:45,3371
2019-09-25 08:50,3395
2019-09-25 08:55,3415
2019-09-25 09:00,3408
2019-09-25 09:05,3421
2019-09-25 09:10,3424
2019-09-25 09:15,3468
2019-09-25 09:20,3493
2019-09-25 09:25,3489
2019-09-25 09:30,3496
2019-09-25 09:35,3516
2019-09-25 09:40,3562
2019-09-25 09:45,3591
2019-09-25 09:50,3600
2019-09-25 09:55,3605
2019-09-25 10:00,3674
2019-09-25 10:05,3682
2019-09-25 10:10,3705
2019-09-25 10:15,3706
2019-09-25 10:20,3774
2019-09-25 10:25,3805
2019-09-25 10:30,3842
2019-09-25 10:35,3848
2019-09-25 10:40,3891
2019-09-25 10:45,3914
2019-09-25 10:50,3945
2019-09-25 10:55,3961
2019-09-25 11:00,3968
2019-09-25 11:05,4068
2019-09-25 11:10,4112
2019-09-25 11:15,4135
2019-09-25 11:20,4175
2019-09-25 11:25,4211
2019-09-25 11:30,4282
2019-09-25 11:35,4353
2019-09-25 11:40,4374
2019-09-25 11:45,4439
2019-09-25 11:50,4475
2019-09-25 11:55,4502
2019-09-25 12:00,4558
2019-09-25 12:05,4633
2019-09-25 12:10,4627
2019-09-25 12:15,4700
2019-09-25 12:20,4748
2019-09-25 12:25,4789
2019-09-25 12:30,4838
2019-09-25 12:35,4916
2019-09-25 12:40,4978
2019-09-25 12:45,5057
2019-09-25 12:50,5112
2019-09-25 12:55,5196
2019-09-25 13:00,5261
2019-09-25 13:05,5378
2019-09-25 13:10,5479
2019-09-25 13:15,5553
2019-09-25 13:20,5586
2019-09-25 13:25,5698
2019-09-25 13:30,5769
2019-09-25 13:35,5852
2019-09-25 13:40,5952
2019-09-25 13:45,6000
2019-09-25 13:50,6144
2019-09-25 13:55,6239
2019-09-25 14:00,6328
2019-09-25 14:05,6370
2019-09-25 14:10,6402
2019-09-25 14:15,6489
2019-09-25 14:20,6571
2019-09-25 14:25,6693
2019-09-25 14:30,6646
2019-09-25 14:35,6772
2019-09-25 14:40,6877
2019-09-25 14:45,6940
2019-09-25 14:50,6987
2019-09-25 14:55,7085
2019-09-25 15:00,7180
2019-09-25 15:05,7256
2019-09-25 15:10,7343
2019-09-25 15:15,7362
2019-09-25 15:20,7441
2019-09-25 15:25,7485
2019-09-25 15:30,7565
2019-09-25 15:35,7631
2019-09-25 15:40,7687
2019-09-25 15:45,7728
2019-09-25 15:50,7814
2019-09-25 15:55,7831
2019-09-25 16:00,7855
2019-09-25 16:05,7946
2019-09-25 16:10,8028
2019-09-25 16:15,8105
2019-09-25 16:20,8241
2019-09-25 16:25,8325
2019-09-25 16:30,8455
2019-09-25 16:35,8559
2019-09-25 16:40,8681
2019-09-25 16:45,8759
2019-09-25 16:50,8862
2019-09-25 16:55,8926
2019-09-25 17:00,8980
2019-09-25 17:05,9021
2019-09-25 17:10,9145
2019-09-25 17:15,9237
2019-09-25 17:20,9335
2019-09-25 17:25,9381
2019-09-25 17:30,9486
2019-09-25 17:35,9559
2019-09-25 17:40,9590
2019-09-25 17:45,9668
2019-09-25 17:50,9675
2019-09-25 17:55,9725
2019-09-25 18:00,9699
2019-09-25 18:05,9735
2019-09-25 18:10,9802
2019-09-25 18:15,9950
2019-09-25 18:20,10037
2019-09-25 18:25,10080
2019-09-25 18:30,10147
2019-09-25 18:35,10203
2019-09-25 18:40,10286
2019-09-25 18:45,10282
2019-09-25 18:50,10331
2019-09-25 18:55,10346
2019-09-25 19:00,10380
2019-09-25 19:05,10440
2019-09-25 19:10,10479
2019-09-25 19:15,10495
2019-09-25 19:20,10527
2019-09-25 19:25,10565
2019-09-25 19:30,10633
2019-09-25 19:35,10610
2019-09-25 19:40,10561
2019-09-25 19:45,10558
2019-09-25 19:50,10521
2019-09-25 19:55,10465
2019-09-25 20:00,10445
2019-09-25 20:05,10421
2019-09-25 20:10,10344
2019-09-25 20:15,10330
2019-09-25 20:20,10308
2019-09-25 20:25,10299
2019-09-25 20:30,10257
2019-09-25 20:35,10182
2019-09-25 20:40,10198
2019-09-25 20:45,10176
2019-09-25 20:50,10099
2019-09-25 20:55,10052
2019-09-25 21:00,10000
2019-09-25 21:05,9995
2019-09-25 21:10,9895
2019-09-25 21:15,9831
2019-09-25 21:20,9709
2019-09-25 21:25,9675
2019-09-25 21:30,9662
2019-09-25 21:35,9602
2019-09-25 21:40,9589
2019-09-25 21:45,9469
2019-09-25 21:50,9393
2019-09-25 21:55,9277
2019-09-25 22:00,9219
2019-09-25 22:05,9184
2019-09-25 22:10,9146
2019-09-25 22:15,9105
2019-09-25 22:20,9042
2019-09-25 22:25,9040
2019-09-25 22:30,8971
2019-09-25 22:35,8963
2019-09-25 22:40,8946
2019-09-25 22:45,8957
2019-09-25 22:50,8944
2019-09-25 22:55,8887
2019-09-25 23:00,8884
2019-09-25 23:05,8879
2019-09-25 23:10,8874
2019-09-25 23:15,8864
2019-09-25 23:20,8904
2019-09-25 23:25,8875
2019-09-25 23:30,8880
2019-09-25 23:35,8870
2019-09-25 23:40,8853
2019-09-25 23:45,8894
2019-09-25 23:50,8885
2019-09-25 23:55,8845
2019-09-26 00:00,8813
2019-09-26 00:05,8784
2019-09-26 00:10,8796
2019-09-26 00:15,8812
2019-09-26 00:20,8849
2019-09-26 00:25,8863
2019-09-26 00:30,8845
2019-09-26 00:35,8839
2019-09-26 00:40,8849
2019-09-26 00:45,8838
2019-09-26 00:50,8818
2019-09-26 00:55,8786
2019-09-26 01:00,8793
2019-09-26 01:05,8787
2019-09-26 01:10,8800
2019-09-26 01:15,8883
2019-09-26 01:20,8893
2019-09-26 01:25,8953
2019-09-26 01:30,9001
2019-09-26 01:35,9043
2019-09-26 01:40,9122
2019-09-26 01:45,9053
2019-09-26 01:50,9094
2019-09-26 01:55,9120
2019-09-26 02:00,9082
2019-09-26 02:05,9050
2019-09-26 02:10,8980
2019-09-26 02:15,8985
2019-09-26 02:20,8999
2019-09-26 02:25,8953
2019-09-26 02:30,8903
2019-09-26 02:35,8843
2019-09-26 02:40,8843
2019-09-26 02:45,8786
2019-09-26 02:50,8728
2019-09-26 02:55,8687
2019-09-26 03:00,8564
2019-09-26 03:05,8485
2019-09-26 03:10,8334
2019-09-26 03:15,8264
2019-09-26 03:20,8166
2019-09-26 03:25,8094
2019-09-26 03:30,7937
2019-09-26 03:35,7849
2019-09-26 03:40,7745
2019-09-26 03:45,7652
2019-09-26 03:50,7547
2019-09-26 03:55,7446
2019-09-26 04:00,7335
2019-09-26 04:05,7215
2019-09-26 04:10,7042
2019-09-26 04:15,6904
2019-09-26 04:20,6767
2019-09-26 04:25,6627
2019-09-26 04:30,6548
2019-09-26 04:35,6479
2019-09-26 04:40,6373
2019-09-26 04:45,6294
2019-09-26 04:50,6247
2019-09-26 04:55,6123
2019-09-26 05:00,5936
2019-09-26 05:05,5852
2019-09-26 05:10,5766
2019-09-26 05:15,5685
2019-09-26 05:20,
2019-09-26 05:25,
2019-09-26 05:30,
2019-09-26 05:35,5171
2019-09-26 05:40,5016
2019-09-26 05:45,4843
2019-09-26 05:50,4738
2019-09-26 05:55,4608
2019-09-26 06:00,4491
2019-09-26 06:05,4354
2019-09-26 06:10,4200
2019-09-26 06:15,4063
2019-09-26 06:20,3917
2019-09-26 06:25,3772
2019-09-26 06:30,3703
2019-09-26 06:35,3041
2019-09-26 06:40,2533
2019-09-26 06:45,2013
2019-09-26 06:50,1567
2019-09-26 06:55,1249
2019-09-26 07:00,1090
2019-09-26 07:05,998
2019-09-26 07:10,983
2019-09-26 07:15,956
2019-09-26 07:20,939
2019-09-26 07:25,935
2019-09-26 07:30,941
2019-09-26 07:35,949
2019-09-26 07:40,930
2019-09-26 07:45,937
2019-09-26 07:50,939
2019-09-26 07:55,938
2019-09-26 08:00,930
2019-09-26 08:05,917
2019-09-26 08:10,936
2019-09-26 08:15,924
2019-09-26 08:20,920
2019-09-26 08:25,928
2019-09-26 08:30,949
2019-09-26 08:35,933
2019-09-26 08:40,911
2019-09-26 08:45,1039
2019-09-26 08:50,1195
2019-09-26 08:55,1322
2019-09-26 09:00,1417
2019-09-26 09:05,1513
2019-09-26 09:10,1817
2019-09-26 09:15,2057
2019-09-26 09:20,2283
2019-09-26 09:25,2514
2019-09-26 09:30,2664
2019-09-26 09:35,2803
2019-09-26 09:40,2965
2019-09-26 09:45,3077
2019-09-26 09:50,3158
2019-09-26 09:55,3218
2019-09-26 10:00,3317
2019-09-26 10:05,3390
2019-09-26 10:10,3481
2019-09-26 10:15,3515
2019-09-26 10:20,3576
2019-09-26 10:25,3611
2019-09-26 10:30,3675
2019-09-26 10:35,3763
2019-09-26 10:40,3807
2019-09-26 10:45,3826
2019-09-26 10:50,3859
2019-09-26 10:55,3890
2019-09-26 11:00,3940
2019-09-26 11:05,4005
2019-09-26 11:10,4076
2019-09-26 11:15,4080
2019-09-26 11:20,4144
2019-09-26 11:25,4169
2019-09-26 11:30,4240
2019-09-26 11:35,4256
2019-09-26 11:40,4312
2019-09-26 11:45,4350
2019-09-26 11:50,4387
2019-09-26 11:55,4420
2019-09-26 12:00,4509
2019-09-26 12:05,4584
2019-09-26 12:10,4607
2019-09-26 12:15,4706
2019-09-26 12:20,4768
2019-09-26 12:25,4831
2019-09-26 12:30,4864
2019-09-26 12:35,4939
2019-09-26 12:40,4995
2019-09-26 12:45,5082
2019-09-26 12:50,5202
2019-09-26 12:55,5258
2019-09-26 13:00,5339
2019-09-26 13:05,5357
2019-09-26 13:10,5442
2019-09-26 13:15,5521
2019-09-26 13:20,5592
2019-09-26 13:25,5685
2019-09-26 13:30,5814
2019-09-26 13:35,5912
2019-09-26 13:40,5995
2019-09-26 13:45,6017
2019-09-26 13:50,6062
2019-09-26 13:55,6185
2019-09-26 14:00,6242
2019-09-26 14:05,6374
2019-09-26 14:10,6457
2019-09-26 14:15,6546
2019-09-26 14:20,6578
2019-09-26 14:25,6666
2019-09-26 14:30,6736
2019-09-26 14:35,6798
2019-09-26 14:40,6861
2019-09-26 14:45,6962
2019-09-26 14:50,7027
2019-09-26 14:55,7108
2019-09-26 15:00,7174
2019-09-26 15:05,7196
2019-09-26 15:10,7239
2019-09-26 15:15,7281
2019-09-26 15:20,7397
2019-09-26 15:25,7425
2019-09-26 15:30,7553
2019-09-26 15:35,7618
2019-09-26 15:40,7645
2019-09-26 15:45,7746
2019-09-26 15:50,7808
2019-09-26 15:55,7854
2019-09-26 16:00,7940
2019-09-26 16:05,7979
2019-09-26 16:10,8121
2019-09-26 16:15,8151
2019-09-26 16:20,8296
2019-09-26 16:25,8344
2019-09-26 16:30,8428
2019-09-26 16:35,8482
2019-09-26 16:40,8549
2019-09-26 16:45,8643
2019-09-26 16:50,8693
2019-09-26 16:55,8762
2019-09-26 17:00,8830
2019-09-26 17:05,8968
2019-09-26 17:10,9070
2019-09-26 17:15,9110
2019-09-26 17:20,9189
2019-09-26 17:25,9265
2019-09-26 17:30,9304
2019-09-26 17:35,9409
2019-09-26 17:40,9433
2019-09-26 17:45,9557
2019-09-26 17:50,9594
2019-09-26 17:55,9689
2019-09-26 18:00,9744
2019-09-26 18:05,9808
2019-09-26 18:10,9845
2019-09-26 18:15,9911
2019-09-26 18:20,9990
2019-09-26 18:25,10019
2019-09-26 18:30,10089
2019-09-26 18:35,10175
2019-09-26 18:40,10248
2019-09-26 18:45,10306
2019-09-26 18:50,10344
2019-09-26 18:55,10376
2019-09-26 19:00,10410
2019-09-26 19:05,10446
2019-09-26 19:10,10477
2019-09-26 19:15,10447
2019-09-26 19:20,10457
2019-09-26 19:25,10471
2019-09-26 19:30,10510
2019-09-26 19:35,10544
2019-09-26 19:40,10512
2019-09-26 19:45,10564
2019-09-26 19:50,10537
2019-09-26 19:55,10522
2019-09-26 20:00,10465
2019-09-26 20:05,10398
2019-09-26 20:10,10372
2019-09-26 20:15,10290
2019-09-26 20:20,10255
2019-09-26 20:25,10240
2019-09-26 20:30,10259
2019-09-26 20:35,10265
2019-09-26 20:40,10276
2019-09-26 20:45,10160
2019-09-26 20:50,10099
2019-09-26 20:55,10064
2019-09-26 21:00,10017
2019-09-26 21:05,9923
2019-09-26 21:10,9901
2019-09-26 21:15,9901
2019-09-26 21:20,9871
2019-09-26 21:25,9869
2019-09-26 21:30,9785
2019-09-26 21:35,9695
2019-09-26 21:40,9692
2019-09-26 21:45,9593
2019-09-26 21:50,9499
2019-09-26 21:55,9501
2019-09-26 22:00,9406
2019-09-26 22:05,9337
2019-09-26 22:10,9340
2019-09-26 22:15,9246
2019-09-26 22:20,9154
2019-09-26 22:25,9064
2019-09-26 22:30,9037
2019-09-26 22:35,9004
2019-09-26 22:40,9011
2019-09-26 22:45,8992
2019-09-26 22:50,8956
2019-09-26 22:55,8888
2019-09-26 23:00,8801
2019-09-26 23:05,8763
2019-09-26 23:10,8767
2019-09-26 23:15,8765
2019-09-26 23:20,8743
2019-09-26 23:25,8754
2019-09-26 23:30,8741
2019-09-26 23:35,8678
2019-09-26 23:40,8709
2019-09-26 23:45,8709
2019-09-26 23:50,8716
2019-09-26 23:55,8676
2019-09-27 00:00,8680
2019-09-27 00:05,8712
2019-09-27 00:10,8691
2019-09-27 00:15,8681
2019-09-27 00:20,8741
2019-09-27 00:25,8774
2019-09-27 00:30,8698
2019-09-27 00:35,8762
2019-09-27 00:40,8783
2019-09-27 00:45,8808
2019-09-27 00:50,8811
2019-09-27 00:55,8883
2019-09-27 01:00,8859
2019-09-27 01:05,8858
2019-09-27 01:10,8870
2019-09-27 01:15,8918
2019-09-27 01:20,8895
2019-09-27 01:25,8890
2019-09-27 01:30,8904
2019-09-27 01:35,8900
2019-09-27 01:40,8899
2019-09-27 01:45,8880
2019-09-27 01:50,8857
2019-09-27 01:55,8881
2019-09-27 02:00,8862
2019-09-27 02:05,8859
2019-09-27 02:10,8814
2019-09-27 02:15,8842
2019-09-27 02:20,8865
2019-09-27 02:25,8828
2019-09-27 02:30,8800
2019-09-27 02:35,8770
2019-09-27 02:40,8712
2019-09-27 02:45,8664
2019-09-27 02:50,8661
2019-09-27 02:55,8636
2019-09-27 03:00,8561
2019-09-27 03:05,8497
2019-09-27 03:10,8420
2019-09-27 03:15,8349
2019-09-27 03:20,8211
2019-09-27 03:25,8122
2019-09-27 03:30,8038
2019-09-27 03:35,7898
2019-09-27 03:40,7797
2019-09-27 03:45,7693
2019-09-27 03:50,7628
2019-09-27 03:55,7573
2019-09-27 04:00,7456
2019-09-27 04:05,7379
2019-09-27 04:10,7334
2019-09-27 04:15,7182
2019-09-27 04:20,7014
2019-09-27 04:25,6905
2019-09-27 04:30,6785
2019-09-27 04:35,6681
2019-09-27 04:40,6576
2019-09-27 04:45,6483
2019-09-27 04:50,6368
2019-09-27 04:55,6198
2019-09-27 05:00,6070
2019-09-27 05:05,5932
2019-09-27 05:10,5837
2019-09-27 05:15,5710
2019-09-27 05:20,5593
2019-09-27 05:25,5493
2019-09-27 05:30,5403
2019-09-27 05:35,5338
2019-09-27 05:40,5275
2019-09-27 05:45,5164
2019-09-27 05:50,5089
2019-09-27 05:55,5025
2019-09-27 06:00,4924
2019-09-27 06:05,4807
2019-09-27 06:10,4765
2019-09-27 06:15,4696
2019-09-27 06:20,4613
2019-09-27 06:25,4545
2019-09-27 06:30,4501
2019-09-27 06:35,4402
2019-09-27 06:40,4304
2019-09-27 06:45,4226
2019-09-27 06:50,4189
2019-09-27 06:55,4081
2019-09-27 07:00,4019
2019-09-27 07:05,3958
2019-09-27 07:10,3928
2019-09-27 07:15,3861
2019-09-27 07:20,3796
2019-09-27 07:25,3748
2019-09-27 07:30,3721
2019-09-27 07:35,3675
2019-09-27 07:40,3677
2019-09-27 07:45,3642
2019-09-27 07:50,3631
2019-09-27 07:55,3627
2019-09-27 08:00,3602
2019-09-27 08:05,3549
2019-09-27 08:10,3515
2019-09-27 08:15,3517
2019-09-27 08:20,3519
2019-09-27 08:25,3526
2019-09-27 08:30,3529
2019-09-27 08:35,3501
2019-09-27 08:40,3488
2019-09-27 08:45,3467
2019-09-27 08:50,3467
2019-09-27 08:55,3485
2019-09-27 09:00,3485
2019-09-27 09:05,3502
2019-09-27 09:10,3477
2019-09-27 09:15,3498
2019-09-27 09:20,3536
2019-09-27 09:25,3593
2019-09-27 09:30,3600
2019-09-27 09:35,3628
2019-09-27 09:40,3641
2019-09-27 09:45,3671
2019-09-27 09:50,3741
2019-09-27 09:55,3786
2019-09-27 10:00,3814
2019-09-27 10:05,3834
2019-09-27 10:10,3913
2019-09-27 10:15,3923
2019-09-27 10:20,3944
2019-09-27 10:25,3994
2019-09-27 10:30,4047
2019-09-27 10:35,4081
2019-09-27 10:40,4165
2019-09-27 10:45,4182
2019-09-27 10:50,4237
2019-09-27 10:55,4267
2019-09-27 11:00,4281
2019-09-27 11:05,4362
2019-09-27 11:10,4389
2019-09-27 11:15,4408
2019-09-27 11:20,4417
2019-09-27 11:25,4469
2019-09-27 11:30,4531
2019-09-27 11:35,4569
2019-09-27 11:40,3843
2019-09-27 11:45,4686
2019-09-27 11:50,4776
2019-09-27 11:55,4805
2019-09-27 12:00,4863
2019-09-27 12:05,4934
2019-09-27 12:10,4961
2019-09-27 12:15,5048
2019-09-27 12:20,5062
2019-09-27 12:25,5144
2019-09-27 12:30,5228
2019-09-27 12:35,5272
2019-09-27 12:40,5325
2019-09-27 12:45,5376
2019-09-27 12:50,5447
2019-09-27 12:55,5521
2019-09-27 13:00,5562
2019-09-27 13:05,5659
2019-09-27 13:10,5753
2019-09-27 13:15,5794
2019-09-27 13:20,5887
2019-09-27 13:25,5994
2019-09-27 13:30,6149
2019-09-27 13:35,6212
2019-09-27 13:40,6292
2019-09-27 13:45,6389
2019-09-27 13:50,6490
2019-09-27 13:55,6582
2019-09-27 14:00,6616
2019-09-27 14:05,6706
2019-09-27 14:10,6781
2019-09-27 14:15,6844
2019-09-27 14:20,6927
2019-09-27 14:25,7055
2019-09-27 14:30,7110
2019-09-27 14:35,7228
2019-09-27 14:40,7303
2019-09-27 14:45,7368
2019-09-27 14:50,7393
2019-09-27 14:55,7500
2019-09-27 15:00,7559
2019-09-27 15:05,7617
2019-09-27 15:10,7649
2019-09-27 15:15,7703
2019-09-27 15:20,7758
2019-09-27 15:25,7824
2019-09-27 15:30,7894
2019-09-27 15:35,7970
2019-09-27 15:40,7980
2019-09-27 15:45,7972
2019-09-27 15:50,8028
2019-09-27 15:55,8090
2019-09-27 16:00,8112
2019-09-27 16:05,8144
2019-09-27 16:10,8190
2019-09-27 16:15,8231
2019-09-27 16:20,8322
2019-09-27 16:25,8410
2019-09-27 16:30,8488
2019-09-27 16:35,8563
2019-09-27 16:40,8640
2019-09-27 16:45,8679
2019-09-27 16:50,8815
2019-09-27 16:55,8890
2019-09-27 17:00,8965
2019-09-27 17:05,9021
2019-09-27 17:10,9074
2019-09-27 17:15,9106
2019-09-27 17:20,9177
2019-09-27 17:25,9210
2019-09-27 17:30,9326
2019-09-27 17:35,9371
2019-09-27 17:40,9484
2019-09-27 17:45,9563
2019-09-27 17:50,9584
2019-09-27 17:55,9620
2019-09-27 18:00,9633
2019-09-27 18:05,9759
2019-09-27 18:10,9878
2019-09-27 18:15,9951
2019-09-27 18:20,10031
2019-09-27 18:25,10106
2019-09-27 18:30,10115
2019-09-27 18:35,10137
2019-09-27 18:40,10178
2019-09-27 18:45,10214
2019-09-27 18:50,10301
2019-09-27 18:55,10318
2019-09-27 19:00,10373
2019-09-27 19:05,10390
2019-09-27 19:10,10406
2019-09-27 19:15,10440
2019-09-27 19:20,10458
2019-09-27 19:25,10456
2019-09-27 19:30,10535
2019-09-27 19:35,10599
2019-09-27 19:40,10618
2019-09-27 19:45,10637
2019-09-27 19:50,10715
2019-09-27 19:55,10702
2019-09-27 20:00,10758
2019-09-27 20:05,10799
2019-09-27 20:10,10858
2019-09-27 20:15,10790
2019-09-27 20:20,10815
2019-09-27 20:25,10896
2019-09-27 20:30,10979
2019-09-27 20:35,10965
2019-09-27 20:40,10907
2019-09-27 20:45,10912
2019-09-27 20:50,10872
2019-09-27 20:55,10852
2019-09-27 21:00,10838
2019-09-27 21:05,10823
2019-09-27 21:10,10811
2019-09-27 21:15,10759
2019-09-27 21:20,10766
2019-09-27 21:25,10686
2019-09-27 21:30,10609
2019-09-27 21:35,10585
2019-09-27 21:40,10553
2019-09-27 21:45,10549
2019-09-27 21:50,10519
2019-09-27 21:55,10486
2019-09-27 22:00,10393
2019-09-27 22:05,10320
2019-09-27 22:10,10223
2019-09-27 22:15,10145
2019-09-27 22:20,10072
2019-09-27 22:25,9982
2019-09-27 22:30,9926
2019-09-27 22:35,9863
2019-09-27 22:40,9831
2019-09-27 22:45,9806
2019-09-27 22:50,9792
2019-09-27 22:55,9739
2019-09-27 23:00,9673
2019-09-27 23:05,9572
2019-09-27 23:10,9527
2019-09-27 23:15,9471
2019-09-27 23:20,9423
2019-09-27 23:25,9510
2019-09-27 23:30,9480
2019-09-27 23:35,9468
2019-09-27 23:40,9415
2019-09-27 23:45,9376
2019-09-27 23:50,9354
2019-09-27 23:55,9329
2019-09-28 00:00,9329
2019-09-28 00:05,9317
2019-09-28 00:10,9287
2019-09-28 00:15,9302
2019-09-28 00:20,9278
2019-09-28 00:25,9275
2019-09-28 00:30,9255
2019-09-28 00:35,9277
2019-09-28 00:40,9264
2019-09-28 00:45,9274
2019-09-28 00:50,9237
2019-09-28 00:55,9245
2019-09-28 01:00,9171
2019-09-28 01:05,9141
2019-09-28 01:10,9164
2019-09-28 01:15,9174
2019-09-28 01:20,9182
2019-09-28 01:25,9221
2019-09-28 01:30,9269
2019-09-28 01:35,9302
2019-09-28 01:40,9305
2019-09-28 01:45,9334
2019-09-28 01:50,9339
2019-09-28 01:55,9319
2019-09-28 02:00,9330
2019-09-28 02:05,9282
2019-09-28 02:10,9360
2019-09-28 02:15,9323
2019-09-28 02:20,9362
2019-09-28 02:25,9408
2019-09-28 02:30,9355
2019-09-28 02:35,9381
2019-09-28 02:40,9382
2019-09-28 02:45,9363
2019-09-28 02:50,9314
2019-09-28 02:55,9262
2019-09-28 03:00,9261
2019-09-28 03:05,9275
2019-09-28 03:10,9247
2019-09-28 03:15,9249
2019-09-28 03:20,9182
2019-09-28 03:25,9114
2019-09-28 03:30,9109
2019-09-28 03:35,9089
2019-09-28 03:40,9017
2019-09-28 03:45,8944
2019-09-28 03:50,8907
2019-09-28 03:55,8860
2019-09-28 04:00,8778
2019-09-28 04:05,8676
2019-09-28 04:10,8593
2019-09-28 04:15,8510
2019-09-28 04:20,8406
2019-09-28 04:25,8338
2019-09-28 04:30,8263
2019-09-28 04:35,8184
2019-09-28 04:40,8077
2019-09-28 04:45,8039
2019-09-28 04:50,7935
2019-09-28 04:55,7890
2019-09-28 05:00,7779
2019-09-28 05:05,7623
2019-09-28 05:10,7570
2019-09-28 05:15,7515
2019-09-28 05:20,7443
2019-09-28 05:25,7336
2019-09-28 05:30,7205
2019-09-28 05:35,7088
2019-09-28 05:40,6958
2019-09-28 05:45,6845
2019-09-28 05:50,6760
2019-09-28 05:55,6617
2019-09-28 06:00,6497
2019-09-28 06:05,6400
2019-09-28 06:10,6258
2019-09-28 06:15,6166
2019-09-28 06:20,6070
2019-09-28 06:25,5946
2019-09-28 06:30,5840
2019-09-28 06:35,5786
2019-09-28 06:40,5720
2019-09-28 06:45,5641
2019-09-28 06:50,5575
2019-09-28 06:55,5496
2019-09-28 07:00,5391
2019-09-28 07:05,5308
2019-09-28 07:10,5253
2019-09-28 07:15,5151
2019-09-28 07:20,5100
2019-09-28 07:25,5042
2019-09-28 07:30,4973
2019-09-28 07:35,4919
2019-09-28 07:40,4893
2019-09-28 07:45,4892
2019-09-28 07:50,4881
2019-09-28 07:55,4882
2019-09-28 08:00,4824
2019-09-28 08:05,4810
2019-09-28 08:10,4832
2019-09-28 08:15,4762
2019-09-28 08:20,4758
2019-09-28 08:25,4748
2019-09-28 08:30,4779
2019-09-28 08:35,4757
2019-09-28 08:40,4781
2019-09-28 08:45,4823
2019-09-28 08:50,4862
2019-09-28 08:55,4902
2019-09-28 09:00,4931
2019-09-28 09:05,4996
2019-09-28 09:10,5026
2019-09-28 09:15,5055
2019-09-28 09:20,5079
2019-09-28 09:25,5103
2019-09-28 09:30,5133
2019-09-28 09:35,5207
2019-09-28 09:40,5221
2019-09-28 09:45,5317
2019-09-28 09:50,5336
2019-09-28 09:55,5393
2019-09-28 10:00,5388
2019-09-28 10:05,5434
2019-09-28 10:10,5457
2019-09-28 10:15,5537
2019-09-28 10:20,5540
2019-09-28 10:25,5573
2019-09-28 10:30,5647
2019-09-28 10:35,5628
2019-09-28 10:40,5686
2019-09-28 10:45,5733
2019-09-28 10:50,5800
2019-09-28 10:55,5812
2019-09-28 11:00,5894
2019-09-28 11:05,5970
2019-09-28 11:10,6004
2019-09-28 11:15,6079
2019-09-28 11:20,6117
2019-09-28 11:25,6167
2019-09-28 11:30,6225
2019-09-28 11:35,6272
2019-09-28 11:40,6346
2019-09-28 11:45,6448
2019-09-28 11:50,6497
2019-09-28 11:55,6495
2019-09-28 12:00,6496
2019-09-28 12:05,6550
2019-09-28 12:10,6652
2019-09-28 12:15,6736
2019-09-28 12:20,6782
2019-09-28 12:25,6811
2019-09-28 12:30,6880
2019-09-28 12:35,6975
2019-09-28 12:40,7059
2019-09-28 12:45,7144
2019-09-28 12:50,7178
2019-09-28 12:55,7313
2019-09-28 13:00,7399
2019-09-28 13:05,7449
2019-09-28 13:10,7481
2019-09-28 13:15,7607
2019-09-28 13:20,7659
2019-09-28 13:25,7704
2019-09-28 13:30,7754
2019-09-28 13:35,7853
2019-09-28 13:40,7910
2019-09-28 13:45,7992
2019-09-28 13:50,8123
2019-09-28 13:55,8161
2019-09-28 14:00,8210
2019-09-28 14:05,8303
2019-09-28 14:10,8374
2019-09-28 14:15,8445
2019-09-28 14:20,8538
2019-09-28 14:25,8645
2019-09-28 14:30,8710
2019-09-28 14:35,8816
2019-09-28 14:40,8878
2019-09-28 14:45,8979
2019-09-28 14:50,9033
2019-09-28 14:55,9086
2019-09-28 15:00,9182
2019-09-28 15:05,9263
2019-09-28 15:10,9235
2019-09-28 15:15,9272
2019-09-28 15:20,9359
2019-09-28 15:25,9396
2019-09-28 15:30,9477
2019-09-28 15:35,9564
2019-09-28 15:40,9641
2019-09-28 15:45,9690
2019-09-28 15:50,9748
2019-09-28 15:55,9813
2019-09-28 16:00,9881
2019-09-28 16:05,9910
2019-09-28 16:10,9982
2019-09-28 16:15,10019
2019-09-28 16:20,10096
2019-09-28 16:25,10155
2019-09-28 16:30,10160
2019-09-28 16:35,10217
2019-09-28 16:40,10245
2019-09-28 16:45,10254
2019-09-28 16:50,10283
2019-09-28 16:55,10363
2019-09-28 17:00,10381
2019-09-28 17:05,10425
2019-09-28 17:10,10371
2019-09-28 17:15,10291
2019-09-28 17:20,10325
2019-09-28 17:25,10380
2019-09-28 17:30,10407
2019-09-28 17:35,10482
2019-09-28 17:40,10532
2019-09-28 17:45,10580
2019-09-28 17:50,10585
2019-09-28 17:55,10726
2019-09-28 18:00,10881
2019-09-28 18:05,10998
2019-09-28 18:10,11100
2019-09-28 18:15,11196
2019-09-28 18:20,11302
2019-09-28 18:25,11394
2019-09-28 18:30,11444
2019-09-28 18:35,11484
2019-09-28 18:40,11604
2019-09-28 18:45,11604
2019-09-28 18:50,11666
2019-09-28 18:55,11785
2019-09-28 19:00,11883
2019-09-28 19:05,11948
2019-09-28 19:10,11972
2019-09-28 19:15,12045
2019-09-28 19:20,12132
2019-09-28 19:25,12209
2019-09-28 19:30,12232
2019-09-28 19:35,12210
2019-09-28 19:40,12174
2019-09-28 19:45,12152
2019-09-28 19:50,12227
2019-09-28 19:55,12240
2019-09-28 20:00,12253
2019-09-28 20:05,12258
2019-09-28 20:10,
2019-09-28 20:15,
2019-09-28 20:20,
2019-09-28 20:25,
2019-09-28 20:30,
2019-09-28 20:35,
2019-09-28 20:40,
2019-09-28 20:45,
2019-09-28 20:50,
2019-09-28 20:55,
2019-09-28 21:00,
2019-09-28 21:05,
2019-09-28 21:10,
2019-09-28 21:15,9370
2019-09-28 21:20,9714
2019-09-28 21:25,10001
2019-09-28 21:30,10177
2019-09-28 21:35,10339
2019-09-28 21:40,10556
2019-09-28 21:45,10667
2019-09-28 21:50,10802
2019-09-28 21:55,10881
2019-09-28 22:00,10910
2019-09-28 22:05,10905
2019-09-28 22:10,10929
2019-09-28 22:15,10990
2019-09-28 22:20,10993
2019-09-28 22:25,10951
2019-09-28 22:30,10987
2019-09-28 22:35,10927
2019-09-28 22:40,10918
2019-09-28 22:45,10888
2019-09-28 22:50,10824
2019-09-28 22:55,10691
2019-09-28 23:00,10584
2019-09-28 23:05,10482
2019-09-28 23:10,10434
2019-09-28 23:15,10321
2019-09-28 23:20,10266
2019-09-28 23:25,10195
2019-09-28 23:30,10128
2019-09-28 23:35,10058
2019-09-28 23:40,10018
2019-09-28 23:45,9972
2019-09-28 23:50,9895
2019-09-28 23:55,9809
2019-09-29 00:00,9784
2019-09-29 00:05,9681
2019-09-29 00:10,9646
2019-09-29 00:15,9563
2019-09-29 00:20,9556
2019-09-29 00:25,9540
2019-09-29 00:30,9507
2019-09-29 00:35,9473
2019-09-29 00:40,9466
2019-09-29 00:45,9450
2019-09-29 00:50,9454
2019-09-29 00:55,9375
2019-09-29 01:00,9388
2019-09-29 01:05,9389
2019-09-29 01:10,9372
2019-09-29 01:15,9313
2019-09-29 01:20,9383
2019-09-29 01:25,9361
2019-09-29 01:30,9370
2019-09-29 01:35,9364
2019-09-29 01:40,9375
2019-09-29 01:45,9437
2019-09-29 01:50,9441
2019-09-29 01:55,9482
2019-09-29 02:00,9532
2019-09-29 02:05,9602
2019-09-29 02:10,9554
2019-09-29 02:15,9564
2019-09-29 02:20,9542
2019-09-29 02:25,9535
2019-09-29 02:30,9478
2019-09-29 02:35,9494
2019-09-29 02:40,9461
2019-09-29 02:45,9403
2019-09-29 02:50,9388
2019-09-29 02:55,9356
2019-09-29 03:00,9356
2019-09-29 03:05,9328
2019-09-29 03:10,9298
2019-09-29 03:15,9258
2019-09-29 03:20,9187
2019-09-29 03:25,9170
2019-09-29 03:30,9160
2019-09-29 03:35,9120
2019-09-29 03:40,9077
2019-09-29 03:45,9018
2019-09-29 03:50,8996
2019-09-29 03:55,8917
2019-09-29 04:00,8855
2019-09-29 04:05,8801
2019-09-29 04:10,8773
2019-09-29 04:15,8720
2019-09-29 04:20,8658
2019-09-29 04:25,8590
2019-09-29 04:30,8491
2019-09-29 04:35,8419
2019-09-29 04:40,8371
2019-09-29 04:45,8282
2019-09-29 04:50,8200
2019-09-29 04:55,8074
2019-09-29 05:00,7982
2019-09-29 05:05,7867
2019-09-29 05:10,7769
2019-09-29 05:15,7699
2019-09-29 05:20,7614
2019-09-29 05:25,7488
2019-09-29 05:30,7396
2019-09-29 05:35,7319
2019-09-29 05:40,7214
2019-09-29 05:45,7116
2019-09-29 05:50,6975
2019-09-29 05:55,6902
2019-09-29 06:00,6762
2019-09-29 06:05,6667
2019-09-29 06:10,6572
2019-09-29 06:15,6463
2019-09-29 06:20,6307
2019-09-29 06:25,6180
2019-09-29 06:30,6110
2019-09-29 06:35,5995
2019-09-29 06:40,5962
2019-09-29 06:45,5857
2019-09-29 06:50,5773
2019-09-29 06:55,5681
2019-09-29 07:00,5606
2019-09-29 07:05,5541
2019-09-29 07:10,5470
2019-09-29 07:15,5402
2019-09-29 07:20,5368
2019-09-29 07:25,5348
2019-09-29 07:30,5316
2019-09-29 07:35,5237
2019-09-29 07:40,5169
2019-09-29 07:45,5138
2019-09-29 07:50,5133
2019-09-29 07:55,5124
2019-09-29 08:00,5057
2019-09-29 08:05,5022
2019-09-29 08:10,5018
2019-09-29 08:15,5033
2019-09-29 08:20,5016
2019-09-29 08:25,5032
2019-09-29 08:30,5055
2019-09-29 08:35,5028
2019-09-29 08:40,5039
2019-09-29 08:45,5059
2019-09-29 08:50,5079
2019-09-29 08:55,5085
2019-09-29 09:00,5113
2019-09-29 09:05,5183
2019-09-29 09:10,5208
2019-09-29 09:15,5290
2019-09-29 09:20,5343
2019-09-29 09:25,5400
2019-09-29 09:30,5453
2019-09-29 09:35,5509
2019-09-29 09:40,5564
2019-09-29 09:45,5633
2019-09-29 09:50,5701
2019-09-29 09:55,5743
2019-09-29 10:00,5801
2019-09-29 10:05,5818
2019-09-29 10:10,5875
2019-09-29 10:15,5928
2019-09-29 10:20,5929
2019-09-29 10:25,5978
2019-09-29 10:30,6033
2019-09-29 10:35,6104
2019-09-29 10:40,6139
2019-09-29 10:45,6231
2019-09-29 10:50,6254
2019-09-29 10:55,6304
2019-09-29 11:00,6412
2019-09-29 11:05,6508
2019-09-29 11:10,6500
2019-09-29 11:15,6572
2019-09-29 11:20,6606
2019-09-29 11:25,6699
2019-09-29 11:30,6771
2019-09-29 11:35,6818
2019-09-29 11:40,6846
2019-09-29 11:45,6906
2019-09-29 11:50,6974
2019-09-29 11:55,7040
2019-09-29 12:00,7113
2019-09-29 12:05,7183
2019-09-29 12:10,7222
2019-09-29 12:15,7261
2019-09-29 12:20,7296
2019-09-29 12:25,7369
2019-09-29 12:30,7388
2019-09-29 12:35,7451
2019-09-29 12:40,7540
2019-09-29 12:45,7663
2019-09-29 12:50,7711
2019-09-29 12:55,7844
2019-09-29 13:00,7900
2019-09-29 13:05,8004
2019-09-29 13:10,8101
2019-09-29 13:15,8164
2019-09-29 13:20,8278
2019-09-29 13:25,8332
2019-09-29 13:30,8430
2019-09-29 13:35,8468
2019-09-29 13:40,8565
2019-09-29 13:45,8646
2019-09-29 13:50,8716
2019-09-29 13:55,8776
2019-09-29 14:00,8846
2019-09-29 14:05,8965
2019-09-29 14:10,9023
2019-09-29 14:15,9041
2019-09-29 14:20,9139
2019-09-29 14:25,9187
2019-09-29 14:30,9279
2019-09-29 14:35,9399
2019-09-29 14:40,9502
2019-09-29 14:45,9535
2019-09-29 14:50,9588
2019-09-29 14:55,9666
2019-09-29 15:00,9791
2019-09-29 15:05,9865
2019-09-29 15:10,9916
2019-09-29 15:15,10035
2019-09-29 15:20,10051
2019-09-29 15:25,10189
2019-09-29 15:30,10283
2019-09-29 15:35,10394
2019-09-29 15:40,10505
2019-09-29 15:45,10568
2019-09-29 15:50,10580
2019-09-29 15:55,10654
2019-09-29 16:00,10723
2019-09-29 16:05,10777
2019-09-29 16:10,10801
2019-09-29 16:15,10897
2019-09-29 16:20,10983
2019-09-29 16:25,10972
2019-09-29 16:30,11106
2019-09-29 16:35,11194
2019-09-29 16:40,11301
2019-09-29 16:45,11326
2019-09-29 16:50,11358
2019-09-29 16:55,11475
2019-09-29 17:00,11541
2019-09-29 17:05,11611
2019-09-29 17:10,11660
2019-09-29 17:15,
2019-09-29 17:20,11852
2019-09-29 17:25,11913
2019-09-29 17:30,11842
2019-09-29 17:35,11943
2019-09-29 17:40,12016
2019-09-29 17:45,12118
2019-09-29 17:50,12199
2019-09-29 17:55,12282
2019-09-29 18:00,12335
2019-09-29 18:05,12359
2019-09-29 18:10,12381
2019-09-29 18:15,12539
2019-09-29 18:20,12600
2019-09-29 18:25,12660
2019-09-29 18:30,12773
2019-09-29 18:35,12836
2019-09-29 18:40,12889
2019-09-29 18:45,12892
2019-09-29 18:50,12956
2019-09-29 18:55,12992
2019-09-29 19:00,13034
2019-09-29 19:05,13035
2019-09-29 19:10,13034
2019-09-29 19:15,13107
2019-09-29 19:20,13126
2019-09-29 19:25,13081
2019-09-29 19:30,13172
2019-09-29 19:35,13166
2019-09-29 19:40,13204
2019-09-29 19:45,13249
2019-09-29 19:50,13195
2019-09-29 19:55,13188
2019-09-29 20:00,13143
2019-09-29 20:05,13125
2019-09-29 20:10,13113
2019-09-29 20:15,13135
2019-09-29 20:20,13124
2019-09-29 20:25,13055
2019-09-29 20:30,12975
2019-09-29 20:35,12916
2019-09-29 20:40,12843
2019-09-29 20:45,12671
2019-09-29 20:50,12575
2019-09-29 20:55,12437
2019-09-29 21:00,12358
2019-09-29 21:05,12214
2019-09-29 21:10,12168
2019-09-29 21:15,12082
2019-09-29 21:20,12007
2019-09-29 21:25,11939
2019-09-29 21:30,11777
2019-09-29 21:35,11642
2019-09-29 21:40,11557
2019-09-29 21:45,11485
2019-09-29 21:50,11374
2019-09-29 21:55,11205
2019-09-29 22:00,11082
2019-09-29 22:05,10949
2019-09-29 22:10,10851
2019-09-29 22:15,10858
2019-09-29 22:20,10788
2019-09-29 22:25,10672
2019-09-29 22:30,10637
2019-09-29 22:35,10527
2019-09-29 22:40,10482
2019-09-29 22:45,10334
2019-09-29 22:50,10290
2019-09-29 22:55,10257
2019-09-29 23:00,10258
2019-09-29 23:05,10162
2019-09-29 23:10,10132
2019-09-29 23:15,10111
2019-09-29 23:20,10045
2019-09-29 23:25,9991
2019-09-29 23:30,9965
2019-09-29 23:35,9917
2019-09-29 23:40,9864
2019-09-29 23:45,9868
2019-09-29 23:50,9861
2019-09-29 23:55,9860
2019-09-30 00:00,9838
2019-09-30 00:05,9808
2019-09-30 00:10,9820
2019-09-30 00:15,9797
2019-09-30 00:20,9782
2019-09-30 00:25,9839
2019-09-30 00:30,9829
2019-09-30 00:35,9825
2019-09-30 00:40,9824
2019-09-30 00:45,9822
2019-09-30 00:50,9746
2019-09-30 00:55,9716
2019-09-30 01:00,9635
2019-09-30 01:05,9593
2019-09-30 01:10,9633
2019-09-30 01:15,9623
2019-09-30 01:20,9661
2019-09-30 01:25,9699
2019-09-30 01:30,9709
2019-09-30 01:35,9673
2019-09-30 01:40,9627
2019-09-30 01:45,9616
2019-09-30 01:50,9583
2019-09-30 01:55,9527
2019-09-30 02:00,9441
2019-09-30 02:05,9415
2019-09-30 02:10,9339
2019-09-30 02:15,9321
2019-09-30 02:20,9256
2019-09-30 02:25,9171
2019-09-30 02:30,9096
2019-09-30 02:35,9002
2019-09-30 02:40,8983
2019-09-30 02:45,8940
2019-09-30 02:50,8893
2019-09-30 02:55,8771
2019-09-30 03:00,8713
2019-09-30 03:05,8527
2019-09-30 03:10,8072
2019-09-30 03:15,7895
2019-09-30 03:20,7596
2019-09-30 03:25,7603
2019-09-30 03:30,7548
2019-09-30 03:35,7449
2019-09-30 03:40,7357
2019-09-30 03:45,7273
2019-09-30 03:50,7241
2019-09-30 03:55,7205
2019-09-30 04:00,7135
2019-09-30 04:05,7060
2019-09-30 04:10,6997
2019-09-30 04:15,6899
2019-09-30 04:20,6846
2019-09-30 04:25,6725
2019-09-30 04:30,6649
2019-09-30 04:35,6580
2019-09-30 04:40,6450
2019-09-30 04:45,6385
2019-09-30 04:50,6339
2019-09-30 04:55,6188
2019-09-30 05:00,6039
2019-09-30 05:05,5948
2019-09-30 05:10,5821
2019-09-30 05:15,5705
2019-09-30 05:20,5675
2019-09-30 05:25,5548
2019-09-30 05:30,5472
2019-09-30 05:35,5374
2019-09-30 05:40,5278
2019-09-30 05:45,5162
2019-09-30 05:50,5050
2019-09-30 05:55,4929
2019-09-30 06:00,4848
2019-09-30 06:05,4730
2019-09-30 06:10,4633
2019-09-30 06:15,4530
2019-09-30 06:20,4466
2019-09-30 06:25,4386
2019-09-30 06:30,4273
2019-09-30 06:35,4148
2019-09-30 06:40,4046
2019-09-30 06:45,4003
2019-09-30 06:50,3872
2019-09-30 06:55,3770
2019-09-30 07:00,3708
2019-09-30 07:05,3626
2019-09-30 07:10,3556
2019-09-30 07:15,3487
2019-09-30 07:20,3368
2019-09-30 07:25,3316
2019-09-30 07:30,3198
2019-09-30 07:35,2577
2019-09-30 07:40,2105
2019-09-30 07:45,1653
2019-09-30 07:50,1355
2019-09-30 07:55,1156
2019-09-30 08:00,1069
2019-09-30 08:05,971
2019-09-30 08:10,926
2019-09-30 08:15,923
2019-09-30 08:20,1007
2019-09-30 08:25,1192
2019-09-30 08:30,1427
2019-09-30 08:35,1596
2019-09-30 08:40,1780
2019-09-30 08:45,1941
2019-09-30 08:50,2104
2019-09-30 08:55,2256
2019-09-30 09:00,2414
2019-09-30 09:05,2575
2019-09-30 09:10,2684
2019-09-30 09:15,2797
2019-09-30 09:20,2917
2019-09-30 09:25,3041
2019-09-30 09:30,3097
2019-09-30 09:35,3198
2019-09-30 09:40,3234
2019-09-30 09:45,3281
2019-09-30 09:50,3358
2019-09-30 09:55,3408
2019-09-30 10:00,3443
2019-09-30 10:05,3470
2019-09-30 10:10,3481
2019-09-30 10:15,3568
2019-09-30 10:20,3644
2019-09-30 10:25,3666
2019-09-30 10:30,3728
2019-09-30 10:35,3755
2019-09-30 10:40,3793
2019-09-30 10:45,3822
2019-09-30 10:50,3883
2019-09-30 10:55,3901
2019-09-30 11:00,3905
2019-09-30 11:05,3924
2019-09-30 11:10,4002
2019-09-30 11:15,4038
2019-09-30 11:20,4081
2019-09-30 11:25,4103
2019-09-30 11:30,4137
2019-09-30 11:35,4175
2019-09-30 11:40,4218
2019-09-30 11:45,4269
2019-09-30 11:50,4280
2019-09-30 11:55,4329
2019-09-30 12:00,4381
2019-09-30 12:05,4406
2019-09-30 12:10,4441
2019-09-30 12:15,4501
2019-09-30 12:20,4613
2019-09-30 12:25,4691
2019-09-30 12:30,4769
2019-09-30 12:35,4829
2019-09-30 12:40,4893
2019-09-30 12:45,4986
2019-09-30 12:50,5027
2019-09-30 12:55,5158
2019-09-30 13:00,5217
2019-09-30 13:05,5318
2019-09-30 13:10,5426
2019-09-30 13:15,5465
2019-09-30 13:20,5533
2019-09-30 13:25,5616
2019-09-30 13:30,5669
2019-09-30 13:35,5732
2019-09-30 13:40,5846
2019-09-30 13:45,5901
2019-09-30 13:50,5959
2019-09-30 13:55,6017
2019-09-30 14:00,6094
2019-09-30 14:05,6178
2019-09-30 14:10,6298
2019-09-30 14:15,6361
2019-09-30 14:20,6497
2019-09-30 14:25,6551
2019-09-30 14:30,6621
2019-09-30 14:35,6662
2019-09-30 14:40,6733
2019-09-30 14:45,6788
2019-09-30 14:50,6838
2019-09-30 14:55,6968
2019-09-30 15:00,7032
2019-09-30 15:05,7045
2019-09-30 15:10,7112
2019-09-30 15:15,7153
2019-09-30 15:20,7216
2019-09-30 15:25,7335
2019-09-30 15:30,7395
2019-09-30 15:35,7426
2019-09-30 15:40,7526
2019-09-30 15:45,7590
2019-09-30 15:50,7725
2019-09-30 15:55,7725
2019-09-30 16:00,7866
2019-09-30 16:05,7970
2019-09-30 16:10,8016
2019-09-30 16:15,8136
2019-09-30 16:20,8246
2019-09-30 16:25,8273
2019-09-30 16:30,8338
2019-09-30 16:35,8442
2019-09-30 16:40,8442
2019-09-30 16:45,8727
2019-09-30 16:50,8822
2019-09-30 16:55,8934
2019-09-30 17:00,9019
2019-09-30 17:05,9142
2019-09-30 17:10,9142
2019-09-30 17:15,9203
2019-09-30 17:20,9340
2019-09-30 17:25,9503
2019-09-30 17:30,9663
2019-09-30 17:35,9663
2019-09-30 17:40,9884
2019-09-30 17:45,9995
2019-09-30 17:50,10111
2019-09-30 17:55,10135
2019-09-30 18:00,10199
2019-09-30 18:05,10199
2019-09-30 18:10,10254
2019-09-30 18:15,10350
2019-09-30 18:20,10442
2019-09-30 18:25,10502
2019-09-30 18:30,10595
2019-09-30 18:35,10595
2019-09-30 18:40,10655
2019-09-30 18:45,10823
2019-09-30 18:50,10823
2019-09-30 18:55,10827
2019-09-30 19:00,10955
2019-09-30 19:05,10955
2019-09-30 19:10,10985
2019-09-30 19:15,10972
2019-09-30 19:20,10956
2019-09-30 19:25,10982
2019-09-30 19:30,10948
2019-09-30 19:35,10948
2019-09-30 19:40,11073
2019-09-30 19:45,11073
2019-09-30 19:50,11077
2019-09-30 19:55,11028
2019-09-30 20:00,10988
2019-09-30 20:05,10940
2019-09-30 20:10,10900
2019-09-30 20:15,10900
2019-09-30 20:20,10852
2019-09-30 20:25,10858
2019-09-30 20:30,10769
2019-09-30 20:35,10738
2019-09-30 20:40,10698
2019-09-30 20:45,10526
2019-09-30 20:50,10526
2019-09-30 20:55,10402
2019-09-30 21:00,10342
2019-09-30 21:05,10342
2019-09-30 21:10,10271
2019-09-30 21:15,10197
2019-09-30 21:20,10101
2019-09-30 21:25,9947
2019-09-30 21:30,9872
2019-09-30 21:35,9872
2019-09-30 21:40,9853
2019-09-30 21:45,9744
2019-09-30 21:50,9598
2019-09-30 21:55,9500
2019-09-30 22:00,9484
2019-09-30 22:05,9484
2019-09-30 22:10,9370
2019-09-30 22:15,9262
2019-09-30 22:20,9273
2019-09-30 22:25,9225
2019-09-30 22:30,9177
2019-09-30 22:35,9134
2019-09-30 22:40,9100
2019-09-30 22:45,9083
2019-09-30 22:50,9034
2019-09-30 22:55,9056
2019-09-30 23:00,9042
2019-09-30 23:05,9002
2019-09-30 23:10,8959
2019-09-30 23:15,8978
2019-09-30 23:20,0
2019-09-30 23:25,0
2019-09-30 23:30,8270
2019-09-30 23:35,8826
2019-09-30 23:40,8871
2019-09-30 23:45,8946
2019-09-30 23:50,9008
2019-09-30 23:55,
2019-10-01 00:00,
2019-10-01 00:05,0
2019-10-01 00:10,8167
2019-10-01 00:15,8627
2019-10-01 00:20,8781
2019-10-01 00:25,8849
2019-10-01 00:30,8903
2019-10-01 00:35,8945
2019-10-01 00:40,9001
2019-10-01 00:45,9068
2019-10-01 00:50,9070
2019-10-01 00:55,9070
2019-10-01 01:00,
2019-10-01 01:05,
2019-10-01 01:10,
2019-10-01 01:15,
2019-10-01 01:20,
2019-10-01 01:25,8862
2019-10-01 01:30,8959
2019-10-01 01:35,9023
2019-10-01 01:40,9108
2019-10-01 01:45,9132
2019-10-01 01:50,9191
2019-10-01 01:55,9243
2019-10-01 02:00,9286
2019-10-01 02:05,9281
2019-10-01 02:10,9319
2019-10-01 02:15,9306
2019-10-01 02:20,9320
2019-10-01 02:25,9271
2019-10-01 02:30,9247
2019-10-01 02:35,9220
2019-10-01 02:40,9169
2019-10-01 02:45,9165
2019-10-01 02:50,9061
2019-10-01 02:55,8938
2019-10-01 03:00,8896
2019-10-01 03:05,8789
2019-10-01 03:10,8702
2019-10-01 03:15,8628
2019-10-01 03:20,8519
2019-10-01 03:25,8412
2019-10-01 03:30,8250
2019-10-01 03:35,8137
2019-10-01 03:40,7970
2019-10-01 03:45,7889
2019-10-01 03:50,7838
2019-10-01 03:55,7697
2019-10-01 04:00,7562
2019-10-01 04:05,7453
2019-10-01 04:10,7353
2019-10-01 04:15,7207
2019-10-01 04:20,7099
2019-10-01 04:25,6941
2019-10-01 04:30,6794
2019-10-01 04:35,6594
2019-10-01 04:40,6458
2019-10-01 04:45,6261
2019-10-01 04:50,6133
2019-10-01 04:55,6034
2019-10-01 05:00,5888
2019-10-01 05:05,5677
2019-10-01 05:10,5490
2019-10-01 05:15,5384
2019-10-01 05:20,5198
2019-10-01 05:25,5015
2019-10-01 05:30,4875
2019-10-01 05:35,3954
2019-10-01 05:40,3159
2019-10-01 05:45,2524
2019-10-01 05:50,1870
2019-10-01 05:55,1468
2019-10-01 06:00,1223
2019-10-01 06:05,1042
2019-10-01 06:10,1034
2019-10-01 06:15,1011
2019-10-01 06:20,1046
2019-10-01 06:25,1194
2019-10-01 06:30,1470
2019-10-01 06:35,1702
2019-10-01 06:40,1790
2019-10-01 06:45,2063
2019-10-01 06:50,2218
2019-10-01 06:55,2339
2019-10-01 07:00,2491
2019-10-01 07:05,2557
2019-10-01 07:10,2674
2019-10-01 07:15,2736
2019-10-01 07:20,2790
2019-10-01 07:25,2881
2019-10-01 07:30,2934
2019-10-01 07:35,2975
2019-10-01 07:40,3024
2019-10-01 07:45,3057
2019-10-01 07:50,3107
2019-10-01 07:55,3141
2019-10-01 08:00,3198
2019-10-01 08:05,3218
2019-10-01 08:10,3256
2019-10-01 08:15,3232
2019-10-01 08:20,3246
2019-10-01 08:25,3275
2019-10-01 08:30,3283
2019-10-01 08:35,3311
2019-10-01 08:40,3366
2019-10-01 08:45,3387
2019-10-01 08:50,3390
2019-10-01 08:55,3388
2019-10-01 09:00,3413
2019-10-01 09:05,3469
2019-10-01 09:10,3506
2019-10-01 09:15,3511
2019-10-01 09:20,3520
2019-10-01 09:25,3512
2019-10-01 09:30,3501
2019-10-01 09:35,3490
2019-10-01 09:40,3448
2019-10-01 09:45,3460
2019-10-01 09:50,
2019-10-01 09:55,
2019-10-01 10:00,
2019-10-01 10:05,
2019-10-01 10:10,
2019-10-01 10:15,3557
2019-10-01 10:20,3597
2019-10-01 10:25,3634
2019-10-01 10:30,3684
2019-10-01 10:35,3699
2019-10-01 10:40,3731
2019-10-01 10:45,3739
2019-10-01 10:50,3744
2019-10-01 10:55,3792
2019-10-01 11:00,3794
2019-10-01 11:05,3761
2019-10-01 11:10,3759
2019-10-01 11:15,3737
2019-10-01 11:20,3763
2019-10-01 11:25,3788
2019-10-01 11:30,3810
2019-10-01 11:35,3814
2019-10-01 11:40,3877
2019-10-01 11:45,3954
2019-10-01 11:50,4022
2019-10-01 11:55,4072
2019-10-01 12:00,4091
2019-10-01 12:05,4135
2019-10-01 12:10,4173
2019-10-01 12:15,4272
2019-10-01 12:20,4294
2019-10-01 12:25,4397
2019-10-01 12:30,4442
2019-10-01 12:35,4534
2019-10-01 12:40,4603
2019-10-01 12:45,4652
2019-10-01 12:50,4731
2019-10-01 12:55,4814
2019-10-01 13:00,4888
2019-10-01 13:05,4945
2019-10-01 13:10,5040
2019-10-01 13:15,5169
2019-10-01 13:20,5245
2019-10-01 13:25,5299
2019-10-01 13:30,5361
2019-10-01 13:35,5449
2019-10-01 13:40,5575
2019-10-01 13:45,5683
2019-10-01 13:50,5754
2019-10-01 13:55,5872
2019-10-01 14:00,5948
2019-10-01 14:05,6020
2019-10-01 14:10,6069
2019-10-01 14:15,6152
2019-10-01 14:20,6192
2019-10-01 14:25,6317
2019-10-01 14:30,6410
2019-10-01 14:35,6509
2019-10-01 14:40,6574
2019-10-01 14:45,6628
2019-10-01 14:50,6747
2019-10-01 14:55,6798
2019-10-01 15:00,6811
2019-10-01 15:05,6875
2019-10-01 15:10,6971
2019-10-01 15:15,7073
2019-10-01 15:20,7137
2019-10-01 15:25,7193
2019-10-01 15:30,7316
2019-10-01 15:35,7444
2019-10-01 15:40,5456
2019-10-01 15:45,7346
2019-10-01 15:50,7623
2019-10-01 15:55,7657
2019-10-01 16:00,7728
2019-10-01 16:05,7836
2019-10-01 16:10,7961
2019-10-01 16:15,7994
2019-10-01 16:20,8051
2019-10-01 16:25,8148
2019-10-01 16:30,8265
2019-10-01 16:35,8369
2019-10-01 16:40,8404
2019-10-01 16:45,8405
2019-10-01 16:50,8497
2019-10-01 16:55,8540
2019-10-01 17:00,8560
2019-10-01 17:05,8597
2019-10-01 17:10,8716
2019-10-01 17:15,8773
2019-10-01 17:20,8833
2019-10-01 17:25,8938
2019-10-01 17:30,9038
2019-10-01 17:35,9111
2019-10-01 17:40,9273
2019-10-01 17:45,9380
2019-10-01 17:50,9517
2019-10-01 17:55,9505
2019-10-01 18:00,9583
2019-10-01 18:05,9633
2019-10-01 18:10,9645
2019-10-01 18:15,9655
2019-10-01 18:20,9727
2019-10-01 18:25,9752
2019-10-01 18:30,9822
2019-10-01 18:35,9886
2019-10-01 18:40,9827
2019-10-01 18:45,9805
2019-10-01 18:50,9793
2019-10-01 18:55,9828
2019-10-01 19:00,9847
2019-10-01 19:05,9894
2019-10-01 19:10,9974
2019-10-01 19:15,9983
2019-10-01 19:20,10036
2019-10-01 19:25,10078
2019-10-01 19:30,10144
2019-10-01 19:35,10119
2019-10-01 19:40,10130
2019-10-01 19:45,10105
2019-10-01 19:50,10090
2019-10-01 19:55,10025
2019-10-01 20:00,9974
2019-10-01 20:05,9991
2019-10-01 20:10,10029
2019-10-01 20:15,10028
2019-10-01 20:20,9994
2019-10-01 20:25,9893
2019-10-01 20:30,9886
2019-10-01 20:35,9802
2019-10-01 20:40,9791
2019-10-01 20:45,9712
2019-10-01 20:50,9700
2019-10-01 20:55,9643
2019-10-01 21:00,9629
2019-10-01 21:05,9572
2019-10-01 21:10,9451
2019-10-01 21:15,9361
2019-10-01 21:20,9382
2019-10-01 21:25,9320
2019-10-01 21:30,9293
2019-10-01 21:35,9222
2019-10-01 21:40,9207
2019-10-01 21:45,9102
2019-10-01 21:50,9041
2019-10-01 21:55,8991
2019-10-01 22:00,0
2019-10-01 22:05,8895
2019-10-01 22:10,8851
2019-10-01 22:15,8844
2019-10-01 22:20,8798
2019-10-01 22:25,8723
2019-10-01 22:30,8697
2019-10-01 22:35,8660
2019-10-01 22:40,8673
2019-10-01 22:45,8643
2019-10-01 22:50,8565
2019-10-01 22:55,8587
2019-10-01 23:00,8549
2019-10-01 23:05,8548
2019-10-01 23:10,8529
2019-10-01 23:15,8531
2019-10-01 23:20,8515
2019-10-01 23:25,8512
2019-10-01 23:30,8476
2019-10-01 23:35,8446
2019-10-01 23:40,8466
2019-10-01 23:45,8443
2019-10-01 23:50,8442
2019-10-01 23:55,8398
2019-10-02 00:00,8430
2019-10-02 00:05,8464
2019-10-02 00:10,8536
2019-10-02 00:15,8518
2019-10-02 00:20,8561
2019-10-02 00:25,8573
2019-10-02 00:30,8579
2019-10-02 00:35,8589
2019-10-02 00:40,8630
2019-10-02 00:45,8663
2019-10-02 00:50,8672
2019-10-02 00:55,8740
2019-10-02 01:00,8748
2019-10-02 01:05,8782
2019-10-02 01:10,8770
2019-10-02 01:15,8785
2019-10-02 01:20,8816
2019-10-02 01:25,8761
2019-10-02 01:30,8757
2019-10-02 01:35,8689
2019-10-02 01:40,8669
2019-10-02 01:45,8730
2019-10-02 01:50,8743
2019-10-02 01:55,8680
2019-10-02 02:00,8657
2019-10-02 02:05,8634
2019-10-02 02:10,8590
2019-10-02 02:15,8585
2019-10-02 02:20,8552
2019-10-02 02:25,8515
2019-10-02 02:30,8444
2019-10-02 02:35,8335
2019-10-02 02:40,8324
2019-10-02 02:45,8280
2019-10-02 02:50,8260
2019-10-02 02:55,8151
2019-10-02 03:00,8081
2019-10-02 03:05,7961
2019-10-02 03:10,7929
2019-10-02 03:15,7883
2019-10-02 03:20,7803
2019-10-02 03:25,7697
2019-10-02 03:30,7645
2019-10-02 03:35,7540
2019-10-02 03:40,7449
2019-10-02 03:45,7353
2019-10-02 03:50,7285
2019-10-02 03:55,7160
2019-10-02 04:00,7025
2019-10-02 04:05,6885
2019-10-02 04:10,6805
2019-10-02 04:15,6683
2019-10-02 04:20,6621
2019-10-02 04:25,6503
2019-10-02 04:30,6404
2019-10-02 04:35,6312
2019-10-02 04:40,6288
2019-10-02 04:45,6159
2019-10-02 04:50,6010
2019-10-02 04:55,5899
2019-10-02 05:00,5751
2019-10-02 05:05,5615
2019-10-02 05:10,5486
2019-10-02 05:15,5404
2019-10-02 05:20,5356
2019-10-02 05:25,5248
2019-10-02 05:30,5205
2019-10-02 05:35,5137
2019-10-02 05:40,5074
2019-10-02 05:45,5007
2019-10-02 05:50,4921
2019-10-02 05:55,4867
2019-10-02 06:00,4789
2019-10-02 06:05,4686
2019-10-02 06:10,4586
2019-10-02 06:15,4544
2019-10-02 06:20,4420
2019-10-02 06:25,4353
2019-10-02 06:30,4295
2019-10-02 06:35,4196
2019-10-02 06:40,4120
2019-10-02 06:45,4004
2019-10-02 06:50,3933
2019-10-02 06:55,3830
2019-10-02 07:00,3771
2019-10-02 07:05,3678
2019-10-02 07:10,3612
2019-10-02 07:15,3586
2019-10-02 07:20,3563
2019-10-02 07:25,3550
2019-10-02 07:30,3480
2019-10-02 07:35,3466
2019-10-02 07:40,3445
2019-10-02 07:45,3392
2019-10-02 07:50,3374
2019-10-02 07:55,3356
2019-10-02 08:00,3342
2019-10-02 08:05,3344
2019-10-02 08:10,3331
2019-10-02 08:15,3332
2019-10-02 08:20,3326
2019-10-02 08:25,3340
2019-10-02 08:30,3344
2019-10-02 08:35,3372
2019-10-02 08:40,3398
2019-10-02 08:45,3413
2019-10-02 08:50,3436
2019-10-02 08:55,3445
2019-10-02 09:00,3480
2019-10-02 09:05,3484
2019-10-02 09:10,3490
2019-10-02 09:15,3489
2019-10-02 09:20,3481
2019-10-02 09:25,3515
2019-10-02 09:30,3518
2019-10-02 09:35,3504
2019-10-02 09:40,3527
2019-10-02 09:45,3510
2019-10-02 09:50,3531
2019-10-02 09:55,3531
2019-10-02 10:00,3508
2019-10-02 10:05,3556
2019-10-02 10:10,3588
2019-10-02 10:15,3621
2019-10-02 10:20,3608
2019-10-02 10:25,3656
2019-10-02 10:30,3672
2019-10-02 10:35,3669
2019-10-02 10:40,3729
2019-10-02 10:45,3765
2019-10-02 10:50,3762
2019-10-02 10:55,3777
2019-10-02 11:00,3780
2019-10-02 11:05,3848
2019-10-02 11:10,3841
2019-10-02 11:15,3857
2019-10-02 11:20,3883
2019-10-02 11:25,3920
2019-10-02 11:30,3938
2019-10-02 11:35,3981
2019-10-02 11:40,4039
2019-10-02 11:45,4131
2019-10-02 11:50,4175
2019-10-02 11:55,4225
2019-10-02 12:00,4246
2019-10-02 12:05,4249
2019-10-02 12:10,4272
2019-10-02 12:15,4298
2019-10-02 12:20,4346
2019-10-02 12:25,
2019-10-02 12:30,
2019-10-02 12:35,4502
2019-10-02 12:40,4558
2019-10-02 12:45,4602
2019-10-02 12:50,4683
2019-10-02 12:55,4714
2019-10-02 13:00,4804
2019-10-02 13:05,4911
2019-10-02 13:10,4955
2019-10-02 13:15,5002
2019-10-02 13:20,5090
2019-10-02 13:25,5181
2019-10-02 13:30,5273
2019-10-02 13:35,5352
2019-10-02 13:40,5432
2019-10-02 13:45,5527
2019-10-02 13:50,5607
2019-10-02 13:55,5674
2019-10-02 14:00,5772
2019-10-02 14:05,5904
2019-10-02 14:10,5993
2019-10-02 14:15,6071
2019-10-02 14:20,6139
2019-10-02 14:25,6248
2019-10-02 14:30,6273
2019-10-02 14:35,6344
2019-10-02 14:40,6443
2019-10-02 14:45,6455
2019-10-02 14:50,6499
2019-10-02 14:55,6521
2019-10-02 15:00,6580
2019-10-02 15:05,6670
2019-10-02 15:10,6732
2019-10-02 15:15,6806
2019-10-02 15:20,6913
2019-10-02 15:25,6921
2019-10-02 15:30,6978
2019-10-02 15:35,7073
2019-10-02 15:40,7093
2019-10-02 15:45,7161
2019-10-02 15:50,7191
2019-10-02 15:55,7274
2019-10-02 16:00,7302
2019-10-02 16:05,7395
2019-10-02 16:10,7459
2019-10-02 16:15,7522
2019-10-02 16:20,7546
2019-10-02 16:25,7672
2019-10-02 16:30,7737
2019-10-02 16:35,7790
2019-10-02 16:40,7892
2019-10-02 16:45,8000
2019-10-02 16:50,8074
2019-10-02 16:55,8183
2019-10-02 17:00,8231
2019-10-02 17:05,8314
2019-10-02 17:10,8415
2019-10-02 17:15,8506
2019-10-02 17:20,8547
2019-10-02 17:25,8636
2019-10-02 17:30,
2019-10-02 17:35,8822
2019-10-02 17:40,8939
2019-10-02 17:45,
2019-10-02 17:50,8979
2019-10-02 17:55,9045
2019-10-02 18:00,9098
2019-10-02 18:05,9195
2019-10-02 18:10,9291
2019-10-02 18:15,9337
2019-10-02 18:20,9393
2019-10-02 18:25,9413
2019-10-02 18:30,9481
2019-10-02 18:35,9559
2019-10-02 18:40,9595
2019-10-02 18:45,9610
2019-10-02 18:50,9661
2019-10-02 18:55,9696
2019-10-02 19:00,9689
2019-10-02 19:05,9664
2019-10-02 19:10,9739
2019-10-02 19:15,9712
2019-10-02 19:20,9650
2019-10-02 19:25,9678
2019-10-02 19:30,9723
2019-10-02 19:35,9685
2019-10-02 19:40,9682
2019-10-02 19:45,9777
2019-10-02 19:50,9823
2019-10-02 19:55,9830
2019-10-02 20:00,9813
2019-10-02 20:05,9736
2019-10-02 20:10,9797
2019-10-02 20:15,9791
2019-10-02 20:20,9801
2019-10-02 20:25,9754
2019-10-02 20:30,9765
2019-10-02 20:35,9811
2019-10-02 20:40,9807
2019-10-02 20:45,9809
2019-10-02 20:50,9806
2019-10-02 20:55,9796
2019-10-02 21:00,9757
2019-10-02 21:05,9776
2019-10-02 21:10,0
2019-10-02 21:15,9685
2019-10-02 21:20,9643
2019-10-02 21:25,9601
2019-10-02 21:30,9533
2019-10-02 21:35,9465
2019-10-02 21:40,9419
2019-10-02 21:45,9376
2019-10-02 21:50,9342
2019-10-02 21:55,9284
2019-10-02 22:00,9194
2019-10-02 22:05,9111
2019-10-02 22:10,9030
2019-10-02 22:15,8977
2019-10-02 22:20,8973
2019-10-02 22:25,8950
2019-10-02 22:30,8835
2019-10-02 22:35,8777
2019-10-02 22:40,8762
2019-10-02 22:45,8694
2019-10-02 22:50,8672
2019-10-02 22:55,8565
2019-10-02 23:00,8491
2019-10-02 23:05,8509
2019-10-02 23:10,8462
2019-10-02 23:15,8451
2019-10-02 23:20,8468
2019-10-02 23:25,8472
2019-10-02 23:30,8496
2019-10-02 23:35,8478
2019-10-02 23:40,8517
2019-10-02 23:45,8544
2019-10-02 23:50,8540
2019-10-02 23:55,8557
2019-10-03 00:00,8564
2019-10-03 00:05,8557
2019-10-03 00:10,8564
2019-10-03 00:15,8541
2019-10-03 00:20,8487
2019-10-03 00:25,8515
2019-10-03 00:30,8551
2019-10-03 00:35,8609
2019-10-03 00:40,8642
2019-10-03 00:45,8660
2019-10-03 00:50,8664
2019-10-03 00:55,8684
2019-10-03 01:00,8665
2019-10-03 01:05,8712
2019-10-03 01:10,8735
2019-10-03 01:15,8755
2019-10-03 01:20,8801
2019-10-03 01:25,8814
2019-10-03 01:30,8840
2019-10-03 01:35,8842
2019-10-03 01:40,8813
2019-10-03 01:45,8840
2019-10-03 01:50,8777
2019-10-03 01:55,8782
2019-10-03 02:00,8782
2019-10-03 02:05,8762
2019-10-03 02:10,8719
2019-10-03 02:15,8667
2019-10-03 02:20,8650
2019-10-03 02:25,8645
2019-10-03 02:30,8666
2019-10-03 02:35,8669
2019-10-03 02:40,8614
2019-10-03 02:45,8502
2019-10-03 02:50,8451
2019-10-03 02:55,8395
2019-10-03 03:00,8381
2019-10-03 03:05,8246
2019-10-03 03:10,8190
2019-10-03 03:15,8088
2019-10-03 03:20,7972
2019-10-03 03:25,7895
2019-10-03 03:30,7799
2019-10-03 03:35,7698
2019-10-03 03:40,7623
2019-10-03 03:45,7473
2019-10-03 03:50,7440
2019-10-03 03:55,7380
2019-10-03 04:00,7326
2019-10-03 04:05,7245
2019-10-03 04:10,7182
2019-10-03 04:15,7026
2019-10-03 04:20,6923
2019-10-03 04:25,6821
2019-10-03 04:30,6740
2019-10-03 04:35,6638
2019-10-03 04:40,6508
2019-10-03 04:45,6396
2019-10-03 04:50,6278
2019-10-03 04:55,6149
2019-10-03 05:00,6071
2019-10-03 05:05,5942
2019-10-03 05:10,5808
2019-10-03 05:15,5664
2019-10-03 05:20,5522
2019-10-03 05:25,5450
2019-10-03 05:30,5347
2019-10-03 05:35,5318
2019-10-03 05:40,5197
2019-10-03 05:45,5118
2019-10-03 05:50,5031
2019-10-03 05:55,4970
2019-10-03 06:00,4847
2019-10-03 06:05,4733
2019-10-03 06:10,4619
2019-10-03 06:15,4584
2019-10-03 06:20,4513
2019-10-03 06:25,4407
2019-10-03 06:30,4318
2019-10-03 06:35,4274
2019-10-03 06:40,4182
2019-10-03 06:45,4082
2019-10-03 06:50,3964
2019-10-03 06:55,3899
2019-10-03 07:00,3838
2019-10-03 07:05,3766
2019-10-03 07:10,3645
2019-10-03 07:15,3629
2019-10-03 07:20,3602
2019-10-03 07:25,3595
2019-10-03 07:30,3573
2019-10-03 07:35,3569
2019-10-03 07:40,3542
2019-10-03 07:45,3513
2019-10-03 07:50,3499
2019-10-03 07:55,3490
2019-10-03 08:00,3493
2019-10-03 08:05,3451
2019-10-03 08:10,3408
2019-10-03 08:15,3382
2019-10-03 08:20,3354
2019-10-03 08:25,3341
2019-10-03 08:30,3329
2019-10-03 08:35,3347
2019-10-03 08:40,3386
2019-10-03 08:45,3372
2019-10-03 08:50,3371
2019-10-03 08:55,3394
2019-10-03 09:00,3421
2019-10-03 09:05,3435
2019-10-03 09:10,3488
2019-10-03 09:15,3520
2019-10-03 09:20,3521
2019-10-03 09:25,3521
2019-10-03 09:30,3521
2019-10-03 09:35,3538
2019-10-03 09:40,3554
2019-10-03 09:45,3557
2019-10-03 09:50,3583
2019-10-03 09:55,3618
2019-10-03 10:00,3640
2019-10-03 10:05,3658
2019-10-03 10:10,3720
2019-10-03 10:15,3780
2019-10-03 10:20,3841
2019-10-03 10:25,3853
2019-10-03 10:30,3893
2019-10-03 10:35,3941
2019-10-03 10:40,3993
2019-10-03 10:45,4044
2019-10-03 10:50,4045
2019-10-03 10:55,4096
2019-10-03 11:00,4104
2019-10-03 11:05,4114
2019-10-03 11:10,4151
2019-10-03 11:15,4158
2019-10-03 11:20,4222
2019-10-03 11:25,4261
2019-10-03 11:30,4292
2019-10-03 11:35,4350
2019-10-03 11:40,4373
2019-10-03 11:45,4401
2019-10-03 11:50,4448
2019-10-03 11:55,4508
2019-10-03 12:00,4517
2019-10-03 12:05,4565
2019-10-03 12:10,4617
2019-10-03 12:15,4669
2019-10-03 12:20,4713
2019-10-03 12:25,4766
2019-10-03 12:30,4782
2019-10-03 12:35,4871
2019-10-03 12:40,4945
2019-10-03 12:45,5020
2019-10-03 12:50,5104
2019-10-03 12:55,5208
2019-10-03 13:00,5254
2019-10-03 13:05,5351
2019-10-03 13:10,5412
2019-10-03 13:15,5475
2019-10-03 13:20,5550
2019-10-03 13:25,5675
2019-10-03 13:30,5761
2019-10-03 13:35,5809
2019-10-03 13:40,5877
2019-10-03 13:45,5982
2019-10-03 13:50,5971
2019-10-03 13:55,6053
2019-10-03 14:00,6143
2019-10-03 14:05,6229
2019-10-03 14:10,6308
2019-10-03 14:15,6407
2019-10-03 14:20,6491
2019-10-03 14:25,6566
2019-10-03 14:30,6614
2019-10-03 14:35,6698
2019-10-03 14:40,6815
2019-10-03 14:45,6934
2019-10-03 14:50,6944
2019-10-03 14:55,7005
2019-10-03 15:00,7064
2019-10-03 15:05,7089
2019-10-03 15:10,7211
2019-10-03 15:15,7282
2019-10-03 15:20,7326
2019-10-03 15:25,7363
2019-10-03 15:30,7424
2019-10-03 15:35,7425
2019-10-03 15:40,7483
2019-10-03 15:45,7566
2019-10-03 15:50,7567
2019-10-03 15:55,7643
2019-10-03 16:00,7705
2019-10-03 16:05,7748
2019-10-03 16:10,
2019-10-03 16:15,7884
2019-10-03 16:20,7925
2019-10-03 16:25,7973
2019-10-03 16:30,8083
2019-10-03 16:35,8192
2019-10-03 16:40,8235
2019-10-03 16:45,8334
2019-10-03 16:50,8378
2019-10-03 16:55,8510
2019-10-03 17:00,8607
2019-10-03 17:05,8688
2019-10-03 17:10,8680
2019-10-03 17:15,8767
2019-10-03 17:20,8862
2019-10-03 17:25,8971
2019-10-03 17:30,9066
2019-10-03 17:35,9082
2019-10-03 17:40,9220
2019-10-03 17:45,9360
2019-10-03 17:50,9452
2019-10-03 17:55,9510
2019-10-03 18:00,9554
2019-10-03 18:05,9583
2019-10-03 18:10,9689
2019-10-03 18:15,9776
2019-10-03 18:20,9797
2019-10-03 18:25,9837
2019-10-03 18:30,9857
2019-10-03 18:35,9631
2019-10-03 18:40,9562
2019-10-03 18:45,9564
2019-10-03 18:50,9647
2019-10-03 18:55,9736
2019-10-03 19:00,9787
2019-10-03 19:05,9926
2019-10-03 19:10,10021
2019-10-03 19:15,
2019-10-03 19:20,10236
2019-10-03 19:25,10339
2019-10-03 19:30,10365
2019-10-03 19:35,10401
2019-10-03 19:40,10453
2019-10-03 19:45,10462
2019-10-03 19:50,10476
2019-10-03 19:55,10501
2019-10-03 20:00,10526
2019-10-03 20:05,10560
2019-10-03 20:10,10577
2019-10-03 20:15,10559
2019-10-03 20:20,10524
2019-10-03 20:25,10492
2019-10-03 20:30,10430
2019-10-03 20:35,10392
2019-10-03 20:40,10299
2019-10-03 20:45,10286
2019-10-03 20:50,10236
2019-10-03 20:55,10165
2019-10-03 21:00,10135
2019-10-03 21:05,10107
2019-10-03 21:10,10035
2019-10-03 21:15,9901
2019-10-03 21:20,9839
2019-10-03 21:25,9776
2019-10-03 21:30,9689
2019-10-03 21:35,9667
2019-10-03 21:40,9521
2019-10-03 21:45,9423
2019-10-03 21:50,9319
2019-10-03 21:55,9338
2019-10-03 22:00,9250
2019-10-03 22:05,9164
2019-10-03 22:10,9141
2019-10-03 22:15,9112
2019-10-03 22:20,9004
2019-10-03 22:25,8925
2019-10-03 22:30,8895
2019-10-03 22:35,8827
2019-10-03 22:40,8767
2019-10-03 22:45,8754
2019-10-03 22:50,8689
2019-10-03 22:55,8623
2019-10-03 23:00,8567
2019-10-03 23:05,8545
2019-10-03 23:10,8505
2019-10-03 23:15,8460
2019-10-03 23:20,8448
2019-10-03 23:25,8454
2019-10-03 23:30,8480
2019-10-03 23:35,8456
2019-10-03 23:40,8410
2019-10-03 23:45,8435
2019-10-03 23:50,8454
2019-10-03 23:55,8507
2019-10-04 00:00,8496
2019-10-04 00:05,8553
2019-10-04 00:10,8538
2019-10-04 00:15,8575
2019-10-04 00:20,8615
2019-10-04 00:25,8585
2019-10-04 00:30,8661
2019-10-04 00:35,8630
2019-10-04 00:40,8636
2019-10-04 00:45,8650
2019-10-04 00:50,8654
2019-10-04 00:55,8693
2019-10-04 01:00,8740
2019-10-04 01:05,8746
2019-10-04 01:10,8742
2019-10-04 01:15,8743
2019-10-04 01:20,8850
2019-10-04 01:25,8841
2019-10-04 01:30,8911
2019-10-04 01:35,8836
2019-10-04 01:40,8806
2019-10-04 01:45,8857
2019-10-04 01:50,8889
2019-10-04 01:55,8958
2019-10-04 02:00,8984
2019-10-04 02:05,8966
2019-10-04 02:10,8920
2019-10-04 02:15,8862
2019-10-04 02:20,8808
2019-10-04 02:25,8763
2019-10-04 02:30,8798
2019-10-04 02:35,8709
2019-10-04 02:40,8712
2019-10-04 02:45,8695
2019-10-04 02:50,8649
2019-10-04 02:55,8556
2019-10-04 03:00,8505
2019-10-04 03:05,8424
2019-10-04 03:10,8373
2019-10-04 03:15,8319
2019-10-04 03:20,8233
2019-10-04 03:25,8147
2019-10-04 03:30,8060
2019-10-04 03:35,8021
2019-10-04 03:40,7951
2019-10-04 03:45,7849
2019-10-04 03:50,7764
2019-10-04 03:55,7622
2019-10-04 04:00,7499
2019-10-04 04:05,7362
2019-10-04 04:10,7302
2019-10-04 04:15,7188
2019-10-04 04:20,7098
2019-10-04 04:25,6990
2019-10-04 04:30,6883
2019-10-04 04:35,6786
2019-10-04 04:40,6694
2019-10-04 04:45,6602
2019-10-04 04:50,6482
2019-10-04 04:55,6356
2019-10-04 05:00,6271
2019-10-04 05:05,6153
2019-10-04 05:10,6070
2019-10-04 05:15,5889
2019-10-04 05:20,5769
2019-10-04 05:25,5692
2019-10-04 05:30,5587
2019-10-04 05:35,5476
2019-10-04 05:40,5389
2019-10-04 05:45,5308
2019-10-04 05:50,5177
2019-10-04 05:55,5105
2019-10-04 06:00,5045
2019-10-04 06:05,4946
2019-10-04 06:10,4867
2019-10-04 06:15,4813
2019-10-04 06:20,4687
2019-10-04 06:25,4614
2019-10-04 06:30,4564
2019-10-04 06:35,4481
2019-10-04 06:40,4417
2019-10-04 06:45,4346
2019-10-04 06:50,4316
2019-10-04 06:55,4201
2019-10-04 07:00,4120
2019-10-04 07:05,4080
2019-10-04 07:10,4020
2019-10-04 07:15,3987
2019-10-04 07:20,3883
2019-10-04 07:25,3840
2019-10-04 07:30,3805
2019-10-04 07:35,3757
2019-10-04 07:40,3714
2019-10-04 07:45,3686
2019-10-04 07:50,3666
2019-10-04 07:55,3637
2019-10-04 08:00,3583
2019-10-04 08:05,3586
2019-10-04 08:10,3553
2019-10-04 08:15,3505
2019-10-04 08:20,3499
2019-10-04 08:25,3492
2019-10-04 08:30,3495
2019-10-04 08:35,3494
2019-10-04 08:40,3503
2019-10-04 08:45,3500
2019-10-04 08:50,3520
2019-10-04 08:55,3498
2019-10-04 09:00,3522
2019-10-04 09:05,3546
2019-10-04 09:10,3562
2019-10-04 09:15,3597
2019-10-04 09:20,3619
2019-10-04 09:25,3660
2019-10-04 09:30,3695
2019-10-04 09:35,3727
2019-10-04 09:40,3720
2019-10-04 09:45,3748
2019-10-04 09:50,3773
2019-10-04 09:55,3795
2019-10-04 10:00,3816
2019-10-04 10:05,3879
2019-10-04 10:10,3961
2019-10-04 10:15,3992
2019-10-04 10:20,4035
2019-10-04 10:25,4039
2019-10-04 10:30,4079
2019-10-04 10:35,4130
2019-10-04 10:40,4183
2019-10-04 10:45,4172
2019-10-04 10:50,4208
2019-10-04 10:55,4257
2019-10-04 11:00,4267
2019-10-04 11:05,4361
2019-10-04 11:10,4401
2019-10-04 11:15,4466
2019-10-04 11:20,4496
2019-10-04 11:25,4516
2019-10-04 11:30,4533
2019-10-04 11:35,4576
2019-10-04 11:40,4633
2019-10-04 11:45,4689
2019-10-04 11:50,4768
2019-10-04 11:55,4801
2019-10-04 12:00,4855
2019-10-04 12:05,4936
2019-10-04 12:10,5024
2019-10-04 12:15,5077
2019-10-04 12:20,5091
2019-10-04 12:25,5155
2019-10-04 12:30,5235
2019-10-04 12:35,5300
2019-10-04 12:40,5374
2019-10-04 12:45,5422
2019-10-04 12:50,5493
2019-10-04 12:55,5576
2019-10-04 13:00,5701
2019-10-04 13:05,5743
2019-10-04 13:10,5801
2019-10-04 13:15,5867
2019-10-04 13:20,5938
2019-10-04 13:25,6029
2019-10-04 13:30,6093
2019-10-04 13:35,6147
2019-10-04 13:40,6252
2019-10-04 13:45,6285
2019-10-04 13:50,6402
2019-10-04 13:55,6495
2019-10-04 14:00,6546
2019-10-04 14:05,6655
2019-10-04 14:10,6751
2019-10-04 14:15,6822
2019-10-04 14:20,6931
2019-10-04 14:25,7051
2019-10-04 14:30,7117
2019-10-04 14:35,7248
2019-10-04 14:40,7342
2019-10-04 14:45,7407
2019-10-04 14:50,7424
2019-10-04 14:55,7477
2019-10-04 15:00,7571
2019-10-04 15:05,7586
2019-10-04 15:10,7644
2019-10-04 15:15,7736
2019-10-04 15:20,7797
2019-10-04 15:25,7827
2019-10-04 15:30,7903
2019-10-04 15:35,7910
2019-10-04 15:40,7978
2019-10-04 15:45,8077
2019-10-04 15:50,8072
2019-10-04 15:55,8126
2019-10-04 16:00,8188
2019-10-04 16:05,8285
2019-10-04 16:10,8304
2019-10-04 16:15,8338
2019-10-04 16:20,8123
2019-10-04 16:25,8115
2019-10-04 16:30,8188
2019-10-04 16:35,8282
2019-10-04 16:40,8399
2019-10-04 16:45,8490
2019-10-04 16:50,8561
2019-10-04 16:55,8619
2019-10-04 17:00,8787
2019-10-04 17:05,8939
2019-10-04 17:10,9016
2019-10-04 17:15,9105
2019-10-04 17:20,9173
2019-10-04 17:25,9255
2019-10-04 17:30,9369
2019-10-04 17:35,9468
2019-10-04 17:40,9567
2019-10-04 17:45,
2019-10-04 17:50,9622
2019-10-04 17:55,9654
2019-10-04 18:00,9682
2019-10-04 18:05,9705
2019-10-04 18:10,9858
2019-10-04 18:15,9942
2019-10-04 18:20,10020
2019-10-04 18:25,10125
2019-10-04 18:30,10216
2019-10-04 18:35,10265
2019-10-04 18:40,10314
2019-10-04 18:45,10408
2019-10-04 18:50,10509
2019-10-04 18:55,10616
2019-10-04 19:00,10742
2019-10-04 19:05,10754
2019-10-04 19:10,10777
2019-10-04 19:15,10841
2019-10-04 19:20,10962
2019-10-04 19:25,10961
2019-10-04 19:30,11034
2019-10-04 19:35,11131
2019-10-04 19:40,11233
2019-10-04 19:45,11269
2019-10-04 19:50,11310
2019-10-04 19:55,11310
2019-10-04 20:00,11337
2019-10-04 20:05,11333
2019-10-04 20:10,11373
2019-10-04 20:15,11402
2019-10-04 20:20,11404
2019-10-04 20:25,11456
2019-10-04 20:30,11365
2019-10-04 20:35,11370
2019-10-04 20:40,11372
2019-10-04 20:45,11372
2019-10-04 20:50,11390
2019-10-04 20:55,11417
2019-10-04 21:00,11346
2019-10-04 21:05,11278
2019-10-04 21:10,11238
2019-10-04 21:15,11192
2019-10-04 21:20,11165
2019-10-04 21:25,11239
2019-10-04 21:30,11243
2019-10-04 21:35,11200
2019-10-04 21:40,11134
2019-10-04 21:45,11069
2019-10-04 21:50,10977
2019-10-04 21:55,10957
2019-10-04 22:00,10907
2019-10-04 22:05,10894
2019-10-04 22:10,10799
2019-10-04 22:15,10734
2019-10-04 22:20,10676
2019-10-04 22:25,10642
2019-10-04 22:30,10527
2019-10-04 22:35,10466
2019-10-04 22:40,10387
2019-10-04 22:45,10313
2019-10-04 22:50,10217
2019-10-04 22:55,10139
2019-10-04 23:00,10102
2019-10-04 23:05,10070
2019-10-04 23:10,10045
2019-10-04 23:15,10016
2019-10-04 23:20,9999
2019-10-04 23:25,9979
2019-10-04 23:30,9910
2019-10-04 23:35,9934
2019-10-04 23:40,9908
2019-10-04 23:45,9843
2019-10-04 23:50,9823
2019-10-04 23:55,9800
2019-10-05 00:00,9770
2019-10-05 00:05,9755
2019-10-05 00:10,9792
2019-10-05 00:15,9737
2019-10-05 00:20,9671
2019-10-05 00:25,9708
2019-10-05 00:30,9678
2019-10-05 00:35,9665
2019-10-05 00:40,9750
2019-10-05 00:45,9715
2019-10-05 00:50,9737
2019-10-05 00:55,9763
2019-10-05 01:00,9774
2019-10-05 01:05,9767
2019-10-05 01:10,9729
2019-10-05 01:15,9724
2019-10-05 01:20,9754
2019-10-05 01:25,9803
2019-10-05 01:30,9803
2019-10-05 01:35,9837
2019-10-05 01:40,9857
2019-10-05 01:45,9894
2019-10-05 01:50,9855
2019-10-05 01:55,9831
2019-10-05 02:00,9800
2019-10-05 02:05,9823
2019-10-05 02:10,9821
2019-10-05 02:15,9793
2019-10-05 02:20,9849
2019-10-05 02:25,9852
2019-10-05 02:30,9808
2019-10-05 02:35,9783
2019-10-05 02:40,9793
2019-10-05 02:45,9796
2019-10-05 02:50,9791
2019-10-05 02:55,9813
2019-10-05 03:00,9696
2019-10-05 03:05,9681
2019-10-05 03:10,9642
2019-10-05 03:15,9609
2019-10-05 03:20,9575
2019-10-05 03:25,9533
2019-10-05 03:30,9521
2019-10-05 03:35,9468
2019-10-05 03:40,9419
2019-10-05 03:45,9395
2019-10-05 03:50,9283
2019-10-05 03:55,9164
2019-10-05 04:00,9094
2019-10-05 04:05,8953
2019-10-05 04:10,8855
2019-10-05 04:15,8733
2019-10-05 04:20,8624
2019-10-05 04:25,8530
2019-10-05 04:30,8447
2019-10-05 04:35,8359
2019-10-05 04:40,8258
2019-10-05 04:45,8186
2019-10-05 04:50,8134
2019-10-05 04:55,7995
2019-10-05 05:00,7852
2019-10-05 05:05,7780
2019-10-05 05:10,7650
2019-10-05 05:15,7551
2019-10-05 05:20,7422
2019-10-05 05:25,7302
2019-10-05 05:30,7219
2019-10-05 05:35,7085
2019-10-05 05:40,6974
2019-10-05 05:45,6918
2019-10-05 05:50,6823
2019-10-05 05:55,6690
2019-10-05 06:00,6558
2019-10-05 06:05,6438
2019-10-05 06:10,6337
2019-10-05 06:15,6277
2019-10-05 06:20,6214
2019-10-05 06:25,6109
2019-10-05 06:30,5998
2019-10-05 06:35,5912
2019-10-05 06:40,5819
2019-10-05 06:45,5748
2019-10-05 06:50,5625
2019-10-05 06:55,5529
2019-10-05 07:00,5477
2019-10-05 07:05,5446
2019-10-05 07:10,5415
2019-10-05 07:15,5385
2019-10-05 07:20,5336
2019-10-05 07:25,5291
2019-10-05 07:30,5246
2019-10-05 07:35,5233
2019-10-05 07:40,5158
2019-10-05 07:45,5147
2019-10-05 07:50,5111
2019-10-05 07:55,5108
2019-10-05 08:00,5051
2019-10-05 08:05,4980
2019-10-05 08:10,4961
2019-10-05 08:15,4996
2019-10-05 08:20,4969
2019-10-05 08:25,4948
2019-10-05 08:30,4962
2019-10-05 08:35,4984
2019-10-05 08:40,4974
2019-10-05 08:45,4988
2019-10-05 08:50,5023
2019-10-05 08:55,5086
2019-10-05 09:00,5062
2019-10-05 09:05,5112
2019-10-05 09:10,5147
2019-10-05 09:15,5185
2019-10-05 09:20,5207
2019-10-05 09:25,5282
2019-10-05 09:30,5323
2019-10-05 09:35,5334
2019-10-05 09:40,5334
2019-10-05 09:45,5360
2019-10-05 09:50,5403
2019-10-05 09:55,5481
2019-10-05 10:00,5500
2019-10-05 10:05,5523
2019-10-05 10:10,5572
2019-10-05 10:15,5696
2019-10-05 10:20,5732
2019-10-05 10:25,5765
2019-10-05 10:30,5814
2019-10-05 10:35,5859
2019-10-05 10:40,5926
2019-10-05 10:45,5989
2019-10-05 10:50,5999
2019-10-05 10:55,6080
2019-10-05 11:00,6141
2019-10-05 11:05,6211
2019-10-05 11:10,6231
2019-10-05 11:15,6296
2019-10-05 11:20,6334
2019-10-05 11:25,6404
2019-10-05 11:30,6478
2019-10-05 11:35,6524
2019-10-05 11:40,6554
2019-10-05 11:45,6627
2019-10-05 11:50,6683
2019-10-05 11:55,6781
2019-10-05 12:00,6879
2019-10-05 12:05,6972
2019-10-05 12:10,7039
2019-10-05 12:15,7112
2019-10-05 12:20,7169
2019-10-05 12:25,7168
2019-10-05 12:30,7232
2019-10-05 12:35,7320
2019-10-05 12:40,7424
2019-10-05 12:45,7488
2019-10-05 12:50,7568
2019-10-05 12:55,7646
2019-10-05 13:00,7743
2019-10-05 13:05,7795
2019-10-05 13:10,7834
2019-10-05 13:15,7890
2019-10-05 13:20,8029
2019-10-05 13:25,8084
2019-10-05 13:30,8150
2019-10-05 13:35,8232
2019-10-05 13:40,8258
2019-10-05 13:45,8399
2019-10-05 13:50,8481
2019-10-05 13:55,8510
2019-10-05 14:00,8586
2019-10-05 14:05,8686
2019-10-05 14:10,8751
2019-10-05 14:15,8768
2019-10-05 14:20,8820
2019-10-05 14:25,8866
2019-10-05 14:30,8873
2019-10-05 14:35,8983
2019-10-05 14:40,9027
2019-10-05 14:45,9102
2019-10-05 14:50,9198
2019-10-05 14:55,9265
2019-10-05 15:00,9381
2019-10-05 15:05,9491
2019-10-05 15:10,9536
2019-10-05 15:15,9563
2019-10-05 15:20,9651
2019-10-05 15:25,9704
2019-10-05 15:30,9772
2019-10-05 15:35,9914
2019-10-05 15:40,9907
2019-10-05 15:45,10031
2019-10-05 15:50,10002
2019-10-05 15:55,10057
2019-10-05 16:00,10119
2019-10-05 16:05,10190
2019-10-05 16:10,10219
2019-10-05 16:15,
2019-10-05 16:20,10441
2019-10-05 16:25,10569
2019-10-05 16:30,10547
2019-10-05 16:35,10594
2019-10-05 16:40,10704
2019-10-05 16:45,10778
2019-10-05 16:50,10837
2019-10-05 16:55,10923
2019-10-05 17:00,10969
2019-10-05 17:05,10977
2019-10-05 17:10,11073
2019-10-05 17:15,11096
2019-10-05 17:20,11181
2019-10-05 17:25,11250
2019-10-05 17:30,11349
2019-10-05 17:35,11427
2019-10-05 17:40,11441
2019-10-05 17:45,11526
2019-10-05 17:50,11634
2019-10-05 17:55,11648
2019-10-05 18:00,11684
2019-10-05 18:05,11809
2019-10-05 18:10,11889
2019-10-05 18:15,11941
2019-10-05 18:20,11998
2019-10-05 18:25,12034
2019-10-05 18:30,12116
2019-10-05 18:35,12156
2019-10-05 18:40,12125
2019-10-05 18:45,12094
2019-10-05 18:50,12169
2019-10-05 18:55,12240
2019-10-05 19:00,12317
2019-10-05 19:05,12380
2019-10-05 19:10,12506
2019-10-05 19:15,12551
2019-10-05 19:20,12631
2019-10-05 19:25,12666
2019-10-05 19:30,12678
2019-10-05 19:35,12696
2019-10-05 19:40,12751
2019-10-05 19:45,12724
2019-10-05 19:50,12721
2019-10-05 19:55,12752
2019-10-05 20:00,12768
2019-10-05 20:05,12780
2019-10-05 20:10,12762
2019-10-05 20:15,12753
2019-10-05 20:20,12772
2019-10-05 20:25,12815
2019-10-05 20:30,12829
2019-10-05 20:35,12830
2019-10-05 20:40,12912
2019-10-05 20:45,12884
2019-10-05 20:50,12891
2019-10-05 20:55,12914
2019-10-05 21:00,12917
2019-10-05 21:05,12850
2019-10-05 21:10,12738
2019-10-05 21:15,12705
2019-10-05 21:20,12634
2019-10-05 21:25,12581
2019-10-05 21:30,12511
2019-10-05 21:35,12471
2019-10-05 21:40,12446
2019-10-05 21:45,12398
2019-10-05 21:50,12269
2019-10-05 21:55,12179
2019-10-05 22:00,12072
2019-10-05 22:05,11993
2019-10-05 22:10,11863
2019-10-05 22:15,11771
2019-10-05 22:20,11637
2019-10-05 22:25,11493
2019-10-05 22:30,11422
2019-10-05 22:35,11331
2019-10-05 22:40,11297
2019-10-05 22:45,11222
2019-10-05 22:50,11177
2019-10-05 22:55,11077
2019-10-05 23:00,10972
2019-10-05 23:05,10907
2019-10-05 23:10,10807
2019-10-05 23:15,10684
2019-10-05 23:20,10609
2019-10-05 23:25,10589
2019-10-05 23:30,10519
2019-10-05 23:35,10449
2019-10-05 23:40,10362
2019-10-05 23:45,10336
2019-10-05 23:50,10306
2019-10-05 23:55,10250
2019-10-06 00:00,10245
2019-10-06 00:05,10223
2019-10-06 00:10,10162
2019-10-06 00:15,10097
2019-10-06 00:20,10066
2019-10-06 00:25,10022
2019-10-06 00:30,9912
2019-10-06 00:35,9858
2019-10-06 00:40,9806
2019-10-06 00:45,9804
2019-10-06 00:50,9809
2019-10-06 00:55,9773
2019-10-06 01:00,9768
2019-10-06 01:05,9753
2019-10-06 01:10,9725
2019-10-06 01:15,9747
2019-10-06 01:20,9751
2019-10-06 01:25,9692
2019-10-06 01:30,9658
2019-10-06 01:35,9666
2019-10-06 01:40,9681
2019-10-06 01:45,9641
2019-10-06 01:50,9583
2019-10-06 01:55,9586
2019-10-06 02:00,9577
2019-10-06 02:05,9567
2019-10-06 02:10,9625
2019-10-06 02:15,9642
2019-10-06 02:20,9635
2019-10-06 02:25,9599
2019-10-06 02:30,9582
2019-10-06 02:35,9597
2019-10-06 02:40,9590
2019-10-06 02:45,9583
2019-10-06 02:50,9520
2019-10-06 02:55,9513
2019-10-06 03:00,9481
2019-10-06 03:05,9425
2019-10-06 03:10,9427
2019-10-06 03:15,9378
2019-10-06 03:20,9356
2019-10-06 03:25,9282
2019-10-06 03:30,9281
2019-10-06 03:35,9200
2019-10-06 03:40,9168
2019-10-06 03:45,9143
2019-10-06 03:50,9163
2019-10-06 03:55,9110
2019-10-06 04:00,9051
2019-10-06 04:05,8946
2019-10-06 04:10,8869
2019-10-06 04:15,8804
2019-10-06 04:20,8713
2019-10-06 04:25,8627
2019-10-06 04:30,8540
2019-10-06 04:35,8478
2019-10-06 04:40,8356
2019-10-06 04:45,8352
2019-10-06 04:50,8216
2019-10-06 04:55,8078
2019-10-06 05:00,8021
2019-10-06 05:05,7923
2019-10-06 05:10,7781
2019-10-06 05:15,7663
2019-10-06 05:20,7603
2019-10-06 05:25,7467
2019-10-06 05:30,7388
2019-10-06 05:35,7303
2019-10-06 05:40,7251
2019-10-06 05:45,7162
2019-10-06 05:50,7086
2019-10-06 05:55,6993
2019-10-06 06:00,6902
2019-10-06 06:05,6792
2019-10-06 06:10,6696
2019-10-06 06:15,6576
2019-10-06 06:20,6453
2019-10-06 06:25,6373
2019-10-06 06:30,6266
2019-10-06 06:35,6173
2019-10-06 06:40,6109
2019-10-06 06:45,6037
2019-10-06 06:50,5945
2019-10-06 06:55,5831
2019-10-06 07:00,5739
2019-10-06 07:05,5731
2019-10-06 07:10,5691
2019-10-06 07:15,5605
2019-10-06 07:20,5577
2019-10-06 07:25,5519
2019-10-06 07:30,5491
2019-10-06 07:35,5459
2019-10-06 07:40,5431
2019-10-06 07:45,5397
2019-10-06 07:50,5337
2019-10-06 07:55,5347
2019-10-06 08:00,5318
2019-10-06 08:05,5288
2019-10-06 08:10,5268
2019-10-06 08:15,5270
2019-10-06 08:20,5283
2019-10-06 08:25,5301
2019-10-06 08:30,5319
2019-10-06 08:35,5340
2019-10-06 08:40,5366
2019-10-06 08:45,5404
2019-10-06 08:50,5406
2019-10-06 08:55,5443
2019-10-06 09:00,5444
2019-10-06 09:05,5494
2019-10-06 09:10,5496
2019-10-06 09:15,5496
2019-10-06 09:20,5544
2019-10-06 09:25,5571
2019-10-06 09:30,5674
2019-10-06 09:35,5744
2019-10-06 09:40,5791
2019-10-06 09:45,5853
2019-10-06 09:50,5934
2019-10-06 09:55,5987
2019-10-06 10:00,6021
2019-10-06 10:05,6104
2019-10-06 10:10,6179
2019-10-06 10:15,6171
2019-10-06 10:20,6175
2019-10-06 10:25,6231
2019-10-06 10:30,6305
2019-10-06 10:35,6380
2019-10-06 10:40,6412
2019-10-06 10:45,6464
2019-10-06 10:50,6520
2019-10-06 10:55,6592
2019-10-06 11:00,6692
2019-10-06 11:05,6692
2019-10-06 11:10,6796
2019-10-06 11:15,6911
2019-10-06 11:20,7075
2019-10-06 11:25,7082
2019-10-06 11:30,7082
2019-10-06 11:35,7141
2019-10-06 11:40,7256
2019-10-06 11:45,7257
2019-10-06 11:50,7297
2019-10-06 11:55,7383
2019-10-06 12:00,7408
2019-10-06 12:05,
2019-10-06 12:10,
2019-10-06 12:15,7505
2019-10-06 12:20,7627
2019-10-06 12:25,7627
2019-10-06 12:30,7648
2019-10-06 12:35,7752
2019-10-06 12:40,7927
2019-10-06 12:45,8013
2019-10-06 12:50,8013
2019-10-06 12:55,8145
2019-10-06 13:00,8187
2019-10-06 13:05,8187
2019-10-06 13:10,8269
2019-10-06 13:15,8440
2019-10-06 13:20,8440
2019-10-06 13:25,8535
2019-10-06 13:30,8671
2019-10-06 13:35,8766
2019-10-06 13:40,8971
2019-10-06 13:45,8971
2019-10-06 13:50,9065
2019-10-06 13:55,9305
2019-10-06 14:00,9377
2019-10-06 14:05,9377
2019-10-06 14:10,9470
2019-10-06 14:15,9582
2019-10-06 14:20,9632
2019-10-06 14:25,9754
2019-10-06 14:30,9810
2019-10-06 14:35,9947
2019-10-06 14:40,10038
2019-10-06 14:45,10038
2019-10-06 14:50,10112
2019-10-06 14:55,10181
2019-10-06 15:00,10327
2019-10-06 15:05,10327
2019-10-06 15:10,10357
2019-10-06 15:15,10381
2019-10-06 15:20,10438
2019-10-06 15:25,10482
2019-10-06 15:30,10654
2019-10-06 15:35,10725
2019-10-06 15:40,10809
2019-10-06 15:45,10837
2019-10-06 15:50,10906
2019-10-06 15:55,10996
2019-10-06 16:00,11122
2019-10-06 16:05,11231
2019-10-06 16:10,11231
2019-10-06 16:15,11412
2019-10-06 16:20,11412
2019-10-06 16:25,11465
2019-10-06 16:30,11549
2019-10-06 16:35,11678
2019-10-06 16:40,11825
2019-10-06 16:45,11980
2019-10-06 16:50,11980
2019-10-06 16:55,12054
2019-10-06 17:00,12250
2019-10-06 17:05,12250
2019-10-06 17:10,12272
2019-10-06 17:15,12283
2019-10-06 17:20,12444
2019-10-06 17:25,12526
2019-10-06 17:30,12655
2019-10-06 17:35,12655
2019-10-06 17:40,12764
2019-10-06 17:45,12953
2019-10-06 17:50,12953
2019-10-06 17:55,13063
2019-10-06 18:00,13145
2019-10-06 18:05,13145
2019-10-06 18:10,13300
2019-10-06 18:15,13375
2019-10-06 18:20,13482
2019-10-06 18:25,13503
2019-10-06 18:30,13473
2019-10-06 18:35,13594
2019-10-06 18:40,13654
2019-10-06 18:45,13681
2019-10-06 18:50,13681
2019-10-06 18:55,13697
2019-10-06 19:00,13735
2019-10-06 19:05,13735
2019-10-06 19:10,13760
2019-10-06 19:15,13765
2019-10-06 19:20,13860
2019-10-06 19:25,13837
2019-10-06 19:30,13836
2019-10-06 19:35,13817
2019-10-06 19:40,13808
2019-10-06 19:45,13749
2019-10-06 19:50,13693
2019-10-06 19:55,13683
2019-10-06 20:00,13554
2019-10-06 20:05,13554
2019-10-06 20:10,13472
2019-10-06 20:15,13491
2019-10-06 20:20,13480
2019-10-06 20:25,13425
2019-10-06 20:30,13382
2019-10-06 20:35,13292
2019-10-06 20:40,13241
2019-10-06 20:45,13134
2019-10-06 20:50,12996
2019-10-06 20:55,12954
2019-10-06 21:00,12791
2019-10-06 21:05,12791
2019-10-06 21:10,12717
2019-10-06 21:15,12612
2019-10-06 21:20,12514
2019-10-06 21:25,12355
2019-10-06 21:30,12263
2019-10-06 21:35,12182
2019-10-06 21:40,12064
2019-10-06 21:45,12001
2019-10-06 21:50,11912
2019-10-06 21:55,11831
2019-10-06 22:00,11531
2019-10-06 22:05,11531
2019-10-06 22:10,11388
2019-10-06 22:15,11261
2019-10-06 22:20,11210
2019-10-06 22:25,11185
2019-10-06 22:30,11073
2019-10-06 22:35,10976
2019-10-06 22:40,10904
2019-10-06 22:45,10800
2019-10-06 22:50,10703
2019-10-06 22:55,10597
2019-10-06 23:00,10524
2019-10-06 23:05,10524
2019-10-06 23:10,10451
2019-10-06 23:15,10480
2019-10-06 23:20,10427
2019-10-06 23:25,10431
2019-10-06 23:30,10419
2019-10-06 23:35,10399
2019-10-06 23:40,10440
2019-10-06 23:45,10362
2019-10-06 23:50,10363
2019-10-06 23:55,10372
2019-10-07 00:00,10291
2019-10-07 00:05,10291
2019-10-07 00:10,10347
2019-10-07 00:15,10275
2019-10-07 00:20,10261
2019-10-07 00:25,10248
2019-10-07 00:30,10266
2019-10-07 00:35,10232
2019-10-07 00:40,10261
2019-10-07 00:45,10206
2019-10-07 00:50,10254
2019-10-07 00:55,10204
2019-10-07 01:00,10131
2019-10-07 01:05,10131
2019-10-07 01:10,10076
2019-10-07 01:15,10025
2019-10-07 01:20,10035
2019-10-07 01:25,10015
2019-10-07 01:30,9980
2019-10-07 01:35,9986
2019-10-07 01:40,9939
2019-10-07 01:45,9897
2019-10-07 01:50,9885
2019-10-07 01:55,9890
2019-10-07 02:00,9862
2019-10-07 02:05,9873
2019-10-07 02:10,9791
2019-10-07 02:15,9755
2019-10-07 02:20,9709
2019-10-07 02:25,9665
2019-10-07 02:30,9594
2019-10-07 02:35,9638
2019-10-07 02:40,9516
2019-10-07 02:45,9478
2019-10-07 02:50,9341
2019-10-07 02:55,9281
2019-10-07 03:00,9236
2019-10-07 03:05,9116
2019-10-07 03:10,8983
2019-10-07 03:15,7732
2019-10-07 03:20,6300
2019-10-07 03:25,5137
2019-10-07 03:30,4407
2019-10-07 03:35,4599
2019-10-07 03:40,4935
2019-10-07 03:45,5170
2019-10-07 03:50,5365
2019-10-07 03:55,5490
2019-10-07 04:00,5659
2019-10-07 04:05,5771
2019-10-07 04:10,5905
2019-10-07 04:15,5969
2019-10-07 04:20,5996
2019-10-07 04:25,6077
2019-10-07 04:30,6139
2019-10-07 04:35,6143
2019-10-07 04:40,6144
2019-10-07 04:45,6142
2019-10-07 04:50,6101
2019-10-07 04:55,6047
2019-10-07 05:00,5996
2019-10-07 05:05,5897
2019-10-07 05:10,5833
2019-10-07 05:15,5776
2019-10-07 05:20,5702
2019-10-07 05:25,5587
2019-10-07 05:30,5491
2019-10-07 05:35,5387
2019-10-07 05:40,5280
2019-10-07 05:45,5261
2019-10-07 05:50,5170
2019-10-07 05:55,5092
2019-10-07 06:00,4977
2019-10-07 06:05,4907
2019-10-07 06:10,4848
2019-10-07 06:15,4790
2019-10-07 06:20,4700
2019-10-07 06:25,4630
2019-10-07 06:30,4573
2019-10-07 06:35,4519
2019-10-07 06:40,4467
2019-10-07 06:45,4409
2019-10-07 06:50,4343
2019-10-07 06:55,4304
2019-10-07 07:00,4263
2019-10-07 07:05,4146
2019-10-07 07:10,4090
2019-10-07 07:15,4031
2019-10-07 07:20,3961
2019-10-07 07:25,3916
2019-10-07 07:30,3902
2019-10-07 07:35,3863
2019-10-07 07:40,3823
2019-10-07 07:45,3797
2019-10-07 07:50,3782
2019-10-07 07:55,3754
2019-10-07 08:00,3737
2019-10-07 08:05,3714
2019-10-07 08:10,3720
2019-10-07 08:15,3693
2019-10-07 08:20,3661
2019-10-07 08:25,3631
2019-10-07 08:30,3628
2019-10-07 08:35,3601
2019-10-07 08:40,3593
2019-10-07 08:45,3598
2019-10-07 08:50,3595
2019-10-07 08:55,3603
2019-10-07 09:00,3575
2019-10-07 09:05,3589
2019-10-07 09:10,3582
2019-10-07 09:15,3605
2019-10-07 09:20,3593
2019-10-07 09:25,3612
2019-10-07 09:30,3622
2019-10-07 09:35,3630
2019-10-07 09:40,3616
2019-10-07 09:45,3624
2019-10-07 09:50,3653
2019-10-07 09:55,3673
2019-10-07 10:00,3672
2019-10-07 10:05,3654
2019-10-07 10:10,3654
2019-10-07 10:15,3692
2019-10-07 10:20,3732
2019-10-07 10:25,3752
2019-10-07 10:30,3803
2019-10-07 10:35,3806
2019-10-07 10:40,3824
2019-10-07 10:45,3805
2019-10-07 10:50,3832
2019-10-07 10:55,3855
2019-10-07 11:00,3894
2019-10-07 11:05,3911
2019-10-07 11:10,3916
2019-10-07 11:15,3932
2019-10-07 11:20,3935
2019-10-07 11:25,3982
2019-10-07 11:30,4006
2019-10-07 11:35,4041
2019-10-07 11:40,4076
2019-10-07 11:45,4112
2019-10-07 11:50,4205
2019-10-07 11:55,4274
2019-10-07 12:00,4311
2019-10-07 12:05,4374
2019-10-07 12:10,4452
2019-10-07 12:15,4501
2019-10-07 12:20,4572
2019-10-07 12:25,4657
2019-10-07 12:30,4636
2019-10-07 12:35,4694
2019-10-07 12:40,4717
2019-10-07 12:45,4760
2019-10-07 12:50,4850
2019-10-07 12:55,4933
2019-10-07 13:00,4982
2019-10-07 13:05,5024
2019-10-07 13:10,5153
2019-10-07 13:15,5231
2019-10-07 13:20,5298
2019-10-07 13:25,5340
2019-10-07 13:30,5408
2019-10-07 13:35,5495
2019-10-07 13:40,5613
2019-10-07 13:45,5135
2019-10-07 13:50,5753
2019-10-07 13:55,5830
2019-10-07 14:00,5918
2019-10-07 14:05,6007
2019-10-07 14:10,6080
2019-10-07 14:15,6126
2019-10-07 14:20,6172
2019-10-07 14:25,6248
2019-10-07 14:30,6317
2019-10-07 14:35,6397
2019-10-07 14:40,6409
2019-10-07 14:45,6505
2019-10-07 14:50,6530
2019-10-07 14:55,6603
2019-10-07 15:00,6663
2019-10-07 15:05,6775
2019-10-07 15:10,6852
2019-10-07 15:15,6969
2019-10-07 15:20,7052
2019-10-07 15:25,7133
2019-10-07 15:30,7187
2019-10-07 15:35,7271
2019-10-07 15:40,7368
2019-10-07 15:45,
2019-10-07 15:50,7515
2019-10-07 15:55,7581
2019-10-07 16:00,7591
2019-10-07 16:05,7673
2019-10-07 16:10,7790
2019-10-07 16:15,7940
2019-10-07 16:20,
2019-10-07 16:25,
2019-10-07 16:30,8200
2019-10-07 16:35,8250
2019-10-07 16:40,8322
2019-10-07 16:45,8394
2019-10-07 16:50,8504
2019-10-07 16:55,8584
2019-10-07 17:00,8734
2019-10-07 17:05,8762
2019-10-07 17:10,8819
2019-10-07 17:15,8908
2019-10-07 17:20,9003
2019-10-07 17:25,9096
2019-10-07 17:30,9245
2019-10-07 17:35,9350
2019-10-07 17:40,9465
2019-10-07 17:45,9546
2019-10-07 17:50,9621
2019-10-07 17:55,9727
2019-10-07 18:00,9911
2019-10-07 18:05,9956
2019-10-07 18:10,10077
2019-10-07 18:15,10131
2019-10-07 18:20,10290
2019-10-07 18:25,10457
2019-10-07 18:30,10513
2019-10-07 18:35,10558
2019-10-07 18:40,10651
2019-10-07 18:45,10695
2019-10-07 18:50,10769
2019-10-07 18:55,10760
2019-10-07 19:00,10720
2019-10-07 19:05,10821
2019-10-07 19:10,10838
2019-10-07 19:15,10881
2019-10-07 19:20,10901
2019-10-07 19:25,10901
2019-10-07 19:30,10917
2019-10-07 19:35,10879
2019-10-07 19:40,10934
2019-10-07 19:45,10987
2019-10-07 19:50,10995
2019-10-07 19:55,10955
2019-10-07 20:00,10900
2019-10-07 20:05,10824
2019-10-07 20:10,10794
2019-10-07 20:15,10830
2019-10-07 20:20,10843
2019-10-07 20:25,10749
2019-10-07 20:30,10763
2019-10-07 20:35,10703
2019-10-07 20:40,10659
2019-10-07 20:45,10659
2019-10-07 20:50,10474
2019-10-07 20:55,10468
2019-10-07 21:00,10478
2019-10-07 21:05,10408
2019-10-07 21:10,10279
2019-10-07 21:15,10263
2019-10-07 21:20,10127
2019-10-07 21:25,10085
2019-10-07 21:30,9953
2019-10-07 21:35,9912
2019-10-07 21:40,9822
2019-10-07 21:45,9711
2019-10-07 21:50,9612
2019-10-07 21:55,9559
2019-10-07 22:00,9494
2019-10-07 22:05,9406
2019-10-07 22:10,9335
2019-10-07 22:15,9332
2019-10-07 22:20,9289
2019-10-07 22:25,9246
2019-10-07 22:30,9200
2019-10-07 22:35,9183
2019-10-07 22:40,9129
2019-10-07 22:45,9135
2019-10-07 22:50,9036
2019-10-07 22:55,8981
2019-10-07 23:00,8966
2019-10-07 23:05,8999
2019-10-07 23:10,8981
2019-10-07 23:15,8990
2019-10-07 23:20,8991
2019-10-07 23:25,8971
2019-10-07 23:30,9030
2019-10-07 23:35,8943
2019-10-07 23:40,8955
2019-10-07 23:45,8993
2019-10-07 23:50,9016
2019-10-07 23:55,9004
2019-10-08 00:00,9014
2019-10-08 00:05,9010
2019-10-08 00:10,9062
2019-10-08 00:15,9092
2019-10-08 00:20,9117
2019-10-08 00:25,9117
2019-10-08 00:30,9117
2019-10-08 00:35,9117
2019-10-08 00:40,9117
2019-10-08 00:45,9117
2019-10-08 00:50,9117
2019-10-08 00:55,9117
2019-10-08 01:00,9117
2019-10-08 01:05,9334
2019-10-08 01:10,9420
2019-10-08 01:15,9475
2019-10-08 01:20,9461
2019-10-08 01:25,9433
2019-10-08 01:30,9507
2019-10-08 01:35,9491
2019-10-08 01:40,9499
2019-10-08 01:45,9429
2019-10-08 01:50,9392
2019-10-08 01:55,9370
2019-10-08 02:00,9366
2019-10-08 02:05,9286
2019-10-08 02:10,9228
2019-10-08 02:15,9177
2019-10-08 02:20,9152
2019-10-08 02:25,9148
2019-10-08 02:30,9116
2019-10-08 02:35,9028
2019-10-08 02:40,9047
2019-10-08 02:45,9004
2019-10-08 02:50,8919
2019-10-08 02:55,8791
2019-10-08 03:00,8741
2019-10-08 03:05,8655
2019-10-08 03:10,8552
2019-10-08 03:15,8393
2019-10-08 03:20,8289
2019-10-08 03:25,8184
2019-10-08 03:30,8135
2019-10-08 03:35,7994
2019-10-08 03:40,7923
2019-10-08 03:45,7791
2019-10-08 03:50,7737
2019-10-08 03:55,7680
2019-10-08 04:00,7558
2019-10-08 04:05,7441
2019-10-08 04:10,7278
2019-10-08 04:15,7187
2019-10-08 04:20,7079
2019-10-08 04:25,6981
2019-10-08 04:30,6896
2019-10-08 04:35,6816
2019-10-08 04:40,6682
2019-10-08 04:45,6481
2019-10-08 04:50,6388
2019-10-08 04:55,6289
2019-10-08 05:00,6165
2019-10-08 05:05,6049
2019-10-08 05:10,5937
2019-10-08 05:15,5768
2019-10-08 05:20,5644
2019-10-08 05:25,5520
2019-10-08 05:30,5399
2019-10-08 05:35,5323
2019-10-08 05:40,5193
2019-10-08 05:45,5136
2019-10-08 05:50,5026
2019-10-08 05:55,4908
2019-10-08 06:00,4855
2019-10-08 06:05,4771
2019-10-08 06:10,4657
2019-10-08 06:15,4557
2019-10-08 06:20,4473
2019-10-08 06:25,4363
2019-10-08 06:30,4288
2019-10-08 06:35,4204
2019-10-08 06:40,4115
2019-10-08 06:45,4092
2019-10-08 06:50,4016
2019-10-08 06:55,3957
2019-10-08 07:00,3852
2019-10-08 07:05,3816
2019-10-08 07:10,3786
2019-10-08 07:15,3712
2019-10-08 07:20,3648
2019-10-08 07:25,3590
2019-10-08 07:30,3588
2019-10-08 07:35,3552
2019-10-08 07:40,3539
2019-10-08 07:45,3501
2019-10-08 07:50,3451
2019-10-08 07:55,3443
2019-10-08 08:00,3423
2019-10-08 08:05,3395
2019-10-08 08:10,3389
2019-10-08 08:15,3362
2019-10-08 08:20,3360
2019-10-08 08:25,3364
2019-10-08 08:30,3370
2019-10-08 08:35,3363
2019-10-08 08:40,3395
2019-10-08 08:45,3389
2019-10-08 08:50,3360
2019-10-08 08:55,3351
2019-10-08 09:00,3349
2019-10-08 09:05,3319
2019-10-08 09:10,3372
2019-10-08 09:15,3402
2019-10-08 09:20,3446
2019-10-08 09:25,3444
2019-10-08 09:30,3438
2019-10-08 09:35,3427
2019-10-08 09:40,3441
2019-10-08 09:45,3459
2019-10-08 09:50,3502
2019-10-08 09:55,3534
2019-10-08 10:00,3537
2019-10-08 10:05,3565
2019-10-08 10:10,3561
2019-10-08 10:15,3585
2019-10-08 10:20,3591
2019-10-08 10:25,3668
2019-10-08 10:30,3707
2019-10-08 10:35,3750
2019-10-08 10:40,3791
2019-10-08 10:45,3837
2019-10-08 10:50,3847
2019-10-08 10:55,3870
2019-10-08 11:00,3911
2019-10-08 11:05,3916
2019-10-08 11:10,3945
2019-10-08 11:15,3965
2019-10-08 11:20,4033
2019-10-08 11:25,4100
2019-10-08 11:30,4099
2019-10-08 11:35,4154
2019-10-08 11:40,4169
2019-10-08 11:45,4165
2019-10-08 11:50,4177
2019-10-08 11:55,4206
2019-10-08 12:00,4250
2019-10-08 12:05,4265
2019-10-08 12:10,4352
2019-10-08 12:15,4323
2019-10-08 12:20,4468
2019-10-08 12:25,4537
2019-10-08 12:30,4592
2019-10-08 12:35,4647
2019-10-08 12:40,4726
2019-10-08 12:45,4796
2019-10-08 12:50,4859
2019-10-08 12:55,4926
2019-10-08 13:00,4981
2019-10-08 13:05,5018
2019-10-08 13:10,5086
2019-10-08 13:15,5157
2019-10-08 13:20,5213
2019-10-08 13:25,5385
2019-10-08 13:30,5461
2019-10-08 13:35,5545
2019-10-08 13:40,5672
2019-10-08 13:45,5748
2019-10-08 13:50,5853
2019-10-08 13:55,5931
2019-10-08 14:00,6012
2019-10-08 14:05,6062
2019-10-08 14:10,6154
2019-10-08 14:15,6299
2019-10-08 14:20,6332
2019-10-08 14:25,6418
2019-10-08 14:30,6444
2019-10-08 14:35,6510
2019-10-08 14:40,6548
2019-10-08 14:45,6658
2019-10-08 14:50,6705
2019-10-08 14:55,6761
2019-10-08 15:00,6797
2019-10-08 15:05,6840
2019-10-08 15:10,6912
2019-10-08 15:15,6978
2019-10-08 15:20,7068
2019-10-08 15:25,7086
2019-10-08 15:30,7196
2019-10-08 15:35,7270
2019-10-08 15:40,7415
2019-10-08 15:45,7463
2019-10-08 15:50,7526
2019-10-08 15:55,7611
2019-10-08 16:00,7785
2019-10-08 16:05,7865
2019-10-08 16:10,7947
2019-10-08 16:15,8036
2019-10-08 16:20,8153
2019-10-08 16:25,8200
2019-10-08 16:30,8300
2019-10-08 16:35,8473
2019-10-08 16:40,8606
2019-10-08 16:45,8700
2019-10-08 16:50,8830
2019-10-08 16:55,8934
2019-10-08 17:00,8938
2019-10-08 17:05,9012
2019-10-08 17:10,9145
2019-10-08 17:15,9261
2019-10-08 17:20,9344
2019-10-08 17:25,9443
2019-10-08 17:30,9531
2019-10-08 17:35,9609
2019-10-08 17:40,9656
2019-10-08 17:45,9676
2019-10-08 17:50,9773
2019-10-08 17:55,9824
2019-10-08 18:00,9871
2019-10-08 18:05,9917
2019-10-08 18:10,9984
2019-10-08 18:15,10027
2019-10-08 18:20,10127
2019-10-08 18:25,10259
2019-10-08 18:30,10298
2019-10-08 18:35,10332
2019-10-08 18:40,10382
2019-10-08 18:45,10452
2019-10-08 18:50,10496
2019-10-08 18:55,10431
2019-10-08 19:00,10451
2019-10-08 19:05,10529
2019-10-08 19:10,10554
2019-10-08 19:15,10590
2019-10-08 19:20,10630
2019-10-08 19:25,10685
2019-10-08 19:30,10645
2019-10-08 19:35,10610
2019-10-08 19:40,10638
2019-10-08 19:45,10663
2019-10-08 19:50,10599
2019-10-08 19:55,10621
2019-10-08 20:00,10643
2019-10-08 20:05,10664
2019-10-08 20:10,10667
2019-10-08 20:15,10636
2019-10-08 20:20,10554
2019-10-08 20:25,10518
2019-10-08 20:30,10438
2019-10-08 20:35,10374
2019-10-08 20:40,10335
2019-10-08 20:45,10394
2019-10-08 20:50,10340
2019-10-08 20:55,10272
2019-10-08 21:00,10205
2019-10-08 21:05,10129
2019-10-08 21:10,10082
2019-10-08 21:15,10011
2019-10-08 21:20,9915
2019-10-08 21:25,9853
2019-10-08 21:30,9824
2019-10-08 21:35,9743
2019-10-08 21:40,9644
2019-10-08 21:45,9643
2019-10-08 21:50,9617
2019-10-08 21:55,9528
2019-10-08 22:00,9405
2019-10-08 22:05,9308
2019-10-08 22:10,9237
2019-10-08 22:15,9173
2019-10-08 22:20,9055
2019-10-08 22:25,8978
2019-10-08 22:30,8924
2019-10-08 22:35,8912
2019-10-08 22:40,0
2019-10-08 22:45,8309
2019-10-08 22:50,8749
2019-10-08 22:55,8786
2019-10-08 23:00,6248
2019-10-08 23:05,8788
2019-10-08 23:10,8740
2019-10-08 23:15,8774
2019-10-08 23:20,8742
2019-10-08 23:25,8774
2019-10-08 23:30,8763
2019-10-08 23:35,8799
2019-10-08 23:40,8838
2019-10-08 23:45,
2019-10-08 23:50,
2019-10-08 23:55,8781
2019-10-09 00:00,8855
2019-10-09 00:05,8882
2019-10-09 00:10,8899
2019-10-09 00:15,8907
2019-10-09 00:20,8945
2019-10-09 00:25,8980
2019-10-09 00:30,8960
2019-10-09 00:35,8929
2019-10-09 00:40,8960
2019-10-09 00:45,8966
2019-10-09 00:50,9022
2019-10-09 00:55,9093
2019-10-09 01:00,9119
2019-10-09 01:05,9123
2019-10-09 01:10,9151
2019-10-09 01:15,9126
2019-10-09 01:20,9114
2019-10-09 01:25,9166
2019-10-09 01:30,9145
2019-10-09 01:35,9141
2019-10-09 01:40,9134
2019-10-09 01:45,9133
2019-10-09 01:50,9148
2019-10-09 01:55,9129
2019-10-09 02:00,
2019-10-09 02:05,
2019-10-09 02:10,
2019-10-09 02:15,8993
2019-10-09 02:20,8910
2019-10-09 02:25,
2019-10-09 02:30,
2019-10-09 02:35,
2019-10-09 02:40,8704
2019-10-09 02:45,8683
2019-10-09 02:50,8606
2019-10-09 02:55,8503
2019-10-09 03:00,8429
2019-10-09 03:05,8376
2019-10-09 03:10,8321
2019-10-09 03:15,8231
2019-10-09 03:20,8127
2019-10-09 03:25,8019
2019-10-09 03:30,7906
2019-10-09 03:35,7848
2019-10-09 03:40,7793
2019-10-09 03:45,7724
2019-10-09 03:50,7633
2019-10-09 03:55,7511
2019-10-09 04:00,7287
2019-10-09 04:05,7179
2019-10-09 04:10,7139
2019-10-09 04:15,7019
2019-10-09 04:20,6934
2019-10-09 04:25,6913
2019-10-09 04:30,6835
2019-10-09 04:35,6662
2019-10-09 04:40,6556
2019-10-09 04:45,6472
2019-10-09 04:50,6385
2019-10-09 04:55,6293
2019-10-09 05:00,6163
2019-10-09 05:05,6031
2019-10-09 05:10,5913
2019-10-09 05:15,5772
2019-10-09 05:20,5660
2019-10-09 05:25,5570
2019-10-09 05:30,5429
2019-10-09 05:35,5312
2019-10-09 05:40,5210
2019-10-09 05:45,5140
2019-10-09 05:50,5074
2019-10-09 05:55,4967
2019-10-09 06:00,4878
2019-10-09 06:05,4782
2019-10-09 06:10,4705
2019-10-09 06:15,4567
2019-10-09 06:20,4467
2019-10-09 06:25,4415
2019-10-09 06:30,4358
2019-10-09 06:35,4292
2019-10-09 06:40,4192
2019-10-09 06:45,4112
2019-10-09 06:50,4000
2019-10-09 06:55,3900
2019-10-09 07:00,3868
2019-10-09 07:05,3822
2019-10-09 07:10,3773
2019-10-09 07:15,3731
2019-10-09 07:20,3662
2019-10-09 07:25,3619
2019-10-09 07:30,3608
2019-10-09 07:35,3583
2019-10-09 07:40,3571
2019-10-09 07:45,3513
2019-10-09 07:50,3489
2019-10-09 07:55,3450
2019-10-09 08:00,3441
2019-10-09 08:05,3386
2019-10-09 08:10,3336
2019-10-09 08:15,3337
2019-10-09 08:20,3338
2019-10-09 08:25,3348
2019-10-09 08:30,3287
2019-10-09 08:35,3306
2019-10-09 08:40,3274
2019-10-09 08:45,3281
2019-10-09 08:50,3289
2019-10-09 08:55,3290
2019-10-09 09:00,3280
2019-10-09 09:05,3281
2019-10-09 09:10,3297
2019-10-09 09:15,3297
2019-10-09 09:20,3273
2019-10-09 09:25,3313
2019-10-09 09:30,3328
2019-10-09 09:35,3357
2019-10-09 09:40,3355
2019-10-09 09:45,3359
2019-10-09 09:50,3382
2019-10-09 09:55,3405
2019-10-09 10:00,3435
2019-10-09 10:05,3469
2019-10-09 10:10,3495
2019-10-09 10:15,3545
2019-10-09 10:20,3586
2019-10-09 10:25,3609
2019-10-09 10:30,3691
2019-10-09 10:35,3729
2019-10-09 10:40,3740
2019-10-09 10:45,3764
2019-10-09 10:50,3778
2019-10-09 10:55,3811
2019-10-09 11:00,3844
2019-10-09 11:05,3895
2019-10-09 11:10,3882
2019-10-09 11:15,3916
2019-10-09 11:20,3962
2019-10-09 11:25,4035
2019-10-09 11:30,4046
2019-10-09 11:35,4106
2019-10-09 11:40,4167
2019-10-09 11:45,4201
2019-10-09 11:50,4243
2019-10-09 11:55,4299
2019-10-09 12:00,4294
2019-10-09 12:05,4333
2019-10-09 12:10,4361
2019-10-09 12:15,4425
2019-10-09 12:20,4455
2019-10-09 12:25,4533
2019-10-09 12:30,4616
2019-10-09 12:35,4700
2019-10-09 12:40,4755
2019-10-09 12:45,4823
2019-10-09 12:50,4896
2019-10-09 12:55,4976
2019-10-09 13:00,5011
2019-10-09 13:05,5066
2019-10-09 13:10,5182
2019-10-09 13:15,5294
2019-10-09 13:20,5433
2019-10-09 13:25,5473
2019-10-09 13:30,5568
2019-10-09 13:35,5653
2019-10-09 13:40,5736
2019-10-09 13:45,5788
2019-10-09 13:50,5885
2019-10-09 13:55,5949
2019-10-09 14:00,6017
2019-10-09 14:05,6105
2019-10-09 14:10,6157
2019-10-09 14:15,6239
2019-10-09 14:20,6281
2019-10-09 14:25,6384
2019-10-09 14:30,6516
2019-10-09 14:35,6583
2019-10-09 14:40,6662
2019-10-09 14:45,6702
2019-10-09 14:50,6767
2019-10-09 14:55,6824
2019-10-09 15:00,6926
2019-10-09 15:05,6989
2019-10-09 15:10,7047
2019-10-09 15:15,7162
2019-10-09 15:20,7217
2019-10-09 15:25,7325
2019-10-09 15:30,7416
2019-10-09 15:35,7401
2019-10-09 15:40,7497
2019-10-09 15:45,7558
2019-10-09 15:50,7598
2019-10-09 15:55,7692
2019-10-09 16:00,
2019-10-09 16:05,7958
2019-10-09 16:10,7961
2019-10-09 16:15,8016
2019-10-09 16:20,8092
2019-10-09 16:25,8198
2019-10-09 16:30,8121
2019-10-09 16:35,8392
2019-10-09 16:40,8474
2019-10-09 16:45,8594
2019-10-09 16:50,8701
2019-10-09 16:55,8786
2019-10-09 17:00,8871
2019-10-09 17:05,8927
2019-10-09 17:10,8970
2019-10-09 17:15,9087
2019-10-09 17:20,9135
2019-10-09 17:25,9224
2019-10-09 17:30,9341
2019-10-09 17:35,9513
2019-10-09 17:40,9577
2019-10-09 17:45,9629
2019-10-09 17:50,9701
2019-10-09 17:55,9781
2019-10-09 18:00,9908
2019-10-09 18:05,9991
2019-10-09 18:10,10033
2019-10-09 18:15,10069
2019-10-09 18:20,10151
2019-10-09 18:25,10239
2019-10-09 18:30,10304
2019-10-09 18:35,10319
2019-10-09 18:40,10373
2019-10-09 18:45,10456
2019-10-09 18:50,10432
2019-10-09 18:55,10492
2019-10-09 19:00,10544
2019-10-09 19:05,10615
2019-10-09 19:10,10658
2019-10-09 19:15,10702
2019-10-09 19:20,10655
2019-10-09 19:25,10614
2019-10-09 19:30,10613
2019-10-09 19:35,10651
2019-10-09 19:40,10629
2019-10-09 19:45,10572
2019-10-09 19:50,10545
2019-10-09 19:55,10528
2019-10-09 20:00,10497
2019-10-09 20:05,10500
2019-10-09 20:10,10453
2019-10-09 20:15,10353
2019-10-09 20:20,10301
2019-10-09 20:25,10183
2019-10-09 20:30,10146
2019-10-09 20:35,10095
2019-10-09 20:40,10057
2019-10-09 20:45,9971
2019-10-09 20:50,9942
2019-10-09 20:55,9913
2019-10-09 21:00,9919
2019-10-09 21:05,9922
2019-10-09 21:10,9869
2019-10-09 21:15,9789
2019-10-09 21:20,9705
2019-10-09 21:25,9676
2019-10-09 21:30,9555
2019-10-09 21:35,9532
2019-10-09 21:40,9426
2019-10-09 21:45,9372
2019-10-09 21:50,9280
2019-10-09 21:55,9200
2019-10-09 22:00,9117
2019-10-09 22:05,9072
2019-10-09 22:10,9013
2019-10-09 22:15,8960
2019-10-09 22:20,8896
2019-10-09 22:25,8868
2019-10-09 22:30,8858
2019-10-09 22:35,8782
2019-10-09 22:40,8733
2019-10-09 22:45,8747
2019-10-09 22:50,8675
2019-10-09 22:55,8652
2019-10-09 23:00,8631
2019-10-09 23:05,8634
2019-10-09 23:10,8630
2019-10-09 23:15,8616
2019-10-09 23:20,8631
2019-10-09 23:25,8588
2019-10-09 23:30,8604
2019-10-09 23:35,8622
2019-10-09 23:40,8620
2019-10-09 23:45,8639
2019-10-09 23:50,8648
2019-10-09 23:55,8685
2019-10-10 00:00,8698
2019-10-10 00:05,8747
2019-10-10 00:10,8713
2019-10-10 00:15,8750
2019-10-10 00:20,8796
2019-10-10 00:25,0
2019-10-10 00:30,8810
2019-10-10 00:35,8788
2019-10-10 00:40,8850
2019-10-10 00:45,8845
2019-10-10 00:50,8817
2019-10-10 00:55,8840
2019-10-10 01:00,8812
2019-10-10 01:05,8812
2019-10-10 01:10,8738
2019-10-10 01:15,8734
2019-10-10 01:20,8819
2019-10-10 01:25,8815
2019-10-10 01:30,8790
2019-10-10 01:35,8790
2019-10-10 01:40,8769
2019-10-10 01:45,8835
2019-10-10 01:50,8785
2019-10-10 01:55,8776
2019-10-10 02:00,8811
2019-10-10 02:05,8835
2019-10-10 02:10,8820
2019-10-10 02:15,8764
2019-10-10 02:20,8737
2019-10-10 02:25,8728
2019-10-10 02:30,8709
2019-10-10 02:35,8593
2019-10-10 02:40,8572
2019-10-10 02:45,8544
2019-10-10 02:50,8493
2019-10-10 02:55,8484
2019-10-10 03:00,8434
2019-10-10 03:05,6598
2019-10-10 03:10,8195
2019-10-10 03:15,8124
2019-10-10 03:20,8051
2019-10-10 03:25,8018
2019-10-10 03:30,7889
2019-10-10 03:35,7791
2019-10-10 03:40,7699
2019-10-10 03:45,7578
2019-10-10 03:50,7504
2019-10-10 03:55,7440
2019-10-10 04:00,7332
2019-10-10 04:05,7264
2019-10-10 04:10,7136
2019-10-10 04:15,6997
2019-10-10 04:20,6862
2019-10-10 04:25,6754
2019-10-10 04:30,6683
2019-10-10 04:35,6581
2019-10-10 04:40,6468
2019-10-10 04:45,6362
2019-10-10 04:50,6250
2019-10-10 04:55,6101
2019-10-10 05:00,5977
2019-10-10 05:05,5889
2019-10-10 05:10,5791
2019-10-10 05:15,5675
2019-10-10 05:20,5564
2019-10-10 05:25,5471
2019-10-10 05:30,5306
2019-10-10 05:35,5231
2019-10-10 05:40,5151
2019-10-10 05:45,5067
2019-10-10 05:50,4978
2019-10-10 05:55,4887
2019-10-10 06:00,4778
2019-10-10 06:05,4669
2019-10-10 06:10,4585
2019-10-10 06:15,4491
2019-10-10 06:20,4429
2019-10-10 06:25,4339
2019-10-10 06:30,4279
2019-10-10 06:35,4173
2019-10-10 06:40,4107
2019-10-10 06:45,4073
2019-10-10 06:50,4029
2019-10-10 06:55,3926
2019-10-10 07:00,3874
2019-10-10 07:05,3816
2019-10-10 07:10,3787
2019-10-10 07:15,3745
2019-10-10 07:20,3692
2019-10-10 07:25,3645
2019-10-10 07:30,3608
2019-10-10 07:35,3539
2019-10-10 07:40,3476
2019-10-10 07:45,3454
2019-10-10 07:50,3396
2019-10-10 07:55,3359
2019-10-10 08:00,3321
2019-10-10 08:05,3317
2019-10-10 08:10,3278
2019-10-10 08:15,3264
2019-10-10 08:20,3261
2019-10-10 08:25,3253
2019-10-10 08:30,3234
2019-10-10 08:35,3235
2019-10-10 08:40,3223
2019-10-10 08:45,3218
2019-10-10 08:50,3224
2019-10-10 08:55,3246
2019-10-10 09:00,3265
2019-10-10 09:05,3271
2019-10-10 09:10,3308
2019-10-10 09:15,3316
2019-10-10 09:20,3333
2019-10-10 09:25,3363
2019-10-10 09:30,3396
2019-10-10 09:35,3439
2019-10-10 09:40,3427
2019-10-10 09:45,3433
2019-10-10 09:50,3460
2019-10-10 09:55,3467
2019-10-10 10:00,3428
2019-10-10 10:05,3462
2019-10-10 10:10,3510
2019-10-10 10:15,3556
2019-10-10 10:20,3564
2019-10-10 10:25,3609
2019-10-10 10:30,3650
2019-10-10 10:35,3692
2019-10-10 10:40,3748
2019-10-10 10:45,3775
2019-10-10 10:50,3810
2019-10-10 10:55,3829
2019-10-10 11:00,3846
2019-10-10 11:05,3869
2019-10-10 11:10,3903
2019-10-10 11:15,3912
2019-10-10 11:20,3975
2019-10-10 11:25,4002
2019-10-10 11:30,4010
2019-10-10 11:35,4050
2019-10-10 11:40,4092
2019-10-10 11:45,4082
2019-10-10 11:50,4122
2019-10-10 11:55,4183
2019-10-10 12:00,4228
2019-10-10 12:05,4296
2019-10-10 12:10,4349
2019-10-10 12:15,4406
2019-10-10 12:20,4492
2019-10-10 12:25,4545
2019-10-10 12:30,4579
2019-10-10 12:35,4604
2019-10-10 12:40,4666
2019-10-10 12:45,4757
2019-10-10 12:50,4834
2019-10-10 12:55,4870
2019-10-10 13:00,4961
2019-10-10 13:05,5026
2019-10-10 13:10,5090
2019-10-10 13:15,5132
2019-10-10 13:20,5209
2019-10-10 13:25,5301
2019-10-10 13:30,5349
2019-10-10 13:35,5434
2019-10-10 13:40,5486
2019-10-10 13:45,5589
2019-10-10 13:50,5673
2019-10-10 13:55,5764
2019-10-10 14:00,5854
2019-10-10 14:05,5905
2019-10-10 14:10,5976
2019-10-10 14:15,6048
2019-10-10 14:20,6092
2019-10-10 14:25,6207
2019-10-10 14:30,6281
2019-10-10 14:35,6300
2019-10-10 14:40,6380
2019-10-10 14:45,6424
2019-10-10 14:50,6558
2019-10-10 14:55,6630
2019-10-10 15:00,6715
2019-10-10 15:05,6784
2019-10-10 15:10,6806
2019-10-10 15:15,6878
2019-10-10 15:20,6935
2019-10-10 15:25,7049
2019-10-10 15:30,7136
2019-10-10 15:35,7175
2019-10-10 15:40,7290
2019-10-10 15:45,7382
2019-10-10 15:50,7399
2019-10-10 15:55,7446
2019-10-10 16:00,7515
2019-10-10 16:05,7597
2019-10-10 16:10,7700
2019-10-10 16:15,7835
2019-10-10 16:20,7888
2019-10-10 16:25,7952
2019-10-10 16:30,7964
2019-10-10 16:35,8042
2019-10-10 16:40,8151
2019-10-10 16:45,8237
2019-10-10 16:50,8304
2019-10-10 16:55,8364
2019-10-10 17:00,8499
2019-10-10 17:05,8538
2019-10-10 17:10,8597
2019-10-10 17:15,8665
2019-10-10 17:20,8771
2019-10-10 17:25,8887
2019-10-10 17:30,8953
2019-10-10 17:35,9008
2019-10-10 17:40,9101
2019-10-10 17:45,9157
2019-10-10 17:50,9236
2019-10-10 17:55,9311
2019-10-10 18:00,9344
2019-10-10 18:05,9462
2019-10-10 18:10,9564
2019-10-10 18:15,9566
2019-10-10 18:20,9608
2019-10-10 18:25,9718
2019-10-10 18:30,9805
2019-10-10 18:35,9861
2019-10-10 18:40,9867
2019-10-10 18:45,10001
2019-10-10 18:50,10050
2019-10-10 18:55,10072
2019-10-10 19:00,10141
2019-10-10 19:05,10180
2019-10-10 19:10,10280
2019-10-10 19:15,10365
2019-10-10 19:20,10402
2019-10-10 19:25,10489
2019-10-10 19:30,10524
2019-10-10 19:35,10523
2019-10-10 19:40,10575
2019-10-10 19:45,10525
2019-10-10 19:50,10506
2019-10-10 19:55,10530
2019-10-10 20:00,10535
2019-10-10 20:05,10527
2019-10-10 20:10,10503
2019-10-10 20:15,10455
2019-10-10 20:20,10325
2019-10-10 20:25,10251
2019-10-10 20:30,10244
2019-10-10 20:35,10205
2019-10-10 20:40,10194
2019-10-10 20:45,10179
2019-10-10 20:50,10175
2019-10-10 20:55,10197
2019-10-10 21:00,10101
2019-10-10 21:05,10073
2019-10-10 21:10,9988
2019-10-10 21:15,9965
2019-10-10 21:20,9891
2019-10-10 21:25,9817
2019-10-10 21:30,9742
2019-10-10 21:35,9707
2019-10-10 21:40,9635
2019-10-10 21:45,9609
2019-10-10 21:50,9489
2019-10-10 21:55,9441
2019-10-10 22:00,9334
2019-10-10 22:05,9296
2019-10-10 22:10,9232
2019-10-10 22:15,9130
2019-10-10 22:20,9122
2019-10-10 22:25,9062
2019-10-10 22:30,9006
2019-10-10 22:35,8962
2019-10-10 22:40,8900
2019-10-10 22:45,8887
2019-10-10 22:50,8832
2019-10-10 22:55,8831
2019-10-10 23:00,8751
2019-10-10 23:05,7347
2019-10-10 23:10,8676
2019-10-10 23:15,8680
2019-10-10 23:20,8626
2019-10-10 23:25,8628
2019-10-10 23:30,8648
2019-10-10 23:35,8631
2019-10-10 23:40,8617
2019-10-10 23:45,8678
2019-10-10 23:50,8692
2019-10-10 23:55,8708
2019-10-11 00:00,8728
2019-10-11 00:05,8749
2019-10-11 00:10,8779
2019-10-11 00:15,8907
2019-10-11 00:20,8961
2019-10-11 00:25,8945
2019-10-11 00:30,9028
2019-10-11 00:35,9087
2019-10-11 00:40,9071
2019-10-11 00:45,9135
2019-10-11 00:50,9217
2019-10-11 00:55,9235
2019-10-11 01:00,9223
2019-10-11 01:05,9269
2019-10-11 01:10,9314
2019-10-11 01:15,9361
2019-10-11 01:20,9364
2019-10-11 01:25,
2019-10-11 01:30,9412
2019-10-11 01:35,9385
2019-10-11 01:40,9418
2019-10-11 01:45,9470
2019-10-11 01:50,9489
2019-10-11 01:55,9418
2019-10-11 02:00,9465
2019-10-11 02:05,9470
2019-10-11 02:10,9494
2019-10-11 02:15,9486
2019-10-11 02:20,9476
2019-10-11 02:25,9446
2019-10-11 02:30,9457
2019-10-11 02:35,9438
2019-10-11 02:40,9377
2019-10-11 02:45,9337
2019-10-11 02:50,9332
2019-10-11 02:55,9268
2019-10-11 03:00,9220
2019-10-11 03:05,9171
2019-10-11 03:10,9074
2019-10-11 03:15,8971
2019-10-11 03:20,8848
2019-10-11 03:25,8751
2019-10-11 03:30,8584
2019-10-11 03:35,8461
2019-10-11 03:40,8349
2019-10-11 03:45,8269
2019-10-11 03:50,8099
2019-10-11 03:55,7983
2019-10-11 04:00,7844
2019-10-11 04:05,7712
2019-10-11 04:10,7577
2019-10-11 04:15,7507
2019-10-11 04:20,7391
2019-10-11 04:25,7289
2019-10-11 04:30,7166
2019-10-11 04:35,7051
2019-10-11 04:40,6925
2019-10-11 04:45,6796
2019-10-11 04:50,6680
2019-10-11 04:55,6528
2019-10-11 05:00,6352
2019-10-11 05:05,6191
2019-10-11 05:10,6037
2019-10-11 05:15,5907
2019-10-11 05:20,5769
2019-10-11 05:25,5628
2019-10-11 05:30,5514
2019-10-11 05:35,5460
2019-10-11 05:40,5368
2019-10-11 05:45,5294
2019-10-11 05:50,5184
2019-10-11 05:55,5076
2019-10-11 06:00,4959
2019-10-11 06:05,4831
2019-10-11 06:10,4794
2019-10-11 06:15,4680
2019-10-11 06:20,4598
2019-10-11 06:25,4536
2019-10-11 06:30,4435
2019-10-11 06:35,4361
2019-10-11 06:40,4315
2019-10-11 06:45,4219
2019-10-11 06:50,4120
2019-10-11 06:55,4061
2019-10-11 07:00,4019
2019-10-11 07:05,3962
2019-10-11 07:10,3896
2019-10-11 07:15,3844
2019-10-11 07:20,3805
2019-10-11 07:25,3767
2019-10-11 07:30,3729
2019-10-11 07:35,3696
2019-10-11 07:40,3703
2019-10-11 07:45,3627
2019-10-11 07:50,3622
2019-10-11 07:55,3575
2019-10-11 08:00,3510
2019-10-11 08:05,3496
2019-10-11 08:10,3456
2019-10-11 08:15,3435
2019-10-11 08:20,3430
2019-10-11 08:25,3464
2019-10-11 08:30,3468
2019-10-11 08:35,3489
2019-10-11 08:40,3484
2019-10-11 08:45,3494
2019-10-11 08:50,3512
2019-10-11 08:55,3554
2019-10-11 09:00,3555
2019-10-11 09:05,3565
2019-10-11 09:10,3614
2019-10-11 09:15,3652
2019-10-11 09:20,3628
2019-10-11 09:25,3648
2019-10-11 09:30,3674
2019-10-11 09:35,3715
2019-10-11 09:40,3746
2019-10-11 09:45,3743
2019-10-11 09:50,3714
2019-10-11 09:55,3756
2019-10-11 10:00,3787
2019-10-11 10:05,3795
2019-10-11 10:10,3784
2019-10-11 10:15,3808
2019-10-11 10:20,3793
2019-10-11 10:25,3833
2019-10-11 10:30,3821
2019-10-11 10:35,3880
2019-10-11 10:40,3900
2019-10-11 10:45,3929
2019-10-11 10:50,3971
2019-10-11 10:55,4032
2019-10-11 11:00,4105
2019-10-11 11:05,4165
2019-10-11 11:10,4213
2019-10-11 11:15,4263
2019-10-11 11:20,4327
2019-10-11 11:25,4361
2019-10-11 11:30,4383
2019-10-11 11:35,4441
2019-10-11 11:40,4509
2019-10-11 11:45,4510
2019-10-11 11:50,4570
2019-10-11 11:55,4632
2019-10-11 12:00,4680
2019-10-11 12:05,4734
2019-10-11 12:10,4776
2019-10-11 12:15,4840
2019-10-11 12:20,4898
2019-10-11 12:25,4962
2019-10-11 12:30,5017
2019-10-11 12:35,5105
2019-10-11 12:40,5183
2019-10-11 12:45,5248
2019-10-11 12:50,5300
2019-10-11 12:55,5338
2019-10-11 13:00,5381
2019-10-11 13:05,5457
2019-10-11 13:10,5530
2019-10-11 13:15,5642
2019-10-11 13:20,5737
2019-10-11 13:25,5824
2019-10-11 13:30,5894
2019-10-11 13:35,5965
2019-10-11 13:40,6019
2019-10-11 13:45,6156
2019-10-11 13:50,6228
2019-10-11 13:55,6272
2019-10-11 14:00,6386
2019-10-11 14:05,6520
2019-10-11 14:10,6609
2019-10-11 14:15,6710
2019-10-11 14:20,6757
2019-10-11 14:25,6830
2019-10-11 14:30,6861
2019-10-11 14:35,6970
2019-10-11 14:40,7069
2019-10-11 14:45,7128
2019-10-11 14:50,7194
2019-10-11 14:55,7251
2019-10-11 15:00,7348
2019-10-11 15:05,7447
2019-10-11 15:10,7520
2019-10-11 15:15,7545
2019-10-11 15:20,7593
2019-10-11 15:25,7681
2019-10-11 15:30,7740
2019-10-11 15:35,7765
2019-10-11 15:40,7843
2019-10-11 15:45,7901
2019-10-11 15:50,7946
2019-10-11 15:55,7985
2019-10-11 16:00,8034
2019-10-11 16:05,8061
2019-10-11 16:10,8177
2019-10-11 16:15,8277
2019-10-11 16:20,8319
2019-10-11 16:25,8371
2019-10-11 16:30,8435
2019-10-11 16:35,8509
2019-10-11 16:40,8553
2019-10-11 16:45,8685
2019-10-11 16:50,8753
2019-10-11 16:55,8856
2019-10-11 17:00,8926
2019-10-11 17:05,8974
2019-10-11 17:10,8956
2019-10-11 17:15,8959
2019-10-11 17:20,8986
2019-10-11 17:25,9074
2019-10-11 17:30,9191
2019-10-11 17:35,9307
2019-10-11 17:40,9409
2019-10-11 17:45,0
2019-10-11 17:50,9610
2019-10-11 17:55,9689
2019-10-11 18:00,9782
2019-10-11 18:05,9874
2019-10-11 18:10,9929
2019-10-11 18:15,10036
2019-10-11 18:20,10107
2019-10-11 18:25,10128
2019-10-11 18:30,10150
2019-10-11 18:35,10197
2019-10-11 18:40,10235
2019-10-11 18:45,10365
2019-10-11 18:50,10432
2019-10-11 18:55,10489
2019-10-11 19:00,10485
2019-10-11 19:05,10573
2019-10-11 19:10,10611
2019-10-11 19:15,10668
2019-10-11 19:20,10702
2019-10-11 19:25,10771
2019-10-11 19:30,10817
2019-10-11 19:35,10902
2019-10-11 19:40,10950
2019-10-11 19:45,11060
2019-10-11 19:50,11117
2019-10-11 19:55,11127
2019-10-11 20:00,11176
2019-10-11 20:05,11190
2019-10-11 20:10,11264
2019-10-11 20:15,11318
2019-10-11 20:20,11315
2019-10-11 20:25,11294
2019-10-11 20:30,11245
2019-10-11 20:35,11233
2019-10-11 20:40,11316
2019-10-11 20:45,11304
2019-10-11 20:50,11283
2019-10-11 20:55,11216
2019-10-11 21:00,11236
2019-10-11 21:05,11193
2019-10-11 21:10,11232
2019-10-11 21:15,11171
2019-10-11 21:20,11171
2019-10-11 21:25,11136
2019-10-11 21:30,11158
2019-10-11 21:35,11121
2019-10-11 21:40,11125
2019-10-11 21:45,11080
2019-10-11 21:50,11013
2019-10-11 21:55,10890
2019-10-11 22:00,10754
2019-10-11 22:05,10671
2019-10-11 22:10,10616
2019-10-11 22:15,10489
2019-10-11 22:20,10432
2019-10-11 22:25,10346
2019-10-11 22:30,10293
2019-10-11 22:35,10220
2019-10-11 22:40,10190
2019-10-11 22:45,10077
2019-10-11 22:50,9966
2019-10-11 22:55,10010
2019-10-11 23:00,9989
2019-10-11 23:05,9851
2019-10-11 23:10,9838
2019-10-11 23:15,9820
2019-10-11 23:20,9759
2019-10-11 23:25,9754
2019-10-11 23:30,9738
2019-10-11 23:35,9672
2019-10-11 23:40,9619
2019-10-11 23:45,9599
2019-10-11 23:50,9499
2019-10-11 23:55,9515
2019-10-12 00:00,9511
2019-10-12 00:05,9509
2019-10-12 00:10,9499
2019-10-12 00:15,9401
2019-10-12 00:20,9282
2019-10-12 00:25,9275
2019-10-12 00:30,9186
2019-10-12 00:35,9210
2019-10-12 00:40,9223
2019-10-12 00:45,9163
2019-10-12 00:50,9212
2019-10-12 00:55,9186
2019-10-12 01:00,9162
2019-10-12 01:05,9164
2019-10-12 01:10,9150
2019-10-12 01:15,9152
2019-10-12 01:20,9178
2019-10-12 01:25,9141
2019-10-12 01:30,9196
2019-10-12 01:35,9236
2019-10-12 01:40,9304
2019-10-12 01:45,9346
2019-10-12 01:50,9418
2019-10-12 01:55,9461
2019-10-12 02:00,9511
2019-10-12 02:05,9492
2019-10-12 02:10,9520
2019-10-12 02:15,9541
2019-10-12 02:20,9572
2019-10-12 02:25,9588
2019-10-12 02:30,9599
2019-10-12 02:35,9601
2019-10-12 02:40,9614
2019-10-12 02:45,9591
2019-10-12 02:50,9611
2019-10-12 02:55,9578
2019-10-12 03:00,9624
2019-10-12 03:05,9577
2019-10-12 03:10,9525
2019-10-12 03:15,9480
2019-10-12 03:20,9436
2019-10-12 03:25,9402
2019-10-12 03:30,9357
2019-10-12 03:35,9297
2019-10-12 03:40,9281
2019-10-12 03:45,9227
2019-10-12 03:50,9178
2019-10-12 03:55,9099
2019-10-12 04:00,9037
2019-10-12 04:05,8937
2019-10-12 04:10,8833
2019-10-12 04:15,8791
2019-10-12 04:20,8670
2019-10-12 04:25,8596
2019-10-12 04:30,8513
2019-10-12 04:35,8392
2019-10-12 04:40,8315
2019-10-12 04:45,8254
2019-10-12 04:50,8125
2019-10-12 04:55,8019
2019-10-12 05:00,7939
2019-10-12 05:05,7828
2019-10-12 05:10,7678
2019-10-12 05:15,7583
2019-10-12 05:20,7456
2019-10-12 05:25,7309
2019-10-12 05:30,7188
2019-10-12 05:35,7098
2019-10-12 05:40,6979
2019-10-12 05:45,6927
2019-10-12 05:50,6825
2019-10-12 05:55,6718
2019-10-12 06:00,6602
2019-10-12 06:05,6471
2019-10-12 06:10,6361
2019-10-12 06:15,6252
2019-10-12 06:20,6155
2019-10-12 06:25,6011
2019-10-12 06:30,5903
2019-10-12 06:35,5829
2019-10-12 06:40,5762
2019-10-12 06:45,5645
2019-10-12 06:50,5576
2019-10-12 06:55,5494
2019-10-12 07:00,5418
2019-10-12 07:05,5340
2019-10-12 07:10,5262
2019-10-12 07:15,5210
2019-10-12 07:20,5154
2019-10-12 07:25,5088
2019-10-12 07:30,5066
2019-10-12 07:35,5011
2019-10-12 07:40,4984
2019-10-12 07:45,4927
2019-10-12 07:50,4883
2019-10-12 07:55,4862
2019-10-12 08:00,4818
2019-10-12 08:05,4804
2019-10-12 08:10,4771
2019-10-12 08:15,4746
2019-10-12 08:20,4721
2019-10-12 08:25,4703
2019-10-12 08:30,4749
2019-10-12 08:35,4793
2019-10-12 08:40,4792
2019-10-12 08:45,4830
2019-10-12 08:50,4882
2019-10-12 08:55,4904
2019-10-12 09:00,4953
2019-10-12 09:05,5006
2019-10-12 09:10,4990
2019-10-12 09:15,5021
2019-10-12 09:20,5016
2019-10-12 09:25,5022
2019-10-12 09:30,5033
2019-10-12 09:35,5058
2019-10-12 09:40,5065
2019-10-12 09:45,5062
2019-10-12 09:50,5063
2019-10-12 09:55,5109
2019-10-12 10:00,5102
2019-10-12 10:05,5145
2019-10-12 10:10,5161
2019-10-12 10:15,5209
2019-10-12 10:20,5204
2019-10-12 10:25,5283
2019-10-12 10:30,5372
2019-10-12 10:35,5397
2019-10-12 10:40,5469
2019-10-12 10:45,5476
2019-10-12 10:50,5599
2019-10-12 10:55,5643
2019-10-12 11:00,5689
2019-10-12 11:05,5700
2019-10-12 11:10,5783
2019-10-12 11:15,5836
2019-10-12 11:20,5897
2019-10-12 11:25,5945
2019-10-12 11:30,5962
2019-10-12 11:35,6031
2019-10-12 11:40,6154
2019-10-12 11:45,6173
2019-10-12 11:50,6224
2019-10-12 11:55,6326
2019-10-12 12:00,6411
2019-10-12 12:05,6489
2019-10-12 12:10,6517
2019-10-12 12:15,6600
2019-10-12 12:20,6713
2019-10-12 12:25,6753
2019-10-12 12:30,6802
2019-10-12 12:35,6870
2019-10-12 12:40,6927
2019-10-12 12:45,6944
2019-10-12 12:50,6975
2019-10-12 12:55,7021
2019-10-12 13:00,7096
2019-10-12 13:05,7151
2019-10-12 13:10,7252
2019-10-12 13:15,7403
2019-10-12 13:20,7523
2019-10-12 13:25,7602
2019-10-12 13:30,7702
2019-10-12 13:35,7787
2019-10-12 13:40,7859
2019-10-12 13:45,7986
2019-10-12 13:50,8081
2019-10-12 13:55,8182
2019-10-12 14:00,8245
2019-10-12 14:05,8287
2019-10-12 14:10,8436
2019-10-12 14:15,8504
2019-10-12 14:20,8570
2019-10-12 14:25,8647
2019-10-12 14:30,8678
2019-10-12 14:35,8741
2019-10-12 14:40,8791
2019-10-12 14:45,8913
2019-10-12 14:50,8983
2019-10-12 14:55,9065
2019-10-12 15:00,9131
2019-10-12 15:05,9141
2019-10-12 15:10,9214
2019-10-12 15:15,9267
2019-10-12 15:20,9362
2019-10-12 15:25,9369
2019-10-12 15:30,9410
2019-10-12 15:35,9507
2019-10-12 15:40,9567
2019-10-12 15:45,9597
2019-10-12 15:50,9628
2019-10-12 15:55,9697
2019-10-12 16:00,9763
2019-10-12 16:05,9831
2019-10-12 16:10,9895
2019-10-12 16:15,9912
2019-10-12 16:20,10002
2019-10-12 16:25,10076
2019-10-12 16:30,10116
2019-10-12 16:35,10145
2019-10-12 16:40,10239
2019-10-12 16:45,10321
2019-10-12 16:50,10384
2019-10-12 16:55,10456
2019-10-12 17:00,10564
2019-10-12 17:05,10556
2019-10-12 17:10,10636
2019-10-12 17:15,10698
2019-10-12 17:20,10765
2019-10-12 17:25,10837
2019-10-12 17:30,10880
2019-10-12 17:35,11005
2019-10-12 17:40,11047
2019-10-12 17:45,11153
2019-10-12 17:50,11251
2019-10-12 17:55,11293
2019-10-12 18:00,11275
2019-10-12 18:05,11312
2019-10-12 18:10,11418
2019-10-12 18:15,11473
2019-10-12 18:20,11606
2019-10-12 18:25,11685
2019-10-12 18:30,11733
2019-10-12 18:35,11850
2019-10-12 18:40,11988
2019-10-12 18:45,12043
2019-10-12 18:50,12105
2019-10-12 18:55,12192
2019-10-12 19:00,12235
2019-10-12 19:05,12265
2019-10-12 19:10,12284
2019-10-12 19:15,12381
2019-10-12 19:20,12417
2019-10-12 19:25,12399
2019-10-12 19:30,12396
2019-10-12 19:35,12409
2019-10-12 19:40,12465
2019-10-12 19:45,12438
2019-10-12 19:50,12493
2019-10-12 19:55,12541
2019-10-12 20:00,12581
2019-10-12 20:05,12534
2019-10-12 20:10,12517
2019-10-12 20:15,12544
2019-10-12 20:20,12587
2019-10-12 20:25,12582
2019-10-12 20:30,12649
2019-10-12 20:35,12626
2019-10-12 20:40,12645
2019-10-12 20:45,12695
2019-10-12 20:50,12637
2019-10-12 20:55,12634
2019-10-12 21:00,12567
2019-10-12 21:05,12500
2019-10-12 21:10,12455
2019-10-12 21:15,12426
2019-10-12 21:20,12294
2019-10-12 21:25,12178
2019-10-12 21:30,12046
2019-10-12 21:35,11971
2019-10-12 21:40,11915
2019-10-12 21:45,11852
2019-10-12 21:50,11795
2019-10-12 21:55,11767
2019-10-12 22:00,11674
2019-10-12 22:05,11582
2019-10-12 22:10,11427
2019-10-12 22:15,11294
2019-10-12 22:20,11250
2019-10-12 22:25,11129
2019-10-12 22:30,11069
2019-10-12 22:35,10932
2019-10-12 22:40,10889
2019-10-12 22:45,10853
2019-10-12 22:50,10734
2019-10-12 22:55,10664
2019-10-12 23:00,10530
2019-10-12 23:05,10486
2019-10-12 23:10,10389
2019-10-12 23:15,10281
2019-10-12 23:20,10211
2019-10-12 23:25,10130
2019-10-12 23:30,10070
2019-10-12 23:35,10022
2019-10-12 23:40,9995
2019-10-12 23:45,9914
2019-10-12 23:50,9833
2019-10-12 23:55,9770
2019-10-13 00:00,9676
2019-10-13 00:05,9585
2019-10-13 00:10,9575
2019-10-13 00:15,9525
2019-10-13 00:20,9471
2019-10-13 00:25,9430
2019-10-13 00:30,9420
2019-10-13 00:35,9357
2019-10-13 00:40,9330
2019-10-13 00:45,9274
2019-10-13 00:50,9216
2019-10-13 00:55,9223
2019-10-13 01:00,9219
2019-10-13 01:05,9309
2019-10-13 01:10,9235
2019-10-13 01:15,9248
2019-10-13 01:20,9204
2019-10-13 01:25,9190
2019-10-13 01:30,9216
2019-10-13 01:35,9225
2019-10-13 01:40,9216
2019-10-13 01:45,9238
2019-10-13 01:50,9232
2019-10-13 01:55,9331
2019-10-13 02:00,9319
2019-10-13 02:05,9325
2019-10-13 02:10,9311
2019-10-13 02:15,9331
2019-10-13 02:20,9321
2019-10-13 02:25,9291
2019-10-13 02:30,9247
2019-10-13 02:35,9285
2019-10-13 02:40,9245
2019-10-13 02:45,9232
2019-10-13 02:50,9237
2019-10-13 02:55,9303
2019-10-13 03:00,9312
2019-10-13 03:05,9255
2019-10-13 03:10,9250
2019-10-13 03:15,9224
2019-10-13 03:20,9208
2019-10-13 03:25,9074
2019-10-13 03:30,9104
2019-10-13 03:35,9075
2019-10-13 03:40,9024
2019-10-13 03:45,8969
2019-10-13 03:50,8922
2019-10-13 03:55,8870
2019-10-13 04:00,8833
2019-10-13 04:05,8756
2019-10-13 04:10,8682
2019-10-13 04:15,8623
2019-10-13 04:20,8553
2019-10-13 04:25,8532
2019-10-13 04:30,8497
2019-10-13 04:35,8470
2019-10-13 04:40,8422
2019-10-13 04:45,8305
2019-10-13 04:50,8195
2019-10-13 04:55,8093
2019-10-13 05:00,7995
2019-10-13 05:05,7864
2019-10-13 05:10,7804
2019-10-13 05:15,7724
2019-10-13 05:20,7583
2019-10-13 05:25,7491
2019-10-13 05:30,7414
2019-10-13 05:35,7288
2019-10-13 05:40,7187
2019-10-13 05:45,7080
2019-10-13 05:50,6921
2019-10-13 05:55,6810
2019-10-13 06:00,6705
2019-10-13 06:05,6555
2019-10-13 06:10,6440
2019-10-13 06:15,6367
2019-10-13 06:20,6290
2019-10-13 06:25,6244
2019-10-13 06:30,6110
2019-10-13 06:35,6029
2019-10-13 06:40,5958
2019-10-13 06:45,5886
2019-10-13 06:50,5814
2019-10-13 06:55,5727
2019-10-13 07:00,5654
2019-10-13 07:05,5624
2019-10-13 07:10,5560
2019-10-13 07:15,5558
2019-10-13 07:20,5504
2019-10-13 07:25,5427
2019-10-13 07:30,5354
2019-10-13 07:35,5318
2019-10-13 07:40,5298
2019-10-13 07:45,5254
2019-10-13 07:50,5185
2019-10-13 07:55,5192
2019-10-13 08:00,5179
2019-10-13 08:05,5140
2019-10-13 08:10,5051
2019-10-13 08:15,5057
2019-10-13 08:20,5036
2019-10-13 08:25,5072
2019-10-13 08:30,5085
2019-10-13 08:35,5097
2019-10-13 08:40,5124
2019-10-13 08:45,5143
2019-10-13 08:50,5196
2019-10-13 08:55,5240
2019-10-13 09:00,5234
2019-10-13 09:05,5264
2019-10-13 09:10,5309
2019-10-13 09:15,5362
2019-10-13 09:20,5421
2019-10-13 09:25,5483
2019-10-13 09:30,5523
2019-10-13 09:35,5565
2019-10-13 09:40,5598
2019-10-13 09:45,5650
2019-10-13 09:50,5706
2019-10-13 09:55,5747
2019-10-13 10:00,5801
2019-10-13 10:05,5860
2019-10-13 10:10,5906
2019-10-13 10:15,5968
2019-10-13 10:20,6048
2019-10-13 10:25,6084
2019-10-13 10:30,6153
2019-10-13 10:35,6204
2019-10-13 10:40,6245
2019-10-13 10:45,6277
2019-10-13 10:50,6353
2019-10-13 10:55,6353
2019-10-13 11:00,6398
2019-10-13 11:05,6492
2019-10-13 11:10,6523
2019-10-13 11:15,6588
2019-10-13 11:20,6654
2019-10-13 11:25,6634
2019-10-13 11:30,6701
2019-10-13 11:35,6769
2019-10-13 11:40,6814
2019-10-13 11:45,6839
2019-10-13 11:50,6924
2019-10-13 11:55,6979
2019-10-13 12:00,7026
2019-10-13 12:05,7046
2019-10-13 12:10,7033
2019-10-13 12:15,7083
2019-10-13 12:20,7133
2019-10-13 12:25,7141
2019-10-13 12:30,7217
2019-10-13 12:35,7256
2019-10-13 12:40,7372
2019-10-13 12:45,7474
2019-10-13 12:50,7517
2019-10-13 12:55,7598
2019-10-13 13:00,7650
2019-10-13 13:05,7709
2019-10-13 13:10,7824
2019-10-13 13:15,7965
2019-10-13 13:20,8066
2019-10-13 13:25,8156
2019-10-13 13:30,8230
2019-10-13 13:35,8341
2019-10-13 13:40,8449
2019-10-13 13:45,8581
2019-10-13 13:50,8640
2019-10-13 13:55,8790
2019-10-13 14:00,8847
2019-10-13 14:05,8924
2019-10-13 14:10,8982
2019-10-13 14:15,9063
2019-10-13 14:20,9132
2019-10-13 14:25,9204
2019-10-13 14:30,9375
2019-10-13 14:35,9474
2019-10-13 14:40,9489
2019-10-13 14:45,9556
2019-10-13 14:50,9545
2019-10-13 14:55,9667
2019-10-13 15:00,9719
2019-10-13 15:05,9793
2019-10-13 15:10,9808
2019-10-13 15:15,9815
2019-10-13 15:20,9860
2019-10-13 15:25,9955
2019-10-13 15:30,9990
2019-10-13 15:35,10125
2019-10-13 15:40,10225
2019-10-13 15:45,10292
2019-10-13 15:50,10410
2019-10-13 15:55,10489
2019-10-13 16:00,10517
2019-10-13 16:05,10561
2019-10-13 16:10,10671
2019-10-13 16:15,10684
2019-10-13 16:20,10783
2019-10-13 16:25,10867
2019-10-13 16:30,10961
2019-10-13 16:35,11059
2019-10-13 16:40,11135
2019-10-13 16:45,11072
2019-10-13 16:50,11104
2019-10-13 16:55,11188
2019-10-13 17:00,11270
2019-10-13 17:05,11294
2019-10-13 17:10,11423
2019-10-13 17:15,11487
2019-10-13 17:20,11484
2019-10-13 17:25,11552
2019-10-13 17:30,11619
2019-10-13 17:35,11653
2019-10-13 17:40,11687
2019-10-13 17:45,11699
2019-10-13 17:50,11725
2019-10-13 17:55,11862
2019-10-13 18:00,11914
2019-10-13 18:05,12080
2019-10-13 18:10,12148
2019-10-13 18:15,12245
2019-10-13 18:20,12406
2019-10-13 18:25,12532
2019-10-13 18:30,12623
2019-10-13 18:35,12766
2019-10-13 18:40,12885
2019-10-13 18:45,12951
2019-10-13 18:50,13047
2019-10-13 18:55,13163
2019-10-13 19:00,13277
2019-10-13 19:05,13359
2019-10-13 19:10,13383
2019-10-13 19:15,13436
2019-10-13 19:20,13475
2019-10-13 19:25,13476
2019-10-13 19:30,13433
2019-10-13 19:35,13369
2019-10-13 19:40,13383
2019-10-13 19:45,13424
2019-10-13 19:50,13421
2019-10-13 19:55,13429
2019-10-13 20:00,13450
2019-10-13 20:05,13351
2019-10-13 20:10,13293
2019-10-13 20:15,13233
2019-10-13 20:20,13167
2019-10-13 20:25,13065
2019-10-13 20:30,13038
2019-10-13 20:35,12948
2019-10-13 20:40,12880
2019-10-13 20:45,12785
2019-10-13 20:50,12784
2019-10-13 20:55,12647
2019-10-13 21:00,12539
2019-10-13 21:05,12433
2019-10-13 21:10,12354
2019-10-13 21:15,12174
2019-10-13 21:20,12067
2019-10-13 21:25,11918
2019-10-13 21:30,11916
2019-10-13 21:35,11788
2019-10-13 21:40,11729
2019-10-13 21:45,11577
2019-10-13 21:50,11463
2019-10-13 21:55,11356
2019-10-13 22:00,11231
2019-10-13 22:05,11123
2019-10-13 22:10,10936
2019-10-13 22:15,10874
2019-10-13 22:20,10728
2019-10-13 22:25,10691
2019-10-13 22:30,10553
2019-10-13 22:35,10518
2019-10-13 22:40,10444
2019-10-13 22:45,10358
2019-10-13 22:50,10301
2019-10-13 22:55,10280
2019-10-13 23:00,10275
2019-10-13 23:05,10181
2019-10-13 23:10,10136
2019-10-13 23:15,10071
2019-10-13 23:20,10019
2019-10-13 23:25,9987
2019-10-13 23:30,9943
2019-10-13 23:35,9900
2019-10-13 23:40,9901
2019-10-13 23:45,9893
2019-10-13 23:50,9844
2019-10-13 23:55,9839
2019-10-14 00:00,9846
2019-10-14 00:05,9857
2019-10-14 00:10,9851
2019-10-14 00:15,9878
2019-10-14 00:20,9909
2019-10-14 00:25,9909
2019-10-14 00:30,9883
2019-10-14 00:35,9863
2019-10-14 00:40,9897
2019-10-14 00:45,9856
2019-10-14 00:50,9837
2019-10-14 00:55,9877
2019-10-14 01:00,9881
2019-10-14 01:05,9874
2019-10-14 01:10,9850
2019-10-14 01:15,9846
2019-10-14 01:20,
2019-10-14 01:25,9855
2019-10-14 01:30,9875
2019-10-14 01:35,9808
2019-10-14 01:40,9807
2019-10-14 01:45,9803
2019-10-14 01:50,9771
2019-10-14 01:55,9756
2019-10-14 02:00,9748
2019-10-14 02:05,9718
2019-10-14 02:10,9702
2019-10-14 02:15,9651
2019-10-14 02:20,9666
2019-10-14 02:25,9590
2019-10-14 02:30,9612
2019-10-14 02:35,9558
2019-10-14 02:40,9493
2019-10-14 02:45,9410
2019-10-14 02:50,9386
2019-10-14 02:55,9271
2019-10-14 03:00,9175
2019-10-14 03:05,9062
2019-10-14 03:10,8015
2019-10-14 03:15,6425
2019-10-14 03:20,5110
2019-10-14 03:25,4286
2019-10-14 03:30,4118
2019-10-14 03:35,4511
2019-10-14 03:40,4842
2019-10-14 03:45,5081
2019-10-14 03:50,5305
2019-10-14 03:55,5540
2019-10-14 04:00,5699
2019-10-14 04:05,5879
2019-10-14 04:10,6053
2019-10-14 04:15,6119
2019-10-14 04:20,6250
2019-10-14 04:25,6340
2019-10-14 04:30,6336
2019-10-14 04:35,6412
2019-10-14 04:40,6410
2019-10-14 04:45,6398
2019-10-14 04:50,6342
2019-10-14 04:55,6313
2019-10-14 05:00,6305
2019-10-14 05:05,6336
2019-10-14 05:10,6262
2019-10-14 05:15,6256
2019-10-14 05:20,6198
2019-10-14 05:25,6128
2019-10-14 05:30,6039
2019-10-14 05:35,5927
2019-10-14 05:40,5866
2019-10-14 05:45,5747
2019-10-14 05:50,5601
2019-10-14 05:55,5504
2019-10-14 06:00,5392
2019-10-14 06:05,5283
2019-10-14 06:10,5162
2019-10-14 06:15,5076
2019-10-14 06:20,4959
2019-10-14 06:25,4878
2019-10-14 06:30,4764
2019-10-14 06:35,4671
2019-10-14 06:40,4571
2019-10-14 06:45,4553
2019-10-14 06:50,4475
2019-10-14 06:55,4386
2019-10-14 07:00,4309
2019-10-14 07:05,4240
2019-10-14 07:10,4159
2019-10-14 07:15,4109
2019-10-14 07:20,4062
2019-10-14 07:25,3997
2019-10-14 07:30,3977
2019-10-14 07:35,3935
2019-10-14 07:40,3883
2019-10-14 07:45,3857
2019-10-14 07:50,3866
2019-10-14 07:55,3883
2019-10-14 08:00,3832
2019-10-14 08:05,3799
2019-10-14 08:10,3744
2019-10-14 08:15,3718
2019-10-14 08:20,3692
2019-10-14 08:25,3711
2019-10-14 08:30,3710
2019-10-14 08:35,3678
2019-10-14 08:40,3648
2019-10-14 08:45,3650
2019-10-14 08:50,3658
2019-10-14 08:55,3646
2019-10-14 09:00,3650
2019-10-14 09:05,3636
2019-10-14 09:10,3605
2019-10-14 09:15,3638
2019-10-14 09:20,3707
2019-10-14 09:25,3718
2019-10-14 09:30,3716
2019-10-14 09:35,3688
2019-10-14 09:40,3708
2019-10-14 09:45,3753
2019-10-14 09:50,3753
2019-10-14 09:55,3746
2019-10-14 10:00,3759
2019-10-14 10:05,3780
2019-10-14 10:10,3824
2019-10-14 10:15,3854
2019-10-14 10:20,3872
2019-10-14 10:25,3884
2019-10-14 10:30,3876
2019-10-14 10:35,3905
2019-10-14 10:40,3966
2019-10-14 10:45,4012
2019-10-14 10:50,4042
2019-10-14 10:55,4075
2019-10-14 11:00,4124
2019-10-14 11:05,4158
2019-10-14 11:10,4190
2019-10-14 11:15,4232
2019-10-14 11:20,4291
2019-10-14 11:25,4351
2019-10-14 11:30,4380
2019-10-14 11:35,4391
2019-10-14 11:40,4378
2019-10-14 11:45,4379
2019-10-14 11:50,4410
2019-10-14 11:55,4462
2019-10-14 12:00,4521
2019-10-14 12:05,4552
2019-10-14 12:10,4640
2019-10-14 12:15,4674
2019-10-14 12:20,4739
2019-10-14 12:25,4796
2019-10-14 12:30,4814
2019-10-14 12:35,4891
2019-10-14 12:40,4977
2019-10-14 12:45,5021
2019-10-14 12:50,5070
2019-10-14 12:55,5117
2019-10-14 13:00,5175
2019-10-14 13:05,5271
2019-10-14 13:10,5349
2019-10-14 13:15,5401
2019-10-14 13:20,5466
2019-10-14 13:25,5577
2019-10-14 13:30,5644
2019-10-14 13:35,5670
2019-10-14 13:40,5770
2019-10-14 13:45,5856
2019-10-14 13:50,5966
2019-10-14 13:55,6023
2019-10-14 14:00,6138
2019-10-14 14:05,6231
2019-10-14 14:10,6335
2019-10-14 14:15,6492
2019-10-14 14:20,6574
2019-10-14 14:25,6685
2019-10-14 14:30,6749
2019-10-14 14:35,6870
2019-10-14 14:40,6940
2019-10-14 14:45,7058
2019-10-14 14:50,7154
2019-10-14 14:55,7286
2019-10-14 15:00,7349
2019-10-14 15:05,7396
2019-10-14 15:10,7508
2019-10-14 15:15,7562
2019-10-14 15:20,7634
2019-10-14 15:25,7755
2019-10-14 15:30,7847
2019-10-14 15:35,7918
2019-10-14 15:40,8013
2019-10-14 15:45,8072
2019-10-14 15:50,8095
2019-10-14 15:55,8144
2019-10-14 16:00,8220
2019-10-14 16:05,8332
2019-10-14 16:10,8462
2019-10-14 16:15,8577
2019-10-14 16:20,8722
2019-10-14 16:25,8835
2019-10-14 16:30,8892
2019-10-14 16:35,8973
2019-10-14 16:40,9068
2019-10-14 16:45,9191
2019-10-14 16:50,9272
2019-10-14 16:55,9396
2019-10-14 17:00,9436
2019-10-14 17:05,9572
2019-10-14 17:10,9668
2019-10-14 17:15,9791
2019-10-14 17:20,9900
2019-10-14 17:25,9984
2019-10-14 17:30,10093
2019-10-14 17:35,10148
2019-10-14 17:40,10204
2019-10-14 17:45,10306
2019-10-14 17:50,10396
2019-10-14 17:55,10502
2019-10-14 18:00,10575
2019-10-14 18:05,10716
2019-10-14 18:10,10796
2019-10-14 18:15,10939
2019-10-14 18:20,11011
2019-10-14 18:25,11021
2019-10-14 18:30,11134
2019-10-14 18:35,11120
2019-10-14 18:40,11223
2019-10-14 18:45,11289
2019-10-14 18:50,10844
2019-10-14 18:55,10741
2019-10-14 19:00,10699
2019-10-14 19:05,10755
2019-10-14 19:10,10898
2019-10-14 19:15,10939
2019-10-14 19:20,10964
2019-10-14 19:25,11089
2019-10-14 19:30,11198
2019-10-14 19:35,11272
2019-10-14 19:40,11402
2019-10-14 19:45,11409
2019-10-14 19:50,11417
2019-10-14 19:55,11456
2019-10-14 20:00,11551
2019-10-14 20:05,11544
2019-10-14 20:10,8633
2019-10-14 20:15,11367
2019-10-14 20:20,11527
2019-10-14 20:25,11453
2019-10-14 20:30,11400
2019-10-14 20:35,11331
2019-10-14 20:40,11242
2019-10-14 20:45,8322
2019-10-14 20:50,11094
2019-10-14 20:55,11054
2019-10-14 21:00,11023
2019-10-14 21:05,10919
2019-10-14 21:10,10919
2019-10-14 21:15,10851
2019-10-14 21:20,10748
2019-10-14 21:25,10649
2019-10-14 21:30,10593
2019-10-14 21:35,10490
2019-10-14 21:40,10462
2019-10-14 21:45,10332
2019-10-14 21:50,10318
2019-10-14 21:55,10283
2019-10-14 22:00,10241
2019-10-14 22:05,10154
2019-10-14 22:10,10070
2019-10-14 22:15,9943
2019-10-14 22:20,9802
2019-10-14 22:25,9771
2019-10-14 22:30,9706
2019-10-14 22:35,9693
2019-10-14 22:40,9675
2019-10-14 22:45,9655
2019-10-14 22:50,9615
2019-10-14 22:55,9631
2019-10-14 23:00,9522
2019-10-14 23:05,9530
2019-10-14 23:10,9475
2019-10-14 23:15,9375
2019-10-14 23:20,9374
2019-10-14 23:25,9345
2019-10-14 23:30,9399
2019-10-14 23:35,8603
2019-10-14 23:40,9423
2019-10-14 23:45,9483
2019-10-14 23:50,9471
2019-10-14 23:55,9419
2019-10-15 00:00,9380
2019-10-15 00:05,9318
2019-10-15 00:10,9327
2019-10-15 00:15,9337
2019-10-15 00:20,9359
2019-10-15 00:25,9370
2019-10-15 00:30,9404
2019-10-15 00:35,9429
2019-10-15 00:40,9430
2019-10-15 00:45,9476
2019-10-15 00:50,9478
2019-10-15 00:55,9499
2019-10-15 01:00,9550
2019-10-15 01:05,9657
2019-10-15 01:10,9606
2019-10-15 01:15,9603
2019-10-15 01:20,9567
2019-10-15 01:25,9594
2019-10-15 01:30,9595
2019-10-15 01:35,9571
2019-10-15 01:40,9599
2019-10-15 01:45,9620
2019-10-15 01:50,9656
2019-10-15 01:55,9593
2019-10-15 02:00,9581
2019-10-15 02:05,9599
2019-10-15 02:10,9502
2019-10-15 02:15,9484
2019-10-15 02:20,9397
2019-10-15 02:25,9409
2019-10-15 02:30,9330
2019-10-15 02:35,9159
2019-10-15 02:40,9072
2019-10-15 02:45,8956
2019-10-15 02:50,8920
2019-10-15 02:55,8854
2019-10-15 03:00,8730
2019-10-15 03:05,8672
2019-10-15 03:10,8582
2019-10-15 03:15,8484
2019-10-15 03:20,8439
2019-10-15 03:25,8286
2019-10-15 03:30,8163
2019-10-15 03:35,8097
2019-10-15 03:40,7952
2019-10-15 03:45,7893
2019-10-15 03:50,7806
2019-10-15 03:55,7720
2019-10-15 04:00,7563
2019-10-15 04:05,7411
2019-10-15 04:10,7321
2019-10-15 04:15,7198
2019-10-15 04:20,7059
2019-10-15 04:25,6924
2019-10-15 04:30,6850
2019-10-15 04:35,6783
2019-10-15 04:40,6662
2019-10-15 04:45,6551
2019-10-15 04:50,6420
2019-10-15 04:55,6305
2019-10-15 05:00,6171
2019-10-15 05:05,6045
2019-10-15 05:10,5964
2019-10-15 05:15,5865
2019-10-15 05:20,5561
2019-10-15 05:25,5576
2019-10-15 05:30,5506
2019-10-15 05:35,5377
2019-10-15 05:40,5292
2019-10-15 05:45,5232
2019-10-15 05:50,5125
2019-10-15 05:55,5034
2019-10-15 06:00,4916
2019-10-15 06:05,4764
2019-10-15 06:10,4653
2019-10-15 06:15,4553
2019-10-15 06:20,4451
2019-10-15 06:25,4384
2019-10-15 06:30,4341
2019-10-15 06:35,4249
2019-10-15 06:40,4210
2019-10-15 06:45,4178
2019-10-15 06:50,4122
2019-10-15 06:55,4086
2019-10-15 07:00,3995
2019-10-15 07:05,3947
2019-10-15 07:10,3872
2019-10-15 07:15,3804
2019-10-15 07:20,3677
2019-10-15 07:25,3667
2019-10-15 07:30,3611
2019-10-15 07:35,3560
2019-10-15 07:40,3518
2019-10-15 07:45,3482
2019-10-15 07:50,3433
2019-10-15 07:55,3438
2019-10-15 08:00,3408
2019-10-15 08:05,3410
2019-10-15 08:10,3399
2019-10-15 08:15,3401
2019-10-15 08:20,3400
2019-10-15 08:25,3353
2019-10-15 08:30,3327
2019-10-15 08:35,3298
2019-10-15 08:40,3272
2019-10-15 08:45,3246
2019-10-15 08:50,3273
2019-10-15 08:55,3277
2019-10-15 09:00,3279
2019-10-15 09:05,3292
2019-10-15 09:10,3285
2019-10-15 09:15,3315
2019-10-15 09:20,3314
2019-10-15 09:25,3352
2019-10-15 09:30,3402
2019-10-15 09:35,3378
2019-10-15 09:40,3344
2019-10-15 09:45,3315
2019-10-15 09:50,3304
2019-10-15 09:55,3328
2019-10-15 10:00,3327
2019-10-15 10:05,3274
2019-10-15 10:10,3285
2019-10-15 10:15,3288
2019-10-15 10:20,3216
2019-10-15 10:25,3220
2019-10-15 10:30,3170
2019-10-15 10:35,
2019-10-15 10:40,
2019-10-15 10:45,1893
2019-10-15 10:50,1577
2019-10-15 10:55,1396
2019-10-15 11:00,1264
2019-10-15 11:05,1149
2019-10-15 11:10,1149
2019-10-15 11:15,1137
2019-10-15 11:20,1144
2019-10-15 11:25,1156
2019-10-15 11:30,1188
2019-10-15 11:35,1152
2019-10-15 11:40,1139
2019-10-15 11:45,1171
2019-10-15 11:50,1180
2019-10-15 11:55,1161
2019-10-15 12:00,1185
2019-10-15 12:05,1210
2019-10-15 12:10,1149
2019-10-15 12:15,1094
2019-10-15 12:20,1092
2019-10-15 12:25,1111
2019-10-15 12:30,1147
2019-10-15 12:35,1156
2019-10-15 12:40,1200
2019-10-15 12:45,1214
2019-10-15 12:50,1239
2019-10-15 12:55,1297
2019-10-15 13:00,1756
2019-10-15 13:05,2200
2019-10-15 13:10,2619
2019-10-15 13:15,3033
2019-10-15 13:20,3399
2019-10-15 13:25,3489
2019-10-15 13:30,3353
2019-10-15 13:35,3463
2019-10-15 13:40,3869
2019-10-15 13:45,4206
2019-10-15 13:50,4587
2019-10-15 13:55,4931
2019-10-15 14:00,5245
2019-10-15 14:05,5541
2019-10-15 14:10,5806
2019-10-15 14:15,6034
2019-10-15 14:20,6238
2019-10-15 14:25,6467
2019-10-15 14:30,6648
2019-10-15 14:35,6839
2019-10-15 14:40,7006
2019-10-15 14:45,
2019-10-15 14:50,7288
2019-10-15 14:55,7395
2019-10-15 15:00,7531
2019-10-15 15:05,7646
2019-10-15 15:10,7789
2019-10-15 15:15,7911
2019-10-15 15:20,8037
2019-10-15 15:25,8100
2019-10-15 15:30,8187
2019-10-15 15:35,8262
2019-10-15 15:40,8267
2019-10-15 15:45,8336
2019-10-15 15:50,8310
2019-10-15 15:55,8365
2019-10-15 16:00,8416
2019-10-15 16:05,8526
2019-10-15 16:10,8609
2019-10-15 16:15,8657
2019-10-15 16:20,8758
2019-10-15 16:25,8873
2019-10-15 16:30,8963
2019-10-15 16:35,9066
2019-10-15 16:40,9181
2019-10-15 16:45,9260
2019-10-15 16:50,9338
2019-10-15 16:55,9449
2019-10-15 17:00,9598
2019-10-15 17:05,9731
2019-10-15 17:10,9848
2019-10-15 17:15,9968
2019-10-15 17:20,10065
2019-10-15 17:25,10147
2019-10-15 17:30,10263
2019-10-15 17:35,10321
2019-10-15 17:40,10423
2019-10-15 17:45,10450
2019-10-15 17:50,10512
2019-10-15 17:55,10561
2019-10-15 18:00,10664
2019-10-15 18:05,10723
2019-10-15 18:10,10815
2019-10-15 18:15,10881
2019-10-15 18:20,10945
2019-10-15 18:25,11017
2019-10-15 18:30,11082
2019-10-15 18:35,11171
2019-10-15 18:40,11228
2019-10-15 18:45,11318
2019-10-15 18:50,11369
2019-10-15 18:55,11454
2019-10-15 19:00,11486
2019-10-15 19:05,11514
2019-10-15 19:10,11556
2019-10-15 19:15,11689
2019-10-15 19:20,11724
2019-10-15 19:25,11726
2019-10-15 19:30,11804
2019-10-15 19:35,11804
2019-10-15 19:40,11797
2019-10-15 19:45,11783
2019-10-15 19:50,11785
2019-10-15 19:55,11704
2019-10-15 20:00,11688
2019-10-15 20:05,11646
2019-10-15 20:10,11570
2019-10-15 20:15,11507
2019-10-15 20:20,11457
2019-10-15 20:25,11387
2019-10-15 20:30,11355
2019-10-15 20:35,11283
2019-10-15 20:40,11176
2019-10-15 20:45,11143
2019-10-15 20:50,11099
2019-10-15 20:55,11019
2019-10-15 21:00,10889
2019-10-15 21:05,10898
2019-10-15 21:10,10764
2019-10-15 21:15,10739
2019-10-15 21:20,10645
2019-10-15 21:25,10548
2019-10-15 21:30,10466
2019-10-15 21:35,10427
2019-10-15 21:40,10327
2019-10-15 21:45,10273
2019-10-15 21:50,10255
2019-10-15 21:55,10175
2019-10-15 22:00,10108
2019-10-15 22:05,10045
2019-10-15 22:10,10036
2019-10-15 22:15,9935
2019-10-15 22:20,9854
2019-10-15 22:25,9840
2019-10-15 22:30,9786
2019-10-15 22:35,9744
2019-10-15 22:40,9690
2019-10-15 22:45,9712
2019-10-15 22:50,9634
2019-10-15 22:55,9639
2019-10-15 23:00,9614
2019-10-15 23:05,9619
2019-10-15 23:10,0
2019-10-15 23:15,9220
2019-10-15 23:20,9504
2019-10-15 23:25,9562
2019-10-15 23:30,9595
2019-10-15 23:35,9617
2019-10-15 23:40,9704
2019-10-15 23:45,9703
2019-10-15 23:50,9699
2019-10-15 23:55,9667
2019-10-16 00:00,9687
2019-10-16 00:05,9681
2019-10-16 00:10,9718
2019-10-16 00:15,9716
2019-10-16 00:20,9789
2019-10-16 00:25,9753
2019-10-16 00:30,9752
2019-10-16 00:35,9743
2019-10-16 00:40,9759
2019-10-16 00:45,9715
2019-10-16 00:50,9727
2019-10-16 00:55,9696
2019-10-16 01:00,9723
2019-10-16 01:05,9774
2019-10-16 01:10,9743
2019-10-16 01:15,9762
2019-10-16 01:20,9807
2019-10-16 01:25,9887
2019-10-16 01:30,9852
2019-10-16 01:35,9783
2019-10-16 01:40,9811
2019-10-16 01:45,9838
2019-10-16 01:50,9866
2019-10-16 01:55,9855
2019-10-16 02:00,9859
2019-10-16 02:05,9769
2019-10-16 02:10,9761
2019-10-16 02:15,9737
2019-10-16 02:20,9734
2019-10-16 02:25,9763
2019-10-16 02:30,9739
2019-10-16 02:35,9720
2019-10-16 02:40,9607
2019-10-16 02:45,9547
2019-10-16 02:50,9480
2019-10-16 02:55,9390
2019-10-16 03:00,9278
2019-10-16 03:05,9115
2019-10-16 03:10,9006
2019-10-16 03:15,8904
2019-10-16 03:20,8862
2019-10-16 03:25,8697
2019-10-16 03:30,8569
2019-10-16 03:35,8467
2019-10-16 03:40,8316
2019-10-16 03:45,8220
2019-10-16 03:50,8123
2019-10-16 03:55,7983
2019-10-16 04:00,7908
2019-10-16 04:05,7792
2019-10-16 04:10,7702
2019-10-16 04:15,7620
2019-10-16 04:20,7513
2019-10-16 04:25,7326
2019-10-16 04:30,7234
2019-10-16 04:35,7105
2019-10-16 04:40,7002
2019-10-16 04:45,6907
2019-10-16 04:50,6753
2019-10-16 04:55,6685
2019-10-16 05:00,6574
2019-10-16 05:05,6414
2019-10-16 05:10,6306
2019-10-16 05:15,6174
2019-10-16 05:20,6058
2019-10-16 05:25,5932
2019-10-16 05:30,5792
2019-10-16 05:35,5673
2019-10-16 05:40,5560
2019-10-16 05:45,5463
2019-10-16 05:50,5382
2019-10-16 05:55,5283
2019-10-16 06:00,5233
2019-10-16 06:05,5093
2019-10-16 06:10,5022
2019-10-16 06:15,4903
2019-10-16 06:20,4820
2019-10-16 06:25,4725
2019-10-16 06:30,4654
2019-10-16 06:35,4563
2019-10-16 06:40,4454
2019-10-16 06:45,4404
2019-10-16 06:50,4377
2019-10-16 06:55,4278
2019-10-16 07:00,4152
2019-10-16 07:05,4050
2019-10-16 07:10,3937
2019-10-16 07:15,3888
2019-10-16 07:20,3834
2019-10-16 07:25,3782
2019-10-16 07:30,3750
2019-10-16 07:35,3719
2019-10-16 07:40,3637
2019-10-16 07:45,3594
2019-10-16 07:50,3534
2019-10-16 07:55,3524
2019-10-16 08:00,3505
2019-10-16 08:05,3482
2019-10-16 08:10,3491
2019-10-16 08:15,3447
2019-10-16 08:20,3456
2019-10-16 08:25,3403
2019-10-16 08:30,3428
2019-10-16 08:35,3421
2019-10-16 08:40,3401
2019-10-16 08:45,3415
2019-10-16 08:50,3420
2019-10-16 08:55,3480
2019-10-16 09:00,3493
2019-10-16 09:05,3536
2019-10-16 09:10,3542
2019-10-16 09:15,3577
2019-10-16 09:20,3609
2019-10-16 09:25,3596
2019-10-16 09:30,3613
2019-10-16 09:35,3664
2019-10-16 09:40,3739
2019-10-16 09:45,3731
2019-10-16 09:50,3706
2019-10-16 09:55,3729
2019-10-16 10:00,3752
2019-10-16 10:05,3789
2019-10-16 10:10,3812
2019-10-16 10:15,3838
2019-10-16 10:20,3867
2019-10-16 10:25,3879
2019-10-16 10:30,3894
2019-10-16 10:35,3911
2019-10-16 10:40,3934
2019-10-16 10:45,3946
2019-10-16 10:50,3977
2019-10-16 10:55,4025
2019-10-16 11:00,4053
2019-10-16 11:05,4096
2019-10-16 11:10,4152
2019-10-16 11:15,4178
2019-10-16 11:20,4187
2019-10-16 11:25,4250
2019-10-16 11:30,4368
2019-10-16 11:35,4423
2019-10-16 11:40,4466
2019-10-16 11:45,4555
2019-10-16 11:50,4644
2019-10-16 11:55,4693
2019-10-16 12:00,4751
2019-10-16 12:05,4770
2019-10-16 12:10,4814
2019-10-16 12:15,4864
2019-10-16 12:20,4912
2019-10-16 12:25,4962
2019-10-16 12:30,4984
2019-10-16 12:35,5038
2019-10-16 12:40,5134
2019-10-16 12:45,5179
2019-10-16 12:50,5226
2019-10-16 12:55,5292
2019-10-16 13:00,5312
2019-10-16 13:05,5399
2019-10-16 13:10,5451
2019-10-16 13:15,5491
2019-10-16 13:20,5537
2019-10-16 13:25,5598
2019-10-16 13:30,5679
2019-10-16 13:35,5767
2019-10-16 13:40,5830
2019-10-16 13:45,5880
2019-10-16 13:50,5932
2019-10-16 13:55,6017
2019-10-16 14:00,6094
2019-10-16 14:05,6161
2019-10-16 14:10,6276
2019-10-16 14:15,6376
2019-10-16 14:20,6460
2019-10-16 14:25,6553
2019-10-16 14:30,6537
2019-10-16 14:35,6530
2019-10-16 14:40,6464
2019-10-16 14:45,6425
2019-10-16 14:50,6460
2019-10-16 14:55,6451
2019-10-16 15:00,6546
2019-10-16 15:05,6644
2019-10-16 15:10,6745
2019-10-16 15:15,6844
2019-10-16 15:20,6970
2019-10-16 15:25,7055
2019-10-16 15:30,7114
2019-10-16 15:35,7220
2019-10-16 15:40,7332
2019-10-16 15:45,7318
2019-10-16 15:50,7411
2019-10-16 15:55,7494
2019-10-16 16:00,7596
2019-10-16 16:05,7686
2019-10-16 16:10,7873
2019-10-16 16:15,7980
2019-10-16 16:20,8064
2019-10-16 16:25,8160
2019-10-16 16:30,8229
2019-10-16 16:35,8335
2019-10-16 16:40,
2019-10-16 16:45,8515
2019-10-16 16:50,8588
2019-10-16 16:55,8623
2019-10-16 17:00,8734
2019-10-16 17:05,8810
2019-10-16 17:10,8862
2019-10-16 17:15,
2019-10-16 17:20,9041
2019-10-16 17:25,9151
2019-10-16 17:30,9213
2019-10-16 17:35,9343
2019-10-16 17:40,9465
2019-10-16 17:45,9610
2019-10-16 17:50,9721
2019-10-16 17:55,9867
2019-10-16 18:00,9953
2019-10-16 18:05,10010
2019-10-16 18:10,10037
2019-10-16 18:15,10176
2019-10-16 18:20,10266
2019-10-16 18:25,10288
2019-10-16 18:30,10411
2019-10-16 18:35,10519
2019-10-16 18:40,10554
2019-10-16 18:45,10660
2019-10-16 18:50,10724
2019-10-16 18:55,10829
2019-10-16 19:00,10873
2019-10-16 19:05,10962
2019-10-16 19:10,11033
2019-10-16 19:15,11088
2019-10-16 19:20,11097
2019-10-16 19:25,11113
2019-10-16 19:30,11168
2019-10-16 19:35,11198
2019-10-16 19:40,11134
2019-10-16 19:45,11112
2019-10-16 19:50,11143
2019-10-16 19:55,11123
2019-10-16 20:00,11128
2019-10-16 20:05,11121
2019-10-16 20:10,11016
2019-10-16 20:15,10961
2019-10-16 20:20,10947
2019-10-16 20:25,10946
2019-10-16 20:30,10871
2019-10-16 20:35,10876
2019-10-16 20:40,10838
2019-10-16 20:45,10777
2019-10-16 20:50,10734
2019-10-16 20:55,10690
2019-10-16 21:00,10610
2019-10-16 21:05,10482
2019-10-16 21:10,10376
2019-10-16 21:15,10328
2019-10-16 21:20,10208
2019-10-16 21:25,10104
2019-10-16 21:30,10098
2019-10-16 21:35,9980
2019-10-16 21:40,9850
2019-10-16 21:45,9780
2019-10-16 21:50,9717
2019-10-16 21:55,9764
2019-10-16 22:00,9661
2019-10-16 22:05,9627
2019-10-16 22:10,9637
2019-10-16 22:15,9529
2019-10-16 22:20,9494
2019-10-16 22:25,9462
2019-10-16 22:30,9443
2019-10-16 22:35,9382
2019-10-16 22:40,9368
2019-10-16 22:45,9370
2019-10-16 22:50,9310
2019-10-16 22:55,9310
2019-10-16 23:00,9264
2019-10-16 23:05,9212
2019-10-16 23:10,9190
2019-10-16 23:15,9229
2019-10-16 23:20,9260
2019-10-16 23:25,9244
2019-10-16 23:30,9280
2019-10-16 23:35,9301
2019-10-16 23:40,9337
2019-10-16 23:45,9320
2019-10-16 23:50,9362
2019-10-16 23:55,9334
2019-10-17 00:00,9302
2019-10-17 00:05,9310
2019-10-17 00:10,9330
2019-10-17 00:15,9286
2019-10-17 00:20,9270
2019-10-17 00:25,9343
2019-10-17 00:30,9352
2019-10-17 00:35,9397
2019-10-17 00:40,9377
2019-10-17 00:45,9407
2019-10-17 00:50,9459
2019-10-17 00:55,9499
2019-10-17 01:00,9475
2019-10-17 01:05,9423
2019-10-17 01:10,9470
2019-10-17 01:15,9518
2019-10-17 01:20,9559
2019-10-17 01:25,9585
2019-10-17 01:30,9621
2019-10-17 01:35,9698
2019-10-17 01:40,9637
2019-10-17 01:45,9674
2019-10-17 01:50,9741
2019-10-17 01:55,9719
2019-10-17 02:00,9696
2019-10-17 02:05,9704
2019-10-17 02:10,9647
2019-10-17 02:15,9605
2019-10-17 02:20,9641
2019-10-17 02:25,9554
2019-10-17 02:30,9519
2019-10-17 02:35,9481
2019-10-17 02:40,9403
2019-10-17 02:45,9341
2019-10-17 02:50,9320
2019-10-17 02:55,9229
2019-10-17 03:00,9104
2019-10-17 03:05,8994
2019-10-17 03:10,8926
2019-10-17 03:15,8824
2019-10-17 03:20,8710
2019-10-17 03:25,8593
2019-10-17 03:30,8514
2019-10-17 03:35,8432
2019-10-17 03:40,8380
2019-10-17 03:45,8289
2019-10-17 03:50,
2019-10-17 03:55,8032
2019-10-17 04:00,7910
2019-10-17 04:05,7815
2019-10-17 04:10,7707
2019-10-17 04:15,7621
2019-10-17 04:20,7544
2019-10-17 04:25,7361
2019-10-17 04:30,7193
2019-10-17 04:35,7070
2019-10-17 04:40,6972
2019-10-17 04:45,6873
2019-10-17 04:50,6740
2019-10-17 04:55,6621
2019-10-17 05:00,6431
2019-10-17 05:05,6276
2019-10-17 05:10,6130
2019-10-17 05:15,6008
2019-10-17 05:20,5890
2019-10-17 05:25,5779
2019-10-17 05:30,5665
2019-10-17 05:35,5573
2019-10-17 05:40,5478
2019-10-17 05:45,5377
2019-10-17 05:50,5242
2019-10-17 05:55,5181
2019-10-17 06:00,5053
2019-10-17 06:05,4972
2019-10-17 06:10,4932
2019-10-17 06:15,4851
2019-10-17 06:20,4759
2019-10-17 06:25,4663
2019-10-17 06:30,4591
2019-10-17 06:35,4499
2019-10-17 06:40,4418
2019-10-17 06:45,4322
2019-10-17 06:50,4229
2019-10-17 06:55,4173
2019-10-17 07:00,4145
2019-10-17 07:05,4095
2019-10-17 07:10,4027
2019-10-17 07:15,3969
2019-10-17 07:20,3948
2019-10-17 07:25,3905
2019-10-17 07:30,3824
2019-10-17 07:35,3721
2019-10-17 07:40,3677
2019-10-17 07:45,3618
2019-10-17 07:50,3568
2019-10-17 07:55,3539
2019-10-17 08:00,3492
2019-10-17 08:05,3440
2019-10-17 08:10,3415
2019-10-17 08:15,3352
2019-10-17 08:20,3285
2019-10-17 08:25,3207
2019-10-17 08:30,3187
2019-10-17 08:35,2757
2019-10-17 08:40,2372
2019-10-17 08:45,2028
2019-10-17 08:50,1636
2019-10-17 08:55,1367
2019-10-17 09:00,1256
2019-10-17 09:05,1077
2019-10-17 09:10,1079
2019-10-17 09:15,1080
2019-10-17 09:20,1073
2019-10-17 09:25,1062
2019-10-17 09:30,1071
2019-10-17 09:35,1079
2019-10-17 09:40,1067
2019-10-17 09:45,1080
2019-10-17 09:50,1092
2019-10-17 09:55,1210
2019-10-17 10:00,1483
2019-10-17 10:05,1709
2019-10-17 10:10,2002
2019-10-17 10:15,2240
2019-10-17 10:20,2464
2019-10-17 10:25,2664
2019-10-17 10:30,2866
2019-10-17 10:35,3030
2019-10-17 10:40,3202
2019-10-17 10:45,3296
2019-10-17 10:50,3413
2019-10-17 10:55,3523
2019-10-17 11:00,3620
2019-10-17 11:05,3724
2019-10-17 11:10,3789
2019-10-17 11:15,3883
2019-10-17 11:20,3997
2019-10-17 11:25,4034
2019-10-17 11:30,4100
2019-10-17 11:35,4201
2019-10-17 11:40,4257
2019-10-17 11:45,4297
2019-10-17 11:50,4338
2019-10-17 11:55,4373
2019-10-17 12:00,4444
2019-10-17 12:05,4514
2019-10-17 12:10,4574
2019-10-17 12:15,4616
2019-10-17 12:20,4684
2019-10-17 12:25,4762
2019-10-17 12:30,4813
2019-10-17 12:35,4919
2019-10-17 12:40,5011
2019-10-17 12:45,5052
2019-10-17 12:50,5131
2019-10-17 12:55,5206
2019-10-17 13:00,5247
2019-10-17 13:05,5309
2019-10-17 13:10,5387
2019-10-17 13:15,5421
2019-10-17 13:20,5518
2019-10-17 13:25,5606
2019-10-17 13:30,5689
2019-10-17 13:35,5803
2019-10-17 13:40,5849
2019-10-17 13:45,5950
2019-10-17 13:50,6062
2019-10-17 13:55,6133
2019-10-17 14:00,6186
2019-10-17 14:05,6232
2019-10-17 14:10,6305
2019-10-17 14:15,6387
2019-10-17 14:20,6467
2019-10-17 14:25,6553
2019-10-17 14:30,6633
2019-10-17 14:35,6660
2019-10-17 14:40,6787
2019-10-17 14:45,6854
2019-10-17 14:50,6889
2019-10-17 14:55,6946
2019-10-17 15:00,7018
2019-10-17 15:05,7107
2019-10-17 15:10,7089
2019-10-17 15:15,
2019-10-17 15:20,7245
2019-10-17 15:25,7295
2019-10-17 15:30,7336
2019-10-17 15:35,7416
2019-10-17 15:40,7488
2019-10-17 15:45,7601
2019-10-17 15:50,7648
2019-10-17 15:55,7719
2019-10-17 16:00,7753
2019-10-17 16:05,7846
2019-10-17 16:10,7933
2019-10-17 16:15,8024
2019-10-17 16:20,8131
2019-10-17 16:25,8179
2019-10-17 16:30,8269
2019-10-17 16:35,8329
2019-10-17 16:40,8417
2019-10-17 16:45,8512
2019-10-17 16:50,8628
2019-10-17 16:55,8721
2019-10-17 17:00,8829
2019-10-17 17:05,8965
2019-10-17 17:10,9005
2019-10-17 17:15,9086
2019-10-17 17:20,9234
2019-10-17 17:25,9319
2019-10-17 17:30,9363
2019-10-17 17:35,9402
2019-10-17 17:40,9469
2019-10-17 17:45,9585
2019-10-17 17:50,9614
2019-10-17 17:55,9717
2019-10-17 18:00,9751
2019-10-17 18:05,9907
2019-10-17 18:10,10025
2019-10-17 18:15,10087
2019-10-17 18:20,10178
2019-10-17 18:25,10316
2019-10-17 18:30,10401
2019-10-17 18:35,10470
2019-10-17 18:40,10541
2019-10-17 18:45,10566
2019-10-17 18:50,10643
2019-10-17 18:55,10624
2019-10-17 19:00,10637
2019-10-17 19:05,10650
2019-10-17 19:10,10695
2019-10-17 19:15,10782
2019-10-17 19:20,10795
2019-10-17 19:25,10863
2019-10-17 19:30,10928
2019-10-17 19:35,10920
2019-10-17 19:40,10941
2019-10-17 19:45,10976
2019-10-17 19:50,10927
2019-10-17 19:55,10938
2019-10-17 20:00,10876
2019-10-17 20:05,10812
2019-10-17 20:10,10098
2019-10-17 20:15,9766
2019-10-17 20:20,9668
2019-10-17 20:25,9699
2019-10-17 20:30,9839
2019-10-17 20:35,9936
2019-10-17 20:40,9925
2019-10-17 20:45,9916
2019-10-17 20:50,9935
2019-10-17 20:55,9953
2019-10-17 21:00,9913
2019-10-17 21:05,9926
2019-10-17 21:10,9944
2019-10-17 21:15,9923
2019-10-17 21:20,9915
2019-10-17 21:25,9840
2019-10-17 21:30,9793
2019-10-17 21:35,9737
2019-10-17 21:40,9713
2019-10-17 21:45,9647
2019-10-17 21:50,9581
2019-10-17 21:55,9473
2019-10-17 22:00,9453
2019-10-17 22:05,9404
2019-10-17 22:10,9353
2019-10-17 22:15,9328
2019-10-17 22:20,9342
2019-10-17 22:25,9349
2019-10-17 22:30,9305
2019-10-17 22:35,9222
2019-10-17 22:40,9275
2019-10-17 22:45,9234
2019-10-17 22:50,9233
2019-10-17 22:55,9212
2019-10-17 23:00,9189
2019-10-17 23:05,9127
2019-10-17 23:10,9122
2019-10-17 23:15,9080
2019-10-17 23:20,9075
2019-10-17 23:25,9062
2019-10-17 23:30,9076
2019-10-17 23:35,9019
2019-10-17 23:40,9055
2019-10-17 23:45,9032
2019-10-17 23:50,8984
2019-10-17 23:55,8993
2019-10-18 00:00,9062
2019-10-18 00:05,9051
2019-10-18 00:10,9069
2019-10-18 00:15,9056
2019-10-18 00:20,9014
2019-10-18 00:25,9045
2019-10-18 00:30,9037
2019-10-18 00:35,9062
2019-10-18 00:40,9122
2019-10-18 00:45,9140
2019-10-18 00:50,0
2019-10-18 00:55,9127
2019-10-18 01:00,9167
2019-10-18 01:05,9205
2019-10-18 01:10,9235
2019-10-18 01:15,9260
2019-10-18 01:20,9293
2019-10-18 01:25,9355
2019-10-18 01:30,9285
2019-10-18 01:35,9320
2019-10-18 01:40,9289
2019-10-18 01:45,9353
2019-10-18 01:50,9327
2019-10-18 01:55,9322
2019-10-18 02:00,9296
2019-10-18 02:05,9265
2019-10-18 02:10,9205
2019-10-18 02:15,9174
2019-10-18 02:20,9203
2019-10-18 02:25,9230
2019-10-18 02:30,9130
2019-10-18 02:35,9125
2019-10-18 02:40,9093
2019-10-18 02:45,9036
2019-10-18 02:50,8908
2019-10-18 02:55,8866
2019-10-18 03:00,8778
2019-10-18 03:05,8670
2019-10-18 03:10,8680
2019-10-18 03:15,8576
2019-10-18 03:20,8462
2019-10-18 03:25,8374
2019-10-18 03:30,8299
2019-10-18 03:35,8219
2019-10-18 03:40,8174
2019-10-18 03:45,8057
2019-10-18 03:50,7971
2019-10-18 03:55,7846
2019-10-18 04:00,7790
2019-10-18 04:05,7635
2019-10-18 04:10,7497
2019-10-18 04:15,7344
2019-10-18 04:20,7191
2019-10-18 04:25,7087
2019-10-18 04:30,7004
2019-10-18 04:35,6919
2019-10-18 04:40,6831
2019-10-18 04:45,6776
2019-10-18 04:50,6651
2019-10-18 04:55,6566
2019-10-18 05:00,6451
2019-10-18 05:05,6353
2019-10-18 05:10,6242
2019-10-18 05:15,6123
2019-10-18 05:20,6003
2019-10-18 05:25,5905
2019-10-18 05:30,5827
2019-10-18 05:35,5686
2019-10-18 05:40,5596
2019-10-18 05:45,5500
2019-10-18 05:50,5358
2019-10-18 05:55,5241
2019-10-18 06:00,5146
2019-10-18 06:05,5068
2019-10-18 06:10,5002
2019-10-18 06:15,4902
2019-10-18 06:20,4775
2019-10-18 06:25,4696
2019-10-18 06:30,4593
2019-10-18 06:35,4541
2019-10-18 06:40,4537
2019-10-18 06:45,4475
2019-10-18 06:50,4433
2019-10-18 06:55,4344
2019-10-18 07:00,4205
2019-10-18 07:05,4157
2019-10-18 07:10,4110
2019-10-18 07:15,4067
2019-10-18 07:20,4035
2019-10-18 07:25,3982
2019-10-18 07:30,3942
2019-10-18 07:35,3942
2019-10-18 07:40,3932
2019-10-18 07:45,3874
2019-10-18 07:50,3822
2019-10-18 07:55,3799
2019-10-18 08:00,3748
2019-10-18 08:05,3703
2019-10-18 08:10,3694
2019-10-18 08:15,3648
2019-10-18 08:20,3622
2019-10-18 08:25,3598
2019-10-18 08:30,3602
2019-10-18 08:35,3574
2019-10-18 08:40,3616
2019-10-18 08:45,3601
2019-10-18 08:50,3634
2019-10-18 08:55,3655
2019-10-18 09:00,3661
2019-10-18 09:05,3693
2019-10-18 09:10,3740
2019-10-18 09:15,3755
2019-10-18 09:20,3758
2019-10-18 09:25,3754
2019-10-18 09:30,3778
2019-10-18 09:35,3828
2019-10-18 09:40,3838
2019-10-18 09:45,3847
2019-10-18 09:50,3852
2019-10-18 09:55,3864
2019-10-18 10:00,3894
2019-10-18 10:05,3908
2019-10-18 10:10,3903
2019-10-18 10:15,3935
2019-10-18 10:20,3958
2019-10-18 10:25,4011
2019-10-18 10:30,4046
2019-10-18 10:35,4035
2019-10-18 10:40,4088
2019-10-18 10:45,4158
2019-10-18 10:50,4168
2019-10-18 10:55,4180
2019-10-18 11:00,4244
2019-10-18 11:05,4288
2019-10-18 11:10,4330
2019-10-18 11:15,4373
2019-10-18 11:20,4434
2019-10-18 11:25,4482
2019-10-18 11:30,4519
2019-10-18 11:35,4553
2019-10-18 11:40,4633
2019-10-18 11:45,4702
2019-10-18 11:50,4743
2019-10-18 11:55,4778
2019-10-18 12:00,4858
2019-10-18 12:05,4910
2019-10-18 12:10,4893
2019-10-18 12:15,4928
2019-10-18 12:20,4981
2019-10-18 12:25,4998
2019-10-18 12:30,5027
2019-10-18 12:35,5041
2019-10-18 12:40,5122
2019-10-18 12:45,5194
2019-10-18 12:50,5284
2019-10-18 12:55,5357
2019-10-18 13:00,5423
2019-10-18 13:05,5521
2019-10-18 13:10,5612
2019-10-18 13:15,5630
2019-10-18 13:20,5718
2019-10-18 13:25,5822
2019-10-18 13:30,5874
2019-10-18 13:35,5954
2019-10-18 13:40,6066
2019-10-18 13:45,6154
2019-10-18 13:50,6237
2019-10-18 13:55,6247
2019-10-18 14:00,6344
2019-10-18 14:05,6412
2019-10-18 14:10,6511
2019-10-18 14:15,6561
2019-10-18 14:20,6579
2019-10-18 14:25,6716
2019-10-18 14:30,6805
2019-10-18 14:35,6856
2019-10-18 14:40,6965
2019-10-18 14:45,7044
2019-10-18 14:50,7152
2019-10-18 14:55,7167
2019-10-18 15:00,7236
2019-10-18 15:05,7279
2019-10-18 15:10,7347
2019-10-18 15:15,7442
2019-10-18 15:20,7496
2019-10-18 15:25,7532
2019-10-18 15:30,7561
2019-10-18 15:35,7622
2019-10-18 15:40,7671
2019-10-18 15:45,7766
2019-10-18 15:50,7843
2019-10-18 15:55,7920
2019-10-18 16:00,7938
2019-10-18 16:05,7993
2019-10-18 16:10,8062
2019-10-18 16:15,8115
2019-10-18 16:20,8181
2019-10-18 16:25,8238
2019-10-18 16:30,0
2019-10-18 16:35,8289
2019-10-18 16:40,8416
2019-10-18 16:45,8459
2019-10-18 16:50,8549
2019-10-18 16:55,8648
2019-10-18 17:00,8718
2019-10-18 17:05,8797
2019-10-18 17:10,8807
2019-10-18 17:15,8868
2019-10-18 17:20,8999
2019-10-18 17:25,9059
2019-10-18 17:30,9152
2019-10-18 17:35,9218
2019-10-18 17:40,9312
2019-10-18 17:45,9334
2019-10-18 17:50,9416
2019-10-18 17:55,9505
2019-10-18 18:00,9542
2019-10-18 18:05,9621
2019-10-18 18:10,9728
2019-10-18 18:15,9764
2019-10-18 18:20,9819
2019-10-18 18:25,9866
2019-10-18 18:30,10014
2019-10-18 18:35,10072
2019-10-18 18:40,10140
2019-10-18 18:45,10268
2019-10-18 18:50,10319
2019-10-18 18:55,10349
2019-10-18 19:00,10405
2019-10-18 19:05,10492
2019-10-18 19:10,10609
2019-10-18 19:15,10642
2019-10-18 19:20,10653
2019-10-18 19:25,10738
2019-10-18 19:30,10781
2019-10-18 19:35,10875
2019-10-18 19:40,11017
2019-10-18 19:45,11057
2019-10-18 19:50,11136
2019-10-18 19:55,11062
2019-10-18 20:00,11064
2019-10-18 20:05,10997
2019-10-18 20:10,11065
2019-10-18 20:15,11120
2019-10-18 20:20,11132
2019-10-18 20:25,11165
2019-10-18 20:30,11153
2019-10-18 20:35,11208
2019-10-18 20:40,11205
2019-10-18 20:45,11191
2019-10-18 20:50,11208
2019-10-18 20:55,11174
2019-10-18 21:00,11195
2019-10-18 21:05,11203
2019-10-18 21:10,11216
2019-10-18 21:15,11186
2019-10-18 21:20,11144
2019-10-18 21:25,11112
2019-10-18 21:30,11068
2019-10-18 21:35,10996
2019-10-18 21:40,10927
2019-10-18 21:45,10923
2019-10-18 21:50,10899
2019-10-18 21:55,10804
2019-10-18 22:00,10781
2019-10-18 22:05,10682
2019-10-18 22:10,10663
2019-10-18 22:15,10586
2019-10-18 22:20,10527
2019-10-18 22:25,10439
2019-10-18 22:30,10333
2019-10-18 22:35,10323
2019-10-18 22:40,10240
2019-10-18 22:45,10171
2019-10-18 22:50,10145
2019-10-18 22:55,10097
2019-10-18 23:00,9981
2019-10-18 23:05,9917
2019-10-18 23:10,9850
2019-10-18 23:15,9800
2019-10-18 23:20,9755
2019-10-18 23:25,9679
2019-10-18 23:30,9652
2019-10-18 23:35,9619
2019-10-18 23:40,9559
2019-10-18 23:45,9494
2019-10-18 23:50,9424
2019-10-18 23:55,9323
2019-10-19 00:00,9342
2019-10-19 00:05,9259
2019-10-19 00:10,9267
2019-10-19 00:15,9319
2019-10-19 00:20,9322
2019-10-19 00:25,9310
2019-10-19 00:30,9269
2019-10-19 00:35,9204
2019-10-19 00:40,9219
2019-10-19 00:45,9210
2019-10-19 00:50,9275
2019-10-19 00:55,9281
2019-10-19 01:00,9301
2019-10-19 01:05,9349
2019-10-19 01:10,9360
2019-10-19 01:15,9354
2019-10-19 01:20,9376
2019-10-19 01:25,9325
2019-10-19 01:30,9369
2019-10-19 01:35,9401
2019-10-19 01:40,9442
2019-10-19 01:45,9486
2019-10-19 01:50,9511
2019-10-19 01:55,9522
2019-10-19 02:00,9514
2019-10-19 02:05,9548
2019-10-19 02:10,9529
2019-10-19 02:15,9528
2019-10-19 02:20,9560
2019-10-19 02:25,9512
2019-10-19 02:30,9586
2019-10-19 02:35,9603
2019-10-19 02:40,9585
2019-10-19 02:45,9556
2019-10-19 02:50,9548
2019-10-19 02:55,9520
2019-10-19 03:00,9543
2019-10-19 03:05,9388
2019-10-19 03:10,9380
2019-10-19 03:15,9355
2019-10-19 03:20,9338
2019-10-19 03:25,9299
2019-10-19 03:30,9204
2019-10-19 03:35,9151
2019-10-19 03:40,9077
2019-10-19 03:45,9048
2019-10-19 03:50,8949
2019-10-19 03:55,8913
2019-10-19 04:00,8842
2019-10-19 04:05,8788
2019-10-19 04:10,8744
2019-10-19 04:15,8654
2019-10-19 04:20,8622
2019-10-19 04:25,8523
2019-10-19 04:30,8429
2019-10-19 04:35,8372
2019-10-19 04:40,8298
2019-10-19 04:45,8149
2019-10-19 04:50,8023
2019-10-19 04:55,7876
2019-10-19 05:00,7804
2019-10-19 05:05,7742
2019-10-19 05:10,7658
2019-10-19 05:15,7541
2019-10-19 05:20,7395
2019-10-19 05:25,7273
2019-10-19 05:30,7197
2019-10-19 05:35,7087
2019-10-19 05:40,7004
2019-10-19 05:45,6852
2019-10-19 05:50,6732
2019-10-19 05:55,6636
2019-10-19 06:00,6560
2019-10-19 06:05,6465
2019-10-19 06:10,6412
2019-10-19 06:15,6300
2019-10-19 06:20,6183
2019-10-19 06:25,6052
2019-10-19 06:30,5941
2019-10-19 06:35,5881
2019-10-19 06:40,5763
2019-10-19 06:45,5709
2019-10-19 06:50,5584
2019-10-19 06:55,5533
2019-10-19 07:00,5467
2019-10-19 07:05,5402
2019-10-19 07:10,5313
2019-10-19 07:15,5233
2019-10-19 07:20,5169
2019-10-19 07:25,5074
2019-10-19 07:30,5012
2019-10-19 07:35,4969
2019-10-19 07:40,4954
2019-10-19 07:45,4927
2019-10-19 07:50,4881
2019-10-19 07:55,4871
2019-10-19 08:00,4796
2019-10-19 08:05,4776
2019-10-19 08:10,4774
2019-10-19 08:15,4758
2019-10-19 08:20,4771
2019-10-19 08:25,4705
2019-10-19 08:30,4732
2019-10-19 08:35,4753
2019-10-19 08:40,4741
2019-10-19 08:45,4698
2019-10-19 08:50,4732
2019-10-19 08:55,4730
2019-10-19 09:00,4757
2019-10-19 09:05,4784
2019-10-19 09:10,4827
2019-10-19 09:15,4886
2019-10-19 09:20,4912
2019-10-19 09:25,4974
2019-10-19 09:30,5030
2019-10-19 09:35,5085
2019-10-19 09:40,5135
2019-10-19 09:45,5121
2019-10-19 09:50,5174
2019-10-19 09:55,5177
2019-10-19 10:00,5229
2019-10-19 10:05,5316
2019-10-19 10:10,5283
2019-10-19 10:15,5358
2019-10-19 10:20,5421
2019-10-19 10:25,5440
2019-10-19 10:30,5459
2019-10-19 10:35,5538
2019-10-19 10:40,5620
2019-10-19 10:45,5654
2019-10-19 10:50,5696
2019-10-19 10:55,5713
2019-10-19 11:00,5740
2019-10-19 11:05,5843
2019-10-19 11:10,5899
2019-10-19 11:15,5942
2019-10-19 11:20,6027
2019-10-19 11:25,6097
2019-10-19 11:30,6126
2019-10-19 11:35,6196
2019-10-19 11:40,6244
2019-10-19 11:45,6299
2019-10-19 11:50,6329
2019-10-19 11:55,6381
2019-10-19 12:00,6396
2019-10-19 12:05,6455
2019-10-19 12:10,6503
2019-10-19 12:15,6566
2019-10-19 12:20,6639
2019-10-19 12:25,6669
2019-10-19 12:30,6722
2019-10-19 12:35,6801
2019-10-19 12:40,6904
2019-10-19 12:45,6935
2019-10-19 12:50,6999
2019-10-19 12:55,7111
2019-10-19 13:00,7175
2019-10-19 13:05,7279
2019-10-19 13:10,7345
2019-10-19 13:15,7374
2019-10-19 13:20,7484
2019-10-19 13:25,7572
2019-10-19 13:30,7668
2019-10-19 13:35,7737
2019-10-19 13:40,7853
2019-10-19 13:45,7880
2019-10-19 13:50,7959
2019-10-19 13:55,8059
2019-10-19 14:00,8065
2019-10-19 14:05,8138
2019-10-19 14:10,8302
2019-10-19 14:15,8385
2019-10-19 14:20,8480
2019-10-19 14:25,8553
2019-10-19 14:30,8630
2019-10-19 14:35,8710
2019-10-19 14:40,8735
2019-10-19 14:45,8724
2019-10-19 14:50,8804
2019-10-19 14:55,8880
2019-10-19 15:00,8992
2019-10-19 15:05,9080
2019-10-19 15:10,9175
2019-10-19 15:15,9234
2019-10-19 15:20,9282
2019-10-19 15:25,9348
2019-10-19 15:30,9367
2019-10-19 15:35,9348
2019-10-19 15:40,9415
2019-10-19 15:45,9471
2019-10-19 15:50,9491
2019-10-19 15:55,9590
2019-10-19 16:00,9652
2019-10-19 16:05,9748
2019-10-19 16:10,9817
2019-10-19 16:15,9837
2019-10-19 16:20,9934
2019-10-19 16:25,10026
2019-10-19 16:30,10083
2019-10-19 16:35,10182
2019-10-19 16:40,10349
2019-10-19 16:45,10378
2019-10-19 16:50,10419
2019-10-19 16:55,10442
2019-10-19 17:00,10487
2019-10-19 17:05,10484
2019-10-19 17:10,10537
2019-10-19 17:15,10558
2019-10-19 17:20,10724
2019-10-19 17:25,10775
2019-10-19 17:30,10813
2019-10-19 17:35,10889
2019-10-19 17:40,10968
2019-10-19 17:45,10996
2019-10-19 17:50,11065
2019-10-19 17:55,11123
2019-10-19 18:00,11207
2019-10-19 18:05,11262
2019-10-19 18:10,11259
2019-10-19 18:15,11362
2019-10-19 18:20,11435
2019-10-19 18:25,11515
2019-10-19 18:30,11566
2019-10-19 18:35,11649
2019-10-19 18:40,11761
2019-10-19 18:45,11916
2019-10-19 18:50,11964
2019-10-19 18:55,12007
2019-10-19 19:00,12054
2019-10-19 19:05,12019
2019-10-19 19:10,12062
2019-10-19 19:15,12101
2019-10-19 19:20,12167
2019-10-19 19:25,12255
2019-10-19 19:30,12251
2019-10-19 19:35,12255
2019-10-19 19:40,12324
2019-10-19 19:45,12406
2019-10-19 19:50,12426
2019-10-19 19:55,12474
2019-10-19 20:00,12469
2019-10-19 20:05,12469
2019-10-19 20:10,12561
2019-10-19 20:15,12558
2019-10-19 20:20,12584
2019-10-19 20:25,12629
2019-10-19 20:30,12692
2019-10-19 20:35,12656
2019-10-19 20:40,12669
2019-10-19 20:45,12710
2019-10-19 20:50,12678
2019-10-19 20:55,12717
2019-10-19 21:00,12642
2019-10-19 21:05,12587
2019-10-19 21:10,12463
2019-10-19 21:15,12513
2019-10-19 21:20,12482
2019-10-19 21:25,12462
2019-10-19 21:30,12380
2019-10-19 21:35,12331
2019-10-19 21:40,12278
2019-10-19 21:45,12363
2019-10-19 21:50,12260
2019-10-19 21:55,12139
2019-10-19 22:00,12055
2019-10-19 22:05,11880
2019-10-19 22:10,11810
2019-10-19 22:15,11709
2019-10-19 22:20,11578
2019-10-19 22:25,11448
2019-10-19 22:30,11314
2019-10-19 22:35,11218
2019-10-19 22:40,11209
2019-10-19 22:45,11060
2019-10-19 22:50,11024
2019-10-19 22:55,10917
2019-10-19 23:00,10820
2019-10-19 23:05,10760
2019-10-19 23:10,10668
2019-10-19 23:15,10572
2019-10-19 23:20,10503
2019-10-19 23:25,10413
2019-10-19 23:30,10382
2019-10-19 23:35,10328
2019-10-19 23:40,10206
2019-10-19 23:45,10111
2019-10-19 23:50,10071
2019-10-19 23:55,10003
2019-10-20 00:00,9927
2019-10-20 00:05,9872
2019-10-20 00:10,9876
2019-10-20 00:15,9805
2019-10-20 00:20,9761
2019-10-20 00:25,9761
2019-10-20 00:30,9798
2019-10-20 00:35,9784
2019-10-20 00:40,9787
2019-10-20 00:45,9731
2019-10-20 00:50,9716
2019-10-20 00:55,9677
2019-10-20 01:00,9623
2019-10-20 01:05,9571
2019-10-20 01:10,9585
2019-10-20 01:15,9521
2019-10-20 01:20,9455
2019-10-20 01:25,9406
2019-10-20 01:30,9482
2019-10-20 01:35,9519
2019-10-20 01:40,9530
2019-10-20 01:45,9566
2019-10-20 01:50,9594
2019-10-20 01:55,9627
2019-10-20 02:00,9629
2019-10-20 02:05,9659
2019-10-20 02:10,9617
2019-10-20 02:15,9614
2019-10-20 02:20,9628
2019-10-20 02:25,9640
2019-10-20 02:30,9621
2019-10-20 02:35,9627
2019-10-20 02:40,9625
2019-10-20 02:45,9648
2019-10-20 02:50,9618
2019-10-20 02:55,9568
2019-10-20 03:00,9585
2019-10-20 03:05,9564
2019-10-20 03:10,9523
2019-10-20 03:15,9528
2019-10-20 03:20,9527
2019-10-20 03:25,9520
2019-10-20 03:30,9467
2019-10-20 03:35,9456
2019-10-20 03:40,9365
2019-10-20 03:45,9275
2019-10-20 03:50,9191
2019-10-20 03:55,9113
2019-10-20 04:00,9002
2019-10-20 04:05,8969
2019-10-20 04:10,8871
2019-10-20 04:15,8810
2019-10-20 04:20,8708
2019-10-20 04:25,8625
2019-10-20 04:30,8546
2019-10-20 04:35,8496
2019-10-20 04:40,8464
2019-10-20 04:45,8323
2019-10-20 04:50,8271
2019-10-20 04:55,8179
2019-10-20 05:00,8097
2019-10-20 05:05,7987
2019-10-20 05:10,7862
2019-10-20 05:15,7765
2019-10-20 05:20,7654
2019-10-20 05:25,7526
2019-10-20 05:30,7432
2019-10-20 05:35,7361
2019-10-20 05:40,7245
2019-10-20 05:45,7144
2019-10-20 05:50,7039
2019-10-20 05:55,6968
2019-10-20 06:00,6884
2019-10-20 06:05,6766
2019-10-20 06:10,6642
2019-10-20 06:15,6572
2019-10-20 06:20,6533
2019-10-20 06:25,6429
2019-10-20 06:30,6300
2019-10-20 06:35,6227
2019-10-20 06:40,6140
2019-10-20 06:45,6035
2019-10-20 06:50,5937
2019-10-20 06:55,5898
2019-10-20 07:00,5786
2019-10-20 07:05,5707
2019-10-20 07:10,5629
2019-10-20 07:15,5531
2019-10-20 07:20,5505
2019-10-20 07:25,5470
2019-10-20 07:30,5423
2019-10-20 07:35,5326
2019-10-20 07:40,5274
2019-10-20 07:45,5288
2019-10-20 07:50,5250
2019-10-20 07:55,5193
2019-10-20 08:00,5157
2019-10-20 08:05,5145
2019-10-20 08:10,5113
2019-10-20 08:15,5105
2019-10-20 08:20,5124
2019-10-20 08:25,5057
2019-10-20 08:30,5060
2019-10-20 08:35,5077
2019-10-20 08:40,5122
2019-10-20 08:45,5158
2019-10-20 08:50,5143
2019-10-20 08:55,5158
2019-10-20 09:00,5215
2019-10-20 09:05,5245
2019-10-20 09:10,5234
2019-10-20 09:15,5247
2019-10-20 09:20,5314
2019-10-20 09:25,5373
2019-10-20 09:30,5359
2019-10-20 09:35,5425
2019-10-20 09:40,5462
2019-10-20 09:45,5555
2019-10-20 09:50,5593
2019-10-20 09:55,5662
2019-10-20 10:00,5654
2019-10-20 10:05,5675
2019-10-20 10:10,5730
2019-10-20 10:15,5785
2019-10-20 10:20,5813
2019-10-20 10:25,5851
2019-10-20 10:30,5900
2019-10-20 10:35,5963
2019-10-20 10:40,6051
2019-10-20 10:45,6148
2019-10-20 10:50,6206
2019-10-20 10:55,6233
2019-10-20 11:00,6253
2019-10-20 11:05,6291
2019-10-20 11:10,6356
2019-10-20 11:15,6423
2019-10-20 11:20,6456
2019-10-20 11:25,6530
2019-10-20 11:30,6631
2019-10-20 11:35,6682
2019-10-20 11:40,6747
2019-10-20 11:45,6804
2019-10-20 11:50,6842
2019-10-20 11:55,6916
2019-10-20 12:00,6948
2019-10-20 12:05,6941
2019-10-20 12:10,7031
2019-10-20 12:15,7061
2019-10-20 12:20,7135
2019-10-20 12:25,7198
2019-10-20 12:30,7275
2019-10-20 12:35,7382
2019-10-20 12:40,7448
2019-10-20 12:45,7508
2019-10-20 12:50,7613
2019-10-20 12:55,7662
2019-10-20 13:00,7695
2019-10-20 13:05,7752
2019-10-20 13:10,7857
2019-10-20 13:15,7905
2019-10-20 13:20,7943
2019-10-20 13:25,8009
2019-10-20 13:30,8081
2019-10-20 13:35,8173
2019-10-20 13:40,8256
2019-10-20 13:45,8380
2019-10-20 13:50,8494
2019-10-20 13:55,8565
2019-10-20 14:00,8637
2019-10-20 14:05,8692
2019-10-20 14:10,8812
2019-10-20 14:15,8876
2019-10-20 14:20,8953
2019-10-20 14:25,9042
2019-10-20 14:30,9072
2019-10-20 14:35,9205
2019-10-20 14:40,9294
2019-10-20 14:45,9405
2019-10-20 14:50,9521
2019-10-20 14:55,9555
2019-10-20 15:00,9608
2019-10-20 15:05,9735
2019-10-20 15:10,9782
2019-10-20 15:15,9789
2019-10-20 15:20,9883
2019-10-20 15:25,9914
2019-10-20 15:30,10048
2019-10-20 15:35,10118
2019-10-20 15:40,10217
2019-10-20 15:45,10225
2019-10-20 15:50,10249
2019-10-20 15:55,10296
2019-10-20 16:00,10360
2019-10-20 16:05,10324
2019-10-20 16:10,10471
2019-10-20 16:15,10531
2019-10-20 16:20,10704
2019-10-20 16:25,10801
2019-10-20 16:30,10876
2019-10-20 16:35,10957
2019-10-20 16:40,11016
2019-10-20 16:45,11147
2019-10-20 16:50,11206
2019-10-20 16:55,11284
2019-10-20 17:00,11351
2019-10-20 17:05,11411
2019-10-20 17:10,11470
2019-10-20 17:15,11521
2019-10-20 17:20,11621
2019-10-20 17:25,11762
2019-10-20 17:30,11891
2019-10-20 17:35,12004
2019-10-20 17:40,12112
2019-10-20 17:45,12207
2019-10-20 17:50,12251
2019-10-20 17:55,12306
2019-10-20 18:00,12368
2019-10-20 18:05,12479
2019-10-20 18:10,12623
2019-10-20 18:15,12675
2019-10-20 18:20,12788
2019-10-20 18:25,12850
2019-10-20 18:30,12986
2019-10-20 18:35,13041
2019-10-20 18:40,13130
2019-10-20 18:45,13180
2019-10-20 18:50,13195
2019-10-20 18:55,13262
2019-10-20 19:00,13435
2019-10-20 19:05,13462
2019-10-20 19:10,13417
2019-10-20 19:15,13458
2019-10-20 19:20,13476
2019-10-20 19:25,13439
2019-10-20 19:30,13512
2019-10-20 19:35,13626
2019-10-20 19:40,13627
2019-10-20 19:45,13684
2019-10-20 19:50,13590
2019-10-20 19:55,13655
2019-10-20 20:00,13643
2019-10-20 20:05,13516
2019-10-20 20:10,13489
2019-10-20 20:15,13421
2019-10-20 20:20,13397
2019-10-20 20:25,13314
2019-10-20 20:30,13182
2019-10-20 20:35,13115
2019-10-20 20:40,13093
2019-10-20 20:45,12980
2019-10-20 20:50,12941
2019-10-20 20:55,12801
2019-10-20 21:00,12703
2019-10-20 21:05,12660
2019-10-20 21:10,12529
2019-10-20 21:15,12410
2019-10-20 21:20,12237
2019-10-20 21:25,12146
2019-10-20 21:30,12065
2019-10-20 21:35,11938
2019-10-20 21:40,11873
2019-10-20 21:45,11743
2019-10-20 21:50,11678
2019-10-20 21:55,11540
2019-10-20 22:00,11441
2019-10-20 22:05,11298
2019-10-20 22:10,11215
2019-10-20 22:15,11131
2019-10-20 22:20,11046
2019-10-20 22:25,10960
2019-10-20 22:30,10851
2019-10-20 22:35,10783
2019-10-20 22:40,10723
2019-10-20 22:45,10681
2019-10-20 22:50,10599
2019-10-20 22:55,10538
2019-10-20 23:00,10461
2019-10-20 23:05,10435
2019-10-20 23:10,10412
2019-10-20 23:15,10382
2019-10-20 23:20,10318
2019-10-20 23:25,10231
2019-10-20 23:30,10212
2019-10-20 23:35,10206
2019-10-20 23:40,10152
2019-10-20 23:45,10160
2019-10-20 23:50,10151
2019-10-20 23:55,10120
2019-10-21 00:00,10115
2019-10-21 00:05,10110
2019-10-21 00:10,10124
2019-10-21 00:15,10124
2019-10-21 00:20,10145
2019-10-21 00:25,10100
2019-10-21 00:30,10097
2019-10-21 00:35,10058
2019-10-21 00:40,10048
2019-10-21 00:45,10088
2019-10-21 00:50,10089
2019-10-21 00:55,10060
2019-10-21 01:00,10107
2019-10-21 01:05,10125
2019-10-21 01:10,10142
2019-10-21 01:15,10068
2019-10-21 01:20,10066
2019-10-21 01:25,10028
2019-10-21 01:30,10004
2019-10-21 01:35,9967
2019-10-21 01:40,9939
2019-10-21 01:45,9922
2019-10-21 01:50,9850
2019-10-21 01:55,9852
2019-10-21 02:00,9777
2019-10-21 02:05,9768
2019-10-21 02:10,9718
2019-10-21 02:15,9611
2019-10-21 02:20,9594
2019-10-21 02:25,9567
2019-10-21 02:30,9446
2019-10-21 02:35,9361
2019-10-21 02:40,9280
2019-10-21 02:45,9227
2019-10-21 02:50,9158
2019-10-21 02:55,9055
2019-10-21 03:00,8957
2019-10-21 03:05,8774
2019-10-21 03:10,7853
2019-10-21 03:15,6728
2019-10-21 03:20,5818
2019-10-21 03:25,5255
2019-10-21 03:30,5520
2019-10-21 03:35,5729
2019-10-21 03:40,5831
2019-10-21 03:45,5942
2019-10-21 03:50,6037
2019-10-21 03:55,6030
2019-10-21 04:00,5805
2019-10-21 04:05,5855
2019-10-21 04:10,5889
2019-10-21 04:15,5930
2019-10-21 04:20,5979
2019-10-21 04:25,5971
2019-10-21 04:30,5967
2019-10-21 04:35,5977
2019-10-21 04:40,5962
2019-10-21 04:45,5958
2019-10-21 04:50,
2019-10-21 04:55,5876
2019-10-21 05:00,5828
2019-10-21 05:05,5753
2019-10-21 05:10,5649
2019-10-21 05:15,5608
2019-10-21 05:20,5524
2019-10-21 05:25,5463
2019-10-21 05:30,5372
2019-10-21 05:35,5293
2019-10-21 05:40,5207
2019-10-21 05:45,5103
2019-10-21 05:50,4975
2019-10-21 05:55,4921
2019-10-21 06:00,4835
2019-10-21 06:05,4748
2019-10-21 06:10,4664
2019-10-21 06:15,4554
2019-10-21 06:20,4506
2019-10-21 06:25,4397
2019-10-21 06:30,4343
2019-10-21 06:35,4231
2019-10-21 06:40,4166
2019-10-21 06:45,4069
2019-10-21 06:50,4007
2019-10-21 06:55,3939
2019-10-21 07:00,3895
2019-10-21 07:05,3792
2019-10-21 07:10,3732
2019-10-21 07:15,3713
2019-10-21 07:20,3667
2019-10-21 07:25,3619
2019-10-21 07:30,3608
2019-10-21 07:35,3560
2019-10-21 07:40,3513
2019-10-21 07:45,3495
2019-10-21 07:50,3471
2019-10-21 07:55,3450
2019-10-21 08:00,3393
2019-10-21 08:05,3371
2019-10-21 08:10,3377
2019-10-21 08:15,3397
2019-10-21 08:20,3344
2019-10-21 08:25,3350
2019-10-21 08:30,3323
2019-10-21 08:35,3351
2019-10-21 08:40,3377
2019-10-21 08:45,3371
2019-10-21 08:50,3388
2019-10-21 08:55,3402
2019-10-21 09:00,3398
2019-10-21 09:05,3407
2019-10-21 09:10,3445
2019-10-21 09:15,3464
2019-10-21 09:20,3503
2019-10-21 09:25,3529
2019-10-21 09:30,3500
2019-10-21 09:35,3510
2019-10-21 09:40,3525
2019-10-21 09:45,3538
2019-10-21 09:50,3542
2019-10-21 09:55,3539
2019-10-21 10:00,3528
2019-10-21 10:05,3546
2019-10-21 10:10,3587
2019-10-21 10:15,3624
2019-10-21 10:20,3650
2019-10-21 10:25,3658
2019-10-21 10:30,3705
2019-10-21 10:35,3754
2019-10-21 10:40,3811
2019-10-21 10:45,3859
2019-10-21 10:50,3892
2019-10-21 10:55,3895
2019-10-21 11:00,3929
2019-10-21 11:05,3941
2019-10-21 11:10,3998
2019-10-21 11:15,4024
2019-10-21 11:20,4087
2019-10-21 11:25,4112
2019-10-21 11:30,4134
2019-10-21 11:35,4189
2019-10-21 11:40,4206
2019-10-21 11:45,4260
2019-10-21 11:50,4294
2019-10-21 11:55,4290
2019-10-21 12:00,4350
2019-10-21 12:05,4398
2019-10-21 12:10,4452
2019-10-21 12:15,4501
2019-10-21 12:20,4545
2019-10-21 12:25,4626
2019-10-21 12:30,4692
2019-10-21 12:35,4698
2019-10-21 12:40,4768
2019-10-21 12:45,4827
2019-10-21 12:50,4910
2019-10-21 12:55,4967
2019-10-21 13:00,5079
2019-10-21 13:05,5167
2019-10-21 13:10,5202
2019-10-21 13:15,5295
2019-10-21 13:20,5332
2019-10-21 13:25,5374
2019-10-21 13:30,5406
2019-10-21 13:35,5459
2019-10-21 13:40,5482
2019-10-21 13:45,5526
2019-10-21 13:50,5625
2019-10-21 13:55,5712
2019-10-21 14:00,5793
2019-10-21 14:05,5877
2019-10-21 14:10,6001
2019-10-21 14:15,6079
2019-10-21 14:20,6179
2019-10-21 14:25,6298
2019-10-21 14:30,6354
2019-10-21 14:35,6436
2019-10-21 14:40,6481
2019-10-21 14:45,6574
2019-10-21 14:50,6605
2019-10-21 14:55,6651
2019-10-21 15:00,6759
2019-10-21 15:05,6786
2019-10-21 15:10,6815
2019-10-21 15:15,6866
2019-10-21 15:20,6969
2019-10-21 15:25,7000
2019-10-21 15:30,7088
2019-10-21 15:35,7209
2019-10-21 15:40,7279
2019-10-21 15:45,7303
2019-10-21 15:50,7430
2019-10-21 15:55,7459
2019-10-21 16:00,7540
2019-10-21 16:05,7582
2019-10-21 16:10,7712
2019-10-21 16:15,7777
2019-10-21 16:20,7910
2019-10-21 16:25,7953
2019-10-21 16:30,8049
2019-10-21 16:35,8197
2019-10-21 16:40,8283
2019-10-21 16:45,8447
2019-10-21 16:50,8552
2019-10-21 16:55,8679
2019-10-21 17:00,8758
2019-10-21 17:05,8890
2019-10-21 17:10,9003
2019-10-21 17:15,9038
2019-10-21 17:20,9077
2019-10-21 17:25,9155
2019-10-21 17:30,9251
2019-10-21 17:35,9363
2019-10-21 17:40,9435
2019-10-21 17:45,9495
2019-10-21 17:50,9539
2019-10-21 17:55,9678
2019-10-21 18:00,9724
2019-10-21 18:05,9862
2019-10-21 18:10,9956
2019-10-21 18:15,10001
2019-10-21 18:20,10047
2019-10-21 18:25,10134
2019-10-21 18:30,10132
2019-10-21 18:35,10217
2019-10-21 18:40,10276
2019-10-21 18:45,10289
2019-10-21 18:50,10293
2019-10-21 18:55,10322
2019-10-21 19:00,10337
2019-10-21 19:05,10393
2019-10-21 19:10,10391
2019-10-21 19:15,10394
2019-10-21 19:20,10370
2019-10-21 19:25,10380
2019-10-21 19:30,10445
2019-10-21 19:35,10485
2019-10-21 19:40,10494
2019-10-21 19:45,10481
2019-10-21 19:50,10572
2019-10-21 19:55,10537
2019-10-21 20:00,10542
2019-10-21 20:05,10524
2019-10-21 20:10,10538
2019-10-21 20:15,10514
2019-10-21 20:20,10529
2019-10-21 20:25,10409
2019-10-21 20:30,10387
2019-10-21 20:35,10373
2019-10-21 20:40,10398
2019-10-21 20:45,10416
2019-10-21 20:50,10306
2019-10-21 20:55,10248
2019-10-21 21:00,10197
2019-10-21 21:05,10156
2019-10-21 21:10,10144
2019-10-21 21:15,10076
2019-10-21 21:20,9935
2019-10-21 21:25,9895
2019-10-21 21:30,9878
2019-10-21 21:35,9775
2019-10-21 21:40,9766
2019-10-21 21:45,9734
2019-10-21 21:50,9637
2019-10-21 21:55,9557
2019-10-21 22:00,9517
2019-10-21 22:05,9408
2019-10-21 22:10,9275
2019-10-21 22:15,9254
2019-10-21 22:20,9187
2019-10-21 22:25,9154
2019-10-21 22:30,9144
2019-10-21 22:35,9098
2019-10-21 22:40,9084
2019-10-21 22:45,9037
2019-10-21 22:50,8923
2019-10-21 22:55,8956
2019-10-21 23:00,8903
2019-10-21 23:05,8856
2019-10-21 23:10,8867
2019-10-21 23:15,8779
2019-10-21 23:20,8768
2019-10-21 23:25,8783
2019-10-21 23:30,8772
2019-10-21 23:35,8841
2019-10-21 23:40,8845
2019-10-21 23:45,8819
2019-10-21 23:50,8857
2019-10-21 23:55,8850
2019-10-22 00:00,8866
2019-10-22 00:05,8783
2019-10-22 00:10,8815
2019-10-22 00:15,8843
2019-10-22 00:20,8839
2019-10-22 00:25,8868
2019-10-22 00:30,8934
2019-10-22 00:35,9000
2019-10-22 00:40,9054
2019-10-22 00:45,9109
2019-10-22 00:50,9188
2019-10-22 00:55,9211
2019-10-22 01:00,9248
2019-10-22 01:05,9250
2019-10-22 01:10,9206
2019-10-22 01:15,9191
2019-10-22 01:20,9207
2019-10-22 01:25,9224
2019-10-22 01:30,9305
2019-10-22 01:35,9318
2019-10-22 01:40,9300
2019-10-22 01:45,9325
2019-10-22 01:50,9293
2019-10-22 01:55,9242
2019-10-22 02:00,9215
2019-10-22 02:05,9196
2019-10-22 02:10,9156
2019-10-22 02:15,9086
2019-10-22 02:20,9096
2019-10-22 02:25,9048
2019-10-22 02:30,9001
2019-10-22 02:35,8888
2019-10-22 02:40,8860
2019-10-22 02:45,8793
2019-10-22 02:50,8744
2019-10-22 02:55,8672
2019-10-22 03:00,8627
2019-10-22 03:05,8482
2019-10-22 03:10,8378
2019-10-22 03:15,8321
2019-10-22 03:20,8234
2019-10-22 03:25,8095
2019-10-22 03:30,7995
2019-10-22 03:35,7876
2019-10-22 03:40,7789
2019-10-22 03:45,7661
2019-10-22 03:50,7595
2019-10-22 03:55,7472
2019-10-22 04:00,7348
2019-10-22 04:05,7225
2019-10-22 04:10,7061
2019-10-22 04:15,6912
2019-10-22 04:20,6775
2019-10-22 04:25,6665
2019-10-22 04:30,6569
2019-10-22 04:35,6470
2019-10-22 04:40,6330
2019-10-22 04:45,6224
2019-10-22 04:50,6103
2019-10-22 04:55,5950
2019-10-22 05:00,5801
2019-10-22 05:05,5687
2019-10-22 05:10,5569
2019-10-22 05:15,5450
2019-10-22 05:20,5347
2019-10-22 05:25,5276
2019-10-22 05:30,5173
2019-10-22 05:35,5041
2019-10-22 05:40,4952
2019-10-22 05:45,4862
2019-10-22 05:50,4784
2019-10-22 05:55,4696
2019-10-22 06:00,4603
2019-10-22 06:05,4486
2019-10-22 06:10,4383
2019-10-22 06:15,4311
2019-10-22 06:20,4271
2019-10-22 06:25,4178
2019-10-22 06:30,4099
2019-10-22 06:35,4048
2019-10-22 06:40,3988
2019-10-22 06:45,3885
2019-10-22 06:50,3793
2019-10-22 06:55,3719
2019-10-22 07:00,3676
2019-10-22 07:05,3624
2019-10-22 07:10,3504
2019-10-22 07:15,3480
2019-10-22 07:20,3441
2019-10-22 07:25,3395
2019-10-22 07:30,3358
2019-10-22 07:35,3310
2019-10-22 07:40,3272
2019-10-22 07:45,3256
2019-10-22 07:50,3236
2019-10-22 07:55,3245
2019-10-22 08:00,3242
2019-10-22 08:05,3203
2019-10-22 08:10,3170
2019-10-22 08:15,3148
2019-10-22 08:20,3143
2019-10-22 08:25,3111
2019-10-22 08:30,3133
2019-10-22 08:35,3129
2019-10-22 08:40,3149
2019-10-22 08:45,3147
2019-10-22 08:50,3140
2019-10-22 08:55,3137
2019-10-22 09:00,3157
2019-10-22 09:05,3191
2019-10-22 09:10,3225
2019-10-22 09:15,3216
2019-10-22 09:20,3225
2019-10-22 09:25,3222
2019-10-22 09:30,3235
2019-10-22 09:35,3264
2019-10-22 09:40,3284
2019-10-22 09:45,3286
2019-10-22 09:50,3309
2019-10-22 09:55,3308
2019-10-22 10:00,3342
2019-10-22 10:05,3360
2019-10-22 10:10,3401
2019-10-22 10:15,3421
2019-10-22 10:20,3427
2019-10-22 10:25,3452
2019-10-22 10:30,3475
2019-10-22 10:35,3505
2019-10-22 10:40,3533
2019-10-22 10:45,3583
2019-10-22 10:50,3629
2019-10-22 10:55,3696
2019-10-22 11:00,3732
2019-10-22 11:05,3736
2019-10-22 11:10,3750
2019-10-22 11:15,3818
2019-10-22 11:20,3869
2019-10-22 11:25,3927
2019-10-22 11:30,3961
2019-10-22 11:35,4006
2019-10-22 11:40,4024
2019-10-22 11:45,4086
2019-10-22 11:50,4134
2019-10-22 11:55,4179
2019-10-22 12:00,4248
2019-10-22 12:05,4301
2019-10-22 12:10,4361
2019-10-22 12:15,4419
2019-10-22 12:20,4452
2019-10-22 12:25,4533
2019-10-22 12:30,4630
2019-10-22 12:35,4710
2019-10-22 12:40,4710
2019-10-22 12:45,4814
2019-10-22 12:50,4870
2019-10-22 12:55,4924
2019-10-22 13:00,5029
2019-10-22 13:05,5146
2019-10-22 13:10,5262
2019-10-22 13:15,5291
2019-10-22 13:20,5378
2019-10-22 13:25,5439
2019-10-22 13:30,5439
2019-10-22 13:35,5534
2019-10-22 13:40,5726
2019-10-22 13:45,5775
2019-10-22 13:50,5856
2019-10-22 13:55,5906
2019-10-22 14:00,5948
2019-10-22 14:05,5948
2019-10-22 14:10,6160
2019-10-22 14:15,6221
2019-10-22 14:20,6261
2019-10-22 14:25,6261
2019-10-22 14:30,6434
2019-10-22 14:35,6434
2019-10-22 14:40,6502
2019-10-22 14:45,6653
2019-10-22 14:50,6653
2019-10-22 14:55,6686
2019-10-22 15:00,6717
2019-10-22 15:05,6717
2019-10-22 15:10,6785
2019-10-22 15:15,6875
2019-10-22 15:20,6916
2019-10-22 15:25,6984
2019-10-22 15:30,6984
2019-10-22 15:35,7032
2019-10-22 15:40,7201
2019-10-22 15:45,7237
2019-10-22 15:50,7264
2019-10-22 15:55,7264
2019-10-22 16:00,7413
2019-10-22 16:05,7397
2019-10-22 16:10,7508
2019-10-22 16:15,7600
2019-10-22 16:20,7768
2019-10-22 16:25,
2019-10-22 16:30,7924
2019-10-22 16:35,8014
2019-10-22 16:40,8093
2019-10-22 16:45,
2019-10-22 16:50,8304
2019-10-22 16:55,8361
2019-10-22 17:00,8526
2019-10-22 17:05,8526
2019-10-22 17:10,8632
2019-10-22 17:15,8734
2019-10-22 17:20,8780
2019-10-22 17:25,8873
2019-10-22 17:30,8873
2019-10-22 17:35,8944
2019-10-22 17:40,9046
2019-10-22 17:45,9115
2019-10-22 17:50,9221
2019-10-22 17:55,9302
2019-10-22 18:00,9390
2019-10-22 18:05,9390
2019-10-22 18:10,9476
2019-10-22 18:15,9624
2019-10-22 18:20,9694
2019-10-22 18:25,9834
2019-10-22 18:30,9897
2019-10-22 18:35,9897
2019-10-22 18:40,9966
2019-10-22 18:45,10021
2019-10-22 18:50,10021
2019-10-22 18:55,10046
2019-10-22 19:00,10054
2019-10-22 19:05,10054
2019-10-22 19:10,10101
2019-10-22 19:15,10188
2019-10-22 19:20,10188
2019-10-22 19:25,10226
2019-10-22 19:30,10249
2019-10-22 19:35,10246
2019-10-22 19:40,10312
2019-10-22 19:45,10366
2019-10-22 19:50,10330
2019-10-22 19:55,10284
2019-10-22 20:00,10363
2019-10-22 20:05,10363
2019-10-22 20:10,
2019-10-22 20:15,
2019-10-22 20:20,10354
2019-10-22 20:25,10333
2019-10-22 20:30,10326
2019-10-22 20:35,10269
2019-10-22 20:40,10256
2019-10-22 20:45,10162
2019-10-22 20:50,10184
2019-10-22 20:55,10155
2019-10-22 21:00,10114
2019-10-22 21:05,10025
2019-10-22 21:10,9950
2019-10-22 21:15,9899
2019-10-22 21:20,9832
2019-10-22 21:25,9759
2019-10-22 21:30,9734
2019-10-22 21:35,9694
2019-10-22 21:40,8821
2019-10-22 21:45,9546
2019-10-22 21:50,9521
2019-10-22 21:55,9436
2019-10-22 22:00,9350
2019-10-22 22:05,9319
2019-10-22 22:10,9301
2019-10-22 22:15,9255
2019-10-22 22:20,9158
2019-10-22 22:25,9074
2019-10-22 22:30,9022
2019-10-22 22:35,9029
2019-10-22 22:40,8939
2019-10-22 22:45,8917
2019-10-22 22:50,8895
2019-10-22 22:55,8825
2019-10-22 23:00,8730
2019-10-22 23:05,0
2019-10-22 23:10,8265
2019-10-22 23:15,8576
2019-10-22 23:20,8603
2019-10-22 23:25,8596
2019-10-22 23:30,8585
2019-10-22 23:35,8642
2019-10-22 23:40,8695
2019-10-22 23:45,8694
2019-10-22 23:50,8675
2019-10-22 23:55,8651
2019-10-23 00:00,8740
2019-10-23 00:05,8745
2019-10-23 00:10,8772
2019-10-23 00:15,8749
2019-10-23 00:20,8742
2019-10-23 00:25,8723
2019-10-23 00:30,8737
2019-10-23 00:35,8713
2019-10-23 00:40,8814
2019-10-23 00:45,8797
2019-10-23 00:50,8816
2019-10-23 00:55,8859
2019-10-23 01:00,8837
2019-10-23 01:05,8872
2019-10-23 01:10,8871
2019-10-23 01:15,8888
2019-10-23 01:20,8901
2019-10-23 01:25,8940
2019-10-23 01:30,8931
2019-10-23 01:35,8973
2019-10-23 01:40,8965
2019-10-23 01:45,8925
2019-10-23 01:50,8943
2019-10-23 01:55,8937
2019-10-23 02:00,8896
2019-10-23 02:05,8839
2019-10-23 02:10,8842
2019-10-23 02:15,8858
2019-10-23 02:20,8889
2019-10-23 02:25,8896
2019-10-23 02:30,8824
2019-10-23 02:35,8680
2019-10-23 02:40,8656
2019-10-23 02:45,8548
2019-10-23 02:50,8558
2019-10-23 02:55,8509
2019-10-23 03:00,8425
2019-10-23 03:05,8367
2019-10-23 03:10,8248
2019-10-23 03:15,8089
2019-10-23 03:20,8057
2019-10-23 03:25,8006
2019-10-23 03:30,7922
2019-10-23 03:35,7867
2019-10-23 03:40,7734
2019-10-23 03:45,7588
2019-10-23 03:50,7462
2019-10-23 03:55,7354
2019-10-23 04:00,7236
2019-10-23 04:05,7100
2019-10-23 04:10,6955
2019-10-23 04:15,6854
2019-10-23 04:20,6781
2019-10-23 04:25,6647
2019-10-23 04:30,6550
2019-10-23 04:35,6480
2019-10-23 04:40,6361
2019-10-23 04:45,6266
2019-10-23 04:50,6188
2019-10-23 04:55,6065
2019-10-23 05:00,5927
2019-10-23 05:05,5815
2019-10-23 05:10,5694
2019-10-23 05:15,5560
2019-10-23 05:20,5402
2019-10-23 05:25,5313
2019-10-23 05:30,5226
2019-10-23 05:35,5118
2019-10-23 05:40,4982
2019-10-23 05:45,4890
2019-10-23 05:50,4801
2019-10-23 05:55,4716
2019-10-23 06:00,4640
2019-10-23 06:05,4568
2019-10-23 06:10,4405
2019-10-23 06:15,4317
2019-10-23 06:20,4260
2019-10-23 06:25,4183
2019-10-23 06:30,4120
2019-10-23 06:35,4059
2019-10-23 06:40,3992
2019-10-23 06:45,3899
2019-10-23 06:50,3855
2019-10-23 06:55,3757
2019-10-23 07:00,3668
2019-10-23 07:05,3625
2019-10-23 07:10,3581
2019-10-23 07:15,3527
2019-10-23 07:20,3476
2019-10-23 07:25,3444
2019-10-23 07:30,3391
2019-10-23 07:35,3325
2019-10-23 07:40,3289
2019-10-23 07:45,3280
2019-10-23 07:50,3266
2019-10-23 07:55,3250
2019-10-23 08:00,3267
2019-10-23 08:05,3217
2019-10-23 08:10,3220
2019-10-23 08:15,3190
2019-10-23 08:20,3198
2019-10-23 08:25,3196
2019-10-23 08:30,3235
2019-10-23 08:35,3212
2019-10-23 08:40,3216
2019-10-23 08:45,3199
2019-10-23 08:50,3205
2019-10-23 08:55,3228
2019-10-23 09:00,3255
2019-10-23 09:05,3294
2019-10-23 09:10,3304
2019-10-23 09:15,3299
2019-10-23 09:20,3340
2019-10-23 09:25,3362
2019-10-23 09:30,3362
2019-10-23 09:35,3388
2019-10-23 09:40,3425
2019-10-23 09:45,3442
2019-10-23 09:50,3437
2019-10-23 09:55,3439
2019-10-23 10:00,3498
2019-10-23 10:05,3528
2019-10-23 10:10,3583
2019-10-23 10:15,3613
2019-10-23 10:20,3630
2019-10-23 10:25,3648
2019-10-23 10:30,3654
2019-10-23 10:35,3683
2019-10-23 10:40,3715
2019-10-23 10:45,3745
2019-10-23 10:50,3775
2019-10-23 10:55,3802
2019-10-23 11:00,3789
2019-10-23 11:05,3809
2019-10-23 11:10,3820
2019-10-23 11:15,3856
2019-10-23 11:20,3889
2019-10-23 11:25,3915
2019-10-23 11:30,3960
2019-10-23 11:35,4038
2019-10-23 11:40,4084
2019-10-23 11:45,4115
2019-10-23 11:50,4160
2019-10-23 11:55,4207
2019-10-23 12:00,4218
2019-10-23 12:05,4271
2019-10-23 12:10,4309
2019-10-23 12:15,4378
2019-10-23 12:20,4397
2019-10-23 12:25,4498
2019-10-23 12:30,4566
2019-10-23 12:35,4584
2019-10-23 12:40,4675
2019-10-23 12:45,4754
2019-10-23 12:50,4840
2019-10-23 12:55,4872
2019-10-23 13:00,4959
2019-10-23 13:05,5022
2019-10-23 13:10,5092
2019-10-23 13:15,5140
2019-10-23 13:20,5225
2019-10-23 13:25,5251
2019-10-23 13:30,5304
2019-10-23 13:35,5377
2019-10-23 13:40,5525
2019-10-23 13:45,5581
2019-10-23 13:50,5675
2019-10-23 13:55,5752
2019-10-23 14:00,5822
2019-10-23 14:05,5883
2019-10-23 14:10,5917
2019-10-23 14:15,5988
2019-10-23 14:20,6092
2019-10-23 14:25,6125
2019-10-23 14:30,6179
2019-10-23 14:35,6265
2019-10-23 14:40,6341
2019-10-23 14:45,6505
2019-10-23 14:50,6578
2019-10-23 14:55,6603
2019-10-23 15:00,6652
2019-10-23 15:05,6712
2019-10-23 15:10,6811
2019-10-23 15:15,6854
2019-10-23 15:20,6901
2019-10-23 15:25,6963
2019-10-23 15:30,7020
2019-10-23 15:35,7053
2019-10-23 15:40,7063
2019-10-23 15:45,7115
2019-10-23 15:50,7177
2019-10-23 15:55,7231
2019-10-23 16:00,7346
2019-10-23 16:05,7431
2019-10-23 16:10,7452
2019-10-23 16:15,7535
2019-10-23 16:20,7607
2019-10-23 16:25,7675
2019-10-23 16:30,7688
2019-10-23 16:35,7771
2019-10-23 16:40,7905
2019-10-23 16:45,7940
2019-10-23 16:50,8047
2019-10-23 16:55,8069
2019-10-23 17:00,8195
2019-10-23 17:05,8302
2019-10-23 17:10,8375
2019-10-23 17:15,
2019-10-23 17:20,8606
2019-10-23 17:25,8706
2019-10-23 17:30,8813
2019-10-23 17:35,8832
2019-10-23 17:40,8904
2019-10-23 17:45,8978
2019-10-23 17:50,9059
2019-10-23 17:55,9175
2019-10-23 18:00,9167
2019-10-23 18:05,9236
2019-10-23 18:10,9293
2019-10-23 18:15,9408
2019-10-23 18:20,9501
2019-10-23 18:25,9581
2019-10-23 18:30,9612
2019-10-23 18:35,9668
2019-10-23 18:40,9721
2019-10-23 18:45,9771
2019-10-23 18:50,9868
2019-10-23 18:55,9886
2019-10-23 19:00,9949
2019-10-23 19:05,9894
2019-10-23 19:10,9958
2019-10-23 19:15,9960
2019-10-23 19:20,10021
2019-10-23 19:25,10071
2019-10-23 19:30,10109
2019-10-23 19:35,10080
2019-10-23 19:40,10113
2019-10-23 19:45,10073
2019-10-23 19:50,10098
2019-10-23 19:55,10092
2019-10-23 20:00,10078
2019-10-23 20:05,10095
2019-10-23 20:10,10043
2019-10-23 20:15,10042
2019-10-23 20:20,10065
2019-10-23 20:25,9981
2019-10-23 20:30,9980
2019-10-23 20:35,9931
2019-10-23 20:40,9884
2019-10-23 20:45,9810
2019-10-23 20:50,9789
2019-10-23 20:55,9735
2019-10-23 21:00,9679
2019-10-23 21:05,9740
2019-10-23 21:10,9702
2019-10-23 21:15,9671
2019-10-23 21:20,9608
2019-10-23 21:25,9593
2019-10-23 21:30,9552
2019-10-23 21:35,9430
2019-10-23 21:40,9412
2019-10-23 21:45,9347
2019-10-23 21:50,9298
2019-10-23 21:55,9269
2019-10-23 22:00,9228
2019-10-23 22:05,9153
2019-10-23 22:10,9014
2019-10-23 22:15,8961
2019-10-23 22:20,8938
2019-10-23 22:25,8896
2019-10-23 22:30,8836
2019-10-23 22:35,8790
2019-10-23 22:40,8740
2019-10-23 22:45,0
2019-10-23 22:50,0
2019-10-23 22:55,8674
2019-10-23 23:00,8639
2019-10-23 23:05,8639
2019-10-23 23:10,8596
2019-10-23 23:15,8569
2019-10-23 23:20,8540
2019-10-23 23:25,8540
2019-10-23 23:30,8541
2019-10-23 23:35,8556
2019-10-23 23:40,8549
2019-10-23 23:45,8527
2019-10-23 23:50,8576
2019-10-23 23:55,8556
2019-10-24 00:00,8534
2019-10-24 00:05,8534
2019-10-24 00:10,8588
2019-10-24 00:15,8574
2019-10-24 00:20,8564
2019-10-24 00:25,8638
2019-10-24 00:30,8638
2019-10-24 00:35,8679
2019-10-24 00:40,8708
2019-10-24 00:45,8740
2019-10-24 00:50,8777
2019-10-24 00:55,8816
2019-10-24 01:00,8805
2019-10-24 01:05,8805
2019-10-24 01:10,8797
2019-10-24 01:15,8773
2019-10-24 01:20,8739
2019-10-24 01:25,8781
2019-10-24 01:30,8777
2019-10-24 01:35,8754
2019-10-24 01:40,8819
2019-10-24 01:45,8840
2019-10-24 01:50,8819
2019-10-24 01:55,8874
2019-10-24 02:00,8852
2019-10-24 02:05,8844
2019-10-24 02:10,8768
2019-10-24 02:15,8733
2019-10-24 02:20,8703
2019-10-24 02:25,8672
2019-10-24 02:30,8689
2019-10-24 02:35,8652
2019-10-24 02:40,8627
2019-10-24 02:45,8582
2019-10-24 02:50,8551
2019-10-24 02:55,8501
2019-10-24 03:00,8436
2019-10-24 03:05,8315
2019-10-24 03:10,8210
2019-10-24 03:15,8109
2019-10-24 03:20,8049
2019-10-24 03:25,7946
2019-10-24 03:30,7839
2019-10-24 03:35,7787
2019-10-24 03:40,7632
2019-10-24 03:45,7577
2019-10-24 03:50,7501
2019-10-24 03:55,7392
2019-10-24 04:00,7217
2019-10-24 04:05,7217
2019-10-24 04:10,7111
2019-10-24 04:15,6979
2019-10-24 04:20,6871
2019-10-24 04:25,6752
2019-10-24 04:30,6692
2019-10-24 04:35,6566
2019-10-24 04:40,6446
2019-10-24 04:45,6331
2019-10-24 04:50,6231
2019-10-24 04:55,6132
2019-10-24 05:00,5985
2019-10-24 05:05,5879
2019-10-24 05:10,5745
2019-10-24 05:15,5646
2019-10-24 05:20,5543
2019-10-24 05:25,5427
2019-10-24 05:30,5339
2019-10-24 05:35,5245
2019-10-24 05:40,5144
2019-10-24 05:45,5013
2019-10-24 05:50,4917
2019-10-24 05:55,4838
2019-10-24 06:00,4781
2019-10-24 06:05,4695
2019-10-24 06:10,4578
2019-10-24 06:15,4512
2019-10-24 06:20,4419
2019-10-24 06:25,4349
2019-10-24 06:30,4277
2019-10-24 06:35,4217
2019-10-24 06:40,4133
2019-10-24 06:45,4113
2019-10-24 06:50,4039
2019-10-24 06:55,3955
2019-10-24 07:00,3863
2019-10-24 07:05,3809
2019-10-24 07:10,3722
2019-10-24 07:15,3671
2019-10-24 07:20,3620
2019-10-24 07:25,3553
2019-10-24 07:30,3489
2019-10-24 07:35,3456
2019-10-24 07:40,3419
2019-10-24 07:45,3385
2019-10-24 07:50,3415
2019-10-24 07:55,3349
2019-10-24 08:00,3304
2019-10-24 08:05,3281
2019-10-24 08:10,3262
2019-10-24 08:15,3260
2019-10-24 08:20,3238
2019-10-24 08:25,3247
2019-10-24 08:30,3219
2019-10-24 08:35,3199
2019-10-24 08:40,3213
2019-10-24 08:45,3199
2019-10-24 08:50,3167
2019-10-24 08:55,3183
2019-10-24 09:00,3224
2019-10-24 09:05,3256
2019-10-24 09:10,3274
2019-10-24 09:15,3314
2019-10-24 09:20,3308
2019-10-24 09:25,3281
2019-10-24 09:30,3269
2019-10-24 09:35,3279
2019-10-24 09:40,3265
2019-10-24 09:45,3270
2019-10-24 09:50,3300
2019-10-24 09:55,3324
2019-10-24 10:00,3335
2019-10-24 10:05,3341
2019-10-24 10:10,3372
2019-10-24 10:15,3377
2019-10-24 10:20,3409
2019-10-24 10:25,3459
2019-10-24 10:30,3476
2019-10-24 10:35,3528
2019-10-24 10:40,3564
2019-10-24 10:45,3543
2019-10-24 10:50,3589
2019-10-24 10:55,3626
2019-10-24 11:00,3667
2019-10-24 11:05,3667
2019-10-24 11:10,3712
2019-10-24 11:15,3722
2019-10-24 11:20,3767
2019-10-24 11:25,3790
2019-10-24 11:30,3844
2019-10-24 11:35,3904
2019-10-24 11:40,3956
2019-10-24 11:45,3984
2019-10-24 11:50,4049
2019-10-24 11:55,4115
2019-10-24 12:00,4213
2019-10-24 12:05,4267
2019-10-24 12:10,4307
2019-10-24 12:15,4375
2019-10-24 12:20,4424
2019-10-24 12:25,4477
2019-10-24 12:30,4516
2019-10-24 12:35,4580
2019-10-24 12:40,4659
2019-10-24 12:45,4687
2019-10-24 12:50,4718
2019-10-24 12:55,4782
2019-10-24 13:00,4798
2019-10-24 13:05,4856
2019-10-24 13:10,4892
2019-10-24 13:15,4970
2019-10-24 13:20,5044
2019-10-24 13:25,5098
2019-10-24 13:30,5150
2019-10-24 13:35,5199
2019-10-24 13:40,5313
2019-10-24 13:45,5408
2019-10-24 13:50,5450
2019-10-24 13:55,5514
2019-10-24 14:00,5598
2019-10-24 14:05,5661
2019-10-24 14:10,5726
2019-10-24 14:15,5828
2019-10-24 14:20,5938
2019-10-24 14:25,5992
2019-10-24 14:30,6035
2019-10-24 14:35,6061
2019-10-24 14:40,6159
2019-10-24 14:45,6236
2019-10-24 14:50,6300
2019-10-24 14:55,6364
2019-10-24 15:00,6444
2019-10-24 15:05,6502
2019-10-24 15:10,6560
2019-10-24 15:15,6613
2019-10-24 15:20,6674
2019-10-24 15:25,6761
2019-10-24 15:30,6880
2019-10-24 15:35,6916
2019-10-24 15:40,6962
2019-10-24 15:45,7050
2019-10-24 15:50,7099
2019-10-24 15:55,0
2019-10-24 16:00,7302
2019-10-24 16:05,7376
2019-10-24 16:10,7415
2019-10-24 16:15,7492
2019-10-24 16:20,7570
2019-10-24 16:25,7641
2019-10-24 16:30,7727
2019-10-24 16:35,7806
2019-10-24 16:40,7830
2019-10-24 16:45,7950
2019-10-24 16:50,0
2019-10-24 16:55,8095
2019-10-24 17:00,8199
2019-10-24 17:05,8310
2019-10-24 17:10,8389
2019-10-24 17:15,8382
2019-10-24 17:20,8515
2019-10-24 17:25,8622
2019-10-24 17:30,8719
2019-10-24 17:35,8791
2019-10-24 17:40,8825
2019-10-24 17:45,8887
2019-10-24 17:50,8961
2019-10-24 17:55,9083
2019-10-24 18:00,9088
2019-10-24 18:05,9016
2019-10-24 18:10,9113
2019-10-24 18:15,9228
2019-10-24 18:20,9277
2019-10-24 18:25,9368
2019-10-24 18:30,9431
2019-10-24 18:35,9455
2019-10-24 18:40,9561
2019-10-24 18:45,9614
2019-10-24 18:50,9681
2019-10-24 18:55,9712
2019-10-24 19:00,9799
2019-10-24 19:05,8967
2019-10-24 19:10,9923
2019-10-24 19:15,10044
2019-10-24 19:20,10045
2019-10-24 19:25,10088
2019-10-24 19:30,10153
2019-10-24 19:35,10222
2019-10-24 19:40,10231
2019-10-24 19:45,10206
2019-10-24 19:50,8336
2019-10-24 19:55,10119
2019-10-24 20:00,10252
2019-10-24 20:05,
2019-10-24 20:10,
2019-10-24 20:15,
2019-10-24 20:20,10041
2019-10-24 20:25,9991
2019-10-24 20:30,9987
2019-10-24 20:35,9977
2019-10-24 20:40,9931
2019-10-24 20:45,9839
2019-10-24 20:50,0
2019-10-24 20:55,9717
2019-10-24 21:00,9737
2019-10-24 21:05,9641
2019-10-24 21:10,9500
2019-10-24 21:15,9409
2019-10-24 21:20,9380
2019-10-24 21:25,9348
2019-10-24 21:30,9327
2019-10-24 21:35,9267
2019-10-24 21:40,9217
2019-10-24 21:45,9126
2019-10-24 21:50,9123
2019-10-24 21:55,9024
2019-10-24 22:00,8987
2019-10-24 22:05,8918
2019-10-24 22:10,8859
2019-10-24 22:15,8859
2019-10-24 22:20,8789
2019-10-24 22:25,8751
2019-10-24 22:30,8796
2019-10-24 22:35,8665
2019-10-24 22:40,8657
2019-10-24 22:45,8661
2019-10-24 22:50,8609
2019-10-24 22:55,8574
2019-10-24 23:00,8511
2019-10-24 23:05,8423
2019-10-24 23:10,8414
2019-10-24 23:15,8389
2019-10-24 23:20,8354
2019-10-24 23:25,8347
2019-10-24 23:30,8331
2019-10-24 23:35,8271
2019-10-24 23:40,8318
2019-10-24 23:45,8349
2019-10-24 23:50,8318
2019-10-24 23:55,8310
2019-10-25 00:00,8254
2019-10-25 00:05,8298
2019-10-25 00:10,8310
2019-10-25 00:15,8238
2019-10-25 00:20,8248
2019-10-25 00:25,8278
2019-10-25 00:30,
2019-10-25 00:35,
2019-10-25 00:40,8377
2019-10-25 00:45,8461
2019-10-25 00:50,8428
2019-10-25 00:55,0
2019-10-25 01:00,8375
2019-10-25 01:05,8311
2019-10-25 01:10,8304
2019-10-25 01:15,8277
2019-10-25 01:20,8271
2019-10-25 01:25,8329
2019-10-25 01:30,8302
2019-10-25 01:35,8295
2019-10-25 01:40,8277
2019-10-25 01:45,8313
2019-10-25 01:50,8349
2019-10-25 01:55,8329
2019-10-25 02:00,8319
2019-10-25 02:05,8305
2019-10-25 02:10,8259
2019-10-25 02:15,8293
2019-10-25 02:20,8236
2019-10-25 02:25,8201
2019-10-25 02:30,8191
2019-10-25 02:35,8212
2019-10-25 02:40,8161
2019-10-25 02:45,8105
2019-10-25 02:50,8052
2019-10-25 02:55,7985
2019-10-25 03:00,7961
2019-10-25 03:05,7916
2019-10-25 03:10,7836
2019-10-25 03:15,7736
2019-10-25 03:20,7667
2019-10-25 03:25,7536
2019-10-25 03:30,7425
2019-10-25 03:35,7246
2019-10-25 03:40,7170
2019-10-25 03:45,7073
2019-10-25 03:50,6982
2019-10-25 03:55,6908
2019-10-25 04:00,6812
2019-10-25 04:05,6693
2019-10-25 04:10,6540
2019-10-25 04:15,6450
2019-10-25 04:20,6359
2019-10-25 04:25,6315
2019-10-25 04:30,6260
2019-10-25 04:35,6177
2019-10-25 04:40,6061
2019-10-25 04:45,5988
2019-10-25 04:50,5861
2019-10-25 04:55,5747
2019-10-25 05:00,5644
2019-10-25 05:05,5576
2019-10-25 05:10,5444
2019-10-25 05:15,5360
2019-10-25 05:20,5273
2019-10-25 05:25,5209
2019-10-25 05:30,5110
2019-10-25 05:35,5061
2019-10-25 05:40,4979
2019-10-25 05:45,4924
2019-10-25 05:50,4849
2019-10-25 05:55,4751
2019-10-25 06:00,4664
2019-10-25 06:05,4575
2019-10-25 06:10,4459
2019-10-25 06:15,4350
2019-10-25 06:20,4292
2019-10-25 06:25,4225
2019-10-25 06:30,4177
2019-10-25 06:35,4086
2019-10-25 06:40,4021
2019-10-25 06:45,3938
2019-10-25 06:50,3870
2019-10-25 06:55,3781
2019-10-25 07:00,3744
2019-10-25 07:05,3699
2019-10-25 07:10,3672
2019-10-25 07:15,3593
2019-10-25 07:20,3569
2019-10-25 07:25,3519
2019-10-25 07:30,3457
2019-10-25 07:35,3414
2019-10-25 07:40,3351
2019-10-25 07:45,3321
2019-10-25 07:50,3314
2019-10-25 07:55,3265
2019-10-25 08:00,3206
2019-10-25 08:05,3182
2019-10-25 08:10,3187
2019-10-25 08:15,3188
2019-10-25 08:20,3185
2019-10-25 08:25,3191
2019-10-25 08:30,3174
2019-10-25 08:35,3140
2019-10-25 08:40,3129
2019-10-25 08:45,3095
2019-10-25 08:50,3132
2019-10-25 08:55,3130
2019-10-25 09:00,3164
2019-10-25 09:05,3161
2019-10-25 09:10,3190
2019-10-25 09:15,3223
2019-10-25 09:20,3255
2019-10-25 09:25,3250
2019-10-25 09:30,3292
2019-10-25 09:35,3317
2019-10-25 09:40,3346
2019-10-25 09:45,3399
2019-10-25 09:50,3453
2019-10-25 09:55,3446
2019-10-25 10:00,3461
2019-10-25 10:05,3481
2019-10-25 10:10,3476
2019-10-25 10:15,3505
2019-10-25 10:20,3520
2019-10-25 10:25,3556
2019-10-25 10:30,3604
2019-10-25 10:35,3634
2019-10-25 10:40,3677
2019-10-25 10:45,3664
2019-10-25 10:50,3703
2019-10-25 10:55,3732
2019-10-25 11:00,3784
2019-10-25 11:05,3812
2019-10-25 11:10,3873
2019-10-25 11:15,3944
2019-10-25 11:20,3970
2019-10-25 11:25,4001
2019-10-25 11:30,4049
2019-10-25 11:35,4097
2019-10-25 11:40,4151
2019-10-25 11:45,4215
2019-10-25 11:50,4282
2019-10-25 11:55,4378
2019-10-25 12:00,4433
2019-10-25 12:05,4461
2019-10-25 12:10,4570
2019-10-25 12:15,4574
2019-10-25 12:20,4628
2019-10-25 12:25,4690
2019-10-25 12:30,4765
2019-10-25 12:35,4802
2019-10-25 12:40,4891
2019-10-25 12:45,4961
2019-10-25 12:50,5084
2019-10-25 12:55,5145
2019-10-25 13:00,5243
2019-10-25 13:05,5340
2019-10-25 13:10,5404
2019-10-25 13:15,5475
2019-10-25 13:20,5584
2019-10-25 13:25,5619
2019-10-25 13:30,5700
2019-10-25 13:35,5749
2019-10-25 13:40,5846
2019-10-25 13:45,5911
2019-10-25 13:50,6023
2019-10-25 13:55,6052
2019-10-25 14:00,6138
2019-10-25 14:05,6217
2019-10-25 14:10,6256
2019-10-25 14:15,6365
2019-10-25 14:20,6443
2019-10-25 14:25,6511
2019-10-25 14:30,6582
2019-10-25 14:35,6606
2019-10-25 14:40,6712
2019-10-25 14:45,6745
2019-10-25 14:50,6827
2019-10-25 14:55,6887
2019-10-25 15:00,6958
2019-10-25 15:05,7000
2019-10-25 15:10,7066
2019-10-25 15:15,7124
2019-10-25 15:20,7142
2019-10-25 15:25,7222
2019-10-25 15:30,7260
2019-10-25 15:35,7319
2019-10-25 15:40,7409
2019-10-25 15:45,
2019-10-25 15:50,7493
2019-10-25 15:55,7550
2019-10-25 16:00,7624
2019-10-25 16:05,7733
2019-10-25 16:10,7800
2019-10-25 16:15,7880
2019-10-25 16:20,7921
2019-10-25 16:25,8010
2019-10-25 16:30,8065
2019-10-25 16:35,8094
2019-10-25 16:40,8176
2019-10-25 16:45,8217
2019-10-25 16:50,8258
2019-10-25 16:55,8289
2019-10-25 17:00,8364
2019-10-25 17:05,8429
2019-10-25 17:10,8551
2019-10-25 17:15,8689
2019-10-25 17:20,8719
2019-10-25 17:25,8778
2019-10-25 17:30,8843
2019-10-25 17:35,8810
2019-10-25 17:40,8890
2019-10-25 17:45,8953
2019-10-25 17:50,9004
2019-10-25 17:55,9050
2019-10-25 18:00,9153
2019-10-25 18:05,9256
2019-10-25 18:10,9323
2019-10-25 18:15,
2019-10-25 18:20,
2019-10-25 18:25,9630
2019-10-25 18:30,9721
2019-10-25 18:35,9722
2019-10-25 18:40,9812
2019-10-25 18:45,9871
2019-10-25 18:50,9930
2019-10-25 18:55,10011
2019-10-25 19:00,10043
2019-10-25 19:05,10076
2019-10-25 19:10,10112
2019-10-25 19:15,10180
2019-10-25 19:20,10259
2019-10-25 19:25,10328
2019-10-25 19:30,10423
2019-10-25 19:35,10504
2019-10-25 19:40,10523
2019-10-25 19:45,10656
2019-10-25 19:50,10671
2019-10-25 19:55,10756
2019-10-25 20:00,10817
2019-10-25 20:05,10815
2019-10-25 20:10,10827
2019-10-25 20:15,10820
2019-10-25 20:20,10864
2019-10-25 20:25,10820
2019-10-25 20:30,10841
2019-10-25 20:35,10832
2019-10-25 20:40,10797
2019-10-25 20:45,10814
2019-10-25 20:50,10872
2019-10-25 20:55,10797
2019-10-25 21:00,10802
2019-10-25 21:05,10772
2019-10-25 21:10,10718
2019-10-25 21:15,10754
2019-10-25 21:20,10712
2019-10-25 21:25,10706
2019-10-25 21:30,10657
2019-10-25 21:35,10652
2019-10-25 21:40,10575
2019-10-25 21:45,10554
2019-10-25 21:50,10527
2019-10-25 21:55,10512
2019-10-25 22:00,10387
2019-10-25 22:05,10324
2019-10-25 22:10,10265
2019-10-25 22:15,10214
2019-10-25 22:20,10130
2019-10-25 22:25,10073
2019-10-25 22:30,9962
2019-10-25 22:35,9907
2019-10-25 22:40,9851
2019-10-25 22:45,9823
2019-10-25 22:50,9792
2019-10-25 22:55,9637
2019-10-25 23:00,9530
2019-10-25 23:05,9455
2019-10-25 23:10,9383
2019-10-25 23:15,9364
2019-10-25 23:20,9321
2019-10-25 23:25,9297
2019-10-25 23:30,9294
2019-10-25 23:35,9220
2019-10-25 23:40,9182
2019-10-25 23:45,9137
2019-10-25 23:50,9158
2019-10-25 23:55,9142
2019-10-26 00:00,9115
2019-10-26 00:05,9083
2019-10-26 00:10,8983
2019-10-26 00:15,8910
2019-10-26 00:20,8893
2019-10-26 00:25,8886
2019-10-26 00:30,8882
2019-10-26 00:35,8845
2019-10-26 00:40,8894
2019-10-26 00:45,8853
2019-10-26 00:50,8839
2019-10-26 00:55,8788
2019-10-26 01:00,8791
2019-10-26 01:05,8742
2019-10-26 01:10,8727
2019-10-26 01:15,8738
2019-10-26 01:20,8727
2019-10-26 01:25,8742
2019-10-26 01:30,8768
2019-10-26 01:35,8749
2019-10-26 01:40,8780
2019-10-26 01:45,8784
2019-10-26 01:50,8842
2019-10-26 01:55,8902
2019-10-26 02:00,8917
2019-10-26 02:05,8867
2019-10-26 02:10,8916
2019-10-26 02:15,8955
2019-10-26 02:20,8961
2019-10-26 02:25,8960
2019-10-26 02:30,8945
2019-10-26 02:35,8936
2019-10-26 02:40,8945
2019-10-26 02:45,8937
2019-10-26 02:50,8990
2019-10-26 02:55,8974
2019-10-26 03:00,8950
2019-10-26 03:05,8908
2019-10-26 03:10,8883
2019-10-26 03:15,8809
2019-10-26 03:20,8734
2019-10-26 03:25,8634
2019-10-26 03:30,8596
2019-10-26 03:35,8557
2019-10-26 03:40,8531
2019-10-26 03:45,8502
2019-10-26 03:50,8404
2019-10-26 03:55,8376
2019-10-26 04:00,8366
2019-10-26 04:05,8258
2019-10-26 04:10,8193
2019-10-26 04:15,8122
2019-10-26 04:20,8063
2019-10-26 04:25,7988
2019-10-26 04:30,7933
2019-10-26 04:35,7808
2019-10-26 04:40,7783
2019-10-26 04:45,7705
2019-10-26 04:50,7608
2019-10-26 04:55,7559
2019-10-26 05:00,7422
2019-10-26 05:05,7338
2019-10-26 05:10,7239
2019-10-26 05:15,7165
2019-10-26 05:20,7043
2019-10-26 05:25,6923
2019-10-26 05:30,6803
2019-10-26 05:35,6662
2019-10-26 05:40,6573
2019-10-26 05:45,6506
2019-10-26 05:50,6422
2019-10-26 05:55,6292
2019-10-26 06:00,6192
2019-10-26 06:05,6059
2019-10-26 06:10,5984
2019-10-26 06:15,5889
2019-10-26 06:20,5778
2019-10-26 06:25,5690
2019-10-26 06:30,5616
2019-10-26 06:35,5551
2019-10-26 06:40,5494
2019-10-26 06:45,5369
2019-10-26 06:50,5272
2019-10-26 06:55,5134
2019-10-26 07:00,5012
2019-10-26 07:05,4949
2019-10-26 07:10,4907
2019-10-26 07:15,4868
2019-10-26 07:20,4810
2019-10-26 07:25,4769
2019-10-26 07:30,4729
2019-10-26 07:35,4693
2019-10-26 07:40,4633
2019-10-26 07:45,4581
2019-10-26 07:50,4578
2019-10-26 07:55,4540
2019-10-26 08:00,4571
2019-10-26 08:05,4540
2019-10-26 08:10,4506
2019-10-26 08:15,4498
2019-10-26 08:20,4528
2019-10-26 08:25,4493
2019-10-26 08:30,4478
2019-10-26 08:35,4455
2019-10-26 08:40,4474
2019-10-26 08:45,4453
2019-10-26 08:50,4461
2019-10-26 08:55,4482
2019-10-26 09:00,4464
2019-10-26 09:05,4535
2019-10-26 09:10,4565
2019-10-26 09:15,4617
2019-10-26 09:20,4611
2019-10-26 09:25,4643
2019-10-26 09:30,4709
2019-10-26 09:35,4738
2019-10-26 09:40,4778
2019-10-26 09:45,4819
2019-10-26 09:50,4846
2019-10-26 09:55,4857
2019-10-26 10:00,4931
2019-10-26 10:05,4931
2019-10-26 10:10,4935
2019-10-26 10:15,4951
2019-10-26 10:20,4990
2019-10-26 10:25,5039
2019-10-26 10:30,5097
2019-10-26 10:35,5118
2019-10-26 10:40,5166
2019-10-26 10:45,5186
2019-10-26 10:50,5244
2019-10-26 10:55,5309
2019-10-26 11:00,5303
2019-10-26 11:05,5401
2019-10-26 11:10,5462
2019-10-26 11:15,5518
2019-10-26 11:20,5624
2019-10-26 11:25,5657
2019-10-26 11:30,5731
2019-10-26 11:35,5792
2019-10-26 11:40,5798
2019-10-26 11:45,5830
2019-10-26 11:50,5852
2019-10-26 11:55,5923
2019-10-26 12:00,6007
2019-10-26 12:05,6040
2019-10-26 12:10,6078
2019-10-26 12:15,6135
2019-10-26 12:20,6162
2019-10-26 12:25,6240
2019-10-26 12:30,6305
2019-10-26 12:35,6311
2019-10-26 12:40,6382
2019-10-26 12:45,6472
2019-10-26 12:50,6508
2019-10-26 12:55,6548
2019-10-26 13:00,6613
2019-10-26 13:05,6726
2019-10-26 13:10,6794
2019-10-26 13:15,6887
2019-10-26 13:20,7006
2019-10-26 13:25,7078
2019-10-26 13:30,7194
2019-10-26 13:35,7263
2019-10-26 13:40,7390
2019-10-26 13:45,7479
2019-10-26 13:50,7583
2019-10-26 13:55,7674
2019-10-26 14:00,7758
2019-10-26 14:05,7883
2019-10-26 14:10,7987
2019-10-26 14:15,8050
2019-10-26 14:20,8128
2019-10-26 14:25,8174
2019-10-26 14:30,8233
2019-10-26 14:35,8320
2019-10-26 14:40,8435
2019-10-26 14:45,8499
2019-10-26 14:50,8546
2019-10-26 14:55,8618
2019-10-26 15:00,8626
2019-10-26 15:05,8718
2019-10-26 15:10,8786
2019-10-26 15:15,8787
2019-10-26 15:20,8863
2019-10-26 15:25,8906
2019-10-26 15:30,8977
2019-10-26 15:35,9049
2019-10-26 15:40,9057
2019-10-26 15:45,9129
2019-10-26 15:50,9161
2019-10-26 15:55,9225
2019-10-26 16:00,9283
2019-10-26 16:05,9342
2019-10-26 16:10,9374
2019-10-26 16:15,9475
2019-10-26 16:20,9559
2019-10-26 16:25,9596
2019-10-26 16:30,9680
2019-10-26 16:35,9790
2019-10-26 16:40,9883
2019-10-26 16:45,9998
2019-10-26 16:50,10049
2019-10-26 16:55,10137
2019-10-26 17:00,10252
2019-10-26 17:05,10325
2019-10-26 17:10,10360
2019-10-26 17:15,10478
2019-10-26 17:20,10534
2019-10-26 17:25,10546
2019-10-26 17:30,10552
2019-10-26 17:35,10650
2019-10-26 17:40,10703
2019-10-26 17:45,10759
2019-10-26 17:50,10865
2019-10-26 17:55,10903
2019-10-26 18:00,11003
2019-10-26 18:05,11073
2019-10-26 18:10,11128
2019-10-26 18:15,11183
2019-10-26 18:20,11257
2019-10-26 18:25,11283
2019-10-26 18:30,11340
2019-10-26 18:35,11414
2019-10-26 18:40,11461
2019-10-26 18:45,11518
2019-10-26 18:50,11509
2019-10-26 18:55,11483
2019-10-26 19:00,11525
2019-10-26 19:05,11567
2019-10-26 19:10,11624
2019-10-26 19:15,11644
2019-10-26 19:20,11767
2019-10-26 19:25,11768
2019-10-26 19:30,11879
2019-10-26 19:35,11932
2019-10-26 19:40,11931
2019-10-26 19:45,12012
2019-10-26 19:50,12089
2019-10-26 19:55,12083
2019-10-26 20:00,12086
2019-10-26 20:05,12060
2019-10-26 20:10,12130
2019-10-26 20:15,12151
2019-10-26 20:20,12185
2019-10-26 20:25,12200
2019-10-26 20:30,12171
2019-10-26 20:35,12121
2019-10-26 20:40,12147
2019-10-26 20:45,12124
2019-10-26 20:50,12160
2019-10-26 20:55,12162
2019-10-26 21:00,12159
2019-10-26 21:05,12135
2019-10-26 21:10,12091
2019-10-26 21:15,12124
2019-10-26 21:20,12099
2019-10-26 21:25,12044
2019-10-26 21:30,11997
2019-10-26 21:35,11895
2019-10-26 21:40,11873
2019-10-26 21:45,11790
2019-10-26 21:50,11702
2019-10-26 21:55,11736
2019-10-26 22:00,11621
2019-10-26 22:05,11512
2019-10-26 22:10,11394
2019-10-26 22:15,11311
2019-10-26 22:20,11198
2019-10-26 22:25,11086
2019-10-26 22:30,10932
2019-10-26 22:35,10849
2019-10-26 22:40,10751
2019-10-26 22:45,10687
2019-10-26 22:50,10611
2019-10-26 22:55,10518
2019-10-26 23:00,10446
2019-10-26 23:05,10369
2019-10-26 23:10,10289
2019-10-26 23:15,10100
2019-10-26 23:20,10034
2019-10-26 23:25,10033
2019-10-26 23:30,9971
2019-10-26 23:35,9949
2019-10-26 23:40,9928
2019-10-26 23:45,9872
2019-10-26 23:50,9811
2019-10-26 23:55,9793
2019-10-27 00:00,9713
2019-10-27 00:05,9621
2019-10-27 00:10,9569
2019-10-27 00:15,9477
2019-10-27 00:20,9419
2019-10-27 00:25,9396
2019-10-27 00:30,9314
2019-10-27 00:35,9232
2019-10-27 00:40,9254
2019-10-27 00:45,9213
2019-10-27 00:50,9157
2019-10-27 00:55,9091
2019-10-27 01:00,9026
2019-10-27 01:05,9029
2019-10-27 01:10,9042
2019-10-27 01:15,8989
2019-10-27 01:20,8994
2019-10-27 01:25,8996
2019-10-27 01:30,9046
2019-10-27 01:35,9010
2019-10-27 01:40,9049
2019-10-27 01:45,9040
2019-10-27 01:50,9044
2019-10-27 01:55,9046
2019-10-27 02:00,9051
2019-10-27 02:05,9088
2019-10-27 02:10,9043
2019-10-27 02:15,9078
2019-10-27 02:20,9118
2019-10-27 02:25,9093
2019-10-27 02:30,9052
2019-10-27 02:35,9017
2019-10-27 02:40,9030
2019-10-27 02:45,9025
2019-10-27 02:50,8998
2019-10-27 02:55,8969
2019-10-27 03:00,8942
2019-10-27 03:05,8893
2019-10-27 03:10,8860
2019-10-27 03:15,8848
2019-10-27 03:20,8807
2019-10-27 03:25,8763
2019-10-27 03:30,8762
2019-10-27 03:35,8733
2019-10-27 03:40,8642
2019-10-27 03:45,8616
2019-10-27 03:50,8573
2019-10-27 03:55,8493
2019-10-27 04:00,8449
2019-10-27 04:05,8395
2019-10-27 04:10,8365
2019-10-27 04:15,8300
2019-10-27 04:20,8227
2019-10-27 04:25,8136
2019-10-27 04:30,8061
2019-10-27 04:35,7989
2019-10-27 04:40,7932
2019-10-27 04:45,7839
2019-10-27 04:50,7806
2019-10-27 04:55,7730
2019-10-27 05:00,7624
2019-10-27 05:05,7496
2019-10-27 05:10,7387
2019-10-27 05:15,7290
2019-10-27 05:20,7210
2019-10-27 05:25,7107
2019-10-27 05:30,7018
2019-10-27 05:35,6903
2019-10-27 05:40,6825
2019-10-27 05:45,6723
2019-10-27 05:50,6578
2019-10-27 05:55,6489
2019-10-27 06:00,6423
2019-10-27 06:05,6346
2019-10-27 06:10,6274
2019-10-27 06:15,6203
2019-10-27 06:20,6111
2019-10-27 06:25,5999
2019-10-27 06:30,5887
2019-10-27 06:35,5752
2019-10-27 06:40,5698
2019-10-27 06:45,5609
2019-10-27 06:50,5566
2019-10-27 06:55,5466
2019-10-27 07:00,5388
2019-10-27 07:05,5340
2019-10-27 07:10,5289
2019-10-27 07:15,5234
2019-10-27 07:20,5182
2019-10-27 07:25,5143
2019-10-27 07:30,5108
2019-10-27 07:35,5109
2019-10-27 07:40,5091
2019-10-27 07:45,4989
2019-10-27 07:50,4905
2019-10-27 07:55,4861
2019-10-27 08:00,4843
2019-10-27 08:05,4794
2019-10-27 08:10,4755
2019-10-27 08:15,4689
2019-10-27 08:20,4683
2019-10-27 08:25,4676
2019-10-27 08:30,4640
2019-10-27 08:35,4604
2019-10-27 08:40,4601
2019-10-27 08:45,4618
2019-10-27 08:50,4652
2019-10-27 08:55,4650
2019-10-27 09:00,4674
2019-10-27 09:05,4714
2019-10-27 09:10,4772
2019-10-27 09:15,4827
2019-10-27 09:20,4866
2019-10-27 09:25,4888
2019-10-27 09:30,4867
2019-10-27 09:35,4905
2019-10-27 09:40,4973
2019-10-27 09:45,5004
2019-10-27 09:50,5035
2019-10-27 09:55,5070
2019-10-27 10:00,5100
2019-10-27 10:05,5208
2019-10-27 10:10,5255
2019-10-27 10:15,5333
2019-10-27 10:20,5402
2019-10-27 10:25,5473
2019-10-27 10:30,5523
2019-10-27 10:35,5601
2019-10-27 10:40,5658
2019-10-27 10:45,5669
2019-10-27 10:50,5693
2019-10-27 10:55,5745
2019-10-27 11:00,5794
2019-10-27 11:05,5892
2019-10-27 11:10,5911
2019-10-27 11:15,5928
2019-10-27 11:20,5958
2019-10-27 11:25,5989
2019-10-27 11:30,6031
2019-10-27 11:35,6123
2019-10-27 11:40,6179
2019-10-27 11:45,6263
2019-10-27 11:50,6343
2019-10-27 11:55,6389
2019-10-27 12:00,6451
2019-10-27 12:05,6502
2019-10-27 12:10,6608
2019-10-27 12:15,6678
2019-10-27 12:20,6718
2019-10-27 12:25,6741
2019-10-27 12:30,6819
2019-10-27 12:35,6879
2019-10-27 12:40,6951
2019-10-27 12:45,7010
2019-10-27 12:50,7088
2019-10-27 12:55,7070
2019-10-27 13:00,7121
2019-10-27 13:05,7171
2019-10-27 13:10,7234
2019-10-27 13:15,7325
2019-10-27 13:20,7363
2019-10-27 13:25,7436
2019-10-27 13:30,7491
2019-10-27 13:35,7565
2019-10-27 13:40,7666
2019-10-27 13:45,7682
2019-10-27 13:50,7762
2019-10-27 13:55,7837
2019-10-27 14:00,7889
2019-10-27 14:05,7971
2019-10-27 14:10,8015
2019-10-27 14:15,8183
2019-10-27 14:20,8330
2019-10-27 14:25,8449
2019-10-27 14:30,8464
2019-10-27 14:35,8565
2019-10-27 14:40,8684
2019-10-27 14:45,8783
2019-10-27 14:50,8898
2019-10-27 14:55,9021
2019-10-27 15:00,9067
2019-10-27 15:05,9175
2019-10-27 15:10,9238
2019-10-27 15:15,9298
2019-10-27 15:20,9349
2019-10-27 15:25,9486
2019-10-27 15:30,9570
2019-10-27 15:35,9677
2019-10-27 15:40,9708
2019-10-27 15:45,9770
2019-10-27 15:50,9868
2019-10-27 15:55,9957
2019-10-27 16:00,9944
2019-10-27 16:05,10032
2019-10-27 16:10,10155
2019-10-27 16:15,10265
2019-10-27 16:20,10329
2019-10-27 16:25,10370
2019-10-27 16:30,10404
2019-10-27 16:35,10466
2019-10-27 16:40,10518
2019-10-27 16:45,10585
2019-10-27 16:50,10641
2019-10-27 16:55,10720
2019-10-27 17:00,10771
2019-10-27 17:05,10846
2019-10-27 17:10,10920
2019-10-27 17:15,11048
2019-10-27 17:20,11054
2019-10-27 17:25,11059
2019-10-27 17:30,11133
2019-10-27 17:35,11195
2019-10-27 17:40,11248
2019-10-27 17:45,11370
2019-10-27 17:50,11478
2019-10-27 17:55,11608
2019-10-27 18:00,11725
2019-10-27 18:05,11838
2019-10-27 18:10,11919
2019-10-27 18:15,11928
2019-10-27 18:20,11955
2019-10-27 18:25,12052
2019-10-27 18:30,12138
2019-10-27 18:35,12257
2019-10-27 18:40,12280
2019-10-27 18:45,12377
2019-10-27 18:50,12413
2019-10-27 18:55,12493
2019-10-27 19:00,12538
2019-10-27 19:05,12523
2019-10-27 19:10,12575
2019-10-27 19:15,12609
2019-10-27 19:20,12622
2019-10-27 19:25,12685
2019-10-27 19:30,12711
2019-10-27 19:35,12796
2019-10-27 19:40,12898
2019-10-27 19:45,12936
2019-10-27 19:50,12998
2019-10-27 19:55,13000
2019-10-27 20:00,13008
2019-10-27 20:05,12932
2019-10-27 20:10,12970
2019-10-27 20:15,12934
2019-10-27 20:20,12934
2019-10-27 20:25,12950
2019-10-27 20:30,12936
2019-10-27 20:35,12893
2019-10-27 20:40,12907
2019-10-27 20:45,12847
2019-10-27 20:50,12754
2019-10-27 20:55,12675
2019-10-27 21:00,12674
2019-10-27 21:05,12600
2019-10-27 21:10,12483
2019-10-27 21:15,12434
2019-10-27 21:20,12407
2019-10-27 21:25,12283
2019-10-27 21:30,12179
2019-10-27 21:35,12116
2019-10-27 21:40,11981
2019-10-27 21:45,11946
2019-10-27 21:50,11868
2019-10-27 21:55,11751
2019-10-27 22:00,11643
2019-10-27 22:05,11608
2019-10-27 22:10,11513
2019-10-27 22:15,11421
2019-10-27 22:20,11296
2019-10-27 22:25,11257
2019-10-27 22:30,11151
2019-10-27 22:35,11071
2019-10-27 22:40,11009
2019-10-27 22:45,10919
2019-10-27 22:50,10776
2019-10-27 22:55,10664
2019-10-27 23:00,10533
2019-10-27 23:05,10413
2019-10-27 23:10,10369
2019-10-27 23:15,10324
2019-10-27 23:20,10262
2019-10-27 23:25,10170
2019-10-27 23:30,10133
2019-10-27 23:35,10109
2019-10-27 23:40,10090
2019-10-27 23:45,10037
2019-10-27 23:50,10015
2019-10-27 23:55,10002
2019-10-28 00:00,9923
2019-10-28 00:05,9867
2019-10-28 00:10,9827
2019-10-28 00:15,9814
2019-10-28 00:20,9750
2019-10-28 00:25,9743
2019-10-28 00:30,9731
2019-10-28 00:35,9697
2019-10-28 00:40,9662
2019-10-28 00:45,9651
2019-10-28 00:50,9547
2019-10-28 00:55,9515
2019-10-28 01:00,9499
2019-10-28 01:05,9457
2019-10-28 01:10,9432
2019-10-28 01:15,9400
2019-10-28 01:20,9340
2019-10-28 01:25,9383
2019-10-28 01:30,9394
2019-10-28 01:35,9387
2019-10-28 01:40,9362
2019-10-28 01:45,9372
2019-10-28 01:50,9348
2019-10-28 01:55,9358
2019-10-28 02:00,9333
2019-10-28 02:05,9275
2019-10-28 02:10,9234
2019-10-28 02:15,9176
2019-10-28 02:20,9156
2019-10-28 02:25,9068
2019-10-28 02:30,9062
2019-10-28 02:35,9029
2019-10-28 02:40,8994
2019-10-28 02:45,8873
2019-10-28 02:50,8810
2019-10-28 02:55,8695
2019-10-28 03:00,8607
2019-10-28 03:05,8506
2019-10-28 03:10,8318
2019-10-28 03:15,8140
2019-10-28 03:20,8047
2019-10-28 03:25,7848
2019-10-28 03:30,7777
2019-10-28 03:35,7677
2019-10-28 03:40,7577
2019-10-28 03:45,7471
2019-10-28 03:50,7364
2019-10-28 03:55,7284
2019-10-28 04:00,7190
2019-10-28 04:05,7124
2019-10-28 04:10,6989
2019-10-28 04:15,6848
2019-10-28 04:20,6756
2019-10-28 04:25,6673
2019-10-28 04:30,6573
2019-10-28 04:35,6478
2019-10-28 04:40,6342
2019-10-28 04:45,6184
2019-10-28 04:50,6120
2019-10-28 04:55,6005
2019-10-28 05:00,5891
2019-10-28 05:05,5764
2019-10-28 05:10,5633
2019-10-28 05:15,5560
2019-10-28 05:20,5414
2019-10-28 05:25,5277
2019-10-28 05:30,5157
2019-10-28 05:35,5036
2019-10-28 05:40,4941
2019-10-28 05:45,4877
2019-10-28 05:50,4761
2019-10-28 05:55,4664
2019-10-28 06:00,4574
2019-10-28 06:05,4477
2019-10-28 06:10,4392
2019-10-28 06:15,4297
2019-10-28 06:20,4239
2019-10-28 06:25,4141
2019-10-28 06:30,4073
2019-10-28 06:35,4010
2019-10-28 06:40,3985
2019-10-28 06:45,3911
2019-10-28 06:50,3833
2019-10-28 06:55,3777
2019-10-28 07:00,3700
2019-10-28 07:05,3681
2019-10-28 07:10,3571
2019-10-28 07:15,3495
2019-10-28 07:20,3437
2019-10-28 07:25,3438
2019-10-28 07:30,3396
2019-10-28 07:35,3332
2019-10-28 07:40,3265
2019-10-28 07:45,3251
2019-10-28 07:50,3208
2019-10-28 07:55,3167
2019-10-28 08:00,3123
2019-10-28 08:05,3098
2019-10-28 08:10,3098
2019-10-28 08:15,3120
2019-10-28 08:20,3113
2019-10-28 08:25,3101
2019-10-28 08:30,3110
2019-10-28 08:35,3107
2019-10-28 08:40,3121
2019-10-28 08:45,3130
2019-10-28 08:50,3128
2019-10-28 08:55,3145
2019-10-28 09:00,3168
2019-10-28 09:05,3173
2019-10-28 09:10,3147
2019-10-28 09:15,3182
2019-10-28 09:20,3193
2019-10-28 09:25,3239
2019-10-28 09:30,3287
2019-10-28 09:35,3305
2019-10-28 09:40,3358
2019-10-28 09:45,3397
2019-10-28 09:50,3423
2019-10-28 09:55,3403
2019-10-28 10:00,3433
2019-10-28 10:05,3423
2019-10-28 10:10,3435
2019-10-28 10:15,3451
2019-10-28 10:20,3481
2019-10-28 10:25,3524
2019-10-28 10:30,3589
2019-10-28 10:35,3625
2019-10-28 10:40,3657
2019-10-28 10:45,3694
2019-10-28 10:50,3731
2019-10-28 10:55,3762
2019-10-28 11:00,3813
2019-10-28 11:05,3840
2019-10-28 11:10,3880
2019-10-28 11:15,3934
2019-10-28 11:20,3960
2019-10-28 11:25,4013
2019-10-28 11:30,4061
2019-10-28 11:35,4069
2019-10-28 11:40,4116
2019-10-28 11:45,4160
2019-10-28 11:50,4160
2019-10-28 11:55,4164
2019-10-28 12:00,4188
2019-10-28 12:05,4238
2019-10-28 12:10,4282
2019-10-28 12:15,4336
2019-10-28 12:20,4383
2019-10-28 12:25,4437
2019-10-28 12:30,4469
2019-10-28 12:35,4524
2019-10-28 12:40,4553
2019-10-28 12:45,4616
2019-10-28 12:50,4674
2019-10-28 12:55,4730
2019-10-28 13:00,4769
2019-10-28 13:05,4862
2019-10-28 13:10,4910
2019-10-28 13:15,4972
2019-10-28 13:20,5065
2019-10-28 13:25,5137
2019-10-28 13:30,5227
2019-10-28 13:35,5285
2019-10-28 13:40,5348
2019-10-28 13:45,5428
2019-10-28 13:50,5522
2019-10-28 13:55,5576
2019-10-28 14:00,5682
2019-10-28 14:05,5779
2019-10-28 14:10,5785
2019-10-28 14:15,5827
2019-10-28 14:20,5935
2019-10-28 14:25,5976
2019-10-28 14:30,6046
2019-10-28 14:35,6096
2019-10-28 14:40,6142
2019-10-28 14:45,6176
2019-10-28 14:50,6233
2019-10-28 14:55,6244
2019-10-28 15:00,6366
2019-10-28 15:05,6422
2019-10-28 15:10,6525
2019-10-28 15:15,6608
2019-10-28 15:20,6667
2019-10-28 15:25,6791
2019-10-28 15:30,6897
2019-10-28 15:35,7032
2019-10-28 15:40,7111
2019-10-28 15:45,7181
2019-10-28 15:50,7280
2019-10-28 15:55,7402
2019-10-28 16:00,7458
2019-10-28 16:05,7544
2019-10-28 16:10,7582
2019-10-28 16:15,7666
2019-10-28 16:20,7778
2019-10-28 16:25,7897
2019-10-28 16:30,7994
2019-10-28 16:35,8006
2019-10-28 16:40,8050
2019-10-28 16:45,8200
2019-10-28 16:50,8215
2019-10-28 16:55,8289
2019-10-28 17:00,8380
2019-10-28 17:05,8456
2019-10-28 17:10,8493
2019-10-28 17:15,8524
2019-10-28 17:20,8575
2019-10-28 17:25,8675
2019-10-28 17:30,8700
2019-10-28 17:35,8738
2019-10-28 17:40,8816
2019-10-28 17:45,8860
2019-10-28 17:50,8940
2019-10-28 17:55,9057
2019-10-28 18:00,9129
2019-10-28 18:05,9100
2019-10-28 18:10,9195
2019-10-28 18:15,
2019-10-28 18:20,
2019-10-28 18:25,
2019-10-28 18:30,
2019-10-28 18:35,
2019-10-28 18:40,
2019-10-28 18:45,
2019-10-28 18:50,
2019-10-28 18:55,
2019-10-28 19:00,
2019-10-28 19:05,
2019-10-28 19:10,
2019-10-28 19:15,
2019-10-28 19:20,
2019-10-28 19:25,
2019-10-28 19:30,
2019-10-28 19:35,
2019-10-28 19:40,
2019-10-28 19:45,
2019-10-28 19:50,
2019-10-28 19:55,10903
2019-10-28 20:00,10984
2019-10-28 20:05,11031
2019-10-28 20:10,11015
2019-10-28 20:15,11048
2019-10-28 20:20,11085
2019-10-28 20:25,11143
2019-10-28 20:30,11158
2019-10-28 20:35,11145
2019-10-28 20:40,11122
2019-10-28 20:45,11033
2019-10-28 20:50,11062
2019-10-28 20:55,10996
2019-10-28 21:00,10992
2019-10-28 21:05,11006
2019-10-28 21:10,11013
2019-10-28 21:15,10927
2019-10-28 21:20,10822
2019-10-28 21:25,10740
2019-10-28 21:30,10611
2019-10-28 21:35,10590
2019-10-28 21:40,10571
2019-10-28 21:45,10497
2019-10-28 21:50,10425
2019-10-28 21:55,10411
2019-10-28 22:00,10318
2019-10-28 22:05,10250
2019-10-28 22:10,10236
2019-10-28 22:15,10196
2019-10-28 22:20,10142
2019-10-28 22:25,10082
2019-10-28 22:30,9978
2019-10-28 22:35,9982
2019-10-28 22:40,9952
2019-10-28 22:45,9877
2019-10-28 22:50,9805
2019-10-28 22:55,9743
2019-10-28 23:00,9702
2019-10-28 23:05,9621
2019-10-28 23:10,9610
2019-10-28 23:15,9452
2019-10-28 23:20,9390
2019-10-28 23:25,9302
2019-10-28 23:30,9223
2019-10-28 23:35,9123
2019-10-28 23:40,9124
2019-10-28 23:45,9080
2019-10-28 23:50,9121
2019-10-28 23:55,9142
2019-10-29 00:00,9183
2019-10-29 00:05,9213
2019-10-29 00:10,9200
2019-10-29 00:15,9226
2019-10-29 00:20,9265
2019-10-29 00:25,9291
2019-10-29 00:30,9227
2019-10-29 00:35,9229
2019-10-29 00:40,9225
2019-10-29 00:45,9270
2019-10-29 00:50,9283
2019-10-29 00:55,9291
2019-10-29 01:00,9311
2019-10-29 01:05,9308
2019-10-29 01:10,9297
2019-10-29 01:15,9261
2019-10-29 01:20,9296
2019-10-29 01:25,9304
2019-10-29 01:30,9292
2019-10-29 01:35,9241
2019-10-29 01:40,9186
2019-10-29 01:45,9155
2019-10-29 01:50,9143
2019-10-29 01:55,9086
2019-10-29 02:00,8988
2019-10-29 02:05,8933
2019-10-29 02:10,8883
2019-10-29 02:15,8824
2019-10-29 02:20,8788
2019-10-29 02:25,8726
2019-10-29 02:30,8714
2019-10-29 02:35,8690
2019-10-29 02:40,8659
2019-10-29 02:45,8608
2019-10-29 02:50,8449
2019-10-29 02:55,8344
2019-10-29 03:00,8268
2019-10-29 03:05,8210
2019-10-29 03:10,8090
2019-10-29 03:15,8045
2019-10-29 03:20,7925
2019-10-29 03:25,7804
2019-10-29 03:30,7617
2019-10-29 03:35,7504
2019-10-29 03:40,7409
2019-10-29 03:45,7316
2019-10-29 03:50,7308
2019-10-29 03:55,7197
2019-10-29 04:00,7142
2019-10-29 04:05,7061
2019-10-29 04:10,6885
2019-10-29 04:15,6788
2019-10-29 04:20,6687
2019-10-29 04:25,6549
2019-10-29 04:30,6462
2019-10-29 04:35,6412
2019-10-29 04:40,6293
2019-10-29 04:45,6159
2019-10-29 04:50,6079
2019-10-29 04:55,5942
2019-10-29 05:00,5830
2019-10-29 05:05,5734
2019-10-29 05:10,5601
2019-10-29 05:15,5459
2019-10-29 05:20,5372
2019-10-29 05:25,5261
2019-10-29 05:30,5167
2019-10-29 05:35,5068
2019-10-29 05:40,4965
2019-10-29 05:45,4850
2019-10-29 05:50,4743
2019-10-29 05:55,4641
2019-10-29 06:00,4534
2019-10-29 06:05,4450
2019-10-29 06:10,4363
2019-10-29 06:15,4266
2019-10-29 06:20,4156
2019-10-29 06:25,4079
2019-10-29 06:30,4001
2019-10-29 06:35,3916
2019-10-29 06:40,3878
2019-10-29 06:45,3790
2019-10-29 06:50,3707
2019-10-29 06:55,3652
2019-10-29 07:00,3577
2019-10-29 07:05,3538
2019-10-29 07:10,3491
2019-10-29 07:15,3396
2019-10-29 07:20,3375
2019-10-29 07:25,3313
2019-10-29 07:30,3290
2019-10-29 07:35,3248
2019-10-29 07:40,3229
2019-10-29 07:45,3204
2019-10-29 07:50,3182
2019-10-29 07:55,3153
2019-10-29 08:00,3154
2019-10-29 08:05,3134
2019-10-29 08:10,3083
2019-10-29 08:15,3098
2019-10-29 08:20,3066
2019-10-29 08:25,3056
2019-10-29 08:30,3039
2019-10-29 08:35,3022
2019-10-29 08:40,3023
2019-10-29 08:45,3029
2019-10-29 08:50,3035
2019-10-29 08:55,3058
2019-10-29 09:00,3057
2019-10-29 09:05,3087
2019-10-29 09:10,3094
2019-10-29 09:15,3109
2019-10-29 09:20,3126
2019-10-29 09:25,3120
2019-10-29 09:30,3148
2019-10-29 09:35,3139
2019-10-29 09:40,3150
2019-10-29 09:45,3183
2019-10-29 09:50,3172
2019-10-29 09:55,3214
2019-10-29 10:00,3262
2019-10-29 10:05,3267
2019-10-29 10:10,3288
2019-10-29 10:15,3300
2019-10-29 10:20,3333
2019-10-29 10:25,3357
2019-10-29 10:30,3388
2019-10-29 10:35,3428
2019-10-29 10:40,3443
2019-10-29 10:45,3486
2019-10-29 10:50,3530
2019-10-29 10:55,3544
2019-10-29 11:00,3598
2019-10-29 11:05,3628
2019-10-29 11:10,3676
2019-10-29 11:15,3699
2019-10-29 11:20,3730
2019-10-29 11:25,3788
2019-10-29 11:30,3840
2019-10-29 11:35,3935
2019-10-29 11:40,4008
2019-10-29 11:45,4061
2019-10-29 11:50,4098
2019-10-29 11:55,4136
2019-10-29 12:00,4182
2019-10-29 12:05,4256
2019-10-29 12:10,4309
2019-10-29 12:15,4359
2019-10-29 12:20,4394
2019-10-29 12:25,4406
2019-10-29 12:30,4495
2019-10-29 12:35,4546
2019-10-29 12:40,4580
2019-10-29 12:45,4624
2019-10-29 12:50,4717
2019-10-29 12:55,4759
2019-10-29 13:00,4777
2019-10-29 13:05,4799
2019-10-29 13:10,4828
2019-10-29 13:15,4878
2019-10-29 13:20,4945
2019-10-29 13:25,5034
2019-10-29 13:30,5085
2019-10-29 13:35,5127
2019-10-29 13:40,5184
2019-10-29 13:45,5269
2019-10-29 13:50,5318
2019-10-29 13:55,5365
2019-10-29 14:00,5463
2019-10-29 14:05,5499
2019-10-29 14:10,5559
2019-10-29 14:15,5633
2019-10-29 14:20,5687
2019-10-29 14:25,5777
2019-10-29 14:30,5827
2019-10-29 14:35,5955
2019-10-29 14:40,6016
2019-10-29 14:45,6149
2019-10-29 14:50,6214
2019-10-29 14:55,6310
2019-10-29 15:00,6287
2019-10-29 15:05,6296
2019-10-29 15:10,6358
2019-10-29 15:15,6465
2019-10-29 15:20,6535
2019-10-29 15:25,6619
2019-10-29 15:30,6682
2019-10-29 15:35,6755
2019-10-29 15:40,6811
2019-10-29 15:45,6849
2019-10-29 15:50,6836
2019-10-29 15:55,6951
2019-10-29 16:00,7024
2019-10-29 16:05,7109
2019-10-29 16:10,7159
2019-10-29 16:15,7215
2019-10-29 16:20,7298
2019-10-29 16:25,7399
2019-10-29 16:30,7532
2019-10-29 16:35,7574
2019-10-29 16:40,7667
2019-10-29 16:45,7767
2019-10-29 16:50,7883
2019-10-29 16:55,8002
2019-10-29 17:00,8110
2019-10-29 17:05,8203
2019-10-29 17:10,8288
2019-10-29 17:15,8356
2019-10-29 17:20,8416
2019-10-29 17:25,8508
2019-10-29 17:30,8583
2019-10-29 17:35,8626
2019-10-29 17:40,8715
2019-10-29 17:45,8747
2019-10-29 17:50,8820
2019-10-29 17:55,8883
2019-10-29 18:00,8985
2019-10-29 18:05,9047
2019-10-29 18:10,9131
2019-10-29 18:15,
2019-10-29 18:20,9281
2019-10-29 18:25,9334
2019-10-29 18:30,9457
2019-10-29 18:35,9516
2019-10-29 18:40,9561
2019-10-29 18:45,9619
2019-10-29 18:50,9731
2019-10-29 18:55,9760
2019-10-29 19:00,9833
2019-10-29 19:05,9839
2019-10-29 19:10,9951
2019-10-29 19:15,10041
2019-10-29 19:20,10116
2019-10-29 19:25,10211
2019-10-29 19:30,10279
2019-10-29 19:35,10306
2019-10-29 19:40,10385
2019-10-29 19:45,10416
2019-10-29 19:50,10453
2019-10-29 19:55,10496
2019-10-29 20:00,10527
2019-10-29 20:05,10571
2019-10-29 20:10,10598
2019-10-29 20:15,10559
2019-10-29 20:20,10542
2019-10-29 20:25,10578
2019-10-29 20:30,10544
2019-10-29 20:35,10517
2019-10-29 20:40,10480
2019-10-29 20:45,10443
2019-10-29 20:50,10479
2019-10-29 20:55,10482
2019-10-29 21:00,10494
2019-10-29 21:05,10474
2019-10-29 21:10,10490
2019-10-29 21:15,10481
2019-10-29 21:20,10498
2019-10-29 21:25,10499
2019-10-29 21:30,10446
2019-10-29 21:35,10367
2019-10-29 21:40,10357
2019-10-29 21:45,10348
2019-10-29 21:50,10279
2019-10-29 21:55,10239
2019-10-29 22:00,10171
2019-10-29 22:05,10128
2019-10-29 22:10,10074
2019-10-29 22:15,10049
2019-10-29 22:20,10031
2019-10-29 22:25,9949
2019-10-29 22:30,9955
2019-10-29 22:35,9913
2019-10-29 22:40,9922
2019-10-29 22:45,9854
2019-10-29 22:50,9767
2019-10-29 22:55,9689
2019-10-29 23:00,9545
2019-10-29 23:05,
2019-10-29 23:10,
2019-10-29 23:15,9135
2019-10-29 23:20,9178
2019-10-29 23:25,9155
2019-10-29 23:30,9131
2019-10-29 23:35,9084
2019-10-29 23:40,9085
2019-10-29 23:45,9038
2019-10-29 23:50,9032
2019-10-29 23:55,8948
2019-10-30 00:00,8976
2019-10-30 00:05,8989
2019-10-30 00:10,8986
2019-10-30 00:15,8883
2019-10-30 00:20,8885
2019-10-30 00:25,8924
2019-10-30 00:30,8906
2019-10-30 00:35,8920
2019-10-30 00:40,8911
2019-10-30 00:45,8964
2019-10-30 00:50,9042
2019-10-30 00:55,8985
2019-10-30 01:00,8959
2019-10-30 01:05,8950
2019-10-30 01:10,8916
2019-10-30 01:15,8941
2019-10-30 01:20,8954
2019-10-30 01:25,8950
2019-10-30 01:30,8942
2019-10-30 01:35,8938
2019-10-30 01:40,8857
2019-10-30 01:45,8872
2019-10-30 01:50,8851
2019-10-30 01:55,8904
2019-10-30 02:00,8926
2019-10-30 02:05,8923
2019-10-30 02:10,8871
2019-10-30 02:15,8868
2019-10-30 02:20,8861
2019-10-30 02:25,8820
2019-10-30 02:30,8747
2019-10-30 02:35,8675
2019-10-30 02:40,8601
2019-10-30 02:45,8492
2019-10-30 02:50,8375
2019-10-30 02:55,8268
2019-10-30 03:00,8198
2019-10-30 03:05,8158
2019-10-30 03:10,8035
2019-10-30 03:15,7921
2019-10-30 03:20,7839
2019-10-30 03:25,7733
2019-10-30 03:30,7651
2019-10-30 03:35,7472
2019-10-30 03:40,7443
2019-10-30 03:45,7312
2019-10-30 03:50,7197
2019-10-30 03:55,7069
2019-10-30 04:00,7010
2019-10-30 04:05,6882
2019-10-30 04:10,6764
2019-10-30 04:15,6724
2019-10-30 04:20,6610
2019-10-30 04:25,6511
2019-10-30 04:30,6422
2019-10-30 04:35,6324
2019-10-30 04:40,6211
2019-10-30 04:45,6088
2019-10-30 04:50,6013
2019-10-30 04:55,5889
2019-10-30 05:00,5766
2019-10-30 05:05,5658
2019-10-30 05:10,5586
2019-10-30 05:15,5479
2019-10-30 05:20,5357
2019-10-30 05:25,5227
2019-10-30 05:30,5114
2019-10-30 05:35,5055
2019-10-30 05:40,4980
2019-10-30 05:45,4867
2019-10-30 05:50,4774
2019-10-30 05:55,4679
2019-10-30 06:00,4588
2019-10-30 06:05,4473
2019-10-30 06:10,4336
2019-10-30 06:15,4213
2019-10-30 06:20,4102
2019-10-30 06:25,4024
2019-10-30 06:30,3972
2019-10-30 06:35,3857
2019-10-30 06:40,3766
2019-10-30 06:45,3706
2019-10-30 06:50,3690
2019-10-30 06:55,3610
2019-10-30 07:00,3584
2019-10-30 07:05,3529
2019-10-30 07:10,3453
2019-10-30 07:15,3396
2019-10-30 07:20,3364
2019-10-30 07:25,3313
2019-10-30 07:30,3301
2019-10-30 07:35,3284
2019-10-30 07:40,3273
2019-10-30 07:45,3246
2019-10-30 07:50,3203
2019-10-30 07:55,3195
2019-10-30 08:00,3143
2019-10-30 08:05,3126
2019-10-30 08:10,3059
2019-10-30 08:15,3055
2019-10-30 08:20,3049
2019-10-30 08:25,3031
2019-10-30 08:30,3007
2019-10-30 08:35,3050
2019-10-30 08:40,3033
2019-10-30 08:45,3009
2019-10-30 08:50,3024
2019-10-30 08:55,3057
2019-10-30 09:00,3048
2019-10-30 09:05,3049
2019-10-30 09:10,3068
2019-10-30 09:15,3079
2019-10-30 09:20,3110
2019-10-30 09:25,3082
2019-10-30 09:30,3090
2019-10-30 09:35,3110
2019-10-30 09:40,3108
2019-10-30 09:45,3201
2019-10-30 09:50,3225
2019-10-30 09:55,3224
2019-10-30 10:00,3275
2019-10-30 10:05,3280
2019-10-30 10:10,3289
2019-10-30 10:15,3302
2019-10-30 10:20,3351
2019-10-30 10:25,3394
2019-10-30 10:30,3424
2019-10-30 10:35,3486
2019-10-30 10:40,3538
2019-10-30 10:45,3602
2019-10-30 10:50,3647
2019-10-30 10:55,3640
2019-10-30 11:00,3677
2019-10-30 11:05,3726
2019-10-30 11:10,3750
2019-10-30 11:15,3775
2019-10-30 11:20,3808
2019-10-30 11:25,3841
2019-10-30 11:30,3878
2019-10-30 11:35,3907
2019-10-30 11:40,3946
2019-10-30 11:45,4037
2019-10-30 11:50,4101
2019-10-30 11:55,4119
2019-10-30 12:00,4146
2019-10-30 12:05,4236
2019-10-30 12:10,4235
2019-10-30 12:15,4253
2019-10-30 12:20,4286
2019-10-30 12:25,4340
2019-10-30 12:30,4397
2019-10-30 12:35,4434
2019-10-30 12:40,4482
2019-10-30 12:45,4534
2019-10-30 12:50,4601
2019-10-30 12:55,4666
2019-10-30 13:00,4699
2019-10-30 13:05,4749
2019-10-30 13:10,4794
2019-10-30 13:15,4853
2019-10-30 13:20,4951
2019-10-30 13:25,5031
2019-10-30 13:30,5063
2019-10-30 13:35,5138
2019-10-30 13:40,5198
2019-10-30 13:45,5241
2019-10-30 13:50,5322
2019-10-30 13:55,5372
2019-10-30 14:00,5462
2019-10-30 14:05,5542
2019-10-30 14:10,5619
2019-10-30 14:15,5711
2019-10-30 14:20,5752
2019-10-30 14:25,5819
2019-10-30 14:30,5887
2019-10-30 14:35,5962
2019-10-30 14:40,6004
2019-10-30 14:45,6122
2019-10-30 14:50,6207
2019-10-30 14:55,6302
2019-10-30 15:00,6364
2019-10-30 15:05,6420
2019-10-30 15:10,6402
2019-10-30 15:15,6492
2019-10-30 15:20,6571
2019-10-30 15:25,6662
2019-10-30 15:30,6714
2019-10-30 15:35,6782
2019-10-30 15:40,6860
2019-10-30 15:45,
2019-10-30 15:50,6880
2019-10-30 15:55,6947
2019-10-30 16:00,6972
2019-10-30 16:05,7069
2019-10-30 16:10,7161
2019-10-30 16:15,7298
2019-10-30 16:20,7405
2019-10-30 16:25,7452
2019-10-30 16:30,7566
2019-10-30 16:35,7682
2019-10-30 16:40,7772
2019-10-30 16:45,7824
2019-10-30 16:50,7865
2019-10-30 16:55,7930
2019-10-30 17:00,8004
2019-10-30 17:05,8089
2019-10-30 17:10,8175
2019-10-30 17:15,8227
2019-10-30 17:20,8326
2019-10-30 17:25,8419
2019-10-30 17:30,8420
2019-10-30 17:35,8473
2019-10-30 17:40,8588
2019-10-30 17:45,8662
2019-10-30 17:50,8732
2019-10-30 17:55,8804
2019-10-30 18:00,8890
2019-10-30 18:05,8889
2019-10-30 18:10,8961
2019-10-30 18:15,9010
2019-10-30 18:20,9049
2019-10-30 18:25,9125
2019-10-30 18:30,9177
2019-10-30 18:35,9257
2019-10-30 18:40,9321
2019-10-30 18:45,9330
2019-10-30 18:50,9401
2019-10-30 18:55,9418
2019-10-30 19:00,9498
2019-10-30 19:05,9553
2019-10-30 19:10,9551
2019-10-30 19:15,9569
2019-10-30 19:20,9599
2019-10-30 19:25,9671
2019-10-30 19:30,9722
2019-10-30 19:35,9737
2019-10-30 19:40,9747
2019-10-30 19:45,9803
2019-10-30 19:50,9910
2019-10-30 19:55,9960
2019-10-30 20:00,10004
2019-10-30 20:05,9989
2019-10-30 20:10,10027
2019-10-30 20:15,10011
2019-10-30 20:20,10054
2019-10-30 20:25,10173
2019-10-30 20:30,10344
2019-10-30 20:35,10372
2019-10-30 20:40,10401
2019-10-30 20:45,10447
2019-10-30 20:50,10458
2019-10-30 20:55,10469
2019-10-30 21:00,10496
2019-10-30 21:05,10484
2019-10-30 21:10,10399
2019-10-30 21:15,10313
2019-10-30 21:20,10272
2019-10-30 21:25,10285
2019-10-30 21:30,10255
2019-10-30 21:35,10203
2019-10-30 21:40,10174
2019-10-30 21:45,10167
2019-10-30 21:50,10116
2019-10-30 21:55,10100
2019-10-30 22:00,10069
2019-10-30 22:05,10043
2019-10-30 22:10,10010
2019-10-30 22:15,10052
2019-10-30 22:20,10067
2019-10-30 22:25,9965
2019-10-30 22:30,9878
2019-10-30 22:35,9806
2019-10-30 22:40,9742
2019-10-30 22:45,9775
2019-10-30 22:50,9743
2019-10-30 22:55,9678
2019-10-30 23:00,9630
2019-10-30 23:05,9552
2019-10-30 23:10,9532
2019-10-30 23:15,9481
2019-10-30 23:20,9471
2019-10-30 23:25,9390
2019-10-30 23:30,9379
2019-10-30 23:35,9391
2019-10-30 23:40,9403
2019-10-30 23:45,9339
2019-10-30 23:50,9276
2019-10-30 23:55,9240
2019-10-31 00:00,9177
2019-10-31 00:05,9154
2019-10-31 00:10,9139
2019-10-31 00:15,9105
2019-10-31 00:20,9165
2019-10-31 00:25,9191
2019-10-31 00:30,9208
2019-10-31 00:35,9197
2019-10-31 00:40,9146
2019-10-31 00:45,9132
2019-10-31 00:50,9104
2019-10-31 00:55,9081
2019-10-31 01:00,9064
2019-10-31 01:05,9044
2019-10-31 01:10,9109
2019-10-31 01:15,9121
2019-10-31 01:20,9137
2019-10-31 01:25,9154
2019-10-31 01:30,9114
2019-10-31 01:35,9091
2019-10-31 01:40,8958
2019-10-31 01:45,8872
2019-10-31 01:50,8807
2019-10-31 01:55,8812
2019-10-31 02:00,8810
2019-10-31 02:05,8751
2019-10-31 02:10,8765
2019-10-31 02:15,8732
2019-10-31 02:20,8705
2019-10-31 02:25,8729
2019-10-31 02:30,8673
2019-10-31 02:35,8622
2019-10-31 02:40,8532
2019-10-31 02:45,8478
2019-10-31 02:50,8408
2019-10-31 02:55,8371
2019-10-31 03:00,8251
2019-10-31 03:05,8160
2019-10-31 03:10,8073
2019-10-31 03:15,7945
2019-10-31 03:20,7865
2019-10-31 03:25,7822
2019-10-31 03:30,7718
2019-10-31 03:35,7583
2019-10-31 03:40,7525
2019-10-31 03:45,7417
2019-10-31 03:50,7342
2019-10-31 03:55,7227
2019-10-31 04:00,7144
2019-10-31 04:05,7003
2019-10-31 04:10,6894
2019-10-31 04:15,6826
2019-10-31 04:20,6735
2019-10-31 04:25,6673
2019-10-31 04:30,6583
2019-10-31 04:35,6458
2019-10-31 04:40,6361
2019-10-31 04:45,6293
2019-10-31 04:50,6182
2019-10-31 04:55,6116
2019-10-31 05:00,6005
2019-10-31 05:05,5902
2019-10-31 05:10,5774
2019-10-31 05:15,5670
2019-10-31 05:20,5584
2019-10-31 05:25,5488
2019-10-31 05:30,5395
2019-10-31 05:35,5341
2019-10-31 05:40,5262
2019-10-31 05:45,5119
2019-10-31 05:50,4944
2019-10-31 05:55,4866
2019-10-31 06:00,4810
2019-10-31 06:05,4731
2019-10-31 06:10,4620
2019-10-31 06:15,4497
2019-10-31 06:20,4386
2019-10-31 06:25,4281
2019-10-31 06:30,4166
2019-10-31 06:35,4077
2019-10-31 06:40,4028
2019-10-31 06:45,3949
2019-10-31 06:50,3863
2019-10-31 06:55,3830
2019-10-31 07:00,3753
2019-10-31 07:05,3677
2019-10-31 07:10,3633
2019-10-31 07:15,3552
2019-10-31 07:20,3486
2019-10-31 07:25,3472
2019-10-31 07:30,3469
2019-10-31 07:35,3421
2019-10-31 07:40,3393
2019-10-31 07:45,3325
2019-10-31 07:50,3280
2019-10-31 07:55,3245
2019-10-31 08:00,3222
2019-10-31 08:05,3200
2019-10-31 08:10,3174
2019-10-31 08:15,3122
2019-10-31 08:20,3119
2019-10-31 08:25,3105
2019-10-31 08:30,3091
2019-10-31 08:35,3089
2019-10-31 08:40,3104
2019-10-31 08:45,3095
2019-10-31 08:50,3093
2019-10-31 08:55,3100
2019-10-31 09:00,3064
2019-10-31 09:05,3089
2019-10-31 09:10,3091
2019-10-31 09:15,3126
2019-10-31 09:20,3155
2019-10-31 09:25,3169
2019-10-31 09:30,3146
2019-10-31 09:35,3151
2019-10-31 09:40,3177
2019-10-31 09:45,3222
2019-10-31 09:50,3279
2019-10-31 09:55,3293
2019-10-31 10:00,3318
2019-10-31 10:05,3360
2019-10-31 10:10,3437
2019-10-31 10:15,3474
2019-10-31 10:20,3476
2019-10-31 10:25,3552
2019-10-31 10:30,3579
2019-10-31 10:35,3617
2019-10-31 10:40,3663
2019-10-31 10:45,3702
2019-10-31 10:50,3714
2019-10-31 10:55,3746
2019-10-31 11:00,3752
2019-10-31 11:05,3803
2019-10-31 11:10,3842
2019-10-31 11:15,3882
2019-10-31 11:20,3950
2019-10-31 11:25,4023
2019-10-31 11:30,4047
2019-10-31 11:35,4098
2019-10-31 11:40,4106
2019-10-31 11:45,4141
2019-10-31 11:50,4200
2019-10-31 11:55,4253
2019-10-31 12:00,4324
2019-10-31 12:05,4340
2019-10-31 12:10,4350
2019-10-31 12:15,4399
2019-10-31 12:20,4430
2019-10-31 12:25,4503
2019-10-31 12:30,4549
2019-10-31 12:35,4580
2019-10-31 12:40,4666
2019-10-31 12:45,4760
2019-10-31 12:50,4825
2019-10-31 12:55,4856
2019-10-31 13:00,4896
2019-10-31 13:05,4909
2019-10-31 13:10,4975
2019-10-31 13:15,5040
2019-10-31 13:20,5133
2019-10-31 13:25,5222
2019-10-31 13:30,5296
2019-10-31 13:35,5321
2019-10-31 13:40,5355
2019-10-31 13:45,5380
2019-10-31 13:50,5450
2019-10-31 13:55,5547
2019-10-31 14:00,5630
2019-10-31 14:05,5734
2019-10-31 14:10,5809
2019-10-31 14:15,5900
2019-10-31 14:20,5985
2019-10-31 14:25,6033
2019-10-31 14:30,6078
2019-10-31 14:35,6143
2019-10-31 14:40,6230
2019-10-31 14:45,6285
2019-10-31 14:50,6378
2019-10-31 14:55,6458
2019-10-31 15:00,6571
2019-10-31 15:05,6642
2019-10-31 15:10,6655
2019-10-31 15:15,
2019-10-31 15:20,6776
2019-10-31 15:25,6845
2019-10-31 15:30,6875
2019-10-31 15:35,6880
2019-10-31 15:40,6930
2019-10-31 15:45,6997
2019-10-31 15:50,7035
2019-10-31 15:55,7111
2019-10-31 16:00,7162
2019-10-31 16:05,7242
2019-10-31 16:10,7338
2019-10-31 16:15,7393
2019-10-31 16:20,7543
2019-10-31 16:25,7593
2019-10-31 16:30,7669
2019-10-31 16:35,7713
2019-10-31 16:40,7770
2019-10-31 16:45,7826
2019-10-31 16:50,7851
2019-10-31 16:55,7905
2019-10-31 17:00,7974
2019-10-31 17:05,8007
2019-10-31 17:10,8085
2019-10-31 17:15,8156
2019-10-31 17:20,8199
2019-10-31 17:25,8307
2019-10-31 17:30,8324
2019-10-31 17:35,8430
2019-10-31 17:40,8489
2019-10-31 17:45,8546
2019-10-31 17:50,8608
2019-10-31 17:55,8698
2019-10-31 18:00,8728
2019-10-31 18:05,8740
2019-10-31 18:10,8838
2019-10-31 18:15,8939
2019-10-31 18:20,8968
2019-10-31 18:25,9020
2019-10-31 18:30,9037
2019-10-31 18:35,9109
2019-10-31 18:40,9153
2019-10-31 18:45,9193
2019-10-31 18:50,9286
2019-10-31 18:55,9332
2019-10-31 19:00,9382
2019-10-31 19:05,9395
2019-10-31 19:10,9403
2019-10-31 19:15,9468
2019-10-31 19:20,9491
2019-10-31 19:25,9586
2019-10-31 19:30,9640
2019-10-31 19:35,9700
2019-10-31 19:40,9697
2019-10-31 19:45,9774
2019-10-31 19:50,9831
2019-10-31 19:55,9832
2019-10-31 20:00,9874
2019-10-31 20:05,9911
2019-10-31 20:10,9950
2019-10-31 20:15,10009
2019-10-31 20:20,10024
2019-10-31 20:25,10037
2019-10-31 20:30,10041
2019-10-31 20:35,10089
2019-10-31 20:40,10102
2019-10-31 20:45,10107
2019-10-31 20:50,10038
2019-10-31 20:55,10054
2019-10-31 21:00,10064
2019-10-31 21:05,9997
2019-10-31 21:10,10032
2019-10-31 21:15,10021
2019-10-31 21:20,10002
2019-10-31 21:25,9955
2019-10-31 21:30,9902
2019-10-31 21:35,9895
2019-10-31 21:40,9885
2019-10-31 21:45,9883
2019-10-31 21:50,9876
2019-10-31 21:55,9855
2019-10-31 22:00,9749
2019-10-31 22:05,9716
2019-10-31 22:10,9639
2019-10-31 22:15,9591
2019-10-31 22:20,9562
2019-10-31 22:25,9550
2019-10-31 22:30,9502
2019-10-31 22:35,9426
2019-10-31 22:40,9382
2019-10-31 22:45,9293
2019-10-31 22:50,9261
2019-10-31 22:55,9211
2019-10-31 23:00,9130
2019-10-31 23:05,9035
2019-10-31 23:10,8446
2019-10-31 23:15,8338
2019-10-31 23:20,8260
2019-10-31 23:25,8250
2019-10-31 23:30,8334
2019-10-31 23:35,8336
2019-10-31 23:40,8376
2019-10-31 23:45,8416
2019-10-31 23:50,8435
2019-10-31 23:55,8431
2019-11-01 00:00,8433
2019-11-01 00:05,8442
2019-11-01 00:10,8471
2019-11-01 00:15,8465
2019-11-01 00:20,8425
2019-11-01 00:25,8480
2019-11-01 00:30,8474
2019-11-01 00:35,8436
2019-11-01 00:40,8449
2019-11-01 00:45,8469
2019-11-01 00:50,8457
2019-11-01 00:55,8463
2019-11-01 01:00,8470
2019-11-01 01:05,8458
2019-11-01 01:10,8416
2019-11-01 01:15,8431
2019-11-01 01:20,8439
2019-11-01 01:25,8421
2019-11-01 01:30,8438
2019-11-01 01:35,8436
2019-11-01 01:40,8400
2019-11-01 01:45,8364
2019-11-01 01:50,8310
2019-11-01 01:55,8329
2019-11-01 02:00,8373
2019-11-01 02:05,8287
2019-11-01 02:10,8296
2019-11-01 02:15,8230
2019-11-01 02:20,8217
2019-11-01 02:25,8150
2019-11-01 02:30,8084
2019-11-01 02:35,8076
2019-11-01 02:40,8025
2019-11-01 02:45,7989
2019-11-01 02:50,7958
2019-11-01 02:55,7858
2019-11-01 03:00,7787
2019-11-01 03:05,7663
2019-11-01 03:10,7592
2019-11-01 03:15,7501
2019-11-01 03:20,7409
2019-11-01 03:25,7347
2019-11-01 03:30,7275
2019-11-01 03:35,7165
2019-11-01 03:40,7116
2019-11-01 03:45,7029
2019-11-01 03:50,6973
2019-11-01 03:55,6906
2019-11-01 04:00,6829
2019-11-01 04:05,6725
2019-11-01 04:10,6620
2019-11-01 04:15,6531
2019-11-01 04:20,6453
2019-11-01 04:25,6392
2019-11-01 04:30,6331
2019-11-01 04:35,6299
2019-11-01 04:40,6213
2019-11-01 04:45,6109
2019-11-01 04:50,6044
2019-11-01 04:55,5963
2019-11-01 05:00,5834
2019-11-01 05:05,5741
2019-11-01 05:10,5655
2019-11-01 05:15,5593
2019-11-01 05:20,5487
2019-11-01 05:25,5372
2019-11-01 05:30,5257
2019-11-01 05:35,5177
2019-11-01 05:40,5143
2019-11-01 05:45,5044
2019-11-01 05:50,4929
2019-11-01 05:55,4848
2019-11-01 06:00,4728
2019-11-01 06:05,4639
2019-11-01 06:10,4572
2019-11-01 06:15,4486
2019-11-01 06:20,4434
2019-11-01 06:25,4340
2019-11-01 06:30,4277
2019-11-01 06:35,4184
2019-11-01 06:40,4096
2019-11-01 06:45,4017
2019-11-01 06:50,3961
2019-11-01 06:55,3876
2019-11-01 07:00,3840
2019-11-01 07:05,3779
2019-11-01 07:10,3711
2019-11-01 07:15,3641
2019-11-01 07:20,3628
2019-11-01 07:25,3584
2019-11-01 07:30,3503
2019-11-01 07:35,3482
2019-11-01 07:40,3437
2019-11-01 07:45,3394
2019-11-01 07:50,3387
2019-11-01 07:55,3347
2019-11-01 08:00,3292
2019-11-01 08:05,3297
2019-11-01 08:10,3295
2019-11-01 08:15,3271
2019-11-01 08:20,3260
2019-11-01 08:25,3248
2019-11-01 08:30,3228
2019-11-01 08:35,3238
2019-11-01 08:40,3241
2019-11-01 08:45,3259
2019-11-01 08:50,3271
2019-11-01 08:55,3310
2019-11-01 09:00,3316
2019-11-01 09:05,3323
2019-11-01 09:10,3301
2019-11-01 09:15,3343
2019-11-01 09:20,3371
2019-11-01 09:25,3360
2019-11-01 09:30,3393
2019-11-01 09:35,3427
2019-11-01 09:40,3490
2019-11-01 09:45,3493
2019-11-01 09:50,3496
2019-11-01 09:55,3540
2019-11-01 10:00,3591
2019-11-01 10:05,3615
2019-11-01 10:10,3690
2019-11-01 10:15,3743
2019-11-01 10:20,3751
2019-11-01 10:25,3785
2019-11-01 10:30,3842
2019-11-01 10:35,3881
2019-11-01 10:40,3929
2019-11-01 10:45,3928
2019-11-01 10:50,3996
2019-11-01 10:55,4075
2019-11-01 11:00,4113
2019-11-01 11:05,4126
2019-11-01 11:10,4210
2019-11-01 11:15,4279
2019-11-01 11:20,4324
2019-11-01 11:25,4363
2019-11-01 11:30,4424
2019-11-01 11:35,4518
2019-11-01 11:40,4569
2019-11-01 11:45,4617
2019-11-01 11:50,4672
2019-11-01 11:55,4733
2019-11-01 12:00,4812
2019-11-01 12:05,4874
2019-11-01 12:10,4917
2019-11-01 12:15,4970
2019-11-01 12:20,5021
2019-11-01 12:25,5061
2019-11-01 12:30,5130
2019-11-01 12:35,5234
2019-11-01 12:40,5331
2019-11-01 12:45,5389
2019-11-01 12:50,5488
2019-11-01 12:55,5482
2019-11-01 13:00,5500
2019-11-01 13:05,5540
2019-11-01 13:10,5575
2019-11-01 13:15,5636
2019-11-01 13:20,5711
2019-11-01 13:25,5812
2019-11-01 13:30,5853
2019-11-01 13:35,5932
2019-11-01 13:40,6035
2019-11-01 13:45,6072
2019-11-01 13:50,6185
2019-11-01 13:55,6302
2019-11-01 14:00,6332
2019-11-01 14:05,6399
2019-11-01 14:10,6510
2019-11-01 14:15,6577
2019-11-01 14:20,6571
2019-11-01 14:25,6650
2019-11-01 14:30,6756
2019-11-01 14:35,6799
2019-11-01 14:40,6839
2019-11-01 14:45,6895
2019-11-01 14:50,6900
2019-11-01 14:55,6941
2019-11-01 15:00,7020
2019-11-01 15:05,7077
2019-11-01 15:10,7079
2019-11-01 15:15,
2019-11-01 15:20,7199
2019-11-01 15:25,7263
2019-11-01 15:30,7306
2019-11-01 15:35,7434
2019-11-01 15:40,7541
2019-11-01 15:45,7679
2019-11-01 15:50,7715
2019-11-01 15:55,7742
2019-11-01 16:00,7838
2019-11-01 16:05,7922
2019-11-01 16:10,7958
2019-11-01 16:15,8009
2019-11-01 16:20,8102
2019-11-01 16:25,8198
2019-11-01 16:30,8218
2019-11-01 16:35,8308
2019-11-01 16:40,8364
2019-11-01 16:45,8368
2019-11-01 16:50,8385
2019-11-01 16:55,8476
2019-11-01 17:00,8507
2019-11-01 17:05,8551
2019-11-01 17:10,8598
2019-11-01 17:15,8699
2019-11-01 17:20,8745
2019-11-01 17:25,8826
2019-11-01 17:30,8883
2019-11-01 17:35,8922
2019-11-01 17:40,8995
2019-11-01 17:45,9102
2019-11-01 17:50,9067
2019-11-01 17:55,9140
2019-11-01 18:00,9155
2019-11-01 18:05,9200
2019-11-01 18:10,9237
2019-11-01 18:15,9294
2019-11-01 18:20,9359
2019-11-01 18:25,9381
2019-11-01 18:30,9364
2019-11-01 18:35,9422
2019-11-01 18:40,9509
2019-11-01 18:45,9538
2019-11-01 18:50,9538
2019-11-01 18:55,9616
2019-11-01 19:00,9684
2019-11-01 19:05,9645
2019-11-01 19:10,9680
2019-11-01 19:15,9739
2019-11-01 19:20,9803
2019-11-01 19:25,9839
2019-11-01 19:30,9907
2019-11-01 19:35,9962
2019-11-01 19:40,9989
2019-11-01 19:45,10087
2019-11-01 19:50,10111
2019-11-01 19:55,10172
2019-11-01 20:00,10222
2019-11-01 20:05,10218
2019-11-01 20:10,10224
2019-11-01 20:15,10278
2019-11-01 20:20,10376
2019-11-01 20:25,10437
2019-11-01 20:30,10473
2019-11-01 20:35,10491
2019-11-01 20:40,10541
2019-11-01 20:45,10552
2019-11-01 20:50,10612
2019-11-01 20:55,10612
2019-11-01 21:00,10612
2019-11-01 21:05,10612
2019-11-01 21:10,10612
2019-11-01 21:15,10612
2019-11-01 21:20,10612
2019-11-01 21:25,10801
2019-11-01 21:30,10766
2019-11-01 21:35,10715
2019-11-01 21:40,10740
2019-11-01 21:45,10743
2019-11-01 21:50,10764
2019-11-01 21:55,10685
2019-11-01 22:00,10664
2019-11-01 22:05,10654
2019-11-01 22:10,10620
2019-11-01 22:15,10596
2019-11-01 22:20,10601
2019-11-01 22:25,10533
2019-11-01 22:30,10527
2019-11-01 22:35,10471
2019-11-01 22:40,10476
2019-11-01 22:45,10523
2019-11-01 22:50,10435
2019-11-01 22:55,10407
2019-11-01 23:00,10391
2019-11-01 23:05,10304
2019-11-01 23:10,10227
2019-11-01 23:15,10138
2019-11-01 23:20,10094
2019-11-01 23:25,10029
2019-11-01 23:30,9980
2019-11-01 23:35,9924
2019-11-01 23:40,9885
2019-11-01 23:45,9768
2019-11-01 23:50,9793
2019-11-01 23:55,9746
2019-11-02 00:00,9721
2019-11-02 00:05,9688
2019-11-02 00:10,9642
2019-11-02 00:15,9547
2019-11-02 00:20,9526
2019-11-02 00:25,9558
2019-11-02 00:30,9644
2019-11-02 00:35,9558
2019-11-02 00:40,9493
2019-11-02 00:45,9513
2019-11-02 00:50,9529
2019-11-02 00:55,9582
2019-11-02 01:00,9539
2019-11-02 01:05,9457
2019-11-02 01:10,9499
2019-11-02 01:15,9393
2019-11-02 01:20,9401
2019-11-02 01:25,9366
2019-11-02 01:30,9355
2019-11-02 01:35,9335
2019-11-02 01:40,9292
2019-11-02 01:45,9258
2019-11-02 01:50,9247
2019-11-02 01:55,9207
2019-11-02 02:00,9149
2019-11-02 02:05,9109
2019-11-02 02:10,9144
2019-11-02 02:15,9102
2019-11-02 02:20,9045
2019-11-02 02:25,8984
2019-11-02 02:30,9001
2019-11-02 02:35,8994
2019-11-02 02:40,8991
2019-11-02 02:45,8975
2019-11-02 02:50,8925
2019-11-02 02:55,8907
2019-11-02 03:00,8921
2019-11-02 03:05,8884
2019-11-02 03:10,8865
2019-11-02 03:15,8857
2019-11-02 03:20,8836
2019-11-02 03:25,8820
2019-11-02 03:30,8750
2019-11-02 03:35,8663
2019-11-02 03:40,8639
2019-11-02 03:45,8624
2019-11-02 03:50,8518
2019-11-02 03:55,8429
2019-11-02 04:00,8354
2019-11-02 04:05,8319
2019-11-02 04:10,8189
2019-11-02 04:15,8089
2019-11-02 04:20,8031
2019-11-02 04:25,7966
2019-11-02 04:30,7911
2019-11-02 04:35,7831
2019-11-02 04:40,7756
2019-11-02 04:45,7645
2019-11-02 04:50,7515
2019-11-02 04:55,7457
2019-11-02 05:00,7371
2019-11-02 05:05,7243
2019-11-02 05:10,7179
2019-11-02 05:15,7036
2019-11-02 05:20,6926
2019-11-02 05:25,6837
2019-11-02 05:30,6753
2019-11-02 05:35,6654
2019-11-02 05:40,6562
2019-11-02 05:45,6431
2019-11-02 05:50,6309
2019-11-02 05:55,6200
2019-11-02 06:00,6116
2019-11-02 06:05,6011
2019-11-02 06:10,5888
2019-11-02 06:15,5773
2019-11-02 06:20,5659
2019-11-02 06:25,5532
2019-11-02 06:30,5442
2019-11-02 06:35,5369
2019-11-02 06:40,5256
2019-11-02 06:45,5128
2019-11-02 06:50,5041
2019-11-02 06:55,4986
2019-11-02 07:00,4910
2019-11-02 07:05,4803
2019-11-02 07:10,4736
2019-11-02 07:15,4614
2019-11-02 07:20,4571
2019-11-02 07:25,4500
2019-11-02 07:30,4431
2019-11-02 07:35,4349
2019-11-02 07:40,4265
2019-11-02 07:45,4229
2019-11-02 07:50,4233
2019-11-02 07:55,4171
2019-11-02 08:00,4143
2019-11-02 08:05,4078
2019-11-02 08:10,4057
2019-11-02 08:15,4018
2019-11-02 08:20,4001
2019-11-02 08:25,3992
2019-11-02 08:30,4009
2019-11-02 08:35,3979
2019-11-02 08:40,3941
2019-11-02 08:45,3939
2019-11-02 08:50,3948
2019-11-02 08:55,3971
2019-11-02 09:00,3988
2019-11-02 09:05,3997
2019-11-02 09:10,4019
2019-11-02 09:15,3999
2019-11-02 09:20,4039
2019-11-02 09:25,4064
2019-11-02 09:30,4068
2019-11-02 09:35,4107
2019-11-02 09:40,4135
2019-11-02 09:45,4183
2019-11-02 09:50,4241
2019-11-02 09:55,4313
2019-11-02 10:00,4301
2019-11-02 10:05,4363
2019-11-02 10:10,4387
2019-11-02 10:15,4455
2019-11-02 10:20,4497
2019-11-02 10:25,4550
2019-11-02 10:30,4595
2019-11-02 10:35,4649
2019-11-02 10:40,4694
2019-11-02 10:45,4718
2019-11-02 10:50,4762
2019-11-02 10:55,4784
2019-11-02 11:00,4859
2019-11-02 11:05,4903
2019-11-02 11:10,4922
2019-11-02 11:15,4969
2019-11-02 11:20,5054
2019-11-02 11:25,5057
2019-11-02 11:30,5136
2019-11-02 11:35,5190
2019-11-02 11:40,5250
2019-11-02 11:45,5338
2019-11-02 11:50,5380
2019-11-02 11:55,5451
2019-11-02 12:00,5561
2019-11-02 12:05,5629
2019-11-02 12:10,5678
2019-11-02 12:15,5745
2019-11-02 12:20,5822
2019-11-02 12:25,5911
2019-11-02 12:30,5925
2019-11-02 12:35,6052
2019-11-02 12:40,6083
2019-11-02 12:45,6125
2019-11-02 12:50,6211
2019-11-02 12:55,6305
2019-11-02 13:00,6393
2019-11-02 13:05,6495
2019-11-02 13:10,6566
2019-11-02 13:15,6631
2019-11-02 13:20,6654
2019-11-02 13:25,6699
2019-11-02 13:30,6767
2019-11-02 13:35,6849
2019-11-02 13:40,6946
2019-11-02 13:45,7083
2019-11-02 13:50,7199
2019-11-02 13:55,7261
2019-11-02 14:00,7310
2019-11-02 14:05,7365
2019-11-02 14:10,7461
2019-11-02 14:15,7573
2019-11-02 14:20,7611
2019-11-02 14:25,7742
2019-11-02 14:30,7744
2019-11-02 14:35,7879
2019-11-02 14:40,8016
2019-11-02 14:45,8133
2019-11-02 14:50,8145
2019-11-02 14:55,8249
2019-11-02 15:00,8354
2019-11-02 15:05,8411
2019-11-02 15:10,8458
2019-11-02 15:15,8540
2019-11-02 15:20,8613
2019-11-02 15:25,8680
2019-11-02 15:30,8756
2019-11-02 15:35,8827
2019-11-02 15:40,8937
2019-11-02 15:45,8965
2019-11-02 15:50,9014
2019-11-02 15:55,9138
2019-11-02 16:00,9153
2019-11-02 16:05,9188
2019-11-02 16:10,9249
2019-11-02 16:15,9229
2019-11-02 16:20,9320
2019-11-02 16:25,9403
2019-11-02 16:30,9426
2019-11-02 16:35,9462
2019-11-02 16:40,9482
2019-11-02 16:45,9483
2019-11-02 16:50,9557
2019-11-02 16:55,9626
2019-11-02 17:00,9662
2019-11-02 17:05,9752
2019-11-02 17:10,9849
2019-11-02 17:15,9927
2019-11-02 17:20,9945
2019-11-02 17:25,9995
2019-11-02 17:30,10057
2019-11-02 17:35,10159
2019-11-02 17:40,10200
2019-11-02 17:45,10292
2019-11-02 17:50,10364
2019-11-02 17:55,10464
2019-11-02 18:00,10525
2019-11-02 18:05,10533
2019-11-02 18:10,10590
2019-11-02 18:15,10677
2019-11-02 18:20,10751
2019-11-02 18:25,10842
2019-11-02 18:30,10882
2019-11-02 18:35,10996
2019-11-02 18:40,11044
2019-11-02 18:45,11068
2019-11-02 18:50,11176
2019-11-02 18:55,11217
2019-11-02 19:00,11206
2019-11-02 19:05,11210
2019-11-02 19:10,11233
2019-11-02 19:15,11250
2019-11-02 19:20,11320
2019-11-02 19:25,11367
2019-11-02 19:30,11352
2019-11-02 19:35,11419
2019-11-02 19:40,11441
2019-11-02 19:45,11483
2019-11-02 19:50,11553
2019-11-02 19:55,11607
2019-11-02 20:00,11614
2019-11-02 20:05,11619
2019-11-02 20:10,11678
2019-11-02 20:15,11712
2019-11-02 20:20,11704
2019-11-02 20:25,11640
2019-11-02 20:30,11667
2019-11-02 20:35,11625
2019-11-02 20:40,11585
2019-11-02 20:45,11568
2019-11-02 20:50,11623
2019-11-02 20:55,11655
2019-11-02 21:00,11640
2019-11-02 21:05,11578
2019-11-02 21:10,11557
2019-11-02 21:15,11614
2019-11-02 21:20,11650
2019-11-02 21:25,11653
2019-11-02 21:30,11624
2019-11-02 21:35,11582
2019-11-02 21:40,11603
2019-11-02 21:45,11575
2019-11-02 21:50,11535
2019-11-02 21:55,11480
2019-11-02 22:00,11440
2019-11-02 22:05,11381
2019-11-02 22:10,11396
2019-11-02 22:15,11374
2019-11-02 22:20,11358
2019-11-02 22:25,11299
2019-11-02 22:30,11240
2019-11-02 22:35,11303
2019-11-02 22:40,11194
2019-11-02 22:45,11097
2019-11-02 22:50,11071
2019-11-02 22:55,10939
2019-11-02 23:00,10910
2019-11-02 23:05,10833
2019-11-02 23:10,10753
2019-11-02 23:15,10665
2019-11-02 23:20,10686
2019-11-02 23:25,10642
2019-11-02 23:30,10613
2019-11-02 23:35,10546
2019-11-02 23:40,10527
2019-11-02 23:45,10441
2019-11-02 23:50,10342
2019-11-02 23:55,10289
2019-11-03 00:00,10223
2019-11-03 00:05,10209
2019-11-03 00:10,10128
2019-11-03 00:15,10069
2019-11-03 00:20,9990
2019-11-03 00:25,9967
2019-11-03 00:30,9912
2019-11-03 00:35,9840
2019-11-03 00:40,9833
2019-11-03 00:45,9852
2019-11-03 00:50,9832
2019-11-03 00:55,9771
2019-11-03 01:00,9745
2019-11-03 01:05,9680
2019-11-03 01:10,9693
2019-11-03 01:15,9690
2019-11-03 01:20,9614
2019-11-03 01:25,9589
2019-11-03 01:30,9544
2019-11-03 01:35,9559
2019-11-03 01:40,9550
2019-11-03 01:45,9484
2019-11-03 01:50,9456
2019-11-03 01:55,9370
2019-11-03 02:00,9323
2019-11-03 02:05,9318
2019-11-03 02:10,9257
2019-11-03 02:15,9274
2019-11-03 02:20,9322
2019-11-03 02:25,9323
2019-11-03 02:30,9276
2019-11-03 02:35,9227
2019-11-03 02:40,9267
2019-11-03 02:45,9245
2019-11-03 02:50,9171
2019-11-03 02:55,9112
2019-11-03 03:00,9101
2019-11-03 03:05,9043
2019-11-03 03:10,8986
2019-11-03 03:15,8952
2019-11-03 03:20,8966
2019-11-03 03:25,8910
2019-11-03 03:30,8827
2019-11-03 03:35,8770
2019-11-03 03:40,8754
2019-11-03 03:45,8736
2019-11-03 03:50,8695
2019-11-03 03:55,8657
2019-11-03 04:00,8568
2019-11-03 04:05,8458
2019-11-03 04:10,8377
2019-11-03 04:15,8337
2019-11-03 04:20,8300
2019-11-03 04:25,8208
2019-11-03 04:30,8113
2019-11-03 04:35,8035
2019-11-03 04:40,7953
2019-11-03 04:45,7875
2019-11-03 04:50,7787
2019-11-03 04:55,7687
2019-11-03 05:00,7598
2019-11-03 05:05,7470
2019-11-03 05:10,7399
2019-11-03 05:15,7352
2019-11-03 05:20,7211
2019-11-03 05:25,7128
2019-11-03 05:30,7080
2019-11-03 05:35,6968
2019-11-03 05:40,6882
2019-11-03 05:45,6787
2019-11-03 05:50,6656
2019-11-03 05:55,6538
2019-11-03 06:00,6415
2019-11-03 06:05,6326
2019-11-03 06:10,6261
2019-11-03 06:15,6159
2019-11-03 06:20,6120
2019-11-03 06:25,6003
2019-11-03 06:30,5930
2019-11-03 06:35,5853
2019-11-03 06:40,5766
2019-11-03 06:45,5683
2019-11-03 06:50,5601
2019-11-03 06:55,5540
2019-11-03 07:00,5477
2019-11-03 07:05,5440
2019-11-03 07:10,5285
2019-11-03 07:15,5176
2019-11-03 07:20,5124
2019-11-03 07:25,5080
2019-11-03 07:30,5037
2019-11-03 07:35,4972
2019-11-03 07:40,4953
2019-11-03 07:45,4910
2019-11-03 07:50,4823
2019-11-03 07:55,4797
2019-11-03 08:00,4785
2019-11-03 08:05,4712
2019-11-03 08:10,4660
2019-11-03 08:15,4611
2019-11-03 08:20,4575
2019-11-03 08:25,4530
2019-11-03 08:30,4485
2019-11-03 08:35,4450
2019-11-03 08:40,4420
2019-11-03 08:45,4392
2019-11-03 08:50,4405
2019-11-03 08:55,4433
2019-11-03 09:00,4436
2019-11-03 09:05,4451
2019-11-03 09:10,4477
2019-11-03 09:15,4463
2019-11-03 09:20,4474
2019-11-03 09:25,4494
2019-11-03 09:30,4540
2019-11-03 09:35,4495
2019-11-03 09:40,4556
2019-11-03 09:45,4577
2019-11-03 09:50,4630
2019-11-03 09:55,4672
2019-11-03 10:00,4712
2019-11-03 10:05,4743
2019-11-03 10:10,4788
2019-11-03 10:15,4818
2019-11-03 10:20,4876
2019-11-03 10:25,4934
2019-11-03 10:30,4988
2019-11-03 10:35,5032
2019-11-03 10:40,5105
2019-11-03 10:45,5162
2019-11-03 10:50,5196
2019-11-03 10:55,5215
2019-11-03 11:00,5315
2019-11-03 11:05,5348
2019-11-03 11:10,5379
2019-11-03 11:15,5414
2019-11-03 11:20,5489
2019-11-03 11:25,5542
2019-11-03 11:30,5576
2019-11-03 11:35,5614
2019-11-03 11:40,5671
2019-11-03 11:45,5755
2019-11-03 11:50,5770
2019-11-03 11:55,5824
2019-11-03 12:00,5842
2019-11-03 12:05,5820
2019-11-03 12:10,5771
2019-11-03 12:15,5694
2019-11-03 12:20,6000
2019-11-03 12:25,6111
2019-11-03 12:30,6189
2019-11-03 12:35,6253
2019-11-03 12:40,6349
2019-11-03 12:45,6356
2019-11-03 12:50,6417
2019-11-03 12:55,6446
2019-11-03 13:00,6518
2019-11-03 13:05,6644
2019-11-03 13:10,6707
2019-11-03 13:15,6780
2019-11-03 13:20,6853
2019-11-03 13:25,6868
2019-11-03 13:30,6982
2019-11-03 13:35,7078
2019-11-03 13:40,7166
2019-11-03 13:45,7275
2019-11-03 13:50,7370
2019-11-03 13:55,7546
2019-11-03 14:00,7655
2019-11-03 14:05,7720
2019-11-03 14:10,7769
2019-11-03 14:15,7851
2019-11-03 14:20,7965
2019-11-03 14:25,8022
2019-11-03 14:30,8151
2019-11-03 14:35,8179
2019-11-03 14:40,8260
2019-11-03 14:45,8378
2019-11-03 14:50,8431
2019-11-03 14:55,8533
2019-11-03 15:00,8643
2019-11-03 15:05,8715
2019-11-03 15:10,8845
2019-11-03 15:15,8875
2019-11-03 15:20,8942
2019-11-03 15:25,8974
2019-11-03 15:30,9035
2019-11-03 15:35,9100
2019-11-03 15:40,9218
2019-11-03 15:45,
2019-11-03 15:50,9349
2019-11-03 15:55,9409
2019-11-03 16:00,9446
2019-11-03 16:05,9542
2019-11-03 16:10,9685
2019-11-03 16:15,9817
2019-11-03 16:20,9935
2019-11-03 16:25,10001
2019-11-03 16:30,10067
2019-11-03 16:35,10103
2019-11-03 16:40,10206
2019-11-03 16:45,10256
2019-11-03 16:50,10318
2019-11-03 16:55,10400
2019-11-03 17:00,10467
2019-11-03 17:05,10615
2019-11-03 17:10,10679
2019-11-03 17:15,10766
2019-11-03 17:20,10866
2019-11-03 17:25,10915
2019-11-03 17:30,10993
2019-11-03 17:35,11107
2019-11-03 17:40,11141
2019-11-03 17:45,11241
2019-11-03 17:50,11395
2019-11-03 17:55,11431
2019-11-03 18:00,11489
2019-11-03 18:05,11543
2019-11-03 18:10,11588
2019-11-03 18:15,11698
2019-11-03 18:20,11715
2019-11-03 18:25,11819
2019-11-03 18:30,11827
2019-11-03 18:35,11828
2019-11-03 18:40,11904
2019-11-03 18:45,12004
2019-11-03 18:50,12098
2019-11-03 18:55,12181
2019-11-03 19:00,12229
2019-11-03 19:05,12218
2019-11-03 19:10,12277
2019-11-03 19:15,12269
2019-11-03 19:20,12309
2019-11-03 19:25,12389
2019-11-03 19:30,12468
2019-11-03 19:35,12504
2019-11-03 19:40,12533
2019-11-03 19:45,12569
2019-11-03 19:50,12616
2019-11-03 19:55,12598
2019-11-03 20:00,12603
2019-11-03 20:05,12659
2019-11-03 20:10,12703
2019-11-03 20:15,12668
2019-11-03 20:20,12658
2019-11-03 20:25,12596
2019-11-03 20:30,12567
2019-11-03 20:35,12591
2019-11-03 20:40,12534
2019-11-03 20:45,12547
2019-11-03 20:50,12529
2019-11-03 20:55,12526
2019-11-03 21:00,12503
2019-11-03 21:05,12505
2019-11-03 21:10,12489
2019-11-03 21:15,12395
2019-11-03 21:20,12324
2019-11-03 21:25,12243
2019-11-03 21:30,12201
2019-11-03 21:35,12162
2019-11-03 21:40,12117
2019-11-03 21:45,12029
2019-11-03 21:50,11986
2019-11-03 21:55,11821
2019-11-03 22:00,11751
2019-11-03 22:05,11687
2019-11-03 22:10,11587
2019-11-03 22:15,11449
2019-11-03 22:20,11402
2019-11-03 22:25,11335
2019-11-03 22:30,11148
2019-11-03 22:35,11019
2019-11-03 22:40,10942
2019-11-03 22:45,10874
2019-11-03 22:50,10773
2019-11-03 22:55,10674
2019-11-03 23:00,10579
2019-11-03 23:05,10460
2019-11-03 23:10,10355
2019-11-03 23:15,10300
2019-11-03 23:20,10221
2019-11-03 23:25,10103
2019-11-03 23:30,9968
2019-11-03 23:35,9914
2019-11-03 23:40,9869
2019-11-03 23:45,9818
2019-11-03 23:50,9741
2019-11-03 23:55,9746
2019-11-04 00:00,9687
2019-11-04 00:05,9710
2019-11-04 00:10,9703
2019-11-04 00:15,9649
2019-11-04 00:20,9610
2019-11-04 00:25,9578
2019-11-04 00:30,9517
2019-11-04 00:35,9476
2019-11-04 00:40,9446
2019-11-04 00:45,9456
2019-11-04 00:50,9467
2019-11-04 00:55,9458
2019-11-04 01:00,9442
2019-11-04 01:05,9371
2019-11-04 01:10,9348
2019-11-04 01:15,9340
2019-11-04 01:20,9278
2019-11-04 01:25,9279
2019-11-04 01:30,9275
2019-11-04 01:35,9249
2019-11-04 01:40,9251
2019-11-04 01:45,9270
2019-11-04 01:50,9247
2019-11-04 01:55,9247
2019-11-04 02:00,9225
2019-11-04 02:05,9225
2019-11-04 02:10,9240
2019-11-04 02:15,9160
2019-11-04 02:20,9096
2019-11-04 02:25,9053
2019-11-04 02:30,9052
2019-11-04 02:35,9031
2019-11-04 02:40,8989
2019-11-04 02:45,8879
2019-11-04 02:50,8751
2019-11-04 02:55,8725
2019-11-04 03:00,8619
2019-11-04 03:05,8569
2019-11-04 03:10,8458
2019-11-04 03:15,8378
2019-11-04 03:20,8286
2019-11-04 03:25,8210
2019-11-04 03:30,8140
2019-11-04 03:35,8072
2019-11-04 03:40,7975
2019-11-04 03:45,7908
2019-11-04 03:50,7799
2019-11-04 03:55,7677
2019-11-04 04:00,7594
2019-11-04 04:05,7487
2019-11-04 04:10,7166
2019-11-04 04:15,7084
2019-11-04 04:20,6962
2019-11-04 04:25,6884
2019-11-04 04:30,6790
2019-11-04 04:35,6685
2019-11-04 04:40,6603
2019-11-04 04:45,6513
2019-11-04 04:50,6403
2019-11-04 04:55,6308
2019-11-04 05:00,6237
2019-11-04 05:05,6097
2019-11-04 05:10,5998
2019-11-04 05:15,5917
2019-11-04 05:20,5891
2019-11-04 05:25,5852
2019-11-04 05:30,5781
2019-11-04 05:35,5677
2019-11-04 05:40,5601
2019-11-04 05:45,5523
2019-11-04 05:50,5425
2019-11-04 05:55,5301
2019-11-04 06:00,5204
2019-11-04 06:05,5078
2019-11-04 06:10,4963
2019-11-04 06:15,4835
2019-11-04 06:20,4756
2019-11-04 06:25,4676
2019-11-04 06:30,4540
2019-11-04 06:35,4485
2019-11-04 06:40,4411
2019-11-04 06:45,4335
2019-11-04 06:50,4253
2019-11-04 06:55,4191
2019-11-04 07:00,4118
2019-11-04 07:05,4065
2019-11-04 07:10,3943
2019-11-04 07:15,3883
2019-11-04 07:20,3850
2019-11-04 07:25,3787
2019-11-04 07:30,3745
2019-11-04 07:35,3710
2019-11-04 07:40,3671
2019-11-04 07:45,3627
2019-11-04 07:50,3594
2019-11-04 07:55,3583
2019-11-04 08:00,3592
2019-11-04 08:05,3497
2019-11-04 08:10,3461
2019-11-04 08:15,3435
2019-11-04 08:20,3379
2019-11-04 08:25,3352
2019-11-04 08:30,3304
2019-11-04 08:35,3279
2019-11-04 08:40,3250
2019-11-04 08:45,3232
2019-11-04 08:50,3206
2019-11-04 08:55,3214
2019-11-04 09:00,3157
2019-11-04 09:05,3200
2019-11-04 09:10,3195
2019-11-04 09:15,3202
2019-11-04 09:20,3194
2019-11-04 09:25,3215
2019-11-04 09:30,3215
2019-11-04 09:35,3234
2019-11-04 09:40,3265
2019-11-04 09:45,3277
2019-11-04 09:50,3283
2019-11-04 09:55,3306
2019-11-04 10:00,3319
2019-11-04 10:05,3322
2019-11-04 10:10,3340
2019-11-04 10:15,3366
2019-11-04 10:20,3430
2019-11-04 10:25,3465
2019-11-04 10:30,3485
2019-11-04 10:35,3525
2019-11-04 10:40,3514
2019-11-04 10:45,3557
2019-11-04 10:50,3610
2019-11-04 10:55,3599
2019-11-04 11:00,3627
2019-11-04 11:05,3652
2019-11-04 11:10,3676
2019-11-04 11:15,3723
2019-11-04 11:20,3747
2019-11-04 11:25,3796
2019-11-04 11:30,3831
2019-11-04 11:35,3869
2019-11-04 11:40,3927
2019-11-04 11:45,3955
2019-11-04 11:50,4015
2019-11-04 11:55,4022
2019-11-04 12:00,4052
2019-11-04 12:05,4076
2019-11-04 12:10,4109
2019-11-04 12:15,4163
2019-11-04 12:20,4170
2019-11-04 12:25,4243
2019-11-04 12:30,4276
2019-11-04 12:35,4317
2019-11-04 12:40,4376
2019-11-04 12:45,4438
2019-11-04 12:50,4462
2019-11-04 12:55,4505
2019-11-04 13:00,4528
2019-11-04 13:05,4562
2019-11-04 13:10,4547
2019-11-04 13:15,4602
2019-11-04 13:20,4675
2019-11-04 13:25,4694
2019-11-04 13:30,4738
2019-11-04 13:35,4815
2019-11-04 13:40,4849
2019-11-04 13:45,4933
2019-11-04 13:50,4964
2019-11-04 13:55,5025
2019-11-04 14:00,5070
2019-11-04 14:05,5179
2019-11-04 14:10,5246
2019-11-04 14:15,5322
2019-11-04 14:20,5395
2019-11-04 14:25,5451
2019-11-04 14:30,5530
2019-11-04 14:35,5595
2019-11-04 14:40,5707
2019-11-04 14:45,5808
2019-11-04 14:50,5888
2019-11-04 14:55,5953
2019-11-04 15:00,5977
2019-11-04 15:05,6050
2019-11-04 15:10,6130
2019-11-04 15:15,6204
2019-11-04 15:20,6328
2019-11-04 15:25,6354
2019-11-04 15:30,6473
2019-11-04 15:35,6580
2019-11-04 15:40,6679
2019-11-04 15:45,6730
2019-11-04 15:50,6764
2019-11-04 15:55,6827
2019-11-04 16:00,6853
2019-11-04 16:05,6900
2019-11-04 16:10,7000
2019-11-04 16:15,
2019-11-04 16:20,7124
2019-11-04 16:25,7236
2019-11-04 16:30,7355
2019-11-04 16:35,7362
2019-11-04 16:40,7386
2019-11-04 16:45,7469
2019-11-04 16:50,7584
2019-11-04 16:55,7606
2019-11-04 17:00,7680
2019-11-04 17:05,7743
2019-11-04 17:10,7828
2019-11-04 17:15,7993
2019-11-04 17:20,8033
2019-11-04 17:25,8163
2019-11-04 17:30,8274
2019-11-04 17:35,8387
2019-11-04 17:40,8433
2019-11-04 17:45,8522
2019-11-04 17:50,8492
2019-11-04 17:55,8636
2019-11-04 18:00,8730
2019-11-04 18:05,8811
2019-11-04 18:10,8903
2019-11-04 18:15,8972
2019-11-04 18:20,9088
2019-11-04 18:25,9148
2019-11-04 18:30,9148
2019-11-04 18:35,9268
2019-11-04 18:40,9274
2019-11-04 18:45,9384
2019-11-04 18:50,9425
2019-11-04 18:55,9467
2019-11-04 19:00,9503
2019-11-04 19:05,9559
2019-11-04 19:10,9610
2019-11-04 19:15,9743
2019-11-04 19:20,9840
2019-11-04 19:25,9900
2019-11-04 19:30,9951
2019-11-04 19:35,9957
2019-11-04 19:40,10009
2019-11-04 19:45,10008
2019-11-04 19:50,10112
2019-11-04 19:55,10141
2019-11-04 20:00,10106
2019-11-04 20:05,10122
2019-11-04 20:10,10142
2019-11-04 20:15,10159
2019-11-04 20:20,10215
2019-11-04 20:25,10239
2019-11-04 20:30,10272
2019-11-04 20:35,10257
2019-11-04 20:40,10319
2019-11-04 20:45,10316
2019-11-04 20:50,10272
2019-11-04 20:55,10190
2019-11-04 21:00,10169
2019-11-04 21:05,10111
2019-11-04 21:10,10114
2019-11-04 21:15,10008
2019-11-04 21:20,9934
2019-11-04 21:25,9873
2019-11-04 21:30,9831
2019-11-04 21:35,9776
2019-11-04 21:40,9698
2019-11-04 21:45,9634
2019-11-04 21:50,9574
2019-11-04 21:55,9523
2019-11-04 22:00,9460
2019-11-04 22:05,9407
2019-11-04 22:10,9340
2019-11-04 22:15,9303
2019-11-04 22:20,9085
2019-11-04 22:25,9021
2019-11-04 22:30,8962
2019-11-04 22:35,8969
2019-11-04 22:40,8922
2019-11-04 22:45,8801
2019-11-04 22:50,8774
2019-11-04 22:55,8795
2019-11-04 23:00,8715
2019-11-04 23:05,8711
2019-11-04 23:10,8652
2019-11-04 23:15,8630
2019-11-04 23:20,8609
2019-11-04 23:25,8542
2019-11-04 23:30,8533
2019-11-04 23:35,8504
2019-11-04 23:40,8510
2019-11-04 23:45,8549
2019-11-04 23:50,8524
2019-11-04 23:55,8578
2019-11-05 00:00,8595
2019-11-05 00:05,8646
2019-11-05 00:10,8626
2019-11-05 00:15,8630
2019-11-05 00:20,8633
2019-11-05 00:25,8637
2019-11-05 00:30,8672
2019-11-05 00:35,8688
2019-11-05 00:40,8785
2019-11-05 00:45,8803
2019-11-05 00:50,8805
2019-11-05 00:55,8842
2019-11-05 01:00,8840
2019-11-05 01:05,8825
2019-11-05 01:10,8845
2019-11-05 01:15,8908
2019-11-05 01:20,8859
2019-11-05 01:25,8835
2019-11-05 01:30,8852
2019-11-05 01:35,8859
2019-11-05 01:40,8860
2019-11-05 01:45,8848
2019-11-05 01:50,8781
2019-11-05 01:55,8782
2019-11-05 02:00,8770
2019-11-05 02:05,8732
2019-11-05 02:10,8760
2019-11-05 02:15,8750
2019-11-05 02:20,8767
2019-11-05 02:25,8690
2019-11-05 02:30,8777
2019-11-05 02:35,8746
2019-11-05 02:40,8739
2019-11-05 02:45,8674
2019-11-05 02:50,8693
2019-11-05 02:55,8673
2019-11-05 03:00,8569
2019-11-05 03:05,8540
2019-11-05 03:10,8476
2019-11-05 03:15,8439
2019-11-05 03:20,8351
2019-11-05 03:25,8278
2019-11-05 03:30,8193
2019-11-05 03:35,8085
2019-11-05 03:40,7965
2019-11-05 03:45,7885
2019-11-05 03:50,7790
2019-11-05 03:55,7727
2019-11-05 04:00,7574
2019-11-05 04:05,7482
2019-11-05 04:10,7433
2019-11-05 04:15,7321
2019-11-05 04:20,7174
2019-11-05 04:25,7106
2019-11-05 04:30,7052
2019-11-05 04:35,6937
2019-11-05 04:40,6833
2019-11-05 04:45,6706
2019-11-05 04:50,6600
2019-11-05 04:55,6492
2019-11-05 05:00,6343
2019-11-05 05:05,6262
2019-11-05 05:10,6197
2019-11-05 05:15,6108
2019-11-05 05:20,5932
2019-11-05 05:25,5877
2019-11-05 05:30,5762
2019-11-05 05:35,5677
2019-11-05 05:40,5582
2019-11-05 05:45,5435
2019-11-05 05:50,5332
2019-11-05 05:55,5273
2019-11-05 06:00,5101
2019-11-05 06:05,5002
2019-11-05 06:10,4949
2019-11-05 06:15,4847
2019-11-05 06:20,4756
2019-11-05 06:25,4673
2019-11-05 06:30,4574
2019-11-05 06:35,4494
2019-11-05 06:40,4422
2019-11-05 06:45,4372
2019-11-05 06:50,4294
2019-11-05 06:55,4242
2019-11-05 07:00,4159
2019-11-05 07:05,4088
2019-11-05 07:10,4010
2019-11-05 07:15,3946
2019-11-05 07:20,3899
2019-11-05 07:25,3793
2019-11-05 07:30,3722
2019-11-05 07:35,3711
2019-11-05 07:40,3649
2019-11-05 07:45,3584
2019-11-05 07:50,3562
2019-11-05 07:55,3493
2019-11-05 08:00,3499
2019-11-05 08:05,3491
2019-11-05 08:10,3420
2019-11-05 08:15,3376
2019-11-05 08:20,3328
2019-11-05 08:25,3279
2019-11-05 08:30,3243
2019-11-05 08:35,3237
2019-11-05 08:40,3190
2019-11-05 08:45,3202
2019-11-05 08:50,3185
2019-11-05 08:55,3158
2019-11-05 09:00,3160
2019-11-05 09:05,3167
2019-11-05 09:10,3185
2019-11-05 09:15,3176
2019-11-05 09:20,3183
2019-11-05 09:25,3156
2019-11-05 09:30,3179
2019-11-05 09:35,3205
2019-11-05 09:40,3218
2019-11-05 09:45,3225
2019-11-05 09:50,3209
2019-11-05 09:55,3180
2019-11-05 10:00,3205
2019-11-05 10:05,3218
2019-11-05 10:10,3236
2019-11-05 10:15,3242
2019-11-05 10:20,3257
2019-11-05 10:25,3291
2019-11-05 10:30,3276
2019-11-05 10:35,3292
2019-11-05 10:40,3314
2019-11-05 10:45,3329
2019-11-05 10:50,3361
2019-11-05 10:55,3359
2019-11-05 11:00,3363
2019-11-05 11:05,3374
2019-11-05 11:10,3394
2019-11-05 11:15,3404
2019-11-05 11:20,3454
2019-11-05 11:25,
2019-11-05 11:30,3508
2019-11-05 11:35,3543
2019-11-05 11:40,3581
2019-11-05 11:45,3628
2019-11-05 11:50,3677
2019-11-05 11:55,3745
2019-11-05 12:00,3820
2019-11-05 12:05,3876
2019-11-05 12:10,3821
2019-11-05 12:15,3888
2019-11-05 12:20,3934
2019-11-05 12:25,3961
2019-11-05 12:30,4032
2019-11-05 12:35,4125
2019-11-05 12:40,4149
2019-11-05 12:45,4189
2019-11-05 12:50,4217
2019-11-05 12:55,4305
2019-11-05 13:00,4351
2019-11-05 13:05,4368
2019-11-05 13:10,4425
2019-11-05 13:15,4511
2019-11-05 13:20,4582
2019-11-05 13:25,4622
2019-11-05 13:30,4678
2019-11-05 13:35,4756
2019-11-05 13:40,4792
2019-11-05 13:45,4847
2019-11-05 13:50,4912
2019-11-05 13:55,4985
2019-11-05 14:00,5101
2019-11-05 14:05,5122
2019-11-05 14:10,5182
2019-11-05 14:15,5290
2019-11-05 14:20,5379
2019-11-05 14:25,5468
2019-11-05 14:30,5542
2019-11-05 14:35,5608
2019-11-05 14:40,5719
2019-11-05 14:45,5819
2019-11-05 14:50,5817
2019-11-05 14:55,5867
2019-11-05 15:00,5895
2019-11-05 15:05,5958
2019-11-05 15:10,6013
2019-11-05 15:15,6088
2019-11-05 15:20,6143
2019-11-05 15:25,6200
2019-11-05 15:30,6287
2019-11-05 15:35,6383
2019-11-05 15:40,6408
2019-11-05 15:45,6454
2019-11-05 15:50,6506
2019-11-05 15:55,6534
2019-11-05 16:00,6618
2019-11-05 16:05,6675
2019-11-05 16:10,6744
2019-11-05 16:15,6788
2019-11-05 16:20,6918
2019-11-05 16:25,7041
2019-11-05 16:30,7118
2019-11-05 16:35,7168
2019-11-05 16:40,7256
2019-11-05 16:45,7308
2019-11-05 16:50,7379
2019-11-05 16:55,7420
2019-11-05 17:00,7550
2019-11-05 17:05,7679
2019-11-05 17:10,7807
2019-11-05 17:15,7868
2019-11-05 17:20,7935
2019-11-05 17:25,7976
2019-11-05 17:30,8071
2019-11-05 17:35,8147
2019-11-05 17:40,8165
2019-11-05 17:45,8235
2019-11-05 17:50,8357
2019-11-05 17:55,8415
2019-11-05 18:00,8488
2019-11-05 18:05,8539
2019-11-05 18:10,8644
2019-11-05 18:15,8684
2019-11-05 18:20,8721
2019-11-05 18:25,8797
2019-11-05 18:30,8862
2019-11-05 18:35,8885
2019-11-05 18:40,8986
2019-11-05 18:45,9014
2019-11-05 18:50,9148
2019-11-05 18:55,9209
2019-11-05 19:00,7915
2019-11-05 19:05,9214
2019-11-05 19:10,9458
2019-11-05 19:15,9491
2019-11-05 19:20,9567
2019-11-05 19:25,9568
2019-11-05 19:30,9622
2019-11-05 19:35,9627
2019-11-05 19:40,9674
2019-11-05 19:45,9724
2019-11-05 19:50,9735
2019-11-05 19:55,9706
2019-11-05 20:00,9685
2019-11-05 20:05,9651
2019-11-05 20:10,9629
2019-11-05 20:15,9672
2019-11-05 20:20,9626
2019-11-05 20:25,9676
2019-11-05 20:30,9710
2019-11-05 20:35,9726
2019-11-05 20:40,9729
2019-11-05 20:45,9709
2019-11-05 20:50,9739
2019-11-05 20:55,9740
2019-11-05 21:00,9680
2019-11-05 21:05,9660
2019-11-05 21:10,9676
2019-11-05 21:15,9662
2019-11-05 21:20,9606
2019-11-05 21:25,
2019-11-05 21:30,
2019-11-05 21:35,
2019-11-05 21:40,9554
2019-11-05 21:45,9530
2019-11-05 21:50,9490
2019-11-05 21:55,9455
2019-11-05 22:00,9451
2019-11-05 22:05,9427
2019-11-05 22:10,9357
2019-11-05 22:15,9266
2019-11-05 22:20,9217
2019-11-05 22:25,9214
2019-11-05 22:30,9144
2019-11-05 22:35,9035
2019-11-05 22:40,8941
2019-11-05 22:45,8872
2019-11-05 22:50,8817
2019-11-05 22:55,8765
2019-11-05 23:00,8755
2019-11-05 23:05,8701
2019-11-05 23:10,8668
2019-11-05 23:15,8646
2019-11-05 23:20,8631
2019-11-05 23:25,8604
2019-11-05 23:30,0
2019-11-05 23:35,8099
2019-11-05 23:40,8317
2019-11-05 23:45,8325
2019-11-05 23:50,8294
2019-11-05 23:55,8280
2019-11-06 00:00,8281
2019-11-06 00:05,8388
2019-11-06 00:10,8420
2019-11-06 00:15,8410
2019-11-06 00:20,8408
2019-11-06 00:25,8366
2019-11-06 00:30,8438
2019-11-06 00:35,8428
2019-11-06 00:40,8436
2019-11-06 00:45,8394
2019-11-06 00:50,8385
2019-11-06 00:55,8411
2019-11-06 01:00,8477
2019-11-06 01:05,8480
2019-11-06 01:10,8559
2019-11-06 01:15,8615
2019-11-06 01:20,8653
2019-11-06 01:25,8640
2019-11-06 01:30,8681
2019-11-06 01:35,8702
2019-11-06 01:40,8711
2019-11-06 01:45,8755
2019-11-06 01:50,8796
2019-11-06 01:55,8774
2019-11-06 02:00,8797
2019-11-06 02:05,8800
2019-11-06 02:10,8844
2019-11-06 02:15,8907
2019-11-06 02:20,8894
2019-11-06 02:25,8877
2019-11-06 02:30,8801
2019-11-06 02:35,8798
2019-11-06 02:40,8804
2019-11-06 02:45,8747
2019-11-06 02:50,8745
2019-11-06 02:55,8666
2019-11-06 03:00,8549
2019-11-06 03:05,8471
2019-11-06 03:10,8432
2019-11-06 03:15,8373
2019-11-06 03:20,8328
2019-11-06 03:25,8254
2019-11-06 03:30,8120
2019-11-06 03:35,8107
2019-11-06 03:40,8031
2019-11-06 03:45,7895
2019-11-06 03:50,7790
2019-11-06 03:55,7685
2019-11-06 04:00,7629
2019-11-06 04:05,7587
2019-11-06 04:10,7468
2019-11-06 04:15,7361
2019-11-06 04:20,7275
2019-11-06 04:25,7117
2019-11-06 04:30,7035
2019-11-06 04:35,6944
2019-11-06 04:40,6822
2019-11-06 04:45,6729
2019-11-06 04:50,6630
2019-11-06 04:55,6553
2019-11-06 05:00,6489
2019-11-06 05:05,6372
2019-11-06 05:10,6275
2019-11-06 05:15,6152
2019-11-06 05:20,6060
2019-11-06 05:25,5935
2019-11-06 05:30,5823
2019-11-06 05:35,5733
2019-11-06 05:40,5598
2019-11-06 05:45,5436
2019-11-06 05:50,5364
2019-11-06 05:55,5259
2019-11-06 06:00,5155
2019-11-06 06:05,5051
2019-11-06 06:10,4905
2019-11-06 06:15,4878
2019-11-06 06:20,4760
2019-11-06 06:25,4711
2019-11-06 06:30,4631
2019-11-06 06:35,4542
2019-11-06 06:40,4442
2019-11-06 06:45,4358
2019-11-06 06:50,4272
2019-11-06 06:55,4173
2019-11-06 07:00,4126
2019-11-06 07:05,4104
2019-11-06 07:10,4053
2019-11-06 07:15,3983
2019-11-06 07:20,3908
2019-11-06 07:25,3888
2019-11-06 07:30,3838
2019-11-06 07:35,3746
2019-11-06 07:40,3702
2019-11-06 07:45,3644
2019-11-06 07:50,3597
2019-11-06 07:55,3576
2019-11-06 08:00,3514
2019-11-06 08:05,3444
2019-11-06 08:10,3370
2019-11-06 08:15,3337
2019-11-06 08:20,3337
2019-11-06 08:25,3316
2019-11-06 08:30,3285
2019-11-06 08:35,3258
2019-11-06 08:40,3267
2019-11-06 08:45,3210
2019-11-06 08:50,3178
2019-11-06 08:55,3144
2019-11-06 09:00,3115
2019-11-06 09:05,3097
2019-11-06 09:10,3073
2019-11-06 09:15,3063
2019-11-06 09:20,3064
2019-11-06 09:25,3054
2019-11-06 09:30,3032
2019-11-06 09:35,3050
2019-11-06 09:40,3073
2019-11-06 09:45,3096
2019-11-06 09:50,3111
2019-11-06 09:55,3093
2019-11-06 10:00,3139
2019-11-06 10:05,3151
2019-11-06 10:10,3176
2019-11-06 10:15,3176
2019-11-06 10:20,3192
2019-11-06 10:25,3223
2019-11-06 10:30,3221
2019-11-06 10:35,3243
2019-11-06 10:40,3272
2019-11-06 10:45,3287
2019-11-06 10:50,3309
2019-11-06 10:55,3330
2019-11-06 11:00,3329
2019-11-06 11:05,3375
2019-11-06 11:10,3385
2019-11-06 11:15,3414
2019-11-06 11:20,3502
2019-11-06 11:25,3507
2019-11-06 11:30,3520
2019-11-06 11:35,3604
2019-11-06 11:40,3612
2019-11-06 11:45,3656
2019-11-06 11:50,3665
2019-11-06 11:55,3755
2019-11-06 12:00,3796
2019-11-06 12:05,3807
2019-11-06 12:10,3823
2019-11-06 12:15,3887
2019-11-06 12:20,3902
2019-11-06 12:25,3940
2019-11-06 12:30,4001
2019-11-06 12:35,4025
2019-11-06 12:40,4082
2019-11-06 12:45,4135
2019-11-06 12:50,4185
2019-11-06 12:55,4269
2019-11-06 13:00,4314
2019-11-06 13:05,4361
2019-11-06 13:10,4408
2019-11-06 13:15,4475
2019-11-06 13:20,4559
2019-11-06 13:25,4629
2019-11-06 13:30,4666
2019-11-06 13:35,4727
2019-11-06 13:40,4832
2019-11-06 13:45,4842
2019-11-06 13:50,4935
2019-11-06 13:55,4982
2019-11-06 14:00,5008
2019-11-06 14:05,5096
2019-11-06 14:10,5161
2019-11-06 14:15,5228
2019-11-06 14:20,5274
2019-11-06 14:25,5315
2019-11-06 14:30,5441
2019-11-06 14:35,5507
2019-11-06 14:40,5597
2019-11-06 14:45,5649
2019-11-06 14:50,5715
2019-11-06 14:55,5786
2019-11-06 15:00,5836
2019-11-06 15:05,5882
2019-11-06 15:10,5918
2019-11-06 15:15,5947
2019-11-06 15:20,
2019-11-06 15:25,6143
2019-11-06 15:30,6235
2019-11-06 15:35,6321
2019-11-06 15:40,6397
2019-11-06 15:45,6503
2019-11-06 15:50,6623
2019-11-06 15:55,6684
2019-11-06 16:00,6725
2019-11-06 16:05,6806
2019-11-06 16:10,6862
2019-11-06 16:15,6933
2019-11-06 16:20,6934
2019-11-06 16:25,6994
2019-11-06 16:30,7080
2019-11-06 16:35,7203
2019-11-06 16:40,7234
2019-11-06 16:45,7349
2019-11-06 16:50,7394
2019-11-06 16:55,7456
2019-11-06 17:00,7558
2019-11-06 17:05,7630
2019-11-06 17:10,7697
2019-11-06 17:15,7733
2019-11-06 17:20,7801
2019-11-06 17:25,7886
2019-11-06 17:30,7944
2019-11-06 17:35,8013
2019-11-06 17:40,8072
2019-11-06 17:45,8128
2019-11-06 17:50,8236
2019-11-06 17:55,8284
2019-11-06 18:00,8320
2019-11-06 18:05,8311
2019-11-06 18:10,8335
2019-11-06 18:15,8410
2019-11-06 18:20,8524
2019-11-06 18:25,8579
2019-11-06 18:30,8637
2019-11-06 18:35,8669
2019-11-06 18:40,
2019-11-06 18:45,0
2019-11-06 18:50,8811
2019-11-06 18:55,8860
2019-11-06 19:00,8886
2019-11-06 19:05,8933
2019-11-06 19:10,9058
2019-11-06 19:15,9090
2019-11-06 19:20,9148
2019-11-06 19:25,9142
2019-11-06 19:30,9276
2019-11-06 19:35,9354
2019-11-06 19:40,9441
2019-11-06 19:45,9486
2019-11-06 19:50,9486
2019-11-06 19:55,9556
2019-11-06 20:00,9611
2019-11-06 20:05,9675
2019-11-06 20:10,9674
2019-11-06 20:15,9689
2019-11-06 20:20,9677
2019-11-06 20:25,9714
2019-11-06 20:30,9692
2019-11-06 20:35,9746
2019-11-06 20:40,9816
2019-11-06 20:45,9825
2019-11-06 20:50,9849
2019-11-06 20:55,9831
2019-11-06 21:00,9725
2019-11-06 21:05,9600
2019-11-06 21:10,9637
2019-11-06 21:15,9539
2019-11-06 21:20,9471
2019-11-06 21:25,9487
2019-11-06 21:30,9442
2019-11-06 21:35,9391
2019-11-06 21:40,9314
2019-11-06 21:45,9272
2019-11-06 21:50,9280
2019-11-06 21:55,9224
2019-11-06 22:00,9215
2019-11-06 22:05,9244
2019-11-06 22:10,9258
2019-11-06 22:15,9215
2019-11-06 22:20,9110
2019-11-06 22:25,9070
2019-11-06 22:30,9037
2019-11-06 22:35,9041
2019-11-06 22:40,8957
2019-11-06 22:45,8917
2019-11-06 22:50,8862
2019-11-06 22:55,8849
2019-11-06 23:00,8814
2019-11-06 23:05,8757
2019-11-06 23:10,8730
2019-11-06 23:15,8640
2019-11-06 23:20,8606
2019-11-06 23:25,8609
2019-11-06 23:30,8609
2019-11-06 23:35,8552
2019-11-06 23:40,8544
2019-11-06 23:45,8528
2019-11-06 23:50,8533
2019-11-06 23:55,8546
2019-11-07 00:00,8512
2019-11-07 00:05,8511
2019-11-07 00:10,8474
2019-11-07 00:15,8492
2019-11-07 00:20,8485
2019-11-07 00:25,8455
2019-11-07 00:30,8447
2019-11-07 00:35,8450
2019-11-07 00:40,8433
2019-11-07 00:45,8432
2019-11-07 00:50,8479
2019-11-07 00:55,8439
2019-11-07 01:00,8499
2019-11-07 01:05,8495
2019-11-07 01:10,8550
2019-11-07 01:15,8531
2019-11-07 01:20,8496
2019-11-07 01:25,8560
2019-11-07 01:30,8631
2019-11-07 01:35,8668
2019-11-07 01:40,8760
2019-11-07 01:45,8705
2019-11-07 01:50,8748
2019-11-07 01:55,8761
2019-11-07 02:00,8773
2019-11-07 02:05,8790
2019-11-07 02:10,8794
2019-11-07 02:15,8772
2019-11-07 02:20,8775
2019-11-07 02:25,8798
2019-11-07 02:30,8785
2019-11-07 02:35,8746
2019-11-07 02:40,8708
2019-11-07 02:45,8716
2019-11-07 02:50,8686
2019-11-07 02:55,8599
2019-11-07 03:00,8530
2019-11-07 03:05,8533
2019-11-07 03:10,8429
2019-11-07 03:15,8377
2019-11-07 03:20,8264
2019-11-07 03:25,8214
2019-11-07 03:30,8152
2019-11-07 03:35,8096
2019-11-07 03:40,7998
2019-11-07 03:45,7940
2019-11-07 03:50,7901
2019-11-07 03:55,7850
2019-11-07 04:00,7792
2019-11-07 04:05,7639
2019-11-07 04:10,7538
2019-11-07 04:15,7388
2019-11-07 04:20,7315
2019-11-07 04:25,7215
2019-11-07 04:30,7110
2019-11-07 04:35,7029
2019-11-07 04:40,6936
2019-11-07 04:45,6868
2019-11-07 04:50,6741
2019-11-07 04:55,6607
2019-11-07 05:00,6527
2019-11-07 05:05,6466
2019-11-07 05:10,6314
2019-11-07 05:15,6165
2019-11-07 05:20,6076
2019-11-07 05:25,5993
2019-11-07 05:30,5857
2019-11-07 05:35,5732
2019-11-07 05:40,5636
2019-11-07 05:45,5557
2019-11-07 05:50,5435
2019-11-07 05:55,5362
2019-11-07 06:00,5284
2019-11-07 06:05,4989
2019-11-07 06:10,4736
2019-11-07 06:15,4562
2019-11-07 06:20,4444
2019-11-07 06:25,4395
2019-11-07 06:30,4408
2019-11-07 06:35,4312
2019-11-07 06:40,4229
2019-11-07 06:45,4189
2019-11-07 06:50,4114
2019-11-07 06:55,4040
2019-11-07 07:00,3822
2019-11-07 07:05,3778
2019-11-07 07:10,3718
2019-11-07 07:15,3701
2019-11-07 07:20,3699
2019-11-07 07:25,3675
2019-11-07 07:30,3646
2019-11-07 07:35,3598
2019-11-07 07:40,3540
2019-11-07 07:45,3528
2019-11-07 07:50,3500
2019-11-07 07:55,3475
2019-11-07 08:00,3445
2019-11-07 08:05,3396
2019-11-07 08:10,3353
2019-11-07 08:15,3292
2019-11-07 08:20,3310
2019-11-07 08:25,3266
2019-11-07 08:30,3242
2019-11-07 08:35,3247
2019-11-07 08:40,3230
2019-11-07 08:45,3220
2019-11-07 08:50,3211
2019-11-07 08:55,3196
2019-11-07 09:00,3195
2019-11-07 09:05,3174
2019-11-07 09:10,3174
2019-11-07 09:15,3130
2019-11-07 09:20,3103
2019-11-07 09:25,3093
2019-11-07 09:30,3084
2019-11-07 09:35,3080
2019-11-07 09:40,3056
2019-11-07 09:45,3071
2019-11-07 09:50,3062
2019-11-07 09:55,3078
2019-11-07 10:00,3081
2019-11-07 10:05,3071
2019-11-07 10:10,3148
2019-11-07 10:15,3152
2019-11-07 10:20,3169
2019-11-07 10:25,3208
2019-11-07 10:30,3248
2019-11-07 10:35,3252
2019-11-07 10:40,3267
2019-11-07 10:45,3284
2019-11-07 10:50,3315
2019-11-07 10:55,3322
2019-11-07 11:00,3339
2019-11-07 11:05,3334
2019-11-07 11:10,3326
2019-11-07 11:15,3368
2019-11-07 11:20,3380
2019-11-07 11:25,3394
2019-11-07 11:30,3415
2019-11-07 11:35,3441
2019-11-07 11:40,3484
2019-11-07 11:45,3494
2019-11-07 11:50,3538
2019-11-07 11:55,3537
2019-11-07 12:00,3597
2019-11-07 12:05,3606
2019-11-07 12:10,3683
2019-11-07 12:15,3688
2019-11-07 12:20,3743
2019-11-07 12:25,3814
2019-11-07 12:30,3855
2019-11-07 12:35,3913
2019-11-07 12:40,3976
2019-11-07 12:45,4067
2019-11-07 12:50,4079
2019-11-07 12:55,4155
2019-11-07 13:00,4235
2019-11-07 13:05,4321
2019-11-07 13:10,4319
2019-11-07 13:15,4350
2019-11-07 13:20,4413
2019-11-07 13:25,4453
2019-11-07 13:30,4499
2019-11-07 13:35,4538
2019-11-07 13:40,4609
2019-11-07 13:45,4641
2019-11-07 13:50,4743
2019-11-07 13:55,4804
2019-11-07 14:00,4828
2019-11-07 14:05,4930
2019-11-07 14:10,4954
2019-11-07 14:15,4968
2019-11-07 14:20,5031
2019-11-07 14:25,5147
2019-11-07 14:30,5211
2019-11-07 14:35,5288
2019-11-07 14:40,5353
2019-11-07 14:45,5467
2019-11-07 14:50,5529
2019-11-07 14:55,5593
2019-11-07 15:00,5650
2019-11-07 15:05,5784
2019-11-07 15:10,5848
2019-11-07 15:15,5951
2019-11-07 15:20,5993
2019-11-07 15:25,6072
2019-11-07 15:30,6179
2019-11-07 15:35,6268
2019-11-07 15:40,6310
2019-11-07 15:45,6389
2019-11-07 15:50,6434
2019-11-07 15:55,6552
2019-11-07 16:00,6635
2019-11-07 16:05,6705
2019-11-07 16:10,6739
2019-11-07 16:15,6792
2019-11-07 16:20,6844
2019-11-07 16:25,6914
2019-11-07 16:30,7002
2019-11-07 16:35,7130
2019-11-07 16:40,7168
2019-11-07 16:45,7215
2019-11-07 16:50,7257
2019-11-07 16:55,7279
2019-11-07 17:00,7370
2019-11-07 17:05,7502
2019-11-07 17:10,7545
2019-11-07 17:15,7648
2019-11-07 17:20,7693
2019-11-07 17:25,7711
2019-11-07 17:30,7838
2019-11-07 17:35,7919
2019-11-07 17:40,8013
2019-11-07 17:45,8101
2019-11-07 17:50,8159
2019-11-07 17:55,8212
2019-11-07 18:00,8301
2019-11-07 18:05,8410
2019-11-07 18:10,8501
2019-11-07 18:15,8579
2019-11-07 18:20,8635
2019-11-07 18:25,8687
2019-11-07 18:30,8731
2019-11-07 18:35,8785
2019-11-07 18:40,8808
2019-11-07 18:45,8873
2019-11-07 18:50,8960
2019-11-07 18:55,9043
2019-11-07 19:00,9077
2019-11-07 19:05,9080
2019-11-07 19:10,9081
2019-11-07 19:15,9104
2019-11-07 19:20,9143
2019-11-07 19:25,9239
2019-11-07 19:30,9340
2019-11-07 19:35,9413
2019-11-07 19:40,9428
2019-11-07 19:45,9487
2019-11-07 19:50,9503
2019-11-07 19:55,9549
2019-11-07 20:00,9533
2019-11-07 20:05,9560
2019-11-07 20:10,9623
2019-11-07 20:15,9695
2019-11-07 20:20,9737
2019-11-07 20:25,9727
2019-11-07 20:30,9763
2019-11-07 20:35,9809
2019-11-07 20:40,9797
2019-11-07 20:45,9753
2019-11-07 20:50,9711
2019-11-07 20:55,9689
2019-11-07 21:00,9697
2019-11-07 21:05,9666
2019-11-07 21:10,9671
2019-11-07 21:15,9652
2019-11-07 21:20,9587
2019-11-07 21:25,9576
2019-11-07 21:30,9610
2019-11-07 21:35,9570
2019-11-07 21:40,9553
2019-11-07 21:45,9545
2019-11-07 21:50,9473
2019-11-07 21:55,9481
2019-11-07 22:00,9445
2019-11-07 22:05,9383
2019-11-07 22:10,9340
2019-11-07 22:15,9311
2019-11-07 22:20,9287
2019-11-07 22:25,9195
2019-11-07 22:30,9148
2019-11-07 22:35,9042
2019-11-07 22:40,8996
2019-11-07 22:45,8901
2019-11-07 22:50,8852
2019-11-07 22:55,8773
2019-11-07 23:00,8720
2019-11-07 23:05,8676
2019-11-07 23:10,8641
2019-11-07 23:15,8612
2019-11-07 23:20,8570
2019-11-07 23:25,8602
2019-11-07 23:30,8558
2019-11-07 23:35,8528
2019-11-07 23:40,8540
2019-11-07 23:45,8525
2019-11-07 23:50,8519
2019-11-07 23:55,8528
2019-11-08 00:00,8509
2019-11-08 00:05,8492
2019-11-08 00:10,8442
2019-11-08 00:15,8382
2019-11-08 00:20,8389
2019-11-08 00:25,8351
2019-11-08 00:30,8319
2019-11-08 00:35,8346
2019-11-08 00:40,8389
2019-11-08 00:45,8370
2019-11-08 00:50,8376
2019-11-08 00:55,8354
2019-11-08 01:00,8409
2019-11-08 01:05,8428
2019-11-08 01:10,8528
2019-11-08 01:15,8473
2019-11-08 01:20,8516
2019-11-08 01:25,8606
2019-11-08 01:30,8633
2019-11-08 01:35,8664
2019-11-08 01:40,8711
2019-11-08 01:45,8663
2019-11-08 01:50,8705
2019-11-08 01:55,8700
2019-11-08 02:00,8727
2019-11-08 02:05,8775
2019-11-08 02:10,8740
2019-11-08 02:15,8701
2019-11-08 02:20,8654
2019-11-08 02:25,8623
2019-11-08 02:30,8591
2019-11-08 02:35,8584
2019-11-08 02:40,8600
2019-11-08 02:45,8601
2019-11-08 02:50,8621
2019-11-08 02:55,8628
2019-11-08 03:00,8617
2019-11-08 03:05,8517
2019-11-08 03:10,8435
2019-11-08 03:15,8417
2019-11-08 03:20,8442
2019-11-08 03:25,8349
2019-11-08 03:30,8293
2019-11-08 03:35,8191
2019-11-08 03:40,8132
2019-11-08 03:45,8101
2019-11-08 03:50,8023
2019-11-08 03:55,7966
2019-11-08 04:00,7845
2019-11-08 04:05,7756
2019-11-08 04:10,7670
2019-11-08 04:15,7592
2019-11-08 04:20,7498
2019-11-08 04:25,7484
2019-11-08 04:30,7365
2019-11-08 04:35,7296
2019-11-08 04:40,7194
2019-11-08 04:45,7101
2019-11-08 04:50,7006
2019-11-08 04:55,6938
2019-11-08 05:00,6781
2019-11-08 05:05,6657
2019-11-08 05:10,6554
2019-11-08 05:15,6438
2019-11-08 05:20,6374
2019-11-08 05:25,6222
2019-11-08 05:30,6138
2019-11-08 05:35,6012
2019-11-08 05:40,5925
2019-11-08 05:45,5859
2019-11-08 05:50,5762
2019-11-08 05:55,5650
2019-11-08 06:00,5539
2019-11-08 06:05,5396
2019-11-08 06:10,5281
2019-11-08 06:15,5215
2019-11-08 06:20,5058
2019-11-08 06:25,4977
2019-11-08 06:30,4852
2019-11-08 06:35,4738
2019-11-08 06:40,4668
2019-11-08 06:45,4637
2019-11-08 06:50,4543
2019-11-08 06:55,4485
2019-11-08 07:00,4409
2019-11-08 07:05,4351
2019-11-08 07:10,4306
2019-11-08 07:15,4202
2019-11-08 07:20,4100
2019-11-08 07:25,4038
2019-11-08 07:30,4023
2019-11-08 07:35,3964
2019-11-08 07:40,3934
2019-11-08 07:45,3874
2019-11-08 07:50,3819
2019-11-08 07:55,3777
2019-11-08 08:00,3675
2019-11-08 08:05,3605
2019-11-08 08:10,3562
2019-11-08 08:15,3544
2019-11-08 08:20,3475
2019-11-08 08:25,3441
2019-11-08 08:30,3436
2019-11-08 08:35,
2019-11-08 08:40,3392
2019-11-08 08:45,3364
2019-11-08 08:50,3354
2019-11-08 08:55,
2019-11-08 09:00,3303
2019-11-08 09:05,3324
2019-11-08 09:10,3329
2019-11-08 09:15,3311
2019-11-08 09:20,3309
2019-11-08 09:25,3306
2019-11-08 09:30,3284
2019-11-08 09:35,3226
2019-11-08 09:40,3229
2019-11-08 09:45,3218
2019-11-08 09:50,3199
2019-11-08 09:55,3113
2019-11-08 10:00,3090
2019-11-08 10:05,3117
2019-11-08 10:10,3123
2019-11-08 10:15,3162
2019-11-08 10:20,3205
2019-11-08 10:25,3257
2019-11-08 10:30,3324
2019-11-08 10:35,3361
2019-11-08 10:40,3414
2019-11-08 10:45,3449
2019-11-08 10:50,3520
2019-11-08 10:55,3589
2019-11-08 11:00,3585
2019-11-08 11:05,3597
2019-11-08 11:10,3659
2019-11-08 11:15,3702
2019-11-08 11:20,3729
2019-11-08 11:25,3760
2019-11-08 11:30,3835
2019-11-08 11:35,3848
2019-11-08 11:40,3841
2019-11-08 11:45,3937
2019-11-08 11:50,3936
2019-11-08 11:55,3978
2019-11-08 12:00,4084
2019-11-08 12:05,4133
2019-11-08 12:10,4188
2019-11-08 12:15,4251
2019-11-08 12:20,4267
2019-11-08 12:25,4262
2019-11-08 12:30,4275
2019-11-08 12:35,4339
2019-11-08 12:40,4389
2019-11-08 12:45,4431
2019-11-08 12:50,4531
2019-11-08 12:55,4573
2019-11-08 13:00,4641
2019-11-08 13:05,4677
2019-11-08 13:10,4730
2019-11-08 13:15,4790
2019-11-08 13:20,4800
2019-11-08 13:25,4862
2019-11-08 13:30,4895
2019-11-08 13:35,4945
2019-11-08 13:40,4996
2019-11-08 13:45,5076
2019-11-08 13:50,5133
2019-11-08 13:55,5186
2019-11-08 14:00,5274
2019-11-08 14:05,5341
2019-11-08 14:10,5373
2019-11-08 14:15,5436
2019-11-08 14:20,5484
2019-11-08 14:25,5587
2019-11-08 14:30,5685
2019-11-08 14:35,
2019-11-08 14:40,5813
2019-11-08 14:45,5903
2019-11-08 14:50,6014
2019-11-08 14:55,6104
2019-11-08 15:00,6152
2019-11-08 15:05,6242
2019-11-08 15:10,6333
2019-11-08 15:15,6375
2019-11-08 15:20,6427
2019-11-08 15:25,6538
2019-11-08 15:30,6608
2019-11-08 15:35,6706
2019-11-08 15:40,6839
2019-11-08 15:45,6911
2019-11-08 15:50,7002
2019-11-08 15:55,7089
2019-11-08 16:00,7157
2019-11-08 16:05,7245
2019-11-08 16:10,7267
2019-11-08 16:15,7354
2019-11-08 16:20,7411
2019-11-08 16:25,7510
2019-11-08 16:30,7592
2019-11-08 16:35,7598
2019-11-08 16:40,7605
2019-11-08 16:45,7697
2019-11-08 16:50,7759
2019-11-08 16:55,7823
2019-11-08 17:00,7848
2019-11-08 17:05,7852
2019-11-08 17:10,7902
2019-11-08 17:15,7923
2019-11-08 17:20,8026
2019-11-08 17:25,8088
2019-11-08 17:30,8191
2019-11-08 17:35,8288
2019-11-08 17:40,8357
2019-11-08 17:45,8409
2019-11-08 17:50,8476
2019-11-08 17:55,8595
2019-11-08 18:00,8719
2019-11-08 18:05,8729
2019-11-08 18:10,8757
2019-11-08 18:15,8844
2019-11-08 18:20,8941
2019-11-08 18:25,8926
2019-11-08 18:30,9015
2019-11-08 18:35,9090
2019-11-08 18:40,9107
2019-11-08 18:45,9118
2019-11-08 18:50,9260
2019-11-08 18:55,9321
2019-11-08 19:00,9432
2019-11-08 19:05,9506
2019-11-08 19:10,9599
2019-11-08 19:15,9685
2019-11-08 19:20,9750
2019-11-08 19:25,9893
2019-11-08 19:30,9932
2019-11-08 19:35,9954
2019-11-08 19:40,9935
2019-11-08 19:45,9940
2019-11-08 19:50,10046
2019-11-08 19:55,10125
2019-11-08 20:00,10192
2019-11-08 20:05,10211
2019-11-08 20:10,10344
2019-11-08 20:15,10391
2019-11-08 20:20,10416
2019-11-08 20:25,10484
2019-11-08 20:30,10502
2019-11-08 20:35,10564
2019-11-08 20:40,10651
2019-11-08 20:45,10678
2019-11-08 20:50,10730
2019-11-08 20:55,10726
2019-11-08 21:00,10682
2019-11-08 21:05,10750
2019-11-08 21:10,10823
2019-11-08 21:15,10832
2019-11-08 21:20,10830
2019-11-08 21:25,10884
2019-11-08 21:30,10964
2019-11-08 21:35,10948
2019-11-08 21:40,11056
2019-11-08 21:45,11082
2019-11-08 21:50,11076
2019-11-08 21:55,11019
2019-11-08 22:00,10983
2019-11-08 22:05,10952
2019-11-08 22:10,10909
2019-11-08 22:15,10955
2019-11-08 22:20,10889
2019-11-08 22:25,10859
2019-11-08 22:30,10797
2019-11-08 22:35,10693
2019-11-08 22:40,10596
2019-11-08 22:45,10515
2019-11-08 22:50,10502
2019-11-08 22:55,10495
2019-11-08 23:00,10442
2019-11-08 23:05,10385
2019-11-08 23:10,10393
2019-11-08 23:15,10369
2019-11-08 23:20,10292
2019-11-08 23:25,10213
2019-11-08 23:30,10142
2019-11-08 23:35,10103
2019-11-08 23:40,10069
2019-11-08 23:45,10009
2019-11-08 23:50,9953
2019-11-08 23:55,9854
2019-11-09 00:00,9824
2019-11-09 00:05,9770
2019-11-09 00:10,9701
2019-11-09 00:15,9648
2019-11-09 00:20,9618
2019-11-09 00:25,9578
2019-11-09 00:30,9502
2019-11-09 00:35,9517
2019-11-09 00:40,9611
2019-11-09 00:45,9608
2019-11-09 00:50,9521
2019-11-09 00:55,0
2019-11-09 01:00,9442
2019-11-09 01:05,9419
2019-11-09 01:10,9414
2019-11-09 01:15,9426
2019-11-09 01:20,9432
2019-11-09 01:25,9394
2019-11-09 01:30,9430
2019-11-09 01:35,9434
2019-11-09 01:40,9444
2019-11-09 01:45,9431
2019-11-09 01:50,9390
2019-11-09 01:55,9406
2019-11-09 02:00,9412
2019-11-09 02:05,9424
2019-11-09 02:10,9433
2019-11-09 02:15,9431
2019-11-09 02:20,9452
2019-11-09 02:25,9477
2019-11-09 02:30,9503
2019-11-09 02:35,9537
2019-11-09 02:40,9575
2019-11-09 02:45,9586
2019-11-09 02:50,9553
2019-11-09 02:55,9586
2019-11-09 03:00,9542
2019-11-09 03:05,9554
2019-11-09 03:10,9501
2019-11-09 03:15,9465
2019-11-09 03:20,9389
2019-11-09 03:25,9341
2019-11-09 03:30,9359
2019-11-09 03:35,9334
2019-11-09 03:40,9241
2019-11-09 03:45,9202
2019-11-09 03:50,9168
2019-11-09 03:55,9168
2019-11-09 04:00,9048
2019-11-09 04:05,9016
2019-11-09 04:10,8941
2019-11-09 04:15,8935
2019-11-09 04:20,8830
2019-11-09 04:25,8750
2019-11-09 04:30,8697
2019-11-09 04:35,8579
2019-11-09 04:40,8555
2019-11-09 04:45,8444
2019-11-09 04:50,8393
2019-11-09 04:55,8293
2019-11-09 05:00,8126
2019-11-09 05:05,8064
2019-11-09 05:10,8001
2019-11-09 05:15,7932
2019-11-09 05:20,7850
2019-11-09 05:25,7801
2019-11-09 05:30,7751
2019-11-09 05:35,7668
2019-11-09 05:40,7615
2019-11-09 05:45,7555
2019-11-09 05:50,7437
2019-11-09 05:55,7309
2019-11-09 06:00,7236
2019-11-09 06:05,7147
2019-11-09 06:10,7048
2019-11-09 06:15,6968
2019-11-09 06:20,6870
2019-11-09 06:25,6745
2019-11-09 06:30,6622
2019-11-09 06:35,6460
2019-11-09 06:40,6398
2019-11-09 06:45,6307
2019-11-09 06:50,6196
2019-11-09 06:55,6196
2019-11-09 07:00,5935
2019-11-09 07:05,5815
2019-11-09 07:10,5698
2019-11-09 07:15,5613
2019-11-09 07:20,5554
2019-11-09 07:25,5490
2019-11-09 07:30,5409
2019-11-09 07:35,5367
2019-11-09 07:40,5293
2019-11-09 07:45,5214
2019-11-09 07:50,5183
2019-11-09 07:55,5075
2019-11-09 08:00,4993
2019-11-09 08:05,4941
2019-11-09 08:10,4864
2019-11-09 08:15,4846
2019-11-09 08:20,4806
2019-11-09 08:25,4787
2019-11-09 08:30,4756
2019-11-09 08:35,4734
2019-11-09 08:40,4747
2019-11-09 08:45,4754
2019-11-09 08:50,4782
2019-11-09 08:55,4782
2019-11-09 09:00,4728
2019-11-09 09:05,4729
2019-11-09 09:10,4729
2019-11-09 09:15,4742
2019-11-09 09:20,4738
2019-11-09 09:25,4717
2019-11-09 09:30,4756
2019-11-09 09:35,4818
2019-11-09 09:40,4821
2019-11-09 09:45,4842
2019-11-09 09:50,4855
2019-11-09 09:55,4855
2019-11-09 10:00,4890
2019-11-09 10:05,4890
2019-11-09 10:10,4978
2019-11-09 10:15,5012
2019-11-09 10:20,5012
2019-11-09 10:25,5081
2019-11-09 10:30,5094
2019-11-09 10:35,5106
2019-11-09 10:40,5116
2019-11-09 10:45,5161
2019-11-09 10:50,5176
2019-11-09 10:55,5176
2019-11-09 11:00,5204
2019-11-09 11:05,5221
2019-11-09 11:10,5211
2019-11-09 11:15,5211
2019-11-09 11:20,5261
2019-11-09 11:25,5359
2019-11-09 11:30,5475
2019-11-09 11:35,5531
2019-11-09 11:40,5586
2019-11-09 11:45,5642
2019-11-09 11:50,5642
2019-11-09 11:55,5628
2019-11-09 12:00,5707
2019-11-09 12:05,5707
2019-11-09 12:10,5773
2019-11-09 12:15,5886
2019-11-09 12:20,5938
2019-11-09 12:25,5938
2019-11-09 12:30,6090
2019-11-09 12:35,6153
2019-11-09 12:40,6153
2019-11-09 12:45,6283
2019-11-09 12:50,6283
2019-11-09 12:55,6359
2019-11-09 13:00,6443
2019-11-09 13:05,6531
2019-11-09 13:10,6671
2019-11-09 13:15,6671
2019-11-09 13:20,6748
2019-11-09 13:25,6814
2019-11-09 13:30,6873
2019-11-09 13:35,6873
2019-11-09 13:40,7001
2019-11-09 13:45,7001
2019-11-09 13:50,7109
2019-11-09 13:55,7220
2019-11-09 14:00,7337
2019-11-09 14:05,7337
2019-11-09 14:10,7438
2019-11-09 14:15,7438
2019-11-09 14:20,7484
2019-11-09 14:25,7627
2019-11-09 14:30,7739
2019-11-09 14:35,7894
2019-11-09 14:40,8162
2019-11-09 14:45,8162
2019-11-09 14:50,8247
2019-11-09 14:55,8313
2019-11-09 15:00,8470
2019-11-09 15:05,8470
2019-11-09 15:10,8572
2019-11-09 15:15,8637
2019-11-09 15:20,8665
2019-11-09 15:25,8759
2019-11-09 15:30,8869
2019-11-09 15:35,8966
2019-11-09 15:40,9071
2019-11-09 15:45,9135
2019-11-09 15:50,9110
2019-11-09 15:55,9191
2019-11-09 16:00,9271
2019-11-09 16:05,9192
2019-11-09 16:10,9192
2019-11-09 16:15,9325
2019-11-09 16:20,9398
2019-11-09 16:25,9499
2019-11-09 16:30,9586
2019-11-09 16:35,9620
2019-11-09 16:40,9655
2019-11-09 16:45,9782
2019-11-09 16:50,9782
2019-11-09 16:55,9883
2019-11-09 17:00,10033
2019-11-09 17:05,10033
2019-11-09 17:10,10151
2019-11-09 17:15,10146
2019-11-09 17:20,10197
2019-11-09 17:25,10302
2019-11-09 17:30,10428
2019-11-09 17:35,10469
2019-11-09 17:40,10500
2019-11-09 17:45,10631
2019-11-09 17:50,10704
2019-11-09 17:55,10775
2019-11-09 18:00,10890
2019-11-09 18:05,10932
2019-11-09 18:10,10908
2019-11-09 18:15,10945
2019-11-09 18:20,10997
2019-11-09 18:25,11095
2019-11-09 18:30,11182
2019-11-09 18:35,11203
2019-11-09 18:40,11256
2019-11-09 18:45,11287
2019-11-09 18:50,11337
2019-11-09 18:55,11335
2019-11-09 19:00,11408
2019-11-09 19:05,11497
2019-11-09 19:10,11606
2019-11-09 19:15,11633
2019-11-09 19:20,11702
2019-11-09 19:25,11728
2019-11-09 19:30,11747
2019-11-09 19:35,11787
2019-11-09 19:40,11825
2019-11-09 19:45,11854
2019-11-09 19:50,11938
2019-11-09 19:55,12002
2019-11-09 20:00,11996
2019-11-09 20:05,11996
2019-11-09 20:10,12047
2019-11-09 20:15,12080
2019-11-09 20:20,12144
2019-11-09 20:25,12166
2019-11-09 20:30,12114
2019-11-09 20:35,12160
2019-11-09 20:40,12215
2019-11-09 20:45,12222
2019-11-09 20:50,12268
2019-11-09 20:55,12226
2019-11-09 21:00,12269
2019-11-09 21:05,12380
2019-11-09 21:10,12365
2019-11-09 21:15,12403
2019-11-09 21:20,12326
2019-11-09 21:25,12275
2019-11-09 21:30,12298
2019-11-09 21:35,12304
2019-11-09 21:40,12282
2019-11-09 21:45,12243
2019-11-09 21:50,12229
2019-11-09 21:55,12246
2019-11-09 22:00,12264
2019-11-09 22:05,12218
2019-11-09 22:10,12199
2019-11-09 22:15,12132
2019-11-09 22:20,12071
2019-11-09 22:25,12101
2019-11-09 22:30,12046
2019-11-09 22:35,12062
2019-11-09 22:40,11968
2019-11-09 22:45,11919
2019-11-09 22:50,11890
2019-11-09 22:55,11776
2019-11-09 23:00,11567
2019-11-09 23:05,11567
2019-11-09 23:10,11418
2019-11-09 23:15,11418
2019-11-09 23:20,11405
2019-11-09 23:25,11300
2019-11-09 23:30,11271
2019-11-09 23:35,11205
2019-11-09 23:40,11117
2019-11-09 23:45,11008
2019-11-09 23:50,10938
2019-11-09 23:55,10888
2019-11-10 00:00,10807
2019-11-10 00:05,10729
2019-11-10 00:10,10656
2019-11-10 00:15,10540
2019-11-10 00:20,10517
2019-11-10 00:25,10461
2019-11-10 00:30,10433
2019-11-10 00:35,10383
2019-11-10 00:40,10380
2019-11-10 00:45,10368
2019-11-10 00:50,10308
2019-11-10 00:55,10312
2019-11-10 01:00,0
2019-11-10 01:05,10328
2019-11-10 01:10,10259
2019-11-10 01:15,10250
2019-11-10 01:20,10219
2019-11-10 01:25,10181
2019-11-10 01:30,10160
2019-11-10 01:35,10095
2019-11-10 01:40,10100
2019-11-10 01:45,10033
2019-11-10 01:50,10041
2019-11-10 01:55,9994
2019-11-10 02:00,10003
2019-11-10 02:05,9986
2019-11-10 02:10,9921
2019-11-10 02:15,9864
2019-11-10 02:20,9876
2019-11-10 02:25,9884
2019-11-10 02:30,9919
2019-11-10 02:35,9841
2019-11-10 02:40,9847
2019-11-10 02:45,9763
2019-11-10 02:50,9745
2019-11-10 02:55,9718
2019-11-10 03:00,9644
2019-11-10 03:05,9598
2019-11-10 03:10,9611
2019-11-10 03:15,9586
2019-11-10 03:20,9575
2019-11-10 03:25,9553
2019-11-10 03:30,9616
2019-11-10 03:35,9597
2019-11-10 03:40,9547
2019-11-10 03:45,9493
2019-11-10 03:50,9464
2019-11-10 03:55,9452
2019-11-10 04:00,9384
2019-11-10 04:05,9311
2019-11-10 04:10,9249
2019-11-10 04:15,9182
2019-11-10 04:20,9145
2019-11-10 04:25,9113
2019-11-10 04:30,9047
2019-11-10 04:35,8959
2019-11-10 04:40,
2019-11-10 04:45,8862
2019-11-10 04:50,8763
2019-11-10 04:55,8694
2019-11-10 05:00,8636
2019-11-10 05:05,8566
2019-11-10 05:10,8395
2019-11-10 05:15,8343
2019-11-10 05:20,8267
2019-11-10 05:25,8149
2019-11-10 05:30,8102
2019-11-10 05:35,8028
2019-11-10 05:40,7953
2019-11-10 05:45,7830
2019-11-10 05:50,7737
2019-11-10 05:55,7634
2019-11-10 06:00,
2019-11-10 06:05,
2019-11-10 06:10,
2019-11-10 06:15,
2019-11-10 06:20,
2019-11-10 06:25,
2019-11-10 06:30,
2019-11-10 06:35,
2019-11-10 06:40,
2019-11-10 06:45,
2019-11-10 06:50,
2019-11-10 06:55,6660
2019-11-10 07:00,6567
2019-11-10 07:05,6509
2019-11-10 07:10,
2019-11-10 07:15,
2019-11-10 07:20,6257
2019-11-10 07:25,6178
2019-11-10 07:30,6074
2019-11-10 07:35,6011
2019-11-10 07:40,5923
2019-11-10 07:45,5836
2019-11-10 07:50,5764
2019-11-10 07:55,5673
2019-11-10 08:00,5609
2019-11-10 08:05,5553
2019-11-10 08:10,5432
2019-11-10 08:15,5399
2019-11-10 08:20,5312
2019-11-10 08:25,5275
2019-11-10 08:30,5187
2019-11-10 08:35,5134
2019-11-10 08:40,5061
2019-11-10 08:45,5037
2019-11-10 08:50,4978
2019-11-10 08:55,4984
2019-11-10 09:00,4998
2019-11-10 09:05,4956
2019-11-10 09:10,4953
2019-11-10 09:15,4936
2019-11-10 09:20,4951
2019-11-10 09:25,4935
2019-11-10 09:30,4973
2019-11-10 09:35,4980
2019-11-10 09:40,5005
2019-11-10 09:45,5048
2019-11-10 09:50,5018
2019-11-10 09:55,5013
2019-11-10 10:00,5050
2019-11-10 10:05,5044
2019-11-10 10:10,5095
2019-11-10 10:15,5127
2019-11-10 10:20,5121
2019-11-10 10:25,5174
2019-11-10 10:30,5219
2019-11-10 10:35,5259
2019-11-10 10:40,5270
2019-11-10 10:45,5366
2019-11-10 10:50,5451
2019-11-10 10:55,5504
2019-11-10 11:00,5589
2019-11-10 11:05,5621
2019-11-10 11:10,5681
2019-11-10 11:15,5751
2019-11-10 11:20,5762
2019-11-10 11:25,5801
2019-11-10 11:30,5880
2019-11-10 11:35,5927
2019-11-10 11:40,5987
2019-11-10 11:45,6007
2019-11-10 11:50,6066
2019-11-10 11:55,6075
2019-11-10 12:00,6136
2019-11-10 12:05,6148
2019-11-10 12:10,6158
2019-11-10 12:15,6259
2019-11-10 12:20,6230
2019-11-10 12:25,6334
2019-11-10 12:30,6382
2019-11-10 12:35,6387
2019-11-10 12:40,6482
2019-11-10 12:45,6523
2019-11-10 12:50,6557
2019-11-10 12:55,6647
2019-11-10 13:00,6700
2019-11-10 13:05,6757
2019-11-10 13:10,6806
2019-11-10 13:15,6930
2019-11-10 13:20,7060
2019-11-10 13:25,7111
2019-11-10 13:30,7155
2019-11-10 13:35,7197
2019-11-10 13:40,7291
2019-11-10 13:45,7368
2019-11-10 13:50,7450
2019-11-10 13:55,7479
2019-11-10 14:00,7545
2019-11-10 14:05,7648
2019-11-10 14:10,7682
2019-11-10 14:15,7763
2019-11-10 14:20,7838
2019-11-10 14:25,7914
2019-11-10 14:30,8014
2019-11-10 14:35,8143
2019-11-10 14:40,8272
2019-11-10 14:45,8354
2019-11-10 14:50,8391
2019-11-10 14:55,8509
2019-11-10 15:00,8639
2019-11-10 15:05,8702
2019-11-10 15:10,8752
2019-11-10 15:15,8848
2019-11-10 15:20,8941
2019-11-10 15:25,9041
2019-11-10 15:30,9128
2019-11-10 15:35,9239
2019-11-10 15:40,9388
2019-11-10 15:45,9502
2019-11-10 15:50,9561
2019-11-10 15:55,9660
2019-11-10 16:00,9716
2019-11-10 16:05,9797
2019-11-10 16:10,9864
2019-11-10 16:15,9960
2019-11-10 16:20,9967
2019-11-10 16:25,10100
2019-11-10 16:30,10250
2019-11-10 16:35,10338
2019-11-10 16:40,10418
2019-11-10 16:45,10495
2019-11-10 16:50,10580
2019-11-10 16:55,10608
2019-11-10 17:00,10676
2019-11-10 17:05,10777
2019-11-10 17:10,10848
2019-11-10 17:15,10956
2019-11-10 17:20,11004
2019-11-10 17:25,11066
2019-11-10 17:30,11194
2019-11-10 17:35,11210
2019-11-10 17:40,11281
2019-11-10 17:45,11325
2019-11-10 17:50,11414
2019-11-10 17:55,11439
2019-11-10 18:00,11492
2019-11-10 18:05,11509
2019-11-10 18:10,11586
2019-11-10 18:15,11681
2019-11-10 18:20,11746
2019-11-10 18:25,11841
2019-11-10 18:30,11991
2019-11-10 18:35,12088
2019-11-10 18:40,12209
2019-11-10 18:45,12252
2019-11-10 18:50,12414
2019-11-10 18:55,12466
2019-11-10 19:00,12537
2019-11-10 19:05,12586
2019-11-10 19:10,12649
2019-11-10 19:15,12686
2019-11-10 19:20,12766
2019-11-10 19:25,12819
2019-11-10 19:30,12802
2019-11-10 19:35,12815
2019-11-10 19:40,12868
2019-11-10 19:45,12875
2019-11-10 19:50,13019
2019-11-10 19:55,13128
2019-11-10 20:00,13189
2019-11-10 20:05,13191
2019-11-10 20:10,13201
2019-11-10 20:15,13165
2019-11-10 20:20,13155
2019-11-10 20:25,13293
2019-11-10 20:30,13270
2019-11-10 20:35,13227
2019-11-10 20:40,13219
2019-11-10 20:45,13188
2019-11-10 20:50,13182
2019-11-10 20:55,13171
2019-11-10 21:00,13097
2019-11-10 21:05,13011
2019-11-10 21:10,12929
2019-11-10 21:15,12851
2019-11-10 21:20,12795
2019-11-10 21:25,12768
2019-11-10 21:30,12737
2019-11-10 21:35,12633
2019-11-10 21:40,12593
2019-11-10 21:45,12502
2019-11-10 21:50,12503
2019-11-10 21:55,12453
2019-11-10 22:00,12393
2019-11-10 22:05,12389
2019-11-10 22:10,12327
2019-11-10 22:15,12213
2019-11-10 22:20,12157
2019-11-10 22:25,12010
2019-11-10 22:30,11907
2019-11-10 22:35,11790
2019-11-10 22:40,11662
2019-11-10 22:45,11576
2019-11-10 22:50,11486
2019-11-10 22:55,11394
2019-11-10 23:00,11303
2019-11-10 23:05,11197
2019-11-10 23:10,11075
2019-11-10 23:15,11023
2019-11-10 23:20,10991
2019-11-10 23:25,10934
2019-11-10 23:30,10865
2019-11-10 23:35,10828
2019-11-10 23:40,10769
2019-11-10 23:45,10672
2019-11-10 23:50,10616
2019-11-10 23:55,10549
2019-11-11 00:00,10468
2019-11-11 00:05,10395
2019-11-11 00:10,10358
2019-11-11 00:15,10348
2019-11-11 00:20,10336
2019-11-11 00:25,10283
2019-11-11 00:30,10267
2019-11-11 00:35,10235
2019-11-11 00:40,10247
2019-11-11 00:45,10297
2019-11-11 00:50,10244
2019-11-11 00:55,10241
2019-11-11 01:00,0
2019-11-11 01:05,10245
2019-11-11 01:10,10227
2019-11-11 01:15,10189
2019-11-11 01:20,10182
2019-11-11 01:25,10229
2019-11-11 01:30,10192
2019-11-11 01:35,10219
2019-11-11 01:40,10221
2019-11-11 01:45,10159
2019-11-11 01:50,10163
2019-11-11 01:55,10151
2019-11-11 02:00,10103
2019-11-11 02:05,10093
2019-11-11 02:10,10077
2019-11-11 02:15,10037
2019-11-11 02:20,10046
2019-11-11 02:25,10041
2019-11-11 02:30,10020
2019-11-11 02:35,9997
2019-11-11 02:40,9879
2019-11-11 02:45,9796
2019-11-11 02:50,9786
2019-11-11 02:55,9732
2019-11-11 03:00,9622
2019-11-11 03:05,9520
2019-11-11 03:10,9437
2019-11-11 03:15,9341
2019-11-11 03:20,9283
2019-11-11 03:25,9157
2019-11-11 03:30,9133
2019-11-11 03:35,9083
2019-11-11 03:40,9018
2019-11-11 03:45,8978
2019-11-11 03:50,8919
2019-11-11 03:55,8771
2019-11-11 04:00,8690
2019-11-11 04:05,8593
2019-11-11 04:10,8489
2019-11-11 04:15,8367
2019-11-11 04:20,8153
2019-11-11 04:25,8115
2019-11-11 04:30,7976
2019-11-11 04:35,7869
2019-11-11 04:40,7762
2019-11-11 04:45,7652
2019-11-11 04:50,7521
2019-11-11 04:55,7418
2019-11-11 05:00,7318
2019-11-11 05:05,7205
2019-11-11 05:10,7112
2019-11-11 05:15,7020
2019-11-11 05:20,6929
2019-11-11 05:25,6809
2019-11-11 05:30,6767
2019-11-11 05:35,6729
2019-11-11 05:40,6636
2019-11-11 05:45,6596
2019-11-11 05:50,6477
2019-11-11 05:55,6328
2019-11-11 06:00,6213
2019-11-11 06:05,6070
2019-11-11 06:10,5971
2019-11-11 06:15,5846
2019-11-11 06:20,5772
2019-11-11 06:25,5703
2019-11-11 06:30,5566
2019-11-11 06:35,5435
2019-11-11 06:40,5349
2019-11-11 06:45,5282
2019-11-11 06:50,5170
2019-11-11 06:55,5066
2019-11-11 07:00,4988
2019-11-11 07:05,4863
2019-11-11 07:10,4778
2019-11-11 07:15,4688
2019-11-11 07:20,4606
2019-11-11 07:25,4523
2019-11-11 07:30,4475
2019-11-11 07:35,4406
2019-11-11 07:40,4326
2019-11-11 07:45,4263
2019-11-11 07:50,4169
2019-11-11 07:55,4140
2019-11-11 08:00,4097
2019-11-11 08:05,4009
2019-11-11 08:10,3958
2019-11-11 08:15,3886
2019-11-11 08:20,3841
2019-11-11 08:25,3828
2019-11-11 08:30,3768
2019-11-11 08:35,3737
2019-11-11 08:40,3717
2019-11-11 08:45,3686
2019-11-11 08:50,3665
2019-11-11 08:55,3675
2019-11-11 09:00,3655
2019-11-11 09:05,3630
2019-11-11 09:10,3598
2019-11-11 09:15,3568
2019-11-11 09:20,3585
2019-11-11 09:25,3573
2019-11-11 09:30,3550
2019-11-11 09:35,3553
2019-11-11 09:40,3532
2019-11-11 09:45,3536
2019-11-11 09:50,3538
2019-11-11 09:55,3557
2019-11-11 10:00,3607
2019-11-11 10:05,3610
2019-11-11 10:10,3610
2019-11-11 10:15,3649
2019-11-11 10:20,3668
2019-11-11 10:25,3703
2019-11-11 10:30,3749
2019-11-11 10:35,3769
2019-11-11 10:40,3786
2019-11-11 10:45,3812
2019-11-11 10:50,3866
2019-11-11 10:55,3882
2019-11-11 11:00,3889
2019-11-11 11:05,3879
2019-11-11 11:10,3926
2019-11-11 11:15,3975
2019-11-11 11:20,3977
2019-11-11 11:25,4012
2019-11-11 11:30,4055
2019-11-11 11:35,4048
2019-11-11 11:40,4107
2019-11-11 11:45,4124
2019-11-11 11:50,4153
2019-11-11 11:55,4195
2019-11-11 12:00,4194
2019-11-11 12:05,4238
2019-11-11 12:10,4279
2019-11-11 12:15,4351
2019-11-11 12:20,4387
2019-11-11 12:25,4409
2019-11-11 12:30,4475
2019-11-11 12:35,4568
2019-11-11 12:40,4617
2019-11-11 12:45,4666
2019-11-11 12:50,4688
2019-11-11 12:55,4780
2019-11-11 13:00,4854
2019-11-11 13:05,4893
2019-11-11 13:10,4996
2019-11-11 13:15,5078
2019-11-11 13:20,5124
2019-11-11 13:25,5216
2019-11-11 13:30,5230
2019-11-11 13:35,5318
2019-11-11 13:40,5439
2019-11-11 13:45,5513
2019-11-11 13:50,5571
2019-11-11 13:55,5700
2019-11-11 14:00,5787
2019-11-11 14:05,5833
2019-11-11 14:10,5946
2019-11-11 14:15,6024
2019-11-11 14:20,6065
2019-11-11 14:25,6136
2019-11-11 14:30,6179
2019-11-11 14:35,6233
2019-11-11 14:40,6331
2019-11-11 14:45,6397
2019-11-11 14:50,6433
2019-11-11 14:55,6531
2019-11-11 15:00,6592
2019-11-11 15:05,6645
2019-11-11 15:10,6725
2019-11-11 15:15,6744
2019-11-11 15:20,6819
2019-11-11 15:25,6895
2019-11-11 15:30,6982
2019-11-11 15:35,7054
2019-11-11 15:40,7152
2019-11-11 15:45,7278
2019-11-11 15:50,7370
2019-11-11 15:55,7452
2019-11-11 16:00,7572
2019-11-11 16:05,7625
2019-11-11 16:10,7745
2019-11-11 16:15,7810
2019-11-11 16:20,7836
2019-11-11 16:25,7921
2019-11-11 16:30,8024
2019-11-11 16:35,8192
2019-11-11 16:40,8305
2019-11-11 16:45,8372
2019-11-11 16:50,8465
2019-11-11 16:55,8493
2019-11-11 17:00,8557
2019-11-11 17:05,8645
2019-11-11 17:10,8764
2019-11-11 17:15,8837
2019-11-11 17:20,8947
2019-11-11 17:25,9018
2019-11-11 17:30,9044
2019-11-11 17:35,9154
2019-11-11 17:40,9214
2019-11-11 17:45,9304
2019-11-11 17:50,9412
2019-11-11 17:55,9500
2019-11-11 18:00,9585
2019-11-11 18:05,9704
2019-11-11 18:10,9786
2019-11-11 18:15,9883
2019-11-11 18:20,9986
2019-11-11 18:25,10067
2019-11-11 18:30,10111
2019-11-11 18:35,10278
2019-11-11 18:40,10351
2019-11-11 18:45,10359
2019-11-11 18:50,10412
2019-11-11 18:55,10482
2019-11-11 19:00,10541
2019-11-11 19:05,10604
2019-11-11 19:10,10703
2019-11-11 19:15,10739
2019-11-11 19:20,10770
2019-11-11 19:25,10847
2019-11-11 19:30,10961
2019-11-11 19:35,11045
2019-11-11 19:40,11017
2019-11-11 19:45,11053
2019-11-11 19:50,11145
2019-11-11 19:55,11209
2019-11-11 20:00,11261
2019-11-11 20:05,11315
2019-11-11 20:10,11398
2019-11-11 20:15,11400
2019-11-11 20:20,11341
2019-11-11 20:25,11368
2019-11-11 20:30,11357
2019-11-11 20:35,11300
2019-11-11 20:40,11365
2019-11-11 20:45,11365
2019-11-11 20:50,11310
2019-11-11 20:55,11345
2019-11-11 21:00,11354
2019-11-11 21:05,11318
2019-11-11 21:10,11304
2019-11-11 21:15,11267
2019-11-11 21:20,0
2019-11-11 21:25,11227
2019-11-11 21:30,11169
2019-11-11 21:35,11108
2019-11-11 21:40,11060
2019-11-11 21:45,11029
2019-11-11 21:50,10942
2019-11-11 21:55,10897
2019-11-11 22:00,10808
2019-11-11 22:05,10722
2019-11-11 22:10,10723
2019-11-11 22:15,10638
2019-11-11 22:20,10559
2019-11-11 22:25,10523
2019-11-11 22:30,10444
2019-11-11 22:35,10392
2019-11-11 22:40,10343
2019-11-11 22:45,10334
2019-11-11 22:50,10218
2019-11-11 22:55,10139
2019-11-11 23:00,10106
2019-11-11 23:05,10036
2019-11-11 23:10,9899
2019-11-11 23:15,9842
2019-11-11 23:20,9778
2019-11-11 23:25,9755
2019-11-11 23:30,9713
2019-11-11 23:35,9696
2019-11-11 23:40,9651
2019-11-11 23:45,9655
2019-11-11 23:50,9606
2019-11-11 23:55,9638
2019-11-12 00:00,9632
2019-11-12 00:05,9570
2019-11-12 00:10,9539
2019-11-12 00:15,9545
2019-11-12 00:20,9534
2019-11-12 00:25,9520
2019-11-12 00:30,9536
2019-11-12 00:35,9484
2019-11-12 00:40,9455
2019-11-12 00:45,9423
2019-11-12 00:50,9459
2019-11-12 00:55,9452
2019-11-12 01:00,9465
2019-11-12 01:05,9483
2019-11-12 01:10,9497
2019-11-12 01:15,9470
2019-11-12 01:20,9595
2019-11-12 01:25,9605
2019-11-12 01:30,9601
2019-11-12 01:35,9652
2019-11-12 01:40,9721
2019-11-12 01:45,9762
2019-11-12 01:50,9801
2019-11-12 01:55,9786
2019-11-12 02:00,9793
2019-11-12 02:05,9838
2019-11-12 02:10,9817
2019-11-12 02:15,9784
2019-11-12 02:20,9717
2019-11-12 02:25,9655
2019-11-12 02:30,9635
2019-11-12 02:35,9585
2019-11-12 02:40,9565
2019-11-12 02:45,9523
2019-11-12 02:50,9452
2019-11-12 02:55,9360
2019-11-12 03:00,9324
2019-11-12 03:05,9297
2019-11-12 03:10,9250
2019-11-12 03:15,9252
2019-11-12 03:20,9135
2019-11-12 03:25,9010
2019-11-12 03:30,8914
2019-11-12 03:35,8834
2019-11-12 03:40,8776
2019-11-12 03:45,8703
2019-11-12 03:50,8593
2019-11-12 03:55,8506
2019-11-12 04:00,8457
2019-11-12 04:05,8308
2019-11-12 04:10,8221
2019-11-12 04:15,8101
2019-11-12 04:20,7952
2019-11-12 04:25,7891
2019-11-12 04:30,7814
2019-11-12 04:35,7685
2019-11-12 04:40,7633
2019-11-12 04:45,7516
2019-11-12 04:50,7425
2019-11-12 04:55,7261
2019-11-12 05:00,7112
2019-11-12 05:05,6954
2019-11-12 05:10,6800
2019-11-12 05:15,6687
2019-11-12 05:20,6596
2019-11-12 05:25,6525
2019-11-12 05:30,6389
2019-11-12 05:35,6284
2019-11-12 05:40,6159
2019-11-12 05:45,6113
2019-11-12 05:50,5959
2019-11-12 05:55,5872
2019-11-12 06:00,5837
2019-11-12 06:05,5703
2019-11-12 06:10,5600
2019-11-12 06:15,5543
2019-11-12 06:20,5416
2019-11-12 06:25,5326
2019-11-12 06:30,5194
2019-11-12 06:35,5080
2019-11-12 06:40,5010
2019-11-12 06:45,4982
2019-11-12 06:50,4872
2019-11-12 06:55,4769
2019-11-12 07:00,4704
2019-11-12 07:05,4623
2019-11-12 07:10,4541
2019-11-12 07:15,4413
2019-11-12 07:20,4324
2019-11-12 07:25,4235
2019-11-12 07:30,4199
2019-11-12 07:35,4109
2019-11-12 07:40,4077
2019-11-12 07:45,4028
2019-11-12 07:50,4006
2019-11-12 07:55,3958
2019-11-12 08:00,3882
2019-11-12 08:05,3855
2019-11-12 08:10,3797
2019-11-12 08:15,3757
2019-11-12 08:20,3695
2019-11-12 08:25,3657
2019-11-12 08:30,3591
2019-11-12 08:35,3562
2019-11-12 08:40,3541
2019-11-12 08:45,3523
2019-11-12 08:50,3521
2019-11-12 08:55,3468
2019-11-12 09:00,3462
2019-11-12 09:05,3443
2019-11-12 09:10,3405
2019-11-12 09:15,3395
2019-11-12 09:20,3355
2019-11-12 09:25,3340
2019-11-12 09:30,3363
2019-11-12 09:35,3385
2019-11-12 09:40,3377
2019-11-12 09:45,3370
2019-11-12 09:50,3348
2019-11-12 09:55,3384
2019-11-12 10:00,3388
2019-11-12 10:05,3354
2019-11-12 10:10,3351
2019-11-12 10:15,3369
2019-11-12 10:20,3365
2019-11-12 10:25,3357
2019-11-12 10:30,3373
2019-11-12 10:35,3321
2019-11-12 10:40,3303
2019-11-12 10:45,3290
2019-11-12 10:50,3280
2019-11-12 10:55,3266
2019-11-12 11:00,3255
2019-11-12 11:05,3238
2019-11-12 11:10,3228
2019-11-12 11:15,3223
2019-11-12 11:20,3184
2019-11-12 11:25,3193
2019-11-12 11:30,3193
2019-11-12 11:35,2948
2019-11-12 11:40,2486
2019-11-12 11:45,2121
2019-11-12 11:50,1719
2019-11-12 11:55,1427
2019-11-12 12:00,1314
2019-11-12 12:05,1169
2019-11-12 12:10,1119
2019-11-12 12:15,1113
2019-11-12 12:20,1134
2019-11-12 12:25,1129
2019-11-12 12:30,1111
2019-11-12 12:35,1121
2019-11-12 12:40,1144
2019-11-12 12:45,1142
2019-11-12 12:50,1172
2019-11-12 12:55,1167
2019-11-12 13:00,1183
2019-11-12 13:05,1177
2019-11-12 13:10,1209
2019-11-12 13:15,1197
2019-11-12 13:20,1199
2019-11-12 13:25,1204
2019-11-12 13:30,1201
2019-11-12 13:35,1203
2019-11-12 13:40,1234
2019-11-12 13:45,1266
2019-11-12 13:50,1298
2019-11-12 13:55,1307
2019-11-12 14:00,1337
2019-11-12 14:05,1277
2019-11-12 14:10,1346
2019-11-12 14:15,1384
2019-11-12 14:20,1285
2019-11-12 14:25,1312
2019-11-12 14:30,1639
2019-11-12 14:35,2123
2019-11-12 14:40,2638
2019-11-12 14:45,3108
2019-11-12 14:50,3598
2019-11-12 14:55,4019
2019-11-12 15:00,4418
2019-11-12 15:05,4901
2019-11-12 15:10,5263
2019-11-12 15:15,5585
2019-11-12 15:20,5890
2019-11-12 15:25,6211
2019-11-12 15:30,6489
2019-11-12 15:35,
2019-11-12 15:40,7038
2019-11-12 15:45,7203
2019-11-12 15:50,7397
2019-11-12 15:55,7585
2019-11-12 16:00,7743
2019-11-12 16:05,7954
2019-11-12 16:10,8053
2019-11-12 16:15,8186
2019-11-12 16:20,8385
2019-11-12 16:25,8551
2019-11-12 16:30,8683
2019-11-12 16:35,8782
2019-11-12 16:40,8905
2019-11-12 16:45,9028
2019-11-12 16:50,9153
2019-11-12 16:55,9234
2019-11-12 17:00,9311
2019-11-12 17:05,9333
2019-11-12 17:10,9496
2019-11-12 17:15,9628
2019-11-12 17:20,9775
2019-11-12 17:25,9866
2019-11-12 17:30,9956
2019-11-12 17:35,10057
2019-11-12 17:40,10164
2019-11-12 17:45,10279
2019-11-12 17:50,10327
2019-11-12 17:55,10413
2019-11-12 18:00,10582
2019-11-12 18:05,10673
2019-11-12 18:10,10736
2019-11-12 18:15,10819
2019-11-12 18:20,10898
2019-11-12 18:25,10954
2019-11-12 18:30,11067
2019-11-12 18:35,11154
2019-11-12 18:40,11317
2019-11-12 18:45,11301
2019-11-12 18:50,11381
2019-11-12 18:55,11441
2019-11-12 19:00,11470
2019-11-12 19:05,11523
2019-11-12 19:10,11507
2019-11-12 19:15,9916
2019-11-12 19:20,6138
2019-11-12 19:25,7275
2019-11-12 19:30,7963
2019-11-12 19:35,11210
2019-11-12 19:40,11495
2019-11-12 19:45,11630
2019-11-12 19:50,11820
2019-11-12 19:55,11977
2019-11-12 20:00,12033
2019-11-12 20:05,12064
2019-11-12 20:10,12070
2019-11-12 20:15,12154
2019-11-12 20:20,12195
2019-11-12 20:25,12253
2019-11-12 20:30,12272
2019-11-12 20:35,12353
2019-11-12 20:40,12382
2019-11-12 20:45,12380
2019-11-12 20:50,12376
2019-11-12 20:55,12371
2019-11-12 21:00,12315
2019-11-12 21:05,12396
2019-11-12 21:10,12312
2019-11-12 21:15,12319
2019-11-12 21:20,12263
2019-11-12 21:25,12216
2019-11-12 21:30,12195
2019-11-12 21:35,12227
2019-11-12 21:40,12192
2019-11-12 21:45,12131
2019-11-12 21:50,12076
2019-11-12 21:55,12068
2019-11-12 22:00,11969
2019-11-12 22:05,11840
2019-11-12 22:10,11714
2019-11-12 22:15,11642
2019-11-12 22:20,11621
2019-11-12 22:25,11536
2019-11-12 22:30,11491
2019-11-12 22:35,11362
2019-11-12 22:40,11333
2019-11-12 22:45,11205
2019-11-12 22:50,11222
2019-11-12 22:55,11207
2019-11-12 23:00,11130
2019-11-12 23:05,11061
2019-11-12 23:10,0
2019-11-12 23:15,10291
2019-11-12 23:20,10622
2019-11-12 23:25,10628
2019-11-12 23:30,10659
2019-11-12 23:35,10588
2019-11-12 23:40,10589
2019-11-12 23:45,10493
2019-11-12 23:50,10504
2019-11-12 23:55,10453
2019-11-13 00:00,10434
2019-11-13 00:05,10456
2019-11-13 00:10,10382
2019-11-13 00:15,10372
2019-11-13 00:20,10332
2019-11-13 00:25,10305
2019-11-13 00:30,10306
2019-11-13 00:35,10361
2019-11-13 00:40,10408
2019-11-13 00:45,10443
2019-11-13 00:50,10489
2019-11-13 00:55,10517
2019-11-13 01:00,10556
2019-11-13 01:05,10559
2019-11-13 01:10,10588
2019-11-13 01:15,10624
2019-11-13 01:20,10670
2019-11-13 01:25,10717
2019-11-13 01:30,10760
2019-11-13 01:35,10764
2019-11-13 01:40,10814
2019-11-13 01:45,10848
2019-11-13 01:50,10835
2019-11-13 01:55,10834
2019-11-13 02:00,10808
2019-11-13 02:05,10820
2019-11-13 02:10,10885
2019-11-13 02:15,10860
2019-11-13 02:20,10833
2019-11-13 02:25,10767
2019-11-13 02:30,10746
2019-11-13 02:35,10712
2019-11-13 02:40,10661
2019-11-13 02:45,10680
2019-11-13 02:50,10632
2019-11-13 02:55,10604
2019-11-13 03:00,10563
2019-11-13 03:05,10495
2019-11-13 03:10,10437
2019-11-13 03:15,10363
2019-11-13 03:20,10291
2019-11-13 03:25,10235
2019-11-13 03:30,10074
2019-11-13 03:35,9959
2019-11-13 03:40,9870
2019-11-13 03:45,9717
2019-11-13 03:50,9597
2019-11-13 03:55,9530
2019-11-13 04:00,9484
2019-11-13 04:05,9329
2019-11-13 04:10,9162
2019-11-13 04:15,9059
2019-11-13 04:20,8916
2019-11-13 04:25,8834
2019-11-13 04:30,8726
2019-11-13 04:35,8656
2019-11-13 04:40,8563
2019-11-13 04:45,8483
2019-11-13 04:50,8371
2019-11-13 04:55,8269
2019-11-13 05:00,8110
2019-11-13 05:05,7902
2019-11-13 05:10,7906
2019-11-13 05:15,7733
2019-11-13 05:20,7284
2019-11-13 05:25,7371
2019-11-13 05:30,7248
2019-11-13 05:35,7106
2019-11-13 05:40,6918
2019-11-13 05:45,6880
2019-11-13 05:50,6756
2019-11-13 05:55,6620
2019-11-13 06:00,6505
2019-11-13 06:05,6336
2019-11-13 06:10,6251
2019-11-13 06:15,6108
2019-11-13 06:20,6011
2019-11-13 06:25,5901
2019-11-13 06:30,5807
2019-11-13 06:35,5719
2019-11-13 06:40,5631
2019-11-13 06:45,5545
2019-11-13 06:50,5442
2019-11-13 06:55,5399
2019-11-13 07:00,5320
2019-11-13 07:05,5224
2019-11-13 07:10,5127
2019-11-13 07:15,5028
2019-11-13 07:20,4955
2019-11-13 07:25,4917
2019-11-13 07:30,4846
2019-11-13 07:35,4761
2019-11-13 07:40,4689
2019-11-13 07:45,4642
2019-11-13 07:50,4599
2019-11-13 07:55,4520
2019-11-13 08:00,4457
2019-11-13 08:05,4394
2019-11-13 08:10,4292
2019-11-13 08:15,4233
2019-11-13 08:20,4175
2019-11-13 08:25,4136
2019-11-13 08:30,4107
2019-11-13 08:35,4077
2019-11-13 08:40,4050
2019-11-13 08:45,3989
2019-11-13 08:50,3956
2019-11-13 08:55,3898
2019-11-13 09:00,3857
2019-11-13 09:05,3834
2019-11-13 09:10,3822
2019-11-13 09:15,3794
2019-11-13 09:20,3761
2019-11-13 09:25,3809
2019-11-13 09:30,3841
2019-11-13 09:35,3838
2019-11-13 09:40,3863
2019-11-13 09:45,3881
2019-11-13 09:50,3894
2019-11-13 09:55,3893
2019-11-13 10:00,3883
2019-11-13 10:05,3921
2019-11-13 10:10,3984
2019-11-13 10:15,4024
2019-11-13 10:20,4050
2019-11-13 10:25,4048
2019-11-13 10:30,4066
2019-11-13 10:35,4083
2019-11-13 10:40,4119
2019-11-13 10:45,4111
2019-11-13 10:50,4149
2019-11-13 10:55,4212
2019-11-13 11:00,4217
2019-11-13 11:05,4261
2019-11-13 11:10,4291
2019-11-13 11:15,4365
2019-11-13 11:20,4411
2019-11-13 11:25,4482
2019-11-13 11:30,4480
2019-11-13 11:35,4544
2019-11-13 11:40,4568
2019-11-13 11:45,4583
2019-11-13 11:50,4595
2019-11-13 11:55,4638
2019-11-13 12:00,4641
2019-11-13 12:05,4661
2019-11-13 12:10,4682
2019-11-13 12:15,4740
2019-11-13 12:20,4779
2019-11-13 12:25,4786
2019-11-13 12:30,4856
2019-11-13 12:35,4910
2019-11-13 12:40,4984
2019-11-13 12:45,5042
2019-11-13 12:50,5085
2019-11-13 12:55,5145
2019-11-13 13:00,5207
2019-11-13 13:05,5231
2019-11-13 13:10,5271
2019-11-13 13:15,5320
2019-11-13 13:20,5385
2019-11-13 13:25,5442
2019-11-13 13:30,5531
2019-11-13 13:35,5619
2019-11-13 13:40,5691
2019-11-13 13:45,5747
2019-11-13 13:50,5845
2019-11-13 13:55,5889
2019-11-13 14:00,5985
2019-11-13 14:05,6112
2019-11-13 14:10,6218
2019-11-13 14:15,6276
2019-11-13 14:20,6351
2019-11-13 14:25,6443
2019-11-13 14:30,6490
2019-11-13 14:35,6623
2019-11-13 14:40,6687
2019-11-13 14:45,6793
2019-11-13 14:50,6880
2019-11-13 14:55,6937
2019-11-13 15:00,7004
2019-11-13 15:05,7023
2019-11-13 15:10,7121
2019-11-13 15:15,7195
2019-11-13 15:20,7312
2019-11-13 15:25,7396
2019-11-13 15:30,7475
2019-11-13 15:35,7570
2019-11-13 15:40,7631
2019-11-13 15:45,7728
2019-11-13 15:50,7841
2019-11-13 15:55,7858
2019-11-13 16:00,7895
2019-11-13 16:05,7983
2019-11-13 16:10,8069
2019-11-13 16:15,8144
2019-11-13 16:20,8243
2019-11-13 16:25,8323
2019-11-13 16:30,8397
2019-11-13 16:35,8499
2019-11-13 16:40,8582
2019-11-13 16:45,8680
2019-11-13 16:50,8779
2019-11-13 16:55,8868
2019-11-13 17:00,8998
2019-11-13 17:05,9113
2019-11-13 17:10,9175
2019-11-13 17:15,9294
2019-11-13 17:20,9358
2019-11-13 17:25,9421
2019-11-13 17:30,9442
2019-11-13 17:35,9585
2019-11-13 17:40,9661
2019-11-13 17:45,9791
2019-11-13 17:50,9863
2019-11-13 17:55,9973
2019-11-13 18:00,9949
2019-11-13 18:05,10085
2019-11-13 18:10,10231
2019-11-13 18:15,10308
2019-11-13 18:20,10352
2019-11-13 18:25,10461
2019-11-13 18:30,10547
2019-11-13 18:35,10586
2019-11-13 18:40,10615
2019-11-13 18:45,10707
2019-11-13 18:50,10814
2019-11-13 18:55,10858
2019-11-13 19:00,10917
2019-11-13 19:05,11007
2019-11-13 19:10,11062
2019-11-13 19:15,11112
2019-11-13 19:20,11153
2019-11-13 19:25,11175
2019-11-13 19:30,11194
2019-11-13 19:35,11191
2019-11-13 19:40,11241
2019-11-13 19:45,11302
2019-11-13 19:50,11362
2019-11-13 19:55,11372
2019-11-13 20:00,11391
2019-11-13 20:05,11436
2019-11-13 20:10,11538
2019-11-13 20:15,11593
2019-11-13 20:20,11587
2019-11-13 20:25,11695
2019-11-13 20:30,11691
2019-11-13 20:35,11681
2019-11-13 20:40,11713
2019-11-13 20:45,11674
2019-11-13 20:50,11695
2019-11-13 20:55,11676
2019-11-13 21:00,11638
2019-11-13 21:05,11606
2019-11-13 21:10,11635
2019-11-13 21:15,11618
2019-11-13 21:20,11542
2019-11-13 21:25,11539
2019-11-13 21:30,11468
2019-11-13 21:35,11420
2019-11-13 21:40,11366
2019-11-13 21:45,11308
2019-11-13 21:50,11262
2019-11-13 21:55,11326
2019-11-13 22:00,11295
2019-11-13 22:05,11193
2019-11-13 22:10,11113
2019-11-13 22:15,11050
2019-11-13 22:20,11000
2019-11-13 22:25,11004
2019-11-13 22:30,10965
2019-11-13 22:35,10848
2019-11-13 22:40,10833
2019-11-13 22:45,10817
2019-11-13 22:50,10751
2019-11-13 22:55,10643
2019-11-13 23:00,10570
2019-11-13 23:05,10484
2019-11-13 23:10,10361
2019-11-13 23:15,10361
2019-11-13 23:20,10330
2019-11-13 23:25,10258
2019-11-13 23:30,10299
2019-11-13 23:35,10219
2019-11-13 23:40,10202
2019-11-13 23:45,10208
2019-11-13 23:50,10162
2019-11-13 23:55,10179
2019-11-14 00:00,10123
2019-11-14 00:05,10057
2019-11-14 00:10,10086
2019-11-14 00:15,10070
2019-11-14 00:20,10073
2019-11-14 00:25,10133
2019-11-14 00:30,10136
2019-11-14 00:35,10191
2019-11-14 00:40,10217
2019-11-14 00:45,10250
2019-11-14 00:50,10295
2019-11-14 00:55,10339
2019-11-14 01:00,10297
2019-11-14 01:05,10319
2019-11-14 01:10,10276
2019-11-14 01:15,10271
2019-11-14 01:20,10304
2019-11-14 01:25,10328
2019-11-14 01:30,10421
2019-11-14 01:35,10525
2019-11-14 01:40,10584
2019-11-14 01:45,10631
2019-11-14 01:50,10621
2019-11-14 01:55,10633
2019-11-14 02:00,10632
2019-11-14 02:05,10657
2019-11-14 02:10,10678
2019-11-14 02:15,10658
2019-11-14 02:20,10674
2019-11-14 02:25,10670
2019-11-14 02:30,10614
2019-11-14 02:35,10566
2019-11-14 02:40,10570
2019-11-14 02:45,10508
2019-11-14 02:50,10434
2019-11-14 02:55,10354
2019-11-14 03:00,10314
2019-11-14 03:05,10259
2019-11-14 03:10,10218
2019-11-14 03:15,10176
2019-11-14 03:20,10131
2019-11-14 03:25,10095
2019-11-14 03:30,10036
2019-11-14 03:35,9947
2019-11-14 03:40,9855
2019-11-14 03:45,9782
2019-11-14 03:50,9691
2019-11-14 03:55,9587
2019-11-14 04:00,9454
2019-11-14 04:05,9285
2019-11-14 04:10,9192
2019-11-14 04:15,9137
2019-11-14 04:20,8980
2019-11-14 04:25,8849
2019-11-14 04:30,8702
2019-11-14 04:35,8636
2019-11-14 04:40,8567
2019-11-14 04:45,8469
2019-11-14 04:50,8385
2019-11-14 04:55,8322
2019-11-14 05:00,8155
2019-11-14 05:05,8011
2019-11-14 05:10,7912
2019-11-14 05:15,7775
2019-11-14 05:20,7652
2019-11-14 05:25,7572
2019-11-14 05:30,7444
2019-11-14 05:35,7268
2019-11-14 05:40,7139
2019-11-14 05:45,7025
2019-11-14 05:50,6903
2019-11-14 05:55,6814
2019-11-14 06:00,6739
2019-11-14 06:05,6628
2019-11-14 06:10,6507
2019-11-14 06:15,6357
2019-11-14 06:20,6234
2019-11-14 06:25,6096
2019-11-14 06:30,5956
2019-11-14 06:35,5877
2019-11-14 06:40,5797
2019-11-14 06:45,5674
2019-11-14 06:50,5574
2019-11-14 06:55,5498
2019-11-14 07:00,5390
2019-11-14 07:05,5265
2019-11-14 07:10,5193
2019-11-14 07:15,5110
2019-11-14 07:20,5033
2019-11-14 07:25,4926
2019-11-14 07:30,4862
2019-11-14 07:35,4777
2019-11-14 07:40,4724
2019-11-14 07:45,4672
2019-11-14 07:50,4629
2019-11-14 07:55,4597
2019-11-14 08:00,4546
2019-11-14 08:05,4476
2019-11-14 08:10,4381
2019-11-14 08:15,4335
2019-11-14 08:20,4291
2019-11-14 08:25,4219
2019-11-14 08:30,4152
2019-11-14 08:35,4112
2019-11-14 08:40,4066
2019-11-14 08:45,4035
2019-11-14 08:50,4035
2019-11-14 08:55,3983
2019-11-14 09:00,4041
2019-11-14 09:05,4068
2019-11-14 09:10,4024
2019-11-14 09:15,4008
2019-11-14 09:20,4011
2019-11-14 09:25,3989
2019-11-14 09:30,3985
2019-11-14 09:35,4002
2019-11-14 09:40,3951
2019-11-14 09:45,3978
2019-11-14 09:50,3982
2019-11-14 09:55,3957
2019-11-14 10:00,3957
2019-11-14 10:05,3950
2019-11-14 10:10,3979
2019-11-14 10:15,4002
2019-11-14 10:20,3884
2019-11-14 10:25,3890
2019-11-14 10:30,3879
2019-11-14 10:35,3922
2019-11-14 10:40,3971
2019-11-14 10:45,3986
2019-11-14 10:50,3982
2019-11-14 10:55,4013
2019-11-14 11:00,4072
2019-11-14 11:05,4070
2019-11-14 11:10,4130
2019-11-14 11:15,4138
2019-11-14 11:20,4182
2019-11-14 11:25,4232
2019-11-14 11:30,4308
2019-11-14 11:35,4336
2019-11-14 11:40,4371
2019-11-14 11:45,4446
2019-11-14 11:50,4477
2019-11-14 11:55,4550
2019-11-14 12:00,4589
2019-11-14 12:05,4621
2019-11-14 12:10,4638
2019-11-14 12:15,4659
2019-11-14 12:20,4712
2019-11-14 12:25,4735
2019-11-14 12:30,4776
2019-11-14 12:35,4784
2019-11-14 12:40,4860
2019-11-14 12:45,4947
2019-11-14 12:50,4997
2019-11-14 12:55,5085
2019-11-14 13:00,5120
2019-11-14 13:05,5196
2019-11-14 13:10,5256
2019-11-14 13:15,5305
2019-11-14 13:20,5394
2019-11-14 13:25,5494
2019-11-14 13:30,5524
2019-11-14 13:35,5593
2019-11-14 13:40,5720
2019-11-14 13:45,5784
2019-11-14 13:50,5849
2019-11-14 13:55,5949
2019-11-14 14:00,6052
2019-11-14 14:05,6102
2019-11-14 14:10,6225
2019-11-14 14:15,6331
2019-11-14 14:20,6416
2019-11-14 14:25,6479
2019-11-14 14:30,6490
2019-11-14 14:35,6581
2019-11-14 14:40,6642
2019-11-14 14:45,6703
2019-11-14 14:50,6802
2019-11-14 14:55,6869
2019-11-14 15:00,6927
2019-11-14 15:05,6972
2019-11-14 15:10,7042
2019-11-14 15:15,7182
2019-11-14 15:20,7243
2019-11-14 15:25,7344
2019-11-14 15:30,7388
2019-11-14 15:35,7480
2019-11-14 15:40,7580
2019-11-14 15:45,7650
2019-11-14 15:50,7784
2019-11-14 15:55,7831
2019-11-14 16:00,7907
2019-11-14 16:05,7969
2019-11-14 16:10,8058
2019-11-14 16:15,8154
2019-11-14 16:20,8290
2019-11-14 16:25,8379
2019-11-14 16:30,8408
2019-11-14 16:35,8514
2019-11-14 16:40,8589
2019-11-14 16:45,8673
2019-11-14 16:50,8705
2019-11-14 16:55,8748
2019-11-14 17:00,8841
2019-11-14 17:05,8899
2019-11-14 17:10,9036
2019-11-14 17:15,9179
2019-11-14 17:20,9195
2019-11-14 17:25,9316
2019-11-14 17:30,9434
2019-11-14 17:35,9563
2019-11-14 17:40,9631
2019-11-14 17:45,9810
2019-11-14 17:50,9907
2019-11-14 17:55,9989
2019-11-14 18:00,10085
2019-11-14 18:05,10104
2019-11-14 18:10,10230
2019-11-14 18:15,10322
2019-11-14 18:20,10362
2019-11-14 18:25,10469
2019-11-14 18:30,10558
2019-11-14 18:35,10616
2019-11-14 18:40,10760
2019-11-14 18:45,10891
2019-11-14 18:50,10886
2019-11-14 18:55,10964
2019-11-14 19:00,11096
2019-11-14 19:05,11169
2019-11-14 19:10,11232
2019-11-14 19:15,11263
2019-11-14 19:20,11293
2019-11-14 19:25,11271
2019-11-14 19:30,11442
2019-11-14 19:35,11486
2019-11-14 19:40,11555
2019-11-14 19:45,11626
2019-11-14 19:50,11623
2019-11-14 19:55,11675
2019-11-14 20:00,11666
2019-11-14 20:05,11679
2019-11-14 20:10,11691
2019-11-14 20:15,11705
2019-11-14 20:20,11736
2019-11-14 20:25,11775
2019-11-14 20:30,11835
2019-11-14 20:35,11881
2019-11-14 20:40,11958
2019-11-14 20:45,12008
2019-11-14 20:50,12009
2019-11-14 20:55,12020
2019-11-14 21:00,12038
2019-11-14 21:05,12029
2019-11-14 21:10,12046
2019-11-14 21:15,12046
2019-11-14 21:20,12000
2019-11-14 21:25,11918
2019-11-14 21:30,11909
2019-11-14 21:35,11869
2019-11-14 21:40,11814
2019-11-14 21:45,11764
2019-11-14 21:50,11740
2019-11-14 21:55,11729
2019-11-14 22:00,11643
2019-11-14 22:05,11634
2019-11-14 22:10,11580
2019-11-14 22:15,11526
2019-11-14 22:20,11425
2019-11-14 22:25,11438
2019-11-14 22:30,11402
2019-11-14 22:35,11359
2019-11-14 22:40,11325
2019-11-14 22:45,11211
2019-11-14 22:50,11222
2019-11-14 22:55,11133
2019-11-14 23:00,11059
2019-11-14 23:05,10971
2019-11-14 23:10,10939
2019-11-14 23:15,10922
2019-11-14 23:20,10795
2019-11-14 23:25,10722
2019-11-14 23:30,10657
2019-11-14 23:35,10590
2019-11-14 23:40,10595
2019-11-14 23:45,10552
2019-11-14 23:50,10548
2019-11-14 23:55,10538
2019-11-15 00:00,10477
2019-11-15 00:05,10412
2019-11-15 00:10,10452
2019-11-15 00:15,10445
2019-11-15 00:20,10363
2019-11-15 00:25,10305
2019-11-15 00:30,10349
2019-11-15 00:35,10373
2019-11-15 00:40,10411
2019-11-15 00:45,10188
2019-11-15 00:50,0
2019-11-15 00:55,10542
2019-11-15 01:00,10582
2019-11-15 01:05,10663
2019-11-15 01:10,10651
2019-11-15 01:15,10701
2019-11-15 01:20,10767
2019-11-15 01:25,10745
2019-11-15 01:30,10705
2019-11-15 01:35,10662
2019-11-15 01:40,10764
2019-11-15 01:45,10796
2019-11-15 01:50,10811
2019-11-15 01:55,10763
2019-11-15 02:00,10651
2019-11-15 02:05,10650
2019-11-15 02:10,10657
2019-11-15 02:15,10712
2019-11-15 02:20,10709
2019-11-15 02:25,10711
2019-11-15 02:30,10769
2019-11-15 02:35,
2019-11-15 02:40,10761
2019-11-15 02:45,10741
2019-11-15 02:50,10765
2019-11-15 02:55,10710
2019-11-15 03:00,10679
2019-11-15 03:05,10604
2019-11-15 03:10,10573
2019-11-15 03:15,10525
2019-11-15 03:20,10455
2019-11-15 03:25,10378
2019-11-15 03:30,10319
2019-11-15 03:35,10247
2019-11-15 03:40,10190
2019-11-15 03:45,10083
2019-11-15 03:50,9961
2019-11-15 03:55,9867
2019-11-15 04:00,9794
2019-11-15 04:05,9693
2019-11-15 04:10,9597
2019-11-15 04:15,9504
2019-11-15 04:20,9378
2019-11-15 04:25,9255
2019-11-15 04:30,9112
2019-11-15 04:35,9015
2019-11-15 04:40,8906
2019-11-15 04:45,8842
2019-11-15 04:50,8679
2019-11-15 04:55,8541
2019-11-15 05:00,8399
2019-11-15 05:05,8234
2019-11-15 05:10,8106
2019-11-15 05:15,7988
2019-11-15 05:20,7850
2019-11-15 05:25,7725
2019-11-15 05:30,7564
2019-11-15 05:35,7462
2019-11-15 05:40,7366
2019-11-15 05:45,7191
2019-11-15 05:50,7036
2019-11-15 05:55,6939
2019-11-15 06:00,6833
2019-11-15 06:05,6704
2019-11-15 06:10,6616
2019-11-15 06:15,6474
2019-11-15 06:20,6334
2019-11-15 06:25,6204
2019-11-15 06:30,6014
2019-11-15 06:35,5966
2019-11-15 06:40,5896
2019-11-15 06:45,5775
2019-11-15 06:50,5674
2019-11-15 06:55,5592
2019-11-15 07:00,5505
2019-11-15 07:05,5383
2019-11-15 07:10,5224
2019-11-15 07:15,5112
2019-11-15 07:20,5103
2019-11-15 07:25,5020
2019-11-15 07:30,4978
2019-11-15 07:35,4902
2019-11-15 07:40,4821
2019-11-15 07:45,4756
2019-11-15 07:50,4732
2019-11-15 07:55,4692
2019-11-15 08:00,4617
2019-11-15 08:05,4608
2019-11-15 08:10,4539
2019-11-15 08:15,4503
2019-11-15 08:20,4445
2019-11-15 08:25,4402
2019-11-15 08:30,4331
2019-11-15 08:35,4305
2019-11-15 08:40,4269
2019-11-15 08:45,4231
2019-11-15 08:50,4196
2019-11-15 08:55,4165
2019-11-15 09:00,4169
2019-11-15 09:05,4194
2019-11-15 09:10,4195
2019-11-15 09:15,4147
2019-11-15 09:20,4157
2019-11-15 09:25,4139
2019-11-15 09:30,4131
2019-11-15 09:35,4099
2019-11-15 09:40,4114
2019-11-15 09:45,4110
2019-11-15 09:50,4152
2019-11-15 09:55,4161
2019-11-15 10:00,4188
2019-11-15 10:05,4234
2019-11-15 10:10,4242
2019-11-15 10:15,4224
2019-11-15 10:20,4250
2019-11-15 10:25,4280
2019-11-15 10:30,4304
2019-11-15 10:35,4334
2019-11-15 10:40,4365
2019-11-15 10:45,4400
2019-11-15 10:50,4448
2019-11-15 10:55,4495
2019-11-15 11:00,4542
2019-11-15 11:05,4574
2019-11-15 11:10,4602
2019-11-15 11:15,4598
2019-11-15 11:20,4621
2019-11-15 11:25,4636
2019-11-15 11:30,4639
2019-11-15 11:35,4679
2019-11-15 11:40,4740
2019-11-15 11:45,4843
2019-11-15 11:50,4918
2019-11-15 11:55,4967
2019-11-15 12:00,5006
2019-11-15 12:05,5087
2019-11-15 12:10,5139
2019-11-15 12:15,5203
2019-11-15 12:20,5269
2019-11-15 12:25,5280
2019-11-15 12:30,5343
2019-11-15 12:35,5404
2019-11-15 12:40,5500
2019-11-15 12:45,5581
2019-11-15 12:50,5677
2019-11-15 12:55,5712
2019-11-15 13:00,5756
2019-11-15 13:05,5855
2019-11-15 13:10,5938
2019-11-15 13:15,6029
2019-11-15 13:20,6091
2019-11-15 13:25,6129
2019-11-15 13:30,6224
2019-11-15 13:35,6308
2019-11-15 13:40,6377
2019-11-15 13:45,6482
2019-11-15 13:50,6559
2019-11-15 13:55,6701
2019-11-15 14:00,6845
2019-11-15 14:05,6944
2019-11-15 14:10,6988
2019-11-15 14:15,7117
2019-11-15 14:20,7263
2019-11-15 14:25,7338
2019-11-15 14:30,7450
2019-11-15 14:35,7519
2019-11-15 14:40,7613
2019-11-15 14:45,7699
2019-11-15 14:50,7826
2019-11-15 14:55,7923
2019-11-15 15:00,7985
2019-11-15 15:05,8098
2019-11-15 15:10,8185
2019-11-15 15:15,8335
2019-11-15 15:20,8367
2019-11-15 15:25,8444
2019-11-15 15:30,8567
2019-11-15 15:35,8622
2019-11-15 15:40,8664
2019-11-15 15:45,8748
2019-11-15 15:50,8852
2019-11-15 15:55,8891
2019-11-15 16:00,8965
2019-11-15 16:05,8986
2019-11-15 16:10,9049
2019-11-15 16:15,9166
2019-11-15 16:20,9260
2019-11-15 16:25,9320
2019-11-15 16:30,9320
2019-11-15 16:35,9417
2019-11-15 16:40,9534
2019-11-15 16:45,9581
2019-11-15 16:50,9638
2019-11-15 16:55,9628
2019-11-15 17:00,9667
2019-11-15 17:05,9699
2019-11-15 17:10,9738
2019-11-15 17:15,9833
2019-11-15 17:20,9927
2019-11-15 17:25,9986
2019-11-15 17:30,10067
2019-11-15 17:35,10138
2019-11-15 17:40,10201
2019-11-15 17:45,10232
2019-11-15 17:50,10279
2019-11-15 17:55,10344
2019-11-15 18:00,10456
2019-11-15 18:05,10519
2019-11-15 18:10,10387
2019-11-15 18:15,10427
2019-11-15 18:20,10501
2019-11-15 18:25,10520
2019-11-15 18:30,10234
2019-11-15 18:35,10360
2019-11-15 18:40,10424
2019-11-15 18:45,10453
2019-11-15 18:50,10650
2019-11-15 18:55,10806
2019-11-15 19:00,10855
2019-11-15 19:05,10971
2019-11-15 19:10,11133
2019-11-15 19:15,11253
2019-11-15 19:20,11355
2019-11-15 19:25,11386
2019-11-15 19:30,11554
2019-11-15 19:35,11697
2019-11-15 19:40,11775
2019-11-15 19:45,11789
2019-11-15 19:50,11872
2019-11-15 19:55,11931
2019-11-15 20:00,12027
2019-11-15 20:05,12096
2019-11-15 20:10,12200
2019-11-15 20:15,12203
2019-11-15 20:20,12265
2019-11-15 20:25,12386
2019-11-15 20:30,12492
2019-11-15 20:35,12578
2019-11-15 20:40,12648
2019-11-15 20:45,12714
2019-11-15 20:50,12773
2019-11-15 20:55,12811
2019-11-15 21:00,12787
2019-11-15 21:05,12875
2019-11-15 21:10,12921
2019-11-15 21:15,12883
2019-11-15 21:20,12875
2019-11-15 21:25,12909
2019-11-15 21:30,12884
2019-11-15 21:35,12959
2019-11-15 21:40,12977
2019-11-15 21:45,12967
2019-11-15 21:50,12982
2019-11-15 21:55,12903
2019-11-15 22:00,12876
2019-11-15 22:05,12865
2019-11-15 22:10,12819
2019-11-15 22:15,12728
2019-11-15 22:20,12785
2019-11-15 22:25,12622
2019-11-15 22:30,11813
2019-11-15 22:35,11625
2019-11-15 22:40,11528
2019-11-15 22:45,11613
2019-11-15 22:50,11768
2019-11-15 22:55,11686
2019-11-15 23:00,11621
2019-11-15 23:05,11705
2019-11-15 23:10,11705
2019-11-15 23:15,11662
2019-11-15 23:20,11618
2019-11-15 23:25,11585
2019-11-15 23:30,11544
2019-11-15 23:35,11555
2019-11-15 23:40,11534
2019-11-15 23:45,11528
2019-11-15 23:50,11482
2019-11-15 23:55,11421
2019-11-16 00:00,11428
2019-11-16 00:05,11379
2019-11-16 00:10,11312
2019-11-16 00:15,11205
2019-11-16 00:20,11189
2019-11-16 00:25,11144
2019-11-16 00:30,11141
2019-11-16 00:35,11175
2019-11-16 00:40,11109
2019-11-16 00:45,11058
2019-11-16 00:50,11043
2019-11-16 00:55,11033
2019-11-16 01:00,11043
2019-11-16 01:05,11015
2019-11-16 01:10,10968
2019-11-16 01:15,10970
2019-11-16 01:20,10957
2019-11-16 01:25,10955
2019-11-16 01:30,10950
2019-11-16 01:35,10987
2019-11-16 01:40,11060
2019-11-16 01:45,11040
2019-11-16 01:50,11114
2019-11-16 01:55,11115
2019-11-16 02:00,11127
2019-11-16 02:05,11116
2019-11-16 02:10,11125
2019-11-16 02:15,11172
2019-11-16 02:20,11166
2019-11-16 02:25,11105
2019-11-16 02:30,11153
2019-11-16 02:35,11126
2019-11-16 02:40,11070
2019-11-16 02:45,11084
2019-11-16 02:50,11130
2019-11-16 02:55,11106
2019-11-16 03:00,11093
2019-11-16 03:05,11118
2019-11-16 03:10,11111
2019-11-16 03:15,11061
2019-11-16 03:20,11017
2019-11-16 03:25,11066
2019-11-16 03:30,11081
2019-11-16 03:35,11038
2019-11-16 03:40,11042
2019-11-16 03:45,10982
2019-11-16 03:50,10953
2019-11-16 03:55,10920
2019-11-16 04:00,10845
2019-11-16 04:05,10803
2019-11-16 04:10,10732
2019-11-16 04:15,10647
2019-11-16 04:20,10564
2019-11-16 04:25,10474
2019-11-16 04:30,10435
2019-11-16 04:35,10402
2019-11-16 04:40,10301
2019-11-16 04:45,10248
2019-11-16 04:50,10172
2019-11-16 04:55,10080
2019-11-16 05:00,9998
2019-11-16 05:05,9873
2019-11-16 05:10,9815
2019-11-16 05:15,9696
2019-11-16 05:20,9609
2019-11-16 05:25,9543
2019-11-16 05:30,9475
2019-11-16 05:35,9372
2019-11-16 05:40,9310
2019-11-16 05:45,9212
2019-11-16 05:50,9108
2019-11-16 05:55,8996
2019-11-16 06:00,8898
2019-11-16 06:05,8759
2019-11-16 06:10,8662
2019-11-16 06:15,8514
2019-11-16 06:20,8399
2019-11-16 06:25,8276
2019-11-16 06:30,8161
2019-11-16 06:35,8049
2019-11-16 06:40,7975
2019-11-16 06:45,7879
2019-11-16 06:50,7762
2019-11-16 06:55,7647
2019-11-16 07:00,7548
2019-11-16 07:05,7419
2019-11-16 07:10,7363
2019-11-16 07:15,7251
2019-11-16 07:20,7149
2019-11-16 07:25,7050
2019-11-16 07:30,6962
2019-11-16 07:35,6896
2019-11-16 07:40,6829
2019-11-16 07:45,6737
2019-11-16 07:50,6677
2019-11-16 07:55,6557
2019-11-16 08:00,6504
2019-11-16 08:05,6434
2019-11-16 08:10,6398
2019-11-16 08:15,6393
2019-11-16 08:20,6291
2019-11-16 08:25,6252
2019-11-16 08:30,6241
2019-11-16 08:35,6243
2019-11-16 08:40,6182
2019-11-16 08:45,6163
2019-11-16 08:50,6141
2019-11-16 08:55,6130
2019-11-16 09:00,6070
2019-11-16 09:05,6045
2019-11-16 09:10,6019
2019-11-16 09:15,6017
2019-11-16 09:20,5993
2019-11-16 09:25,6026
2019-11-16 09:30,5997
2019-11-16 09:35,6005
2019-11-16 09:40,6036
2019-11-16 09:45,6063
2019-11-16 09:50,6101
2019-11-16 09:55,6102
2019-11-16 10:00,6126
2019-11-16 10:05,6145
2019-11-16 10:10,6140
2019-11-16 10:15,6146
2019-11-16 10:20,6190
2019-11-16 10:25,6235
2019-11-16 10:30,6258
2019-11-16 10:35,6302
2019-11-16 10:40,6375
2019-11-16 10:45,6421
2019-11-16 10:50,6444
2019-11-16 10:55,6481
2019-11-16 11:00,6461
2019-11-16 11:05,6508
2019-11-16 11:10,6541
2019-11-16 11:15,6643
2019-11-16 11:20,6653
2019-11-16 11:25,6684
2019-11-16 11:30,6745
2019-11-16 11:35,6793
2019-11-16 11:40,6898
2019-11-16 11:45,6978
2019-11-16 11:50,7050
2019-11-16 11:55,7159
2019-11-16 12:00,7233
2019-11-16 12:05,7308
2019-11-16 12:10,7393
2019-11-16 12:15,7433
2019-11-16 12:20,7515
2019-11-16 12:25,7592
2019-11-16 12:30,7712
2019-11-16 12:35,7754
2019-11-16 12:40,7875
2019-11-16 12:45,7932
2019-11-16 12:50,8058
2019-11-16 12:55,8109
2019-11-16 13:00,8220
2019-11-16 13:05,8266
2019-11-16 13:10,8300
2019-11-16 13:15,8385
2019-11-16 13:20,8477
2019-11-16 13:25,8633
2019-11-16 13:30,8745
2019-11-16 13:35,8842
2019-11-16 13:40,9016
2019-11-16 13:45,9109
2019-11-16 13:50,9161
2019-11-16 13:55,9256
2019-11-16 14:00,9341
2019-11-16 14:05,9391
2019-11-16 14:10,9541
2019-11-16 14:15,9623
2019-11-16 14:20,9723
2019-11-16 14:25,9824
2019-11-16 14:30,9943
2019-11-16 14:35,9978
2019-11-16 14:40,10136
2019-11-16 14:45,10225
2019-11-16 14:50,10332
2019-11-16 14:55,10454
2019-11-16 15:00,10560
2019-11-16 15:05,10647
2019-11-16 15:10,10723
2019-11-16 15:15,10808
2019-11-16 15:20,10938
2019-11-16 15:25,10986
2019-11-16 15:30,11103
2019-11-16 15:35,11152
2019-11-16 15:40,11320
2019-11-16 15:45,11365
2019-11-16 15:50,11510
2019-11-16 15:55,11631
2019-11-16 16:00,
2019-11-16 16:05,
2019-11-16 16:10,11793
2019-11-16 16:15,
2019-11-16 16:20,
2019-11-16 16:25,12094
2019-11-16 16:30,12137
2019-11-16 16:35,12195
2019-11-16 16:40,12259
2019-11-16 16:45,12381
2019-11-16 16:50,
2019-11-16 16:55,
2019-11-16 17:00,12527
2019-11-16 17:05,12600
2019-11-16 17:10,12560
2019-11-16 17:15,12595
2019-11-16 17:20,12668
2019-11-16 17:25,12701
2019-11-16 17:30,12732
2019-11-16 17:35,12861
2019-11-16 17:40,12872
2019-11-16 17:45,12950
2019-11-16 17:50,13095
2019-11-16 17:55,13163
2019-11-16 18:00,13203
2019-11-16 18:05,13248
2019-11-16 18:10,13268
2019-11-16 18:15,
2019-11-16 18:20,
2019-11-16 18:25,13527
2019-11-16 18:30,13585
2019-11-16 18:35,13671
2019-11-16 18:40,13679
2019-11-16 18:45,13731
2019-11-16 18:50,
2019-11-16 18:55,
2019-11-16 19:00,
2019-11-16 19:05,
2019-11-16 19:10,
2019-11-16 19:15,
2019-11-16 19:20,
2019-11-16 19:25,14299
2019-11-16 19:30,
2019-11-16 19:35,
2019-11-16 19:40,14423
2019-11-16 19:45,14472
2019-11-16 19:50,14568
2019-11-16 19:55,14541
2019-11-16 20:00,14683
2019-11-16 20:05,14760
2019-11-16 20:10,14798
2019-11-16 20:15,14801
2019-11-16 20:20,14838
2019-11-16 20:25,14839
2019-11-16 20:30,14907
2019-11-16 20:35,14972
2019-11-16 20:40,14985
2019-11-16 20:45,15010
2019-11-16 20:50,15035
2019-11-16 20:55,15027
2019-11-16 21:00,15003
2019-11-16 21:05,14975
2019-11-16 21:10,14973
2019-11-16 21:15,15023
2019-11-16 21:20,15015
2019-11-16 21:25,15061
2019-11-16 21:30,15095
2019-11-16 21:35,15058
2019-11-16 21:40,15066
2019-11-16 21:45,15015
2019-11-16 21:50,15015
2019-11-16 21:55,14879
2019-11-16 22:00,14833
2019-11-16 22:05,14722
2019-11-16 22:10,14598
2019-11-16 22:15,14544
2019-11-16 22:20,14429
2019-11-16 22:25,14334
2019-11-16 22:30,14243
2019-11-16 22:35,14199
2019-11-16 22:40,14134
2019-11-16 22:45,13984
2019-11-16 22:50,13960
2019-11-16 22:55,13893
2019-11-16 23:00,13798
2019-11-16 23:05,13669
2019-11-16 23:10,13627
2019-11-16 23:15,13544
2019-11-16 23:20,13425
2019-11-16 23:25,13327
2019-11-16 23:30,13237
2019-11-16 23:35,13203
2019-11-16 23:40,13075
2019-11-16 23:45,13009
2019-11-16 23:50,13011
2019-11-16 23:55,12949
2019-11-17 00:00,12948
2019-11-17 00:05,12831
2019-11-17 00:10,12752
2019-11-17 00:15,12698
2019-11-17 00:20,12604
2019-11-17 00:25,12517
2019-11-17 00:30,12463
2019-11-17 00:35,12364
2019-11-17 00:40,12372
2019-11-17 00:45,12353
2019-11-17 00:50,12353
2019-11-17 00:55,12185
2019-11-17 01:00,12185
2019-11-17 01:05,12083
2019-11-17 01:10,12053
2019-11-17 01:15,12027
2019-11-17 01:20,11934
2019-11-17 01:25,11899
2019-11-17 01:30,11899
2019-11-17 01:35,11922
2019-11-17 01:40,11945
2019-11-17 01:45,11886
2019-11-17 01:50,11848
2019-11-17 01:55,11850
2019-11-17 02:00,11851
2019-11-17 02:05,11867
2019-11-17 02:10,11887
2019-11-17 02:15,11874
2019-11-17 02:20,11844
2019-11-17 02:25,
2019-11-17 02:30,11825
2019-11-17 02:35,
2019-11-17 02:40,11784
2019-11-17 02:45,11758
2019-11-17 02:50,11758
2019-11-17 02:55,11791
2019-11-17 03:00,11774
2019-11-17 03:05,11738
2019-11-17 03:10,11733
2019-11-17 03:15,11769
2019-11-17 03:20,11736
2019-11-17 03:25,11694
2019-11-17 03:30,11673
2019-11-17 03:35,11732
2019-11-17 03:40,11707
2019-11-17 03:45,11635
2019-11-17 03:50,11637
2019-11-17 03:55,11637
2019-11-17 04:00,11525
2019-11-17 04:05,11525
2019-11-17 04:10,11320
2019-11-17 04:15,11220
2019-11-17 04:20,11171
2019-11-17 04:25,11133
2019-11-17 04:30,11189
2019-11-17 04:35,11216
2019-11-17 04:40,11196
2019-11-17 04:45,11234
2019-11-17 04:50,11146
2019-11-17 04:55,11041
2019-11-17 05:00,11033
2019-11-17 05:05,10917
2019-11-17 05:10,10805
2019-11-17 05:15,10726
2019-11-17 05:20,10622
2019-11-17 05:25,10526
2019-11-17 05:30,10338
2019-11-17 05:35,10235
2019-11-17 05:40,10133
2019-11-17 05:45,10001
2019-11-17 05:50,10001
2019-11-17 05:55,9662
2019-11-17 06:00,9536
2019-11-17 06:05,9454
2019-11-17 06:10,9454
2019-11-17 06:15,9288
2019-11-17 06:20,9213
2019-11-17 06:25,9070
2019-11-17 06:30,8962
2019-11-17 06:35,8818
2019-11-17 06:40,8690
2019-11-17 06:45,8690
2019-11-17 06:50,8597
2019-11-17 06:55,8335
2019-11-17 07:00,8248
2019-11-17 07:05,8248
2019-11-17 07:10,8013
2019-11-17 07:15,7934
2019-11-17 07:20,7862
2019-11-17 07:25,7786
2019-11-17 07:30,7727
2019-11-17 07:35,7640
2019-11-17 07:40,7577
2019-11-17 07:45,7527
2019-11-17 07:50,7527
2019-11-17 07:55,7342
2019-11-17 08:00,7253
2019-11-17 08:05,7170
2019-11-17 08:10,7146
2019-11-17 08:15,
2019-11-17 08:20,
2019-11-17 08:25,
2019-11-17 08:30,6922
2019-11-17 08:35,6840
2019-11-17 08:40,6835
2019-11-17 08:45,6835
2019-11-17 08:50,6800
2019-11-17 08:55,6751
2019-11-17 09:00,6704
2019-11-17 09:05,6704
2019-11-17 09:10,6575
2019-11-17 09:15,6596
2019-11-17 09:20,6596
2019-11-17 09:25,6594
2019-11-17 09:30,6594
2019-11-17 09:35,6611
2019-11-17 09:40,6610
2019-11-17 09:45,6607
2019-11-17 09:50,6607
2019-11-17 09:55,6606
2019-11-17 10:00,6718
2019-11-17 10:05,6718
2019-11-17 10:10,6764
2019-11-17 10:15,6764
2019-11-17 10:20,6815
2019-11-17 10:25,6894
2019-11-17 10:30,6934
2019-11-17 10:35,6978
2019-11-17 10:40,6978
2019-11-17 10:45,7034
2019-11-17 10:50,7146
2019-11-17 10:55,7275
2019-11-17 11:00,7316
2019-11-17 11:05,7424
2019-11-17 11:10,7424
2019-11-17 11:15,7495
2019-11-17 11:20,7576
2019-11-17 11:25,7613
2019-11-17 11:30,7681
2019-11-17 11:35,7716
2019-11-17 11:40,7789
2019-11-17 11:45,7883
2019-11-17 11:50,7947
2019-11-17 11:55,8127
2019-11-17 12:00,8142
2019-11-17 12:05,8142
2019-11-17 12:10,8240
2019-11-17 12:15,8307
2019-11-17 12:20,8368
2019-11-17 12:25,8493
2019-11-17 12:30,8611
2019-11-17 12:35,8721
2019-11-17 12:40,8865
2019-11-17 12:45,8941
2019-11-17 12:50,8997
2019-11-17 12:55,9077
2019-11-17 13:00,9256
2019-11-17 13:05,9256
2019-11-17 13:10,9357
2019-11-17 13:15,9499
2019-11-17 13:20,9568
2019-11-17 13:25,9616
2019-11-17 13:30,9688
2019-11-17 13:35,9830
2019-11-17 13:40,9909
2019-11-17 13:45,9966
2019-11-17 13:50,10009
2019-11-17 13:55,10118
2019-11-17 14:00,10201
2019-11-17 14:05,10201
2019-11-17 14:10,10303
2019-11-17 14:15,10411
2019-11-17 14:20,10508
2019-11-17 14:25,10611
2019-11-17 14:30,10736
2019-11-17 14:35,10915
2019-11-17 14:40,11074
2019-11-17 14:45,11192
2019-11-17 14:50,11305
2019-11-17 14:55,11375
2019-11-17 15:00,11543
2019-11-17 15:05,11543
2019-11-17 15:10,11609
2019-11-17 15:15,11714
2019-11-17 15:20,11817
2019-11-17 15:25,11992
2019-11-17 15:30,12110
2019-11-17 15:35,12162
2019-11-17 15:40,12267
2019-11-17 15:45,12394
2019-11-17 15:50,12501
2019-11-17 15:55,
2019-11-17 16:00,
2019-11-17 16:05,12813
2019-11-17 16:10,12813
2019-11-17 16:15,13001
2019-11-17 16:20,13133
2019-11-17 16:25,13143
2019-11-17 16:30,13145
2019-11-17 16:35,13264
2019-11-17 16:40,13429
2019-11-17 16:45,13466
2019-11-17 16:50,13538
2019-11-17 16:55,13667
2019-11-17 17:00,13766
2019-11-17 17:05,13766
2019-11-17 17:10,13855
2019-11-17 17:15,13976
2019-11-17 17:20,14068
2019-11-17 17:25,14129
2019-11-17 17:30,14263
2019-11-17 17:35,14408
2019-11-17 17:40,14498
2019-11-17 17:45,14584
2019-11-17 17:50,14683
2019-11-17 17:55,14749
2019-11-17 18:00,14750
2019-11-17 18:05,14720
2019-11-17 18:10,14772
2019-11-17 18:15,14869
2019-11-17 18:20,15060
2019-11-17 18:25,15089
2019-11-17 18:30,15189
2019-11-17 18:35,15342
2019-11-17 18:40,15424
2019-11-17 18:45,15521
2019-11-17 18:50,15609
2019-11-17 18:55,15642
2019-11-17 19:00,15720
2019-11-17 19:05,15754
2019-11-17 19:10,15831
2019-11-17 19:15,15896
2019-11-17 19:20,15889
2019-11-17 19:25,15922
2019-11-17 19:30,15950
2019-11-17 19:35,16094
2019-11-17 19:40,16124
2019-11-17 19:45,16181
2019-11-17 19:50,16195
2019-11-17 19:55,16245
2019-11-17 20:00,16214
2019-11-17 20:05,16148
2019-11-17 20:10,16054
2019-11-17 20:15,16009
2019-11-17 20:20,15953
2019-11-17 20:25,15944
2019-11-17 20:30,15936
2019-11-17 20:35,15874
2019-11-17 20:40,15809
2019-11-17 20:45,15805
2019-11-17 20:50,15745
2019-11-17 20:55,15733
2019-11-17 21:00,15738
2019-11-17 21:05,15640
2019-11-17 21:10,15506
2019-11-17 21:15,15399
2019-11-17 21:20,15369
2019-11-17 21:25,15304
2019-11-17 21:30,15161
2019-11-17 21:35,15028
2019-11-17 21:40,14965
2019-11-17 21:45,14872
2019-11-17 21:50,14792
2019-11-17 21:55,14666
2019-11-17 22:00,14532
2019-11-17 22:05,14343
2019-11-17 22:10,14281
2019-11-17 22:15,14150
2019-11-17 22:20,13933
2019-11-17 22:25,13783
2019-11-17 22:30,13710
2019-11-17 22:35,13594
2019-11-17 22:40,13526
2019-11-17 22:45,13367
2019-11-17 22:50,13233
2019-11-17 22:55,13194
2019-11-17 23:00,13034
2019-11-17 23:05,12932
2019-11-17 23:10,12991
2019-11-17 23:15,12922
2019-11-17 23:20,12822
2019-11-17 23:25,12661
2019-11-17 23:30,12661
2019-11-17 23:35,12628
2019-11-17 23:40,12521
2019-11-17 23:45,12542
2019-11-17 23:50,12566
2019-11-17 23:55,12642
2019-11-18 00:00,12679
2019-11-18 00:05,12722
2019-11-18 00:10,12729
2019-11-18 00:15,12830
2019-11-18 00:20,12830
2019-11-18 00:25,12894
2019-11-18 00:30,12852
2019-11-18 00:35,
2019-11-18 00:40,
2019-11-18 00:45,12707
2019-11-18 00:50,12679
2019-11-18 00:55,12715
2019-11-18 01:00,12696
2019-11-18 01:05,12676
2019-11-18 01:10,12715
2019-11-18 01:15,12665
2019-11-18 01:20,12697
2019-11-18 01:25,12688
2019-11-18 01:30,12676
2019-11-18 01:35,12682
2019-11-18 01:40,12623
2019-11-18 01:45,12614
2019-11-18 01:50,12667
2019-11-18 01:55,12624
2019-11-18 02:00,12563
2019-11-18 02:05,12528
2019-11-18 02:10,12467
2019-11-18 02:15,12453
2019-11-18 02:20,12394
2019-11-18 02:25,12330
2019-11-18 02:30,12212
2019-11-18 02:35,12176
2019-11-18 02:40,12055
2019-11-18 02:45,12072
2019-11-18 02:50,12018
2019-11-18 02:55,11940
2019-11-18 03:00,11887
2019-11-18 03:05,11823
2019-11-18 03:10,11806
2019-11-18 03:15,11690
2019-11-18 03:20,11616
2019-11-18 03:25,11575
2019-11-18 03:30,11530
2019-11-18 03:35,11383
2019-11-18 03:40,11291
2019-11-18 03:45,11199
2019-11-18 03:50,11160
2019-11-18 03:55,11000
2019-11-18 04:00,10920
2019-11-18 04:05,10784
2019-11-18 04:10,10656
2019-11-18 04:15,10465
2019-11-18 04:20,10361
2019-11-18 04:25,10250
2019-11-18 04:30,10109
2019-11-18 04:35,9983
2019-11-18 04:40,9843
2019-11-18 04:45,9741
2019-11-18 04:50,9655
2019-11-18 04:55,9460
2019-11-18 05:00,9313
2019-11-18 05:05,9153
2019-11-18 05:10,8954
2019-11-18 05:15,8852
2019-11-18 05:20,8734
2019-11-18 05:25,8619
2019-11-18 05:30,8507
2019-11-18 05:35,8372
2019-11-18 05:40,8244
2019-11-18 05:45,8131
2019-11-18 05:50,7993
2019-11-18 05:55,7856
2019-11-18 06:00,7701
2019-11-18 06:05,7560
2019-11-18 06:10,7382
2019-11-18 06:15,7208
2019-11-18 06:20,7044
2019-11-18 06:25,6950
2019-11-18 06:30,6853
2019-11-18 06:35,6761
2019-11-18 06:40,6649
2019-11-18 06:45,6478
2019-11-18 06:50,6371
2019-11-18 06:55,6234
2019-11-18 07:00,6116
2019-11-18 07:05,6014
2019-11-18 07:10,5920
2019-11-18 07:15,5844
2019-11-18 07:20,5737
2019-11-18 07:25,5654
2019-11-18 07:30,5579
2019-11-18 07:35,5532
2019-11-18 07:40,5466
2019-11-18 07:45,5379
2019-11-18 07:50,5292
2019-11-18 07:55,5192
2019-11-18 08:00,5137
2019-11-18 08:05,5051
2019-11-18 08:10,4994
2019-11-18 08:15,4924
2019-11-18 08:20,4840
2019-11-18 08:25,4768
2019-11-18 08:30,4711
2019-11-18 08:35,4635
2019-11-18 08:40,4598
2019-11-18 08:45,4550
2019-11-18 08:50,4548
2019-11-18 08:55,4473
2019-11-18 09:00,4464
2019-11-18 09:05,4439
2019-11-18 09:10,4434
2019-11-18 09:15,4403
2019-11-18 09:20,4428
2019-11-18 09:25,4427
2019-11-18 09:30,4387
2019-11-18 09:35,4365
2019-11-18 09:40,4378
2019-11-18 09:45,4423
2019-11-18 09:50,4417
2019-11-18 09:55,4439
2019-11-18 10:00,4458
2019-11-18 10:05,4445
2019-11-18 10:10,4485
2019-11-18 10:15,4495
2019-11-18 10:20,4496
2019-11-18 10:25,4532
2019-11-18 10:30,4615
2019-11-18 10:35,4655
2019-11-18 10:40,4656
2019-11-18 10:45,4697
2019-11-18 10:50,
2019-11-18 10:55,
2019-11-18 11:00,4736
2019-11-18 11:05,4762
2019-11-18 11:10,4841
2019-11-18 11:15,4937
2019-11-18 11:20,4962
2019-11-18 11:25,4963
2019-11-18 11:30,4963
2019-11-18 11:35,5006
2019-11-18 11:40,5058
2019-11-18 11:45,5088
2019-11-18 11:50,5148
2019-11-18 11:55,5181
2019-11-18 12:00,5226
2019-11-18 12:05,5245
2019-11-18 12:10,5283
2019-11-18 12:15,5345
2019-11-18 12:20,5387
2019-11-18 12:25,5403
2019-11-18 12:30,5471
2019-11-18 12:35,5553
2019-11-18 12:40,5575
2019-11-18 12:45,5635
2019-11-18 12:50,5732
2019-11-18 12:55,5810
2019-11-18 13:00,5863
2019-11-18 13:05,5896
2019-11-18 13:10,5976
2019-11-18 13:15,5991
2019-11-18 13:20,6046
2019-11-18 13:25,6124
2019-11-18 13:30,6140
2019-11-18 13:35,6210
2019-11-18 13:40,6322
2019-11-18 13:45,6434
2019-11-18 13:50,6523
2019-11-18 13:55,6592
2019-11-18 14:00,6670
2019-11-18 14:05,6735
2019-11-18 14:10,6801
2019-11-18 14:15,6883
2019-11-18 14:20,7021
2019-11-18 14:25,7100
2019-11-18 14:30,7243
2019-11-18 14:35,7314
2019-11-18 14:40,7454
2019-11-18 14:45,7502
2019-11-18 14:50,7587
2019-11-18 14:55,7673
2019-11-18 15:00,7788
2019-11-18 15:05,7866
2019-11-18 15:10,7964
2019-11-18 15:15,8043
2019-11-18 15:20,8149
2019-11-18 15:25,8249
2019-11-18 15:30,8363
2019-11-18 15:35,8479
2019-11-18 15:40,8580
2019-11-18 15:45,8697
2019-11-18 15:50,8785
2019-11-18 15:55,8871
2019-11-18 16:00,8995
2019-11-18 16:05,9079
2019-11-18 16:10,9181
2019-11-18 16:15,9347
2019-11-18 16:20,9472
2019-11-18 16:25,9570
2019-11-18 16:30,9720
2019-11-18 16:35,9797
2019-11-18 16:40,9934
2019-11-18 16:45,10070
2019-11-18 16:50,10238
2019-11-18 16:55,10307
2019-11-18 17:00,10349
2019-11-18 17:05,10496
2019-11-18 17:10,10524
2019-11-18 17:15,10634
2019-11-18 17:20,10782
2019-11-18 17:25,10866
2019-11-18 17:30,11040
2019-11-18 17:35,11148
2019-11-18 17:40,11277
2019-11-18 17:45,11374
2019-11-18 17:50,11461
2019-11-18 17:55,11582
2019-11-18 18:00,11689
2019-11-18 18:05,11733
2019-11-18 18:10,11863
2019-11-18 18:15,11995
2019-11-18 18:20,12064
2019-11-18 18:25,12190
2019-11-18 18:30,12300
2019-11-18 18:35,12364
2019-11-18 18:40,12471
2019-11-18 18:45,12559
2019-11-18 18:50,12673
2019-11-18 18:55,12645
2019-11-18 19:00,12748
2019-11-18 19:05,12775
2019-11-18 19:10,12833
2019-11-18 19:15,12965
2019-11-18 19:20,13008
2019-11-18 19:25,13162
2019-11-18 19:30,13226
2019-11-18 19:35,13298
2019-11-18 19:40,13347
2019-11-18 19:45,13402
2019-11-18 19:50,13507
2019-11-18 19:55,13553
2019-11-18 20:00,13621
2019-11-18 20:05,13688
2019-11-18 20:10,13739
2019-11-18 20:15,13784
2019-11-18 20:20,13733
2019-11-18 20:25,13739
2019-11-18 20:30,13761
2019-11-18 20:35,13708
2019-11-18 20:40,13752
2019-11-18 20:45,13827
2019-11-18 20:50,13848
2019-11-18 20:55,13874
2019-11-18 21:00,13851
2019-11-18 21:05,13809
2019-11-18 21:10,13781
2019-11-18 21:15,13738
2019-11-18 21:20,13714
2019-11-18 21:25,13617
2019-11-18 21:30,13540
2019-11-18 21:35,13479
2019-11-18 21:40,13413
2019-11-18 21:45,13387
2019-11-18 21:50,13413
2019-11-18 21:55,13382
2019-11-18 22:00,13354
2019-11-18 22:05,13242
2019-11-18 22:10,13167
2019-11-18 22:15,13118
2019-11-18 22:20,13071
2019-11-18 22:25,12997
2019-11-18 22:30,12803
2019-11-18 22:35,12791
2019-11-18 22:40,12731
2019-11-18 22:45,12713
2019-11-18 22:50,12627
2019-11-18 22:55,12576
2019-11-18 23:00,12505
2019-11-18 23:05,12337
2019-11-18 23:10,12257
2019-11-18 23:15,12164
2019-11-18 23:20,12075
2019-11-18 23:25,12053
2019-11-18 23:30,12006
2019-11-18 23:35,
2019-11-18 23:40,11845
2019-11-18 23:45,11857
2019-11-18 23:50,11790
2019-11-18 23:55,11757
2019-11-19 00:00,11802
2019-11-19 00:05,11792
2019-11-19 00:10,11744
2019-11-19 00:15,11787
2019-11-19 00:20,11815
2019-11-19 00:25,11765
2019-11-19 00:30,9233
2019-11-19 00:35,11751
2019-11-19 00:40,11767
2019-11-19 00:45,11831
2019-11-19 00:50,11835
2019-11-19 00:55,11882
2019-11-19 01:00,11865
2019-11-19 01:05,11838
2019-11-19 01:10,11820
2019-11-19 01:15,11875
2019-11-19 01:20,11926
2019-11-19 01:25,11977
2019-11-19 01:30,11943
2019-11-19 01:35,11979
2019-11-19 01:40,12026
2019-11-19 01:45,12114
2019-11-19 01:50,12103
2019-11-19 01:55,12146
2019-11-19 02:00,12090
2019-11-19 02:05,12102
2019-11-19 02:10,12063
2019-11-19 02:15,12061
2019-11-19 02:20,12089
2019-11-19 02:25,12074
2019-11-19 02:30,12024
2019-11-19 02:35,11988
2019-11-19 02:40,11978
2019-11-19 02:45,11933
2019-11-19 02:50,11899
2019-11-19 02:55,11829
2019-11-19 03:00,11767
2019-11-19 03:05,11709
2019-11-19 03:10,11657
2019-11-19 03:15,11597
2019-11-19 03:20,11527
2019-11-19 03:25,11441
2019-11-19 03:30,11338
2019-11-19 03:35,11277
2019-11-19 03:40,11127
2019-11-19 03:45,11041
2019-11-19 03:50,11002
2019-11-19 03:55,10953
2019-11-19 04:00,10872
2019-11-19 04:05,10769
2019-11-19 04:10,10654
2019-11-19 04:15,10444
2019-11-19 04:20,10327
2019-11-19 04:25,10210
2019-11-19 04:30,10065
2019-11-19 04:35,9939
2019-11-19 04:40,9769
2019-11-19 04:45,9626
2019-11-19 04:50,9524
2019-11-19 04:55,9400
2019-11-19 05:00,9225
2019-11-19 05:05,9078
2019-11-19 05:10,8940
2019-11-19 05:15,8799
2019-11-19 05:20,8651
2019-11-19 05:25,8500
2019-11-19 05:30,8351
2019-11-19 05:35,8220
2019-11-19 05:40,8077
2019-11-19 05:45,7956
2019-11-19 05:50,7814
2019-11-19 05:55,7625
2019-11-19 06:00,7481
2019-11-19 06:05,7358
2019-11-19 06:10,7252
2019-11-19 06:15,7122
2019-11-19 06:20,6953
2019-11-19 06:25,6767
2019-11-19 06:30,6724
2019-11-19 06:35,6629
2019-11-19 06:40,6523
2019-11-19 06:45,6443
2019-11-19 06:50,6306
2019-11-19 06:55,6233
2019-11-19 07:00,6155
2019-11-19 07:05,6053
2019-11-19 07:10,5895
2019-11-19 07:15,5799
2019-11-19 07:20,5700
2019-11-19 07:25,5607
2019-11-19 07:30,5528
2019-11-19 07:35,5379
2019-11-19 07:40,5240
2019-11-19 07:45,5106
2019-11-19 07:50,5026
2019-11-19 07:55,4959
2019-11-19 08:00,4858
2019-11-19 08:05,4764
2019-11-19 08:10,4641
2019-11-19 08:15,4500
2019-11-19 08:20,4421
2019-11-19 08:25,4332
2019-11-19 08:30,4228
2019-11-19 08:35,3972
2019-11-19 08:40,3269
2019-11-19 08:45,2738
2019-11-19 08:50,
2019-11-19 08:55,
2019-11-19 09:00,
2019-11-19 09:05,1517
2019-11-19 09:10,1424
2019-11-19 09:15,1413
2019-11-19 09:20,1391
2019-11-19 09:25,1511
2019-11-19 09:30,1847
2019-11-19 09:35,2111
2019-11-19 09:40,
2019-11-19 09:45,
2019-11-19 09:50,2832
2019-11-19 09:55,3030
2019-11-19 10:00,3199
2019-11-19 10:05,3327
2019-11-19 10:10,3483
2019-11-19 10:15,3611
2019-11-19 10:20,3729
2019-11-19 10:25,3843
2019-11-19 10:30,3928
2019-11-19 10:35,4093
2019-11-19 10:40,4212
2019-11-19 10:45,
2019-11-19 10:50,
2019-11-19 10:55,4464
2019-11-19 11:00,4521
2019-11-19 11:05,4583
2019-11-19 11:10,4634
2019-11-19 11:15,4677
2019-11-19 11:20,4748
2019-11-19 11:25,4747
2019-11-19 11:30,4803
2019-11-19 11:35,4865
2019-11-19 11:40,4976
2019-11-19 11:45,5037
2019-11-19 11:50,5062
2019-11-19 11:55,5099
2019-11-19 12:00,5178
2019-11-19 12:05,5262
2019-11-19 12:10,5343
2019-11-19 12:15,5491
2019-11-19 12:20,5520
2019-11-19 12:25,5564
2019-11-19 12:30,5607
2019-11-19 12:35,5687
2019-11-19 12:40,5766
2019-11-19 12:45,5864
2019-11-19 12:50,5950
2019-11-19 12:55,6013
2019-11-19 13:00,6090
2019-11-19 13:05,6155
2019-11-19 13:10,6241
2019-11-19 13:15,6362
2019-11-19 13:20,6454
2019-11-19 13:25,6539
2019-11-19 13:30,6575
2019-11-19 13:35,6682
2019-11-19 13:40,6742
2019-11-19 13:45,6789
2019-11-19 13:50,6882
2019-11-19 13:55,6982
2019-11-19 14:00,7042
2019-11-19 14:05,7074
2019-11-19 14:10,7158
2019-11-19 14:15,7257
2019-11-19 14:20,7350
2019-11-19 14:25,7462
2019-11-19 14:30,7579
2019-11-19 14:35,7666
2019-11-19 14:40,7720
2019-11-19 14:45,7778
2019-11-19 14:50,7876
2019-11-19 14:55,7958
2019-11-19 15:00,8072
2019-11-19 15:05,8169
2019-11-19 15:10,8290
2019-11-19 15:15,8280
2019-11-19 15:20,8357
2019-11-19 15:25,8471
2019-11-19 15:30,8540
2019-11-19 15:35,8637
2019-11-19 15:40,8690
2019-11-19 15:45,8762
2019-11-19 15:50,8824
2019-11-19 15:55,8928
2019-11-19 16:00,8993
2019-11-19 16:05,9026
2019-11-19 16:10,9070
2019-11-19 16:15,9183
2019-11-19 16:20,9243
2019-11-19 16:25,9338
2019-11-19 16:30,9435
2019-11-19 16:35,9483
2019-11-19 16:40,9616
2019-11-19 16:45,9701
2019-11-19 16:50,9836
2019-11-19 16:55,9939
2019-11-19 17:00,10014
2019-11-19 17:05,10094
2019-11-19 17:10,10211
2019-11-19 17:15,10326
2019-11-19 17:20,10460
2019-11-19 17:25,10612
2019-11-19 17:30,10698
2019-11-19 17:35,10842
2019-11-19 17:40,11022
2019-11-19 17:45,11138
2019-11-19 17:50,11221
2019-11-19 17:55,11307
2019-11-19 18:00,11406
2019-11-19 18:05,11518
2019-11-19 18:10,11548
2019-11-19 18:15,11673
2019-11-19 18:20,11793
2019-11-19 18:25,11956
2019-11-19 18:30,12020
2019-11-19 18:35,12136
2019-11-19 18:40,12237
2019-11-19 18:45,12324
2019-11-19 18:50,12416
2019-11-19 18:55,12490
2019-11-19 19:00,12494
2019-11-19 19:05,12579
2019-11-19 19:10,12629
2019-11-19 19:15,12694
2019-11-19 19:20,12782
2019-11-19 19:25,12875
2019-11-19 19:30,12896
2019-11-19 19:35,12906
2019-11-19 19:40,12956
2019-11-19 19:45,13057
2019-11-19 19:50,13084
2019-11-19 19:55,13168
2019-11-19 20:00,13144
2019-11-19 20:05,13162
2019-11-19 20:10,13142
2019-11-19 20:15,13171
2019-11-19 20:20,13235
2019-11-19 20:25,13323
2019-11-19 20:30,13357
2019-11-19 20:35,13341
2019-11-19 20:40,13393
2019-11-19 20:45,13345
2019-11-19 20:50,13331
2019-11-19 20:55,13278
2019-11-19 21:00,13251
2019-11-19 21:05,13197
2019-11-19 21:10,
2019-11-19 21:15,
2019-11-19 21:20,13207
2019-11-19 21:25,13163
2019-11-19 21:30,13155
2019-11-19 21:35,13096
2019-11-19 21:40,13096
2019-11-19 21:45,13120
2019-11-19 21:50,13105
2019-11-19 21:55,13030
2019-11-19 22:00,12930
2019-11-19 22:05,12817
2019-11-19 22:10,12752
2019-11-19 22:15,12750
2019-11-19 22:20,12672
2019-11-19 22:25,
2019-11-19 22:30,
2019-11-19 22:35,7639
2019-11-19 22:40,11428
2019-11-19 22:45,11973
2019-11-19 22:50,11991
2019-11-19 22:55,11981
2019-11-19 23:00,11922
2019-11-19 23:05,11881
2019-11-19 23:10,11863
2019-11-19 23:15,11861
2019-11-19 23:20,11866
2019-11-19 23:25,11793
2019-11-19 23:30,11815
2019-11-19 23:35,11752
2019-11-19 23:40,11655
2019-11-19 23:45,11639
2019-11-19 23:50,11628
2019-11-19 23:55,11603
2019-11-20 00:00,11613
2019-11-20 00:05,11592
2019-11-20 00:10,11678
2019-11-20 00:15,
2019-11-20 00:20,
2019-11-20 00:25,11099
2019-11-20 00:30,11246
2019-11-20 00:35,11419
2019-11-20 00:40,11517
2019-11-20 00:45,11633
2019-11-20 00:50,11702
2019-11-20 00:55,11731
2019-11-20 01:00,11882
2019-11-20 01:05,11975
2019-11-20 01:10,12048
2019-11-20 01:15,12132
2019-11-20 01:20,12178
2019-11-20 01:25,12178
2019-11-20 01:30,0
2019-11-20 01:35,12315
2019-11-20 01:40,12375
2019-11-20 01:45,12388
2019-11-20 01:50,12463
2019-11-20 01:55,12464
2019-11-20 02:00,12495
2019-11-20 02:05,12523
2019-11-20 02:10,12440
2019-11-20 02:15,12367
2019-11-20 02:20,12351
2019-11-20 02:25,12405
2019-11-20 02:30,12381
2019-11-20 02:35,12237
2019-11-20 02:40,12109
2019-11-20 02:45,12160
2019-11-20 02:50,12152
2019-11-20 02:55,12101
2019-11-20 03:00,12059
2019-11-20 03:05,12003
2019-11-20 03:10,11890
2019-11-20 03:15,11889
2019-11-20 03:20,11832
2019-11-20 03:25,11792
2019-11-20 03:30,11737
2019-11-20 03:35,11626
2019-11-20 03:40,11535
2019-11-20 03:45,11463
2019-11-20 03:50,11350
2019-11-20 03:55,11283
2019-11-20 04:00,11148
2019-11-20 04:05,11014
2019-11-20 04:10,10896
2019-11-20 04:15,10777
2019-11-20 04:20,10660
2019-11-20 04:25,10493
2019-11-20 04:30,10369
2019-11-20 04:35,10285
2019-11-20 04:40,10148
2019-11-20 04:45,10060
2019-11-20 04:50,9867
2019-11-20 04:55,9759
2019-11-20 05:00,9601
2019-11-20 05:05,9406
2019-11-20 05:10,9261
2019-11-20 05:15,9136
2019-11-20 05:20,9011
2019-11-20 05:25,8797
2019-11-20 05:30,8672
2019-11-20 05:35,8489
2019-11-20 05:40,8321
2019-11-20 05:45,8108
2019-11-20 05:50,7933
2019-11-20 05:55,7814
2019-11-20 06:00,7638
2019-11-20 06:05,7517
2019-11-20 06:10,7372
2019-11-20 06:15,7253
2019-11-20 06:20,7130
2019-11-20 06:25,7053
2019-11-20 06:30,6962
2019-11-20 06:35,6802
2019-11-20 06:40,6650
2019-11-20 06:45,6563
2019-11-20 06:50,6427
2019-11-20 06:55,6266
2019-11-20 07:00,6149
2019-11-20 07:05,6069
2019-11-20 07:10,5951
2019-11-20 07:15,5824
2019-11-20 07:20,5737
2019-11-20 07:25,5676
2019-11-20 07:30,5602
2019-11-20 07:35,5521
2019-11-20 07:40,5457
2019-11-20 07:45,5393
2019-11-20 07:50,5281
2019-11-20 07:55,5165
2019-11-20 08:00,5105
2019-11-20 08:05,5051
2019-11-20 08:10,4995
2019-11-20 08:15,4947
2019-11-20 08:20,4867
2019-11-20 08:25,4782
2019-11-20 08:30,4737
2019-11-20 08:35,4756
2019-11-20 08:40,4712
2019-11-20 08:45,4650
2019-11-20 08:50,4670
2019-11-20 08:55,4642
2019-11-20 09:00,4603
2019-11-20 09:05,4577
2019-11-20 09:10,4568
2019-11-20 09:15,4562
2019-11-20 09:20,4533
2019-11-20 09:25,4515
2019-11-20 09:30,4521
2019-11-20 09:35,4528
2019-11-20 09:40,4513
2019-11-20 09:45,4518
2019-11-20 09:50,4573
2019-11-20 09:55,4546
2019-11-20 10:00,4550
2019-11-20 10:05,4569
2019-11-20 10:10,4615
2019-11-20 10:15,4621
2019-11-20 10:20,4647
2019-11-20 10:25,4682
2019-11-20 10:30,4702
2019-11-20 10:35,4785
2019-11-20 10:40,4785
2019-11-20 10:45,4818
2019-11-20 10:50,4877
2019-11-20 10:55,4872
2019-11-20 11:00,4863
2019-11-20 11:05,4911
2019-11-20 11:10,4947
2019-11-20 11:15,4965
2019-11-20 11:20,4959
2019-11-20 11:25,5028
2019-11-20 11:30,5079
2019-11-20 11:35,5174
2019-11-20 11:40,5213
2019-11-20 11:45,5250
2019-11-20 11:50,5309
2019-11-20 11:55,5363
2019-11-20 12:00,5376
2019-11-20 12:05,5419
2019-11-20 12:10,5451
2019-11-20 12:15,5484
2019-11-20 12:20,5495
2019-11-20 12:25,5585
2019-11-20 12:30,5607
2019-11-20 12:35,5664
2019-11-20 12:40,5757
2019-11-20 12:45,5797
2019-11-20 12:50,5895
2019-11-20 12:55,5954
2019-11-20 13:00,
2019-11-20 13:05,
2019-11-20 13:10,
2019-11-20 13:15,6256
2019-11-20 13:20,6294
2019-11-20 13:25,6342
2019-11-20 13:30,6491
2019-11-20 13:35,6578
2019-11-20 13:40,6659
2019-11-20 13:45,6767
2019-11-20 13:50,6818
2019-11-20 13:55,6882
2019-11-20 14:00,6928
2019-11-20 14:05,7036
2019-11-20 14:10,7162
2019-11-20 14:15,7180
2019-11-20 14:20,7290
2019-11-20 14:25,7394
2019-11-20 14:30,7473
2019-11-20 14:35,7584
2019-11-20 14:40,7700
2019-11-20 14:45,7758
2019-11-20 14:50,7883
2019-11-20 14:55,7932
2019-11-20 15:00,8024
2019-11-20 15:05,8066
2019-11-20 15:10,8139
2019-11-20 15:15,8282
2019-11-20 15:20,8400
2019-11-20 15:25,8453
2019-11-20 15:30,8527
2019-11-20 15:35,8607
2019-11-20 15:40,8684
2019-11-20 15:45,8797
2019-11-20 15:50,8877
2019-11-20 15:55,8995
2019-11-20 16:00,9111
2019-11-20 16:05,9254
2019-11-20 16:10,9406
2019-11-20 16:15,9546
2019-11-20 16:20,9623
2019-11-20 16:25,9715
2019-11-20 16:30,9872
2019-11-20 16:35,9941
2019-11-20 16:40,9991
2019-11-20 16:45,10078
2019-11-20 16:50,10154
2019-11-20 16:55,10328
2019-11-20 17:00,10415
2019-11-20 17:05,10517
2019-11-20 17:10,10582
2019-11-20 17:15,10680
2019-11-20 17:20,10701
2019-11-20 17:25,10796
2019-11-20 17:30,10874
2019-11-20 17:35,10917
2019-11-20 17:40,11033
2019-11-20 17:45,11137
2019-11-20 17:50,11258
2019-11-20 17:55,11325
2019-11-20 18:00,11372
2019-11-20 18:05,11385
2019-11-20 18:10,11487
2019-11-20 18:15,11582
2019-11-20 18:20,11702
2019-11-20 18:25,11741
2019-11-20 18:30,11908
2019-11-20 18:35,12002
2019-11-20 18:40,12078
2019-11-20 18:45,12143
2019-11-20 18:50,12262
2019-11-20 18:55,12343
2019-11-20 19:00,12388
2019-11-20 19:05,12537
2019-11-20 19:10,12625
2019-11-20 19:15,12668
2019-11-20 19:20,12722
2019-11-20 19:25,12773
2019-11-20 19:30,12882
2019-11-20 19:35,12906
2019-11-20 19:40,12990
2019-11-20 19:45,13022
2019-11-20 19:50,13123
2019-11-20 19:55,13171
2019-11-20 20:00,13133
2019-11-20 20:05,13132
2019-11-20 20:10,13180
2019-11-20 20:15,13219
2019-11-20 20:20,13195
2019-11-20 20:25,13268
2019-11-20 20:30,13220
2019-11-20 20:35,13230
2019-11-20 20:40,13248
2019-11-20 20:45,13259
2019-11-20 20:50,13250
2019-11-20 20:55,13305
2019-11-20 21:00,13310
2019-11-20 21:05,13310
2019-11-20 21:10,13318
2019-11-20 21:15,13328
2019-11-20 21:20,13256
2019-11-20 21:25,13230
2019-11-20 21:30,13199
2019-11-20 21:35,13170
2019-11-20 21:40,13149
2019-11-20 21:45,13080
2019-11-20 21:50,12999
2019-11-20 21:55,12971
2019-11-20 22:00,12813
2019-11-20 22:05,12726
2019-11-20 22:10,12630
2019-11-20 22:15,12633
2019-11-20 22:20,12645
2019-11-20 22:25,12621
2019-11-20 22:30,12621
2019-11-20 22:35,12527
2019-11-20 22:40,12518
2019-11-20 22:45,12392
2019-11-20 22:50,12275
2019-11-20 22:55,12137
2019-11-20 23:00,12061
2019-11-20 23:05,11944
2019-11-20 23:10,11802
2019-11-20 23:15,11680
2019-11-20 23:20,11582
2019-11-20 23:25,11536
2019-11-20 23:30,11478
2019-11-20 23:35,11424
2019-11-20 23:40,11393
2019-11-20 23:45,11400
2019-11-20 23:50,11366
2019-11-20 23:55,11337
2019-11-21 00:00,11266
2019-11-21 00:05,11288
2019-11-21 00:10,11281
2019-11-21 00:15,11304
2019-11-21 00:20,11344
2019-11-21 00:25,11370
2019-11-21 00:30,11361
2019-11-21 00:35,
2019-11-21 00:40,
2019-11-21 00:45,11481
2019-11-21 00:50,11460
2019-11-21 00:55,11555
2019-11-21 01:00,11546
2019-11-21 01:05,11541
2019-11-21 01:10,11550
2019-11-21 01:15,11595
2019-11-21 01:20,11632
2019-11-21 01:25,11663
2019-11-21 01:30,11695
2019-11-21 01:35,11695
2019-11-21 01:40,
2019-11-21 01:45,
2019-11-21 01:50,
2019-11-21 01:55,
2019-11-21 02:00,
2019-11-21 02:05,
2019-11-21 02:10,
2019-11-21 02:15,6721
2019-11-21 02:20,7297
2019-11-21 02:25,11183
2019-11-21 02:30,11566
2019-11-21 02:35,11758
2019-11-21 02:40,11814
2019-11-21 02:45,11842
2019-11-21 02:50,11835
2019-11-21 02:55,11888
2019-11-21 03:00,11806
2019-11-21 03:05,11674
2019-11-21 03:10,11632
2019-11-21 03:15,11558
2019-11-21 03:20,11587
2019-11-21 03:25,11488
2019-11-21 03:30,11385
2019-11-21 03:35,11309
2019-11-21 03:40,11243
2019-11-21 03:45,11218
2019-11-21 03:50,11059
2019-11-21 03:55,10939
2019-11-21 04:00,10882
2019-11-21 04:05,10784
2019-11-21 04:10,10609
2019-11-21 04:15,10511
2019-11-21 04:20,10445
2019-11-21 04:25,10349
2019-11-21 04:30,
2019-11-21 04:35,10088
2019-11-21 04:40,9989
2019-11-21 04:45,9896
2019-11-21 04:50,9755
2019-11-21 04:55,9597
2019-11-21 05:00,9495
2019-11-21 05:05,9287
2019-11-21 05:10,
2019-11-21 05:15,8932
2019-11-21 05:20,8735
2019-11-21 05:25,8640
2019-11-21 05:30,8453
2019-11-21 05:35,8303
2019-11-21 05:40,8129
2019-11-21 05:45,8016
2019-11-21 05:50,7858
2019-11-21 05:55,7756
2019-11-21 06:00,7607
2019-11-21 06:05,7438
2019-11-21 06:10,7283
2019-11-21 06:15,7123
2019-11-21 06:20,6982
2019-11-21 06:25,6867
2019-11-21 06:30,6705
2019-11-21 06:35,6618
2019-11-21 06:40,6463
2019-11-21 06:45,6386
2019-11-21 06:50,6311
2019-11-21 06:55,6202
2019-11-21 07:00,6092
2019-11-21 07:05,5997
2019-11-21 07:10,5861
2019-11-21 07:15,5817
2019-11-21 07:20,5691
2019-11-21 07:25,5567
2019-11-21 07:30,5434
2019-11-21 07:35,5339
2019-11-21 07:40,5259
2019-11-21 07:45,5216
2019-11-21 07:50,5164
2019-11-21 07:55,5087
2019-11-21 08:00,5057
2019-11-21 08:05,4988
2019-11-21 08:10,4922
2019-11-21 08:15,4858
2019-11-21 08:20,4831
2019-11-21 08:25,4774
2019-11-21 08:30,4731
2019-11-21 08:35,4665
2019-11-21 08:40,4652
2019-11-21 08:45,4618
2019-11-21 08:50,4579
2019-11-21 08:55,
2019-11-21 09:00,4466
2019-11-21 09:05,
2019-11-21 09:10,4428
2019-11-21 09:15,4395
2019-11-21 09:20,4317
2019-11-21 09:25,4254
2019-11-21 09:30,4270
2019-11-21 09:35,4260
2019-11-21 09:40,4244
2019-11-21 09:45,4273
2019-11-21 09:50,4295
2019-11-21 09:55,4304
2019-11-21 10:00,4289
2019-11-21 10:05,4281
2019-11-21 10:10,4301
2019-11-21 10:15,4341
2019-11-21 10:20,4345
2019-11-21 10:25,4393
2019-11-21 10:30,4451
2019-11-21 10:35,4468
2019-11-21 10:40,4530
2019-11-21 10:45,4519
2019-11-21 10:50,4553
2019-11-21 10:55,4627
2019-11-21 11:00,4641
2019-11-21 11:05,4637
2019-11-21 11:10,4645
2019-11-21 11:15,4689
2019-11-21 11:20,4745
2019-11-21 11:25,4789
2019-11-21 11:30,4839
2019-11-21 11:35,4900
2019-11-21 11:40,4977
2019-11-21 11:45,5007
2019-11-21 11:50,5032
2019-11-21 11:55,5070
2019-11-21 12:00,5099
2019-11-21 12:05,5142
2019-11-21 12:10,5171
2019-11-21 12:15,5189
2019-11-21 12:20,5251
2019-11-21 12:25,5264
2019-11-21 12:30,5339
2019-11-21 12:35,5382
2019-11-21 12:40,5437
2019-11-21 12:45,5517
2019-11-21 12:50,5610
2019-11-21 12:55,5689
2019-11-21 13:00,5776
2019-11-21 13:05,5854
2019-11-21 13:10,5911
2019-11-21 13:15,5991
2019-11-21 13:20,6038
2019-11-21 13:25,6133
2019-11-21 13:30,6246
2019-11-21 13:35,6345
2019-11-21 13:40,6399
2019-11-21 13:45,6483
2019-11-21 13:50,6549
2019-11-21 13:55,6651
2019-11-21 14:00,6700
2019-11-21 14:05,6772
2019-11-21 14:10,6817
2019-11-21 14:15,6862
2019-11-21 14:20,6943
2019-11-21 14:25,7005
2019-11-21 14:30,7091
2019-11-21 14:35,7208
2019-11-21 14:40,7293
2019-11-21 14:45,7429
2019-11-21 14:50,7490
2019-11-21 14:55,7598
2019-11-21 15:00,7700
2019-11-21 15:05,7832
2019-11-21 15:10,7942
2019-11-21 15:15,8061
2019-11-21 15:20,8154
2019-11-21 15:25,8240
2019-11-21 15:30,8343
2019-11-21 15:35,8385
2019-11-21 15:40,8466
2019-11-21 15:45,8579
2019-11-21 15:50,8692
2019-11-21 15:55,8785
2019-11-21 16:00,8836
2019-11-21 16:05,8916
2019-11-21 16:10,8970
2019-11-21 16:15,9118
2019-11-21 16:20,9239
2019-11-21 16:25,9337
2019-11-21 16:30,9524
2019-11-21 16:35,
2019-11-21 16:40,9680
2019-11-21 16:45,9735
2019-11-21 16:50,9851
2019-11-21 16:55,10007
2019-11-21 17:00,10114
2019-11-21 17:05,10217
2019-11-21 17:10,10291
2019-11-21 17:15,10328
2019-11-21 17:20,10373
2019-11-21 17:25,10453
2019-11-21 17:30,10595
2019-11-21 17:35,10675
2019-11-21 17:40,10838
2019-11-21 17:45,0
2019-11-21 17:50,11037
2019-11-21 17:55,11152
2019-11-21 18:00,11249
2019-11-21 18:05,11271
2019-11-21 18:10,11381
2019-11-21 18:15,11468
2019-11-21 18:20,11567
2019-11-21 18:25,11668
2019-11-21 18:30,11719
2019-11-21 18:35,11849
2019-11-21 18:40,11921
2019-11-21 18:45,12046
2019-11-21 18:50,12076
2019-11-21 18:55,12124
2019-11-21 19:00,12216
2019-11-21 19:05,12269
2019-11-21 19:10,12319
2019-11-21 19:15,12370
2019-11-21 19:20,12361
2019-11-21 19:25,12453
2019-11-21 19:30,12519
2019-11-21 19:35,12516
2019-11-21 19:40,12602
2019-11-21 19:45,12633
2019-11-21 19:50,12572
2019-11-21 19:55,12707
2019-11-21 20:00,12701
2019-11-21 20:05,12778
2019-11-21 20:10,12825
2019-11-21 20:15,12826
2019-11-21 20:20,12877
2019-11-21 20:25,12942
2019-11-21 20:30,12982
2019-11-21 20:35,12993
2019-11-21 20:40,13033
2019-11-21 20:45,13076
2019-11-21 20:50,13062
2019-11-21 20:55,13033
2019-11-21 21:00,13069
2019-11-21 21:05,13061
2019-11-21 21:10,12928
2019-11-21 21:15,12774
2019-11-21 21:20,12838
2019-11-21 21:25,12871
2019-11-21 21:30,12841
2019-11-21 21:35,12821
2019-11-21 21:40,12799
2019-11-21 21:45,12845
2019-11-21 21:50,12837
2019-11-21 21:55,12855
2019-11-21 22:00,0
2019-11-21 22:05,12768
2019-11-21 22:10,12742
2019-11-21 22:15,12756
2019-11-21 22:20,12718
2019-11-21 22:25,12603
2019-11-21 22:30,12526
2019-11-21 22:35,12119
2019-11-21 22:40,12342
2019-11-21 22:45,12366
2019-11-21 22:50,12299
2019-11-21 22:55,12216
2019-11-21 23:00,12101
2019-11-21 23:05,11998
2019-11-21 23:10,11469
2019-11-21 23:15,11460
2019-11-21 23:20,11720
2019-11-21 23:25,11697
2019-11-21 23:30,11652
2019-11-21 23:35,11600
2019-11-21 23:40,11512
2019-11-21 23:45,11482
2019-11-21 23:50,
2019-11-21 23:55,11380
2019-11-22 00:00,11354
2019-11-22 00:05,11371
2019-11-22 00:10,11364
2019-11-22 00:15,11384
2019-11-22 00:20,11404
2019-11-22 00:25,11351
2019-11-22 00:30,11373
2019-11-22 00:35,11458
2019-11-22 00:40,11495
2019-11-22 00:45,11472
2019-11-22 00:50,11479
2019-11-22 00:55,11535
2019-11-22 01:00,11567
2019-11-22 01:05,11594
2019-11-22 01:10,11597
2019-11-22 01:15,11581
2019-11-22 01:20,11616
2019-11-22 01:25,11695
2019-11-22 01:30,0
2019-11-22 01:35,11706
2019-11-22 01:40,11720
2019-11-22 01:45,11697
2019-11-22 01:50,11702
2019-11-22 01:55,11714
2019-11-22 02:00,11793
2019-11-22 02:05,11765
2019-11-22 02:10,11603
2019-11-22 02:15,11614
2019-11-22 02:20,11676
2019-11-22 02:25,11722
2019-11-22 02:30,11785
2019-11-22 02:35,11762
2019-11-22 02:40,11794
2019-11-22 02:45,
2019-11-22 02:50,
2019-11-22 02:55,11617
2019-11-22 03:00,11551
2019-11-22 03:05,11499
2019-11-22 03:10,11475
2019-11-22 03:15,11415
2019-11-22 03:20,11414
2019-11-22 03:25,11357
2019-11-22 03:30,11329
2019-11-22 03:35,
2019-11-22 03:40,11121
2019-11-22 03:45,11146
2019-11-22 03:50,11055
2019-11-22 03:55,10927
2019-11-22 04:00,10731
2019-11-22 04:05,10611
2019-11-22 04:10,10538
2019-11-22 04:15,10455
2019-11-22 04:20,10319
2019-11-22 04:25,10174
2019-11-22 04:30,9999
2019-11-22 04:35,9875
2019-11-22 04:40,9808
2019-11-22 04:45,9679
2019-11-22 04:50,9584
2019-11-22 04:55,9464
2019-11-22 05:00,9362
2019-11-22 05:05,9181
2019-11-22 05:10,8997
2019-11-22 05:15,8838
2019-11-22 05:20,8699
2019-11-22 05:25,8509
2019-11-22 05:30,8412
2019-11-22 05:35,8278
2019-11-22 05:40,8127
2019-11-22 05:45,7988
2019-11-22 05:50,7862
2019-11-22 05:55,7763
2019-11-22 06:00,7621
2019-11-22 06:05,7484
2019-11-22 06:10,7371
2019-11-22 06:15,7247
2019-11-22 06:20,7142
2019-11-22 06:25,7014
2019-11-22 06:30,6879
2019-11-22 06:35,6711
2019-11-22 06:40,6599
2019-11-22 06:45,6494
2019-11-22 06:50,6397
2019-11-22 06:55,6319
2019-11-22 07:00,6190
2019-11-22 07:05,6041
2019-11-22 07:10,5945
2019-11-22 07:15,5875
2019-11-22 07:20,5774
2019-11-22 07:25,5676
2019-11-22 07:30,5584
2019-11-22 07:35,
2019-11-22 07:40,
2019-11-22 07:45,5376
2019-11-22 07:50,5303
2019-11-22 07:55,5225
2019-11-22 08:00,5153
2019-11-22 08:05,5123
2019-11-22 08:10,5087
2019-11-22 08:15,5044
2019-11-22 08:20,5003
2019-11-22 08:25,4981
2019-11-22 08:30,4904
2019-11-22 08:35,4898
2019-11-22 08:40,4834
2019-11-22 08:45,4801
2019-11-22 08:50,4776
2019-11-22 08:55,4787
2019-11-22 09:00,4781
2019-11-22 09:05,4772
2019-11-22 09:10,4642
2019-11-22 09:15,4545
2019-11-22 09:20,4482
2019-11-22 09:25,4435
2019-11-22 09:30,4398
2019-11-22 09:35,4379
2019-11-22 09:40,4399
2019-11-22 09:45,4420
2019-11-22 09:50,4417
2019-11-22 09:55,4406
2019-11-22 10:00,4425
2019-11-22 10:05,4403
2019-11-22 10:10,4413
2019-11-22 10:15,4467
2019-11-22 10:20,4477
2019-11-22 10:25,4563
2019-11-22 10:30,4595
2019-11-22 10:35,4596
2019-11-22 10:40,4667
2019-11-22 10:45,4726
2019-11-22 10:50,4759
2019-11-22 10:55,4787
2019-11-22 11:00,4797
2019-11-22 11:05,4843
2019-11-22 11:10,4934
2019-11-22 11:15,4989
2019-11-22 11:20,5024
2019-11-22 11:25,5047
2019-11-22 11:30,5071
2019-11-22 11:35,5111
2019-11-22 11:40,5211
2019-11-22 11:45,5230
2019-11-22 11:50,5281
2019-11-22 11:55,5305
2019-11-22 12:00,5364
2019-11-22 12:05,5414
2019-11-22 12:10,5492
2019-11-22 12:15,5562
2019-11-22 12:20,5637
2019-11-22 12:25,5690
2019-11-22 12:30,5774
2019-11-22 12:35,5838
2019-11-22 12:40,5920
2019-11-22 12:45,5986
2019-11-22 12:50,6023
2019-11-22 12:55,6119
2019-11-22 13:00,6137
2019-11-22 13:05,6238
2019-11-22 13:10,6289
2019-11-22 13:15,6371
2019-11-22 13:20,6434
2019-11-22 13:25,6577
2019-11-22 13:30,6621
2019-11-22 13:35,6715
2019-11-22 13:40,6792
2019-11-22 13:45,6887
2019-11-22 13:50,6970
2019-11-22 13:55,7059
2019-11-22 14:00,7127
2019-11-22 14:05,7224
2019-11-22 14:10,7350
2019-11-22 14:15,7458
2019-11-22 14:20,7521
2019-11-22 14:25,7664
2019-11-22 14:30,7703
2019-11-22 14:35,7812
2019-11-22 14:40,7941
2019-11-22 14:45,8035
2019-11-22 14:50,8114
2019-11-22 14:55,8240
2019-11-22 15:00,8319
2019-11-22 15:05,8398
2019-11-22 15:10,8518
2019-11-22 15:15,8647
2019-11-22 15:20,8738
2019-11-22 15:25,8839
2019-11-22 15:30,8891
2019-11-22 15:35,8946
2019-11-22 15:40,9023
2019-11-22 15:45,9081
2019-11-22 15:50,9165
2019-11-22 15:55,9266
2019-11-22 16:00,9378
2019-11-22 16:05,9446
2019-11-22 16:10,9578
2019-11-22 16:15,9688
2019-11-22 16:20,9809
2019-11-22 16:25,9885
2019-11-22 16:30,9926
2019-11-22 16:35,10012
2019-11-22 16:40,10075
2019-11-22 16:45,10165
2019-11-22 16:50,10386
2019-11-22 16:55,10497
2019-11-22 17:00,10558
2019-11-22 17:05,10591
2019-11-22 17:10,10752
2019-11-22 17:15,10797
2019-11-22 17:20,10944
2019-11-22 17:25,10998
2019-11-22 17:30,11088
2019-11-22 17:35,11188
2019-11-22 17:40,11300
2019-11-22 17:45,11330
2019-11-22 17:50,11354
2019-11-22 17:55,11468
2019-11-22 18:00,11552
2019-11-22 18:05,11600
2019-11-22 18:10,11664
2019-11-22 18:15,11751
2019-11-22 18:20,11826
2019-11-22 18:25,11935
2019-11-22 18:30,12017
2019-11-22 18:35,12109
2019-11-22 18:40,12225
2019-11-22 18:45,12294
2019-11-22 18:50,12295
2019-11-22 18:55,12329
2019-11-22 19:00,12323
2019-11-22 19:05,12468
2019-11-22 19:10,12595
2019-11-22 19:15,12602
2019-11-22 19:20,12696
2019-11-22 19:25,12820
2019-11-22 19:30,12885
2019-11-22 19:35,13020
2019-11-22 19:40,13110
2019-11-22 19:45,13173
2019-11-22 19:50,13253
2019-11-22 19:55,13363
2019-11-22 20:00,13389
2019-11-22 20:05,13460
2019-11-22 20:10,13548
2019-11-22 20:15,13623
2019-11-22 20:20,13685
2019-11-22 20:25,13738
2019-11-22 20:30,13751
2019-11-22 20:35,13808
2019-11-22 20:40,13856
2019-11-22 20:45,13923
2019-11-22 20:50,14030
2019-11-22 20:55,14044
2019-11-22 21:00,13981
2019-11-22 21:05,13998
2019-11-22 21:10,14054
2019-11-22 21:15,14115
2019-11-22 21:20,14145
2019-11-22 21:25,14149
2019-11-22 21:30,14207
2019-11-22 21:35,14269
2019-11-22 21:40,14276
2019-11-22 21:45,14332
2019-11-22 21:50,14326
2019-11-22 21:55,14290
2019-11-22 22:00,14323
2019-11-22 22:05,14288
2019-11-22 22:10,14284
2019-11-22 22:15,14206
2019-11-22 22:20,14201
2019-11-22 22:25,14210
2019-11-22 22:30,14144
2019-11-22 22:35,14046
2019-11-22 22:40,13954
2019-11-22 22:45,13958
2019-11-22 22:50,13919
2019-11-22 22:55,
2019-11-22 23:00,
2019-11-22 23:05,13817
2019-11-22 23:10,13666
2019-11-22 23:15,13612
2019-11-22 23:20,13552
2019-11-22 23:25,13488
2019-11-22 23:30,13379
2019-11-22 23:35,
2019-11-22 23:40,
2019-11-22 23:45,
2019-11-22 23:50,
2019-11-22 23:55,
2019-11-23 00:00,
2019-11-23 00:05,
2019-11-23 00:10,
2019-11-23 00:15,12810
2019-11-23 00:20,12765
2019-11-23 00:25,12809
2019-11-23 00:30,12722
2019-11-23 00:35,12654
2019-11-23 00:40,12657
2019-11-23 00:45,12671
2019-11-23 00:50,12652
2019-11-23 00:55,12590
2019-11-23 01:00,12564
2019-11-23 01:05,12532
2019-11-23 01:10,12469
2019-11-23 01:15,12453
2019-11-23 01:20,12469
2019-11-23 01:25,12451
2019-11-23 01:30,12421
2019-11-23 01:35,12483
2019-11-23 01:40,12466
2019-11-23 01:45,12464
2019-11-23 01:50,
2019-11-23 01:55,
2019-11-23 02:00,12053
2019-11-23 02:05,11691
2019-11-23 02:10,11280
2019-11-23 02:15,11503
2019-11-23 02:20,11740
2019-11-23 02:25,11774
2019-11-23 02:30,11813
2019-11-23 02:35,11928
2019-11-23 02:40,12039
2019-11-23 02:45,12093
2019-11-23 02:50,12091
2019-11-23 02:55,12111
2019-11-23 03:00,12097
2019-11-23 03:05,12187
2019-11-23 03:10,12195
2019-11-23 03:15,12198
2019-11-23 03:20,12285
2019-11-23 03:25,12291
2019-11-23 03:30,12369
2019-11-23 03:35,12393
2019-11-23 03:40,12403
2019-11-23 03:45,12371
2019-11-23 03:50,12314
2019-11-23 03:55,12158
2019-11-23 04:00,12117
2019-11-23 04:05,12031
2019-11-23 04:10,11963
2019-11-23 04:15,11945
2019-11-23 04:20,11878
2019-11-23 04:25,11851
2019-11-23 04:30,11768
2019-11-23 04:35,11736
2019-11-23 04:40,11661
2019-11-23 04:45,11648
2019-11-23 04:50,11536
2019-11-23 04:55,11458
2019-11-23 05:00,11258
2019-11-23 05:05,11147
2019-11-23 05:10,11051
2019-11-23 05:15,10994
2019-11-23 05:20,10846
2019-11-23 05:25,10710
2019-11-23 05:30,10581
2019-11-23 05:35,10449
2019-11-23 05:40,10262
2019-11-23 05:45,10087
2019-11-23 05:50,9973
2019-11-23 05:55,9882
2019-11-23 06:00,9755
2019-11-23 06:05,9592
2019-11-23 06:10,9446
2019-11-23 06:15,9291
2019-11-23 06:20,9124
2019-11-23 06:25,8962
2019-11-23 06:30,8870
2019-11-23 06:35,8723
2019-11-23 06:40,8635
2019-11-23 06:45,8533
2019-11-23 06:50,8388
2019-11-23 06:55,8228
2019-11-23 07:00,8124
2019-11-23 07:05,8022
2019-11-23 07:10,7917
2019-11-23 07:15,7828
2019-11-23 07:20,7734
2019-11-23 07:25,7574
2019-11-23 07:30,7450
2019-11-23 07:35,7321
2019-11-23 07:40,7246
2019-11-23 07:45,7166
2019-11-23 07:50,7055
2019-11-23 07:55,6978
2019-11-23 08:00,6896
2019-11-23 08:05,6794
2019-11-23 08:10,6702
2019-11-23 08:15,6644
2019-11-23 08:20,6603
2019-11-23 08:25,6558
2019-11-23 08:30,6510
2019-11-23 08:35,6462
2019-11-23 08:40,6391
2019-11-23 08:45,6311
2019-11-23 08:50,6233
2019-11-23 08:55,6208
2019-11-23 09:00,6181
2019-11-23 09:05,6166
2019-11-23 09:10,6135
2019-11-23 09:15,6089
2019-11-23 09:20,6042
2019-11-23 09:25,6057
2019-11-23 09:30,6054
2019-11-23 09:35,6053
2019-11-23 09:40,6022
2019-11-23 09:45,6027
2019-11-23 09:50,6016
2019-11-23 09:55,6001
2019-11-23 10:00,6025
2019-11-23 10:05,6059
2019-11-23 10:10,6065
2019-11-23 10:15,6145
2019-11-23 10:20,6200
2019-11-23 10:25,6239
2019-11-23 10:30,6323
2019-11-23 10:35,6384
2019-11-23 10:40,6441
2019-11-23 10:45,6503
2019-11-23 10:50,6538
2019-11-23 10:55,6643
2019-11-23 11:00,6748
2019-11-23 11:05,6815
2019-11-23 11:10,6888
2019-11-23 11:15,6922
2019-11-23 11:20,6998
2019-11-23 11:25,7066
2019-11-23 11:30,7133
2019-11-23 11:35,7255
2019-11-23 11:40,7279
2019-11-23 11:45,7340
2019-11-23 11:50,7398
2019-11-23 11:55,7498
2019-11-23 12:00,7495
2019-11-23 12:05,7539
2019-11-23 12:10,7597
2019-11-23 12:15,7577
2019-11-23 12:20,7609
2019-11-23 12:25,7701
2019-11-23 12:30,7791
2019-11-23 12:35,7824
2019-11-23 12:40,7926
2019-11-23 12:45,8008
2019-11-23 12:50,8102
2019-11-23 12:55,8223
2019-11-23 13:00,8291
2019-11-23 13:05,8404
2019-11-23 13:10,8543
2019-11-23 13:15,8604
2019-11-23 13:20,8729
2019-11-23 13:25,8814
2019-11-23 13:30,8924
2019-11-23 13:35,9063
2019-11-23 13:40,9126
2019-11-23 13:45,9212
2019-11-23 13:50,9309
2019-11-23 13:55,9459
2019-11-23 14:00,9533
2019-11-23 14:05,9615
2019-11-23 14:10,9741
2019-11-23 14:15,9864
2019-11-23 14:20,9938
2019-11-23 14:25,10008
2019-11-23 14:30,10173
2019-11-23 14:35,
2019-11-23 14:40,10423
2019-11-23 14:45,10506
2019-11-23 14:50,10556
2019-11-23 14:55,10581
2019-11-23 15:00,10669
2019-11-23 15:05,10753
2019-11-23 15:10,10831
2019-11-23 15:15,10863
2019-11-23 15:20,10907
2019-11-23 15:25,10959
2019-11-23 15:30,11083
2019-11-23 15:35,
2019-11-23 15:40,11171
2019-11-23 15:45,11315
2019-11-23 15:50,11453
2019-11-23 15:55,11570
2019-11-23 16:00,11652
2019-11-23 16:05,11766
2019-11-23 16:10,11830
2019-11-23 16:15,11958
2019-11-23 16:20,12026
2019-11-23 16:25,12154
2019-11-23 16:30,12283
2019-11-23 16:35,12285
2019-11-23 16:40,12321
2019-11-23 16:45,12428
2019-11-23 16:50,12454
2019-11-23 16:55,12513
2019-11-23 17:00,12533
2019-11-23 17:05,12604
2019-11-23 17:10,12637
2019-11-23 17:15,12695
2019-11-23 17:20,12755
2019-11-23 17:25,12893
2019-11-23 17:30,12984
2019-11-23 17:35,13114
2019-11-23 17:40,13241
2019-11-23 17:45,13414
2019-11-23 17:50,13466
2019-11-23 17:55,13554
2019-11-23 18:00,13692
2019-11-23 18:05,13820
2019-11-23 18:10,13851
2019-11-23 18:15,13988
2019-11-23 18:20,14002
2019-11-23 18:25,14096
2019-11-23 18:30,14225
2019-11-23 18:35,14238
2019-11-23 18:40,14301
2019-11-23 18:45,14349
2019-11-23 18:50,14382
2019-11-23 18:55,14377
2019-11-23 19:00,14453
2019-11-23 19:05,14574
2019-11-23 19:10,14676
2019-11-23 19:15,14750
2019-11-23 19:20,14854
2019-11-23 19:25,14952
2019-11-23 19:30,14997
2019-11-23 19:35,15010
2019-11-23 19:40,14990
2019-11-23 19:45,15059
2019-11-23 19:50,15065
2019-11-23 19:55,15113
2019-11-23 20:00,15143
2019-11-23 20:05,15163
2019-11-23 20:10,15213
2019-11-23 20:15,15279
2019-11-23 20:20,15390
2019-11-23 20:25,15371
2019-11-23 20:30,15411
2019-11-23 20:35,15461
2019-11-23 20:40,15555
2019-11-23 20:45,15598
2019-11-23 20:50,15593
2019-11-23 20:55,15641
2019-11-23 21:00,15692
2019-11-23 21:05,15696
2019-11-23 21:10,15675
2019-11-23 21:15,15664
2019-11-23 21:20,15704
2019-11-23 21:25,15683
2019-11-23 21:30,15723
2019-11-23 21:35,15700
2019-11-23 21:40,15681
2019-11-23 21:45,15727
2019-11-23 21:50,15711
2019-11-23 21:55,15682
2019-11-23 22:00,15654
2019-11-23 22:05,15587
2019-11-23 22:10,15576
2019-11-23 22:15,15570
2019-11-23 22:20,15537
2019-11-23 22:25,15394
2019-11-23 22:30,15350
2019-11-23 22:35,15253
2019-11-23 22:40,15216
2019-11-23 22:45,15235
2019-11-23 22:50,15218
2019-11-23 22:55,15156
2019-11-23 23:00,15094
2019-11-23 23:05,14980
2019-11-23 23:10,14844
2019-11-23 23:15,14663
2019-11-23 23:20,14581
2019-11-23 23:25,14514
2019-11-23 23:30,14448
2019-11-23 23:35,14390
2019-11-23 23:40,14307
2019-11-23 23:45,14215
2019-11-23 23:50,14080
2019-11-23 23:55,14014
2019-11-24 00:00,14016
2019-11-24 00:05,13808
2019-11-24 00:10,13668
2019-11-24 00:15,13568
2019-11-24 00:20,13549
2019-11-24 00:25,13427
2019-11-24 00:30,13368
2019-11-24 00:35,13246
2019-11-24 00:40,13173
2019-11-24 00:45,13081
2019-11-24 00:50,13047
2019-11-24 00:55,13009
2019-11-24 01:00,13028
2019-11-24 01:05,12968
2019-11-24 01:10,12908
2019-11-24 01:15,12852
2019-11-24 01:20,12773
2019-11-24 01:25,12729
2019-11-24 01:30,12709
2019-11-24 01:35,12675
2019-11-24 01:40,12703
2019-11-24 01:45,12674
2019-11-24 01:50,12722
2019-11-24 01:55,12754
2019-11-24 02:00,12746
2019-11-24 02:05,12678
2019-11-24 02:10,12662
2019-11-24 02:15,12611
2019-11-24 02:20,12623
2019-11-24 02:25,12626
2019-11-24 02:30,12626
2019-11-24 02:35,12648
2019-11-24 02:40,12699
2019-11-24 02:45,12638
2019-11-24 02:50,12553
2019-11-24 02:55,12501
2019-11-24 03:00,12506
2019-11-24 03:05,12468
2019-11-24 03:10,12441
2019-11-24 03:15,12503
2019-11-24 03:20,12503
2019-11-24 03:25,12475
2019-11-24 03:30,12432
2019-11-24 03:35,12364
2019-11-24 03:40,12313
2019-11-24 03:45,12246
2019-11-24 03:50,12272
2019-11-24 03:55,12211
2019-11-24 04:00,12133
2019-11-24 04:05,12134
2019-11-24 04:10,12077
2019-11-24 04:15,12001
2019-11-24 04:20,11975
2019-11-24 04:25,11916
2019-11-24 04:30,11842
2019-11-24 04:35,11802
2019-11-24 04:40,11714
2019-11-24 04:45,11689
2019-11-24 04:50,11626
2019-11-24 04:55,11575
2019-11-24 05:00,11450
2019-11-24 05:05,11324
2019-11-24 05:10,11203
2019-11-24 05:15,11081
2019-11-24 05:20,11010
2019-11-24 05:25,10914
2019-11-24 05:30,10801
2019-11-24 05:35,10692
2019-11-24 05:40,10581
2019-11-24 05:45,10472
2019-11-24 05:50,10371
2019-11-24 05:55,10293
2019-11-24 06:00,10207
2019-11-24 06:05,10058
2019-11-24 06:10,9965
2019-11-24 06:15,9884
2019-11-24 06:20,9737
2019-11-24 06:25,9556
2019-11-24 06:30,9394
2019-11-24 06:35,9280
2019-11-24 06:40,9169
2019-11-24 06:45,9014
2019-11-24 06:50,8888
2019-11-24 06:55,8806
2019-11-24 07:00,8665
2019-11-24 07:05,8495
2019-11-24 07:10,8387
2019-11-24 07:15,8301
2019-11-24 07:20,8171
2019-11-24 07:25,8033
2019-11-24 07:30,7892
2019-11-24 07:35,7806
2019-11-24 07:40,7712
2019-11-24 07:45,7649
2019-11-24 07:50,7495
2019-11-24 07:55,7357
2019-11-24 08:00,7303
2019-11-24 08:05,7260
2019-11-24 08:10,7157
2019-11-24 08:15,7036
2019-11-24 08:20,6964
2019-11-24 08:25,6852
2019-11-24 08:30,6814
2019-11-24 08:35,6820
2019-11-24 08:40,6714
2019-11-24 08:45,6688
2019-11-24 08:50,6580
2019-11-24 08:55,6589
2019-11-24 09:00,6550
2019-11-24 09:05,6490
2019-11-24 09:10,6454
2019-11-24 09:15,6378
2019-11-24 09:20,6367
2019-11-24 09:25,6306
2019-11-24 09:30,6285
2019-11-24 09:35,6288
2019-11-24 09:40,6305
2019-11-24 09:45,6332
2019-11-24 09:50,6392
2019-11-24 09:55,6370
2019-11-24 10:00,6436
2019-11-24 10:05,6471
2019-11-24 10:10,6519
2019-11-24 10:15,6590
2019-11-24 10:20,6608
2019-11-24 10:25,6682
2019-11-24 10:30,6742
2019-11-24 10:35,6756
2019-11-24 10:40,6830
2019-11-24 10:45,6913
2019-11-24 10:50,6918
2019-11-24 10:55,6956
2019-11-24 11:00,6984
2019-11-24 11:05,7046
2019-11-24 11:10,7099
2019-11-24 11:15,7138
2019-11-24 11:20,7173
2019-11-24 11:25,7287
2019-11-24 11:30,7329
2019-11-24 11:35,7427
2019-11-24 11:40,7522
2019-11-24 11:45,7581
2019-11-24 11:50,7664
2019-11-24 11:55,7757
2019-11-24 12:00,7796
2019-11-24 12:05,7817
2019-11-24 12:10,7874
2019-11-24 12:15,7929
2019-11-24 12:20,8073
2019-11-24 12:25,8148
2019-11-24 12:30,8230
2019-11-24 12:35,8317
2019-11-24 12:40,8440
2019-11-24 12:45,8596
2019-11-24 12:50,8714
2019-11-24 12:55,8849
2019-11-24 13:00,8938
2019-11-24 13:05,9056
2019-11-24 13:10,9139
2019-11-24 13:15,9199
2019-11-24 13:20,9270
2019-11-24 13:25,9365
2019-11-24 13:30,9433
2019-11-24 13:35,9501
2019-11-24 13:40,9540
2019-11-24 13:45,9647
2019-11-24 13:50,9754
2019-11-24 13:55,9813
2019-11-24 14:00,9881
2019-11-24 14:05,9943
2019-11-24 14:10,10013
2019-11-24 14:15,10149
2019-11-24 14:20,10297
2019-11-24 14:25,10374
2019-11-24 14:30,10516
2019-11-24 14:35,10663
2019-11-24 14:40,10809
2019-11-24 14:45,10926
2019-11-24 14:50,11006
2019-11-24 14:55,11056
2019-11-24 15:00,11170
2019-11-24 15:05,11307
2019-11-24 15:10,11372
2019-11-24 15:15,11460
2019-11-24 15:20,11566
2019-11-24 15:25,11690
2019-11-24 15:30,11774
2019-11-24 15:35,11839
2019-11-24 15:40,11940
2019-11-24 15:45,12025
2019-11-24 15:50,12106
2019-11-24 15:55,12216
2019-11-24 16:00,12236
2019-11-24 16:05,12329
2019-11-24 16:10,12424
2019-11-24 16:15,12546
2019-11-24 16:20,12646
2019-11-24 16:25,12765
2019-11-24 16:30,12839
2019-11-24 16:35,12899
2019-11-24 16:40,13002
2019-11-24 16:45,13013
2019-11-24 16:50,13185
2019-11-24 16:55,13245
2019-11-24 17:00,13311
2019-11-24 17:05,13362
2019-11-24 17:10,13476
2019-11-24 17:15,13545
2019-11-24 17:20,13594
2019-11-24 17:25,13750
2019-11-24 17:30,13797
2019-11-24 17:35,13912
2019-11-24 17:40,14057
2019-11-24 17:45,14210
2019-11-24 17:50,14386
2019-11-24 17:55,14494
2019-11-24 18:00,14572
2019-11-24 18:05,14661
2019-11-24 18:10,14771
2019-11-24 18:15,14897
2019-11-24 18:20,14901
2019-11-24 18:25,15018
2019-11-24 18:30,15112
2019-11-24 18:35,15123
2019-11-24 18:40,15188
2019-11-24 18:45,15239
2019-11-24 18:50,15357
2019-11-24 18:55,15435
2019-11-24 19:00,15515
2019-11-24 19:05,15603
2019-11-24 19:10,15653
2019-11-24 19:15,15758
2019-11-24 19:20,15825
2019-11-24 19:25,15870
2019-11-24 19:30,15974
2019-11-24 19:35,16014
2019-11-24 19:40,16139
2019-11-24 19:45,16248
2019-11-24 19:50,16350
2019-11-24 19:55,16377
2019-11-24 20:00,16401
2019-11-24 20:05,16378
2019-11-24 20:10,16404
2019-11-24 20:15,16405
2019-11-24 20:20,16337
2019-11-24 20:25,16368
2019-11-24 20:30,16359
2019-11-24 20:35,16259
2019-11-24 20:40,16198
2019-11-24 20:45,16190
2019-11-24 20:50,16183
2019-11-24 20:55,16195
2019-11-24 21:00,16083
2019-11-24 21:05,15970
2019-11-24 21:10,15904
2019-11-24 21:15,15853
2019-11-24 21:20,15754
2019-11-24 21:25,15786
2019-11-24 21:30,15696
2019-11-24 21:35,15591
2019-11-24 21:40,15526
2019-11-24 21:45,15419
2019-11-24 21:50,15329
2019-11-24 21:55,15229
2019-11-24 22:00,15112
2019-11-24 22:05,15030
2019-11-24 22:10,14886
2019-11-24 22:15,14773
2019-11-24 22:20,14688
2019-11-24 22:25,14640
2019-11-24 22:30,14555
2019-11-24 22:35,14390
2019-11-24 22:40,14364
2019-11-24 22:45,14233
2019-11-24 22:50,14067
2019-11-24 22:55,13983
2019-11-24 23:00,13862
2019-11-24 23:05,13794
2019-11-24 23:10,13655
2019-11-24 23:15,13542
2019-11-24 23:20,13469
2019-11-24 23:25,13419
2019-11-24 23:30,13347
2019-11-24 23:35,13275
2019-11-24 23:40,13133
2019-11-24 23:45,13148
2019-11-24 23:50,13065
2019-11-24 23:55,13002
2019-11-25 00:00,12898
2019-11-25 00:05,12800
2019-11-25 00:10,12792
2019-11-25 00:15,12786
2019-11-25 00:20,12787
2019-11-25 00:25,12748
2019-11-25 00:30,12726
2019-11-25 00:35,12636
2019-11-25 00:40,12623
2019-11-25 00:45,12558
2019-11-25 00:50,12594
2019-11-25 00:55,12644
2019-11-25 01:00,12614
2019-11-25 01:05,12622
2019-11-25 01:10,12612
2019-11-25 01:15,12591
2019-11-25 01:20,12646
2019-11-25 01:25,12654
2019-11-25 01:30,12497
2019-11-25 01:35,12615
2019-11-25 01:40,12603
2019-11-25 01:45,12598
2019-11-25 01:50,12530
2019-11-25 01:55,12487
2019-11-25 02:00,12448
2019-11-25 02:05,12425
2019-11-25 02:10,12482
2019-11-25 02:15,12384
2019-11-25 02:20,12371
2019-11-25 02:25,12366
2019-11-25 02:30,12335
2019-11-25 02:35,12294
2019-11-25 02:40,12204
2019-11-25 02:45,12151
2019-11-25 02:50,12095
2019-11-25 02:55,12075
2019-11-25 03:00,11995
2019-11-25 03:05,11837
2019-11-25 03:10,11754
2019-11-25 03:15,11734
2019-11-25 03:20,11643
2019-11-25 03:25,11590
2019-11-25 03:30,11452
2019-11-25 03:35,11347
2019-11-25 03:40,11236
2019-11-25 03:45,11024
2019-11-25 03:50,10917
2019-11-25 03:55,10779
2019-11-25 04:00,10696
2019-11-25 04:05,10535
2019-11-25 04:10,10381
2019-11-25 04:15,10334
2019-11-25 04:20,10203
2019-11-25 04:25,10092
2019-11-25 04:30,10016
2019-11-25 04:35,9881
2019-11-25 04:40,9807
2019-11-25 04:45,9654
2019-11-25 04:50,9536
2019-11-25 04:55,9385
2019-11-25 05:00,9245
2019-11-25 05:05,9113
2019-11-25 05:10,9001
2019-11-25 05:15,8831
2019-11-25 05:20,8705
2019-11-25 05:25,8601
2019-11-25 05:30,8445
2019-11-25 05:35,8288
2019-11-25 05:40,8134
2019-11-25 05:45,8022
2019-11-25 05:50,7837
2019-11-25 05:55,7675
2019-11-25 06:00,7516
2019-11-25 06:05,7315
2019-11-25 06:10,7179
2019-11-25 06:15,7083
2019-11-25 06:20,6971
2019-11-25 06:25,6827
2019-11-25 06:30,6703
2019-11-25 06:35,6585
2019-11-25 06:40,6468
2019-11-25 06:45,6363
2019-11-25 06:50,6247
2019-11-25 06:55,6149
2019-11-25 07:00,5987
2019-11-25 07:05,5897
2019-11-25 07:10,5808
2019-11-25 07:15,5750
2019-11-25 07:20,5626
2019-11-25 07:25,5571
2019-11-25 07:30,5465
2019-11-25 07:35,5386
2019-11-25 07:40,5304
2019-11-25 07:45,5230
2019-11-25 07:50,5151
2019-11-25 07:55,5068
2019-11-25 08:00,5001
2019-11-25 08:05,4942
2019-11-25 08:10,4885
2019-11-25 08:15,4790
2019-11-25 08:20,4729
2019-11-25 08:25,4690
2019-11-25 08:30,4653
2019-11-25 08:35,4595
2019-11-25 08:40,4576
2019-11-25 08:45,4523
2019-11-25 08:50,4456
2019-11-25 08:55,4400
2019-11-25 09:00,4387
2019-11-25 09:05,4357
2019-11-25 09:10,4379
2019-11-25 09:15,4398
2019-11-25 09:20,4359
2019-11-25 09:25,4354
2019-11-25 09:30,4357
2019-11-25 09:35,4351
2019-11-25 09:40,4328
2019-11-25 09:45,4304
2019-11-25 09:50,4322
2019-11-25 09:55,4326
2019-11-25 10:00,4333
2019-11-25 10:05,4307
2019-11-25 10:10,4285
2019-11-25 10:15,4291
2019-11-25 10:20,4287
2019-11-25 10:25,4331
2019-11-25 10:30,4355
2019-11-25 10:35,4397
2019-11-25 10:40,4468
2019-11-25 10:45,4479
2019-11-25 10:50,4497
2019-11-25 10:55,4535
2019-11-25 11:00,4549
2019-11-25 11:05,4567
2019-11-25 11:10,4599
2019-11-25 11:15,4584
2019-11-25 11:20,4635
2019-11-25 11:25,4599
2019-11-25 11:30,4681
2019-11-25 11:35,4705
2019-11-25 11:40,4746
2019-11-25 11:45,4760
2019-11-25 11:50,4783
2019-11-25 11:55,4817
2019-11-25 12:00,4849
2019-11-25 12:05,4874
2019-11-25 12:10,4922
2019-11-25 12:15,4970
2019-11-25 12:20,5022
2019-11-25 12:25,5096
2019-11-25 12:30,5175
2019-11-25 12:35,5230
2019-11-25 12:40,5257
2019-11-25 12:45,5318
2019-11-25 12:50,5335
2019-11-25 12:55,5420
2019-11-25 13:00,5469
2019-11-25 13:05,5516
2019-11-25 13:10,5584
2019-11-25 13:15,5681
2019-11-25 13:20,5736
2019-11-25 13:25,5863
2019-11-25 13:30,5932
2019-11-25 13:35,5970
2019-11-25 13:40,6040
2019-11-25 13:45,6072
2019-11-25 13:50,6143
2019-11-25 13:55,6222
2019-11-25 14:00,6239
2019-11-25 14:05,6332
2019-11-25 14:10,6445
2019-11-25 14:15,6498
2019-11-25 14:20,6533
2019-11-25 14:25,6618
2019-11-25 14:30,6712
2019-11-25 14:35,6797
2019-11-25 14:40,6874
2019-11-25 14:45,6951
2019-11-25 14:50,7048
2019-11-25 14:55,7177
2019-11-25 15:00,7284
2019-11-25 15:05,7389
2019-11-25 15:10,7459
2019-11-25 15:15,7521
2019-11-25 15:20,7579
2019-11-25 15:25,7686
2019-11-25 15:30,7759
2019-11-25 15:35,7881
2019-11-25 15:40,7952
2019-11-25 15:45,8111
2019-11-25 15:50,8310
2019-11-25 15:55,8347
2019-11-25 16:00,8411
2019-11-25 16:05,8518
2019-11-25 16:10,8563
2019-11-25 16:15,8687
2019-11-25 16:20,8795
2019-11-25 16:25,8896
2019-11-25 16:30,8977
2019-11-25 16:35,9093
2019-11-25 16:40,9189
2019-11-25 16:45,9251
2019-11-25 16:50,9365
2019-11-25 16:55,9459
2019-11-25 17:00,9582
2019-11-25 17:05,9737
2019-11-25 17:10,9835
2019-11-25 17:15,9904
2019-11-25 17:20,10076
2019-11-25 17:25,10171
2019-11-25 17:30,10324
2019-11-25 17:35,10474
2019-11-25 17:40,10533
2019-11-25 17:45,10655
2019-11-25 17:50,10804
2019-11-25 17:55,10861
2019-11-25 18:00,10997
2019-11-25 18:05,11095
2019-11-25 18:10,11249
2019-11-25 18:15,11363
2019-11-25 18:20,11452
2019-11-25 18:25,11572
2019-11-25 18:30,11627
2019-11-25 18:35,11754
2019-11-25 18:40,11843
2019-11-25 18:45,11972
2019-11-25 18:50,12029
2019-11-25 18:55,12087
2019-11-25 19:00,12149
2019-11-25 19:05,12210
2019-11-25 19:10,12283
2019-11-25 19:15,12389
2019-11-25 19:20,12521
2019-11-25 19:25,12574
2019-11-25 19:30,12651
2019-11-25 19:35,12745
2019-11-25 19:40,12875
2019-11-25 19:45,12937
2019-11-25 19:50,12943
2019-11-25 19:55,13043
2019-11-25 20:00,13079
2019-11-25 20:05,13079
2019-11-25 20:10,13079
2019-11-25 20:15,13079
2019-11-25 20:20,13079
2019-11-25 20:25,13079
2019-11-25 20:30,13048
2019-11-25 20:35,12959
2019-11-25 20:40,13048
2019-11-25 20:45,13046
2019-11-25 20:50,13037
2019-11-25 20:55,12994
2019-11-25 21:00,12913
2019-11-25 21:05,12866
2019-11-25 21:10,12765
2019-11-25 21:15,12768
2019-11-25 21:20,12672
2019-11-25 21:25,12560
2019-11-25 21:30,12545
2019-11-25 21:35,12545
2019-11-25 21:40,12554
2019-11-25 21:45,12453
2019-11-25 21:50,12355
2019-11-25 21:55,12289
2019-11-25 22:00,12163
2019-11-25 22:05,12134
2019-11-25 22:10,12070
2019-11-25 22:15,12001
2019-11-25 22:20,11924
2019-11-25 22:25,11905
2019-11-25 22:30,11807
2019-11-25 22:35,11754
2019-11-25 22:40,11725
2019-11-25 22:45,11656
2019-11-25 22:50,11623
2019-11-25 22:55,11557
2019-11-25 23:00,11430
2019-11-25 23:05,11368
2019-11-25 23:10,11253
2019-11-25 23:15,11224
2019-11-25 23:20,11217
2019-11-25 23:25,11149
2019-11-25 23:30,11068
2019-11-25 23:35,11064
2019-11-25 23:40,11012
2019-11-25 23:45,0
2019-11-25 23:50,10043
2019-11-25 23:55,10745
2019-11-26 00:00,10893
2019-11-26 00:05,10890
2019-11-26 00:10,10937
2019-11-26 00:15,11003
2019-11-26 00:20,10998
2019-11-26 00:25,11034
2019-11-26 00:30,11049
2019-11-26 00:35,11060
2019-11-26 00:40,11089
2019-11-26 00:45,11125
2019-11-26 00:50,11147
2019-11-26 00:55,11172
2019-11-26 01:00,11199
2019-11-26 01:05,11229
2019-11-26 01:10,11225
2019-11-26 01:15,11253
2019-11-26 01:20,11218
2019-11-26 01:25,11211
2019-11-26 01:30,11199
2019-11-26 01:35,11241
2019-11-26 01:40,11223
2019-11-26 01:45,0
2019-11-26 01:50,11298
2019-11-26 01:55,11329
2019-11-26 02:00,11343
2019-11-26 02:05,11331
2019-11-26 02:10,11390
2019-11-26 02:15,11361
2019-11-26 02:20,11313
2019-11-26 02:25,11367
2019-11-26 02:30,11340
2019-11-26 02:35,11266
2019-11-26 02:40,11263
2019-11-26 02:45,11277
2019-11-26 02:50,11218
2019-11-26 02:55,11203
2019-11-26 03:00,11141
2019-11-26 03:05,11084
2019-11-26 03:10,11017
2019-11-26 03:15,10976
2019-11-26 03:20,10979
2019-11-26 03:25,10909
2019-11-26 03:30,10843
2019-11-26 03:35,10789
2019-11-26 03:40,10749
2019-11-26 03:45,10661
2019-11-26 03:50,10568
2019-11-26 03:55,10513
2019-11-26 04:00,10345
2019-11-26 04:05,10290
2019-11-26 04:10,10174
2019-11-26 04:15,10059
2019-11-26 04:20,9892
2019-11-26 04:25,9806
2019-11-26 04:30,9714
2019-11-26 04:35,9566
2019-11-26 04:40,9449
2019-11-26 04:45,9388
2019-11-26 04:50,9322
2019-11-26 04:55,9175
2019-11-26 05:00,9062
2019-11-26 05:05,8918
2019-11-26 05:10,8760
2019-11-26 05:15,8609
2019-11-26 05:20,8504
2019-11-26 05:25,8344
2019-11-26 05:30,8223
2019-11-26 05:35,8017
2019-11-26 05:40,7969
2019-11-26 05:45,7826
2019-11-26 05:50,7629
2019-11-26 05:55,7514
2019-11-26 06:00,7420
2019-11-26 06:05,7241
2019-11-26 06:10,7151
2019-11-26 06:15,7001
2019-11-26 06:20,6885
2019-11-26 06:25,6770
2019-11-26 06:30,6659
2019-11-26 06:35,6552
2019-11-26 06:40,6448
2019-11-26 06:45,6321
2019-11-26 06:50,6205
2019-11-26 06:55,6108
2019-11-26 07:00,5989
2019-11-26 07:05,5817
2019-11-26 07:10,5746
2019-11-26 07:15,5635
2019-11-26 07:20,5522
2019-11-26 07:25,5429
2019-11-26 07:30,5392
2019-11-26 07:35,5336
2019-11-26 07:40,5241
2019-11-26 07:45,5212
2019-11-26 07:50,5118
2019-11-26 07:55,5068
2019-11-26 08:00,5043
2019-11-26 08:05,4962
2019-11-26 08:10,4865
2019-11-26 08:15,4799
2019-11-26 08:20,4749
2019-11-26 08:25,4707
2019-11-26 08:30,4687
2019-11-26 08:35,4638
2019-11-26 08:40,4559
2019-11-26 08:45,4495
2019-11-26 08:50,4468
2019-11-26 08:55,4435
2019-11-26 09:00,4397
2019-11-26 09:05,4359
2019-11-26 09:10,4298
2019-11-26 09:15,4324
2019-11-26 09:20,4303
2019-11-26 09:25,4286
2019-11-26 09:30,4269
2019-11-26 09:35,4246
2019-11-26 09:40,4254
2019-11-26 09:45,4234
2019-11-26 09:50,4229
2019-11-26 09:55,4212
2019-11-26 10:00,4207
2019-11-26 10:05,4207
2019-11-26 10:10,4212
2019-11-26 10:15,4218
2019-11-26 10:20,4209
2019-11-26 10:25,4226
2019-11-26 10:30,4259
2019-11-26 10:35,4271
2019-11-26 10:40,4270
2019-11-26 10:45,4273
2019-11-26 10:50,4320
2019-11-26 10:55,4312
2019-11-26 11:00,4290
2019-11-26 11:05,4285
2019-11-26 11:10,4357
2019-11-26 11:15,4368
2019-11-26 11:20,4410
2019-11-26 11:25,4438
2019-11-26 11:30,4478
2019-11-26 11:35,4472
2019-11-26 11:40,4549
2019-11-26 11:45,4559
2019-11-26 11:50,4568
2019-11-26 11:55,4628
2019-11-26 12:00,4640
2019-11-26 12:05,4679
2019-11-26 12:10,4734
2019-11-26 12:15,4835
2019-11-26 12:20,4881
2019-11-26 12:25,4919
2019-11-26 12:30,4982
2019-11-26 12:35,5041
2019-11-26 12:40,5120
2019-11-26 12:45,5211
2019-11-26 12:50,5276
2019-11-26 12:55,5303
2019-11-26 13:00,5399
2019-11-26 13:05,5489
2019-11-26 13:10,5560
2019-11-26 13:15,5634
2019-11-26 13:20,5700
2019-11-26 13:25,5771
2019-11-26 13:30,5820
2019-11-26 13:35,5898
2019-11-26 13:40,6013
2019-11-26 13:45,6034
2019-11-26 13:50,6079
2019-11-26 13:55,6141
2019-11-26 14:00,6231
2019-11-26 14:05,6332
2019-11-26 14:10,6450
2019-11-26 14:15,6543
2019-11-26 14:20,6628
2019-11-26 14:25,6699
2019-11-26 14:30,6835
2019-11-26 14:35,6966
2019-11-26 14:40,7072
2019-11-26 14:45,7156
2019-11-26 14:50,7292
2019-11-26 14:55,7288
2019-11-26 15:00,7369
2019-11-26 15:05,
2019-11-26 15:10,7542
2019-11-26 15:15,7609
2019-11-26 15:20,7710
2019-11-26 15:25,7801
2019-11-26 15:30,7903
2019-11-26 15:35,8028
2019-11-26 15:40,8124
2019-11-26 15:45,8238
2019-11-26 15:50,8343
2019-11-26 15:55,8454
2019-11-26 16:00,8535
2019-11-26 16:05,8623
2019-11-26 16:10,8722
2019-11-26 16:15,8777
2019-11-26 16:20,8902
2019-11-26 16:25,
2019-11-26 16:30,
2019-11-26 16:35,9220
2019-11-26 16:40,9316
2019-11-26 16:45,9412
2019-11-26 16:50,9520
2019-11-26 16:55,9623
2019-11-26 17:00,9712
2019-11-26 17:05,9781
2019-11-26 17:10,9889
2019-11-26 17:15,9961
2019-11-26 17:20,10057
2019-11-26 17:25,10116
2019-11-26 17:30,10218
2019-11-26 17:35,10318
2019-11-26 17:40,10421
2019-11-26 17:45,10519
2019-11-26 17:50,10627
2019-11-26 17:55,10749
2019-11-26 18:00,10880
2019-11-26 18:05,10917
2019-11-26 18:10,11012
2019-11-26 18:15,11125
2019-11-26 18:20,11159
2019-11-26 18:25,11189
2019-11-26 18:30,11184
2019-11-26 18:35,11217
2019-11-26 18:40,11291
2019-11-26 18:45,11407
2019-11-26 18:50,11404
2019-11-26 18:55,11537
2019-11-26 19:00,11607
2019-11-26 19:05,11685
2019-11-26 19:10,11801
2019-11-26 19:15,11898
2019-11-26 19:20,11949
2019-11-26 19:25,12048
2019-11-26 19:30,12133
2019-11-26 19:35,12125
2019-11-26 19:40,12182
2019-11-26 19:45,12219
2019-11-26 19:50,12285
2019-11-26 19:55,12285
2019-11-26 20:00,12307
2019-11-26 20:05,12241
2019-11-26 20:10,12205
2019-11-26 20:15,12176
2019-11-26 20:20,12137
2019-11-26 20:25,12141
2019-11-26 20:30,12107
2019-11-26 20:35,12092
2019-11-26 20:40,12024
2019-11-26 20:45,12073
2019-11-26 20:50,12022
2019-11-26 20:55,11988
2019-11-26 21:00,11957
2019-11-26 21:05,11831
2019-11-26 21:10,11780
2019-11-26 21:15,11703
2019-11-26 21:20,11702
2019-11-26 21:25,11703
2019-11-26 21:30,11672
2019-11-26 21:35,11661
2019-11-26 21:40,11634
2019-11-26 21:45,11721
2019-11-26 21:50,11712
2019-11-26 21:55,11644
2019-11-26 22:00,11619
2019-11-26 22:05,11525
2019-11-26 22:10,11382
2019-11-26 22:15,11282
2019-11-26 22:20,11193
2019-11-26 22:25,11203
2019-11-26 22:30,11156
2019-11-26 22:35,11103
2019-11-26 22:40,11099
2019-11-26 22:45,11093
2019-11-26 22:50,11066
2019-11-26 22:55,11086
2019-11-26 23:00,11088
2019-11-26 23:05,11025
2019-11-26 23:10,10959
2019-11-26 23:15,10965
2019-11-26 23:20,10881
2019-11-26 23:25,10848
2019-11-26 23:30,10855
2019-11-26 23:35,10834
2019-11-26 23:40,10896
2019-11-26 23:45,10893
2019-11-26 23:50,10837
2019-11-26 23:55,10847
2019-11-27 00:00,10847
2019-11-27 00:05,10796
2019-11-27 00:10,10811
2019-11-27 00:15,10809
2019-11-27 00:20,10791
2019-11-27 00:25,10806
2019-11-27 00:30,10837
2019-11-27 00:35,10853
2019-11-27 00:40,10865
2019-11-27 00:45,10856
2019-11-27 00:50,10835
2019-11-27 00:55,10813
2019-11-27 01:00,10843
2019-11-27 01:05,10845
2019-11-27 01:10,10850
2019-11-27 01:15,10912
2019-11-27 01:20,10920
2019-11-27 01:25,11025
2019-11-27 01:30,11050
2019-11-27 01:35,11069
2019-11-27 01:40,11066
2019-11-27 01:45,11096
2019-11-27 01:50,11170
2019-11-27 01:55,11170
2019-11-27 02:00,11227
2019-11-27 02:05,11275
2019-11-27 02:10,11298
2019-11-27 02:15,11329
2019-11-27 02:20,11291
2019-11-27 02:25,11230
2019-11-27 02:30,11256
2019-11-27 02:35,11232
2019-11-27 02:40,11269
2019-11-27 02:45,11271
2019-11-27 02:50,11285
2019-11-27 02:55,11245
2019-11-27 03:00,11237
2019-11-27 03:05,11211
2019-11-27 03:10,11134
2019-11-27 03:15,11007
2019-11-27 03:20,10955
2019-11-27 03:25,10899
2019-11-27 03:30,10839
2019-11-27 03:35,10764
2019-11-27 03:40,10702
2019-11-27 03:45,10620
2019-11-27 03:50,10525
2019-11-27 03:55,10454
2019-11-27 04:00,10374
2019-11-27 04:05,10272
2019-11-27 04:10,10179
2019-11-27 04:15,10121
2019-11-27 04:20,10037
2019-11-27 04:25,9974
2019-11-27 04:30,9928
2019-11-27 04:35,9791
2019-11-27 04:40,9695
2019-11-27 04:45,9550
2019-11-27 04:50,9467
2019-11-27 04:55,9362
2019-11-27 05:00,9255
2019-11-27 05:05,9074
2019-11-27 05:10,8926
2019-11-27 05:15,8786
2019-11-27 05:20,8664
2019-11-27 05:25,8557
2019-11-27 05:30,8438
2019-11-27 05:35,8292
2019-11-27 05:40,8200
2019-11-27 05:45,8066
2019-11-27 05:50,7917
2019-11-27 05:55,7764
2019-11-27 06:00,7668
2019-11-27 06:05,7535
2019-11-27 06:10,7378
2019-11-27 06:15,7278
2019-11-27 06:20,7124
2019-11-27 06:25,6961
2019-11-27 06:30,6862
2019-11-27 06:35,6724
2019-11-27 06:40,6645
2019-11-27 06:45,6535
2019-11-27 06:50,6408
2019-11-27 06:55,6299
2019-11-27 07:00,6191
2019-11-27 07:05,6110
2019-11-27 07:10,5978
2019-11-27 07:15,5848
2019-11-27 07:20,5751
2019-11-27 07:25,5667
2019-11-27 07:30,5550
2019-11-27 07:35,5394
2019-11-27 07:40,5286
2019-11-27 07:45,5184
2019-11-27 07:50,5118
2019-11-27 07:55,5014
2019-11-27 08:00,4888
2019-11-27 08:05,4821
2019-11-27 08:10,4745
2019-11-27 08:15,4695
2019-11-27 08:20,4646
2019-11-27 08:25,4628
2019-11-27 08:30,4597
2019-11-27 08:35,4549
2019-11-27 08:40,4506
2019-11-27 08:45,4445
2019-11-27 08:50,4427
2019-11-27 08:55,4400
2019-11-27 09:00,4395
2019-11-27 09:05,4380
2019-11-27 09:10,4327
2019-11-27 09:15,4306
2019-11-27 09:20,4291
2019-11-27 09:25,4253
2019-11-27 09:30,4221
2019-11-27 09:35,4226
2019-11-27 09:40,4186
2019-11-27 09:45,4184
2019-11-27 09:50,4161
2019-11-27 09:55,4202
2019-11-27 10:00,4193
2019-11-27 10:05,4219
2019-11-27 10:10,4201
2019-11-27 10:15,4222
2019-11-27 10:20,4192
2019-11-27 10:25,4205
2019-11-27 10:30,4215
2019-11-27 10:35,4227
2019-11-27 10:40,4221
2019-11-27 10:45,4252
2019-11-27 10:50,4302
2019-11-27 10:55,4330
2019-11-27 11:00,4316
2019-11-27 11:05,4373
2019-11-27 11:10,4396
2019-11-27 11:15,4420
2019-11-27 11:20,4463
2019-11-27 11:25,4519
2019-11-27 11:30,4508
2019-11-27 11:35,4535
2019-11-27 11:40,4606
2019-11-27 11:45,4650
2019-11-27 11:50,4723
2019-11-27 11:55,4776
2019-11-27 12:00,4813
2019-11-27 12:05,4812
2019-11-27 12:10,4885
2019-11-27 12:15,4950
2019-11-27 12:20,4993
2019-11-27 12:25,5014
2019-11-27 12:30,5031
2019-11-27 12:35,5105
2019-11-27 12:40,5181
2019-11-27 12:45,5207
2019-11-27 12:50,5299
2019-11-27 12:55,5354
2019-11-27 13:00,5413
2019-11-27 13:05,5492
2019-11-27 13:10,5540
2019-11-27 13:15,5639
2019-11-27 13:20,5737
2019-11-27 13:25,5779
2019-11-27 13:30,5855
2019-11-27 13:35,5941
2019-11-27 13:40,5990
2019-11-27 13:45,6045
2019-11-27 13:50,6128
2019-11-27 13:55,6193
2019-11-27 14:00,6306
2019-11-27 14:05,6406
2019-11-27 14:10,6515
2019-11-27 14:15,6596
2019-11-27 14:20,6702
2019-11-27 14:25,6861
2019-11-27 14:30,6893
2019-11-27 14:35,6992
2019-11-27 14:40,7076
2019-11-27 14:45,7093
2019-11-27 14:50,7141
2019-11-27 14:55,7227
2019-11-27 15:00,7322
2019-11-27 15:05,7410
2019-11-27 15:10,7461
2019-11-27 15:15,7589
2019-11-27 15:20,7672
2019-11-27 15:25,7796
2019-11-27 15:30,7921
2019-11-27 15:35,7959
2019-11-27 15:40,8078
2019-11-27 15:45,
2019-11-27 15:50,8307
2019-11-27 15:55,8383
2019-11-27 16:00,8531
2019-11-27 16:05,8610
2019-11-27 16:10,8705
2019-11-27 16:15,8777
2019-11-27 16:20,8875
2019-11-27 16:25,8966
2019-11-27 16:30,
2019-11-27 16:35,9149
2019-11-27 16:40,9251
2019-11-27 16:45,9361
2019-11-27 16:50,9460
2019-11-27 16:55,9528
2019-11-27 17:00,9631
2019-11-27 17:05,9772
2019-11-27 17:10,9833
2019-11-27 17:15,9880
2019-11-27 17:20,9981
2019-11-27 17:25,10076
2019-11-27 17:30,10124
2019-11-27 17:35,10234
2019-11-27 17:40,10379
2019-11-27 17:45,10530
2019-11-27 17:50,10663
2019-11-27 17:55,10732
2019-11-27 18:00,10889
2019-11-27 18:05,10997
2019-11-27 18:10,11117
2019-11-27 18:15,11223
2019-11-27 18:20,11353
2019-11-27 18:25,11386
2019-11-27 18:30,11420
2019-11-27 18:35,11586
2019-11-27 18:40,11650
2019-11-27 18:45,11780
2019-11-27 18:50,11871
2019-11-27 18:55,11942
2019-11-27 19:00,12044
2019-11-27 19:05,12147
2019-11-27 19:10,12203
2019-11-27 19:15,12285
2019-11-27 19:20,12460
2019-11-27 19:25,12542
2019-11-27 19:30,12558
2019-11-27 19:35,12646
2019-11-27 19:40,12707
2019-11-27 19:45,12755
2019-11-27 19:50,12719
2019-11-27 19:55,12683
2019-11-27 20:00,12700
2019-11-27 20:05,12632
2019-11-27 20:10,12702
2019-11-27 20:15,12781
2019-11-27 20:20,12808
2019-11-27 20:25,12785
2019-11-27 20:30,12792
2019-11-27 20:35,12828
2019-11-27 20:40,12775
2019-11-27 20:45,12746
2019-11-27 20:50,12799
2019-11-27 20:55,12886
2019-11-27 21:00,12810
2019-11-27 21:05,12738
2019-11-27 21:10,12790
2019-11-27 21:15,12774
2019-11-27 21:20,12653
2019-11-27 21:25,12557
2019-11-27 21:30,12524
2019-11-27 21:35,12502
2019-11-27 21:40,12486
2019-11-27 21:45,12462
2019-11-27 21:50,12381
2019-11-27 21:55,12324
2019-11-27 22:00,12279
2019-11-27 22:05,12186
2019-11-27 22:10,12156
2019-11-27 22:15,12050
2019-11-27 22:20,11946
2019-11-27 22:25,11901
2019-11-27 22:30,11852
2019-11-27 22:35,11823
2019-11-27 22:40,11731
2019-11-27 22:45,11684
2019-11-27 22:50,11618
2019-11-27 22:55,11622
2019-11-27 23:00,11505
2019-11-27 23:05,11453
2019-11-27 23:10,11337
2019-11-27 23:15,11255
2019-11-27 23:20,11201
2019-11-27 23:25,11101
2019-11-27 23:30,11071
2019-11-27 23:35,10913
2019-11-27 23:40,10866
2019-11-27 23:45,10798
2019-11-27 23:50,10740
2019-11-27 23:55,10613
2019-11-28 00:00,10589
2019-11-28 00:05,10571
2019-11-28 00:10,10531
2019-11-28 00:15,10468
2019-11-28 00:20,10459
2019-11-28 00:25,10362
2019-11-28 00:30,10395
2019-11-28 00:35,10377
2019-11-28 00:40,10340
2019-11-28 00:45,10368
2019-11-28 00:50,10374
2019-11-28 00:55,10433
2019-11-28 01:00,10494
2019-11-28 01:05,10524
2019-11-28 01:10,10533
2019-11-28 01:15,10541
2019-11-28 01:20,10516
2019-11-28 01:25,10563
2019-11-28 01:30,10594
2019-11-28 01:35,10573
2019-11-28 01:40,10610
2019-11-28 01:45,10622
2019-11-28 01:50,10654
2019-11-28 01:55,10642
2019-11-28 02:00,10695
2019-11-28 02:05,10705
2019-11-28 02:10,10704
2019-11-28 02:15,10741
2019-11-28 02:20,10777
2019-11-28 02:25,10753
2019-11-28 02:30,10794
2019-11-28 02:35,10793
2019-11-28 02:40,10767
2019-11-28 02:45,10745
2019-11-28 02:50,10764
2019-11-28 02:55,10808
2019-11-28 03:00,10759
2019-11-28 03:05,10743
2019-11-28 03:10,10728
2019-11-28 03:15,10701
2019-11-28 03:20,10705
2019-11-28 03:25,10661
2019-11-28 03:30,10599
2019-11-28 03:35,10567
2019-11-28 03:40,10524
2019-11-28 03:45,10498
2019-11-28 03:50,10427
2019-11-28 03:55,10364
2019-11-28 04:00,10324
2019-11-28 04:05,10278
2019-11-28 04:10,10230
2019-11-28 04:15,10173
2019-11-28 04:20,10123
2019-11-28 04:25,10052
2019-11-28 04:30,9927
2019-11-28 04:35,9903
2019-11-28 04:40,9805
2019-11-28 04:45,9741
2019-11-28 04:50,9697
2019-11-28 04:55,9606
2019-11-28 05:00,9506
2019-11-28 05:05,9363
2019-11-28 05:10,9257
2019-11-28 05:15,9202
2019-11-28 05:20,9123
2019-11-28 05:25,9006
2019-11-28 05:30,8877
2019-11-28 05:35,8747
2019-11-28 05:40,8675
2019-11-28 05:45,8496
2019-11-28 05:50,8381
2019-11-28 05:55,8278
2019-11-28 06:00,8143
2019-11-28 06:05,8080
2019-11-28 06:10,8015
2019-11-28 06:15,7860
2019-11-28 06:20,7751
2019-11-28 06:25,7567
2019-11-28 06:30,7475
2019-11-28 06:35,7374
2019-11-28 06:40,7294
2019-11-28 06:45,7154
2019-11-28 06:50,7045
2019-11-28 06:55,6892
2019-11-28 07:00,6746
2019-11-28 07:05,6651
2019-11-28 07:10,6550
2019-11-28 07:15,6443
2019-11-28 07:20,6308
2019-11-28 07:25,6214
2019-11-28 07:30,6086
2019-11-28 07:35,5945
2019-11-28 07:40,5847
2019-11-28 07:45,5766
2019-11-28 07:50,5661
2019-11-28 07:55,5562
2019-11-28 08:00,5515
2019-11-28 08:05,5413
2019-11-28 08:10,5364
2019-11-28 08:15,5295
2019-11-28 08:20,5205
2019-11-28 08:25,5098
2019-11-28 08:30,5038
2019-11-28 08:35,4972
2019-11-28 08:40,4909
2019-11-28 08:45,4873
2019-11-28 08:50,4844
2019-11-28 08:55,4804
2019-11-28 09:00,4742
2019-11-28 09:05,4677
2019-11-28 09:10,4623
2019-11-28 09:15,
2019-11-28 09:20,4609
2019-11-28 09:25,4581
2019-11-28 09:30,4537
2019-11-28 09:35,4508
2019-11-28 09:40,4521
2019-11-28 09:45,4507
2019-11-28 09:50,4502
2019-11-28 09:55,4491
2019-11-28 10:00,4457
2019-11-28 10:05,4458
2019-11-28 10:10,4444
2019-11-28 10:15,4419
2019-11-28 10:20,4435
2019-11-28 10:25,4442
2019-11-28 10:30,4452
2019-11-28 10:35,4456
2019-11-28 10:40,4483
2019-11-28 10:45,4508
2019-11-28 10:50,4513
2019-11-28 10:55,4461
2019-11-28 11:00,4490
2019-11-28 11:05,4475
2019-11-28 11:10,4465
2019-11-28 11:15,4508
2019-11-28 11:20,4547
2019-11-28 11:25,4567
2019-11-28 11:30,4626
2019-11-28 11:35,4665
2019-11-28 11:40,4687
2019-11-28 11:45,4707
2019-11-28 11:50,4702
2019-11-28 11:55,4754
2019-11-28 12:00,4785
2019-11-28 12:05,4865
2019-11-28 12:10,4870
2019-11-28 12:15,4917
2019-11-28 12:20,4978
2019-11-28 12:25,5014
2019-11-28 12:30,5052
2019-11-28 12:35,5095
2019-11-28 12:40,5170
2019-11-28 12:45,5267
2019-11-28 12:50,5330
2019-11-28 12:55,5417
2019-11-28 13:00,5486
2019-11-28 13:05,5532
2019-11-28 13:10,5573
2019-11-28 13:15,5650
2019-11-28 13:20,5677
2019-11-28 13:25,5784
2019-11-28 13:30,5888
2019-11-28 13:35,5991
2019-11-28 13:40,6081
2019-11-28 13:45,6186
2019-11-28 13:50,6291
2019-11-28 13:55,6413
2019-11-28 14:00,6536
2019-11-28 14:05,6575
2019-11-28 14:10,6644
2019-11-28 14:15,6726
2019-11-28 14:20,6827
2019-11-28 14:25,6850
2019-11-28 14:30,6958
2019-11-28 14:35,7051
2019-11-28 14:40,7110
2019-11-28 14:45,7233
2019-11-28 14:50,7340
2019-11-28 14:55,7461
2019-11-28 15:00,7559
2019-11-28 15:05,7632
2019-11-28 15:10,7677
2019-11-28 15:15,7845
2019-11-28 15:20,7959
2019-11-28 15:25,8015
2019-11-28 15:30,8110
2019-11-28 15:35,8230
2019-11-28 15:40,8332
2019-11-28 15:45,8457
2019-11-28 15:50,8597
2019-11-28 15:55,8659
2019-11-28 16:00,8720
2019-11-28 16:05,8861
2019-11-28 16:10,8952
2019-11-28 16:15,9072
2019-11-28 16:20,9147
2019-11-28 16:25,9247
2019-11-28 16:30,9314
2019-11-28 16:35,9432
2019-11-28 16:40,9521
2019-11-28 16:45,9617
2019-11-28 16:50,9732
2019-11-28 16:55,9800
2019-11-28 17:00,9928
2019-11-28 17:05,9985
2019-11-28 17:10,10087
2019-11-28 17:15,10172
2019-11-28 17:20,10193
2019-11-28 17:25,10310
2019-11-28 17:30,10425
2019-11-28 17:35,10601
2019-11-28 17:40,10652
2019-11-28 17:45,10806
2019-11-28 17:50,10891
2019-11-28 17:55,10953
2019-11-28 18:00,10969
2019-11-28 18:05,11001
2019-11-28 18:10,11115
2019-11-28 18:15,11215
2019-11-28 18:20,11304
2019-11-28 18:25,11343
2019-11-28 18:30,11488
2019-11-28 18:35,11577
2019-11-28 18:40,11657
2019-11-28 18:45,11746
2019-11-28 18:50,11848
2019-11-28 18:55,11890
2019-11-28 19:00,11928
2019-11-28 19:05,12012
2019-11-28 19:10,12045
2019-11-28 19:15,12132
2019-11-28 19:20,12155
2019-11-28 19:25,12232
2019-11-28 19:30,12203
2019-11-28 19:35,12220
2019-11-28 19:40,12272
2019-11-28 19:45,12280
2019-11-28 19:50,12358
2019-11-28 19:55,12377
2019-11-28 20:00,12449
2019-11-28 20:05,12504
2019-11-28 20:10,12559
2019-11-28 20:15,12564
2019-11-28 20:20,12531
2019-11-28 20:25,12562
2019-11-28 20:30,12543
2019-11-28 20:35,12554
2019-11-28 20:40,12536
2019-11-28 20:45,12468
2019-11-28 20:50,12418
2019-11-28 20:55,12447
2019-11-28 21:00,12405
2019-11-28 21:05,12413
2019-11-28 21:10,12290
2019-11-28 21:15,12252
2019-11-28 21:20,12239
2019-11-28 21:25,12157
2019-11-28 21:30,12169
2019-11-28 21:35,12159
2019-11-28 21:40,12075
2019-11-28 21:45,12041
2019-11-28 21:50,11985
2019-11-28 21:55,11913
2019-11-28 22:00,11784
2019-11-28 22:05,11644
2019-11-28 22:10,11577
2019-11-28 22:15,11491
2019-11-28 22:20,11385
2019-11-28 22:25,11229
2019-11-28 22:30,11153
2019-11-28 22:35,11125
2019-11-28 22:40,10989
2019-11-28 22:45,10826
2019-11-28 22:50,10801
2019-11-28 22:55,10691
2019-11-28 23:00,10527
2019-11-28 23:05,10497
2019-11-28 23:10,10400
2019-11-28 23:15,10332
2019-11-28 23:20,10293
2019-11-28 23:25,10218
2019-11-28 23:30,10220
2019-11-28 23:35,10231
2019-11-28 23:40,10203
2019-11-28 23:45,10140
2019-11-28 23:50,10128
2019-11-28 23:55,10078
2019-11-29 00:00,10073
2019-11-29 00:05,10110
2019-11-29 00:10,10107
2019-11-29 00:15,10067
2019-11-29 00:20,10102
2019-11-29 00:25,10082
2019-11-29 00:30,10069
2019-11-29 00:35,9955
2019-11-29 00:40,9961
2019-11-29 00:45,9909
2019-11-29 00:50,9939
2019-11-29 00:55,9898
2019-11-29 01:00,9910
2019-11-29 01:05,9850
2019-11-29 01:10,9827
2019-11-29 01:15,9851
2019-11-29 01:20,9919
2019-11-29 01:25,9969
2019-11-29 01:30,9949
2019-11-29 01:35,9940
2019-11-29 01:40,9932
2019-11-29 01:45,10029
2019-11-29 01:50,10065
2019-11-29 01:55,10103
2019-11-29 02:00,10099
2019-11-29 02:05,10112
2019-11-29 02:10,10188
2019-11-29 02:15,10177
2019-11-29 02:20,10150
2019-11-29 02:25,10259
2019-11-29 02:30,10250
2019-11-29 02:35,10252
2019-11-29 02:40,10269
2019-11-29 02:45,10232
2019-11-29 02:50,10257
2019-11-29 02:55,10238
2019-11-29 03:00,10210
2019-11-29 03:05,10156
2019-11-29 03:10,10116
2019-11-29 03:15,10102
2019-11-29 03:20,10062
2019-11-29 03:25,10059
2019-11-29 03:30,10044
2019-11-29 03:35,9978
2019-11-29 03:40,9930
2019-11-29 03:45,9881
2019-11-29 03:50,9807
2019-11-29 03:55,9789
2019-11-29 04:00,9703
2019-11-29 04:05,9624
2019-11-29 04:10,9538
2019-11-29 04:15,9522
2019-11-29 04:20,9409
2019-11-29 04:25,9391
2019-11-29 04:30,9297
2019-11-29 04:35,9212
2019-11-29 04:40,9108
2019-11-29 04:45,9036
2019-11-29 04:50,9014
2019-11-29 04:55,8899
2019-11-29 05:00,8861
2019-11-29 05:05,8756
2019-11-29 05:10,8659
2019-11-29 05:15,8585
2019-11-29 05:20,8481
2019-11-29 05:25,8388
2019-11-29 05:30,8311
2019-11-29 05:35,8164
2019-11-29 05:40,8085
2019-11-29 05:45,7974
2019-11-29 05:50,7910
2019-11-29 05:55,7814
2019-11-29 06:00,7685
2019-11-29 06:05,7612
2019-11-29 06:10,7459
2019-11-29 06:15,7309
2019-11-29 06:20,7186
2019-11-29 06:25,7078
2019-11-29 06:30,7041
2019-11-29 06:35,6922
2019-11-29 06:40,6859
2019-11-29 06:45,6712
2019-11-29 06:50,6610
2019-11-29 06:55,6483
2019-11-29 07:00,6368
2019-11-29 07:05,6251
2019-11-29 07:10,6097
2019-11-29 07:15,5970
2019-11-29 07:20,5838
2019-11-29 07:25,5718
2019-11-29 07:30,5621
2019-11-29 07:35,5570
2019-11-29 07:40,5498
2019-11-29 07:45,5409
2019-11-29 07:50,5363
2019-11-29 07:55,5293
2019-11-29 08:00,5234
2019-11-29 08:05,5145
2019-11-29 08:10,5051
2019-11-29 08:15,5012
2019-11-29 08:20,4979
2019-11-29 08:25,4943
2019-11-29 08:30,4932
2019-11-29 08:35,4860
2019-11-29 08:40,4810
2019-11-29 08:45,4763
2019-11-29 08:50,4683
2019-11-29 08:55,4627
2019-11-29 09:00,4604
2019-11-29 09:05,4555
2019-11-29 09:10,4523
2019-11-29 09:15,4466
2019-11-29 09:20,4465
2019-11-29 09:25,4443
2019-11-29 09:30,4438
2019-11-29 09:35,4396
2019-11-29 09:40,4390
2019-11-29 09:45,4441
2019-11-29 09:50,4472
2019-11-29 09:55,4435
2019-11-29 10:00,4414
2019-11-29 10:05,4424
2019-11-29 10:10,4446
2019-11-29 10:15,4430
2019-11-29 10:20,4420
2019-11-29 10:25,4403
2019-11-29 10:30,4442
2019-11-29 10:35,4464
2019-11-29 10:40,4466
2019-11-29 10:45,4482
2019-11-29 10:50,4486
2019-11-29 10:55,4534
2019-11-29 11:00,4554
2019-11-29 11:05,4574
2019-11-29 11:10,4614
2019-11-29 11:15,4638
2019-11-29 11:20,4660
2019-11-29 11:25,4640
2019-11-29 11:30,4661
2019-11-29 11:35,4725
2019-11-29 11:40,4798
2019-11-29 11:45,4840
2019-11-29 11:50,4885
2019-11-29 11:55,4948
2019-11-29 12:00,4950
2019-11-29 12:05,4999
2019-11-29 12:10,5063
2019-11-29 12:15,5139
2019-11-29 12:20,5175
2019-11-29 12:25,5271
2019-11-29 12:30,5351
2019-11-29 12:35,5353
2019-11-29 12:40,5417
2019-11-29 12:45,5480
2019-11-29 12:50,5549
2019-11-29 12:55,5640
2019-11-29 13:00,5672
2019-11-29 13:05,5719
2019-11-29 13:10,5809
2019-11-29 13:15,5873
2019-11-29 13:20,5992
2019-11-29 13:25,6087
2019-11-29 13:30,6159
2019-11-29 13:35,6236
2019-11-29 13:40,6299
2019-11-29 13:45,6395
2019-11-29 13:50,6500
2019-11-29 13:55,6565
2019-11-29 14:00,6672
2019-11-29 14:05,6780
2019-11-29 14:10,6930
2019-11-29 14:15,6981
2019-11-29 14:20,7076
2019-11-29 14:25,7204
2019-11-29 14:30,7234
2019-11-29 14:35,7366
2019-11-29 14:40,7504
2019-11-29 14:45,7593
2019-11-29 14:50,7711
2019-11-29 14:55,7806
2019-11-29 15:00,7889
2019-11-29 15:05,7944
2019-11-29 15:10,8066
2019-11-29 15:15,8132
2019-11-29 15:20,8246
2019-11-29 15:25,8375
2019-11-29 15:30,8457
2019-11-29 15:35,8577
2019-11-29 15:40,8668
2019-11-29 15:45,8806
2019-11-29 15:50,8880
2019-11-29 15:55,8936
2019-11-29 16:00,8953
2019-11-29 16:05,8978
2019-11-29 16:10,9091
2019-11-29 16:15,9145
2019-11-29 16:20,9280
2019-11-29 16:25,9347
2019-11-29 16:30,9427
2019-11-29 16:35,9489
2019-11-29 16:40,9602
2019-11-29 16:45,9636
2019-11-29 16:50,9701
2019-11-29 16:55,9784
2019-11-29 17:00,9910
2019-11-29 17:05,9951
2019-11-29 17:10,10007
2019-11-29 17:15,10088
2019-11-29 17:20,10059
2019-11-29 17:25,10139
2019-11-29 17:30,10217
2019-11-29 17:35,10285
2019-11-29 17:40,10361
2019-11-29 17:45,10428
2019-11-29 17:50,10551
2019-11-29 17:55,10595
2019-11-29 18:00,10698
2019-11-29 18:05,10771
2019-11-29 18:10,10862
2019-11-29 18:15,10998
2019-11-29 18:20,10979
2019-11-29 18:25,11063
2019-11-29 18:30,11238
2019-11-29 18:35,11308
2019-11-29 18:40,11336
2019-11-29 18:45,11416
2019-11-29 18:50,11597
2019-11-29 18:55,11696
2019-11-29 19:00,11766
2019-11-29 19:05,11862
2019-11-29 19:10,11946
2019-11-29 19:15,12040
2019-11-29 19:20,12163
2019-11-29 19:25,12204
2019-11-29 19:30,12267
2019-11-29 19:35,12289
2019-11-29 19:40,12422
2019-11-29 19:45,12499
2019-11-29 19:50,12564
2019-11-29 19:55,12652
2019-11-29 20:00,12731
2019-11-29 20:05,12807
2019-11-29 20:10,12859
2019-11-29 20:15,12965
2019-11-29 20:20,13019
2019-11-29 20:25,13063
2019-11-29 20:30,13158
2019-11-29 20:35,13135
2019-11-29 20:40,13104
2019-11-29 20:45,13166
2019-11-29 20:50,13241
2019-11-29 20:55,13267
2019-11-29 21:00,13282
2019-11-29 21:05,13328
2019-11-29 21:10,13360
2019-11-29 21:15,13372
2019-11-29 21:20,13419
2019-11-29 21:25,13488
2019-11-29 21:30,13486
2019-11-29 21:35,13404
2019-11-29 21:40,13471
2019-11-29 21:45,13454
2019-11-29 21:50,13487
2019-11-29 21:55,13449
2019-11-29 22:00,13449
2019-11-29 22:05,13472
2019-11-29 22:10,13363
2019-11-29 22:15,13355
2019-11-29 22:20,13390
2019-11-29 22:25,13387
2019-11-29 22:30,13317
2019-11-29 22:35,13243
2019-11-29 22:40,13225
2019-11-29 22:45,13233
2019-11-29 22:50,13147
2019-11-29 22:55,13068
2019-11-29 23:00,12953
2019-11-29 23:05,12868
2019-11-29 23:10,12762
2019-11-29 23:15,12640
2019-11-29 23:20,12523
2019-11-29 23:25,12465
2019-11-29 23:30,12338
2019-11-29 23:35,12247
2019-11-29 23:40,12094
2019-11-29 23:45,12005
2019-11-29 23:50,11930
2019-11-29 23:55,11888
2019-11-30 00:00,11796
2019-11-30 00:05,11744
2019-11-30 00:10,11661
2019-11-30 00:15,11547
2019-11-30 00:20,11483
2019-11-30 00:25,11513
2019-11-30 00:30,11503
2019-11-30 00:35,11501
2019-11-30 00:40,11491
2019-11-30 00:45,11499
2019-11-30 00:50,11482
2019-11-30 00:55,11417
2019-11-30 01:00,11418
2019-11-30 01:05,11389
2019-11-30 01:10,11319
2019-11-30 01:15,11301
2019-11-30 01:20,11269
2019-11-30 01:25,11209
2019-11-30 01:30,11173
2019-11-30 01:35,11132
2019-11-30 01:40,11151
2019-11-30 01:45,11169
2019-11-30 01:50,11207
2019-11-30 01:55,11223
2019-11-30 02:00,11194
2019-11-30 02:05,11193
2019-11-30 02:10,11109
2019-11-30 02:15,11111
2019-11-30 02:20,11060
2019-11-30 02:25,11058
2019-11-30 02:30,11047
2019-11-30 02:35,11112
2019-11-30 02:40,11141
2019-11-30 02:45,11120
2019-11-30 02:50,11149
2019-11-30 02:55,11117
2019-11-30 03:00,11126
2019-11-30 03:05,11128
2019-11-30 03:10,11065
2019-11-30 03:15,11036
2019-11-30 03:20,11007
2019-11-30 03:25,11035
2019-11-30 03:30,11008
2019-11-30 03:35,10969
2019-11-30 03:40,10970
2019-11-30 03:45,10944
2019-11-30 03:50,10874
2019-11-30 03:55,10821
2019-11-30 04:00,10789
2019-11-30 04:05,10691
2019-11-30 04:10,10692
2019-11-30 04:15,10662
2019-11-30 04:20,10701
2019-11-30 04:25,10638
2019-11-30 04:30,10513
2019-11-30 04:35,10448
2019-11-30 04:40,10408
2019-11-30 04:45,10344
2019-11-30 04:50,10264
2019-11-30 04:55,10235
2019-11-30 05:00,10160
2019-11-30 05:05,9991
2019-11-30 05:10,9890
2019-11-30 05:15,9808
2019-11-30 05:20,9744
2019-11-30 05:25,9655
2019-11-30 05:30,9634
2019-11-30 05:35,9508
2019-11-30 05:40,9447
2019-11-30 05:45,9384
2019-11-30 05:50,9188
2019-11-30 05:55,9081
2019-11-30 06:00,8957
2019-11-30 06:05,8879
2019-11-30 06:10,8769
2019-11-30 06:15,8640
2019-11-30 06:20,8452
2019-11-30 06:25,8313
2019-11-30 06:30,8198
2019-11-30 06:35,8082
2019-11-30 06:40,8014
2019-11-30 06:45,7914
2019-11-30 06:50,7782
2019-11-30 06:55,7671
2019-11-30 07:00,7575
2019-11-30 07:05,7465
2019-11-30 07:10,7327
2019-11-30 07:15,7170
2019-11-30 07:20,7029
2019-11-30 07:25,6910
2019-11-30 07:30,6802
2019-11-30 07:35,6657
2019-11-30 07:40,6552
2019-11-30 07:45,6551
2019-11-30 07:50,6509
2019-11-30 07:55,6439
2019-11-30 08:00,6362
2019-11-30 08:05,6266
2019-11-30 08:10,6178
2019-11-30 08:15,6095
2019-11-30 08:20,6034
2019-11-30 08:25,5943
2019-11-30 08:30,5886
2019-11-30 08:35,5892
2019-11-30 08:40,5797
2019-11-30 08:45,5770
2019-11-30 08:50,5762
2019-11-30 08:55,5758
2019-11-30 09:00,5740
2019-11-30 09:05,5709
2019-11-30 09:10,5693
2019-11-30 09:15,5657
2019-11-30 09:20,5685
2019-11-30 09:25,5652
2019-11-30 09:30,5665
2019-11-30 09:35,5673
2019-11-30 09:40,5703
2019-11-30 09:45,5741
2019-11-30 09:50,5729
2019-11-30 09:55,5704
2019-11-30 10:00,5700
2019-11-30 10:05,5705
2019-11-30 10:10,5705
2019-11-30 10:15,5721
2019-11-30 10:20,5726
2019-11-30 10:25,5781
2019-11-30 10:30,5850
2019-11-30 10:35,5896
2019-11-30 10:40,5968
2019-11-30 10:45,6028
2019-11-30 10:50,6067
2019-11-30 10:55,6154
2019-11-30 11:00,6190
2019-11-30 11:05,6236
2019-11-30 11:10,6281
2019-11-30 11:15,6362
2019-11-30 11:20,6415
2019-11-30 11:25,6467
2019-11-30 11:30,6502
2019-11-30 11:35,6540
2019-11-30 11:40,6582
2019-11-30 11:45,6620
2019-11-30 11:50,6636
2019-11-30 11:55,6657
2019-11-30 12:00,6773
2019-11-30 12:05,6830
2019-11-30 12:10,6945
2019-11-30 12:15,6981
2019-11-30 12:20,7034
2019-11-30 12:25,7132
2019-11-30 12:30,7229
2019-11-30 12:35,7292
2019-11-30 12:40,7369
2019-11-30 12:45,7452
2019-11-30 12:50,7503
2019-11-30 12:55,7557
2019-11-30 13:00,7593
2019-11-30 13:05,7649
2019-11-30 13:10,7684
2019-11-30 13:15,7786
2019-11-30 13:20,7867
2019-11-30 13:25,7965
2019-11-30 13:30,8047
2019-11-30 13:35,8080
2019-11-30 13:40,8175
2019-11-30 13:45,8236
2019-11-30 13:50,8345
2019-11-30 13:55,8436
2019-11-30 14:00,8532
2019-11-30 14:05,8603
2019-11-30 14:10,8733
2019-11-30 14:15,8885
2019-11-30 14:20,8952
2019-11-30 14:25,9022
2019-11-30 14:30,9048
2019-11-30 14:35,9187
2019-11-30 14:40,9249
2019-11-30 14:45,9325
2019-11-30 14:50,9360
2019-11-30 14:55,9499
2019-11-30 15:00,9559
2019-11-30 15:05,9666
2019-11-30 15:10,9754
2019-11-30 15:15,9838
2019-11-30 15:20,9893
2019-11-30 15:25,9963
2019-11-30 15:30,10061
2019-11-30 15:35,10181
2019-11-30 15:40,10240
2019-11-30 15:45,10295
2019-11-30 15:50,10350
2019-11-30 15:55,10417
2019-11-30 16:00,10526
2019-11-30 16:05,10532
2019-11-30 16:10,10559
2019-11-30 16:15,10626
2019-11-30 16:20,10737
2019-11-30 16:25,10898
2019-11-30 16:30,10962
2019-11-30 16:35,11057
2019-11-30 16:40,11170
2019-11-30 16:45,11268
2019-11-30 16:50,11336
2019-11-30 16:55,11382
2019-11-30 17:00,11441
2019-11-30 17:05,11463
2019-11-30 17:10,11487
2019-11-30 17:15,11550
2019-11-30 17:20,11577
2019-11-30 17:25,11645
2019-11-30 17:30,11684
2019-11-30 17:35,11724
2019-11-30 17:40,11803
2019-11-30 17:45,11818
2019-11-30 17:50,11929
2019-11-30 17:55,12042
2019-11-30 18:00,12085
2019-11-30 18:05,12191
2019-11-30 18:10,12288
2019-11-30 18:15,12374
2019-11-30 18:20,12385
2019-11-30 18:25,12420
2019-11-30 18:30,12519
2019-11-30 18:35,12554
2019-11-30 18:40,12656
2019-11-30 18:45,12732
2019-11-30 18:50,12800
2019-11-30 18:55,12852
2019-11-30 19:00,12849
2019-11-30 19:05,13025
2019-11-30 19:10,13067
2019-11-30 19:15,13093
2019-11-30 19:20,13249
2019-11-30 19:25,13331
2019-11-30 19:30,13426
2019-11-30 19:35,13452
2019-11-30 19:40,13449
2019-11-30 19:45,13489
2019-11-30 19:50,13568
2019-11-30 19:55,13557
2019-11-30 20:00,13621
2019-11-30 20:05,13644
2019-11-30 20:10,13721
2019-11-30 20:15,13837
2019-11-30 20:20,13816
2019-11-30 20:25,13894
2019-11-30 20:30,13900
2019-11-30 20:35,13916
2019-11-30 20:40,13963
2019-11-30 20:45,14011
2019-11-30 20:50,14004
2019-11-30 20:55,14069
2019-11-30 21:00,14124
2019-11-30 21:05,14123
2019-11-30 21:10,14198
2019-11-30 21:15,14260
2019-11-30 21:20,14262
2019-11-30 21:25,14295
2019-11-30 21:30,14371
2019-11-30 21:35,14363
2019-11-30 21:40,14276
2019-11-30 21:45,14241
2019-11-30 21:50,14221
2019-11-30 21:55,14133
2019-11-30 22:00,14118
2019-11-30 22:05,14068
2019-11-30 22:10,14029
2019-11-30 22:15,13964
2019-11-30 22:20,13931
2019-11-30 22:25,13859
2019-11-30 22:30,13781
2019-11-30 22:35,13772
2019-11-30 22:40,13680
2019-11-30 22:45,13618
2019-11-30 22:50,13615
2019-11-30 22:55,13532
2019-11-30 23:00,13465
2019-11-30 23:05,13368
2019-11-30 23:10,13211
2019-11-30 23:15,13180
2019-11-30 23:20,13083
2019-11-30 23:25,13028
2019-11-30 23:30,12915
2019-11-30 23:35,12814
2019-11-30 23:40,12791
2019-11-30 23:45,12699
2019-11-30 23:50,12644
2019-11-30 23:55,12547
2019-12-01 00:00,12479
2019-12-01 00:05,12422
2019-12-01 00:10,12338
2019-12-01 00:15,12267
2019-12-01 00:20,12118
2019-12-01 00:25,12070
2019-12-01 00:30,12011
2019-12-01 00:35,11912
2019-12-01 00:40,11813
2019-12-01 00:45,11822
2019-12-01 00:50,11663
2019-12-01 00:55,11629
2019-12-01 01:00,11566
2019-12-01 01:05,11531
2019-12-01 01:10,11466
2019-12-01 01:15,11473
2019-12-01 01:20,11436
2019-12-01 01:25,11446
2019-12-01 01:30,11411
2019-12-01 01:35,11394
2019-12-01 01:40,11431
2019-12-01 01:45,11430
2019-12-01 01:50,11405
2019-12-01 01:55,11417
2019-12-01 02:00,11378
2019-12-01 02:05,11383
2019-12-01 02:10,11373
2019-12-01 02:15,11394
2019-12-01 02:20,11333
2019-12-01 02:25,11340
2019-12-01 02:30,11338
2019-12-01 02:35,11405
2019-12-01 02:40,11365
2019-12-01 02:45,11358
2019-12-01 02:50,11341
2019-12-01 02:55,11409
2019-12-01 03:00,11364
2019-12-01 03:05,11439
2019-12-01 03:10,11444
2019-12-01 03:15,11410
2019-12-01 03:20,11382
2019-12-01 03:25,11312
2019-12-01 03:30,11285
2019-12-01 03:35,11222
2019-12-01 03:40,11280
2019-12-01 03:45,11218
2019-12-01 03:50,11249
2019-12-01 03:55,11234
2019-12-01 04:00,11226
2019-12-01 04:05,11200
2019-12-01 04:10,11164
2019-12-01 04:15,11115
2019-12-01 04:20,11059
2019-12-01 04:25,11008
2019-12-01 04:30,10909
2019-12-01 04:35,10882
2019-12-01 04:40,10782
2019-12-01 04:45,10736
2019-12-01 04:50,10648
2019-12-01 04:55,10501
2019-12-01 05:00,10431
2019-12-01 05:05,10345
2019-12-01 05:10,10235
2019-12-01 05:15,10171
2019-12-01 05:20,10090
2019-12-01 05:25,9986
2019-12-01 05:30,9912
2019-12-01 05:35,9767
2019-12-01 05:40,9672
2019-12-01 05:45,9665
2019-12-01 05:50,9584
2019-12-01 05:55,9487
2019-12-01 06:00,9423
2019-12-01 06:05,9243
2019-12-01 06:10,9087
2019-12-01 06:15,8953
2019-12-01 06:20,8602
2019-12-01 06:25,8304
2019-12-01 06:30,8205
2019-12-01 06:35,8120
2019-12-01 06:40,8077
2019-12-01 06:45,7977
2019-12-01 06:50,7897
2019-12-01 06:55,7791
2019-12-01 07:00,7731
2019-12-01 07:05,7640
2019-12-01 07:10,7536
2019-12-01 07:15,7436
2019-12-01 07:20,7375
2019-12-01 07:25,7326
2019-12-01 07:30,7214
2019-12-01 07:35,7076
2019-12-01 07:40,7007
2019-12-01 07:45,6929
2019-12-01 07:50,6841
2019-12-01 07:55,6674
2019-12-01 08:00,6555
2019-12-01 08:05,6491
2019-12-01 08:10,6378
2019-12-01 08:15,6299
2019-12-01 08:20,6249
2019-12-01 08:25,6130
2019-12-01 08:30,6094
2019-12-01 08:35,6043
2019-12-01 08:40,6005
2019-12-01 08:45,6031
2019-12-01 08:50,6002
2019-12-01 08:55,5965
2019-12-01 09:00,5885
2019-12-01 09:05,5907
2019-12-01 09:10,5898
2019-12-01 09:15,5843
2019-12-01 09:20,5831
2019-12-01 09:25,5816
2019-12-01 09:30,5833
2019-12-01 09:35,5842
2019-12-01 09:40,5877
2019-12-01 09:45,5926
2019-12-01 09:50,5981
2019-12-01 09:55,6023
2019-12-01 10:00,6058
2019-12-01 10:05,6049
2019-12-01 10:10,6049
2019-12-01 10:15,6108
2019-12-01 10:20,6170
2019-12-01 10:25,6186
2019-12-01 10:30,6203
2019-12-01 10:35,6235
2019-12-01 10:40,6314
2019-12-01 10:45,6360
2019-12-01 10:50,6384
2019-12-01 10:55,6434
2019-12-01 11:00,6450
2019-12-01 11:05,6496
2019-12-01 11:10,6559
2019-12-01 11:15,6565
2019-12-01 11:20,6591
2019-12-01 11:25,6656
2019-12-01 11:30,6709
2019-12-01 11:35,6782
2019-12-01 11:40,6815
2019-12-01 11:45,6900
2019-12-01 11:50,6963
2019-12-01 11:55,7020
2019-12-01 12:00,7094
2019-12-01 12:05,7169
2019-12-01 12:10,7255
2019-12-01 12:15,7335
2019-12-01 12:20,7369
2019-12-01 12:25,6879
2019-12-01 12:30,7542
2019-12-01 12:35,7606
2019-12-01 12:40,7683
2019-12-01 12:45,7786
2019-12-01 12:50,7922
2019-12-01 12:55,7946
2019-12-01 13:00,7965
2019-12-01 13:05,8034
2019-12-01 13:10,8081
2019-12-01 13:15,8132
2019-12-01 13:20,8209
2019-12-01 13:25,8292
2019-12-01 13:30,8383
2019-12-01 13:35,8446
2019-12-01 13:40,8504
2019-12-01 13:45,8643
2019-12-01 13:50,8733
2019-12-01 13:55,8828
2019-12-01 14:00,8874
2019-12-01 14:05,8958
2019-12-01 14:10,8897
2019-12-01 14:15,8958
2019-12-01 14:20,9013
2019-12-01 14:25,9081
2019-12-01 14:30,9173
2019-12-01 14:35,9231
2019-12-01 14:40,9298
2019-12-01 14:45,9448
2019-12-01 14:50,9549
2019-12-01 14:55,9666
2019-12-01 15:00,9756
2019-12-01 15:05,9834
2019-12-01 15:10,9893
2019-12-01 15:15,10057
2019-12-01 15:20,10212
2019-12-01 15:25,10310
2019-12-01 15:30,10409
2019-12-01 15:35,10545
2019-12-01 15:40,10579
2019-12-01 15:45,10655
2019-12-01 15:50,10716
2019-12-01 15:55,10803
2019-12-01 16:00,10915
2019-12-01 16:05,11074
2019-12-01 16:10,11172
2019-12-01 16:15,11308
2019-12-01 16:20,11352
2019-12-01 16:25,11453
2019-12-01 16:30,11565
2019-12-01 16:35,
2019-12-01 16:40,11771
2019-12-01 16:45,11856
2019-12-01 16:50,11930
2019-12-01 16:55,11980
2019-12-01 17:00,12117
2019-12-01 17:05,12188
2019-12-01 17:10,12288
2019-12-01 17:15,12354
2019-12-01 17:20,12458
2019-12-01 17:25,12590
2019-12-01 17:30,12655
2019-12-01 17:35,12772
2019-12-01 17:40,12775
2019-12-01 17:45,12844
2019-12-01 17:50,12892
2019-12-01 17:55,12950
2019-12-01 18:00,12969
2019-12-01 18:05,13003
2019-12-01 18:10,13116
2019-12-01 18:15,13169
2019-12-01 18:20,13254
2019-12-01 18:25,13438
2019-12-01 18:30,13511
2019-12-01 18:35,13602
2019-12-01 18:40,13689
2019-12-01 18:45,13772
2019-12-01 18:50,13864
2019-12-01 18:55,13909
2019-12-01 19:00,13974
2019-12-01 19:05,14045
2019-12-01 19:10,14136
2019-12-01 19:15,14157
2019-12-01 19:20,14261
2019-12-01 19:25,14364
2019-12-01 19:30,14431
2019-12-01 19:35,14526
2019-12-01 19:40,14641
2019-12-01 19:45,14756
2019-12-01 19:50,14857
2019-12-01 19:55,14806
2019-12-01 20:00,14795
2019-12-01 20:05,14711
2019-12-01 20:10,14776
2019-12-01 20:15,14781
2019-12-01 20:20,14786
2019-12-01 20:25,14768
2019-12-01 20:30,14807
2019-12-01 20:35,14875
2019-12-01 20:40,14791
2019-12-01 20:45,14819
2019-12-01 20:50,14805
2019-12-01 20:55,14818
2019-12-01 21:00,14866
2019-12-01 21:05,14883
2019-12-01 21:10,14845
2019-12-01 21:15,14757
2019-12-01 21:20,14694
2019-12-01 21:25,14681
2019-12-01 21:30,14606
2019-12-01 21:35,14576
2019-12-01 21:40,14591
2019-12-01 21:45,14523
2019-12-01 21:50,14472
2019-12-01 21:55,14403
2019-12-01 22:00,14330
2019-12-01 22:05,14245
2019-12-01 22:10,14139
2019-12-01 22:15,14048
2019-12-01 22:20,13987
2019-12-01 22:25,13889
2019-12-01 22:30,13786
2019-12-01 22:35,13644
2019-12-01 22:40,13590
2019-12-01 22:45,13509
2019-12-01 22:50,13422
2019-12-01 22:55,13297
2019-12-01 23:00,13170
2019-12-01 23:05,13061
2019-12-01 23:10,12899
2019-12-01 23:15,12812
2019-12-01 23:20,12753
2019-12-01 23:25,12714
2019-12-01 23:30,12664
2019-12-01 23:35,12610
2019-12-01 23:40,12468
2019-12-01 23:45,12441
2019-12-01 23:50,12440
2019-12-01 23:55,12377
2019-12-02 00:00,12328
2019-12-02 00:05,12268
2019-12-02 00:10,12244
2019-12-02 00:15,12224
2019-12-02 00:20,12188
2019-12-02 00:25,12135
2019-12-02 00:30,12151
2019-12-02 00:35,12126
2019-12-02 00:40,12153
2019-12-02 00:45,12143
2019-12-02 00:50,12038
2019-12-02 00:55,11991
2019-12-02 01:00,11944
2019-12-02 01:05,11963
2019-12-02 01:10,12014
2019-12-02 01:15,12003
2019-12-02 01:20,12015
2019-12-02 01:25,12010
2019-12-02 01:30,11983
2019-12-02 01:35,12003
2019-12-02 01:40,12025
2019-12-02 01:45,11999
2019-12-02 01:50,11973
2019-12-02 01:55,12004
2019-12-02 02:00,11928
2019-12-02 02:05,11915
2019-12-02 02:10,11900
2019-12-02 02:15,11897
2019-12-02 02:20,11825
2019-12-02 02:25,11806
2019-12-02 02:30,11804
2019-12-02 02:35,11681
2019-12-02 02:40,11624
2019-12-02 02:45,11592
2019-12-02 02:50,11530
2019-12-02 02:55,11455
2019-12-02 03:00,11367
2019-12-02 03:05,11321
2019-12-02 03:10,11245
2019-12-02 03:15,11123
2019-12-02 03:20,11011
2019-12-02 03:25,10981
2019-12-02 03:30,10887
2019-12-02 03:35,10795
2019-12-02 03:40,10717
2019-12-02 03:45,10579
2019-12-02 03:50,10453
2019-12-02 03:55,10273
2019-12-02 04:00,10105
2019-12-02 04:05,9950
2019-12-02 04:10,9837
2019-12-02 04:15,9642
2019-12-02 04:20,9554
2019-12-02 04:25,9435
2019-12-02 04:30,9342
2019-12-02 04:35,9267
2019-12-02 04:40,9195
2019-12-02 04:45,9052
2019-12-02 04:50,8924
2019-12-02 04:55,8767
2019-12-02 05:00,8631
2019-12-02 05:05,8495
2019-12-02 05:10,8366
2019-12-02 05:15,8210
2019-12-02 05:20,8078
2019-12-02 05:25,7927
2019-12-02 05:30,7786
2019-12-02 05:35,7681
2019-12-02 05:40,7575
2019-12-02 05:45,7456
2019-12-02 05:50,7352
2019-12-02 05:55,7217
2019-12-02 06:00,7109
2019-12-02 06:05,6966
2019-12-02 06:10,6800
2019-12-02 06:15,6688
2019-12-02 06:20,6561
2019-12-02 06:25,6410
2019-12-02 06:30,6335
2019-12-02 06:35,6197
2019-12-02 06:40,6074
2019-12-02 06:45,5971
2019-12-02 06:50,5814
2019-12-02 06:55,5658
2019-12-02 07:00,5517
2019-12-02 07:05,5439
2019-12-02 07:10,5347
2019-12-02 07:15,5271
2019-12-02 07:20,5164
2019-12-02 07:25,5080
2019-12-02 07:30,4961
2019-12-02 07:35,4912
2019-12-02 07:40,4807
2019-12-02 07:45,4761
2019-12-02 07:50,4710
2019-12-02 07:55,4655
2019-12-02 08:00,4616
2019-12-02 08:05,4536
2019-12-02 08:10,4449
2019-12-02 08:15,4388
2019-12-02 08:20,4333
2019-12-02 08:25,4282
2019-12-02 08:30,4239
2019-12-02 08:35,4198
2019-12-02 08:40,4136
2019-12-02 08:45,4084
2019-12-02 08:50,4054
2019-12-02 08:55,4044
2019-12-02 09:00,0
2019-12-02 09:05,3992
2019-12-02 09:10,3977
2019-12-02 09:15,3962
2019-12-02 09:20,3932
2019-12-02 09:25,3918
2019-12-02 09:30,3939
2019-12-02 09:35,3915
2019-12-02 09:40,3944
2019-12-02 09:45,3925
2019-12-02 09:50,3900
2019-12-02 09:55,3940
2019-12-02 10:00,3943
2019-12-02 10:05,3950
2019-12-02 10:10,3950
2019-12-02 10:15,3977
2019-12-02 10:20,3949
2019-12-02 10:25,3966
2019-12-02 10:30,3994
2019-12-02 10:35,4062
2019-12-02 10:40,4072
2019-12-02 10:45,4078
2019-12-02 10:50,4122
2019-12-02 10:55,4149
2019-12-02 11:00,4141
2019-12-02 11:05,4183
2019-12-02 11:10,4229
2019-12-02 11:15,4233
2019-12-02 11:20,4239
2019-12-02 11:25,4246
2019-12-02 11:30,4299
2019-12-02 11:35,4361
2019-12-02 11:40,4381
2019-12-02 11:45,4425
2019-12-02 11:50,4428
2019-12-02 11:55,4452
2019-12-02 12:00,4500
2019-12-02 12:05,4534
2019-12-02 12:10,4547
2019-12-02 12:15,4573
2019-12-02 12:20,4610
2019-12-02 12:25,4681
2019-12-02 12:30,4751
2019-12-02 12:35,4782
2019-12-02 12:40,4834
2019-12-02 12:45,4913
2019-12-02 12:50,4989
2019-12-02 12:55,5010
2019-12-02 13:00,5046
2019-12-02 13:05,5106
2019-12-02 13:10,5176
2019-12-02 13:15,5210
2019-12-02 13:20,5286
2019-12-02 13:25,5348
2019-12-02 13:30,5454
2019-12-02 13:35,5550
2019-12-02 13:40,5628
2019-12-02 13:45,5714
2019-12-02 13:50,5770
2019-12-02 13:55,5808
2019-12-02 14:00,5866
2019-12-02 14:05,5953
2019-12-02 14:10,6040
2019-12-02 14:15,6155
2019-12-02 14:20,6243
2019-12-02 14:25,6293
2019-12-02 14:30,6389
2019-12-02 14:35,6458
2019-12-02 14:40,6529
2019-12-02 14:45,6606
2019-12-02 14:50,6689
2019-12-02 14:55,6761
2019-12-02 15:00,6814
2019-12-02 15:05,6880
2019-12-02 15:10,6952
2019-12-02 15:15,7020
2019-12-02 15:20,7088
2019-12-02 15:25,7167
2019-12-02 15:30,7302
2019-12-02 15:35,7403
2019-12-02 15:40,7455
2019-12-02 15:45,7593
2019-12-02 15:50,7671
2019-12-02 15:55,7807
2019-12-02 16:00,7896
2019-12-02 16:05,7989
2019-12-02 16:10,8109
2019-12-02 16:15,8143
2019-12-02 16:20,8250
2019-12-02 16:25,8321
2019-12-02 16:30,8444
2019-12-02 16:35,8573
2019-12-02 16:40,8664
2019-12-02 16:45,8756
2019-12-02 16:50,8853
2019-12-02 16:55,8967
2019-12-02 17:00,9048
2019-12-02 17:05,9093
2019-12-02 17:10,9238
2019-12-02 17:15,9301
2019-12-02 17:20,9437
2019-12-02 17:25,9583
2019-12-02 17:30,9627
2019-12-02 17:35,9698
2019-12-02 17:40,9817
2019-12-02 17:45,9874
2019-12-02 17:50,9939
2019-12-02 17:55,10018
2019-12-02 18:00,10040
2019-12-02 18:05,10169
2019-12-02 18:10,10286
2019-12-02 18:15,10428
2019-12-02 18:20,10480
2019-12-02 18:25,10535
2019-12-02 18:30,10614
2019-12-02 18:35,10671
2019-12-02 18:40,10784
2019-12-02 18:45,10885
2019-12-02 18:50,10972
2019-12-02 18:55,11072
2019-12-02 19:00,11121
2019-12-02 19:05,11173
2019-12-02 19:10,11301
2019-12-02 19:15,11465
2019-12-02 19:20,11533
2019-12-02 19:25,11642
2019-12-02 19:30,11746
2019-12-02 19:35,11801
2019-12-02 19:40,11913
2019-12-02 19:45,11958
2019-12-02 19:50,11991
2019-12-02 19:55,11979
2019-12-02 20:00,12027
2019-12-02 20:05,11979
2019-12-02 20:10,12013
2019-12-02 20:15,12075
2019-12-02 20:20,12055
2019-12-02 20:25,12093
2019-12-02 20:30,12087
2019-12-02 20:35,12118
2019-12-02 20:40,12057
2019-12-02 20:45,12056
2019-12-02 20:50,12096
2019-12-02 20:55,12039
2019-12-02 21:00,12122
2019-12-02 21:05,12079
2019-12-02 21:10,12062
2019-12-02 21:15,12013
2019-12-02 21:20,12054
2019-12-02 21:25,12025
2019-12-02 21:30,12041
2019-12-02 21:35,12015
2019-12-02 21:40,11993
2019-12-02 21:45,11903
2019-12-02 21:50,11826
2019-12-02 21:55,11786
2019-12-02 22:00,11726
2019-12-02 22:05,11715
2019-12-02 22:10,11638
2019-12-02 22:15,11632
2019-12-02 22:20,11532
2019-12-02 22:25,11485
2019-12-02 22:30,11349
2019-12-02 22:35,11282
2019-12-02 22:40,11236
2019-12-02 22:45,11234
2019-12-02 22:50,11184
2019-12-02 22:55,11131
2019-12-02 23:00,11099
2019-12-02 23:05,11062
2019-12-02 23:10,10962
2019-12-02 23:15,10879
2019-12-02 23:20,10846
2019-12-02 23:25,10784
2019-12-02 23:30,10758
2019-12-02 23:35,10729
2019-12-02 23:40,10692
2019-12-02 23:45,10682
2019-12-02 23:50,10725
2019-12-02 23:55,10772
2019-12-03 00:00,10744
2019-12-03 00:05,10727
2019-12-03 00:10,10767
2019-12-03 00:15,10771
2019-12-03 00:20,10757
2019-12-03 00:25,10787
2019-12-03 00:30,10797
2019-12-03 00:35,10760
2019-12-03 00:40,10788
2019-12-03 00:45,10827
2019-12-03 00:50,10828
2019-12-03 00:55,10888
2019-12-03 01:00,10921
2019-12-03 01:05,10938
2019-12-03 01:10,10952
2019-12-03 01:15,10956
2019-12-03 01:20,10971
2019-12-03 01:25,10976
2019-12-03 01:30,10922
2019-12-03 01:35,10913
2019-12-03 01:40,10958
2019-12-03 01:45,10995
2019-12-03 01:50,11021
2019-12-03 01:55,11027
2019-12-03 02:00,11034
2019-12-03 02:05,11069
2019-12-03 02:10,11081
2019-12-03 02:15,11100
2019-12-03 02:20,11139
2019-12-03 02:25,11184
2019-12-03 02:30,11198
2019-12-03 02:35,11167
2019-12-03 02:40,11160
2019-12-03 02:45,11158
2019-12-03 02:50,11120
2019-12-03 02:55,11078
2019-12-03 03:00,10996
2019-12-03 03:05,10905
2019-12-03 03:10,10822
2019-12-03 03:15,10793
2019-12-03 03:20,10719
2019-12-03 03:25,10642
2019-12-03 03:30,10580
2019-12-03 03:35,10484
2019-12-03 03:40,10390
2019-12-03 03:45,10354
2019-12-03 03:50,10359
2019-12-03 03:55,10235
2019-12-03 04:00,10137
2019-12-03 04:05,10092
2019-12-03 04:10,10010
2019-12-03 04:15,9920
2019-12-03 04:20,9799
2019-12-03 04:25,9715
2019-12-03 04:30,9587
2019-12-03 04:35,9498
2019-12-03 04:40,9328
2019-12-03 04:45,9237
2019-12-03 04:50,9054
2019-12-03 04:55,8917
2019-12-03 05:00,8845
2019-12-03 05:05,8778
2019-12-03 05:10,8584
2019-12-03 05:15,8398
2019-12-03 05:20,8199
2019-12-03 05:25,8036
2019-12-03 05:30,7867
2019-12-03 05:35,7751
2019-12-03 05:40,7632
2019-12-03 05:45,7463
2019-12-03 05:50,7306
2019-12-03 05:55,7140
2019-12-03 06:00,7005
2019-12-03 06:05,6857
2019-12-03 06:10,6686
2019-12-03 06:15,6583
2019-12-03 06:20,6478
2019-12-03 06:25,6337
2019-12-03 06:30,6259
2019-12-03 06:35,6158
2019-12-03 06:40,6027
2019-12-03 06:45,5917
2019-12-03 06:50,5811
2019-12-03 06:55,5708
2019-12-03 07:00,5556
2019-12-03 07:05,5446
2019-12-03 07:10,5367
2019-12-03 07:15,5290
2019-12-03 07:20,5212
2019-12-03 07:25,5125
2019-12-03 07:30,5017
2019-12-03 07:35,4935
2019-12-03 07:40,4856
2019-12-03 07:45,4799
2019-12-03 07:50,4735
2019-12-03 07:55,4653
2019-12-03 08:00,4556
2019-12-03 08:05,4510
2019-12-03 08:10,4423
2019-12-03 08:15,4374
2019-12-03 08:20,4335
2019-12-03 08:25,4287
2019-12-03 08:30,4248
2019-12-03 08:35,4199
2019-12-03 08:40,4145
2019-12-03 08:45,4116
2019-12-03 08:50,4111
2019-12-03 08:55,4096
2019-12-03 09:00,4055
2019-12-03 09:05,4052
2019-12-03 09:10,4069
2019-12-03 09:15,4026
2019-12-03 09:20,4009
2019-12-03 09:25,3960
2019-12-03 09:30,3974
2019-12-03 09:35,3993
2019-12-03 09:40,3969
2019-12-03 09:45,4001
2019-12-03 09:50,4026
2019-12-03 09:55,4033
2019-12-03 10:00,4047
2019-12-03 10:05,4055
2019-12-03 10:10,4063
2019-12-03 10:15,4097
2019-12-03 10:20,4120
2019-12-03 10:25,4120
2019-12-03 10:30,4145
2019-12-03 10:35,4146
2019-12-03 10:40,4168
2019-12-03 10:45,4194
2019-12-03 10:50,4222
2019-12-03 10:55,4266
2019-12-03 11:00,4257
2019-12-03 11:05,4277
2019-12-03 11:10,4265
2019-12-03 11:15,4303
2019-12-03 11:20,4318
2019-12-03 11:25,4332
2019-12-03 11:30,4300
2019-12-03 11:35,4362
2019-12-03 11:40,4400
2019-12-03 11:45,4421
2019-12-03 11:50,4454
2019-12-03 11:55,4470
2019-12-03 12:00,4567
2019-12-03 12:05,4619
2019-12-03 12:10,4682
2019-12-03 12:15,4731
2019-12-03 12:20,4716
2019-12-03 12:25,4764
2019-12-03 12:30,4789
2019-12-03 12:35,4836
2019-12-03 12:40,4899
2019-12-03 12:45,4949
2019-12-03 12:50,5009
2019-12-03 12:55,5036
2019-12-03 13:00,5098
2019-12-03 13:05,5152
2019-12-03 13:10,5186
2019-12-03 13:15,5271
2019-12-03 13:20,5339
2019-12-03 13:25,5380
2019-12-03 13:30,5443
2019-12-03 13:35,5520
2019-12-03 13:40,5603
2019-12-03 13:45,5690
2019-12-03 13:50,5757
2019-12-03 13:55,5895
2019-12-03 14:00,5980
2019-12-03 14:05,6047
2019-12-03 14:10,6130
2019-12-03 14:15,6245
2019-12-03 14:20,6302
2019-12-03 14:25,6385
2019-12-03 14:30,6444
2019-12-03 14:35,6528
2019-12-03 14:40,6656
2019-12-03 14:45,6687
2019-12-03 14:50,6746
2019-12-03 14:55,6873
2019-12-03 15:00,6934
2019-12-03 15:05,7021
2019-12-03 15:10,7112
2019-12-03 15:15,7165
2019-12-03 15:20,7263
2019-12-03 15:25,7311
2019-12-03 15:30,7424
2019-12-03 15:35,7548
2019-12-03 15:40,7625
2019-12-03 15:45,7768
2019-12-03 15:50,7828
2019-12-03 15:55,7907
2019-12-03 16:00,7998
2019-12-03 16:05,8078
2019-12-03 16:10,8121
2019-12-03 16:15,8253
2019-12-03 16:20,8337
2019-12-03 16:25,8409
2019-12-03 16:30,8563
2019-12-03 16:35,
2019-12-03 16:40,8740
2019-12-03 16:45,8823
2019-12-03 16:50,8917
2019-12-03 16:55,8976
2019-12-03 17:00,9015
2019-12-03 17:05,9046
2019-12-03 17:10,9152
2019-12-03 17:15,9247
2019-12-03 17:20,9342
2019-12-03 17:25,9188
2019-12-03 17:30,9536
2019-12-03 17:35,9605
2019-12-03 17:40,9661
2019-12-03 17:45,9750
2019-12-03 17:50,9801
2019-12-03 17:55,9885
2019-12-03 18:00,9936
2019-12-03 18:05,10009
2019-12-03 18:10,10084
2019-12-03 18:15,10150
2019-12-03 18:20,10164
2019-12-03 18:25,10270
2019-12-03 18:30,10415
2019-12-03 18:35,10516
2019-12-03 18:40,10571
2019-12-03 18:45,10565
2019-12-03 18:50,10670
2019-12-03 18:55,10789
2019-12-03 19:00,10883
2019-12-03 19:05,10899
2019-12-03 19:10,10943
2019-12-03 19:15,11042
2019-12-03 19:20,11057
2019-12-03 19:25,11107
2019-12-03 19:30,11195
2019-12-03 19:35,11245
2019-12-03 19:40,11313
2019-12-03 19:45,11318
2019-12-03 19:50,11433
2019-12-03 19:55,11522
2019-12-03 20:00,11582
2019-12-03 20:05,11570
2019-12-03 20:10,11532
2019-12-03 20:15,11528
2019-12-03 20:20,11516
2019-12-03 20:25,11600
2019-12-03 20:30,11656
2019-12-03 20:35,11672
2019-12-03 20:40,11709
2019-12-03 20:45,11732
2019-12-03 20:50,11735
2019-12-03 20:55,11720
2019-12-03 21:00,11698
2019-12-03 21:05,11608
2019-12-03 21:10,11520
2019-12-03 21:15,11506
2019-12-03 21:20,11462
2019-12-03 21:25,11438
2019-12-03 21:30,11459
2019-12-03 21:35,11351
2019-12-03 21:40,11261
2019-12-03 21:45,11211
2019-12-03 21:50,11165
2019-12-03 21:55,11081
2019-12-03 22:00,11056
2019-12-03 22:05,11019
2019-12-03 22:10,10979
2019-12-03 22:15,10897
2019-12-03 22:20,10823
2019-12-03 22:25,10832
2019-12-03 22:30,10692
2019-12-03 22:35,10651
2019-12-03 22:40,10699
2019-12-03 22:45,10600
2019-12-03 22:50,10504
2019-12-03 22:55,10489
2019-12-03 23:00,10392
2019-12-03 23:05,10361
2019-12-03 23:10,10227
2019-12-03 23:15,10177
2019-12-03 23:20,10169
2019-12-03 23:25,10111
2019-12-03 23:30,0
2019-12-03 23:35,9444
2019-12-03 23:40,9911
2019-12-03 23:45,9989
2019-12-03 23:50,9940
2019-12-03 23:55,9865
2019-12-04 00:00,9837
2019-12-04 00:05,9852
2019-12-04 00:10,9772
2019-12-04 00:15,9776
2019-12-04 00:20,9775
2019-12-04 00:25,9788
2019-12-04 00:30,9768
2019-12-04 00:35,9736
2019-12-04 00:40,9694
2019-12-04 00:45,9717
2019-12-04 00:50,9748
2019-12-04 00:55,9764
2019-12-04 01:00,9828
2019-12-04 01:05,9906
2019-12-04 01:10,10030
2019-12-04 01:15,10104
2019-12-04 01:20,10124
2019-12-04 01:25,10201
2019-12-04 01:30,10206
2019-12-04 01:35,10277
2019-12-04 01:40,10337
2019-12-04 01:45,10307
2019-12-04 01:50,10309
2019-12-04 01:55,10376
2019-12-04 02:00,10381
2019-12-04 02:05,10381
2019-12-04 02:10,10346
2019-12-04 02:15,10278
2019-12-04 02:20,10333
2019-12-04 02:25,10295
2019-12-04 02:30,10292
2019-12-04 02:35,10280
2019-12-04 02:40,10273
2019-12-04 02:45,10262
2019-12-04 02:50,10252
2019-12-04 02:55,10242
2019-12-04 03:00,10184
2019-12-04 03:05,10113
2019-12-04 03:10,10047
2019-12-04 03:15,9913
2019-12-04 03:20,9831
2019-12-04 03:25,9762
2019-12-04 03:30,9625
2019-12-04 03:35,9646
2019-12-04 03:40,9614
2019-12-04 03:45,9501
2019-12-04 03:50,9407
2019-12-04 03:55,9380
2019-12-04 04:00,9288
2019-12-04 04:05,9225
2019-12-04 04:10,9084
2019-12-04 04:15,8894
2019-12-04 04:20,8866
2019-12-04 04:25,8810
2019-12-04 04:30,8673
2019-12-04 04:35,8553
2019-12-04 04:40,8473
2019-12-04 04:45,8390
2019-12-04 04:50,8216
2019-12-04 04:55,8129
2019-12-04 05:00,7978
2019-12-04 05:05,7820
2019-12-04 05:10,7723
2019-12-04 05:15,7623
2019-12-04 05:20,7494
2019-12-04 05:25,7371
2019-12-04 05:30,7228
2019-12-04 05:35,7120
2019-12-04 05:40,7020
2019-12-04 05:45,6924
2019-12-04 05:50,6769
2019-12-04 05:55,6668
2019-12-04 06:00,6557
2019-12-04 06:05,6416
2019-12-04 06:10,6291
2019-12-04 06:15,6157
2019-12-04 06:20,6073
2019-12-04 06:25,6000
2019-12-04 06:30,5941
2019-12-04 06:35,5820
2019-12-04 06:40,5720
2019-12-04 06:45,5679
2019-12-04 06:50,5572
2019-12-04 06:55,5445
2019-12-04 07:00,5359
2019-12-04 07:05,5234
2019-12-04 07:10,5131
2019-12-04 07:15,5044
2019-12-04 07:20,4954
2019-12-04 07:25,4850
2019-12-04 07:30,4767
2019-12-04 07:35,4712
2019-12-04 07:40,4645
2019-12-04 07:45,4606
2019-12-04 07:50,4520
2019-12-04 07:55,4463
2019-12-04 08:00,4389
2019-12-04 08:05,4356
2019-12-04 08:10,4320
2019-12-04 08:15,4218
2019-12-04 08:20,4166
2019-12-04 08:25,4121
2019-12-04 08:30,4100
2019-12-04 08:35,4085
2019-12-04 08:40,4054
2019-12-04 08:45,4035
2019-12-04 08:50,3975
2019-12-04 08:55,3954
2019-12-04 09:00,3937
2019-12-04 09:05,3952
2019-12-04 09:10,3917
2019-12-04 09:15,3925
2019-12-04 09:20,3954
2019-12-04 09:25,3938
2019-12-04 09:30,3934
2019-12-04 09:35,3906
2019-12-04 09:40,3890
2019-12-04 09:45,3877
2019-12-04 09:50,3924
2019-12-04 09:55,3918
2019-12-04 10:00,3928
2019-12-04 10:05,3942
2019-12-04 10:10,3917
2019-12-04 10:15,3946
2019-12-04 10:20,3982
2019-12-04 10:25,3984
2019-12-04 10:30,3982
2019-12-04 10:35,3973
2019-12-04 10:40,3989
2019-12-04 10:45,4016
2019-12-04 10:50,4040
2019-12-04 10:55,4051
2019-12-04 11:00,4077
2019-12-04 11:05,4124
2019-12-04 11:10,4169
2019-12-04 11:15,4214
2019-12-04 11:20,4245
2019-12-04 11:25,4280
2019-12-04 11:30,4318
2019-12-04 11:35,4362
2019-12-04 11:40,4400
2019-12-04 11:45,4496
2019-12-04 11:50,4571
2019-12-04 11:55,4562
2019-12-04 12:00,4556
2019-12-04 12:05,4609
2019-12-04 12:10,0
2019-12-04 12:15,4700
2019-12-04 12:20,4746
2019-12-04 12:25,4791
2019-12-04 12:30,4832
2019-12-04 12:35,4886
2019-12-04 12:40,4981
2019-12-04 12:45,5015
2019-12-04 12:50,5033
2019-12-04 12:55,5097
2019-12-04 13:00,5147
2019-12-04 13:05,5185
2019-12-04 13:10,5222
2019-12-04 13:15,5282
2019-12-04 13:20,5362
2019-12-04 13:25,5439
2019-12-04 13:30,5508
2019-12-04 13:35,5626
2019-12-04 13:40,5693
2019-12-04 13:45,5727
2019-12-04 13:50,5775
2019-12-04 13:55,5850
2019-12-04 14:00,5924
2019-12-04 14:05,6037
2019-12-04 14:10,6105
2019-12-04 14:15,6157
2019-12-04 14:20,6238
2019-12-04 14:25,6296
2019-12-04 14:30,6430
2019-12-04 14:35,6489
2019-12-04 14:40,6620
2019-12-04 14:45,6687
2019-12-04 14:50,6792
2019-12-04 14:55,6870
2019-12-04 15:00,6976
2019-12-04 15:05,7009
2019-12-04 15:10,7067
2019-12-04 15:15,7151
2019-12-04 15:20,7204
2019-12-04 15:25,7289
2019-12-04 15:30,7343
2019-12-04 15:35,7381
2019-12-04 15:40,7498
2019-12-04 15:45,7593
2019-12-04 15:50,7649
2019-12-04 15:55,7750
2019-12-04 16:00,7794
2019-12-04 16:05,7861
2019-12-04 16:10,7911
2019-12-04 16:15,8002
2019-12-04 16:20,8117
2019-12-04 16:25,8266
2019-12-04 16:30,8358
2019-12-04 16:35,8532
2019-12-04 16:40,8603
2019-12-04 16:45,8687
2019-12-04 16:50,8661
2019-12-04 16:55,8731
2019-12-04 17:00,8803
2019-12-04 17:05,8897
2019-12-04 17:10,
2019-12-04 17:15,9076
2019-12-04 17:20,9195
2019-12-04 17:25,9308
2019-12-04 17:30,9398
2019-12-04 17:35,9495
2019-12-04 17:40,9545
2019-12-04 17:45,9677
2019-12-04 17:50,9795
2019-12-04 17:55,9838
2019-12-04 18:00,9866
2019-12-04 18:05,10030
2019-12-04 18:10,10098
2019-12-04 18:15,10197
2019-12-04 18:20,10282
2019-12-04 18:25,10396
2019-12-04 18:30,10448
2019-12-04 18:35,10570
2019-12-04 18:40,10738
2019-12-04 18:45,10795
2019-12-04 18:50,10844
2019-12-04 18:55,10938
2019-12-04 19:00,10998
2019-12-04 19:05,11068
2019-12-04 19:10,11179
2019-12-04 19:15,11278
2019-12-04 19:20,11299
2019-12-04 19:25,11330
2019-12-04 19:30,11431
2019-12-04 19:35,11473
2019-12-04 19:40,11484
2019-12-04 19:45,11489
2019-12-04 19:50,11541
2019-12-04 19:55,11593
2019-12-04 20:00,11621
2019-12-04 20:05,11641
2019-12-04 20:10,11680
2019-12-04 20:15,11737
2019-12-04 20:20,11754
2019-12-04 20:25,11769
2019-12-04 20:30,11773
2019-12-04 20:35,11722
2019-12-04 20:40,11698
2019-12-04 20:45,11672
2019-12-04 20:50,11652
2019-12-04 20:55,11634
2019-12-04 21:00,11583
2019-12-04 21:05,11564
2019-12-04 21:10,11542
2019-12-04 21:15,11537
2019-12-04 21:20,11470
2019-12-04 21:25,11429
2019-12-04 21:30,11374
2019-12-04 21:35,11364
2019-12-04 21:40,11304
2019-12-04 21:45,11240
2019-12-04 21:50,11239
2019-12-04 21:55,11238
2019-12-04 22:00,11196
2019-12-04 22:05,11065
2019-12-04 22:10,11023
2019-12-04 22:15,10962
2019-12-04 22:20,10889
2019-12-04 22:25,10868
2019-12-04 22:30,10786
2019-12-04 22:35,10756
2019-12-04 22:40,10726
2019-12-04 22:45,10662
2019-12-04 22:50,10626
2019-12-04 22:55,10606
2019-12-04 23:00,10530
2019-12-04 23:05,10404
2019-12-04 23:10,10329
2019-12-04 23:15,10249
2019-12-04 23:20,10182
2019-12-04 23:25,10138
2019-12-04 23:30,10048
2019-12-04 23:35,10028
2019-12-04 23:40,9960
2019-12-04 23:45,10001
2019-12-04 23:50,10001
2019-12-04 23:55,10013
2019-12-05 00:00,9926
2019-12-05 00:05,9881
2019-12-05 00:10,9838
2019-12-05 00:15,9873
2019-12-05 00:20,9891
2019-12-05 00:25,9940
2019-12-05 00:30,9972
2019-12-05 00:35,10030
2019-12-05 00:40,10054
2019-12-05 00:45,10079
2019-12-05 00:50,10148
2019-12-05 00:55,10181
2019-12-05 01:00,10201
2019-12-05 01:05,10264
2019-12-05 01:10,10262
2019-12-05 01:15,10395
2019-12-05 01:20,10425
2019-12-05 01:25,10489
2019-12-05 01:30,10502
2019-12-05 01:35,10561
2019-12-05 01:40,10607
2019-12-05 01:45,10609
2019-12-05 01:50,10626
2019-12-05 01:55,10590
2019-12-05 02:00,10221
2019-12-05 02:05,10650
2019-12-05 02:10,10677
2019-12-05 02:15,10670
2019-12-05 02:20,10670
2019-12-05 02:25,10669
2019-12-05 02:30,10655
2019-12-05 02:35,10632
2019-12-05 02:40,10651
2019-12-05 02:45,10644
2019-12-05 02:50,10606
2019-12-05 02:55,10513
2019-12-05 03:00,10463
2019-12-05 03:05,10419
2019-12-05 03:10,10363
2019-12-05 03:15,10314
2019-12-05 03:20,10268
2019-12-05 03:25,10183
2019-12-05 03:30,10096
2019-12-05 03:35,10031
2019-12-05 03:40,9957
2019-12-05 03:45,9852
2019-12-05 03:50,9748
2019-12-05 03:55,9590
2019-12-05 04:00,9485
2019-12-05 04:05,9331
2019-12-05 04:10,9264
2019-12-05 04:15,9145
2019-12-05 04:20,9052
2019-12-05 04:25,8939
2019-12-05 04:30,8786
2019-12-05 04:35,8697
2019-12-05 04:40,8582
2019-12-05 04:45,8498
2019-12-05 04:50,8400
2019-12-05 04:55,8319
2019-12-05 05:00,8117
2019-12-05 05:05,7977
2019-12-05 05:10,7845
2019-12-05 05:15,7691
2019-12-05 05:20,7579
2019-12-05 05:25,7483
2019-12-05 05:30,7341
2019-12-05 05:35,7190
2019-12-05 05:40,7079
2019-12-05 05:45,6938
2019-12-05 05:50,6824
2019-12-05 05:55,6712
2019-12-05 06:00,6615
2019-12-05 06:05,6460
2019-12-05 06:10,6363
2019-12-05 06:15,6251
2019-12-05 06:20,6089
2019-12-05 06:25,5986
2019-12-05 06:30,5856
2019-12-05 06:35,5732
2019-12-05 06:40,5675
2019-12-05 06:45,5595
2019-12-05 06:50,5496
2019-12-05 06:55,5391
2019-12-05 07:00,5270
2019-12-05 07:05,5195
2019-12-05 07:10,5103
2019-12-05 07:15,5046
2019-12-05 07:20,4957
2019-12-05 07:25,4893
2019-12-05 07:30,4800
2019-12-05 07:35,4759
2019-12-05 07:40,4692
2019-12-05 07:45,4598
2019-12-05 07:50,4505
2019-12-05 07:55,4443
2019-12-05 08:00,4408
2019-12-05 08:05,4331
2019-12-05 08:10,4276
2019-12-05 08:15,4249
2019-12-05 08:20,4167
2019-12-05 08:25,4116
2019-12-05 08:30,4065
2019-12-05 08:35,4043
2019-12-05 08:40,4003
2019-12-05 08:45,3977
2019-12-05 08:50,3921
2019-12-05 08:55,3879
2019-12-05 09:00,3867
2019-12-05 09:05,3855
2019-12-05 09:10,3838
2019-12-05 09:15,3838
2019-12-05 09:20,3814
2019-12-05 09:25,3827
2019-12-05 09:30,3843
2019-12-05 09:35,3838
2019-12-05 09:40,3868
2019-12-05 09:45,3908
2019-12-05 09:50,3890
2019-12-05 09:55,3912
2019-12-05 10:00,3866
2019-12-05 10:05,3913
2019-12-05 10:10,3901
2019-12-05 10:15,3903
2019-12-05 10:20,3907
2019-12-05 10:25,3902
2019-12-05 10:30,3910
2019-12-05 10:35,3975
2019-12-05 10:40,4018
2019-12-05 10:45,4063
2019-12-05 10:50,4083
2019-12-05 10:55,4105
2019-12-05 11:00,4123
2019-12-05 11:05,4102
2019-12-05 11:10,4113
2019-12-05 11:15,4149
2019-12-05 11:20,4149
2019-12-05 11:25,4183
2019-12-05 11:30,4235
2019-12-05 11:35,4270
2019-12-05 11:40,4346
2019-12-05 11:45,4357
2019-12-05 11:50,4415
2019-12-05 11:55,4476
2019-12-05 12:00,4501
2019-12-05 12:05,4554
2019-12-05 12:10,4554
2019-12-05 12:15,4613
2019-12-05 12:20,4636
2019-12-05 12:25,4706
2019-12-05 12:30,4773
2019-12-05 12:35,4838
2019-12-05 12:40,4892
2019-12-05 12:45,4925
2019-12-05 12:50,5006
2019-12-05 12:55,5006
2019-12-05 13:00,5064
2019-12-05 13:05,5193
2019-12-05 13:10,5211
2019-12-05 13:15,5257
2019-12-05 13:20,5422
2019-12-05 13:25,5422
2019-12-05 13:30,5520
2019-12-05 13:35,5608
2019-12-05 13:40,5765
2019-12-05 13:45,5765
2019-12-05 13:50,5850
2019-12-05 13:55,5977
2019-12-05 14:00,6078
2019-12-05 14:05,6078
2019-12-05 14:10,6193
2019-12-05 14:15,6323
2019-12-05 14:20,6323
2019-12-05 14:25,6537
2019-12-05 14:30,6598
2019-12-05 14:35,
2019-12-05 14:40,6728
2019-12-05 14:45,6798
2019-12-05 14:50,6798
2019-12-05 14:55,6841
2019-12-05 15:00,6975
2019-12-05 15:05,6975
2019-12-05 15:10,7011
2019-12-05 15:15,7112
2019-12-05 15:20,7153
2019-12-05 15:25,7218
2019-12-05 15:30,7262
2019-12-05 15:35,7322
2019-12-05 15:40,7396
2019-12-05 15:45,7471
2019-12-05 15:50,7619
2019-12-05 15:55,7738
2019-12-05 16:00,7849
2019-12-05 16:05,7849
2019-12-05 16:10,7946
2019-12-05 16:15,8070
2019-12-05 16:20,8146
2019-12-05 16:25,8205
2019-12-05 16:30,8277
2019-12-05 16:35,8386
2019-12-05 16:40,8448
2019-12-05 16:45,8583
2019-12-05 16:50,8676
2019-12-05 16:55,8740
2019-12-05 17:00,8913
2019-12-05 17:05,8913
2019-12-05 17:10,8988
2019-12-05 17:15,9170
2019-12-05 17:20,9170
2019-12-05 17:25,9267
2019-12-05 17:30,9373
2019-12-05 17:35,9439
2019-12-05 17:40,9533
2019-12-05 17:45,9551
2019-12-05 17:50,9713
2019-12-05 17:55,9790
2019-12-05 18:00,10007
2019-12-05 18:05,10007
2019-12-05 18:10,10067
2019-12-05 18:15,10176
2019-12-05 18:20,10267
2019-12-05 18:25,10332
2019-12-05 18:30,10346
2019-12-05 18:35,10391
2019-12-05 18:40,10470
2019-12-05 18:45,10509
2019-12-05 18:50,10573
2019-12-05 18:55,10624
2019-12-05 19:00,10707
2019-12-05 19:05,10707
2019-12-05 19:10,10801
2019-12-05 19:15,10853
2019-12-05 19:20,10873
2019-12-05 19:25,10885
2019-12-05 19:30,10961
2019-12-05 19:35,11028
2019-12-05 19:40,11073
2019-12-05 19:45,11151
2019-12-05 19:50,11243
2019-12-05 19:55,11339
2019-12-05 20:00,11432
2019-12-05 20:05,11414
2019-12-05 20:10,11428
2019-12-05 20:15,11477
2019-12-05 20:20,11532
2019-12-05 20:25,11518
2019-12-05 20:30,11561
2019-12-05 20:35,11655
2019-12-05 20:40,11678
2019-12-05 20:45,11706
2019-12-05 20:50,11687
2019-12-05 20:55,11668
2019-12-05 21:00,11676
2019-12-05 21:05,11661
2019-12-05 21:10,11597
2019-12-05 21:15,11604
2019-12-05 21:20,11521
2019-12-05 21:25,11564
2019-12-05 21:30,11584
2019-12-05 21:35,11569
2019-12-05 21:40,11539
2019-12-05 21:45,11544
2019-12-05 21:50,11534
2019-12-05 21:55,11545
2019-12-05 22:00,11493
2019-12-05 22:05,11395
2019-12-05 22:10,11270
2019-12-05 22:15,11286
2019-12-05 22:20,11217
2019-12-05 22:25,11150
2019-12-05 22:30,11078
2019-12-05 22:35,11026
2019-12-05 22:40,11016
2019-12-05 22:45,10923
2019-12-05 22:50,10946
2019-12-05 22:55,10911
2019-12-05 23:00,10821
2019-12-05 23:05,10753
2019-12-05 23:10,10673
2019-12-05 23:15,10609
2019-12-05 23:20,10536
2019-12-05 23:25,10436
2019-12-05 23:30,10452
2019-12-05 23:35,10486
2019-12-05 23:40,10480
2019-12-05 23:45,10432
2019-12-05 23:50,10467
2019-12-05 23:55,10455
2019-12-06 00:00,10342
2019-12-06 00:05,10328
2019-12-06 00:10,10328
2019-12-06 00:15,10320
2019-12-06 00:20,10315
2019-12-06 00:25,10288
2019-12-06 00:30,10305
2019-12-06 00:35,10301
2019-12-06 00:40,10264
2019-12-06 00:45,10338
2019-12-06 00:50,10368
2019-12-06 00:55,10434
2019-12-06 01:00,10381
2019-12-06 01:05,10337
2019-12-06 01:10,10337
2019-12-06 01:15,10326
2019-12-06 01:20,10312
2019-12-06 01:25,10338
2019-12-06 01:30,10350
2019-12-06 01:35,10447
2019-12-06 01:40,10521
2019-12-06 01:45,10516
2019-12-06 01:50,10151
2019-12-06 01:55,9023
2019-12-06 02:00,5505
2019-12-06 02:05,5505
2019-12-06 02:10,5083
2019-12-06 02:15,5794
2019-12-06 02:20,6363
2019-12-06 02:25,6833
2019-12-06 02:30,7224
2019-12-06 02:35,7581
2019-12-06 02:40,7912
2019-12-06 02:45,8276
2019-12-06 02:50,8569
2019-12-06 02:55,8802
2019-12-06 03:00,8956
2019-12-06 03:05,9097
2019-12-06 03:10,9228
2019-12-06 03:15,9395
2019-12-06 03:20,9492
2019-12-06 03:25,9516
2019-12-06 03:30,9557
2019-12-06 03:35,9628
2019-12-06 03:40,9695
2019-12-06 03:45,9689
2019-12-06 03:50,9616
2019-12-06 03:55,9617
2019-12-06 04:00,9627
2019-12-06 04:05,9541
2019-12-06 04:10,9429
2019-12-06 04:15,9349
2019-12-06 04:20,9278
2019-12-06 04:25,9174
2019-12-06 04:30,9124
2019-12-06 04:35,8969
2019-12-06 04:40,8874
2019-12-06 04:45,8813
2019-12-06 04:50,8756
2019-12-06 04:55,8645
2019-12-06 05:00,8519
2019-12-06 05:05,8380
2019-12-06 05:10,8254
2019-12-06 05:15,8007
2019-12-06 05:20,8007
2019-12-06 05:25,7881
2019-12-06 05:30,7814
2019-12-06 05:35,7722
2019-12-06 05:40,7585
2019-12-06 05:45,7494
2019-12-06 05:50,7396
2019-12-06 05:55,7260
2019-12-06 06:00,7109
2019-12-06 06:05,7018
2019-12-06 06:10,6833
2019-12-06 06:15,6693
2019-12-06 06:20,6558
2019-12-06 06:25,6461
2019-12-06 06:30,6335
2019-12-06 06:35,6223
2019-12-06 06:40,6108
2019-12-06 06:45,5992
2019-12-06 06:50,5897
2019-12-06 06:55,5734
2019-12-06 07:00,5645
2019-12-06 07:05,5524
2019-12-06 07:10,5449
2019-12-06 07:15,5323
2019-12-06 07:20,5247
2019-12-06 07:25,5170
2019-12-06 07:30,5084
2019-12-06 07:35,4979
2019-12-06 07:40,4936
2019-12-06 07:45,4850
2019-12-06 07:50,4773
2019-12-06 07:55,4742
2019-12-06 08:00,4743
2019-12-06 08:05,4686
2019-12-06 08:10,4593
2019-12-06 08:15,4541
2019-12-06 08:20,4461
2019-12-06 08:25,4423
2019-12-06 08:30,4375
2019-12-06 08:35,4307
2019-12-06 08:40,4282
2019-12-06 08:45,4221
2019-12-06 08:50,4189
2019-12-06 08:55,4219
2019-12-06 09:00,4205
2019-12-06 09:05,4160
2019-12-06 09:10,4141
2019-12-06 09:15,4135
2019-12-06 09:20,4149
2019-12-06 09:25,4156
2019-12-06 09:30,4184
2019-12-06 09:35,4192
2019-12-06 09:40,4154
2019-12-06 09:45,4210
2019-12-06 09:50,4200
2019-12-06 09:55,4165
2019-12-06 10:00,4155
2019-12-06 10:05,4179
2019-12-06 10:10,4214
2019-12-06 10:15,4235
2019-12-06 10:20,4259
2019-12-06 10:25,4286
2019-12-06 10:30,4292
2019-12-06 10:35,4358
2019-12-06 10:40,4379
2019-12-06 10:45,4417
2019-12-06 10:50,4451
2019-12-06 10:55,4497
2019-12-06 11:00,4509
2019-12-06 11:05,4537
2019-12-06 11:10,4560
2019-12-06 11:15,4616
2019-12-06 11:20,4687
2019-12-06 11:25,4716
2019-12-06 11:30,4723
2019-12-06 11:35,4751
2019-12-06 11:40,4794
2019-12-06 11:45,4843
2019-12-06 11:50,4862
2019-12-06 11:55,4907
2019-12-06 12:00,4975
2019-12-06 12:05,5001
2019-12-06 12:10,5070
2019-12-06 12:15,5153
2019-12-06 12:20,5235
2019-12-06 12:25,5287
2019-12-06 12:30,5341
2019-12-06 12:35,5372
2019-12-06 12:40,5431
2019-12-06 12:45,5494
2019-12-06 12:50,5576
2019-12-06 12:55,5635
2019-12-06 13:00,5718
2019-12-06 13:05,5728
2019-12-06 13:10,5790
2019-12-06 13:15,5893
2019-12-06 13:20,5940
2019-12-06 13:25,6013
2019-12-06 13:30,6030
2019-12-06 13:35,6113
2019-12-06 13:40,6207
2019-12-06 13:45,6321
2019-12-06 13:50,6401
2019-12-06 13:55,6471
2019-12-06 14:00,6556
2019-12-06 14:05,6640
2019-12-06 14:10,6704
2019-12-06 14:15,6744
2019-12-06 14:20,6796
2019-12-06 14:25,6892
2019-12-06 14:30,7008
2019-12-06 14:35,7137
2019-12-06 14:40,7177
2019-12-06 14:45,7260
2019-12-06 14:50,7338
2019-12-06 14:55,7434
2019-12-06 15:00,7552
2019-12-06 15:05,7572
2019-12-06 15:10,7661
2019-12-06 15:15,7771
2019-12-06 15:20,7867
2019-12-06 15:25,7904
2019-12-06 15:30,7971
2019-12-06 15:35,8049
2019-12-06 15:40,8117
2019-12-06 15:45,8215
2019-12-06 15:50,8330
2019-12-06 15:55,8410
2019-12-06 16:00,8545
2019-12-06 16:05,8592
2019-12-06 16:10,8659
2019-12-06 16:15,8738
2019-12-06 16:20,8831
2019-12-06 16:25,8806
2019-12-06 16:30,8876
2019-12-06 16:35,9032
2019-12-06 16:40,9126
2019-12-06 16:45,9189
2019-12-06 16:50,9238
2019-12-06 16:55,9260
2019-12-06 17:00,9293
2019-12-06 17:05,9324
2019-12-06 17:10,9389
2019-12-06 17:15,9482
2019-12-06 17:20,9534
2019-12-06 17:25,9653
2019-12-06 17:30,9737
2019-12-06 17:35,9780
2019-12-06 17:40,9807
2019-12-06 17:45,9858
2019-12-06 17:50,0
2019-12-06 17:55,10142
2019-12-06 18:00,10203
2019-12-06 18:05,10285
2019-12-06 18:10,10314
2019-12-06 18:15,10371
2019-12-06 18:20,10494
2019-12-06 18:25,10536
2019-12-06 18:30,10671
2019-12-06 18:35,10735
2019-12-06 18:40,10787
2019-12-06 18:45,10803
2019-12-06 18:50,10822
2019-12-06 18:55,10891
2019-12-06 19:00,10995
2019-12-06 19:05,11062
2019-12-06 19:10,11152
2019-12-06 19:15,11235
2019-12-06 19:20,11282
2019-12-06 19:25,11342
2019-12-06 19:30,11452
2019-12-06 19:35,11541
2019-12-06 19:40,11636
2019-12-06 19:45,11733
2019-12-06 19:50,11747
2019-12-06 19:55,11832
2019-12-06 20:00,11798
2019-12-06 20:05,11843
2019-12-06 20:10,11896
2019-12-06 20:15,11967
2019-12-06 20:20,11988
2019-12-06 20:25,12001
2019-12-06 20:30,12032
2019-12-06 20:35,12086
2019-12-06 20:40,12129
2019-12-06 20:45,12148
2019-12-06 20:50,12157
2019-12-06 20:55,12145
2019-12-06 21:00,12180
2019-12-06 21:05,12188
2019-12-06 21:10,12236
2019-12-06 21:15,12247
2019-12-06 21:20,12315
2019-12-06 21:25,12310
2019-12-06 21:30,12359
2019-12-06 21:35,12420
2019-12-06 21:40,12392
2019-12-06 21:45,12433
2019-12-06 21:50,12426
2019-12-06 21:55,12392
2019-12-06 22:00,12433
2019-12-06 22:05,12427
2019-12-06 22:10,12390
2019-12-06 22:15,12404
2019-12-06 22:20,12385
2019-12-06 22:25,12353
2019-12-06 22:30,12329
2019-12-06 22:35,12254
2019-12-06 22:40,12229
2019-12-06 22:45,12188
2019-12-06 22:50,12100
2019-12-06 22:55,0
2019-12-06 23:00,12059
2019-12-06 23:05,12006
2019-12-06 23:10,11952
2019-12-06 23:15,11883
2019-12-06 23:20,11818
2019-12-06 23:25,11755
2019-12-06 23:30,11634
2019-12-06 23:35,11585
2019-12-06 23:40,11492
2019-12-06 23:45,11446
2019-12-06 23:50,11375
2019-12-06 23:55,11371
2019-12-07 00:00,11389
2019-12-07 00:05,11370
2019-12-07 00:10,11339
2019-12-07 00:15,11314
2019-12-07 00:20,11230
2019-12-07 00:25,11252
2019-12-07 00:30,11225
2019-12-07 00:35,11184
2019-12-07 00:40,11142
2019-12-07 00:45,11116
2019-12-07 00:50,11106
2019-12-07 00:55,11069
2019-12-07 01:00,11073
2019-12-07 01:05,11088
2019-12-07 01:10,11019
2019-12-07 01:15,11027
2019-12-07 01:20,11086
2019-12-07 01:25,11056
2019-12-07 01:30,11059
2019-12-07 01:35,11093
2019-12-07 01:40,11112
2019-12-07 01:45,11070
2019-12-07 01:50,11151
2019-12-07 01:55,11207
2019-12-07 02:00,11125
2019-12-07 02:05,11135
2019-12-07 02:10,11116
2019-12-07 02:15,11071
2019-12-07 02:20,11098
2019-12-07 02:25,11094
2019-12-07 02:30,11134
2019-12-07 02:35,11151
2019-12-07 02:40,11143
2019-12-07 02:45,11103
2019-12-07 02:50,11048
2019-12-07 02:55,10994
2019-12-07 03:00,11000
2019-12-07 03:05,10950
2019-12-07 03:10,10865
2019-12-07 03:15,10841
2019-12-07 03:20,10802
2019-12-07 03:25,10873
2019-12-07 03:30,10840
2019-12-07 03:35,10804
2019-12-07 03:40,10806
2019-12-07 03:45,10827
2019-12-07 03:50,10789
2019-12-07 03:55,10703
2019-12-07 04:00,10671
2019-12-07 04:05,10619
2019-12-07 04:10,10543
2019-12-07 04:15,10505
2019-12-07 04:20,10417
2019-12-07 04:25,10342
2019-12-07 04:30,10321
2019-12-07 04:35,10258
2019-12-07 04:40,10216
2019-12-07 04:45,10141
2019-12-07 04:50,10013
2019-12-07 04:55,9939
2019-12-07 05:00,9791
2019-12-07 05:05,9665
2019-12-07 05:10,9558
2019-12-07 05:15,9494
2019-12-07 05:20,9460
2019-12-07 05:25,9393
2019-12-07 05:30,9285
2019-12-07 05:35,9197
2019-12-07 05:40,9125
2019-12-07 05:45,9084
2019-12-07 05:50,8965
2019-12-07 05:55,8856
2019-12-07 06:00,8728
2019-12-07 06:05,8650
2019-12-07 06:10,8514
2019-12-07 06:15,8404
2019-12-07 06:20,8304
2019-12-07 06:25,8128
2019-12-07 06:30,8008
2019-12-07 06:35,7861
2019-12-07 06:40,7771
2019-12-07 06:45,7661
2019-12-07 06:50,7488
2019-12-07 06:55,7392
2019-12-07 07:00,7246
2019-12-07 07:05,7161
2019-12-07 07:10,6987
2019-12-07 07:15,6878
2019-12-07 07:20,6828
2019-12-07 07:25,6780
2019-12-07 07:30,6656
2019-12-07 07:35,6515
2019-12-07 07:40,6446
2019-12-07 07:45,6388
2019-12-07 07:50,6291
2019-12-07 07:55,6240
2019-12-07 08:00,6127
2019-12-07 08:05,6005
2019-12-07 08:10,5937
2019-12-07 08:15,5881
2019-12-07 08:20,5847
2019-12-07 08:25,5801
2019-12-07 08:30,5706
2019-12-07 08:35,5646
2019-12-07 08:40,5622
2019-12-07 08:45,5565
2019-12-07 08:50,5571
2019-12-07 08:55,5539
2019-12-07 09:00,5517
2019-12-07 09:05,5472
2019-12-07 09:10,5507
2019-12-07 09:15,5486
2019-12-07 09:20,5476
2019-12-07 09:25,5402
2019-12-07 09:30,5451
2019-12-07 09:35,5437
2019-12-07 09:40,5448
2019-12-07 09:45,5464
2019-12-07 09:50,5478
2019-12-07 09:55,5420
2019-12-07 10:00,5409
2019-12-07 10:05,5457
2019-12-07 10:10,5475
2019-12-07 10:15,5525
2019-12-07 10:20,5539
2019-12-07 10:25,5576
2019-12-07 10:30,5629
2019-12-07 10:35,5636
2019-12-07 10:40,5672
2019-12-07 10:45,5752
2019-12-07 10:50,5788
2019-12-07 10:55,5807
2019-12-07 11:00,5798
2019-12-07 11:05,5859
2019-12-07 11:10,5890
2019-12-07 11:15,5929
2019-12-07 11:20,5948
2019-12-07 11:25,6007
2019-12-07 11:30,6051
2019-12-07 11:35,6144
2019-12-07 11:40,6172
2019-12-07 11:45,6221
2019-12-07 11:50,6288
2019-12-07 11:55,6375
2019-12-07 12:00,6406
2019-12-07 12:05,6445
2019-12-07 12:10,6532
2019-12-07 12:15,6611
2019-12-07 12:20,6671
2019-12-07 12:25,6734
2019-12-07 12:30,6848
2019-12-07 12:35,6992
2019-12-07 12:40,7074
2019-12-07 12:45,7161
2019-12-07 12:50,7228
2019-12-07 12:55,7302
2019-12-07 13:00,7398
2019-12-07 13:05,7495
2019-12-07 13:10,7537
2019-12-07 13:15,7612
2019-12-07 13:20,7714
2019-12-07 13:25,7745
2019-12-07 13:30,7830
2019-12-07 13:35,7905
2019-12-07 13:40,7989
2019-12-07 13:45,8029
2019-12-07 13:50,8112
2019-12-07 13:55,8189
2019-12-07 14:00,8232
2019-12-07 14:05,8245
2019-12-07 14:10,8388
2019-12-07 14:15,8452
2019-12-07 14:20,8564
2019-12-07 14:25,8658
2019-12-07 14:30,8751
2019-12-07 14:35,8843
2019-12-07 14:40,8955
2019-12-07 14:45,9063
2019-12-07 14:50,9128
2019-12-07 14:55,9231
2019-12-07 15:00,9319
2019-12-07 15:05,9392
2019-12-07 15:10,9454
2019-12-07 15:15,9510
2019-12-07 15:20,9549
2019-12-07 15:25,9616
2019-12-07 15:30,9658
2019-12-07 15:35,9704
2019-12-07 15:40,9756
2019-12-07 15:45,9821
2019-12-07 15:50,9911
2019-12-07 15:55,9959
2019-12-07 16:00,10057
2019-12-07 16:05,10112
2019-12-07 16:10,10221
2019-12-07 16:15,10276
2019-12-07 16:20,10372
2019-12-07 16:25,10428
2019-12-07 16:30,10533
2019-12-07 16:35,10651
2019-12-07 16:40,10761
2019-12-07 16:45,10848
2019-12-07 16:50,10930
2019-12-07 16:55,11003
2019-12-07 17:00,11053
2019-12-07 17:05,11082
2019-12-07 17:10,11140
2019-12-07 17:15,11234
2019-12-07 17:20,11281
2019-12-07 17:25,11293
2019-12-07 17:30,11343
2019-12-07 17:35,11406
2019-12-07 17:40,11472
2019-12-07 17:45,11562
2019-12-07 17:50,11621
2019-12-07 17:55,11692
2019-12-07 18:00,11718
2019-12-07 18:05,11819
2019-12-07 18:10,11894
2019-12-07 18:15,11904
2019-12-07 18:20,12013
2019-12-07 18:25,12028
2019-12-07 18:30,12221
2019-12-07 18:35,12341
2019-12-07 18:40,12393
2019-12-07 18:45,12475
2019-12-07 18:50,12591
2019-12-07 18:55,12695
2019-12-07 19:00,12686
2019-12-07 19:05,12687
2019-12-07 19:10,12726
2019-12-07 19:15,12701
2019-12-07 19:20,12695
2019-12-07 19:25,12700
2019-12-07 19:30,12775
2019-12-07 19:35,12788
2019-12-07 19:40,12861
2019-12-07 19:45,12821
2019-12-07 19:50,12785
2019-12-07 19:55,12796
2019-12-07 20:00,12845
2019-12-07 20:05,12857
2019-12-07 20:10,12824
2019-12-07 20:15,12865
2019-12-07 20:20,12901
2019-12-07 20:25,12926
2019-12-07 20:30,12932
2019-12-07 20:35,12945
2019-12-07 20:40,12986
2019-12-07 20:45,12964
2019-12-07 20:50,12961
2019-12-07 20:55,12959
2019-12-07 21:00,12989
2019-12-07 21:05,13061
2019-12-07 21:10,13033
2019-12-07 21:15,13029
2019-12-07 21:20,13028
2019-12-07 21:25,12942
2019-12-07 21:30,12996
2019-12-07 21:35,12982
2019-12-07 21:40,12908
2019-12-07 21:45,12951
2019-12-07 21:50,12989
2019-12-07 21:55,12970
2019-12-07 22:00,13066
2019-12-07 22:05,13080
2019-12-07 22:10,13108
2019-12-07 22:15,13149
2019-12-07 22:20,13100
2019-12-07 22:25,13116
2019-12-07 22:30,13080
2019-12-07 22:35,13051
2019-12-07 22:40,13048
2019-12-07 22:45,13059
2019-12-07 22:50,13044
2019-12-07 22:55,12999
2019-12-07 23:00,12994
2019-12-07 23:05,12878
2019-12-07 23:10,12858
2019-12-07 23:15,12844
2019-12-07 23:20,12756
2019-12-07 23:25,12698
2019-12-07 23:30,12644
2019-12-07 23:35,12634
2019-12-07 23:40,12621
2019-12-07 23:45,12548
2019-12-07 23:50,12526
2019-12-07 23:55,12400
2019-12-08 00:00,12340
2019-12-08 00:05,12305
2019-12-08 00:10,12207
2019-12-08 00:15,12137
2019-12-08 00:20,12004
2019-12-08 00:25,11931
2019-12-08 00:30,11841
2019-12-08 00:35,11746
2019-12-08 00:40,11719
2019-12-08 00:45,11695
2019-12-08 00:50,11606
2019-12-08 00:55,11484
2019-12-08 01:00,11405
2019-12-08 01:05,11361
2019-12-08 01:10,11372
2019-12-08 01:15,11321
2019-12-08 01:20,11303
2019-12-08 01:25,11264
2019-12-08 01:30,11276
2019-12-08 01:35,11281
2019-12-08 01:40,11269
2019-12-08 01:45,11319
2019-12-08 01:50,11312
2019-12-08 01:55,11306
2019-12-08 02:00,11355
2019-12-08 02:05,11324
2019-12-08 02:10,11268
2019-12-08 02:15,11217
2019-12-08 02:20,11216
2019-12-08 02:25,11217
2019-12-08 02:30,11174
2019-12-08 02:35,11183
2019-12-08 02:40,11189
2019-12-08 02:45,11143
2019-12-08 02:50,11157
2019-12-08 02:55,11101
2019-12-08 03:00,11086
2019-12-08 03:05,11064
2019-12-08 03:10,11034
2019-12-08 03:15,11008
2019-12-08 03:20,11025
2019-12-08 03:25,11011
2019-12-08 03:30,11046
2019-12-08 03:35,11007
2019-12-08 03:40,11009
2019-12-08 03:45,10953
2019-12-08 03:50,10934
2019-12-08 03:55,10870
2019-12-08 04:00,10797
2019-12-08 04:05,10766
2019-12-08 04:10,10764
2019-12-08 04:15,10741
2019-12-08 04:20,10682
2019-12-08 04:25,10673
2019-12-08 04:30,10616
2019-12-08 04:35,10495
2019-12-08 04:40,10456
2019-12-08 04:45,10368
2019-12-08 04:50,10329
2019-12-08 04:55,10280
2019-12-08 05:00,10205
2019-12-08 05:05,10134
2019-12-08 05:10,10059
2019-12-08 05:15,9986
2019-12-08 05:20,9896
2019-12-08 05:25,9791
2019-12-08 05:30,9700
2019-12-08 05:35,9625
2019-12-08 05:40,9570
2019-12-08 05:45,9510
2019-12-08 05:50,9455
2019-12-08 05:55,9349
2019-12-08 06:00,9234
2019-12-08 06:05,9108
2019-12-08 06:10,8965
2019-12-08 06:15,8853
2019-12-08 06:20,8733
2019-12-08 06:25,8629
2019-12-08 06:30,8551
2019-12-08 06:35,8445
2019-12-08 06:40,8300
2019-12-08 06:45,8206
2019-12-08 06:50,8103
2019-12-08 06:55,7955
2019-12-08 07:00,7835
2019-12-08 07:05,7754
2019-12-08 07:10,7624
2019-12-08 07:15,7534
2019-12-08 07:20,7410
2019-12-08 07:25,7315
2019-12-08 07:30,7187
2019-12-08 07:35,7068
2019-12-08 07:40,6990
2019-12-08 07:45,6896
2019-12-08 07:50,6789
2019-12-08 07:55,6701
2019-12-08 08:00,6606
2019-12-08 08:05,6537
2019-12-08 08:10,6449
2019-12-08 08:15,6415
2019-12-08 08:20,6318
2019-12-08 08:25,6294
2019-12-08 08:30,6231
2019-12-08 08:35,6149
2019-12-08 08:40,6115
2019-12-08 08:45,6077
2019-12-08 08:50,6033
2019-12-08 08:55,5978
2019-12-08 09:00,5938
2019-12-08 09:05,5935
2019-12-08 09:10,5868
2019-12-08 09:15,5814
2019-12-08 09:20,5796
2019-12-08 09:25,5774
2019-12-08 09:30,5765
2019-12-08 09:35,5773
2019-12-08 09:40,5782
2019-12-08 09:45,5815
2019-12-08 09:50,5810
2019-12-08 09:55,5872
2019-12-08 10:00,5894
2019-12-08 10:05,5967
2019-12-08 10:10,5957
2019-12-08 10:15,5973
2019-12-08 10:20,6017
2019-12-08 10:25,6064
2019-12-08 10:30,6047
2019-12-08 10:35,6005
2019-12-08 10:40,6045
2019-12-08 10:45,6117
2019-12-08 10:50,6194
2019-12-08 10:55,6223
2019-12-08 11:00,6268
2019-12-08 11:05,6307
2019-12-08 11:10,6335
2019-12-08 11:15,6436
2019-12-08 11:20,6469
2019-12-08 11:25,6548
2019-12-08 11:30,6576
2019-12-08 11:35,6603
2019-12-08 11:40,6685
2019-12-08 11:45,6724
2019-12-08 11:50,6748
2019-12-08 11:55,6816
2019-12-08 12:00,6919
2019-12-08 12:05,7015
2019-12-08 12:10,7100
2019-12-08 12:15,7162
2019-12-08 12:20,7256
2019-12-08 12:25,7271
2019-12-08 12:30,7336
2019-12-08 12:35,7418
2019-12-08 12:40,7443
2019-12-08 12:45,7474
2019-12-08 12:50,7593
2019-12-08 12:55,7642
2019-12-08 13:00,7680
2019-12-08 13:05,7775
2019-12-08 13:10,7846
2019-12-08 13:15,7949
2019-12-08 13:20,8065
2019-12-08 13:25,8138
2019-12-08 13:30,8218
2019-12-08 13:35,8335
2019-12-08 13:40,8415
2019-12-08 13:45,8426
2019-12-08 13:50,8501
2019-12-08 13:55,8631
2019-12-08 14:00,8744
2019-12-08 14:05,8744
2019-12-08 14:10,8873
2019-12-08 14:15,8952
2019-12-08 14:20,9032
2019-12-08 14:25,9170
2019-12-08 14:30,9287
2019-12-08 14:35,9424
2019-12-08 14:40,9489
2019-12-08 14:45,9583
2019-12-08 14:50,9673
2019-12-08 14:55,9785
2019-12-08 15:00,9908
2019-12-08 15:05,9980
2019-12-08 15:10,10032
2019-12-08 15:15,10125
2019-12-08 15:20,10158
2019-12-08 15:25,10226
2019-12-08 15:30,10323
2019-12-08 15:35,10406
2019-12-08 15:40,10458
2019-12-08 15:45,10462
2019-12-08 15:50,10488
2019-12-08 15:55,10611
2019-12-08 16:00,10749
2019-12-08 16:05,10770
2019-12-08 16:10,10894
2019-12-08 16:15,11021
2019-12-08 16:20,11138
2019-12-08 16:25,11247
2019-12-08 16:30,11300
2019-12-08 16:35,11351
2019-12-08 16:40,11484
2019-12-08 16:45,11550
2019-12-08 16:50,11683
2019-12-08 16:55,11780
2019-12-08 17:00,11890
2019-12-08 17:05,11964
2019-12-08 17:10,12032
2019-12-08 17:15,12133
2019-12-08 17:20,12305
2019-12-08 17:25,12429
2019-12-08 17:30,12543
2019-12-08 17:35,12677
2019-12-08 17:40,12747
2019-12-08 17:45,12719
2019-12-08 17:50,12714
2019-12-08 17:55,12793
2019-12-08 18:00,12856
2019-12-08 18:05,12869
2019-12-08 18:10,12924
2019-12-08 18:15,13010
2019-12-08 18:20,13096
2019-12-08 18:25,13156
2019-12-08 18:30,13236
2019-12-08 18:35,13285
2019-12-08 18:40,13379
2019-12-08 18:45,13538
2019-12-08 18:50,13560
2019-12-08 18:55,13636
2019-12-08 19:00,13729
2019-12-08 19:05,13832
2019-12-08 19:10,13848
2019-12-08 19:15,13909
2019-12-08 19:20,13970
2019-12-08 19:25,14099
2019-12-08 19:30,14151
2019-12-08 19:35,14161
2019-12-08 19:40,14262
2019-12-08 19:45,14332
2019-12-08 19:50,14365
2019-12-08 19:55,14398
2019-12-08 20:00,14443
2019-12-08 20:05,14383
2019-12-08 20:10,14397
2019-12-08 20:15,14376
2019-12-08 20:20,14427
2019-12-08 20:25,14476
2019-12-08 20:30,14539
2019-12-08 20:35,14592
2019-12-08 20:40,14564
2019-12-08 20:45,14593
2019-12-08 20:50,14544
2019-12-08 20:55,14536
2019-12-08 21:00,14480
2019-12-08 21:05,14429
2019-12-08 21:10,14360
2019-12-08 21:15,14356
2019-12-08 21:20,14349
2019-12-08 21:25,14281
2019-12-08 21:30,14204
2019-12-08 21:35,14235
2019-12-08 21:40,14201
2019-12-08 21:45,14762
2019-12-08 21:50,14698
2019-12-08 21:55,14653
2019-12-08 22:00,14597
2019-12-08 22:05,14519
2019-12-08 22:10,13719
2019-12-08 22:15,13646
2019-12-08 22:20,13577
2019-12-08 22:25,13535
2019-12-08 22:30,13511
2019-12-08 22:35,13389
2019-12-08 22:40,13305
2019-12-08 22:45,13277
2019-12-08 22:50,13167
2019-12-08 22:55,13065
2019-12-08 23:00,12975
2019-12-08 23:05,12869
2019-12-08 23:10,12735
2019-12-08 23:15,12656
2019-12-08 23:20,12570
2019-12-08 23:25,12495
2019-12-08 23:30,12447
2019-12-08 23:35,12411
2019-12-08 23:40,12374
2019-12-08 23:45,12216
2019-12-08 23:50,12155
2019-12-08 23:55,12070
2019-12-09 00:00,12039
2019-12-09 00:05,11939
2019-12-09 00:10,11879
2019-12-09 00:15,11797
2019-12-09 00:20,11744
2019-12-09 00:25,11704
2019-12-09 00:30,11719
2019-12-09 00:35,11746
2019-12-09 00:40,11781
2019-12-09 00:45,11786
2019-12-09 00:50,11810
2019-12-09 00:55,11770
2019-12-09 01:00,11773
2019-12-09 01:05,11794
2019-12-09 01:10,11768
2019-12-09 01:15,11811
2019-12-09 01:20,11775
2019-12-09 01:25,11787
2019-12-09 01:30,11794
2019-12-09 01:35,11772
2019-12-09 01:40,11754
2019-12-09 01:45,11815
2019-12-09 01:50,11837
2019-12-09 01:55,11805
2019-12-09 02:00,11775
2019-12-09 02:05,11868
2019-12-09 02:10,11809
2019-12-09 02:15,11756
2019-12-09 02:20,11682
2019-12-09 02:25,11626
2019-12-09 02:30,11595
2019-12-09 02:35,11469
2019-12-09 02:40,11342
2019-12-09 02:45,11302
2019-12-09 02:50,11313
2019-12-09 02:55,11229
2019-12-09 03:00,11141
2019-12-09 03:05,11097
2019-12-09 03:10,11104
2019-12-09 03:15,11071
2019-12-09 03:20,10980
2019-12-09 03:25,10858
2019-12-09 03:30,10803
2019-12-09 03:35,10657
2019-12-09 03:40,10565
2019-12-09 03:45,10387
2019-12-09 03:50,10314
2019-12-09 03:55,10161
2019-12-09 04:00,10038
2019-12-09 04:05,9913
2019-12-09 04:10,9809
2019-12-09 04:15,9667
2019-12-09 04:20,9528
2019-12-09 04:25,9412
2019-12-09 04:30,9264
2019-12-09 04:35,9101
2019-12-09 04:40,9007
2019-12-09 04:45,8896
2019-12-09 04:50,8807
2019-12-09 04:55,8723
2019-12-09 05:00,8550
2019-12-09 05:05,8411
2019-12-09 05:10,8283
2019-12-09 05:15,8121
2019-12-09 05:20,7986
2019-12-09 05:25,7786
2019-12-09 05:30,7742
2019-12-09 05:35,7572
2019-12-09 05:40,7478
2019-12-09 05:45,7351
2019-12-09 05:50,7179
2019-12-09 05:55,7104
2019-12-09 06:00,6991
2019-12-09 06:05,6876
2019-12-09 06:10,6739
2019-12-09 06:15,6642
2019-12-09 06:20,6549
2019-12-09 06:25,6434
2019-12-09 06:30,6318
2019-12-09 06:35,6237
2019-12-09 06:40,6131
2019-12-09 06:45,6023
2019-12-09 06:50,5906
2019-12-09 06:55,5824
2019-12-09 07:00,5684
2019-12-09 07:05,5631
2019-12-09 07:10,5539
2019-12-09 07:15,5461
2019-12-09 07:20,5355
2019-12-09 07:25,5286
2019-12-09 07:30,5189
2019-12-09 07:35,5120
2019-12-09 07:40,5058
2019-12-09 07:45,4985
2019-12-09 07:50,4892
2019-12-09 07:55,4819
2019-12-09 08:00,4737
2019-12-09 08:05,4665
2019-12-09 08:10,4583
2019-12-09 08:15,4521
2019-12-09 08:20,4448
2019-12-09 08:25,4383
2019-12-09 08:30,4324
2019-12-09 08:35,4260
2019-12-09 08:40,4240
2019-12-09 08:45,4211
2019-12-09 08:50,4165
2019-12-09 08:55,4129
2019-12-09 09:00,4137
2019-12-09 09:05,4139
2019-12-09 09:10,4117
2019-12-09 09:15,4083
2019-12-09 09:20,4107
2019-12-09 09:25,4082
2019-12-09 09:30,4063
2019-12-09 09:35,4080
2019-12-09 09:40,4099
2019-12-09 09:45,4089
2019-12-09 09:50,4078
2019-12-09 09:55,4070
2019-12-09 10:00,4017
2019-12-09 10:05,3978
2019-12-09 10:10,4034
2019-12-09 10:15,4030
2019-12-09 10:20,4063
2019-12-09 10:25,4115
2019-12-09 10:30,4150
2019-12-09 10:35,4188
2019-12-09 10:40,4230
2019-12-09 10:45,4226
2019-12-09 10:50,4251
2019-12-09 10:55,4293
2019-12-09 11:00,4316
2019-12-09 11:05,4327
2019-12-09 11:10,4376
2019-12-09 11:15,4385
2019-12-09 11:20,4429
2019-12-09 11:25,4461
2019-12-09 11:30,4525
2019-12-09 11:35,4528
2019-12-09 11:40,4566
2019-12-09 11:45,4578
2019-12-09 11:50,4655
2019-12-09 11:55,4677
2019-12-09 12:00,4697
2019-12-09 12:05,4726
2019-12-09 12:10,4783
2019-12-09 12:15,4855
2019-12-09 12:20,4949
2019-12-09 12:25,4989
2019-12-09 12:30,5042
2019-12-09 12:35,5087
2019-12-09 12:40,5162
2019-12-09 12:45,5220
2019-12-09 12:50,5255
2019-12-09 12:55,5285
2019-12-09 13:00,5329
2019-12-09 13:05,5403
2019-12-09 13:10,5486
2019-12-09 13:15,5542
2019-12-09 13:20,5623
2019-12-09 13:25,5691
2019-12-09 13:30,5727
2019-12-09 13:35,5808
2019-12-09 13:40,5905
2019-12-09 13:45,5976
2019-12-09 13:50,6022
2019-12-09 13:55,6123
2019-12-09 14:00,6167
2019-12-09 14:05,6265
2019-12-09 14:10,6358
2019-12-09 14:15,6423
2019-12-09 14:20,6510
2019-12-09 14:25,6648
2019-12-09 14:30,6735
2019-12-09 14:35,6829
2019-12-09 14:40,6929
2019-12-09 14:45,7048
2019-12-09 14:50,7132
2019-12-09 14:55,7176
2019-12-09 15:00,7231
2019-12-09 15:05,
2019-12-09 15:10,7369
2019-12-09 15:15,7429
2019-12-09 15:20,7572
2019-12-09 15:25,7644
2019-12-09 15:30,7748
2019-12-09 15:35,7852
2019-12-09 15:40,7934
2019-12-09 15:45,8046
2019-12-09 15:50,8117
2019-12-09 15:55,8242
2019-12-09 16:00,8336
2019-12-09 16:05,8450
2019-12-09 16:10,8547
2019-12-09 16:15,8581
2019-12-09 16:20,8739
2019-12-09 16:25,8784
2019-12-09 16:30,8876
2019-12-09 16:35,8912
2019-12-09 16:40,8972
2019-12-09 16:45,9044
2019-12-09 16:50,9179
2019-12-09 16:55,9203
2019-12-09 17:00,9300
2019-12-09 17:05,9382
2019-12-09 17:10,9516
2019-12-09 17:15,9577
2019-12-09 17:20,9709
2019-12-09 17:25,9807
2019-12-09 17:30,9915
2019-12-09 17:35,9996
2019-12-09 17:40,10116
2019-12-09 17:45,10129
2019-12-09 17:50,10190
2019-12-09 17:55,10328
2019-12-09 18:00,10390
2019-12-09 18:05,10467
2019-12-09 18:10,10567
2019-12-09 18:15,10635
2019-12-09 18:20,10767
2019-12-09 18:25,10881
2019-12-09 18:30,10999
2019-12-09 18:35,11088
2019-12-09 18:40,11199
2019-12-09 18:45,11252
2019-12-09 18:50,11337
2019-12-09 18:55,11468
2019-12-09 19:00,11570
2019-12-09 19:05,11666
2019-12-09 19:10,11719
2019-12-09 19:15,11753
2019-12-09 19:20,11899
2019-12-09 19:25,11911
2019-12-09 19:30,11972
2019-12-09 19:35,12011
2019-12-09 19:40,12093
2019-12-09 19:45,12146
2019-12-09 19:50,12230
2019-12-09 19:55,12288
2019-12-09 20:00,12338
2019-12-09 20:05,12484
2019-12-09 20:10,12628
2019-12-09 20:15,12553
2019-12-09 20:20,12478
2019-12-09 20:25,12515
2019-12-09 20:30,12491
2019-12-09 20:35,12475
2019-12-09 20:40,12516
2019-12-09 20:45,12475
2019-12-09 20:50,12527
2019-12-09 20:55,12532
2019-12-09 21:00,12495
2019-12-09 21:05,12442
2019-12-09 21:10,12353
2019-12-09 21:15,12374
2019-12-09 21:20,12382
2019-12-09 21:25,12295
2019-12-09 21:30,12231
2019-12-09 21:35,12204
2019-12-09 21:40,12156
2019-12-09 21:45,12178
2019-12-09 21:50,12118
2019-12-09 21:55,12033
2019-12-09 22:00,11970
2019-12-09 22:05,11932
2019-12-09 22:10,11895
2019-12-09 22:15,11787
2019-12-09 22:20,11710
2019-12-09 22:25,11626
2019-12-09 22:30,11548
2019-12-09 22:35,11495
2019-12-09 22:40,11491
2019-12-09 22:45,11421
2019-12-09 22:50,11339
2019-12-09 22:55,11225
2019-12-09 23:00,11119
2019-12-09 23:05,11035
2019-12-09 23:10,10986
2019-12-09 23:15,10952
2019-12-09 23:20,10939
2019-12-09 23:25,10880
2019-12-09 23:30,10818
2019-12-09 23:35,10795
2019-12-09 23:40,10705
2019-12-09 23:45,10719
2019-12-09 23:50,10720
2019-12-09 23:55,10701
2019-12-10 00:00,10648
2019-12-10 00:05,10610
2019-12-10 00:10,10637
2019-12-10 00:15,10679
2019-12-10 00:20,10728
2019-12-10 00:25,10784
2019-12-10 00:30,10783
2019-12-10 00:35,10822
2019-12-10 00:40,10818
2019-12-10 00:45,10871
2019-12-10 00:50,10874
2019-12-10 00:55,10864
2019-12-10 01:00,10913
2019-12-10 01:05,10900
2019-12-10 01:10,10894
2019-12-10 01:15,10885
2019-12-10 01:20,10949
2019-12-10 01:25,11059
2019-12-10 01:30,11091
2019-12-10 01:35,11143
2019-12-10 01:40,11164
2019-12-10 01:45,11176
2019-12-10 01:50,11280
2019-12-10 01:55,11332
2019-12-10 02:00,11312
2019-12-10 02:05,11296
2019-12-10 02:10,11297
2019-12-10 02:15,11293
2019-12-10 02:20,11351
2019-12-10 02:25,11310
2019-12-10 02:30,11285
2019-12-10 02:35,11271
2019-12-10 02:40,11226
2019-12-10 02:45,11246
2019-12-10 02:50,11240
2019-12-10 02:55,11147
2019-12-10 03:00,11086
2019-12-10 03:05,10958
2019-12-10 03:10,10900
2019-12-10 03:15,10935
2019-12-10 03:20,10834
2019-12-10 03:25,10766
2019-12-10 03:30,10670
2019-12-10 03:35,10603
2019-12-10 03:40,10535
2019-12-10 03:45,10444
2019-12-10 03:50,10380
2019-12-10 03:55,10283
2019-12-10 04:00,10074
2019-12-10 04:05,9936
2019-12-10 04:10,9828
2019-12-10 04:15,9684
2019-12-10 04:20,9548
2019-12-10 04:25,9505
2019-12-10 04:30,9379
2019-12-10 04:35,9302
2019-12-10 04:40,9182
2019-12-10 04:45,9105
2019-12-10 04:50,9010
2019-12-10 04:55,8871
2019-12-10 05:00,8786
2019-12-10 05:05,8582
2019-12-10 05:10,8471
2019-12-10 05:15,8294
2019-12-10 05:20,8166
2019-12-10 05:25,8037
2019-12-10 05:30,7893
2019-12-10 05:35,7767
2019-12-10 05:40,7603
2019-12-10 05:45,7425
2019-12-10 05:50,7302
2019-12-10 05:55,7193
2019-12-10 06:00,7078
2019-12-10 06:05,6899
2019-12-10 06:10,6787
2019-12-10 06:15,6692
2019-12-10 06:20,6574
2019-12-10 06:25,6375
2019-12-10 06:30,6309
2019-12-10 06:35,6231
2019-12-10 06:40,6060
2019-12-10 06:45,5921
2019-12-10 06:50,5806
2019-12-10 06:55,5678
2019-12-10 07:00,5534
2019-12-10 07:05,5402
2019-12-10 07:10,5245
2019-12-10 07:15,5127
2019-12-10 07:20,5036
2019-12-10 07:25,4949
2019-12-10 07:30,4861
2019-12-10 07:35,4803
2019-12-10 07:40,4718
2019-12-10 07:45,4682
2019-12-10 07:50,4631
2019-12-10 07:55,4598
2019-12-10 08:00,4533
2019-12-10 08:05,4472
2019-12-10 08:10,4415
2019-12-10 08:15,4376
2019-12-10 08:20,4353
2019-12-10 08:25,4321
2019-12-10 08:30,4266
2019-12-10 08:35,4230
2019-12-10 08:40,4243
2019-12-10 08:45,4194
2019-12-10 08:50,4163
2019-12-10 08:55,4111
2019-12-10 09:00,4106
2019-12-10 09:05,4069
2019-12-10 09:10,4088
2019-12-10 09:15,4070
2019-12-10 09:20,4041
2019-12-10 09:25,4033
2019-12-10 09:30,4028
2019-12-10 09:35,4034
2019-12-10 09:40,4053
2019-12-10 09:45,4047
2019-12-10 09:50,4054
2019-12-10 09:55,4049
2019-12-10 10:00,4041
2019-12-10 10:05,4065
2019-12-10 10:10,4057
2019-12-10 10:15,4064
2019-12-10 10:20,4074
2019-12-10 10:25,4105
2019-12-10 10:30,4138
2019-12-10 10:35,4150
2019-12-10 10:40,4157
2019-12-10 10:45,4171
2019-12-10 10:50,4171
2019-12-10 10:55,4191
2019-12-10 11:00,4204
2019-12-10 11:05,4226
2019-12-10 11:10,4277
2019-12-10 11:15,4321
2019-12-10 11:20,4311
2019-12-10 11:25,4359
2019-12-10 11:30,4400
2019-12-10 11:35,4486
2019-12-10 11:40,4530
2019-12-10 11:45,4601
2019-12-10 11:50,4624
2019-12-10 11:55,4637
2019-12-10 12:00,4659
2019-12-10 12:05,4704
2019-12-10 12:10,4767
2019-12-10 12:15,4829
2019-12-10 12:20,4867
2019-12-10 12:25,4936
2019-12-10 12:30,4981
2019-12-10 12:35,5047
2019-12-10 12:40,5111
2019-12-10 12:45,5116
2019-12-10 12:50,5169
2019-12-10 12:55,5206
2019-12-10 13:00,5284
2019-12-10 13:05,5375
2019-12-10 13:10,5460
2019-12-10 13:15,5557
2019-12-10 13:20,5634
2019-12-10 13:25,5720
2019-12-10 13:30,5786
2019-12-10 13:35,5852
2019-12-10 13:40,5965
2019-12-10 13:45,6051
2019-12-10 13:50,6101
2019-12-10 13:55,6168
2019-12-10 14:00,6199
2019-12-10 14:05,6273
2019-12-10 14:10,6370
2019-12-10 14:15,6412
2019-12-10 14:20,6491
2019-12-10 14:25,6600
2019-12-10 14:30,6655
2019-12-10 14:35,6724
2019-12-10 14:40,6797
2019-12-10 14:45,6838
2019-12-10 14:50,6895
2019-12-10 14:55,6953
2019-12-10 15:00,7019
2019-12-10 15:05,7082
2019-12-10 15:10,7184
2019-12-10 15:15,7256
2019-12-10 15:20,7333
2019-12-10 15:25,7423
2019-12-10 15:30,7478
2019-12-10 15:35,7615
2019-12-10 15:40,7657
2019-12-10 15:45,7741
2019-12-10 15:50,7824
2019-12-10 15:55,7924
2019-12-10 16:00,8030
2019-12-10 16:05,8094
2019-12-10 16:10,8207
2019-12-10 16:15,8347
2019-12-10 16:20,8454
2019-12-10 16:25,8557
2019-12-10 16:30,8665
2019-12-10 16:35,8751
2019-12-10 16:40,8889
2019-12-10 16:45,9017
2019-12-10 16:50,9106
2019-12-10 16:55,9222
2019-12-10 17:00,9322
2019-12-10 17:05,9399
2019-12-10 17:10,9556
2019-12-10 17:15,9680
2019-12-10 17:20,9786
2019-12-10 17:25,9855
2019-12-10 17:30,9902
2019-12-10 17:35,10065
2019-12-10 17:40,10136
2019-12-10 17:45,10213
2019-12-10 17:50,10303
2019-12-10 17:55,10388
2019-12-10 18:00,10403
2019-12-10 18:05,10514
2019-12-10 18:10,10602
2019-12-10 18:15,10704
2019-12-10 18:20,10724
2019-12-10 18:25,10793
2019-12-10 18:30,10814
2019-12-10 18:35,10872
2019-12-10 18:40,10990
2019-12-10 18:45,11000
2019-12-10 18:50,11105
2019-12-10 18:55,11199
2019-12-10 19:00,11248
2019-12-10 19:05,11285
2019-12-10 19:10,11326
2019-12-10 19:15,11450
2019-12-10 19:20,11514
2019-12-10 19:25,11547
2019-12-10 19:30,11594
2019-12-10 19:35,11662
2019-12-10 19:40,11721
2019-12-10 19:45,11774
2019-12-10 19:50,11851
2019-12-10 19:55,11853
2019-12-10 20:00,11867
2019-12-10 20:05,11933
2019-12-10 20:10,12009
2019-12-10 20:15,12041
2019-12-10 20:20,12026
2019-12-10 20:25,12015
2019-12-10 20:30,12057
2019-12-10 20:35,12077
2019-12-10 20:40,12097
2019-12-10 20:45,12077
2019-12-10 20:50,12060
2019-12-10 20:55,12031
2019-12-10 21:00,12009
2019-12-10 21:05,12003
2019-12-10 21:10,11940
2019-12-10 21:15,11935
2019-12-10 21:20,11928
2019-12-10 21:25,11890
2019-12-10 21:30,11953
2019-12-10 21:35,11891
2019-12-10 21:40,11836
2019-12-10 21:45,11829
2019-12-10 21:50,11812
2019-12-10 21:55,11796
2019-12-10 22:00,11755
2019-12-10 22:05,11710
2019-12-10 22:10,11619
2019-12-10 22:15,11553
2019-12-10 22:20,11431
2019-12-10 22:25,11365
2019-12-10 22:30,11321
2019-12-10 22:35,11346
2019-12-10 22:40,11312
2019-12-10 22:45,11272
2019-12-10 22:50,11267
2019-12-10 22:55,11267
2019-12-10 23:00,11067
2019-12-10 23:05,11008
2019-12-10 23:10,10866
2019-12-10 23:15,
2019-12-10 23:20,
2019-12-10 23:25,10025
2019-12-10 23:30,10590
2019-12-10 23:35,10583
2019-12-10 23:40,10558
2019-12-10 23:45,10601
2019-12-10 23:50,10612
2019-12-10 23:55,10607
2019-12-11 00:00,10566
2019-12-11 00:05,10537
2019-12-11 00:10,10544
2019-12-11 00:15,10472
2019-12-11 00:20,10432
2019-12-11 00:25,10453
2019-12-11 00:30,10492
2019-12-11 00:35,10421
2019-12-11 00:40,10357
2019-12-11 00:45,10391
2019-12-11 00:50,10443
2019-12-11 00:55,10531
2019-12-11 01:00,10553
2019-12-11 01:05,10607
2019-12-11 01:10,10650
2019-12-11 01:15,10728
2019-12-11 01:20,10783
2019-12-11 01:25,10879
2019-12-11 01:30,10916
2019-12-11 01:35,10989
2019-12-11 01:40,11014
2019-12-11 01:45,11119
2019-12-11 01:50,11185
2019-12-11 01:55,11200
2019-12-11 02:00,11215
2019-12-11 02:05,11228
2019-12-11 02:10,11262
2019-12-11 02:15,11299
2019-12-11 02:20,11360
2019-12-11 02:25,11343
2019-12-11 02:30,11371
2019-12-11 02:35,11361
2019-12-11 02:40,11326
2019-12-11 02:45,11261
2019-12-11 02:50,11197
2019-12-11 02:55,11148
2019-12-11 03:00,11119
2019-12-11 03:05,11077
2019-12-11 03:10,10988
2019-12-11 03:15,10914
2019-12-11 03:20,10870
2019-12-11 03:25,10793
2019-12-11 03:30,10691
2019-12-11 03:35,10592
2019-12-11 03:40,10474
2019-12-11 03:45,10356
2019-12-11 03:50,10249
2019-12-11 03:55,10121
2019-12-11 04:00,9997
2019-12-11 04:05,9893
2019-12-11 04:10,9763
2019-12-11 04:15,9664
2019-12-11 04:20,9568
2019-12-11 04:25,9379
2019-12-11 04:30,9318
2019-12-11 04:35,9203
2019-12-11 04:40,9097
2019-12-11 04:45,9023
2019-12-11 04:50,8942
2019-12-11 04:55,8803
2019-12-11 05:00,8679
2019-12-11 05:05,8616
2019-12-11 05:10,8472
2019-12-11 05:15,8308
2019-12-11 05:20,8198
2019-12-11 05:25,8044
2019-12-11 05:30,7919
2019-12-11 05:35,7802
2019-12-11 05:40,7660
2019-12-11 05:45,7545
2019-12-11 05:50,7395
2019-12-11 05:55,7265
2019-12-11 06:00,7086
2019-12-11 06:05,6967
2019-12-11 06:10,6828
2019-12-11 06:15,6683
2019-12-11 06:20,6601
2019-12-11 06:25,6479
2019-12-11 06:30,6375
2019-12-11 06:35,6253
2019-12-11 06:40,6102
2019-12-11 06:45,5964
2019-12-11 06:50,5845
2019-12-11 06:55,5689
2019-12-11 07:00,5565
2019-12-11 07:05,5471
2019-12-11 07:10,5385
2019-12-11 07:15,5246
2019-12-11 07:20,5151
2019-12-11 07:25,5098
2019-12-11 07:30,4991
2019-12-11 07:35,4925
2019-12-11 07:40,4841
2019-12-11 07:45,4796
2019-12-11 07:50,4750
2019-12-11 07:55,4693
2019-12-11 08:00,4635
2019-12-11 08:05,4553
2019-12-11 08:10,4483
2019-12-11 08:15,4421
2019-12-11 08:20,4327
2019-12-11 08:25,4305
2019-12-11 08:30,4285
2019-12-11 08:35,4240
2019-12-11 08:40,4155
2019-12-11 08:45,4117
2019-12-11 08:50,4111
2019-12-11 08:55,4075
2019-12-11 09:00,4042
2019-12-11 09:05,4010
2019-12-11 09:10,3972
2019-12-11 09:15,3969
2019-12-11 09:20,3975
2019-12-11 09:25,3958
2019-12-11 09:30,3960
2019-12-11 09:35,3918
2019-12-11 09:40,3858
2019-12-11 09:45,3800
2019-12-11 09:50,3795
2019-12-11 09:55,3830
2019-12-11 10:00,3801
2019-12-11 10:05,3799
2019-12-11 10:10,3739
2019-12-11 10:15,3722
2019-12-11 10:20,3685
2019-12-11 10:25,3613
2019-12-11 10:30,3593
2019-12-11 10:35,3419
2019-12-11 10:40,2861
2019-12-11 10:45,2394
2019-12-11 10:50,2023
2019-12-11 10:55,1704
2019-12-11 11:00,1555
2019-12-11 11:05,1416
2019-12-11 11:10,1319
2019-12-11 11:15,1299
2019-12-11 11:20,1313
2019-12-11 11:25,1321
2019-12-11 11:30,1289
2019-12-11 11:35,1273
2019-12-11 11:40,1284
2019-12-11 11:45,1285
2019-12-11 11:50,1277
2019-12-11 11:55,1295
2019-12-11 12:00,1290
2019-12-11 12:05,1303
2019-12-11 12:10,1318
2019-12-11 12:15,1340
2019-12-11 12:20,1325
2019-12-11 12:25,1358
2019-12-11 12:30,1257
2019-12-11 12:35,1192
2019-12-11 12:40,1194
2019-12-11 12:45,1223
2019-12-11 12:50,1277
2019-12-11 12:55,1327
2019-12-11 13:00,1405
2019-12-11 13:05,1778
2019-12-11 13:10,2237
2019-12-11 13:15,2642
2019-12-11 13:20,3058
2019-12-11 13:25,3413
2019-12-11 13:30,3734
2019-12-11 13:35,4028
2019-12-11 13:40,4373
2019-12-11 13:45,4659
2019-12-11 13:50,4893
2019-12-11 13:55,5140
2019-12-11 14:00,5416
2019-12-11 14:05,5638
2019-12-11 14:10,5882
2019-12-11 14:15,6113
2019-12-11 14:20,6345
2019-12-11 14:25,6549
2019-12-11 14:30,6754
2019-12-11 14:35,6992
2019-12-11 14:40,7172
2019-12-11 14:45,7358
2019-12-11 14:50,7509
2019-12-11 14:55,7627
2019-12-11 15:00,7747
2019-12-11 15:05,7853
2019-12-11 15:10,7998
2019-12-11 15:15,8136
2019-12-11 15:20,8193
2019-12-11 15:25,8266
2019-12-11 15:30,8350
2019-12-11 15:35,8460
2019-12-11 15:40,8606
2019-12-11 15:45,8753
2019-12-11 15:50,8813
2019-12-11 15:55,8898
2019-12-11 16:00,9028
2019-12-11 16:05,9121
2019-12-11 16:10,9176
2019-12-11 16:15,9232
2019-12-11 16:20,9333
2019-12-11 16:25,9482
2019-12-11 16:30,9599
2019-12-11 16:35,9688
2019-12-11 16:40,9778
2019-12-11 16:45,9941
2019-12-11 16:50,10043
2019-12-11 16:55,10153
2019-12-11 17:00,10246
2019-12-11 17:05,10317
2019-12-11 17:10,10414
2019-12-11 17:15,10514
2019-12-11 17:20,10599
2019-12-11 17:25,10699
2019-12-11 17:30,10907
2019-12-11 17:35,11009
2019-12-11 17:40,11062
2019-12-11 17:45,11015
2019-12-11 17:50,11310
2019-12-11 17:55,11456
2019-12-11 18:00,11572
2019-12-11 18:05,11616
2019-12-11 18:10,11749
2019-12-11 18:15,11811
2019-12-11 18:20,11926
2019-12-11 18:25,12036
2019-12-11 18:30,12142
2019-12-11 18:35,12219
2019-12-11 18:40,12362
2019-12-11 18:45,12502
2019-12-11 18:50,12626
2019-12-11 18:55,12819
2019-12-11 19:00,12921
2019-12-11 19:05,12942
2019-12-11 19:10,12925
2019-12-11 19:15,12987
2019-12-11 19:20,13031
2019-12-11 19:25,13120
2019-12-11 19:30,13228
2019-12-11 19:35,13295
2019-12-11 19:40,13324
2019-12-11 19:45,13334
2019-12-11 19:50,13386
2019-12-11 19:55,13429
2019-12-11 20:00,13463
2019-12-11 20:05,13463
2019-12-11 20:10,13556
2019-12-11 20:15,13596
2019-12-11 20:20,13631
2019-12-11 20:25,13697
2019-12-11 20:30,13658
2019-12-11 20:35,13680
2019-12-11 20:40,13734
2019-12-11 20:45,13734
2019-12-11 20:50,13689
2019-12-11 20:55,13699
2019-12-11 21:00,13624
2019-12-11 21:05,13666
2019-12-11 21:10,13645
2019-12-11 21:15,13611
2019-12-11 21:20,13570
2019-12-11 21:25,13610
2019-12-11 21:30,13619
2019-12-11 21:35,13593
2019-12-11 21:40,13571
2019-12-11 21:45,13542
2019-12-11 21:50,13524
2019-12-11 21:55,13442
2019-12-11 22:00,13445
2019-12-11 22:05,13382
2019-12-11 22:10,13300
2019-12-11 22:15,13201
2019-12-11 22:20,13158
2019-12-11 22:25,13119
2019-12-11 22:30,13066
2019-12-11 22:35,12977
2019-12-11 22:40,12869
2019-12-11 22:45,12810
2019-12-11 22:50,12739
2019-12-11 22:55,12700
2019-12-11 23:00,12671
2019-12-11 23:05,12616
2019-12-11 23:10,12460
2019-12-11 23:15,12427
2019-12-11 23:20,12354
2019-12-11 23:25,12340
2019-12-11 23:30,12251
2019-12-11 23:35,12198
2019-12-11 23:40,12122
2019-12-11 23:45,12113
2019-12-11 23:50,12008
2019-12-11 23:55,11932
2019-12-12 00:00,11892
2019-12-12 00:05,11933
2019-12-12 00:10,11959
2019-12-12 00:15,11999
2019-12-12 00:20,11993
2019-12-12 00:25,11973
2019-12-12 00:30,11938
2019-12-12 00:35,11910
2019-12-12 00:40,11975
2019-12-12 00:45,11934
2019-12-12 00:50,11963
2019-12-12 00:55,11993
2019-12-12 01:00,12094
2019-12-12 01:05,12088
2019-12-12 01:10,12088
2019-12-12 01:15,12078
2019-12-12 01:20,12085
2019-12-12 01:25,12131
2019-12-12 01:30,12180
2019-12-12 01:35,12220
2019-12-12 01:40,12241
2019-12-12 01:45,12220
2019-12-12 01:50,12196
2019-12-12 01:55,12174
2019-12-12 02:00,0
2019-12-12 02:05,12283
2019-12-12 02:10,12281
2019-12-12 02:15,12302
2019-12-12 02:20,12319
2019-12-12 02:25,12419
2019-12-12 02:30,12392
2019-12-12 02:35,12411
2019-12-12 02:40,12404
2019-12-12 02:45,12382
2019-12-12 02:50,12430
2019-12-12 02:55,12387
2019-12-12 03:00,12353
2019-12-12 03:05,12287
2019-12-12 03:10,12230
2019-12-12 03:15,12146
2019-12-12 03:20,12084
2019-12-12 03:25,11997
2019-12-12 03:30,11926
2019-12-12 03:35,11882
2019-12-12 03:40,11862
2019-12-12 03:45,11715
2019-12-12 03:50,11526
2019-12-12 03:55,11368
2019-12-12 04:00,11194
2019-12-12 04:05,11052
2019-12-12 04:10,10913
2019-12-12 04:15,10771
2019-12-12 04:20,10656
2019-12-12 04:25,10537
2019-12-12 04:30,10487
2019-12-12 04:35,10400
2019-12-12 04:40,10237
2019-12-12 04:45,10110
2019-12-12 04:50,9985
2019-12-12 04:55,9839
2019-12-12 05:00,9669
2019-12-12 05:05,9543
2019-12-12 05:10,9395
2019-12-12 05:15,9187
2019-12-12 05:20,9016
2019-12-12 05:25,8860
2019-12-12 05:30,8691
2019-12-12 05:35,8525
2019-12-12 05:40,8455
2019-12-12 05:45,8345
2019-12-12 05:50,8269
2019-12-12 05:55,8070
2019-12-12 06:00,7920
2019-12-12 06:05,7767
2019-12-12 06:10,7590
2019-12-12 06:15,7469
2019-12-12 06:20,7273
2019-12-12 06:25,7178
2019-12-12 06:30,6990
2019-12-12 06:35,6836
2019-12-12 06:40,6704
2019-12-12 06:45,6551
2019-12-12 06:50,6378
2019-12-12 06:55,6246
2019-12-12 07:00,6145
2019-12-12 07:05,6100
2019-12-12 07:10,5997
2019-12-12 07:15,5898
2019-12-12 07:20,5812
2019-12-12 07:25,5729
2019-12-12 07:30,5643
2019-12-12 07:35,5548
2019-12-12 07:40,5429
2019-12-12 07:45,5344
2019-12-12 07:50,5239
2019-12-12 07:55,5146
2019-12-12 08:00,5126
2019-12-12 08:05,5079
2019-12-12 08:10,5010
2019-12-12 08:15,4913
2019-12-12 08:20,4845
2019-12-12 08:25,4775
2019-12-12 08:30,4703
2019-12-12 08:35,4665
2019-12-12 08:40,4637
2019-12-12 08:45,4605
2019-12-12 08:50,4610
2019-12-12 08:55,4576
2019-12-12 09:00,4513
2019-12-12 09:05,4463
2019-12-12 09:10,4434
2019-12-12 09:15,4381
2019-12-12 09:20,4375
2019-12-12 09:25,4343
2019-12-12 09:30,4335
2019-12-12 09:35,4344
2019-12-12 09:40,4346
2019-12-12 09:45,4336
2019-12-12 09:50,4329
2019-12-12 09:55,4308
2019-12-12 10:00,4286
2019-12-12 10:05,4267
2019-12-12 10:10,4309
2019-12-12 10:15,4342
2019-12-12 10:20,4374
2019-12-12 10:25,4404
2019-12-12 10:30,4370
2019-12-12 10:35,4393
2019-12-12 10:40,4390
2019-12-12 10:45,4398
2019-12-12 10:50,4419
2019-12-12 10:55,4447
2019-12-12 11:00,4495
2019-12-12 11:05,4517
2019-12-12 11:10,4528
2019-12-12 11:15,4496
2019-12-12 11:20,4521
2019-12-12 11:25,4541
2019-12-12 11:30,4642
2019-12-12 11:35,4696
2019-12-12 11:40,4756
2019-12-12 11:45,4785
2019-12-12 11:50,4865
2019-12-12 11:55,4920
2019-12-12 12:00,4912
2019-12-12 12:05,4940
2019-12-12 12:10,4968
2019-12-12 12:15,4975
2019-12-12 12:20,5039
2019-12-12 12:25,5088
2019-12-12 12:30,5177
2019-12-12 12:35,5262
2019-12-12 12:40,5319
2019-12-12 12:45,5359
2019-12-12 12:50,5402
2019-12-12 12:55,5480
2019-12-12 13:00,5492
2019-12-12 13:05,5588
2019-12-12 13:10,5687
2019-12-12 13:15,5766
2019-12-12 13:20,5830
2019-12-12 13:25,5881
2019-12-12 13:30,5903
2019-12-12 13:35,5955
2019-12-12 13:40,5995
2019-12-12 13:45,6074
2019-12-12 13:50,6181
2019-12-12 13:55,6251
2019-12-12 14:00,6307
2019-12-12 14:05,6268
2019-12-12 14:10,6214
2019-12-12 14:15,6115
2019-12-12 14:20,6109
2019-12-12 14:25,6163
2019-12-12 14:30,6258
2019-12-12 14:35,6302
2019-12-12 14:40,6392
2019-12-12 14:45,6541
2019-12-12 14:50,6610
2019-12-12 14:55,6678
2019-12-12 15:00,6804
2019-12-12 15:05,6903
2019-12-12 15:10,7022
2019-12-12 15:15,7106
2019-12-12 15:20,7191
2019-12-12 15:25,7356
2019-12-12 15:30,7543
2019-12-12 15:35,7652
2019-12-12 15:40,7772
2019-12-12 15:45,7844
2019-12-12 15:50,7871
2019-12-12 15:55,7961
2019-12-12 16:00,7975
2019-12-12 16:05,8102
2019-12-12 16:10,8190
2019-12-12 16:15,8303
2019-12-12 16:20,8430
2019-12-12 16:25,8501
2019-12-12 16:30,8617
2019-12-12 16:35,8682
2019-12-12 16:40,8783
2019-12-12 16:45,8883
2019-12-12 16:50,9012
2019-12-12 16:55,9126
2019-12-12 17:00,9250
2019-12-12 17:05,9340
2019-12-12 17:10,9368
2019-12-12 17:15,9436
2019-12-12 17:20,9574
2019-12-12 17:25,9709
2019-12-12 17:30,9779
2019-12-12 17:35,9893
2019-12-12 17:40,9957
2019-12-12 17:45,10097
2019-12-12 17:50,10236
2019-12-12 17:55,10378
2019-12-12 18:00,10438
2019-12-12 18:05,10520
2019-12-12 18:10,10683
2019-12-12 18:15,10748
2019-12-12 18:20,10796
2019-12-12 18:25,10871
2019-12-12 18:30,10951
2019-12-12 18:35,11006
2019-12-12 18:40,11048
2019-12-12 18:45,11137
2019-12-12 18:50,11234
2019-12-12 18:55,11340
2019-12-12 19:00,11419
2019-12-12 19:05,11523
2019-12-12 19:10,11602
2019-12-12 19:15,11729
2019-12-12 19:20,11828
2019-12-12 19:25,11906
2019-12-12 19:30,11941
2019-12-12 19:35,11992
2019-12-12 19:40,12145
2019-12-12 19:45,12210
2019-12-12 19:50,12294
2019-12-12 19:55,12279
2019-12-12 20:00,12391
2019-12-12 20:05,12441
2019-12-12 20:10,12537
2019-12-12 20:15,12641
2019-12-12 20:20,12679
2019-12-12 20:25,12757
2019-12-12 20:30,12900
2019-12-12 20:35,12907
2019-12-12 20:40,12913
2019-12-12 20:45,13051
2019-12-12 20:50,12992
2019-12-12 20:55,13009
2019-12-12 21:00,12891
2019-12-12 21:05,12926
2019-12-12 21:10,12927
2019-12-12 21:15,12960
2019-12-12 21:20,13016
2019-12-12 21:25,12992
2019-12-12 21:30,12941
2019-12-12 21:35,12857
2019-12-12 21:40,12855
2019-12-12 21:45,12886
2019-12-12 21:50,12874
2019-12-12 21:55,12839
2019-12-12 22:00,12775
2019-12-12 22:05,12735
2019-12-12 22:10,12755
2019-12-12 22:15,12603
2019-12-12 22:20,12596
2019-12-12 22:25,12534
2019-12-12 22:30,12494
2019-12-12 22:35,12458
2019-12-12 22:40,12388
2019-12-12 22:45,12307
2019-12-12 22:50,12257
2019-12-12 22:55,12103
2019-12-12 23:00,11983
2019-12-12 23:05,11892
2019-12-12 23:10,11856
2019-12-12 23:15,11715
2019-12-12 23:20,11648
2019-12-12 23:25,11605
2019-12-12 23:30,11610
2019-12-12 23:35,11506
2019-12-12 23:40,11530
2019-12-12 23:45,11484
2019-12-12 23:50,11477
2019-12-12 23:55,11493
2019-12-13 00:00,11495
2019-12-13 00:05,11430
2019-12-13 00:10,11363
2019-12-13 00:15,11339
2019-12-13 00:20,11314
2019-12-13 00:25,11267
2019-12-13 00:30,11319
2019-12-13 00:35,11288
2019-12-13 00:40,11253
2019-12-13 00:45,11300
2019-12-13 00:50,11328
2019-12-13 00:55,11289
2019-12-13 01:00,11322
2019-12-13 01:05,11280
2019-12-13 01:10,11306
2019-12-13 01:15,11299
2019-12-13 01:20,11319
2019-12-13 01:25,11338
2019-12-13 01:30,11360
2019-12-13 01:35,11348
2019-12-13 01:40,11340
2019-12-13 01:45,11336
2019-12-13 01:50,11299
2019-12-13 01:55,11273
2019-12-13 02:00,11240
2019-12-13 02:05,11221
2019-12-13 02:10,11215
2019-12-13 02:15,11211
2019-12-13 02:20,11107
2019-12-13 02:25,11107
2019-12-13 02:30,11060
2019-12-13 02:35,11005
2019-12-13 02:40,10963
2019-12-13 02:45,10939
2019-12-13 02:50,10931
2019-12-13 02:55,10844
2019-12-13 03:00,10826
2019-12-13 03:05,10774
2019-12-13 03:10,10701
2019-12-13 03:15,10559
2019-12-13 03:20,10481
2019-12-13 03:25,10349
2019-12-13 03:30,10263
2019-12-13 03:35,10205
2019-12-13 03:40,10130
2019-12-13 03:45,10052
2019-12-13 03:50,9958
2019-12-13 03:55,9802
2019-12-13 04:00,9713
2019-12-13 04:05,9558
2019-12-13 04:10,9457
2019-12-13 04:15,9433
2019-12-13 04:20,9314
2019-12-13 04:25,9179
2019-12-13 04:30,9105
2019-12-13 04:35,9009
2019-12-13 04:40,8911
2019-12-13 04:45,8872
2019-12-13 04:50,8884
2019-12-13 04:55,8867
2019-12-13 05:00,8851
2019-12-13 05:05,8770
2019-12-13 05:10,8680
2019-12-13 05:15,8621
2019-12-13 05:20,8505
2019-12-13 05:25,8384
2019-12-13 05:30,8273
2019-12-13 05:35,8097
2019-12-13 05:40,8008
2019-12-13 05:45,7922
2019-12-13 05:50,7816
2019-12-13 05:55,7695
2019-12-13 06:00,7598
2019-12-13 06:05,7518
2019-12-13 06:10,7414
2019-12-13 06:15,7309
2019-12-13 06:20,7182
2019-12-13 06:25,7103
2019-12-13 06:30,6950
2019-12-13 06:35,6822
2019-12-13 06:40,6784
2019-12-13 06:45,6675
2019-12-13 06:50,6648
2019-12-13 06:55,6528
2019-12-13 07:00,6443
2019-12-13 07:05,6280
2019-12-13 07:10,6143
2019-12-13 07:15,6015
2019-12-13 07:20,5886
2019-12-13 07:25,5782
2019-12-13 07:30,5708
2019-12-13 07:35,5621
2019-12-13 07:40,5575
2019-12-13 07:45,5442
2019-12-13 07:50,5410
2019-12-13 07:55,5292
2019-12-13 08:00,5180
2019-12-13 08:05,5124
2019-12-13 08:10,5031
2019-12-13 08:15,4952
2019-12-13 08:20,4913
2019-12-13 08:25,4862
2019-12-13 08:30,4795
2019-12-13 08:35,4721
2019-12-13 08:40,4651
2019-12-13 08:45,4607
2019-12-13 08:50,4579
2019-12-13 08:55,4524
2019-12-13 09:00,4506
2019-12-13 09:05,4464
2019-12-13 09:10,4401
2019-12-13 09:15,4380
2019-12-13 09:20,4365
2019-12-13 09:25,4316
2019-12-13 09:30,4284
2019-12-13 09:35,4279
2019-12-13 09:40,4257
2019-12-13 09:45,4274
2019-12-13 09:50,4268
2019-12-13 09:55,4286
2019-12-13 10:00,4253
2019-12-13 10:05,4274
2019-12-13 10:10,4283
2019-12-13 10:15,4255
2019-12-13 10:20,4260
2019-12-13 10:25,4271
2019-12-13 10:30,4319
2019-12-13 10:35,4338
2019-12-13 10:40,4360
2019-12-13 10:45,4337
2019-12-13 10:50,4387
2019-12-13 10:55,4411
2019-12-13 11:00,4412
2019-12-13 11:05,4474
2019-12-13 11:10,4525
2019-12-13 11:15,4530
2019-12-13 11:20,4564
2019-12-13 11:25,4628
2019-12-13 11:30,4661
2019-12-13 11:35,4660
2019-12-13 11:40,4692
2019-12-13 11:45,4763
2019-12-13 11:50,4845
2019-12-13 11:55,4844
2019-12-13 12:00,4868
2019-12-13 12:05,4893
2019-12-13 12:10,4912
2019-12-13 12:15,4972
2019-12-13 12:20,5016
2019-12-13 12:25,5082
2019-12-13 12:30,5204
2019-12-13 12:35,5233
2019-12-13 12:40,5305
2019-12-13 12:45,5389
2019-12-13 12:50,5494
2019-12-13 12:55,5562
2019-12-13 13:00,5663
2019-12-13 13:05,5716
2019-12-13 13:10,5804
2019-12-13 13:15,5852
2019-12-13 13:20,5882
2019-12-13 13:25,5950
2019-12-13 13:30,6053
2019-12-13 13:35,6125
2019-12-13 13:40,6211
2019-12-13 13:45,6306
2019-12-13 13:50,6372
2019-12-13 13:55,6420
2019-12-13 14:00,6535
2019-12-13 14:05,6594
2019-12-13 14:10,6660
2019-12-13 14:15,6713
2019-12-13 14:20,6831
2019-12-13 14:25,6909
2019-12-13 14:30,7029
2019-12-13 14:35,7102
2019-12-13 14:40,7210
2019-12-13 14:45,7328
2019-12-13 14:50,7360
2019-12-13 14:55,7481
2019-12-13 15:00,7576
2019-12-13 15:05,7639
2019-12-13 15:10,7704
2019-12-13 15:15,7822
2019-12-13 15:20,7901
2019-12-13 15:25,7997
2019-12-13 15:30,8109
2019-12-13 15:35,8230
2019-12-13 15:40,8296
2019-12-13 15:45,8425
2019-12-13 15:50,8514
2019-12-13 15:55,8515
2019-12-13 16:00,8625
2019-12-13 16:05,8670
2019-12-13 16:10,8788
2019-12-13 16:15,8886
2019-12-13 16:20,9000
2019-12-13 16:25,9085
2019-12-13 16:30,9171
2019-12-13 16:35,9273
2019-12-13 16:40,9349
2019-12-13 16:45,9445
2019-12-13 16:50,9522
2019-12-13 16:55,9651
2019-12-13 17:00,9689
2019-12-13 17:05,9814
2019-12-13 17:10,9944
2019-12-13 17:15,10017
2019-12-13 17:20,10096
2019-12-13 17:25,10202
2019-12-13 17:30,10302
2019-12-13 17:35,10337
2019-12-13 17:40,10439
2019-12-13 17:45,10559
2019-12-13 17:50,10551
2019-12-13 17:55,10625
2019-12-13 18:00,10705
2019-12-13 18:05,10795
2019-12-13 18:10,10829
2019-12-13 18:15,10946
2019-12-13 18:20,10995
2019-12-13 18:25,11064
2019-12-13 18:30,11181
2019-12-13 18:35,11181
2019-12-13 18:40,11282
2019-12-13 18:45,11336
2019-12-13 18:50,11410
2019-12-13 18:55,11520
2019-12-13 19:00,11597
2019-12-13 19:05,11641
2019-12-13 19:10,11685
2019-12-13 19:15,11761
2019-12-13 19:20,11840
2019-12-13 19:25,11894
2019-12-13 19:30,11917
2019-12-13 19:35,11974
2019-12-13 19:40,12108
2019-12-13 19:45,12218
2019-12-13 19:50,12280
2019-12-13 19:55,12318
2019-12-13 20:00,12351
2019-12-13 20:05,12359
2019-12-13 20:10,12331
2019-12-13 20:15,12402
2019-12-13 20:20,12450
2019-12-13 20:25,12529
2019-12-13 20:30,12662
2019-12-13 20:35,12742
2019-12-13 20:40,12806
2019-12-13 20:45,12850
2019-12-13 20:50,12864
2019-12-13 20:55,12927
2019-12-13 21:00,12925
2019-12-13 21:05,12926
2019-12-13 21:10,12894
2019-12-13 21:15,12896
2019-12-13 21:20,12943
2019-12-13 21:25,12976
2019-12-13 21:30,12965
2019-12-13 21:35,13021
2019-12-13 21:40,13053
2019-12-13 21:45,12952
2019-12-13 21:50,13155
2019-12-13 21:55,13118
2019-12-13 22:00,13066
2019-12-13 22:05,13075
2019-12-13 22:10,13063
2019-12-13 22:15,12947
2019-12-13 22:20,12898
2019-12-13 22:25,12883
2019-12-13 22:30,12927
2019-12-13 22:35,12935
2019-12-13 22:40,12920
2019-12-13 22:45,12886
2019-12-13 22:50,12875
2019-12-13 22:55,12791
2019-12-13 23:00,12738
2019-12-13 23:05,12709
2019-12-13 23:10,12581
2019-12-13 23:15,12501
2019-12-13 23:20,12367
2019-12-13 23:25,12340
2019-12-13 23:30,12223
2019-12-13 23:35,12114
2019-12-13 23:40,12030
2019-12-13 23:45,11983
2019-12-13 23:50,11886
2019-12-13 23:55,11840
2019-12-14 00:00,11809
2019-12-14 00:05,11696
2019-12-14 00:10,11631
2019-12-14 00:15,11536
2019-12-14 00:20,11462
2019-12-14 00:25,11470
2019-12-14 00:30,11473
2019-12-14 00:35,11520
2019-12-14 00:40,11466
2019-12-14 00:45,11413
2019-12-14 00:50,11365
2019-12-14 00:55,11386
2019-12-14 01:00,11326
2019-12-14 01:05,11332
2019-12-14 01:10,11292
2019-12-14 01:15,11287
2019-12-14 01:20,11255
2019-12-14 01:25,11308
2019-12-14 01:30,11337
2019-12-14 01:35,11323
2019-12-14 01:40,11358
2019-12-14 01:45,11343
2019-12-14 01:50,11407
2019-12-14 01:55,11403
2019-12-14 02:00,11427
2019-12-14 02:05,11446
2019-12-14 02:10,11388
2019-12-14 02:15,11431
2019-12-14 02:20,11491
2019-12-14 02:25,11525
2019-12-14 02:30,11509
2019-12-14 02:35,11494
2019-12-14 02:40,11493
2019-12-14 02:45,11500
2019-12-14 02:50,11514
2019-12-14 02:55,11459
2019-12-14 03:00,11398
2019-12-14 03:05,11420
2019-12-14 03:10,11472
2019-12-14 03:15,11420
2019-12-14 03:20,11393
2019-12-14 03:25,11386
2019-12-14 03:30,11402
2019-12-14 03:35,11403
2019-12-14 03:40,11369
2019-12-14 03:45,11308
2019-12-14 03:50,11312
2019-12-14 03:55,11334
2019-12-14 04:00,11283
2019-12-14 04:05,11167
2019-12-14 04:10,11171
2019-12-14 04:15,11047
2019-12-14 04:20,10995
2019-12-14 04:25,10930
2019-12-14 04:30,10898
2019-12-14 04:35,10809
2019-12-14 04:40,10703
2019-12-14 04:45,10689
2019-12-14 04:50,10581
2019-12-14 04:55,10496
2019-12-14 05:00,10425
2019-12-14 05:05,10368
2019-12-14 05:10,10276
2019-12-14 05:15,10184
2019-12-14 05:20,10134
2019-12-14 05:25,9975
2019-12-14 05:30,9858
2019-12-14 05:35,9725
2019-12-14 05:40,9655
2019-12-14 05:45,9564
2019-12-14 05:50,9472
2019-12-14 05:55,9416
2019-12-14 06:00,9284
2019-12-14 06:05,9103
2019-12-14 06:10,8915
2019-12-14 06:15,8760
2019-12-14 06:20,8642
2019-12-14 06:25,8524
2019-12-14 06:30,8366
2019-12-14 06:35,8221
2019-12-14 06:40,8117
2019-12-14 06:45,8029
2019-12-14 06:50,7876
2019-12-14 06:55,7817
2019-12-14 07:00,7674
2019-12-14 07:05,7521
2019-12-14 07:10,7428
2019-12-14 07:15,7326
2019-12-14 07:20,7256
2019-12-14 07:25,7112
2019-12-14 07:30,7004
2019-12-14 07:35,6874
2019-12-14 07:40,6803
2019-12-14 07:45,6692
2019-12-14 07:50,6634
2019-12-14 07:55,6576
2019-12-14 08:00,6460
2019-12-14 08:05,6383
2019-12-14 08:10,6345
2019-12-14 08:15,6243
2019-12-14 08:20,6129
2019-12-14 08:25,6055
2019-12-14 08:30,5962
2019-12-14 08:35,5906
2019-12-14 08:40,5878
2019-12-14 08:45,5839
2019-12-14 08:50,5783
2019-12-14 08:55,5698
2019-12-14 09:00,5681
2019-12-14 09:05,5696
2019-12-14 09:10,5720
2019-12-14 09:15,5672
2019-12-14 09:20,5629
2019-12-14 09:25,5615
2019-12-14 09:30,5574
2019-12-14 09:35,5599
2019-12-14 09:40,5591
2019-12-14 09:45,5585
2019-12-14 09:50,5586
2019-12-14 09:55,5577
2019-12-14 10:00,5594
2019-12-14 10:05,5590
2019-12-14 10:10,5615
2019-12-14 10:15,5646
2019-12-14 10:20,5709
2019-12-14 10:25,5696
2019-12-14 10:30,5760
2019-12-14 10:35,5792
2019-12-14 10:40,5802
2019-12-14 10:45,5865
2019-12-14 10:50,5862
2019-12-14 10:55,5886
2019-12-14 11:00,5947
2019-12-14 11:05,5997
2019-12-14 11:10,6028
2019-12-14 11:15,6102
2019-12-14 11:20,6134
2019-12-14 11:25,6201
2019-12-14 11:30,6258
2019-12-14 11:35,6258
2019-12-14 11:40,6320
2019-12-14 11:45,6383
2019-12-14 11:50,6473
2019-12-14 11:55,6556
2019-12-14 12:00,6598
2019-12-14 12:05,6637
2019-12-14 12:10,6703
2019-12-14 12:15,6738
2019-12-14 12:20,6807
2019-12-14 12:25,6875
2019-12-14 12:30,6979
2019-12-14 12:35,7088
2019-12-14 12:40,7128
2019-12-14 12:45,7150
2019-12-14 12:50,7242
2019-12-14 12:55,7352
2019-12-14 13:00,7394
2019-12-14 13:05,7462
2019-12-14 13:10,7590
2019-12-14 13:15,7595
2019-12-14 13:20,7686
2019-12-14 13:25,7774
2019-12-14 13:30,7810
2019-12-14 13:35,7891
2019-12-14 13:40,7975
2019-12-14 13:45,8054
2019-12-14 13:50,8148
2019-12-14 13:55,8235
2019-12-14 14:00,8314
2019-12-14 14:05,8363
2019-12-14 14:10,8419
2019-12-14 14:15,8506
2019-12-14 14:20,8679
2019-12-14 14:25,8808
2019-12-14 14:30,8897
2019-12-14 14:35,8971
2019-12-14 14:40,9155
2019-12-14 14:45,9185
2019-12-14 14:50,9267
2019-12-14 14:55,9340
2019-12-14 15:00,9423
2019-12-14 15:05,9432
2019-12-14 15:10,9553
2019-12-14 15:15,9674
2019-12-14 15:20,9768
2019-12-14 15:25,9910
2019-12-14 15:30,10059
2019-12-14 15:35,10140
2019-12-14 15:40,10231
2019-12-14 15:45,10381
2019-12-14 15:50,10465
2019-12-14 15:55,10586
2019-12-14 16:00,10632
2019-12-14 16:05,10704
2019-12-14 16:10,10832
2019-12-14 16:15,10951
2019-12-14 16:20,10978
2019-12-14 16:25,11001
2019-12-14 16:30,11047
2019-12-14 16:35,11146
2019-12-14 16:40,11173
2019-12-14 16:45,11259
2019-12-14 16:50,11304
2019-12-14 16:55,11340
2019-12-14 17:00,11365
2019-12-14 17:05,11424
2019-12-14 17:10,11516
2019-12-14 17:15,11575
2019-12-14 17:20,11653
2019-12-14 17:25,11714
2019-12-14 17:30,11775
2019-12-14 17:35,11825
2019-12-14 17:40,11955
2019-12-14 17:45,12067
2019-12-14 17:50,12096
2019-12-14 17:55,12225
2019-12-14 18:00,12297
2019-12-14 18:05,12392
2019-12-14 18:10,12425
2019-12-14 18:15,12475
2019-12-14 18:20,12536
2019-12-14 18:25,12561
2019-12-14 18:30,12663
2019-12-14 18:35,12684
2019-12-14 18:40,12690
2019-12-14 18:45,12823
2019-12-14 18:50,12872
2019-12-14 18:55,12887
2019-12-14 19:00,12921
2019-12-14 19:05,12881
2019-12-14 19:10,12991
2019-12-14 19:15,13038
2019-12-14 19:20,13114
2019-12-14 19:25,13160
2019-12-14 19:30,13175
2019-12-14 19:35,13261
2019-12-14 19:40,13374
2019-12-14 19:45,13444
2019-12-14 19:50,13585
2019-12-14 19:55,13673
2019-12-14 20:00,13742
2019-12-14 20:05,13754
2019-12-14 20:10,13875
2019-12-14 20:15,13892
2019-12-14 20:20,13977
2019-12-14 20:25,14040
2019-12-14 20:30,14047
2019-12-14 20:35,14135
2019-12-14 20:40,14198
2019-12-14 20:45,14181
2019-12-14 20:50,14249
2019-12-14 20:55,14318
2019-12-14 21:00,14349
2019-12-14 21:05,14374
2019-12-14 21:10,14380
2019-12-14 21:15,14387
2019-12-14 21:20,14359
2019-12-14 21:25,14350
2019-12-14 21:30,14370
2019-12-14 21:35,14394
2019-12-14 21:40,14353
2019-12-14 21:45,14285
2019-12-14 21:50,14263
2019-12-14 21:55,14241
2019-12-14 22:00,14143
2019-12-14 22:05,14068
2019-12-14 22:10,14027
2019-12-14 22:15,14026
2019-12-14 22:20,14033
2019-12-14 22:25,13896
2019-12-14 22:30,13658
2019-12-14 22:35,13605
2019-12-14 22:40,13689
2019-12-14 22:45,13662
2019-12-14 22:50,13586
2019-12-14 22:55,13560
2019-12-14 23:00,13473
2019-12-14 23:05,13416
2019-12-14 23:10,13210
2019-12-14 23:15,13190
2019-12-14 23:20,13131
2019-12-14 23:25,13146
2019-12-14 23:30,13122
2019-12-14 23:35,13097
2019-12-14 23:40,12949
2019-12-14 23:45,12913
2019-12-14 23:50,12861
2019-12-14 23:55,12768
2019-12-15 00:00,12713
2019-12-15 00:05,12596
2019-12-15 00:10,12472
2019-12-15 00:15,12381
2019-12-15 00:20,12247
2019-12-15 00:25,12154
2019-12-15 00:30,12118
2019-12-15 00:35,12042
2019-12-15 00:40,11920
2019-12-15 00:45,11865
2019-12-15 00:50,11792
2019-12-15 00:55,11755
2019-12-15 01:00,11822
2019-12-15 01:05,11758
2019-12-15 01:10,11743
2019-12-15 01:15,11744
2019-12-15 01:20,11660
2019-12-15 01:25,11634
2019-12-15 01:30,11601
2019-12-15 01:35,11636
2019-12-15 01:40,11607
2019-12-15 01:45,11600
2019-12-15 01:50,11565
2019-12-15 01:55,11572
2019-12-15 02:00,11528
2019-12-15 02:05,11510
2019-12-15 02:10,11473
2019-12-15 02:15,11524
2019-12-15 02:20,11542
2019-12-15 02:25,11519
2019-12-15 02:30,11545
2019-12-15 02:35,11523
2019-12-15 02:40,11533
2019-12-15 02:45,11522
2019-12-15 02:50,11590
2019-12-15 02:55,11563
2019-12-15 03:00,11541
2019-12-15 03:05,11511
2019-12-15 03:10,11529
2019-12-15 03:15,11479
2019-12-15 03:20,11397
2019-12-15 03:25,11398
2019-12-15 03:30,11417
2019-12-15 03:35,11419
2019-12-15 03:40,11357
2019-12-15 03:45,11327
2019-12-15 03:50,11278
2019-12-15 03:55,11194
2019-12-15 04:00,11187
2019-12-15 04:05,11031
2019-12-15 04:10,11032
2019-12-15 04:15,10995
2019-12-15 04:20,10941
2019-12-15 04:25,10927
2019-12-15 04:30,10879
2019-12-15 04:35,10821
2019-12-15 04:40,10823
2019-12-15 04:45,10824
2019-12-15 04:50,10708
2019-12-15 04:55,10615
2019-12-15 05:00,10585
2019-12-15 05:05,10484
2019-12-15 05:10,10376
2019-12-15 05:15,10332
2019-12-15 05:20,10253
2019-12-15 05:25,10115
2019-12-15 05:30,10064
2019-12-15 05:35,9936
2019-12-15 05:40,9870
2019-12-15 05:45,9739
2019-12-15 05:50,9640
2019-12-15 05:55,9502
2019-12-15 06:00,9438
2019-12-15 06:05,9308
2019-12-15 06:10,9158
2019-12-15 06:15,9051
2019-12-15 06:20,8930
2019-12-15 06:25,8774
2019-12-15 06:30,8638
2019-12-15 06:35,8552
2019-12-15 06:40,8439
2019-12-15 06:45,8324
2019-12-15 06:50,8219
2019-12-15 06:55,8090
2019-12-15 07:00,7989
2019-12-15 07:05,7820
2019-12-15 07:10,7623
2019-12-15 07:15,7491
2019-12-15 07:20,7417
2019-12-15 07:25,7339
2019-12-15 07:30,7241
2019-12-15 07:35,7110
2019-12-15 07:40,7052
2019-12-15 07:45,6916
2019-12-15 07:50,6885
2019-12-15 07:55,6775
2019-12-15 08:00,6669
2019-12-15 08:05,6556
2019-12-15 08:10,6490
2019-12-15 08:15,6423
2019-12-15 08:20,6384
2019-12-15 08:25,6322
2019-12-15 08:30,6240
2019-12-15 08:35,6148
2019-12-15 08:40,6094
2019-12-15 08:45,6068
2019-12-15 08:50,6009
2019-12-15 08:55,5979
2019-12-15 09:00,5935
2019-12-15 09:05,5960
2019-12-15 09:10,5930
2019-12-15 09:15,5815
2019-12-15 09:20,5753
2019-12-15 09:25,5775
2019-12-15 09:30,5752
2019-12-15 09:35,5762
2019-12-15 09:40,5750
2019-12-15 09:45,5764
2019-12-15 09:50,5732
2019-12-15 09:55,5778
2019-12-15 10:00,5805
2019-12-15 10:05,5808
2019-12-15 10:10,5802
2019-12-15 10:15,5805
2019-12-15 10:20,5841
2019-12-15 10:25,5904
2019-12-15 10:30,5963
2019-12-15 10:35,5993
2019-12-15 10:40,6075
2019-12-15 10:45,6105
2019-12-15 10:50,6182
2019-12-15 10:55,6213
2019-12-15 11:00,6269
2019-12-15 11:05,6330
2019-12-15 11:10,6413
2019-12-15 11:15,6460
2019-12-15 11:20,6559
2019-12-15 11:25,6597
2019-12-15 11:30,6583
2019-12-15 11:35,6637
2019-12-15 11:40,6726
2019-12-15 11:45,6767
2019-12-15 11:50,6786
2019-12-15 11:55,6885
2019-12-15 12:00,6984
2019-12-15 12:05,7068
2019-12-15 12:10,7171
2019-12-15 12:15,7208
2019-12-15 12:20,7235
2019-12-15 12:25,7321
2019-12-15 12:30,7391
2019-12-15 12:35,7452
2019-12-15 12:40,7550
2019-12-15 12:45,7571
2019-12-15 12:50,7657
2019-12-15 12:55,7748
2019-12-15 13:00,7856
2019-12-15 13:05,7901
2019-12-15 13:10,7970
2019-12-15 13:15,8002
2019-12-15 13:20,8045
2019-12-15 13:25,8148
2019-12-15 13:30,8178
2019-12-15 13:35,8167
2019-12-15 13:40,8299
2019-12-15 13:45,8319
2019-12-15 13:50,8376
2019-12-15 13:55,8473
2019-12-15 14:00,8549
2019-12-15 14:05,8600
2019-12-15 14:10,8701
2019-12-15 14:15,8779
2019-12-15 14:20,8840
2019-12-15 14:25,8927
2019-12-15 14:30,9013
2019-12-15 14:35,9146
2019-12-15 14:40,9253
2019-12-15 14:45,9343
2019-12-15 14:50,9403
2019-12-15 14:55,9545
2019-12-15 15:00,9646
2019-12-15 15:05,9734
2019-12-15 15:10,9828
2019-12-15 15:15,9902
2019-12-15 15:20,9984
2019-12-15 15:25,10078
2019-12-15 15:30,10146
2019-12-15 15:35,10245
2019-12-15 15:40,10322
2019-12-15 15:45,10427
2019-12-15 15:50,10519
2019-12-15 15:55,10614
2019-12-15 16:00,10698
2019-12-15 16:05,10738
2019-12-15 16:10,10816
2019-12-15 16:15,10936
2019-12-15 16:20,11033
2019-12-15 16:25,11193
2019-12-15 16:30,11275
2019-12-15 16:35,11353
2019-12-15 16:40,11428
2019-12-15 16:45,11546
2019-12-15 16:50,11652
2019-12-15 16:55,11651
2019-12-15 17:00,11702
2019-12-15 17:05,11811
2019-12-15 17:10,11937
2019-12-15 17:15,12119
2019-12-15 17:20,12226
2019-12-15 17:25,12347
2019-12-15 17:30,12398
2019-12-15 17:35,12512
2019-12-15 17:40,12631
2019-12-15 17:45,12669
2019-12-15 17:50,12673
2019-12-15 17:55,12727
2019-12-15 18:00,12858
2019-12-15 18:05,12939
2019-12-15 18:10,13020
2019-12-15 18:15,13126
2019-12-15 18:20,13209
2019-12-15 18:25,13286
2019-12-15 18:30,13375
2019-12-15 18:35,13450
2019-12-15 18:40,13562
2019-12-15 18:45,13603
2019-12-15 18:50,13698
2019-12-15 18:55,13807
2019-12-15 19:00,13893
2019-12-15 19:05,14079
2019-12-15 19:10,14187
2019-12-15 19:15,14262
2019-12-15 19:20,14314
2019-12-15 19:25,14422
2019-12-15 19:30,14496
2019-12-15 19:35,14541
2019-12-15 19:40,14660
2019-12-15 19:45,14704
2019-12-15 19:50,14758
2019-12-15 19:55,14764
2019-12-15 20:00,14732
2019-12-15 20:05,14718
2019-12-15 20:10,14780
2019-12-15 20:15,14793
2019-12-15 20:20,14841
2019-12-15 20:25,14874
2019-12-15 20:30,14972
2019-12-15 20:35,14985
2019-12-15 20:40,15011
2019-12-15 20:45,15061
2019-12-15 20:50,15029
2019-12-15 20:55,14988
2019-12-15 21:00,14951
2019-12-15 21:05,14899
2019-12-15 21:10,14836
2019-12-15 21:15,14792
2019-12-15 21:20,14681
2019-12-15 21:25,14649
2019-12-15 21:30,14660
2019-12-15 21:35,14596
2019-12-15 21:40,14614
2019-12-15 21:45,14586
2019-12-15 21:50,14525
2019-12-15 21:55,14447
2019-12-15 22:00,14296
2019-12-15 22:05,14201
2019-12-15 22:10,14059
2019-12-15 22:15,13970
2019-12-15 22:20,13865
2019-12-15 22:25,13783
2019-12-15 22:30,13723
2019-12-15 22:35,13643
2019-12-15 22:40,13562
2019-12-15 22:45,13439
2019-12-15 22:50,13407
2019-12-15 22:55,13321
2019-12-15 23:00,13271
2019-12-15 23:05,13189
2019-12-15 23:10,13029
2019-12-15 23:15,12871
2019-12-15 23:20,12784
2019-12-15 23:25,12649
2019-12-15 23:30,12496
2019-12-15 23:35,12459
2019-12-15 23:40,12419
2019-12-15 23:45,12203
2019-12-15 23:50,12165
2019-12-15 23:55,12087
2019-12-16 00:00,12029
2019-12-16 00:05,11914
2019-12-16 00:10,11943
2019-12-16 00:15,11898
2019-12-16 00:20,11870
2019-12-16 00:25,11939
2019-12-16 00:30,11957
2019-12-16 00:35,11970
2019-12-16 00:40,11999
2019-12-16 00:45,11984
2019-12-16 00:50,11958
2019-12-16 00:55,11963
2019-12-16 01:00,11947
2019-12-16 01:05,11982
2019-12-16 01:10,12011
2019-12-16 01:15,11992
2019-12-16 01:20,11975
2019-12-16 01:25,11987
2019-12-16 01:30,11983
2019-12-16 01:35,11964
2019-12-16 01:40,12002
2019-12-16 01:45,12019
2019-12-16 01:50,11950
2019-12-16 01:55,11937
2019-12-16 02:00,11884
2019-12-16 02:05,11875
2019-12-16 02:10,11872
2019-12-16 02:15,11780
2019-12-16 02:20,11727
2019-12-16 02:25,11764
2019-12-16 02:30,11732
2019-12-16 02:35,11691
2019-12-16 02:40,11683
2019-12-16 02:45,11638
2019-12-16 02:50,11637
2019-12-16 02:55,11605
2019-12-16 03:00,11458
2019-12-16 03:05,11340
2019-12-16 03:10,11260
2019-12-16 03:15,11209
2019-12-16 03:20,11172
2019-12-16 03:25,11102
2019-12-16 03:30,11037
2019-12-16 03:35,10912
2019-12-16 03:40,10846
2019-12-16 03:45,10822
2019-12-16 03:50,10756
2019-12-16 03:55,10674
2019-12-16 04:00,10499
2019-12-16 04:05,10354
2019-12-16 04:10,10251
2019-12-16 04:15,10228
2019-12-16 04:20,10149
2019-12-16 04:25,10043
2019-12-16 04:30,9976
2019-12-16 04:35,9888
2019-12-16 04:40,9782
2019-12-16 04:45,9614
2019-12-16 04:50,9486
2019-12-16 04:55,9394
2019-12-16 05:00,9302
2019-12-16 05:05,9104
2019-12-16 05:10,9010
2019-12-16 05:15,8860
2019-12-16 05:20,8669
2019-12-16 05:25,8572
2019-12-16 05:30,8463
2019-12-16 05:35,8330
2019-12-16 05:40,8200
2019-12-16 05:45,8043
2019-12-16 05:50,7956
2019-12-16 05:55,7783
2019-12-16 06:00,7637
2019-12-16 06:05,7486
2019-12-16 06:10,7324
2019-12-16 06:15,7205
2019-12-16 06:20,7077
2019-12-16 06:25,6946
2019-12-16 06:30,6888
2019-12-16 06:35,6746
2019-12-16 06:40,6650
2019-12-16 06:45,6505
2019-12-16 06:50,6450
2019-12-16 06:55,6358
2019-12-16 07:00,6282
2019-12-16 07:05,6185
2019-12-16 07:10,6095
2019-12-16 07:15,5952
2019-12-16 07:20,5819
2019-12-16 07:25,5704
2019-12-16 07:30,5617
2019-12-16 07:35,5567
2019-12-16 07:40,5526
2019-12-16 07:45,5416
2019-12-16 07:50,5291
2019-12-16 07:55,5236
2019-12-16 08:00,5217
2019-12-16 08:05,5138
2019-12-16 08:10,5057
2019-12-16 08:15,4942
2019-12-16 08:20,4861
2019-12-16 08:25,4771
2019-12-16 08:30,4702
2019-12-16 08:35,4652
2019-12-16 08:40,4606
2019-12-16 08:45,4572
2019-12-16 08:50,4504
2019-12-16 08:55,4450
2019-12-16 09:00,4383
2019-12-16 09:05,4343
2019-12-16 09:10,4357
2019-12-16 09:15,4302
2019-12-16 09:20,4268
2019-12-16 09:25,4211
2019-12-16 09:30,4169
2019-12-16 09:35,4128
2019-12-16 09:40,4093
2019-12-16 09:45,4061
2019-12-16 09:50,4055
2019-12-16 09:55,4042
2019-12-16 10:00,4051
2019-12-16 10:05,4022
2019-12-16 10:10,4024
2019-12-16 10:15,4032
2019-12-16 10:20,4047
2019-12-16 10:25,4060
2019-12-16 10:30,4093
2019-12-16 10:35,4072
2019-12-16 10:40,4097
2019-12-16 10:45,4101
2019-12-16 10:50,4127
2019-12-16 10:55,4149
2019-12-16 11:00,4201
2019-12-16 11:05,4265
2019-12-16 11:10,4291
2019-12-16 11:15,4293
2019-12-16 11:20,4346
2019-12-16 11:25,4396
2019-12-16 11:30,4400
2019-12-16 11:35,4443
2019-12-16 11:40,4459
2019-12-16 11:45,4500
2019-12-16 11:50,4535
2019-12-16 11:55,4500
2019-12-16 12:00,4557
2019-12-16 12:05,4571
2019-12-16 12:10,4625
2019-12-16 12:15,4690
2019-12-16 12:20,4752
2019-12-16 12:25,4802
2019-12-16 12:30,4865
2019-12-16 12:35,4921
2019-12-16 12:40,4999
2019-12-16 12:45,5045
2019-12-16 12:50,5101
2019-12-16 12:55,5152
2019-12-16 13:00,5216
2019-12-16 13:05,5286
2019-12-16 13:10,5374
2019-12-16 13:15,5453
2019-12-16 13:20,5477
2019-12-16 13:25,5517
2019-12-16 13:30,5601
2019-12-16 13:35,5645
2019-12-16 13:40,5690
2019-12-16 13:45,5763
2019-12-16 13:50,5821
2019-12-16 13:55,5889
2019-12-16 14:00,5983
2019-12-16 14:05,6060
2019-12-16 14:10,6099
2019-12-16 14:15,6190
2019-12-16 14:20,6250
2019-12-16 14:25,6382
2019-12-16 14:30,6478
2019-12-16 14:35,6566
2019-12-16 14:40,6709
2019-12-16 14:45,6777
2019-12-16 14:50,6885
2019-12-16 14:55,6960
2019-12-16 15:00,7110
2019-12-16 15:05,7245
2019-12-16 15:10,7277
2019-12-16 15:15,7450
2019-12-16 15:20,7605
2019-12-16 15:25,7703
2019-12-16 15:30,7769
2019-12-16 15:35,7875
2019-12-16 15:40,7927
2019-12-16 15:45,8057
2019-12-16 15:50,8181
2019-12-16 15:55,8286
2019-12-16 16:00,8335
2019-12-16 16:05,8460
2019-12-16 16:10,8544
2019-12-16 16:15,8623
2019-12-16 16:20,8732
2019-12-16 16:25,8785
2019-12-16 16:30,8918
2019-12-16 16:35,8998
2019-12-16 16:40,9087
2019-12-16 16:45,9200
2019-12-16 16:50,9355
2019-12-16 16:55,9433
2019-12-16 17:00,9559
2019-12-16 17:05,9678
2019-12-16 17:10,9771
2019-12-16 17:15,9873
2019-12-16 17:20,10120
2019-12-16 17:25,10235
2019-12-16 17:30,10345
2019-12-16 17:35,10446
2019-12-16 17:40,10578
2019-12-16 17:45,10606
2019-12-16 17:50,10691
2019-12-16 17:55,10774
2019-12-16 18:00,10887
2019-12-16 18:05,10994
2019-12-16 18:10,11050
2019-12-16 18:15,11182
2019-12-16 18:20,11302
2019-12-16 18:25,11428
2019-12-16 18:30,11462
2019-12-16 18:35,11518
2019-12-16 18:40,11634
2019-12-16 18:45,11726
2019-12-16 18:50,11831
2019-12-16 18:55,11836
2019-12-16 19:00,11893
2019-12-16 19:05,11988
2019-12-16 19:10,12079
2019-12-16 19:15,12198
2019-12-16 19:20,12271
2019-12-16 19:25,12372
2019-12-16 19:30,12415
2019-12-16 19:35,12499
2019-12-16 19:40,12579
2019-12-16 19:45,12589
2019-12-16 19:50,12783
2019-12-16 19:55,12863
2019-12-16 20:00,12955
2019-12-16 20:05,13021
2019-12-16 20:10,13008
2019-12-16 20:15,13046
2019-12-16 20:20,13103
2019-12-16 20:25,13064
2019-12-16 20:30,13059
2019-12-16 20:35,13072
2019-12-16 20:40,13014
2019-12-16 20:45,12927
2019-12-16 20:50,12962
2019-12-16 20:55,12932
2019-12-16 21:00,13001
2019-12-16 21:05,13009
2019-12-16 21:10,12972
2019-12-16 21:15,12981
2019-12-16 21:20,12956
2019-12-16 21:25,12963
2019-12-16 21:30,12968
2019-12-16 21:35,12949
2019-12-16 21:40,12882
2019-12-16 21:45,12881
2019-12-16 21:50,12877
2019-12-16 21:55,12824
2019-12-16 22:00,12706
2019-12-16 22:05,12616
2019-12-16 22:10,12658
2019-12-16 22:15,12601
2019-12-16 22:20,12549
2019-12-16 22:25,12525
2019-12-16 22:30,12454
2019-12-16 22:35,12337
2019-12-16 22:40,12294
2019-12-16 22:45,12244
2019-12-16 22:50,12167
2019-12-16 22:55,12050
2019-12-16 23:00,11963
2019-12-16 23:05,11857
2019-12-16 23:10,11323
2019-12-16 23:15,11323
2019-12-16 23:20,11553
2019-12-16 23:25,11543
2019-12-16 23:30,11512
2019-12-16 23:35,11506
2019-12-16 23:40,11478
2019-12-16 23:45,11422
2019-12-16 23:50,11394
2019-12-16 23:55,11392
2019-12-17 00:00,11406
2019-12-17 00:05,11400
2019-12-17 00:10,11339
2019-12-17 00:15,11299
2019-12-17 00:20,11257
2019-12-17 00:25,11199
2019-12-17 00:30,11198
2019-12-17 00:35,11197
2019-12-17 00:40,11290
2019-12-17 00:45,11366
2019-12-17 00:50,11384
2019-12-17 00:55,11411
2019-12-17 01:00,11392
2019-12-17 01:05,11399
2019-12-17 01:10,11379
2019-12-17 01:15,11470
2019-12-17 01:20,11523
2019-12-17 01:25,11538
2019-12-17 01:30,11576
2019-12-17 01:35,11602
2019-12-17 01:40,11617
2019-12-17 01:45,11630
2019-12-17 01:50,11689
2019-12-17 01:55,11720
2019-12-17 02:00,11734
2019-12-17 02:05,11780
2019-12-17 02:10,11787
2019-12-17 02:15,11797
2019-12-17 02:20,11820
2019-12-17 02:25,11875
2019-12-17 02:30,11812
2019-12-17 02:35,11779
2019-12-17 02:40,11797
2019-12-17 02:45,11742
2019-12-17 02:50,11740
2019-12-17 02:55,11716
2019-12-17 03:00,11668
2019-12-17 03:05,11583
2019-12-17 03:10,11505
2019-12-17 03:15,11421
2019-12-17 03:20,11332
2019-12-17 03:25,11271
2019-12-17 03:30,11261
2019-12-17 03:35,11193
2019-12-17 03:40,11123
2019-12-17 03:45,11058
2019-12-17 03:50,10910
2019-12-17 03:55,10786
2019-12-17 04:00,10710
2019-12-17 04:05,10648
2019-12-17 04:10,10542
2019-12-17 04:15,10433
2019-12-17 04:20,10403
2019-12-17 04:25,10257
2019-12-17 04:30,10070
2019-12-17 04:35,9995
2019-12-17 04:40,9897
2019-12-17 04:45,9702
2019-12-17 04:50,9566
2019-12-17 04:55,9391
2019-12-17 05:00,9221
2019-12-17 05:05,9107
2019-12-17 05:10,8977
2019-12-17 05:15,8839
2019-12-17 05:20,8719
2019-12-17 05:25,8621
2019-12-17 05:30,8495
2019-12-17 05:35,8352
2019-12-17 05:40,8233
2019-12-17 05:45,8100
2019-12-17 05:50,8036
2019-12-17 05:55,7904
2019-12-17 06:00,7778
2019-12-17 06:05,7591
2019-12-17 06:10,7440
2019-12-17 06:15,7274
2019-12-17 06:20,7133
2019-12-17 06:25,7006
2019-12-17 06:30,6873
2019-12-17 06:35,6753
2019-12-17 06:40,6630
2019-12-17 06:45,6505
2019-12-17 06:50,6376
2019-12-17 06:55,6275
2019-12-17 07:00,6179
2019-12-17 07:05,6084
2019-12-17 07:10,5969
2019-12-17 07:15,5885
2019-12-17 07:20,5822
2019-12-17 07:25,5695
2019-12-17 07:30,5579
2019-12-17 07:35,5464
2019-12-17 07:40,5409
2019-12-17 07:45,5286
2019-12-17 07:50,5232
2019-12-17 07:55,5147
2019-12-17 08:00,5052
2019-12-17 08:05,4973
2019-12-17 08:10,4875
2019-12-17 08:15,4790
2019-12-17 08:20,4726
2019-12-17 08:25,4658
2019-12-17 08:30,4587
2019-12-17 08:35,4547
2019-12-17 08:40,4488
2019-12-17 08:45,4464
2019-12-17 08:50,4437
2019-12-17 08:55,4396
2019-12-17 09:00,4383
2019-12-17 09:05,4361
2019-12-17 09:10,4331
2019-12-17 09:15,4315
2019-12-17 09:20,4279
2019-12-17 09:25,4293
2019-12-17 09:30,4298
2019-12-17 09:35,4312
2019-12-17 09:40,4271
2019-12-17 09:45,4275
2019-12-17 09:50,4251
2019-12-17 09:55,4232
2019-12-17 10:00,4224
2019-12-17 10:05,4222
2019-12-17 10:10,4226
2019-12-17 10:15,4193
2019-12-17 10:20,4280
2019-12-17 10:25,4116
2019-12-17 10:30,4258
2019-12-17 10:35,4241
2019-12-17 10:40,4264
2019-12-17 10:45,4287
2019-12-17 10:50,4284
2019-12-17 10:55,4285
2019-12-17 11:00,4346
2019-12-17 11:05,4354
2019-12-17 11:10,4381
2019-12-17 11:15,4378
2019-12-17 11:20,4490
2019-12-17 11:25,4517
2019-12-17 11:30,4573
2019-12-17 11:35,4618
2019-12-17 11:40,4620
2019-12-17 11:45,4715
2019-12-17 11:50,4720
2019-12-17 11:55,4739
2019-12-17 12:00,4762
2019-12-17 12:05,4784
2019-12-17 12:10,4777
2019-12-17 12:15,4831
2019-12-17 12:20,4830
2019-12-17 12:25,4913
2019-12-17 12:30,4969
2019-12-17 12:35,5023
2019-12-17 12:40,5086
2019-12-17 12:45,5118
2019-12-17 12:50,5171
2019-12-17 12:55,5257
2019-12-17 13:00,5313
2019-12-17 13:05,5357
2019-12-17 13:10,5402
2019-12-17 13:15,5482
2019-12-17 13:20,5571
2019-12-17 13:25,5652
2019-12-17 13:30,5741
2019-12-17 13:35,5838
2019-12-17 13:40,5891
2019-12-17 13:45,5979
2019-12-17 13:50,6078
2019-12-17 13:55,6122
2019-12-17 14:00,6140
2019-12-17 14:05,6261
2019-12-17 14:10,
2019-12-17 14:15,6449
2019-12-17 14:20,6547
2019-12-17 14:25,6610
2019-12-17 14:30,6732
2019-12-17 14:35,
2019-12-17 14:40,6904
2019-12-17 14:45,7026
2019-12-17 14:50,7133
2019-12-17 14:55,7291
2019-12-17 15:00,7417
2019-12-17 15:05,7482
2019-12-17 15:10,7616
2019-12-17 15:15,7736
2019-12-17 15:20,7839
2019-12-17 15:25,7909
2019-12-17 15:30,7961
2019-12-17 15:35,8045
2019-12-17 15:40,8171
2019-12-17 15:45,8173
2019-12-17 15:50,8091
2019-12-17 15:55,8122
2019-12-17 16:00,8188
2019-12-17 16:05,8241
2019-12-17 16:10,8363
2019-12-17 16:15,8433
2019-12-17 16:20,8529
2019-12-17 16:25,8593
2019-12-17 16:30,8705
2019-12-17 16:35,8738
2019-12-17 16:40,8829
2019-12-17 16:45,8941
2019-12-17 16:50,9116
2019-12-17 16:55,9222
2019-12-17 17:00,9366
2019-12-17 17:05,9520
2019-12-17 17:10,
2019-12-17 17:15,
2019-12-17 17:20,9913
2019-12-17 17:25,10001
2019-12-17 17:30,10129
2019-12-17 17:35,10265
2019-12-17 17:40,10404
2019-12-17 17:45,10461
2019-12-17 17:50,10499
2019-12-17 17:55,10623
2019-12-17 18:00,10707
2019-12-17 18:05,10799
2019-12-17 18:10,10768
2019-12-17 18:15,10922
2019-12-17 18:20,11004
2019-12-17 18:25,11138
2019-12-17 18:30,11221
2019-12-17 18:35,11270
2019-12-17 18:40,11383
2019-12-17 18:45,11464
2019-12-17 18:50,11465
2019-12-17 18:55,11544
2019-12-17 19:00,11539
2019-12-17 19:05,11563
2019-12-17 19:10,11700
2019-12-17 19:15,11711
2019-12-17 19:20,11790
2019-12-17 19:25,11916
2019-12-17 19:30,11984
2019-12-17 19:35,12060
2019-12-17 19:40,12092
2019-12-17 19:45,12223
2019-12-17 19:50,12285
2019-12-17 19:55,12289
2019-12-17 20:00,12385
2019-12-17 20:05,12536
2019-12-17 20:10,12599
2019-12-17 20:15,12595
2019-12-17 20:20,12705
2019-12-17 20:25,12664
2019-12-17 20:30,12694
2019-12-17 20:35,12769
2019-12-17 20:40,12815
2019-12-17 20:45,12860
2019-12-17 20:50,12942
2019-12-17 20:55,12889
2019-12-17 21:00,12917
2019-12-17 21:05,12950
2019-12-17 21:10,12940
2019-12-17 21:15,12879
2019-12-17 21:20,12800
2019-12-17 21:25,12819
2019-12-17 21:30,12815
2019-12-17 21:35,12783
2019-12-17 21:40,12771
2019-12-17 21:45,12716
2019-12-17 21:50,12681
2019-12-17 21:55,12606
2019-12-17 22:00,12512
2019-12-17 22:05,12409
2019-12-17 22:10,12337
2019-12-17 22:15,12232
2019-12-17 22:20,12200
2019-12-17 22:25,12155
2019-12-17 22:30,12112
2019-12-17 22:35,12074
2019-12-17 22:40,12001
2019-12-17 22:45,11968
2019-12-17 22:50,11888
2019-12-17 22:55,11807
2019-12-17 23:00,11802
2019-12-17 23:05,
2019-12-17 23:10,
2019-12-17 23:15,10558
2019-12-17 23:20,11320
2019-12-17 23:25,11396
2019-12-17 23:30,11364
2019-12-17 23:35,11308
2019-12-17 23:40,11317
2019-12-17 23:45,11284
2019-12-17 23:50,11211
2019-12-17 23:55,11222
2019-12-18 00:00,11194
2019-12-18 00:05,11210
2019-12-18 00:10,11233
2019-12-18 00:15,11226
2019-12-18 00:20,11211
2019-12-18 00:25,11150
2019-12-18 00:30,11116
2019-12-18 00:35,11156
2019-12-18 00:40,11208
2019-12-18 00:45,11231
2019-12-18 00:50,11262
2019-12-18 00:55,11267
2019-12-18 01:00,11291
2019-12-18 01:05,11351
2019-12-18 01:10,11381
2019-12-18 01:15,11358
2019-12-18 01:20,11421
2019-12-18 01:25,11426
2019-12-18 01:30,11414
2019-12-18 01:35,11389
2019-12-18 01:40,11428
2019-12-18 01:45,11455
2019-12-18 01:50,11529
2019-12-18 01:55,11434
2019-12-18 02:00,11410
2019-12-18 02:05,11373
2019-12-18 02:10,11362
2019-12-18 02:15,11345
2019-12-18 02:20,11368
2019-12-18 02:25,11433
2019-12-18 02:30,11447
2019-12-18 02:35,11464
2019-12-18 02:40,11454
2019-12-18 02:45,11434
2019-12-18 02:50,11431
2019-12-18 02:55,11354
2019-12-18 03:00,11347
2019-12-18 03:05,11337
2019-12-18 03:10,11227
2019-12-18 03:15,11181
2019-12-18 03:20,11088
2019-12-18 03:25,11012
2019-12-18 03:30,10899
2019-12-18 03:35,10872
2019-12-18 03:40,10773
2019-12-18 03:45,10693
2019-12-18 03:50,10594
2019-12-18 03:55,10501
2019-12-18 04:00,10428
2019-12-18 04:05,10343
2019-12-18 04:10,10186
2019-12-18 04:15,10087
2019-12-18 04:20,9999
2019-12-18 04:25,9912
2019-12-18 04:30,9814
2019-12-18 04:35,9703
2019-12-18 04:40,9596
2019-12-18 04:45,9449
2019-12-18 04:50,9312
2019-12-18 04:55,9202
2019-12-18 05:00,9099
2019-12-18 05:05,8965
2019-12-18 05:10,8846
2019-12-18 05:15,8727
2019-12-18 05:20,8545
2019-12-18 05:25,8462
2019-12-18 05:30,8300
2019-12-18 05:35,8152
2019-12-18 05:40,8052
2019-12-18 05:45,7925
2019-12-18 05:50,7858
2019-12-18 05:55,7717
2019-12-18 06:00,7565
2019-12-18 06:05,7423
2019-12-18 06:10,7314
2019-12-18 06:15,7159
2019-12-18 06:20,7100
2019-12-18 06:25,6972
2019-12-18 06:30,6827
2019-12-18 06:35,6719
2019-12-18 06:40,6648
2019-12-18 06:45,6500
2019-12-18 06:50,6388
2019-12-18 06:55,6296
2019-12-18 07:00,6171
2019-12-18 07:05,6053
2019-12-18 07:10,5892
2019-12-18 07:15,5761
2019-12-18 07:20,5670
2019-12-18 07:25,5569
2019-12-18 07:30,5465
2019-12-18 07:35,5369
2019-12-18 07:40,5280
2019-12-18 07:45,5165
2019-12-18 07:50,5087
2019-12-18 07:55,5045
2019-12-18 08:00,4997
2019-12-18 08:05,4942
2019-12-18 08:10,4857
2019-12-18 08:15,4791
2019-12-18 08:20,4730
2019-12-18 08:25,4695
2019-12-18 08:30,4612
2019-12-18 08:35,4523
2019-12-18 08:40,4473
2019-12-18 08:45,4433
2019-12-18 08:50,4388
2019-12-18 08:55,4399
2019-12-18 09:00,4371
2019-12-18 09:05,4369
2019-12-18 09:10,4355
2019-12-18 09:15,4314
2019-12-18 09:20,4266
2019-12-18 09:25,4251
2019-12-18 09:30,4224
2019-12-18 09:35,4179
2019-12-18 09:40,4209
2019-12-18 09:45,4199
2019-12-18 09:50,4215
2019-12-18 09:55,4198
2019-12-18 10:00,4211
2019-12-18 10:05,4237
2019-12-18 10:10,4223
2019-12-18 10:15,4232
2019-12-18 10:20,4263
2019-12-18 10:25,4297
2019-12-18 10:30,4285
2019-12-18 10:35,4282
2019-12-18 10:40,4294
2019-12-18 10:45,4314
2019-12-18 10:50,4311
2019-12-18 10:55,4334
2019-12-18 11:00,4341
2019-12-18 11:05,4318
2019-12-18 11:10,4343
2019-12-18 11:15,4359
2019-12-18 11:20,4377
2019-12-18 11:25,4427
2019-12-18 11:30,4436
2019-12-18 11:35,4484
2019-12-18 11:40,4571
2019-12-18 11:45,4600
2019-12-18 11:50,4662
2019-12-18 11:55,4726
2019-12-18 12:00,4747
2019-12-18 12:05,4789
2019-12-18 12:10,4839
2019-12-18 12:15,4884
2019-12-18 12:20,4927
2019-12-18 12:25,4974
2019-12-18 12:30,5008
2019-12-18 12:35,5050
2019-12-18 12:40,5089
2019-12-18 12:45,5160
2019-12-18 12:50,5204
2019-12-18 12:55,5273
2019-12-18 13:00,5367
2019-12-18 13:05,5469
2019-12-18 13:10,5516
2019-12-18 13:15,5593
2019-12-18 13:20,5660
2019-12-18 13:25,5770
2019-12-18 13:30,5805
2019-12-18 13:35,5860
2019-12-18 13:40,5955
2019-12-18 13:45,6035
2019-12-18 13:50,6122
2019-12-18 13:55,6210
2019-12-18 14:00,6307
2019-12-18 14:05,6416
2019-12-18 14:10,6514
2019-12-18 14:15,6561
2019-12-18 14:20,6630
2019-12-18 14:25,6668
2019-12-18 14:30,6758
2019-12-18 14:35,6799
2019-12-18 14:40,6923
2019-12-18 14:45,6969
2019-12-18 14:50,7060
2019-12-18 14:55,7187
2019-12-18 15:00,7285
2019-12-18 15:05,7345
2019-12-18 15:10,7400
2019-12-18 15:15,7464
2019-12-18 15:20,7508
2019-12-18 15:25,7609
2019-12-18 15:30,7644
2019-12-18 15:35,7789
2019-12-18 15:40,7902
2019-12-18 15:45,7936
2019-12-18 15:50,8002
2019-12-18 15:55,8060
2019-12-18 16:00,8077
2019-12-18 16:05,8124
2019-12-18 16:10,8178
2019-12-18 16:15,8297
2019-12-18 16:20,8400
2019-12-18 16:25,8459
2019-12-18 16:30,8535
2019-12-18 16:35,8669
2019-12-18 16:40,8800
2019-12-18 16:45,8968
2019-12-18 16:50,8990
2019-12-18 16:55,9093
2019-12-18 17:00,9211
2019-12-18 17:05,9369
2019-12-18 17:10,9463
2019-12-18 17:15,9584
2019-12-18 17:20,9697
2019-12-18 17:25,9817
2019-12-18 17:30,9863
2019-12-18 17:35,9963
2019-12-18 17:40,10061
2019-12-18 17:45,10169
2019-12-18 17:50,10248
2019-12-18 17:55,10326
2019-12-18 18:00,10361
2019-12-18 18:05,10402
2019-12-18 18:10,10499
2019-12-18 18:15,10590
2019-12-18 18:20,10653
2019-12-18 18:25,10695
2019-12-18 18:30,10763
2019-12-18 18:35,10798
2019-12-18 18:40,10829
2019-12-18 18:45,10859
2019-12-18 18:50,10943
2019-12-18 18:55,11032
2019-12-18 19:00,11065
2019-12-18 19:05,11123
2019-12-18 19:10,11152
2019-12-18 19:15,11218
2019-12-18 19:20,11275
2019-12-18 19:25,11339
2019-12-18 19:30,11386
2019-12-18 19:35,11422
2019-12-18 19:40,11481
2019-12-18 19:45,11578
2019-12-18 19:50,11678
2019-12-18 19:55,11717
2019-12-18 20:00,11775
2019-12-18 20:05,11842
2019-12-18 20:10,11866
2019-12-18 20:15,11913
2019-12-18 20:20,12009
2019-12-18 20:25,11999
2019-12-18 20:30,12141
2019-12-18 20:35,12156
2019-12-18 20:40,12182
2019-12-18 20:45,12198
2019-12-18 20:50,12235
2019-12-18 20:55,12166
2019-12-18 21:00,12159
2019-12-18 21:05,12249
2019-12-18 21:10,12248
2019-12-18 21:15,12338
2019-12-18 21:20,12443
2019-12-18 21:25,12434
2019-12-18 21:30,12449
2019-12-18 21:35,12433
2019-12-18 21:40,12475
2019-12-18 21:45,12452
2019-12-18 21:50,12426
2019-12-18 21:55,12415
2019-12-18 22:00,12335
2019-12-18 22:05,12258
2019-12-18 22:10,12171
2019-12-18 22:15,12149
2019-12-18 22:20,12055
2019-12-18 22:25,12031
2019-12-18 22:30,11914
2019-12-18 22:35,11810
2019-12-18 22:40,11772
2019-12-18 22:45,11656
2019-12-18 22:50,11666
2019-12-18 22:55,11619
2019-12-18 23:00,11479
2019-12-18 23:05,11345
2019-12-18 23:10,11329
2019-12-18 23:15,11249
2019-12-18 23:20,11147
2019-12-18 23:25,11046
2019-12-18 23:30,10993
2019-12-18 23:35,11014
2019-12-18 23:40,10979
2019-12-18 23:45,10982
2019-12-18 23:50,10991
2019-12-18 23:55,10980
2019-12-19 00:00,10941
2019-12-19 00:05,10875
2019-12-19 00:10,10845
2019-12-19 00:15,10750
2019-12-19 00:20,10785
2019-12-19 00:25,10809
2019-12-19 00:30,10854
2019-12-19 00:35,10880
2019-12-19 00:40,10893
2019-12-19 00:45,10896
2019-12-19 00:50,10919
2019-12-19 00:55,10972
2019-12-19 01:00,10985
2019-12-19 01:05,11000
2019-12-19 01:10,11073
2019-12-19 01:15,11066
2019-12-19 01:20,11172
2019-12-19 01:25,11165
2019-12-19 01:30,11156
2019-12-19 01:35,11166
2019-12-19 01:40,11176
2019-12-19 01:45,11250
2019-12-19 01:50,11226
2019-12-19 01:55,11216
2019-12-19 02:00,11212
2019-12-19 02:05,11190
2019-12-19 02:10,11167
2019-12-19 02:15,11149
2019-12-19 02:20,11187
2019-12-19 02:25,11167
2019-12-19 02:30,11138
2019-12-19 02:35,11092
2019-12-19 02:40,11158
2019-12-19 02:45,11160
2019-12-19 02:50,11070
2019-12-19 02:55,11071
2019-12-19 03:00,11065
2019-12-19 03:05,11003
2019-12-19 03:10,10943
2019-12-19 03:15,10823
2019-12-19 03:20,10803
2019-12-19 03:25,10645
2019-12-19 03:30,10620
2019-12-19 03:35,10596
2019-12-19 03:40,10474
2019-12-19 03:45,10395
2019-12-19 03:50,10331
2019-12-19 03:55,10225
2019-12-19 04:00,10195
2019-12-19 04:05,10087
2019-12-19 04:10,9971
2019-12-19 04:15,9893
2019-12-19 04:20,9775
2019-12-19 04:25,9685
2019-12-19 04:30,9592
2019-12-19 04:35,9514
2019-12-19 04:40,9386
2019-12-19 04:45,9271
2019-12-19 04:50,9207
2019-12-19 04:55,9061
2019-12-19 05:00,8876
2019-12-19 05:05,8746
2019-12-19 05:10,8652
2019-12-19 05:15,8563
2019-12-19 05:20,8394
2019-12-19 05:25,8278
2019-12-19 05:30,8151
2019-12-19 05:35,8006
2019-12-19 05:40,7842
2019-12-19 05:45,7694
2019-12-19 05:50,7598
2019-12-19 05:55,7466
2019-12-19 06:00,7344
2019-12-19 06:05,7228
2019-12-19 06:10,7010
2019-12-19 06:15,6919
2019-12-19 06:20,6796
2019-12-19 06:25,6666
2019-12-19 06:30,6613
2019-12-19 06:35,6489
2019-12-19 06:40,6397
2019-12-19 06:45,6283
2019-12-19 06:50,
2019-12-19 06:55,
2019-12-19 07:00,
2019-12-19 07:05,5963
2019-12-19 07:10,5833
2019-12-19 07:15,5752
2019-12-19 07:20,
2019-12-19 07:25,
2019-12-19 07:30,
2019-12-19 07:35,
2019-12-19 07:40,5361
2019-12-19 07:45,5247
2019-12-19 07:50,
2019-12-19 07:55,
2019-12-19 08:00,
2019-12-19 08:05,4882
2019-12-19 08:10,4827
2019-12-19 08:15,4700
2019-12-19 08:20,4634
2019-12-19 08:25,4595
2019-12-19 08:30,4545
2019-12-19 08:35,4541
2019-12-19 08:40,4493
2019-12-19 08:45,
2019-12-19 08:50,
2019-12-19 08:55,
2019-12-19 09:00,
2019-12-19 09:05,
2019-12-19 09:10,4276
2019-12-19 09:15,4192
2019-12-19 09:20,4162
2019-12-19 09:25,4197
2019-12-19 09:30,4153
2019-12-19 09:35,4153
2019-12-19 09:40,4131
2019-12-19 09:45,4104
2019-12-19 09:50,4107
2019-12-19 09:55,4132
2019-12-19 10:00,4140
2019-12-19 10:05,4142
2019-12-19 10:10,4176
2019-12-19 10:15,4185
2019-12-19 10:20,4224
2019-12-19 10:25,4245
2019-12-19 10:30,4263
2019-12-19 10:35,4219
2019-12-19 10:40,4261
2019-12-19 10:45,4299
2019-12-19 10:50,4309
2019-12-19 10:55,4352
2019-12-19 11:00,4372
2019-12-19 11:05,4377
2019-12-19 11:10,4389
2019-12-19 11:15,4428
2019-12-19 11:20,4433
2019-12-19 11:25,4424
2019-12-19 11:30,4454
2019-12-19 11:35,4492
2019-12-19 11:40,4540
2019-12-19 11:45,4595
2019-12-19 11:50,4645
2019-12-19 11:55,4701
2019-12-19 12:00,4768
2019-12-19 12:05,4840
2019-12-19 12:10,4911
2019-12-19 12:15,4990
2019-12-19 12:20,5042
2019-12-19 12:25,5034
2019-12-19 12:30,5090
2019-12-19 12:35,5099
2019-12-19 12:40,5179
2019-12-19 12:45,5232
2019-12-19 12:50,5294
2019-12-19 12:55,5312
2019-12-19 13:00,5373
2019-12-19 13:05,5360
2019-12-19 13:10,5432
2019-12-19 13:15,5497
2019-12-19 13:20,5592
2019-12-19 13:25,5658
2019-12-19 13:30,5739
2019-12-19 13:35,5805
2019-12-19 13:40,5902
2019-12-19 13:45,5985
2019-12-19 13:50,6066
2019-12-19 13:55,6124
2019-12-19 14:00,6266
2019-12-19 14:05,6346
2019-12-19 14:10,6416
2019-12-19 14:15,6498
2019-12-19 14:20,6619
2019-12-19 14:25,6735
2019-12-19 14:30,6845
2019-12-19 14:35,7021
2019-12-19 14:40,7092
2019-12-19 14:45,7188
2019-12-19 14:50,7236
2019-12-19 14:55,7367
2019-12-19 15:00,7433
2019-12-19 15:05,
2019-12-19 15:10,7595
2019-12-19 15:15,7639
2019-12-19 15:20,7679
2019-12-19 15:25,7795
2019-12-19 15:30,7856
2019-12-19 15:35,7915
2019-12-19 15:40,7991
2019-12-19 15:45,8047
2019-12-19 15:50,8134
2019-12-19 15:55,8219
2019-12-19 16:00,8239
2019-12-19 16:05,8311
2019-12-19 16:10,8368
2019-12-19 16:15,8446
2019-12-19 16:20,8528
2019-12-19 16:25,8569
2019-12-19 16:30,8678
2019-12-19 16:35,8799
2019-12-19 16:40,8892
2019-12-19 16:45,9014
2019-12-19 16:50,9044
2019-12-19 16:55,9114
2019-12-19 17:00,9174
2019-12-19 17:05,9218
2019-12-19 17:10,9318
2019-12-19 17:15,9392
2019-12-19 17:20,9479
2019-12-19 17:25,9528
2019-12-19 17:30,9675
2019-12-19 17:35,9766
2019-12-19 17:40,9810
2019-12-19 17:45,9895
2019-12-19 17:50,10017
2019-12-19 17:55,10110
2019-12-19 18:00,10210
2019-12-19 18:05,10299
2019-12-19 18:10,10372
2019-12-19 18:15,10488
2019-12-19 18:20,10621
2019-12-19 18:25,10693
2019-12-19 18:30,10712
2019-12-19 18:35,10749
2019-12-19 18:40,10887
2019-12-19 18:45,10948
2019-12-19 18:50,10997
2019-12-19 18:55,11063
2019-12-19 19:00,11151
2019-12-19 19:05,11269
2019-12-19 19:10,11364
2019-12-19 19:15,11428
2019-12-19 19:20,11500
2019-12-19 19:25,11566
2019-12-19 19:30,11588
2019-12-19 19:35,11667
2019-12-19 19:40,11749
2019-12-19 19:45,11840
2019-12-19 19:50,11959
2019-12-19 19:55,12075
2019-12-19 20:00,12139
2019-12-19 20:05,12217
2019-12-19 20:10,12308
2019-12-19 20:15,12435
2019-12-19 20:20,12459
2019-12-19 20:25,12448
2019-12-19 20:30,12429
2019-12-19 20:35,12435
2019-12-19 20:40,12445
2019-12-19 20:45,12492
2019-12-19 20:50,12512
2019-12-19 20:55,12613
2019-12-19 21:00,12629
2019-12-19 21:05,12579
2019-12-19 21:10,12613
2019-12-19 21:15,12584
2019-12-19 21:20,12591
2019-12-19 21:25,12523
2019-12-19 21:30,12522
2019-12-19 21:35,12471
2019-12-19 21:40,0
2019-12-19 21:45,12637
2019-12-19 21:50,12622
2019-12-19 21:55,12609
2019-12-19 22:00,12587
2019-12-19 22:05,12562
2019-12-19 22:10,12519
2019-12-19 22:15,12437
2019-12-19 22:20,12407
2019-12-19 22:25,12320
2019-12-19 22:30,12239
2019-12-19 22:35,12230
2019-12-19 22:40,12106
2019-12-19 22:45,12037
2019-12-19 22:50,11969
2019-12-19 22:55,11948
2019-12-19 23:00,11803
2019-12-19 23:05,11708
2019-12-19 23:10,11609
2019-12-19 23:15,11511
2019-12-19 23:20,11455
2019-12-19 23:25,11400
2019-12-19 23:30,11306
2019-12-19 23:35,11247
2019-12-19 23:40,11148
2019-12-19 23:45,11090
2019-12-19 23:50,11075
2019-12-19 23:55,10962
2019-12-20 00:00,10875
2019-12-20 00:05,10857
2019-12-20 00:10,10795
2019-12-20 00:15,10733
2019-12-20 00:20,10690
2019-12-20 00:25,10644
2019-12-20 00:30,10637
2019-12-20 00:35,10631
2019-12-20 00:40,10612
2019-12-20 00:45,10587
2019-12-20 00:50,10595
2019-12-20 00:55,10613
2019-12-20 01:00,10588
2019-12-20 01:05,10613
2019-12-20 01:10,10631
2019-12-20 01:15,10640
2019-12-20 01:20,10643
2019-12-20 01:25,10619
2019-12-20 01:30,10612
2019-12-20 01:35,10712
2019-12-20 01:40,10694
2019-12-20 01:45,10667
2019-12-20 01:50,10681
2019-12-20 01:55,10667
2019-12-20 02:00,10658
2019-12-20 02:05,10650
2019-12-20 02:10,10651
2019-12-20 02:15,10616
2019-12-20 02:20,10638
2019-12-20 02:25,10631
2019-12-20 02:30,10706
2019-12-20 02:35,10739
2019-12-20 02:40,10723
2019-12-20 02:45,10724
2019-12-20 02:50,10731
2019-12-20 02:55,10721
2019-12-20 03:00,10699
2019-12-20 03:05,10656
2019-12-20 03:10,10572
2019-12-20 03:15,10496
2019-12-20 03:20,10482
2019-12-20 03:25,10457
2019-12-20 03:30,10369
2019-12-20 03:35,10287
2019-12-20 03:40,10227
2019-12-20 03:45,10188
2019-12-20 03:50,10127
2019-12-20 03:55,10068
2019-12-20 04:00,10021
2019-12-20 04:05,9918
2019-12-20 04:10,9824
2019-12-20 04:15,9769
2019-12-20 04:20,9787
2019-12-20 04:25,9679
2019-12-20 04:30,9604
2019-12-20 04:35,9499
2019-12-20 04:40,9431
2019-12-20 04:45,9312
2019-12-20 04:50,9183
2019-12-20 04:55,9069
2019-12-20 05:00,8912
2019-12-20 05:05,8776
2019-12-20 05:10,8641
2019-12-20 05:15,8488
2019-12-20 05:20,8380
2019-12-20 05:25,8294
2019-12-20 05:30,8161
2019-12-20 05:35,8070
2019-12-20 05:40,7940
2019-12-20 05:45,7807
2019-12-20 05:50,7663
2019-12-20 05:55,7552
2019-12-20 06:00,7452
2019-12-20 06:05,7293
2019-12-20 06:10,7233
2019-12-20 06:15,7136
2019-12-20 06:20,7001
2019-12-20 06:25,6916
2019-12-20 06:30,6775
2019-12-20 06:35,6687
2019-12-20 06:40,6541
2019-12-20 06:45,6441
2019-12-20 06:50,6321
2019-12-20 06:55,6212
2019-12-20 07:00,6115
2019-12-20 07:05,6027
2019-12-20 07:10,5929
2019-12-20 07:15,5886
2019-12-20 07:20,5783
2019-12-20 07:25,5686
2019-12-20 07:30,5547
2019-12-20 07:35,5383
2019-12-20 07:40,5303
2019-12-20 07:45,5208
2019-12-20 07:50,5131
2019-12-20 07:55,5007
2019-12-20 08:00,4939
2019-12-20 08:05,4830
2019-12-20 08:10,4743
2019-12-20 08:15,4658
2019-12-20 08:20,4594
2019-12-20 08:25,4509
2019-12-20 08:30,4471
2019-12-20 08:35,4406
2019-12-20 08:40,4399
2019-12-20 08:45,4383
2019-12-20 08:50,4320
2019-12-20 08:55,4305
2019-12-20 09:00,4261
2019-12-20 09:05,4219
2019-12-20 09:10,4222
2019-12-20 09:15,4256
2019-12-20 09:20,4236
2019-12-20 09:25,4260
2019-12-20 09:30,4268
2019-12-20 09:35,4284
2019-12-20 09:40,4214
2019-12-20 09:45,4194
2019-12-20 09:50,4214
2019-12-20 09:55,4197
2019-12-20 10:00,4198
2019-12-20 10:05,4181
2019-12-20 10:10,4239
2019-12-20 10:15,4276
2019-12-20 10:20,4283
2019-12-20 10:25,4340
2019-12-20 10:30,4355
2019-12-20 10:35,4429
2019-12-20 10:40,4472
2019-12-20 10:45,4489
2019-12-20 10:50,4527
2019-12-20 10:55,4551
2019-12-20 11:00,4589
2019-12-20 11:05,4637
2019-12-20 11:10,4654
2019-12-20 11:15,4702
2019-12-20 11:20,4739
2019-12-20 11:25,4773
2019-12-20 11:30,4803
2019-12-20 11:35,4864
2019-12-20 11:40,4935
2019-12-20 11:45,4946
2019-12-20 11:50,4982
2019-12-20 11:55,5009
2019-12-20 12:00,5031
2019-12-20 12:05,5082
2019-12-20 12:10,5165
2019-12-20 12:15,5227
2019-12-20 12:20,5269
2019-12-20 12:25,5340
2019-12-20 12:30,5371
2019-12-20 12:35,5412
2019-12-20 12:40,5518
2019-12-20 12:45,5568
2019-12-20 12:50,5635
2019-12-20 12:55,5700
2019-12-20 13:00,5777
2019-12-20 13:05,5896
2019-12-20 13:10,5869
2019-12-20 13:15,5959
2019-12-20 13:20,6057
2019-12-20 13:25,6131
2019-12-20 13:30,6204
2019-12-20 13:35,6256
2019-12-20 13:40,6360
2019-12-20 13:45,6459
2019-12-20 13:50,6529
2019-12-20 13:55,6601
2019-12-20 14:00,6678
2019-12-20 14:05,6768
2019-12-20 14:10,6776
2019-12-20 14:15,6873
2019-12-20 14:20,6982
2019-12-20 14:25,7139
2019-12-20 14:30,7224
2019-12-20 14:35,7319
2019-12-20 14:40,7418
2019-12-20 14:45,7566
2019-12-20 14:50,7643
2019-12-20 14:55,7749
2019-12-20 15:00,7861
2019-12-20 15:05,7925
2019-12-20 15:10,8040
2019-12-20 15:15,8148
2019-12-20 15:20,8308
2019-12-20 15:25,8406
2019-12-20 15:30,8445
2019-12-20 15:35,8460
2019-12-20 15:40,8556
2019-12-20 15:45,8560
2019-12-20 15:50,8529
2019-12-20 15:55,8578
2019-12-20 16:00,8666
2019-12-20 16:05,8701
2019-12-20 16:10,8693
2019-12-20 16:15,8730
2019-12-20 16:20,8799
2019-12-20 16:25,8831
2019-12-20 16:30,8936
2019-12-20 16:35,8998
2019-12-20 16:40,9052
2019-12-20 16:45,9077
2019-12-20 16:50,9141
2019-12-20 16:55,9164
2019-12-20 17:00,9183
2019-12-20 17:05,9232
2019-12-20 17:10,9369
2019-12-20 17:15,9381
2019-12-20 17:20,9461
2019-12-20 17:25,9506
2019-12-20 17:30,9560
2019-12-20 17:35,9617
2019-12-20 17:40,9658
2019-12-20 17:45,9740
2019-12-20 17:50,9792
2019-12-20 17:55,9888
2019-12-20 18:00,9970
2019-12-20 18:05,10097
2019-12-20 18:10,10192
2019-12-20 18:15,10271
2019-12-20 18:20,10319
2019-12-20 18:25,10381
2019-12-20 18:30,10453
2019-12-20 18:35,10532
2019-12-20 18:40,10628
2019-12-20 18:45,10672
2019-12-20 18:50,10731
2019-12-20 18:55,10772
2019-12-20 19:00,10853
2019-12-20 19:05,10934
2019-12-20 19:10,10972
2019-12-20 19:15,11064
2019-12-20 19:20,11125
2019-12-20 19:25,11198
2019-12-20 19:30,11252
2019-12-20 19:35,11377
2019-12-20 19:40,11422
2019-12-20 19:45,11454
2019-12-20 19:50,11469
2019-12-20 19:55,11459
2019-12-20 20:00,11509
2019-12-20 20:05,11573
2019-12-20 20:10,11630
2019-12-20 20:15,11692
2019-12-20 20:20,11757
2019-12-20 20:25,11777
2019-12-20 20:30,11857
2019-12-20 20:35,11867
2019-12-20 20:40,11908
2019-12-20 20:45,11935
2019-12-20 20:50,11891
2019-12-20 20:55,12015
2019-12-20 21:00,12024
2019-12-20 21:05,12050
2019-12-20 21:10,12047
2019-12-20 21:15,12125
2019-12-20 21:20,12153
2019-12-20 21:25,12157
2019-12-20 21:30,12171
2019-12-20 21:35,12158
2019-12-20 21:40,12163
2019-12-20 21:45,12197
2019-12-20 21:50,12181
2019-12-20 21:55,12124
2019-12-20 22:00,12126
2019-12-20 22:05,12163
2019-12-20 22:10,12168
2019-12-20 22:15,12180
2019-12-20 22:20,12118
2019-12-20 22:25,12001
2019-12-20 22:30,11928
2019-12-20 22:35,11876
2019-12-20 22:40,11905
2019-12-20 22:45,11904
2019-12-20 22:50,11858
2019-12-20 22:55,11790
2019-12-20 23:00,11778
2019-12-20 23:05,11699
2019-12-20 23:10,11603
2019-12-20 23:15,11572
2019-12-20 23:20,11481
2019-12-20 23:25,11491
2019-12-20 23:30,11423
2019-12-20 23:35,11418
2019-12-20 23:40,11363
2019-12-20 23:45,11257
2019-12-20 23:50,0
2019-12-20 23:55,11097
2019-12-21 00:00,11051
2019-12-21 00:05,10992
2019-12-21 00:10,10923
2019-12-21 00:15,10875
2019-12-21 00:20,10745
2019-12-21 00:25,10712
2019-12-21 00:30,10679
2019-12-21 00:35,10595
2019-12-21 00:40,10550
2019-12-21 00:45,10581
2019-12-21 00:50,10600
2019-12-21 00:55,
2019-12-21 01:00,0
2019-12-21 01:05,10514
2019-12-21 01:10,10503
2019-12-21 01:15,10482
2019-12-21 01:20,10441
2019-12-21 01:25,10437
2019-12-21 01:30,10433
2019-12-21 01:35,10435
2019-12-21 01:40,10411
2019-12-21 01:45,10376
2019-12-21 01:50,10395
2019-12-21 01:55,10402
2019-12-21 02:00,10359
2019-12-21 02:05,10323
2019-12-21 02:10,10322
2019-12-21 02:15,10304
2019-12-21 02:20,10288
2019-12-21 02:25,10265
2019-12-21 02:30,10278
2019-12-21 02:35,10248
2019-12-21 02:40,10256
2019-12-21 02:45,10283
2019-12-21 02:50,10291
2019-12-21 02:55,10293
2019-12-21 03:00,10329
2019-12-21 03:05,10321
2019-12-21 03:10,10294
2019-12-21 03:15,10287
2019-12-21 03:20,10238
2019-12-21 03:25,10237
2019-12-21 03:30,10199
2019-12-21 03:35,10189
2019-12-21 03:40,10160
2019-12-21 03:45,10171
2019-12-21 03:50,10158
2019-12-21 03:55,10179
2019-12-21 04:00,10122
2019-12-21 04:05,10038
2019-12-21 04:10,9987
2019-12-21 04:15,9907
2019-12-21 04:20,9890
2019-12-21 04:25,9836
2019-12-21 04:30,9799
2019-12-21 04:35,9798
2019-12-21 04:40,9715
2019-12-21 04:45,9678
2019-12-21 04:50,9613
2019-12-21 04:55,9586
2019-12-21 05:00,9514
2019-12-21 05:05,9450
2019-12-21 05:10,9349
2019-12-21 05:15,9249
2019-12-21 05:20,9156
2019-12-21 05:25,9055
2019-12-21 05:30,8973
2019-12-21 05:35,8907
2019-12-21 05:40,8836
2019-12-21 05:45,8687
2019-12-21 05:50,8602
2019-12-21 05:55,8470
2019-12-21 06:00,8325
2019-12-21 06:05,8221
2019-12-21 06:10,8113
2019-12-21 06:15,7986
2019-12-21 06:20,7894
2019-12-21 06:25,7815
2019-12-21 06:30,7701
2019-12-21 06:35,7591
2019-12-21 06:40,7447
2019-12-21 06:45,7370
2019-12-21 06:50,7222
2019-12-21 06:55,7161
2019-12-21 07:00,7047
2019-12-21 07:05,6948
2019-12-21 07:10,6840
2019-12-21 07:15,6696
2019-12-21 07:20,6587
2019-12-21 07:25,6476
2019-12-21 07:30,6385
2019-12-21 07:35,6265
2019-12-21 07:40,6180
2019-12-21 07:45,6140
2019-12-21 07:50,6082
2019-12-21 07:55,6004
2019-12-21 08:00,5895
2019-12-21 08:05,5841
2019-12-21 08:10,5745
2019-12-21 08:15,5690
2019-12-21 08:20,5642
2019-12-21 08:25,5591
2019-12-21 08:30,5573
2019-12-21 08:35,5516
2019-12-21 08:40,5501
2019-12-21 08:45,5428
2019-12-21 08:50,5394
2019-12-21 08:55,5356
2019-12-21 09:00,5299
2019-12-21 09:05,5287
2019-12-21 09:10,5248
2019-12-21 09:15,5210
2019-12-21 09:20,5172
2019-12-21 09:25,5170
2019-12-21 09:30,5164
2019-12-21 09:35,5147
2019-12-21 09:40,5172
2019-12-21 09:45,5166
2019-12-21 09:50,5167
2019-12-21 09:55,5181
2019-12-21 10:00,5187
2019-12-21 10:05,5217
2019-12-21 10:10,5224
2019-12-21 10:15,5244
2019-12-21 10:20,5246
2019-12-21 10:25,5258
2019-12-21 10:30,5304
2019-12-21 10:35,5338
2019-12-21 10:40,5375
2019-12-21 10:45,5372
2019-12-21 10:50,5427
2019-12-21 10:55,5465
2019-12-21 11:00,5505
2019-12-21 11:05,5500
2019-12-21 11:10,5532
2019-12-21 11:15,5552
2019-12-21 11:20,5614
2019-12-21 11:25,5682
2019-12-21 11:30,5696
2019-12-21 11:35,5686
2019-12-21 11:40,5741
2019-12-21 11:45,5810
2019-12-21 11:50,5851
2019-12-21 11:55,5916
2019-12-21 12:00,6027
2019-12-21 12:05,6141
2019-12-21 12:10,6193
2019-12-21 12:15,6257
2019-12-21 12:20,6322
2019-12-21 12:25,6378
2019-12-21 12:30,6475
2019-12-21 12:35,6460
2019-12-21 12:40,6570
2019-12-21 12:45,6642
2019-12-21 12:50,6710
2019-12-21 12:55,6776
2019-12-21 13:00,6807
2019-12-21 13:05,6895
2019-12-21 13:10,6980
2019-12-21 13:15,6977
2019-12-21 13:20,7060
2019-12-21 13:25,7129
2019-12-21 13:30,7175
2019-12-21 13:35,7275
2019-12-21 13:40,7345
2019-12-21 13:45,7413
2019-12-21 13:50,7511
2019-12-21 13:55,7566
2019-12-21 14:00,7608
2019-12-21 14:05,7726
2019-12-21 14:10,7790
2019-12-21 14:15,7912
2019-12-21 14:20,8019
2019-12-21 14:25,8080
2019-12-21 14:30,8160
2019-12-21 14:35,8247
2019-12-21 14:40,8366
2019-12-21 14:45,8429
2019-12-21 14:50,8530
2019-12-21 14:55,8619
2019-12-21 15:00,8678
2019-12-21 15:05,8733
2019-12-21 15:10,8800
2019-12-21 15:15,8926
2019-12-21 15:20,9028
2019-12-21 15:25,9098
2019-12-21 15:30,9137
2019-12-21 15:35,9211
2019-12-21 15:40,9193
2019-12-21 15:45,9235
2019-12-21 15:50,9299
2019-12-21 15:55,9425
2019-12-21 16:00,9481
2019-12-21 16:05,9587
2019-12-21 16:10,9626
2019-12-21 16:15,9654
2019-12-21 16:20,9719
2019-12-21 16:25,9735
2019-12-21 16:30,9786
2019-12-21 16:35,9893
2019-12-21 16:40,9951
2019-12-21 16:45,10061
2019-12-21 16:50,10074
2019-12-21 16:55,10134
2019-12-21 17:00,10133
2019-12-21 17:05,10246
2019-12-21 17:10,10257
2019-12-21 17:15,10332
2019-12-21 17:20,10400
2019-12-21 17:25,10454
2019-12-21 17:30,10506
2019-12-21 17:35,
2019-12-21 17:40,10592
2019-12-21 17:45,10669
2019-12-21 17:50,10676
2019-12-21 17:55,10704
2019-12-21 18:00,10702
2019-12-21 18:05,10779
2019-12-21 18:10,10911
2019-12-21 18:15,10960
2019-12-21 18:20,11019
2019-12-21 18:25,11130
2019-12-21 18:30,11155
2019-12-21 18:35,11179
2019-12-21 18:40,11269
2019-12-21 18:45,11363
2019-12-21 18:50,11439
2019-12-21 18:55,11511
2019-12-21 19:00,11562
2019-12-21 19:05,11653
2019-12-21 19:10,11684
2019-12-21 19:15,11666
2019-12-21 19:20,11757
2019-12-21 19:25,11870
2019-12-21 19:30,11966
2019-12-21 19:35,12027
2019-12-21 19:40,12078
2019-12-21 19:45,12185
2019-12-21 19:50,12264
2019-12-21 19:55,12321
2019-12-21 20:00,12359
2019-12-21 20:05,12459
2019-12-21 20:10,12516
2019-12-21 20:15,12583
2019-12-21 20:20,12569
2019-12-21 20:25,12720
2019-12-21 20:30,12792
2019-12-21 20:35,12859
2019-12-21 20:40,12855
2019-12-21 20:45,12897
2019-12-21 20:50,12916
2019-12-21 20:55,12910
2019-12-21 21:00,12847
2019-12-21 21:05,12807
2019-12-21 21:10,12758
2019-12-21 21:15,12815
2019-12-21 21:20,12812
2019-12-21 21:25,12812
2019-12-21 21:30,12755
2019-12-21 21:35,12762
2019-12-21 21:40,12797
2019-12-21 21:45,12847
2019-12-21 21:50,12905
2019-12-21 21:55,12841
2019-12-21 22:00,12865
2019-12-21 22:05,12877
2019-12-21 22:10,12834
2019-12-21 22:15,12744
2019-12-21 22:20,12708
2019-12-21 22:25,12636
2019-12-21 22:30,12550
2019-12-21 22:35,12585
2019-12-21 22:40,12593
2019-12-21 22:45,12557
2019-12-21 22:50,12477
2019-12-21 22:55,12467
2019-12-21 23:00,12426
2019-12-21 23:05,12298
2019-12-21 23:10,12271
2019-12-21 23:15,12207
2019-12-21 23:20,12147
2019-12-21 23:25,12104
2019-12-21 23:30,11997
2019-12-21 23:35,11919
2019-12-21 23:40,11801
2019-12-21 23:45,11757
2019-12-21 23:50,11622
2019-12-21 23:55,11535
2019-12-22 00:00,11439
2019-12-22 00:05,11320
2019-12-22 00:10,11193
2019-12-22 00:15,11108
2019-12-22 00:20,10988
2019-12-22 00:25,10848
2019-12-22 00:30,10760
2019-12-22 00:35,10717
2019-12-22 00:40,10650
2019-12-22 00:45,10585
2019-12-22 00:50,10575
2019-12-22 00:55,10553
2019-12-22 01:00,10527
2019-12-22 01:05,10454
2019-12-22 01:10,10340
2019-12-22 01:15,10328
2019-12-22 01:20,10300
2019-12-22 01:25,10306
2019-12-22 01:30,10333
2019-12-22 01:35,10362
2019-12-22 01:40,10371
2019-12-22 01:45,10376
2019-12-22 01:50,10402
2019-12-22 01:55,10386
2019-12-22 02:00,10445
2019-12-22 02:05,10385
2019-12-22 02:10,10349
2019-12-22 02:15,10304
2019-12-22 02:20,10256
2019-12-22 02:25,10318
2019-12-22 02:30,10267
2019-12-22 02:35,10234
2019-12-22 02:40,10238
2019-12-22 02:45,10200
2019-12-22 02:50,10193
2019-12-22 02:55,10193
2019-12-22 03:00,10199
2019-12-22 03:05,10226
2019-12-22 03:10,10247
2019-12-22 03:15,10239
2019-12-22 03:20,10186
2019-12-22 03:25,10146
2019-12-22 03:30,10110
2019-12-22 03:35,10058
2019-12-22 03:40,10030
2019-12-22 03:45,10020
2019-12-22 03:50,10000
2019-12-22 03:55,10005
2019-12-22 04:00,9969
2019-12-22 04:05,9939
2019-12-22 04:10,9914
2019-12-22 04:15,9882
2019-12-22 04:20,9883
2019-12-22 04:25,9819
2019-12-22 04:30,9734
2019-12-22 04:35,9736
2019-12-22 04:40,9707
2019-12-22 04:45,9612
2019-12-22 04:50,9545
2019-12-22 04:55,9449
2019-12-22 05:00,9409
2019-12-22 05:05,9388
2019-12-22 05:10,9303
2019-12-22 05:15,9200
2019-12-22 05:20,9100
2019-12-22 05:25,8995
2019-12-22 05:30,8928
2019-12-22 05:35,8837
2019-12-22 05:40,8736
2019-12-22 05:45,8670
2019-12-22 05:50,8608
2019-12-22 05:55,8489
2019-12-22 06:00,8400
2019-12-22 06:05,8336
2019-12-22 06:10,8228
2019-12-22 06:15,8180
2019-12-22 06:20,8060
2019-12-22 06:25,7974
2019-12-22 06:30,7894
2019-12-22 06:35,7803
2019-12-22 06:40,7776
2019-12-22 06:45,7712
2019-12-22 06:50,7584
2019-12-22 06:55,7490
2019-12-22 07:00,7366
2019-12-22 07:05,7254
2019-12-22 07:10,7053
2019-12-22 07:15,6943
2019-12-22 07:20,6820
2019-12-22 07:25,6725
2019-12-22 07:30,6661
2019-12-22 07:35,6615
2019-12-22 07:40,6551
2019-12-22 07:45,6485
2019-12-22 07:50,6374
2019-12-22 07:55,6268
2019-12-22 08:00,6177
2019-12-22 08:05,6099
2019-12-22 08:10,6032
2019-12-22 08:15,5908
2019-12-22 08:20,5854
2019-12-22 08:25,5798
2019-12-22 08:30,5730
2019-12-22 08:35,5653
2019-12-22 08:40,5562
2019-12-22 08:45,5499
2019-12-22 08:50,5492
2019-12-22 08:55,5459
2019-12-22 09:00,5452
2019-12-22 09:05,5423
2019-12-22 09:10,5389
2019-12-22 09:15,5410
2019-12-22 09:20,5358
2019-12-22 09:25,5386
2019-12-22 09:30,5377
2019-12-22 09:35,5412
2019-12-22 09:40,5428
2019-12-22 09:45,5455
2019-12-22 09:50,5429
2019-12-22 09:55,5422
2019-12-22 10:00,5399
2019-12-22 10:05,5441
2019-12-22 10:10,5513
2019-12-22 10:15,5587
2019-12-22 10:20,5601
2019-12-22 10:25,5620
2019-12-22 10:30,5643
2019-12-22 10:35,5687
2019-12-22 10:40,5719
2019-12-22 10:45,5790
2019-12-22 10:50,5833
2019-12-22 10:55,5867
2019-12-22 11:00,5886
2019-12-22 11:05,5989
2019-12-22 11:10,6041
2019-12-22 11:15,6095
2019-12-22 11:20,6129
2019-12-22 11:25,6140
2019-12-22 11:30,6180
2019-12-22 11:35,6245
2019-12-22 11:40,6299
2019-12-22 11:45,6403
2019-12-22 11:50,6447
2019-12-22 11:55,6519
2019-12-22 12:00,6571
2019-12-22 12:05,6644
2019-12-22 12:10,6714
2019-12-22 12:15,6770
2019-12-22 12:20,6836
2019-12-22 12:25,6889
2019-12-22 12:30,6968
2019-12-22 12:35,7026
2019-12-22 12:40,7088
2019-12-22 12:45,7185
2019-12-22 12:50,7267
2019-12-22 12:55,7319
2019-12-22 13:00,7328
2019-12-22 13:05,7402
2019-12-22 13:10,7472
2019-12-22 13:15,7566
2019-12-22 13:20,7655
2019-12-22 13:25,7751
2019-12-22 13:30,7819
2019-12-22 13:35,7866
2019-12-22 13:40,7938
2019-12-22 13:45,8018
2019-12-22 13:50,8084
2019-12-22 13:55,8209
2019-12-22 14:00,8185
2019-12-22 14:05,8306
2019-12-22 14:10,8420
2019-12-22 14:15,8454
2019-12-22 14:20,8556
2019-12-22 14:25,8650
2019-12-22 14:30,8758
2019-12-22 14:35,8826
2019-12-22 14:40,8887
2019-12-22 14:45,8930
2019-12-22 14:50,9041
2019-12-22 14:55,9076
2019-12-22 15:00,9222
2019-12-22 15:05,9275
2019-12-22 15:10,9368
2019-12-22 15:15,9427
2019-12-22 15:20,9497
2019-12-22 15:25,9567
2019-12-22 15:30,9615
2019-12-22 15:35,9723
2019-12-22 15:40,9805
2019-12-22 15:45,9910
2019-12-22 15:50,10034
2019-12-22 15:55,10143
2019-12-22 16:00,10227
2019-12-22 16:05,10259
2019-12-22 16:10,10325
2019-12-22 16:15,10332
2019-12-22 16:20,10415
2019-12-22 16:25,10478
2019-12-22 16:30,10547
2019-12-22 16:35,10675
2019-12-22 16:40,10747
2019-12-22 16:45,10841
2019-12-22 16:50,10830
2019-12-22 16:55,10907
2019-12-22 17:00,10905
2019-12-22 17:05,11013
2019-12-22 17:10,11074
2019-12-22 17:15,11105
2019-12-22 17:20,11158
2019-12-22 17:25,11247
2019-12-22 17:30,11313
2019-12-22 17:35,11390
2019-12-22 17:40,11421
2019-12-22 17:45,11517
2019-12-22 17:50,11619
2019-12-22 17:55,11685
2019-12-22 18:00,11721
2019-12-22 18:05,11766
2019-12-22 18:10,11822
2019-12-22 18:15,11874
2019-12-22 18:20,11968
2019-12-22 18:25,12128
2019-12-22 18:30,12212
2019-12-22 18:35,12243
2019-12-22 18:40,12376
2019-12-22 18:45,12455
2019-12-22 18:50,12532
2019-12-22 18:55,12623
2019-12-22 19:00,12672
2019-12-22 19:05,12786
2019-12-22 19:10,12743
2019-12-22 19:15,12844
2019-12-22 19:20,12866
2019-12-22 19:25,12950
2019-12-22 19:30,13004
2019-12-22 19:35,13069
2019-12-22 19:40,13154
2019-12-22 19:45,13227
2019-12-22 19:50,13282
2019-12-22 19:55,13279
2019-12-22 20:00,13336
2019-12-22 20:05,13409
2019-12-22 20:10,13450
2019-12-22 20:15,13495
2019-12-22 20:20,13513
2019-12-22 20:25,13592
2019-12-22 20:30,13656
2019-12-22 20:35,13683
2019-12-22 20:40,13715
2019-12-22 20:45,13730
2019-12-22 20:50,13697
2019-12-22 20:55,13721
2019-12-22 21:00,13715
2019-12-22 21:05,13731
2019-12-22 21:10,13704
2019-12-22 21:15,13728
2019-12-22 21:20,13684
2019-12-22 21:25,13734
2019-12-22 21:30,13689
2019-12-22 21:35,13640
2019-12-22 21:40,13658
2019-12-22 21:45,13596
2019-12-22 21:50,13531
2019-12-22 21:55,13490
2019-12-22 22:00,13491
2019-12-22 22:05,13445
2019-12-22 22:10,13442
2019-12-22 22:15,13407
2019-12-22 22:20,13387
2019-12-22 22:25,13403
2019-12-22 22:30,13443
2019-12-22 22:35,13370
2019-12-22 22:40,13296
2019-12-22 22:45,13220
2019-12-22 22:50,13175
2019-12-22 22:55,13092
2019-12-22 23:00,13013
2019-12-22 23:05,12917
2019-12-22 23:10,12778
2019-12-22 23:15,12722
2019-12-22 23:20,12637
2019-12-22 23:25,12520
2019-12-22 23:30,12352
2019-12-22 23:35,12270
2019-12-22 23:40,12171
2019-12-22 23:45,12145
2019-12-22 23:50,12016
2019-12-22 23:55,11828
2019-12-23 00:00,11673
2019-12-23 00:05,11615
2019-12-23 00:10,11516
2019-12-23 00:15,11488
2019-12-23 00:20,11447
2019-12-23 00:25,11456
2019-12-23 00:30,11407
2019-12-23 00:35,11315
2019-12-23 00:40,11300
2019-12-23 00:45,11235
2019-12-23 00:50,11251
2019-12-23 00:55,11257
2019-12-23 01:00,11208
2019-12-23 01:05,11175
2019-12-23 01:10,11171
2019-12-23 01:15,11157
2019-12-23 01:20,11165
2019-12-23 01:25,11200
2019-12-23 01:30,11200
2019-12-23 01:35,11212
2019-12-23 01:40,11172
2019-12-23 01:45,11198
2019-12-23 01:50,11177
2019-12-23 01:55,11082
2019-12-23 02:00,11082
2019-12-23 02:05,11069
2019-12-23 02:10,11054
2019-12-23 02:15,11072
2019-12-23 02:20,11070
2019-12-23 02:25,11034
2019-12-23 02:30,11056
2019-12-23 02:35,10997
2019-12-23 02:40,10997
2019-12-23 02:45,10916
2019-12-23 02:50,10939
2019-12-23 02:55,10940
2019-12-23 03:00,10871
2019-12-23 03:05,10872
2019-12-23 03:10,10875
2019-12-23 03:15,10826
2019-12-23 03:20,10794
2019-12-23 03:25,10744
2019-12-23 03:30,10689
2019-12-23 03:35,10700
2019-12-23 03:40,10753
2019-12-23 03:45,10741
2019-12-23 03:50,10714
2019-12-23 03:55,10623
2019-12-23 04:00,10555
2019-12-23 04:05,10419
2019-12-23 04:10,10342
2019-12-23 04:15,10221
2019-12-23 04:20,10152
2019-12-23 04:25,10078
2019-12-23 04:30,10011
2019-12-23 04:35,9860
2019-12-23 04:40,9774
2019-12-23 04:45,9703
2019-12-23 04:50,9591
2019-12-23 04:55,9478
2019-12-23 05:00,9370
2019-12-23 05:05,9229
2019-12-23 05:10,9072
2019-12-23 05:15,8938
2019-12-23 05:20,8844
2019-12-23 05:25,8756
2019-12-23 05:30,8665
2019-12-23 05:35,8574
2019-12-23 05:40,8469
2019-12-23 05:45,8355
2019-12-23 05:50,8229
2019-12-23 05:55,8096
2019-12-23 06:00,7946
2019-12-23 06:05,7815
2019-12-23 06:10,7710
2019-12-23 06:15,7578
2019-12-23 06:20,7471
2019-12-23 06:25,7334
2019-12-23 06:30,7212
2019-12-23 06:35,7040
2019-12-23 06:40,6951
2019-12-23 06:45,6826
2019-12-23 06:50,6712
2019-12-23 06:55,6613
2019-12-23 07:00,6515
2019-12-23 07:05,6417
2019-12-23 07:10,6264
2019-12-23 07:15,6173
2019-12-23 07:20,6043
2019-12-23 07:25,6006
2019-12-23 07:30,5913
2019-12-23 07:35,5827
2019-12-23 07:40,5707
2019-12-23 07:45,5643
2019-12-23 07:50,5536
2019-12-23 07:55,5426
2019-12-23 08:00,5366
2019-12-23 08:05,5282
2019-12-23 08:10,5191
2019-12-23 08:15,5151
2019-12-23 08:20,5076
2019-12-23 08:25,4981
2019-12-23 08:30,4903
2019-12-23 08:35,4889
2019-12-23 08:40,4853
2019-12-23 08:45,4806
2019-12-23 08:50,4777
2019-12-23 08:55,4746
2019-12-23 09:00,4722
2019-12-23 09:05,4691
2019-12-23 09:10,4733
2019-12-23 09:15,4757
2019-12-23 09:20,4725
2019-12-23 09:25,4691
2019-12-23 09:30,4690
2019-12-23 09:35,4658
2019-12-23 09:40,4727
2019-12-23 09:45,4706
2019-12-23 09:50,4711
2019-12-23 09:55,4687
2019-12-23 10:00,4681
2019-12-23 10:05,4701
2019-12-23 10:10,4719
2019-12-23 10:15,4761
2019-12-23 10:20,4806
2019-12-23 10:25,4804
2019-12-23 10:30,4804
2019-12-23 10:35,4887
2019-12-23 10:40,4898
2019-12-23 10:45,4936
2019-12-23 10:50,4917
2019-12-23 10:55,4938
2019-12-23 11:00,4956
2019-12-23 11:05,5001
2019-12-23 11:10,5057
2019-12-23 11:15,5086
2019-12-23 11:20,5148
2019-12-23 11:25,5212
2019-12-23 11:30,5242
2019-12-23 11:35,5286
2019-12-23 11:40,5371
2019-12-23 11:45,5442
2019-12-23 11:50,5520
2019-12-23 11:55,5549
2019-12-23 12:00,5628
2019-12-23 12:05,5644
2019-12-23 12:10,5757
2019-12-23 12:15,5755
2019-12-23 12:20,5800
2019-12-23 12:25,5838
2019-12-23 12:30,5937
2019-12-23 12:35,5984
2019-12-23 12:40,6062
2019-12-23 12:45,6084
2019-12-23 12:50,6174
2019-12-23 12:55,6225
2019-12-23 13:00,6275
2019-12-23 13:05,6320
2019-12-23 13:10,6387
2019-12-23 13:15,6508
2019-12-23 13:20,6562
2019-12-23 13:25,6593
2019-12-23 13:30,6636
2019-12-23 13:35,6727
2019-12-23 13:40,6787
2019-12-23 13:45,6798
2019-12-23 13:50,6846
2019-12-23 13:55,6922
2019-12-23 14:00,7037
2019-12-23 14:05,7097
2019-12-23 14:10,7143
2019-12-23 14:15,7216
2019-12-23 14:20,7364
2019-12-23 14:25,7414
2019-12-23 14:30,7428
2019-12-23 14:35,7476
2019-12-23 14:40,7584
2019-12-23 14:45,7670
2019-12-23 14:50,7715
2019-12-23 14:55,7784
2019-12-23 15:00,7899
2019-12-23 15:05,7990
2019-12-23 15:10,8003
2019-12-23 15:15,8118
2019-12-23 15:20,8211
2019-12-23 15:25,8327
2019-12-23 15:30,8388
2019-12-23 15:35,8492
2019-12-23 15:40,8522
2019-12-23 15:45,8616
2019-12-23 15:50,8739
2019-12-23 15:55,8801
2019-12-23 16:00,8878
2019-12-23 16:05,8977
2019-12-23 16:10,9061
2019-12-23 16:15,9166
2019-12-23 16:20,9198
2019-12-23 16:25,9271
2019-12-23 16:30,9359
2019-12-23 16:35,9420
2019-12-23 16:40,9455
2019-12-23 16:45,9547
2019-12-23 16:50,9605
2019-12-23 16:55,9704
2019-12-23 17:00,9797
2019-12-23 17:05,9824
2019-12-23 17:10,9878
2019-12-23 17:15,9900
2019-12-23 17:20,9958
2019-12-23 17:25,10119
2019-12-23 17:30,10130
2019-12-23 17:35,10193
2019-12-23 17:40,10338
2019-12-23 17:45,10450
2019-12-23 17:50,10492
2019-12-23 17:55,10616
2019-12-23 18:00,10673
2019-12-23 18:05,10732
2019-12-23 18:10,10792
2019-12-23 18:15,10898
2019-12-23 18:20,10905
2019-12-23 18:25,10955
2019-12-23 18:30,11016
2019-12-23 18:35,11079
2019-12-23 18:40,11137
2019-12-23 18:45,11230
2019-12-23 18:50,11322
2019-12-23 18:55,11340
2019-12-23 19:00,11387
2019-12-23 19:05,11455
2019-12-23 19:10,11489
2019-12-23 19:15,11532
2019-12-23 19:20,11597
2019-12-23 19:25,11650
2019-12-23 19:30,11747
2019-12-23 19:35,11798
2019-12-23 19:40,
2019-12-23 19:45,0
2019-12-23 19:50,12051
2019-12-23 19:55,11759
2019-12-23 20:00,11545
2019-12-23 20:05,11577
2019-12-23 20:10,11623
2019-12-23 20:15,12124
2019-12-23 20:20,12296
2019-12-23 20:25,12417
2019-12-23 20:30,12465
2019-12-23 20:35,12524
2019-12-23 20:40,12550
2019-12-23 20:45,12679
2019-12-23 20:50,12751
2019-12-23 20:55,12771
2019-12-23 21:00,12758
2019-12-23 21:05,12812
2019-12-23 21:10,12908
2019-12-23 21:15,12952
2019-12-23 21:20,12969
2019-12-23 21:25,13067
2019-12-23 21:30,13076
2019-12-23 21:35,13042
2019-12-23 21:40,13014
2019-12-23 21:45,13026
2019-12-23 21:50,13004
2019-12-23 21:55,13049
2019-12-23 22:00,13049
2019-12-23 22:05,13074
2019-12-23 22:10,13051
2019-12-23 22:15,13037
2019-12-23 22:20,12985
2019-12-23 22:25,12920
2019-12-23 22:30,12887
2019-12-23 22:35,12772
2019-12-23 22:40,12682
2019-12-23 22:45,12681
2019-12-23 22:50,12644
2019-12-23 22:55,12504
2019-12-23 23:00,12459
2019-12-23 23:05,12263
2019-12-23 23:10,12191
2019-12-23 23:15,12092
2019-12-23 23:20,12052
2019-12-23 23:25,11982
2019-12-23 23:30,11935
2019-12-23 23:35,11879
2019-12-23 23:40,11779
2019-12-23 23:45,11683
2019-12-23 23:50,11637
2019-12-23 23:55,11546
2019-12-24 00:00,11496
2019-12-24 00:05,11442
2019-12-24 00:10,11429
2019-12-24 00:15,11336
2019-12-24 00:20,11275
2019-12-24 00:25,11245
2019-12-24 00:30,11172
2019-12-24 00:35,11145
2019-12-24 00:40,11088
2019-12-24 00:45,11006
2019-12-24 00:50,10974
2019-12-24 00:55,10972
2019-12-24 01:00,10954
2019-12-24 01:05,10857
2019-12-24 01:10,10774
2019-12-24 01:15,10753
2019-12-24 01:20,10726
2019-12-24 01:25,10778
2019-12-24 01:30,10812
2019-12-24 01:35,10780
2019-12-24 01:40,10752
2019-12-24 01:45,10738
2019-12-24 01:50,10786
2019-12-24 01:55,10773
2019-12-24 02:00,10812
2019-12-24 02:05,10838
2019-12-24 02:10,10868
2019-12-24 02:15,10861
2019-12-24 02:20,10887
2019-12-24 02:25,10917
2019-12-24 02:30,10921
2019-12-24 02:35,10985
2019-12-24 02:40,10934
2019-12-24 02:45,10870
2019-12-24 02:50,10875
2019-12-24 02:55,10880
2019-12-24 03:00,10919
2019-12-24 03:05,10866
2019-12-24 03:10,10894
2019-12-24 03:15,10908
2019-12-24 03:20,10863
2019-12-24 03:25,10894
2019-12-24 03:30,10803
2019-12-24 03:35,10758
2019-12-24 03:40,10750
2019-12-24 03:45,10708
2019-12-24 03:50,10718
2019-12-24 03:55,10706
2019-12-24 04:00,10672
2019-12-24 04:05,10633
2019-12-24 04:10,10489
2019-12-24 04:15,10431
2019-12-24 04:20,10318
2019-12-24 04:25,10194
2019-12-24 04:30,10210
2019-12-24 04:35,10153
2019-12-24 04:40,10126
2019-12-24 04:45,10071
2019-12-24 04:50,10026
2019-12-24 04:55,9915
2019-12-24 05:00,9770
2019-12-24 05:05,9629
2019-12-24 05:10,9532
2019-12-24 05:15,9419
2019-12-24 05:20,9287
2019-12-24 05:25,9182
2019-12-24 05:30,9116
2019-12-24 05:35,9001
2019-12-24 05:40,8867
2019-12-24 05:45,8748
2019-12-24 05:50,8622
2019-12-24 05:55,8493
2019-12-24 06:00,8373
2019-12-24 06:05,8243
2019-12-24 06:10,8153
2019-12-24 06:15,8079
2019-12-24 06:20,7928
2019-12-24 06:25,7800
2019-12-24 06:30,7640
2019-12-24 06:35,7529
2019-12-24 06:40,7388
2019-12-24 06:45,7255
2019-12-24 06:50,7127
2019-12-24 06:55,6998
2019-12-24 07:00,6893
2019-12-24 07:05,6774
2019-12-24 07:10,6653
2019-12-24 07:15,6554
2019-12-24 07:20,6374
2019-12-24 07:25,6259
2019-12-24 07:30,6142
2019-12-24 07:35,6050
2019-12-24 07:40,5953
2019-12-24 07:45,5877
2019-12-24 07:50,5790
2019-12-24 07:55,5710
2019-12-24 08:00,5618
2019-12-24 08:05,5545
2019-12-24 08:10,5466
2019-12-24 08:15,5353
2019-12-24 08:20,5287
2019-12-24 08:25,5230
2019-12-24 08:30,5139
2019-12-24 08:35,5072
2019-12-24 08:40,4977
2019-12-24 08:45,4926
2019-12-24 08:50,4875
2019-12-24 08:55,4811
2019-12-24 09:00,4751
2019-12-24 09:05,4730
2019-12-24 09:10,4703
2019-12-24 09:15,4690
2019-12-24 09:20,4652
2019-12-24 09:25,4627
2019-12-24 09:30,4565
2019-12-24 09:35,4575
2019-12-24 09:40,4562
2019-12-24 09:45,4559
2019-12-24 09:50,4582
2019-12-24 09:55,4580
2019-12-24 10:00,4582
2019-12-24 10:05,4604
2019-12-24 10:10,4558
2019-12-24 10:15,4597
2019-12-24 10:20,4575
2019-12-24 10:25,4617
2019-12-24 10:30,4677
2019-12-24 10:35,4721
2019-12-24 10:40,4765
2019-12-24 10:45,4788
2019-12-24 10:50,4840
2019-12-24 10:55,4876
2019-12-24 11:00,4905
2019-12-24 11:05,4987
2019-12-24 11:10,5056
2019-12-24 11:15,5112
2019-12-24 11:20,5174
2019-12-24 11:25,5238
2019-12-24 11:30,5269
2019-12-24 11:35,5286
2019-12-24 11:40,5327
2019-12-24 11:45,5410
2019-12-24 11:50,5499
2019-12-24 11:55,5497
2019-12-24 12:00,5566
2019-12-24 12:05,5578
2019-12-24 12:10,5632
2019-12-24 12:15,5706
2019-12-24 12:20,5729
2019-12-24 12:25,5827
2019-12-24 12:30,5915
2019-12-24 12:35,5950
2019-12-24 12:40,6019
2019-12-24 12:45,6107
2019-12-24 12:50,6164
2019-12-24 12:55,6267
2019-12-24 13:00,6327
2019-12-24 13:05,6396
2019-12-24 13:10,6519
2019-12-24 13:15,6634
2019-12-24 13:20,6709
2019-12-24 13:25,6808
2019-12-24 13:30,6846
2019-12-24 13:35,6942
2019-12-24 13:40,6999
2019-12-24 13:45,6988
2019-12-24 13:50,7070
2019-12-24 13:55,7106
2019-12-24 14:00,7200
2019-12-24 14:05,7283
2019-12-24 14:10,7376
2019-12-24 14:15,7446
2019-12-24 14:20,7479
2019-12-24 14:25,7560
2019-12-24 14:30,7666
2019-12-24 14:35,7801
2019-12-24 14:40,7890
2019-12-24 14:45,7961
2019-12-24 14:50,8039
2019-12-24 14:55,8125
2019-12-24 15:00,8166
2019-12-24 15:05,8255
2019-12-24 15:10,8281
2019-12-24 15:15,8328
2019-12-24 15:20,8378
2019-12-24 15:25,8510
2019-12-24 15:30,8560
2019-12-24 15:35,8622
2019-12-24 15:40,8742
2019-12-24 15:45,8772
2019-12-24 15:50,8798
2019-12-24 15:55,8876
2019-12-24 16:00,8910
2019-12-24 16:05,8904
2019-12-24 16:10,8936
2019-12-24 16:15,8993
2019-12-24 16:20,9083
2019-12-24 16:25,9070
2019-12-24 16:30,9144
2019-12-24 16:35,9168
2019-12-24 16:40,9205
2019-12-24 16:45,9218
2019-12-24 16:50,9277
2019-12-24 16:55,9325
2019-12-24 17:00,9406
2019-12-24 17:05,9469
2019-12-24 17:10,9564
2019-12-24 17:15,9646
2019-12-24 17:20,9644
2019-12-24 17:25,9662
2019-12-24 17:30,9682
2019-12-24 17:35,9772
2019-12-24 17:40,9837
2019-12-24 17:45,9867
2019-12-24 17:50,9888
2019-12-24 17:55,9946
2019-12-24 18:00,9986
2019-12-24 18:05,10069
2019-12-24 18:10,10125
2019-12-24 18:15,10145
2019-12-24 18:20,10245
2019-12-24 18:25,10318
2019-12-24 18:30,10349
2019-12-24 18:35,10414
2019-12-24 18:40,10545
2019-12-24 18:45,10570
2019-12-24 18:50,10614
2019-12-24 18:55,10699
2019-12-24 19:00,10725
2019-12-24 19:05,10722
2019-12-24 19:10,10710
2019-12-24 19:15,10788
2019-12-24 19:20,10791
2019-12-24 19:25,10829
2019-12-24 19:30,10870
2019-12-24 19:35,10874
2019-12-24 19:40,10904
2019-12-24 19:45,11005
2019-12-24 19:50,11022
2019-12-24 19:55,11000
2019-12-24 20:00,11057
2019-12-24 20:05,11078
2019-12-24 20:10,11134
2019-12-24 20:15,11169
2019-12-24 20:20,11203
2019-12-24 20:25,11209
2019-12-24 20:30,11221
2019-12-24 20:35,11256
2019-12-24 20:40,11277
2019-12-24 20:45,11303
2019-12-24 20:50,11292
2019-12-24 20:55,11308
2019-12-24 21:00,11304
2019-12-24 21:05,11295
2019-12-24 21:10,11206
2019-12-24 21:15,11182
2019-12-24 21:20,11144
2019-12-24 21:25,11102
2019-12-24 21:30,11118
2019-12-24 21:35,11161
2019-12-24 21:40,11179
2019-12-24 21:45,11234
2019-12-24 21:50,11270
2019-12-24 21:55,11228
2019-12-24 22:00,11210
2019-12-24 22:05,11125
2019-12-24 22:10,11122
2019-12-24 22:15,11135
2019-12-24 22:20,11104
2019-12-24 22:25,11084
2019-12-24 22:30,10986
2019-12-24 22:35,10941
2019-12-24 22:40,10896
2019-12-24 22:45,10805
2019-12-24 22:50,10725
2019-12-24 22:55,10632
2019-12-24 23:00,10570
2019-12-24 23:05,10554
2019-12-24 23:10,10477
2019-12-24 23:15,10399
2019-12-24 23:20,10327
2019-12-24 23:25,10272
2019-12-24 23:30,10198
2019-12-24 23:35,10147
2019-12-24 23:40,10067
2019-12-24 23:45,9968
2019-12-24 23:50,9894
2019-12-24 23:55,9890
2019-12-25 00:00,9840
2019-12-25 00:05,9692
2019-12-25 00:10,9599
2019-12-25 00:15,9522
2019-12-25 00:20,9435
2019-12-25 00:25,9359
2019-12-25 00:30,9269
2019-12-25 00:35,9191
2019-12-25 00:40,9201
2019-12-25 00:45,9138
2019-12-25 00:50,9018
2019-12-25 00:55,8926
2019-12-25 01:00,8864
2019-12-25 01:05,8763
2019-12-25 01:10,8670
2019-12-25 01:15,8605
2019-12-25 01:20,8514
2019-12-25 01:25,8460
2019-12-25 01:30,8379
2019-12-25 01:35,8373
2019-12-25 01:40,8348
2019-12-25 01:45,8300
2019-12-25 01:50,8279
2019-12-25 01:55,8189
2019-12-25 02:00,8091
2019-12-25 02:05,8019
2019-12-25 02:10,7954
2019-12-25 02:15,7969
2019-12-25 02:20,7996
2019-12-25 02:25,7997
2019-12-25 02:30,7960
2019-12-25 02:35,7932
2019-12-25 02:40,7915
2019-12-25 02:45,7917
2019-12-25 02:50,7920
2019-12-25 02:55,7919
2019-12-25 03:00,7911
2019-12-25 03:05,7897
2019-12-25 03:10,7844
2019-12-25 03:15,7814
2019-12-25 03:20,7809
2019-12-25 03:25,7800
2019-12-25 03:30,7873
2019-12-25 03:35,7926
2019-12-25 03:40,7903
2019-12-25 03:45,7912
2019-12-25 03:50,7972
2019-12-25 03:55,8013
2019-12-25 04:00,7980
2019-12-25 04:05,8010
2019-12-25 04:10,8019
2019-12-25 04:15,8005
2019-12-25 04:20,7972
2019-12-25 04:25,7946
2019-12-25 04:30,7924
2019-12-25 04:35,7892
2019-12-25 04:40,7870
2019-12-25 04:45,7842
2019-12-25 04:50,7862
2019-12-25 04:55,7872
2019-12-25 05:00,7576
2019-12-25 05:05,7771
2019-12-25 05:10,7712
2019-12-25 05:15,7643
2019-12-25 05:20,7611
2019-12-25 05:25,7605
2019-12-25 05:30,7542
2019-12-25 05:35,7499
2019-12-25 05:40,7487
2019-12-25 05:45,7458
2019-12-25 05:50,7438
2019-12-25 05:55,7412
2019-12-25 06:00,7341
2019-12-25 06:05,7249
2019-12-25 06:10,7152
2019-12-25 06:15,7066
2019-12-25 06:20,6968
2019-12-25 06:25,6894
2019-12-25 06:30,6823
2019-12-25 06:35,6810
2019-12-25 06:40,6740
2019-12-25 06:45,6663
2019-12-25 06:50,6636
2019-12-25 06:55,6544
2019-12-25 07:00,6486
2019-12-25 07:05,6391
2019-12-25 07:10,6271
2019-12-25 07:15,6218
2019-12-25 07:20,6107
2019-12-25 07:25,6080
2019-12-25 07:30,5984
2019-12-25 07:35,5908
2019-12-25 07:40,5823
2019-12-25 07:45,5693
2019-12-25 07:50,5597
2019-12-25 07:55,5493
2019-12-25 08:00,5450
2019-12-25 08:05,5373
2019-12-25 08:10,5339
2019-12-25 08:15,5238
2019-12-25 08:20,5159
2019-12-25 08:25,5122
2019-12-25 08:30,5086
2019-12-25 08:35,5056
2019-12-25 08:40,5015
2019-12-25 08:45,5004
2019-12-25 08:50,4924
2019-12-25 08:55,4873
2019-12-25 09:00,4840
2019-12-25 09:05,4819
2019-12-25 09:10,4815
2019-12-25 09:15,4784
2019-12-25 09:20,4727
2019-12-25 09:25,4717
2019-12-25 09:30,4749
2019-12-25 09:35,4712
2019-12-25 09:40,4725
2019-12-25 09:45,4755
2019-12-25 09:50,4755
2019-12-25 09:55,4717
2019-12-25 10:00,4682
2019-12-25 10:05,4679
2019-12-25 10:10,4723
2019-12-25 10:15,4784
2019-12-25 10:20,4795
2019-12-25 10:25,4797
2019-12-25 10:30,4814
2019-12-25 10:35,4804
2019-12-25 10:40,4808
2019-12-25 10:45,4824
2019-12-25 10:50,4859
2019-12-25 10:55,4852
2019-12-25 11:00,4855
2019-12-25 11:05,4904
2019-12-25 11:10,4942
2019-12-25 11:15,4955
2019-12-25 11:20,5005
2019-12-25 11:25,5031
2019-12-25 11:30,5063
2019-12-25 11:35,5100
2019-12-25 11:40,5137
2019-12-25 11:45,5159
2019-12-25 11:50,5210
2019-12-25 11:55,5289
2019-12-25 12:00,5332
2019-12-25 12:05,5346
2019-12-25 12:10,5381
2019-12-25 12:15,5471
2019-12-25 12:20,5551
2019-12-25 12:25,5565
2019-12-25 12:30,5630
2019-12-25 12:35,5672
2019-12-25 12:40,5690
2019-12-25 12:45,5717
2019-12-25 12:50,5763
2019-12-25 12:55,5767
2019-12-25 13:00,5862
2019-12-25 13:05,5865
2019-12-25 13:10,5916
2019-12-25 13:15,5969
2019-12-25 13:20,6040
2019-12-25 13:25,6111
2019-12-25 13:30,6133
2019-12-25 13:35,6144
2019-12-25 13:40,6229
2019-12-25 13:45,6280
2019-12-25 13:50,6358
2019-12-25 13:55,6407
2019-12-25 14:00,6477
2019-12-25 14:05,6517
2019-12-25 14:10,6610
2019-12-25 14:15,6657
2019-12-25 14:20,6714
2019-12-25 14:25,6759
2019-12-25 14:30,6776
2019-12-25 14:35,6862
2019-12-25 14:40,6899
2019-12-25 14:45,6942
2019-12-25 14:50,6984
2019-12-25 14:55,7034
2019-12-25 15:00,7122
2019-12-25 15:05,7149
2019-12-25 15:10,7192
2019-12-25 15:15,7292
2019-12-25 15:20,7348
2019-12-25 15:25,7446
2019-12-25 15:30,7539
2019-12-25 15:35,7656
2019-12-25 15:40,
2019-12-25 15:45,7799
2019-12-25 15:50,7876
2019-12-25 15:55,7994
2019-12-25 16:00,8092
2019-12-25 16:05,
2019-12-25 16:10,8247
2019-12-25 16:15,8333
2019-12-25 16:20,8378
2019-12-25 16:25,8430
2019-12-25 16:30,8466
2019-12-25 16:35,8550
2019-12-25 16:40,
2019-12-25 16:45,8736
2019-12-25 16:50,8840
2019-12-25 16:55,8910
2019-12-25 17:00,9009
2019-12-25 17:05,9113
2019-12-25 17:10,9226
2019-12-25 17:15,9305
2019-12-25 17:20,9403
2019-12-25 17:25,9498
2019-12-25 17:30,9580
2019-12-25 17:35,9691
2019-12-25 17:40,9779
2019-12-25 17:45,9864
2019-12-25 17:50,9967
2019-12-25 17:55,10045
2019-12-25 18:00,10189
2019-12-25 18:05,10270
2019-12-25 18:10,10286
2019-12-25 18:15,10439
2019-12-25 18:20,10563
2019-12-25 18:25,10518
2019-12-25 18:30,10737
2019-12-25 18:35,10814
2019-12-25 18:40,10893
2019-12-25 18:45,10979
2019-12-25 18:50,11062
2019-12-25 18:55,11143
2019-12-25 19:00,11246
2019-12-25 19:05,11390
2019-12-25 19:10,11431
2019-12-25 19:15,11426
2019-12-25 19:20,11572
2019-12-25 19:25,11667
2019-12-25 19:30,11718
2019-12-25 19:35,11723
2019-12-25 19:40,11794
2019-12-25 19:45,11904
2019-12-25 19:50,11981
2019-12-25 19:55,12074
2019-12-25 20:00,12114
2019-12-25 20:05,12112
2019-12-25 20:10,12246
2019-12-25 20:15,12328
2019-12-25 20:20,12288
2019-12-25 20:25,12337
2019-12-25 20:30,12415
2019-12-25 20:35,12422
2019-12-25 20:40,12440
2019-12-25 20:45,12465
2019-12-25 20:50,12431
2019-12-25 20:55,12486
2019-12-25 21:00,12483
2019-12-25 21:05,12435
2019-12-25 21:10,12477
2019-12-25 21:15,12510
2019-12-25 21:20,12538
2019-12-25 21:25,12503
2019-12-25 21:30,12471
2019-12-25 21:35,12531
2019-12-25 21:40,12479
2019-12-25 21:45,12489
2019-12-25 21:50,12450
2019-12-25 21:55,12409
2019-12-25 22:00,12348
2019-12-25 22:05,12350
2019-12-25 22:10,12309
2019-12-25 22:15,12312
2019-12-25 22:20,12354
2019-12-25 22:25,12349
2019-12-25 22:30,12295
2019-12-25 22:35,12208
2019-12-25 22:40,12172
2019-12-25 22:45,12126
2019-12-25 22:50,12125
2019-12-25 22:55,12083
2019-12-25 23:00,12072
2019-12-25 23:05,12014
2019-12-25 23:10,11925
2019-12-25 23:15,11859
2019-12-25 23:20,11790
2019-12-25 23:25,11758
2019-12-25 23:30,11768
2019-12-25 23:35,11729
2019-12-25 23:40,11705
2019-12-25 23:45,11671
2019-12-25 23:50,11643
2019-12-25 23:55,11651
2019-12-26 00:00,11623
2019-12-26 00:05,11560
2019-12-26 00:10,11577
2019-12-26 00:15,11510
2019-12-26 00:20,11510
2019-12-26 00:25,11413
2019-12-26 00:30,11387
2019-12-26 00:35,11341
2019-12-26 00:40,11244
2019-12-26 00:45,11157
2019-12-26 00:50,11167
2019-12-26 00:55,11121
2019-12-26 01:00,11093
2019-12-26 01:05,11061
2019-12-26 01:10,10986
2019-12-26 01:15,10988
2019-12-26 01:20,10917
2019-12-26 01:25,10868
2019-12-26 01:30,10826
2019-12-26 01:35,10877
2019-12-26 01:40,10853
2019-12-26 01:45,10869
2019-12-26 01:50,10874
2019-12-26 01:55,10851
2019-12-26 02:00,10898
2019-12-26 02:05,10869
2019-12-26 02:10,10773
2019-12-26 02:15,10744
2019-12-26 02:20,10817
2019-12-26 02:25,10821
2019-12-26 02:30,10792
2019-12-26 02:35,10812
2019-12-26 02:40,10779
2019-12-26 02:45,10724
2019-12-26 02:50,10727
2019-12-26 02:55,10664
2019-12-26 03:00,10645
2019-12-26 03:05,10581
2019-12-26 03:10,10549
2019-12-26 03:15,10570
2019-12-26 03:20,10536
2019-12-26 03:25,10466
2019-12-26 03:30,10418
2019-12-26 03:35,10358
2019-12-26 03:40,10329
2019-12-26 03:45,10290
2019-12-26 03:50,10302
2019-12-26 03:55,10273
2019-12-26 04:00,10210
2019-12-26 04:05,10136
2019-12-26 04:10,10063
2019-12-26 04:15,9981
2019-12-26 04:20,9864
2019-12-26 04:25,9800
2019-12-26 04:30,9732
2019-12-26 04:35,9650
2019-12-26 04:40,9624
2019-12-26 04:45,9507
2019-12-26 04:50,9393
2019-12-26 04:55,9295
2019-12-26 05:00,9189
2019-12-26 05:05,9130
2019-12-26 05:10,8930
2019-12-26 05:15,8847
2019-12-26 05:20,8755
2019-12-26 05:25,8673
2019-12-26 05:30,8579
2019-12-26 05:35,8492
2019-12-26 05:40,8426
2019-12-26 05:45,8282
2019-12-26 05:50,8191
2019-12-26 05:55,8034
2019-12-26 06:00,7902
2019-12-26 06:05,7796
2019-12-26 06:10,7641
2019-12-26 06:15,7537
2019-12-26 06:20,7394
2019-12-26 06:25,7242
2019-12-26 06:30,7114
2019-12-26 06:35,7049
2019-12-26 06:40,6968
2019-12-26 06:45,6864
2019-12-26 06:50,6711
2019-12-26 06:55,6624
2019-12-26 07:00,6528
2019-12-26 07:05,6419
2019-12-26 07:10,6260
2019-12-26 07:15,6147
2019-12-26 07:20,6048
2019-12-26 07:25,6001
2019-12-26 07:30,5909
2019-12-26 07:35,5841
2019-12-26 07:40,5794
2019-12-26 07:45,5675
2019-12-26 07:50,5582
2019-12-26 07:55,5528
2019-12-26 08:00,5434
2019-12-26 08:05,5328
2019-12-26 08:10,5237
2019-12-26 08:15,5158
2019-12-26 08:20,5102
2019-12-26 08:25,5037
2019-12-26 08:30,4989
2019-12-26 08:35,4939
2019-12-26 08:40,4889
2019-12-26 08:45,4837
2019-12-26 08:50,4840
2019-12-26 08:55,4817
2019-12-26 09:00,4783
2019-12-26 09:05,4710
2019-12-26 09:10,4667
2019-12-26 09:15,4622
2019-12-26 09:20,4612
2019-12-26 09:25,4602
2019-12-26 09:30,4585
2019-12-26 09:35,4589
2019-12-26 09:40,4596
2019-12-26 09:45,4603
2019-12-26 09:50,4602
2019-12-26 09:55,4609
2019-12-26 10:00,4602
2019-12-26 10:05,4574
2019-12-26 10:10,4586
2019-12-26 10:15,4583
2019-12-26 10:20,4631
2019-12-26 10:25,4677
2019-12-26 10:30,4722
2019-12-26 10:35,4777
2019-12-26 10:40,4830
2019-12-26 10:45,4855
2019-12-26 10:50,4902
2019-12-26 10:55,4948
2019-12-26 11:00,5011
2019-12-26 11:05,5067
2019-12-26 11:10,5132
2019-12-26 11:15,5159
2019-12-26 11:20,5249
2019-12-26 11:25,5290
2019-12-26 11:30,5335
2019-12-26 11:35,5370
2019-12-26 11:40,5393
2019-12-26 11:45,5481
2019-12-26 11:50,5502
2019-12-26 11:55,5581
2019-12-26 12:00,5642
2019-12-26 12:05,5653
2019-12-26 12:10,5722
2019-12-26 12:15,5773
2019-12-26 12:20,5816
2019-12-26 12:25,5871
2019-12-26 12:30,5989
2019-12-26 12:35,6033
2019-12-26 12:40,6059
2019-12-26 12:45,6117
2019-12-26 12:50,6198
2019-12-26 12:55,6249
2019-12-26 13:00,6312
2019-12-26 13:05,6389
2019-12-26 13:10,6403
2019-12-26 13:15,6458
2019-12-26 13:20,6542
2019-12-26 13:25,6631
2019-12-26 13:30,6698
2019-12-26 13:35,6742
2019-12-26 13:40,6836
2019-12-26 13:45,6872
2019-12-26 13:50,6938
2019-12-26 13:55,7019
2019-12-26 14:00,7105
2019-12-26 14:05,7222
2019-12-26 14:10,7295
2019-12-26 14:15,7347
2019-12-26 14:20,7439
2019-12-26 14:25,7554
2019-12-26 14:30,7654
2019-12-26 14:35,7736
2019-12-26 14:40,7793
2019-12-26 14:45,7891
2019-12-26 14:50,8004
2019-12-26 14:55,8059
2019-12-26 15:00,8133
2019-12-26 15:05,8196
2019-12-26 15:10,8262
2019-12-26 15:15,8320
2019-12-26 15:20,8396
2019-12-26 15:25,8517
2019-12-26 15:30,8565
2019-12-26 15:35,8654
2019-12-26 15:40,8702
2019-12-26 15:45,8815
2019-12-26 15:50,8843
2019-12-26 15:55,8974
2019-12-26 16:00,9040
2019-12-26 16:05,9072
2019-12-26 16:10,9206
2019-12-26 16:15,9291
2019-12-26 16:20,9279
2019-12-26 16:25,9366
2019-12-26 16:30,9433
2019-12-26 16:35,9539
2019-12-26 16:40,9581
2019-12-26 16:45,9625
2019-12-26 16:50,9698
2019-12-26 16:55,9798
2019-12-26 17:00,9900
2019-12-26 17:05,9925
2019-12-26 17:10,9982
2019-12-26 17:15,10060
2019-12-26 17:20,10129
2019-12-26 17:25,10270
2019-12-26 17:30,10344
2019-12-26 17:35,10443
2019-12-26 17:40,10533
2019-12-26 17:45,10637
2019-12-26 17:50,10734
2019-12-26 17:55,10841
2019-12-26 18:00,10911
2019-12-26 18:05,11045
2019-12-26 18:10,11139
2019-12-26 18:15,11130
2019-12-26 18:20,11220
2019-12-26 18:25,11282
2019-12-26 18:30,11297
2019-12-26 18:35,11367
2019-12-26 18:40,11462
2019-12-26 18:45,11498
2019-12-26 18:50,11612
2019-12-26 18:55,11637
2019-12-26 19:00,11719
2019-12-26 19:05,11799
2019-12-26 19:10,11876
2019-12-26 19:15,11937
2019-12-26 19:20,11984
2019-12-26 19:25,12118
2019-12-26 19:30,12185
2019-12-26 19:35,12255
2019-12-26 19:40,12335
2019-12-26 19:45,12457
2019-12-26 19:50,12553
2019-12-26 19:55,12661
2019-12-26 20:00,12728
2019-12-26 20:05,12828
2019-12-26 20:10,12911
2019-12-26 20:15,12884
2019-12-26 20:20,12957
2019-12-26 20:25,13042
2019-12-26 20:30,13099
2019-12-26 20:35,13098
2019-12-26 20:40,13168
2019-12-26 20:45,13173
2019-12-26 20:50,13187
2019-12-26 20:55,13285
2019-12-26 21:00,13332
2019-12-26 21:05,13288
2019-12-26 21:10,13285
2019-12-26 21:15,13260
2019-12-26 21:20,13288
2019-12-26 21:25,13268
2019-12-26 21:30,13262
2019-12-26 21:35,13252
2019-12-26 21:40,13246
2019-12-26 21:45,13310
2019-12-26 21:50,13352
2019-12-26 21:55,13369
2019-12-26 22:00,13393
2019-12-26 22:05,13347
2019-12-26 22:10,13292
2019-12-26 22:15,13254
2019-12-26 22:20,13356
2019-12-26 22:25,13394
2019-12-26 22:30,13285
2019-12-26 22:35,13280
2019-12-26 22:40,13248
2019-12-26 22:45,13164
2019-12-26 22:50,13083
2019-12-26 22:55,12986
2019-12-26 23:00,12969
2019-12-26 23:05,12894
2019-12-26 23:10,12851
2019-12-26 23:15,12778
2019-12-26 23:20,12732
2019-12-26 23:25,12634
2019-12-26 23:30,12604
2019-12-26 23:35,12563
2019-12-26 23:40,12475
2019-12-26 23:45,12397
2019-12-26 23:50,12332
2019-12-26 23:55,12253
2019-12-27 00:00,12203
2019-12-27 00:05,12163
2019-12-27 00:10,12141
2019-12-27 00:15,12066
2019-12-27 00:20,11995
2019-12-27 00:25,11972
2019-12-27 00:30,11922
2019-12-27 00:35,11845
2019-12-27 00:40,11887
2019-12-27 00:45,11820
2019-12-27 00:50,11795
2019-12-27 00:55,11814
2019-12-27 01:00,11761
2019-12-27 01:05,11733
2019-12-27 01:10,11688
2019-12-27 01:15,11695
2019-12-27 01:20,11678
2019-12-27 01:25,11694
2019-12-27 01:30,11711
2019-12-27 01:35,11649
2019-12-27 01:40,11737
2019-12-27 01:45,11710
2019-12-27 01:50,11682
2019-12-27 01:55,11625
2019-12-27 02:00,11635
2019-12-27 02:05,11598
2019-12-27 02:10,11659
2019-12-27 02:15,11631
2019-12-27 02:20,11632
2019-12-27 02:25,11596
2019-12-27 02:30,11544
2019-12-27 02:35,11526
2019-12-27 02:40,11467
2019-12-27 02:45,11457
2019-12-27 02:50,11464
2019-12-27 02:55,11456
2019-12-27 03:00,11386
2019-12-27 03:05,11345
2019-12-27 03:10,11256
2019-12-27 03:15,11210
2019-12-27 03:20,11158
2019-12-27 03:25,11071
2019-12-27 03:30,11064
2019-12-27 03:35,11027
2019-12-27 03:40,10990
2019-12-27 03:45,10903
2019-12-27 03:50,10865
2019-12-27 03:55,10738
2019-12-27 04:00,10596
2019-12-27 04:05,10531
2019-12-27 04:10,10488
2019-12-27 04:15,10361
2019-12-27 04:20,10300
2019-12-27 04:25,10191
2019-12-27 04:30,10105
2019-12-27 04:35,9992
2019-12-27 04:40,9920
2019-12-27 04:45,9867
2019-12-27 04:50,9834
2019-12-27 04:55,9713
2019-12-27 05:00,9615
2019-12-27 05:05,9501
2019-12-27 05:10,9389
2019-12-27 05:15,9307
2019-12-27 05:20,9214
2019-12-27 05:25,9073
2019-12-27 05:30,9019
2019-12-27 05:35,8982
2019-12-27 05:40,8935
2019-12-27 05:45,8856
2019-12-27 05:50,8723
2019-12-27 05:55,8549
2019-12-27 06:00,8465
2019-12-27 06:05,8292
2019-12-27 06:10,8169
2019-12-27 06:15,8052
2019-12-27 06:20,7962
2019-12-27 06:25,7807
2019-12-27 06:30,7670
2019-12-27 06:35,7592
2019-12-27 06:40,7477
2019-12-27 06:45,7369
2019-12-27 06:50,7288
2019-12-27 06:55,7153
2019-12-27 07:00,7038
2019-12-27 07:05,6911
2019-12-27 07:10,6784
2019-12-27 07:15,6626
2019-12-27 07:20,6509
2019-12-27 07:25,6371
2019-12-27 07:30,6250
2019-12-27 07:35,6159
2019-12-27 07:40,6093
2019-12-27 07:45,6000
2019-12-27 07:50,5935
2019-12-27 07:55,5823
2019-12-27 08:00,5733
2019-12-27 08:05,5622
2019-12-27 08:10,5563
2019-12-27 08:15,5448
2019-12-27 08:20,5343
2019-12-27 08:25,5278
2019-12-27 08:30,5224
2019-12-27 08:35,5207
2019-12-27 08:40,5149
2019-12-27 08:45,5073
2019-12-27 08:50,5007
2019-12-27 08:55,4936
2019-12-27 09:00,4926
2019-12-27 09:05,4843
2019-12-27 09:10,4777
2019-12-27 09:15,4726
2019-12-27 09:20,4704
2019-12-27 09:25,4680
2019-12-27 09:30,4686
2019-12-27 09:35,4650
2019-12-27 09:40,4682
2019-12-27 09:45,4689
2019-12-27 09:50,4698
2019-12-27 09:55,4681
2019-12-27 10:00,4724
2019-12-27 10:05,4739
2019-12-27 10:10,4756
2019-12-27 10:15,4785
2019-12-27 10:20,4820
2019-12-27 10:25,4849
2019-12-27 10:30,4902
2019-12-27 10:35,4937
2019-12-27 10:40,4952
2019-12-27 10:45,5015
2019-12-27 10:50,4979
2019-12-27 10:55,5027
2019-12-27 11:00,5069
2019-12-27 11:05,5103
2019-12-27 11:10,5125
2019-12-27 11:15,5146
2019-12-27 11:20,5176
2019-12-27 11:25,5230
2019-12-27 11:30,5290
2019-12-27 11:35,5350
2019-12-27 11:40,5433
2019-12-27 11:45,5502
2019-12-27 11:50,5554
2019-12-27 11:55,5601
2019-12-27 12:00,5683
2019-12-27 12:05,5738
2019-12-27 12:10,5790
2019-12-27 12:15,5819
2019-12-27 12:20,5894
2019-12-27 12:25,5981
2019-12-27 12:30,6037
2019-12-27 12:35,6138
2019-12-27 12:40,6190
2019-12-27 12:45,6273
2019-12-27 12:50,6346
2019-12-27 12:55,6394
2019-12-27 13:00,6423
2019-12-27 13:05,6513
2019-12-27 13:10,6558
2019-12-27 13:15,6606
2019-12-27 13:20,6643
2019-12-27 13:25,6744
2019-12-27 13:30,6815
2019-12-27 13:35,6922
2019-12-27 13:40,
2019-12-27 13:45,
2019-12-27 13:50,
2019-12-27 13:55,
2019-12-27 14:00,
2019-12-27 14:05,
2019-12-27 14:10,
2019-12-27 14:15,
2019-12-27 14:20,
2019-12-27 14:25,
2019-12-27 14:30,
2019-12-27 14:35,
2019-12-27 14:40,
2019-12-27 14:45,
2019-12-27 14:50,
2019-12-27 14:55,
2019-12-27 15:00,
2019-12-27 15:05,
2019-12-27 15:10,8526
2019-12-27 15:15,
2019-12-27 15:20,
2019-12-27 15:25,
2019-12-27 15:30,
2019-12-27 15:35,
2019-12-27 15:40,9016
2019-12-27 15:45,9066
2019-12-27 15:50,9134
2019-12-27 15:55,9220
2019-12-27 16:00,9311
2019-12-27 16:05,9375
2019-12-27 16:10,9457
2019-12-27 16:15,9519
2019-12-27 16:20,9601
2019-12-27 16:25,9727
2019-12-27 16:30,9807
2019-12-27 16:35,9880
2019-12-27 16:40,9980
2019-12-27 16:45,10020
2019-12-27 16:50,10093
2019-12-27 16:55,10249
2019-12-27 17:00,10331
2019-12-27 17:05,10436
2019-12-27 17:10,10530
2019-12-27 17:15,10605
2019-12-27 17:20,10676
2019-12-27 17:25,10722
2019-12-27 17:30,10818
2019-12-27 17:35,10910
2019-12-27 17:40,11006
2019-12-27 17:45,11121
2019-12-27 17:50,11194
2019-12-27 17:55,11286
2019-12-27 18:00,11380
2019-12-27 18:05,11425
2019-12-27 18:10,11524
2019-12-27 18:15,11618
2019-12-27 18:20,11681
2019-12-27 18:25,11803
2019-12-27 18:30,11781
2019-12-27 18:35,11896
2019-12-27 18:40,11938
2019-12-27 18:45,12017
2019-12-27 18:50,12103
2019-12-27 18:55,12219
2019-12-27 19:00,12283
2019-12-27 19:05,12328
2019-12-27 19:10,12374
2019-12-27 19:15,12459
2019-12-27 19:20,12524
2019-12-27 19:25,12571
2019-12-27 19:30,12626
2019-12-27 19:35,12682
2019-12-27 19:40,12675
2019-12-27 19:45,12735
2019-12-27 19:50,12751
2019-12-27 19:55,12913
2019-12-27 20:00,12904
2019-12-27 20:05,12970
2019-12-27 20:10,12989
2019-12-27 20:15,12984
2019-12-27 20:20,12994
2019-12-27 20:25,13018
2019-12-27 20:30,13040
2019-12-27 20:35,13036
2019-12-27 20:40,13064
2019-12-27 20:45,13126
2019-12-27 20:50,13241
2019-12-27 20:55,13316
2019-12-27 21:00,13310
2019-12-27 21:05,13379
2019-12-27 21:10,13368
2019-12-27 21:15,13431
2019-12-27 21:20,13444
2019-12-27 21:25,13461
2019-12-27 21:30,13456
2019-12-27 21:35,13494
2019-12-27 21:40,13477
2019-12-27 21:45,13469
2019-12-27 21:50,13475
2019-12-27 21:55,13469
2019-12-27 22:00,13407
2019-12-27 22:05,13417
2019-12-27 22:10,13436
2019-12-27 22:15,13431
2019-12-27 22:20,13433
2019-12-27 22:25,13382
2019-12-27 22:30,13334
2019-12-27 22:35,13367
2019-12-27 22:40,13264
2019-12-27 22:45,13186
2019-12-27 22:50,13142
2019-12-27 22:55,13076
2019-12-27 23:00,13061
2019-12-27 23:05,12988
2019-12-27 23:10,12934
2019-12-27 23:15,12882
2019-12-27 23:20,12861
2019-12-27 23:25,12843
2019-12-27 23:30,12759
2019-12-27 23:35,12633
2019-12-27 23:40,12535
2019-12-27 23:45,12497
2019-12-27 23:50,12484
2019-12-27 23:55,12496
2019-12-28 00:00,12391
2019-12-28 00:05,12305
2019-12-28 00:10,12266
2019-12-28 00:15,12213
2019-12-28 00:20,12117
2019-12-28 00:25,12064
2019-12-28 00:30,12055
2019-12-28 00:35,12012
2019-12-28 00:40,11998
2019-12-28 00:45,11955
2019-12-28 00:50,11877
2019-12-28 00:55,11768
2019-12-28 01:00,11763
2019-12-28 01:05,11724
2019-12-28 01:10,11686
2019-12-28 01:15,11706
2019-12-28 01:20,11718
2019-12-28 01:25,11763
2019-12-28 01:30,11707
2019-12-28 01:35,11660
2019-12-28 01:40,11660
2019-12-28 01:45,11662
2019-12-28 01:50,11656
2019-12-28 01:55,11601
2019-12-28 02:00,11576
2019-12-28 02:05,11538
2019-12-28 02:10,11475
2019-12-28 02:15,11361
2019-12-28 02:20,11382
2019-12-28 02:25,11396
2019-12-28 02:30,11431
2019-12-28 02:35,11346
2019-12-28 02:40,11382
2019-12-28 02:45,11358
2019-12-28 02:50,11403
2019-12-28 02:55,11331
2019-12-28 03:00,11314
2019-12-28 03:05,11350
2019-12-28 03:10,11296
2019-12-28 03:15,11254
2019-12-28 03:20,11127
2019-12-28 03:25,11069
2019-12-28 03:30,11100
2019-12-28 03:35,11108
2019-12-28 03:40,11089
2019-12-28 03:45,11038
2019-12-28 03:50,10983
2019-12-28 03:55,10882
2019-12-28 04:00,10820
2019-12-28 04:05,10773
2019-12-28 04:10,10801
2019-12-28 04:15,10767
2019-12-28 04:20,10742
2019-12-28 04:25,10694
2019-12-28 04:30,10647
2019-12-28 04:35,10541
2019-12-28 04:40,10481
2019-12-28 04:45,10419
2019-12-28 04:50,10341
2019-12-28 04:55,10268
2019-12-28 05:00,10189
2019-12-28 05:05,10149
2019-12-28 05:10,10056
2019-12-28 05:15,10008
2019-12-28 05:20,9959
2019-12-28 05:25,9937
2019-12-28 05:30,9848
2019-12-28 05:35,9763
2019-12-28 05:40,9658
2019-12-28 05:45,9544
2019-12-28 05:50,9439
2019-12-28 05:55,9283
2019-12-28 06:00,9104
2019-12-28 06:05,8982
2019-12-28 06:10,8800
2019-12-28 06:15,8614
2019-12-28 06:20,8537
2019-12-28 06:25,8433
2019-12-28 06:30,8272
2019-12-28 06:35,8178
2019-12-28 06:40,8097
2019-12-28 06:45,7986
2019-12-28 06:50,7814
2019-12-28 06:55,7635
2019-12-28 07:00,7529
2019-12-28 07:05,7362
2019-12-28 07:10,7262
2019-12-28 07:15,7143
2019-12-28 07:20,7019
2019-12-28 07:25,6901
2019-12-28 07:30,6850
2019-12-28 07:35,6742
2019-12-28 07:40,6658
2019-12-28 07:45,6505
2019-12-28 07:50,6431
2019-12-28 07:55,6397
2019-12-28 08:00,6289
2019-12-28 08:05,6166
2019-12-28 08:10,6081
2019-12-28 08:15,5985
2019-12-28 08:20,5888
2019-12-28 08:25,5749
2019-12-28 08:30,5640
2019-12-28 08:35,5599
2019-12-28 08:40,5515
2019-12-28 08:45,5485
2019-12-28 08:50,5444
2019-12-28 08:55,5418
2019-12-28 09:00,5360
2019-12-28 09:05,5346
2019-12-28 09:10,5282
2019-12-28 09:15,5232
2019-12-28 09:20,5176
2019-12-28 09:25,5153
2019-12-28 09:30,5144
2019-12-28 09:35,5094
2019-12-28 09:40,5121
2019-12-28 09:45,5109
2019-12-28 09:50,5173
2019-12-28 09:55,5124
2019-12-28 10:00,5123
2019-12-28 10:05,5135
2019-12-28 10:10,5134
2019-12-28 10:15,5153
2019-12-28 10:20,5200
2019-12-28 10:25,5261
2019-12-28 10:30,5241
2019-12-28 10:35,5273
2019-12-28 10:40,5327
2019-12-28 10:45,5398
2019-12-28 10:50,5465
2019-12-28 10:55,5500
2019-12-28 11:00,5525
2019-12-28 11:05,5573
2019-12-28 11:10,5616
2019-12-28 11:15,5637
2019-12-28 11:20,5662
2019-12-28 11:25,5720
2019-12-28 11:30,5761
2019-12-28 11:35,5832
2019-12-28 11:40,5875
2019-12-28 11:45,5875
2019-12-28 11:50,5963
2019-12-28 11:55,6004
2019-12-28 12:00,6029
2019-12-28 12:05,6098
2019-12-28 12:10,6164
2019-12-28 12:15,6219
2019-12-28 12:20,6257
2019-12-28 12:25,6341
2019-12-28 12:30,6393
2019-12-28 12:35,6481
2019-12-28 12:40,6533
2019-12-28 12:45,6614
2019-12-28 12:50,6642
2019-12-28 12:55,6684
2019-12-28 13:00,6771
2019-12-28 13:05,6833
2019-12-28 13:10,6877
2019-12-28 13:15,6948
2019-12-28 13:20,6983
2019-12-28 13:25,7026
2019-12-28 13:30,7115
2019-12-28 13:35,7210
2019-12-28 13:40,7258
2019-12-28 13:45,7341
2019-12-28 13:50,7434
2019-12-28 13:55,7539
2019-12-28 14:00,7587
2019-12-28 14:05,7629
2019-12-28 14:10,7726
2019-12-28 14:15,7815
2019-12-28 14:20,7902
2019-12-28 14:25,8000
2019-12-28 14:30,8093
2019-12-28 14:35,8146
2019-12-28 14:40,8229
2019-12-28 14:45,8285
2019-12-28 14:50,8348
2019-12-28 14:55,8436
2019-12-28 15:00,8467
2019-12-28 15:05,8565
2019-12-28 15:10,8702
2019-12-28 15:15,8799
2019-12-28 15:20,8856
2019-12-28 15:25,8872
2019-12-28 15:30,9062
2019-12-28 15:35,9203
2019-12-28 15:40,9281
2019-12-28 15:45,9402
2019-12-28 15:50,9474
2019-12-28 15:55,9555
2019-12-28 16:00,9563
2019-12-28 16:05,9667
2019-12-28 16:10,9759
2019-12-28 16:15,9755
2019-12-28 16:20,9864
2019-12-28 16:25,9979
2019-12-28 16:30,10045
2019-12-28 16:35,10063
2019-12-28 16:40,10105
2019-12-28 16:45,10181
2019-12-28 16:50,10234
2019-12-28 16:55,10306
2019-12-28 17:00,10417
2019-12-28 17:05,10493
2019-12-28 17:10,10554
2019-12-28 17:15,10676
2019-12-28 17:20,10739
2019-12-28 17:25,10796
2019-12-28 17:30,10858
2019-12-28 17:35,10970
2019-12-28 17:40,11060
2019-12-28 17:45,11106
2019-12-28 17:50,11159
2019-12-28 17:55,11227
2019-12-28 18:00,11291
2019-12-28 18:05,11297
2019-12-28 18:10,11403
2019-12-28 18:15,11559
2019-12-28 18:20,11639
2019-12-28 18:25,11705
2019-12-28 18:30,11781
2019-12-28 18:35,11883
2019-12-28 18:40,11921
2019-12-28 18:45,12029
2019-12-28 18:50,12026
2019-12-28 18:55,12010
2019-12-28 19:00,12045
2019-12-28 19:05,12071
2019-12-28 19:10,12183
2019-12-28 19:15,12228
2019-12-28 19:20,12327
2019-12-28 19:25,12439
2019-12-28 19:30,12474
2019-12-28 19:35,12611
2019-12-28 19:40,12748
2019-12-28 19:45,12879
2019-12-28 19:50,12942
2019-12-28 19:55,13022
2019-12-28 20:00,13070
2019-12-28 20:05,13100
2019-12-28 20:10,13198
2019-12-28 20:15,13275
2019-12-28 20:20,13402
2019-12-28 20:25,13402
2019-12-28 20:30,13427
2019-12-28 20:35,13517
2019-12-28 20:40,13391
2019-12-28 20:45,13423
2019-12-28 20:50,13458
2019-12-28 20:55,13542
2019-12-28 21:00,13622
2019-12-28 21:05,13573
2019-12-28 21:10,13532
2019-12-28 21:15,13521
2019-12-28 21:20,13597
2019-12-28 21:25,13653
2019-12-28 21:30,13715
2019-12-28 21:35,13802
2019-12-28 21:40,13763
2019-12-28 21:45,13795
2019-12-28 21:50,13726
2019-12-28 21:55,13781
2019-12-28 22:00,13792
2019-12-28 22:05,13730
2019-12-28 22:10,13673
2019-12-28 22:15,13652
2019-12-28 22:20,13632
2019-12-28 22:25,13621
2019-12-28 22:30,13664
2019-12-28 22:35,13694
2019-12-28 22:40,13637
2019-12-28 22:45,13608
2019-12-28 22:50,13538
2019-12-28 22:55,13496
2019-12-28 23:00,13399
2019-12-28 23:05,13316
2019-12-28 23:10,13259
2019-12-28 23:15,13210
2019-12-28 23:20,13131
2019-12-28 23:25,13037
2019-12-28 23:30,12938
2019-12-28 23:35,12898
2019-12-28 23:40,12915
2019-12-28 23:45,12801
2019-12-28 23:50,12627
2019-12-28 23:55,12501
2019-12-29 00:00,12402
2019-12-29 00:05,12346
2019-12-29 00:10,12301
2019-12-29 00:15,12159
2019-12-29 00:20,12004
2019-12-29 00:25,11921
2019-12-29 00:30,11841
2019-12-29 00:35,11776
2019-12-29 00:40,11782
2019-12-29 00:45,11680
2019-12-29 00:50,11645
2019-12-29 00:55,11596
2019-12-29 01:00,11546
2019-12-29 01:05,11439
2019-12-29 01:10,11376
2019-12-29 01:15,11325
2019-12-29 01:20,11230
2019-12-29 01:25,11221
2019-12-29 01:30,11210
2019-12-29 01:35,11212
2019-12-29 01:40,11210
2019-12-29 01:45,11124
2019-12-29 01:50,11103
2019-12-29 01:55,11090
2019-12-29 02:00,11107
2019-12-29 02:05,11135
2019-12-29 02:10,11159
2019-12-29 02:15,11095
2019-12-29 02:20,11081
2019-12-29 02:25,11006
2019-12-29 02:30,10966
2019-12-29 02:35,11009
2019-12-29 02:40,10976
2019-12-29 02:45,10980
2019-12-29 02:50,10976
2019-12-29 02:55,11032
2019-12-29 03:00,11033
2019-12-29 03:05,11074
2019-12-29 03:10,11045
2019-12-29 03:15,11012
2019-12-29 03:20,10994
2019-12-29 03:25,10985
2019-12-29 03:30,10904
2019-12-29 03:35,10865
2019-12-29 03:40,10872
2019-12-29 03:45,10850
2019-12-29 03:50,10764
2019-12-29 03:55,10717
2019-12-29 04:00,10633
2019-12-29 04:05,10574
2019-12-29 04:10,10491
2019-12-29 04:15,10447
2019-12-29 04:20,10358
2019-12-29 04:25,10336
2019-12-29 04:30,10309
2019-12-29 04:35,10261
2019-12-29 04:40,10203
2019-12-29 04:45,10199
2019-12-29 04:50,10166
2019-12-29 04:55,10102
2019-12-29 05:00,10018
2019-12-29 05:05,9959
2019-12-29 05:10,9873
2019-12-29 05:15,9755
2019-12-29 05:20,9739
2019-12-29 05:25,9668
2019-12-29 05:30,9631
2019-12-29 05:35,9569
2019-12-29 05:40,9463
2019-12-29 05:45,9401
2019-12-29 05:50,9351
2019-12-29 05:55,9278
2019-12-29 06:00,9206
2019-12-29 06:05,9114
2019-12-29 06:10,8992
2019-12-29 06:15,8895
2019-12-29 06:20,8862
2019-12-29 06:25,8751
2019-12-29 06:30,8652
2019-12-29 06:35,8502
2019-12-29 06:40,8422
2019-12-29 06:45,8290
2019-12-29 06:50,8139
2019-12-29 06:55,8067
2019-12-29 07:00,7903
2019-12-29 07:05,7785
2019-12-29 07:10,7698
2019-12-29 07:15,7590
2019-12-29 07:20,7475
2019-12-29 07:25,7404
2019-12-29 07:30,7303
2019-12-29 07:35,7133
2019-12-29 07:40,7035
2019-12-29 07:45,6923
2019-12-29 07:50,6781
2019-12-29 07:55,6738
2019-12-29 08:00,6587
2019-12-29 08:05,6446
2019-12-29 08:10,6344
2019-12-29 08:15,6227
2019-12-29 08:20,6067
2019-12-29 08:25,5906
2019-12-29 08:30,5848
2019-12-29 08:35,5766
2019-12-29 08:40,5670
2019-12-29 08:45,5588
2019-12-29 08:50,5529
2019-12-29 08:55,5450
2019-12-29 09:00,5399
2019-12-29 09:05,5368
2019-12-29 09:10,5323
2019-12-29 09:15,5338
2019-12-29 09:20,5307
2019-12-29 09:25,5311
2019-12-29 09:30,5199
2019-12-29 09:35,5235
2019-12-29 09:40,5243
2019-12-29 09:45,5210
2019-12-29 09:50,5233
2019-12-29 09:55,5248
2019-12-29 10:00,5249
2019-12-29 10:05,5318
2019-12-29 10:10,5324
2019-12-29 10:15,5362
2019-12-29 10:20,5404
2019-12-29 10:25,5361
2019-12-29 10:30,5436
2019-12-29 10:35,5483
2019-12-29 10:40,5495
2019-12-29 10:45,5545
2019-12-29 10:50,5554
2019-12-29 10:55,5653
2019-12-29 11:00,5706
2019-12-29 11:05,5726
2019-12-29 11:10,5703
2019-12-29 11:15,5737
2019-12-29 11:20,5779
2019-12-29 11:25,5857
2019-12-29 11:30,5932
2019-12-29 11:35,5932
2019-12-29 11:40,6035
2019-12-29 11:45,6132
2019-12-29 11:50,6233
2019-12-29 11:55,6285
2019-12-29 12:00,6339
2019-12-29 12:05,6380
2019-12-29 12:10,6462
2019-12-29 12:15,6504
2019-12-29 12:20,6582
2019-12-29 12:25,6622
2019-12-29 12:30,6673
2019-12-29 12:35,6770
2019-12-29 12:40,6836
2019-12-29 12:45,6893
2019-12-29 12:50,6939
2019-12-29 12:55,6973
2019-12-29 13:00,7070
2019-12-29 13:05,7170
2019-12-29 13:10,7233
2019-12-29 13:15,7309
2019-12-29 13:20,7376
2019-12-29 13:25,7487
2019-12-29 13:30,7560
2019-12-29 13:35,7626
2019-12-29 13:40,7683
2019-12-29 13:45,7722
2019-12-29 13:50,7781
2019-12-29 13:55,7921
2019-12-29 14:00,8019
2019-12-29 14:05,8121
2019-12-29 14:10,8197
2019-12-29 14:15,8319
2019-12-29 14:20,8419
2019-12-29 14:25,8516
2019-12-29 14:30,8580
2019-12-29 14:35,8665
2019-12-29 14:40,8796
2019-12-29 14:45,8863
2019-12-29 14:50,8977
2019-12-29 14:55,9028
2019-12-29 15:00,9085
2019-12-29 15:05,9091
2019-12-29 15:10,9151
2019-12-29 15:15,9268
2019-12-29 15:20,9340
2019-12-29 15:25,9410
2019-12-29 15:30,9487
2019-12-29 15:35,9553
2019-12-29 15:40,9698
2019-12-29 15:45,9831
2019-12-29 15:50,9908
2019-12-29 15:55,9961
2019-12-29 16:00,10044
2019-12-29 16:05,10102
2019-12-29 16:10,10226
2019-12-29 16:15,10392
2019-12-29 16:20,10494
2019-12-29 16:25,10531
2019-12-29 16:30,10593
2019-12-29 16:35,10646
2019-12-29 16:40,10774
2019-12-29 16:45,10876
2019-12-29 16:50,10973
2019-12-29 16:55,10979
2019-12-29 17:00,11042
2019-12-29 17:05,11182
2019-12-29 17:10,11282
2019-12-29 17:15,11434
2019-12-29 17:20,11504
2019-12-29 17:25,11593
2019-12-29 17:30,11636
2019-12-29 17:35,11676
2019-12-29 17:40,11735
2019-12-29 17:45,11841
2019-12-29 17:50,11953
2019-12-29 17:55,11989
2019-12-29 18:00,12027
2019-12-29 18:05,12100
2019-12-29 18:10,12152
2019-12-29 18:15,12297
2019-12-29 18:20,12402
2019-12-29 18:25,12442
2019-12-29 18:30,12572
2019-12-29 18:35,12678
2019-12-29 18:40,12746
2019-12-29 18:45,12782
2019-12-29 18:50,12935
2019-12-29 18:55,13024
2019-12-29 19:00,13147
2019-12-29 19:05,13288
2019-12-29 19:10,13350
2019-12-29 19:15,13446
2019-12-29 19:20,13538
2019-12-29 19:25,13619
2019-12-29 19:30,13744
2019-12-29 19:35,13738
2019-12-29 19:40,13785
2019-12-29 19:45,13885
2019-12-29 19:50,13979
2019-12-29 19:55,14040
2019-12-29 20:00,14082
2019-12-29 20:05,14096
2019-12-29 20:10,14163
2019-12-29 20:15,14231
2019-12-29 20:20,14280
2019-12-29 20:25,14331
2019-12-29 20:30,14387
2019-12-29 20:35,14387
2019-12-29 20:40,14507
2019-12-29 20:45,14538
2019-12-29 20:50,14533
2019-12-29 20:55,14569
2019-12-29 21:00,14565
2019-12-29 21:05,14663
2019-12-29 21:10,14652
2019-12-29 21:15,14644
2019-12-29 21:20,14688
2019-12-29 21:25,14711
2019-12-29 21:30,14726
2019-12-29 21:35,14674
2019-12-29 21:40,14671
2019-12-29 21:45,14684
2019-12-29 21:50,14687
2019-12-29 21:55,14718
2019-12-29 22:00,14673
2019-12-29 22:05,14688
2019-12-29 22:10,14659
2019-12-29 22:15,14639
2019-12-29 22:20,14639
2019-12-29 22:25,14549
2019-12-29 22:30,14471
2019-12-29 22:35,14442
2019-12-29 22:40,14471
2019-12-29 22:45,14462
2019-12-29 22:50,14348
2019-12-29 22:55,14262
2019-12-29 23:00,14172
2019-12-29 23:05,14084
2019-12-29 23:10,13965
2019-12-29 23:15,13811
2019-12-29 23:20,13716
2019-12-29 23:25,13662
2019-12-29 23:30,13568
2019-12-29 23:35,13466
2019-12-29 23:40,13381
2019-12-29 23:45,13273
2019-12-29 23:50,13195
2019-12-29 23:55,13156
2019-12-30 00:00,13050
2019-12-30 00:05,12925
2019-12-30 00:10,12838
2019-12-30 00:15,12783
2019-12-30 00:20,12712
2019-12-30 00:25,12676
2019-12-30 00:30,12614
2019-12-30 00:35,12594
2019-12-30 00:40,12582
2019-12-30 00:45,12543
2019-12-30 00:50,12503
2019-12-30 00:55,12462
2019-12-30 01:00,12481
2019-12-30 01:05,12466
2019-12-30 01:10,12442
2019-12-30 01:15,12410
2019-12-30 01:20,12367
2019-12-30 01:25,12353
2019-12-30 01:30,12304
2019-12-30 01:35,12258
2019-12-30 01:40,12207
2019-12-30 01:45,12159
2019-12-30 01:50,12177
2019-12-30 01:55,12123
2019-12-30 02:00,12111
2019-12-30 02:05,12105
2019-12-30 02:10,12053
2019-12-30 02:15,11984
2019-12-30 02:20,12022
2019-12-30 02:25,12000
2019-12-30 02:30,11958
2019-12-30 02:35,11955
2019-12-30 02:40,11899
2019-12-30 02:45,11908
2019-12-30 02:50,11838
2019-12-30 02:55,11766
2019-12-30 03:00,11761
2019-12-30 03:05,11652
2019-12-30 03:10,11635
2019-12-30 03:15,11594
2019-12-30 03:20,11497
2019-12-30 03:25,11437
2019-12-30 03:30,11413
2019-12-30 03:35,11318
2019-12-30 03:40,11320
2019-12-30 03:45,11291
2019-12-30 03:50,11163
2019-12-30 03:55,11117
2019-12-30 04:00,11052
2019-12-30 04:05,10978
2019-12-30 04:10,10839
2019-12-30 04:15,10709
2019-12-30 04:20,10624
2019-12-30 04:25,10583
2019-12-30 04:30,10486
2019-12-30 04:35,10359
2019-12-30 04:40,10236
2019-12-30 04:45,10127
2019-12-30 04:50,10012
2019-12-30 04:55,9930
2019-12-30 05:00,9790
2019-12-30 05:05,9636
2019-12-30 05:10,9496
2019-12-30 05:15,9361
2019-12-30 05:20,9255
2019-12-30 05:25,9113
2019-12-30 05:30,8914
2019-12-30 05:35,8846
2019-12-30 05:40,8764
2019-12-30 05:45,8648
2019-12-30 05:50,8571
2019-12-30 05:55,8483
2019-12-30 06:00,8396
2019-12-30 06:05,8324
2019-12-30 06:10,8181
2019-12-30 06:15,8030
2019-12-30 06:20,7884
2019-12-30 06:25,7777
2019-12-30 06:30,7672
2019-12-30 06:35,7570
2019-12-30 06:40,7463
2019-12-30 06:45,7362
2019-12-30 06:50,7212
2019-12-30 06:55,7106
2019-12-30 07:00,7030
2019-12-30 07:05,6944
2019-12-30 07:10,6788
2019-12-30 07:15,6641
2019-12-30 07:20,6539
2019-12-30 07:25,6465
2019-12-30 07:30,6324
2019-12-30 07:35,6221
2019-12-30 07:40,6110
2019-12-30 07:45,6014
2019-12-30 07:50,5933
2019-12-30 07:55,5853
2019-12-30 08:00,5723
2019-12-30 08:05,5672
2019-12-30 08:10,5614
2019-12-30 08:15,5510
2019-12-30 08:20,5388
2019-12-30 08:25,5320
2019-12-30 08:30,5281
2019-12-30 08:35,5252
2019-12-30 08:40,5201
2019-12-30 08:45,5192
2019-12-30 08:50,5118
2019-12-30 08:55,5094
2019-12-30 09:00,5037
2019-12-30 09:05,4973
2019-12-30 09:10,4975
2019-12-30 09:15,4954
2019-12-30 09:20,4916
2019-12-30 09:25,4914
2019-12-30 09:30,4877
2019-12-30 09:35,4816
2019-12-30 09:40,4830
2019-12-30 09:45,4877
2019-12-30 09:50,4884
2019-12-30 09:55,4896
2019-12-30 10:00,4880
2019-12-30 10:05,4853
2019-12-30 10:10,4862
2019-12-30 10:15,4912
2019-12-30 10:20,4876
2019-12-30 10:25,4936
2019-12-30 10:30,4991
2019-12-30 10:35,5027
2019-12-30 10:40,5056
2019-12-30 10:45,5040
2019-12-30 10:50,5083
2019-12-30 10:55,5155
2019-12-30 11:00,5161
2019-12-30 11:05,5193
2019-12-30 11:10,5259
2019-12-30 11:15,5279
2019-12-30 11:20,5300
2019-12-30 11:25,5355
2019-12-30 11:30,5400
2019-12-30 11:35,5432
2019-12-30 11:40,5504
2019-12-30 11:45,5582
2019-12-30 11:50,5638
2019-12-30 11:55,5663
2019-12-30 12:00,5684
2019-12-30 12:05,5728
2019-12-30 12:10,5824
2019-12-30 12:15,5886
2019-12-30 12:20,5946
2019-12-30 12:25,6062
2019-12-30 12:30,6090
2019-12-30 12:35,6162
2019-12-30 12:40,6175
2019-12-30 12:45,6242
2019-12-30 12:50,6293
2019-12-30 12:55,6332
2019-12-30 13:00,6416
2019-12-30 13:05,6467
2019-12-30 13:10,6563
2019-12-30 13:15,6645
2019-12-30 13:20,6696
2019-12-30 13:25,6698
2019-12-30 13:30,6760
2019-12-30 13:35,6788
2019-12-30 13:40,6837
2019-12-30 13:45,6873
2019-12-30 13:50,6944
2019-12-30 13:55,7049
2019-12-30 14:00,7130
2019-12-30 14:05,7240
2019-12-30 14:10,7318
2019-12-30 14:15,7408
2019-12-30 14:20,7469
2019-12-30 14:25,7547
2019-12-30 14:30,7658
2019-12-30 14:35,7736
2019-12-30 14:40,7814
2019-12-30 14:45,7920
2019-12-30 14:50,8020
2019-12-30 14:55,8133
2019-12-30 15:00,8244
2019-12-30 15:05,8341
2019-12-30 15:10,8393
2019-12-30 15:15,8524
2019-12-30 15:20,8595
2019-12-30 15:25,8648
2019-12-30 15:30,8696
2019-12-30 15:35,8756
2019-12-30 15:40,8837
2019-12-30 15:45,8901
2019-12-30 15:50,8988
2019-12-30 15:55,9109
2019-12-30 16:00,9217
2019-12-30 16:05,9302
2019-12-30 16:10,9394
2019-12-30 16:15,9478
2019-12-30 16:20,9508
2019-12-30 16:25,9536
2019-12-30 16:30,9661
2019-12-30 16:35,
2019-12-30 16:40,9838
2019-12-30 16:45,9919
2019-12-30 16:50,9986
2019-12-30 16:55,10024
2019-12-30 17:00,10145
2019-12-30 17:05,
2019-12-30 17:10,10295
2019-12-30 17:15,10372
2019-12-30 17:20,10425
2019-12-30 17:25,10559
2019-12-30 17:30,10690
2019-12-30 17:35,10770
2019-12-30 17:40,10845
2019-12-30 17:45,10931
2019-12-30 17:50,11061
2019-12-30 17:55,11134
2019-12-30 18:00,11150
2019-12-30 18:05,11225
2019-12-30 18:10,11326
2019-12-30 18:15,11421
2019-12-30 18:20,11547
2019-12-30 18:25,11575
2019-12-30 18:30,11696
2019-12-30 18:35,11807
2019-12-30 18:40,11897
2019-12-30 18:45,11903
2019-12-30 18:50,12053
2019-12-30 18:55,12110
2019-12-30 19:00,12226
2019-12-30 19:05,12305
2019-12-30 19:10,12428
2019-12-30 19:15,12533
2019-12-30 19:20,12694
2019-12-30 19:25,12797
2019-12-30 19:30,12821
2019-12-30 19:35,12925
2019-12-30 19:40,13015
2019-12-30 19:45,13113
2019-12-30 19:50,13197
2019-12-30 19:55,13294
2019-12-30 20:00,13362
2019-12-30 20:05,13431
2019-12-30 20:10,13453
2019-12-30 20:15,13482
2019-12-30 20:20,13539
2019-12-30 20:25,13578
2019-12-30 20:30,13650
2019-12-30 20:35,13736
2019-12-30 20:40,13809
2019-12-30 20:45,13844
2019-12-30 20:50,13867
2019-12-30 20:55,13869
2019-12-30 21:00,13946
2019-12-30 21:05,13912
2019-12-30 21:10,13756
2019-12-30 21:15,13746
2019-12-30 21:20,13777
2019-12-30 21:25,13885
2019-12-30 21:30,13912
2019-12-30 21:35,13941
2019-12-30 21:40,13939
2019-12-30 21:45,13940
2019-12-30 21:50,13989
2019-12-30 21:55,13978
2019-12-30 22:00,13900
2019-12-30 22:05,13851
2019-12-30 22:10,13775
2019-12-30 22:15,13731
2019-12-30 22:20,13821
2019-12-30 22:25,13863
2019-12-30 22:30,13815
2019-12-30 22:35,13843
2019-12-30 22:40,13834
2019-12-30 22:45,13800
2019-12-30 22:50,13720
2019-12-30 22:55,13713
2019-12-30 23:00,13610
2019-12-30 23:05,13519
2019-12-30 23:10,13433
2019-12-30 23:15,13409
2019-12-30 23:20,13415
2019-12-30 23:25,13388
2019-12-30 23:30,13304
2019-12-30 23:35,13231
2019-12-30 23:40,13158
2019-12-30 23:45,13074
2019-12-30 23:50,13109
2019-12-30 23:55,13021
2019-12-31 00:00,12870
2019-12-31 00:05,12832
2019-12-31 00:10,12755
2019-12-31 00:15,12697
2019-12-31 00:20,12691
2019-12-31 00:25,12665
2019-12-31 00:30,12705
2019-12-31 00:35,12735
2019-12-31 00:40,12674
2019-12-31 00:45,12698
2019-12-31 00:50,12626
2019-12-31 00:55,12566
2019-12-31 01:00,12517
2019-12-31 01:05,12552
2019-12-31 01:10,12577
2019-12-31 01:15,12523
2019-12-31 01:20,12496
2019-12-31 01:25,12497
2019-12-31 01:30,12464
2019-12-31 01:35,12481
2019-12-31 01:40,12445
2019-12-31 01:45,12434
2019-12-31 01:50,12425
2019-12-31 01:55,12455
2019-12-31 02:00,12386
2019-12-31 02:05,12425
2019-12-31 02:10,12427
2019-12-31 02:15,12392
2019-12-31 02:20,12354
2019-12-31 02:25,12288
2019-12-31 02:30,12266
2019-12-31 02:35,12236
2019-12-31 02:40,12272
2019-12-31 02:45,12302
2019-12-31 02:50,12348
2019-12-31 02:55,12350
2019-12-31 03:00,12259
2019-12-31 03:05,12161
2019-12-31 03:10,12106
2019-12-31 03:15,12061
2019-12-31 03:20,12044
2019-12-31 03:25,12092
2019-12-31 03:30,12045
2019-12-31 03:35,11971
2019-12-31 03:40,11890
2019-12-31 03:45,11864
2019-12-31 03:50,11785
2019-12-31 03:55,11655
2019-12-31 04:00,11567
2019-12-31 04:05,11475
2019-12-31 04:10,11394
2019-12-31 04:15,11327
2019-12-31 04:20,11240
2019-12-31 04:25,11186
2019-12-31 04:30,11038
2019-12-31 04:35,10969
2019-12-31 04:40,10913
2019-12-31 04:45,10840
2019-12-31 04:50,10751
2019-12-31 04:55,10667
2019-12-31 05:00,10508
2019-12-31 05:05,10351
2019-12-31 05:10,10233
2019-12-31 05:15,10118
2019-12-31 05:20,9982
2019-12-31 05:25,9877
2019-12-31 05:30,9750
2019-12-31 05:35,9636
2019-12-31 05:40,9514
2019-12-31 05:45,9423
2019-12-31 05:50,9305
2019-12-31 05:55,9151
2019-12-31 06:00,8997
2019-12-31 06:05,8914
2019-12-31 06:10,8796
2019-12-31 06:15,8641
2019-12-31 06:20,8520
2019-12-31 06:25,8393
2019-12-31 06:30,8255
2019-12-31 06:35,8156
2019-12-31 06:40,7983
2019-12-31 06:45,7832
2019-12-31 06:50,7679
2019-12-31 06:55,7588
2019-12-31 07:00,7418
2019-12-31 07:05,7304
2019-12-31 07:10,7196
2019-12-31 07:15,7039
2019-12-31 07:20,6916
2019-12-31 07:25,6758
2019-12-31 07:30,6602
2019-12-31 07:35,6519
2019-12-31 07:40,6462
2019-12-31 07:45,6365
2019-12-31 07:50,6302
2019-12-31 07:55,6178
2019-12-31 08:00,6059
2019-12-31 08:05,5948
2019-12-31 08:10,5893
2019-12-31 08:15,5815
2019-12-31 08:20,5715
2019-12-31 08:25,5580
2019-12-31 08:30,5509
2019-12-31 08:35,5465
2019-12-31 08:40,5439
2019-12-31 08:45,5399
2019-12-31 08:50,5322
2019-12-31 08:55,5228
2019-12-31 09:00,5200
2019-12-31 09:05,5164
2019-12-31 09:10,5026
2019-12-31 09:15,5022
2019-12-31 09:20,5006
2019-12-31 09:25,4981
2019-12-31 09:30,4961
2019-12-31 09:35,4919
2019-12-31 09:40,4875
2019-12-31 09:45,4876
2019-12-31 09:50,4871
2019-12-31 09:55,4886
2019-12-31 10:00,4832
2019-12-31 10:05,4822
2019-12-31 10:10,4850
2019-12-31 10:15,4876
2019-12-31 10:20,4892
2019-12-31 10:25,4897
2019-12-31 10:30,4921
2019-12-31 10:35,4950
2019-12-31 10:40,4996
2019-12-31 10:45,5061
2019-12-31 10:50,5094
2019-12-31 10:55,5116
2019-12-31 11:00,5177
2019-12-31 11:05,5235
2019-12-31 11:10,5280
2019-12-31 11:15,5296
2019-12-31 11:20,5310
2019-12-31 11:25,5349
2019-12-31 11:30,5424
2019-12-31 11:35,5412
2019-12-31 11:40,5483
2019-12-31 11:45,5546
2019-12-31 11:50,5606
2019-12-31 11:55,5671
2019-12-31 12:00,5730
2019-12-31 12:05,5774
2019-12-31 12:10,5850
2019-12-31 12:15,5892
2019-12-31 12:20,5977
2019-12-31 12:25,6114
2019-12-31 12:30,6165
2019-12-31 12:35,6235
2019-12-31 12:40,6291
2019-12-31 12:45,6378
2019-12-31 12:50,6489
2019-12-31 12:55,6542
2019-12-31 13:00,6579
2019-12-31 13:05,6649
2019-12-31 13:10,6777
2019-12-31 13:15,6885
2019-12-31 13:20,6957
2019-12-31 13:25,7034
2019-12-31 13:30,7089
2019-12-31 13:35,7135
2019-12-31 13:40,7178
2019-12-31 13:45,7220
2019-12-31 13:50,7321
2019-12-31 13:55,7399
2019-12-31 14:00,7499
2019-12-31 14:05,7558
2019-12-31 14:10,7694
2019-12-31 14:15,7759
2019-12-31 14:20,7846
2019-12-31 14:25,7869
2019-12-31 14:30,7954
2019-12-31 14:35,8063
2019-12-31 14:40,8212
2019-12-31 14:45,8293
2019-12-31 14:50,8339
2019-12-31 14:55,8386
2019-12-31 15:00,8433
2019-12-31 15:05,8485
2019-12-31 15:10,8517
2019-12-31 15:15,8602
2019-12-31 15:20,8644
2019-12-31 15:25,8746
2019-12-31 15:30,8782
2019-12-31 15:35,8843
2019-12-31 15:40,8920
2019-12-31 15:45,8956
2019-12-31 15:50,8951
2019-12-31 15:55,9002
2019-12-31 16:00,9033
2019-12-31 16:05,9054
2019-12-31 16:10,9043
2019-12-31 16:15,9078
2019-12-31 16:20,9097
2019-12-31 16:25,9084
2019-12-31 16:30,9149
2019-12-31 16:35,9192
2019-12-31 16:40,9182
2019-12-31 16:45,9190
2019-12-31 16:50,9253
2019-12-31 16:55,9176
2019-12-31 17:00,9187
2019-12-31 17:05,9210
2019-12-31 17:10,9250
2019-12-31 17:15,9266
2019-12-31 17:20,9310
2019-12-31 17:25,9341
2019-12-31 17:30,9395
2019-12-31 17:35,9441
2019-12-31 17:40,9464
2019-12-31 17:45,9500
2019-12-31 17:50,9534
2019-12-31 17:55,9563
2019-12-31 18:00,9592
2019-12-31 18:05,9651
2019-12-31 18:10,9656
2019-12-31 18:15,9650
2019-12-31 18:20,9687
2019-12-31 18:25,9692
2019-12-31 18:30,9610
2019-12-31 18:35,9665
2019-12-31 18:40,9624
2019-12-31 18:45,9599
2019-12-31 18:50,9655
2019-12-31 18:55,9726
2019-12-31 19:00,9762
2019-12-31 19:05,9795
2019-12-31 19:10,9847
2019-12-31 19:15,9924
2019-12-31 19:20,9984
2019-12-31 19:25,10008
2019-12-31 19:30,10037
2019-12-31 19:35,10090
2019-12-31 19:40,10110
2019-12-31 19:45,10101
2019-12-31 19:50,10124
2019-12-31 19:55,10094
2019-12-31 20:00,10152
2019-12-31 20:05,10174
2019-12-31 20:10,10221
2019-12-31 20:15,10202
2019-12-31 20:20,10172
2019-12-31 20:25,10235
2019-12-31 20:30,10273
2019-12-31 20:35,10191
2019-12-31 20:40,10236
2019-12-31 20:45,10277
2019-12-31 20:50,10274
2019-12-31 20:55,10302
2019-12-31 21:00,10353
2019-12-31 21:05,10394
2019-12-31 21:10,10363
2019-12-31 21:15,10337
2019-12-31 21:20,10387
2019-12-31 21:25,10379
2019-12-31 21:30,10471
2019-12-31 21:35,10441
2019-12-31 21:40,10387
2019-12-31 21:45,10368
2019-12-31 21:50,10372
2019-12-31 21:55,10374
2019-12-31 22:00,10352
2019-12-31 22:05,10325
2019-12-31 22:10,10297
2019-12-31 22:15,10302
2019-12-31 22:20,10246
2019-12-31 22:25,10292
2019-12-31 22:30,10243
2019-12-31 22:35,10214
2019-12-31 22:40,10176
2019-12-31 22:45,10178
2019-12-31 22:50,10117
2019-12-31 22:55,10035
2019-12-31 23:00,9914
2019-12-31 23:05,9820
2019-12-31 23:10,9804
2019-12-31 23:15,9805
2019-12-31 23:20,9752
2019-12-31 23:25,9697
2019-12-31 23:30,9674
2019-12-31 23:35,9667
2019-12-31 23:40,9641
2019-12-31 23:45,9592
2019-12-31 23:50,9615
2019-12-31 23:55,9571
2020-01-01 00:00,9482
2020-01-01 00:05,9472
2020-01-01 00:10,9383
2020-01-01 00:15,9383
2020-01-01 00:20,9292
2020-01-01 00:25,9267
2020-01-01 00:30,9207
2020-01-01 00:35,9210
2020-01-01 00:40,9150
2020-01-01 00:45,9124
2020-01-01 00:50,9154
2020-01-01 00:55,9153
2020-01-01 01:00,9091
2020-01-01 01:05,9055
2020-01-01 01:10,9034
2020-01-01 01:15,8975
2020-01-01 01:20,8997
2020-01-01 01:25,8978
2020-01-01 01:30,8961
2020-01-01 01:35,8853
2020-01-01 01:40,8775
2020-01-01 01:45,8722
2020-01-01 01:50,8702
2020-01-01 01:55,8632
2020-01-01 02:00,8586
2020-01-01 02:05,8533
2020-01-01 02:10,8465
2020-01-01 02:15,8361
2020-01-01 02:20,8357
2020-01-01 02:25,8328
2020-01-01 02:30,8247
2020-01-01 02:35,8230
2020-01-01 02:40,8183
2020-01-01 02:45,8151
2020-01-01 02:50,8106
2020-01-01 02:55,8075
2020-01-01 03:00,8059
2020-01-01 03:05,8037
2020-01-01 03:10,7977
2020-01-01 03:15,7939
2020-01-01 03:20,7831
2020-01-01 03:25,7785
2020-01-01 03:30,7754
2020-01-01 03:35,7729
2020-01-01 03:40,7680
2020-01-01 03:45,7667
2020-01-01 03:50,7658
2020-01-01 03:55,7618
2020-01-01 04:00,7584
2020-01-01 04:05,7555
2020-01-01 04:10,7505
2020-01-01 04:15,7524
2020-01-01 04:20,7494
2020-01-01 04:25,7469
2020-01-01 04:30,7466
2020-01-01 04:35,7444
2020-01-01 04:40,7354
2020-01-01 04:45,7282
2020-01-01 04:50,7206
2020-01-01 04:55,7162
2020-01-01 05:00,7055
2020-01-01 05:05,6999
2020-01-01 05:10,6953
2020-01-01 05:15,6995
2020-01-01 05:20,7025
2020-01-01 05:25,7052
2020-01-01 05:30,7044
2020-01-01 05:35,7056
2020-01-01 05:40,7035
2020-01-01 05:45,7067
2020-01-01 05:50,7071
2020-01-01 05:55,7054
2020-01-01 06:00,7041
2020-01-01 06:05,7016
2020-01-01 06:10,6964
2020-01-01 06:15,6894
2020-01-01 06:20,6873
2020-01-01 06:25,6837
2020-01-01 06:30,6750
2020-01-01 06:35,6757
2020-01-01 06:40,6730
2020-01-01 06:45,6771
2020-01-01 06:50,6734
2020-01-01 06:55,6762
2020-01-01 07:00,6717
2020-01-01 07:05,6645
2020-01-01 07:10,6602
2020-01-01 07:15,6569
2020-01-01 07:20,6545
2020-01-01 07:25,6501
2020-01-01 07:30,6488
2020-01-01 07:35,6450
2020-01-01 07:40,6392
2020-01-01 07:45,6303
2020-01-01 07:50,6229
2020-01-01 07:55,6182
2020-01-01 08:00,6089
2020-01-01 08:05,6013
2020-01-01 08:10,5990
2020-01-01 08:15,5917
2020-01-01 08:20,5829
2020-01-01 08:25,5716
2020-01-01 08:30,5699
2020-01-01 08:35,5576
2020-01-01 08:40,5532
2020-01-01 08:45,5490
2020-01-01 08:50,5410
2020-01-01 08:55,5394
2020-01-01 09:00,5328
2020-01-01 09:05,5316
2020-01-01 09:10,5254
2020-01-01 09:15,5196
2020-01-01 09:20,5128
2020-01-01 09:25,5112
2020-01-01 09:30,5107
2020-01-01 09:35,5070
2020-01-01 09:40,5064
2020-01-01 09:45,5060
2020-01-01 09:50,5010
2020-01-01 09:55,4940
2020-01-01 10:00,4930
2020-01-01 10:05,4935
2020-01-01 10:10,4928
2020-01-01 10:15,4919
2020-01-01 10:20,4888
2020-01-01 10:25,4898
2020-01-01 10:30,4934
2020-01-01 10:35,4927
2020-01-01 10:40,4940
2020-01-01 10:45,4983
2020-01-01 10:50,4990
2020-01-01 10:55,5037
2020-01-01 11:00,5069
2020-01-01 11:05,5101
2020-01-01 11:10,5141
2020-01-01 11:15,5137
2020-01-01 11:20,5163
2020-01-01 11:25,5248
2020-01-01 11:30,5303
2020-01-01 11:35,5337
2020-01-01 11:40,5356
2020-01-01 11:45,5446
2020-01-01 11:50,5529
2020-01-01 11:55,5550
2020-01-01 12:00,5553
2020-01-01 12:05,5602
2020-01-01 12:10,5646
2020-01-01 12:15,5660
2020-01-01 12:20,5689
2020-01-01 12:25,5752
2020-01-01 12:30,5830
2020-01-01 12:35,5936
2020-01-01 12:40,5968
2020-01-01 12:45,6106
2020-01-01 12:50,6179
2020-01-01 12:55,6200
2020-01-01 13:00,6275
2020-01-01 13:05,6306
2020-01-01 13:10,6372
2020-01-01 13:15,6455
2020-01-01 13:20,6507
2020-01-01 13:25,6568
2020-01-01 13:30,6636
2020-01-01 13:35,6704
2020-01-01 13:40,6764
2020-01-01 13:45,6811
2020-01-01 13:50,6921
2020-01-01 13:55,7006
2020-01-01 14:00,7077
2020-01-01 14:05,7172
2020-01-01 14:10,7277
2020-01-01 14:15,7393
2020-01-01 14:20,7473
2020-01-01 14:25,7578
2020-01-01 14:30,7637
2020-01-01 14:35,7706
2020-01-01 14:40,7767
2020-01-01 14:45,7862
2020-01-01 14:50,7973
2020-01-01 14:55,8028
2020-01-01 15:00,8189
2020-01-01 15:05,8302
2020-01-01 15:10,8370
2020-01-01 15:15,8415
2020-01-01 15:20,8530
2020-01-01 15:25,8596
2020-01-01 15:30,8717
2020-01-01 15:35,8761
2020-01-01 15:40,8854
2020-01-01 15:45,8967
2020-01-01 15:50,9075
2020-01-01 15:55,9200
2020-01-01 16:00,9298
2020-01-01 16:05,
2020-01-01 16:10,9498
2020-01-01 16:15,9580
2020-01-01 16:20,9668
2020-01-01 16:25,9724
2020-01-01 16:30,9791
2020-01-01 16:35,9865
2020-01-01 16:40,9965
2020-01-01 16:45,10045
2020-01-01 16:50,10161
2020-01-01 16:55,10285
2020-01-01 17:00,10360
2020-01-01 17:05,10402
2020-01-01 17:10,10474
2020-01-01 17:15,10555
2020-01-01 17:20,10693
2020-01-01 17:25,10817
2020-01-01 17:30,10888
2020-01-01 17:35,10966
2020-01-01 17:40,11113
2020-01-01 17:45,11233
2020-01-01 17:50,11302
2020-01-01 17:55,11377
2020-01-01 18:00,11504
2020-01-01 18:05,11677
2020-01-01 18:10,11725
2020-01-01 18:15,11859
2020-01-01 18:20,11956
2020-01-01 18:25,12052
2020-01-01 18:30,12197
2020-01-01 18:35,12275
2020-01-01 18:40,12377
2020-01-01 18:45,12502
2020-01-01 18:50,12546
2020-01-01 18:55,12655
2020-01-01 19:00,12731
2020-01-01 19:05,12891
2020-01-01 19:10,13016
2020-01-01 19:15,13129
2020-01-01 19:20,13274
2020-01-01 19:25,13344
2020-01-01 19:30,13434
2020-01-01 19:35,13582
2020-01-01 19:40,13719
2020-01-01 19:45,13818
2020-01-01 19:50,13869
2020-01-01 19:55,13946
2020-01-01 20:00,14001
2020-01-01 20:05,14109
2020-01-01 20:10,14188
2020-01-01 20:15,14201
2020-01-01 20:20,14343
2020-01-01 20:25,14328
2020-01-01 20:30,14398
2020-01-01 20:35,14489
2020-01-01 20:40,14473
2020-01-01 20:45,14537
2020-01-01 20:50,14551
2020-01-01 20:55,14629
2020-01-01 21:00,14632
2020-01-01 21:05,14673
2020-01-01 21:10,14732
2020-01-01 21:15,14793
2020-01-01 21:20,14749
2020-01-01 21:25,14847
2020-01-01 21:30,14816
2020-01-01 21:35,14843
2020-01-01 21:40,14842
2020-01-01 21:45,14865
2020-01-01 21:50,14838
2020-01-01 21:55,14790
2020-01-01 22:00,14724
2020-01-01 22:05,14716
2020-01-01 22:10,14676
2020-01-01 22:15,14712
2020-01-01 22:20,14676
2020-01-01 22:25,14622
2020-01-01 22:30,14563
2020-01-01 22:35,14567
2020-01-01 22:40,14480
2020-01-01 22:45,14473
2020-01-01 22:50,14454
2020-01-01 22:55,14433
2020-01-01 23:00,14386
2020-01-01 23:05,14283
2020-01-01 23:10,14189
2020-01-01 23:15,14094
2020-01-01 23:20,13966
2020-01-01 23:25,13944
2020-01-01 23:30,13950
2020-01-01 23:35,13950
2020-01-01 23:40,13889
2020-01-01 23:45,13859
2020-01-01 23:50,13799
2020-01-01 23:55,13640
2020-01-02 00:00,13572
2020-01-02 00:05,13513
2020-01-02 00:10,13363
2020-01-02 00:15,13318
2020-01-02 00:20,13317
2020-01-02 00:25,13308
2020-01-02 00:30,13273
2020-01-02 00:35,13247
2020-01-02 00:40,13271
2020-01-02 00:45,13214
2020-01-02 00:50,13161
2020-01-02 00:55,13145
2020-01-02 01:00,13100
2020-01-02 01:05,13068
2020-01-02 01:10,13035
2020-01-02 01:15,13033
2020-01-02 01:20,13068
2020-01-02 01:25,13018
2020-01-02 01:30,12938
2020-01-02 01:35,12943
2020-01-02 01:40,12871
2020-01-02 01:45,12843
2020-01-02 01:50,12825
2020-01-02 01:55,12769
2020-01-02 02:00,12810
2020-01-02 02:05,12794
2020-01-02 02:10,12720
2020-01-02 02:15,12683
2020-01-02 02:20,12638
2020-01-02 02:25,12619
2020-01-02 02:30,12576
2020-01-02 02:35,12534
2020-01-02 02:40,12497
2020-01-02 02:45,12430
2020-01-02 02:50,12407
2020-01-02 02:55,12376
2020-01-02 03:00,12294
2020-01-02 03:05,12205
2020-01-02 03:10,12191
2020-01-02 03:15,12140
2020-01-02 03:20,12045
2020-01-02 03:25,11979
2020-01-02 03:30,11939
2020-01-02 03:35,11903
2020-01-02 03:40,11798
2020-01-02 03:45,11725
2020-01-02 03:50,11622
2020-01-02 03:55,11522
2020-01-02 04:00,11389
2020-01-02 04:05,11265
2020-01-02 04:10,11198
2020-01-02 04:15,11069
2020-01-02 04:20,10940
2020-01-02 04:25,10862
2020-01-02 04:30,10652
2020-01-02 04:35,10538
2020-01-02 04:40,10454
2020-01-02 04:45,10327
2020-01-02 04:50,10215
2020-01-02 04:55,10052
2020-01-02 05:00,9942
2020-01-02 05:05,9803
2020-01-02 05:10,9655
2020-01-02 05:15,9551
2020-01-02 05:20,9416
2020-01-02 05:25,9297
2020-01-02 05:30,9157
2020-01-02 05:35,9042
2020-01-02 05:40,8906
2020-01-02 05:45,8774
2020-01-02 05:50,8663
2020-01-02 05:55,8531
2020-01-02 06:00,8388
2020-01-02 06:05,8239
2020-01-02 06:10,8077
2020-01-02 06:15,7333
2020-01-02 06:20,7879
2020-01-02 06:25,7727
2020-01-02 06:30,7644
2020-01-02 06:35,7522
2020-01-02 06:40,7374
2020-01-02 06:45,7272
2020-01-02 06:50,7235
2020-01-02 06:55,7126
2020-01-02 07:00,6972
2020-01-02 07:05,6857
2020-01-02 07:10,6761
2020-01-02 07:15,6625
2020-01-02 07:20,6537
2020-01-02 07:25,6428
2020-01-02 07:30,5973
2020-01-02 07:35,5802
2020-01-02 07:40,5681
2020-01-02 07:45,5607
2020-01-02 07:50,5599
2020-01-02 07:55,5519
2020-01-02 08:00,5422
2020-01-02 08:05,5328
2020-01-02 08:10,5323
2020-01-02 08:15,5318
2020-01-02 08:20,5238
2020-01-02 08:25,5198
2020-01-02 08:30,5136
2020-01-02 08:35,5121
2020-01-02 08:40,5121
2020-01-02 08:45,5053
2020-01-02 08:50,4982
2020-01-02 08:55,4964
2020-01-02 09:00,4953
2020-01-02 09:05,4939
2020-01-02 09:10,4849
2020-01-02 09:15,4837
2020-01-02 09:20,4825
2020-01-02 09:25,4802
2020-01-02 09:30,4744
2020-01-02 09:35,4765
2020-01-02 09:40,4736
2020-01-02 09:45,4743
2020-01-02 09:50,4730
2020-01-02 09:55,4688
2020-01-02 10:00,4723
2020-01-02 10:05,4724
2020-01-02 10:10,4731
2020-01-02 10:15,4719
2020-01-02 10:20,4827
2020-01-02 10:25,4852
2020-01-02 10:30,4917
2020-01-02 10:35,4977
2020-01-02 10:40,5017
2020-01-02 10:45,5018
2020-01-02 10:50,5018
2020-01-02 10:55,5080
2020-01-02 11:00,5107
2020-01-02 11:05,5166
2020-01-02 11:10,5151
2020-01-02 11:15,5243
2020-01-02 11:20,5255
2020-01-02 11:25,5324
2020-01-02 11:30,5407
2020-01-02 11:35,5470
2020-01-02 11:40,5548
2020-01-02 11:45,5591
2020-01-02 11:50,5666
2020-01-02 11:55,5744
2020-01-02 12:00,5794
2020-01-02 12:05,0
2020-01-02 12:10,5916
2020-01-02 12:15,5984
2020-01-02 12:20,6094
2020-01-02 12:25,6198
2020-01-02 12:30,6243
2020-01-02 12:35,6335
2020-01-02 12:40,6341
2020-01-02 12:45,6421
2020-01-02 12:50,6476
2020-01-02 12:55,6528
2020-01-02 13:00,6598
2020-01-02 13:05,6675
2020-01-02 13:10,6702
2020-01-02 13:15,6724
2020-01-02 13:20,6804
2020-01-02 13:25,6848
2020-01-02 13:30,6845
2020-01-02 13:35,6899
2020-01-02 13:40,6949
2020-01-02 13:45,7065
2020-01-02 13:50,7107
2020-01-02 13:55,7177
2020-01-02 14:00,7254
2020-01-02 14:05,7350
2020-01-02 14:10,7435
2020-01-02 14:15,7568
2020-01-02 14:20,7674
2020-01-02 14:25,7764
2020-01-02 14:30,7800
2020-01-02 14:35,7851
2020-01-02 14:40,7937
2020-01-02 14:45,8009
2020-01-02 14:50,8069
2020-01-02 14:55,8150
2020-01-02 15:00,8280
2020-01-02 15:05,8400
2020-01-02 15:10,8457
2020-01-02 15:15,8553
2020-01-02 15:20,8634
2020-01-02 15:25,8671
2020-01-02 15:30,8721
2020-01-02 15:35,8851
2020-01-02 15:40,8922
2020-01-02 15:45,9013
2020-01-02 15:50,9150
2020-01-02 15:55,9236
2020-01-02 16:00,9295
2020-01-02 16:05,9411
2020-01-02 16:10,9509
2020-01-02 16:15,9621
2020-01-02 16:20,9693
2020-01-02 16:25,9723
2020-01-02 16:30,9797
2020-01-02 16:35,9863
2020-01-02 16:40,9994
2020-01-02 16:45,10031
2020-01-02 16:50,10166
2020-01-02 16:55,10233
2020-01-02 17:00,10313
2020-01-02 17:05,10369
2020-01-02 17:10,10433
2020-01-02 17:15,10517
2020-01-02 17:20,10643
2020-01-02 17:25,10696
2020-01-02 17:30,10763
2020-01-02 17:35,10892
2020-01-02 17:40,10976
2020-01-02 17:45,11039
2020-01-02 17:50,11130
2020-01-02 17:55,11280
2020-01-02 18:00,11367
2020-01-02 18:05,11513
2020-01-02 18:10,11584
2020-01-02 18:15,11698
2020-01-02 18:20,11774
2020-01-02 18:25,11921
2020-01-02 18:30,12070
2020-01-02 18:35,12117
2020-01-02 18:40,12150
2020-01-02 18:45,12286
2020-01-02 18:50,12354
2020-01-02 18:55,12521
2020-01-02 19:00,12562
2020-01-02 19:05,12680
2020-01-02 19:10,12700
2020-01-02 19:15,12831
2020-01-02 19:20,12867
2020-01-02 19:25,12913
2020-01-02 19:30,13000
2020-01-02 19:35,13051
2020-01-02 19:40,13168
2020-01-02 19:45,13238
2020-01-02 19:50,13271
2020-01-02 19:55,13366
2020-01-02 20:00,13460
2020-01-02 20:05,13587
2020-01-02 20:10,13641
2020-01-02 20:15,13655
2020-01-02 20:20,13777
2020-01-02 20:25,13781
2020-01-02 20:30,13803
2020-01-02 20:35,13859
2020-01-02 20:40,13978
2020-01-02 20:45,14071
2020-01-02 20:50,14074
2020-01-02 20:55,14099
2020-01-02 21:00,14102
2020-01-02 21:05,14164
2020-01-02 21:10,14156
2020-01-02 21:15,14186
2020-01-02 21:20,14242
2020-01-02 21:25,14304
2020-01-02 21:30,14364
2020-01-02 21:35,14369
2020-01-02 21:40,14382
2020-01-02 21:45,14422
2020-01-02 21:50,14342
2020-01-02 21:55,14336
2020-01-02 22:00,14246
2020-01-02 22:05,14300
2020-01-02 22:10,14300
2020-01-02 22:15,14244
2020-01-02 22:20,14228
2020-01-02 22:25,14123
2020-01-02 22:30,14039
2020-01-02 22:35,14035
2020-01-02 22:40,13965
2020-01-02 22:45,13866
2020-01-02 22:50,13918
2020-01-02 22:55,13801
2020-01-02 23:00,13732
2020-01-02 23:05,13671
2020-01-02 23:10,13527
2020-01-02 23:15,13519
2020-01-02 23:20,13483
2020-01-02 23:25,13352
2020-01-02 23:30,13357
2020-01-02 23:35,13322
2020-01-02 23:40,13247
2020-01-02 23:45,13191
2020-01-02 23:50,13142
2020-01-02 23:55,13099
2020-01-03 00:00,13094
2020-01-03 00:05,13018
2020-01-03 00:10,12928
2020-01-03 00:15,12854
2020-01-03 00:20,12800
2020-01-03 00:25,12789
2020-01-03 00:30,12764
2020-01-03 00:35,12743
2020-01-03 00:40,12696
2020-01-03 00:45,12688
2020-01-03 00:50,12651
2020-01-03 00:55,12638
2020-01-03 01:00,12644
2020-01-03 01:05,12529
2020-01-03 01:10,12555
2020-01-03 01:15,12529
2020-01-03 01:20,12554
2020-01-03 01:25,12542
2020-01-03 01:30,12575
2020-01-03 01:35,12661
2020-01-03 01:40,12592
2020-01-03 01:45,12516
2020-01-03 01:50,12452
2020-01-03 01:55,12389
2020-01-03 02:00,12362
2020-01-03 02:05,12287
2020-01-03 02:10,12209
2020-01-03 02:15,12152
2020-01-03 02:20,12147
2020-01-03 02:25,12141
2020-01-03 02:30,12135
2020-01-03 02:35,12174
2020-01-03 02:40,12095
2020-01-03 02:45,12147
2020-01-03 02:50,12055
2020-01-03 02:55,11975
2020-01-03 03:00,11627
2020-01-03 03:05,11583
2020-01-03 03:10,11583
2020-01-03 03:15,11609
2020-01-03 03:20,11532
2020-01-03 03:25,11525
2020-01-03 03:30,11488
2020-01-03 03:35,11519
2020-01-03 03:40,11407
2020-01-03 03:45,11370
2020-01-03 03:50,11310
2020-01-03 03:55,11223
2020-01-03 04:00,11162
2020-01-03 04:05,11101
2020-01-03 04:10,11026
2020-01-03 04:15,10916
2020-01-03 04:20,10867
2020-01-03 04:25,10814
2020-01-03 04:30,10715
2020-01-03 04:35,10619
2020-01-03 04:40,10525
2020-01-03 04:45,10372
2020-01-03 04:50,10276
2020-01-03 04:55,10167
2020-01-03 05:00,10070
2020-01-03 05:05,10000
2020-01-03 05:10,9825
2020-01-03 05:15,9742
2020-01-03 05:20,9565
2020-01-03 05:25,9408
2020-01-03 05:30,9264
2020-01-03 05:35,9103
2020-01-03 05:40,9023
2020-01-03 05:45,8951
2020-01-03 05:50,8826
2020-01-03 05:55,8716
2020-01-03 06:00,8566
2020-01-03 06:05,8426
2020-01-03 06:10,8261
2020-01-03 06:15,8045
2020-01-03 06:20,7843
2020-01-03 06:25,7733
2020-01-03 06:30,7662
2020-01-03 06:35,7493
2020-01-03 06:40,7393
2020-01-03 06:45,7310
2020-01-03 06:50,7173
2020-01-03 06:55,7058
2020-01-03 07:00,6976
2020-01-03 07:05,6863
2020-01-03 07:10,6760
2020-01-03 07:15,6641
2020-01-03 07:20,6484
2020-01-03 07:25,6349
2020-01-03 07:30,6252
2020-01-03 07:35,6172
2020-01-03 07:40,6094
2020-01-03 07:45,5974
2020-01-03 07:50,5901
2020-01-03 07:55,5786
2020-01-03 08:00,5721
2020-01-03 08:05,5643
2020-01-03 08:10,5594
2020-01-03 08:15,5533
2020-01-03 08:20,5451
2020-01-03 08:25,5378
2020-01-03 08:30,5330
2020-01-03 08:35,5282
2020-01-03 08:40,5260
2020-01-03 08:45,5188
2020-01-03 08:50,5122
2020-01-03 08:55,5064
2020-01-03 09:00,4993
2020-01-03 09:05,4976
2020-01-03 09:10,4950
2020-01-03 09:15,4896
2020-01-03 09:20,4880
2020-01-03 09:25,4842
2020-01-03 09:30,4819
2020-01-03 09:35,4806
2020-01-03 09:40,4832
2020-01-03 09:45,4819
2020-01-03 09:50,4819
2020-01-03 09:55,4831
2020-01-03 10:00,4842
2020-01-03 10:05,4846
2020-01-03 10:10,4848
2020-01-03 10:15,4846
2020-01-03 10:20,4884
2020-01-03 10:25,4950
2020-01-03 10:30,4961
2020-01-03 10:35,5003
2020-01-03 10:40,5069
2020-01-03 10:45,5068
2020-01-03 10:50,5064
2020-01-03 10:55,5095
2020-01-03 11:00,5153
2020-01-03 11:05,5221
2020-01-03 11:10,5278
2020-01-03 11:15,5310
2020-01-03 11:20,5368
2020-01-03 11:25,5446
2020-01-03 11:30,5510
2020-01-03 11:35,5548
2020-01-03 11:40,5591
2020-01-03 11:45,5636
2020-01-03 11:50,5703
2020-01-03 11:55,5724
2020-01-03 12:00,5814
2020-01-03 12:05,5897
2020-01-03 12:10,5897
2020-01-03 12:15,5939
2020-01-03 12:20,6148
2020-01-03 12:25,6186
2020-01-03 12:30,6250
2020-01-03 12:35,6250
2020-01-03 12:40,6325
2020-01-03 12:45,6394
2020-01-03 12:50,6400
2020-01-03 12:55,6529
2020-01-03 13:00,6628
2020-01-03 13:05,6724
2020-01-03 13:10,6766
2020-01-03 13:15,6842
2020-01-03 13:20,6893
2020-01-03 13:25,6940
2020-01-03 13:30,7036
2020-01-03 13:35,7036
2020-01-03 13:40,7198
2020-01-03 13:45,7238
2020-01-03 13:50,7347
2020-01-03 13:55,7440
2020-01-03 14:00,7509
2020-01-03 14:05,7533
2020-01-03 14:10,7677
2020-01-03 14:15,7798
2020-01-03 14:20,7877
2020-01-03 14:25,8018
2020-01-03 14:30,8071
2020-01-03 14:35,8194
2020-01-03 14:40,8266
2020-01-03 14:45,8371
2020-01-03 14:50,8490
2020-01-03 14:55,8599
2020-01-03 15:00,8737
2020-01-03 15:05,8737
2020-01-03 15:10,8793
2020-01-03 15:15,8977
2020-01-03 15:20,8977
2020-01-03 15:25,9022
2020-01-03 15:30,9175
2020-01-03 15:35,9175
2020-01-03 15:40,9433
2020-01-03 15:45,9494
2020-01-03 15:50,9598
2020-01-03 15:55,9678
2020-01-03 16:00,9753
2020-01-03 16:05,9753
2020-01-03 16:10,9818
2020-01-03 16:15,10068
2020-01-03 16:20,10068
2020-01-03 16:25,10083
2020-01-03 16:30,10155
2020-01-03 16:35,10164
2020-01-03 16:40,10214
2020-01-03 16:45,10218
2020-01-03 16:50,10370
2020-01-03 16:55,10467
2020-01-03 17:00,10467
2020-01-03 17:05,10523
2020-01-03 17:10,10649
2020-01-03 17:15,10858
2020-01-03 17:20,10858
2020-01-03 17:25,10976
2020-01-03 17:30,11084
2020-01-03 17:35,
2020-01-03 17:40,11274
2020-01-03 17:45,11349
2020-01-03 17:50,11461
2020-01-03 17:55,11461
2020-01-03 18:00,11607
2020-01-03 18:05,11607
2020-01-03 18:10,11812
2020-01-03 18:15,11879
2020-01-03 18:20,11879
2020-01-03 18:25,12006
2020-01-03 18:30,12006
2020-01-03 18:35,12099
2020-01-03 18:40,12299
2020-01-03 18:45,12371
2020-01-03 18:50,12416
2020-01-03 18:55,12455
2020-01-03 19:00,12548
2020-01-03 19:05,12548
2020-01-03 19:10,12670
2020-01-03 19:15,12723
2020-01-03 19:20,12851
2020-01-03 19:25,12851
2020-01-03 19:30,12965
2020-01-03 19:35,11743
2020-01-03 19:40,13177
2020-01-03 19:45,13392
2020-01-03 19:50,13392
2020-01-03 19:55,13495
2020-01-03 20:00,13597
2020-01-03 20:05,13597
2020-01-03 20:10,13618
2020-01-03 20:15,13631
2020-01-03 20:20,13625
2020-01-03 20:25,13737
2020-01-03 20:30,13879
2020-01-03 20:35,13942
2020-01-03 20:40,14020
2020-01-03 20:45,14087
2020-01-03 20:50,14156
2020-01-03 20:55,14149
2020-01-03 21:00,14318
2020-01-03 21:05,14318
2020-01-03 21:10,14339
2020-01-03 21:15,14316
2020-01-03 21:20,14389
2020-01-03 21:25,14419
2020-01-03 21:30,14421
2020-01-03 21:35,14520
2020-01-03 21:40,14533
2020-01-03 21:45,14533
2020-01-03 21:50,14625
2020-01-03 21:55,14641
2020-01-03 22:00,14602
2020-01-03 22:05,14602
2020-01-03 22:10,14578
2020-01-03 22:15,14588
2020-01-03 22:20,14514
2020-01-03 22:25,14504
2020-01-03 22:30,14504
2020-01-03 22:35,14432
2020-01-03 22:40,14428
2020-01-03 22:45,14428
2020-01-03 22:50,14422
2020-01-03 22:55,14296
2020-01-03 23:00,14189
2020-01-03 23:05,14189
2020-01-03 23:10,14050
2020-01-03 23:15,14050
2020-01-03 23:20,13904
2020-01-03 23:25,13828
2020-01-03 23:30,13828
2020-01-03 23:35,13736
2020-01-03 23:40,13564
2020-01-03 23:45,13564
2020-01-03 23:50,13347
2020-01-03 23:55,13298
2020-01-04 00:00,13247
2020-01-04 00:05,13247
2020-01-04 00:10,13155
2020-01-04 00:15,
2020-01-04 00:20,13015
2020-01-04 00:25,12937
2020-01-04 00:30,12893
2020-01-04 00:35,
2020-01-04 00:40,12755
2020-01-04 00:45,12755
2020-01-04 00:50,12644
2020-01-04 00:55,12644
2020-01-04 01:00,12570
2020-01-04 01:05,12570
2020-01-04 01:10,12482
2020-01-04 01:15,12482
2020-01-04 01:20,12462
2020-01-04 01:25,12512
2020-01-04 01:30,12513
2020-01-04 01:35,12495
2020-01-04 01:40,12568
2020-01-04 01:45,12568
2020-01-04 01:50,12538
2020-01-04 01:55,12521
2020-01-04 02:00,12542
2020-01-04 02:05,12542
2020-01-04 02:10,12563
2020-01-04 02:15,12560
2020-01-04 02:20,12539
2020-01-04 02:25,12526
2020-01-04 02:30,12584
2020-01-04 02:35,12591
2020-01-04 02:40,12533
2020-01-04 02:45,12506
2020-01-04 02:50,12536
2020-01-04 02:55,12509
2020-01-04 03:00,12492
2020-01-04 03:05,12445
2020-01-04 03:10,12399
2020-01-04 03:15,
2020-01-04 03:20,12321
2020-01-04 03:25,12268
2020-01-04 03:30,12198
2020-01-04 03:35,
2020-01-04 03:40,12143
2020-01-04 03:45,
2020-01-04 03:50,12148
2020-01-04 03:55,
2020-01-04 04:00,
2020-01-04 04:05,
2020-01-04 04:10,11995
2020-01-04 04:15,11979
2020-01-04 04:20,11966
2020-01-04 04:25,11925
2020-01-04 04:30,11944
2020-01-04 04:35,11898
2020-01-04 04:40,11847
2020-01-04 04:45,11766
2020-01-04 04:50,11643
2020-01-04 04:55,11503
2020-01-04 05:00,11357
2020-01-04 05:05,11250
2020-01-04 05:10,11112
2020-01-04 05:15,10970
2020-01-04 05:20,10755
2020-01-04 05:25,10629
2020-01-04 05:30,10551
2020-01-04 05:35,10501
2020-01-04 05:40,10398
2020-01-04 05:45,10338
2020-01-04 05:50,10255
2020-01-04 05:55,10128
2020-01-04 06:00,10012
2020-01-04 06:05,9941
2020-01-04 06:10,9828
2020-01-04 06:15,9692
2020-01-04 06:20,9562
2020-01-04 06:25,9409
2020-01-04 06:30,9244
2020-01-04 06:35,9084
2020-01-04 06:40,8968
2020-01-04 06:45,8799
2020-01-04 06:50,8673
2020-01-04 06:55,8529
2020-01-04 07:00,8249
2020-01-04 07:05,8249
2020-01-04 07:10,8101
2020-01-04 07:15,7913
2020-01-04 07:20,7815
2020-01-04 07:25,7771
2020-01-04 07:30,7595
2020-01-04 07:35,7522
2020-01-04 07:40,7325
2020-01-04 07:45,7179
2020-01-04 07:50,7062
2020-01-04 07:55,6963
2020-01-04 08:00,6696
2020-01-04 08:05,6696
2020-01-04 08:10,6598
2020-01-04 08:15,6436
2020-01-04 08:20,6313
2020-01-04 08:25,6203
2020-01-04 08:30,6138
2020-01-04 08:35,6046
2020-01-04 08:40,5944
2020-01-04 08:45,5897
2020-01-04 08:50,5845
2020-01-04 08:55,5757
2020-01-04 09:00,5592
2020-01-04 09:05,5592
2020-01-04 09:10,5569
2020-01-04 09:15,5528
2020-01-04 09:20,5457
2020-01-04 09:25,5415
2020-01-04 09:30,5355
2020-01-04 09:35,5335
2020-01-04 09:40,5335
2020-01-04 09:45,5302
2020-01-04 09:50,5282
2020-01-04 09:55,5285
2020-01-04 10:00,5298
2020-01-04 10:05,5298
2020-01-04 10:10,5280
2020-01-04 10:15,5302
2020-01-04 10:20,5330
2020-01-04 10:25,5293
2020-01-04 10:30,5328
2020-01-04 10:35,5402
2020-01-04 10:40,5427
2020-01-04 10:45,5441
2020-01-04 10:50,5509
2020-01-04 10:55,5525
2020-01-04 11:00,5571
2020-01-04 11:05,5628
2020-01-04 11:10,5692
2020-01-04 11:15,5713
2020-01-04 11:20,5818
2020-01-04 11:25,5791
2020-01-04 11:30,5882
2020-01-04 11:35,5894
2020-01-04 11:40,5950
2020-01-04 11:45,6031
2020-01-04 11:50,6062
2020-01-04 11:55,6077
2020-01-04 12:00,6126
2020-01-04 12:05,6126
2020-01-04 12:10,6165
2020-01-04 12:15,6232
2020-01-04 12:20,6318
2020-01-04 12:25,6422
2020-01-04 12:30,6472
2020-01-04 12:35,6536
2020-01-04 12:40,6668
2020-01-04 12:45,6751
2020-01-04 12:50,6845
2020-01-04 12:55,6876
2020-01-04 13:00,6952
2020-01-04 13:05,7057
2020-01-04 13:10,7139
2020-01-04 13:15,7275
2020-01-04 13:20,7301
2020-01-04 13:25,7409
2020-01-04 13:30,7483
2020-01-04 13:35,7496
2020-01-04 13:40,7588
2020-01-04 13:45,7672
2020-01-04 13:50,7762
2020-01-04 13:55,7776
2020-01-04 14:00,7884
2020-01-04 14:05,7988
2020-01-04 14:10,
2020-01-04 14:15,8163
2020-01-04 14:20,8226
2020-01-04 14:25,8339
2020-01-04 14:30,8429
2020-01-04 14:35,8499
2020-01-04 14:40,8613
2020-01-04 14:45,8692
2020-01-04 14:50,8832
2020-01-04 14:55,8911
2020-01-04 15:00,9038
2020-01-04 15:05,9131
2020-01-04 15:10,9207
2020-01-04 15:15,9345
2020-01-04 15:20,9513
2020-01-04 15:25,9634
2020-01-04 15:30,9719
2020-01-04 15:35,9825
2020-01-04 15:40,9946
2020-01-04 15:45,10048
2020-01-04 15:50,10153
2020-01-04 15:55,10282
2020-01-04 16:00,10328
2020-01-04 16:05,10446
2020-01-04 16:10,10543
2020-01-04 16:15,10633
2020-01-04 16:20,10726
2020-01-04 16:25,10751
2020-01-04 16:30,10895
2020-01-04 16:35,11016
2020-01-04 16:40,11066
2020-01-04 16:45,11147
2020-01-04 16:50,11278
2020-01-04 16:55,11344
2020-01-04 17:00,11461
2020-01-04 17:05,11472
2020-01-04 17:10,11581
2020-01-04 17:15,11609
2020-01-04 17:20,11674
2020-01-04 17:25,11716
2020-01-04 17:30,11826
2020-01-04 17:35,11871
2020-01-04 17:40,11909
2020-01-04 17:45,11986
2020-01-04 17:50,12166
2020-01-04 17:55,12282
2020-01-04 18:00,12347
2020-01-04 18:05,12353
2020-01-04 18:10,12403
2020-01-04 18:15,12574
2020-01-04 18:20,12661
2020-01-04 18:25,12749
2020-01-04 18:30,12814
2020-01-04 18:35,12878
2020-01-04 18:40,12993
2020-01-04 18:45,13033
2020-01-04 18:50,13178
2020-01-04 18:55,13254
2020-01-04 19:00,13283
2020-01-04 19:05,13287
2020-01-04 19:10,13462
2020-01-04 19:15,13637
2020-01-04 19:20,13758
2020-01-04 19:25,13840
2020-01-04 19:30,13974
2020-01-04 19:35,14073
2020-01-04 19:40,14037
2020-01-04 19:45,14183
2020-01-04 19:50,14303
2020-01-04 19:55,14443
2020-01-04 20:00,14487
2020-01-04 20:05,14514
2020-01-04 20:10,14573
2020-01-04 20:15,14729
2020-01-04 20:20,14785
2020-01-04 20:25,14817
2020-01-04 20:30,14846
2020-01-04 20:35,14799
2020-01-04 20:40,14763
2020-01-04 20:45,14853
2020-01-04 20:50,14929
2020-01-04 20:55,15034
2020-01-04 21:00,15041
2020-01-04 21:05,15016
2020-01-04 21:10,15004
2020-01-04 21:15,15090
2020-01-04 21:20,15099
2020-01-04 21:25,15198
2020-01-04 21:30,15212
2020-01-04 21:35,15188
2020-01-04 21:40,15176
2020-01-04 21:45,15168
2020-01-04 21:50,15170
2020-01-04 21:55,15209
2020-01-04 22:00,15150
2020-01-04 22:05,15121
2020-01-04 22:10,15040
2020-01-04 22:15,14993
2020-01-04 22:20,15044
2020-01-04 22:25,15080
2020-01-04 22:30,15007
2020-01-04 22:35,15045
2020-01-04 22:40,15097
2020-01-04 22:45,15138
2020-01-04 22:50,15113
2020-01-04 22:55,15040
2020-01-04 23:00,14959
2020-01-04 23:05,14881
2020-01-04 23:10,14760
2020-01-04 23:15,14698
2020-01-04 23:20,14644
2020-01-04 23:25,14557
2020-01-04 23:30,14423
2020-01-04 23:35,14448
2020-01-04 23:40,14303
2020-01-04 23:45,14222
2020-01-04 23:50,14142
2020-01-04 23:55,14102
2020-01-05 00:00,14039
2020-01-05 00:05,13991
2020-01-05 00:10,13868
2020-01-05 00:15,13820
2020-01-05 00:20,13717
2020-01-05 00:25,13544
2020-01-05 00:30,13484
2020-01-05 00:35,13446
2020-01-05 00:40,13427
2020-01-05 00:45,13402
2020-01-05 00:50,13328
2020-01-05 00:55,13278
2020-01-05 01:00,13206
2020-01-05 01:05,13118
2020-01-05 01:10,13023
2020-01-05 01:15,13028
2020-01-05 01:20,12952
2020-01-05 01:25,12919
2020-01-05 01:30,12882
2020-01-05 01:35,12865
2020-01-05 01:40,12869
2020-01-05 01:45,12827
2020-01-05 01:50,12838
2020-01-05 01:55,12786
2020-01-05 02:00,12737
2020-01-05 02:05,12704
2020-01-05 02:10,12715
2020-01-05 02:15,12641
2020-01-05 02:20,12634
2020-01-05 02:25,12634
2020-01-05 02:30,12628
2020-01-05 02:35,12549
2020-01-05 02:40,12523
2020-01-05 02:45,12518
2020-01-05 02:50,12474
2020-01-05 02:55,12483
2020-01-05 03:00,12448
2020-01-05 03:05,12385
2020-01-05 03:10,12328
2020-01-05 03:15,12300
2020-01-05 03:20,12269
2020-01-05 03:25,12246
2020-01-05 03:30,12209
2020-01-05 03:35,12162
2020-01-05 03:40,12156
2020-01-05 03:45,12088
2020-01-05 03:50,12077
2020-01-05 03:55,12026
2020-01-05 04:00,12016
2020-01-05 04:05,11977
2020-01-05 04:10,11937
2020-01-05 04:15,11891
2020-01-05 04:20,11844
2020-01-05 04:25,11817
2020-01-05 04:30,11805
2020-01-05 04:35,11780
2020-01-05 04:40,11759
2020-01-05 04:45,11710
2020-01-05 04:50,11678
2020-01-05 04:55,11585
2020-01-05 05:00,11555
2020-01-05 05:05,11448
2020-01-05 05:10,11307
2020-01-05 05:15,11280
2020-01-05 05:20,11165
2020-01-05 05:25,11086
2020-01-05 05:30,10982
2020-01-05 05:35,10862
2020-01-05 05:40,10736
2020-01-05 05:45,10616
2020-01-05 05:50,10509
2020-01-05 05:55,10347
2020-01-05 06:00,10216
2020-01-05 06:05,10110
2020-01-05 06:10,9930
2020-01-05 06:15,9817
2020-01-05 06:20,9754
2020-01-05 06:25,9642
2020-01-05 06:30,9523
2020-01-05 06:35,9391
2020-01-05 06:40,9287
2020-01-05 06:45,9176
2020-01-05 06:50,9038
2020-01-05 06:55,8895
2020-01-05 07:00,8765
2020-01-05 07:05,8638
2020-01-05 07:10,8473
2020-01-05 07:15,8332
2020-01-05 07:20,8176
2020-01-05 07:25,8001
2020-01-05 07:30,7890
2020-01-05 07:35,7738
2020-01-05 07:40,7609
2020-01-05 07:45,7482
2020-01-05 07:50,7332
2020-01-05 07:55,7200
2020-01-05 08:00,7068
2020-01-05 08:05,6974
2020-01-05 08:10,6884
2020-01-05 08:15,6744
2020-01-05 08:20,6611
2020-01-05 08:25,6486
2020-01-05 08:30,6403
2020-01-05 08:35,6335
2020-01-05 08:40,6283
2020-01-05 08:45,6204
2020-01-05 08:50,6131
2020-01-05 08:55,6101
2020-01-05 09:00,6047
2020-01-05 09:05,5963
2020-01-05 09:10,5978
2020-01-05 09:15,5931
2020-01-05 09:20,5881
2020-01-05 09:25,5820
2020-01-05 09:30,5782
2020-01-05 09:35,5723
2020-01-05 09:40,5712
2020-01-05 09:45,5685
2020-01-05 09:50,5697
2020-01-05 09:55,5731
2020-01-05 10:00,5719
2020-01-05 10:05,5728
2020-01-05 10:10,5709
2020-01-05 10:15,5726
2020-01-05 10:20,5705
2020-01-05 10:25,5708
2020-01-05 10:30,5761
2020-01-05 10:35,5792
2020-01-05 10:40,5824
2020-01-05 10:45,5896
2020-01-05 10:50,5925
2020-01-05 10:55,5988
2020-01-05 11:00,6049
2020-01-05 11:05,6027
2020-01-05 11:10,6049
2020-01-05 11:15,6050
2020-01-05 11:20,6080
2020-01-05 11:25,6150
2020-01-05 11:30,6221
2020-01-05 11:35,6242
2020-01-05 11:40,6316
2020-01-05 11:45,6405
2020-01-05 11:50,6443
2020-01-05 11:55,6499
2020-01-05 12:00,6540
2020-01-05 12:05,6616
2020-01-05 12:10,6707
2020-01-05 12:15,6778
2020-01-05 12:20,6816
2020-01-05 12:25,6946
2020-01-05 12:30,6986
2020-01-05 12:35,7085
2020-01-05 12:40,7111
2020-01-05 12:45,7134
2020-01-05 12:50,7216
2020-01-05 12:55,7279
2020-01-05 13:00,7356
2020-01-05 13:05,7446
2020-01-05 13:10,7586
2020-01-05 13:15,7661
2020-01-05 13:20,7793
2020-01-05 13:25,7828
2020-01-05 13:30,7860
2020-01-05 13:35,7973
2020-01-05 13:40,8116
2020-01-05 13:45,8221
2020-01-05 13:50,8349
2020-01-05 13:55,8377
2020-01-05 14:00,8411
2020-01-05 14:05,8496
2020-01-05 14:10,8627
2020-01-05 14:15,8759
2020-01-05 14:20,8827
2020-01-05 14:25,8933
2020-01-05 14:30,9032
2020-01-05 14:35,9120
2020-01-05 14:40,9292
2020-01-05 14:45,9394
2020-01-05 14:50,9469
2020-01-05 14:55,9589
2020-01-05 15:00,9659
2020-01-05 15:05,9686
2020-01-05 15:10,9650
2020-01-05 15:15,9774
2020-01-05 15:20,9889
2020-01-05 15:25,10070
2020-01-05 15:30,10169
2020-01-05 15:35,10310
2020-01-05 15:40,10405
2020-01-05 15:45,10542
2020-01-05 15:50,10632
2020-01-05 15:55,10736
2020-01-05 16:00,10857
2020-01-05 16:05,11004
2020-01-05 16:10,11060
2020-01-05 16:15,11121
2020-01-05 16:20,11243
2020-01-05 16:25,11316
2020-01-05 16:30,11453
2020-01-05 16:35,11538
2020-01-05 16:40,11614
2020-01-05 16:45,11685
2020-01-05 16:50,11766
2020-01-05 16:55,11895
2020-01-05 17:00,11995
2020-01-05 17:05,12109
2020-01-05 17:10,12126
2020-01-05 17:15,12258
2020-01-05 17:20,12352
2020-01-05 17:25,12456
2020-01-05 17:30,12528
2020-01-05 17:35,12652
2020-01-05 17:40,12668
2020-01-05 17:45,12783
2020-01-05 17:50,12901
2020-01-05 17:55,13021
2020-01-05 18:00,13097
2020-01-05 18:05,13188
2020-01-05 18:10,13326
2020-01-05 18:15,13440
2020-01-05 18:20,13513
2020-01-05 18:25,13587
2020-01-05 18:30,13606
2020-01-05 18:35,13656
2020-01-05 18:40,13808
2020-01-05 18:45,13824
2020-01-05 18:50,13912
2020-01-05 18:55,13998
2020-01-05 19:00,14079
2020-01-05 19:05,14195
2020-01-05 19:10,14260
2020-01-05 19:15,14341
2020-01-05 19:20,14467
2020-01-05 19:25,14578
2020-01-05 19:30,14666
2020-01-05 19:35,14861
2020-01-05 19:40,14896
2020-01-05 19:45,15006
2020-01-05 19:50,15035
2020-01-05 19:55,15165
2020-01-05 20:00,15253
2020-01-05 20:05,15284
2020-01-05 20:10,15310
2020-01-05 20:15,15412
2020-01-05 20:20,15391
2020-01-05 20:25,15401
2020-01-05 20:30,15499
2020-01-05 20:35,15498
2020-01-05 20:40,15522
2020-01-05 20:45,15544
2020-01-05 20:50,15588
2020-01-05 20:55,15638
2020-01-05 21:00,15600
2020-01-05 21:05,15568
2020-01-05 21:10,15623
2020-01-05 21:15,15578
2020-01-05 21:20,15602
2020-01-05 21:25,15600
2020-01-05 21:30,15580
2020-01-05 21:35,15605
2020-01-05 21:40,15656
2020-01-05 21:45,15632
2020-01-05 21:50,15584
2020-01-05 21:55,15595
2020-01-05 22:00,15559
2020-01-05 22:05,15404
2020-01-05 22:10,15350
2020-01-05 22:15,15186
2020-01-05 22:20,15114
2020-01-05 22:25,15116
2020-01-05 22:30,15133
2020-01-05 22:35,15029
2020-01-05 22:40,14980
2020-01-05 22:45,14940
2020-01-05 22:50,14852
2020-01-05 22:55,14728
2020-01-05 23:00,14552
2020-01-05 23:05,14449
2020-01-05 23:10,14382
2020-01-05 23:15,14313
2020-01-05 23:20,14175
2020-01-05 23:25,14139
2020-01-05 23:30,14072
2020-01-05 23:35,14047
2020-01-05 23:40,13896
2020-01-05 23:45,13855
2020-01-05 23:50,13799
2020-01-05 23:55,13777
2020-01-06 00:00,13684
2020-01-06 00:05,13652
2020-01-06 00:10,13657
2020-01-06 00:15,13579
2020-01-06 00:20,13518
2020-01-06 00:25,13514
2020-01-06 00:30,13410
2020-01-06 00:35,13375
2020-01-06 00:40,13357
2020-01-06 00:45,13298
2020-01-06 00:50,13313
2020-01-06 00:55,13300
2020-01-06 01:00,13238
2020-01-06 01:05,13187
2020-01-06 01:10,13133
2020-01-06 01:15,13095
2020-01-06 01:20,13017
2020-01-06 01:25,12994
2020-01-06 01:30,12988
2020-01-06 01:35,12948
2020-01-06 01:40,12949
2020-01-06 01:45,12955
2020-01-06 01:50,12893
2020-01-06 01:55,12962
2020-01-06 02:00,12941
2020-01-06 02:05,12939
2020-01-06 02:10,12980
2020-01-06 02:15,12937
2020-01-06 02:20,12830
2020-01-06 02:25,12768
2020-01-06 02:30,12794
2020-01-06 02:35,12726
2020-01-06 02:40,12720
2020-01-06 02:45,12699
2020-01-06 02:50,12625
2020-01-06 02:55,12584
2020-01-06 03:00,12552
2020-01-06 03:05,12431
2020-01-06 03:10,12378
2020-01-06 03:15,12350
2020-01-06 03:20,12211
2020-01-06 03:25,12070
2020-01-06 03:30,11953
2020-01-06 03:35,11863
2020-01-06 03:40,11775
2020-01-06 03:45,11738
2020-01-06 03:50,11678
2020-01-06 03:55,11532
2020-01-06 04:00,11403
2020-01-06 04:05,11285
2020-01-06 04:10,11115
2020-01-06 04:15,11008
2020-01-06 04:20,10950
2020-01-06 04:25,10888
2020-01-06 04:30,10763
2020-01-06 04:35,10628
2020-01-06 04:40,10528
2020-01-06 04:45,10408
2020-01-06 04:50,10306
2020-01-06 04:55,10140
2020-01-06 05:00,9944
2020-01-06 05:05,9762
2020-01-06 05:10,9586
2020-01-06 05:15,9408
2020-01-06 05:20,9269
2020-01-06 05:25,9168
2020-01-06 05:30,9019
2020-01-06 05:35,8860
2020-01-06 05:40,8671
2020-01-06 05:45,8486
2020-01-06 05:50,8403
2020-01-06 05:55,8255
2020-01-06 06:00,8056
2020-01-06 06:05,7928
2020-01-06 06:10,7763
2020-01-06 06:15,7613
2020-01-06 06:20,7498
2020-01-06 06:25,7390
2020-01-06 06:30,7295
2020-01-06 06:35,7103
2020-01-06 06:40,6992
2020-01-06 06:45,6897
2020-01-06 06:50,6751
2020-01-06 06:55,6643
2020-01-06 07:00,6529
2020-01-06 07:05,6427
2020-01-06 07:10,6251
2020-01-06 07:15,6129
2020-01-06 07:20,6017
2020-01-06 07:25,5915
2020-01-06 07:30,5814
2020-01-06 07:35,5683
2020-01-06 07:40,5608
2020-01-06 07:45,5533
2020-01-06 07:50,5407
2020-01-06 07:55,5311
2020-01-06 08:00,5218
2020-01-06 08:05,5124
2020-01-06 08:10,5017
2020-01-06 08:15,4988
2020-01-06 08:20,4906
2020-01-06 08:25,4868
2020-01-06 08:30,4833
2020-01-06 08:35,4792
2020-01-06 08:40,4787
2020-01-06 08:45,4753
2020-01-06 08:50,4700
2020-01-06 08:55,4619
2020-01-06 09:00,4632
2020-01-06 09:05,4591
2020-01-06 09:10,4596
2020-01-06 09:15,4573
2020-01-06 09:20,4558
2020-01-06 09:25,4556
2020-01-06 09:30,4554
2020-01-06 09:35,4544
2020-01-06 09:40,4594
2020-01-06 09:45,4567
2020-01-06 09:50,4607
2020-01-06 09:55,4621
2020-01-06 10:00,4587
2020-01-06 10:05,4601
2020-01-06 10:10,4629
2020-01-06 10:15,4641
2020-01-06 10:20,4663
2020-01-06 10:25,4711
2020-01-06 10:30,4744
2020-01-06 10:35,4745
2020-01-06 10:40,4800
2020-01-06 10:45,4806
2020-01-06 10:50,4840
2020-01-06 10:55,4866
2020-01-06 11:00,4915
2020-01-06 11:05,4963
2020-01-06 11:10,4998
2020-01-06 11:15,5053
2020-01-06 11:20,5090
2020-01-06 11:25,5136
2020-01-06 11:30,5209
2020-01-06 11:35,5243
2020-01-06 11:40,5346
2020-01-06 11:45,5362
2020-01-06 11:50,5413
2020-01-06 11:55,5484
2020-01-06 12:00,5497
2020-01-06 12:05,5532
2020-01-06 12:10,5617
2020-01-06 12:15,5694
2020-01-06 12:20,5722
2020-01-06 12:25,5798
2020-01-06 12:30,5828
2020-01-06 12:35,5867
2020-01-06 12:40,5911
2020-01-06 12:45,6017
2020-01-06 12:50,6055
2020-01-06 12:55,6122
2020-01-06 13:00,6200
2020-01-06 13:05,6239
2020-01-06 13:10,6317
2020-01-06 13:15,6417
2020-01-06 13:20,6496
2020-01-06 13:25,6536
2020-01-06 13:30,6571
2020-01-06 13:35,6652
2020-01-06 13:40,6742
2020-01-06 13:45,6744
2020-01-06 13:50,6823
2020-01-06 13:55,6901
2020-01-06 14:00,6977
2020-01-06 14:05,7052
2020-01-06 14:10,7092
2020-01-06 14:15,7172
2020-01-06 14:20,7257
2020-01-06 14:25,7371
2020-01-06 14:30,7444
2020-01-06 14:35,7564
2020-01-06 14:40,7592
2020-01-06 14:45,7683
2020-01-06 14:50,7760
2020-01-06 14:55,7805
2020-01-06 15:00,7891
2020-01-06 15:05,7959
2020-01-06 15:10,7983
2020-01-06 15:15,8052
2020-01-06 15:20,8168
2020-01-06 15:25,8225
2020-01-06 15:30,8275
2020-01-06 15:35,8347
2020-01-06 15:40,8442
2020-01-06 15:45,8475
2020-01-06 15:50,8539
2020-01-06 15:55,8629
2020-01-06 16:00,8746
2020-01-06 16:05,8794
2020-01-06 16:10,8845
2020-01-06 16:15,8967
2020-01-06 16:20,9076
2020-01-06 16:25,9208
2020-01-06 16:30,9342
2020-01-06 16:35,9488
2020-01-06 16:40,9677
2020-01-06 16:45,9831
2020-01-06 16:50,9916
2020-01-06 16:55,9932
2020-01-06 17:00,10001
2020-01-06 17:05,10057
2020-01-06 17:10,10156
2020-01-06 17:15,10261
2020-01-06 17:20,10310
2020-01-06 17:25,10293
2020-01-06 17:30,10353
2020-01-06 17:35,10420
2020-01-06 17:40,10480
2020-01-06 17:45,10568
2020-01-06 17:50,10660
2020-01-06 17:55,10783
2020-01-06 18:00,10871
2020-01-06 18:05,10932
2020-01-06 18:10,11059
2020-01-06 18:15,11092
2020-01-06 18:20,11249
2020-01-06 18:25,11332
2020-01-06 18:30,11435
2020-01-06 18:35,11546
2020-01-06 18:40,11684
2020-01-06 18:45,11766
2020-01-06 18:50,11864
2020-01-06 18:55,11937
2020-01-06 19:00,12099
2020-01-06 19:05,12205
2020-01-06 19:10,12341
2020-01-06 19:15,12393
2020-01-06 19:20,12468
2020-01-06 19:25,12542
2020-01-06 19:30,12713
2020-01-06 19:35,12735
2020-01-06 19:40,12843
2020-01-06 19:45,12929
2020-01-06 19:50,13009
2020-01-06 19:55,13060
2020-01-06 20:00,13113
2020-01-06 20:05,13124
2020-01-06 20:10,13129
2020-01-06 20:15,13158
2020-01-06 20:20,13229
2020-01-06 20:25,13288
2020-01-06 20:30,13280
2020-01-06 20:35,13313
2020-01-06 20:40,13320
2020-01-06 20:45,13324
2020-01-06 20:50,13327
2020-01-06 20:55,13244
2020-01-06 21:00,13253
2020-01-06 21:05,13214
2020-01-06 21:10,13243
2020-01-06 21:15,13207
2020-01-06 21:20,13189
2020-01-06 21:25,13233
2020-01-06 21:30,13198
2020-01-06 21:35,13288
2020-01-06 21:40,13241
2020-01-06 21:45,13238
2020-01-06 21:50,13218
2020-01-06 21:55,13220
2020-01-06 22:00,13106
2020-01-06 22:05,13119
2020-01-06 22:10,13063
2020-01-06 22:15,13006
2020-01-06 22:20,12923
2020-01-06 22:25,12836
2020-01-06 22:30,12723
2020-01-06 22:35,12704
2020-01-06 22:40,12681
2020-01-06 22:45,12555
2020-01-06 22:50,12563
2020-01-06 22:55,12548
2020-01-06 23:00,12423
2020-01-06 23:05,12313
2020-01-06 23:10,12267
2020-01-06 23:15,12277
2020-01-06 23:20,12264
2020-01-06 23:25,12238
2020-01-06 23:30,12161
2020-01-06 23:35,12147
2020-01-06 23:40,12162
2020-01-06 23:45,12153
2020-01-06 23:50,12112
2020-01-06 23:55,12092
2020-01-07 00:00,11987
2020-01-07 00:05,11924
2020-01-07 00:10,11852
2020-01-07 00:15,11871
2020-01-07 00:20,11913
2020-01-07 00:25,11961
2020-01-07 00:30,11912
2020-01-07 00:35,11864
2020-01-07 00:40,11919
2020-01-07 00:45,11868
2020-01-07 00:50,11881
2020-01-07 00:55,11907
2020-01-07 01:00,11937
2020-01-07 01:05,11971
2020-01-07 01:10,11990
2020-01-07 01:15,12000
2020-01-07 01:20,11978
2020-01-07 01:25,11996
2020-01-07 01:30,11962
2020-01-07 01:35,11891
2020-01-07 01:40,11864
2020-01-07 01:45,11945
2020-01-07 01:50,11915
2020-01-07 01:55,11885
2020-01-07 02:00,11861
2020-01-07 02:05,11810
2020-01-07 02:10,11757
2020-01-07 02:15,11776
2020-01-07 02:20,11793
2020-01-07 02:25,11820
2020-01-07 02:30,11791
2020-01-07 02:35,11745
2020-01-07 02:40,11703
2020-01-07 02:45,11684
2020-01-07 02:50,11655
2020-01-07 02:55,11638
2020-01-07 03:00,11545
2020-01-07 03:05,11480
2020-01-07 03:10,11420
2020-01-07 03:15,11426
2020-01-07 03:20,11358
2020-01-07 03:25,11298
2020-01-07 03:30,11212
2020-01-07 03:35,11126
2020-01-07 03:40,11004
2020-01-07 03:45,10939
2020-01-07 03:50,10860
2020-01-07 03:55,10730
2020-01-07 04:00,10665
2020-01-07 04:05,10599
2020-01-07 04:10,10427
2020-01-07 04:15,10339
2020-01-07 04:20,10233
2020-01-07 04:25,10100
2020-01-07 04:30,9917
2020-01-07 04:35,9777
2020-01-07 04:40,9660
2020-01-07 04:45,9613
2020-01-07 04:50,9441
2020-01-07 04:55,9293
2020-01-07 05:00,9181
2020-01-07 05:05,9062
2020-01-07 05:10,8868
2020-01-07 05:15,8750
2020-01-07 05:20,8616
2020-01-07 05:25,8496
2020-01-07 05:30,8395
2020-01-07 05:35,8227
2020-01-07 05:40,8062
2020-01-07 05:45,7930
2020-01-07 05:50,7847
2020-01-07 05:55,7709
2020-01-07 06:00,7610
2020-01-07 06:05,7540
2020-01-07 06:10,7403
2020-01-07 06:15,7237
2020-01-07 06:20,7069
2020-01-07 06:25,6941
2020-01-07 06:30,6873
2020-01-07 06:35,6712
2020-01-07 06:40,6593
2020-01-07 06:45,6473
2020-01-07 06:50,6387
2020-01-07 06:55,6251
2020-01-07 07:00,6153
2020-01-07 07:05,6034
2020-01-07 07:10,5898
2020-01-07 07:15,5812
2020-01-07 07:20,5704
2020-01-07 07:25,5558
2020-01-07 07:30,5517
2020-01-07 07:35,5425
2020-01-07 07:40,5307
2020-01-07 07:45,5240
2020-01-07 07:50,5179
2020-01-07 07:55,5127
2020-01-07 08:00,5076
2020-01-07 08:05,5015
2020-01-07 08:10,4995
2020-01-07 08:15,4918
2020-01-07 08:20,4869
2020-01-07 08:25,4785
2020-01-07 08:30,4757
2020-01-07 08:35,4665
2020-01-07 08:40,4656
2020-01-07 08:45,4622
2020-01-07 08:50,4565
2020-01-07 08:55,4530
2020-01-07 09:00,4438
2020-01-07 09:05,4426
2020-01-07 09:10,4430
2020-01-07 09:15,4425
2020-01-07 09:20,4405
2020-01-07 09:25,4385
2020-01-07 09:30,4364
2020-01-07 09:35,4401
2020-01-07 09:40,4375
2020-01-07 09:45,4356
2020-01-07 09:50,4390
2020-01-07 09:55,4367
2020-01-07 10:00,4400
2020-01-07 10:05,4403
2020-01-07 10:10,4408
2020-01-07 10:15,4402
2020-01-07 10:20,4436
2020-01-07 10:25,4444
2020-01-07 10:30,4412
2020-01-07 10:35,4479
2020-01-07 10:40,4490
2020-01-07 10:45,4500
2020-01-07 10:50,4539
2020-01-07 10:55,4536
2020-01-07 11:00,4580
2020-01-07 11:05,4613
2020-01-07 11:10,4645
2020-01-07 11:15,4677
2020-01-07 11:20,4715
2020-01-07 11:25,4763
2020-01-07 11:30,4763
2020-01-07 11:35,4831
2020-01-07 11:40,4867
2020-01-07 11:45,4894
2020-01-07 11:50,4921
2020-01-07 11:55,4927
2020-01-07 12:00,4983
2020-01-07 12:05,5045
2020-01-07 12:10,5158
2020-01-07 12:15,5191
2020-01-07 12:20,5249
2020-01-07 12:25,5317
2020-01-07 12:30,5402
2020-01-07 12:35,5424
2020-01-07 12:40,5478
2020-01-07 12:45,5510
2020-01-07 12:50,5578
2020-01-07 12:55,5606
2020-01-07 13:00,5680
2020-01-07 13:05,5764
2020-01-07 13:10,5818
2020-01-07 13:15,5895
2020-01-07 13:20,5999
2020-01-07 13:25,6042
2020-01-07 13:30,6057
2020-01-07 13:35,6108
2020-01-07 13:40,6160
2020-01-07 13:45,6217
2020-01-07 13:50,6277
2020-01-07 13:55,6377
2020-01-07 14:00,6461
2020-01-07 14:05,6574
2020-01-07 14:10,6682
2020-01-07 14:15,6755
2020-01-07 14:20,6838
2020-01-07 14:25,6892
2020-01-07 14:30,6986
2020-01-07 14:35,7050
2020-01-07 14:40,7143
2020-01-07 14:45,7204
2020-01-07 14:50,7303
2020-01-07 14:55,7373
2020-01-07 15:00,7462
2020-01-07 15:05,7535
2020-01-07 15:10,7660
2020-01-07 15:15,7645
2020-01-07 15:20,7745
2020-01-07 15:25,7765
2020-01-07 15:30,7815
2020-01-07 15:35,7929
2020-01-07 15:40,8007
2020-01-07 15:45,8089
2020-01-07 15:50,8219
2020-01-07 15:55,8298
2020-01-07 16:00,8401
2020-01-07 16:05,8460
2020-01-07 16:10,8546
2020-01-07 16:15,8595
2020-01-07 16:20,8688
2020-01-07 16:25,8792
2020-01-07 16:30,8858
2020-01-07 16:35,9011
2020-01-07 16:40,9072
2020-01-07 16:45,9137
2020-01-07 16:50,9220
2020-01-07 16:55,9309
2020-01-07 17:00,9449
2020-01-07 17:05,9489
2020-01-07 17:10,9525
2020-01-07 17:15,9601
2020-01-07 17:20,9642
2020-01-07 17:25,9796
2020-01-07 17:30,9894
2020-01-07 17:35,9985
2020-01-07 17:40,10104
2020-01-07 17:45,10187
2020-01-07 17:50,10356
2020-01-07 17:55,10525
2020-01-07 18:00,10673
2020-01-07 18:05,10826
2020-01-07 18:10,10873
2020-01-07 18:15,10963
2020-01-07 18:20,10975
2020-01-07 18:25,11074
2020-01-07 18:30,11127
2020-01-07 18:35,11266
2020-01-07 18:40,11416
2020-01-07 18:45,11477
2020-01-07 18:50,11524
2020-01-07 18:55,11553
2020-01-07 19:00,11579
2020-01-07 19:05,11671
2020-01-07 19:10,11729
2020-01-07 19:15,11787
2020-01-07 19:20,11936
2020-01-07 19:25,12099
2020-01-07 19:30,12187
2020-01-07 19:35,12295
2020-01-07 19:40,12421
2020-01-07 19:45,12485
2020-01-07 19:50,12542
2020-01-07 19:55,12602
2020-01-07 20:00,12659
2020-01-07 20:05,12726
2020-01-07 20:10,12749
2020-01-07 20:15,12819
2020-01-07 20:20,12892
2020-01-07 20:25,12996
2020-01-07 20:30,12974
2020-01-07 20:35,12954
2020-01-07 20:40,13017
2020-01-07 20:45,13010
2020-01-07 20:50,13039
2020-01-07 20:55,13047
2020-01-07 21:00,12981
2020-01-07 21:05,13003
2020-01-07 21:10,13019
2020-01-07 21:15,13007
2020-01-07 21:20,12961
2020-01-07 21:25,12965
2020-01-07 21:30,12902
2020-01-07 21:35,12900
2020-01-07 21:40,12956
2020-01-07 21:45,12930
2020-01-07 21:50,12940
2020-01-07 21:55,12941
2020-01-07 22:00,12856
2020-01-07 22:05,12849
2020-01-07 22:10,12772
2020-01-07 22:15,12706
2020-01-07 22:20,12643
2020-01-07 22:25,12590
2020-01-07 22:30,12571
2020-01-07 22:35,12526
2020-01-07 22:40,12431
2020-01-07 22:45,12310
2020-01-07 22:50,12270
2020-01-07 22:55,12219
2020-01-07 23:00,12114
2020-01-07 23:05,12056
2020-01-07 23:10,11977
2020-01-07 23:15,11929
2020-01-07 23:20,11847
2020-01-07 23:25,11838
2020-01-07 23:30,11769
2020-01-07 23:35,11796
2020-01-07 23:40,11695
2020-01-07 23:45,11704
2020-01-07 23:50,11641
2020-01-07 23:55,11657
2020-01-08 00:00,11610
2020-01-08 00:05,11524
2020-01-08 00:10,11446
2020-01-08 00:15,11420
2020-01-08 00:20,11459
2020-01-08 00:25,11470
2020-01-08 00:30,11468
2020-01-08 00:35,11511
2020-01-08 00:40,
2020-01-08 00:45,
2020-01-08 00:50,10461
2020-01-08 00:55,11458
2020-01-08 01:00,11536
2020-01-08 01:05,11542
2020-01-08 01:10,11577
2020-01-08 01:15,11622
2020-01-08 01:20,11659
2020-01-08 01:25,11700
2020-01-08 01:30,11713
2020-01-08 01:35,11734
2020-01-08 01:40,11739
2020-01-08 01:45,11806
2020-01-08 01:50,11862
2020-01-08 01:55,11842
2020-01-08 02:00,11841
2020-01-08 02:05,11845
2020-01-08 02:10,11861
2020-01-08 02:15,11875
2020-01-08 02:20,11906
2020-01-08 02:25,11852
2020-01-08 02:30,11926
2020-01-08 02:35,11915
2020-01-08 02:40,11923
2020-01-08 02:45,11957
2020-01-08 02:50,11949
2020-01-08 02:55,11968
2020-01-08 03:00,11954
2020-01-08 03:05,11862
2020-01-08 03:10,11761
2020-01-08 03:15,11674
2020-01-08 03:20,11592
2020-01-08 03:25,11555
2020-01-08 03:30,11416
2020-01-08 03:35,11335
2020-01-08 03:40,11256
2020-01-08 03:45,11182
2020-01-08 03:50,11095
2020-01-08 03:55,10982
2020-01-08 04:00,10935
2020-01-08 04:05,10783
2020-01-08 04:10,10686
2020-01-08 04:15,10520
2020-01-08 04:20,10438
2020-01-08 04:25,10343
2020-01-08 04:30,10250
2020-01-08 04:35,10159
2020-01-08 04:40,10020
2020-01-08 04:45,9891
2020-01-08 04:50,9804
2020-01-08 04:55,9663
2020-01-08 05:00,9484
2020-01-08 05:05,9295
2020-01-08 05:10,9134
2020-01-08 05:15,8948
2020-01-08 05:20,8795
2020-01-08 05:25,8611
2020-01-08 05:30,8518
2020-01-08 05:35,8338
2020-01-08 05:40,8240
2020-01-08 05:45,8093
2020-01-08 05:50,7950
2020-01-08 05:55,7829
2020-01-08 06:00,7671
2020-01-08 06:05,7483
2020-01-08 06:10,7346
2020-01-08 06:15,7188
2020-01-08 06:20,7032
2020-01-08 06:25,6948
2020-01-08 06:30,6821
2020-01-08 06:35,6691
2020-01-08 06:40,6627
2020-01-08 06:45,6507
2020-01-08 06:50,6414
2020-01-08 06:55,6274
2020-01-08 07:00,6114
2020-01-08 07:05,5973
2020-01-08 07:10,5918
2020-01-08 07:15,5845
2020-01-08 07:20,5753
2020-01-08 07:25,5619
2020-01-08 07:30,5502
2020-01-08 07:35,5419
2020-01-08 07:40,5336
2020-01-08 07:45,5240
2020-01-08 07:50,5169
2020-01-08 07:55,5113
2020-01-08 08:00,5034
2020-01-08 08:05,4992
2020-01-08 08:10,4913
2020-01-08 08:15,4843
2020-01-08 08:20,4771
2020-01-08 08:25,4753
2020-01-08 08:30,4675
2020-01-08 08:35,4597
2020-01-08 08:40,4516
2020-01-08 08:45,4482
2020-01-08 08:50,4430
2020-01-08 08:55,4390
2020-01-08 09:00,4364
2020-01-08 09:05,4363
2020-01-08 09:10,4326
2020-01-08 09:15,4307
2020-01-08 09:20,4291
2020-01-08 09:25,4279
2020-01-08 09:30,4278
2020-01-08 09:35,4234
2020-01-08 09:40,4249
2020-01-08 09:45,4258
2020-01-08 09:50,4237
2020-01-08 09:55,4241
2020-01-08 10:00,4254
2020-01-08 10:05,4282
2020-01-08 10:10,4319
2020-01-08 10:15,4318
2020-01-08 10:20,4285
2020-01-08 10:25,4286
2020-01-08 10:30,4264
2020-01-08 10:35,4313
2020-01-08 10:40,4377
2020-01-08 10:45,4388
2020-01-08 10:50,4406
2020-01-08 10:55,4430
2020-01-08 11:00,4441
2020-01-08 11:05,4460
2020-01-08 11:10,4501
2020-01-08 11:15,4509
2020-01-08 11:20,4572
2020-01-08 11:25,4625
2020-01-08 11:30,4679
2020-01-08 11:35,4720
2020-01-08 11:40,4801
2020-01-08 11:45,4824
2020-01-08 11:50,4874
2020-01-08 11:55,4892
2020-01-08 12:00,4956
2020-01-08 12:05,5001
2020-01-08 12:10,5089
2020-01-08 12:15,5118
2020-01-08 12:20,5174
2020-01-08 12:25,5241
2020-01-08 12:30,5294
2020-01-08 12:35,5301
2020-01-08 12:40,5335
2020-01-08 12:45,5357
2020-01-08 12:50,5412
2020-01-08 12:55,5485
2020-01-08 13:00,5572
2020-01-08 13:05,5608
2020-01-08 13:10,5622
2020-01-08 13:15,5683
2020-01-08 13:20,5773
2020-01-08 13:25,5806
2020-01-08 13:30,5942
2020-01-08 13:35,5992
2020-01-08 13:40,6045
2020-01-08 13:45,6166
2020-01-08 13:50,6276
2020-01-08 13:55,6330
2020-01-08 14:00,6390
2020-01-08 14:05,6466
2020-01-08 14:10,6548
2020-01-08 14:15,6559
2020-01-08 14:20,6595
2020-01-08 14:25,6623
2020-01-08 14:30,6686
2020-01-08 14:35,6781
2020-01-08 14:40,6831
2020-01-08 14:45,6902
2020-01-08 14:50,7045
2020-01-08 14:55,7097
2020-01-08 15:00,7138
2020-01-08 15:05,7266
2020-01-08 15:10,7339
2020-01-08 15:15,7456
2020-01-08 15:20,7523
2020-01-08 15:25,7617
2020-01-08 15:30,7716
2020-01-08 15:35,7762
2020-01-08 15:40,7901
2020-01-08 15:45,8000
2020-01-08 15:50,8106
2020-01-08 15:55,8178
2020-01-08 16:00,8296
2020-01-08 16:05,8370
2020-01-08 16:10,8417
2020-01-08 16:15,8542
2020-01-08 16:20,8669
2020-01-08 16:25,8784
2020-01-08 16:30,8875
2020-01-08 16:35,8893
2020-01-08 16:40,9003
2020-01-08 16:45,9077
2020-01-08 16:50,9135
2020-01-08 16:55,9226
2020-01-08 17:00,9298
2020-01-08 17:05,9366
2020-01-08 17:10,9494
2020-01-08 17:15,9568
2020-01-08 17:20,9625
2020-01-08 17:25,9755
2020-01-08 17:30,9858
2020-01-08 17:35,9981
2020-01-08 17:40,10060
2020-01-08 17:45,10178
2020-01-08 17:50,10277
2020-01-08 17:55,10390
2020-01-08 18:00,10471
2020-01-08 18:05,10630
2020-01-08 18:10,10764
2020-01-08 18:15,10812
2020-01-08 18:20,10910
2020-01-08 18:25,10967
2020-01-08 18:30,11039
2020-01-08 18:35,11071
2020-01-08 18:40,11174
2020-01-08 18:45,11279
2020-01-08 18:50,11353
2020-01-08 18:55,11464
2020-01-08 19:00,11533
2020-01-08 19:05,11639
2020-01-08 19:10,11770
2020-01-08 19:15,0
2020-01-08 19:20,11923
2020-01-08 19:25,12049
2020-01-08 19:30,12080
2020-01-08 19:35,12111
2020-01-08 19:40,12208
2020-01-08 19:45,12335
2020-01-08 19:50,12394
2020-01-08 19:55,12417
2020-01-08 20:00,12405
2020-01-08 20:05,12392
2020-01-08 20:10,12363
2020-01-08 20:15,12445
2020-01-08 20:20,12469
2020-01-08 20:25,12457
2020-01-08 20:30,12546
2020-01-08 20:35,12558
2020-01-08 20:40,12558
2020-01-08 20:45,12640
2020-01-08 20:50,12597
2020-01-08 20:55,12577
2020-01-08 21:00,12520
2020-01-08 21:05,12606
2020-01-08 21:10,12659
2020-01-08 21:15,12816
2020-01-08 21:20,12807
2020-01-08 21:25,12877
2020-01-08 21:30,12806
2020-01-08 21:35,12830
2020-01-08 21:40,12824
2020-01-08 21:45,12867
2020-01-08 21:50,12842
2020-01-08 21:55,12758
2020-01-08 22:00,12676
2020-01-08 22:05,12629
2020-01-08 22:10,12660
2020-01-08 22:15,12630
2020-01-08 22:20,12570
2020-01-08 22:25,12605
2020-01-08 22:30,12607
2020-01-08 22:35,12559
2020-01-08 22:40,12592
2020-01-08 22:45,12488
2020-01-08 22:50,12426
2020-01-08 22:55,12326
2020-01-08 23:00,12295
2020-01-08 23:05,12211
2020-01-08 23:10,12202
2020-01-08 23:15,12144
2020-01-08 23:20,12132
2020-01-08 23:25,12168
2020-01-08 23:30,12053
2020-01-08 23:35,11964
2020-01-08 23:40,11946
2020-01-08 23:45,11931
2020-01-08 23:50,11936
2020-01-08 23:55,11874
2020-01-09 00:00,11818
2020-01-09 00:05,11889
2020-01-09 00:10,11889
2020-01-09 00:15,11914
2020-01-09 00:20,11839
2020-01-09 00:25,11831
2020-01-09 00:30,11796
2020-01-09 00:35,11759
2020-01-09 00:40,11733
2020-01-09 00:45,11814
2020-01-09 00:50,11879
2020-01-09 00:55,11864
2020-01-09 01:00,11797
2020-01-09 01:05,11800
2020-01-09 01:10,11824
2020-01-09 01:15,11897
2020-01-09 01:20,11964
2020-01-09 01:25,12015
2020-01-09 01:30,12071
2020-01-09 01:35,12009
2020-01-09 01:40,12025
2020-01-09 01:45,12109
2020-01-09 01:50,12152
2020-01-09 01:55,12182
2020-01-09 02:00,12216
2020-01-09 02:05,12209
2020-01-09 02:10,12278
2020-01-09 02:15,12254
2020-01-09 02:20,12254
2020-01-09 02:25,12222
2020-01-09 02:30,12214
2020-01-09 02:35,12211
2020-01-09 02:40,12190
2020-01-09 02:45,12202
2020-01-09 02:50,12183
2020-01-09 02:55,12163
2020-01-09 03:00,12131
2020-01-09 03:05,12064
2020-01-09 03:10,11974
2020-01-09 03:15,11882
2020-01-09 03:20,11842
2020-01-09 03:25,11804
2020-01-09 03:30,11693
2020-01-09 03:35,11553
2020-01-09 03:40,11471
2020-01-09 03:45,11401
2020-01-09 03:50,11339
2020-01-09 03:55,11228
2020-01-09 04:00,11072
2020-01-09 04:05,10997
2020-01-09 04:10,10832
2020-01-09 04:15,10711
2020-01-09 04:20,10686
2020-01-09 04:25,10486
2020-01-09 04:30,10332
2020-01-09 04:35,10175
2020-01-09 04:40,10098
2020-01-09 04:45,9981
2020-01-09 04:50,9875
2020-01-09 04:55,9698
2020-01-09 05:00,9564
2020-01-09 05:05,9405
2020-01-09 05:10,9241
2020-01-09 05:15,9160
2020-01-09 05:20,9042
2020-01-09 05:25,8885
2020-01-09 05:30,8751
2020-01-09 05:35,8609
2020-01-09 05:40,8418
2020-01-09 05:45,8224
2020-01-09 05:50,8141
2020-01-09 05:55,8002
2020-01-09 06:00,7884
2020-01-09 06:05,7661
2020-01-09 06:10,7476
2020-01-09 06:15,7310
2020-01-09 06:20,7232
2020-01-09 06:25,7104
2020-01-09 06:30,6985
2020-01-09 06:35,6867
2020-01-09 06:40,6783
2020-01-09 06:45,6669
2020-01-09 06:50,6589
2020-01-09 06:55,6469
2020-01-09 07:00,6352
2020-01-09 07:05,6202
2020-01-09 07:10,6077
2020-01-09 07:15,5954
2020-01-09 07:20,5880
2020-01-09 07:25,5777
2020-01-09 07:30,5720
2020-01-09 07:35,5610
2020-01-09 07:40,5491
2020-01-09 07:45,5419
2020-01-09 07:50,5375
2020-01-09 07:55,5293
2020-01-09 08:00,5216
2020-01-09 08:05,5112
2020-01-09 08:10,5043
2020-01-09 08:15,4979
2020-01-09 08:20,4883
2020-01-09 08:25,4788
2020-01-09 08:30,4723
2020-01-09 08:35,4682
2020-01-09 08:40,4589
2020-01-09 08:45,4562
2020-01-09 08:50,4486
2020-01-09 08:55,4434
2020-01-09 09:00,4403
2020-01-09 09:05,4413
2020-01-09 09:10,4401
2020-01-09 09:15,4363
2020-01-09 09:20,4346
2020-01-09 09:25,4393
2020-01-09 09:30,4378
2020-01-09 09:35,4343
2020-01-09 09:40,4304
2020-01-09 09:45,4347
2020-01-09 09:50,4386
2020-01-09 09:55,4331
2020-01-09 10:00,4313
2020-01-09 10:05,4324
2020-01-09 10:10,4306
2020-01-09 10:15,4303
2020-01-09 10:20,4298
2020-01-09 10:25,4319
2020-01-09 10:30,4367
2020-01-09 10:35,4415
2020-01-09 10:40,4433
2020-01-09 10:45,4471
2020-01-09 10:50,4497
2020-01-09 10:55,4509
2020-01-09 11:00,4525
2020-01-09 11:05,4535
2020-01-09 11:10,4576
2020-01-09 11:15,4648
2020-01-09 11:20,4656
2020-01-09 11:25,4664
2020-01-09 11:30,4730
2020-01-09 11:35,4770
2020-01-09 11:40,4806
2020-01-09 11:45,4874
2020-01-09 11:50,4914
2020-01-09 11:55,4980
2020-01-09 12:00,5025
2020-01-09 12:05,5081
2020-01-09 12:10,5117
2020-01-09 12:15,5099
2020-01-09 12:20,5177
2020-01-09 12:25,5221
2020-01-09 12:30,5277
2020-01-09 12:35,5329
2020-01-09 12:40,5375
2020-01-09 12:45,5434
2020-01-09 12:50,5519
2020-01-09 12:55,5580
2020-01-09 13:00,5605
2020-01-09 13:05,5696
2020-01-09 13:10,5781
2020-01-09 13:15,5881
2020-01-09 13:20,5958
2020-01-09 13:25,5990
2020-01-09 13:30,6051
2020-01-09 13:35,6108
2020-01-09 13:40,6193
2020-01-09 13:45,6273
2020-01-09 13:50,6320
2020-01-09 13:55,6482
2020-01-09 14:00,6621
2020-01-09 14:05,6683
2020-01-09 14:10,6750
2020-01-09 14:15,6822
2020-01-09 14:20,6917
2020-01-09 14:25,6972
2020-01-09 14:30,7021
2020-01-09 14:35,7133
2020-01-09 14:40,7148
2020-01-09 14:45,7214
2020-01-09 14:50,7281
2020-01-09 14:55,7362
2020-01-09 15:00,7443
2020-01-09 15:05,7527
2020-01-09 15:10,7629
2020-01-09 15:15,7762
2020-01-09 15:20,7816
2020-01-09 15:25,7882
2020-01-09 15:30,7965
2020-01-09 15:35,8049
2020-01-09 15:40,8152
2020-01-09 15:45,8209
2020-01-09 15:50,8305
2020-01-09 15:55,8420
2020-01-09 16:00,8529
2020-01-09 16:05,8629
2020-01-09 16:10,8702
2020-01-09 16:15,8820
2020-01-09 16:20,8925
2020-01-09 16:25,9012
2020-01-09 16:30,9020
2020-01-09 16:35,9121
2020-01-09 16:40,9302
2020-01-09 16:45,9364
2020-01-09 16:50,9448
2020-01-09 16:55,9567
2020-01-09 17:00,9707
2020-01-09 17:05,9800
2020-01-09 17:10,9914
2020-01-09 17:15,9967
2020-01-09 17:20,10039
2020-01-09 17:25,10164
2020-01-09 17:30,10228
2020-01-09 17:35,10377
2020-01-09 17:40,10475
2020-01-09 17:45,10554
2020-01-09 17:50,10624
2020-01-09 17:55,10688
2020-01-09 18:00,10754
2020-01-09 18:05,10796
2020-01-09 18:10,10855
2020-01-09 18:15,10955
2020-01-09 18:20,11132
2020-01-09 18:25,11257
2020-01-09 18:30,11279
2020-01-09 18:35,11341
2020-01-09 18:40,11451
2020-01-09 18:45,11482
2020-01-09 18:50,11519
2020-01-09 18:55,11548
2020-01-09 19:00,11645
2020-01-09 19:05,11729
2020-01-09 19:10,11829
2020-01-09 19:15,11992
2020-01-09 19:20,12073
2020-01-09 19:25,12173
2020-01-09 19:30,12254
2020-01-09 19:35,12320
2020-01-09 19:40,12350
2020-01-09 19:45,12411
2020-01-09 19:50,12457
2020-01-09 19:55,12487
2020-01-09 20:00,12584
2020-01-09 20:05,12698
2020-01-09 20:10,12733
2020-01-09 20:15,12828
2020-01-09 20:20,12863
2020-01-09 20:25,12951
2020-01-09 20:30,13025
2020-01-09 20:35,13058
2020-01-09 20:40,13027
2020-01-09 20:45,13045
2020-01-09 20:50,13023
2020-01-09 20:55,13015
2020-01-09 21:00,13065
2020-01-09 21:05,13027
2020-01-09 21:10,13040
2020-01-09 21:15,13082
2020-01-09 21:20,13138
2020-01-09 21:25,13078
2020-01-09 21:30,13064
2020-01-09 21:35,13028
2020-01-09 21:40,13103
2020-01-09 21:45,13044
2020-01-09 21:50,13066
2020-01-09 21:55,13069
2020-01-09 22:00,13002
2020-01-09 22:05,12874
2020-01-09 22:10,12811
2020-01-09 22:15,12771
2020-01-09 22:20,12770
2020-01-09 22:25,12727
2020-01-09 22:30,12723
2020-01-09 22:35,12646
2020-01-09 22:40,12543
2020-01-09 22:45,12476
2020-01-09 22:50,12405
2020-01-09 22:55,12317
2020-01-09 23:00,12326
2020-01-09 23:05,12239
2020-01-09 23:10,12189
2020-01-09 23:15,12081
2020-01-09 23:20,12017
2020-01-09 23:25,12002
2020-01-09 23:30,11939
2020-01-09 23:35,11845
2020-01-09 23:40,11763
2020-01-09 23:45,11769
2020-01-09 23:50,11778
2020-01-09 23:55,11772
2020-01-10 00:00,11698
2020-01-10 00:05,11596
2020-01-10 00:10,11551
2020-01-10 00:15,11550
2020-01-10 00:20,11519
2020-01-10 00:25,11502
2020-01-10 00:30,11497
2020-01-10 00:35,11521
2020-01-10 00:40,11494
2020-01-10 00:45,11464
2020-01-10 00:50,11457
2020-01-10 00:55,11508
2020-01-10 01:00,11543
2020-01-10 01:05,11602
2020-01-10 01:10,11554
2020-01-10 01:15,11573
2020-01-10 01:20,11545
2020-01-10 01:25,11565
2020-01-10 01:30,11610
2020-01-10 01:35,11623
2020-01-10 01:40,11623
2020-01-10 01:45,11637
2020-01-10 01:50,11628
2020-01-10 01:55,11667
2020-01-10 02:00,11702
2020-01-10 02:05,11714
2020-01-10 02:10,11758
2020-01-10 02:15,11724
2020-01-10 02:20,11774
2020-01-10 02:25,11815
2020-01-10 02:30,11759
2020-01-10 02:35,
2020-01-10 02:40,
2020-01-10 02:45,11763
2020-01-10 02:50,11787
2020-01-10 02:55,11705
2020-01-10 03:00,11628
2020-01-10 03:05,11594
2020-01-10 03:10,11474
2020-01-10 03:15,11441
2020-01-10 03:20,11396
2020-01-10 03:25,11384
2020-01-10 03:30,11307
2020-01-10 03:35,11239
2020-01-10 03:40,11197
2020-01-10 03:45,11072
2020-01-10 03:50,10978
2020-01-10 03:55,10896
2020-01-10 04:00,10768
2020-01-10 04:05,10688
2020-01-10 04:10,10616
2020-01-10 04:15,10555
2020-01-10 04:20,10469
2020-01-10 04:25,10367
2020-01-10 04:30,10209
2020-01-10 04:35,10096
2020-01-10 04:40,9972
2020-01-10 04:45,9870
2020-01-10 04:50,9724
2020-01-10 04:55,9611
2020-01-10 05:00,9481
2020-01-10 05:05,9414
2020-01-10 05:10,9334
2020-01-10 05:15,9195
2020-01-10 05:20,9110
2020-01-10 05:25,8964
2020-01-10 05:30,8814
2020-01-10 05:35,8683
2020-01-10 05:40,8510
2020-01-10 05:45,8370
2020-01-10 05:50,8275
2020-01-10 05:55,8174
2020-01-10 06:00,8012
2020-01-10 06:05,7869
2020-01-10 06:10,7698
2020-01-10 06:15,7546
2020-01-10 06:20,7350
2020-01-10 06:25,7222
2020-01-10 06:30,7044
2020-01-10 06:35,6964
2020-01-10 06:40,6867
2020-01-10 06:45,6733
2020-01-10 06:50,6652
2020-01-10 06:55,6544
2020-01-10 07:00,6449
2020-01-10 07:05,6303
2020-01-10 07:10,6138
2020-01-10 07:15,5977
2020-01-10 07:20,5957
2020-01-10 07:25,5869
2020-01-10 07:30,5734
2020-01-10 07:35,5613
2020-01-10 07:40,5542
2020-01-10 07:45,5452
2020-01-10 07:50,5391
2020-01-10 07:55,5310
2020-01-10 08:00,5215
2020-01-10 08:05,5145
2020-01-10 08:10,5040
2020-01-10 08:15,4975
2020-01-10 08:20,4898
2020-01-10 08:25,4833
2020-01-10 08:30,4792
2020-01-10 08:35,4804
2020-01-10 08:40,4752
2020-01-10 08:45,4692
2020-01-10 08:50,4617
2020-01-10 08:55,4563
2020-01-10 09:00,4556
2020-01-10 09:05,4509
2020-01-10 09:10,4478
2020-01-10 09:15,4428
2020-01-10 09:20,4460
2020-01-10 09:25,4438
2020-01-10 09:30,4431
2020-01-10 09:35,4388
2020-01-10 09:40,4374
2020-01-10 09:45,4359
2020-01-10 09:50,4378
2020-01-10 09:55,4408
2020-01-10 10:00,4366
2020-01-10 10:05,4397
2020-01-10 10:10,4363
2020-01-10 10:15,4371
2020-01-10 10:20,4388
2020-01-10 10:25,4376
2020-01-10 10:30,4384
2020-01-10 10:35,4413
2020-01-10 10:40,4463
2020-01-10 10:45,4495
2020-01-10 10:50,4520
2020-01-10 10:55,4551
2020-01-10 11:00,4561
2020-01-10 11:05,4606
2020-01-10 11:10,4633
2020-01-10 11:15,4674
2020-01-10 11:20,4687
2020-01-10 11:25,4709
2020-01-10 11:30,4771
2020-01-10 11:35,4828
2020-01-10 11:40,4857
2020-01-10 11:45,4882
2020-01-10 11:50,4949
2020-01-10 11:55,5004
2020-01-10 12:00,5078
2020-01-10 12:05,5093
2020-01-10 12:10,5120
2020-01-10 12:15,5180
2020-01-10 12:20,5227
2020-01-10 12:25,5288
2020-01-10 12:30,5371
2020-01-10 12:35,5465
2020-01-10 12:40,5496
2020-01-10 12:45,5556
2020-01-10 12:50,5623
2020-01-10 12:55,5665
2020-01-10 13:00,5704
2020-01-10 13:05,5756
2020-01-10 13:10,5838
2020-01-10 13:15,5904
2020-01-10 13:20,5977
2020-01-10 13:25,6045
2020-01-10 13:30,6141
2020-01-10 13:35,6221
2020-01-10 13:40,6344
2020-01-10 13:45,6435
2020-01-10 13:50,6525
2020-01-10 13:55,6583
2020-01-10 14:00,6640
2020-01-10 14:05,6743
2020-01-10 14:10,6837
2020-01-10 14:15,6943
2020-01-10 14:20,7025
2020-01-10 14:25,7107
2020-01-10 14:30,7199
2020-01-10 14:35,7286
2020-01-10 14:40,7405
2020-01-10 14:45,7538
2020-01-10 14:50,7610
2020-01-10 14:55,7667
2020-01-10 15:00,7696
2020-01-10 15:05,7784
2020-01-10 15:10,7872
2020-01-10 15:15,7954
2020-01-10 15:20,8056
2020-01-10 15:25,8130
2020-01-10 15:30,8163
2020-01-10 15:35,8238
2020-01-10 15:40,8324
2020-01-10 15:45,8408
2020-01-10 15:50,8492
2020-01-10 15:55,8641
2020-01-10 16:00,8780
2020-01-10 16:05,8822
2020-01-10 16:10,8908
2020-01-10 16:15,8981
2020-01-10 16:20,9067
2020-01-10 16:25,9138
2020-01-10 16:30,9247
2020-01-10 16:35,9328
2020-01-10 16:40,9432
2020-01-10 16:45,9494
2020-01-10 16:50,9566
2020-01-10 16:55,9650
2020-01-10 17:00,9692
2020-01-10 17:05,9793
2020-01-10 17:10,9847
2020-01-10 17:15,9957
2020-01-10 17:20,10020
2020-01-10 17:25,10108
2020-01-10 17:30,10201
2020-01-10 17:35,10308
2020-01-10 17:40,10376
2020-01-10 17:45,10447
2020-01-10 17:50,10505
2020-01-10 17:55,10625
2020-01-10 18:00,10808
2020-01-10 18:05,10853
2020-01-10 18:10,10967
2020-01-10 18:15,11120
2020-01-10 18:20,11278
2020-01-10 18:25,11366
2020-01-10 18:30,11372
2020-01-10 18:35,11450
2020-01-10 18:40,11586
2020-01-10 18:45,11736
2020-01-10 18:50,11810
2020-01-10 18:55,11929
2020-01-10 19:00,12005
2020-01-10 19:05,12071
2020-01-10 19:10,12128
2020-01-10 19:15,12276
2020-01-10 19:20,12348
2020-01-10 19:25,12450
2020-01-10 19:30,12533
2020-01-10 19:35,12655
2020-01-10 19:40,12794
2020-01-10 19:45,12819
2020-01-10 19:50,12854
2020-01-10 19:55,12890
2020-01-10 20:00,12944
2020-01-10 20:05,13051
2020-01-10 20:10,13171
2020-01-10 20:15,13243
2020-01-10 20:20,13305
2020-01-10 20:25,13284
2020-01-10 20:30,13339
2020-01-10 20:35,13474
2020-01-10 20:40,13562
2020-01-10 20:45,13577
2020-01-10 20:50,13654
2020-01-10 20:55,13738
2020-01-10 21:00,13756
2020-01-10 21:05,13795
2020-01-10 21:10,13922
2020-01-10 21:15,13951
2020-01-10 21:20,14042
2020-01-10 21:25,14085
2020-01-10 21:30,14101
2020-01-10 21:35,14158
2020-01-10 21:40,14198
2020-01-10 21:45,14312
2020-01-10 21:50,14303
2020-01-10 21:55,14368
2020-01-10 22:00,14358
2020-01-10 22:05,14325
2020-01-10 22:10,14329
2020-01-10 22:15,14156
2020-01-10 22:20,14079
2020-01-10 22:25,14150
2020-01-10 22:30,14110
2020-01-10 22:35,14109
2020-01-10 22:40,14065
2020-01-10 22:45,13999
2020-01-10 22:50,14014
2020-01-10 22:55,13950
2020-01-10 23:00,13876
2020-01-10 23:05,13740
2020-01-10 23:10,13719
2020-01-10 23:15,13656
2020-01-10 23:20,13633
2020-01-10 23:25,13628
2020-01-10 23:30,13655
2020-01-10 23:35,13577
2020-01-10 23:40,13536
2020-01-10 23:45,13406
2020-01-10 23:50,13383
2020-01-10 23:55,13248
2020-01-11 00:00,13225
2020-01-11 00:05,13159
2020-01-11 00:10,13089
2020-01-11 00:15,13052
2020-01-11 00:20,12982
2020-01-11 00:25,12975
2020-01-11 00:30,12934
2020-01-11 00:35,12918
2020-01-11 00:40,12913
2020-01-11 00:45,12828
2020-01-11 00:50,12819
2020-01-11 00:55,12724
2020-01-11 01:00,12666
2020-01-11 01:05,12628
2020-01-11 01:10,12627
2020-01-11 01:15,12634
2020-01-11 01:20,12568
2020-01-11 01:25,12483
2020-01-11 01:30,12439
2020-01-11 01:35,12390
2020-01-11 01:40,12388
2020-01-11 01:45,12345
2020-01-11 01:50,12350
2020-01-11 01:55,12339
2020-01-11 02:00,12330
2020-01-11 02:05,12318
2020-01-11 02:10,12315
2020-01-11 02:15,12292
2020-01-11 02:20,12231
2020-01-11 02:25,12222
2020-01-11 02:30,12227
2020-01-11 02:35,12182
2020-01-11 02:40,12159
2020-01-11 02:45,12132
2020-01-11 02:50,12181
2020-01-11 02:55,12182
2020-01-11 03:00,12198
2020-01-11 03:05,12154
2020-01-11 03:10,12115
2020-01-11 03:15,12071
2020-01-11 03:20,12089
2020-01-11 03:25,12020
2020-01-11 03:30,12069
2020-01-11 03:35,12009
2020-01-11 03:40,12012
2020-01-11 03:45,11981
2020-01-11 03:50,11977
2020-01-11 03:55,11978
2020-01-11 04:00,11932
2020-01-11 04:05,11859
2020-01-11 04:10,11834
2020-01-11 04:15,11774
2020-01-11 04:20,11734
2020-01-11 04:25,11683
2020-01-11 04:30,11564
2020-01-11 04:35,11537
2020-01-11 04:40,11434
2020-01-11 04:45,11420
2020-01-11 04:50,11323
2020-01-11 04:55,11220
2020-01-11 05:00,11111
2020-01-11 05:05,11059
2020-01-11 05:10,10952
2020-01-11 05:15,10855
2020-01-11 05:20,10788
2020-01-11 05:25,10686
2020-01-11 05:30,10605
2020-01-11 05:35,10463
2020-01-11 05:40,10376
2020-01-11 05:45,10268
2020-01-11 05:50,10127
2020-01-11 05:55,10028
2020-01-11 06:00,9946
2020-01-11 06:05,9766
2020-01-11 06:10,9687
2020-01-11 06:15,9534
2020-01-11 06:20,9435
2020-01-11 06:25,9297
2020-01-11 06:30,9086
2020-01-11 06:35,8989
2020-01-11 06:40,8935
2020-01-11 06:45,8790
2020-01-11 06:50,8582
2020-01-11 06:55,8397
2020-01-11 07:00,8226
2020-01-11 07:05,8057
2020-01-11 07:10,7860
2020-01-11 07:15,7704
2020-01-11 07:20,7570
2020-01-11 07:25,7464
2020-01-11 07:30,7338
2020-01-11 07:35,7158
2020-01-11 07:40,7040
2020-01-11 07:45,6939
2020-01-11 07:50,6840
2020-01-11 07:55,6784
2020-01-11 08:00,6707
2020-01-11 08:05,6620
2020-01-11 08:10,6509
2020-01-11 08:15,6422
2020-01-11 08:20,6286
2020-01-11 08:25,6183
2020-01-11 08:30,6063
2020-01-11 08:35,6010
2020-01-11 08:40,5952
2020-01-11 08:45,5903
2020-01-11 08:50,5824
2020-01-11 08:55,5788
2020-01-11 09:00,5745
2020-01-11 09:05,5751
2020-01-11 09:10,5740
2020-01-11 09:15,5712
2020-01-11 09:20,5704
2020-01-11 09:25,5691
2020-01-11 09:30,5685
2020-01-11 09:35,5634
2020-01-11 09:40,5628
2020-01-11 09:45,5621
2020-01-11 09:50,5600
2020-01-11 09:55,5654
2020-01-11 10:00,5618
2020-01-11 10:05,5615
2020-01-11 10:10,5633
2020-01-11 10:15,5631
2020-01-11 10:20,5658
2020-01-11 10:25,5667
2020-01-11 10:30,5716
2020-01-11 10:35,5749
2020-01-11 10:40,5758
2020-01-11 10:45,5793
2020-01-11 10:50,5834
2020-01-11 10:55,5836
2020-01-11 11:00,5875
2020-01-11 11:05,5936
2020-01-11 11:10,5950
2020-01-11 11:15,6017
2020-01-11 11:20,6112
2020-01-11 11:25,6175
2020-01-11 11:30,6218
2020-01-11 11:35,6312
2020-01-11 11:40,6394
2020-01-11 11:45,6434
2020-01-11 11:50,6475
2020-01-11 11:55,6561
2020-01-11 12:00,6592
2020-01-11 12:05,6630
2020-01-11 12:10,6733
2020-01-11 12:15,6803
2020-01-11 12:20,6858
2020-01-11 12:25,6940
2020-01-11 12:30,6982
2020-01-11 12:35,7078
2020-01-11 12:40,7150
2020-01-11 12:45,7188
2020-01-11 12:50,7292
2020-01-11 12:55,7386
2020-01-11 13:00,7381
2020-01-11 13:05,7445
2020-01-11 13:10,7527
2020-01-11 13:15,7647
2020-01-11 13:20,7703
2020-01-11 13:25,7737
2020-01-11 13:30,7828
2020-01-11 13:35,7931
2020-01-11 13:40,7987
2020-01-11 13:45,8076
2020-01-11 13:50,8140
2020-01-11 13:55,8233
2020-01-11 14:00,8315
2020-01-11 14:05,8427
2020-01-11 14:10,8532
2020-01-11 14:15,8641
2020-01-11 14:20,8742
2020-01-11 14:25,8853
2020-01-11 14:30,8978
2020-01-11 14:35,9083
2020-01-11 14:40,9181
2020-01-11 14:45,9320
2020-01-11 14:50,9438
2020-01-11 14:55,9540
2020-01-11 15:00,9564
2020-01-11 15:05,9607
2020-01-11 15:10,9701
2020-01-11 15:15,9812
2020-01-11 15:20,9876
2020-01-11 15:25,9975
2020-01-11 15:30,10091
2020-01-11 15:35,10190
2020-01-11 15:40,10293
2020-01-11 15:45,10449
2020-01-11 15:50,10562
2020-01-11 15:55,10665
2020-01-11 16:00,10700
2020-01-11 16:05,10739
2020-01-11 16:10,10790
2020-01-11 16:15,10927
2020-01-11 16:20,11054
2020-01-11 16:25,11095
2020-01-11 16:30,11157
2020-01-11 16:35,11157
2020-01-11 16:40,11269
2020-01-11 16:45,11393
2020-01-11 16:50,11479
2020-01-11 16:55,11527
2020-01-11 17:00,11619
2020-01-11 17:05,11697
2020-01-11 17:10,11793
2020-01-11 17:15,11927
2020-01-11 17:20,12011
2020-01-11 17:25,12121
2020-01-11 17:30,12120
2020-01-11 17:35,12235
2020-01-11 17:40,12341
2020-01-11 17:45,12426
2020-01-11 17:50,12549
2020-01-11 17:55,12619
2020-01-11 18:00,12662
2020-01-11 18:05,12760
2020-01-11 18:10,12823
2020-01-11 18:15,12906
2020-01-11 18:20,12968
2020-01-11 18:25,13083
2020-01-11 18:30,13186
2020-01-11 18:35,13295
2020-01-11 18:40,13340
2020-01-11 18:45,13386
2020-01-11 18:50,13490
2020-01-11 18:55,13597
2020-01-11 19:00,13650
2020-01-11 19:05,13678
2020-01-11 19:10,13745
2020-01-11 19:15,13829
2020-01-11 19:20,13962
2020-01-11 19:25,14065
2020-01-11 19:30,14192
2020-01-11 19:35,14321
2020-01-11 19:40,14490
2020-01-11 19:45,14689
2020-01-11 19:50,14744
2020-01-11 19:55,14861
2020-01-11 20:00,14995
2020-01-11 20:05,15116
2020-01-11 20:10,15204
2020-01-11 20:15,15253
2020-01-11 20:20,15314
2020-01-11 20:25,15316
2020-01-11 20:30,15371
2020-01-11 20:35,15486
2020-01-11 20:40,15505
2020-01-11 20:45,15576
2020-01-11 20:50,15558
2020-01-11 20:55,15577
2020-01-11 21:00,15615
2020-01-11 21:05,15694
2020-01-11 21:10,15726
2020-01-11 21:15,15685
2020-01-11 21:20,15682
2020-01-11 21:25,15695
2020-01-11 21:30,15725
2020-01-11 21:35,15707
2020-01-11 21:40,15738
2020-01-11 21:45,15796
2020-01-11 21:50,15781
2020-01-11 21:55,15801
2020-01-11 22:00,15728
2020-01-11 22:05,15682
2020-01-11 22:10,15688
2020-01-11 22:15,15645
2020-01-11 22:20,15604
2020-01-11 22:25,15627
2020-01-11 22:30,15636
2020-01-11 22:35,15561
2020-01-11 22:40,15523
2020-01-11 22:45,15451
2020-01-11 22:50,15493
2020-01-11 22:55,15404
2020-01-11 23:00,15270
2020-01-11 23:05,15109
2020-01-11 23:10,15023
2020-01-11 23:15,14978
2020-01-11 23:20,14853
2020-01-11 23:25,14757
2020-01-11 23:30,14674
2020-01-11 23:35,14554
2020-01-11 23:40,14445
2020-01-11 23:45,14349
2020-01-11 23:50,14205
2020-01-11 23:55,14206
2020-01-12 00:00,14099
2020-01-12 00:05,13989
2020-01-12 00:10,13915
2020-01-12 00:15,13772
2020-01-12 00:20,13730
2020-01-12 00:25,13668
2020-01-12 00:30,13624
2020-01-12 00:35,13500
2020-01-12 00:40,13451
2020-01-12 00:45,13445
2020-01-12 00:50,13370
2020-01-12 00:55,13232
2020-01-12 01:00,13119
2020-01-12 01:05,13002
2020-01-12 01:10,12938
2020-01-12 01:15,12923
2020-01-12 01:20,12902
2020-01-12 01:25,12832
2020-01-12 01:30,12719
2020-01-12 01:35,12732
2020-01-12 01:40,12744
2020-01-12 01:45,12751
2020-01-12 01:50,12767
2020-01-12 01:55,12787
2020-01-12 02:00,12790
2020-01-12 02:05,12776
2020-01-12 02:10,12722
2020-01-12 02:15,12676
2020-01-12 02:20,12604
2020-01-12 02:25,12617
2020-01-12 02:30,12676
2020-01-12 02:35,12691
2020-01-12 02:40,12614
2020-01-12 02:45,12608
2020-01-12 02:50,12580
2020-01-12 02:55,12580
2020-01-12 03:00,12623
2020-01-12 03:05,12615
2020-01-12 03:10,12575
2020-01-12 03:15,12524
2020-01-12 03:20,12476
2020-01-12 03:25,12497
2020-01-12 03:30,12507
2020-01-12 03:35,12494
2020-01-12 03:40,12466
2020-01-12 03:45,12453
2020-01-12 03:50,12378
2020-01-12 03:55,12382
2020-01-12 04:00,12320
2020-01-12 04:05,12313
2020-01-12 04:10,12243
2020-01-12 04:15,12184
2020-01-12 04:20,12096
2020-01-12 04:25,12026
2020-01-12 04:30,11975
2020-01-12 04:35,11946
2020-01-12 04:40,11858
2020-01-12 04:45,11857
2020-01-12 04:50,11717
2020-01-12 04:55,11664
2020-01-12 05:00,11598
2020-01-12 05:05,11482
2020-01-12 05:10,11352
2020-01-12 05:15,11209
2020-01-12 05:20,11163
2020-01-12 05:25,11024
2020-01-12 05:30,10954
2020-01-12 05:35,10903
2020-01-12 05:40,10778
2020-01-12 05:45,10683
2020-01-12 05:50,10604
2020-01-12 05:55,10505
2020-01-12 06:00,10389
2020-01-12 06:05,10287
2020-01-12 06:10,10115
2020-01-12 06:15,9949
2020-01-12 06:20,9827
2020-01-12 06:25,9718
2020-01-12 06:30,9537
2020-01-12 06:35,9463
2020-01-12 06:40,9313
2020-01-12 06:45,9194
2020-01-12 06:50,9051
2020-01-12 06:55,8866
2020-01-12 07:00,8738
2020-01-12 07:05,8627
2020-01-12 07:10,8485
2020-01-12 07:15,8290
2020-01-12 07:20,8143
2020-01-12 07:25,7961
2020-01-12 07:30,7850
2020-01-12 07:35,7761
2020-01-12 07:40,7665
2020-01-12 07:45,7529
2020-01-12 07:50,7406
2020-01-12 07:55,7312
2020-01-12 08:00,7230
2020-01-12 08:05,7131
2020-01-12 08:10,7026
2020-01-12 08:15,6935
2020-01-12 08:20,6790
2020-01-12 08:25,6688
2020-01-12 08:30,6612
2020-01-12 08:35,6502
2020-01-12 08:40,6479
2020-01-12 08:45,6379
2020-01-12 08:50,6324
2020-01-12 08:55,6270
2020-01-12 09:00,6237
2020-01-12 09:05,6242
2020-01-12 09:10,6133
2020-01-12 09:15,6116
2020-01-12 09:20,6019
2020-01-12 09:25,5919
2020-01-12 09:30,5849
2020-01-12 09:35,5791
2020-01-12 09:40,5752
2020-01-12 09:45,5742
2020-01-12 09:50,5752
2020-01-12 09:55,5768
2020-01-12 10:00,5832
2020-01-12 10:05,5891
2020-01-12 10:10,5892
2020-01-12 10:15,5935
2020-01-12 10:20,5984
2020-01-12 10:25,6001
2020-01-12 10:30,6041
2020-01-12 10:35,6092
2020-01-12 10:40,6096
2020-01-12 10:45,6167
2020-01-12 10:50,6204
2020-01-12 10:55,6314
2020-01-12 11:00,6367
2020-01-12 11:05,6372
2020-01-12 11:10,6450
2020-01-12 11:15,6526
2020-01-12 11:20,6626
2020-01-12 11:25,6686
2020-01-12 11:30,6705
2020-01-12 11:35,6719
2020-01-12 11:40,6751
2020-01-12 11:45,6829
2020-01-12 11:50,6911
2020-01-12 11:55,7004
2020-01-12 12:00,7088
2020-01-12 12:05,7171
2020-01-12 12:10,7303
2020-01-12 12:15,7399
2020-01-12 12:20,7459
2020-01-12 12:25,7546
2020-01-12 12:30,7640
2020-01-12 12:35,7703
2020-01-12 12:40,7758
2020-01-12 12:45,7822
2020-01-12 12:50,7876
2020-01-12 12:55,7900
2020-01-12 13:00,8020
2020-01-12 13:05,8157
2020-01-12 13:10,8256
2020-01-12 13:15,8294
2020-01-12 13:20,8349
2020-01-12 13:25,8467
2020-01-12 13:30,8486
2020-01-12 13:35,8557
2020-01-12 13:40,8702
2020-01-12 13:45,8775
2020-01-12 13:50,8816
2020-01-12 13:55,8966
2020-01-12 14:00,9016
2020-01-12 14:05,9150
2020-01-12 14:10,9250
2020-01-12 14:15,9329
2020-01-12 14:20,9503
2020-01-12 14:25,9583
2020-01-12 14:30,9666
2020-01-12 14:35,9796
2020-01-12 14:40,9875
2020-01-12 14:45,9989
2020-01-12 14:50,10061
2020-01-12 14:55,10111
2020-01-12 15:00,10126
2020-01-12 15:05,10096
2020-01-12 15:10,10216
2020-01-12 15:15,10226
2020-01-12 15:20,10343
2020-01-12 15:25,10481
2020-01-12 15:30,10648
2020-01-12 15:35,10765
2020-01-12 15:40,10896
2020-01-12 15:45,10994
2020-01-12 15:50,11015
2020-01-12 15:55,11114
2020-01-12 16:00,11209
2020-01-12 16:05,11333
2020-01-12 16:10,11478
2020-01-12 16:15,11623
2020-01-12 16:20,11712
2020-01-12 16:25,11853
2020-01-12 16:30,11983
2020-01-12 16:35,12117
2020-01-12 16:40,12271
2020-01-12 16:45,12439
2020-01-12 16:50,12565
2020-01-12 16:55,12613
2020-01-12 17:00,12722
2020-01-12 17:05,12806
2020-01-12 17:10,12989
2020-01-12 17:15,13118
2020-01-12 17:20,13182
2020-01-12 17:25,13292
2020-01-12 17:30,13410
2020-01-12 17:35,13518
2020-01-12 17:40,13646
2020-01-12 17:45,13723
2020-01-12 17:50,13862
2020-01-12 17:55,13892
2020-01-12 18:00,13928
2020-01-12 18:05,14009
2020-01-12 18:10,14091
2020-01-12 18:15,14218
2020-01-12 18:20,14295
2020-01-12 18:25,14403
2020-01-12 18:30,14450
2020-01-12 18:35,14583
2020-01-12 18:40,14697
2020-01-12 18:45,14771
2020-01-12 18:50,14914
2020-01-12 18:55,15087
2020-01-12 19:00,15206
2020-01-12 19:05,15331
2020-01-12 19:10,15397
2020-01-12 19:15,15405
2020-01-12 19:20,15481
2020-01-12 19:25,15491
2020-01-12 19:30,15541
2020-01-12 19:35,15563
2020-01-12 19:40,15681
2020-01-12 19:45,15697
2020-01-12 19:50,15743
2020-01-12 19:55,15779
2020-01-12 20:00,15862
2020-01-12 20:05,15812
2020-01-12 20:10,15829
2020-01-12 20:15,15748
2020-01-12 20:20,15731
2020-01-12 20:25,15789
2020-01-12 20:30,15790
2020-01-12 20:35,15710
2020-01-12 20:40,15767
2020-01-12 20:45,15792
2020-01-12 20:50,15758
2020-01-12 20:55,15783
2020-01-12 21:00,15737
2020-01-12 21:05,15657
2020-01-12 21:10,15657
2020-01-12 21:15,15614
2020-01-12 21:20,15607
2020-01-12 21:25,15593
2020-01-12 21:30,15480
2020-01-12 21:35,15452
2020-01-12 21:40,15472
2020-01-12 21:45,15389
2020-01-12 21:50,15360
2020-01-12 21:55,15343
2020-01-12 22:00,15227
2020-01-12 22:05,15132
2020-01-12 22:10,14999
2020-01-12 22:15,14893
2020-01-12 22:20,14629
2020-01-12 22:25,14496
2020-01-12 22:30,14431
2020-01-12 22:35,14429
2020-01-12 22:40,14389
2020-01-12 22:45,14264
2020-01-12 22:50,14076
2020-01-12 22:55,13993
2020-01-12 23:00,13961
2020-01-12 23:05,13869
2020-01-12 23:10,13767
2020-01-12 23:15,13665
2020-01-12 23:20,13582
2020-01-12 23:25,13477
2020-01-12 23:30,13461
2020-01-12 23:35,13437
2020-01-12 23:40,13347
2020-01-12 23:45,13199
2020-01-12 23:50,13076
2020-01-12 23:55,13016
2020-01-13 00:00,12980
2020-01-13 00:05,12934
2020-01-13 00:10,12872
2020-01-13 00:15,12843
2020-01-13 00:20,12752
2020-01-13 00:25,12751
2020-01-13 00:30,12744
2020-01-13 00:35,12688
2020-01-13 00:40,12669
2020-01-13 00:45,12663
2020-01-13 00:50,12661
2020-01-13 00:55,12649
2020-01-13 01:00,12636
2020-01-13 01:05,12566
2020-01-13 01:10,12613
2020-01-13 01:15,12690
2020-01-13 01:20,12683
2020-01-13 01:25,12675
2020-01-13 01:30,12692
2020-01-13 01:35,12742
2020-01-13 01:40,12822
2020-01-13 01:45,12867
2020-01-13 01:50,12847
2020-01-13 01:55,12866
2020-01-13 02:00,12885
2020-01-13 02:05,12870
2020-01-13 02:10,12841
2020-01-13 02:15,12851
2020-01-13 02:20,12840
2020-01-13 02:25,12800
2020-01-13 02:30,12708
2020-01-13 02:35,12710
2020-01-13 02:40,12744
2020-01-13 02:45,12690
2020-01-13 02:50,12535
2020-01-13 02:55,12456
2020-01-13 03:00,12398
2020-01-13 03:05,12257
2020-01-13 03:10,12199
2020-01-13 03:15,12159
2020-01-13 03:20,12069
2020-01-13 03:25,11976
2020-01-13 03:30,11895
2020-01-13 03:35,11813
2020-01-13 03:40,11778
2020-01-13 03:45,11672
2020-01-13 03:50,11544
2020-01-13 03:55,11420
2020-01-13 04:00,11251
2020-01-13 04:05,11166
2020-01-13 04:10,11064
2020-01-13 04:15,10969
2020-01-13 04:20,10829
2020-01-13 04:25,10716
2020-01-13 04:30,10633
2020-01-13 04:35,10488
2020-01-13 04:40,10255
2020-01-13 04:45,10139
2020-01-13 04:50,9948
2020-01-13 04:55,9824
2020-01-13 05:00,9697
2020-01-13 05:05,9604
2020-01-13 05:10,9470
2020-01-13 05:15,9308
2020-01-13 05:20,9154
2020-01-13 05:25,9042
2020-01-13 05:30,8946
2020-01-13 05:35,8795
2020-01-13 05:40,8670
2020-01-13 05:45,8514
2020-01-13 05:50,8384
2020-01-13 05:55,8252
2020-01-13 06:00,8122
2020-01-13 06:05,7926
2020-01-13 06:10,7714
2020-01-13 06:15,7527
2020-01-13 06:20,7330
2020-01-13 06:25,7220
2020-01-13 06:30,7120
2020-01-13 06:35,6967
2020-01-13 06:40,6839
2020-01-13 06:45,6705
2020-01-13 06:50,6597
2020-01-13 06:55,6445
2020-01-13 07:00,6342
2020-01-13 07:05,6227
2020-01-13 07:10,6107
2020-01-13 07:15,5980
2020-01-13 07:20,5836
2020-01-13 07:25,5713
2020-01-13 07:30,5628
2020-01-13 07:35,5527
2020-01-13 07:40,5411
2020-01-13 07:45,5329
2020-01-13 07:50,5263
2020-01-13 07:55,5192
2020-01-13 08:00,5083
2020-01-13 08:05,5014
2020-01-13 08:10,4935
2020-01-13 08:15,4849
2020-01-13 08:20,4779
2020-01-13 08:25,4751
2020-01-13 08:30,4697
2020-01-13 08:35,4651
2020-01-13 08:40,4597
2020-01-13 08:45,4544
2020-01-13 08:50,4486
2020-01-13 08:55,4437
2020-01-13 09:00,4400
2020-01-13 09:05,4377
2020-01-13 09:10,4358
2020-01-13 09:15,4277
2020-01-13 09:20,4265
2020-01-13 09:25,4250
2020-01-13 09:30,4239
2020-01-13 09:35,4187
2020-01-13 09:40,4199
2020-01-13 09:45,4191
2020-01-13 09:50,4202
2020-01-13 09:55,4211
2020-01-13 10:00,4163
2020-01-13 10:05,4181
2020-01-13 10:10,4212
2020-01-13 10:15,4210
2020-01-13 10:20,4204
2020-01-13 10:25,4213
2020-01-13 10:30,4192
2020-01-13 10:35,4185
2020-01-13 10:40,4194
2020-01-13 10:45,4219
2020-01-13 10:50,4214
2020-01-13 10:55,4240
2020-01-13 11:00,4251
2020-01-13 11:05,4282
2020-01-13 11:10,4308
2020-01-13 11:15,4358
2020-01-13 11:20,4379
2020-01-13 11:25,4423
2020-01-13 11:30,4471
2020-01-13 11:35,4492
2020-01-13 11:40,4470
2020-01-13 11:45,4492
2020-01-13 11:50,4556
2020-01-13 11:55,4564
2020-01-13 12:00,4616
2020-01-13 12:05,4631
2020-01-13 12:10,4657
2020-01-13 12:15,4707
2020-01-13 12:20,4765
2020-01-13 12:25,4869
2020-01-13 12:30,4946
2020-01-13 12:35,5038
2020-01-13 12:40,5093
2020-01-13 12:45,5150
2020-01-13 12:50,5183
2020-01-13 12:55,5218
2020-01-13 13:00,5292
2020-01-13 13:05,5359
2020-01-13 13:10,5416
2020-01-13 13:15,5469
2020-01-13 13:20,5550
2020-01-13 13:25,5569
2020-01-13 13:30,5639
2020-01-13 13:35,5741
2020-01-13 13:40,5774
2020-01-13 13:45,5843
2020-01-13 13:50,5911
2020-01-13 13:55,5940
2020-01-13 14:00,6041
2020-01-13 14:05,6130
2020-01-13 14:10,6222
2020-01-13 14:15,6288
2020-01-13 14:20,6402
2020-01-13 14:25,6546
2020-01-13 14:30,6656
2020-01-13 14:35,6728
2020-01-13 14:40,6789
2020-01-13 14:45,6915
2020-01-13 14:50,7016
2020-01-13 14:55,7093
2020-01-13 15:00,7140
2020-01-13 15:05,7188
2020-01-13 15:10,7285
2020-01-13 15:15,7327
2020-01-13 15:20,7411
2020-01-13 15:25,7511
2020-01-13 15:30,7607
2020-01-13 15:35,7720
2020-01-13 15:40,7772
2020-01-13 15:45,7870
2020-01-13 15:50,7969
2020-01-13 15:55,8092
2020-01-13 16:00,8183
2020-01-13 16:05,8209
2020-01-13 16:10,8324
2020-01-13 16:15,8398
2020-01-13 16:20,8125
2020-01-13 16:25,8563
2020-01-13 16:30,8670
2020-01-13 16:35,8732
2020-01-13 16:40,8828
2020-01-13 16:45,8918
2020-01-13 16:50,9035
2020-01-13 16:55,9132
2020-01-13 17:00,9223
2020-01-13 17:05,9289
2020-01-13 17:10,9422
2020-01-13 17:15,9544
2020-01-13 17:20,9665
2020-01-13 17:25,9809
2020-01-13 17:30,9904
2020-01-13 17:35,10077
2020-01-13 17:40,10233
2020-01-13 17:45,10378
2020-01-13 17:50,10477
2020-01-13 17:55,10595
2020-01-13 18:00,10644
2020-01-13 18:05,10781
2020-01-13 18:10,10944
2020-01-13 18:15,10974
2020-01-13 18:20,11065
2020-01-13 18:25,11163
2020-01-13 18:30,11256
2020-01-13 18:35,11397
2020-01-13 18:40,11508
2020-01-13 18:45,11612
2020-01-13 18:50,11789
2020-01-13 18:55,11842
2020-01-13 19:00,11924
2020-01-13 19:05,12041
2020-01-13 19:10,12134
2020-01-13 19:15,12173
2020-01-13 19:20,12217
2020-01-13 19:25,12275
2020-01-13 19:30,12391
2020-01-13 19:35,12466
2020-01-13 19:40,12584
2020-01-13 19:45,12635
2020-01-13 19:50,12707
2020-01-13 19:55,12746
2020-01-13 20:00,12737
2020-01-13 20:05,12776
2020-01-13 20:10,12824
2020-01-13 20:15,12893
2020-01-13 20:20,12993
2020-01-13 20:25,13080
2020-01-13 20:30,13115
2020-01-13 20:35,13103
2020-01-13 20:40,13187
2020-01-13 20:45,13128
2020-01-13 20:50,13149
2020-01-13 20:55,13107
2020-01-13 21:00,13134
2020-01-13 21:05,13204
2020-01-13 21:10,13203
2020-01-13 21:15,13246
2020-01-13 21:20,13195
2020-01-13 21:25,13263
2020-01-13 21:30,13187
2020-01-13 21:35,13100
2020-01-13 21:40,13135
2020-01-13 21:45,13144
2020-01-13 21:50,13124
2020-01-13 21:55,13067
2020-01-13 22:00,13008
2020-01-13 22:05,12900
2020-01-13 22:10,12808
2020-01-13 22:15,12732
2020-01-13 22:20,12742
2020-01-13 22:25,12755
2020-01-13 22:30,12686
2020-01-13 22:35,12648
2020-01-13 22:40,12527
2020-01-13 22:45,12505
2020-01-13 22:50,12436
2020-01-13 22:55,12338
2020-01-13 23:00,12261
2020-01-13 23:05,12162
2020-01-13 23:10,12070
2020-01-13 23:15,12053
2020-01-13 23:20,11990
2020-01-13 23:25,11963
2020-01-13 23:30,11934
2020-01-13 23:35,11962
2020-01-13 23:40,11926
2020-01-13 23:45,11929
2020-01-13 23:50,11846
2020-01-13 23:55,11789
2020-01-14 00:00,11732
2020-01-14 00:05,11704
2020-01-14 00:10,11744
2020-01-14 00:15,11704
2020-01-14 00:20,11732
2020-01-14 00:25,11715
2020-01-14 00:30,11713
2020-01-14 00:35,11723
2020-01-14 00:40,11814
2020-01-14 00:45,11822
2020-01-14 00:50,11793
2020-01-14 00:55,11819
2020-01-14 01:00,11868
2020-01-14 01:05,11816
2020-01-14 01:10,11832
2020-01-14 01:15,11879
2020-01-14 01:20,11839
2020-01-14 01:25,11938
2020-01-14 01:30,11963
2020-01-14 01:35,11964
2020-01-14 01:40,12010
2020-01-14 01:45,12039
2020-01-14 01:50,12063
2020-01-14 01:55,12054
2020-01-14 02:00,12009
2020-01-14 02:05,12005
2020-01-14 02:10,12009
2020-01-14 02:15,12018
2020-01-14 02:20,12021
2020-01-14 02:25,12023
2020-01-14 02:30,12043
2020-01-14 02:35,12081
2020-01-14 02:40,11998
2020-01-14 02:45,11963
2020-01-14 02:50,11910
2020-01-14 02:55,11889
2020-01-14 03:00,11852
2020-01-14 03:05,11820
2020-01-14 03:10,11664
2020-01-14 03:15,11638
2020-01-14 03:20,11647
2020-01-14 03:25,11551
2020-01-14 03:30,11454
2020-01-14 03:35,11296
2020-01-14 03:40,11267
2020-01-14 03:45,11082
2020-01-14 03:50,10966
2020-01-14 03:55,10891
2020-01-14 04:00,10811
2020-01-14 04:05,10681
2020-01-14 04:10,10510
2020-01-14 04:15,10364
2020-01-14 04:20,10276
2020-01-14 04:25,10141
2020-01-14 04:30,10006
2020-01-14 04:35,9889
2020-01-14 04:40,9702
2020-01-14 04:45,9602
2020-01-14 04:50,9522
2020-01-14 04:55,9420
2020-01-14 05:00,9261
2020-01-14 05:05,9133
2020-01-14 05:10,9018
2020-01-14 05:15,8871
2020-01-14 05:20,8746
2020-01-14 05:25,8528
2020-01-14 05:30,8411
2020-01-14 05:35,8270
2020-01-14 05:40,8100
2020-01-14 05:45,8010
2020-01-14 05:50,7848
2020-01-14 05:55,7702
2020-01-14 06:00,7542
2020-01-14 06:05,7405
2020-01-14 06:10,7252
2020-01-14 06:15,7134
2020-01-14 06:20,7002
2020-01-14 06:25,6834
2020-01-14 06:30,6762
2020-01-14 06:35,6642
2020-01-14 06:40,6585
2020-01-14 06:45,6441
2020-01-14 06:50,6335
2020-01-14 06:55,6214
2020-01-14 07:00,6135
2020-01-14 07:05,6064
2020-01-14 07:10,5945
2020-01-14 07:15,5826
2020-01-14 07:20,5729
2020-01-14 07:25,5615
2020-01-14 07:30,5519
2020-01-14 07:35,5407
2020-01-14 07:40,5311
2020-01-14 07:45,5256
2020-01-14 07:50,5220
2020-01-14 07:55,5150
2020-01-14 08:00,5068
2020-01-14 08:05,4929
2020-01-14 08:10,4853
2020-01-14 08:15,4744
2020-01-14 08:20,4676
2020-01-14 08:25,4622
2020-01-14 08:30,4520
2020-01-14 08:35,4479
2020-01-14 08:40,4429
2020-01-14 08:45,4392
2020-01-14 08:50,4352
2020-01-14 08:55,4321
2020-01-14 09:00,4256
2020-01-14 09:05,4225
2020-01-14 09:10,4176
2020-01-14 09:15,4151
2020-01-14 09:20,4108
2020-01-14 09:25,4071
2020-01-14 09:30,4014
2020-01-14 09:35,3962
2020-01-14 09:40,4010
2020-01-14 09:45,4013
2020-01-14 09:50,4029
2020-01-14 09:55,4037
2020-01-14 10:00,4045
2020-01-14 10:05,4035
2020-01-14 10:10,4039
2020-01-14 10:15,4072
2020-01-14 10:20,4091
2020-01-14 10:25,4120
2020-01-14 10:30,4122
2020-01-14 10:35,4115
2020-01-14 10:40,4114
2020-01-14 10:45,4116
2020-01-14 10:50,4159
2020-01-14 10:55,4159
2020-01-14 11:00,4192
2020-01-14 11:05,4274
2020-01-14 11:10,4299
2020-01-14 11:15,4321
2020-01-14 11:20,4379
2020-01-14 11:25,4437
2020-01-14 11:30,4469
2020-01-14 11:35,4486
2020-01-14 11:40,4583
2020-01-14 11:45,4610
2020-01-14 11:50,4645
2020-01-14 11:55,4650
2020-01-14 12:00,4639
2020-01-14 12:05,4699
2020-01-14 12:10,4724
2020-01-14 12:15,4771
2020-01-14 12:20,4849
2020-01-14 12:25,4891
2020-01-14 12:30,4965
2020-01-14 12:35,5009
2020-01-14 12:40,5058
2020-01-14 12:45,5075
2020-01-14 12:50,5108
2020-01-14 12:55,5132
2020-01-14 13:00,5187
2020-01-14 13:05,5258
2020-01-14 13:10,5312
2020-01-14 13:15,5357
2020-01-14 13:20,5431
2020-01-14 13:25,5515
2020-01-14 13:30,5585
2020-01-14 13:35,5680
2020-01-14 13:40,5831
2020-01-14 13:45,5882
2020-01-14 13:50,5970
2020-01-14 13:55,6027
2020-01-14 14:00,6066
2020-01-14 14:05,6182
2020-01-14 14:10,6289
2020-01-14 14:15,6378
2020-01-14 14:20,6448
2020-01-14 14:25,6567
2020-01-14 14:30,6668
2020-01-14 14:35,6744
2020-01-14 14:40,6856
2020-01-14 14:45,6914
2020-01-14 14:50,6971
2020-01-14 14:55,7102
2020-01-14 15:00,7208
2020-01-14 15:05,7271
2020-01-14 15:10,7401
2020-01-14 15:15,7479
2020-01-14 15:20,7557
2020-01-14 15:25,7636
2020-01-14 15:30,7768
2020-01-14 15:35,7822
2020-01-14 15:40,7867
2020-01-14 15:45,7972
2020-01-14 15:50,8094
2020-01-14 15:55,8199
2020-01-14 16:00,8318
2020-01-14 16:05,8411
2020-01-14 16:10,8496
2020-01-14 16:15,8600
2020-01-14 16:20,8681
2020-01-14 16:25,8800
2020-01-14 16:30,8922
2020-01-14 16:35,9052
2020-01-14 16:40,9129
2020-01-14 16:45,9263
2020-01-14 16:50,9376
2020-01-14 16:55,9439
2020-01-14 17:00,9520
2020-01-14 17:05,9629
2020-01-14 17:10,9740
2020-01-14 17:15,9865
2020-01-14 17:20,9915
2020-01-14 17:25,10055
2020-01-14 17:30,10214
2020-01-14 17:35,10272
2020-01-14 17:40,10343
2020-01-14 17:45,10486
2020-01-14 17:50,10582
2020-01-14 17:55,10779
2020-01-14 18:00,10914
2020-01-14 18:05,11075
2020-01-14 18:10,11177
2020-01-14 18:15,11243
2020-01-14 18:20,11329
2020-01-14 18:25,11454
2020-01-14 18:30,11511
2020-01-14 18:35,11575
2020-01-14 18:40,11648
2020-01-14 18:45,11725
2020-01-14 18:50,11827
2020-01-14 18:55,11878
2020-01-14 19:00,11997
2020-01-14 19:05,12099
2020-01-14 19:10,12086
2020-01-14 19:15,12266
2020-01-14 19:20,12408
2020-01-14 19:25,12539
2020-01-14 19:30,12613
2020-01-14 19:35,12667
2020-01-14 19:40,12761
2020-01-14 19:45,12765
2020-01-14 19:50,12737
2020-01-14 19:55,12858
2020-01-14 20:00,12894
2020-01-14 20:05,12905
2020-01-14 20:10,12984
2020-01-14 20:15,12968
2020-01-14 20:20,13063
2020-01-14 20:25,13159
2020-01-14 20:30,13191
2020-01-14 20:35,13210
2020-01-14 20:40,13266
2020-01-14 20:45,13260
2020-01-14 20:50,13256
2020-01-14 20:55,13182
2020-01-14 21:00,13170
2020-01-14 21:05,13069
2020-01-14 21:10,13003
2020-01-14 21:15,12927
2020-01-14 21:20,12903
2020-01-14 21:25,12820
2020-01-14 21:30,12786
2020-01-14 21:35,12771
2020-01-14 21:40,12723
2020-01-14 21:45,12717
2020-01-14 21:50,12649
2020-01-14 21:55,12626
2020-01-14 22:00,12552
2020-01-14 22:05,12591
2020-01-14 22:10,12527
2020-01-14 22:15,12446
2020-01-14 22:20,12383
2020-01-14 22:25,12337
2020-01-14 22:30,12277
2020-01-14 22:35,12194
2020-01-14 22:40,12096
2020-01-14 22:45,12097
2020-01-14 22:50,12067
2020-01-14 22:55,12024
2020-01-14 23:00,11950
2020-01-14 23:05,11786
2020-01-14 23:10,11693
2020-01-14 23:15,
2020-01-14 23:20,7615
2020-01-14 23:25,10943
2020-01-14 23:30,11370
2020-01-14 23:35,11406
2020-01-14 23:40,11458
2020-01-14 23:45,11562
2020-01-14 23:50,11458
2020-01-14 23:55,11469
2020-01-15 00:00,11477
2020-01-15 00:05,11478
2020-01-15 00:10,11534
2020-01-15 00:15,11570
2020-01-15 00:20,11625
2020-01-15 00:25,11665
2020-01-15 00:30,11698
2020-01-15 00:35,11776
2020-01-15 00:40,11817
2020-01-15 00:45,11839
2020-01-15 00:50,11781
2020-01-15 00:55,11789
2020-01-15 01:00,11777
2020-01-15 01:05,11810
2020-01-15 01:10,11846
2020-01-15 01:15,11846
2020-01-15 01:20,11895
2020-01-15 01:25,11943
2020-01-15 01:30,11938
2020-01-15 01:35,12009
2020-01-15 01:40,12006
2020-01-15 01:45,12050
2020-01-15 01:50,12046
2020-01-15 01:55,12077
2020-01-15 02:00,12101
2020-01-15 02:05,12119
2020-01-15 02:10,12110
2020-01-15 02:15,12110
2020-01-15 02:20,12073
2020-01-15 02:25,12146
2020-01-15 02:30,12061
2020-01-15 02:35,12061
2020-01-15 02:40,12014
2020-01-15 02:45,12014
2020-01-15 02:50,11930
2020-01-15 02:55,11888
2020-01-15 03:00,11788
2020-01-15 03:05,11679
2020-01-15 03:10,11592
2020-01-15 03:15,11592
2020-01-15 03:20,11541
2020-01-15 03:25,11437
2020-01-15 03:30,11330
2020-01-15 03:35,11330
2020-01-15 03:40,11121
2020-01-15 03:45,11105
2020-01-15 03:50,11105
2020-01-15 03:55,10812
2020-01-15 04:00,10713
2020-01-15 04:05,10713
2020-01-15 04:10,10468
2020-01-15 04:15,10365
2020-01-15 04:20,10281
2020-01-15 04:25,10165
2020-01-15 04:30,10016
2020-01-15 04:35,10016
2020-01-15 04:40,9905
2020-01-15 04:45,9643
2020-01-15 04:50,9643
2020-01-15 04:55,9566
2020-01-15 05:00,9285
2020-01-15 05:05,9142
2020-01-15 05:10,9051
2020-01-15 05:15,8926
2020-01-15 05:20,8926
2020-01-15 05:25,8809
2020-01-15 05:30,8681
2020-01-15 05:35,8522
2020-01-15 05:40,8035
2020-01-15 05:45,7889
2020-01-15 05:50,7816
2020-01-15 05:55,7649
2020-01-15 06:00,7533
2020-01-15 06:05,7327
2020-01-15 06:10,7225
2020-01-15 06:15,7225
2020-01-15 06:20,6935
2020-01-15 06:25,6803
2020-01-15 06:30,6646
2020-01-15 06:35,6539
2020-01-15 06:40,6416
2020-01-15 06:45,6315
2020-01-15 06:50,6228
2020-01-15 06:55,6157
2020-01-15 07:00,6020
2020-01-15 07:05,6020
2020-01-15 07:10,5755
2020-01-15 07:15,5755
2020-01-15 07:20,5639
2020-01-15 07:25,5558
2020-01-15 07:30,5396
2020-01-15 07:35,5396
2020-01-15 07:40,5242
2020-01-15 07:45,5242
2020-01-15 07:50,5143
2020-01-15 07:55,5086
2020-01-15 08:00,4905
2020-01-15 08:05,4905
2020-01-15 08:10,4841
2020-01-15 08:15,4756
2020-01-15 08:20,4723
2020-01-15 08:25,4669
2020-01-15 08:30,4588
2020-01-15 08:35,4553
2020-01-15 08:40,4485
2020-01-15 08:45,4404
2020-01-15 08:50,4395
2020-01-15 08:55,4395
2020-01-15 09:00,4366
2020-01-15 09:05,4357
2020-01-15 09:10,4357
2020-01-15 09:15,4323
2020-01-15 09:20,4335
2020-01-15 09:25,4293
2020-01-15 09:30,4316
2020-01-15 09:35,4300
2020-01-15 09:40,4300
2020-01-15 09:45,4330
2020-01-15 09:50,4340
2020-01-15 09:55,4321
2020-01-15 10:00,4328
2020-01-15 10:05,4323
2020-01-15 10:10,4323
2020-01-15 10:15,4337
2020-01-15 10:20,4312
2020-01-15 10:25,4378
2020-01-15 10:30,4382
2020-01-15 10:35,4382
2020-01-15 10:40,4374
2020-01-15 10:45,4393
2020-01-15 10:50,4367
2020-01-15 10:55,4355
2020-01-15 11:00,4363
2020-01-15 11:05,4399
2020-01-15 11:10,4405
2020-01-15 11:15,4457
2020-01-15 11:20,4495
2020-01-15 11:25,4523
2020-01-15 11:30,4512
2020-01-15 11:35,4586
2020-01-15 11:40,4614
2020-01-15 11:45,4614
2020-01-15 11:50,4671
2020-01-15 11:55,4716
2020-01-15 12:00,4785
2020-01-15 12:05,4785
2020-01-15 12:10,4824
2020-01-15 12:15,4870
2020-01-15 12:20,4951
2020-01-15 12:25,5047
2020-01-15 12:30,5109
2020-01-15 12:35,5150
2020-01-15 12:40,5165
2020-01-15 12:45,5209
2020-01-15 12:50,5267
2020-01-15 12:55,5317
2020-01-15 13:00,5401
2020-01-15 13:05,5401
2020-01-15 13:10,5407
2020-01-15 13:15,5413
2020-01-15 13:20,5429
2020-01-15 13:25,5588
2020-01-15 13:30,5588
2020-01-15 13:35,5653
2020-01-15 13:40,5726
2020-01-15 13:45,5855
2020-01-15 13:50,5917
2020-01-15 13:55,6047
2020-01-15 14:00,6147
2020-01-15 14:05,6147
2020-01-15 14:10,6247
2020-01-15 14:15,6356
2020-01-15 14:20,6415
2020-01-15 14:25,6508
2020-01-15 14:30,6615
2020-01-15 14:35,6698
2020-01-15 14:40,6802
2020-01-15 14:45,6909
2020-01-15 14:50,7024
2020-01-15 14:55,7075
2020-01-15 15:00,7291
2020-01-15 15:05,7291
2020-01-15 15:10,7359
2020-01-15 15:15,7488
2020-01-15 15:20,7470
2020-01-15 15:25,7552
2020-01-15 15:30,7611
2020-01-15 15:35,7696
2020-01-15 15:40,7784
2020-01-15 15:45,7818
2020-01-15 15:50,7910
2020-01-15 15:55,8033
2020-01-15 16:00,8088
2020-01-15 16:05,8167
2020-01-15 16:10,8243
2020-01-15 16:15,8370
2020-01-15 16:20,8494
2020-01-15 16:25,8628
2020-01-15 16:30,8737
2020-01-15 16:35,8818
2020-01-15 16:40,8890
2020-01-15 16:45,9006
2020-01-15 16:50,9107
2020-01-15 16:55,9226
2020-01-15 17:00,9306
2020-01-15 17:05,9348
2020-01-15 17:10,9476
2020-01-15 17:15,9555
2020-01-15 17:20,9612
2020-01-15 17:25,9630
2020-01-15 17:30,9784
2020-01-15 17:35,9892
2020-01-15 17:40,10034
2020-01-15 17:45,10180
2020-01-15 17:50,0
2020-01-15 17:55,10376
2020-01-15 18:00,10436
2020-01-15 18:05,10480
2020-01-15 18:10,10721
2020-01-15 18:15,10649
2020-01-15 18:20,10919
2020-01-15 18:25,11077
2020-01-15 18:30,11217
2020-01-15 18:35,11248
2020-01-15 18:40,11288
2020-01-15 18:45,11358
2020-01-15 18:50,6975
2020-01-15 18:55,9075
2020-01-15 19:00,11325
2020-01-15 19:05,11669
2020-01-15 19:10,11723
2020-01-15 19:15,11843
2020-01-15 19:20,11909
2020-01-15 19:25,12053
2020-01-15 19:30,12136
2020-01-15 19:35,12224
2020-01-15 19:40,12326
2020-01-15 19:45,12318
2020-01-15 19:50,12359
2020-01-15 19:55,12428
2020-01-15 20:00,12499
2020-01-15 20:05,12578
2020-01-15 20:10,12602
2020-01-15 20:15,12661
2020-01-15 20:20,12655
2020-01-15 20:25,12689
2020-01-15 20:30,12686
2020-01-15 20:35,12693
2020-01-15 20:40,12699
2020-01-15 20:45,12761
2020-01-15 20:50,12373
2020-01-15 20:55,12770
2020-01-15 21:00,12744
2020-01-15 21:05,12688
2020-01-15 21:10,12683
2020-01-15 21:15,12484
2020-01-15 21:20,12566
2020-01-15 21:25,12462
2020-01-15 21:30,12472
2020-01-15 21:35,12496
2020-01-15 21:40,12415
2020-01-15 21:45,12299
2020-01-15 21:50,12272
2020-01-15 21:55,12194
2020-01-15 22:00,12113
2020-01-15 22:05,12098
2020-01-15 22:10,12094
2020-01-15 22:15,12080
2020-01-15 22:20,11980
2020-01-15 22:25,11932
2020-01-15 22:30,11879
2020-01-15 22:35,11847
2020-01-15 22:40,11770
2020-01-15 22:45,11668
2020-01-15 22:50,11635
2020-01-15 22:55,11585
2020-01-15 23:00,11551
2020-01-15 23:05,11492
2020-01-15 23:10,11464
2020-01-15 23:15,11417
2020-01-15 23:20,11439
2020-01-15 23:25,11435
2020-01-15 23:30,11420
2020-01-15 23:35,11392
2020-01-15 23:40,11349
2020-01-15 23:45,11268
2020-01-15 23:50,9446
2020-01-15 23:55,10667
2020-01-16 00:00,11157
2020-01-16 00:05,11248
2020-01-16 00:10,11292
2020-01-16 00:15,11294
2020-01-16 00:20,11331
2020-01-16 00:25,11255
2020-01-16 00:30,11269
2020-01-16 00:35,11368
2020-01-16 00:40,11369
2020-01-16 00:45,11378
2020-01-16 00:50,11408
2020-01-16 00:55,11468
2020-01-16 01:00,11459
2020-01-16 01:05,11452
2020-01-16 01:10,11425
2020-01-16 01:15,11508
2020-01-16 01:20,11513
2020-01-16 01:25,11486
2020-01-16 01:30,11541
2020-01-16 01:35,11502
2020-01-16 01:40,11579
2020-01-16 01:45,11568
2020-01-16 01:50,11602
2020-01-16 01:55,11587
2020-01-16 02:00,11642
2020-01-16 02:05,11711
2020-01-16 02:10,11760
2020-01-16 02:15,11790
2020-01-16 02:20,11766
2020-01-16 02:25,11787
2020-01-16 02:30,11775
2020-01-16 02:35,11703
2020-01-16 02:40,11713
2020-01-16 02:45,11735
2020-01-16 02:50,11732
2020-01-16 02:55,11731
2020-01-16 03:00,11650
2020-01-16 03:05,11690
2020-01-16 03:10,11586
2020-01-16 03:15,11445
2020-01-16 03:20,11409
2020-01-16 03:25,11339
2020-01-16 03:30,11266
2020-01-16 03:35,11195
2020-01-16 03:40,11206
2020-01-16 03:45,11203
2020-01-16 03:50,11132
2020-01-16 03:55,11066
2020-01-16 04:00,10942
2020-01-16 04:05,10761
2020-01-16 04:10,10595
2020-01-16 04:15,10475
2020-01-16 04:20,10289
2020-01-16 04:25,10138
2020-01-16 04:30,10034
2020-01-16 04:35,9998
2020-01-16 04:40,9860
2020-01-16 04:45,9781
2020-01-16 04:50,9659
2020-01-16 04:55,9444
2020-01-16 05:00,9240
2020-01-16 05:05,9131
2020-01-16 05:10,9035
2020-01-16 05:15,8879
2020-01-16 05:20,8746
2020-01-16 05:25,8571
2020-01-16 05:30,8411
2020-01-16 05:35,8330
2020-01-16 05:40,8205
2020-01-16 05:45,8082
2020-01-16 05:50,7933
2020-01-16 05:55,7760
2020-01-16 06:00,7638
2020-01-16 06:05,7470
2020-01-16 06:10,7306
2020-01-16 06:15,7196
2020-01-16 06:20,7067
2020-01-16 06:25,6899
2020-01-16 06:30,6760
2020-01-16 06:35,6580
2020-01-16 06:40,6501
2020-01-16 06:45,6372
2020-01-16 06:50,6248
2020-01-16 06:55,6137
2020-01-16 07:00,6009
2020-01-16 07:05,5874
2020-01-16 07:10,5712
2020-01-16 07:15,5587
2020-01-16 07:20,5488
2020-01-16 07:25,5378
2020-01-16 07:30,5280
2020-01-16 07:35,5236
2020-01-16 07:40,5158
2020-01-16 07:45,5103
2020-01-16 07:50,5059
2020-01-16 07:55,4900
2020-01-16 08:00,4848
2020-01-16 08:05,4724
2020-01-16 08:10,4651
2020-01-16 08:15,4628
2020-01-16 08:20,4572
2020-01-16 08:25,4479
2020-01-16 08:30,4404
2020-01-16 08:35,4357
2020-01-16 08:40,4341
2020-01-16 08:45,4319
2020-01-16 08:50,4300
2020-01-16 08:55,4273
2020-01-16 09:00,4198
2020-01-16 09:05,4195
2020-01-16 09:10,4166
2020-01-16 09:15,4143
2020-01-16 09:20,4147
2020-01-16 09:25,4133
2020-01-16 09:30,4127
2020-01-16 09:35,4149
2020-01-16 09:40,4128
2020-01-16 09:45,4121
2020-01-16 09:50,4111
2020-01-16 09:55,4102
2020-01-16 10:00,4090
2020-01-16 10:05,4110
2020-01-16 10:10,4111
2020-01-16 10:15,4115
2020-01-16 10:20,4120
2020-01-16 10:25,4162
2020-01-16 10:30,4180
2020-01-16 10:35,4217
2020-01-16 10:40,4224
2020-01-16 10:45,4271
2020-01-16 10:50,4279
2020-01-16 10:55,4291
2020-01-16 11:00,4282
2020-01-16 11:05,4315
2020-01-16 11:10,4333
2020-01-16 11:15,4326
2020-01-16 11:20,4394
2020-01-16 11:25,4420
2020-01-16 11:30,4473
2020-01-16 11:35,4489
2020-01-16 11:40,4480
2020-01-16 11:45,4530
2020-01-16 11:50,4560
2020-01-16 11:55,4607
2020-01-16 12:00,4643
2020-01-16 12:05,4715
2020-01-16 12:10,4794
2020-01-16 12:15,4874
2020-01-16 12:20,4913
2020-01-16 12:25,5005
2020-01-16 12:30,5082
2020-01-16 12:35,5145
2020-01-16 12:40,5171
2020-01-16 12:45,5181
2020-01-16 12:50,5210
2020-01-16 12:55,5311
2020-01-16 13:00,5322
2020-01-16 13:05,5342
2020-01-16 13:10,5361
2020-01-16 13:15,5402
2020-01-16 13:20,5483
2020-01-16 13:25,5581
2020-01-16 13:30,5659
2020-01-16 13:35,5735
2020-01-16 13:40,5808
2020-01-16 13:45,5876
2020-01-16 13:50,5908
2020-01-16 13:55,5973
2020-01-16 14:00,6015
2020-01-16 14:05,6108
2020-01-16 14:10,6220
2020-01-16 14:15,6312
2020-01-16 14:20,6374
2020-01-16 14:25,6451
2020-01-16 14:30,6512
2020-01-16 14:35,6595
2020-01-16 14:40,6696
2020-01-16 14:45,6793
2020-01-16 14:50,6906
2020-01-16 14:55,6995
2020-01-16 15:00,7084
2020-01-16 15:05,7191
2020-01-16 15:10,7261
2020-01-16 15:15,7320
2020-01-16 15:20,7418
2020-01-16 15:25,7478
2020-01-16 15:30,7583
2020-01-16 15:35,7670
2020-01-16 15:40,7744
2020-01-16 15:45,7832
2020-01-16 15:50,7874
2020-01-16 15:55,7966
2020-01-16 16:00,8014
2020-01-16 16:05,8117
2020-01-16 16:10,8209
2020-01-16 16:15,8307
2020-01-16 16:20,8379
2020-01-16 16:25,8532
2020-01-16 16:30,8643
2020-01-16 16:35,8755
2020-01-16 16:40,8867
2020-01-16 16:45,8962
2020-01-16 16:50,9092
2020-01-16 16:55,9171
2020-01-16 17:00,9248
2020-01-16 17:05,9369
2020-01-16 17:10,9525
2020-01-16 17:15,9577
2020-01-16 17:20,9681
2020-01-16 17:25,9796
2020-01-16 17:30,9926
2020-01-16 17:35,10025
2020-01-16 17:40,10188
2020-01-16 17:45,10288
2020-01-16 17:50,10348
2020-01-16 17:55,10381
2020-01-16 18:00,10495
2020-01-16 18:05,10568
2020-01-16 18:10,10698
2020-01-16 18:15,10791
2020-01-16 18:20,10924
2020-01-16 18:25,10999
2020-01-16 18:30,11059
2020-01-16 18:35,11157
2020-01-16 18:40,11246
2020-01-16 18:45,11358
2020-01-16 18:50,11396
2020-01-16 18:55,11459
2020-01-16 19:00,11421
2020-01-16 19:05,11484
2020-01-16 19:10,11569
2020-01-16 19:15,11714
2020-01-16 19:20,0
2020-01-16 19:25,11843
2020-01-16 19:30,11903
2020-01-16 19:35,12035
2020-01-16 19:40,12143
2020-01-16 19:45,12223
2020-01-16 19:50,12275
2020-01-16 19:55,12328
2020-01-16 20:00,12373
2020-01-16 20:05,12381
2020-01-16 20:10,11181
2020-01-16 20:15,12462
2020-01-16 20:20,12581
2020-01-16 20:25,12696
2020-01-16 20:30,12775
2020-01-16 20:35,12844
2020-01-16 20:40,12833
2020-01-16 20:45,12852
2020-01-16 20:50,12869
2020-01-16 20:55,12868
2020-01-16 21:00,12893
2020-01-16 21:05,12939
2020-01-16 21:10,12955
2020-01-16 21:15,12964
2020-01-16 21:20,13007
2020-01-16 21:25,12986
2020-01-16 21:30,12968
2020-01-16 21:35,12974
2020-01-16 21:40,12979
2020-01-16 21:45,12923
2020-01-16 21:50,12870
2020-01-16 21:55,12814
2020-01-16 22:00,12764
2020-01-16 22:05,12641
2020-01-16 22:10,12550
2020-01-16 22:15,12483
2020-01-16 22:20,12402
2020-01-16 22:25,12405
2020-01-16 22:30,12228
2020-01-16 22:35,12175
2020-01-16 22:40,12141
2020-01-16 22:45,12154
2020-01-16 22:50,12153
2020-01-16 22:55,12073
2020-01-16 23:00,12071
2020-01-16 23:05,12025
2020-01-16 23:10,11929
2020-01-16 23:15,11848
2020-01-16 23:20,11836
2020-01-16 23:25,11733
2020-01-16 23:30,11698
2020-01-16 23:35,11633
2020-01-16 23:40,11574
2020-01-16 23:45,11649
2020-01-16 23:50,11580
2020-01-16 23:55,11526
2020-01-17 00:00,11492
2020-01-17 00:05,11593
2020-01-17 00:10,11569
2020-01-17 00:15,11597
2020-01-17 00:20,11598
2020-01-17 00:25,11570
2020-01-17 00:30,11545
2020-01-17 00:35,11494
2020-01-17 00:40,11544
2020-01-17 00:45,11578
2020-01-17 00:50,11587
2020-01-17 00:55,11569
2020-01-17 01:00,11547
2020-01-17 01:05,11509
2020-01-17 01:10,11458
2020-01-17 01:15,11608
2020-01-17 01:20,11600
2020-01-17 01:25,11657
2020-01-17 01:30,11693
2020-01-17 01:35,11787
2020-01-17 01:40,11843
2020-01-17 01:45,11837
2020-01-17 01:50,11844
2020-01-17 01:55,11843
2020-01-17 02:00,11893
2020-01-17 02:05,11924
2020-01-17 02:10,11939
2020-01-17 02:15,11938
2020-01-17 02:20,11886
2020-01-17 02:25,11946
2020-01-17 02:30,12005
2020-01-17 02:35,12012
2020-01-17 02:40,12083
2020-01-17 02:45,12053
2020-01-17 02:50,12052
2020-01-17 02:55,11991
2020-01-17 03:00,11997
2020-01-17 03:05,11982
2020-01-17 03:10,11883
2020-01-17 03:15,11845
2020-01-17 03:20,11859
2020-01-17 03:25,11717
2020-01-17 03:30,11677
2020-01-17 03:35,11614
2020-01-17 03:40,11561
2020-01-17 03:45,11538
2020-01-17 03:50,11401
2020-01-17 03:55,11265
2020-01-17 04:00,11125
2020-01-17 04:05,11010
2020-01-17 04:10,10894
2020-01-17 04:15,10806
2020-01-17 04:20,10651
2020-01-17 04:25,10581
2020-01-17 04:30,10453
2020-01-17 04:35,10339
2020-01-17 04:40,10234
2020-01-17 04:45,10117
2020-01-17 04:50,9983
2020-01-17 04:55,9815
2020-01-17 05:00,9636
2020-01-17 05:05,9469
2020-01-17 05:10,9275
2020-01-17 05:15,9105
2020-01-17 05:20,8962
2020-01-17 05:25,8784
2020-01-17 05:30,8592
2020-01-17 05:35,8470
2020-01-17 05:40,8311
2020-01-17 05:45,8153
2020-01-17 05:50,7980
2020-01-17 05:55,7834
2020-01-17 06:00,7672
2020-01-17 06:05,7526
2020-01-17 06:10,7412
2020-01-17 06:15,7265
2020-01-17 06:20,7113
2020-01-17 06:25,7033
2020-01-17 06:30,6898
2020-01-17 06:35,6773
2020-01-17 06:40,6642
2020-01-17 06:45,6555
2020-01-17 06:50,6434
2020-01-17 06:55,6304
2020-01-17 07:00,6219
2020-01-17 07:05,6098
2020-01-17 07:10,5982
2020-01-17 07:15,5859
2020-01-17 07:20,5762
2020-01-17 07:25,5696
2020-01-17 07:30,5660
2020-01-17 07:35,5594
2020-01-17 07:40,5475
2020-01-17 07:45,5431
2020-01-17 07:50,5325
2020-01-17 07:55,5239
2020-01-17 08:00,5170
2020-01-17 08:05,5074
2020-01-17 08:10,4977
2020-01-17 08:15,4886
2020-01-17 08:20,4828
2020-01-17 08:25,4737
2020-01-17 08:30,4658
2020-01-17 08:35,4524
2020-01-17 08:40,4470
2020-01-17 08:45,4438
2020-01-17 08:50,4341
2020-01-17 08:55,4359
2020-01-17 09:00,4355
2020-01-17 09:05,4364
2020-01-17 09:10,4323
2020-01-17 09:15,4300
2020-01-17 09:20,4290
2020-01-17 09:25,4244
2020-01-17 09:30,4220
2020-01-17 09:35,4216
2020-01-17 09:40,4214
2020-01-17 09:45,4209
2020-01-17 09:50,4212
2020-01-17 09:55,4218
2020-01-17 10:00,4206
2020-01-17 10:05,4215
2020-01-17 10:10,4206
2020-01-17 10:15,4195
2020-01-17 10:20,4203
2020-01-17 10:25,4252
2020-01-17 10:30,4290
2020-01-17 10:35,4293
2020-01-17 10:40,4308
2020-01-17 10:45,4339
2020-01-17 10:50,4337
2020-01-17 10:55,4371
2020-01-17 11:00,4397
2020-01-17 11:05,4407
2020-01-17 11:10,4436
2020-01-17 11:15,4448
2020-01-17 11:20,4490
2020-01-17 11:25,4543
2020-01-17 11:30,4589
2020-01-17 11:35,4630
2020-01-17 11:40,4660
2020-01-17 11:45,4683
2020-01-17 11:50,4716
2020-01-17 11:55,4773
2020-01-17 12:00,4810
2020-01-17 12:05,4855
2020-01-17 12:10,4973
2020-01-17 12:15,5036
2020-01-17 12:20,5130
2020-01-17 12:25,5223
2020-01-17 12:30,5280
2020-01-17 12:35,5327
2020-01-17 12:40,5393
2020-01-17 12:45,5471
2020-01-17 12:50,5536
2020-01-17 12:55,5559
2020-01-17 13:00,5581
2020-01-17 13:05,5612
2020-01-17 13:10,5644
2020-01-17 13:15,5710
2020-01-17 13:20,5737
2020-01-17 13:25,5821
2020-01-17 13:30,5876
2020-01-17 13:35,5968
2020-01-17 13:40,6092
2020-01-17 13:45,6220
2020-01-17 13:50,6294
2020-01-17 13:55,6378
2020-01-17 14:00,6434
2020-01-17 14:05,6524
2020-01-17 14:10,6636
2020-01-17 14:15,6761
2020-01-17 14:20,6911
2020-01-17 14:25,6996
2020-01-17 14:30,7082
2020-01-17 14:35,7151
2020-01-17 14:40,7315
2020-01-17 14:45,7406
2020-01-17 14:50,7461
2020-01-17 14:55,7580
2020-01-17 15:00,7645
2020-01-17 15:05,7748
2020-01-17 15:10,7852
2020-01-17 15:15,7918
2020-01-17 15:20,8046
2020-01-17 15:25,8126
2020-01-17 15:30,8203
2020-01-17 15:35,8241
2020-01-17 15:40,8314
2020-01-17 15:45,8370
2020-01-17 15:50,8444
2020-01-17 15:55,8589
2020-01-17 16:00,8663
2020-01-17 16:05,8704
2020-01-17 16:10,8771
2020-01-17 16:15,8856
2020-01-17 16:20,8971
2020-01-17 16:25,9005
2020-01-17 16:30,9115
2020-01-17 16:35,9160
2020-01-17 16:40,9298
2020-01-17 16:45,9323
2020-01-17 16:50,9376
2020-01-17 16:55,
2020-01-17 17:00,
2020-01-17 17:05,9536
2020-01-17 17:10,9622
2020-01-17 17:15,9572
2020-01-17 17:20,9881
2020-01-17 17:25,10021
2020-01-17 17:30,6303
2020-01-17 17:35,9659
2020-01-17 17:40,10178
2020-01-17 17:45,10272
2020-01-17 17:50,10324
2020-01-17 17:55,10521
2020-01-17 18:00,10629
2020-01-17 18:05,10714
2020-01-17 18:10,10815
2020-01-17 18:15,10843
2020-01-17 18:20,10941
2020-01-17 18:25,11116
2020-01-17 18:30,11229
2020-01-17 18:35,11327
2020-01-17 18:40,11415
2020-01-17 18:45,11504
2020-01-17 18:50,11641
2020-01-17 18:55,11758
2020-01-17 19:00,11813
2020-01-17 19:05,11863
2020-01-17 19:10,11958
2020-01-17 19:15,12098
2020-01-17 19:20,12143
2020-01-17 19:25,12297
2020-01-17 19:30,12386
2020-01-17 19:35,12438
2020-01-17 19:40,12519
2020-01-17 19:45,12635
2020-01-17 19:50,12686
2020-01-17 19:55,12700
2020-01-17 20:00,12765
2020-01-17 20:05,12821
2020-01-17 20:10,12895
2020-01-17 20:15,13021
2020-01-17 20:20,13160
2020-01-17 20:25,13230
2020-01-17 20:30,13339
2020-01-17 20:35,13414
2020-01-17 20:40,13457
2020-01-17 20:45,13516
2020-01-17 20:50,13554
2020-01-17 20:55,13635
2020-01-17 21:00,13638
2020-01-17 21:05,13635
2020-01-17 21:10,13652
2020-01-17 21:15,13700
2020-01-17 21:20,13730
2020-01-17 21:25,13765
2020-01-17 21:30,13778
2020-01-17 21:35,13730
2020-01-17 21:40,13800
2020-01-17 21:45,13796
2020-01-17 21:50,13841
2020-01-17 21:55,13856
2020-01-17 22:00,13756
2020-01-17 22:05,13747
2020-01-17 22:10,13791
2020-01-17 22:15,13804
2020-01-17 22:20,13846
2020-01-17 22:25,13841
2020-01-17 22:30,13777
2020-01-17 22:35,13745
2020-01-17 22:40,13777
2020-01-17 22:45,13766
2020-01-17 22:50,13660
2020-01-17 22:55,13554
2020-01-17 23:00,13485
2020-01-17 23:05,13372
2020-01-17 23:10,13305
2020-01-17 23:15,13285
2020-01-17 23:20,13128
2020-01-17 23:25,13108
2020-01-17 23:30,13041
2020-01-17 23:35,12950
2020-01-17 23:40,12910
2020-01-17 23:45,12960
2020-01-17 23:50,12885
2020-01-17 23:55,12800
2020-01-18 00:00,12705
2020-01-18 00:05,12664
2020-01-18 00:10,12671
2020-01-18 00:15,12627
2020-01-18 00:20,12542
2020-01-18 00:25,12461
2020-01-18 00:30,12458
2020-01-18 00:35,12375
2020-01-18 00:40,12432
2020-01-18 00:45,12443
2020-01-18 00:50,12373
2020-01-18 00:55,12393
2020-01-18 01:00,12404
2020-01-18 01:05,12361
2020-01-18 01:10,12279
2020-01-18 01:15,12248
2020-01-18 01:20,12226
2020-01-18 01:25,12232
2020-01-18 01:30,12305
2020-01-18 01:35,12298
2020-01-18 01:40,12315
2020-01-18 01:45,12270
2020-01-18 01:50,12221
2020-01-18 01:55,12239
2020-01-18 02:00,12243
2020-01-18 02:05,12218
2020-01-18 02:10,12207
2020-01-18 02:15,12233
2020-01-18 02:20,12270
2020-01-18 02:25,12258
2020-01-18 02:30,12295
2020-01-18 02:35,12336
2020-01-18 02:40,12302
2020-01-18 02:45,12285
2020-01-18 02:50,12269
2020-01-18 02:55,12203
2020-01-18 03:00,12191
2020-01-18 03:05,12174
2020-01-18 03:10,12122
2020-01-18 03:15,12149
2020-01-18 03:20,12207
2020-01-18 03:25,12156
2020-01-18 03:30,12120
2020-01-18 03:35,12069
2020-01-18 03:40,12053
2020-01-18 03:45,12078
2020-01-18 03:50,12011
2020-01-18 03:55,12032
2020-01-18 04:00,11924
2020-01-18 04:05,11818
2020-01-18 04:10,11811
2020-01-18 04:15,11697
2020-01-18 04:20,11709
2020-01-18 04:25,11714
2020-01-18 04:30,11648
2020-01-18 04:35,11608
2020-01-18 04:40,11529
2020-01-18 04:45,11465
2020-01-18 04:50,11411
2020-01-18 04:55,11260
2020-01-18 05:00,11181
2020-01-18 05:05,11067
2020-01-18 05:10,11011
2020-01-18 05:15,10895
2020-01-18 05:20,10852
2020-01-18 05:25,10735
2020-01-18 05:30,10601
2020-01-18 05:35,10464
2020-01-18 05:40,10402
2020-01-18 05:45,10263
2020-01-18 05:50,10152
2020-01-18 05:55,9981
2020-01-18 06:00,9900
2020-01-18 06:05,9803
2020-01-18 06:10,9717
2020-01-18 06:15,9526
2020-01-18 06:20,9350
2020-01-18 06:25,9192
2020-01-18 06:30,9016
2020-01-18 06:35,8900
2020-01-18 06:40,8771
2020-01-18 06:45,8532
2020-01-18 06:50,8427
2020-01-18 06:55,8276
2020-01-18 07:00,8143
2020-01-18 07:05,8015
2020-01-18 07:10,7907
2020-01-18 07:15,7806
2020-01-18 07:20,7629
2020-01-18 07:25,7523
2020-01-18 07:30,7380
2020-01-18 07:35,7277
2020-01-18 07:40,7131
2020-01-18 07:45,7012
2020-01-18 07:50,6949
2020-01-18 07:55,6842
2020-01-18 08:00,6759
2020-01-18 08:05,6652
2020-01-18 08:10,6602
2020-01-18 08:15,6518
2020-01-18 08:20,6438
2020-01-18 08:25,6382
2020-01-18 08:30,6359
2020-01-18 08:35,6282
2020-01-18 08:40,6237
2020-01-18 08:45,6205
2020-01-18 08:50,6179
2020-01-18 08:55,6069
2020-01-18 09:00,6043
2020-01-18 09:05,6024
2020-01-18 09:10,5975
2020-01-18 09:15,5897
2020-01-18 09:20,5868
2020-01-18 09:25,5788
2020-01-18 09:30,5732
2020-01-18 09:35,5700
2020-01-18 09:40,5676
2020-01-18 09:45,5653
2020-01-18 09:50,5667
2020-01-18 09:55,5685
2020-01-18 10:00,5684
2020-01-18 10:05,5697
2020-01-18 10:10,5684
2020-01-18 10:15,5707
2020-01-18 10:20,5758
2020-01-18 10:25,5781
2020-01-18 10:30,5821
2020-01-18 10:35,5934
2020-01-18 10:40,5997
2020-01-18 10:45,6032
2020-01-18 10:50,6080
2020-01-18 10:55,6096
2020-01-18 11:00,6140
2020-01-18 11:05,6168
2020-01-18 11:10,6213
2020-01-18 11:15,6243
2020-01-18 11:20,6328
2020-01-18 11:25,6358
2020-01-18 11:30,6418
2020-01-18 11:35,6446
2020-01-18 11:40,6542
2020-01-18 11:45,6651
2020-01-18 11:50,6709
2020-01-18 11:55,6800
2020-01-18 12:00,6852
2020-01-18 12:05,6906
2020-01-18 12:10,6990
2020-01-18 12:15,7068
2020-01-18 12:20,7069
2020-01-18 12:25,7128
2020-01-18 12:30,7205
2020-01-18 12:35,7270
2020-01-18 12:40,7346
2020-01-18 12:45,7387
2020-01-18 12:50,7487
2020-01-18 12:55,7541
2020-01-18 13:00,7616
2020-01-18 13:05,7635
2020-01-18 13:10,7703
2020-01-18 13:15,7759
2020-01-18 13:20,7846
2020-01-18 13:25,7912
2020-01-18 13:30,8059
2020-01-18 13:35,8139
2020-01-18 13:40,8207
2020-01-18 13:45,8286
2020-01-18 13:50,8382
2020-01-18 13:55,8450
2020-01-18 14:00,8550
2020-01-18 14:05,8569
2020-01-18 14:10,8664
2020-01-18 14:15,8857
2020-01-18 14:20,8969
2020-01-18 14:25,9056
2020-01-18 14:30,9096
2020-01-18 14:35,9252
2020-01-18 14:40,9395
2020-01-18 14:45,9462
2020-01-18 14:50,9569
2020-01-18 14:55,9643
2020-01-18 15:00,9797
2020-01-18 15:05,9832
2020-01-18 15:10,9939
2020-01-18 15:15,10010
2020-01-18 15:20,10093
2020-01-18 15:25,10119
2020-01-18 15:30,10211
2020-01-18 15:35,10315
2020-01-18 15:40,10464
2020-01-18 15:45,10556
2020-01-18 15:50,10626
2020-01-18 15:55,10694
2020-01-18 16:00,10764
2020-01-18 16:05,10816
2020-01-18 16:10,10903
2020-01-18 16:15,11068
2020-01-18 16:20,11138
2020-01-18 16:25,11232
2020-01-18 16:30,11324
2020-01-18 16:35,11459
2020-01-18 16:40,11600
2020-01-18 16:45,11694
2020-01-18 16:50,11784
2020-01-18 16:55,11886
2020-01-18 17:00,11999
2020-01-18 17:05,12010
2020-01-18 17:10,12129
2020-01-18 17:15,12207
2020-01-18 17:20,12261
2020-01-18 17:25,12402
2020-01-18 17:30,12586
2020-01-18 17:35,12699
2020-01-18 17:40,12772
2020-01-18 17:45,12951
2020-01-18 17:50,13022
2020-01-18 17:55,13058
2020-01-18 18:00,13173
2020-01-18 18:05,13222
2020-01-18 18:10,13237
2020-01-18 18:15,13277
2020-01-18 18:20,13354
2020-01-18 18:25,13363
2020-01-18 18:30,13534
2020-01-18 18:35,13597
2020-01-18 18:40,13718
2020-01-18 18:45,13745
2020-01-18 18:50,13798
2020-01-18 18:55,13845
2020-01-18 19:00,13872
2020-01-18 19:05,13978
2020-01-18 19:10,14108
2020-01-18 19:15,14214
2020-01-18 19:20,14299
2020-01-18 19:25,14433
2020-01-18 19:30,14516
2020-01-18 19:35,14622
2020-01-18 19:40,14736
2020-01-18 19:45,14858
2020-01-18 19:50,14970
2020-01-18 19:55,15007
2020-01-18 20:00,14999
2020-01-18 20:05,15033
2020-01-18 20:10,15086
2020-01-18 20:15,15139
2020-01-18 20:20,15217
2020-01-18 20:25,15321
2020-01-18 20:30,15362
2020-01-18 20:35,15350
2020-01-18 20:40,15380
2020-01-18 20:45,15342
2020-01-18 20:50,15397
2020-01-18 20:55,15506
2020-01-18 21:00,15502
2020-01-18 21:05,15577
2020-01-18 21:10,15626
2020-01-18 21:15,15643
2020-01-18 21:20,15646
2020-01-18 21:25,15647
2020-01-18 21:30,15653
2020-01-18 21:35,15619
2020-01-18 21:40,15663
2020-01-18 21:45,15552
2020-01-18 21:50,15539
2020-01-18 21:55,15533
2020-01-18 22:00,15556
2020-01-18 22:05,15477
2020-01-18 22:10,15453
2020-01-18 22:15,15460
2020-01-18 22:20,15368
2020-01-18 22:25,15345
2020-01-18 22:30,15261
2020-01-18 22:35,15172
2020-01-18 22:40,15106
2020-01-18 22:45,15097
2020-01-18 22:50,14966
2020-01-18 22:55,14852
2020-01-18 23:00,14867
2020-01-18 23:05,14739
2020-01-18 23:10,14627
2020-01-18 23:15,14538
2020-01-18 23:20,14491
2020-01-18 23:25,14401
2020-01-18 23:30,14316
2020-01-18 23:35,14214
2020-01-18 23:40,14093
2020-01-18 23:45,14017
2020-01-18 23:50,13934
2020-01-18 23:55,13789
2020-01-19 00:00,13731
2020-01-19 00:05,13679
2020-01-19 00:10,13556
2020-01-19 00:15,13416
2020-01-19 00:20,13374
2020-01-19 00:25,13306
2020-01-19 00:30,13282
2020-01-19 00:35,13247
2020-01-19 00:40,13219
2020-01-19 00:45,13073
2020-01-19 00:50,12948
2020-01-19 00:55,12940
2020-01-19 01:00,12815
2020-01-19 01:05,12671
2020-01-19 01:10,12611
2020-01-19 01:15,12605
2020-01-19 01:20,12524
2020-01-19 01:25,12487
2020-01-19 01:30,12435
2020-01-19 01:35,12436
2020-01-19 01:40,12429
2020-01-19 01:45,12445
2020-01-19 01:50,12491
2020-01-19 01:55,12469
2020-01-19 02:00,12427
2020-01-19 02:05,12354
2020-01-19 02:10,12309
2020-01-19 02:15,12370
2020-01-19 02:20,12376
2020-01-19 02:25,12275
2020-01-19 02:30,12258
2020-01-19 02:35,12279
2020-01-19 02:40,12298
2020-01-19 02:45,12278
2020-01-19 02:50,12317
2020-01-19 02:55,12266
2020-01-19 03:00,12220
2020-01-19 03:05,12136
2020-01-19 03:10,12105
2020-01-19 03:15,12053
2020-01-19 03:20,11999
2020-01-19 03:25,12002
2020-01-19 03:30,11949
2020-01-19 03:35,11976
2020-01-19 03:40,11965
2020-01-19 03:45,11931
2020-01-19 03:50,11927
2020-01-19 03:55,11922
2020-01-19 04:00,11868
2020-01-19 04:05,11814
2020-01-19 04:10,11760
2020-01-19 04:15,11702
2020-01-19 04:20,11651
2020-01-19 04:25,11571
2020-01-19 04:30,11479
2020-01-19 04:35,11401
2020-01-19 04:40,11428
2020-01-19 04:45,11373
2020-01-19 04:50,11295
2020-01-19 04:55,11287
2020-01-19 05:00,11205
2020-01-19 05:05,11092
2020-01-19 05:10,10962
2020-01-19 05:15,10840
2020-01-19 05:20,10715
2020-01-19 05:25,10605
2020-01-19 05:30,10436
2020-01-19 05:35,10308
2020-01-19 05:40,10193
2020-01-19 05:45,10124
2020-01-19 05:50,10081
2020-01-19 05:55,10006
2020-01-19 06:00,9908
2020-01-19 06:05,9802
2020-01-19 06:10,9759
2020-01-19 06:15,9643
2020-01-19 06:20,9505
2020-01-19 06:25,9321
2020-01-19 06:30,9248
2020-01-19 06:35,9188
2020-01-19 06:40,9051
2020-01-19 06:45,8930
2020-01-19 06:50,8821
2020-01-19 06:55,8680
2020-01-19 07:00,8552
2020-01-19 07:05,8426
2020-01-19 07:10,8301
2020-01-19 07:15,8188
2020-01-19 07:20,8112
2020-01-19 07:25,7989
2020-01-19 07:30,7889
2020-01-19 07:35,7756
2020-01-19 07:40,7619
2020-01-19 07:45,7491
2020-01-19 07:50,7415
2020-01-19 07:55,7323
2020-01-19 08:00,7256
2020-01-19 08:05,7093
2020-01-19 08:10,6966
2020-01-19 08:15,6822
2020-01-19 08:20,6722
2020-01-19 08:25,6614
2020-01-19 08:30,6590
2020-01-19 08:35,6498
2020-01-19 08:40,6446
2020-01-19 08:45,6417
2020-01-19 08:50,6295
2020-01-19 08:55,6271
2020-01-19 09:00,6221
2020-01-19 09:05,6206
2020-01-19 09:10,6218
2020-01-19 09:15,6206
2020-01-19 09:20,6216
2020-01-19 09:25,6132
2020-01-19 09:30,6062
2020-01-19 09:35,6055
2020-01-19 09:40,6071
2020-01-19 09:45,6037
2020-01-19 09:50,6078
2020-01-19 09:55,6102
2020-01-19 10:00,6083
2020-01-19 10:05,6098
2020-01-19 10:10,6106
2020-01-19 10:15,6149
2020-01-19 10:20,6111
2020-01-19 10:25,6189
2020-01-19 10:30,6232
2020-01-19 10:35,6256
2020-01-19 10:40,6295
2020-01-19 10:45,6358
2020-01-19 10:50,6374
2020-01-19 10:55,6455
2020-01-19 11:00,6490
2020-01-19 11:05,6545
2020-01-19 11:10,6632
2020-01-19 11:15,6665
2020-01-19 11:20,6715
2020-01-19 11:25,6752
2020-01-19 11:30,6807
2020-01-19 11:35,6888
2020-01-19 11:40,6991
2020-01-19 11:45,7006
2020-01-19 11:50,7075
2020-01-19 11:55,7103
2020-01-19 12:00,7146
2020-01-19 12:05,7207
2020-01-19 12:10,7303
2020-01-19 12:15,7364
2020-01-19 12:20,7480
2020-01-19 12:25,7574
2020-01-19 12:30,7676
2020-01-19 12:35,7769
2020-01-19 12:40,7813
2020-01-19 12:45,7893
2020-01-19 12:50,7985
2020-01-19 12:55,8003
2020-01-19 13:00,8067
2020-01-19 13:05,8126
2020-01-19 13:10,8186
2020-01-19 13:15,8272
2020-01-19 13:20,8398
2020-01-19 13:25,8434
2020-01-19 13:30,8525
2020-01-19 13:35,8578
2020-01-19 13:40,8619
2020-01-19 13:45,8736
2020-01-19 13:50,8813
2020-01-19 13:55,8904
2020-01-19 14:00,8985
2020-01-19 14:05,9088
2020-01-19 14:10,9190
2020-01-19 14:15,9333
2020-01-19 14:20,9458
2020-01-19 14:25,9571
2020-01-19 14:30,9639
2020-01-19 14:35,9753
2020-01-19 14:40,9906
2020-01-19 14:45,10014
2020-01-19 14:50,10158
2020-01-19 14:55,10277
2020-01-19 15:00,10326
2020-01-19 15:05,10434
2020-01-19 15:10,10561
2020-01-19 15:15,10645
2020-01-19 15:20,10796
2020-01-19 15:25,10833
2020-01-19 15:30,10934
2020-01-19 15:35,11053
2020-01-19 15:40,11214
2020-01-19 15:45,11335
2020-01-19 15:50,11430
2020-01-19 15:55,11510
2020-01-19 16:00,11588
2020-01-19 16:05,11693
2020-01-19 16:10,11736
2020-01-19 16:15,11821
2020-01-19 16:20,11957
2020-01-19 16:25,12053
2020-01-19 16:30,12160
2020-01-19 16:35,12157
2020-01-19 16:40,12239
2020-01-19 16:45,12360
2020-01-19 16:50,12454
2020-01-19 16:55,12489
2020-01-19 17:00,12601
2020-01-19 17:05,12595
2020-01-19 17:10,12676
2020-01-19 17:15,12782
2020-01-19 17:20,12870
2020-01-19 17:25,13007
2020-01-19 17:30,13150
2020-01-19 17:35,12589
2020-01-19 17:40,13306
2020-01-19 17:45,13529
2020-01-19 17:50,13609
2020-01-19 17:55,13795
2020-01-19 18:00,13971
2020-01-19 18:05,14087
2020-01-19 18:10,14163
2020-01-19 18:15,14247
2020-01-19 18:20,14303
2020-01-19 18:25,14417
2020-01-19 18:30,14517
2020-01-19 18:35,14667
2020-01-19 18:40,14822
2020-01-19 18:45,14917
2020-01-19 18:50,15035
2020-01-19 18:55,15154
2020-01-19 19:00,15272
2020-01-19 19:05,15273
2020-01-19 19:10,15462
2020-01-19 19:15,15568
2020-01-19 19:20,15759
2020-01-19 19:25,15848
2020-01-19 19:30,15927
2020-01-19 19:35,15985
2020-01-19 19:40,15989
2020-01-19 19:45,16042
2020-01-19 19:50,16003
2020-01-19 19:55,16062
2020-01-19 20:00,16104
2020-01-19 20:05,16048
2020-01-19 20:10,16072
2020-01-19 20:15,16073
2020-01-19 20:20,16035
2020-01-19 20:25,16009
2020-01-19 20:30,16016
2020-01-19 20:35,16001
2020-01-19 20:40,16034
2020-01-19 20:45,15948
2020-01-19 20:50,15910
2020-01-19 20:55,15941
2020-01-19 21:00,15817
2020-01-19 21:05,15799
2020-01-19 21:10,15752
2020-01-19 21:15,15815
2020-01-19 21:20,15842
2020-01-19 21:25,15750
2020-01-19 21:30,15719
2020-01-19 21:35,15687
2020-01-19 21:40,15663
2020-01-19 21:45,15631
2020-01-19 21:50,15531
2020-01-19 21:55,15451
2020-01-19 22:00,15349
2020-01-19 22:05,15250
2020-01-19 22:10,15185
2020-01-19 22:15,15085
2020-01-19 22:20,14986
2020-01-19 22:25,14861
2020-01-19 22:30,14781
2020-01-19 22:35,14686
2020-01-19 22:40,14556
2020-01-19 22:45,14511
2020-01-19 22:50,14331
2020-01-19 22:55,14201
2020-01-19 23:00,14010
2020-01-19 23:05,13934
2020-01-19 23:10,13766
2020-01-19 23:15,13642
2020-01-19 23:20,13576
2020-01-19 23:25,13529
2020-01-19 23:30,13507
2020-01-19 23:35,13403
2020-01-19 23:40,13246
2020-01-19 23:45,13148
2020-01-19 23:50,13104
2020-01-19 23:55,13038
2020-01-20 00:00,12898
2020-01-20 00:05,12884
2020-01-20 00:10,12835
2020-01-20 00:15,12753
2020-01-20 00:20,12691
2020-01-20 00:25,12608
2020-01-20 00:30,12565
2020-01-20 00:35,12501
2020-01-20 00:40,12531
2020-01-20 00:45,12509
2020-01-20 00:50,12476
2020-01-20 00:55,12401
2020-01-20 01:00,12436
2020-01-20 01:05,12427
2020-01-20 01:10,12459
2020-01-20 01:15,12551
2020-01-20 01:20,12648
2020-01-20 01:25,12715
2020-01-20 01:30,12704
2020-01-20 01:35,12743
2020-01-20 01:40,12690
2020-01-20 01:45,12696
2020-01-20 01:50,12705
2020-01-20 01:55,12702
2020-01-20 02:00,12700
2020-01-20 02:05,12623
2020-01-20 02:10,12664
2020-01-20 02:15,12680
2020-01-20 02:20,12756
2020-01-20 02:25,12721
2020-01-20 02:30,12731
2020-01-20 02:35,12754
2020-01-20 02:40,12773
2020-01-20 02:45,12728
2020-01-20 02:50,12683
2020-01-20 02:55,12653
2020-01-20 03:00,12586
2020-01-20 03:05,12587
2020-01-20 03:10,12621
2020-01-20 03:15,12591
2020-01-20 03:20,12584
2020-01-20 03:25,12502
2020-01-20 03:30,12529
2020-01-20 03:35,12480
2020-01-20 03:40,12392
2020-01-20 03:45,12357
2020-01-20 03:50,12289
2020-01-20 03:55,12285
2020-01-20 04:00,12167
2020-01-20 04:05,12042
2020-01-20 04:10,11913
2020-01-20 04:15,11841
2020-01-20 04:20,11766
2020-01-20 04:25,11643
2020-01-20 04:30,11539
2020-01-20 04:35,11474
2020-01-20 04:40,11343
2020-01-20 04:45,11230
2020-01-20 04:50,11051
2020-01-20 04:55,10971
2020-01-20 05:00,10847
2020-01-20 05:05,10709
2020-01-20 05:10,10533
2020-01-20 05:15,10410
2020-01-20 05:20,10280
2020-01-20 05:25,10182
2020-01-20 05:30,10023
2020-01-20 05:35,9852
2020-01-20 05:40,9700
2020-01-20 05:45,9590
2020-01-20 05:50,9443
2020-01-20 05:55,9319
2020-01-20 06:00,9176
2020-01-20 06:05,9038
2020-01-20 06:10,8819
2020-01-20 06:15,8677
2020-01-20 06:20,8542
2020-01-20 06:25,8390
2020-01-20 06:30,8331
2020-01-20 06:35,8178
2020-01-20 06:40,8018
2020-01-20 06:45,7872
2020-01-20 06:50,7724
2020-01-20 06:55,7612
2020-01-20 07:00,7481
2020-01-20 07:05,7299
2020-01-20 07:10,7165
2020-01-20 07:15,6956
2020-01-20 07:20,6794
2020-01-20 07:25,6688
2020-01-20 07:30,6595
2020-01-20 07:35,6487
2020-01-20 07:40,6420
2020-01-20 07:45,6319
2020-01-20 07:50,6175
2020-01-20 07:55,6092
2020-01-20 08:00,5989
2020-01-20 08:05,5918
2020-01-20 08:10,5824
2020-01-20 08:15,5731
2020-01-20 08:20,5647
2020-01-20 08:25,5537
2020-01-20 08:30,5354
2020-01-20 08:35,5323
2020-01-20 08:40,5225
2020-01-20 08:45,5150
2020-01-20 08:50,5106
2020-01-20 08:55,5013
2020-01-20 09:00,4896
2020-01-20 09:05,4836
2020-01-20 09:10,4768
2020-01-20 09:15,4752
2020-01-20 09:20,4748
2020-01-20 09:25,4684
2020-01-20 09:30,4616
2020-01-20 09:35,4590
2020-01-20 09:40,4567
2020-01-20 09:45,4527
2020-01-20 09:50,4512
2020-01-20 09:55,4507
2020-01-20 10:00,4495
2020-01-20 10:05,4496
2020-01-20 10:10,4453
2020-01-20 10:15,4481
2020-01-20 10:20,4479
2020-01-20 10:25,4497
2020-01-20 10:30,4495
2020-01-20 10:35,4517
2020-01-20 10:40,4499
2020-01-20 10:45,4536
2020-01-20 10:50,4524
2020-01-20 10:55,4551
2020-01-20 11:00,4594
2020-01-20 11:05,4600
2020-01-20 11:10,4589
2020-01-20 11:15,4649
2020-01-20 11:20,4653
2020-01-20 11:25,4664
2020-01-20 11:30,4717
2020-01-20 11:35,4727
2020-01-20 11:40,4774
2020-01-20 11:45,4824
2020-01-20 11:50,4845
2020-01-20 11:55,4902
2020-01-20 12:00,4944
2020-01-20 12:05,4998
2020-01-20 12:10,5057
2020-01-20 12:15,5100
2020-01-20 12:20,5139
2020-01-20 12:25,5217
2020-01-20 12:30,5233
2020-01-20 12:35,5261
2020-01-20 12:40,5318
2020-01-20 12:45,5378
2020-01-20 12:50,5475
2020-01-20 12:55,5551
2020-01-20 13:00,5598
2020-01-20 13:05,5651
2020-01-20 13:10,5706
2020-01-20 13:15,5813
2020-01-20 13:20,5865
2020-01-20 13:25,5940
2020-01-20 13:30,5991
2020-01-20 13:35,6028
2020-01-20 13:40,6091
2020-01-20 13:45,6163
2020-01-20 13:50,6252
2020-01-20 13:55,6319
2020-01-20 14:00,6416
2020-01-20 14:05,6579
2020-01-20 14:10,6650
2020-01-20 14:15,6846
2020-01-20 14:20,6867
2020-01-20 14:25,6937
2020-01-20 14:30,7066
2020-01-20 14:35,7167
2020-01-20 14:40,7305
2020-01-20 14:45,7369
2020-01-20 14:50,7515
2020-01-20 14:55,7581
2020-01-20 15:00,7716
2020-01-20 15:05,7737
2020-01-20 15:10,7795
2020-01-20 15:15,7859
2020-01-20 15:20,7910
2020-01-20 15:25,8052
2020-01-20 15:30,8162
2020-01-20 15:35,8297
2020-01-20 15:40,8437
2020-01-20 15:45,8511
2020-01-20 15:50,8678
2020-01-20 15:55,8767
2020-01-20 16:00,8931
2020-01-20 16:05,9071
2020-01-20 16:10,9133
2020-01-20 16:15,9216
2020-01-20 16:20,9415
2020-01-20 16:25,9536
2020-01-20 16:30,9615
2020-01-20 16:35,9716
2020-01-20 16:40,9799
2020-01-20 16:45,9878
2020-01-20 16:50,9937
2020-01-20 16:55,10108
2020-01-20 17:00,10170
2020-01-20 17:05,10315
2020-01-20 17:10,10433
2020-01-20 17:15,10559
2020-01-20 17:20,10680
2020-01-20 17:25,10831
2020-01-20 17:30,10981
2020-01-20 17:35,11166
2020-01-20 17:40,11340
2020-01-20 17:45,11431
2020-01-20 17:50,11546
2020-01-20 17:55,11672
2020-01-20 18:00,11775
2020-01-20 18:05,11874
2020-01-20 18:10,12004
2020-01-20 18:15,12148
2020-01-20 18:20,12292
2020-01-20 18:25,12373
2020-01-20 18:30,12463
2020-01-20 18:35,12633
2020-01-20 18:40,12777
2020-01-20 18:45,12915
2020-01-20 18:50,13056
2020-01-20 18:55,13168
2020-01-20 19:00,13255
2020-01-20 19:05,13329
2020-01-20 19:10,13475
2020-01-20 19:15,13620
2020-01-20 19:20,13710
2020-01-20 19:25,13783
2020-01-20 19:30,13950
2020-01-20 19:35,14045
2020-01-20 19:40,14123
2020-01-20 19:45,14205
2020-01-20 19:50,14248
2020-01-20 19:55,14331
2020-01-20 20:00,14379
2020-01-20 20:05,14371
2020-01-20 20:10,14484
2020-01-20 20:15,14557
2020-01-20 20:20,14638
2020-01-20 20:25,14703
2020-01-20 20:30,14686
2020-01-20 20:35,14673
2020-01-20 20:40,14675
2020-01-20 20:45,14614
2020-01-20 20:50,14630
2020-01-20 20:55,14590
2020-01-20 21:00,14549
2020-01-20 21:05,14509
2020-01-20 21:10,14463
2020-01-20 21:15,14424
2020-01-20 21:20,14379
2020-01-20 21:25,14417
2020-01-20 21:30,14325
2020-01-20 21:35,14263
2020-01-20 21:40,14242
2020-01-20 21:45,14175
2020-01-20 21:50,14151
2020-01-20 21:55,14057
2020-01-20 22:00,14012
2020-01-20 22:05,14000
2020-01-20 22:10,13959
2020-01-20 22:15,13836
2020-01-20 22:20,
2020-01-20 22:25,13656
2020-01-20 22:30,13568
2020-01-20 22:35,13570
2020-01-20 22:40,
2020-01-20 22:45,13357
2020-01-20 22:50,13276
2020-01-20 22:55,13258
2020-01-20 23:00,
2020-01-20 23:05,13077
2020-01-20 23:10,
2020-01-20 23:15,12961
2020-01-20 23:20,12829
2020-01-20 23:25,12785
2020-01-20 23:30,12695
2020-01-20 23:35,12672
2020-01-20 23:40,12601
2020-01-20 23:45,12492
2020-01-20 23:50,12467
2020-01-20 23:55,12482
2020-01-21 00:00,12389
2020-01-21 00:05,12391
2020-01-21 00:10,12315
2020-01-21 00:15,12283
2020-01-21 00:20,12317
2020-01-21 00:25,12338
2020-01-21 00:30,12314
2020-01-21 00:35,12353
2020-01-21 00:40,12385
2020-01-21 00:45,12389
2020-01-21 00:50,12385
2020-01-21 00:55,12368
2020-01-21 01:00,12487
2020-01-21 01:05,12466
2020-01-21 01:10,12444
2020-01-21 01:15,12497
2020-01-21 01:20,12498
2020-01-21 01:25,12553
2020-01-21 01:30,12587
2020-01-21 01:35,12554
2020-01-21 01:40,12562
2020-01-21 01:45,12548
2020-01-21 01:50,12564
2020-01-21 01:55,12552
2020-01-21 02:00,12514
2020-01-21 02:05,12437
2020-01-21 02:10,12420
2020-01-21 02:15,12419
2020-01-21 02:20,12433
2020-01-21 02:25,12499
2020-01-21 02:30,12500
2020-01-21 02:35,12443
2020-01-21 02:40,12412
2020-01-21 02:45,12378
2020-01-21 02:50,12359
2020-01-21 02:55,12307
2020-01-21 03:00,12196
2020-01-21 03:05,12167
2020-01-21 03:10,12170
2020-01-21 03:15,12076
2020-01-21 03:20,12038
2020-01-21 03:25,11969
2020-01-21 03:30,11894
2020-01-21 03:35,11791
2020-01-21 03:40,11674
2020-01-21 03:45,11521
2020-01-21 03:50,11392
2020-01-21 03:55,11219
2020-01-21 04:00,11054
2020-01-21 04:05,10889
2020-01-21 04:10,10709
2020-01-21 04:15,10563
2020-01-21 04:20,10452
2020-01-21 04:25,10344
2020-01-21 04:30,10214
2020-01-21 04:35,10069
2020-01-21 04:40,9906
2020-01-21 04:45,9771
2020-01-21 04:50,9605
2020-01-21 04:55,9466
2020-01-21 05:00,9319
2020-01-21 05:05,9238
2020-01-21 05:10,9070
2020-01-21 05:15,8868
2020-01-21 05:20,8736
2020-01-21 05:25,8603
2020-01-21 05:30,8472
2020-01-21 05:35,8297
2020-01-21 05:40,8135
2020-01-21 05:45,8028
2020-01-21 05:50,7906
2020-01-21 05:55,7799
2020-01-21 06:00,7638
2020-01-21 06:05,7519
2020-01-21 06:10,7355
2020-01-21 06:15,7181
2020-01-21 06:20,7002
2020-01-21 06:25,6856
2020-01-21 06:30,6750
2020-01-21 06:35,6584
2020-01-21 06:40,6467
2020-01-21 06:45,6370
2020-01-21 06:50,6207
2020-01-21 06:55,6084
2020-01-21 07:00,5982
2020-01-21 07:05,5805
2020-01-21 07:10,5683
2020-01-21 07:15,5539
2020-01-21 07:20,5401
2020-01-21 07:25,5338
2020-01-21 07:30,5286
2020-01-21 07:35,5232
2020-01-21 07:40,5133
2020-01-21 07:45,5057
2020-01-21 07:50,5005
2020-01-21 07:55,4954
2020-01-21 08:00,4855
2020-01-21 08:05,4737
2020-01-21 08:10,4707
2020-01-21 08:15,4661
2020-01-21 08:20,4587
2020-01-21 08:25,4535
2020-01-21 08:30,4470
2020-01-21 08:35,4457
2020-01-21 08:40,4432
2020-01-21 08:45,4387
2020-01-21 08:50,4350
2020-01-21 08:55,4320
2020-01-21 09:00,4252
2020-01-21 09:05,4246
2020-01-21 09:10,4242
2020-01-21 09:15,4231
2020-01-21 09:20,4208
2020-01-21 09:25,4200
2020-01-21 09:30,4186
2020-01-21 09:35,4214
2020-01-21 09:40,4201
2020-01-21 09:45,4194
2020-01-21 09:50,4219
2020-01-21 09:55,4217
2020-01-21 10:00,4226
2020-01-21 10:05,4265
2020-01-21 10:10,4278
2020-01-21 10:15,4265
2020-01-21 10:20,4295
2020-01-21 10:25,4315
2020-01-21 10:30,4340
2020-01-21 10:35,4375
2020-01-21 10:40,4399
2020-01-21 10:45,4423
2020-01-21 10:50,4472
2020-01-21 10:55,4480
2020-01-21 11:00,4458
2020-01-21 11:05,4469
2020-01-21 11:10,4537
2020-01-21 11:15,4571
2020-01-21 11:20,4600
2020-01-21 11:25,4627
2020-01-21 11:30,4604
2020-01-21 11:35,4655
2020-01-21 11:40,4701
2020-01-21 11:45,4749
2020-01-21 11:50,4803
2020-01-21 11:55,4839
2020-01-21 12:00,4890
2020-01-21 12:05,4925
2020-01-21 12:10,5002
2020-01-21 12:15,5034
2020-01-21 12:20,5080
2020-01-21 12:25,5134
2020-01-21 12:30,5180
2020-01-21 12:35,5212
2020-01-21 12:40,5276
2020-01-21 12:45,5337
2020-01-21 12:50,5367
2020-01-21 12:55,5355
2020-01-21 13:00,5441
2020-01-21 13:05,5511
2020-01-21 13:10,5571
2020-01-21 13:15,5701
2020-01-21 13:20,5770
2020-01-21 13:25,5837
2020-01-21 13:30,5910
2020-01-21 13:35,6000
2020-01-21 13:40,6064
2020-01-21 13:45,6142
2020-01-21 13:50,6216
2020-01-21 13:55,6227
2020-01-21 14:00,6316
2020-01-21 14:05,6418
2020-01-21 14:10,6546
2020-01-21 14:15,6619
2020-01-21 14:20,6723
2020-01-21 14:25,6806
2020-01-21 14:30,6936
2020-01-21 14:35,6990
2020-01-21 14:40,7018
2020-01-21 14:45,7159
2020-01-21 14:50,7210
2020-01-21 14:55,7312
2020-01-21 15:00,7397
2020-01-21 15:05,7479
2020-01-21 15:10,7576
2020-01-21 15:15,7688
2020-01-21 15:20,7815
2020-01-21 15:25,7920
2020-01-21 15:30,8023
2020-01-21 15:35,8098
2020-01-21 15:40,8163
2020-01-21 15:45,8244
2020-01-21 15:50,8367
2020-01-21 15:55,8485
2020-01-21 16:00,8458
2020-01-21 16:05,8598
2020-01-21 16:10,8727
2020-01-21 16:15,8791
2020-01-21 16:20,8972
2020-01-21 16:25,
2020-01-21 16:30,9082
2020-01-21 16:35,9246
2020-01-21 16:40,9366
2020-01-21 16:45,9423
2020-01-21 16:50,9493
2020-01-21 16:55,9619
2020-01-21 17:00,9750
2020-01-21 17:05,9789
2020-01-21 17:10,9921
2020-01-21 17:15,10039
2020-01-21 17:20,10166
2020-01-21 17:25,10290
2020-01-21 17:30,10410
2020-01-21 17:35,10453
2020-01-21 17:40,10574
2020-01-21 17:45,10722
2020-01-21 17:50,10810
2020-01-21 17:55,10922
2020-01-21 18:00,10988
2020-01-21 18:05,10993
2020-01-21 18:10,11048
2020-01-21 18:15,11044
2020-01-21 18:20,11109
2020-01-21 18:25,11132
2020-01-21 18:30,11313
2020-01-21 18:35,11454
2020-01-21 18:40,11536
2020-01-21 18:45,11691
2020-01-21 18:50,11778
2020-01-21 18:55,11880
2020-01-21 19:00,11916
2020-01-21 19:05,11955
2020-01-21 19:10,12082
2020-01-21 19:15,12176
2020-01-21 19:20,12283
2020-01-21 19:25,12369
2020-01-21 19:30,12485
2020-01-21 19:35,12552
2020-01-21 19:40,12595
2020-01-21 19:45,12656
2020-01-21 19:50,12677
2020-01-21 19:55,12735
2020-01-21 20:00,12751
2020-01-21 20:05,12743
2020-01-21 20:10,12773
2020-01-21 20:15,12808
2020-01-21 20:20,12757
2020-01-21 20:25,12790
2020-01-21 20:30,12876
2020-01-21 20:35,12946
2020-01-21 20:40,12949
2020-01-21 20:45,12954
2020-01-21 20:50,12927
2020-01-21 20:55,12895
2020-01-21 21:00,12919
2020-01-21 21:05,12933
2020-01-21 21:10,12907
2020-01-21 21:15,12921
2020-01-21 21:20,12862
2020-01-21 21:25,12771
2020-01-21 21:30,12787
2020-01-21 21:35,12793
2020-01-21 21:40,12717
2020-01-21 21:45,12746
2020-01-21 21:50,12769
2020-01-21 21:55,12691
2020-01-21 22:00,12619
2020-01-21 22:05,12537
2020-01-21 22:10,12421
2020-01-21 22:15,12401
2020-01-21 22:20,12400
2020-01-21 22:25,12374
2020-01-21 22:30,12352
2020-01-21 22:35,12331
2020-01-21 22:40,12376
2020-01-21 22:45,12273
2020-01-21 22:50,12202
2020-01-21 22:55,12167
2020-01-21 23:00,12091
2020-01-21 23:05,11955
2020-01-21 23:10,11862
2020-01-21 23:15,11834
2020-01-21 23:20,0
2020-01-21 23:25,10778
2020-01-21 23:30,11362
2020-01-21 23:35,11453
2020-01-21 23:40,11449
2020-01-21 23:45,11533
2020-01-21 23:50,11475
2020-01-21 23:55,11427
2020-01-22 00:00,11402
2020-01-22 00:05,11400
2020-01-22 00:10,11443
2020-01-22 00:15,11398
2020-01-22 00:20,11425
2020-01-22 00:25,11426
2020-01-22 00:30,11484
2020-01-22 00:35,11512
2020-01-22 00:40,11535
2020-01-22 00:45,11677
2020-01-22 00:50,11714
2020-01-22 00:55,11685
2020-01-22 01:00,11704
2020-01-22 01:05,11732
2020-01-22 01:10,11778
2020-01-22 01:15,11843
2020-01-22 01:20,11878
2020-01-22 01:25,11940
2020-01-22 01:30,11973
2020-01-22 01:35,11919
2020-01-22 01:40,11943
2020-01-22 01:45,11974
2020-01-22 01:50,11960
2020-01-22 01:55,11842
2020-01-22 02:00,11821
2020-01-22 02:05,11863
2020-01-22 02:10,11944
2020-01-22 02:15,11964
2020-01-22 02:20,11974
2020-01-22 02:25,11975
2020-01-22 02:30,12004
2020-01-22 02:35,11973
2020-01-22 02:40,11963
2020-01-22 02:45,12001
2020-01-22 02:50,11954
2020-01-22 02:55,11905
2020-01-22 03:00,11813
2020-01-22 03:05,11710
2020-01-22 03:10,11620
2020-01-22 03:15,11530
2020-01-22 03:20,11433
2020-01-22 03:25,11318
2020-01-22 03:30,11214
2020-01-22 03:35,11117
2020-01-22 03:40,11059
2020-01-22 03:45,10999
2020-01-22 03:50,10919
2020-01-22 03:55,10787
2020-01-22 04:00,10657
2020-01-22 04:05,10499
2020-01-22 04:10,10435
2020-01-22 04:15,10339
2020-01-22 04:20,10248
2020-01-22 04:25,10162
2020-01-22 04:30,10078
2020-01-22 04:35,9929
2020-01-22 04:40,9782
2020-01-22 04:45,9670
2020-01-22 04:50,9546
2020-01-22 04:55,9409
2020-01-22 05:00,9276
2020-01-22 05:05,9100
2020-01-22 05:10,8906
2020-01-22 05:15,8747
2020-01-22 05:20,8568
2020-01-22 05:25,8423
2020-01-22 05:30,8289
2020-01-22 05:35,8095
2020-01-22 05:40,7889
2020-01-22 05:45,7812
2020-01-22 05:50,7667
2020-01-22 05:55,7509
2020-01-22 06:00,7352
2020-01-22 06:05,7232
2020-01-22 06:10,7089
2020-01-22 06:15,6964
2020-01-22 06:20,6884
2020-01-22 06:25,6722
2020-01-22 06:30,6572
2020-01-22 06:35,6435
2020-01-22 06:40,6384
2020-01-22 06:45,6222
2020-01-22 06:50,6110
2020-01-22 06:55,5995
2020-01-22 07:00,5865
2020-01-22 07:05,5751
2020-01-22 07:10,5615
2020-01-22 07:15,5529
2020-01-22 07:20,5417
2020-01-22 07:25,5335
2020-01-22 07:30,5203
2020-01-22 07:35,5117
2020-01-22 07:40,5019
2020-01-22 07:45,4957
2020-01-22 07:50,4908
2020-01-22 07:55,4820
2020-01-22 08:00,4755
2020-01-22 08:05,4669
2020-01-22 08:10,4603
2020-01-22 08:15,4577
2020-01-22 08:20,4562
2020-01-22 08:25,4544
2020-01-22 08:30,4515
2020-01-22 08:35,4475
2020-01-22 08:40,4423
2020-01-22 08:45,4367
2020-01-22 08:50,4333
2020-01-22 08:55,4310
2020-01-22 09:00,4275
2020-01-22 09:05,4278
2020-01-22 09:10,4267
2020-01-22 09:15,4265
2020-01-22 09:20,4236
2020-01-22 09:25,4218
2020-01-22 09:30,4195
2020-01-22 09:35,4170
2020-01-22 09:40,4189
2020-01-22 09:45,4173
2020-01-22 09:50,4164
2020-01-22 09:55,4112
2020-01-22 10:00,4095
2020-01-22 10:05,4154
2020-01-22 10:10,4166
2020-01-22 10:15,4157
2020-01-22 10:20,4176
2020-01-22 10:25,4205
2020-01-22 10:30,4217
2020-01-22 10:35,4267
2020-01-22 10:40,4278
2020-01-22 10:45,4296
2020-01-22 10:50,4333
2020-01-22 10:55,4342
2020-01-22 11:00,4378
2020-01-22 11:05,4392
2020-01-22 11:10,4466
2020-01-22 11:15,4489
2020-01-22 11:20,4533
2020-01-22 11:25,4574
2020-01-22 11:30,4611
2020-01-22 11:35,4639
2020-01-22 11:40,4705
2020-01-22 11:45,4770
2020-01-22 11:50,4780
2020-01-22 11:55,4813
2020-01-22 12:00,4833
2020-01-22 12:05,4867
2020-01-22 12:10,4903
2020-01-22 12:15,4927
2020-01-22 12:20,5006
2020-01-22 12:25,5043
2020-01-22 12:30,5109
2020-01-22 12:35,5171
2020-01-22 12:40,5231
2020-01-22 12:45,5298
2020-01-22 12:50,4093
2020-01-22 12:55,5299
2020-01-22 13:00,5360
2020-01-22 13:05,5406
2020-01-22 13:10,5504
2020-01-22 13:15,5564
2020-01-22 13:20,5626
2020-01-22 13:25,5682
2020-01-22 13:30,5760
2020-01-22 13:35,5825
2020-01-22 13:40,5949
2020-01-22 13:45,6064
2020-01-22 13:50,6144
2020-01-22 13:55,6216
2020-01-22 14:00,6277
2020-01-22 14:05,6314
2020-01-22 14:10,6394
2020-01-22 14:15,6530
2020-01-22 14:20,6584
2020-01-22 14:25,6638
2020-01-22 14:30,6709
2020-01-22 14:35,6783
2020-01-22 14:40,6879
2020-01-22 14:45,6954
2020-01-22 14:50,7066
2020-01-22 14:55,7169
2020-01-22 15:00,7293
2020-01-22 15:05,7359
2020-01-22 15:10,7447
2020-01-22 15:15,7522
2020-01-22 15:20,7565
2020-01-22 15:25,7699
2020-01-22 15:30,7808
2020-01-22 15:35,7884
2020-01-22 15:40,7957
2020-01-22 15:45,7979
2020-01-22 15:50,8068
2020-01-22 15:55,8177
2020-01-22 16:00,8260
2020-01-22 16:05,8396
2020-01-22 16:10,8519
2020-01-22 16:15,8647
2020-01-22 16:20,8729
2020-01-22 16:25,8805
2020-01-22 16:30,8896
2020-01-22 16:35,9062
2020-01-22 16:40,9189
2020-01-22 16:45,9318
2020-01-22 16:50,9384
2020-01-22 16:55,9466
2020-01-22 17:00,9535
2020-01-22 17:05,9602
2020-01-22 17:10,9724
2020-01-22 17:15,9831
2020-01-22 17:20,9916
2020-01-22 17:25,9993
2020-01-22 17:30,10076
2020-01-22 17:35,10182
2020-01-22 17:40,10229
2020-01-22 17:45,10287
2020-01-22 17:50,10400
2020-01-22 17:55,10568
2020-01-22 18:00,10706
2020-01-22 18:05,10747
2020-01-22 18:10,10837
2020-01-22 18:15,10935
2020-01-22 18:20,11044
2020-01-22 18:25,11142
2020-01-22 18:30,11222
2020-01-22 18:35,11342
2020-01-22 18:40,11412
2020-01-22 18:45,11480
2020-01-22 18:50,11568
2020-01-22 18:55,11590
2020-01-22 19:00,11584
2020-01-22 19:05,11692
2020-01-22 19:10,11796
2020-01-22 19:15,11901
2020-01-22 19:20,11928
2020-01-22 19:25,12074
2020-01-22 19:30,12224
2020-01-22 19:35,12317
2020-01-22 19:40,12322
2020-01-22 19:45,12372
2020-01-22 19:50,12398
2020-01-22 19:55,12503
2020-01-22 20:00,12562
2020-01-22 20:05,12569
2020-01-22 20:10,12525
2020-01-22 20:15,12584
2020-01-22 20:20,12647
2020-01-22 20:25,12651
2020-01-22 20:30,12652
2020-01-22 20:35,12682
2020-01-22 20:40,12678
2020-01-22 20:45,12754
2020-01-22 20:50,12746
2020-01-22 20:55,12724
2020-01-22 21:00,12763
2020-01-22 21:05,12764
2020-01-22 21:10,12765
2020-01-22 21:15,12725
2020-01-22 21:20,12788
2020-01-22 21:25,
2020-01-22 21:30,12648
2020-01-22 21:35,12643
2020-01-22 21:40,12642
2020-01-22 21:45,12536
2020-01-22 21:50,12556
2020-01-22 21:55,12495
2020-01-22 22:00,12464
2020-01-22 22:05,12375
2020-01-22 22:10,12356
2020-01-22 22:15,12327
2020-01-22 22:20,12310
2020-01-22 22:25,12234
2020-01-22 22:30,12160
2020-01-22 22:35,12129
2020-01-22 22:40,12153
2020-01-22 22:45,12090
2020-01-22 22:50,12030
2020-01-22 22:55,11951
2020-01-22 23:00,11832
2020-01-22 23:05,11735
2020-01-22 23:10,11718
2020-01-22 23:15,11721
2020-01-22 23:20,11699
2020-01-22 23:25,11699
2020-01-22 23:30,11600
2020-01-22 23:35,11511
2020-01-22 23:40,11433
2020-01-22 23:45,11434
2020-01-22 23:50,11481
2020-01-22 23:55,11445
2020-01-23 00:00,11395
2020-01-23 00:05,11437
2020-01-23 00:10,11411
2020-01-23 00:15,11406
2020-01-23 00:20,11414
2020-01-23 00:25,11406
2020-01-23 00:30,11413
2020-01-23 00:35,11540
2020-01-23 00:40,11622
2020-01-23 00:45,11626
2020-01-23 00:50,11555
2020-01-23 00:55,11572
2020-01-23 01:00,11586
2020-01-23 01:05,11654
2020-01-23 01:10,11692
2020-01-23 01:15,11771
2020-01-23 01:20,11810
2020-01-23 01:25,11804
2020-01-23 01:30,11790
2020-01-23 01:35,11822
2020-01-23 01:40,11842
2020-01-23 01:45,11818
2020-01-23 01:50,11912
2020-01-23 01:55,11891
2020-01-23 02:00,11942
2020-01-23 02:05,11968
2020-01-23 02:10,12026
2020-01-23 02:15,12027
2020-01-23 02:20,12066
2020-01-23 02:25,12075
2020-01-23 02:30,12077
2020-01-23 02:35,12032
2020-01-23 02:40,12031
2020-01-23 02:45,12048
2020-01-23 02:50,12001
2020-01-23 02:55,11961
2020-01-23 03:00,11938
2020-01-23 03:05,11879
2020-01-23 03:10,11791
2020-01-23 03:15,11729
2020-01-23 03:20,11684
2020-01-23 03:25,11582
2020-01-23 03:30,11492
2020-01-23 03:35,11407
2020-01-23 03:40,11389
2020-01-23 03:45,11334
2020-01-23 03:50,11275
2020-01-23 03:55,11131
2020-01-23 04:00,10977
2020-01-23 04:05,10847
2020-01-23 04:10,10730
2020-01-23 04:15,10592
2020-01-23 04:20,10457
2020-01-23 04:25,10274
2020-01-23 04:30,10195
2020-01-23 04:35,10045
2020-01-23 04:40,9945
2020-01-23 04:45,9815
2020-01-23 04:50,9663
2020-01-23 04:55,9533
2020-01-23 05:00,9389
2020-01-23 05:05,9215
2020-01-23 05:10,9017
2020-01-23 05:15,8950
2020-01-23 05:20,8805
2020-01-23 05:25,8652
2020-01-23 05:30,8447
2020-01-23 05:35,8310
2020-01-23 05:40,8200
2020-01-23 05:45,8002
2020-01-23 05:50,7858
2020-01-23 05:55,7712
2020-01-23 06:00,7586
2020-01-23 06:05,7433
2020-01-23 06:10,7289
2020-01-23 06:15,7181
2020-01-23 06:20,7044
2020-01-23 06:25,6921
2020-01-23 06:30,6776
2020-01-23 06:35,6594
2020-01-23 06:40,6473
2020-01-23 06:45,6351
2020-01-23 06:50,6253
2020-01-23 06:55,6128
2020-01-23 07:00,6014
2020-01-23 07:05,5856
2020-01-23 07:10,5809
2020-01-23 07:15,5683
2020-01-23 07:20,5572
2020-01-23 07:25,5444
2020-01-23 07:30,5315
2020-01-23 07:35,5184
2020-01-23 07:40,5129
2020-01-23 07:45,5083
2020-01-23 07:50,5001
2020-01-23 07:55,4908
2020-01-23 08:00,4869
2020-01-23 08:05,4839
2020-01-23 08:10,4796
2020-01-23 08:15,4761
2020-01-23 08:20,4688
2020-01-23 08:25,4658
2020-01-23 08:30,4594
2020-01-23 08:35,4555
2020-01-23 08:40,4514
2020-01-23 08:45,4457
2020-01-23 08:50,4440
2020-01-23 08:55,4384
2020-01-23 09:00,4328
2020-01-23 09:05,4287
2020-01-23 09:10,4252
2020-01-23 09:15,4262
2020-01-23 09:20,4253
2020-01-23 09:25,4238
2020-01-23 09:30,4246
2020-01-23 09:35,4238
2020-01-23 09:40,4219
2020-01-23 09:45,4215
2020-01-23 09:50,4227
2020-01-23 09:55,4170
2020-01-23 10:00,4156
2020-01-23 10:05,4168
2020-01-23 10:10,4177
2020-01-23 10:15,4194
2020-01-23 10:20,4208
2020-01-23 10:25,4229
2020-01-23 10:30,4248
2020-01-23 10:35,4262
2020-01-23 10:40,4300
2020-01-23 10:45,4354
2020-01-23 10:50,4416
2020-01-23 10:55,4449
2020-01-23 11:00,4444
2020-01-23 11:05,4495
2020-01-23 11:10,4552
2020-01-23 11:15,4534
2020-01-23 11:20,4579
2020-01-23 11:25,4600
2020-01-23 11:30,4639
2020-01-23 11:35,4733
2020-01-23 11:40,4751
2020-01-23 11:45,4814
2020-01-23 11:50,4891
2020-01-23 11:55,4938
2020-01-23 12:00,4974
2020-01-23 12:05,4955
2020-01-23 12:10,5000
2020-01-23 12:15,5044
2020-01-23 12:20,5099
2020-01-23 12:25,5142
2020-01-23 12:30,5197
2020-01-23 12:35,5274
2020-01-23 12:40,5323
2020-01-23 12:45,5392
2020-01-23 12:50,5454
2020-01-23 12:55,5504
2020-01-23 13:00,5542
2020-01-23 13:05,5609
2020-01-23 13:10,5655
2020-01-23 13:15,5704
2020-01-23 13:20,5773
2020-01-23 13:25,5833
2020-01-23 13:30,5873
2020-01-23 13:35,5905
2020-01-23 13:40,5964
2020-01-23 13:45,5987
2020-01-23 13:50,6050
2020-01-23 13:55,6133
2020-01-23 14:00,6211
2020-01-23 14:05,6319
2020-01-23 14:10,6454
2020-01-23 14:15,6521
2020-01-23 14:20,6603
2020-01-23 14:25,6717
2020-01-23 14:30,6792
2020-01-23 14:35,6900
2020-01-23 14:40,6947
2020-01-23 14:45,7088
2020-01-23 14:50,7161
2020-01-23 14:55,7236
2020-01-23 15:00,7324
2020-01-23 15:05,7437
2020-01-23 15:10,
2020-01-23 15:15,7579
2020-01-23 15:20,7641
2020-01-23 15:25,7752
2020-01-23 15:30,7859
2020-01-23 15:35,7939
2020-01-23 15:40,8039
2020-01-23 15:45,8109
2020-01-23 15:50,8167
2020-01-23 15:55,8289
2020-01-23 16:00,8384
2020-01-23 16:05,8456
2020-01-23 16:10,8564
2020-01-23 16:15,8701
2020-01-23 16:20,8803
2020-01-23 16:25,8874
2020-01-23 16:30,8940
2020-01-23 16:35,9118
2020-01-23 16:40,9209
2020-01-23 16:45,9258
2020-01-23 16:50,9379
2020-01-23 16:55,9480
2020-01-23 17:00,9525
2020-01-23 17:05,9645
2020-01-23 17:10,9756
2020-01-23 17:15,9896
2020-01-23 17:20,10019
2020-01-23 17:25,10096
2020-01-23 17:30,10178
2020-01-23 17:35,10249
2020-01-23 17:40,10366
2020-01-23 17:45,10403
2020-01-23 17:50,10493
2020-01-23 17:55,10583
2020-01-23 18:00,10680
2020-01-23 18:05,10822
2020-01-23 18:10,10883
2020-01-23 18:15,10920
2020-01-23 18:20,10970
2020-01-23 18:25,11142
2020-01-23 18:30,11143
2020-01-23 18:35,11224
2020-01-23 18:40,11371
2020-01-23 18:45,11499
2020-01-23 18:50,11599
2020-01-23 18:55,11707
2020-01-23 19:00,11783
2020-01-23 19:05,11906
2020-01-23 19:10,11946
2020-01-23 19:15,11977
2020-01-23 19:20,12107
2020-01-23 19:25,12157
2020-01-23 19:30,12242
2020-01-23 19:35,12345
2020-01-23 19:40,12433
2020-01-23 19:45,12439
2020-01-23 19:50,12549
2020-01-23 19:55,12620
2020-01-23 20:00,12675
2020-01-23 20:05,12676
2020-01-23 20:10,12698
2020-01-23 20:15,12749
2020-01-23 20:20,12757
2020-01-23 20:25,12784
2020-01-23 20:30,12746
2020-01-23 20:35,12808
2020-01-23 20:40,12831
2020-01-23 20:45,12850
2020-01-23 20:50,12844
2020-01-23 20:55,12832
2020-01-23 21:00,12793
2020-01-23 21:05,12794
2020-01-23 21:10,12833
2020-01-23 21:15,12814
2020-01-23 21:20,12802
2020-01-23 21:25,12768
2020-01-23 21:30,12754
2020-01-23 21:35,12664
2020-01-23 21:40,12691
2020-01-23 21:45,12600
2020-01-23 21:50,12591
2020-01-23 21:55,12655
2020-01-23 22:00,12631
2020-01-23 22:05,12598
2020-01-23 22:10,12527
2020-01-23 22:15,12461
2020-01-23 22:20,12411
2020-01-23 22:25,12354
2020-01-23 22:30,12385
2020-01-23 22:35,12355
2020-01-23 22:40,12370
2020-01-23 22:45,12203
2020-01-23 22:50,12254
2020-01-23 22:55,12218
2020-01-23 23:00,12221
2020-01-23 23:05,12114
2020-01-23 23:10,12031
2020-01-23 23:15,11993
2020-01-23 23:20,11889
2020-01-23 23:25,11896
2020-01-23 23:30,11870
2020-01-23 23:35,11900
2020-01-23 23:40,11885
2020-01-23 23:45,11747
2020-01-23 23:50,11051
2020-01-23 23:55,10648
2020-01-24 00:00,10549
2020-01-24 00:05,10598
2020-01-24 00:10,10694
2020-01-24 00:15,10781
2020-01-24 00:20,10775
2020-01-24 00:25,10816
2020-01-24 00:30,10932
2020-01-24 00:35,11145
2020-01-24 00:40,11190
2020-01-24 00:45,11204
2020-01-24 00:50,11216
2020-01-24 00:55,11246
2020-01-24 01:00,11287
2020-01-24 01:05,11349
2020-01-24 01:10,11438
2020-01-24 01:15,11484
2020-01-24 01:20,11552
2020-01-24 01:25,11572
2020-01-24 01:30,11625
2020-01-24 01:35,11662
2020-01-24 01:40,11736
2020-01-24 01:45,11780
2020-01-24 01:50,11854
2020-01-24 01:55,11850
2020-01-24 02:00,11883
2020-01-24 02:05,11880
2020-01-24 02:10,11894
2020-01-24 02:15,11938
2020-01-24 02:20,11994
2020-01-24 02:25,12101
2020-01-24 02:30,12119
2020-01-24 02:35,12164
2020-01-24 02:40,12162
2020-01-24 02:45,12148
2020-01-24 02:50,12091
2020-01-24 02:55,12066
2020-01-24 03:00,12074
2020-01-24 03:05,11994
2020-01-24 03:10,11910
2020-01-24 03:15,11875
2020-01-24 03:20,11809
2020-01-24 03:25,11782
2020-01-24 03:30,11721
2020-01-24 03:35,11610
2020-01-24 03:40,11508
2020-01-24 03:45,11449
2020-01-24 03:50,11364
2020-01-24 03:55,11312
2020-01-24 04:00,11179
2020-01-24 04:05,11088
2020-01-24 04:10,10925
2020-01-24 04:15,10800
2020-01-24 04:20,10748
2020-01-24 04:25,10650
2020-01-24 04:30,10571
2020-01-24 04:35,10414
2020-01-24 04:40,10351
2020-01-24 04:45,10236
2020-01-24 04:50,10051
2020-01-24 04:55,9893
2020-01-24 05:00,9751
2020-01-24 05:05,9632
2020-01-24 05:10,9477
2020-01-24 05:15,9291
2020-01-24 05:20,9114
2020-01-24 05:25,8999
2020-01-24 05:30,8839
2020-01-24 05:35,8689
2020-01-24 05:40,8583
2020-01-24 05:45,8394
2020-01-24 05:50,8252
2020-01-24 05:55,8074
2020-01-24 06:00,7944
2020-01-24 06:05,7816
2020-01-24 06:10,7661
2020-01-24 06:15,7524
2020-01-24 06:20,7340
2020-01-24 06:25,7199
2020-01-24 06:30,7087
2020-01-24 06:35,6968
2020-01-24 06:40,6867
2020-01-24 06:45,6722
2020-01-24 06:50,6603
2020-01-24 06:55,6497
2020-01-24 07:00,6356
2020-01-24 07:05,6200
2020-01-24 07:10,6068
2020-01-24 07:15,5944
2020-01-24 07:20,5800
2020-01-24 07:25,5701
2020-01-24 07:30,5602
2020-01-24 07:35,5567
2020-01-24 07:40,5485
2020-01-24 07:45,5440
2020-01-24 07:50,5315
2020-01-24 07:55,5204
2020-01-24 08:00,5109
2020-01-24 08:05,5109
2020-01-24 08:10,4980
2020-01-24 08:15,4921
2020-01-24 08:20,4835
2020-01-24 08:25,4835
2020-01-24 08:30,4732
2020-01-24 08:35,4732
2020-01-24 08:40,4643
2020-01-24 08:45,4643
2020-01-24 08:50,4626
2020-01-24 08:55,4591
2020-01-24 09:00,4526
2020-01-24 09:05,4519
2020-01-24 09:10,4511
2020-01-24 09:15,4476
2020-01-24 09:20,4482
2020-01-24 09:25,4473
2020-01-24 09:30,4459
2020-01-24 09:35,4401
2020-01-24 09:40,4409
2020-01-24 09:45,4392
2020-01-24 09:50,4405
2020-01-24 09:55,4400
2020-01-24 10:00,4413
2020-01-24 10:05,4418
2020-01-24 10:10,4436
2020-01-24 10:15,4436
2020-01-24 10:20,4421
2020-01-24 10:25,4460
2020-01-24 10:30,4501
2020-01-24 10:35,4497
2020-01-24 10:40,4521
2020-01-24 10:45,4571
2020-01-24 10:50,4596
2020-01-24 10:55,4596
2020-01-24 11:00,4692
2020-01-24 11:05,4713
2020-01-24 11:10,4713
2020-01-24 11:15,4756
2020-01-24 11:20,4756
2020-01-24 11:25,4788
2020-01-24 11:30,4795
2020-01-24 11:35,4832
2020-01-24 11:40,4852
2020-01-24 11:45,4888
2020-01-24 11:50,4914
2020-01-24 11:55,4966
2020-01-24 12:00,5007
2020-01-24 12:05,5042
2020-01-24 12:10,5155
2020-01-24 12:15,5204
2020-01-24 12:20,5204
2020-01-24 12:25,5227
2020-01-24 12:30,5294
2020-01-24 12:35,5377
2020-01-24 12:40,5426
2020-01-24 12:45,5474
2020-01-24 12:50,5502
2020-01-24 12:55,5555
2020-01-24 13:00,5680
2020-01-24 13:05,5691
2020-01-24 13:10,5780
2020-01-24 13:15,5780
2020-01-24 13:20,5792
2020-01-24 13:25,5867
2020-01-24 13:30,5960
2020-01-24 13:35,6061
2020-01-24 13:40,6198
2020-01-24 13:45,6288
2020-01-24 13:50,6356
2020-01-24 13:55,6545
2020-01-24 14:00,6648
2020-01-24 14:05,6648
2020-01-24 14:10,6750
2020-01-24 14:15,6880
2020-01-24 14:20,6951
2020-01-24 14:25,7016
2020-01-24 14:30,7169
2020-01-24 14:35,7263
2020-01-24 14:40,7348
2020-01-24 14:45,7442
2020-01-24 14:50,7579
2020-01-24 14:55,7626
2020-01-24 15:00,7671
2020-01-24 15:05,7747
2020-01-24 15:10,7885
2020-01-24 15:15,7957
2020-01-24 15:20,8016
2020-01-24 15:25,8085
2020-01-24 15:30,8176
2020-01-24 15:35,8274
2020-01-24 15:40,8356
2020-01-24 15:45,8443
2020-01-24 15:50,8521
2020-01-24 15:55,8627
2020-01-24 16:00,8667
2020-01-24 16:05,8769
2020-01-24 16:10,8866
2020-01-24 16:15,8943
2020-01-24 16:20,9068
2020-01-24 16:25,9173
2020-01-24 16:30,9256
2020-01-24 16:35,9350
2020-01-24 16:40,9451
2020-01-24 16:45,9542
2020-01-24 16:50,9575
2020-01-24 16:55,9666
2020-01-24 17:00,9778
2020-01-24 17:05,9888
2020-01-24 17:10,10124
2020-01-24 17:15,10124
2020-01-24 17:20,10258
2020-01-24 17:25,10342
2020-01-24 17:30,10467
2020-01-24 17:35,10550
2020-01-24 17:40,10570
2020-01-24 17:45,10697
2020-01-24 17:50,10725
2020-01-24 17:55,10781
2020-01-24 18:00,10808
2020-01-24 18:05,10891
2020-01-24 18:10,11012
2020-01-24 18:15,11101
2020-01-24 18:20,11194
2020-01-24 18:25,11230
2020-01-24 18:30,11279
2020-01-24 18:35,11284
2020-01-24 18:40,11333
2020-01-24 18:45,11409
2020-01-24 18:50,11495
2020-01-24 18:55,11536
2020-01-24 19:00,11547
2020-01-24 19:05,11597
2020-01-24 19:10,11674
2020-01-24 19:15,11778
2020-01-24 19:20,11845
2020-01-24 19:25,11918
2020-01-24 19:30,12065
2020-01-24 19:35,12156
2020-01-24 19:40,12257
2020-01-24 19:45,12339
2020-01-24 19:50,12352
2020-01-24 19:55,12399
2020-01-24 20:00,12414
2020-01-24 20:05,12474
2020-01-24 20:10,12561
2020-01-24 20:15,12683
2020-01-24 20:20,12854
2020-01-24 20:25,12918
2020-01-24 20:30,12939
2020-01-24 20:35,12997
2020-01-24 20:40,13086
2020-01-24 20:45,13167
2020-01-24 20:50,13222
2020-01-24 20:55,13210
2020-01-24 21:00,13251
2020-01-24 21:05,13333
2020-01-24 21:10,13384
2020-01-24 21:15,13365
2020-01-24 21:20,13455
2020-01-24 21:25,13528
2020-01-24 21:30,13606
2020-01-24 21:35,13596
2020-01-24 21:40,13644
2020-01-24 21:45,13702
2020-01-24 21:50,13617
2020-01-24 21:55,13642
2020-01-24 22:00,13676
2020-01-24 22:05,13725
2020-01-24 22:10,13700
2020-01-24 22:15,13590
2020-01-24 22:20,13606
2020-01-24 22:25,13625
2020-01-24 22:30,13688
2020-01-24 22:35,13628
2020-01-24 22:40,13579
2020-01-24 22:45,13562
2020-01-24 22:50,13500
2020-01-24 22:55,13449
2020-01-24 23:00,13249
2020-01-24 23:05,13249
2020-01-24 23:10,13263
2020-01-24 23:15,13191
2020-01-24 23:20,13113
2020-01-24 23:25,13051
2020-01-24 23:30,13043
2020-01-24 23:35,12928
2020-01-24 23:40,12892
2020-01-24 23:45,12866
2020-01-24 23:50,12816
2020-01-24 23:55,12682
2020-01-25 00:00,12557
2020-01-25 00:05,12555
2020-01-25 00:10,12539
2020-01-25 00:15,12481
2020-01-25 00:20,12437
2020-01-25 00:25,12372
2020-01-25 00:30,12350
2020-01-25 00:35,12314
2020-01-25 00:40,12357
2020-01-25 00:45,12349
2020-01-25 00:50,12314
2020-01-25 00:55,12285
2020-01-25 01:00,12312
2020-01-25 01:05,12252
2020-01-25 01:10,12259
2020-01-25 01:15,12235
2020-01-25 01:20,12258
2020-01-25 01:25,12259
2020-01-25 01:30,12225
2020-01-25 01:35,12188
2020-01-25 01:40,12218
2020-01-25 01:45,12216
2020-01-25 01:50,12240
2020-01-25 01:55,12191
2020-01-25 02:00,12104
2020-01-25 02:05,12139
2020-01-25 02:10,12092
2020-01-25 02:15,12117
2020-01-25 02:20,12124
2020-01-25 02:25,12140
2020-01-25 02:30,12115
2020-01-25 02:35,12198
2020-01-25 02:40,12250
2020-01-25 02:45,12275
2020-01-25 02:50,12288
2020-01-25 02:55,12252
2020-01-25 03:00,12200
2020-01-25 03:05,12141
2020-01-25 03:10,12114
2020-01-25 03:15,12137
2020-01-25 03:20,12157
2020-01-25 03:25,12093
2020-01-25 03:30,12137
2020-01-25 03:35,12149
2020-01-25 03:40,12150
2020-01-25 03:45,12113
2020-01-25 03:50,12072
2020-01-25 03:55,12026
2020-01-25 04:00,12002
2020-01-25 04:05,11996
2020-01-25 04:10,12000
2020-01-25 04:15,11976
2020-01-25 04:20,11961
2020-01-25 04:25,11889
2020-01-25 04:30,11756
2020-01-25 04:35,11732
2020-01-25 04:40,11752
2020-01-25 04:45,11697
2020-01-25 04:50,11605
2020-01-25 04:55,11516
2020-01-25 05:00,11406
2020-01-25 05:05,11322
2020-01-25 05:10,11215
2020-01-25 05:15,11116
2020-01-25 05:20,10962
2020-01-25 05:25,10829
2020-01-25 05:30,10718
2020-01-25 05:35,10621
2020-01-25 05:40,10558
2020-01-25 05:45,10400
2020-01-25 05:50,10325
2020-01-25 05:55,10158
2020-01-25 06:00,10061
2020-01-25 06:05,9959
2020-01-25 06:10,9857
2020-01-25 06:15,9650
2020-01-25 06:20,9524
2020-01-25 06:25,9287
2020-01-25 06:30,9111
2020-01-25 06:35,8942
2020-01-25 06:40,8836
2020-01-25 06:45,8693
2020-01-25 06:50,8514
2020-01-25 06:55,8406
2020-01-25 07:00,8234
2020-01-25 07:05,8118
2020-01-25 07:10,8006
2020-01-25 07:15,7887
2020-01-25 07:20,7728
2020-01-25 07:25,7610
2020-01-25 07:30,7476
2020-01-25 07:35,7355
2020-01-25 07:40,7270
2020-01-25 07:45,7121
2020-01-25 07:50,7013
2020-01-25 07:55,6888
2020-01-25 08:00,6766
2020-01-25 08:05,6677
2020-01-25 08:10,6500
2020-01-25 08:15,6418
2020-01-25 08:20,6344
2020-01-25 08:25,6255
2020-01-25 08:30,6122
2020-01-25 08:35,6021
2020-01-25 08:40,5955
2020-01-25 08:45,5911
2020-01-25 08:50,5853
2020-01-25 08:55,5794
2020-01-25 09:00,5798
2020-01-25 09:05,5792
2020-01-25 09:10,5816
2020-01-25 09:15,5701
2020-01-25 09:20,5708
2020-01-25 09:25,5678
2020-01-25 09:30,5654
2020-01-25 09:35,5627
2020-01-25 09:40,5607
2020-01-25 09:45,5636
2020-01-25 09:50,5659
2020-01-25 09:55,5699
2020-01-25 10:00,5682
2020-01-25 10:05,5716
2020-01-25 10:10,5718
2020-01-25 10:15,5736
2020-01-25 10:20,5713
2020-01-25 10:25,5726
2020-01-25 10:30,5780
2020-01-25 10:35,5797
2020-01-25 10:40,5854
2020-01-25 10:45,5910
2020-01-25 10:50,5993
2020-01-25 10:55,6046
2020-01-25 11:00,6059
2020-01-25 11:05,6100
2020-01-25 11:10,6146
2020-01-25 11:15,6245
2020-01-25 11:20,6290
2020-01-25 11:25,6318
2020-01-25 11:30,6388
2020-01-25 11:35,6391
2020-01-25 11:40,6448
2020-01-25 11:45,6519
2020-01-25 11:50,6556
2020-01-25 11:55,6624
2020-01-25 12:00,6723
2020-01-25 12:05,6778
2020-01-25 12:10,6824
2020-01-25 12:15,6864
2020-01-25 12:20,6922
2020-01-25 12:25,6997
2020-01-25 12:30,7075
2020-01-25 12:35,7135
2020-01-25 12:40,7164
2020-01-25 12:45,7229
2020-01-25 12:50,7324
2020-01-25 12:55,7392
2020-01-25 13:00,7453
2020-01-25 13:05,7495
2020-01-25 13:10,7577
2020-01-25 13:15,7634
2020-01-25 13:20,7699
2020-01-25 13:25,7767
2020-01-25 13:30,7868
2020-01-25 13:35,7976
2020-01-25 13:40,8060
2020-01-25 13:45,8123
2020-01-25 13:50,8253
2020-01-25 13:55,8278
2020-01-25 14:00,8335
2020-01-25 14:05,8371
2020-01-25 14:10,8485
2020-01-25 14:15,8579
2020-01-25 14:20,8662
2020-01-25 14:25,8775
2020-01-25 14:30,8884
2020-01-25 14:35,8950
2020-01-25 14:40,9045
2020-01-25 14:45,9095
2020-01-25 14:50,9244
2020-01-25 14:55,9333
2020-01-25 15:00,9424
2020-01-25 15:05,9526
2020-01-25 15:10,9575
2020-01-25 15:15,9636
2020-01-25 15:20,9695
2020-01-25 15:25,9838
2020-01-25 15:30,9868
2020-01-25 15:35,9934
2020-01-25 15:40,10007
2020-01-25 15:45,10096
2020-01-25 15:50,10204
2020-01-25 15:55,10279
2020-01-25 16:00,10400
2020-01-25 16:05,10471
2020-01-25 16:10,10577
2020-01-25 16:15,10740
2020-01-25 16:20,10898
2020-01-25 16:25,10948
2020-01-25 16:30,11039
2020-01-25 16:35,11068
2020-01-25 16:40,11163
2020-01-25 16:45,11268
2020-01-25 16:50,11304
2020-01-25 16:55,11400
2020-01-25 17:00,11506
2020-01-25 17:05,11592
2020-01-25 17:10,11676
2020-01-25 17:15,11733
2020-01-25 17:20,11905
2020-01-25 17:25,11976
2020-01-25 17:30,12004
2020-01-25 17:35,12094
2020-01-25 17:40,12189
2020-01-25 17:45,12346
2020-01-25 17:50,12423
2020-01-25 17:55,12572
2020-01-25 18:00,12578
2020-01-25 18:05,12688
2020-01-25 18:10,12792
2020-01-25 18:15,12878
2020-01-25 18:20,12972
2020-01-25 18:25,13098
2020-01-25 18:30,13174
2020-01-25 18:35,13296
2020-01-25 18:40,13384
2020-01-25 18:45,13450
2020-01-25 18:50,13531
2020-01-25 18:55,13572
2020-01-25 19:00,13643
2020-01-25 19:05,13721
2020-01-25 19:10,13816
2020-01-25 19:15,13908
2020-01-25 19:20,14011
2020-01-25 19:25,14105
2020-01-25 19:30,14206
2020-01-25 19:35,14232
2020-01-25 19:40,14381
2020-01-25 19:45,14504
2020-01-25 19:50,14563
2020-01-25 19:55,14645
2020-01-25 20:00,14738
2020-01-25 20:05,14774
2020-01-25 20:10,14816
2020-01-25 20:15,14876
2020-01-25 20:20,14940
2020-01-25 20:25,14950
2020-01-25 20:30,14998
2020-01-25 20:35,15003
2020-01-25 20:40,15007
2020-01-25 20:45,15070
2020-01-25 20:50,15092
2020-01-25 20:55,15070
2020-01-25 21:00,15138
2020-01-25 21:05,15175
2020-01-25 21:10,15158
2020-01-25 21:15,15129
2020-01-25 21:20,15143
2020-01-25 21:25,15268
2020-01-25 21:30,15229
2020-01-25 21:35,15249
2020-01-25 21:40,15255
2020-01-25 21:45,15280
2020-01-25 21:50,15272
2020-01-25 21:55,15142
2020-01-25 22:00,15101
2020-01-25 22:05,15088
2020-01-25 22:10,15077
2020-01-25 22:15,15053
2020-01-25 22:20,15043
2020-01-25 22:25,15020
2020-01-25 22:30,14918
2020-01-25 22:35,14919
2020-01-25 22:40,14879
2020-01-25 22:45,14839
2020-01-25 22:50,14778
2020-01-25 22:55,14737
2020-01-25 23:00,14638
2020-01-25 23:05,14546
2020-01-25 23:10,14387
2020-01-25 23:15,14342
2020-01-25 23:20,14265
2020-01-25 23:25,14163
2020-01-25 23:30,14094
2020-01-25 23:35,14022
2020-01-25 23:40,13859
2020-01-25 23:45,
2020-01-25 23:50,13783
2020-01-25 23:55,13677
2020-01-26 00:00,13544
2020-01-26 00:05,13435
2020-01-26 00:10,13365
2020-01-26 00:15,13243
2020-01-26 00:20,13157
2020-01-26 00:25,13119
2020-01-26 00:30,13070
2020-01-26 00:35,12995
2020-01-26 00:40,12994
2020-01-26 00:45,12962
2020-01-26 00:50,12972
2020-01-26 00:55,12837
2020-01-26 01:00,12760
2020-01-26 01:05,12688
2020-01-26 01:10,12624
2020-01-26 01:15,12521
2020-01-26 01:20,12540
2020-01-26 01:25,12516
2020-01-26 01:30,12549
2020-01-26 01:35,12540
2020-01-26 01:40,12505
2020-01-26 01:45,12512
2020-01-26 01:50,12588
2020-01-26 01:55,12609
2020-01-26 02:00,12598
2020-01-26 02:05,12629
2020-01-26 02:10,12607
2020-01-26 02:15,12610
2020-01-26 02:20,12597
2020-01-26 02:25,12573
2020-01-26 02:30,12497
2020-01-26 02:35,12495
2020-01-26 02:40,12552
2020-01-26 02:45,12502
2020-01-26 02:50,12449
2020-01-26 02:55,12476
2020-01-26 03:00,12392
2020-01-26 03:05,12379
2020-01-26 03:10,12294
2020-01-26 03:15,12265
2020-01-26 03:20,12192
2020-01-26 03:25,12170
2020-01-26 03:30,12121
2020-01-26 03:35,12134
2020-01-26 03:40,12142
2020-01-26 03:45,12123
2020-01-26 03:50,12079
2020-01-26 03:55,12069
2020-01-26 04:00,12022
2020-01-26 04:05,11934
2020-01-26 04:10,11862
2020-01-26 04:15,11868
2020-01-26 04:20,11817
2020-01-26 04:25,11757
2020-01-26 04:30,11644
2020-01-26 04:35,11638
2020-01-26 04:40,11572
2020-01-26 04:45,11516
2020-01-26 04:50,11426
2020-01-26 04:55,11360
2020-01-26 05:00,11306
2020-01-26 05:05,11187
2020-01-26 05:10,11090
2020-01-26 05:15,11050
2020-01-26 05:20,10978
2020-01-26 05:25,10859
2020-01-26 05:30,10750
2020-01-26 05:35,10668
2020-01-26 05:40,10566
2020-01-26 05:45,10477
2020-01-26 05:50,10324
2020-01-26 05:55,10235
2020-01-26 06:00,10176
2020-01-26 06:05,10091
2020-01-26 06:10,9933
2020-01-26 06:15,9818
2020-01-26 06:20,9625
2020-01-26 06:25,9514
2020-01-26 06:30,9375
2020-01-26 06:35,9231
2020-01-26 06:40,9044
2020-01-26 06:45,8961
2020-01-26 06:50,8795
2020-01-26 06:55,8701
2020-01-26 07:00,8574
2020-01-26 07:05,8430
2020-01-26 07:10,8291
2020-01-26 07:15,8149
2020-01-26 07:20,8018
2020-01-26 07:25,7926
2020-01-26 07:30,7828
2020-01-26 07:35,7723
2020-01-26 07:40,7571
2020-01-26 07:45,7449
2020-01-26 07:50,7333
2020-01-26 07:55,7232
2020-01-26 08:00,7124
2020-01-26 08:05,7029
2020-01-26 08:10,6948
2020-01-26 08:15,6827
2020-01-26 08:20,6675
2020-01-26 08:25,6574
2020-01-26 08:30,6529
2020-01-26 08:35,6426
2020-01-26 08:40,6334
2020-01-26 08:45,6327
2020-01-26 08:50,6284
2020-01-26 08:55,6188
2020-01-26 09:00,6143
2020-01-26 09:05,6106
2020-01-26 09:10,6105
2020-01-26 09:15,6086
2020-01-26 09:20,6048
2020-01-26 09:25,6015
2020-01-26 09:30,6036
2020-01-26 09:35,6058
2020-01-26 09:40,6026
2020-01-26 09:45,5980
2020-01-26 09:50,5999
2020-01-26 09:55,6065
2020-01-26 10:00,6061
2020-01-26 10:05,6118
2020-01-26 10:10,6113
2020-01-26 10:15,6127
2020-01-26 10:20,6178
2020-01-26 10:25,6159
2020-01-26 10:30,6113
2020-01-26 10:35,6191
2020-01-26 10:40,6261
2020-01-26 10:45,6267
2020-01-26 10:50,6302
2020-01-26 10:55,6371
2020-01-26 11:00,6395
2020-01-26 11:05,6434
2020-01-26 11:10,6438
2020-01-26 11:15,6439
2020-01-26 11:20,6509
2020-01-26 11:25,6524
2020-01-26 11:30,6615
2020-01-26 11:35,6669
2020-01-26 11:40,6741
2020-01-26 11:45,6780
2020-01-26 11:50,6801
2020-01-26 11:55,6859
2020-01-26 12:00,6956
2020-01-26 12:05,7036
2020-01-26 12:10,7093
2020-01-26 12:15,7140
2020-01-26 12:20,7175
2020-01-26 12:25,7298
2020-01-26 12:30,7350
2020-01-26 12:35,7417
2020-01-26 12:40,7501
2020-01-26 12:45,7595
2020-01-26 12:50,7657
2020-01-26 12:55,7746
2020-01-26 13:00,7876
2020-01-26 13:05,7998
2020-01-26 13:10,8123
2020-01-26 13:15,8211
2020-01-26 13:20,8254
2020-01-26 13:25,8331
2020-01-26 13:30,8375
2020-01-26 13:35,8397
2020-01-26 13:40,8459
2020-01-26 13:45,8521
2020-01-26 13:50,8660
2020-01-26 13:55,8763
2020-01-26 14:00,8842
2020-01-26 14:05,8932
2020-01-26 14:10,9039
2020-01-26 14:15,9175
2020-01-26 14:20,9214
2020-01-26 14:25,9349
2020-01-26 14:30,9496
2020-01-26 14:35,9592
2020-01-26 14:40,9736
2020-01-26 14:45,9868
2020-01-26 14:50,9938
2020-01-26 14:55,10039
2020-01-26 15:00,10146
2020-01-26 15:05,10295
2020-01-26 15:10,10375
2020-01-26 15:15,10453
2020-01-26 15:20,10526
2020-01-26 15:25,10656
2020-01-26 15:30,10733
2020-01-26 15:35,10789
2020-01-26 15:40,10894
2020-01-26 15:45,10981
2020-01-26 15:50,11150
2020-01-26 15:55,11180
2020-01-26 16:00,11314
2020-01-26 16:05,11410
2020-01-26 16:10,11531
2020-01-26 16:15,11660
2020-01-26 16:20,11804
2020-01-26 16:25,11968
2020-01-26 16:30,12038
2020-01-26 16:35,12149
2020-01-26 16:40,12237
2020-01-26 16:45,12289
2020-01-26 16:50,12433
2020-01-26 16:55,12527
2020-01-26 17:00,12622
2020-01-26 17:05,12796
2020-01-26 17:10,12857
2020-01-26 17:15,12914
2020-01-26 17:20,13043
2020-01-26 17:25,13196
2020-01-26 17:30,13290
2020-01-26 17:35,13336
2020-01-26 17:40,13500
2020-01-26 17:45,13650
2020-01-26 17:50,13787
2020-01-26 17:55,13897
2020-01-26 18:00,13978
2020-01-26 18:05,14067
2020-01-26 18:10,14201
2020-01-26 18:15,14203
2020-01-26 18:20,14288
2020-01-26 18:25,14384
2020-01-26 18:30,14472
2020-01-26 18:35,14511
2020-01-26 18:40,14623
2020-01-26 18:45,14737
2020-01-26 18:50,14850
2020-01-26 18:55,14903
2020-01-26 19:00,15065
2020-01-26 19:05,15102
2020-01-26 19:10,15196
2020-01-26 19:15,15291
2020-01-26 19:20,15320
2020-01-26 19:25,15367
2020-01-26 19:30,15419
2020-01-26 19:35,15516
2020-01-26 19:40,15532
2020-01-26 19:45,15569
2020-01-26 19:50,15643
2020-01-26 19:55,15660
2020-01-26 20:00,15674
2020-01-26 20:05,15751
2020-01-26 20:10,15728
2020-01-26 20:15,15710
2020-01-26 20:20,15758
2020-01-26 20:25,15797
2020-01-26 20:30,15857
2020-01-26 20:35,15825
2020-01-26 20:40,15901
2020-01-26 20:45,15895
2020-01-26 20:50,15853
2020-01-26 20:55,15765
2020-01-26 21:00,15787
2020-01-26 21:05,15774
2020-01-26 21:10,15748
2020-01-26 21:15,15701
2020-01-26 21:20,15593
2020-01-26 21:25,15584
2020-01-26 21:30,15611
2020-01-26 21:35,15542
2020-01-26 21:40,15520
2020-01-26 21:45,15468
2020-01-26 21:50,15387
2020-01-26 21:55,15291
2020-01-26 22:00,15264
2020-01-26 22:05,15126
2020-01-26 22:10,15067
2020-01-26 22:15,15035
2020-01-26 22:20,14995
2020-01-26 22:25,14932
2020-01-26 22:30,14836
2020-01-26 22:35,14716
2020-01-26 22:40,14633
2020-01-26 22:45,14511
2020-01-26 22:50,14348
2020-01-26 22:55,14257
2020-01-26 23:00,14162
2020-01-26 23:05,14048
2020-01-26 23:10,13940
2020-01-26 23:15,13849
2020-01-26 23:20,13755
2020-01-26 23:25,13687
2020-01-26 23:30,13607
2020-01-26 23:35,13474
2020-01-26 23:40,13405
2020-01-26 23:45,13312
2020-01-26 23:50,13204
2020-01-26 23:55,13137
2020-01-27 00:00,13033
2020-01-27 00:05,12969
2020-01-27 00:10,12925
2020-01-27 00:15,12838
2020-01-27 00:20,12784
2020-01-27 00:25,12808
2020-01-27 00:30,12746
2020-01-27 00:35,12776
2020-01-27 00:40,12754
2020-01-27 00:45,12735
2020-01-27 00:50,12728
2020-01-27 00:55,12708
2020-01-27 01:00,12759
2020-01-27 01:05,12812
2020-01-27 01:10,12757
2020-01-27 01:15,12743
2020-01-27 01:20,12753
2020-01-27 01:25,12818
2020-01-27 01:30,12843
2020-01-27 01:35,12819
2020-01-27 01:40,12751
2020-01-27 01:45,12732
2020-01-27 01:50,12776
2020-01-27 01:55,12776
2020-01-27 02:00,12812
2020-01-27 02:05,12716
2020-01-27 02:10,12694
2020-01-27 02:15,12696
2020-01-27 02:20,12727
2020-01-27 02:25,12740
2020-01-27 02:30,12746
2020-01-27 02:35,12739
2020-01-27 02:40,12665
2020-01-27 02:45,12596
2020-01-27 02:50,12595
2020-01-27 02:55,12535
2020-01-27 03:00,12480
2020-01-27 03:05,12408
2020-01-27 03:10,12347
2020-01-27 03:15,12229
2020-01-27 03:20,12133
2020-01-27 03:25,12032
2020-01-27 03:30,11954
2020-01-27 03:35,11890
2020-01-27 03:40,11751
2020-01-27 03:45,11716
2020-01-27 03:50,11555
2020-01-27 03:55,11454
2020-01-27 04:00,11397
2020-01-27 04:05,11249
2020-01-27 04:10,11178
2020-01-27 04:15,11015
2020-01-27 04:20,10919
2020-01-27 04:25,10772
2020-01-27 04:30,10617
2020-01-27 04:35,10455
2020-01-27 04:40,10254
2020-01-27 04:45,10124
2020-01-27 04:50,9999
2020-01-27 04:55,9834
2020-01-27 05:00,9745
2020-01-27 05:05,9566
2020-01-27 05:10,9389
2020-01-27 05:15,9239
2020-01-27 05:20,9163
2020-01-27 05:25,9003
2020-01-27 05:30,8847
2020-01-27 05:35,8718
2020-01-27 05:40,8577
2020-01-27 05:45,8411
2020-01-27 05:50,8248
2020-01-27 05:55,8079
2020-01-27 06:00,7957
2020-01-27 06:05,7829
2020-01-27 06:10,7638
2020-01-27 06:15,7461
2020-01-27 06:20,7347
2020-01-27 06:25,7205
2020-01-27 06:30,7056
2020-01-27 06:35,6926
2020-01-27 06:40,6840
2020-01-27 06:45,6722
2020-01-27 06:50,6577
2020-01-27 06:55,6421
2020-01-27 07:00,6313
2020-01-27 07:05,6183
2020-01-27 07:10,6100
2020-01-27 07:15,5985
2020-01-27 07:20,5844
2020-01-27 07:25,5769
2020-01-27 07:30,5663
2020-01-27 07:35,5574
2020-01-27 07:40,5479
2020-01-27 07:45,5414
2020-01-27 07:50,5320
2020-01-27 07:55,5254
2020-01-27 08:00,5204
2020-01-27 08:05,5138
2020-01-27 08:10,5043
2020-01-27 08:15,4976
2020-01-27 08:20,4912
2020-01-27 08:25,4876
2020-01-27 08:30,4825
2020-01-27 08:35,4757
2020-01-27 08:40,4722
2020-01-27 08:45,4663
2020-01-27 08:50,4626
2020-01-27 08:55,4561
2020-01-27 09:00,4573
2020-01-27 09:05,4568
2020-01-27 09:10,4533
2020-01-27 09:15,4490
2020-01-27 09:20,4482
2020-01-27 09:25,4471
2020-01-27 09:30,4442
2020-01-27 09:35,4399
2020-01-27 09:40,4400
2020-01-27 09:45,4387
2020-01-27 09:50,4411
2020-01-27 09:55,4426
2020-01-27 10:00,4442
2020-01-27 10:05,4449
2020-01-27 10:10,4470
2020-01-27 10:15,4489
2020-01-27 10:20,4492
2020-01-27 10:25,4474
2020-01-27 10:30,4507
2020-01-27 10:35,4509
2020-01-27 10:40,4551
2020-01-27 10:45,4604
2020-01-27 10:50,4614
2020-01-27 10:55,4648
2020-01-27 11:00,4686
2020-01-27 11:05,4719
2020-01-27 11:10,4749
2020-01-27 11:15,4744
2020-01-27 11:20,4810
2020-01-27 11:25,4805
2020-01-27 11:30,4820
2020-01-27 11:35,4859
2020-01-27 11:40,4886
2020-01-27 11:45,4926
2020-01-27 11:50,4982
2020-01-27 11:55,5008
2020-01-27 12:00,5038
2020-01-27 12:05,5084
2020-01-27 12:10,5062
2020-01-27 12:15,5099
2020-01-27 12:20,5194
2020-01-27 12:25,5237
2020-01-27 12:30,5216
2020-01-27 12:35,5235
2020-01-27 12:40,5273
2020-01-27 12:45,5353
2020-01-27 12:50,5366
2020-01-27 12:55,5390
2020-01-27 13:00,5453
2020-01-27 13:05,5504
2020-01-27 13:10,5551
2020-01-27 13:15,5606
2020-01-27 13:20,5694
2020-01-27 13:25,5717
2020-01-27 13:30,5775
2020-01-27 13:35,5891
2020-01-27 13:40,5971
2020-01-27 13:45,6058
2020-01-27 13:50,6155
2020-01-27 13:55,6261
2020-01-27 14:00,6345
2020-01-27 14:05,6420
2020-01-27 14:10,6547
2020-01-27 14:15,6659
2020-01-27 14:20,6725
2020-01-27 14:25,6780
2020-01-27 14:30,6846
2020-01-27 14:35,6904
2020-01-27 14:40,6983
2020-01-27 14:45,7026
2020-01-27 14:50,7082
2020-01-27 14:55,7155
2020-01-27 15:00,7296
2020-01-27 15:05,7395
2020-01-27 15:10,7536
2020-01-27 15:15,7668
2020-01-27 15:20,7776
2020-01-27 15:25,7868
2020-01-27 15:30,7932
2020-01-27 15:35,8052
2020-01-27 15:40,8096
2020-01-27 15:45,8131
2020-01-27 15:50,8217
2020-01-27 15:55,8247
2020-01-27 16:00,8341
2020-01-27 16:05,8364
2020-01-27 16:10,8405
2020-01-27 16:15,8538
2020-01-27 16:20,8642
2020-01-27 16:25,8747
2020-01-27 16:30,8831
2020-01-27 16:35,8950
2020-01-27 16:40,9096
2020-01-27 16:45,9222
2020-01-27 16:50,9352
2020-01-27 16:55,9493
2020-01-27 17:00,9551
2020-01-27 17:05,9655
2020-01-27 17:10,9729
2020-01-27 17:15,9741
2020-01-27 17:20,9815
2020-01-27 17:25,10031
2020-01-27 17:30,10081
2020-01-27 17:35,10206
2020-01-27 17:40,10341
2020-01-27 17:45,10522
2020-01-27 17:50,10684
2020-01-27 17:55,10745
2020-01-27 18:00,10889
2020-01-27 18:05,10995
2020-01-27 18:10,11127
2020-01-27 18:15,11140
2020-01-27 18:20,11243
2020-01-27 18:25,11352
2020-01-27 18:30,11481
2020-01-27 18:35,11646
2020-01-27 18:40,11688
2020-01-27 18:45,11789
2020-01-27 18:50,11879
2020-01-27 18:55,11951
2020-01-27 19:00,11959
2020-01-27 19:05,12060
2020-01-27 19:10,12149
2020-01-27 19:15,12252
2020-01-27 19:20,12415
2020-01-27 19:25,12400
2020-01-27 19:30,12458
2020-01-27 19:35,12469
2020-01-27 19:40,12493
2020-01-27 19:45,12574
2020-01-27 19:50,12693
2020-01-27 19:55,12720
2020-01-27 20:00,12772
2020-01-27 20:05,12825
2020-01-27 20:10,12831
2020-01-27 20:15,12937
2020-01-27 20:20,13027
2020-01-27 20:25,13027
2020-01-27 20:30,13023
2020-01-27 20:35,13144
2020-01-27 20:40,13164
2020-01-27 20:45,13208
2020-01-27 20:50,13183
2020-01-27 20:55,13183
2020-01-27 21:00,13119
2020-01-27 21:05,13084
2020-01-27 21:10,13070
2020-01-27 21:15,13055
2020-01-27 21:20,13059
2020-01-27 21:25,13052
2020-01-27 21:30,13001
2020-01-27 21:35,13017
2020-01-27 21:40,12990
2020-01-27 21:45,12958
2020-01-27 21:50,12936
2020-01-27 21:55,12940
2020-01-27 22:00,12846
2020-01-27 22:05,12749
2020-01-27 22:10,12688
2020-01-27 22:15,12589
2020-01-27 22:20,12568
2020-01-27 22:25,12585
2020-01-27 22:30,12502
2020-01-27 22:35,12399
2020-01-27 22:40,12408
2020-01-27 22:45,12407
2020-01-27 22:50,12400
2020-01-27 22:55,12332
2020-01-27 23:00,12215
2020-01-27 23:05,12168
2020-01-27 23:10,12116
2020-01-27 23:15,11984
2020-01-27 23:20,11904
2020-01-27 23:25,11907
2020-01-27 23:30,11834
2020-01-27 23:35,11749
2020-01-27 23:40,11702
2020-01-27 23:45,11678
2020-01-27 23:50,11642
2020-01-27 23:55,11618
2020-01-28 00:00,11663
2020-01-28 00:05,11685
2020-01-28 00:10,11756
2020-01-28 00:15,11726
2020-01-28 00:20,11714
2020-01-28 00:25,11744
2020-01-28 00:30,11748
2020-01-28 00:35,11749
2020-01-28 00:40,11723
2020-01-28 00:45,11777
2020-01-28 00:50,11780
2020-01-28 00:55,11776
2020-01-28 01:00,11826
2020-01-28 01:05,11887
2020-01-28 01:10,11912
2020-01-28 01:15,11994
2020-01-28 01:20,12059
2020-01-28 01:25,12103
2020-01-28 01:30,12080
2020-01-28 01:35,12168
2020-01-28 01:40,12187
2020-01-28 01:45,12218
2020-01-28 01:50,12262
2020-01-28 01:55,12236
2020-01-28 02:00,12276
2020-01-28 02:05,12310
2020-01-28 02:10,12338
2020-01-28 02:15,12318
2020-01-28 02:20,12290
2020-01-28 02:25,12294
2020-01-28 02:30,12268
2020-01-28 02:35,12297
2020-01-28 02:40,12346
2020-01-28 02:45,12324
2020-01-28 02:50,12271
2020-01-28 02:55,12184
2020-01-28 03:00,12150
2020-01-28 03:05,12070
2020-01-28 03:10,11940
2020-01-28 03:15,11861
2020-01-28 03:20,11844
2020-01-28 03:25,11771
2020-01-28 03:30,11697
2020-01-28 03:35,11638
2020-01-28 03:40,11577
2020-01-28 03:45,11494
2020-01-28 03:50,11454
2020-01-28 03:55,11340
2020-01-28 04:00,11228
2020-01-28 04:05,11090
2020-01-28 04:10,10885
2020-01-28 04:15,10799
2020-01-28 04:20,10673
2020-01-28 04:25,10535
2020-01-28 04:30,10395
2020-01-28 04:35,10281
2020-01-28 04:40,10194
2020-01-28 04:45,10105
2020-01-28 04:50,9961
2020-01-28 04:55,9806
2020-01-28 05:00,9578
2020-01-28 05:05,9377
2020-01-28 05:10,9172
2020-01-28 05:15,9083
2020-01-28 05:20,8906
2020-01-28 05:25,8799
2020-01-28 05:30,8669
2020-01-28 05:35,8536
2020-01-28 05:40,8421
2020-01-28 05:45,8303
2020-01-28 05:50,8125
2020-01-28 05:55,7932
2020-01-28 06:00,7739
2020-01-28 06:05,7583
2020-01-28 06:10,7417
2020-01-28 06:15,7286
2020-01-28 06:20,7129
2020-01-28 06:25,6962
2020-01-28 06:30,6850
2020-01-28 06:35,6740
2020-01-28 06:40,6648
2020-01-28 06:45,6508
2020-01-28 06:50,6352
2020-01-28 06:55,6226
2020-01-28 07:00,6087
2020-01-28 07:05,5967
2020-01-28 07:10,5821
2020-01-28 07:15,5672
2020-01-28 07:20,5608
2020-01-28 07:25,5518
2020-01-28 07:30,5403
2020-01-28 07:35,5311
2020-01-28 07:40,5242
2020-01-28 07:45,5123
2020-01-28 07:50,5046
2020-01-28 07:55,5029
2020-01-28 08:00,5008
2020-01-28 08:05,4957
2020-01-28 08:10,4921
2020-01-28 08:15,4838
2020-01-28 08:20,4758
2020-01-28 08:25,4732
2020-01-28 08:30,4725
2020-01-28 08:35,4653
2020-01-28 08:40,4630
2020-01-28 08:45,4569
2020-01-28 08:50,4539
2020-01-28 08:55,4505
2020-01-28 09:00,4485
2020-01-28 09:05,4524
2020-01-28 09:10,4518
2020-01-28 09:15,4474
2020-01-28 09:20,4457
2020-01-28 09:25,4446
2020-01-28 09:30,4413
2020-01-28 09:35,4435
2020-01-28 09:40,4428
2020-01-28 09:45,4444
2020-01-28 09:50,4425
2020-01-28 09:55,4439
2020-01-28 10:00,4462
2020-01-28 10:05,4435
2020-01-28 10:10,4412
2020-01-28 10:15,4449
2020-01-28 10:20,4436
2020-01-28 10:25,4432
2020-01-28 10:30,4486
2020-01-28 10:35,4449
2020-01-28 10:40,4414
2020-01-28 10:45,4426
2020-01-28 10:50,4409
2020-01-28 10:55,4389
2020-01-28 11:00,4414
2020-01-28 11:05,4354
2020-01-28 11:10,4318
2020-01-28 11:15,4279
2020-01-28 11:20,4196
2020-01-28 11:25,4159
2020-01-28 11:30,4113
2020-01-28 11:35,4033
2020-01-28 11:40,3346
2020-01-28 11:45,2812
2020-01-28 11:50,2310
2020-01-28 11:55,1906
2020-01-28 12:00,1705
2020-01-28 12:05,1639
2020-01-28 12:10,1517
2020-01-28 12:15,1408
2020-01-28 12:20,1285
2020-01-28 12:25,1186
2020-01-28 12:30,1125
2020-01-28 12:35,1077
2020-01-28 12:40,1062
2020-01-28 12:45,1052
2020-01-28 12:50,1060
2020-01-28 12:55,1063
2020-01-28 13:00,1072
2020-01-28 13:05,1071
2020-01-28 13:10,1113
2020-01-28 13:15,1129
2020-01-28 13:20,1183
2020-01-28 13:25,1204
2020-01-28 13:30,1222
2020-01-28 13:35,1227
2020-01-28 13:40,1249
2020-01-28 13:45,1223
2020-01-28 13:50,1261
2020-01-28 13:55,1232
2020-01-28 14:00,1236
2020-01-28 14:05,1275
2020-01-28 14:10,1306
2020-01-28 14:15,1336
2020-01-28 14:20,1346
2020-01-28 14:25,1327
2020-01-28 14:30,1345
2020-01-28 14:35,1346
2020-01-28 14:40,1385
2020-01-28 14:45,1812
2020-01-28 14:50,2409
2020-01-28 14:55,2987
2020-01-28 15:00,3515
2020-01-28 15:05,4085
2020-01-28 15:10,4707
2020-01-28 15:15,5189
2020-01-28 15:20,5581
2020-01-28 15:25,5927
2020-01-28 15:30,6299
2020-01-28 15:35,6583
2020-01-28 15:40,6887
2020-01-28 15:45,7066
2020-01-28 15:50,7212
2020-01-28 15:55,7413
2020-01-28 16:00,
2020-01-28 16:05,7849
2020-01-28 16:10,7997
2020-01-28 16:15,8176
2020-01-28 16:20,8344
2020-01-28 16:25,8476
2020-01-28 16:30,8713
2020-01-28 16:35,8792
2020-01-28 16:40,8909
2020-01-28 16:45,9039
2020-01-28 16:50,9150
2020-01-28 16:55,9315
2020-01-28 17:00,9434
2020-01-28 17:05,9561
2020-01-28 17:10,9675
2020-01-28 17:15,9834
2020-01-28 17:20,9958
2020-01-28 17:25,10153
2020-01-28 17:30,10207
2020-01-28 17:35,10288
2020-01-28 17:40,10394
2020-01-28 17:45,10548
2020-01-28 17:50,10705
2020-01-28 17:55,10827
2020-01-28 18:00,10926
2020-01-28 18:05,11057
2020-01-28 18:10,11164
2020-01-28 18:15,11333
2020-01-28 18:20,11410
2020-01-28 18:25,11549
2020-01-28 18:30,11677
2020-01-28 18:35,11800
2020-01-28 18:40,11942
2020-01-28 18:45,12039
2020-01-28 18:50,12174
2020-01-28 18:55,12306
2020-01-28 19:00,12366
2020-01-28 19:05,12440
2020-01-28 19:10,12533
2020-01-28 19:15,12600
2020-01-28 19:20,12642
2020-01-28 19:25,12768
2020-01-28 19:30,12971
2020-01-28 19:35,13030
2020-01-28 19:40,13133
2020-01-28 19:45,13305
2020-01-28 19:50,13337
2020-01-28 19:55,13383
2020-01-28 20:00,13443
2020-01-28 20:05,13431
2020-01-28 20:10,13539
2020-01-28 20:15,13566
2020-01-28 20:20,13718
2020-01-28 20:25,13758
2020-01-28 20:30,13848
2020-01-28 20:35,13892
2020-01-28 20:40,13952
2020-01-28 20:45,13973
2020-01-28 20:50,14037
2020-01-28 20:55,14143
2020-01-28 21:00,14181
2020-01-28 21:05,14128
2020-01-28 21:10,14204
2020-01-28 21:15,14206
2020-01-28 21:20,14177
2020-01-28 21:25,14305
2020-01-28 21:30,14236
2020-01-28 21:35,14217
2020-01-28 21:40,14195
2020-01-28 21:45,14151
2020-01-28 21:50,14038
2020-01-28 21:55,14059
2020-01-28 22:00,14079
2020-01-28 22:05,14017
2020-01-28 22:10,13964
2020-01-28 22:15,13942
2020-01-28 22:20,13896
2020-01-28 22:25,13875
2020-01-28 22:30,13773
2020-01-28 22:35,13797
2020-01-28 22:40,13802
2020-01-28 22:45,13764
2020-01-28 22:50,13648
2020-01-28 22:55,13610
2020-01-28 23:00,13614
2020-01-28 23:05,13521
2020-01-28 23:10,13487
2020-01-28 23:15,13452
2020-01-28 23:20,
2020-01-28 23:25,
2020-01-28 23:30,12095
2020-01-28 23:35,12868
2020-01-28 23:40,12970
2020-01-28 23:45,12893
2020-01-28 23:50,12932
2020-01-28 23:55,12910
2020-01-29 00:00,12970
2020-01-29 00:05,12935
2020-01-29 00:10,12941
2020-01-29 00:15,12949
2020-01-29 00:20,12940
2020-01-29 00:25,12940
2020-01-29 00:30,13033
2020-01-29 00:35,12994
2020-01-29 00:40,13040
2020-01-29 00:45,13104
2020-01-29 00:50,13066
2020-01-29 00:55,13068
2020-01-29 01:00,13163
2020-01-29 01:05,13211
2020-01-29 01:10,13161
2020-01-29 01:15,13149
2020-01-29 01:20,13237
2020-01-29 01:25,13261
2020-01-29 01:30,13315
2020-01-29 01:35,13348
2020-01-29 01:40,13379
2020-01-29 01:45,13389
2020-01-29 01:50,13418
2020-01-29 01:55,13436
2020-01-29 02:00,13448
2020-01-29 02:05,13471
2020-01-29 02:10,13500
2020-01-29 02:15,
2020-01-29 02:20,
2020-01-29 02:25,13582
2020-01-29 02:30,13578
2020-01-29 02:35,13549
2020-01-29 02:40,13516
2020-01-29 02:45,13506
2020-01-29 02:50,13461
2020-01-29 02:55,13338
2020-01-29 03:00,13067
2020-01-29 03:05,12923
2020-01-29 03:10,12673
2020-01-29 03:15,12666
2020-01-29 03:20,12576
2020-01-29 03:25,12463
2020-01-29 03:30,12605
2020-01-29 03:35,12517
2020-01-29 03:40,12511
2020-01-29 03:45,12427
2020-01-29 03:50,12244
2020-01-29 03:55,12195
2020-01-29 04:00,12135
2020-01-29 04:05,11986
2020-01-29 04:10,11975
2020-01-29 04:15,11784
2020-01-29 04:20,11632
2020-01-29 04:25,11499
2020-01-29 04:30,11323
2020-01-29 04:35,11216
2020-01-29 04:40,11057
2020-01-29 04:45,10971
2020-01-29 04:50,10859
2020-01-29 04:55,10762
2020-01-29 05:00,10627
2020-01-29 05:05,10391
2020-01-29 05:10,10237
2020-01-29 05:15,10065
2020-01-29 05:20,9968
2020-01-29 05:25,9788
2020-01-29 05:30,9637
2020-01-29 05:35,9440
2020-01-29 05:40,9343
2020-01-29 05:45,9201
2020-01-29 05:50,9073
2020-01-29 05:55,8908
2020-01-29 06:00,8692
2020-01-29 06:05,8527
2020-01-29 06:10,8305
2020-01-29 06:15,8126
2020-01-29 06:20,7988
2020-01-29 06:25,7874
2020-01-29 06:30,7671
2020-01-29 06:35,7633
2020-01-29 06:40,7470
2020-01-29 06:45,7273
2020-01-29 06:50,7117
2020-01-29 06:55,7002
2020-01-29 07:00,6856
2020-01-29 07:05,6710
2020-01-29 07:10,6544
2020-01-29 07:15,6421
2020-01-29 07:20,6210
2020-01-29 07:25,6131
2020-01-29 07:30,6039
2020-01-29 07:35,5960
2020-01-29 07:40,5904
2020-01-29 07:45,5817
2020-01-29 07:50,5701
2020-01-29 07:55,5612
2020-01-29 08:00,5555
2020-01-29 08:05,5450
2020-01-29 08:10,5429
2020-01-29 08:15,5395
2020-01-29 08:20,5346
2020-01-29 08:25,5305
2020-01-29 08:30,5270
2020-01-29 08:35,5186
2020-01-29 08:40,5107
2020-01-29 08:45,5059
2020-01-29 08:50,5010
2020-01-29 08:55,4961
2020-01-29 09:00,4948
2020-01-29 09:05,4868
2020-01-29 09:10,4880
2020-01-29 09:15,4897
2020-01-29 09:20,4901
2020-01-29 09:25,4847
2020-01-29 09:30,4824
2020-01-29 09:35,4819
2020-01-29 09:40,4836
2020-01-29 09:45,4810
2020-01-29 09:50,4856
2020-01-29 09:55,4855
2020-01-29 10:00,4921
2020-01-29 10:05,4928
2020-01-29 10:10,4938
2020-01-29 10:15,4958
2020-01-29 10:20,4979
2020-01-29 10:25,5010
2020-01-29 10:30,5049
2020-01-29 10:35,5110
2020-01-29 10:40,5104
2020-01-29 10:45,5126
2020-01-29 10:50,5149
2020-01-29 10:55,5151
2020-01-29 11:00,5136
2020-01-29 11:05,5175
2020-01-29 11:10,5218
2020-01-29 11:15,5300
2020-01-29 11:20,5357
2020-01-29 11:25,5397
2020-01-29 11:30,5457
2020-01-29 11:35,5517
2020-01-29 11:40,5544
2020-01-29 11:45,5610
2020-01-29 11:50,5664
2020-01-29 11:55,5705
2020-01-29 12:00,5760
2020-01-29 12:05,5758
2020-01-29 12:10,5828
2020-01-29 12:15,5877
2020-01-29 12:20,5967
2020-01-29 12:25,5994
2020-01-29 12:30,6082
2020-01-29 12:35,6131
2020-01-29 12:40,6013
2020-01-29 12:45,6213
2020-01-29 12:50,6276
2020-01-29 12:55,6333
2020-01-29 13:00,6397
2020-01-29 13:05,6450
2020-01-29 13:10,6511
2020-01-29 13:15,6611
2020-01-29 13:20,6667
2020-01-29 13:25,6732
2020-01-29 13:30,6811
2020-01-29 13:35,6863
2020-01-29 13:40,6971
2020-01-29 13:45,7000
2020-01-29 13:50,7093
2020-01-29 13:55,7190
2020-01-29 14:00,7306
2020-01-29 14:05,7469
2020-01-29 14:10,7579
2020-01-29 14:15,7619
2020-01-29 14:20,7708
2020-01-29 14:25,7855
2020-01-29 14:30,7932
2020-01-29 14:35,7982
2020-01-29 14:40,8093
2020-01-29 14:45,8267
2020-01-29 14:50,8365
2020-01-29 14:55,8454
2020-01-29 15:00,8526
2020-01-29 15:05,8577
2020-01-29 15:10,8719
2020-01-29 15:15,8885
2020-01-29 15:20,8963
2020-01-29 15:25,9028
2020-01-29 15:30,9102
2020-01-29 15:35,9252
2020-01-29 15:40,9368
2020-01-29 15:45,9446
2020-01-29 15:50,9517
2020-01-29 15:55,9601
2020-01-29 16:00,9746
2020-01-29 16:05,9863
2020-01-29 16:10,9947
2020-01-29 16:15,10036
2020-01-29 16:20,10114
2020-01-29 16:25,10201
2020-01-29 16:30,10323
2020-01-29 16:35,10379
2020-01-29 16:40,10478
2020-01-29 16:45,10612
2020-01-29 16:50,10671
2020-01-29 16:55,10861
2020-01-29 17:00,10929
2020-01-29 17:05,11005
2020-01-29 17:10,11028
2020-01-29 17:15,
2020-01-29 17:20,11249
2020-01-29 17:25,11339
2020-01-29 17:30,11426
2020-01-29 17:35,11547
2020-01-29 17:40,11722
2020-01-29 17:45,11854
2020-01-29 17:50,11971
2020-01-29 17:55,12065
2020-01-29 18:00,12183
2020-01-29 18:05,11932
2020-01-29 18:10,12471
2020-01-29 18:15,12453
2020-01-29 18:20,12607
2020-01-29 18:25,12732
2020-01-29 18:30,12810
2020-01-29 18:35,12902
2020-01-29 18:40,12992
2020-01-29 18:45,13092
2020-01-29 18:50,13196
2020-01-29 18:55,13276
2020-01-29 19:00,13387
2020-01-29 19:05,13524
2020-01-29 19:10,13602
2020-01-29 19:15,13687
2020-01-29 19:20,13803
2020-01-29 19:25,13866
2020-01-29 19:30,13947
2020-01-29 19:35,14047
2020-01-29 19:40,14142
2020-01-29 19:45,14168
2020-01-29 19:50,14249
2020-01-29 19:55,14312
2020-01-29 20:00,14373
2020-01-29 20:05,14401
2020-01-29 20:10,14495
2020-01-29 20:15,14458
2020-01-29 20:20,14471
2020-01-29 20:25,14509
2020-01-29 20:30,14471
2020-01-29 20:35,14445
2020-01-29 20:40,14470
2020-01-29 20:45,14450
2020-01-29 20:50,14594
2020-01-29 20:55,14550
2020-01-29 21:00,14565
2020-01-29 21:05,14544
2020-01-29 21:10,14515
2020-01-29 21:15,14583
2020-01-29 21:20,14534
2020-01-29 21:25,14607
2020-01-29 21:30,14605
2020-01-29 21:35,14543
2020-01-29 21:40,14524
2020-01-29 21:45,14532
2020-01-29 21:50,14492
2020-01-29 21:55,14438
2020-01-29 22:00,14414
2020-01-29 22:05,14389
2020-01-29 22:10,14409
2020-01-29 22:15,14365
2020-01-29 22:20,14355
2020-01-29 22:25,14338
2020-01-29 22:30,14182
2020-01-29 22:35,14072
2020-01-29 22:40,13955
2020-01-29 22:45,13889
2020-01-29 22:50,13827
2020-01-29 22:55,13706
2020-01-29 23:00,13639
2020-01-29 23:05,13561
2020-01-29 23:10,13540
2020-01-29 23:15,13499
2020-01-29 23:20,13493
2020-01-29 23:25,13381
2020-01-29 23:30,13270
2020-01-29 23:35,13251
2020-01-29 23:40,13235
2020-01-29 23:45,13198
2020-01-29 23:50,13107
2020-01-29 23:55,13221
2020-01-30 00:00,13237
2020-01-30 00:05,13206
2020-01-30 00:10,13148
2020-01-30 00:15,13154
2020-01-30 00:20,13146
2020-01-30 00:25,13172
2020-01-30 00:30,13181
2020-01-30 00:35,13163
2020-01-30 00:40,13247
2020-01-30 00:45,13245
2020-01-30 00:50,13211
2020-01-30 00:55,13315
2020-01-30 01:00,13344
2020-01-30 01:05,13365
2020-01-30 01:10,13476
2020-01-30 01:15,13519
2020-01-30 01:20,13591
2020-01-30 01:25,13630
2020-01-30 01:30,13718
2020-01-30 01:35,13652
2020-01-30 01:40,13729
2020-01-30 01:45,13731
2020-01-30 01:50,13815
2020-01-30 01:55,13685
2020-01-30 02:00,13607
2020-01-30 02:05,13632
2020-01-30 02:10,13577
2020-01-30 02:15,13556
2020-01-30 02:20,13506
2020-01-30 02:25,13496
2020-01-30 02:30,13492
2020-01-30 02:35,13464
2020-01-30 02:40,13483
2020-01-30 02:45,13451
2020-01-30 02:50,13374
2020-01-30 02:55,13354
2020-01-30 03:00,13322
2020-01-30 03:05,13216
2020-01-30 03:10,13137
2020-01-30 03:15,13059
2020-01-30 03:20,12982
2020-01-30 03:25,13018
2020-01-30 03:30,12934
2020-01-30 03:35,12930
2020-01-30 03:40,12809
2020-01-30 03:45,12697
2020-01-30 03:50,12587
2020-01-30 03:55,12537
2020-01-30 04:00,12356
2020-01-30 04:05,12224
2020-01-30 04:10,12078
2020-01-30 04:15,11869
2020-01-30 04:20,11728
2020-01-30 04:25,11645
2020-01-30 04:30,11490
2020-01-30 04:35,11440
2020-01-30 04:40,11291
2020-01-30 04:45,11153
2020-01-30 04:50,10997
2020-01-30 04:55,10852
2020-01-30 05:00,10633
2020-01-30 05:05,10471
2020-01-30 05:10,10285
2020-01-30 05:15,10083
2020-01-30 05:20,9933
2020-01-30 05:25,9739
2020-01-30 05:30,9612
2020-01-30 05:35,9414
2020-01-30 05:40,9278
2020-01-30 05:45,9113
2020-01-30 05:50,8946
2020-01-30 05:55,8727
2020-01-30 06:00,8576
2020-01-30 06:05,8395
2020-01-30 06:10,8225
2020-01-30 06:15,8101
2020-01-30 06:20,7948
2020-01-30 06:25,7762
2020-01-30 06:30,7586
2020-01-30 06:35,7435
2020-01-30 06:40,7279
2020-01-30 06:45,7095
2020-01-30 06:50,6940
2020-01-30 06:55,6832
2020-01-30 07:00,6682
2020-01-30 07:05,6604
2020-01-30 07:10,6470
2020-01-30 07:15,6336
2020-01-30 07:20,6217
2020-01-30 07:25,6131
2020-01-30 07:30,6028
2020-01-30 07:35,5933
2020-01-30 07:40,5814
2020-01-30 07:45,5690
2020-01-30 07:50,5621
2020-01-30 07:55,5503
2020-01-30 08:00,5424
2020-01-30 08:05,5381
2020-01-30 08:10,5307
2020-01-30 08:15,5224
2020-01-30 08:20,5193
2020-01-30 08:25,5088
2020-01-30 08:30,5040
2020-01-30 08:35,4993
2020-01-30 08:40,4898
2020-01-30 08:45,4890
2020-01-30 08:50,4865
2020-01-30 08:55,4856
2020-01-30 09:00,4849
2020-01-30 09:05,4801
2020-01-30 09:10,4790
2020-01-30 09:15,4827
2020-01-30 09:20,4811
2020-01-30 09:25,4795
2020-01-30 09:30,4810
2020-01-30 09:35,4780
2020-01-30 09:40,4782
2020-01-30 09:45,4781
2020-01-30 09:50,4802
2020-01-30 09:55,4793
2020-01-30 10:00,4837
2020-01-30 10:05,4826
2020-01-30 10:10,4831
2020-01-30 10:15,4794
2020-01-30 10:20,4787
2020-01-30 10:25,4767
2020-01-30 10:30,4799
2020-01-30 10:35,4812
2020-01-30 10:40,4880
2020-01-30 10:45,4885
2020-01-30 10:50,4962
2020-01-30 10:55,4987
2020-01-30 11:00,5037
2020-01-30 11:05,5078
2020-01-30 11:10,5104
2020-01-30 11:15,5131
2020-01-30 11:20,5201
2020-01-30 11:25,5271
2020-01-30 11:30,5298
2020-01-30 11:35,5317
2020-01-30 11:40,5405
2020-01-30 11:45,5445
2020-01-30 11:50,5491
2020-01-30 11:55,5500
2020-01-30 12:00,5542
2020-01-30 12:05,5613
2020-01-30 12:10,5686
2020-01-30 12:15,5772
2020-01-30 12:20,5859
2020-01-30 12:25,5902
2020-01-30 12:30,6000
2020-01-30 12:35,6015
2020-01-30 12:40,6035
2020-01-30 12:45,6122
2020-01-30 12:50,6203
2020-01-30 12:55,6313
2020-01-30 13:00,6336
2020-01-30 13:05,6336
2020-01-30 13:10,6341
2020-01-30 13:15,
2020-01-30 13:20,6511
2020-01-30 13:25,
2020-01-30 13:30,
2020-01-30 13:35,
2020-01-30 13:40,6723
2020-01-30 13:45,6860
2020-01-30 13:50,
2020-01-30 13:55,
2020-01-30 14:00,7145
2020-01-30 14:05,
2020-01-30 14:10,
2020-01-30 14:15,7421
2020-01-30 14:20,
2020-01-30 14:25,
2020-01-30 14:30,
2020-01-30 14:35,7857
2020-01-30 14:40,8034
2020-01-30 14:45,8079
2020-01-30 14:50,8166
2020-01-30 14:55,
2020-01-30 15:00,8290
2020-01-30 15:05,8343
2020-01-30 15:10,8420
2020-01-30 15:15,8468
2020-01-30 15:20,8551
2020-01-30 15:25,8675
2020-01-30 15:30,8803
2020-01-30 15:35,8838
2020-01-30 15:40,9011
2020-01-30 15:45,9202
2020-01-30 15:50,9364
2020-01-30 15:55,9449
2020-01-30 16:00,
2020-01-30 16:05,
2020-01-30 16:10,
2020-01-30 16:15,
2020-01-30 16:20,
2020-01-30 16:25,
2020-01-30 16:30,
2020-01-30 16:35,
2020-01-30 16:40,
2020-01-30 16:45,
2020-01-30 16:50,
2020-01-30 16:55,
2020-01-30 17:00,
2020-01-30 17:05,
2020-01-30 17:10,
2020-01-30 17:15,
2020-01-30 17:20,
2020-01-30 17:25,
2020-01-30 17:30,10296
2020-01-30 17:35,
2020-01-30 17:40,
2020-01-30 17:45,
2020-01-30 17:50,
2020-01-30 17:55,
2020-01-30 18:00,
2020-01-30 18:05,
2020-01-30 18:10,
2020-01-30 18:15,
2020-01-30 18:20,11883
2020-01-30 18:25,12086
2020-01-30 18:30,10682
2020-01-30 18:35,12324
2020-01-30 18:40,12624
2020-01-30 18:45,12866
2020-01-30 18:50,12998
2020-01-30 18:55,13072
2020-01-30 19:00,13109
2020-01-30 19:05,13217
2020-01-30 19:10,13352
2020-01-30 19:15,13475
2020-01-30 19:20,13481
2020-01-30 19:25,13597
2020-01-30 19:30,13762
2020-01-30 19:35,13863
2020-01-30 19:40,13946
2020-01-30 19:45,14068
2020-01-30 19:50,14172
2020-01-30 19:55,14244
2020-01-30 20:00,14206
2020-01-30 20:05,14174
2020-01-30 20:10,14179
2020-01-30 20:15,14239
2020-01-30 20:20,14275
2020-01-30 20:25,14336
2020-01-30 20:30,14413
2020-01-30 20:35,14492
2020-01-30 20:40,14527
2020-01-30 20:45,14628
2020-01-30 20:50,14652
2020-01-30 20:55,14695
2020-01-30 21:00,14624
2020-01-30 21:05,14529
2020-01-30 21:10,14538
2020-01-30 21:15,14483
2020-01-30 21:20,14445
2020-01-30 21:25,14461
2020-01-30 21:30,14455
2020-01-30 21:35,14509
2020-01-30 21:40,14564
2020-01-30 21:45,14486
2020-01-30 21:50,14416
2020-01-30 21:55,14375
2020-01-30 22:00,14291
2020-01-30 22:05,14233
2020-01-30 22:10,14194
2020-01-30 22:15,14074
2020-01-30 22:20,13917
2020-01-30 22:25,13866
2020-01-30 22:30,13854
2020-01-30 22:35,13729
2020-01-30 22:40,13727
2020-01-30 22:45,13742
2020-01-30 22:50,13722
2020-01-30 22:55,13679
2020-01-30 23:00,13630
2020-01-30 23:05,13630
2020-01-30 23:10,13266
2020-01-30 23:15,13233
2020-01-30 23:20,13194
2020-01-30 23:25,13155
2020-01-30 23:30,13169
2020-01-30 23:35,13159
2020-01-30 23:40,13077
2020-01-30 23:45,13061
2020-01-30 23:50,13020
2020-01-30 23:55,13040
2020-01-31 00:00,13087
2020-01-31 00:05,13091
2020-01-31 00:10,13048
2020-01-31 00:15,13045
2020-01-31 00:20,13003
2020-01-31 00:25,12994
2020-01-31 00:30,12973
2020-01-31 00:35,12942
2020-01-31 00:40,12931
2020-01-31 00:45,12936
2020-01-31 00:50,12950
2020-01-31 00:55,12932
2020-01-31 01:00,12981
2020-01-31 01:05,13039
2020-01-31 01:10,13141
2020-01-31 01:15,13210
2020-01-31 01:20,13257
2020-01-31 01:25,13296
2020-01-31 01:30,13333
2020-01-31 01:35,13369
2020-01-31 01:40,13337
2020-01-31 01:45,13385
2020-01-31 01:50,13465
2020-01-31 01:55,13500
2020-01-31 02:00,13501
2020-01-31 02:05,13540
2020-01-31 02:10,13550
2020-01-31 02:15,13580
2020-01-31 02:20,13580
2020-01-31 02:25,13562
2020-01-31 02:30,13503
2020-01-31 02:35,13499
2020-01-31 02:40,13463
2020-01-31 02:45,13505
2020-01-31 02:50,13450
2020-01-31 02:55,13446
2020-01-31 03:00,13359
2020-01-31 03:05,13234
2020-01-31 03:10,13175
2020-01-31 03:15,13068
2020-01-31 03:20,13041
2020-01-31 03:25,12904
2020-01-31 03:30,12827
2020-01-31 03:35,12755
2020-01-31 03:40,12718
2020-01-31 03:45,12623
2020-01-31 03:50,12559
2020-01-31 03:55,12483
2020-01-31 04:00,12383
2020-01-31 04:05,12239
2020-01-31 04:10,12142
2020-01-31 04:15,12037
2020-01-31 04:20,11895
2020-01-31 04:25,11751
2020-01-31 04:30,11660
2020-01-31 04:35,11463
2020-01-31 04:40,11356
2020-01-31 04:45,11101
2020-01-31 04:50,10934
2020-01-31 04:55,10765
2020-01-31 05:00,10615
2020-01-31 05:05,10440
2020-01-31 05:10,10288
2020-01-31 05:15,10093
2020-01-31 05:20,10009
2020-01-31 05:25,9867
2020-01-31 05:30,9648
2020-01-31 05:35,9474
2020-01-31 05:40,9332
2020-01-31 05:45,9221
2020-01-31 05:50,9108
2020-01-31 05:55,8911
2020-01-31 06:00,8725
2020-01-31 06:05,8498
2020-01-31 06:10,8309
2020-01-31 06:15,8175
2020-01-31 06:20,8045
2020-01-31 06:25,7939
2020-01-31 06:30,7798
2020-01-31 06:35,7682
2020-01-31 06:40,7543
2020-01-31 06:45,7426
2020-01-31 06:50,7291
2020-01-31 06:55,7160
2020-01-31 07:00,7025
2020-01-31 07:05,6876
2020-01-31 07:10,6780
2020-01-31 07:15,6619
2020-01-31 07:20,6470
2020-01-31 07:25,6343
2020-01-31 07:30,6207
2020-01-31 07:35,6122
2020-01-31 07:40,6014
2020-01-31 07:45,5919
2020-01-31 07:50,5854
2020-01-31 07:55,5808
2020-01-31 08:00,5701
2020-01-31 08:05,5644
2020-01-31 08:10,5540
2020-01-31 08:15,5464
2020-01-31 08:20,5386
2020-01-31 08:25,5293
2020-01-31 08:30,5234
2020-01-31 08:35,5226
2020-01-31 08:40,5209
2020-01-31 08:45,5176
2020-01-31 08:50,5123
2020-01-31 08:55,5071
2020-01-31 09:00,5006
2020-01-31 09:05,4985
2020-01-31 09:10,4979
2020-01-31 09:15,4954
2020-01-31 09:20,4924
2020-01-31 09:25,4954
2020-01-31 09:30,4961
2020-01-31 09:35,4989
2020-01-31 09:40,4990
2020-01-31 09:45,4941
2020-01-31 09:50,4931
2020-01-31 09:55,4986
2020-01-31 10:00,4999
2020-01-31 10:05,4929
2020-01-31 10:10,4974
2020-01-31 10:15,4977
2020-01-31 10:20,5020
2020-01-31 10:25,5058
2020-01-31 10:30,5067
2020-01-31 10:35,5104
2020-01-31 10:40,5139
2020-01-31 10:45,5142
2020-01-31 10:50,5201
2020-01-31 10:55,5261
2020-01-31 11:00,5289
2020-01-31 11:05,5354
2020-01-31 11:10,5367
2020-01-31 11:15,5406
2020-01-31 11:20,5450
2020-01-31 11:25,5473
2020-01-31 11:30,5476
2020-01-31 11:35,5557
2020-01-31 11:40,5598
2020-01-31 11:45,5635
2020-01-31 11:50,5678
2020-01-31 11:55,5712
2020-01-31 12:00,5751
2020-01-31 12:05,5801
2020-01-31 12:10,5865
2020-01-31 12:15,5926
2020-01-31 12:20,6003
2020-01-31 12:25,6033
2020-01-31 12:30,6118
2020-01-31 12:35,6201
2020-01-31 12:40,6273
2020-01-31 12:45,6179
2020-01-31 12:50,6121
2020-01-31 12:55,6078
2020-01-31 13:00,6159
2020-01-31 13:05,6212
2020-01-31 13:10,6280
2020-01-31 13:15,6380
2020-01-31 13:20,6454
2020-01-31 13:25,6534
2020-01-31 13:30,6611
2020-01-31 13:35,6690
2020-01-31 13:40,6760
2020-01-31 13:45,6896
2020-01-31 13:50,6944
2020-01-31 13:55,7029
2020-01-31 14:00,7177
2020-01-31 14:05,7321
2020-01-31 14:10,7408
2020-01-31 14:15,7488
2020-01-31 14:20,7567
2020-01-31 14:25,7701
2020-01-31 14:30,7813
2020-01-31 14:35,7920
2020-01-31 14:40,8050
2020-01-31 14:45,8221
2020-01-31 14:50,8315
2020-01-31 14:55,8414
2020-01-31 15:00,8519
2020-01-31 15:05,8601
2020-01-31 15:10,8717
2020-01-31 15:15,8854
2020-01-31 15:20,8896
2020-01-31 15:25,9032
2020-01-31 15:30,9119
2020-01-31 15:35,9251
2020-01-31 15:40,9283
2020-01-31 15:45,9461
2020-01-31 15:50,9512
2020-01-31 15:55,9596
2020-01-31 16:00,9683
2020-01-31 16:05,9727
2020-01-31 16:10,9846
2020-01-31 16:15,9928
2020-01-31 16:20,9994
2020-01-31 16:25,10081
2020-01-31 16:30,10127
2020-01-31 16:35,10308
2020-01-31 16:40,10430
2020-01-31 16:45,10509
2020-01-31 16:50,10630
2020-01-31 16:55,10696
2020-01-31 17:00,10758
2020-01-31 17:05,10872
2020-01-31 17:10,10937
2020-01-31 17:15,10049
2020-01-31 17:20,11100
2020-01-31 17:25,11184
2020-01-31 17:30,11225
2020-01-31 17:35,11323
2020-01-31 17:40,11406
2020-01-31 17:45,11406
2020-01-31 17:50,11453
2020-01-31 17:55,11613
2020-01-31 18:00,11692
2020-01-31 18:05,11725
2020-01-31 18:10,11805
2020-01-31 18:15,11805
2020-01-31 18:20,12099
2020-01-31 18:25,12220
2020-01-31 18:30,12274
2020-01-31 18:35,12378
2020-01-31 18:40,12533
2020-01-31 18:45,12655
2020-01-31 18:50,12834
2020-01-31 18:55,12921
2020-01-31 19:00,12943
2020-01-31 19:05,13025
2020-01-31 19:10,13026
2020-01-31 19:15,13119
2020-01-31 19:20,13201
2020-01-31 19:25,13201
2020-01-31 19:30,13415
2020-01-31 19:35,13415
2020-01-31 19:40,13634
2020-01-31 19:45,13717
2020-01-31 19:50,13815
2020-01-31 19:55,13854
2020-01-31 20:00,13945
2020-01-31 20:05,13945
2020-01-31 20:10,13937
2020-01-31 20:15,14052
2020-01-31 20:20,14138
2020-01-31 20:25,14138
2020-01-31 20:30,14233
2020-01-31 20:35,14414
2020-01-31 20:40,14414
2020-01-31 20:45,14487
2020-01-31 20:50,14578
2020-01-31 20:55,14603
2020-01-31 21:00,14637
2020-01-31 21:05,14661
2020-01-31 21:10,14672
2020-01-31 21:15,14771
2020-01-31 21:20,14855
2020-01-31 21:25,14950
2020-01-31 21:30,14964
2020-01-31 21:35,15048
2020-01-31 21:40,15080
2020-01-31 21:45,15129
2020-01-31 21:50,15070
2020-01-31 21:55,15093
2020-01-31 22:00,15079
2020-01-31 22:05,15109
2020-01-31 22:10,15086
2020-01-31 22:15,15020
2020-01-31 22:20,14926
2020-01-31 22:25,14869
2020-01-31 22:30,14855
2020-01-31 22:35,14918
2020-01-31 22:40,14887
2020-01-31 22:45,14857
2020-01-31 22:50,14867
2020-01-31 22:55,14771
2020-01-31 23:00,14738
2020-01-31 23:05,14689
2020-01-31 23:10,14712
2020-01-31 23:15,14775
2020-01-31 23:20,14684
2020-01-31 23:25,14684
2020-01-31 23:30,14505
2020-01-31 23:35,14371
2020-01-31 23:40,14382
2020-01-31 23:45,14344
2020-01-31 23:50,14258
2020-01-31 23:55,14258
2020-02-01 00:00,14135
2020-02-01 00:05,14017
2020-02-01 00:10,14017
2020-02-01 00:15,13941
2020-02-01 00:20,13941
2020-02-01 00:25,13882
2020-02-01 00:30,13830
2020-02-01 00:35,13800
2020-02-01 00:40,13721
2020-02-01 00:45,13721
2020-02-01 00:50,13654
2020-02-01 00:55,13629
2020-02-01 01:00,13488
2020-02-01 01:05,13415
2020-02-01 01:10,13359
2020-02-01 01:15,13401
2020-02-01 01:20,13493
2020-02-01 01:25,13548
2020-02-01 01:30,13572
2020-02-01 01:35,13630
2020-02-01 01:40,13630
2020-02-01 01:45,13586
2020-02-01 01:50,13574
2020-02-01 01:55,13574
2020-02-01 02:00,13648
2020-02-01 02:05,13652
2020-02-01 02:10,13634
2020-02-01 02:15,13634
2020-02-01 02:20,13696
2020-02-01 02:25,13696
2020-02-01 02:30,13736
2020-02-01 02:35,13736
2020-02-01 02:40,13814
2020-02-01 02:45,12921
2020-02-01 02:50,12921
2020-02-01 02:55,12063
2020-02-01 03:00,12123
2020-02-01 03:05,12123
2020-02-01 03:10,12397
2020-02-01 03:15,12397
2020-02-01 03:20,12541
2020-02-01 03:25,12541
2020-02-01 03:30,12625
2020-02-01 03:35,12720
2020-02-01 03:40,12819
2020-02-01 03:45,12881
2020-02-01 03:50,12933
2020-02-01 03:55,12969
2020-02-01 04:00,13085
2020-02-01 04:05,13085
2020-02-01 04:10,13188
2020-02-01 04:15,13217
2020-02-01 04:20,13128
2020-02-01 04:25,13128
2020-02-01 04:30,13174
2020-02-01 04:35,13074
2020-02-01 04:40,12981
2020-02-01 04:45,12985
2020-02-01 04:50,12914
2020-02-01 04:55,12829
2020-02-01 05:00,12604
2020-02-01 05:05,12576
2020-02-01 05:10,12576
2020-02-01 05:15,12441
2020-02-01 05:20,12359
2020-02-01 05:25,12234
2020-02-01 05:30,12127
2020-02-01 05:35,12031
2020-02-01 05:40,11872
2020-02-01 05:45,11701
2020-02-01 05:50,11546
2020-02-01 05:55,11364
2020-02-01 06:00,11066
2020-02-01 06:05,11066
2020-02-01 06:10,10717
2020-02-01 06:15,10542
2020-02-01 06:20,10542
2020-02-01 06:25,10413
2020-02-01 06:30,10103
2020-02-01 06:35,9887
2020-02-01 06:40,9767
2020-02-01 06:45,9616
2020-02-01 06:50,9616
2020-02-01 06:55,9445
2020-02-01 07:00,9274
2020-02-01 07:05,9056
2020-02-01 07:10,8848
2020-02-01 07:15,8680
2020-02-01 07:20,8450
2020-02-01 07:25,8358
2020-02-01 07:30,8329
2020-02-01 07:35,8222
2020-02-01 07:40,8066
2020-02-01 07:45,7963
2020-02-01 07:50,7896
2020-02-01 07:55,7799
2020-02-01 08:00,7692
2020-02-01 08:05,7578
2020-02-01 08:10,7515
2020-02-01 08:15,7416
2020-02-01 08:20,7387
2020-02-01 08:25,7221
2020-02-01 08:30,7110
2020-02-01 08:35,7011
2020-02-01 08:40,6992
2020-02-01 08:45,6922
2020-02-01 08:50,6868
2020-02-01 08:55,6813
2020-02-01 09:00,6684
2020-02-01 09:05,6684
2020-02-01 09:10,6642
2020-02-01 09:15,6494
2020-02-01 09:20,6393
2020-02-01 09:25,6370
2020-02-01 09:30,6316
2020-02-01 09:35,6289
2020-02-01 09:40,6294
2020-02-01 09:45,6238
2020-02-01 09:50,6237
2020-02-01 09:55,6235
2020-02-01 10:00,6226
2020-02-01 10:05,6288
2020-02-01 10:10,6303
2020-02-01 10:15,6341
2020-02-01 10:20,6371
2020-02-01 10:25,6409
2020-02-01 10:30,6466
2020-02-01 10:35,6546
2020-02-01 10:40,6629
2020-02-01 10:45,6667
2020-02-01 10:50,6704
2020-02-01 10:55,6734
2020-02-01 11:00,6850
2020-02-01 11:05,6850
2020-02-01 11:10,6866
2020-02-01 11:15,6922
2020-02-01 11:20,6996
2020-02-01 11:25,7039
2020-02-01 11:30,7099
2020-02-01 11:35,7175
2020-02-01 11:40,7233
2020-02-01 11:45,7380
2020-02-01 11:50,7480
2020-02-01 11:55,7537
2020-02-01 12:00,7631
2020-02-01 12:05,7723
2020-02-01 12:10,7845
2020-02-01 12:15,7935
2020-02-01 12:20,8006
2020-02-01 12:25,8047
2020-02-01 12:30,8126
2020-02-01 12:35,8239
2020-02-01 12:40,8280
2020-02-01 12:45,8333
2020-02-01 12:50,8423
2020-02-01 12:55,8493
2020-02-01 13:00,8612
2020-02-01 13:05,8659
2020-02-01 13:10,8693
2020-02-01 13:15,8736
2020-02-01 13:20,8842
2020-02-01 13:25,8904
2020-02-01 13:30,9029
2020-02-01 13:35,9100
2020-02-01 13:40,9177
2020-02-01 13:45,9297
2020-02-01 13:50,9407
2020-02-01 13:55,9429
2020-02-01 14:00,9548
2020-02-01 14:05,9665
2020-02-01 14:10,9670
2020-02-01 14:15,9772
2020-02-01 14:20,9840
2020-02-01 14:25,9924
2020-02-01 14:30,9972
2020-02-01 14:35,10070
2020-02-01 14:40,10183
2020-02-01 14:45,10316
2020-02-01 14:50,10426
2020-02-01 14:55,10495
2020-02-01 15:00,10567
2020-02-01 15:05,10594
2020-02-01 15:10,10573
2020-02-01 15:15,10710
2020-02-01 15:20,10735
2020-02-01 15:25,10839
2020-02-01 15:30,10890
2020-02-01 15:35,10901
2020-02-01 15:40,10969
2020-02-01 15:45,11081
2020-02-01 15:50,11147
2020-02-01 15:55,11260
2020-02-01 16:00,11366
2020-02-01 16:05,11509
2020-02-01 16:10,11511
2020-02-01 16:15,11581
2020-02-01 16:20,11752
2020-02-01 16:25,11828
2020-02-01 16:30,11968
2020-02-01 16:35,12121
2020-02-01 16:40,12261
2020-02-01 16:45,12361
2020-02-01 16:50,12512
2020-02-01 16:55,12645
2020-02-01 17:00,12745
2020-02-01 17:05,12889
2020-02-01 17:10,13039
2020-02-01 17:15,13169
2020-02-01 17:20,13331
2020-02-01 17:25,13473
2020-02-01 17:30,13543
2020-02-01 17:35,13725
2020-02-01 17:40,13890
2020-02-01 17:45,14035
2020-02-01 17:50,14167
2020-02-01 17:55,14264
2020-02-01 18:00,14464
2020-02-01 18:05,14575
2020-02-01 18:10,14651
2020-02-01 18:15,14726
2020-02-01 18:20,14834
2020-02-01 18:25,14918
2020-02-01 18:30,15018
2020-02-01 18:35,15066
2020-02-01 18:40,15089
2020-02-01 18:45,15229
2020-02-01 18:50,15379
2020-02-01 18:55,15439
2020-02-01 19:00,15530
2020-02-01 19:05,15596
2020-02-01 19:10,15674
2020-02-01 19:15,15663
2020-02-01 19:20,15643
2020-02-01 19:25,15766
2020-02-01 19:30,15865
2020-02-01 19:35,15928
2020-02-01 19:40,
2020-02-01 19:45,16032
2020-02-01 19:50,15232
2020-02-01 19:55,16249
2020-02-01 20:00,16343
2020-02-01 20:05,16429
2020-02-01 20:10,
2020-02-01 20:15,
2020-02-01 20:20,
2020-02-01 20:25,16652
2020-02-01 20:30,16804
2020-02-01 20:35,16814
2020-02-01 20:40,16843
2020-02-01 20:45,17009
2020-02-01 20:50,17118
2020-02-01 20:55,17131
2020-02-01 21:00,17205
2020-02-01 21:05,17243
2020-02-01 21:10,17301
2020-02-01 21:15,17363
2020-02-01 21:20,17348
2020-02-01 21:25,17389
2020-02-01 21:30,17485
2020-02-01 21:35,17459
2020-02-01 21:40,17418
2020-02-01 21:45,17455
2020-02-01 21:50,17474
2020-02-01 21:55,17450
2020-02-01 22:00,17423
2020-02-01 22:05,17405
2020-02-01 22:10,17301
2020-02-01 22:15,17227
2020-02-01 22:20,17152
2020-02-01 22:25,17018
2020-02-01 22:30,16915
2020-02-01 22:35,16843
2020-02-01 22:40,16741
2020-02-01 22:45,16736
2020-02-01 22:50,16707
2020-02-01 22:55,16554
2020-02-01 23:00,16559
2020-02-01 23:05,16431
2020-02-01 23:10,16371
2020-02-01 23:15,16281
2020-02-01 23:20,16174
2020-02-01 23:25,16018
2020-02-01 23:30,15878
2020-02-01 23:35,15821
2020-02-01 23:40,15740
2020-02-01 23:45,15626
2020-02-01 23:50,15584
2020-02-01 23:55,15540
2020-02-02 00:00,15482
2020-02-02 00:05,15332
2020-02-02 00:10,15210
2020-02-02 00:15,15069
2020-02-02 00:20,14996
2020-02-02 00:25,14929
2020-02-02 00:30,14829
2020-02-02 00:35,14738
2020-02-02 00:40,14693
2020-02-02 00:45,14582
2020-02-02 00:50,14544
2020-02-02 00:55,14498
2020-02-02 01:00,14445
2020-02-02 01:05,14340
2020-02-02 01:10,14295
2020-02-02 01:15,14291
2020-02-02 01:20,14244
2020-02-02 01:25,14204
2020-02-02 01:30,14121
2020-02-02 01:35,14118
2020-02-02 01:40,14119
2020-02-02 01:45,14096
2020-02-02 01:50,14120
2020-02-02 01:55,14071
2020-02-02 02:00,14103
2020-02-02 02:05,14066
2020-02-02 02:10,14068
2020-02-02 02:15,14129
2020-02-02 02:20,14088
2020-02-02 02:25,14109
2020-02-02 02:30,14197
2020-02-02 02:35,14166
2020-02-02 02:40,14129
2020-02-02 02:45,14061
2020-02-02 02:50,14125
2020-02-02 02:55,14142
2020-02-02 03:00,14193
2020-02-02 03:05,14181
2020-02-02 03:10,14163
2020-02-02 03:15,14143
2020-02-02 03:20,14111
2020-02-02 03:25,14046
2020-02-02 03:30,14013
2020-02-02 03:35,13980
2020-02-02 03:40,13966
2020-02-02 03:45,13979
2020-02-02 03:50,14018
2020-02-02 03:55,14022
2020-02-02 04:00,13974
2020-02-02 04:05,13903
2020-02-02 04:10,13913
2020-02-02 04:15,13821
2020-02-02 04:20,13776
2020-02-02 04:25,13760
2020-02-02 04:30,13657
2020-02-02 04:35,13555
2020-02-02 04:40,13520
2020-02-02 04:45,13451
2020-02-02 04:50,13388
2020-02-02 04:55,13250
2020-02-02 05:00,13199
2020-02-02 05:05,13093
2020-02-02 05:10,12890
2020-02-02 05:15,12782
2020-02-02 05:20,12683
2020-02-02 05:25,12627
2020-02-02 05:30,12540
2020-02-02 05:35,12384
2020-02-02 05:40,12208
2020-02-02 05:45,12104
2020-02-02 05:50,11984
2020-02-02 05:55,11892
2020-02-02 06:00,11784
2020-02-02 06:05,11555
2020-02-02 06:10,11351
2020-02-02 06:15,11186
2020-02-02 06:20,11018
2020-02-02 06:25,10886
2020-02-02 06:30,10698
2020-02-02 06:35,10538
2020-02-02 06:40,10396
2020-02-02 06:45,10234
2020-02-02 06:50,10100
2020-02-02 06:55,9951
2020-02-02 07:00,9765
2020-02-02 07:05,9589
2020-02-02 07:10,9407
2020-02-02 07:15,9280
2020-02-02 07:20,9141
2020-02-02 07:25,9007
2020-02-02 07:30,8832
2020-02-02 07:35,8673
2020-02-02 07:40,8546
2020-02-02 07:45,8458
2020-02-02 07:50,8330
2020-02-02 07:55,8161
2020-02-02 08:00,8070
2020-02-02 08:05,7953
2020-02-02 08:10,7894
2020-02-02 08:15,7822
2020-02-02 08:20,7726
2020-02-02 08:25,7681
2020-02-02 08:30,7631
2020-02-02 08:35,7570
2020-02-02 08:40,7493
2020-02-02 08:45,7379
2020-02-02 08:50,7331
2020-02-02 08:55,7258
2020-02-02 09:00,7183
2020-02-02 09:05,7116
2020-02-02 09:10,7067
2020-02-02 09:15,6943
2020-02-02 09:20,6888
2020-02-02 09:25,6885
2020-02-02 09:30,6863
2020-02-02 09:35,6838
2020-02-02 09:40,6808
2020-02-02 09:45,6762
2020-02-02 09:50,6742
2020-02-02 09:55,6750
2020-02-02 10:00,6773
2020-02-02 10:05,6798
2020-02-02 10:10,6900
2020-02-02 10:15,6963
2020-02-02 10:20,6986
2020-02-02 10:25,7012
2020-02-02 10:30,7039
2020-02-02 10:35,7105
2020-02-02 10:40,7208
2020-02-02 10:45,7255
2020-02-02 10:50,7376
2020-02-02 10:55,7473
2020-02-02 11:00,7487
2020-02-02 11:05,7532
2020-02-02 11:10,7548
2020-02-02 11:15,7664
2020-02-02 11:20,7714
2020-02-02 11:25,7788
2020-02-02 11:30,7956
2020-02-02 11:35,7956
2020-02-02 11:40,8023
2020-02-02 11:45,8130
2020-02-02 11:50,8250
2020-02-02 11:55,8313
2020-02-02 12:00,8414
2020-02-02 12:05,8500
2020-02-02 12:10,8630
2020-02-02 12:15,8678
2020-02-02 12:20,8730
2020-02-02 12:25,8756
2020-02-02 12:30,8806
2020-02-02 12:35,8905
2020-02-02 12:40,8942
2020-02-02 12:45,9042
2020-02-02 12:50,9120
2020-02-02 12:55,9158
2020-02-02 13:00,9208
2020-02-02 13:05,9307
2020-02-02 13:10,9424
2020-02-02 13:15,9466
2020-02-02 13:20,9492
2020-02-02 13:25,9565
2020-02-02 13:30,9648
2020-02-02 13:35,9734
2020-02-02 13:40,9808
2020-02-02 13:45,9946
2020-02-02 13:50,10089
2020-02-02 13:55,10170
2020-02-02 14:00,10287
2020-02-02 14:05,10406
2020-02-02 14:10,10506
2020-02-02 14:15,10581
2020-02-02 14:20,10671
2020-02-02 14:25,10782
2020-02-02 14:30,10871
2020-02-02 14:35,10982
2020-02-02 14:40,11050
2020-02-02 14:45,11183
2020-02-02 14:50,11305
2020-02-02 14:55,11405
2020-02-02 15:00,11523
2020-02-02 15:05,11623
2020-02-02 15:10,11725
2020-02-02 15:15,11859
2020-02-02 15:20,11930
2020-02-02 15:25,12029
2020-02-02 15:30,12148
2020-02-02 15:35,12258
2020-02-02 15:40,12403
2020-02-02 15:45,12523
2020-02-02 15:50,12592
2020-02-02 15:55,12668
2020-02-02 16:00,12796
2020-02-02 16:05,12894
2020-02-02 16:10,12916
2020-02-02 16:15,13082
2020-02-02 16:20,13272
2020-02-02 16:25,13372
2020-02-02 16:30,13551
2020-02-02 16:35,13645
2020-02-02 16:40,13723
2020-02-02 16:45,13848
2020-02-02 16:50,13991
2020-02-02 16:55,14073
2020-02-02 17:00,14189
2020-02-02 17:05,14298
2020-02-02 17:10,14477
2020-02-02 17:15,14595
2020-02-02 17:20,14712
2020-02-02 17:25,14851
2020-02-02 17:30,14978
2020-02-02 17:35,15070
2020-02-02 17:40,15218
2020-02-02 17:45,15431
2020-02-02 17:50,15607
2020-02-02 17:55,15728
2020-02-02 18:00,15937
2020-02-02 18:05,16109
2020-02-02 18:10,16223
2020-02-02 18:15,16285
2020-02-02 18:20,16352
2020-02-02 18:25,16468
2020-02-02 18:30,16576
2020-02-02 18:35,16661
2020-02-02 18:40,16826
2020-02-02 18:45,16958
2020-02-02 18:50,17049
2020-02-02 18:55,17095
2020-02-02 19:00,17205
2020-02-02 19:05,17261
2020-02-02 19:10,17299
2020-02-02 19:15,17394
2020-02-02 19:20,17511
2020-02-02 19:25,17570
2020-02-02 19:30,17629
2020-02-02 19:35,17803
2020-02-02 19:40,17925
2020-02-02 19:45,18068
2020-02-02 19:50,18139
2020-02-02 19:55,18252
2020-02-02 20:00,18301
2020-02-02 20:05,18328
2020-02-02 20:10,18354
2020-02-02 20:15,18450
2020-02-02 20:20,18449
2020-02-02 20:25,18371
2020-02-02 20:30,18372
2020-02-02 20:35,18346
2020-02-02 20:40,18295
2020-02-02 20:45,18297
2020-02-02 20:50,18243
2020-02-02 20:55,18274
2020-02-02 21:00,18269
2020-02-02 21:05,18126
2020-02-02 21:10,18078
2020-02-02 21:15,18040
2020-02-02 21:20,17913
2020-02-02 21:25,17803
2020-02-02 21:30,17773
2020-02-02 21:35,17601
2020-02-02 21:40,17560
2020-02-02 21:45,17381
2020-02-02 21:50,17234
2020-02-02 21:55,17144
2020-02-02 22:00,16986
2020-02-02 22:05,16849
2020-02-02 22:10,16688
2020-02-02 22:15,16545
2020-02-02 22:20,16473
2020-02-02 22:25,16281
2020-02-02 22:30,16138
2020-02-02 22:35,16024
2020-02-02 22:40,15875
2020-02-02 22:45,15720
2020-02-02 22:50,15524
2020-02-02 22:55,15354
2020-02-02 23:00,15177
2020-02-02 23:05,14983
2020-02-02 23:10,14810
2020-02-02 23:15,14515
2020-02-02 23:20,14374
2020-02-02 23:25,14156
2020-02-02 23:30,14014
2020-02-02 23:35,13868
2020-02-02 23:40,13807
2020-02-02 23:45,13644
2020-02-02 23:50,13572
2020-02-02 23:55,13464
2020-02-03 00:00,13351
2020-02-03 00:05,13253
2020-02-03 00:10,13106
2020-02-03 00:15,13023
2020-02-03 00:20,12990
2020-02-03 00:25,12893
2020-02-03 00:30,12828
2020-02-03 00:35,12763
2020-02-03 00:40,12748
2020-02-03 00:45,12674
2020-02-03 00:50,12612
2020-02-03 00:55,12603
2020-02-03 01:00,12657
2020-02-03 01:05,12606
2020-02-03 01:10,12625
2020-02-03 01:15,12645
2020-02-03 01:20,12619
2020-02-03 01:25,12638
2020-02-03 01:30,12658
2020-02-03 01:35,12579
2020-02-03 01:40,12646
2020-02-03 01:45,12741
2020-02-03 01:50,12776
2020-02-03 01:55,12749
2020-02-03 02:00,12728
2020-02-03 02:05,12685
2020-02-03 02:10,12635
2020-02-03 02:15,12601
2020-02-03 02:20,12541
2020-02-03 02:25,12561
2020-02-03 02:30,12522
2020-02-03 02:35,12437
2020-02-03 02:40,12383
2020-02-03 02:45,12327
2020-02-03 02:50,12269
2020-02-03 02:55,12172
2020-02-03 03:00,12120
2020-02-03 03:05,12026
2020-02-03 03:10,11932
2020-02-03 03:15,11970
2020-02-03 03:20,11962
2020-02-03 03:25,11907
2020-02-03 03:30,11959
2020-02-03 03:35,11954
2020-02-03 03:40,11986
2020-02-03 03:45,11992
2020-02-03 03:50,12027
2020-02-03 03:55,11992
2020-02-03 04:00,11942
2020-02-03 04:05,11906
2020-02-03 04:10,11836
2020-02-03 04:15,11752
2020-02-03 04:20,11727
2020-02-03 04:25,11625
2020-02-03 04:30,11597
2020-02-03 04:35,11541
2020-02-03 04:40,11449
2020-02-03 04:45,11324
2020-02-03 04:50,11240
2020-02-03 04:55,11074
2020-02-03 05:00,10998
2020-02-03 05:05,10800
2020-02-03 05:10,10686
2020-02-03 05:15,10564
2020-02-03 05:20,10346
2020-02-03 05:25,10212
2020-02-03 05:30,10046
2020-02-03 05:35,9950
2020-02-03 05:40,9876
2020-02-03 05:45,9691
2020-02-03 05:50,9558
2020-02-03 05:55,9393
2020-02-03 06:00,9203
2020-02-03 06:05,9026
2020-02-03 06:10,8873
2020-02-03 06:15,8697
2020-02-03 06:20,8555
2020-02-03 06:25,8356
2020-02-03 06:30,8186
2020-02-03 06:35,7994
2020-02-03 06:40,7850
2020-02-03 06:45,7665
2020-02-03 06:50,7512
2020-02-03 06:55,7378
2020-02-03 07:00,7230
2020-02-03 07:05,7077
2020-02-03 07:10,6918
2020-02-03 07:15,6776
2020-02-03 07:20,6634
2020-02-03 07:25,6523
2020-02-03 07:30,6393
2020-02-03 07:35,6255
2020-02-03 07:40,6136
2020-02-03 07:45,6028
2020-02-03 07:50,5914
2020-02-03 07:55,5848
2020-02-03 08:00,5802
2020-02-03 08:05,5696
2020-02-03 08:10,5616
2020-02-03 08:15,5526
2020-02-03 08:20,5457
2020-02-03 08:25,5409
2020-02-03 08:30,5354
2020-02-03 08:35,5292
2020-02-03 08:40,5232
2020-02-03 08:45,5141
2020-02-03 08:50,5064
2020-02-03 08:55,4970
2020-02-03 09:00,4946
2020-02-03 09:05,4926
2020-02-03 09:10,4917
2020-02-03 09:15,4902
2020-02-03 09:20,4869
2020-02-03 09:25,4857
2020-02-03 09:30,4823
2020-02-03 09:35,4822
2020-02-03 09:40,4800
2020-02-03 09:45,4802
2020-02-03 09:50,4793
2020-02-03 09:55,4777
2020-02-03 10:00,4793
2020-02-03 10:05,4823
2020-02-03 10:10,4852
2020-02-03 10:15,4822
2020-02-03 10:20,4809
2020-02-03 10:25,4853
2020-02-03 10:30,4873
2020-02-03 10:35,4886
2020-02-03 10:40,4910
2020-02-03 10:45,4945
2020-02-03 10:50,4941
2020-02-03 10:55,4957
2020-02-03 11:00,5020
2020-02-03 11:05,5044
2020-02-03 11:10,5092
2020-02-03 11:15,5173
2020-02-03 11:20,5202
2020-02-03 11:25,5252
2020-02-03 11:30,
2020-02-03 11:35,
2020-02-03 11:40,
2020-02-03 11:45,
2020-02-03 11:50,
2020-02-03 11:55,
2020-02-03 12:00,5215
2020-02-03 12:05,5383
2020-02-03 12:10,5501
2020-02-03 12:15,5564
2020-02-03 12:20,5659
2020-02-03 12:25,5744
2020-02-03 12:30,5812
2020-02-03 12:35,5898
2020-02-03 12:40,5924
2020-02-03 12:45,6007
2020-02-03 12:50,6057
2020-02-03 12:55,6169
2020-02-03 13:00,6219
2020-02-03 13:05,6276
2020-02-03 13:10,6320
2020-02-03 13:15,6374
2020-02-03 13:20,6421
2020-02-03 13:25,6570
2020-02-03 13:30,6600
2020-02-03 13:35,6721
2020-02-03 13:40,6767
2020-02-03 13:45,6844
2020-02-03 13:50,6954
2020-02-03 13:55,7037
2020-02-03 14:00,7091
2020-02-03 14:05,7120
2020-02-03 14:10,7204
2020-02-03 14:15,7323
2020-02-03 14:20,7436
2020-02-03 14:25,7524
2020-02-03 14:30,7588
2020-02-03 14:35,7688
2020-02-03 14:40,7774
2020-02-03 14:45,7877
2020-02-03 14:50,7958
2020-02-03 14:55,8023
2020-02-03 15:00,8093
2020-02-03 15:05,8216
2020-02-03 15:10,8350
2020-02-03 15:15,8480
2020-02-03 15:20,8509
2020-02-03 15:25,8582
2020-02-03 15:30,8698
2020-02-03 15:35,8767
2020-02-03 15:40,8846
2020-02-03 15:45,8992
2020-02-03 15:50,9091
2020-02-03 15:55,9173
2020-02-03 16:00,9246
2020-02-03 16:05,9263
2020-02-03 16:10,9357
2020-02-03 16:15,9418
2020-02-03 16:20,9479
2020-02-03 16:25,9652
2020-02-03 16:30,9794
2020-02-03 16:35,9985
2020-02-03 16:40,10088
2020-02-03 16:45,10232
2020-02-03 16:50,10262
2020-02-03 16:55,10381
2020-02-03 17:00,10454
2020-02-03 17:05,10601
2020-02-03 17:10,10767
2020-02-03 17:15,10944
2020-02-03 17:20,11087
2020-02-03 17:25,11178
2020-02-03 17:30,11259
2020-02-03 17:35,11369
2020-02-03 17:40,11505
2020-02-03 17:45,11585
2020-02-03 17:50,11706
2020-02-03 17:55,11786
2020-02-03 18:00,11968
2020-02-03 18:05,12103
2020-02-03 18:10,12291
2020-02-03 18:15,12459
2020-02-03 18:20,12529
2020-02-03 18:25,12640
2020-02-03 18:30,12719
2020-02-03 18:35,12814
2020-02-03 18:40,12990
2020-02-03 18:45,13069
2020-02-03 18:50,13193
2020-02-03 18:55,13286
2020-02-03 19:00,13423
2020-02-03 19:05,13428
2020-02-03 19:10,13490
2020-02-03 19:15,13632
2020-02-03 19:20,13735
2020-02-03 19:25,13825
2020-02-03 19:30,13896
2020-02-03 19:35,14007
2020-02-03 19:40,14126
2020-02-03 19:45,14242
2020-02-03 19:50,14313
2020-02-03 19:55,14415
2020-02-03 20:00,14486
2020-02-03 20:05,14502
2020-02-03 20:10,14532
2020-02-03 20:15,14568
2020-02-03 20:20,14589
2020-02-03 20:25,14688
2020-02-03 20:30,14697
2020-02-03 20:35,14808
2020-02-03 20:40,14772
2020-02-03 20:45,14780
2020-02-03 20:50,14821
2020-02-03 20:55,14912
2020-02-03 21:00,14924
2020-02-03 21:05,14771
2020-02-03 21:10,14727
2020-02-03 21:15,14661
2020-02-03 21:20,14689
2020-02-03 21:25,14493
2020-02-03 21:30,14495
2020-02-03 21:35,14451
2020-02-03 21:40,14421
2020-02-03 21:45,
2020-02-03 21:50,
2020-02-03 21:55,6927
2020-02-03 22:00,13521
2020-02-03 22:05,14025
2020-02-03 22:10,13916
2020-02-03 22:15,13975
2020-02-03 22:20,13998
2020-02-03 22:25,13907
2020-02-03 22:30,13893
2020-02-03 22:35,13820
2020-02-03 22:40,13851
2020-02-03 22:45,13836
2020-02-03 22:50,13767
2020-02-03 22:55,13722
2020-02-03 23:00,13651
2020-02-03 23:05,13509
2020-02-03 23:10,13484
2020-02-03 23:15,13362
2020-02-03 23:20,13272
2020-02-03 23:25,13200
2020-02-03 23:30,13179
2020-02-03 23:35,13163
2020-02-03 23:40,13158
2020-02-03 23:45,13211
2020-02-03 23:50,13126
2020-02-03 23:55,13136
2020-02-04 00:00,13096
2020-02-04 00:05,13113
2020-02-04 00:10,13070
2020-02-04 00:15,13042
2020-02-04 00:20,13057
2020-02-04 00:25,13086
2020-02-04 00:30,13080
2020-02-04 00:35,13102
2020-02-04 00:40,13118
2020-02-04 00:45,13133
2020-02-04 00:50,13085
2020-02-04 00:55,13116
2020-02-04 01:00,13115
2020-02-04 01:05,13076
2020-02-04 01:10,13093
2020-02-04 01:15,13139
2020-02-04 01:20,13161
2020-02-04 01:25,13232
2020-02-04 01:30,13224
2020-02-04 01:35,13236
2020-02-04 01:40,13297
2020-02-04 01:45,13366
2020-02-04 01:50,13382
2020-02-04 01:55,13396
2020-02-04 02:00,13397
2020-02-04 02:05,13462
2020-02-04 02:10,13439
2020-02-04 02:15,13475
2020-02-04 02:20,13524
2020-02-04 02:25,13539
2020-02-04 02:30,13575
2020-02-04 02:35,13545
2020-02-04 02:40,13446
2020-02-04 02:45,13387
2020-02-04 02:50,13385
2020-02-04 02:55,13327
2020-02-04 03:00,13314
2020-02-04 03:05,13266
2020-02-04 03:10,13147
2020-02-04 03:15,13100
2020-02-04 03:20,13077
2020-02-04 03:25,13008
2020-02-04 03:30,12876
2020-02-04 03:35,12788
2020-02-04 03:40,12768
2020-02-04 03:45,12617
2020-02-04 03:50,12512
2020-02-04 03:55,12412
2020-02-04 04:00,12307
2020-02-04 04:05,12161
2020-02-04 04:10,12050
2020-02-04 04:15,11828
2020-02-04 04:20,11690
2020-02-04 04:25,11531
2020-02-04 04:30,11398
2020-02-04 04:35,11214
2020-02-04 04:40,11011
2020-02-04 04:45,10853
2020-02-04 04:50,10700
2020-02-04 04:55,10557
2020-02-04 05:00,10463
2020-02-04 05:05,10303
2020-02-04 05:10,10092
2020-02-04 05:15,9933
2020-02-04 05:20,9724
2020-02-04 05:25,9570
2020-02-04 05:30,9358
2020-02-04 05:35,9102
2020-02-04 05:40,8973
2020-02-04 05:45,8794
2020-02-04 05:50,8621
2020-02-04 05:55,8434
2020-02-04 06:00,8275
2020-02-04 06:05,8125
2020-02-04 06:10,7929
2020-02-04 06:15,7783
2020-02-04 06:20,7565
2020-02-04 06:25,7442
2020-02-04 06:30,7334
2020-02-04 06:35,7203
2020-02-04 06:40,7094
2020-02-04 06:45,6963
2020-02-04 06:50,6805
2020-02-04 06:55,6718
2020-02-04 07:00,6587
2020-02-04 07:05,6440
2020-02-04 07:10,6335
2020-02-04 07:15,6253
2020-02-04 07:20,6150
2020-02-04 07:25,6004
2020-02-04 07:30,5918
2020-02-04 07:35,5822
2020-02-04 07:40,5719
2020-02-04 07:45,5664
2020-02-04 07:50,5575
2020-02-04 07:55,5445
2020-02-04 08:00,5370
2020-02-04 08:05,5357
2020-02-04 08:10,5338
2020-02-04 08:15,5240
2020-02-04 08:20,5166
2020-02-04 08:25,5120
2020-02-04 08:30,5088
2020-02-04 08:35,5040
2020-02-04 08:40,4997
2020-02-04 08:45,4965
2020-02-04 08:50,4915
2020-02-04 08:55,4854
2020-02-04 09:00,4802
2020-02-04 09:05,4723
2020-02-04 09:10,4756
2020-02-04 09:15,4771
2020-02-04 09:20,4746
2020-02-04 09:25,4747
2020-02-04 09:30,4753
2020-02-04 09:35,4777
2020-02-04 09:40,4796
2020-02-04 09:45,4792
2020-02-04 09:50,4794
2020-02-04 09:55,4810
2020-02-04 10:00,4772
2020-02-04 10:05,4726
2020-02-04 10:10,4717
2020-02-04 10:15,4750
2020-02-04 10:20,4778
2020-02-04 10:25,4794
2020-02-04 10:30,4820
2020-02-04 10:35,4826
2020-02-04 10:40,4819
2020-02-04 10:45,4848
2020-02-04 10:50,4893
2020-02-04 10:55,4913
2020-02-04 11:00,4954
2020-02-04 11:05,4973
2020-02-04 11:10,5037
2020-02-04 11:15,5081
2020-02-04 11:20,5120
2020-02-04 11:25,5128
2020-02-04 11:30,5150
2020-02-04 11:35,5203
2020-02-04 11:40,5282
2020-02-04 11:45,5356
2020-02-04 11:50,5366
2020-02-04 11:55,5431
2020-02-04 12:00,5503
2020-02-04 12:05,5574
2020-02-04 12:10,5636
2020-02-04 12:15,5673
2020-02-04 12:20,5746
2020-02-04 12:25,5832
2020-02-04 12:30,5880
2020-02-04 12:35,5922
2020-02-04 12:40,6001
2020-02-04 12:45,6029
2020-02-04 12:50,6081
2020-02-04 12:55,6073
2020-02-04 13:00,6109
2020-02-04 13:05,6203
2020-02-04 13:10,6232
2020-02-04 13:15,6324
2020-02-04 13:20,6401
2020-02-04 13:25,6483
2020-02-04 13:30,6552
2020-02-04 13:35,6651
2020-02-04 13:40,6702
2020-02-04 13:45,6809
2020-02-04 13:50,6883
2020-02-04 13:55,6985
2020-02-04 14:00,7028
2020-02-04 14:05,7135
2020-02-04 14:10,7206
2020-02-04 14:15,7273
2020-02-04 14:20,7349
2020-02-04 14:25,7456
2020-02-04 14:30,7515
2020-02-04 14:35,7589
2020-02-04 14:40,7701
2020-02-04 14:45,7824
2020-02-04 14:50,7895
2020-02-04 14:55,8034
2020-02-04 15:00,8118
2020-02-04 15:05,8191
2020-02-04 15:10,8269
2020-02-04 15:15,8346
2020-02-04 15:20,8440
2020-02-04 15:25,8556
2020-02-04 15:30,8642
2020-02-04 15:35,8728
2020-02-04 15:40,8831
2020-02-04 15:45,8945
2020-02-04 15:50,9038
2020-02-04 15:55,9135
2020-02-04 16:00,9266
2020-02-04 16:05,9315
2020-02-04 16:10,9434
2020-02-04 16:15,9564
2020-02-04 16:20,9653
2020-02-04 16:25,9755
2020-02-04 16:30,9844
2020-02-04 16:35,9965
2020-02-04 16:40,10086
2020-02-04 16:45,10173
2020-02-04 16:50,10231
2020-02-04 16:55,10382
2020-02-04 17:00,10489
2020-02-04 17:05,10604
2020-02-04 17:10,10656
2020-02-04 17:15,10832
2020-02-04 17:20,11007
2020-02-04 17:25,11151
2020-02-04 17:30,11254
2020-02-04 17:35,11321
2020-02-04 17:40,11440
2020-02-04 17:45,11572
2020-02-04 17:50,11684
2020-02-04 17:55,11717
2020-02-04 18:00,11767
2020-02-04 18:05,11950
2020-02-04 18:10,12064
2020-02-04 18:15,12144
2020-02-04 18:20,12260
2020-02-04 18:25,12377
2020-02-04 18:30,12432
2020-02-04 18:35,12532
2020-02-04 18:40,12611
2020-02-04 18:45,12744
2020-02-04 18:50,12827
2020-02-04 18:55,12890
2020-02-04 19:00,13034
2020-02-04 19:05,13072
2020-02-04 19:10,13196
2020-02-04 19:15,13258
2020-02-04 19:20,0
2020-02-04 19:25,13425
2020-02-04 19:30,13507
2020-02-04 19:35,13574
2020-02-04 19:40,13579
2020-02-04 19:45,13688
2020-02-04 19:50,13737
2020-02-04 19:55,13731
2020-02-04 20:00,13762
2020-02-04 20:05,13772
2020-02-04 20:10,13757
2020-02-04 20:15,13843
2020-02-04 20:20,13892
2020-02-04 20:25,13979
2020-02-04 20:30,14000
2020-02-04 20:35,13998
2020-02-04 20:40,14128
2020-02-04 20:45,14175
2020-02-04 20:50,14245
2020-02-04 20:55,14245
2020-02-04 21:00,14240
2020-02-04 21:05,14224
2020-02-04 21:10,14183
2020-02-04 21:15,14093
2020-02-04 21:20,14107
2020-02-04 21:25,14152
2020-02-04 21:30,14200
2020-02-04 21:35,14110
2020-02-04 21:40,14078
2020-02-04 21:45,14008
2020-02-04 21:50,13932
2020-02-04 21:55,13849
2020-02-04 22:00,13828
2020-02-04 22:05,13783
2020-02-04 22:10,13817
2020-02-04 22:15,13729
2020-02-04 22:20,13599
2020-02-04 22:25,13486
2020-02-04 22:30,13496
2020-02-04 22:35,13410
2020-02-04 22:40,13299
2020-02-04 22:45,13255
2020-02-04 22:50,13165
2020-02-04 22:55,13041
2020-02-04 23:00,12948
2020-02-04 23:05,12878
2020-02-04 23:10,0
2020-02-04 23:15,922
2020-02-04 23:20,11709
2020-02-04 23:25,12466
2020-02-04 23:30,12546
2020-02-04 23:35,12589
2020-02-04 23:40,12613
2020-02-04 23:45,12608
2020-02-04 23:50,12542
2020-02-04 23:55,0
2020-02-05 00:00,2663
2020-02-05 00:05,11938
2020-02-05 00:10,12420
2020-02-05 00:15,12390
2020-02-05 00:20,12374
2020-02-05 00:25,12393
2020-02-05 00:30,12432
2020-02-05 00:35,12510
2020-02-05 00:40,12521
2020-02-05 00:45,12510
2020-02-05 00:50,12564
2020-02-05 00:55,12595
2020-02-05 01:00,12666
2020-02-05 01:05,12727
2020-02-05 01:10,12695
2020-02-05 01:15,12767
2020-02-05 01:20,12795
2020-02-05 01:25,12737
2020-02-05 01:30,12719
2020-02-05 01:35,12754
2020-02-05 01:40,12733
2020-02-05 01:45,12726
2020-02-05 01:50,12680
2020-02-05 01:55,12738
2020-02-05 02:00,12770
2020-02-05 02:05,12743
2020-02-05 02:10,12766
2020-02-05 02:15,12802
2020-02-05 02:20,12869
2020-02-05 02:25,12837
2020-02-05 02:30,12850
2020-02-05 02:35,12832
2020-02-05 02:40,12795
2020-02-05 02:45,12745
2020-02-05 02:50,12675
2020-02-05 02:55,12592
2020-02-05 03:00,12609
2020-02-05 03:05,12528
2020-02-05 03:10,12459
2020-02-05 03:15,12404
2020-02-05 03:20,12335
2020-02-05 03:25,12245
2020-02-05 03:30,12167
2020-02-05 03:35,12126
2020-02-05 03:40,12082
2020-02-05 03:45,11957
2020-02-05 03:50,11884
2020-02-05 03:55,11838
2020-02-05 04:00,11699
2020-02-05 04:05,11600
2020-02-05 04:10,11468
2020-02-05 04:15,11351
2020-02-05 04:20,11233
2020-02-05 04:25,11051
2020-02-05 04:30,10877
2020-02-05 04:35,10765
2020-02-05 04:40,10696
2020-02-05 04:45,10554
2020-02-05 04:50,10460
2020-02-05 04:55,10319
2020-02-05 05:00,10159
2020-02-05 05:05,9958
2020-02-05 05:10,9776
2020-02-05 05:15,9578
2020-02-05 05:20,9366
2020-02-05 05:25,9223
2020-02-05 05:30,9062
2020-02-05 05:35,8931
2020-02-05 05:40,8805
2020-02-05 05:45,8651
2020-02-05 05:50,8517
2020-02-05 05:55,8382
2020-02-05 06:00,8239
2020-02-05 06:05,7990
2020-02-05 06:10,7806
2020-02-05 06:15,7665
2020-02-05 06:20,7548
2020-02-05 06:25,7438
2020-02-05 06:30,7276
2020-02-05 06:35,7100
2020-02-05 06:40,6953
2020-02-05 06:45,6752
2020-02-05 06:50,6563
2020-02-05 06:55,6424
2020-02-05 07:00,6312
2020-02-05 07:05,6174
2020-02-05 07:10,6114
2020-02-05 07:15,6060
2020-02-05 07:20,5949
2020-02-05 07:25,5889
2020-02-05 07:30,5840
2020-02-05 07:35,5763
2020-02-05 07:40,5668
2020-02-05 07:45,5577
2020-02-05 07:50,5537
2020-02-05 07:55,5524
2020-02-05 08:00,5382
2020-02-05 08:05,5323
2020-02-05 08:10,5213
2020-02-05 08:15,5162
2020-02-05 08:20,5118
2020-02-05 08:25,5079
2020-02-05 08:30,5034
2020-02-05 08:35,5011
2020-02-05 08:40,4990
2020-02-05 08:45,4955
2020-02-05 08:50,4916
2020-02-05 08:55,4907
2020-02-05 09:00,4918
2020-02-05 09:05,4921
2020-02-05 09:10,4887
2020-02-05 09:15,4895
2020-02-05 09:20,4856
2020-02-05 09:25,4821
2020-02-05 09:30,4844
2020-02-05 09:35,4843
2020-02-05 09:40,4838
2020-02-05 09:45,4802
2020-02-05 09:50,4844
2020-02-05 09:55,4857
2020-02-05 10:00,4848
2020-02-05 10:05,4857
2020-02-05 10:10,4883
2020-02-05 10:15,4876
2020-02-05 10:20,4939
2020-02-05 10:25,4970
2020-02-05 10:30,5000
2020-02-05 10:35,5025
2020-02-05 10:40,5000
2020-02-05 10:45,5018
2020-02-05 10:50,5034
2020-02-05 10:55,5097
2020-02-05 11:00,5123
2020-02-05 11:05,5105
2020-02-05 11:10,5080
2020-02-05 11:15,5070
2020-02-05 11:20,5110
2020-02-05 11:25,5199
2020-02-05 11:30,5193
2020-02-05 11:35,5201
2020-02-05 11:40,5259
2020-02-05 11:45,5287
2020-02-05 11:50,5329
2020-02-05 11:55,5346
2020-02-05 12:00,5408
2020-02-05 12:05,5417
2020-02-05 12:10,5468
2020-02-05 12:15,5499
2020-02-05 12:20,5570
2020-02-05 12:25,5630
2020-02-05 12:30,5686
2020-02-05 12:35,5762
2020-02-05 12:40,5890
2020-02-05 12:45,5911
2020-02-05 12:50,6018
2020-02-05 12:55,6003
2020-02-05 13:00,6047
2020-02-05 13:05,6170
2020-02-05 13:10,6169
2020-02-05 13:15,6268
2020-02-05 13:20,6342
2020-02-05 13:25,6447
2020-02-05 13:30,6526
2020-02-05 13:35,6637
2020-02-05 13:40,6709
2020-02-05 13:45,6805
2020-02-05 13:50,6847
2020-02-05 13:55,6979
2020-02-05 14:00,7005
2020-02-05 14:05,7059
2020-02-05 14:10,7160
2020-02-05 14:15,7217
2020-02-05 14:20,7332
2020-02-05 14:25,7393
2020-02-05 14:30,7486
2020-02-05 14:35,7555
2020-02-05 14:40,7617
2020-02-05 14:45,7718
2020-02-05 14:50,7807
2020-02-05 14:55,7847
2020-02-05 15:00,7968
2020-02-05 15:05,8048
2020-02-05 15:10,8205
2020-02-05 15:15,8307
2020-02-05 15:20,8368
2020-02-05 15:25,8489
2020-02-05 15:30,8579
2020-02-05 15:35,8628
2020-02-05 15:40,8739
2020-02-05 15:45,8805
2020-02-05 15:50,8870
2020-02-05 15:55,8971
2020-02-05 16:00,9078
2020-02-05 16:05,9197
2020-02-05 16:10,9281
2020-02-05 16:15,9432
2020-02-05 16:20,9554
2020-02-05 16:25,9569
2020-02-05 16:30,9646
2020-02-05 16:35,9708
2020-02-05 16:40,9843
2020-02-05 16:45,9957
2020-02-05 16:50,10059
2020-02-05 16:55,10186
2020-02-05 17:00,10325
2020-02-05 17:05,10450
2020-02-05 17:10,10524
2020-02-05 17:15,10619
2020-02-05 17:20,10760
2020-02-05 17:25,10941
2020-02-05 17:30,11107
2020-02-05 17:35,11223
2020-02-05 17:40,11349
2020-02-05 17:45,11428
2020-02-05 17:50,11583
2020-02-05 17:55,11690
2020-02-05 18:00,11837
2020-02-05 18:05,11903
2020-02-05 18:10,12007
2020-02-05 18:15,12136
2020-02-05 18:20,12285
2020-02-05 18:25,12373
2020-02-05 18:30,12492
2020-02-05 18:35,12604
2020-02-05 18:40,12709
2020-02-05 18:45,12745
2020-02-05 18:50,12830
2020-02-05 18:55,12932
2020-02-05 19:00,13037
2020-02-05 19:05,13204
2020-02-05 19:10,13289
2020-02-05 19:15,13339
2020-02-05 19:20,13466
2020-02-05 19:25,13543
2020-02-05 19:30,13635
2020-02-05 19:35,13703
2020-02-05 19:40,13666
2020-02-05 19:45,13689
2020-02-05 19:50,13693
2020-02-05 19:55,13726
2020-02-05 20:00,13786
2020-02-05 20:05,13728
2020-02-05 20:10,13748
2020-02-05 20:15,13811
2020-02-05 20:20,13797
2020-02-05 20:25,13881
2020-02-05 20:30,13917
2020-02-05 20:35,13999
2020-02-05 20:40,14119
2020-02-05 20:45,14063
2020-02-05 20:50,13988
2020-02-05 20:55,14043
2020-02-05 21:00,14054
2020-02-05 21:05,14047
2020-02-05 21:10,13998
2020-02-05 21:15,13962
2020-02-05 21:20,14030
2020-02-05 21:25,14029
2020-02-05 21:30,14000
2020-02-05 21:35,13910
2020-02-05 21:40,13954
2020-02-05 21:45,13917
2020-02-05 21:50,13909
2020-02-05 21:55,13918
2020-02-05 22:00,13949
2020-02-05 22:05,13955
2020-02-05 22:10,13887
2020-02-05 22:15,13879
2020-02-05 22:20,13740
2020-02-05 22:25,13668
2020-02-05 22:30,13637
2020-02-05 22:35,13591
2020-02-05 22:40,13527
2020-02-05 22:45,13481
2020-02-05 22:50,13213
2020-02-05 22:55,13248
2020-02-05 23:00,13169
2020-02-05 23:05,13101
2020-02-05 23:10,13047
2020-02-05 23:15,12990
2020-02-05 23:20,12913
2020-02-05 23:25,12890
2020-02-05 23:30,12806
2020-02-05 23:35,12796
2020-02-05 23:40,12762
2020-02-05 23:45,12725
2020-02-05 23:50,12678
2020-02-05 23:55,12616
2020-02-06 00:00,12577
2020-02-06 00:05,12584
2020-02-06 00:10,12595
2020-02-06 00:15,12531
2020-02-06 00:20,12440
2020-02-06 00:25,12436
2020-02-06 00:30,12438
2020-02-06 00:35,12381
2020-02-06 00:40,12364
2020-02-06 00:45,12406
2020-02-06 00:50,12471
2020-02-06 00:55,12548
2020-02-06 01:00,12584
2020-02-06 01:05,12589
2020-02-06 01:10,12635
2020-02-06 01:15,12717
2020-02-06 01:20,12765
2020-02-06 01:25,12882
2020-02-06 01:30,12933
2020-02-06 01:35,13045
2020-02-06 01:40,12854
2020-02-06 01:45,13174
2020-02-06 01:50,13138
2020-02-06 01:55,13194
2020-02-06 02:00,13044
2020-02-06 02:05,13135
2020-02-06 02:10,13129
2020-02-06 02:15,13092
2020-02-06 02:20,13170
2020-02-06 02:25,13206
2020-02-06 02:30,13111
2020-02-06 02:35,13083
2020-02-06 02:40,13121
2020-02-06 02:45,13121
2020-02-06 02:50,13137
2020-02-06 02:55,13161
2020-02-06 03:00,13148
2020-02-06 03:05,13064
2020-02-06 03:10,12984
2020-02-06 03:15,12976
2020-02-06 03:20,12897
2020-02-06 03:25,12847
2020-02-06 03:30,12731
2020-02-06 03:35,12630
2020-02-06 03:40,12519
2020-02-06 03:45,12386
2020-02-06 03:50,12269
2020-02-06 03:55,12142
2020-02-06 04:00,12065
2020-02-06 04:05,11933
2020-02-06 04:10,11848
2020-02-06 04:15,11623
2020-02-06 04:20,11504
2020-02-06 04:25,11343
2020-02-06 04:30,11189
2020-02-06 04:35,11032
2020-02-06 04:40,10880
2020-02-06 04:45,10763
2020-02-06 04:50,10622
2020-02-06 04:55,10463
2020-02-06 05:00,10340
2020-02-06 05:05,10156
2020-02-06 05:10,9952
2020-02-06 05:15,9723
2020-02-06 05:20,9608
2020-02-06 05:25,9411
2020-02-06 05:30,9181
2020-02-06 05:35,9079
2020-02-06 05:40,8985
2020-02-06 05:45,8817
2020-02-06 05:50,8675
2020-02-06 05:55,8575
2020-02-06 06:00,8391
2020-02-06 06:05,8204
2020-02-06 06:10,8031
2020-02-06 06:15,7892
2020-02-06 06:20,7767
2020-02-06 06:25,7625
2020-02-06 06:30,7531
2020-02-06 06:35,7381
2020-02-06 06:40,7287
2020-02-06 06:45,7165
2020-02-06 06:50,6988
2020-02-06 06:55,6878
2020-02-06 07:00,6697
2020-02-06 07:05,6565
2020-02-06 07:10,6423
2020-02-06 07:15,6316
2020-02-06 07:20,6213
2020-02-06 07:25,6070
2020-02-06 07:30,5983
2020-02-06 07:35,5913
2020-02-06 07:40,5803
2020-02-06 07:45,5703
2020-02-06 07:50,5590
2020-02-06 07:55,5490
2020-02-06 08:00,5427
2020-02-06 08:05,5315
2020-02-06 08:10,5220
2020-02-06 08:15,5153
2020-02-06 08:20,5095
2020-02-06 08:25,5097
2020-02-06 08:30,5036
2020-02-06 08:35,4960
2020-02-06 08:40,4948
2020-02-06 08:45,4942
2020-02-06 08:50,4958
2020-02-06 08:55,4898
2020-02-06 09:00,4859
2020-02-06 09:05,4820
2020-02-06 09:10,4823
2020-02-06 09:15,4820
2020-02-06 09:20,4800
2020-02-06 09:25,4794
2020-02-06 09:30,4767
2020-02-06 09:35,4766
2020-02-06 09:40,4762
2020-02-06 09:45,4810
2020-02-06 09:50,4798
2020-02-06 09:55,4805
2020-02-06 10:00,4834
2020-02-06 10:05,4850
2020-02-06 10:10,4864
2020-02-06 10:15,4871
2020-02-06 10:20,4887
2020-02-06 10:25,4909
2020-02-06 10:30,4925
2020-02-06 10:35,4957
2020-02-06 10:40,4943
2020-02-06 10:45,5007
2020-02-06 10:50,5049
2020-02-06 10:55,5106
2020-02-06 11:00,5154
2020-02-06 11:05,5157
2020-02-06 11:10,5211
2020-02-06 11:15,5217
2020-02-06 11:20,5232
2020-02-06 11:25,5233
2020-02-06 11:30,5249
2020-02-06 11:35,5289
2020-02-06 11:40,5342
2020-02-06 11:45,5395
2020-02-06 11:50,5447
2020-02-06 11:55,5421
2020-02-06 12:00,5455
2020-02-06 12:05,5537
2020-02-06 12:10,5577
2020-02-06 12:15,5588
2020-02-06 12:20,5593
2020-02-06 12:25,5665
2020-02-06 12:30,5725
2020-02-06 12:35,5746
2020-02-06 12:40,5819
2020-02-06 12:45,5886
2020-02-06 12:50,5944
2020-02-06 12:55,5975
2020-02-06 13:00,6045
2020-02-06 13:05,6085
2020-02-06 13:10,6178
2020-02-06 13:15,6234
2020-02-06 13:20,6377
2020-02-06 13:25,6434
2020-02-06 13:30,6498
2020-02-06 13:35,6655
2020-02-06 13:40,6692
2020-02-06 13:45,6730
2020-02-06 13:50,6842
2020-02-06 13:55,7058
2020-02-06 14:00,7123
2020-02-06 14:05,7204
2020-02-06 14:10,7301
2020-02-06 14:15,7366
2020-02-06 14:20,7448
2020-02-06 14:25,7547
2020-02-06 14:30,7676
2020-02-06 14:35,7760
2020-02-06 14:40,7858
2020-02-06 14:45,7973
2020-02-06 14:50,8028
2020-02-06 14:55,8112
2020-02-06 15:00,8208
2020-02-06 15:05,8330
2020-02-06 15:10,8393
2020-02-06 15:15,8461
2020-02-06 15:20,8537
2020-02-06 15:25,8619
2020-02-06 15:30,8705
2020-02-06 15:35,8780
2020-02-06 15:40,8857
2020-02-06 15:45,8891
2020-02-06 15:50,9008
2020-02-06 15:55,9092
2020-02-06 16:00,9202
2020-02-06 16:05,9268
2020-02-06 16:10,9442
2020-02-06 16:15,9576
2020-02-06 16:20,9669
2020-02-06 16:25,9830
2020-02-06 16:30,9882
2020-02-06 16:35,10010
2020-02-06 16:40,10073
2020-02-06 16:45,10242
2020-02-06 16:50,10318
2020-02-06 16:55,10388
2020-02-06 17:00,10507
2020-02-06 17:05,10584
2020-02-06 17:10,10724
2020-02-06 17:15,10803
2020-02-06 17:20,10888
2020-02-06 17:25,11041
2020-02-06 17:30,11136
2020-02-06 17:35,11287
2020-02-06 17:40,11421
2020-02-06 17:45,11463
2020-02-06 17:50,11592
2020-02-06 17:55,11671
2020-02-06 18:00,11816
2020-02-06 18:05,11967
2020-02-06 18:10,12054
2020-02-06 18:15,12144
2020-02-06 18:20,12298
2020-02-06 18:25,12382
2020-02-06 18:30,12570
2020-02-06 18:35,12583
2020-02-06 18:40,12603
2020-02-06 18:45,12665
2020-02-06 18:50,12795
2020-02-06 18:55,12866
2020-02-06 19:00,12971
2020-02-06 19:05,13051
2020-02-06 19:10,13179
2020-02-06 19:15,13299
2020-02-06 19:20,13381
2020-02-06 19:25,13314
2020-02-06 19:30,13371
2020-02-06 19:35,13491
2020-02-06 19:40,13582
2020-02-06 19:45,13668
2020-02-06 19:50,13737
2020-02-06 19:55,13844
2020-02-06 20:00,13853
2020-02-06 20:05,13925
2020-02-06 20:10,13956
2020-02-06 20:15,13983
2020-02-06 20:20,13996
2020-02-06 20:25,14134
2020-02-06 20:30,14182
2020-02-06 20:35,14213
2020-02-06 20:40,14268
2020-02-06 20:45,14217
2020-02-06 20:50,14272
2020-02-06 20:55,14292
2020-02-06 21:00,14293
2020-02-06 21:05,14248
2020-02-06 21:10,14253
2020-02-06 21:15,14211
2020-02-06 21:20,14133
2020-02-06 21:25,14167
2020-02-06 21:30,14206
2020-02-06 21:35,14180
2020-02-06 21:40,14170
2020-02-06 21:45,14217
2020-02-06 21:50,14112
2020-02-06 21:55,14028
2020-02-06 22:00,13949
2020-02-06 22:05,13954
2020-02-06 22:10,13937
2020-02-06 22:15,13875
2020-02-06 22:20,13716
2020-02-06 22:25,13702
2020-02-06 22:30,13680
2020-02-06 22:35,13643
2020-02-06 22:40,13584
2020-02-06 22:45,13520
2020-02-06 22:50,13446
2020-02-06 22:55,13398
2020-02-06 23:00,13331
2020-02-06 23:05,13356
2020-02-06 23:10,13229
2020-02-06 23:15,13167
2020-02-06 23:20,13097
2020-02-06 23:25,13123
2020-02-06 23:30,13060
2020-02-06 23:35,13003
2020-02-06 23:40,12994
2020-02-06 23:45,12968
2020-02-06 23:50,12903
2020-02-06 23:55,12885
2020-02-07 00:00,12894
2020-02-07 00:05,12790
2020-02-07 00:10,12807
2020-02-07 00:15,12733
2020-02-07 00:20,12696
2020-02-07 00:25,12686
2020-02-07 00:30,12557
2020-02-07 00:35,12614
2020-02-07 00:40,12656
2020-02-07 00:45,12639
2020-02-07 00:50,12601
2020-02-07 00:55,12651
2020-02-07 01:00,12577
2020-02-07 01:05,12655
2020-02-07 01:10,12772
2020-02-07 01:15,12818
2020-02-07 01:20,12758
2020-02-07 01:25,12793
2020-02-07 01:30,12805
2020-02-07 01:35,12885
2020-02-07 01:40,12967
2020-02-07 01:45,12959
2020-02-07 01:50,12895
2020-02-07 01:55,12969
2020-02-07 02:00,12941
2020-02-07 02:05,12989
2020-02-07 02:10,13014
2020-02-07 02:15,13108
2020-02-07 02:20,12758
2020-02-07 02:25,12763
2020-02-07 02:30,13155
2020-02-07 02:35,13166
2020-02-07 02:40,13188
2020-02-07 02:45,13186
2020-02-07 02:50,13126
2020-02-07 02:55,13057
2020-02-07 03:00,12980
2020-02-07 03:05,12933
2020-02-07 03:10,12934
2020-02-07 03:15,12887
2020-02-07 03:20,12821
2020-02-07 03:25,12720
2020-02-07 03:30,12594
2020-02-07 03:35,12497
2020-02-07 03:40,12427
2020-02-07 03:45,12342
2020-02-07 03:50,12243
2020-02-07 03:55,12119
2020-02-07 04:00,12072
2020-02-07 04:05,11939
2020-02-07 04:10,11861
2020-02-07 04:15,11742
2020-02-07 04:20,11592
2020-02-07 04:25,11402
2020-02-07 04:30,11277
2020-02-07 04:35,11181
2020-02-07 04:40,11003
2020-02-07 04:45,10828
2020-02-07 04:50,10645
2020-02-07 04:55,10556
2020-02-07 05:00,10407
2020-02-07 05:05,10217
2020-02-07 05:10,10098
2020-02-07 05:15,9942
2020-02-07 05:20,9873
2020-02-07 05:25,9729
2020-02-07 05:30,9544
2020-02-07 05:35,9359
2020-02-07 05:40,9173
2020-02-07 05:45,8983
2020-02-07 05:50,8880
2020-02-07 05:55,8734
2020-02-07 06:00,8557
2020-02-07 06:05,8410
2020-02-07 06:10,8232
2020-02-07 06:15,8030
2020-02-07 06:20,7901
2020-02-07 06:25,7763
2020-02-07 06:30,7619
2020-02-07 06:35,7495
2020-02-07 06:40,7381
2020-02-07 06:45,7253
2020-02-07 06:50,7162
2020-02-07 06:55,7102
2020-02-07 07:00,6954
2020-02-07 07:05,6844
2020-02-07 07:10,6769
2020-02-07 07:15,6649
2020-02-07 07:20,6565
2020-02-07 07:25,6439
2020-02-07 07:30,6317
2020-02-07 07:35,6201
2020-02-07 07:40,6128
2020-02-07 07:45,6040
2020-02-07 07:50,5954
2020-02-07 07:55,5870
2020-02-07 08:00,5743
2020-02-07 08:05,5657
2020-02-07 08:10,5559
2020-02-07 08:15,5533
2020-02-07 08:20,5418
2020-02-07 08:25,5307
2020-02-07 08:30,5242
2020-02-07 08:35,5242
2020-02-07 08:40,5172
2020-02-07 08:45,5105
2020-02-07 08:50,5057
2020-02-07 08:55,5050
2020-02-07 09:00,5056
2020-02-07 09:05,5038
2020-02-07 09:10,5001
2020-02-07 09:15,4996
2020-02-07 09:20,4980
2020-02-07 09:25,4997
2020-02-07 09:30,4980
2020-02-07 09:35,4987
2020-02-07 09:40,5007
2020-02-07 09:45,5015
2020-02-07 09:50,4979
2020-02-07 09:55,4981
2020-02-07 10:00,5001
2020-02-07 10:05,5005
2020-02-07 10:10,5024
2020-02-07 10:15,5088
2020-02-07 10:20,5120
2020-02-07 10:25,5140
2020-02-07 10:30,5149
2020-02-07 10:35,5192
2020-02-07 10:40,5220
2020-02-07 10:45,5233
2020-02-07 10:50,5305
2020-02-07 10:55,5363
2020-02-07 11:00,5454
2020-02-07 11:05,5481
2020-02-07 11:10,5540
2020-02-07 11:15,5623
2020-02-07 11:20,5657
2020-02-07 11:25,5736
2020-02-07 11:30,5734
2020-02-07 11:35,5766
2020-02-07 11:40,5825
2020-02-07 11:45,5862
2020-02-07 11:50,5863
2020-02-07 11:55,5902
2020-02-07 12:00,5927
2020-02-07 12:05,5983
2020-02-07 12:10,6035
2020-02-07 12:15,6063
2020-02-07 12:20,6083
2020-02-07 12:25,6191
2020-02-07 12:30,6272
2020-02-07 12:35,6321
2020-02-07 12:40,6408
2020-02-07 12:45,6477
2020-02-07 12:50,6558
2020-02-07 12:55,6650
2020-02-07 13:00,6738
2020-02-07 13:05,6817
2020-02-07 13:10,6851
2020-02-07 13:15,6964
2020-02-07 13:20,7007
2020-02-07 13:25,7073
2020-02-07 13:30,7124
2020-02-07 13:35,7232
2020-02-07 13:40,7315
2020-02-07 13:45,7409
2020-02-07 13:50,7515
2020-02-07 13:55,7608
2020-02-07 14:00,7688
2020-02-07 14:05,7771
2020-02-07 14:10,7919
2020-02-07 14:15,8037
2020-02-07 14:20,8096
2020-02-07 14:25,8181
2020-02-07 14:30,8318
2020-02-07 14:35,8410
2020-02-07 14:40,8525
2020-02-07 14:45,8634
2020-02-07 14:50,8751
2020-02-07 14:55,8812
2020-02-07 15:00,8940
2020-02-07 15:05,8996
2020-02-07 15:10,9090
2020-02-07 15:15,9189
2020-02-07 15:20,9270
2020-02-07 15:25,9322
2020-02-07 15:30,9479
2020-02-07 15:35,9599
2020-02-07 15:40,9678
2020-02-07 15:45,9773
2020-02-07 15:50,
2020-02-07 15:55,9920
2020-02-07 16:00,10024
2020-02-07 16:05,10052
2020-02-07 16:10,10156
2020-02-07 16:15,10255
2020-02-07 16:20,10337
2020-02-07 16:25,10450
2020-02-07 16:30,10497
2020-02-07 16:35,10607
2020-02-07 16:40,10696
2020-02-07 16:45,10826
2020-02-07 16:50,10894
2020-02-07 16:55,11047
2020-02-07 17:00,11162
2020-02-07 17:05,11225
2020-02-07 17:10,11333
2020-02-07 17:15,11414
2020-02-07 17:20,11544
2020-02-07 17:25,11612
2020-02-07 17:30,11666
2020-02-07 17:35,11819
2020-02-07 17:40,11932
2020-02-07 17:45,12093
2020-02-07 17:50,12227
2020-02-07 17:55,12302
2020-02-07 18:00,12374
2020-02-07 18:05,12397
2020-02-07 18:10,12447
2020-02-07 18:15,12564
2020-02-07 18:20,12656
2020-02-07 18:25,12820
2020-02-07 18:30,12863
2020-02-07 18:35,12945
2020-02-07 18:40,13083
2020-02-07 18:45,13107
2020-02-07 18:50,13198
2020-02-07 18:55,13300
2020-02-07 19:00,13330
2020-02-07 19:05,13383
2020-02-07 19:10,13436
2020-02-07 19:15,13543
2020-02-07 19:20,13668
2020-02-07 19:25,13743
2020-02-07 19:30,13824
2020-02-07 19:35,13880
2020-02-07 19:40,14051
2020-02-07 19:45,14066
2020-02-07 19:50,14185
2020-02-07 19:55,14257
2020-02-07 20:00,14353
2020-02-07 20:05,14410
2020-02-07 20:10,14508
2020-02-07 20:15,14579
2020-02-07 20:20,14631
2020-02-07 20:25,14678
2020-02-07 20:30,14772
2020-02-07 20:35,14829
2020-02-07 20:40,14805
2020-02-07 20:45,14888
2020-02-07 20:50,14994
2020-02-07 20:55,15023
2020-02-07 21:00,15059
2020-02-07 21:05,15088
2020-02-07 21:10,15105
2020-02-07 21:15,15074
2020-02-07 21:20,15129
2020-02-07 21:25,15160
2020-02-07 21:30,15176
2020-02-07 21:35,15174
2020-02-07 21:40,15230
2020-02-07 21:45,15234
2020-02-07 21:50,15259
2020-02-07 21:55,15270
2020-02-07 22:00,15280
2020-02-07 22:05,15293
2020-02-07 22:10,15213
2020-02-07 22:15,15157
2020-02-07 22:20,15097
2020-02-07 22:25,15157
2020-02-07 22:30,15060
2020-02-07 22:35,14977
2020-02-07 22:40,14917
2020-02-07 22:45,14728
2020-02-07 22:50,14759
2020-02-07 22:55,14717
2020-02-07 23:00,14633
2020-02-07 23:05,14566
2020-02-07 23:10,14418
2020-02-07 23:15,14361
2020-02-07 23:20,14275
2020-02-07 23:25,14275
2020-02-07 23:30,14165
2020-02-07 23:35,14062
2020-02-07 23:40,13995
2020-02-07 23:45,14055
2020-02-07 23:50,14040
2020-02-07 23:55,14021
2020-02-08 00:00,13953
2020-02-08 00:05,13902
2020-02-08 00:10,13852
2020-02-08 00:15,13827
2020-02-08 00:20,13756
2020-02-08 00:25,13735
2020-02-08 00:30,13757
2020-02-08 00:35,13762
2020-02-08 00:40,13683
2020-02-08 00:45,13699
2020-02-08 00:50,13609
2020-02-08 00:55,13627
2020-02-08 01:00,13622
2020-02-08 01:05,13560
2020-02-08 01:10,13554
2020-02-08 01:15,13528
2020-02-08 01:20,13538
2020-02-08 01:25,13561
2020-02-08 01:30,13572
2020-02-08 01:35,13551
2020-02-08 01:40,13509
2020-02-08 01:45,13592
2020-02-08 01:50,13572
2020-02-08 01:55,13619
2020-02-08 02:00,13693
2020-02-08 02:05,13678
2020-02-08 02:10,13658
2020-02-08 02:15,13685
2020-02-08 02:20,13745
2020-02-08 02:25,13744
2020-02-08 02:30,13702
2020-02-08 02:35,13726
2020-02-08 02:40,13718
2020-02-08 02:45,13740
2020-02-08 02:50,13719
2020-02-08 02:55,13739
2020-02-08 03:00,13691
2020-02-08 03:05,13677
2020-02-08 03:10,13714
2020-02-08 03:15,13674
2020-02-08 03:20,13690
2020-02-08 03:25,13648
2020-02-08 03:30,13640
2020-02-08 03:35,13667
2020-02-08 03:40,13611
2020-02-08 03:45,13591
2020-02-08 03:50,13575
2020-02-08 03:55,13500
2020-02-08 04:00,13414
2020-02-08 04:05,13355
2020-02-08 04:10,13249
2020-02-08 04:15,13189
2020-02-08 04:20,13070
2020-02-08 04:25,13028
2020-02-08 04:30,12974
2020-02-08 04:35,12898
2020-02-08 04:40,12808
2020-02-08 04:45,12762
2020-02-08 04:50,12707
2020-02-08 04:55,12568
2020-02-08 05:00,12444
2020-02-08 05:05,12336
2020-02-08 05:10,12157
2020-02-08 05:15,12021
2020-02-08 05:20,11905
2020-02-08 05:25,11779
2020-02-08 05:30,11645
2020-02-08 05:35,11501
2020-02-08 05:40,11324
2020-02-08 05:45,11195
2020-02-08 05:50,11073
2020-02-08 05:55,10895
2020-02-08 06:00,10792
2020-02-08 06:05,10602
2020-02-08 06:10,10439
2020-02-08 06:15,10251
2020-02-08 06:20,10061
2020-02-08 06:25,9954
2020-02-08 06:30,9796
2020-02-08 06:35,9675
2020-02-08 06:40,9484
2020-02-08 06:45,9382
2020-02-08 06:50,9148
2020-02-08 06:55,8965
2020-02-08 07:00,8830
2020-02-08 07:05,8655
2020-02-08 07:10,8517
2020-02-08 07:15,8356
2020-02-08 07:20,8164
2020-02-08 07:25,8011
2020-02-08 07:30,7901
2020-02-08 07:35,7732
2020-02-08 07:40,7653
2020-02-08 07:45,7542
2020-02-08 07:50,7426
2020-02-08 07:55,7368
2020-02-08 08:00,7307
2020-02-08 08:05,7218
2020-02-08 08:10,7096
2020-02-08 08:15,7067
2020-02-08 08:20,7003
2020-02-08 08:25,6912
2020-02-08 08:30,6893
2020-02-08 08:35,6857
2020-02-08 08:40,6776
2020-02-08 08:45,6744
2020-02-08 08:50,6698
2020-02-08 08:55,6642
2020-02-08 09:00,6594
2020-02-08 09:05,6570
2020-02-08 09:10,6451
2020-02-08 09:15,6366
2020-02-08 09:20,6343
2020-02-08 09:25,6305
2020-02-08 09:30,6251
2020-02-08 09:35,6202
2020-02-08 09:40,6194
2020-02-08 09:45,6194
2020-02-08 09:50,6166
2020-02-08 09:55,6149
2020-02-08 10:00,6207
2020-02-08 10:05,6222
2020-02-08 10:10,6240
2020-02-08 10:15,6341
2020-02-08 10:20,6406
2020-02-08 10:25,6475
2020-02-08 10:30,6490
2020-02-08 10:35,6529
2020-02-08 10:40,6597
2020-02-08 10:45,6633
2020-02-08 10:50,6723
2020-02-08 10:55,6763
2020-02-08 11:00,6805
2020-02-08 11:05,6780
2020-02-08 11:10,6840
2020-02-08 11:15,6955
2020-02-08 11:20,6982
2020-02-08 11:25,7098
2020-02-08 11:30,7112
2020-02-08 11:35,7199
2020-02-08 11:40,7197
2020-02-08 11:45,7252
2020-02-08 11:50,7314
2020-02-08 11:55,7410
2020-02-08 12:00,7513
2020-02-08 12:05,7590
2020-02-08 12:10,7651
2020-02-08 12:15,7698
2020-02-08 12:20,7810
2020-02-08 12:25,7888
2020-02-08 12:30,7993
2020-02-08 12:35,8109
2020-02-08 12:40,8193
2020-02-08 12:45,8263
2020-02-08 12:50,8320
2020-02-08 12:55,8378
2020-02-08 13:00,8452
2020-02-08 13:05,8526
2020-02-08 13:10,8623
2020-02-08 13:15,8716
2020-02-08 13:20,8828
2020-02-08 13:25,8875
2020-02-08 13:30,8909
2020-02-08 13:35,8999
2020-02-08 13:40,9151
2020-02-08 13:45,9205
2020-02-08 13:50,9301
2020-02-08 13:55,9375
2020-02-08 14:00,9495
2020-02-08 14:05,9631
2020-02-08 14:10,9706
2020-02-08 14:15,9785
2020-02-08 14:20,9868
2020-02-08 14:25,10025
2020-02-08 14:30,10170
2020-02-08 14:35,10287
2020-02-08 14:40,10393
2020-02-08 14:45,10524
2020-02-08 14:50,10650
2020-02-08 14:55,10791
2020-02-08 15:00,10902
2020-02-08 15:05,10947
2020-02-08 15:10,11088
2020-02-08 15:15,11221
2020-02-08 15:20,11265
2020-02-08 15:25,
2020-02-08 15:30,11421
2020-02-08 15:35,11589
2020-02-08 15:40,11734
2020-02-08 15:45,11828
2020-02-08 15:50,11898
2020-02-08 15:55,12011
2020-02-08 16:00,12048
2020-02-08 16:05,12176
2020-02-08 16:10,12369
2020-02-08 16:15,12478
2020-02-08 16:20,12594
2020-02-08 16:25,12717
2020-02-08 16:30,12797
2020-02-08 16:35,13032
2020-02-08 16:40,13159
2020-02-08 16:45,13201
2020-02-08 16:50,13268
2020-02-08 16:55,13432
2020-02-08 17:00,13388
2020-02-08 17:05,13513
2020-02-08 17:10,13543
2020-02-08 17:15,13553
2020-02-08 17:20,13690
2020-02-08 17:25,13818
2020-02-08 17:30,13859
2020-02-08 17:35,13942
2020-02-08 17:40,14051
2020-02-08 17:45,14102
2020-02-08 17:50,14121
2020-02-08 17:55,14226
2020-02-08 18:00,14250
2020-02-08 18:05,14374
2020-02-08 18:10,14416
2020-02-08 18:15,14536
2020-02-08 18:20,14605
2020-02-08 18:25,14649
2020-02-08 18:30,14655
2020-02-08 18:35,14705
2020-02-08 18:40,14870
2020-02-08 18:45,14907
2020-02-08 18:50,14999
2020-02-08 18:55,15078
2020-02-08 19:00,15134
2020-02-08 19:05,15243
2020-02-08 19:10,15355
2020-02-08 19:15,15427
2020-02-08 19:20,15542
2020-02-08 19:25,15563
2020-02-08 19:30,15621
2020-02-08 19:35,15715
2020-02-08 19:40,15822
2020-02-08 19:45,15867
2020-02-08 19:50,15898
2020-02-08 19:55,15982
2020-02-08 20:00,16076
2020-02-08 20:05,16066
2020-02-08 20:10,16116
2020-02-08 20:15,16226
2020-02-08 20:20,16340
2020-02-08 20:25,16372
2020-02-08 20:30,16339
2020-02-08 20:35,16342
2020-02-08 20:40,16448
2020-02-08 20:45,16497
2020-02-08 20:50,16547
2020-02-08 20:55,16578
2020-02-08 21:00,16655
2020-02-08 21:05,16610
2020-02-08 21:10,16710
2020-02-08 21:15,16739
2020-02-08 21:20,16795
2020-02-08 21:25,16760
2020-02-08 21:30,16815
2020-02-08 21:35,16879
2020-02-08 21:40,16871
2020-02-08 21:45,16870
2020-02-08 21:50,16902
2020-02-08 21:55,16886
2020-02-08 22:00,16757
2020-02-08 22:05,16698
2020-02-08 22:10,16686
2020-02-08 22:15,16561
2020-02-08 22:20,16504
2020-02-08 22:25,16441
2020-02-08 22:30,16310
2020-02-08 22:35,16213
2020-02-08 22:40,16120
2020-02-08 22:45,16043
2020-02-08 22:50,15922
2020-02-08 22:55,15816
2020-02-08 23:00,15723
2020-02-08 23:05,15618
2020-02-08 23:10,15540
2020-02-08 23:15,15485
2020-02-08 23:20,15344
2020-02-08 23:25,15238
2020-02-08 23:30,15188
2020-02-08 23:35,15039
2020-02-08 23:40,14925
2020-02-08 23:45,14831
2020-02-08 23:50,14744
2020-02-08 23:55,14610
2020-02-09 00:00,14518
2020-02-09 00:05,14466
2020-02-09 00:10,14404
2020-02-09 00:15,14320
2020-02-09 00:20,14254
2020-02-09 00:25,14225
2020-02-09 00:30,14170
2020-02-09 00:35,14196
2020-02-09 00:40,14105
2020-02-09 00:45,14079
2020-02-09 00:50,14063
2020-02-09 00:55,14015
2020-02-09 01:00,13949
2020-02-09 01:05,13954
2020-02-09 01:10,13930
2020-02-09 01:15,13895
2020-02-09 01:20,13860
2020-02-09 01:25,13840
2020-02-09 01:30,13787
2020-02-09 01:35,13745
2020-02-09 01:40,13702
2020-02-09 01:45,13730
2020-02-09 01:50,13787
2020-02-09 01:55,13888
2020-02-09 02:00,13893
2020-02-09 02:05,13877
2020-02-09 02:10,13847
2020-02-09 02:15,13813
2020-02-09 02:20,13832
2020-02-09 02:25,13840
2020-02-09 02:30,13848
2020-02-09 02:35,13868
2020-02-09 02:40,13819
2020-02-09 02:45,13805
2020-02-09 02:50,13804
2020-02-09 02:55,13828
2020-02-09 03:00,13817
2020-02-09 03:05,13845
2020-02-09 03:10,13868
2020-02-09 03:15,13873
2020-02-09 03:20,13811
2020-02-09 03:25,13800
2020-02-09 03:30,13814
2020-02-09 03:35,13789
2020-02-09 03:40,13757
2020-02-09 03:45,13749
2020-02-09 03:50,13671
2020-02-09 03:55,13519
2020-02-09 04:00,13425
2020-02-09 04:05,13353
2020-02-09 04:10,13337
2020-02-09 04:15,13279
2020-02-09 04:20,13304
2020-02-09 04:25,13304
2020-02-09 04:30,13270
2020-02-09 04:35,13160
2020-02-09 04:40,13041
2020-02-09 04:45,12898
2020-02-09 04:50,12842
2020-02-09 04:55,12757
2020-02-09 05:00,12657
2020-02-09 05:05,12559
2020-02-09 05:10,12425
2020-02-09 05:15,12292
2020-02-09 05:20,12178
2020-02-09 05:25,12081
2020-02-09 05:30,11934
2020-02-09 05:35,11804
2020-02-09 05:40,11690
2020-02-09 05:45,11588
2020-02-09 05:50,11464
2020-02-09 05:55,11339
2020-02-09 06:00,11190
2020-02-09 06:05,11015
2020-02-09 06:10,10789
2020-02-09 06:15,10671
2020-02-09 06:20,10575
2020-02-09 06:25,10413
2020-02-09 06:30,10373
2020-02-09 06:35,10261
2020-02-09 06:40,10167
2020-02-09 06:45,10042
2020-02-09 06:50,9906
2020-02-09 06:55,9754
2020-02-09 07:00,9576
2020-02-09 07:05,9409
2020-02-09 07:10,9266
2020-02-09 07:15,9138
2020-02-09 07:20,9047
2020-02-09 07:25,8980
2020-02-09 07:30,8788
2020-02-09 07:35,8647
2020-02-09 07:40,8557
2020-02-09 07:45,8404
2020-02-09 07:50,8307
2020-02-09 07:55,8201
2020-02-09 08:00,8088
2020-02-09 08:05,7921
2020-02-09 08:10,7782
2020-02-09 08:15,7703
2020-02-09 08:20,7629
2020-02-09 08:25,7529
2020-02-09 08:30,7460
2020-02-09 08:35,7367
2020-02-09 08:40,7272
2020-02-09 08:45,7187
2020-02-09 08:50,7148
2020-02-09 08:55,7112
2020-02-09 09:00,7112
2020-02-09 09:05,7043
2020-02-09 09:10,6896
2020-02-09 09:15,6857
2020-02-09 09:20,6830
2020-02-09 09:25,6827
2020-02-09 09:30,6824
2020-02-09 09:35,6842
2020-02-09 09:40,6874
2020-02-09 09:45,6826
2020-02-09 09:50,6813
2020-02-09 09:55,6897
2020-02-09 10:00,6907
2020-02-09 10:05,6908
2020-02-09 10:10,6939
2020-02-09 10:15,6981
2020-02-09 10:20,7070
2020-02-09 10:25,7143
2020-02-09 10:30,7182
2020-02-09 10:35,7274
2020-02-09 10:40,7356
2020-02-09 10:45,7422
2020-02-09 10:50,7535
2020-02-09 10:55,7627
2020-02-09 11:00,7653
2020-02-09 11:05,7676
2020-02-09 11:10,7686
2020-02-09 11:15,7760
2020-02-09 11:20,7845
2020-02-09 11:25,7915
2020-02-09 11:30,7968
2020-02-09 11:35,8046
2020-02-09 11:40,8155
2020-02-09 11:45,8216
2020-02-09 11:50,8304
2020-02-09 11:55,8371
2020-02-09 12:00,8362
2020-02-09 12:05,8476
2020-02-09 12:10,8559
2020-02-09 12:15,8653
2020-02-09 12:20,8666
2020-02-09 12:25,8821
2020-02-09 12:30,8916
2020-02-09 12:35,8970
2020-02-09 12:40,9040
2020-02-09 12:45,9153
2020-02-09 12:50,9200
2020-02-09 12:55,9279
2020-02-09 13:00,9421
2020-02-09 13:05,9385
2020-02-09 13:10,9597
2020-02-09 13:15,9704
2020-02-09 13:20,9758
2020-02-09 13:25,9873
2020-02-09 13:30,9978
2020-02-09 13:35,10070
2020-02-09 13:40,10174
2020-02-09 13:45,10284
2020-02-09 13:50,10385
2020-02-09 13:55,10403
2020-02-09 14:00,10542
2020-02-09 14:05,10634
2020-02-09 14:10,10703
2020-02-09 14:15,10860
2020-02-09 14:20,10965
2020-02-09 14:25,11052
2020-02-09 14:30,11191
2020-02-09 14:35,11360
2020-02-09 14:40,11476
2020-02-09 14:45,11614
2020-02-09 14:50,11746
2020-02-09 14:55,11816
2020-02-09 15:00,11983
2020-02-09 15:05,12121
2020-02-09 15:10,12129
2020-02-09 15:15,12200
2020-02-09 15:20,12333
2020-02-09 15:25,12465
2020-02-09 15:30,12538
2020-02-09 15:35,12700
2020-02-09 15:40,12812
2020-02-09 15:45,12965
2020-02-09 15:50,13023
2020-02-09 15:55,13066
2020-02-09 16:00,13161
2020-02-09 16:05,13238
2020-02-09 16:10,13330
2020-02-09 16:15,13415
2020-02-09 16:20,13498
2020-02-09 16:25,13600
2020-02-09 16:30,13634
2020-02-09 16:35,13813
2020-02-09 16:40,13931
2020-02-09 16:45,14005
2020-02-09 16:50,14122
2020-02-09 16:55,14277
2020-02-09 17:00,14379
2020-02-09 17:05,14561
2020-02-09 17:10,14658
2020-02-09 17:15,14720
2020-02-09 17:20,14840
2020-02-09 17:25,14946
2020-02-09 17:30,15133
2020-02-09 17:35,15176
2020-02-09 17:40,15331
2020-02-09 17:45,15470
2020-02-09 17:50,15615
2020-02-09 17:55,15668
2020-02-09 18:00,15721
2020-02-09 18:05,
2020-02-09 18:10,15987
2020-02-09 18:15,16106
2020-02-09 18:20,16173
2020-02-09 18:25,16330
2020-02-09 18:30,16494
2020-02-09 18:35,16601
2020-02-09 18:40,16772
2020-02-09 18:45,16858
2020-02-09 18:50,16894
2020-02-09 18:55,17030
2020-02-09 19:00,17204
2020-02-09 19:05,17342
2020-02-09 19:10,17445
2020-02-09 19:15,17545
2020-02-09 19:20,17561
2020-02-09 19:25,17696
2020-02-09 19:30,17765
2020-02-09 19:35,17787
2020-02-09 19:40,17978
2020-02-09 19:45,17918
2020-02-09 19:50,18005
2020-02-09 19:55,18018
2020-02-09 20:00,18048
2020-02-09 20:05,18132
2020-02-09 20:10,18200
2020-02-09 20:15,18305
2020-02-09 20:20,18404
2020-02-09 20:25,18364
2020-02-09 20:30,18338
2020-02-09 20:35,18372
2020-02-09 20:40,18332
2020-02-09 20:45,18294
2020-02-09 20:50,18224
2020-02-09 20:55,18211
2020-02-09 21:00,18245
2020-02-09 21:05,18221
2020-02-09 21:10,18213
2020-02-09 21:15,18092
2020-02-09 21:20,18108
2020-02-09 21:25,18009
2020-02-09 21:30,17917
2020-02-09 21:35,17834
2020-02-09 21:40,17760
2020-02-09 21:45,17766
2020-02-09 21:50,17588
2020-02-09 21:55,17459
2020-02-09 22:00,17334
2020-02-09 22:05,17197
2020-02-09 22:10,17083
2020-02-09 22:15,16876
2020-02-09 22:20,16848
2020-02-09 22:25,16693
2020-02-09 22:30,16555
2020-02-09 22:35,16373
2020-02-09 22:40,16184
2020-02-09 22:45,16045
2020-02-09 22:50,15955
2020-02-09 22:55,15813
2020-02-09 23:00,15691
2020-02-09 23:05,15612
2020-02-09 23:10,15592
2020-02-09 23:15,15438
2020-02-09 23:20,15236
2020-02-09 23:25,15115
2020-02-09 23:30,15032
2020-02-09 23:35,14950
2020-02-09 23:40,14840
2020-02-09 23:45,14790
2020-02-09 23:50,14715
2020-02-09 23:55,14682
2020-02-10 00:00,14659
2020-02-10 00:05,14618
2020-02-10 00:10,14575
2020-02-10 00:15,14474
2020-02-10 00:20,14438
2020-02-10 00:25,14406
2020-02-10 00:30,14434
2020-02-10 00:35,14467
2020-02-10 00:40,14372
2020-02-10 00:45,14372
2020-02-10 00:50,14295
2020-02-10 00:55,14306
2020-02-10 01:00,14239
2020-02-10 01:05,14279
2020-02-10 01:10,14216
2020-02-10 01:15,14244
2020-02-10 01:20,14255
2020-02-10 01:25,14281
2020-02-10 01:30,14262
2020-02-10 01:35,14252
2020-02-10 01:40,14220
2020-02-10 01:45,14233
2020-02-10 01:50,14203
2020-02-10 01:55,14165
2020-02-10 02:00,14107
2020-02-10 02:05,13963
2020-02-10 02:10,13941
2020-02-10 02:15,13856
2020-02-10 02:20,13851
2020-02-10 02:25,13795
2020-02-10 02:30,13771
2020-02-10 02:35,13775
2020-02-10 02:40,13711
2020-02-10 02:45,13732
2020-02-10 02:50,13569
2020-02-10 02:55,13469
2020-02-10 03:00,13381
2020-02-10 03:05,13299
2020-02-10 03:10,13192
2020-02-10 03:15,13146
2020-02-10 03:20,13111
2020-02-10 03:25,13028
2020-02-10 03:30,12928
2020-02-10 03:35,12833
2020-02-10 03:40,12783
2020-02-10 03:45,12674
2020-02-10 03:50,12512
2020-02-10 03:55,12278
2020-02-10 04:00,12139
2020-02-10 04:05,11958
2020-02-10 04:10,11736
2020-02-10 04:15,11571
2020-02-10 04:20,11458
2020-02-10 04:25,11351
2020-02-10 04:30,11178
2020-02-10 04:35,11047
2020-02-10 04:40,10889
2020-02-10 04:45,10743
2020-02-10 04:50,10584
2020-02-10 04:55,10440
2020-02-10 05:00,10285
2020-02-10 05:05,10147
2020-02-10 05:10,9938
2020-02-10 05:15,9781
2020-02-10 05:20,9629
2020-02-10 05:25,9442
2020-02-10 05:30,9282
2020-02-10 05:35,9147
2020-02-10 05:40,9057
2020-02-10 05:45,8865
2020-02-10 05:50,8712
2020-02-10 05:55,8587
2020-02-10 06:00,8445
2020-02-10 06:05,8287
2020-02-10 06:10,8078
2020-02-10 06:15,7953
2020-02-10 06:20,7775
2020-02-10 06:25,7667
2020-02-10 06:30,7528
2020-02-10 06:35,7391
2020-02-10 06:40,7246
2020-02-10 06:45,7078
2020-02-10 06:50,6915
2020-02-10 06:55,6794
2020-02-10 07:00,6667
2020-02-10 07:05,6552
2020-02-10 07:10,6430
2020-02-10 07:15,6343
2020-02-10 07:20,6228
2020-02-10 07:25,6154
2020-02-10 07:30,6033
2020-02-10 07:35,5956
2020-02-10 07:40,5835
2020-02-10 07:45,5759
2020-02-10 07:50,5687
2020-02-10 07:55,5541
2020-02-10 08:00,5493
2020-02-10 08:05,5405
2020-02-10 08:10,5284
2020-02-10 08:15,5197
2020-02-10 08:20,5186
2020-02-10 08:25,5174
2020-02-10 08:30,5127
2020-02-10 08:35,5143
2020-02-10 08:40,5096
2020-02-10 08:45,5029
2020-02-10 08:50,5007
2020-02-10 08:55,4984
2020-02-10 09:00,4956
2020-02-10 09:05,4929
2020-02-10 09:10,4908
2020-02-10 09:15,4884
2020-02-10 09:20,4875
2020-02-10 09:25,4918
2020-02-10 09:30,4877
2020-02-10 09:35,4902
2020-02-10 09:40,4897
2020-02-10 09:45,4928
2020-02-10 09:50,4913
2020-02-10 09:55,4916
2020-02-10 10:00,4929
2020-02-10 10:05,4976
2020-02-10 10:10,4941
2020-02-10 10:15,4963
2020-02-10 10:20,4965
2020-02-10 10:25,4957
2020-02-10 10:30,5021
2020-02-10 10:35,5059
2020-02-10 10:40,5071
2020-02-10 10:45,5060
2020-02-10 10:50,5058
2020-02-10 10:55,5061
2020-02-10 11:00,5053
2020-02-10 11:05,5079
2020-02-10 11:10,5101
2020-02-10 11:15,5153
2020-02-10 11:20,5207
2020-02-10 11:25,5225
2020-02-10 11:30,5265
2020-02-10 11:35,5287
2020-02-10 11:40,5340
2020-02-10 11:45,5388
2020-02-10 11:50,5422
2020-02-10 11:55,5472
2020-02-10 12:00,5501
2020-02-10 12:05,5552
2020-02-10 12:10,5598
2020-02-10 12:15,5666
2020-02-10 12:20,5785
2020-02-10 12:25,5870
2020-02-10 12:30,5904
2020-02-10 12:35,5935
2020-02-10 12:40,5970
2020-02-10 12:45,6059
2020-02-10 12:50,6125
2020-02-10 12:55,6205
2020-02-10 13:00,6297
2020-02-10 13:05,6339
2020-02-10 13:10,6452
2020-02-10 13:15,6506
2020-02-10 13:20,6604
2020-02-10 13:25,6602
2020-02-10 13:30,6736
2020-02-10 13:35,6822
2020-02-10 13:40,6893
2020-02-10 13:45,6983
2020-02-10 13:50,7087
2020-02-10 13:55,7087
2020-02-10 14:00,7087
2020-02-10 14:05,7087
2020-02-10 14:10,7087
2020-02-10 14:15,7087
2020-02-10 14:20,7087
2020-02-10 14:25,7087
2020-02-10 14:30,7087
2020-02-10 14:35,7087
2020-02-10 14:40,7087
2020-02-10 14:45,7885
2020-02-10 14:50,7950
2020-02-10 14:55,8047
2020-02-10 15:00,8166
2020-02-10 15:05,8256
2020-02-10 15:10,8348
2020-02-10 15:15,8476
2020-02-10 15:20,8552
2020-02-10 15:25,8681
2020-02-10 15:30,8769
2020-02-10 15:35,8817
2020-02-10 15:40,8886
2020-02-10 15:45,8977
2020-02-10 15:50,9103
2020-02-10 15:55,9196
2020-02-10 16:00,9293
2020-02-10 16:05,9354
2020-02-10 16:10,9454
2020-02-10 16:15,9602
2020-02-10 16:20,9711
2020-02-10 16:25,9840
2020-02-10 16:30,9951
2020-02-10 16:35,10096
2020-02-10 16:40,10172
2020-02-10 16:45,
2020-02-10 16:50,10423
2020-02-10 16:55,10465
2020-02-10 17:00,10540
2020-02-10 17:05,10682
2020-02-10 17:10,10739
2020-02-10 17:15,10858
2020-02-10 17:20,11015
2020-02-10 17:25,11096
2020-02-10 17:30,11222
2020-02-10 17:35,11335
2020-02-10 17:40,11441
2020-02-10 17:45,11538
2020-02-10 17:50,11683
2020-02-10 17:55,11858
2020-02-10 18:00,11989
2020-02-10 18:05,12124
2020-02-10 18:10,12276
2020-02-10 18:15,12415
2020-02-10 18:20,12512
2020-02-10 18:25,12618
2020-02-10 18:30,12732
2020-02-10 18:35,12878
2020-02-10 18:40,12891
2020-02-10 18:45,13116
2020-02-10 18:50,13152
2020-02-10 18:55,13329
2020-02-10 19:00,13478
2020-02-10 19:05,13546
2020-02-10 19:10,13643
2020-02-10 19:15,13677
2020-02-10 19:20,13831
2020-02-10 19:25,13875
2020-02-10 19:30,13938
2020-02-10 19:35,14037
2020-02-10 19:40,14092
2020-02-10 19:45,14149
2020-02-10 19:50,14179
2020-02-10 19:55,14291
2020-02-10 20:00,14363
2020-02-10 20:05,14373
2020-02-10 20:10,14430
2020-02-10 20:15,14407
2020-02-10 20:20,14508
2020-02-10 20:25,14529
2020-02-10 20:30,14552
2020-02-10 20:35,14576
2020-02-10 20:40,14609
2020-02-10 20:45,14510
2020-02-10 20:50,14464
2020-02-10 20:55,14490
2020-02-10 21:00,14478
2020-02-10 21:05,14491
2020-02-10 21:10,14550
2020-02-10 21:15,14566
2020-02-10 21:20,14519
2020-02-10 21:25,14545
2020-02-10 21:30,14500
2020-02-10 21:35,14363
2020-02-10 21:40,14324
2020-02-10 21:45,14349
2020-02-10 21:50,14138
2020-02-10 21:55,14185
2020-02-10 22:00,14209
2020-02-10 22:05,14182
2020-02-10 22:10,14014
2020-02-10 22:15,13902
2020-02-10 22:20,13820
2020-02-10 22:25,13788
2020-02-10 22:30,13651
2020-02-10 22:35,13604
2020-02-10 22:40,13584
2020-02-10 22:45,13540
2020-02-10 22:50,13434
2020-02-10 22:55,13403
2020-02-10 23:00,13282
2020-02-10 23:05,13136
2020-02-10 23:10,13036
2020-02-10 23:15,13039
2020-02-10 23:20,13019
2020-02-10 23:25,12924
2020-02-10 23:30,12859
2020-02-10 23:35,12910
2020-02-10 23:40,12881
2020-02-10 23:45,12844
2020-02-10 23:50,12859
2020-02-10 23:55,12843
2020-02-11 00:00,12858
2020-02-11 00:05,12784
2020-02-11 00:10,12812
2020-02-11 00:15,12854
2020-02-11 00:20,12827
2020-02-11 00:25,12819
2020-02-11 00:30,12818
2020-02-11 00:35,12822
2020-02-11 00:40,12740
2020-02-11 00:45,12714
2020-02-11 00:50,12772
2020-02-11 00:55,12830
2020-02-11 01:00,12857
2020-02-11 01:05,12893
2020-02-11 01:10,12989
2020-02-11 01:15,13045
2020-02-11 01:20,13058
2020-02-11 01:25,13140
2020-02-11 01:30,13196
2020-02-11 01:35,13219
2020-02-11 01:40,13236
2020-02-11 01:45,13261
2020-02-11 01:50,13362
2020-02-11 01:55,13343
2020-02-11 02:00,13431
2020-02-11 02:05,13323
2020-02-11 02:10,13475
2020-02-11 02:15,13502
2020-02-11 02:20,13518
2020-02-11 02:25,13541
2020-02-11 02:30,13515
2020-02-11 02:35,13510
2020-02-11 02:40,13506
2020-02-11 02:45,13449
2020-02-11 02:50,13303
2020-02-11 02:55,13310
2020-02-11 03:00,13291
2020-02-11 03:05,13209
2020-02-11 03:10,13182
2020-02-11 03:15,13037
2020-02-11 03:20,13016
2020-02-11 03:25,12943
2020-02-11 03:30,12830
2020-02-11 03:35,12734
2020-02-11 03:40,12639
2020-02-11 03:45,12538
2020-02-11 03:50,12401
2020-02-11 03:55,12224
2020-02-11 04:00,11957
2020-02-11 04:05,11903
2020-02-11 04:10,11784
2020-02-11 04:15,11619
2020-02-11 04:20,11465
2020-02-11 04:25,11381
2020-02-11 04:30,11265
2020-02-11 04:35,11115
2020-02-11 04:40,10934
2020-02-11 04:45,10767
2020-02-11 04:50,10678
2020-02-11 04:55,10580
2020-02-11 05:00,10398
2020-02-11 05:05,10263
2020-02-11 05:10,10120
2020-02-11 05:15,9879
2020-02-11 05:20,9685
2020-02-11 05:25,9586
2020-02-11 05:30,9450
2020-02-11 05:35,9284
2020-02-11 05:40,9133
2020-02-11 05:45,8951
2020-02-11 05:50,8791
2020-02-11 05:55,8619
2020-02-11 06:00,8436
2020-02-11 06:05,8284
2020-02-11 06:10,8069
2020-02-11 06:15,7960
2020-02-11 06:20,7811
2020-02-11 06:25,7663
2020-02-11 06:30,7580
2020-02-11 06:35,7447
2020-02-11 06:40,7279
2020-02-11 06:45,7197
2020-02-11 06:50,7070
2020-02-11 06:55,6923
2020-02-11 07:00,6844
2020-02-11 07:05,6718
2020-02-11 07:10,6556
2020-02-11 07:15,6385
2020-02-11 07:20,6264
2020-02-11 07:25,6098
2020-02-11 07:30,5999
2020-02-11 07:35,5873
2020-02-11 07:40,5770
2020-02-11 07:45,5681
2020-02-11 07:50,5625
2020-02-11 07:55,5595
2020-02-11 08:00,5489
2020-02-11 08:05,5431
2020-02-11 08:10,5363
2020-02-11 08:15,5275
2020-02-11 08:20,5237
2020-02-11 08:25,5172
2020-02-11 08:30,5077
2020-02-11 08:35,5051
2020-02-11 08:40,4987
2020-02-11 08:45,4912
2020-02-11 08:50,4901
2020-02-11 08:55,4841
2020-02-11 09:00,4774
2020-02-11 09:05,4755
2020-02-11 09:10,4760
2020-02-11 09:15,4766
2020-02-11 09:20,4724
2020-02-11 09:25,4756
2020-02-11 09:30,4732
2020-02-11 09:35,4727
2020-02-11 09:40,4731
2020-02-11 09:45,4747
2020-02-11 09:50,4736
2020-02-11 09:55,4783
2020-02-11 10:00,4792
2020-02-11 10:05,4798
2020-02-11 10:10,4764
2020-02-11 10:15,4810
2020-02-11 10:20,4807
2020-02-11 10:25,4819
2020-02-11 10:30,4883
2020-02-11 10:35,4789
2020-02-11 10:40,4776
2020-02-11 10:45,4784
2020-02-11 10:50,4816
2020-02-11 10:55,4815
2020-02-11 11:00,4847
2020-02-11 11:05,4759
2020-02-11 11:10,4785
2020-02-11 11:15,4711
2020-02-11 11:20,4648
2020-02-11 11:25,4602
2020-02-11 11:30,4580
2020-02-11 11:35,3903
2020-02-11 11:40,3264
2020-02-11 11:45,2714
2020-02-11 11:50,2209
2020-02-11 11:55,1841
2020-02-11 12:00,1685
2020-02-11 12:05,1582
2020-02-11 12:10,1510
2020-02-11 12:15,1521
2020-02-11 12:20,1469
2020-02-11 12:25,1503
2020-02-11 12:30,1471
2020-02-11 12:35,1492
2020-02-11 12:40,1455
2020-02-11 12:45,1511
2020-02-11 12:50,1493
2020-02-11 12:55,1494
2020-02-11 13:00,1505
2020-02-11 13:05,1550
2020-02-11 13:10,1566
2020-02-11 13:15,2084
2020-02-11 13:20,2678
2020-02-11 13:25,3312
2020-02-11 13:30,3823
2020-02-11 13:35,4266
2020-02-11 13:40,4753
2020-02-11 13:45,5201
2020-02-11 13:50,5638
2020-02-11 13:55,6025
2020-02-11 14:00,6362
2020-02-11 14:05,6656
2020-02-11 14:10,6948
2020-02-11 14:15,7165
2020-02-11 14:20,7417
2020-02-11 14:25,7516
2020-02-11 14:30,7773
2020-02-11 14:35,7992
2020-02-11 14:40,8167
2020-02-11 14:45,8370
2020-02-11 14:50,8557
2020-02-11 14:55,8646
2020-02-11 15:00,8845
2020-02-11 15:05,9018
2020-02-11 15:10,9149
2020-02-11 15:15,9280
2020-02-11 15:20,9412
2020-02-11 15:25,9502
2020-02-11 15:30,9581
2020-02-11 15:35,9656
2020-02-11 15:40,9747
2020-02-11 15:45,9860
2020-02-11 15:50,9951
2020-02-11 15:55,10084
2020-02-11 16:00,10143
2020-02-11 16:05,10277
2020-02-11 16:10,10361
2020-02-11 16:15,10495
2020-02-11 16:20,10524
2020-02-11 16:25,10677
2020-02-11 16:30,10743
2020-02-11 16:35,10810
2020-02-11 16:40,10841
2020-02-11 16:45,10952
2020-02-11 16:50,11037
2020-02-11 16:55,11144
2020-02-11 17:00,11229
2020-02-11 17:05,11370
2020-02-11 17:10,11526
2020-02-11 17:15,11676
2020-02-11 17:20,11768
2020-02-11 17:25,11856
2020-02-11 17:30,11915
2020-02-11 17:35,12015
2020-02-11 17:40,12159
2020-02-11 17:45,12244
2020-02-11 17:50,12356
2020-02-11 17:55,12465
2020-02-11 18:00,12497
2020-02-11 18:05,12515
2020-02-11 18:10,12587
2020-02-11 18:15,12703
2020-02-11 18:20,12864
2020-02-11 18:25,12936
2020-02-11 18:30,13040
2020-02-11 18:35,13105
2020-02-11 18:40,13240
2020-02-11 18:45,13358
2020-02-11 18:50,13363
2020-02-11 18:55,13481
2020-02-11 19:00,13630
2020-02-11 19:05,13729
2020-02-11 19:10,13824
2020-02-11 19:15,13910
2020-02-11 19:20,14077
2020-02-11 19:25,14137
2020-02-11 19:30,14177
2020-02-11 19:35,14144
2020-02-11 19:40,14223
2020-02-11 19:45,14325
2020-02-11 19:50,14359
2020-02-11 19:55,14422
2020-02-11 20:00,14569
2020-02-11 20:05,14592
2020-02-11 20:10,14630
2020-02-11 20:15,14666
2020-02-11 20:20,14724
2020-02-11 20:25,14862
2020-02-11 20:30,14887
2020-02-11 20:35,14916
2020-02-11 20:40,14938
2020-02-11 20:45,14932
2020-02-11 20:50,14934
2020-02-11 20:55,14891
2020-02-11 21:00,14927
2020-02-11 21:05,14916
2020-02-11 21:10,14910
2020-02-11 21:15,14833
2020-02-11 21:20,14799
2020-02-11 21:25,14763
2020-02-11 21:30,14794
2020-02-11 21:35,14783
2020-02-11 21:40,14792
2020-02-11 21:45,14738
2020-02-11 21:50,14701
2020-02-11 21:55,14688
2020-02-11 22:00,14649
2020-02-11 22:05,14542
2020-02-11 22:10,14434
2020-02-11 22:15,14405
2020-02-11 22:20,14321
2020-02-11 22:25,14127
2020-02-11 22:30,14087
2020-02-11 22:35,14099
2020-02-11 22:40,14081
2020-02-11 22:45,13953
2020-02-11 22:50,13822
2020-02-11 22:55,13682
2020-02-11 23:00,13546
2020-02-11 23:05,13513
2020-02-11 23:10,13348
2020-02-11 23:15,0
2020-02-11 23:20,12238
2020-02-11 23:25,13003
2020-02-11 23:30,13102
2020-02-11 23:35,13085
2020-02-11 23:40,13081
2020-02-11 23:45,13006
2020-02-11 23:50,13004
2020-02-11 23:55,12956
2020-02-12 00:00,13000
2020-02-12 00:05,13013
2020-02-12 00:10,12914
2020-02-12 00:15,12949
2020-02-12 00:20,12997
2020-02-12 00:25,13015
2020-02-12 00:30,13056
2020-02-12 00:35,13033
2020-02-12 00:40,13090
2020-02-12 00:45,13083
2020-02-12 00:50,13157
2020-02-12 00:55,13197
2020-02-12 01:00,13285
2020-02-12 01:05,13282
2020-02-12 01:10,13272
2020-02-12 01:15,13243
2020-02-12 01:20,13234
2020-02-12 01:25,13260
2020-02-12 01:30,13296
2020-02-12 01:35,13329
2020-02-12 01:40,13347
2020-02-12 01:45,13383
2020-02-12 01:50,13407
2020-02-12 01:55,13429
2020-02-12 02:00,13459
2020-02-12 02:05,13457
2020-02-12 02:10,13491
2020-02-12 02:15,13489
2020-02-12 02:20,13502
2020-02-12 02:25,13568
2020-02-12 02:30,13648
2020-02-12 02:35,13604
2020-02-12 02:40,13544
2020-02-12 02:45,13540
2020-02-12 02:50,13482
2020-02-12 02:55,13416
2020-02-12 03:00,13369
2020-02-12 03:05,13306
2020-02-12 03:10,13261
2020-02-12 03:15,13189
2020-02-12 03:20,13040
2020-02-12 03:25,12930
2020-02-12 03:30,12863
2020-02-12 03:35,12765
2020-02-12 03:40,12748
2020-02-12 03:45,12630
2020-02-12 03:50,12528
2020-02-12 03:55,12415
2020-02-12 04:00,12308
2020-02-12 04:05,12194
2020-02-12 04:10,12019
2020-02-12 04:15,11893
2020-02-12 04:20,11735
2020-02-12 04:25,11645
2020-02-12 04:30,11516
2020-02-12 04:35,11347
2020-02-12 04:40,11249
2020-02-12 04:45,11108
2020-02-12 04:50,10901
2020-02-12 04:55,10788
2020-02-12 05:00,10556
2020-02-12 05:05,10482
2020-02-12 05:10,10384
2020-02-12 05:15,10238
2020-02-12 05:20,10036
2020-02-12 05:25,9791
2020-02-12 05:30,9646
2020-02-12 05:35,9511
2020-02-12 05:40,9377
2020-02-12 05:45,9223
2020-02-12 05:50,9018
2020-02-12 05:55,8891
2020-02-12 06:00,8684
2020-02-12 06:05,8501
2020-02-12 06:10,8295
2020-02-12 06:15,8167
2020-02-12 06:20,8020
2020-02-12 06:25,7856
2020-02-12 06:30,7703
2020-02-12 06:35,7584
2020-02-12 06:40,7505
2020-02-12 06:45,7361
2020-02-12 06:50,7196
2020-02-12 06:55,7088
2020-02-12 07:00,6958
2020-02-12 07:05,6789
2020-02-12 07:10,6722
2020-02-12 07:15,6594
2020-02-12 07:20,6458
2020-02-12 07:25,6361
2020-02-12 07:30,6241
2020-02-12 07:35,6173
2020-02-12 07:40,6035
2020-02-12 07:45,5969
2020-02-12 07:50,5915
2020-02-12 07:55,5808
2020-02-12 08:00,5730
2020-02-12 08:05,5639
2020-02-12 08:10,5557
2020-02-12 08:15,5490
2020-02-12 08:20,5414
2020-02-12 08:25,5316
2020-02-12 08:30,5264
2020-02-12 08:35,5205
2020-02-12 08:40,5161
2020-02-12 08:45,5155
2020-02-12 08:50,5139
2020-02-12 08:55,5116
2020-02-12 09:00,5052
2020-02-12 09:05,5046
2020-02-12 09:10,5042
2020-02-12 09:15,5086
2020-02-12 09:20,5076
2020-02-12 09:25,5072
2020-02-12 09:30,5082
2020-02-12 09:35,5053
2020-02-12 09:40,5037
2020-02-12 09:45,5002
2020-02-12 09:50,0
2020-02-12 09:55,5047
2020-02-12 10:00,5003
2020-02-12 10:05,5016
2020-02-12 10:10,5045
2020-02-12 10:15,5070
2020-02-12 10:20,5030
2020-02-12 10:25,5042
2020-02-12 10:30,5042
2020-02-12 10:35,5061
2020-02-12 10:40,5090
2020-02-12 10:45,5130
2020-02-12 10:50,5186
2020-02-12 10:55,5211
2020-02-12 11:00,5266
2020-02-12 11:05,5300
2020-02-12 11:10,5316
2020-02-12 11:15,5369
2020-02-12 11:20,5402
2020-02-12 11:25,5390
2020-02-12 11:30,5490
2020-02-12 11:35,5498
2020-02-12 11:40,5544
2020-02-12 11:45,5621
2020-02-12 11:50,5657
2020-02-12 11:55,5714
2020-02-12 12:00,5736
2020-02-12 12:05,5789
2020-02-12 12:10,5874
2020-02-12 12:15,5906
2020-02-12 12:20,6003
2020-02-12 12:25,6030
2020-02-12 12:30,6098
2020-02-12 12:35,6140
2020-02-12 12:40,6199
2020-02-12 12:45,6271
2020-02-12 12:50,6288
2020-02-12 12:55,6329
2020-02-12 13:00,6358
2020-02-12 13:05,6418
2020-02-12 13:10,6437
2020-02-12 13:15,6502
2020-02-12 13:20,6558
2020-02-12 13:25,6573
2020-02-12 13:30,6628
2020-02-12 13:35,6718
2020-02-12 13:40,6822
2020-02-12 13:45,6907
2020-02-12 13:50,6988
2020-02-12 13:55,7079
2020-02-12 14:00,7181
2020-02-12 14:05,7262
2020-02-12 14:10,7344
2020-02-12 14:15,7473
2020-02-12 14:20,7532
2020-02-12 14:25,7648
2020-02-12 14:30,7680
2020-02-12 14:35,7764
2020-02-12 14:40,7883
2020-02-12 14:45,7990
2020-02-12 14:50,8096
2020-02-12 14:55,8169
2020-02-12 15:00,8232
2020-02-12 15:05,8321
2020-02-12 15:10,8424
2020-02-12 15:15,8541
2020-02-12 15:20,8662
2020-02-12 15:25,8788
2020-02-12 15:30,8843
2020-02-12 15:35,8988
2020-02-12 15:40,9100
2020-02-12 15:45,9158
2020-02-12 15:50,9259
2020-02-12 15:55,9333
2020-02-12 16:00,9412
2020-02-12 16:05,9538
2020-02-12 16:10,9647
2020-02-12 16:15,9737
2020-02-12 16:20,9870
2020-02-12 16:25,9917
2020-02-12 16:30,9989
2020-02-12 16:35,10074
2020-02-12 16:40,10242
2020-02-12 16:45,10345
2020-02-12 16:50,10456
2020-02-12 16:55,10520
2020-02-12 17:00,10645
2020-02-12 17:05,10727
2020-02-12 17:10,10770
2020-02-12 17:15,10797
2020-02-12 17:20,10875
2020-02-12 17:25,10937
2020-02-12 17:30,0
2020-02-12 17:35,11277
2020-02-12 17:40,11327
2020-02-12 17:45,11452
2020-02-12 17:50,11623
2020-02-12 17:55,11769
2020-02-12 18:00,11835
2020-02-12 18:05,11952
2020-02-12 18:10,12098
2020-02-12 18:15,12201
2020-02-12 18:20,12311
2020-02-12 18:25,12509
2020-02-12 18:30,12574
2020-02-12 18:35,12648
2020-02-12 18:40,12775
2020-02-12 18:45,12942
2020-02-12 18:50,13031
2020-02-12 18:55,13158
2020-02-12 19:00,13212
2020-02-12 19:05,13336
2020-02-12 19:10,13462
2020-02-12 19:15,13514
2020-02-12 19:20,13599
2020-02-12 19:25,13625
2020-02-12 19:30,13413
2020-02-12 19:35,13765
2020-02-12 19:40,13864
2020-02-12 19:45,13901
2020-02-12 19:50,14017
2020-02-12 19:55,14066
2020-02-12 20:00,14120
2020-02-12 20:05,14170
2020-02-12 20:10,14237
2020-02-12 20:15,14285
2020-02-12 20:20,14266
2020-02-12 20:25,14299
2020-02-12 20:30,14362
2020-02-12 20:35,14357
2020-02-12 20:40,14336
2020-02-12 20:45,14405
2020-02-12 20:50,14376
2020-02-12 20:55,14414
2020-02-12 21:00,14385
2020-02-12 21:05,14346
2020-02-12 21:10,14350
2020-02-12 21:15,14315
2020-02-12 21:20,14390
2020-02-12 21:25,14345
2020-02-12 21:30,0
2020-02-12 21:35,14296
2020-02-12 21:40,14225
2020-02-12 21:45,14134
2020-02-12 21:50,14005
2020-02-12 21:55,13965
2020-02-12 22:00,13913
2020-02-12 22:05,13866
2020-02-12 22:10,13844
2020-02-12 22:15,13809
2020-02-12 22:20,13661
2020-02-12 22:25,13547
2020-02-12 22:30,13499
2020-02-12 22:35,13472
2020-02-12 22:40,13405
2020-02-12 22:45,13357
2020-02-12 22:50,13347
2020-02-12 22:55,13250
2020-02-12 23:00,13138
2020-02-12 23:05,12979
2020-02-12 23:10,12888
2020-02-12 23:15,12822
2020-02-12 23:20,12681
2020-02-12 23:25,12710
2020-02-12 23:30,12721
2020-02-12 23:35,12786
2020-02-12 23:40,12762
2020-02-12 23:45,12759
2020-02-12 23:50,12740
2020-02-12 23:55,12718
2020-02-13 00:00,12690
2020-02-13 00:05,12732
2020-02-13 00:10,12719
2020-02-13 00:15,12669
2020-02-13 00:20,12657
2020-02-13 00:25,12605
2020-02-13 00:30,12622
2020-02-13 00:35,12619
2020-02-13 00:40,12674
2020-02-13 00:45,12662
2020-02-13 00:50,12662
2020-02-13 00:55,12626
2020-02-13 01:00,12683
2020-02-13 01:05,12676
2020-02-13 01:10,0
2020-02-13 01:15,12746
2020-02-13 01:20,12811
2020-02-13 01:25,12793
2020-02-13 01:30,12850
2020-02-13 01:35,12871
2020-02-13 01:40,12892
2020-02-13 01:45,12901
2020-02-13 01:50,13004
2020-02-13 01:55,13084
2020-02-13 02:00,13095
2020-02-13 02:05,13082
2020-02-13 02:10,13120
2020-02-13 02:15,13133
2020-02-13 02:20,13137
2020-02-13 02:25,13150
2020-02-13 02:30,13143
2020-02-13 02:35,13160
2020-02-13 02:40,13089
2020-02-13 02:45,0
2020-02-13 02:50,13032
2020-02-13 02:55,13083
2020-02-13 03:00,12986
2020-02-13 03:05,12901
2020-02-13 03:10,12896
2020-02-13 03:15,12682
2020-02-13 03:20,12707
2020-02-13 03:25,12609
2020-02-13 03:30,12574
2020-02-13 03:35,12494
2020-02-13 03:40,12455
2020-02-13 03:45,12364
2020-02-13 03:50,12298
2020-02-13 03:55,12135
2020-02-13 04:00,11996
2020-02-13 04:05,11835
2020-02-13 04:10,11705
2020-02-13 04:15,11516
2020-02-13 04:20,11403
2020-02-13 04:25,11301
2020-02-13 04:30,11158
2020-02-13 04:35,11001
2020-02-13 04:40,10881
2020-02-13 04:45,10752
2020-02-13 04:50,10653
2020-02-13 04:55,10483
2020-02-13 05:00,10360
2020-02-13 05:05,10152
2020-02-13 05:10,9952
2020-02-13 05:15,9841
2020-02-13 05:20,9679
2020-02-13 05:25,9478
2020-02-13 05:30,9299
2020-02-13 05:35,9166
2020-02-13 05:40,9006
2020-02-13 05:45,8839
2020-02-13 05:50,8699
2020-02-13 05:55,8521
2020-02-13 06:00,8424
2020-02-13 06:05,8317
2020-02-13 06:10,8120
2020-02-13 06:15,7960
2020-02-13 06:20,7860
2020-02-13 06:25,7686
2020-02-13 06:30,7534
2020-02-13 06:35,7423
2020-02-13 06:40,7285
2020-02-13 06:45,7097
2020-02-13 06:50,6949
2020-02-13 06:55,6804
2020-02-13 07:00,6674
2020-02-13 07:05,6506
2020-02-13 07:10,6360
2020-02-13 07:15,6236
2020-02-13 07:20,6153
2020-02-13 07:25,6047
2020-02-13 07:30,5942
2020-02-13 07:35,5875
2020-02-13 07:40,5745
2020-02-13 07:45,5630
2020-02-13 07:50,5580
2020-02-13 07:55,5486
2020-02-13 08:00,5415
2020-02-13 08:05,5370
2020-02-13 08:10,5274
2020-02-13 08:15,5229
2020-02-13 08:20,5136
2020-02-13 08:25,5132
2020-02-13 08:30,5103
2020-02-13 08:35,5072
2020-02-13 08:40,5072
2020-02-13 08:45,5016
2020-02-13 08:50,4975
2020-02-13 08:55,4941
2020-02-13 09:00,4906
2020-02-13 09:05,4885
2020-02-13 09:10,4874
2020-02-13 09:15,4868
2020-02-13 09:20,4867
2020-02-13 09:25,4826
2020-02-13 09:30,0
2020-02-13 09:35,4845
2020-02-13 09:40,4837
2020-02-13 09:45,4863
2020-02-13 09:50,4861
2020-02-13 09:55,4866
2020-02-13 10:00,4908
2020-02-13 10:05,4906
2020-02-13 10:10,4903
2020-02-13 10:15,4964
2020-02-13 10:20,4970
2020-02-13 10:25,4967
2020-02-13 10:30,4965
2020-02-13 10:35,5011
2020-02-13 10:40,5057
2020-02-13 10:45,5080
2020-02-13 10:50,5094
2020-02-13 10:55,5134
2020-02-13 11:00,5158
2020-02-13 11:05,5184
2020-02-13 11:10,5216
2020-02-13 11:15,5206
2020-02-13 11:20,5254
2020-02-13 11:25,5288
2020-02-13 11:30,5361
2020-02-13 11:35,5393
2020-02-13 11:40,5454
2020-02-13 11:45,5455
2020-02-13 11:50,5512
2020-02-13 11:55,5579
2020-02-13 12:00,5603
2020-02-13 12:05,5672
2020-02-13 12:10,5699
2020-02-13 12:15,5765
2020-02-13 12:20,5806
2020-02-13 12:25,5806
2020-02-13 12:30,5889
2020-02-13 12:35,5901
2020-02-13 12:40,5946
2020-02-13 12:45,5964
2020-02-13 12:50,6048
2020-02-13 12:55,6109
2020-02-13 13:00,6149
2020-02-13 13:05,6225
2020-02-13 13:10,6297
2020-02-13 13:15,6351
2020-02-13 13:20,6384
2020-02-13 13:25,6469
2020-02-13 13:30,6546
2020-02-13 13:35,6636
2020-02-13 13:40,6669
2020-02-13 13:45,6790
2020-02-13 13:50,6889
2020-02-13 13:55,6987
2020-02-13 14:00,7013
2020-02-13 14:05,7117
2020-02-13 14:10,7194
2020-02-13 14:15,7310
2020-02-13 14:20,7357
2020-02-13 14:25,7440
2020-02-13 14:30,7598
2020-02-13 14:35,7674
2020-02-13 14:40,7781
2020-02-13 14:45,7819
2020-02-13 14:50,7903
2020-02-13 14:55,7978
2020-02-13 15:00,7984
2020-02-13 15:05,8054
2020-02-13 15:10,8169
2020-02-13 15:15,8260
2020-02-13 15:20,8373
2020-02-13 15:25,8522
2020-02-13 15:30,8590
2020-02-13 15:35,8771
2020-02-13 15:40,8862
2020-02-13 15:45,8982
2020-02-13 15:50,9075
2020-02-13 15:55,9158
2020-02-13 16:00,9266
2020-02-13 16:05,9404
2020-02-13 16:10,9467
2020-02-13 16:15,9585
2020-02-13 16:20,9711
2020-02-13 16:25,9805
2020-02-13 16:30,9964
2020-02-13 16:35,10122
2020-02-13 16:40,10206
2020-02-13 16:45,10279
2020-02-13 16:50,10370
2020-02-13 16:55,10504
2020-02-13 17:00,10679
2020-02-13 17:05,10703
2020-02-13 17:10,10903
2020-02-13 17:15,11055
2020-02-13 17:20,11197
2020-02-13 17:25,11329
2020-02-13 17:30,11440
2020-02-13 17:35,11529
2020-02-13 17:40,11677
2020-02-13 17:45,11771
2020-02-13 17:50,11853
2020-02-13 17:55,11949
2020-02-13 18:00,12090
2020-02-13 18:05,12092
2020-02-13 18:10,12228
2020-02-13 18:15,12327
2020-02-13 18:20,12366
2020-02-13 18:25,12450
2020-02-13 18:30,12553
2020-02-13 18:35,12647
2020-02-13 18:40,12707
2020-02-13 18:45,12842
2020-02-13 18:50,12929
2020-02-13 18:55,12980
2020-02-13 19:00,13086
2020-02-13 19:05,13159
2020-02-13 19:10,13231
2020-02-13 19:15,13284
2020-02-13 19:20,0
2020-02-13 19:25,13363
2020-02-13 19:30,13483
2020-02-13 19:35,13548
2020-02-13 19:40,13618
2020-02-13 19:45,13714
2020-02-13 19:50,13725
2020-02-13 19:55,13806
2020-02-13 20:00,13859
2020-02-13 20:05,13904
2020-02-13 20:10,13870
2020-02-13 20:15,13897
2020-02-13 20:20,13982
2020-02-13 20:25,14036
2020-02-13 20:30,14019
2020-02-13 20:35,14090
2020-02-13 20:40,14013
2020-02-13 20:45,14044
2020-02-13 20:50,14050
2020-02-13 20:55,14016
2020-02-13 21:00,14058
2020-02-13 21:05,13997
2020-02-13 21:10,13982
2020-02-13 21:15,13950
2020-02-13 21:20,13941
2020-02-13 21:25,13925
2020-02-13 21:30,13942
2020-02-13 21:35,13963
2020-02-13 21:40,13951
2020-02-13 21:45,13899
2020-02-13 21:50,13840
2020-02-13 21:55,13901
2020-02-13 22:00,13873
2020-02-13 22:05,13756
2020-02-13 22:10,13744
2020-02-13 22:15,13710
2020-02-13 22:20,13672
2020-02-13 22:25,13698
2020-02-13 22:30,13647
2020-02-13 22:35,13589
2020-02-13 22:40,13518
2020-02-13 22:45,13468
2020-02-13 22:50,13409
2020-02-13 22:55,13324
2020-02-13 23:00,13240
2020-02-13 23:05,13114
2020-02-13 23:10,13063
2020-02-13 23:15,13086
2020-02-13 23:20,13054
2020-02-13 23:25,12982
2020-02-13 23:30,12857
2020-02-13 23:35,12802
2020-02-13 23:40,12780
2020-02-13 23:45,12641
2020-02-13 23:50,12599
2020-02-13 23:55,12520
2020-02-14 00:00,12436
2020-02-14 00:05,12405
2020-02-14 00:10,12388
2020-02-14 00:15,12407
2020-02-14 00:20,12427
2020-02-14 00:25,12352
2020-02-14 00:30,12323
2020-02-14 00:35,12373
2020-02-14 00:40,12417
2020-02-14 00:45,12387
2020-02-14 00:50,12399
2020-02-14 00:55,12374
2020-02-14 01:00,12406
2020-02-14 01:05,12474
2020-02-14 01:10,12558
2020-02-14 01:15,12618
2020-02-14 01:20,12687
2020-02-14 01:25,12731
2020-02-14 01:30,12821
2020-02-14 01:35,12780
2020-02-14 01:40,12811
2020-02-14 01:45,12832
2020-02-14 01:50,12903
2020-02-14 01:55,12964
2020-02-14 02:00,12987
2020-02-14 02:05,13014
2020-02-14 02:10,12960
2020-02-14 02:15,12862
2020-02-14 02:20,12847
2020-02-14 02:25,12866
2020-02-14 02:30,12828
2020-02-14 02:35,12830
2020-02-14 02:40,12838
2020-02-14 02:45,12849
2020-02-14 02:50,12853
2020-02-14 02:55,12780
2020-02-14 03:00,12785
2020-02-14 03:05,0
2020-02-14 03:10,12685
2020-02-14 03:15,12622
2020-02-14 03:20,12653
2020-02-14 03:25,12579
2020-02-14 03:30,12417
2020-02-14 03:35,12326
2020-02-14 03:40,12286
2020-02-14 03:45,12193
2020-02-14 03:50,12116
2020-02-14 03:55,12089
2020-02-14 04:00,12052
2020-02-14 04:05,11997
2020-02-14 04:10,11864
2020-02-14 04:15,11751
2020-02-14 04:20,11613
2020-02-14 04:25,11487
2020-02-14 04:30,11304
2020-02-14 04:35,0
2020-02-14 04:40,11143
2020-02-14 04:45,10997
2020-02-14 04:50,10780
2020-02-14 04:55,10780
2020-02-14 05:00,10340
2020-02-14 05:05,10105
2020-02-14 05:10,10105
2020-02-14 05:15,9940
2020-02-14 05:20,9854
2020-02-14 05:25,9690
2020-02-14 05:30,9505
2020-02-14 05:35,9209
2020-02-14 05:40,9209
2020-02-14 05:45,
2020-02-14 05:50,
2020-02-14 05:55,
2020-02-14 06:00,
2020-02-14 06:05,
2020-02-14 06:10,
2020-02-14 06:15,8028
2020-02-14 06:20,7884
2020-02-14 06:25,7768
2020-02-14 06:30,7632
2020-02-14 06:35,7505
2020-02-14 06:40,0
2020-02-14 06:45,6491
2020-02-14 06:50,5485
2020-02-14 06:55,3948
2020-02-14 07:00,3838
2020-02-14 07:05,3991
2020-02-14 07:10,4172
2020-02-14 07:15,4280
2020-02-14 07:20,4385
2020-02-14 07:25,4424
2020-02-14 07:30,4554
2020-02-14 07:35,4655
2020-02-14 07:40,4770
2020-02-14 07:45,4811
2020-02-14 07:50,4808
2020-02-14 07:55,4853
2020-02-14 08:00,4887
2020-02-14 08:05,4884
2020-02-14 08:10,4926
2020-02-14 08:15,4935
2020-02-14 08:20,4924
2020-02-14 08:25,4912
2020-02-14 08:30,4883
2020-02-14 08:35,4848
2020-02-14 08:40,4816
2020-02-14 08:45,4828
2020-02-14 08:50,4835
2020-02-14 08:55,4806
2020-02-14 09:00,4770
2020-02-14 09:05,4784
2020-02-14 09:10,4764
2020-02-14 09:15,4741
2020-02-14 09:20,4764
2020-02-14 09:25,4774
2020-02-14 09:30,4769
2020-02-14 09:35,4737
2020-02-14 09:40,4724
2020-02-14 09:45,4755
2020-02-14 09:50,4777
2020-02-14 09:55,4731
2020-02-14 10:00,4730
2020-02-14 10:05,4731
2020-02-14 10:10,4757
2020-02-14 10:15,4736
2020-02-14 10:20,4753
2020-02-14 10:25,4793
2020-02-14 10:30,4846
2020-02-14 10:35,4835
2020-02-14 10:40,4900
2020-02-14 10:45,4919
2020-02-14 10:50,4949
2020-02-14 10:55,5005
2020-02-14 11:00,5068
2020-02-14 11:05,5132
2020-02-14 11:10,5151
2020-02-14 11:15,5229
2020-02-14 11:20,5269
2020-02-14 11:25,5351
2020-02-14 11:30,5402
2020-02-14 11:35,5438
2020-02-14 11:40,5491
2020-02-14 11:45,5564
2020-02-14 11:50,5672
2020-02-14 11:55,5693
2020-02-14 12:00,5771
2020-02-14 12:05,5780
2020-02-14 12:10,5824
2020-02-14 12:15,5877
2020-02-14 12:20,6026
2020-02-14 12:25,6081
2020-02-14 12:30,6162
2020-02-14 12:35,6178
2020-02-14 12:40,6260
2020-02-14 12:45,6262
2020-02-14 12:50,6290
2020-02-14 12:55,6322
2020-02-14 13:00,6371
2020-02-14 13:05,6449
2020-02-14 13:10,6519
2020-02-14 13:15,6622
2020-02-14 13:20,6699
2020-02-14 13:25,6797
2020-02-14 13:30,6894
2020-02-14 13:35,6967
2020-02-14 13:40,7068
2020-02-14 13:45,7207
2020-02-14 13:50,7305
2020-02-14 13:55,7453
2020-02-14 14:00,7550
2020-02-14 14:05,7611
2020-02-14 14:10,7733
2020-02-14 14:15,7810
2020-02-14 14:20,7939
2020-02-14 14:25,8028
2020-02-14 14:30,8158
2020-02-14 14:35,8289
2020-02-14 14:40,8314
2020-02-14 14:45,8483
2020-02-14 14:50,8609
2020-02-14 14:55,8649
2020-02-14 15:00,8743
2020-02-14 15:05,8816
2020-02-14 15:10,8923
2020-02-14 15:15,9038
2020-02-14 15:20,9129
2020-02-14 15:25,9170
2020-02-14 15:30,9229
2020-02-14 15:35,9355
2020-02-14 15:40,9459
2020-02-14 15:45,9498
2020-02-14 15:50,9595
2020-02-14 15:55,9693
2020-02-14 16:00,0
2020-02-14 16:05,9777
2020-02-14 16:10,9907
2020-02-14 16:15,10004
2020-02-14 16:20,10111
2020-02-14 16:25,10216
2020-02-14 16:30,0
2020-02-14 16:35,10369
2020-02-14 16:40,10519
2020-02-14 16:45,10577
2020-02-14 16:50,10700
2020-02-14 16:55,10773
2020-02-14 17:00,10879
2020-02-14 17:05,11010
2020-02-14 17:10,11157
2020-02-14 17:15,11181
2020-02-14 17:20,11286
2020-02-14 17:25,11341
2020-02-14 17:30,11341
2020-02-14 17:35,11438
2020-02-14 17:40,11540
2020-02-14 17:45,11626
2020-02-14 17:50,11715
2020-02-14 17:55,11805
2020-02-14 18:00,11850
2020-02-14 18:05,11935
2020-02-14 18:10,11988
2020-02-14 18:15,11980
2020-02-14 18:20,12091
2020-02-14 18:25,12148
2020-02-14 18:30,12154
2020-02-14 18:35,12219
2020-02-14 18:40,12274
2020-02-14 18:45,12329
2020-02-14 18:50,12410
2020-02-14 18:55,12451
2020-02-14 19:00,12491
2020-02-14 19:05,12599
2020-02-14 19:10,12665
2020-02-14 19:15,12627
2020-02-14 19:20,12746
2020-02-14 19:25,12828
2020-02-14 19:30,12867
2020-02-14 19:35,12985
2020-02-14 19:40,13069
2020-02-14 19:45,13165
2020-02-14 19:50,13314
2020-02-14 19:55,13365
2020-02-14 20:00,13439
2020-02-14 20:05,13502
2020-02-14 20:10,13540
2020-02-14 20:15,13645
2020-02-14 20:20,13701
2020-02-14 20:25,13684
2020-02-14 20:30,13727
2020-02-14 20:35,13711
2020-02-14 20:40,13769
2020-02-14 20:45,13860
2020-02-14 20:50,13856
2020-02-14 20:55,13845
2020-02-14 21:00,13878
2020-02-14 21:05,13892
2020-02-14 21:10,13873
2020-02-14 21:15,13916
2020-02-14 21:20,13949
2020-02-14 21:25,14016
2020-02-14 21:30,14091
2020-02-14 21:35,14071
2020-02-14 21:40,14077
2020-02-14 21:45,14205
2020-02-14 21:50,14186
2020-02-14 21:55,14225
2020-02-14 22:00,14259
2020-02-14 22:05,0
2020-02-14 22:10,14202
2020-02-14 22:15,14157
2020-02-14 22:20,14159
2020-02-14 22:25,14153
2020-02-14 22:30,14168
2020-02-14 22:35,0
2020-02-14 22:40,14086
2020-02-14 22:45,14060
2020-02-14 22:50,14008
2020-02-14 22:55,13970
2020-02-14 23:00,13909
2020-02-14 23:05,13836
2020-02-14 23:10,13661
2020-02-14 23:15,13521
2020-02-14 23:20,13557
2020-02-14 23:25,13498
2020-02-14 23:30,13484
2020-02-14 23:35,13395
2020-02-14 23:40,13316
2020-02-14 23:45,13165
2020-02-14 23:50,13159
2020-02-14 23:55,13200
2020-02-15 00:00,13124
2020-02-15 00:05,13065
2020-02-15 00:10,12956
2020-02-15 00:15,12926
2020-02-15 00:20,12925
2020-02-15 00:25,12905
2020-02-15 00:30,12936
2020-02-15 00:35,12909
2020-02-15 00:40,12960
2020-02-15 00:45,12902
2020-02-15 00:50,12837
2020-02-15 00:55,0
2020-02-15 01:00,12892
2020-02-15 01:05,12857
2020-02-15 01:10,12838
2020-02-15 01:15,12784
2020-02-15 01:20,12838
2020-02-15 01:25,12847
2020-02-15 01:30,12804
2020-02-15 01:35,12833
2020-02-15 01:40,12821
2020-02-15 01:45,12816
2020-02-15 01:50,12776
2020-02-15 01:55,12744
2020-02-15 02:00,12722
2020-02-15 02:05,12707
2020-02-15 02:10,12681
2020-02-15 02:15,0
2020-02-15 02:20,12706
2020-02-15 02:25,12726
2020-02-15 02:30,12729
2020-02-15 02:35,12803
2020-02-15 02:40,12816
2020-02-15 02:45,12874
2020-02-15 02:50,12869
2020-02-15 02:55,12844
2020-02-15 03:00,12794
2020-02-15 03:05,12750
2020-02-15 03:10,12764
2020-02-15 03:15,12809
2020-02-15 03:20,12796
2020-02-15 03:25,12744
2020-02-15 03:30,12691
2020-02-15 03:35,12603
2020-02-15 03:40,12575
2020-02-15 03:45,12536
2020-02-15 03:50,12539
2020-02-15 03:55,12510
2020-02-15 04:00,12475
2020-02-15 04:05,12451
2020-02-15 04:10,12399
2020-02-15 04:15,12392
2020-02-15 04:20,12389
2020-02-15 04:25,12326
2020-02-15 04:30,12315
2020-02-15 04:35,12194
2020-02-15 04:40,12145
2020-02-15 04:45,12071
2020-02-15 04:50,11982
2020-02-15 04:55,11937
2020-02-15 05:00,11822
2020-02-15 05:05,11780
2020-02-15 05:10,11698
2020-02-15 05:15,11642
2020-02-15 05:20,11597
2020-02-15 05:25,11449
2020-02-15 05:30,11310
2020-02-15 05:35,11221
2020-02-15 05:40,11125
2020-02-15 05:45,11048
2020-02-15 05:50,10982
2020-02-15 05:55,10832
2020-02-15 06:00,10672
2020-02-15 06:05,10568
2020-02-15 06:10,10468
2020-02-15 06:15,10276
2020-02-15 06:20,10117
2020-02-15 06:25,9943
2020-02-15 06:30,9782
2020-02-15 06:35,9655
2020-02-15 06:40,9540
2020-02-15 06:45,9402
2020-02-15 06:50,9277
2020-02-15 06:55,9142
2020-02-15 07:00,8951
2020-02-15 07:05,8754
2020-02-15 07:10,8664
2020-02-15 07:15,8499
2020-02-15 07:20,8316
2020-02-15 07:25,7814
2020-02-15 07:30,7451
2020-02-15 07:35,7376
2020-02-15 07:40,7321
2020-02-15 07:45,7223
2020-02-15 07:50,7141
2020-02-15 07:55,7059
2020-02-15 08:00,7000
2020-02-15 08:05,6905
2020-02-15 08:10,6843
2020-02-15 08:15,6780
2020-02-15 08:20,6768
2020-02-15 08:25,6751
2020-02-15 08:30,6717
2020-02-15 08:35,6683
2020-02-15 08:40,6636
2020-02-15 08:45,6610
2020-02-15 08:50,6651
2020-02-15 08:55,6673
2020-02-15 09:00,6673
2020-02-15 09:05,6633
2020-02-15 09:10,0
2020-02-15 09:15,6579
2020-02-15 09:20,6578
2020-02-15 09:25,6556
2020-02-15 09:30,6525
2020-02-15 09:35,6525
2020-02-15 09:40,6489
2020-02-15 09:45,6513
2020-02-15 09:50,6551
2020-02-15 09:55,6515
2020-02-15 10:00,6515
2020-02-15 10:05,6513
2020-02-15 10:10,6557
2020-02-15 10:15,6584
2020-02-15 10:20,6628
2020-02-15 10:25,6663
2020-02-15 10:30,6701
2020-02-15 10:35,0
2020-02-15 10:40,6784
2020-02-15 10:45,6880
2020-02-15 10:50,6927
2020-02-15 10:55,7026
2020-02-15 11:00,7102
2020-02-15 11:05,7092
2020-02-15 11:10,7190
2020-02-15 11:15,7288
2020-02-15 11:20,7379
2020-02-15 11:25,7358
2020-02-15 11:30,7424
2020-02-15 11:35,7441
2020-02-15 11:40,7511
2020-02-15 11:45,7572
2020-02-15 11:50,7656
2020-02-15 11:55,7744
2020-02-15 12:00,7807
2020-02-15 12:05,7893
2020-02-15 12:10,7937
2020-02-15 12:15,0
2020-02-15 12:20,8146
2020-02-15 12:25,8208
2020-02-15 12:30,8297
2020-02-15 12:35,0
2020-02-15 12:40,8463
2020-02-15 12:45,8541
2020-02-15 12:50,8628
2020-02-15 12:55,8709
2020-02-15 13:00,8783
2020-02-15 13:05,8818
2020-02-15 13:10,8868
2020-02-15 13:15,8956
2020-02-15 13:20,9063
2020-02-15 13:25,9120
2020-02-15 13:30,9236
2020-02-15 13:35,9366
2020-02-15 13:40,9440
2020-02-15 13:45,9521
2020-02-15 13:50,9617
2020-02-15 13:55,9681
2020-02-15 14:00,9779
2020-02-15 14:05,9889
2020-02-15 14:10,10061
2020-02-15 14:15,10190
2020-02-15 14:20,10334
2020-02-15 14:25,10467
2020-02-15 14:30,10593
2020-02-15 14:35,10666
2020-02-15 14:40,10802
2020-02-15 14:45,0
2020-02-15 14:50,10929
2020-02-15 14:55,11042
2020-02-15 15:00,11161
2020-02-15 15:05,11282
2020-02-15 15:10,11390
2020-02-15 15:15,11513
2020-02-15 15:20,11630
2020-02-15 15:25,11732
2020-02-15 15:30,11804
2020-02-15 15:35,11870
2020-02-15 15:40,12032
2020-02-15 15:45,12195
2020-02-15 15:50,12296
2020-02-15 15:55,12367
2020-02-15 16:00,12494
2020-02-15 16:05,12637
2020-02-15 16:10,12698
2020-02-15 16:15,12758
2020-02-15 16:20,12815
2020-02-15 16:25,12938
2020-02-15 16:30,12981
2020-02-15 16:35,13031
2020-02-15 16:40,13244
2020-02-15 16:45,13366
2020-02-15 16:50,13470
2020-02-15 16:55,13530
2020-02-15 17:00,13623
2020-02-15 17:05,13735
2020-02-15 17:10,13895
2020-02-15 17:15,13966
2020-02-15 17:20,14059
2020-02-15 17:25,14124
2020-02-15 17:30,14167
2020-02-15 17:35,14307
2020-02-15 17:40,14426
2020-02-15 17:45,14494
2020-02-15 17:50,14571
2020-02-15 17:55,14627
2020-02-15 18:00,14713
2020-02-15 18:05,14844
2020-02-15 18:10,14952
2020-02-15 18:15,15011
2020-02-15 18:20,15122
2020-02-15 18:25,15188
2020-02-15 18:30,15184
2020-02-15 18:35,15285
2020-02-15 18:40,15349
2020-02-15 18:45,15469
2020-02-15 18:50,15615
2020-02-15 18:55,15757
2020-02-15 19:00,15767
2020-02-15 19:05,15839
2020-02-15 19:10,15937
2020-02-15 19:15,16033
2020-02-15 19:20,16124
2020-02-15 19:25,16207
2020-02-15 19:30,16276
2020-02-15 19:35,16487
2020-02-15 19:40,16596
2020-02-15 19:45,16650
2020-02-15 19:50,16764
2020-02-15 19:55,16792
2020-02-15 20:00,16972
2020-02-15 20:05,17059
2020-02-15 20:10,0
2020-02-15 20:15,17228
2020-02-15 20:20,17181
2020-02-15 20:25,17249
2020-02-15 20:30,17295
2020-02-15 20:35,17296
2020-02-15 20:40,17345
2020-02-15 20:45,17358
2020-02-15 20:50,17365
2020-02-15 20:55,17403
2020-02-15 21:00,17410
2020-02-15 21:05,17464
2020-02-15 21:10,17295
2020-02-15 21:15,17346
2020-02-15 21:20,17315
2020-02-15 21:25,17326
2020-02-15 21:30,17348
2020-02-15 21:35,17302
2020-02-15 21:40,17278
2020-02-15 21:45,17313
2020-02-15 21:50,17315
2020-02-15 21:55,17240
2020-02-15 22:00,17283
2020-02-15 22:05,17260
2020-02-15 22:10,17142
2020-02-15 22:15,17165
2020-02-15 22:20,17082
2020-02-15 22:25,17063
2020-02-15 22:30,17007
2020-02-15 22:35,16841
2020-02-15 22:40,16805
2020-02-15 22:45,16687
2020-02-15 22:50,16656
2020-02-15 22:55,16516
2020-02-15 23:00,16503
2020-02-15 23:05,0
2020-02-15 23:10,16277
2020-02-15 23:15,16155
2020-02-15 23:20,16028
2020-02-15 23:25,15945
2020-02-15 23:30,15825
2020-02-15 23:35,15728
2020-02-15 23:40,15602
2020-02-15 23:45,15573
2020-02-15 23:50,15512
2020-02-15 23:55,15413
2020-02-16 00:00,15316
2020-02-16 00:05,15316
2020-02-16 00:10,15198
2020-02-16 00:15,15135
2020-02-16 00:20,15047
2020-02-16 00:25,14881
2020-02-16 00:30,14832
2020-02-16 00:35,14758
2020-02-16 00:40,14664
2020-02-16 00:45,14564
2020-02-16 00:50,14505
2020-02-16 00:55,14517
2020-02-16 01:00,14528
2020-02-16 01:05,14459
2020-02-16 01:10,14369
2020-02-16 01:15,14340
2020-02-16 01:20,14216
2020-02-16 01:25,14185
2020-02-16 01:30,14246
2020-02-16 01:35,14252
2020-02-16 01:40,14245
2020-02-16 01:45,14169
2020-02-16 01:50,14116
2020-02-16 01:55,14171
2020-02-16 02:00,14162
2020-02-16 02:05,14181
2020-02-16 02:10,0
2020-02-16 02:15,14224
2020-02-16 02:20,14199
2020-02-16 02:25,14192
2020-02-16 02:30,14133
2020-02-16 02:35,14159
2020-02-16 02:40,14198
2020-02-16 02:45,14135
2020-02-16 02:50,14120
2020-02-16 02:55,14143
2020-02-16 03:00,14072
2020-02-16 03:05,14053
2020-02-16 03:10,13995
2020-02-16 03:15,13974
2020-02-16 03:20,13941
2020-02-16 03:25,13932
2020-02-16 03:30,13906
2020-02-16 03:35,13910
2020-02-16 03:40,13865
2020-02-16 03:45,13870
2020-02-16 03:50,13810
2020-02-16 03:55,13789
2020-02-16 04:00,13734
2020-02-16 04:05,13717
2020-02-16 04:10,13594
2020-02-16 04:15,13552
2020-02-16 04:20,13532
2020-02-16 04:25,13509
2020-02-16 04:30,13474
2020-02-16 04:35,13406
2020-02-16 04:40,13360
2020-02-16 04:45,13370
2020-02-16 04:50,0
2020-02-16 04:55,13127
2020-02-16 05:00,13022
2020-02-16 05:05,12903
2020-02-16 05:10,12803
2020-02-16 05:15,12700
2020-02-16 05:20,12567
2020-02-16 05:25,12470
2020-02-16 05:30,12339
2020-02-16 05:35,12231
2020-02-16 05:40,12088
2020-02-16 05:45,11948
2020-02-16 05:50,0
2020-02-16 05:55,11675
2020-02-16 06:00,11512
2020-02-16 06:05,11328
2020-02-16 06:10,11211
2020-02-16 06:15,11149
2020-02-16 06:20,10969
2020-02-16 06:25,10892
2020-02-16 06:30,10811
2020-02-16 06:35,10611
2020-02-16 06:40,10511
2020-02-16 06:45,10365
2020-02-16 06:50,10186
2020-02-16 06:55,10075
2020-02-16 07:00,9962
2020-02-16 07:05,9830
2020-02-16 07:10,9656
2020-02-16 07:15,9478
2020-02-16 07:20,9336
2020-02-16 07:25,9168
2020-02-16 07:30,9002
2020-02-16 07:35,8886
2020-02-16 07:40,8757
2020-02-16 07:45,8642
2020-02-16 07:50,8443
2020-02-16 07:55,8366
2020-02-16 08:00,8259
2020-02-16 08:05,8166
2020-02-16 08:10,8076
2020-02-16 08:15,7951
2020-02-16 08:20,0
2020-02-16 08:25,0
2020-02-16 08:30,7624
2020-02-16 08:35,7563
2020-02-16 08:40,7479
2020-02-16 08:45,7483
2020-02-16 08:50,7433
2020-02-16 08:55,7352
2020-02-16 09:00,7285
2020-02-16 09:05,7272
2020-02-16 09:10,7126
2020-02-16 09:15,7078
2020-02-16 09:20,7004
2020-02-16 09:25,6977
2020-02-16 09:30,7008
2020-02-16 09:35,6988
2020-02-16 09:40,6963
2020-02-16 09:45,6951
2020-02-16 09:50,6998
2020-02-16 09:55,7026
2020-02-16 10:00,6986
2020-02-16 10:05,7003
2020-02-16 10:10,7029
2020-02-16 10:15,7086
2020-02-16 10:20,6971
2020-02-16 10:25,7023
2020-02-16 10:30,7081
2020-02-16 10:35,7120
2020-02-16 10:40,7224
2020-02-16 10:45,7296
2020-02-16 10:50,7304
2020-02-16 10:55,7382
2020-02-16 11:00,7402
2020-02-16 11:05,7447
2020-02-16 11:10,7505
2020-02-16 11:15,7566
2020-02-16 11:20,7702
2020-02-16 11:25,7812
2020-02-16 11:30,7976
2020-02-16 11:35,8069
2020-02-16 11:40,8153
2020-02-16 11:45,8271
2020-02-16 11:50,8326
2020-02-16 11:55,8377
2020-02-16 12:00,
2020-02-16 12:05,8531
2020-02-16 12:10,8618
2020-02-16 12:15,8680
2020-02-16 12:20,8793
2020-02-16 12:25,8910
2020-02-16 12:30,9033
2020-02-16 12:35,9143
2020-02-16 12:40,0
2020-02-16 12:45,9204
2020-02-16 12:50,9256
2020-02-16 12:55,9312
2020-02-16 13:00,9438
2020-02-16 13:05,9568
2020-02-16 13:10,9641
2020-02-16 13:15,9714
2020-02-16 13:20,9788
2020-02-16 13:25,9886
2020-02-16 13:30,10014
2020-02-16 13:35,10085
2020-02-16 13:40,10165
2020-02-16 13:45,10287
2020-02-16 13:50,10353
2020-02-16 13:55,10446
2020-02-16 14:00,10587
2020-02-16 14:05,10712
2020-02-16 14:10,0
2020-02-16 14:15,10719
2020-02-16 14:20,10854
2020-02-16 14:25,10983
2020-02-16 14:30,11101
2020-02-16 14:35,11218
2020-02-16 14:40,11350
2020-02-16 14:45,11470
2020-02-16 14:50,11534
2020-02-16 14:55,11636
2020-02-16 15:00,11739
2020-02-16 15:05,11816
2020-02-16 15:10,11932
2020-02-16 15:15,12076
2020-02-16 15:20,12207
2020-02-16 15:25,12330
2020-02-16 15:30,12524
2020-02-16 15:35,12663
2020-02-16 15:40,12772
2020-02-16 15:45,12882
2020-02-16 15:50,12957
2020-02-16 15:55,13077
2020-02-16 16:00,13183
2020-02-16 16:05,0
2020-02-16 16:10,13343
2020-02-16 16:15,
2020-02-16 16:20,13554
2020-02-16 16:25,13723
2020-02-16 16:30,10987
2020-02-16 16:35,11671
2020-02-16 16:40,14026
2020-02-16 16:45,0
2020-02-16 16:50,14506
2020-02-16 16:55,14571
2020-02-16 17:00,14695
2020-02-16 17:05,14867
2020-02-16 17:10,14995
2020-02-16 17:15,15090
2020-02-16 17:20,15222
2020-02-16 17:25,15342
2020-02-16 17:30,0
2020-02-16 17:35,15580
2020-02-16 17:40,15733
2020-02-16 17:45,15913
2020-02-16 17:50,16015
2020-02-16 17:55,16072
2020-02-16 18:00,16182
2020-02-16 18:05,0
2020-02-16 18:10,16448
2020-02-16 18:15,16595
2020-02-16 18:20,16626
2020-02-16 18:25,0
2020-02-16 18:30,16919
2020-02-16 18:35,17119
2020-02-16 18:40,17196
2020-02-16 18:45,0
2020-02-16 18:50,17431
2020-02-16 18:55,0
2020-02-16 19:00,17630
2020-02-16 19:05,17712
2020-02-16 19:10,17804
2020-02-16 19:15,0
2020-02-16 19:20,17933
2020-02-16 19:25,18052
2020-02-16 19:30,18089
2020-02-16 19:35,18123
2020-02-16 19:40,18193
2020-02-16 19:45,18314
2020-02-16 19:50,18395
2020-02-16 19:55,18402
2020-02-16 20:00,18348
2020-02-16 20:05,18234
2020-02-16 20:10,18371
2020-02-16 20:15,18440
2020-02-16 20:20,0
2020-02-16 20:25,18548
2020-02-16 20:30,18496
2020-02-16 20:35,18495
2020-02-16 20:40,18433
2020-02-16 20:45,0
2020-02-16 20:50,0
2020-02-16 20:55,18443
2020-02-16 21:00,18375
2020-02-16 21:05,18336
2020-02-16 21:10,18317
2020-02-16 21:15,18268
2020-02-16 21:20,18259
2020-02-16 21:25,18168
2020-02-16 21:30,18025
2020-02-16 21:35,17956
2020-02-16 21:40,18002
2020-02-16 21:45,17926
2020-02-16 21:50,17876
2020-02-16 21:55,17772
2020-02-16 22:00,17721
2020-02-16 22:05,17628
2020-02-16 22:10,17502
2020-02-16 22:15,17449
2020-02-16 22:20,17391
2020-02-16 22:25,17234
2020-02-16 22:30,17183
2020-02-16 22:35,17104
2020-02-16 22:40,0
2020-02-16 22:45,16889
2020-02-16 22:50,16774
2020-02-16 22:55,16637
2020-02-16 23:00,16502
2020-02-16 23:05,0
2020-02-16 23:10,16191
2020-02-16 23:15,16025
2020-02-16 23:20,15973
2020-02-16 23:25,15811
2020-02-16 23:30,15617
2020-02-16 23:35,15543
2020-02-16 23:40,15505
2020-02-16 23:45,15367
2020-02-16 23:50,15250
2020-02-16 23:55,15241
2020-02-17 00:00,15156
2020-02-17 00:05,15043
2020-02-17 00:10,14938
2020-02-17 00:15,14746
2020-02-17 00:20,14657
2020-02-17 00:25,14660
2020-02-17 00:30,14505
2020-02-17 00:35,14432
2020-02-17 00:40,14376
2020-02-17 00:45,14265
2020-02-17 00:50,14288
2020-02-17 00:55,14324
2020-02-17 01:00,14293
2020-02-17 01:05,14249
2020-02-17 01:10,14242
2020-02-17 01:15,14255
2020-02-17 01:20,14244
2020-02-17 01:25,14246
2020-02-17 01:30,14241
2020-02-17 01:35,0
2020-02-17 01:40,14288
2020-02-17 01:45,14330
2020-02-17 01:50,14313
2020-02-17 01:55,14325
2020-02-17 02:00,0
2020-02-17 02:05,14334
2020-02-17 02:10,14434
2020-02-17 02:15,14337
2020-02-17 02:20,14302
2020-02-17 02:25,14244
2020-02-17 02:30,14240
2020-02-17 02:35,14279
2020-02-17 02:40,14212
2020-02-17 02:45,14168
2020-02-17 02:50,14111
2020-02-17 02:55,14115
2020-02-17 03:00,14051
2020-02-17 03:05,13976
2020-02-17 03:10,13822
2020-02-17 03:15,13726
2020-02-17 03:20,13680
2020-02-17 03:25,13759
2020-02-17 03:30,13670
2020-02-17 03:35,13607
2020-02-17 03:40,13546
2020-02-17 03:45,13533
2020-02-17 03:50,13430
2020-02-17 03:55,13313
2020-02-17 04:00,13217
2020-02-17 04:05,13109
2020-02-17 04:10,12938
2020-02-17 04:15,12790
2020-02-17 04:20,12729
2020-02-17 04:25,12542
2020-02-17 04:30,12453
2020-02-17 04:35,12277
2020-02-17 04:40,12154
2020-02-17 04:45,12117
2020-02-17 04:50,11958
2020-02-17 04:55,0
2020-02-17 05:00,11779
2020-02-17 05:05,11637
2020-02-17 05:10,11486
2020-02-17 05:15,11328
2020-02-17 05:20,11183
2020-02-17 05:25,11022
2020-02-17 05:30,10811
2020-02-17 05:35,10676
2020-02-17 05:40,10541
2020-02-17 05:45,10451
2020-02-17 05:50,10241
2020-02-17 05:55,10053
2020-02-17 06:00,9867
2020-02-17 06:05,9645
2020-02-17 06:10,9457
2020-02-17 06:15,9295
2020-02-17 06:20,9147
2020-02-17 06:25,8963
2020-02-17 06:30,8771
2020-02-17 06:35,8602
2020-02-17 06:40,8478
2020-02-17 06:45,8289
2020-02-17 06:50,8188
2020-02-17 06:55,8036
2020-02-17 07:00,7875
2020-02-17 07:05,7680
2020-02-17 07:10,7492
2020-02-17 07:15,7432
2020-02-17 07:20,7276
2020-02-17 07:25,7163
2020-02-17 07:30,7046
2020-02-17 07:35,6901
2020-02-17 07:40,6815
2020-02-17 07:45,6703
2020-02-17 07:50,6618
2020-02-17 07:55,6479
2020-02-17 08:00,6400
2020-02-17 08:05,6356
2020-02-17 08:10,0
2020-02-17 08:15,6188
2020-02-17 08:20,6095
2020-02-17 08:25,6001
2020-02-17 08:30,5909
2020-02-17 08:35,5853
2020-02-17 08:40,5767
2020-02-17 08:45,5698
2020-02-17 08:50,5613
2020-02-17 08:55,5567
2020-02-17 09:00,5557
2020-02-17 09:05,5460
2020-02-17 09:10,5393
2020-02-17 09:15,5266
2020-02-17 09:20,5213
2020-02-17 09:25,5196
2020-02-17 09:30,5154
2020-02-17 09:35,5112
2020-02-17 09:40,5044
2020-02-17 09:45,5048
2020-02-17 09:50,5054
2020-02-17 09:55,5042
2020-02-17 10:00,4980
2020-02-17 10:05,4954
2020-02-17 10:10,5000
2020-02-17 10:15,5013
2020-02-17 10:20,5005
2020-02-17 10:25,5028
2020-02-17 10:30,5039
2020-02-17 10:35,5042
2020-02-17 10:40,5037
2020-02-17 10:45,5066
2020-02-17 10:50,5069
2020-02-17 10:55,5093
2020-02-17 11:00,5079
2020-02-17 11:05,5115
2020-02-17 11:10,5139
2020-02-17 11:15,5166
2020-02-17 11:20,5226
2020-02-17 11:25,5254
2020-02-17 11:30,5308
2020-02-17 11:35,5350
2020-02-17 11:40,5352
2020-02-17 11:45,5386
2020-02-17 11:50,5454
2020-02-17 11:55,5518
2020-02-17 12:00,5560
2020-02-17 12:05,5593
2020-02-17 12:10,5647
2020-02-17 12:15,5688
2020-02-17 12:20,5724
2020-02-17 12:25,5838
2020-02-17 12:30,5867
2020-02-17 12:35,5912
2020-02-17 12:40,5949
2020-02-17 12:45,6011
2020-02-17 12:50,6040
2020-02-17 12:55,6095
2020-02-17 13:00,6201
2020-02-17 13:05,6252
2020-02-17 13:10,6317
2020-02-17 13:15,6387
2020-02-17 13:20,6515
2020-02-17 13:25,6603
2020-02-17 13:30,6696
2020-02-17 13:35,6738
2020-02-17 13:40,6814
2020-02-17 13:45,6890
2020-02-17 13:50,7041
2020-02-17 13:55,7073
2020-02-17 14:00,7216
2020-02-17 14:05,7380
2020-02-17 14:10,7377
2020-02-17 14:15,7507
2020-02-17 14:20,7576
2020-02-17 14:25,7700
2020-02-17 14:30,7828
2020-02-17 14:35,7908
2020-02-17 14:40,8077
2020-02-17 14:45,8225
2020-02-17 14:50,8331
2020-02-17 14:55,8447
2020-02-17 15:00,8526
2020-02-17 15:05,8544
2020-02-17 15:10,8671
2020-02-17 15:15,8739
2020-02-17 15:20,8869
2020-02-17 15:25,9000
2020-02-17 15:30,9106
2020-02-17 15:35,9196
2020-02-17 15:40,9248
2020-02-17 15:45,9375
2020-02-17 15:50,9474
2020-02-17 15:55,9649
2020-02-17 16:00,9750
2020-02-17 16:05,9834
2020-02-17 16:10,9969
2020-02-17 16:15,10119
2020-02-17 16:20,10240
2020-02-17 16:25,10342
2020-02-17 16:30,10476
2020-02-17 16:35,0
2020-02-17 16:40,10825
2020-02-17 16:45,10896
2020-02-17 16:50,10974
2020-02-17 16:55,11018
2020-02-17 17:00,11151
2020-02-17 17:05,11280
2020-02-17 17:10,11343
2020-02-17 17:15,11464
2020-02-17 17:20,11595
2020-02-17 17:25,11717
2020-02-17 17:30,11926
2020-02-17 17:35,12130
2020-02-17 17:40,12250
2020-02-17 17:45,12476
2020-02-17 17:50,12650
2020-02-17 17:55,12799
2020-02-17 18:00,12876
2020-02-17 18:05,13024
2020-02-17 18:10,13186
2020-02-17 18:15,13334
2020-02-17 18:20,13473
2020-02-17 18:25,13523
2020-02-17 18:30,13597
2020-02-17 18:35,13769
2020-02-17 18:40,13854
2020-02-17 18:45,13959
2020-02-17 18:50,14089
2020-02-17 18:55,14190
2020-02-17 19:00,14250
2020-02-17 19:05,14420
2020-02-17 19:10,14533
2020-02-17 19:15,14613
2020-02-17 19:20,14700
2020-02-17 19:25,14889
2020-02-17 19:30,14964
2020-02-17 19:35,15070
2020-02-17 19:40,15163
2020-02-17 19:45,15183
2020-02-17 19:50,15206
2020-02-17 19:55,15226
2020-02-17 20:00,15297
2020-02-17 20:05,15286
2020-02-17 20:10,15295
2020-02-17 20:15,15322
2020-02-17 20:20,15396
2020-02-17 20:25,15446
2020-02-17 20:30,15473
2020-02-17 20:35,15471
2020-02-17 20:40,15535
2020-02-17 20:45,15502
2020-02-17 20:50,15512
2020-02-17 20:55,15462
2020-02-17 21:00,15433
2020-02-17 21:05,15444
2020-02-17 21:10,15424
2020-02-17 21:15,
2020-02-17 21:20,0
2020-02-17 21:25,15311
2020-02-17 21:30,15330
2020-02-17 21:35,15306
2020-02-17 21:40,15305
2020-02-17 21:45,15220
2020-02-17 21:50,15153
2020-02-17 21:55,15133
2020-02-17 22:00,15058
2020-02-17 22:05,14916
2020-02-17 22:10,14815
2020-02-17 22:15,14786
2020-02-17 22:20,14712
2020-02-17 22:25,14745
2020-02-17 22:30,14689
2020-02-17 22:35,14612
2020-02-17 22:40,14605
2020-02-17 22:45,14642
2020-02-17 22:50,14514
2020-02-17 22:55,14430
2020-02-17 23:00,14288
2020-02-17 23:05,14238
2020-02-17 23:10,14195
2020-02-17 23:15,14091
2020-02-17 23:20,13983
2020-02-17 23:25,13841
2020-02-17 23:30,13818
2020-02-17 23:35,13698
2020-02-17 23:40,13627
2020-02-17 23:45,13592
2020-02-17 23:50,13594
2020-02-17 23:55,13524
2020-02-18 00:00,13420
2020-02-18 00:05,13385
2020-02-18 00:10,13366
2020-02-18 00:15,13363
2020-02-18 00:20,13347
2020-02-18 00:25,13326
2020-02-18 00:30,13370
2020-02-18 00:35,13347
2020-02-18 00:40,13399
2020-02-18 00:45,13335
2020-02-18 00:50,13303
2020-02-18 00:55,13314
2020-02-18 01:00,13313
2020-02-18 01:05,13359
2020-02-18 01:10,13322
2020-02-18 01:15,13286
2020-02-18 01:20,13255
2020-02-18 01:25,13285
2020-02-18 01:30,13244
2020-02-18 01:35,13384
2020-02-18 01:40,13455
2020-02-18 01:45,13480
2020-02-18 01:50,13570
2020-02-18 01:55,13628
2020-02-18 02:00,13649
2020-02-18 02:05,13595
2020-02-18 02:10,13589
2020-02-18 02:15,13578
2020-02-18 02:20,13577
2020-02-18 02:25,13546
2020-02-18 02:30,13572
2020-02-18 02:35,13615
2020-02-18 02:40,13629
2020-02-18 02:45,13598
2020-02-18 02:50,13510
2020-02-18 02:55,13424
2020-02-18 03:00,13398
2020-02-18 03:05,13345
2020-02-18 03:10,13285
2020-02-18 03:15,13115
2020-02-18 03:20,13021
2020-02-18 03:25,13010
2020-02-18 03:30,12865
2020-02-18 03:35,12747
2020-02-18 03:40,12690
2020-02-18 03:45,12540
2020-02-18 03:50,12395
2020-02-18 03:55,0
2020-02-18 04:00,12102
2020-02-18 04:05,11915
2020-02-18 04:10,11790
2020-02-18 04:15,11645
2020-02-18 04:20,11507
2020-02-18 04:25,11401
2020-02-18 04:30,11242
2020-02-18 04:35,11051
2020-02-18 04:40,10962
2020-02-18 04:45,10732
2020-02-18 04:50,10591
2020-02-18 04:55,10480
2020-02-18 05:00,10324
2020-02-18 05:05,10175
2020-02-18 05:10,0
2020-02-18 05:15,9962
2020-02-18 05:20,9793
2020-02-18 05:25,9627
2020-02-18 05:30,9454
2020-02-18 05:35,0
2020-02-18 05:40,9056
2020-02-18 05:45,8910
2020-02-18 05:50,8767
2020-02-18 05:55,8612
2020-02-18 06:00,8469
2020-02-18 06:05,8269
2020-02-18 06:10,8159
2020-02-18 06:15,7944
2020-02-18 06:20,7786
2020-02-18 06:25,7626
2020-02-18 06:30,7455
2020-02-18 06:35,7309
2020-02-18 06:40,7156
2020-02-18 06:45,6997
2020-02-18 06:50,6909
2020-02-18 06:55,6771
2020-02-18 07:00,6663
2020-02-18 07:05,6552
2020-02-18 07:10,6434
2020-02-18 07:15,6321
2020-02-18 07:20,6202
2020-02-18 07:25,6078
2020-02-18 07:30,5949
2020-02-18 07:35,5861
2020-02-18 07:40,5779
2020-02-18 07:45,5688
2020-02-18 07:50,5630
2020-02-18 07:55,5521
2020-02-18 08:00,5482
2020-02-18 08:05,5386
2020-02-18 08:10,5361
2020-02-18 08:15,5302
2020-02-18 08:20,5249
2020-02-18 08:25,5194
2020-02-18 08:30,5122
2020-02-18 08:35,5019
2020-02-18 08:40,4965
2020-02-18 08:45,4952
2020-02-18 08:50,4939
2020-02-18 08:55,4921
2020-02-18 09:00,4885
2020-02-18 09:05,4861
2020-02-18 09:10,4834
2020-02-18 09:15,4814
2020-02-18 09:20,4746
2020-02-18 09:25,4735
2020-02-18 09:30,4788
2020-02-18 09:35,4787
2020-02-18 09:40,4768
2020-02-18 09:45,4792
2020-02-18 09:50,4776
2020-02-18 09:55,4755
2020-02-18 10:00,4772
2020-02-18 10:05,4711
2020-02-18 10:10,0
2020-02-18 10:15,4728
2020-02-18 10:20,4616
2020-02-18 10:25,4692
2020-02-18 10:30,4807
2020-02-18 10:35,4846
2020-02-18 10:40,4867
2020-02-18 10:45,4902
2020-02-18 10:50,0
2020-02-18 10:55,4915
2020-02-18 11:00,4912
2020-02-18 11:05,4898
2020-02-18 11:10,4960
2020-02-18 11:15,5017
2020-02-18 11:20,5049
2020-02-18 11:25,5128
2020-02-18 11:30,5172
2020-02-18 11:35,5216
2020-02-18 11:40,5270
2020-02-18 11:45,5299
2020-02-18 11:50,5340
2020-02-18 11:55,5397
2020-02-18 12:00,5400
2020-02-18 12:05,5473
2020-02-18 12:10,5513
2020-02-18 12:15,5576
2020-02-18 12:20,5654
2020-02-18 12:25,5737
2020-02-18 12:30,5824
2020-02-18 12:35,5851
2020-02-18 12:40,5902
2020-02-18 12:45,5962
2020-02-18 12:50,6010
2020-02-18 12:55,6070
2020-02-18 13:00,6123
2020-02-18 13:05,6134
2020-02-18 13:10,6256
2020-02-18 13:15,6306
2020-02-18 13:20,6416
2020-02-18 13:25,6502
2020-02-18 13:30,6567
2020-02-18 13:35,6623
2020-02-18 13:40,6705
2020-02-18 13:45,6806
2020-02-18 13:50,6922
2020-02-18 13:55,7016
2020-02-18 14:00,7100
2020-02-18 14:05,7173
2020-02-18 14:10,7250
2020-02-18 14:15,7300
2020-02-18 14:20,7360
2020-02-18 14:25,7452
2020-02-18 14:30,7546
2020-02-18 14:35,7647
2020-02-18 14:40,7734
2020-02-18 14:45,7811
2020-02-18 14:50,7911
2020-02-18 14:55,7965
2020-02-18 15:00,8081
2020-02-18 15:05,8189
2020-02-18 15:10,8278
2020-02-18 15:15,8403
2020-02-18 15:20,8504
2020-02-18 15:25,8612
2020-02-18 15:30,8733
2020-02-18 15:35,8814
2020-02-18 15:40,8923
2020-02-18 15:45,9114
2020-02-18 15:50,9191
2020-02-18 15:55,9262
2020-02-18 16:00,9322
2020-02-18 16:05,9417
2020-02-18 16:10,9528
2020-02-18 16:15,9655
2020-02-18 16:20,9747
2020-02-18 16:25,9866
2020-02-18 16:30,9981
2020-02-18 16:35,10135
2020-02-18 16:40,10187
2020-02-18 16:45,10232
2020-02-18 16:50,10343
2020-02-18 16:55,10434
2020-02-18 17:00,10553
2020-02-18 17:05,10662
2020-02-18 17:10,10726
2020-02-18 17:15,10867
2020-02-18 17:20,10955
2020-02-18 17:25,11063
2020-02-18 17:30,11211
2020-02-18 17:35,11349
2020-02-18 17:40,11450
2020-02-18 17:45,11553
2020-02-18 17:50,11685
2020-02-18 17:55,11826
2020-02-18 18:00,11939
2020-02-18 18:05,12124
2020-02-18 18:10,12252
2020-02-18 18:15,12330
2020-02-18 18:20,12447
2020-02-18 18:25,12504
2020-02-18 18:30,12533
2020-02-18 18:35,12554
2020-02-18 18:40,12667
2020-02-18 18:45,12743
2020-02-18 18:50,12849
2020-02-18 18:55,12995
2020-02-18 19:00,12979
2020-02-18 19:05,13085
2020-02-18 19:10,13114
2020-02-18 19:15,0
2020-02-18 19:20,13221
2020-02-18 19:25,13378
2020-02-18 19:30,13519
2020-02-18 19:35,13562
2020-02-18 19:40,13598
2020-02-18 19:45,0
2020-02-18 19:50,13736
2020-02-18 19:55,13731
2020-02-18 20:00,13730
2020-02-18 20:05,13656
2020-02-18 20:10,13774
2020-02-18 20:15,13760
2020-02-18 20:20,13819
2020-02-18 20:25,13802
2020-02-18 20:30,0
2020-02-18 20:35,13828
2020-02-18 20:40,13886
2020-02-18 20:45,13857
2020-02-18 20:50,13841
2020-02-18 20:55,13856
2020-02-18 21:00,13930
2020-02-18 21:05,13978
2020-02-18 21:10,13899
2020-02-18 21:15,13822
2020-02-18 21:20,13764
2020-02-18 21:25,13823
2020-02-18 21:30,13760
2020-02-18 21:35,13712
2020-02-18 21:40,13703
2020-02-18 21:45,13733
2020-02-18 21:50,13650
2020-02-18 21:55,13587
2020-02-18 22:00,13587
2020-02-18 22:05,13495
2020-02-18 22:10,0
2020-02-18 22:15,13479
2020-02-18 22:20,13540
2020-02-18 22:25,13529
2020-02-18 22:30,13492
2020-02-18 22:35,13441
2020-02-18 22:40,13382
2020-02-18 22:45,13312
2020-02-18 22:50,13324
2020-02-18 22:55,13301
2020-02-18 23:00,13239
2020-02-18 23:05,13060
2020-02-18 23:10,12931
2020-02-18 23:15,0
2020-02-18 23:20,598
2020-02-18 23:25,897
2020-02-18 23:30,1373
2020-02-18 23:35,2423
2020-02-18 23:40,3566
2020-02-18 23:45,6120
2020-02-18 23:50,7615
2020-02-18 23:55,0
2020-02-19 00:00,9802
2020-02-19 00:05,10077
2020-02-19 00:10,10077
2020-02-19 00:15,11401
2020-02-19 00:20,11401
2020-02-19 00:25,11719
2020-02-19 00:30,11880
2020-02-19 00:35,12125
2020-02-19 00:40,12373
2020-02-19 00:45,12373
2020-02-19 00:50,9548
2020-02-19 00:55,12387
2020-02-19 01:00,12551
2020-02-19 01:05,12551
2020-02-19 01:10,12589
2020-02-19 01:15,12682
2020-02-19 01:20,12755
2020-02-19 01:25,12811
2020-02-19 01:30,12908
2020-02-19 01:35,12916
2020-02-19 01:40,12880
2020-02-19 01:45,12947
2020-02-19 01:50,13007
2020-02-19 01:55,13074
2020-02-19 02:00,13100
2020-02-19 02:05,13100
2020-02-19 02:10,13110
2020-02-19 02:15,13160
2020-02-19 02:20,13137
2020-02-19 02:25,13106
2020-02-19 02:30,13172
2020-02-19 02:35,13172
2020-02-19 02:40,13172
2020-02-19 02:45,13150
2020-02-19 02:50,13142
2020-02-19 02:55,13101
2020-02-19 03:00,13017
2020-02-19 03:05,13017
2020-02-19 03:10,12943
2020-02-19 03:15,12892
2020-02-19 03:20,12782
2020-02-19 03:25,12550
2020-02-19 03:30,12550
2020-02-19 03:35,12395
2020-02-19 03:40,12300
2020-02-19 03:45,12300
2020-02-19 03:50,12223
2020-02-19 03:55,12129
2020-02-19 04:00,11894
2020-02-19 04:05,11894
2020-02-19 04:10,11699
2020-02-19 04:15,11550
2020-02-19 04:20,11416
2020-02-19 04:25,11302
2020-02-19 04:30,11164
2020-02-19 04:35,10962
2020-02-19 04:40,10777
2020-02-19 04:45,10673
2020-02-19 04:50,10528
2020-02-19 04:55,10385
2020-02-19 05:00,10225
2020-02-19 05:05,10021
2020-02-19 05:10,9873
2020-02-19 05:15,9691
2020-02-19 05:20,9504
2020-02-19 05:25,9348
2020-02-19 05:30,9246
2020-02-19 05:35,8943
2020-02-19 05:40,8770
2020-02-19 05:45,8770
2020-02-19 05:50,8597
2020-02-19 05:55,8424
2020-02-19 06:00,8134
2020-02-19 06:05,8134
2020-02-19 06:10,8053
2020-02-19 06:15,7688
2020-02-19 06:20,7688
2020-02-19 06:25,7527
2020-02-19 06:30,7376
2020-02-19 06:35,7251
2020-02-19 06:40,7144
2020-02-19 06:45,6954
2020-02-19 06:50,6817
2020-02-19 06:55,6670
2020-02-19 07:00,6568
2020-02-19 07:05,6451
2020-02-19 07:10,6293
2020-02-19 07:15,6186
2020-02-19 07:20,6072
2020-02-19 07:25,5957
2020-02-19 07:30,5853
2020-02-19 07:35,5759
2020-02-19 07:40,5646
2020-02-19 07:45,5568
2020-02-19 07:50,5520
2020-02-19 07:55,5441
2020-02-19 08:00,5315
2020-02-19 08:05,5315
2020-02-19 08:10,5270
2020-02-19 08:15,5179
2020-02-19 08:20,5071
2020-02-19 08:25,5043
2020-02-19 08:30,5022
2020-02-19 08:35,4978
2020-02-19 08:40,4920
2020-02-19 08:45,4872
2020-02-19 08:50,4840
2020-02-19 08:55,4797
2020-02-19 09:00,4798
2020-02-19 09:05,4794
2020-02-19 09:10,4780
2020-02-19 09:15,4759
2020-02-19 09:20,4733
2020-02-19 09:25,4726
2020-02-19 09:30,4749
2020-02-19 09:35,4737
2020-02-19 09:40,4760
2020-02-19 09:45,4722
2020-02-19 09:50,4680
2020-02-19 09:55,4657
2020-02-19 10:00,4691
2020-02-19 10:05,4756
2020-02-19 10:10,4794
2020-02-19 10:15,4825
2020-02-19 10:20,4854
2020-02-19 10:25,4862
2020-02-19 10:30,4868
2020-02-19 10:35,4873
2020-02-19 10:40,4851
2020-02-19 10:45,4861
2020-02-19 10:50,4904
2020-02-19 10:55,4971
2020-02-19 11:00,4974
2020-02-19 11:05,5056
2020-02-19 11:10,5075
2020-02-19 11:15,5081
2020-02-19 11:20,5103
2020-02-19 11:25,5173
2020-02-19 11:30,5226
2020-02-19 11:35,5286
2020-02-19 11:40,5314
2020-02-19 11:45,5386
2020-02-19 11:50,5484
2020-02-19 11:55,5527
2020-02-19 12:00,5555
2020-02-19 12:05,5585
2020-02-19 12:10,5616
2020-02-19 12:15,5649
2020-02-19 12:20,5741
2020-02-19 12:25,5797
2020-02-19 12:30,5889
2020-02-19 12:35,5921
2020-02-19 12:40,5923
2020-02-19 12:45,5971
2020-02-19 12:50,6079
2020-02-19 12:55,6144
2020-02-19 13:00,6186
2020-02-19 13:05,6262
2020-02-19 13:10,6340
2020-02-19 13:15,6374
2020-02-19 13:20,6439
2020-02-19 13:25,6496
2020-02-19 13:30,6524
2020-02-19 13:35,6616
2020-02-19 13:40,6688
2020-02-19 13:45,6787
2020-02-19 13:50,6899
2020-02-19 13:55,7022
2020-02-19 14:00,7074
2020-02-19 14:05,7144
2020-02-19 14:10,7224
2020-02-19 14:15,
2020-02-19 14:20,7475
2020-02-19 14:25,7527
2020-02-19 14:30,7559
2020-02-19 14:35,7701
2020-02-19 14:40,7813
2020-02-19 14:45,7910
2020-02-19 14:50,8008
2020-02-19 14:55,8078
2020-02-19 15:00,8144
2020-02-19 15:05,8190
2020-02-19 15:10,8289
2020-02-19 15:15,8424
2020-02-19 15:20,8521
2020-02-19 15:25,8614
2020-02-19 15:30,8689
2020-02-19 15:35,8824
2020-02-19 15:40,8913
2020-02-19 15:45,9017
2020-02-19 15:50,9072
2020-02-19 15:55,9199
2020-02-19 16:00,9307
2020-02-19 16:05,9416
2020-02-19 16:10,9487
2020-02-19 16:15,9565
2020-02-19 16:20,9666
2020-02-19 16:25,9781
2020-02-19 16:30,9868
2020-02-19 16:35,9925
2020-02-19 16:40,10050
2020-02-19 16:45,10184
2020-02-19 16:50,10237
2020-02-19 16:55,10326
2020-02-19 17:00,10433
2020-02-19 17:05,10548
2020-02-19 17:10,10665
2020-02-19 17:15,10800
2020-02-19 17:20,10863
2020-02-19 17:25,10991
2020-02-19 17:30,11089
2020-02-19 17:35,11222
2020-02-19 17:40,11327
2020-02-19 17:45,11421
2020-02-19 17:50,11558
2020-02-19 17:55,11639
2020-02-19 18:00,11741
2020-02-19 18:05,11788
2020-02-19 18:10,11912
2020-02-19 18:15,12018
2020-02-19 18:20,12119
2020-02-19 18:25,12195
2020-02-19 18:30,12294
2020-02-19 18:35,12361
2020-02-19 18:40,12384
2020-02-19 18:45,12382
2020-02-19 18:50,12554
2020-02-19 18:55,12647
2020-02-19 19:00,12751
2020-02-19 19:05,12815
2020-02-19 19:10,12932
2020-02-19 19:15,12968
2020-02-19 19:20,13098
2020-02-19 19:25,13152
2020-02-19 19:30,13268
2020-02-19 19:35,13353
2020-02-19 19:40,13308
2020-02-19 19:45,13378
2020-02-19 19:50,13418
2020-02-19 19:55,13372
2020-02-19 20:00,13437
2020-02-19 20:05,13478
2020-02-19 20:10,13493
2020-02-19 20:15,13498
2020-02-19 20:20,13497
2020-02-19 20:25,13529
2020-02-19 20:30,13631
2020-02-19 20:35,13693
2020-02-19 20:40,13772
2020-02-19 20:45,13734
2020-02-19 20:50,13705
2020-02-19 20:55,13714
2020-02-19 21:00,13726
2020-02-19 21:05,13739
2020-02-19 21:10,13762
2020-02-19 21:15,13717
2020-02-19 21:20,13784
2020-02-19 21:25,13748
2020-02-19 21:30,13720
2020-02-19 21:35,13762
2020-02-19 21:40,13748
2020-02-19 21:45,13735
2020-02-19 21:50,13748
2020-02-19 21:55,13689
2020-02-19 22:00,13642
2020-02-19 22:05,13626
2020-02-19 22:10,13665
2020-02-19 22:15,13649
2020-02-19 22:20,13530
2020-02-19 22:25,13555
2020-02-19 22:30,13470
2020-02-19 22:35,13370
2020-02-19 22:40,13290
2020-02-19 22:45,13333
2020-02-19 22:50,13287
2020-02-19 22:55,13218
2020-02-19 23:00,13181
2020-02-19 23:05,13112
2020-02-19 23:10,13041
2020-02-19 23:15,12964
2020-02-19 23:20,12921
2020-02-19 23:25,12808
2020-02-19 23:30,12749
2020-02-19 23:35,12589
2020-02-19 23:40,12565
2020-02-19 23:45,12542
2020-02-19 23:50,12472
2020-02-19 23:55,12465
2020-02-20 00:00,12431
2020-02-20 00:05,12442
2020-02-20 00:10,12534
2020-02-20 00:15,12516
2020-02-20 00:20,12557
2020-02-20 00:25,12520
2020-02-20 00:30,12437
2020-02-20 00:35,12441
2020-02-20 00:40,12433
2020-02-20 00:45,12469
2020-02-20 00:50,12482
2020-02-20 00:55,12504
2020-02-20 01:00,12509
2020-02-20 01:05,12531
2020-02-20 01:10,12615
2020-02-20 01:15,12558
2020-02-20 01:20,12606
2020-02-20 01:25,12597
2020-02-20 01:30,12586
2020-02-20 01:35,12678
2020-02-20 01:40,12727
2020-02-20 01:45,12766
2020-02-20 01:50,12800
2020-02-20 01:55,12806
2020-02-20 02:00,12818
2020-02-20 02:05,12872
2020-02-20 02:10,12905
2020-02-20 02:15,12953
2020-02-20 02:20,12991
2020-02-20 02:25,12977
2020-02-20 02:30,13023
2020-02-20 02:35,12955
2020-02-20 02:40,12941
2020-02-20 02:45,12886
2020-02-20 02:50,12867
2020-02-20 02:55,12819
2020-02-20 03:00,12850
2020-02-20 03:05,12837
2020-02-20 03:10,12821
2020-02-20 03:15,12740
2020-02-20 03:20,12730
2020-02-20 03:25,12640
2020-02-20 03:30,12506
2020-02-20 03:35,12370
2020-02-20 03:40,12353
2020-02-20 03:45,12259
2020-02-20 03:50,12200
2020-02-20 03:55,12131
2020-02-20 04:00,11971
2020-02-20 04:05,11831
2020-02-20 04:10,11742
2020-02-20 04:15,11591
2020-02-20 04:20,11482
2020-02-20 04:25,11307
2020-02-20 04:30,11157
2020-02-20 04:35,11041
2020-02-20 04:40,10855
2020-02-20 04:45,10664
2020-02-20 04:50,10577
2020-02-20 04:55,10435
2020-02-20 05:00,10328
2020-02-20 05:05,10184
2020-02-20 05:10,10046
2020-02-20 05:15,9891
2020-02-20 05:20,9709
2020-02-20 05:25,9578
2020-02-20 05:30,9429
2020-02-20 05:35,9241
2020-02-20 05:40,9099
2020-02-20 05:45,8932
2020-02-20 05:50,8754
2020-02-20 05:55,8568
2020-02-20 06:00,8411
2020-02-20 06:05,8225
2020-02-20 06:10,8066
2020-02-20 06:15,7887
2020-02-20 06:20,7748
2020-02-20 06:25,7605
2020-02-20 06:30,7443
2020-02-20 06:35,7292
2020-02-20 06:40,7168
2020-02-20 06:45,6985
2020-02-20 06:50,6879
2020-02-20 06:55,6771
2020-02-20 07:00,6643
2020-02-20 07:05,6482
2020-02-20 07:10,6366
2020-02-20 07:15,6251
2020-02-20 07:20,6100
2020-02-20 07:25,6013
2020-02-20 07:30,5935
2020-02-20 07:35,5840
2020-02-20 07:40,5779
2020-02-20 07:45,5745
2020-02-20 07:50,5677
2020-02-20 07:55,5586
2020-02-20 08:00,5468
2020-02-20 08:05,5397
2020-02-20 08:10,5332
2020-02-20 08:15,5251
2020-02-20 08:20,5186
2020-02-20 08:25,5148
2020-02-20 08:30,5110
2020-02-20 08:35,5018
2020-02-20 08:40,4980
2020-02-20 08:45,4929
2020-02-20 08:50,4891
2020-02-20 08:55,4882
2020-02-20 09:00,4844
2020-02-20 09:05,4821
2020-02-20 09:10,4799
2020-02-20 09:15,4811
2020-02-20 09:20,4816
2020-02-20 09:25,4770
2020-02-20 09:30,4766
2020-02-20 09:35,4757
2020-02-20 09:40,4780
2020-02-20 09:45,4788
2020-02-20 09:50,4781
2020-02-20 09:55,4785
2020-02-20 10:00,4803
2020-02-20 10:05,4785
2020-02-20 10:10,4783
2020-02-20 10:15,
2020-02-20 10:20,
2020-02-20 10:25,4811
2020-02-20 10:30,4845
2020-02-20 10:35,
2020-02-20 10:40,4863
2020-02-20 10:45,4856
2020-02-20 10:50,4853
2020-02-20 10:55,4888
2020-02-20 11:00,4888
2020-02-20 11:05,4899
2020-02-20 11:10,4937
2020-02-20 11:15,4974
2020-02-20 11:20,5048
2020-02-20 11:25,5065
2020-02-20 11:30,5153
2020-02-20 11:35,5214
2020-02-20 11:40,5300
2020-02-20 11:45,5334
2020-02-20 11:50,5387
2020-02-20 11:55,5412
2020-02-20 12:00,5519
2020-02-20 12:05,5572
2020-02-20 12:10,5581
2020-02-20 12:15,5619
2020-02-20 12:20,5668
2020-02-20 12:25,5748
2020-02-20 12:30,5834
2020-02-20 12:35,5897
2020-02-20 12:40,5947
2020-02-20 12:45,5990
2020-02-20 12:50,6069
2020-02-20 12:55,6129
2020-02-20 13:00,6200
2020-02-20 13:05,6211
2020-02-20 13:10,6280
2020-02-20 13:15,6371
2020-02-20 13:20,6425
2020-02-20 13:25,6505
2020-02-20 13:30,6561
2020-02-20 13:35,6623
2020-02-20 13:40,6772
2020-02-20 13:45,6862
2020-02-20 13:50,6934
2020-02-20 13:55,7000
2020-02-20 14:00,7024
2020-02-20 14:05,7103
2020-02-20 14:10,7187
2020-02-20 14:15,7244
2020-02-20 14:20,7333
2020-02-20 14:25,7418
2020-02-20 14:30,7492
2020-02-20 14:35,7576
2020-02-20 14:40,7653
2020-02-20 14:45,7787
2020-02-20 14:50,7850
2020-02-20 14:55,7893
2020-02-20 15:00,7917
2020-02-20 15:05,8043
2020-02-20 15:10,
2020-02-20 15:15,
2020-02-20 15:20,
2020-02-20 15:25,
2020-02-20 15:30,
2020-02-20 15:35,
2020-02-20 15:40,
2020-02-20 15:45,
2020-02-20 15:50,
2020-02-20 15:55,
2020-02-20 16:00,
2020-02-20 16:05,9168
2020-02-20 16:10,
2020-02-20 16:15,
2020-02-20 16:20,
2020-02-20 16:25,9702
2020-02-20 16:30,
2020-02-20 16:35,
2020-02-20 16:40,
2020-02-20 16:45,
2020-02-20 16:50,
2020-02-20 16:55,10226
2020-02-20 17:00,
2020-02-20 17:05,
2020-02-20 17:10,
2020-02-20 17:15,
2020-02-20 17:20,
2020-02-20 17:25,
2020-02-20 17:30,
2020-02-20 17:35,
2020-02-20 17:40,
2020-02-20 17:45,
2020-02-20 17:50,
2020-02-20 17:55,
2020-02-20 18:00,11591
2020-02-20 18:05,
2020-02-20 18:10,
2020-02-20 18:15,
2020-02-20 18:20,
2020-02-20 18:25,
2020-02-20 18:30,
2020-02-20 18:35,12170
2020-02-20 18:40,12216
2020-02-20 18:45,12334
2020-02-20 18:50,12430
2020-02-20 18:55,12491
2020-02-20 19:00,12550
2020-02-20 19:05,12659
2020-02-20 19:10,12664
2020-02-20 19:15,12783
2020-02-20 19:20,12920
2020-02-20 19:25,13032
2020-02-20 19:30,13166
2020-02-20 19:35,13355
2020-02-20 19:40,13432
2020-02-20 19:45,13500
2020-02-20 19:50,13607
2020-02-20 19:55,13825
2020-02-20 20:00,13865
2020-02-20 20:05,13916
2020-02-20 20:10,13919
2020-02-20 20:15,14022
2020-02-20 20:20,14069
2020-02-20 20:25,14044
2020-02-20 20:30,14036
2020-02-20 20:35,14039
2020-02-20 20:40,14056
2020-02-20 20:45,14139
2020-02-20 20:50,14217
2020-02-20 20:55,14304
2020-02-20 21:00,14386
2020-02-20 21:05,14426
2020-02-20 21:10,14417
2020-02-20 21:15,14411
2020-02-20 21:20,14467
2020-02-20 21:25,14431
2020-02-20 21:30,14479
2020-02-20 21:35,14441
2020-02-20 21:40,14481
2020-02-20 21:45,14478
2020-02-20 21:50,14462
2020-02-20 21:55,14435
2020-02-20 22:00,14398
2020-02-20 22:05,14359
2020-02-20 22:10,14316
2020-02-20 22:15,14274
2020-02-20 22:20,14171
2020-02-20 22:25,14182
2020-02-20 22:30,14152
2020-02-20 22:35,14107
2020-02-20 22:40,14020
2020-02-20 22:45,13976
2020-02-20 22:50,13830
2020-02-20 22:55,13674
2020-02-20 23:00,13664
2020-02-20 23:05,13525
2020-02-20 23:10,13399
2020-02-20 23:15,13227
2020-02-20 23:20,13227
2020-02-20 23:25,13145
2020-02-20 23:30,13144
2020-02-20 23:35,13047
2020-02-20 23:40,13009
2020-02-20 23:45,12926
2020-02-20 23:50,12848
2020-02-20 23:55,12821
2020-02-21 00:00,12751
2020-02-21 00:05,12732
2020-02-21 00:10,12645
2020-02-21 00:15,12628
2020-02-21 00:20,12626
2020-02-21 00:25,12610
2020-02-21 00:30,12546
2020-02-21 00:35,12615
2020-02-21 00:40,12599
2020-02-21 00:45,12611
2020-02-21 00:50,12603
2020-02-21 00:55,12604
2020-02-21 01:00,12566
2020-02-21 01:05,12565
2020-02-21 01:10,12553
2020-02-21 01:15,12488
2020-02-21 01:20,12509
2020-02-21 01:25,12582
2020-02-21 01:30,12614
2020-02-21 01:35,12649
2020-02-21 01:40,12689
2020-02-21 01:45,12706
2020-02-21 01:50,12776
2020-02-21 01:55,12793
2020-02-21 02:00,12840
2020-02-21 02:05,12853
2020-02-21 02:10,12893
2020-02-21 02:15,12967
2020-02-21 02:20,12956
2020-02-21 02:25,12928
2020-02-21 02:30,12963
2020-02-21 02:35,13000
2020-02-21 02:40,12986
2020-02-21 02:45,12973
2020-02-21 02:50,12905
2020-02-21 02:55,12953
2020-02-21 03:00,12847
2020-02-21 03:05,12676
2020-02-21 03:10,12596
2020-02-21 03:15,12567
2020-02-21 03:20,12513
2020-02-21 03:25,12499
2020-02-21 03:30,12464
2020-02-21 03:35,12473
2020-02-21 03:40,12380
2020-02-21 03:45,12314
2020-02-21 03:50,12247
2020-02-21 03:55,12160
2020-02-21 04:00,12051
2020-02-21 04:05,11851
2020-02-21 04:10,11741
2020-02-21 04:15,11554
2020-02-21 04:20,11461
2020-02-21 04:25,11355
2020-02-21 04:30,11214
2020-02-21 04:35,11068
2020-02-21 04:40,10941
2020-02-21 04:45,10836
2020-02-21 04:50,10664
2020-02-21 04:55,10531
2020-02-21 05:00,10408
2020-02-21 05:05,10248
2020-02-21 05:10,10062
2020-02-21 05:15,9912
2020-02-21 05:20,9745
2020-02-21 05:25,9597
2020-02-21 05:30,9401
2020-02-21 05:35,9271
2020-02-21 05:40,9110
2020-02-21 05:45,8904
2020-02-21 05:50,8779
2020-02-21 05:55,8631
2020-02-21 06:00,8422
2020-02-21 06:05,8203
2020-02-21 06:10,8101
2020-02-21 06:15,7980
2020-02-21 06:20,7874
2020-02-21 06:25,7712
2020-02-21 06:30,7562
2020-02-21 06:35,7446
2020-02-21 06:40,7347
2020-02-21 06:45,7245
2020-02-21 06:50,7094
2020-02-21 06:55,6983
2020-02-21 07:00,6833
2020-02-21 07:05,6742
2020-02-21 07:10,6627
2020-02-21 07:15,6521
2020-02-21 07:20,6391
2020-02-21 07:25,6306
2020-02-21 07:30,6220
2020-02-21 07:35,6131
2020-02-21 07:40,5997
2020-02-21 07:45,5921
2020-02-21 07:50,5824
2020-02-21 07:55,5762
2020-02-21 08:00,5632
2020-02-21 08:05,5564
2020-02-21 08:10,5490
2020-02-21 08:15,5461
2020-02-21 08:20,5401
2020-02-21 08:25,5372
2020-02-21 08:30,5320
2020-02-21 08:35,5308
2020-02-21 08:40,5225
2020-02-21 08:45,5218
2020-02-21 08:50,5158
2020-02-21 08:55,5094
2020-02-21 09:00,5023
2020-02-21 09:05,4989
2020-02-21 09:10,4989
2020-02-21 09:15,4962
2020-02-21 09:20,4929
2020-02-21 09:25,4934
2020-02-21 09:30,4893
2020-02-21 09:35,4844
2020-02-21 09:40,4817
2020-02-21 09:45,4824
2020-02-21 09:50,4878
2020-02-21 09:55,4857
2020-02-21 10:00,4892
2020-02-21 10:05,4945
2020-02-21 10:10,5014
2020-02-21 10:15,5043
2020-02-21 10:20,5046
2020-02-21 10:25,5055
2020-02-21 10:30,5085
2020-02-21 10:35,5136
2020-02-21 10:40,5145
2020-02-21 10:45,5151
2020-02-21 10:50,5172
2020-02-21 10:55,5192
2020-02-21 11:00,5217
2020-02-21 11:05,5281
2020-02-21 11:10,5313
2020-02-21 11:15,5319
2020-02-21 11:20,5358
2020-02-21 11:25,5381
2020-02-21 11:30,5408
2020-02-21 11:35,5458
2020-02-21 11:40,5506
2020-02-21 11:45,5554
2020-02-21 11:50,5620
2020-02-21 11:55,5674
2020-02-21 12:00,5675
2020-02-21 12:05,5717
2020-02-21 12:10,5779
2020-02-21 12:15,5802
2020-02-21 12:20,5921
2020-02-21 12:25,6009
2020-02-21 12:30,6067
2020-02-21 12:35,6142
2020-02-21 12:40,6213
2020-02-21 12:45,6286
2020-02-21 12:50,6334
2020-02-21 12:55,6346
2020-02-21 13:00,6424
2020-02-21 13:05,6486
2020-02-21 13:10,6571
2020-02-21 13:15,6669
2020-02-21 13:20,6732
2020-02-21 13:25,6803
2020-02-21 13:30,6856
2020-02-21 13:35,6900
2020-02-21 13:40,6954
2020-02-21 13:45,7083
2020-02-21 13:50,7202
2020-02-21 13:55,7336
2020-02-21 14:00,7397
2020-02-21 14:05,7511
2020-02-21 14:10,7597
2020-02-21 14:15,7727
2020-02-21 14:20,7816
2020-02-21 14:25,7928
2020-02-21 14:30,8065
2020-02-21 14:35,8160
2020-02-21 14:40,8306
2020-02-21 14:45,8419
2020-02-21 14:50,8545
2020-02-21 14:55,8624
2020-02-21 15:00,8728
2020-02-21 15:05,8777
2020-02-21 15:10,8879
2020-02-21 15:15,8997
2020-02-21 15:20,9085
2020-02-21 15:25,9199
2020-02-21 15:30,9293
2020-02-21 15:35,9370
2020-02-21 15:40,9423
2020-02-21 15:45,9546
2020-02-21 15:50,9597
2020-02-21 15:55,9687
2020-02-21 16:00,9784
2020-02-21 16:05,9889
2020-02-21 16:10,9964
2020-02-21 16:15,10079
2020-02-21 16:20,10186
2020-02-21 16:25,10221
2020-02-21 16:30,10322
2020-02-21 16:35,10404
2020-02-21 16:40,10500
2020-02-21 16:45,10553
2020-02-21 16:50,10663
2020-02-21 16:55,10745
2020-02-21 17:00,10741
2020-02-21 17:05,10746
2020-02-21 17:10,10792
2020-02-21 17:15,10863
2020-02-21 17:20,11055
2020-02-21 17:25,11149
2020-02-21 17:30,11192
2020-02-21 17:35,11327
2020-02-21 17:40,11443
2020-02-21 17:45,11546
2020-02-21 17:50,11679
2020-02-21 17:55,11828
2020-02-21 18:00,11889
2020-02-21 18:05,11943
2020-02-21 18:10,12033
2020-02-21 18:15,12129
2020-02-21 18:20,12243
2020-02-21 18:25,12376
2020-02-21 18:30,12436
2020-02-21 18:35,12587
2020-02-21 18:40,12685
2020-02-21 18:45,12786
2020-02-21 18:50,12869
2020-02-21 18:55,12924
2020-02-21 19:00,12989
2020-02-21 19:05,13053
2020-02-21 19:10,13126
2020-02-21 19:15,13242
2020-02-21 19:20,13399
2020-02-21 19:25,13541
2020-02-21 19:30,13635
2020-02-21 19:35,13730
2020-02-21 19:40,13825
2020-02-21 19:45,13900
2020-02-21 19:50,13992
2020-02-21 19:55,14049
2020-02-21 20:00,14100
2020-02-21 20:05,14149
2020-02-21 20:10,14196
2020-02-21 20:15,14299
2020-02-21 20:20,14385
2020-02-21 20:25,14445
2020-02-21 20:30,14536
2020-02-21 20:35,14594
2020-02-21 20:40,14706
2020-02-21 20:45,14847
2020-02-21 20:50,14928
2020-02-21 20:55,15026
2020-02-21 21:00,15001
2020-02-21 21:05,15004
2020-02-21 21:10,15029
2020-02-21 21:15,15060
2020-02-21 21:20,15049
2020-02-21 21:25,15031
2020-02-21 21:30,15033
2020-02-21 21:35,15061
2020-02-21 21:40,15120
2020-02-21 21:45,15048
2020-02-21 21:50,15075
2020-02-21 21:55,15163
2020-02-21 22:00,15180
2020-02-21 22:05,15142
2020-02-21 22:10,15121
2020-02-21 22:15,15099
2020-02-21 22:20,15045
2020-02-21 22:25,15084
2020-02-21 22:30,15032
2020-02-21 22:35,15015
2020-02-21 22:40,15044
2020-02-21 22:45,15058
2020-02-21 22:50,15074
2020-02-21 22:55,15055
2020-02-21 23:00,14918
2020-02-21 23:05,14834
2020-02-21 23:10,14863
2020-02-21 23:15,14770
2020-02-21 23:20,14691
2020-02-21 23:25,14585
2020-02-21 23:30,14591
2020-02-21 23:35,14428
2020-02-21 23:40,14335
2020-02-21 23:45,14281
2020-02-21 23:50,14178
2020-02-21 23:55,14162
2020-02-22 00:00,14059
2020-02-22 00:05,14002
2020-02-22 00:10,13926
2020-02-22 00:15,13874
2020-02-22 00:20,13821
2020-02-22 00:25,13708
2020-02-22 00:30,13624
2020-02-22 00:35,13542
2020-02-22 00:40,13533
2020-02-22 00:45,13622
2020-02-22 00:50,13514
2020-02-22 00:55,13471
2020-02-22 01:00,13496
2020-02-22 01:05,13429
2020-02-22 01:10,13303
2020-02-22 01:15,13257
2020-02-22 01:20,13240
2020-02-22 01:25,13185
2020-02-22 01:30,13224
2020-02-22 01:35,13289
2020-02-22 01:40,13293
2020-02-22 01:45,13261
2020-02-22 01:50,13210
2020-02-22 01:55,13195
2020-02-22 02:00,13290
2020-02-22 02:05,13311
2020-02-22 02:10,13354
2020-02-22 02:15,13379
2020-02-22 02:20,13423
2020-02-22 02:25,13423
2020-02-22 02:30,13453
2020-02-22 02:35,13496
2020-02-22 02:40,13522
2020-02-22 02:45,13489
2020-02-22 02:50,13470
2020-02-22 02:55,13481
2020-02-22 03:00,13435
2020-02-22 03:05,13417
2020-02-22 03:10,13381
2020-02-22 03:15,13393
2020-02-22 03:20,13368
2020-02-22 03:25,13431
2020-02-22 03:30,13369
2020-02-22 03:35,13304
2020-02-22 03:40,13307
2020-02-22 03:45,13309
2020-02-22 03:50,13275
2020-02-22 03:55,13171
2020-02-22 04:00,13109
2020-02-22 04:05,13016
2020-02-22 04:10,12982
2020-02-22 04:15,12972
2020-02-22 04:20,12926
2020-02-22 04:25,12853
2020-02-22 04:30,12816
2020-02-22 04:35,12763
2020-02-22 04:40,12675
2020-02-22 04:45,12631
2020-02-22 04:50,12550
2020-02-22 04:55,12427
2020-02-22 05:00,12328
2020-02-22 05:05,12186
2020-02-22 05:10,12044
2020-02-22 05:15,11892
2020-02-22 05:20,11796
2020-02-22 05:25,11658
2020-02-22 05:30,11514
2020-02-22 05:35,11366
2020-02-22 05:40,11179
2020-02-22 05:45,11044
2020-02-22 05:50,10885
2020-02-22 05:55,10765
2020-02-22 06:00,10666
2020-02-22 06:05,10536
2020-02-22 06:10,10369
2020-02-22 06:15,10291
2020-02-22 06:20,10090
2020-02-22 06:25,9912
2020-02-22 06:30,9765
2020-02-22 06:35,9608
2020-02-22 06:40,9476
2020-02-22 06:45,9323
2020-02-22 06:50,9170
2020-02-22 06:55,9050
2020-02-22 07:00,8905
2020-02-22 07:05,8729
2020-02-22 07:10,8561
2020-02-22 07:15,8458
2020-02-22 07:20,8296
2020-02-22 07:25,8166
2020-02-22 07:30,8082
2020-02-22 07:35,7970
2020-02-22 07:40,7832
2020-02-22 07:45,7696
2020-02-22 07:50,7554
2020-02-22 07:55,7486
2020-02-22 08:00,7332
2020-02-22 08:05,7173
2020-02-22 08:10,7120
2020-02-22 08:15,7043
2020-02-22 08:20,6972
2020-02-22 08:25,6953
2020-02-22 08:30,6874
2020-02-22 08:35,6855
2020-02-22 08:40,6764
2020-02-22 08:45,6743
2020-02-22 08:50,6715
2020-02-22 08:55,6646
2020-02-22 09:00,6543
2020-02-22 09:05,6477
2020-02-22 09:10,6522
2020-02-22 09:15,6492
2020-02-22 09:20,6508
2020-02-22 09:25,6465
2020-02-22 09:30,6447
2020-02-22 09:35,6407
2020-02-22 09:40,6432
2020-02-22 09:45,6406
2020-02-22 09:50,6374
2020-02-22 09:55,6424
2020-02-22 10:00,6402
2020-02-22 10:05,6425
2020-02-22 10:10,6417
2020-02-22 10:15,6470
2020-02-22 10:20,6474
2020-02-22 10:25,6566
2020-02-22 10:30,6615
2020-02-22 10:35,6617
2020-02-22 10:40,6681
2020-02-22 10:45,6739
2020-02-22 10:50,6835
2020-02-22 10:55,6858
2020-02-22 11:00,6853
2020-02-22 11:05,6905
2020-02-22 11:10,6965
2020-02-22 11:15,7004
2020-02-22 11:20,7086
2020-02-22 11:25,7150
2020-02-22 11:30,7223
2020-02-22 11:35,7274
2020-02-22 11:40,7295
2020-02-22 11:45,7356
2020-02-22 11:50,7422
2020-02-22 11:55,7432
2020-02-22 12:00,7492
2020-02-22 12:05,7548
2020-02-22 12:10,7560
2020-02-22 12:15,7649
2020-02-22 12:20,7784
2020-02-22 12:25,7821
2020-02-22 12:30,7792
2020-02-22 12:35,7835
2020-02-22 12:40,7919
2020-02-22 12:45,7986
2020-02-22 12:50,8047
2020-02-22 12:55,8154
2020-02-22 13:00,8254
2020-02-22 13:05,8343
2020-02-22 13:10,8435
2020-02-22 13:15,8574
2020-02-22 13:20,8658
2020-02-22 13:25,8799
2020-02-22 13:30,8858
2020-02-22 13:35,9013
2020-02-22 13:40,9114
2020-02-22 13:45,9183
2020-02-22 13:50,9272
2020-02-22 13:55,9351
2020-02-22 14:00,9461
2020-02-22 14:05,9644
2020-02-22 14:10,9755
2020-02-22 14:15,9846
2020-02-22 14:20,9965
2020-02-22 14:25,10013
2020-02-22 14:30,10139
2020-02-22 14:35,10288
2020-02-22 14:40,10367
2020-02-22 14:45,10438
2020-02-22 14:50,10517
2020-02-22 14:55,10580
2020-02-22 15:00,10729
2020-02-22 15:05,10865
2020-02-22 15:10,10936
2020-02-22 15:15,11099
2020-02-22 15:20,11216
2020-02-22 15:25,11367
2020-02-22 15:30,11477
2020-02-22 15:35,11579
2020-02-22 15:40,11687
2020-02-22 15:45,11768
2020-02-22 15:50,11868
2020-02-22 15:55,11997
2020-02-22 16:00,12069
2020-02-22 16:05,12135
2020-02-22 16:10,12274
2020-02-22 16:15,12339
2020-02-22 16:20,12342
2020-02-22 16:25,12394
2020-02-22 16:30,12509
2020-02-22 16:35,12661
2020-02-22 16:40,12712
2020-02-22 16:45,12774
2020-02-22 16:50,12907
2020-02-22 16:55,13019
2020-02-22 17:00,13073
2020-02-22 17:05,13166
2020-02-22 17:10,13229
2020-02-22 17:15,13270
2020-02-22 17:20,13349
2020-02-22 17:25,13383
2020-02-22 17:30,13526
2020-02-22 17:35,13605
2020-02-22 17:40,13652
2020-02-22 17:45,13658
2020-02-22 17:50,13858
2020-02-22 17:55,13969
2020-02-22 18:00,14007
2020-02-22 18:05,14046
2020-02-22 18:10,14129
2020-02-22 18:15,14184
2020-02-22 18:20,14222
2020-02-22 18:25,14299
2020-02-22 18:30,14433
2020-02-22 18:35,14509
2020-02-22 18:40,14614
2020-02-22 18:45,14678
2020-02-22 18:50,14800
2020-02-22 18:55,14913
2020-02-22 19:00,15010
2020-02-22 19:05,15143
2020-02-22 19:10,15239
2020-02-22 19:15,15301
2020-02-22 19:20,15374
2020-02-22 19:25,15382
2020-02-22 19:30,15398
2020-02-22 19:35,15471
2020-02-22 19:40,15613
2020-02-22 19:45,15800
2020-02-22 19:50,15759
2020-02-22 19:55,15766
2020-02-22 20:00,15799
2020-02-22 20:05,15776
2020-02-22 20:10,15846
2020-02-22 20:15,15818
2020-02-22 20:20,15935
2020-02-22 20:25,16098
2020-02-22 20:30,16138
2020-02-22 20:35,16130
2020-02-22 20:40,16190
2020-02-22 20:45,16261
2020-02-22 20:50,16216
2020-02-22 20:55,16152
2020-02-22 21:00,16174
2020-02-22 21:05,16203
2020-02-22 21:10,16224
2020-02-22 21:15,16241
2020-02-22 21:20,16296
2020-02-22 21:25,16313
2020-02-22 21:30,16312
2020-02-22 21:35,16258
2020-02-22 21:40,16210
2020-02-22 21:45,16219
2020-02-22 21:50,16209
2020-02-22 21:55,16188
2020-02-22 22:00,16190
2020-02-22 22:05,16066
2020-02-22 22:10,16017
2020-02-22 22:15,16008
2020-02-22 22:20,16009
2020-02-22 22:25,15975
2020-02-22 22:30,15859
2020-02-22 22:35,15817
2020-02-22 22:40,15745
2020-02-22 22:45,15705
2020-02-22 22:50,15588
2020-02-22 22:55,15574
2020-02-22 23:00,15536
2020-02-22 23:05,15010
2020-02-22 23:10,15259
2020-02-22 23:15,15136
2020-02-22 23:20,15089
2020-02-22 23:25,14994
2020-02-22 23:30,14831
2020-02-22 23:35,14738
2020-02-22 23:40,14647
2020-02-22 23:45,14590
2020-02-22 23:50,14498
2020-02-22 23:55,14381
2020-02-23 00:00,14206
2020-02-23 00:05,14072
2020-02-23 00:10,13971
2020-02-23 00:15,13837
2020-02-23 00:20,13697
2020-02-23 00:25,13595
2020-02-23 00:30,13568
2020-02-23 00:35,13453
2020-02-23 00:40,13415
2020-02-23 00:45,13328
2020-02-23 00:50,13195
2020-02-23 00:55,13151
2020-02-23 01:00,13112
2020-02-23 01:05,13135
2020-02-23 01:10,13099
2020-02-23 01:15,13176
2020-02-23 01:20,13187
2020-02-23 01:25,13183
2020-02-23 01:30,13121
2020-02-23 01:35,13071
2020-02-23 01:40,12999
2020-02-23 01:45,13016
2020-02-23 01:50,12951
2020-02-23 01:55,12977
2020-02-23 02:00,13016
2020-02-23 02:05,13096
2020-02-23 02:10,13018
2020-02-23 02:15,12997
2020-02-23 02:20,12968
2020-02-23 02:25,13076
2020-02-23 02:30,13105
2020-02-23 02:35,13209
2020-02-23 02:40,13232
2020-02-23 02:45,13195
2020-02-23 02:50,13160
2020-02-23 02:55,13082
2020-02-23 03:00,13022
2020-02-23 03:05,13049
2020-02-23 03:10,13075
2020-02-23 03:15,13067
2020-02-23 03:20,13020
2020-02-23 03:25,12961
2020-02-23 03:30,12964
2020-02-23 03:35,12944
2020-02-23 03:40,12928
2020-02-23 03:45,12871
2020-02-23 03:50,12806
2020-02-23 03:55,12819
2020-02-23 04:00,12783
2020-02-23 04:05,12744
2020-02-23 04:10,12717
2020-02-23 04:15,12702
2020-02-23 04:20,12633
2020-02-23 04:25,12599
2020-02-23 04:30,12488
2020-02-23 04:35,12501
2020-02-23 04:40,12434
2020-02-23 04:45,12340
2020-02-23 04:50,12228
2020-02-23 04:55,12118
2020-02-23 05:00,12022
2020-02-23 05:05,11841
2020-02-23 05:10,11725
2020-02-23 05:15,11644
2020-02-23 05:20,11555
2020-02-23 05:25,11436
2020-02-23 05:30,11289
2020-02-23 05:35,11191
2020-02-23 05:40,11097
2020-02-23 05:45,11098
2020-02-23 05:50,11018
2020-02-23 05:55,10937
2020-02-23 06:00,10835
2020-02-23 06:05,10661
2020-02-23 06:10,10533
2020-02-23 06:15,10307
2020-02-23 06:20,10162
2020-02-23 06:25,10038
2020-02-23 06:30,9908
2020-02-23 06:35,9737
2020-02-23 06:40,9621
2020-02-23 06:45,9431
2020-02-23 06:50,9352
2020-02-23 06:55,9206
2020-02-23 07:00,9030
2020-02-23 07:05,8890
2020-02-23 07:10,8823
2020-02-23 07:15,8636
2020-02-23 07:20,8492
2020-02-23 07:25,8407
2020-02-23 07:30,8280
2020-02-23 07:35,8187
2020-02-23 07:40,8070
2020-02-23 07:45,8032
2020-02-23 07:50,7929
2020-02-23 07:55,7856
2020-02-23 08:00,7788
2020-02-23 08:05,7699
2020-02-23 08:10,7602
2020-02-23 08:15,7479
2020-02-23 08:20,7450
2020-02-23 08:25,7343
2020-02-23 08:30,7243
2020-02-23 08:35,7096
2020-02-23 08:40,7027
2020-02-23 08:45,6903
2020-02-23 08:50,6876
2020-02-23 08:55,6818
2020-02-23 09:00,6797
2020-02-23 09:05,6811
2020-02-23 09:10,6766
2020-02-23 09:15,6784
2020-02-23 09:20,6728
2020-02-23 09:25,6704
2020-02-23 09:30,6723
2020-02-23 09:35,6701
2020-02-23 09:40,6715
2020-02-23 09:45,6720
2020-02-23 09:50,6727
2020-02-23 09:55,6764
2020-02-23 10:00,6761
2020-02-23 10:05,6756
2020-02-23 10:10,6817
2020-02-23 10:15,6853
2020-02-23 10:20,6860
2020-02-23 10:25,6900
2020-02-23 10:30,6951
2020-02-23 10:35,6996
2020-02-23 10:40,6991
2020-02-23 10:45,6964
2020-02-23 10:50,6964
2020-02-23 10:55,7044
2020-02-23 11:00,7143
2020-02-23 11:05,7186
2020-02-23 11:10,7212
2020-02-23 11:15,7252
2020-02-23 11:20,7256
2020-02-23 11:25,7345
2020-02-23 11:30,7381
2020-02-23 11:35,7475
2020-02-23 11:40,7571
2020-02-23 11:45,7645
2020-02-23 11:50,7714
2020-02-23 11:55,7834
2020-02-23 12:00,7847
2020-02-23 12:05,7939
2020-02-23 12:10,8016
2020-02-23 12:15,8112
2020-02-23 12:20,8128
2020-02-23 12:25,8172
2020-02-23 12:30,8283
2020-02-23 12:35,8342
2020-02-23 12:40,8454
2020-02-23 12:45,8589
2020-02-23 12:50,8672
2020-02-23 12:55,8721
2020-02-23 13:00,8828
2020-02-23 13:05,8877
2020-02-23 13:10,9018
2020-02-23 13:15,9140
2020-02-23 13:20,9209
2020-02-23 13:25,9286
2020-02-23 13:30,9411
2020-02-23 13:35,9534
2020-02-23 13:40,9600
2020-02-23 13:45,9691
2020-02-23 13:50,9774
2020-02-23 13:55,9894
2020-02-23 14:00,9959
2020-02-23 14:05,9986
2020-02-23 14:10,10074
2020-02-23 14:15,10180
2020-02-23 14:20,10273
2020-02-23 14:25,10409
2020-02-23 14:30,10570
2020-02-23 14:35,10692
2020-02-23 14:40,10806
2020-02-23 14:45,10906
2020-02-23 14:50,11049
2020-02-23 14:55,11184
2020-02-23 15:00,11293
2020-02-23 15:05,11413
2020-02-23 15:10,11516
2020-02-23 15:15,11556
2020-02-23 15:20,11656
2020-02-23 15:25,11831
2020-02-23 15:30,11937
2020-02-23 15:35,12025
2020-02-23 15:40,12144
2020-02-23 15:45,12275
2020-02-23 15:50,12272
2020-02-23 15:55,12435
2020-02-23 16:00,12553
2020-02-23 16:05,12637
2020-02-23 16:10,12700
2020-02-23 16:15,12800
2020-02-23 16:20,12860
2020-02-23 16:25,13016
2020-02-23 16:30,13145
2020-02-23 16:35,13253
2020-02-23 16:40,13403
2020-02-23 16:45,13573
2020-02-23 16:50,13679
2020-02-23 16:55,13767
2020-02-23 17:00,13867
2020-02-23 17:05,13888
2020-02-23 17:10,14020
2020-02-23 17:15,14131
2020-02-23 17:20,14252
2020-02-23 17:25,14351
2020-02-23 17:30,14500
2020-02-23 17:35,14680
2020-02-23 17:40,14798
2020-02-23 17:45,14857
2020-02-23 17:50,14937
2020-02-23 17:55,15055
2020-02-23 18:00,15175
2020-02-23 18:05,15241
2020-02-23 18:10,15275
2020-02-23 18:15,15432
2020-02-23 18:20,15577
2020-02-23 18:25,15639
2020-02-23 18:30,15655
2020-02-23 18:35,15756
2020-02-23 18:40,15921
2020-02-23 18:45,16025
2020-02-23 18:50,16045
2020-02-23 18:55,16181
2020-02-23 19:00,16307
2020-02-23 19:05,16317
2020-02-23 19:10,16446
2020-02-23 19:15,16549
2020-02-23 19:20,16601
2020-02-23 19:25,16660
2020-02-23 19:30,16767
2020-02-23 19:35,16878
2020-02-23 19:40,17051
2020-02-23 19:45,17149
2020-02-23 19:50,17117
2020-02-23 19:55,17233
2020-02-23 20:00,17280
2020-02-23 20:05,17282
2020-02-23 20:10,17312
2020-02-23 20:15,17362
2020-02-23 20:20,17407
2020-02-23 20:25,17393
2020-02-23 20:30,17411
2020-02-23 20:35,17395
2020-02-23 20:40,17271
2020-02-23 20:45,15573
2020-02-23 20:50,14410
2020-02-23 20:55,14816
2020-02-23 21:00,14944
2020-02-23 21:05,15141
2020-02-23 21:10,15340
2020-02-23 21:15,15488
2020-02-23 21:20,15590
2020-02-23 21:25,15142
2020-02-23 21:30,13775
2020-02-23 21:35,12226
2020-02-23 21:40,9180
2020-02-23 21:45,5338
2020-02-23 21:50,4128
2020-02-23 21:55,3868
2020-02-23 22:00,3623
2020-02-23 22:05,3540
2020-02-23 22:10,4837
2020-02-23 22:15,6419
2020-02-23 22:20,7703
2020-02-23 22:25,8714
2020-02-23 22:30,9515
2020-02-23 22:35,10274
2020-02-23 22:40,10879
2020-02-23 22:45,11472
2020-02-23 22:50,11963
2020-02-23 22:55,12338
2020-02-23 23:00,12578
2020-02-23 23:05,12563
2020-02-23 23:10,12750
2020-02-23 23:15,12992
2020-02-23 23:20,13211
2020-02-23 23:25,13304
2020-02-23 23:30,13444
2020-02-23 23:35,13617
2020-02-23 23:40,13804
2020-02-23 23:45,13866
2020-02-23 23:50,13994
2020-02-23 23:55,14032
2020-02-24 00:00,14180
2020-02-24 00:05,14195
2020-02-24 00:10,14176
2020-02-24 00:15,14131
2020-02-24 00:20,14064
2020-02-24 00:25,14063
2020-02-24 00:30,14064
2020-02-24 00:35,14044
2020-02-24 00:40,14068
2020-02-24 00:45,14072
2020-02-24 00:50,14073
2020-02-24 00:55,14105
2020-02-24 01:00,14111
2020-02-24 01:05,14055
2020-02-24 01:10,14084
2020-02-24 01:15,14069
2020-02-24 01:20,14037
2020-02-24 01:25,14101
2020-02-24 01:30,14154
2020-02-24 01:35,14182
2020-02-24 01:40,14163
2020-02-24 01:45,14216
2020-02-24 01:50,14230
2020-02-24 01:55,14236
2020-02-24 02:00,14218
2020-02-24 02:05,14202
2020-02-24 02:10,14214
2020-02-24 02:15,14208
2020-02-24 02:20,14234
2020-02-24 02:25,14172
2020-02-24 02:30,14015
2020-02-24 02:35,13993
2020-02-24 02:40,14053
2020-02-24 02:45,13942
2020-02-24 02:50,13901
2020-02-24 02:55,13854
2020-02-24 03:00,13827
2020-02-24 03:05,13754
2020-02-24 03:10,13565
2020-02-24 03:15,13495
2020-02-24 03:20,13415
2020-02-24 03:25,13286
2020-02-24 03:30,13164
2020-02-24 03:35,13059
2020-02-24 03:40,12972
2020-02-24 03:45,12917
2020-02-24 03:50,12813
2020-02-24 03:55,12633
2020-02-24 04:00,12555
2020-02-24 04:05,12409
2020-02-24 04:10,12268
2020-02-24 04:15,12157
2020-02-24 04:20,11986
2020-02-24 04:25,11822
2020-02-24 04:30,11652
2020-02-24 04:35,11531
2020-02-24 04:40,11362
2020-02-24 04:45,11234
2020-02-24 04:50,11061
2020-02-24 04:55,10915
2020-02-24 05:00,10762
2020-02-24 05:05,10558
2020-02-24 05:10,10345
2020-02-24 05:15,10116
2020-02-24 05:20,9949
2020-02-24 05:25,9870
2020-02-24 05:30,9710
2020-02-24 05:35,9511
2020-02-24 05:40,9319
2020-02-24 05:45,9147
2020-02-24 05:50,9020
2020-02-24 05:55,8891
2020-02-24 06:00,8731
2020-02-24 06:05,8541
2020-02-24 06:10,8375
2020-02-24 06:15,8253
2020-02-24 06:20,8093
2020-02-24 06:25,7932
2020-02-24 06:30,7724
2020-02-24 06:35,7608
2020-02-24 06:40,7445
2020-02-24 06:45,7296
2020-02-24 06:50,7106
2020-02-24 06:55,6939
2020-02-24 07:00,6833
2020-02-24 07:05,6701
2020-02-24 07:10,6574
2020-02-24 07:15,6448
2020-02-24 07:20,6350
2020-02-24 07:25,6254
2020-02-24 07:30,6178
2020-02-24 07:35,6120
2020-02-24 07:40,6026
2020-02-24 07:45,5935
2020-02-24 07:50,5855
2020-02-24 07:55,5782
2020-02-24 08:00,5744
2020-02-24 08:05,5661
2020-02-24 08:10,5570
2020-02-24 08:15,5560
2020-02-24 08:20,5473
2020-02-24 08:25,5388
2020-02-24 08:30,5343
2020-02-24 08:35,5306
2020-02-24 08:40,5261
2020-02-24 08:45,5190
2020-02-24 08:50,5195
2020-02-24 08:55,5140
2020-02-24 09:00,5118
2020-02-24 09:05,5095
2020-02-24 09:10,5098
2020-02-24 09:15,5065
2020-02-24 09:20,5054
2020-02-24 09:25,5030
2020-02-24 09:30,5050
2020-02-24 09:35,5051
2020-02-24 09:40,5084
2020-02-24 09:45,5101
2020-02-24 09:50,5127
2020-02-24 09:55,5095
2020-02-24 10:00,5098
2020-02-24 10:05,5094
2020-02-24 10:10,5106
2020-02-24 10:15,5109
2020-02-24 10:20,5134
2020-02-24 10:25,5151
2020-02-24 10:30,5146
2020-02-24 10:35,5186
2020-02-24 10:40,5218
2020-02-24 10:45,5256
2020-02-24 10:50,5277
2020-02-24 10:55,5329
2020-02-24 11:00,5348
2020-02-24 11:05,5355
2020-02-24 11:10,5370
2020-02-24 11:15,5442
2020-02-24 11:20,5456
2020-02-24 11:25,5467
2020-02-24 11:30,5498
2020-02-24 11:35,5586
2020-02-24 11:40,5640
2020-02-24 11:45,5765
2020-02-24 11:50,5783
2020-02-24 11:55,5820
2020-02-24 12:00,5844
2020-02-24 12:05,5907
2020-02-24 12:10,5917
2020-02-24 12:15,5987
2020-02-24 12:20,6099
2020-02-24 12:25,6145
2020-02-24 12:30,6221
2020-02-24 12:35,6342
2020-02-24 12:40,6390
2020-02-24 12:45,6419
2020-02-24 12:50,6549
2020-02-24 12:55,6617
2020-02-24 13:00,6653
2020-02-24 13:05,6692
2020-02-24 13:10,6760
2020-02-24 13:15,6834
2020-02-24 13:20,6919
2020-02-24 13:25,7048
2020-02-24 13:30,7141
2020-02-24 13:35,7236
2020-02-24 13:40,7290
2020-02-24 13:45,7403
2020-02-24 13:50,7466
2020-02-24 13:55,7566
2020-02-24 14:00,7655
2020-02-24 14:05,7741
2020-02-24 14:10,
2020-02-24 14:15,7895
2020-02-24 14:20,8002
2020-02-24 14:25,8112
2020-02-24 14:30,8180
2020-02-24 14:35,8232
2020-02-24 14:40,8293
2020-02-24 14:45,8449
2020-02-24 14:50,8546
2020-02-24 14:55,8647
2020-02-24 15:00,8688
2020-02-24 15:05,8786
2020-02-24 15:10,8925
2020-02-24 15:15,9064
2020-02-24 15:20,9138
2020-02-24 15:25,9208
2020-02-24 15:30,9367
2020-02-24 15:35,9412
2020-02-24 15:40,9448
2020-02-24 15:45,9552
2020-02-24 15:50,9687
2020-02-24 15:55,9816
2020-02-24 16:00,9927
2020-02-24 16:05,9964
2020-02-24 16:10,10019
2020-02-24 16:15,10159
2020-02-24 16:20,10283
2020-02-24 16:25,10173
2020-02-24 16:30,10445
2020-02-24 16:35,10596
2020-02-24 16:40,10647
2020-02-24 16:45,10754
2020-02-24 16:50,10876
2020-02-24 16:55,10993
2020-02-24 17:00,11098
2020-02-24 17:05,11262
2020-02-24 17:10,11400
2020-02-24 17:15,11532
2020-02-24 17:20,11630
2020-02-24 17:25,11715
2020-02-24 17:30,11861
2020-02-24 17:35,11996
2020-02-24 17:40,12180
2020-02-24 17:45,12298
2020-02-24 17:50,12406
2020-02-24 17:55,12467
2020-02-24 18:00,12542
2020-02-24 18:05,12711
2020-02-24 18:10,12829
2020-02-24 18:15,12916
2020-02-24 18:20,13024
2020-02-24 18:25,13174
2020-02-24 18:30,13177
2020-02-24 18:35,13201
2020-02-24 18:40,13296
2020-02-24 18:45,13451
2020-02-24 18:50,13545
2020-02-24 18:55,13625
2020-02-24 19:00,13695
2020-02-24 19:05,13827
2020-02-24 19:10,13892
2020-02-24 19:15,14001
2020-02-24 19:20,14106
2020-02-24 19:25,14170
2020-02-24 19:30,14205
2020-02-24 19:35,14287
2020-02-24 19:40,14371
2020-02-24 19:45,14408
2020-02-24 19:50,14471
2020-02-24 19:55,14435
2020-02-24 20:00,14523
2020-02-24 20:05,14562
2020-02-24 20:10,14648
2020-02-24 20:15,14634
2020-02-24 20:20,14667
2020-02-24 20:25,14670
2020-02-24 20:30,14667
2020-02-24 20:35,14700
2020-02-24 20:40,14781
2020-02-24 20:45,14817
2020-02-24 20:50,14838
2020-02-24 20:55,14852
2020-02-24 21:00,14826
2020-02-24 21:05,14781
2020-02-24 21:10,14739
2020-02-24 21:15,14674
2020-02-24 21:20,14694
2020-02-24 21:25,14757
2020-02-24 21:30,14679
2020-02-24 21:35,14592
2020-02-24 21:40,14552
2020-02-24 21:45,14492
2020-02-24 21:50,14440
2020-02-24 21:55,14352
2020-02-24 22:00,14253
2020-02-24 22:05,14167
2020-02-24 22:10,14167
2020-02-24 22:15,14113
2020-02-24 22:20,14011
2020-02-24 22:25,13916
2020-02-24 22:30,13896
2020-02-24 22:35,13798
2020-02-24 22:40,13700
2020-02-24 22:45,13649
2020-02-24 22:50,13613
2020-02-24 22:55,13540
2020-02-24 23:00,13464
2020-02-24 23:05,13355
2020-02-24 23:10,13229
2020-02-24 23:15,13100
2020-02-24 23:20,13086
2020-02-24 23:25,13003
2020-02-24 23:30,12988
2020-02-24 23:35,12954
2020-02-24 23:40,12831
2020-02-24 23:45,12796
2020-02-24 23:50,12814
2020-02-24 23:55,12777
2020-02-25 00:00,12772
2020-02-25 00:05,12738
2020-02-25 00:10,12637
2020-02-25 00:15,12621
2020-02-25 00:20,12657
2020-02-25 00:25,12667
2020-02-25 00:30,12718
2020-02-25 00:35,12635
2020-02-25 00:40,12631
2020-02-25 00:45,12671
2020-02-25 00:50,12733
2020-02-25 00:55,12806
2020-02-25 01:00,12813
2020-02-25 01:05,12854
2020-02-25 01:10,12835
2020-02-25 01:15,12851
2020-02-25 01:20,12870
2020-02-25 01:25,12941
2020-02-25 01:30,12986
2020-02-25 01:35,12991
2020-02-25 01:40,13029
2020-02-25 01:45,13152
2020-02-25 01:50,13181
2020-02-25 01:55,13165
2020-02-25 02:00,13228
2020-02-25 02:05,13256
2020-02-25 02:10,13310
2020-02-25 02:15,13315
2020-02-25 02:20,13378
2020-02-25 02:25,13436
2020-02-25 02:30,13430
2020-02-25 02:35,13409
2020-02-25 02:40,13424
2020-02-25 02:45,13428
2020-02-25 02:50,13455
2020-02-25 02:55,13416
2020-02-25 03:00,13400
2020-02-25 03:05,13358
2020-02-25 03:10,13134
2020-02-25 03:15,13041
2020-02-25 03:20,12991
2020-02-25 03:25,12973
2020-02-25 03:30,12839
2020-02-25 03:35,12726
2020-02-25 03:40,12595
2020-02-25 03:45,12488
2020-02-25 03:50,12419
2020-02-25 03:55,12213
2020-02-25 04:00,12131
2020-02-25 04:05,11944
2020-02-25 04:10,11784
2020-02-25 04:15,11627
2020-02-25 04:20,11515
2020-02-25 04:25,11374
2020-02-25 04:30,11242
2020-02-25 04:35,11041
2020-02-25 04:40,10875
2020-02-25 04:45,10741
2020-02-25 04:50,10649
2020-02-25 04:55,10554
2020-02-25 05:00,10389
2020-02-25 05:05,10219
2020-02-25 05:10,10070
2020-02-25 05:15,9864
2020-02-25 05:20,9732
2020-02-25 05:25,9588
2020-02-25 05:30,9499
2020-02-25 05:35,9324
2020-02-25 05:40,9111
2020-02-25 05:45,8962
2020-02-25 05:50,8804
2020-02-25 05:55,8680
2020-02-25 06:00,8557
2020-02-25 06:05,8381
2020-02-25 06:10,8223
2020-02-25 06:15,7982
2020-02-25 06:20,7838
2020-02-25 06:25,7708
2020-02-25 06:30,7602
2020-02-25 06:35,7448
2020-02-25 06:40,7330
2020-02-25 06:45,7136
2020-02-25 06:50,7024
2020-02-25 06:55,6903
2020-02-25 07:00,6694
2020-02-25 07:05,6603
2020-02-25 07:10,6496
2020-02-25 07:15,6382
2020-02-25 07:20,6285
2020-02-25 07:25,6195
2020-02-25 07:30,6069
2020-02-25 07:35,5930
2020-02-25 07:40,5826
2020-02-25 07:45,5754
2020-02-25 07:50,5691
2020-02-25 07:55,5613
2020-02-25 08:00,5518
2020-02-25 08:05,5408
2020-02-25 08:10,5310
2020-02-25 08:15,5230
2020-02-25 08:20,5113
2020-02-25 08:25,5068
2020-02-25 08:30,5033
2020-02-25 08:35,4986
2020-02-25 08:40,4931
2020-02-25 08:45,4925
2020-02-25 08:50,4909
2020-02-25 08:55,4886
2020-02-25 09:00,4850
2020-02-25 09:05,4833
2020-02-25 09:10,4797
2020-02-25 09:15,4757
2020-02-25 09:20,4724
2020-02-25 09:25,4735
2020-02-25 09:30,4731
2020-02-25 09:35,4716
2020-02-25 09:40,4696
2020-02-25 09:45,4669
2020-02-25 09:50,4668
2020-02-25 09:55,4715
2020-02-25 10:00,4716
2020-02-25 10:05,4719
2020-02-25 10:10,4783
2020-02-25 10:15,4741
2020-02-25 10:20,4775
2020-02-25 10:25,4763
2020-02-25 10:30,4802
2020-02-25 10:35,4783
2020-02-25 10:40,4755
2020-02-25 10:45,4773
2020-02-25 10:50,4770
2020-02-25 10:55,4778
2020-02-25 11:00,4772
2020-02-25 11:05,4719
2020-02-25 11:10,4704
2020-02-25 11:15,4671
2020-02-25 11:20,4638
2020-02-25 11:25,4602
2020-02-25 11:30,4600
2020-02-25 11:35,4169
2020-02-25 11:40,3468
2020-02-25 11:45,2911
2020-02-25 11:50,2359
2020-02-25 11:55,1878
2020-02-25 12:00,1686
2020-02-25 12:05,1509
2020-02-25 12:10,1432
2020-02-25 12:15,1406
2020-02-25 12:20,1392
2020-02-25 12:25,1425
2020-02-25 12:30,1404
2020-02-25 12:35,1426
2020-02-25 12:40,1421
2020-02-25 12:45,1413
2020-02-25 12:50,1411
2020-02-25 12:55,1414
2020-02-25 13:00,1459
2020-02-25 13:05,1480
2020-02-25 13:10,1467
2020-02-25 13:15,1464
2020-02-25 13:20,1387
2020-02-25 13:25,1328
2020-02-25 13:30,1265
2020-02-25 13:35,1250
2020-02-25 13:40,1279
2020-02-25 13:45,1334
2020-02-25 13:50,1382
2020-02-25 13:55,1403
2020-02-25 14:00,1436
2020-02-25 14:05,1491
2020-02-25 14:10,1528
2020-02-25 14:15,1503
2020-02-25 14:20,1522
2020-02-25 14:25,1546
2020-02-25 14:30,1552
2020-02-25 14:35,2444
2020-02-25 14:40,3222
2020-02-25 14:45,3951
2020-02-25 14:50,4617
2020-02-25 14:55,5237
2020-02-25 15:00,5884
2020-02-25 15:05,6520
2020-02-25 15:10,7095
2020-02-25 15:15,7552
2020-02-25 15:20,7984
2020-02-25 15:25,8396
2020-02-25 15:30,8756
2020-02-25 15:35,9130
2020-02-25 15:40,9396
2020-02-25 15:45,9661
2020-02-25 15:50,9945
2020-02-25 15:55,10215
2020-02-25 16:00,10430
2020-02-25 16:05,10630
2020-02-25 16:10,10809
2020-02-25 16:15,10919
2020-02-25 16:20,11102
2020-02-25 16:25,11292
2020-02-25 16:30,11448
2020-02-25 16:35,11533
2020-02-25 16:40,11676
2020-02-25 16:45,11822
2020-02-25 16:50,11968
2020-02-25 16:55,12096
2020-02-25 17:00,12169
2020-02-25 17:05,12338
2020-02-25 17:10,12495
2020-02-25 17:15,12583
2020-02-25 17:20,12712
2020-02-25 17:25,12766
2020-02-25 17:30,12882
2020-02-25 17:35,12975
2020-02-25 17:40,13190
2020-02-25 17:45,13339
2020-02-25 17:50,13511
2020-02-25 17:55,13615
2020-02-25 18:00,13734
2020-02-25 18:05,13868
2020-02-25 18:10,14001
2020-02-25 18:15,14054
2020-02-25 18:20,14205
2020-02-25 18:25,14318
2020-02-25 18:30,14446
2020-02-25 18:35,14602
2020-02-25 18:40,14702
2020-02-25 18:45,14814
2020-02-25 18:50,14969
2020-02-25 18:55,15069
2020-02-25 19:00,15086
2020-02-25 19:05,15087
2020-02-25 19:10,15245
2020-02-25 19:15,15368
2020-02-25 19:20,15476
2020-02-25 19:25,15595
2020-02-25 19:30,15603
2020-02-25 19:35,15702
2020-02-25 19:40,15793
2020-02-25 19:45,15822
2020-02-25 19:50,15804
2020-02-25 19:55,15817
2020-02-25 20:00,15766
2020-02-25 20:05,15719
2020-02-25 20:10,15348
2020-02-25 20:15,11814
2020-02-25 20:20,6006
2020-02-25 20:25,4593
2020-02-25 20:30,4089
2020-02-25 20:35,5729
2020-02-25 20:40,6602
2020-02-25 20:45,7547
2020-02-25 20:50,8620
2020-02-25 20:55,9593
2020-02-25 21:00,10461
2020-02-25 21:05,11170
2020-02-25 21:10,11778
2020-02-25 21:15,12349
2020-02-25 21:20,12872
2020-02-25 21:25,13344
2020-02-25 21:30,13727
2020-02-25 21:35,14057
2020-02-25 21:40,14336
2020-02-25 21:45,14557
2020-02-25 21:50,14853
2020-02-25 21:55,14977
2020-02-25 22:00,15136
2020-02-25 22:05,15212
2020-02-25 22:10,15342
2020-02-25 22:15,15316
2020-02-25 22:20,15363
2020-02-25 22:25,15340
2020-02-25 22:30,15433
2020-02-25 22:35,15454
2020-02-25 22:40,15427
2020-02-25 22:45,15439
2020-02-25 22:50,15465
2020-02-25 22:55,15471
2020-02-25 23:00,15449
2020-02-25 23:05,15301
2020-02-25 23:10,15184
2020-02-25 23:15,15121
2020-02-25 23:20,15086
2020-02-25 23:25,14965
2020-02-25 23:30,14904
2020-02-25 23:35,14888
2020-02-25 23:40,14770
2020-02-25 23:45,0
2020-02-25 23:50,5461
2020-02-25 23:55,13846
2020-02-26 00:00,14489
2020-02-26 00:05,14445
2020-02-26 00:10,14432
2020-02-26 00:15,14339
2020-02-26 00:20,14227
2020-02-26 00:25,14115
2020-02-26 00:30,14125
2020-02-26 00:35,14182
2020-02-26 00:40,14285
2020-02-26 00:45,14285
2020-02-26 00:50,14240
2020-02-26 00:55,14333
2020-02-26 01:00,14334
2020-02-26 01:05,14287
2020-02-26 01:10,14330
2020-02-26 01:15,14375
2020-02-26 01:20,14370
2020-02-26 01:25,14430
2020-02-26 01:30,14437
2020-02-26 01:35,14479
2020-02-26 01:40,14493
2020-02-26 01:45,14544
2020-02-26 01:50,14553
2020-02-26 01:55,14544
2020-02-26 02:00,14534
2020-02-26 02:05,14538
2020-02-26 02:10,14556
2020-02-26 02:15,14539
2020-02-26 02:20,14601
2020-02-26 02:25,14551
2020-02-26 02:30,14578
2020-02-26 02:35,14537
2020-02-26 02:40,14499
2020-02-26 02:45,14529
2020-02-26 02:50,14490
2020-02-26 02:55,14448
2020-02-26 03:00,14378
2020-02-26 03:05,14301
2020-02-26 03:10,14213
2020-02-26 03:15,14164
2020-02-26 03:20,14118
2020-02-26 03:25,14085
2020-02-26 03:30,13990
2020-02-26 03:35,13874
2020-02-26 03:40,13876
2020-02-26 03:45,13764
2020-02-26 03:50,13588
2020-02-26 03:55,13456
2020-02-26 04:00,13376
2020-02-26 04:05,13209
2020-02-26 04:10,13052
2020-02-26 04:15,12924
2020-02-26 04:20,12802
2020-02-26 04:25,12704
2020-02-26 04:30,12556
2020-02-26 04:35,12350
2020-02-26 04:40,12208
2020-02-26 04:45,12032
2020-02-26 04:50,11862
2020-02-26 04:55,11737
2020-02-26 05:00,11557
2020-02-26 05:05,11334
2020-02-26 05:10,11168
2020-02-26 05:15,10982
2020-02-26 05:20,10771
2020-02-26 05:25,10582
2020-02-26 05:30,10350
2020-02-26 05:35,10134
2020-02-26 05:40,9967
2020-02-26 05:45,9802
2020-02-26 05:50,9659
2020-02-26 05:55,9425
2020-02-26 06:00,9312
2020-02-26 06:05,9065
2020-02-26 06:10,8900
2020-02-26 06:15,8753
2020-02-26 06:20,8572
2020-02-26 06:25,8354
2020-02-26 06:30,8198
2020-02-26 06:35,8023
2020-02-26 06:40,7844
2020-02-26 06:45,7690
2020-02-26 06:50,7544
2020-02-26 06:55,7407
2020-02-26 07:00,7286
2020-02-26 07:05,7129
2020-02-26 07:10,7039
2020-02-26 07:15,6937
2020-02-26 07:20,6865
2020-02-26 07:25,6789
2020-02-26 07:30,6678
2020-02-26 07:35,6623
2020-02-26 07:40,6490
2020-02-26 07:45,6410
2020-02-26 07:50,6286
2020-02-26 07:55,6204
2020-02-26 08:00,6089
2020-02-26 08:05,5951
2020-02-26 08:10,5891
2020-02-26 08:15,5789
2020-02-26 08:20,5752
2020-02-26 08:25,5732
2020-02-26 08:30,5590
2020-02-26 08:35,5553
2020-02-26 08:40,5519
2020-02-26 08:45,5495
2020-02-26 08:50,5461
2020-02-26 08:55,5445
2020-02-26 09:00,5428
2020-02-26 09:05,5349
2020-02-26 09:10,5347
2020-02-26 09:15,5334
2020-02-26 09:20,5296
2020-02-26 09:25,5325
2020-02-26 09:30,5321
2020-02-26 09:35,5291
2020-02-26 09:40,5283
2020-02-26 09:45,5235
2020-02-26 09:50,5274
2020-02-26 09:55,5277
2020-02-26 10:00,5278
2020-02-26 10:05,5288
2020-02-26 10:10,5291
2020-02-26 10:15,5236
2020-02-26 10:20,5298
2020-02-26 10:25,5334
2020-02-26 10:30,5351
2020-02-26 10:35,5393
2020-02-26 10:40,5449
2020-02-26 10:45,5466
2020-02-26 10:50,5510
2020-02-26 10:55,5497
2020-02-26 11:00,5509
2020-02-26 11:05,5528
2020-02-26 11:10,5572
2020-02-26 11:15,5631
2020-02-26 11:20,5698
2020-02-26 11:25,5735
2020-02-26 11:30,5768
2020-02-26 11:35,5827
2020-02-26 11:40,5875
2020-02-26 11:45,5954
2020-02-26 11:50,6016
2020-02-26 11:55,6101
2020-02-26 12:00,6111
2020-02-26 12:05,6160
2020-02-26 12:10,6229
2020-02-26 12:15,6297
2020-02-26 12:20,6355
2020-02-26 12:25,6445
2020-02-26 12:30,6473
2020-02-26 12:35,6589
2020-02-26 12:40,6634
2020-02-26 12:45,6741
2020-02-26 12:50,6826
2020-02-26 12:55,6962
2020-02-26 13:00,6984
2020-02-26 13:05,7110
2020-02-26 13:10,7203
2020-02-26 13:15,7290
2020-02-26 13:20,7338
2020-02-26 13:25,7413
2020-02-26 13:30,7558
2020-02-26 13:35,7642
2020-02-26 13:40,7707
2020-02-26 13:45,7769
2020-02-26 13:50,7882
2020-02-26 13:55,7950
2020-02-26 14:00,8083
2020-02-26 14:05,8173
2020-02-26 14:10,8243
2020-02-26 14:15,8400
2020-02-26 14:20,8494
2020-02-26 14:25,8596
2020-02-26 14:30,8670
2020-02-26 14:35,8824
2020-02-26 14:40,8935
2020-02-26 14:45,9120
2020-02-26 14:50,9194
2020-02-26 14:55,9267
2020-02-26 15:00,9304
2020-02-26 15:05,9395
2020-02-26 15:10,9501
2020-02-26 15:15,9614
2020-02-26 15:20,9718
2020-02-26 15:25,9827
2020-02-26 15:30,9923
2020-02-26 15:35,10038
2020-02-26 15:40,10144
2020-02-26 15:45,10249
2020-02-26 15:50,10321
2020-02-26 15:55,10410
2020-02-26 16:00,10460
2020-02-26 16:05,10582
2020-02-26 16:10,10658
2020-02-26 16:15,10816
2020-02-26 16:20,10932
2020-02-26 16:25,11064
2020-02-26 16:30,11189
2020-02-26 16:35,11314
2020-02-26 16:40,11427
2020-02-26 16:45,11534
2020-02-26 16:50,11645
2020-02-26 16:55,11792
2020-02-26 17:00,11913
2020-02-26 17:05,11962
2020-02-26 17:10,12060
2020-02-26 17:15,12148
2020-02-26 17:20,12294
2020-02-26 17:25,12370
2020-02-26 17:30,12503
2020-02-26 17:35,12621
2020-02-26 17:40,12782
2020-02-26 17:45,12948
2020-02-26 17:50,12959
2020-02-26 17:55,13059
2020-02-26 18:00,13116
2020-02-26 18:05,13216
2020-02-26 18:10,13272
2020-02-26 18:15,13342
2020-02-26 18:20,13461
2020-02-26 18:25,13621
2020-02-26 18:30,13791
2020-02-26 18:35,13901
2020-02-26 18:40,14050
2020-02-26 18:45,14092
2020-02-26 18:50,14316
2020-02-26 18:55,14442
2020-02-26 19:00,14525
2020-02-26 19:05,14636
2020-02-26 19:10,14727
2020-02-26 19:15,14819
2020-02-26 19:20,14875
2020-02-26 19:25,14923
2020-02-26 19:30,14989
2020-02-26 19:35,15016
2020-02-26 19:40,15117
2020-02-26 19:45,15198
2020-02-26 19:50,15203
2020-02-26 19:55,15168
2020-02-26 20:00,15181
2020-02-26 20:05,15093
2020-02-26 20:10,15106
2020-02-26 20:15,15105
2020-02-26 20:20,15144
2020-02-26 20:25,15150
2020-02-26 20:30,15162
2020-02-26 20:35,15182
2020-02-26 20:40,15243
2020-02-26 20:45,15261
2020-02-26 20:50,15306
2020-02-26 20:55,15332
2020-02-26 21:00,15413
2020-02-26 21:05,15445
2020-02-26 21:10,15368
2020-02-26 21:15,15317
2020-02-26 21:20,15313
2020-02-26 21:25,15239
2020-02-26 21:30,15177
2020-02-26 21:35,15122
2020-02-26 21:40,15133
2020-02-26 21:45,15084
2020-02-26 21:50,15031
2020-02-26 21:55,14981
2020-02-26 22:00,14613
2020-02-26 22:05,14596
2020-02-26 22:10,14491
2020-02-26 22:15,14399
2020-02-26 22:20,14369
2020-02-26 22:25,14238
2020-02-26 22:30,14149
2020-02-26 22:35,14056
2020-02-26 22:40,14018
2020-02-26 22:45,14064
2020-02-26 22:50,14039
2020-02-26 22:55,14037
2020-02-26 23:00,14043
2020-02-26 23:05,14024
2020-02-26 23:10,13995
2020-02-26 23:15,14017
2020-02-26 23:20,13964
2020-02-26 23:25,13934
2020-02-26 23:30,13899
2020-02-26 23:35,13855
2020-02-26 23:40,13806
2020-02-26 23:45,13814
2020-02-26 23:50,13836
2020-02-26 23:55,13823
2020-02-27 00:00,13870
2020-02-27 00:05,13840
2020-02-27 00:10,13812
2020-02-27 00:15,13796
2020-02-27 00:20,13737
2020-02-27 00:25,13723
2020-02-27 00:30,13671
2020-02-27 00:35,13702
2020-02-27 00:40,13755
2020-02-27 00:45,13756
2020-02-27 00:50,13749
2020-02-27 00:55,13782
2020-02-27 01:00,13711
2020-02-27 01:05,13753
2020-02-27 01:10,13703
2020-02-27 01:15,13780
2020-02-27 01:20,13781
2020-02-27 01:25,13828
2020-02-27 01:30,13849
2020-02-27 01:35,13844
2020-02-27 01:40,13855
2020-02-27 01:45,13914
2020-02-27 01:50,13956
2020-02-27 01:55,13950
2020-02-27 02:00,13974
2020-02-27 02:05,13985
2020-02-27 02:10,14005
2020-02-27 02:15,14075
2020-02-27 02:20,14034
2020-02-27 02:25,14058
2020-02-27 02:30,14063
2020-02-27 02:35,14064
2020-02-27 02:40,14110
2020-02-27 02:45,14120
2020-02-27 02:50,14012
2020-02-27 02:55,14002
2020-02-27 03:00,13962
2020-02-27 03:05,13892
2020-02-27 03:10,13817
2020-02-27 03:15,13746
2020-02-27 03:20,13648
2020-02-27 03:25,13530
2020-02-27 03:30,13463
2020-02-27 03:35,13357
2020-02-27 03:40,13259
2020-02-27 03:45,13169
2020-02-27 03:50,13037
2020-02-27 03:55,12888
2020-02-27 04:00,12849
2020-02-27 04:05,12715
2020-02-27 04:10,12546
2020-02-27 04:15,12338
2020-02-27 04:20,12176
2020-02-27 04:25,12019
2020-02-27 04:30,11896
2020-02-27 04:35,11720
2020-02-27 04:40,11575
2020-02-27 04:45,11360
2020-02-27 04:50,11234
2020-02-27 04:55,11036
2020-02-27 05:00,10901
2020-02-27 05:05,10713
2020-02-27 05:10,10525
2020-02-27 05:15,10324
2020-02-27 05:20,10155
2020-02-27 05:25,10043
2020-02-27 05:30,9884
2020-02-27 05:35,9702
2020-02-27 05:40,9520
2020-02-27 05:45,9316
2020-02-27 05:50,9140
2020-02-27 05:55,8928
2020-02-27 06:00,8740
2020-02-27 06:05,8651
2020-02-27 06:10,8538
2020-02-27 06:15,8371
2020-02-27 06:20,8205
2020-02-27 06:25,8040
2020-02-27 06:30,7829
2020-02-27 06:35,7684
2020-02-27 06:40,7579
2020-02-27 06:45,7450
2020-02-27 06:50,7338
2020-02-27 06:55,7199
2020-02-27 07:00,7106
2020-02-27 07:05,7040
2020-02-27 07:10,6889
2020-02-27 07:15,6791
2020-02-27 07:20,6655
2020-02-27 07:25,6542
2020-02-27 07:30,6445
2020-02-27 07:35,6351
2020-02-27 07:40,6298
2020-02-27 07:45,6186
2020-02-27 07:50,6105
2020-02-27 07:55,6027
2020-02-27 08:00,5911
2020-02-27 08:05,5788
2020-02-27 08:10,5761
2020-02-27 08:15,5657
2020-02-27 08:20,5587
2020-02-27 08:25,5541
2020-02-27 08:30,5461
2020-02-27 08:35,5375
2020-02-27 08:40,5302
2020-02-27 08:45,5261
2020-02-27 08:50,5247
2020-02-27 08:55,5223
2020-02-27 09:00,5161
2020-02-27 09:05,5120
2020-02-27 09:10,5111
2020-02-27 09:15,5089
2020-02-27 09:20,5110
2020-02-27 09:25,5128
2020-02-27 09:30,5108
2020-02-27 09:35,5104
2020-02-27 09:40,5113
2020-02-27 09:45,5113
2020-02-27 09:50,5142
2020-02-27 09:55,5162
2020-02-27 10:00,5164
2020-02-27 10:05,5211
2020-02-27 10:10,5204
2020-02-27 10:15,5227
2020-02-27 10:20,5270
2020-02-27 10:25,5230
2020-02-27 10:30,5290
2020-02-27 10:35,5302
2020-02-27 10:40,5285
2020-02-27 10:45,5311
2020-02-27 10:50,5345
2020-02-27 10:55,5356
2020-02-27 11:00,5348
2020-02-27 11:05,5351
2020-02-27 11:10,5350
2020-02-27 11:15,5398
2020-02-27 11:20,5414
2020-02-27 11:25,5454
2020-02-27 11:30,5484
2020-02-27 11:35,5536
2020-02-27 11:40,5635
2020-02-27 11:45,5679
2020-02-27 11:50,5731
2020-02-27 11:55,5808
2020-02-27 12:00,5859
2020-02-27 12:05,5918
2020-02-27 12:10,6009
2020-02-27 12:15,6013
2020-02-27 12:20,6037
2020-02-27 12:25,6089
2020-02-27 12:30,6204
2020-02-27 12:35,6292
2020-02-27 12:40,6391
2020-02-27 12:45,6423
2020-02-27 12:50,6528
2020-02-27 12:55,6625
2020-02-27 13:00,6704
2020-02-27 13:05,6824
2020-02-27 13:10,6876
2020-02-27 13:15,6982
2020-02-27 13:20,7040
2020-02-27 13:25,7166
2020-02-27 13:30,7273
2020-02-27 13:35,7335
2020-02-27 13:40,7381
2020-02-27 13:45,7531
2020-02-27 13:50,7630
2020-02-27 13:55,7755
2020-02-27 14:00,7848
2020-02-27 14:05,7993
2020-02-27 14:10,8052
2020-02-27 14:15,8151
2020-02-27 14:20,8263
2020-02-27 14:25,8404
2020-02-27 14:30,8531
2020-02-27 14:35,8561
2020-02-27 14:40,8668
2020-02-27 14:45,8757
2020-02-27 14:50,8840
2020-02-27 14:55,8869
2020-02-27 15:00,8914
2020-02-27 15:05,9035
2020-02-27 15:10,9139
2020-02-27 15:15,9231
2020-02-27 15:20,9359
2020-02-27 15:25,9480
2020-02-27 15:30,9582
2020-02-27 15:35,9691
2020-02-27 15:40,9794
2020-02-27 15:45,9897
2020-02-27 15:50,10024
2020-02-27 15:55,10109
2020-02-27 16:00,10219
2020-02-27 16:05,10311
2020-02-27 16:10,10428
2020-02-27 16:15,10506
2020-02-27 16:20,10579
2020-02-27 16:25,10655
2020-02-27 16:30,10785
2020-02-27 16:35,10895
2020-02-27 16:40,10974
2020-02-27 16:45,11101
2020-02-27 16:50,11249
2020-02-27 16:55,11314
2020-02-27 17:00,11440
2020-02-27 17:05,11645
2020-02-27 17:10,11789
2020-02-27 17:15,11897
2020-02-27 17:20,12051
2020-02-27 17:25,12232
2020-02-27 17:30,12335
2020-02-27 17:35,12418
2020-02-27 17:40,12527
2020-02-27 17:45,12619
2020-02-27 17:50,12786
2020-02-27 17:55,12971
2020-02-27 18:00,13109
2020-02-27 18:05,13257
2020-02-27 18:10,13288
2020-02-27 18:15,13334
2020-02-27 18:20,13419
2020-02-27 18:25,13506
2020-02-27 18:30,13566
2020-02-27 18:35,13705
2020-02-27 18:40,13759
2020-02-27 18:45,13818
2020-02-27 18:50,13949
2020-02-27 18:55,14012
2020-02-27 19:00,14117
2020-02-27 19:05,14149
2020-02-27 19:10,14209
2020-02-27 19:15,14322
2020-02-27 19:20,14399
2020-02-27 19:25,14406
2020-02-27 19:30,14436
2020-02-27 19:35,14493
2020-02-27 19:40,14557
2020-02-27 19:45,14576
2020-02-27 19:50,14646
2020-02-27 19:55,14746
2020-02-27 20:00,14832
2020-02-27 20:05,
2020-02-27 20:10,
2020-02-27 20:15,14921
2020-02-27 20:20,14957
2020-02-27 20:25,15007
2020-02-27 20:30,15029
2020-02-27 20:35,15116
2020-02-27 20:40,15191
2020-02-27 20:45,15202
2020-02-27 20:50,15279
2020-02-27 20:55,15313
2020-02-27 21:00,15333
2020-02-27 21:05,15352
2020-02-27 21:10,15267
2020-02-27 21:15,15224
2020-02-27 21:20,15238
2020-02-27 21:25,15198
2020-02-27 21:30,15268
2020-02-27 21:35,15271
2020-02-27 21:40,15306
2020-02-27 21:45,15377
2020-02-27 21:50,15351
2020-02-27 21:55,15405
2020-02-27 22:00,15310
2020-02-27 22:05,15253
2020-02-27 22:10,15197
2020-02-27 22:15,15066
2020-02-27 22:20,14984
2020-02-27 22:25,14871
2020-02-27 22:30,14788
2020-02-27 22:35,14528
2020-02-27 22:40,14138
2020-02-27 22:45,13860
2020-02-27 22:50,13637
2020-02-27 22:55,13471
2020-02-27 23:00,13416
2020-02-27 23:05,13198
2020-02-27 23:10,13156
2020-02-27 23:15,13078
2020-02-27 23:20,13004
2020-02-27 23:25,12941
2020-02-27 23:30,12931
2020-02-27 23:35,12808
2020-02-27 23:40,12883
2020-02-27 23:45,12887
2020-02-27 23:50,12885
2020-02-27 23:55,12820
2020-02-28 00:00,12817
2020-02-28 00:05,12701
2020-02-28 00:10,12667
2020-02-28 00:15,12668
2020-02-28 00:20,12651
2020-02-28 00:25,12639
2020-02-28 00:30,12644
2020-02-28 00:35,12624
2020-02-28 00:40,12616
2020-02-28 00:45,12686
2020-02-28 00:50,12667
2020-02-28 00:55,12688
2020-02-28 01:00,12807
2020-02-28 01:05,12799
2020-02-28 01:10,12796
2020-02-28 01:15,12859
2020-02-28 01:20,12940
2020-02-28 01:25,13008
2020-02-28 01:30,13013
2020-02-28 01:35,13036
2020-02-28 01:40,13066
2020-02-28 01:45,13132
2020-02-28 01:50,13214
2020-02-28 01:55,13209
2020-02-28 02:00,13200
2020-02-28 02:05,13178
2020-02-28 02:10,13237
2020-02-28 02:15,13273
2020-02-28 02:20,13301
2020-02-28 02:25,13317
2020-02-28 02:30,13332
2020-02-28 02:35,13329
2020-02-28 02:40,13331
2020-02-28 02:45,13387
2020-02-28 02:50,13395
2020-02-28 02:55,13331
2020-02-28 03:00,13278
2020-02-28 03:05,13261
2020-02-28 03:10,13201
2020-02-28 03:15,13135
2020-02-28 03:20,13117
2020-02-28 03:25,13058
2020-02-28 03:30,12915
2020-02-28 03:35,12836
2020-02-28 03:40,12712
2020-02-28 03:45,12598
2020-02-28 03:50,12510
2020-02-28 03:55,12432
2020-02-28 04:00,12300
2020-02-28 04:05,12197
2020-02-28 04:10,12061
2020-02-28 04:15,11933
2020-02-28 04:20,11826
2020-02-28 04:25,11693
2020-02-28 04:30,11635
2020-02-28 04:35,11474
2020-02-28 04:40,11409
2020-02-28 04:45,11296
2020-02-28 04:50,11216
2020-02-28 04:55,11077
2020-02-28 05:00,10920
2020-02-28 05:05,10789
2020-02-28 05:10,10613
2020-02-28 05:15,10578
2020-02-28 05:20,10418
2020-02-28 05:25,10206
2020-02-28 05:30,10033
2020-02-28 05:35,9852
2020-02-28 05:40,9691
2020-02-28 05:45,9521
2020-02-28 05:50,9376
2020-02-28 05:55,9230
2020-02-28 06:00,8993
2020-02-28 06:05,8729
2020-02-28 06:10,8570
2020-02-28 06:15,8437
2020-02-28 06:20,8286
2020-02-28 06:25,8143
2020-02-28 06:30,8000
2020-02-28 06:35,7824
2020-02-28 06:40,7685
2020-02-28 06:45,7529
2020-02-28 06:50,7349
2020-02-28 06:55,7137
2020-02-28 07:00,7043
2020-02-28 07:05,6905
2020-02-28 07:10,6786
2020-02-28 07:15,6716
2020-02-28 07:20,6607
2020-02-28 07:25,6498
2020-02-28 07:30,6411
2020-02-28 07:35,6363
2020-02-28 07:40,6320
2020-02-28 07:45,6222
2020-02-28 07:50,6183
2020-02-28 07:55,6065
2020-02-28 08:00,5913
2020-02-28 08:05,5863
2020-02-28 08:10,5782
2020-02-28 08:15,5687
2020-02-28 08:20,5659
2020-02-28 08:25,5634
2020-02-28 08:30,5587
2020-02-28 08:35,5527
2020-02-28 08:40,5498
2020-02-28 08:45,5474
2020-02-28 08:50,5405
2020-02-28 08:55,5388
2020-02-28 09:00,5349
2020-02-28 09:05,5299
2020-02-28 09:10,5288
2020-02-28 09:15,5225
2020-02-28 09:20,5215
2020-02-28 09:25,5198
2020-02-28 09:30,5185
2020-02-28 09:35,5127
2020-02-28 09:40,5142
2020-02-28 09:45,5156
2020-02-28 09:50,5138
2020-02-28 09:55,5153
2020-02-28 10:00,5185
2020-02-28 10:05,5152
2020-02-28 10:10,5156
2020-02-28 10:15,5139
2020-02-28 10:20,5181
2020-02-28 10:25,5211
2020-02-28 10:30,5296
2020-02-28 10:35,5332
2020-02-28 10:40,5378
2020-02-28 10:45,5390
2020-02-28 10:50,5391
2020-02-28 10:55,5453
2020-02-28 11:00,5536
2020-02-28 11:05,5556
2020-02-28 11:10,5545
2020-02-28 11:15,5621
2020-02-28 11:20,5644
2020-02-28 11:25,5682
2020-02-28 11:30,5755
2020-02-28 11:35,5844
2020-02-28 11:40,5863
2020-02-28 11:45,5927
2020-02-28 11:50,5954
2020-02-28 11:55,6022
2020-02-28 12:00,6071
2020-02-28 12:05,6083
2020-02-28 12:10,6090
2020-02-28 12:15,6230
2020-02-28 12:20,6303
2020-02-28 12:25,6329
2020-02-28 12:30,6405
2020-02-28 12:35,6444
2020-02-28 12:40,6542
2020-02-28 12:45,6613
2020-02-28 12:50,6688
2020-02-28 12:55,6745
2020-02-28 13:00,6840
2020-02-28 13:05,6887
2020-02-28 13:10,6942
2020-02-28 13:15,7088
2020-02-28 13:20,7181
2020-02-28 13:25,7261
2020-02-28 13:30,7351
2020-02-28 13:35,7473
2020-02-28 13:40,7531
2020-02-28 13:45,7585
2020-02-28 13:50,7704
2020-02-28 13:55,7752
2020-02-28 14:00,7863
2020-02-28 14:05,7982
2020-02-28 14:10,8103
2020-02-28 14:15,8235
2020-02-28 14:20,8371
2020-02-28 14:25,8476
2020-02-28 14:30,8577
2020-02-28 14:35,8709
2020-02-28 14:40,8839
2020-02-28 14:45,8945
2020-02-28 14:50,9108
2020-02-28 14:55,9177
2020-02-28 15:00,9300
2020-02-28 15:05,9409
2020-02-28 15:10,9546
2020-02-28 15:15,9667
2020-02-28 15:20,9745
2020-02-28 15:25,9820
2020-02-28 15:30,9954
2020-02-28 15:35,10037
2020-02-28 15:40,10161
2020-02-28 15:45,10279
2020-02-28 15:50,10415
2020-02-28 15:55,10499
2020-02-28 16:00,10605
2020-02-28 16:05,10697
2020-02-28 16:10,10704
2020-02-28 16:15,10754
2020-02-28 16:20,10877
2020-02-28 16:25,10935
2020-02-28 16:30,10992
2020-02-28 16:35,11035
2020-02-28 16:40,11084
2020-02-28 16:45,11146
2020-02-28 16:50,11327
2020-02-28 16:55,11387
2020-02-28 17:00,11492
2020-02-28 17:05,11579
2020-02-28 17:10,11671
2020-02-28 17:15,11701
2020-02-28 17:20,11886
2020-02-28 17:25,11961
2020-02-28 17:30,11994
2020-02-28 17:35,11992
2020-02-28 17:40,12103
2020-02-28 17:45,12207
2020-02-28 17:50,12273
2020-02-28 17:55,12354
2020-02-28 18:00,12523
2020-02-28 18:05,12627
2020-02-28 18:10,12739
2020-02-28 18:15,12762
2020-02-28 18:20,12835
2020-02-28 18:25,12914
2020-02-28 18:30,13077
2020-02-28 18:35,13170
2020-02-28 18:40,13326
2020-02-28 18:45,13342
2020-02-28 18:50,13481
2020-02-28 18:55,13562
2020-02-28 19:00,13627
2020-02-28 19:05,13710
2020-02-28 19:10,13839
2020-02-28 19:15,13921
2020-02-28 19:20,14084
2020-02-28 19:25,14178
2020-02-28 19:30,14286
2020-02-28 19:35,14423
2020-02-28 19:40,14506
2020-02-28 19:45,14555
2020-02-28 19:50,14703
2020-02-28 19:55,14820
2020-02-28 20:00,14877
2020-02-28 20:05,14892
2020-02-28 20:10,14918
2020-02-28 20:15,14952
2020-02-28 20:20,15042
2020-02-28 20:25,15218
2020-02-28 20:30,15297
2020-02-28 20:35,15295
2020-02-28 20:40,15430
2020-02-28 20:45,15496
2020-02-28 20:50,15598
2020-02-28 20:55,15621
2020-02-28 21:00,15604
2020-02-28 21:05,15608
2020-02-28 21:10,15695
2020-02-28 21:15,15702
2020-02-28 21:20,15752
2020-02-28 21:25,15713
2020-02-28 21:30,15657
2020-02-28 21:35,15649
2020-02-28 21:40,15671
2020-02-28 21:45,15757
2020-02-28 21:50,15749
2020-02-28 21:55,15754
2020-02-28 22:00,15734
2020-02-28 22:05,15785
2020-02-28 22:10,15825
2020-02-28 22:15,15854
2020-02-28 22:20,15832
2020-02-28 22:25,15857
2020-02-28 22:30,15762
2020-02-28 22:35,15791
2020-02-28 22:40,15798
2020-02-28 22:45,15762
2020-02-28 22:50,15760
2020-02-28 22:55,15741
2020-02-28 23:00,15736
2020-02-28 23:05,15625
2020-02-28 23:10,15467
2020-02-28 23:15,15379
2020-02-28 23:20,15279
2020-02-28 23:25,15212
2020-02-28 23:30,15138
2020-02-28 23:35,15052
2020-02-28 23:40,14998
2020-02-28 23:45,14883
2020-02-28 23:50,14883
2020-02-28 23:55,14823
2020-02-29 00:00,14697
2020-02-29 00:05,14668
2020-02-29 00:10,14614
2020-02-29 00:15,14544
2020-02-29 00:20,14402
2020-02-29 00:25,14370
2020-02-29 00:30,14245
2020-02-29 00:35,14287
2020-02-29 00:40,14253
2020-02-29 00:45,14160
2020-02-29 00:50,14149
2020-02-29 00:55,14051
2020-02-29 01:00,14009
2020-02-29 01:05,13988
2020-02-29 01:10,13951
2020-02-29 01:15,13926
2020-02-29 01:20,13996
2020-02-29 01:25,14052
2020-02-29 01:30,14129
2020-02-29 01:35,14099
2020-02-29 01:40,14082
2020-02-29 01:45,14122
2020-02-29 01:50,14157
2020-02-29 01:55,14190
2020-02-29 02:00,14146
2020-02-29 02:05,14200
2020-02-29 02:10,14277
2020-02-29 02:15,14272
2020-02-29 02:20,14344
2020-02-29 02:25,14378
2020-02-29 02:30,14388
2020-02-29 02:35,14352
2020-02-29 02:40,14395
2020-02-29 02:45,14435
2020-02-29 02:50,14396
2020-02-29 02:55,14405
2020-02-29 03:00,14438
2020-02-29 03:05,14460
2020-02-29 03:10,14478
2020-02-29 03:15,14507
2020-02-29 03:20,14526
2020-02-29 03:25,14506
2020-02-29 03:30,14552
2020-02-29 03:35,14390
2020-02-29 03:40,14322
2020-02-29 03:45,14268
2020-02-29 03:50,14224
2020-02-29 03:55,14174
2020-02-29 04:00,14074
2020-02-29 04:05,14005
2020-02-29 04:10,13989
2020-02-29 04:15,13955
2020-02-29 04:20,13923
2020-02-29 04:25,13794
2020-02-29 04:30,13684
2020-02-29 04:35,13539
2020-02-29 04:40,13432
2020-02-29 04:45,13386
2020-02-29 04:50,13262
2020-02-29 04:55,13215
2020-02-29 05:00,13065
2020-02-29 05:05,12955
2020-02-29 05:10,12777
2020-02-29 05:15,12633
2020-02-29 05:20,12521
2020-02-29 05:25,12394
2020-02-29 05:30,12259
2020-02-29 05:35,12041
2020-02-29 05:40,11968
2020-02-29 05:45,11821
2020-02-29 05:50,11712
2020-02-29 05:55,11567
2020-02-29 06:00,11402
2020-02-29 06:05,11246
2020-02-29 06:10,11062
2020-02-29 06:15,10877
2020-02-29 06:20,10697
2020-02-29 06:25,10514
2020-02-29 06:30,10368
2020-02-29 06:35,10192
2020-02-29 06:40,10033
2020-02-29 06:45,9887
2020-02-29 06:50,9746
2020-02-29 06:55,9604
2020-02-29 07:00,9461
2020-02-29 07:05,9251
2020-02-29 07:10,9135
2020-02-29 07:15,9014
2020-02-29 07:20,8897
2020-02-29 07:25,8752
2020-02-29 07:30,8614
2020-02-29 07:35,8506
2020-02-29 07:40,8356
2020-02-29 07:45,8211
2020-02-29 07:50,8098
2020-02-29 07:55,7955
2020-02-29 08:00,7800
2020-02-29 08:05,7703
2020-02-29 08:10,7606
2020-02-29 08:15,7546
2020-02-29 08:20,7429
2020-02-29 08:25,7323
2020-02-29 08:30,7260
2020-02-29 08:35,7231
2020-02-29 08:40,7149
2020-02-29 08:45,7072
2020-02-29 08:50,6970
2020-02-29 08:55,6907
2020-02-29 09:00,6935
2020-02-29 09:05,6879
2020-02-29 09:10,6838
2020-02-29 09:15,6820
2020-02-29 09:20,6780
2020-02-29 09:25,6770
2020-02-29 09:30,6786
2020-02-29 09:35,6850
2020-02-29 09:40,6887
2020-02-29 09:45,6888
2020-02-29 09:50,6911
2020-02-29 09:55,6912
2020-02-29 10:00,6921
2020-02-29 10:05,6898
2020-02-29 10:10,6957
2020-02-29 10:15,6973
2020-02-29 10:20,7032
2020-02-29 10:25,7090
2020-02-29 10:30,7118
2020-02-29 10:35,7169
2020-02-29 10:40,7223
2020-02-29 10:45,7298
2020-02-29 10:50,7344
2020-02-29 10:55,7387
2020-02-29 11:00,7424
2020-02-29 11:05,7429
2020-02-29 11:10,7492
2020-02-29 11:15,7519
2020-02-29 11:20,7586
2020-02-29 11:25,7625
2020-02-29 11:30,7623
2020-02-29 11:35,7672
2020-02-29 11:40,7738
2020-02-29 11:45,7809
2020-02-29 11:50,7914
2020-02-29 11:55,7976
2020-02-29 12:00,8040
2020-02-29 12:05,8140
2020-02-29 12:10,8176
2020-02-29 12:15,8224
2020-02-29 12:20,8376
2020-02-29 12:25,8452
2020-02-29 12:30,8560
2020-02-29 12:35,8654
2020-02-29 12:40,8745
2020-02-29 12:45,8850
2020-02-29 12:50,8907
2020-02-29 12:55,8996
2020-02-29 13:00,9022
2020-02-29 13:05,9046
2020-02-29 13:10,9150
2020-02-29 13:15,9197
2020-02-29 13:20,9241
2020-02-29 13:25,9358
2020-02-29 13:30,9492
2020-02-29 13:35,9588
2020-02-29 13:40,9760
2020-02-29 13:45,9818
2020-02-29 13:50,9915
2020-02-29 13:55,9977
2020-02-29 14:00,10062
2020-02-29 14:05,10181
2020-02-29 14:10,10325
2020-02-29 14:15,10459
2020-02-29 14:20,10593
2020-02-29 14:25,10745
2020-02-29 14:30,10833
2020-02-29 14:35,11025
2020-02-29 14:40,11155
2020-02-29 14:45,11246
2020-02-29 14:50,11370
2020-02-29 14:55,11446
2020-02-29 15:00,11530
2020-02-29 15:05,11616
2020-02-29 15:10,11762
2020-02-29 15:15,11941
2020-02-29 15:20,12022
2020-02-29 15:25,12143
2020-02-29 15:30,12245
2020-02-29 15:35,12355
2020-02-29 15:40,12504
2020-02-29 15:45,12654
2020-02-29 15:50,12757
2020-02-29 15:55,12827
2020-02-29 16:00,12943
2020-02-29 16:05,13053
2020-02-29 16:10,13099
2020-02-29 16:15,13243
2020-02-29 16:20,13338
2020-02-29 16:25,13422
2020-02-29 16:30,13440
2020-02-29 16:35,13682
2020-02-29 16:40,13735
2020-02-29 16:45,13797
2020-02-29 16:50,13973
2020-02-29 16:55,14083
2020-02-29 17:00,14115
2020-02-29 17:05,14240
2020-02-29 17:10,14401
2020-02-29 17:15,14492
2020-02-29 17:20,14601
2020-02-29 17:25,14645
2020-02-29 17:30,14624
2020-02-29 17:35,14640
2020-02-29 17:40,14688
2020-02-29 17:45,14819
2020-02-29 17:50,14923
2020-02-29 17:55,15057
2020-02-29 18:00,15163
2020-02-29 18:05,15261
2020-02-29 18:10,15385
2020-02-29 18:15,15516
2020-02-29 18:20,15628
2020-02-29 18:25,15674
2020-02-29 18:30,15815
2020-02-29 18:35,15954
2020-02-29 18:40,16034
2020-02-29 18:45,16123
2020-02-29 18:50,16131
2020-02-29 18:55,16239
2020-02-29 19:00,16307
2020-02-29 19:05,16387
2020-02-29 19:10,16462
2020-02-29 19:15,16510
2020-02-29 19:20,16563
2020-02-29 19:25,16748
2020-02-29 19:30,16880
2020-02-29 19:35,16919
2020-02-29 19:40,17050
2020-02-29 19:45,17097
2020-02-29 19:50,17193
2020-02-29 19:55,17308
2020-02-29 20:00,17438
2020-02-29 20:05,17557
2020-02-29 20:10,17652
2020-02-29 20:15,17700
2020-02-29 20:20,17775
2020-02-29 20:25,17907
2020-02-29 20:30,17939
2020-02-29 20:35,17994
2020-02-29 20:40,17991
2020-02-29 20:45,18006
2020-02-29 20:50,17997
2020-02-29 20:55,18032
2020-02-29 21:00,18094
2020-02-29 21:05,18142
2020-02-29 21:10,18199
2020-02-29 21:15,18188
2020-02-29 21:20,18243
2020-02-29 21:25,18221
2020-02-29 21:30,18269
2020-02-29 21:35,18228
2020-02-29 21:40,18202
2020-02-29 21:45,18154
2020-02-29 21:50,18146
2020-02-29 21:55,18074
2020-02-29 22:00,17910
2020-02-29 22:05,17868
2020-02-29 22:10,17798
2020-02-29 22:15,17761
2020-02-29 22:20,17691
2020-02-29 22:25,17653
2020-02-29 22:30,17550
2020-02-29 22:35,17485
2020-02-29 22:40,17327
2020-02-29 22:45,17251
2020-02-29 22:50,17174
2020-02-29 22:55,17022
2020-02-29 23:00,16837
2020-02-29 23:05,16677
2020-02-29 23:10,16564
2020-02-29 23:15,16487
2020-02-29 23:20,16448
2020-02-29 23:25,16334
2020-02-29 23:30,16217
2020-02-29 23:35,16145
2020-02-29 23:40,16053
2020-02-29 23:45,15940
2020-02-29 23:50,15846
2020-02-29 23:55,15830
2020-03-01 00:00,15681
2020-03-01 00:05,15565
2020-03-01 00:10,15495
2020-03-01 00:15,15419
2020-03-01 00:20,15335
2020-03-01 00:25,15205
2020-03-01 00:30,15056
2020-03-01 00:35,15031
2020-03-01 00:40,15013
2020-03-01 00:45,14977
2020-03-01 00:50,14908
2020-03-01 00:55,14820
2020-03-01 01:00,14796
2020-03-01 01:05,14758
2020-03-01 01:10,14619
2020-03-01 01:15,14570
2020-03-01 01:20,14558
2020-03-01 01:25,14550
2020-03-01 01:30,14490
2020-03-01 01:35,14476
2020-03-01 01:40,14515
2020-03-01 01:45,14471
2020-03-01 01:50,14484
2020-03-01 01:55,14433
2020-03-01 02:00,14425
2020-03-01 02:05,14385
2020-03-01 02:10,14447
2020-03-01 02:15,14432
2020-03-01 02:20,14469
2020-03-01 02:25,14470
2020-03-01 02:30,14445
2020-03-01 02:35,14444
2020-03-01 02:40,14467
2020-03-01 02:45,14434
2020-03-01 02:50,14477
2020-03-01 02:55,14388
2020-03-01 03:00,14349
2020-03-01 03:05,14385
2020-03-01 03:10,14418
2020-03-01 03:15,14315
2020-03-01 03:20,14268
2020-03-01 03:25,14210
2020-03-01 03:30,14249
2020-03-01 03:35,14165
2020-03-01 03:40,14149
2020-03-01 03:45,14129
2020-03-01 03:50,14105
2020-03-01 03:55,13996
2020-03-01 04:00,13922
2020-03-01 04:05,13882
2020-03-01 04:10,13781
2020-03-01 04:15,13739
2020-03-01 04:20,13648
2020-03-01 04:25,13579
2020-03-01 04:30,13512
2020-03-01 04:35,13405
2020-03-01 04:40,13393
2020-03-01 04:45,13348
2020-03-01 04:50,13305
2020-03-01 04:55,13254
2020-03-01 05:00,13142
2020-03-01 05:05,13082
2020-03-01 05:10,12980
2020-03-01 05:15,12892
2020-03-01 05:20,12760
2020-03-01 05:25,12610
2020-03-01 05:30,12425
2020-03-01 05:35,12318
2020-03-01 05:40,12188
2020-03-01 05:45,12069
2020-03-01 05:50,11913
2020-03-01 05:55,11811
2020-03-01 06:00,11700
2020-03-01 06:05,11556
2020-03-01 06:10,11331
2020-03-01 06:15,11036
2020-03-01 06:20,10939
2020-03-01 06:25,10868
2020-03-01 06:30,10672
2020-03-01 06:35,10442
2020-03-01 06:40,10309
2020-03-01 06:45,10264
2020-03-01 06:50,10091
2020-03-01 06:55,9916
2020-03-01 07:00,9746
2020-03-01 07:05,9569
2020-03-01 07:10,9353
2020-03-01 07:15,9154
2020-03-01 07:20,8960
2020-03-01 07:25,8830
2020-03-01 07:30,8711
2020-03-01 07:35,8642
2020-03-01 07:40,8579
2020-03-01 07:45,8489
2020-03-01 07:50,8370
2020-03-01 07:55,8243
2020-03-01 08:00,8178
2020-03-01 08:05,8041
2020-03-01 08:10,7997
2020-03-01 08:15,7910
2020-03-01 08:20,7857
2020-03-01 08:25,7803
2020-03-01 08:30,7722
2020-03-01 08:35,7654
2020-03-01 08:40,7618
2020-03-01 08:45,7537
2020-03-01 08:50,7477
2020-03-01 08:55,7388
2020-03-01 09:00,7385
2020-03-01 09:05,7374
2020-03-01 09:10,7284
2020-03-01 09:15,7260
2020-03-01 09:20,7278
2020-03-01 09:25,7318
2020-03-01 09:30,7274
2020-03-01 09:35,7216
2020-03-01 09:40,7226
2020-03-01 09:45,7213
2020-03-01 09:50,7298
2020-03-01 09:55,7312
2020-03-01 10:00,7288
2020-03-01 10:05,7328
2020-03-01 10:10,7419
2020-03-01 10:15,7454
2020-03-01 10:20,7506
2020-03-01 10:25,7602
2020-03-01 10:30,7651
2020-03-01 10:35,7685
2020-03-01 10:40,7753
2020-03-01 10:45,7786
2020-03-01 10:50,7778
2020-03-01 10:55,7809
2020-03-01 11:00,7907
2020-03-01 11:05,7989
2020-03-01 11:10,7991
2020-03-01 11:15,8072
2020-03-01 11:20,8092
2020-03-01 11:25,8155
2020-03-01 11:30,8198
2020-03-01 11:35,8266
2020-03-01 11:40,8307
2020-03-01 11:45,8423
2020-03-01 11:50,8498
2020-03-01 11:55,8594
2020-03-01 12:00,8609
2020-03-01 12:05,8668
2020-03-01 12:10,8793
2020-03-01 12:15,8916
2020-03-01 12:20,8946
2020-03-01 12:25,9075
2020-03-01 12:30,9142
2020-03-01 12:35,9245
2020-03-01 12:40,9383
2020-03-01 12:45,9472
2020-03-01 12:50,9580
2020-03-01 12:55,9600
2020-03-01 13:00,9680
2020-03-01 13:05,9783
2020-03-01 13:10,9922
2020-03-01 13:15,10001
2020-03-01 13:20,10057
2020-03-01 13:25,10188
2020-03-01 13:30,10328
2020-03-01 13:35,10416
2020-03-01 13:40,10557
2020-03-01 13:45,10715
2020-03-01 13:50,10788
2020-03-01 13:55,10888
2020-03-01 14:00,10997
2020-03-01 14:05,11140
2020-03-01 14:10,11217
2020-03-01 14:15,11368
2020-03-01 14:20,11478
2020-03-01 14:25,11658
2020-03-01 14:30,11788
2020-03-01 14:35,11914
2020-03-01 14:40,12016
2020-03-01 14:45,12082
2020-03-01 14:50,12234
2020-03-01 14:55,12442
2020-03-01 15:00,12576
2020-03-01 15:05,12743
2020-03-01 15:10,12947
2020-03-01 15:15,13061
2020-03-01 15:20,13153
2020-03-01 15:25,13289
2020-03-01 15:30,13352
2020-03-01 15:35,13425
2020-03-01 15:40,13491
2020-03-01 15:45,13594
2020-03-01 15:50,13677
2020-03-01 15:55,13798
2020-03-01 16:00,13876
2020-03-01 16:05,14024
2020-03-01 16:10,14116
2020-03-01 16:15,14197
2020-03-01 16:20,14355
2020-03-01 16:25,14460
2020-03-01 16:30,14619
2020-03-01 16:35,14638
2020-03-01 16:40,14735
2020-03-01 16:45,14827
2020-03-01 16:50,15023
2020-03-01 16:55,15126
2020-03-01 17:00,15208
2020-03-01 17:05,15193
2020-03-01 17:10,15382
2020-03-01 17:15,15509
2020-03-01 17:20,15615
2020-03-01 17:25,15781
2020-03-01 17:30,15835
2020-03-01 17:35,15933
2020-03-01 17:40,16076
2020-03-01 17:45,16140
2020-03-01 17:50,16243
2020-03-01 17:55,16373
2020-03-01 18:00,16458
2020-03-01 18:05,16508
2020-03-01 18:10,16671
2020-03-01 18:15,16726
2020-03-01 18:20,16950
2020-03-01 18:25,17039
2020-03-01 18:30,17113
2020-03-01 18:35,17212
2020-03-01 18:40,17303
2020-03-01 18:45,17390
2020-03-01 18:50,17489
2020-03-01 18:55,17537
2020-03-01 19:00,17598
2020-03-01 19:05,17695
2020-03-01 19:10,17797
2020-03-01 19:15,17906
2020-03-01 19:20,18016
2020-03-01 19:25,18172
2020-03-01 19:30,18224
2020-03-01 19:35,18305
2020-03-01 19:40,18417
2020-03-01 19:45,18477
2020-03-01 19:50,18492
2020-03-01 19:55,18500
2020-03-01 20:00,18418
2020-03-01 20:05,18339
2020-03-01 20:10,18308
2020-03-01 20:15,18340
2020-03-01 20:20,18417
2020-03-01 20:25,18418
2020-03-01 20:30,18417
2020-03-01 20:35,18335
2020-03-01 20:40,18242
2020-03-01 20:45,18275
2020-03-01 20:50,18281
2020-03-01 20:55,18219
2020-03-01 21:00,18190
2020-03-01 21:05,18183
2020-03-01 21:10,18167
2020-03-01 21:15,18034
2020-03-01 21:20,17944
2020-03-01 21:25,17867
2020-03-01 21:30,17775
2020-03-01 21:35,17637
2020-03-01 21:40,17526
2020-03-01 21:45,17451
2020-03-01 21:50,17417
2020-03-01 21:55,17286
2020-03-01 22:00,17254
2020-03-01 22:05,17225
2020-03-01 22:10,17189
2020-03-01 22:15,17080
2020-03-01 22:20,16989
2020-03-01 22:25,16896
2020-03-01 22:30,16863
2020-03-01 22:35,16763
2020-03-01 22:40,16652
2020-03-01 22:45,16568
2020-03-01 22:50,16471
2020-03-01 22:55,16398
2020-03-01 23:00,16197
2020-03-01 23:05,16014
2020-03-01 23:10,15858
2020-03-01 23:15,15782
2020-03-01 23:20,15613
2020-03-01 23:25,15583
2020-03-01 23:30,15500
2020-03-01 23:35,15471
2020-03-01 23:40,15336
2020-03-01 23:45,15258
2020-03-01 23:50,15169
2020-03-01 23:55,15118
2020-03-02 00:00,15055
2020-03-02 00:05,14958
2020-03-02 00:10,14932
2020-03-02 00:15,14920
2020-03-02 00:20,14882
2020-03-02 00:25,14817
2020-03-02 00:30,14794
2020-03-02 00:35,14762
2020-03-02 00:40,14754
2020-03-02 00:45,14747
2020-03-02 00:50,14806
2020-03-02 00:55,14830
2020-03-02 01:00,14831
2020-03-02 01:05,14824
2020-03-02 01:10,14826
2020-03-02 01:15,14827
2020-03-02 01:20,14877
2020-03-02 01:25,14879
2020-03-02 01:30,14940
2020-03-02 01:35,14897
2020-03-02 01:40,14826
2020-03-02 01:45,14768
2020-03-02 01:50,14836
2020-03-02 01:55,14838
2020-03-02 02:00,14760
2020-03-02 02:05,14750
2020-03-02 02:10,14723
2020-03-02 02:15,14644
2020-03-02 02:20,14553
2020-03-02 02:25,14526
2020-03-02 02:30,14362
2020-03-02 02:35,14287
2020-03-02 02:40,14302
2020-03-02 02:45,14286
2020-03-02 02:50,14254
2020-03-02 02:55,14113
2020-03-02 03:00,13999
2020-03-02 03:05,13881
2020-03-02 03:10,13853
2020-03-02 03:15,13710
2020-03-02 03:20,13623
2020-03-02 03:25,13515
2020-03-02 03:30,13395
2020-03-02 03:35,13239
2020-03-02 03:40,13076
2020-03-02 03:45,12959
2020-03-02 03:50,12879
2020-03-02 03:55,12779
2020-03-02 04:00,12632
2020-03-02 04:05,12480
2020-03-02 04:10,12316
2020-03-02 04:15,12218
2020-03-02 04:20,12094
2020-03-02 04:25,11912
2020-03-02 04:30,11807
2020-03-02 04:35,11610
2020-03-02 04:40,11497
2020-03-02 04:45,11387
2020-03-02 04:50,11256
2020-03-02 04:55,11121
2020-03-02 05:00,10930
2020-03-02 05:05,10717
2020-03-02 05:10,10540
2020-03-02 05:15,10434
2020-03-02 05:20,10245
2020-03-02 05:25,10026
2020-03-02 05:30,9827
2020-03-02 05:35,9624
2020-03-02 05:40,9467
2020-03-02 05:45,9267
2020-03-02 05:50,9130
2020-03-02 05:55,8978
2020-03-02 06:00,8758
2020-03-02 06:05,8597
2020-03-02 06:10,8416
2020-03-02 06:15,8221
2020-03-02 06:20,8071
2020-03-02 06:25,7875
2020-03-02 06:30,7662
2020-03-02 06:35,7578
2020-03-02 06:40,7408
2020-03-02 06:45,7243
2020-03-02 06:50,7118
2020-03-02 06:55,6995
2020-03-02 07:00,6872
2020-03-02 07:05,6779
2020-03-02 07:10,6562
2020-03-02 07:15,6501
2020-03-02 07:20,6353
2020-03-02 07:25,6203
2020-03-02 07:30,6144
2020-03-02 07:35,6067
2020-03-02 07:40,5970
2020-03-02 07:45,5903
2020-03-02 07:50,5827
2020-03-02 07:55,5694
2020-03-02 08:00,5607
2020-03-02 08:05,5522
2020-03-02 08:10,5467
2020-03-02 08:15,5400
2020-03-02 08:20,5324
2020-03-02 08:25,5258
2020-03-02 08:30,5185
2020-03-02 08:35,5089
2020-03-02 08:40,5075
2020-03-02 08:45,5031
2020-03-02 08:50,4990
2020-03-02 08:55,4913
2020-03-02 09:00,4861
2020-03-02 09:05,4865
2020-03-02 09:10,4910
2020-03-02 09:15,4883
2020-03-02 09:20,4878
2020-03-02 09:25,4866
2020-03-02 09:30,4844
2020-03-02 09:35,4802
2020-03-02 09:40,4838
2020-03-02 09:45,4823
2020-03-02 09:50,4859
2020-03-02 09:55,4875
2020-03-02 10:00,4893
2020-03-02 10:05,4845
2020-03-02 10:10,4839
2020-03-02 10:15,4848
2020-03-02 10:20,4831
2020-03-02 10:25,4817
2020-03-02 10:30,4880
2020-03-02 10:35,4879
2020-03-02 10:40,4937
2020-03-02 10:45,4972
2020-03-02 10:50,4981
2020-03-02 10:55,5054
2020-03-02 11:00,5047
2020-03-02 11:05,5051
2020-03-02 11:10,5105
2020-03-02 11:15,5130
2020-03-02 11:20,5227
2020-03-02 11:25,5300
2020-03-02 11:30,5324
2020-03-02 11:35,5407
2020-03-02 11:40,5444
2020-03-02 11:45,5468
2020-03-02 11:50,5484
2020-03-02 11:55,5563
2020-03-02 12:00,5592
2020-03-02 12:05,5620
2020-03-02 12:10,5658
2020-03-02 12:15,5776
2020-03-02 12:20,5813
2020-03-02 12:25,5845
2020-03-02 12:30,5912
2020-03-02 12:35,5980
2020-03-02 12:40,6024
2020-03-02 12:45,6123
2020-03-02 12:50,6194
2020-03-02 12:55,6272
2020-03-02 13:00,6319
2020-03-02 13:05,6411
2020-03-02 13:10,6444
2020-03-02 13:15,6486
2020-03-02 13:20,6530
2020-03-02 13:25,6605
2020-03-02 13:30,6697
2020-03-02 13:35,6731
2020-03-02 13:40,6864
2020-03-02 13:45,6920
2020-03-02 13:50,7006
2020-03-02 13:55,7074
2020-03-02 14:00,7164
2020-03-02 14:05,7310
2020-03-02 14:10,7437
2020-03-02 14:15,7540
2020-03-02 14:20,7589
2020-03-02 14:25,7751
2020-03-02 14:30,7894
2020-03-02 14:35,7945
2020-03-02 14:40,8100
2020-03-02 14:45,8245
2020-03-02 14:50,8350
2020-03-02 14:55,8415
2020-03-02 15:00,8455
2020-03-02 15:05,8510
2020-03-02 15:10,8617
2020-03-02 15:15,8699
2020-03-02 15:20,8812
2020-03-02 15:25,8907
2020-03-02 15:30,9023
2020-03-02 15:35,9124
2020-03-02 15:40,9238
2020-03-02 15:45,9385
2020-03-02 15:50,9473
2020-03-02 15:55,9592
2020-03-02 16:00,9669
2020-03-02 16:05,9748
2020-03-02 16:10,9899
2020-03-02 16:15,9979
2020-03-02 16:20,10009
2020-03-02 16:25,10091
2020-03-02 16:30,10144
2020-03-02 16:35,10342
2020-03-02 16:40,10471
2020-03-02 16:45,10533
2020-03-02 16:50,10678
2020-03-02 16:55,10813
2020-03-02 17:00,10949
2020-03-02 17:05,11061
2020-03-02 17:10,11245
2020-03-02 17:15,11384
2020-03-02 17:20,11581
2020-03-02 17:25,11697
2020-03-02 17:30,11844
2020-03-02 17:35,12057
2020-03-02 17:40,12152
2020-03-02 17:45,12242
2020-03-02 17:50,12378
2020-03-02 17:55,12513
2020-03-02 18:00,12663
2020-03-02 18:05,12743
2020-03-02 18:10,12835
2020-03-02 18:15,12935
2020-03-02 18:20,13026
2020-03-02 18:25,13165
2020-03-02 18:30,13237
2020-03-02 18:35,13382
2020-03-02 18:40,13494
2020-03-02 18:45,13591
2020-03-02 18:50,13658
2020-03-02 18:55,13738
2020-03-02 19:00,13828
2020-03-02 19:05,13944
2020-03-02 19:10,13989
2020-03-02 19:15,14053
2020-03-02 19:20,14154
2020-03-02 19:25,14211
2020-03-02 19:30,14286
2020-03-02 19:35,14291
2020-03-02 19:40,14370
2020-03-02 19:45,14422
2020-03-02 19:50,14460
2020-03-02 19:55,14578
2020-03-02 20:00,14630
2020-03-02 20:05,14618
2020-03-02 20:10,14688
2020-03-02 20:15,14690
2020-03-02 20:20,14757
2020-03-02 20:25,14836
2020-03-02 20:30,14838
2020-03-02 20:35,14848
2020-03-02 20:40,14865
2020-03-02 20:45,14843
2020-03-02 20:50,14876
2020-03-02 20:55,14788
2020-03-02 21:00,14730
2020-03-02 21:05,14753
2020-03-02 21:10,14794
2020-03-02 21:15,14689
2020-03-02 21:20,14648
2020-03-02 21:25,14583
2020-03-02 21:30,14509
2020-03-02 21:35,14401
2020-03-02 21:40,14421
2020-03-02 21:45,14478
2020-03-02 21:50,14554
2020-03-02 21:55,14464
2020-03-02 22:00,14332
2020-03-02 22:05,14250
2020-03-02 22:10,14126
2020-03-02 22:15,14083
2020-03-02 22:20,13976
2020-03-02 22:25,13938
2020-03-02 22:30,13875
2020-03-02 22:35,13860
2020-03-02 22:40,13759
2020-03-02 22:45,13679
2020-03-02 22:50,13629
2020-03-02 22:55,13607
2020-03-02 23:00,13490
2020-03-02 23:05,13506
2020-03-02 23:10,13436
2020-03-02 23:15,13343
2020-03-02 23:20,13247
2020-03-02 23:25,13168
2020-03-02 23:30,13109
2020-03-02 23:35,13028
2020-03-02 23:40,13052
2020-03-02 23:45,13102
2020-03-02 23:50,13064
2020-03-02 23:55,13037
2020-03-03 00:00,12912
2020-03-03 00:05,12952
2020-03-03 00:10,12915
2020-03-03 00:15,12890
2020-03-03 00:20,12856
2020-03-03 00:25,12884
2020-03-03 00:30,12893
2020-03-03 00:35,12959
2020-03-03 00:40,12974
2020-03-03 00:45,13020
2020-03-03 00:50,13049
2020-03-03 00:55,13016
2020-03-03 01:00,13048
2020-03-03 01:05,13107
2020-03-03 01:10,13154
2020-03-03 01:15,13210
2020-03-03 01:20,13260
2020-03-03 01:25,13334
2020-03-03 01:30,13372
2020-03-03 01:35,13454
2020-03-03 01:40,13458
2020-03-03 01:45,13420
2020-03-03 01:50,13473
2020-03-03 01:55,13445
2020-03-03 02:00,13465
2020-03-03 02:05,13470
2020-03-03 02:10,13477
2020-03-03 02:15,13500
2020-03-03 02:20,13457
2020-03-03 02:25,13465
2020-03-03 02:30,13274
2020-03-03 02:35,13290
2020-03-03 02:40,13301
2020-03-03 02:45,13350
2020-03-03 02:50,13315
2020-03-03 02:55,13266
2020-03-03 03:00,13292
2020-03-03 03:05,13261
2020-03-03 03:10,13168
2020-03-03 03:15,13166
2020-03-03 03:20,13096
2020-03-03 03:25,12999
2020-03-03 03:30,12857
2020-03-03 03:35,12802
2020-03-03 03:40,12699
2020-03-03 03:45,12620
2020-03-03 03:50,12532
2020-03-03 03:55,12402
2020-03-03 04:00,12237
2020-03-03 04:05,12127
2020-03-03 04:10,11954
2020-03-03 04:15,11872
2020-03-03 04:20,11737
2020-03-03 04:25,11674
2020-03-03 04:30,11527
2020-03-03 04:35,11391
2020-03-03 04:40,11208
2020-03-03 04:45,11051
2020-03-03 04:50,10950
2020-03-03 04:55,10807
2020-03-03 05:00,10584
2020-03-03 05:05,10369
2020-03-03 05:10,10219
2020-03-03 05:15,10031
2020-03-03 05:20,9839
2020-03-03 05:25,9694
2020-03-03 05:30,9536
2020-03-03 05:35,9349
2020-03-03 05:40,9152
2020-03-03 05:45,8967
2020-03-03 05:50,8796
2020-03-03 05:55,8622
2020-03-03 06:00,8448
2020-03-03 06:05,8304
2020-03-03 06:10,8171
2020-03-03 06:15,7965
2020-03-03 06:20,7779
2020-03-03 06:25,7554
2020-03-03 06:30,7440
2020-03-03 06:35,7234
2020-03-03 06:40,7122
2020-03-03 06:45,6970
2020-03-03 06:50,6830
2020-03-03 06:55,6698
2020-03-03 07:00,6535
2020-03-03 07:05,6430
2020-03-03 07:10,6291
2020-03-03 07:15,6172
2020-03-03 07:20,6055
2020-03-03 07:25,5937
2020-03-03 07:30,5827
2020-03-03 07:35,5727
2020-03-03 07:40,5709
2020-03-03 07:45,5609
2020-03-03 07:50,5531
2020-03-03 07:55,5476
2020-03-03 08:00,5409
2020-03-03 08:05,5340
2020-03-03 08:10,5299
2020-03-03 08:15,5216
2020-03-03 08:20,5131
2020-03-03 08:25,5048
2020-03-03 08:30,5026
2020-03-03 08:35,5014
2020-03-03 08:40,4969
2020-03-03 08:45,4928
2020-03-03 08:50,4833
2020-03-03 08:55,4835
2020-03-03 09:00,4801
2020-03-03 09:05,4805
2020-03-03 09:10,4806
2020-03-03 09:15,4799
2020-03-03 09:20,4789
2020-03-03 09:25,4774
2020-03-03 09:30,4808
2020-03-03 09:35,4826
2020-03-03 09:40,4849
2020-03-03 09:45,4840
2020-03-03 09:50,4828
2020-03-03 09:55,4812
2020-03-03 10:00,4845
2020-03-03 10:05,4835
2020-03-03 10:10,4864
2020-03-03 10:15,4899
2020-03-03 10:20,4881
2020-03-03 10:25,4926
2020-03-03 10:30,4950
2020-03-03 10:35,4958
2020-03-03 10:40,4974
2020-03-03 10:45,4992
2020-03-03 10:50,4989
2020-03-03 10:55,4985
2020-03-03 11:00,5033
2020-03-03 11:05,5036
2020-03-03 11:10,5061
2020-03-03 11:15,5069
2020-03-03 11:20,5092
2020-03-03 11:25,5103
2020-03-03 11:30,5114
2020-03-03 11:35,5137
2020-03-03 11:40,5226
2020-03-03 11:45,5242
2020-03-03 11:50,5317
2020-03-03 11:55,5315
2020-03-03 12:00,5399
2020-03-03 12:05,5429
2020-03-03 12:10,5503
2020-03-03 12:15,5563
2020-03-03 12:20,5626
2020-03-03 12:25,5701
2020-03-03 12:30,5724
2020-03-03 12:35,5800
2020-03-03 12:40,5932
2020-03-03 12:45,6012
2020-03-03 12:50,6126
2020-03-03 12:55,6135
2020-03-03 13:00,6272
2020-03-03 13:05,6304
2020-03-03 13:10,6357
2020-03-03 13:15,6436
2020-03-03 13:20,6521
2020-03-03 13:25,6633
2020-03-03 13:30,6674
2020-03-03 13:35,6739
2020-03-03 13:40,6834
2020-03-03 13:45,6942
2020-03-03 13:50,7027
2020-03-03 13:55,7095
2020-03-03 14:00,7228
2020-03-03 14:05,7300
2020-03-03 14:10,7351
2020-03-03 14:15,7430
2020-03-03 14:20,7471
2020-03-03 14:25,7572
2020-03-03 14:30,7669
2020-03-03 14:35,7867
2020-03-03 14:40,7953
2020-03-03 14:45,8022
2020-03-03 14:50,8144
2020-03-03 14:55,8214
2020-03-03 15:00,8224
2020-03-03 15:05,8355
2020-03-03 15:10,8443
2020-03-03 15:15,8507
2020-03-03 15:20,8643
2020-03-03 15:25,8770
2020-03-03 15:30,8921
2020-03-03 15:35,8948
2020-03-03 15:40,9040
2020-03-03 15:45,9060
2020-03-03 15:50,9189
2020-03-03 15:55,9296
2020-03-03 16:00,9384
2020-03-03 16:05,9555
2020-03-03 16:10,9698
2020-03-03 16:15,9791
2020-03-03 16:20,9913
2020-03-03 16:25,10040
2020-03-03 16:30,10147
2020-03-03 16:35,10251
2020-03-03 16:40,10322
2020-03-03 16:45,10406
2020-03-03 16:50,10511
2020-03-03 16:55,10614
2020-03-03 17:00,10698
2020-03-03 17:05,10891
2020-03-03 17:10,11020
2020-03-03 17:15,11120
2020-03-03 17:20,11274
2020-03-03 17:25,11407
2020-03-03 17:30,11529
2020-03-03 17:35,11672
2020-03-03 17:40,11766
2020-03-03 17:45,11884
2020-03-03 17:50,11994
2020-03-03 17:55,12044
2020-03-03 18:00,12142
2020-03-03 18:05,12260
2020-03-03 18:10,12299
2020-03-03 18:15,12357
2020-03-03 18:20,12451
2020-03-03 18:25,12581
2020-03-03 18:30,12677
2020-03-03 18:35,12762
2020-03-03 18:40,12909
2020-03-03 18:45,12990
2020-03-03 18:50,13087
2020-03-03 18:55,13202
2020-03-03 19:00,13318
2020-03-03 19:05,13361
2020-03-03 19:10,13451
2020-03-03 19:15,13569
2020-03-03 19:20,13639
2020-03-03 19:25,13728
2020-03-03 19:30,13810
2020-03-03 19:35,13939
2020-03-03 19:40,14064
2020-03-03 19:45,14111
2020-03-03 19:50,14140
2020-03-03 19:55,14189
2020-03-03 20:00,14192
2020-03-03 20:05,14209
2020-03-03 20:10,14183
2020-03-03 20:15,14210
2020-03-03 20:20,14206
2020-03-03 20:25,14290
2020-03-03 20:30,14286
2020-03-03 20:35,14298
2020-03-03 20:40,14300
2020-03-03 20:45,14298
2020-03-03 20:50,14320
2020-03-03 20:55,14240
2020-03-03 21:00,14307
2020-03-03 21:05,14299
2020-03-03 21:10,14315
2020-03-03 21:15,14294
2020-03-03 21:20,14305
2020-03-03 21:25,14258
2020-03-03 21:30,14274
2020-03-03 21:35,14211
2020-03-03 21:40,14171
2020-03-03 21:45,14043
2020-03-03 21:50,14044
2020-03-03 21:55,13993
2020-03-03 22:00,13932
2020-03-03 22:05,13880
2020-03-03 22:10,13824
2020-03-03 22:15,13719
2020-03-03 22:20,13646
2020-03-03 22:25,13563
2020-03-03 22:30,13503
2020-03-03 22:35,13462
2020-03-03 22:40,13451
2020-03-03 22:45,13389
2020-03-03 22:50,13247
2020-03-03 22:55,13146
2020-03-03 23:00,13056
2020-03-03 23:05,12931
2020-03-03 23:10,0
2020-03-03 23:15,11597
2020-03-03 23:20,12429
2020-03-03 23:25,12560
2020-03-03 23:30,12541
2020-03-03 23:35,12557
2020-03-03 23:40,12585
2020-03-03 23:45,12617
2020-03-03 23:50,12683
2020-03-03 23:55,12678
2020-03-04 00:00,12643
2020-03-04 00:05,12621
2020-03-04 00:10,12550
2020-03-04 00:15,12482
2020-03-04 00:20,12524
2020-03-04 00:25,12576
2020-03-04 00:30,12559
2020-03-04 00:35,12512
2020-03-04 00:40,12567
2020-03-04 00:45,12656
2020-03-04 00:50,12692
2020-03-04 00:55,12658
2020-03-04 01:00,12644
2020-03-04 01:05,12645
2020-03-04 01:10,12687
2020-03-04 01:15,12701
2020-03-04 01:20,12701
2020-03-04 01:25,12722
2020-03-04 01:30,12804
2020-03-04 01:35,12852
2020-03-04 01:40,12848
2020-03-04 01:45,12886
2020-03-04 01:50,12884
2020-03-04 01:55,12886
2020-03-04 02:00,12893
2020-03-04 02:05,12950
2020-03-04 02:10,13018
2020-03-04 02:15,12965
2020-03-04 02:20,12975
2020-03-04 02:25,12989
2020-03-04 02:30,12989
2020-03-04 02:35,12951
2020-03-04 02:40,12964
2020-03-04 02:45,12926
2020-03-04 02:50,12782
2020-03-04 02:55,12839
2020-03-04 03:00,12681
2020-03-04 03:05,12593
2020-03-04 03:10,12453
2020-03-04 03:15,12444
2020-03-04 03:20,12420
2020-03-04 03:25,12282
2020-03-04 03:30,12169
2020-03-04 03:35,12034
2020-03-04 03:40,11926
2020-03-04 03:45,11817
2020-03-04 03:50,11735
2020-03-04 03:55,11651
2020-03-04 04:00,11530
2020-03-04 04:05,11448
2020-03-04 04:10,11347
2020-03-04 04:15,11286
2020-03-04 04:20,11155
2020-03-04 04:25,11036
2020-03-04 04:30,10922
2020-03-04 04:35,10788
2020-03-04 04:40,10672
2020-03-04 04:45,10560
2020-03-04 04:50,10415
2020-03-04 04:55,10273
2020-03-04 05:00,10096
2020-03-04 05:05,9896
2020-03-04 05:10,9766
2020-03-04 05:15,9666
2020-03-04 05:20,9548
2020-03-04 05:25,9354
2020-03-04 05:30,9175
2020-03-04 05:35,9032
2020-03-04 05:40,8884
2020-03-04 05:45,8751
2020-03-04 05:50,8598
2020-03-04 05:55,8423
2020-03-04 06:00,8328
2020-03-04 06:05,8169
2020-03-04 06:10,8065
2020-03-04 06:15,7881
2020-03-04 06:20,7767
2020-03-04 06:25,7603
2020-03-04 06:30,7399
2020-03-04 06:35,7232
2020-03-04 06:40,7114
2020-03-04 06:45,6974
2020-03-04 06:50,6815
2020-03-04 06:55,6688
2020-03-04 07:00,6517
2020-03-04 07:05,6410
2020-03-04 07:10,6294
2020-03-04 07:15,6182
2020-03-04 07:20,6089
2020-03-04 07:25,6008
2020-03-04 07:30,5875
2020-03-04 07:35,5770
2020-03-04 07:40,5703
2020-03-04 07:45,5626
2020-03-04 07:50,5569
2020-03-04 07:55,5524
2020-03-04 08:00,5466
2020-03-04 08:05,5403
2020-03-04 08:10,5318
2020-03-04 08:15,5230
2020-03-04 08:20,5183
2020-03-04 08:25,5164
2020-03-04 08:30,5121
2020-03-04 08:35,5066
2020-03-04 08:40,5006
2020-03-04 08:45,4971
2020-03-04 08:50,4943
2020-03-04 08:55,4961
2020-03-04 09:00,4920
2020-03-04 09:05,4904
2020-03-04 09:10,4888
2020-03-04 09:15,4858
2020-03-04 09:20,4833
2020-03-04 09:25,4796
2020-03-04 09:30,4766
2020-03-04 09:35,4785
2020-03-04 09:40,4808
2020-03-04 09:45,4800
2020-03-04 09:50,4826
2020-03-04 09:55,4771
2020-03-04 10:00,4751
2020-03-04 10:05,4783
2020-03-04 10:10,4780
2020-03-04 10:15,4802
2020-03-04 10:20,4861
2020-03-04 10:25,4907
2020-03-04 10:30,4968
2020-03-04 10:35,4973
2020-03-04 10:40,4993
2020-03-04 10:45,5003
2020-03-04 10:50,5020
2020-03-04 10:55,5034
2020-03-04 11:00,5067
2020-03-04 11:05,5064
2020-03-04 11:10,5111
2020-03-04 11:15,5138
2020-03-04 11:20,5175
2020-03-04 11:25,5179
2020-03-04 11:30,5217
2020-03-04 11:35,5231
2020-03-04 11:40,5294
2020-03-04 11:45,5306
2020-03-04 11:50,5346
2020-03-04 11:55,5375
2020-03-04 12:00,5429
2020-03-04 12:05,5519
2020-03-04 12:10,5597
2020-03-04 12:15,5684
2020-03-04 12:20,5759
2020-03-04 12:25,5799
2020-03-04 12:30,5896
2020-03-04 12:35,5938
2020-03-04 12:40,6024
2020-03-04 12:45,6106
2020-03-04 12:50,6192
2020-03-04 12:55,6286
2020-03-04 13:00,6358
2020-03-04 13:05,6447
2020-03-04 13:10,6476
2020-03-04 13:15,6537
2020-03-04 13:20,6606
2020-03-04 13:25,6712
2020-03-04 13:30,6743
2020-03-04 13:35,6850
2020-03-04 13:40,6906
2020-03-04 13:45,7022
2020-03-04 13:50,7050
2020-03-04 13:55,7111
2020-03-04 14:00,7240
2020-03-04 14:05,7341
2020-03-04 14:10,7421
2020-03-04 14:15,7486
2020-03-04 14:20,7597
2020-03-04 14:25,7709
2020-03-04 14:30,7764
2020-03-04 14:35,7877
2020-03-04 14:40,7946
2020-03-04 14:45,8043
2020-03-04 14:50,8177
2020-03-04 14:55,8285
2020-03-04 15:00,8409
2020-03-04 15:05,8503
2020-03-04 15:10,8507
2020-03-04 15:15,8581
2020-03-04 15:20,8611
2020-03-04 15:25,8694
2020-03-04 15:30,8816
2020-03-04 15:35,8941
2020-03-04 15:40,9056
2020-03-04 15:45,9170
2020-03-04 15:50,9233
2020-03-04 15:55,9362
2020-03-04 16:00,9416
2020-03-04 16:05,9480
2020-03-04 16:10,9571
2020-03-04 16:15,9661
2020-03-04 16:20,9720
2020-03-04 16:25,9861
2020-03-04 16:30,9929
2020-03-04 16:35,10041
2020-03-04 16:40,10140
2020-03-04 16:45,10268
2020-03-04 16:50,10399
2020-03-04 16:55,10462
2020-03-04 17:00,10658
2020-03-04 17:05,10828
2020-03-04 17:10,10887
2020-03-04 17:15,11032
2020-03-04 17:20,11111
2020-03-04 17:25,11271
2020-03-04 17:30,11349
2020-03-04 17:35,11477
2020-03-04 17:40,11637
2020-03-04 17:45,11737
2020-03-04 17:50,11861
2020-03-04 17:55,11929
2020-03-04 18:00,12092
2020-03-04 18:05,12170
2020-03-04 18:10,12259
2020-03-04 18:15,12265
2020-03-04 18:20,12387
2020-03-04 18:25,12486
2020-03-04 18:30,12578
2020-03-04 18:35,12595
2020-03-04 18:40,12790
2020-03-04 18:45,12954
2020-03-04 18:50,13111
2020-03-04 18:55,13202
2020-03-04 19:00,13249
2020-03-04 19:05,13306
2020-03-04 19:10,13413
2020-03-04 19:15,13481
2020-03-04 19:20,13589
2020-03-04 19:25,13601
2020-03-04 19:30,13677
2020-03-04 19:35,13687
2020-03-04 19:40,13759
2020-03-04 19:45,13736
2020-03-04 19:50,13842
2020-03-04 19:55,13819
2020-03-04 20:00,13886
2020-03-04 20:05,13925
2020-03-04 20:10,13979
2020-03-04 20:15,14053
2020-03-04 20:20,14107
2020-03-04 20:25,14222
2020-03-04 20:30,14353
2020-03-04 20:35,14324
2020-03-04 20:40,14361
2020-03-04 20:45,14284
2020-03-04 20:50,14382
2020-03-04 20:55,14331
2020-03-04 21:00,14370
2020-03-04 21:05,14427
2020-03-04 21:10,14402
2020-03-04 21:15,14370
2020-03-04 21:20,14387
2020-03-04 21:25,14342
2020-03-04 21:30,14361
2020-03-04 21:35,14353
2020-03-04 21:40,14304
2020-03-04 21:45,14237
2020-03-04 21:50,14216
2020-03-04 21:55,14118
2020-03-04 22:00,14095
2020-03-04 22:05,13925
2020-03-04 22:10,13859
2020-03-04 22:15,13801
2020-03-04 22:20,13772
2020-03-04 22:25,13658
2020-03-04 22:30,13510
2020-03-04 22:35,13489
2020-03-04 22:40,13463
2020-03-04 22:45,13378
2020-03-04 22:50,13184
2020-03-04 22:55,13110
2020-03-04 23:00,13088
2020-03-04 23:05,12946
2020-03-04 23:10,12848
2020-03-04 23:15,12749
2020-03-04 23:20,12722
2020-03-04 23:25,12635
2020-03-04 23:30,12532
2020-03-04 23:35,12480
2020-03-04 23:40,12421
2020-03-04 23:45,12429
2020-03-04 23:50,12439
2020-03-04 23:55,12466
2020-03-05 00:00,12438
2020-03-05 00:05,12442
2020-03-05 00:10,12492
2020-03-05 00:15,12477
2020-03-05 00:20,12492
2020-03-05 00:25,12515
2020-03-05 00:30,12524
2020-03-05 00:35,12500
2020-03-05 00:40,12564
2020-03-05 00:45,12534
2020-03-05 00:50,12536
2020-03-05 00:55,12600
2020-03-05 01:00,12599
2020-03-05 01:05,12587
2020-03-05 01:10,12634
2020-03-05 01:15,12655
2020-03-05 01:20,12749
2020-03-05 01:25,12737
2020-03-05 01:30,12721
2020-03-05 01:35,12937
2020-03-05 01:40,12937
2020-03-05 01:45,12959
2020-03-05 01:50,12982
2020-03-05 01:55,13055
2020-03-05 02:00,13034
2020-03-05 02:05,13039
2020-03-05 02:10,13031
2020-03-05 02:15,13091
2020-03-05 02:20,13061
2020-03-05 02:25,13076
2020-03-05 02:30,13076
2020-03-05 02:35,13097
2020-03-05 02:40,13108
2020-03-05 02:45,13101
2020-03-05 02:50,13084
2020-03-05 02:55,13093
2020-03-05 03:00,13080
2020-03-05 03:05,13072
2020-03-05 03:10,12921
2020-03-05 03:15,12865
2020-03-05 03:20,12756
2020-03-05 03:25,12680
2020-03-05 03:30,12598
2020-03-05 03:35,12525
2020-03-05 03:40,12518
2020-03-05 03:45,12399
2020-03-05 03:50,12279
2020-03-05 03:55,12197
2020-03-05 04:00,12096
2020-03-05 04:05,11916
2020-03-05 04:10,11827
2020-03-05 04:15,11650
2020-03-05 04:20,11476
2020-03-05 04:25,11274
2020-03-05 04:30,11169
2020-03-05 04:35,11056
2020-03-05 04:40,10896
2020-03-05 04:45,10720
2020-03-05 04:50,10564
2020-03-05 04:55,10415
2020-03-05 05:00,10242
2020-03-05 05:05,10165
2020-03-05 05:10,9986
2020-03-05 05:15,9828
2020-03-05 05:20,9652
2020-03-05 05:25,9517
2020-03-05 05:30,9400
2020-03-05 05:35,9252
2020-03-05 05:40,9092
2020-03-05 05:45,8946
2020-03-05 05:50,8798
2020-03-05 05:55,8640
2020-03-05 06:00,8566
2020-03-05 06:05,8319
2020-03-05 06:10,8132
2020-03-05 06:15,7959
2020-03-05 06:20,7774
2020-03-05 06:25,7640
2020-03-05 06:30,7505
2020-03-05 06:35,7346
2020-03-05 06:40,7182
2020-03-05 06:45,7114
2020-03-05 06:50,6967
2020-03-05 06:55,6782
2020-03-05 07:00,6655
2020-03-05 07:05,6528
2020-03-05 07:10,6415
2020-03-05 07:15,6246
2020-03-05 07:20,6147
2020-03-05 07:25,6031
2020-03-05 07:30,5949
2020-03-05 07:35,5900
2020-03-05 07:40,5831
2020-03-05 07:45,5723
2020-03-05 07:50,5659
2020-03-05 07:55,5594
2020-03-05 08:00,5514
2020-03-05 08:05,5373
2020-03-05 08:10,5339
2020-03-05 08:15,5326
2020-03-05 08:20,5302
2020-03-05 08:25,5185
2020-03-05 08:30,5161
2020-03-05 08:35,5134
2020-03-05 08:40,5069
2020-03-05 08:45,5029
2020-03-05 08:50,4988
2020-03-05 08:55,4910
2020-03-05 09:00,4881
2020-03-05 09:05,4865
2020-03-05 09:10,4830
2020-03-05 09:15,4823
2020-03-05 09:20,4794
2020-03-05 09:25,4816
2020-03-05 09:30,4807
2020-03-05 09:35,4814
2020-03-05 09:40,4820
2020-03-05 09:45,4835
2020-03-05 09:50,4843
2020-03-05 09:55,4882
2020-03-05 10:00,4907
2020-03-05 10:05,4909
2020-03-05 10:10,4921
2020-03-05 10:15,4961
2020-03-05 10:20,4944
2020-03-05 10:25,4972
2020-03-05 10:30,4991
2020-03-05 10:35,5030
2020-03-05 10:40,5080
2020-03-05 10:45,5065
2020-03-05 10:50,5103
2020-03-05 10:55,5105
2020-03-05 11:00,5116
2020-03-05 11:05,5144
2020-03-05 11:10,5175
2020-03-05 11:15,5201
2020-03-05 11:20,5212
2020-03-05 11:25,5249
2020-03-05 11:30,5289
2020-03-05 11:35,5364
2020-03-05 11:40,5403
2020-03-05 11:45,5500
2020-03-05 11:50,5544
2020-03-05 11:55,5597
2020-03-05 12:00,5674
2020-03-05 12:05,5725
2020-03-05 12:10,5771
2020-03-05 12:15,5862
2020-03-05 12:20,5929
2020-03-05 12:25,5951
2020-03-05 12:30,6030
2020-03-05 12:35,6063
2020-03-05 12:40,6070
2020-03-05 12:45,6138
2020-03-05 12:50,6181
2020-03-05 12:55,6221
2020-03-05 13:00,6254
2020-03-05 13:05,6327
2020-03-05 13:10,6405
2020-03-05 13:15,6479
2020-03-05 13:20,6594
2020-03-05 13:25,6664
2020-03-05 13:30,6755
2020-03-05 13:35,6842
2020-03-05 13:40,6923
2020-03-05 13:45,6967
2020-03-05 13:50,7062
2020-03-05 13:55,7175
2020-03-05 14:00,7253
2020-03-05 14:05,7368
2020-03-05 14:10,7518
2020-03-05 14:15,7577
2020-03-05 14:20,7690
2020-03-05 14:25,7808
2020-03-05 14:30,7900
2020-03-05 14:35,7941
2020-03-05 14:40,8017
2020-03-05 14:45,8183
2020-03-05 14:50,8292
2020-03-05 14:55,8367
2020-03-05 15:00,8435
2020-03-05 15:05,8499
2020-03-05 15:10,8612
2020-03-05 15:15,8680
2020-03-05 15:20,8758
2020-03-05 15:25,8829
2020-03-05 15:30,8937
2020-03-05 15:35,9025
2020-03-05 15:40,9169
2020-03-05 15:45,9295
2020-03-05 15:50,9411
2020-03-05 15:55,9546
2020-03-05 16:00,9651
2020-03-05 16:05,9745
2020-03-05 16:10,9839
2020-03-05 16:15,9916
2020-03-05 16:20,10102
2020-03-05 16:25,10200
2020-03-05 16:30,10307
2020-03-05 16:35,10461
2020-03-05 16:40,10548
2020-03-05 16:45,10620
2020-03-05 16:50,10726
2020-03-05 16:55,10876
2020-03-05 17:00,10936
2020-03-05 17:05,10900
2020-03-05 17:10,11198
2020-03-05 17:15,11250
2020-03-05 17:20,11354
2020-03-05 17:25,11492
2020-03-05 17:30,11572
2020-03-05 17:35,11676
2020-03-05 17:40,11831
2020-03-05 17:45,11882
2020-03-05 17:50,12033
2020-03-05 17:55,12149
2020-03-05 18:00,12229
2020-03-05 18:05,12307
2020-03-05 18:10,12385
2020-03-05 18:15,12603
2020-03-05 18:20,12629
2020-03-05 18:25,12761
2020-03-05 18:30,12900
2020-03-05 18:35,12957
2020-03-05 18:40,13023
2020-03-05 18:45,13131
2020-03-05 18:50,13162
2020-03-05 18:55,13345
2020-03-05 19:00,13454
2020-03-05 19:05,13575
2020-03-05 19:10,13625
2020-03-05 19:15,13683
2020-03-05 19:20,13790
2020-03-05 19:25,13876
2020-03-05 19:30,13997
2020-03-05 19:35,14089
2020-03-05 19:40,14122
2020-03-05 19:45,14167
2020-03-05 19:50,14172
2020-03-05 19:55,14259
2020-03-05 20:00,14276
2020-03-05 20:05,14350
2020-03-05 20:10,14417
2020-03-05 20:15,14432
2020-03-05 20:20,14392
2020-03-05 20:25,14427
2020-03-05 20:30,14531
2020-03-05 20:35,14637
2020-03-05 20:40,14709
2020-03-05 20:45,14819
2020-03-05 20:50,14813
2020-03-05 20:55,14824
2020-03-05 21:00,14726
2020-03-05 21:05,14761
2020-03-05 21:10,14709
2020-03-05 21:15,14635
2020-03-05 21:20,14606
2020-03-05 21:25,14607
2020-03-05 21:30,14573
2020-03-05 21:35,14568
2020-03-05 21:40,14599
2020-03-05 21:45,14529
2020-03-05 21:50,14483
2020-03-05 21:55,14433
2020-03-05 22:00,14330
2020-03-05 22:05,14267
2020-03-05 22:10,14209
2020-03-05 22:15,14228
2020-03-05 22:20,14107
2020-03-05 22:25,13992
2020-03-05 22:30,13959
2020-03-05 22:35,13862
2020-03-05 22:40,13813
2020-03-05 22:45,13779
2020-03-05 22:50,13663
2020-03-05 22:55,13584
2020-03-05 23:00,13521
2020-03-05 23:05,13453
2020-03-05 23:10,13391
2020-03-05 23:15,13325
2020-03-05 23:20,13320
2020-03-05 23:25,13211
2020-03-05 23:30,13153
2020-03-05 23:35,13139
2020-03-05 23:40,13121
2020-03-05 23:45,13146
2020-03-05 23:50,13038
2020-03-05 23:55,13036
2020-03-06 00:00,12998
2020-03-06 00:05,12893
2020-03-06 00:10,12782
2020-03-06 00:15,12743
2020-03-06 00:20,12716
2020-03-06 00:25,12783
2020-03-06 00:30,12782
2020-03-06 00:35,12793
2020-03-06 00:40,12789
2020-03-06 00:45,12816
2020-03-06 00:50,12825
2020-03-06 00:55,12884
2020-03-06 01:00,12821
2020-03-06 01:05,12856
2020-03-06 01:10,12943
2020-03-06 01:15,12939
2020-03-06 01:20,12865
2020-03-06 01:25,12869
2020-03-06 01:30,12874
2020-03-06 01:35,12907
2020-03-06 01:40,12917
2020-03-06 01:45,12932
2020-03-06 01:50,12982
2020-03-06 01:55,13078
2020-03-06 02:00,13165
2020-03-06 02:05,13223
2020-03-06 02:10,13146
2020-03-06 02:15,13144
2020-03-06 02:20,13169
2020-03-06 02:25,13169
2020-03-06 02:30,13241
2020-03-06 02:35,13269
2020-03-06 02:40,13275
2020-03-06 02:45,13263
2020-03-06 02:50,13217
2020-03-06 02:55,13157
2020-03-06 03:00,13100
2020-03-06 03:05,13050
2020-03-06 03:10,13014
2020-03-06 03:15,12950
2020-03-06 03:20,12821
2020-03-06 03:25,12704
2020-03-06 03:30,12610
2020-03-06 03:35,12614
2020-03-06 03:40,12510
2020-03-06 03:45,12426
2020-03-06 03:50,12388
2020-03-06 03:55,12311
2020-03-06 04:00,12226
2020-03-06 04:05,12024
2020-03-06 04:10,11938
2020-03-06 04:15,11815
2020-03-06 04:20,11767
2020-03-06 04:25,11674
2020-03-06 04:30,11530
2020-03-06 04:35,11420
2020-03-06 04:40,11378
2020-03-06 04:45,11181
2020-03-06 04:50,11064
2020-03-06 04:55,10912
2020-03-06 05:00,10780
2020-03-06 05:05,10555
2020-03-06 05:10,10383
2020-03-06 05:15,10231
2020-03-06 05:20,10084
2020-03-06 05:25,9827
2020-03-06 05:30,9667
2020-03-06 05:35,9451
2020-03-06 05:40,9267
2020-03-06 05:45,9110
2020-03-06 05:50,8971
2020-03-06 05:55,8859
2020-03-06 06:00,8716
2020-03-06 06:05,8548
2020-03-06 06:10,8359
2020-03-06 06:15,8193
2020-03-06 06:20,8034
2020-03-06 06:25,7894
2020-03-06 06:30,7758
2020-03-06 06:35,7625
2020-03-06 06:40,7541
2020-03-06 06:45,7380
2020-03-06 06:50,7195
2020-03-06 06:55,7098
2020-03-06 07:00,6951
2020-03-06 07:05,6794
2020-03-06 07:10,6651
2020-03-06 07:15,6529
2020-03-06 07:20,6400
2020-03-06 07:25,6309
2020-03-06 07:30,6201
2020-03-06 07:35,6088
2020-03-06 07:40,5970
2020-03-06 07:45,5899
2020-03-06 07:50,5798
2020-03-06 07:55,5699
2020-03-06 08:00,5632
2020-03-06 08:05,5563
2020-03-06 08:10,5453
2020-03-06 08:15,5439
2020-03-06 08:20,5387
2020-03-06 08:25,5336
2020-03-06 08:30,5272
2020-03-06 08:35,5244
2020-03-06 08:40,5227
2020-03-06 08:45,5207
2020-03-06 08:50,5140
2020-03-06 08:55,5101
2020-03-06 09:00,5039
2020-03-06 09:05,5047
2020-03-06 09:10,5014
2020-03-06 09:15,4962
2020-03-06 09:20,4992
2020-03-06 09:25,5010
2020-03-06 09:30,4994
2020-03-06 09:35,4984
2020-03-06 09:40,4989
2020-03-06 09:45,4995
2020-03-06 09:50,5028
2020-03-06 09:55,5018
2020-03-06 10:00,5016
2020-03-06 10:05,5030
2020-03-06 10:10,5060
2020-03-06 10:15,5095
2020-03-06 10:20,5108
2020-03-06 10:25,5174
2020-03-06 10:30,5179
2020-03-06 10:35,5263
2020-03-06 10:40,5294
2020-03-06 10:45,5307
2020-03-06 10:50,5334
2020-03-06 10:55,5389
2020-03-06 11:00,5405
2020-03-06 11:05,5435
2020-03-06 11:10,5446
2020-03-06 11:15,5473
2020-03-06 11:20,5510
2020-03-06 11:25,5498
2020-03-06 11:30,5521
2020-03-06 11:35,5585
2020-03-06 11:40,5639
2020-03-06 11:45,5686
2020-03-06 11:50,5763
2020-03-06 11:55,5828
2020-03-06 12:00,5942
2020-03-06 12:05,6035
2020-03-06 12:10,6088
2020-03-06 12:15,6199
2020-03-06 12:20,6306
2020-03-06 12:25,6372
2020-03-06 12:30,6419
2020-03-06 12:35,6501
2020-03-06 12:40,6557
2020-03-06 12:45,6639
2020-03-06 12:50,6713
2020-03-06 12:55,6772
2020-03-06 13:00,6836
2020-03-06 13:05,6870
2020-03-06 13:10,7009
2020-03-06 13:15,7112
2020-03-06 13:20,7190
2020-03-06 13:25,7333
2020-03-06 13:30,7458
2020-03-06 13:35,7523
2020-03-06 13:40,7601
2020-03-06 13:45,7695
2020-03-06 13:50,7774
2020-03-06 13:55,7816
2020-03-06 14:00,7910
2020-03-06 14:05,7984
2020-03-06 14:10,8100
2020-03-06 14:15,8280
2020-03-06 14:20,8367
2020-03-06 14:25,8487
2020-03-06 14:30,8592
2020-03-06 14:35,8678
2020-03-06 14:40,8774
2020-03-06 14:45,8845
2020-03-06 14:50,8956
2020-03-06 14:55,9098
2020-03-06 15:00,9126
2020-03-06 15:05,9221
2020-03-06 15:10,9309
2020-03-06 15:15,9506
2020-03-06 15:20,9540
2020-03-06 15:25,9602
2020-03-06 15:30,9642
2020-03-06 15:35,9699
2020-03-06 15:40,9794
2020-03-06 15:45,9923
2020-03-06 15:50,10037
2020-03-06 15:55,10120
2020-03-06 16:00,10222
2020-03-06 16:05,10298
2020-03-06 16:10,10342
2020-03-06 16:15,10402
2020-03-06 16:20,10571
2020-03-06 16:25,10603
2020-03-06 16:30,10732
2020-03-06 16:35,10883
2020-03-06 16:40,11037
2020-03-06 16:45,11085
2020-03-06 16:50,11144
2020-03-06 16:55,11266
2020-03-06 17:00,11395
2020-03-06 17:05,11493
2020-03-06 17:10,11643
2020-03-06 17:15,11779
2020-03-06 17:20,11891
2020-03-06 17:25,12026
2020-03-06 17:30,12167
2020-03-06 17:35,12241
2020-03-06 17:40,12345
2020-03-06 17:45,12378
2020-03-06 17:50,12474
2020-03-06 17:55,12449
2020-03-06 18:00,12537
2020-03-06 18:05,12665
2020-03-06 18:10,12740
2020-03-06 18:15,12756
2020-03-06 18:20,12856
2020-03-06 18:25,12822
2020-03-06 18:30,12926
2020-03-06 18:35,13070
2020-03-06 18:40,13176
2020-03-06 18:45,13194
2020-03-06 18:50,13260
2020-03-06 18:55,13378
2020-03-06 19:00,13412
2020-03-06 19:05,13508
2020-03-06 19:10,13567
2020-03-06 19:15,13581
2020-03-06 19:20,13613
2020-03-06 19:25,13718
2020-03-06 19:30,13797
2020-03-06 19:35,13839
2020-03-06 19:40,13963
2020-03-06 19:45,14079
2020-03-06 19:50,14171
2020-03-06 19:55,14313
2020-03-06 20:00,14427
2020-03-06 20:05,14498
2020-03-06 20:10,14589
2020-03-06 20:15,14743
2020-03-06 20:20,14823
2020-03-06 20:25,14888
2020-03-06 20:30,14973
2020-03-06 20:35,15029
2020-03-06 20:40,15145
2020-03-06 20:45,15192
2020-03-06 20:50,15218
2020-03-06 20:55,15291
2020-03-06 21:00,15325
2020-03-06 21:05,15330
2020-03-06 21:10,15356
2020-03-06 21:15,15355
2020-03-06 21:20,15296
2020-03-06 21:25,15288
2020-03-06 21:30,15357
2020-03-06 21:35,15331
2020-03-06 21:40,15411
2020-03-06 21:45,15422
2020-03-06 21:50,15438
2020-03-06 21:55,15380
2020-03-06 22:00,15413
2020-03-06 22:05,15459
2020-03-06 22:10,15494
2020-03-06 22:15,15370
2020-03-06 22:20,15290
2020-03-06 22:25,15272
2020-03-06 22:30,15258
2020-03-06 22:35,15177
2020-03-06 22:40,15156
2020-03-06 22:45,15061
2020-03-06 22:50,15045
2020-03-06 22:55,0
2020-03-06 23:00,15037
2020-03-06 23:05,14950
2020-03-06 23:10,14843
2020-03-06 23:15,14783
2020-03-06 23:20,14662
2020-03-06 23:25,14582
2020-03-06 23:30,14511
2020-03-06 23:35,14385
2020-03-06 23:40,14300
2020-03-06 23:45,14239
2020-03-06 23:50,14202
2020-03-06 23:55,14094
2020-03-07 00:00,14144
2020-03-07 00:05,14102
2020-03-07 00:10,13958
2020-03-07 00:15,13916
2020-03-07 00:20,13782
2020-03-07 00:25,13746
2020-03-07 00:30,13666
2020-03-07 00:35,13589
2020-03-07 00:40,13624
2020-03-07 00:45,0
2020-03-07 00:50,13577
2020-03-07 00:55,13507
2020-03-07 01:00,13526
2020-03-07 01:05,13492
2020-03-07 01:10,13427
2020-03-07 01:15,13385
2020-03-07 01:20,13352
2020-03-07 01:25,13375
2020-03-07 01:30,13395
2020-03-07 01:35,13381
2020-03-07 01:40,13467
2020-03-07 01:45,13524
2020-03-07 01:50,13470
2020-03-07 01:55,13516
2020-03-07 02:00,13569
2020-03-07 02:05,13603
2020-03-07 02:10,13666
2020-03-07 02:15,13723
2020-03-07 02:20,0
2020-03-07 02:25,13782
2020-03-07 02:30,13755
2020-03-07 02:35,13781
2020-03-07 02:40,13845
2020-03-07 02:45,13870
2020-03-07 02:50,13926
2020-03-07 02:55,13922
2020-03-07 03:00,13884
2020-03-07 03:05,13905
2020-03-07 03:10,13950
2020-03-07 03:15,13998
2020-03-07 03:20,13997
2020-03-07 03:25,14000
2020-03-07 03:30,13949
2020-03-07 03:35,13827
2020-03-07 03:40,13822
2020-03-07 03:45,13737
2020-03-07 03:50,13648
2020-03-07 03:55,0
2020-03-07 04:00,13523
2020-03-07 04:05,13372
2020-03-07 04:10,13359
2020-03-07 04:15,13299
2020-03-07 04:20,13230
2020-03-07 04:25,13067
2020-03-07 04:30,13031
2020-03-07 04:35,12896
2020-03-07 04:40,12924
2020-03-07 04:45,12804
2020-03-07 04:50,12724
2020-03-07 04:55,12579
2020-03-07 05:00,12442
2020-03-07 05:05,12265
2020-03-07 05:10,12136
2020-03-07 05:15,12029
2020-03-07 05:20,11922
2020-03-07 05:25,0
2020-03-07 05:30,11623
2020-03-07 05:35,11481
2020-03-07 05:40,11388
2020-03-07 05:45,11251
2020-03-07 05:50,11157
2020-03-07 05:55,11030
2020-03-07 06:00,10816
2020-03-07 06:05,10608
2020-03-07 06:10,10456
2020-03-07 06:15,10268
2020-03-07 06:20,10134
2020-03-07 06:25,9964
2020-03-07 06:30,9790
2020-03-07 06:35,9696
2020-03-07 06:40,9551
2020-03-07 06:45,9406
2020-03-07 06:50,9326
2020-03-07 06:55,0
2020-03-07 07:00,9098
2020-03-07 07:05,8891
2020-03-07 07:10,8763
2020-03-07 07:15,8557
2020-03-07 07:20,8395
2020-03-07 07:25,8294
2020-03-07 07:30,8169
2020-03-07 07:35,8051
2020-03-07 07:40,7935
2020-03-07 07:45,7841
2020-03-07 07:50,7702
2020-03-07 07:55,7609
2020-03-07 08:00,7504
2020-03-07 08:05,7399
2020-03-07 08:10,7267
2020-03-07 08:15,0
2020-03-07 08:20,6995
2020-03-07 08:25,6923
2020-03-07 08:30,6898
2020-03-07 08:35,6841
2020-03-07 08:40,6772
2020-03-07 08:45,6751
2020-03-07 08:50,6739
2020-03-07 08:55,6684
2020-03-07 09:00,6665
2020-03-07 09:05,6655
2020-03-07 09:10,6572
2020-03-07 09:15,6533
2020-03-07 09:20,6499
2020-03-07 09:25,6507
2020-03-07 09:30,6515
2020-03-07 09:35,6541
2020-03-07 09:40,6469
2020-03-07 09:45,6494
2020-03-07 09:50,6563
2020-03-07 09:55,6622
2020-03-07 10:00,6628
2020-03-07 10:05,6678
2020-03-07 10:10,6691
2020-03-07 10:15,6738
2020-03-07 10:20,6773
2020-03-07 10:25,6812
2020-03-07 10:30,6893
2020-03-07 10:35,6934
2020-03-07 10:40,7040
2020-03-07 10:45,7074
2020-03-07 10:50,7159
2020-03-07 10:55,7252
2020-03-07 11:00,7287
2020-03-07 11:05,7332
2020-03-07 11:10,7367
2020-03-07 11:15,7435
2020-03-07 11:20,7451
2020-03-07 11:25,7529
2020-03-07 11:30,7595
2020-03-07 11:35,7624
2020-03-07 11:40,7671
2020-03-07 11:45,7711
2020-03-07 11:50,7754
2020-03-07 11:55,7814
2020-03-07 12:00,7886
2020-03-07 12:05,7934
2020-03-07 12:10,8025
2020-03-07 12:15,8084
2020-03-07 12:20,8205
2020-03-07 12:25,8281
2020-03-07 12:30,8327
2020-03-07 12:35,8403
2020-03-07 12:40,8519
2020-03-07 12:45,8566
2020-03-07 12:50,8642
2020-03-07 12:55,8711
2020-03-07 13:00,8784
2020-03-07 13:05,8909
2020-03-07 13:10,8999
2020-03-07 13:15,9047
2020-03-07 13:20,9157
2020-03-07 13:25,9243
2020-03-07 13:30,9330
2020-03-07 13:35,9447
2020-03-07 13:40,9542
2020-03-07 13:45,9658
2020-03-07 13:50,9726
2020-03-07 13:55,9853
2020-03-07 14:00,9980
2020-03-07 14:05,10053
2020-03-07 14:10,10143
2020-03-07 14:15,10245
2020-03-07 14:20,10416
2020-03-07 14:25,10487
2020-03-07 14:30,10646
2020-03-07 14:35,10770
2020-03-07 14:40,10861
2020-03-07 14:45,11078
2020-03-07 14:50,11160
2020-03-07 14:55,11271
2020-03-07 15:00,11393
2020-03-07 15:05,11494
2020-03-07 15:10,11532
2020-03-07 15:15,11637
2020-03-07 15:20,11767
2020-03-07 15:25,11787
2020-03-07 15:30,11988
2020-03-07 15:35,12150
2020-03-07 15:40,12219
2020-03-07 15:45,12341
2020-03-07 15:50,12456
2020-03-07 15:55,12539
2020-03-07 16:00,12579
2020-03-07 16:05,12655
2020-03-07 16:10,12778
2020-03-07 16:15,12874
2020-03-07 16:20,12956
2020-03-07 16:25,13001
2020-03-07 16:30,13078
2020-03-07 16:35,13154
2020-03-07 16:40,0
2020-03-07 16:45,13473
2020-03-07 16:50,13527
2020-03-07 16:55,13655
2020-03-07 17:00,0
2020-03-07 17:05,13845
2020-03-07 17:10,13917
2020-03-07 17:15,13981
2020-03-07 17:20,14007
2020-03-07 17:25,14023
2020-03-07 17:30,14118
2020-03-07 17:35,14190
2020-03-07 17:40,14332
2020-03-07 17:45,14383
2020-03-07 17:50,14508
2020-03-07 17:55,14659
2020-03-07 18:00,14760
2020-03-07 18:05,14759
2020-03-07 18:10,14778
2020-03-07 18:15,14908
2020-03-07 18:20,14975
2020-03-07 18:25,15052
2020-03-07 18:30,15133
2020-03-07 18:35,15196
2020-03-07 18:40,15299
2020-03-07 18:45,15340
2020-03-07 18:50,15461
2020-03-07 18:55,15569
2020-03-07 19:00,15627
2020-03-07 19:05,15749
2020-03-07 19:10,15862
2020-03-07 19:15,15988
2020-03-07 19:20,16092
2020-03-07 19:25,16178
2020-03-07 19:30,16287
2020-03-07 19:35,16419
2020-03-07 19:40,16430
2020-03-07 19:45,16566
2020-03-07 19:50,16631
2020-03-07 19:55,16658
2020-03-07 20:00,16723
2020-03-07 20:05,16844
2020-03-07 20:10,16929
2020-03-07 20:15,17055
2020-03-07 20:20,17031
2020-03-07 20:25,17040
2020-03-07 20:30,17120
2020-03-07 20:35,17225
2020-03-07 20:40,17213
2020-03-07 20:45,17207
2020-03-07 20:50,17256
2020-03-07 20:55,17294
2020-03-07 21:00,17273
2020-03-07 21:05,17331
2020-03-07 21:10,17350
2020-03-07 21:15,17380
2020-03-07 21:20,17356
2020-03-07 21:25,17327
2020-03-07 21:30,17365
2020-03-07 21:35,17353
2020-03-07 21:40,17358
2020-03-07 21:45,17326
2020-03-07 21:50,17201
2020-03-07 21:55,17184
2020-03-07 22:00,17204
2020-03-07 22:05,17243
2020-03-07 22:10,17088
2020-03-07 22:15,17025
2020-03-07 22:20,16942
2020-03-07 22:25,16874
2020-03-07 22:30,16785
2020-03-07 22:35,16672
2020-03-07 22:40,16611
2020-03-07 22:45,16514
2020-03-07 22:50,16488
2020-03-07 22:55,16298
2020-03-07 23:00,16102
2020-03-07 23:05,16011
2020-03-07 23:10,15892
2020-03-07 23:15,15833
2020-03-07 23:20,15743
2020-03-07 23:25,15598
2020-03-07 23:30,15493
2020-03-07 23:35,15281
2020-03-07 23:40,15248
2020-03-07 23:45,15073
2020-03-07 23:50,15047
2020-03-07 23:55,14913
2020-03-08 00:00,14827
2020-03-08 00:05,14706
2020-03-08 00:10,14565
2020-03-08 00:15,14436
2020-03-08 00:20,14333
2020-03-08 00:25,14245
2020-03-08 00:30,14185
2020-03-08 00:35,14124
2020-03-08 00:40,14019
2020-03-08 00:45,13978
2020-03-08 00:50,13961
2020-03-08 00:55,13980
2020-03-08 01:00,13870
2020-03-08 01:05,13807
2020-03-08 01:10,13773
2020-03-08 01:15,13758
2020-03-08 01:20,13729
2020-03-08 01:25,13769
2020-03-08 01:30,13827
2020-03-08 01:35,13827
2020-03-08 01:40,13870
2020-03-08 01:45,13909
2020-03-08 01:50,13897
2020-03-08 01:55,13943
2020-03-08 02:00,13944
2020-03-08 02:05,13859
2020-03-08 02:10,13810
2020-03-08 02:15,13871
2020-03-08 02:20,13840
2020-03-08 02:25,13841
2020-03-08 02:30,13888
2020-03-08 02:35,13912
2020-03-08 02:40,13920
2020-03-08 02:45,13950
2020-03-08 02:50,14009
2020-03-08 02:55,13988
2020-03-08 03:00,13891
2020-03-08 03:05,13934
2020-03-08 03:10,13959
2020-03-08 03:15,13938
2020-03-08 03:20,13901
2020-03-08 03:25,13741
2020-03-08 03:30,13767
2020-03-08 03:35,13781
2020-03-08 03:40,13701
2020-03-08 03:45,13638
2020-03-08 03:50,13605
2020-03-08 03:55,13574
2020-03-08 04:00,13465
2020-03-08 04:05,13408
2020-03-08 04:10,13285
2020-03-08 04:15,13244
2020-03-08 04:20,13149
2020-03-08 04:25,13061
2020-03-08 04:30,12969
2020-03-08 04:35,12938
2020-03-08 04:40,12857
2020-03-08 04:45,12789
2020-03-08 04:50,12755
2020-03-08 04:55,12641
2020-03-08 05:00,12498
2020-03-08 05:05,12320
2020-03-08 05:10,12179
2020-03-08 05:15,12086
2020-03-08 05:20,11977
2020-03-08 05:25,11853
2020-03-08 05:30,11777
2020-03-08 05:35,11689
2020-03-08 05:40,10857
2020-03-08 05:45,9186
2020-03-08 05:50,9214
2020-03-08 05:55,9167
2020-03-08 06:00,9203
2020-03-08 06:05,9254
2020-03-08 06:10,9234
2020-03-08 06:15,9117
2020-03-08 06:20,9141
2020-03-08 06:25,9204
2020-03-08 06:30,9183
2020-03-08 06:35,9117
2020-03-08 06:40,8994
2020-03-08 06:45,8935
2020-03-08 06:50,8883
2020-03-08 06:55,8861
2020-03-08 07:00,8782
2020-03-08 07:05,8652
2020-03-08 07:10,8570
2020-03-08 07:15,8466
2020-03-08 07:20,8424
2020-03-08 07:25,8367
2020-03-08 07:30,8315
2020-03-08 07:35,8220
2020-03-08 07:40,8178
2020-03-08 07:45,8070
2020-03-08 07:50,7975
2020-03-08 07:55,7822
2020-03-08 08:00,7773
2020-03-08 08:05,7722
2020-03-08 08:10,7617
2020-03-08 08:15,7467
2020-03-08 08:20,7325
2020-03-08 08:25,7174
2020-03-08 08:30,7113
2020-03-08 08:35,7035
2020-03-08 08:40,6960
2020-03-08 08:45,6935
2020-03-08 08:50,6920
2020-03-08 08:55,6897
2020-03-08 09:00,6864
2020-03-08 09:05,6869
2020-03-08 09:10,6874
2020-03-08 09:15,6828
2020-03-08 09:20,6829
2020-03-08 09:25,6828
2020-03-08 09:30,6829
2020-03-08 09:35,6819
2020-03-08 09:40,6806
2020-03-08 09:45,6873
2020-03-08 09:50,6905
2020-03-08 09:55,6956
2020-03-08 10:00,6930
2020-03-08 10:05,6990
2020-03-08 10:10,6998
2020-03-08 10:15,7062
2020-03-08 10:20,7069
2020-03-08 10:25,7075
2020-03-08 10:30,7122
2020-03-08 10:35,7210
2020-03-08 10:40,7284
2020-03-08 10:45,7385
2020-03-08 10:50,7433
2020-03-08 10:55,7500
2020-03-08 11:00,7474
2020-03-08 11:05,7482
2020-03-08 11:10,7524
2020-03-08 11:15,7592
2020-03-08 11:20,7640
2020-03-08 11:25,7674
2020-03-08 11:30,7817
2020-03-08 11:35,7897
2020-03-08 11:40,8010
2020-03-08 11:45,8109
2020-03-08 11:50,8188
2020-03-08 11:55,8319
2020-03-08 12:00,8386
2020-03-08 12:05,8481
2020-03-08 12:10,8612
2020-03-08 12:15,8664
2020-03-08 12:20,8774
2020-03-08 12:25,8867
2020-03-08 12:30,8937
2020-03-08 12:35,9018
2020-03-08 12:40,9118
2020-03-08 12:45,9217
2020-03-08 12:50,9277
2020-03-08 12:55,9403
2020-03-08 13:00,9491
2020-03-08 13:05,9621
2020-03-08 13:10,9668
2020-03-08 13:15,9795
2020-03-08 13:20,9916
2020-03-08 13:25,10090
2020-03-08 13:30,10170
2020-03-08 13:35,10244
2020-03-08 13:40,10400
2020-03-08 13:45,10503
2020-03-08 13:50,10606
2020-03-08 13:55,10680
2020-03-08 14:00,10776
2020-03-08 14:05,10862
2020-03-08 14:10,10947
2020-03-08 14:15,11073
2020-03-08 14:20,11260
2020-03-08 14:25,11346
2020-03-08 14:30,11411
2020-03-08 14:35,11450
2020-03-08 14:40,11563
2020-03-08 14:45,11780
2020-03-08 14:50,11899
2020-03-08 14:55,11958
2020-03-08 15:00,12020
2020-03-08 15:05,12163
2020-03-08 15:10,12337
2020-03-08 15:15,12438
2020-03-08 15:20,12568
2020-03-08 15:25,12673
2020-03-08 15:30,12821
2020-03-08 15:35,12935
2020-03-08 15:40,13031
2020-03-08 15:45,13139
2020-03-08 15:50,13271
2020-03-08 15:55,13369
2020-03-08 16:00,13502
2020-03-08 16:05,13612
2020-03-08 16:10,13725
2020-03-08 16:15,13829
2020-03-08 16:20,13967
2020-03-08 16:25,13989
2020-03-08 16:30,14057
2020-03-08 16:35,
2020-03-08 16:40,14254
2020-03-08 16:45,14387
2020-03-08 16:50,14477
2020-03-08 16:55,14574
2020-03-08 17:00,14667
2020-03-08 17:05,14785
2020-03-08 17:10,14887
2020-03-08 17:15,15005
2020-03-08 17:20,15105
2020-03-08 17:25,15209
2020-03-08 17:30,15242
2020-03-08 17:35,15361
2020-03-08 17:40,15588
2020-03-08 17:45,15671
2020-03-08 17:50,15821
2020-03-08 17:55,15975
2020-03-08 18:00,16103
2020-03-08 18:05,16217
2020-03-08 18:10,16352
2020-03-08 18:15,16483
2020-03-08 18:20,16558
2020-03-08 18:25,16739
2020-03-08 18:30,16813
2020-03-08 18:35,16879
2020-03-08 18:40,17056
2020-03-08 18:45,17282
2020-03-08 18:50,17402
2020-03-08 18:55,17489
2020-03-08 19:00,17573
2020-03-08 19:05,17734
2020-03-08 19:10,17867
2020-03-08 19:15,17979
2020-03-08 19:20,18148
2020-03-08 19:25,18268
2020-03-08 19:30,18341
2020-03-08 19:35,18493
2020-03-08 19:40,18517
2020-03-08 19:45,18586
2020-03-08 19:50,18691
2020-03-08 19:55,18692
2020-03-08 20:00,18673
2020-03-08 20:05,18680
2020-03-08 20:10,18635
2020-03-08 20:15,18671
2020-03-08 20:20,18693
2020-03-08 20:25,18600
2020-03-08 20:30,18631
2020-03-08 20:35,18663
2020-03-08 20:40,18694
2020-03-08 20:45,18648
2020-03-08 20:50,18617
2020-03-08 20:55,18601
2020-03-08 21:00,18533
2020-03-08 21:05,18513
2020-03-08 21:10,18446
2020-03-08 21:15,18415
2020-03-08 21:20,18400
2020-03-08 21:25,18357
2020-03-08 21:30,18339
2020-03-08 21:35,18272
2020-03-08 21:40,18162
2020-03-08 21:45,18077
2020-03-08 21:50,17940
2020-03-08 21:55,17769
2020-03-08 22:00,17746
2020-03-08 22:05,17688
2020-03-08 22:10,17575
2020-03-08 22:15,17517
2020-03-08 22:20,17320
2020-03-08 22:25,17202
2020-03-08 22:30,17027
2020-03-08 22:35,16882
2020-03-08 22:40,16749
2020-03-08 22:45,16639
2020-03-08 22:50,16411
2020-03-08 22:55,16224
2020-03-08 23:00,16068
2020-03-08 23:05,15970
2020-03-08 23:10,15945
2020-03-08 23:15,15835
2020-03-08 23:20,15718
2020-03-08 23:25,15670
2020-03-08 23:30,15578
2020-03-08 23:35,15528
2020-03-08 23:40,15502
2020-03-08 23:45,15338
2020-03-08 23:50,15267
2020-03-08 23:55,15155
2020-03-09 00:00,15099
2020-03-09 00:05,15014
2020-03-09 00:10,15060
2020-03-09 00:15,15035
2020-03-09 00:20,15058
2020-03-09 00:25,15061
2020-03-09 00:30,15054
2020-03-09 00:35,15025
2020-03-09 00:40,14949
2020-03-09 00:45,14980
2020-03-09 00:50,15019
2020-03-09 00:55,15026
2020-03-09 01:00,14989
2020-03-09 01:05,14857
2020-03-09 01:10,14776
2020-03-09 01:15,14732
2020-03-09 01:20,14730
2020-03-09 01:25,14660
2020-03-09 01:30,14649
2020-03-09 01:35,14575
2020-03-09 01:40,14536
2020-03-09 01:45,14541
2020-03-09 01:50,14459
2020-03-09 01:55,14395
2020-03-09 02:00,14345
2020-03-09 02:05,14261
2020-03-09 02:10,14098
2020-03-09 02:15,14011
2020-03-09 02:20,13934
2020-03-09 02:25,13819
2020-03-09 02:30,13734
2020-03-09 02:35,13565
2020-03-09 02:40,13458
2020-03-09 02:45,13387
2020-03-09 02:50,13313
2020-03-09 02:55,13268
2020-03-09 03:00,13163
2020-03-09 03:05,13112
2020-03-09 03:10,12931
2020-03-09 03:15,12827
2020-03-09 03:20,12684
2020-03-09 03:25,12555
2020-03-09 03:30,12453
2020-03-09 03:35,12289
2020-03-09 03:40,12175
2020-03-09 03:45,12037
2020-03-09 03:50,11898
2020-03-09 03:55,11706
2020-03-09 04:00,11575
2020-03-09 04:05,11409
2020-03-09 04:10,11274
2020-03-09 04:15,11081
2020-03-09 04:20,10997
2020-03-09 04:25,10838
2020-03-09 04:30,10623
2020-03-09 04:35,10443
2020-03-09 04:40,10251
2020-03-09 04:45,10097
2020-03-09 04:50,9928
2020-03-09 04:55,9755
2020-03-09 05:00,9567
2020-03-09 05:05,9283
2020-03-09 05:10,9096
2020-03-09 05:15,8884
2020-03-09 05:20,8784
2020-03-09 05:25,8674
2020-03-09 05:30,8511
2020-03-09 05:35,8371
2020-03-09 05:40,8270
2020-03-09 05:45,8120
2020-03-09 05:50,7930
2020-03-09 05:55,7786
2020-03-09 06:00,7650
2020-03-09 06:05,7550
2020-03-09 06:10,7463
2020-03-09 06:15,7281
2020-03-09 06:20,7115
2020-03-09 06:25,7011
2020-03-09 06:30,6862
2020-03-09 06:35,6716
2020-03-09 06:40,6625
2020-03-09 06:45,6534
2020-03-09 06:50,6428
2020-03-09 06:55,6325
2020-03-09 07:00,6204
2020-03-09 07:05,6125
2020-03-09 07:10,6016
2020-03-09 07:15,5920
2020-03-09 07:20,5820
2020-03-09 07:25,5726
2020-03-09 07:30,5659
2020-03-09 07:35,5562
2020-03-09 07:40,5495
2020-03-09 07:45,5436
2020-03-09 07:50,5401
2020-03-09 07:55,5334
2020-03-09 08:00,5277
2020-03-09 08:05,5210
2020-03-09 08:10,5199
2020-03-09 08:15,5187
2020-03-09 08:20,5109
2020-03-09 08:25,5040
2020-03-09 08:30,4998
2020-03-09 08:35,4996
2020-03-09 08:40,4978
2020-03-09 08:45,4886
2020-03-09 08:50,4850
2020-03-09 08:55,4829
2020-03-09 09:00,4807
2020-03-09 09:05,4842
2020-03-09 09:10,4835
2020-03-09 09:15,4806
2020-03-09 09:20,4875
2020-03-09 09:25,4886
2020-03-09 09:30,4890
2020-03-09 09:35,4910
2020-03-09 09:40,4921
2020-03-09 09:45,4927
2020-03-09 09:50,4895
2020-03-09 09:55,4931
2020-03-09 10:00,4933
2020-03-09 10:05,5009
2020-03-09 10:10,4999
2020-03-09 10:15,5039
2020-03-09 10:20,5056
2020-03-09 10:25,5123
2020-03-09 10:30,5177
2020-03-09 10:35,5224
2020-03-09 10:40,5242
2020-03-09 10:45,5252
2020-03-09 10:50,5321
2020-03-09 10:55,5371
2020-03-09 11:00,5364
2020-03-09 11:05,5383
2020-03-09 11:10,5393
2020-03-09 11:15,5398
2020-03-09 11:20,5410
2020-03-09 11:25,5438
2020-03-09 11:30,5489
2020-03-09 11:35,5534
2020-03-09 11:40,5601
2020-03-09 11:45,5696
2020-03-09 11:50,5716
2020-03-09 11:55,5802
2020-03-09 12:00,5848
2020-03-09 12:05,5900
2020-03-09 12:10,5935
2020-03-09 12:15,5949
2020-03-09 12:20,6018
2020-03-09 12:25,6101
2020-03-09 12:30,6152
2020-03-09 12:35,6270
2020-03-09 12:40,6303
2020-03-09 12:45,6387
2020-03-09 12:50,6452
2020-03-09 12:55,6559
2020-03-09 13:00,6581
2020-03-09 13:05,6624
2020-03-09 13:10,6680
2020-03-09 13:15,6757
2020-03-09 13:20,6826
2020-03-09 13:25,6938
2020-03-09 13:30,7004
2020-03-09 13:35,7125
2020-03-09 13:40,7205
2020-03-09 13:45,7281
2020-03-09 13:50,7393
2020-03-09 13:55,7465
2020-03-09 14:00,7520
2020-03-09 14:05,7581
2020-03-09 14:10,7641
2020-03-09 14:15,7717
2020-03-09 14:20,7827
2020-03-09 14:25,7958
2020-03-09 14:30,8015
2020-03-09 14:35,8086
2020-03-09 14:40,8143
2020-03-09 14:45,8298
2020-03-09 14:50,8407
2020-03-09 14:55,8482
2020-03-09 15:00,8567
2020-03-09 15:05,8652
2020-03-09 15:10,8756
2020-03-09 15:15,8936
2020-03-09 15:20,9074
2020-03-09 15:25,9174
2020-03-09 15:30,9272
2020-03-09 15:35,9413
2020-03-09 15:40,9529
2020-03-09 15:45,9660
2020-03-09 15:50,9789
2020-03-09 15:55,9902
2020-03-09 16:00,9933
2020-03-09 16:05,10043
2020-03-09 16:10,10117
2020-03-09 16:15,10169
2020-03-09 16:20,10297
2020-03-09 16:25,10421
2020-03-09 16:30,10555
2020-03-09 16:35,10676
2020-03-09 16:40,10793
2020-03-09 16:45,10875
2020-03-09 16:50,10989
2020-03-09 16:55,11179
2020-03-09 17:00,11344
2020-03-09 17:05,11525
2020-03-09 17:10,11628
2020-03-09 17:15,11727
2020-03-09 17:20,11768
2020-03-09 17:25,11913
2020-03-09 17:30,11938
2020-03-09 17:35,12010
2020-03-09 17:40,12157
2020-03-09 17:45,12315
2020-03-09 17:50,12426
2020-03-09 17:55,12555
2020-03-09 18:00,12740
2020-03-09 18:05,12825
2020-03-09 18:10,12971
2020-03-09 18:15,13067
2020-03-09 18:20,13194
2020-03-09 18:25,13265
2020-03-09 18:30,13444
2020-03-09 18:35,13521
2020-03-09 18:40,13682
2020-03-09 18:45,13797
2020-03-09 18:50,13928
2020-03-09 18:55,14027
2020-03-09 19:00,14063
2020-03-09 19:05,14165
2020-03-09 19:10,14290
2020-03-09 19:15,14395
2020-03-09 19:20,14543
2020-03-09 19:25,14689
2020-03-09 19:30,14783
2020-03-09 19:35,14933
2020-03-09 19:40,15028
2020-03-09 19:45,15141
2020-03-09 19:50,15171
2020-03-09 19:55,15200
2020-03-09 20:00,15193
2020-03-09 20:05,15223
2020-03-09 20:10,15373
2020-03-09 20:15,15444
2020-03-09 20:20,15505
2020-03-09 20:25,15463
2020-03-09 20:30,15499
2020-03-09 20:35,15549
2020-03-09 20:40,15557
2020-03-09 20:45,15596
2020-03-09 20:50,15554
2020-03-09 20:55,15541
2020-03-09 21:00,15493
2020-03-09 21:05,15427
2020-03-09 21:10,15363
2020-03-09 21:15,15301
2020-03-09 21:20,15308
2020-03-09 21:25,15329
2020-03-09 21:30,15415
2020-03-09 21:35,15378
2020-03-09 21:40,15382
2020-03-09 21:45,15292
2020-03-09 21:50,15277
2020-03-09 21:55,15232
2020-03-09 22:00,15197
2020-03-09 22:05,15147
2020-03-09 22:10,15126
2020-03-09 22:15,14904
2020-03-09 22:20,14797
2020-03-09 22:25,14684
2020-03-09 22:30,14635
2020-03-09 22:35,14582
2020-03-09 22:40,14524
2020-03-09 22:45,14506
2020-03-09 22:50,14463
2020-03-09 22:55,14363
2020-03-09 23:00,14205
2020-03-09 23:05,14035
2020-03-09 23:10,13966
2020-03-09 23:15,13870
2020-03-09 23:20,13863
2020-03-09 23:25,13786
2020-03-09 23:30,13836
2020-03-09 23:35,13808
2020-03-09 23:40,13886
2020-03-09 23:45,13872
2020-03-09 23:50,13854
2020-03-09 23:55,13859
2020-03-10 00:00,13852
2020-03-10 00:05,13771
2020-03-10 00:10,13789
2020-03-10 00:15,13760
2020-03-10 00:20,13824
2020-03-10 00:25,13768
2020-03-10 00:30,13814
2020-03-10 00:35,13891
2020-03-10 00:40,13962
2020-03-10 00:45,14005
2020-03-10 00:50,13975
2020-03-10 00:55,14011
2020-03-10 01:00,14024
2020-03-10 01:05,14019
2020-03-10 01:10,14008
2020-03-10 01:15,13963
2020-03-10 01:20,13976
2020-03-10 01:25,13943
2020-03-10 01:30,13949
2020-03-10 01:35,13923
2020-03-10 01:40,13949
2020-03-10 01:45,13933
2020-03-10 01:50,13982
2020-03-10 01:55,13939
2020-03-10 02:00,13872
2020-03-10 02:05,13769
2020-03-10 02:10,13712
2020-03-10 02:15,13698
2020-03-10 02:20,13662
2020-03-10 02:25,13651
2020-03-10 02:30,13569
2020-03-10 02:35,13459
2020-03-10 02:40,13376
2020-03-10 02:45,13209
2020-03-10 02:50,13103
2020-03-10 02:55,13005
2020-03-10 03:00,12866
2020-03-10 03:05,12724
2020-03-10 03:10,12588
2020-03-10 03:15,12443
2020-03-10 03:20,12323
2020-03-10 03:25,12168
2020-03-10 03:30,11996
2020-03-10 03:35,11824
2020-03-10 03:40,11725
2020-03-10 03:45,11633
2020-03-10 03:50,11444
2020-03-10 03:55,11328
2020-03-10 04:00,11175
2020-03-10 04:05,10941
2020-03-10 04:10,10759
2020-03-10 04:15,10674
2020-03-10 04:20,10532
2020-03-10 04:25,10360
2020-03-10 04:30,10199
2020-03-10 04:35,10109
2020-03-10 04:40,9938
2020-03-10 04:45,9799
2020-03-10 04:50,9674
2020-03-10 04:55,9494
2020-03-10 05:00,9374
2020-03-10 05:05,9179
2020-03-10 05:10,8980
2020-03-10 05:15,8789
2020-03-10 05:20,8658
2020-03-10 05:25,8481
2020-03-10 05:30,8293
2020-03-10 05:35,8110
2020-03-10 05:40,7954
2020-03-10 05:45,7807
2020-03-10 05:50,7623
2020-03-10 05:55,7446
2020-03-10 06:00,7287
2020-03-10 06:05,7118
2020-03-10 06:10,6973
2020-03-10 06:15,6794
2020-03-10 06:20,6653
2020-03-10 06:25,6520
2020-03-10 06:30,6377
2020-03-10 06:35,6282
2020-03-10 06:40,6163
2020-03-10 06:45,6042
2020-03-10 06:50,5983
2020-03-10 06:55,5895
2020-03-10 07:00,5762
2020-03-10 07:05,5595
2020-03-10 07:10,5515
2020-03-10 07:15,5423
2020-03-10 07:20,5317
2020-03-10 07:25,5218
2020-03-10 07:30,5142
2020-03-10 07:35,5066
2020-03-10 07:40,5007
2020-03-10 07:45,4928
2020-03-10 07:50,4862
2020-03-10 07:55,4794
2020-03-10 08:00,4757
2020-03-10 08:05,4685
2020-03-10 08:10,4684
2020-03-10 08:15,4681
2020-03-10 08:20,4644
2020-03-10 08:25,4598
2020-03-10 08:30,4592
2020-03-10 08:35,4613
2020-03-10 08:40,4621
2020-03-10 08:45,4630
2020-03-10 08:50,4590
2020-03-10 08:55,4607
2020-03-10 09:00,4594
2020-03-10 09:05,4654
2020-03-10 09:10,4648
2020-03-10 09:15,4654
2020-03-10 09:20,4639
2020-03-10 09:25,4603
2020-03-10 09:30,4603
2020-03-10 09:35,4559
2020-03-10 09:40,4536
2020-03-10 09:45,4519
2020-03-10 09:50,4536
2020-03-10 09:55,4521
2020-03-10 10:00,4524
2020-03-10 10:05,4499
2020-03-10 10:10,4439
2020-03-10 10:15,4413
2020-03-10 10:20,4345
2020-03-10 10:25,4310
2020-03-10 10:30,4295
2020-03-10 10:35,3755
2020-03-10 10:40,3168
2020-03-10 10:45,2686
2020-03-10 10:50,2118
2020-03-10 10:55,1745
2020-03-10 11:00,
2020-03-10 11:05,1509
2020-03-10 11:10,1409
2020-03-10 11:15,1426
2020-03-10 11:20,
2020-03-10 11:25,1405
2020-03-10 11:30,1671
2020-03-10 11:35,1861
2020-03-10 11:40,2234
2020-03-10 11:45,2617
2020-03-10 11:50,2972
2020-03-10 11:55,3280
2020-03-10 12:00,3652
2020-03-10 12:05,3933
2020-03-10 12:10,4236
2020-03-10 12:15,4526
2020-03-10 12:20,4800
2020-03-10 12:25,4989
2020-03-10 12:30,5196
2020-03-10 12:35,5444
2020-03-10 12:40,5659
2020-03-10 12:45,5888
2020-03-10 12:50,6081
2020-03-10 12:55,6249
2020-03-10 13:00,6348
2020-03-10 13:05,6525
2020-03-10 13:10,6715
2020-03-10 13:15,6841
2020-03-10 13:20,6968
2020-03-10 13:25,7053
2020-03-10 13:30,7172
2020-03-10 13:35,7294
2020-03-10 13:40,7431
2020-03-10 13:45,7551
2020-03-10 13:50,7606
2020-03-10 13:55,7706
2020-03-10 14:00,7797
2020-03-10 14:05,7870
2020-03-10 14:10,7965
2020-03-10 14:15,8103
2020-03-10 14:20,8158
2020-03-10 14:25,8240
2020-03-10 14:30,8334
2020-03-10 14:35,8454
2020-03-10 14:40,8586
2020-03-10 14:45,8706
2020-03-10 14:50,8776
2020-03-10 14:55,8851
2020-03-10 15:00,8907
2020-03-10 15:05,8991
2020-03-10 15:10,9072
2020-03-10 15:15,9128
2020-03-10 15:20,9275
2020-03-10 15:25,9289
2020-03-10 15:30,9415
2020-03-10 15:35,9542
2020-03-10 15:40,9641
2020-03-10 15:45,9738
2020-03-10 15:50,9869
2020-03-10 15:55,9918
2020-03-10 16:00,9983
2020-03-10 16:05,10091
2020-03-10 16:10,10231
2020-03-10 16:15,10356
2020-03-10 16:20,10501
2020-03-10 16:25,10579
2020-03-10 16:30,10694
2020-03-10 16:35,10750
2020-03-10 16:40,10895
2020-03-10 16:45,11036
2020-03-10 16:50,11188
2020-03-10 16:55,11307
2020-03-10 17:00,11358
2020-03-10 17:05,11506
2020-03-10 17:10,11584
2020-03-10 17:15,11761
2020-03-10 17:20,11861
2020-03-10 17:25,11952
2020-03-10 17:30,12056
2020-03-10 17:35,12163
2020-03-10 17:40,12279
2020-03-10 17:45,12390
2020-03-10 17:50,12449
2020-03-10 17:55,12523
2020-03-10 18:00,12593
2020-03-10 18:05,12711
2020-03-10 18:10,12767
2020-03-10 18:15,12939
2020-03-10 18:20,13032
2020-03-10 18:25,13204
2020-03-10 18:30,13258
2020-03-10 18:35,13362
2020-03-10 18:40,13441
2020-03-10 18:45,13556
2020-03-10 18:50,13637
2020-03-10 18:55,13719
2020-03-10 19:00,13842
2020-03-10 19:05,13925
2020-03-10 19:10,13993
2020-03-10 19:15,14087
2020-03-10 19:20,14247
2020-03-10 19:25,14303
2020-03-10 19:30,14407
2020-03-10 19:35,14513
2020-03-10 19:40,14636
2020-03-10 19:45,14639
2020-03-10 19:50,14758
2020-03-10 19:55,14762
2020-03-10 20:00,14773
2020-03-10 20:05,14715
2020-03-10 20:10,14764
2020-03-10 20:15,14802
2020-03-10 20:20,14776
2020-03-10 20:25,14810
2020-03-10 20:30,14889
2020-03-10 20:35,14996
2020-03-10 20:40,
2020-03-10 20:45,15147
2020-03-10 20:50,15143
2020-03-10 20:55,15216
2020-03-10 21:00,15238
2020-03-10 21:05,15147
2020-03-10 21:10,15082
2020-03-10 21:15,15075
2020-03-10 21:20,15075
2020-03-10 21:25,15035
2020-03-10 21:30,14876
2020-03-10 21:35,14896
2020-03-10 21:40,14903
2020-03-10 21:45,14953
2020-03-10 21:50,14854
2020-03-10 21:55,14701
2020-03-10 22:00,
2020-03-10 22:05,14403
2020-03-10 22:10,14354
2020-03-10 22:15,14319
2020-03-10 22:20,14258
2020-03-10 22:25,14172
2020-03-10 22:30,14145
2020-03-10 22:35,14081
2020-03-10 22:40,14042
2020-03-10 22:45,13974
2020-03-10 22:50,13881
2020-03-10 22:55,13790
2020-03-10 23:00,13725
2020-03-10 23:05,13631
2020-03-10 23:10,13546
2020-03-10 23:15,13575
2020-03-10 23:20,13501
2020-03-10 23:25,13435
2020-03-10 23:30,13383
2020-03-10 23:35,13396
2020-03-10 23:40,13402
2020-03-10 23:45,13383
2020-03-10 23:50,13324
2020-03-10 23:55,13265
2020-03-11 00:00,13244
2020-03-11 00:05,13211
2020-03-11 00:10,13092
2020-03-11 00:15,13009
2020-03-11 00:20,13068
2020-03-11 00:25,13054
2020-03-11 00:30,13064
2020-03-11 00:35,13069
2020-03-11 00:40,13059
2020-03-11 00:45,13040
2020-03-11 00:50,12996
2020-03-11 00:55,12962
2020-03-11 01:00,12997
2020-03-11 01:05,12916
2020-03-11 01:10,12906
2020-03-11 01:15,12897
2020-03-11 01:20,12847
2020-03-11 01:25,12821
2020-03-11 01:30,12765
2020-03-11 01:35,12773
2020-03-11 01:40,12703
2020-03-11 01:45,12720
2020-03-11 01:50,12679
2020-03-11 01:55,12616
2020-03-11 02:00,12521
2020-03-11 02:05,12520
2020-03-11 02:10,12456
2020-03-11 02:15,12412
2020-03-11 02:20,12344
2020-03-11 02:25,12328
2020-03-11 02:30,12313
2020-03-11 02:35,12278
2020-03-11 02:40,12190
2020-03-11 02:45,12130
2020-03-11 02:50,12001
2020-03-11 02:55,11825
2020-03-11 03:00,11726
2020-03-11 03:05,11585
2020-03-11 03:10,11447
2020-03-11 03:15,11372
2020-03-11 03:20,11330
2020-03-11 03:25,11185
2020-03-11 03:30,11123
2020-03-11 03:35,11079
2020-03-11 03:40,10980
2020-03-11 03:45,10911
2020-03-11 03:50,10765
2020-03-11 03:55,10613
2020-03-11 04:00,10485
2020-03-11 04:05,10300
2020-03-11 04:10,10145
2020-03-11 04:15,9979
2020-03-11 04:20,9815
2020-03-11 04:25,9668
2020-03-11 04:30,9482
2020-03-11 04:35,9364
2020-03-11 04:40,9209
2020-03-11 04:45,9052
2020-03-11 04:50,8904
2020-03-11 04:55,8744
2020-03-11 05:00,8621
2020-03-11 05:05,8431
2020-03-11 05:10,8232
2020-03-11 05:15,8095
2020-03-11 05:20,8012
2020-03-11 05:25,7830
2020-03-11 05:30,7650
2020-03-11 05:35,7500
2020-03-11 05:40,7361
2020-03-11 05:45,7233
2020-03-11 05:50,7068
2020-03-11 05:55,6967
2020-03-11 06:00,6801
2020-03-11 06:05,6698
2020-03-11 06:10,6547
2020-03-11 06:15,6441
2020-03-11 06:20,6317
2020-03-11 06:25,6209
2020-03-11 06:30,6058
2020-03-11 06:35,6003
2020-03-11 06:40,5900
2020-03-11 06:45,5811
2020-03-11 06:50,5720
2020-03-11 06:55,5577
2020-03-11 07:00,5509
2020-03-11 07:05,5417
2020-03-11 07:10,5270
2020-03-11 07:15,5179
2020-03-11 07:20,5100
2020-03-11 07:25,5002
2020-03-11 07:30,4947
2020-03-11 07:35,4903
2020-03-11 07:40,4837
2020-03-11 07:45,4779
2020-03-11 07:50,4713
2020-03-11 07:55,4655
2020-03-11 08:00,4598
2020-03-11 08:05,4567
2020-03-11 08:10,4535
2020-03-11 08:15,4484
2020-03-11 08:20,4496
2020-03-11 08:25,4436
2020-03-11 08:30,4411
2020-03-11 08:35,4402
2020-03-11 08:40,4401
2020-03-11 08:45,4413
2020-03-11 08:50,4384
2020-03-11 08:55,4410
2020-03-11 09:00,4403
2020-03-11 09:05,4407
2020-03-11 09:10,4419
2020-03-11 09:15,4454
2020-03-11 09:20,4469
2020-03-11 09:25,4505
2020-03-11 09:30,4515
2020-03-11 09:35,4552
2020-03-11 09:40,4606
2020-03-11 09:45,4623
2020-03-11 09:50,4659
2020-03-11 09:55,4670
2020-03-11 10:00,4685
2020-03-11 10:05,4680
2020-03-11 10:10,4683
2020-03-11 10:15,4717
2020-03-11 10:20,4796
2020-03-11 10:25,4829
2020-03-11 10:30,4891
2020-03-11 10:35,4928
2020-03-11 10:40,4985
2020-03-11 10:45,5047
2020-03-11 10:50,5063
2020-03-11 10:55,5120
2020-03-11 11:00,5162
2020-03-11 11:05,5182
2020-03-11 11:10,5182
2020-03-11 11:15,5207
2020-03-11 11:20,5237
2020-03-11 11:25,5287
2020-03-11 11:30,5376
2020-03-11 11:35,5443
2020-03-11 11:40,5550
2020-03-11 11:45,5614
2020-03-11 11:50,5626
2020-03-11 11:55,5727
2020-03-11 12:00,5760
2020-03-11 12:05,5805
2020-03-11 12:10,5890
2020-03-11 12:15,5994
2020-03-11 12:20,6031
2020-03-11 12:25,6085
2020-03-11 12:30,6220
2020-03-11 12:35,6297
2020-03-11 12:40,6362
2020-03-11 12:45,6400
2020-03-11 12:50,6504
2020-03-11 12:55,6551
2020-03-11 13:00,6639
2020-03-11 13:05,6664
2020-03-11 13:10,6769
2020-03-11 13:15,6773
2020-03-11 13:20,6874
2020-03-11 13:25,6995
2020-03-11 13:30,7016
2020-03-11 13:35,7107
2020-03-11 13:40,7254
2020-03-11 13:45,7331
2020-03-11 13:50,7396
2020-03-11 13:55,7535
2020-03-11 14:00,7645
2020-03-11 14:05,7709
2020-03-11 14:10,7863
2020-03-11 14:15,7943
2020-03-11 14:20,8040
2020-03-11 14:25,8135
2020-03-11 14:30,8231
2020-03-11 14:35,8337
2020-03-11 14:40,8418
2020-03-11 14:45,8514
2020-03-11 14:50,8572
2020-03-11 14:55,8641
2020-03-11 15:00,8751
2020-03-11 15:05,8799
2020-03-11 15:10,8921
2020-03-11 15:15,9000
2020-03-11 15:20,9076
2020-03-11 15:25,9186
2020-03-11 15:30,9248
2020-03-11 15:35,9354
2020-03-11 15:40,9443
2020-03-11 15:45,9473
2020-03-11 15:50,9581
2020-03-11 15:55,9683
2020-03-11 16:00,9746
2020-03-11 16:05,9824
2020-03-11 16:10,9883
2020-03-11 16:15,10002
2020-03-11 16:20,10143
2020-03-11 16:25,10298
2020-03-11 16:30,10390
2020-03-11 16:35,10485
2020-03-11 16:40,10600
2020-03-11 16:45,10703
2020-03-11 16:50,10732
2020-03-11 16:55,10913
2020-03-11 17:00,11021
2020-03-11 17:05,11107
2020-03-11 17:10,11248
2020-03-11 17:15,11405
2020-03-11 17:20,11533
2020-03-11 17:25,11656
2020-03-11 17:30,11750
2020-03-11 17:35,11872
2020-03-11 17:40,11977
2020-03-11 17:45,12050
2020-03-11 17:50,12166
2020-03-11 17:55,12244
2020-03-11 18:00,12273
2020-03-11 18:05,12389
2020-03-11 18:10,12425
2020-03-11 18:15,12567
2020-03-11 18:20,12679
2020-03-11 18:25,12725
2020-03-11 18:30,12831
2020-03-11 18:35,12910
2020-03-11 18:40,13065
2020-03-11 18:45,13059
2020-03-11 18:50,13183
2020-03-11 18:55,13367
2020-03-11 19:00,13475
2020-03-11 19:05,13610
2020-03-11 19:10,13598
2020-03-11 19:15,13712
2020-03-11 19:20,13892
2020-03-11 19:25,13900
2020-03-11 19:30,13930
2020-03-11 19:35,14069
2020-03-11 19:40,14158
2020-03-11 19:45,14238
2020-03-11 19:50,14323
2020-03-11 19:55,14327
2020-03-11 20:00,14301
2020-03-11 20:05,14348
2020-03-11 20:10,14398
2020-03-11 20:15,14418
2020-03-11 20:20,14396
2020-03-11 20:25,14433
2020-03-11 20:30,14496
2020-03-11 20:35,14442
2020-03-11 20:40,14456
2020-03-11 20:45,14497
2020-03-11 20:50,14482
2020-03-11 20:55,14494
2020-03-11 21:00,14495
2020-03-11 21:05,14394
2020-03-11 21:10,14384
2020-03-11 21:15,14336
2020-03-11 21:20,14342
2020-03-11 21:25,14237
2020-03-11 21:30,14209
2020-03-11 21:35,14125
2020-03-11 21:40,14071
2020-03-11 21:45,14022
2020-03-11 21:50,13872
2020-03-11 21:55,13868
2020-03-11 22:00,13825
2020-03-11 22:05,13773
2020-03-11 22:10,13707
2020-03-11 22:15,13637
2020-03-11 22:20,13532
2020-03-11 22:25,13547
2020-03-11 22:30,13550
2020-03-11 22:35,13437
2020-03-11 22:40,13492
2020-03-11 22:45,13603
2020-03-11 22:50,13580
2020-03-11 22:55,13597
2020-03-11 23:00,13530
2020-03-11 23:05,13407
2020-03-11 23:10,13325
2020-03-11 23:15,0
2020-03-11 23:20,0
2020-03-11 23:25,0
2020-03-11 23:30,0
2020-03-11 23:35,12953
2020-03-11 23:40,12970
2020-03-11 23:45,0
2020-03-11 23:50,11821
2020-03-11 23:55,12697
2020-03-12 00:00,12815
2020-03-12 00:05,12779
2020-03-12 00:10,12771
2020-03-12 00:15,12780
2020-03-12 00:20,12782
2020-03-12 00:25,12772
2020-03-12 00:30,12725
2020-03-12 00:35,12721
2020-03-12 00:40,12740
2020-03-12 00:45,12762
2020-03-12 00:50,12743
2020-03-12 00:55,12751
2020-03-12 01:00,12748
2020-03-12 01:05,12711
2020-03-12 01:10,12687
2020-03-12 01:15,12716
2020-03-12 01:20,12641
2020-03-12 01:25,12688
2020-03-12 01:30,12722
2020-03-12 01:35,12689
2020-03-12 01:40,12745
2020-03-12 01:45,12698
2020-03-12 01:50,12709
2020-03-12 01:55,12650
2020-03-12 02:00,12478
2020-03-12 02:05,12436
2020-03-12 02:10,12343
2020-03-12 02:15,12212
2020-03-12 02:20,12258
2020-03-12 02:25,12232
2020-03-12 02:30,12208
2020-03-12 02:35,12002
2020-03-12 02:40,11977
2020-03-12 02:45,11963
2020-03-12 02:50,11932
2020-03-12 02:55,11865
2020-03-12 03:00,11812
2020-03-12 03:05,11692
2020-03-12 03:10,11582
2020-03-12 03:15,11456
2020-03-12 03:20,11402
2020-03-12 03:25,11348
2020-03-12 03:30,11235
2020-03-12 03:35,11142
2020-03-12 03:40,11060
2020-03-12 03:45,10930
2020-03-12 03:50,10780
2020-03-12 03:55,10631
2020-03-12 04:00,10424
2020-03-12 04:05,10344
2020-03-12 04:10,10213
2020-03-12 04:15,10073
2020-03-12 04:20,9980
2020-03-12 04:25,9821
2020-03-12 04:30,9719
2020-03-12 04:35,9549
2020-03-12 04:40,9399
2020-03-12 04:45,9244
2020-03-12 04:50,9106
2020-03-12 04:55,8964
2020-03-12 05:00,8811
2020-03-12 05:05,8606
2020-03-12 05:10,8494
2020-03-12 05:15,8376
2020-03-12 05:20,8244
2020-03-12 05:25,8053
2020-03-12 05:30,7946
2020-03-12 05:35,7829
2020-03-12 05:40,7646
2020-03-12 05:45,7504
2020-03-12 05:50,7418
2020-03-12 05:55,7329
2020-03-12 06:00,7155
2020-03-12 06:05,7021
2020-03-12 06:10,6837
2020-03-12 06:15,6718
2020-03-12 06:20,6604
2020-03-12 06:25,6462
2020-03-12 06:30,6350
2020-03-12 06:35,6227
2020-03-12 06:40,6130
2020-03-12 06:45,6045
2020-03-12 06:50,5906
2020-03-12 06:55,5801
2020-03-12 07:00,5705
2020-03-12 07:05,5578
2020-03-12 07:10,5507
2020-03-12 07:15,5388
2020-03-12 07:20,5296
2020-03-12 07:25,5185
2020-03-12 07:30,5122
2020-03-12 07:35,5065
2020-03-12 07:40,5004
2020-03-12 07:45,4969
2020-03-12 07:50,4924
2020-03-12 07:55,4902
2020-03-12 08:00,4867
2020-03-12 08:05,4815
2020-03-12 08:10,4775
2020-03-12 08:15,4746
2020-03-12 08:20,4709
2020-03-12 08:25,4650
2020-03-12 08:30,4632
2020-03-12 08:35,4669
2020-03-12 08:40,4648
2020-03-12 08:45,4618
2020-03-12 08:50,4616
2020-03-12 08:55,4641
2020-03-12 09:00,4627
2020-03-12 09:05,4678
2020-03-12 09:10,4671
2020-03-12 09:15,4684
2020-03-12 09:20,4731
2020-03-12 09:25,4702
2020-03-12 09:30,4730
2020-03-12 09:35,4729
2020-03-12 09:40,4745
2020-03-12 09:45,4812
2020-03-12 09:50,4840
2020-03-12 09:55,4844
2020-03-12 10:00,4876
2020-03-12 10:05,4947
2020-03-12 10:10,5020
2020-03-12 10:15,5021
2020-03-12 10:20,5024
2020-03-12 10:25,5121
2020-03-12 10:30,5149
2020-03-12 10:35,5188
2020-03-12 10:40,5230
2020-03-12 10:45,5285
2020-03-12 10:50,5324
2020-03-12 10:55,5380
2020-03-12 11:00,5406
2020-03-12 11:05,5417
2020-03-12 11:10,5435
2020-03-12 11:15,5436
2020-03-12 11:20,5497
2020-03-12 11:25,5525
2020-03-12 11:30,5621
2020-03-12 11:35,5687
2020-03-12 11:40,5775
2020-03-12 11:45,5845
2020-03-12 11:50,5848
2020-03-12 11:55,5909
2020-03-12 12:00,5964
2020-03-12 12:05,6043
2020-03-12 12:10,6138
2020-03-12 12:15,6227
2020-03-12 12:20,6308
2020-03-12 12:25,6433
2020-03-12 12:30,6471
2020-03-12 12:35,6532
2020-03-12 12:40,6600
2020-03-12 12:45,6654
2020-03-12 12:50,6681
2020-03-12 12:55,6731
2020-03-12 13:00,6843
2020-03-12 13:05,6964
2020-03-12 13:10,7072
2020-03-12 13:15,7105
2020-03-12 13:20,7199
2020-03-12 13:25,7222
2020-03-12 13:30,7272
2020-03-12 13:35,7336
2020-03-12 13:40,7415
2020-03-12 13:45,7479
2020-03-12 13:50,7571
2020-03-12 13:55,7626
2020-03-12 14:00,7731
2020-03-12 14:05,7844
2020-03-12 14:10,7985
2020-03-12 14:15,8011
2020-03-12 14:20,8145
2020-03-12 14:25,8310
2020-03-12 14:30,8390
2020-03-12 14:35,8470
2020-03-12 14:40,8542
2020-03-12 14:45,8662
2020-03-12 14:50,8829
2020-03-12 14:55,8905
2020-03-12 15:00,9008
2020-03-12 15:05,9096
2020-03-12 15:10,9245
2020-03-12 15:15,9327
2020-03-12 15:20,9430
2020-03-12 15:25,9494
2020-03-12 15:30,9593
2020-03-12 15:35,9643
2020-03-12 15:40,9770
2020-03-12 15:45,9901
2020-03-12 15:50,9955
2020-03-12 15:55,10028
2020-03-12 16:00,10089
2020-03-12 16:05,10164
2020-03-12 16:10,10233
2020-03-12 16:15,10351
2020-03-12 16:20,10390
2020-03-12 16:25,10453
2020-03-12 16:30,10634
2020-03-12 16:35,10740
2020-03-12 16:40,10748
2020-03-12 16:45,10825
2020-03-12 16:50,10952
2020-03-12 16:55,11110
2020-03-12 17:00,11269
2020-03-12 17:05,11368
2020-03-12 17:10,11453
2020-03-12 17:15,11558
2020-03-12 17:20,11686
2020-03-12 17:25,11865
2020-03-12 17:30,11977
2020-03-12 17:35,12084
2020-03-12 17:40,12209
2020-03-12 17:45,12284
2020-03-12 17:50,12365
2020-03-12 17:55,12419
2020-03-12 18:00,12508
2020-03-12 18:05,12666
2020-03-12 18:10,12757
2020-03-12 18:15,12834
2020-03-12 18:20,12908
2020-03-12 18:25,12978
2020-03-12 18:30,13160
2020-03-12 18:35,13266
2020-03-12 18:40,13459
2020-03-12 18:45,13636
2020-03-12 18:50,13751
2020-03-12 18:55,13781
2020-03-12 19:00,13815
2020-03-12 19:05,13802
2020-03-12 19:10,13905
2020-03-12 19:15,13959
2020-03-12 19:20,14026
2020-03-12 19:25,14101
2020-03-12 19:30,14154
2020-03-12 19:35,14303
2020-03-12 19:40,14452
2020-03-12 19:45,14544
2020-03-12 19:50,14696
2020-03-12 19:55,14796
2020-03-12 20:00,14933
2020-03-12 20:05,15014
2020-03-12 20:10,15069
2020-03-12 20:15,15147
2020-03-12 20:20,15177
2020-03-12 20:25,15229
2020-03-12 20:30,15293
2020-03-12 20:35,15297
2020-03-12 20:40,15291
2020-03-12 20:45,15307
2020-03-12 20:50,15369
2020-03-12 20:55,15332
2020-03-12 21:00,15398
2020-03-12 21:05,15391
2020-03-12 21:10,15390
2020-03-12 21:15,15367
2020-03-12 21:20,15366
2020-03-12 21:25,15352
2020-03-12 21:30,15301
2020-03-12 21:35,15232
2020-03-12 21:40,15247
2020-03-12 21:45,15139
2020-03-12 21:50,15151
2020-03-12 21:55,15125
2020-03-12 22:00,14930
2020-03-12 22:05,14846
2020-03-12 22:10,14830
2020-03-12 22:15,14748
2020-03-12 22:20,14714
2020-03-12 22:25,14633
2020-03-12 22:30,14556
2020-03-12 22:35,14542
2020-03-12 22:40,14445
2020-03-12 22:45,14450
2020-03-12 22:50,14364
2020-03-12 22:55,14326
2020-03-12 23:00,14182
2020-03-12 23:05,14049
2020-03-12 23:10,14036
2020-03-12 23:15,13996
2020-03-12 23:20,13928
2020-03-12 23:25,13822
2020-03-12 23:30,13780
2020-03-12 23:35,13697
2020-03-12 23:40,13677
2020-03-12 23:45,13627
2020-03-12 23:50,13559
2020-03-12 23:55,13492
2020-03-13 00:00,13469
2020-03-13 00:05,13367
2020-03-13 00:10,13397
2020-03-13 00:15,13366
2020-03-13 00:20,13321
2020-03-13 00:25,13295
2020-03-13 00:30,13264
2020-03-13 00:35,13202
2020-03-13 00:40,13220
2020-03-13 00:45,13270
2020-03-13 00:50,0
2020-03-13 00:55,13197
2020-03-13 01:00,12900
2020-03-13 01:05,12832
2020-03-13 01:10,12677
2020-03-13 01:15,12674
2020-03-13 01:20,13077
2020-03-13 01:25,12762
2020-03-13 01:30,12764
2020-03-13 01:35,13060
2020-03-13 01:40,13108
2020-03-13 01:45,13056
2020-03-13 01:50,12995
2020-03-13 01:55,12970
2020-03-13 02:00,12947
2020-03-13 02:05,12940
2020-03-13 02:10,12900
2020-03-13 02:15,12783
2020-03-13 02:20,12621
2020-03-13 02:25,12543
2020-03-13 02:30,12487
2020-03-13 02:35,12435
2020-03-13 02:40,12449
2020-03-13 02:45,12423
2020-03-13 02:50,12323
2020-03-13 02:55,12304
2020-03-13 03:00,12223
2020-03-13 03:05,12172
2020-03-13 03:10,12047
2020-03-13 03:15,11946
2020-03-13 03:20,11858
2020-03-13 03:25,11765
2020-03-13 03:30,11611
2020-03-13 03:35,11452
2020-03-13 03:40,11322
2020-03-13 03:45,11202
2020-03-13 03:50,11048
2020-03-13 03:55,10938
2020-03-13 04:00,10855
2020-03-13 04:05,10668
2020-03-13 04:10,10601
2020-03-13 04:15,10478
2020-03-13 04:20,10244
2020-03-13 04:25,10089
2020-03-13 04:30,9937
2020-03-13 04:35,9782
2020-03-13 04:40,9660
2020-03-13 04:45,9510
2020-03-13 04:50,9352
2020-03-13 04:55,9167
2020-03-13 05:00,8992
2020-03-13 05:05,8894
2020-03-13 05:10,8792
2020-03-13 05:15,8655
2020-03-13 05:20,8482
2020-03-13 05:25,8340
2020-03-13 05:30,8206
2020-03-13 05:35,8128
2020-03-13 05:40,8004
2020-03-13 05:45,7823
2020-03-13 05:50,7670
2020-03-13 05:55,7560
2020-03-13 06:00,7432
2020-03-13 06:05,7276
2020-03-13 06:10,7138
2020-03-13 06:15,6971
2020-03-13 06:20,6814
2020-03-13 06:25,6693
2020-03-13 06:30,6516
2020-03-13 06:35,6349
2020-03-13 06:40,6291
2020-03-13 06:45,6195
2020-03-13 06:50,6032
2020-03-13 06:55,5906
2020-03-13 07:00,5766
2020-03-13 07:05,5673
2020-03-13 07:10,5601
2020-03-13 07:15,5544
2020-03-13 07:20,5437
2020-03-13 07:25,5341
2020-03-13 07:30,5277
2020-03-13 07:35,5274
2020-03-13 07:40,5146
2020-03-13 07:45,5101
2020-03-13 07:50,5043
2020-03-13 07:55,5005
2020-03-13 08:00,4963
2020-03-13 08:05,4916
2020-03-13 08:10,4884
2020-03-13 08:15,4858
2020-03-13 08:20,4814
2020-03-13 08:25,4830
2020-03-13 08:30,4769
2020-03-13 08:35,4752
2020-03-13 08:40,4687
2020-03-13 08:45,4695
2020-03-13 08:50,4717
2020-03-13 08:55,4671
2020-03-13 09:00,4676
2020-03-13 09:05,4728
2020-03-13 09:10,4733
2020-03-13 09:15,4776
2020-03-13 09:20,4818
2020-03-13 09:25,4886
2020-03-13 09:30,4937
2020-03-13 09:35,4996
2020-03-13 09:40,5078
2020-03-13 09:45,5126
2020-03-13 09:50,5185
2020-03-13 09:55,5222
2020-03-13 10:00,5215
2020-03-13 10:05,5252
2020-03-13 10:10,5328
2020-03-13 10:15,5412
2020-03-13 10:20,5477
2020-03-13 10:25,5549
2020-03-13 10:30,5606
2020-03-13 10:35,5636
2020-03-13 10:40,5695
2020-03-13 10:45,5716
2020-03-13 10:50,5750
2020-03-13 10:55,5827
2020-03-13 11:00,5886
2020-03-13 11:05,5956
2020-03-13 11:10,6010
2020-03-13 11:15,6008
2020-03-13 11:20,6029
2020-03-13 11:25,6125
2020-03-13 11:30,6194
2020-03-13 11:35,6256
2020-03-13 11:40,6359
2020-03-13 11:45,6409
2020-03-13 11:50,6412
2020-03-13 11:55,6513
2020-03-13 12:00,6643
2020-03-13 12:05,6672
2020-03-13 12:10,6734
2020-03-13 12:15,6816
2020-03-13 12:20,6877
2020-03-13 12:25,6972
2020-03-13 12:30,7060
2020-03-13 12:35,7180
2020-03-13 12:40,7259
2020-03-13 12:45,7344
2020-03-13 12:50,7453
2020-03-13 12:55,7547
2020-03-13 13:00,7679
2020-03-13 13:05,7752
2020-03-13 13:10,7865
2020-03-13 13:15,7968
2020-03-13 13:20,8041
2020-03-13 13:25,8143
2020-03-13 13:30,8177
2020-03-13 13:35,8258
2020-03-13 13:40,8387
2020-03-13 13:45,8513
2020-03-13 13:50,8608
2020-03-13 13:55,8734
2020-03-13 14:00,8832
2020-03-13 14:05,8974
2020-03-13 14:10,9084
2020-03-13 14:15,9099
2020-03-13 14:20,9222
2020-03-13 14:25,9362
2020-03-13 14:30,9502
2020-03-13 14:35,9596
2020-03-13 14:40,9734
2020-03-13 14:45,9905
2020-03-13 14:50,10006
2020-03-13 14:55,10137
2020-03-13 15:00,10263
2020-03-13 15:05,10399
2020-03-13 15:10,10508
2020-03-13 15:15,10696
2020-03-13 15:20,10787
2020-03-13 15:25,10938
2020-03-13 15:30,11040
2020-03-13 15:35,11086
2020-03-13 15:40,11151
2020-03-13 15:45,11190
2020-03-13 15:50,11303
2020-03-13 15:55,11418
2020-03-13 16:00,11516
2020-03-13 16:05,11556
2020-03-13 16:10,11672
2020-03-13 16:15,11798
2020-03-13 16:20,11925
2020-03-13 16:25,12012
2020-03-13 16:30,12097
2020-03-13 16:35,12282
2020-03-13 16:40,12432
2020-03-13 16:45,12463
2020-03-13 16:50,12531
2020-03-13 16:55,12659
2020-03-13 17:00,12771
2020-03-13 17:05,12848
2020-03-13 17:10,13036
2020-03-13 17:15,13070
2020-03-13 17:20,13008
2020-03-13 17:25,13227
2020-03-13 17:30,13374
2020-03-13 17:35,13448
2020-03-13 17:40,13555
2020-03-13 17:45,13700
2020-03-13 17:50,13776
2020-03-13 17:55,13877
2020-03-13 18:00,13850
2020-03-13 18:05,13910
2020-03-13 18:10,14034
2020-03-13 18:15,14088
2020-03-13 18:20,14205
2020-03-13 18:25,14262
2020-03-13 18:30,14363
2020-03-13 18:35,14399
2020-03-13 18:40,14412
2020-03-13 18:45,14553
2020-03-13 18:50,14586
2020-03-13 18:55,14680
2020-03-13 19:00,14760
2020-03-13 19:05,14752
2020-03-13 19:10,14861
2020-03-13 19:15,14898
2020-03-13 19:20,15040
2020-03-13 19:25,15140
2020-03-13 19:30,15260
2020-03-13 19:35,15315
2020-03-13 19:40,15338
2020-03-13 19:45,15299
2020-03-13 19:50,15395
2020-03-13 19:55,15411
2020-03-13 20:00,15427
2020-03-13 20:05,15456
2020-03-13 20:10,15576
2020-03-13 20:15,15626
2020-03-13 20:20,15692
2020-03-13 20:25,15689
2020-03-13 20:30,15648
2020-03-13 20:35,15689
2020-03-13 20:40,15770
2020-03-13 20:45,15813
2020-03-13 20:50,15857
2020-03-13 20:55,15902
2020-03-13 21:00,15955
2020-03-13 21:05,16016
2020-03-13 21:10,16111
2020-03-13 21:15,16174
2020-03-13 21:20,16173
2020-03-13 21:25,16108
2020-03-13 21:30,16100
2020-03-13 21:35,16136
2020-03-13 21:40,16154
2020-03-13 21:45,16221
2020-03-13 21:50,16264
2020-03-13 21:55,16292
2020-03-13 22:00,16280
2020-03-13 22:05,16265
2020-03-13 22:10,16247
2020-03-13 22:15,16144
2020-03-13 22:20,16159
2020-03-13 22:25,16147
2020-03-13 22:30,16139
2020-03-13 22:35,16160
2020-03-13 22:40,16102
2020-03-13 22:45,16048
2020-03-13 22:50,16006
2020-03-13 22:55,15919
2020-03-13 23:00,15838
2020-03-13 23:05,15742
2020-03-13 23:10,15668
2020-03-13 23:15,15588
2020-03-13 23:20,15449
2020-03-13 23:25,15370
2020-03-13 23:30,15218
2020-03-13 23:35,15065
2020-03-13 23:40,14979
2020-03-13 23:45,14930
2020-03-13 23:50,14776
2020-03-13 23:55,14720
2020-03-14 00:00,14640
2020-03-14 00:05,13832
2020-03-14 00:10,12793
2020-03-14 00:15,12770
2020-03-14 00:20,12770
2020-03-14 00:25,12804
2020-03-14 00:30,12860
2020-03-14 00:35,12791
2020-03-14 00:40,12812
2020-03-14 00:45,12986
2020-03-14 00:50,13145
2020-03-14 00:55,13221
2020-03-14 01:00,13224
2020-03-14 01:05,13296
2020-03-14 01:10,13398
2020-03-14 01:15,13433
2020-03-14 01:20,13452
2020-03-14 01:25,13430
2020-03-14 01:30,13549
2020-03-14 01:35,13625
2020-03-14 01:40,13681
2020-03-14 01:45,13737
2020-03-14 01:50,13744
2020-03-14 01:55,13755
2020-03-14 02:00,13735
2020-03-14 02:05,13724
2020-03-14 02:10,13751
2020-03-14 02:15,13729
2020-03-14 02:20,13742
2020-03-14 02:25,13704
2020-03-14 02:30,13682
2020-03-14 02:35,13700
2020-03-14 02:40,13627
2020-03-14 02:45,13523
2020-03-14 02:50,13481
2020-03-14 02:55,13474
2020-03-14 03:00,13450
2020-03-14 03:05,13340
2020-03-14 03:10,13297
2020-03-14 03:15,13285
2020-03-14 03:20,13157
2020-03-14 03:25,13112
2020-03-14 03:30,12981
2020-03-14 03:35,12888
2020-03-14 03:40,12882
2020-03-14 03:45,12805
2020-03-14 03:50,12783
2020-03-14 03:55,12694
2020-03-14 04:00,12538
2020-03-14 04:05,12440
2020-03-14 04:10,12320
2020-03-14 04:15,12239
2020-03-14 04:20,12043
2020-03-14 04:25,11947
2020-03-14 04:30,11849
2020-03-14 04:35,11702
2020-03-14 04:40,11567
2020-03-14 04:45,11464
2020-03-14 04:50,11321
2020-03-14 04:55,11214
2020-03-14 05:00,11157
2020-03-14 05:05,10957
2020-03-14 05:10,10837
2020-03-14 05:15,10720
2020-03-14 05:20,10505
2020-03-14 05:25,10345
2020-03-14 05:30,10233
2020-03-14 05:35,10086
2020-03-14 05:40,9882
2020-03-14 05:45,9764
2020-03-14 05:50,9630
2020-03-14 05:55,9428
2020-03-14 06:00,9251
2020-03-14 06:05,9079
2020-03-14 06:10,8934
2020-03-14 06:15,8754
2020-03-14 06:20,8586
2020-03-14 06:25,8462
2020-03-14 06:30,8366
2020-03-14 06:35,8256
2020-03-14 06:40,8133
2020-03-14 06:45,7950
2020-03-14 06:50,7787
2020-03-14 06:55,7664
2020-03-14 07:00,7547
2020-03-14 07:05,7401
2020-03-14 07:10,7270
2020-03-14 07:15,7161
2020-03-14 07:20,7031
2020-03-14 07:25,6952
2020-03-14 07:30,6825
2020-03-14 07:35,6725
2020-03-14 07:40,6600
2020-03-14 07:45,6534
2020-03-14 07:50,6435
2020-03-14 07:55,6391
2020-03-14 08:00,6321
2020-03-14 08:05,6241
2020-03-14 08:10,6156
2020-03-14 08:15,6065
2020-03-14 08:20,6041
2020-03-14 08:25,5993
2020-03-14 08:30,5934
2020-03-14 08:35,5898
2020-03-14 08:40,5902
2020-03-14 08:45,5900
2020-03-14 08:50,5880
2020-03-14 08:55,5833
2020-03-14 09:00,5821
2020-03-14 09:05,5877
2020-03-14 09:10,5861
2020-03-14 09:15,5861
2020-03-14 09:20,5922
2020-03-14 09:25,5988
2020-03-14 09:30,6009
2020-03-14 09:35,6055
2020-03-14 09:40,6133
2020-03-14 09:45,6169
2020-03-14 09:50,6236
2020-03-14 09:55,6322
2020-03-14 10:00,6332
2020-03-14 10:05,6406
2020-03-14 10:10,6537
2020-03-14 10:15,6579
2020-03-14 10:20,6654
2020-03-14 10:25,6658
2020-03-14 10:30,6717
2020-03-14 10:35,6797
2020-03-14 10:40,6844
2020-03-14 10:45,6888
2020-03-14 10:50,6968
2020-03-14 10:55,6999
2020-03-14 11:00,7098
2020-03-14 11:05,7220
2020-03-14 11:10,7251
2020-03-14 11:15,7367
2020-03-14 11:20,7476
2020-03-14 11:25,7555
2020-03-14 11:30,7660
2020-03-14 11:35,7746
2020-03-14 11:40,7872
2020-03-14 11:45,7969
2020-03-14 11:50,8113
2020-03-14 11:55,8212
2020-03-14 12:00,8254
2020-03-14 12:05,8369
2020-03-14 12:10,8455
2020-03-14 12:15,8628
2020-03-14 12:20,8691
2020-03-14 12:25,8855
2020-03-14 12:30,8947
2020-03-14 12:35,9048
2020-03-14 12:40,9172
2020-03-14 12:45,9274
2020-03-14 12:50,9350
2020-03-14 12:55,9438
2020-03-14 13:00,9565
2020-03-14 13:05,9638
2020-03-14 13:10,9765
2020-03-14 13:15,9812
2020-03-14 13:20,9898
2020-03-14 13:25,10020
2020-03-14 13:30,10132
2020-03-14 13:35,10213
2020-03-14 13:40,10334
2020-03-14 13:45,10494
2020-03-14 13:50,10632
2020-03-14 13:55,10735
2020-03-14 14:00,10795
2020-03-14 14:05,10921
2020-03-14 14:10,11112
2020-03-14 14:15,11275
2020-03-14 14:20,11449
2020-03-14 14:25,11481
2020-03-14 14:30,0
2020-03-14 14:35,11772
2020-03-14 14:40,11936
2020-03-14 14:45,12114
2020-03-14 14:50,12296
2020-03-14 14:55,12464
2020-03-14 15:00,12565
2020-03-14 15:05,12620
2020-03-14 15:10,12768
2020-03-14 15:15,12933
2020-03-14 15:20,13057
2020-03-14 15:25,13271
2020-03-14 15:30,13372
2020-03-14 15:35,13498
2020-03-14 15:40,13647
2020-03-14 15:45,13732
2020-03-14 15:50,13849
2020-03-14 15:55,13910
2020-03-14 16:00,14037
2020-03-14 16:05,14254
2020-03-14 16:10,14318
2020-03-14 16:15,14405
2020-03-14 16:20,14480
2020-03-14 16:25,14626
2020-03-14 16:30,14788
2020-03-14 16:35,14902
2020-03-14 16:40,15012
2020-03-14 16:45,15063
2020-03-14 16:50,15231
2020-03-14 16:55,15321
2020-03-14 17:00,15440
2020-03-14 17:05,15579
2020-03-14 17:10,15629
2020-03-14 17:15,15685
2020-03-14 17:20,15670
2020-03-14 17:25,15749
2020-03-14 17:30,15747
2020-03-14 17:35,15782
2020-03-14 17:40,15921
2020-03-14 17:45,15958
2020-03-14 17:50,16046
2020-03-14 17:55,16100
2020-03-14 18:00,16182
2020-03-14 18:05,16225
2020-03-14 18:10,16280
2020-03-14 18:15,16412
2020-03-14 18:20,16526
2020-03-14 18:25,16587
2020-03-14 18:30,16671
2020-03-14 18:35,16763
2020-03-14 18:40,16841
2020-03-14 18:45,16993
2020-03-14 18:50,17044
2020-03-14 18:55,17076
2020-03-14 19:00,17053
2020-03-14 19:05,17114
2020-03-14 19:10,17250
2020-03-14 19:15,17386
2020-03-14 19:20,17506
2020-03-14 19:25,17636
2020-03-14 19:30,17750
2020-03-14 19:35,17801
2020-03-14 19:40,17803
2020-03-14 19:45,17924
2020-03-14 19:50,17965
2020-03-14 19:55,18019
2020-03-14 20:00,18101
2020-03-14 20:05,18112
2020-03-14 20:10,18183
2020-03-14 20:15,18223
2020-03-14 20:20,18279
2020-03-14 20:25,18298
2020-03-14 20:30,18429
2020-03-14 20:35,18446
2020-03-14 20:40,18402
2020-03-14 20:45,18407
2020-03-14 20:50,18427
2020-03-14 20:55,18388
2020-03-14 21:00,18444
2020-03-14 21:05,18470
2020-03-14 21:10,18465
2020-03-14 21:15,18414
2020-03-14 21:20,18434
2020-03-14 21:25,18432
2020-03-14 21:30,18414
2020-03-14 21:35,18473
2020-03-14 21:40,18533
2020-03-14 21:45,18557
2020-03-14 21:50,18570
2020-03-14 21:55,18526
2020-03-14 22:00,18477
2020-03-14 22:05,18370
2020-03-14 22:10,18285
2020-03-14 22:15,18326
2020-03-14 22:20,18248
2020-03-14 22:25,18173
2020-03-14 22:30,18176
2020-03-14 22:35,18050
2020-03-14 22:40,17958
2020-03-14 22:45,17904
2020-03-14 22:50,17775
2020-03-14 22:55,17640
2020-03-14 23:00,17552
2020-03-14 23:05,17415
2020-03-14 23:10,17298
2020-03-14 23:15,17224
2020-03-14 23:20,17097
2020-03-14 23:25,16969
2020-03-14 23:30,16849
2020-03-14 23:35,16722
2020-03-14 23:40,16563
2020-03-14 23:45,16440
2020-03-14 23:50,16296
2020-03-14 23:55,16168
2020-03-15 00:00,16117
2020-03-15 00:05,15956
2020-03-15 00:10,15811
2020-03-15 00:15,15732
2020-03-15 00:20,15659
2020-03-15 00:25,15527
2020-03-15 00:30,15412
2020-03-15 00:35,15362
2020-03-15 00:40,15180
2020-03-15 00:45,15138
2020-03-15 00:50,15096
2020-03-15 00:55,15073
2020-03-15 01:00,14981
2020-03-15 01:05,14889
2020-03-15 01:10,14807
2020-03-15 01:15,14746
2020-03-15 01:20,14669
2020-03-15 01:25,14562
2020-03-15 01:30,14483
2020-03-15 01:35,14432
2020-03-15 01:40,14359
2020-03-15 01:45,14321
2020-03-15 01:50,14317
2020-03-15 01:55,14235
2020-03-15 02:00,14210
2020-03-15 02:05,14205
2020-03-15 02:10,14210
2020-03-15 02:15,14082
2020-03-15 02:20,14084
2020-03-15 02:25,14107
2020-03-15 02:30,14037
2020-03-15 02:35,14048
2020-03-15 02:40,14055
2020-03-15 02:45,13999
2020-03-15 02:50,14011
2020-03-15 02:55,13909
2020-03-15 03:00,13889
2020-03-15 03:05,13809
2020-03-15 03:10,13746
2020-03-15 03:15,13715
2020-03-15 03:20,13666
2020-03-15 03:25,13633
2020-03-15 03:30,13569
2020-03-15 03:35,13469
2020-03-15 03:40,13463
2020-03-15 03:45,13410
2020-03-15 03:50,13313
2020-03-15 03:55,13271
2020-03-15 04:00,13114
2020-03-15 04:05,13052
2020-03-15 04:10,12988
2020-03-15 04:15,12909
2020-03-15 04:20,12789
2020-03-15 04:25,12652
2020-03-15 04:30,12585
2020-03-15 04:35,12420
2020-03-15 04:40,12294
2020-03-15 04:45,12220
2020-03-15 04:50,12066
2020-03-15 04:55,11947
2020-03-15 05:00,11809
2020-03-15 05:05,11697
2020-03-15 05:10,11562
2020-03-15 05:15,11413
2020-03-15 05:20,11233
2020-03-15 05:25,11061
2020-03-15 05:30,10843
2020-03-15 05:35,10700
2020-03-15 05:40,10531
2020-03-15 05:45,10426
2020-03-15 05:50,10216
2020-03-15 05:55,9981
2020-03-15 06:00,9770
2020-03-15 06:05,9609
2020-03-15 06:10,9365
2020-03-15 06:15,9200
2020-03-15 06:20,9001
2020-03-15 06:25,8809
2020-03-15 06:30,8630
2020-03-15 06:35,8517
2020-03-15 06:40,8415
2020-03-15 06:45,8243
2020-03-15 06:50,8079
2020-03-15 06:55,7936
2020-03-15 07:00,7807
2020-03-15 07:05,7676
2020-03-15 07:10,7516
2020-03-15 07:15,7424
2020-03-15 07:20,7309
2020-03-15 07:25,7202
2020-03-15 07:30,7108
2020-03-15 07:35,6942
2020-03-15 07:40,6836
2020-03-15 07:45,6735
2020-03-15 07:50,6650
2020-03-15 07:55,6583
2020-03-15 08:00,6535
2020-03-15 08:05,6491
2020-03-15 08:10,6358
2020-03-15 08:15,6242
2020-03-15 08:20,6183
2020-03-15 08:25,6148
2020-03-15 08:30,6101
2020-03-15 08:35,6114
2020-03-15 08:40,6087
2020-03-15 08:45,6113
2020-03-15 08:50,6140
2020-03-15 08:55,6169
2020-03-15 09:00,6183
2020-03-15 09:05,6213
2020-03-15 09:10,6258
2020-03-15 09:15,6282
2020-03-15 09:20,6304
2020-03-15 09:25,6394
2020-03-15 09:30,6411
2020-03-15 09:35,6489
2020-03-15 09:40,6547
2020-03-15 09:45,6589
2020-03-15 09:50,6698
2020-03-15 09:55,6802
2020-03-15 10:00,6863
2020-03-15 10:05,6947
2020-03-15 10:10,7009
2020-03-15 10:15,7050
2020-03-15 10:20,7060
2020-03-15 10:25,7168
2020-03-15 10:30,7296
2020-03-15 10:35,7377
2020-03-15 10:40,7418
2020-03-15 10:45,7506
2020-03-15 10:50,7659
2020-03-15 10:55,7736
2020-03-15 11:00,7809
2020-03-15 11:05,7885
2020-03-15 11:10,7997
2020-03-15 11:15,8068
2020-03-15 11:20,8184
2020-03-15 11:25,8257
2020-03-15 11:30,8344
2020-03-15 11:35,8507
2020-03-15 11:40,8668
2020-03-15 11:45,8785
2020-03-15 11:50,8910
2020-03-15 11:55,9033
2020-03-15 12:00,9033
2020-03-15 12:05,9220
2020-03-15 12:10,9346
2020-03-15 12:15,9480
2020-03-15 12:20,9660
2020-03-15 12:25,9765
2020-03-15 12:30,9912
2020-03-15 12:35,10003
2020-03-15 12:40,10086
2020-03-15 12:45,10255
2020-03-15 12:50,10381
2020-03-15 12:55,10511
2020-03-15 13:00,10624
2020-03-15 13:05,10686
2020-03-15 13:10,10734
2020-03-15 13:15,10803
2020-03-15 13:20,10935
2020-03-15 13:25,11049
2020-03-15 13:30,11196
2020-03-15 13:35,11334
2020-03-15 13:40,11470
2020-03-15 13:45,11561
2020-03-15 13:50,11563
2020-03-15 13:55,11692
2020-03-15 14:00,11800
2020-03-15 14:05,11932
2020-03-15 14:10,12138
2020-03-15 14:15,12199
2020-03-15 14:20,12341
2020-03-15 14:25,12549
2020-03-15 14:30,12633
2020-03-15 14:35,12633
2020-03-15 14:40,12992
2020-03-15 14:45,13092
2020-03-15 14:50,13267
2020-03-15 14:55,13450
2020-03-15 15:00,13618
2020-03-15 15:05,13893
2020-03-15 15:10,14028
2020-03-15 15:15,14267
2020-03-15 15:20,14409
2020-03-15 15:25,14565
2020-03-15 15:30,14767
2020-03-15 15:35,14843
2020-03-15 15:40,14958
2020-03-15 15:45,15155
2020-03-15 15:50,15278
2020-03-15 15:55,15413
2020-03-15 16:00,15528
2020-03-15 16:05,15645
2020-03-15 16:10,15771
2020-03-15 16:15,15884
2020-03-15 16:20,16020
2020-03-15 16:25,16062
2020-03-15 16:30,16188
2020-03-15 16:35,16289
2020-03-15 16:40,16386
2020-03-15 16:45,16419
2020-03-15 16:50,16501
2020-03-15 16:55,16558
2020-03-15 17:00,16650
2020-03-15 17:05,16772
2020-03-15 17:10,16841
2020-03-15 17:15,16961
2020-03-15 17:20,16944
2020-03-15 17:25,17113
2020-03-15 17:30,17240
2020-03-15 17:35,17380
2020-03-15 17:40,17431
2020-03-15 17:45,17564
2020-03-15 17:50,17643
2020-03-15 17:55,17754
2020-03-15 18:00,17914
2020-03-15 18:05,18069
2020-03-15 18:10,18119
2020-03-15 18:15,18292
2020-03-15 18:20,18497
2020-03-15 18:25,18575
2020-03-15 18:30,18648
2020-03-15 18:35,18694
2020-03-15 18:40,18750
2020-03-15 18:45,18841
2020-03-15 18:50,18951
2020-03-15 18:55,19001
2020-03-15 19:00,19045
2020-03-15 19:05,19153
2020-03-15 19:10,19190
2020-03-15 19:15,19319
2020-03-15 19:20,19446
2020-03-15 19:25,19474
2020-03-15 19:30,19580
2020-03-15 19:35,19580
2020-03-15 19:40,19771
2020-03-15 19:45,19850
2020-03-15 19:50,19866
2020-03-15 19:55,19926
2020-03-15 20:00,19956
2020-03-15 20:05,19934
2020-03-15 20:10,19930
2020-03-15 20:15,19894
2020-03-15 20:20,19941
2020-03-15 20:25,19838
2020-03-15 20:30,19784
2020-03-15 20:35,19782
2020-03-15 20:40,19814
2020-03-15 20:45,19847
2020-03-15 20:50,19793
2020-03-15 20:55,19801
2020-03-15 21:00,19739
2020-03-15 21:05,19731
2020-03-15 21:10,19744
2020-03-15 21:15,19784
2020-03-15 21:20,19735
2020-03-15 21:25,19661
2020-03-15 21:30,19580
2020-03-15 21:35,19499
2020-03-15 21:40,19471
2020-03-15 21:45,19393
2020-03-15 21:50,19329
2020-03-15 21:55,19187
2020-03-15 22:00,19142
2020-03-15 22:05,18997
2020-03-15 22:10,18902
2020-03-15 22:15,18803
2020-03-15 22:20,18682
2020-03-15 22:25,18540
2020-03-15 22:30,18493
2020-03-15 22:35,18431
2020-03-15 22:40,18411
2020-03-15 22:45,18295
2020-03-15 22:50,18078
2020-03-15 22:55,17897
2020-03-15 23:00,17708
2020-03-15 23:05,17549
2020-03-15 23:10,17482
2020-03-15 23:15,17411
2020-03-15 23:20,17299
2020-03-15 23:25,17126
2020-03-15 23:30,16933
2020-03-15 23:35,16912
2020-03-15 23:40,16781
2020-03-15 23:45,16711
2020-03-15 23:50,16635
2020-03-15 23:55,16460
2020-03-16 00:00,16328
2020-03-16 00:05,16202
2020-03-16 00:10,16162
2020-03-16 00:15,16126
2020-03-16 00:20,15977
2020-03-16 00:25,15923
2020-03-16 00:30,15907
2020-03-16 00:35,15854
2020-03-16 00:40,15796
2020-03-16 00:45,15698
2020-03-16 00:50,15609
2020-03-16 00:55,15556
2020-03-16 01:00,15445
2020-03-16 01:05,15376
2020-03-16 01:10,15276
2020-03-16 01:15,15243
2020-03-16 01:20,15202
2020-03-16 01:25,15165
2020-03-16 01:30,15176
2020-03-16 01:35,15184
2020-03-16 01:40,15093
2020-03-16 01:45,15016
2020-03-16 01:50,14876
2020-03-16 01:55,14876
2020-03-16 02:00,14757
2020-03-16 02:05,14617
2020-03-16 02:10,14559
2020-03-16 02:15,14580
2020-03-16 02:20,14503
2020-03-16 02:25,14487
2020-03-16 02:30,14461
2020-03-16 02:35,14411
2020-03-16 02:40,14411
2020-03-16 02:45,14299
2020-03-16 02:50,14235
2020-03-16 02:55,14069
2020-03-16 03:00,13989
2020-03-16 03:05,13867
2020-03-16 03:10,13755
2020-03-16 03:15,13595
2020-03-16 03:20,13504
2020-03-16 03:25,13396
2020-03-16 03:30,13281
2020-03-16 03:35,13180
2020-03-16 03:40,13069
2020-03-16 03:45,12904
2020-03-16 03:50,12823
2020-03-16 03:55,12723
2020-03-16 04:00,12504
2020-03-16 04:05,12349
2020-03-16 04:10,12187
2020-03-16 04:15,12046
2020-03-16 04:20,11876
2020-03-16 04:25,11766
2020-03-16 04:30,11636
2020-03-16 04:35,11535
2020-03-16 04:40,11412
2020-03-16 04:45,11260
2020-03-16 04:50,11067
2020-03-16 04:55,10924
2020-03-16 05:00,10722
2020-03-16 05:05,10524
2020-03-16 05:10,10420
2020-03-16 05:15,10195
2020-03-16 05:20,10024
2020-03-16 05:25,9848
2020-03-16 05:30,9621
2020-03-16 05:35,9461
2020-03-16 05:40,9266
2020-03-16 05:45,9266
2020-03-16 05:50,8908
2020-03-16 05:55,8765
2020-03-16 06:00,8609
2020-03-16 06:05,8463
2020-03-16 06:10,8287
2020-03-16 06:15,8077
2020-03-16 06:20,7907
2020-03-16 06:25,7704
2020-03-16 06:30,7551
2020-03-16 06:35,7365
2020-03-16 06:40,7272
2020-03-16 06:45,7153
2020-03-16 06:50,7001
2020-03-16 06:55,6912
2020-03-16 07:00,6822
2020-03-16 07:05,6709
2020-03-16 07:10,6625
2020-03-16 07:15,6545
2020-03-16 07:20,6461
2020-03-16 07:25,6342
2020-03-16 07:30,6226
2020-03-16 07:35,6226
2020-03-16 07:40,6094
2020-03-16 07:45,6016
2020-03-16 07:50,5943
2020-03-16 07:55,5863
2020-03-16 08:00,5796
2020-03-16 08:05,5743
2020-03-16 08:10,5636
2020-03-16 08:15,5590
2020-03-16 08:20,5582
2020-03-16 08:25,5539
2020-03-16 08:30,5539
2020-03-16 08:35,5524
2020-03-16 08:40,5498
2020-03-16 08:45,5496
2020-03-16 08:50,5470
2020-03-16 08:55,5473
2020-03-16 09:00,5406
2020-03-16 09:05,5406
2020-03-16 09:10,5372
2020-03-16 09:15,5349
2020-03-16 09:20,5416
2020-03-16 09:25,5416
2020-03-16 09:30,5444
2020-03-16 09:35,5518
2020-03-16 09:40,5518
2020-03-16 09:45,5574
2020-03-16 09:50,5574
2020-03-16 09:55,5623
2020-03-16 10:00,5711
2020-03-16 10:05,5711
2020-03-16 10:10,5875
2020-03-16 10:15,5889
2020-03-16 10:20,5931
2020-03-16 10:25,5931
2020-03-16 10:30,6028
2020-03-16 10:35,6129
2020-03-16 10:40,6235
2020-03-16 10:45,6235
2020-03-16 10:50,6286
2020-03-16 10:55,6378
2020-03-16 11:00,6506
2020-03-16 11:05,6619
2020-03-16 11:10,6689
2020-03-16 11:15,6689
2020-03-16 11:20,6715
2020-03-16 11:25,6780
2020-03-16 11:30,6878
2020-03-16 11:35,6984
2020-03-16 11:40,7008
2020-03-16 11:45,7078
2020-03-16 11:50,7173
2020-03-16 11:55,7239
2020-03-16 12:00,7310
2020-03-16 12:05,7521
2020-03-16 12:10,7521
2020-03-16 12:15,7614
2020-03-16 12:20,7662
2020-03-16 12:25,7769
2020-03-16 12:30,7855
2020-03-16 12:35,7901
2020-03-16 12:40,7950
2020-03-16 12:45,7975
2020-03-16 12:50,8048
2020-03-16 12:55,8099
2020-03-16 13:00,8235
2020-03-16 13:05,8235
2020-03-16 13:10,8303
2020-03-16 13:15,8409
2020-03-16 13:20,8491
2020-03-16 13:25,8623
2020-03-16 13:30,8684
2020-03-16 13:35,8705
2020-03-16 13:40,8872
2020-03-16 13:45,8973
2020-03-16 13:50,9045
2020-03-16 13:55,9182
2020-03-16 14:00,9244
2020-03-16 14:05,9354
2020-03-16 14:10,9519
2020-03-16 14:15,9641
2020-03-16 14:20,9807
2020-03-16 14:25,9948
2020-03-16 14:30,10133
2020-03-16 14:35,10297
2020-03-16 14:40,10443
2020-03-16 14:45,10576
2020-03-16 14:50,10720
2020-03-16 14:55,10865
2020-03-16 15:00,10965
2020-03-16 15:05,11054
2020-03-16 15:10,11175
2020-03-16 15:15,11320
2020-03-16 15:20,11433
2020-03-16 15:25,11644
2020-03-16 15:30,11811
2020-03-16 15:35,12002
2020-03-16 15:40,12266
2020-03-16 15:45,12423
2020-03-16 15:50,12547
2020-03-16 15:55,12687
2020-03-16 16:00,12861
2020-03-16 16:05,13019
2020-03-16 16:10,13170
2020-03-16 16:15,13318
2020-03-16 16:20,13432
2020-03-16 16:25,13485
2020-03-16 16:30,13535
2020-03-16 16:35,13698
2020-03-16 16:40,13865
2020-03-16 16:45,13970
2020-03-16 16:50,14118
2020-03-16 16:55,14292
2020-03-16 17:00,14419
2020-03-16 17:05,14510
2020-03-16 17:10,14607
2020-03-16 17:15,14786
2020-03-16 17:20,14974
2020-03-16 17:25,15091
2020-03-16 17:30,15181
2020-03-16 17:35,15262
2020-03-16 17:40,15378
2020-03-16 17:45,15585
2020-03-16 17:50,15725
2020-03-16 17:55,15901
2020-03-16 18:00,15997
2020-03-16 18:05,16168
2020-03-16 18:10,16292
2020-03-16 18:15,16381
2020-03-16 18:20,16538
2020-03-16 18:25,16687
2020-03-16 18:30,16771
2020-03-16 18:35,16920
2020-03-16 18:40,16957
2020-03-16 18:45,17066
2020-03-16 18:50,17165
2020-03-16 18:55,17214
2020-03-16 19:00,17387
2020-03-16 19:05,17441
2020-03-16 19:10,17570
2020-03-16 19:15,17540
2020-03-16 19:20,17696
2020-03-16 19:25,17808
2020-03-16 19:30,17877
2020-03-16 19:35,18041
2020-03-16 19:40,18132
2020-03-16 19:45,18391
2020-03-16 19:50,18505
2020-03-16 19:55,18513
2020-03-16 20:00,18525
2020-03-16 20:05,18506
2020-03-16 20:10,18546
2020-03-16 20:15,18528
2020-03-16 20:20,18462
2020-03-16 20:25,18495
2020-03-16 20:30,18455
2020-03-16 20:35,18545
2020-03-16 20:40,18532
2020-03-16 20:45,18591
2020-03-16 20:50,18653
2020-03-16 20:55,18606
2020-03-16 21:00,18527
2020-03-16 21:05,18606
2020-03-16 21:10,18598
2020-03-16 21:15,18525
2020-03-16 21:20,18510
2020-03-16 21:25,18433
2020-03-16 21:30,18241
2020-03-16 21:35,17930
2020-03-16 21:40,17765
2020-03-16 21:45,17493
2020-03-16 21:50,17351
2020-03-16 21:55,17266
2020-03-16 22:00,17326
2020-03-16 22:05,17259
2020-03-16 22:10,17214
2020-03-16 22:15,17224
2020-03-16 22:20,17207
2020-03-16 22:25,17294
2020-03-16 22:30,17348
2020-03-16 22:35,17340
2020-03-16 22:40,17423
2020-03-16 22:45,17385
2020-03-16 22:50,17405
2020-03-16 22:55,17474
2020-03-16 23:00,17365
2020-03-16 23:05,17299
2020-03-16 23:10,16938
2020-03-16 23:15,17135
2020-03-16 23:20,17135
2020-03-16 23:25,17079
2020-03-16 23:30,17020
2020-03-16 23:35,17001
2020-03-16 23:40,16992
2020-03-16 23:45,16937
2020-03-16 23:50,16855
2020-03-16 23:55,16810
2020-03-17 00:00,16715
2020-03-17 00:05,16641
2020-03-17 00:10,16580
2020-03-17 00:15,16612
2020-03-17 00:20,16578
2020-03-17 00:25,16530
2020-03-17 00:30,16492
2020-03-17 00:35,16508
2020-03-17 00:40,16523
2020-03-17 00:45,16436
2020-03-17 00:50,16414
2020-03-17 00:55,16382
2020-03-17 01:00,16286
2020-03-17 01:05,16155
2020-03-17 01:10,16129
2020-03-17 01:15,16083
2020-03-17 01:20,16045
2020-03-17 01:25,16043
2020-03-17 01:30,15952
2020-03-17 01:35,15953
2020-03-17 01:40,15959
2020-03-17 01:45,15895
2020-03-17 01:50,15777
2020-03-17 01:55,15687
2020-03-17 02:00,15647
2020-03-17 02:05,15614
2020-03-17 02:10,15565
2020-03-17 02:15,15498
2020-03-17 02:20,15416
2020-03-17 02:25,15423
2020-03-17 02:30,15300
2020-03-17 02:35,15204
2020-03-17 02:40,15061
2020-03-17 02:45,14943
2020-03-17 02:50,14830
2020-03-17 02:55,14709
2020-03-17 03:00,14541
2020-03-17 03:05,14316
2020-03-17 03:10,14218
2020-03-17 03:15,14042
2020-03-17 03:20,13948
2020-03-17 03:25,13823
2020-03-17 03:30,13690
2020-03-17 03:35,13560
2020-03-17 03:40,13491
2020-03-17 03:45,13294
2020-03-17 03:50,13202
2020-03-17 03:55,13031
2020-03-17 04:00,12932
2020-03-17 04:05,12766
2020-03-17 04:10,12500
2020-03-17 04:15,12300
2020-03-17 04:20,12182
2020-03-17 04:25,11996
2020-03-17 04:30,11800
2020-03-17 04:35,11609
2020-03-17 04:40,11486
2020-03-17 04:45,11341
2020-03-17 04:50,11096
2020-03-17 04:55,10900
2020-03-17 05:00,10686
2020-03-17 05:05,10463
2020-03-17 05:10,10231
2020-03-17 05:15,10035
2020-03-17 05:20,9864
2020-03-17 05:25,9629
2020-03-17 05:30,9472
2020-03-17 05:35,9252
2020-03-17 05:40,9103
2020-03-17 05:45,8945
2020-03-17 05:50,8820
2020-03-17 05:55,8646
2020-03-17 06:00,8490
2020-03-17 06:05,8351
2020-03-17 06:10,8229
2020-03-17 06:15,8089
2020-03-17 06:20,7932
2020-03-17 06:25,7789
2020-03-17 06:30,7673
2020-03-17 06:35,7537
2020-03-17 06:40,7412
2020-03-17 06:45,7275
2020-03-17 06:50,7127
2020-03-17 06:55,6954
2020-03-17 07:00,6823
2020-03-17 07:05,6693
2020-03-17 07:10,6537
2020-03-17 07:15,6404
2020-03-17 07:20,6321
2020-03-17 07:25,6197
2020-03-17 07:30,6167
2020-03-17 07:35,6059
2020-03-17 07:40,5993
2020-03-17 07:45,5970
2020-03-17 07:50,5857
2020-03-17 07:55,5834
2020-03-17 08:00,5775
2020-03-17 08:05,5716
2020-03-17 08:10,5694
2020-03-17 08:15,5628
2020-03-17 08:20,5506
2020-03-17 08:25,5593
2020-03-17 08:30,5562
2020-03-17 08:35,5464
2020-03-17 08:40,5448
2020-03-17 08:45,5405
2020-03-17 08:50,5386
2020-03-17 08:55,5389
2020-03-17 09:00,5326
2020-03-17 09:05,5342
2020-03-17 09:10,5321
2020-03-17 09:15,5320
2020-03-17 09:20,5352
2020-03-17 09:25,5368
2020-03-17 09:30,5432
2020-03-17 09:35,5466
2020-03-17 09:40,5531
2020-03-17 09:45,5608
2020-03-17 09:50,5649
2020-03-17 09:55,5708
2020-03-17 10:00,5755
2020-03-17 10:05,5825
2020-03-17 10:10,5901
2020-03-17 10:15,5974
2020-03-17 10:20,5987
2020-03-17 10:25,6005
2020-03-17 10:30,6062
2020-03-17 10:35,6137
2020-03-17 10:40,6220
2020-03-17 10:45,6299
2020-03-17 10:50,6309
2020-03-17 10:55,6362
2020-03-17 11:00,6419
2020-03-17 11:05,6472
2020-03-17 11:10,6530
2020-03-17 11:15,6611
2020-03-17 11:20,6745
2020-03-17 11:25,6815
2020-03-17 11:30,6933
2020-03-17 11:35,7040
2020-03-17 11:40,7150
2020-03-17 11:45,7196
2020-03-17 11:50,7312
2020-03-17 11:55,7370
2020-03-17 12:00,7447
2020-03-17 12:05,7550
2020-03-17 12:10,7646
2020-03-17 12:15,7733
2020-03-17 12:20,7834
2020-03-17 12:25,7984
2020-03-17 12:30,8084
2020-03-17 12:35,8229
2020-03-17 12:40,8394
2020-03-17 12:45,8499
2020-03-17 12:50,8586
2020-03-17 12:55,8681
2020-03-17 13:00,8770
2020-03-17 13:05,8797
2020-03-17 13:10,8837
2020-03-17 13:15,9005
2020-03-17 13:20,9070
2020-03-17 13:25,9227
2020-03-17 13:30,9365
2020-03-17 13:35,9407
2020-03-17 13:40,9543
2020-03-17 13:45,9680
2020-03-17 13:50,9817
2020-03-17 13:55,9986
2020-03-17 14:00,10088
2020-03-17 14:05,10142
2020-03-17 14:10,10274
2020-03-17 14:15,10385
2020-03-17 14:20,10558
2020-03-17 14:25,10753
2020-03-17 14:30,10879
2020-03-17 14:35,11053
2020-03-17 14:40,11191
2020-03-17 14:45,11338
2020-03-17 14:50,11455
2020-03-17 14:55,11585
2020-03-17 15:00,11695
2020-03-17 15:05,11893
2020-03-17 15:10,12079
2020-03-17 15:15,12192
2020-03-17 15:20,12386
2020-03-17 15:25,12478
2020-03-17 15:30,12687
2020-03-17 15:35,12870
2020-03-17 15:40,13008
2020-03-17 15:45,13125
2020-03-17 15:50,13231
2020-03-17 15:55,13371
2020-03-17 16:00,13457
2020-03-17 16:05,13498
2020-03-17 16:10,13589
2020-03-17 16:15,13663
2020-03-17 16:20,13871
2020-03-17 16:25,13947
2020-03-17 16:30,
2020-03-17 16:35,14288
2020-03-17 16:40,14540
2020-03-17 16:45,14685
2020-03-17 16:50,14752
2020-03-17 16:55,14821
2020-03-17 17:00,14991
2020-03-17 17:05,15146
2020-03-17 17:10,15314
2020-03-17 17:15,15469
2020-03-17 17:20,15688
2020-03-17 17:25,15821
2020-03-17 17:30,15950
2020-03-17 17:35,16124
2020-03-17 17:40,16325
2020-03-17 17:45,16390
2020-03-17 17:50,16478
2020-03-17 17:55,16641
2020-03-17 18:00,16765
2020-03-17 18:05,16756
2020-03-17 18:10,17011
2020-03-17 18:15,17135
2020-03-17 18:20,17334
2020-03-17 18:25,17509
2020-03-17 18:30,17670
2020-03-17 18:35,17755
2020-03-17 18:40,17815
2020-03-17 18:45,17899
2020-03-17 18:50,18041
2020-03-17 18:55,18135
2020-03-17 19:00,18209
2020-03-17 19:05,18362
2020-03-17 19:10,18585
2020-03-17 19:15,18646
2020-03-17 19:20,18741
2020-03-17 19:25,18815
2020-03-17 19:30,18904
2020-03-17 19:35,18942
2020-03-17 19:40,19009
2020-03-17 19:45,19129
2020-03-17 19:50,19112
2020-03-17 19:55,19102
2020-03-17 20:00,19214
2020-03-17 20:05,19247
2020-03-17 20:10,19287
2020-03-17 20:15,19383
2020-03-17 20:20,19466
2020-03-17 20:25,19546
2020-03-17 20:30,19616
2020-03-17 20:35,19622
2020-03-17 20:40,19595
2020-03-17 20:45,19579
2020-03-17 20:50,19617
2020-03-17 20:55,19634
2020-03-17 21:00,19640
2020-03-17 21:05,19600
2020-03-17 21:10,19668
2020-03-17 21:15,19685
2020-03-17 21:20,19667
2020-03-17 21:25,19652
2020-03-17 21:30,19636
2020-03-17 21:35,19682
2020-03-17 21:40,19557
2020-03-17 21:45,19576
2020-03-17 21:50,19570
2020-03-17 21:55,19512
2020-03-17 22:00,19443
2020-03-17 22:05,19334
2020-03-17 22:10,19263
2020-03-17 22:15,19120
2020-03-17 22:20,18980
2020-03-17 22:25,18856
2020-03-17 22:30,18796
2020-03-17 22:35,18678
2020-03-17 22:40,18541
2020-03-17 22:45,18510
2020-03-17 22:50,18394
2020-03-17 22:55,18306
2020-03-17 23:00,18235
2020-03-17 23:05,18208
2020-03-17 23:10,18089
2020-03-17 23:15,
2020-03-17 23:20,0
2020-03-17 23:25,0
2020-03-17 23:30,14753
2020-03-17 23:35,16997
2020-03-17 23:40,17298
2020-03-17 23:45,17333
2020-03-17 23:50,17324
2020-03-17 23:55,17268
2020-03-18 00:00,17085
2020-03-18 00:05,17025
2020-03-18 00:10,17019
2020-03-18 00:15,16945
2020-03-18 00:20,16951
2020-03-18 00:25,16943
2020-03-18 00:30,0
2020-03-18 00:35,16707
2020-03-18 00:40,16630
2020-03-18 00:45,16618
2020-03-18 00:50,16555
2020-03-18 00:55,16503
2020-03-18 01:00,16459
2020-03-18 01:05,16356
2020-03-18 01:10,16432
2020-03-18 01:15,16454
2020-03-18 01:20,16485
2020-03-18 01:25,16393
2020-03-18 01:30,16279
2020-03-18 01:35,16061
2020-03-18 01:40,15217
2020-03-18 01:45,14547
2020-03-18 01:50,14201
2020-03-18 01:55,14037
2020-03-18 02:00,14108
2020-03-18 02:05,14180
2020-03-18 02:10,14333
2020-03-18 02:15,14695
2020-03-18 02:20,14886
2020-03-18 02:25,14929
2020-03-18 02:30,15023
2020-03-18 02:35,15141
2020-03-18 02:40,15194
2020-03-18 02:45,15254
2020-03-18 02:50,15213
2020-03-18 02:55,15180
2020-03-18 03:00,15167
2020-03-18 03:05,15016
2020-03-18 03:10,14937
2020-03-18 03:15,14689
2020-03-18 03:20,14545
2020-03-18 03:25,14404
2020-03-18 03:30,14282
2020-03-18 03:35,14191
2020-03-18 03:40,14036
2020-03-18 03:45,13878
2020-03-18 03:50,13685
2020-03-18 03:55,13589
2020-03-18 04:00,13386
2020-03-18 04:05,13289
2020-03-18 04:10,13245
2020-03-18 04:15,13223
2020-03-18 04:20,13054
2020-03-18 04:25,12857
2020-03-18 04:30,12716
2020-03-18 04:35,12518
2020-03-18 04:40,12383
2020-03-18 04:45,12227
2020-03-18 04:50,12006
2020-03-18 04:55,11845
2020-03-18 05:00,11572
2020-03-18 05:05,11358
2020-03-18 05:10,11178
2020-03-18 05:15,11008
2020-03-18 05:20,10814
2020-03-18 05:25,10660
2020-03-18 05:30,10471
2020-03-18 05:35,10284
2020-03-18 05:40,10112
2020-03-18 05:45,9893
2020-03-18 05:50,9680
2020-03-18 05:55,9486
2020-03-18 06:00,9343
2020-03-18 06:05,9126
2020-03-18 06:10,8919
2020-03-18 06:15,8723
2020-03-18 06:20,8535
2020-03-18 06:25,8349
2020-03-18 06:30,8191
2020-03-18 06:35,8016
2020-03-18 06:40,7851
2020-03-18 06:45,7630
2020-03-18 06:50,7511
2020-03-18 06:55,7329
2020-03-18 07:00,7170
2020-03-18 07:05,7019
2020-03-18 07:10,6933
2020-03-18 07:15,6820
2020-03-18 07:20,6705
2020-03-18 07:25,6574
2020-03-18 07:30,6502
2020-03-18 07:35,6436
2020-03-18 07:40,6337
2020-03-18 07:45,6184
2020-03-18 07:50,6137
2020-03-18 07:55,6084
2020-03-18 08:00,5964
2020-03-18 08:05,5861
2020-03-18 08:10,5795
2020-03-18 08:15,5693
2020-03-18 08:20,5674
2020-03-18 08:25,5658
2020-03-18 08:30,5585
2020-03-18 08:35,5541
2020-03-18 08:40,5540
2020-03-18 08:45,5552
2020-03-18 08:50,5546
2020-03-18 08:55,5502
2020-03-18 09:00,5502
2020-03-18 09:05,5577
2020-03-18 09:10,5635
2020-03-18 09:15,5634
2020-03-18 09:20,5651
2020-03-18 09:25,5683
2020-03-18 09:30,5718
2020-03-18 09:35,5750
2020-03-18 09:40,5786
2020-03-18 09:45,5798
2020-03-18 09:50,5854
2020-03-18 09:55,5899
2020-03-18 10:00,5985
2020-03-18 10:05,6041
2020-03-18 10:10,6079
2020-03-18 10:15,6170
2020-03-18 10:20,6214
2020-03-18 10:25,6268
2020-03-18 10:30,6389
2020-03-18 10:35,6437
2020-03-18 10:40,6506
2020-03-18 10:45,6605
2020-03-18 10:50,6652
2020-03-18 10:55,6752
2020-03-18 11:00,6750
2020-03-18 11:05,6816
2020-03-18 11:10,6851
2020-03-18 11:15,6889
2020-03-18 11:20,6983
2020-03-18 11:25,6983
2020-03-18 11:30,7014
2020-03-18 11:35,7121
2020-03-18 11:40,7242
2020-03-18 11:45,7365
2020-03-18 11:50,7434
2020-03-18 11:55,7516
2020-03-18 12:00,7540
2020-03-18 12:05,7640
2020-03-18 12:10,7756
2020-03-18 12:15,7857
2020-03-18 12:20,7931
2020-03-18 12:25,8050
2020-03-18 12:30,8181
2020-03-18 12:35,8295
2020-03-18 12:40,8378
2020-03-18 12:45,8471
2020-03-18 12:50,8559
2020-03-18 12:55,8634
2020-03-18 13:00,8698
2020-03-18 13:05,8751
2020-03-18 13:10,8824
2020-03-18 13:15,8944
2020-03-18 13:20,9097
2020-03-18 13:25,9162
2020-03-18 13:30,9325
2020-03-18 13:35,9427
2020-03-18 13:40,9576
2020-03-18 13:45,9660
2020-03-18 13:50,9752
2020-03-18 13:55,9819
2020-03-18 14:00,9900
2020-03-18 14:05,10044
2020-03-18 14:10,10200
2020-03-18 14:15,10303
2020-03-18 14:20,10453
2020-03-18 14:25,10648
2020-03-18 14:30,10798
2020-03-18 14:35,10883
2020-03-18 14:40,11058
2020-03-18 14:45,11165
2020-03-18 14:50,11305
2020-03-18 14:55,11435
2020-03-18 15:00,11602
2020-03-18 15:05,11725
2020-03-18 15:10,11859
2020-03-18 15:15,11970
2020-03-18 15:20,12167
2020-03-18 15:25,12267
2020-03-18 15:30,12375
2020-03-18 15:35,12568
2020-03-18 15:40,12691
2020-03-18 15:45,12793
2020-03-18 15:50,12979
2020-03-18 15:55,13064
2020-03-18 16:00,13180
2020-03-18 16:05,13257
2020-03-18 16:10,13384
2020-03-18 16:15,13520
2020-03-18 16:20,13732
2020-03-18 16:25,13852
2020-03-18 16:30,14045
2020-03-18 16:35,14173
2020-03-18 16:40,14328
2020-03-18 16:45,14515
2020-03-18 16:50,14666
2020-03-18 16:55,14778
2020-03-18 17:00,14939
2020-03-18 17:05,15077
2020-03-18 17:10,15257
2020-03-18 17:15,15339
2020-03-18 17:20,15419
2020-03-18 17:25,15604
2020-03-18 17:30,15832
2020-03-18 17:35,15917
2020-03-18 17:40,16157
2020-03-18 17:45,16284
2020-03-18 17:50,16393
2020-03-18 17:55,16567
2020-03-18 18:00,16771
2020-03-18 18:05,16856
2020-03-18 18:10,16711
2020-03-18 18:15,16511
2020-03-18 18:20,16604
2020-03-18 18:25,16747
2020-03-18 18:30,16880
2020-03-18 18:35,17081
2020-03-18 18:40,17264
2020-03-18 18:45,17395
2020-03-18 18:50,17551
2020-03-18 18:55,17621
2020-03-18 19:00,17735
2020-03-18 19:05,17806
2020-03-18 19:10,17973
2020-03-18 19:15,18147
2020-03-18 19:20,18288
2020-03-18 19:25,18450
2020-03-18 19:30,18636
2020-03-18 19:35,18716
2020-03-18 19:40,18672
2020-03-18 19:45,18711
2020-03-18 19:50,18770
2020-03-18 19:55,18844
2020-03-18 20:00,18946
2020-03-18 20:05,19124
2020-03-18 20:10,19264
2020-03-18 20:15,19326
2020-03-18 20:20,19439
2020-03-18 20:25,19508
2020-03-18 20:30,19526
2020-03-18 20:35,19582
2020-03-18 20:40,19723
2020-03-18 20:45,19767
2020-03-18 20:50,19771
2020-03-18 20:55,19838
2020-03-18 21:00,19779
2020-03-18 21:05,19781
2020-03-18 21:10,19857
2020-03-18 21:15,19917
2020-03-18 21:20,19932
2020-03-18 21:25,19929
2020-03-18 21:30,19929
2020-03-18 21:35,19954
2020-03-18 21:40,19868
2020-03-18 21:45,19719
2020-03-18 21:50,19725
2020-03-18 21:55,19645
2020-03-18 22:00,19611
2020-03-18 22:05,19534
2020-03-18 22:10,19013
2020-03-18 22:15,16874
2020-03-18 22:20,15900
2020-03-18 22:25,15535
2020-03-18 22:30,15775
2020-03-18 22:35,16027
2020-03-18 22:40,16111
2020-03-18 22:45,16292
2020-03-18 22:50,16533
2020-03-18 22:55,16801
2020-03-18 23:00,16814
2020-03-18 23:05,16924
2020-03-18 23:10,17015
2020-03-18 23:15,17156
2020-03-18 23:20,17156
2020-03-18 23:25,17213
2020-03-18 23:30,17242
2020-03-18 23:35,17248
2020-03-18 23:40,17238
2020-03-18 23:45,17274
2020-03-18 23:50,17227
2020-03-18 23:55,17200
2020-03-19 00:00,17138
2020-03-19 00:05,17052
2020-03-19 00:10,16993
2020-03-19 00:15,16940
2020-03-19 00:20,16944
2020-03-19 00:25,16951
2020-03-19 00:30,16935
2020-03-19 00:35,16935
2020-03-19 00:40,16882
2020-03-19 00:45,16972
2020-03-19 00:50,16972
2020-03-19 00:55,16886
2020-03-19 01:00,16871
2020-03-19 01:05,16798
2020-03-19 01:10,16733
2020-03-19 01:15,16733
2020-03-19 01:20,15342
2020-03-19 01:25,14812
2020-03-19 01:30,14557
2020-03-19 01:35,14416
2020-03-19 01:40,14560
2020-03-19 01:45,14626
2020-03-19 01:50,14673
2020-03-19 01:55,14673
2020-03-19 02:00,14945
2020-03-19 02:05,15041
2020-03-19 02:10,15082
2020-03-19 02:15,15174
2020-03-19 02:20,15251
2020-03-19 02:25,15244
2020-03-19 02:30,15244
2020-03-19 02:35,15285
2020-03-19 02:40,15215
2020-03-19 02:45,15152
2020-03-19 02:50,14986
2020-03-19 02:55,14336
2020-03-19 03:00,13281
2020-03-19 03:05,12626
2020-03-19 03:10,12141
2020-03-19 03:15,12091
2020-03-19 03:20,12066
2020-03-19 03:25,12129
2020-03-19 03:30,12230
2020-03-19 03:35,12230
2020-03-19 03:40,12352
2020-03-19 03:45,12354
2020-03-19 03:50,12345
2020-03-19 03:55,12475
2020-03-19 04:00,12423
2020-03-19 04:05,12422
2020-03-19 04:10,12381
2020-03-19 04:15,12359
2020-03-19 04:20,12270
2020-03-19 04:25,12205
2020-03-19 04:30,12089
2020-03-19 04:35,12089
2020-03-19 04:40,12013
2020-03-19 04:45,11777
2020-03-19 04:50,11777
2020-03-19 04:55,11664
2020-03-19 05:00,11258
2020-03-19 05:05,11258
2020-03-19 05:10,10952
2020-03-19 05:15,10768
2020-03-19 05:20,10610
2020-03-19 05:25,10402
2020-03-19 05:30,10402
2020-03-19 05:35,10016
2020-03-19 05:40,9792
2020-03-19 05:45,9792
2020-03-19 05:50,9502
2020-03-19 05:55,9502
2020-03-19 06:00,9085
2020-03-19 06:05,9085
2020-03-19 06:10,8858
2020-03-19 06:15,8570
2020-03-19 06:20,8570
2020-03-19 06:25,8426
2020-03-19 06:30,8259
2020-03-19 06:35,8135
2020-03-19 06:40,7722
2020-03-19 06:45,7591
2020-03-19 06:50,7451
2020-03-19 06:55,7451
2020-03-19 07:00,7218
2020-03-19 07:05,7218
2020-03-19 07:10,7056
2020-03-19 07:15,6915
2020-03-19 07:20,6730
2020-03-19 07:25,6511
2020-03-19 07:30,6511
2020-03-19 07:35,6439
2020-03-19 07:40,6413
2020-03-19 07:45,6301
2020-03-19 07:50,6258
2020-03-19 07:55,6161
2020-03-19 08:00,5993
2020-03-19 08:05,5993
2020-03-19 08:10,5886
2020-03-19 08:15,5790
2020-03-19 08:20,5713
2020-03-19 08:25,5675
2020-03-19 08:30,5609
2020-03-19 08:35,5556
2020-03-19 08:40,5523
2020-03-19 08:45,5561
2020-03-19 08:50,5496
2020-03-19 08:55,5483
2020-03-19 09:00,5496
2020-03-19 09:05,5512
2020-03-19 09:10,5556
2020-03-19 09:15,5546
2020-03-19 09:20,5582
2020-03-19 09:25,5582
2020-03-19 09:30,5586
2020-03-19 09:35,5598
2020-03-19 09:40,5635
2020-03-19 09:45,5688
2020-03-19 09:50,5702
2020-03-19 09:55,5835
2020-03-19 10:00,5835
2020-03-19 10:05,5926
2020-03-19 10:10,6048
2020-03-19 10:15,6119
2020-03-19 10:20,6249
2020-03-19 10:25,6249
2020-03-19 10:30,6265
2020-03-19 10:35,6429
2020-03-19 10:40,6429
2020-03-19 10:45,6498
2020-03-19 10:50,6542
2020-03-19 10:55,6571
2020-03-19 11:00,6752
2020-03-19 11:05,6752
2020-03-19 11:10,6836
2020-03-19 11:15,6939
2020-03-19 11:20,6973
2020-03-19 11:25,7053
2020-03-19 11:30,7137
2020-03-19 11:35,7163
2020-03-19 11:40,7215
2020-03-19 11:45,7302
2020-03-19 11:50,7413
2020-03-19 11:55,7461
2020-03-19 12:00,7675
2020-03-19 12:05,7675
2020-03-19 12:10,7793
2020-03-19 12:15,7929
2020-03-19 12:20,8041
2020-03-19 12:25,8178
2020-03-19 12:30,8292
2020-03-19 12:35,8460
2020-03-19 12:40,8570
2020-03-19 12:45,8675
2020-03-19 12:50,8735
2020-03-19 12:55,8808
2020-03-19 13:00,9062
2020-03-19 13:05,9062
2020-03-19 13:10,9206
2020-03-19 13:15,9267
2020-03-19 13:20,9314
2020-03-19 13:25,9357
2020-03-19 13:30,9401
2020-03-19 13:35,9476
2020-03-19 13:40,9582
2020-03-19 13:45,9742
2020-03-19 13:50,9932
2020-03-19 13:55,10042
2020-03-19 14:00,10177
2020-03-19 14:05,10224
2020-03-19 14:10,10371
2020-03-19 14:15,10519
2020-03-19 14:20,10659
2020-03-19 14:25,10806
2020-03-19 14:30,10981
2020-03-19 14:35,10981
2020-03-19 14:40,11151
2020-03-19 14:45,11326
2020-03-19 14:50,11479
2020-03-19 14:55,11635
2020-03-19 15:00,11868
2020-03-19 15:05,12052
2020-03-19 15:10,12222
2020-03-19 15:15,12285
2020-03-19 15:20,12408
2020-03-19 15:25,12556
2020-03-19 15:30,12692
2020-03-19 15:35,12797
2020-03-19 15:40,12961
2020-03-19 15:45,13216
2020-03-19 15:50,13365
2020-03-19 15:55,13500
2020-03-19 16:00,13593
2020-03-19 16:05,13729
2020-03-19 16:10,13841
2020-03-19 16:15,13890
2020-03-19 16:20,14009
2020-03-19 16:25,14157
2020-03-19 16:30,14353
2020-03-19 16:35,14482
2020-03-19 16:40,14673
2020-03-19 16:45,14814
2020-03-19 16:50,14979
2020-03-19 16:55,15128
2020-03-19 17:00,15215
2020-03-19 17:05,15343
2020-03-19 17:10,15459
2020-03-19 17:15,15672
2020-03-19 17:20,15809
2020-03-19 17:25,15993
2020-03-19 17:30,16092
2020-03-19 17:35,16157
2020-03-19 17:40,16362
2020-03-19 17:45,16522
2020-03-19 17:50,16634
2020-03-19 17:55,16811
2020-03-19 18:00,16913
2020-03-19 18:05,17049
2020-03-19 18:10,17255
2020-03-19 18:15,17301
2020-03-19 18:20,17341
2020-03-19 18:25,17572
2020-03-19 18:30,17708
2020-03-19 18:35,17938
2020-03-19 18:40,18091
2020-03-19 18:45,18253
2020-03-19 18:50,18302
2020-03-19 18:55,18474
2020-03-19 19:00,18686
2020-03-19 19:05,18860
2020-03-19 19:10,18860
2020-03-19 19:15,18980
2020-03-19 19:20,19143
2020-03-19 19:25,19224
2020-03-19 19:30,19344
2020-03-19 19:35,19397
2020-03-19 19:40,19506
2020-03-19 19:45,19499
2020-03-19 19:50,19569
2020-03-19 19:55,19618
2020-03-19 20:00,19803
2020-03-19 20:05,19766
2020-03-19 20:10,19810
2020-03-19 20:15,19857
2020-03-19 20:20,19912
2020-03-19 20:25,19982
2020-03-19 20:30,19997
2020-03-19 20:35,19980
2020-03-19 20:40,19993
2020-03-19 20:45,20056
2020-03-19 20:50,20065
2020-03-19 20:55,20071
2020-03-19 21:00,20086
2020-03-19 21:05,20119
2020-03-19 21:10,20134
2020-03-19 21:15,20077
2020-03-19 21:20,20059
2020-03-19 21:25,20094
2020-03-19 21:30,20049
2020-03-19 21:35,20012
2020-03-19 21:40,20083
2020-03-19 21:45,20085
2020-03-19 21:50,20092
2020-03-19 21:55,20034
2020-03-19 22:00,19966
2020-03-19 22:05,19950
2020-03-19 22:10,19731
2020-03-19 22:15,19664
2020-03-19 22:20,19662
2020-03-19 22:25,19648
2020-03-19 22:30,19629
2020-03-19 22:35,19572
2020-03-19 22:40,19554
2020-03-19 22:45,19476
2020-03-19 22:50,19400
2020-03-19 22:55,19243
2020-03-19 23:00,19164
2020-03-19 23:05,19080
2020-03-19 23:10,19006
2020-03-19 23:15,18835
2020-03-19 23:20,18698
2020-03-19 23:25,18650
2020-03-19 23:30,18491
2020-03-19 23:35,18353
2020-03-19 23:40,18271
2020-03-19 23:45,18177
2020-03-19 23:50,18098
2020-03-19 23:55,17939
2020-03-20 00:00,17876
2020-03-20 00:05,17858
2020-03-20 00:10,17678
2020-03-20 00:15,17644
2020-03-20 00:20,17540
2020-03-20 00:25,17494
2020-03-20 00:30,17454
2020-03-20 00:35,17379
2020-03-20 00:40,17330
2020-03-20 00:45,17322
2020-03-20 00:50,17227
2020-03-20 00:55,17209
2020-03-20 01:00,17231
2020-03-20 01:05,17222
2020-03-20 01:10,17163
2020-03-20 01:15,17218
2020-03-20 01:20,17245
2020-03-20 01:25,17150
2020-03-20 01:30,17051
2020-03-20 01:35,17083
2020-03-20 01:40,17079
2020-03-20 01:45,17132
2020-03-20 01:50,17061
2020-03-20 01:55,16987
2020-03-20 02:00,16788
2020-03-20 02:05,16385
2020-03-20 02:10,14850
2020-03-20 02:15,14563
2020-03-20 02:20,14313
2020-03-20 02:25,14298
2020-03-20 02:30,14306
2020-03-20 02:35,14380
2020-03-20 02:40,14478
2020-03-20 02:45,14589
2020-03-20 02:50,14641
2020-03-20 02:55,14715
2020-03-20 03:00,14707
2020-03-20 03:05,14659
2020-03-20 03:10,14659
2020-03-20 03:15,14618
2020-03-20 03:20,14593
2020-03-20 03:25,14488
2020-03-20 03:30,14402
2020-03-20 03:35,14377
2020-03-20 03:40,14297
2020-03-20 03:45,14206
2020-03-20 03:50,14077
2020-03-20 03:55,13966
2020-03-20 04:00,13838
2020-03-20 04:05,13657
2020-03-20 04:10,13494
2020-03-20 04:15,13269
2020-03-20 04:20,13124
2020-03-20 04:25,12984
2020-03-20 04:30,12863
2020-03-20 04:35,12697
2020-03-20 04:40,12469
2020-03-20 04:45,12314
2020-03-20 04:50,12138
2020-03-20 04:55,11943
2020-03-20 05:00,11760
2020-03-20 05:05,11599
2020-03-20 05:10,11445
2020-03-20 05:15,11316
2020-03-20 05:20,11104
2020-03-20 05:25,10934
2020-03-20 05:30,10690
2020-03-20 05:35,10570
2020-03-20 05:40,10384
2020-03-20 05:45,10208
2020-03-20 05:50,9992
2020-03-20 05:55,9826
2020-03-20 06:00,9594
2020-03-20 06:05,9430
2020-03-20 06:10,9274
2020-03-20 06:15,9074
2020-03-20 06:20,8905
2020-03-20 06:25,8771
2020-03-20 06:30,8574
2020-03-20 06:35,8373
2020-03-20 06:40,8203
2020-03-20 06:45,7964
2020-03-20 06:50,7904
2020-03-20 06:55,7725
2020-03-20 07:00,7607
2020-03-20 07:05,7438
2020-03-20 07:10,7237
2020-03-20 07:15,7138
2020-03-20 07:20,6988
2020-03-20 07:25,6895
2020-03-20 07:30,6724
2020-03-20 07:35,6662
2020-03-20 07:40,6562
2020-03-20 07:45,6471
2020-03-20 07:50,6386
2020-03-20 07:55,6315
2020-03-20 08:00,6284
2020-03-20 08:05,6197
2020-03-20 08:10,6113
2020-03-20 08:15,6011
2020-03-20 08:20,5953
2020-03-20 08:25,5900
2020-03-20 08:30,5847
2020-03-20 08:35,5815
2020-03-20 08:40,5803
2020-03-20 08:45,5762
2020-03-20 08:50,5732
2020-03-20 08:55,5708
2020-03-20 09:00,5698
2020-03-20 09:05,5693
2020-03-20 09:10,5678
2020-03-20 09:15,5676
2020-03-20 09:20,5709
2020-03-20 09:25,5776
2020-03-20 09:30,5825
2020-03-20 09:35,5780
2020-03-20 09:40,5807
2020-03-20 09:45,5837
2020-03-20 09:50,5833
2020-03-20 09:55,5876
2020-03-20 10:00,5914
2020-03-20 10:05,5947
2020-03-20 10:10,5974
2020-03-20 10:15,6002
2020-03-20 10:20,6018
2020-03-20 10:25,6119
2020-03-20 10:30,6230
2020-03-20 10:35,6249
2020-03-20 10:40,6306
2020-03-20 10:45,6392
2020-03-20 10:50,6484
2020-03-20 10:55,6566
2020-03-20 11:00,6649
2020-03-20 11:05,6753
2020-03-20 11:10,6830
2020-03-20 11:15,6908
2020-03-20 11:20,6920
2020-03-20 11:25,7032
2020-03-20 11:30,7093
2020-03-20 11:35,7192
2020-03-20 11:40,7273
2020-03-20 11:45,7341
2020-03-20 11:50,7456
2020-03-20 11:55,7624
2020-03-20 12:00,7684
2020-03-20 12:05,7791
2020-03-20 12:10,7839
2020-03-20 12:15,7971
2020-03-20 12:20,8070
2020-03-20 12:25,8248
2020-03-20 12:30,8355
2020-03-20 12:35,8469
2020-03-20 12:40,8620
2020-03-20 12:45,8751
2020-03-20 12:50,8831
2020-03-20 12:55,8881
2020-03-20 13:00,8969
2020-03-20 13:05,9087
2020-03-20 13:10,9214
2020-03-20 13:15,9352
2020-03-20 13:20,9439
2020-03-20 13:25,9432
2020-03-20 13:30,9585
2020-03-20 13:35,9684
2020-03-20 13:40,9822
2020-03-20 13:45,9961
2020-03-20 13:50,10099
2020-03-20 13:55,10246
2020-03-20 14:00,10420
2020-03-20 14:05,10468
2020-03-20 14:10,10618
2020-03-20 14:15,10714
2020-03-20 14:20,10872
2020-03-20 14:25,11038
2020-03-20 14:30,11155
2020-03-20 14:35,11306
2020-03-20 14:40,11443
2020-03-20 14:45,11636
2020-03-20 14:50,11812
2020-03-20 14:55,11960
2020-03-20 15:00,12157
2020-03-20 15:05,12279
2020-03-20 15:10,12451
2020-03-20 15:15,12530
2020-03-20 15:20,12638
2020-03-20 15:25,12791
2020-03-20 15:30,12863
2020-03-20 15:35,13027
2020-03-20 15:40,13149
2020-03-20 15:45,13225
2020-03-20 15:50,13364
2020-03-20 15:55,13588
2020-03-20 16:00,13744
2020-03-20 16:05,13832
2020-03-20 16:10,13966
2020-03-20 16:15,14078
2020-03-20 16:20,14177
2020-03-20 16:25,14247
2020-03-20 16:30,14346
2020-03-20 16:35,14546
2020-03-20 16:40,14739
2020-03-20 16:45,14927
2020-03-20 16:50,15107
2020-03-20 16:55,15225
2020-03-20 17:00,15312
2020-03-20 17:05,15518
2020-03-20 17:10,15640
2020-03-20 17:15,15844
2020-03-20 17:20,15995
2020-03-20 17:25,16125
2020-03-20 17:30,16320
2020-03-20 17:35,16409
2020-03-20 17:40,16479
2020-03-20 17:45,16665
2020-03-20 17:50,16792
2020-03-20 17:55,16947
2020-03-20 18:00,17108
2020-03-20 18:05,17239
2020-03-20 18:10,17378
2020-03-20 18:15,17517
2020-03-20 18:20,17667
2020-03-20 18:25,17833
2020-03-20 18:30,17954
2020-03-20 18:35,18108
2020-03-20 18:40,18186
2020-03-20 18:45,18334
2020-03-20 18:50,18383
2020-03-20 18:55,18358
2020-03-20 19:00,18436
2020-03-20 19:05,18563
2020-03-20 19:10,18699
2020-03-20 19:15,18776
2020-03-20 19:20,18884
2020-03-20 19:25,19137
2020-03-20 19:30,19196
2020-03-20 19:35,19253
2020-03-20 19:40,19387
2020-03-20 19:45,19481
2020-03-20 19:50,19581
2020-03-20 19:55,19576
2020-03-20 20:00,19626
2020-03-20 20:05,19630
2020-03-20 20:10,19721
2020-03-20 20:15,19840
2020-03-20 20:20,19953
2020-03-20 20:25,20002
2020-03-20 20:30,20183
2020-03-20 20:35,20197
2020-03-20 20:40,20340
2020-03-20 20:45,20376
2020-03-20 20:50,20320
2020-03-20 20:55,20396
2020-03-20 21:00,20483
2020-03-20 21:05,20440
2020-03-20 21:10,20536
2020-03-20 21:15,20638
2020-03-20 21:20,20746
2020-03-20 21:25,20721
2020-03-20 21:30,20640
2020-03-20 21:35,20754
2020-03-20 21:40,7939
2020-03-20 21:45,16669
2020-03-20 21:50,19728
2020-03-20 21:55,20409
2020-03-20 22:00,20661
2020-03-20 22:05,20682
2020-03-20 22:10,20687
2020-03-20 22:15,20676
2020-03-20 22:20,20616
2020-03-20 22:25,20578
2020-03-20 22:30,20451
2020-03-20 22:35,20384
2020-03-20 22:40,20284
2020-03-20 22:45,20207
2020-03-20 22:50,20168
2020-03-20 22:55,20081
2020-03-20 23:00,19998
2020-03-20 23:05,19896
2020-03-20 23:10,19850
2020-03-20 23:15,19707
2020-03-20 23:20,19655
2020-03-20 23:25,19625
2020-03-20 23:30,19505
2020-03-20 23:35,19370
2020-03-20 23:40,19276
2020-03-20 23:45,19199
2020-03-20 23:50,19147
2020-03-20 23:55,18950
2020-03-21 00:00,18720
2020-03-21 00:05,18447
2020-03-21 00:10,18496
2020-03-21 00:15,18399
2020-03-21 00:20,18303
2020-03-21 00:25,18281
2020-03-21 00:30,18187
2020-03-21 00:35,18127
2020-03-21 00:40,18006
2020-03-21 00:45,17287
2020-03-21 00:50,15397
2020-03-21 00:55,15004
2020-03-21 01:00,14959
2020-03-21 01:05,15168
2020-03-21 01:10,15363
2020-03-21 01:15,15507
2020-03-21 01:20,15601
2020-03-21 01:25,15655
2020-03-21 01:30,15759
2020-03-21 01:35,15812
2020-03-21 01:40,15957
2020-03-21 01:45,16022
2020-03-21 01:50,16104
2020-03-21 01:55,16154
2020-03-21 02:00,16239
2020-03-21 02:05,16311
2020-03-21 02:10,16316
2020-03-21 02:15,16386
2020-03-21 02:20,16390
2020-03-21 02:25,16355
2020-03-21 02:30,16385
2020-03-21 02:35,16458
2020-03-21 02:40,16475
2020-03-21 02:45,16423
2020-03-21 02:50,16367
2020-03-21 02:55,16425
2020-03-21 03:00,16339
2020-03-21 03:05,16297
2020-03-21 03:10,16353
2020-03-21 03:15,16306
2020-03-21 03:20,16275
2020-03-21 03:25,16182
2020-03-21 03:30,16067
2020-03-21 03:35,15922
2020-03-21 03:40,15796
2020-03-21 03:45,15734
2020-03-21 03:50,15643
2020-03-21 03:55,15572
2020-03-21 04:00,15384
2020-03-21 04:05,15207
2020-03-21 04:10,15093
2020-03-21 04:15,14917
2020-03-21 04:20,14783
2020-03-21 04:25,14644
2020-03-21 04:30,14561
2020-03-21 04:35,14482
2020-03-21 04:40,14357
2020-03-21 04:45,14228
2020-03-21 04:50,14066
2020-03-21 04:55,13854
2020-03-21 05:00,13672
2020-03-21 05:05,13466
2020-03-21 05:10,13313
2020-03-21 05:15,13126
2020-03-21 05:20,12852
2020-03-21 05:25,12652
2020-03-21 05:30,12469
2020-03-21 05:35,12257
2020-03-21 05:40,12050
2020-03-21 05:45,11812
2020-03-21 05:50,11628
2020-03-21 05:55,11483
2020-03-21 06:00,11293
2020-03-21 06:05,11044
2020-03-21 06:10,10850
2020-03-21 06:15,10626
2020-03-21 06:20,10428
2020-03-21 06:25,10229
2020-03-21 06:30,10049
2020-03-21 06:35,9863
2020-03-21 06:40,9667
2020-03-21 06:45,9476
2020-03-21 06:50,9318
2020-03-21 06:55,9164
2020-03-21 07:00,8922
2020-03-21 07:05,8797
2020-03-21 07:10,8646
2020-03-21 07:15,8473
2020-03-21 07:20,8312
2020-03-21 07:25,8140
2020-03-21 07:30,8047
2020-03-21 07:35,7907
2020-03-21 07:40,7744
2020-03-21 07:45,7644
2020-03-21 07:50,7510
2020-03-21 07:55,7408
2020-03-21 08:00,7240
2020-03-21 08:05,7135
2020-03-21 08:10,7023
2020-03-21 08:15,6985
2020-03-21 08:20,6895
2020-03-21 08:25,6878
2020-03-21 08:30,6781
2020-03-21 08:35,6728
2020-03-21 08:40,6721
2020-03-21 08:45,6640
2020-03-21 08:50,6628
2020-03-21 08:55,6561
2020-03-21 09:00,6526
2020-03-21 09:05,6494
2020-03-21 09:10,6494
2020-03-21 09:15,6467
2020-03-21 09:20,6534
2020-03-21 09:25,6561
2020-03-21 09:30,6564
2020-03-21 09:35,6599
2020-03-21 09:40,6599
2020-03-21 09:45,6550
2020-03-21 09:50,6602
2020-03-21 09:55,6637
2020-03-21 10:00,6699
2020-03-21 10:05,6738
2020-03-21 10:10,6827
2020-03-21 10:15,6886
2020-03-21 10:20,6901
2020-03-21 10:25,6996
2020-03-21 10:30,7091
2020-03-21 10:35,7245
2020-03-21 10:40,7280
2020-03-21 10:45,7355
2020-03-21 10:50,7455
2020-03-21 10:55,7540
2020-03-21 11:00,7658
2020-03-21 11:05,7725
2020-03-21 11:10,7785
2020-03-21 11:15,7825
2020-03-21 11:20,7897
2020-03-21 11:25,7957
2020-03-21 11:30,8140
2020-03-21 11:35,8267
2020-03-21 11:40,8475
2020-03-21 11:45,8605
2020-03-21 11:50,8690
2020-03-21 11:55,8791
2020-03-21 12:00,8861
2020-03-21 12:05,8945
2020-03-21 12:10,9011
2020-03-21 12:15,9141
2020-03-21 12:20,9278
2020-03-21 12:25,9385
2020-03-21 12:30,9526
2020-03-21 12:35,9590
2020-03-21 12:40,9684
2020-03-21 12:45,9807
2020-03-21 12:50,9900
2020-03-21 12:55,10058
2020-03-21 13:00,10168
2020-03-21 13:05,10306
2020-03-21 13:10,10512
2020-03-21 13:15,10664
2020-03-21 13:20,10786
2020-03-21 13:25,10907
2020-03-21 13:30,11065
2020-03-21 13:35,11218
2020-03-21 13:40,10946
2020-03-21 13:45,9648
2020-03-21 13:50,9915
2020-03-21 13:55,10148
2020-03-21 14:00,10461
2020-03-21 14:05,10625
2020-03-21 14:10,5261
2020-03-21 14:15,3870
2020-03-21 14:20,4340
2020-03-21 14:25,5408
2020-03-21 14:30,6426
2020-03-21 14:35,7327
2020-03-21 14:40,8179
2020-03-21 14:45,8961
2020-03-21 14:50,9661
2020-03-21 14:55,10346
2020-03-21 15:00,10973
2020-03-21 15:05,11541
2020-03-21 15:10,12087
2020-03-21 15:15,12605
2020-03-21 15:20,13005
2020-03-21 15:25,13410
2020-03-21 15:30,13781
2020-03-21 15:35,14133
2020-03-21 15:40,14507
2020-03-21 15:45,14796
2020-03-21 15:50,15034
2020-03-21 15:55,15328
2020-03-21 16:00,15609
2020-03-21 16:05,15860
2020-03-21 16:10,16089
2020-03-21 16:15,16341
2020-03-21 16:20,16533
2020-03-21 16:25,16723
2020-03-21 16:30,16876
2020-03-21 16:35,17018
2020-03-21 16:40,17148
2020-03-21 16:45,17349
2020-03-21 16:50,
2020-03-21 16:55,17595
2020-03-21 17:00,17704
2020-03-21 17:05,17817
2020-03-21 17:10,17963
2020-03-21 17:15,18066
2020-03-21 17:20,18195
2020-03-21 17:25,18307
2020-03-21 17:30,18413
2020-03-21 17:35,18510
2020-03-21 17:40,18608
2020-03-21 17:45,18743
2020-03-21 17:50,18862
2020-03-21 17:55,18927
2020-03-21 18:00,19067
2020-03-21 18:05,19169
2020-03-21 18:10,19290
2020-03-21 18:15,19405
2020-03-21 18:20,19469
2020-03-21 18:25,19591
2020-03-21 18:30,19732
2020-03-21 18:35,19872
2020-03-21 18:40,19930
2020-03-21 18:45,20041
2020-03-21 18:50,20174
2020-03-21 18:55,20183
2020-03-21 19:00,20138
2020-03-21 19:05,20196
2020-03-21 19:10,20289
2020-03-21 19:15,20389
2020-03-21 19:20,20248
2020-03-21 19:25,20079
2020-03-21 19:30,20220
2020-03-21 19:35,20091
2020-03-21 19:40,20086
2020-03-21 19:45,19936
2020-03-21 19:50,19763
2020-03-21 19:55,19541
2020-03-21 20:00,19275
2020-03-21 20:05,19208
2020-03-21 20:10,19056
2020-03-21 20:15,19048
2020-03-21 20:20,19306
2020-03-21 20:25,19321
2020-03-21 20:30,19645
2020-03-21 20:35,19881
2020-03-21 20:40,20195
2020-03-21 20:45,20495
2020-03-21 20:50,20721
2020-03-21 20:55,20925
2020-03-21 21:00,21333
2020-03-21 21:05,21533
2020-03-21 21:10,21689
2020-03-21 21:15,21743
2020-03-21 21:20,21831
2020-03-21 21:25,21829
2020-03-21 21:30,21790
2020-03-21 21:35,21859
2020-03-21 21:40,21877
2020-03-21 21:45,
2020-03-21 21:50,22043
2020-03-21 21:55,21989
2020-03-21 22:00,22060
2020-03-21 22:05,22110
2020-03-21 22:10,22000
2020-03-21 22:15,21976
2020-03-21 22:20,21851
2020-03-21 22:25,21751
2020-03-21 22:30,21728
2020-03-21 22:35,21688
2020-03-21 22:40,21584
2020-03-21 22:45,21462
2020-03-21 22:50,21335
2020-03-21 22:55,21246
2020-03-21 23:00,21202
2020-03-21 23:05,21089
2020-03-21 23:10,21107
2020-03-21 23:15,20864
2020-03-21 23:20,20573
2020-03-21 23:25,20657
2020-03-21 23:30,20551
2020-03-21 23:35,20330
2020-03-21 23:40,20254
2020-03-21 23:45,20131
2020-03-21 23:50,19911
2020-03-21 23:55,19843
2020-03-22 00:00,19426
2020-03-22 00:05,19616
2020-03-22 00:10,19352
2020-03-22 00:15,19389
2020-03-22 00:20,19403
2020-03-22 00:25,19260
2020-03-22 00:30,19189
2020-03-22 00:35,19121
2020-03-22 00:40,18962
2020-03-22 00:45,18791
2020-03-22 00:50,18739
2020-03-22 00:55,18612
2020-03-22 01:00,18608
2020-03-22 01:05,18571
2020-03-22 01:10,18483
2020-03-22 01:15,18460
2020-03-22 01:20,18347
2020-03-22 01:25,18086
2020-03-22 01:30,18130
2020-03-22 01:35,18080
2020-03-22 01:40,18119
2020-03-22 01:45,18131
2020-03-22 01:50,18095
2020-03-22 01:55,18073
2020-03-22 02:00,18008
2020-03-22 02:05,17900
2020-03-22 02:10,17807
2020-03-22 02:15,17606
2020-03-22 02:20,17164
2020-03-22 02:25,15415
2020-03-22 02:30,14928
2020-03-22 02:35,14460
2020-03-22 02:40,13982
2020-03-22 02:45,14133
2020-03-22 02:50,14300
2020-03-22 02:55,14465
2020-03-22 03:00,14690
2020-03-22 03:05,14967
2020-03-22 03:10,15119
2020-03-22 03:15,15150
2020-03-22 03:20,15245
2020-03-22 03:25,15384
2020-03-22 03:30,15466
2020-03-22 03:35,15530
2020-03-22 03:40,15455
2020-03-22 03:45,15454
2020-03-22 03:50,15451
2020-03-22 03:55,15362
2020-03-22 04:00,15349
2020-03-22 04:05,15331
2020-03-22 04:10,15323
2020-03-22 04:15,15302
2020-03-22 04:20,15206
2020-03-22 04:25,15085
2020-03-22 04:30,14977
2020-03-22 04:35,14775
2020-03-22 04:40,14640
2020-03-22 04:45,14479
2020-03-22 04:50,14379
2020-03-22 04:55,14294
2020-03-22 05:00,14189
2020-03-22 05:05,14165
2020-03-22 05:10,13984
2020-03-22 05:15,13764
2020-03-22 05:20,13559
2020-03-22 05:25,13302
2020-03-22 05:30,13182
2020-03-22 05:35,13027
2020-03-22 05:40,12821
2020-03-22 05:45,12625
2020-03-22 05:50,12447
2020-03-22 05:55,12248
2020-03-22 06:00,12019
2020-03-22 06:05,11760
2020-03-22 06:10,11571
2020-03-22 06:15,11331
2020-03-22 06:20,11074
2020-03-22 06:25,10903
2020-03-22 06:30,10720
2020-03-22 06:35,10471
2020-03-22 06:40,10236
2020-03-22 06:45,10094
2020-03-22 06:50,9960
2020-03-22 06:55,9790
2020-03-22 07:00,9635
2020-03-22 07:05,9467
2020-03-22 07:10,9288
2020-03-22 07:15,9063
2020-03-22 07:20,8911
2020-03-22 07:25,8756
2020-03-22 07:30,8651
2020-03-22 07:35,8473
2020-03-22 07:40,8407
2020-03-22 07:45,8322
2020-03-22 07:50,8177
2020-03-22 07:55,8094
2020-03-22 08:00,7967
2020-03-22 08:05,7824
2020-03-22 08:10,7745
2020-03-22 08:15,7596
2020-03-22 08:20,7523
2020-03-22 08:25,7415
2020-03-22 08:30,7334
2020-03-22 08:35,7197
2020-03-22 08:40,7144
2020-03-22 08:45,7148
2020-03-22 08:50,7074
2020-03-22 08:55,7009
2020-03-22 09:00,6920
2020-03-22 09:05,6885
2020-03-22 09:10,6925
2020-03-22 09:15,6932
2020-03-22 09:20,6923
2020-03-22 09:25,6943
2020-03-22 09:30,6930
2020-03-22 09:35,6952
2020-03-22 09:40,7013
2020-03-22 09:45,7102
2020-03-22 09:50,7139
2020-03-22 09:55,7173
2020-03-22 10:00,7205
2020-03-22 10:05,7256
2020-03-22 10:10,7332
2020-03-22 10:15,7395
2020-03-22 10:20,7442
2020-03-22 10:25,7550
2020-03-22 10:30,7560
2020-03-22 10:35,7625
2020-03-22 10:40,7698
2020-03-22 10:45,7727
2020-03-22 10:50,7796
2020-03-22 10:55,7894
2020-03-22 11:00,7994
2020-03-22 11:05,8124
2020-03-22 11:10,8202
2020-03-22 11:15,8292
2020-03-22 11:20,8404
2020-03-22 11:25,8478
2020-03-22 11:30,8595
2020-03-22 11:35,8677
2020-03-22 11:40,8821
2020-03-22 11:45,8928
2020-03-22 11:50,9057
2020-03-22 11:55,9160
2020-03-22 12:00,9212
2020-03-22 12:05,9403
2020-03-22 12:10,9547
2020-03-22 12:15,9670
2020-03-22 12:20,9778
2020-03-22 12:25,10018
2020-03-22 12:30,10148
2020-03-22 12:35,10322
2020-03-22 12:40,10389
2020-03-22 12:45,10502
2020-03-22 12:50,10702
2020-03-22 12:55,10808
2020-03-22 13:00,10987
2020-03-22 13:05,11085
2020-03-22 13:10,11093
2020-03-22 13:15,11143
2020-03-22 13:20,11267
2020-03-22 13:25,11393
2020-03-22 13:30,11465
2020-03-22 13:35,11578
2020-03-22 13:40,11761
2020-03-22 13:45,11901
2020-03-22 13:50,12075
2020-03-22 13:55,12278
2020-03-22 14:00,12437
2020-03-22 14:05,12573
2020-03-22 14:10,12779
2020-03-22 14:15,13016
2020-03-22 14:20,13169
2020-03-22 14:25,13339
2020-03-22 14:30,13508
2020-03-22 14:35,13679
2020-03-22 14:40,13890
2020-03-22 14:45,14073
2020-03-22 14:50,14259
2020-03-22 14:55,14479
2020-03-22 15:00,14629
2020-03-22 15:05,14875
2020-03-22 15:10,14897
2020-03-22 15:15,15071
2020-03-22 15:20,15212
2020-03-22 15:25,15405
2020-03-22 15:30,15483
2020-03-22 15:35,15573
2020-03-22 15:40,15699
2020-03-22 15:45,15911
2020-03-22 15:50,16043
2020-03-22 15:55,16220
2020-03-22 16:00,16411
2020-03-22 16:05,16560
2020-03-22 16:10,16686
2020-03-22 16:15,16815
2020-03-22 16:20,16994
2020-03-22 16:25,17077
2020-03-22 16:30,17198
2020-03-22 16:35,17287
2020-03-22 16:40,17387
2020-03-22 16:45,17590
2020-03-22 16:50,17734
2020-03-22 16:55,17933
2020-03-22 17:00,17965
2020-03-22 17:05,0
2020-03-22 17:10,18166
2020-03-22 17:15,18325
2020-03-22 17:20,18488
2020-03-22 17:25,18657
2020-03-22 17:30,18823
2020-03-22 17:35,18894
2020-03-22 17:40,19045
2020-03-22 17:45,19225
2020-03-22 17:50,19339
2020-03-22 17:55,19406
2020-03-22 18:00,19569
2020-03-22 18:05,19768
2020-03-22 18:10,19931
2020-03-22 18:15,20073
2020-03-22 18:20,20162
2020-03-22 18:25,20304
2020-03-22 18:30,20435
2020-03-22 18:35,20500
2020-03-22 18:40,20671
2020-03-22 18:45,20872
2020-03-22 18:50,20989
2020-03-22 18:55,21130
2020-03-22 19:00,21124
2020-03-22 19:05,21227
2020-03-22 19:10,21293
2020-03-22 19:15,21404
2020-03-22 19:20,21564
2020-03-22 19:25,21681
2020-03-22 19:30,21835
2020-03-22 19:35,22033
2020-03-22 19:40,22201
2020-03-22 19:45,22232
2020-03-22 19:50,22366
2020-03-22 19:55,22453
2020-03-22 20:00,22430
2020-03-22 20:05,22484
2020-03-22 20:10,22638
2020-03-22 20:15,22792
2020-03-22 20:20,22821
2020-03-22 20:25,22857
2020-03-22 20:30,22923
2020-03-22 20:35,22930
2020-03-22 20:40,22917
2020-03-22 20:45,22968
2020-03-22 20:50,22971
2020-03-22 20:55,22926
2020-03-22 21:00,22807
2020-03-22 21:05,22718
2020-03-22 21:10,22771
2020-03-22 21:15,22755
2020-03-22 21:20,22708
2020-03-22 21:25,22658
2020-03-22 21:30,22507
2020-03-22 21:35,22463
2020-03-22 21:40,22396
2020-03-22 21:45,22250
2020-03-22 21:50,22219
2020-03-22 21:55,22105
2020-03-22 22:00,22066
2020-03-22 22:05,21922
2020-03-22 22:10,21701
2020-03-22 22:15,21493
2020-03-22 22:20,21417
2020-03-22 22:25,21234
2020-03-22 22:30,21105
2020-03-22 22:35,21050
2020-03-22 22:40,20841
2020-03-22 22:45,20682
2020-03-22 22:50,20561
2020-03-22 22:55,20420
2020-03-22 23:00,20284
2020-03-22 23:05,20185
2020-03-22 23:10,20035
2020-03-22 23:15,19779
2020-03-22 23:20,18742
2020-03-22 23:25,19564
2020-03-22 23:30,19428
2020-03-22 23:35,19293
2020-03-22 23:40,19143
2020-03-22 23:45,19135
2020-03-22 23:50,18945
2020-03-22 23:55,18842
2020-03-23 00:00,18734
2020-03-23 00:05,18637
2020-03-23 00:10,18495
2020-03-23 00:15,18398
2020-03-23 00:20,18299
2020-03-23 00:25,18210
2020-03-23 00:30,18155
2020-03-23 00:35,18127
2020-03-23 00:40,18145
2020-03-23 00:45,18041
2020-03-23 00:50,18001
2020-03-23 00:55,17937
2020-03-23 01:00,17797
2020-03-23 01:05,17767
2020-03-23 01:10,17775
2020-03-23 01:15,17761
2020-03-23 01:20,17714
2020-03-23 01:25,17695
2020-03-23 01:30,17464
2020-03-23 01:35,17281
2020-03-23 01:40,16867
2020-03-23 01:45,15881
2020-03-23 01:50,14345
2020-03-23 01:55,14337
2020-03-23 02:00,14120
2020-03-23 02:05,14372
2020-03-23 02:10,14567
2020-03-23 02:15,14712
2020-03-23 02:20,14806
2020-03-23 02:25,14942
2020-03-23 02:30,15026
2020-03-23 02:35,15173
2020-03-23 02:40,15367
2020-03-23 02:45,15509
2020-03-23 02:50,15512
2020-03-23 02:55,15525
2020-03-23 03:00,15496
2020-03-23 03:05,15402
2020-03-23 03:10,15431
2020-03-23 03:15,15424
2020-03-23 03:20,15469
2020-03-23 03:25,15390
2020-03-23 03:30,15322
2020-03-23 03:35,15174
2020-03-23 03:40,15028
2020-03-23 03:45,14957
2020-03-23 03:50,14716
2020-03-23 03:55,14529
2020-03-23 04:00,14378
2020-03-23 04:05,14252
2020-03-23 04:10,14145
2020-03-23 04:15,14066
2020-03-23 04:20,13851
2020-03-23 04:25,13659
2020-03-23 04:30,13588
2020-03-23 04:35,13388
2020-03-23 04:40,13330
2020-03-23 04:45,13182
2020-03-23 04:50,13031
2020-03-23 04:55,12828
2020-03-23 05:00,12692
2020-03-23 05:05,12421
2020-03-23 05:10,12216
2020-03-23 05:15,12051
2020-03-23 05:20,11840
2020-03-23 05:25,11668
2020-03-23 05:30,11465
2020-03-23 05:35,11243
2020-03-23 05:40,11065
2020-03-23 05:45,10874
2020-03-23 05:50,10698
2020-03-23 05:55,10512
2020-03-23 06:00,10229
2020-03-23 06:05,10040
2020-03-23 06:10,9852
2020-03-23 06:15,9680
2020-03-23 06:20,9459
2020-03-23 06:25,9292
2020-03-23 06:30,9091
2020-03-23 06:35,8888
2020-03-23 06:40,8709
2020-03-23 06:45,8541
2020-03-23 06:50,8363
2020-03-23 06:55,8180
2020-03-23 07:00,8034
2020-03-23 07:05,7844
2020-03-23 07:10,7679
2020-03-23 07:15,7608
2020-03-23 07:20,7454
2020-03-23 07:25,7373
2020-03-23 07:30,7238
2020-03-23 07:35,7138
2020-03-23 07:40,7043
2020-03-23 07:45,6924
2020-03-23 07:50,6753
2020-03-23 07:55,6663
2020-03-23 08:00,6518
2020-03-23 08:05,6464
2020-03-23 08:10,6383
2020-03-23 08:15,6333
2020-03-23 08:20,6256
2020-03-23 08:25,6283
2020-03-23 08:30,6204
2020-03-23 08:35,6148
2020-03-23 08:40,6076
2020-03-23 08:45,6052
2020-03-23 08:50,6062
2020-03-23 08:55,5978
2020-03-23 09:00,5937
2020-03-23 09:05,5843
2020-03-23 09:10,5769
2020-03-23 09:15,5742
2020-03-23 09:20,5804
2020-03-23 09:25,5833
2020-03-23 09:30,5892
2020-03-23 09:35,5890
2020-03-23 09:40,5937
2020-03-23 09:45,5959
2020-03-23 09:50,5965
2020-03-23 09:55,5966
2020-03-23 10:00,5936
2020-03-23 10:05,6027
2020-03-23 10:10,6071
2020-03-23 10:15,6128
2020-03-23 10:20,6157
2020-03-23 10:25,6248
2020-03-23 10:30,6264
2020-03-23 10:35,6362
2020-03-23 10:40,6461
2020-03-23 10:45,6522
2020-03-23 10:50,6585
2020-03-23 10:55,6634
2020-03-23 11:00,6738
2020-03-23 11:05,6748
2020-03-23 11:10,6866
2020-03-23 11:15,6966
2020-03-23 11:20,7043
2020-03-23 11:25,7062
2020-03-23 11:30,7101
2020-03-23 11:35,7192
2020-03-23 11:40,7324
2020-03-23 11:45,7392
2020-03-23 11:50,7440
2020-03-23 11:55,7556
2020-03-23 12:00,7592
2020-03-23 12:05,7647
2020-03-23 12:10,7700
2020-03-23 12:15,7764
2020-03-23 12:20,7862
2020-03-23 12:25,7957
2020-03-23 12:30,8037
2020-03-23 12:35,8113
2020-03-23 12:40,8185
2020-03-23 12:45,8337
2020-03-23 12:50,8488
2020-03-23 12:55,8577
2020-03-23 13:00,8718
2020-03-23 13:05,8885
2020-03-23 13:10,8996
2020-03-23 13:15,9072
2020-03-23 13:20,9204
2020-03-23 13:25,9344
2020-03-23 13:30,9438
2020-03-23 13:35,9540
2020-03-23 13:40,9690
2020-03-23 13:45,9819
2020-03-23 13:50,9866
2020-03-23 13:55,10070
2020-03-23 14:00,10201
2020-03-23 14:05,10379
2020-03-23 14:10,10554
2020-03-23 14:15,10725
2020-03-23 14:20,10879
2020-03-23 14:25,11098
2020-03-23 14:30,11284
2020-03-23 14:35,11471
2020-03-23 14:40,11605
2020-03-23 14:45,11819
2020-03-23 14:50,11995
2020-03-23 14:55,12173
2020-03-23 15:00,12386
2020-03-23 15:05,12617
2020-03-23 15:10,12780
2020-03-23 15:15,12973
2020-03-23 15:20,13183
2020-03-23 15:25,13336
2020-03-23 15:30,13517
2020-03-23 15:35,13721
2020-03-23 15:40,13931
2020-03-23 15:45,14104
2020-03-23 15:50,14359
2020-03-23 15:55,14474
2020-03-23 16:00,14662
2020-03-23 16:05,14931
2020-03-23 16:10,15187
2020-03-23 16:15,15396
2020-03-23 16:20,15525
2020-03-23 16:25,15768
2020-03-23 16:30,15980
2020-03-23 16:35,16171
2020-03-23 16:40,16258
2020-03-23 16:45,16417
2020-03-23 16:50,16571
2020-03-23 16:55,16717
2020-03-23 17:00,16874
2020-03-23 17:05,17006
2020-03-23 17:10,17166
2020-03-23 17:15,17410
2020-03-23 17:20,17698
2020-03-23 17:25,17815
2020-03-23 17:30,17941
2020-03-23 17:35,18126
2020-03-23 17:40,18356
2020-03-23 17:45,18498
2020-03-23 17:50,18696
2020-03-23 17:55,18869
2020-03-23 18:00,19016
2020-03-23 18:05,19167
2020-03-23 18:10,19287
2020-03-23 18:15,19501
2020-03-23 18:20,19736
2020-03-23 18:25,19868
2020-03-23 18:30,20132
2020-03-23 18:35,20273
2020-03-23 18:40,20410
2020-03-23 18:45,20569
2020-03-23 18:50,20633
2020-03-23 18:55,20733
2020-03-23 19:00,20799
2020-03-23 19:05,21023
2020-03-23 19:10,21176
2020-03-23 19:15,21234
2020-03-23 19:20,21363
2020-03-23 19:25,21515
2020-03-23 19:30,21651
2020-03-23 19:35,21813
2020-03-23 19:40,21961
2020-03-23 19:45,22043
2020-03-23 19:50,22199
2020-03-23 19:55,22292
2020-03-23 20:00,22445
2020-03-23 20:05,22459
2020-03-23 20:10,22473
2020-03-23 20:15,22535
2020-03-23 20:20,22465
2020-03-23 20:25,22486
2020-03-23 20:30,22519
2020-03-23 20:35,22537
2020-03-23 20:40,22527
2020-03-23 20:45,22525
2020-03-23 20:50,22542
2020-03-23 20:55,22647
2020-03-23 21:00,22690
2020-03-23 21:05,22709
2020-03-23 21:10,22789
2020-03-23 21:15,22730
2020-03-23 21:20,22756
2020-03-23 21:25,22800
2020-03-23 21:30,22816
2020-03-23 21:35,22838
2020-03-23 21:40,22758
2020-03-23 21:45,22737
2020-03-23 21:50,22598
2020-03-23 21:55,22487
2020-03-23 22:00,22407
2020-03-23 22:05,22304
2020-03-23 22:10,22262
2020-03-23 22:15,22106
2020-03-23 22:20,22033
2020-03-23 22:25,21911
2020-03-23 22:30,21858
2020-03-23 22:35,21839
2020-03-23 22:40,21818
2020-03-23 22:45,21730
2020-03-23 22:50,21645
2020-03-23 22:55,21560
2020-03-23 23:00,21366
2020-03-23 23:05,21261
2020-03-23 23:10,21079
2020-03-23 23:15,20943
2020-03-23 23:20,20837
2020-03-23 23:25,20711
2020-03-23 23:30,20609
2020-03-23 23:35,20488
2020-03-23 23:40,20304
2020-03-23 23:45,19676
2020-03-23 23:50,18825
2020-03-23 23:55,18198
2020-03-24 00:00,17603
2020-03-24 00:05,16775
2020-03-24 00:10,16395
2020-03-24 00:15,16426
2020-03-24 00:20,16600
2020-03-24 00:25,16931
2020-03-24 00:30,17158
2020-03-24 00:35,17305
2020-03-24 00:40,17524
2020-03-24 00:45,17716
2020-03-24 00:50,17905
2020-03-24 00:55,17992
2020-03-24 01:00,18141
2020-03-24 01:05,18264
2020-03-24 01:10,18296
2020-03-24 01:15,18326
2020-03-24 01:20,17694
2020-03-24 01:25,15929
2020-03-24 01:30,15912
2020-03-24 01:35,15495
2020-03-24 01:40,15382
2020-03-24 01:45,14955
2020-03-24 01:50,14702
2020-03-24 01:55,14579
2020-03-24 02:00,14382
2020-03-24 02:05,14251
2020-03-24 02:10,14103
2020-03-24 02:15,13964
2020-03-24 02:20,13629
2020-03-24 02:25,13686
2020-03-24 02:30,13964
2020-03-24 02:35,14648
2020-03-24 02:40,15133
2020-03-24 02:45,15548
2020-03-24 02:50,15680
2020-03-24 02:55,15156
2020-03-24 03:00,14843
2020-03-24 03:05,14749
2020-03-24 03:10,14712
2020-03-24 03:15,14764
2020-03-24 03:20,14740
2020-03-24 03:25,14701
2020-03-24 03:30,14669
2020-03-24 03:35,14813
2020-03-24 03:40,14956
2020-03-24 03:45,15039
2020-03-24 03:50,15141
2020-03-24 03:55,15084
2020-03-24 04:00,15109
2020-03-24 04:05,15064
2020-03-24 04:10,14945
2020-03-24 04:15,14949
2020-03-24 04:20,14847
2020-03-24 04:25,14757
2020-03-24 04:30,14652
2020-03-24 04:35,14501
2020-03-24 04:40,14361
2020-03-24 04:45,13839
2020-03-24 04:50,13186
2020-03-24 04:55,12872
2020-03-24 05:00,12682
2020-03-24 05:05,12650
2020-03-24 05:10,12539
2020-03-24 05:15,12322
2020-03-24 05:20,12155
2020-03-24 05:25,12018
2020-03-24 05:30,11899
2020-03-24 05:35,11788
2020-03-24 05:40,11583
2020-03-24 05:45,11475
2020-03-24 05:50,11294
2020-03-24 05:55,11115
2020-03-24 06:00,10921
2020-03-24 06:05,10790
2020-03-24 06:10,10547
2020-03-24 06:15,10322
2020-03-24 06:20,10170
2020-03-24 06:25,10009
2020-03-24 06:30,9815
2020-03-24 06:35,9611
2020-03-24 06:40,9451
2020-03-24 06:45,9221
2020-03-24 06:50,9094
2020-03-24 06:55,8875
2020-03-24 07:00,8674
2020-03-24 07:05,8531
2020-03-24 07:10,8352
2020-03-24 07:15,8257
2020-03-24 07:20,8100
2020-03-24 07:25,7899
2020-03-24 07:30,7761
2020-03-24 07:35,7632
2020-03-24 07:40,7500
2020-03-24 07:45,7394
2020-03-24 07:50,7270
2020-03-24 07:55,7145
2020-03-24 08:00,7039
2020-03-24 08:05,6949
2020-03-24 08:10,6868
2020-03-24 08:15,6787
2020-03-24 08:20,6711
2020-03-24 08:25,6696
2020-03-24 08:30,6626
2020-03-24 08:35,6594
2020-03-24 08:40,6523
2020-03-24 08:45,6479
2020-03-24 08:50,6376
2020-03-24 08:55,6332
2020-03-24 09:00,6290
2020-03-24 09:05,6236
2020-03-24 09:10,6239
2020-03-24 09:15,6236
2020-03-24 09:20,6236
2020-03-24 09:25,6300
2020-03-24 09:30,6353
2020-03-24 09:35,6298
2020-03-24 09:40,6268
2020-03-24 09:45,6264
2020-03-24 09:50,6214
2020-03-24 09:55,6227
2020-03-24 10:00,6212
2020-03-24 10:05,6152
2020-03-24 10:10,6155
2020-03-24 10:15,6119
2020-03-24 10:20,5976
2020-03-24 10:25,5899
2020-03-24 10:30,5925
2020-03-24 10:35,4955
2020-03-24 10:40,4135
2020-03-24 10:45,3351
2020-03-24 10:50,2660
2020-03-24 10:55,2238
2020-03-24 11:00,2013
2020-03-24 11:05,1771
2020-03-24 11:10,1739
2020-03-24 11:15,1737
2020-03-24 11:20,1770
2020-03-24 11:25,1738
2020-03-24 11:30,1691
2020-03-24 11:35,1538
2020-03-24 11:40,1469
2020-03-24 11:45,1425
2020-03-24 11:50,1458
2020-03-24 11:55,1523
2020-03-24 12:00,1554
2020-03-24 12:05,1568
2020-03-24 12:10,1581
2020-03-24 12:15,1597
2020-03-24 12:20,1642
2020-03-24 12:25,1681
2020-03-24 12:30,1670
2020-03-24 12:35,1705
2020-03-24 12:40,1707
2020-03-24 12:45,1768
2020-03-24 12:50,1774
2020-03-24 12:55,1787
2020-03-24 13:00,1859
2020-03-24 13:05,1889
2020-03-24 13:10,1862
2020-03-24 13:15,1873
2020-03-24 13:20,1916
2020-03-24 13:25,1934
2020-03-24 13:30,2261
2020-03-24 13:35,3399
2020-03-24 13:40,4417
2020-03-24 13:45,5330
2020-03-24 13:50,6230
2020-03-24 13:55,7144
2020-03-24 14:00,7988
2020-03-24 14:05,8742
2020-03-24 14:10,9361
2020-03-24 14:15,9959
2020-03-24 14:20,10506
2020-03-24 14:25,11028
2020-03-24 14:30,11509
2020-03-24 14:35,11967
2020-03-24 14:40,12412
2020-03-24 14:45,12761
2020-03-24 14:50,13121
2020-03-24 14:55,13440
2020-03-24 15:00,13695
2020-03-24 15:05,13994
2020-03-24 15:10,14201
2020-03-24 15:15,14451
2020-03-24 15:20,14662
2020-03-24 15:25,14838
2020-03-24 15:30,15099
2020-03-24 15:35,15232
2020-03-24 15:40,15441
2020-03-24 15:45,15661
2020-03-24 15:50,15841
2020-03-24 15:55,15991
2020-03-24 16:00,16179
2020-03-24 16:05,16388
2020-03-24 16:10,
2020-03-24 16:15,16643
2020-03-24 16:20,16917
2020-03-24 16:25,17065
2020-03-24 16:30,17167
2020-03-24 16:35,17228
2020-03-24 16:40,17380
2020-03-24 16:45,17557
2020-03-24 16:50,17649
2020-03-24 16:55,17811
2020-03-24 17:00,18018
2020-03-24 17:05,18200
2020-03-24 17:10,18327
2020-03-24 17:15,18583
2020-03-24 17:20,18871
2020-03-24 17:25,19059
2020-03-24 17:30,19160
2020-03-24 17:35,19242
2020-03-24 17:40,19453
2020-03-24 17:45,19574
2020-03-24 17:50,19699
2020-03-24 17:55,19844
2020-03-24 18:00,20004
2020-03-24 18:05,20166
2020-03-24 18:10,20234
2020-03-24 18:15,20412
2020-03-24 18:20,20478
2020-03-24 18:25,20658
2020-03-24 18:30,20892
2020-03-24 18:35,21054
2020-03-24 18:40,21209
2020-03-24 18:45,21337
2020-03-24 18:50,21372
2020-03-24 18:55,21537
2020-03-24 19:00,21712
2020-03-24 19:05,21867
2020-03-24 19:10,22030
2020-03-24 19:15,22074
2020-03-24 19:20,22355
2020-03-24 19:25,22468
2020-03-24 19:30,22576
2020-03-24 19:35,22702
2020-03-24 19:40,22714
2020-03-24 19:45,22758
2020-03-24 19:50,22842
2020-03-24 19:55,22889
2020-03-24 20:00,22939
2020-03-24 20:05,22966
2020-03-24 20:10,23085
2020-03-24 20:15,23173
2020-03-24 20:20,23245
2020-03-24 20:25,23333
2020-03-24 20:30,23409
2020-03-24 20:35,23409
2020-03-24 20:40,23517
2020-03-24 20:45,23518
2020-03-24 20:50,23579
2020-03-24 20:55,23578
2020-03-24 21:00,23519
2020-03-24 21:05,23433
2020-03-24 21:10,23493
2020-03-24 21:15,23603
2020-03-24 21:20,23623
2020-03-24 21:25,23576
2020-03-24 21:30,23618
2020-03-24 21:35,23697
2020-03-24 21:40,23642
2020-03-24 21:45,23646
2020-03-24 21:50,23641
2020-03-24 21:55,23525
2020-03-24 22:00,23456
2020-03-24 22:05,23451
2020-03-24 22:10,23521
2020-03-24 22:15,23453
2020-03-24 22:20,23370
2020-03-24 22:25,23311
2020-03-24 22:30,23216
2020-03-24 22:35,23221
2020-03-24 22:40,23231
2020-03-24 22:45,23105
2020-03-24 22:50,22882
2020-03-24 22:55,22794
2020-03-24 23:00,22733
2020-03-24 23:05,22544
2020-03-24 23:10,
2020-03-24 23:15,0
2020-03-24 23:20,1126
2020-03-24 23:25,19380
2020-03-24 23:30,20940
2020-03-24 23:35,21119
2020-03-24 23:40,20960
2020-03-24 23:45,20889
2020-03-24 23:50,20810
2020-03-24 23:55,20753
2020-03-25 00:00,20666
2020-03-25 00:05,20552
2020-03-25 00:10,20549
2020-03-25 00:15,20538
2020-03-25 00:20,20521
2020-03-25 00:25,20513
2020-03-25 00:30,20408
2020-03-25 00:35,20366
2020-03-25 00:40,20367
2020-03-25 00:45,20351
2020-03-25 00:50,20290
2020-03-25 00:55,20302
2020-03-25 01:00,20221
2020-03-25 01:05,20085
2020-03-25 01:10,20075
2020-03-25 01:15,20109
2020-03-25 01:20,20047
2020-03-25 01:25,20001
2020-03-25 01:30,19908
2020-03-25 01:35,19775
2020-03-25 01:40,19795
2020-03-25 01:45,19760
2020-03-25 01:50,19707
2020-03-25 01:55,19568
2020-03-25 02:00,19498
2020-03-25 02:05,19401
2020-03-25 02:10,19367
2020-03-25 02:15,19325
2020-03-25 02:20,19258
2020-03-25 02:25,19200
2020-03-25 02:30,19121
2020-03-25 02:35,19014
2020-03-25 02:40,18925
2020-03-25 02:45,18792
2020-03-25 02:50,18635
2020-03-25 02:55,18584
2020-03-25 03:00,18454
2020-03-25 03:05,18287
2020-03-25 03:10,18109
2020-03-25 03:15,17887
2020-03-25 03:20,17829
2020-03-25 03:25,17764
2020-03-25 03:30,17656
2020-03-25 03:35,17470
2020-03-25 03:40,17313
2020-03-25 03:45,17171
2020-03-25 03:50,17032
2020-03-25 03:55,16877
2020-03-25 04:00,16645
2020-03-25 04:05,16464
2020-03-25 04:10,16259
2020-03-25 04:15,15977
2020-03-25 04:20,15739
2020-03-25 04:25,15621
2020-03-25 04:30,15440
2020-03-25 04:35,15300
2020-03-25 04:40,15046
2020-03-25 04:45,14765
2020-03-25 04:50,14549
2020-03-25 04:55,14294
2020-03-25 05:00,14115
2020-03-25 05:05,13859
2020-03-25 05:10,13652
2020-03-25 05:15,13453
2020-03-25 05:20,13255
2020-03-25 05:25,13028
2020-03-25 05:30,12827
2020-03-25 05:35,12696
2020-03-25 05:40,12495
2020-03-25 05:45,12264
2020-03-25 05:50,12047
2020-03-25 05:55,11831
2020-03-25 06:00,11545
2020-03-25 06:05,11338
2020-03-25 06:10,11159
2020-03-25 06:15,11000
2020-03-25 06:20,10796
2020-03-25 06:25,10563
2020-03-25 06:30,10292
2020-03-25 06:35,10036
2020-03-25 06:40,9843
2020-03-25 06:45,9625
2020-03-25 06:50,9427
2020-03-25 06:55,8939
2020-03-25 07:00,8693
2020-03-25 07:05,8366
2020-03-25 07:10,8171
2020-03-25 07:15,8085
2020-03-25 07:20,7883
2020-03-25 07:25,7819
2020-03-25 07:30,7714
2020-03-25 07:35,7639
2020-03-25 07:40,7640
2020-03-25 07:45,7587
2020-03-25 07:50,7555
2020-03-25 07:55,7456
2020-03-25 08:00,7404
2020-03-25 08:05,7316
2020-03-25 08:10,7272
2020-03-25 08:15,7197
2020-03-25 08:20,7174
2020-03-25 08:25,7150
2020-03-25 08:30,7085
2020-03-25 08:35,7016
2020-03-25 08:40,6992
2020-03-25 08:45,7027
2020-03-25 08:50,6973
2020-03-25 08:55,6961
2020-03-25 09:00,6876
2020-03-25 09:05,6939
2020-03-25 09:10,6950
2020-03-25 09:15,6983
2020-03-25 09:20,7034
2020-03-25 09:25,7053
2020-03-25 09:30,7095
2020-03-25 09:35,7146
2020-03-25 09:40,7198
2020-03-25 09:45,7269
2020-03-25 09:50,7247
2020-03-25 09:55,7264
2020-03-25 10:00,7326
2020-03-25 10:05,7403
2020-03-25 10:10,7424
2020-03-25 10:15,7462
2020-03-25 10:20,7487
2020-03-25 10:25,7555
2020-03-25 10:30,7718
2020-03-25 10:35,7791
2020-03-25 10:40,7858
2020-03-25 10:45,7912
2020-03-25 10:50,7940
2020-03-25 10:55,7981
2020-03-25 11:00,8010
2020-03-25 11:05,8131
2020-03-25 11:10,8195
2020-03-25 11:15,8255
2020-03-25 11:20,8345
2020-03-25 11:25,8475
2020-03-25 11:30,8568
2020-03-25 11:35,8686
2020-03-25 11:40,8733
2020-03-25 11:45,8811
2020-03-25 11:50,8902
2020-03-25 11:55,9037
2020-03-25 12:00,9160
2020-03-25 12:05,9389
2020-03-25 12:10,9554
2020-03-25 12:15,9734
2020-03-25 12:20,9918
2020-03-25 12:25,10046
2020-03-25 12:30,10168
2020-03-25 12:35,10272
2020-03-25 12:40,10426
2020-03-25 12:45,10615
2020-03-25 12:50,10768
2020-03-25 12:55,11003
2020-03-25 13:00,11019
2020-03-25 13:05,11019
2020-03-25 13:10,11132
2020-03-25 13:15,11364
2020-03-25 13:20,11475
2020-03-25 13:25,11547
2020-03-25 13:30,11676
2020-03-25 13:35,11797
2020-03-25 13:40,11897
2020-03-25 13:45,12032
2020-03-25 13:50,12181
2020-03-25 13:55,12181
2020-03-25 14:00,12326
2020-03-25 14:05,12326
2020-03-25 14:10,12678
2020-03-25 14:15,12986
2020-03-25 14:20,13133
2020-03-25 14:25,13378
2020-03-25 14:30,13563
2020-03-25 14:35,13775
2020-03-25 14:40,13949
2020-03-25 14:45,14164
2020-03-25 14:50,14375
2020-03-25 14:55,14567
2020-03-25 15:00,14721
2020-03-25 15:05,14879
2020-03-25 15:10,15086
2020-03-25 15:15,15253
2020-03-25 15:20,15478
2020-03-25 15:25,15693
2020-03-25 15:30,15853
2020-03-25 15:35,16022
2020-03-25 15:40,16233
2020-03-25 15:45,16473
2020-03-25 15:50,16753
2020-03-25 15:55,16821
2020-03-25 16:00,16954
2020-03-25 16:05,17158
2020-03-25 16:10,17340
2020-03-25 16:15,17463
2020-03-25 16:20,17661
2020-03-25 16:25,17878
2020-03-25 16:30,18104
2020-03-25 16:35,18231
2020-03-25 16:40,18380
2020-03-25 16:45,18532
2020-03-25 16:50,18703
2020-03-25 16:55,18923
2020-03-25 17:00,19054
2020-03-25 17:05,19259
2020-03-25 17:10,19380
2020-03-25 17:15,19510
2020-03-25 17:20,19680
2020-03-25 17:25,19934
2020-03-25 17:30,20086
2020-03-25 17:35,20336
2020-03-25 17:40,20461
2020-03-25 17:45,20675
2020-03-25 17:50,20833
2020-03-25 17:55,20959
2020-03-25 18:00,21104
2020-03-25 18:05,21244
2020-03-25 18:10,21418
2020-03-25 18:15,14521
2020-03-25 18:20,17932
2020-03-25 18:25,20407
2020-03-25 18:30,21562
2020-03-25 18:35,20360
2020-03-25 18:40,20749
2020-03-25 18:45,21997
2020-03-25 18:50,22113
2020-03-25 18:55,22387
2020-03-25 19:00,22514
2020-03-25 19:05,22711
2020-03-25 19:10,22794
2020-03-25 19:15,22934
2020-03-25 19:20,23175
2020-03-25 19:25,23346
2020-03-25 19:30,23434
2020-03-25 19:35,23739
2020-03-25 19:40,24019
2020-03-25 19:45,24227
2020-03-25 19:50,24460
2020-03-25 19:55,24580
2020-03-25 20:00,24728
2020-03-25 20:05,24748
2020-03-25 20:10,24872
2020-03-25 20:15,25014
2020-03-25 20:20,25092
2020-03-25 20:25,25088
2020-03-25 20:30,25071
2020-03-25 20:35,25135
2020-03-25 20:40,25229
2020-03-25 20:45,25286
2020-03-25 20:50,25265
2020-03-25 20:55,25348
2020-03-25 21:00,25376
2020-03-25 21:05,25334
2020-03-25 21:10,25367
2020-03-25 21:15,25339
2020-03-25 21:20,25268
2020-03-25 21:25,25301
2020-03-25 21:30,25347
2020-03-25 21:35,25373
2020-03-25 21:40,25334
2020-03-25 21:45,25307
2020-03-25 21:50,25277
2020-03-25 21:55,25172
2020-03-25 22:00,25123
2020-03-25 22:05,24891
2020-03-25 22:10,24735
2020-03-25 22:15,24460
2020-03-25 22:20,24287
2020-03-25 22:25,24174
2020-03-25 22:30,23994
2020-03-25 22:35,23942
2020-03-25 22:40,23758
2020-03-25 22:45,23672
2020-03-25 22:50,23379
2020-03-25 22:55,23205
2020-03-25 23:00,23000
2020-03-25 23:05,22798
2020-03-25 23:10,22584
2020-03-25 23:15,22444
2020-03-25 23:20,22312
2020-03-25 23:25,22222
2020-03-25 23:30,22130
2020-03-25 23:35,22120
2020-03-25 23:40,22056
2020-03-25 23:45,22067
2020-03-25 23:50,21958
2020-03-25 23:55,21836
2020-03-26 00:00,21672
2020-03-26 00:05,21573
2020-03-26 00:10,21620
2020-03-26 00:15,21519
2020-03-26 00:20,21404
2020-03-26 00:25,21418
2020-03-26 00:30,21383
2020-03-26 00:35,21347
2020-03-26 00:40,21249
2020-03-26 00:45,21231
2020-03-26 00:50,21186
2020-03-26 00:55,21062
2020-03-26 01:00,20998
2020-03-26 01:05,20967
2020-03-26 01:10,20847
2020-03-26 01:15,20783
2020-03-26 01:20,20733
2020-03-26 01:25,20681
2020-03-26 01:30,20636
2020-03-26 01:35,20589
2020-03-26 01:40,20592
2020-03-26 01:45,20568
2020-03-26 01:50,20460
2020-03-26 01:55,20456
2020-03-26 02:00,20360
2020-03-26 02:05,20203
2020-03-26 02:10,20208
2020-03-26 02:15,20209
2020-03-26 02:20,20102
2020-03-26 02:25,19909
2020-03-26 02:30,19880
2020-03-26 02:35,19799
2020-03-26 02:40,19654
2020-03-26 02:45,19441
2020-03-26 02:50,19311
2020-03-26 02:55,19238
2020-03-26 03:00,19150
2020-03-26 03:05,19087
2020-03-26 03:10,18980
2020-03-26 03:15,18793
2020-03-26 03:20,18605
2020-03-26 03:25,18536
2020-03-26 03:30,18281
2020-03-26 03:35,18046
2020-03-26 03:40,17889
2020-03-26 03:45,17718
2020-03-26 03:50,17622
2020-03-26 03:55,17516
2020-03-26 04:00,17306
2020-03-26 04:05,17103
2020-03-26 04:10,16886
2020-03-26 04:15,16721
2020-03-26 04:20,16528
2020-03-26 04:25,16365
2020-03-26 04:30,16115
2020-03-26 04:35,15881
2020-03-26 04:40,15695
2020-03-26 04:45,15516
2020-03-26 04:50,15287
2020-03-26 04:55,15129
2020-03-26 05:00,14926
2020-03-26 05:05,14657
2020-03-26 05:10,14373
2020-03-26 05:15,14158
2020-03-26 05:20,13819
2020-03-26 05:25,13679
2020-03-26 05:30,13434
2020-03-26 05:35,13134
2020-03-26 05:40,12968
2020-03-26 05:45,12750
2020-03-26 05:50,12588
2020-03-26 05:55,12330
2020-03-26 06:00,12152
2020-03-26 06:05,11994
2020-03-26 06:10,11723
2020-03-26 06:15,11441
2020-03-26 06:20,11207
2020-03-26 06:25,10961
2020-03-26 06:30,10753
2020-03-26 06:35,10602
2020-03-26 06:40,10410
2020-03-26 06:45,10192
2020-03-26 06:50,10039
2020-03-26 06:55,9883
2020-03-26 07:00,9685
2020-03-26 07:05,9426
2020-03-26 07:10,9277
2020-03-26 07:15,9101
2020-03-26 07:20,8970
2020-03-26 07:25,8800
2020-03-26 07:30,8650
2020-03-26 07:35,8469
2020-03-26 07:40,8302
2020-03-26 07:45,8157
2020-03-26 07:50,8002
2020-03-26 07:55,7929
2020-03-26 08:00,7790
2020-03-26 08:05,7729
2020-03-26 08:10,7629
2020-03-26 08:15,7399
2020-03-26 08:20,7464
2020-03-26 08:25,7371
2020-03-26 08:30,7181
2020-03-26 08:35,7282
2020-03-26 08:40,7237
2020-03-26 08:45,7175
2020-03-26 08:50,7106
2020-03-26 08:55,7081
2020-03-26 09:00,7063
2020-03-26 09:05,7118
2020-03-26 09:10,7114
2020-03-26 09:15,7099
2020-03-26 09:20,7089
2020-03-26 09:25,7013
2020-03-26 09:30,7027
2020-03-26 09:35,7027
2020-03-26 09:40,7039
2020-03-26 09:45,7085
2020-03-26 09:50,7080
2020-03-26 09:55,7083
2020-03-26 10:00,7197
2020-03-26 10:05,7316
2020-03-26 10:10,7349
2020-03-26 10:15,7397
2020-03-26 10:20,7499
2020-03-26 10:25,7603
2020-03-26 10:30,7659
2020-03-26 10:35,7727
2020-03-26 10:40,7801
2020-03-26 10:45,7859
2020-03-26 10:50,7885
2020-03-26 10:55,7971
2020-03-26 11:00,
2020-03-26 11:05,
2020-03-26 11:10,8103
2020-03-26 11:15,8184
2020-03-26 11:20,8241
2020-03-26 11:25,8351
2020-03-26 11:30,8435
2020-03-26 11:35,8545
2020-03-26 11:40,8623
2020-03-26 11:45,8727
2020-03-26 11:50,8794
2020-03-26 11:55,8862
2020-03-26 12:00,8964
2020-03-26 12:05,9180
2020-03-26 12:10,9320
2020-03-26 12:15,9494
2020-03-26 12:20,9639
2020-03-26 12:25,9783
2020-03-26 12:30,9923
2020-03-26 12:35,10069
2020-03-26 12:40,10240
2020-03-26 12:45,10406
2020-03-26 12:50,10543
2020-03-26 12:55,10666
2020-03-26 13:00,10845
2020-03-26 13:05,10960
2020-03-26 13:10,11040
2020-03-26 13:15,11117
2020-03-26 13:20,11207
2020-03-26 13:25,11345
2020-03-26 13:30,11469
2020-03-26 13:35,11566
2020-03-26 13:40,11670
2020-03-26 13:45,11769
2020-03-26 13:50,11974
2020-03-26 13:55,12052
2020-03-26 14:00,12205
2020-03-26 14:05,12332
2020-03-26 14:10,12593
2020-03-26 14:15,12809
2020-03-26 14:20,12954
2020-03-26 14:25,13124
2020-03-26 14:30,13314
2020-03-26 14:35,13519
2020-03-26 14:40,13799
2020-03-26 14:45,13958
2020-03-26 14:50,14170
2020-03-26 14:55,14336
2020-03-26 15:00,14478
2020-03-26 15:05,14685
2020-03-26 15:10,14873
2020-03-26 15:15,15020
2020-03-26 15:20,15060
2020-03-26 15:25,15247
2020-03-26 15:30,15420
2020-03-26 15:35,15488
2020-03-26 15:40,15661
2020-03-26 15:45,15735
2020-03-26 15:50,15890
2020-03-26 15:55,16072
2020-03-26 16:00,16222
2020-03-26 16:05,15675
2020-03-26 16:10,14746
2020-03-26 16:15,14951
2020-03-26 16:20,15108
2020-03-26 16:25,15456
2020-03-26 16:30,15862
2020-03-26 16:35,16134
2020-03-26 16:40,16405
2020-03-26 16:45,16693
2020-03-26 16:50,17007
2020-03-26 16:55,17287
2020-03-26 17:00,17489
2020-03-26 17:05,17718
2020-03-26 17:10,18036
2020-03-26 17:15,18325
2020-03-26 17:20,18575
2020-03-26 17:25,18840
2020-03-26 17:30,19132
2020-03-26 17:35,19370
2020-03-26 17:40,19519
2020-03-26 17:45,19426
2020-03-26 17:50,18125
2020-03-26 17:55,18056
2020-03-26 18:00,18214
2020-03-26 18:05,18486
2020-03-26 18:10,18923
2020-03-26 18:15,19201
2020-03-26 18:20,19425
2020-03-26 18:25,19646
2020-03-26 18:30,19934
2020-03-26 18:35,20285
2020-03-26 18:40,20501
2020-03-26 18:45,20665
2020-03-26 18:50,20880
2020-03-26 18:55,21121
2020-03-26 19:00,21306
2020-03-26 19:05,21570
2020-03-26 19:10,21803
2020-03-26 19:15,22032
2020-03-26 19:20,22316
2020-03-26 19:25,22452
2020-03-26 19:30,22696
2020-03-26 19:35,22822
2020-03-26 19:40,23084
2020-03-26 19:45,23181
2020-03-26 19:50,23216
2020-03-26 19:55,23349
2020-03-26 20:00,23398
2020-03-26 20:05,23529
2020-03-26 20:10,23677
2020-03-26 20:15,23741
2020-03-26 20:20,23699
2020-03-26 20:25,23739
2020-03-26 20:30,23716
2020-03-26 20:35,23777
2020-03-26 20:40,23872
2020-03-26 20:45,23923
2020-03-26 20:50,23930
2020-03-26 20:55,23963
2020-03-26 21:00,23947
2020-03-26 21:05,23947
2020-03-26 21:10,23914
2020-03-26 21:15,23919
2020-03-26 21:20,23891
2020-03-26 21:25,23796
2020-03-26 21:30,23799
2020-03-26 21:35,23744
2020-03-26 21:40,23635
2020-03-26 21:45,19918
2020-03-26 21:50,14897
2020-03-26 21:55,10731
2020-03-26 22:00,6308
2020-03-26 22:05,5608
2020-03-26 22:10,6515
2020-03-26 22:15,8523
2020-03-26 22:20,9639
2020-03-26 22:25,10705
2020-03-26 22:30,11632
2020-03-26 22:35,12423
2020-03-26 22:40,13107
2020-03-26 22:45,13699
2020-03-26 22:50,14235
2020-03-26 22:55,14942
2020-03-26 23:00,15668
2020-03-26 23:05,0
2020-03-26 23:10,17111
2020-03-26 23:15,17638
2020-03-26 23:20,18125
2020-03-26 23:25,18558
2020-03-26 23:30,18912
2020-03-26 23:35,19223
2020-03-26 23:40,19521
2020-03-26 23:45,19910
2020-03-26 23:50,20090
2020-03-26 23:55,20201
2020-03-27 00:00,20201
2020-03-27 00:05,20279
2020-03-27 00:10,20419
2020-03-27 00:15,20441
2020-03-27 00:20,20478
2020-03-27 00:25,20635
2020-03-27 00:30,20634
2020-03-27 00:35,20690
2020-03-27 00:40,20707
2020-03-27 00:45,20677
2020-03-27 00:50,20733
2020-03-27 00:55,20666
2020-03-27 01:00,20559
2020-03-27 01:05,20485
2020-03-27 01:10,20487
2020-03-27 01:15,20398
2020-03-27 01:20,20307
2020-03-27 01:25,20213
2020-03-27 01:30,20170
2020-03-27 01:35,20089
2020-03-27 01:40,20136
2020-03-27 01:45,20084
2020-03-27 01:50,19974
2020-03-27 01:55,19920
2020-03-27 02:00,19841
2020-03-27 02:05,19728
2020-03-27 02:10,19699
2020-03-27 02:15,19530
2020-03-27 02:20,19478
2020-03-27 02:25,19394
2020-03-27 02:30,19254
2020-03-27 02:35,19149
2020-03-27 02:40,19129
2020-03-27 02:45,19051
2020-03-27 02:50,18964
2020-03-27 02:55,18806
2020-03-27 03:00,18655
2020-03-27 03:05,18531
2020-03-27 03:10,18303
2020-03-27 03:15,18142
2020-03-27 03:20,17940
2020-03-27 03:25,17809
2020-03-27 03:30,17775
2020-03-27 03:35,17612
2020-03-27 03:40,17459
2020-03-27 03:45,17324
2020-03-27 03:50,17125
2020-03-27 03:55,16898
2020-03-27 04:00,16731
2020-03-27 04:05,16505
2020-03-27 04:10,16272
2020-03-27 04:15,16119
2020-03-27 04:20,15945
2020-03-27 04:25,15869
2020-03-27 04:30,15673
2020-03-27 04:35,15486
2020-03-27 04:40,15289
2020-03-27 04:45,15062
2020-03-27 04:50,14877
2020-03-27 04:55,14598
2020-03-27 05:00,14361
2020-03-27 05:05,14204
2020-03-27 05:10,13996
2020-03-27 05:15,13741
2020-03-27 05:20,13510
2020-03-27 05:25,13355
2020-03-27 05:30,13082
2020-03-27 05:35,12835
2020-03-27 05:40,12630
2020-03-27 05:45,12393
2020-03-27 05:50,12185
2020-03-27 05:55,12023
2020-03-27 06:00,11863
2020-03-27 06:05,11642
2020-03-27 06:10,11392
2020-03-27 06:15,11146
2020-03-27 06:20,10960
2020-03-27 06:25,10807
2020-03-27 06:30,10608
2020-03-27 06:35,10390
2020-03-27 06:40,10251
2020-03-27 06:45,10113
2020-03-27 06:50,9885
2020-03-27 06:55,9684
2020-03-27 07:00,9508
2020-03-27 07:05,9281
2020-03-27 07:10,9064
2020-03-27 07:15,8877
2020-03-27 07:20,8774
2020-03-27 07:25,8629
2020-03-27 07:30,8418
2020-03-27 07:35,8253
2020-03-27 07:40,8114
2020-03-27 07:45,7981
2020-03-27 07:50,7845
2020-03-27 07:55,7646
2020-03-27 08:00,7558
2020-03-27 08:05,7449
2020-03-27 08:10,7350
2020-03-27 08:15,7225
2020-03-27 08:20,7136
2020-03-27 08:25,7069
2020-03-27 08:30,7037
2020-03-27 08:35,6937
2020-03-27 08:40,6859
2020-03-27 08:45,6775
2020-03-27 08:50,6749
2020-03-27 08:55,6674
2020-03-27 09:00,6660
2020-03-27 09:05,6652
2020-03-27 09:10,6678
2020-03-27 09:15,6691
2020-03-27 09:20,6636
2020-03-27 09:25,6625
2020-03-27 09:30,6682
2020-03-27 09:35,6609
2020-03-27 09:40,6561
2020-03-27 09:45,6535
2020-03-27 09:50,6557
2020-03-27 09:55,6619
2020-03-27 10:00,6656
2020-03-27 10:05,6586
2020-03-27 10:10,6587
2020-03-27 10:15,
2020-03-27 10:20,
2020-03-27 10:25,6499
2020-03-27 10:30,6501
2020-03-27 10:35,5741
2020-03-27 10:40,4805
2020-03-27 10:45,3912
2020-03-27 10:50,3039
2020-03-27 10:55,2534
2020-03-27 11:00,2203
2020-03-27 11:05,1939
2020-03-27 11:10,1883
2020-03-27 11:15,1788
2020-03-27 11:20,1722
2020-03-27 11:25,1717
2020-03-27 11:30,1706
2020-03-27 11:35,2115
2020-03-27 11:40,2731
2020-03-27 11:45,3329
2020-03-27 11:50,3870
2020-03-27 11:55,4465
2020-03-27 12:00,4963
2020-03-27 12:05,5402
2020-03-27 12:10,5843
2020-03-27 12:15,6291
2020-03-27 12:20,6694
2020-03-27 12:25,7085
2020-03-27 12:30,7451
2020-03-27 12:35,7826
2020-03-27 12:40,8104
2020-03-27 12:45,8373
2020-03-27 12:50,8656
2020-03-27 12:55,8883
2020-03-27 13:00,9100
2020-03-27 13:05,9286
2020-03-27 13:10,9410
2020-03-27 13:15,9620
2020-03-27 13:20,9854
2020-03-27 13:25,10037
2020-03-27 13:30,10204
2020-03-27 13:35,10420
2020-03-27 13:40,10542
2020-03-27 13:45,10754
2020-03-27 13:50,11025
2020-03-27 13:55,11192
2020-03-27 14:00,11368
2020-03-27 14:05,11542
2020-03-27 14:10,11722
2020-03-27 14:15,11956
2020-03-27 14:20,12119
2020-03-27 14:25,12267
2020-03-27 14:30,12480
2020-03-27 14:35,12713
2020-03-27 14:40,12876
2020-03-27 14:45,13032
2020-03-27 14:50,13171
2020-03-27 14:55,13425
2020-03-27 15:00,13587
2020-03-27 15:05,13848
2020-03-27 15:10,14052
2020-03-27 15:15,14211
2020-03-27 15:20,14346
2020-03-27 15:25,14521
2020-03-27 15:30,14750
2020-03-27 15:35,14915
2020-03-27 15:40,14989
2020-03-27 15:45,15213
2020-03-27 15:50,15474
2020-03-27 15:55,15667
2020-03-27 16:00,15803
2020-03-27 16:05,15950
2020-03-27 16:10,16060
2020-03-27 16:15,16198
2020-03-27 16:20,16356
2020-03-27 16:25,16632
2020-03-27 16:30,16840
2020-03-27 16:35,17069
2020-03-27 16:40,17184
2020-03-27 16:45,17334
2020-03-27 16:50,17526
2020-03-27 16:55,17715
2020-03-27 17:00,17852
2020-03-27 17:05,18071
2020-03-27 17:10,18237
2020-03-27 17:15,18439
2020-03-27 17:20,18653
2020-03-27 17:25,18816
2020-03-27 17:30,18999
2020-03-27 17:35,19083
2020-03-27 17:40,19254
2020-03-27 17:45,19333
2020-03-27 17:50,19461
2020-03-27 17:55,19606
2020-03-27 18:00,19768
2020-03-27 18:05,19774
2020-03-27 18:10,19906
2020-03-27 18:15,20059
2020-03-27 18:20,20184
2020-03-27 18:25,20344
2020-03-27 18:30,20408
2020-03-27 18:35,20510
2020-03-27 18:40,20695
2020-03-27 18:45,20776
2020-03-27 18:50,20907
2020-03-27 18:55,21031
2020-03-27 19:00,21145
2020-03-27 19:05,21309
2020-03-27 19:10,21475
2020-03-27 19:15,21605
2020-03-27 19:20,21839
2020-03-27 19:25,21955
2020-03-27 19:30,22023
2020-03-27 19:35,22162
2020-03-27 19:40,22266
2020-03-27 19:45,22385
2020-03-27 19:50,22479
2020-03-27 19:55,22656
2020-03-27 20:00,22745
2020-03-27 20:05,22803
2020-03-27 20:10,23056
2020-03-27 20:15,23091
2020-03-27 20:20,23192
2020-03-27 20:25,23359
2020-03-27 20:30,23476
2020-03-27 20:35,23535
2020-03-27 20:40,23600
2020-03-27 20:45,23652
2020-03-27 20:50,23650
2020-03-27 20:55,23727
2020-03-27 21:00,23683
2020-03-27 21:05,23750
2020-03-27 21:10,23795
2020-03-27 21:15,23902
2020-03-27 21:20,23876
2020-03-27 21:25,23979
2020-03-27 21:30,23965
2020-03-27 21:35,23775
2020-03-27 21:40,24036
2020-03-27 21:45,24019
2020-03-27 21:50,24002
2020-03-27 21:55,23986
2020-03-27 22:00,24025
2020-03-27 22:05,24094
2020-03-27 22:10,24027
2020-03-27 22:15,23984
2020-03-27 22:20,23908
2020-03-27 22:25,23741
2020-03-27 22:30,23712
2020-03-27 22:35,23578
2020-03-27 22:40,23474
2020-03-27 22:45,
2020-03-27 22:50,0
2020-03-27 22:55,23414
2020-03-27 23:00,23329
2020-03-27 23:05,23150
2020-03-27 23:10,22995
2020-03-27 23:15,22935
2020-03-27 23:20,22903
2020-03-27 23:25,22800
2020-03-27 23:30,22718
2020-03-27 23:35,22561
2020-03-27 23:40,22433
2020-03-27 23:45,22336
2020-03-27 23:50,22165
2020-03-27 23:55,21979
2020-03-28 00:00,21841
2020-03-28 00:05,21819
2020-03-28 00:10,0
2020-03-28 00:15,21521
2020-03-28 00:20,21507
2020-03-28 00:25,21455
2020-03-28 00:30,21392
2020-03-28 00:35,21342
2020-03-28 00:40,21257
2020-03-28 00:45,21137
2020-03-28 00:50,21178
2020-03-28 00:55,21056
2020-03-28 01:00,20981
2020-03-28 01:05,20906
2020-03-28 01:10,20904
2020-03-28 01:15,20864
2020-03-28 01:20,20815
2020-03-28 01:25,20753
2020-03-28 01:30,20674
2020-03-28 01:35,20674
2020-03-28 01:40,20616
2020-03-28 01:45,20510
2020-03-28 01:50,20487
2020-03-28 01:55,20444
2020-03-28 02:00,20397
2020-03-28 02:05,20314
2020-03-28 02:10,20314
2020-03-28 02:15,20255
2020-03-28 02:20,20089
2020-03-28 02:25,19974
2020-03-28 02:30,19997
2020-03-28 02:35,19901
2020-03-28 02:40,19899
2020-03-28 02:45,19889
2020-03-28 02:50,19853
2020-03-28 02:55,19719
2020-03-28 03:00,19642
2020-03-28 03:05,19544
2020-03-28 03:10,19372
2020-03-28 03:15,19273
2020-03-28 03:20,19166
2020-03-28 03:25,19037
2020-03-28 03:30,19009
2020-03-28 03:35,18990
2020-03-28 03:40,18896
2020-03-28 03:45,18690
2020-03-28 03:50,18528
2020-03-28 03:55,18471
2020-03-28 04:00,18405
2020-03-28 04:05,18271
2020-03-28 04:10,18109
2020-03-28 04:15,17305
2020-03-28 04:20,16347
2020-03-28 04:25,14795
2020-03-28 04:30,14873
2020-03-28 04:35,14933
2020-03-28 04:40,14919
2020-03-28 04:45,14905
2020-03-28 04:50,14863
2020-03-28 04:55,14776
2020-03-28 05:00,14690
2020-03-28 05:05,14650
2020-03-28 05:10,14588
2020-03-28 05:15,13103
2020-03-28 05:20,12103
2020-03-28 05:25,11156
2020-03-28 05:30,11285
2020-03-28 05:35,11482
2020-03-28 05:40,11609
2020-03-28 05:45,11673
2020-03-28 05:50,11675
2020-03-28 05:55,11735
2020-03-28 06:00,11790
2020-03-28 06:05,11812
2020-03-28 06:10,11756
2020-03-28 06:15,11706
2020-03-28 06:20,11668
2020-03-28 06:25,11585
2020-03-28 06:30,11518
2020-03-28 06:35,11450
2020-03-28 06:40,11367
2020-03-28 06:45,11277
2020-03-28 06:50,11146
2020-03-28 06:55,11028
2020-03-28 07:00,10834
2020-03-28 07:05,10652
2020-03-28 07:10,10486
2020-03-28 07:15,10389
2020-03-28 07:20,10202
2020-03-28 07:25,10060
2020-03-28 07:30,9880
2020-03-28 07:35,9709
2020-03-28 07:40,9565
2020-03-28 07:45,9425
2020-03-28 07:50,9268
2020-03-28 07:55,9146
2020-03-28 08:00,8993
2020-03-28 08:05,8838
2020-03-28 08:10,8629
2020-03-28 08:15,8528
2020-03-28 08:20,8404
2020-03-28 08:25,8318
2020-03-28 08:30,8219
2020-03-28 08:35,8128
2020-03-28 08:40,8095
2020-03-28 08:45,8030
2020-03-28 08:50,7958
2020-03-28 08:55,7849
2020-03-28 09:00,7793
2020-03-28 09:05,7829
2020-03-28 09:10,7799
2020-03-28 09:15,7786
2020-03-28 09:20,7759
2020-03-28 09:25,7675
2020-03-28 09:30,7682
2020-03-28 09:35,7706
2020-03-28 09:40,7712
2020-03-28 09:45,7774
2020-03-28 09:50,7794
2020-03-28 09:55,7793
2020-03-28 10:00,7837
2020-03-28 10:05,7822
2020-03-28 10:10,7834
2020-03-28 10:15,7885
2020-03-28 10:20,7978
2020-03-28 10:25,8043
2020-03-28 10:30,8105
2020-03-28 10:35,8221
2020-03-28 10:40,8265
2020-03-28 10:45,8301
2020-03-28 10:50,8429
2020-03-28 10:55,8109
2020-03-28 11:00,8411
2020-03-28 11:05,8578
2020-03-28 11:10,8720
2020-03-28 11:15,8816
2020-03-28 11:20,8974
2020-03-28 11:25,9131
2020-03-28 11:30,9209
2020-03-28 11:35,9270
2020-03-28 11:40,9386
2020-03-28 11:45,9446
2020-03-28 11:50,9557
2020-03-28 11:55,9691
2020-03-28 12:00,9881
2020-03-28 12:05,10026
2020-03-28 12:10,10162
2020-03-28 12:15,10312
2020-03-28 12:20,10445
2020-03-28 12:25,10590
2020-03-28 12:30,10713
2020-03-28 12:35,10843
2020-03-28 12:40,10932
2020-03-28 12:45,11063
2020-03-28 12:50,11210
2020-03-28 12:55,11381
2020-03-28 13:00,11509
2020-03-28 13:05,11581
2020-03-28 13:10,11791
2020-03-28 13:15,11862
2020-03-28 13:20,11992
2020-03-28 13:25,12124
2020-03-28 13:30,12272
2020-03-28 13:35,12407
2020-03-28 13:40,12533
2020-03-28 13:45,12684
2020-03-28 13:50,12831
2020-03-28 13:55,13042
2020-03-28 14:00,13209
2020-03-28 14:05,13305
2020-03-28 14:10,13555
2020-03-28 14:15,13740
2020-03-28 14:20,13886
2020-03-28 14:25,14120
2020-03-28 14:30,14323
2020-03-28 14:35,14497
2020-03-28 14:40,14676
2020-03-28 14:45,14874
2020-03-28 14:50,15086
2020-03-28 14:55,15305
2020-03-28 15:00,15469
2020-03-28 15:05,15685
2020-03-28 15:10,15869
2020-03-28 15:15,16142
2020-03-28 15:20,16281
2020-03-28 15:25,16436
2020-03-28 15:30,16589
2020-03-28 15:35,16710
2020-03-28 15:40,16916
2020-03-28 15:45,17114
2020-03-28 15:50,17323
2020-03-28 15:55,17559
2020-03-28 16:00,17589
2020-03-28 16:05,17700
2020-03-28 16:10,17921
2020-03-28 16:15,18154
2020-03-28 16:20,18337
2020-03-28 16:25,18442
2020-03-28 16:30,18616
2020-03-28 16:35,18787
2020-03-28 16:40,19057
2020-03-28 16:45,19173
2020-03-28 16:50,19261
2020-03-28 16:55,19392
2020-03-28 17:00,19433
2020-03-28 17:05,19670
2020-03-28 17:10,19872
2020-03-28 17:15,20011
2020-03-28 17:20,20167
2020-03-28 17:25,20270
2020-03-28 17:30,20298
2020-03-28 17:35,20468
2020-03-28 17:40,20620
2020-03-28 17:45,20865
2020-03-28 17:50,20863
2020-03-28 17:55,20989
2020-03-28 18:00,21092
2020-03-28 18:05,21234
2020-03-28 18:10,21447
2020-03-28 18:15,21631
2020-03-28 18:20,21767
2020-03-28 18:25,21883
2020-03-28 18:30,22049
2020-03-28 18:35,22244
2020-03-28 18:40,22340
2020-03-28 18:45,22561
2020-03-28 18:50,22593
2020-03-28 18:55,22688
2020-03-28 19:00,22749
2020-03-28 19:05,22831
2020-03-28 19:10,23050
2020-03-28 19:15,23251
2020-03-28 19:20,23383
2020-03-28 19:25,23599
2020-03-28 19:30,23780
2020-03-28 19:35,23925
2020-03-28 19:40,24039
2020-03-28 19:45,24229
2020-03-28 19:50,24400
2020-03-28 19:55,24571
2020-03-28 20:00,24580
2020-03-28 20:05,24685
2020-03-28 20:10,24774
2020-03-28 20:15,24873
2020-03-28 20:20,25000
2020-03-28 20:25,25184
2020-03-28 20:30,25203
2020-03-28 20:35,25278
2020-03-28 20:40,25235
2020-03-28 20:45,25152
2020-03-28 20:50,25137
2020-03-28 20:55,25183
2020-03-28 21:00,25262
2020-03-28 21:05,25291
2020-03-28 21:10,25380
2020-03-28 21:15,25365
2020-03-28 21:20,25321
2020-03-28 21:25,25373
2020-03-28 21:30,23121
2020-03-28 21:35,20562
2020-03-28 21:40,19350
2020-03-28 21:45,18807
2020-03-28 21:50,18689
2020-03-28 21:55,19256
2020-03-28 22:00,19662
2020-03-28 22:05,20100
2020-03-28 22:10,20722
2020-03-28 22:15,21238
2020-03-28 22:20,21636
2020-03-28 22:25,21900
2020-03-28 22:30,22208
2020-03-28 22:35,22511
2020-03-28 22:40,22761
2020-03-28 22:45,22983
2020-03-28 22:50,23156
2020-03-28 22:55,23312
2020-03-28 23:00,23380
2020-03-28 23:05,23517
2020-03-28 23:10,23564
2020-03-28 23:15,23556
2020-03-28 23:20,23574
2020-03-28 23:25,23569
2020-03-28 23:30,23446
2020-03-28 23:35,23422
2020-03-28 23:40,23315
2020-03-28 23:45,23258
2020-03-28 23:50,23248
2020-03-28 23:55,23209
2020-03-29 00:00,23127
2020-03-29 00:05,22959
2020-03-29 00:10,22856
2020-03-29 00:15,22771
2020-03-29 00:20,22560
2020-03-29 00:25,22521
2020-03-29 00:30,22466
2020-03-29 00:35,22357
2020-03-29 00:40,22214
2020-03-29 00:45,22076
2020-03-29 00:50,22004
2020-03-29 00:55,21936
2020-03-29 01:00,21764
2020-03-29 01:05,21612
2020-03-29 01:10,21422
2020-03-29 01:15,21251
2020-03-29 01:20,21145
2020-03-29 01:25,21086
2020-03-29 01:30,20980
2020-03-29 01:35,20958
2020-03-29 01:40,20943
2020-03-29 01:45,20883
2020-03-29 01:50,20802
2020-03-29 01:55,20635
2020-03-29 02:00,20481
2020-03-29 02:05,20442
2020-03-29 02:10,20324
2020-03-29 02:15,20284
2020-03-29 02:20,20247
2020-03-29 02:25,20158
2020-03-29 02:30,20094
2020-03-29 02:35,20110
2020-03-29 02:40,20103
2020-03-29 02:45,20061
2020-03-29 02:50,19979
2020-03-29 02:55,19952
2020-03-29 03:00,19862
2020-03-29 03:05,19855
2020-03-29 03:10,19557
2020-03-29 03:15,19505
2020-03-29 03:20,19450
2020-03-29 03:25,19414
2020-03-29 03:30,19278
2020-03-29 03:35,19179
2020-03-29 03:40,19094
2020-03-29 03:45,18959
2020-03-29 03:50,18905
2020-03-29 03:55,18743
2020-03-29 04:00,18656
2020-03-29 04:05,18494
2020-03-29 04:10,18379
2020-03-29 04:15,18263
2020-03-29 04:20,18270
2020-03-29 04:25,18050
2020-03-29 04:30,17753
2020-03-29 04:35,17635
2020-03-29 04:40,17480
2020-03-29 04:45,17262
2020-03-29 04:50,17117
2020-03-29 04:55,16909
2020-03-29 05:00,16759
2020-03-29 05:05,16526
2020-03-29 05:10,16362
2020-03-29 05:15,16118
2020-03-29 05:20,15943
2020-03-29 05:25,15722
2020-03-29 05:30,15438
2020-03-29 05:35,15219
2020-03-29 05:40,15054
2020-03-29 05:45,14875
2020-03-29 05:50,14560
2020-03-29 05:55,14353
2020-03-29 06:00,14132
2020-03-29 06:05,13903
2020-03-29 06:10,13690
2020-03-29 06:15,13400
2020-03-29 06:20,13173
2020-03-29 06:25,12932
2020-03-29 06:30,12722
2020-03-29 06:35,12262
2020-03-29 06:40,12030
2020-03-29 06:45,11755
2020-03-29 06:50,11566
2020-03-29 06:55,11313
2020-03-29 07:00,11050
2020-03-29 07:05,10711
2020-03-29 07:10,10454
2020-03-29 07:15,10145
2020-03-29 07:20,9808
2020-03-29 07:25,9547
2020-03-29 07:30,9265
2020-03-29 07:35,7616
2020-03-29 07:40,6211
2020-03-29 07:45,4966
2020-03-29 07:50,3664
2020-03-29 07:55,2824
2020-03-29 08:00,2431
2020-03-29 08:05,1945
2020-03-29 08:10,1844
2020-03-29 08:15,1893
2020-03-29 08:20,1841
2020-03-29 08:25,1875
2020-03-29 08:30,2508
2020-03-29 08:35,3104
2020-03-29 08:40,3638
2020-03-29 08:45,4114
2020-03-29 08:50,4543
2020-03-29 08:55,4915
2020-03-29 09:00,5307
2020-03-29 09:05,5679
2020-03-29 09:10,6015
2020-03-29 09:15,6307
2020-03-29 09:20,6593
2020-03-29 09:25,6884
2020-03-29 09:30,7093
2020-03-29 09:35,7278
2020-03-29 09:40,7479
2020-03-29 09:45,7657
2020-03-29 09:50,7867
2020-03-29 09:55,8071
2020-03-29 10:00,8238
2020-03-29 10:05,8371
2020-03-29 10:10,8541
2020-03-29 10:15,8643
2020-03-29 10:20,8812
2020-03-29 10:25,8999
2020-03-29 10:30,9131
2020-03-29 10:35,9255
2020-03-29 10:40,9279
2020-03-29 10:45,9418
2020-03-29 10:50,9517
2020-03-29 10:55,9671
2020-03-29 11:00,9746
2020-03-29 11:05,9817
2020-03-29 11:10,9955
2020-03-29 11:15,10039
2020-03-29 11:20,10185
2020-03-29 11:25,10305
2020-03-29 11:30,10420
2020-03-29 11:35,10501
2020-03-29 11:40,10671
2020-03-29 11:45,10839
2020-03-29 11:50,10937
2020-03-29 11:55,11065
2020-03-29 12:00,11212
2020-03-29 12:05,11417
2020-03-29 12:10,11558
2020-03-29 12:15,11738
2020-03-29 12:20,11908
2020-03-29 12:25,11989
2020-03-29 12:30,12075
2020-03-29 12:35,12175
2020-03-29 12:40,12370
2020-03-29 12:45,12532
2020-03-29 12:50,12593
2020-03-29 12:55,12750
2020-03-29 13:00,12893
2020-03-29 13:05,13087
2020-03-29 13:10,13186
2020-03-29 13:15,13425
2020-03-29 13:20,13570
2020-03-29 13:25,13771
2020-03-29 13:30,13976
2020-03-29 13:35,14139
2020-03-29 13:40,14315
2020-03-29 13:45,14559
2020-03-29 13:50,14702
2020-03-29 13:55,14887
2020-03-29 14:00,14986
2020-03-29 14:05,15212
2020-03-29 14:10,15372
2020-03-29 14:15,15578
2020-03-29 14:20,15756
2020-03-29 14:25,16006
2020-03-29 14:30,16135
2020-03-29 14:35,16350
2020-03-29 14:40,16559
2020-03-29 14:45,16728
2020-03-29 14:50,16861
2020-03-29 14:55,17097
2020-03-29 15:00,17300
2020-03-29 15:05,17407
2020-03-29 15:10,17556
2020-03-29 15:15,17670
2020-03-29 15:20,17842
2020-03-29 15:25,17974
2020-03-29 15:30,18129
2020-03-29 15:35,18275
2020-03-29 15:40,18425
2020-03-29 15:45,18541
2020-03-29 15:50,18689
2020-03-29 15:55,18726
2020-03-29 16:00,18791
2020-03-29 16:05,18945
2020-03-29 16:10,19117
2020-03-29 16:15,19200
2020-03-29 16:20,19306
2020-03-29 16:25,19432
2020-03-29 16:30,19638
2020-03-29 16:35,19756
2020-03-29 16:40,19849
2020-03-29 16:45,19984
2020-03-29 16:50,20114
2020-03-29 16:55,
2020-03-29 17:00,20337
2020-03-29 17:05,20432
2020-03-29 17:10,20563
2020-03-29 17:15,20743
2020-03-29 17:20,20975
2020-03-29 17:25,21175
2020-03-29 17:30,21351
2020-03-29 17:35,21525
2020-03-29 17:40,21591
2020-03-29 17:45,21616
2020-03-29 17:50,21807
2020-03-29 17:55,21959
2020-03-29 18:00,22058
2020-03-29 18:05,22219
2020-03-29 18:10,22504
2020-03-29 18:15,22636
2020-03-29 18:20,22831
2020-03-29 18:25,22994
2020-03-29 18:30,23153
2020-03-29 18:35,23290
2020-03-29 18:40,23455
2020-03-29 18:45,23616
2020-03-29 18:50,23838
2020-03-29 18:55,23937
2020-03-29 19:00,24148
2020-03-29 19:05,24178
2020-03-29 19:10,0
2020-03-29 19:15,0
2020-03-29 19:20,24309
2020-03-29 19:25,24425
2020-03-29 19:30,24580
2020-03-29 19:35,24702
2020-03-29 19:40,24782
2020-03-29 19:45,24867
2020-03-29 19:50,24831
2020-03-29 19:55,25004
2020-03-29 20:00,25028
2020-03-29 20:05,25081
2020-03-29 20:10,25036
2020-03-29 20:15,25089
2020-03-29 20:20,25073
2020-03-29 20:25,25145
2020-03-29 20:30,25195
2020-03-29 20:35,25239
2020-03-29 20:40,25229
2020-03-29 20:45,25338
2020-03-29 20:50,25318
2020-03-29 20:55,25405
2020-03-29 21:00,25278
2020-03-29 21:05,25201
2020-03-29 21:10,25140
2020-03-29 21:15,25100
2020-03-29 21:20,25038
2020-03-29 21:25,25034
2020-03-29 21:30,24931
2020-03-29 21:35,24932
2020-03-29 21:40,24834
2020-03-29 21:45,24657
2020-03-29 21:50,24506
2020-03-29 21:55,24356
2020-03-29 22:00,24097
2020-03-29 22:05,23770
2020-03-29 22:10,23581
2020-03-29 22:15,23418
2020-03-29 22:20,23168
2020-03-29 22:25,22999
2020-03-29 22:30,22792
2020-03-29 22:35,22502
2020-03-29 22:40,22345
2020-03-29 22:45,22242
2020-03-29 22:50,22109
2020-03-29 22:55,21951
2020-03-29 23:00,21808
2020-03-29 23:05,21625
2020-03-29 23:10,21412
2020-03-29 23:15,21243
2020-03-29 23:20,21055
2020-03-29 23:25,21025
2020-03-29 23:30,20916
2020-03-29 23:35,20741
2020-03-29 23:40,20545
2020-03-29 23:45,20450
2020-03-29 23:50,20334
2020-03-29 23:55,20243
2020-03-30 00:00,20295
2020-03-30 00:05,20130
2020-03-30 00:10,20046
2020-03-30 00:15,19983
2020-03-30 00:20,19952
2020-03-30 00:25,19913
2020-03-30 00:30,19913
2020-03-30 00:35,19865
2020-03-30 00:40,19792
2020-03-30 00:45,19814
2020-03-30 00:50,19691
2020-03-30 00:55,19733
2020-03-30 01:00,19684
2020-03-30 01:05,19630
2020-03-30 01:10,19595
2020-03-30 01:15,19573
2020-03-30 01:20,19487
2020-03-30 01:25,19439
2020-03-30 01:30,19469
2020-03-30 01:35,19406
2020-03-30 01:40,19385
2020-03-30 01:45,19398
2020-03-30 01:50,19425
2020-03-30 01:55,19427
2020-03-30 02:00,19352
2020-03-30 02:05,19209
2020-03-30 02:10,19262
2020-03-30 02:15,19278
2020-03-30 02:20,19298
2020-03-30 02:25,19203
2020-03-30 02:30,19251
2020-03-30 02:35,19194
2020-03-30 02:40,19080
2020-03-30 02:45,19025
2020-03-30 02:50,18882
2020-03-30 02:55,18794
2020-03-30 03:00,18697
2020-03-30 03:05,18653
2020-03-30 03:10,18451
2020-03-30 03:15,18310
2020-03-30 03:20,18184
2020-03-30 03:25,18062
2020-03-30 03:30,17993
2020-03-30 03:35,17864
2020-03-30 03:40,17771
2020-03-30 03:45,17556
2020-03-30 03:50,17393
2020-03-30 03:55,17238
2020-03-30 04:00,17040
2020-03-30 04:05,16939
2020-03-30 04:10,16814
2020-03-30 04:15,16666
2020-03-30 04:20,16485
2020-03-30 04:25,16206
2020-03-30 04:30,15963
2020-03-30 04:35,15812
2020-03-30 04:40,15688
2020-03-30 04:45,15456
2020-03-30 04:50,15202
2020-03-30 04:55,14976
2020-03-30 05:00,14740
2020-03-30 05:05,14553
2020-03-30 05:10,14349
2020-03-30 05:15,14164
2020-03-30 05:20,13980
2020-03-30 05:25,13797
2020-03-30 05:30,13548
2020-03-30 05:35,9500
2020-03-30 05:40,13034
2020-03-30 05:45,12895
2020-03-30 05:50,12678
2020-03-30 05:55,12475
2020-03-30 06:00,12283
2020-03-30 06:05,11940
2020-03-30 06:10,11686
2020-03-30 06:15,11494
2020-03-30 06:20,11280
2020-03-30 06:25,11134
2020-03-30 06:30,10993
2020-03-30 06:35,10868
2020-03-30 06:40,10747
2020-03-30 06:45,10528
2020-03-30 06:50,10344
2020-03-30 06:55,10133
2020-03-30 07:00,9952
2020-03-30 07:05,9727
2020-03-30 07:10,9618
2020-03-30 07:15,9531
2020-03-30 07:20,9319
2020-03-30 07:25,9230
2020-03-30 07:30,9110
2020-03-30 07:35,9001
2020-03-30 07:40,8887
2020-03-30 07:45,8818
2020-03-30 07:50,8696
2020-03-30 07:55,8505
2020-03-30 08:00,8427
2020-03-30 08:05,8326
2020-03-30 08:10,8234
2020-03-30 08:15,8122
2020-03-30 08:20,8024
2020-03-30 08:25,7983
2020-03-30 08:30,7902
2020-03-30 08:35,7817
2020-03-30 08:40,7777
2020-03-30 08:45,7752
2020-03-30 08:50,7691
2020-03-30 08:55,7670
2020-03-30 09:00,7592
2020-03-30 09:05,7570
2020-03-30 09:10,7568
2020-03-30 09:15,7589
2020-03-30 09:20,7625
2020-03-30 09:25,7613
2020-03-30 09:30,7640
2020-03-30 09:35,7648
2020-03-30 09:40,7718
2020-03-30 09:45,7759
2020-03-30 09:50,7788
2020-03-30 09:55,7788
2020-03-30 10:00,7813
2020-03-30 10:05,7873
2020-03-30 10:10,7981
2020-03-30 10:15,8080
2020-03-30 10:20,8137
2020-03-30 10:25,8097
2020-03-30 10:30,8203
2020-03-30 10:35,8245
2020-03-30 10:40,8284
2020-03-30 10:45,8352
2020-03-30 10:50,8417
2020-03-30 10:55,8512
2020-03-30 11:00,8541
2020-03-30 11:05,8572
2020-03-30 11:10,8614
2020-03-30 11:15,8759
2020-03-30 11:20,8822
2020-03-30 11:25,8890
2020-03-30 11:30,9023
2020-03-30 11:35,9079
2020-03-30 11:40,9177
2020-03-30 11:45,9244
2020-03-30 11:50,9347
2020-03-30 11:55,9366
2020-03-30 12:00,9453
2020-03-30 12:05,9595
2020-03-30 12:10,9782
2020-03-30 12:15,9853
2020-03-30 12:20,9949
2020-03-30 12:25,10038
2020-03-30 12:30,10181
2020-03-30 12:35,10255
2020-03-30 12:40,10407
2020-03-30 12:45,10505
2020-03-30 12:50,10612
2020-03-30 12:55,10751
2020-03-30 13:00,10835
2020-03-30 13:05,10927
2020-03-30 13:10,11111
2020-03-30 13:15,11190
2020-03-30 13:20,11437
2020-03-30 13:25,11590
2020-03-30 13:30,11693
2020-03-30 13:35,11827
2020-03-30 13:40,11977
2020-03-30 13:45,12178
2020-03-30 13:50,12333
2020-03-30 13:55,12467
2020-03-30 14:00,12596
2020-03-30 14:05,12750
2020-03-30 14:10,12904
2020-03-30 14:15,13130
2020-03-30 14:20,13283
2020-03-30 14:25,13451
2020-03-30 14:30,13607
2020-03-30 14:35,13755
2020-03-30 14:40,13947
2020-03-30 14:45,14162
2020-03-30 14:50,14272
2020-03-30 14:55,14383
2020-03-30 15:00,14473
2020-03-30 15:05,14550
2020-03-30 15:10,14644
2020-03-30 15:15,14837
2020-03-30 15:20,15008
2020-03-30 15:25,15263
2020-03-30 15:30,15465
2020-03-30 15:35,15607
2020-03-30 15:40,15825
2020-03-30 15:45,15977
2020-03-30 15:50,16019
2020-03-30 15:55,16152
2020-03-30 16:00,16272
2020-03-30 16:05,16417
2020-03-30 16:10,16477
2020-03-30 16:15,16638
2020-03-30 16:20,16760
2020-03-30 16:25,16961
2020-03-30 16:30,17088
2020-03-30 16:35,17276
2020-03-30 16:40,17409
2020-03-30 16:45,17565
2020-03-30 16:50,17683
2020-03-30 16:55,17817
2020-03-30 17:00,18089
2020-03-30 17:05,18197
2020-03-30 17:10,18299
2020-03-30 17:15,18452
2020-03-30 17:20,18567
2020-03-30 17:25,18691
2020-03-30 17:30,18823
2020-03-30 17:35,19014
2020-03-30 17:40,19278
2020-03-30 17:45,19360
2020-03-30 17:50,19447
2020-03-30 17:55,19648
2020-03-30 18:00,19898
2020-03-30 18:05,20005
2020-03-30 18:10,20155
2020-03-30 18:15,20305
2020-03-30 18:20,20473
2020-03-30 18:25,20664
2020-03-30 18:30,20760
2020-03-30 18:35,20910
2020-03-30 18:40,21065
2020-03-30 18:45,21234
2020-03-30 18:50,21296
2020-03-30 18:55,21378
2020-03-30 19:00,21526
2020-03-30 19:05,21628
2020-03-30 19:10,21811
2020-03-30 19:15,21892
2020-03-30 19:20,21888
2020-03-30 19:25,22082
2020-03-30 19:30,22172
2020-03-30 19:35,22407
2020-03-30 19:40,22480
2020-03-30 19:45,22548
2020-03-30 19:50,22566
2020-03-30 19:55,22599
2020-03-30 20:00,22561
2020-03-30 20:05,22560
2020-03-30 20:10,22692
2020-03-30 20:15,22860
2020-03-30 20:20,22931
2020-03-30 20:25,22952
2020-03-30 20:30,22983
2020-03-30 20:35,23039
2020-03-30 20:40,22941
2020-03-30 20:45,22983
2020-03-30 20:50,23098
2020-03-30 20:55,23091
2020-03-30 21:00,23057
2020-03-30 21:05,22986
2020-03-30 21:10,22914
2020-03-30 21:15,22886
2020-03-30 21:20,22878
2020-03-30 21:25,22861
2020-03-30 21:30,22204
2020-03-30 21:35,16940
2020-03-30 21:40,8931
2020-03-30 21:45,6065
2020-03-30 21:50,5332
2020-03-30 21:55,5042
2020-03-30 22:00,6019
2020-03-30 22:05,7646
2020-03-30 22:10,8973
2020-03-30 22:15,10238
2020-03-30 22:20,11314
2020-03-30 22:25,12435
2020-03-30 22:30,13419
2020-03-30 22:35,14259
2020-03-30 22:40,15076
2020-03-30 22:45,15748
2020-03-30 22:50,16397
2020-03-30 22:55,16947
2020-03-30 23:00,17402
2020-03-30 23:05,17710
2020-03-30 23:10,18013
2020-03-30 23:15,18346
2020-03-30 23:20,18651
2020-03-30 23:25,18836
2020-03-30 23:30,18965
2020-03-30 23:35,19031
2020-03-30 23:40,19150
2020-03-30 23:45,19258
2020-03-30 23:50,19363
2020-03-30 23:55,19380
2020-03-31 00:00,19425
2020-03-31 00:05,19479
2020-03-31 00:10,19521
2020-03-31 00:15,19447
2020-03-31 00:20,19475
2020-03-31 00:25,19440
2020-03-31 00:30,19419
2020-03-31 00:35,19507
2020-03-31 00:40,19584
2020-03-31 00:45,19575
2020-03-31 00:50,19599
2020-03-31 00:55,19591
2020-03-31 01:00,19498
2020-03-31 01:05,19473
2020-03-31 01:10,19500
2020-03-31 01:15,19465
2020-03-31 01:20,19445
2020-03-31 01:25,19459
2020-03-31 01:30,19503
2020-03-31 01:35,19447
2020-03-31 01:40,19458
2020-03-31 01:45,19503
2020-03-31 01:50,19501
2020-03-31 01:55,19414
2020-03-31 02:00,19385
2020-03-31 02:05,19270
2020-03-31 02:10,19228
2020-03-31 02:15,19164
2020-03-31 02:20,19116
2020-03-31 02:25,19127
2020-03-31 02:30,19058
2020-03-31 02:35,18989
2020-03-31 02:40,18988
2020-03-31 02:45,18889
2020-03-31 02:50,18987
2020-03-31 02:55,18956
2020-03-31 03:00,18864
2020-03-31 03:05,18700
2020-03-31 03:10,18614
2020-03-31 03:15,18457
2020-03-31 03:20,18226
2020-03-31 03:25,18113
2020-03-31 03:30,17942
2020-03-31 03:35,17797
2020-03-31 03:40,17589
2020-03-31 03:45,17377
2020-03-31 03:50,17164
2020-03-31 03:55,17048
2020-03-31 04:00,16854
2020-03-31 04:05,16596
2020-03-31 04:10,16454
2020-03-31 04:15,16299
2020-03-31 04:20,16060
2020-03-31 04:25,15847
2020-03-31 04:30,15671
2020-03-31 04:35,15409
2020-03-31 04:40,15211
2020-03-31 04:45,15022
2020-03-31 04:50,14841
2020-03-31 04:55,14691
2020-03-31 05:00,14517
2020-03-31 05:05,14274
2020-03-31 05:10,14034
2020-03-31 05:15,13900
2020-03-31 05:20,13624
2020-03-31 05:25,13503
2020-03-31 05:30,13282
2020-03-31 05:35,12984
2020-03-31 05:40,12790
2020-03-31 05:45,12612
2020-03-31 05:50,12424
2020-03-31 05:55,12216
2020-03-31 06:00,12044
2020-03-31 06:05,11866
2020-03-31 06:10,11621
2020-03-31 06:15,11426
2020-03-31 06:20,11270
2020-03-31 06:25,11080
2020-03-31 06:30,10893
2020-03-31 06:35,10736
2020-03-31 06:40,10555
2020-03-31 06:45,10393
2020-03-31 06:50,10276
2020-03-31 06:55,10105
2020-03-31 07:00,9928
2020-03-31 07:05,9655
2020-03-31 07:10,9388
2020-03-31 07:15,9108
2020-03-31 07:20,8776
2020-03-31 07:25,8428
2020-03-31 07:30,8143
2020-03-31 07:35,7593
2020-03-31 07:40,6054
2020-03-31 07:45,4763
2020-03-31 07:50,3657
2020-03-31 07:55,2805
2020-03-31 08:00,2312
2020-03-31 08:05,2049
2020-03-31 08:10,1749
2020-03-31 08:15,1728
2020-03-31 08:20,1721
2020-03-31 08:25,1718
2020-03-31 08:30,1727
2020-03-31 08:35,2149
2020-03-31 08:40,2684
2020-03-31 08:45,3165
2020-03-31 08:50,3638
2020-03-31 08:55,4049
2020-03-31 09:00,4426
2020-03-31 09:05,4784
2020-03-31 09:10,5168
2020-03-31 09:15,5491
2020-03-31 09:20,5745
2020-03-31 09:25,6027
2020-03-31 09:30,6257
2020-03-31 09:35,6446
2020-03-31 09:40,6614
2020-03-31 09:45,6775
2020-03-31 09:50,6946
2020-03-31 09:55,7138
2020-03-31 10:00,7209
2020-03-31 10:05,7310
2020-03-31 10:10,7488
2020-03-31 10:15,7579
2020-03-31 10:20,7672
2020-03-31 10:25,7781
2020-03-31 10:30,7857
2020-03-31 10:35,8046
2020-03-31 10:40,8183
2020-03-31 10:45,8233
2020-03-31 10:50,8330
2020-03-31 10:55,8432
2020-03-31 11:00,8546
2020-03-31 11:05,8649
2020-03-31 11:10,8707
2020-03-31 11:15,8753
2020-03-31 11:20,8829
2020-03-31 11:25,8885
2020-03-31 11:30,8959
2020-03-31 11:35,9010
2020-03-31 11:40,9142
2020-03-31 11:45,9233
2020-03-31 11:50,9365
2020-03-31 11:55,9471
2020-03-31 12:00,9584
2020-03-31 12:05,9673
2020-03-31 12:10,9790
2020-03-31 12:15,9943
2020-03-31 12:20,10006
2020-03-31 12:25,10190
2020-03-31 12:30,10292
2020-03-31 12:35,10379
2020-03-31 12:40,10499
2020-03-31 12:45,10658
2020-03-31 12:50,10795
2020-03-31 12:55,10901
2020-03-31 13:00,10999
2020-03-31 13:05,11106
2020-03-31 13:10,11230
2020-03-31 13:15,11334
2020-03-31 13:20,11476
2020-03-31 13:25,11641
2020-03-31 13:30,11820
2020-03-31 13:35,12022
2020-03-31 13:40,12221
2020-03-31 13:45,12382
2020-03-31 13:50,12607
2020-03-31 13:55,12781
2020-03-31 14:00,12930
2020-03-31 14:05,13114
2020-03-31 14:10,13326
2020-03-31 14:15,13492
2020-03-31 14:20,13671
2020-03-31 14:25,13783
2020-03-31 14:30,14000
2020-03-31 14:35,14129
2020-03-31 14:40,14304
2020-03-31 14:45,14516
2020-03-31 14:50,14593
2020-03-31 14:55,14737
2020-03-31 15:00,14801
2020-03-31 15:05,14997
2020-03-31 15:10,15175
2020-03-31 15:15,15290
2020-03-31 15:20,15448
2020-03-31 15:25,15570
2020-03-31 15:30,15652
2020-03-31 15:35,15768
2020-03-31 15:40,15877
2020-03-31 15:45,16033
2020-03-31 15:50,16171
2020-03-31 15:55,16367
2020-03-31 16:00,16551
2020-03-31 16:05,16727
2020-03-31 16:10,16847
2020-03-31 16:15,16913
2020-03-31 16:20,17059
2020-03-31 16:25,17234
2020-03-31 16:30,17490
2020-03-31 16:35,17563
2020-03-31 16:40,17658
2020-03-31 16:45,17777
2020-03-31 16:50,17989
2020-03-31 16:55,18150
2020-03-31 17:00,18309
2020-03-31 17:05,18462
2020-03-31 17:10,18718
2020-03-31 17:15,18901
2020-03-31 17:20,18986
2020-03-31 17:25,19087
2020-03-31 17:30,19197
2020-03-31 17:35,19339
2020-03-31 17:40,19453
2020-03-31 17:45,19553
2020-03-31 17:50,19790
2020-03-31 17:55,19900
2020-03-31 18:00,19990
2020-03-31 18:05,20139
2020-03-31 18:10,20269
2020-03-31 18:15,20559
2020-03-31 18:20,20781
2020-03-31 18:25,20974
2020-03-31 18:30,21064
2020-03-31 18:35,21250
2020-03-31 18:40,21447
2020-03-31 18:45,21554
2020-03-31 18:50,21697
2020-03-31 18:55,21770
2020-03-31 19:00,21958
2020-03-31 19:05,21998
2020-03-31 19:10,22033
2020-03-31 19:15,22060
2020-03-31 19:20,22164
2020-03-31 19:25,22259
2020-03-31 19:30,22357
2020-03-31 19:35,22491
2020-03-31 19:40,22621
2020-03-31 19:45,22650
2020-03-31 19:50,22671
2020-03-31 19:55,22778
2020-03-31 20:00,22874
2020-03-31 20:05,22908
2020-03-31 20:10,22910
2020-03-31 20:15,22944
2020-03-31 20:20,22949
2020-03-31 20:25,22892
2020-03-31 20:30,23018
2020-03-31 20:35,23086
2020-03-31 20:40,23086
2020-03-31 20:45,23061
2020-03-31 20:50,23025
2020-03-31 20:55,23006
2020-03-31 21:00,23067
2020-03-31 21:05,23011
2020-03-31 21:10,22955
2020-03-31 21:15,22791
2020-03-31 21:20,22726
2020-03-31 21:25,22784
2020-03-31 21:30,22698
2020-03-31 21:35,22573
2020-03-31 21:40,22468
2020-03-31 21:45,22292
2020-03-31 21:50,22300
2020-03-31 21:55,22124
2020-03-31 22:00,21981
2020-03-31 22:05,21848
2020-03-31 22:10,21626
2020-03-31 22:15,21481
2020-03-31 22:20,21325
2020-03-31 22:25,21188
2020-03-31 22:30,21017
2020-03-31 22:35,20882
2020-03-31 22:40,20887
2020-03-31 22:45,20910
2020-03-31 22:50,20808
2020-03-31 22:55,20757
2020-03-31 23:00,20608
2020-03-31 23:05,20504
2020-03-31 23:10,20409
2020-03-31 23:15,20287
2020-03-31 23:20,0
2020-03-31 23:25,15563
2020-03-31 23:30,19121
2020-03-31 23:35,19685
2020-03-31 23:40,19748
2020-03-31 23:45,19705
2020-03-31 23:50,19730
2020-03-31 23:55,19615
2020-04-01 00:00,0
2020-04-01 00:05,19415
2020-04-01 00:10,19313
2020-04-01 00:15,19292
2020-04-01 00:20,19283
2020-04-01 00:25,19213
2020-04-01 00:30,19297
2020-04-01 00:35,19275
2020-04-01 00:40,19293
2020-04-01 00:45,19353
2020-04-01 00:50,19358
2020-04-01 00:55,19365
2020-04-01 01:00,19320
2020-04-01 01:05,19425
2020-04-01 01:10,19316
2020-04-01 01:15,19302
2020-04-01 01:20,19267
2020-04-01 01:25,19192
2020-04-01 01:30,19232
2020-04-01 01:35,19182
2020-04-01 01:40,19183
2020-04-01 01:45,19201
2020-04-01 01:50,19212
2020-04-01 01:55,19150
2020-04-01 02:00,19049
2020-04-01 02:05,19043
2020-04-01 02:10,18926
2020-04-01 02:15,18873
2020-04-01 02:20,18821
2020-04-01 02:25,18752
2020-04-01 02:30,18659
2020-04-01 02:35,18542
2020-04-01 02:40,18466
2020-04-01 02:45,18379
2020-04-01 02:50,18181
2020-04-01 02:55,18028
2020-04-01 03:00,17983
2020-04-01 03:05,17806
2020-04-01 03:10,17730
2020-04-01 03:15,17626
2020-04-01 03:20,17596
2020-04-01 03:25,17525
2020-04-01 03:30,17452
2020-04-01 03:35,17310
2020-04-01 03:40,17212
2020-04-01 03:45,17156
2020-04-01 03:50,17059
2020-04-01 03:55,16912
2020-04-01 04:00,16755
2020-04-01 04:05,16578
2020-04-01 04:10,16367
2020-04-01 04:15,16227
2020-04-01 04:20,16055
2020-04-01 04:25,15879
2020-04-01 04:30,15641
2020-04-01 04:35,15384
2020-04-01 04:40,15255
2020-04-01 04:45,15122
2020-04-01 04:50,14907
2020-04-01 04:55,14661
2020-04-01 05:00,14419
2020-04-01 05:05,14211
2020-04-01 05:10,13961
2020-04-01 05:15,13708
2020-04-01 05:20,13406
2020-04-01 05:25,13210
2020-04-01 05:30,12951
2020-04-01 05:35,12768
2020-04-01 05:40,12583
2020-04-01 05:45,12377
2020-04-01 05:50,12195
2020-04-01 05:55,11978
2020-04-01 06:00,11784
2020-04-01 06:05,11651
2020-04-01 06:10,11477
2020-04-01 06:15,11264
2020-04-01 06:20,11069
2020-04-01 06:25,10827
2020-04-01 06:30,10628
2020-04-01 06:35,10456
2020-04-01 06:40,10292
2020-04-01 06:45,10145
2020-04-01 06:50,9951
2020-04-01 06:55,9784
2020-04-01 07:00,9630
2020-04-01 07:05,9426
2020-04-01 07:10,9292
2020-04-01 07:15,9202
2020-04-01 07:20,9108
2020-04-01 07:25,8906
2020-04-01 07:30,8711
2020-04-01 07:35,8559
2020-04-01 07:40,8490
2020-04-01 07:45,8378
2020-04-01 07:50,8332
2020-04-01 07:55,8234
2020-04-01 08:00,8141
2020-04-01 08:05,8072
2020-04-01 08:10,7993
2020-04-01 08:15,7898
2020-04-01 08:20,7803
2020-04-01 08:25,7698
2020-04-01 08:30,7667
2020-04-01 08:35,7630
2020-04-01 08:40,7640
2020-04-01 08:45,7603
2020-04-01 08:50,7599
2020-04-01 08:55,7638
2020-04-01 09:00,7641
2020-04-01 09:05,7641
2020-04-01 09:10,7696
2020-04-01 09:15,7668
2020-04-01 09:20,7659
2020-04-01 09:25,7637
2020-04-01 09:30,
2020-04-01 09:35,7657
2020-04-01 09:40,7681
2020-04-01 09:45,7697
2020-04-01 09:50,7700
2020-04-01 09:55,7713
2020-04-01 10:00,7813
2020-04-01 10:05,7865
2020-04-01 10:10,7920
2020-04-01 10:15,8066
2020-04-01 10:20,8053
2020-04-01 10:25,8109
2020-04-01 10:30,8157
2020-04-01 10:35,8249
2020-04-01 10:40,8317
2020-04-01 10:45,8362
2020-04-01 10:50,8409
2020-04-01 10:55,8440
2020-04-01 11:00,8473
2020-04-01 11:05,8561
2020-04-01 11:10,8681
2020-04-01 11:15,8754
2020-04-01 11:20,8843
2020-04-01 11:25,
2020-04-01 11:30,9083
2020-04-01 11:35,9190
2020-04-01 11:40,9258
2020-04-01 11:45,9299
2020-04-01 11:50,9421
2020-04-01 11:55,9567
2020-04-01 12:00,9573
2020-04-01 12:05,9714
2020-04-01 12:10,9786
2020-04-01 12:15,9883
2020-04-01 12:20,10006
2020-04-01 12:25,10169
2020-04-01 12:30,10212
2020-04-01 12:35,10339
2020-04-01 12:40,10403
2020-04-01 12:45,10444
2020-04-01 12:50,10585
2020-04-01 12:55,10738
2020-04-01 13:00,10853
2020-04-01 13:05,11079
2020-04-01 13:10,11232
2020-04-01 13:15,11371
2020-04-01 13:20,11468
2020-04-01 13:25,11619
2020-04-01 13:30,11729
2020-04-01 13:35,11938
2020-04-01 13:40,12072
2020-04-01 13:45,12190
2020-04-01 13:50,12385
2020-04-01 13:55,12528
2020-04-01 14:00,12698
2020-04-01 14:05,12797
2020-04-01 14:10,12932
2020-04-01 14:15,13106
2020-04-01 14:20,13261
2020-04-01 14:25,13411
2020-04-01 14:30,13593
2020-04-01 14:35,13711
2020-04-01 14:40,13771
2020-04-01 14:45,13895
2020-04-01 14:50,13959
2020-04-01 14:55,14122
2020-04-01 15:00,14245
2020-04-01 15:05,14334
2020-04-01 15:10,14523
2020-04-01 15:15,14668
2020-04-01 15:20,14763
2020-04-01 15:25,14850
2020-04-01 15:30,14917
2020-04-01 15:35,15065
2020-04-01 15:40,15322
2020-04-01 15:45,15556
2020-04-01 15:50,15730
2020-04-01 15:55,15798
2020-04-01 16:00,15907
2020-04-01 16:05,16078
2020-04-01 16:10,16195
2020-04-01 16:15,
2020-04-01 16:20,16582
2020-04-01 16:25,16760
2020-04-01 16:30,16984
2020-04-01 16:35,17154
2020-04-01 16:40,17277
2020-04-01 16:45,17431
2020-04-01 16:50,17618
2020-04-01 16:55,17793
2020-04-01 17:00,17906
2020-04-01 17:05,18010
2020-04-01 17:10,18166
2020-04-01 17:15,18355
2020-04-01 17:20,18546
2020-04-01 17:25,18727
2020-04-01 17:30,18850
2020-04-01 17:35,18970
2020-04-01 17:40,19140
2020-04-01 17:45,19344
2020-04-01 17:50,19506
2020-04-01 17:55,19575
2020-04-01 18:00,19614
2020-04-01 18:05,19825
2020-04-01 18:10,19993
2020-04-01 18:15,20212
2020-04-01 18:20,20314
2020-04-01 18:25,20461
2020-04-01 18:30,20694
2020-04-01 18:35,20776
2020-04-01 18:40,20905
2020-04-01 18:45,21021
2020-04-01 18:50,21137
2020-04-01 18:55,21200
2020-04-01 19:00,21267
2020-04-01 19:05,21423
2020-04-01 19:10,21436
2020-04-01 19:15,21521
2020-04-01 19:20,21579
2020-04-01 19:25,21686
2020-04-01 19:30,21782
2020-04-01 19:35,21632
2020-04-01 19:40,21701
2020-04-01 19:45,21815
2020-04-01 19:50,22088
2020-04-01 19:55,22199
2020-04-01 20:00,22222
2020-04-01 20:05,22256
2020-04-01 20:10,22251
2020-04-01 20:15,22397
2020-04-01 20:20,22522
2020-04-01 20:25,22780
2020-04-01 20:30,22941
2020-04-01 20:35,23135
2020-04-01 20:40,23244
2020-04-01 20:45,23235
2020-04-01 20:50,23286
2020-04-01 20:55,23239
2020-04-01 21:00,23367
2020-04-01 21:05,23331
2020-04-01 21:10,23136
2020-04-01 21:15,23131
2020-04-01 21:20,23026
2020-04-01 21:25,22733
2020-04-01 21:30,22618
2020-04-01 21:35,22532
2020-04-01 21:40,22370
2020-04-01 21:45,22342
2020-04-01 21:50,22263
2020-04-01 21:55,22083
2020-04-01 22:00,22019
2020-04-01 22:05,21854
2020-04-01 22:10,21649
2020-04-01 22:15,21498
2020-04-01 22:20,0
2020-04-01 22:25,21300
2020-04-01 22:30,21090
2020-04-01 22:35,20932
2020-04-01 22:40,20737
2020-04-01 22:45,20571
2020-04-01 22:50,20514
2020-04-01 22:55,20391
2020-04-01 23:00,20158
2020-04-01 23:05,20008
2020-04-01 23:10,19936
2020-04-01 23:15,19873
2020-04-01 23:20,19802
2020-04-01 23:25,19668
2020-04-01 23:30,19584
2020-04-01 23:35,19629
2020-04-01 23:40,19583
2020-04-01 23:45,19482
2020-04-01 23:50,19568
2020-04-01 23:55,19472
2020-04-02 00:00,19446
2020-04-02 00:05,19406
2020-04-02 00:10,19327
2020-04-02 00:15,19296
2020-04-02 00:20,19268
2020-04-02 00:25,19249
2020-04-02 00:30,19307
2020-04-02 00:35,19323
2020-04-02 00:40,19353
2020-04-02 00:45,19358
2020-04-02 00:50,19293
2020-04-02 00:55,19308
2020-04-02 01:00,19311
2020-04-02 01:05,19272
2020-04-02 01:10,19335
2020-04-02 01:15,19254
2020-04-02 01:20,19284
2020-04-02 01:25,
2020-04-02 01:30,0
2020-04-02 01:35,19288
2020-04-02 01:40,19249
2020-04-02 01:45,19164
2020-04-02 01:50,19115
2020-04-02 01:55,0
2020-04-02 02:00,19012
2020-04-02 02:05,18948
2020-04-02 02:10,19005
2020-04-02 02:15,19026
2020-04-02 02:20,18941
2020-04-02 02:25,18856
2020-04-02 02:30,18750
2020-04-02 02:35,0
2020-04-02 02:40,18573
2020-04-02 02:45,18531
2020-04-02 02:50,18421
2020-04-02 02:55,18311
2020-04-02 03:00,18203
2020-04-02 03:05,18099
2020-04-02 03:10,17921
2020-04-02 03:15,17833
2020-04-02 03:20,0
2020-04-02 03:25,17605
2020-04-02 03:30,17504
2020-04-02 03:35,17390
2020-04-02 03:40,17306
2020-04-02 03:45,17195
2020-04-02 03:50,17094
2020-04-02 03:55,16944
2020-04-02 04:00,16819
2020-04-02 04:05,16606
2020-04-02 04:10,16401
2020-04-02 04:15,16259
2020-04-02 04:20,16248
2020-04-02 04:25,16063
2020-04-02 04:30,15866
2020-04-02 04:35,15636
2020-04-02 04:40,15493
2020-04-02 04:45,15278
2020-04-02 04:50,15058
2020-04-02 04:55,14716
2020-04-02 05:00,14543
2020-04-02 05:05,14384
2020-04-02 05:10,14087
2020-04-02 05:15,14087
2020-04-02 05:20,13947
2020-04-02 05:25,13560
2020-04-02 05:30,13560
2020-04-02 05:35,13325
2020-04-02 05:40,12964
2020-04-02 05:45,12964
2020-04-02 05:50,12691
2020-04-02 05:55,12573
2020-04-02 06:00,12333
2020-04-02 06:05,12052
2020-04-02 06:10,11784
2020-04-02 06:15,11574
2020-04-02 06:20,11350
2020-04-02 06:25,11188
2020-04-02 06:30,10982
2020-04-02 06:35,10748
2020-04-02 06:40,10574
2020-04-02 06:45,10449
2020-04-02 06:50,10278
2020-04-02 06:55,10083
2020-04-02 07:00,9833
2020-04-02 07:05,9554
2020-04-02 07:10,9387
2020-04-02 07:15,9312
2020-04-02 07:20,9163
2020-04-02 07:25,9066
2020-04-02 07:30,8930
2020-04-02 07:35,8795
2020-04-02 07:40,8732
2020-04-02 07:45,8646
2020-04-02 07:50,8493
2020-04-02 07:55,8376
2020-04-02 08:00,8246
2020-04-02 08:05,8193
2020-04-02 08:10,8080
2020-04-02 08:15,7981
2020-04-02 08:20,7925
2020-04-02 08:25,7874
2020-04-02 08:30,7858
2020-04-02 08:35,7785
2020-04-02 08:40,7729
2020-04-02 08:45,7721
2020-04-02 08:50,7735
2020-04-02 08:55,7698
2020-04-02 09:00,7713
2020-04-02 09:05,7681
2020-04-02 09:10,7693
2020-04-02 09:15,7745
2020-04-02 09:20,7796
2020-04-02 09:25,7801
2020-04-02 09:30,7802
2020-04-02 09:35,7858
2020-04-02 09:40,7921
2020-04-02 09:45,7984
2020-04-02 09:50,7993
2020-04-02 09:55,7971
2020-04-02 10:00,8021
2020-04-02 10:05,8047
2020-04-02 10:10,8171
2020-04-02 10:15,8240
2020-04-02 10:20,8316
2020-04-02 10:25,8341
2020-04-02 10:30,8340
2020-04-02 10:35,8345
2020-04-02 10:40,8418
2020-04-02 10:45,8418
2020-04-02 10:50,8474
2020-04-02 10:55,8523
2020-04-02 11:00,8613
2020-04-02 11:05,8696
2020-04-02 11:10,8777
2020-04-02 11:15,8818
2020-04-02 11:20,8904
2020-04-02 11:25,9046
2020-04-02 11:30,9136
2020-04-02 11:35,9176
2020-04-02 11:40,9274
2020-04-02 11:45,9428
2020-04-02 11:50,9512
2020-04-02 11:55,9669
2020-04-02 12:00,9740
2020-04-02 12:05,9801
2020-04-02 12:10,9902
2020-04-02 12:15,9992
2020-04-02 12:20,10132
2020-04-02 12:25,10203
2020-04-02 12:30,10314
2020-04-02 12:35,10349
2020-04-02 12:40,10439
2020-04-02 12:45,10579
2020-04-02 12:50,10702
2020-04-02 12:55,10817
2020-04-02 13:00,10909
2020-04-02 13:05,11050
2020-04-02 13:10,11165
2020-04-02 13:15,11263
2020-04-02 13:20,11459
2020-04-02 13:25,11577
2020-04-02 13:30,11726
2020-04-02 13:35,11891
2020-04-02 13:40,12025
2020-04-02 13:45,12253
2020-04-02 13:50,12419
2020-04-02 13:55,12564
2020-04-02 14:00,12798
2020-04-02 14:05,12963
2020-04-02 14:10,13063
2020-04-02 14:15,13218
2020-04-02 14:20,13305
2020-04-02 14:25,13465
2020-04-02 14:30,13633
2020-04-02 14:35,13829
2020-04-02 14:40,13993
2020-04-02 14:45,14142
2020-04-02 14:50,14293
2020-04-02 14:55,14397
2020-04-02 15:00,14531
2020-04-02 15:05,14705
2020-04-02 15:10,14886
2020-04-02 15:15,15034
2020-04-02 15:20,15183
2020-04-02 15:25,15369
2020-04-02 15:30,15517
2020-04-02 15:35,15703
2020-04-02 15:40,15846
2020-04-02 15:45,16020
2020-04-02 15:50,16186
2020-04-02 15:55,16238
2020-04-02 16:00,16364
2020-04-02 16:05,16464
2020-04-02 16:10,16672
2020-04-02 16:15,16785
2020-04-02 16:20,16922
2020-04-02 16:25,17145
2020-04-02 16:30,17254
2020-04-02 16:35,17539
2020-04-02 16:40,17645
2020-04-02 16:45,17828
2020-04-02 16:50,18043
2020-04-02 16:55,18140
2020-04-02 17:00,18272
2020-04-02 17:05,18338
2020-04-02 17:10,18517
2020-04-02 17:15,18748
2020-04-02 17:20,18922
2020-04-02 17:25,19073
2020-04-02 17:30,19200
2020-04-02 17:35,19257
2020-04-02 17:40,19374
2020-04-02 17:45,19550
2020-04-02 17:50,19669
2020-04-02 17:55,19830
2020-04-02 18:00,19911
2020-04-02 18:05,20054
2020-04-02 18:10,20251
2020-04-02 18:15,20527
2020-04-02 18:20,20633
2020-04-02 18:25,20732
2020-04-02 18:30,20903
2020-04-02 18:35,21104
2020-04-02 18:40,21283
2020-04-02 18:45,21393
2020-04-02 18:50,21532
2020-04-02 18:55,21595
2020-04-02 19:00,21727
2020-04-02 19:05,21861
2020-04-02 19:10,22048
2020-04-02 19:15,22255
2020-04-02 19:20,0
2020-04-02 19:25,22496
2020-04-02 19:30,22569
2020-04-02 19:35,22657
2020-04-02 19:40,22773
2020-04-02 19:45,22871
2020-04-02 19:50,22976
2020-04-02 19:55,23164
2020-04-02 20:00,23261
2020-04-02 20:05,23356
2020-04-02 20:10,23320
2020-04-02 20:15,23423
2020-04-02 20:20,23555
2020-04-02 20:25,23597
2020-04-02 20:30,23591
2020-04-02 20:35,23654
2020-04-02 20:40,23621
2020-04-02 20:45,23705
2020-04-02 20:50,23743
2020-04-02 20:55,23802
2020-04-02 21:00,23635
2020-04-02 21:05,23581
2020-04-02 21:10,23614
2020-04-02 21:15,23528
2020-04-02 21:20,23368
2020-04-02 21:25,23242
2020-04-02 21:30,23093
2020-04-02 21:35,22903
2020-04-02 21:40,22847
2020-04-02 21:45,22720
2020-04-02 21:50,22624
2020-04-02 21:55,22410
2020-04-02 22:00,22198
2020-04-02 22:05,22074
2020-04-02 22:10,22004
2020-04-02 22:15,21721
2020-04-02 22:20,21524
2020-04-02 22:25,21217
2020-04-02 22:30,21096
2020-04-02 22:35,21120
2020-04-02 22:40,21006
2020-04-02 22:45,20861
2020-04-02 22:50,20766
2020-04-02 22:55,20650
2020-04-02 23:00,20526
2020-04-02 23:05,20425
2020-04-02 23:10,20230
2020-04-02 23:15,20027
2020-04-02 23:20,20005
2020-04-02 23:25,19950
2020-04-02 23:30,19842
2020-04-02 23:35,19790
2020-04-02 23:40,19754
2020-04-02 23:45,19808
2020-04-02 23:50,19788
2020-04-02 23:55,19670
2020-04-03 00:00,19622
2020-04-03 00:05,19602
2020-04-03 00:10,19557
2020-04-03 00:15,19487
2020-04-03 00:20,19464
2020-04-03 00:25,19519
2020-04-03 00:30,19532
2020-04-03 00:35,19518
2020-04-03 00:40,19441
2020-04-03 00:45,19388
2020-04-03 00:50,19356
2020-04-03 00:55,19403
2020-04-03 01:00,19373
2020-04-03 01:05,19464
2020-04-03 01:10,19410
2020-04-03 01:15,19353
2020-04-03 01:20,19374
2020-04-03 01:25,19205
2020-04-03 01:30,19181
2020-04-03 01:35,19166
2020-04-03 01:40,19144
2020-04-03 01:45,19053
2020-04-03 01:50,18940
2020-04-03 01:55,18943
2020-04-03 02:00,18963
2020-04-03 02:05,18946
2020-04-03 02:10,18946
2020-04-03 02:15,19015
2020-04-03 02:20,19081
2020-04-03 02:25,19028
2020-04-03 02:30,19060
2020-04-03 02:35,19081
2020-04-03 02:40,19045
2020-04-03 02:45,19004
2020-04-03 02:50,18927
2020-04-03 02:55,18793
2020-04-03 03:00,18718
2020-04-03 03:05,18594
2020-04-03 03:10,18540
2020-04-03 03:15,18447
2020-04-03 03:20,18347
2020-04-03 03:25,18236
2020-04-03 03:30,18091
2020-04-03 03:35,17947
2020-04-03 03:40,17861
2020-04-03 03:45,17744
2020-04-03 03:50,17708
2020-04-03 03:55,17571
2020-04-03 04:00,17454
2020-04-03 04:05,17129
2020-04-03 04:10,16969
2020-04-03 04:15,16782
2020-04-03 04:20,16647
2020-04-03 04:25,16460
2020-04-03 04:30,16306
2020-04-03 04:35,16092
2020-04-03 04:40,15864
2020-04-03 04:45,15650
2020-04-03 04:50,15437
2020-04-03 04:55,15188
2020-04-03 05:00,15005
2020-04-03 05:05,14825
2020-04-03 05:10,14587
2020-04-03 05:15,14351
2020-04-03 05:20,14098
2020-04-03 05:25,13915
2020-04-03 05:30,13753
2020-04-03 05:35,13584
2020-04-03 05:40,13364
2020-04-03 05:45,13200
2020-04-03 05:50,12965
2020-04-03 05:55,12734
2020-04-03 06:00,12494
2020-04-03 06:05,12164
2020-04-03 06:10,11999
2020-04-03 06:15,11724
2020-04-03 06:20,11575
2020-04-03 06:25,11426
2020-04-03 06:30,11063
2020-04-03 06:35,10921
2020-04-03 06:40,10733
2020-04-03 06:45,10542
2020-04-03 06:50,10387
2020-04-03 06:55,10206
2020-04-03 07:00,10052
2020-04-03 07:05,9837
2020-04-03 07:10,9653
2020-04-03 07:15,9527
2020-04-03 07:20,9371
2020-04-03 07:25,9205
2020-04-03 07:30,9038
2020-04-03 07:35,8932
2020-04-03 07:40,8810
2020-04-03 07:45,8663
2020-04-03 07:50,8527
2020-04-03 07:55,8434
2020-04-03 08:00,8317
2020-04-03 08:05,8259
2020-04-03 08:10,8229
2020-04-03 08:15,8094
2020-04-03 08:20,8036
2020-04-03 08:25,8002
2020-04-03 08:30,7963
2020-04-03 08:35,7914
2020-04-03 08:40,7905
2020-04-03 08:45,7854
2020-04-03 08:50,7861
2020-04-03 08:55,7811
2020-04-03 09:00,7804
2020-04-03 09:05,7815
2020-04-03 09:10,7759
2020-04-03 09:15,7749
2020-04-03 09:20,7766
2020-04-03 09:25,7766
2020-04-03 09:30,7767
2020-04-03 09:35,7807
2020-04-03 09:40,7835
2020-04-03 09:45,7887
2020-04-03 09:50,7947
2020-04-03 09:55,8022
2020-04-03 10:00,8093
2020-04-03 10:05,8066
2020-04-03 10:10,8136
2020-04-03 10:15,8154
2020-04-03 10:20,8198
2020-04-03 10:25,8270
2020-04-03 10:30,8288
2020-04-03 10:35,8262
2020-04-03 10:40,8306
2020-04-03 10:45,8414
2020-04-03 10:50,8459
2020-04-03 10:55,8549
2020-04-03 11:00,8648
2020-04-03 11:05,8743
2020-04-03 11:10,8762
2020-04-03 11:15,8814
2020-04-03 11:20,8983
2020-04-03 11:25,9054
2020-04-03 11:30,9155
2020-04-03 11:35,9270
2020-04-03 11:40,9321
2020-04-03 11:45,9372
2020-04-03 11:50,9452
2020-04-03 11:55,9519
2020-04-03 12:00,9651
2020-04-03 12:05,9755
2020-04-03 12:10,9916
2020-04-03 12:15,10051
2020-04-03 12:20,10213
2020-04-03 12:25,10280
2020-04-03 12:30,10357
2020-04-03 12:35,10517
2020-04-03 12:40,10615
2020-04-03 12:45,10705
2020-04-03 12:50,10871
2020-04-03 12:55,10993
2020-04-03 13:00,11136
2020-04-03 13:05,11324
2020-04-03 13:10,11499
2020-04-03 13:15,11648
2020-04-03 13:20,11818
2020-04-03 13:25,12037
2020-04-03 13:30,12224
2020-04-03 13:35,12328
2020-04-03 13:40,12465
2020-04-03 13:45,12649
2020-04-03 13:50,12806
2020-04-03 13:55,12965
2020-04-03 14:00,13174
2020-04-03 14:05,13382
2020-04-03 14:10,13545
2020-04-03 14:15,13765
2020-04-03 14:20,13836
2020-04-03 14:25,14034
2020-04-03 14:30,
2020-04-03 14:35,14369
2020-04-03 14:40,14545
2020-04-03 14:45,14708
2020-04-03 14:50,14887
2020-04-03 14:55,15058
2020-04-03 15:00,15163
2020-04-03 15:05,15223
2020-04-03 15:10,15330
2020-04-03 15:15,15514
2020-04-03 15:20,15673
2020-04-03 15:25,15755
2020-04-03 15:30,15892
2020-04-03 15:35,15980
2020-04-03 15:40,16121
2020-04-03 15:45,16206
2020-04-03 15:50,16358
2020-04-03 15:55,16448
2020-04-03 16:00,16596
2020-04-03 16:05,16681
2020-04-03 16:10,16805
2020-04-03 16:15,16944
2020-04-03 16:20,17083
2020-04-03 16:25,17335
2020-04-03 16:30,17577
2020-04-03 16:35,17610
2020-04-03 16:40,17735
2020-04-03 16:45,17934
2020-04-03 16:50,18075
2020-04-03 16:55,18153
2020-04-03 17:00,18268
2020-04-03 17:05,18393
2020-04-03 17:10,18519
2020-04-03 17:15,18585
2020-04-03 17:20,18753
2020-04-03 17:25,18947
2020-04-03 17:30,19056
2020-04-03 17:35,19147
2020-04-03 17:40,19275
2020-04-03 17:45,19303
2020-04-03 17:50,19446
2020-04-03 17:55,19552
2020-04-03 18:00,19705
2020-04-03 18:05,19890
2020-04-03 18:10,20118
2020-04-03 18:15,20393
2020-04-03 18:20,20572
2020-04-03 18:25,20820
2020-04-03 18:30,21118
2020-04-03 18:35,21425
2020-04-03 18:40,21715
2020-04-03 18:45,21865
2020-04-03 18:50,21999
2020-04-03 18:55,22152
2020-04-03 19:00,22288
2020-04-03 19:05,22387
2020-04-03 19:10,22518
2020-04-03 19:15,22592
2020-04-03 19:20,22772
2020-04-03 19:25,22925
2020-04-03 19:30,23051
2020-04-03 19:35,23204
2020-04-03 19:40,23277
2020-04-03 19:45,23448
2020-04-03 19:50,23538
2020-04-03 19:55,23544
2020-04-03 20:00,23679
2020-04-03 20:05,23854
2020-04-03 20:10,24043
2020-04-03 20:15,24122
2020-04-03 20:20,24088
2020-04-03 20:25,24085
2020-04-03 20:30,24139
2020-04-03 20:35,24217
2020-04-03 20:40,24342
2020-04-03 20:45,24442
2020-04-03 20:50,24555
2020-04-03 20:55,24592
2020-04-03 21:00,24540
2020-04-03 21:05,24528
2020-04-03 21:10,24512
2020-04-03 21:15,24470
2020-04-03 21:20,24588
2020-04-03 21:25,24513
2020-04-03 21:30,24497
2020-04-03 21:35,24478
2020-04-03 21:40,24380
2020-04-03 21:45,24372
2020-04-03 21:50,24335
2020-04-03 21:55,24331
2020-04-03 22:00,24221
2020-04-03 22:05,24173
2020-04-03 22:10,24131
2020-04-03 22:15,23912
2020-04-03 22:20,23711
2020-04-03 22:25,23670
2020-04-03 22:30,23490
2020-04-03 22:35,23307
2020-04-03 22:40,23097
2020-04-03 22:45,23005
2020-04-03 22:50,22834
2020-04-03 22:55,22762
2020-04-03 23:00,22649
2020-04-03 23:05,22449
2020-04-03 23:10,22315
2020-04-03 23:15,22244
2020-04-03 23:20,22187
2020-04-03 23:25,22105
2020-04-03 23:30,22021
2020-04-03 23:35,21957
2020-04-03 23:40,21902
2020-04-03 23:45,21866
2020-04-03 23:50,21694
2020-04-03 23:55,21616
2020-04-04 00:00,21379
2020-04-04 00:05,21241
2020-04-04 00:10,21116
2020-04-04 00:15,20986
2020-04-04 00:20,20922
2020-04-04 00:25,20889
2020-04-04 00:30,20834
2020-04-04 00:35,20761
2020-04-04 00:40,20695
2020-04-04 00:45,20655
2020-04-04 00:50,20610
2020-04-04 00:55,20617
2020-04-04 01:00,20530
2020-04-04 01:05,20531
2020-04-04 01:10,20533
2020-04-04 01:15,20565
2020-04-04 01:20,20556
2020-04-04 01:25,20584
2020-04-04 01:30,20473
2020-04-04 01:35,20525
2020-04-04 01:40,20544
2020-04-04 01:45,20472
2020-04-04 01:50,20559
2020-04-04 01:55,20635
2020-04-04 02:00,20665
2020-04-04 02:05,20699
2020-04-04 02:10,20670
2020-04-04 02:15,20720
2020-04-04 02:20,20696
2020-04-04 02:25,20664
2020-04-04 02:30,20716
2020-04-04 02:35,20669
2020-04-04 02:40,20521
2020-04-04 02:45,20510
2020-04-04 02:50,20525
2020-04-04 02:55,20461
2020-04-04 03:00,20243
2020-04-04 03:05,20337
2020-04-04 03:10,20297
2020-04-04 03:15,20224
2020-04-04 03:20,20125
2020-04-04 03:25,19981
2020-04-04 03:30,19902
2020-04-04 03:35,19816
2020-04-04 03:40,19657
2020-04-04 03:45,19568
2020-04-04 03:50,19489
2020-04-04 03:55,19376
2020-04-04 04:00,19223
2020-04-04 04:05,19140
2020-04-04 04:10,19019
2020-04-04 04:15,18909
2020-04-04 04:20,18777
2020-04-04 04:25,18569
2020-04-04 04:30,18412
2020-04-04 04:35,18317
2020-04-04 04:40,18219
2020-04-04 04:45,17998
2020-04-04 04:50,17793
2020-04-04 04:55,17644
2020-04-04 05:00,17516
2020-04-04 05:05,17303
2020-04-04 05:10,17043
2020-04-04 05:15,16920
2020-04-04 05:20,16690
2020-04-04 05:25,16478
2020-04-04 05:30,16253
2020-04-04 05:35,16024
2020-04-04 05:40,15889
2020-04-04 05:45,15720
2020-04-04 05:50,15527
2020-04-04 05:55,15305
2020-04-04 06:00,15092
2020-04-04 06:05,14820
2020-04-04 06:10,14512
2020-04-04 06:15,14310
2020-04-04 06:20,14083
2020-04-04 06:25,13872
2020-04-04 06:30,13704
2020-04-04 06:35,13511
2020-04-04 06:40,13359
2020-04-04 06:45,13069
2020-04-04 06:50,12884
2020-04-04 06:55,12642
2020-04-04 07:00,12391
2020-04-04 07:05,12106
2020-04-04 07:10,11871
2020-04-04 07:15,11653
2020-04-04 07:20,11456
2020-04-04 07:25,11325
2020-04-04 07:30,11182
2020-04-04 07:35,11032
2020-04-04 07:40,10845
2020-04-04 07:45,10734
2020-04-04 07:50,10546
2020-04-04 07:55,10450
2020-04-04 08:00,10357
2020-04-04 08:05,10198
2020-04-04 08:10,10126
2020-04-04 08:15,9980
2020-04-04 08:20,9863
2020-04-04 08:25,9802
2020-04-04 08:30,9666
2020-04-04 08:35,9588
2020-04-04 08:40,9550
2020-04-04 08:45,9505
2020-04-04 08:50,9503
2020-04-04 08:55,9436
2020-04-04 09:00,9343
2020-04-04 09:05,9327
2020-04-04 09:10,9308
2020-04-04 09:15,9307
2020-04-04 09:20,9360
2020-04-04 09:25,9375
2020-04-04 09:30,9374
2020-04-04 09:35,9393
2020-04-04 09:40,9425
2020-04-04 09:45,9451
2020-04-04 09:50,9434
2020-04-04 09:55,9432
2020-04-04 10:00,9466
2020-04-04 10:05,9504
2020-04-04 10:10,9577
2020-04-04 10:15,9607
2020-04-04 10:20,9712
2020-04-04 10:25,9699
2020-04-04 10:30,9772
2020-04-04 10:35,9821
2020-04-04 10:40,9927
2020-04-04 10:45,10011
2020-04-04 10:50,10078
2020-04-04 10:55,10163
2020-04-04 11:00,10264
2020-04-04 11:05,10323
2020-04-04 11:10,10377
2020-04-04 11:15,10435
2020-04-04 11:20,10620
2020-04-04 11:25,10743
2020-04-04 11:30,10866
2020-04-04 11:35,11003
2020-04-04 11:40,11156
2020-04-04 11:45,11294
2020-04-04 11:50,11386
2020-04-04 11:55,11489
2020-04-04 12:00,11617
2020-04-04 12:05,11760
2020-04-04 12:10,11858
2020-04-04 12:15,12050
2020-04-04 12:20,12136
2020-04-04 12:25,12318
2020-04-04 12:30,12515
2020-04-04 12:35,12590
2020-04-04 12:40,12716
2020-04-04 12:45,12862
2020-04-04 12:50,13009
2020-04-04 12:55,13090
2020-04-04 13:00,13185
2020-04-04 13:05,13416
2020-04-04 13:10,13553
2020-04-04 13:15,13740
2020-04-04 13:20,13915
2020-04-04 13:25,14029
2020-04-04 13:30,14158
2020-04-04 13:35,14402
2020-04-04 13:40,14561
2020-04-04 13:45,14692
2020-04-04 13:50,14898
2020-04-04 13:55,15047
2020-04-04 14:00,15212
2020-04-04 14:05,15344
2020-04-04 14:10,15522
2020-04-04 14:15,15689
2020-04-04 14:20,15981
2020-04-04 14:25,16130
2020-04-04 14:30,16318
2020-04-04 14:35,16448
2020-04-04 14:40,16606
2020-04-04 14:45,16732
2020-04-04 14:50,
2020-04-04 14:55,16873
2020-04-04 15:00,16953
2020-04-04 15:05,17112
2020-04-04 15:10,17214
2020-04-04 15:15,17241
2020-04-04 15:20,17263
2020-04-04 15:25,17323
2020-04-04 15:30,17419
2020-04-04 15:35,17515
2020-04-04 15:40,17660
2020-04-04 15:45,17769
2020-04-04 15:50,17910
2020-04-04 15:55,18041
2020-04-04 16:00,18155
2020-04-04 16:05,18235
2020-04-04 16:10,18418
2020-04-04 16:15,18606
2020-04-04 16:20,18708
2020-04-04 16:25,18791
2020-04-04 16:30,18883
2020-04-04 16:35,0
2020-04-04 16:40,19060
2020-04-04 16:45,19222
2020-04-04 16:50,19351
2020-04-04 16:55,19495
2020-04-04 17:00,19604
2020-04-04 17:05,19767
2020-04-04 17:10,19921
2020-04-04 17:15,20037
2020-04-04 17:20,20160
2020-04-04 17:25,20316
2020-04-04 17:30,20475
2020-04-04 17:35,20620
2020-04-04 17:40,20789
2020-04-04 17:45,20975
2020-04-04 17:50,21130
2020-04-04 17:55,21329
2020-04-04 18:00,21388
2020-04-04 18:05,21493
2020-04-04 18:10,21697
2020-04-04 18:15,21970
2020-04-04 18:20,22150
2020-04-04 18:25,22377
2020-04-04 18:30,22628
2020-04-04 18:35,22837
2020-04-04 18:40,22922
2020-04-04 18:45,23088
2020-04-04 18:50,23217
2020-04-04 18:55,23453
2020-04-04 19:00,23579
2020-04-04 19:05,23686
2020-04-04 19:10,23781
2020-04-04 19:15,23805
2020-04-04 19:20,23933
2020-04-04 19:25,24090
2020-04-04 19:30,24289
2020-04-04 19:35,24419
2020-04-04 19:40,24476
2020-04-04 19:45,24684
2020-04-04 19:50,24976
2020-04-04 19:55,25082
2020-04-04 20:00,25148
2020-04-04 20:05,25196
2020-04-04 20:10,25294
2020-04-04 20:15,25307
2020-04-04 20:20,25416
2020-04-04 20:25,25588
2020-04-04 20:30,25779
2020-04-04 20:35,25932
2020-04-04 20:40,26154
2020-04-04 20:45,26162
2020-04-04 20:50,26156
2020-04-04 20:55,26138
2020-04-04 21:00,26054
2020-04-04 21:05,26078
2020-04-04 21:10,26009
2020-04-04 21:15,26037
2020-04-04 21:20,25927
2020-04-04 21:25,25758
2020-04-04 21:30,25616
2020-04-04 21:35,25535
2020-04-04 21:40,25484
2020-04-04 21:45,25486
2020-04-04 21:50,25438
2020-04-04 21:55,25398
2020-04-04 22:00,25334
2020-04-04 22:05,25298
2020-04-04 22:10,25102
2020-04-04 22:15,24841
2020-04-04 22:20,24714
2020-04-04 22:25,24500
2020-04-04 22:30,24353
2020-04-04 22:35,24275
2020-04-04 22:40,24403
2020-04-04 22:45,24273
2020-04-04 22:50,23998
2020-04-04 22:55,23829
2020-04-04 23:00,23621
2020-04-04 23:05,23418
2020-04-04 23:10,23245
2020-04-04 23:15,23037
2020-04-04 23:20,22855
2020-04-04 23:25,22755
2020-04-04 23:30,22571
2020-04-04 23:35,22391
2020-04-04 23:40,22378
2020-04-04 23:45,22233
2020-04-04 23:50,21993
2020-04-04 23:55,21842
2020-04-05 00:00,21757
2020-04-05 00:05,21680
2020-04-05 00:10,21538
2020-04-05 00:15,21379
2020-04-05 00:20,21288
2020-04-05 00:25,21309
2020-04-05 00:30,21147
2020-04-05 00:35,21067
2020-04-05 00:40,20948
2020-04-05 00:45,20886
2020-04-05 00:50,20922
2020-04-05 00:55,20823
2020-04-05 01:00,20803
2020-04-05 01:05,20871
2020-04-05 01:10,20859
2020-04-05 01:15,20883
2020-04-05 01:20,20908
2020-04-05 01:25,20812
2020-04-05 01:30,20764
2020-04-05 01:35,20761
2020-04-05 01:40,20693
2020-04-05 01:45,20698
2020-04-05 01:50,20692
2020-04-05 01:55,20592
2020-04-05 02:00,20558
2020-04-05 02:05,20487
2020-04-05 02:10,20483
2020-04-05 02:15,20459
2020-04-05 02:20,20443
2020-04-05 02:25,20407
2020-04-05 02:30,20386
2020-04-05 02:35,20434
2020-04-05 02:40,20433
2020-04-05 02:45,20330
2020-04-05 02:50,20343
2020-04-05 02:55,20318
2020-04-05 03:00,20341
2020-04-05 03:05,20296
2020-04-05 03:10,20200
2020-04-05 03:15,20173
2020-04-05 03:20,20164
2020-04-05 03:25,20072
2020-04-05 03:30,20006
2020-04-05 03:35,19867
2020-04-05 03:40,19759
2020-04-05 03:45,19695
2020-04-05 03:50,19643
2020-04-05 03:55,19551
2020-04-05 04:00,19390
2020-04-05 04:05,19227
2020-04-05 04:10,19166
2020-04-05 04:15,19069
2020-04-05 04:20,18950
2020-04-05 04:25,18819
2020-04-05 04:30,18699
2020-04-05 04:35,18681
2020-04-05 04:40,18519
2020-04-05 04:45,18365
2020-04-05 04:50,18235
2020-04-05 04:55,18125
2020-04-05 05:00,17926
2020-04-05 05:05,17721
2020-04-05 05:10,17472
2020-04-05 05:15,17189
2020-04-05 05:20,16979
2020-04-05 05:25,16774
2020-04-05 05:30,16551
2020-04-05 05:35,16378
2020-04-05 05:40,16207
2020-04-05 05:45,15997
2020-04-05 05:50,15740
2020-04-05 05:55,15414
2020-04-05 06:00,15142
2020-04-05 06:05,14931
2020-04-05 06:10,14719
2020-04-05 06:15,14515
2020-04-05 06:20,14307
2020-04-05 06:25,14129
2020-04-05 06:30,13974
2020-04-05 06:35,13522
2020-04-05 06:40,13194
2020-04-05 06:45,12957
2020-04-05 06:50,12690
2020-04-05 06:55,12457
2020-04-05 07:00,12221
2020-04-05 07:05,11842
2020-04-05 07:10,11521
2020-04-05 07:15,11169
2020-04-05 07:20,10699
2020-04-05 07:25,10385
2020-04-05 07:30,10090
2020-04-05 07:35,8593
2020-04-05 07:40,7056
2020-04-05 07:45,5574
2020-04-05 07:50,4126
2020-04-05 07:55,3149
2020-04-05 08:00,2673
2020-04-05 08:05,2121
2020-04-05 08:10,2029
2020-04-05 08:15,2052
2020-04-05 08:20,2043
2020-04-05 08:25,2651
2020-04-05 08:30,3255
2020-04-05 08:35,3802
2020-04-05 08:40,4354
2020-04-05 08:45,4848
2020-04-05 08:50,5251
2020-04-05 08:55,5671
2020-04-05 09:00,6060
2020-04-05 09:05,6419
2020-04-05 09:10,6820
2020-04-05 09:15,7167
2020-04-05 09:20,7461
2020-04-05 09:25,7738
2020-04-05 09:30,7970
2020-04-05 09:35,8184
2020-04-05 09:40,8422
2020-04-05 09:45,8534
2020-04-05 09:50,8754
2020-04-05 09:55,8922
2020-04-05 10:00,9075
2020-04-05 10:05,9206
2020-04-05 10:10,9364
2020-04-05 10:15,9519
2020-04-05 10:20,9672
2020-04-05 10:25,9834
2020-04-05 10:30,9947
2020-04-05 10:35,10010
2020-04-05 10:40,10075
2020-04-05 10:45,10181
2020-04-05 10:50,10221
2020-04-05 10:55,10359
2020-04-05 11:00,10493
2020-04-05 11:05,10602
2020-04-05 11:10,10766
2020-04-05 11:15,10835
2020-04-05 11:20,10948
2020-04-05 11:25,11096
2020-04-05 11:30,11153
2020-04-05 11:35,11200
2020-04-05 11:40,11321
2020-04-05 11:45,11390
2020-04-05 11:50,11471
2020-04-05 11:55,11603
2020-04-05 12:00,11737
2020-04-05 12:05,11879
2020-04-05 12:10,11973
2020-04-05 12:15,12148
2020-04-05 12:20,12254
2020-04-05 12:25,12411
2020-04-05 12:30,12485
2020-04-05 12:35,12641
2020-04-05 12:40,12743
2020-04-05 12:45,12922
2020-04-05 12:50,13101
2020-04-05 12:55,13217
2020-04-05 13:00,13423
2020-04-05 13:05,13508
2020-04-05 13:10,13642
2020-04-05 13:15,13807
2020-04-05 13:20,13993
2020-04-05 13:25,14184
2020-04-05 13:30,14398
2020-04-05 13:35,14571
2020-04-05 13:40,14710
2020-04-05 13:45,14902
2020-04-05 13:50,15115
2020-04-05 13:55,15333
2020-04-05 14:00,15452
2020-04-05 14:05,15594
2020-04-05 14:10,15773
2020-04-05 14:15,15942
2020-04-05 14:20,16001
2020-04-05 14:25,16236
2020-04-05 14:30,16390
2020-04-05 14:35,16551
2020-04-05 14:40,16738
2020-04-05 14:45,16867
2020-04-05 14:50,17012
2020-04-05 14:55,17098
2020-04-05 15:00,17172
2020-04-05 15:05,17232
2020-04-05 15:10,17390
2020-04-05 15:15,17580
2020-04-05 15:20,17757
2020-04-05 15:25,17934
2020-04-05 15:30,18091
2020-04-05 15:35,18273
2020-04-05 15:40,18387
2020-04-05 15:45,18544
2020-04-05 15:50,18689
2020-04-05 15:55,18865
2020-04-05 16:00,19078
2020-04-05 16:05,19179
2020-04-05 16:10,19297
2020-04-05 16:15,19405
2020-04-05 16:20,19555
2020-04-05 16:25,19790
2020-04-05 16:30,19970
2020-04-05 16:35,20123
2020-04-05 16:40,20286
2020-04-05 16:45,20469
2020-04-05 16:50,20655
2020-04-05 16:55,20726
2020-04-05 17:00,20814
2020-04-05 17:05,20959
2020-04-05 17:10,21055
2020-04-05 17:15,21228
2020-04-05 17:20,21350
2020-04-05 17:25,21506
2020-04-05 17:30,21698
2020-04-05 17:35,21753
2020-04-05 17:40,21839
2020-04-05 17:45,21918
2020-04-05 17:50,22045
2020-04-05 17:55,22138
2020-04-05 18:00,22221
2020-04-05 18:05,22450
2020-04-05 18:10,22681
2020-04-05 18:15,22923
2020-04-05 18:20,23141
2020-04-05 18:25,23289
2020-04-05 18:30,23434
2020-04-05 18:35,23653
2020-04-05 18:40,23868
2020-04-05 18:45,23994
2020-04-05 18:50,24120
2020-04-05 18:55,24237
2020-04-05 19:00,24291
2020-04-05 19:05,24419
2020-04-05 19:10,24719
2020-04-05 19:15,24865
2020-04-05 19:20,24864
2020-04-05 19:25,25010
2020-04-05 19:30,25052
2020-04-05 19:35,25160
2020-04-05 19:40,25213
2020-04-05 19:45,25315
2020-04-05 19:50,25327
2020-04-05 19:55,25360
2020-04-05 20:00,25365
2020-04-05 20:05,25421
2020-04-05 20:10,25489
2020-04-05 20:15,25629
2020-04-05 20:20,25699
2020-04-05 20:25,25617
2020-04-05 20:30,25686
2020-04-05 20:35,25621
2020-04-05 20:40,25682
2020-04-05 20:45,25635
2020-04-05 20:50,25622
2020-04-05 20:55,25710
2020-04-05 21:00,25881
2020-04-05 21:05,25819
2020-04-05 21:10,25875
2020-04-05 21:15,25715
2020-04-05 21:20,25689
2020-04-05 21:25,25557
2020-04-05 21:30,25400
2020-04-05 21:35,25227
2020-04-05 21:40,25143
2020-04-05 21:45,25070
2020-04-05 21:50,24919
2020-04-05 21:55,24739
2020-04-05 22:00,24469
2020-04-05 22:05,24264
2020-04-05 22:10,24134
2020-04-05 22:15,24041
2020-04-05 22:20,23745
2020-04-05 22:25,23549
2020-04-05 22:30,23303
2020-04-05 22:35,23167
2020-04-05 22:40,23050
2020-04-05 22:45,22893
2020-04-05 22:50,22776
2020-04-05 22:55,22533
2020-04-05 23:00,22378
2020-04-05 23:05,22449
2020-04-05 23:10,22453
2020-04-05 23:15,22237
2020-04-05 23:20,22081
2020-04-05 23:25,21991
2020-04-05 23:30,21887
2020-04-05 23:35,21721
2020-04-05 23:40,21562
2020-04-05 23:45,21526
2020-04-05 23:50,21403
2020-04-05 23:55,21280
2020-04-06 00:00,21071
2020-04-06 00:05,20909
2020-04-06 00:10,20807
2020-04-06 00:15,20740
2020-04-06 00:20,20667
2020-04-06 00:25,20626
2020-04-06 00:30,20532
2020-04-06 00:35,20514
2020-04-06 00:40,20525
2020-04-06 00:45,20463
2020-04-06 00:50,20445
2020-04-06 00:55,20419
2020-04-06 01:00,20294
2020-04-06 01:05,20307
2020-04-06 01:10,20353
2020-04-06 01:15,20328
2020-04-06 01:20,20277
2020-04-06 01:25,20269
2020-04-06 01:30,20347
2020-04-06 01:35,20347
2020-04-06 01:40,20294
2020-04-06 01:45,20178
2020-04-06 01:50,20057
2020-04-06 01:55,19891
2020-04-06 02:00,19734
2020-04-06 02:05,19782
2020-04-06 02:10,19764
2020-04-06 02:15,19645
2020-04-06 02:20,19668
2020-04-06 02:25,19634
2020-04-06 02:30,19744
2020-04-06 02:35,19692
2020-04-06 02:40,19576
2020-04-06 02:45,19594
2020-04-06 02:50,19495
2020-04-06 02:55,19392
2020-04-06 03:00,19355
2020-04-06 03:05,19229
2020-04-06 03:10,19090
2020-04-06 03:15,19034
2020-04-06 03:20,18896
2020-04-06 03:25,18782
2020-04-06 03:30,18660
2020-04-06 03:35,18542
2020-04-06 03:40,18391
2020-04-06 03:45,18200
2020-04-06 03:50,18111
2020-04-06 03:55,18011
2020-04-06 04:00,17864
2020-04-06 04:05,17671
2020-04-06 04:10,17486
2020-04-06 04:15,17228
2020-04-06 04:20,17044
2020-04-06 04:25,16874
2020-04-06 04:30,16732
2020-04-06 04:35,16541
2020-04-06 04:40,16373
2020-04-06 04:45,16203
2020-04-06 04:50,16058
2020-04-06 04:55,15837
2020-04-06 05:00,15628
2020-04-06 05:05,15398
2020-04-06 05:10,15174
2020-04-06 05:15,14850
2020-04-06 05:20,14555
2020-04-06 05:25,14353
2020-04-06 05:30,14143
2020-04-06 05:35,13982
2020-04-06 05:40,13750
2020-04-06 05:45,13471
2020-04-06 05:50,13280
2020-04-06 05:55,13062
2020-04-06 06:00,12783
2020-04-06 06:05,12520
2020-04-06 06:10,12344
2020-04-06 06:15,12123
2020-04-06 06:20,11986
2020-04-06 06:25,11805
2020-04-06 06:30,11584
2020-04-06 06:35,11397
2020-04-06 06:40,11174
2020-04-06 06:45,10991
2020-04-06 06:50,10862
2020-04-06 06:55,10658
2020-04-06 07:00,10439
2020-04-06 07:05,10278
2020-04-06 07:10,10095
2020-04-06 07:15,9897
2020-04-06 07:20,9778
2020-04-06 07:25,9675
2020-04-06 07:30,9536
2020-04-06 07:35,9334
2020-04-06 07:40,9182
2020-04-06 07:45,9052
2020-04-06 07:50,8904
2020-04-06 07:55,8734
2020-04-06 08:00,8586
2020-04-06 08:05,8458
2020-04-06 08:10,8344
2020-04-06 08:15,8234
2020-04-06 08:20,8141
2020-04-06 08:25,8080
2020-04-06 08:30,8034
2020-04-06 08:35,8023
2020-04-06 08:40,8008
2020-04-06 08:45,7929
2020-04-06 08:50,7953
2020-04-06 08:55,7956
2020-04-06 09:00,7920
2020-04-06 09:05,7920
2020-04-06 09:10,7935
2020-04-06 09:15,7966
2020-04-06 09:20,7936
2020-04-06 09:25,8013
2020-04-06 09:30,8052
2020-04-06 09:35,8057
2020-04-06 09:40,8081
2020-04-06 09:45,8076
2020-04-06 09:50,8124
2020-04-06 09:55,8172
2020-04-06 10:00,8211
2020-04-06 10:05,8265
2020-04-06 10:10,8312
2020-04-06 10:15,8362
2020-04-06 10:20,8414
2020-04-06 10:25,8356
2020-04-06 10:30,8424
2020-04-06 10:35,8460
2020-04-06 10:40,8559
2020-04-06 10:45,8577
2020-04-06 10:50,8633
2020-04-06 10:55,8712
2020-04-06 11:00,8751
2020-04-06 11:05,8783
2020-04-06 11:10,8857
2020-04-06 11:15,8947
2020-04-06 11:20,9049
2020-04-06 11:25,9132
2020-04-06 11:30,9186
2020-04-06 11:35,9276
2020-04-06 11:40,9400
2020-04-06 11:45,9495
2020-04-06 11:50,9624
2020-04-06 11:55,9749
2020-04-06 12:00,9843
2020-04-06 12:05,9986
2020-04-06 12:10,10107
2020-04-06 12:15,10237
2020-04-06 12:20,10339
2020-04-06 12:25,10500
2020-04-06 12:30,10594
2020-04-06 12:35,10722
2020-04-06 12:40,10855
2020-04-06 12:45,10981
2020-04-06 12:50,11061
2020-04-06 12:55,11082
2020-04-06 13:00,11211
2020-04-06 13:05,11366
2020-04-06 13:10,11536
2020-04-06 13:15,11692
2020-04-06 13:20,11871
2020-04-06 13:25,12039
2020-04-06 13:30,12183
2020-04-06 13:35,12347
2020-04-06 13:40,12510
2020-04-06 13:45,12693
2020-04-06 13:50,12783
2020-04-06 13:55,12920
2020-04-06 14:00,13085
2020-04-06 14:05,13294
2020-04-06 14:10,13485
2020-04-06 14:15,13684
2020-04-06 14:20,13900
2020-04-06 14:25,14069
2020-04-06 14:30,14277
2020-04-06 14:35,14468
2020-04-06 14:40,14531
2020-04-06 14:45,14668
2020-04-06 14:50,14853
2020-04-06 14:55,14963
2020-04-06 15:00,15170
2020-04-06 15:05,15307
2020-04-06 15:10,15444
2020-04-06 15:15,15549
2020-04-06 15:20,15622
2020-04-06 15:25,15743
2020-04-06 15:30,15930
2020-04-06 15:35,15935
2020-04-06 15:40,16120
2020-04-06 15:45,16273
2020-04-06 15:50,16480
2020-04-06 15:55,16523
2020-04-06 16:00,16625
2020-04-06 16:05,16752
2020-04-06 16:10,16957
2020-04-06 16:15,17145
2020-04-06 16:20,17254
2020-04-06 16:25,17343
2020-04-06 16:30,17535
2020-04-06 16:35,17693
2020-04-06 16:40,17902
2020-04-06 16:45,18175
2020-04-06 16:50,18400
2020-04-06 16:55,18543
2020-04-06 17:00,18567
2020-04-06 17:05,18682
2020-04-06 17:10,18900
2020-04-06 17:15,19046
2020-04-06 17:20,19226
2020-04-06 17:25,19409
2020-04-06 17:30,19509
2020-04-06 17:35,19747
2020-04-06 17:40,19902
2020-04-06 17:45,19934
2020-04-06 17:50,20184
2020-04-06 17:55,20402
2020-04-06 18:00,20547
2020-04-06 18:05,20774
2020-04-06 18:10,20969
2020-04-06 18:15,21050
2020-04-06 18:20,21304
2020-04-06 18:25,21520
2020-04-06 18:30,21712
2020-04-06 18:35,21827
2020-04-06 18:40,21919
2020-04-06 18:45,21999
2020-04-06 18:50,22082
2020-04-06 18:55,22178
2020-04-06 19:00,22206
2020-04-06 19:05,22327
2020-04-06 19:10,22449
2020-04-06 19:15,22620
2020-04-06 19:20,22776
2020-04-06 19:25,22794
2020-04-06 19:30,22842
2020-04-06 19:35,22899
2020-04-06 19:40,23077
2020-04-06 19:45,23182
2020-04-06 19:50,23295
2020-04-06 19:55,23375
2020-04-06 20:00,23321
2020-04-06 20:05,23534
2020-04-06 20:10,23636
2020-04-06 20:15,23643
2020-04-06 20:20,23719
2020-04-06 20:25,23762
2020-04-06 20:30,23856
2020-04-06 20:35,23967
2020-04-06 20:40,24042
2020-04-06 20:45,24058
2020-04-06 20:50,24046
2020-04-06 20:55,24079
2020-04-06 21:00,24026
2020-04-06 21:05,23985
2020-04-06 21:10,24027
2020-04-06 21:15,24072
2020-04-06 21:20,24183
2020-04-06 21:25,24293
2020-04-06 21:30,24391
2020-04-06 21:35,24492
2020-04-06 21:40,24582
2020-04-06 21:45,24523
2020-04-06 21:50,24567
2020-04-06 21:55,24587
2020-04-06 22:00,24610
2020-04-06 22:05,24509
2020-04-06 22:10,24345
2020-04-06 22:15,24142
2020-04-06 22:20,23995
2020-04-06 22:25,23920
2020-04-06 22:30,23882
2020-04-06 22:35,23684
2020-04-06 22:40,23679
2020-04-06 22:45,23650
2020-04-06 22:50,23612
2020-04-06 22:55,23511
2020-04-06 23:00,23442
2020-04-06 23:05,23371
2020-04-06 23:10,23226
2020-04-06 23:15,23131
2020-04-06 23:20,22930
2020-04-06 23:25,22862
2020-04-06 23:30,22848
2020-04-06 23:35,22692
2020-04-06 23:40,22483
2020-04-06 23:45,22331
2020-04-06 23:50,22081
2020-04-06 23:55,21862
2020-04-07 00:00,21785
2020-04-07 00:05,21554
2020-04-07 00:10,21476
2020-04-07 00:15,21392
2020-04-07 00:20,21262
2020-04-07 00:25,21183
2020-04-07 00:30,21081
2020-04-07 00:35,21052
2020-04-07 00:40,21018
2020-04-07 00:45,20852
2020-04-07 00:50,20839
2020-04-07 00:55,20800
2020-04-07 01:00,20731
2020-04-07 01:05,20664
2020-04-07 01:10,20486
2020-04-07 01:15,20514
2020-04-07 01:20,20418
2020-04-07 01:25,20366
2020-04-07 01:30,20318
2020-04-07 01:35,20375
2020-04-07 01:40,20389
2020-04-07 01:45,20308
2020-04-07 01:50,20301
2020-04-07 01:55,20204
2020-04-07 02:00,20194
2020-04-07 02:05,20157
2020-04-07 02:10,20083
2020-04-07 02:15,20098
2020-04-07 02:20,20073
2020-04-07 02:25,19988
2020-04-07 02:30,19922
2020-04-07 02:35,19842
2020-04-07 02:40,19725
2020-04-07 02:45,19623
2020-04-07 02:50,19594
2020-04-07 02:55,19423
2020-04-07 03:00,19236
2020-04-07 03:05,19164
2020-04-07 03:10,19069
2020-04-07 03:15,18957
2020-04-07 03:20,18890
2020-04-07 03:25,18765
2020-04-07 03:30,18658
2020-04-07 03:35,18512
2020-04-07 03:40,18460
2020-04-07 03:45,18300
2020-04-07 03:50,18224
2020-04-07 03:55,18050
2020-04-07 04:00,17797
2020-04-07 04:05,17660
2020-04-07 04:10,17484
2020-04-07 04:15,17214
2020-04-07 04:20,17035
2020-04-07 04:25,16885
2020-04-07 04:30,16722
2020-04-07 04:35,16482
2020-04-07 04:40,16341
2020-04-07 04:45,16194
2020-04-07 04:50,15961
2020-04-07 04:55,15607
2020-04-07 05:00,15377
2020-04-07 05:05,15159
2020-04-07 05:10,14887
2020-04-07 05:15,14693
2020-04-07 05:20,14335
2020-04-07 05:25,14017
2020-04-07 05:30,13739
2020-04-07 05:35,13449
2020-04-07 05:40,13230
2020-04-07 05:45,13018
2020-04-07 05:50,12746
2020-04-07 05:55,12522
2020-04-07 06:00,12362
2020-04-07 06:05,12162
2020-04-07 06:10,11989
2020-04-07 06:15,11783
2020-04-07 06:20,11629
2020-04-07 06:25,11494
2020-04-07 06:30,11277
2020-04-07 06:35,11046
2020-04-07 06:40,10806
2020-04-07 06:45,10654
2020-04-07 06:50,10532
2020-04-07 06:55,10358
2020-04-07 07:00,10234
2020-04-07 07:05,10007
2020-04-07 07:10,9789
2020-04-07 07:15,9576
2020-04-07 07:20,9429
2020-04-07 07:25,9221
2020-04-07 07:30,9142
2020-04-07 07:35,9080
2020-04-07 07:40,8916
2020-04-07 07:45,8814
2020-04-07 07:50,8704
2020-04-07 07:55,8599
2020-04-07 08:00,8465
2020-04-07 08:05,8397
2020-04-07 08:10,8253
2020-04-07 08:15,8208
2020-04-07 08:20,8136
2020-04-07 08:25,8117
2020-04-07 08:30,8081
2020-04-07 08:35,8028
2020-04-07 08:40,7964
2020-04-07 08:45,7959
2020-04-07 08:50,7909
2020-04-07 08:55,7881
2020-04-07 09:00,7858
2020-04-07 09:05,7819
2020-04-07 09:10,7872
2020-04-07 09:15,7884
2020-04-07 09:20,7879
2020-04-07 09:25,7919
2020-04-07 09:30,7922
2020-04-07 09:35,7855
2020-04-07 09:40,7783
2020-04-07 09:45,7788
2020-04-07 09:50,7759
2020-04-07 09:55,7744
2020-04-07 10:00,7750
2020-04-07 10:05,7639
2020-04-07 10:10,7640
2020-04-07 10:15,7623
2020-04-07 10:20,7548
2020-04-07 10:25,7561
2020-04-07 10:30,7475
2020-04-07 10:35,6603
2020-04-07 10:40,5457
2020-04-07 10:45,4452
2020-04-07 10:50,3471
2020-04-07 10:55,2872
2020-04-07 11:00,2544
2020-04-07 11:05,2379
2020-04-07 11:10,2102
2020-04-07 11:15,2071
2020-04-07 11:20,2036
2020-04-07 11:25,2175
2020-04-07 11:30,2127
2020-04-07 11:35,2460
2020-04-07 11:40,3256
2020-04-07 11:45,3998
2020-04-07 11:50,4761
2020-04-07 11:55,5416
2020-04-07 12:00,6007
2020-04-07 12:05,6620
2020-04-07 12:10,7196
2020-04-07 12:15,7806
2020-04-07 12:20,8356
2020-04-07 12:25,8769
2020-04-07 12:30,9183
2020-04-07 12:35,9548
2020-04-07 12:40,9887
2020-04-07 12:45,10192
2020-04-07 12:50,10557
2020-04-07 12:55,10865
2020-04-07 13:00,11127
2020-04-07 13:05,11313
2020-04-07 13:10,11623
2020-04-07 13:15,11858
2020-04-07 13:20,12109
2020-04-07 13:25,12334
2020-04-07 13:30,12587
2020-04-07 13:35,12846
2020-04-07 13:40,13077
2020-04-07 13:45,13324
2020-04-07 13:50,13538
2020-04-07 13:55,13680
2020-04-07 14:00,13786
2020-04-07 14:05,14055
2020-04-07 14:10,14185
2020-04-07 14:15,14367
2020-04-07 14:20,14525
2020-04-07 14:25,14754
2020-04-07 14:30,14924
2020-04-07 14:35,15024
2020-04-07 14:40,15258
2020-04-07 14:45,15424
2020-04-07 14:50,15616
2020-04-07 14:55,15755
2020-04-07 15:00,15878
2020-04-07 15:05,15920
2020-04-07 15:10,16161
2020-04-07 15:15,16252
2020-04-07 15:20,16347
2020-04-07 15:25,16508
2020-04-07 15:30,16667
2020-04-07 15:35,16704
2020-04-07 15:40,16789
2020-04-07 15:45,16945
2020-04-07 15:50,17058
2020-04-07 15:55,17080
2020-04-07 16:00,17155
2020-04-07 16:05,17255
2020-04-07 16:10,17558
2020-04-07 16:15,17685
2020-04-07 16:20,17899
2020-04-07 16:25,17988
2020-04-07 16:30,18233
2020-04-07 16:35,18349
2020-04-07 16:40,18582
2020-04-07 16:45,18675
2020-04-07 16:50,18743
2020-04-07 16:55,18903
2020-04-07 17:00,19009
2020-04-07 17:05,19123
2020-04-07 17:10,19224
2020-04-07 17:15,19332
2020-04-07 17:20,19512
2020-04-07 17:25,19638
2020-04-07 17:30,19751
2020-04-07 17:35,19829
2020-04-07 17:40,19959
2020-04-07 17:45,20186
2020-04-07 17:50,20347
2020-04-07 17:55,20390
2020-04-07 18:00,20685
2020-04-07 18:05,20768
2020-04-07 18:10,20872
2020-04-07 18:15,21059
2020-04-07 18:20,21244
2020-04-07 18:25,21379
2020-04-07 18:30,21649
2020-04-07 18:35,21891
2020-04-07 18:40,22103
2020-04-07 18:45,22249
2020-04-07 18:50,22295
2020-04-07 18:55,22489
2020-04-07 19:00,22696
2020-04-07 19:05,22795
2020-04-07 19:10,22986
2020-04-07 19:15,23053
2020-04-07 19:20,23154
2020-04-07 19:25,23253
2020-04-07 19:30,23332
2020-04-07 19:35,23292
2020-04-07 19:40,23481
2020-04-07 19:45,23610
2020-04-07 19:50,23621
2020-04-07 19:55,23692
2020-04-07 20:00,23762
2020-04-07 20:05,23727
2020-04-07 20:10,23733
2020-04-07 20:15,23738
2020-04-07 20:20,23895
2020-04-07 20:25,23948
2020-04-07 20:30,23975
2020-04-07 20:35,24139
2020-04-07 20:40,24321
2020-04-07 20:45,24293
2020-04-07 20:50,24269
2020-04-07 20:55,24218
2020-04-07 21:00,24164
2020-04-07 21:05,24108
2020-04-07 21:10,23927
2020-04-07 21:15,23821
2020-04-07 21:20,23665
2020-04-07 21:25,23572
2020-04-07 21:30,23533
2020-04-07 21:35,23492
2020-04-07 21:40,23370
2020-04-07 21:45,23332
2020-04-07 21:50,23320
2020-04-07 21:55,23163
2020-04-07 22:00,23015
2020-04-07 22:05,22856
2020-04-07 22:10,22655
2020-04-07 22:15,22479
2020-04-07 22:20,22426
2020-04-07 22:25,22216
2020-04-07 22:30,22186
2020-04-07 22:35,22147
2020-04-07 22:40,22052
2020-04-07 22:45,22007
2020-04-07 22:50,21960
2020-04-07 22:55,21890
2020-04-07 23:00,21758
2020-04-07 23:05,21541
2020-04-07 23:10,
2020-04-07 23:15,0
2020-04-07 23:20,0
2020-04-07 23:25,16176
2020-04-07 23:30,19933
2020-04-07 23:35,20834
2020-04-07 23:40,21022
2020-04-07 23:45,21100
2020-04-07 23:50,21063
2020-04-07 23:55,21007
2020-04-08 00:00,20713
2020-04-08 00:05,21080
2020-04-08 00:10,21110
2020-04-08 00:15,21148
2020-04-08 00:20,21120
2020-04-08 00:25,21156
2020-04-08 00:30,21145
2020-04-08 00:35,21129
2020-04-08 00:40,21087
2020-04-08 00:45,21216
2020-04-08 00:50,21141
2020-04-08 00:55,21173
2020-04-08 01:00,21231
2020-04-08 01:05,21273
2020-04-08 01:10,21218
2020-04-08 01:15,21318
2020-04-08 01:20,21358
2020-04-08 01:25,21334
2020-04-08 01:30,21408
2020-04-08 01:35,21391
2020-04-08 01:40,21466
2020-04-08 01:45,21424
2020-04-08 01:50,21409
2020-04-08 01:55,21385
2020-04-08 02:00,21392
2020-04-08 02:05,21235
2020-04-08 02:10,21204
2020-04-08 02:15,21080
2020-04-08 02:20,20986
2020-04-08 02:25,20866
2020-04-08 02:30,20808
2020-04-08 02:35,20711
2020-04-08 02:40,20617
2020-04-08 02:45,20595
2020-04-08 02:50,20449
2020-04-08 02:55,20407
2020-04-08 03:00,20323
2020-04-08 03:05,20216
2020-04-08 03:10,20146
2020-04-08 03:15,20038
2020-04-08 03:20,19899
2020-04-08 03:25,19795
2020-04-08 03:30,19670
2020-04-08 03:35,19495
2020-04-08 03:40,19252
2020-04-08 03:45,19037
2020-04-08 03:50,18815
2020-04-08 03:55,18556
2020-04-08 04:00,18286
2020-04-08 04:05,18058
2020-04-08 04:10,17772
2020-04-08 04:15,17501
2020-04-08 04:20,17301
2020-04-08 04:25,17118
2020-04-08 04:30,16846
2020-04-08 04:35,16582
2020-04-08 04:40,16297
2020-04-08 04:45,16133
2020-04-08 04:50,15945
2020-04-08 04:55,15639
2020-04-08 05:00,15381
2020-04-08 05:05,15081
2020-04-08 05:10,14795
2020-04-08 05:15,14560
2020-04-08 05:20,14239
2020-04-08 05:25,14044
2020-04-08 05:30,13812
2020-04-08 05:35,13598
2020-04-08 05:40,13373
2020-04-08 05:45,13193
2020-04-08 05:50,13009
2020-04-08 05:55,12758
2020-04-08 06:00,12553
2020-04-08 06:05,12299
2020-04-08 06:10,12127
2020-04-08 06:15,11999
2020-04-08 06:20,11727
2020-04-08 06:25,11533
2020-04-08 06:30,11275
2020-04-08 06:35,11100
2020-04-08 06:40,10898
2020-04-08 06:45,10720
2020-04-08 06:50,10489
2020-04-08 06:55,10316
2020-04-08 07:00,10139
2020-04-08 07:05,10011
2020-04-08 07:10,9821
2020-04-08 07:15,9683
2020-04-08 07:20,9487
2020-04-08 07:25,9361
2020-04-08 07:30,9223
2020-04-08 07:35,9088
2020-04-08 07:40,8968
2020-04-08 07:45,8892
2020-04-08 07:50,8809
2020-04-08 07:55,8729
2020-04-08 08:00,8629
2020-04-08 08:05,8469
2020-04-08 08:10,8368
2020-04-08 08:15,8305
2020-04-08 08:20,8231
2020-04-08 08:25,8168
2020-04-08 08:30,8091
2020-04-08 08:35,8052
2020-04-08 08:40,8032
2020-04-08 08:45,7999
2020-04-08 08:50,7962
2020-04-08 08:55,7991
2020-04-08 09:00,7935
2020-04-08 09:05,7925
2020-04-08 09:10,7933
2020-04-08 09:15,6907
2020-04-08 09:20,7867
2020-04-08 09:25,7929
2020-04-08 09:30,7967
2020-04-08 09:35,7994
2020-04-08 09:40,7996
2020-04-08 09:45,8032
2020-04-08 09:50,8070
2020-04-08 09:55,8179
2020-04-08 10:00,8168
2020-04-08 10:05,8240
2020-04-08 10:10,8269
2020-04-08 10:15,8301
2020-04-08 10:20,8324
2020-04-08 10:25,8378
2020-04-08 10:30,8417
2020-04-08 10:35,8451
2020-04-08 10:40,8475
2020-04-08 10:45,8514
2020-04-08 10:50,8579
2020-04-08 10:55,8701
2020-04-08 11:00,8721
2020-04-08 11:05,8747
2020-04-08 11:10,8874
2020-04-08 11:15,8958
2020-04-08 11:20,8970
2020-04-08 11:25,9068
2020-04-08 11:30,9087
2020-04-08 11:35,9140
2020-04-08 11:40,9260
2020-04-08 11:45,9425
2020-04-08 11:50,9578
2020-04-08 11:55,9713
2020-04-08 12:00,9780
2020-04-08 12:05,9776
2020-04-08 12:10,9856
2020-04-08 12:15,9980
2020-04-08 12:20,10130
2020-04-08 12:25,10234
2020-04-08 12:30,10371
2020-04-08 12:35,10499
2020-04-08 12:40,10667
2020-04-08 12:45,10739
2020-04-08 12:50,10946
2020-04-08 12:55,11063
2020-04-08 13:00,11157
2020-04-08 13:05,11289
2020-04-08 13:10,11410
2020-04-08 13:15,11562
2020-04-08 13:20,11668
2020-04-08 13:25,11782
2020-04-08 13:30,11902
2020-04-08 13:35,12095
2020-04-08 13:40,12279
2020-04-08 13:45,12439
2020-04-08 13:50,12550
2020-04-08 13:55,12767
2020-04-08 14:00,12921
2020-04-08 14:05,13055
2020-04-08 14:10,13200
2020-04-08 14:15,13318
2020-04-08 14:20,13555
2020-04-08 14:25,13706
2020-04-08 14:30,13879
2020-04-08 14:35,14103
2020-04-08 14:40,14321
2020-04-08 14:45,14477
2020-04-08 14:50,14648
2020-04-08 14:55,14819
2020-04-08 15:00,14973
2020-04-08 15:05,15008
2020-04-08 15:10,15230
2020-04-08 15:15,15346
2020-04-08 15:20,15481
2020-04-08 15:25,15587
2020-04-08 15:30,15838
2020-04-08 15:35,15923
2020-04-08 15:40,16025
2020-04-08 15:45,16193
2020-04-08 15:50,16279
2020-04-08 15:55,16397
2020-04-08 16:00,16496
2020-04-08 16:05,16625
2020-04-08 16:10,16776
2020-04-08 16:15,16951
2020-04-08 16:20,17038
2020-04-08 16:25,17154
2020-04-08 16:30,17259
2020-04-08 16:35,17422
2020-04-08 16:40,17590
2020-04-08 16:45,17703
2020-04-08 16:50,17829
2020-04-08 16:55,18112
2020-04-08 17:00,18264
2020-04-08 17:05,18477
2020-04-08 17:10,18686
2020-04-08 17:15,18899
2020-04-08 17:20,19024
2020-04-08 17:25,19193
2020-04-08 17:30,19355
2020-04-08 17:35,19512
2020-04-08 17:40,19690
2020-04-08 17:45,19821
2020-04-08 17:50,19973
2020-04-08 17:55,20165
2020-04-08 18:00,20369
2020-04-08 18:05,20537
2020-04-08 18:10,20690
2020-04-08 18:15,20897
2020-04-08 18:20,21019
2020-04-08 18:25,21166
2020-04-08 18:30,21408
2020-04-08 18:35,21630
2020-04-08 18:40,21716
2020-04-08 18:45,21903
2020-04-08 18:50,22011
2020-04-08 18:55,22241
2020-04-08 19:00,22383
2020-04-08 19:05,22578
2020-04-08 19:10,22716
2020-04-08 19:15,22841
2020-04-08 19:20,22888
2020-04-08 19:25,23073
2020-04-08 19:30,23144
2020-04-08 19:35,23327
2020-04-08 19:40,23429
2020-04-08 19:45,23525
2020-04-08 19:50,23703
2020-04-08 19:55,23795
2020-04-08 20:00,23834
2020-04-08 20:05,23856
2020-04-08 20:10,23921
2020-04-08 20:15,23910
2020-04-08 20:20,23912
2020-04-08 20:25,23940
2020-04-08 20:30,23894
2020-04-08 20:35,23936
2020-04-08 20:40,23927
2020-04-08 20:45,23863
2020-04-08 20:50,23922
2020-04-08 20:55,23959
2020-04-08 21:00,23953
2020-04-08 21:05,23915
2020-04-08 21:10,23972
2020-04-08 21:15,23981
2020-04-08 21:20,23902
2020-04-08 21:25,23855
2020-04-08 21:30,23730
2020-04-08 21:35,23580
2020-04-08 21:40,23443
2020-04-08 21:45,23430
2020-04-08 21:50,23301
2020-04-08 21:55,23300
2020-04-08 22:00,23204
2020-04-08 22:05,22961
2020-04-08 22:10,22878
2020-04-08 22:15,22632
2020-04-08 22:20,22443
2020-04-08 22:25,22341
2020-04-08 22:30,22214
2020-04-08 22:35,22125
2020-04-08 22:40,22005
2020-04-08 22:45,21941
2020-04-08 22:50,21854
2020-04-08 22:55,21787
2020-04-08 23:00,21602
2020-04-08 23:05,21418
2020-04-08 23:10,21340
2020-04-08 23:15,21231
2020-04-08 23:20,21196
2020-04-08 23:25,21095
2020-04-08 23:30,20934
2020-04-08 23:35,20845
2020-04-08 23:40,20742
2020-04-08 23:45,20645
2020-04-08 23:50,20575
2020-04-08 23:55,20550
2020-04-09 00:00,20544
2020-04-09 00:05,20535
2020-04-09 00:10,20395
2020-04-09 00:15,20333
2020-04-09 00:20,20194
2020-04-09 00:25,20199
2020-04-09 00:30,20190
2020-04-09 00:35,20178
2020-04-09 00:40,20104
2020-04-09 00:45,20119
2020-04-09 00:50,20140
2020-04-09 00:55,20012
2020-04-09 01:00,20000
2020-04-09 01:05,20013
2020-04-09 01:10,20042
2020-04-09 01:15,20067
2020-04-09 01:20,20093
2020-04-09 01:25,20112
2020-04-09 01:30,20069
2020-04-09 01:35,20144
2020-04-09 01:40,20080
2020-04-09 01:45,20035
2020-04-09 01:50,20021
2020-04-09 01:55,20044
2020-04-09 02:00,20003
2020-04-09 02:05,19988
2020-04-09 02:10,19966
2020-04-09 02:15,19939
2020-04-09 02:20,19920
2020-04-09 02:25,19826
2020-04-09 02:30,19744
2020-04-09 02:35,19670
2020-04-09 02:40,19577
2020-04-09 02:45,19473
2020-04-09 02:50,19390
2020-04-09 02:55,19284
2020-04-09 03:00,19181
2020-04-09 03:05,19089
2020-04-09 03:10,18814
2020-04-09 03:15,18667
2020-04-09 03:20,18563
2020-04-09 03:25,18497
2020-04-09 03:30,18423
2020-04-09 03:35,18294
2020-04-09 03:40,18153
2020-04-09 03:45,18008
2020-04-09 03:50,17722
2020-04-09 03:55,17542
2020-04-09 04:00,17385
2020-04-09 04:05,17194
2020-04-09 04:10,17020
2020-04-09 04:15,16812
2020-04-09 04:20,16583
2020-04-09 04:25,16417
2020-04-09 04:30,16225
2020-04-09 04:35,16047
2020-04-09 04:40,15962
2020-04-09 04:45,15816
2020-04-09 04:50,15604
2020-04-09 04:55,15446
2020-04-09 05:00,15161
2020-04-09 05:05,14825
2020-04-09 05:10,
2020-04-09 05:15,14420
2020-04-09 05:20,14177
2020-04-09 05:25,13948
2020-04-09 05:30,13597
2020-04-09 05:35,13410
2020-04-09 05:40,13237
2020-04-09 05:45,
2020-04-09 05:50,12799
2020-04-09 05:55,12557
2020-04-09 06:00,
2020-04-09 06:05,12191
2020-04-09 06:10,11983
2020-04-09 06:15,11750
2020-04-09 06:20,11512
2020-04-09 06:25,11356
2020-04-09 06:30,11118
2020-04-09 06:35,10945
2020-04-09 06:40,10738
2020-04-09 06:45,10559
2020-04-09 06:50,10328
2020-04-09 06:55,10224
2020-04-09 07:00,10100
2020-04-09 07:05,9884
2020-04-09 07:10,9794
2020-04-09 07:15,9656
2020-04-09 07:20,9468
2020-04-09 07:25,9307
2020-04-09 07:30,9156
2020-04-09 07:35,9022
2020-04-09 07:40,8943
2020-04-09 07:45,8869
2020-04-09 07:50,8705
2020-04-09 07:55,8588
2020-04-09 08:00,8445
2020-04-09 08:05,8284
2020-04-09 08:10,8163
2020-04-09 08:15,8048
2020-04-09 08:20,7985
2020-04-09 08:25,7915
2020-04-09 08:30,7907
2020-04-09 08:35,7860
2020-04-09 08:40,7826
2020-04-09 08:45,7821
2020-04-09 08:50,7788
2020-04-09 08:55,7799
2020-04-09 09:00,7794
2020-04-09 09:05,7768
2020-04-09 09:10,7739
2020-04-09 09:15,7813
2020-04-09 09:20,7783
2020-04-09 09:25,7787
2020-04-09 09:30,7777
2020-04-09 09:35,7825
2020-04-09 09:40,7902
2020-04-09 09:45,7907
2020-04-09 09:50,7984
2020-04-09 09:55,8053
2020-04-09 10:00,
2020-04-09 10:05,8109
2020-04-09 10:10,8152
2020-04-09 10:15,8128
2020-04-09 10:20,8194
2020-04-09 10:25,8341
2020-04-09 10:30,8439
2020-04-09 10:35,8520
2020-04-09 10:40,8558
2020-04-09 10:45,8596
2020-04-09 10:50,8657
2020-04-09 10:55,8734
2020-04-09 11:00,
2020-04-09 11:05,8971
2020-04-09 11:10,8995
2020-04-09 11:15,9000
2020-04-09 11:20,9061
2020-04-09 11:25,9182
2020-04-09 11:30,9236
2020-04-09 11:35,
2020-04-09 11:40,9414
2020-04-09 11:45,9532
2020-04-09 11:50,9632
2020-04-09 11:55,9714
2020-04-09 12:00,9785
2020-04-09 12:05,9869
2020-04-09 12:10,9968
2020-04-09 12:15,10045
2020-04-09 12:20,10180
2020-04-09 12:25,10290
2020-04-09 12:30,10422
2020-04-09 12:35,10547
2020-04-09 12:40,10660
2020-04-09 12:45,10753
2020-04-09 12:50,10907
2020-04-09 12:55,11052
2020-04-09 13:00,11215
2020-04-09 13:05,11377
2020-04-09 13:10,11579
2020-04-09 13:15,11719
2020-04-09 13:20,11866
2020-04-09 13:25,12018
2020-04-09 13:30,12179
2020-04-09 13:35,12369
2020-04-09 13:40,12573
2020-04-09 13:45,12804
2020-04-09 13:50,12931
2020-04-09 13:55,13041
2020-04-09 14:00,13190
2020-04-09 14:05,13381
2020-04-09 14:10,13610
2020-04-09 14:15,13759
2020-04-09 14:20,13931
2020-04-09 14:25,14114
2020-04-09 14:30,14248
2020-04-09 14:35,14417
2020-04-09 14:40,14586
2020-04-09 14:45,14661
2020-04-09 14:50,14835
2020-04-09 14:55,15025
2020-04-09 15:00,15107
2020-04-09 15:05,15202
2020-04-09 15:10,15318
2020-04-09 15:15,15429
2020-04-09 15:20,15633
2020-04-09 15:25,15796
2020-04-09 15:30,15937
2020-04-09 15:35,16117
2020-04-09 15:40,16302
2020-04-09 15:45,16477
2020-04-09 15:50,16614
2020-04-09 15:55,16627
2020-04-09 16:00,16705
2020-04-09 16:05,16897
2020-04-09 16:10,17040
2020-04-09 16:15,17184
2020-04-09 16:20,17445
2020-04-09 16:25,17555
2020-04-09 16:30,17728
2020-04-09 16:35,17833
2020-04-09 16:40,17987
2020-04-09 16:45,18125
2020-04-09 16:50,18258
2020-04-09 16:55,18381
2020-04-09 17:00,18504
2020-04-09 17:05,18664
2020-04-09 17:10,18805
2020-04-09 17:15,18934
2020-04-09 17:20,19072
2020-04-09 17:25,19295
2020-04-09 17:30,19481
2020-04-09 17:35,19641
2020-04-09 17:40,19797
2020-04-09 17:45,19959
2020-04-09 17:50,20052
2020-04-09 17:55,20099
2020-04-09 18:00,20205
2020-04-09 18:05,20421
2020-04-09 18:10,20601
2020-04-09 18:15,20789
2020-04-09 18:20,20904
2020-04-09 18:25,21180
2020-04-09 18:30,21482
2020-04-09 18:35,21601
2020-04-09 18:40,21731
2020-04-09 18:45,21905
2020-04-09 18:50,22112
2020-04-09 18:55,22271
2020-04-09 19:00,22428
2020-04-09 19:05,22706
2020-04-09 19:10,22800
2020-04-09 19:15,21523
2020-04-09 19:20,20263
2020-04-09 19:25,20254
2020-04-09 19:30,20481
2020-04-09 19:35,20814
2020-04-09 19:40,21151
2020-04-09 19:45,21447
2020-04-09 19:50,21732
2020-04-09 19:55,22117
2020-04-09 20:00,22441
2020-04-09 20:05,22695
2020-04-09 20:10,22897
2020-04-09 20:15,23107
2020-04-09 20:20,23461
2020-04-09 20:25,23696
2020-04-09 20:30,23836
2020-04-09 20:35,23999
2020-04-09 20:40,24176
2020-04-09 20:45,24252
2020-04-09 20:50,24394
2020-04-09 20:55,24398
2020-04-09 21:00,24410
2020-04-09 21:05,24485
2020-04-09 21:10,24414
2020-04-09 21:15,24436
2020-04-09 21:20,24465
2020-04-09 21:25,24486
2020-04-09 21:30,24519
2020-04-09 21:35,24391
2020-04-09 21:40,24325
2020-04-09 21:45,24272
2020-04-09 21:50,24249
2020-04-09 21:55,24132
2020-04-09 22:00,23935
2020-04-09 22:05,23821
2020-04-09 22:10,23643
2020-04-09 22:15,23517
2020-04-09 22:20,23366
2020-04-09 22:25,23179
2020-04-09 22:30,23078
2020-04-09 22:35,22953
2020-04-09 22:40,22850
2020-04-09 22:45,22704
2020-04-09 22:50,22515
2020-04-09 22:55,22310
2020-04-09 23:00,22244
2020-04-09 23:05,22124
2020-04-09 23:10,21993
2020-04-09 23:15,21998
2020-04-09 23:20,21825
2020-04-09 23:25,21764
2020-04-09 23:30,21648
2020-04-09 23:35,21498
2020-04-09 23:40,21388
2020-04-09 23:45,21331
2020-04-09 23:50,21271
2020-04-09 23:55,21239
2020-04-10 00:00,21189
2020-04-10 00:05,21036
2020-04-10 00:10,20794
2020-04-10 00:15,20750
2020-04-10 00:20,20636
2020-04-10 00:25,20538
2020-04-10 00:30,20443
2020-04-10 00:35,20379
2020-04-10 00:40,20427
2020-04-10 00:45,20408
2020-04-10 00:50,20431
2020-04-10 00:55,20384
2020-04-10 01:00,20382
2020-04-10 01:05,20439
2020-04-10 01:10,20443
2020-04-10 01:15,20379
2020-04-10 01:20,20361
2020-04-10 01:25,20400
2020-04-10 01:30,20338
2020-04-10 01:35,20301
2020-04-10 01:40,20363
2020-04-10 01:45,20322
2020-04-10 01:50,20325
2020-04-10 01:55,20233
2020-04-10 02:00,20125
2020-04-10 02:05,20076
2020-04-10 02:10,20090
2020-04-10 02:15,20133
2020-04-10 02:20,20150
2020-04-10 02:25,20170
2020-04-10 02:30,20109
2020-04-10 02:35,20123
2020-04-10 02:40,20104
2020-04-10 02:45,20031
2020-04-10 02:50,19984
2020-04-10 02:55,19937
2020-04-10 03:00,19901
2020-04-10 03:05,19747
2020-04-10 03:10,19595
2020-04-10 03:15,19399
2020-04-10 03:20,19308
2020-04-10 03:25,19276
2020-04-10 03:30,19192
2020-04-10 03:35,19112
2020-04-10 03:40,19000
2020-04-10 03:45,18902
2020-04-10 03:50,18725
2020-04-10 03:55,18547
2020-04-10 04:00,18325
2020-04-10 04:05,18180
2020-04-10 04:10,17922
2020-04-10 04:15,17616
2020-04-10 04:20,17393
2020-04-10 04:25,17128
2020-04-10 04:30,16928
2020-04-10 04:35,16760
2020-04-10 04:40,16545
2020-04-10 04:45,16390
2020-04-10 04:50,16165
2020-04-10 04:55,15990
2020-04-10 05:00,15812
2020-04-10 05:05,15523
2020-04-10 05:10,15384
2020-04-10 05:15,15159
2020-04-10 05:20,14865
2020-04-10 05:25,14611
2020-04-10 05:30,14402
2020-04-10 05:35,14137
2020-04-10 05:40,13953
2020-04-10 05:45,13700
2020-04-10 05:50,13450
2020-04-10 05:55,13235
2020-04-10 06:00,13060
2020-04-10 06:05,12927
2020-04-10 06:10,12586
2020-04-10 06:15,12351
2020-04-10 06:20,12195
2020-04-10 06:25,11972
2020-04-10 06:30,11749
2020-04-10 06:35,11461
2020-04-10 06:40,11205
2020-04-10 06:45,10938
2020-04-10 06:50,10675
2020-04-10 06:55,10445
2020-04-10 07:00,10264
2020-04-10 07:05,9985
2020-04-10 07:10,9666
2020-04-10 07:15,9471
2020-04-10 07:20,9169
2020-04-10 07:25,8888
2020-04-10 07:30,8653
2020-04-10 07:35,7872
2020-04-10 07:40,6415
2020-04-10 07:45,5153
2020-04-10 07:50,3901
2020-04-10 07:55,3025
2020-04-10 08:00,2463
2020-04-10 08:05,2147
2020-04-10 08:10,1845
2020-04-10 08:15,1893
2020-04-10 08:20,1988
2020-04-10 08:25,1867
2020-04-10 08:30,2276
2020-04-10 08:35,2719
2020-04-10 08:40,3264
2020-04-10 08:45,3767
2020-04-10 08:50,4195
2020-04-10 08:55,4643
2020-04-10 09:00,4934
2020-04-10 09:05,5246
2020-04-10 09:10,5570
2020-04-10 09:15,5865
2020-04-10 09:20,6149
2020-04-10 09:25,6462
2020-04-10 09:30,6714
2020-04-10 09:35,6967
2020-04-10 09:40,7146
2020-04-10 09:45,7308
2020-04-10 09:50,7515
2020-04-10 09:55,7666
2020-04-10 10:00,7868
2020-04-10 10:05,8007
2020-04-10 10:10,8120
2020-04-10 10:15,8280
2020-04-10 10:20,8482
2020-04-10 10:25,8601
2020-04-10 10:30,8788
2020-04-10 10:35,8868
2020-04-10 10:40,8976
2020-04-10 10:45,9062
2020-04-10 10:50,9130
2020-04-10 10:55,9207
2020-04-10 11:00,9297
2020-04-10 11:05,9410
2020-04-10 11:10,9488
2020-04-10 11:15,9560
2020-04-10 11:20,9733
2020-04-10 11:25,9816
2020-04-10 11:30,9999
2020-04-10 11:35,10130
2020-04-10 11:40,10286
2020-04-10 11:45,10447
2020-04-10 11:50,10560
2020-04-10 11:55,10676
2020-04-10 12:00,10729
2020-04-10 12:05,10782
2020-04-10 12:10,10880
2020-04-10 12:15,10949
2020-04-10 12:20,11083
2020-04-10 12:25,11200
2020-04-10 12:30,11331
2020-04-10 12:35,11344
2020-04-10 12:40,11425
2020-04-10 12:45,11527
2020-04-10 12:50,11664
2020-04-10 12:55,11865
2020-04-10 13:00,11923
2020-04-10 13:05,12019
2020-04-10 13:10,12314
2020-04-10 13:15,12528
2020-04-10 13:20,12709
2020-04-10 13:25,12866
2020-04-10 13:30,12986
2020-04-10 13:35,13113
2020-04-10 13:40,13309
2020-04-10 13:45,13513
2020-04-10 13:50,13687
2020-04-10 13:55,13900
2020-04-10 14:00,14051
2020-04-10 14:05,14183
2020-04-10 14:10,14426
2020-04-10 14:15,14668
2020-04-10 14:20,14811
2020-04-10 14:25,14903
2020-04-10 14:30,15033
2020-04-10 14:35,15113
2020-04-10 14:40,15308
2020-04-10 14:45,15472
2020-04-10 14:50,15588
2020-04-10 14:55,15741
2020-04-10 15:00,15861
2020-04-10 15:05,15985
2020-04-10 15:10,16188
2020-04-10 15:15,16334
2020-04-10 15:20,16431
2020-04-10 15:25,16594
2020-04-10 15:30,16762
2020-04-10 15:35,16937
2020-04-10 15:40,17120
2020-04-10 15:45,17397
2020-04-10 15:50,17578
2020-04-10 15:55,17712
2020-04-10 16:00,17866
2020-04-10 16:05,18097
2020-04-10 16:10,18191
2020-04-10 16:15,18328
2020-04-10 16:20,18395
2020-04-10 16:25,18574
2020-04-10 16:30,18762
2020-04-10 16:35,18957
2020-04-10 16:40,19064
2020-04-10 16:45,19181
2020-04-10 16:50,19358
2020-04-10 16:55,19523
2020-04-10 17:00,19688
2020-04-10 17:05,19790
2020-04-10 17:10,19897
2020-04-10 17:15,20055
2020-04-10 17:20,20258
2020-04-10 17:25,
2020-04-10 17:30,20559
2020-04-10 17:35,20719
2020-04-10 17:40,20961
2020-04-10 17:45,21142
2020-04-10 17:50,21316
2020-04-10 17:55,21447
2020-04-10 18:00,21647
2020-04-10 18:05,21893
2020-04-10 18:10,22176
2020-04-10 18:15,22352
2020-04-10 18:20,22497
2020-04-10 18:25,22724
2020-04-10 18:30,22808
2020-04-10 18:35,22958
2020-04-10 18:40,23154
2020-04-10 18:45,23384
2020-04-10 18:50,23593
2020-04-10 18:55,23742
2020-04-10 19:00,23915
2020-04-10 19:05,24014
2020-04-10 19:10,24176
2020-04-10 19:15,24249
2020-04-10 19:20,24410
2020-04-10 19:25,24465
2020-04-10 19:30,24604
2020-04-10 19:35,24718
2020-04-10 19:40,24788
2020-04-10 19:45,24851
2020-04-10 19:50,24845
2020-04-10 19:55,24968
2020-04-10 20:00,24950
2020-04-10 20:05,25037
2020-04-10 20:10,25084
2020-04-10 20:15,25079
2020-04-10 20:20,25099
2020-04-10 20:25,25280
2020-04-10 20:30,25393
2020-04-10 20:35,25554
2020-04-10 20:40,25612
2020-04-10 20:45,25685
2020-04-10 20:50,25740
2020-04-10 20:55,25910
2020-04-10 21:00,25917
2020-04-10 21:05,25903
2020-04-10 21:10,25959
2020-04-10 21:15,25967
2020-04-10 21:20,26010
2020-04-10 21:25,25994
2020-04-10 21:30,25994
2020-04-10 21:35,25871
2020-04-10 21:40,25742
2020-04-10 21:45,25633
2020-04-10 21:50,25552
2020-04-10 21:55,25438
2020-04-10 22:00,25281
2020-04-10 22:05,25082
2020-04-10 22:10,25020
2020-04-10 22:15,24920
2020-04-10 22:20,24712
2020-04-10 22:25,24638
2020-04-10 22:30,24552
2020-04-10 22:35,24386
2020-04-10 22:40,24405
2020-04-10 22:45,24429
2020-04-10 22:50,24270
2020-04-10 22:55,24226
2020-04-10 23:00,24180
2020-04-10 23:05,23995
2020-04-10 23:10,23842
2020-04-10 23:15,23724
2020-04-10 23:20,23594
2020-04-10 23:25,23451
2020-04-10 23:30,23335
2020-04-10 23:35,23154
2020-04-10 23:40,23012
2020-04-10 23:45,22880
2020-04-10 23:50,22779
2020-04-10 23:55,22675
2020-04-11 00:00,22458
2020-04-11 00:05,22335
2020-04-11 00:10,22204
2020-04-11 00:15,21969
2020-04-11 00:20,21890
2020-04-11 00:25,21868
2020-04-11 00:30,21876
2020-04-11 00:35,21802
2020-04-11 00:40,21719
2020-04-11 00:45,21676
2020-04-11 00:50,21586
2020-04-11 00:55,21579
2020-04-11 01:00,21502
2020-04-11 01:05,21448
2020-04-11 01:10,21365
2020-04-11 01:15,21357
2020-04-11 01:20,21405
2020-04-11 01:25,21352
2020-04-11 01:30,21335
2020-04-11 01:35,21243
2020-04-11 01:40,21245
2020-04-11 01:45,21274
2020-04-11 01:50,21210
2020-04-11 01:55,21281
2020-04-11 02:00,21310
2020-04-11 02:05,21114
2020-04-11 02:10,21096
2020-04-11 02:15,21128
2020-04-11 02:20,21124
2020-04-11 02:25,21094
2020-04-11 02:30,20994
2020-04-11 02:35,20986
2020-04-11 02:40,20979
2020-04-11 02:45,20934
2020-04-11 02:50,20950
2020-04-11 02:55,20992
2020-04-11 03:00,20903
2020-04-11 03:05,20844
2020-04-11 03:10,20799
2020-04-11 03:15,20754
2020-04-11 03:20,20664
2020-04-11 03:25,20542
2020-04-11 03:30,20433
2020-04-11 03:35,20357
2020-04-11 03:40,20269
2020-04-11 03:45,20096
2020-04-11 03:50,19873
2020-04-11 03:55,19747
2020-04-11 04:00,19588
2020-04-11 04:05,19497
2020-04-11 04:10,19361
2020-04-11 04:15,19208
2020-04-11 04:20,19158
2020-04-11 04:25,18897
2020-04-11 04:30,18777
2020-04-11 04:35,18654
2020-04-11 04:40,18502
2020-04-11 04:45,18314
2020-04-11 04:50,18101
2020-04-11 04:55,17877
2020-04-11 05:00,17798
2020-04-11 05:05,17562
2020-04-11 05:10,17390
2020-04-11 05:15,17236
2020-04-11 05:20,17051
2020-04-11 05:25,16876
2020-04-11 05:30,16609
2020-04-11 05:35,16397
2020-04-11 05:40,16133
2020-04-11 05:45,15969
2020-04-11 05:50,15686
2020-04-11 05:55,15483
2020-04-11 06:00,15192
2020-04-11 06:05,14855
2020-04-11 06:10,14575
2020-04-11 06:15,14345
2020-04-11 06:20,14143
2020-04-11 06:25,13921
2020-04-11 06:30,13675
2020-04-11 06:35,13396
2020-04-11 06:40,13184
2020-04-11 06:45,12929
2020-04-11 06:50,12635
2020-04-11 06:55,12460
2020-04-11 07:00,12230
2020-04-11 07:05,12010
2020-04-11 07:10,11862
2020-04-11 07:15,11617
2020-04-11 07:20,11428
2020-04-11 07:25,11335
2020-04-11 07:30,11142
2020-04-11 07:35,11005
2020-04-11 07:40,10824
2020-04-11 07:45,10639
2020-04-11 07:50,10494
2020-04-11 07:55,10338
2020-04-11 08:00,10201
2020-04-11 08:05,10042
2020-04-11 08:10,9896
2020-04-11 08:15,9745
2020-04-11 08:20,9670
2020-04-11 08:25,9561
2020-04-11 08:30,9447
2020-04-11 08:35,9408
2020-04-11 08:40,9308
2020-04-11 08:45,9284
2020-04-11 08:50,9222
2020-04-11 08:55,9222
2020-04-11 09:00,9212
2020-04-11 09:05,9225
2020-04-11 09:10,9217
2020-04-11 09:15,9234
2020-04-11 09:20,9047
2020-04-11 09:25,9081
2020-04-11 09:30,9094
2020-04-11 09:35,9154
2020-04-11 09:40,9214
2020-04-11 09:45,9202
2020-04-11 09:50,9339
2020-04-11 09:55,9400
2020-04-11 10:00,9368
2020-04-11 10:05,9318
2020-04-11 10:10,9377
2020-04-11 10:15,9467
2020-04-11 10:20,9559
2020-04-11 10:25,9687
2020-04-11 10:30,9732
2020-04-11 10:35,9823
2020-04-11 10:40,9938
2020-04-11 10:45,9953
2020-04-11 10:50,10017
2020-04-11 10:55,10075
2020-04-11 11:00,10138
2020-04-11 11:05,10231
2020-04-11 11:10,10339
2020-04-11 11:15,10431
2020-04-11 11:20,10589
2020-04-11 11:25,10684
2020-04-11 11:30,10731
2020-04-11 11:35,10824
2020-04-11 11:40,10914
2020-04-11 11:45,11003
2020-04-11 11:50,11111
2020-04-11 11:55,11230
2020-04-11 12:00,11354
2020-04-11 12:05,11485
2020-04-11 12:10,11596
2020-04-11 12:15,11661
2020-04-11 12:20,11768
2020-04-11 12:25,11874
2020-04-11 12:30,11992
2020-04-11 12:35,12184
2020-04-11 12:40,12302
2020-04-11 12:45,12485
2020-04-11 12:50,12530
2020-04-11 12:55,12709
2020-04-11 13:00,12811
2020-04-11 13:05,12912
2020-04-11 13:10,13049
2020-04-11 13:15,13247
2020-04-11 13:20,13373
2020-04-11 13:25,13510
2020-04-11 13:30,13706
2020-04-11 13:35,13884
2020-04-11 13:40,13893
2020-04-11 13:45,14139
2020-04-11 13:50,14340
2020-04-11 13:55,14513
2020-04-11 14:00,14720
2020-04-11 14:05,14946
2020-04-11 14:10,15126
2020-04-11 14:15,15268
2020-04-11 14:20,15458
2020-04-11 14:25,15694
2020-04-11 14:30,15851
2020-04-11 14:35,15989
2020-04-11 14:40,16221
2020-04-11 14:45,16447
2020-04-11 14:50,16529
2020-04-11 14:55,16598
2020-04-11 15:00,16699
2020-04-11 15:05,16826
2020-04-11 15:10,16977
2020-04-11 15:15,17079
2020-04-11 15:20,17237
2020-04-11 15:25,17439
2020-04-11 15:30,17549
2020-04-11 15:35,17663
2020-04-11 15:40,17844
2020-04-11 15:45,17981
2020-04-11 15:50,18026
2020-04-11 15:55,18061
2020-04-11 16:00,18120
2020-04-11 16:05,18188
2020-04-11 16:10,18356
2020-04-11 16:15,18448
2020-04-11 16:20,18568
2020-04-11 16:25,18587
2020-04-11 16:30,18755
2020-04-11 16:35,18904
2020-04-11 16:40,19073
2020-04-11 16:45,19186
2020-04-11 16:50,19266
2020-04-11 16:55,19410
2020-04-11 17:00,19496
2020-04-11 17:05,19593
2020-04-11 17:10,19779
2020-04-11 17:15,19962
2020-04-11 17:20,20187
2020-04-11 17:25,20403
2020-04-11 17:30,20498
2020-04-11 17:35,20700
2020-04-11 17:40,20947
2020-04-11 17:45,21134
2020-04-11 17:50,21380
2020-04-11 17:55,21593
2020-04-11 18:00,21814
2020-04-11 18:05,22000
2020-04-11 18:10,22261
2020-04-11 18:15,22511
2020-04-11 18:20,22665
2020-04-11 18:25,
2020-04-11 18:30,22936
2020-04-11 18:35,23090
2020-04-11 18:40,23262
2020-04-11 18:45,23424
2020-04-11 18:50,23569
2020-04-11 18:55,23815
2020-04-11 19:00,23970
2020-04-11 19:05,24006
2020-04-11 19:10,24200
2020-04-11 19:15,24125
2020-04-11 19:20,24179
2020-04-11 19:25,24202
2020-04-11 19:30,24340
2020-04-11 19:35,24527
2020-04-11 19:40,24654
2020-04-11 19:45,24847
2020-04-11 19:50,24943
2020-04-11 19:55,24959
2020-04-11 20:00,25042
2020-04-11 20:05,25109
2020-04-11 20:10,25151
2020-04-11 20:15,25169
2020-04-11 20:20,25153
2020-04-11 20:25,25234
2020-04-11 20:30,25279
2020-04-11 20:35,25490
2020-04-11 20:40,25551
2020-04-11 20:45,25651
2020-04-11 20:50,25783
2020-04-11 20:55,25807
2020-04-11 21:00,25763
2020-04-11 21:05,25791
2020-04-11 21:10,25804
2020-04-11 21:15,25801
2020-04-11 21:20,25849
2020-04-11 21:25,25804
2020-04-11 21:30,25779
2020-04-11 21:35,25684
2020-04-11 21:40,25594
2020-04-11 21:45,25440
2020-04-11 21:50,25449
2020-04-11 21:55,25306
2020-04-11 22:00,25126
2020-04-11 22:05,24938
2020-04-11 22:10,25017
2020-04-11 22:15,25021
2020-04-11 22:20,25006
2020-04-11 22:25,24864
2020-04-11 22:30,24756
2020-04-11 22:35,24652
2020-04-11 22:40,24576
2020-04-11 22:45,24464
2020-04-11 22:50,24325
2020-04-11 22:55,24159
2020-04-11 23:00,23987
2020-04-11 23:05,23848
2020-04-11 23:10,23651
2020-04-11 23:15,23484
2020-04-11 23:20,23363
2020-04-11 23:25,23170
2020-04-11 23:30,22976
2020-04-11 23:35,22806
2020-04-11 23:40,22673
2020-04-11 23:45,22606
2020-04-11 23:50,22408
2020-04-11 23:55,22295
2020-04-12 00:00,22161
2020-04-12 00:05,22056
2020-04-12 00:10,21901
2020-04-12 00:15,21635
2020-04-12 00:20,21518
2020-04-12 00:25,21412
2020-04-12 00:30,21312
2020-04-12 00:35,21183
2020-04-12 00:40,21067
2020-04-12 00:45,20961
2020-04-12 00:50,20959
2020-04-12 00:55,20883
2020-04-12 01:00,20797
2020-04-12 01:05,20778
2020-04-12 01:10,20691
2020-04-12 01:15,20656
2020-04-12 01:20,20599
2020-04-12 01:25,20623
2020-04-12 01:30,20570
2020-04-12 01:35,20554
2020-04-12 01:40,20644
2020-04-12 01:45,20641
2020-04-12 01:50,20690
2020-04-12 01:55,20702
2020-04-12 02:00,20650
2020-04-12 02:05,20763
2020-04-12 02:10,20772
2020-04-12 02:15,20763
2020-04-12 02:20,20808
2020-04-12 02:25,20834
2020-04-12 02:30,20795
2020-04-12 02:35,20785
2020-04-12 02:40,20709
2020-04-12 02:45,20681
2020-04-12 02:50,20676
2020-04-12 02:55,20630
2020-04-12 03:00,20622
2020-04-12 03:05,20541
2020-04-12 03:10,20450
2020-04-12 03:15,20435
2020-04-12 03:20,20420
2020-04-12 03:25,20330
2020-04-12 03:30,20265
2020-04-12 03:35,20280
2020-04-12 03:40,20146
2020-04-12 03:45,20071
2020-04-12 03:50,19963
2020-04-12 03:55,19754
2020-04-12 04:00,19648
2020-04-12 04:05,19526
2020-04-12 04:10,19382
2020-04-12 04:15,19276
2020-04-12 04:20,19022
2020-04-12 04:25,18913
2020-04-12 04:30,18803
2020-04-12 04:35,18673
2020-04-12 04:40,18539
2020-04-12 04:45,18377
2020-04-12 04:50,18198
2020-04-12 04:55,17998
2020-04-12 05:00,17847
2020-04-12 05:05,17684
2020-04-12 05:10,17420
2020-04-12 05:15,17265
2020-04-12 05:20,16992
2020-04-12 05:25,16709
2020-04-12 05:30,16523
2020-04-12 05:35,16247
2020-04-12 05:40,15962
2020-04-12 05:45,15717
2020-04-12 05:50,15469
2020-04-12 05:55,15300
2020-04-12 06:00,15055
2020-04-12 06:05,14818
2020-04-12 06:10,14612
2020-04-12 06:15,14406
2020-04-12 06:20,14154
2020-04-12 06:25,13943
2020-04-12 06:30,13758
2020-04-12 06:35,13534
2020-04-12 06:40,13339
2020-04-12 06:45,13116
2020-04-12 06:50,12833
2020-04-12 06:55,12546
2020-04-12 07:00,12365
2020-04-12 07:05,12172
2020-04-12 07:10,11921
2020-04-12 07:15,11756
2020-04-12 07:20,11544
2020-04-12 07:25,11344
2020-04-12 07:30,11163
2020-04-12 07:35,11035
2020-04-12 07:40,10899
2020-04-12 07:45,10774
2020-04-12 07:50,10620
2020-04-12 07:55,10477
2020-04-12 08:00,10379
2020-04-12 08:05,10168
2020-04-12 08:10,10030
2020-04-12 08:15,9948
2020-04-12 08:20,9853
2020-04-12 08:25,9739
2020-04-12 08:30,9697
2020-04-12 08:35,9544
2020-04-12 08:40,9500
2020-04-12 08:45,9465
2020-04-12 08:50,9403
2020-04-12 08:55,9394
2020-04-12 09:00,9334
2020-04-12 09:05,9356
2020-04-12 09:10,9377
2020-04-12 09:15,9446
2020-04-12 09:20,9335
2020-04-12 09:25,9341
2020-04-12 09:30,9343
2020-04-12 09:35,9449
2020-04-12 09:40,9470
2020-04-12 09:45,9540
2020-04-12 09:50,9638
2020-04-12 09:55,9662
2020-04-12 10:00,9756
2020-04-12 10:05,9773
2020-04-12 10:10,9801
2020-04-12 10:15,9878
2020-04-12 10:20,9960
2020-04-12 10:25,10048
2020-04-12 10:30,10079
2020-04-12 10:35,10126
2020-04-12 10:40,10192
2020-04-12 10:45,10305
2020-04-12 10:50,10363
2020-04-12 10:55,10469
2020-04-12 11:00,10561
2020-04-12 11:05,10579
2020-04-12 11:10,10611
2020-04-12 11:15,10772
2020-04-12 11:20,10912
2020-04-12 11:25,11013
2020-04-12 11:30,11174
2020-04-12 11:35,11229
2020-04-12 11:40,11358
2020-04-12 11:45,11519
2020-04-12 11:50,11653
2020-04-12 11:55,11753
2020-04-12 12:00,11860
2020-04-12 12:05,11933
2020-04-12 12:10,12025
2020-04-12 12:15,12098
2020-04-12 12:20,12219
2020-04-12 12:25,12320
2020-04-12 12:30,12398
2020-04-12 12:35,12570
2020-04-12 12:40,12735
2020-04-12 12:45,12846
2020-04-12 12:50,12997
2020-04-12 12:55,13141
2020-04-12 13:00,13257
2020-04-12 13:05,13429
2020-04-12 13:10,13666
2020-04-12 13:15,13828
2020-04-12 13:20,14062
2020-04-12 13:25,14260
2020-04-12 13:30,14459
2020-04-12 13:35,14678
2020-04-12 13:40,14851
2020-04-12 13:45,14970
2020-04-12 13:50,15113
2020-04-12 13:55,15307
2020-04-12 14:00,15515
2020-04-12 14:05,15710
2020-04-12 14:10,15835
2020-04-12 14:15,16078
2020-04-12 14:20,16259
2020-04-12 14:25,16414
2020-04-12 14:30,16568
2020-04-12 14:35,16642
2020-04-12 14:40,16816
2020-04-12 14:45,16955
2020-04-12 14:50,17147
2020-04-12 14:55,17269
2020-04-12 15:00,17335
2020-04-12 15:05,17455
2020-04-12 15:10,17616
2020-04-12 15:15,17800
2020-04-12 15:20,17917
2020-04-12 15:25,18137
2020-04-12 15:30,18245
2020-04-12 15:35,18418
2020-04-12 15:40,18547
2020-04-12 15:45,18715
2020-04-12 15:50,18846
2020-04-12 15:55,18996
2020-04-12 16:00,19076
2020-04-12 16:05,19191
2020-04-12 16:10,19331
2020-04-12 16:15,19484
2020-04-12 16:20,19635
2020-04-12 16:25,19615
2020-04-12 16:30,19752
2020-04-12 16:35,19904
2020-04-12 16:40,20055
2020-04-12 16:45,20158
2020-04-12 16:50,20254
2020-04-12 16:55,20427
2020-04-12 17:00,20516
2020-04-12 17:05,20701
2020-04-12 17:10,20827
2020-04-12 17:15,20888
2020-04-12 17:20,21010
2020-04-12 17:25,21128
2020-04-12 17:30,21306
2020-04-12 17:35,21457
2020-04-12 17:40,21556
2020-04-12 17:45,21740
2020-04-12 17:50,21972
2020-04-12 17:55,22201
2020-04-12 18:00,22297
2020-04-12 18:05,22477
2020-04-12 18:10,22697
2020-04-12 18:15,22860
2020-04-12 18:20,22973
2020-04-12 18:25,23163
2020-04-12 18:30,23265
2020-04-12 18:35,23412
2020-04-12 18:40,23511
2020-04-12 18:45,23738
2020-04-12 18:50,23911
2020-04-12 18:55,24028
2020-04-12 19:00,24185
2020-04-12 19:05,24320
2020-04-12 19:10,24576
2020-04-12 19:15,24814
2020-04-12 19:20,24928
2020-04-12 19:25,25043
2020-04-12 19:30,25176
2020-04-12 19:35,25307
2020-04-12 19:40,25375
2020-04-12 19:45,25435
2020-04-12 19:50,25440
2020-04-12 19:55,25515
2020-04-12 20:00,25715
2020-04-12 20:05,25747
2020-04-12 20:10,25817
2020-04-12 20:15,25830
2020-04-12 20:20,25884
2020-04-12 20:25,26020
2020-04-12 20:30,26135
2020-04-12 20:35,26265
2020-04-12 20:40,26344
2020-04-12 20:45,26396
2020-04-12 20:50,26436
2020-04-12 20:55,26316
2020-04-12 21:00,26295
2020-04-12 21:05,26333
2020-04-12 21:10,26269
2020-04-12 21:15,26170
2020-04-12 21:20,26046
2020-04-12 21:25,25964
2020-04-12 21:30,25844
2020-04-12 21:35,25738
2020-04-12 21:40,25586
2020-04-12 21:45,25515
2020-04-12 21:50,25357
2020-04-12 21:55,25248
2020-04-12 22:00,25083
2020-04-12 22:05,24936
2020-04-12 22:10,24728
2020-04-12 22:15,24595
2020-04-12 22:20,24732
2020-04-12 22:25,24759
2020-04-12 22:30,24602
2020-04-12 22:35,24508
2020-04-12 22:40,24295
2020-04-12 22:45,24263
2020-04-12 22:50,24110
2020-04-12 22:55,23891
2020-04-12 23:00,23658
2020-04-12 23:05,23519
2020-04-12 23:10,23432
2020-04-12 23:15,23275
2020-04-12 23:20,23175
2020-04-12 23:25,23015
2020-04-12 23:30,22787
2020-04-12 23:35,22704
2020-04-12 23:40,22623
2020-04-12 23:45,22446
2020-04-12 23:50,22340
2020-04-12 23:55,22319
2020-04-13 00:00,22102
2020-04-13 00:05,22020
2020-04-13 00:10,21996
2020-04-13 00:15,21789
2020-04-13 00:20,21724
2020-04-13 00:25,21674
2020-04-13 00:30,21526
2020-04-13 00:35,21501
2020-04-13 00:40,21349
2020-04-13 00:45,21245
2020-04-13 00:50,21129
2020-04-13 00:55,21113
2020-04-13 01:00,21104
2020-04-13 01:05,21015
2020-04-13 01:10,20920
2020-04-13 01:15,20884
2020-04-13 01:20,20823
2020-04-13 01:25,20806
2020-04-13 01:30,20742
2020-04-13 01:35,20622
2020-04-13 01:40,20621
2020-04-13 01:45,20528
2020-04-13 01:50,20463
2020-04-13 01:55,20419
2020-04-13 02:00,20282
2020-04-13 02:05,20137
2020-04-13 02:10,20049
2020-04-13 02:15,20017
2020-04-13 02:20,19970
2020-04-13 02:25,19918
2020-04-13 02:30,19811
2020-04-13 02:35,19823
2020-04-13 02:40,19755
2020-04-13 02:45,19801
2020-04-13 02:50,19720
2020-04-13 02:55,19661
2020-04-13 03:00,19625
2020-04-13 03:05,19513
2020-04-13 03:10,19366
2020-04-13 03:15,19204
2020-04-13 03:20,19059
2020-04-13 03:25,18997
2020-04-13 03:30,18778
2020-04-13 03:35,18598
2020-04-13 03:40,18511
2020-04-13 03:45,18388
2020-04-13 03:50,18256
2020-04-13 03:55,18003
2020-04-13 04:00,17830
2020-04-13 04:05,17638
2020-04-13 04:10,17551
2020-04-13 04:15,17283
2020-04-13 04:20,17071
2020-04-13 04:25,16796
2020-04-13 04:30,16557
2020-04-13 04:35,16328
2020-04-13 04:40,16150
2020-04-13 04:45,15960
2020-04-13 04:50,15757
2020-04-13 04:55,15542
2020-04-13 05:00,15329
2020-04-13 05:05,15168
2020-04-13 05:10,14920
2020-04-13 05:15,14706
2020-04-13 05:20,14399
2020-04-13 05:25,14214
2020-04-13 05:30,14029
2020-04-13 05:35,13794
2020-04-13 05:40,
2020-04-13 05:45,13344
2020-04-13 05:50,13095
2020-04-13 05:55,
2020-04-13 06:00,12718
2020-04-13 06:05,12482
2020-04-13 06:10,12221
2020-04-13 06:15,12036
2020-04-13 06:20,11875
2020-04-13 06:25,11646
2020-04-13 06:30,11474
2020-04-13 06:35,11232
2020-04-13 06:40,11053
2020-04-13 06:45,10836
2020-04-13 06:50,10716
2020-04-13 06:55,10495
2020-04-13 07:00,10300
2020-04-13 07:05,10079
2020-04-13 07:10,9953
2020-04-13 07:15,9766
2020-04-13 07:20,9594
2020-04-13 07:25,9493
2020-04-13 07:30,9391
2020-04-13 07:35,9247
2020-04-13 07:40,9165
2020-04-13 07:45,9024
2020-04-13 07:50,8904
2020-04-13 07:55,
2020-04-13 08:00,8761
2020-04-13 08:05,8668
2020-04-13 08:10,8575
2020-04-13 08:15,8469
2020-04-13 08:20,8399
2020-04-13 08:25,8369
2020-04-13 08:30,8356
2020-04-13 08:35,8302
2020-04-13 08:40,8269
2020-04-13 08:45,8312
2020-04-13 08:50,8323
2020-04-13 08:55,8305
2020-04-13 09:00,8303
2020-04-13 09:05,8343
2020-04-13 09:10,8350
2020-04-13 09:15,8343
2020-04-13 09:20,8383
2020-04-13 09:25,8395
2020-04-13 09:30,8456
2020-04-13 09:35,8497
2020-04-13 09:40,8496
2020-04-13 09:45,8587
2020-04-13 09:50,8634
2020-04-13 09:55,8698
2020-04-13 10:00,8787
2020-04-13 10:05,8801
2020-04-13 10:10,8892
2020-04-13 10:15,9009
2020-04-13 10:20,9079
2020-04-13 10:25,9134
2020-04-13 10:30,9260
2020-04-13 10:35,9370
2020-04-13 10:40,9464
2020-04-13 10:45,9495
2020-04-13 10:50,9620
2020-04-13 10:55,9731
2020-04-13 11:00,9840
2020-04-13 11:05,9957
2020-04-13 11:10,
2020-04-13 11:15,10195
2020-04-13 11:20,10258
2020-04-13 11:25,10408
2020-04-13 11:30,10508
2020-04-13 11:35,10660
2020-04-13 11:40,10783
2020-04-13 11:45,10898
2020-04-13 11:50,10986
2020-04-13 11:55,11082
2020-04-13 12:00,11246
2020-04-13 12:05,11337
2020-04-13 12:10,11483
2020-04-13 12:15,11587
2020-04-13 12:20,11739
2020-04-13 12:25,11867
2020-04-13 12:30,11948
2020-04-13 12:35,12063
2020-04-13 12:40,12125
2020-04-13 12:45,
2020-04-13 12:50,12406
2020-04-13 12:55,12497
2020-04-13 13:00,12631
2020-04-13 13:05,
2020-04-13 13:10,12847
2020-04-13 13:15,12974
2020-04-13 13:20,13143
2020-04-13 13:25,13301
2020-04-13 13:30,13557
2020-04-13 13:35,
2020-04-13 13:40,13807
2020-04-13 13:45,13968
2020-04-13 13:50,14011
2020-04-13 13:55,14242
2020-04-13 14:00,14422
2020-04-13 14:05,14594
2020-04-13 14:10,14757
2020-04-13 14:15,15025
2020-04-13 14:20,15121
2020-04-13 14:25,15210
2020-04-13 14:30,15405
2020-04-13 14:35,15556
2020-04-13 14:40,15792
2020-04-13 14:45,15880
2020-04-13 14:50,16087
2020-04-13 14:55,16166
2020-04-13 15:00,16270
2020-04-13 15:05,16360
2020-04-13 15:10,16505
2020-04-13 15:15,16604
2020-04-13 15:20,16683
2020-04-13 15:25,16677
2020-04-13 15:30,16784
2020-04-13 15:35,16814
2020-04-13 15:40,16966
2020-04-13 15:45,17042
2020-04-13 15:50,
2020-04-13 15:55,17317
2020-04-13 16:00,17601
2020-04-13 16:05,17760
2020-04-13 16:10,17957
2020-04-13 16:15,18031
2020-04-13 16:20,18059
2020-04-13 16:25,18174
2020-04-13 16:30,18368
2020-04-13 16:35,18518
2020-04-13 16:40,18682
2020-04-13 16:45,18708
2020-04-13 16:50,18877
2020-04-13 16:55,19021
2020-04-13 17:00,19128
2020-04-13 17:05,19204
2020-04-13 17:10,19332
2020-04-13 17:15,19422
2020-04-13 17:20,19530
2020-04-13 17:25,19656
2020-04-13 17:30,19932
2020-04-13 17:35,20034
2020-04-13 17:40,20161
2020-04-13 17:45,20266
2020-04-13 17:50,20330
2020-04-13 17:55,20409
2020-04-13 18:00,20512
2020-04-13 18:05,20581
2020-04-13 18:10,20822
2020-04-13 18:15,20930
2020-04-13 18:20,21161
2020-04-13 18:25,21260
2020-04-13 18:30,21463
2020-04-13 18:35,21596
2020-04-13 18:40,21796
2020-04-13 18:45,21981
2020-04-13 18:50,22119
2020-04-13 18:55,22273
2020-04-13 19:00,22345
2020-04-13 19:05,22597
2020-04-13 19:10,22636
2020-04-13 19:15,22754
2020-04-13 19:20,22831
2020-04-13 19:25,22963
2020-04-13 19:30,23129
2020-04-13 19:35,23254
2020-04-13 19:40,23301
2020-04-13 19:45,23383
2020-04-13 19:50,23414
2020-04-13 19:55,23400
2020-04-13 20:00,23515
2020-04-13 20:05,23528
2020-04-13 20:10,23560
2020-04-13 20:15,23548
2020-04-13 20:20,23588
2020-04-13 20:25,23702
2020-04-13 20:30,23618
2020-04-13 20:35,23734
2020-04-13 20:40,23706
2020-04-13 20:45,23659
2020-04-13 20:50,23606
2020-04-13 20:55,23601
2020-04-13 21:00,23635
2020-04-13 21:05,23511
2020-04-13 21:10,23385
2020-04-13 21:15,23420
2020-04-13 21:20,23399
2020-04-13 21:25,23315
2020-04-13 21:30,23178
2020-04-13 21:35,23075
2020-04-13 21:40,22990
2020-04-13 21:45,22921
2020-04-13 21:50,22738
2020-04-13 21:55,22627
2020-04-13 22:00,22443
2020-04-13 22:05,22444
2020-04-13 22:10,22352
2020-04-13 22:15,22203
2020-04-13 22:20,22106
2020-04-13 22:25,21943
2020-04-13 22:30,21838
2020-04-13 22:35,21676
2020-04-13 22:40,21550
2020-04-13 22:45,21410
2020-04-13 22:50,21325
2020-04-13 22:55,21193
2020-04-13 23:00,21043
2020-04-13 23:05,21028
2020-04-13 23:10,20925
2020-04-13 23:15,20849
2020-04-13 23:20,20713
2020-04-13 23:25,20570
2020-04-13 23:30,20522
2020-04-13 23:35,20438
2020-04-13 23:40,20338
2020-04-13 23:45,20367
2020-04-13 23:50,20379
2020-04-13 23:55,20315
2020-04-14 00:00,20209
2020-04-14 00:05,20163
2020-04-14 00:10,20235
2020-04-14 00:15,20228
2020-04-14 00:20,20123
2020-04-14 00:25,20050
2020-04-14 00:30,19587
2020-04-14 00:35,17781
2020-04-14 00:40,16973
2020-04-14 00:45,16797
2020-04-14 00:50,16993
2020-04-14 00:55,17424
2020-04-14 01:00,17615
2020-04-14 01:05,17833
2020-04-14 01:10,18058
2020-04-14 01:15,18225
2020-04-14 01:20,18373
2020-04-14 01:25,18568
2020-04-14 01:30,18770
2020-04-14 01:35,18893
2020-04-14 01:40,19087
2020-04-14 01:45,19201
2020-04-14 01:50,19196
2020-04-14 01:55,19268
2020-04-14 02:00,19319
2020-04-14 02:05,19363
2020-04-14 02:10,19373
2020-04-14 02:15,19342
2020-04-14 02:20,19298
2020-04-14 02:25,19403
2020-04-14 02:30,19381
2020-04-14 02:35,19336
2020-04-14 02:40,19309
2020-04-14 02:45,19173
2020-04-14 02:50,19126
2020-04-14 02:55,19070
2020-04-14 03:00,18986
2020-04-14 03:05,18816
2020-04-14 03:10,18715
2020-04-14 03:15,18549
2020-04-14 03:20,18380
2020-04-14 03:25,18285
2020-04-14 03:30,18097
2020-04-14 03:35,17943
2020-04-14 03:40,17875
2020-04-14 03:45,17790
2020-04-14 03:50,17642
2020-04-14 03:55,17490
2020-04-14 04:00,17313
2020-04-14 04:05,17178
2020-04-14 04:10,16958
2020-04-14 04:15,
2020-04-14 04:20,16591
2020-04-14 04:25,16386
2020-04-14 04:30,16197
2020-04-14 04:35,15994
2020-04-14 04:40,15817
2020-04-14 04:45,15553
2020-04-14 04:50,15339
2020-04-14 04:55,15147
2020-04-14 05:00,14902
2020-04-14 05:05,14677
2020-04-14 05:10,14448
2020-04-14 05:15,14217
2020-04-14 05:20,13978
2020-04-14 05:25,13697
2020-04-14 05:30,13423
2020-04-14 05:35,13124
2020-04-14 05:40,12945
2020-04-14 05:45,12739
2020-04-14 05:50,12617
2020-04-14 05:55,12428
2020-04-14 06:00,12211
2020-04-14 06:05,
2020-04-14 06:10,11666
2020-04-14 06:15,11424
2020-04-14 06:20,11150
2020-04-14 06:25,10969
2020-04-14 06:30,10767
2020-04-14 06:35,10416
2020-04-14 06:40,10181
2020-04-14 06:45,9934
2020-04-14 06:50,9774
2020-04-14 06:55,9537
2020-04-14 07:00,9303
2020-04-14 07:05,8966
2020-04-14 07:10,8713
2020-04-14 07:15,8503
2020-04-14 07:20,8259
2020-04-14 07:25,7979
2020-04-14 07:30,7773
2020-04-14 07:35,6937
2020-04-14 07:40,5594
2020-04-14 07:45,4541
2020-04-14 07:50,3482
2020-04-14 07:55,2772
2020-04-14 08:00,2332
2020-04-14 08:05,2086
2020-04-14 08:10,1850
2020-04-14 08:15,1848
2020-04-14 08:20,2069
2020-04-14 08:25,2468
2020-04-14 08:30,2945
2020-04-14 08:35,3435
2020-04-14 08:40,3830
2020-04-14 08:45,4254
2020-04-14 08:50,4616
2020-04-14 08:55,4942
2020-04-14 09:00,5260
2020-04-14 09:05,5559
2020-04-14 09:10,5841
2020-04-14 09:15,
2020-04-14 09:20,
2020-04-14 09:25,
2020-04-14 09:30,
2020-04-14 09:35,
2020-04-14 09:40,7116
2020-04-14 09:45,
2020-04-14 09:50,7473
2020-04-14 09:55,7620
2020-04-14 10:00,
2020-04-14 10:05,7795
2020-04-14 10:10,
2020-04-14 10:15,
2020-04-14 10:20,7983
2020-04-14 10:25,8109
2020-04-14 10:30,8215
2020-04-14 10:35,8331
2020-04-14 10:40,8421
2020-04-14 10:45,8515
2020-04-14 10:50,8637
2020-04-14 10:55,8687
2020-04-14 11:00,8757
2020-04-14 11:05,8869
2020-04-14 11:10,9007
2020-04-14 11:15,9076
2020-04-14 11:20,9175
2020-04-14 11:25,
2020-04-14 11:30,9382
2020-04-14 11:35,9521
2020-04-14 11:40,9589
2020-04-14 11:45,9692
2020-04-14 11:50,9735
2020-04-14 11:55,
2020-04-14 12:00,9952
2020-04-14 12:05,10087
2020-04-14 12:10,10187
2020-04-14 12:15,
2020-04-14 12:20,10410
2020-04-14 12:25,10544
2020-04-14 12:30,10701
2020-04-14 12:35,10758
2020-04-14 12:40,10886
2020-04-14 12:45,10995
2020-04-14 12:50,11123
2020-04-14 12:55,11252
2020-04-14 13:00,11392
2020-04-14 13:05,11534
2020-04-14 13:10,11628
2020-04-14 13:15,11819
2020-04-14 13:20,11971
2020-04-14 13:25,12173
2020-04-14 13:30,12417
2020-04-14 13:35,12596
2020-04-14 13:40,12772
2020-04-14 13:45,12896
2020-04-14 13:50,13102
2020-04-14 13:55,13185
2020-04-14 14:00,13382
2020-04-14 14:05,0
2020-04-14 14:10,13749
2020-04-14 14:15,13988
2020-04-14 14:20,14102
2020-04-14 14:25,14238
2020-04-14 14:30,14369
2020-04-14 14:35,14498
2020-04-14 14:40,14649
2020-04-14 14:45,14751
2020-04-14 14:50,14887
2020-04-14 14:55,15073
2020-04-14 15:00,15164
2020-04-14 15:05,15264
2020-04-14 15:10,15426
2020-04-14 15:15,15508
2020-04-14 15:20,15622
2020-04-14 15:25,15729
2020-04-14 15:30,15853
2020-04-14 15:35,15893
2020-04-14 15:40,16058
2020-04-14 15:45,16212
2020-04-14 15:50,16294
2020-04-14 15:55,16488
2020-04-14 16:00,16563
2020-04-14 16:05,16702
2020-04-14 16:10,16869
2020-04-14 16:15,16972
2020-04-14 16:20,17202
2020-04-14 16:25,17334
2020-04-14 16:30,17467
2020-04-14 16:35,17702
2020-04-14 16:40,17859
2020-04-14 16:45,18113
2020-04-14 16:50,18272
2020-04-14 16:55,18317
2020-04-14 17:00,18498
2020-04-14 17:05,18608
2020-04-14 17:10,18722
2020-04-14 17:15,18839
2020-04-14 17:20,19110
2020-04-14 17:25,19138
2020-04-14 17:30,19366
2020-04-14 17:35,19492
2020-04-14 17:40,19632
2020-04-14 17:45,19749
2020-04-14 17:50,19852
2020-04-14 17:55,19994
2020-04-14 18:00,20116
2020-04-14 18:05,20333
2020-04-14 18:10,20519
2020-04-14 18:15,20699
2020-04-14 18:20,20947
2020-04-14 18:25,21163
2020-04-14 18:30,21320
2020-04-14 18:35,21533
2020-04-14 18:40,21646
2020-04-14 18:45,21835
2020-04-14 18:50,22031
2020-04-14 18:55,22204
2020-04-14 19:00,22228
2020-04-14 19:05,22401
2020-04-14 19:10,22472
2020-04-14 19:15,22629
2020-04-14 19:20,22796
2020-04-14 19:25,22882
2020-04-14 19:30,22959
2020-04-14 19:35,22956
2020-04-14 19:40,22981
2020-04-14 19:45,23070
2020-04-14 19:50,23039
2020-04-14 19:55,23272
2020-04-14 20:00,23184
2020-04-14 20:05,23269
2020-04-14 20:10,23352
2020-04-14 20:15,23472
2020-04-14 20:20,23485
2020-04-14 20:25,23570
2020-04-14 20:30,23580
2020-04-14 20:35,23713
2020-04-14 20:40,23763
2020-04-14 20:45,23739
2020-04-14 20:50,23664
2020-04-14 20:55,23584
2020-04-14 21:00,23640
2020-04-14 21:05,23643
2020-04-14 21:10,23565
2020-04-14 21:15,23557
2020-04-14 21:20,23420
2020-04-14 21:25,23398
2020-04-14 21:30,23296
2020-04-14 21:35,23229
2020-04-14 21:40,23123
2020-04-14 21:45,23020
2020-04-14 21:50,22875
2020-04-14 21:55,22767
2020-04-14 22:00,22641
2020-04-14 22:05,22416
2020-04-14 22:10,22214
2020-04-14 22:15,21966
2020-04-14 22:20,21829
2020-04-14 22:25,21651
2020-04-14 22:30,21617
2020-04-14 22:35,21398
2020-04-14 22:40,21314
2020-04-14 22:45,21231
2020-04-14 22:50,21013
2020-04-14 22:55,20910
2020-04-14 23:00,
2020-04-14 23:05,
2020-04-14 23:10,0
2020-04-14 23:15,899
2020-04-14 23:20,16684
2020-04-14 23:25,18807
2020-04-14 23:30,19250
2020-04-14 23:35,19523
2020-04-14 23:40,19553
2020-04-14 23:45,19611
2020-04-14 23:50,19639
2020-04-14 23:55,19692
2020-04-15 00:00,19758
2020-04-15 00:05,19611
2020-04-15 00:10,19636
2020-04-15 00:15,19502
2020-04-15 00:20,19539
2020-04-15 00:25,19490
2020-04-15 00:30,19445
2020-04-15 00:35,19460
2020-04-15 00:40,19536
2020-04-15 00:45,19499
2020-04-15 00:50,19524
2020-04-15 00:55,19602
2020-04-15 01:00,19623
2020-04-15 01:05,19670
2020-04-15 01:10,19778
2020-04-15 01:15,19799
2020-04-15 01:20,19716
2020-04-15 01:25,19654
2020-04-15 01:30,19660
2020-04-15 01:35,19651
2020-04-15 01:40,19597
2020-04-15 01:45,19545
2020-04-15 01:50,19544
2020-04-15 01:55,19504
2020-04-15 02:00,19403
2020-04-15 02:05,19322
2020-04-15 02:10,19329
2020-04-15 02:15,19275
2020-04-15 02:20,19191
2020-04-15 02:25,19155
2020-04-15 02:30,19012
2020-04-15 02:35,18989
2020-04-15 02:40,18937
2020-04-15 02:45,18856
2020-04-15 02:50,18763
2020-04-15 02:55,18769
2020-04-15 03:00,18700
2020-04-15 03:05,18571
2020-04-15 03:10,18528
2020-04-15 03:15,18341
2020-04-15 03:20,18121
2020-04-15 03:25,17920
2020-04-15 03:30,17795
2020-04-15 03:35,17671
2020-04-15 03:40,17606
2020-04-15 03:45,17426
2020-04-15 03:50,17260
2020-04-15 03:55,17172
2020-04-15 04:00,17076
2020-04-15 04:05,16909
2020-04-15 04:10,15725
2020-04-15 04:15,13684
2020-04-15 04:20,12484
2020-04-15 04:25,12355
2020-04-15 04:30,12473
2020-04-15 04:35,12667
2020-04-15 04:40,12856
2020-04-15 04:45,12884
2020-04-15 04:50,12963
2020-04-15 04:55,13010
2020-04-15 05:00,13054
2020-04-15 05:05,13043
2020-04-15 05:10,
2020-04-15 05:15,12870
2020-04-15 05:20,12849
2020-04-15 05:25,12825
2020-04-15 05:30,12673
2020-04-15 05:35,
2020-04-15 05:40,12443
2020-04-15 05:45,12382
2020-04-15 05:50,12235
2020-04-15 05:55,12061
2020-04-15 06:00,
2020-04-15 06:05,11830
2020-04-15 06:10,11695
2020-04-15 06:15,11469
2020-04-15 06:20,11338
2020-04-15 06:25,11175
2020-04-15 06:30,11022
2020-04-15 06:35,10837
2020-04-15 06:40,10657
2020-04-15 06:45,10461
2020-04-15 06:50,10247
2020-04-15 06:55,10081
2020-04-15 07:00,9951
2020-04-15 07:05,9764
2020-04-15 07:10,
2020-04-15 07:15,9419
2020-04-15 07:20,9310
2020-04-15 07:25,9191
2020-04-15 07:30,9089
2020-04-15 07:35,8956
2020-04-15 07:40,8794
2020-04-15 07:45,8721
2020-04-15 07:50,8661
2020-04-15 07:55,8543
2020-04-15 08:00,8442
2020-04-15 08:05,8253
2020-04-15 08:10,8193
2020-04-15 08:15,8089
2020-04-15 08:20,7969
2020-04-15 08:25,7935
2020-04-15 08:30,7923
2020-04-15 08:35,7900
2020-04-15 08:40,7870
2020-04-15 08:45,7803
2020-04-15 08:50,7748
2020-04-15 08:55,7753
2020-04-15 09:00,7690
2020-04-15 09:05,7697
2020-04-15 09:10,7704
2020-04-15 09:15,7701
2020-04-15 09:20,7713
2020-04-15 09:25,7748
2020-04-15 09:30,7791
2020-04-15 09:35,7795
2020-04-15 09:40,7867
2020-04-15 09:45,7885
2020-04-15 09:50,7928
2020-04-15 09:55,7967
2020-04-15 10:00,8015
2020-04-15 10:05,8122
2020-04-15 10:10,
2020-04-15 10:15,8281
2020-04-15 10:20,8395
2020-04-15 10:25,8463
2020-04-15 10:30,8490
2020-04-15 10:35,8540
2020-04-15 10:40,8571
2020-04-15 10:45,8632
2020-04-15 10:50,8715
2020-04-15 10:55,8795
2020-04-15 11:00,8839
2020-04-15 11:05,8844
2020-04-15 11:10,8909
2020-04-15 11:15,8976
2020-04-15 11:20,9065
2020-04-15 11:25,9091
2020-04-15 11:30,9164
2020-04-15 11:35,
2020-04-15 11:40,9384
2020-04-15 11:45,9476
2020-04-15 11:50,9511
2020-04-15 11:55,
2020-04-15 12:00,9734
2020-04-15 12:05,9816
2020-04-15 12:10,9971
2020-04-15 12:15,10081
2020-04-15 12:20,10193
2020-04-15 12:25,10353
2020-04-15 12:30,10448
2020-04-15 12:35,10534
2020-04-15 12:40,10647
2020-04-15 12:45,10774
2020-04-15 12:50,10924
2020-04-15 12:55,11059
2020-04-15 13:00,11229
2020-04-15 13:05,11324
2020-04-15 13:10,11425
2020-04-15 13:15,11594
2020-04-15 13:20,11749
2020-04-15 13:25,11863
2020-04-15 13:30,12007
2020-04-15 13:35,12163
2020-04-15 13:40,12278
2020-04-15 13:45,12405
2020-04-15 13:50,12589
2020-04-15 13:55,12658
2020-04-15 14:00,12741
2020-04-15 14:05,12904
2020-04-15 14:10,13039
2020-04-15 14:15,13216
2020-04-15 14:20,13413
2020-04-15 14:25,13569
2020-04-15 14:30,13717
2020-04-15 14:35,13827
2020-04-15 14:40,13972
2020-04-15 14:45,14156
2020-04-15 14:50,14287
2020-04-15 14:55,14403
2020-04-15 15:00,14577
2020-04-15 15:05,14734
2020-04-15 15:10,14808
2020-04-15 15:15,14990
2020-04-15 15:20,15094
2020-04-15 15:25,15225
2020-04-15 15:30,15361
2020-04-15 15:35,15499
2020-04-15 15:40,15614
2020-04-15 15:45,15765
2020-04-15 15:50,15848
2020-04-15 15:55,15984
2020-04-15 16:00,16100
2020-04-15 16:05,16150
2020-04-15 16:10,16302
2020-04-15 16:15,16511
2020-04-15 16:20,16591
2020-04-15 16:25,16761
2020-04-15 16:30,16872
2020-04-15 16:35,16973
2020-04-15 16:40,17101
2020-04-15 16:45,17219
2020-04-15 16:50,17363
2020-04-15 16:55,17568
2020-04-15 17:00,17705
2020-04-15 17:05,17815
2020-04-15 17:10,18054
2020-04-15 17:15,18315
2020-04-15 17:20,18501
2020-04-15 17:25,18596
2020-04-15 17:30,18813
2020-04-15 17:35,18945
2020-04-15 17:40,19135
2020-04-15 17:45,19321
2020-04-15 17:50,
2020-04-15 17:55,
2020-04-15 18:00,
2020-04-15 18:05,19992
2020-04-15 18:10,20107
2020-04-15 18:15,20319
2020-04-15 18:20,20543
2020-04-15 18:25,20748
2020-04-15 18:30,21009
2020-04-15 18:35,21192
2020-04-15 18:40,21415
2020-04-15 18:45,21515
2020-04-15 18:50,21694
2020-04-15 18:55,21834
2020-04-15 19:00,21928
2020-04-15 19:05,22019
2020-04-15 19:10,22115
2020-04-15 19:15,22261
2020-04-15 19:20,22258
2020-04-15 19:25,22274
2020-04-15 19:30,22427
2020-04-15 19:35,22485
2020-04-15 19:40,22568
2020-04-15 19:45,22727
2020-04-15 19:50,22732
2020-04-15 19:55,22745
2020-04-15 20:00,22769
2020-04-15 20:05,22827
2020-04-15 20:10,22816
2020-04-15 20:15,22836
2020-04-15 20:20,22911
2020-04-15 20:25,22964
2020-04-15 20:30,22968
2020-04-15 20:35,23033
2020-04-15 20:40,23144
2020-04-15 20:45,23137
2020-04-15 20:50,23185
2020-04-15 20:55,23192
2020-04-15 21:00,23044
2020-04-15 21:05,23002
2020-04-15 21:10,22889
2020-04-15 21:15,22873
2020-04-15 21:20,22840
2020-04-15 21:25,22795
2020-04-15 21:30,22702
2020-04-15 21:35,22553
2020-04-15 21:40,22470
2020-04-15 21:45,22316
2020-04-15 21:50,22211
2020-04-15 21:55,22082
2020-04-15 22:00,21836
2020-04-15 22:05,21713
2020-04-15 22:10,21682
2020-04-15 22:15,21543
2020-04-15 22:20,21343
2020-04-15 22:25,21197
2020-04-15 22:30,21035
2020-04-15 22:35,20890
2020-04-15 22:40,20845
2020-04-15 22:45,20753
2020-04-15 22:50,20670
2020-04-15 22:55,20568
2020-04-15 23:00,
2020-04-15 23:05,20348
2020-04-15 23:10,20173
2020-04-15 23:15,20059
2020-04-15 23:20,19888
2020-04-15 23:25,19644
2020-04-15 23:30,19668
2020-04-15 23:35,19503
2020-04-15 23:40,
2020-04-15 23:45,
2020-04-15 23:50,
2020-04-15 23:55,
2020-04-16 00:00,
2020-04-16 00:05,
2020-04-16 00:10,
2020-04-16 00:15,
2020-04-16 00:20,
2020-04-16 00:25,
2020-04-16 00:30,18969
2020-04-16 00:35,
2020-04-16 00:40,
2020-04-16 00:45,18915
2020-04-16 00:50,
2020-04-16 00:55,
2020-04-16 01:00,
2020-04-16 01:05,
2020-04-16 01:10,18833
2020-04-16 01:15,
2020-04-16 01:20,
2020-04-16 01:25,18923
2020-04-16 01:30,
2020-04-16 01:35,19048
2020-04-16 01:40,19136
2020-04-16 01:45,19084
2020-04-16 01:50,19004
2020-04-16 01:55,18988
2020-04-16 02:00,19014
2020-04-16 02:05,
2020-04-16 02:10,
2020-04-16 02:15,15544
2020-04-16 02:20,
2020-04-16 02:25,
2020-04-16 02:30,15982
2020-04-16 02:35,
2020-04-16 02:40,
2020-04-16 02:45,16775
2020-04-16 02:50,
2020-04-16 02:55,
2020-04-16 03:00,
2020-04-16 03:05,
2020-04-16 03:10,17259
2020-04-16 03:15,17330
2020-04-16 03:20,
2020-04-16 03:25,
2020-04-16 03:30,
2020-04-16 03:35,
2020-04-16 03:40,
2020-04-16 03:45,16989
2020-04-16 03:50,16895
2020-04-16 03:55,
2020-04-16 04:00,
2020-04-16 04:05,
2020-04-16 04:10,
2020-04-16 04:15,16318
2020-04-16 04:20,16155
2020-04-16 04:25,
2020-04-16 04:30,
2020-04-16 04:35,15675
2020-04-16 04:40,15675
2020-04-16 04:45,15508
2020-04-16 04:50,15336
2020-04-16 04:55,
2020-04-16 05:00,14905
2020-04-16 05:05,14696
2020-04-16 05:10,14505
2020-04-16 05:15,13981
2020-04-16 05:20,13981
2020-04-16 05:25,13498
2020-04-16 05:30,
2020-04-16 05:35,13077
2020-04-16 05:40,
2020-04-16 05:45,
2020-04-16 05:50,12655
2020-04-16 05:55,12114
2020-04-16 06:00,
2020-04-16 06:05,
2020-04-16 06:10,11622
2020-04-16 06:15,11178
2020-04-16 06:20,
2020-04-16 06:25,11009
2020-04-16 06:30,10569
2020-04-16 06:35,10277
2020-04-16 06:40,10021
2020-04-16 06:45,
2020-04-16 06:50,
2020-04-16 06:55,
2020-04-16 07:00,
2020-04-16 07:05,
2020-04-16 07:10,
2020-04-16 07:15,8215
2020-04-16 07:20,
2020-04-16 07:25,7972
2020-04-16 07:30,7204
2020-04-16 07:35,5956
2020-04-16 07:40,4786
2020-04-16 07:45,
2020-04-16 07:50,
2020-04-16 07:55,
2020-04-16 08:00,
2020-04-16 08:05,
2020-04-16 08:10,
2020-04-16 08:15,1770
2020-04-16 08:20,2185
2020-04-16 08:25,2724
2020-04-16 08:30,3163
2020-04-16 08:35,
2020-04-16 08:40,3595
2020-04-16 08:45,
2020-04-16 08:50,
2020-04-16 08:55,4904
2020-04-16 09:00,
2020-04-16 09:05,
2020-04-16 09:10,
2020-04-16 09:15,
2020-04-16 09:20,
2020-04-16 09:25,
2020-04-16 09:30,6420
2020-04-16 09:35,
2020-04-16 09:40,6757
2020-04-16 09:45,7083
2020-04-16 09:50,
2020-04-16 09:55,
2020-04-16 10:00,
2020-04-16 10:05,
2020-04-16 10:10,
2020-04-16 10:15,
2020-04-16 10:20,7740
2020-04-16 10:25,7833
2020-04-16 10:30,7970
2020-04-16 10:35,8138
2020-04-16 10:40,8138
2020-04-16 10:45,8269
2020-04-16 10:50,8337
2020-04-16 10:55,8429
2020-04-16 11:00,8469
2020-04-16 11:05,
2020-04-16 11:10,
2020-04-16 11:15,8671
2020-04-16 11:20,8764
2020-04-16 11:25,
2020-04-16 11:30,8937
2020-04-16 11:35,
2020-04-16 11:40,
2020-04-16 11:45,9222
2020-04-16 11:50,
2020-04-16 11:55,9355
2020-04-16 12:00,9479
2020-04-16 12:05,9479
2020-04-16 12:10,9730
2020-04-16 12:15,9855
2020-04-16 12:20,
2020-04-16 12:25,9898
2020-04-16 12:30,9969
2020-04-16 12:35,10187
2020-04-16 12:40,10187
2020-04-16 12:45,10358
2020-04-16 12:50,10584
2020-04-16 12:55,10584
2020-04-16 13:00,
2020-04-16 13:05,11028
2020-04-16 13:10,11187
2020-04-16 13:15,11187
2020-04-16 13:20,
2020-04-16 13:25,11699
2020-04-16 13:30,11815
2020-04-16 13:35,11815
2020-04-16 13:40,12123
2020-04-16 13:45,12330
2020-04-16 13:50,12399
2020-04-16 13:55,
2020-04-16 14:00,12643
2020-04-16 14:05,12760
2020-04-16 14:10,12838
2020-04-16 14:15,12977
2020-04-16 14:20,13126
2020-04-16 14:25,13295
2020-04-16 14:30,13522
2020-04-16 14:35,13522
2020-04-16 14:40,13594
2020-04-16 14:45,13905
2020-04-16 14:50,14069
2020-04-16 14:55,14172
2020-04-16 15:00,
2020-04-16 15:05,14446
2020-04-16 15:10,14647
2020-04-16 15:15,14710
2020-04-16 15:20,14845
2020-04-16 15:25,14963
2020-04-16 15:30,15089
2020-04-16 15:35,15089
2020-04-16 15:40,
2020-04-16 15:45,15396
2020-04-16 15:50,15458
2020-04-16 15:55,15578
2020-04-16 16:00,
2020-04-16 16:05,15884
2020-04-16 16:10,
2020-04-16 16:15,16166
2020-04-16 16:20,16306
2020-04-16 16:25,16423
2020-04-16 16:30,16563
2020-04-16 16:35,16563
2020-04-16 16:40,16924
2020-04-16 16:45,17139
2020-04-16 16:50,17331
2020-04-16 16:55,17335
2020-04-16 17:00,17554
2020-04-16 17:05,17713
2020-04-16 17:10,17713
2020-04-16 17:15,17993
2020-04-16 17:20,18179
2020-04-16 17:25,
2020-04-16 17:30,18332
2020-04-16 17:35,18455
2020-04-16 17:40,18586
2020-04-16 17:45,18878
2020-04-16 17:50,19069
2020-04-16 17:55,19216
2020-04-16 18:00,
2020-04-16 18:05,19562
2020-04-16 18:10,19562
2020-04-16 18:15,19978
2020-04-16 18:20,19978
2020-04-16 18:25,20410
2020-04-16 18:30,20596
2020-04-16 18:35,20596
2020-04-16 18:40,20905
2020-04-16 18:45,21084
2020-04-16 18:50,21245
2020-04-16 18:55,21315
2020-04-16 19:00,
2020-04-16 19:05,21553
2020-04-16 19:10,21681
2020-04-16 19:15,21833
2020-04-16 19:20,21870
2020-04-16 19:25,22033
2020-04-16 19:30,22177
2020-04-16 19:35,22177
2020-04-16 19:40,22485
2020-04-16 19:45,22563
2020-04-16 19:50,22670
2020-04-16 19:55,22670
2020-04-16 20:00,22742
2020-04-16 20:05,22834
2020-04-16 20:10,22848
2020-04-16 20:15,22801
2020-04-16 20:20,22962
2020-04-16 20:25,22962
2020-04-16 20:30,22954
2020-04-16 20:35,22954
2020-04-16 20:40,22975
2020-04-16 20:45,23024
2020-04-16 20:50,23016
2020-04-16 20:55,23016
2020-04-16 21:00,22954
2020-04-16 21:05,22810
2020-04-16 21:10,22810
2020-04-16 21:15,22697
2020-04-16 21:20,22697
2020-04-16 21:25,22678
2020-04-16 21:30,22706
2020-04-16 21:35,22661
2020-04-16 21:40,22533
2020-04-16 21:45,22409
2020-04-16 21:50,22257
2020-04-16 21:55,22110
2020-04-16 22:00,22023
2020-04-16 22:05,21893
2020-04-16 22:10,21655
2020-04-16 22:15,21372
2020-04-16 22:20,
2020-04-16 22:25,21254
2020-04-16 22:30,21099
2020-04-16 22:35,20936
2020-04-16 22:40,20760
2020-04-16 22:45,20760
2020-04-16 22:50,20557
2020-04-16 22:55,20405
2020-04-16 23:00,20220
2020-04-16 23:05,20066
2020-04-16 23:10,19921
2020-04-16 23:15,19804
2020-04-16 23:20,19709
2020-04-16 23:25,19597
2020-04-16 23:30,19548
2020-04-16 23:35,19457
2020-04-16 23:40,19440
2020-04-16 23:45,19424
2020-04-16 23:50,19381
2020-04-16 23:55,
2020-04-17 00:00,19157
2020-04-17 00:05,19051
2020-04-17 00:10,18979
2020-04-17 00:15,19015
2020-04-17 00:20,18981
2020-04-17 00:25,18884
2020-04-17 00:30,18858
2020-04-17 00:35,18905
2020-04-17 00:40,18982
2020-04-17 00:45,19017
2020-04-17 00:50,19014
2020-04-17 00:55,18913
2020-04-17 01:00,18913
2020-04-17 01:05,18896
2020-04-17 01:10,18883
2020-04-17 01:15,18912
2020-04-17 01:20,18891
2020-04-17 01:25,18891
2020-04-17 01:30,18895
2020-04-17 01:35,18854
2020-04-17 01:40,18845
2020-04-17 01:45,18833
2020-04-17 01:50,18761
2020-04-17 01:55,18834
2020-04-17 02:00,18893
2020-04-17 02:05,18929
2020-04-17 02:10,18882
2020-04-17 02:15,18905
2020-04-17 02:20,18886
2020-04-17 02:25,18819
2020-04-17 02:30,18727
2020-04-17 02:35,18666
2020-04-17 02:40,18677
2020-04-17 02:45,18577
2020-04-17 02:50,18556
2020-04-17 02:55,18531
2020-04-17 03:00,18397
2020-04-17 03:05,18328
2020-04-17 03:10,
2020-04-17 03:15,18068
2020-04-17 03:20,17925
2020-04-17 03:25,17774
2020-04-17 03:30,17609
2020-04-17 03:35,17422
2020-04-17 03:40,17303
2020-04-17 03:45,17265
2020-04-17 03:50,17163
2020-04-17 03:55,17032
2020-04-17 04:00,16833
2020-04-17 04:05,16710
2020-04-17 04:10,16535
2020-04-17 04:15,16392
2020-04-17 04:20,16219
2020-04-17 04:25,
2020-04-17 04:30,15817
2020-04-17 04:35,15639
2020-04-17 04:40,15364
2020-04-17 04:45,15199
2020-04-17 04:50,14978
2020-04-17 04:55,14768
2020-04-17 05:00,14556
2020-04-17 05:05,14334
2020-04-17 05:10,14142
2020-04-17 05:15,
2020-04-17 05:20,13727
2020-04-17 05:25,
2020-04-17 05:30,13241
2020-04-17 05:35,12919
2020-04-17 05:40,12796
2020-04-17 05:45,12556
2020-04-17 05:50,12375
2020-04-17 05:55,12217
2020-04-17 06:00,11994
2020-04-17 06:05,11847
2020-04-17 06:10,11619
2020-04-17 06:15,11370
2020-04-17 06:20,11217
2020-04-17 06:25,10982
2020-04-17 06:30,10769
2020-04-17 06:35,10582
2020-04-17 06:40,10374
2020-04-17 06:45,10233
2020-04-17 06:50,10106
2020-04-17 06:55,9984
2020-04-17 07:00,
2020-04-17 07:05,9678
2020-04-17 07:10,9489
2020-04-17 07:15,9342
2020-04-17 07:20,
2020-04-17 07:25,9050
2020-04-17 07:30,8935
2020-04-17 07:35,8696
2020-04-17 07:40,8646
2020-04-17 07:45,8585
2020-04-17 07:50,8487
2020-04-17 07:55,8324
2020-04-17 08:00,8241
2020-04-17 08:05,8182
2020-04-17 08:10,8084
2020-04-17 08:15,8067
2020-04-17 08:20,7979
2020-04-17 08:25,7917
2020-04-17 08:30,7826
2020-04-17 08:35,7778
2020-04-17 08:40,7761
2020-04-17 08:45,7737
2020-04-17 08:50,7635
2020-04-17 08:55,7669
2020-04-17 09:00,7623
2020-04-17 09:05,7612
2020-04-17 09:10,7647
2020-04-17 09:15,7672
2020-04-17 09:20,
2020-04-17 09:25,7686
2020-04-17 09:30,7721
2020-04-17 09:35,7705
2020-04-17 09:40,7705
2020-04-17 09:45,7752
2020-04-17 09:50,7836
2020-04-17 09:55,7887
2020-04-17 10:00,7985
2020-04-17 10:05,8045
2020-04-17 10:10,8057
2020-04-17 10:15,8110
2020-04-17 10:20,8206
2020-04-17 10:25,8263
2020-04-17 10:30,8357
2020-04-17 10:35,8381
2020-04-17 10:40,8460
2020-04-17 10:45,8477
2020-04-17 10:50,8474
2020-04-17 10:55,8570
2020-04-17 11:00,
2020-04-17 11:05,8692
2020-04-17 11:10,8748
2020-04-17 11:15,8854
2020-04-17 11:20,7845
2020-04-17 11:25,8858
2020-04-17 11:30,9116
2020-04-17 11:35,9222
2020-04-17 11:40,9313
2020-04-17 11:45,
2020-04-17 11:50,9511
2020-04-17 11:55,9588
2020-04-17 12:00,
2020-04-17 12:05,9745
2020-04-17 12:10,9947
2020-04-17 12:15,
2020-04-17 12:20,10111
2020-04-17 12:25,10184
2020-04-17 12:30,10317
2020-04-17 12:35,10464
2020-04-17 12:40,10575
2020-04-17 12:45,10673
2020-04-17 12:50,10797
2020-04-17 12:55,10922
2020-04-17 13:00,11065
2020-04-17 13:05,11169
2020-04-17 13:10,11282
2020-04-17 13:15,
2020-04-17 13:20,11640
2020-04-17 13:25,11739
2020-04-17 13:30,11901
2020-04-17 13:35,12045
2020-04-17 13:40,12276
2020-04-17 13:45,12417
2020-04-17 13:50,12632
2020-04-17 13:55,12815
2020-04-17 14:00,12924
2020-04-17 14:05,13115
2020-04-17 14:10,13338
2020-04-17 14:15,13443
2020-04-17 14:20,13593
2020-04-17 14:25,13731
2020-04-17 14:30,13951
2020-04-17 14:35,14106
2020-04-17 14:40,14277
2020-04-17 14:45,14382
2020-04-17 14:50,14452
2020-04-17 14:55,14562
2020-04-17 15:00,14698
2020-04-17 15:05,14865
2020-04-17 15:10,15052
2020-04-17 15:15,15244
2020-04-17 15:20,15455
2020-04-17 15:25,15505
2020-04-17 15:30,15653
2020-04-17 15:35,15757
2020-04-17 15:40,15838
2020-04-17 15:45,15964
2020-04-17 15:50,16069
2020-04-17 15:55,16152
2020-04-17 16:00,16206
2020-04-17 16:05,16350
2020-04-17 16:10,16408
2020-04-17 16:15,16551
2020-04-17 16:20,16720
2020-04-17 16:25,16882
2020-04-17 16:30,16858
2020-04-17 16:35,16990
2020-04-17 16:40,17220
2020-04-17 16:45,17406
2020-04-17 16:50,17614
2020-04-17 16:55,17837
2020-04-17 17:00,17990
2020-04-17 17:05,18135
2020-04-17 17:10,18242
2020-04-17 17:15,18385
2020-04-17 17:20,18554
2020-04-17 17:25,18828
2020-04-17 17:30,18955
2020-04-17 17:35,19147
2020-04-17 17:40,19287
2020-04-17 17:45,19386
2020-04-17 17:50,19592
2020-04-17 17:55,19777
2020-04-17 18:00,19905
2020-04-17 18:05,
2020-04-17 18:10,20178
2020-04-17 18:15,20293
2020-04-17 18:20,20536
2020-04-17 18:25,20756
2020-04-17 18:30,20917
2020-04-17 18:35,21027
2020-04-17 18:40,21190
2020-04-17 18:45,21428
2020-04-17 18:50,21635
2020-04-17 18:55,21822
2020-04-17 19:00,
2020-04-17 19:05,21986
2020-04-17 19:10,22045
2020-04-17 19:15,22144
2020-04-17 19:20,22309
2020-04-17 19:25,22413
2020-04-17 19:30,22462
2020-04-17 19:35,22509
2020-04-17 19:40,22529
2020-04-17 19:45,22607
2020-04-17 19:50,22841
2020-04-17 19:55,22851
2020-04-17 20:00,22940
2020-04-17 20:05,22972
2020-04-17 20:10,23074
2020-04-17 20:15,23165
2020-04-17 20:20,23106
2020-04-17 20:25,23110
2020-04-17 20:30,22706
2020-04-17 20:35,23303
2020-04-17 20:40,23330
2020-04-17 20:45,23423
2020-04-17 20:50,23502
2020-04-17 20:55,23541
2020-04-17 21:00,23532
2020-04-17 21:05,23592
2020-04-17 21:10,23664
2020-04-17 21:15,23677
2020-04-17 21:20,23721
2020-04-17 21:25,23814
2020-04-17 21:30,23818
2020-04-17 21:35,23778
2020-04-17 21:40,23781
2020-04-17 21:45,23679
2020-04-17 21:50,23583
2020-04-17 21:55,23471
2020-04-17 22:00,23298
2020-04-17 22:05,23075
2020-04-17 22:10,22961
2020-04-17 22:15,22741
2020-04-17 22:20,22503
2020-04-17 22:25,22499
2020-04-17 22:30,22397
2020-04-17 22:35,22279
2020-04-17 22:40,22215
2020-04-17 22:45,22123
2020-04-17 22:50,22128
2020-04-17 22:55,21939
2020-04-17 23:00,21763
2020-04-17 23:05,21574
2020-04-17 23:10,21393
2020-04-17 23:15,21213
2020-04-17 23:20,21091
2020-04-17 23:25,20994
2020-04-17 23:30,20789
2020-04-17 23:35,20827
2020-04-17 23:40,20788
2020-04-17 23:45,20825
2020-04-17 23:50,20748
2020-04-17 23:55,20714
2020-04-18 00:00,20668
2020-04-18 00:05,20584
2020-04-18 00:10,20513
2020-04-18 00:15,20361
2020-04-18 00:20,20279
2020-04-18 00:25,20230
2020-04-18 00:30,20207
2020-04-18 00:35,20148
2020-04-18 00:40,20175
2020-04-18 00:45,20138
2020-04-18 00:50,20211
2020-04-18 00:55,20226
2020-04-18 01:00,20195
2020-04-18 01:05,20178
2020-04-18 01:10,20120
2020-04-18 01:15,20080
2020-04-18 01:20,20027
2020-04-18 01:25,19982
2020-04-18 01:30,19980
2020-04-18 01:35,20077
2020-04-18 01:40,20061
2020-04-18 01:45,20146
2020-04-18 01:50,20100
2020-04-18 01:55,20006
2020-04-18 02:00,20059
2020-04-18 02:05,19953
2020-04-18 02:10,19931
2020-04-18 02:15,19891
2020-04-18 02:20,19911
2020-04-18 02:25,20022
2020-04-18 02:30,19927
2020-04-18 02:35,19958
2020-04-18 02:40,19865
2020-04-18 02:45,19858
2020-04-18 02:50,19780
2020-04-18 02:55,19760
2020-04-18 03:00,19745
2020-04-18 03:05,19751
2020-04-18 03:10,19682
2020-04-18 03:15,19609
2020-04-18 03:20,19537
2020-04-18 03:25,19510
2020-04-18 03:30,19499
2020-04-18 03:35,19478
2020-04-18 03:40,19388
2020-04-18 03:45,19370
2020-04-18 03:50,19267
2020-04-18 03:55,19089
2020-04-18 04:00,18882
2020-04-18 04:05,18769
2020-04-18 04:10,18633
2020-04-18 04:15,18508
2020-04-18 04:20,18435
2020-04-18 04:25,18376
2020-04-18 04:30,18149
2020-04-18 04:35,18077
2020-04-18 04:40,17891
2020-04-18 04:45,17655
2020-04-18 04:50,17479
2020-04-18 04:55,17248
2020-04-18 05:00,17081
2020-04-18 05:05,16794
2020-04-18 05:10,16574
2020-04-18 05:15,16322
2020-04-18 05:20,16244
2020-04-18 05:25,16050
2020-04-18 05:30,15878
2020-04-18 05:35,15656
2020-04-18 05:40,15483
2020-04-18 05:45,15243
2020-04-18 05:50,15053
2020-04-18 05:55,14870
2020-04-18 06:00,14638
2020-04-18 06:05,14347
2020-04-18 06:10,14162
2020-04-18 06:15,13850
2020-04-18 06:20,13721
2020-04-18 06:25,13481
2020-04-18 06:30,13271
2020-04-18 06:35,13056
2020-04-18 06:40,12811
2020-04-18 06:45,12532
2020-04-18 06:50,12276
2020-04-18 06:55,12109
2020-04-18 07:00,11907
2020-04-18 07:05,11735
2020-04-18 07:10,11582
2020-04-18 07:15,11360
2020-04-18 07:20,11194
2020-04-18 07:25,10974
2020-04-18 07:30,10763
2020-04-18 07:35,10593
2020-04-18 07:40,10429
2020-04-18 07:45,10264
2020-04-18 07:50,10107
2020-04-18 07:55,9974
2020-04-18 08:00,9842
2020-04-18 08:05,9660
2020-04-18 08:10,9522
2020-04-18 08:15,9342
2020-04-18 08:20,9184
2020-04-18 08:25,9164
2020-04-18 08:30,9086
2020-04-18 08:35,9027
2020-04-18 08:40,8971
2020-04-18 08:45,8925
2020-04-18 08:50,8850
2020-04-18 08:55,8813
2020-04-18 09:00,8780
2020-04-18 09:05,8808
2020-04-18 09:10,8805
2020-04-18 09:15,8866
2020-04-18 09:20,8875
2020-04-18 09:25,8859
2020-04-18 09:30,8891
2020-04-18 09:35,8940
2020-04-18 09:40,8973
2020-04-18 09:45,8973
2020-04-18 09:50,9040
2020-04-18 09:55,9015
2020-04-18 10:00,9056
2020-04-18 10:05,9106
2020-04-18 10:10,9152
2020-04-18 10:15,9163
2020-04-18 10:20,9232
2020-04-18 10:25,9281
2020-04-18 10:30,9405
2020-04-18 10:35,9469
2020-04-18 10:40,9594
2020-04-18 10:45,9681
2020-04-18 10:50,9740
2020-04-18 10:55,9797
2020-04-18 11:00,9821
2020-04-18 11:05,9851
2020-04-18 11:10,9954
2020-04-18 11:15,9890
2020-04-18 11:20,10128
2020-04-18 11:25,10286
2020-04-18 11:30,10394
2020-04-18 11:35,10463
2020-04-18 11:40,10585
2020-04-18 11:45,10753
2020-04-18 11:50,10814
2020-04-18 11:55,10934
2020-04-18 12:00,11086
2020-04-18 12:05,11175
2020-04-18 12:10,11307
2020-04-18 12:15,11395
2020-04-18 12:20,11487
2020-04-18 12:25,11601
2020-04-18 12:30,11700
2020-04-18 12:35,11855
2020-04-18 12:40,
2020-04-18 12:45,12154
2020-04-18 12:50,12268
2020-04-18 12:55,12361
2020-04-18 13:00,12459
2020-04-18 13:05,12594
2020-04-18 13:10,12726
2020-04-18 13:15,12827
2020-04-18 13:20,13028
2020-04-18 13:25,13133
2020-04-18 13:30,13372
2020-04-18 13:35,13538
2020-04-18 13:40,13799
2020-04-18 13:45,14020
2020-04-18 13:50,14198
2020-04-18 13:55,14362
2020-04-18 14:00,14472
2020-04-18 14:05,14697
2020-04-18 14:10,14902
2020-04-18 14:15,15108
2020-04-18 14:20,15385
2020-04-18 14:25,15543
2020-04-18 14:30,15692
2020-04-18 14:35,15802
2020-04-18 14:40,15982
2020-04-18 14:45,16151
2020-04-18 14:50,16299
2020-04-18 14:55,16380
2020-04-18 15:00,16561
2020-04-18 15:05,16623
2020-04-18 15:10,16773
2020-04-18 15:15,16957
2020-04-18 15:20,17064
2020-04-18 15:25,17139
2020-04-18 15:30,17247
2020-04-18 15:35,17396
2020-04-18 15:40,
2020-04-18 15:45,17652
2020-04-18 15:50,17667
2020-04-18 15:55,17876
2020-04-18 16:00,17989
2020-04-18 16:05,18087
2020-04-18 16:10,18270
2020-04-18 16:15,18387
2020-04-18 16:20,18449
2020-04-18 16:25,18586
2020-04-18 16:30,18655
2020-04-18 16:35,18736
2020-04-18 16:40,18961
2020-04-18 16:45,19050
2020-04-18 16:50,19236
2020-04-18 16:55,19282
2020-04-18 17:00,19352
2020-04-18 17:05,19485
2020-04-18 17:10,19686
2020-04-18 17:15,19783
2020-04-18 17:20,19939
2020-04-18 17:25,20077
2020-04-18 17:30,20166
2020-04-18 17:35,20298
2020-04-18 17:40,20519
2020-04-18 17:45,20707
2020-04-18 17:50,20911
2020-04-18 17:55,21062
2020-04-18 18:00,21224
2020-04-18 18:05,21373
2020-04-18 18:10,21573
2020-04-18 18:15,21673
2020-04-18 18:20,21928
2020-04-18 18:25,22053
2020-04-18 18:30,22257
2020-04-18 18:35,22495
2020-04-18 18:40,22681
2020-04-18 18:45,22936
2020-04-18 18:50,23039
2020-04-18 18:55,23273
2020-04-18 19:00,23436
2020-04-18 19:05,23544
2020-04-18 19:10,23641
2020-04-18 19:15,23676
2020-04-18 19:20,23735
2020-04-18 19:25,23851
2020-04-18 19:30,23879
2020-04-18 19:35,24071
2020-04-18 19:40,24257
2020-04-18 19:45,24506
2020-04-18 19:50,24565
2020-04-18 19:55,24741
2020-04-18 20:00,24882
2020-04-18 20:05,24933
2020-04-18 20:10,25174
2020-04-18 20:15,25221
2020-04-18 20:20,25291
2020-04-18 20:25,25313
2020-04-18 20:30,25415
2020-04-18 20:35,25466
2020-04-18 20:40,25621
2020-04-18 20:45,25614
2020-04-18 20:50,25614
2020-04-18 20:55,25611
2020-04-18 21:00,25563
2020-04-18 21:05,25455
2020-04-18 21:10,25473
2020-04-18 21:15,25409
2020-04-18 21:20,25354
2020-04-18 21:25,25422
2020-04-18 21:30,25502
2020-04-18 21:35,25461
2020-04-18 21:40,25401
2020-04-18 21:45,25301
2020-04-18 21:50,25216
2020-04-18 21:55,25171
2020-04-18 22:00,24981
2020-04-18 22:05,24855
2020-04-18 22:10,24640
2020-04-18 22:15,24465
2020-04-18 22:20,24436
2020-04-18 22:25,24284
2020-04-18 22:30,24117
2020-04-18 22:35,23848
2020-04-18 22:40,23628
2020-04-18 22:45,23478
2020-04-18 22:50,23363
2020-04-18 22:55,23165
2020-04-18 23:00,23031
2020-04-18 23:05,22891
2020-04-18 23:10,22667
2020-04-18 23:15,22512
2020-04-18 23:20,22377
2020-04-18 23:25,22329
2020-04-18 23:30,22313
2020-04-18 23:35,22134
2020-04-18 23:40,21989
2020-04-18 23:45,21882
2020-04-18 23:50,21732
2020-04-18 23:55,21546
2020-04-19 00:00,21427
2020-04-19 00:05,21271
2020-04-19 00:10,21131
2020-04-19 00:15,21012
2020-04-19 00:20,20971
2020-04-19 00:25,20888
2020-04-19 00:30,20793
2020-04-19 00:35,20771
2020-04-19 00:40,20685
2020-04-19 00:45,20717
2020-04-19 00:50,20658
2020-04-19 00:55,20572
2020-04-19 01:00,20442
2020-04-19 01:05,20404
2020-04-19 01:10,20319
2020-04-19 01:15,20266
2020-04-19 01:20,20119
2020-04-19 01:25,20150
2020-04-19 01:30,20004
2020-04-19 01:35,20029
2020-04-19 01:40,20052
2020-04-19 01:45,20086
2020-04-19 01:50,19994
2020-04-19 01:55,19897
2020-04-19 02:00,19949
2020-04-19 02:05,19839
2020-04-19 02:10,19802
2020-04-19 02:15,19776
2020-04-19 02:20,19799
2020-04-19 02:25,19840
2020-04-19 02:30,19793
2020-04-19 02:35,19838
2020-04-19 02:40,19798
2020-04-19 02:45,19701
2020-04-19 02:50,19755
2020-04-19 02:55,19752
2020-04-19 03:00,19752
2020-04-19 03:05,19631
2020-04-19 03:10,19572
2020-04-19 03:15,19511
2020-04-19 03:20,19440
2020-04-19 03:25,19437
2020-04-19 03:30,19506
2020-04-19 03:35,19418
2020-04-19 03:40,19367
2020-04-19 03:45,19308
2020-04-19 03:50,19198
2020-04-19 03:55,19148
2020-04-19 04:00,18600
2020-04-19 04:05,17080
2020-04-19 04:10,16452
2020-04-19 04:15,16363
2020-04-19 04:20,16317
2020-04-19 04:25,16391
2020-04-19 04:30,16463
2020-04-19 04:35,16427
2020-04-19 04:40,16492
2020-04-19 04:45,16550
2020-04-19 04:50,16514
2020-04-19 04:55,16464
2020-04-19 05:00,16432
2020-04-19 05:05,16307
2020-04-19 05:10,16225
2020-04-19 05:15,16139
2020-04-19 05:20,16013
2020-04-19 05:25,15872
2020-04-19 05:30,15738
2020-04-19 05:35,15528
2020-04-19 05:40,15340
2020-04-19 05:45,15238
2020-04-19 05:50,15105
2020-04-19 05:55,14904
2020-04-19 06:00,14649
2020-04-19 06:05,14453
2020-04-19 06:10,14292
2020-04-19 06:15,14089
2020-04-19 06:20,13842
2020-04-19 06:25,13656
2020-04-19 06:30,13460
2020-04-19 06:35,13184
2020-04-19 06:40,12858
2020-04-19 06:45,12588
2020-04-19 06:50,12341
2020-04-19 06:55,12058
2020-04-19 07:00,11812
2020-04-19 07:05,11497
2020-04-19 07:10,11220
2020-04-19 07:15,11003
2020-04-19 07:20,10662
2020-04-19 07:25,10280
2020-04-19 07:30,9984
2020-04-19 07:35,9009
2020-04-19 07:40,7457
2020-04-19 07:45,6001
2020-04-19 07:50,4547
2020-04-19 07:55,3384
2020-04-19 08:00,2733
2020-04-19 08:05,2295
2020-04-19 08:10,2025
2020-04-19 08:15,2059
2020-04-19 08:20,2130
2020-04-19 08:25,2428
2020-04-19 08:30,3073
2020-04-19 08:35,3680
2020-04-19 08:40,4329
2020-04-19 08:45,4870
2020-04-19 08:50,5380
2020-04-19 08:55,5789
2020-04-19 09:00,6097
2020-04-19 09:05,6407
2020-04-19 09:10,6799
2020-04-19 09:15,7097
2020-04-19 09:20,7429
2020-04-19 09:25,7694
2020-04-19 09:30,7967
2020-04-19 09:35,8204
2020-04-19 09:40,8412
2020-04-19 09:45,8632
2020-04-19 09:50,8793
2020-04-19 09:55,8953
2020-04-19 10:00,9140
2020-04-19 10:05,9275
2020-04-19 10:10,9425
2020-04-19 10:15,9571
2020-04-19 10:20,9576
2020-04-19 10:25,9689
2020-04-19 10:30,9742
2020-04-19 10:35,9847
2020-04-19 10:40,10011
2020-04-19 10:45,10046
2020-04-19 10:50,10191
2020-04-19 10:55,10310
2020-04-19 11:00,10371
2020-04-19 11:05,10488
2020-04-19 11:10,10555
2020-04-19 11:15,10605
2020-04-19 11:20,10751
2020-04-19 11:25,10865
2020-04-19 11:30,10980
2020-04-19 11:35,11151
2020-04-19 11:40,11314
2020-04-19 11:45,11451
2020-04-19 11:50,11591
2020-04-19 11:55,11675
2020-04-19 12:00,11778
2020-04-19 12:05,11854
2020-04-19 12:10,11948
2020-04-19 12:15,12034
2020-04-19 12:20,12136
2020-04-19 12:25,12338
2020-04-19 12:30,12444
2020-04-19 12:35,12611
2020-04-19 12:40,12775
2020-04-19 12:45,12979
2020-04-19 12:50,13074
2020-04-19 12:55,13199
2020-04-19 13:00,13324
2020-04-19 13:05,13467
2020-04-19 13:10,13624
2020-04-19 13:15,13854
2020-04-19 13:20,14031
2020-04-19 13:25,14245
2020-04-19 13:30,14419
2020-04-19 13:35,14574
2020-04-19 13:40,14767
2020-04-19 13:45,14991
2020-04-19 13:50,15092
2020-04-19 13:55,15230
2020-04-19 14:00,15379
2020-04-19 14:05,15591
2020-04-19 14:10,15776
2020-04-19 14:15,15935
2020-04-19 14:20,16094
2020-04-19 14:25,16201
2020-04-19 14:30,16276
2020-04-19 14:35,16511
2020-04-19 14:40,16656
2020-04-19 14:45,16823
2020-04-19 14:50,16934
2020-04-19 14:55,17100
2020-04-19 15:00,17226
2020-04-19 15:05,17343
2020-04-19 15:10,17428
2020-04-19 15:15,17554
2020-04-19 15:20,17632
2020-04-19 15:25,17779
2020-04-19 15:30,17964
2020-04-19 15:35,17992
2020-04-19 15:40,18095
2020-04-19 15:45,18148
2020-04-19 15:50,18225
2020-04-19 15:55,18250
2020-04-19 16:00,18394
2020-04-19 16:05,18527
2020-04-19 16:10,18564
2020-04-19 16:15,18675
2020-04-19 16:20,18829
2020-04-19 16:25,18924
2020-04-19 16:30,19053
2020-04-19 16:35,19184
2020-04-19 16:40,19361
2020-04-19 16:45,19467
2020-04-19 16:50,19560
2020-04-19 16:55,19673
2020-04-19 17:00,19783
2020-04-19 17:05,19827
2020-04-19 17:10,19980
2020-04-19 17:15,20047
2020-04-19 17:20,20270
2020-04-19 17:25,20390
2020-04-19 17:30,20699
2020-04-19 17:35,20901
2020-04-19 17:40,21146
2020-04-19 17:45,21325
2020-04-19 17:50,21278
2020-04-19 17:55,19574
2020-04-19 18:00,18702
2020-04-19 18:05,18910
2020-04-19 18:10,19511
2020-04-19 18:15,19991
2020-04-19 18:20,20393
2020-04-19 18:25,20724
2020-04-19 18:30,21112
2020-04-19 18:35,21526
2020-04-19 18:40,21903
2020-04-19 18:45,22177
2020-04-19 18:50,22506
2020-04-19 18:55,22723
2020-04-19 19:00,22842
2020-04-19 19:05,22959
2020-04-19 19:10,23109
2020-04-19 19:15,23239
2020-04-19 19:20,23443
2020-04-19 19:25,23585
2020-04-19 19:30,23688
2020-04-19 19:35,23786
2020-04-19 19:40,23967
2020-04-19 19:45,24113
2020-04-19 19:50,24110
2020-04-19 19:55,24300
2020-04-19 20:00,24377
2020-04-19 20:05,24543
2020-04-19 20:10,24699
2020-04-19 20:15,24843
2020-04-19 20:20,24884
2020-04-19 20:25,24882
2020-04-19 20:30,24802
2020-04-19 20:35,24723
2020-04-19 20:40,24774
2020-04-19 20:45,24843
2020-04-19 20:50,24909
2020-04-19 20:55,24905
2020-04-19 21:00,24920
2020-04-19 21:05,24883
2020-04-19 21:10,24726
2020-04-19 21:15,24606
2020-04-19 21:20,24606
2020-04-19 21:25,24566
2020-04-19 21:30,24440
2020-04-19 21:35,24330
2020-04-19 21:40,24251
2020-04-19 21:45,24027
2020-04-19 21:50,23965
2020-04-19 21:55,23743
2020-04-19 22:00,23498
2020-04-19 22:05,23291
2020-04-19 22:10,23188
2020-04-19 22:15,22977
2020-04-19 22:20,22772
2020-04-19 22:25,22579
2020-04-19 22:30,22401
2020-04-19 22:35,22244
2020-04-19 22:40,22241
2020-04-19 22:45,22139
2020-04-19 22:50,21987
2020-04-19 22:55,21886
2020-04-19 23:00,21803
2020-04-19 23:05,21678
2020-04-19 23:10,21430
2020-04-19 23:15,21305
2020-04-19 23:20,21404
2020-04-19 23:25,21273
2020-04-19 23:30,21239
2020-04-19 23:35,21090
2020-04-19 23:40,20972
2020-04-19 23:45,20959
2020-04-19 23:50,20815
2020-04-19 23:55,20770
2020-04-20 00:00,20719
2020-04-20 00:05,20562
2020-04-20 00:10,20515
2020-04-20 00:15,20380
2020-04-20 00:20,20394
2020-04-20 00:25,20281
2020-04-20 00:30,20180
2020-04-20 00:35,20115
2020-04-20 00:40,20117
2020-04-20 00:45,20049
2020-04-20 00:50,20021
2020-04-20 00:55,19925
2020-04-20 01:00,19919
2020-04-20 01:05,19952
2020-04-20 01:10,19832
2020-04-20 01:15,19859
2020-04-20 01:20,19826
2020-04-20 01:25,19862
2020-04-20 01:30,19752
2020-04-20 01:35,19669
2020-04-20 01:40,19682
2020-04-20 01:45,19676
2020-04-20 01:50,19720
2020-04-20 01:55,19650
2020-04-20 02:00,19499
2020-04-20 02:05,19407
2020-04-20 02:10,19354
2020-04-20 02:15,19211
2020-04-20 02:20,19154
2020-04-20 02:25,19117
2020-04-20 02:30,19018
2020-04-20 02:35,18991
2020-04-20 02:40,18923
2020-04-20 02:45,18852
2020-04-20 02:50,18836
2020-04-20 02:55,18735
2020-04-20 03:00,18613
2020-04-20 03:05,18462
2020-04-20 03:10,18328
2020-04-20 03:15,18258
2020-04-20 03:20,18184
2020-04-20 03:25,18115
2020-04-20 03:30,18036
2020-04-20 03:35,17888
2020-04-20 03:40,17756
2020-04-20 03:45,17617
2020-04-20 03:50,17497
2020-04-20 03:55,17297
2020-04-20 04:00,17187
2020-04-20 04:05,16923
2020-04-20 04:10,16620
2020-04-20 04:15,16503
2020-04-20 04:20,16262
2020-04-20 04:25,16082
2020-04-20 04:30,15872
2020-04-20 04:35,15758
2020-04-20 04:40,15564
2020-04-20 04:45,15369
2020-04-20 04:50,15240
2020-04-20 04:55,15041
2020-04-20 05:00,14805
2020-04-20 05:05,14504
2020-04-20 05:10,14278
2020-04-20 05:15,14184
2020-04-20 05:20,13981
2020-04-20 05:25,13836
2020-04-20 05:30,13594
2020-04-20 05:35,13311
2020-04-20 05:40,13106
2020-04-20 05:45,12868
2020-04-20 05:50,12631
2020-04-20 05:55,12428
2020-04-20 06:00,12225
2020-04-20 06:05,12061
2020-04-20 06:10,11811
2020-04-20 06:15,11557
2020-04-20 06:20,11415
2020-04-20 06:25,11223
2020-04-20 06:30,11001
2020-04-20 06:35,10840
2020-04-20 06:40,10649
2020-04-20 06:45,10467
2020-04-20 06:50,10256
2020-04-20 06:55,10146
2020-04-20 07:00,9932
2020-04-20 07:05,9743
2020-04-20 07:10,9605
2020-04-20 07:15,9471
2020-04-20 07:20,9375
2020-04-20 07:25,9269
2020-04-20 07:30,9073
2020-04-20 07:35,8874
2020-04-20 07:40,8904
2020-04-20 07:45,8858
2020-04-20 07:50,8738
2020-04-20 07:55,8637
2020-04-20 08:00,8578
2020-04-20 08:05,8495
2020-04-20 08:10,8370
2020-04-20 08:15,8349
2020-04-20 08:20,8395
2020-04-20 08:25,8310
2020-04-20 08:30,8293
2020-04-20 08:35,8177
2020-04-20 08:40,8131
2020-04-20 08:45,8106
2020-04-20 08:50,7758
2020-04-20 08:55,6793
2020-04-20 09:00,5796
2020-04-20 09:05,5393
2020-04-20 09:10,5600
2020-04-20 09:15,5877
2020-04-20 09:20,6167
2020-04-20 09:25,6381
2020-04-20 09:30,6547
2020-04-20 09:35,6738
2020-04-20 09:40,6896
2020-04-20 09:45,7070
2020-04-20 09:50,7237
2020-04-20 09:55,7406
2020-04-20 10:00,7589
2020-04-20 10:05,7736
2020-04-20 10:10,7893
2020-04-20 10:15,7974
2020-04-20 10:20,8092
2020-04-20 10:25,8199
2020-04-20 10:30,8288
2020-04-20 10:35,8334
2020-04-20 10:40,8440
2020-04-20 10:45,8562
2020-04-20 10:50,8637
2020-04-20 10:55,8763
2020-04-20 11:00,8787
2020-04-20 11:05,8871
2020-04-20 11:10,8928
2020-04-20 11:15,9028
2020-04-20 11:20,9165
2020-04-20 11:25,9239
2020-04-20 11:30,9345
2020-04-20 11:35,9489
2020-04-20 11:40,9664
2020-04-20 11:45,9746
2020-04-20 11:50,9884
2020-04-20 11:55,9993
2020-04-20 12:00,10085
2020-04-20 12:05,10162
2020-04-20 12:10,10233
2020-04-20 12:15,10320
2020-04-20 12:20,10476
2020-04-20 12:25,10571
2020-04-20 12:30,10656
2020-04-20 12:35,10751
2020-04-20 12:40,10893
2020-04-20 12:45,11014
2020-04-20 12:50,11114
2020-04-20 12:55,11257
2020-04-20 13:00,11409
2020-04-20 13:05,11544
2020-04-20 13:10,11598
2020-04-20 13:15,11752
2020-04-20 13:20,11939
2020-04-20 13:25,12085
2020-04-20 13:30,12170
2020-04-20 13:35,12257
2020-04-20 13:40,12414
2020-04-20 13:45,12583
2020-04-20 13:50,12727
2020-04-20 13:55,12916
2020-04-20 14:00,13095
2020-04-20 14:05,13195
2020-04-20 14:10,13403
2020-04-20 14:15,13643
2020-04-20 14:20,13851
2020-04-20 14:25,14004
2020-04-20 14:30,14171
2020-04-20 14:35,14341
2020-04-20 14:40,14472
2020-04-20 14:45,14658
2020-04-20 14:50,14830
2020-04-20 14:55,14944
2020-04-20 15:00,15061
2020-04-20 15:05,15216
2020-04-20 15:10,15289
2020-04-20 15:15,15445
2020-04-20 15:20,15594
2020-04-20 15:25,15735
2020-04-20 15:30,15842
2020-04-20 15:35,15946
2020-04-20 15:40,16072
2020-04-20 15:45,16283
2020-04-20 15:50,16476
2020-04-20 15:55,16588
2020-04-20 16:00,16694
2020-04-20 16:05,16885
2020-04-20 16:10,17130
2020-04-20 16:15,17286
2020-04-20 16:20,17390
2020-04-20 16:25,17582
2020-04-20 16:30,17854
2020-04-20 16:35,18083
2020-04-20 16:40,18281
2020-04-20 16:45,18374
2020-04-20 16:50,18533
2020-04-20 16:55,18750
2020-04-20 17:00,18906
2020-04-20 17:05,18987
2020-04-20 17:10,19073
2020-04-20 17:15,19185
2020-04-20 17:20,19367
2020-04-20 17:25,19495
2020-04-20 17:30,19722
2020-04-20 17:35,19908
2020-04-20 17:40,20059
2020-04-20 17:45,20205
2020-04-20 17:50,20303
2020-04-20 17:55,20513
2020-04-20 18:00,20643
2020-04-20 18:05,20833
2020-04-20 18:10,20998
2020-04-20 18:15,21225
2020-04-20 18:20,21424
2020-04-20 18:25,21664
2020-04-20 18:30,21779
2020-04-20 18:35,21949
2020-04-20 18:40,22130
2020-04-20 18:45,22223
2020-04-20 18:50,22321
2020-04-20 18:55,22586
2020-04-20 19:00,22746
2020-04-20 19:05,22964
2020-04-20 19:10,23017
2020-04-20 19:15,23054
2020-04-20 19:20,23201
2020-04-20 19:25,23337
2020-04-20 19:30,23464
2020-04-20 19:35,23477
2020-04-20 19:40,23537
2020-04-20 19:45,23665
2020-04-20 19:50,23709
2020-04-20 19:55,23732
2020-04-20 20:00,23747
2020-04-20 20:05,23882
2020-04-20 20:10,23979
2020-04-20 20:15,24014
2020-04-20 20:20,24108
2020-04-20 20:25,24182
2020-04-20 20:30,24219
2020-04-20 20:35,24307
2020-04-20 20:40,24330
2020-04-20 20:45,24316
2020-04-20 20:50,24272
2020-04-20 20:55,24268
2020-04-20 21:00,24205
2020-04-20 21:05,24105
2020-04-20 21:10,24005
2020-04-20 21:15,23885
2020-04-20 21:20,23786
2020-04-20 21:25,23685
2020-04-20 21:30,23639
2020-04-20 21:35,23617
2020-04-20 21:40,23560
2020-04-20 21:45,23360
2020-04-20 21:50,23167
2020-04-20 21:55,23072
2020-04-20 22:00,22841
2020-04-20 22:05,22613
2020-04-20 22:10,22466
2020-04-20 22:15,22306
2020-04-20 22:20,22174
2020-04-20 22:25,21944
2020-04-20 22:30,21843
2020-04-20 22:35,21694
2020-04-20 22:40,21345
2020-04-20 22:45,21395
2020-04-20 22:50,21379
2020-04-20 22:55,21215
2020-04-20 23:00,21118
2020-04-20 23:05,20967
2020-04-20 23:10,20900
2020-04-20 23:15,20781
2020-04-20 23:20,20690
2020-04-20 23:25,20618
2020-04-20 23:30,20482
2020-04-20 23:35,20386
2020-04-20 23:40,20287
2020-04-20 23:45,20267
2020-04-20 23:50,20135
2020-04-20 23:55,20069
2020-04-21 00:00,20003
2020-04-21 00:05,20016
2020-04-21 00:10,20008
2020-04-21 00:15,19982
2020-04-21 00:20,19976
2020-04-21 00:25,19927
2020-04-21 00:30,19903
2020-04-21 00:35,19896
2020-04-21 00:40,19873
2020-04-21 00:45,19822
2020-04-21 00:50,19782
2020-04-21 00:55,19913
2020-04-21 01:00,19869
2020-04-21 01:05,19924
2020-04-21 01:10,19936
2020-04-21 01:15,20043
2020-04-21 01:20,20068
2020-04-21 01:25,20106
2020-04-21 01:30,20185
2020-04-21 01:35,20197
2020-04-21 01:40,20217
2020-04-21 01:45,20267
2020-04-21 01:50,20292
2020-04-21 01:55,20329
2020-04-21 02:00,20422
2020-04-21 02:05,20398
2020-04-21 02:10,20322
2020-04-21 02:15,20236
2020-04-21 02:20,20227
2020-04-21 02:25,20278
2020-04-21 02:30,20195
2020-04-21 02:35,20198
2020-04-21 02:40,20097
2020-04-21 02:45,20050
2020-04-21 02:50,19907
2020-04-21 02:55,19817
2020-04-21 03:00,19611
2020-04-21 03:05,19460
2020-04-21 03:10,19364
2020-04-21 03:15,19209
2020-04-21 03:20,19113
2020-04-21 03:25,18901
2020-04-21 03:30,18794
2020-04-21 03:35,18696
2020-04-21 03:40,18598
2020-04-21 03:45,18449
2020-04-21 03:50,18262
2020-04-21 03:55,18185
2020-04-21 04:00,18001
2020-04-21 04:05,17861
2020-04-21 04:10,17607
2020-04-21 04:15,17311
2020-04-21 04:20,17083
2020-04-21 04:25,16796
2020-04-21 04:30,16520
2020-04-21 04:35,16216
2020-04-21 04:40,16014
2020-04-21 04:45,15767
2020-04-21 04:50,15549
2020-04-21 04:55,15321
2020-04-21 05:00,15036
2020-04-21 05:05,14904
2020-04-21 05:10,14776
2020-04-21 05:15,14576
2020-04-21 05:20,14395
2020-04-21 05:25,14208
2020-04-21 05:30,13948
2020-04-21 05:35,13658
2020-04-21 05:40,13407
2020-04-21 05:45,13226
2020-04-21 05:50,13024
2020-04-21 05:55,12900
2020-04-21 06:00,12690
2020-04-21 06:05,12492
2020-04-21 06:10,12238
2020-04-21 06:15,11958
2020-04-21 06:20,11737
2020-04-21 06:25,11533
2020-04-21 06:30,11409
2020-04-21 06:35,11233
2020-04-21 06:40,10984
2020-04-21 06:45,10830
2020-04-21 06:50,10656
2020-04-21 06:55,10454
2020-04-21 07:00,10250
2020-04-21 07:05,10049
2020-04-21 07:10,9828
2020-04-21 07:15,9701
2020-04-21 07:20,9500
2020-04-21 07:25,9360
2020-04-21 07:30,9212
2020-04-21 07:35,
2020-04-21 07:40,8883
2020-04-21 07:45,8731
2020-04-21 07:50,8612
2020-04-21 07:55,8501
2020-04-21 08:00,8419
2020-04-21 08:05,8284
2020-04-21 08:10,
2020-04-21 08:15,8090
2020-04-21 08:20,8018
2020-04-21 08:25,7934
2020-04-21 08:30,7962
2020-04-21 08:35,7934
2020-04-21 08:40,7952
2020-04-21 08:45,7904
2020-04-21 08:50,7883
2020-04-21 08:55,7824
2020-04-21 09:00,
2020-04-21 09:05,7774
2020-04-21 09:10,
2020-04-21 09:15,7786
2020-04-21 09:20,7712
2020-04-21 09:25,7741
2020-04-21 09:30,7735
2020-04-21 09:35,7572
2020-04-21 09:40,7699
2020-04-21 09:45,7698
2020-04-21 09:50,7727
2020-04-21 09:55,7728
2020-04-21 10:00,7687
2020-04-21 10:05,7639
2020-04-21 10:10,7647
2020-04-21 10:15,7615
2020-04-21 10:20,7450
2020-04-21 10:25,7381
2020-04-21 10:30,7346
2020-04-21 10:35,6369
2020-04-21 10:40,5208
2020-04-21 10:45,4173
2020-04-21 10:50,3278
2020-04-21 10:55,2713
2020-04-21 11:00,2339
2020-04-21 11:05,2197
2020-04-21 11:10,
2020-04-21 11:15,2007
2020-04-21 11:20,
2020-04-21 11:25,2054
2020-04-21 11:30,1885
2020-04-21 11:35,1770
2020-04-21 11:40,1714
2020-04-21 11:45,1765
2020-04-21 11:50,1844
2020-04-21 11:55,1899
2020-04-21 12:00,1992
2020-04-21 12:05,2051
2020-04-21 12:10,2058
2020-04-21 12:15,2035
2020-04-21 12:20,2041
2020-04-21 12:25,2124
2020-04-21 12:30,2166
2020-04-21 12:35,2195
2020-04-21 12:40,2234
2020-04-21 12:45,2206
2020-04-21 12:50,2195
2020-04-21 12:55,2215
2020-04-21 13:00,2218
2020-04-21 13:05,2299
2020-04-21 13:10,2329
2020-04-21 13:15,2601
2020-04-21 13:20,4204
2020-04-21 13:25,5497
2020-04-21 13:30,6576
2020-04-21 13:35,7688
2020-04-21 13:40,8669
2020-04-21 13:45,9807
2020-04-21 13:50,10639
2020-04-21 13:55,11432
2020-04-21 14:00,12059
2020-04-21 14:05,12724
2020-04-21 14:10,13341
2020-04-21 14:15,13908
2020-04-21 14:20,14396
2020-04-21 14:25,14867
2020-04-21 14:30,15272
2020-04-21 14:35,15661
2020-04-21 14:40,15981
2020-04-21 14:45,16257
2020-04-21 14:50,16585
2020-04-21 14:55,16809
2020-04-21 15:00,17041
2020-04-21 15:05,17248
2020-04-21 15:10,17513
2020-04-21 15:15,17768
2020-04-21 15:20,17883
2020-04-21 15:25,18163
2020-04-21 15:30,18308
2020-04-21 15:35,
2020-04-21 15:40,16664
2020-04-21 15:45,18369
2020-04-21 15:50,18724
2020-04-21 15:55,18956
2020-04-21 16:00,19104
2020-04-21 16:05,19234
2020-04-21 16:10,19426
2020-04-21 16:15,19628
2020-04-21 16:20,19796
2020-04-21 16:25,19945
2020-04-21 16:30,20091
2020-04-21 16:35,20307
2020-04-21 16:40,20447
2020-04-21 16:45,20646
2020-04-21 16:50,20862
2020-04-21 16:55,21093
2020-04-21 17:00,21190
2020-04-21 17:05,21362
2020-04-21 17:10,21509
2020-04-21 17:15,21692
2020-04-21 17:20,21921
2020-04-21 17:25,22040
2020-04-21 17:30,22240
2020-04-21 17:35,22494
2020-04-21 17:40,22731
2020-04-21 17:45,22975
2020-04-21 17:50,23142
2020-04-21 17:55,23320
2020-04-21 18:00,23511
2020-04-21 18:05,23718
2020-04-21 18:10,23828
2020-04-21 18:15,24118
2020-04-21 18:20,24388
2020-04-21 18:25,24558
2020-04-21 18:30,24748
2020-04-21 18:35,25002
2020-04-21 18:40,25218
2020-04-21 18:45,25395
2020-04-21 18:50,25514
2020-04-21 18:55,25570
2020-04-21 19:00,25643
2020-04-21 19:05,25739
2020-04-21 19:10,25919
2020-04-21 19:15,25995
2020-04-21 19:20,26070
2020-04-21 19:25,26309
2020-04-21 19:30,26449
2020-04-21 19:35,26578
2020-04-21 19:40,26581
2020-04-21 19:45,26584
2020-04-21 19:50,26667
2020-04-21 19:55,26737
2020-04-21 20:00,26775
2020-04-21 20:05,26755
2020-04-21 20:10,26709
2020-04-21 20:15,26665
2020-04-21 20:20,26653
2020-04-21 20:25,26645
2020-04-21 20:30,26623
2020-04-21 20:35,26619
2020-04-21 20:40,26561
2020-04-21 20:45,26603
2020-04-21 20:50,26586
2020-04-21 20:55,26602
2020-04-21 21:00,26444
2020-04-21 21:05,26413
2020-04-21 21:10,26333
2020-04-21 21:15,26224
2020-04-21 21:20,26075
2020-04-21 21:25,25916
2020-04-21 21:30,25833
2020-04-21 21:35,25763
2020-04-21 21:40,25718
2020-04-21 21:45,25476
2020-04-21 21:50,25301
2020-04-21 21:55,25127
2020-04-21 22:00,24959
2020-04-21 22:05,24859
2020-04-21 22:10,24647
2020-04-21 22:15,24405
2020-04-21 22:20,24193
2020-04-21 22:25,24006
2020-04-21 22:30,23824
2020-04-21 22:35,23634
2020-04-21 22:40,23620
2020-04-21 22:45,23540
2020-04-21 22:50,23330
2020-04-21 22:55,23215
2020-04-21 23:00,23114
2020-04-21 23:05,23037
2020-04-21 23:10,22935
2020-04-21 23:15,22752
2020-04-21 23:20,22763
2020-04-21 23:25,22754
2020-04-21 23:30,0
2020-04-21 23:35,18900
2020-04-21 23:40,21589
2020-04-21 23:45,22109
2020-04-21 23:50,22080
2020-04-21 23:55,22038
2020-04-22 00:00,22011
2020-04-22 00:05,22000
2020-04-22 00:10,21936
2020-04-22 00:15,21911
2020-04-22 00:20,21825
2020-04-22 00:25,21718
2020-04-22 00:30,21717
2020-04-22 00:35,21696
2020-04-22 00:40,21571
2020-04-22 00:45,21658
2020-04-22 00:50,21613
2020-04-22 00:55,21624
2020-04-22 01:00,21636
2020-04-22 01:05,21665
2020-04-22 01:10,21591
2020-04-22 01:15,21542
2020-04-22 01:20,21594
2020-04-22 01:25,21581
2020-04-22 01:30,21536
2020-04-22 01:35,21438
2020-04-22 01:40,21365
2020-04-22 01:45,21349
2020-04-22 01:50,21379
2020-04-22 01:55,21352
2020-04-22 02:00,21307
2020-04-22 02:05,21222
2020-04-22 02:10,21248
2020-04-22 02:15,21186
2020-04-22 02:20,21174
2020-04-22 02:25,21054
2020-04-22 02:30,21013
2020-04-22 02:35,20989
2020-04-22 02:40,21011
2020-04-22 02:45,20877
2020-04-22 02:50,20815
2020-04-22 02:55,20796
2020-04-22 03:00,20662
2020-04-22 03:05,20543
2020-04-22 03:10,20445
2020-04-22 03:15,20250
2020-04-22 03:20,20165
2020-04-22 03:25,20068
2020-04-22 03:30,19935
2020-04-22 03:35,19831
2020-04-22 03:40,19688
2020-04-22 03:45,19573
2020-04-22 03:50,19249
2020-04-22 03:55,19185
2020-04-22 04:00,19025
2020-04-22 04:05,18780
2020-04-22 04:10,18490
2020-04-22 04:15,18264
2020-04-22 04:20,18113
2020-04-22 04:25,18016
2020-04-22 04:30,17771
2020-04-22 04:35,17527
2020-04-22 04:40,17318
2020-04-22 04:45,17108
2020-04-22 04:50,16915
2020-04-22 04:55,16591
2020-04-22 05:00,16327
2020-04-22 05:05,16089
2020-04-22 05:10,15914
2020-04-22 05:15,15707
2020-04-22 05:20,15470
2020-04-22 05:25,15251
2020-04-22 05:30,15088
2020-04-22 05:35,14790
2020-04-22 05:40,14502
2020-04-22 05:45,14224
2020-04-22 05:50,14012
2020-04-22 05:55,13811
2020-04-22 06:00,13534
2020-04-22 06:05,13274
2020-04-22 06:10,12952
2020-04-22 06:15,12713
2020-04-22 06:20,12550
2020-04-22 06:25,12336
2020-04-22 06:30,12169
2020-04-22 06:35,11940
2020-04-22 06:40,11748
2020-04-22 06:45,11491
2020-04-22 06:50,11316
2020-04-22 06:55,11095
2020-04-22 07:00,10933
2020-04-22 07:05,10713
2020-04-22 07:10,10601
2020-04-22 07:15,10406
2020-04-22 07:20,10222
2020-04-22 07:25,10042
2020-04-22 07:30,9834
2020-04-22 07:35,9711
2020-04-22 07:40,9626
2020-04-22 07:45,9550
2020-04-22 07:50,9361
2020-04-22 07:55,9297
2020-04-22 08:00,9220
2020-04-22 08:05,9111
2020-04-22 08:10,8976
2020-04-22 08:15,8885
2020-04-22 08:20,
2020-04-22 08:25,7578
2020-04-22 08:30,7536
2020-04-22 08:35,7563
2020-04-22 08:40,7609
2020-04-22 08:45,7629
2020-04-22 08:50,7642
2020-04-22 08:55,7726
2020-04-22 09:00,7776
2020-04-22 09:05,7892
2020-04-22 09:10,7966
2020-04-22 09:15,8109
2020-04-22 09:20,7723
2020-04-22 09:25,7730
2020-04-22 09:30,7816
2020-04-22 09:35,7979
2020-04-22 09:40,8081
2020-04-22 09:45,8239
2020-04-22 09:50,8348
2020-04-22 09:55,8485
2020-04-22 10:00,8499
2020-04-22 10:05,8523
2020-04-22 10:10,8620
2020-04-22 10:15,8723
2020-04-22 10:20,8774
2020-04-22 10:25,8838
2020-04-22 10:30,8899
2020-04-22 10:35,8985
2020-04-22 10:40,9072
2020-04-22 10:45,9145
2020-04-22 10:50,9213
2020-04-22 10:55,9270
2020-04-22 11:00,9364
2020-04-22 11:05,9361
2020-04-22 11:10,9484
2020-04-22 11:15,9579
2020-04-22 11:20,9691
2020-04-22 11:25,9806
2020-04-22 11:30,9934
2020-04-22 11:35,10070
2020-04-22 11:40,10137
2020-04-22 11:45,10284
2020-04-22 11:50,10398
2020-04-22 11:55,10546
2020-04-22 12:00,
2020-04-22 12:05,10724
2020-04-22 12:10,10785
2020-04-22 12:15,10905
2020-04-22 12:20,10980
2020-04-22 12:25,11112
2020-04-22 12:30,11202
2020-04-22 12:35,11293
2020-04-22 12:40,11396
2020-04-22 12:45,11530
2020-04-22 12:50,11703
2020-04-22 12:55,11810
2020-04-22 13:00,11906
2020-04-22 13:05,12065
2020-04-22 13:10,12207
2020-04-22 13:15,12389
2020-04-22 13:20,12549
2020-04-22 13:25,12738
2020-04-22 13:30,12965
2020-04-22 13:35,
2020-04-22 13:40,13239
2020-04-22 13:45,13380
2020-04-22 13:50,13540
2020-04-22 13:55,13688
2020-04-22 14:00,13746
2020-04-22 14:05,13862
2020-04-22 14:10,14059
2020-04-22 14:15,14223
2020-04-22 14:20,14338
2020-04-22 14:25,14395
2020-04-22 14:30,14529
2020-04-22 14:35,14717
2020-04-22 14:40,14794
2020-04-22 14:45,15024
2020-04-22 14:50,15167
2020-04-22 14:55,15299
2020-04-22 15:00,15492
2020-04-22 15:05,15628
2020-04-22 15:10,15770
2020-04-22 15:15,15892
2020-04-22 15:20,16035
2020-04-22 15:25,16172
2020-04-22 15:30,16289
2020-04-22 15:35,16482
2020-04-22 15:40,16655
2020-04-22 15:45,16776
2020-04-22 15:50,16958
2020-04-22 15:55,17179
2020-04-22 16:00,17320
2020-04-22 16:05,17401
2020-04-22 16:10,17581
2020-04-22 16:15,17693
2020-04-22 16:20,17878
2020-04-22 16:25,18069
2020-04-22 16:30,18207
2020-04-22 16:35,18431
2020-04-22 16:40,18575
2020-04-22 16:45,18805
2020-04-22 16:50,18946
2020-04-22 16:55,19193
2020-04-22 17:00,19381
2020-04-22 17:05,19485
2020-04-22 17:10,19732
2020-04-22 17:15,19874
2020-04-22 17:20,20056
2020-04-22 17:25,20286
2020-04-22 17:30,20452
2020-04-22 17:35,20636
2020-04-22 17:40,20751
2020-04-22 17:45,20932
2020-04-22 17:50,21091
2020-04-22 17:55,21278
2020-04-22 18:00,21398
2020-04-22 18:05,21594
2020-04-22 18:10,21816
2020-04-22 18:15,22051
2020-04-22 18:20,22151
2020-04-22 18:25,22320
2020-04-22 18:30,22457
2020-04-22 18:35,
2020-04-22 18:40,22786
2020-04-22 18:45,22933
2020-04-22 18:50,23080
2020-04-22 18:55,23262
2020-04-22 19:00,23431
2020-04-22 19:05,23534
2020-04-22 19:10,23767
2020-04-22 19:15,23917
2020-04-22 19:20,24026
2020-04-22 19:25,24162
2020-04-22 19:30,24256
2020-04-22 19:35,24315
2020-04-22 19:40,24339
2020-04-22 19:45,24508
2020-04-22 19:50,24474
2020-04-22 19:55,24601
2020-04-22 20:00,24566
2020-04-22 20:05,24511
2020-04-22 20:10,24546
2020-04-22 20:15,24611
2020-04-22 20:20,24638
2020-04-22 20:25,24746
2020-04-22 20:30,24753
2020-04-22 20:35,24791
2020-04-22 20:40,24791
2020-04-22 20:45,24795
2020-04-22 20:50,24844
2020-04-22 20:55,24910
2020-04-22 21:00,24846
2020-04-22 21:05,24760
2020-04-22 21:10,24706
2020-04-22 21:15,24643
2020-04-22 21:20,24620
2020-04-22 21:25,24628
2020-04-22 21:30,24543
2020-04-22 21:35,24369
2020-04-22 21:40,24263
2020-04-22 21:45,24153
2020-04-22 21:50,24219
2020-04-22 21:55,24052
2020-04-22 22:00,23914
2020-04-22 22:05,23713
2020-04-22 22:10,23486
2020-04-22 22:15,23351
2020-04-22 22:20,23236
2020-04-22 22:25,23122
2020-04-22 22:30,22936
2020-04-22 22:35,22731
2020-04-22 22:40,22520
2020-04-22 22:45,22461
2020-04-22 22:50,22391
2020-04-22 22:55,22281
2020-04-22 23:00,22168
2020-04-22 23:05,22060
2020-04-22 23:10,21883
2020-04-22 23:15,21896
2020-04-22 23:20,21732
2020-04-22 23:25,21638
2020-04-22 23:30,21564
2020-04-22 23:35,21405
2020-04-22 23:40,21334
2020-04-22 23:45,21218
2020-04-22 23:50,21136
2020-04-22 23:55,21048
2020-04-23 00:00,20998
2020-04-23 00:05,21001
2020-04-23 00:10,20967
2020-04-23 00:15,20962
2020-04-23 00:20,20967
2020-04-23 00:25,20826
2020-04-23 00:30,20747
2020-04-23 00:35,20739
2020-04-23 00:40,20772
2020-04-23 00:45,20759
2020-04-23 00:50,20705
2020-04-23 00:55,20740
2020-04-23 01:00,20722
2020-04-23 01:05,20633
2020-04-23 01:10,20636
2020-04-23 01:15,20678
2020-04-23 01:20,20687
2020-04-23 01:25,20712
2020-04-23 01:30,20676
2020-04-23 01:35,20778
2020-04-23 01:40,20846
2020-04-23 01:45,20867
2020-04-23 01:50,20841
2020-04-23 01:55,20804
2020-04-23 02:00,20794
2020-04-23 02:05,20815
2020-04-23 02:10,20764
2020-04-23 02:15,20693
2020-04-23 02:20,20586
2020-04-23 02:25,20486
2020-04-23 02:30,20477
2020-04-23 02:35,20339
2020-04-23 02:40,20358
2020-04-23 02:45,20407
2020-04-23 02:50,20471
2020-04-23 02:55,20437
2020-04-23 03:00,20365
2020-04-23 03:05,20221
2020-04-23 03:10,20152
2020-04-23 03:15,20023
2020-04-23 03:20,19870
2020-04-23 03:25,19807
2020-04-23 03:30,19673
2020-04-23 03:35,19552
2020-04-23 03:40,19297
2020-04-23 03:45,19145
2020-04-23 03:50,18984
2020-04-23 03:55,18807
2020-04-23 04:00,18588
2020-04-23 04:05,18301
2020-04-23 04:10,18094
2020-04-23 04:15,17901
2020-04-23 04:20,17636
2020-04-23 04:25,17396
2020-04-23 04:30,17166
2020-04-23 04:35,16958
2020-04-23 04:40,16804
2020-04-23 04:45,16569
2020-04-23 04:50,16375
2020-04-23 04:55,16070
2020-04-23 05:00,15798
2020-04-23 05:05,15536
2020-04-23 05:10,15304
2020-04-23 05:15,15122
2020-04-23 05:20,14869
2020-04-23 05:25,14590
2020-04-23 05:30,14290
2020-04-23 05:35,14087
2020-04-23 05:40,13818
2020-04-23 05:45,13576
2020-04-23 05:50,13376
2020-04-23 05:55,13121
2020-04-23 06:00,12848
2020-04-23 06:05,12582
2020-04-23 06:10,12343
2020-04-23 06:15,12062
2020-04-23 06:20,11840
2020-04-23 06:25,
2020-04-23 06:30,11416
2020-04-23 06:35,11252
2020-04-23 06:40,11043
2020-04-23 06:45,10868
2020-04-23 06:50,10714
2020-04-23 06:55,10538
2020-04-23 07:00,10315
2020-04-23 07:05,10038
2020-04-23 07:10,9811
2020-04-23 07:15,9688
2020-04-23 07:20,9599
2020-04-23 07:25,9451
2020-04-23 07:30,9326
2020-04-23 07:35,9208
2020-04-23 07:40,9058
2020-04-23 07:45,8934
2020-04-23 07:50,
2020-04-23 07:55,
2020-04-23 08:00,
2020-04-23 08:05,
2020-04-23 08:10,8521
2020-04-23 08:15,
2020-04-23 08:20,
2020-04-23 08:25,8348
2020-04-23 08:30,8296
2020-04-23 08:35,8209
2020-04-23 08:40,8166
2020-04-23 08:45,8183
2020-04-23 08:50,8144
2020-04-23 08:55,8116
2020-04-23 09:00,8103
2020-04-23 09:05,8166
2020-04-23 09:10,8171
2020-04-23 09:15,8118
2020-04-23 09:20,8119
2020-04-23 09:25,8151
2020-04-23 09:30,8249
2020-04-23 09:35,8241
2020-04-23 09:40,8220
2020-04-23 09:45,
2020-04-23 09:50,8362
2020-04-23 09:55,8449
2020-04-23 10:00,8461
2020-04-23 10:05,8460
2020-04-23 10:10,8541
2020-04-23 10:15,8620
2020-04-23 10:20,8697
2020-04-23 10:25,8723
2020-04-23 10:30,8755
2020-04-23 10:35,8822
2020-04-23 10:40,8887
2020-04-23 10:45,
2020-04-23 10:50,
2020-04-23 10:55,
2020-04-23 11:00,
2020-04-23 11:05,9157
2020-04-23 11:10,9236
2020-04-23 11:15,9338
2020-04-23 11:20,9457
2020-04-23 11:25,9557
2020-04-23 11:30,9618
2020-04-23 11:35,9710
2020-04-23 11:40,9772
2020-04-23 11:45,
2020-04-23 11:50,
2020-04-23 11:55,10206
2020-04-23 12:00,
2020-04-23 12:05,
2020-04-23 12:10,
2020-04-23 12:15,10573
2020-04-23 12:20,
2020-04-23 12:25,
2020-04-23 12:30,10979
2020-04-23 12:35,11102
2020-04-23 12:40,
2020-04-23 12:45,11420
2020-04-23 12:50,11525
2020-04-23 12:55,
2020-04-23 13:00,11826
2020-04-23 13:05,11978
2020-04-23 13:10,12139
2020-04-23 13:15,12256
2020-04-23 13:20,12419
2020-04-23 13:25,12569
2020-04-23 13:30,12727
2020-04-23 13:35,12834
2020-04-23 13:40,12997
2020-04-23 13:45,13105
2020-04-23 13:50,13247
2020-04-23 13:55,13402
2020-04-23 14:00,13530
2020-04-23 14:05,13648
2020-04-23 14:10,13826
2020-04-23 14:15,13953
2020-04-23 14:20,14077
2020-04-23 14:25,14216
2020-04-23 14:30,14349
2020-04-23 14:35,14626
2020-04-23 14:40,14839
2020-04-23 14:45,15035
2020-04-23 14:50,15229
2020-04-23 14:55,15395
2020-04-23 15:00,15610
2020-04-23 15:05,15656
2020-04-23 15:10,15826
2020-04-23 15:15,16028
2020-04-23 15:20,16212
2020-04-23 15:25,16343
2020-04-23 15:30,16536
2020-04-23 15:35,16670
2020-04-23 15:40,16728
2020-04-23 15:45,16927
2020-04-23 15:50,17083
2020-04-23 15:55,17156
2020-04-23 16:00,17192
2020-04-23 16:05,17392
2020-04-23 16:10,17664
2020-04-23 16:15,17780
2020-04-23 16:20,17947
2020-04-23 16:25,18140
2020-04-23 16:30,18268
2020-04-23 16:35,18399
2020-04-23 16:40,18618
2020-04-23 16:45,18741
2020-04-23 16:50,18893
2020-04-23 16:55,18982
2020-04-23 17:00,19099
2020-04-23 17:05,19285
2020-04-23 17:10,19502
2020-04-23 17:15,19808
2020-04-23 17:20,19930
2020-04-23 17:25,20070
2020-04-23 17:30,20280
2020-04-23 17:35,20452
2020-04-23 17:40,20706
2020-04-23 17:45,20802
2020-04-23 17:50,21025
2020-04-23 17:55,21198
2020-04-23 18:00,21316
2020-04-23 18:05,21463
2020-04-23 18:10,21677
2020-04-23 18:15,21776
2020-04-23 18:20,22011
2020-04-23 18:25,22204
2020-04-23 18:30,22347
2020-04-23 18:35,22583
2020-04-23 18:40,22785
2020-04-23 18:45,22950
2020-04-23 18:50,23195
2020-04-23 18:55,23349
2020-04-23 19:00,23477
2020-04-23 19:05,23603
2020-04-23 19:10,23829
2020-04-23 19:15,24056
2020-04-23 19:20,24189
2020-04-23 19:25,24352
2020-04-23 19:30,24433
2020-04-23 19:35,24620
2020-04-23 19:40,24823
2020-04-23 19:45,
2020-04-23 19:50,
2020-04-23 19:55,
2020-04-23 20:00,
2020-04-23 20:05,
2020-04-23 20:10,
2020-04-23 20:15,
2020-04-23 20:20,
2020-04-23 20:25,
2020-04-23 20:30,
2020-04-23 20:35,
2020-04-23 20:40,
2020-04-23 20:45,25501
2020-04-23 20:50,
2020-04-23 20:55,
2020-04-23 21:00,
2020-04-23 21:05,
2020-04-23 21:10,
2020-04-23 21:15,
2020-04-23 21:20,
2020-04-23 21:25,
2020-04-23 21:30,
2020-04-23 21:35,
2020-04-23 21:40,
2020-04-23 21:45,24939
2020-04-23 21:50,
2020-04-23 21:55,24607
2020-04-23 22:00,24404
2020-04-23 22:05,24183
2020-04-23 22:10,23955
2020-04-23 22:15,23914
2020-04-23 22:20,23700
2020-04-23 22:25,23547
2020-04-23 22:30,23341
2020-04-23 22:35,23196
2020-04-23 22:40,23038
2020-04-23 22:45,22840
2020-04-23 22:50,22740
2020-04-23 22:55,22608
2020-04-23 23:00,22470
2020-04-23 23:05,22259
2020-04-23 23:10,22023
2020-04-23 23:15,21840
2020-04-23 23:20,21697
2020-04-23 23:25,21654
2020-04-23 23:30,21622
2020-04-23 23:35,21653
2020-04-23 23:40,21624
2020-04-23 23:45,21542
2020-04-23 23:50,21488
2020-04-23 23:55,21451
2020-04-24 00:00,21363
2020-04-24 00:05,21222
2020-04-24 00:10,21112
2020-04-24 00:15,21073
2020-04-24 00:20,21023
2020-04-24 00:25,20948
2020-04-24 00:30,20888
2020-04-24 00:35,20884
2020-04-24 00:40,20916
2020-04-24 00:45,20906
2020-04-24 00:50,20849
2020-04-24 00:55,20726
2020-04-24 01:00,20860
2020-04-24 01:05,20890
2020-04-24 01:10,20882
2020-04-24 01:15,20826
2020-04-24 01:20,20907
2020-04-24 01:25,20931
2020-04-24 01:30,20969
2020-04-24 01:35,20901
2020-04-24 01:40,20958
2020-04-24 01:45,20897
2020-04-24 01:50,20844
2020-04-24 01:55,20871
2020-04-24 02:00,20873
2020-04-24 02:05,20854
2020-04-24 02:10,20804
2020-04-24 02:15,20820
2020-04-24 02:20,20816
2020-04-24 02:25,20766
2020-04-24 02:30,20672
2020-04-24 02:35,20602
2020-04-24 02:40,20581
2020-04-24 02:45,
2020-04-24 02:50,
2020-04-24 02:55,20316
2020-04-24 03:00,20223
2020-04-24 03:05,20084
2020-04-24 03:10,19985
2020-04-24 03:15,19865
2020-04-24 03:20,19779
2020-04-24 03:25,19731
2020-04-24 03:30,19558
2020-04-24 03:35,19461
2020-04-24 03:40,19271
2020-04-24 03:45,19109
2020-04-24 03:50,19023
2020-04-24 03:55,18927
2020-04-24 04:00,18821
2020-04-24 04:05,18640
2020-04-24 04:10,18466
2020-04-24 04:15,18274
2020-04-24 04:20,18012
2020-04-24 04:25,17870
2020-04-24 04:30,17640
2020-04-24 04:35,17377
2020-04-24 04:40,17166
2020-04-24 04:45,16991
2020-04-24 04:50,16746
2020-04-24 04:55,16440
2020-04-24 05:00,16174
2020-04-24 05:05,15866
2020-04-24 05:10,15626
2020-04-24 05:15,15398
2020-04-24 05:20,15119
2020-04-24 05:25,14812
2020-04-24 05:30,14585
2020-04-24 05:35,14415
2020-04-24 05:40,14192
2020-04-24 05:45,13898
2020-04-24 05:50,13704
2020-04-24 05:55,13473
2020-04-24 06:00,13274
2020-04-24 06:05,13051
2020-04-24 06:10,12812
2020-04-24 06:15,12525
2020-04-24 06:20,12318
2020-04-24 06:25,12145
2020-04-24 06:30,11914
2020-04-24 06:35,11655
2020-04-24 06:40,11517
2020-04-24 06:45,11379
2020-04-24 06:50,11221
2020-04-24 06:55,11119
2020-04-24 07:00,10911
2020-04-24 07:05,10622
2020-04-24 07:10,10430
2020-04-24 07:15,10251
2020-04-24 07:20,10083
2020-04-24 07:25,9947
2020-04-24 07:30,9814
2020-04-24 07:35,9666
2020-04-24 07:40,9584
2020-04-24 07:45,9414
2020-04-24 07:50,9293
2020-04-24 07:55,9099
2020-04-24 08:00,9018
2020-04-24 08:05,8816
2020-04-24 08:10,8665
2020-04-24 08:15,8512
2020-04-24 08:20,8370
2020-04-24 08:25,8296
2020-04-24 08:30,8263
2020-04-24 08:35,8278
2020-04-24 08:40,8261
2020-04-24 08:45,8265
2020-04-24 08:50,8253
2020-04-24 08:55,8194
2020-04-24 09:00,8166
2020-04-24 09:05,8143
2020-04-24 09:10,8204
2020-04-24 09:15,8199
2020-04-24 09:20,8262
2020-04-24 09:25,8296
2020-04-24 09:30,8337
2020-04-24 09:35,8338
2020-04-24 09:40,8435
2020-04-24 09:45,8503
2020-04-24 09:50,8541
2020-04-24 09:55,8565
2020-04-24 10:00,8570
2020-04-24 10:05,8617
2020-04-24 10:10,8684
2020-04-24 10:15,8780
2020-04-24 10:20,8851
2020-04-24 10:25,8952
2020-04-24 10:30,9022
2020-04-24 10:35,9033
2020-04-24 10:40,9071
2020-04-24 10:45,9126
2020-04-24 10:50,9191
2020-04-24 10:55,9313
2020-04-24 11:00,9347
2020-04-24 11:05,9366
2020-04-24 11:10,9501
2020-04-24 11:15,9586
2020-04-24 11:20,9685
2020-04-24 11:25,9754
2020-04-24 11:30,9814
2020-04-24 11:35,9992
2020-04-24 11:40,10023
2020-04-24 11:45,10116
2020-04-24 11:50,10249
2020-04-24 11:55,10333
2020-04-24 12:00,10436
2020-04-24 12:05,10576
2020-04-24 12:10,10651
2020-04-24 12:15,10721
2020-04-24 12:20,10831
2020-04-24 12:25,10998
2020-04-24 12:30,11113
2020-04-24 12:35,11267
2020-04-24 12:40,11419
2020-04-24 12:45,11494
2020-04-24 12:50,11631
2020-04-24 12:55,11806
2020-04-24 13:00,11996
2020-04-24 13:05,12133
2020-04-24 13:10,12293
2020-04-24 13:15,12459
2020-04-24 13:20,12533
2020-04-24 13:25,12705
2020-04-24 13:30,12813
2020-04-24 13:35,13036
2020-04-24 13:40,13164
2020-04-24 13:45,13286
2020-04-24 13:50,13410
2020-04-24 13:55,13674
2020-04-24 14:00,13892
2020-04-24 14:05,14017
2020-04-24 14:10,14177
2020-04-24 14:15,14382
2020-04-24 14:20,14542
2020-04-24 14:25,14784
2020-04-24 14:30,15061
2020-04-24 14:35,15284
2020-04-24 14:40,15419
2020-04-24 14:45,15559
2020-04-24 14:50,15638
2020-04-24 14:55,15718
2020-04-24 15:00,15723
2020-04-24 15:05,15866
2020-04-24 15:10,16018
2020-04-24 15:15,16139
2020-04-24 15:20,16304
2020-04-24 15:25,16344
2020-04-24 15:30,16417
2020-04-24 15:35,16561
2020-04-24 15:40,16700
2020-04-24 15:45,16791
2020-04-24 15:50,16833
2020-04-24 15:55,16940
2020-04-24 16:00,17176
2020-04-24 16:05,17282
2020-04-24 16:10,17502
2020-04-24 16:15,17689
2020-04-24 16:20,17771
2020-04-24 16:25,17898
2020-04-24 16:30,18048
2020-04-24 16:35,18070
2020-04-24 16:40,18204
2020-04-24 16:45,18423
2020-04-24 16:50,18613
2020-04-24 16:55,
2020-04-24 17:00,18754
2020-04-24 17:05,18972
2020-04-24 17:10,19156
2020-04-24 17:15,19389
2020-04-24 17:20,19557
2020-04-24 17:25,19779
2020-04-24 17:30,19839
2020-04-24 17:35,20038
2020-04-24 17:40,20313
2020-04-24 17:45,20546
2020-04-24 17:50,20731
2020-04-24 17:55,20889
2020-04-24 18:00,21069
2020-04-24 18:05,21365
2020-04-24 18:10,21471
2020-04-24 18:15,21795
2020-04-24 18:20,22051
2020-04-24 18:25,22349
2020-04-24 18:30,22663
2020-04-24 18:35,22945
2020-04-24 18:40,23179
2020-04-24 18:45,23296
2020-04-24 18:50,23485
2020-04-24 18:55,23598
2020-04-24 19:00,23717
2020-04-24 19:05,23828
2020-04-24 19:10,23914
2020-04-24 19:15,24135
2020-04-24 19:20,24285
2020-04-24 19:25,24491
2020-04-24 19:30,24516
2020-04-24 19:35,24642
2020-04-24 19:40,24795
2020-04-24 19:45,24987
2020-04-24 19:50,25041
2020-04-24 19:55,25161
2020-04-24 20:00,25250
2020-04-24 20:05,25246
2020-04-24 20:10,25366
2020-04-24 20:15,25403
2020-04-24 20:20,25534
2020-04-24 20:25,25593
2020-04-24 20:30,25649
2020-04-24 20:35,25749
2020-04-24 20:40,25788
2020-04-24 20:45,25862
2020-04-24 20:50,25883
2020-04-24 20:55,25891
2020-04-24 21:00,25848
2020-04-24 21:05,25752
2020-04-24 21:10,25753
2020-04-24 21:15,25749
2020-04-24 21:20,25708
2020-04-24 21:25,25657
2020-04-24 21:30,25553
2020-04-24 21:35,25586
2020-04-24 21:40,25622
2020-04-24 21:45,25591
2020-04-24 21:50,25501
2020-04-24 21:55,25493
2020-04-24 22:00,25445
2020-04-24 22:05,25313
2020-04-24 22:10,25132
2020-04-24 22:15,24977
2020-04-24 22:20,24798
2020-04-24 22:25,24688
2020-04-24 22:30,24609
2020-04-24 22:35,24435
2020-04-24 22:40,24303
2020-04-24 22:45,24170
2020-04-24 22:50,23971
2020-04-24 22:55,23896
2020-04-24 23:00,23709
2020-04-24 23:05,23592
2020-04-24 23:10,22190
2020-04-24 23:15,20533
2020-04-24 23:20,19732
2020-04-24 23:25,19533
2020-04-24 23:30,19832
2020-04-24 23:35,20090
2020-04-24 23:40,20236
2020-04-24 23:45,20406
2020-04-24 23:50,20603
2020-04-24 23:55,20855
2020-04-25 00:00,21044
2020-04-25 00:05,21143
2020-04-25 00:10,21263
2020-04-25 00:15,21356
2020-04-25 00:20,21460
2020-04-25 00:25,21449
2020-04-25 00:30,21473
2020-04-25 00:35,21516
2020-04-25 00:40,21568
2020-04-25 00:45,21578
2020-04-25 00:50,21579
2020-04-25 00:55,21585
2020-04-25 01:00,21526
2020-04-25 01:05,21543
2020-04-25 01:10,21574
2020-04-25 01:15,21675
2020-04-25 01:20,21675
2020-04-25 01:25,21670
2020-04-25 01:30,21779
2020-04-25 01:35,21746
2020-04-25 01:40,21731
2020-04-25 01:45,21875
2020-04-25 01:50,21844
2020-04-25 01:55,21795
2020-04-25 02:00,21852
2020-04-25 02:05,21910
2020-04-25 02:10,21895
2020-04-25 02:15,21864
2020-04-25 02:20,21872
2020-04-25 02:25,21954
2020-04-25 02:30,21939
2020-04-25 02:35,21900
2020-04-25 02:40,21876
2020-04-25 02:45,21876
2020-04-25 02:50,21880
2020-04-25 02:55,21790
2020-04-25 03:00,21659
2020-04-25 03:05,21622
2020-04-25 03:10,21565
2020-04-25 03:15,21522
2020-04-25 03:20,21434
2020-04-25 03:25,21354
2020-04-25 03:30,21374
2020-04-25 03:35,21514
2020-04-25 03:40,21388
2020-04-25 03:45,21319
2020-04-25 03:50,21168
2020-04-25 03:55,21085
2020-04-25 04:00,20940
2020-04-25 04:05,20776
2020-04-25 04:10,20639
2020-04-25 04:15,20545
2020-04-25 04:20,20351
2020-04-25 04:25,20161
2020-04-25 04:30,20017
2020-04-25 04:35,19832
2020-04-25 04:40,19624
2020-04-25 04:45,19420
2020-04-25 04:50,19178
2020-04-25 04:55,18970
2020-04-25 05:00,18675
2020-04-25 05:05,18418
2020-04-25 05:10,18197
2020-04-25 05:15,17994
2020-04-25 05:20,17735
2020-04-25 05:25,17472
2020-04-25 05:30,17285
2020-04-25 05:35,17095
2020-04-25 05:40,16900
2020-04-25 05:45,16691
2020-04-25 05:50,16510
2020-04-25 05:55,16261
2020-04-25 06:00,16091
2020-04-25 06:05,15855
2020-04-25 06:10,15614
2020-04-25 06:15,15384
2020-04-25 06:20,15086
2020-04-25 06:25,14792
2020-04-25 06:30,14579
2020-04-25 06:35,14342
2020-04-25 06:40,14137
2020-04-25 06:45,13911
2020-04-25 06:50,13551
2020-04-25 06:55,13238
2020-04-25 07:00,12940
2020-04-25 07:05,12730
2020-04-25 07:10,12549
2020-04-25 07:15,12379
2020-04-25 07:20,12160
2020-04-25 07:25,11882
2020-04-25 07:30,11678
2020-04-25 07:35,11524
2020-04-25 07:40,11320
2020-04-25 07:45,11109
2020-04-25 07:50,10928
2020-04-25 07:55,10770
2020-04-25 08:00,10650
2020-04-25 08:05,10521
2020-04-25 08:10,10375
2020-04-25 08:15,10162
2020-04-25 08:20,10080
2020-04-25 08:25,9977
2020-04-25 08:30,9905
2020-04-25 08:35,9850
2020-04-25 08:40,9753
2020-04-25 08:45,9695
2020-04-25 08:50,9659
2020-04-25 08:55,9610
2020-04-25 09:00,9600
2020-04-25 09:05,9555
2020-04-25 09:10,9637
2020-04-25 09:15,9674
2020-04-25 09:20,9652
2020-04-25 09:25,9629
2020-04-25 09:30,9611
2020-04-25 09:35,9637
2020-04-25 09:40,9653
2020-04-25 09:45,9676
2020-04-25 09:50,9700
2020-04-25 09:55,9775
2020-04-25 10:00,9864
2020-04-25 10:05,9831
2020-04-25 10:10,9844
2020-04-25 10:15,9816
2020-04-25 10:20,9866
2020-04-25 10:25,9927
2020-04-25 10:30,10074
2020-04-25 10:35,10109
2020-04-25 10:40,10182
2020-04-25 10:45,10217
2020-04-25 10:50,10302
2020-04-25 10:55,10362
2020-04-25 11:00,10419
2020-04-25 11:05,10479
2020-04-25 11:10,10587
2020-04-25 11:15,10668
2020-04-25 11:20,10871
2020-04-25 11:25,10964
2020-04-25 11:30,11107
2020-04-25 11:35,11292
2020-04-25 11:40,11359
2020-04-25 11:45,11490
2020-04-25 11:50,11553
2020-04-25 11:55,11669
2020-04-25 12:00,11780
2020-04-25 12:05,11820
2020-04-25 12:10,11981
2020-04-25 12:15,12115
2020-04-25 12:20,12224
2020-04-25 12:25,12320
2020-04-25 12:30,12481
2020-04-25 12:35,12669
2020-04-25 12:40,12779
2020-04-25 12:45,12887
2020-04-25 12:50,13023
2020-04-25 12:55,13182
2020-04-25 13:00,13367
2020-04-25 13:05,13460
2020-04-25 13:10,13608
2020-04-25 13:15,13808
2020-04-25 13:20,14005
2020-04-25 13:25,14246
2020-04-25 13:30,14399
2020-04-25 13:35,14638
2020-04-25 13:40,14373
2020-04-25 13:45,13078
2020-04-25 13:50,11438
2020-04-25 13:55,9928
2020-04-25 14:00,8846
2020-04-25 14:05,8257
2020-04-25 14:10,9388
2020-04-25 14:15,10269
2020-04-25 14:20,11045
2020-04-25 14:25,11829
2020-04-25 14:30,12604
2020-04-25 14:35,13268
2020-04-25 14:40,13874
2020-04-25 14:45,14469
2020-04-25 14:50,14965
2020-04-25 14:55,15456
2020-04-25 15:00,15873
2020-04-25 15:05,15096
2020-04-25 15:10,14581
2020-04-25 15:15,14920
2020-04-25 15:20,15339
2020-04-25 15:25,15899
2020-04-25 15:30,16375
2020-04-25 15:35,16643
2020-04-25 15:40,16933
2020-04-25 15:45,17365
2020-04-25 15:50,17635
2020-04-25 15:55,17908
2020-04-25 16:00,18233
2020-04-25 16:05,18526
2020-04-25 16:10,18786
2020-04-25 16:15,19002
2020-04-25 16:20,19256
2020-04-25 16:25,19391
2020-04-25 16:30,19548
2020-04-25 16:35,19695
2020-04-25 16:40,19958
2020-04-25 16:45,20044
2020-04-25 16:50,20118
2020-04-25 16:55,20223
2020-04-25 17:00,20378
2020-04-25 17:05,20560
2020-04-25 17:10,20747
2020-04-25 17:15,20946
2020-04-25 17:20,21048
2020-04-25 17:25,21264
2020-04-25 17:30,21430
2020-04-25 17:35,21601
2020-04-25 17:40,21849
2020-04-25 17:45,21976
2020-04-25 17:50,22168
2020-04-25 17:55,22387
2020-04-25 18:00,22526
2020-04-25 18:05,22771
2020-04-25 18:10,22958
2020-04-25 18:15,23141
2020-04-25 18:20,23439
2020-04-25 18:25,23667
2020-04-25 18:30,23868
2020-04-25 18:35,23974
2020-04-25 18:40,24247
2020-04-25 18:45,24374
2020-04-25 18:50,24501
2020-04-25 18:55,24627
2020-04-25 19:00,24678
2020-04-25 19:05,24777
2020-04-25 19:10,24837
2020-04-25 19:15,24963
2020-04-25 19:20,25069
2020-04-25 19:25,25084
2020-04-25 19:30,25078
2020-04-25 19:35,25305
2020-04-25 19:40,25447
2020-04-25 19:45,25573
2020-04-25 19:50,25695
2020-04-25 19:55,25750
2020-04-25 20:00,25826
2020-04-25 20:05,25854
2020-04-25 20:10,25974
2020-04-25 20:15,26186
2020-04-25 20:20,26286
2020-04-25 20:25,26420
2020-04-25 20:30,26638
2020-04-25 20:35,26819
2020-04-25 20:40,26899
2020-04-25 20:45,26955
2020-04-25 20:50,27050
2020-04-25 20:55,27145
2020-04-25 21:00,27176
2020-04-25 21:05,27089
2020-04-25 21:10,27128
2020-04-25 21:15,27171
2020-04-25 21:20,27102
2020-04-25 21:25,27032
2020-04-25 21:30,26947
2020-04-25 21:35,26907
2020-04-25 21:40,26833
2020-04-25 21:45,26748
2020-04-25 21:50,26680
2020-04-25 21:55,26582
2020-04-25 22:00,26472
2020-04-25 22:05,26279
2020-04-25 22:10,26160
2020-04-25 22:15,26101
2020-04-25 22:20,26166
2020-04-25 22:25,26169
2020-04-25 22:30,25937
2020-04-25 22:35,25940
2020-04-25 22:40,25821
2020-04-25 22:45,25603
2020-04-25 22:50,25471
2020-04-25 22:55,25333
2020-04-25 23:00,24959
2020-04-25 23:05,24846
2020-04-25 23:10,24624
2020-04-25 23:15,24529
2020-04-25 23:20,24424
2020-04-25 23:25,24233
2020-04-25 23:30,24194
2020-04-25 23:35,24113
2020-04-25 23:40,24037
2020-04-25 23:45,23909
2020-04-25 23:50,23748
2020-04-25 23:55,23568
2020-04-26 00:00,23366
2020-04-26 00:05,23209
2020-04-26 00:10,23049
2020-04-26 00:15,23018
2020-04-26 00:20,22860
2020-04-26 00:25,22716
2020-04-26 00:30,22602
2020-04-26 00:35,22513
2020-04-26 00:40,22390
2020-04-26 00:45,22312
2020-04-26 00:50,22183
2020-04-26 00:55,22108
2020-04-26 01:00,22032
2020-04-26 01:05,21991
2020-04-26 01:10,21948
2020-04-26 01:15,21893
2020-04-26 01:20,21815
2020-04-26 01:25,21780
2020-04-26 01:30,21805
2020-04-26 01:35,21804
2020-04-26 01:40,21724
2020-04-26 01:45,21781
2020-04-26 01:50,21829
2020-04-26 01:55,21784
2020-04-26 02:00,21734
2020-04-26 02:05,21701
2020-04-26 02:10,21676
2020-04-26 02:15,21636
2020-04-26 02:20,21660
2020-04-26 02:25,21647
2020-04-26 02:30,21620
2020-04-26 02:35,21565
2020-04-26 02:40,21513
2020-04-26 02:45,21496
2020-04-26 02:50,21461
2020-04-26 02:55,21429
2020-04-26 03:00,21342
2020-04-26 03:05,21305
2020-04-26 03:10,21293
2020-04-26 03:15,21204
2020-04-26 03:20,21158
2020-04-26 03:25,21130
2020-04-26 03:30,21089
2020-04-26 03:35,21060
2020-04-26 03:40,21041
2020-04-26 03:45,20987
2020-04-26 03:50,20964
2020-04-26 03:55,20851
2020-04-26 04:00,20712
2020-04-26 04:05,20573
2020-04-26 04:10,20407
2020-04-26 04:15,20258
2020-04-26 04:20,20045
2020-04-26 04:25,19888
2020-04-26 04:30,19737
2020-04-26 04:35,19581
2020-04-26 04:40,19432
2020-04-26 04:45,19259
2020-04-26 04:50,19014
2020-04-26 04:55,18797
2020-04-26 05:00,18597
2020-04-26 05:05,18419
2020-04-26 05:10,18221
2020-04-26 05:15,17944
2020-04-26 05:20,17751
2020-04-26 05:25,17577
2020-04-26 05:30,17430
2020-04-26 05:35,17159
2020-04-26 05:40,16940
2020-04-26 05:45,16634
2020-04-26 05:50,16346
2020-04-26 05:55,16094
2020-04-26 06:00,15853
2020-04-26 06:05,15543
2020-04-26 06:10,15332
2020-04-26 06:15,15051
2020-04-26 06:20,14791
2020-04-26 06:25,14581
2020-04-26 06:30,14348
2020-04-26 06:35,13936
2020-04-26 06:40,13563
2020-04-26 06:45,13262
2020-04-26 06:50,13034
2020-04-26 06:55,12797
2020-04-26 07:00,12541
2020-04-26 07:05,12170
2020-04-26 07:10,11854
2020-04-26 07:15,11584
2020-04-26 07:20,11198
2020-04-26 07:25,10843
2020-04-26 07:30,10515
2020-04-26 07:35,8959
2020-04-26 07:40,7220
2020-04-26 07:45,5674
2020-04-26 07:50,4243
2020-04-26 07:55,3343
2020-04-26 08:00,2740
2020-04-26 08:05,2133
2020-04-26 08:10,2096
2020-04-26 08:15,2012
2020-04-26 08:20,2156
2020-04-26 08:25,2166
2020-04-26 08:30,2739
2020-04-26 08:35,3299
2020-04-26 08:40,3995
2020-04-26 08:45,4584
2020-04-26 08:50,5171
2020-04-26 08:55,5639
2020-04-26 09:00,6086
2020-04-26 09:05,6557
2020-04-26 09:10,7003
2020-04-26 09:15,7326
2020-04-26 09:20,7665
2020-04-26 09:25,7923
2020-04-26 09:30,8217
2020-04-26 09:35,8539
2020-04-26 09:40,8773
2020-04-26 09:45,9027
2020-04-26 09:50,9190
2020-04-26 09:55,9368
2020-04-26 10:00,9552
2020-04-26 10:05,9709
2020-04-26 10:10,9898
2020-04-26 10:15,10052
2020-04-26 10:20,10244
2020-04-26 10:25,10298
2020-04-26 10:30,10510
2020-04-26 10:35,10602
2020-04-26 10:40,10744
2020-04-26 10:45,10817
2020-04-26 10:50,10938
2020-04-26 10:55,11004
2020-04-26 11:00,11103
2020-04-26 11:05,11220
2020-04-26 11:10,11346
2020-04-26 11:15,11463
2020-04-26 11:20,11582
2020-04-26 11:25,11703
2020-04-26 11:30,11823
2020-04-26 11:35,11907
2020-04-26 11:40,12020
2020-04-26 11:45,12116
2020-04-26 11:50,12232
2020-04-26 11:55,12300
2020-04-26 12:00,12399
2020-04-26 12:05,12531
2020-04-26 12:10,12621
2020-04-26 12:15,12746
2020-04-26 12:20,12831
2020-04-26 12:25,12954
2020-04-26 12:30,13028
2020-04-26 12:35,13190
2020-04-26 12:40,13345
2020-04-26 12:45,13436
2020-04-26 12:50,13543
2020-04-26 12:55,13647
2020-04-26 13:00,13798
2020-04-26 13:05,13984
2020-04-26 13:10,14217
2020-04-26 13:15,14386
2020-04-26 13:20,14611
2020-04-26 13:25,14808
2020-04-26 13:30,15016
2020-04-26 13:35,15222
2020-04-26 13:40,15304
2020-04-26 13:45,15581
2020-04-26 13:50,15755
2020-04-26 13:55,16027
2020-04-26 14:00,16247
2020-04-26 14:05,16416
2020-04-26 14:10,16634
2020-04-26 14:15,16828
2020-04-26 14:20,17018
2020-04-26 14:25,17216
2020-04-26 14:30,17370
2020-04-26 14:35,17451
2020-04-26 14:40,17654
2020-04-26 14:45,17851
2020-04-26 14:50,18017
2020-04-26 14:55,18140
2020-04-26 15:00,18218
2020-04-26 15:05,18273
2020-04-26 15:10,18331
2020-04-26 15:15,18431
2020-04-26 15:20,18660
2020-04-26 15:25,18651
2020-04-26 15:30,18817
2020-04-26 15:35,18912
2020-04-26 15:40,19081
2020-04-26 15:45,19164
2020-04-26 15:50,19352
2020-04-26 15:55,19351
2020-04-26 16:00,19433
2020-04-26 16:05,19601
2020-04-26 16:10,19650
2020-04-26 16:15,19745
2020-04-26 16:20,19869
2020-04-26 16:25,20025
2020-04-26 16:30,20167
2020-04-26 16:35,20351
2020-04-26 16:40,20527
2020-04-26 16:45,20680
2020-04-26 16:50,20874
2020-04-26 16:55,20998
2020-04-26 17:00,21085
2020-04-26 17:05,21253
2020-04-26 17:10,21380
2020-04-26 17:15,21526
2020-04-26 17:20,
2020-04-26 17:25,21853
2020-04-26 17:30,22064
2020-04-26 17:35,22277
2020-04-26 17:40,22395
2020-04-26 17:45,22637
2020-04-26 17:50,22858
2020-04-26 17:55,23093
2020-04-26 18:00,23280
2020-04-26 18:05,23559
2020-04-26 18:10,23860
2020-04-26 18:15,24139
2020-04-26 18:20,24345
2020-04-26 18:25,24543
2020-04-26 18:30,24758
2020-04-26 18:35,24886
2020-04-26 18:40,25070
2020-04-26 18:45,25229
2020-04-26 18:50,25396
2020-04-26 18:55,25416
2020-04-26 19:00,25602
2020-04-26 19:05,25651
2020-04-26 19:10,25745
2020-04-26 19:15,25757
2020-04-26 19:20,25766
2020-04-26 19:25,25852
2020-04-26 19:30,26004
2020-04-26 19:35,26178
2020-04-26 19:40,26329
2020-04-26 19:45,26320
2020-04-26 19:50,26387
2020-04-26 19:55,26512
2020-04-26 20:00,26559
2020-04-26 20:05,26638
2020-04-26 20:10,26752
2020-04-26 20:15,26773
2020-04-26 20:20,26727
2020-04-26 20:25,26693
2020-04-26 20:30,26565
2020-04-26 20:35,26552
2020-04-26 20:40,26568
2020-04-26 20:45,26738
2020-04-26 20:50,26819
2020-04-26 20:55,26710
2020-04-26 21:00,26714
2020-04-26 21:05,26526
2020-04-26 21:10,26436
2020-04-26 21:15,26268
2020-04-26 21:20,26180
2020-04-26 21:25,26098
2020-04-26 21:30,26029
2020-04-26 21:35,25959
2020-04-26 21:40,25770
2020-04-26 21:45,25637
2020-04-26 21:50,25532
2020-04-26 21:55,25301
2020-04-26 22:00,25129
2020-04-26 22:05,24996
2020-04-26 22:10,24855
2020-04-26 22:15,24611
2020-04-26 22:20,24382
2020-04-26 22:25,24127
2020-04-26 22:30,24014
2020-04-26 22:35,23947
2020-04-26 22:40,23903
2020-04-26 22:45,23948
2020-04-26 22:50,23845
2020-04-26 22:55,23738
2020-04-26 23:00,23630
2020-04-26 23:05,23445
2020-04-26 23:10,23244
2020-04-26 23:15,23160
2020-04-26 23:20,22973
2020-04-26 23:25,22791
2020-04-26 23:30,22698
2020-04-26 23:35,22522
2020-04-26 23:40,22525
2020-04-26 23:45,22350
2020-04-26 23:50,22249
2020-04-26 23:55,22107
2020-04-27 00:00,22077
2020-04-27 00:05,22022
2020-04-27 00:10,21870
2020-04-27 00:15,21832
2020-04-27 00:20,21759
2020-04-27 00:25,21682
2020-04-27 00:30,21625
2020-04-27 00:35,21535
2020-04-27 00:40,21463
2020-04-27 00:45,21443
2020-04-27 00:50,21341
2020-04-27 00:55,21162
2020-04-27 01:00,21035
2020-04-27 01:05,21045
2020-04-27 01:10,20995
2020-04-27 01:15,20961
2020-04-27 01:20,20925
2020-04-27 01:25,20968
2020-04-27 01:30,20955
2020-04-27 01:35,20997
2020-04-27 01:40,20978
2020-04-27 01:45,20875
2020-04-27 01:50,20744
2020-04-27 01:55,20736
2020-04-27 02:00,20651
2020-04-27 02:05,20535
2020-04-27 02:10,20495
2020-04-27 02:15,20422
2020-04-27 02:20,20424
2020-04-27 02:25,20377
2020-04-27 02:30,20339
2020-04-27 02:35,20369
2020-04-27 02:40,20378
2020-04-27 02:45,20350
2020-04-27 02:50,20303
2020-04-27 02:55,20194
2020-04-27 03:00,20147
2020-04-27 03:05,20089
2020-04-27 03:10,19889
2020-04-27 03:15,19799
2020-04-27 03:20,19658
2020-04-27 03:25,19583
2020-04-27 03:30,19434
2020-04-27 03:35,19192
2020-04-27 03:40,18974
2020-04-27 03:45,18836
2020-04-27 03:50,18710
2020-04-27 03:55,18538
2020-04-27 04:00,18346
2020-04-27 04:05,18113
2020-04-27 04:10,17922
2020-04-27 04:15,17680
2020-04-27 04:20,17477
2020-04-27 04:25,
2020-04-27 04:30,
2020-04-27 04:35,16897
2020-04-27 04:40,16660
2020-04-27 04:45,16434
2020-04-27 04:50,16156
2020-04-27 04:55,
2020-04-27 05:00,15716
2020-04-27 05:05,15392
2020-04-27 05:10,15194
2020-04-27 05:15,14900
2020-04-27 05:20,14655
2020-04-27 05:25,14444
2020-04-27 05:30,14157
2020-04-27 05:35,13961
2020-04-27 05:40,13791
2020-04-27 05:45,
2020-04-27 05:50,13369
2020-04-27 05:55,
2020-04-27 06:00,12853
2020-04-27 06:05,12682
2020-04-27 06:10,12474
2020-04-27 06:15,12216
2020-04-27 06:20,12089
2020-04-27 06:25,11866
2020-04-27 06:30,11703
2020-04-27 06:35,
2020-04-27 06:40,
2020-04-27 06:45,
2020-04-27 06:50,11092
2020-04-27 06:55,10883
2020-04-27 07:00,
2020-04-27 07:05,10537
2020-04-27 07:10,10314
2020-04-27 07:15,10113
2020-04-27 07:20,9918
2020-04-27 07:25,9780
2020-04-27 07:30,9626
2020-04-27 07:35,9483
2020-04-27 07:40,9313
2020-04-27 07:45,9231
2020-04-27 07:50,9078
2020-04-27 07:55,9004
2020-04-27 08:00,8852
2020-04-27 08:05,8732
2020-04-27 08:10,8728
2020-04-27 08:15,8645
2020-04-27 08:20,8518
2020-04-27 08:25,8445
2020-04-27 08:30,8384
2020-04-27 08:35,8331
2020-04-27 08:40,8325
2020-04-27 08:45,8319
2020-04-27 08:50,8341
2020-04-27 08:55,8296
2020-04-27 09:00,8214
2020-04-27 09:05,8226
2020-04-27 09:10,8140
2020-04-27 09:15,8103
2020-04-27 09:20,8103
2020-04-27 09:25,8159
2020-04-27 09:30,8213
2020-04-27 09:35,8264
2020-04-27 09:40,8348
2020-04-27 09:45,8328
2020-04-27 09:50,8343
2020-04-27 09:55,8325
2020-04-27 10:00,8379
2020-04-27 10:05,8346
2020-04-27 10:10,8389
2020-04-27 10:15,8429
2020-04-27 10:20,8485
2020-04-27 10:25,8593
2020-04-27 10:30,8691
2020-04-27 10:35,8741
2020-04-27 10:40,8817
2020-04-27 10:45,8866
2020-04-27 10:50,8922
2020-04-27 10:55,9035
2020-04-27 11:00,9095
2020-04-27 11:05,9152
2020-04-27 11:10,9188
2020-04-27 11:15,9276
2020-04-27 11:20,9350
2020-04-27 11:25,9400
2020-04-27 11:30,9551
2020-04-27 11:35,9625
2020-04-27 11:40,9716
2020-04-27 11:45,9813
2020-04-27 11:50,9887
2020-04-27 11:55,10068
2020-04-27 12:00,10104
2020-04-27 12:05,10194
2020-04-27 12:10,10298
2020-04-27 12:15,10425
2020-04-27 12:20,10495
2020-04-27 12:25,10630
2020-04-27 12:30,10752
2020-04-27 12:35,10975
2020-04-27 12:40,11073
2020-04-27 12:45,11144
2020-04-27 12:50,11230
2020-04-27 12:55,11332
2020-04-27 13:00,11486
2020-04-27 13:05,11628
2020-04-27 13:10,11777
2020-04-27 13:15,11985
2020-04-27 13:20,12172
2020-04-27 13:25,12289
2020-04-27 13:30,12488
2020-04-27 13:35,12664
2020-04-27 13:40,12791
2020-04-27 13:45,12979
2020-04-27 13:50,13130
2020-04-27 13:55,13295
2020-04-27 14:00,13442
2020-04-27 14:05,13528
2020-04-27 14:10,13688
2020-04-27 14:15,13800
2020-04-27 14:20,13878
2020-04-27 14:25,14052
2020-04-27 14:30,14227
2020-04-27 14:35,14363
2020-04-27 14:40,14492
2020-04-27 14:45,14621
2020-04-27 14:50,14695
2020-04-27 14:55,14797
2020-04-27 15:00,14881
2020-04-27 15:05,15000
2020-04-27 15:10,15157
2020-04-27 15:15,15257
2020-04-27 15:20,15499
2020-04-27 15:25,15701
2020-04-27 15:30,15834
2020-04-27 15:35,15976
2020-04-27 15:40,16141
2020-04-27 15:45,16183
2020-04-27 15:50,16377
2020-04-27 15:55,16469
2020-04-27 16:00,16549
2020-04-27 16:05,16649
2020-04-27 16:10,16807
2020-04-27 16:15,17035
2020-04-27 16:20,16851
2020-04-27 16:25,16903
2020-04-27 16:30,17009
2020-04-27 16:35,17281
2020-04-27 16:40,17515
2020-04-27 16:45,17744
2020-04-27 16:50,17916
2020-04-27 16:55,18030
2020-04-27 17:00,18177
2020-04-27 17:05,18376
2020-04-27 17:10,18535
2020-04-27 17:15,18765
2020-04-27 17:20,18790
2020-04-27 17:25,18795
2020-04-27 17:30,18979
2020-04-27 17:35,19178
2020-04-27 17:40,19466
2020-04-27 17:45,19777
2020-04-27 17:50,19943
2020-04-27 17:55,20178
2020-04-27 18:00,20301
2020-04-27 18:05,20457
2020-04-27 18:10,20704
2020-04-27 18:15,21019
2020-04-27 18:20,20997
2020-04-27 18:25,21080
2020-04-27 18:30,21155
2020-04-27 18:35,21410
2020-04-27 18:40,21684
2020-04-27 18:45,21930
2020-04-27 18:50,22210
2020-04-27 18:55,22400
2020-04-27 19:00,22714
2020-04-27 19:05,22842
2020-04-27 19:10,23061
2020-04-27 19:15,23177
2020-04-27 19:20,23261
2020-04-27 19:25,23296
2020-04-27 19:30,23335
2020-04-27 19:35,23447
2020-04-27 19:40,23730
2020-04-27 19:45,23857
2020-04-27 19:50,23907
2020-04-27 19:55,23961
2020-04-27 20:00,23920
2020-04-27 20:05,24059
2020-04-27 20:10,24229
2020-04-27 20:15,24320
2020-04-27 20:20,23702
2020-04-27 20:25,23907
2020-04-27 20:30,23853
2020-04-27 20:35,23957
2020-04-27 20:40,24024
2020-04-27 20:45,24030
2020-04-27 20:50,24028
2020-04-27 20:55,23982
2020-04-27 21:00,23894
2020-04-27 21:05,23884
2020-04-27 21:10,23784
2020-04-27 21:15,23778
2020-04-27 21:20,23694
2020-04-27 21:25,23687
2020-04-27 21:30,23601
2020-04-27 21:35,23606
2020-04-27 21:40,23530
2020-04-27 21:45,23458
2020-04-27 21:50,23260
2020-04-27 21:55,23173
2020-04-27 22:00,23020
2020-04-27 22:05,22847
2020-04-27 22:10,22605
2020-04-27 22:15,22535
2020-04-27 22:20,21861
2020-04-27 22:25,21856
2020-04-27 22:30,21663
2020-04-27 22:35,21623
2020-04-27 22:40,21617
2020-04-27 22:45,21550
2020-04-27 22:50,21465
2020-04-27 22:55,21286
2020-04-27 23:00,21164
2020-04-27 23:05,21045
2020-04-27 23:10,20886
2020-04-27 23:15,20488
2020-04-27 23:20,20553
2020-04-27 23:25,20490
2020-04-27 23:30,20552
2020-04-27 23:35,20532
2020-04-27 23:40,20579
2020-04-27 23:45,20572
2020-04-27 23:50,20599
2020-04-27 23:55,20603
2020-04-28 00:00,20459
2020-04-28 00:05,20447
2020-04-28 00:10,20454
2020-04-28 00:15,20387
2020-04-28 00:20,20371
2020-04-28 00:25,20351
2020-04-28 00:30,20339
2020-04-28 00:35,20335
2020-04-28 00:40,20370
2020-04-28 00:45,20441
2020-04-28 00:50,20481
2020-04-28 00:55,20494
2020-04-28 01:00,20506
2020-04-28 01:05,20621
2020-04-28 01:10,20653
2020-04-28 01:15,20624
2020-04-28 01:20,20554
2020-04-28 01:25,20552
2020-04-28 01:30,20572
2020-04-28 01:35,20494
2020-04-28 01:40,20499
2020-04-28 01:45,20523
2020-04-28 01:50,20559
2020-04-28 01:55,20493
2020-04-28 02:00,20504
2020-04-28 02:05,20433
2020-04-28 02:10,20385
2020-04-28 02:15,20436
2020-04-28 02:20,20399
2020-04-28 02:25,20382
2020-04-28 02:30,20287
2020-04-28 02:35,20140
2020-04-28 02:40,
2020-04-28 02:45,20101
2020-04-28 02:50,20068
2020-04-28 02:55,20018
2020-04-28 03:00,
2020-04-28 03:05,19916
2020-04-28 03:10,19729
2020-04-28 03:15,19538
2020-04-28 03:20,19396
2020-04-28 03:25,19349
2020-04-28 03:30,19230
2020-04-28 03:35,19116
2020-04-28 03:40,18981
2020-04-28 03:45,18843
2020-04-28 03:50,18673
2020-04-28 03:55,18634
2020-04-28 04:00,18431
2020-04-28 04:05,18190
2020-04-28 04:10,17986
2020-04-28 04:15,17681
2020-04-28 04:20,17511
2020-04-28 04:25,17333
2020-04-28 04:30,17054
2020-04-28 04:35,16846
2020-04-28 04:40,16621
2020-04-28 04:45,16462
2020-04-28 04:50,16321
2020-04-28 04:55,16079
2020-04-28 05:00,15785
2020-04-28 05:05,15520
2020-04-28 05:10,15204
2020-04-28 05:15,14975
2020-04-28 05:20,14771
2020-04-28 05:25,14532
2020-04-28 05:30,14299
2020-04-28 05:35,13986
2020-04-28 05:40,13729
2020-04-28 05:45,13465
2020-04-28 05:50,13208
2020-04-28 05:55,13045
2020-04-28 06:00,12800
2020-04-28 06:05,12503
2020-04-28 06:10,12276
2020-04-28 06:15,12044
2020-04-28 06:20,11892
2020-04-28 06:25,11701
2020-04-28 06:30,11515
2020-04-28 06:35,11206
2020-04-28 06:40,10957
2020-04-28 06:45,10669
2020-04-28 06:50,10503
2020-04-28 06:55,10406
2020-04-28 07:00,10238
2020-04-28 07:05,9972
2020-04-28 07:10,9686
2020-04-28 07:15,9440
2020-04-28 07:20,9203
2020-04-28 07:25,8912
2020-04-28 07:30,8599
2020-04-28 07:35,7252
2020-04-28 07:40,5988
2020-04-28 07:45,4810
2020-04-28 07:50,3667
2020-04-28 07:55,2861
2020-04-28 08:00,2409
2020-04-28 08:05,2003
2020-04-28 08:10,1954
2020-04-28 08:15,1924
2020-04-28 08:20,2145
2020-04-28 08:25,2652
2020-04-28 08:30,3175
2020-04-28 08:35,3704
2020-04-28 08:40,4114
2020-04-28 08:45,4521
2020-04-28 08:50,4895
2020-04-28 08:55,5261
2020-04-28 09:00,5588
2020-04-28 09:05,5915
2020-04-28 09:10,6190
2020-04-28 09:15,6445
2020-04-28 09:20,6705
2020-04-28 09:25,6909
2020-04-28 09:30,7109
2020-04-28 09:35,
2020-04-28 09:40,7434
2020-04-28 09:45,7596
2020-04-28 09:50,7758
2020-04-28 09:55,7800
2020-04-28 10:00,7886
2020-04-28 10:05,8017
2020-04-28 10:10,8103
2020-04-28 10:15,8255
2020-04-28 10:20,8349
2020-04-28 10:25,8422
2020-04-28 10:30,8519
2020-04-28 10:35,8603
2020-04-28 10:40,8714
2020-04-28 10:45,8808
2020-04-28 10:50,8902
2020-04-28 10:55,8907
2020-04-28 11:00,8930
2020-04-28 11:05,9041
2020-04-28 11:10,9102
2020-04-28 11:15,9232
2020-04-28 11:20,9321
2020-04-28 11:25,9416
2020-04-28 11:30,9522
2020-04-28 11:35,9626
2020-04-28 11:40,9700
2020-04-28 11:45,9747
2020-04-28 11:50,9870
2020-04-28 11:55,10014
2020-04-28 12:00,10152
2020-04-28 12:05,10263
2020-04-28 12:10,10390
2020-04-28 12:15,10480
2020-04-28 12:20,10581
2020-04-28 12:25,10643
2020-04-28 12:30,10755
2020-04-28 12:35,10856
2020-04-28 12:40,11001
2020-04-28 12:45,11154
2020-04-28 12:50,11273
2020-04-28 12:55,11498
2020-04-28 13:00,11530
2020-04-28 13:05,11688
2020-04-28 13:10,11770
2020-04-28 13:15,11896
2020-04-28 13:20,
2020-04-28 13:25,12316
2020-04-28 13:30,12498
2020-04-28 13:35,12652
2020-04-28 13:40,12841
2020-04-28 13:45,12990
2020-04-28 13:50,13093
2020-04-28 13:55,13233
2020-04-28 14:00,13370
2020-04-28 14:05,13553
2020-04-28 14:10,13852
2020-04-28 14:15,14045
2020-04-28 14:20,14181
2020-04-28 14:25,14389
2020-04-28 14:30,14561
2020-04-28 14:35,14745
2020-04-28 14:40,14865
2020-04-28 14:45,15039
2020-04-28 14:50,15181
2020-04-28 14:55,15197
2020-04-28 15:00,15237
2020-04-28 15:05,15393
2020-04-28 15:10,15649
2020-04-28 15:15,15826
2020-04-28 15:20,15987
2020-04-28 15:25,16137
2020-04-28 15:30,16374
2020-04-28 15:35,16449
2020-04-28 15:40,16577
2020-04-28 15:45,16685
2020-04-28 15:50,16813
2020-04-28 15:55,17009
2020-04-28 16:00,17094
2020-04-28 16:05,17224
2020-04-28 16:10,17294
2020-04-28 16:15,17386
2020-04-28 16:20,17557
2020-04-28 16:25,17680
2020-04-28 16:30,17864
2020-04-28 16:35,18001
2020-04-28 16:40,18176
2020-04-28 16:45,18296
2020-04-28 16:50,18357
2020-04-28 16:55,18488
2020-04-28 17:00,18650
2020-04-28 17:05,18775
2020-04-28 17:10,18961
2020-04-28 17:15,18990
2020-04-28 17:20,19159
2020-04-28 17:25,19372
2020-04-28 17:30,19551
2020-04-28 17:35,19650
2020-04-28 17:40,19806
2020-04-28 17:45,19980
2020-04-28 17:50,20135
2020-04-28 17:55,20242
2020-04-28 18:00,20369
2020-04-28 18:05,20566
2020-04-28 18:10,20788
2020-04-28 18:15,21008
2020-04-28 18:20,21191
2020-04-28 18:25,21432
2020-04-28 18:30,21689
2020-04-28 18:35,21921
2020-04-28 18:40,
2020-04-28 18:45,22269
2020-04-28 18:50,22438
2020-04-28 18:55,22609
2020-04-28 19:00,22789
2020-04-28 19:05,22907
2020-04-28 19:10,23018
2020-04-28 19:15,23198
2020-04-28 19:20,23337
2020-04-28 19:25,23405
2020-04-28 19:30,23399
2020-04-28 19:35,23457
2020-04-28 19:40,23503
2020-04-28 19:45,23603
2020-04-28 19:50,23679
2020-04-28 19:55,23521
2020-04-28 20:00,23609
2020-04-28 20:05,23677
2020-04-28 20:10,23732
2020-04-28 20:15,23799
2020-04-28 20:20,23875
2020-04-28 20:25,24002
2020-04-28 20:30,24012
2020-04-28 20:35,23929
2020-04-28 20:40,24026
2020-04-28 20:45,24095
2020-04-28 20:50,24131
2020-04-28 20:55,24213
2020-04-28 21:00,24179
2020-04-28 21:05,24272
2020-04-28 21:10,24172
2020-04-28 21:15,24104
2020-04-28 21:20,24084
2020-04-28 21:25,24058
2020-04-28 21:30,23932
2020-04-28 21:35,23763
2020-04-28 21:40,23680
2020-04-28 21:45,23594
2020-04-28 21:50,23394
2020-04-28 21:55,23331
2020-04-28 22:00,23173
2020-04-28 22:05,23124
2020-04-28 22:10,23006
2020-04-28 22:15,22873
2020-04-28 22:20,22788
2020-04-28 22:25,22592
2020-04-28 22:30,22471
2020-04-28 22:35,22216
2020-04-28 22:40,22062
2020-04-28 22:45,21921
2020-04-28 22:50,21748
2020-04-28 22:55,21566
2020-04-28 23:00,21476
2020-04-28 23:05,21330
2020-04-28 23:10,0
2020-04-28 23:15,17061
2020-04-28 23:20,20011
2020-04-28 23:25,20637
2020-04-28 23:30,20584
2020-04-28 23:35,20460
2020-04-28 23:40,20383
2020-04-28 23:45,20400
2020-04-28 23:50,20356
2020-04-28 23:55,20296
2020-04-29 00:00,20236
2020-04-29 00:05,20147
2020-04-29 00:10,20086
2020-04-29 00:15,20085
2020-04-29 00:20,19990
2020-04-29 00:25,20064
2020-04-29 00:30,20089
2020-04-29 00:35,20064
2020-04-29 00:40,
2020-04-29 00:45,20099
2020-04-29 00:50,20010
2020-04-29 00:55,20001
2020-04-29 01:00,20097
2020-04-29 01:05,20193
2020-04-29 01:10,20212
2020-04-29 01:15,20147
2020-04-29 01:20,20164
2020-04-29 01:25,20241
2020-04-29 01:30,20234
2020-04-29 01:35,20303
2020-04-29 01:40,20280
2020-04-29 01:45,20256
2020-04-29 01:50,20254
2020-04-29 01:55,20164
2020-04-29 02:00,20193
2020-04-29 02:05,20199
2020-04-29 02:10,20227
2020-04-29 02:15,20222
2020-04-29 02:20,20163
2020-04-29 02:25,20157
2020-04-29 02:30,20141
2020-04-29 02:35,20088
2020-04-29 02:40,20076
2020-04-29 02:45,20027
2020-04-29 02:50,19957
2020-04-29 02:55,19812
2020-04-29 03:00,19726
2020-04-29 03:05,19631
2020-04-29 03:10,19561
2020-04-29 03:15,19425
2020-04-29 03:20,19367
2020-04-29 03:25,19216
2020-04-29 03:30,19062
2020-04-29 03:35,18869
2020-04-29 03:40,18680
2020-04-29 03:45,18544
2020-04-29 03:50,18437
2020-04-29 03:55,18258
2020-04-29 04:00,18030
2020-04-29 04:05,17804
2020-04-29 04:10,17628
2020-04-29 04:15,17368
2020-04-29 04:20,17183
2020-04-29 04:25,16945
2020-04-29 04:30,16677
2020-04-29 04:35,16522
2020-04-29 04:40,16323
2020-04-29 04:45,16146
2020-04-29 04:50,15897
2020-04-29 04:55,15736
2020-04-29 05:00,15494
2020-04-29 05:05,15261
2020-04-29 05:10,15011
2020-04-29 05:15,14782
2020-04-29 05:20,14530
2020-04-29 05:25,14307
2020-04-29 05:30,14054
2020-04-29 05:35,13780
2020-04-29 05:40,13555
2020-04-29 05:45,13241
2020-04-29 05:50,13043
2020-04-29 05:55,12826
2020-04-29 06:00,12586
2020-04-29 06:05,12371
2020-04-29 06:10,12183
2020-04-29 06:15,11946
2020-04-29 06:20,11674
2020-04-29 06:25,11456
2020-04-29 06:30,11262
2020-04-29 06:35,11012
2020-04-29 06:40,10825
2020-04-29 06:45,10691
2020-04-29 06:50,10509
2020-04-29 06:55,10383
2020-04-29 07:00,10203
2020-04-29 07:05,10017
2020-04-29 07:10,9921
2020-04-29 07:15,9707
2020-04-29 07:20,9585
2020-04-29 07:25,9412
2020-04-29 07:30,9273
2020-04-29 07:35,9144
2020-04-29 07:40,9007
2020-04-29 07:45,8882
2020-04-29 07:50,8791
2020-04-29 07:55,8708
2020-04-29 08:00,8704
2020-04-29 08:05,8646
2020-04-29 08:10,8492
2020-04-29 08:15,8400
2020-04-29 08:20,8380
2020-04-29 08:25,8327
2020-04-29 08:30,8279
2020-04-29 08:35,8268
2020-04-29 08:40,8222
2020-04-29 08:45,8186
2020-04-29 08:50,8177
2020-04-29 08:55,8141
2020-04-29 09:00,8133
2020-04-29 09:05,8185
2020-04-29 09:10,8182
2020-04-29 09:15,8119
2020-04-29 09:20,8154
2020-04-29 09:25,7942
2020-04-29 09:30,7697
2020-04-29 09:35,7722
2020-04-29 09:40,7791
2020-04-29 09:45,7821
2020-04-29 09:50,7934
2020-04-29 09:55,7996
2020-04-29 10:00,8015
2020-04-29 10:05,8070
2020-04-29 10:10,8110
2020-04-29 10:15,8206
2020-04-29 10:20,8230
2020-04-29 10:25,8304
2020-04-29 10:30,8329
2020-04-29 10:35,8427
2020-04-29 10:40,8447
2020-04-29 10:45,8513
2020-04-29 10:50,8637
2020-04-29 10:55,8701
2020-04-29 11:00,8799
2020-04-29 11:05,8937
2020-04-29 11:10,9043
2020-04-29 11:15,9167
2020-04-29 11:20,9278
2020-04-29 11:25,9396
2020-04-29 11:30,9494
2020-04-29 11:35,9533
2020-04-29 11:40,9650
2020-04-29 11:45,9757
2020-04-29 11:50,9842
2020-04-29 11:55,9962
2020-04-29 12:00,10049
2020-04-29 12:05,10104
2020-04-29 12:10,10161
2020-04-29 12:15,10325
2020-04-29 12:20,10476
2020-04-29 12:25,10576
2020-04-29 12:30,10649
2020-04-29 12:35,10776
2020-04-29 12:40,10932
2020-04-29 12:45,11073
2020-04-29 12:50,11113
2020-04-29 12:55,11277
2020-04-29 13:00,11294
2020-04-29 13:05,11472
2020-04-29 13:10,11612
2020-04-29 13:15,11840
2020-04-29 13:20,12004
2020-04-29 13:25,12220
2020-04-29 13:30,12365
2020-04-29 13:35,12471
2020-04-29 13:40,12742
2020-04-29 13:45,12877
2020-04-29 13:50,13001
2020-04-29 13:55,13133
2020-04-29 14:00,13280
2020-04-29 14:05,13527
2020-04-29 14:10,13688
2020-04-29 14:15,13813
2020-04-29 14:20,14067
2020-04-29 14:25,14264
2020-04-29 14:30,14431
2020-04-29 14:35,14582
2020-04-29 14:40,14749
2020-04-29 14:45,14841
2020-04-29 14:50,14941
2020-04-29 14:55,15024
2020-04-29 15:00,15117
2020-04-29 15:05,15246
2020-04-29 15:10,15368
2020-04-29 15:15,15544
2020-04-29 15:20,15748
2020-04-29 15:25,15789
2020-04-29 15:30,15974
2020-04-29 15:35,16086
2020-04-29 15:40,16183
2020-04-29 15:45,16166
2020-04-29 15:50,16331
2020-04-29 15:55,16377
2020-04-29 16:00,16560
2020-04-29 16:05,16752
2020-04-29 16:10,16920
2020-04-29 16:15,17113
2020-04-29 16:20,17209
2020-04-29 16:25,17286
2020-04-29 16:30,17439
2020-04-29 16:35,17637
2020-04-29 16:40,17798
2020-04-29 16:45,17866
2020-04-29 16:50,18002
2020-04-29 16:55,18194
2020-04-29 17:00,17888
2020-04-29 17:05,18436
2020-04-29 17:10,18590
2020-04-29 17:15,18801
2020-04-29 17:20,18901
2020-04-29 17:25,19096
2020-04-29 17:30,19360
2020-04-29 17:35,19576
2020-04-29 17:40,19817
2020-04-29 17:45,19997
2020-04-29 17:50,20090
2020-04-29 17:55,20290
2020-04-29 18:00,20468
2020-04-29 18:05,20700
2020-04-29 18:10,20859
2020-04-29 18:15,20981
2020-04-29 18:20,21178
2020-04-29 18:25,21342
2020-04-29 18:30,21564
2020-04-29 18:35,21696
2020-04-29 18:40,21861
2020-04-29 18:45,22103
2020-04-29 18:50,22107
2020-04-29 18:55,22220
2020-04-29 19:00,22172
2020-04-29 19:05,22272
2020-04-29 19:10,22453
2020-04-29 19:15,22633
2020-04-29 19:20,22652
2020-04-29 19:25,22786
2020-04-29 19:30,22822
2020-04-29 19:35,23006
2020-04-29 19:40,23085
2020-04-29 19:45,23110
2020-04-29 19:50,23153
2020-04-29 19:55,23205
2020-04-29 20:00,23260
2020-04-29 20:05,23351
2020-04-29 20:10,23308
2020-04-29 20:15,23366
2020-04-29 20:20,23545
2020-04-29 20:25,23687
2020-04-29 20:30,23746
2020-04-29 20:35,23892
2020-04-29 20:40,23885
2020-04-29 20:45,23923
2020-04-29 20:50,23863
2020-04-29 20:55,23819
2020-04-29 21:00,23874
2020-04-29 21:05,23766
2020-04-29 21:10,23745
2020-04-29 21:15,23727
2020-04-29 21:20,23693
2020-04-29 21:25,23635
2020-04-29 21:30,23515
2020-04-29 21:35,23452
2020-04-29 21:40,23388
2020-04-29 21:45,23247
2020-04-29 21:50,23111
2020-04-29 21:55,22989
2020-04-29 22:00,22844
2020-04-29 22:05,22694
2020-04-29 22:10,22596
2020-04-29 22:15,22440
2020-04-29 22:20,22322
2020-04-29 22:25,22234
2020-04-29 22:30,22188
2020-04-29 22:35,22098
2020-04-29 22:40,22024
2020-04-29 22:45,21861
2020-04-29 22:50,21800
2020-04-29 22:55,21579
2020-04-29 23:00,21419
2020-04-29 23:05,21337
2020-04-29 23:10,21232
2020-04-29 23:15,21144
2020-04-29 23:20,21122
2020-04-29 23:25,21066
2020-04-29 23:30,20944
2020-04-29 23:35,20932
2020-04-29 23:40,20877
2020-04-29 23:45,20780
2020-04-29 23:50,20713
2020-04-29 23:55,20544
2020-04-30 00:00,20406
2020-04-30 00:05,20367
2020-04-30 00:10,20381
2020-04-30 00:15,20377
2020-04-30 00:20,20258
2020-04-30 00:25,20219
2020-04-30 00:30,20215
2020-04-30 00:35,20216
2020-04-30 00:40,20312
2020-04-30 00:45,20329
2020-04-30 00:50,20394
2020-04-30 00:55,20372
2020-04-30 01:00,20441
2020-04-30 01:05,20331
2020-04-30 01:10,20364
2020-04-30 01:15,20425
2020-04-30 01:20,20437
2020-04-30 01:25,20486
2020-04-30 01:30,20503
2020-04-30 01:35,20469
2020-04-30 01:40,20502
2020-04-30 01:45,20486
2020-04-30 01:50,20382
2020-04-30 01:55,20276
2020-04-30 02:00,20232
2020-04-30 02:05,20216
2020-04-30 02:10,20217
2020-04-30 02:15,20133
2020-04-30 02:20,20102
2020-04-30 02:25,20126
2020-04-30 02:30,20083
2020-04-30 02:35,20104
2020-04-30 02:40,20021
2020-04-30 02:45,20008
2020-04-30 02:50,19565
2020-04-30 02:55,18196
2020-04-30 03:00,17335
2020-04-30 03:05,16213
2020-04-30 03:10,16421
2020-04-30 03:15,16617
2020-04-30 03:20,16695
2020-04-30 03:25,16811
2020-04-30 03:30,16850
2020-04-30 03:35,16961
2020-04-30 03:40,17113
2020-04-30 03:45,17180
2020-04-30 03:50,17182
2020-04-30 03:55,17136
2020-04-30 04:00,17133
2020-04-30 04:05,17043
2020-04-30 04:10,16955
2020-04-30 04:15,16759
2020-04-30 04:20,16619
2020-04-30 04:25,16442
2020-04-30 04:30,16357
2020-04-30 04:35,16239
2020-04-30 04:40,16112
2020-04-30 04:45,15988
2020-04-30 04:50,15744
2020-04-30 04:55,15525
2020-04-30 05:00,15307
2020-04-30 05:05,15100
2020-04-30 05:10,14892
2020-04-30 05:15,14659
2020-04-30 05:20,14401
2020-04-30 05:25,14167
2020-04-30 05:30,13996
2020-04-30 05:35,13753
2020-04-30 05:40,13597
2020-04-30 05:45,13366
2020-04-30 05:50,13197
2020-04-30 05:55,12922
2020-04-30 06:00,12799
2020-04-30 06:05,12594
2020-04-30 06:10,12388
2020-04-30 06:15,12196
2020-04-30 06:20,12020
2020-04-30 06:25,11812
2020-04-30 06:30,11603
2020-04-30 06:35,11369
2020-04-30 06:40,11142
2020-04-30 06:45,10919
2020-04-30 06:50,10643
2020-04-30 06:55,10476
2020-04-30 07:00,10321
2020-04-30 07:05,10067
2020-04-30 07:10,9892
2020-04-30 07:15,9747
2020-04-30 07:20,9633
2020-04-30 07:25,9509
2020-04-30 07:30,9429
2020-04-30 07:35,9330
2020-04-30 07:40,9167
2020-04-30 07:45,9028
2020-04-30 07:50,8913
2020-04-30 07:55,8757
2020-04-30 08:00,8678
2020-04-30 08:05,8614
2020-04-30 08:10,8504
2020-04-30 08:15,8461
2020-04-30 08:20,8405
2020-04-30 08:25,8329
2020-04-30 08:30,8308
2020-04-30 08:35,8190
2020-04-30 08:40,8142
2020-04-30 08:45,8164
2020-04-30 08:50,8166
2020-04-30 08:55,8162
2020-04-30 09:00,8118
2020-04-30 09:05,8132
2020-04-30 09:10,8200
2020-04-30 09:15,8205
2020-04-30 09:20,8235
2020-04-30 09:25,8200
2020-04-30 09:30,8237
2020-04-30 09:35,8268
2020-04-30 09:40,8284
2020-04-30 09:45,8332
2020-04-30 09:50,8364
2020-04-30 09:55,8375
2020-04-30 10:00,8416
2020-04-30 10:05,8407
2020-04-30 10:10,8387
2020-04-30 10:15,8496
2020-04-30 10:20,8632
2020-04-30 10:25,8675
2020-04-30 10:30,8743
2020-04-30 10:35,8791
2020-04-30 10:40,8869
2020-04-30 10:45,8889
2020-04-30 10:50,8918
2020-04-30 10:55,9022
2020-04-30 11:00,9078
2020-04-30 11:05,9128
2020-04-30 11:10,9210
2020-04-30 11:15,9266
2020-04-30 11:20,9370
2020-04-30 11:25,9412
2020-04-30 11:30,9518
2020-04-30 11:35,9631
2020-04-30 11:40,9738
2020-04-30 11:45,9792
2020-04-30 11:50,9892
2020-04-30 11:55,9958
2020-04-30 12:00,10035
2020-04-30 12:05,10117
2020-04-30 12:10,10288
2020-04-30 12:15,10407
2020-04-30 12:20,10507
2020-04-30 12:25,10619
2020-04-30 12:30,10728
2020-04-30 12:35,10793
2020-04-30 12:40,10893
2020-04-30 12:45,11014
2020-04-30 12:50,11151
2020-04-30 12:55,11296
2020-04-30 13:00,11464
2020-04-30 13:05,11576
2020-04-30 13:10,11773
2020-04-30 13:15,11985
2020-04-30 13:20,12207
2020-04-30 13:25,12373
2020-04-30 13:30,12538
2020-04-30 13:35,12666
2020-04-30 13:40,12804
2020-04-30 13:45,12953
2020-04-30 13:50,13175
2020-04-30 13:55,13355
2020-04-30 14:00,13473
2020-04-30 14:05,13654
2020-04-30 14:10,13793
2020-04-30 14:15,14039
2020-04-30 14:20,14217
2020-04-30 14:25,14312
2020-04-30 14:30,14399
2020-04-30 14:35,14516
2020-04-30 14:40,14721
2020-04-30 14:45,14841
2020-04-30 14:50,14906
2020-04-30 14:55,14986
2020-04-30 15:00,15206
2020-04-30 15:05,15232
2020-04-30 15:10,15375
2020-04-30 15:15,15503
2020-04-30 15:20,15679
2020-04-30 15:25,15822
2020-04-30 15:30,15942
2020-04-30 15:35,16137
2020-04-30 15:40,16304
2020-04-30 15:45,16451
2020-04-30 15:50,16582
2020-04-30 15:55,16743
2020-04-30 16:00,16842
2020-04-30 16:05,17042
2020-04-30 16:10,17127
2020-04-30 16:15,17187
2020-04-30 16:20,17358
2020-04-30 16:25,17551
2020-04-30 16:30,17722
2020-04-30 16:35,17943
2020-04-30 16:40,18112
2020-04-30 16:45,18260
2020-04-30 16:50,18296
2020-04-30 16:55,18370
2020-04-30 17:00,18519
2020-04-30 17:05,18640
2020-04-30 17:10,18756
2020-04-30 17:15,18993
2020-04-30 17:20,19194
2020-04-30 17:25,19373
2020-04-30 17:30,19589
2020-04-30 17:35,19691
2020-04-30 17:40,19894
2020-04-30 17:45,20103
2020-04-30 17:50,20165
2020-04-30 17:55,20395
2020-04-30 18:00,20545
2020-04-30 18:05,20692
2020-04-30 18:10,20961
2020-04-30 18:15,21167
2020-04-30 18:20,21343
2020-04-30 18:25,21467
2020-04-30 18:30,21669
2020-04-30 18:35,21921
2020-04-30 18:40,22100
2020-04-30 18:45,22253
2020-04-30 18:50,22443
2020-04-30 18:55,22556
2020-04-30 19:00,22647
2020-04-30 19:05,22818
2020-04-30 19:10,22973
2020-04-30 19:15,22962
2020-04-30 19:20,23132
2020-04-30 19:25,23311
2020-04-30 19:30,23513
2020-04-30 19:35,23569
2020-04-30 19:40,23716
2020-04-30 19:45,23821
2020-04-30 19:50,23884
2020-04-30 19:55,23986
2020-04-30 20:00,24069
2020-04-30 20:05,24189
2020-04-30 20:10,24249
2020-04-30 20:15,24199
2020-04-30 20:20,24396
2020-04-30 20:25,24483
2020-04-30 20:30,24487
2020-04-30 20:35,24476
2020-04-30 20:40,24506
2020-04-30 20:45,24520
2020-04-30 20:50,24537
2020-04-30 20:55,24514
2020-04-30 21:00,24523
2020-04-30 21:05,24548
2020-04-30 21:10,24549
2020-04-30 21:15,24607
2020-04-30 21:20,24624
2020-04-30 21:25,24710
2020-04-30 21:30,24757
2020-04-30 21:35,24723
2020-04-30 21:40,24699
2020-04-30 21:45,24583
2020-04-30 21:50,24457
2020-04-30 21:55,24284
2020-04-30 22:00,24193
2020-04-30 22:05,24049
2020-04-30 22:10,23905
2020-04-30 22:15,23771
2020-04-30 22:20,23716
2020-04-30 22:25,23574
2020-04-30 22:30,23343
2020-04-30 22:35,23143
2020-04-30 22:40,23039
2020-04-30 22:45,22868
2020-04-30 22:50,22718
2020-04-30 22:55,22608
2020-04-30 23:00,22504
2020-04-30 23:05,22258
2020-04-30 23:10,22106
2020-04-30 23:15,22099
2020-04-30 23:20,22064
2020-04-30 23:25,21983
2020-04-30 23:30,21830
2020-04-30 23:35,21739
2020-04-30 23:40,21684
2020-04-30 23:45,21627
2020-04-30 23:50,0
2020-04-30 23:55,0
2020-05-01 00:00,21475
2020-05-01 00:05,21430
2020-05-01 00:10,21222
2020-05-01 00:15,20775
2020-05-01 00:20,18792
2020-05-01 00:25,17039
2020-05-01 00:30,16479
2020-05-01 00:35,16566
2020-05-01 00:40,16990
2020-05-01 00:45,17483
2020-05-01 00:50,17742
2020-05-01 00:55,18012
2020-05-01 01:00,18403
2020-05-01 01:05,18671
2020-05-01 01:10,19000
2020-05-01 01:15,19175
2020-05-01 01:20,19437
2020-05-01 01:25,19676
2020-05-01 01:30,19871
2020-05-01 01:35,20070
2020-05-01 01:40,20228
2020-05-01 01:45,20339
2020-05-01 01:50,20471
2020-05-01 01:55,20525
2020-05-01 02:00,20636
2020-05-01 02:05,20681
2020-05-01 02:10,20722
2020-05-01 02:15,20765
2020-05-01 02:20,20671
2020-05-01 02:25,20671
2020-05-01 02:30,20696
2020-05-01 02:35,20630
2020-05-01 02:40,20577
2020-05-01 02:45,20571
2020-05-01 02:50,20568
2020-05-01 02:55,20498
2020-05-01 03:00,20397
2020-05-01 03:05,20305
2020-05-01 03:10,20233
2020-05-01 03:15,20174
2020-05-01 03:20,20105
2020-05-01 03:25,20058
2020-05-01 03:30,20008
2020-05-01 03:35,19883
2020-05-01 03:40,19805
2020-05-01 03:45,19638
2020-05-01 03:50,19487
2020-05-01 03:55,19360
2020-05-01 04:00,19226
2020-05-01 04:05,19003
2020-05-01 04:10,18747
2020-05-01 04:15,18533
2020-05-01 04:20,18260
2020-05-01 04:25,18073
2020-05-01 04:30,17936
2020-05-01 04:35,17708
2020-05-01 04:40,17561
2020-05-01 04:45,17319
2020-05-01 04:50,17073
2020-05-01 04:55,16854
2020-05-01 05:00,16650
2020-05-01 05:05,16490
2020-05-01 05:10,16242
2020-05-01 05:15,16012
2020-05-01 05:20,15688
2020-05-01 05:25,15433
2020-05-01 05:30,15185
2020-05-01 05:35,14997
2020-05-01 05:40,14757
2020-05-01 05:45,14517
2020-05-01 05:50,14291
2020-05-01 05:55,14032
2020-05-01 06:00,13793
2020-05-01 06:05,13648
2020-05-01 06:10,13393
2020-05-01 06:15,13085
2020-05-01 06:20,12850
2020-05-01 06:25,12592
2020-05-01 06:30,12342
2020-05-01 06:35,12098
2020-05-01 06:40,11845
2020-05-01 06:45,11581
2020-05-01 06:50,11340
2020-05-01 06:55,11108
2020-05-01 07:00,10873
2020-05-01 07:05,10531
2020-05-01 07:10,10287
2020-05-01 07:15,10070
2020-05-01 07:20,9731
2020-05-01 07:25,9421
2020-05-01 07:30,9104
2020-05-01 07:35,7964
2020-05-01 07:40,6547
2020-05-01 07:45,5176
2020-05-01 07:50,3957
2020-05-01 07:55,3106
2020-05-01 08:00,2624
2020-05-01 08:05,2014
2020-05-01 08:10,1926
2020-05-01 08:15,1892
2020-05-01 08:20,1917
2020-05-01 08:25,1888
2020-05-01 08:30,2064
2020-05-01 08:35,2561
2020-05-01 08:40,3229
2020-05-01 08:45,3852
2020-05-01 08:50,4372
2020-05-01 08:55,4843
2020-05-01 09:00,5285
2020-05-01 09:05,5736
2020-05-01 09:10,6153
2020-05-01 09:15,6467
2020-05-01 09:20,6803
2020-05-01 09:25,7089
2020-05-01 09:30,7429
2020-05-01 09:35,7743
2020-05-01 09:40,8005
2020-05-01 09:45,8266
2020-05-01 09:50,8515
2020-05-01 09:55,8679
2020-05-01 10:00,8856
2020-05-01 10:05,9019
2020-05-01 10:10,9217
2020-05-01 10:15,9380
2020-05-01 10:20,9486
2020-05-01 10:25,9605
2020-05-01 10:30,9736
2020-05-01 10:35,9837
2020-05-01 10:40,9970
2020-05-01 10:45,10088
2020-05-01 10:50,10083
2020-05-01 10:55,10145
2020-05-01 11:00,10205
2020-05-01 11:05,10265
2020-05-01 11:10,10355
2020-05-01 11:15,10438
2020-05-01 11:20,10523
2020-05-01 11:25,10617
2020-05-01 11:30,10768
2020-05-01 11:35,10883
2020-05-01 11:40,10985
2020-05-01 11:45,11145
2020-05-01 11:50,11220
2020-05-01 11:55,11258
2020-05-01 12:00,11305
2020-05-01 12:05,11410
2020-05-01 12:10,11571
2020-05-01 12:15,11747
2020-05-01 12:20,11821
2020-05-01 12:25,11942
2020-05-01 12:30,12154
2020-05-01 12:35,12289
2020-05-01 12:40,12405
2020-05-01 12:45,12561
2020-05-01 12:50,12727
2020-05-01 12:55,12830
2020-05-01 13:00,13038
2020-05-01 13:05,13161
2020-05-01 13:10,13304
2020-05-01 13:15,13518
2020-05-01 13:20,13719
2020-05-01 13:25,13929
2020-05-01 13:30,13987
2020-05-01 13:35,14179
2020-05-01 13:40,14389
2020-05-01 13:45,14584
2020-05-01 13:50,14738
2020-05-01 13:55,14858
2020-05-01 14:00,15027
2020-05-01 14:05,15268
2020-05-01 14:10,15496
2020-05-01 14:15,15694
2020-05-01 14:20,15915
2020-05-01 14:25,16055
2020-05-01 14:30,
2020-05-01 14:35,16384
2020-05-01 14:40,16582
2020-05-01 14:45,16711
2020-05-01 14:50,16855
2020-05-01 14:55,16939
2020-05-01 15:00,17006
2020-05-01 15:05,17051
2020-05-01 15:10,17166
2020-05-01 15:15,17312
2020-05-01 15:20,17385
2020-05-01 15:25,17491
2020-05-01 15:30,17558
2020-05-01 15:35,17554
2020-05-01 15:40,17649
2020-05-01 15:45,17772
2020-05-01 15:50,17846
2020-05-01 15:55,18005
2020-05-01 16:00,18102
2020-05-01 16:05,18250
2020-05-01 16:10,18347
2020-05-01 16:15,18513
2020-05-01 16:20,18534
2020-05-01 16:25,18571
2020-05-01 16:30,18653
2020-05-01 16:35,18770
2020-05-01 16:40,18909
2020-05-01 16:45,18702
2020-05-01 16:50,17876
2020-05-01 16:55,17806
2020-05-01 17:00,17896
2020-05-01 17:05,18195
2020-05-01 17:10,18456
2020-05-01 17:15,
2020-05-01 17:20,0
2020-05-01 17:25,0
2020-05-01 17:30,19433
2020-05-01 17:35,19638
2020-05-01 17:40,19897
2020-05-01 17:45,20200
2020-05-01 17:50,20463
2020-05-01 17:55,20700
2020-05-01 18:00,20921
2020-05-01 18:05,21023
2020-05-01 18:10,21255
2020-05-01 18:15,21534
2020-05-01 18:20,21707
2020-05-01 18:25,0
2020-05-01 18:30,21975
2020-05-01 18:35,22061
2020-05-01 18:40,22178
2020-05-01 18:45,22249
2020-05-01 18:50,22507
2020-05-01 18:55,22678
2020-05-01 19:00,22720
2020-05-01 19:05,22931
2020-05-01 19:10,23102
2020-05-01 19:15,23160
2020-05-01 19:20,23387
2020-05-01 19:25,23435
2020-05-01 19:30,23534
2020-05-01 19:35,23572
2020-05-01 19:40,23692
2020-05-01 19:45,23817
2020-05-01 19:50,23906
2020-05-01 19:55,23971
2020-05-01 20:00,24034
2020-05-01 20:05,24255
2020-05-01 20:10,24375
2020-05-01 20:15,24400
2020-05-01 20:20,24485
2020-05-01 20:25,24670
2020-05-01 20:30,24714
2020-05-01 20:35,24743
2020-05-01 20:40,24748
2020-05-01 20:45,24763
2020-05-01 20:50,24834
2020-05-01 20:55,24791
2020-05-01 21:00,24909
2020-05-01 21:05,24827
2020-05-01 21:10,24713
2020-05-01 21:15,24583
2020-05-01 21:20,24502
2020-05-01 21:25,24307
2020-05-01 21:30,24339
2020-05-01 21:35,24309
2020-05-01 21:40,24290
2020-05-01 21:45,24363
2020-05-01 21:50,24378
2020-05-01 21:55,24283
2020-05-01 22:00,24130
2020-05-01 22:05,24105
2020-05-01 22:10,0
2020-05-01 22:15,23960
2020-05-01 22:20,23902
2020-05-01 22:25,23685
2020-05-01 22:30,23567
2020-05-01 22:35,0
2020-05-01 22:40,23306
2020-05-01 22:45,23147
2020-05-01 22:50,23091
2020-05-01 22:55,22948
2020-05-01 23:00,22816
2020-05-01 23:05,22661
2020-05-01 23:10,22539
2020-05-01 23:15,22407
2020-05-01 23:20,22215
2020-05-01 23:25,22023
2020-05-01 23:30,21950
2020-05-01 23:35,21858
2020-05-01 23:40,21820
2020-05-01 23:45,21797
2020-05-01 23:50,21683
2020-05-01 23:55,21614
2020-05-02 00:00,21495
2020-05-02 00:05,21430
2020-05-02 00:10,21296
2020-05-02 00:15,21100
2020-05-02 00:20,21004
2020-05-02 00:25,20910
2020-05-02 00:30,20864
2020-05-02 00:35,20832
2020-05-02 00:40,20782
2020-05-02 00:45,20730
2020-05-02 00:50,20621
2020-05-02 00:55,20623
2020-05-02 01:00,20525
2020-05-02 01:05,20625
2020-05-02 01:10,20554
2020-05-02 01:15,20588
2020-05-02 01:20,20614
2020-05-02 01:25,20523
2020-05-02 01:30,20497
2020-05-02 01:35,20467
2020-05-02 01:40,20465
2020-05-02 01:45,20535
2020-05-02 01:50,20503
2020-05-02 01:55,20555
2020-05-02 02:00,20587
2020-05-02 02:05,20623
2020-05-02 02:10,20669
2020-05-02 02:15,20700
2020-05-02 02:20,20641
2020-05-02 02:25,20638
2020-05-02 02:30,20687
2020-05-02 02:35,20730
2020-05-02 02:40,20798
2020-05-02 02:45,20894
2020-05-02 02:50,20879
2020-05-02 02:55,20805
2020-05-02 03:00,20791
2020-05-02 03:05,20808
2020-05-02 03:10,20805
2020-05-02 03:15,20669
2020-05-02 03:20,20580
2020-05-02 03:25,20485
2020-05-02 03:30,20382
2020-05-02 03:35,20425
2020-05-02 03:40,20332
2020-05-02 03:45,20269
2020-05-02 03:50,20168
2020-05-02 03:55,20049
2020-05-02 04:00,19825
2020-05-02 04:05,19687
2020-05-02 04:10,19642
2020-05-02 04:15,19437
2020-05-02 04:20,19204
2020-05-02 04:25,19070
2020-05-02 04:30,18918
2020-05-02 04:35,18739
2020-05-02 04:40,18540
2020-05-02 04:45,18377
2020-05-02 04:50,18189
2020-05-02 04:55,18012
2020-05-02 05:00,17822
2020-05-02 05:05,17636
2020-05-02 05:10,17386
2020-05-02 05:15,17121
2020-05-02 05:20,16888
2020-05-02 05:25,15958
2020-05-02 05:30,15670
2020-05-02 05:35,15430
2020-05-02 05:40,15114
2020-05-02 05:45,14964
2020-05-02 05:50,14747
2020-05-02 05:55,14500
2020-05-02 06:00,14276
2020-05-02 06:05,14135
2020-05-02 06:10,13962
2020-05-02 06:15,13775
2020-05-02 06:20,13552
2020-05-02 06:25,13415
2020-05-02 06:30,13207
2020-05-02 06:35,13074
2020-05-02 06:40,12873
2020-05-02 06:45,12693
2020-05-02 06:50,12450
2020-05-02 06:55,12260
2020-05-02 07:00,12154
2020-05-02 07:05,12005
2020-05-02 07:10,11782
2020-05-02 07:15,11566
2020-05-02 07:20,11380
2020-05-02 07:25,11167
2020-05-02 07:30,11031
2020-05-02 07:35,10867
2020-05-02 07:40,10644
2020-05-02 07:45,10459
2020-05-02 07:50,10274
2020-05-02 07:55,10136
2020-05-02 08:00,9943
2020-05-02 08:05,9917
2020-05-02 08:10,9740
2020-05-02 08:15,9605
2020-05-02 08:20,9520
2020-05-02 08:25,9455
2020-05-02 08:30,9370
2020-05-02 08:35,9275
2020-05-02 08:40,9247
2020-05-02 08:45,9226
2020-05-02 08:50,9233
2020-05-02 08:55,9233
2020-05-02 09:00,9157
2020-05-02 09:05,9180
2020-05-02 09:10,9181
2020-05-02 09:15,9148
2020-05-02 09:20,9183
2020-05-02 09:25,9177
2020-05-02 09:30,9162
2020-05-02 09:35,9181
2020-05-02 09:40,9233
2020-05-02 09:45,9270
2020-05-02 09:50,9347
2020-05-02 09:55,9345
2020-05-02 10:00,9396
2020-05-02 10:05,9407
2020-05-02 10:10,9495
2020-05-02 10:15,9528
2020-05-02 10:20,9617
2020-05-02 10:25,9678
2020-05-02 10:30,9738
2020-05-02 10:35,9817
2020-05-02 10:40,9817
2020-05-02 10:45,9931
2020-05-02 10:50,9983
2020-05-02 10:55,10071
2020-05-02 11:00,10150
2020-05-02 11:05,10248
2020-05-02 11:10,10397
2020-05-02 11:15,10540
2020-05-02 11:20,10647
2020-05-02 11:25,10738
2020-05-02 11:30,10865
2020-05-02 11:35,10939
2020-05-02 11:40,10974
2020-05-02 11:45,11061
2020-05-02 11:50,11168
2020-05-02 11:55,11212
2020-05-02 12:00,11341
2020-05-02 12:05,11435
2020-05-02 12:10,11606
2020-05-02 12:15,11752
2020-05-02 12:20,11870
2020-05-02 12:25,11963
2020-05-02 12:30,12082
2020-05-02 12:35,12179
2020-05-02 12:40,12292
2020-05-02 12:45,12399
2020-05-02 12:50,12507
2020-05-02 12:55,12714
2020-05-02 13:00,12752
2020-05-02 13:05,12846
2020-05-02 13:10,12919
2020-05-02 13:15,13095
2020-05-02 13:20,13339
2020-05-02 13:25,13506
2020-05-02 13:30,13686
2020-05-02 13:35,13872
2020-05-02 13:40,13872
2020-05-02 13:45,14313
2020-05-02 13:50,14480
2020-05-02 13:55,14571
2020-05-02 14:00,14751
2020-05-02 14:05,14908
2020-05-02 14:10,15064
2020-05-02 14:15,15064
2020-05-02 14:20,15382
2020-05-02 14:25,15506
2020-05-02 14:30,15628
2020-05-02 14:35,15873
2020-05-02 14:40,16046
2020-05-02 14:45,16187
2020-05-02 14:50,16187
2020-05-02 14:55,16349
2020-05-02 15:00,16448
2020-05-02 15:05,16448
2020-05-02 15:10,16807
2020-05-02 15:15,16952
2020-05-02 15:20,16952
2020-05-02 15:25,17358
2020-05-02 15:30,17358
2020-05-02 15:35,17460
2020-05-02 15:40,17767
2020-05-02 15:45,17767
2020-05-02 15:50,17868
2020-05-02 15:55,17905
2020-05-02 16:00,18106
2020-05-02 16:05,18106
2020-05-02 16:10,18167
2020-05-02 16:15,18229
2020-05-02 16:20,18335
2020-05-02 16:25,18390
2020-05-02 16:30,18486
2020-05-02 16:35,18517
2020-05-02 16:40,18640
2020-05-02 16:45,18742
2020-05-02 16:50,18941
2020-05-02 16:55,
2020-05-02 17:00,19109
2020-05-02 17:05,19109
2020-05-02 17:10,19260
2020-05-02 17:15,19376
2020-05-02 17:20,19546
2020-05-02 17:25,19747
2020-05-02 17:30,20043
2020-05-02 17:35,20043
2020-05-02 17:40,20329
2020-05-02 17:45,20476
2020-05-02 17:50,20625
2020-05-02 17:55,20794
2020-05-02 18:00,20920
2020-05-02 18:05,21015
2020-05-02 18:10,21135
2020-05-02 18:15,21290
2020-05-02 18:20,21495
2020-05-02 18:25,21732
2020-05-02 18:30,21970
2020-05-02 18:35,21970
2020-05-02 18:40,22186
2020-05-02 18:45,22256
2020-05-02 18:50,22413
2020-05-02 18:55,22538
2020-05-02 19:00,22843
2020-05-02 19:05,22843
2020-05-02 19:10,22874
2020-05-02 19:15,22938
2020-05-02 19:20,23036
2020-05-02 19:25,23054
2020-05-02 19:30,23135
2020-05-02 19:35,23135
2020-05-02 19:40,23323
2020-05-02 19:45,23392
2020-05-02 19:50,23485
2020-05-02 19:55,23599
2020-05-02 20:00,23678
2020-05-02 20:05,23708
2020-05-02 20:10,23783
2020-05-02 20:15,23894
2020-05-02 20:20,24024
2020-05-02 20:25,24164
2020-05-02 20:30,24223
2020-05-02 20:35,24423
2020-05-02 20:40,24521
2020-05-02 20:45,24577
2020-05-02 20:50,24732
2020-05-02 20:55,24730
2020-05-02 21:00,24864
2020-05-02 21:05,24964
2020-05-02 21:10,25120
2020-05-02 21:15,25155
2020-05-02 21:20,25200
2020-05-02 21:25,25130
2020-05-02 21:30,25080
2020-05-02 21:35,25019
2020-05-02 21:40,24919
2020-05-02 21:45,24934
2020-05-02 21:50,24900
2020-05-02 21:55,24814
2020-05-02 22:00,24664
2020-05-02 22:05,24664
2020-05-02 22:10,24622
2020-05-02 22:15,24512
2020-05-02 22:20,24315
2020-05-02 22:25,24210
2020-05-02 22:30,23770
2020-05-02 22:35,23770
2020-05-02 22:40,23624
2020-05-02 22:45,23509
2020-05-02 22:50,23294
2020-05-02 22:55,23109
2020-05-02 23:00,22936
2020-05-02 23:05,22709
2020-05-02 23:10,22535
2020-05-02 23:15,22335
2020-05-02 23:20,22180
2020-05-02 23:25,21964
2020-05-02 23:30,21842
2020-05-02 23:35,21626
2020-05-02 23:40,21687
2020-05-02 23:45,21588
2020-05-02 23:50,21486
2020-05-02 23:55,21343
2020-05-03 00:00,21289
2020-05-03 00:05,21033
2020-05-03 00:10,20995
2020-05-03 00:15,20945
2020-05-03 00:20,20763
2020-05-03 00:25,20730
2020-05-03 00:30,20593
2020-05-03 00:35,20518
2020-05-03 00:40,20411
2020-05-03 00:45,20428
2020-05-03 00:50,20362
2020-05-03 00:55,20318
2020-05-03 01:00,20251
2020-05-03 01:05,20183
2020-05-03 01:10,20186
2020-05-03 01:15,20189
2020-05-03 01:20,13333
2020-05-03 01:25,6435
2020-05-03 01:30,5338
2020-05-03 01:35,4796
2020-05-03 01:40,4573
2020-05-03 01:45,4418
2020-05-03 01:50,5089
2020-05-03 01:55,6542
2020-05-03 02:00,8900
2020-05-03 02:05,8900
2020-05-03 02:10,9814
2020-05-03 02:15,10532
2020-05-03 02:20,10928
2020-05-03 02:25,11088
2020-05-03 02:30,11325
2020-05-03 02:35,11325
2020-05-03 02:40,10798
2020-05-03 02:45,6717
2020-05-03 02:50,5369
2020-05-03 02:55,5578
2020-05-03 03:00,7728
2020-05-03 03:05,8812
2020-05-03 03:10,9426
2020-05-03 03:15,9729
2020-05-03 03:20,9840
2020-05-03 03:25,9921
2020-05-03 03:30,10172
2020-05-03 03:35,10850
2020-05-03 03:40,11265
2020-05-03 03:45,11275
2020-05-03 03:50,11306
2020-05-03 03:55,10902
2020-05-03 04:00,9950
2020-05-03 04:05,10301
2020-05-03 04:10,10804
2020-05-03 04:15,11386
2020-05-03 04:20,11797
2020-05-03 04:25,12112
2020-05-03 04:30,11662
2020-05-03 04:35,10037
2020-05-03 04:40,9169
2020-05-03 04:45,9445
2020-05-03 04:50,10058
2020-05-03 04:55,10653
2020-05-03 05:00,11162
2020-05-03 05:05,11587
2020-05-03 05:10,11956
2020-05-03 05:15,12301
2020-05-03 05:20,12527
2020-05-03 05:25,12544
2020-05-03 05:30,12511
2020-05-03 05:35,12470
2020-05-03 05:40,12292
2020-05-03 05:45,12209
2020-05-03 05:50,12004
2020-05-03 05:55,11917
2020-05-03 06:00,11803
2020-05-03 06:05,11640
2020-05-03 06:10,11586
2020-05-03 06:15,11474
2020-05-03 06:20,11371
2020-05-03 06:25,11246
2020-05-03 06:30,11156
2020-05-03 06:35,11090
2020-05-03 06:40,10931
2020-05-03 06:45,10792
2020-05-03 06:50,10684
2020-05-03 06:55,10530
2020-05-03 07:00,9491
2020-05-03 07:05,8014
2020-05-03 07:10,3065
2020-05-03 07:15,2662
2020-05-03 07:20,2436
2020-05-03 07:25,2476
2020-05-03 07:30,2535
2020-05-03 07:35,2523
2020-05-03 07:40,2521
2020-05-03 07:45,2491
2020-05-03 07:50,2426
2020-05-03 07:55,2419
2020-05-03 08:00,2563
2020-05-03 08:05,3411
2020-05-03 08:10,4072
2020-05-03 08:15,4637
2020-05-03 08:20,5100
2020-05-03 08:25,5613
2020-05-03 08:30,6047
2020-05-03 08:35,6424
2020-05-03 08:40,6724
2020-05-03 08:45,7060
2020-05-03 08:50,7367
2020-05-03 08:55,7636
2020-05-03 09:00,7982
2020-05-03 09:05,7982
2020-05-03 09:10,8195
2020-05-03 09:15,8355
2020-05-03 09:20,8479
2020-05-03 09:25,8661
2020-05-03 09:30,8824
2020-05-03 09:35,8911
2020-05-03 09:40,8971
2020-05-03 09:45,9057
2020-05-03 09:50,9120
2020-05-03 09:55,9176
2020-05-03 10:00,9248
2020-05-03 10:05,9316
2020-05-03 10:10,9433
2020-05-03 10:15,9562
2020-05-03 10:20,9667
2020-05-03 10:25,9766
2020-05-03 10:30,9855
2020-05-03 10:35,9988
2020-05-03 10:40,10055
2020-05-03 10:45,10174
2020-05-03 10:50,10268
2020-05-03 10:55,10407
2020-05-03 11:00,10531
2020-05-03 11:05,10673
2020-05-03 11:10,10711
2020-05-03 11:15,10783
2020-05-03 11:20,10896
2020-05-03 11:25,10929
2020-05-03 11:30,11041
2020-05-03 11:35,11130
2020-05-03 11:40,11242
2020-05-03 11:45,11311
2020-05-03 11:50,11402
2020-05-03 11:55,11514
2020-05-03 12:00,10249
2020-05-03 12:05,4431
2020-05-03 12:10,3587
2020-05-03 12:15,3288
2020-05-03 12:20,3084
2020-05-03 12:25,2965
2020-05-03 12:30,2951
2020-05-03 12:35,2887
2020-05-03 12:40,2834
2020-05-03 12:45,2750
2020-05-03 12:50,2785
2020-05-03 12:55,2771
2020-05-03 13:00,2738
2020-05-03 13:05,2733
2020-05-03 13:10,2718
2020-05-03 13:15,2672
2020-05-03 13:20,2741
2020-05-03 13:25,2697
2020-05-03 13:30,2690
2020-05-03 13:35,2662
2020-05-03 13:40,2737
2020-05-03 13:45,2694
2020-05-03 13:50,2747
2020-05-03 13:55,3201
2020-05-03 14:00,4885
2020-05-03 14:05,6687
2020-05-03 14:10,8314
2020-05-03 14:15,9640
2020-05-03 14:20,10844
2020-05-03 14:25,11920
2020-05-03 14:30,12928
2020-05-03 14:35,13819
2020-05-03 14:40,14558
2020-05-03 14:45,15321
2020-05-03 14:50,16004
2020-05-03 14:55,16580
2020-05-03 15:00,17056
2020-05-03 15:05,17529
2020-05-03 15:10,17927
2020-05-03 15:15,18218
2020-05-03 15:20,18618
2020-05-03 15:25,18922
2020-05-03 15:30,19187
2020-05-03 15:35,19512
2020-05-03 15:40,19714
2020-05-03 15:45,
2020-05-03 15:50,20187
2020-05-03 15:55,20334
2020-05-03 16:00,20493
2020-05-03 16:05,20638
2020-05-03 16:10,20630
2020-05-03 16:15,20741
2020-05-03 16:20,20886
2020-05-03 16:25,21044
2020-05-03 16:30,21235
2020-05-03 16:35,21289
2020-05-03 16:40,21378
2020-05-03 16:45,21436
2020-05-03 16:50,21522
2020-05-03 16:55,21545
2020-05-03 17:00,21618
2020-05-03 17:05,21676
2020-05-03 17:10,21618
2020-05-03 17:15,21645
2020-05-03 17:20,21673
2020-05-03 17:25,21789
2020-05-03 17:30,21925
2020-05-03 17:35,22097
2020-05-03 17:40,22268
2020-05-03 17:45,22446
2020-05-03 17:50,22549
2020-05-03 17:55,22664
2020-05-03 18:00,22781
2020-05-03 18:05,22928
2020-05-03 18:10,23042
2020-05-03 18:15,23157
2020-05-03 18:20,23310
2020-05-03 18:25,23593
2020-05-03 18:30,23794
2020-05-03 18:35,23936
2020-05-03 18:40,24111
2020-05-03 18:45,24211
2020-05-03 18:50,24321
2020-05-03 18:55,24422
2020-05-03 19:00,24465
2020-05-03 19:05,24574
2020-05-03 19:10,24590
2020-05-03 19:15,24651
2020-05-03 19:20,24788
2020-05-03 19:25,24883
2020-05-03 19:30,25093
2020-05-03 19:35,25135
2020-05-03 19:40,25220
2020-05-03 19:45,25280
2020-05-03 19:50,25353
2020-05-03 19:55,25527
2020-05-03 20:00,25489
2020-05-03 20:05,25467
2020-05-03 20:10,25580
2020-05-03 20:15,25586
2020-05-03 20:20,25548
2020-05-03 20:25,25439
2020-05-03 20:30,25284
2020-05-03 20:35,25237
2020-05-03 20:40,25205
2020-05-03 20:45,25190
2020-05-03 20:50,25293
2020-05-03 20:55,25329
2020-05-03 21:00,25365
2020-05-03 21:05,25308
2020-05-03 21:10,25322
2020-05-03 21:15,25301
2020-05-03 21:20,25266
2020-05-03 21:25,25169
2020-05-03 21:30,25145
2020-05-03 21:35,25036
2020-05-03 21:40,24935
2020-05-03 21:45,24754
2020-05-03 21:50,24644
2020-05-03 21:55,24524
2020-05-03 22:00,24452
2020-05-03 22:05,24190
2020-05-03 22:10,24013
2020-05-03 22:15,24000
2020-05-03 22:20,23842
2020-05-03 22:25,23697
2020-05-03 22:30,23432
2020-05-03 22:35,23403
2020-05-03 22:40,23191
2020-05-03 22:45,23050
2020-05-03 22:50,22857
2020-05-03 22:55,22709
2020-05-03 23:00,22475
2020-05-03 23:05,22345
2020-05-03 23:10,22150
2020-05-03 23:15,21891
2020-05-03 23:20,21774
2020-05-03 23:25,21632
2020-05-03 23:30,21523
2020-05-03 23:35,21390
2020-05-03 23:40,21290
2020-05-03 23:45,21323
2020-05-03 23:50,21431
2020-05-03 23:55,21443
2020-05-04 00:00,21301
2020-05-04 00:05,21183
2020-05-04 00:10,21053
2020-05-04 00:15,20884
2020-05-04 00:20,20791
2020-05-04 00:25,20732
2020-05-04 00:30,20671
2020-05-04 00:35,20616
2020-05-04 00:40,20570
2020-05-04 00:45,20549
2020-05-04 00:50,20497
2020-05-04 00:55,20496
2020-05-04 01:00,20525
2020-05-04 01:05,20581
2020-05-04 01:10,20534
2020-05-04 01:15,20473
2020-05-04 01:20,20489
2020-05-04 01:25,20520
2020-05-04 01:30,20507
2020-05-04 01:35,20485
2020-05-04 01:40,20456
2020-05-04 01:45,20385
2020-05-04 01:50,20298
2020-05-04 01:55,20304
2020-05-04 02:00,20231
2020-05-04 02:05,20239
2020-05-04 02:10,20310
2020-05-04 02:15,20260
2020-05-04 02:20,20189
2020-05-04 02:25,20238
2020-05-04 02:30,20068
2020-05-04 02:35,20114
2020-05-04 02:40,20106
2020-05-04 02:45,20105
2020-05-04 02:50,19987
2020-05-04 02:55,19829
2020-05-04 03:00,19685
2020-05-04 03:05,19469
2020-05-04 03:10,19484
2020-05-04 03:15,19421
2020-05-04 03:20,19315
2020-05-04 03:25,19195
2020-05-04 03:30,19028
2020-05-04 03:35,18821
2020-05-04 03:40,18660
2020-05-04 03:45,18554
2020-05-04 03:50,18473
2020-05-04 03:55,18336
2020-05-04 04:00,18157
2020-05-04 04:05,18027
2020-05-04 04:10,17900
2020-05-04 04:15,17729
2020-05-04 04:20,17495
2020-05-04 04:25,17357
2020-05-04 04:30,17060
2020-05-04 04:35,16797
2020-05-04 04:40,16553
2020-05-04 04:45,16360
2020-05-04 04:50,16183
2020-05-04 04:55,15931
2020-05-04 05:00,15740
2020-05-04 05:05,15550
2020-05-04 05:10,15286
2020-05-04 05:15,15016
2020-05-04 05:20,14775
2020-05-04 05:25,14534
2020-05-04 05:30,14262
2020-05-04 05:35,14008
2020-05-04 05:40,13796
2020-05-04 05:45,13620
2020-05-04 05:50,13414
2020-05-04 05:55,13175
2020-05-04 06:00,12995
2020-05-04 06:05,12719
2020-05-04 06:10,12476
2020-05-04 06:15,12263
2020-05-04 06:20,12049
2020-05-04 06:25,11846
2020-05-04 06:30,11577
2020-05-04 06:35,11386
2020-05-04 06:40,11196
2020-05-04 06:45,11041
2020-05-04 06:50,10872
2020-05-04 06:55,10660
2020-05-04 07:00,10467
2020-05-04 07:05,10280
2020-05-04 07:10,10133
2020-05-04 07:15,9927
2020-05-04 07:20,9771
2020-05-04 07:25,9656
2020-05-04 07:30,9543
2020-05-04 07:35,9346
2020-05-04 07:40,9220
2020-05-04 07:45,9058
2020-05-04 07:50,8941
2020-05-04 07:55,8789
2020-05-04 08:00,8601
2020-05-04 08:05,8549
2020-05-04 08:10,8467
2020-05-04 08:15,8415
2020-05-04 08:20,8388
2020-05-04 08:25,8292
2020-05-04 08:30,8236
2020-05-04 08:35,8143
2020-05-04 08:40,8112
2020-05-04 08:45,8117
2020-05-04 08:50,8121
2020-05-04 08:55,8087
2020-05-04 09:00,8016
2020-05-04 09:05,7977
2020-05-04 09:10,7916
2020-05-04 09:15,7884
2020-05-04 09:20,7861
2020-05-04 09:25,7873
2020-05-04 09:30,7881
2020-05-04 09:35,7917
2020-05-04 09:40,7951
2020-05-04 09:45,8084
2020-05-04 09:50,8124
2020-05-04 09:55,8192
2020-05-04 10:00,8207
2020-05-04 10:05,8265
2020-05-04 10:10,8343
2020-05-04 10:15,8361
2020-05-04 10:20,8439
2020-05-04 10:25,8463
2020-05-04 10:30,8458
2020-05-04 10:35,8491
2020-05-04 10:40,8601
2020-05-04 10:45,8636
2020-05-04 10:50,8700
2020-05-04 10:55,8733
2020-05-04 11:00,8747
2020-05-04 11:05,8803
2020-05-04 11:10,8834
2020-05-04 11:15,8905
2020-05-04 11:20,9019
2020-05-04 11:25,9069
2020-05-04 11:30,9102
2020-05-04 11:35,9170
2020-05-04 11:40,9279
2020-05-04 11:45,9361
2020-05-04 11:50,9444
2020-05-04 11:55,9505
2020-05-04 12:00,9562
2020-05-04 12:05,9662
2020-05-04 12:10,9782
2020-05-04 12:15,9877
2020-05-04 12:20,9960
2020-05-04 12:25,10029
2020-05-04 12:30,10050
2020-05-04 12:35,10125
2020-05-04 12:40,10314
2020-05-04 12:45,10402
2020-05-04 12:50,10503
2020-05-04 12:55,10574
2020-05-04 13:00,10721
2020-05-04 13:05,10845
2020-05-04 13:10,11013
2020-05-04 13:15,11108
2020-05-04 13:20,11244
2020-05-04 13:25,11384
2020-05-04 13:30,11505
2020-05-04 13:35,11693
2020-05-04 13:40,11858
2020-05-04 13:45,12020
2020-05-04 13:50,12157
2020-05-04 13:55,12343
2020-05-04 14:00,12576
2020-05-04 14:05,12694
2020-05-04 14:10,12820
2020-05-04 14:15,12895
2020-05-04 14:20,13069
2020-05-04 14:25,13226
2020-05-04 14:30,13268
2020-05-04 14:35,13410
2020-05-04 14:40,13561
2020-05-04 14:45,13745
2020-05-04 14:50,13946
2020-05-04 14:55,14050
2020-05-04 15:00,14162
2020-05-04 15:05,14231
2020-05-04 15:10,14305
2020-05-04 15:15,14522
2020-05-04 15:20,14578
2020-05-04 15:25,14704
2020-05-04 15:30,14895
2020-05-04 15:35,15094
2020-05-04 15:40,15205
2020-05-04 15:45,15377
2020-05-04 15:50,15493
2020-05-04 15:55,15653
2020-05-04 16:00,15732
2020-05-04 16:05,15890
2020-05-04 16:10,15960
2020-05-04 16:15,15953
2020-05-04 16:20,16172
2020-05-04 16:25,16314
2020-05-04 16:30,16516
2020-05-04 16:35,16680
2020-05-04 16:40,16935
2020-05-04 16:45,17061
2020-05-04 16:50,17244
2020-05-04 16:55,
2020-05-04 17:00,
2020-05-04 17:05,17523
2020-05-04 17:10,17608
2020-05-04 17:15,17785
2020-05-04 17:20,17924
2020-05-04 17:25,18128
2020-05-04 17:30,18244
2020-05-04 17:35,18445
2020-05-04 17:40,18575
2020-05-04 17:45,18757
2020-05-04 17:50,18992
2020-05-04 17:55,19124
2020-05-04 18:00,19364
2020-05-04 18:05,19500
2020-05-04 18:10,19700
2020-05-04 18:15,19932
2020-05-04 18:20,20178
2020-05-04 18:25,20337
2020-05-04 18:30,20540
2020-05-04 18:35,20843
2020-05-04 18:40,20891
2020-05-04 18:45,21180
2020-05-04 18:50,21392
2020-05-04 18:55,21514
2020-05-04 19:00,21570
2020-05-04 19:05,21720
2020-05-04 19:10,21928
2020-05-04 19:15,22074
2020-05-04 19:20,22142
2020-05-04 19:25,22291
2020-05-04 19:30,22404
2020-05-04 19:35,22319
2020-05-04 19:40,21218
2020-05-04 19:45,21101
2020-05-04 19:50,21040
2020-05-04 19:55,21239
2020-05-04 20:00,21479
2020-05-04 20:05,21626
2020-05-04 20:10,21759
2020-05-04 20:15,21971
2020-05-04 20:20,22179
2020-05-04 20:25,22368
2020-05-04 20:30,22433
2020-05-04 20:35,22472
2020-05-04 20:40,22618
2020-05-04 20:45,22819
2020-05-04 20:50,22891
2020-05-04 20:55,22883
2020-05-04 21:00,22844
2020-05-04 21:05,22846
2020-05-04 21:10,22779
2020-05-04 21:15,22741
2020-05-04 21:20,22697
2020-05-04 21:25,22632
2020-05-04 21:30,22578
2020-05-04 21:35,22482
2020-05-04 21:40,22327
2020-05-04 21:45,22373
2020-05-04 21:50,22320
2020-05-04 21:55,22247
2020-05-04 22:00,22175
2020-05-04 22:05,22024
2020-05-04 22:10,21881
2020-05-04 22:15,21760
2020-05-04 22:20,21567
2020-05-04 22:25,21404
2020-05-04 22:30,21312
2020-05-04 22:35,21220
2020-05-04 22:40,21102
2020-05-04 22:45,20981
2020-05-04 22:50,20842
2020-05-04 22:55,20629
2020-05-04 23:00,20589
2020-05-04 23:05,20488
2020-05-04 23:10,20299
2020-05-04 23:15,20201
2020-05-04 23:20,20121
2020-05-04 23:25,20158
2020-05-04 23:30,20129
2020-05-04 23:35,20034
2020-05-04 23:40,19956
2020-05-04 23:45,19862
2020-05-04 23:50,19750
2020-05-04 23:55,19704
2020-05-05 00:00,19565
2020-05-05 00:05,19441
2020-05-05 00:10,19392
2020-05-05 00:15,19409
2020-05-05 00:20,19320
2020-05-05 00:25,19318
2020-05-05 00:30,19352
2020-05-05 00:35,19326
2020-05-05 00:40,19334
2020-05-05 00:45,19330
2020-05-05 00:50,19357
2020-05-05 00:55,19341
2020-05-05 01:00,19373
2020-05-05 01:05,19389
2020-05-05 01:10,19291
2020-05-05 01:15,19390
2020-05-05 01:20,19457
2020-05-05 01:25,19523
2020-05-05 01:30,19579
2020-05-05 01:35,19575
2020-05-05 01:40,19642
2020-05-05 01:45,19694
2020-05-05 01:50,19647
2020-05-05 01:55,19645
2020-05-05 02:00,19566
2020-05-05 02:05,19594
2020-05-05 02:10,19602
2020-05-05 02:15,19612
2020-05-05 02:20,19531
2020-05-05 02:25,19540
2020-05-05 02:30,19511
2020-05-05 02:35,19527
2020-05-05 02:40,19417
2020-05-05 02:45,19407
2020-05-05 02:50,19355
2020-05-05 02:55,19329
2020-05-05 03:00,19226
2020-05-05 03:05,19067
2020-05-05 03:10,18931
2020-05-05 03:15,18790
2020-05-05 03:20,18592
2020-05-05 03:25,18442
2020-05-05 03:30,
2020-05-05 03:35,18179
2020-05-05 03:40,17982
2020-05-05 03:45,17820
2020-05-05 03:50,17771
2020-05-05 03:55,17664
2020-05-05 04:00,17531
2020-05-05 04:05,17322
2020-05-05 04:10,17112
2020-05-05 04:15,16891
2020-05-05 04:20,16782
2020-05-05 04:25,16514
2020-05-05 04:30,16250
2020-05-05 04:35,16053
2020-05-05 04:40,15821
2020-05-05 04:45,15667
2020-05-05 04:50,15404
2020-05-05 04:55,15155
2020-05-05 05:00,14968
2020-05-05 05:05,14800
2020-05-05 05:10,14548
2020-05-05 05:15,14343
2020-05-05 05:20,14099
2020-05-05 05:25,13855
2020-05-05 05:30,13611
2020-05-05 05:35,13416
2020-05-05 05:40,13201
2020-05-05 05:45,12992
2020-05-05 05:50,12733
2020-05-05 05:55,12550
2020-05-05 06:00,12260
2020-05-05 06:05,12057
2020-05-05 06:10,11717
2020-05-05 06:15,11447
2020-05-05 06:20,11201
2020-05-05 06:25,11034
2020-05-05 06:30,10885
2020-05-05 06:35,10688
2020-05-05 06:40,10406
2020-05-05 06:45,10126
2020-05-05 06:50,9893
2020-05-05 06:55,9677
2020-05-05 07:00,9511
2020-05-05 07:05,9344
2020-05-05 07:10,9119
2020-05-05 07:15,8856
2020-05-05 07:20,8613
2020-05-05 07:25,8362
2020-05-05 07:30,8081
2020-05-05 07:35,7724
2020-05-05 07:40,6239
2020-05-05 07:45,5020
2020-05-05 07:50,3836
2020-05-05 07:55,2928
2020-05-05 08:00,2377
2020-05-05 08:05,2085
2020-05-05 08:10,1710
2020-05-05 08:15,1702
2020-05-05 08:20,1673
2020-05-05 08:25,1686
2020-05-05 08:30,1769
2020-05-05 08:35,1807
2020-05-05 08:40,1872
2020-05-05 08:45,1881
2020-05-05 08:50,1904
2020-05-05 08:55,1947
2020-05-05 09:00,1951
2020-05-05 09:05,1965
2020-05-05 09:10,2013
2020-05-05 09:15,2022
2020-05-05 09:20,2031
2020-05-05 09:25,1932
2020-05-05 09:30,1821
2020-05-05 09:35,1823
2020-05-05 09:40,1798
2020-05-05 09:45,1831
2020-05-05 09:50,1836
2020-05-05 09:55,1848
2020-05-05 10:00,1823
2020-05-05 10:05,1763
2020-05-05 10:10,1790
2020-05-05 10:15,1815
2020-05-05 10:20,1801
2020-05-05 10:25,1794
2020-05-05 10:30,1808
2020-05-05 10:35,1828
2020-05-05 10:40,1859
2020-05-05 10:45,1836
2020-05-05 10:50,1841
2020-05-05 10:55,1799
2020-05-05 11:00,1852
2020-05-05 11:05,1837
2020-05-05 11:10,1852
2020-05-05 11:15,1926
2020-05-05 11:20,1891
2020-05-05 11:25,1919
2020-05-05 11:30,1908
2020-05-05 11:35,1944
2020-05-05 11:40,2002
2020-05-05 11:45,1961
2020-05-05 11:50,1947
2020-05-05 11:55,1963
2020-05-05 12:00,1970
2020-05-05 12:05,2138
2020-05-05 12:10,2060
2020-05-05 12:15,2761
2020-05-05 12:20,3923
2020-05-05 12:25,4973
2020-05-05 12:30,5789
2020-05-05 12:35,6600
2020-05-05 12:40,7144
2020-05-05 12:45,8075
2020-05-05 12:50,8864
2020-05-05 12:55,9441
2020-05-05 13:00,10033
2020-05-05 13:05,10571
2020-05-05 13:10,11014
2020-05-05 13:15,11526
2020-05-05 13:20,11914
2020-05-05 13:25,12355
2020-05-05 13:30,12732
2020-05-05 13:35,12995
2020-05-05 13:40,13335
2020-05-05 13:45,13574
2020-05-05 13:50,13839
2020-05-05 13:55,14133
2020-05-05 14:00,14306
2020-05-05 14:05,14480
2020-05-05 14:10,14674
2020-05-05 14:15,14842
2020-05-05 14:20,14945
2020-05-05 14:25,15007
2020-05-05 14:30,15140
2020-05-05 14:35,15163
2020-05-05 14:40,15214
2020-05-05 14:45,15415
2020-05-05 14:50,15531
2020-05-05 14:55,15575
2020-05-05 15:00,15630
2020-05-05 15:05,15620
2020-05-05 15:10,15666
2020-05-05 15:15,15954
2020-05-05 15:20,16086
2020-05-05 15:25,16204
2020-05-05 15:30,16313
2020-05-05 15:35,16476
2020-05-05 15:40,16592
2020-05-05 15:45,16688
2020-05-05 15:50,16658
2020-05-05 15:55,16655
2020-05-05 16:00,16403
2020-05-05 16:05,16076
2020-05-05 16:10,15878
2020-05-05 16:15,15802
2020-05-05 16:20,15843
2020-05-05 16:25,15606
2020-05-05 16:30,15594
2020-05-05 16:35,15901
2020-05-05 16:40,16242
2020-05-05 16:45,16608
2020-05-05 16:50,16805
2020-05-05 16:55,14387
2020-05-05 17:00,10903
2020-05-05 17:05,8620
2020-05-05 17:10,6821
2020-05-05 17:15,5506
2020-05-05 17:20,4849
2020-05-05 17:25,4579
2020-05-05 17:30,4447
2020-05-05 17:35,4115
2020-05-05 17:40,4119
2020-05-05 17:45,5892
2020-05-05 17:50,7818
2020-05-05 17:55,9828
2020-05-05 18:00,11529
2020-05-05 18:05,12860
2020-05-05 18:10,14188
2020-05-05 18:15,15401
2020-05-05 18:20,16291
2020-05-05 18:25,17220
2020-05-05 18:30,18060
2020-05-05 18:35,18714
2020-05-05 18:40,19351
2020-05-05 18:45,19901
2020-05-05 18:50,20364
2020-05-05 18:55,20736
2020-05-05 19:00,21134
2020-05-05 19:05,21655
2020-05-05 19:10,22015
2020-05-05 19:15,22391
2020-05-05 19:20,22595
2020-05-05 19:25,22752
2020-05-05 19:30,22841
2020-05-05 19:35,23102
2020-05-05 19:40,23231
2020-05-05 19:45,23247
2020-05-05 19:50,23305
2020-05-05 19:55,23402
2020-05-05 20:00,23523
2020-05-05 20:05,23561
2020-05-05 20:10,23592
2020-05-05 20:15,23629
2020-05-05 20:20,23540
2020-05-05 20:25,23546
2020-05-05 20:30,23496
2020-05-05 20:35,23523
2020-05-05 20:40,23600
2020-05-05 20:45,23688
2020-05-05 20:50,23730
2020-05-05 20:55,23719
2020-05-05 21:00,23656
2020-05-05 21:05,23508
2020-05-05 21:10,23541
2020-05-05 21:15,23474
2020-05-05 21:20,23481
2020-05-05 21:25,23523
2020-05-05 21:30,23469
2020-05-05 21:35,23391
2020-05-05 21:40,23271
2020-05-05 21:45,23160
2020-05-05 21:50,23145
2020-05-05 21:55,22976
2020-05-05 22:00,22761
2020-05-05 22:05,22702
2020-05-05 22:10,22593
2020-05-05 22:15,22439
2020-05-05 22:20,22250
2020-05-05 22:25,22127
2020-05-05 22:30,22043
2020-05-05 22:35,21831
2020-05-05 22:40,21641
2020-05-05 22:45,21520
2020-05-05 22:50,21459
2020-05-05 22:55,21305
2020-05-05 23:00,21150
2020-05-05 23:05,21057
2020-05-05 23:10,0
2020-05-05 23:15,1374
2020-05-05 23:20,18345
2020-05-05 23:25,19970
2020-05-05 23:30,20241
2020-05-05 23:35,20214
2020-05-05 23:40,20190
2020-05-05 23:45,20134
2020-05-05 23:50,20051
2020-05-05 23:55,19957
2020-05-06 00:00,19839
2020-05-06 00:05,19793
2020-05-06 00:10,19691
2020-05-06 00:15,19749
2020-05-06 00:20,19627
2020-05-06 00:25,19655
2020-05-06 00:30,19725
2020-05-06 00:35,19709
2020-05-06 00:40,19780
2020-05-06 00:45,19779
2020-05-06 00:50,19783
2020-05-06 00:55,19723
2020-05-06 01:00,19698
2020-05-06 01:05,19722
2020-05-06 01:10,19757
2020-05-06 01:15,19831
2020-05-06 01:20,19909
2020-05-06 01:25,19881
2020-05-06 01:30,19863
2020-05-06 01:35,19823
2020-05-06 01:40,19778
2020-05-06 01:45,19908
2020-05-06 01:50,19895
2020-05-06 01:55,19928
2020-05-06 02:00,19932
2020-05-06 02:05,19984
2020-05-06 02:10,20078
2020-05-06 02:15,20086
2020-05-06 02:20,20067
2020-05-06 02:25,19934
2020-05-06 02:30,19874
2020-05-06 02:35,19879
2020-05-06 02:40,19829
2020-05-06 02:45,19765
2020-05-06 02:50,19577
2020-05-06 02:55,19437
2020-05-06 03:00,19271
2020-05-06 03:05,19118
2020-05-06 03:10,18977
2020-05-06 03:15,18879
2020-05-06 03:20,18725
2020-05-06 03:25,18565
2020-05-06 03:30,18437
2020-05-06 03:35,18168
2020-05-06 03:40,18060
2020-05-06 03:45,17843
2020-05-06 03:50,17747
2020-05-06 03:55,17605
2020-05-06 04:00,17443
2020-05-06 04:05,17274
2020-05-06 04:10,17048
2020-05-06 04:15,16947
2020-05-06 04:20,16822
2020-05-06 04:25,16590
2020-05-06 04:30,16395
2020-05-06 04:35,16169
2020-05-06 04:40,15991
2020-05-06 04:45,15749
2020-05-06 04:50,15502
2020-05-06 04:55,15289
2020-05-06 05:00,14994
2020-05-06 05:05,14714
2020-05-06 05:10,14466
2020-05-06 05:15,14359
2020-05-06 05:20,14142
2020-05-06 05:25,13907
2020-05-06 05:30,13662
2020-05-06 05:35,13461
2020-05-06 05:40,13270
2020-05-06 05:45,13057
2020-05-06 05:50,12838
2020-05-06 05:55,12654
2020-05-06 06:00,12384
2020-05-06 06:05,12190
2020-05-06 06:10,11925
2020-05-06 06:15,11731
2020-05-06 06:20,11487
2020-05-06 06:25,11279
2020-05-06 06:30,11100
2020-05-06 06:35,10915
2020-05-06 06:40,10701
2020-05-06 06:45,10578
2020-05-06 06:50,10391
2020-05-06 06:55,10157
2020-05-06 07:00,9960
2020-05-06 07:05,9733
2020-05-06 07:10,9557
2020-05-06 07:15,9413
2020-05-06 07:20,9235
2020-05-06 07:25,9083
2020-05-06 07:30,8969
2020-05-06 07:35,8884
2020-05-06 07:40,8755
2020-05-06 07:45,8576
2020-05-06 07:50,8516
2020-05-06 07:55,8443
2020-05-06 08:00,8330
2020-05-06 08:05,8269
2020-05-06 08:10,8163
2020-05-06 08:15,8096
2020-05-06 08:20,8045
2020-05-06 08:25,7995
2020-05-06 08:30,7940
2020-05-06 08:35,7878
2020-05-06 08:40,7847
2020-05-06 08:45,7774
2020-05-06 08:50,7747
2020-05-06 08:55,7720
2020-05-06 09:00,7684
2020-05-06 09:05,7694
2020-05-06 09:10,7675
2020-05-06 09:15,7661
2020-05-06 09:20,7710
2020-05-06 09:25,7724
2020-05-06 09:30,7807
2020-05-06 09:35,7866
2020-05-06 09:40,7913
2020-05-06 09:45,7958
2020-05-06 09:50,7981
2020-05-06 09:55,8002
2020-05-06 10:00,7951
2020-05-06 10:05,8002
2020-05-06 10:10,8043
2020-05-06 10:15,8079
2020-05-06 10:20,8060
2020-05-06 10:25,8143
2020-05-06 10:30,8189
2020-05-06 10:35,8305
2020-05-06 10:40,8419
2020-05-06 10:45,8475
2020-05-06 10:50,8529
2020-05-06 10:55,8522
2020-05-06 11:00,8606
2020-05-06 11:05,8654
2020-05-06 11:10,8683
2020-05-06 11:15,8743
2020-05-06 11:20,8846
2020-05-06 11:25,8922
2020-05-06 11:30,8999
2020-05-06 11:35,9111
2020-05-06 11:40,9207
2020-05-06 11:45,9281
2020-05-06 11:50,9377
2020-05-06 11:55,9478
2020-05-06 12:00,9546
2020-05-06 12:05,9654
2020-05-06 12:10,9765
2020-05-06 12:15,9909
2020-05-06 12:20,9979
2020-05-06 12:25,10146
2020-05-06 12:30,10197
2020-05-06 12:35,10310
2020-05-06 12:40,10361
2020-05-06 12:45,10483
2020-05-06 12:50,10587
2020-05-06 12:55,10667
2020-05-06 13:00,10809
2020-05-06 13:05,10929
2020-05-06 13:10,11073
2020-05-06 13:15,11260
2020-05-06 13:20,11377
2020-05-06 13:25,11520
2020-05-06 13:30,11644
2020-05-06 13:35,11742
2020-05-06 13:40,11970
2020-05-06 13:45,12102
2020-05-06 13:50,12304
2020-05-06 13:55,12435
2020-05-06 14:00,12589
2020-05-06 14:05,12801
2020-05-06 14:10,12956
2020-05-06 14:15,13069
2020-05-06 14:20,13241
2020-05-06 14:25,13411
2020-05-06 14:30,13570
2020-05-06 14:35,13713
2020-05-06 14:40,13796
2020-05-06 14:45,13868
2020-05-06 14:50,13966
2020-05-06 14:55,14056
2020-05-06 15:00,14202
2020-05-06 15:05,14328
2020-05-06 15:10,14530
2020-05-06 15:15,14612
2020-05-06 15:20,14757
2020-05-06 15:25,14916
2020-05-06 15:30,15077
2020-05-06 15:35,15220
2020-05-06 15:40,15397
2020-05-06 15:45,15437
2020-05-06 15:50,15507
2020-05-06 15:55,15671
2020-05-06 16:00,15765
2020-05-06 16:05,15830
2020-05-06 16:10,15956
2020-05-06 16:15,16125
2020-05-06 16:20,16254
2020-05-06 16:25,16462
2020-05-06 16:30,16666
2020-05-06 16:35,16806
2020-05-06 16:40,17073
2020-05-06 16:45,17171
2020-05-06 16:50,17233
2020-05-06 16:55,17428
2020-05-06 17:00,
2020-05-06 17:05,17663
2020-05-06 17:10,17855
2020-05-06 17:15,18043
2020-05-06 17:20,18110
2020-05-06 17:25,18273
2020-05-06 17:30,18387
2020-05-06 17:35,18569
2020-05-06 17:40,18777
2020-05-06 17:45,18976
2020-05-06 17:50,19160
2020-05-06 17:55,19323
2020-05-06 18:00,19556
2020-05-06 18:05,19579
2020-05-06 18:10,19718
2020-05-06 18:15,19966
2020-05-06 18:20,20121
2020-05-06 18:25,20255
2020-05-06 18:30,20446
2020-05-06 18:35,20653
2020-05-06 18:40,20731
2020-05-06 18:45,20945
2020-05-06 18:50,21068
2020-05-06 18:55,21216
2020-05-06 19:00,21322
2020-05-06 19:05,21499
2020-05-06 19:10,21629
2020-05-06 19:15,21847
2020-05-06 19:20,22047
2020-05-06 19:25,22121
2020-05-06 19:30,22240
2020-05-06 19:35,22256
2020-05-06 19:40,22353
2020-05-06 19:45,22329
2020-05-06 19:50,22470
2020-05-06 19:55,22516
2020-05-06 20:00,22556
2020-05-06 20:05,22657
2020-05-06 20:10,22708
2020-05-06 20:15,22735
2020-05-06 20:20,22800
2020-05-06 20:25,22867
2020-05-06 20:30,23020
2020-05-06 20:35,23200
2020-05-06 20:40,23242
2020-05-06 20:45,23242
2020-05-06 20:50,23200
2020-05-06 20:55,23150
2020-05-06 21:00,23134
2020-05-06 21:05,22989
2020-05-06 21:10,22883
2020-05-06 21:15,22856
2020-05-06 21:20,22761
2020-05-06 21:25,22549
2020-05-06 21:30,20967
2020-05-06 21:35,21992
2020-05-06 21:40,22311
2020-05-06 21:45,22204
2020-05-06 21:50,22117
2020-05-06 21:55,21971
2020-05-06 22:00,21871
2020-05-06 22:05,21756
2020-05-06 22:10,21543
2020-05-06 22:15,21447
2020-05-06 22:20,21365
2020-05-06 22:25,21259
2020-05-06 22:30,21120
2020-05-06 22:35,20883
2020-05-06 22:40,20773
2020-05-06 22:45,20721
2020-05-06 22:50,20629
2020-05-06 22:55,20510
2020-05-06 23:00,20445
2020-05-06 23:05,20305
2020-05-06 23:10,20232
2020-05-06 23:15,20146
2020-05-06 23:20,20042
2020-05-06 23:25,20011
2020-05-06 23:30,19969
2020-05-06 23:35,19853
2020-05-06 23:40,19790
2020-05-06 23:45,19682
2020-05-06 23:50,19552
2020-05-06 23:55,19473
2020-05-07 00:00,19394
2020-05-07 00:05,19248
2020-05-07 00:10,19138
2020-05-07 00:15,19019
2020-05-07 00:20,18973
2020-05-07 00:25,18979
2020-05-07 00:30,19018
2020-05-07 00:35,19020
2020-05-07 00:40,19009
2020-05-07 00:45,19028
2020-05-07 00:50,19051
2020-05-07 00:55,19050
2020-05-07 01:00,19105
2020-05-07 01:05,19127
2020-05-07 01:10,19146
2020-05-07 01:15,19163
2020-05-07 01:20,19247
2020-05-07 01:25,19274
2020-05-07 01:30,19354
2020-05-07 01:35,19441
2020-05-07 01:40,19452
2020-05-07 01:45,19508
2020-05-07 01:50,19506
2020-05-07 01:55,19537
2020-05-07 02:00,19582
2020-05-07 02:05,19602
2020-05-07 02:10,19535
2020-05-07 02:15,19448
2020-05-07 02:20,19446
2020-05-07 02:25,19353
2020-05-07 02:30,19263
2020-05-07 02:35,19202
2020-05-07 02:40,19176
2020-05-07 02:45,19183
2020-05-07 02:50,19110
2020-05-07 02:55,18950
2020-05-07 03:00,18822
2020-05-07 03:05,18650
2020-05-07 03:10,18584
2020-05-07 03:15,18503
2020-05-07 03:20,18433
2020-05-07 03:25,18342
2020-05-07 03:30,18228
2020-05-07 03:35,18054
2020-05-07 03:40,17917
2020-05-07 03:45,17753
2020-05-07 03:50,17637
2020-05-07 03:55,17419
2020-05-07 04:00,17210
2020-05-07 04:05,17012
2020-05-07 04:10,16885
2020-05-07 04:15,16652
2020-05-07 04:20,16464
2020-05-07 04:25,16295
2020-05-07 04:30,16127
2020-05-07 04:35,0
2020-05-07 04:40,15687
2020-05-07 04:45,15498
2020-05-07 04:50,15347
2020-05-07 04:55,15090
2020-05-07 05:00,14957
2020-05-07 05:05,14693
2020-05-07 05:10,14471
2020-05-07 05:15,14190
2020-05-07 05:20,13948
2020-05-07 05:25,13771
2020-05-07 05:30,13481
2020-05-07 05:35,13246
2020-05-07 05:40,13115
2020-05-07 05:45,12901
2020-05-07 05:50,12704
2020-05-07 05:55,12474
2020-05-07 06:00,12278
2020-05-07 06:05,12041
2020-05-07 06:10,11809
2020-05-07 06:15,11554
2020-05-07 06:20,11316
2020-05-07 06:25,11116
2020-05-07 06:30,10847
2020-05-07 06:35,10673
2020-05-07 06:40,10501
2020-05-07 06:45,10417
2020-05-07 06:50,10274
2020-05-07 06:55,10122
2020-05-07 07:00,9897
2020-05-07 07:05,9747
2020-05-07 07:10,9594
2020-05-07 07:15,9512
2020-05-07 07:20,9390
2020-05-07 07:25,9232
2020-05-07 07:30,9076
2020-05-07 07:35,8904
2020-05-07 07:40,8830
2020-05-07 07:45,8667
2020-05-07 07:50,8578
2020-05-07 07:55,8547
2020-05-07 08:00,8420
2020-05-07 08:05,8312
2020-05-07 08:10,8257
2020-05-07 08:15,8166
2020-05-07 08:20,8114
2020-05-07 08:25,8022
2020-05-07 08:30,7945
2020-05-07 08:35,7878
2020-05-07 08:40,7801
2020-05-07 08:45,7787
2020-05-07 08:50,7794
2020-05-07 08:55,7745
2020-05-07 09:00,7733
2020-05-07 09:05,7740
2020-05-07 09:10,7774
2020-05-07 09:15,7789
2020-05-07 09:20,7746
2020-05-07 09:25,7744
2020-05-07 09:30,7763
2020-05-07 09:35,7799
2020-05-07 09:40,7823
2020-05-07 09:45,7840
2020-05-07 09:50,7828
2020-05-07 09:55,7861
2020-05-07 10:00,7877
2020-05-07 10:05,7854
2020-05-07 10:10,7840
2020-05-07 10:15,7918
2020-05-07 10:20,7952
2020-05-07 10:25,8023
2020-05-07 10:30,8066
2020-05-07 10:35,8098
2020-05-07 10:40,8166
2020-05-07 10:45,8201
2020-05-07 10:50,8290
2020-05-07 10:55,8299
2020-05-07 11:00,8379
2020-05-07 11:05,8434
2020-05-07 11:10,8505
2020-05-07 11:15,8661
2020-05-07 11:20,8671
2020-05-07 11:25,8766
2020-05-07 11:30,8827
2020-05-07 11:35,8965
2020-05-07 11:40,9032
2020-05-07 11:45,9098
2020-05-07 11:50,9070
2020-05-07 11:55,9125
2020-05-07 12:00,9198
2020-05-07 12:05,9331
2020-05-07 12:10,9454
2020-05-07 12:15,9593
2020-05-07 12:20,9753
2020-05-07 12:25,9843
2020-05-07 12:30,9942
2020-05-07 12:35,10030
2020-05-07 12:40,10167
2020-05-07 12:45,10341
2020-05-07 12:50,10441
2020-05-07 12:55,10567
2020-05-07 13:00,10738
2020-05-07 13:05,10925
2020-05-07 13:10,11069
2020-05-07 13:15,11202
2020-05-07 13:20,11346
2020-05-07 13:25,11483
2020-05-07 13:30,11599
2020-05-07 13:35,11793
2020-05-07 13:40,11955
2020-05-07 13:45,12042
2020-05-07 13:50,12211
2020-05-07 13:55,12293
2020-05-07 14:00,12380
2020-05-07 14:05,12577
2020-05-07 14:10,12667
2020-05-07 14:15,12741
2020-05-07 14:20,12926
2020-05-07 14:25,13090
2020-05-07 14:30,13207
2020-05-07 14:35,13396
2020-05-07 14:40,13509
2020-05-07 14:45,13588
2020-05-07 14:50,13633
2020-05-07 14:55,13747
2020-05-07 15:00,13772
2020-05-07 15:05,13831
2020-05-07 15:10,13965
2020-05-07 15:15,14127
2020-05-07 15:20,14322
2020-05-07 15:25,14486
2020-05-07 15:30,14597
2020-05-07 15:35,14720
2020-05-07 15:40,14959
2020-05-07 15:45,15143
2020-05-07 15:50,15209
2020-05-07 15:55,15345
2020-05-07 16:00,15500
2020-05-07 16:05,15610
2020-05-07 16:10,15731
2020-05-07 16:15,15913
2020-05-07 16:20,16085
2020-05-07 16:25,16265
2020-05-07 16:30,16521
2020-05-07 16:35,16612
2020-05-07 16:40,16630
2020-05-07 16:45,16778
2020-05-07 16:50,16869
2020-05-07 16:55,16997
2020-05-07 17:00,17169
2020-05-07 17:05,17330
2020-05-07 17:10,17430
2020-05-07 17:15,17573
2020-05-07 17:20,17693
2020-05-07 17:25,17717
2020-05-07 17:30,17848
2020-05-07 17:35,18045
2020-05-07 17:40,18198
2020-05-07 17:45,18375
2020-05-07 17:50,18463
2020-05-07 17:55,18630
2020-05-07 18:00,18754
2020-05-07 18:05,18924
2020-05-07 18:10,19072
2020-05-07 18:15,19288
2020-05-07 18:20,19425
2020-05-07 18:25,19632
2020-05-07 18:30,19723
2020-05-07 18:35,19964
2020-05-07 18:40,20124
2020-05-07 18:45,20277
2020-05-07 18:50,20479
2020-05-07 18:55,20670
2020-05-07 19:00,20751
2020-05-07 19:05,20894
2020-05-07 19:10,21069
2020-05-07 19:15,21263
2020-05-07 19:20,21506
2020-05-07 19:25,21703
2020-05-07 19:30,21802
2020-05-07 19:35,21976
2020-05-07 19:40,22123
2020-05-07 19:45,22275
2020-05-07 19:50,22359
2020-05-07 19:55,22384
2020-05-07 20:00,22378
2020-05-07 20:05,22360
2020-05-07 20:10,22399
2020-05-07 20:15,22499
2020-05-07 20:20,22553
2020-05-07 20:25,22572
2020-05-07 20:30,22635
2020-05-07 20:35,22811
2020-05-07 20:40,22914
2020-05-07 20:45,22966
2020-05-07 20:50,23016
2020-05-07 20:55,23007
2020-05-07 21:00,22893
2020-05-07 21:05,22721
2020-05-07 21:10,22786
2020-05-07 21:15,22693
2020-05-07 21:20,22624
2020-05-07 21:25,22660
2020-05-07 21:30,22683
2020-05-07 21:35,22549
2020-05-07 21:40,22435
2020-05-07 21:45,22247
2020-05-07 21:50,22116
2020-05-07 21:55,22018
2020-05-07 22:00,21895
2020-05-07 22:05,21661
2020-05-07 22:10,21530
2020-05-07 22:15,21467
2020-05-07 22:20,21266
2020-05-07 22:25,21125
2020-05-07 22:30,21052
2020-05-07 22:35,20916
2020-05-07 22:40,20761
2020-05-07 22:45,20643
2020-05-07 22:50,20564
2020-05-07 22:55,20455
2020-05-07 23:00,20365
2020-05-07 23:05,20243
2020-05-07 23:10,20148
2020-05-07 23:15,20116
2020-05-07 23:20,20059
2020-05-07 23:25,20090
2020-05-07 23:30,20036
2020-05-07 23:35,19971
2020-05-07 23:40,19960
2020-05-07 23:45,19973
2020-05-07 23:50,19854
2020-05-07 23:55,19718
2020-05-08 00:00,19701
2020-05-08 00:05,19549
2020-05-08 00:10,19482
2020-05-08 00:15,19387
2020-05-08 00:20,19367
2020-05-08 00:25,19347
2020-05-08 00:30,19381
2020-05-08 00:35,19266
2020-05-08 00:40,19253
2020-05-08 00:45,19205
2020-05-08 00:50,19225
2020-05-08 00:55,19225
2020-05-08 01:00,19157
2020-05-08 01:05,19145
2020-05-08 01:10,19114
2020-05-08 01:15,19132
2020-05-08 01:20,19141
2020-05-08 01:25,19224
2020-05-08 01:30,19304
2020-05-08 01:35,19374
2020-05-08 01:40,19381
2020-05-08 01:45,19434
2020-05-08 01:50,19333
2020-05-08 01:55,19235
2020-05-08 02:00,19277
2020-05-08 02:05,19369
2020-05-08 02:10,19303
2020-05-08 02:15,19319
2020-05-08 02:20,19327
2020-05-08 02:25,19261
2020-05-08 02:30,19237
2020-05-08 02:35,19226
2020-05-08 02:40,19193
2020-05-08 02:45,19251
2020-05-08 02:50,19230
2020-05-08 02:55,19155
2020-05-08 03:00,19014
2020-05-08 03:05,18846
2020-05-08 03:10,18742
2020-05-08 03:15,18664
2020-05-08 03:20,18595
2020-05-08 03:25,18565
2020-05-08 03:30,18485
2020-05-08 03:35,18288
2020-05-08 03:40,18118
2020-05-08 03:45,18050
2020-05-08 03:50,17900
2020-05-08 03:55,17719
2020-05-08 04:00,17523
2020-05-08 04:05,17358
2020-05-08 04:10,17074
2020-05-08 04:15,16869
2020-05-08 04:20,16666
2020-05-08 04:25,16464
2020-05-08 04:30,16319
2020-05-08 04:35,16212
2020-05-08 04:40,15929
2020-05-08 04:45,15781
2020-05-08 04:50,15490
2020-05-08 04:55,15265
2020-05-08 05:00,15009
2020-05-08 05:05,14741
2020-05-08 05:10,14557
2020-05-08 05:15,14297
2020-05-08 05:20,14029
2020-05-08 05:25,13841
2020-05-08 05:30,13601
2020-05-08 05:35,13353
2020-05-08 05:40,13174
2020-05-08 05:45,12921
2020-05-08 05:50,12671
2020-05-08 05:55,12460
2020-05-08 06:00,12207
2020-05-08 06:05,11950
2020-05-08 06:10,11649
2020-05-08 06:15,11446
2020-05-08 06:20,11221
2020-05-08 06:25,11084
2020-05-08 06:30,10849
2020-05-08 06:35,10624
2020-05-08 06:40,10501
2020-05-08 06:45,10289
2020-05-08 06:50,10078
2020-05-08 06:55,9944
2020-05-08 07:00,9748
2020-05-08 07:05,9547
2020-05-08 07:10,9409
2020-05-08 07:15,9239
2020-05-08 07:20,9143
2020-05-08 07:25,8987
2020-05-08 07:30,8875
2020-05-08 07:35,8685
2020-05-08 07:40,8543
2020-05-08 07:45,8512
2020-05-08 07:50,8464
2020-05-08 07:55,8288
2020-05-08 08:00,8204
2020-05-08 08:05,8151
2020-05-08 08:10,8142
2020-05-08 08:15,8087
2020-05-08 08:20,8014
2020-05-08 08:25,7914
2020-05-08 08:30,7850
2020-05-08 08:35,7794
2020-05-08 08:40,7712
2020-05-08 08:45,7619
2020-05-08 08:50,7568
2020-05-08 08:55,7556
2020-05-08 09:00,7553
2020-05-08 09:05,7510
2020-05-08 09:10,7581
2020-05-08 09:15,7655
2020-05-08 09:20,6822
2020-05-08 09:25,6829
2020-05-08 09:30,6919
2020-05-08 09:35,7026
2020-05-08 09:40,7110
2020-05-08 09:45,7244
2020-05-08 09:50,7331
2020-05-08 09:55,7425
2020-05-08 10:00,7537
2020-05-08 10:05,7688
2020-05-08 10:10,7806
2020-05-08 10:15,7956
2020-05-08 10:20,8049
2020-05-08 10:25,8182
2020-05-08 10:30,8271
2020-05-08 10:35,8372
2020-05-08 10:40,8395
2020-05-08 10:45,8460
2020-05-08 10:50,8508
2020-05-08 10:55,8627
2020-05-08 11:00,8679
2020-05-08 11:05,8746
2020-05-08 11:10,8861
2020-05-08 11:15,8969
2020-05-08 11:20,9083
2020-05-08 11:25,9180
2020-05-08 11:30,9317
2020-05-08 11:35,9435
2020-05-08 11:40,9589
2020-05-08 11:45,
2020-05-08 11:50,9678
2020-05-08 11:55,9801
2020-05-08 12:00,9906
2020-05-08 12:05,10005
2020-05-08 12:10,10136
2020-05-08 12:15,10243
2020-05-08 12:20,10331
2020-05-08 12:25,10458
2020-05-08 12:30,10509
2020-05-08 12:35,10588
2020-05-08 12:40,10728
2020-05-08 12:45,10828
2020-05-08 12:50,10927
2020-05-08 12:55,11048
2020-05-08 13:00,11118
2020-05-08 13:05,11229
2020-05-08 13:10,11395
2020-05-08 13:15,11546
2020-05-08 13:20,11694
2020-05-08 13:25,11889
2020-05-08 13:30,12083
2020-05-08 13:35,12241
2020-05-08 13:40,12449
2020-05-08 13:45,12558
2020-05-08 13:50,12716
2020-05-08 13:55,12841
2020-05-08 14:00,12985
2020-05-08 14:05,13136
2020-05-08 14:10,13263
2020-05-08 14:15,13374
2020-05-08 14:20,13496
2020-05-08 14:25,13683
2020-05-08 14:30,13842
2020-05-08 14:35,13920
2020-05-08 14:40,14083
2020-05-08 14:45,14290
2020-05-08 14:50,14429
2020-05-08 14:55,14520
2020-05-08 15:00,14659
2020-05-08 15:05,14784
2020-05-08 15:10,14951
2020-05-08 15:15,15029
2020-05-08 15:20,15179
2020-05-08 15:25,15367
2020-05-08 15:30,15397
2020-05-08 15:35,15555
2020-05-08 15:40,15663
2020-05-08 15:45,15736
2020-05-08 15:50,15891
2020-05-08 15:55,15960
2020-05-08 16:00,16030
2020-05-08 16:05,16144
2020-05-08 16:10,16328
2020-05-08 16:15,16418
2020-05-08 16:20,16518
2020-05-08 16:25,16581
2020-05-08 16:30,16595
2020-05-08 16:35,16719
2020-05-08 16:40,16886
2020-05-08 16:45,16876
2020-05-08 16:50,16883
2020-05-08 16:55,17028
2020-05-08 17:00,17132
2020-05-08 17:05,17339
2020-05-08 17:10,17432
2020-05-08 17:15,17626
2020-05-08 17:20,17717
2020-05-08 17:25,17943
2020-05-08 17:30,18154
2020-05-08 17:35,18302
2020-05-08 17:40,18452
2020-05-08 17:45,18653
2020-05-08 17:50,18927
2020-05-08 17:55,19121
2020-05-08 18:00,19295
2020-05-08 18:05,19428
2020-05-08 18:10,19549
2020-05-08 18:15,19772
2020-05-08 18:20,18694
2020-05-08 18:25,18317
2020-05-08 18:30,18502
2020-05-08 18:35,18825
2020-05-08 18:40,19131
2020-05-08 18:45,19328
2020-05-08 18:50,19573
2020-05-08 18:55,19832
2020-05-08 19:00,20193
2020-05-08 19:05,20392
2020-05-08 19:10,20567
2020-05-08 19:15,20811
2020-05-08 19:20,21003
2020-05-08 19:25,21200
2020-05-08 19:30,21389
2020-05-08 19:35,21463
2020-05-08 19:40,21640
2020-05-08 19:45,21768
2020-05-08 19:50,21954
2020-05-08 19:55,21999
2020-05-08 20:00,22094
2020-05-08 20:05,22200
2020-05-08 20:10,22314
2020-05-08 20:15,22496
2020-05-08 20:20,22651
2020-05-08 20:25,22802
2020-05-08 20:30,22884
2020-05-08 20:35,22974
2020-05-08 20:40,23129
2020-05-08 20:45,23061
2020-05-08 20:50,23053
2020-05-08 20:55,22033
2020-05-08 21:00,23074
2020-05-08 21:05,23344
2020-05-08 21:10,23327
2020-05-08 21:15,23348
2020-05-08 21:20,23446
2020-05-08 21:25,23527
2020-05-08 21:30,23444
2020-05-08 21:35,23508
2020-05-08 21:40,23503
2020-05-08 21:45,23430
2020-05-08 21:50,23291
2020-05-08 21:55,23269
2020-05-08 22:00,23232
2020-05-08 22:05,23134
2020-05-08 22:10,23011
2020-05-08 22:15,22957
2020-05-08 22:20,22921
2020-05-08 22:25,22765
2020-05-08 22:30,22654
2020-05-08 22:35,22524
2020-05-08 22:40,22336
2020-05-08 22:45,22287
2020-05-08 22:50,22207
2020-05-08 22:55,22026
2020-05-08 23:00,21839
2020-05-08 23:05,21817
2020-05-08 23:10,21714
2020-05-08 23:15,21587
2020-05-08 23:20,21355
2020-05-08 23:25,21264
2020-05-08 23:30,21226
2020-05-08 23:35,21147
2020-05-08 23:40,21058
2020-05-08 23:45,20930
2020-05-08 23:50,20734
2020-05-08 23:55,20624
2020-05-09 00:00,20500
2020-05-09 00:05,20352
2020-05-09 00:10,20312
2020-05-09 00:15,20152
2020-05-09 00:20,19999
2020-05-09 00:25,19985
2020-05-09 00:30,19996
2020-05-09 00:35,20035
2020-05-09 00:40,20049
2020-05-09 00:45,20072
2020-05-09 00:50,20031
2020-05-09 00:55,19930
2020-05-09 01:00,19925
2020-05-09 01:05,19974
2020-05-09 01:10,19999
2020-05-09 01:15,19905
2020-05-09 01:20,19861
2020-05-09 01:25,19935
2020-05-09 01:30,19954
2020-05-09 01:35,19969
2020-05-09 01:40,19904
2020-05-09 01:45,19984
2020-05-09 01:50,20010
2020-05-09 01:55,19970
2020-05-09 02:00,20005
2020-05-09 02:05,20094
2020-05-09 02:10,20135
2020-05-09 02:15,20219
2020-05-09 02:20,20239
2020-05-09 02:25,20279
2020-05-09 02:30,20322
2020-05-09 02:35,20289
2020-05-09 02:40,20277
2020-05-09 02:45,20320
2020-05-09 02:50,20298
2020-05-09 02:55,20160
2020-05-09 03:00,20168
2020-05-09 03:05,20126
2020-05-09 03:10,20090
2020-05-09 03:15,20102
2020-05-09 03:20,20055
2020-05-09 03:25,19956
2020-05-09 03:30,19934
2020-05-09 03:35,19832
2020-05-09 03:40,19766
2020-05-09 03:45,19699
2020-05-09 03:50,19604
2020-05-09 03:55,19455
2020-05-09 04:00,19354
2020-05-09 04:05,19252
2020-05-09 04:10,19091
2020-05-09 04:15,18982
2020-05-09 04:20,18788
2020-05-09 04:25,18604
2020-05-09 04:30,18423
2020-05-09 04:35,18292
2020-05-09 04:40,18146
2020-05-09 04:45,17923
2020-05-09 04:50,17741
2020-05-09 04:55,17542
2020-05-09 05:00,17229
2020-05-09 05:05,16956
2020-05-09 05:10,16708
2020-05-09 05:15,16493
2020-05-09 05:20,16295
2020-05-09 05:25,16075
2020-05-09 05:30,15824
2020-05-09 05:35,15617
2020-05-09 05:40,15389
2020-05-09 05:45,15153
2020-05-09 05:50,14940
2020-05-09 05:55,14724
2020-05-09 06:00,14491
2020-05-09 06:05,14196
2020-05-09 06:10,13931
2020-05-09 06:15,13709
2020-05-09 06:20,13467
2020-05-09 06:25,13222
2020-05-09 06:30,12984
2020-05-09 06:35,12844
2020-05-09 06:40,12641
2020-05-09 06:45,12449
2020-05-09 06:50,12217
2020-05-09 06:55,12009
2020-05-09 07:00,11776
2020-05-09 07:05,11535
2020-05-09 07:10,11291
2020-05-09 07:15,11157
2020-05-09 07:20,10990
2020-05-09 07:25,10829
2020-05-09 07:30,10670
2020-05-09 07:35,10520
2020-05-09 07:40,10337
2020-05-09 07:45,10157
2020-05-09 07:50,9988
2020-05-09 07:55,9825
2020-05-09 08:00,9610
2020-05-09 08:05,9446
2020-05-09 08:10,9332
2020-05-09 08:15,9209
2020-05-09 08:20,9104
2020-05-09 08:25,9035
2020-05-09 08:30,8997
2020-05-09 08:35,8980
2020-05-09 08:40,8925
2020-05-09 08:45,8859
2020-05-09 08:50,8799
2020-05-09 08:55,8754
2020-05-09 09:00,8702
2020-05-09 09:05,8689
2020-05-09 09:10,8678
2020-05-09 09:15,8601
2020-05-09 09:20,8551
2020-05-09 09:25,8605
2020-05-09 09:30,8605
2020-05-09 09:35,8656
2020-05-09 09:40,8679
2020-05-09 09:45,8679
2020-05-09 09:50,8778
2020-05-09 09:55,8788
2020-05-09 10:00,8827
2020-05-09 10:05,8813
2020-05-09 10:10,8830
2020-05-09 10:15,8950
2020-05-09 10:20,9022
2020-05-09 10:25,9076
2020-05-09 10:30,9141
2020-05-09 10:35,9159
2020-05-09 10:40,9242
2020-05-09 10:45,9251
2020-05-09 10:50,9264
2020-05-09 10:55,9285
2020-05-09 11:00,9360
2020-05-09 11:05,9427
2020-05-09 11:10,9532
2020-05-09 11:15,9573
2020-05-09 11:20,9627
2020-05-09 11:25,9654
2020-05-09 11:30,9715
2020-05-09 11:35,9792
2020-05-09 11:40,9892
2020-05-09 11:45,10000
2020-05-09 11:50,10100
2020-05-09 11:55,10245
2020-05-09 12:00,10305
2020-05-09 12:05,10422
2020-05-09 12:10,10534
2020-05-09 12:15,10632
2020-05-09 12:20,10779
2020-05-09 12:25,10902
2020-05-09 12:30,11001
2020-05-09 12:35,11054
2020-05-09 12:40,11214
2020-05-09 12:45,11357
2020-05-09 12:50,11467
2020-05-09 12:55,11560
2020-05-09 13:00,11688
2020-05-09 13:05,11881
2020-05-09 13:10,12006
2020-05-09 13:15,12208
2020-05-09 13:20,12447
2020-05-09 13:25,12655
2020-05-09 13:30,12816
2020-05-09 13:35,13018
2020-05-09 13:40,13163
2020-05-09 13:45,13274
2020-05-09 13:50,13473
2020-05-09 13:55,13610
2020-05-09 14:00,13703
2020-05-09 14:05,13829
2020-05-09 14:10,14050
2020-05-09 14:15,14197
2020-05-09 14:20,14320
2020-05-09 14:25,14481
2020-05-09 14:30,14655
2020-05-09 14:35,14810
2020-05-09 14:40,14954
2020-05-09 14:45,15115
2020-05-09 14:50,15200
2020-05-09 14:55,15372
2020-05-09 15:00,15446
2020-05-09 15:05,15583
2020-05-09 15:10,15775
2020-05-09 15:15,15940
2020-05-09 15:20,16075
2020-05-09 15:25,16224
2020-05-09 15:30,16282
2020-05-09 15:35,16391
2020-05-09 15:40,16502
2020-05-09 15:45,16539
2020-05-09 15:50,16739
2020-05-09 15:55,16784
2020-05-09 16:00,16894
2020-05-09 16:05,16959
2020-05-09 16:10,17014
2020-05-09 16:15,17117
2020-05-09 16:20,17234
2020-05-09 16:25,17335
2020-05-09 16:30,17419
2020-05-09 16:35,17579
2020-05-09 16:40,17670
2020-05-09 16:45,17790
2020-05-09 16:50,17818
2020-05-09 16:55,18030
2020-05-09 17:00,18136
2020-05-09 17:05,18365
2020-05-09 17:10,18469
2020-05-09 17:15,18579
2020-05-09 17:20,18697
2020-05-09 17:25,18814
2020-05-09 17:30,18939
2020-05-09 17:35,19073
2020-05-09 17:40,19216
2020-05-09 17:45,19354
2020-05-09 17:50,19468
2020-05-09 17:55,19722
2020-05-09 18:00,19846
2020-05-09 18:05,20027
2020-05-09 18:10,20223
2020-05-09 18:15,20398
2020-05-09 18:20,20473
2020-05-09 18:25,20562
2020-05-09 18:30,20845
2020-05-09 18:35,20956
2020-05-09 18:40,21061
2020-05-09 18:45,21251
2020-05-09 18:50,21473
2020-05-09 18:55,21575
2020-05-09 19:00,21691
2020-05-09 19:05,21826
2020-05-09 19:10,21994
2020-05-09 19:15,22247
2020-05-09 19:20,22394
2020-05-09 19:25,22493
2020-05-09 19:30,22575
2020-05-09 19:35,22663
2020-05-09 19:40,22713
2020-05-09 19:45,22895
2020-05-09 19:50,23015
2020-05-09 19:55,23130
2020-05-09 20:00,23269
2020-05-09 20:05,23358
2020-05-09 20:10,23480
2020-05-09 20:15,23646
2020-05-09 20:20,23712
2020-05-09 20:25,23840
2020-05-09 20:30,23972
2020-05-09 20:35,24104
2020-05-09 20:40,24159
2020-05-09 20:45,24244
2020-05-09 20:50,24274
2020-05-09 20:55,24299
2020-05-09 21:00,24286
2020-05-09 21:05,24331
2020-05-09 21:10,24321
2020-05-09 21:15,24375
2020-05-09 21:20,24461
2020-05-09 21:25,24506
2020-05-09 21:30,24434
2020-05-09 21:35,24361
2020-05-09 21:40,24285
2020-05-09 21:45,24278
2020-05-09 21:50,24168
2020-05-09 21:55,24128
2020-05-09 22:00,23981
2020-05-09 22:05,23800
2020-05-09 22:10,23696
2020-05-09 22:15,23526
2020-05-09 22:20,23370
2020-05-09 22:25,23259
2020-05-09 22:30,23153
2020-05-09 22:35,22939
2020-05-09 22:40,22902
2020-05-09 22:45,22731
2020-05-09 22:50,22593
2020-05-09 22:55,22363
2020-05-09 23:00,22198
2020-05-09 23:05,22114
2020-05-09 23:10,21898
2020-05-09 23:15,21854
2020-05-09 23:20,21742
2020-05-09 23:25,21672
2020-05-09 23:30,21395
2020-05-09 23:35,21227
2020-05-09 23:40,21063
2020-05-09 23:45,20959
2020-05-09 23:50,20720
2020-05-09 23:55,20579
2020-05-10 00:00,20444
2020-05-10 00:05,20251
2020-05-10 00:10,20141
2020-05-10 00:15,20057
2020-05-10 00:20,20022
2020-05-10 00:25,19910
2020-05-10 00:30,19869
2020-05-10 00:35,19848
2020-05-10 00:40,19724
2020-05-10 00:45,19725
2020-05-10 00:50,19638
2020-05-10 00:55,19690
2020-05-10 01:00,19677
2020-05-10 01:05,19602
2020-05-10 01:10,19531
2020-05-10 01:15,19597
2020-05-10 01:20,19586
2020-05-10 01:25,19588
2020-05-10 01:30,19645
2020-05-10 01:35,19574
2020-05-10 01:40,19549
2020-05-10 01:45,19607
2020-05-10 01:50,19613
2020-05-10 01:55,19593
2020-05-10 02:00,19645
2020-05-10 02:05,19695
2020-05-10 02:10,19707
2020-05-10 02:15,19748
2020-05-10 02:20,19696
2020-05-10 02:25,19645
2020-05-10 02:30,19637
2020-05-10 02:35,19698
2020-05-10 02:40,19711
2020-05-10 02:45,19673
2020-05-10 02:50,19666
2020-05-10 02:55,19629
2020-05-10 03:00,19639
2020-05-10 03:05,19645
2020-05-10 03:10,19600
2020-05-10 03:15,19608
2020-05-10 03:20,19618
2020-05-10 03:25,19624
2020-05-10 03:30,19571
2020-05-10 03:35,19450
2020-05-10 03:40,19368
2020-05-10 03:45,19194
2020-05-10 03:50,19109
2020-05-10 03:55,19041
2020-05-10 04:00,18937
2020-05-10 04:05,18822
2020-05-10 04:10,18752
2020-05-10 04:15,18642
2020-05-10 04:20,18551
2020-05-10 04:25,18434
2020-05-10 04:30,18271
2020-05-10 04:35,18102
2020-05-10 04:40,17935
2020-05-10 04:45,17792
2020-05-10 04:50,17524
2020-05-10 04:55,17345
2020-05-10 05:00,17096
2020-05-10 05:05,16924
2020-05-10 05:10,16695
2020-05-10 05:15,16543
2020-05-10 05:20,16321
2020-05-10 05:25,16209
2020-05-10 05:30,15981
2020-05-10 05:35,15715
2020-05-10 05:40,15580
2020-05-10 05:45,15338
2020-05-10 05:50,15164
2020-05-10 05:55,14902
2020-05-10 06:00,14693
2020-05-10 06:05,14474
2020-05-10 06:10,14236
2020-05-10 06:15,14058
2020-05-10 06:20,13789
2020-05-10 06:25,13576
2020-05-10 06:30,13350
2020-05-10 06:35,13134
2020-05-10 06:40,12941
2020-05-10 06:45,12698
2020-05-10 06:50,12402
2020-05-10 06:55,12211
2020-05-10 07:00,12033
2020-05-10 07:05,11808
2020-05-10 07:10,11626
2020-05-10 07:15,11416
2020-05-10 07:20,11268
2020-05-10 07:25,11104
2020-05-10 07:30,10958
2020-05-10 07:35,10778
2020-05-10 07:40,10640
2020-05-10 07:45,10454
2020-05-10 07:50,10252
2020-05-10 07:55,10133
2020-05-10 08:00,10022
2020-05-10 08:05,9811
2020-05-10 08:10,9636
2020-05-10 08:15,9493
2020-05-10 08:20,9355
2020-05-10 08:25,9286
2020-05-10 08:30,9176
2020-05-10 08:35,9099
2020-05-10 08:40,9126
2020-05-10 08:45,9050
2020-05-10 08:50,8988
2020-05-10 08:55,8919
2020-05-10 09:00,8942
2020-05-10 09:05,8953
2020-05-10 09:10,8964
2020-05-10 09:15,8988
2020-05-10 09:20,8982
2020-05-10 09:25,9000
2020-05-10 09:30,9089
2020-05-10 09:35,9128
2020-05-10 09:40,9153
2020-05-10 09:45,9171
2020-05-10 09:50,9223
2020-05-10 09:55,9255
2020-05-10 10:00,9271
2020-05-10 10:05,9347
2020-05-10 10:10,9400
2020-05-10 10:15,9516
2020-05-10 10:20,9566
2020-05-10 10:25,9621
2020-05-10 10:30,9695
2020-05-10 10:35,9728
2020-05-10 10:40,9807
2020-05-10 10:45,9863
2020-05-10 10:50,9926
2020-05-10 10:55,9905
2020-05-10 11:00,10059
2020-05-10 11:05,10170
2020-05-10 11:10,10223
2020-05-10 11:15,10309
2020-05-10 11:20,10362
2020-05-10 11:25,10406
2020-05-10 11:30,10585
2020-05-10 11:35,10681
2020-05-10 11:40,10803
2020-05-10 11:45,10995
2020-05-10 11:50,11172
2020-05-10 11:55,11328
2020-05-10 12:00,11347
2020-05-10 12:05,11430
2020-05-10 12:10,11511
2020-05-10 12:15,11711
2020-05-10 12:20,11804
2020-05-10 12:25,11958
2020-05-10 12:30,12114
2020-05-10 12:35,12264
2020-05-10 12:40,12332
2020-05-10 12:45,12441
2020-05-10 12:50,12606
2020-05-10 12:55,12711
2020-05-10 13:00,12836
2020-05-10 13:05,13010
2020-05-10 13:10,13226
2020-05-10 13:15,13460
2020-05-10 13:20,13655
2020-05-10 13:25,13762
2020-05-10 13:30,13875
2020-05-10 13:35,14110
2020-05-10 13:40,14282
2020-05-10 13:45,14509
2020-05-10 13:50,14679
2020-05-10 13:55,14791
2020-05-10 14:00,14958
2020-05-10 14:05,15114
2020-05-10 14:10,15307
2020-05-10 14:15,15499
2020-05-10 14:20,15653
2020-05-10 14:25,15808
2020-05-10 14:30,15932
2020-05-10 14:35,16160
2020-05-10 14:40,16318
2020-05-10 14:45,16431
2020-05-10 14:50,16504
2020-05-10 14:55,16652
2020-05-10 15:00,16791
2020-05-10 15:05,16901
2020-05-10 15:10,17023
2020-05-10 15:15,17089
2020-05-10 15:20,17141
2020-05-10 15:25,17201
2020-05-10 15:30,17260
2020-05-10 15:35,17375
2020-05-10 15:40,17546
2020-05-10 15:45,17650
2020-05-10 15:50,17848
2020-05-10 15:55,17979
2020-05-10 16:00,18038
2020-05-10 16:05,18124
2020-05-10 16:10,18198
2020-05-10 16:15,18194
2020-05-10 16:20,18265
2020-05-10 16:25,18305
2020-05-10 16:30,18406
2020-05-10 16:35,18451
2020-05-10 16:40,18484
2020-05-10 16:45,18537
2020-05-10 16:50,18593
2020-05-10 16:55,18703
2020-05-10 17:00,18736
2020-05-10 17:05,18859
2020-05-10 17:10,18900
2020-05-10 17:15,19046
2020-05-10 17:20,19152
2020-05-10 17:25,19320
2020-05-10 17:30,19395
2020-05-10 17:35,19609
2020-05-10 17:40,19738
2020-05-10 17:45,19812
2020-05-10 17:50,19969
2020-05-10 17:55,20127
2020-05-10 18:00,20258
2020-05-10 18:05,20396
2020-05-10 18:10,20627
2020-05-10 18:15,20829
2020-05-10 18:20,20992
2020-05-10 18:25,21138
2020-05-10 18:30,21292
2020-05-10 18:35,21490
2020-05-10 18:40,21675
2020-05-10 18:45,21926
2020-05-10 18:50,22076
2020-05-10 18:55,22200
2020-05-10 19:00,22307
2020-05-10 19:05,22403
2020-05-10 19:10,22525
2020-05-10 19:15,22622
2020-05-10 19:20,22727
2020-05-10 19:25,22874
2020-05-10 19:30,22945
2020-05-10 19:35,23063
2020-05-10 19:40,23139
2020-05-10 19:45,23245
2020-05-10 19:50,23313
2020-05-10 19:55,23394
2020-05-10 20:00,23497
2020-05-10 20:05,23479
2020-05-10 20:10,23541
2020-05-10 20:15,23553
2020-05-10 20:20,23497
2020-05-10 20:25,23521
2020-05-10 20:30,23551
2020-05-10 20:35,23460
2020-05-10 20:40,23541
2020-05-10 20:45,23604
2020-05-10 20:50,23588
2020-05-10 20:55,23513
2020-05-10 21:00,23488
2020-05-10 21:05,23450
2020-05-10 21:10,23342
2020-05-10 21:15,23236
2020-05-10 21:20,23061
2020-05-10 21:25,22984
2020-05-10 21:30,22854
2020-05-10 21:35,22728
2020-05-10 21:40,22674
2020-05-10 21:45,22595
2020-05-10 21:50,22430
2020-05-10 21:55,22247
2020-05-10 22:00,22067
2020-05-10 22:05,21814
2020-05-10 22:10,21693
2020-05-10 22:15,21518
2020-05-10 22:20,21357
2020-05-10 22:25,21280
2020-05-10 22:30,21230
2020-05-10 22:35,21020
2020-05-10 22:40,20871
2020-05-10 22:45,20723
2020-05-10 22:50,20590
2020-05-10 22:55,20432
2020-05-10 23:00,20307
2020-05-10 23:05,20101
2020-05-10 23:10,19974
2020-05-10 23:15,19835
2020-05-10 23:20,19780
2020-05-10 23:25,19736
2020-05-10 23:30,19627
2020-05-10 23:35,19479
2020-05-10 23:40,19445
2020-05-10 23:45,19369
2020-05-10 23:50,19275
2020-05-10 23:55,19241
2020-05-11 00:00,19199
2020-05-11 00:05,19148
2020-05-11 00:10,19017
2020-05-11 00:15,18999
2020-05-11 00:20,18914
2020-05-11 00:25,18820
2020-05-11 00:30,18773
2020-05-11 00:35,18761
2020-05-11 00:40,18817
2020-05-11 00:45,18723
2020-05-11 00:50,18722
2020-05-11 00:55,18772
2020-05-11 01:00,18627
2020-05-11 01:05,18609
2020-05-11 01:10,18628
2020-05-11 01:15,18644
2020-05-11 01:20,18743
2020-05-11 01:25,18770
2020-05-11 01:30,18800
2020-05-11 01:35,18726
2020-05-11 01:40,18704
2020-05-11 01:45,18631
2020-05-11 01:50,18637
2020-05-11 01:55,18666
2020-05-11 02:00,18657
2020-05-11 02:05,18709
2020-05-11 02:10,18675
2020-05-11 02:15,18746
2020-05-11 02:20,18722
2020-05-11 02:25,18741
2020-05-11 02:30,18731
2020-05-11 02:35,18662
2020-05-11 02:40,18633
2020-05-11 02:45,18488
2020-05-11 02:50,18435
2020-05-11 02:55,18315
2020-05-11 03:00,18261
2020-05-11 03:05,18184
2020-05-11 03:10,18161
2020-05-11 03:15,18017
2020-05-11 03:20,17859
2020-05-11 03:25,17859
2020-05-11 03:30,17781
2020-05-11 03:35,17669
2020-05-11 03:40,17519
2020-05-11 03:45,17376
2020-05-11 03:50,17181
2020-05-11 03:55,17056
2020-05-11 04:00,16904
2020-05-11 04:05,16741
2020-05-11 04:10,16579
2020-05-11 04:15,16376
2020-05-11 04:20,16219
2020-05-11 04:25,16057
2020-05-11 04:30,15923
2020-05-11 04:35,15762
2020-05-11 04:40,15653
2020-05-11 04:45,15338
2020-05-11 04:50,15095
2020-05-11 04:55,14952
2020-05-11 05:00,14691
2020-05-11 05:05,14394
2020-05-11 05:10,14228
2020-05-11 05:15,14021
2020-05-11 05:20,13791
2020-05-11 05:25,13554
2020-05-11 05:30,13349
2020-05-11 05:35,13130
2020-05-11 05:40,12893
2020-05-11 05:45,12674
2020-05-11 05:50,12500
2020-05-11 05:55,12308
2020-05-11 06:00,12069
2020-05-11 06:05,11816
2020-05-11 06:10,11643
2020-05-11 06:15,11413
2020-05-11 06:20,11258
2020-05-11 06:25,11040
2020-05-11 06:30,10844
2020-05-11 06:35,10610
2020-05-11 06:40,10515
2020-05-11 06:45,10335
2020-05-11 06:50,10198
2020-05-11 06:55,10064
2020-05-11 07:00,9911
2020-05-11 07:05,9704
2020-05-11 07:10,9534
2020-05-11 07:15,9406
2020-05-11 07:20,9243
2020-05-11 07:25,9109
2020-05-11 07:30,8987
2020-05-11 07:35,8896
2020-05-11 07:40,8758
2020-05-11 07:45,8644
2020-05-11 07:50,8515
2020-05-11 07:55,8446
2020-05-11 08:00,8318
2020-05-11 08:05,8200
2020-05-11 08:10,8109
2020-05-11 08:15,8068
2020-05-11 08:20,7990
2020-05-11 08:25,7933
2020-05-11 08:30,7883
2020-05-11 08:35,7867
2020-05-11 08:40,7867
2020-05-11 08:45,7842
2020-05-11 08:50,7844
2020-05-11 08:55,7838
2020-05-11 09:00,7775
2020-05-11 09:05,7720
2020-05-11 09:10,7714
2020-05-11 09:15,7689
2020-05-11 09:20,7668
2020-05-11 09:25,7667
2020-05-11 09:30,7721
2020-05-11 09:35,7750
2020-05-11 09:40,7782
2020-05-11 09:45,7866
2020-05-11 09:50,7834
2020-05-11 09:55,7875
2020-05-11 10:00,7865
2020-05-11 10:05,7902
2020-05-11 10:10,7962
2020-05-11 10:15,7982
2020-05-11 10:20,8053
2020-05-11 10:25,8092
2020-05-11 10:30,8159
2020-05-11 10:35,8193
2020-05-11 10:40,8251
2020-05-11 10:45,8309
2020-05-11 10:50,8374
2020-05-11 10:55,8465
2020-05-11 11:00,8491
2020-05-11 11:05,8503
2020-05-11 11:10,8567
2020-05-11 11:15,8692
2020-05-11 11:20,8730
2020-05-11 11:25,8792
2020-05-11 11:30,8899
2020-05-11 11:35,8993
2020-05-11 11:40,9043
2020-05-11 11:45,9065
2020-05-11 11:50,9131
2020-05-11 11:55,9225
2020-05-11 12:00,9268
2020-05-11 12:05,9371
2020-05-11 12:10,9392
2020-05-11 12:15,9508
2020-05-11 12:20,9590
2020-05-11 12:25,9684
2020-05-11 12:30,9894
2020-05-11 12:35,10011
2020-05-11 12:40,10120
2020-05-11 12:45,10259
2020-05-11 12:50,10376
2020-05-11 12:55,10496
2020-05-11 13:00,10590
2020-05-11 13:05,10703
2020-05-11 13:10,10862
2020-05-11 13:15,10958
2020-05-11 13:20,11079
2020-05-11 13:25,11242
2020-05-11 13:30,11387
2020-05-11 13:35,11590
2020-05-11 13:40,11696
2020-05-11 13:45,11900
2020-05-11 13:50,12006
2020-05-11 13:55,12162
2020-05-11 14:00,12406
2020-05-11 14:05,12511
2020-05-11 14:10,12582
2020-05-11 14:15,12735
2020-05-11 14:20,12840
2020-05-11 14:25,13019
2020-05-11 14:30,13100
2020-05-11 14:35,13215
2020-05-11 14:40,13347
2020-05-11 14:45,13508
2020-05-11 14:50,13595
2020-05-11 14:55,13710
2020-05-11 15:00,13831
2020-05-11 15:05,13959
2020-05-11 15:10,14122
2020-05-11 15:15,14229
2020-05-11 15:20,14401
2020-05-11 15:25,14516
2020-05-11 15:30,14577
2020-05-11 15:35,14693
2020-05-11 15:40,14788
2020-05-11 15:45,14853
2020-05-11 15:50,15013
2020-05-11 15:55,15232
2020-05-11 16:00,15279
2020-05-11 16:05,15443
2020-05-11 16:10,15657
2020-05-11 16:15,15823
2020-05-11 16:20,15976
2020-05-11 16:25,16081
2020-05-11 16:30,16232
2020-05-11 16:35,16409
2020-05-11 16:40,16528
2020-05-11 16:45,16633
2020-05-11 16:50,16787
2020-05-11 16:55,16986
2020-05-11 17:00,17117
2020-05-11 17:05,17315
2020-05-11 17:10,17431
2020-05-11 17:15,17622
2020-05-11 17:20,17787
2020-05-11 17:25,17956
2020-05-11 17:30,18146
2020-05-11 17:35,18328
2020-05-11 17:40,18516
2020-05-11 17:45,18775
2020-05-11 17:50,18959
2020-05-11 17:55,19101
2020-05-11 18:00,19285
2020-05-11 18:05,19460
2020-05-11 18:10,19657
2020-05-11 18:15,19806
2020-05-11 18:20,20012
2020-05-11 18:25,20202
2020-05-11 18:30,20396
2020-05-11 18:35,20496
2020-05-11 18:40,20674
2020-05-11 18:45,20779
2020-05-11 18:50,20949
2020-05-11 18:55,21018
2020-05-11 19:00,21133
2020-05-11 19:05,21293
2020-05-11 19:10,21433
2020-05-11 19:15,21640
2020-05-11 19:20,21795
2020-05-11 19:25,21917
2020-05-11 19:30,21956
2020-05-11 19:35,22041
2020-05-11 19:40,22139
2020-05-11 19:45,22264
2020-05-11 19:50,22320
2020-05-11 19:55,22355
2020-05-11 20:00,22334
2020-05-11 20:05,22352
2020-05-11 20:10,22312
2020-05-11 20:15,22440
2020-05-11 20:20,22467
2020-05-11 20:25,22481
2020-05-11 20:30,22498
2020-05-11 20:35,22518
2020-05-11 20:40,22562
2020-05-11 20:45,22578
2020-05-11 20:50,22574
2020-05-11 20:55,22596
2020-05-11 21:00,22509
2020-05-11 21:05,22526
2020-05-11 21:10,22475
2020-05-11 21:15,22444
2020-05-11 21:20,22462
2020-05-11 21:25,22404
2020-05-11 21:30,22392
2020-05-11 21:35,22272
2020-05-11 21:40,22213
2020-05-11 21:45,22142
2020-05-11 21:50,21996
2020-05-11 21:55,21875
2020-05-11 22:00,21694
2020-05-11 22:05,21494
2020-05-11 22:10,21267
2020-05-11 22:15,21067
2020-05-11 22:20,20861
2020-05-11 22:25,20819
2020-05-11 22:30,20786
2020-05-11 22:35,20692
2020-05-11 22:40,20537
2020-05-11 22:45,20431
2020-05-11 22:50,20305
2020-05-11 22:55,20215
2020-05-11 23:00,20089
2020-05-11 23:05,20112
2020-05-11 23:10,20065
2020-05-11 23:15,19931
2020-05-11 23:20,19837
2020-05-11 23:25,19727
2020-05-11 23:30,19772
2020-05-11 23:35,19704
2020-05-11 23:40,19690
2020-05-11 23:45,19649
2020-05-11 23:50,19664
2020-05-11 23:55,19572
2020-05-12 00:00,19507
2020-05-12 00:05,19473
2020-05-12 00:10,19481
2020-05-12 00:15,19529
2020-05-12 00:20,19500
2020-05-12 00:25,19415
2020-05-12 00:30,19421
2020-05-12 00:35,19482
2020-05-12 00:40,19521
2020-05-12 00:45,19488
2020-05-12 00:50,19461
2020-05-12 00:55,19504
2020-05-12 01:00,19519
2020-05-12 01:05,19605
2020-05-12 01:10,19609
2020-05-12 01:15,19614
2020-05-12 01:20,19636
2020-05-12 01:25,19640
2020-05-12 01:30,19622
2020-05-12 01:35,19622
2020-05-12 01:40,19659
2020-05-12 01:45,19715
2020-05-12 01:50,19772
2020-05-12 01:55,19767
2020-05-12 02:00,19688
2020-05-12 02:05,19579
2020-05-12 02:10,19612
2020-05-12 02:15,19622
2020-05-12 02:20,19593
2020-05-12 02:25,19523
2020-05-12 02:30,19464
2020-05-12 02:35,19455
2020-05-12 02:40,19459
2020-05-12 02:45,19347
2020-05-12 02:50,19213
2020-05-12 02:55,19034
2020-05-12 03:00,18947
2020-05-12 03:05,18862
2020-05-12 03:10,18801
2020-05-12 03:15,18737
2020-05-12 03:20,18515
2020-05-12 03:25,18387
2020-05-12 03:30,18264
2020-05-12 03:35,18196
2020-05-12 03:40,18067
2020-05-12 03:45,17857
2020-05-12 03:50,17683
2020-05-12 03:55,17533
2020-05-12 04:00,17339
2020-05-12 04:05,17087
2020-05-12 04:10,16984
2020-05-12 04:15,16800
2020-05-12 04:20,16633
2020-05-12 04:25,16414
2020-05-12 04:30,16247
2020-05-12 04:35,15993
2020-05-12 04:40,15762
2020-05-12 04:45,15624
2020-05-12 04:50,15398
2020-05-12 04:55,15165
2020-05-12 05:00,14913
2020-05-12 05:05,14636
2020-05-12 05:10,14435
2020-05-12 05:15,14118
2020-05-12 05:20,13866
2020-05-12 05:25,13606
2020-05-12 05:30,13342
2020-05-12 05:35,13138
2020-05-12 05:40,12925
2020-05-12 05:45,12668
2020-05-12 05:50,12397
2020-05-12 05:55,12191
2020-05-12 06:00,12022
2020-05-12 06:05,11779
2020-05-12 06:10,11523
2020-05-12 06:15,11329
2020-05-12 06:20,11139
2020-05-12 06:25,10975
2020-05-12 06:30,10823
2020-05-12 06:35,10637
2020-05-12 06:40,10472
2020-05-12 06:45,10308
2020-05-12 06:50,10090
2020-05-12 06:55,9910
2020-05-12 07:00,9733
2020-05-12 07:05,9594
2020-05-12 07:10,9440
2020-05-12 07:15,9309
2020-05-12 07:20,9123
2020-05-12 07:25,8967
2020-05-12 07:30,8804
2020-05-12 07:35,8695
2020-05-12 07:40,8586
2020-05-12 07:45,8523
2020-05-12 07:50,8412
2020-05-12 07:55,8354
2020-05-12 08:00,8279
2020-05-12 08:05,8232
2020-05-12 08:10,8145
2020-05-12 08:15,8032
2020-05-12 08:20,7963
2020-05-12 08:25,7926
2020-05-12 08:30,7833
2020-05-12 08:35,7802
2020-05-12 08:40,7770
2020-05-12 08:45,7680
2020-05-12 08:50,7599
2020-05-12 08:55,7523
2020-05-12 09:00,7506
2020-05-12 09:05,7535
2020-05-12 09:10,7542
2020-05-12 09:15,7533
2020-05-12 09:20,7558
2020-05-12 09:25,7573
2020-05-12 09:30,7603
2020-05-12 09:35,7598
2020-05-12 09:40,7644
2020-05-12 09:45,7641
2020-05-12 09:50,7735
2020-05-12 09:55,7722
2020-05-12 10:00,7726
2020-05-12 10:05,7790
2020-05-12 10:10,7835
2020-05-12 10:15,7873
2020-05-12 10:20,7908
2020-05-12 10:25,7933
2020-05-12 10:30,7973
2020-05-12 10:35,7970
2020-05-12 10:40,8036
2020-05-12 10:45,8105
2020-05-12 10:50,8128
2020-05-12 10:55,8225
2020-05-12 11:00,8262
2020-05-12 11:05,8299
2020-05-12 11:10,8401
2020-05-12 11:15,8457
2020-05-12 11:20,8491
2020-05-12 11:25,8597
2020-05-12 11:30,8644
2020-05-12 11:35,8713
2020-05-12 11:40,8883
2020-05-12 11:45,8994
2020-05-12 11:50,9036
2020-05-12 11:55,9100
2020-05-12 12:00,9084
2020-05-12 12:05,9188
2020-05-12 12:10,9282
2020-05-12 12:15,
2020-05-12 12:20,9614
2020-05-12 12:25,9702
2020-05-12 12:30,9811
2020-05-12 12:35,9944
2020-05-12 12:40,10051
2020-05-12 12:45,10174
2020-05-12 12:50,10301
2020-05-12 12:55,10358
2020-05-12 13:00,10479
2020-05-12 13:05,10648
2020-05-12 13:10,10829
2020-05-12 13:15,10916
2020-05-12 13:20,11049
2020-05-12 13:25,11153
2020-05-12 13:30,11364
2020-05-12 13:35,11555
2020-05-12 13:40,11755
2020-05-12 13:45,11892
2020-05-12 13:50,12082
2020-05-12 13:55,12296
2020-05-12 14:00,12488
2020-05-12 14:05,12617
2020-05-12 14:10,12684
2020-05-12 14:15,12768
2020-05-12 14:20,12905
2020-05-12 14:25,13029
2020-05-12 14:30,13166
2020-05-12 14:35,13321
2020-05-12 14:40,13434
2020-05-12 14:45,13621
2020-05-12 14:50,13770
2020-05-12 14:55,13881
2020-05-12 15:00,13977
2020-05-12 15:05,14049
2020-05-12 15:10,14234
2020-05-12 15:15,14387
2020-05-12 15:20,14483
2020-05-12 15:25,14696
2020-05-12 15:30,14739
2020-05-12 15:35,14845
2020-05-12 15:40,15001
2020-05-12 15:45,15102
2020-05-12 15:50,15215
2020-05-12 15:55,15357
2020-05-12 16:00,15489
2020-05-12 16:05,15556
2020-05-12 16:10,15735
2020-05-12 16:15,15906
2020-05-12 16:20,16087
2020-05-12 16:25,16201
2020-05-12 16:30,16298
2020-05-12 16:35,16469
2020-05-12 16:40,16614
2020-05-12 16:45,16784
2020-05-12 16:50,16823
2020-05-12 16:55,16959
2020-05-12 17:00,17139
2020-05-12 17:05,17376
2020-05-12 17:10,17440
2020-05-12 17:15,17626
2020-05-12 17:20,17802
2020-05-12 17:25,17989
2020-05-12 17:30,18163
2020-05-12 17:35,18315
2020-05-12 17:40,18582
2020-05-12 17:45,18698
2020-05-12 17:50,18929
2020-05-12 17:55,19071
2020-05-12 18:00,19217
2020-05-12 18:05,19373
2020-05-12 18:10,19519
2020-05-12 18:15,19628
2020-05-12 18:20,19766
2020-05-12 18:25,19961
2020-05-12 18:30,20124
2020-05-12 18:35,20242
2020-05-12 18:40,20405
2020-05-12 18:45,20535
2020-05-12 18:50,20615
2020-05-12 18:55,20717
2020-05-12 19:00,20938
2020-05-12 19:05,21102
2020-05-12 19:10,21168
2020-05-12 19:15,21217
2020-05-12 19:20,21399
2020-05-12 19:25,21503
2020-05-12 19:30,21659
2020-05-12 19:35,21791
2020-05-12 19:40,21864
2020-05-12 19:45,21935
2020-05-12 19:50,21998
2020-05-12 19:55,21997
2020-05-12 20:00,22076
2020-05-12 20:05,22066
2020-05-12 20:10,22192
2020-05-12 20:15,22118
2020-05-12 20:20,22178
2020-05-12 20:25,22302
2020-05-12 20:30,22353
2020-05-12 20:35,22286
2020-05-12 20:40,22294
2020-05-12 20:45,22294
2020-05-12 20:50,22357
2020-05-12 20:55,22379
2020-05-12 21:00,22350
2020-05-12 21:05,22259
2020-05-12 21:10,22290
2020-05-12 21:15,22257
2020-05-12 21:20,22184
2020-05-12 21:25,21999
2020-05-12 21:30,21994
2020-05-12 21:35,22023
2020-05-12 21:40,21921
2020-05-12 21:45,21821
2020-05-12 21:50,21694
2020-05-12 21:55,21616
2020-05-12 22:00,21431
2020-05-12 22:05,21194
2020-05-12 22:10,21071
2020-05-12 22:15,20964
2020-05-12 22:20,20841
2020-05-12 22:25,20644
2020-05-12 22:30,20537
2020-05-12 22:35,20311
2020-05-12 22:40,20152
2020-05-12 22:45,20033
2020-05-12 22:50,19899
2020-05-12 22:55,19851
2020-05-12 23:00,19747
2020-05-12 23:05,19706
2020-05-12 23:10,0
2020-05-12 23:15,1280
2020-05-12 23:20,16447
2020-05-12 23:25,18667
2020-05-12 23:30,19028
2020-05-12 23:35,19044
2020-05-12 23:40,19108
2020-05-12 23:45,19126
2020-05-12 23:50,19012
2020-05-12 23:55,18848
2020-05-13 00:00,18870
2020-05-13 00:05,18781
2020-05-13 00:10,18713
2020-05-13 00:15,18662
2020-05-13 00:20,18681
2020-05-13 00:25,18644
2020-05-13 00:30,18620
2020-05-13 00:35,18719
2020-05-13 00:40,18702
2020-05-13 00:45,18749
2020-05-13 00:50,18863
2020-05-13 00:55,18843
2020-05-13 01:00,18820
2020-05-13 01:05,18831
2020-05-13 01:10,18893
2020-05-13 01:15,18982
2020-05-13 01:20,19078
2020-05-13 01:25,19061
2020-05-13 01:30,19073
2020-05-13 01:35,18983
2020-05-13 01:40,18951
2020-05-13 01:45,19036
2020-05-13 01:50,19021
2020-05-13 01:55,18981
2020-05-13 02:00,18856
2020-05-13 02:05,18787
2020-05-13 02:10,18722
2020-05-13 02:15,18736
2020-05-13 02:20,18815
2020-05-13 02:25,18404
2020-05-13 02:30,14140
2020-05-13 02:35,10501
2020-05-13 02:40,5623
2020-05-13 02:45,4452
2020-05-13 02:50,4434
2020-05-13 02:55,4379
2020-05-13 03:00,6037
2020-05-13 03:05,7356
2020-05-13 03:10,8329
2020-05-13 03:15,9232
2020-05-13 03:20,10031
2020-05-13 03:25,10736
2020-05-13 03:30,11264
2020-05-13 03:35,11777
2020-05-13 03:40,12271
2020-05-13 03:45,12688
2020-05-13 03:50,13128
2020-05-13 03:55,13439
2020-05-13 04:00,13724
2020-05-13 04:05,13913
2020-05-13 04:10,14056
2020-05-13 04:15,14218
2020-05-13 04:20,14399
2020-05-13 04:25,14516
2020-05-13 04:30,14568
2020-05-13 04:35,14621
2020-05-13 04:40,14614
2020-05-13 04:45,14557
2020-05-13 04:50,14541
2020-05-13 04:55,14467
2020-05-13 05:00,14312
2020-05-13 05:05,14304
2020-05-13 05:10,14090
2020-05-13 05:15,13964
2020-05-13 05:20,13817
2020-05-13 05:25,13590
2020-05-13 05:30,13381
2020-05-13 05:35,13208
2020-05-13 05:40,12972
2020-05-13 05:45,12793
2020-05-13 05:50,12584
2020-05-13 05:55,12279
2020-05-13 06:00,12029
2020-05-13 06:05,11796
2020-05-13 06:10,11550
2020-05-13 06:15,11398
2020-05-13 06:20,11151
2020-05-13 06:25,10888
2020-05-13 06:30,10755
2020-05-13 06:35,10522
2020-05-13 06:40,10330
2020-05-13 06:45,10148
2020-05-13 06:50,9896
2020-05-13 06:55,9718
2020-05-13 07:00,9549
2020-05-13 07:05,9366
2020-05-13 07:10,9229
2020-05-13 07:15,9084
2020-05-13 07:20,8985
2020-05-13 07:25,8905
2020-05-13 07:30,8729
2020-05-13 07:35,8560
2020-05-13 07:40,8509
2020-05-13 07:45,8382
2020-05-13 07:50,8320
2020-05-13 07:55,8219
2020-05-13 08:00,8122
2020-05-13 08:05,8010
2020-05-13 08:10,7942
2020-05-13 08:15,7840
2020-05-13 08:20,7762
2020-05-13 08:25,7642
2020-05-13 08:30,7605
2020-05-13 08:35,7599
2020-05-13 08:40,7618
2020-05-13 08:45,7571
2020-05-13 08:50,7524
2020-05-13 08:55,7499
2020-05-13 09:00,7440
2020-05-13 09:05,7455
2020-05-13 09:10,7489
2020-05-13 09:15,7495
2020-05-13 09:20,7484
2020-05-13 09:25,7496
2020-05-13 09:30,7526
2020-05-13 09:35,7583
2020-05-13 09:40,7574
2020-05-13 09:45,7572
2020-05-13 09:50,7591
2020-05-13 09:55,7611
2020-05-13 10:00,7619
2020-05-13 10:05,7613
2020-05-13 10:10,7602
2020-05-13 10:15,7640
2020-05-13 10:20,7698
2020-05-13 10:25,7729
2020-05-13 10:30,7795
2020-05-13 10:35,7832
2020-05-13 10:40,7860
2020-05-13 10:45,7951
2020-05-13 10:50,7959
2020-05-13 10:55,8009
2020-05-13 11:00,8026
2020-05-13 11:05,8123
2020-05-13 11:10,8241
2020-05-13 11:15,8333
2020-05-13 11:20,8389
2020-05-13 11:25,8467
2020-05-13 11:30,8587
2020-05-13 11:35,8700
2020-05-13 11:40,8705
2020-05-13 11:45,8796
2020-05-13 11:50,8927
2020-05-13 11:55,8944
2020-05-13 12:00,8980
2020-05-13 12:05,9006
2020-05-13 12:10,9159
2020-05-13 12:15,9237
2020-05-13 12:20,9335
2020-05-13 12:25,9412
2020-05-13 12:30,9568
2020-05-13 12:35,9628
2020-05-13 12:40,9728
2020-05-13 12:45,9817
2020-05-13 12:50,9872
2020-05-13 12:55,10096
2020-05-13 13:00,10171
2020-05-13 13:05,10330
2020-05-13 13:10,10453
2020-05-13 13:15,10571
2020-05-13 13:20,10710
2020-05-13 13:25,10880
2020-05-13 13:30,10956
2020-05-13 13:35,11103
2020-05-13 13:40,11291
2020-05-13 13:45,11412
2020-05-13 13:50,11555
2020-05-13 13:55,11678
2020-05-13 14:00,11899
2020-05-13 14:05,12080
2020-05-13 14:10,12211
2020-05-13 14:15,12360
2020-05-13 14:20,12460
2020-05-13 14:25,12612
2020-05-13 14:30,12796
2020-05-13 14:35,12909
2020-05-13 14:40,12968
2020-05-13 14:45,13081
2020-05-13 14:50,13233
2020-05-13 14:55,13363
2020-05-13 15:00,13510
2020-05-13 15:05,13599
2020-05-13 15:10,13705
2020-05-13 15:15,13862
2020-05-13 15:20,14010
2020-05-13 15:25,14143
2020-05-13 15:30,14307
2020-05-13 15:35,14375
2020-05-13 15:40,14498
2020-05-13 15:45,14680
2020-05-13 15:50,14721
2020-05-13 15:55,14871
2020-05-13 16:00,14987
2020-05-13 16:05,15136
2020-05-13 16:10,15240
2020-05-13 16:15,15386
2020-05-13 16:20,15553
2020-05-13 16:25,15677
2020-05-13 16:30,15870
2020-05-13 16:35,15965
2020-05-13 16:40,16130
2020-05-13 16:45,16266
2020-05-13 16:50,16467
2020-05-13 16:55,16646
2020-05-13 17:00,16764
2020-05-13 17:05,16922
2020-05-13 17:10,17073
2020-05-13 17:15,17209
2020-05-13 17:20,17351
2020-05-13 17:25,17528
2020-05-13 17:30,17654
2020-05-13 17:35,17833
2020-05-13 17:40,18047
2020-05-13 17:45,18213
2020-05-13 17:50,18367
2020-05-13 17:55,18442
2020-05-13 18:00,18570
2020-05-13 18:05,18734
2020-05-13 18:10,18947
2020-05-13 18:15,19067
2020-05-13 18:20,19318
2020-05-13 18:25,19463
2020-05-13 18:30,19604
2020-05-13 18:35,19781
2020-05-13 18:40,20002
2020-05-13 18:45,20194
2020-05-13 18:50,20279
2020-05-13 18:55,20395
2020-05-13 19:00,20546
2020-05-13 19:05,20754
2020-05-13 19:10,20875
2020-05-13 19:15,20991
2020-05-13 19:20,21148
2020-05-13 19:25,21257
2020-05-13 19:30,21244
2020-05-13 19:35,21271
2020-05-13 19:40,21306
2020-05-13 19:45,21372
2020-05-13 19:50,21411
2020-05-13 19:55,21460
2020-05-13 20:00,21598
2020-05-13 20:05,21628
2020-05-13 20:10,21769
2020-05-13 20:15,21795
2020-05-13 20:20,21781
2020-05-13 20:25,21746
2020-05-13 20:30,21882
2020-05-13 20:35,21924
2020-05-13 20:40,21975
2020-05-13 20:45,21882
2020-05-13 20:50,21817
2020-05-13 20:55,21704
2020-05-13 21:00,21653
2020-05-13 21:05,21622
2020-05-13 21:10,21581
2020-05-13 21:15,21629
2020-05-13 21:20,21570
2020-05-13 21:25,21473
2020-05-13 21:30,21442
2020-05-13 21:35,21400
2020-05-13 21:40,21332
2020-05-13 21:45,21253
2020-05-13 21:50,21155
2020-05-13 21:55,21114
2020-05-13 22:00,20966
2020-05-13 22:05,20856
2020-05-13 22:10,20677
2020-05-13 22:15,20496
2020-05-13 22:20,20397
2020-05-13 22:25,20282
2020-05-13 22:30,20113
2020-05-13 22:35,20085
2020-05-13 22:40,20054
2020-05-13 22:45,19899
2020-05-13 22:50,19845
2020-05-13 22:55,19702
2020-05-13 23:00,19586
2020-05-13 23:05,19421
2020-05-13 23:10,19281
2020-05-13 23:15,19164
2020-05-13 23:20,19134
2020-05-13 23:25,19057
2020-05-13 23:30,19060
2020-05-13 23:35,18975
2020-05-13 23:40,18987
2020-05-13 23:45,19033
2020-05-13 23:50,18992
2020-05-13 23:55,19020
2020-05-14 00:00,18996
2020-05-14 00:05,18882
2020-05-14 00:10,18901
2020-05-14 00:15,18839
2020-05-14 00:20,18819
2020-05-14 00:25,18844
2020-05-14 00:30,18808
2020-05-14 00:35,18780
2020-05-14 00:40,18758
2020-05-14 00:45,18818
2020-05-14 00:50,18766
2020-05-14 00:55,18713
2020-05-14 01:00,18730
2020-05-14 01:05,18768
2020-05-14 01:10,18865
2020-05-14 01:15,18985
2020-05-14 01:20,18959
2020-05-14 01:25,19020
2020-05-14 01:30,19030
2020-05-14 01:35,18977
2020-05-14 01:40,18985
2020-05-14 01:45,19000
2020-05-14 01:50,18970
2020-05-14 01:55,18947
2020-05-14 02:00,18918
2020-05-14 02:05,18945
2020-05-14 02:10,18933
2020-05-14 02:15,18897
2020-05-14 02:20,18954
2020-05-14 02:25,18953
2020-05-14 02:30,18949
2020-05-14 02:35,18416
2020-05-14 02:40,18240
2020-05-14 02:45,18857
2020-05-14 02:50,0
2020-05-14 02:55,18616
2020-05-14 03:00,18452
2020-05-14 03:05,18383
2020-05-14 03:10,18114
2020-05-14 03:15,18059
2020-05-14 03:20,17921
2020-05-14 03:25,17841
2020-05-14 03:30,17716
2020-05-14 03:35,17574
2020-05-14 03:40,17395
2020-05-14 03:45,17292
2020-05-14 03:50,17169
2020-05-14 03:55,17019
2020-05-14 04:00,16811
2020-05-14 04:05,16677
2020-05-14 04:10,16466
2020-05-14 04:15,16392
2020-05-14 04:20,16251
2020-05-14 04:25,16123
2020-05-14 04:30,15908
2020-05-14 04:35,15704
2020-05-14 04:40,15317
2020-05-14 04:45,15302
2020-05-14 04:50,15093
2020-05-14 04:55,14912
2020-05-14 05:00,14620
2020-05-14 05:05,14384
2020-05-14 05:10,14173
2020-05-14 05:15,13956
2020-05-14 05:20,13688
2020-05-14 05:25,13507
2020-05-14 05:30,13261
2020-05-14 05:35,13016
2020-05-14 05:40,12827
2020-05-14 05:45,12660
2020-05-14 05:50,12470
2020-05-14 05:55,12300
2020-05-14 06:00,12058
2020-05-14 06:05,11793
2020-05-14 06:10,11608
2020-05-14 06:15,11395
2020-05-14 06:20,11225
2020-05-14 06:25,10979
2020-05-14 06:30,10813
2020-05-14 06:35,10589
2020-05-14 06:40,10372
2020-05-14 06:45,10190
2020-05-14 06:50,9978
2020-05-14 06:55,9805
2020-05-14 07:00,9592
2020-05-14 07:05,9378
2020-05-14 07:10,9141
2020-05-14 07:15,9006
2020-05-14 07:20,8878
2020-05-14 07:25,8649
2020-05-14 07:30,8455
2020-05-14 07:35,8303
2020-05-14 07:40,8259
2020-05-14 07:45,8119
2020-05-14 07:50,7990
2020-05-14 07:55,7933
2020-05-14 08:00,7852
2020-05-14 08:05,7741
2020-05-14 08:10,7575
2020-05-14 08:15,7366
2020-05-14 08:20,7363
2020-05-14 08:25,7336
2020-05-14 08:30,7306
2020-05-14 08:35,7290
2020-05-14 08:40,7286
2020-05-14 08:45,7201
2020-05-14 08:50,7136
2020-05-14 08:55,7087
2020-05-14 09:00,7061
2020-05-14 09:05,7066
2020-05-14 09:10,7105
2020-05-14 09:15,7121
2020-05-14 09:20,7136
2020-05-14 09:25,7115
2020-05-14 09:30,7173
2020-05-14 09:35,7208
2020-05-14 09:40,7194
2020-05-14 09:45,7233
2020-05-14 09:50,7258
2020-05-14 09:55,7308
2020-05-14 10:00,7320
2020-05-14 10:05,7414
2020-05-14 10:10,7486
2020-05-14 10:15,7502
2020-05-14 10:20,7543
2020-05-14 10:25,7659
2020-05-14 10:30,7713
2020-05-14 10:35,7765
2020-05-14 10:40,7838
2020-05-14 10:45,7924
2020-05-14 10:50,7964
2020-05-14 10:55,8011
2020-05-14 11:00,8025
2020-05-14 11:05,8061
2020-05-14 11:10,8109
2020-05-14 11:15,8148
2020-05-14 11:20,8219
2020-05-14 11:25,8316
2020-05-14 11:30,8437
2020-05-14 11:35,8481
2020-05-14 11:40,8570
2020-05-14 11:45,8677
2020-05-14 11:50,8766
2020-05-14 11:55,8800
2020-05-14 12:00,8876
2020-05-14 12:05,8941
2020-05-14 12:10,9040
2020-05-14 12:15,9085
2020-05-14 12:20,9150
2020-05-14 12:25,9247
2020-05-14 12:30,9375
2020-05-14 12:35,9511
2020-05-14 12:40,9700
2020-05-14 12:45,9778
2020-05-14 12:50,9905
2020-05-14 12:55,10005
2020-05-14 13:00,10138
2020-05-14 13:05,10276
2020-05-14 13:10,10405
2020-05-14 13:15,10540
2020-05-14 13:20,10701
2020-05-14 13:25,10821
2020-05-14 13:30,11030
2020-05-14 13:35,11191
2020-05-14 13:40,11354
2020-05-14 13:45,11511
2020-05-14 13:50,11698
2020-05-14 13:55,11690
2020-05-14 14:00,11795
2020-05-14 14:05,11901
2020-05-14 14:10,12070
2020-05-14 14:15,12217
2020-05-14 14:20,12362
2020-05-14 14:25,12395
2020-05-14 14:30,12472
2020-05-14 14:35,12590
2020-05-14 14:40,12737
2020-05-14 14:45,12915
2020-05-14 14:50,13050
2020-05-14 14:55,13152
2020-05-14 15:00,13273
2020-05-14 15:05,13414
2020-05-14 15:10,13501
2020-05-14 15:15,13650
2020-05-14 15:20,13771
2020-05-14 15:25,13958
2020-05-14 15:30,14047
2020-05-14 15:35,14098
2020-05-14 15:40,14259
2020-05-14 15:45,14371
2020-05-14 15:50,14488
2020-05-14 15:55,14576
2020-05-14 16:00,14728
2020-05-14 16:05,14911
2020-05-14 16:10,15082
2020-05-14 16:15,15141
2020-05-14 16:20,15269
2020-05-14 16:25,15418
2020-05-14 16:30,15645
2020-05-14 16:35,15811
2020-05-14 16:40,15958
2020-05-14 16:45,16079
2020-05-14 16:50,16295
2020-05-14 16:55,16434
2020-05-14 17:00,16594
2020-05-14 17:05,16674
2020-05-14 17:10,16796
2020-05-14 17:15,17020
2020-05-14 17:20,17149
2020-05-14 17:25,17318
2020-05-14 17:30,17427
2020-05-14 17:35,17554
2020-05-14 17:40,17726
2020-05-14 17:45,17938
2020-05-14 17:50,18077
2020-05-14 17:55,18291
2020-05-14 18:00,18419
2020-05-14 18:05,18600
2020-05-14 18:10,18821
2020-05-14 18:15,18943
2020-05-14 18:20,19076
2020-05-14 18:25,19193
2020-05-14 18:30,19374
2020-05-14 18:35,19527
2020-05-14 18:40,19787
2020-05-14 18:45,19930
2020-05-14 18:50,20084
2020-05-14 18:55,20180
2020-05-14 19:00,20201
2020-05-14 19:05,20347
2020-05-14 19:10,20466
2020-05-14 19:15,20693
2020-05-14 19:20,20769
2020-05-14 19:25,20765
2020-05-14 19:30,20847
2020-05-14 19:35,20980
2020-05-14 19:40,21045
2020-05-14 19:45,21123
2020-05-14 19:50,21227
2020-05-14 19:55,21310
2020-05-14 20:00,21398
2020-05-14 20:05,21388
2020-05-14 20:10,21361
2020-05-14 20:15,21413
2020-05-14 20:20,21537
2020-05-14 20:25,21565
2020-05-14 20:30,21519
2020-05-14 20:35,21512
2020-05-14 20:40,21605
2020-05-14 20:45,21627
2020-05-14 20:50,21563
2020-05-14 20:55,21595
2020-05-14 21:00,21523
2020-05-14 21:05,21566
2020-05-14 21:10,21543
2020-05-14 21:15,21421
2020-05-14 21:20,21408
2020-05-14 21:25,21339
2020-05-14 21:30,21303
2020-05-14 21:35,21265
2020-05-14 21:40,21220
2020-05-14 21:45,21112
2020-05-14 21:50,21045
2020-05-14 21:55,20903
2020-05-14 22:00,20831
2020-05-14 22:05,20670
2020-05-14 22:10,20606
2020-05-14 22:15,20549
2020-05-14 22:20,20397
2020-05-14 22:25,20191
2020-05-14 22:30,20008
2020-05-14 22:35,19975
2020-05-14 22:40,19819
2020-05-14 22:45,19649
2020-05-14 22:50,19529
2020-05-14 22:55,19459
2020-05-14 23:00,19299
2020-05-14 23:05,19175
2020-05-14 23:10,19046
2020-05-14 23:15,18917
2020-05-14 23:20,18835
2020-05-14 23:25,18708
2020-05-14 23:30,18664
2020-05-14 23:35,18557
2020-05-14 23:40,18493
2020-05-14 23:45,18458
2020-05-14 23:50,18328
2020-05-14 23:55,18229
2020-05-15 00:00,18168
2020-05-15 00:05,18130
2020-05-15 00:10,18095
2020-05-15 00:15,18050
2020-05-15 00:20,18022
2020-05-15 00:25,17992
2020-05-15 00:30,18046
2020-05-15 00:35,18159
2020-05-15 00:40,18102
2020-05-15 00:45,18090
2020-05-15 00:50,18157
2020-05-15 00:55,18199
2020-05-15 01:00,18220
2020-05-15 01:05,
2020-05-15 01:10,18225
2020-05-15 01:15,18191
2020-05-15 01:20,18217
2020-05-15 01:25,18240
2020-05-15 01:30,18271
2020-05-15 01:35,18296
2020-05-15 01:40,18339
2020-05-15 01:45,18415
2020-05-15 01:50,18409
2020-05-15 01:55,18395
2020-05-15 02:00,18321
2020-05-15 02:05,18255
2020-05-15 02:10,18277
2020-05-15 02:15,18238
2020-05-15 02:20,18269
2020-05-15 02:25,18261
2020-05-15 02:30,18272
2020-05-15 02:35,18247
2020-05-15 02:40,18237
2020-05-15 02:45,18132
2020-05-15 02:50,18097
2020-05-15 02:55,18049
2020-05-15 03:00,18041
2020-05-15 03:05,18011
2020-05-15 03:10,17917
2020-05-15 03:15,17823
2020-05-15 03:20,17753
2020-05-15 03:25,17638
2020-05-15 03:30,17471
2020-05-15 03:35,17294
2020-05-15 03:40,17182
2020-05-15 03:45,16973
2020-05-15 03:50,16884
2020-05-15 03:55,16756
2020-05-15 04:00,16614
2020-05-15 04:05,16506
2020-05-15 04:10,16283
2020-05-15 04:15,16015
2020-05-15 04:20,15806
2020-05-15 04:25,15608
2020-05-15 04:30,15438
2020-05-15 04:35,15308
2020-05-15 04:40,15152
2020-05-15 04:45,14987
2020-05-15 04:50,14765
2020-05-15 04:55,14515
2020-05-15 05:00,14272
2020-05-15 05:05,14032
2020-05-15 05:10,13761
2020-05-15 05:15,13496
2020-05-15 05:20,13311
2020-05-15 05:25,13118
2020-05-15 05:30,12925
2020-05-15 05:35,12680
2020-05-15 05:40,12484
2020-05-15 05:45,12282
2020-05-15 05:50,12076
2020-05-15 05:55,11858
2020-05-15 06:00,11620
2020-05-15 06:05,11387
2020-05-15 06:10,11137
2020-05-15 06:15,10892
2020-05-15 06:20,10762
2020-05-15 06:25,10545
2020-05-15 06:30,10314
2020-05-15 06:35,10157
2020-05-15 06:40,10006
2020-05-15 06:45,9829
2020-05-15 06:50,9670
2020-05-15 06:55,9511
2020-05-15 07:00,9334
2020-05-15 07:05,9152
2020-05-15 07:10,8913
2020-05-15 07:15,8726
2020-05-15 07:20,8537
2020-05-15 07:25,8369
2020-05-15 07:30,8200
2020-05-15 07:35,8053
2020-05-15 07:40,7986
2020-05-15 07:45,7890
2020-05-15 07:50,7782
2020-05-15 07:55,7651
2020-05-15 08:00,7542
2020-05-15 08:05,7433
2020-05-15 08:10,7365
2020-05-15 08:15,7297
2020-05-15 08:20,7267
2020-05-15 08:25,7237
2020-05-15 08:30,7122
2020-05-15 08:35,7042
2020-05-15 08:40,6970
2020-05-15 08:45,6892
2020-05-15 08:50,6840
2020-05-15 08:55,6771
2020-05-15 09:00,6714
2020-05-15 09:05,6736
2020-05-15 09:10,6742
2020-05-15 09:15,6808
2020-05-15 09:20,6874
2020-05-15 09:25,6898
2020-05-15 09:30,6931
2020-05-15 09:35,6932
2020-05-15 09:40,6984
2020-05-15 09:45,7023
2020-05-15 09:50,7081
2020-05-15 09:55,7086
2020-05-15 10:00,7156
2020-05-15 10:05,7210
2020-05-15 10:10,7277
2020-05-15 10:15,7327
2020-05-15 10:20,7403
2020-05-15 10:25,7434
2020-05-15 10:30,7487
2020-05-15 10:35,7511
2020-05-15 10:40,7584
2020-05-15 10:45,7608
2020-05-15 10:50,7653
2020-05-15 10:55,7718
2020-05-15 11:00,7766
2020-05-15 11:05,7869
2020-05-15 11:10,7973
2020-05-15 11:15,8111
2020-05-15 11:20,8174
2020-05-15 11:25,8194
2020-05-15 11:30,8274
2020-05-15 11:35,8290
2020-05-15 11:40,8312
2020-05-15 11:45,8388
2020-05-15 11:50,8474
2020-05-15 11:55,8523
2020-05-15 12:00,8595
2020-05-15 12:05,8714
2020-05-15 12:10,8801
2020-05-15 12:15,8853
2020-05-15 12:20,8910
2020-05-15 12:25,9027
2020-05-15 12:30,9076
2020-05-15 12:35,9168
2020-05-15 12:40,9285
2020-05-15 12:45,9442
2020-05-15 12:50,9573
2020-05-15 12:55,9698
2020-05-15 13:00,
2020-05-15 13:05,9955
2020-05-15 13:10,10071
2020-05-15 13:15,10237
2020-05-15 13:20,10305
2020-05-15 13:25,10394
2020-05-15 13:30,10522
2020-05-15 13:35,10687
2020-05-15 13:40,10836
2020-05-15 13:45,11014
2020-05-15 13:50,11145
2020-05-15 13:55,11348
2020-05-15 14:00,11449
2020-05-15 14:05,11584
2020-05-15 14:10,11714
2020-05-15 14:15,11881
2020-05-15 14:20,11957
2020-05-15 14:25,12078
2020-05-15 14:30,12165
2020-05-15 14:35,12310
2020-05-15 14:40,12452
2020-05-15 14:45,12617
2020-05-15 14:50,12694
2020-05-15 14:55,12791
2020-05-15 15:00,12883
2020-05-15 15:05,13065
2020-05-15 15:10,13252
2020-05-15 15:15,13389
2020-05-15 15:20,13551
2020-05-15 15:25,13730
2020-05-15 15:30,13810
2020-05-15 15:35,13922
2020-05-15 15:40,13987
2020-05-15 15:45,14148
2020-05-15 15:50,14254
2020-05-15 15:55,14387
2020-05-15 16:00,14558
2020-05-15 16:05,14634
2020-05-15 16:10,14714
2020-05-15 16:15,14879
2020-05-15 16:20,15069
2020-05-15 16:25,15258
2020-05-15 16:30,15334
2020-05-15 16:35,15406
2020-05-15 16:40,15636
2020-05-15 16:45,15758
2020-05-15 16:50,15911
2020-05-15 16:55,16026
2020-05-15 17:00,16169
2020-05-15 17:05,16363
2020-05-15 17:10,16509
2020-05-15 17:15,16669
2020-05-15 17:20,16797
2020-05-15 17:25,16969
2020-05-15 17:30,17060
2020-05-15 17:35,17236
2020-05-15 17:40,17471
2020-05-15 17:45,17542
2020-05-15 17:50,17746
2020-05-15 17:55,17850
2020-05-15 18:00,18012
2020-05-15 18:05,18133
2020-05-15 18:10,18357
2020-05-15 18:15,18490
2020-05-15 18:20,18670
2020-05-15 18:25,18780
2020-05-15 18:30,18927
2020-05-15 18:35,19121
2020-05-15 18:40,19256
2020-05-15 18:45,19444
2020-05-15 18:50,19547
2020-05-15 18:55,19644
2020-05-15 19:00,19767
2020-05-15 19:05,19904
2020-05-15 19:10,20022
2020-05-15 19:15,20132
2020-05-15 19:20,20294
2020-05-15 19:25,20397
2020-05-15 19:30,20489
2020-05-15 19:35,20531
2020-05-15 19:40,20690
2020-05-15 19:45,20753
2020-05-15 19:50,20881
2020-05-15 19:55,21001
2020-05-15 20:00,21039
2020-05-15 20:05,21107
2020-05-15 20:10,21230
2020-05-15 20:15,21231
2020-05-15 20:20,21333
2020-05-15 20:25,21435
2020-05-15 20:30,21526
2020-05-15 20:35,21716
2020-05-15 20:40,21837
2020-05-15 20:45,21932
2020-05-15 20:50,21940
2020-05-15 20:55,22012
2020-05-15 21:00,21910
2020-05-15 21:05,21865
2020-05-15 21:10,21963
2020-05-15 21:15,21936
2020-05-15 21:20,21994
2020-05-15 21:25,22011
2020-05-15 21:30,21950
2020-05-15 21:35,21900
2020-05-15 21:40,21829
2020-05-15 21:45,21785
2020-05-15 21:50,21678
2020-05-15 21:55,21609
2020-05-15 22:00,21499
2020-05-15 22:05,21386
2020-05-15 22:10,21374
2020-05-15 22:15,21281
2020-05-15 22:20,21090
2020-05-15 22:25,20932
2020-05-15 22:30,20847
2020-05-15 22:35,20809
2020-05-15 22:40,20728
2020-05-15 22:45,20566
2020-05-15 22:50,20503
2020-05-15 22:55,20466
2020-05-15 23:00,20321
2020-05-15 23:05,20256
2020-05-15 23:10,20239
2020-05-15 23:15,20110
2020-05-15 23:20,19991
2020-05-15 23:25,19857
2020-05-15 23:30,19737
2020-05-15 23:35,19704
2020-05-15 23:40,19634
2020-05-15 23:45,19528
2020-05-15 23:50,19414
2020-05-15 23:55,19410
2020-05-16 00:00,19258
2020-05-16 00:05,19224
2020-05-16 00:10,19239
2020-05-16 00:15,19257
2020-05-16 00:20,19231
2020-05-16 00:25,19112
2020-05-16 00:30,19163
2020-05-16 00:35,19098
2020-05-16 00:40,19085
2020-05-16 00:45,19064
2020-05-16 00:50,19097
2020-05-16 00:55,19016
2020-05-16 01:00,19037
2020-05-16 01:05,19110
2020-05-16 01:10,19117
2020-05-16 01:15,19149
2020-05-16 01:20,19168
2020-05-16 01:25,19111
2020-05-16 01:30,19189
2020-05-16 01:35,19245
2020-05-16 01:40,19354
2020-05-16 01:45,19390
2020-05-16 01:50,19371
2020-05-16 01:55,19423
2020-05-16 02:00,19393
2020-05-16 02:05,19416
2020-05-16 02:10,19528
2020-05-16 02:15,19458
2020-05-16 02:20,19462
2020-05-16 02:25,19519
2020-05-16 02:30,19465
2020-05-16 02:35,19356
2020-05-16 02:40,19355
2020-05-16 02:45,19303
2020-05-16 02:50,19207
2020-05-16 02:55,19079
2020-05-16 03:00,19121
2020-05-16 03:05,19050
2020-05-16 03:10,19020
2020-05-16 03:15,18890
2020-05-16 03:20,18868
2020-05-16 03:25,18809
2020-05-16 03:30,18682
2020-05-16 03:35,18673
2020-05-16 03:40,18592
2020-05-16 03:45,18587
2020-05-16 03:50,18463
2020-05-16 03:55,18374
2020-05-16 04:00,18202
2020-05-16 04:05,18096
2020-05-16 04:10,18027
2020-05-16 04:15,17793
2020-05-16 04:20,17674
2020-05-16 04:25,17530
2020-05-16 04:30,17416
2020-05-16 04:35,17272
2020-05-16 04:40,17175
2020-05-16 04:45,16983
2020-05-16 04:50,16795
2020-05-16 04:55,16636
2020-05-16 05:00,16412
2020-05-16 05:05,16267
2020-05-16 05:10,16024
2020-05-16 05:15,15774
2020-05-16 05:20,15519
2020-05-16 05:25,15305
2020-05-16 05:30,15087
2020-05-16 05:35,14843
2020-05-16 05:40,14665
2020-05-16 05:45,14415
2020-05-16 05:50,14160
2020-05-16 05:55,13935
2020-05-16 06:00,13684
2020-05-16 06:05,13370
2020-05-16 06:10,13162
2020-05-16 06:15,12961
2020-05-16 06:20,12761
2020-05-16 06:25,12598
2020-05-16 06:30,12388
2020-05-16 06:35,12100
2020-05-16 06:40,11916
2020-05-16 06:45,11646
2020-05-16 06:50,11474
2020-05-16 06:55,11295
2020-05-16 07:00,11066
2020-05-16 07:05,10836
2020-05-16 07:10,10640
2020-05-16 07:15,10434
2020-05-16 07:20,10283
2020-05-16 07:25,10079
2020-05-16 07:30,9874
2020-05-16 07:35,9686
2020-05-16 07:40,9534
2020-05-16 07:45,9408
2020-05-16 07:50,9272
2020-05-16 07:55,9151
2020-05-16 08:00,8932
2020-05-16 08:05,8797
2020-05-16 08:10,8680
2020-05-16 08:15,8551
2020-05-16 08:20,8490
2020-05-16 08:25,8373
2020-05-16 08:30,8333
2020-05-16 08:35,8290
2020-05-16 08:40,8213
2020-05-16 08:45,8167
2020-05-16 08:50,8114
2020-05-16 08:55,8104
2020-05-16 09:00,8075
2020-05-16 09:05,8073
2020-05-16 09:10,8098
2020-05-16 09:15,7959
2020-05-16 09:20,7350
2020-05-16 09:25,7433
2020-05-16 09:30,7487
2020-05-16 09:35,7562
2020-05-16 09:40,7620
2020-05-16 09:45,7682
2020-05-16 09:50,7791
2020-05-16 09:55,7902
2020-05-16 10:00,8010
2020-05-16 10:05,8156
2020-05-16 10:10,8215
2020-05-16 10:15,8308
2020-05-16 10:20,8387
2020-05-16 10:25,8518
2020-05-16 10:30,8576
2020-05-16 10:35,8665
2020-05-16 10:40,8794
2020-05-16 10:45,8844
2020-05-16 10:50,8944
2020-05-16 10:55,9032
2020-05-16 11:00,9116
2020-05-16 11:05,9213
2020-05-16 11:10,9296
2020-05-16 11:15,9310
2020-05-16 11:20,9406
2020-05-16 11:25,9492
2020-05-16 11:30,9627
2020-05-16 11:35,9683
2020-05-16 11:40,9783
2020-05-16 11:45,9865
2020-05-16 11:50,9975
2020-05-16 11:55,10088
2020-05-16 12:00,10208
2020-05-16 12:05,10272
2020-05-16 12:10,10365
2020-05-16 12:15,10437
2020-05-16 12:20,10571
2020-05-16 12:25,10662
2020-05-16 12:30,10792
2020-05-16 12:35,10896
2020-05-16 12:40,11007
2020-05-16 12:45,11139
2020-05-16 12:50,11274
2020-05-16 12:55,11339
2020-05-16 13:00,11457
2020-05-16 13:05,11587
2020-05-16 13:10,11752
2020-05-16 13:15,11909
2020-05-16 13:20,12042
2020-05-16 13:25,12207
2020-05-16 13:30,12351
2020-05-16 13:35,12451
2020-05-16 13:40,12643
2020-05-16 13:45,12777
2020-05-16 13:50,12975
2020-05-16 13:55,13168
2020-05-16 14:00,13316
2020-05-16 14:05,13510
2020-05-16 14:10,13638
2020-05-16 14:15,13772
2020-05-16 14:20,13786
2020-05-16 14:25,13908
2020-05-16 14:30,14058
2020-05-16 14:35,14254
2020-05-16 14:40,14410
2020-05-16 14:45,14507
2020-05-16 14:50,14635
2020-05-16 14:55,14787
2020-05-16 15:00,14904
2020-05-16 15:05,14983
2020-05-16 15:10,15105
2020-05-16 15:15,15140
2020-05-16 15:20,15225
2020-05-16 15:25,15335
2020-05-16 15:30,15483
2020-05-16 15:35,15678
2020-05-16 15:40,15788
2020-05-16 15:45,15840
2020-05-16 15:50,15942
2020-05-16 15:55,15939
2020-05-16 16:00,15983
2020-05-16 16:05,16121
2020-05-16 16:10,16210
2020-05-16 16:15,16248
2020-05-16 16:20,16335
2020-05-16 16:25,16420
2020-05-16 16:30,16505
2020-05-16 16:35,16556
2020-05-16 16:40,16655
2020-05-16 16:45,16735
2020-05-16 16:50,16832
2020-05-16 16:55,16993
2020-05-16 17:00,17133
2020-05-16 17:05,17227
2020-05-16 17:10,17330
2020-05-16 17:15,17344
2020-05-16 17:20,17418
2020-05-16 17:25,17535
2020-05-16 17:30,17656
2020-05-16 17:35,17766
2020-05-16 17:40,17894
2020-05-16 17:45,18079
2020-05-16 17:50,18096
2020-05-16 17:55,18157
2020-05-16 18:00,18264
2020-05-16 18:05,18438
2020-05-16 18:10,18576
2020-05-16 18:15,18666
2020-05-16 18:20,18799
2020-05-16 18:25,18953
2020-05-16 18:30,19202
2020-05-16 18:35,19272
2020-05-16 18:40,19486
2020-05-16 18:45,19601
2020-05-16 18:50,19711
2020-05-16 18:55,19843
2020-05-16 19:00,19905
2020-05-16 19:05,20051
2020-05-16 19:10,20114
2020-05-16 19:15,20049
2020-05-16 19:20,20129
2020-05-16 19:25,20338
2020-05-16 19:30,20381
2020-05-16 19:35,20387
2020-05-16 19:40,20425
2020-05-16 19:45,20431
2020-05-16 19:50,20616
2020-05-16 19:55,20706
2020-05-16 20:00,20829
2020-05-16 20:05,20984
2020-05-16 20:10,21018
2020-05-16 20:15,21115
2020-05-16 20:20,21213
2020-05-16 20:25,21219
2020-05-16 20:30,21348
2020-05-16 20:35,21442
2020-05-16 20:40,21494
2020-05-16 20:45,21673
2020-05-16 20:50,21736
2020-05-16 20:55,21672
2020-05-16 21:00,21732
2020-05-16 21:05,21763
2020-05-16 21:10,21791
2020-05-16 21:15,21767
2020-05-16 21:20,21823
2020-05-16 21:25,21801
2020-05-16 21:30,21855
2020-05-16 21:35,21883
2020-05-16 21:40,21895
2020-05-16 21:45,21922
2020-05-16 21:50,21905
2020-05-16 21:55,21924
2020-05-16 22:00,21836
2020-05-16 22:05,21619
2020-05-16 22:10,21643
2020-05-16 22:15,21511
2020-05-16 22:20,21456
2020-05-16 22:25,21387
2020-05-16 22:30,21314
2020-05-16 22:35,21217
2020-05-16 22:40,21160
2020-05-16 22:45,21169
2020-05-16 22:50,21070
2020-05-16 22:55,20960
2020-05-16 23:00,20858
2020-05-16 23:05,20698
2020-05-16 23:10,20572
2020-05-16 23:15,20464
2020-05-16 23:20,20333
2020-05-16 23:25,20158
2020-05-16 23:30,20077
2020-05-16 23:35,20037
2020-05-16 23:40,19990
2020-05-16 23:45,19927
2020-05-16 23:50,19835
2020-05-16 23:55,19710
2020-05-17 00:00,19622
2020-05-17 00:05,19534
2020-05-17 00:10,19428
2020-05-17 00:15,19384
2020-05-17 00:20,19289
2020-05-17 00:25,19201
2020-05-17 00:30,19100
2020-05-17 00:35,18989
2020-05-17 00:40,18889
2020-05-17 00:45,18787
2020-05-17 00:50,18750
2020-05-17 00:55,18780
2020-05-17 01:00,18691
2020-05-17 01:05,18607
2020-05-17 01:10,18632
2020-05-17 01:15,18641
2020-05-17 01:20,18579
2020-05-17 01:25,18538
2020-05-17 01:30,18581
2020-05-17 01:35,18617
2020-05-17 01:40,18639
2020-05-17 01:45,18635
2020-05-17 01:50,18671
2020-05-17 01:55,18688
2020-05-17 02:00,18692
2020-05-17 02:05,18691
2020-05-17 02:10,18650
2020-05-17 02:15,18675
2020-05-17 02:20,18687
2020-05-17 02:25,18666
2020-05-17 02:30,18667
2020-05-17 02:35,18674
2020-05-17 02:40,18681
2020-05-17 02:45,18614
2020-05-17 02:50,18562
2020-05-17 02:55,18603
2020-05-17 03:00,18515
2020-05-17 03:05,18514
2020-05-17 03:10,18362
2020-05-17 03:15,18388
2020-05-17 03:20,18268
2020-05-17 03:25,18217
2020-05-17 03:30,18139
2020-05-17 03:35,18116
2020-05-17 03:40,17992
2020-05-17 03:45,17926
2020-05-17 03:50,17275
2020-05-17 03:55,16085
2020-05-17 04:00,15664
2020-05-17 04:05,15625
2020-05-17 04:10,15615
2020-05-17 04:15,15642
2020-05-17 04:20,15647
2020-05-17 04:25,15625
2020-05-17 04:30,15678
2020-05-17 04:35,15630
2020-05-17 04:40,15562
2020-05-17 04:45,15512
2020-05-17 04:50,15426
2020-05-17 04:55,15362
2020-05-17 05:00,15332
2020-05-17 05:05,15131
2020-05-17 05:10,15043
2020-05-17 05:15,14907
2020-05-17 05:20,14806
2020-05-17 05:25,14737
2020-05-17 05:30,14561
2020-05-17 05:35,14459
2020-05-17 05:40,14333
2020-05-17 05:45,14064
2020-05-17 05:50,13852
2020-05-17 05:55,13698
2020-05-17 06:00,13546
2020-05-17 06:05,13329
2020-05-17 06:10,13151
2020-05-17 06:15,12917
2020-05-17 06:20,12753
2020-05-17 06:25,12592
2020-05-17 06:30,12418
2020-05-17 06:35,12215
2020-05-17 06:40,12043
2020-05-17 06:45,11863
2020-05-17 06:50,11689
2020-05-17 06:55,11488
2020-05-17 07:00,11289
2020-05-17 07:05,11104
2020-05-17 07:10,10938
2020-05-17 07:15,10755
2020-05-17 07:20,10566
2020-05-17 07:25,10401
2020-05-17 07:30,10267
2020-05-17 07:35,10049
2020-05-17 07:40,9924
2020-05-17 07:45,9796
2020-05-17 07:50,9699
2020-05-17 07:55,9534
2020-05-17 08:00,9327
2020-05-17 08:05,9221
2020-05-17 08:10,9114
2020-05-17 08:15,9064
2020-05-17 08:20,8966
2020-05-17 08:25,8865
2020-05-17 08:30,8783
2020-05-17 08:35,8679
2020-05-17 08:40,8629
2020-05-17 08:45,8549
2020-05-17 08:50,8488
2020-05-17 08:55,8430
2020-05-17 09:00,8404
2020-05-17 09:05,8448
2020-05-17 09:10,8468
2020-05-17 09:15,8365
2020-05-17 09:20,7821
2020-05-17 09:25,7842
2020-05-17 09:30,7933
2020-05-17 09:35,8069
2020-05-17 09:40,8201
2020-05-17 09:45,8308
2020-05-17 09:50,8338
2020-05-17 09:55,8443
2020-05-17 10:00,8497
2020-05-17 10:05,8610
2020-05-17 10:10,8699
2020-05-17 10:15,8777
2020-05-17 10:20,8827
2020-05-17 10:25,8861
2020-05-17 10:30,8895
2020-05-17 10:35,9040
2020-05-17 10:40,9172
2020-05-17 10:45,9268
2020-05-17 10:50,9400
2020-05-17 10:55,9399
2020-05-17 11:00,9486
2020-05-17 11:05,9535
2020-05-17 11:10,9651
2020-05-17 11:15,9723
2020-05-17 11:20,9860
2020-05-17 11:25,9952
2020-05-17 11:30,10022
2020-05-17 11:35,10050
2020-05-17 11:40,10191
2020-05-17 11:45,10295
2020-05-17 11:50,10404
2020-05-17 11:55,10517
2020-05-17 12:00,10640
2020-05-17 12:05,10749
2020-05-17 12:10,10824
2020-05-17 12:15,10838
2020-05-17 12:20,10945
2020-05-17 12:25,11069
2020-05-17 12:30,11192
2020-05-17 12:35,11330
2020-05-17 12:40,11394
2020-05-17 12:45,11545
2020-05-17 12:50,11739
2020-05-17 12:55,11857
2020-05-17 13:00,11907
2020-05-17 13:05,12095
2020-05-17 13:10,12236
2020-05-17 13:15,12336
2020-05-17 13:20,12488
2020-05-17 13:25,12707
2020-05-17 13:30,12912
2020-05-17 13:35,13074
2020-05-17 13:40,13209
2020-05-17 13:45,13370
2020-05-17 13:50,13516
2020-05-17 13:55,13687
2020-05-17 14:00,13810
2020-05-17 14:05,13940
2020-05-17 14:10,14123
2020-05-17 14:15,14330
2020-05-17 14:20,14488
2020-05-17 14:25,14603
2020-05-17 14:30,14784
2020-05-17 14:35,14839
2020-05-17 14:40,14936
2020-05-17 14:45,15020
2020-05-17 14:50,15157
2020-05-17 14:55,15320
2020-05-17 15:00,15360
2020-05-17 15:05,15424
2020-05-17 15:10,15566
2020-05-17 15:15,15603
2020-05-17 15:20,15666
2020-05-17 15:25,15752
2020-05-17 15:30,15886
2020-05-17 15:35,16004
2020-05-17 15:40,16120
2020-05-17 15:45,16156
2020-05-17 15:50,16283
2020-05-17 15:55,16322
2020-05-17 16:00,16397
2020-05-17 16:05,16524
2020-05-17 16:10,16698
2020-05-17 16:15,16819
2020-05-17 16:20,17001
2020-05-17 16:25,17126
2020-05-17 16:30,17233
2020-05-17 16:35,17346
2020-05-17 16:40,17515
2020-05-17 16:45,17613
2020-05-17 16:50,17755
2020-05-17 16:55,17881
2020-05-17 17:00,18086
2020-05-17 17:05,18158
2020-05-17 17:10,18307
2020-05-17 17:15,18481
2020-05-17 17:20,18604
2020-05-17 17:25,18844
2020-05-17 17:30,19020
2020-05-17 17:35,19167
2020-05-17 17:40,19287
2020-05-17 17:45,19555
2020-05-17 17:50,19658
2020-05-17 17:55,19802
2020-05-17 18:00,20012
2020-05-17 18:05,20175
2020-05-17 18:10,20323
2020-05-17 18:15,20551
2020-05-17 18:20,20782
2020-05-17 18:25,21056
2020-05-17 18:30,21130
2020-05-17 18:35,21324
2020-05-17 18:40,21536
2020-05-17 18:45,21649
2020-05-17 18:50,21731
2020-05-17 18:55,21859
2020-05-17 19:00,21942
2020-05-17 19:05,22091
2020-05-17 19:10,22192
2020-05-17 19:15,22289
2020-05-17 19:20,22192
2020-05-17 19:25,22300
2020-05-17 19:30,22331
2020-05-17 19:35,22462
2020-05-17 19:40,22464
2020-05-17 19:45,22520
2020-05-17 19:50,22584
2020-05-17 19:55,22575
2020-05-17 20:00,22503
2020-05-17 20:05,22505
2020-05-17 20:10,22500
2020-05-17 20:15,22514
2020-05-17 20:20,22523
2020-05-17 20:25,22575
2020-05-17 20:30,22474
2020-05-17 20:35,22409
2020-05-17 20:40,22429
2020-05-17 20:45,22434
2020-05-17 20:50,22423
2020-05-17 20:55,22381
2020-05-17 21:00,22369
2020-05-17 21:05,22241
2020-05-17 21:10,22219
2020-05-17 21:15,22175
2020-05-17 21:20,22003
2020-05-17 21:25,21903
2020-05-17 21:30,21843
2020-05-17 21:35,21741
2020-05-17 21:40,21575
2020-05-17 21:45,21592
2020-05-17 21:50,21487
2020-05-17 21:55,21382
2020-05-17 22:00,21186
2020-05-17 22:05,20974
2020-05-17 22:10,20786
2020-05-17 22:15,20648
2020-05-17 22:20,20518
2020-05-17 22:25,20418
2020-05-17 22:30,20264
2020-05-17 22:35,20167
2020-05-17 22:40,20052
2020-05-17 22:45,20023
2020-05-17 22:50,19977
2020-05-17 22:55,19846
2020-05-17 23:00,19754
2020-05-17 23:05,19605
2020-05-17 23:10,19429
2020-05-17 23:15,19300
2020-05-17 23:20,19169
2020-05-17 23:25,19073
2020-05-17 23:30,19044
2020-05-17 23:35,18965
2020-05-17 23:40,18932
2020-05-17 23:45,18837
2020-05-17 23:50,18713
2020-05-17 23:55,18637
2020-05-18 00:00,18584
2020-05-18 00:05,18466
2020-05-18 00:10,18462
2020-05-18 00:15,18459
2020-05-18 00:20,18172
2020-05-18 00:25,18375
2020-05-18 00:30,17089
2020-05-18 00:35,16302
2020-05-18 00:40,16142
2020-05-18 00:45,16217
2020-05-18 00:50,16476
2020-05-18 00:55,16676
2020-05-18 01:00,16781
2020-05-18 01:05,16960
2020-05-18 01:10,17155
2020-05-18 01:15,17338
2020-05-18 01:20,17488
2020-05-18 01:25,17583
2020-05-18 01:30,17666
2020-05-18 01:35,17810
2020-05-18 01:40,17942
2020-05-18 01:45,17981
2020-05-18 01:50,18137
2020-05-18 01:55,18223
2020-05-18 02:00,18293
2020-05-18 02:05,18334
2020-05-18 02:10,18341
2020-05-18 02:15,18312
2020-05-18 02:20,18327
2020-05-18 02:25,18248
2020-05-18 02:30,18281
2020-05-18 02:35,18222
2020-05-18 02:40,18146
2020-05-18 02:45,18142
2020-05-18 02:50,18040
2020-05-18 02:55,18029
2020-05-18 03:00,17947
2020-05-18 03:05,17875
2020-05-18 03:10,17816
2020-05-18 03:15,17743
2020-05-18 03:20,17638
2020-05-18 03:25,17550
2020-05-18 03:30,17413
2020-05-18 03:35,17268
2020-05-18 03:40,17070
2020-05-18 03:45,17019
2020-05-18 03:50,16778
2020-05-18 03:55,16613
2020-05-18 04:00,16468
2020-05-18 04:05,16287
2020-05-18 04:10,16036
2020-05-18 04:15,15875
2020-05-18 04:20,15700
2020-05-18 04:25,15524
2020-05-18 04:30,15348
2020-05-18 04:35,15072
2020-05-18 04:40,14922
2020-05-18 04:45,14678
2020-05-18 04:50,14509
2020-05-18 04:55,14289
2020-05-18 05:00,14120
2020-05-18 05:05,13807
2020-05-18 05:10,13521
2020-05-18 05:15,13342
2020-05-18 05:20,13168
2020-05-18 05:25,12953
2020-05-18 05:30,12835
2020-05-18 05:35,12649
2020-05-18 05:40,12345
2020-05-18 05:45,12108
2020-05-18 05:50,11814
2020-05-18 05:55,11577
2020-05-18 06:00,11427
2020-05-18 06:05,11214
2020-05-18 06:10,10986
2020-05-18 06:15,10808
2020-05-18 06:20,10568
2020-05-18 06:25,10395
2020-05-18 06:30,10170
2020-05-18 06:35,9989
2020-05-18 06:40,9799
2020-05-18 06:45,9642
2020-05-18 06:50,9451
2020-05-18 06:55,9287
2020-05-18 07:00,9113
2020-05-18 07:05,8945
2020-05-18 07:10,8830
2020-05-18 07:15,8727
2020-05-18 07:20,8624
2020-05-18 07:25,8474
2020-05-18 07:30,8292
2020-05-18 07:35,8122
2020-05-18 07:40,7993
2020-05-18 07:45,7894
2020-05-18 07:50,7754
2020-05-18 07:55,7661
2020-05-18 08:00,7557
2020-05-18 08:05,7492
2020-05-18 08:10,7374
2020-05-18 08:15,7286
2020-05-18 08:20,7204
2020-05-18 08:25,7173
2020-05-18 08:30,7140
2020-05-18 08:35,7110
2020-05-18 08:40,7127
2020-05-18 08:45,7099
2020-05-18 08:50,7020
2020-05-18 08:55,6999
2020-05-18 09:00,6982
2020-05-18 09:05,6951
2020-05-18 09:10,6909
2020-05-18 09:15,6914
2020-05-18 09:20,6943
2020-05-18 09:25,6995
2020-05-18 09:30,6964
2020-05-18 09:35,7030
2020-05-18 09:40,7033
2020-05-18 09:45,7032
2020-05-18 09:50,7050
2020-05-18 09:55,7074
2020-05-18 10:00,7069
2020-05-18 10:05,7088
2020-05-18 10:10,7148
2020-05-18 10:15,7187
2020-05-18 10:20,7173
2020-05-18 10:25,7199
2020-05-18 10:30,7241
2020-05-18 10:35,7308
2020-05-18 10:40,7389
2020-05-18 10:45,7394
2020-05-18 10:50,7431
2020-05-18 10:55,7542
2020-05-18 11:00,7593
2020-05-18 11:05,7656
2020-05-18 11:10,7744
2020-05-18 11:15,7829
2020-05-18 11:20,7841
2020-05-18 11:25,7917
2020-05-18 11:30,7943
2020-05-18 11:35,8053
2020-05-18 11:40,8175
2020-05-18 11:45,8208
2020-05-18 11:50,8284
2020-05-18 11:55,8325
2020-05-18 12:00,8320
2020-05-18 12:05,8402
2020-05-18 12:10,8520
2020-05-18 12:15,8571
2020-05-18 12:20,8673
2020-05-18 12:25,8747
2020-05-18 12:30,8823
2020-05-18 12:35,8930
2020-05-18 12:40,9089
2020-05-18 12:45,9187
2020-05-18 12:50,9282
2020-05-18 12:55,9308
2020-05-18 13:00,9472
2020-05-18 13:05,9605
2020-05-18 13:10,9696
2020-05-18 13:15,9780
2020-05-18 13:20,9961
2020-05-18 13:25,10102
2020-05-18 13:30,10193
2020-05-18 13:35,10315
2020-05-18 13:40,10451
2020-05-18 13:45,10559
2020-05-18 13:50,10664
2020-05-18 13:55,10830
2020-05-18 14:00,10932
2020-05-18 14:05,10976
2020-05-18 14:10,11135
2020-05-18 14:15,11280
2020-05-18 14:20,11413
2020-05-18 14:25,11482
2020-05-18 14:30,11553
2020-05-18 14:35,11683
2020-05-18 14:40,11777
2020-05-18 14:45,11915
2020-05-18 14:50,12023
2020-05-18 14:55,12096
2020-05-18 15:00,12262
2020-05-18 15:05,12412
2020-05-18 15:10,12525
2020-05-18 15:15,12689
2020-05-18 15:20,12854
2020-05-18 15:25,13036
2020-05-18 15:30,13156
2020-05-18 15:35,13306
2020-05-18 15:40,13398
2020-05-18 15:45,13562
2020-05-18 15:50,13686
2020-05-18 15:55,13793
2020-05-18 16:00,13925
2020-05-18 16:05,14044
2020-05-18 16:10,14163
2020-05-18 16:15,14274
2020-05-18 16:20,14427
2020-05-18 16:25,14542
2020-05-18 16:30,14673
2020-05-18 16:35,14932
2020-05-18 16:40,15120
2020-05-18 16:45,15339
2020-05-18 16:50,15529
2020-05-18 16:55,15618
2020-05-18 17:00,15804
2020-05-18 17:05,15856
2020-05-18 17:10,15951
2020-05-18 17:15,16078
2020-05-18 17:20,16218
2020-05-18 17:25,16346
2020-05-18 17:30,16530
2020-05-18 17:35,16613
2020-05-18 17:40,16795
2020-05-18 17:45,16947
2020-05-18 17:50,17125
2020-05-18 17:55,17238
2020-05-18 18:00,17357
2020-05-18 18:05,17513
2020-05-18 18:10,17739
2020-05-18 18:15,17941
2020-05-18 18:20,18038
2020-05-18 18:25,18139
2020-05-18 18:30,18281
2020-05-18 18:35,18457
2020-05-18 18:40,18593
2020-05-18 18:45,18717
2020-05-18 18:50,18886
2020-05-18 18:55,18979
2020-05-18 19:00,19124
2020-05-18 19:05,19307
2020-05-18 19:10,19491
2020-05-18 19:15,19621
2020-05-18 19:20,19829
2020-05-18 19:25,19953
2020-05-18 19:30,20069
2020-05-18 19:35,20098
2020-05-18 19:40,20176
2020-05-18 19:45,20290
2020-05-18 19:50,20346
2020-05-18 19:55,20458
2020-05-18 20:00,20548
2020-05-18 20:05,20502
2020-05-18 20:10,20579
2020-05-18 20:15,20755
2020-05-18 20:20,20829
2020-05-18 20:25,20889
2020-05-18 20:30,20987
2020-05-18 20:35,21030
2020-05-18 20:40,21022
2020-05-18 20:45,20957
2020-05-18 20:50,20876
2020-05-18 20:55,20951
2020-05-18 21:00,20963
2020-05-18 21:05,20944
2020-05-18 21:10,20907
2020-05-18 21:15,20903
2020-05-18 21:20,20850
2020-05-18 21:25,20858
2020-05-18 21:30,20807
2020-05-18 21:35,20686
2020-05-18 21:40,
2020-05-18 21:45,20541
2020-05-18 21:50,20508
2020-05-18 21:55,20318
2020-05-18 22:00,20199
2020-05-18 22:05,20099
2020-05-18 22:10,19980
2020-05-18 22:15,19793
2020-05-18 22:20,19731
2020-05-18 22:25,19614
2020-05-18 22:30,19538
2020-05-18 22:35,19496
2020-05-18 22:40,19433
2020-05-18 22:45,19305
2020-05-18 22:50,19106
2020-05-18 22:55,18960
2020-05-18 23:00,18858
2020-05-18 23:05,18750
2020-05-18 23:10,18710
2020-05-18 23:15,18669
2020-05-18 23:20,18653
2020-05-18 23:25,18534
2020-05-18 23:30,18514
2020-05-18 23:35,18435
2020-05-18 23:40,18390
2020-05-18 23:45,18414
2020-05-18 23:50,18324
2020-05-18 23:55,18310
2020-05-19 00:00,18293
2020-05-19 00:05,18252
2020-05-19 00:10,18226
2020-05-19 00:15,18248
2020-05-19 00:20,18180
2020-05-19 00:25,18146
2020-05-19 00:30,18118
2020-05-19 00:35,18102
2020-05-19 00:40,18147
2020-05-19 00:45,18171
2020-05-19 00:50,18220
2020-05-19 00:55,18259
2020-05-19 01:00,18188
2020-05-19 01:05,18232
2020-05-19 01:10,18233
2020-05-19 01:15,18234
2020-05-19 01:20,18254
2020-05-19 01:25,18272
2020-05-19 01:30,18298
2020-05-19 01:35,18357
2020-05-19 01:40,18398
2020-05-19 01:45,18432
2020-05-19 01:50,18444
2020-05-19 01:55,18428
2020-05-19 02:00,18390
2020-05-19 02:05,18370
2020-05-19 02:10,18371
2020-05-19 02:15,18332
2020-05-19 02:20,18288
2020-05-19 02:25,18271
2020-05-19 02:30,18206
2020-05-19 02:35,18163
2020-05-19 02:40,18102
2020-05-19 02:45,17978
2020-05-19 02:50,17961
2020-05-19 02:55,17961
2020-05-19 03:00,17824
2020-05-19 03:05,17648
2020-05-19 03:10,17594
2020-05-19 03:15,17508
2020-05-19 03:20,17383
2020-05-19 03:25,17270
2020-05-19 03:30,17151
2020-05-19 03:35,17011
2020-05-19 03:40,16838
2020-05-19 03:45,16693
2020-05-19 03:50,16509
2020-05-19 03:55,16278
2020-05-19 04:00,16117
2020-05-19 04:05,15913
2020-05-19 04:10,15688
2020-05-19 04:15,15456
2020-05-19 04:20,15302
2020-05-19 04:25,15113
2020-05-19 04:30,14849
2020-05-19 04:35,14745
2020-05-19 04:40,14583
2020-05-19 04:45,14386
2020-05-19 04:50,14171
2020-05-19 04:55,13893
2020-05-19 05:00,13658
2020-05-19 05:05,13439
2020-05-19 05:10,13265
2020-05-19 05:15,13033
2020-05-19 05:20,12792
2020-05-19 05:25,12597
2020-05-19 05:30,12334
2020-05-19 05:35,12162
2020-05-19 05:40,12018
2020-05-19 05:45,11727
2020-05-19 05:50,11541
2020-05-19 05:55,11305
2020-05-19 06:00,11053
2020-05-19 06:05,10810
2020-05-19 06:10,10657
2020-05-19 06:15,10451
2020-05-19 06:20,10271
2020-05-19 06:25,10101
2020-05-19 06:30,9895
2020-05-19 06:35,9685
2020-05-19 06:40,9537
2020-05-19 06:45,9341
2020-05-19 06:50,9161
2020-05-19 06:55,9063
2020-05-19 07:00,8876
2020-05-19 07:05,8742
2020-05-19 07:10,8576
2020-05-19 07:15,8422
2020-05-19 07:20,8289
2020-05-19 07:25,8135
2020-05-19 07:30,8034
2020-05-19 07:35,7878
2020-05-19 07:40,7760
2020-05-19 07:45,7647
2020-05-19 07:50,7601
2020-05-19 07:55,7495
2020-05-19 08:00,7454
2020-05-19 08:05,7452
2020-05-19 08:10,7380
2020-05-19 08:15,7295
2020-05-19 08:20,7242
2020-05-19 08:25,7200
2020-05-19 08:30,7155
2020-05-19 08:35,7120
2020-05-19 08:40,7102
2020-05-19 08:45,7048
2020-05-19 08:50,7007
2020-05-19 08:55,6990
2020-05-19 09:00,6993
2020-05-19 09:05,7024
2020-05-19 09:10,7046
2020-05-19 09:15,6928
2020-05-19 09:20,6825
2020-05-19 09:25,6791
2020-05-19 09:30,6785
2020-05-19 09:35,6682
2020-05-19 09:40,6700
2020-05-19 09:45,6729
2020-05-19 09:50,6737
2020-05-19 09:55,6705
2020-05-19 10:00,6643
2020-05-19 10:05,6519
2020-05-19 10:10,6524
2020-05-19 10:15,6501
2020-05-19 10:20,6413
2020-05-19 10:25,6371
2020-05-19 10:30,6271
2020-05-19 10:35,4957
2020-05-19 10:40,4098
2020-05-19 10:45,3305
2020-05-19 10:50,2630
2020-05-19 10:55,2256
2020-05-19 11:00,2014
2020-05-19 11:05,1826
2020-05-19 11:10,1776
2020-05-19 11:15,1786
2020-05-19 11:20,1776
2020-05-19 11:25,1770
2020-05-19 11:30,1768
2020-05-19 11:35,1624
2020-05-19 11:40,1526
2020-05-19 11:45,1460
2020-05-19 11:50,1493
2020-05-19 11:55,1543
2020-05-19 12:00,1646
2020-05-19 12:05,1588
2020-05-19 12:10,1586
2020-05-19 12:15,1607
2020-05-19 12:20,1614
2020-05-19 12:25,1660
2020-05-19 12:30,1671
2020-05-19 12:35,1705
2020-05-19 12:40,1739
2020-05-19 12:45,1816
2020-05-19 12:50,1805
2020-05-19 12:55,1818
2020-05-19 13:00,1856
2020-05-19 13:05,1876
2020-05-19 13:10,1909
2020-05-19 13:15,1982
2020-05-19 13:20,2007
2020-05-19 13:25,2013
2020-05-19 13:30,2060
2020-05-19 13:35,2015
2020-05-19 13:40,2045
2020-05-19 13:45,2271
2020-05-19 13:50,3552
2020-05-19 13:55,4698
2020-05-19 14:00,5717
2020-05-19 14:05,6672
2020-05-19 14:10,7687
2020-05-19 14:15,8633
2020-05-19 14:20,9339
2020-05-19 14:25,9909
2020-05-19 14:30,10512
2020-05-19 14:35,11004
2020-05-19 14:40,11473
2020-05-19 14:45,11914
2020-05-19 14:50,12290
2020-05-19 14:55,12645
2020-05-19 15:00,12943
2020-05-19 15:05,13184
2020-05-19 15:10,13422
2020-05-19 15:15,13684
2020-05-19 15:20,13859
2020-05-19 15:25,14050
2020-05-19 15:30,14152
2020-05-19 15:35,14261
2020-05-19 15:40,14488
2020-05-19 15:45,14626
2020-05-19 15:50,14739
2020-05-19 15:55,14937
2020-05-19 16:00,15106
2020-05-19 16:05,15255
2020-05-19 16:10,15440
2020-05-19 16:15,15593
2020-05-19 16:20,15772
2020-05-19 16:25,15877
2020-05-19 16:30,16064
2020-05-19 16:35,16157
2020-05-19 16:40,16297
2020-05-19 16:45,16421
2020-05-19 16:50,16469
2020-05-19 16:55,16618
2020-05-19 17:00,16680
2020-05-19 17:05,16845
2020-05-19 17:10,17052
2020-05-19 17:15,17203
2020-05-19 17:20,17364
2020-05-19 17:25,17500
2020-05-19 17:30,17629
2020-05-19 17:35,17694
2020-05-19 17:40,17784
2020-05-19 17:45,17941
2020-05-19 17:50,18185
2020-05-19 17:55,18355
2020-05-19 18:00,18442
2020-05-19 18:05,18501
2020-05-19 18:10,18749
2020-05-19 18:15,18843
2020-05-19 18:20,19009
2020-05-19 18:25,19117
2020-05-19 18:30,19298
2020-05-19 18:35,19495
2020-05-19 18:40,19681
2020-05-19 18:45,19748
2020-05-19 18:50,19748
2020-05-19 18:55,19722
2020-05-19 19:00,19324
2020-05-19 19:05,17824
2020-05-19 19:10,15200
2020-05-19 19:15,15906
2020-05-19 19:20,16582
2020-05-19 19:25,17147
2020-05-19 19:30,17685
2020-05-19 19:35,18119
2020-05-19 19:40,18468
2020-05-19 19:45,18856
2020-05-19 19:50,19104
2020-05-19 19:55,19350
2020-05-19 20:00,19664
2020-05-19 20:05,19963
2020-05-19 20:10,20294
2020-05-19 20:15,20477
2020-05-19 20:20,20712
2020-05-19 20:25,20712
2020-05-19 20:30,20363
2020-05-19 20:35,18509
2020-05-19 20:40,18773
2020-05-19 20:45,18880
2020-05-19 20:50,19155
2020-05-19 20:55,19155
2020-05-19 21:00,19399
2020-05-19 21:05,19607
2020-05-19 21:10,19832
2020-05-19 21:15,20008
2020-05-19 21:20,20072
2020-05-19 21:25,19704
2020-05-19 21:30,18121
2020-05-19 21:35,17593
2020-05-19 21:40,17767
2020-05-19 21:45,16863
2020-05-19 21:50,16991
2020-05-19 21:55,17072
2020-05-19 22:00,16568
2020-05-19 22:05,15967
2020-05-19 22:10,15573
2020-05-19 22:15,14961
2020-05-19 22:20,14537
2020-05-19 22:25,14369
2020-05-19 22:30,14534
2020-05-19 22:35,14748
2020-05-19 22:40,15060
2020-05-19 22:45,0
2020-05-19 22:50,13407
2020-05-19 22:55,14854
2020-05-19 23:00,15144
2020-05-19 23:05,15234
2020-05-19 23:10,15229
2020-05-19 23:15,0
2020-05-19 23:20,15516
2020-05-19 23:25,15815
2020-05-19 23:30,16071
2020-05-19 23:35,16452
2020-05-19 23:40,16800
2020-05-19 23:45,17169
2020-05-19 23:50,17355
2020-05-19 23:55,17005
2020-05-20 00:00,16599
2020-05-20 00:05,15936
2020-05-20 00:10,15705
2020-05-20 00:15,15357
2020-05-20 00:20,15328
2020-05-20 00:25,15311
2020-05-20 00:30,15414
2020-05-20 00:35,15444
2020-05-20 00:40,15602
2020-05-20 00:45,15723
2020-05-20 00:50,15871
2020-05-20 00:55,15990
2020-05-20 01:00,15650
2020-05-20 01:05,11614
2020-05-20 01:10,6079
2020-05-20 01:15,5010
2020-05-20 01:20,5118
2020-05-20 01:25,4504
2020-05-20 01:30,4232
2020-05-20 01:35,4056
2020-05-20 01:40,3907
2020-05-20 01:45,5379
2020-05-20 01:50,7207
2020-05-20 01:55,8818
2020-05-20 02:00,10032
2020-05-20 02:05,11190
2020-05-20 02:10,12273
2020-05-20 02:15,13053
2020-05-20 02:20,13808
2020-05-20 02:25,14519
2020-05-20 02:30,15103
2020-05-20 02:35,15619
2020-05-20 02:40,16014
2020-05-20 02:45,16423
2020-05-20 02:50,16736
2020-05-20 02:55,17063
2020-05-20 03:00,17219
2020-05-20 03:05,17356
2020-05-20 03:10,17455
2020-05-20 03:15,17521
2020-05-20 03:20,17617
2020-05-20 03:25,17764
2020-05-20 03:30,17846
2020-05-20 03:35,17843
2020-05-20 03:40,17743
2020-05-20 03:45,17663
2020-05-20 03:50,17609
2020-05-20 03:55,17491
2020-05-20 04:00,17423
2020-05-20 04:05,17227
2020-05-20 04:10,17113
2020-05-20 04:15,16922
2020-05-20 04:20,16787
2020-05-20 04:25,16584
2020-05-20 04:30,16395
2020-05-20 04:35,16146
2020-05-20 04:40,15961
2020-05-20 04:45,15820
2020-05-20 04:50,15653
2020-05-20 04:55,15463
2020-05-20 05:00,15229
2020-05-20 05:05,15038
2020-05-20 05:10,14810
2020-05-20 05:15,14532
2020-05-20 05:20,14184
2020-05-20 05:25,13940
2020-05-20 05:30,13720
2020-05-20 05:35,13505
2020-05-20 05:40,13308
2020-05-20 05:45,13028
2020-05-20 05:50,12823
2020-05-20 05:55,12573
2020-05-20 06:00,12336
2020-05-20 06:05,12178
2020-05-20 06:10,11974
2020-05-20 06:15,11754
2020-05-20 06:20,11585
2020-05-20 06:25,11384
2020-05-20 06:30,11186
2020-05-20 06:35,11024
2020-05-20 06:40,10796
2020-05-20 06:45,10574
2020-05-20 06:50,10380
2020-05-20 06:55,10154
2020-05-20 07:00,9971
2020-05-20 07:05,9755
2020-05-20 07:10,9628
2020-05-20 07:15,9438
2020-05-20 07:20,9278
2020-05-20 07:25,9140
2020-05-20 07:30,8996
2020-05-20 07:35,8851
2020-05-20 07:40,8764
2020-05-20 07:45,8674
2020-05-20 07:50,8531
2020-05-20 07:55,8458
2020-05-20 08:00,8329
2020-05-20 08:05,8231
2020-05-20 08:10,8191
2020-05-20 08:15,8112
2020-05-20 08:20,8069
2020-05-20 08:25,7991
2020-05-20 08:30,7922
2020-05-20 08:35,7841
2020-05-20 08:40,7773
2020-05-20 08:45,7719
2020-05-20 08:50,7739
2020-05-20 08:55,7682
2020-05-20 09:00,7624
2020-05-20 09:05,7669
2020-05-20 09:10,7645
2020-05-20 09:15,7296
2020-05-20 09:20,7026
2020-05-20 09:25,7072
2020-05-20 09:30,7209
2020-05-20 09:35,7302
2020-05-20 09:40,7231
2020-05-20 09:45,7296
2020-05-20 09:50,7426
2020-05-20 09:55,7370
2020-05-20 10:00,7443
2020-05-20 10:05,7547
2020-05-20 10:10,7662
2020-05-20 10:15,7743
2020-05-20 10:20,7757
2020-05-20 10:25,7839
2020-05-20 10:30,7929
2020-05-20 10:35,8045
2020-05-20 10:40,8179
2020-05-20 10:45,8245
2020-05-20 10:50,8357
2020-05-20 10:55,8407
2020-05-20 11:00,8519
2020-05-20 11:05,8600
2020-05-20 11:10,8659
2020-05-20 11:15,8734
2020-05-20 11:20,8820
2020-05-20 11:25,8887
2020-05-20 11:30,8927
2020-05-20 11:35,9031
2020-05-20 11:40,9105
2020-05-20 11:45,9211
2020-05-20 11:50,9251
2020-05-20 11:55,9298
2020-05-20 12:00,9388
2020-05-20 12:05,9467
2020-05-20 12:10,9556
2020-05-20 12:15,9594
2020-05-20 12:20,9686
2020-05-20 12:25,9756
2020-05-20 12:30,9880
2020-05-20 12:35,9927
2020-05-20 12:40,10028
2020-05-20 12:45,10148
2020-05-20 12:50,10207
2020-05-20 12:55,10365
2020-05-20 13:00,10494
2020-05-20 13:05,10637
2020-05-20 13:10,10802
2020-05-20 13:15,11020
2020-05-20 13:20,11136
2020-05-20 13:25,11299
2020-05-20 13:30,11372
2020-05-20 13:35,11539
2020-05-20 13:40,11654
2020-05-20 13:45,11784
2020-05-20 13:50,11813
2020-05-20 13:55,11909
2020-05-20 14:00,12008
2020-05-20 14:05,12220
2020-05-20 14:10,12438
2020-05-20 14:15,12576
2020-05-20 14:20,12712
2020-05-20 14:25,12876
2020-05-20 14:30,12882
2020-05-20 14:35,13015
2020-05-20 14:40,13207
2020-05-20 14:45,13331
2020-05-20 14:50,13389
2020-05-20 14:55,13467
2020-05-20 15:00,13520
2020-05-20 15:05,13685
2020-05-20 15:10,13803
2020-05-20 15:15,13978
2020-05-20 15:20,14124
2020-05-20 15:25,14275
2020-05-20 15:30,14402
2020-05-20 15:35,14488
2020-05-20 15:40,14551
2020-05-20 15:45,14718
2020-05-20 15:50,14716
2020-05-20 15:55,14853
2020-05-20 16:00,14986
2020-05-20 16:05,15112
2020-05-20 16:10,15254
2020-05-20 16:15,15354
2020-05-20 16:20,15492
2020-05-20 16:25,15603
2020-05-20 16:30,15613
2020-05-20 16:35,15829
2020-05-20 16:40,15944
2020-05-20 16:45,15976
2020-05-20 16:50,16027
2020-05-20 16:55,16152
2020-05-20 17:00,16357
2020-05-20 17:05,16543
2020-05-20 17:10,16607
2020-05-20 17:15,16754
2020-05-20 17:20,16930
2020-05-20 17:25,17038
2020-05-20 17:30,17138
2020-05-20 17:35,17346
2020-05-20 17:40,17561
2020-05-20 17:45,17779
2020-05-20 17:50,18001
2020-05-20 17:55,
2020-05-20 18:00,18207
2020-05-20 18:05,18398
2020-05-20 18:10,
2020-05-20 18:15,18681
2020-05-20 18:20,18883
2020-05-20 18:25,19045
2020-05-20 18:30,19240
2020-05-20 18:35,19364
2020-05-20 18:40,19520
2020-05-20 18:45,19716
2020-05-20 18:50,19859
2020-05-20 18:55,19938
2020-05-20 19:00,20048
2020-05-20 19:05,20194
2020-05-20 19:10,20418
2020-05-20 19:15,20626
2020-05-20 19:20,20731
2020-05-20 19:25,20868
2020-05-20 19:30,20985
2020-05-20 19:35,21071
2020-05-20 19:40,21255
2020-05-20 19:45,21318
2020-05-20 19:50,21406
2020-05-20 19:55,21531
2020-05-20 20:00,21672
2020-05-20 20:05,21699
2020-05-20 20:10,21810
2020-05-20 20:15,21907
2020-05-20 20:20,22002
2020-05-20 20:25,22209
2020-05-20 20:30,22274
2020-05-20 20:35,22251
2020-05-20 20:40,22265
2020-05-20 20:45,22264
2020-05-20 20:50,22269
2020-05-20 20:55,22282
2020-05-20 21:00,22243
2020-05-20 21:05,22196
2020-05-20 21:10,22112
2020-05-20 21:15,22157
2020-05-20 21:20,22115
2020-05-20 21:25,22066
2020-05-20 21:30,22018
2020-05-20 21:35,21971
2020-05-20 21:40,21884
2020-05-20 21:45,21756
2020-05-20 21:50,21739
2020-05-20 21:55,21701
2020-05-20 22:00,21652
2020-05-20 22:05,21503
2020-05-20 22:10,21344
2020-05-20 22:15,21188
2020-05-20 22:20,21124
2020-05-20 22:25,20974
2020-05-20 22:30,20919
2020-05-20 22:35,20855
2020-05-20 22:40,20788
2020-05-20 22:45,20687
2020-05-20 22:50,20687
2020-05-20 22:55,18952
2020-05-20 23:00,17582
2020-05-20 23:05,17312
2020-05-20 23:10,17398
2020-05-20 23:15,17398
2020-05-20 23:20,17655
2020-05-20 23:25,17787
2020-05-20 23:30,17856
2020-05-20 23:35,17920
2020-05-20 23:40,17955
2020-05-20 23:45,18069
2020-05-20 23:50,18088
2020-05-20 23:55,18169
2020-05-21 00:00,18215
2020-05-21 00:05,18285
2020-05-21 00:10,18192
2020-05-21 00:15,18192
2020-05-21 00:20,18211
2020-05-21 00:25,18126
2020-05-21 00:30,18081
2020-05-21 00:35,18021
2020-05-21 00:40,18086
2020-05-21 00:45,18229
2020-05-21 00:50,18332
2020-05-21 00:55,18393
2020-05-21 01:00,18556
2020-05-21 01:05,18556
2020-05-21 01:10,18167
2020-05-21 01:15,18244
2020-05-21 01:20,18244
2020-05-21 01:25,18147
2020-05-21 01:30,17891
2020-05-21 01:35,17720
2020-05-21 01:40,17729
2020-05-21 01:45,17795
2020-05-21 01:50,17862
2020-05-21 01:55,17922
2020-05-21 02:00,18132
2020-05-21 02:05,18132
2020-05-21 02:10,18215
2020-05-21 02:15,18272
2020-05-21 02:20,18309
2020-05-21 02:25,18312
2020-05-21 02:30,18384
2020-05-21 02:35,18372
2020-05-21 02:40,18397
2020-05-21 02:45,18388
2020-05-21 02:50,18380
2020-05-21 02:55,18138
2020-05-21 03:00,18118
2020-05-21 03:05,18058
2020-05-21 03:10,18012
2020-05-21 03:15,18004
2020-05-21 03:20,17763
2020-05-21 03:25,17656
2020-05-21 03:30,17564
2020-05-21 03:35,17438
2020-05-21 03:40,17308
2020-05-21 03:45,17230
2020-05-21 03:50,17084
2020-05-21 03:55,16910
2020-05-21 04:00,16624
2020-05-21 04:05,16624
2020-05-21 04:10,16463
2020-05-21 04:15,16333
2020-05-21 04:20,16173
2020-05-21 04:25,16088
2020-05-21 04:30,15648
2020-05-21 04:35,15648
2020-05-21 04:40,15474
2020-05-21 04:45,15299
2020-05-21 04:50,15112
2020-05-21 04:55,14909
2020-05-21 05:00,14683
2020-05-21 05:05,14385
2020-05-21 05:10,14117
2020-05-21 05:15,13916
2020-05-21 05:20,13689
2020-05-21 05:25,13473
2020-05-21 05:30,13222
2020-05-21 05:35,12989
2020-05-21 05:40,12828
2020-05-21 05:45,12573
2020-05-21 05:50,12144
2020-05-21 05:55,12144
2020-05-21 06:00,11889
2020-05-21 06:05,11629
2020-05-21 06:10,11431
2020-05-21 06:15,10979
2020-05-21 06:20,10979
2020-05-21 06:25,10768
2020-05-21 06:30,10623
2020-05-21 06:35,10468
2020-05-21 06:40,10111
2020-05-21 06:45,10111
2020-05-21 06:50,9923
2020-05-21 06:55,9773
2020-05-21 07:00,9403
2020-05-21 07:05,9403
2020-05-21 07:10,9282
2020-05-21 07:15,9179
2020-05-21 07:20,8975
2020-05-21 07:25,8856
2020-05-21 07:30,8764
2020-05-21 07:35,8662
2020-05-21 07:40,8517
2020-05-21 07:45,8408
2020-05-21 07:50,8332
2020-05-21 07:55,8294
2020-05-21 08:00,8233
2020-05-21 08:05,8078
2020-05-21 08:10,8037
2020-05-21 08:15,7928
2020-05-21 08:20,7914
2020-05-21 08:25,7854
2020-05-21 08:30,7808
2020-05-21 08:35,7779
2020-05-21 08:40,7700
2020-05-21 08:45,7679
2020-05-21 08:50,7658
2020-05-21 08:55,7659
2020-05-21 09:00,7593
2020-05-21 09:05,7593
2020-05-21 09:10,7657
2020-05-21 09:15,7656
2020-05-21 09:20,7382
2020-05-21 09:25,7448
2020-05-21 09:30,7485
2020-05-21 09:35,7551
2020-05-21 09:40,7588
2020-05-21 09:45,7617
2020-05-21 09:50,7713
2020-05-21 09:55,7700
2020-05-21 10:00,7781
2020-05-21 10:05,7812
2020-05-21 10:10,7859
2020-05-21 10:15,7949
2020-05-21 10:20,8001
2020-05-21 10:25,8039
2020-05-21 10:30,8130
2020-05-21 10:35,8130
2020-05-21 10:40,8154
2020-05-21 10:45,8184
2020-05-21 10:50,8238
2020-05-21 10:55,8313
2020-05-21 11:00,8472
2020-05-21 11:05,8472
2020-05-21 11:10,8562
2020-05-21 11:15,8649
2020-05-21 11:20,8718
2020-05-21 11:25,8778
2020-05-21 11:30,8857
2020-05-21 11:35,8972
2020-05-21 11:40,9097
2020-05-21 11:45,9157
2020-05-21 11:50,9245
2020-05-21 11:55,9359
2020-05-21 12:00,9422
2020-05-21 12:05,9449
2020-05-21 12:10,9547
2020-05-21 12:15,9690
2020-05-21 12:20,9799
2020-05-21 12:25,9852
2020-05-21 12:30,9843
2020-05-21 12:35,9900
2020-05-21 12:40,9963
2020-05-21 12:45,10140
2020-05-21 12:50,10262
2020-05-21 12:55,10318
2020-05-21 13:00,10417
2020-05-21 13:05,10570
2020-05-21 13:10,10662
2020-05-21 13:15,10771
2020-05-21 13:20,10894
2020-05-21 13:25,11066
2020-05-21 13:30,11242
2020-05-21 13:35,11379
2020-05-21 13:40,11457
2020-05-21 13:45,11639
2020-05-21 13:50,11767
2020-05-21 13:55,11866
2020-05-21 14:00,11980
2020-05-21 14:05,12118
2020-05-21 14:10,12239
2020-05-21 14:15,12320
2020-05-21 14:20,12477
2020-05-21 14:25,12609
2020-05-21 14:30,12786
2020-05-21 14:35,12947
2020-05-21 14:40,13057
2020-05-21 14:45,13139
2020-05-21 14:50,13312
2020-05-21 14:55,13451
2020-05-21 15:00,13536
2020-05-21 15:05,13514
2020-05-21 15:10,13550
2020-05-21 15:15,13668
2020-05-21 15:20,13798
2020-05-21 15:25,13923
2020-05-21 15:30,14011
2020-05-21 15:35,14133
2020-05-21 15:40,14249
2020-05-21 15:45,14379
2020-05-21 15:50,14451
2020-05-21 15:55,14520
2020-05-21 16:00,14611
2020-05-21 16:05,14692
2020-05-21 16:10,14796
2020-05-21 16:15,14922
2020-05-21 16:20,15058
2020-05-21 16:25,15232
2020-05-21 16:30,15349
2020-05-21 16:35,15446
2020-05-21 16:40,15600
2020-05-21 16:45,15796
2020-05-21 16:50,15861
2020-05-21 16:55,16003
2020-05-21 17:00,16053
2020-05-21 17:05,16139
2020-05-21 17:10,16202
2020-05-21 17:15,16266
2020-05-21 17:20,16313
2020-05-21 17:25,16462
2020-05-21 17:30,16548
2020-05-21 17:35,16778
2020-05-21 17:40,16888
2020-05-21 17:45,17059
2020-05-21 17:50,17225
2020-05-21 17:55,17375
2020-05-21 18:00,17467
2020-05-21 18:05,17592
2020-05-21 18:10,17777
2020-05-21 18:15,17889
2020-05-21 18:20,18061
2020-05-21 18:25,18248
2020-05-21 18:30,18522
2020-05-21 18:35,18666
2020-05-21 18:40,18873
2020-05-21 18:45,19079
2020-05-21 18:50,19256
2020-05-21 18:55,19360
2020-05-21 19:00,19447
2020-05-21 19:05,19654
2020-05-21 19:10,19728
2020-05-21 19:15,19846
2020-05-21 19:20,19902
2020-05-21 19:25,19972
2020-05-21 19:30,20111
2020-05-21 19:35,20187
2020-05-21 19:40,20254
2020-05-21 19:45,20331
2020-05-21 19:50,20383
2020-05-21 19:55,20409
2020-05-21 20:00,20532
2020-05-21 20:05,20644
2020-05-21 20:10,20733
2020-05-21 20:15,20805
2020-05-21 20:20,20903
2020-05-21 20:25,21001
2020-05-21 20:30,21052
2020-05-21 20:35,21168
2020-05-21 20:40,21139
2020-05-21 20:45,21221
2020-05-21 20:50,21292
2020-05-21 20:55,21297
2020-05-21 21:00,21402
2020-05-21 21:05,21416
2020-05-21 21:10,21443
2020-05-21 21:15,21385
2020-05-21 21:20,21255
2020-05-21 21:25,21187
2020-05-21 21:30,21148
2020-05-21 21:35,21159
2020-05-21 21:40,21219
2020-05-21 21:45,21127
2020-05-21 21:50,20993
2020-05-21 21:55,20985
2020-05-21 22:00,20778
2020-05-21 22:05,20609
2020-05-21 22:10,20482
2020-05-21 22:15,20417
2020-05-21 22:20,20481
2020-05-21 22:25,18766
2020-05-21 22:30,17572
2020-05-21 22:35,17627
2020-05-21 22:40,17766
2020-05-21 22:45,17845
2020-05-21 22:50,17848
2020-05-21 22:55,17832
2020-05-21 23:00,17826
2020-05-21 23:05,17891
2020-05-21 23:10,18004
2020-05-21 23:15,17975
2020-05-21 23:20,17971
2020-05-21 23:25,17864
2020-05-21 23:30,17483
2020-05-21 23:35,17077
2020-05-21 23:40,17160
2020-05-21 23:45,17362
2020-05-21 23:50,17380
2020-05-21 23:55,17407
2020-05-22 00:00,17471
2020-05-22 00:05,17557
2020-05-22 00:10,17547
2020-05-22 00:15,17609
2020-05-22 00:20,17591
2020-05-22 00:25,17646
2020-05-22 00:30,17716
2020-05-22 00:35,17876
2020-05-22 00:40,17928
2020-05-22 00:45,17952
2020-05-22 00:50,17959
2020-05-22 00:55,18053
2020-05-22 01:00,18074
2020-05-22 01:05,18132
2020-05-22 01:10,18203
2020-05-22 01:15,18333
2020-05-22 01:20,18386
2020-05-22 01:25,18529
2020-05-22 01:30,18646
2020-05-22 01:35,18692
2020-05-22 01:40,18755
2020-05-22 01:45,18738
2020-05-22 01:50,18770
2020-05-22 01:55,18724
2020-05-22 02:00,18782
2020-05-22 02:05,18746
2020-05-22 02:10,18785
2020-05-22 02:15,18831
2020-05-22 02:20,13120
2020-05-22 02:25,18693
2020-05-22 02:30,18744
2020-05-22 02:35,18692
2020-05-22 02:40,18651
2020-05-22 02:45,18694
2020-05-22 02:50,18602
2020-05-22 02:55,18549
2020-05-22 03:00,18482
2020-05-22 03:05,18381
2020-05-22 03:10,18352
2020-05-22 03:15,18214
2020-05-22 03:20,18044
2020-05-22 03:25,17907
2020-05-22 03:30,17461
2020-05-22 03:35,16848
2020-05-22 03:40,16683
2020-05-22 03:45,16679
2020-05-22 03:50,16564
2020-05-22 03:55,16548
2020-05-22 04:00,16465
2020-05-22 04:05,16334
2020-05-22 04:10,16165
2020-05-22 04:15,15954
2020-05-22 04:20,15772
2020-05-22 04:25,15719
2020-05-22 04:30,15546
2020-05-22 04:35,15381
2020-05-22 04:40,15249
2020-05-22 04:45,15172
2020-05-22 04:50,14918
2020-05-22 04:55,14743
2020-05-22 05:00,14573
2020-05-22 05:05,14372
2020-05-22 05:10,14069
2020-05-22 05:15,13925
2020-05-22 05:20,13750
2020-05-22 05:25,13544
2020-05-22 05:30,13279
2020-05-22 05:35,13061
2020-05-22 05:40,12870
2020-05-22 05:45,12681
2020-05-22 05:50,12484
2020-05-22 05:55,12278
2020-05-22 06:00,11977
2020-05-22 06:05,11713
2020-05-22 06:10,11453
2020-05-22 06:15,11204
2020-05-22 06:20,11077
2020-05-22 06:25,10863
2020-05-22 06:30,10674
2020-05-22 06:35,10533
2020-05-22 06:40,10175
2020-05-22 06:45,9879
2020-05-22 06:50,9615
2020-05-22 06:55,9388
2020-05-22 07:00,9106
2020-05-22 07:05,8843
2020-05-22 07:10,8608
2020-05-22 07:15,8431
2020-05-22 07:20,8205
2020-05-22 07:25,7908
2020-05-22 07:30,7645
2020-05-22 07:35,7286
2020-05-22 07:40,5740
2020-05-22 07:45,4642
2020-05-22 07:50,3632
2020-05-22 07:55,2843
2020-05-22 08:00,2306
2020-05-22 08:05,2000
2020-05-22 08:10,1672
2020-05-22 08:15,1648
2020-05-22 08:20,1643
2020-05-22 08:25,1957
2020-05-22 08:30,2357
2020-05-22 08:35,2807
2020-05-22 08:40,3324
2020-05-22 08:45,3708
2020-05-22 08:50,4049
2020-05-22 08:55,4390
2020-05-22 09:00,4660
2020-05-22 09:05,4930
2020-05-22 09:10,5260
2020-05-22 09:15,5554
2020-05-22 09:20,5797
2020-05-22 09:25,6028
2020-05-22 09:30,6247
2020-05-22 09:35,6428
2020-05-22 09:40,6599
2020-05-22 09:45,6808
2020-05-22 09:50,6973
2020-05-22 09:55,7101
2020-05-22 10:00,7274
2020-05-22 10:05,7412
2020-05-22 10:10,7504
2020-05-22 10:15,7622
2020-05-22 10:20,7712
2020-05-22 10:25,7813
2020-05-22 10:30,7878
2020-05-22 10:35,7953
2020-05-22 10:40,8040
2020-05-22 10:45,5111
2020-05-22 10:50,7491
2020-05-22 10:55,8102
2020-05-22 11:00,8226
2020-05-22 11:05,8312
2020-05-22 11:10,8385
2020-05-22 11:15,8512
2020-05-22 11:20,8587
2020-05-22 11:25,8684
2020-05-22 11:30,8789
2020-05-22 11:35,8842
2020-05-22 11:40,8936
2020-05-22 11:45,8983
2020-05-22 11:50,9017
2020-05-22 11:55,9104
2020-05-22 12:00,9209
2020-05-22 12:05,9254
2020-05-22 12:10,9283
2020-05-22 12:15,9239
2020-05-22 12:20,9316
2020-05-22 12:25,9392
2020-05-22 12:30,9469
2020-05-22 12:35,9558
2020-05-22 12:40,9645
2020-05-22 12:45,9751
2020-05-22 12:50,9894
2020-05-22 12:55,9964
2020-05-22 13:00,10119
2020-05-22 13:05,10255
2020-05-22 13:10,10390
2020-05-22 13:15,10556
2020-05-22 13:20,10759
2020-05-22 13:25,10942
2020-05-22 13:30,11097
2020-05-22 13:35,11332
2020-05-22 13:40,11410
2020-05-22 13:45,11613
2020-05-22 13:50,11741
2020-05-22 13:55,11927
2020-05-22 14:00,12047
2020-05-22 14:05,12172
2020-05-22 14:10,12369
2020-05-22 14:15,12501
2020-05-22 14:20,12639
2020-05-22 14:25,12786
2020-05-22 14:30,13014
2020-05-22 14:35,13138
2020-05-22 14:40,13243
2020-05-22 14:45,13285
2020-05-22 14:50,13410
2020-05-22 14:55,13451
2020-05-22 15:00,13504
2020-05-22 15:05,13648
2020-05-22 15:10,13777
2020-05-22 15:15,13975
2020-05-22 15:20,14129
2020-05-22 15:25,14285
2020-05-22 15:30,14399
2020-05-22 15:35,14500
2020-05-22 15:40,14613
2020-05-22 15:45,14770
2020-05-22 15:50,14881
2020-05-22 15:55,14956
2020-05-22 16:00,15033
2020-05-22 16:05,15181
2020-05-22 16:10,15216
2020-05-22 16:15,15386
2020-05-22 16:20,15479
2020-05-22 16:25,15601
2020-05-22 16:30,15759
2020-05-22 16:35,15928
2020-05-22 16:40,15991
2020-05-22 16:45,16123
2020-05-22 16:50,16205
2020-05-22 16:55,16262
2020-05-22 17:00,16319
2020-05-22 17:05,16416
2020-05-22 17:10,16532
2020-05-22 17:15,16642
2020-05-22 17:20,16801
2020-05-22 17:25,16975
2020-05-22 17:30,17149
2020-05-22 17:35,17241
2020-05-22 17:40,17384
2020-05-22 17:45,17563
2020-05-22 17:50,17571
2020-05-22 17:55,17627
2020-05-22 18:00,17819
2020-05-22 18:05,18001
2020-05-22 18:10,18240
2020-05-22 18:15,18309
2020-05-22 18:20,18505
2020-05-22 18:25,18664
2020-05-22 18:30,18836
2020-05-22 18:35,19046
2020-05-22 18:40,19212
2020-05-22 18:45,19314
2020-05-22 18:50,19450
2020-05-22 18:55,19586
2020-05-22 19:00,19757
2020-05-22 19:05,19826
2020-05-22 19:10,19819
2020-05-22 19:15,19963
2020-05-22 19:20,20102
2020-05-22 19:25,20312
2020-05-22 19:30,20499
2020-05-22 19:35,20574
2020-05-22 19:40,20589
2020-05-22 19:45,20639
2020-05-22 19:50,20802
2020-05-22 19:55,20891
2020-05-22 20:00,21027
2020-05-22 20:05,21094
2020-05-22 20:10,21105
2020-05-22 20:15,21197
2020-05-22 20:20,21266
2020-05-22 20:25,21342
2020-05-22 20:30,21505
2020-05-22 20:35,21649
2020-05-22 20:40,21602
2020-05-22 20:45,21747
2020-05-22 20:50,21881
2020-05-22 20:55,21826
2020-05-22 21:00,21853
2020-05-22 21:05,21830
2020-05-22 21:10,21939
2020-05-22 21:15,22051
2020-05-22 21:20,22081
2020-05-22 21:25,22151
2020-05-22 21:30,22136
2020-05-22 21:35,22235
2020-05-22 21:40,22193
2020-05-22 21:45,22090
2020-05-22 21:50,22051
2020-05-22 21:55,21994
2020-05-22 22:00,21927
2020-05-22 22:05,21846
2020-05-22 22:10,21749
2020-05-22 22:15,21616
2020-05-22 22:20,21538
2020-05-22 22:25,21432
2020-05-22 22:30,21267
2020-05-22 22:35,21188
2020-05-22 22:40,21048
2020-05-22 22:45,21050
2020-05-22 22:50,20957
2020-05-22 22:55,20919
2020-05-22 23:00,20871
2020-05-22 23:05,20707
2020-05-22 23:10,20534
2020-05-22 23:15,20472
2020-05-22 23:20,20404
2020-05-22 23:25,20213
2020-05-22 23:30,20235
2020-05-22 23:35,20212
2020-05-22 23:40,20181
2020-05-22 23:45,20052
2020-05-22 23:50,19905
2020-05-22 23:55,19821
2020-05-23 00:00,19686
2020-05-23 00:05,19588
2020-05-23 00:10,19475
2020-05-23 00:15,19349
2020-05-23 00:20,19233
2020-05-23 00:25,19119
2020-05-23 00:30,19033
2020-05-23 00:35,19022
2020-05-23 00:40,18946
2020-05-23 00:45,18941
2020-05-23 00:50,18926
2020-05-23 00:55,18918
2020-05-23 01:00,18982
2020-05-23 01:05,18903
2020-05-23 01:10,18851
2020-05-23 01:15,18906
2020-05-23 01:20,19007
2020-05-23 01:25,19107
2020-05-23 01:30,19172
2020-05-23 01:35,19154
2020-05-23 01:40,19216
2020-05-23 01:45,19229
2020-05-23 01:50,19211
2020-05-23 01:55,19269
2020-05-23 02:00,19312
2020-05-23 02:05,19366
2020-05-23 02:10,19390
2020-05-23 02:15,19410
2020-05-23 02:20,19447
2020-05-23 02:25,19528
2020-05-23 02:30,19537
2020-05-23 02:35,19568
2020-05-23 02:40,19631
2020-05-23 02:45,19736
2020-05-23 02:50,19764
2020-05-23 02:55,19696
2020-05-23 03:00,19701
2020-05-23 03:05,19649
2020-05-23 03:10,19621
2020-05-23 03:15,19566
2020-05-23 03:20,19476
2020-05-23 03:25,19421
2020-05-23 03:30,19350
2020-05-23 03:35,19276
2020-05-23 03:40,19176
2020-05-23 03:45,19116
2020-05-23 03:50,18935
2020-05-23 03:55,18820
2020-05-23 04:00,18711
2020-05-23 04:05,18624
2020-05-23 04:10,18467
2020-05-23 04:15,18409
2020-05-23 04:20,18338
2020-05-23 04:25,18182
2020-05-23 04:30,18043
2020-05-23 04:35,17912
2020-05-23 04:40,17773
2020-05-23 04:45,17648
2020-05-23 04:50,17446
2020-05-23 04:55,17233
2020-05-23 05:00,17040
2020-05-23 05:05,16857
2020-05-23 05:10,16615
2020-05-23 05:15,16302
2020-05-23 05:20,16142
2020-05-23 05:25,15907
2020-05-23 05:30,15699
2020-05-23 05:35,15386
2020-05-23 05:40,15227
2020-05-23 05:45,15014
2020-05-23 05:50,14755
2020-05-23 05:55,14513
2020-05-23 06:00,14260
2020-05-23 06:05,14107
2020-05-23 06:10,13861
2020-05-23 06:15,13607
2020-05-23 06:20,13347
2020-05-23 06:25,13081
2020-05-23 06:30,12897
2020-05-23 06:35,12640
2020-05-23 06:40,12419
2020-05-23 06:45,12222
2020-05-23 06:50,12003
2020-05-23 06:55,11809
2020-05-23 07:00,11605
2020-05-23 07:05,11394
2020-05-23 07:10,11159
2020-05-23 07:15,10974
2020-05-23 07:20,10756
2020-05-23 07:25,10588
2020-05-23 07:30,10418
2020-05-23 07:35,10291
2020-05-23 07:40,10145
2020-05-23 07:45,10036
2020-05-23 07:50,9896
2020-05-23 07:55,9827
2020-05-23 08:00,9688
2020-05-23 08:05,9648
2020-05-23 08:10,9526
2020-05-23 08:15,9285
2020-05-23 08:20,9152
2020-05-23 08:25,9023
2020-05-23 08:30,8949
2020-05-23 08:35,8871
2020-05-23 08:40,8895
2020-05-23 08:45,8834
2020-05-23 08:50,8781
2020-05-23 08:55,8709
2020-05-23 09:00,8662
2020-05-23 09:05,8599
2020-05-23 09:10,8613
2020-05-23 09:15,8582
2020-05-23 09:20,8456
2020-05-23 09:25,8443
2020-05-23 09:30,8515
2020-05-23 09:35,8546
2020-05-23 09:40,8568
2020-05-23 09:45,8528
2020-05-23 09:50,8544
2020-05-23 09:55,8570
2020-05-23 10:00,8557
2020-05-23 10:05,8592
2020-05-23 10:10,8635
2020-05-23 10:15,8646
2020-05-23 10:20,8688
2020-05-23 10:25,8835
2020-05-23 10:30,8928
2020-05-23 10:35,8980
2020-05-23 10:40,8989
2020-05-23 10:45,9015
2020-05-23 10:50,9072
2020-05-23 10:55,9122
2020-05-23 11:00,9231
2020-05-23 11:05,9285
2020-05-23 11:10,9347
2020-05-23 11:15,9509
2020-05-23 11:20,9603
2020-05-23 11:25,9680
2020-05-23 11:30,9789
2020-05-23 11:35,9886
2020-05-23 11:40,9964
2020-05-23 11:45,10025
2020-05-23 11:50,10152
2020-05-23 11:55,10207
2020-05-23 12:00,10282
2020-05-23 12:05,10392
2020-05-23 12:10,10501
2020-05-23 12:15,10592
2020-05-23 12:20,10685
2020-05-23 12:25,10789
2020-05-23 12:30,10917
2020-05-23 12:35,11049
2020-05-23 12:40,11163
2020-05-23 12:45,11234
2020-05-23 12:50,11361
2020-05-23 12:55,11407
2020-05-23 13:00,11511
2020-05-23 13:05,11637
2020-05-23 13:10,11807
2020-05-23 13:15,12004
2020-05-23 13:20,12188
2020-05-23 13:25,12413
2020-05-23 13:30,12570
2020-05-23 13:35,12723
2020-05-23 13:40,12902
2020-05-23 13:45,13084
2020-05-23 13:50,13295
2020-05-23 13:55,13503
2020-05-23 14:00,13592
2020-05-23 14:05,13747
2020-05-23 14:10,13864
2020-05-23 14:15,14010
2020-05-23 14:20,14120
2020-05-23 14:25,14230
2020-05-23 14:30,14391
2020-05-23 14:35,14504
2020-05-23 14:40,14651
2020-05-23 14:45,14805
2020-05-23 14:50,14927
2020-05-23 14:55,15152
2020-05-23 15:00,15308
2020-05-23 15:05,15436
2020-05-23 15:10,15528
2020-05-23 15:15,15645
2020-05-23 15:20,15829
2020-05-23 15:25,15940
2020-05-23 15:30,16035
2020-05-23 15:35,16128
2020-05-23 15:40,16294
2020-05-23 15:45,16448
2020-05-23 15:50,16561
2020-05-23 15:55,16621
2020-05-23 16:00,16665
2020-05-23 16:05,16688
2020-05-23 16:10,16691
2020-05-23 16:15,16768
2020-05-23 16:20,16871
2020-05-23 16:25,16981
2020-05-23 16:30,17025
2020-05-23 16:35,17138
2020-05-23 16:40,17243
2020-05-23 16:45,17293
2020-05-23 16:50,17301
2020-05-23 16:55,17456
2020-05-23 17:00,17542
2020-05-23 17:05,17621
2020-05-23 17:10,17783
2020-05-23 17:15,17831
2020-05-23 17:20,17907
2020-05-23 17:25,18014
2020-05-23 17:30,18158
2020-05-23 17:35,18338
2020-05-23 17:40,18544
2020-05-23 17:45,18742
2020-05-23 17:50,18774
2020-05-23 17:55,18916
2020-05-23 18:00,19018
2020-05-23 18:05,19117
2020-05-23 18:10,19263
2020-05-23 18:15,19468
2020-05-23 18:20,19582
2020-05-23 18:25,19789
2020-05-23 18:30,19921
2020-05-23 18:35,19987
2020-05-23 18:40,20061
2020-05-23 18:45,20261
2020-05-23 18:50,20396
2020-05-23 18:55,20492
2020-05-23 19:00,20557
2020-05-23 19:05,20726
2020-05-23 19:10,20842
2020-05-23 19:15,20896
2020-05-23 19:20,21003
2020-05-23 19:25,21090
2020-05-23 19:30,
2020-05-23 19:35,21298
2020-05-23 19:40,21428
2020-05-23 19:45,21548
2020-05-23 19:50,21630
2020-05-23 19:55,21704
2020-05-23 20:00,21789
2020-05-23 20:05,21869
2020-05-23 20:10,21995
2020-05-23 20:15,22088
2020-05-23 20:20,22092
2020-05-23 20:25,22119
2020-05-23 20:30,22201
2020-05-23 20:35,22257
2020-05-23 20:40,22352
2020-05-23 20:45,22365
2020-05-23 20:50,22451
2020-05-23 20:55,22520
2020-05-23 21:00,22536
2020-05-23 21:05,22573
2020-05-23 21:10,22567
2020-05-23 21:15,22603
2020-05-23 21:20,22604
2020-05-23 21:25,22613
2020-05-23 21:30,22686
2020-05-23 21:35,22718
2020-05-23 21:40,22742
2020-05-23 21:45,22745
2020-05-23 21:50,22763
2020-05-23 21:55,22709
2020-05-23 22:00,22630
2020-05-23 22:05,22568
2020-05-23 22:10,22425
2020-05-23 22:15,22366
2020-05-23 22:20,22145
2020-05-23 22:25,21960
2020-05-23 22:30,21926
2020-05-23 22:35,21816
2020-05-23 22:40,21670
2020-05-23 22:45,21528
2020-05-23 22:50,21477
2020-05-23 22:55,21346
2020-05-23 23:00,21231
2020-05-23 23:05,21063
2020-05-23 23:10,20907
2020-05-23 23:15,20774
2020-05-23 23:20,20533
2020-05-23 23:25,20323
2020-05-23 23:30,20209
2020-05-23 23:35,20036
2020-05-23 23:40,19972
2020-05-23 23:45,19871
2020-05-23 23:50,19644
2020-05-23 23:55,19545
2020-05-24 00:00,19336
2020-05-24 00:05,19234
2020-05-24 00:10,19136
2020-05-24 00:15,19052
2020-05-24 00:20,18988
2020-05-24 00:25,18944
2020-05-24 00:30,18955
2020-05-24 00:35,18917
2020-05-24 00:40,18936
2020-05-24 00:45,18811
2020-05-24 00:50,18712
2020-05-24 00:55,18684
2020-05-24 01:00,18615
2020-05-24 01:05,18547
2020-05-24 01:10,18411
2020-05-24 01:15,18467
2020-05-24 01:20,18506
2020-05-24 01:25,18576
2020-05-24 01:30,18608
2020-05-24 01:35,18654
2020-05-24 01:40,18696
2020-05-24 01:45,18717
2020-05-24 01:50,18681
2020-05-24 01:55,18597
2020-05-24 02:00,18588
2020-05-24 02:05,18638
2020-05-24 02:10,18660
2020-05-24 02:15,18655
2020-05-24 02:20,18734
2020-05-24 02:25,18791
2020-05-24 02:30,18802
2020-05-24 02:35,18810
2020-05-24 02:40,18851
2020-05-24 02:45,18859
2020-05-24 02:50,18866
2020-05-24 02:55,18936
2020-05-24 03:00,18913
2020-05-24 03:05,18911
2020-05-24 03:10,18868
2020-05-24 03:15,18870
2020-05-24 03:20,18890
2020-05-24 03:25,18816
2020-05-24 03:30,18799
2020-05-24 03:35,18823
2020-05-24 03:40,18812
2020-05-24 03:45,18818
2020-05-24 03:50,18743
2020-05-24 03:55,18623
2020-05-24 04:00,18556
2020-05-24 04:05,18525
2020-05-24 04:10,18442
2020-05-24 04:15,18414
2020-05-24 04:20,18284
2020-05-24 04:25,18146
2020-05-24 04:30,18010
2020-05-24 04:35,17881
2020-05-24 04:40,17769
2020-05-24 04:45,17603
2020-05-24 04:50,17479
2020-05-24 04:55,17223
2020-05-24 05:00,16991
2020-05-24 05:05,16779
2020-05-24 05:10,16572
2020-05-24 05:15,16398
2020-05-24 05:20,16259
2020-05-24 05:25,16083
2020-05-24 05:30,15772
2020-05-24 05:35,15546
2020-05-24 05:40,15313
2020-05-24 05:45,15043
2020-05-24 05:50,14862
2020-05-24 05:55,14650
2020-05-24 06:00,14456
2020-05-24 06:05,14230
2020-05-24 06:10,14007
2020-05-24 06:15,13741
2020-05-24 06:20,13461
2020-05-24 06:25,13235
2020-05-24 06:30,13021
2020-05-24 06:35,12781
2020-05-24 06:40,12548
2020-05-24 06:45,12384
2020-05-24 06:50,12161
2020-05-24 06:55,11923
2020-05-24 07:00,11711
2020-05-24 07:05,11517
2020-05-24 07:10,11311
2020-05-24 07:15,11184
2020-05-24 07:20,11032
2020-05-24 07:25,10885
2020-05-24 07:30,10742
2020-05-24 07:35,10589
2020-05-24 07:40,10461
2020-05-24 07:45,10290
2020-05-24 07:50,10147
2020-05-24 07:55,10013
2020-05-24 08:00,9944
2020-05-24 08:05,9808
2020-05-24 08:10,9691
2020-05-24 08:15,9577
2020-05-24 08:20,9431
2020-05-24 08:25,9344
2020-05-24 08:30,9294
2020-05-24 08:35,9247
2020-05-24 08:40,9246
2020-05-24 08:45,9197
2020-05-24 08:50,9140
2020-05-24 08:55,9097
2020-05-24 09:00,9038
2020-05-24 09:05,8983
2020-05-24 09:10,9089
2020-05-24 09:15,9093
2020-05-24 09:20,9077
2020-05-24 09:25,9080
2020-05-24 09:30,9128
2020-05-24 09:35,9173
2020-05-24 09:40,9203
2020-05-24 09:45,9215
2020-05-24 09:50,9265
2020-05-24 09:55,9292
2020-05-24 10:00,9302
2020-05-24 10:05,9351
2020-05-24 10:10,9399
2020-05-24 10:15,9493
2020-05-24 10:20,9530
2020-05-24 10:25,9582
2020-05-24 10:30,9647
2020-05-24 10:35,9746
2020-05-24 10:40,9809
2020-05-24 10:45,9829
2020-05-24 10:50,9893
2020-05-24 10:55,9960
2020-05-24 11:00,10007
2020-05-24 11:05,10073
2020-05-24 11:10,10160
2020-05-24 11:15,10309
2020-05-24 11:20,10386
2020-05-24 11:25,10485
2020-05-24 11:30,10535
2020-05-24 11:35,10736
2020-05-24 11:40,10843
2020-05-24 11:45,11003
2020-05-24 11:50,11120
2020-05-24 11:55,11173
2020-05-24 12:00,11165
2020-05-24 12:05,11264
2020-05-24 12:10,11382
2020-05-24 12:15,11530
2020-05-24 12:20,11572
2020-05-24 12:25,11689
2020-05-24 12:30,11793
2020-05-24 12:35,11909
2020-05-24 12:40,12001
2020-05-24 12:45,12135
2020-05-24 12:50,12300
2020-05-24 12:55,12353
2020-05-24 13:00,12503
2020-05-24 13:05,12623
2020-05-24 13:10,12790
2020-05-24 13:15,12848
2020-05-24 13:20,12987
2020-05-24 13:25,13098
2020-05-24 13:30,13301
2020-05-24 13:35,13458
2020-05-24 13:40,13651
2020-05-24 13:45,13794
2020-05-24 13:50,13939
2020-05-24 13:55,14058
2020-05-24 14:00,14204
2020-05-24 14:05,14363
2020-05-24 14:10,14485
2020-05-24 14:15,14661
2020-05-24 14:20,14803
2020-05-24 14:25,14977
2020-05-24 14:30,15068
2020-05-24 14:35,15214
2020-05-24 14:40,15349
2020-05-24 14:45,15508
2020-05-24 14:50,15586
2020-05-24 14:55,15700
2020-05-24 15:00,0
2020-05-24 15:05,15953
2020-05-24 15:10,16092
2020-05-24 15:15,0
2020-05-24 15:20,16219
2020-05-24 15:25,16356
2020-05-24 15:30,16547
2020-05-24 15:35,16719
2020-05-24 15:40,16847
2020-05-24 15:45,16914
2020-05-24 15:50,16990
2020-05-24 15:55,17001
2020-05-24 16:00,17057
2020-05-24 16:05,17101
2020-05-24 16:10,17200
2020-05-24 16:15,17347
2020-05-24 16:20,17477
2020-05-24 16:25,17694
2020-05-24 16:30,17779
2020-05-24 16:35,17837
2020-05-24 16:40,18010
2020-05-24 16:45,18204
2020-05-24 16:50,18302
2020-05-24 16:55,18403
2020-05-24 17:00,18589
2020-05-24 17:05,18656
2020-05-24 17:10,18863
2020-05-24 17:15,18996
2020-05-24 17:20,19097
2020-05-24 17:25,19229
2020-05-24 17:30,19397
2020-05-24 17:35,19515
2020-05-24 17:40,19690
2020-05-24 17:45,19843
2020-05-24 17:50,20005
2020-05-24 17:55,20142
2020-05-24 18:00,20315
2020-05-24 18:05,20450
2020-05-24 18:10,20584
2020-05-24 18:15,20602
2020-05-24 18:20,20802
2020-05-24 18:25,21072
2020-05-24 18:30,21234
2020-05-24 18:35,21430
2020-05-24 18:40,21563
2020-05-24 18:45,21697
2020-05-24 18:50,21739
2020-05-24 18:55,21872
2020-05-24 19:00,21911
2020-05-24 19:05,22059
2020-05-24 19:10,22178
2020-05-24 19:15,22291
2020-05-24 19:20,22420
2020-05-24 19:25,22455
2020-05-24 19:30,22541
2020-05-24 19:35,22637
2020-05-24 19:40,22709
2020-05-24 19:45,22750
2020-05-24 19:50,22824
2020-05-24 19:55,22914
2020-05-24 20:00,22998
2020-05-24 20:05,23029
2020-05-24 20:10,23028
2020-05-24 20:15,23074
2020-05-24 20:20,23088
2020-05-24 20:25,23177
2020-05-24 20:30,23155
2020-05-24 20:35,23179
2020-05-24 20:40,23325
2020-05-24 20:45,23371
2020-05-24 20:50,23333
2020-05-24 20:55,23287
2020-05-24 21:00,23214
2020-05-24 21:05,23226
2020-05-24 21:10,23188
2020-05-24 21:15,23082
2020-05-24 21:20,23042
2020-05-24 21:25,22933
2020-05-24 21:30,22819
2020-05-24 21:35,22795
2020-05-24 21:40,22689
2020-05-24 21:45,22549
2020-05-24 21:50,22401
2020-05-24 21:55,22028
2020-05-24 22:00,21826
2020-05-24 22:05,21663
2020-05-24 22:10,21392
2020-05-24 22:15,21263
2020-05-24 22:20,21185
2020-05-24 22:25,21067
2020-05-24 22:30,20975
2020-05-24 22:35,20948
2020-05-24 22:40,20815
2020-05-24 22:45,20660
2020-05-24 22:50,20520
2020-05-24 22:55,20445
2020-05-24 23:00,20341
2020-05-24 23:05,20205
2020-05-24 23:10,20062
2020-05-24 23:15,20015
2020-05-24 23:20,19929
2020-05-24 23:25,19792
2020-05-24 23:30,19735
2020-05-24 23:35,19579
2020-05-24 23:40,19491
2020-05-24 23:45,19426
2020-05-24 23:50,19371
2020-05-24 23:55,19374
2020-05-25 00:00,19275
2020-05-25 00:05,19244
2020-05-25 00:10,19233
2020-05-25 00:15,19113
2020-05-25 00:20,19099
2020-05-25 00:25,18989
2020-05-25 00:30,18987
2020-05-25 00:35,18882
2020-05-25 00:40,18903
2020-05-25 00:45,18872
2020-05-25 00:50,18882
2020-05-25 00:55,18817
2020-05-25 01:00,18778
2020-05-25 01:05,18746
2020-05-25 01:10,18735
2020-05-25 01:15,18746
2020-05-25 01:20,18678
2020-05-25 01:25,18617
2020-05-25 01:30,18611
2020-05-25 01:35,18669
2020-05-25 01:40,18754
2020-05-25 01:45,18804
2020-05-25 01:50,18908
2020-05-25 01:55,18961
2020-05-25 02:00,19001
2020-05-25 02:05,19028
2020-05-25 02:10,19061
2020-05-25 02:15,19146
2020-05-25 02:20,19156
2020-05-25 02:25,19149
2020-05-25 02:30,19112
2020-05-25 02:35,19097
2020-05-25 02:40,19113
2020-05-25 02:45,19063
2020-05-25 02:50,19129
2020-05-25 02:55,19080
2020-05-25 03:00,19158
2020-05-25 03:05,18942
2020-05-25 03:10,18856
2020-05-25 03:15,18763
2020-05-25 03:20,18730
2020-05-25 03:25,18670
2020-05-25 03:30,18606
2020-05-25 03:35,18451
2020-05-25 03:40,18307
2020-05-25 03:45,18266
2020-05-25 03:50,18122
2020-05-25 03:55,18021
2020-05-25 04:00,17837
2020-05-25 04:05,17674
2020-05-25 04:10,17442
2020-05-25 04:15,17294
2020-05-25 04:20,17233
2020-05-25 04:25,17095
2020-05-25 04:30,16954
2020-05-25 04:35,16757
2020-05-25 04:40,16625
2020-05-25 04:45,16530
2020-05-25 04:50,16399
2020-05-25 04:55,16234
2020-05-25 05:00,16032
2020-05-25 05:05,15824
2020-05-25 05:10,15561
2020-05-25 05:15,15322
2020-05-25 05:20,15123
2020-05-25 05:25,14949
2020-05-25 05:30,14725
2020-05-25 05:35,14480
2020-05-25 05:40,14272
2020-05-25 05:45,14125
2020-05-25 05:50,13908
2020-05-25 05:55,13635
2020-05-25 06:00,13388
2020-05-25 06:05,13135
2020-05-25 06:10,12922
2020-05-25 06:15,12759
2020-05-25 06:20,12529
2020-05-25 06:25,12331
2020-05-25 06:30,12106
2020-05-25 06:35,11909
2020-05-25 06:40,11761
2020-05-25 06:45,11574
2020-05-25 06:50,11407
2020-05-25 06:55,11152
2020-05-25 07:00,11023
2020-05-25 07:05,10850
2020-05-25 07:10,10741
2020-05-25 07:15,10534
2020-05-25 07:20,10349
2020-05-25 07:25,10182
2020-05-25 07:30,10017
2020-05-25 07:35,9807
2020-05-25 07:40,9662
2020-05-25 07:45,9535
2020-05-25 07:50,9437
2020-05-25 07:55,9313
2020-05-25 08:00,9153
2020-05-25 08:05,8949
2020-05-25 08:10,8807
2020-05-25 08:15,8741
2020-05-25 08:20,8608
2020-05-25 08:25,8528
2020-05-25 08:30,8435
2020-05-25 08:35,8403
2020-05-25 08:40,8341
2020-05-25 08:45,8255
2020-05-25 08:50,8240
2020-05-25 08:55,8148
2020-05-25 09:00,8076
2020-05-25 09:05,8009
2020-05-25 09:10,8037
2020-05-25 09:15,8077
2020-05-25 09:20,8077
2020-05-25 09:25,8051
2020-05-25 09:30,8074
2020-05-25 09:35,8063
2020-05-25 09:40,8089
2020-05-25 09:45,8094
2020-05-25 09:50,8129
2020-05-25 09:55,8140
2020-05-25 10:00,8101
2020-05-25 10:05,8137
2020-05-25 10:10,8175
2020-05-25 10:15,8166
2020-05-25 10:20,8205
2020-05-25 10:25,8252
2020-05-25 10:30,8288
2020-05-25 10:35,8324
2020-05-25 10:40,8402
2020-05-25 10:45,8418
2020-05-25 10:50,8510
2020-05-25 10:55,8524
2020-05-25 11:00,8560
2020-05-25 11:05,8539
2020-05-25 11:10,8634
2020-05-25 11:15,8737
2020-05-25 11:20,8754
2020-05-25 11:25,8841
2020-05-25 11:30,8922
2020-05-25 11:35,8956
2020-05-25 11:40,9004
2020-05-25 11:45,9051
2020-05-25 11:50,9094
2020-05-25 11:55,9170
2020-05-25 12:00,9261
2020-05-25 12:05,9337
2020-05-25 12:10,9413
2020-05-25 12:15,9513
2020-05-25 12:20,9588
2020-05-25 12:25,9647
2020-05-25 12:30,9741
2020-05-25 12:35,9832
2020-05-25 12:40,9968
2020-05-25 12:45,10073
2020-05-25 12:50,10233
2020-05-25 12:55,10344
2020-05-25 13:00,10501
2020-05-25 13:05,10593
2020-05-25 13:10,10774
2020-05-25 13:15,10910
2020-05-25 13:20,11106
2020-05-25 13:25,11245
2020-05-25 13:30,11404
2020-05-25 13:35,11614
2020-05-25 13:40,11736
2020-05-25 13:45,11893
2020-05-25 13:50,11992
2020-05-25 13:55,12113
2020-05-25 14:00,12183
2020-05-25 14:05,12323
2020-05-25 14:10,12435
2020-05-25 14:15,12660
2020-05-25 14:20,12733
2020-05-25 14:25,12901
2020-05-25 14:30,12975
2020-05-25 14:35,13179
2020-05-25 14:40,13362
2020-05-25 14:45,13478
2020-05-25 14:50,13636
2020-05-25 14:55,13731
2020-05-25 15:00,13799
2020-05-25 15:05,13974
2020-05-25 15:10,14194
2020-05-25 15:15,14331
2020-05-25 15:20,14482
2020-05-25 15:25,14664
2020-05-25 15:30,14881
2020-05-25 15:35,15114
2020-05-25 15:40,15295
2020-05-25 15:45,15449
2020-05-25 15:50,15544
2020-05-25 15:55,15585
2020-05-25 16:00,15750
2020-05-25 16:05,15846
2020-05-25 16:10,15974
2020-05-25 16:15,16072
2020-05-25 16:20,16113
2020-05-25 16:25,16349
2020-05-25 16:30,16508
2020-05-25 16:35,16636
2020-05-25 16:40,16885
2020-05-25 16:45,17138
2020-05-25 16:50,17395
2020-05-25 16:55,17638
2020-05-25 17:00,17852
2020-05-25 17:05,18057
2020-05-25 17:10,18272
2020-05-25 17:15,18438
2020-05-25 17:20,18573
2020-05-25 17:25,18754
2020-05-25 17:30,19047
2020-05-25 17:35,19300
2020-05-25 17:40,19496
2020-05-25 17:45,19664
2020-05-25 17:50,19860
2020-05-25 17:55,20046
2020-05-25 18:00,20195
2020-05-25 18:05,20378
2020-05-25 18:10,20616
2020-05-25 18:15,20781
2020-05-25 18:20,21023
2020-05-25 18:25,21266
2020-05-25 18:30,21506
2020-05-25 18:35,21643
2020-05-25 18:40,21884
2020-05-25 18:45,22085
2020-05-25 18:50,22283
2020-05-25 18:55,22449
2020-05-25 19:00,22681
2020-05-25 19:05,22869
2020-05-25 19:10,22936
2020-05-25 19:15,23167
2020-05-25 19:20,23286
2020-05-25 19:25,23511
2020-05-25 19:30,23666
2020-05-25 19:35,23723
2020-05-25 19:40,23697
2020-05-25 19:45,23579
2020-05-25 19:50,0
2020-05-25 19:55,23311
2020-05-25 20:00,23235
2020-05-25 20:05,23053
2020-05-25 20:10,22836
2020-05-25 20:15,22694
2020-05-25 20:20,22542
2020-05-25 20:25,22482
2020-05-25 20:30,22400
2020-05-25 20:35,22246
2020-05-25 20:40,22159
2020-05-25 20:45,22340
2020-05-25 20:50,22747
2020-05-25 20:55,22816
2020-05-25 21:00,22669
2020-05-25 21:05,22385
2020-05-25 21:10,21983
2020-05-25 21:15,21840
2020-05-25 21:20,22222
2020-05-25 21:25,22372
2020-05-25 21:30,22418
2020-05-25 21:35,22451
2020-05-25 21:40,22248
2020-05-25 21:45,21255
2020-05-25 21:50,19499
2020-05-25 21:55,22128
2020-05-25 22:00,22196
2020-05-25 22:05,22028
2020-05-25 22:10,21845
2020-05-25 22:15,21751
2020-05-25 22:20,21703
2020-05-25 22:25,21614
2020-05-25 22:30,21476
2020-05-25 22:35,21383
2020-05-25 22:40,21183
2020-05-25 22:45,21075
2020-05-25 22:50,20995
2020-05-25 22:55,20905
2020-05-25 23:00,20731
2020-05-25 23:05,20682
2020-05-25 23:10,20503
2020-05-25 23:15,20398
2020-05-25 23:20,20308
2020-05-25 23:25,20218
2020-05-25 23:30,20222
2020-05-25 23:35,20168
2020-05-25 23:40,20228
2020-05-25 23:45,20179
2020-05-25 23:50,20121
2020-05-25 23:55,20103
2020-05-26 00:00,19999
2020-05-26 00:05,19931
2020-05-26 00:10,19824
2020-05-26 00:15,19840
2020-05-26 00:20,19800
2020-05-26 00:25,19819
2020-05-26 00:30,19744
2020-05-26 00:35,19725
2020-05-26 00:40,19753
2020-05-26 00:45,19800
2020-05-26 00:50,19738
2020-05-26 00:55,19725
2020-05-26 01:00,19778
2020-05-26 01:05,19691
2020-05-26 01:10,19694
2020-05-26 01:15,19750
2020-05-26 01:20,19771
2020-05-26 01:25,19811
2020-05-26 01:30,19858
2020-05-26 01:35,19820
2020-05-26 01:40,19850
2020-05-26 01:45,19797
2020-05-26 01:50,19809
2020-05-26 01:55,19704
2020-05-26 02:00,19637
2020-05-26 02:05,19614
2020-05-26 02:10,19674
2020-05-26 02:15,19700
2020-05-26 02:20,19717
2020-05-26 02:25,19723
2020-05-26 02:30,19668
2020-05-26 02:35,19593
2020-05-26 02:40,19466
2020-05-26 02:45,19407
2020-05-26 02:50,19336
2020-05-26 02:55,19275
2020-05-26 03:00,19209
2020-05-26 03:05,19136
2020-05-26 03:10,18928
2020-05-26 03:15,18753
2020-05-26 03:20,18578
2020-05-26 03:25,18471
2020-05-26 03:30,18345
2020-05-26 03:35,18214
2020-05-26 03:40,18132
2020-05-26 03:45,17970
2020-05-26 03:50,17876
2020-05-26 03:55,17723
2020-05-26 04:00,17469
2020-05-26 04:05,17285
2020-05-26 04:10,17071
2020-05-26 04:15,16868
2020-05-26 04:20,16704
2020-05-26 04:25,16432
2020-05-26 04:30,16274
2020-05-26 04:35,16039
2020-05-26 04:40,15818
2020-05-26 04:45,15506
2020-05-26 04:50,15249
2020-05-26 04:55,15011
2020-05-26 05:00,14777
2020-05-26 05:05,14545
2020-05-26 05:10,14297
2020-05-26 05:15,14074
2020-05-26 05:20,13762
2020-05-26 05:25,13535
2020-05-26 05:30,13278
2020-05-26 05:35,13070
2020-05-26 05:40,12887
2020-05-26 05:45,12755
2020-05-26 05:50,12565
2020-05-26 05:55,12306
2020-05-26 06:00,12134
2020-05-26 06:05,11956
2020-05-26 06:10,11711
2020-05-26 06:15,11425
2020-05-26 06:20,11250
2020-05-26 06:25,11116
2020-05-26 06:30,10931
2020-05-26 06:35,10786
2020-05-26 06:40,10580
2020-05-26 06:45,10434
2020-05-26 06:50,10275
2020-05-26 06:55,10130
2020-05-26 07:00,9963
2020-05-26 07:05,9772
2020-05-26 07:10,9512
2020-05-26 07:15,9388
2020-05-26 07:20,9306
2020-05-26 07:25,9183
2020-05-26 07:30,9089
2020-05-26 07:35,9009
2020-05-26 07:40,8920
2020-05-26 07:45,8814
2020-05-26 07:50,8642
2020-05-26 07:55,8559
2020-05-26 08:00,8392
2020-05-26 08:05,8303
2020-05-26 08:10,8194
2020-05-26 08:15,8085
2020-05-26 08:20,7949
2020-05-26 08:25,7849
2020-05-26 08:30,7795
2020-05-26 08:35,7699
2020-05-26 08:40,7727
2020-05-26 08:45,7729
2020-05-26 08:50,7668
2020-05-26 08:55,7578
2020-05-26 09:00,7532
2020-05-26 09:05,7551
2020-05-26 09:10,7563
2020-05-26 09:15,7633
2020-05-26 09:20,7645
2020-05-26 09:25,7693
2020-05-26 09:30,7744
2020-05-26 09:35,7779
2020-05-26 09:40,7764
2020-05-26 09:45,7805
2020-05-26 09:50,7798
2020-05-26 09:55,7842
2020-05-26 10:00,7905
2020-05-26 10:05,7941
2020-05-26 10:10,7963
2020-05-26 10:15,8000
2020-05-26 10:20,8067
2020-05-26 10:25,8063
2020-05-26 10:30,8097
2020-05-26 10:35,8164
2020-05-26 10:40,8184
2020-05-26 10:45,8229
2020-05-26 10:50,8286
2020-05-26 10:55,8356
2020-05-26 11:00,8362
2020-05-26 11:05,8388
2020-05-26 11:10,8436
2020-05-26 11:15,8448
2020-05-26 11:20,8463
2020-05-26 11:25,8566
2020-05-26 11:30,8619
2020-05-26 11:35,8708
2020-05-26 11:40,8767
2020-05-26 11:45,8912
2020-05-26 11:50,9029
2020-05-26 11:55,9130
2020-05-26 12:00,9205
2020-05-26 12:05,9282
2020-05-26 12:10,9337
2020-05-26 12:15,9440
2020-05-26 12:20,9499
2020-05-26 12:25,9570
2020-05-26 12:30,9648
2020-05-26 12:35,9773
2020-05-26 12:40,9865
2020-05-26 12:45,9986
2020-05-26 12:50,10148
2020-05-26 12:55,10303
2020-05-26 13:00,10446
2020-05-26 13:05,10597
2020-05-26 13:10,10759
2020-05-26 13:15,10923
2020-05-26 13:20,11005
2020-05-26 13:25,11137
2020-05-26 13:30,11299
2020-05-26 13:35,11425
2020-05-26 13:40,11572
2020-05-26 13:45,11705
2020-05-26 13:50,11826
2020-05-26 13:55,11935
2020-05-26 14:00,12091
2020-05-26 14:05,12258
2020-05-26 14:10,12371
2020-05-26 14:15,12542
2020-05-26 14:20,12645
2020-05-26 14:25,12768
2020-05-26 14:30,12877
2020-05-26 14:35,13046
2020-05-26 14:40,13182
2020-05-26 14:45,13266
2020-05-26 14:50,13406
2020-05-26 14:55,13508
2020-05-26 15:00,13642
2020-05-26 15:05,13812
2020-05-26 15:10,13932
2020-05-26 15:15,14037
2020-05-26 15:20,14051
2020-05-26 15:25,14183
2020-05-26 15:30,14304
2020-05-26 15:35,14464
2020-05-26 15:40,14612
2020-05-26 15:45,14715
2020-05-26 15:50,14785
2020-05-26 15:55,14893
2020-05-26 16:00,14939
2020-05-26 16:05,15077
2020-05-26 16:10,15183
2020-05-26 16:15,15302
2020-05-26 16:20,15449
2020-05-26 16:25,15600
2020-05-26 16:30,15756
2020-05-26 16:35,15963
2020-05-26 16:40,16158
2020-05-26 16:45,16231
2020-05-26 16:50,16373
2020-05-26 16:55,16488
2020-05-26 17:00,16550
2020-05-26 17:05,16657
2020-05-26 17:10,16836
2020-05-26 17:15,17016
2020-05-26 17:20,17083
2020-05-26 17:25,17197
2020-05-26 17:30,17348
2020-05-26 17:35,17614
2020-05-26 17:40,17722
2020-05-26 17:45,17856
2020-05-26 17:50,17963
2020-05-26 17:55,18048
2020-05-26 18:00,18154
2020-05-26 18:05,18391
2020-05-26 18:10,18625
2020-05-26 18:15,18857
2020-05-26 18:20,19128
2020-05-26 18:25,19375
2020-05-26 18:30,19535
2020-05-26 18:35,19739
2020-05-26 18:40,19918
2020-05-26 18:45,20136
2020-05-26 18:50,20339
2020-05-26 18:55,20428
2020-05-26 19:00,20502
2020-05-26 19:05,20645
2020-05-26 19:10,20753
2020-05-26 19:15,20852
2020-05-26 19:20,20905
2020-05-26 19:25,21090
2020-05-26 19:30,21161
2020-05-26 19:35,21300
2020-05-26 19:40,21452
2020-05-26 19:45,21448
2020-05-26 19:50,21509
2020-05-26 19:55,21540
2020-05-26 20:00,21559
2020-05-26 20:05,21550
2020-05-26 20:10,21551
2020-05-26 20:15,21638
2020-05-26 20:20,21715
2020-05-26 20:25,21803
2020-05-26 20:30,21798
2020-05-26 20:35,21832
2020-05-26 20:40,21888
2020-05-26 20:45,21865
2020-05-26 20:50,21874
2020-05-26 20:55,21913
2020-05-26 21:00,21914
2020-05-26 21:05,21734
2020-05-26 21:10,21724
2020-05-26 21:15,21677
2020-05-26 21:20,21613
2020-05-26 21:25,21590
2020-05-26 21:30,21521
2020-05-26 21:35,21524
2020-05-26 21:40,21283
2020-05-26 21:45,21288
2020-05-26 21:50,21190
2020-05-26 21:55,21103
2020-05-26 22:00,20968
2020-05-26 22:05,20815
2020-05-26 22:10,20679
2020-05-26 22:15,20640
2020-05-26 22:20,20523
2020-05-26 22:25,20373
2020-05-26 22:30,0
2020-05-26 22:35,0
2020-05-26 22:40,17357
2020-05-26 22:45,19439
2020-05-26 22:50,19672
2020-05-26 22:55,19535
2020-05-26 23:00,19423
2020-05-26 23:05,19304
2020-05-26 23:10,19174
2020-05-26 23:15,19126
2020-05-26 23:20,19036
2020-05-26 23:25,19103
2020-05-26 23:30,19006
2020-05-26 23:35,18961
2020-05-26 23:40,18911
2020-05-26 23:45,18880
2020-05-26 23:50,18897
2020-05-26 23:55,18866
2020-05-27 00:00,18907
2020-05-27 00:05,18995
2020-05-27 00:10,18988
2020-05-27 00:15,18915
2020-05-27 00:20,18915
2020-05-27 00:25,19044
2020-05-27 00:30,19019
2020-05-27 00:35,18967
2020-05-27 00:40,18927
2020-05-27 00:45,18936
2020-05-27 00:50,18902
2020-05-27 00:55,18878
2020-05-27 01:00,18922
2020-05-27 01:05,18957
2020-05-27 01:10,19036
2020-05-27 01:15,19174
2020-05-27 01:20,19118
2020-05-27 01:25,19084
2020-05-27 01:30,19101
2020-05-27 01:35,19144
2020-05-27 01:40,19255
2020-05-27 01:45,19224
2020-05-27 01:50,19298
2020-05-27 01:55,19265
2020-05-27 02:00,19310
2020-05-27 02:05,19300
2020-05-27 02:10,19238
2020-05-27 02:15,19233
2020-05-27 02:20,19293
2020-05-27 02:25,19283
2020-05-27 02:30,19288
2020-05-27 02:35,19171
2020-05-27 02:40,19134
2020-05-27 02:45,19064
2020-05-27 02:50,19011
2020-05-27 02:55,18941
2020-05-27 03:00,18893
2020-05-27 03:05,18822
2020-05-27 03:10,18626
2020-05-27 03:15,18548
2020-05-27 03:20,18447
2020-05-27 03:25,18348
2020-05-27 03:30,18177
2020-05-27 03:35,18037
2020-05-27 03:40,18026
2020-05-27 03:45,17933
2020-05-27 03:50,17821
2020-05-27 03:55,17647
2020-05-27 04:00,17476
2020-05-27 04:05,17152
2020-05-27 04:10,16961
2020-05-27 04:15,16688
2020-05-27 04:20,16531
2020-05-27 04:25,16429
2020-05-27 04:30,16180
2020-05-27 04:35,15919
2020-05-27 04:40,15702
2020-05-27 04:45,15477
2020-05-27 04:50,15319
2020-05-27 04:55,15138
2020-05-27 05:00,14954
2020-05-27 05:05,14746
2020-05-27 05:10,14500
2020-05-27 05:15,14253
2020-05-27 05:20,13916
2020-05-27 05:25,13600
2020-05-27 05:30,13427
2020-05-27 05:35,13180
2020-05-27 05:40,13023
2020-05-27 05:45,12789
2020-05-27 05:50,12593
2020-05-27 05:55,12371
2020-05-27 06:00,12087
2020-05-27 06:05,11860
2020-05-27 06:10,11540
2020-05-27 06:15,11320
2020-05-27 06:20,11063
2020-05-27 06:25,10892
2020-05-27 06:30,10713
2020-05-27 06:35,10416
2020-05-27 06:40,10196
2020-05-27 06:45,10027
2020-05-27 06:50,9823
2020-05-27 06:55,9641
2020-05-27 07:00,9527
2020-05-27 07:05,9345
2020-05-27 07:10,9158
2020-05-27 07:15,9036
2020-05-27 07:20,8866
2020-05-27 07:25,8782
2020-05-27 07:30,8694
2020-05-27 07:35,8581
2020-05-27 07:40,8513
2020-05-27 07:45,8429
2020-05-27 07:50,8313
2020-05-27 07:55,8227
2020-05-27 08:00,8111
2020-05-27 08:05,7981
2020-05-27 08:10,7927
2020-05-27 08:15,7885
2020-05-27 08:20,7837
2020-05-27 08:25,7825
2020-05-27 08:30,7775
2020-05-27 08:35,7718
2020-05-27 08:40,7689
2020-05-27 08:45,7647
2020-05-27 08:50,7583
2020-05-27 08:55,7536
2020-05-27 09:00,7521
2020-05-27 09:05,7531
2020-05-27 09:10,7532
2020-05-27 09:15,7563
2020-05-27 09:20,7448
2020-05-27 09:25,7504
2020-05-27 09:30,7515
2020-05-27 09:35,7501
2020-05-27 09:40,7519
2020-05-27 09:45,7576
2020-05-27 09:50,7633
2020-05-27 09:55,7630
2020-05-27 10:00,7719
2020-05-27 10:05,7770
2020-05-27 10:10,7865
2020-05-27 10:15,7832
2020-05-27 10:20,7883
2020-05-27 10:25,7928
2020-05-27 10:30,8024
2020-05-27 10:35,8005
2020-05-27 10:40,8051
2020-05-27 10:45,8137
2020-05-27 10:50,8252
2020-05-27 10:55,8245
2020-05-27 11:00,8324
2020-05-27 11:05,8368
2020-05-27 11:10,8466
2020-05-27 11:15,8536
2020-05-27 11:20,8583
2020-05-27 11:25,8682
2020-05-27 11:30,8710
2020-05-27 11:35,8770
2020-05-27 11:40,8800
2020-05-27 11:45,8917
2020-05-27 11:50,8976
2020-05-27 11:55,9003
2020-05-27 12:00,9088
2020-05-27 12:05,9174
2020-05-27 12:10,9176
2020-05-27 12:15,9213
2020-05-27 12:20,9299
2020-05-27 12:25,9354
2020-05-27 12:30,9452
2020-05-27 12:35,9544
2020-05-27 12:40,9651
2020-05-27 12:45,9692
2020-05-27 12:50,9728
2020-05-27 12:55,9865
2020-05-27 13:00,9929
2020-05-27 13:05,9948
2020-05-27 13:10,10195
2020-05-27 13:15,10370
2020-05-27 13:20,10565
2020-05-27 13:25,10764
2020-05-27 13:30,10922
2020-05-27 13:35,11067
2020-05-27 13:40,11247
2020-05-27 13:45,11349
2020-05-27 13:50,11517
2020-05-27 13:55,11617
2020-05-27 14:00,11746
2020-05-27 14:05,11885
2020-05-27 14:10,12034
2020-05-27 14:15,12168
2020-05-27 14:20,12247
2020-05-27 14:25,12282
2020-05-27 14:30,12427
2020-05-27 14:35,12608
2020-05-27 14:40,12720
2020-05-27 14:45,12883
2020-05-27 14:50,13001
2020-05-27 14:55,13057
2020-05-27 15:00,13047
2020-05-27 15:05,13196
2020-05-27 15:10,13304
2020-05-27 15:15,13428
2020-05-27 15:20,13507
2020-05-27 15:25,13570
2020-05-27 15:30,13745
2020-05-27 15:35,13833
2020-05-27 15:40,13990
2020-05-27 15:45,14107
2020-05-27 15:50,14171
2020-05-27 15:55,14259
2020-05-27 16:00,14418
2020-05-27 16:05,14566
2020-05-27 16:10,14671
2020-05-27 16:15,14789
2020-05-27 16:20,14957
2020-05-27 16:25,15147
2020-05-27 16:30,15339
2020-05-27 16:35,15354
2020-05-27 16:40,15509
2020-05-27 16:45,15679
2020-05-27 16:50,15851
2020-05-27 16:55,16100
2020-05-27 17:00,16212
2020-05-27 17:05,16360
2020-05-27 17:10,16478
2020-05-27 17:15,16591
2020-05-27 17:20,16758
2020-05-27 17:25,16905
2020-05-27 17:30,17076
2020-05-27 17:35,17265
2020-05-27 17:40,17481
2020-05-27 17:45,17668
2020-05-27 17:50,17828
2020-05-27 17:55,17962
2020-05-27 18:00,18059
2020-05-27 18:05,18226
2020-05-27 18:10,18361
2020-05-27 18:15,18576
2020-05-27 18:20,18657
2020-05-27 18:25,18833
2020-05-27 18:30,19062
2020-05-27 18:35,19216
2020-05-27 18:40,19382
2020-05-27 18:45,19570
2020-05-27 18:50,19600
2020-05-27 18:55,19673
2020-05-27 19:00,19648
2020-05-27 19:05,19653
2020-05-27 19:10,19699
2020-05-27 19:15,19641
2020-05-27 19:20,19781
2020-05-27 19:25,19899
2020-05-27 19:30,19977
2020-05-27 19:35,20015
2020-05-27 19:40,20106
2020-05-27 19:45,20213
2020-05-27 19:50,20268
2020-05-27 19:55,20307
2020-05-27 20:00,20391
2020-05-27 20:05,20353
2020-05-27 20:10,20378
2020-05-27 20:15,20443
2020-05-27 20:20,20598
2020-05-27 20:25,20944
2020-05-27 20:30,21142
2020-05-27 20:35,21340
2020-05-27 20:40,21419
2020-05-27 20:45,21634
2020-05-27 20:50,21753
2020-05-27 20:55,21850
2020-05-27 21:00,21890
2020-05-27 21:05,21888
2020-05-27 21:10,21919
2020-05-27 21:15,21984
2020-05-27 21:20,21960
2020-05-27 21:25,21797
2020-05-27 21:30,21691
2020-05-27 21:35,21546
2020-05-27 21:40,21418
2020-05-27 21:45,21285
2020-05-27 21:50,21194
2020-05-27 21:55,21143
2020-05-27 22:00,20950
2020-05-27 22:05,20932
2020-05-27 22:10,20864
2020-05-27 22:15,20804
2020-05-27 22:20,20621
2020-05-27 22:25,20527
2020-05-27 22:30,20453
2020-05-27 22:35,20367
2020-05-27 22:40,20301
2020-05-27 22:45,20213
2020-05-27 22:50,20128
2020-05-27 22:55,20005
2020-05-27 23:00,19982
2020-05-27 23:05,19853
2020-05-27 23:10,19804
2020-05-27 23:15,19728
2020-05-27 23:20,19695
2020-05-27 23:25,19612
2020-05-27 23:30,19537
2020-05-27 23:35,19412
2020-05-27 23:40,19418
2020-05-27 23:45,19391
2020-05-27 23:50,19369
2020-05-27 23:55,19375
2020-05-28 00:00,19331
2020-05-28 00:05,19310
2020-05-28 00:10,19223
2020-05-28 00:15,19271
2020-05-28 00:20,19250
2020-05-28 00:25,19246
2020-05-28 00:30,19241
2020-05-28 00:35,19223
2020-05-28 00:40,19144
2020-05-28 00:45,19230
2020-05-28 00:50,19291
2020-05-28 00:55,19201
2020-05-28 01:00,19173
2020-05-28 01:05,19227
2020-05-28 01:10,19232
2020-05-28 01:15,19257
2020-05-28 01:20,19321
2020-05-28 01:25,19298
2020-05-28 01:30,19252
2020-05-28 01:35,19303
2020-05-28 01:40,19387
2020-05-28 01:45,19403
2020-05-28 01:50,19325
2020-05-28 01:55,19337
2020-05-28 02:00,19342
2020-05-28 02:05,19310
2020-05-28 02:10,19261
2020-05-28 02:15,19248
2020-05-28 02:20,19306
2020-05-28 02:25,19304
2020-05-28 02:30,19297
2020-05-28 02:35,19288
2020-05-28 02:40,19248
2020-05-28 02:45,19296
2020-05-28 02:50,19222
2020-05-28 02:55,19181
2020-05-28 03:00,19092
2020-05-28 03:05,19010
2020-05-28 03:10,18915
2020-05-28 03:15,18809
2020-05-28 03:20,18680
2020-05-28 03:25,18555
2020-05-28 03:30,18468
2020-05-28 03:35,18374
2020-05-28 03:40,18198
2020-05-28 03:45,18006
2020-05-28 03:50,17865
2020-05-28 03:55,17712
2020-05-28 04:00,17527
2020-05-28 04:05,17287
2020-05-28 04:10,17077
2020-05-28 04:15,16856
2020-05-28 04:20,16781
2020-05-28 04:25,16563
2020-05-28 04:30,16415
2020-05-28 04:35,16213
2020-05-28 04:40,16071
2020-05-28 04:45,15879
2020-05-28 04:50,15756
2020-05-28 04:55,15472
2020-05-28 05:00,15203
2020-05-28 05:05,14928
2020-05-28 05:10,14639
2020-05-28 05:15,14401
2020-05-28 05:20,14159
2020-05-28 05:25,13983
2020-05-28 05:30,13757
2020-05-28 05:35,13531
2020-05-28 05:40,13362
2020-05-28 05:45,13150
2020-05-28 05:50,12953
2020-05-28 05:55,12685
2020-05-28 06:00,12398
2020-05-28 06:05,12136
2020-05-28 06:10,11936
2020-05-28 06:15,11757
2020-05-28 06:20,11440
2020-05-28 06:25,11167
2020-05-28 06:30,10928
2020-05-28 06:35,10709
2020-05-28 06:40,10612
2020-05-28 06:45,10386
2020-05-28 06:50,10193
2020-05-28 06:55,9999
2020-05-28 07:00,9817
2020-05-28 07:05,9679
2020-05-28 07:10,9542
2020-05-28 07:15,9359
2020-05-28 07:20,9210
2020-05-28 07:25,9058
2020-05-28 07:30,8961
2020-05-28 07:35,8838
2020-05-28 07:40,8678
2020-05-28 07:45,8592
2020-05-28 07:50,8463
2020-05-28 07:55,8341
2020-05-28 08:00,8304
2020-05-28 08:05,8148
2020-05-28 08:10,8037
2020-05-28 08:15,7939
2020-05-28 08:20,7876
2020-05-28 08:25,7848
2020-05-28 08:30,7779
2020-05-28 08:35,7775
2020-05-28 08:40,7717
2020-05-28 08:45,7677
2020-05-28 08:50,7623
2020-05-28 08:55,7561
2020-05-28 09:00,7537
2020-05-28 09:05,7564
2020-05-28 09:10,7594
2020-05-28 09:15,7615
2020-05-28 09:20,7629
2020-05-28 09:25,7669
2020-05-28 09:30,7730
2020-05-28 09:35,7710
2020-05-28 09:40,7752
2020-05-28 09:45,7804
2020-05-28 09:50,7816
2020-05-28 09:55,7834
2020-05-28 10:00,7882
2020-05-28 10:05,7933
2020-05-28 10:10,7987
2020-05-28 10:15,8025
2020-05-28 10:20,8110
2020-05-28 10:25,8109
2020-05-28 10:30,8152
2020-05-28 10:35,8253
2020-05-28 10:40,8267
2020-05-28 10:45,8406
2020-05-28 10:50,8460
2020-05-28 10:55,8484
2020-05-28 11:00,8558
2020-05-28 11:05,8577
2020-05-28 11:10,8629
2020-05-28 11:15,8750
2020-05-28 11:20,8793
2020-05-28 11:25,8869
2020-05-28 11:30,8888
2020-05-28 11:35,8982
2020-05-28 11:40,9030
2020-05-28 11:45,9089
2020-05-28 11:50,9141
2020-05-28 11:55,9196
2020-05-28 12:00,9226
2020-05-28 12:05,9273
2020-05-28 12:10,9342
2020-05-28 12:15,9459
2020-05-28 12:20,9528
2020-05-28 12:25,9580
2020-05-28 12:30,9627
2020-05-28 12:35,9758
2020-05-28 12:40,9911
2020-05-28 12:45,10004
2020-05-28 12:50,10140
2020-05-28 12:55,10194
2020-05-28 13:00,10289
2020-05-28 13:05,10363
2020-05-28 13:10,10498
2020-05-28 13:15,10696
2020-05-28 13:20,10858
2020-05-28 13:25,10971
2020-05-28 13:30,11112
2020-05-28 13:35,11280
2020-05-28 13:40,11401
2020-05-28 13:45,11537
2020-05-28 13:50,11741
2020-05-28 13:55,11849
2020-05-28 14:00,11990
2020-05-28 14:05,12142
2020-05-28 14:10,12240
2020-05-28 14:15,12385
2020-05-28 14:20,12472
2020-05-28 14:25,12566
2020-05-28 14:30,12674
2020-05-28 14:35,12844
2020-05-28 14:40,12941
2020-05-28 14:45,13095
2020-05-28 14:50,13225
2020-05-28 14:55,13334
2020-05-28 15:00,13433
2020-05-28 15:05,13617
2020-05-28 15:10,13718
2020-05-28 15:15,13755
2020-05-28 15:20,13859
2020-05-28 15:25,14000
2020-05-28 15:30,14167
2020-05-28 15:35,14263
2020-05-28 15:40,14478
2020-05-28 15:45,14540
2020-05-28 15:50,14684
2020-05-28 15:55,14805
2020-05-28 16:00,14899
2020-05-28 16:05,15062
2020-05-28 16:10,15195
2020-05-28 16:15,15316
2020-05-28 16:20,15545
2020-05-28 16:25,15693
2020-05-28 16:30,15808
2020-05-28 16:35,16013
2020-05-28 16:40,16210
2020-05-28 16:45,16351
2020-05-28 16:50,16517
2020-05-28 16:55,16719
2020-05-28 17:00,16887
2020-05-28 17:05,17020
2020-05-28 17:10,17168
2020-05-28 17:15,17349
2020-05-28 17:20,17525
2020-05-28 17:25,17658
2020-05-28 17:30,17868
2020-05-28 17:35,18010
2020-05-28 17:40,18208
2020-05-28 17:45,18360
2020-05-28 17:50,18538
2020-05-28 17:55,18633
2020-05-28 18:00,18630
2020-05-28 18:05,18813
2020-05-28 18:10,18947
2020-05-28 18:15,19176
2020-05-28 18:20,19375
2020-05-28 18:25,19618
2020-05-28 18:30,19834
2020-05-28 18:35,20086
2020-05-28 18:40,20314
2020-05-28 18:45,20517
2020-05-28 18:50,20730
2020-05-28 18:55,20875
2020-05-28 19:00,20916
2020-05-28 19:05,21019
2020-05-28 19:10,21240
2020-05-28 19:15,21354
2020-05-28 19:20,21587
2020-05-28 19:25,21625
2020-05-28 19:30,21811
2020-05-28 19:35,21931
2020-05-28 19:40,22031
2020-05-28 19:45,22135
2020-05-28 19:50,22196
2020-05-28 19:55,22317
2020-05-28 20:00,22305
2020-05-28 20:05,22454
2020-05-28 20:10,22549
2020-05-28 20:15,22595
2020-05-28 20:20,22609
2020-05-28 20:25,22654
2020-05-28 20:30,22626
2020-05-28 20:35,22687
2020-05-28 20:40,22635
2020-05-28 20:45,22663
2020-05-28 20:50,22611
2020-05-28 20:55,22586
2020-05-28 21:00,22617
2020-05-28 21:05,22517
2020-05-28 21:10,22435
2020-05-28 21:15,22484
2020-05-28 21:20,22461
2020-05-28 21:25,22494
2020-05-28 21:30,22492
2020-05-28 21:35,22310
2020-05-28 21:40,22250
2020-05-28 21:45,22194
2020-05-28 21:50,22037
2020-05-28 21:55,21941
2020-05-28 22:00,21921
2020-05-28 22:05,21858
2020-05-28 22:10,21723
2020-05-28 22:15,21611
2020-05-28 22:20,21468
2020-05-28 22:25,21428
2020-05-28 22:30,21298
2020-05-28 22:35,21162
2020-05-28 22:40,20927
2020-05-28 22:45,20797
2020-05-28 22:50,20718
2020-05-28 22:55,20670
2020-05-28 23:00,20516
2020-05-28 23:05,20330
2020-05-28 23:10,20153
2020-05-28 23:15,20061
2020-05-28 23:20,20013
2020-05-28 23:25,20027
2020-05-28 23:30,19918
2020-05-28 23:35,19869
2020-05-28 23:40,19942
2020-05-28 23:45,19908
2020-05-28 23:50,19837
2020-05-28 23:55,19764
2020-05-29 00:00,19747
2020-05-29 00:05,19815
2020-05-29 00:10,19804
2020-05-29 00:15,19798
2020-05-29 00:20,19813
2020-05-29 00:25,19840
2020-05-29 00:30,19751
2020-05-29 00:35,19790
2020-05-29 00:40,19861
2020-05-29 00:45,20004
2020-05-29 00:50,19929
2020-05-29 00:55,19929
2020-05-29 01:00,20068
2020-05-29 01:05,20151
2020-05-29 01:10,20152
2020-05-29 01:15,20161
2020-05-29 01:20,20203
2020-05-29 01:25,20323
2020-05-29 01:30,20393
2020-05-29 01:35,20360
2020-05-29 01:40,20272
2020-05-29 01:45,20301
2020-05-29 01:50,20385
2020-05-29 01:55,20433
2020-05-29 02:00,20508
2020-05-29 02:05,20414
2020-05-29 02:10,20383
2020-05-29 02:15,20359
2020-05-29 02:20,20314
2020-05-29 02:25,20216
2020-05-29 02:30,20155
2020-05-29 02:35,20164
2020-05-29 02:40,20132
2020-05-29 02:45,20051
2020-05-29 02:50,19929
2020-05-29 02:55,19862
2020-05-29 03:00,19678
2020-05-29 03:05,19593
2020-05-29 03:10,19405
2020-05-29 03:15,19288
2020-05-29 03:20,19225
2020-05-29 03:25,19103
2020-05-29 03:30,18904
2020-05-29 03:35,18753
2020-05-29 03:40,18629
2020-05-29 03:45,18559
2020-05-29 03:50,18313
2020-05-29 03:55,18126
2020-05-29 04:00,17985
2020-05-29 04:05,17876
2020-05-29 04:10,17596
2020-05-29 04:15,17349
2020-05-29 04:20,17111
2020-05-29 04:25,16932
2020-05-29 04:30,16671
2020-05-29 04:35,16471
2020-05-29 04:40,16323
2020-05-29 04:45,16075
2020-05-29 04:50,15854
2020-05-29 04:55,15578
2020-05-29 05:00,15243
2020-05-29 05:05,15039
2020-05-29 05:10,14839
2020-05-29 05:15,14600
2020-05-29 05:20,14358
2020-05-29 05:25,14147
2020-05-29 05:30,13974
2020-05-29 05:35,13732
2020-05-29 05:40,13543
2020-05-29 05:45,13413
2020-05-29 05:50,13105
2020-05-29 05:55,12843
2020-05-29 06:00,12636
2020-05-29 06:05,12372
2020-05-29 06:10,12168
2020-05-29 06:15,11968
2020-05-29 06:20,11747
2020-05-29 06:25,11532
2020-05-29 06:30,11285
2020-05-29 06:35,11055
2020-05-29 06:40,10786
2020-05-29 06:45,10605
2020-05-29 06:50,10447
2020-05-29 06:55,10236
2020-05-29 07:00,10101
2020-05-29 07:05,9877
2020-05-29 07:10,9747
2020-05-29 07:15,9546
2020-05-29 07:20,9348
2020-05-29 07:25,9176
2020-05-29 07:30,8993
2020-05-29 07:35,8961
2020-05-29 07:40,8860
2020-05-29 07:45,8684
2020-05-29 07:50,8603
2020-05-29 07:55,8497
2020-05-29 08:00,8418
2020-05-29 08:05,8291
2020-05-29 08:10,8146
2020-05-29 08:15,8023
2020-05-29 08:20,7905
2020-05-29 08:25,7844
2020-05-29 08:30,7779
2020-05-29 08:35,7738
2020-05-29 08:40,7765
2020-05-29 08:45,7762
2020-05-29 08:50,7760
2020-05-29 08:55,7675
2020-05-29 09:00,7278
2020-05-29 09:05,7601
2020-05-29 09:10,7667
2020-05-29 09:15,7630
2020-05-29 09:20,7676
2020-05-29 09:25,7735
2020-05-29 09:30,7757
2020-05-29 09:35,7815
2020-05-29 09:40,7801
2020-05-29 09:45,7824
2020-05-29 09:50,7817
2020-05-29 09:55,7883
2020-05-29 10:00,7930
2020-05-29 10:05,7941
2020-05-29 10:10,8016
2020-05-29 10:15,8018
2020-05-29 10:20,8031
2020-05-29 10:25,8105
2020-05-29 10:30,8163
2020-05-29 10:35,8193
2020-05-29 10:40,8268
2020-05-29 10:45,8394
2020-05-29 10:50,8393
2020-05-29 10:55,8391
2020-05-29 11:00,8463
2020-05-29 11:05,8496
2020-05-29 11:10,8610
2020-05-29 11:15,8683
2020-05-29 11:20,8780
2020-05-29 11:25,8787
2020-05-29 11:30,8950
2020-05-29 11:35,8985
2020-05-29 11:40,9034
2020-05-29 11:45,9169
2020-05-29 11:50,9232
2020-05-29 11:55,9310
2020-05-29 12:00,9369
2020-05-29 12:05,9423
2020-05-29 12:10,9484
2020-05-29 12:15,9590
2020-05-29 12:20,9737
2020-05-29 12:25,9858
2020-05-29 12:30,9976
2020-05-29 12:35,10057
2020-05-29 12:40,10182
2020-05-29 12:45,10230
2020-05-29 12:50,10316
2020-05-29 12:55,10427
2020-05-29 13:00,10489
2020-05-29 13:05,10644
2020-05-29 13:10,10799
2020-05-29 13:15,10932
2020-05-29 13:20,11055
2020-05-29 13:25,11173
2020-05-29 13:30,11366
2020-05-29 13:35,11497
2020-05-29 13:40,11668
2020-05-29 13:45,11770
2020-05-29 13:50,11971
2020-05-29 13:55,12178
2020-05-29 14:00,12310
2020-05-29 14:05,12450
2020-05-29 14:10,12624
2020-05-29 14:15,12756
2020-05-29 14:20,12907
2020-05-29 14:25,13101
2020-05-29 14:30,13205
2020-05-29 14:35,13288
2020-05-29 14:40,13412
2020-05-29 14:45,13536
2020-05-29 14:50,13681
2020-05-29 14:55,13837
2020-05-29 15:00,13939
2020-05-29 15:05,14037
2020-05-29 15:10,14095
2020-05-29 15:15,14152
2020-05-29 15:20,14244
2020-05-29 15:25,14407
2020-05-29 15:30,14474
2020-05-29 15:35,14531
2020-05-29 15:40,14694
2020-05-29 15:45,14802
2020-05-29 15:50,14860
2020-05-29 15:55,14978
2020-05-29 16:00,15089
2020-05-29 16:05,15252
2020-05-29 16:10,15387
2020-05-29 16:15,15537
2020-05-29 16:20,15609
2020-05-29 16:25,15785
2020-05-29 16:30,15881
2020-05-29 16:35,16020
2020-05-29 16:40,16185
2020-05-29 16:45,16287
2020-05-29 16:50,16455
2020-05-29 16:55,16517
2020-05-29 17:00,16625
2020-05-29 17:05,16666
2020-05-29 17:10,16809
2020-05-29 17:15,16933
2020-05-29 17:20,17072
2020-05-29 17:25,17114
2020-05-29 17:30,17287
2020-05-29 17:35,17372
2020-05-29 17:40,17496
2020-05-29 17:45,17642
2020-05-29 17:50,17780
2020-05-29 17:55,17906
2020-05-29 18:00,18104
2020-05-29 18:05,18251
2020-05-29 18:10,18448
2020-05-29 18:15,18659
2020-05-29 18:20,18801
2020-05-29 18:25,18935
2020-05-29 18:30,19029
2020-05-29 18:35,19218
2020-05-29 18:40,19410
2020-05-29 18:45,19550
2020-05-29 18:50,19648
2020-05-29 18:55,19782
2020-05-29 19:00,19904
2020-05-29 19:05,20013
2020-05-29 19:10,20138
2020-05-29 19:15,20234
2020-05-29 19:20,20384
2020-05-29 19:25,20521
2020-05-29 19:30,19413
2020-05-29 19:35,17605
2020-05-29 19:40,14517
2020-05-29 19:45,12481
2020-05-29 19:50,13488
2020-05-29 19:55,14291
2020-05-29 20:00,15072
2020-05-29 20:05,15873
2020-05-29 20:10,16575
2020-05-29 20:15,17336
2020-05-29 20:20,17983
2020-05-29 20:25,18554
2020-05-29 20:30,19024
2020-05-29 20:35,19472
2020-05-29 20:40,19884
2020-05-29 20:45,19507
2020-05-29 20:50,17849
2020-05-29 20:55,17381
2020-05-29 21:00,17164
2020-05-29 21:05,17476
2020-05-29 21:10,18103
2020-05-29 21:15,18603
2020-05-29 21:20,18973
2020-05-29 21:25,19461
2020-05-29 21:30,19944
2020-05-29 21:35,20378
2020-05-29 21:40,20751
2020-05-29 21:45,21014
2020-05-29 21:50,21188
2020-05-29 21:55,20767
2020-05-29 22:00,19296
2020-05-29 22:05,18879
2020-05-29 22:10,18742
2020-05-29 22:15,18926
2020-05-29 22:20,19193
2020-05-29 22:25,19374
2020-05-29 22:30,19542
2020-05-29 22:35,19743
2020-05-29 22:40,19998
2020-05-29 22:45,20156
2020-05-29 22:50,20276
2020-05-29 22:55,20399
2020-05-29 23:00,20467
2020-05-29 23:05,20663
2020-05-29 23:10,20705
2020-05-29 23:15,20694
2020-05-29 23:20,20682
2020-05-29 23:25,20619
2020-05-29 23:30,20643
2020-05-29 23:35,20643
2020-05-29 23:40,20704
2020-05-29 23:45,20765
2020-05-29 23:50,20711
2020-05-29 23:55,20673
2020-05-30 00:00,20563
2020-05-30 00:05,20520
2020-05-30 00:10,20469
2020-05-30 00:15,20448
2020-05-30 00:20,20386
2020-05-30 00:25,20352
2020-05-30 00:30,20307
2020-05-30 00:35,20373
2020-05-30 00:40,20347
2020-05-30 00:45,20295
2020-05-30 00:50,20161
2020-05-30 00:55,20241
2020-05-30 01:00,20151
2020-05-30 01:05,20101
2020-05-30 01:10,19979
2020-05-30 01:15,20062
2020-05-30 01:20,20120
2020-05-30 01:25,20152
2020-05-30 01:30,20111
2020-05-30 01:35,20069
2020-05-30 01:40,20086
2020-05-30 01:45,20129
2020-05-30 01:50,20089
2020-05-30 01:55,20140
2020-05-30 02:00,20144
2020-05-30 02:05,20235
2020-05-30 02:10,20243
2020-05-30 02:15,20309
2020-05-30 02:20,20298
2020-05-30 02:25,20406
2020-05-30 02:30,20411
2020-05-30 02:35,20433
2020-05-30 02:40,20486
2020-05-30 02:45,20465
2020-05-30 02:50,20432
2020-05-30 02:55,20478
2020-05-30 03:00,20517
2020-05-30 03:05,20472
2020-05-30 03:10,20427
2020-05-30 03:15,20409
2020-05-30 03:20,20295
2020-05-30 03:25,20259
2020-05-30 03:30,20208
2020-05-30 03:35,20075
2020-05-30 03:40,18349
2020-05-30 03:45,17385
2020-05-30 03:50,16978
2020-05-30 03:55,14244
2020-05-30 04:00,12025
2020-05-30 04:05,6119
2020-05-30 04:10,4937
2020-05-30 04:15,4480
2020-05-30 04:20,4203
2020-05-30 04:25,4375
2020-05-30 04:30,6291
2020-05-30 04:35,7660
2020-05-30 04:40,8711
2020-05-30 04:45,9589
2020-05-30 04:50,10289
2020-05-30 04:55,10639
2020-05-30 05:00,11107
2020-05-30 05:05,11516
2020-05-30 05:10,11977
2020-05-30 05:15,12422
2020-05-30 05:20,12779
2020-05-30 05:25,13149
2020-05-30 05:30,13418
2020-05-30 05:35,13596
2020-05-30 05:40,13687
2020-05-30 05:45,13829
2020-05-30 05:50,13890
2020-05-30 05:55,13961
2020-05-30 06:00,13906
2020-05-30 06:05,13893
2020-05-30 06:10,13933
2020-05-30 06:15,13787
2020-05-30 06:20,13691
2020-05-30 06:25,13554
2020-05-30 06:30,13362
2020-05-30 06:35,13245
2020-05-30 06:40,13070
2020-05-30 06:45,12899
2020-05-30 06:50,12677
2020-05-30 06:55,12447
2020-05-30 07:00,12225
2020-05-30 07:05,11999
2020-05-30 07:10,11758
2020-05-30 07:15,11573
2020-05-30 07:20,11386
2020-05-30 07:25,11246
2020-05-30 07:30,11098
2020-05-30 07:35,10885
2020-05-30 07:40,10703
2020-05-30 07:45,10572
2020-05-30 07:50,10431
2020-05-30 07:55,10243
2020-05-30 08:00,10130
2020-05-30 08:05,9958
2020-05-30 08:10,9872
2020-05-30 08:15,9725
2020-05-30 08:20,9569
2020-05-30 08:25,9434
2020-05-30 08:30,9287
2020-05-30 08:35,9185
2020-05-30 08:40,9169
2020-05-30 08:45,9074
2020-05-30 08:50,9014
2020-05-30 08:55,8966
2020-05-30 09:00,8899
2020-05-30 09:05,8847
2020-05-30 09:10,8860
2020-05-30 09:15,8883
2020-05-30 09:20,8861
2020-05-30 09:25,8881
2020-05-30 09:30,8801
2020-05-30 09:35,8771
2020-05-30 09:40,8841
2020-05-30 09:45,8853
2020-05-30 09:50,8934
2020-05-30 09:55,8934
2020-05-30 10:00,8959
2020-05-30 10:05,8972
2020-05-30 10:10,8980
2020-05-30 10:15,9049
2020-05-30 10:20,9115
2020-05-30 10:25,9182
2020-05-30 10:30,9267
2020-05-30 10:35,9319
2020-05-30 10:40,9398
2020-05-30 10:45,9473
2020-05-30 10:50,9565
2020-05-30 10:55,9652
2020-05-30 11:00,9715
2020-05-30 11:05,9772
2020-05-30 11:10,9816
2020-05-30 11:15,9900
2020-05-30 11:20,9971
2020-05-30 11:25,10065
2020-05-30 11:30,10151
2020-05-30 11:35,10244
2020-05-30 11:40,10301
2020-05-30 11:45,10370
2020-05-30 11:50,10402
2020-05-30 11:55,10445
2020-05-30 12:00,10570
2020-05-30 12:05,10664
2020-05-30 12:10,10772
2020-05-30 12:15,10770
2020-05-30 12:20,10775
2020-05-30 12:25,10809
2020-05-30 12:30,10863
2020-05-30 12:35,10907
2020-05-30 12:40,11030
2020-05-30 12:45,11150
2020-05-30 12:50,11284
2020-05-30 12:55,11428
2020-05-30 13:00,11588
2020-05-30 13:05,11730
2020-05-30 13:10,11853
2020-05-30 13:15,12025
2020-05-30 13:20,12179
2020-05-30 13:25,12359
2020-05-30 13:30,12513
2020-05-30 13:35,12660
2020-05-30 13:40,12817
2020-05-30 13:45,12928
2020-05-30 13:50,13111
2020-05-30 13:55,13230
2020-05-30 14:00,13357
2020-05-30 14:05,13454
2020-05-30 14:10,13627
2020-05-30 14:15,13748
2020-05-30 14:20,13871
2020-05-30 14:25,14046
2020-05-30 14:30,14238
2020-05-30 14:35,14404
2020-05-30 14:40,14513
2020-05-30 14:45,14613
2020-05-30 14:50,14743
2020-05-30 14:55,14878
2020-05-30 15:00,15016
2020-05-30 15:05,15160
2020-05-30 15:10,15385
2020-05-30 15:15,15409
2020-05-30 15:20,15502
2020-05-30 15:25,15617
2020-05-30 15:30,15842
2020-05-30 15:35,15901
2020-05-30 15:40,15993
2020-05-30 15:45,16008
2020-05-30 15:50,16091
2020-05-30 15:55,16176
2020-05-30 16:00,16285
2020-05-30 16:05,16328
2020-05-30 16:10,16418
2020-05-30 16:15,16537
2020-05-30 16:20,16609
2020-05-30 16:25,16752
2020-05-30 16:30,16882
2020-05-30 16:35,17035
2020-05-30 16:40,17246
2020-05-30 16:45,17311
2020-05-30 16:50,17339
2020-05-30 16:55,17436
2020-05-30 17:00,17566
2020-05-30 17:05,17620
2020-05-30 17:10,17656
2020-05-30 17:15,17777
2020-05-30 17:20,17895
2020-05-30 17:25,17981
2020-05-30 17:30,18175
2020-05-30 17:35,18321
2020-05-30 17:40,18473
2020-05-30 17:45,18683
2020-05-30 17:50,18834
2020-05-30 17:55,18981
2020-05-30 18:00,18996
2020-05-30 18:05,19212
2020-05-30 18:10,19326
2020-05-30 18:15,19467
2020-05-30 18:20,19618
2020-05-30 18:25,19769
2020-05-30 18:30,19933
2020-05-30 18:35,20107
2020-05-30 18:40,20264
2020-05-30 18:45,20420
2020-05-30 18:50,20588
2020-05-30 18:55,20689
2020-05-30 19:00,20802
2020-05-30 19:05,20909
2020-05-30 19:10,21019
2020-05-30 19:15,21050
2020-05-30 19:20,21085
2020-05-30 19:25,21083
2020-05-30 19:30,21108
2020-05-30 19:35,21155
2020-05-30 19:40,21200
2020-05-30 19:45,21399
2020-05-30 19:50,21710
2020-05-30 19:55,21921
2020-05-30 20:00,22188
2020-05-30 20:05,22313
2020-05-30 20:10,22495
2020-05-30 20:15,22641
2020-05-30 20:20,22809
2020-05-30 20:25,22874
2020-05-30 20:30,23059
2020-05-30 20:35,23240
2020-05-30 20:40,23314
2020-05-30 20:45,23459
2020-05-30 20:50,23577
2020-05-30 20:55,23671
2020-05-30 21:00,23720
2020-05-30 21:05,23682
2020-05-30 21:10,23694
2020-05-30 21:15,23632
2020-05-30 21:20,23609
2020-05-30 21:25,23628
2020-05-30 21:30,23562
2020-05-30 21:35,23409
2020-05-30 21:40,23439
2020-05-30 21:45,23391
2020-05-30 21:50,23298
2020-05-30 21:55,23253
2020-05-30 22:00,23174
2020-05-30 22:05,23008
2020-05-30 22:10,22840
2020-05-30 22:15,22680
2020-05-30 22:20,22515
2020-05-30 22:25,22397
2020-05-30 22:30,22347
2020-05-30 22:35,22152
2020-05-30 22:40,22051
2020-05-30 22:45,22054
2020-05-30 22:50,21939
2020-05-30 22:55,21816
2020-05-30 23:00,21647
2020-05-30 23:05,21473
2020-05-30 23:10,21477
2020-05-30 23:15,21405
2020-05-30 23:20,21281
2020-05-30 23:25,21179
2020-05-30 23:30,21043
2020-05-30 23:35,20958
2020-05-30 23:40,20801
2020-05-30 23:45,20648
2020-05-30 23:50,20579
2020-05-30 23:55,20490
2020-05-31 00:00,20385
2020-05-31 00:05,20256
2020-05-31 00:10,20133
2020-05-31 00:15,20006
2020-05-31 00:20,19866
2020-05-31 00:25,19823
2020-05-31 00:30,19743
2020-05-31 00:35,19670
2020-05-31 00:40,19662
2020-05-31 00:45,19660
2020-05-31 00:50,19637
2020-05-31 00:55,19642
2020-05-31 01:00,19613
2020-05-31 01:05,19504
2020-05-31 01:10,19482
2020-05-31 01:15,19493
2020-05-31 01:20,19485
2020-05-31 01:25,19554
2020-05-31 01:30,19545
2020-05-31 01:35,19567
2020-05-31 01:40,19630
2020-05-31 01:45,19648
2020-05-31 01:50,19742
2020-05-31 01:55,19826
2020-05-31 02:00,19851
2020-05-31 02:05,19874
2020-05-31 02:10,19940
2020-05-31 02:15,20061
2020-05-31 02:20,20151
2020-05-31 02:25,20122
2020-05-31 02:30,20129
2020-05-31 02:35,20187
2020-05-31 02:40,20164
2020-05-31 02:45,20155
2020-05-31 02:50,20186
2020-05-31 02:55,20187
2020-05-31 03:00,20152
2020-05-31 03:05,20044
2020-05-31 03:10,20051
2020-05-31 03:15,20015
2020-05-31 03:20,20080
2020-05-31 03:25,20048
2020-05-31 03:30,20120
2020-05-31 03:35,20128
2020-05-31 03:40,20059
2020-05-31 03:45,19958
2020-05-31 03:50,19879
2020-05-31 03:55,19812
2020-05-31 04:00,19760
2020-05-31 04:05,19620
2020-05-31 04:10,19496
2020-05-31 04:15,19381
2020-05-31 04:20,19296
2020-05-31 04:25,19203
2020-05-31 04:30,19091
2020-05-31 04:35,18963
2020-05-31 04:40,18854
2020-05-31 04:45,18705
2020-05-31 04:50,18517
2020-05-31 04:55,18300
2020-05-31 05:00,18166
2020-05-31 05:05,17999
2020-05-31 05:10,17720
2020-05-31 05:15,17476
2020-05-31 05:20,17155
2020-05-31 05:25,16995
2020-05-31 05:30,16792
2020-05-31 05:35,16709
2020-05-31 05:40,16481
2020-05-31 05:45,16211
2020-05-31 05:50,16036
2020-05-31 05:55,15785
2020-05-31 06:00,15578
2020-05-31 06:05,15304
2020-05-31 06:10,15013
2020-05-31 06:15,14737
2020-05-31 06:20,14478
2020-05-31 06:25,14262
2020-05-31 06:30,14015
2020-05-31 06:35,13762
2020-05-31 06:40,13517
2020-05-31 06:45,13315
2020-05-31 06:50,13095
2020-05-31 06:55,12856
2020-05-31 07:00,12537
2020-05-31 07:05,12288
2020-05-31 07:10,12060
2020-05-31 07:15,11855
2020-05-31 07:20,11656
2020-05-31 07:25,11461
2020-05-31 07:30,11189
2020-05-31 07:35,11047
2020-05-31 07:40,10886
2020-05-31 07:45,10631
2020-05-31 07:50,10498
2020-05-31 07:55,10377
2020-05-31 08:00,10239
2020-05-31 08:05,10079
2020-05-31 08:10,9955
2020-05-31 08:15,9788
2020-05-31 08:20,9615
2020-05-31 08:25,9505
2020-05-31 08:30,9419
2020-05-31 08:35,9400
2020-05-31 08:40,9290
2020-05-31 08:45,9196
2020-05-31 08:50,9170
2020-05-31 08:55,9118
2020-05-31 09:00,9028
2020-05-31 09:05,9063
2020-05-31 09:10,9067
2020-05-31 09:15,9100
2020-05-31 09:20,8778
2020-05-31 09:25,8755
2020-05-31 09:30,8771
2020-05-31 09:35,8869
2020-05-31 09:40,8955
2020-05-31 09:45,8953
2020-05-31 09:50,9013
2020-05-31 09:55,9080
2020-05-31 10:00,9092
2020-05-31 10:05,9174
2020-05-31 10:10,9214
2020-05-31 10:15,9315
2020-05-31 10:20,9388
2020-05-31 10:25,9432
2020-05-31 10:30,9470
2020-05-31 10:35,9599
2020-05-31 10:40,9646
2020-05-31 10:45,9732
2020-05-31 10:50,9861
2020-05-31 10:55,9892
2020-05-31 11:00,9966
2020-05-31 11:05,9984
2020-05-31 11:10,10110
2020-05-31 11:15,10194
2020-05-31 11:20,10266
2020-05-31 11:25,10354
2020-05-31 11:30,10435
2020-05-31 11:35,10423
2020-05-31 11:40,10499
2020-05-31 11:45,10613
2020-05-31 11:50,10771
2020-05-31 11:55,10850
2020-05-31 12:00,10968
2020-05-31 12:05,11109
2020-05-31 12:10,11222
2020-05-31 12:15,11325
2020-05-31 12:20,11396
2020-05-31 12:25,11518
2020-05-31 12:30,11617
2020-05-31 12:35,11715
2020-05-31 12:40,11770
2020-05-31 12:45,11890
2020-05-31 12:50,12002
2020-05-31 12:55,12094
2020-05-31 13:00,12270
2020-05-31 13:05,12419
2020-05-31 13:10,12552
2020-05-31 13:15,12703
2020-05-31 13:20,12786
2020-05-31 13:25,12939
2020-05-31 13:30,13043
2020-05-31 13:35,13152
2020-05-31 13:40,13246
2020-05-31 13:45,13424
2020-05-31 13:50,13544
2020-05-31 13:55,13670
2020-05-31 14:00,13812
2020-05-31 14:05,13999
2020-05-31 14:10,14130
2020-05-31 14:15,14334
2020-05-31 14:20,14511
2020-05-31 14:25,14682
2020-05-31 14:30,14808
2020-05-31 14:35,15018
2020-05-31 14:40,15125
2020-05-31 14:45,15380
2020-05-31 14:50,15478
2020-05-31 14:55,15607
2020-05-31 15:00,15671
2020-05-31 15:05,15758
2020-05-31 15:10,15915
2020-05-31 15:15,16107
2020-05-31 15:20,16258
2020-05-31 15:25,16391
2020-05-31 15:30,16458
2020-05-31 15:35,16546
2020-05-31 15:40,16631
2020-05-31 15:45,16714
2020-05-31 15:50,16799
2020-05-31 15:55,16877
2020-05-31 16:00,17016
2020-05-31 16:05,17065
2020-05-31 16:10,17171
2020-05-31 16:15,17252
2020-05-31 16:20,17454
2020-05-31 16:25,17486
2020-05-31 16:30,17603
2020-05-31 16:35,17782
2020-05-31 16:40,17951
2020-05-31 16:45,18138
2020-05-31 16:50,18308
2020-05-31 16:55,18401
2020-05-31 17:00,18547
2020-05-31 17:05,18714
2020-05-31 17:10,18833
2020-05-31 17:15,18965
2020-05-31 17:20,19164
2020-05-31 17:25,19312
2020-05-31 17:30,19431
2020-05-31 17:35,19507
2020-05-31 17:40,19686
2020-05-31 17:45,19847
2020-05-31 17:50,20122
2020-05-31 17:55,20284
2020-05-31 18:00,20427
2020-05-31 18:05,20584
2020-05-31 18:10,20790
2020-05-31 18:15,21047
2020-05-31 18:20,21236
2020-05-31 18:25,21338
2020-05-31 18:30,21498
2020-05-31 18:35,21659
2020-05-31 18:40,21787
2020-05-31 18:45,21926
2020-05-31 18:50,22030
2020-05-31 18:55,22123
2020-05-31 19:00,22430
2020-05-31 19:05,22604
2020-05-31 19:10,22680
2020-05-31 19:15,22936
2020-05-31 19:20,23064
2020-05-31 19:25,23201
2020-05-31 19:30,23314
2020-05-31 19:35,23475
2020-05-31 19:40,23624
2020-05-31 19:45,23745
2020-05-31 19:50,23924
2020-05-31 19:55,24087
2020-05-31 20:00,24203
2020-05-31 20:05,24276
2020-05-31 20:10,24357
2020-05-31 20:15,24353
2020-05-31 20:20,24371
2020-05-31 20:25,24523
2020-05-31 20:30,24549
2020-05-31 20:35,24564
2020-05-31 20:40,24697
2020-05-31 20:45,24715
2020-05-31 20:50,24711
2020-05-31 20:55,24629
2020-05-31 21:00,24529
2020-05-31 21:05,24362
2020-05-31 21:10,24363
2020-05-31 21:15,24343
2020-05-31 21:20,24269
2020-05-31 21:25,24156
2020-05-31 21:30,24165
2020-05-31 21:35,23927
2020-05-31 21:40,23773
2020-05-31 21:45,23652
2020-05-31 21:50,23559
2020-05-31 21:55,23513
2020-05-31 22:00,23445
2020-05-31 22:05,23237
2020-05-31 22:10,23124
2020-05-31 22:15,22922
2020-05-31 22:20,22839
2020-05-31 22:25,22716
2020-05-31 22:30,22616
2020-05-31 22:35,22463
2020-05-31 22:40,22326
2020-05-31 22:45,22236
2020-05-31 22:50,22029
2020-05-31 22:55,21953
2020-05-31 23:00,21809
2020-05-31 23:05,21598
2020-05-31 23:10,21370
2020-05-31 23:15,21367
2020-05-31 23:20,21300
2020-05-31 23:25,21212
2020-05-31 23:30,21141
2020-05-31 23:35,21019
2020-05-31 23:40,20980
2020-05-31 23:45,20845
2020-05-31 23:50,20825
2020-05-31 23:55,20662
2020-06-01 00:00,20635
2020-06-01 00:05,20609
2020-06-01 00:10,20512
2020-06-01 00:15,20462
2020-06-01 00:20,20457
2020-06-01 00:25,20392
2020-06-01 00:30,20296
2020-06-01 00:35,20229
2020-06-01 00:40,20332
2020-06-01 00:45,20275
2020-06-01 00:50,20313
2020-06-01 00:55,20279
2020-06-01 01:00,20300
2020-06-01 01:05,20329
2020-06-01 01:10,20330
2020-06-01 01:15,20243
2020-06-01 01:20,20172
2020-06-01 01:25,20236
2020-06-01 01:30,20198
2020-06-01 01:35,20269
2020-06-01 01:40,20268
2020-06-01 01:45,20294
2020-06-01 01:50,20291
2020-06-01 01:55,20315
2020-06-01 02:00,20220
2020-06-01 02:05,20159
2020-06-01 02:10,20213
2020-06-01 02:15,20161
2020-06-01 02:20,20172
2020-06-01 02:25,20047
2020-06-01 02:30,20043
2020-06-01 02:35,20012
2020-06-01 02:40,19918
2020-06-01 02:45,19871
2020-06-01 02:50,19785
2020-06-01 02:55,19682
2020-06-01 03:00,19605
2020-06-01 03:05,19535
2020-06-01 03:10,19442
2020-06-01 03:15,19378
2020-06-01 03:20,19240
2020-06-01 03:25,19068
2020-06-01 03:30,18920
2020-06-01 03:35,18746
2020-06-01 03:40,18616
2020-06-01 03:45,18481
2020-06-01 03:50,18352
2020-06-01 03:55,18259
2020-06-01 04:00,18068
2020-06-01 04:05,17786
2020-06-01 04:10,17573
2020-06-01 04:15,17437
2020-06-01 04:20,17177
2020-06-01 04:25,16962
2020-06-01 04:30,16742
2020-06-01 04:35,16534
2020-06-01 04:40,16338
2020-06-01 04:45,16062
2020-06-01 04:50,15809
2020-06-01 04:55,15564
2020-06-01 05:00,15252
2020-06-01 05:05,15021
2020-06-01 05:10,14705
2020-06-01 05:15,14466
2020-06-01 05:20,14166
2020-06-01 05:25,13978
2020-06-01 05:30,13723
2020-06-01 05:35,13481
2020-06-01 05:40,13262
2020-06-01 05:45,13038
2020-06-01 05:50,12837
2020-06-01 05:55,12589
2020-06-01 06:00,12309
2020-06-01 06:05,12042
2020-06-01 06:10,11842
2020-06-01 06:15,11655
2020-06-01 06:20,11449
2020-06-01 06:25,11285
2020-06-01 06:30,11020
2020-06-01 06:35,10869
2020-06-01 06:40,10674
2020-06-01 06:45,10458
2020-06-01 06:50,10303
2020-06-01 06:55,10187
2020-06-01 07:00,9911
2020-06-01 07:05,9720
2020-06-01 07:10,9581
2020-06-01 07:15,9378
2020-06-01 07:20,9244
2020-06-01 07:25,9091
2020-06-01 07:30,8993
2020-06-01 07:35,8849
2020-06-01 07:40,8678
2020-06-01 07:45,8557
2020-06-01 07:50,8443
2020-06-01 07:55,8386
2020-06-01 08:00,8285
2020-06-01 08:05,8222
2020-06-01 08:10,8146
2020-06-01 08:15,8045
2020-06-01 08:20,7951
2020-06-01 08:25,7905
2020-06-01 08:30,7860
2020-06-01 08:35,7878
2020-06-01 08:40,7862
2020-06-01 08:45,7855
2020-06-01 08:50,7806
2020-06-01 08:55,7758
2020-06-01 09:00,7720
2020-06-01 09:05,7736
2020-06-01 09:10,7747
2020-06-01 09:15,7795
2020-06-01 09:20,7840
2020-06-01 09:25,7915
2020-06-01 09:30,7950
2020-06-01 09:35,7917
2020-06-01 09:40,7975
2020-06-01 09:45,8001
2020-06-01 09:50,8015
2020-06-01 09:55,8036
2020-06-01 10:00,8092
2020-06-01 10:05,8087
2020-06-01 10:10,8161
2020-06-01 10:15,8220
2020-06-01 10:20,8223
2020-06-01 10:25,8318
2020-06-01 10:30,8396
2020-06-01 10:35,8445
2020-06-01 10:40,8487
2020-06-01 10:45,8533
2020-06-01 10:50,8606
2020-06-01 10:55,8606
2020-06-01 11:00,8672
2020-06-01 11:05,8763
2020-06-01 11:10,8849
2020-06-01 11:15,8924
2020-06-01 11:20,8958
2020-06-01 11:25,9059
2020-06-01 11:30,9157
2020-06-01 11:35,9221
2020-06-01 11:40,9327
2020-06-01 11:45,9421
2020-06-01 11:50,9474
2020-06-01 11:55,9581
2020-06-01 12:00,9706
2020-06-01 12:05,9803
2020-06-01 12:10,9913
2020-06-01 12:15,9947
2020-06-01 12:20,10053
2020-06-01 12:25,10105
2020-06-01 12:30,10244
2020-06-01 12:35,10369
2020-06-01 12:40,10408
2020-06-01 12:45,10553
2020-06-01 12:50,10639
2020-06-01 12:55,10733
2020-06-01 13:00,10832
2020-06-01 13:05,11008
2020-06-01 13:10,11142
2020-06-01 13:15,11273
2020-06-01 13:20,11372
2020-06-01 13:25,11515
2020-06-01 13:30,11648
2020-06-01 13:35,11783
2020-06-01 13:40,11952
2020-06-01 13:45,12023
2020-06-01 13:50,12129
2020-06-01 13:55,12274
2020-06-01 14:00,12420
2020-06-01 14:05,12502
2020-06-01 14:10,12643
2020-06-01 14:15,12763
2020-06-01 14:20,12862
2020-06-01 14:25,12991
2020-06-01 14:30,13055
2020-06-01 14:35,13165
2020-06-01 14:40,13312
2020-06-01 14:45,13452
2020-06-01 14:50,13585
2020-06-01 14:55,13696
2020-06-01 15:00,13727
2020-06-01 15:05,13833
2020-06-01 15:10,13875
2020-06-01 15:15,14000
2020-06-01 15:20,14103
2020-06-01 15:25,14094
2020-06-01 15:30,14181
2020-06-01 15:35,14277
2020-06-01 15:40,14344
2020-06-01 15:45,14436
2020-06-01 15:50,14482
2020-06-01 15:55,14646
2020-06-01 16:00,14761
2020-06-01 16:05,14834
2020-06-01 16:10,14857
2020-06-01 16:15,15038
2020-06-01 16:20,15143
2020-06-01 16:25,15258
2020-06-01 16:30,15355
2020-06-01 16:35,15480
2020-06-01 16:40,15635
2020-06-01 16:45,15581
2020-06-01 16:50,15629
2020-06-01 16:55,15705
2020-06-01 17:00,15906
2020-06-01 17:05,16075
2020-06-01 17:10,16299
2020-06-01 17:15,16468
2020-06-01 17:20,16557
2020-06-01 17:25,16821
2020-06-01 17:30,17014
2020-06-01 17:35,17191
2020-06-01 17:40,17342
2020-06-01 17:45,17499
2020-06-01 17:50,17669
2020-06-01 17:55,17855
2020-06-01 18:00,
2020-06-01 18:05,18130
2020-06-01 18:10,18298
2020-06-01 18:15,18459
2020-06-01 18:20,18658
2020-06-01 18:25,18820
2020-06-01 18:30,18964
2020-06-01 18:35,19135
2020-06-01 18:40,19343
2020-06-01 18:45,19554
2020-06-01 18:50,19738
2020-06-01 18:55,19892
2020-06-01 19:00,20051
2020-06-01 19:05,20168
2020-06-01 19:10,20398
2020-06-01 19:15,20618
2020-06-01 19:20,20768
2020-06-01 19:25,20921
2020-06-01 19:30,21037
2020-06-01 19:35,21064
2020-06-01 19:40,21024
2020-06-01 19:45,21142
2020-06-01 19:50,21208
2020-06-01 19:55,21250
2020-06-01 20:00,21343
2020-06-01 20:05,21352
2020-06-01 20:10,21407
2020-06-01 20:15,21526
2020-06-01 20:20,21583
2020-06-01 20:25,21612
2020-06-01 20:30,21679
2020-06-01 20:35,21712
2020-06-01 20:40,21766
2020-06-01 20:45,21772
2020-06-01 20:50,21818
2020-06-01 20:55,21867
2020-06-01 21:00,21851
2020-06-01 21:05,21854
2020-06-01 21:10,21905
2020-06-01 21:15,21856
2020-06-01 21:20,21830
2020-06-01 21:25,21725
2020-06-01 21:30,21615
2020-06-01 21:35,21560
2020-06-01 21:40,20652
2020-06-01 21:45,17702
2020-06-01 21:50,17735
2020-06-01 21:55,17888
2020-06-01 22:00,18074
2020-06-01 22:05,18291
2020-06-01 22:10,18381
2020-06-01 22:15,18498
2020-06-01 22:20,18651
2020-06-01 22:25,18860
2020-06-01 22:30,18973
2020-06-01 22:35,19004
2020-06-01 22:40,19088
2020-06-01 22:45,19186
2020-06-01 22:50,19285
2020-06-01 22:55,19264
2020-06-01 23:00,19269
2020-06-01 23:05,19299
2020-06-01 23:10,19384
2020-06-01 23:15,19384
2020-06-01 23:20,19445
2020-06-01 23:25,19491
2020-06-01 23:30,19519
2020-06-01 23:35,19517
2020-06-01 23:40,19605
2020-06-01 23:45,19659
2020-06-01 23:50,19737
2020-06-01 23:55,19717
2020-06-02 00:00,19686
2020-06-02 00:05,19695
2020-06-02 00:10,19656
2020-06-02 00:15,19635
2020-06-02 00:20,19755
2020-06-02 00:25,19711
2020-06-02 00:30,19680
2020-06-02 00:35,19726
2020-06-02 00:40,19756
2020-06-02 00:45,19722
2020-06-02 00:50,19700
2020-06-02 00:55,19740
2020-06-02 01:00,19827
2020-06-02 01:05,19749
2020-06-02 01:10,19765
2020-06-02 01:15,19794
2020-06-02 01:20,19905
2020-06-02 01:25,19863
2020-06-02 01:30,19896
2020-06-02 01:35,19957
2020-06-02 01:40,20020
2020-06-02 01:45,20047
2020-06-02 01:50,20094
2020-06-02 01:55,20053
2020-06-02 02:00,20075
2020-06-02 02:05,20115
2020-06-02 02:10,20026
2020-06-02 02:15,19999
2020-06-02 02:20,19909
2020-06-02 02:25,19780
2020-06-02 02:30,19688
2020-06-02 02:35,19551
2020-06-02 02:40,19487
2020-06-02 02:45,19441
2020-06-02 02:50,19332
2020-06-02 02:55,19234
2020-06-02 03:00,19101
2020-06-02 03:05,18950
2020-06-02 03:10,18856
2020-06-02 03:15,18815
2020-06-02 03:20,18659
2020-06-02 03:25,18436
2020-06-02 03:30,18236
2020-06-02 03:35,18121
2020-06-02 03:40,17923
2020-06-02 03:45,17901
2020-06-02 03:50,17765
2020-06-02 03:55,17619
2020-06-02 04:00,17453
2020-06-02 04:05,17244
2020-06-02 04:10,17020
2020-06-02 04:15,16784
2020-06-02 04:20,16574
2020-06-02 04:25,16330
2020-06-02 04:30,16065
2020-06-02 04:35,15828
2020-06-02 04:40,15552
2020-06-02 04:45,15368
2020-06-02 04:50,15111
2020-06-02 04:55,14873
2020-06-02 05:00,14635
2020-06-02 05:05,14286
2020-06-02 05:10,13953
2020-06-02 05:15,13682
2020-06-02 05:20,13435
2020-06-02 05:25,13212
2020-06-02 05:30,12952
2020-06-02 05:35,12713
2020-06-02 05:40,12498
2020-06-02 05:45,12272
2020-06-02 05:50,12044
2020-06-02 05:55,11827
2020-06-02 06:00,11669
2020-06-02 06:05,11407
2020-06-02 06:10,11200
2020-06-02 06:15,10969
2020-06-02 06:20,10749
2020-06-02 06:25,10540
2020-06-02 06:30,10396
2020-06-02 06:35,10075
2020-06-02 06:40,9830
2020-06-02 06:45,9650
2020-06-02 06:50,9433
2020-06-02 06:55,9208
2020-06-02 07:00,9025
2020-06-02 07:05,8801
2020-06-02 07:10,8596
2020-06-02 07:15,8397
2020-06-02 07:20,8235
2020-06-02 07:25,8124
2020-06-02 07:30,7957
2020-06-02 07:35,7860
2020-06-02 07:40,7759
2020-06-02 07:45,7595
2020-06-02 07:50,7456
2020-06-02 07:55,7332
2020-06-02 08:00,7225
2020-06-02 08:05,7154
2020-06-02 08:10,7099
2020-06-02 08:15,7039
2020-06-02 08:20,7004
2020-06-02 08:25,6950
2020-06-02 08:30,6871
2020-06-02 08:35,6803
2020-06-02 08:40,6820
2020-06-02 08:45,6807
2020-06-02 08:50,6815
2020-06-02 08:55,6850
2020-06-02 09:00,6855
2020-06-02 09:05,6835
2020-06-02 09:10,6890
2020-06-02 09:15,6933
2020-06-02 09:20,6981
2020-06-02 09:25,6994
2020-06-02 09:30,6967
2020-06-02 09:35,6914
2020-06-02 09:40,6942
2020-06-02 09:45,6967
2020-06-02 09:50,6958
2020-06-02 09:55,6980
2020-06-02 10:00,6981
2020-06-02 10:05,6866
2020-06-02 10:10,6873
2020-06-02 10:15,6843
2020-06-02 10:20,6742
2020-06-02 10:25,6687
2020-06-02 10:30,6676
2020-06-02 10:35,6027
2020-06-02 10:40,5018
2020-06-02 10:45,4107
2020-06-02 10:50,3298
2020-06-02 10:55,2678
2020-06-02 11:00,2384
2020-06-02 11:05,2167
2020-06-02 11:10,2007
2020-06-02 11:15,1968
2020-06-02 11:20,1946
2020-06-02 11:25,1927
2020-06-02 11:30,1925
2020-06-02 11:35,1942
2020-06-02 11:40,1947
2020-06-02 11:45,1969
2020-06-02 11:50,1966
2020-06-02 11:55,2238
2020-06-02 12:00,2948
2020-06-02 12:05,3677
2020-06-02 12:10,4300
2020-06-02 12:15,4695
2020-06-02 12:20,4852
2020-06-02 12:25,5085
2020-06-02 12:30,5229
2020-06-02 12:35,5342
2020-06-02 12:40,5420
2020-06-02 12:45,5399
2020-06-02 12:50,5301
2020-06-02 12:55,5235
2020-06-02 13:00,5418
2020-06-02 13:05,6314
2020-06-02 13:10,7122
2020-06-02 13:15,7796
2020-06-02 13:20,8447
2020-06-02 13:25,8972
2020-06-02 13:30,9503
2020-06-02 13:35,9934
2020-06-02 13:40,10402
2020-06-02 13:45,10769
2020-06-02 13:50,11052
2020-06-02 13:55,11320
2020-06-02 14:00,11553
2020-06-02 14:05,11752
2020-06-02 14:10,12000
2020-06-02 14:15,12213
2020-06-02 14:20,12370
2020-06-02 14:25,12518
2020-06-02 14:30,12807
2020-06-02 14:35,12938
2020-06-02 14:40,13137
2020-06-02 14:45,13325
2020-06-02 14:50,13445
2020-06-02 14:55,13621
2020-06-02 15:00,13776
2020-06-02 15:05,13867
2020-06-02 15:10,14074
2020-06-02 15:15,14155
2020-06-02 15:20,14209
2020-06-02 15:25,14382
2020-06-02 15:30,14530
2020-06-02 15:35,14640
2020-06-02 15:40,14822
2020-06-02 15:45,14861
2020-06-02 15:50,14932
2020-06-02 15:55,15023
2020-06-02 16:00,15100
2020-06-02 16:05,15245
2020-06-02 16:10,15314
2020-06-02 16:15,15426
2020-06-02 16:20,15606
2020-06-02 16:25,15701
2020-06-02 16:30,15857
2020-06-02 16:35,15985
2020-06-02 16:40,16095
2020-06-02 16:45,16227
2020-06-02 16:50,16330
2020-06-02 16:55,16365
2020-06-02 17:00,16414
2020-06-02 17:05,16545
2020-06-02 17:10,16726
2020-06-02 17:15,16863
2020-06-02 17:20,17009
2020-06-02 17:25,17071
2020-06-02 17:30,17181
2020-06-02 17:35,17398
2020-06-02 17:40,17534
2020-06-02 17:45,17711
2020-06-02 17:50,17906
2020-06-02 17:55,18024
2020-06-02 18:00,18294
2020-06-02 18:05,18466
2020-06-02 18:10,18569
2020-06-02 18:15,18751
2020-06-02 18:20,18807
2020-06-02 18:25,19089
2020-06-02 18:30,19235
2020-06-02 18:35,19341
2020-06-02 18:40,19520
2020-06-02 18:45,19645
2020-06-02 18:50,19759
2020-06-02 18:55,19868
2020-06-02 19:00,19996
2020-06-02 19:05,20008
2020-06-02 19:10,20180
2020-06-02 19:15,20329
2020-06-02 19:20,20414
2020-06-02 19:25,20611
2020-06-02 19:30,20648
2020-06-02 19:35,20631
2020-06-02 19:40,20735
2020-06-02 19:45,20794
2020-06-02 19:50,20905
2020-06-02 19:55,20979
2020-06-02 20:00,21019
2020-06-02 20:05,21012
2020-06-02 20:10,21052
2020-06-02 20:15,21054
2020-06-02 20:20,21057
2020-06-02 20:25,21105
2020-06-02 20:30,21103
2020-06-02 20:35,21160
2020-06-02 20:40,21158
2020-06-02 20:45,21185
2020-06-02 20:50,21220
2020-06-02 20:55,21125
2020-06-02 21:00,21060
2020-06-02 21:05,21031
2020-06-02 21:10,21030
2020-06-02 21:15,21027
2020-06-02 21:20,20950
2020-06-02 21:25,20817
2020-06-02 21:30,20696
2020-06-02 21:35,20713
2020-06-02 21:40,20635
2020-06-02 21:45,20591
2020-06-02 21:50,20426
2020-06-02 21:55,20383
2020-06-02 22:00,20341
2020-06-02 22:05,20252
2020-06-02 22:10,20142
2020-06-02 22:15,20066
2020-06-02 22:20,19947
2020-06-02 22:25,19846
2020-06-02 22:30,19752
2020-06-02 22:35,19768
2020-06-02 22:40,19637
2020-06-02 22:45,19525
2020-06-02 22:50,19519
2020-06-02 22:55,19447
2020-06-02 23:00,19324
2020-06-02 23:05,19320
2020-06-02 23:10,19243
2020-06-02 23:15,19206
2020-06-02 23:20,19141
2020-06-02 23:25,19038
2020-06-02 23:30,0
2020-06-02 23:35,15586
2020-06-02 23:40,17803
2020-06-02 23:45,18061
2020-06-02 23:50,17916
2020-06-02 23:55,18048
2020-06-03 00:00,18138
2020-06-03 00:05,18304
2020-06-03 00:10,18314
2020-06-03 00:15,18310
2020-06-03 00:20,18348
2020-06-03 00:25,18468
2020-06-03 00:30,18442
2020-06-03 00:35,18451
2020-06-03 00:40,18510
2020-06-03 00:45,18455
2020-06-03 00:50,18484
2020-06-03 00:55,18475
2020-06-03 01:00,18459
2020-06-03 01:05,18545
2020-06-03 01:10,18499
2020-06-03 01:15,18557
2020-06-03 01:20,18612
2020-06-03 01:25,18597
2020-06-03 01:30,18674
2020-06-03 01:35,18672
2020-06-03 01:40,18664
2020-06-03 01:45,18714
2020-06-03 01:50,18724
2020-06-03 01:55,18705
2020-06-03 02:00,18607
2020-06-03 02:05,18538
2020-06-03 02:10,18534
2020-06-03 02:15,18498
2020-06-03 02:20,18545
2020-06-03 02:25,18505
2020-06-03 02:30,18510
2020-06-03 02:35,18469
2020-06-03 02:40,18457
2020-06-03 02:45,18390
2020-06-03 02:50,18352
2020-06-03 02:55,18311
2020-06-03 03:00,18275
2020-06-03 03:05,18165
2020-06-03 03:10,18051
2020-06-03 03:15,17925
2020-06-03 03:20,17796
2020-06-03 03:25,17676
2020-06-03 03:30,17505
2020-06-03 03:35,17483
2020-06-03 03:40,17411
2020-06-03 03:45,17232
2020-06-03 03:50,17099
2020-06-03 03:55,16872
2020-06-03 04:00,16619
2020-06-03 04:05,16459
2020-06-03 04:10,16329
2020-06-03 04:15,16151
2020-06-03 04:20,15946
2020-06-03 04:25,15704
2020-06-03 04:30,15513
2020-06-03 04:35,15408
2020-06-03 04:40,15241
2020-06-03 04:45,15042
2020-06-03 04:50,14739
2020-06-03 04:55,14533
2020-06-03 05:00,14337
2020-06-03 05:05,14092
2020-06-03 05:10,13755
2020-06-03 05:15,13530
2020-06-03 05:20,13278
2020-06-03 05:25,12999
2020-06-03 05:30,12874
2020-06-03 05:35,12629
2020-06-03 05:40,12476
2020-06-03 05:45,12284
2020-06-03 05:50,12086
2020-06-03 05:55,11902
2020-06-03 06:00,11643
2020-06-03 06:05,11392
2020-06-03 06:10,11179
2020-06-03 06:15,10993
2020-06-03 06:20,10819
2020-06-03 06:25,10576
2020-06-03 06:30,10369
2020-06-03 06:35,10275
2020-06-03 06:40,10046
2020-06-03 06:45,9845
2020-06-03 06:50,9632
2020-06-03 06:55,9486
2020-06-03 07:00,9241
2020-06-03 07:05,9031
2020-06-03 07:10,8865
2020-06-03 07:15,8759
2020-06-03 07:20,8639
2020-06-03 07:25,8525
2020-06-03 07:30,8402
2020-06-03 07:35,8306
2020-06-03 07:40,8243
2020-06-03 07:45,8193
2020-06-03 07:50,8042
2020-06-03 07:55,7945
2020-06-03 08:00,7862
2020-06-03 08:05,7785
2020-06-03 08:10,7738
2020-06-03 08:15,7702
2020-06-03 08:20,7671
2020-06-03 08:25,7635
2020-06-03 08:30,7558
2020-06-03 08:35,7510
2020-06-03 08:40,7460
2020-06-03 08:45,7405
2020-06-03 08:50,7353
2020-06-03 08:55,7299
2020-06-03 09:00,7190
2020-06-03 09:05,7253
2020-06-03 09:10,7280
2020-06-03 09:15,7291
2020-06-03 09:20,7301
2020-06-03 09:25,7360
2020-06-03 09:30,7374
2020-06-03 09:35,7406
2020-06-03 09:40,7402
2020-06-03 09:45,7401
2020-06-03 09:50,7276
2020-06-03 09:55,7321
2020-06-03 10:00,7364
2020-06-03 10:05,7405
2020-06-03 10:10,7429
2020-06-03 10:15,7481
2020-06-03 10:20,7487
2020-06-03 10:25,7571
2020-06-03 10:30,7678
2020-06-03 10:35,7720
2020-06-03 10:40,7786
2020-06-03 10:45,7855
2020-06-03 10:50,7904
2020-06-03 10:55,8021
2020-06-03 11:00,8096
2020-06-03 11:05,8163
2020-06-03 11:10,8211
2020-06-03 11:15,8310
2020-06-03 11:20,8375
2020-06-03 11:25,8490
2020-06-03 11:30,8523
2020-06-03 11:35,8575
2020-06-03 11:40,8649
2020-06-03 11:45,8706
2020-06-03 11:50,8755
2020-06-03 11:55,8799
2020-06-03 12:00,8826
2020-06-03 12:05,8873
2020-06-03 12:10,8940
2020-06-03 12:15,8987
2020-06-03 12:20,9036
2020-06-03 12:25,9109
2020-06-03 12:30,9188
2020-06-03 12:35,9271
2020-06-03 12:40,9391
2020-06-03 12:45,9545
2020-06-03 12:50,9649
2020-06-03 12:55,9759
2020-06-03 13:00,9820
2020-06-03 13:05,9910
2020-06-03 13:10,10036
2020-06-03 13:15,10145
2020-06-03 13:20,10298
2020-06-03 13:25,10421
2020-06-03 13:30,10576
2020-06-03 13:35,10653
2020-06-03 13:40,10756
2020-06-03 13:45,10940
2020-06-03 13:50,11071
2020-06-03 13:55,11173
2020-06-03 14:00,11301
2020-06-03 14:05,11471
2020-06-03 14:10,11643
2020-06-03 14:15,11798
2020-06-03 14:20,11938
2020-06-03 14:25,12050
2020-06-03 14:30,12177
2020-06-03 14:35,12346
2020-06-03 14:40,12471
2020-06-03 14:45,12603
2020-06-03 14:50,12763
2020-06-03 14:55,12811
2020-06-03 15:00,12913
2020-06-03 15:05,12998
2020-06-03 15:10,13125
2020-06-03 15:15,13215
2020-06-03 15:20,13302
2020-06-03 15:25,13419
2020-06-03 15:30,13496
2020-06-03 15:35,13604
2020-06-03 15:40,13788
2020-06-03 15:45,13907
2020-06-03 15:50,14017
2020-06-03 15:55,14137
2020-06-03 16:00,14233
2020-06-03 16:05,14262
2020-06-03 16:10,14404
2020-06-03 16:15,14495
2020-06-03 16:20,14618
2020-06-03 16:25,14781
2020-06-03 16:30,14877
2020-06-03 16:35,15063
2020-06-03 16:40,15243
2020-06-03 16:45,15363
2020-06-03 16:50,15469
2020-06-03 16:55,15558
2020-06-03 17:00,15791
2020-06-03 17:05,15925
2020-06-03 17:10,16085
2020-06-03 17:15,16171
2020-06-03 17:20,16443
2020-06-03 17:25,16591
2020-06-03 17:30,16709
2020-06-03 17:35,16685
2020-06-03 17:40,16968
2020-06-03 17:45,17165
2020-06-03 17:50,17339
2020-06-03 17:55,17496
2020-06-03 18:00,17762
2020-06-03 18:05,18011
2020-06-03 18:10,18282
2020-06-03 18:15,18397
2020-06-03 18:20,18553
2020-06-03 18:25,18684
2020-06-03 18:30,18863
2020-06-03 18:35,19031
2020-06-03 18:40,19173
2020-06-03 18:45,19263
2020-06-03 18:50,19401
2020-06-03 18:55,19539
2020-06-03 19:00,19648
2020-06-03 19:05,19748
2020-06-03 19:10,19765
2020-06-03 19:15,19883
2020-06-03 19:20,20030
2020-06-03 19:25,20080
2020-06-03 19:30,20195
2020-06-03 19:35,20414
2020-06-03 19:40,20484
2020-06-03 19:45,20537
2020-06-03 19:50,20621
2020-06-03 19:55,20684
2020-06-03 20:00,20761
2020-06-03 20:05,20836
2020-06-03 20:10,20814
2020-06-03 20:15,20775
2020-06-03 20:20,20770
2020-06-03 20:25,20822
2020-06-03 20:30,20830
2020-06-03 20:35,20856
2020-06-03 20:40,20931
2020-06-03 20:45,21005
2020-06-03 20:50,21006
2020-06-03 20:55,20903
2020-06-03 21:00,20802
2020-06-03 21:05,20600
2020-06-03 21:10,20488
2020-06-03 21:15,20405
2020-06-03 21:20,20384
2020-06-03 21:25,20344
2020-06-03 21:30,20214
2020-06-03 21:35,20048
2020-06-03 21:40,19996
2020-06-03 21:45,19911
2020-06-03 21:50,19816
2020-06-03 21:55,19734
2020-06-03 22:00,19418
2020-06-03 22:05,19322
2020-06-03 22:10,19317
2020-06-03 22:15,19169
2020-06-03 22:20,19100
2020-06-03 22:25,18973
2020-06-03 22:30,18799
2020-06-03 22:35,18700
2020-06-03 22:40,18574
2020-06-03 22:45,18560
2020-06-03 22:50,18610
2020-06-03 22:55,18592
2020-06-03 23:00,18473
2020-06-03 23:05,18438
2020-06-03 23:10,18368
2020-06-03 23:15,18379
2020-06-03 23:20,18370
2020-06-03 23:25,18333
2020-06-03 23:30,18333
2020-06-03 23:35,18287
2020-06-03 23:40,18297
2020-06-03 23:45,18344
2020-06-03 23:50,18235
2020-06-03 23:55,18239
2020-06-04 00:00,18239
2020-06-04 00:05,18161
2020-06-04 00:10,18165
2020-06-04 00:15,18147
2020-06-04 00:20,18287
2020-06-04 00:25,18275
2020-06-04 00:30,18362
2020-06-04 00:35,18371
2020-06-04 00:40,18352
2020-06-04 00:45,18406
2020-06-04 00:50,18554
2020-06-04 00:55,18193
2020-06-04 01:00,17375
2020-06-04 01:05,17312
2020-06-04 01:10,17456
2020-06-04 01:15,17662
2020-06-04 01:20,17969
2020-06-04 01:25,18100
2020-06-04 01:30,18179
2020-06-04 01:35,18324
2020-06-04 01:40,18392
2020-06-04 01:45,18513
2020-06-04 01:50,18507
2020-06-04 01:55,18511
2020-06-04 02:00,18551
2020-06-04 02:05,18588
2020-06-04 02:10,18662
2020-06-04 02:15,18678
2020-06-04 02:20,18597
2020-06-04 02:25,18596
2020-06-04 02:30,18499
2020-06-04 02:35,18468
2020-06-04 02:40,18483
2020-06-04 02:45,18386
2020-06-04 02:50,18414
2020-06-04 02:55,18291
2020-06-04 03:00,18188
2020-06-04 03:05,18058
2020-06-04 03:10,17945
2020-06-04 03:15,17747
2020-06-04 03:20,17575
2020-06-04 03:25,17459
2020-06-04 03:30,17275
2020-06-04 03:35,17172
2020-06-04 03:40,17079
2020-06-04 03:45,16935
2020-06-04 03:50,16740
2020-06-04 03:55,16621
2020-06-04 04:00,16441
2020-06-04 04:05,16189
2020-06-04 04:10,16149
2020-06-04 04:15,15900
2020-06-04 04:20,15727
2020-06-04 04:25,15498
2020-06-04 04:30,15361
2020-06-04 04:35,15164
2020-06-04 04:40,14940
2020-06-04 04:45,14755
2020-06-04 04:50,14591
2020-06-04 04:55,14384
2020-06-04 05:00,13642
2020-06-04 05:05,12786
2020-06-04 05:10,13599
2020-06-04 05:15,13364
2020-06-04 05:20,13122
2020-06-04 05:25,12909
2020-06-04 05:30,12669
2020-06-04 05:35,12364
2020-06-04 05:40,12178
2020-06-04 05:45,11965
2020-06-04 05:50,11759
2020-06-04 05:55,11546
2020-06-04 06:00,11331
2020-06-04 06:05,11050
2020-06-04 06:10,10882
2020-06-04 06:15,10686
2020-06-04 06:20,10431
2020-06-04 06:25,10193
2020-06-04 06:30,10054
2020-06-04 06:35,9873
2020-06-04 06:40,9657
2020-06-04 06:45,9470
2020-06-04 06:50,9292
2020-06-04 06:55,9134
2020-06-04 07:00,9006
2020-06-04 07:05,8802
2020-06-04 07:10,8670
2020-06-04 07:15,8536
2020-06-04 07:20,8443
2020-06-04 07:25,8318
2020-06-04 07:30,8187
2020-06-04 07:35,8097
2020-06-04 07:40,7988
2020-06-04 07:45,7911
2020-06-04 07:50,7831
2020-06-04 07:55,7741
2020-06-04 08:00,7619
2020-06-04 08:05,7517
2020-06-04 08:10,7505
2020-06-04 08:15,7426
2020-06-04 08:20,7341
2020-06-04 08:25,7296
2020-06-04 08:30,7204
2020-06-04 08:35,7185
2020-06-04 08:40,7222
2020-06-04 08:45,7177
2020-06-04 08:50,7123
2020-06-04 08:55,7102
2020-06-04 09:00,7056
2020-06-04 09:05,7079
2020-06-04 09:10,7053
2020-06-04 09:15,7068
2020-06-04 09:20,7059
2020-06-04 09:25,7084
2020-06-04 09:30,7134
2020-06-04 09:35,7154
2020-06-04 09:40,7223
2020-06-04 09:45,7248
2020-06-04 09:50,7280
2020-06-04 09:55,7292
2020-06-04 10:00,7386
2020-06-04 10:05,7456
2020-06-04 10:10,7499
2020-06-04 10:15,7539
2020-06-04 10:20,7518
2020-06-04 10:25,7524
2020-06-04 10:30,7581
2020-06-04 10:35,7681
2020-06-04 10:40,7759
2020-06-04 10:45,7804
2020-06-04 10:50,7848
2020-06-04 10:55,7878
2020-06-04 11:00,7911
2020-06-04 11:05,7974
2020-06-04 11:10,7989
2020-06-04 11:15,7992
2020-06-04 11:20,8084
2020-06-04 11:25,8095
2020-06-04 11:30,8172
2020-06-04 11:35,8251
2020-06-04 11:40,8339
2020-06-04 11:45,8424
2020-06-04 11:50,8440
2020-06-04 11:55,8498
2020-06-04 12:00,8525
2020-06-04 12:05,8553
2020-06-04 12:10,8646
2020-06-04 12:15,8697
2020-06-04 12:20,8790
2020-06-04 12:25,8852
2020-06-04 12:30,8980
2020-06-04 12:35,9093
2020-06-04 12:40,9230
2020-06-04 12:45,9358
2020-06-04 12:50,9533
2020-06-04 12:55,9651
2020-06-04 13:00,9710
2020-06-04 13:05,9805
2020-06-04 13:10,9943
2020-06-04 13:15,10067
2020-06-04 13:20,10182
2020-06-04 13:25,10255
2020-06-04 13:30,10418
2020-06-04 13:35,10576
2020-06-04 13:40,10711
2020-06-04 13:45,10855
2020-06-04 13:50,10932
2020-06-04 13:55,11106
2020-06-04 14:00,11158
2020-06-04 14:05,11290
2020-06-04 14:10,11358
2020-06-04 14:15,11514
2020-06-04 14:20,11736
2020-06-04 14:25,11821
2020-06-04 14:30,11963
2020-06-04 14:35,12054
2020-06-04 14:40,12211
2020-06-04 14:45,12265
2020-06-04 14:50,12444
2020-06-04 14:55,12549
2020-06-04 15:00,12612
2020-06-04 15:05,12721
2020-06-04 15:10,12848
2020-06-04 15:15,12957
2020-06-04 15:20,13082
2020-06-04 15:25,13156
2020-06-04 15:30,13381
2020-06-04 15:35,13499
2020-06-04 15:40,13637
2020-06-04 15:45,13822
2020-06-04 15:50,13904
2020-06-04 15:55,14013
2020-06-04 16:00,14153
2020-06-04 16:05,14314
2020-06-04 16:10,14448
2020-06-04 16:15,14624
2020-06-04 16:20,14757
2020-06-04 16:25,14855
2020-06-04 16:30,14937
2020-06-04 16:35,15125
2020-06-04 16:40,15213
2020-06-04 16:45,15400
2020-06-04 16:50,15545
2020-06-04 16:55,15545
2020-06-04 17:00,15595
2020-06-04 17:05,15650
2020-06-04 17:10,15859
2020-06-04 17:15,15939
2020-06-04 17:20,16183
2020-06-04 17:25,16398
2020-06-04 17:30,16477
2020-06-04 17:35,16654
2020-06-04 17:40,16772
2020-06-04 17:45,16994
2020-06-04 17:50,17136
2020-06-04 17:55,17322
2020-06-04 18:00,17426
2020-06-04 18:05,17570
2020-06-04 18:10,17684
2020-06-04 18:15,
2020-06-04 18:20,18185
2020-06-04 18:25,18342
2020-06-04 18:30,18476
2020-06-04 18:35,18660
2020-06-04 18:40,18840
2020-06-04 18:45,19079
2020-06-04 18:50,19244
2020-06-04 18:55,19451
2020-06-04 19:00,19623
2020-06-04 19:05,19757
2020-06-04 19:10,19880
2020-06-04 19:15,
2020-06-04 19:20,20130
2020-06-04 19:25,20285
2020-06-04 19:30,
2020-06-04 19:35,20588
2020-06-04 19:40,20660
2020-06-04 19:45,20785
2020-06-04 19:50,20763
2020-06-04 19:55,20870
2020-06-04 20:00,20792
2020-06-04 20:05,20797
2020-06-04 20:10,20871
2020-06-04 20:15,20897
2020-06-04 20:20,20921
2020-06-04 20:25,20963
2020-06-04 20:30,20943
2020-06-04 20:35,20980
2020-06-04 20:40,20942
2020-06-04 20:45,20897
2020-06-04 20:50,20950
2020-06-04 20:55,20854
2020-06-04 21:00,20672
2020-06-04 21:05,20626
2020-06-04 21:10,20641
2020-06-04 21:15,20599
2020-06-04 21:20,20546
2020-06-04 21:25,20579
2020-06-04 21:30,20460
2020-06-04 21:35,20389
2020-06-04 21:40,20363
2020-06-04 21:45,20348
2020-06-04 21:50,20154
2020-06-04 21:55,20074
2020-06-04 22:00,19954
2020-06-04 22:05,19823
2020-06-04 22:10,19663
2020-06-04 22:15,19467
2020-06-04 22:20,19331
2020-06-04 22:25,19229
2020-06-04 22:30,19118
2020-06-04 22:35,18986
2020-06-04 22:40,18894
2020-06-04 22:45,18835
2020-06-04 22:50,18726
2020-06-04 22:55,18651
2020-06-04 23:00,18636
2020-06-04 23:05,18556
2020-06-04 23:10,18453
2020-06-04 23:15,18459
2020-06-04 23:20,18408
2020-06-04 23:25,18268
2020-06-04 23:30,18228
2020-06-04 23:35,18148
2020-06-04 23:40,18230
2020-06-04 23:45,18252
2020-06-04 23:50,18192
2020-06-04 23:55,18196
2020-06-05 00:00,18136
2020-06-05 00:05,18172
2020-06-05 00:10,
2020-06-05 00:15,18026
2020-06-05 00:20,18017
2020-06-05 00:25,18040
2020-06-05 00:30,18082
2020-06-05 00:35,18114
2020-06-05 00:40,18100
2020-06-05 00:45,18108
2020-06-05 00:50,18132
2020-06-05 00:55,18139
2020-06-05 01:00,18138
2020-06-05 01:05,18091
2020-06-05 01:10,18130
2020-06-05 01:15,18153
2020-06-05 01:20,18154
2020-06-05 01:25,18171
2020-06-05 01:30,18205
2020-06-05 01:35,18253
2020-06-05 01:40,18321
2020-06-05 01:45,18308
2020-06-05 01:50,18390
2020-06-05 01:55,18458
2020-06-05 02:00,18431
2020-06-05 02:05,18418
2020-06-05 02:10,18441
2020-06-05 02:15,18450
2020-06-05 02:20,18433
2020-06-05 02:25,18460
2020-06-05 02:30,18429
2020-06-05 02:35,18413
2020-06-05 02:40,18375
2020-06-05 02:45,18315
2020-06-05 02:50,18314
2020-06-05 02:55,18188
2020-06-05 03:00,18125
2020-06-05 03:05,17992
2020-06-05 03:10,17903
2020-06-05 03:15,17785
2020-06-05 03:20,17653
2020-06-05 03:25,17479
2020-06-05 03:30,17438
2020-06-05 03:35,17400
2020-06-05 03:40,17316
2020-06-05 03:45,17197
2020-06-05 03:50,17075
2020-06-05 03:55,16950
2020-06-05 04:00,16899
2020-06-05 04:05,16620
2020-06-05 04:10,16398
2020-06-05 04:15,16236
2020-06-05 04:20,16053
2020-06-05 04:25,15810
2020-06-05 04:30,15614
2020-06-05 04:35,15493
2020-06-05 04:40,15280
2020-06-05 04:45,14989
2020-06-05 04:50,14766
2020-06-05 04:55,14586
2020-06-05 05:00,14281
2020-06-05 05:05,13929
2020-06-05 05:10,13647
2020-06-05 05:15,13470
2020-06-05 05:20,13217
2020-06-05 05:25,13028
2020-06-05 05:30,12816
2020-06-05 05:35,12542
2020-06-05 05:40,12372
2020-06-05 05:45,12139
2020-06-05 05:50,11901
2020-06-05 05:55,11661
2020-06-05 06:00,11431
2020-06-05 06:05,11205
2020-06-05 06:10,11025
2020-06-05 06:15,10851
2020-06-05 06:20,10724
2020-06-05 06:25,10520
2020-06-05 06:30,10310
2020-06-05 06:35,10048
2020-06-05 06:40,9811
2020-06-05 06:45,9628
2020-06-05 06:50,9408
2020-06-05 06:55,9245
2020-06-05 07:00,9105
2020-06-05 07:05,8928
2020-06-05 07:10,8735
2020-06-05 07:15,8611
2020-06-05 07:20,8546
2020-06-05 07:25,8391
2020-06-05 07:30,8259
2020-06-05 07:35,8104
2020-06-05 07:40,8034
2020-06-05 07:45,7942
2020-06-05 07:50,7782
2020-06-05 07:55,7700
2020-06-05 08:00,7618
2020-06-05 08:05,7518
2020-06-05 08:10,7400
2020-06-05 08:15,7336
2020-06-05 08:20,7215
2020-06-05 08:25,7216
2020-06-05 08:30,7184
2020-06-05 08:35,7128
2020-06-05 08:40,7145
2020-06-05 08:45,7098
2020-06-05 08:50,7127
2020-06-05 08:55,7092
2020-06-05 09:00,7042
2020-06-05 09:05,7101
2020-06-05 09:10,7105
2020-06-05 09:15,7157
2020-06-05 09:20,7139
2020-06-05 09:25,7190
2020-06-05 09:30,7214
2020-06-05 09:35,7210
2020-06-05 09:40,7254
2020-06-05 09:45,7269
2020-06-05 09:50,7333
2020-06-05 09:55,7383
2020-06-05 10:00,7378
2020-06-05 10:05,7434
2020-06-05 10:10,7457
2020-06-05 10:15,7491
2020-06-05 10:20,7507
2020-06-05 10:25,7613
2020-06-05 10:30,7665
2020-06-05 10:35,7689
2020-06-05 10:40,7768
2020-06-05 10:45,7881
2020-06-05 10:50,7949
2020-06-05 10:55,7976
2020-06-05 11:00,8008
2020-06-05 11:05,8060
2020-06-05 11:10,8163
2020-06-05 11:15,8267
2020-06-05 11:20,8355
2020-06-05 11:25,8420
2020-06-05 11:30,8465
2020-06-05 11:35,8526
2020-06-05 11:40,8635
2020-06-05 11:45,8740
2020-06-05 11:50,8884
2020-06-05 11:55,8991
2020-06-05 12:00,8999
2020-06-05 12:05,9063
2020-06-05 12:10,9214
2020-06-05 12:15,9266
2020-06-05 12:20,9323
2020-06-05 12:25,9387
2020-06-05 12:30,9547
2020-06-05 12:35,9614
2020-06-05 12:40,9763
2020-06-05 12:45,9864
2020-06-05 12:50,9996
2020-06-05 12:55,10064
2020-06-05 13:00,10184
2020-06-05 13:05,10382
2020-06-05 13:10,10503
2020-06-05 13:15,10619
2020-06-05 13:20,10694
2020-06-05 13:25,10854
2020-06-05 13:30,11029
2020-06-05 13:35,11170
2020-06-05 13:40,11305
2020-06-05 13:45,11403
2020-06-05 13:50,11475
2020-06-05 13:55,11500
2020-06-05 14:00,11618
2020-06-05 14:05,11747
2020-06-05 14:10,11820
2020-06-05 14:15,11960
2020-06-05 14:20,12093
2020-06-05 14:25,12267
2020-06-05 14:30,12388
2020-06-05 14:35,12516
2020-06-05 14:40,12613
2020-06-05 14:45,12656
2020-06-05 14:50,12727
2020-06-05 14:55,12864
2020-06-05 15:00,13003
2020-06-05 15:05,13082
2020-06-05 15:10,13199
2020-06-05 15:15,13336
2020-06-05 15:20,13412
2020-06-05 15:25,13538
2020-06-05 15:30,13652
2020-06-05 15:35,13720
2020-06-05 15:40,13840
2020-06-05 15:45,13891
2020-06-05 15:50,13994
2020-06-05 15:55,14084
2020-06-05 16:00,14174
2020-06-05 16:05,14240
2020-06-05 16:10,14368
2020-06-05 16:15,14409
2020-06-05 16:20,14485
2020-06-05 16:25,14572
2020-06-05 16:30,14654
2020-06-05 16:35,14763
2020-06-05 16:40,14892
2020-06-05 16:45,14958
2020-06-05 16:50,15151
2020-06-05 16:55,15248
2020-06-05 17:00,15339
2020-06-05 17:05,15538
2020-06-05 17:10,15651
2020-06-05 17:15,15799
2020-06-05 17:20,15925
2020-06-05 17:25,16083
2020-06-05 17:30,16238
2020-06-05 17:35,16389
2020-06-05 17:40,16457
2020-06-05 17:45,16544
2020-06-05 17:50,16726
2020-06-05 17:55,16846
2020-06-05 18:00,16944
2020-06-05 18:05,17055
2020-06-05 18:10,17223
2020-06-05 18:15,17370
2020-06-05 18:20,17522
2020-06-05 18:25,17707
2020-06-05 18:30,17847
2020-06-05 18:35,18002
2020-06-05 18:40,18172
2020-06-05 18:45,18410
2020-06-05 18:50,18536
2020-06-05 18:55,18607
2020-06-05 19:00,18755
2020-06-05 19:05,
2020-06-05 19:10,18846
2020-06-05 19:15,18907
2020-06-05 19:20,19058
2020-06-05 19:25,19117
2020-06-05 19:30,19040
2020-06-05 19:35,19185
2020-06-05 19:40,19276
2020-06-05 19:45,19333
2020-06-05 19:50,19262
2020-06-05 19:55,19234
2020-06-05 20:00,19252
2020-06-05 20:05,19256
2020-06-05 20:10,19238
2020-06-05 20:15,19220
2020-06-05 20:20,19158
2020-06-05 20:25,19172
2020-06-05 20:30,19179
2020-06-05 20:35,19266
2020-06-05 20:40,19306
2020-06-05 20:45,19299
2020-06-05 20:50,19211
2020-06-05 20:55,19160
2020-06-05 21:00,19128
2020-06-05 21:05,19126
2020-06-05 21:10,19007
2020-06-05 21:15,19032
2020-06-05 21:20,19052
2020-06-05 21:25,19034
2020-06-05 21:30,18958
2020-06-05 21:35,18903
2020-06-05 21:40,18871
2020-06-05 21:45,18860
2020-06-05 21:50,18957
2020-06-05 21:55,19202
2020-06-05 22:00,19293
2020-06-05 22:05,19450
2020-06-05 22:10,19540
2020-06-05 22:15,19537
2020-06-05 22:20,19604
2020-06-05 22:25,19695
2020-06-05 22:30,19681
2020-06-05 22:35,19663
2020-06-05 22:40,19628
2020-06-05 22:45,19585
2020-06-05 22:50,19585
2020-06-05 22:55,19500
2020-06-05 23:00,19490
2020-06-05 23:05,19497
2020-06-05 23:10,19405
2020-06-05 23:15,19302
2020-06-05 23:20,19200
2020-06-05 23:25,19179
2020-06-05 23:30,19068
2020-06-05 23:35,19000
2020-06-05 23:40,18891
2020-06-05 23:45,18719
2020-06-05 23:50,18592
2020-06-05 23:55,18564
2020-06-06 00:00,18532
2020-06-06 00:05,18493
2020-06-06 00:10,18418
2020-06-06 00:15,18047
2020-06-06 00:20,18347
2020-06-06 00:25,18381
2020-06-06 00:30,18332
2020-06-06 00:35,18224
2020-06-06 00:40,18180
2020-06-06 00:45,18120
2020-06-06 00:50,18035
2020-06-06 00:55,18112
2020-06-06 01:00,18152
2020-06-06 01:05,18219
2020-06-06 01:10,18200
2020-06-06 01:15,18146
2020-06-06 01:20,18221
2020-06-06 01:25,18244
2020-06-06 01:30,18301
2020-06-06 01:35,18402
2020-06-06 01:40,18488
2020-06-06 01:45,18596
2020-06-06 01:50,18607
2020-06-06 01:55,18637
2020-06-06 02:00,18657
2020-06-06 02:05,18676
2020-06-06 02:10,18771
2020-06-06 02:15,18873
2020-06-06 02:20,18965
2020-06-06 02:25,19007
2020-06-06 02:30,19020
2020-06-06 02:35,19039
2020-06-06 02:40,19007
2020-06-06 02:45,19046
2020-06-06 02:50,19115
2020-06-06 02:55,19130
2020-06-06 03:00,19003
2020-06-06 03:05,18930
2020-06-06 03:10,18924
2020-06-06 03:15,18905
2020-06-06 03:20,18872
2020-06-06 03:25,18806
2020-06-06 03:30,18733
2020-06-06 03:35,18767
2020-06-06 03:40,18706
2020-06-06 03:45,18473
2020-06-06 03:50,18388
2020-06-06 03:55,18254
2020-06-06 04:00,18184
2020-06-06 04:05,18010
2020-06-06 04:10,17830
2020-06-06 04:15,17736
2020-06-06 04:20,17593
2020-06-06 04:25,17469
2020-06-06 04:30,17316
2020-06-06 04:35,17163
2020-06-06 04:40,17050
2020-06-06 04:45,16851
2020-06-06 04:50,16700
2020-06-06 04:55,16509
2020-06-06 05:00,16312
2020-06-06 05:05,16195
2020-06-06 05:10,15978
2020-06-06 05:15,15740
2020-06-06 05:20,15473
2020-06-06 05:25,15256
2020-06-06 05:30,14990
2020-06-06 05:35,14731
2020-06-06 05:40,14513
2020-06-06 05:45,14320
2020-06-06 05:50,14057
2020-06-06 05:55,13766
2020-06-06 06:00,13510
2020-06-06 06:05,13330
2020-06-06 06:10,13021
2020-06-06 06:15,12805
2020-06-06 06:20,12574
2020-06-06 06:25,12352
2020-06-06 06:30,12072
2020-06-06 06:35,11809
2020-06-06 06:40,11599
2020-06-06 06:45,11395
2020-06-06 06:50,11158
2020-06-06 06:55,10881
2020-06-06 07:00,10621
2020-06-06 07:05,10364
2020-06-06 07:10,10167
2020-06-06 07:15,10008
2020-06-06 07:20,9797
2020-06-06 07:25,9599
2020-06-06 07:30,9407
2020-06-06 07:35,9245
2020-06-06 07:40,9123
2020-06-06 07:45,9038
2020-06-06 07:50,8893
2020-06-06 07:55,8773
2020-06-06 08:00,8668
2020-06-06 08:05,8549
2020-06-06 08:10,8456
2020-06-06 08:15,8391
2020-06-06 08:20,8366
2020-06-06 08:25,8225
2020-06-06 08:30,8124
2020-06-06 08:35,8044
2020-06-06 08:40,8005
2020-06-06 08:45,7928
2020-06-06 08:50,7940
2020-06-06 08:55,7894
2020-06-06 09:00,7872
2020-06-06 09:05,7856
2020-06-06 09:10,7848
2020-06-06 09:15,7855
2020-06-06 09:20,7895
2020-06-06 09:25,7906
2020-06-06 09:30,7971
2020-06-06 09:35,8010
2020-06-06 09:40,8050
2020-06-06 09:45,8058
2020-06-06 09:50,8099
2020-06-06 09:55,8066
2020-06-06 10:00,8103
2020-06-06 10:05,8119
2020-06-06 10:10,8151
2020-06-06 10:15,8183
2020-06-06 10:20,8179
2020-06-06 10:25,8253
2020-06-06 10:30,8328
2020-06-06 10:35,8400
2020-06-06 10:40,8424
2020-06-06 10:45,8437
2020-06-06 10:50,8495
2020-06-06 10:55,8597
2020-06-06 11:00,8617
2020-06-06 11:05,8679
2020-06-06 11:10,8745
2020-06-06 11:15,8863
2020-06-06 11:20,8917
2020-06-06 11:25,9023
2020-06-06 11:30,9079
2020-06-06 11:35,9208
2020-06-06 11:40,9305
2020-06-06 11:45,9407
2020-06-06 11:50,9476
2020-06-06 11:55,9599
2020-06-06 12:00,9689
2020-06-06 12:05,9772
2020-06-06 12:10,9803
2020-06-06 12:15,9803
2020-06-06 12:20,9911
2020-06-06 12:25,9992
2020-06-06 12:30,10154
2020-06-06 12:35,10265
2020-06-06 12:40,10406
2020-06-06 12:45,10472
2020-06-06 12:50,10646
2020-06-06 12:55,10761
2020-06-06 13:00,10921
2020-06-06 13:05,11011
2020-06-06 13:10,11107
2020-06-06 13:15,11319
2020-06-06 13:20,11463
2020-06-06 13:25,11565
2020-06-06 13:30,11713
2020-06-06 13:35,11928
2020-06-06 13:40,12007
2020-06-06 13:45,12232
2020-06-06 13:50,12349
2020-06-06 13:55,12487
2020-06-06 14:00,12654
2020-06-06 14:05,12796
2020-06-06 14:10,12947
2020-06-06 14:15,12995
2020-06-06 14:20,13149
2020-06-06 14:25,13321
2020-06-06 14:30,13430
2020-06-06 14:35,13516
2020-06-06 14:40,13624
2020-06-06 14:45,13743
2020-06-06 14:50,13834
2020-06-06 14:55,13861
2020-06-06 15:00,13936
2020-06-06 15:05,14047
2020-06-06 15:10,14200
2020-06-06 15:15,14244
2020-06-06 15:20,14393
2020-06-06 15:25,14430
2020-06-06 15:30,14479
2020-06-06 15:35,14602
2020-06-06 15:40,14748
2020-06-06 15:45,14849
2020-06-06 15:50,14917
2020-06-06 15:55,14970
2020-06-06 16:00,15005
2020-06-06 16:05,15119
2020-06-06 16:10,15209
2020-06-06 16:15,15245
2020-06-06 16:20,15327
2020-06-06 16:25,15463
2020-06-06 16:30,15545
2020-06-06 16:35,15640
2020-06-06 16:40,15736
2020-06-06 16:45,15842
2020-06-06 16:50,15899
2020-06-06 16:55,16046
2020-06-06 17:00,16098
2020-06-06 17:05,16133
2020-06-06 17:10,16221
2020-06-06 17:15,16257
2020-06-06 17:20,16339
2020-06-06 17:25,16462
2020-06-06 17:30,16606
2020-06-06 17:35,16708
2020-06-06 17:40,16871
2020-06-06 17:45,16946
2020-06-06 17:50,17113
2020-06-06 17:55,17175
2020-06-06 18:00,17314
2020-06-06 18:05,17340
2020-06-06 18:10,17532
2020-06-06 18:15,17723
2020-06-06 18:20,17909
2020-06-06 18:25,18039
2020-06-06 18:30,18247
2020-06-06 18:35,18405
2020-06-06 18:40,18558
2020-06-06 18:45,18728
2020-06-06 18:50,18953
2020-06-06 18:55,19100
2020-06-06 19:00,19178
2020-06-06 19:05,19253
2020-06-06 19:10,19371
2020-06-06 19:15,19500
2020-06-06 19:20,19622
2020-06-06 19:25,19720
2020-06-06 19:30,19790
2020-06-06 19:35,19979
2020-06-06 19:40,20104
2020-06-06 19:45,20251
2020-06-06 19:50,20357
2020-06-06 19:55,20375
2020-06-06 20:00,20518
2020-06-06 20:05,20663
2020-06-06 20:10,20743
2020-06-06 20:15,17737
2020-06-06 20:20,19821
2020-06-06 20:25,20839
2020-06-06 20:30,21098
2020-06-06 20:35,21203
2020-06-06 20:40,21250
2020-06-06 20:45,21364
2020-06-06 20:50,21334
2020-06-06 20:55,21235
2020-06-06 21:00,21143
2020-06-06 21:05,21081
2020-06-06 21:10,21119
2020-06-06 21:15,21086
2020-06-06 21:20,21160
2020-06-06 21:25,21152
2020-06-06 21:30,21098
2020-06-06 21:35,21066
2020-06-06 21:40,21009
2020-06-06 21:45,20857
2020-06-06 21:50,20736
2020-06-06 21:55,20700
2020-06-06 22:00,20627
2020-06-06 22:05,20546
2020-06-06 22:10,20431
2020-06-06 22:15,20348
2020-06-06 22:20,20207
2020-06-06 22:25,20079
2020-06-06 22:30,19907
2020-06-06 22:35,19788
2020-06-06 22:40,19687
2020-06-06 22:45,19603
2020-06-06 22:50,19449
2020-06-06 22:55,19359
2020-06-06 23:00,19293
2020-06-06 23:05,19290
2020-06-06 23:10,19168
2020-06-06 23:15,19097
2020-06-06 23:20,19031
2020-06-06 23:25,18883
2020-06-06 23:30,18716
2020-06-06 23:35,18604
2020-06-06 23:40,18533
2020-06-06 23:45,18528
2020-06-06 23:50,18478
2020-06-06 23:55,18397
2020-06-07 00:00,18327
2020-06-07 00:05,18229
2020-06-07 00:10,18144
2020-06-07 00:15,18092
2020-06-07 00:20,18038
2020-06-07 00:25,18009
2020-06-07 00:30,17990
2020-06-07 00:35,17884
2020-06-07 00:40,17918
2020-06-07 00:45,17926
2020-06-07 00:50,17930
2020-06-07 00:55,17903
2020-06-07 01:00,17805
2020-06-07 01:05,17797
2020-06-07 01:10,17809
2020-06-07 01:15,17688
2020-06-07 01:20,17693
2020-06-07 01:25,17650
2020-06-07 01:30,17719
2020-06-07 01:35,17841
2020-06-07 01:40,17835
2020-06-07 01:45,17909
2020-06-07 01:50,17895
2020-06-07 01:55,17880
2020-06-07 02:00,17772
2020-06-07 02:05,17774
2020-06-07 02:10,17781
2020-06-07 02:15,17837
2020-06-07 02:20,17880
2020-06-07 02:25,17954
2020-06-07 02:30,18040
2020-06-07 02:35,17963
2020-06-07 02:40,18079
2020-06-07 02:45,18087
2020-06-07 02:50,18096
2020-06-07 02:55,18079
2020-06-07 03:00,18067
2020-06-07 03:05,18097
2020-06-07 03:10,18123
2020-06-07 03:15,18165
2020-06-07 03:20,18138
2020-06-07 03:25,18101
2020-06-07 03:30,18011
2020-06-07 03:35,17969
2020-06-07 03:40,17966
2020-06-07 03:45,17900
2020-06-07 03:50,17842
2020-06-07 03:55,17716
2020-06-07 04:00,17642
2020-06-07 04:05,17598
2020-06-07 04:10,17448
2020-06-07 04:15,17261
2020-06-07 04:20,17180
2020-06-07 04:25,17057
2020-06-07 04:30,16847
2020-06-07 04:35,16699
2020-06-07 04:40,16605
2020-06-07 04:45,16484
2020-06-07 04:50,16309
2020-06-07 04:55,16134
2020-06-07 05:00,15944
2020-06-07 05:05,15747
2020-06-07 05:10,15602
2020-06-07 05:15,15400
2020-06-07 05:20,15262
2020-06-07 05:25,15078
2020-06-07 05:30,14891
2020-06-07 05:35,14636
2020-06-07 05:40,14420
2020-06-07 05:45,14164
2020-06-07 05:50,14021
2020-06-07 05:55,13783
2020-06-07 06:00,13539
2020-06-07 06:05,13297
2020-06-07 06:10,13110
2020-06-07 06:15,12916
2020-06-07 06:20,12670
2020-06-07 06:25,12454
2020-06-07 06:30,12215
2020-06-07 06:35,11954
2020-06-07 06:40,11709
2020-06-07 06:45,11491
2020-06-07 06:50,11287
2020-06-07 06:55,11056
2020-06-07 07:00,10859
2020-06-07 07:05,10618
2020-06-07 07:10,10411
2020-06-07 07:15,10225
2020-06-07 07:20,10085
2020-06-07 07:25,9890
2020-06-07 07:30,9729
2020-06-07 07:35,9596
2020-06-07 07:40,9501
2020-06-07 07:45,9395
2020-06-07 07:50,9277
2020-06-07 07:55,9162
2020-06-07 08:00,9057
2020-06-07 08:05,8962
2020-06-07 08:10,8779
2020-06-07 08:15,8747
2020-06-07 08:20,8636
2020-06-07 08:25,8568
2020-06-07 08:30,8460
2020-06-07 08:35,8460
2020-06-07 08:40,8362
2020-06-07 08:45,8323
2020-06-07 08:50,8244
2020-06-07 08:55,8241
2020-06-07 09:00,8202
2020-06-07 09:05,8280
2020-06-07 09:10,8306
2020-06-07 09:15,8305
2020-06-07 09:20,8388
2020-06-07 09:25,8428
2020-06-07 09:30,8471
2020-06-07 09:35,8520
2020-06-07 09:40,8552
2020-06-07 09:45,8560
2020-06-07 09:50,8647
2020-06-07 09:55,8742
2020-06-07 10:00,8771
2020-06-07 10:05,8771
2020-06-07 10:10,8772
2020-06-07 10:15,8878
2020-06-07 10:20,8857
2020-06-07 10:25,8853
2020-06-07 10:30,8853
2020-06-07 10:35,8977
2020-06-07 10:40,9038
2020-06-07 10:45,9087
2020-06-07 10:50,9120
2020-06-07 10:55,9193
2020-06-07 11:00,9283
2020-06-07 11:05,9370
2020-06-07 11:10,9439
2020-06-07 11:15,9506
2020-06-07 11:20,9587
2020-06-07 11:25,9707
2020-06-07 11:30,9784
2020-06-07 11:35,9784
2020-06-07 11:40,9882
2020-06-07 11:45,9940
2020-06-07 11:50,10094
2020-06-07 11:55,10137
2020-06-07 12:00,10231
2020-06-07 12:05,10231
2020-06-07 12:10,10334
2020-06-07 12:15,10487
2020-06-07 12:20,10559
2020-06-07 12:25,10704
2020-06-07 12:30,10869
2020-06-07 12:35,10970
2020-06-07 12:40,10970
2020-06-07 12:45,11302
2020-06-07 12:50,11302
2020-06-07 12:55,11401
2020-06-07 13:00,11632
2020-06-07 13:05,11766
2020-06-07 13:10,11927
2020-06-07 13:15,11927
2020-06-07 13:20,12068
2020-06-07 13:25,12294
2020-06-07 13:30,12489
2020-06-07 13:35,12614
2020-06-07 13:40,12614
2020-06-07 13:45,12849
2020-06-07 13:50,13123
2020-06-07 13:55,13198
2020-06-07 14:00,13434
2020-06-07 14:05,13434
2020-06-07 14:10,13613
2020-06-07 14:15,13860
2020-06-07 14:20,13860
2020-06-07 14:25,14138
2020-06-07 14:30,14273
2020-06-07 14:35,14273
2020-06-07 14:40,14351
2020-06-07 14:45,14478
2020-06-07 14:50,14601
2020-06-07 14:55,14700
2020-06-07 15:00,14863
2020-06-07 15:05,14863
2020-06-07 15:10,14964
2020-06-07 15:15,15064
2020-06-07 15:20,
2020-06-07 15:25,15167
2020-06-07 15:30,15360
2020-06-07 15:35,15391
2020-06-07 15:40,15391
2020-06-07 15:45,15623
2020-06-07 15:50,15715
2020-06-07 15:55,15715
2020-06-07 16:00,15787
2020-06-07 16:05,15920
2020-06-07 16:10,15953
2020-06-07 16:15,16019
2020-06-07 16:20,16184
2020-06-07 16:25,16281
2020-06-07 16:30,16378
2020-06-07 16:35,16544
2020-06-07 16:40,16544
2020-06-07 16:45,16796
2020-06-07 16:50,16943
2020-06-07 16:55,17090
2020-06-07 17:00,17186
2020-06-07 17:05,17338
2020-06-07 17:10,17485
2020-06-07 17:15,17485
2020-06-07 17:20,17835
2020-06-07 17:25,17913
2020-06-07 17:30,17913
2020-06-07 17:35,18139
2020-06-07 17:40,18452
2020-06-07 17:45,18654
2020-06-07 17:50,18884
2020-06-07 17:55,19010
2020-06-07 18:00,19010
2020-06-07 18:05,19216
2020-06-07 18:10,19600
2020-06-07 18:15,19786
2020-06-07 18:20,19991
2020-06-07 18:25,20150
2020-06-07 18:30,20361
2020-06-07 18:35,20558
2020-06-07 18:40,20719
2020-06-07 18:45,20834
2020-06-07 18:50,20942
2020-06-07 18:55,21081
2020-06-07 19:00,21246
2020-06-07 19:05,21301
2020-06-07 19:10,21339
2020-06-07 19:15,21374
2020-06-07 19:20,21493
2020-06-07 19:25,21484
2020-06-07 19:30,21484
2020-06-07 19:35,21623
2020-06-07 19:40,21643
2020-06-07 19:45,21643
2020-06-07 19:50,21890
2020-06-07 19:55,21890
2020-06-07 20:00,21954
2020-06-07 20:05,22003
2020-06-07 20:10,22024
2020-06-07 20:15,22047
2020-06-07 20:20,22047
2020-06-07 20:25,22100
2020-06-07 20:30,22177
2020-06-07 20:35,22241
2020-06-07 20:40,22202
2020-06-07 20:45,22258
2020-06-07 20:50,22231
2020-06-07 20:55,22204
2020-06-07 21:00,22120
2020-06-07 21:05,22096
2020-06-07 21:10,22033
2020-06-07 21:15,21968
2020-06-07 21:20,21844
2020-06-07 21:25,21832
2020-06-07 21:30,21694
2020-06-07 21:35,21692
2020-06-07 21:40,21652
2020-06-07 21:45,21595
2020-06-07 21:50,21454
2020-06-07 21:55,21326
2020-06-07 22:00,21157
2020-06-07 22:05,21004
2020-06-07 22:10,20800
2020-06-07 22:15,20498
2020-06-07 22:20,20391
2020-06-07 22:25,20211
2020-06-07 22:30,20095
2020-06-07 22:35,19954
2020-06-07 22:40,19836
2020-06-07 22:45,19703
2020-06-07 22:50,19582
2020-06-07 22:55,19405
2020-06-07 23:00,19324
2020-06-07 23:05,19199
2020-06-07 23:10,19017
2020-06-07 23:15,18962
2020-06-07 23:20,18887
2020-06-07 23:25,18804
2020-06-07 23:30,18784
2020-06-07 23:35,18803
2020-06-07 23:40,18702
2020-06-07 23:45,18594
2020-06-07 23:50,18573
2020-06-07 23:55,18650
2020-06-08 00:00,18636
2020-06-08 00:05,18552
2020-06-08 00:10,18451
2020-06-08 00:15,18474
2020-06-08 00:20,18562
2020-06-08 00:25,18531
2020-06-08 00:30,18381
2020-06-08 00:35,18296
2020-06-08 00:40,18336
2020-06-08 00:45,18315
2020-06-08 00:50,18307
2020-06-08 00:55,18350
2020-06-08 01:00,18278
2020-06-08 01:05,18368
2020-06-08 01:10,18330
2020-06-08 01:15,18419
2020-06-08 01:20,18426
2020-06-08 01:25,18474
2020-06-08 01:30,18414
2020-06-08 01:35,18425
2020-06-08 01:40,18405
2020-06-08 01:45,18422
2020-06-08 01:50,18496
2020-06-08 01:55,18454
2020-06-08 02:00,18453
2020-06-08 02:05,18458
2020-06-08 02:10,18385
2020-06-08 02:15,18390
2020-06-08 02:20,18348
2020-06-08 02:25,18356
2020-06-08 02:30,18285
2020-06-08 02:35,18236
2020-06-08 02:40,18178
2020-06-08 02:45,18087
2020-06-08 02:50,18058
2020-06-08 02:55,17958
2020-06-08 03:00,17825
2020-06-08 03:05,17848
2020-06-08 03:10,17763
2020-06-08 03:15,17626
2020-06-08 03:20,17490
2020-06-08 03:25,17260
2020-06-08 03:30,17129
2020-06-08 03:35,17068
2020-06-08 03:40,16920
2020-06-08 03:45,16747
2020-06-08 03:50,16572
2020-06-08 03:55,16398
2020-06-08 04:00,16213
2020-06-08 04:05,15955
2020-06-08 04:10,15778
2020-06-08 04:15,15635
2020-06-08 04:20,15383
2020-06-08 04:25,15152
2020-06-08 04:30,14956
2020-06-08 04:35,14737
2020-06-08 04:40,14509
2020-06-08 04:45,14398
2020-06-08 04:50,14193
2020-06-08 04:55,14046
2020-06-08 05:00,13838
2020-06-08 05:05,13656
2020-06-08 05:10,13471
2020-06-08 05:15,13237
2020-06-08 05:20,13067
2020-06-08 05:25,12769
2020-06-08 05:30,12464
2020-06-08 05:35,12223
2020-06-08 05:40,11983
2020-06-08 05:45,11849
2020-06-08 05:50,11661
2020-06-08 05:55,11491
2020-06-08 06:00,11274
2020-06-08 06:05,11108
2020-06-08 06:10,10933
2020-06-08 06:15,10710
2020-06-08 06:20,10422
2020-06-08 06:25,10247
2020-06-08 06:30,10102
2020-06-08 06:35,9916
2020-06-08 06:40,9831
2020-06-08 06:45,9678
2020-06-08 06:50,9518
2020-06-08 06:55,9305
2020-06-08 07:00,9213
2020-06-08 07:05,9071
2020-06-08 07:10,8910
2020-06-08 07:15,8819
2020-06-08 07:20,8699
2020-06-08 07:25,8563
2020-06-08 07:30,8414
2020-06-08 07:35,8321
2020-06-08 07:40,8219
2020-06-08 07:45,8130
2020-06-08 07:50,8031
2020-06-08 07:55,7859
2020-06-08 08:00,7794
2020-06-08 08:05,7633
2020-06-08 08:10,7539
2020-06-08 08:15,7470
2020-06-08 08:20,7337
2020-06-08 08:25,7262
2020-06-08 08:30,7212
2020-06-08 08:35,7153
2020-06-08 08:40,7134
2020-06-08 08:45,7134
2020-06-08 08:50,7059
2020-06-08 08:55,7031
2020-06-08 09:00,6989
2020-06-08 09:05,6973
2020-06-08 09:10,7015
2020-06-08 09:15,7039
2020-06-08 09:20,7059
2020-06-08 09:25,7131
2020-06-08 09:30,7139
2020-06-08 09:35,7125
2020-06-08 09:40,7155
2020-06-08 09:45,7165
2020-06-08 09:50,7148
2020-06-08 09:55,7216
2020-06-08 10:00,7250
2020-06-08 10:05,7248
2020-06-08 10:10,7301
2020-06-08 10:15,7356
2020-06-08 10:20,7405
2020-06-08 10:25,7394
2020-06-08 10:30,7373
2020-06-08 10:35,7422
2020-06-08 10:40,7490
2020-06-08 10:45,7541
2020-06-08 10:50,7546
2020-06-08 10:55,7619
2020-06-08 11:00,7669
2020-06-08 11:05,7714
2020-06-08 11:10,7767
2020-06-08 11:15,7832
2020-06-08 11:20,7911
2020-06-08 11:25,7973
2020-06-08 11:30,7984
2020-06-08 11:35,8039
2020-06-08 11:40,8140
2020-06-08 11:45,8148
2020-06-08 11:50,8234
2020-06-08 11:55,8259
2020-06-08 12:00,8277
2020-06-08 12:05,8392
2020-06-08 12:10,8475
2020-06-08 12:15,8615
2020-06-08 12:20,8674
2020-06-08 12:25,8801
2020-06-08 12:30,8801
2020-06-08 12:35,8881
2020-06-08 12:40,8963
2020-06-08 12:45,9090
2020-06-08 12:50,9186
2020-06-08 12:55,9307
2020-06-08 13:00,9423
2020-06-08 13:05,9528
2020-06-08 13:10,9705
2020-06-08 13:15,9851
2020-06-08 13:20,9998
2020-06-08 13:25,10169
2020-06-08 13:30,10289
2020-06-08 13:35,10419
2020-06-08 13:40,10529
2020-06-08 13:45,10671
2020-06-08 13:50,10832
2020-06-08 13:55,11017
2020-06-08 14:00,11093
2020-06-08 14:05,11251
2020-06-08 14:10,11408
2020-06-08 14:15,11559
2020-06-08 14:20,11668
2020-06-08 14:25,11774
2020-06-08 14:30,11914
2020-06-08 14:35,12068
2020-06-08 14:40,12214
2020-06-08 14:45,12328
2020-06-08 14:50,12395
2020-06-08 14:55,12510
2020-06-08 15:00,12552
2020-06-08 15:05,12665
2020-06-08 15:10,12748
2020-06-08 15:15,12839
2020-06-08 15:20,12976
2020-06-08 15:25,13153
2020-06-08 15:30,13265
2020-06-08 15:35,13343
2020-06-08 15:40,13440
2020-06-08 15:45,13518
2020-06-08 15:50,13606
2020-06-08 15:55,13732
2020-06-08 16:00,13793
2020-06-08 16:05,13846
2020-06-08 16:10,0
2020-06-08 16:15,14114
2020-06-08 16:20,14198
2020-06-08 16:25,14364
2020-06-08 16:30,14502
2020-06-08 16:35,14643
2020-06-08 16:40,14756
2020-06-08 16:45,14965
2020-06-08 16:50,15098
2020-06-08 16:55,15193
2020-06-08 17:00,15284
2020-06-08 17:05,15358
2020-06-08 17:10,15540
2020-06-08 17:15,15690
2020-06-08 17:20,15804
2020-06-08 17:25,15959
2020-06-08 17:30,
2020-06-08 17:35,16332
2020-06-08 17:40,16492
2020-06-08 17:45,16625
2020-06-08 17:50,16712
2020-06-08 17:55,16800
2020-06-08 18:00,17015
2020-06-08 18:05,17132
2020-06-08 18:10,17408
2020-06-08 18:15,17582
2020-06-08 18:20,17673
2020-06-08 18:25,17920
2020-06-08 18:30,18070
2020-06-08 18:35,18255
2020-06-08 18:40,18382
2020-06-08 18:45,18504
2020-06-08 18:50,18750
2020-06-08 18:55,18869
2020-06-08 19:00,18906
2020-06-08 19:05,19090
2020-06-08 19:10,19195
2020-06-08 19:15,19372
2020-06-08 19:20,19413
2020-06-08 19:25,19513
2020-06-08 19:30,19601
2020-06-08 19:35,19664
2020-06-08 19:40,19815
2020-06-08 19:45,19934
2020-06-08 19:50,19944
2020-06-08 19:55,19923
2020-06-08 20:00,20032
2020-06-08 20:05,20013
2020-06-08 20:10,20055
2020-06-08 20:15,20067
2020-06-08 20:20,20061
2020-06-08 20:25,20134
2020-06-08 20:30,20173
2020-06-08 20:35,20202
2020-06-08 20:40,20200
2020-06-08 20:45,20305
2020-06-08 20:50,20238
2020-06-08 20:55,20186
2020-06-08 21:00,20104
2020-06-08 21:05,20055
2020-06-08 21:10,20066
2020-06-08 21:15,20033
2020-06-08 21:20,20044
2020-06-08 21:25,20024
2020-06-08 21:30,19951
2020-06-08 21:35,19943
2020-06-08 21:40,19841
2020-06-08 21:45,19712
2020-06-08 21:50,19554
2020-06-08 21:55,19404
2020-06-08 22:00,19340
2020-06-08 22:05,19172
2020-06-08 22:10,19080
2020-06-08 22:15,19001
2020-06-08 22:20,18824
2020-06-08 22:25,18780
2020-06-08 22:30,18732
2020-06-08 22:35,18655
2020-06-08 22:40,18627
2020-06-08 22:45,18566
2020-06-08 22:50,18490
2020-06-08 22:55,18358
2020-06-08 23:00,18313
2020-06-08 23:05,18282
2020-06-08 23:10,18300
2020-06-08 23:15,18258
2020-06-08 23:20,18192
2020-06-08 23:25,18091
2020-06-08 23:30,18007
2020-06-08 23:35,17968
2020-06-08 23:40,17863
2020-06-08 23:45,17863
2020-06-08 23:50,17813
2020-06-08 23:55,17781
2020-06-09 00:00,17648
2020-06-09 00:05,17581
2020-06-09 00:10,17533
2020-06-09 00:15,17567
2020-06-09 00:20,17504
2020-06-09 00:25,17502
2020-06-09 00:30,17547
2020-06-09 00:35,17694
2020-06-09 00:40,17727
2020-06-09 00:45,17757
2020-06-09 00:50,17721
2020-06-09 00:55,17757
2020-06-09 01:00,17806
2020-06-09 01:05,17781
2020-06-09 01:10,17812
2020-06-09 01:15,17677
2020-06-09 01:20,17734
2020-06-09 01:25,17726
2020-06-09 01:30,17782
2020-06-09 01:35,17948
2020-06-09 01:40,18020
2020-06-09 01:45,18089
2020-06-09 01:50,18156
2020-06-09 01:55,18120
2020-06-09 02:00,18040
2020-06-09 02:05,18024
2020-06-09 02:10,17937
2020-06-09 02:15,17884
2020-06-09 02:20,17966
2020-06-09 02:25,18033
2020-06-09 02:30,18035
2020-06-09 02:35,17950
2020-06-09 02:40,17858
2020-06-09 02:45,17823
2020-06-09 02:50,17819
2020-06-09 02:55,17709
2020-06-09 03:00,17648
2020-06-09 03:05,17583
2020-06-09 03:10,17538
2020-06-09 03:15,17433
2020-06-09 03:20,17300
2020-06-09 03:25,17170
2020-06-09 03:30,17024
2020-06-09 03:35,16852
2020-06-09 03:40,16733
2020-06-09 03:45,16540
2020-06-09 03:50,16300
2020-06-09 03:55,16211
2020-06-09 04:00,16060
2020-06-09 04:05,15854
2020-06-09 04:10,15581
2020-06-09 04:15,15342
2020-06-09 04:20,15223
2020-06-09 04:25,15059
2020-06-09 04:30,14813
2020-06-09 04:35,14594
2020-06-09 04:40,14373
2020-06-09 04:45,14238
2020-06-09 04:50,13999
2020-06-09 04:55,13860
2020-06-09 05:00,13589
2020-06-09 05:05,13373
2020-06-09 05:10,13056
2020-06-09 05:15,12837
2020-06-09 05:20,12628
2020-06-09 05:25,12358
2020-06-09 05:30,12089
2020-06-09 05:35,11864
2020-06-09 05:40,11658
2020-06-09 05:45,11468
2020-06-09 05:50,11282
2020-06-09 05:55,11069
2020-06-09 06:00,10856
2020-06-09 06:05,10701
2020-06-09 06:10,10519
2020-06-09 06:15,10333
2020-06-09 06:20,10171
2020-06-09 06:25,9993
2020-06-09 06:30,9812
2020-06-09 06:35,9611
2020-06-09 06:40,9409
2020-06-09 06:45,9211
2020-06-09 06:50,9097
2020-06-09 06:55,8991
2020-06-09 07:00,8798
2020-06-09 07:05,8654
2020-06-09 07:10,8502
2020-06-09 07:15,8385
2020-06-09 07:20,8192
2020-06-09 07:25,8083
2020-06-09 07:30,7978
2020-06-09 07:35,7859
2020-06-09 07:40,7818
2020-06-09 07:45,7738
2020-06-09 07:50,7594
2020-06-09 07:55,7511
2020-06-09 08:00,7478
2020-06-09 08:05,7408
2020-06-09 08:10,7348
2020-06-09 08:15,7239
2020-06-09 08:20,7205
2020-06-09 08:25,7115
2020-06-09 08:30,7016
2020-06-09 08:35,6899
2020-06-09 08:40,6861
2020-06-09 08:45,6801
2020-06-09 08:50,6796
2020-06-09 08:55,6727
2020-06-09 09:00,6731
2020-06-09 09:05,6713
2020-06-09 09:10,6779
2020-06-09 09:15,6814
2020-06-09 09:20,6771
2020-06-09 09:25,6849
2020-06-09 09:30,6896
2020-06-09 09:35,6927
2020-06-09 09:40,6936
2020-06-09 09:45,6971
2020-06-09 09:50,6958
2020-06-09 09:55,7019
2020-06-09 10:00,7089
2020-06-09 10:05,7093
2020-06-09 10:10,7154
2020-06-09 10:15,7142
2020-06-09 10:20,7164
2020-06-09 10:25,7198
2020-06-09 10:30,7215
2020-06-09 10:35,7251
2020-06-09 10:40,7258
2020-06-09 10:45,7280
2020-06-09 10:50,7320
2020-06-09 10:55,7410
2020-06-09 11:00,7468
2020-06-09 11:05,7568
2020-06-09 11:10,7633
2020-06-09 11:15,7730
2020-06-09 11:20,7766
2020-06-09 11:25,7789
2020-06-09 11:30,7843
2020-06-09 11:35,7947
2020-06-09 11:40,8037
2020-06-09 11:45,8077
2020-06-09 11:50,8148
2020-06-09 11:55,8228
2020-06-09 12:00,8270
2020-06-09 12:05,8320
2020-06-09 12:10,8436
2020-06-09 12:15,8469
2020-06-09 12:20,8544
2020-06-09 12:25,8619
2020-06-09 12:30,8706
2020-06-09 12:35,8744
2020-06-09 12:40,8874
2020-06-09 12:45,8944
2020-06-09 12:50,9044
2020-06-09 12:55,9145
2020-06-09 13:00,9211
2020-06-09 13:05,9372
2020-06-09 13:10,9535
2020-06-09 13:15,9675
2020-06-09 13:20,9779
2020-06-09 13:25,9940
2020-06-09 13:30,10104
2020-06-09 13:35,10147
2020-06-09 13:40,10260
2020-06-09 13:45,10399
2020-06-09 13:50,10553
2020-06-09 13:55,10713
2020-06-09 14:00,10861
2020-06-09 14:05,11038
2020-06-09 14:10,11114
2020-06-09 14:15,11170
2020-06-09 14:20,11276
2020-06-09 14:25,11394
2020-06-09 14:30,11515
2020-06-09 14:35,11683
2020-06-09 14:40,11828
2020-06-09 14:45,11963
2020-06-09 14:50,12045
2020-06-09 14:55,12139
2020-06-09 15:00,12252
2020-06-09 15:05,12400
2020-06-09 15:10,12459
2020-06-09 15:15,12583
2020-06-09 15:20,12584
2020-06-09 15:25,12680
2020-06-09 15:30,12716
2020-06-09 15:35,12800
2020-06-09 15:40,12964
2020-06-09 15:45,13065
2020-06-09 15:50,13156
2020-06-09 15:55,13280
2020-06-09 16:00,13470
2020-06-09 16:05,13535
2020-06-09 16:10,13599
2020-06-09 16:15,13756
2020-06-09 16:20,13845
2020-06-09 16:25,13969
2020-06-09 16:30,14087
2020-06-09 16:35,14170
2020-06-09 16:40,14262
2020-06-09 16:45,14346
2020-06-09 16:50,14532
2020-06-09 16:55,14696
2020-06-09 17:00,14810
2020-06-09 17:05,14926
2020-06-09 17:10,15095
2020-06-09 17:15,15131
2020-06-09 17:20,15224
2020-06-09 17:25,15450
2020-06-09 17:30,15594
2020-06-09 17:35,15710
2020-06-09 17:40,15918
2020-06-09 17:45,16186
2020-06-09 17:50,16311
2020-06-09 17:55,16452
2020-06-09 18:00,16570
2020-06-09 18:05,16728
2020-06-09 18:10,16779
2020-06-09 18:15,16982
2020-06-09 18:20,17140
2020-06-09 18:25,17306
2020-06-09 18:30,17501
2020-06-09 18:35,17677
2020-06-09 18:40,17804
2020-06-09 18:45,18020
2020-06-09 18:50,18128
2020-06-09 18:55,18261
2020-06-09 19:00,18364
2020-06-09 19:05,18492
2020-06-09 19:10,18705
2020-06-09 19:15,18757
2020-06-09 19:20,18926
2020-06-09 19:25,18971
2020-06-09 19:30,19083
2020-06-09 19:35,19212
2020-06-09 19:40,19299
2020-06-09 19:45,19464
2020-06-09 19:50,19460
2020-06-09 19:55,19550
2020-06-09 20:00,19599
2020-06-09 20:05,19597
2020-06-09 20:10,19726
2020-06-09 20:15,19687
2020-06-09 20:20,19762
2020-06-09 20:25,19713
2020-06-09 20:30,19701
2020-06-09 20:35,19747
2020-06-09 20:40,19906
2020-06-09 20:45,19939
2020-06-09 20:50,19932
2020-06-09 20:55,19951
2020-06-09 21:00,19937
2020-06-09 21:05,19761
2020-06-09 21:10,19774
2020-06-09 21:15,19883
2020-06-09 21:20,19799
2020-06-09 21:25,19683
2020-06-09 21:30,19509
2020-06-09 21:35,19356
2020-06-09 21:40,19292
2020-06-09 21:45,19257
2020-06-09 21:50,19287
2020-06-09 21:55,19120
2020-06-09 22:00,18978
2020-06-09 22:05,18874
2020-06-09 22:10,18675
2020-06-09 22:15,18633
2020-06-09 22:20,18550
2020-06-09 22:25,18413
2020-06-09 22:30,18307
2020-06-09 22:35,18171
2020-06-09 22:40,18055
2020-06-09 22:45,18030
2020-06-09 22:50,17929
2020-06-09 22:55,0
2020-06-09 23:00,15255
2020-06-09 23:05,17111
2020-06-09 23:10,17640
2020-06-09 23:15,17615
2020-06-09 23:20,17643
2020-06-09 23:25,17584
2020-06-09 23:30,17539
2020-06-09 23:35,17491
2020-06-09 23:40,17363
2020-06-09 23:45,17346
2020-06-09 23:50,17308
2020-06-09 23:55,17314
2020-06-10 00:00,17257
2020-06-10 00:05,17299
2020-06-10 00:10,17305
2020-06-10 00:15,17331
2020-06-10 00:20,17330
2020-06-10 00:25,17377
2020-06-10 00:30,17401
2020-06-10 00:35,17411
2020-06-10 00:40,17330
2020-06-10 00:45,17397
2020-06-10 00:50,17421
2020-06-10 00:55,17434
2020-06-10 01:00,17498
2020-06-10 01:05,17553
2020-06-10 01:10,17562
2020-06-10 01:15,17556
2020-06-10 01:20,17475
2020-06-10 01:25,17548
2020-06-10 01:30,17590
2020-06-10 01:35,17560
2020-06-10 01:40,17570
2020-06-10 01:45,17544
2020-06-10 01:50,17530
2020-06-10 01:55,17571
2020-06-10 02:00,17548
2020-06-10 02:05,17581
2020-06-10 02:10,17615
2020-06-10 02:15,17618
2020-06-10 02:20,17564
2020-06-10 02:25,17612
2020-06-10 02:30,17639
2020-06-10 02:35,17600
2020-06-10 02:40,17630
2020-06-10 02:45,17591
2020-06-10 02:50,17487
2020-06-10 02:55,17432
2020-06-10 03:00,17345
2020-06-10 03:05,17211
2020-06-10 03:10,17077
2020-06-10 03:15,17001
2020-06-10 03:20,16838
2020-06-10 03:25,16741
2020-06-10 03:30,16632
2020-06-10 03:35,16403
2020-06-10 03:40,16292
2020-06-10 03:45,16175
2020-06-10 03:50,15972
2020-06-10 03:55,15847
2020-06-10 04:00,15638
2020-06-10 04:05,15432
2020-06-10 04:10,15198
2020-06-10 04:15,15037
2020-06-10 04:20,14750
2020-06-10 04:25,14626
2020-06-10 04:30,14439
2020-06-10 04:35,14340
2020-06-10 04:40,14146
2020-06-10 04:45,13955
2020-06-10 04:50,13755
2020-06-10 04:55,13536
2020-06-10 05:00,13351
2020-06-10 05:05,13082
2020-06-10 05:10,12826
2020-06-10 05:15,12625
2020-06-10 05:20,12378
2020-06-10 05:25,12213
2020-06-10 05:30,11994
2020-06-10 05:35,11698
2020-06-10 05:40,11559
2020-06-10 05:45,11371
2020-06-10 05:50,11140
2020-06-10 05:55,10846
2020-06-10 06:00,10565
2020-06-10 06:05,10298
2020-06-10 06:10,10098
2020-06-10 06:15,9922
2020-06-10 06:20,9706
2020-06-10 06:25,9465
2020-06-10 06:30,9281
2020-06-10 06:35,9140
2020-06-10 06:40,8997
2020-06-10 06:45,8856
2020-06-10 06:50,8722
2020-06-10 06:55,8563
2020-06-10 07:00,8415
2020-06-10 07:05,8257
2020-06-10 07:10,8123
2020-06-10 07:15,7995
2020-06-10 07:20,7842
2020-06-10 07:25,7761
2020-06-10 07:30,7703
2020-06-10 07:35,7566
2020-06-10 07:40,7437
2020-06-10 07:45,7331
2020-06-10 07:50,7229
2020-06-10 07:55,7144
2020-06-10 08:00,7091
2020-06-10 08:05,7019
2020-06-10 08:10,6906
2020-06-10 08:15,6831
2020-06-10 08:20,6795
2020-06-10 08:25,6753
2020-06-10 08:30,6713
2020-06-10 08:35,6702
2020-06-10 08:40,6664
2020-06-10 08:45,6689
2020-06-10 08:50,6677
2020-06-10 08:55,6666
2020-06-10 09:00,6631
2020-06-10 09:05,6649
2020-06-10 09:10,6676
2020-06-10 09:15,6637
2020-06-10 09:20,6623
2020-06-10 09:25,6664
2020-06-10 09:30,6694
2020-06-10 09:35,6708
2020-06-10 09:40,6758
2020-06-10 09:45,6737
2020-06-10 09:50,6769
2020-06-10 09:55,6851
2020-06-10 10:00,6910
2020-06-10 10:05,6922
2020-06-10 10:10,6958
2020-06-10 10:15,6932
2020-06-10 10:20,6995
2020-06-10 10:25,7129
2020-06-10 10:30,7156
2020-06-10 10:35,7183
2020-06-10 10:40,7261
2020-06-10 10:45,7328
2020-06-10 10:50,7375
2020-06-10 10:55,7380
2020-06-10 11:00,7431
2020-06-10 11:05,7499
2020-06-10 11:10,7538
2020-06-10 11:15,7592
2020-06-10 11:20,7665
2020-06-10 11:25,7707
2020-06-10 11:30,7712
2020-06-10 11:35,7791
2020-06-10 11:40,7863
2020-06-10 11:45,7924
2020-06-10 11:50,7991
2020-06-10 11:55,8002
2020-06-10 12:00,8059
2020-06-10 12:05,8129
2020-06-10 12:10,8207
2020-06-10 12:15,8222
2020-06-10 12:20,8316
2020-06-10 12:25,8413
2020-06-10 12:30,8493
2020-06-10 12:35,8555
2020-06-10 12:40,8667
2020-06-10 12:45,8723
2020-06-10 12:50,8793
2020-06-10 12:55,8855
2020-06-10 13:00,8974
2020-06-10 13:05,9102
2020-06-10 13:10,9225
2020-06-10 13:15,9344
2020-06-10 13:20,9454
2020-06-10 13:25,9498
2020-06-10 13:30,9678
2020-06-10 13:35,9818
2020-06-10 13:40,9976
2020-06-10 13:45,10013
2020-06-10 13:50,10148
2020-06-10 13:55,10242
2020-06-10 14:00,10355
2020-06-10 14:05,10458
2020-06-10 14:10,10593
2020-06-10 14:15,10730
2020-06-10 14:20,10900
2020-06-10 14:25,11001
2020-06-10 14:30,11176
2020-06-10 14:35,11260
2020-06-10 14:40,11345
2020-06-10 14:45,11473
2020-06-10 14:50,11573
2020-06-10 14:55,11679
2020-06-10 15:00,11768
2020-06-10 15:05,11908
2020-06-10 15:10,12027
2020-06-10 15:15,12088
2020-06-10 15:20,12209
2020-06-10 15:25,12318
2020-06-10 15:30,12482
2020-06-10 15:35,12516
2020-06-10 15:40,12660
2020-06-10 15:45,12821
2020-06-10 15:50,12960
2020-06-10 15:55,13042
2020-06-10 16:00,13166
2020-06-10 16:05,13316
2020-06-10 16:10,13400
2020-06-10 16:15,13555
2020-06-10 16:20,13632
2020-06-10 16:25,13739
2020-06-10 16:30,13848
2020-06-10 16:35,13948
2020-06-10 16:40,14047
2020-06-10 16:45,14140
2020-06-10 16:50,14251
2020-06-10 16:55,14369
2020-06-10 17:00,14516
2020-06-10 17:05,14537
2020-06-10 17:10,14639
2020-06-10 17:15,14758
2020-06-10 17:20,14905
2020-06-10 17:25,15050
2020-06-10 17:30,15119
2020-06-10 17:35,15253
2020-06-10 17:40,15451
2020-06-10 17:45,15645
2020-06-10 17:50,15786
2020-06-10 17:55,15980
2020-06-10 18:00,16193
2020-06-10 18:05,16287
2020-06-10 18:10,16456
2020-06-10 18:15,16636
2020-06-10 18:20,16797
2020-06-10 18:25,16957
2020-06-10 18:30,17119
2020-06-10 18:35,17254
2020-06-10 18:40,17463
2020-06-10 18:45,17603
2020-06-10 18:50,17801
2020-06-10 18:55,17948
2020-06-10 19:00,18091
2020-06-10 19:05,18185
2020-06-10 19:10,18369
2020-06-10 19:15,18538
2020-06-10 19:20,18592
2020-06-10 19:25,18699
2020-06-10 19:30,18418
2020-06-10 19:35,16724
2020-06-10 19:40,14740
2020-06-10 19:45,14045
2020-06-10 19:50,14291
2020-06-10 19:55,14875
2020-06-10 20:00,15440
2020-06-10 20:05,15914
2020-06-10 20:10,16323
2020-06-10 20:15,16805
2020-06-10 20:20,17267
2020-06-10 20:25,17676
2020-06-10 20:30,17993
2020-06-10 20:35,18264
2020-06-10 20:40,18539
2020-06-10 20:45,18816
2020-06-10 20:50,18868
2020-06-10 20:55,19052
2020-06-10 21:00,19103
2020-06-10 21:05,19131
2020-06-10 21:10,19191
2020-06-10 21:15,19132
2020-06-10 21:20,19144
2020-06-10 21:25,19102
2020-06-10 21:30,19125
2020-06-10 21:35,19117
2020-06-10 21:40,19018
2020-06-10 21:45,18926
2020-06-10 21:50,18952
2020-06-10 21:55,18952
2020-06-10 22:00,18775
2020-06-10 22:05,18665
2020-06-10 22:10,18568
2020-06-10 22:15,18558
2020-06-10 22:20,18419
2020-06-10 22:25,18276
2020-06-10 22:30,18277
2020-06-10 22:35,18203
2020-06-10 22:40,18103
2020-06-10 22:45,17975
2020-06-10 22:50,17855
2020-06-10 22:55,17740
2020-06-10 23:00,17684
2020-06-10 23:05,17564
2020-06-10 23:10,17510
2020-06-10 23:15,17495
2020-06-10 23:20,17416
2020-06-10 23:25,17409
2020-06-10 23:30,17285
2020-06-10 23:35,17207
2020-06-10 23:40,17154
2020-06-10 23:45,17155
2020-06-10 23:50,17130
2020-06-10 23:55,17063
2020-06-11 00:00,17015
2020-06-11 00:05,16993
2020-06-11 00:10,16948
2020-06-11 00:15,16917
2020-06-11 00:20,16894
2020-06-11 00:25,16897
2020-06-11 00:30,16895
2020-06-11 00:35,16923
2020-06-11 00:40,17050
2020-06-11 00:45,17150
2020-06-11 00:50,17178
2020-06-11 00:55,17286
2020-06-11 01:00,17306
2020-06-11 01:05,17280
2020-06-11 01:10,17355
2020-06-11 01:15,17443
2020-06-11 01:20,17497
2020-06-11 01:25,17540
2020-06-11 01:30,17556
2020-06-11 01:35,17542
2020-06-11 01:40,17564
2020-06-11 01:45,17597
2020-06-11 01:50,17602
2020-06-11 01:55,17590
2020-06-11 02:00,17582
2020-06-11 02:05,17587
2020-06-11 02:10,17602
2020-06-11 02:15,17576
2020-06-11 02:20,17583
2020-06-11 02:25,17493
2020-06-11 02:30,17548
2020-06-11 02:35,17491
2020-06-11 02:40,17485
2020-06-11 02:45,17478
2020-06-11 02:50,17476
2020-06-11 02:55,17397
2020-06-11 03:00,17335
2020-06-11 03:05,17287
2020-06-11 03:10,17165
2020-06-11 03:15,17112
2020-06-11 03:20,17051
2020-06-11 03:25,16951
2020-06-11 03:30,16946
2020-06-11 03:35,16786
2020-06-11 03:40,16629
2020-06-11 03:45,16342
2020-06-11 03:50,16228
2020-06-11 03:55,16059
2020-06-11 04:00,15892
2020-06-11 04:05,15702
2020-06-11 04:10,15539
2020-06-11 04:15,15393
2020-06-11 04:20,15278
2020-06-11 04:25,15119
2020-06-11 04:30,14874
2020-06-11 04:35,14648
2020-06-11 04:40,14509
2020-06-11 04:45,14238
2020-06-11 04:50,14011
2020-06-11 04:55,13843
2020-06-11 05:00,13636
2020-06-11 05:05,13415
2020-06-11 05:10,13220
2020-06-11 05:15,12885
2020-06-11 05:20,12672
2020-06-11 05:25,12488
2020-06-11 05:30,12189
2020-06-11 05:35,12020
2020-06-11 05:40,11806
2020-06-11 05:45,11516
2020-06-11 05:50,11271
2020-06-11 05:55,11047
2020-06-11 06:00,10808
2020-06-11 06:05,10254
2020-06-11 06:10,10379
2020-06-11 06:15,10195
2020-06-11 06:20,9985
2020-06-11 06:25,9851
2020-06-11 06:30,9634
2020-06-11 06:35,9342
2020-06-11 06:40,9113
2020-06-11 06:45,8897
2020-06-11 06:50,8669
2020-06-11 06:55,8441
2020-06-11 07:00,8254
2020-06-11 07:05,8017
2020-06-11 07:10,7767
2020-06-11 07:15,7585
2020-06-11 07:20,7388
2020-06-11 07:25,7181
2020-06-11 07:30,6909
2020-06-11 07:35,6048
2020-06-11 07:40,5097
2020-06-11 07:45,4077
2020-06-11 07:50,3112
2020-06-11 07:55,2442
2020-06-11 08:00,2042
2020-06-11 08:05,1791
2020-06-11 08:10,1616
2020-06-11 08:15,1566
2020-06-11 08:20,1556
2020-06-11 08:25,1527
2020-06-11 08:30,1765
2020-06-11 08:35,1960
2020-06-11 08:40,2522
2020-06-11 08:45,2914
2020-06-11 08:50,3236
2020-06-11 08:55,3525
2020-06-11 09:00,3885
2020-06-11 09:05,4229
2020-06-11 09:10,4528
2020-06-11 09:15,4810
2020-06-11 09:20,5041
2020-06-11 09:25,5292
2020-06-11 09:30,5481
2020-06-11 09:35,5596
2020-06-11 09:40,5744
2020-06-11 09:45,5856
2020-06-11 09:50,6018
2020-06-11 09:55,6149
2020-06-11 10:00,6259
2020-06-11 10:05,6413
2020-06-11 10:10,6568
2020-06-11 10:15,6692
2020-06-11 10:20,6852
2020-06-11 10:25,6837
2020-06-11 10:30,6989
2020-06-11 10:35,6910
2020-06-11 10:40,7176
2020-06-11 10:45,7250
2020-06-11 10:50,7342
2020-06-11 10:55,7416
2020-06-11 11:00,7495
2020-06-11 11:05,7575
2020-06-11 11:10,7716
2020-06-11 11:15,7798
2020-06-11 11:20,7882
2020-06-11 11:25,7954
2020-06-11 11:30,8039
2020-06-11 11:35,8151
2020-06-11 11:40,8216
2020-06-11 11:45,8288
2020-06-11 11:50,8356
2020-06-11 11:55,8442
2020-06-11 12:00,8485
2020-06-11 12:05,8531
2020-06-11 12:10,8587
2020-06-11 12:15,8654
2020-06-11 12:20,8691
2020-06-11 12:25,8780
2020-06-11 12:30,8858
2020-06-11 12:35,8981
2020-06-11 12:40,9068
2020-06-11 12:45,9166
2020-06-11 12:50,9284
2020-06-11 12:55,9370
2020-06-11 13:00,9438
2020-06-11 13:05,9591
2020-06-11 13:10,9747
2020-06-11 13:15,9850
2020-06-11 13:20,9963
2020-06-11 13:25,10071
2020-06-11 13:30,10169
2020-06-11 13:35,10264
2020-06-11 13:40,10472
2020-06-11 13:45,10571
2020-06-11 13:50,10628
2020-06-11 13:55,10714
2020-06-11 14:00,10794
2020-06-11 14:05,10935
2020-06-11 14:10,11092
2020-06-11 14:15,11188
2020-06-11 14:20,11352
2020-06-11 14:25,11479
2020-06-11 14:30,11578
2020-06-11 14:35,11692
2020-06-11 14:40,11869
2020-06-11 14:45,11963
2020-06-11 14:50,12042
2020-06-11 14:55,12147
2020-06-11 15:00,12264
2020-06-11 15:05,12338
2020-06-11 15:10,12416
2020-06-11 15:15,12511
2020-06-11 15:20,12575
2020-06-11 15:25,12683
2020-06-11 15:30,12715
2020-06-11 15:35,12877
2020-06-11 15:40,12918
2020-06-11 15:45,13024
2020-06-11 15:50,13046
2020-06-11 15:55,13094
2020-06-11 16:00,13248
2020-06-11 16:05,13365
2020-06-11 16:10,13511
2020-06-11 16:15,13546
2020-06-11 16:20,13696
2020-06-11 16:25,13871
2020-06-11 16:30,13951
2020-06-11 16:35,14093
2020-06-11 16:40,14209
2020-06-11 16:45,14334
2020-06-11 16:50,14409
2020-06-11 16:55,14464
2020-06-11 17:00,14586
2020-06-11 17:05,14755
2020-06-11 17:10,14903
2020-06-11 17:15,14993
2020-06-11 17:20,15250
2020-06-11 17:25,15369
2020-06-11 17:30,15527
2020-06-11 17:35,15605
2020-06-11 17:40,15819
2020-06-11 17:45,15963
2020-06-11 17:50,16073
2020-06-11 17:55,16277
2020-06-11 18:00,16444
2020-06-11 18:05,16604
2020-06-11 18:10,16756
2020-06-11 18:15,16946
2020-06-11 18:20,17093
2020-06-11 18:25,17225
2020-06-11 18:30,17379
2020-06-11 18:35,17516
2020-06-11 18:40,17613
2020-06-11 18:45,17778
2020-06-11 18:50,18024
2020-06-11 18:55,18287
2020-06-11 19:00,18356
2020-06-11 19:05,18541
2020-06-11 19:10,18713
2020-06-11 19:15,18760
2020-06-11 19:20,18870
2020-06-11 19:25,19025
2020-06-11 19:30,19167
2020-06-11 19:35,19240
2020-06-11 19:40,19274
2020-06-11 19:45,19387
2020-06-11 19:50,19350
2020-06-11 19:55,19453
2020-06-11 20:00,19431
2020-06-11 20:05,19266
2020-06-11 20:10,19132
2020-06-11 20:15,19081
2020-06-11 20:20,19148
2020-06-11 20:25,19091
2020-06-11 20:30,19064
2020-06-11 20:35,18947
2020-06-11 20:40,18909
2020-06-11 20:45,18852
2020-06-11 20:50,18848
2020-06-11 20:55,18810
2020-06-11 21:00,18780
2020-06-11 21:05,18667
2020-06-11 21:10,18528
2020-06-11 21:15,18453
2020-06-11 21:20,18396
2020-06-11 21:25,18657
2020-06-11 21:30,18827
2020-06-11 21:35,18841
2020-06-11 21:40,18873
2020-06-11 21:45,18817
2020-06-11 21:50,18809
2020-06-11 21:55,18890
2020-06-11 22:00,18782
2020-06-11 22:05,18679
2020-06-11 22:10,18604
2020-06-11 22:15,18534
2020-06-11 22:20,18412
2020-06-11 22:25,18362
2020-06-11 22:30,18365
2020-06-11 22:35,18294
2020-06-11 22:40,18260
2020-06-11 22:45,18145
2020-06-11 22:50,18091
2020-06-11 22:55,17930
2020-06-11 23:00,17801
2020-06-11 23:05,17711
2020-06-11 23:10,17578
2020-06-11 23:15,17438
2020-06-11 23:20,17383
2020-06-11 23:25,17328
2020-06-11 23:30,17282
2020-06-11 23:35,17261
2020-06-11 23:40,17250
2020-06-11 23:45,17266
2020-06-11 23:50,17273
2020-06-11 23:55,17223
2020-06-12 00:00,17145
2020-06-12 00:05,16996
2020-06-12 00:10,16994
2020-06-12 00:15,16939
2020-06-12 00:20,16900
2020-06-12 00:25,16986
2020-06-12 00:30,16984
2020-06-12 00:35,16981
2020-06-12 00:40,17009
2020-06-12 00:45,16975
2020-06-12 00:50,17002
2020-06-12 00:55,16976
2020-06-12 01:00,16936
2020-06-12 01:05,16963
2020-06-12 01:10,17016
2020-06-12 01:15,17084
2020-06-12 01:20,17142
2020-06-12 01:25,17098
2020-06-12 01:30,17210
2020-06-12 01:35,17217
2020-06-12 01:40,17243
2020-06-12 01:45,17210
2020-06-12 01:50,17240
2020-06-12 01:55,17265
2020-06-12 02:00,17299
2020-06-12 02:05,17292
2020-06-12 02:10,17275
2020-06-12 02:15,17299
2020-06-12 02:20,17277
2020-06-12 02:25,17285
2020-06-12 02:30,17284
2020-06-12 02:35,17149
2020-06-12 02:40,17165
2020-06-12 02:45,17215
2020-06-12 02:50,17095
2020-06-12 02:55,16993
2020-06-12 03:00,16941
2020-06-12 03:05,16879
2020-06-12 03:10,16784
2020-06-12 03:15,16637
2020-06-12 03:20,16532
2020-06-12 03:25,16486
2020-06-12 03:30,16360
2020-06-12 03:35,16281
2020-06-12 03:40,16252
2020-06-12 03:45,16185
2020-06-12 03:50,16099
2020-06-12 03:55,15990
2020-06-12 04:00,15831
2020-06-12 04:05,15630
2020-06-12 04:10,15446
2020-06-12 04:15,15208
2020-06-12 04:20,15111
2020-06-12 04:25,14965
2020-06-12 04:30,14672
2020-06-12 04:35,14455
2020-06-12 04:40,14218
2020-06-12 04:45,14031
2020-06-12 04:50,13878
2020-06-12 04:55,13685
2020-06-12 05:00,13399
2020-06-12 05:05,13198
2020-06-12 05:10,13047
2020-06-12 05:15,12803
2020-06-12 05:20,12597
2020-06-12 05:25,12373
2020-06-12 05:30,12139
2020-06-12 05:35,11956
2020-06-12 05:40,11779
2020-06-12 05:45,11596
2020-06-12 05:50,11402
2020-06-12 05:55,11178
2020-06-12 06:00,10991
2020-06-12 06:05,10770
2020-06-12 06:10,10545
2020-06-12 06:15,10394
2020-06-12 06:20,10177
2020-06-12 06:25,9921
2020-06-12 06:30,9814
2020-06-12 06:35,9622
2020-06-12 06:40,9421
2020-06-12 06:45,9281
2020-06-12 06:50,9067
2020-06-12 06:55,8941
2020-06-12 07:00,8749
2020-06-12 07:05,8580
2020-06-12 07:10,8408
2020-06-12 07:15,8275
2020-06-12 07:20,8191
2020-06-12 07:25,8069
2020-06-12 07:30,7897
2020-06-12 07:35,7817
2020-06-12 07:40,7689
2020-06-12 07:45,7520
2020-06-12 07:50,7406
2020-06-12 07:55,7293
2020-06-12 08:00,7183
2020-06-12 08:05,7063
2020-06-12 08:10,7036
2020-06-12 08:15,6970
2020-06-12 08:20,6904
2020-06-12 08:25,6931
2020-06-12 08:30,6780
2020-06-12 08:35,6747
2020-06-12 08:40,6711
2020-06-12 08:45,6661
2020-06-12 08:50,6620
2020-06-12 08:55,6681
2020-06-12 09:00,6630
2020-06-12 09:05,6656
2020-06-12 09:10,6633
2020-06-12 09:15,6669
2020-06-12 09:20,6700
2020-06-12 09:25,6776
2020-06-12 09:30,6821
2020-06-12 09:35,6874
2020-06-12 09:40,6871
2020-06-12 09:45,6914
2020-06-12 09:50,6902
2020-06-12 09:55,6910
2020-06-12 10:00,6935
2020-06-12 10:05,6939
2020-06-12 10:10,6989
2020-06-12 10:15,6982
2020-06-12 10:20,7020
2020-06-12 10:25,7011
2020-06-12 10:30,7076
2020-06-12 10:35,7124
2020-06-12 10:40,7122
2020-06-12 10:45,7200
2020-06-12 10:50,7296
2020-06-12 10:55,7315
2020-06-12 11:00,7385
2020-06-12 11:05,7420
2020-06-12 11:10,7535
2020-06-12 11:15,7562
2020-06-12 11:20,7522
2020-06-12 11:25,7530
2020-06-12 11:30,7611
2020-06-12 11:35,7721
2020-06-12 11:40,7771
2020-06-12 11:45,7815
2020-06-12 11:50,7893
2020-06-12 11:55,7982
2020-06-12 12:00,8074
2020-06-12 12:05,8101
2020-06-12 12:10,8170
2020-06-12 12:15,8267
2020-06-12 12:20,8383
2020-06-12 12:25,8505
2020-06-12 12:30,8582
2020-06-12 12:35,8657
2020-06-12 12:40,8778
2020-06-12 12:45,8931
2020-06-12 12:50,9042
2020-06-12 12:55,9124
2020-06-12 13:00,9238
2020-06-12 13:05,9375
2020-06-12 13:10,9478
2020-06-12 13:15,9572
2020-06-12 13:20,9712
2020-06-12 13:25,9935
2020-06-12 13:30,10022
2020-06-12 13:35,10146
2020-06-12 13:40,10349
2020-06-12 13:45,10546
2020-06-12 13:50,10656
2020-06-12 13:55,10733
2020-06-12 14:00,10835
2020-06-12 14:05,10910
2020-06-12 14:10,11121
2020-06-12 14:15,11239
2020-06-12 14:20,11359
2020-06-12 14:25,11383
2020-06-12 14:30,11465
2020-06-12 14:35,11499
2020-06-12 14:40,11680
2020-06-12 14:45,11809
2020-06-12 14:50,11908
2020-06-12 14:55,12043
2020-06-12 15:00,12127
2020-06-12 15:05,12171
2020-06-12 15:10,12289
2020-06-12 15:15,12412
2020-06-12 15:20,12570
2020-06-12 15:25,12700
2020-06-12 15:30,12851
2020-06-12 15:35,12948
2020-06-12 15:40,13091
2020-06-12 15:45,13097
2020-06-12 15:50,13124
2020-06-12 15:55,13245
2020-06-12 16:00,13400
2020-06-12 16:05,13395
2020-06-12 16:10,13422
2020-06-12 16:15,13403
2020-06-12 16:20,13593
2020-06-12 16:25,13723
2020-06-12 16:30,13843
2020-06-12 16:35,13971
2020-06-12 16:40,14110
2020-06-12 16:45,14218
2020-06-12 16:50,14313
2020-06-12 16:55,14429
2020-06-12 17:00,14521
2020-06-12 17:05,14639
2020-06-12 17:10,14749
2020-06-12 17:15,14811
2020-06-12 17:20,14917
2020-06-12 17:25,15091
2020-06-12 17:30,15172
2020-06-12 17:35,15312
2020-06-12 17:40,15499
2020-06-12 17:45,15594
2020-06-12 17:50,15679
2020-06-12 17:55,15794
2020-06-12 18:00,16007
2020-06-12 18:05,16183
2020-06-12 18:10,16288
2020-06-12 18:15,16421
2020-06-12 18:20,16608
2020-06-12 18:25,16720
2020-06-12 18:30,16918
2020-06-12 18:35,17146
2020-06-12 18:40,17247
2020-06-12 18:45,17396
2020-06-12 18:50,17430
2020-06-12 18:55,17622
2020-06-12 19:00,17658
2020-06-12 19:05,17756
2020-06-12 19:10,17781
2020-06-12 19:15,17885
2020-06-12 19:20,17976
2020-06-12 19:25,18040
2020-06-12 19:30,18108
2020-06-12 19:35,18199
2020-06-12 19:40,18278
2020-06-12 19:45,18393
2020-06-12 19:50,18516
2020-06-12 19:55,18619
2020-06-12 20:00,18636
2020-06-12 20:05,18756
2020-06-12 20:10,18976
2020-06-12 20:15,19097
2020-06-12 20:20,19190
2020-06-12 20:25,19238
2020-06-12 20:30,19321
2020-06-12 20:35,19396
2020-06-12 20:40,19478
2020-06-12 20:45,19524
2020-06-12 20:50,19536
2020-06-12 20:55,19520
2020-06-12 21:00,19414
2020-06-12 21:05,19462
2020-06-12 21:10,19484
2020-06-12 21:15,19444
2020-06-12 21:20,19444
2020-06-12 21:25,19408
2020-06-12 21:30,19391
2020-06-12 21:35,19342
2020-06-12 21:40,19325
2020-06-12 21:45,19283
2020-06-12 21:50,19275
2020-06-12 21:55,19244
2020-06-12 22:00,19221
2020-06-12 22:05,19146
2020-06-12 22:10,19012
2020-06-12 22:15,18918
2020-06-12 22:20,18817
2020-06-12 22:25,18713
2020-06-12 22:30,18622
2020-06-12 22:35,18478
2020-06-12 22:40,18410
2020-06-12 22:45,18257
2020-06-12 22:50,18156
2020-06-12 22:55,18043
2020-06-12 23:00,17942
2020-06-12 23:05,17760
2020-06-12 23:10,17774
2020-06-12 23:15,17645
2020-06-12 23:20,17531
2020-06-12 23:25,17495
2020-06-12 23:30,17421
2020-06-12 23:35,17337
2020-06-12 23:40,17283
2020-06-12 23:45,17222
2020-06-12 23:50,17183
2020-06-12 23:55,17159
2020-06-13 00:00,17148
2020-06-13 00:05,17056
2020-06-13 00:10,16981
2020-06-13 00:15,16910
2020-06-13 00:20,16895
2020-06-13 00:25,16889
2020-06-13 00:30,16855
2020-06-13 00:35,16872
2020-06-13 00:40,16876
2020-06-13 00:45,16775
2020-06-13 00:50,16753
2020-06-13 00:55,16745
2020-06-13 01:00,16804
2020-06-13 01:05,16873
2020-06-13 01:10,16925
2020-06-13 01:15,16927
2020-06-13 01:20,17035
2020-06-13 01:25,17136
2020-06-13 01:30,17162
2020-06-13 01:35,17224
2020-06-13 01:40,17308
2020-06-13 01:45,17316
2020-06-13 01:50,17471
2020-06-13 01:55,17504
2020-06-13 02:00,17615
2020-06-13 02:05,17686
2020-06-13 02:10,17746
2020-06-13 02:15,17799
2020-06-13 02:20,17810
2020-06-13 02:25,17875
2020-06-13 02:30,17985
2020-06-13 02:35,18027
2020-06-13 02:40,18027
2020-06-13 02:45,18040
2020-06-13 02:50,18002
2020-06-13 02:55,18062
2020-06-13 03:00,18082
2020-06-13 03:05,18058
2020-06-13 03:10,18137
2020-06-13 03:15,18062
2020-06-13 03:20,18014
2020-06-13 03:25,17891
2020-06-13 03:30,17869
2020-06-13 03:35,17828
2020-06-13 03:40,17816
2020-06-13 03:45,17747
2020-06-13 03:50,17703
2020-06-13 03:55,17656
2020-06-13 04:00,17542
2020-06-13 04:05,17441
2020-06-13 04:10,17368
2020-06-13 04:15,17246
2020-06-13 04:20,17083
2020-06-13 04:25,16926
2020-06-13 04:30,16774
2020-06-13 04:35,16609
2020-06-13 04:40,16461
2020-06-13 04:45,16247
2020-06-13 04:50,16024
2020-06-13 04:55,15805
2020-06-13 05:00,15545
2020-06-13 05:05,15288
2020-06-13 05:10,14980
2020-06-13 05:15,14673
2020-06-13 05:20,14472
2020-06-13 05:25,14284
2020-06-13 05:30,14110
2020-06-13 05:35,13948
2020-06-13 05:40,13764
2020-06-13 05:45,13548
2020-06-13 05:50,13326
2020-06-13 05:55,13134
2020-06-13 06:00,12887
2020-06-13 06:05,12620
2020-06-13 06:10,12345
2020-06-13 06:15,12091
2020-06-13 06:20,11911
2020-06-13 06:25,11776
2020-06-13 06:30,11543
2020-06-13 06:35,11322
2020-06-13 06:40,11080
2020-06-13 06:45,10917
2020-06-13 06:50,10717
2020-06-13 06:55,10556
2020-06-13 07:00,10338
2020-06-13 07:05,10174
2020-06-13 07:10,10054
2020-06-13 07:15,9867
2020-06-13 07:20,9731
2020-06-13 07:25,9540
2020-06-13 07:30,9386
2020-06-13 07:35,9308
2020-06-13 07:40,9162
2020-06-13 07:45,8978
2020-06-13 07:50,8892
2020-06-13 07:55,8787
2020-06-13 08:00,8722
2020-06-13 08:05,8542
2020-06-13 08:10,8428
2020-06-13 08:15,8333
2020-06-13 08:20,8266
2020-06-13 08:25,8191
2020-06-13 08:30,8089
2020-06-13 08:35,8022
2020-06-13 08:40,7982
2020-06-13 08:45,7920
2020-06-13 08:50,7852
2020-06-13 08:55,7825
2020-06-13 09:00,7800
2020-06-13 09:05,7835
2020-06-13 09:10,7778
2020-06-13 09:15,7690
2020-06-13 09:20,7690
2020-06-13 09:25,7690
2020-06-13 09:30,7697
2020-06-13 09:35,7686
2020-06-13 09:40,7670
2020-06-13 09:45,7686
2020-06-13 09:50,7732
2020-06-13 09:55,7778
2020-06-13 10:00,7826
2020-06-13 10:05,7828
2020-06-13 10:10,7844
2020-06-13 10:15,7857
2020-06-13 10:20,7878
2020-06-13 10:25,7956
2020-06-13 10:30,7944
2020-06-13 10:35,8008
2020-06-13 10:40,8105
2020-06-13 10:45,8155
2020-06-13 10:50,8211
2020-06-13 10:55,8238
2020-06-13 11:00,8285
2020-06-13 11:05,8364
2020-06-13 11:10,8453
2020-06-13 11:15,8525
2020-06-13 11:20,8601
2020-06-13 11:25,8623
2020-06-13 11:30,8711
2020-06-13 11:35,8761
2020-06-13 11:40,8852
2020-06-13 11:45,8900
2020-06-13 11:50,8985
2020-06-13 11:55,9064
2020-06-13 12:00,9139
2020-06-13 12:05,9206
2020-06-13 12:10,9290
2020-06-13 12:15,9319
2020-06-13 12:20,9452
2020-06-13 12:25,9614
2020-06-13 12:30,9690
2020-06-13 12:35,9799
2020-06-13 12:40,9833
2020-06-13 12:45,9927
2020-06-13 12:50,9957
2020-06-13 12:55,10048
2020-06-13 13:00,10134
2020-06-13 13:05,10250
2020-06-13 13:10,10391
2020-06-13 13:15,10480
2020-06-13 13:20,10655
2020-06-13 13:25,10815
2020-06-13 13:30,10882
2020-06-13 13:35,10957
2020-06-13 13:40,11064
2020-06-13 13:45,11173
2020-06-13 13:50,11305
2020-06-13 13:55,11459
2020-06-13 14:00,11596
2020-06-13 14:05,11672
2020-06-13 14:10,11785
2020-06-13 14:15,11918
2020-06-13 14:20,12072
2020-06-13 14:25,12223
2020-06-13 14:30,12334
2020-06-13 14:35,12475
2020-06-13 14:40,12601
2020-06-13 14:45,12769
2020-06-13 14:50,12943
2020-06-13 14:55,13041
2020-06-13 15:00,13149
2020-06-13 15:05,13236
2020-06-13 15:10,13289
2020-06-13 15:15,13428
2020-06-13 15:20,13455
2020-06-13 15:25,13554
2020-06-13 15:30,13585
2020-06-13 15:35,13641
2020-06-13 15:40,13741
2020-06-13 15:45,13857
2020-06-13 15:50,13912
2020-06-13 15:55,13994
2020-06-13 16:00,14019
2020-06-13 16:05,14127
2020-06-13 16:10,14181
2020-06-13 16:15,14310
2020-06-13 16:20,14377
2020-06-13 16:25,14477
2020-06-13 16:30,14727
2020-06-13 16:35,14816
2020-06-13 16:40,14910
2020-06-13 16:45,15000
2020-06-13 16:50,15068
2020-06-13 16:55,15112
2020-06-13 17:00,
2020-06-13 17:05,15397
2020-06-13 17:10,15446
2020-06-13 17:15,15536
2020-06-13 17:20,15620
2020-06-13 17:25,15783
2020-06-13 17:30,15896
2020-06-13 17:35,15994
2020-06-13 17:40,16093
2020-06-13 17:45,16113
2020-06-13 17:50,16216
2020-06-13 17:55,16269
2020-06-13 18:00,16344
2020-06-13 18:05,16450
2020-06-13 18:10,16544
2020-06-13 18:15,16640
2020-06-13 18:20,16799
2020-06-13 18:25,16971
2020-06-13 18:30,17063
2020-06-13 18:35,17214
2020-06-13 18:40,17353
2020-06-13 18:45,17551
2020-06-13 18:50,17679
2020-06-13 18:55,17804
2020-06-13 19:00,17964
2020-06-13 19:05,17971
2020-06-13 19:10,18177
2020-06-13 19:15,18411
2020-06-13 19:20,18559
2020-06-13 19:25,18548
2020-06-13 19:30,18654
2020-06-13 19:35,18651
2020-06-13 19:40,18790
2020-06-13 19:45,18844
2020-06-13 19:50,18905
2020-06-13 19:55,18936
2020-06-13 20:00,19078
2020-06-13 20:05,19194
2020-06-13 20:10,19187
2020-06-13 20:15,19375
2020-06-13 20:20,19485
2020-06-13 20:25,19488
2020-06-13 20:30,19662
2020-06-13 20:35,19755
2020-06-13 20:40,19811
2020-06-13 20:45,19944
2020-06-13 20:50,20035
2020-06-13 20:55,20115
2020-06-13 21:00,20095
2020-06-13 21:05,20023
2020-06-13 21:10,19946
2020-06-13 21:15,19891
2020-06-13 21:20,19875
2020-06-13 21:25,19849
2020-06-13 21:30,19790
2020-06-13 21:35,19759
2020-06-13 21:40,19705
2020-06-13 21:45,19729
2020-06-13 21:50,19654
2020-06-13 21:55,19629
2020-06-13 22:00,19491
2020-06-13 22:05,19446
2020-06-13 22:10,19312
2020-06-13 22:15,19246
2020-06-13 22:20,19123
2020-06-13 22:25,18976
2020-06-13 22:30,18824
2020-06-13 22:35,18791
2020-06-13 22:40,18711
2020-06-13 22:45,18613
2020-06-13 22:50,18575
2020-06-13 22:55,18586
2020-06-13 23:00,18553
2020-06-13 23:05,18439
2020-06-13 23:10,18249
2020-06-13 23:15,18131
2020-06-13 23:20,18080
2020-06-13 23:25,17930
2020-06-13 23:30,17782
2020-06-13 23:35,17666
2020-06-13 23:40,17534
2020-06-13 23:45,17445
2020-06-13 23:50,17381
2020-06-13 23:55,17279
2020-06-14 00:00,17126
2020-06-14 00:05,16957
2020-06-14 00:10,16847
2020-06-14 00:15,16771
2020-06-14 00:20,16661
2020-06-14 00:25,16631
2020-06-14 00:30,16671
2020-06-14 00:35,16645
2020-06-14 00:40,16634
2020-06-14 00:45,16559
2020-06-14 00:50,16572
2020-06-14 00:55,16546
2020-06-14 01:00,16496
2020-06-14 01:05,16543
2020-06-14 01:10,16534
2020-06-14 01:15,16627
2020-06-14 01:20,16721
2020-06-14 01:25,16750
2020-06-14 01:30,16822
2020-06-14 01:35,16882
2020-06-14 01:40,16961
2020-06-14 01:45,16974
2020-06-14 01:50,17017
2020-06-14 01:55,17128
2020-06-14 02:00,17190
2020-06-14 02:05,17282
2020-06-14 02:10,17331
2020-06-14 02:15,17467
2020-06-14 02:20,17530
2020-06-14 02:25,17522
2020-06-14 02:30,17591
2020-06-14 02:35,17648
2020-06-14 02:40,17677
2020-06-14 02:45,17713
2020-06-14 02:50,17734
2020-06-14 02:55,17809
2020-06-14 03:00,17842
2020-06-14 03:05,17866
2020-06-14 03:10,17862
2020-06-14 03:15,17801
2020-06-14 03:20,17828
2020-06-14 03:25,17814
2020-06-14 03:30,17834
2020-06-14 03:35,17800
2020-06-14 03:40,17750
2020-06-14 03:45,17722
2020-06-14 03:50,17661
2020-06-14 03:55,17613
2020-06-14 04:00,17560
2020-06-14 04:05,17415
2020-06-14 04:10,17393
2020-06-14 04:15,17270
2020-06-14 04:20,17219
2020-06-14 04:25,17012
2020-06-14 04:30,16929
2020-06-14 04:35,16731
2020-06-14 04:40,16563
2020-06-14 04:45,16358
2020-06-14 04:50,16219
2020-06-14 04:55,16179
2020-06-14 05:00,15989
2020-06-14 05:05,15865
2020-06-14 05:10,15662
2020-06-14 05:15,15458
2020-06-14 05:20,15230
2020-06-14 05:25,15007
2020-06-14 05:30,14880
2020-06-14 05:35,14578
2020-06-14 05:40,14340
2020-06-14 05:45,14162
2020-06-14 05:50,13954
2020-06-14 05:55,13672
2020-06-14 06:00,13457
2020-06-14 06:05,13234
2020-06-14 06:10,13011
2020-06-14 06:15,12810
2020-06-14 06:20,12536
2020-06-14 06:25,12268
2020-06-14 06:30,11986
2020-06-14 06:35,11785
2020-06-14 06:40,11585
2020-06-14 06:45,11404
2020-06-14 06:50,11214
2020-06-14 06:55,11055
2020-06-14 07:00,10842
2020-06-14 07:05,10683
2020-06-14 07:10,10488
2020-06-14 07:15,10282
2020-06-14 07:20,10143
2020-06-14 07:25,9947
2020-06-14 07:30,9781
2020-06-14 07:35,9611
2020-06-14 07:40,9427
2020-06-14 07:45,9259
2020-06-14 07:50,9097
2020-06-14 07:55,8971
2020-06-14 08:00,8883
2020-06-14 08:05,8739
2020-06-14 08:10,8619
2020-06-14 08:15,8555
2020-06-14 08:20,8475
2020-06-14 08:25,8430
2020-06-14 08:30,8379
2020-06-14 08:35,8321
2020-06-14 08:40,8287
2020-06-14 08:45,8239
2020-06-14 08:50,8195
2020-06-14 08:55,8142
2020-06-14 09:00,8069
2020-06-14 09:05,8094
2020-06-14 09:10,8165
2020-06-14 09:15,8219
2020-06-14 09:20,8186
2020-06-14 09:25,8209
2020-06-14 09:30,8217
2020-06-14 09:35,8237
2020-06-14 09:40,8261
2020-06-14 09:45,8307
2020-06-14 09:50,8279
2020-06-14 09:55,8360
2020-06-14 10:00,8393
2020-06-14 10:05,8474
2020-06-14 10:10,8488
2020-06-14 10:15,8532
2020-06-14 10:20,8549
2020-06-14 10:25,8564
2020-06-14 10:30,8633
2020-06-14 10:35,8703
2020-06-14 10:40,8769
2020-06-14 10:45,8866
2020-06-14 10:50,8887
2020-06-14 10:55,8964
2020-06-14 11:00,8998
2020-06-14 11:05,9118
2020-06-14 11:10,9166
2020-06-14 11:15,9270
2020-06-14 11:20,9356
2020-06-14 11:25,9413
2020-06-14 11:30,9513
2020-06-14 11:35,9582
2020-06-14 11:40,9637
2020-06-14 11:45,9780
2020-06-14 11:50,9846
2020-06-14 11:55,9911
2020-06-14 12:00,9994
2020-06-14 12:05,10125
2020-06-14 12:10,10245
2020-06-14 12:15,10271
2020-06-14 12:20,10370
2020-06-14 12:25,10484
2020-06-14 12:30,10552
2020-06-14 12:35,10681
2020-06-14 12:40,10771
2020-06-14 12:45,10836
2020-06-14 12:50,10862
2020-06-14 12:55,10988
2020-06-14 13:00,11076
2020-06-14 13:05,11250
2020-06-14 13:10,11350
2020-06-14 13:15,11455
2020-06-14 13:20,11621
2020-06-14 13:25,11777
2020-06-14 13:30,11875
2020-06-14 13:35,12053
2020-06-14 13:40,12154
2020-06-14 13:45,12382
2020-06-14 13:50,12504
2020-06-14 13:55,12630
2020-06-14 14:00,12797
2020-06-14 14:05,12902
2020-06-14 14:10,12989
2020-06-14 14:15,13102
2020-06-14 14:20,13290
2020-06-14 14:25,13478
2020-06-14 14:30,13667
2020-06-14 14:35,13713
2020-06-14 14:40,13767
2020-06-14 14:45,13924
2020-06-14 14:50,13987
2020-06-14 14:55,14073
2020-06-14 15:00,14143
2020-06-14 15:05,14296
2020-06-14 15:10,14386
2020-06-14 15:15,14467
2020-06-14 15:20,14571
2020-06-14 15:25,14703
2020-06-14 15:30,14825
2020-06-14 15:35,14915
2020-06-14 15:40,14929
2020-06-14 15:45,15082
2020-06-14 15:50,15161
2020-06-14 15:55,15306
2020-06-14 16:00,15392
2020-06-14 16:05,15486
2020-06-14 16:10,15652
2020-06-14 16:15,15697
2020-06-14 16:20,15800
2020-06-14 16:25,15948
2020-06-14 16:30,16084
2020-06-14 16:35,16258
2020-06-14 16:40,16344
2020-06-14 16:45,16503
2020-06-14 16:50,16641
2020-06-14 16:55,16771
2020-06-14 17:00,16885
2020-06-14 17:05,16935
2020-06-14 17:10,17153
2020-06-14 17:15,17387
2020-06-14 17:20,17600
2020-06-14 17:25,17772
2020-06-14 17:30,17943
2020-06-14 17:35,18095
2020-06-14 17:40,18156
2020-06-14 17:45,18230
2020-06-14 17:50,18418
2020-06-14 17:55,18583
2020-06-14 18:00,18780
2020-06-14 18:05,18940
2020-06-14 18:10,19101
2020-06-14 18:15,19236
2020-06-14 18:20,19454
2020-06-14 18:25,19636
2020-06-14 18:30,19734
2020-06-14 18:35,19929
2020-06-14 18:40,20050
2020-06-14 18:45,20269
2020-06-14 18:50,20337
2020-06-14 18:55,20366
2020-06-14 19:00,20511
2020-06-14 19:05,20659
2020-06-14 19:10,20740
2020-06-14 19:15,20787
2020-06-14 19:20,20915
2020-06-14 19:25,20971
2020-06-14 19:30,21029
2020-06-14 19:35,21047
2020-06-14 19:40,21162
2020-06-14 19:45,21250
2020-06-14 19:50,21234
2020-06-14 19:55,21289
2020-06-14 20:00,21329
2020-06-14 20:05,21358
2020-06-14 20:10,21411
2020-06-14 20:15,21363
2020-06-14 20:20,21450
2020-06-14 20:25,21448
2020-06-14 20:30,21479
2020-06-14 20:35,21547
2020-06-14 20:40,21468
2020-06-14 20:45,21383
2020-06-14 20:50,21380
2020-06-14 20:55,21237
2020-06-14 21:00,21137
2020-06-14 21:05,21136
2020-06-14 21:10,21085
2020-06-14 21:15,21041
2020-06-14 21:20,20921
2020-06-14 21:25,20791
2020-06-14 21:30,20733
2020-06-14 21:35,20659
2020-06-14 21:40,20479
2020-06-14 21:45,20476
2020-06-14 21:50,20340
2020-06-14 21:55,20180
2020-06-14 22:00,20005
2020-06-14 22:05,19810
2020-06-14 22:10,18695
2020-06-14 22:15,18516
2020-06-14 22:20,18546
2020-06-14 22:25,18645
2020-06-14 22:30,18723
2020-06-14 22:35,18620
2020-06-14 22:40,18624
2020-06-14 22:45,18661
2020-06-14 22:50,18573
2020-06-14 22:55,18485
2020-06-14 23:00,18450
2020-06-14 23:05,18360
2020-06-14 23:10,18277
2020-06-14 23:15,18332
2020-06-14 23:20,18240
2020-06-14 23:25,18153
2020-06-14 23:30,18043
2020-06-14 23:35,17887
2020-06-14 23:40,17824
2020-06-14 23:45,17702
2020-06-14 23:50,17648
2020-06-14 23:55,17691
2020-06-15 00:00,17792
2020-06-15 00:05,17830
2020-06-15 00:10,17817
2020-06-15 00:15,17766
2020-06-15 00:20,17852
2020-06-15 00:25,17853
2020-06-15 00:30,17862
2020-06-15 00:35,17897
2020-06-15 00:40,17924
2020-06-15 00:45,17997
2020-06-15 00:50,18032
2020-06-15 00:55,18071
2020-06-15 01:00,18027
2020-06-15 01:05,18023
2020-06-15 01:10,18147
2020-06-15 01:15,18190
2020-06-15 01:20,18135
2020-06-15 01:25,18037
2020-06-15 01:30,18138
2020-06-15 01:35,18248
2020-06-15 01:40,18340
2020-06-15 01:45,18277
2020-06-15 01:50,18272
2020-06-15 01:55,18237
2020-06-15 02:00,18216
2020-06-15 02:05,18195
2020-06-15 02:10,18146
2020-06-15 02:15,18191
2020-06-15 02:20,18123
2020-06-15 02:25,18117
2020-06-15 02:30,17997
2020-06-15 02:35,17937
2020-06-15 02:40,17862
2020-06-15 02:45,17807
2020-06-15 02:50,17760
2020-06-15 02:55,17769
2020-06-15 03:00,17619
2020-06-15 03:05,17406
2020-06-15 03:10,17310
2020-06-15 03:15,17236
2020-06-15 03:20,17088
2020-06-15 03:25,17031
2020-06-15 03:30,16903
2020-06-15 03:35,16793
2020-06-15 03:40,16692
2020-06-15 03:45,16476
2020-06-15 03:50,16347
2020-06-15 03:55,16181
2020-06-15 04:00,16000
2020-06-15 04:05,15843
2020-06-15 04:10,15653
2020-06-15 04:15,15448
2020-06-15 04:20,15285
2020-06-15 04:25,15012
2020-06-15 04:30,14883
2020-06-15 04:35,14745
2020-06-15 04:40,14491
2020-06-15 04:45,14364
2020-06-15 04:50,14246
2020-06-15 04:55,14113
2020-06-15 05:00,13910
2020-06-15 05:05,13576
2020-06-15 05:10,13293
2020-06-15 05:15,13066
2020-06-15 05:20,12937
2020-06-15 05:25,12726
2020-06-15 05:30,12524
2020-06-15 05:35,12352
2020-06-15 05:40,12181
2020-06-15 05:45,11995
2020-06-15 05:50,11736
2020-06-15 05:55,11450
2020-06-15 06:00,11295
2020-06-15 06:05,11064
2020-06-15 06:10,10826
2020-06-15 06:15,10687
2020-06-15 06:20,10484
2020-06-15 06:25,10302
2020-06-15 06:30,10088
2020-06-15 06:35,9921
2020-06-15 06:40,9761
2020-06-15 06:45,9542
2020-06-15 06:50,9401
2020-06-15 06:55,9230
2020-06-15 07:00,9083
2020-06-15 07:05,8877
2020-06-15 07:10,8711
2020-06-15 07:15,8491
2020-06-15 07:20,8361
2020-06-15 07:25,8201
2020-06-15 07:30,8070
2020-06-15 07:35,7967
2020-06-15 07:40,7849
2020-06-15 07:45,7804
2020-06-15 07:50,7755
2020-06-15 07:55,7627
2020-06-15 08:00,7524
2020-06-15 08:05,7390
2020-06-15 08:10,7311
2020-06-15 08:15,7225
2020-06-15 08:20,7170
2020-06-15 08:25,7131
2020-06-15 08:30,7009
2020-06-15 08:35,6977
2020-06-15 08:40,6950
2020-06-15 08:45,6949
2020-06-15 08:50,6889
2020-06-15 08:55,6834
2020-06-15 09:00,6755
2020-06-15 09:05,6797
2020-06-15 09:10,6828
2020-06-15 09:15,6845
2020-06-15 09:20,6773
2020-06-15 09:25,6810
2020-06-15 09:30,6808
2020-06-15 09:35,6872
2020-06-15 09:40,6892
2020-06-15 09:45,6859
2020-06-15 09:50,6901
2020-06-15 09:55,6961
2020-06-15 10:00,6972
2020-06-15 10:05,6912
2020-06-15 10:10,6916
2020-06-15 10:15,6974
2020-06-15 10:20,7021
2020-06-15 10:25,7083
2020-06-15 10:30,7117
2020-06-15 10:35,7194
2020-06-15 10:40,7250
2020-06-15 10:45,7253
2020-06-15 10:50,7305
2020-06-15 10:55,7362
2020-06-15 11:00,7324
2020-06-15 11:05,7384
2020-06-15 11:10,7475
2020-06-15 11:15,7500
2020-06-15 11:20,7559
2020-06-15 11:25,7614
2020-06-15 11:30,7728
2020-06-15 11:35,7777
2020-06-15 11:40,7869
2020-06-15 11:45,7963
2020-06-15 11:50,8042
2020-06-15 11:55,8082
2020-06-15 12:00,8174
2020-06-15 12:05,8263
2020-06-15 12:10,8339
2020-06-15 12:15,8370
2020-06-15 12:20,8479
2020-06-15 12:25,8538
2020-06-15 12:30,8564
2020-06-15 12:35,8624
2020-06-15 12:40,8691
2020-06-15 12:45,8766
2020-06-15 12:50,8846
2020-06-15 12:55,8945
2020-06-15 13:00,9051
2020-06-15 13:05,9171
2020-06-15 13:10,9268
2020-06-15 13:15,9413
2020-06-15 13:20,9542
2020-06-15 13:25,9659
2020-06-15 13:30,9752
2020-06-15 13:35,9869
2020-06-15 13:40,10044
2020-06-15 13:45,10159
2020-06-15 13:50,10239
2020-06-15 13:55,10301
2020-06-15 14:00,10344
2020-06-15 14:05,10425
2020-06-15 14:10,10520
2020-06-15 14:15,10660
2020-06-15 14:20,10759
2020-06-15 14:25,10828
2020-06-15 14:30,10987
2020-06-15 14:35,11062
2020-06-15 14:40,11173
2020-06-15 14:45,11339
2020-06-15 14:50,11423
2020-06-15 14:55,11503
2020-06-15 15:00,11600
2020-06-15 15:05,11745
2020-06-15 15:10,11850
2020-06-15 15:15,12007
2020-06-15 15:20,12116
2020-06-15 15:25,12122
2020-06-15 15:30,12303
2020-06-15 15:35,12476
2020-06-15 15:40,12568
2020-06-15 15:45,12716
2020-06-15 15:50,12912
2020-06-15 15:55,13095
2020-06-15 16:00,13177
2020-06-15 16:05,13269
2020-06-15 16:10,13424
2020-06-15 16:15,13437
2020-06-15 16:20,13527
2020-06-15 16:25,13642
2020-06-15 16:30,13780
2020-06-15 16:35,13922
2020-06-15 16:40,14092
2020-06-15 16:45,14121
2020-06-15 16:50,14298
2020-06-15 16:55,14427
2020-06-15 17:00,14513
2020-06-15 17:05,14623
2020-06-15 17:10,14907
2020-06-15 17:15,15131
2020-06-15 17:20,15221
2020-06-15 17:25,15319
2020-06-15 17:30,15512
2020-06-15 17:35,15649
2020-06-15 17:40,14790
2020-06-15 17:45,15716
2020-06-15 17:50,16046
2020-06-15 17:55,16315
2020-06-15 18:00,16454
2020-06-15 18:05,16575
2020-06-15 18:10,16740
2020-06-15 18:15,16952
2020-06-15 18:20,17101
2020-06-15 18:25,17417
2020-06-15 18:30,17671
2020-06-15 18:35,17896
2020-06-15 18:40,18123
2020-06-15 18:45,18386
2020-06-15 18:50,18524
2020-06-15 18:55,18647
2020-06-15 19:00,18797
2020-06-15 19:05,18904
2020-06-15 19:10,19043
2020-06-15 19:15,19188
2020-06-15 19:20,19385
2020-06-15 19:25,19433
2020-06-15 19:30,19492
2020-06-15 19:35,19466
2020-06-15 19:40,19534
2020-06-15 19:45,19629
2020-06-15 19:50,19747
2020-06-15 19:55,19731
2020-06-15 20:00,19793
2020-06-15 20:05,19854
2020-06-15 20:10,19980
2020-06-15 20:15,20158
2020-06-15 20:20,20232
2020-06-15 20:25,20224
2020-06-15 20:30,20216
2020-06-15 20:35,20213
2020-06-15 20:40,20252
2020-06-15 20:45,20201
2020-06-15 20:50,20229
2020-06-15 20:55,20156
2020-06-15 21:00,20137
2020-06-15 21:05,20088
2020-06-15 21:10,20067
2020-06-15 21:15,20087
2020-06-15 21:20,19974
2020-06-15 21:25,19948
2020-06-15 21:30,19859
2020-06-15 21:35,19873
2020-06-15 21:40,19724
2020-06-15 21:45,19640
2020-06-15 21:50,19469
2020-06-15 21:55,19317
2020-06-15 22:00,19183
2020-06-15 22:05,19021
2020-06-15 22:10,18855
2020-06-15 22:15,18672
2020-06-15 22:20,18672
2020-06-15 22:25,18080
2020-06-15 22:30,18099
2020-06-15 22:35,18054
2020-06-15 22:40,17575
2020-06-15 22:45,17626
2020-06-15 22:50,17617
2020-06-15 22:55,17617
2020-06-15 23:00,17579
2020-06-15 23:05,17595
2020-06-15 23:10,17576
2020-06-15 23:15,17612
2020-06-15 23:20,17611
2020-06-15 23:25,17567
2020-06-15 23:30,17548
2020-06-15 23:35,17574
2020-06-15 23:40,17563
2020-06-15 23:45,17581
2020-06-15 23:50,17589
2020-06-15 23:55,17654
2020-06-16 00:00,17629
2020-06-16 00:05,17607
2020-06-16 00:10,17615
2020-06-16 00:15,17729
2020-06-16 00:20,17770
2020-06-16 00:25,17771
2020-06-16 00:30,17818
2020-06-16 00:35,17813
2020-06-16 00:40,17835
2020-06-16 00:45,17885
2020-06-16 00:50,17896
2020-06-16 00:55,17837
2020-06-16 01:00,17892
2020-06-16 01:05,17949
2020-06-16 01:10,17908
2020-06-16 01:15,17959
2020-06-16 01:20,18021
2020-06-16 01:25,18055
2020-06-16 01:30,18072
2020-06-16 01:35,18088
2020-06-16 01:40,18153
2020-06-16 01:45,18164
2020-06-16 01:50,18176
2020-06-16 01:55,18211
2020-06-16 02:00,18170
2020-06-16 02:05,18118
2020-06-16 02:10,18085
2020-06-16 02:15,18138
2020-06-16 02:20,18061
2020-06-16 02:25,18065
2020-06-16 02:30,18138
2020-06-16 02:35,18117
2020-06-16 02:40,18037
2020-06-16 02:45,17962
2020-06-16 02:50,17907
2020-06-16 02:55,17761
2020-06-16 03:00,17668
2020-06-16 03:05,17591
2020-06-16 03:10,17382
2020-06-16 03:15,17234
2020-06-16 03:20,17148
2020-06-16 03:25,17001
2020-06-16 03:30,16887
2020-06-16 03:35,16778
2020-06-16 03:40,16701
2020-06-16 03:45,16572
2020-06-16 03:50,16365
2020-06-16 03:55,16205
2020-06-16 04:00,16019
2020-06-16 04:05,15816
2020-06-16 04:10,15583
2020-06-16 04:15,15422
2020-06-16 04:20,15223
2020-06-16 04:25,15082
2020-06-16 04:30,14903
2020-06-16 04:35,14903
2020-06-16 04:40,14530
2020-06-16 04:45,14272
2020-06-16 04:50,14107
2020-06-16 04:55,13897
2020-06-16 05:00,13593
2020-06-16 05:05,13304
2020-06-16 05:10,13028
2020-06-16 05:15,12708
2020-06-16 05:20,12478
2020-06-16 05:25,12237
2020-06-16 05:30,12237
2020-06-16 05:35,11855
2020-06-16 05:40,11855
2020-06-16 05:45,11435
2020-06-16 05:50,11435
2020-06-16 05:55,11051
2020-06-16 06:00,10893
2020-06-16 06:05,10680
2020-06-16 06:10,10490
2020-06-16 06:15,10307
2020-06-16 06:20,10176
2020-06-16 06:25,9943
2020-06-16 06:30,9774
2020-06-16 06:35,9610
2020-06-16 06:40,9442
2020-06-16 06:45,9229
2020-06-16 06:50,9072
2020-06-16 06:55,8948
2020-06-16 07:00,8737
2020-06-16 07:05,8737
2020-06-16 07:10,8401
2020-06-16 07:15,8401
2020-06-16 07:20,8156
2020-06-16 07:25,8030
2020-06-16 07:30,7902
2020-06-16 07:35,7902
2020-06-16 07:40,7761
2020-06-16 07:45,7621
2020-06-16 07:50,7504
2020-06-16 07:55,7365
2020-06-16 08:00,7199
2020-06-16 08:05,7199
2020-06-16 08:10,7140
2020-06-16 08:15,7054
2020-06-16 08:20,7018
2020-06-16 08:25,6898
2020-06-16 08:30,6796
2020-06-16 08:35,6796
2020-06-16 08:40,6771
2020-06-16 08:45,6721
2020-06-16 08:50,6721
2020-06-16 08:55,6716
2020-06-16 09:00,6640
2020-06-16 09:05,6640
2020-06-16 09:10,6609
2020-06-16 09:15,6557
2020-06-16 09:20,6598
2020-06-16 09:25,6665
2020-06-16 09:30,6715
2020-06-16 09:35,6685
2020-06-16 09:40,6625
2020-06-16 09:45,6610
2020-06-16 09:50,6567
2020-06-16 09:55,6585
2020-06-16 10:00,6529
2020-06-16 10:05,6464
2020-06-16 10:10,6467
2020-06-16 10:15,6467
2020-06-16 10:20,6415
2020-06-16 10:25,6303
2020-06-16 10:30,6249
2020-06-16 10:35,
2020-06-16 10:40,
2020-06-16 10:45,3214
2020-06-16 10:50,3214
2020-06-16 10:55,2635
2020-06-16 11:00,2072
2020-06-16 11:05,2072
2020-06-16 11:10,1808
2020-06-16 11:15,1777
2020-06-16 11:20,1700
2020-06-16 11:25,1644
2020-06-16 11:30,1647
2020-06-16 11:35,1663
2020-06-16 11:40,1771
2020-06-16 11:45,1821
2020-06-16 11:50,1819
2020-06-16 11:55,1837
2020-06-16 12:00,1874
2020-06-16 12:05,1879
2020-06-16 12:10,1903
2020-06-16 12:15,1886
2020-06-16 12:20,1970
2020-06-16 12:25,2005
2020-06-16 12:30,1983
2020-06-16 12:35,2022
2020-06-16 12:40,2056
2020-06-16 12:45,2053
2020-06-16 12:50,2068
2020-06-16 12:55,2091
2020-06-16 13:00,2163
2020-06-16 13:05,2139
2020-06-16 13:10,2211
2020-06-16 13:15,2204
2020-06-16 13:20,2263
2020-06-16 13:25,2322
2020-06-16 13:30,2338
2020-06-16 13:35,2347
2020-06-16 13:40,2410
2020-06-16 13:45,3093
2020-06-16 13:50,4669
2020-06-16 13:55,6013
2020-06-16 14:00,7225
2020-06-16 14:05,8318
2020-06-16 14:10,9812
2020-06-16 14:15,10933
2020-06-16 14:20,11879
2020-06-16 14:25,12777
2020-06-16 14:30,13582
2020-06-16 14:35,14249
2020-06-16 14:40,14826
2020-06-16 14:45,15233
2020-06-16 14:50,15752
2020-06-16 14:55,16102
2020-06-16 15:00,16371
2020-06-16 15:05,16654
2020-06-16 15:10,16880
2020-06-16 15:15,17066
2020-06-16 15:20,17299
2020-06-16 15:25,17541
2020-06-16 15:30,17693
2020-06-16 15:35,17727
2020-06-16 15:40,17770
2020-06-16 15:45,17908
2020-06-16 15:50,18016
2020-06-16 15:55,18075
2020-06-16 16:00,18161
2020-06-16 16:05,18293
2020-06-16 16:10,18426
2020-06-16 16:15,18525
2020-06-16 16:20,18612
2020-06-16 16:25,18739
2020-06-16 16:30,18824
2020-06-16 16:35,18963
2020-06-16 16:40,19117
2020-06-16 16:45,19340
2020-06-16 16:50,19434
2020-06-16 16:55,19566
2020-06-16 17:00,19706
2020-06-16 17:05,19800
2020-06-16 17:10,19907
2020-06-16 17:15,20043
2020-06-16 17:20,20235
2020-06-16 17:25,20395
2020-06-16 17:30,20561
2020-06-16 17:35,20663
2020-06-16 17:40,20877
2020-06-16 17:45,20924
2020-06-16 17:50,21161
2020-06-16 17:55,21369
2020-06-16 18:00,21548
2020-06-16 18:05,21738
2020-06-16 18:10,21890
2020-06-16 18:15,22138
2020-06-16 18:20,22336
2020-06-16 18:25,22517
2020-06-16 18:30,22701
2020-06-16 18:35,22894
2020-06-16 18:40,23171
2020-06-16 18:45,23414
2020-06-16 18:50,23551
2020-06-16 18:55,23644
2020-06-16 19:00,23780
2020-06-16 19:05,23837
2020-06-16 19:10,23978
2020-06-16 19:15,24036
2020-06-16 19:20,24152
2020-06-16 19:25,24315
2020-06-16 19:30,24344
2020-06-16 19:35,24491
2020-06-16 19:40,24605
2020-06-16 19:45,24715
2020-06-16 19:50,24718
2020-06-16 19:55,24763
2020-06-16 20:00,24711
2020-06-16 20:05,23579
2020-06-16 20:10,22521
2020-06-16 20:15,22437
2020-06-16 20:20,22474
2020-06-16 20:25,22775
2020-06-16 20:30,23075
2020-06-16 20:35,23225
2020-06-16 20:40,23290
2020-06-16 20:45,23519
2020-06-16 20:50,23718
2020-06-16 20:55,23967
2020-06-16 21:00,24110
2020-06-16 21:05,24123
2020-06-16 21:10,24129
2020-06-16 21:15,24206
2020-06-16 21:20,24187
2020-06-16 21:25,24166
2020-06-16 21:30,24103
2020-06-16 21:35,24078
2020-06-16 21:40,24090
2020-06-16 21:45,24082
2020-06-16 21:50,24022
2020-06-16 21:55,23880
2020-06-16 22:00,23821
2020-06-16 22:05,23661
2020-06-16 22:10,23551
2020-06-16 22:15,23485
2020-06-16 22:20,23429
2020-06-16 22:25,23313
2020-06-16 22:30,23199
2020-06-16 22:35,23029
2020-06-16 22:40,0
2020-06-16 22:45,19318
2020-06-16 22:50,
2020-06-16 22:55,
2020-06-16 23:00,
2020-06-16 23:05,0
2020-06-16 23:10,16386
2020-06-16 23:15,16386
2020-06-16 23:20,18866
2020-06-16 23:25,19958
2020-06-16 23:30,20282
2020-06-16 23:35,20387
2020-06-16 23:40,20515
2020-06-16 23:45,20621
2020-06-16 23:50,20790
2020-06-16 23:55,20952
2020-06-17 00:00,21019
2020-06-17 00:05,21077
2020-06-17 00:10,21065
2020-06-17 00:15,21209
2020-06-17 00:20,21268
2020-06-17 00:25,21239
2020-06-17 00:30,21409
2020-06-17 00:35,21598
2020-06-17 00:40,21662
2020-06-17 00:45,21754
2020-06-17 00:50,21748
2020-06-17 00:55,21736
2020-06-17 01:00,21773
2020-06-17 01:05,21773
2020-06-17 01:10,21905
2020-06-17 01:15,22045
2020-06-17 01:20,22093
2020-06-17 01:25,22064
2020-06-17 01:30,22048
2020-06-17 01:35,22133
2020-06-17 01:40,22113
2020-06-17 01:45,22099
2020-06-17 01:50,22103
2020-06-17 01:55,21968
2020-06-17 02:00,21937
2020-06-17 02:05,21858
2020-06-17 02:10,21861
2020-06-17 02:15,21883
2020-06-17 02:20,21904
2020-06-17 02:25,21898
2020-06-17 02:30,21836
2020-06-17 02:35,21703
2020-06-17 02:40,21583
2020-06-17 02:45,21543
2020-06-17 02:50,21486
2020-06-17 02:55,21315
2020-06-17 03:00,21140
2020-06-17 03:05,20936
2020-06-17 03:10,20777
2020-06-17 03:15,20633
2020-06-17 03:20,20433
2020-06-17 03:25,20270
2020-06-17 03:30,20197
2020-06-17 03:35,20117
2020-06-17 03:40,19960
2020-06-17 03:45,19883
2020-06-17 03:50,19781
2020-06-17 03:55,19662
2020-06-17 04:00,19454
2020-06-17 04:05,19209
2020-06-17 04:10,18906
2020-06-17 04:15,18684
2020-06-17 04:20,18384
2020-06-17 04:25,18145
2020-06-17 04:30,17887
2020-06-17 04:35,17648
2020-06-17 04:40,17524
2020-06-17 04:45,17272
2020-06-17 04:50,16950
2020-06-17 04:55,16674
2020-06-17 05:00,16469
2020-06-17 05:05,16268
2020-06-17 05:10,15905
2020-06-17 05:15,15560
2020-06-17 05:20,15279
2020-06-17 05:25,15060
2020-06-17 05:30,14721
2020-06-17 05:35,14415
2020-06-17 05:40,14212
2020-06-17 05:45,14021
2020-06-17 05:50,13762
2020-06-17 05:55,13581
2020-06-17 06:00,13307
2020-06-17 06:05,13038
2020-06-17 06:10,12798
2020-06-17 06:15,12547
2020-06-17 06:20,12317
2020-06-17 06:25,12098
2020-06-17 06:30,11879
2020-06-17 06:35,11548
2020-06-17 06:40,11208
2020-06-17 06:45,11024
2020-06-17 06:50,10816
2020-06-17 06:55,10576
2020-06-17 07:00,10359
2020-06-17 07:05,10201
2020-06-17 07:10,9995
2020-06-17 07:15,9808
2020-06-17 07:20,9641
2020-06-17 07:25,9449
2020-06-17 07:30,9324
2020-06-17 07:35,9170
2020-06-17 07:40,9050
2020-06-17 07:45,8909
2020-06-17 07:50,8810
2020-06-17 07:55,8764
2020-06-17 08:00,8594
2020-06-17 08:05,8505
2020-06-17 08:10,8465
2020-06-17 08:15,8418
2020-06-17 08:20,8365
2020-06-17 08:25,8300
2020-06-17 08:30,8243
2020-06-17 08:35,8197
2020-06-17 08:40,8127
2020-06-17 08:45,8094
2020-06-17 08:50,8131
2020-06-17 08:55,8058
2020-06-17 09:00,8002
2020-06-17 09:05,7952
2020-06-17 09:10,7867
2020-06-17 09:15,7857
2020-06-17 09:20,7460
2020-06-17 09:25,7458
2020-06-17 09:30,7537
2020-06-17 09:35,7567
2020-06-17 09:40,7679
2020-06-17 09:45,7716
2020-06-17 09:50,7820
2020-06-17 09:55,7858
2020-06-17 10:00,7965
2020-06-17 10:05,7978
2020-06-17 10:10,8025
2020-06-17 10:15,8064
2020-06-17 10:20,8096
2020-06-17 10:25,8166
2020-06-17 10:30,8191
2020-06-17 10:35,8244
2020-06-17 10:40,8291
2020-06-17 10:45,8329
2020-06-17 10:50,8460
2020-06-17 10:55,8542
2020-06-17 11:00,8600
2020-06-17 11:05,8672
2020-06-17 11:10,8752
2020-06-17 11:15,8862
2020-06-17 11:20,8968
2020-06-17 11:25,9020
2020-06-17 11:30,9107
2020-06-17 11:35,9144
2020-06-17 11:40,9210
2020-06-17 11:45,9300
2020-06-17 11:50,9396
2020-06-17 11:55,9459
2020-06-17 12:00,9518
2020-06-17 12:05,
2020-06-17 12:10,
2020-06-17 12:15,
2020-06-17 12:20,
2020-06-17 12:25,
2020-06-17 12:30,
2020-06-17 12:35,
2020-06-17 12:40,
2020-06-17 12:45,
2020-06-17 12:50,
2020-06-17 12:55,
2020-06-17 13:00,
2020-06-17 13:05,
2020-06-17 13:10,
2020-06-17 13:15,
2020-06-17 13:20,
2020-06-17 13:25,
2020-06-17 13:30,
2020-06-17 13:35,
2020-06-17 13:40,
2020-06-17 13:45,
2020-06-17 13:50,
2020-06-17 13:55,
2020-06-17 14:00,
2020-06-17 14:05,
2020-06-17 14:10,
2020-06-17 14:15,
2020-06-17 14:20,
2020-06-17 14:25,
2020-06-17 14:30,
2020-06-17 14:35,
2020-06-17 14:40,
2020-06-17 14:45,
2020-06-17 14:50,
2020-06-17 14:55,
2020-06-17 15:00,
2020-06-17 15:05,
2020-06-17 15:10,
2020-06-17 15:15,
2020-06-17 15:20,
2020-06-17 15:25,
2020-06-17 15:30,
2020-06-17 15:35,
2020-06-17 15:40,
2020-06-17 15:45,
2020-06-17 15:50,12828
2020-06-17 15:55,13300
2020-06-17 16:00,13739
2020-06-17 16:05,14235
2020-06-17 16:10,14624
2020-06-17 16:15,14977
2020-06-17 16:20,15308
2020-06-17 16:25,15675
2020-06-17 16:30,15921
2020-06-17 16:35,16172
2020-06-17 16:40,16433
2020-06-17 16:45,16612
2020-06-17 16:50,16796
2020-06-17 16:55,16983
2020-06-17 17:00,17138
2020-06-17 17:05,17323
2020-06-17 17:10,17408
2020-06-17 17:15,17543
2020-06-17 17:20,17711
2020-06-17 17:25,17910
2020-06-17 17:30,18129
2020-06-17 17:35,18183
2020-06-17 17:40,18308
2020-06-17 17:45,18563
2020-06-17 17:50,18828
2020-06-17 17:55,18947
2020-06-17 18:00,19178
2020-06-17 18:05,19263
2020-06-17 18:10,16291
2020-06-17 18:15,16236
2020-06-17 18:20,16611
2020-06-17 18:25,16827
2020-06-17 18:30,17297
2020-06-17 18:35,17783
2020-06-17 18:40,18187
2020-06-17 18:45,18439
2020-06-17 18:50,18870
2020-06-17 18:55,19207
2020-06-17 19:00,19495
2020-06-17 19:05,19763
2020-06-17 19:10,19981
2020-06-17 19:15,20144
2020-06-17 19:20,20384
2020-06-17 19:25,20612
2020-06-17 19:30,20784
2020-06-17 19:35,20907
2020-06-17 19:40,20996
2020-06-17 19:45,21079
2020-06-17 19:50,21240
2020-06-17 19:55,21380
2020-06-17 20:00,21535
2020-06-17 20:05,21618
2020-06-17 20:10,21718
2020-06-17 20:15,21685
2020-06-17 20:20,21762
2020-06-17 20:25,21770
2020-06-17 20:30,21785
2020-06-17 20:35,21859
2020-06-17 20:40,21923
2020-06-17 20:45,21972
2020-06-17 20:50,21996
2020-06-17 20:55,21980
2020-06-17 21:00,21916
2020-06-17 21:05,21790
2020-06-17 21:10,21675
2020-06-17 21:15,21619
2020-06-17 21:20,21633
2020-06-17 21:25,21639
2020-06-17 21:30,21699
2020-06-17 21:35,21662
2020-06-17 21:40,21618
2020-06-17 21:45,21593
2020-06-17 21:50,21491
2020-06-17 21:55,21483
2020-06-17 22:00,21445
2020-06-17 22:05,21352
2020-06-17 22:10,21183
2020-06-17 22:15,21098
2020-06-17 22:20,20962
2020-06-17 22:25,20856
2020-06-17 22:30,20809
2020-06-17 22:35,20731
2020-06-17 22:40,20606
2020-06-17 22:45,20595
2020-06-17 22:50,20455
2020-06-17 22:55,20338
2020-06-17 23:00,20250
2020-06-17 23:05,20227
2020-06-17 23:10,20229
2020-06-17 23:15,20150
2020-06-17 23:20,20125
2020-06-17 23:25,20093
2020-06-17 23:30,20043
2020-06-17 23:35,19952
2020-06-17 23:40,19949
2020-06-17 23:45,19860
2020-06-17 23:50,19841
2020-06-17 23:55,19756
2020-06-18 00:00,19749
2020-06-18 00:05,19670
2020-06-18 00:10,19624
2020-06-18 00:15,19620
2020-06-18 00:20,19628
2020-06-18 00:25,19549
2020-06-18 00:30,19518
2020-06-18 00:35,19537
2020-06-18 00:40,19494
2020-06-18 00:45,19484
2020-06-18 00:50,19561
2020-06-18 00:55,19504
2020-06-18 01:00,19452
2020-06-18 01:05,19516
2020-06-18 01:10,19591
2020-06-18 01:15,19558
2020-06-18 01:20,19592
2020-06-18 01:25,19612
2020-06-18 01:30,19689
2020-06-18 01:35,19781
2020-06-18 01:40,19791
2020-06-18 01:45,19829
2020-06-18 01:50,19930
2020-06-18 01:55,19954
2020-06-18 02:00,20030
2020-06-18 02:05,20006
2020-06-18 02:10,19935
2020-06-18 02:15,19964
2020-06-18 02:20,19953
2020-06-18 02:25,19904
2020-06-18 02:30,19912
2020-06-18 02:35,19846
2020-06-18 02:40,19835
2020-06-18 02:45,19804
2020-06-18 02:50,19776
2020-06-18 02:55,19730
2020-06-18 03:00,19582
2020-06-18 03:05,19463
2020-06-18 03:10,19342
2020-06-18 03:15,19217
2020-06-18 03:20,19056
2020-06-18 03:25,18906
2020-06-18 03:30,18767
2020-06-18 03:35,18600
2020-06-18 03:40,18498
2020-06-18 03:45,18330
2020-06-18 03:50,18147
2020-06-18 03:55,17998
2020-06-18 04:00,17793
2020-06-18 04:05,17729
2020-06-18 04:10,17500
2020-06-18 04:15,17264
2020-06-18 04:20,16394
2020-06-18 04:25,14951
2020-06-18 04:30,14500
2020-06-18 04:35,14339
2020-06-18 04:40,14344
2020-06-18 04:45,14350
2020-06-18 04:50,14309
2020-06-18 04:55,14219
2020-06-18 05:00,14170
2020-06-18 05:05,14087
2020-06-18 05:10,13971
2020-06-18 05:15,13794
2020-06-18 05:20,13692
2020-06-18 05:25,13540
2020-06-18 05:30,13370
2020-06-18 05:35,13181
2020-06-18 05:40,12996
2020-06-18 05:45,12796
2020-06-18 05:50,12564
2020-06-18 05:55,12313
2020-06-18 06:00,12125
2020-06-18 06:05,11952
2020-06-18 06:10,11707
2020-06-18 06:15,11508
2020-06-18 06:20,11267
2020-06-18 06:25,11069
2020-06-18 06:30,10906
2020-06-18 06:35,10744
2020-06-18 06:40,10520
2020-06-18 06:45,10309
2020-06-18 06:50,10132
2020-06-18 06:55,9986
2020-06-18 07:00,9815
2020-06-18 07:05,9614
2020-06-18 07:10,9406
2020-06-18 07:15,9200
2020-06-18 07:20,9021
2020-06-18 07:25,8900
2020-06-18 07:30,8776
2020-06-18 07:35,8625
2020-06-18 07:40,8595
2020-06-18 07:45,8465
2020-06-18 07:50,8409
2020-06-18 07:55,8320
2020-06-18 08:00,8226
2020-06-18 08:05,8111
2020-06-18 08:10,8022
2020-06-18 08:15,7919
2020-06-18 08:20,7840
2020-06-18 08:25,7768
2020-06-18 08:30,7806
2020-06-18 08:35,7740
2020-06-18 08:40,7689
2020-06-18 08:45,7604
2020-06-18 08:50,7581
2020-06-18 08:55,7558
2020-06-18 09:00,7522
2020-06-18 09:05,7520
2020-06-18 09:10,7512
2020-06-18 09:15,7522
2020-06-18 09:20,7501
2020-06-18 09:25,7547
2020-06-18 09:30,7596
2020-06-18 09:35,7602
2020-06-18 09:40,7637
2020-06-18 09:45,7661
2020-06-18 09:50,7691
2020-06-18 09:55,7698
2020-06-18 10:00,7699
2020-06-18 10:05,7726
2020-06-18 10:10,7791
2020-06-18 10:15,7840
2020-06-18 10:20,7931
2020-06-18 10:25,7952
2020-06-18 10:30,7988
2020-06-18 10:35,8008
2020-06-18 10:40,8069
2020-06-18 10:45,8115
2020-06-18 10:50,8191
2020-06-18 10:55,8210
2020-06-18 11:00,8270
2020-06-18 11:05,8334
2020-06-18 11:10,8405
2020-06-18 11:15,8483
2020-06-18 11:20,8499
2020-06-18 11:25,8560
2020-06-18 11:30,8640
2020-06-18 11:35,8690
2020-06-18 11:40,8810
2020-06-18 11:45,8971
2020-06-18 11:50,9066
2020-06-18 11:55,9095
2020-06-18 12:00,9174
2020-06-18 12:05,9196
2020-06-18 12:10,9217
2020-06-18 12:15,9330
2020-06-18 12:20,9452
2020-06-18 12:25,9507
2020-06-18 12:30,9626
2020-06-18 12:35,9696
2020-06-18 12:40,9827
2020-06-18 12:45,9941
2020-06-18 12:50,10071
2020-06-18 12:55,10139
2020-06-18 13:00,10304
2020-06-18 13:05,10450
2020-06-18 13:10,10615
2020-06-18 13:15,10690
2020-06-18 13:20,10800
2020-06-18 13:25,10950
2020-06-18 13:30,11124
2020-06-18 13:35,11263
2020-06-18 13:40,11407
2020-06-18 13:45,11512
2020-06-18 13:50,11653
2020-06-18 13:55,11788
2020-06-18 14:00,11942
2020-06-18 14:05,12108
2020-06-18 14:10,12248
2020-06-18 14:15,12407
2020-06-18 14:20,12554
2020-06-18 14:25,12703
2020-06-18 14:30,12853
2020-06-18 14:35,12946
2020-06-18 14:40,13089
2020-06-18 14:45,13306
2020-06-18 14:50,13428
2020-06-18 14:55,13543
2020-06-18 15:00,13586
2020-06-18 15:05,13603
2020-06-18 15:10,13806
2020-06-18 15:15,13965
2020-06-18 15:20,14084
2020-06-18 15:25,14245
2020-06-18 15:30,14295
2020-06-18 15:35,14321
2020-06-18 15:40,14503
2020-06-18 15:45,14568
2020-06-18 15:50,14685
2020-06-18 15:55,14795
2020-06-18 16:00,14891
2020-06-18 16:05,14925
2020-06-18 16:10,14939
2020-06-18 16:15,14922
2020-06-18 16:20,15082
2020-06-18 16:25,15300
2020-06-18 16:30,15474
2020-06-18 16:35,15626
2020-06-18 16:40,15811
2020-06-18 16:45,15918
2020-06-18 16:50,16067
2020-06-18 16:55,16303
2020-06-18 17:00,16371
2020-06-18 17:05,16492
2020-06-18 17:10,16656
2020-06-18 17:15,16826
2020-06-18 17:20,16964
2020-06-18 17:25,17059
2020-06-18 17:30,17153
2020-06-18 17:35,17297
2020-06-18 17:40,17404
2020-06-18 17:45,17602
2020-06-18 17:50,17839
2020-06-18 17:55,18047
2020-06-18 18:00,18185
2020-06-18 18:05,18341
2020-06-18 18:10,18503
2020-06-18 18:15,18606
2020-06-18 18:20,18771
2020-06-18 18:25,18960
2020-06-18 18:30,19157
2020-06-18 18:35,19322
2020-06-18 18:40,19509
2020-06-18 18:45,19661
2020-06-18 18:50,19830
2020-06-18 18:55,19995
2020-06-18 19:00,20079
2020-06-18 19:05,20223
2020-06-18 19:10,20304
2020-06-18 19:15,20472
2020-06-18 19:20,20498
2020-06-18 19:25,20602
2020-06-18 19:30,20755
2020-06-18 19:35,20899
2020-06-18 19:40,21032
2020-06-18 19:45,21120
2020-06-18 19:50,21166
2020-06-18 19:55,21271
2020-06-18 20:00,21414
2020-06-18 20:05,21425
2020-06-18 20:10,21485
2020-06-18 20:15,21484
2020-06-18 20:20,21432
2020-06-18 20:25,21445
2020-06-18 20:30,21360
2020-06-18 20:35,21383
2020-06-18 20:40,21358
2020-06-18 20:45,21363
2020-06-18 20:50,21295
2020-06-18 20:55,21275
2020-06-18 21:00,21240
2020-06-18 21:05,21243
2020-06-18 21:10,21121
2020-06-18 21:15,21128
2020-06-18 21:20,21144
2020-06-18 21:25,21050
2020-06-18 21:30,20930
2020-06-18 21:35,20805
2020-06-18 21:40,20769
2020-06-18 21:45,20703
2020-06-18 21:50,20623
2020-06-18 21:55,20573
2020-06-18 22:00,20422
2020-06-18 22:05,20303
2020-06-18 22:10,20257
2020-06-18 22:15,20195
2020-06-18 22:20,20214
2020-06-18 22:25,20147
2020-06-18 22:30,20071
2020-06-18 22:35,19976
2020-06-18 22:40,19828
2020-06-18 22:45,19747
2020-06-18 22:50,19644
2020-06-18 22:55,19547
2020-06-18 23:00,19418
2020-06-18 23:05,19262
2020-06-18 23:10,19211
2020-06-18 23:15,19109
2020-06-18 23:20,19041
2020-06-18 23:25,19025
2020-06-18 23:30,19037
2020-06-18 23:35,18929
2020-06-18 23:40,19002
2020-06-18 23:45,18986
2020-06-18 23:50,18932
2020-06-18 23:55,18859
2020-06-19 00:00,18866
2020-06-19 00:05,18860
2020-06-19 00:10,18873
2020-06-19 00:15,18887
2020-06-19 00:20,18967
2020-06-19 00:25,18950
2020-06-19 00:30,19036
2020-06-19 00:35,19071
2020-06-19 00:40,19108
2020-06-19 00:45,19145
2020-06-19 00:50,19196
2020-06-19 00:55,19236
2020-06-19 01:00,19304
2020-06-19 01:05,19387
2020-06-19 01:10,19418
2020-06-19 01:15,19391
2020-06-19 01:20,19442
2020-06-19 01:25,19430
2020-06-19 01:30,19377
2020-06-19 01:35,19431
2020-06-19 01:40,19464
2020-06-19 01:45,19514
2020-06-19 01:50,19473
2020-06-19 01:55,19507
2020-06-19 02:00,19579
2020-06-19 02:05,19658
2020-06-19 02:10,19673
2020-06-19 02:15,19719
2020-06-19 02:20,19640
2020-06-19 02:25,19674
2020-06-19 02:30,19637
2020-06-19 02:35,19660
2020-06-19 02:40,19662
2020-06-19 02:45,19643
2020-06-19 02:50,19608
2020-06-19 02:55,19569
2020-06-19 03:00,19532
2020-06-19 03:05,19417
2020-06-19 03:10,19212
2020-06-19 03:15,19139
2020-06-19 03:20,19042
2020-06-19 03:25,18986
2020-06-19 03:30,18819
2020-06-19 03:35,18601
2020-06-19 03:40,18456
2020-06-19 03:45,18341
2020-06-19 03:50,18162
2020-06-19 03:55,18014
2020-06-19 04:00,17775
2020-06-19 04:05,17630
2020-06-19 04:10,17374
2020-06-19 04:15,17154
2020-06-19 04:20,16908
2020-06-19 04:25,16736
2020-06-19 04:30,16570
2020-06-19 04:35,16388
2020-06-19 04:40,16250
2020-06-19 04:45,16037
2020-06-19 04:50,15804
2020-06-19 04:55,15603
2020-06-19 05:00,15309
2020-06-19 05:05,15061
2020-06-19 05:10,14780
2020-06-19 05:15,14480
2020-06-19 05:20,14307
2020-06-19 05:25,14038
2020-06-19 05:30,13764
2020-06-19 05:35,13417
2020-06-19 05:40,13202
2020-06-19 05:45,12898
2020-06-19 05:50,12599
2020-06-19 05:55,12362
2020-06-19 06:00,12125
2020-06-19 06:05,11894
2020-06-19 06:10,11726
2020-06-19 06:15,11487
2020-06-19 06:20,11277
2020-06-19 06:25,11064
2020-06-19 06:30,10837
2020-06-19 06:35,10731
2020-06-19 06:40,10583
2020-06-19 06:45,10375
2020-06-19 06:50,10140
2020-06-19 06:55,9940
2020-06-19 07:00,9756
2020-06-19 07:05,9545
2020-06-19 07:10,9365
2020-06-19 07:15,9224
2020-06-19 07:20,9093
2020-06-19 07:25,8933
2020-06-19 07:30,8794
2020-06-19 07:35,8667
2020-06-19 07:40,8554
2020-06-19 07:45,8453
2020-06-19 07:50,8330
2020-06-19 07:55,8177
2020-06-19 08:00,8097
2020-06-19 08:05,7962
2020-06-19 08:10,7766
2020-06-19 08:15,7360
2020-06-19 08:20,6997
2020-06-19 08:25,6576
2020-06-19 08:30,6238
2020-06-19 08:35,6374
2020-06-19 08:40,6496
2020-06-19 08:45,6541
2020-06-19 08:50,6580
2020-06-19 08:55,6595
2020-06-19 09:00,6674
2020-06-19 09:05,6718
2020-06-19 09:10,6733
2020-06-19 09:15,6897
2020-06-19 09:20,6963
2020-06-19 09:25,7073
2020-06-19 09:30,7175
2020-06-19 09:35,7238
2020-06-19 09:40,7340
2020-06-19 09:45,7352
2020-06-19 09:50,7449
2020-06-19 09:55,7510
2020-06-19 10:00,7606
2020-06-19 10:05,7616
2020-06-19 10:10,7646
2020-06-19 10:15,7721
2020-06-19 10:20,7794
2020-06-19 10:25,7796
2020-06-19 10:30,7804
2020-06-19 10:35,7892
2020-06-19 10:40,7930
2020-06-19 10:45,7989
2020-06-19 10:50,8044
2020-06-19 10:55,8068
2020-06-19 11:00,8123
2020-06-19 11:05,8201
2020-06-19 11:10,8276
2020-06-19 11:15,8378
2020-06-19 11:20,8450
2020-06-19 11:25,8535
2020-06-19 11:30,8660
2020-06-19 11:35,8767
2020-06-19 11:40,8825
2020-06-19 11:45,8950
2020-06-19 11:50,9066
2020-06-19 11:55,9175
2020-06-19 12:00,9151
2020-06-19 12:05,9295
2020-06-19 12:10,9341
2020-06-19 12:15,9399
2020-06-19 12:20,9501
2020-06-19 12:25,9624
2020-06-19 12:30,9731
2020-06-19 12:35,9763
2020-06-19 12:40,9821
2020-06-19 12:45,9892
2020-06-19 12:50,10013
2020-06-19 12:55,10084
2020-06-19 13:00,10234
2020-06-19 13:05,10395
2020-06-19 13:10,10550
2020-06-19 13:15,10696
2020-06-19 13:20,10840
2020-06-19 13:25,11045
2020-06-19 13:30,11192
2020-06-19 13:35,11306
2020-06-19 13:40,11462
2020-06-19 13:45,11663
2020-06-19 13:50,11829
2020-06-19 13:55,11942
2020-06-19 14:00,12023
2020-06-19 14:05,12199
2020-06-19 14:10,12303
2020-06-19 14:15,12447
2020-06-19 14:20,12561
2020-06-19 14:25,12710
2020-06-19 14:30,12866
2020-06-19 14:35,12956
2020-06-19 14:40,13058
2020-06-19 14:45,13236
2020-06-19 14:50,13354
2020-06-19 14:55,13407
2020-06-19 15:00,13556
2020-06-19 15:05,13708
2020-06-19 15:10,13775
2020-06-19 15:15,13863
2020-06-19 15:20,13958
2020-06-19 15:25,14088
2020-06-19 15:30,14084
2020-06-19 15:35,14210
2020-06-19 15:40,14336
2020-06-19 15:45,14463
2020-06-19 15:50,14673
2020-06-19 15:55,14820
2020-06-19 16:00,14928
2020-06-19 16:05,14927
2020-06-19 16:10,14939
2020-06-19 16:15,14899
2020-06-19 16:20,14963
2020-06-19 16:25,15061
2020-06-19 16:30,15122
2020-06-19 16:35,15162
2020-06-19 16:40,15241
2020-06-19 16:45,
2020-06-19 16:50,15368
2020-06-19 16:55,15428
2020-06-19 17:00,15556
2020-06-19 17:05,15681
2020-06-19 17:10,15806
2020-06-19 17:15,15858
2020-06-19 17:20,15966
2020-06-19 17:25,16080
2020-06-19 17:30,16263
2020-06-19 17:35,16436
2020-06-19 17:40,16575
2020-06-19 17:45,16690
2020-06-19 17:50,16791
2020-06-19 17:55,17004
2020-06-19 18:00,17058
2020-06-19 18:05,17163
2020-06-19 18:10,17400
2020-06-19 18:15,17553
2020-06-19 18:20,17715
2020-06-19 18:25,17954
2020-06-19 18:30,18071
2020-06-19 18:35,18208
2020-06-19 18:40,18376
2020-06-19 18:45,18571
2020-06-19 18:50,18714
2020-06-19 18:55,18932
2020-06-19 19:00,19069
2020-06-19 19:05,19270
2020-06-19 19:10,19298
2020-06-19 19:15,19361
2020-06-19 19:20,19538
2020-06-19 19:25,19692
2020-06-19 19:30,19788
2020-06-19 19:35,19871
2020-06-19 19:40,20001
2020-06-19 19:45,20064
2020-06-19 19:50,20110
2020-06-19 19:55,20254
2020-06-19 20:00,20304
2020-06-19 20:05,20405
2020-06-19 20:10,20460
2020-06-19 20:15,20583
2020-06-19 20:20,20607
2020-06-19 20:25,20690
2020-06-19 20:30,20787
2020-06-19 20:35,20840
2020-06-19 20:40,20898
2020-06-19 20:45,20993
2020-06-19 20:50,21017
2020-06-19 20:55,21033
2020-06-19 21:00,21079
2020-06-19 21:05,21105
2020-06-19 21:10,21103
2020-06-19 21:15,21120
2020-06-19 21:20,21143
2020-06-19 21:25,21174
2020-06-19 21:30,21194
2020-06-19 21:35,21185
2020-06-19 21:40,21141
2020-06-19 21:45,21161
2020-06-19 21:50,21194
2020-06-19 21:55,21146
2020-06-19 22:00,21086
2020-06-19 22:05,20984
2020-06-19 22:10,20892
2020-06-19 22:15,20820
2020-06-19 22:20,20747
2020-06-19 22:25,20532
2020-06-19 22:30,20454
2020-06-19 22:35,20414
2020-06-19 22:40,20410
2020-06-19 22:45,20281
2020-06-19 22:50,20264
2020-06-19 22:55,20152
2020-06-19 23:00,19953
2020-06-19 23:05,19819
2020-06-19 23:10,19820
2020-06-19 23:15,19756
2020-06-19 23:20,19621
2020-06-19 23:25,19579
2020-06-19 23:30,19522
2020-06-19 23:35,19488
2020-06-19 23:40,19351
2020-06-19 23:45,19225
2020-06-19 23:50,19165
2020-06-19 23:55,19091
2020-06-20 00:00,19125
2020-06-20 00:05,19095
2020-06-20 00:10,19047
2020-06-20 00:15,19039
2020-06-20 00:20,18962
2020-06-20 00:25,18945
2020-06-20 00:30,18893
2020-06-20 00:35,18854
2020-06-20 00:40,18818
2020-06-20 00:45,18735
2020-06-20 00:50,18767
2020-06-20 00:55,18730
2020-06-20 01:00,18662
2020-06-20 01:05,18712
2020-06-20 01:10,18751
2020-06-20 01:15,18812
2020-06-20 01:20,18849
2020-06-20 01:25,18864
2020-06-20 01:30,18888
2020-06-20 01:35,18860
2020-06-20 01:40,19026
2020-06-20 01:45,19104
2020-06-20 01:50,19201
2020-06-20 01:55,19344
2020-06-20 02:00,19388
2020-06-20 02:05,19513
2020-06-20 02:10,19616
2020-06-20 02:15,19702
2020-06-20 02:20,19777
2020-06-20 02:25,19819
2020-06-20 02:30,19874
2020-06-20 02:35,19913
2020-06-20 02:40,19939
2020-06-20 02:45,19959
2020-06-20 02:50,20008
2020-06-20 02:55,20100
2020-06-20 03:00,20061
2020-06-20 03:05,20046
2020-06-20 03:10,19951
2020-06-20 03:15,20016
2020-06-20 03:20,19994
2020-06-20 03:25,20065
2020-06-20 03:30,20007
2020-06-20 03:35,19936
2020-06-20 03:40,19779
2020-06-20 03:45,19733
2020-06-20 03:50,19714
2020-06-20 03:55,19657
2020-06-20 04:00,19523
2020-06-20 04:05,19394
2020-06-20 04:10,19213
2020-06-20 04:15,19010
2020-06-20 04:20,18805
2020-06-20 04:25,18716
2020-06-20 04:30,18619
2020-06-20 04:35,18353
2020-06-20 04:40,18186
2020-06-20 04:45,17942
2020-06-20 04:50,17719
2020-06-20 04:55,17523
2020-06-20 05:00,17385
2020-06-20 05:05,17108
2020-06-20 05:10,16834
2020-06-20 05:15,16590
2020-06-20 05:20,16408
2020-06-20 05:25,16192
2020-06-20 05:30,16025
2020-06-20 05:35,15810
2020-06-20 05:40,15514
2020-06-20 05:45,15315
2020-06-20 05:50,15053
2020-06-20 05:55,14785
2020-06-20 06:00,14604
2020-06-20 06:05,14303
2020-06-20 06:10,14013
2020-06-20 06:15,13771
2020-06-20 06:20,13481
2020-06-20 06:25,13201
2020-06-20 06:30,12934
2020-06-20 06:35,12670
2020-06-20 06:40,12446
2020-06-20 06:45,12177
2020-06-20 06:50,12004
2020-06-20 06:55,11756
2020-06-20 07:00,11546
2020-06-20 07:05,11354
2020-06-20 07:10,11090
2020-06-20 07:15,10932
2020-06-20 07:20,10766
2020-06-20 07:25,10515
2020-06-20 07:30,10336
2020-06-20 07:35,10185
2020-06-20 07:40,10041
2020-06-20 07:45,9930
2020-06-20 07:50,9810
2020-06-20 07:55,9672
2020-06-20 08:00,9531
2020-06-20 08:05,9440
2020-06-20 08:10,9354
2020-06-20 08:15,9208
2020-06-20 08:20,9145
2020-06-20 08:25,9030
2020-06-20 08:30,8966
2020-06-20 08:35,8889
2020-06-20 08:40,8857
2020-06-20 08:45,8813
2020-06-20 08:50,8761
2020-06-20 08:55,8679
2020-06-20 09:00,8629
2020-06-20 09:05,8581
2020-06-20 09:10,8566
2020-06-20 09:15,8576
2020-06-20 09:20,8627
2020-06-20 09:25,8659
2020-06-20 09:30,8647
2020-06-20 09:35,8670
2020-06-20 09:40,8651
2020-06-20 09:45,8691
2020-06-20 09:50,8709
2020-06-20 09:55,8762
2020-06-20 10:00,8797
2020-06-20 10:05,8858
2020-06-20 10:10,8821
2020-06-20 10:15,8892
2020-06-20 10:20,8912
2020-06-20 10:25,8977
2020-06-20 10:30,9023
2020-06-20 10:35,9047
2020-06-20 10:40,9104
2020-06-20 10:45,9164
2020-06-20 10:50,9236
2020-06-20 10:55,9317
2020-06-20 11:00,9361
2020-06-20 11:05,9413
2020-06-20 11:10,9436
2020-06-20 11:15,9460
2020-06-20 11:20,9504
2020-06-20 11:25,9573
2020-06-20 11:30,9749
2020-06-20 11:35,9784
2020-06-20 11:40,9783
2020-06-20 11:45,9816
2020-06-20 11:50,9827
2020-06-20 11:55,9870
2020-06-20 12:00,9880
2020-06-20 12:05,9981
2020-06-20 12:10,10111
2020-06-20 12:15,10188
2020-06-20 12:20,10324
2020-06-20 12:25,10406
2020-06-20 12:30,10615
2020-06-20 12:35,10743
2020-06-20 12:40,10829
2020-06-20 12:45,10829
2020-06-20 12:50,10897
2020-06-20 12:55,11005
2020-06-20 13:00,11177
2020-06-20 13:05,11292
2020-06-20 13:10,11411
2020-06-20 13:15,11581
2020-06-20 13:20,11826
2020-06-20 13:25,11967
2020-06-20 13:30,12096
2020-06-20 13:35,12273
2020-06-20 13:40,12363
2020-06-20 13:45,12493
2020-06-20 13:50,12690
2020-06-20 13:55,12771
2020-06-20 14:00,12870
2020-06-20 14:05,12983
2020-06-20 14:10,13057
2020-06-20 14:15,13216
2020-06-20 14:20,13281
2020-06-20 14:25,13398
2020-06-20 14:30,13472
2020-06-20 14:35,13639
2020-06-20 14:40,13819
2020-06-20 14:45,13964
2020-06-20 14:50,14093
2020-06-20 14:55,14168
2020-06-20 15:00,14298
2020-06-20 15:05,14430
2020-06-20 15:10,14501
2020-06-20 15:15,14606
2020-06-20 15:20,14759
2020-06-20 15:25,14813
2020-06-20 15:30,14897
2020-06-20 15:35,14978
2020-06-20 15:40,15043
2020-06-20 15:45,15093
2020-06-20 15:50,15161
2020-06-20 15:55,15234
2020-06-20 16:00,15366
2020-06-20 16:05,15506
2020-06-20 16:10,15528
2020-06-20 16:15,15671
2020-06-20 16:20,15766
2020-06-20 16:25,15885
2020-06-20 16:30,15957
2020-06-20 16:35,16096
2020-06-20 16:40,16234
2020-06-20 16:45,16311
2020-06-20 16:50,16386
2020-06-20 16:55,16440
2020-06-20 17:00,16525
2020-06-20 17:05,16610
2020-06-20 17:10,16704
2020-06-20 17:15,16835
2020-06-20 17:20,16948
2020-06-20 17:25,17084
2020-06-20 17:30,17257
2020-06-20 17:35,17408
2020-06-20 17:40,17470
2020-06-20 17:45,17604
2020-06-20 17:50,17761
2020-06-20 17:55,17835
2020-06-20 18:00,17964
2020-06-20 18:05,18142
2020-06-20 18:10,18337
2020-06-20 18:15,18543
2020-06-20 18:20,18686
2020-06-20 18:25,18883
2020-06-20 18:30,19027
2020-06-20 18:35,19182
2020-06-20 18:40,19326
2020-06-20 18:45,19464
2020-06-20 18:50,19608
2020-06-20 18:55,19716
2020-06-20 19:00,19892
2020-06-20 19:05,20055
2020-06-20 19:10,20191
2020-06-20 19:15,20288
2020-06-20 19:20,20398
2020-06-20 19:25,20580
2020-06-20 19:30,20708
2020-06-20 19:35,20872
2020-06-20 19:40,21050
2020-06-20 19:45,21200
2020-06-20 19:50,21339
2020-06-20 19:55,21472
2020-06-20 20:00,21583
2020-06-20 20:05,21639
2020-06-20 20:10,21698
2020-06-20 20:15,21782
2020-06-20 20:20,21827
2020-06-20 20:25,21946
2020-06-20 20:30,21960
2020-06-20 20:35,22030
2020-06-20 20:40,22081
2020-06-20 20:45,22217
2020-06-20 20:50,22263
2020-06-20 20:55,22336
2020-06-20 21:00,22398
2020-06-20 21:05,22411
2020-06-20 21:10,22283
2020-06-20 21:15,22322
2020-06-20 21:20,22352
2020-06-20 21:25,22384
2020-06-20 21:30,22284
2020-06-20 21:35,22279
2020-06-20 21:40,22359
2020-06-20 21:45,22291
2020-06-20 21:50,22117
2020-06-20 21:55,22061
2020-06-20 22:00,22002
2020-06-20 22:05,21880
2020-06-20 22:10,21776
2020-06-20 22:15,21681
2020-06-20 22:20,21520
2020-06-20 22:25,21378
2020-06-20 22:30,21229
2020-06-20 22:35,21170
2020-06-20 22:40,21031
2020-06-20 22:45,20896
2020-06-20 22:50,20799
2020-06-20 22:55,20691
2020-06-20 23:00,20690
2020-06-20 23:05,20543
2020-06-20 23:10,20453
2020-06-20 23:15,20333
2020-06-20 23:20,20247
2020-06-20 23:25,20099
2020-06-20 23:30,19926
2020-06-20 23:35,19874
2020-06-20 23:40,19799
2020-06-20 23:45,19675
2020-06-20 23:50,19627
2020-06-20 23:55,19580
2020-06-21 00:00,19442
2020-06-21 00:05,19334
2020-06-21 00:10,19225
2020-06-21 00:15,19169
2020-06-21 00:20,19032
2020-06-21 00:25,18926
2020-06-21 00:30,18865
2020-06-21 00:35,18731
2020-06-21 00:40,18648
2020-06-21 00:45,18581
2020-06-21 00:50,18547
2020-06-21 00:55,18588
2020-06-21 01:00,18582
2020-06-21 01:05,18594
2020-06-21 01:10,18645
2020-06-21 01:15,18696
2020-06-21 01:20,18750
2020-06-21 01:25,18770
2020-06-21 01:30,18757
2020-06-21 01:35,18769
2020-06-21 01:40,18846
2020-06-21 01:45,18963
2020-06-21 01:50,19044
2020-06-21 01:55,19192
2020-06-21 02:00,19191
2020-06-21 02:05,19227
2020-06-21 02:10,19258
2020-06-21 02:15,19266
2020-06-21 02:20,19315
2020-06-21 02:25,19409
2020-06-21 02:30,19411
2020-06-21 02:35,19359
2020-06-21 02:40,19393
2020-06-21 02:45,19443
2020-06-21 02:50,19445
2020-06-21 02:55,19471
2020-06-21 03:00,19441
2020-06-21 03:05,19476
2020-06-21 03:10,19407
2020-06-21 03:15,19451
2020-06-21 03:20,19390
2020-06-21 03:25,19388
2020-06-21 03:30,19325
2020-06-21 03:35,19266
2020-06-21 03:40,19255
2020-06-21 03:45,19199
2020-06-21 03:50,19166
2020-06-21 03:55,19111
2020-06-21 04:00,19033
2020-06-21 04:05,18959
2020-06-21 04:10,18940
2020-06-21 04:15,18829
2020-06-21 04:20,18774
2020-06-21 04:25,18548
2020-06-21 04:30,18450
2020-06-21 04:35,18322
2020-06-21 04:40,18178
2020-06-21 04:45,17956
2020-06-21 04:50,17708
2020-06-21 04:55,17554
2020-06-21 05:00,17442
2020-06-21 05:05,17167
2020-06-21 05:10,16899
2020-06-21 05:15,16691
2020-06-21 05:20,16532
2020-06-21 05:25,16289
2020-06-21 05:30,16069
2020-06-21 05:35,15784
2020-06-21 05:40,15684
2020-06-21 05:45,15526
2020-06-21 05:50,15282
2020-06-21 05:55,15050
2020-06-21 06:00,14735
2020-06-21 06:05,14448
2020-06-21 06:10,14213
2020-06-21 06:15,13967
2020-06-21 06:20,13657
2020-06-21 06:25,13421
2020-06-21 06:30,13194
2020-06-21 06:35,12970
2020-06-21 06:40,12761
2020-06-21 06:45,12538
2020-06-21 06:50,12320
2020-06-21 06:55,11999
2020-06-21 07:00,11785
2020-06-21 07:05,11574
2020-06-21 07:10,11388
2020-06-21 07:15,11205
2020-06-21 07:20,10965
2020-06-21 07:25,10799
2020-06-21 07:30,10578
2020-06-21 07:35,10419
2020-06-21 07:40,10283
2020-06-21 07:45,10160
2020-06-21 07:50,10084
2020-06-21 07:55,9943
2020-06-21 08:00,9802
2020-06-21 08:05,9676
2020-06-21 08:10,9566
2020-06-21 08:15,9362
2020-06-21 08:20,9279
2020-06-21 08:25,9246
2020-06-21 08:30,9179
2020-06-21 08:35,9152
2020-06-21 08:40,9128
2020-06-21 08:45,9056
2020-06-21 08:50,9002
2020-06-21 08:55,8955
2020-06-21 09:00,8883
2020-06-21 09:05,8891
2020-06-21 09:10,8955
2020-06-21 09:15,8967
2020-06-21 09:20,9008
2020-06-21 09:25,9041
2020-06-21 09:30,9114
2020-06-21 09:35,9139
2020-06-21 09:40,9138
2020-06-21 09:45,9172
2020-06-21 09:50,9158
2020-06-21 09:55,9159
2020-06-21 10:00,9171
2020-06-21 10:05,9153
2020-06-21 10:10,9208
2020-06-21 10:15,9247
2020-06-21 10:20,9322
2020-06-21 10:25,9387
2020-06-21 10:30,9418
2020-06-21 10:35,9452
2020-06-21 10:40,9518
2020-06-21 10:45,9542
2020-06-21 10:50,9605
2020-06-21 10:55,9661
2020-06-21 11:00,9715
2020-06-21 11:05,9779
2020-06-21 11:10,9883
2020-06-21 11:15,9949
2020-06-21 11:20,10050
2020-06-21 11:25,10134
2020-06-21 11:30,10212
2020-06-21 11:35,10240
2020-06-21 11:40,10323
2020-06-21 11:45,10384
2020-06-21 11:50,10452
2020-06-21 11:55,10506
2020-06-21 12:00,10622
2020-06-21 12:05,10693
2020-06-21 12:10,10756
2020-06-21 12:15,10825
2020-06-21 12:20,10902
2020-06-21 12:25,11041
2020-06-21 12:30,11188
2020-06-21 12:35,11303
2020-06-21 12:40,11440
2020-06-21 12:45,11558
2020-06-21 12:50,11677
2020-06-21 12:55,11811
2020-06-21 13:00,11934
2020-06-21 13:05,12009
2020-06-21 13:10,12190
2020-06-21 13:15,12381
2020-06-21 13:20,12579
2020-06-21 13:25,12765
2020-06-21 13:30,12821
2020-06-21 13:35,12973
2020-06-21 13:40,13120
2020-06-21 13:45,13243
2020-06-21 13:50,13372
2020-06-21 13:55,13476
2020-06-21 14:00,13526
2020-06-21 14:05,13634
2020-06-21 14:10,13777
2020-06-21 14:15,13889
2020-06-21 14:20,14076
2020-06-21 14:25,14265
2020-06-21 14:30,14368
2020-06-21 14:35,14512
2020-06-21 14:40,14651
2020-06-21 14:45,14770
2020-06-21 14:50,14882
2020-06-21 14:55,15021
2020-06-21 15:00,15116
2020-06-21 15:05,15280
2020-06-21 15:10,15374
2020-06-21 15:15,15533
2020-06-21 15:20,15645
2020-06-21 15:25,15677
2020-06-21 15:30,15775
2020-06-21 15:35,15816
2020-06-21 15:40,15864
2020-06-21 15:45,15945
2020-06-21 15:50,16069
2020-06-21 15:55,16225
2020-06-21 16:00,16266
2020-06-21 16:05,16338
2020-06-21 16:10,16432
2020-06-21 16:15,16605
2020-06-21 16:20,16734
2020-06-21 16:25,16844
2020-06-21 16:30,16996
2020-06-21 16:35,17168
2020-06-21 16:40,17284
2020-06-21 16:45,17468
2020-06-21 16:50,17548
2020-06-21 16:55,17675
2020-06-21 17:00,17782
2020-06-21 17:05,17916
2020-06-21 17:10,18137
2020-06-21 17:15,18226
2020-06-21 17:20,18386
2020-06-21 17:25,18535
2020-06-21 17:30,18698
2020-06-21 17:35,18859
2020-06-21 17:40,19056
2020-06-21 17:45,19169
2020-06-21 17:50,19336
2020-06-21 17:55,19496
2020-06-21 18:00,19718
2020-06-21 18:05,19865
2020-06-21 18:10,19945
2020-06-21 18:15,20087
2020-06-21 18:20,20252
2020-06-21 18:25,20435
2020-06-21 18:30,20652
2020-06-21 18:35,20750
2020-06-21 18:40,20365
2020-06-21 18:45,20474
2020-06-21 18:50,20707
2020-06-21 18:55,20872
2020-06-21 19:00,21075
2020-06-21 19:05,21254
2020-06-21 19:10,21397
2020-06-21 19:15,21647
2020-06-21 19:20,21801
2020-06-21 19:25,21937
2020-06-21 19:30,22123
2020-06-21 19:35,22288
2020-06-21 19:40,22518
2020-06-21 19:45,22622
2020-06-21 19:50,22663
2020-06-21 19:55,22677
2020-06-21 20:00,22785
2020-06-21 20:05,22858
2020-06-21 20:10,22984
2020-06-21 20:15,23018
2020-06-21 20:20,23095
2020-06-21 20:25,23169
2020-06-21 20:30,23211
2020-06-21 20:35,23249
2020-06-21 20:40,23292
2020-06-21 20:45,23238
2020-06-21 20:50,23118
2020-06-21 20:55,22919
2020-06-21 21:00,22835
2020-06-21 21:05,22836
2020-06-21 21:10,22786
2020-06-21 21:15,22696
2020-06-21 21:20,22575
2020-06-21 21:25,22532
2020-06-21 21:30,22487
2020-06-21 21:35,22352
2020-06-21 21:40,22241
2020-06-21 21:45,22118
2020-06-21 21:50,21918
2020-06-21 21:55,21634
2020-06-21 22:00,21578
2020-06-21 22:05,21451
2020-06-21 22:10,21322
2020-06-21 22:15,21210
2020-06-21 22:20,21132
2020-06-21 22:25,21001
2020-06-21 22:30,20959
2020-06-21 22:35,20754
2020-06-21 22:40,20645
2020-06-21 22:45,20616
2020-06-21 22:50,20577
2020-06-21 22:55,20479
2020-06-21 23:00,20218
2020-06-21 23:05,20058
2020-06-21 23:10,19964
2020-06-21 23:15,19801
2020-06-21 23:20,19626
2020-06-21 23:25,19567
2020-06-21 23:30,19561
2020-06-21 23:35,19508
2020-06-21 23:40,19436
2020-06-21 23:45,19397
2020-06-21 23:50,19321
2020-06-21 23:55,19288
2020-06-22 00:00,19174
2020-06-22 00:05,19088
2020-06-22 00:10,19026
2020-06-22 00:15,18944
2020-06-22 00:20,18925
2020-06-22 00:25,18957
2020-06-22 00:30,18853
2020-06-22 00:35,18820
2020-06-22 00:40,18846
2020-06-22 00:45,18883
2020-06-22 00:50,18920
2020-06-22 00:55,18982
2020-06-22 01:00,19000
2020-06-22 01:05,18940
2020-06-22 01:10,18975
2020-06-22 01:15,18959
2020-06-22 01:20,18999
2020-06-22 01:25,19075
2020-06-22 01:30,19045
2020-06-22 01:35,19114
2020-06-22 01:40,19135
2020-06-22 01:45,19259
2020-06-22 01:50,19339
2020-06-22 01:55,19269
2020-06-22 02:00,19296
2020-06-22 02:05,19319
2020-06-22 02:10,19386
2020-06-22 02:15,19368
2020-06-22 02:20,19407
2020-06-22 02:25,19423
2020-06-22 02:30,19391
2020-06-22 02:35,19334
2020-06-22 02:40,19248
2020-06-22 02:45,19328
2020-06-22 02:50,19229
2020-06-22 02:55,19229
2020-06-22 03:00,19154
2020-06-22 03:05,19055
2020-06-22 03:10,18891
2020-06-22 03:15,18763
2020-06-22 03:20,18632
2020-06-22 03:25,18570
2020-06-22 03:30,18559
2020-06-22 03:35,18491
2020-06-22 03:40,18395
2020-06-22 03:45,18330
2020-06-22 03:50,18186
2020-06-22 03:55,17978
2020-06-22 04:00,17793
2020-06-22 04:05,17630
2020-06-22 04:10,17380
2020-06-22 04:15,17176
2020-06-22 04:20,17026
2020-06-22 04:25,16836
2020-06-22 04:30,16672
2020-06-22 04:35,16515
2020-06-22 04:40,16369
2020-06-22 04:45,16162
2020-06-22 04:50,15934
2020-06-22 04:55,15756
2020-06-22 05:00,15453
2020-06-22 05:05,15168
2020-06-22 05:10,14932
2020-06-22 05:15,14641
2020-06-22 05:20,14275
2020-06-22 05:25,14098
2020-06-22 05:30,13906
2020-06-22 05:35,13706
2020-06-22 05:40,13575
2020-06-22 05:45,13343
2020-06-22 05:50,13023
2020-06-22 05:55,12785
2020-06-22 06:00,12550
2020-06-22 06:05,12374
2020-06-22 06:10,12110
2020-06-22 06:15,11948
2020-06-22 06:20,11731
2020-06-22 06:25,11532
2020-06-22 06:30,11310
2020-06-22 06:35,11108
2020-06-22 06:40,10887
2020-06-22 06:45,10706
2020-06-22 06:50,10519
2020-06-22 06:55,10340
2020-06-22 07:00,10115
2020-06-22 07:05,9968
2020-06-22 07:10,9783
2020-06-22 07:15,9542
2020-06-22 07:20,9374
2020-06-22 07:25,9208
2020-06-22 07:30,9077
2020-06-22 07:35,8929
2020-06-22 07:40,8845
2020-06-22 07:45,8696
2020-06-22 07:50,8552
2020-06-22 07:55,8385
2020-06-22 08:00,8202
2020-06-22 08:05,8128
2020-06-22 08:10,8109
2020-06-22 08:15,8035
2020-06-22 08:20,7942
2020-06-22 08:25,7813
2020-06-22 08:30,7803
2020-06-22 08:35,7718
2020-06-22 08:40,7647
2020-06-22 08:45,7606
2020-06-22 08:50,7496
2020-06-22 08:55,7514
2020-06-22 09:00,7550
2020-06-22 09:05,7515
2020-06-22 09:10,7510
2020-06-22 09:15,7513
2020-06-22 09:20,7488
2020-06-22 09:25,7523
2020-06-22 09:30,7547
2020-06-22 09:35,7517
2020-06-22 09:40,7531
2020-06-22 09:45,7501
2020-06-22 09:50,7467
2020-06-22 09:55,7502
2020-06-22 10:00,7519
2020-06-22 10:05,7556
2020-06-22 10:10,7560
2020-06-22 10:15,7614
2020-06-22 10:20,7656
2020-06-22 10:25,7676
2020-06-22 10:30,7707
2020-06-22 10:35,7695
2020-06-22 10:40,7794
2020-06-22 10:45,7847
2020-06-22 10:50,7867
2020-06-22 10:55,7974
2020-06-22 11:00,8004
2020-06-22 11:05,8026
2020-06-22 11:10,8142
2020-06-22 11:15,8229
2020-06-22 11:20,8276
2020-06-22 11:25,8304
2020-06-22 11:30,8385
2020-06-22 11:35,8487
2020-06-22 11:40,8538
2020-06-22 11:45,8584
2020-06-22 11:50,8661
2020-06-22 11:55,8719
2020-06-22 12:00,8797
2020-06-22 12:05,8876
2020-06-22 12:10,8945
2020-06-22 12:15,9016
2020-06-22 12:20,9069
2020-06-22 12:25,9055
2020-06-22 12:30,9202
2020-06-22 12:35,9344
2020-06-22 12:40,9492
2020-06-22 12:45,9511
2020-06-22 12:50,9619
2020-06-22 12:55,9704
2020-06-22 13:00,9838
2020-06-22 13:05,9970
2020-06-22 13:10,9983
2020-06-22 13:15,10113
2020-06-22 13:20,10290
2020-06-22 13:25,10465
2020-06-22 13:30,10599
2020-06-22 13:35,10657
2020-06-22 13:40,10786
2020-06-22 13:45,10846
2020-06-22 13:50,11049
2020-06-22 13:55,11086
2020-06-22 14:00,11161
2020-06-22 14:05,11271
2020-06-22 14:10,11413
2020-06-22 14:15,11581
2020-06-22 14:20,11668
2020-06-22 14:25,11739
2020-06-22 14:30,11815
2020-06-22 14:35,11955
2020-06-22 14:40,12080
2020-06-22 14:45,12249
2020-06-22 14:50,12336
2020-06-22 14:55,12507
2020-06-22 15:00,12630
2020-06-22 15:05,12622
2020-06-22 15:10,12812
2020-06-22 15:15,12957
2020-06-22 15:20,13140
2020-06-22 15:25,13323
2020-06-22 15:30,13522
2020-06-22 15:35,13677
2020-06-22 15:40,13869
2020-06-22 15:45,14066
2020-06-22 15:50,14137
2020-06-22 15:55,14276
2020-06-22 16:00,14443
2020-06-22 16:05,14603
2020-06-22 16:10,14791
2020-06-22 16:15,14976
2020-06-22 16:20,15116
2020-06-22 16:25,15339
2020-06-22 16:30,15539
2020-06-22 16:35,15658
2020-06-22 16:40,15841
2020-06-22 16:45,15950
2020-06-22 16:50,16217
2020-06-22 16:55,16355
2020-06-22 17:00,16603
2020-06-22 17:05,16802
2020-06-22 17:10,16923
2020-06-22 17:15,17161
2020-06-22 17:20,17243
2020-06-22 17:25,17416
2020-06-22 17:30,17543
2020-06-22 17:35,17741
2020-06-22 17:40,17987
2020-06-22 17:45,18145
2020-06-22 17:50,18373
2020-06-22 17:55,18607
2020-06-22 18:00,18770
2020-06-22 18:05,18962
2020-06-22 18:10,19227
2020-06-22 18:15,19503
2020-06-22 18:20,19702
2020-06-22 18:25,19894
2020-06-22 18:30,20077
2020-06-22 18:35,20277
2020-06-22 18:40,20491
2020-06-22 18:45,20739
2020-06-22 18:50,20956
2020-06-22 18:55,21122
2020-06-22 19:00,21266
2020-06-22 19:05,21387
2020-06-22 19:10,21595
2020-06-22 19:15,21724
2020-06-22 19:20,21769
2020-06-22 19:25,21956
2020-06-22 19:30,22129
2020-06-22 19:35,22268
2020-06-22 19:40,22501
2020-06-22 19:45,22750
2020-06-22 19:50,22812
2020-06-22 19:55,22880
2020-06-22 20:00,22903
2020-06-22 20:05,22937
2020-06-22 20:10,22976
2020-06-22 20:15,23000
2020-06-22 20:20,22961
2020-06-22 20:25,22976
2020-06-22 20:30,23044
2020-06-22 20:35,22956
2020-06-22 20:40,22964
2020-06-22 20:45,22965
2020-06-22 20:50,22789
2020-06-22 20:55,22656
2020-06-22 21:00,22559
2020-06-22 21:05,22582
2020-06-22 21:10,22563
2020-06-22 21:15,22540
2020-06-22 21:20,22607
2020-06-22 21:25,22398
2020-06-22 21:30,22399
2020-06-22 21:35,22388
2020-06-22 21:40,22280
2020-06-22 21:45,22269
2020-06-22 21:50,22125
2020-06-22 21:55,22036
2020-06-22 22:00,21906
2020-06-22 22:05,21896
2020-06-22 22:10,21762
2020-06-22 22:15,21652
2020-06-22 22:20,21507
2020-06-22 22:25,21432
2020-06-22 22:30,21442
2020-06-22 22:35,21371
2020-06-22 22:40,21442
2020-06-22 22:45,21397
2020-06-22 22:50,21267
2020-06-22 22:55,21177
2020-06-22 23:00,21003
2020-06-22 23:05,21008
2020-06-22 23:10,20915
2020-06-22 23:15,20881
2020-06-22 23:20,20823
2020-06-22 23:25,20864
2020-06-22 23:30,20810
2020-06-22 23:35,20868
2020-06-22 23:40,20878
2020-06-22 23:45,20920
2020-06-22 23:50,20963
2020-06-22 23:55,20944
2020-06-23 00:00,20938
2020-06-23 00:05,20990
2020-06-23 00:10,20894
2020-06-23 00:15,20936
2020-06-23 00:20,20985
2020-06-23 00:25,20916
2020-06-23 00:30,20844
2020-06-23 00:35,20871
2020-06-23 00:40,20935
2020-06-23 00:45,21049
2020-06-23 00:50,21196
2020-06-23 00:55,21232
2020-06-23 01:00,21283
2020-06-23 01:05,21308
2020-06-23 01:10,21350
2020-06-23 01:15,21347
2020-06-23 01:20,21482
2020-06-23 01:25,21533
2020-06-23 01:30,21584
2020-06-23 01:35,21686
2020-06-23 01:40,21770
2020-06-23 01:45,21687
2020-06-23 01:50,21661
2020-06-23 01:55,21660
2020-06-23 02:00,21627
2020-06-23 02:05,21547
2020-06-23 02:10,21602
2020-06-23 02:15,21573
2020-06-23 02:20,21495
2020-06-23 02:25,21568
2020-06-23 02:30,21541
2020-06-23 02:35,21452
2020-06-23 02:40,21370
2020-06-23 02:45,21356
2020-06-23 02:50,21284
2020-06-23 02:55,21189
2020-06-23 03:00,21087
2020-06-23 03:05,21051
2020-06-23 03:10,21015
2020-06-23 03:15,20917
2020-06-23 03:20,20693
2020-06-23 03:25,20546
2020-06-23 03:30,20380
2020-06-23 03:35,20193
2020-06-23 03:40,20057
2020-06-23 03:45,19902
2020-06-23 03:50,19615
2020-06-23 03:55,19405
2020-06-23 04:00,19187
2020-06-23 04:05,18994
2020-06-23 04:10,18751
2020-06-23 04:15,18495
2020-06-23 04:20,18243
2020-06-23 04:25,18022
2020-06-23 04:30,17771
2020-06-23 04:35,17406
2020-06-23 04:40,17164
2020-06-23 04:45,16988
2020-06-23 04:50,16729
2020-06-23 04:55,16487
2020-06-23 05:00,16177
2020-06-23 05:05,15904
2020-06-23 05:10,15708
2020-06-23 05:15,15481
2020-06-23 05:20,15199
2020-06-23 05:25,14836
2020-06-23 05:30,14583
2020-06-23 05:35,14371
2020-06-23 05:40,14112
2020-06-23 05:45,13890
2020-06-23 05:50,13697
2020-06-23 05:55,13460
2020-06-23 06:00,13193
2020-06-23 06:05,12940
2020-06-23 06:10,12635
2020-06-23 06:15,12386
2020-06-23 06:20,12078
2020-06-23 06:25,11857
2020-06-23 06:30,11721
2020-06-23 06:35,11522
2020-06-23 06:40,11356
2020-06-23 06:45,11108
2020-06-23 06:50,10929
2020-06-23 06:55,10739
2020-06-23 07:00,10550
2020-06-23 07:05,10301
2020-06-23 07:10,10054
2020-06-23 07:15,9806
2020-06-23 07:20,9676
2020-06-23 07:25,9560
2020-06-23 07:30,9397
2020-06-23 07:35,9224
2020-06-23 07:40,9073
2020-06-23 07:45,8946
2020-06-23 07:50,8817
2020-06-23 07:55,8709
2020-06-23 08:00,8635
2020-06-23 08:05,8533
2020-06-23 08:10,8474
2020-06-23 08:15,8378
2020-06-23 08:20,8344
2020-06-23 08:25,8323
2020-06-23 08:30,8306
2020-06-23 08:35,8187
2020-06-23 08:40,8096
2020-06-23 08:45,8080
2020-06-23 08:50,8046
2020-06-23 08:55,7988
2020-06-23 09:00,7945
2020-06-23 09:05,7948
2020-06-23 09:10,7975
2020-06-23 09:15,7838
2020-06-23 09:20,6938
2020-06-23 09:25,6963
2020-06-23 09:30,7037
2020-06-23 09:35,7151
2020-06-23 09:40,7268
2020-06-23 09:45,7341
2020-06-23 09:50,7425
2020-06-23 09:55,7564
2020-06-23 10:00,7667
2020-06-23 10:05,7676
2020-06-23 10:10,7812
2020-06-23 10:15,7855
2020-06-23 10:20,7915
2020-06-23 10:25,8001
2020-06-23 10:30,8058
2020-06-23 10:35,8117
2020-06-23 10:40,8202
2020-06-23 10:45,8266
2020-06-23 10:50,8342
2020-06-23 10:55,8456
2020-06-23 11:00,8501
2020-06-23 11:05,8476
2020-06-23 11:10,8501
2020-06-23 11:15,8614
2020-06-23 11:20,8681
2020-06-23 11:25,8741
2020-06-23 11:30,8804
2020-06-23 11:35,8880
2020-06-23 11:40,8946
2020-06-23 11:45,9115
2020-06-23 11:50,9204
2020-06-23 11:55,9250
2020-06-23 12:00,9329
2020-06-23 12:05,
2020-06-23 12:10,9499
2020-06-23 12:15,9553
2020-06-23 12:20,9635
2020-06-23 12:25,9748
2020-06-23 12:30,9848
2020-06-23 12:35,9928
2020-06-23 12:40,10025
2020-06-23 12:45,10192
2020-06-23 12:50,10253
2020-06-23 12:55,10337
2020-06-23 13:00,10420
2020-06-23 13:05,10589
2020-06-23 13:10,10769
2020-06-23 13:15,10922
2020-06-23 13:20,11038
2020-06-23 13:25,11157
2020-06-23 13:30,11354
2020-06-23 13:35,11491
2020-06-23 13:40,11574
2020-06-23 13:45,11702
2020-06-23 13:50,11812
2020-06-23 13:55,11880
2020-06-23 14:00,11987
2020-06-23 14:05,12040
2020-06-23 14:10,12206
2020-06-23 14:15,12377
2020-06-23 14:20,12499
2020-06-23 14:25,12595
2020-06-23 14:30,12754
2020-06-23 14:35,12918
2020-06-23 14:40,13073
2020-06-23 14:45,13231
2020-06-23 14:50,13384
2020-06-23 14:55,13469
2020-06-23 15:00,13586
2020-06-23 15:05,13656
2020-06-23 15:10,12959
2020-06-23 15:15,13041
2020-06-23 15:20,12897
2020-06-23 15:25,13305
2020-06-23 15:30,13555
2020-06-23 15:35,13672
2020-06-23 15:40,13890
2020-06-23 15:45,14100
2020-06-23 15:50,14289
2020-06-23 15:55,14470
2020-06-23 16:00,14696
2020-06-23 16:05,14887
2020-06-23 16:10,15033
2020-06-23 16:15,15187
2020-06-23 16:20,15351
2020-06-23 16:25,15570
2020-06-23 16:30,15733
2020-06-23 16:35,15873
2020-06-23 16:40,15993
2020-06-23 16:45,16141
2020-06-23 16:50,16322
2020-06-23 16:55,16542
2020-06-23 17:00,16645
2020-06-23 17:05,16774
2020-06-23 17:10,16941
2020-06-23 17:15,17104
2020-06-23 17:20,17298
2020-06-23 17:25,17385
2020-06-23 17:30,17571
2020-06-23 17:35,17723
2020-06-23 17:40,17905
2020-06-23 17:45,18084
2020-06-23 17:50,18296
2020-06-23 17:55,18538
2020-06-23 18:00,18660
2020-06-23 18:05,18794
2020-06-23 18:10,18930
2020-06-23 18:15,19099
2020-06-23 18:20,19281
2020-06-23 18:25,19420
2020-06-23 18:30,19598
2020-06-23 18:35,19815
2020-06-23 18:40,19947
2020-06-23 18:45,20141
2020-06-23 18:50,20301
2020-06-23 18:55,20440
2020-06-23 19:00,20612
2020-06-23 19:05,20692
2020-06-23 19:10,20817
2020-06-23 19:15,20966
2020-06-23 19:20,21059
2020-06-23 19:25,21202
2020-06-23 19:30,21293
2020-06-23 19:35,21376
2020-06-23 19:40,21546
2020-06-23 19:45,21626
2020-06-23 19:50,21690
2020-06-23 19:55,21829
2020-06-23 20:00,21943
2020-06-23 20:05,21956
2020-06-23 20:10,22040
2020-06-23 20:15,22142
2020-06-23 20:20,22148
2020-06-23 20:25,22077
2020-06-23 20:30,22078
2020-06-23 20:35,22125
2020-06-23 20:40,22142
2020-06-23 20:45,22188
2020-06-23 20:50,22184
2020-06-23 20:55,22077
2020-06-23 21:00,22077
2020-06-23 21:05,22021
2020-06-23 21:10,21972
2020-06-23 21:15,21965
2020-06-23 21:20,21842
2020-06-23 21:25,21796
2020-06-23 21:30,21795
2020-06-23 21:35,21780
2020-06-23 21:40,21740
2020-06-23 21:45,21633
2020-06-23 21:50,21607
2020-06-23 21:55,21495
2020-06-23 22:00,21329
2020-06-23 22:05,21162
2020-06-23 22:10,21113
2020-06-23 22:15,21011
2020-06-23 22:20,20970
2020-06-23 22:25,20866
2020-06-23 22:30,20721
2020-06-23 22:35,20664
2020-06-23 22:40,0
2020-06-23 22:45,0
2020-06-23 22:50,18398
2020-06-23 22:55,20190
2020-06-23 23:00,20482
2020-06-23 23:05,20455
2020-06-23 23:10,20361
2020-06-23 23:15,20366
2020-06-23 23:20,20378
2020-06-23 23:25,20357
2020-06-23 23:30,20282
2020-06-23 23:35,20243
2020-06-23 23:40,20235
2020-06-23 23:45,20227
2020-06-23 23:50,20122
2020-06-23 23:55,20095
2020-06-24 00:00,20067
2020-06-24 00:05,20090
2020-06-24 00:10,20127
2020-06-24 00:15,20192
2020-06-24 00:20,20291
2020-06-24 00:25,20309
2020-06-24 00:30,20318
2020-06-24 00:35,20344
2020-06-24 00:40,20330
2020-06-24 00:45,20364
2020-06-24 00:50,20351
2020-06-24 00:55,20459
2020-06-24 01:00,20538
2020-06-24 01:05,20556
2020-06-24 01:10,20590
2020-06-24 01:15,20785
2020-06-24 01:20,20859
2020-06-24 01:25,20826
2020-06-24 01:30,20886
2020-06-24 01:35,20966
2020-06-24 01:40,20945
2020-06-24 01:45,20959
2020-06-24 01:50,20919
2020-06-24 01:55,20956
2020-06-24 02:00,20921
2020-06-24 02:05,20892
2020-06-24 02:10,20904
2020-06-24 02:15,20931
2020-06-24 02:20,20991
2020-06-24 02:25,20967
2020-06-24 02:30,20960
2020-06-24 02:35,20882
2020-06-24 02:40,20786
2020-06-24 02:45,20786
2020-06-24 02:50,20744
2020-06-24 02:55,20700
2020-06-24 03:00,20586
2020-06-24 03:05,20491
2020-06-24 03:10,20403
2020-06-24 03:15,20199
2020-06-24 03:20,20100
2020-06-24 03:25,19943
2020-06-24 03:30,19791
2020-06-24 03:35,19578
2020-06-24 03:40,19408
2020-06-24 03:45,19291
2020-06-24 03:50,19149
2020-06-24 03:55,19004
2020-06-24 04:00,18736
2020-06-24 04:05,18557
2020-06-24 04:10,18418
2020-06-24 04:15,18196
2020-06-24 04:20,17924
2020-06-24 04:25,17700
2020-06-24 04:30,17529
2020-06-24 04:35,17308
2020-06-24 04:40,17088
2020-06-24 04:45,16899
2020-06-24 04:50,16701
2020-06-24 04:55,16457
2020-06-24 05:00,16111
2020-06-24 05:05,15820
2020-06-24 05:10,15411
2020-06-24 05:15,15118
2020-06-24 05:20,14782
2020-06-24 05:25,14495
2020-06-24 05:30,14252
2020-06-24 05:35,14003
2020-06-24 05:40,13721
2020-06-24 05:45,13444
2020-06-24 05:50,13213
2020-06-24 05:55,12985
2020-06-24 06:00,12649
2020-06-24 06:05,12485
2020-06-24 06:10,12333
2020-06-24 06:15,12046
2020-06-24 06:20,11856
2020-06-24 06:25,11692
2020-06-24 06:30,11461
2020-06-24 06:35,11259
2020-06-24 06:40,11075
2020-06-24 06:45,10871
2020-06-24 06:50,10709
2020-06-24 06:55,10539
2020-06-24 07:00,10362
2020-06-24 07:05,10246
2020-06-24 07:10,10028
2020-06-24 07:15,9889
2020-06-24 07:20,9724
2020-06-24 07:25,9497
2020-06-24 07:30,9327
2020-06-24 07:35,9200
2020-06-24 07:40,9041
2020-06-24 07:45,8904
2020-06-24 07:50,8847
2020-06-24 07:55,8719
2020-06-24 08:00,8604
2020-06-24 08:05,8552
2020-06-24 08:10,8494
2020-06-24 08:15,8410
2020-06-24 08:20,8285
2020-06-24 08:25,8256
2020-06-24 08:30,8157
2020-06-24 08:35,8058
2020-06-24 08:40,8002
2020-06-24 08:45,8021
2020-06-24 08:50,7963
2020-06-24 08:55,7964
2020-06-24 09:00,7907
2020-06-24 09:05,7896
2020-06-24 09:10,7901
2020-06-24 09:15,7924
2020-06-24 09:20,7905
2020-06-24 09:25,7959
2020-06-24 09:30,7944
2020-06-24 09:35,7974
2020-06-24 09:40,8039
2020-06-24 09:45,8057
2020-06-24 09:50,8090
2020-06-24 09:55,8131
2020-06-24 10:00,8227
2020-06-24 10:05,8232
2020-06-24 10:10,8192
2020-06-24 10:15,8269
2020-06-24 10:20,8307
2020-06-24 10:25,8351
2020-06-24 10:30,8443
2020-06-24 10:35,8460
2020-06-24 10:40,8518
2020-06-24 10:45,8599
2020-06-24 10:50,8657
2020-06-24 10:55,8658
2020-06-24 11:00,8680
2020-06-24 11:05,8676
2020-06-24 11:10,8724
2020-06-24 11:15,8788
2020-06-24 11:20,8890
2020-06-24 11:25,8913
2020-06-24 11:30,8953
2020-06-24 11:35,9027
2020-06-24 11:40,9048
2020-06-24 11:45,9131
2020-06-24 11:50,9191
2020-06-24 11:55,9256
2020-06-24 12:00,9267
2020-06-24 12:05,9334
2020-06-24 12:10,9369
2020-06-24 12:15,9393
2020-06-24 12:20,9406
2020-06-24 12:25,9478
2020-06-24 12:30,9535
2020-06-24 12:35,9600
2020-06-24 12:40,9644
2020-06-24 12:45,9775
2020-06-24 12:50,9842
2020-06-24 12:55,9946
2020-06-24 13:00,10119
2020-06-24 13:05,10201
2020-06-24 13:10,10253
2020-06-24 13:15,10368
2020-06-24 13:20,10508
2020-06-24 13:25,10653
2020-06-24 13:30,10731
2020-06-24 13:35,10968
2020-06-24 13:40,11119
2020-06-24 13:45,11192
2020-06-24 13:50,11362
2020-06-24 13:55,11527
2020-06-24 14:00,11670
2020-06-24 14:05,11775
2020-06-24 14:10,11982
2020-06-24 14:15,12132
2020-06-24 14:20,12294
2020-06-24 14:25,12438
2020-06-24 14:30,12548
2020-06-24 14:35,12605
2020-06-24 14:40,12755
2020-06-24 14:45,12889
2020-06-24 14:50,13080
2020-06-24 14:55,13235
2020-06-24 15:00,13363
2020-06-24 15:05,13431
2020-06-24 15:10,13615
2020-06-24 15:15,13781
2020-06-24 15:20,13825
2020-06-24 15:25,13855
2020-06-24 15:30,13983
2020-06-24 15:35,14082
2020-06-24 15:40,14175
2020-06-24 15:45,14341
2020-06-24 15:50,14488
2020-06-24 15:55,14666
2020-06-24 16:00,14795
2020-06-24 16:05,14940
2020-06-24 16:10,15065
2020-06-24 16:15,15119
2020-06-24 16:20,15187
2020-06-24 16:25,15328
2020-06-24 16:30,15414
2020-06-24 16:35,15544
2020-06-24 16:40,15746
2020-06-24 16:45,15938
2020-06-24 16:50,16019
2020-06-24 16:55,16166
2020-06-24 17:00,16293
2020-06-24 17:05,16431
2020-06-24 17:10,16433
2020-06-24 17:15,16626
2020-06-24 17:20,16830
2020-06-24 17:25,17028
2020-06-24 17:30,17168
2020-06-24 17:35,17310
2020-06-24 17:40,17470
2020-06-24 17:45,17686
2020-06-24 17:50,
2020-06-24 17:55,17889
2020-06-24 18:00,18025
2020-06-24 18:05,18182
2020-06-24 18:10,18374
2020-06-24 18:15,18611
2020-06-24 18:20,18850
2020-06-24 18:25,19105
2020-06-24 18:30,19254
2020-06-24 18:35,19413
2020-06-24 18:40,19394
2020-06-24 18:45,19682
2020-06-24 18:50,19748
2020-06-24 18:55,19884
2020-06-24 19:00,19969
2020-06-24 19:05,20049
2020-06-24 19:10,20165
2020-06-24 19:15,20203
2020-06-24 19:20,20330
2020-06-24 19:25,20468
2020-06-24 19:30,20526
2020-06-24 19:35,20639
2020-06-24 19:40,20712
2020-06-24 19:45,20832
2020-06-24 19:50,20936
2020-06-24 19:55,21073
2020-06-24 20:00,21123
2020-06-24 20:05,21214
2020-06-24 20:10,21327
2020-06-24 20:15,21380
2020-06-24 20:20,21433
2020-06-24 20:25,21463
2020-06-24 20:30,21483
2020-06-24 20:35,21503
2020-06-24 20:40,21599
2020-06-24 20:45,21597
2020-06-24 20:50,21613
2020-06-24 20:55,21548
2020-06-24 21:00,21651
2020-06-24 21:05,21728
2020-06-24 21:10,21650
2020-06-24 21:15,21553
2020-06-24 21:20,21689
2020-06-24 21:25,21788
2020-06-24 21:30,21770
2020-06-24 21:35,21880
2020-06-24 21:40,21858
2020-06-24 21:45,21857
2020-06-24 21:50,21832
2020-06-24 21:55,21757
2020-06-24 22:00,21646
2020-06-24 22:05,21628
2020-06-24 22:10,21561
2020-06-24 22:15,21479
2020-06-24 22:20,21371
2020-06-24 22:25,21381
2020-06-24 22:30,21190
2020-06-24 22:35,21140
2020-06-24 22:40,21075
2020-06-24 22:45,21029
2020-06-24 22:50,20944
2020-06-24 22:55,20873
2020-06-24 23:00,20769
2020-06-24 23:05,20687
2020-06-24 23:10,20593
2020-06-24 23:15,20604
2020-06-24 23:20,20655
2020-06-24 23:25,20635
2020-06-24 23:30,20536
2020-06-24 23:35,20539
2020-06-24 23:40,20561
2020-06-24 23:45,20606
2020-06-24 23:50,20581
2020-06-24 23:55,20501
2020-06-25 00:00,
2020-06-25 00:05,20325
2020-06-25 00:10,20301
2020-06-25 00:15,20270
2020-06-25 00:20,20300
2020-06-25 00:25,20287
2020-06-25 00:30,20338
2020-06-25 00:35,20422
2020-06-25 00:40,20449
2020-06-25 00:45,20489
2020-06-25 00:50,20555
2020-06-25 00:55,20626
2020-06-25 01:00,20612
2020-06-25 01:05,20714
2020-06-25 01:10,20811
2020-06-25 01:15,20881
2020-06-25 01:20,20998
2020-06-25 01:25,21214
2020-06-25 01:30,21337
2020-06-25 01:35,21356
2020-06-25 01:40,21404
2020-06-25 01:45,21452
2020-06-25 01:50,21371
2020-06-25 01:55,21344
2020-06-25 02:00,21306
2020-06-25 02:05,21411
2020-06-25 02:10,21420
2020-06-25 02:15,21420
2020-06-25 02:20,21431
2020-06-25 02:25,21404
2020-06-25 02:30,21374
2020-06-25 02:35,21360
2020-06-25 02:40,21285
2020-06-25 02:45,21158
2020-06-25 02:50,21069
2020-06-25 02:55,21002
2020-06-25 03:00,20922
2020-06-25 03:05,20848
2020-06-25 03:10,20683
2020-06-25 03:15,20516
2020-06-25 03:20,20367
2020-06-25 03:25,20296
2020-06-25 03:30,20128
2020-06-25 03:35,19971
2020-06-25 03:40,19792
2020-06-25 03:45,19720
2020-06-25 03:50,19494
2020-06-25 03:55,19367
2020-06-25 04:00,19163
2020-06-25 04:05,18979
2020-06-25 04:10,18785
2020-06-25 04:15,18627
2020-06-25 04:20,18313
2020-06-25 04:25,18125
2020-06-25 04:30,17772
2020-06-25 04:35,17532
2020-06-25 04:40,17290
2020-06-25 04:45,17116
2020-06-25 04:50,16812
2020-06-25 04:55,16558
2020-06-25 05:00,16330
2020-06-25 05:05,16045
2020-06-25 05:10,15740
2020-06-25 05:15,15512
2020-06-25 05:20,15356
2020-06-25 05:25,15103
2020-06-25 05:30,14871
2020-06-25 05:35,14587
2020-06-25 05:40,14352
2020-06-25 05:45,14060
2020-06-25 05:50,13726
2020-06-25 05:55,13484
2020-06-25 06:00,13229
2020-06-25 06:05,13009
2020-06-25 06:10,12789
2020-06-25 06:15,12571
2020-06-25 06:20,12318
2020-06-25 06:25,12059
2020-06-25 06:30,11844
2020-06-25 06:35,11598
2020-06-25 06:40,11367
2020-06-25 06:45,11176
2020-06-25 06:50,10973
2020-06-25 06:55,10757
2020-06-25 07:00,10532
2020-06-25 07:05,10362
2020-06-25 07:10,10202
2020-06-25 07:15,10008
2020-06-25 07:20,9861
2020-06-25 07:25,9678
2020-06-25 07:30,9477
2020-06-25 07:35,9388
2020-06-25 07:40,9281
2020-06-25 07:45,9138
2020-06-25 07:50,9037
2020-06-25 07:55,8928
2020-06-25 08:00,8805
2020-06-25 08:05,8659
2020-06-25 08:10,8574
2020-06-25 08:15,8426
2020-06-25 08:20,8372
2020-06-25 08:25,8300
2020-06-25 08:30,8278
2020-06-25 08:35,8226
2020-06-25 08:40,8181
2020-06-25 08:45,8143
2020-06-25 08:50,8143
2020-06-25 08:55,8103
2020-06-25 09:00,8082
2020-06-25 09:05,8071
2020-06-25 09:10,8054
2020-06-25 09:15,8080
2020-06-25 09:20,8051
2020-06-25 09:25,8085
2020-06-25 09:30,8116
2020-06-25 09:35,8037
2020-06-25 09:40,8048
2020-06-25 09:45,8025
2020-06-25 09:50,8009
2020-06-25 09:55,8047
2020-06-25 10:00,8050
2020-06-25 10:05,8031
2020-06-25 10:10,8045
2020-06-25 10:15,8131
2020-06-25 10:20,8084
2020-06-25 10:25,8106
2020-06-25 10:30,8185
2020-06-25 10:35,8251
2020-06-25 10:40,8266
2020-06-25 10:45,8207
2020-06-25 10:50,8210
2020-06-25 10:55,8314
2020-06-25 11:00,8360
2020-06-25 11:05,8406
2020-06-25 11:10,8424
2020-06-25 11:15,8532
2020-06-25 11:20,8626
2020-06-25 11:25,8691
2020-06-25 11:30,8735
2020-06-25 11:35,8809
2020-06-25 11:40,8825
2020-06-25 11:45,8647
2020-06-25 11:50,8934
2020-06-25 11:55,8995
2020-06-25 12:00,9021
2020-06-25 12:05,9169
2020-06-25 12:10,9239
2020-06-25 12:15,9310
2020-06-25 12:20,9381
2020-06-25 12:25,9307
2020-06-25 12:30,9481
2020-06-25 12:35,9583
2020-06-25 12:40,9612
2020-06-25 12:45,9724
2020-06-25 12:50,9871
2020-06-25 12:55,10002
2020-06-25 13:00,10073
2020-06-25 13:05,10134
2020-06-25 13:10,10285
2020-06-25 13:15,10453
2020-06-25 13:20,10641
2020-06-25 13:25,10790
2020-06-25 13:30,10859
2020-06-25 13:35,10924
2020-06-25 13:40,11048
2020-06-25 13:45,11158
2020-06-25 13:50,11309
2020-06-25 13:55,11385
2020-06-25 14:00,11487
2020-06-25 14:05,11616
2020-06-25 14:10,11832
2020-06-25 14:15,11983
2020-06-25 14:20,12070
2020-06-25 14:25,12226
2020-06-25 14:30,12333
2020-06-25 14:35,12439
2020-06-25 14:40,12600
2020-06-25 14:45,12700
2020-06-25 14:50,12838
2020-06-25 14:55,12959
2020-06-25 15:00,13062
2020-06-25 15:05,13228
2020-06-25 15:10,13341
2020-06-25 15:15,13521
2020-06-25 15:20,13606
2020-06-25 15:25,13738
2020-06-25 15:30,13832
2020-06-25 15:35,14004
2020-06-25 15:40,14100
2020-06-25 15:45,14146
2020-06-25 15:50,14299
2020-06-25 15:55,14346
2020-06-25 16:00,14415
2020-06-25 16:05,14466
2020-06-25 16:10,14625
2020-06-25 16:15,14695
2020-06-25 16:20,14802
2020-06-25 16:25,14946
2020-06-25 16:30,15122
2020-06-25 16:35,15217
2020-06-25 16:40,15330
2020-06-25 16:45,15471
2020-06-25 16:50,15648
2020-06-25 16:55,15832
2020-06-25 17:00,15905
2020-06-25 17:05,16087
2020-06-25 17:10,
2020-06-25 17:15,
2020-06-25 17:20,
2020-06-25 17:25,
2020-06-25 17:30,
2020-06-25 17:35,
2020-06-25 17:40,
2020-06-25 17:45,
2020-06-25 17:50,17439
2020-06-25 17:55,17581
2020-06-25 18:00,17689
2020-06-25 18:05,17881
2020-06-25 18:10,18089
2020-06-25 18:15,18315
2020-06-25 18:20,18518
2020-06-25 18:25,18616
2020-06-25 18:30,18616
2020-06-25 18:35,18706
2020-06-25 18:40,19050
2020-06-25 18:45,19216
2020-06-25 18:50,18971
2020-06-25 18:55,19604
2020-06-25 19:00,19593
2020-06-25 19:05,19804
2020-06-25 19:10,19923
2020-06-25 19:15,20046
2020-06-25 19:20,20314
2020-06-25 19:25,20434
2020-06-25 19:30,20571
2020-06-25 19:35,20678
2020-06-25 19:40,20833
2020-06-25 19:45,20965
2020-06-25 19:50,21065
2020-06-25 19:55,21135
2020-06-25 20:00,21196
2020-06-25 20:05,21225
2020-06-25 20:10,21339
2020-06-25 20:15,21350
2020-06-25 20:20,21399
2020-06-25 20:25,21565
2020-06-25 20:30,21665
2020-06-25 20:35,21657
2020-06-25 20:40,21681
2020-06-25 20:45,21658
2020-06-25 20:50,21555
2020-06-25 20:55,21626
2020-06-25 21:00,21565
2020-06-25 21:05,21519
2020-06-25 21:10,21522
2020-06-25 21:15,21554
2020-06-25 21:20,21540
2020-06-25 21:25,21614
2020-06-25 21:30,21564
2020-06-25 21:35,21516
2020-06-25 21:40,21498
2020-06-25 21:45,21492
2020-06-25 21:50,21392
2020-06-25 21:55,21322
2020-06-25 22:00,21307
2020-06-25 22:05,21303
2020-06-25 22:10,21207
2020-06-25 22:15,
2020-06-25 22:20,20909
2020-06-25 22:25,20845
2020-06-25 22:30,20842
2020-06-25 22:35,20819
2020-06-25 22:40,20781
2020-06-25 22:45,20606
2020-06-25 22:50,20434
2020-06-25 22:55,20345
2020-06-25 23:00,20194
2020-06-25 23:05,20105
2020-06-25 23:10,19959
2020-06-25 23:15,19902
2020-06-25 23:20,19892
2020-06-25 23:25,19836
2020-06-25 23:30,19875
2020-06-25 23:35,19936
2020-06-25 23:40,19876
2020-06-25 23:45,19834
2020-06-25 23:50,19840
2020-06-25 23:55,19844
2020-06-26 00:00,19808
2020-06-26 00:05,19745
2020-06-26 00:10,19672
2020-06-26 00:15,19691
2020-06-26 00:20,19613
2020-06-26 00:25,19539
2020-06-26 00:30,19501
2020-06-26 00:35,19410
2020-06-26 00:40,19401
2020-06-26 00:45,19468
2020-06-26 00:50,19410
2020-06-26 00:55,19467
2020-06-26 01:00,19508
2020-06-26 01:05,19573
2020-06-26 01:10,19652
2020-06-26 01:15,19658
2020-06-26 01:20,19743
2020-06-26 01:25,19775
2020-06-26 01:30,19874
2020-06-26 01:35,19937
2020-06-26 01:40,20034
2020-06-26 01:45,20069
2020-06-26 01:50,20076
2020-06-26 01:55,20161
2020-06-26 02:00,20170
2020-06-26 02:05,20188
2020-06-26 02:10,20278
2020-06-26 02:15,20273
2020-06-26 02:20,20286
2020-06-26 02:25,20361
2020-06-26 02:30,20305
2020-06-26 02:35,20282
2020-06-26 02:40,20308
2020-06-26 02:45,20234
2020-06-26 02:50,20214
2020-06-26 02:55,20249
2020-06-26 03:00,20026
2020-06-26 03:05,19993
2020-06-26 03:10,19939
2020-06-26 03:15,19700
2020-06-26 03:20,19679
2020-06-26 03:25,19322
2020-06-26 03:30,19425
2020-06-26 03:35,19158
2020-06-26 03:40,19188
2020-06-26 03:45,18847
2020-06-26 03:50,18816
2020-06-26 03:55,18740
2020-06-26 04:00,18645
2020-06-26 04:05,18468
2020-06-26 04:10,18197
2020-06-26 04:15,17980
2020-06-26 04:20,17768
2020-06-26 04:25,17561
2020-06-26 04:30,17360
2020-06-26 04:35,17151
2020-06-26 04:40,16933
2020-06-26 04:45,16719
2020-06-26 04:50,16475
2020-06-26 04:55,16228
2020-06-26 05:00,16008
2020-06-26 05:05,15845
2020-06-26 05:10,15539
2020-06-26 05:15,15222
2020-06-26 05:20,14911
2020-06-26 05:25,14713
2020-06-26 05:30,14470
2020-06-26 05:35,14186
2020-06-26 05:40,13919
2020-06-26 05:45,13719
2020-06-26 05:50,13485
2020-06-26 05:55,13215
2020-06-26 06:00,12978
2020-06-26 06:05,12661
2020-06-26 06:10,12424
2020-06-26 06:15,12218
2020-06-26 06:20,11993
2020-06-26 06:25,11753
2020-06-26 06:30,11600
2020-06-26 06:35,11337
2020-06-26 06:40,11132
2020-06-26 06:45,10950
2020-06-26 06:50,10749
2020-06-26 06:55,10455
2020-06-26 07:00,10250
2020-06-26 07:05,10078
2020-06-26 07:10,9894
2020-06-26 07:15,9793
2020-06-26 07:20,9682
2020-06-26 07:25,9553
2020-06-26 07:30,9329
2020-06-26 07:35,9234
2020-06-26 07:40,9053
2020-06-26 07:45,8865
2020-06-26 07:50,8782
2020-06-26 07:55,8725
2020-06-26 08:00,8578
2020-06-26 08:05,8496
2020-06-26 08:10,8391
2020-06-26 08:15,8064
2020-06-26 08:20,7964
2020-06-26 08:25,7994
2020-06-26 08:30,7900
2020-06-26 08:35,7891
2020-06-26 08:40,7826
2020-06-26 08:45,7820
2020-06-26 08:50,7770
2020-06-26 08:55,7765
2020-06-26 09:00,7746
2020-06-26 09:05,7696
2020-06-26 09:10,7762
2020-06-26 09:15,7749
2020-06-26 09:20,7733
2020-06-26 09:25,7725
2020-06-26 09:30,7702
2020-06-26 09:35,7752
2020-06-26 09:40,7769
2020-06-26 09:45,7788
2020-06-26 09:50,7825
2020-06-26 09:55,7842
2020-06-26 10:00,7932
2020-06-26 10:05,7919
2020-06-26 10:10,7954
2020-06-26 10:15,7975
2020-06-26 10:20,8009
2020-06-26 10:25,8025
2020-06-26 10:30,8078
2020-06-26 10:35,8133
2020-06-26 10:40,8183
2020-06-26 10:45,8226
2020-06-26 10:50,8265
2020-06-26 10:55,8325
2020-06-26 11:00,8362
2020-06-26 11:05,8354
2020-06-26 11:10,8410
2020-06-26 11:15,8498
2020-06-26 11:20,8522
2020-06-26 11:25,8573
2020-06-26 11:30,8630
2020-06-26 11:35,8757
2020-06-26 11:40,8801
2020-06-26 11:45,8868
2020-06-26 11:50,8949
2020-06-26 11:55,9030
2020-06-26 12:00,9132
2020-06-26 12:05,9132
2020-06-26 12:10,9175
2020-06-26 12:15,9237
2020-06-26 12:20,9284
2020-06-26 12:25,9379
2020-06-26 12:30,9461
2020-06-26 12:35,9568
2020-06-26 12:40,9637
2020-06-26 12:45,9690
2020-06-26 12:50,9863
2020-06-26 12:55,9973
2020-06-26 13:00,10159
2020-06-26 13:05,10175
2020-06-26 13:10,10302
2020-06-26 13:15,10419
2020-06-26 13:20,10543
2020-06-26 13:25,10731
2020-06-26 13:30,10891
2020-06-26 13:35,11113
2020-06-26 13:40,11267
2020-06-26 13:45,11379
2020-06-26 13:50,11407
2020-06-26 13:55,11538
2020-06-26 14:00,11620
2020-06-26 14:05,11751
2020-06-26 14:10,11937
2020-06-26 14:15,12038
2020-06-26 14:20,12185
2020-06-26 14:25,12300
2020-06-26 14:30,12384
2020-06-26 14:35,12509
2020-06-26 14:40,12711
2020-06-26 14:45,12800
2020-06-26 14:50,12978
2020-06-26 14:55,13102
2020-06-26 15:00,13152
2020-06-26 15:05,13252
2020-06-26 15:10,13306
2020-06-26 15:15,13405
2020-06-26 15:20,13498
2020-06-26 15:25,13569
2020-06-26 15:30,13671
2020-06-26 15:35,13775
2020-06-26 15:40,13898
2020-06-26 15:45,13984
2020-06-26 15:50,14144
2020-06-26 15:55,14258
2020-06-26 16:00,14231
2020-06-26 16:05,14307
2020-06-26 16:10,14425
2020-06-26 16:15,14489
2020-06-26 16:20,14570
2020-06-26 16:25,14695
2020-06-26 16:30,14808
2020-06-26 16:35,
2020-06-26 16:40,15046
2020-06-26 16:45,15158
2020-06-26 16:50,15282
2020-06-26 16:55,15523
2020-06-26 17:00,15652
2020-06-26 17:05,15725
2020-06-26 17:10,15819
2020-06-26 17:15,16036
2020-06-26 17:20,16226
2020-06-26 17:25,16334
2020-06-26 17:30,16477
2020-06-26 17:35,16633
2020-06-26 17:40,16801
2020-06-26 17:45,16910
2020-06-26 17:50,17011
2020-06-26 17:55,17201
2020-06-26 18:00,17313
2020-06-26 18:05,17385
2020-06-26 18:10,17538
2020-06-26 18:15,17666
2020-06-26 18:20,17748
2020-06-26 18:25,17846
2020-06-26 18:30,17952
2020-06-26 18:35,18181
2020-06-26 18:40,18315
2020-06-26 18:45,18450
2020-06-26 18:50,18637
2020-06-26 18:55,18865
2020-06-26 19:00,18918
2020-06-26 19:05,18953
2020-06-26 19:10,19118
2020-06-26 19:15,19328
2020-06-26 19:20,19441
2020-06-26 19:25,19595
2020-06-26 19:30,19689
2020-06-26 19:35,19790
2020-06-26 19:40,19939
2020-06-26 19:45,20051
2020-06-26 19:50,20175
2020-06-26 19:55,20313
2020-06-26 20:00,20379
2020-06-26 20:05,20402
2020-06-26 20:10,20504
2020-06-26 20:15,20630
2020-06-26 20:20,20746
2020-06-26 20:25,20775
2020-06-26 20:30,20902
2020-06-26 20:35,20960
2020-06-26 20:40,21000
2020-06-26 20:45,21054
2020-06-26 20:50,21200
2020-06-26 20:55,21214
2020-06-26 21:00,21099
2020-06-26 21:05,21151
2020-06-26 21:10,21077
2020-06-26 21:15,21089
2020-06-26 21:20,21106
2020-06-26 21:25,21175
2020-06-26 21:30,21206
2020-06-26 21:35,21206
2020-06-26 21:40,21255
2020-06-26 21:45,21237
2020-06-26 21:50,21140
2020-06-26 21:55,21129
2020-06-26 22:00,20972
2020-06-26 22:05,20950
2020-06-26 22:10,20744
2020-06-26 22:15,20692
2020-06-26 22:20,20764
2020-06-26 22:25,20702
2020-06-26 22:30,20559
2020-06-26 22:35,20427
2020-06-26 22:40,20312
2020-06-26 22:45,20312
2020-06-26 22:50,20210
2020-06-26 22:55,20104
2020-06-26 23:00,20078
2020-06-26 23:05,19990
2020-06-26 23:10,19921
2020-06-26 23:15,19901
2020-06-26 23:20,19831
2020-06-26 23:25,19776
2020-06-26 23:30,19656
2020-06-26 23:35,19577
2020-06-26 23:40,19377
2020-06-26 23:45,19260
2020-06-26 23:50,19201
2020-06-26 23:55,19082
2020-06-27 00:00,19007
2020-06-27 00:05,18844
2020-06-27 00:10,18794
2020-06-27 00:15,18841
2020-06-27 00:20,18819
2020-06-27 00:25,18843
2020-06-27 00:30,18796
2020-06-27 00:35,18793
2020-06-27 00:40,18893
2020-06-27 00:45,18850
2020-06-27 00:50,18854
2020-06-27 00:55,18874
2020-06-27 01:00,18881
2020-06-27 01:05,18883
2020-06-27 01:10,18973
2020-06-27 01:15,18985
2020-06-27 01:20,19076
2020-06-27 01:25,19130
2020-06-27 01:30,19136
2020-06-27 01:35,19195
2020-06-27 01:40,19315
2020-06-27 01:45,19416
2020-06-27 01:50,19504
2020-06-27 01:55,19604
2020-06-27 02:00,19655
2020-06-27 02:05,19696
2020-06-27 02:10,19733
2020-06-27 02:15,19800
2020-06-27 02:20,19923
2020-06-27 02:25,20013
2020-06-27 02:30,20033
2020-06-27 02:35,20146
2020-06-27 02:40,20253
2020-06-27 02:45,20233
2020-06-27 02:50,20311
2020-06-27 02:55,20367
2020-06-27 03:00,20369
2020-06-27 03:05,20470
2020-06-27 03:10,20405
2020-06-27 03:15,20465
2020-06-27 03:20,20481
2020-06-27 03:25,20488
2020-06-27 03:30,20457
2020-06-27 03:35,20313
2020-06-27 03:40,20210
2020-06-27 03:45,20163
2020-06-27 03:50,19993
2020-06-27 03:55,19914
2020-06-27 04:00,19741
2020-06-27 04:05,19582
2020-06-27 04:10,19394
2020-06-27 04:15,19293
2020-06-27 04:20,19154
2020-06-27 04:25,19052
2020-06-27 04:30,18935
2020-06-27 04:35,18846
2020-06-27 04:40,18671
2020-06-27 04:45,18423
2020-06-27 04:50,18185
2020-06-27 04:55,17987
2020-06-27 05:00,17717
2020-06-27 05:05,17535
2020-06-27 05:10,17301
2020-06-27 05:15,17069
2020-06-27 05:20,16839
2020-06-27 05:25,16580
2020-06-27 05:30,16368
2020-06-27 05:35,16199
2020-06-27 05:40,15991
2020-06-27 05:45,15700
2020-06-27 05:50,15387
2020-06-27 05:55,15184
2020-06-27 06:00,14916
2020-06-27 06:05,14603
2020-06-27 06:10,14241
2020-06-27 06:15,13928
2020-06-27 06:20,13701
2020-06-27 06:25,13436
2020-06-27 06:30,13138
2020-06-27 06:35,12879
2020-06-27 06:40,12634
2020-06-27 06:45,12446
2020-06-27 06:50,12237
2020-06-27 06:55,12050
2020-06-27 07:00,11811
2020-06-27 07:05,11526
2020-06-27 07:10,11306
2020-06-27 07:15,11155
2020-06-27 07:20,10905
2020-06-27 07:25,10692
2020-06-27 07:30,10518
2020-06-27 07:35,10370
2020-06-27 07:40,10268
2020-06-27 07:45,10138
2020-06-27 07:50,9983
2020-06-27 07:55,9844
2020-06-27 08:00,9742
2020-06-27 08:05,9609
2020-06-27 08:10,9413
2020-06-27 08:15,8982
2020-06-27 08:20,8856
2020-06-27 08:25,8839
2020-06-27 08:30,8797
2020-06-27 08:35,8773
2020-06-27 08:40,8748
2020-06-27 08:45,8686
2020-06-27 08:50,8651
2020-06-27 08:55,8594
2020-06-27 09:00,8578
2020-06-27 09:05,8537
2020-06-27 09:10,8515
2020-06-27 09:15,8488
2020-06-27 09:20,8447
2020-06-27 09:25,8424
2020-06-27 09:30,8419
2020-06-27 09:35,8439
2020-06-27 09:40,8458
2020-06-27 09:45,8453
2020-06-27 09:50,8498
2020-06-27 09:55,8514
2020-06-27 10:00,8487
2020-06-27 10:05,8545
2020-06-27 10:10,8589
2020-06-27 10:15,8591
2020-06-27 10:20,8654
2020-06-27 10:25,8723
2020-06-27 10:30,8744
2020-06-27 10:35,8794
2020-06-27 10:40,8889
2020-06-27 10:45,8931
2020-06-27 10:50,8966
2020-06-27 10:55,8999
2020-06-27 11:00,9081
2020-06-27 11:05,9114
2020-06-27 11:10,9183
2020-06-27 11:15,9187
2020-06-27 11:20,9250
2020-06-27 11:25,9312
2020-06-27 11:30,9410
2020-06-27 11:35,9510
2020-06-27 11:40,9545
2020-06-27 11:45,9631
2020-06-27 11:50,9709
2020-06-27 11:55,9746
2020-06-27 12:00,9836
2020-06-27 12:05,9911
2020-06-27 12:10,9982
2020-06-27 12:15,10028
2020-06-27 12:20,10097
2020-06-27 12:25,10187
2020-06-27 12:30,10324
2020-06-27 12:35,10392
2020-06-27 12:40,10468
2020-06-27 12:45,10580
2020-06-27 12:50,10689
2020-06-27 12:55,10836
2020-06-27 13:00,10871
2020-06-27 13:05,10952
2020-06-27 13:10,11081
2020-06-27 13:15,11220
2020-06-27 13:20,11292
2020-06-27 13:25,11473
2020-06-27 13:30,11577
2020-06-27 13:35,11672
2020-06-27 13:40,11823
2020-06-27 13:45,11891
2020-06-27 13:50,12075
2020-06-27 13:55,12241
2020-06-27 14:00,12309
2020-06-27 14:05,12420
2020-06-27 14:10,12585
2020-06-27 14:15,12666
2020-06-27 14:20,12789
2020-06-27 14:25,12950
2020-06-27 14:30,13077
2020-06-27 14:35,13184
2020-06-27 14:40,13256
2020-06-27 14:45,13432
2020-06-27 14:50,13489
2020-06-27 14:55,13623
2020-06-27 15:00,13727
2020-06-27 15:05,13816
2020-06-27 15:10,13815
2020-06-27 15:15,13891
2020-06-27 15:20,13948
2020-06-27 15:25,14067
2020-06-27 15:30,14169
2020-06-27 15:35,14294
2020-06-27 15:40,14405
2020-06-27 15:45,14621
2020-06-27 15:50,14690
2020-06-27 15:55,14754
2020-06-27 16:00,14863
2020-06-27 16:05,14890
2020-06-27 16:10,14976
2020-06-27 16:15,15089
2020-06-27 16:20,15197
2020-06-27 16:25,15280
2020-06-27 16:30,15444
2020-06-27 16:35,15526
2020-06-27 16:40,15626
2020-06-27 16:45,15730
2020-06-27 16:50,15881
2020-06-27 16:55,16010
2020-06-27 17:00,16157
2020-06-27 17:05,16281
2020-06-27 17:10,16336
2020-06-27 17:15,16475
2020-06-27 17:20,16609
2020-06-27 17:25,16837
2020-06-27 17:30,16927
2020-06-27 17:35,17056
2020-06-27 17:40,17210
2020-06-27 17:45,17293
2020-06-27 17:50,17344
2020-06-27 17:55,17494
2020-06-27 18:00,17614
2020-06-27 18:05,17796
2020-06-27 18:10,17957
2020-06-27 18:15,18091
2020-06-27 18:20,18179
2020-06-27 18:25,18356
2020-06-27 18:30,18491
2020-06-27 18:35,18648
2020-06-27 18:40,18809
2020-06-27 18:45,18988
2020-06-27 18:50,19166
2020-06-27 18:55,19290
2020-06-27 19:00,19458
2020-06-27 19:05,19630
2020-06-27 19:10,19816
2020-06-27 19:15,19955
2020-06-27 19:20,20069
2020-06-27 19:25,20154
2020-06-27 19:30,20342
2020-06-27 19:35,20518
2020-06-27 19:40,20640
2020-06-27 19:45,20750
2020-06-27 19:50,20865
2020-06-27 19:55,21056
2020-06-27 20:00,21224
2020-06-27 20:05,21412
2020-06-27 20:10,21452
2020-06-27 20:15,21624
2020-06-27 20:20,21796
2020-06-27 20:25,21912
2020-06-27 20:30,22115
2020-06-27 20:35,22181
2020-06-27 20:40,22330
2020-06-27 20:45,22314
2020-06-27 20:50,22309
2020-06-27 20:55,22404
2020-06-27 21:00,22374
2020-06-27 21:05,22224
2020-06-27 21:10,22246
2020-06-27 21:15,22176
2020-06-27 21:20,22237
2020-06-27 21:25,22184
2020-06-27 21:30,22118
2020-06-27 21:35,22058
2020-06-27 21:40,21944
2020-06-27 21:45,21780
2020-06-27 21:50,21654
2020-06-27 21:55,21693
2020-06-27 22:00,21609
2020-06-27 22:05,21536
2020-06-27 22:10,21451
2020-06-27 22:15,21463
2020-06-27 22:20,21393
2020-06-27 22:25,21311
2020-06-27 22:30,21183
2020-06-27 22:35,20935
2020-06-27 22:40,20948
2020-06-27 22:45,20829
2020-06-27 22:50,20779
2020-06-27 22:55,20603
2020-06-27 23:00,20463
2020-06-27 23:05,20333
2020-06-27 23:10,20110
2020-06-27 23:15,20024
2020-06-27 23:20,19998
2020-06-27 23:25,19891
2020-06-27 23:30,19848
2020-06-27 23:35,19743
2020-06-27 23:40,19652
2020-06-27 23:45,19578
2020-06-27 23:50,19480
2020-06-27 23:55,19383
2020-06-28 00:00,19317
2020-06-28 00:05,19229
2020-06-28 00:10,19111
2020-06-28 00:15,19014
2020-06-28 00:20,18966
2020-06-28 00:25,18998
2020-06-28 00:30,18840
2020-06-28 00:35,18818
2020-06-28 00:40,18775
2020-06-28 00:45,18728
2020-06-28 00:50,18662
2020-06-28 00:55,18672
2020-06-28 01:00,18651
2020-06-28 01:05,18629
2020-06-28 01:10,18624
2020-06-28 01:15,18617
2020-06-28 01:20,18584
2020-06-28 01:25,18593
2020-06-28 01:30,18647
2020-06-28 01:35,18639
2020-06-28 01:40,18616
2020-06-28 01:45,18681
2020-06-28 01:50,18739
2020-06-28 01:55,18725
2020-06-28 02:00,18710
2020-06-28 02:05,18822
2020-06-28 02:10,18873
2020-06-28 02:15,18942
2020-06-28 02:20,19108
2020-06-28 02:25,19148
2020-06-28 02:30,19151
2020-06-28 02:35,19154
2020-06-28 02:40,19220
2020-06-28 02:45,19260
2020-06-28 02:50,19243
2020-06-28 02:55,19258
2020-06-28 03:00,19289
2020-06-28 03:05,19273
2020-06-28 03:10,19212
2020-06-28 03:15,19169
2020-06-28 03:20,19186
2020-06-28 03:25,19247
2020-06-28 03:30,19222
2020-06-28 03:35,19124
2020-06-28 03:40,18997
2020-06-28 03:45,18953
2020-06-28 03:50,18874
2020-06-28 03:55,18773
2020-06-28 04:00,18753
2020-06-28 04:05,18676
2020-06-28 04:10,18654
2020-06-28 04:15,18518
2020-06-28 04:20,18417
2020-06-28 04:25,18262
2020-06-28 04:30,18219
2020-06-28 04:35,18055
2020-06-28 04:40,17875
2020-06-28 04:45,17748
2020-06-28 04:50,17610
2020-06-28 04:55,17362
2020-06-28 05:00,17123
2020-06-28 05:05,16892
2020-06-28 05:10,16618
2020-06-28 05:15,16350
2020-06-28 05:20,16173
2020-06-28 05:25,15941
2020-06-28 05:30,15797
2020-06-28 05:35,15618
2020-06-28 05:40,15460
2020-06-28 05:45,15245
2020-06-28 05:50,15010
2020-06-28 05:55,14801
2020-06-28 06:00,14571
2020-06-28 06:05,14292
2020-06-28 06:10,13986
2020-06-28 06:15,13674
2020-06-28 06:20,13426
2020-06-28 06:25,13285
2020-06-28 06:30,13083
2020-06-28 06:35,12866
2020-06-28 06:40,12608
2020-06-28 06:45,12415
2020-06-28 06:50,12250
2020-06-28 06:55,12035
2020-06-28 07:00,11929
2020-06-28 07:05,11746
2020-06-28 07:10,11567
2020-06-28 07:15,11316
2020-06-28 07:20,11117
2020-06-28 07:25,10911
2020-06-28 07:30,10774
2020-06-28 07:35,10614
2020-06-28 07:40,10413
2020-06-28 07:45,10257
2020-06-28 07:50,10211
2020-06-28 07:55,10111
2020-06-28 08:00,9914
2020-06-28 08:05,9746
2020-06-28 08:10,9701
2020-06-28 08:15,9460
2020-06-28 08:20,9297
2020-06-28 08:25,9196
2020-06-28 08:30,9169
2020-06-28 08:35,9061
2020-06-28 08:40,9001
2020-06-28 08:45,8962
2020-06-28 08:50,8938
2020-06-28 08:55,8876
2020-06-28 09:00,8862
2020-06-28 09:05,8880
2020-06-28 09:10,8909
2020-06-28 09:15,8951
2020-06-28 09:20,8636
2020-06-28 09:25,8036
2020-06-28 09:30,8089
2020-06-28 09:35,8188
2020-06-28 09:40,8290
2020-06-28 09:45,8376
2020-06-28 09:50,8392
2020-06-28 09:55,8488
2020-06-28 10:00,8552
2020-06-28 10:05,8587
2020-06-28 10:10,8679
2020-06-28 10:15,8771
2020-06-28 10:20,8873
2020-06-28 10:25,9025
2020-06-28 10:30,9092
2020-06-28 10:35,9146
2020-06-28 10:40,9133
2020-06-28 10:45,9080
2020-06-28 10:50,9043
2020-06-28 10:55,9045
2020-06-28 11:00,8991
2020-06-28 11:05,9033
2020-06-28 11:10,9167
2020-06-28 11:15,9277
2020-06-28 11:20,9412
2020-06-28 11:25,9491
2020-06-28 11:30,9646
2020-06-28 11:35,9809
2020-06-28 11:40,9854
2020-06-28 11:45,9867
2020-06-28 11:50,9906
2020-06-28 11:55,9943
2020-06-28 12:00,10073
2020-06-28 12:05,10120
2020-06-28 12:10,10149
2020-06-28 12:15,10243
2020-06-28 12:20,10415
2020-06-28 12:25,10614
2020-06-28 12:30,10733
2020-06-28 12:35,10942
2020-06-28 12:40,11006
2020-06-28 12:45,11097
2020-06-28 12:50,11311
2020-06-28 12:55,11407
2020-06-28 13:00,11546
2020-06-28 13:05,11689
2020-06-28 13:10,11823
2020-06-28 13:15,11968
2020-06-28 13:20,12060
2020-06-28 13:25,12257
2020-06-28 13:30,12419
2020-06-28 13:35,12587
2020-06-28 13:40,12738
2020-06-28 13:45,12951
2020-06-28 13:50,13218
2020-06-28 13:55,13408
2020-06-28 14:00,13505
2020-06-28 14:05,13622
2020-06-28 14:10,13694
2020-06-28 14:15,13781
2020-06-28 14:20,13925
2020-06-28 14:25,14018
2020-06-28 14:30,14131
2020-06-28 14:35,14273
2020-06-28 14:40,14455
2020-06-28 14:45,14579
2020-06-28 14:50,14651
2020-06-28 14:55,14754
2020-06-28 15:00,14808
2020-06-28 15:05,14937
2020-06-28 15:10,15064
2020-06-28 15:15,15160
2020-06-28 15:20,15358
2020-06-28 15:25,15475
2020-06-28 15:30,15615
2020-06-28 15:35,15791
2020-06-28 15:40,15869
2020-06-28 15:45,15937
2020-06-28 15:50,15863
2020-06-28 15:55,16087
2020-06-28 16:00,16154
2020-06-28 16:05,16219
2020-06-28 16:10,16317
2020-06-28 16:15,16279
2020-06-28 16:20,16153
2020-06-28 16:25,16106
2020-06-28 16:30,16076
2020-06-28 16:35,16140
2020-06-28 16:40,16110
2020-06-28 16:45,16300
2020-06-28 16:50,16638
2020-06-28 16:55,16878
2020-06-28 17:00,17098
2020-06-28 17:05,17355
2020-06-28 17:10,17459
2020-06-28 17:15,17718
2020-06-28 17:20,18022
2020-06-28 17:25,18275
2020-06-28 17:30,18479
2020-06-28 17:35,18678
2020-06-28 17:40,18857
2020-06-28 17:45,19026
2020-06-28 17:50,19278
2020-06-28 17:55,19488
2020-06-28 18:00,19654
2020-06-28 18:05,19806
2020-06-28 18:10,19974
2020-06-28 18:15,20240
2020-06-28 18:20,20540
2020-06-28 18:25,20725
2020-06-28 18:30,20932
2020-06-28 18:35,21122
2020-06-28 18:40,21273
2020-06-28 18:45,21489
2020-06-28 18:50,21616
2020-06-28 18:55,21737
2020-06-28 19:00,22005
2020-06-28 19:05,22194
2020-06-28 19:10,22310
2020-06-28 19:15,22397
2020-06-28 19:20,22449
2020-06-28 19:25,22700
2020-06-28 19:30,22799
2020-06-28 19:35,22916
2020-06-28 19:40,23029
2020-06-28 19:45,23137
2020-06-28 19:50,23203
2020-06-28 19:55,23324
2020-06-28 20:00,23254
2020-06-28 20:05,23289
2020-06-28 20:10,23357
2020-06-28 20:15,23375
2020-06-28 20:20,23364
2020-06-28 20:25,23427
2020-06-28 20:30,23417
2020-06-28 20:35,23338
2020-06-28 20:40,23326
2020-06-28 20:45,23379
2020-06-28 20:50,23271
2020-06-28 20:55,23251
2020-06-28 21:00,23183
2020-06-28 21:05,23092
2020-06-28 21:10,23075
2020-06-28 21:15,23046
2020-06-28 21:20,22926
2020-06-28 21:25,22886
2020-06-28 21:30,22779
2020-06-28 21:35,22765
2020-06-28 21:40,22627
2020-06-28 21:45,22603
2020-06-28 21:50,22480
2020-06-28 21:55,22354
2020-06-28 22:00,22225
2020-06-28 22:05,22074
2020-06-28 22:10,21860
2020-06-28 22:15,21780
2020-06-28 22:20,21710
2020-06-28 22:25,21662
2020-06-28 22:30,21507
2020-06-28 22:35,21388
2020-06-28 22:40,21306
2020-06-28 22:45,21244
2020-06-28 22:50,21126
2020-06-28 22:55,20995
2020-06-28 23:00,20910
2020-06-28 23:05,20787
2020-06-28 23:10,20637
2020-06-28 23:15,20511
2020-06-28 23:20,20431
2020-06-28 23:25,20359
2020-06-28 23:30,20326
2020-06-28 23:35,20219
2020-06-28 23:40,20155
2020-06-28 23:45,20222
2020-06-28 23:50,20100
2020-06-28 23:55,19993
2020-06-29 00:00,19970
2020-06-29 00:05,19868
2020-06-29 00:10,19772
2020-06-29 00:15,19758
2020-06-29 00:20,19738
2020-06-29 00:25,19611
2020-06-29 00:30,19594
2020-06-29 00:35,19524
2020-06-29 00:40,19506
2020-06-29 00:45,19566
2020-06-29 00:50,19566
2020-06-29 00:55,19558
2020-06-29 01:00,19568
2020-06-29 01:05,19523
2020-06-29 01:10,19568
2020-06-29 01:15,19568
2020-06-29 01:20,19485
2020-06-29 01:25,19522
2020-06-29 01:30,19532
2020-06-29 01:35,19640
2020-06-29 01:40,19685
2020-06-29 01:45,19641
2020-06-29 01:50,19712
2020-06-29 01:55,19706
2020-06-29 02:00,19643
2020-06-29 02:05,19591
2020-06-29 02:10,19542
2020-06-29 02:15,19481
2020-06-29 02:20,19432
2020-06-29 02:25,19442
2020-06-29 02:30,19471
2020-06-29 02:35,19482
2020-06-29 02:40,19582
2020-06-29 02:45,19537
2020-06-29 02:50,19595
2020-06-29 02:55,19513
2020-06-29 03:00,19478
2020-06-29 03:05,19526
2020-06-29 03:10,19384
2020-06-29 03:15,18911
2020-06-29 03:20,18760
2020-06-29 03:25,18698
2020-06-29 03:30,18658
2020-06-29 03:35,18619
2020-06-29 03:40,18325
2020-06-29 03:45,18289
2020-06-29 03:50,18186
2020-06-29 03:55,18073
2020-06-29 04:00,17816
2020-06-29 04:05,17632
2020-06-29 04:10,17476
2020-06-29 04:15,17397
2020-06-29 04:20,17258
2020-06-29 04:25,17004
2020-06-29 04:30,16774
2020-06-29 04:35,16621
2020-06-29 04:40,16399
2020-06-29 04:45,16183
2020-06-29 04:50,15919
2020-06-29 04:55,15716
2020-06-29 05:00,15491
2020-06-29 05:05,15228
2020-06-29 05:10,14985
2020-06-29 05:15,14705
2020-06-29 05:20,14356
2020-06-29 05:25,14182
2020-06-29 05:30,13846
2020-06-29 05:35,13657
2020-06-29 05:40,13392
2020-06-29 05:45,13163
2020-06-29 05:50,12880
2020-06-29 05:55,12700
2020-06-29 06:00,12464
2020-06-29 06:05,12189
2020-06-29 06:10,11914
2020-06-29 06:15,11675
2020-06-29 06:20,11480
2020-06-29 06:25,11291
2020-06-29 06:30,11083
2020-06-29 06:35,10873
2020-06-29 06:40,10685
2020-06-29 06:45,10533
2020-06-29 06:50,10254
2020-06-29 06:55,10097
2020-06-29 07:00,9880
2020-06-29 07:05,9693
2020-06-29 07:10,9504
2020-06-29 07:15,9301
2020-06-29 07:20,9132
2020-06-29 07:25,8949
2020-06-29 07:30,8812
2020-06-29 07:35,8721
2020-06-29 07:40,8606
2020-06-29 07:45,8509
2020-06-29 07:50,8381
2020-06-29 07:55,8221
2020-06-29 08:00,8125
2020-06-29 08:05,7978
2020-06-29 08:10,7921
2020-06-29 08:15,7864
2020-06-29 08:20,7764
2020-06-29 08:25,7721
2020-06-29 08:30,7647
2020-06-29 08:35,7625
2020-06-29 08:40,7540
2020-06-29 08:45,7518
2020-06-29 08:50,7395
2020-06-29 08:55,7383
2020-06-29 09:00,7370
2020-06-29 09:05,7322
2020-06-29 09:10,7329
2020-06-29 09:15,7399
2020-06-29 09:20,7353
2020-06-29 09:25,7352
2020-06-29 09:30,7312
2020-06-29 09:35,7345
2020-06-29 09:40,7415
2020-06-29 09:45,7446
2020-06-29 09:50,7433
2020-06-29 09:55,7479
2020-06-29 10:00,7551
2020-06-29 10:05,7575
2020-06-29 10:10,7617
2020-06-29 10:15,7628
2020-06-29 10:20,7701
2020-06-29 10:25,7695
2020-06-29 10:30,7717
2020-06-29 10:35,7776
2020-06-29 10:40,7873
2020-06-29 10:45,7856
2020-06-29 10:50,7933
2020-06-29 10:55,8001
2020-06-29 11:00,7960
2020-06-29 11:05,8021
2020-06-29 11:10,8079
2020-06-29 11:15,8147
2020-06-29 11:20,8191
2020-06-29 11:25,8180
2020-06-29 11:30,8230
2020-06-29 11:35,8290
2020-06-29 11:40,8375
2020-06-29 11:45,8465
2020-06-29 11:50,8507
2020-06-29 11:55,8608
2020-06-29 12:00,8611
2020-06-29 12:05,8668
2020-06-29 12:10,8755
2020-06-29 12:15,8909
2020-06-29 12:20,8935
2020-06-29 12:25,9011
2020-06-29 12:30,9155
2020-06-29 12:35,9158
2020-06-29 12:40,9272
2020-06-29 12:45,9436
2020-06-29 12:50,9578
2020-06-29 12:55,9682
2020-06-29 13:00,9808
2020-06-29 13:05,9906
2020-06-29 13:10,10057
2020-06-29 13:15,10181
2020-06-29 13:20,10318
2020-06-29 13:25,10462
2020-06-29 13:30,10601
2020-06-29 13:35,10767
2020-06-29 13:40,10808
2020-06-29 13:45,10972
2020-06-29 13:50,11170
2020-06-29 13:55,11376
2020-06-29 14:00,11461
2020-06-29 14:05,11546
2020-06-29 14:10,11700
2020-06-29 14:15,11848
2020-06-29 14:20,11982
2020-06-29 14:25,12137
2020-06-29 14:30,12266
2020-06-29 14:35,12383
2020-06-29 14:40,12442
2020-06-29 14:45,12614
2020-06-29 14:50,12786
2020-06-29 14:55,12869
2020-06-29 15:00,12933
2020-06-29 15:05,13018
2020-06-29 15:10,13123
2020-06-29 15:15,13216
2020-06-29 15:20,13264
2020-06-29 15:25,13353
2020-06-29 15:30,13483
2020-06-29 15:35,13632
2020-06-29 15:40,13622
2020-06-29 15:45,13624
2020-06-29 15:50,13700
2020-06-29 15:55,13780
2020-06-29 16:00,13788
2020-06-29 16:05,13912
2020-06-29 16:10,14092
2020-06-29 16:15,14363
2020-06-29 16:20,14478
2020-06-29 16:25,14681
2020-06-29 16:30,14889
2020-06-29 16:35,15083
2020-06-29 16:40,15198
2020-06-29 16:45,15350
2020-06-29 16:50,15427
2020-06-29 16:55,15560
2020-06-29 17:00,15751
2020-06-29 17:05,15834
2020-06-29 17:10,16011
2020-06-29 17:15,16214
2020-06-29 17:20,16452
2020-06-29 17:25,16677
2020-06-29 17:30,16820
2020-06-29 17:35,16991
2020-06-29 17:40,17123
2020-06-29 17:45,17371
2020-06-29 17:50,
2020-06-29 17:55,0
2020-06-29 18:00,17831
2020-06-29 18:05,18018
2020-06-29 18:10,18201
2020-06-29 18:15,18482
2020-06-29 18:20,18620
2020-06-29 18:25,18803
2020-06-29 18:30,18948
2020-06-29 18:35,19131
2020-06-29 18:40,19358
2020-06-29 18:45,19508
2020-06-29 18:50,19601
2020-06-29 18:55,19747
2020-06-29 19:00,19926
2020-06-29 19:05,20004
2020-06-29 19:10,20128
2020-06-29 19:15,20271
2020-06-29 19:20,20439
2020-06-29 19:25,20600
2020-06-29 19:30,20693
2020-06-29 19:35,20790
2020-06-29 19:40,20847
2020-06-29 19:45,20948
2020-06-29 19:50,20984
2020-06-29 19:55,21067
2020-06-29 20:00,21147
2020-06-29 20:05,21077
2020-06-29 20:10,21176
2020-06-29 20:15,21217
2020-06-29 20:20,21225
2020-06-29 20:25,21277
2020-06-29 20:30,21274
2020-06-29 20:35,21322
2020-06-29 20:40,21394
2020-06-29 20:45,21478
2020-06-29 20:50,21428
2020-06-29 20:55,21540
2020-06-29 21:00,21467
2020-06-29 21:05,21281
2020-06-29 21:10,21262
2020-06-29 21:15,21269
2020-06-29 21:20,21276
2020-06-29 21:25,21223
2020-06-29 21:30,21284
2020-06-29 21:35,21262
2020-06-29 21:40,21253
2020-06-29 21:45,21087
2020-06-29 21:50,21014
2020-06-29 21:55,20908
2020-06-29 22:00,20851
2020-06-29 22:05,20708
2020-06-29 22:10,20696
2020-06-29 22:15,20593
2020-06-29 22:20,20505
2020-06-29 22:25,20375
2020-06-29 22:30,20261
2020-06-29 22:35,20091
2020-06-29 22:40,20013
2020-06-29 22:45,19979
2020-06-29 22:50,19827
2020-06-29 22:55,19848
2020-06-29 23:00,19802
2020-06-29 23:05,19694
2020-06-29 23:10,19601
2020-06-29 23:15,19468
2020-06-29 23:20,19528
2020-06-29 23:25,19453
2020-06-29 23:30,19489
2020-06-29 23:35,19449
2020-06-29 23:40,19452
2020-06-29 23:45,19452
2020-06-29 23:50,19371
2020-06-29 23:55,19372
2020-06-30 00:00,19334
2020-06-30 00:05,19298
2020-06-30 00:10,19309
2020-06-30 00:15,19364
2020-06-30 00:20,19398
2020-06-30 00:25,19401
2020-06-30 00:30,19412
2020-06-30 00:35,19416
2020-06-30 00:40,19421
2020-06-30 00:45,19539
2020-06-30 00:50,19544
2020-06-30 00:55,19601
2020-06-30 01:00,19594
2020-06-30 01:05,19648
2020-06-30 01:10,19735
2020-06-30 01:15,19775
2020-06-30 01:20,19730
2020-06-30 01:25,19797
2020-06-30 01:30,19768
2020-06-30 01:35,19800
2020-06-30 01:40,19918
2020-06-30 01:45,19898
2020-06-30 01:50,19929
2020-06-30 01:55,19956
2020-06-30 02:00,19876
2020-06-30 02:05,19859
2020-06-30 02:10,19854
2020-06-30 02:15,19830
2020-06-30 02:20,19788
2020-06-30 02:25,19768
2020-06-30 02:30,19824
2020-06-30 02:35,19768
2020-06-30 02:40,19644
2020-06-30 02:45,19640
2020-06-30 02:50,19620
2020-06-30 02:55,19511
2020-06-30 03:00,19393
2020-06-30 03:05,19257
2020-06-30 03:10,19078
2020-06-30 03:15,18835
2020-06-30 03:20,18675
2020-06-30 03:25,18596
2020-06-30 03:30,18513
2020-06-30 03:35,18310
2020-06-30 03:40,18164
2020-06-30 03:45,18055
2020-06-30 03:50,17871
2020-06-30 03:55,17635
2020-06-30 04:00,17445
2020-06-30 04:05,17283
2020-06-30 04:10,17066
2020-06-30 04:15,16869
2020-06-30 04:20,16725
2020-06-30 04:25,16485
2020-06-30 04:30,16317
2020-06-30 04:35,16113
2020-06-30 04:40,15849
2020-06-30 04:45,15649
2020-06-30 04:50,15435
2020-06-30 04:55,15180
2020-06-30 05:00,14986
2020-06-30 05:05,14681
2020-06-30 05:10,14382
2020-06-30 05:15,14143
2020-06-30 05:20,13974
2020-06-30 05:25,13787
2020-06-30 05:30,13509
2020-06-30 05:35,13277
2020-06-30 05:40,13085
2020-06-30 05:45,12866
2020-06-30 05:50,12641
2020-06-30 05:55,12415
2020-06-30 06:00,12189
2020-06-30 06:05,11899
2020-06-30 06:10,11769
2020-06-30 06:15,11516
2020-06-30 06:20,11355
2020-06-30 06:25,11132
2020-06-30 06:30,10943
2020-06-30 06:35,10786
2020-06-30 06:40,10686
2020-06-30 06:45,10519
2020-06-30 06:50,10310
2020-06-30 06:55,10063
2020-06-30 07:00,9859
2020-06-30 07:05,9708
2020-06-30 07:10,9527
2020-06-30 07:15,9310
2020-06-30 07:20,9119
2020-06-30 07:25,8939
2020-06-30 07:30,8814
2020-06-30 07:35,8660
2020-06-30 07:40,8520
2020-06-30 07:45,8423
2020-06-30 07:50,8359
2020-06-30 07:55,8250
2020-06-30 08:00,8115
2020-06-30 08:05,7970
2020-06-30 08:10,7848
2020-06-30 08:15,7734
2020-06-30 08:20,7632
2020-06-30 08:25,7544
2020-06-30 08:30,7502
2020-06-30 08:35,7456
2020-06-30 08:40,7365
2020-06-30 08:45,7347
2020-06-30 08:50,7321
2020-06-30 08:55,7319
2020-06-30 09:00,7249
2020-06-30 09:05,7235
2020-06-30 09:10,7222
2020-06-30 09:15,7170
2020-06-30 09:20,6821
2020-06-30 09:25,6836
2020-06-30 09:30,6857
2020-06-30 09:35,6847
2020-06-30 09:40,6835
2020-06-30 09:45,6865
2020-06-30 09:50,6873
2020-06-30 09:55,6866
2020-06-30 10:00,6880
2020-06-30 10:05,6808
2020-06-30 10:10,6818
2020-06-30 10:15,6805
2020-06-30 10:20,6748
2020-06-30 10:25,6683
2020-06-30 10:30,6641
2020-06-30 10:35,6030
2020-06-30 10:40,4907
2020-06-30 10:45,4033
2020-06-30 10:50,3249
2020-06-30 10:55,2672
2020-06-30 11:00,2374
2020-06-30 11:05,2165
2020-06-30 11:10,1934
2020-06-30 11:15,1941
2020-06-30 11:20,1917
2020-06-30 11:25,1896
2020-06-30 11:30,1901
2020-06-30 11:35,2073
2020-06-30 11:40,1951
2020-06-30 11:45,1941
2020-06-30 11:50,2210
2020-06-30 11:55,2947
2020-06-30 12:00,3643
2020-06-30 12:05,4216
2020-06-30 12:10,4868
2020-06-30 12:15,5455
2020-06-30 12:20,5905
2020-06-30 12:25,6371
2020-06-30 12:30,6817
2020-06-30 12:35,7321
2020-06-30 12:40,7795
2020-06-30 12:45,8274
2020-06-30 12:50,8659
2020-06-30 12:55,8948
2020-06-30 13:00,9229
2020-06-30 13:05,9475
2020-06-30 13:10,9767
2020-06-30 13:15,10009
2020-06-30 13:20,10265
2020-06-30 13:25,10497
2020-06-30 13:30,10700
2020-06-30 13:35,10905
2020-06-30 13:40,11069
2020-06-30 13:45,11269
2020-06-30 13:50,11453
2020-06-30 13:55,11565
2020-06-30 14:00,11699
2020-06-30 14:05,11833
2020-06-30 14:10,11992
2020-06-30 14:15,12079
2020-06-30 14:20,12251
2020-06-30 14:25,12466
2020-06-30 14:30,12688
2020-06-30 14:35,12772
2020-06-30 14:40,12898
2020-06-30 14:45,12982
2020-06-30 14:50,13147
2020-06-30 14:55,13212
2020-06-30 15:00,13262
2020-06-30 15:05,13361
2020-06-30 15:10,13484
2020-06-30 15:15,
2020-06-30 15:20,13666
2020-06-30 15:25,13783
2020-06-30 15:30,13908
2020-06-30 15:35,13977
2020-06-30 15:40,14129
2020-06-30 15:45,14222
2020-06-30 15:50,14352
2020-06-30 15:55,14421
2020-06-30 16:00,14512
2020-06-30 16:05,14613
2020-06-30 16:10,14660
2020-06-30 16:15,14820
2020-06-30 16:20,14972
2020-06-30 16:25,14957
2020-06-30 16:30,15230
2020-06-30 16:35,15386
2020-06-30 16:40,15546
2020-06-30 16:45,15594
2020-06-30 16:50,15765
2020-06-30 16:55,15930
2020-06-30 17:00,16026
2020-06-30 17:05,16228
2020-06-30 17:10,16396
2020-06-30 17:15,16511
2020-06-30 17:20,16654
2020-06-30 17:25,16769
2020-06-30 17:30,16937
2020-06-30 17:35,17110
2020-06-30 17:40,17276
2020-06-30 17:45,17472
2020-06-30 17:50,17641
2020-06-30 17:55,17845
2020-06-30 18:00,17990
2020-06-30 18:05,18164
2020-06-30 18:10,18330
2020-06-30 18:15,18469
2020-06-30 18:20,18683
2020-06-30 18:25,18823
2020-06-30 18:30,19010
2020-06-30 18:35,19219
2020-06-30 18:40,19480
2020-06-30 18:45,19644
2020-06-30 18:50,19757
2020-06-30 18:55,19965
2020-06-30 19:00,20052
2020-06-30 19:05,20240
2020-06-30 19:10,20305
2020-06-30 19:15,20544
2020-06-30 19:20,20742
2020-06-30 19:25,20817
2020-06-30 19:30,20940
2020-06-30 19:35,20949
2020-06-30 19:40,20990
2020-06-30 19:45,21081
2020-06-30 19:50,21106
2020-06-30 19:55,21119
2020-06-30 20:00,21170
2020-06-30 20:05,21237
2020-06-30 20:10,21284
2020-06-30 20:15,21284
2020-06-30 20:20,21201
2020-06-30 20:25,21238
2020-06-30 20:30,21256
2020-06-30 20:35,21143
2020-06-30 20:40,21169
2020-06-30 20:45,21236
2020-06-30 20:50,21211
2020-06-30 20:55,21211
2020-06-30 21:00,21086
2020-06-30 21:05,21029
2020-06-30 21:10,21005
2020-06-30 21:15,20985
2020-06-30 21:20,20934
2020-06-30 21:25,20888
2020-06-30 21:30,20919
2020-06-30 21:35,20773
2020-06-30 21:40,20681
2020-06-30 21:45,20643
2020-06-30 21:50,20607
2020-06-30 21:55,20567
2020-06-30 22:00,20464
2020-06-30 22:05,20392
2020-06-30 22:10,20373
2020-06-30 22:15,20289
2020-06-30 22:20,20160
2020-06-30 22:25,20097
2020-06-30 22:30,20003
2020-06-30 22:35,19910
2020-06-30 22:40,19716
2020-06-30 22:45,19616
2020-06-30 22:50,19400
2020-06-30 22:55,19195
2020-06-30 23:00,19114
2020-06-30 23:05,18939
2020-06-30 23:10,19275
2020-06-30 23:15,19207
2020-06-30 23:20,19244
2020-06-30 23:25,19264
2020-06-30 23:30,19213
2020-06-30 23:35,19242
2020-06-30 23:40,19314
2020-06-30 23:45,19345
2020-06-30 23:50,19304
2020-06-30 23:55,19244
2020-07-01 00:00,19235
2020-07-01 00:05,19220
2020-07-01 00:10,19286
2020-07-01 00:15,19326
2020-07-01 00:20,19323
2020-07-01 00:25,19335
2020-07-01 00:30,19355
2020-07-01 00:35,19350
2020-07-01 00:40,19291
2020-07-01 00:45,19336
2020-07-01 00:50,19307
2020-07-01 00:55,19428
2020-07-01 01:00,19487
2020-07-01 01:05,19544
2020-07-01 01:10,19584
2020-07-01 01:15,19605
2020-07-01 01:20,19700
2020-07-01 01:25,19767
2020-07-01 01:30,19798
2020-07-01 01:35,19798
2020-07-01 01:40,19839
2020-07-01 01:45,19940
2020-07-01 01:50,19923
2020-07-01 01:55,19975
2020-07-01 02:00,20066
2020-07-01 02:05,20009
2020-07-01 02:10,20059
2020-07-01 02:15,20047
2020-07-01 02:20,19960
2020-07-01 02:25,19899
2020-07-01 02:30,19937
2020-07-01 02:35,19941
2020-07-01 02:40,19966
2020-07-01 02:45,19924
2020-07-01 02:50,19829
2020-07-01 02:55,19643
2020-07-01 03:00,19576
2020-07-01 03:05,19453
2020-07-01 03:10,19329
2020-07-01 03:15,19270
2020-07-01 03:20,19084
2020-07-01 03:25,18936
2020-07-01 03:30,18758
2020-07-01 03:35,18682
2020-07-01 03:40,18523
2020-07-01 03:45,18399
2020-07-01 03:50,18225
2020-07-01 03:55,18083
2020-07-01 04:00,17826
2020-07-01 04:05,17616
2020-07-01 04:10,17423
2020-07-01 04:15,17320
2020-07-01 04:20,17110
2020-07-01 04:25,16913
2020-07-01 04:30,16684
2020-07-01 04:35,16418
2020-07-01 04:40,16231
2020-07-01 04:45,16000
2020-07-01 04:50,15757
2020-07-01 04:55,15540
2020-07-01 05:00,15364
2020-07-01 05:05,15044
2020-07-01 05:10,14802
2020-07-01 05:15,14497
2020-07-01 05:20,14221
2020-07-01 05:25,14019
2020-07-01 05:30,13769
2020-07-01 05:35,13474
2020-07-01 05:40,13249
2020-07-01 05:45,12999
2020-07-01 05:50,12770
2020-07-01 05:55,12475
2020-07-01 06:00,12249
2020-07-01 06:05,12012
2020-07-01 06:10,11827
2020-07-01 06:15,11602
2020-07-01 06:20,11431
2020-07-01 06:25,11226
2020-07-01 06:30,10982
2020-07-01 06:35,10797
2020-07-01 06:40,10600
2020-07-01 06:45,10449
2020-07-01 06:50,10258
2020-07-01 06:55,10068
2020-07-01 07:00,9920
2020-07-01 07:05,9763
2020-07-01 07:10,9590
2020-07-01 07:15,9392
2020-07-01 07:20,9280
2020-07-01 07:25,9135
2020-07-01 07:30,9008
2020-07-01 07:35,8866
2020-07-01 07:40,8715
2020-07-01 07:45,8585
2020-07-01 07:50,8498
2020-07-01 07:55,8404
2020-07-01 08:00,8364
2020-07-01 08:05,8279
2020-07-01 08:10,8240
2020-07-01 08:15,8152
2020-07-01 08:20,8048
2020-07-01 08:25,8005
2020-07-01 08:30,7919
2020-07-01 08:35,7833
2020-07-01 08:40,7755
2020-07-01 08:45,7715
2020-07-01 08:50,7667
2020-07-01 08:55,7640
2020-07-01 09:00,7599
2020-07-01 09:05,7601
2020-07-01 09:10,7634
2020-07-01 09:15,7619
2020-07-01 09:20,7612
2020-07-01 09:25,7634
2020-07-01 09:30,7700
2020-07-01 09:35,7736
2020-07-01 09:40,7732
2020-07-01 09:45,7724
2020-07-01 09:50,7691
2020-07-01 09:55,7724
2020-07-01 10:00,7734
2020-07-01 10:05,7782
2020-07-01 10:10,7796
2020-07-01 10:15,7781
2020-07-01 10:20,7846
2020-07-01 10:25,7838
2020-07-01 10:30,7845
2020-07-01 10:35,7863
2020-07-01 10:40,7925
2020-07-01 10:45,7980
2020-07-01 10:50,8023
2020-07-01 10:55,8078
2020-07-01 11:00,8123
2020-07-01 11:05,8180
2020-07-01 11:10,8247
2020-07-01 11:15,8288
2020-07-01 11:20,8375
2020-07-01 11:25,8438
2020-07-01 11:30,8463
2020-07-01 11:35,8475
2020-07-01 11:40,8566
2020-07-01 11:45,8647
2020-07-01 11:50,8675
2020-07-01 11:55,8777
2020-07-01 12:00,8825
2020-07-01 12:05,8905
2020-07-01 12:10,9007
2020-07-01 12:15,9066
2020-07-01 12:20,9169
2020-07-01 12:25,9220
2020-07-01 12:30,9357
2020-07-01 12:35,9481
2020-07-01 12:40,9545
2020-07-01 12:45,9646
2020-07-01 12:50,9724
2020-07-01 12:55,9771
2020-07-01 13:00,9871
2020-07-01 13:05,9954
2020-07-01 13:10,10011
2020-07-01 13:15,10174
2020-07-01 13:20,10346
2020-07-01 13:25,10501
2020-07-01 13:30,10599
2020-07-01 13:35,10677
2020-07-01 13:40,10740
2020-07-01 13:45,10896
2020-07-01 13:50,10977
2020-07-01 13:55,11066
2020-07-01 14:00,11133
2020-07-01 14:05,11212
2020-07-01 14:10,11263
2020-07-01 14:15,11416
2020-07-01 14:20,11573
2020-07-01 14:25,11681
2020-07-01 14:30,11843
2020-07-01 14:35,11989
2020-07-01 14:40,12130
2020-07-01 14:45,12248
2020-07-01 14:50,12338
2020-07-01 14:55,12420
2020-07-01 15:00,12482
2020-07-01 15:05,12640
2020-07-01 15:10,12745
2020-07-01 15:15,12930
2020-07-01 15:20,13049
2020-07-01 15:25,13125
2020-07-01 15:30,13260
2020-07-01 15:35,13308
2020-07-01 15:40,13387
2020-07-01 15:45,13565
2020-07-01 15:50,13695
2020-07-01 15:55,13740
2020-07-01 16:00,13694
2020-07-01 16:05,13792
2020-07-01 16:10,13931
2020-07-01 16:15,14068
2020-07-01 16:20,14146
2020-07-01 16:25,14329
2020-07-01 16:30,14480
2020-07-01 16:35,14578
2020-07-01 16:40,14793
2020-07-01 16:45,14938
2020-07-01 16:50,15081
2020-07-01 16:55,15220
2020-07-01 17:00,15372
2020-07-01 17:05,15474
2020-07-01 17:10,15691
2020-07-01 17:15,15854
2020-07-01 17:20,15918
2020-07-01 17:25,15977
2020-07-01 17:30,16134
2020-07-01 17:35,16294
2020-07-01 17:40,16413
2020-07-01 17:45,16519
2020-07-01 17:50,16686
2020-07-01 17:55,16904
2020-07-01 18:00,17031
2020-07-01 18:05,17185
2020-07-01 18:10,17345
2020-07-01 18:15,17551
2020-07-01 18:20,17720
2020-07-01 18:25,17907
2020-07-01 18:30,18077
2020-07-01 18:35,18313
2020-07-01 18:40,18502
2020-07-01 18:45,18678
2020-07-01 18:50,18867
2020-07-01 18:55,18952
2020-07-01 19:00,19117
2020-07-01 19:05,19293
2020-07-01 19:10,19369
2020-07-01 19:15,19445
2020-07-01 19:20,19561
2020-07-01 19:25,19696
2020-07-01 19:30,19825
2020-07-01 19:35,19894
2020-07-01 19:40,19955
2020-07-01 19:45,20143
2020-07-01 19:50,20282
2020-07-01 19:55,20383
2020-07-01 20:00,20495
2020-07-01 20:05,20580
2020-07-01 20:10,20621
2020-07-01 20:15,20727
2020-07-01 20:20,20812
2020-07-01 20:25,20888
2020-07-01 20:30,20948
2020-07-01 20:35,20960
2020-07-01 20:40,21052
2020-07-01 20:45,21098
2020-07-01 20:50,21086
2020-07-01 20:55,20994
2020-07-01 21:00,20992
2020-07-01 21:05,20945
2020-07-01 21:10,20845
2020-07-01 21:15,20840
2020-07-01 21:20,20888
2020-07-01 21:25,20856
2020-07-01 21:30,20710
2020-07-01 21:35,20589
2020-07-01 21:40,20556
2020-07-01 21:45,20523
2020-07-01 21:50,20466
2020-07-01 21:55,20412
2020-07-01 22:00,20234
2020-07-01 22:05,20118
2020-07-01 22:10,20040
2020-07-01 22:15,19948
2020-07-01 22:20,19857
2020-07-01 22:25,19798
2020-07-01 22:30,19697
2020-07-01 22:35,19645
2020-07-01 22:40,19521
2020-07-01 22:45,19424
2020-07-01 22:50,19332
2020-07-01 22:55,19287
2020-07-01 23:00,19185
2020-07-01 23:05,19128
2020-07-01 23:10,19167
2020-07-01 23:15,19086
2020-07-01 23:20,19064
2020-07-01 23:25,19054
2020-07-01 23:30,19068
2020-07-01 23:35,19091
2020-07-01 23:40,19092
2020-07-01 23:45,19115
2020-07-01 23:50,19201
2020-07-01 23:55,19128
2020-07-02 00:00,18971
2020-07-02 00:05,18955
2020-07-02 00:10,18929
2020-07-02 00:15,18960
2020-07-02 00:20,18936
2020-07-02 00:25,18971
2020-07-02 00:30,18934
2020-07-02 00:35,18916
2020-07-02 00:40,18887
2020-07-02 00:45,18908
2020-07-02 00:50,18941
2020-07-02 00:55,18945
2020-07-02 01:00,18976
2020-07-02 01:05,19046
2020-07-02 01:10,19057
2020-07-02 01:15,19138
2020-07-02 01:20,19167
2020-07-02 01:25,19147
2020-07-02 01:30,19198
2020-07-02 01:35,19251
2020-07-02 01:40,19323
2020-07-02 01:45,19370
2020-07-02 01:50,19397
2020-07-02 01:55,19437
2020-07-02 02:00,19379
2020-07-02 02:05,19434
2020-07-02 02:10,19389
2020-07-02 02:15,19465
2020-07-02 02:20,19468
2020-07-02 02:25,19439
2020-07-02 02:30,19376
2020-07-02 02:35,19386
2020-07-02 02:40,19381
2020-07-02 02:45,19322
2020-07-02 02:50,19307
2020-07-02 02:55,19290
2020-07-02 03:00,19222
2020-07-02 03:05,19127
2020-07-02 03:10,18980
2020-07-02 03:15,18885
2020-07-02 03:20,18852
2020-07-02 03:25,18753
2020-07-02 03:30,18645
2020-07-02 03:35,18501
2020-07-02 03:40,18487
2020-07-02 03:45,18285
2020-07-02 03:50,18149
2020-07-02 03:55,18035
2020-07-02 04:00,17804
2020-07-02 04:05,17580
2020-07-02 04:10,17330
2020-07-02 04:15,17037
2020-07-02 04:20,16954
2020-07-02 04:25,16808
2020-07-02 04:30,16634
2020-07-02 04:35,16384
2020-07-02 04:40,16146
2020-07-02 04:45,15904
2020-07-02 04:50,15741
2020-07-02 04:55,15430
2020-07-02 05:00,15234
2020-07-02 05:05,15059
2020-07-02 05:10,14772
2020-07-02 05:15,14477
2020-07-02 05:20,14187
2020-07-02 05:25,13909
2020-07-02 05:30,13625
2020-07-02 05:35,13429
2020-07-02 05:40,13160
2020-07-02 05:45,12918
2020-07-02 05:50,12711
2020-07-02 05:55,12566
2020-07-02 06:00,12362
2020-07-02 06:05,12091
2020-07-02 06:10,11866
2020-07-02 06:15,11666
2020-07-02 06:20,11436
2020-07-02 06:25,11243
2020-07-02 06:30,11035
2020-07-02 06:35,10826
2020-07-02 06:40,10589
2020-07-02 06:45,10378
2020-07-02 06:50,10175
2020-07-02 06:55,9947
2020-07-02 07:00,9748
2020-07-02 07:05,9622
2020-07-02 07:10,9410
2020-07-02 07:15,9258
2020-07-02 07:20,9121
2020-07-02 07:25,8928
2020-07-02 07:30,8810
2020-07-02 07:35,8679
2020-07-02 07:40,8555
2020-07-02 07:45,8466
2020-07-02 07:50,8395
2020-07-02 07:55,8232
2020-07-02 08:00,8096
2020-07-02 08:05,7980
2020-07-02 08:10,7885
2020-07-02 08:15,7796
2020-07-02 08:20,7748
2020-07-02 08:25,7644
2020-07-02 08:30,7589
2020-07-02 08:35,7567
2020-07-02 08:40,7550
2020-07-02 08:45,7464
2020-07-02 08:50,7427
2020-07-02 08:55,7401
2020-07-02 09:00,7392
2020-07-02 09:05,7357
2020-07-02 09:10,7389
2020-07-02 09:15,7418
2020-07-02 09:20,7312
2020-07-02 09:25,7309
2020-07-02 09:30,7368
2020-07-02 09:35,7386
2020-07-02 09:40,7371
2020-07-02 09:45,7344
2020-07-02 09:50,7352
2020-07-02 09:55,7342
2020-07-02 10:00,7296
2020-07-02 10:05,7387
2020-07-02 10:10,7398
2020-07-02 10:15,7400
2020-07-02 10:20,7407
2020-07-02 10:25,7458
2020-07-02 10:30,7502
2020-07-02 10:35,7522
2020-07-02 10:40,7560
2020-07-02 10:45,7652
2020-07-02 10:50,7730
2020-07-02 10:55,7755
2020-07-02 11:00,7830
2020-07-02 11:05,7862
2020-07-02 11:10,7895
2020-07-02 11:15,7976
2020-07-02 11:20,7983
2020-07-02 11:25,8039
2020-07-02 11:30,8062
2020-07-02 11:35,8184
2020-07-02 11:40,8239
2020-07-02 11:45,8307
2020-07-02 11:50,8399
2020-07-02 11:55,8480
2020-07-02 12:00,8533
2020-07-02 12:05,8556
2020-07-02 12:10,8677
2020-07-02 12:15,8765
2020-07-02 12:20,8863
2020-07-02 12:25,8952
2020-07-02 12:30,8996
2020-07-02 12:35,9068
2020-07-02 12:40,9219
2020-07-02 12:45,9286
2020-07-02 12:50,9418
2020-07-02 12:55,9513
2020-07-02 13:00,9681
2020-07-02 13:05,9787
2020-07-02 13:10,9875
2020-07-02 13:15,9976
2020-07-02 13:20,10133
2020-07-02 13:25,10247
2020-07-02 13:30,10364
2020-07-02 13:35,10467
2020-07-02 13:40,10556
2020-07-02 13:45,10705
2020-07-02 13:50,10806
2020-07-02 13:55,10899
2020-07-02 14:00,11028
2020-07-02 14:05,11110
2020-07-02 14:10,11273
2020-07-02 14:15,11459
2020-07-02 14:20,11576
2020-07-02 14:25,11662
2020-07-02 14:30,11804
2020-07-02 14:35,11896
2020-07-02 14:40,12059
2020-07-02 14:45,12105
2020-07-02 14:50,12232
2020-07-02 14:55,12287
2020-07-02 15:00,12404
2020-07-02 15:05,12459
2020-07-02 15:10,12594
2020-07-02 15:15,12703
2020-07-02 15:20,12825
2020-07-02 15:25,12894
2020-07-02 15:30,12993
2020-07-02 15:35,13086
2020-07-02 15:40,13318
2020-07-02 15:45,13383
2020-07-02 15:50,13523
2020-07-02 15:55,13633
2020-07-02 16:00,13710
2020-07-02 16:05,13769
2020-07-02 16:10,13965
2020-07-02 16:15,14081
2020-07-02 16:20,14176
2020-07-02 16:25,14283
2020-07-02 16:30,14382
2020-07-02 16:35,14527
2020-07-02 16:40,14604
2020-07-02 16:45,14723
2020-07-02 16:50,14858
2020-07-02 16:55,15005
2020-07-02 17:00,15169
2020-07-02 17:05,15245
2020-07-02 17:10,15399
2020-07-02 17:15,15506
2020-07-02 17:20,15597
2020-07-02 17:25,15657
2020-07-02 17:30,15777
2020-07-02 17:35,15899
2020-07-02 17:40,16052
2020-07-02 17:45,16228
2020-07-02 17:50,16388
2020-07-02 17:55,16488
2020-07-02 18:00,16607
2020-07-02 18:05,16755
2020-07-02 18:10,16927
2020-07-02 18:15,17046
2020-07-02 18:20,17274
2020-07-02 18:25,17493
2020-07-02 18:30,17776
2020-07-02 18:35,17966
2020-07-02 18:40,18252
2020-07-02 18:45,18467
2020-07-02 18:50,18062
2020-07-02 18:55,17577
2020-07-02 19:00,17613
2020-07-02 19:05,17734
2020-07-02 19:10,17881
2020-07-02 19:15,17979
2020-07-02 19:20,18089
2020-07-02 19:25,18293
2020-07-02 19:30,18489
2020-07-02 19:35,18678
2020-07-02 19:40,18794
2020-07-02 19:45,18975
2020-07-02 19:50,19192
2020-07-02 19:55,19317
2020-07-02 20:00,19453
2020-07-02 20:05,19554
2020-07-02 20:10,19593
2020-07-02 20:15,19676
2020-07-02 20:20,19698
2020-07-02 20:25,19851
2020-07-02 20:30,19932
2020-07-02 20:35,20016
2020-07-02 20:40,20058
2020-07-02 20:45,20038
2020-07-02 20:50,20126
2020-07-02 20:55,20126
2020-07-02 21:00,20159
2020-07-02 21:05,20113
2020-07-02 21:10,19995
2020-07-02 21:15,20091
2020-07-02 21:20,20139
2020-07-02 21:25,20114
2020-07-02 21:30,20029
2020-07-02 21:35,19957
2020-07-02 21:40,19987
2020-07-02 21:45,19959
2020-07-02 21:50,19834
2020-07-02 21:55,19817
2020-07-02 22:00,19745
2020-07-02 22:05,19747
2020-07-02 22:10,19648
2020-07-02 22:15,19514
2020-07-02 22:20,19468
2020-07-02 22:25,19484
2020-07-02 22:30,19398
2020-07-02 22:35,19345
2020-07-02 22:40,19287
2020-07-02 22:45,19155
2020-07-02 22:50,19142
2020-07-02 22:55,18937
2020-07-02 23:00,18931
2020-07-02 23:05,18832
2020-07-02 23:10,18797
2020-07-02 23:15,18723
2020-07-02 23:20,18701
2020-07-02 23:25,18648
2020-07-02 23:30,18529
2020-07-02 23:35,18443
2020-07-02 23:40,18398
2020-07-02 23:45,18473
2020-07-02 23:50,18427
2020-07-02 23:55,18415
2020-07-03 00:00,18367
2020-07-03 00:05,18293
2020-07-03 00:10,18300
2020-07-03 00:15,18198
2020-07-03 00:20,18142
2020-07-03 00:25,18103
2020-07-03 00:30,18076
2020-07-03 00:35,18072
2020-07-03 00:40,18098
2020-07-03 00:45,18080
2020-07-03 00:50,18123
2020-07-03 00:55,18238
2020-07-03 01:00,18314
2020-07-03 01:05,18410
2020-07-03 01:10,18426
2020-07-03 01:15,18433
2020-07-03 01:20,18502
2020-07-03 01:25,18611
2020-07-03 01:30,18616
2020-07-03 01:35,18702
2020-07-03 01:40,18786
2020-07-03 01:45,18876
2020-07-03 01:50,18908
2020-07-03 01:55,19065
2020-07-03 02:00,19030
2020-07-03 02:05,19029
2020-07-03 02:10,19073
2020-07-03 02:15,19038
2020-07-03 02:20,19056
2020-07-03 02:25,19073
2020-07-03 02:30,19084
2020-07-03 02:35,19131
2020-07-03 02:40,19116
2020-07-03 02:45,19164
2020-07-03 02:50,19197
2020-07-03 02:55,19130
2020-07-03 03:00,19092
2020-07-03 03:05,19092
2020-07-03 03:10,19050
2020-07-03 03:15,18970
2020-07-03 03:20,18890
2020-07-03 03:25,18773
2020-07-03 03:30,18676
2020-07-03 03:35,18713
2020-07-03 03:40,18575
2020-07-03 03:45,18478
2020-07-03 03:50,18319
2020-07-03 03:55,18153
2020-07-03 04:00,18047
2020-07-03 04:05,17897
2020-07-03 04:10,17724
2020-07-03 04:15,17600
2020-07-03 04:20,17507
2020-07-03 04:25,17379
2020-07-03 04:30,17140
2020-07-03 04:35,16904
2020-07-03 04:40,16731
2020-07-03 04:45,16469
2020-07-03 04:50,16188
2020-07-03 04:55,15961
2020-07-03 05:00,15785
2020-07-03 05:05,15446
2020-07-03 05:10,15287
2020-07-03 05:15,15066
2020-07-03 05:20,14826
2020-07-03 05:25,14610
2020-07-03 05:30,14348
2020-07-03 05:35,14197
2020-07-03 05:40,13959
2020-07-03 05:45,13813
2020-07-03 05:50,13541
2020-07-03 05:55,13369
2020-07-03 06:00,13092
2020-07-03 06:05,12880
2020-07-03 06:10,12558
2020-07-03 06:15,12335
2020-07-03 06:20,12114
2020-07-03 06:25,11900
2020-07-03 06:30,11648
2020-07-03 06:35,11272
2020-07-03 06:40,10954
2020-07-03 06:45,10702
2020-07-03 06:50,10336
2020-07-03 06:55,10179
2020-07-03 07:00,9887
2020-07-03 07:05,9545
2020-07-03 07:10,9266
2020-07-03 07:15,8971
2020-07-03 07:20,8610
2020-07-03 07:25,8339
2020-07-03 07:30,8054
2020-07-03 07:35,6942
2020-07-03 07:40,5752
2020-07-03 07:45,4590
2020-07-03 07:50,3535
2020-07-03 07:55,2861
2020-07-03 08:00,2431
2020-07-03 08:05,1946
2020-07-03 08:10,1890
2020-07-03 08:15,1861
2020-07-03 08:20,1930
2020-07-03 08:25,1884
2020-07-03 08:30,2241
2020-07-03 08:35,2818
2020-07-03 08:40,3295
2020-07-03 08:45,3708
2020-07-03 08:50,4153
2020-07-03 08:55,4481
2020-07-03 09:00,4785
2020-07-03 09:05,5140
2020-07-03 09:10,5463
2020-07-03 09:15,5729
2020-07-03 09:20,5965
2020-07-03 09:25,6163
2020-07-03 09:30,6372
2020-07-03 09:35,6548
2020-07-03 09:40,6707
2020-07-03 09:45,6850
2020-07-03 09:50,6965
2020-07-03 09:55,7076
2020-07-03 10:00,7151
2020-07-03 10:05,7244
2020-07-03 10:10,7319
2020-07-03 10:15,7369
2020-07-03 10:20,7464
2020-07-03 10:25,7539
2020-07-03 10:30,7580
2020-07-03 10:35,7624
2020-07-03 10:40,7706
2020-07-03 10:45,7766
2020-07-03 10:50,7825
2020-07-03 10:55,7905
2020-07-03 11:00,7961
2020-07-03 11:05,8018
2020-07-03 11:10,8067
2020-07-03 11:15,8176
2020-07-03 11:20,8261
2020-07-03 11:25,8350
2020-07-03 11:30,8420
2020-07-03 11:35,8479
2020-07-03 11:40,8530
2020-07-03 11:45,8624
2020-07-03 11:50,8740
2020-07-03 11:55,8787
2020-07-03 12:00,8830
2020-07-03 12:05,8915
2020-07-03 12:10,8931
2020-07-03 12:15,8995
2020-07-03 12:20,9149
2020-07-03 12:25,9231
2020-07-03 12:30,9317
2020-07-03 12:35,9476
2020-07-03 12:40,9568
2020-07-03 12:45,9664
2020-07-03 12:50,9760
2020-07-03 12:55,9830
2020-07-03 13:00,9981
2020-07-03 13:05,10128
2020-07-03 13:10,10242
2020-07-03 13:15,10310
2020-07-03 13:20,10399
2020-07-03 13:25,10482
2020-07-03 13:30,10663
2020-07-03 13:35,10800
2020-07-03 13:40,10934
2020-07-03 13:45,11119
2020-07-03 13:50,11240
2020-07-03 13:55,11321
2020-07-03 14:00,11448
2020-07-03 14:05,11665
2020-07-03 14:10,11766
2020-07-03 14:15,11895
2020-07-03 14:20,11964
2020-07-03 14:25,12092
2020-07-03 14:30,12253
2020-07-03 14:35,12375
2020-07-03 14:40,12535
2020-07-03 14:45,12635
2020-07-03 14:50,12813
2020-07-03 14:55,12846
2020-07-03 15:00,12940
2020-07-03 15:05,12992
2020-07-03 15:10,13116
2020-07-03 15:15,13142
2020-07-03 15:20,13265
2020-07-03 15:25,13276
2020-07-03 15:30,13372
2020-07-03 15:35,13459
2020-07-03 15:40,13584
2020-07-03 15:45,13690
2020-07-03 15:50,13780
2020-07-03 15:55,13859
2020-07-03 16:00,13948
2020-07-03 16:05,14063
2020-07-03 16:10,14132
2020-07-03 16:15,14261
2020-07-03 16:20,14432
2020-07-03 16:25,14531
2020-07-03 16:30,14690
2020-07-03 16:35,14794
2020-07-03 16:40,14946
2020-07-03 16:45,15078
2020-07-03 16:50,15225
2020-07-03 16:55,15302
2020-07-03 17:00,15387
2020-07-03 17:05,15541
2020-07-03 17:10,15679
2020-07-03 17:15,15788
2020-07-03 17:20,15950
2020-07-03 17:25,16130
2020-07-03 17:30,16260
2020-07-03 17:35,16442
2020-07-03 17:40,16571
2020-07-03 17:45,16649
2020-07-03 17:50,16816
2020-07-03 17:55,16934
2020-07-03 18:00,17088
2020-07-03 18:05,17107
2020-07-03 18:10,17251
2020-07-03 18:15,17426
2020-07-03 18:20,17597
2020-07-03 18:25,17826
2020-07-03 18:30,17952
2020-07-03 18:35,18153
2020-07-03 18:40,18359
2020-07-03 18:45,18596
2020-07-03 18:50,18725
2020-07-03 18:55,18847
2020-07-03 19:00,18936
2020-07-03 19:05,19053
2020-07-03 19:10,19183
2020-07-03 19:15,19413
2020-07-03 19:20,19550
2020-07-03 19:25,19646
2020-07-03 19:30,19748
2020-07-03 19:35,19896
2020-07-03 19:40,20051
2020-07-03 19:45,20104
2020-07-03 19:50,20237
2020-07-03 19:55,20347
2020-07-03 20:00,20421
2020-07-03 20:05,20440
2020-07-03 20:10,20531
2020-07-03 20:15,20620
2020-07-03 20:20,20701
2020-07-03 20:25,20740
2020-07-03 20:30,20866
2020-07-03 20:35,20986
2020-07-03 20:40,20981
2020-07-03 20:45,20932
2020-07-03 20:50,20935
2020-07-03 20:55,20979
2020-07-03 21:00,20979
2020-07-03 21:05,21028
2020-07-03 21:10,21086
2020-07-03 21:15,21191
2020-07-03 21:20,21331
2020-07-03 21:25,21367
2020-07-03 21:30,21196
2020-07-03 21:35,21117
2020-07-03 21:40,20964
2020-07-03 21:45,20874
2020-07-03 21:50,20827
2020-07-03 21:55,20783
2020-07-03 22:00,20632
2020-07-03 22:05,20553
2020-07-03 22:10,20491
2020-07-03 22:15,20345
2020-07-03 22:20,20329
2020-07-03 22:25,20271
2020-07-03 22:30,20198
2020-07-03 22:35,20061
2020-07-03 22:40,19895
2020-07-03 22:45,19829
2020-07-03 22:50,19670
2020-07-03 22:55,19639
2020-07-03 23:00,19494
2020-07-03 23:05,19416
2020-07-03 23:10,19225
2020-07-03 23:15,19158
2020-07-03 23:20,18984
2020-07-03 23:25,18899
2020-07-03 23:30,18839
2020-07-03 23:35,18815
2020-07-03 23:40,18713
2020-07-03 23:45,18692
2020-07-03 23:50,18597
2020-07-03 23:55,18534
2020-07-04 00:00,18489
2020-07-04 00:05,18381
2020-07-04 00:10,18338
2020-07-04 00:15,18277
2020-07-04 00:20,18196
2020-07-04 00:25,18182
2020-07-04 00:30,18138
2020-07-04 00:35,18108
2020-07-04 00:40,18096
2020-07-04 00:45,18039
2020-07-04 00:50,18089
2020-07-04 00:55,18191
2020-07-04 01:00,18078
2020-07-04 01:05,18099
2020-07-04 01:10,18160
2020-07-04 01:15,18226
2020-07-04 01:20,18192
2020-07-04 01:25,18215
2020-07-04 01:30,18334
2020-07-04 01:35,18388
2020-07-04 01:40,18508
2020-07-04 01:45,18432
2020-07-04 01:50,18462
2020-07-04 01:55,18415
2020-07-04 02:00,18424
2020-07-04 02:05,18495
2020-07-04 02:10,18547
2020-07-04 02:15,18592
2020-07-04 02:20,18700
2020-07-04 02:25,18849
2020-07-04 02:30,18868
2020-07-04 02:35,18930
2020-07-04 02:40,19013
2020-07-04 02:45,19099
2020-07-04 02:50,19109
2020-07-04 02:55,19153
2020-07-04 03:00,19211
2020-07-04 03:05,19198
2020-07-04 03:10,19107
2020-07-04 03:15,19062
2020-07-04 03:20,19022
2020-07-04 03:25,19056
2020-07-04 03:30,19052
2020-07-04 03:35,19022
2020-07-04 03:40,18928
2020-07-04 03:45,18797
2020-07-04 03:50,18725
2020-07-04 03:55,18614
2020-07-04 04:00,18492
2020-07-04 04:05,18354
2020-07-04 04:10,18192
2020-07-04 04:15,18130
2020-07-04 04:20,17998
2020-07-04 04:25,17942
2020-07-04 04:30,17767
2020-07-04 04:35,17677
2020-07-04 04:40,17492
2020-07-04 04:45,17315
2020-07-04 04:50,17166
2020-07-04 04:55,17010
2020-07-04 05:00,16775
2020-07-04 05:05,16577
2020-07-04 05:10,16359
2020-07-04 05:15,16182
2020-07-04 05:20,16018
2020-07-04 05:25,15822
2020-07-04 05:30,15538
2020-07-04 05:35,15286
2020-07-04 05:40,15073
2020-07-04 05:45,14833
2020-07-04 05:50,14576
2020-07-04 05:55,14400
2020-07-04 06:00,14115
2020-07-04 06:05,13852
2020-07-04 06:10,13703
2020-07-04 06:15,13434
2020-07-04 06:20,13085
2020-07-04 06:25,12860
2020-07-04 06:30,12617
2020-07-04 06:35,12432
2020-07-04 06:40,12179
2020-07-04 06:45,11986
2020-07-04 06:50,11766
2020-07-04 06:55,11509
2020-07-04 07:00,11297
2020-07-04 07:05,11050
2020-07-04 07:10,10847
2020-07-04 07:15,10644
2020-07-04 07:20,10462
2020-07-04 07:25,10264
2020-07-04 07:30,10070
2020-07-04 07:35,9980
2020-07-04 07:40,9787
2020-07-04 07:45,9633
2020-07-04 07:50,9520
2020-07-04 07:55,9475
2020-07-04 08:00,9344
2020-07-04 08:05,9198
2020-07-04 08:10,9124
2020-07-04 08:15,8848
2020-07-04 08:20,8747
2020-07-04 08:25,8657
2020-07-04 08:30,8591
2020-07-04 08:35,8507
2020-07-04 08:40,8483
2020-07-04 08:45,8451
2020-07-04 08:50,8404
2020-07-04 08:55,8372
2020-07-04 09:00,8340
2020-07-04 09:05,8320
2020-07-04 09:10,8311
2020-07-04 09:15,8270
2020-07-04 09:20,8273
2020-07-04 09:25,8260
2020-07-04 09:30,8273
2020-07-04 09:35,8280
2020-07-04 09:40,8287
2020-07-04 09:45,8304
2020-07-04 09:50,8304
2020-07-04 09:55,8338
2020-07-04 10:00,8386
2020-07-04 10:05,8393
2020-07-04 10:10,8377
2020-07-04 10:15,8413
2020-07-04 10:20,8421
2020-07-04 10:25,8416
2020-07-04 10:30,8411
2020-07-04 10:35,8385
2020-07-04 10:40,8426
2020-07-04 10:45,8487
2020-07-04 10:50,8493
2020-07-04 10:55,8528
2020-07-04 11:00,8572
2020-07-04 11:05,8568
2020-07-04 11:10,8617
2020-07-04 11:15,8689
2020-07-04 11:20,8727
2020-07-04 11:25,8753
2020-07-04 11:30,8827
2020-07-04 11:35,8903
2020-07-04 11:40,8926
2020-07-04 11:45,9020
2020-07-04 11:50,9082
2020-07-04 11:55,9162
2020-07-04 12:00,9195
2020-07-04 12:05,9248
2020-07-04 12:10,9252
2020-07-04 12:15,9371
2020-07-04 12:20,9448
2020-07-04 12:25,9537
2020-07-04 12:30,9677
2020-07-04 12:35,9848
2020-07-04 12:40,9914
2020-07-04 12:45,10003
2020-07-04 12:50,10176
2020-07-04 12:55,10278
2020-07-04 13:00,10294
2020-07-04 13:05,10437
2020-07-04 13:10,10608
2020-07-04 13:15,10712
2020-07-04 13:20,10845
2020-07-04 13:25,10910
2020-07-04 13:30,11003
2020-07-04 13:35,11103
2020-07-04 13:40,11228
2020-07-04 13:45,11384
2020-07-04 13:50,11464
2020-07-04 13:55,11581
2020-07-04 14:00,11705
2020-07-04 14:05,11837
2020-07-04 14:10,11528
2020-07-04 14:15,11981
2020-07-04 14:20,12171
2020-07-04 14:25,12250
2020-07-04 14:30,12287
2020-07-04 14:35,12425
2020-07-04 14:40,12464
2020-07-04 14:45,12570
2020-07-04 14:50,12665
2020-07-04 14:55,12792
2020-07-04 15:00,12908
2020-07-04 15:05,13002
2020-07-04 15:10,13161
2020-07-04 15:15,13251
2020-07-04 15:20,13457
2020-07-04 15:25,13546
2020-07-04 15:30,13662
2020-07-04 15:35,13720
2020-07-04 15:40,13741
2020-07-04 15:45,13809
2020-07-04 15:50,13907
2020-07-04 15:55,14003
2020-07-04 16:00,14081
2020-07-04 16:05,14208
2020-07-04 16:10,14320
2020-07-04 16:15,14427
2020-07-04 16:20,14534
2020-07-04 16:25,14600
2020-07-04 16:30,14686
2020-07-04 16:35,14742
2020-07-04 16:40,14764
2020-07-04 16:45,14836
2020-07-04 16:50,14933
2020-07-04 16:55,15058
2020-07-04 17:00,15226
2020-07-04 17:05,15236
2020-07-04 17:10,15283
2020-07-04 17:15,15381
2020-07-04 17:20,15527
2020-07-04 17:25,15610
2020-07-04 17:30,15776
2020-07-04 17:35,15932
2020-07-04 17:40,16092
2020-07-04 17:45,16251
2020-07-04 17:50,16446
2020-07-04 17:55,16582
2020-07-04 18:00,16809
2020-07-04 18:05,16979
2020-07-04 18:10,17079
2020-07-04 18:15,17224
2020-07-04 18:20,17234
2020-07-04 18:25,17467
2020-07-04 18:30,17537
2020-07-04 18:35,17692
2020-07-04 18:40,17838
2020-07-04 18:45,18002
2020-07-04 18:50,18241
2020-07-04 18:55,18308
2020-07-04 19:00,18486
2020-07-04 19:05,18517
2020-07-04 19:10,18629
2020-07-04 19:15,18782
2020-07-04 19:20,18935
2020-07-04 19:25,19152
2020-07-04 19:30,19341
2020-07-04 19:35,19519
2020-07-04 19:40,19589
2020-07-04 19:45,19742
2020-07-04 19:50,19780
2020-07-04 19:55,19882
2020-07-04 20:00,19920
2020-07-04 20:05,20013
2020-07-04 20:10,20044
2020-07-04 20:15,20086
2020-07-04 20:20,20185
2020-07-04 20:25,20256
2020-07-04 20:30,20248
2020-07-04 20:35,20274
2020-07-04 20:40,20286
2020-07-04 20:45,20156
2020-07-04 20:50,20114
2020-07-04 20:55,20069
2020-07-04 21:00,20024
2020-07-04 21:05,20040
2020-07-04 21:10,20025
2020-07-04 21:15,20014
2020-07-04 21:20,19958
2020-07-04 21:25,19923
2020-07-04 21:30,19911
2020-07-04 21:35,19903
2020-07-04 21:40,19867
2020-07-04 21:45,19772
2020-07-04 21:50,19692
2020-07-04 21:55,19594
2020-07-04 22:00,19571
2020-07-04 22:05,19478
2020-07-04 22:10,19390
2020-07-04 22:15,19277
2020-07-04 22:20,19191
2020-07-04 22:25,19149
2020-07-04 22:30,19060
2020-07-04 22:35,19060
2020-07-04 22:40,19008
2020-07-04 22:45,18889
2020-07-04 22:50,18786
2020-07-04 22:55,18640
2020-07-04 23:00,18489
2020-07-04 23:05,18341
2020-07-04 23:10,18128
2020-07-04 23:15,17984
2020-07-04 23:20,17817
2020-07-04 23:25,17687
2020-07-04 23:30,17645
2020-07-04 23:35,17452
2020-07-04 23:40,17346
2020-07-04 23:45,17219
2020-07-04 23:50,17197
2020-07-04 23:55,17067
2020-07-05 00:00,16933
2020-07-05 00:05,16838
2020-07-05 00:10,16732
2020-07-05 00:15,16629
2020-07-05 00:20,16554
2020-07-05 00:25,16541
2020-07-05 00:30,16490
2020-07-05 00:35,16549
2020-07-05 00:40,16533
2020-07-05 00:45,16498
2020-07-05 00:50,16478
2020-07-05 00:55,16511
2020-07-05 01:00,16508
2020-07-05 01:05,16427
2020-07-05 01:10,16432
2020-07-05 01:15,16374
2020-07-05 01:20,16338
2020-07-05 01:25,16418
2020-07-05 01:30,16358
2020-07-05 01:35,16387
2020-07-05 01:40,16413
2020-07-05 01:45,16450
2020-07-05 01:50,16452
2020-07-05 01:55,16491
2020-07-05 02:00,16553
2020-07-05 02:05,16520
2020-07-05 02:10,16541
2020-07-05 02:15,16466
2020-07-05 02:20,16551
2020-07-05 02:25,16587
2020-07-05 02:30,16678
2020-07-05 02:35,16750
2020-07-05 02:40,16782
2020-07-05 02:45,16827
2020-07-05 02:50,16807
2020-07-05 02:55,16824
2020-07-05 03:00,16847
2020-07-05 03:05,16845
2020-07-05 03:10,16861
2020-07-05 03:15,16814
2020-07-05 03:20,16867
2020-07-05 03:25,16890
2020-07-05 03:30,16925
2020-07-05 03:35,16966
2020-07-05 03:40,16988
2020-07-05 03:45,16977
2020-07-05 03:50,16943
2020-07-05 03:55,16914
2020-07-05 04:00,16832
2020-07-05 04:05,16743
2020-07-05 04:10,16700
2020-07-05 04:15,16624
2020-07-05 04:20,16549
2020-07-05 04:25,16341
2020-07-05 04:30,16306
2020-07-05 04:35,16165
2020-07-05 04:40,16069
2020-07-05 04:45,15992
2020-07-05 04:50,15843
2020-07-05 04:55,15794
2020-07-05 05:00,15630
2020-07-05 05:05,15467
2020-07-05 05:10,15344
2020-07-05 05:15,15175
2020-07-05 05:20,14949
2020-07-05 05:25,14731
2020-07-05 05:30,14617
2020-07-05 05:35,14444
2020-07-05 05:40,14319
2020-07-05 05:45,14133
2020-07-05 05:50,14016
2020-07-05 05:55,13814
2020-07-05 06:00,13593
2020-07-05 06:05,13303
2020-07-05 06:10,13138
2020-07-05 06:15,12928
2020-07-05 06:20,12696
2020-07-05 06:25,12471
2020-07-05 06:30,12304
2020-07-05 06:35,12068
2020-07-05 06:40,11844
2020-07-05 06:45,11659
2020-07-05 06:50,11502
2020-07-05 06:55,11326
2020-07-05 07:00,11147
2020-07-05 07:05,10930
2020-07-05 07:10,10774
2020-07-05 07:15,10622
2020-07-05 07:20,10435
2020-07-05 07:25,10282
2020-07-05 07:30,10096
2020-07-05 07:35,9892
2020-07-05 07:40,9795
2020-07-05 07:45,9730
2020-07-05 07:50,9603
2020-07-05 07:55,9435
2020-07-05 08:00,9342
2020-07-05 08:05,9153
2020-07-05 08:10,9025
2020-07-05 08:15,8887
2020-07-05 08:20,8827
2020-07-05 08:25,8800
2020-07-05 08:30,8775
2020-07-05 08:35,8737
2020-07-05 08:40,8689
2020-07-05 08:45,8693
2020-07-05 08:50,8663
2020-07-05 08:55,8602
2020-07-05 09:00,8600
2020-07-05 09:05,8605
2020-07-05 09:10,8591
2020-07-05 09:15,8279
2020-07-05 09:20,7387
2020-07-05 09:25,7500
2020-07-05 09:30,7571
2020-07-05 09:35,7746
2020-07-05 09:40,7899
2020-07-05 09:45,7969
2020-07-05 09:50,8078
2020-07-05 09:55,8197
2020-07-05 10:00,8325
2020-07-05 10:05,8373
2020-07-05 10:10,8465
2020-07-05 10:15,8542
2020-07-05 10:20,8641
2020-07-05 10:25,8716
2020-07-05 10:30,8755
2020-07-05 10:35,8852
2020-07-05 10:40,8909
2020-07-05 10:45,8902
2020-07-05 10:50,8989
2020-07-05 10:55,9030
2020-07-05 11:00,9103
2020-07-05 11:05,9196
2020-07-05 11:10,9200
2020-07-05 11:15,9308
2020-07-05 11:20,9326
2020-07-05 11:25,9395
2020-07-05 11:30,9507
2020-07-05 11:35,9553
2020-07-05 11:40,9650
2020-07-05 11:45,9685
2020-07-05 11:50,9746
2020-07-05 11:55,9780
2020-07-05 12:00,9866
2020-07-05 12:05,9999
2020-07-05 12:10,10180
2020-07-05 12:15,10277
2020-07-05 12:20,10280
2020-07-05 12:25,10406
2020-07-05 12:30,10496
2020-07-05 12:35,10614
2020-07-05 12:40,10605
2020-07-05 12:45,10737
2020-07-05 12:50,10885
2020-07-05 12:55,11016
2020-07-05 13:00,11131
2020-07-05 13:05,11201
2020-07-05 13:10,11305
2020-07-05 13:15,11430
2020-07-05 13:20,11481
2020-07-05 13:25,11559
2020-07-05 13:30,11730
2020-07-05 13:35,11863
2020-07-05 13:40,12040
2020-07-05 13:45,12162
2020-07-05 13:50,12223
2020-07-05 13:55,12315
2020-07-05 14:00,12395
2020-07-05 14:05,12580
2020-07-05 14:10,12753
2020-07-05 14:15,12859
2020-07-05 14:20,13011
2020-07-05 14:25,13153
2020-07-05 14:30,13239
2020-07-05 14:35,13313
2020-07-05 14:40,13424
2020-07-05 14:45,13591
2020-07-05 14:50,13678
2020-07-05 14:55,13789
2020-07-05 15:00,13911
2020-07-05 15:05,14076
2020-07-05 15:10,14204
2020-07-05 15:15,14276
2020-07-05 15:20,14373
2020-07-05 15:25,14468
2020-07-05 15:30,14636
2020-07-05 15:35,14756
2020-07-05 15:40,14896
2020-07-05 15:45,15012
2020-07-05 15:50,15123
2020-07-05 15:55,15160
2020-07-05 16:00,15267
2020-07-05 16:05,15372
2020-07-05 16:10,15557
2020-07-05 16:15,15637
2020-07-05 16:20,15759
2020-07-05 16:25,15870
2020-07-05 16:30,16043
2020-07-05 16:35,16242
2020-07-05 16:40,16396
2020-07-05 16:45,16506
2020-07-05 16:50,16568
2020-07-05 16:55,16716
2020-07-05 17:00,16854
2020-07-05 17:05,16997
2020-07-05 17:10,17137
2020-07-05 17:15,17306
2020-07-05 17:20,17498
2020-07-05 17:25,17753
2020-07-05 17:30,17915
2020-07-05 17:35,18093
2020-07-05 17:40,18251
2020-07-05 17:45,18388
2020-07-05 17:50,18510
2020-07-05 17:55,18677
2020-07-05 18:00,18825
2020-07-05 18:05,18913
2020-07-05 18:10,19013
2020-07-05 18:15,19271
2020-07-05 18:20,19472
2020-07-05 18:25,19697
2020-07-05 18:30,19853
2020-07-05 18:35,20094
2020-07-05 18:40,20288
2020-07-05 18:45,20505
2020-07-05 18:50,20699
2020-07-05 18:55,20901
2020-07-05 19:00,21023
2020-07-05 19:05,21148
2020-07-05 19:10,21327
2020-07-05 19:15,21557
2020-07-05 19:20,21766
2020-07-05 19:25,21913
2020-07-05 19:30,22056
2020-07-05 19:35,22134
2020-07-05 19:40,22221
2020-07-05 19:45,22377
2020-07-05 19:50,22474
2020-07-05 19:55,22536
2020-07-05 20:00,22619
2020-07-05 20:05,22696
2020-07-05 20:10,22664
2020-07-05 20:15,22732
2020-07-05 20:20,22747
2020-07-05 20:25,22825
2020-07-05 20:30,22809
2020-07-05 20:35,22864
2020-07-05 20:40,22862
2020-07-05 20:45,22762
2020-07-05 20:50,22700
2020-07-05 20:55,22707
2020-07-05 21:00,22577
2020-07-05 21:05,22584
2020-07-05 21:10,22549
2020-07-05 21:15,22394
2020-07-05 21:20,22432
2020-07-05 21:25,22396
2020-07-05 21:30,22268
2020-07-05 21:35,22167
2020-07-05 21:40,22047
2020-07-05 21:45,21933
2020-07-05 21:50,21712
2020-07-05 21:55,21476
2020-07-05 22:00,21342
2020-07-05 22:05,21212
2020-07-05 22:10,21154
2020-07-05 22:15,20926
2020-07-05 22:20,20735
2020-07-05 22:25,20625
2020-07-05 22:30,20482
2020-07-05 22:35,20355
2020-07-05 22:40,20305
2020-07-05 22:45,20313
2020-07-05 22:50,20209
2020-07-05 22:55,20081
2020-07-05 23:00,20126
2020-07-05 23:05,19988
2020-07-05 23:10,19988
2020-07-05 23:15,19888
2020-07-05 23:20,19860
2020-07-05 23:25,19775
2020-07-05 23:30,19738
2020-07-05 23:35,19710
2020-07-05 23:40,19735
2020-07-05 23:45,19705
2020-07-05 23:50,19670
2020-07-05 23:55,19597
2020-07-06 00:00,19554
2020-07-06 00:05,19534
2020-07-06 00:10,19550
2020-07-06 00:15,19467
2020-07-06 00:20,19386
2020-07-06 00:25,19410
2020-07-06 00:30,19426
2020-07-06 00:35,19393
2020-07-06 00:40,19339
2020-07-06 00:45,19394
2020-07-06 00:50,19343
2020-07-06 00:55,19324
2020-07-06 01:00,19375
2020-07-06 01:05,19315
2020-07-06 01:10,19243
2020-07-06 01:15,19259
2020-07-06 01:20,19301
2020-07-06 01:25,19283
2020-07-06 01:30,19348
2020-07-06 01:35,19421
2020-07-06 01:40,19476
2020-07-06 01:45,19593
2020-07-06 01:50,19637
2020-07-06 01:55,19581
2020-07-06 02:00,19568
2020-07-06 02:05,19566
2020-07-06 02:10,19471
2020-07-06 02:15,19478
2020-07-06 02:20,19441
2020-07-06 02:25,19511
2020-07-06 02:30,19471
2020-07-06 02:35,19519
2020-07-06 02:40,19463
2020-07-06 02:45,19394
2020-07-06 02:50,19265
2020-07-06 02:55,19184
2020-07-06 03:00,19037
2020-07-06 03:05,18986
2020-07-06 03:10,18899
2020-07-06 03:15,18851
2020-07-06 03:20,18678
2020-07-06 03:25,18540
2020-07-06 03:30,18414
2020-07-06 03:35,18226
2020-07-06 03:40,18146
2020-07-06 03:45,18036
2020-07-06 03:50,17895
2020-07-06 03:55,17693
2020-07-06 04:00,17376
2020-07-06 04:05,17147
2020-07-06 04:10,16970
2020-07-06 04:15,16766
2020-07-06 04:20,16588
2020-07-06 04:25,16402
2020-07-06 04:30,16226
2020-07-06 04:35,16039
2020-07-06 04:40,15833
2020-07-06 04:45,15610
2020-07-06 04:50,15360
2020-07-06 04:55,15117
2020-07-06 05:00,14850
2020-07-06 05:05,14580
2020-07-06 05:10,14182
2020-07-06 05:15,13994
2020-07-06 05:20,13767
2020-07-06 05:25,13560
2020-07-06 05:30,13341
2020-07-06 05:35,13093
2020-07-06 05:40,12929
2020-07-06 05:45,12648
2020-07-06 05:50,12428
2020-07-06 05:55,12134
2020-07-06 06:00,11905
2020-07-06 06:05,11680
2020-07-06 06:10,11416
2020-07-06 06:15,11220
2020-07-06 06:20,11065
2020-07-06 06:25,10854
2020-07-06 06:30,10572
2020-07-06 06:35,10392
2020-07-06 06:40,10255
2020-07-06 06:45,10011
2020-07-06 06:50,9824
2020-07-06 06:55,9659
2020-07-06 07:00,9528
2020-07-06 07:05,9354
2020-07-06 07:10,9219
2020-07-06 07:15,8998
2020-07-06 07:20,8865
2020-07-06 07:25,8762
2020-07-06 07:30,8665
2020-07-06 07:35,8507
2020-07-06 07:40,8446
2020-07-06 07:45,8325
2020-07-06 07:50,8254
2020-07-06 07:55,8124
2020-07-06 08:00,7989
2020-07-06 08:05,7863
2020-07-06 08:10,7787
2020-07-06 08:15,7721
2020-07-06 08:20,7664
2020-07-06 08:25,7621
2020-07-06 08:30,7515
2020-07-06 08:35,7450
2020-07-06 08:40,7421
2020-07-06 08:45,7377
2020-07-06 08:50,7365
2020-07-06 08:55,7348
2020-07-06 09:00,7294
2020-07-06 09:05,7254
2020-07-06 09:10,7234
2020-07-06 09:15,7209
2020-07-06 09:20,7208
2020-07-06 09:25,7265
2020-07-06 09:30,7257
2020-07-06 09:35,7254
2020-07-06 09:40,7258
2020-07-06 09:45,7241
2020-07-06 09:50,7237
2020-07-06 09:55,7242
2020-07-06 10:00,6906
2020-07-06 10:05,6999
2020-07-06 10:10,7236
2020-07-06 10:15,7199
2020-07-06 10:20,7212
2020-07-06 10:25,7285
2020-07-06 10:30,7313
2020-07-06 10:35,7353
2020-07-06 10:40,7419
2020-07-06 10:45,7499
2020-07-06 10:50,7545
2020-07-06 10:55,7620
2020-07-06 11:00,7703
2020-07-06 11:05,7729
2020-07-06 11:10,7525
2020-07-06 11:15,7562
2020-07-06 11:20,7609
2020-07-06 11:25,7634
2020-07-06 11:30,7706
2020-07-06 11:35,7797
2020-07-06 11:40,7884
2020-07-06 11:45,7952
2020-07-06 11:50,8033
2020-07-06 11:55,8187
2020-07-06 12:00,8235
2020-07-06 12:05,8301
2020-07-06 12:10,8406
2020-07-06 12:15,8480
2020-07-06 12:20,8565
2020-07-06 12:25,8639
2020-07-06 12:30,8758
2020-07-06 12:35,8840
2020-07-06 12:40,8911
2020-07-06 12:45,8935
2020-07-06 12:50,9090
2020-07-06 12:55,9156
2020-07-06 13:00,9229
2020-07-06 13:05,9387
2020-07-06 13:10,9548
2020-07-06 13:15,9704
2020-07-06 13:20,9818
2020-07-06 13:25,9916
2020-07-06 13:30,10002
2020-07-06 13:35,10097
2020-07-06 13:40,10284
2020-07-06 13:45,10415
2020-07-06 13:50,10554
2020-07-06 13:55,10651
2020-07-06 14:00,10744
2020-07-06 14:05,10857
2020-07-06 14:10,10925
2020-07-06 14:15,11084
2020-07-06 14:20,11183
2020-07-06 14:25,11290
2020-07-06 14:30,11398
2020-07-06 14:35,11461
2020-07-06 14:40,11601
2020-07-06 14:45,11820
2020-07-06 14:50,11875
2020-07-06 14:55,11953
2020-07-06 15:00,12047
2020-07-06 15:05,12113
2020-07-06 15:10,12277
2020-07-06 15:15,12330
2020-07-06 15:20,12499
2020-07-06 15:25,12551
2020-07-06 15:30,12674
2020-07-06 15:35,12817
2020-07-06 15:40,12922
2020-07-06 15:45,13017
2020-07-06 15:50,13068
2020-07-06 15:55,13202
2020-07-06 16:00,13266
2020-07-06 16:05,13364
2020-07-06 16:10,13451
2020-07-06 16:15,13638
2020-07-06 16:20,13775
2020-07-06 16:25,13910
2020-07-06 16:30,14071
2020-07-06 16:35,14323
2020-07-06 16:40,14442
2020-07-06 16:45,14629
2020-07-06 16:50,14790
2020-07-06 16:55,14976
2020-07-06 17:00,15220
2020-07-06 17:05,15247
2020-07-06 17:10,15307
2020-07-06 17:15,15409
2020-07-06 17:20,15591
2020-07-06 17:25,15742
2020-07-06 17:30,15877
2020-07-06 17:35,16049
2020-07-06 17:40,16269
2020-07-06 17:45,16449
2020-07-06 17:50,16682
2020-07-06 17:55,16829
2020-07-06 18:00,16959
2020-07-06 18:05,17115
2020-07-06 18:10,17267
2020-07-06 18:15,17468
2020-07-06 18:20,17661
2020-07-06 18:25,17918
2020-07-06 18:30,18073
2020-07-06 18:35,18273
2020-07-06 18:40,18448
2020-07-06 18:45,18645
2020-07-06 18:50,18835
2020-07-06 18:55,18923
2020-07-06 19:00,18996
2020-07-06 19:05,19226
2020-07-06 19:10,19314
2020-07-06 19:15,19475
2020-07-06 19:20,19636
2020-07-06 19:25,19712
2020-07-06 19:30,19820
2020-07-06 19:35,19969
2020-07-06 19:40,20056
2020-07-06 19:45,20120
2020-07-06 19:50,20245
2020-07-06 19:55,20287
2020-07-06 20:00,20291
2020-07-06 20:05,20361
2020-07-06 20:10,20315
2020-07-06 20:15,20352
2020-07-06 20:20,20341
2020-07-06 20:25,20453
2020-07-06 20:30,20558
2020-07-06 20:35,20519
2020-07-06 20:40,20531
2020-07-06 20:45,20572
2020-07-06 20:50,20557
2020-07-06 20:55,20479
2020-07-06 21:00,20446
2020-07-06 21:05,20500
2020-07-06 21:10,20418
2020-07-06 21:15,20406
2020-07-06 21:20,20328
2020-07-06 21:25,20276
2020-07-06 21:30,20097
2020-07-06 21:35,20094
2020-07-06 21:40,20162
2020-07-06 21:45,20123
2020-07-06 21:50,20090
2020-07-06 21:55,20026
2020-07-06 22:00,19954
2020-07-06 22:05,19872
2020-07-06 22:10,19748
2020-07-06 22:15,19767
2020-07-06 22:20,19621
2020-07-06 22:25,19559
2020-07-06 22:30,19499
2020-07-06 22:35,19506
2020-07-06 22:40,19491
2020-07-06 22:45,19405
2020-07-06 22:50,19310
2020-07-06 22:55,19166
2020-07-06 23:00,19076
2020-07-06 23:05,19013
2020-07-06 23:10,18948
2020-07-06 23:15,18888
2020-07-06 23:20,18765
2020-07-06 23:25,18767
2020-07-06 23:30,18810
2020-07-06 23:35,18812
2020-07-06 23:40,18776
2020-07-06 23:45,18775
2020-07-06 23:50,18825
2020-07-06 23:55,18714
2020-07-07 00:00,18676
2020-07-07 00:05,18642
2020-07-07 00:10,18562
2020-07-07 00:15,18575
2020-07-07 00:20,18677
2020-07-07 00:25,18591
2020-07-07 00:30,18813
2020-07-07 00:35,18875
2020-07-07 00:40,18911
2020-07-07 00:45,18977
2020-07-07 00:50,19078
2020-07-07 00:55,19100
2020-07-07 01:00,19173
2020-07-07 01:05,19259
2020-07-07 01:10,19224
2020-07-07 01:15,19292
2020-07-07 01:20,19351
2020-07-07 01:25,19401
2020-07-07 01:30,19514
2020-07-07 01:35,19570
2020-07-07 01:40,19580
2020-07-07 01:45,19613
2020-07-07 01:50,19698
2020-07-07 01:55,19586
2020-07-07 02:00,19550
2020-07-07 02:05,19526
2020-07-07 02:10,19568
2020-07-07 02:15,19558
2020-07-07 02:20,19429
2020-07-07 02:25,19443
2020-07-07 02:30,19458
2020-07-07 02:35,19464
2020-07-07 02:40,19418
2020-07-07 02:45,19419
2020-07-07 02:50,19366
2020-07-07 02:55,19306
2020-07-07 03:00,19146
2020-07-07 03:05,19022
2020-07-07 03:10,18929
2020-07-07 03:15,18752
2020-07-07 03:20,18636
2020-07-07 03:25,18504
2020-07-07 03:30,18273
2020-07-07 03:35,18068
2020-07-07 03:40,17862
2020-07-07 03:45,17760
2020-07-07 03:50,17560
2020-07-07 03:55,17321
2020-07-07 04:00,17092
2020-07-07 04:05,16922
2020-07-07 04:10,16687
2020-07-07 04:15,16495
2020-07-07 04:20,16257
2020-07-07 04:25,16113
2020-07-07 04:30,15911
2020-07-07 04:35,15819
2020-07-07 04:40,15579
2020-07-07 04:45,15402
2020-07-07 04:50,15202
2020-07-07 04:55,15044
2020-07-07 05:00,14785
2020-07-07 05:05,14528
2020-07-07 05:10,14285
2020-07-07 05:15,13976
2020-07-07 05:20,13743
2020-07-07 05:25,13485
2020-07-07 05:30,13276
2020-07-07 05:35,13018
2020-07-07 05:40,12795
2020-07-07 05:45,12581
2020-07-07 05:50,12266
2020-07-07 05:55,12064
2020-07-07 06:00,11897
2020-07-07 06:05,11677
2020-07-07 06:10,11376
2020-07-07 06:15,11138
2020-07-07 06:20,10948
2020-07-07 06:25,10783
2020-07-07 06:30,10603
2020-07-07 06:35,10385
2020-07-07 06:40,10183
2020-07-07 06:45,9999
2020-07-07 06:50,9830
2020-07-07 06:55,9645
2020-07-07 07:00,9485
2020-07-07 07:05,9280
2020-07-07 07:10,9104
2020-07-07 07:15,8980
2020-07-07 07:20,8842
2020-07-07 07:25,8640
2020-07-07 07:30,8534
2020-07-07 07:35,8387
2020-07-07 07:40,8241
2020-07-07 07:45,8146
2020-07-07 07:50,8026
2020-07-07 07:55,7908
2020-07-07 08:00,7776
2020-07-07 08:05,7682
2020-07-07 08:10,7618
2020-07-07 08:15,7505
2020-07-07 08:20,7469
2020-07-07 08:25,7418
2020-07-07 08:30,7351
2020-07-07 08:35,7265
2020-07-07 08:40,7247
2020-07-07 08:45,7291
2020-07-07 08:50,7259
2020-07-07 08:55,7243
2020-07-07 09:00,7213
2020-07-07 09:05,7188
2020-07-07 09:10,7170
2020-07-07 09:15,7172
2020-07-07 09:20,7162
2020-07-07 09:25,7127
2020-07-07 09:30,7093
2020-07-07 09:35,7108
2020-07-07 09:40,7099
2020-07-07 09:45,7058
2020-07-07 09:50,7035
2020-07-07 09:55,7079
2020-07-07 10:00,7020
2020-07-07 10:05,7025
2020-07-07 10:10,7051
2020-07-07 10:15,7065
2020-07-07 10:20,7077
2020-07-07 10:25,7118
2020-07-07 10:30,7175
2020-07-07 10:35,7251
2020-07-07 10:40,7286
2020-07-07 10:45,7373
2020-07-07 10:50,7457
2020-07-07 10:55,7498
2020-07-07 11:00,7564
2020-07-07 11:05,7586
2020-07-07 11:10,7654
2020-07-07 11:15,7697
2020-07-07 11:20,7773
2020-07-07 11:25,7780
2020-07-07 11:30,7893
2020-07-07 11:35,7972
2020-07-07 11:40,7962
2020-07-07 11:45,8062
2020-07-07 11:50,8086
2020-07-07 11:55,8142
2020-07-07 12:00,8177
2020-07-07 12:05,8278
2020-07-07 12:10,8246
2020-07-07 12:15,8378
2020-07-07 12:20,8444
2020-07-07 12:25,8517
2020-07-07 12:30,8574
2020-07-07 12:35,8690
2020-07-07 12:40,8776
2020-07-07 12:45,8837
2020-07-07 12:50,8970
2020-07-07 12:55,9061
2020-07-07 13:00,9161
2020-07-07 13:05,9261
2020-07-07 13:10,9405
2020-07-07 13:15,9496
2020-07-07 13:20,9654
2020-07-07 13:25,9820
2020-07-07 13:30,9940
2020-07-07 13:35,10095
2020-07-07 13:40,10229
2020-07-07 13:45,10409
2020-07-07 13:50,10456
2020-07-07 13:55,10573
2020-07-07 14:00,10698
2020-07-07 14:05,10810
2020-07-07 14:10,10907
2020-07-07 14:15,10994
2020-07-07 14:20,11175
2020-07-07 14:25,11283
2020-07-07 14:30,11431
2020-07-07 14:35,11514
2020-07-07 14:40,11659
2020-07-07 14:45,11769
2020-07-07 14:50,11873
2020-07-07 14:55,11986
2020-07-07 15:00,12030
2020-07-07 15:05,12118
2020-07-07 15:10,12251
2020-07-07 15:15,12366
2020-07-07 15:20,12440
2020-07-07 15:25,12541
2020-07-07 15:30,12692
2020-07-07 15:35,12867
2020-07-07 15:40,13023
2020-07-07 15:45,13220
2020-07-07 15:50,13363
2020-07-07 15:55,13460
2020-07-07 16:00,13497
2020-07-07 16:05,13588
2020-07-07 16:10,13726
2020-07-07 16:15,13894
2020-07-07 16:20,13946
2020-07-07 16:25,14025
2020-07-07 16:30,14144
2020-07-07 16:35,14353
2020-07-07 16:40,14475
2020-07-07 16:45,14589
2020-07-07 16:50,14693
2020-07-07 16:55,14787
2020-07-07 17:00,14913
2020-07-07 17:05,15068
2020-07-07 17:10,15150
2020-07-07 17:15,15335
2020-07-07 17:20,15532
2020-07-07 17:25,15624
2020-07-07 17:30,15765
2020-07-07 17:35,15982
2020-07-07 17:40,16217
2020-07-07 17:45,16364
2020-07-07 17:50,16514
2020-07-07 17:55,16668
2020-07-07 18:00,16752
2020-07-07 18:05,16951
2020-07-07 18:10,17150
2020-07-07 18:15,17298
2020-07-07 18:20,17401
2020-07-07 18:25,17576
2020-07-07 18:30,17693
2020-07-07 18:35,17884
2020-07-07 18:40,18047
2020-07-07 18:45,18175
2020-07-07 18:50,18260
2020-07-07 18:55,18445
2020-07-07 19:00,18614
2020-07-07 19:05,18805
2020-07-07 19:10,18960
2020-07-07 19:15,19138
2020-07-07 19:20,19212
2020-07-07 19:25,19251
2020-07-07 19:30,19500
2020-07-07 19:35,19493
2020-07-07 19:40,19573
2020-07-07 19:45,19606
2020-07-07 19:50,19660
2020-07-07 19:55,19748
2020-07-07 20:00,19790
2020-07-07 20:05,19862
2020-07-07 20:10,19987
2020-07-07 20:15,20002
2020-07-07 20:20,20073
2020-07-07 20:25,20028
2020-07-07 20:30,20017
2020-07-07 20:35,20008
2020-07-07 20:40,20022
2020-07-07 20:45,19844
2020-07-07 20:50,19792
2020-07-07 20:55,19815
2020-07-07 21:00,19798
2020-07-07 21:05,0
2020-07-07 21:10,19653
2020-07-07 21:15,19625
2020-07-07 21:20,19632
2020-07-07 21:25,19624
2020-07-07 21:30,19647
2020-07-07 21:35,19558
2020-07-07 21:40,19447
2020-07-07 21:45,19414
2020-07-07 21:50,19389
2020-07-07 21:55,19295
2020-07-07 22:00,19280
2020-07-07 22:05,19172
2020-07-07 22:10,19134
2020-07-07 22:15,19103
2020-07-07 22:20,18979
2020-07-07 22:25,18885
2020-07-07 22:30,18831
2020-07-07 22:35,18881
2020-07-07 22:40,18923
2020-07-07 22:45,18934
2020-07-07 22:50,18830
2020-07-07 22:55,18659
2020-07-07 23:00,18589
2020-07-07 23:05,18547
2020-07-07 23:10,18571
2020-07-07 23:15,18676
2020-07-07 23:20,18625
2020-07-07 23:25,18503
2020-07-07 23:30,18449
2020-07-07 23:35,18517
2020-07-07 23:40,18507
2020-07-07 23:45,18582
2020-07-07 23:50,18551
2020-07-07 23:55,18579
2020-07-08 00:00,18599
2020-07-08 00:05,18539
2020-07-08 00:10,18540
2020-07-08 00:15,18506
2020-07-08 00:20,18515
2020-07-08 00:25,18585
2020-07-08 00:30,18656
2020-07-08 00:35,18786
2020-07-08 00:40,18825
2020-07-08 00:45,18857
2020-07-08 00:50,18973
2020-07-08 00:55,19071
2020-07-08 01:00,19102
2020-07-08 01:05,19177
2020-07-08 01:10,19180
2020-07-08 01:15,19252
2020-07-08 01:20,19337
2020-07-08 01:25,19398
2020-07-08 01:30,19447
2020-07-08 01:35,19519
2020-07-08 01:40,19567
2020-07-08 01:45,19577
2020-07-08 01:50,19537
2020-07-08 01:55,19564
2020-07-08 02:00,19562
2020-07-08 02:05,19539
2020-07-08 02:10,19525
2020-07-08 02:15,19428
2020-07-08 02:20,19467
2020-07-08 02:25,19354
2020-07-08 02:30,19212
2020-07-08 02:35,19223
2020-07-08 02:40,19133
2020-07-08 02:45,19036
2020-07-08 02:50,18997
2020-07-08 02:55,18973
2020-07-08 03:00,18894
2020-07-08 03:05,18727
2020-07-08 03:10,18647
2020-07-08 03:15,18539
2020-07-08 03:20,18389
2020-07-08 03:25,18227
2020-07-08 03:30,18162
2020-07-08 03:35,18023
2020-07-08 03:40,17924
2020-07-08 03:45,17719
2020-07-08 03:50,17585
2020-07-08 03:55,17443
2020-07-08 04:00,17180
2020-07-08 04:05,16991
2020-07-08 04:10,16860
2020-07-08 04:15,16659
2020-07-08 04:20,16388
2020-07-08 04:25,16189
2020-07-08 04:30,16017
2020-07-08 04:35,15819
2020-07-08 04:40,15629
2020-07-08 04:45,15440
2020-07-08 04:50,15139
2020-07-08 04:55,14854
2020-07-08 05:00,14583
2020-07-08 05:05,14349
2020-07-08 05:10,14081
2020-07-08 05:15,13782
2020-07-08 05:20,13585
2020-07-08 05:25,13363
2020-07-08 05:30,13211
2020-07-08 05:35,12940
2020-07-08 05:40,12679
2020-07-08 05:45,12423
2020-07-08 05:50,12155
2020-07-08 05:55,11938
2020-07-08 06:00,11753
2020-07-08 06:05,11528
2020-07-08 06:10,11305
2020-07-08 06:15,11107
2020-07-08 06:20,10936
2020-07-08 06:25,10793
2020-07-08 06:30,10575
2020-07-08 06:35,10364
2020-07-08 06:40,10208
2020-07-08 06:45,10073
2020-07-08 06:50,9920
2020-07-08 06:55,9766
2020-07-08 07:00,9687
2020-07-08 07:05,9471
2020-07-08 07:10,9235
2020-07-08 07:15,9044
2020-07-08 07:20,8829
2020-07-08 07:25,8628
2020-07-08 07:30,8533
2020-07-08 07:35,8429
2020-07-08 07:40,8369
2020-07-08 07:45,8252
2020-07-08 07:50,8133
2020-07-08 07:55,8031
2020-07-08 08:00,7872
2020-07-08 08:05,7749
2020-07-08 08:10,7646
2020-07-08 08:15,7568
2020-07-08 08:20,7511
2020-07-08 08:25,7450
2020-07-08 08:30,7329
2020-07-08 08:35,7259
2020-07-08 08:40,7177
2020-07-08 08:45,7162
2020-07-08 08:50,7126
2020-07-08 08:55,7096
2020-07-08 09:00,7025
2020-07-08 09:05,7048
2020-07-08 09:10,7098
2020-07-08 09:15,7057
2020-07-08 09:20,7058
2020-07-08 09:25,7065
2020-07-08 09:30,7086
2020-07-08 09:35,7054
2020-07-08 09:40,7052
2020-07-08 09:45,7117
2020-07-08 09:50,7148
2020-07-08 09:55,7183
2020-07-08 10:00,7167
2020-07-08 10:05,7236
2020-07-08 10:10,7267
2020-07-08 10:15,7358
2020-07-08 10:20,7413
2020-07-08 10:25,7435
2020-07-08 10:30,7443
2020-07-08 10:35,7462
2020-07-08 10:40,7441
2020-07-08 10:45,7489
2020-07-08 10:50,7478
2020-07-08 10:55,7503
2020-07-08 11:00,7557
2020-07-08 11:05,7595
2020-07-08 11:10,7640
2020-07-08 11:15,7660
2020-07-08 11:20,7702
2020-07-08 11:25,7781
2020-07-08 11:30,7800
2020-07-08 11:35,7851
2020-07-08 11:40,7887
2020-07-08 11:45,7996
2020-07-08 11:50,8100
2020-07-08 11:55,8192
2020-07-08 12:00,8250
2020-07-08 12:05,8300
2020-07-08 12:10,8257
2020-07-08 12:15,8358
2020-07-08 12:20,8410
2020-07-08 12:25,8479
2020-07-08 12:30,8530
2020-07-08 12:35,8620
2020-07-08 12:40,8717
2020-07-08 12:45,8813
2020-07-08 12:50,8877
2020-07-08 12:55,8959
2020-07-08 13:00,9023
2020-07-08 13:05,9210
2020-07-08 13:10,9303
2020-07-08 13:15,9512
2020-07-08 13:20,9634
2020-07-08 13:25,9754
2020-07-08 13:30,9847
2020-07-08 13:35,9986
2020-07-08 13:40,10094
2020-07-08 13:45,10192
2020-07-08 13:50,10400
2020-07-08 13:55,10522
2020-07-08 14:00,10665
2020-07-08 14:05,10780
2020-07-08 14:10,10981
2020-07-08 14:15,11080
2020-07-08 14:20,11186
2020-07-08 14:25,11304
2020-07-08 14:30,11362
2020-07-08 14:35,11486
2020-07-08 14:40,11578
2020-07-08 14:45,11650
2020-07-08 14:50,11804
2020-07-08 14:55,11875
2020-07-08 15:00,12026
2020-07-08 15:05,12213
2020-07-08 15:10,12331
2020-07-08 15:15,12382
2020-07-08 15:20,12507
2020-07-08 15:25,12669
2020-07-08 15:30,12777
2020-07-08 15:35,12833
2020-07-08 15:40,12984
2020-07-08 15:45,13141
2020-07-08 15:50,13211
2020-07-08 15:55,13322
2020-07-08 16:00,13461
2020-07-08 16:05,13520
2020-07-08 16:10,13577
2020-07-08 16:15,13724
2020-07-08 16:20,13871
2020-07-08 16:25,13973
2020-07-08 16:30,14148
2020-07-08 16:35,14206
2020-07-08 16:40,14328
2020-07-08 16:45,14375
2020-07-08 16:50,14540
2020-07-08 16:55,14739
2020-07-08 17:00,14910
2020-07-08 17:05,15066
2020-07-08 17:10,15210
2020-07-08 17:15,15260
2020-07-08 17:20,15487
2020-07-08 17:25,15666
2020-07-08 17:30,15829
2020-07-08 17:35,15937
2020-07-08 17:40,16143
2020-07-08 17:45,16306
2020-07-08 17:50,16586
2020-07-08 17:55,16714
2020-07-08 18:00,16901
2020-07-08 18:05,17022
2020-07-08 18:10,17022
2020-07-08 18:15,17427
2020-07-08 18:20,17668
2020-07-08 18:25,17887
2020-07-08 18:30,18093
2020-07-08 18:35,18186
2020-07-08 18:40,18322
2020-07-08 18:45,18466
2020-07-08 18:50,18619
2020-07-08 18:55,18764
2020-07-08 19:00,18882
2020-07-08 19:05,18989
2020-07-08 19:10,19187
2020-07-08 19:15,19305
2020-07-08 19:20,19394
2020-07-08 19:25,19473
2020-07-08 19:30,19534
2020-07-08 19:35,19699
2020-07-08 19:40,19775
2020-07-08 19:45,19843
2020-07-08 19:50,19947
2020-07-08 19:55,20049
2020-07-08 20:00,20038
2020-07-08 20:05,20037
2020-07-08 20:10,20096
2020-07-08 20:15,20152
2020-07-08 20:20,20162
2020-07-08 20:25,20142
2020-07-08 20:30,20023
2020-07-08 20:35,20239
2020-07-08 20:40,20192
2020-07-08 20:45,20279
2020-07-08 20:50,20246
2020-07-08 20:55,20200
2020-07-08 21:00,20189
2020-07-08 21:05,20169
2020-07-08 21:10,20169
2020-07-08 21:15,20117
2020-07-08 21:20,20088
2020-07-08 21:25,20022
2020-07-08 21:30,19976
2020-07-08 21:35,19980
2020-07-08 21:40,19931
2020-07-08 21:45,19884
2020-07-08 21:50,19771
2020-07-08 21:55,19680
2020-07-08 22:00,19723
2020-07-08 22:05,19609
2020-07-08 22:10,19513
2020-07-08 22:15,19448
2020-07-08 22:20,19447
2020-07-08 22:25,19467
2020-07-08 22:30,19365
2020-07-08 22:35,19243
2020-07-08 22:40,19195
2020-07-08 22:45,19076
2020-07-08 22:50,19043
2020-07-08 22:55,18970
2020-07-08 23:00,18876
2020-07-08 23:05,18796
2020-07-08 23:10,18750
2020-07-08 23:15,18670
2020-07-08 23:20,18663
2020-07-08 23:25,18678
2020-07-08 23:30,18575
2020-07-08 23:35,18571
2020-07-08 23:40,18524
2020-07-08 23:45,18584
2020-07-08 23:50,18522
2020-07-08 23:55,18496
2020-07-09 00:00,18496
2020-07-09 00:05,18500
2020-07-09 00:10,18508
2020-07-09 00:15,18463
2020-07-09 00:20,18391
2020-07-09 00:25,18410
2020-07-09 00:30,18402
2020-07-09 00:35,18402
2020-07-09 00:40,18525
2020-07-09 00:45,18634
2020-07-09 00:50,18573
2020-07-09 00:55,18645
2020-07-09 01:00,18696
2020-07-09 01:05,18696
2020-07-09 01:10,18646
2020-07-09 01:15,18815
2020-07-09 01:20,18904
2020-07-09 01:25,19026
2020-07-09 01:30,19070
2020-07-09 01:35,19163
2020-07-09 01:40,19241
2020-07-09 01:45,19336
2020-07-09 01:50,19409
2020-07-09 01:55,19274
2020-07-09 02:00,19303
2020-07-09 02:05,19303
2020-07-09 02:10,19227
2020-07-09 02:15,19227
2020-07-09 02:20,19263
2020-07-09 02:25,19263
2020-07-09 02:30,19289
2020-07-09 02:35,19233
2020-07-09 02:40,19238
2020-07-09 02:45,19238
2020-07-09 02:50,19165
2020-07-09 02:55,19165
2020-07-09 03:00,19121
2020-07-09 03:05,19121
2020-07-09 03:10,18971
2020-07-09 03:15,18852
2020-07-09 03:20,18732
2020-07-09 03:25,18581
2020-07-09 03:30,18404
2020-07-09 03:35,18266
2020-07-09 03:40,18082
2020-07-09 03:45,17986
2020-07-09 03:50,17812
2020-07-09 03:55,17633
2020-07-09 04:00,17290
2020-07-09 04:05,17290
2020-07-09 04:10,17072
2020-07-09 04:15,16884
2020-07-09 04:20,16690
2020-07-09 04:25,16292
2020-07-09 04:30,16134
2020-07-09 04:35,15925
2020-07-09 04:40,15744
2020-07-09 04:45,15430
2020-07-09 04:50,15430
2020-07-09 04:55,15130
2020-07-09 05:00,14580
2020-07-09 05:05,14580
2020-07-09 05:10,14312
2020-07-09 05:15,14141
2020-07-09 05:20,13956
2020-07-09 05:25,13739
2020-07-09 05:30,13543
2020-07-09 05:35,13116
2020-07-09 05:40,12906
2020-07-09 05:45,12588
2020-07-09 05:50,12588
2020-07-09 05:55,12316
2020-07-09 06:00,11791
2020-07-09 06:05,11791
2020-07-09 06:10,11552
2020-07-09 06:15,11309
2020-07-09 06:20,11112
2020-07-09 06:25,10794
2020-07-09 06:30,10598
2020-07-09 06:35,10298
2020-07-09 06:40,10157
2020-07-09 06:45,10000
2020-07-09 06:50,9775
2020-07-09 06:55,9633
2020-07-09 07:00,9302
2020-07-09 07:05,9302
2020-07-09 07:10,9110
2020-07-09 07:15,8995
2020-07-09 07:20,8826
2020-07-09 07:25,8663
2020-07-09 07:30,8501
2020-07-09 07:35,8271
2020-07-09 07:40,6740
2020-07-09 07:45,5449
2020-07-09 07:50,4249
2020-07-09 07:55,3296
2020-07-09 08:00,2639
2020-07-09 08:05,2299
2020-07-09 08:10,1910
2020-07-09 08:15,1782
2020-07-09 08:20,1734
2020-07-09 08:25,1755
2020-07-09 08:30,1760
2020-07-09 08:35,1788
2020-07-09 08:40,1790
2020-07-09 08:45,1769
2020-07-09 08:50,1781
2020-07-09 08:55,1755
2020-07-09 09:00,1734
2020-07-09 09:05,1734
2020-07-09 09:10,1857
2020-07-09 09:15,1939
2020-07-09 09:20,1909
2020-07-09 09:25,1839
2020-07-09 09:30,2010
2020-07-09 09:35,2536
2020-07-09 09:40,3028
2020-07-09 09:45,3540
2020-07-09 09:50,3967
2020-07-09 09:55,4340
2020-07-09 10:00,4770
2020-07-09 10:05,5123
2020-07-09 10:10,5433
2020-07-09 10:15,5731
2020-07-09 10:20,6074
2020-07-09 10:25,6307
2020-07-09 10:30,6487
2020-07-09 10:35,6711
2020-07-09 10:40,6892
2020-07-09 10:45,7036
2020-07-09 10:50,7208
2020-07-09 10:55,7336
2020-07-09 11:00,7522
2020-07-09 11:05,7522
2020-07-09 11:10,7599
2020-07-09 11:15,7629
2020-07-09 11:20,7728
2020-07-09 11:25,7803
2020-07-09 11:30,7890
2020-07-09 11:35,8010
2020-07-09 11:40,8116
2020-07-09 11:45,8175
2020-07-09 11:50,8227
2020-07-09 11:55,8261
2020-07-09 12:00,8281
2020-07-09 12:05,8350
2020-07-09 12:10,8336
2020-07-09 12:15,8390
2020-07-09 12:20,8420
2020-07-09 12:25,8485
2020-07-09 12:30,8589
2020-07-09 12:35,8611
2020-07-09 12:40,8685
2020-07-09 12:45,8824
2020-07-09 12:50,8902
2020-07-09 12:55,9021
2020-07-09 13:00,9164
2020-07-09 13:05,9205
2020-07-09 13:10,9292
2020-07-09 13:15,9371
2020-07-09 13:20,9513
2020-07-09 13:25,9660
2020-07-09 13:30,9804
2020-07-09 13:35,9884
2020-07-09 13:40,10066
2020-07-09 13:45,10149
2020-07-09 13:50,10283
2020-07-09 13:55,10335
2020-07-09 14:00,10474
2020-07-09 14:05,10571
2020-07-09 14:10,10723
2020-07-09 14:15,10821
2020-07-09 14:20,10953
2020-07-09 14:25,11111
2020-07-09 14:30,11233
2020-07-09 14:35,11242
2020-07-09 14:40,11381
2020-07-09 14:45,11485
2020-07-09 14:50,11653
2020-07-09 14:55,11800
2020-07-09 15:00,11967
2020-07-09 15:05,12098
2020-07-09 15:10,12151
2020-07-09 15:15,12206
2020-07-09 15:20,12323
2020-07-09 15:25,12396
2020-07-09 15:30,12413
2020-07-09 15:35,12495
2020-07-09 15:40,12555
2020-07-09 15:45,12648
2020-07-09 15:50,12749
2020-07-09 15:55,12878
2020-07-09 16:00,12994
2020-07-09 16:05,13057
2020-07-09 16:10,13125
2020-07-09 16:15,13271
2020-07-09 16:20,13405
2020-07-09 16:25,13572
2020-07-09 16:30,13787
2020-07-09 16:35,13933
2020-07-09 16:40,14093
2020-07-09 16:45,14203
2020-07-09 16:50,14576
2020-07-09 16:55,14576
2020-07-09 17:00,14736
2020-07-09 17:05,14869
2020-07-09 17:10,15047
2020-07-09 17:15,15206
2020-07-09 17:20,15361
2020-07-09 17:25,15569
2020-07-09 17:30,15618
2020-07-09 17:35,15823
2020-07-09 17:40,15973
2020-07-09 17:45,16118
2020-07-09 17:50,16217
2020-07-09 17:55,16286
2020-07-09 18:00,16461
2020-07-09 18:05,16605
2020-07-09 18:10,16854
2020-07-09 18:15,16985
2020-07-09 18:20,17089
2020-07-09 18:25,17269
2020-07-09 18:30,17437
2020-07-09 18:35,17607
2020-07-09 18:40,17755
2020-07-09 18:45,17903
2020-07-09 18:50,17977
2020-07-09 18:55,18033
2020-07-09 19:00,18186
2020-07-09 19:05,18329
2020-07-09 19:10,18453
2020-07-09 19:15,18483
2020-07-09 19:20,18587
2020-07-09 19:25,18758
2020-07-09 19:30,18947
2020-07-09 19:35,19030
2020-07-09 19:40,19144
2020-07-09 19:45,15963
2020-07-09 19:50,19127
2020-07-09 19:55,19382
2020-07-09 20:00,19386
2020-07-09 20:05,19448
2020-07-09 20:10,19457
2020-07-09 20:15,19509
2020-07-09 20:20,19415
2020-07-09 20:25,19415
2020-07-09 20:30,19543
2020-07-09 20:35,19517
2020-07-09 20:40,19583
2020-07-09 20:45,19557
2020-07-09 20:50,19542
2020-07-09 20:55,19554
2020-07-09 21:00,19621
2020-07-09 21:05,19589
2020-07-09 21:10,19582
2020-07-09 21:15,19569
2020-07-09 21:20,19602
2020-07-09 21:25,19594
2020-07-09 21:30,19598
2020-07-09 21:35,19631
2020-07-09 21:40,19629
2020-07-09 21:45,19641
2020-07-09 21:50,19549
2020-07-09 21:55,19371
2020-07-09 22:00,19323
2020-07-09 22:05,19247
2020-07-09 22:10,19212
2020-07-09 22:15,19150
2020-07-09 22:20,19174
2020-07-09 22:25,19205
2020-07-09 22:30,19102
2020-07-09 22:35,19082
2020-07-09 22:40,18949
2020-07-09 22:45,18861
2020-07-09 22:50,18782
2020-07-09 22:55,18763
2020-07-09 23:00,18659
2020-07-09 23:05,18581
2020-07-09 23:10,18479
2020-07-09 23:15,0
2020-07-09 23:20,14139
2020-07-09 23:25,14786
2020-07-09 23:30,17776
2020-07-09 23:35,18273
2020-07-09 23:40,18289
2020-07-09 23:45,18241
2020-07-09 23:50,18237
2020-07-09 23:55,18204
2020-07-10 00:00,18163
2020-07-10 00:05,18067
2020-07-10 00:10,17980
2020-07-10 00:15,17966
2020-07-10 00:20,17942
2020-07-10 00:25,17969
2020-07-10 00:30,18049
2020-07-10 00:35,18113
2020-07-10 00:40,18183
2020-07-10 00:45,18274
2020-07-10 00:50,18288
2020-07-10 00:55,18220
2020-07-10 01:00,18198
2020-07-10 01:05,18262
2020-07-10 01:10,18393
2020-07-10 01:15,18457
2020-07-10 01:20,18530
2020-07-10 01:25,18647
2020-07-10 01:30,18668
2020-07-10 01:35,18633
2020-07-10 01:40,18732
2020-07-10 01:45,18771
2020-07-10 01:50,18847
2020-07-10 01:55,18920
2020-07-10 02:00,18971
2020-07-10 02:05,19035
2020-07-10 02:10,19065
2020-07-10 02:15,19098
2020-07-10 02:20,19003
2020-07-10 02:25,18989
2020-07-10 02:30,19020
2020-07-10 02:35,19095
2020-07-10 02:40,19146
2020-07-10 02:45,19072
2020-07-10 02:50,19071
2020-07-10 02:55,18987
2020-07-10 03:00,18944
2020-07-10 03:05,18815
2020-07-10 03:10,18677
2020-07-10 03:15,18604
2020-07-10 03:20,18462
2020-07-10 03:25,18397
2020-07-10 03:30,18247
2020-07-10 03:35,18181
2020-07-10 03:40,17957
2020-07-10 03:45,17705
2020-07-10 03:50,17533
2020-07-10 03:55,17400
2020-07-10 04:00,17199
2020-07-10 04:05,17021
2020-07-10 04:10,16833
2020-07-10 04:15,16674
2020-07-10 04:20,16367
2020-07-10 04:25,16098
2020-07-10 04:30,15906
2020-07-10 04:35,15726
2020-07-10 04:40,15506
2020-07-10 04:45,15298
2020-07-10 04:50,15030
2020-07-10 04:55,14849
2020-07-10 05:00,14641
2020-07-10 05:05,14444
2020-07-10 05:10,14190
2020-07-10 05:15,13952
2020-07-10 05:20,13803
2020-07-10 05:25,13610
2020-07-10 05:30,13400
2020-07-10 05:35,13212
2020-07-10 05:40,12979
2020-07-10 05:45,12745
2020-07-10 05:50,12510
2020-07-10 05:55,12223
2020-07-10 06:00,11965
2020-07-10 06:05,11736
2020-07-10 06:10,11434
2020-07-10 06:15,11222
2020-07-10 06:20,10919
2020-07-10 06:25,10788
2020-07-10 06:30,10610
2020-07-10 06:35,10410
2020-07-10 06:40,10230
2020-07-10 06:45,10095
2020-07-10 06:50,9897
2020-07-10 06:55,9702
2020-07-10 07:00,9483
2020-07-10 07:05,9286
2020-07-10 07:10,9142
2020-07-10 07:15,8923
2020-07-10 07:20,8767
2020-07-10 07:25,8587
2020-07-10 07:30,8446
2020-07-10 07:35,8318
2020-07-10 07:40,8198
2020-07-10 07:45,8060
2020-07-10 07:50,7915
2020-07-10 07:55,7824
2020-07-10 08:00,7732
2020-07-10 08:05,7632
2020-07-10 08:10,7484
2020-07-10 08:15,7406
2020-07-10 08:20,7329
2020-07-10 08:25,7193
2020-07-10 08:30,7118
2020-07-10 08:35,7061
2020-07-10 08:40,6938
2020-07-10 08:45,6917
2020-07-10 08:50,6880
2020-07-10 08:55,6858
2020-07-10 09:00,6787
2020-07-10 09:05,6791
2020-07-10 09:10,6845
2020-07-10 09:15,6645
2020-07-10 09:20,6444
2020-07-10 09:25,6463
2020-07-10 09:30,6485
2020-07-10 09:35,6472
2020-07-10 09:40,6582
2020-07-10 09:45,6635
2020-07-10 09:50,6676
2020-07-10 09:55,6751
2020-07-10 10:00,6771
2020-07-10 10:05,6893
2020-07-10 10:10,6881
2020-07-10 10:15,6919
2020-07-10 10:20,6970
2020-07-10 10:25,7002
2020-07-10 10:30,7039
2020-07-10 10:35,7004
2020-07-10 10:40,7063
2020-07-10 10:45,7156
2020-07-10 10:50,7168
2020-07-10 10:55,7229
2020-07-10 11:00,7293
2020-07-10 11:05,7337
2020-07-10 11:10,7422
2020-07-10 11:15,7475
2020-07-10 11:20,7529
2020-07-10 11:25,7577
2020-07-10 11:30,7601
2020-07-10 11:35,7609
2020-07-10 11:40,7754
2020-07-10 11:45,7786
2020-07-10 11:50,7847
2020-07-10 11:55,7948
2020-07-10 12:00,7985
2020-07-10 12:05,8087
2020-07-10 12:10,8196
2020-07-10 12:15,8241
2020-07-10 12:20,8285
2020-07-10 12:25,8403
2020-07-10 12:30,8474
2020-07-10 12:35,8578
2020-07-10 12:40,8599
2020-07-10 12:45,8659
2020-07-10 12:50,8768
2020-07-10 12:55,8799
2020-07-10 13:00,8886
2020-07-10 13:05,8948
2020-07-10 13:10,9120
2020-07-10 13:15,9217
2020-07-10 13:20,9312
2020-07-10 13:25,9424
2020-07-10 13:30,9540
2020-07-10 13:35,9707
2020-07-10 13:40,9805
2020-07-10 13:45,9949
2020-07-10 13:50,10024
2020-07-10 13:55,10127
2020-07-10 14:00,10207
2020-07-10 14:05,10387
2020-07-10 14:10,10549
2020-07-10 14:15,10761
2020-07-10 14:20,10889
2020-07-10 14:25,10993
2020-07-10 14:30,11123
2020-07-10 14:35,11252
2020-07-10 14:40,11295
2020-07-10 14:45,11443
2020-07-10 14:50,11583
2020-07-10 14:55,11644
2020-07-10 15:00,11754
2020-07-10 15:05,11903
2020-07-10 15:10,12055
2020-07-10 15:15,12153
2020-07-10 15:20,12274
2020-07-10 15:25,12436
2020-07-10 15:30,12552
2020-07-10 15:35,12653
2020-07-10 15:40,12721
2020-07-10 15:45,12881
2020-07-10 15:50,13033
2020-07-10 15:55,13120
2020-07-10 16:00,13194
2020-07-10 16:05,13255
2020-07-10 16:10,13408
2020-07-10 16:15,13568
2020-07-10 16:20,13663
2020-07-10 16:25,13760
2020-07-10 16:30,13853
2020-07-10 16:35,13908
2020-07-10 16:40,14046
2020-07-10 16:45,14147
2020-07-10 16:50,14194
2020-07-10 16:55,14315
2020-07-10 17:00,14395
2020-07-10 17:05,14507
2020-07-10 17:10,14579
2020-07-10 17:15,14662
2020-07-10 17:20,14719
2020-07-10 17:25,14850
2020-07-10 17:30,14976
2020-07-10 17:35,15253
2020-07-10 17:40,15398
2020-07-10 17:45,15529
2020-07-10 17:50,15670
2020-07-10 17:55,15782
2020-07-10 18:00,15906
2020-07-10 18:05,16132
2020-07-10 18:10,16281
2020-07-10 18:15,16379
2020-07-10 18:20,16575
2020-07-10 18:25,16799
2020-07-10 18:30,16919
2020-07-10 18:35,17097
2020-07-10 18:40,
2020-07-10 18:45,17347
2020-07-10 18:50,17578
2020-07-10 18:55,17769
2020-07-10 19:00,17954
2020-07-10 19:05,18102
2020-07-10 19:10,18286
2020-07-10 19:15,18432
2020-07-10 19:20,18636
2020-07-10 19:25,18710
2020-07-10 19:30,18814
2020-07-10 19:35,18949
2020-07-10 19:40,19142
2020-07-10 19:45,19276
2020-07-10 19:50,19361
2020-07-10 19:55,19436
2020-07-10 20:00,19555
2020-07-10 20:05,19644
2020-07-10 20:10,19748
2020-07-10 20:15,19820
2020-07-10 20:20,19768
2020-07-10 20:25,19765
2020-07-10 20:30,19787
2020-07-10 20:35,19903
2020-07-10 20:40,19952
2020-07-10 20:45,20027
2020-07-10 20:50,20052
2020-07-10 20:55,20052
2020-07-10 21:00,20076
2020-07-10 21:05,20123
2020-07-10 21:10,20065
2020-07-10 21:15,20155
2020-07-10 21:20,20161
2020-07-10 21:25,20167
2020-07-10 21:30,20158
2020-07-10 21:35,20091
2020-07-10 21:40,19998
2020-07-10 21:45,19982
2020-07-10 21:50,19911
2020-07-10 21:55,19961
2020-07-10 22:00,19883
2020-07-10 22:05,19823
2020-07-10 22:10,19750
2020-07-10 22:15,19569
2020-07-10 22:20,19503
2020-07-10 22:25,19458
2020-07-10 22:30,19352
2020-07-10 22:35,19369
2020-07-10 22:40,19304
2020-07-10 22:45,19320
2020-07-10 22:50,19229
2020-07-10 22:55,19162
2020-07-10 23:00,19054
2020-07-10 23:05,18965
2020-07-10 23:10,18993
2020-07-10 23:15,18986
2020-07-10 23:20,18893
2020-07-10 23:25,18796
2020-07-10 23:30,18851
2020-07-10 23:35,18757
2020-07-10 23:40,18804
2020-07-10 23:45,18715
2020-07-10 23:50,18746
2020-07-10 23:55,18698
2020-07-11 00:00,18544
2020-07-11 00:05,18666
2020-07-11 00:10,18567
2020-07-11 00:15,18450
2020-07-11 00:20,18397
2020-07-11 00:25,18396
2020-07-11 00:30,18428
2020-07-11 00:35,18375
2020-07-11 00:40,18380
2020-07-11 00:45,18351
2020-07-11 00:50,18354
2020-07-11 00:55,18448
2020-07-11 01:00,18368
2020-07-11 01:05,18452
2020-07-11 01:10,18504
2020-07-11 01:15,18556
2020-07-11 01:20,18635
2020-07-11 01:25,18741
2020-07-11 01:30,18816
2020-07-11 01:35,18874
2020-07-11 01:40,18913
2020-07-11 01:45,19040
2020-07-11 01:50,19141
2020-07-11 01:55,19232
2020-07-11 02:00,19342
2020-07-11 02:05,19382
2020-07-11 02:10,19517
2020-07-11 02:15,19574
2020-07-11 02:20,19705
2020-07-11 02:25,19809
2020-07-11 02:30,19866
2020-07-11 02:35,19941
2020-07-11 02:40,19983
2020-07-11 02:45,20104
2020-07-11 02:50,20244
2020-07-11 02:55,20261
2020-07-11 03:00,20242
2020-07-11 03:05,20191
2020-07-11 03:10,20168
2020-07-11 03:15,20187
2020-07-11 03:20,20118
2020-07-11 03:25,20079
2020-07-11 03:30,20068
2020-07-11 03:35,19962
2020-07-11 03:40,19966
2020-07-11 03:45,19933
2020-07-11 03:50,19874
2020-07-11 03:55,19742
2020-07-11 04:00,19554
2020-07-11 04:05,19393
2020-07-11 04:10,19208
2020-07-11 04:15,19027
2020-07-11 04:20,18904
2020-07-11 04:25,18751
2020-07-11 04:30,18475
2020-07-11 04:35,18266
2020-07-11 04:40,18134
2020-07-11 04:45,17974
2020-07-11 04:50,17795
2020-07-11 04:55,17554
2020-07-11 05:00,17307
2020-07-11 05:05,17169
2020-07-11 05:10,16839
2020-07-11 05:15,16590
2020-07-11 05:20,16307
2020-07-11 05:25,16079
2020-07-11 05:30,15864
2020-07-11 05:35,15595
2020-07-11 05:40,15387
2020-07-11 05:45,15252
2020-07-11 05:50,15065
2020-07-11 05:55,14839
2020-07-11 06:00,14618
2020-07-11 06:05,14350
2020-07-11 06:10,14040
2020-07-11 06:15,13845
2020-07-11 06:20,13565
2020-07-11 06:25,13282
2020-07-11 06:30,13031
2020-07-11 06:35,12795
2020-07-11 06:40,12584
2020-07-11 06:45,12399
2020-07-11 06:50,12136
2020-07-11 06:55,11934
2020-07-11 07:00,11691
2020-07-11 07:05,11517
2020-07-11 07:10,11255
2020-07-11 07:15,11021
2020-07-11 07:20,10863
2020-07-11 07:25,10666
2020-07-11 07:30,10463
2020-07-11 07:35,10268
2020-07-11 07:40,10128
2020-07-11 07:45,9929
2020-07-11 07:50,9727
2020-07-11 07:55,9517
2020-07-11 08:00,9416
2020-07-11 08:05,9282
2020-07-11 08:10,9121
2020-07-11 08:15,9026
2020-07-11 08:20,8867
2020-07-11 08:25,8760
2020-07-11 08:30,8688
2020-07-11 08:35,8624
2020-07-11 08:40,8554
2020-07-11 08:45,8459
2020-07-11 08:50,8437
2020-07-11 08:55,8422
2020-07-11 09:00,8375
2020-07-11 09:05,8368
2020-07-11 09:10,8338
2020-07-11 09:15,8282
2020-07-11 09:20,7679
2020-07-11 09:25,7693
2020-07-11 09:30,7709
2020-07-11 09:35,7770
2020-07-11 09:40,7841
2020-07-11 09:45,7878
2020-07-11 09:50,7965
2020-07-11 09:55,7980
2020-07-11 10:00,8044
2020-07-11 10:05,8064
2020-07-11 10:10,8065
2020-07-11 10:15,8181
2020-07-11 10:20,8219
2020-07-11 10:25,8209
2020-07-11 10:30,8225
2020-07-11 10:35,8244
2020-07-11 10:40,8283
2020-07-11 10:45,8390
2020-07-11 10:50,8460
2020-07-11 10:55,8557
2020-07-11 11:00,8567
2020-07-11 11:05,8588
2020-07-11 11:10,8642
2020-07-11 11:15,8709
2020-07-11 11:20,8734
2020-07-11 11:25,8772
2020-07-11 11:30,8862
2020-07-11 11:35,8922
2020-07-11 11:40,9029
2020-07-11 11:45,9115
2020-07-11 11:50,9131
2020-07-11 11:55,9177
2020-07-11 12:00,9239
2020-07-11 12:05,9277
2020-07-11 12:10,9299
2020-07-11 12:15,9457
2020-07-11 12:20,9546
2020-07-11 12:25,9629
2020-07-11 12:30,9722
2020-07-11 12:35,9834
2020-07-11 12:40,9891
2020-07-11 12:45,10027
2020-07-11 12:50,10109
2020-07-11 12:55,10271
2020-07-11 13:00,10355
2020-07-11 13:05,10483
2020-07-11 13:10,10593
2020-07-11 13:15,10741
2020-07-11 13:20,10882
2020-07-11 13:25,11017
2020-07-11 13:30,11125
2020-07-11 13:35,11268
2020-07-11 13:40,11395
2020-07-11 13:45,11599
2020-07-11 13:50,11733
2020-07-11 13:55,11889
2020-07-11 14:00,11956
2020-07-11 14:05,12099
2020-07-11 14:10,12220
2020-07-11 14:15,12363
2020-07-11 14:20,12485
2020-07-11 14:25,12561
2020-07-11 14:30,12642
2020-07-11 14:35,12786
2020-07-11 14:40,12968
2020-07-11 14:45,13017
2020-07-11 14:50,13084
2020-07-11 14:55,13173
2020-07-11 15:00,13205
2020-07-11 15:05,13341
2020-07-11 15:10,13393
2020-07-11 15:15,13520
2020-07-11 15:20,13679
2020-07-11 15:25,13749
2020-07-11 15:30,13807
2020-07-11 15:35,13948
2020-07-11 15:40,14045
2020-07-11 15:45,14034
2020-07-11 15:50,14134
2020-07-11 15:55,14198
2020-07-11 16:00,14266
2020-07-11 16:05,14344
2020-07-11 16:10,14374
2020-07-11 16:15,14504
2020-07-11 16:20,14592
2020-07-11 16:25,14720
2020-07-11 16:30,14790
2020-07-11 16:35,14857
2020-07-11 16:40,14948
2020-07-11 16:45,15061
2020-07-11 16:50,15124
2020-07-11 16:55,15340
2020-07-11 17:00,15468
2020-07-11 17:05,15601
2020-07-11 17:10,15635
2020-07-11 17:15,15785
2020-07-11 17:20,15954
2020-07-11 17:25,16135
2020-07-11 17:30,16236
2020-07-11 17:35,16380
2020-07-11 17:40,16541
2020-07-11 17:45,16713
2020-07-11 17:50,16840
2020-07-11 17:55,16930
2020-07-11 18:00,17064
2020-07-11 18:05,17153
2020-07-11 18:10,17302
2020-07-11 18:15,17379
2020-07-11 18:20,17613
2020-07-11 18:25,17825
2020-07-11 18:30,17915
2020-07-11 18:35,18053
2020-07-11 18:40,18236
2020-07-11 18:45,18353
2020-07-11 18:50,18420
2020-07-11 18:55,18633
2020-07-11 19:00,18739
2020-07-11 19:05,18851
2020-07-11 19:10,19046
2020-07-11 19:15,19196
2020-07-11 19:20,19358
2020-07-11 19:25,19401
2020-07-11 19:30,19546
2020-07-11 19:35,19665
2020-07-11 19:40,19852
2020-07-11 19:45,19945
2020-07-11 19:50,20088
2020-07-11 19:55,20142
2020-07-11 20:00,20264
2020-07-11 20:05,20355
2020-07-11 20:10,20397
2020-07-11 20:15,20570
2020-07-11 20:20,20667
2020-07-11 20:25,20694
2020-07-11 20:30,20813
2020-07-11 20:35,20898
2020-07-11 20:40,21029
2020-07-11 20:45,21073
2020-07-11 20:50,21129
2020-07-11 20:55,21157
2020-07-11 21:00,21137
2020-07-11 21:05,21091
2020-07-11 21:10,21105
2020-07-11 21:15,21059
2020-07-11 21:20,20994
2020-07-11 21:25,20968
2020-07-11 21:30,20961
2020-07-11 21:35,21071
2020-07-11 21:40,21048
2020-07-11 21:45,20929
2020-07-11 21:50,20874
2020-07-11 21:55,20843
2020-07-11 22:00,20751
2020-07-11 22:05,20602
2020-07-11 22:10,20544
2020-07-11 22:15,20512
2020-07-11 22:20,20401
2020-07-11 22:25,20414
2020-07-11 22:30,20278
2020-07-11 22:35,20172
2020-07-11 22:40,20055
2020-07-11 22:45,19956
2020-07-11 22:50,19773
2020-07-11 22:55,19756
2020-07-11 23:00,19592
2020-07-11 23:05,19385
2020-07-11 23:10,19306
2020-07-11 23:15,19296
2020-07-11 23:20,19248
2020-07-11 23:25,19184
2020-07-11 23:30,19086
2020-07-11 23:35,19046
2020-07-11 23:40,18951
2020-07-11 23:45,18855
2020-07-11 23:50,18787
2020-07-11 23:55,18703
2020-07-12 00:00,18623
2020-07-12 00:05,18552
2020-07-12 00:10,18502
2020-07-12 00:15,18483
2020-07-12 00:20,18446
2020-07-12 00:25,18424
2020-07-12 00:30,18454
2020-07-12 00:35,18446
2020-07-12 00:40,18426
2020-07-12 00:45,18417
2020-07-12 00:50,18440
2020-07-12 00:55,18521
2020-07-12 01:00,18502
2020-07-12 01:05,18491
2020-07-12 01:10,18444
2020-07-12 01:15,18465
2020-07-12 01:20,18458
2020-07-12 01:25,18531
2020-07-12 01:30,18571
2020-07-12 01:35,18584
2020-07-12 01:40,18660
2020-07-12 01:45,18791
2020-07-12 01:50,18768
2020-07-12 01:55,18799
2020-07-12 02:00,18792
2020-07-12 02:05,18941
2020-07-12 02:10,18963
2020-07-12 02:15,18960
2020-07-12 02:20,19015
2020-07-12 02:25,19001
2020-07-12 02:30,19025
2020-07-12 02:35,19011
2020-07-12 02:40,19100
2020-07-12 02:45,19182
2020-07-12 02:50,19234
2020-07-12 02:55,19176
2020-07-12 03:00,19148
2020-07-12 03:05,19115
2020-07-12 03:10,19065
2020-07-12 03:15,18982
2020-07-12 03:20,18994
2020-07-12 03:25,19034
2020-07-12 03:30,18995
2020-07-12 03:35,18962
2020-07-12 03:40,18866
2020-07-12 03:45,18842
2020-07-12 03:50,18752
2020-07-12 03:55,18626
2020-07-12 04:00,18497
2020-07-12 04:05,18343
2020-07-12 04:10,18272
2020-07-12 04:15,18197
2020-07-12 04:20,18209
2020-07-12 04:25,17983
2020-07-12 04:30,17881
2020-07-12 04:35,17742
2020-07-12 04:40,17478
2020-07-12 04:45,17331
2020-07-12 04:50,17173
2020-07-12 04:55,17044
2020-07-12 05:00,16896
2020-07-12 05:05,16681
2020-07-12 05:10,16394
2020-07-12 05:15,16224
2020-07-12 05:20,16064
2020-07-12 05:25,15875
2020-07-12 05:30,15624
2020-07-12 05:35,15484
2020-07-12 05:40,15287
2020-07-12 05:45,15126
2020-07-12 05:50,15000
2020-07-12 05:55,14808
2020-07-12 06:00,14530
2020-07-12 06:05,14352
2020-07-12 06:10,14130
2020-07-12 06:15,13931
2020-07-12 06:20,13751
2020-07-12 06:25,13556
2020-07-12 06:30,13368
2020-07-12 06:35,13136
2020-07-12 06:40,12945
2020-07-12 06:45,12721
2020-07-12 06:50,12567
2020-07-12 06:55,12282
2020-07-12 07:00,12080
2020-07-12 07:05,11887
2020-07-12 07:10,11627
2020-07-12 07:15,11379
2020-07-12 07:20,11185
2020-07-12 07:25,10990
2020-07-12 07:30,10776
2020-07-12 07:35,10591
2020-07-12 07:40,10436
2020-07-12 07:45,10248
2020-07-12 07:50,10045
2020-07-12 07:55,9856
2020-07-12 08:00,9734
2020-07-12 08:05,9587
2020-07-12 08:10,9427
2020-07-12 08:15,9210
2020-07-12 08:20,9074
2020-07-12 08:25,9014
2020-07-12 08:30,8936
2020-07-12 08:35,8898
2020-07-12 08:40,8799
2020-07-12 08:45,8754
2020-07-12 08:50,8692
2020-07-12 08:55,8707
2020-07-12 09:00,8656
2020-07-12 09:05,8645
2020-07-12 09:10,8654
2020-07-12 09:15,8625
2020-07-12 09:20,8603
2020-07-12 09:25,8637
2020-07-12 09:30,8712
2020-07-12 09:35,8712
2020-07-12 09:40,8728
2020-07-12 09:45,8749
2020-07-12 09:50,8810
2020-07-12 09:55,8766
2020-07-12 10:00,8838
2020-07-12 10:05,8852
2020-07-12 10:10,8856
2020-07-12 10:15,8804
2020-07-12 10:20,8823
2020-07-12 10:25,8843
2020-07-12 10:30,8855
2020-07-12 10:35,8868
2020-07-12 10:40,8981
2020-07-12 10:45,8998
2020-07-12 10:50,9083
2020-07-12 10:55,9124
2020-07-12 11:00,9251
2020-07-12 11:05,9287
2020-07-12 11:10,9297
2020-07-12 11:15,9344
2020-07-12 11:20,9435
2020-07-12 11:25,9490
2020-07-12 11:30,9624
2020-07-12 11:35,9685
2020-07-12 11:40,9769
2020-07-12 11:45,9839
2020-07-12 11:50,9918
2020-07-12 11:55,9947
2020-07-12 12:00,9986
2020-07-12 12:05,10011
2020-07-12 12:10,10103
2020-07-12 12:15,10140
2020-07-12 12:20,10184
2020-07-12 12:25,10303
2020-07-12 12:30,10461
2020-07-12 12:35,10448
2020-07-12 12:40,10574
2020-07-12 12:45,10793
2020-07-12 12:50,10815
2020-07-12 12:55,10898
2020-07-12 13:00,10994
2020-07-12 13:05,11112
2020-07-12 13:10,11303
2020-07-12 13:15,11466
2020-07-12 13:20,11555
2020-07-12 13:25,11698
2020-07-12 13:30,11836
2020-07-12 13:35,11975
2020-07-12 13:40,12127
2020-07-12 13:45,12257
2020-07-12 13:50,12417
2020-07-12 13:55,12531
2020-07-12 14:00,12631
2020-07-12 14:05,12742
2020-07-12 14:10,12866
2020-07-12 14:15,13029
2020-07-12 14:20,13107
2020-07-12 14:25,13187
2020-07-12 14:30,13322
2020-07-12 14:35,13472
2020-07-12 14:40,13568
2020-07-12 14:45,13708
2020-07-12 14:50,13863
2020-07-12 14:55,13963
2020-07-12 15:00,14097
2020-07-12 15:05,14200
2020-07-12 15:10,14276
2020-07-12 15:15,14427
2020-07-12 15:20,14577
2020-07-12 15:25,14664
2020-07-12 15:30,14795
2020-07-12 15:35,14845
2020-07-12 15:40,14965
2020-07-12 15:45,15082
2020-07-12 15:50,15133
2020-07-12 15:55,15160
2020-07-12 16:00,15278
2020-07-12 16:05,15426
2020-07-12 16:10,15588
2020-07-12 16:15,15689
2020-07-12 16:20,15812
2020-07-12 16:25,15966
2020-07-12 16:30,16006
2020-07-12 16:35,16116
2020-07-12 16:40,16288
2020-07-12 16:45,16482
2020-07-12 16:50,16626
2020-07-12 16:55,16700
2020-07-12 17:00,16815
2020-07-12 17:05,16925
2020-07-12 17:10,17030
2020-07-12 17:15,17339
2020-07-12 17:20,17406
2020-07-12 17:25,17610
2020-07-12 17:30,17766
2020-07-12 17:35,18002
2020-07-12 17:40,18226
2020-07-12 17:45,18420
2020-07-12 17:50,18605
2020-07-12 17:55,18862
2020-07-12 18:00,19031
2020-07-12 18:05,19207
2020-07-12 18:10,19401
2020-07-12 18:15,19613
2020-07-12 18:20,19809
2020-07-12 18:25,19979
2020-07-12 18:30,20140
2020-07-12 18:35,20316
2020-07-12 18:40,20441
2020-07-12 18:45,20677
2020-07-12 18:50,20839
2020-07-12 18:55,20994
2020-07-12 19:00,21182
2020-07-12 19:05,21322
2020-07-12 19:10,21502
2020-07-12 19:15,21601
2020-07-12 19:20,21742
2020-07-12 19:25,21846
2020-07-12 19:30,21989
2020-07-12 19:35,21984
2020-07-12 19:40,22061
2020-07-12 19:45,22196
2020-07-12 19:50,22196
2020-07-12 19:55,22277
2020-07-12 20:00,22364
2020-07-12 20:05,22463
2020-07-12 20:10,22642
2020-07-12 20:15,22769
2020-07-12 20:20,22805
2020-07-12 20:25,22740
2020-07-12 20:30,22751
2020-07-12 20:35,22769
2020-07-12 20:40,22775
2020-07-12 20:45,22863
2020-07-12 20:50,22834
2020-07-12 20:55,22828
2020-07-12 21:00,22725
2020-07-12 21:05,22664
2020-07-12 21:10,22663
2020-07-12 21:15,22619
2020-07-12 21:20,22497
2020-07-12 21:25,22427
2020-07-12 21:30,22312
2020-07-12 21:35,22195
2020-07-12 21:40,22131
2020-07-12 21:45,22117
2020-07-12 21:50,21966
2020-07-12 21:55,21800
2020-07-12 22:00,21550
2020-07-12 22:05,21511
2020-07-12 22:10,21431
2020-07-12 22:15,21295
2020-07-12 22:20,21104
2020-07-12 22:25,20992
2020-07-12 22:30,20906
2020-07-12 22:35,20789
2020-07-12 22:40,20746
2020-07-12 22:45,20674
2020-07-12 22:50,20595
2020-07-12 22:55,20508
2020-07-12 23:00,20448
2020-07-12 23:05,20336
2020-07-12 23:10,20281
2020-07-12 23:15,20197
2020-07-12 23:20,20122
2020-07-12 23:25,20019
2020-07-12 23:30,19885
2020-07-12 23:35,19850
2020-07-12 23:40,19775
2020-07-12 23:45,19713
2020-07-12 23:50,19709
2020-07-12 23:55,19757
2020-07-13 00:00,19656
2020-07-13 00:05,19645
2020-07-13 00:10,19569
2020-07-13 00:15,19515
2020-07-13 00:20,19515
2020-07-13 00:25,19504
2020-07-13 00:30,19493
2020-07-13 00:35,19461
2020-07-13 00:40,19593
2020-07-13 00:45,19701
2020-07-13 00:50,19743
2020-07-13 00:55,19819
2020-07-13 01:00,19831
2020-07-13 01:05,19866
2020-07-13 01:10,19919
2020-07-13 01:15,19920
2020-07-13 01:20,19972
2020-07-13 01:25,20006
2020-07-13 01:30,20040
2020-07-13 01:35,19999
2020-07-13 01:40,19999
2020-07-13 01:45,19945
2020-07-13 01:50,19943
2020-07-13 01:55,19905
2020-07-13 02:00,19929
2020-07-13 02:05,19881
2020-07-13 02:10,19937
2020-07-13 02:15,19999
2020-07-13 02:20,20018
2020-07-13 02:25,20036
2020-07-13 02:30,19976
2020-07-13 02:35,19997
2020-07-13 02:40,19919
2020-07-13 02:45,19820
2020-07-13 02:50,19687
2020-07-13 02:55,19577
2020-07-13 03:00,19437
2020-07-13 03:05,19362
2020-07-13 03:10,19201
2020-07-13 03:15,19077
2020-07-13 03:20,18952
2020-07-13 03:25,18841
2020-07-13 03:30,18717
2020-07-13 03:35,18594
2020-07-13 03:40,18506
2020-07-13 03:45,18382
2020-07-13 03:50,18288
2020-07-13 03:55,18114
2020-07-13 04:00,17791
2020-07-13 04:05,17558
2020-07-13 04:10,17369
2020-07-13 04:15,17233
2020-07-13 04:20,17023
2020-07-13 04:25,16792
2020-07-13 04:30,16657
2020-07-13 04:35,16427
2020-07-13 04:40,16160
2020-07-13 04:45,15901
2020-07-13 04:50,15682
2020-07-13 04:55,15520
2020-07-13 05:00,15238
2020-07-13 05:05,14966
2020-07-13 05:10,14721
2020-07-13 05:15,14475
2020-07-13 05:20,14228
2020-07-13 05:25,14063
2020-07-13 05:30,13785
2020-07-13 05:35,13461
2020-07-13 05:40,13225
2020-07-13 05:45,12987
2020-07-13 05:50,12724
2020-07-13 05:55,12458
2020-07-13 06:00,12248
2020-07-13 06:05,11903
2020-07-13 06:10,11677
2020-07-13 06:15,11459
2020-07-13 06:20,11219
2020-07-13 06:25,11028
2020-07-13 06:30,10806
2020-07-13 06:35,10557
2020-07-13 06:40,10356
2020-07-13 06:45,10153
2020-07-13 06:50,10000
2020-07-13 06:55,9804
2020-07-13 07:00,9628
2020-07-13 07:05,9441
2020-07-13 07:10,9294
2020-07-13 07:15,9063
2020-07-13 07:20,8895
2020-07-13 07:25,8764
2020-07-13 07:30,8583
2020-07-13 07:35,8474
2020-07-13 07:40,8340
2020-07-13 07:45,8247
2020-07-13 07:50,8161
2020-07-13 07:55,8016
2020-07-13 08:00,7962
2020-07-13 08:05,7910
2020-07-13 08:10,7812
2020-07-13 08:15,7662
2020-07-13 08:20,7572
2020-07-13 08:25,7485
2020-07-13 08:30,7387
2020-07-13 08:35,7355
2020-07-13 08:40,7308
2020-07-13 08:45,7271
2020-07-13 08:50,7275
2020-07-13 08:55,7271
2020-07-13 09:00,7252
2020-07-13 09:05,7214
2020-07-13 09:10,7172
2020-07-13 09:15,7104
2020-07-13 09:20,7140
2020-07-13 09:25,7140
2020-07-13 09:30,7204
2020-07-13 09:35,7202
2020-07-13 09:40,7218
2020-07-13 09:45,7197
2020-07-13 09:50,7240
2020-07-13 09:55,7210
2020-07-13 10:00,7230
2020-07-13 10:05,7223
2020-07-13 10:10,7227
2020-07-13 10:15,7194
2020-07-13 10:20,7286
2020-07-13 10:25,7343
2020-07-13 10:30,7366
2020-07-13 10:35,7372
2020-07-13 10:40,7429
2020-07-13 10:45,7467
2020-07-13 10:50,7472
2020-07-13 10:55,7497
2020-07-13 11:00,7527
2020-07-13 11:05,7610
2020-07-13 11:10,7694
2020-07-13 11:15,7745
2020-07-13 11:20,7826
2020-07-13 11:25,7862
2020-07-13 11:30,7894
2020-07-13 11:35,7957
2020-07-13 11:40,8001
2020-07-13 11:45,8081
2020-07-13 11:50,8159
2020-07-13 11:55,8231
2020-07-13 12:00,8270
2020-07-13 12:05,8308
2020-07-13 12:10,8368
2020-07-13 12:15,8432
2020-07-13 12:20,8530
2020-07-13 12:25,8590
2020-07-13 12:30,8699
2020-07-13 12:35,8770
2020-07-13 12:40,8849
2020-07-13 12:45,8945
2020-07-13 12:50,9043
2020-07-13 12:55,9133
2020-07-13 13:00,9240
2020-07-13 13:05,9356
2020-07-13 13:10,9501
2020-07-13 13:15,9695
2020-07-13 13:20,9787
2020-07-13 13:25,9927
2020-07-13 13:30,10031
2020-07-13 13:35,10194
2020-07-13 13:40,10344
2020-07-13 13:45,10440
2020-07-13 13:50,10544
2020-07-13 13:55,10670
2020-07-13 14:00,10790
2020-07-13 14:05,10933
2020-07-13 14:10,11032
2020-07-13 14:15,11238
2020-07-13 14:20,11315
2020-07-13 14:25,11426
2020-07-13 14:30,11556
2020-07-13 14:35,11631
2020-07-13 14:40,11733
2020-07-13 14:45,11816
2020-07-13 14:50,11916
2020-07-13 14:55,11986
2020-07-13 15:00,12093
2020-07-13 15:05,12208
2020-07-13 15:10,12296
2020-07-13 15:15,12435
2020-07-13 15:20,12572
2020-07-13 15:25,12621
2020-07-13 15:30,12803
2020-07-13 15:35,12906
2020-07-13 15:40,13060
2020-07-13 15:45,13187
2020-07-13 15:50,13249
2020-07-13 15:55,13427
2020-07-13 16:00,13557
2020-07-13 16:05,13656
2020-07-13 16:10,13786
2020-07-13 16:15,13932
2020-07-13 16:20,14083
2020-07-13 16:25,14236
2020-07-13 16:30,14420
2020-07-13 16:35,14589
2020-07-13 16:40,
2020-07-13 16:45,14813
2020-07-13 16:50,15032
2020-07-13 16:55,15214
2020-07-13 17:00,15342
2020-07-13 17:05,15498
2020-07-13 17:10,15682
2020-07-13 17:15,15754
2020-07-13 17:20,15973
2020-07-13 17:25,16082
2020-07-13 17:30,16344
2020-07-13 17:35,16575
2020-07-13 17:40,16741
2020-07-13 17:45,16830
2020-07-13 17:50,16984
2020-07-13 17:55,17177
2020-07-13 18:00,17363
2020-07-13 18:05,17533
2020-07-13 18:10,17671
2020-07-13 18:15,17859
2020-07-13 18:20,18083
2020-07-13 18:25,18306
2020-07-13 18:30,18512
2020-07-13 18:35,18694
2020-07-13 18:40,18773
2020-07-13 18:45,18948
2020-07-13 18:50,19016
2020-07-13 18:55,19098
2020-07-13 19:00,19222
2020-07-13 19:05,19375
2020-07-13 19:10,19576
2020-07-13 19:15,19691
2020-07-13 19:20,19829
2020-07-13 19:25,19963
2020-07-13 19:30,20070
2020-07-13 19:35,20179
2020-07-13 19:40,20247
2020-07-13 19:45,20367
2020-07-13 19:50,20407
2020-07-13 19:55,20492
2020-07-13 20:00,20444
2020-07-13 20:05,20585
2020-07-13 20:10,20569
2020-07-13 20:15,20565
2020-07-13 20:20,20507
2020-07-13 20:25,20496
2020-07-13 20:30,20459
2020-07-13 20:35,20545
2020-07-13 20:40,20575
2020-07-13 20:45,20561
2020-07-13 20:50,20567
2020-07-13 20:55,20608
2020-07-13 21:00,20586
2020-07-13 21:05,20484
2020-07-13 21:10,20512
2020-07-13 21:15,20419
2020-07-13 21:20,20147
2020-07-13 21:25,20389
2020-07-13 21:30,20387
2020-07-13 21:35,20326
2020-07-13 21:40,20238
2020-07-13 21:45,20171
2020-07-13 21:50,19970
2020-07-13 21:55,20073
2020-07-13 22:00,20050
2020-07-13 22:05,20059
2020-07-13 22:10,19906
2020-07-13 22:15,19822
2020-07-13 22:20,19808
2020-07-13 22:25,19867
2020-07-13 22:30,19800
2020-07-13 22:35,19698
2020-07-13 22:40,19651
2020-07-13 22:45,19681
2020-07-13 22:50,19651
2020-07-13 22:55,19700
2020-07-13 23:00,19609
2020-07-13 23:05,19664
2020-07-13 23:10,19638
2020-07-13 23:15,19320
2020-07-13 23:20,19438
2020-07-13 23:25,19440
2020-07-13 23:30,19440
2020-07-13 23:35,19485
2020-07-13 23:40,19502
2020-07-13 23:45,19516
2020-07-13 23:50,19514
2020-07-13 23:55,19469
2020-07-14 00:00,19534
2020-07-14 00:05,19640
2020-07-14 00:10,19634
2020-07-14 00:15,19657
2020-07-14 00:20,19682
2020-07-14 00:25,19656
2020-07-14 00:30,19702
2020-07-14 00:35,19736
2020-07-14 00:40,19706
2020-07-14 00:45,19876
2020-07-14 00:50,19884
2020-07-14 00:55,20001
2020-07-14 01:00,20051
2020-07-14 01:05,20011
2020-07-14 01:10,20031
2020-07-14 01:15,19990
2020-07-14 01:20,20067
2020-07-14 01:25,20071
2020-07-14 01:30,20128
2020-07-14 01:35,20172
2020-07-14 01:40,20218
2020-07-14 01:45,20241
2020-07-14 01:50,20304
2020-07-14 01:55,20444
2020-07-14 02:00,20485
2020-07-14 02:05,20500
2020-07-14 02:10,20513
2020-07-14 02:15,20551
2020-07-14 02:20,20490
2020-07-14 02:25,20465
2020-07-14 02:30,20455
2020-07-14 02:35,20444
2020-07-14 02:40,20464
2020-07-14 02:45,20389
2020-07-14 02:50,20308
2020-07-14 02:55,20225
2020-07-14 03:00,20060
2020-07-14 03:05,19957
2020-07-14 03:10,19849
2020-07-14 03:15,19720
2020-07-14 03:20,19597
2020-07-14 03:25,19423
2020-07-14 03:30,19258
2020-07-14 03:35,19117
2020-07-14 03:40,18988
2020-07-14 03:45,18783
2020-07-14 03:50,18536
2020-07-14 03:55,18330
2020-07-14 04:00,18105
2020-07-14 04:05,17832
2020-07-14 04:10,17634
2020-07-14 04:15,17396
2020-07-14 04:20,17236
2020-07-14 04:25,17016
2020-07-14 04:30,16846
2020-07-14 04:35,16606
2020-07-14 04:40,16366
2020-07-14 04:45,16102
2020-07-14 04:50,15918
2020-07-14 04:55,15684
2020-07-14 05:00,15482
2020-07-14 05:05,15196
2020-07-14 05:10,14941
2020-07-14 05:15,14643
2020-07-14 05:20,14453
2020-07-14 05:25,14255
2020-07-14 05:30,13934
2020-07-14 05:35,13589
2020-07-14 05:40,13345
2020-07-14 05:45,13108
2020-07-14 05:50,12831
2020-07-14 05:55,12616
2020-07-14 06:00,12364
2020-07-14 06:05,12058
2020-07-14 06:10,11849
2020-07-14 06:15,11652
2020-07-14 06:20,11436
2020-07-14 06:25,11232
2020-07-14 06:30,11017
2020-07-14 06:35,10834
2020-07-14 06:40,10581
2020-07-14 06:45,10352
2020-07-14 06:50,10200
2020-07-14 06:55,10038
2020-07-14 07:00,9898
2020-07-14 07:05,9668
2020-07-14 07:10,9488
2020-07-14 07:15,9318
2020-07-14 07:20,9143
2020-07-14 07:25,8942
2020-07-14 07:30,8717
2020-07-14 07:35,8581
2020-07-14 07:40,8457
2020-07-14 07:45,8340
2020-07-14 07:50,8221
2020-07-14 07:55,8104
2020-07-14 08:00,8011
2020-07-14 08:05,7904
2020-07-14 08:10,7835
2020-07-14 08:15,7723
2020-07-14 08:20,7653
2020-07-14 08:25,7547
2020-07-14 08:30,7549
2020-07-14 08:35,7449
2020-07-14 08:40,7321
2020-07-14 08:45,7265
2020-07-14 08:50,7171
2020-07-14 08:55,7112
2020-07-14 09:00,6982
2020-07-14 09:05,6835
2020-07-14 09:10,6781
2020-07-14 09:15,6679
2020-07-14 09:20,6477
2020-07-14 09:25,6408
2020-07-14 09:30,6354
2020-07-14 09:35,5316
2020-07-14 09:40,4481
2020-07-14 09:45,3629
2020-07-14 09:50,2894
2020-07-14 09:55,2414
2020-07-14 10:00,2143
2020-07-14 10:05,1936
2020-07-14 10:10,1871
2020-07-14 10:15,1865
2020-07-14 10:20,1814
2020-07-14 10:25,1811
2020-07-14 10:30,1758
2020-07-14 10:35,1720
2020-07-14 10:40,1688
2020-07-14 10:45,1721
2020-07-14 10:50,1827
2020-07-14 10:55,1841
2020-07-14 11:00,1896
2020-07-14 11:05,1930
2020-07-14 11:10,1984
2020-07-14 11:15,1965
2020-07-14 11:20,1971
2020-07-14 11:25,2012
2020-07-14 11:30,2068
2020-07-14 11:35,2101
2020-07-14 11:40,2081
2020-07-14 11:45,2100
2020-07-14 11:50,2107
2020-07-14 11:55,2099
2020-07-14 12:00,2111
2020-07-14 12:05,2179
2020-07-14 12:10,2224
2020-07-14 12:15,2294
2020-07-14 12:20,2258
2020-07-14 12:25,2262
2020-07-14 12:30,2299
2020-07-14 12:35,2345
2020-07-14 12:40,2413
2020-07-14 12:45,2380
2020-07-14 12:50,2441
2020-07-14 12:55,2418
2020-07-14 13:00,2435
2020-07-14 13:05,2564
2020-07-14 13:10,2562
2020-07-14 13:15,2633
2020-07-14 13:20,2646
2020-07-14 13:25,2674
2020-07-14 13:30,2689
2020-07-14 13:35,2975
2020-07-14 13:40,5034
2020-07-14 13:45,6553
2020-07-14 13:50,7640
2020-07-14 13:55,8965
2020-07-14 14:00,10441
2020-07-14 14:05,11626
2020-07-14 14:10,12740
2020-07-14 14:15,13647
2020-07-14 14:20,14481
2020-07-14 14:25,15176
2020-07-14 14:30,15796
2020-07-14 14:35,16356
2020-07-14 14:40,16786
2020-07-14 14:45,17293
2020-07-14 14:50,17735
2020-07-14 14:55,18169
2020-07-14 15:00,18404
2020-07-14 15:05,18731
2020-07-14 15:10,18987
2020-07-14 15:15,19283
2020-07-14 15:20,19469
2020-07-14 15:25,19772
2020-07-14 15:30,20007
2020-07-14 15:35,20221
2020-07-14 15:40,20372
2020-07-14 15:45,20591
2020-07-14 15:50,20784
2020-07-14 15:55,20914
2020-07-14 16:00,20991
2020-07-14 16:05,21185
2020-07-14 16:10,21386
2020-07-14 16:15,21485
2020-07-14 16:20,21576
2020-07-14 16:25,21798
2020-07-14 16:30,22017
2020-07-14 16:35,22169
2020-07-14 16:40,22315
2020-07-14 16:45,22498
2020-07-14 16:50,22570
2020-07-14 16:55,22669
2020-07-14 17:00,22824
2020-07-14 17:05,23045
2020-07-14 17:10,23235
2020-07-14 17:15,23433
2020-07-14 17:20,0
2020-07-14 17:25,23712
2020-07-14 17:30,23788
2020-07-14 17:35,23991
2020-07-14 17:40,24312
2020-07-14 17:45,24531
2020-07-14 17:50,24762
2020-07-14 17:55,24925
2020-07-14 18:00,25055
2020-07-14 18:05,25256
2020-07-14 18:10,25364
2020-07-14 18:15,25553
2020-07-14 18:20,25782
2020-07-14 18:25,26012
2020-07-14 18:30,26169
2020-07-14 18:35,26246
2020-07-14 18:40,26452
2020-07-14 18:45,26721
2020-07-14 18:50,26721
2020-07-14 18:55,26878
2020-07-14 19:00,26858
2020-07-14 19:05,26816
2020-07-14 19:10,27063
2020-07-14 19:15,25792
2020-07-14 19:20,24838
2020-07-14 19:25,24549
2020-07-14 19:30,24478
2020-07-14 19:35,24685
2020-07-14 19:40,25028
2020-07-14 19:45,25328
2020-07-14 19:50,25667
2020-07-14 19:55,26114
2020-07-14 20:00,26441
2020-07-14 20:05,26702
2020-07-14 20:10,26907
2020-07-14 20:15,27107
2020-07-14 20:20,27348
2020-07-14 20:25,27521
2020-07-14 20:30,27663
2020-07-14 20:35,27738
2020-07-14 20:40,27582
2020-07-14 20:45,27625
2020-07-14 20:50,27675
2020-07-14 20:55,27617
2020-07-14 21:00,27718
2020-07-14 21:05,27811
2020-07-14 21:10,27842
2020-07-14 21:15,27949
2020-07-14 21:20,27920
2020-07-14 21:25,28022
2020-07-14 21:30,27975
2020-07-14 21:35,27852
2020-07-14 21:40,27810
2020-07-14 21:45,27811
2020-07-14 21:50,27835
2020-07-14 21:55,27793
2020-07-14 22:00,27815
2020-07-14 22:05,27853
2020-07-14 22:10,27825
2020-07-14 22:15,27804
2020-07-14 22:20,27631
2020-07-14 22:25,27638
2020-07-14 22:30,27504
2020-07-14 22:35,27455
2020-07-14 22:40,27270
2020-07-14 22:45,27241
2020-07-14 22:50,27207
2020-07-14 22:55,27111
2020-07-14 23:00,27081
2020-07-14 23:05,26904
2020-07-14 23:10,26775
2020-07-14 23:15,0
2020-07-14 23:20,23161
2020-07-14 23:25,25983
2020-07-14 23:30,26402
2020-07-14 23:35,26453
2020-07-14 23:40,26417
2020-07-14 23:45,26296
2020-07-14 23:50,26232
2020-07-14 23:55,26138
2020-07-15 00:00,26074
2020-07-15 00:05,26157
2020-07-15 00:10,26253
2020-07-15 00:15,26129
2020-07-15 00:20,26188
2020-07-15 00:25,26162
2020-07-15 00:30,26169
2020-07-15 00:35,26194
2020-07-15 00:40,
2020-07-15 00:45,26310
2020-07-15 00:50,26450
2020-07-15 00:55,26506
2020-07-15 01:00,26572
2020-07-15 01:05,26631
2020-07-15 01:10,26620
2020-07-15 01:15,26703
2020-07-15 01:20,26609
2020-07-15 01:25,26502
2020-07-15 01:30,25684
2020-07-15 01:35,23792
2020-07-15 01:40,23833
2020-07-15 01:45,23132
2020-07-15 01:50,23169
2020-07-15 01:55,23193
2020-07-15 02:00,22865
2020-07-15 02:05,22574
2020-07-15 02:10,21890
2020-07-15 02:15,21263
2020-07-15 02:20,21349
2020-07-15 02:25,21324
2020-07-15 02:30,21253
2020-07-15 02:35,21073
2020-07-15 02:40,21359
2020-07-15 02:45,21583
2020-07-15 02:50,21546
2020-07-15 02:55,21542
2020-07-15 03:00,21319
2020-07-15 03:05,20172
2020-07-15 03:10,18797
2020-07-15 03:15,17491
2020-07-15 03:20,17095
2020-07-15 03:25,16547
2020-07-15 03:30,16211
2020-07-15 03:35,9115
2020-07-15 03:40,5948
2020-07-15 03:45,5283
2020-07-15 03:50,4838
2020-07-15 03:55,4548
2020-07-15 04:00,5705
2020-07-15 04:05,7338
2020-07-15 04:10,9129
2020-07-15 04:15,10545
2020-07-15 04:20,11675
2020-07-15 04:25,12518
2020-07-15 04:30,13396
2020-07-15 04:35,14073
2020-07-15 04:40,14718
2020-07-15 04:45,15328
2020-07-15 04:50,15784
2020-07-15 04:55,16064
2020-07-15 05:00,16295
2020-07-15 05:05,16532
2020-07-15 05:10,16692
2020-07-15 05:15,16910
2020-07-15 05:20,16982
2020-07-15 05:25,16964
2020-07-15 05:30,16852
2020-07-15 05:35,16846
2020-07-15 05:40,16881
2020-07-15 05:45,16705
2020-07-15 05:50,16482
2020-07-15 05:55,16345
2020-07-15 06:00,16106
2020-07-15 06:05,15907
2020-07-15 06:10,15629
2020-07-15 06:15,15353
2020-07-15 06:20,15121
2020-07-15 06:25,14858
2020-07-15 06:30,14559
2020-07-15 06:35,14296
2020-07-15 06:40,14077
2020-07-15 06:45,13816
2020-07-15 06:50,13493
2020-07-15 06:55,13272
2020-07-15 07:00,13019
2020-07-15 07:05,12760
2020-07-15 07:10,12548
2020-07-15 07:15,12267
2020-07-15 07:20,12078
2020-07-15 07:25,11878
2020-07-15 07:30,11652
2020-07-15 07:35,11445
2020-07-15 07:40,11223
2020-07-15 07:45,11101
2020-07-15 07:50,10925
2020-07-15 07:55,10802
2020-07-15 08:00,10582
2020-07-15 08:05,10420
2020-07-15 08:10,10247
2020-07-15 08:15,9996
2020-07-15 08:20,9857
2020-07-15 08:25,9817
2020-07-15 08:30,9741
2020-07-15 08:35,9648
2020-07-15 08:40,9572
2020-07-15 08:45,9494
2020-07-15 08:50,9451
2020-07-15 08:55,9376
2020-07-15 09:00,9329
2020-07-15 09:05,9266
2020-07-15 09:10,9263
2020-07-15 09:15,9249
2020-07-15 09:20,9154
2020-07-15 09:25,9163
2020-07-15 09:30,9198
2020-07-15 09:35,9193
2020-07-15 09:40,9160
2020-07-15 09:45,9221
2020-07-15 09:50,9199
2020-07-15 09:55,9243
2020-07-15 10:00,9317
2020-07-15 10:05,9302
2020-07-15 10:10,9292
2020-07-15 10:15,9332
2020-07-15 10:20,9342
2020-07-15 10:25,9402
2020-07-15 10:30,9427
2020-07-15 10:35,9399
2020-07-15 10:40,9425
2020-07-15 10:45,9505
2020-07-15 10:50,9580
2020-07-15 10:55,9572
2020-07-15 11:00,9568
2020-07-15 11:05,9646
2020-07-15 11:10,9750
2020-07-15 11:15,9859
2020-07-15 11:20,9928
2020-07-15 11:25,10018
2020-07-15 11:30,10107
2020-07-15 11:35,10133
2020-07-15 11:40,10215
2020-07-15 11:45,10327
2020-07-15 11:50,10384
2020-07-15 11:55,10463
2020-07-15 12:00,10549
2020-07-15 12:05,10655
2020-07-15 12:10,10770
2020-07-15 12:15,10858
2020-07-15 12:20,10925
2020-07-15 12:25,10995
2020-07-15 12:30,11116
2020-07-15 12:35,11233
2020-07-15 12:40,11329
2020-07-15 12:45,11439
2020-07-15 12:50,11612
2020-07-15 12:55,11701
2020-07-15 13:00,11850
2020-07-15 13:05,11982
2020-07-15 13:10,12195
2020-07-15 13:15,12379
2020-07-15 13:20,12586
2020-07-15 13:25,12800
2020-07-15 13:30,12894
2020-07-15 13:35,13112
2020-07-15 13:40,13334
2020-07-15 13:45,13474
2020-07-15 13:50,13671
2020-07-15 13:55,13849
2020-07-15 14:00,14027
2020-07-15 14:05,14118
2020-07-15 14:10,14296
2020-07-15 14:15,14462
2020-07-15 14:20,14597
2020-07-15 14:25,14682
2020-07-15 14:30,14810
2020-07-15 14:35,14959
2020-07-15 14:40,15147
2020-07-15 14:45,15210
2020-07-15 14:50,15351
2020-07-15 14:55,15455
2020-07-15 15:00,15578
2020-07-15 15:05,15725
2020-07-15 15:10,15828
2020-07-15 15:15,15958
2020-07-15 15:20,16110
2020-07-15 15:25,16312
2020-07-15 15:30,16492
2020-07-15 15:35,16686
2020-07-15 15:40,16810
2020-07-15 15:45,17002
2020-07-15 15:50,17234
2020-07-15 15:55,17420
2020-07-15 16:00,17533
2020-07-15 16:05,17643
2020-07-15 16:10,17831
2020-07-15 16:15,17908
2020-07-15 16:20,18106
2020-07-15 16:25,18392
2020-07-15 16:30,18657
2020-07-15 16:35,18762
2020-07-15 16:40,18968
2020-07-15 16:45,19256
2020-07-15 16:50,19345
2020-07-15 16:55,19593
2020-07-15 17:00,19865
2020-07-15 17:05,20040
2020-07-15 17:10,20320
2020-07-15 17:15,20574
2020-07-15 17:20,20761
2020-07-15 17:25,20986
2020-07-15 17:30,21176
2020-07-15 17:35,21387
2020-07-15 17:40,21581
2020-07-15 17:45,21788
2020-07-15 17:50,21970
2020-07-15 17:55,22085
2020-07-15 18:00,22263
2020-07-15 18:05,22543
2020-07-15 18:10,22750
2020-07-15 18:15,22966
2020-07-15 18:20,23095
2020-07-15 18:25,23310
2020-07-15 18:30,23509
2020-07-15 18:35,23624
2020-07-15 18:40,23743
2020-07-15 18:45,23947
2020-07-15 18:50,24165
2020-07-15 18:55,24395
2020-07-15 19:00,24490
2020-07-15 19:05,24549
2020-07-15 19:10,24773
2020-07-15 19:15,24995
2020-07-15 19:20,25075
2020-07-15 19:25,25223
2020-07-15 19:30,25339
2020-07-15 19:35,25514
2020-07-15 19:40,25619
2020-07-15 19:45,25742
2020-07-15 19:50,25711
2020-07-15 19:55,25770
2020-07-15 20:00,25824
2020-07-15 20:05,25908
2020-07-15 20:10,25996
2020-07-15 20:15,26089
2020-07-15 20:20,26149
2020-07-15 20:25,26251
2020-07-15 20:30,26292
2020-07-15 20:35,26328
2020-07-15 20:40,26348
2020-07-15 20:45,26314
2020-07-15 20:50,26316
2020-07-15 20:55,26362
2020-07-15 21:00,26331
2020-07-15 21:05,26329
2020-07-15 21:10,26353
2020-07-15 21:15,26451
2020-07-15 21:20,26454
2020-07-15 21:25,26463
2020-07-15 21:30,26410
2020-07-15 21:35,26366
2020-07-15 21:40,25986
2020-07-15 21:45,26006
2020-07-15 21:50,26198
2020-07-15 21:55,26174
2020-07-15 22:00,25987
2020-07-15 22:05,25647
2020-07-15 22:10,25833
2020-07-15 22:15,25734
2020-07-15 22:20,25600
2020-07-15 22:25,25514
2020-07-15 22:30,25385
2020-07-15 22:35,25062
2020-07-15 22:40,25272
2020-07-15 22:45,25305
2020-07-15 22:50,25231
2020-07-15 22:55,25189
2020-07-15 23:00,25089
2020-07-15 23:05,24991
2020-07-15 23:10,24962
2020-07-15 23:15,24844
2020-07-15 23:20,24764
2020-07-15 23:25,24711
2020-07-15 23:30,24605
2020-07-15 23:35,24705
2020-07-15 23:40,24709
2020-07-15 23:45,24782
2020-07-15 23:50,24760
2020-07-15 23:55,24718
2020-07-16 00:00,24643
2020-07-16 00:05,24504
2020-07-16 00:10,24756
2020-07-16 00:15,24824
2020-07-16 00:20,24817
2020-07-16 00:25,24779
2020-07-16 00:30,24976
2020-07-16 00:35,25020
2020-07-16 00:40,25099
2020-07-16 00:45,25059
2020-07-16 00:50,24997
2020-07-16 00:55,25161
2020-07-16 01:00,25199
2020-07-16 01:05,25314
2020-07-16 01:10,25329
2020-07-16 01:15,25361
2020-07-16 01:20,25463
2020-07-16 01:25,25436
2020-07-16 01:30,25492
2020-07-16 01:35,25584
2020-07-16 01:40,25609
2020-07-16 01:45,25552
2020-07-16 01:50,25642
2020-07-16 01:55,25628
2020-07-16 02:00,25593
2020-07-16 02:05,25645
2020-07-16 02:10,25572
2020-07-16 02:15,25643
2020-07-16 02:20,25647
2020-07-16 02:25,25647
2020-07-16 02:30,25628
2020-07-16 02:35,25547
2020-07-16 02:40,25403
2020-07-16 02:45,25342
2020-07-16 02:50,25257
2020-07-16 02:55,25104
2020-07-16 03:00,25067
2020-07-16 03:05,24963
2020-07-16 03:10,24801
2020-07-16 03:15,24705
2020-07-16 03:20,24514
2020-07-16 03:25,24302
2020-07-16 03:30,24155
2020-07-16 03:35,23943
2020-07-16 03:40,23744
2020-07-16 03:45,23549
2020-07-16 03:50,23382
2020-07-16 03:55,23156
2020-07-16 04:00,22915
2020-07-16 04:05,22606
2020-07-16 04:10,22317
2020-07-16 04:15,21996
2020-07-16 04:20,21723
2020-07-16 04:25,21313
2020-07-16 04:30,20956
2020-07-16 04:35,20613
2020-07-16 04:40,20377
2020-07-16 04:45,20081
2020-07-16 04:50,19771
2020-07-16 04:55,19455
2020-07-16 05:00,19044
2020-07-16 05:05,18764
2020-07-16 05:10,18470
2020-07-16 05:15,18075
2020-07-16 05:20,17838
2020-07-16 05:25,17539
2020-07-16 05:30,17203
2020-07-16 05:35,16849
2020-07-16 05:40,16509
2020-07-16 05:45,15812
2020-07-16 05:50,15199
2020-07-16 05:55,14543
2020-07-16 06:00,14222
2020-07-16 06:05,13916
2020-07-16 06:10,13612
2020-07-16 06:15,13442
2020-07-16 06:20,13260
2020-07-16 06:25,13083
2020-07-16 06:30,12847
2020-07-16 06:35,12654
2020-07-16 06:40,12472
2020-07-16 06:45,12272
2020-07-16 06:50,12077
2020-07-16 06:55,11920
2020-07-16 07:00,11743
2020-07-16 07:05,11559
2020-07-16 07:10,11254
2020-07-16 07:15,10999
2020-07-16 07:20,10798
2020-07-16 07:25,10648
2020-07-16 07:30,10471
2020-07-16 07:35,10303
2020-07-16 07:40,10145
2020-07-16 07:45,10034
2020-07-16 07:50,9873
2020-07-16 07:55,9790
2020-07-16 08:00,9714
2020-07-16 08:05,9624
2020-07-16 08:10,9476
2020-07-16 08:15,9326
2020-07-16 08:20,9235
2020-07-16 08:25,9123
2020-07-16 08:30,8999
2020-07-16 08:35,8938
2020-07-16 08:40,8874
2020-07-16 08:45,8873
2020-07-16 08:50,8805
2020-07-16 08:55,8790
2020-07-16 09:00,8715
2020-07-16 09:05,8697
2020-07-16 09:10,8698
2020-07-16 09:15,8636
2020-07-16 09:20,8675
2020-07-16 09:25,8742
2020-07-16 09:30,8656
2020-07-16 09:35,8674
2020-07-16 09:40,8696
2020-07-16 09:45,8676
2020-07-16 09:50,8656
2020-07-16 09:55,8678
2020-07-16 10:00,8702
2020-07-16 10:05,8719
2020-07-16 10:10,8792
2020-07-16 10:15,8839
2020-07-16 10:20,8860
2020-07-16 10:25,8896
2020-07-16 10:30,8950
2020-07-16 10:35,8950
2020-07-16 10:40,9021
2020-07-16 10:45,9056
2020-07-16 10:50,9087
2020-07-16 10:55,9180
2020-07-16 11:00,9281
2020-07-16 11:05,9394
2020-07-16 11:10,9493
2020-07-16 11:15,9528
2020-07-16 11:20,9630
2020-07-16 11:25,9675
2020-07-16 11:30,9729
2020-07-16 11:35,9787
2020-07-16 11:40,9869
2020-07-16 11:45,9956
2020-07-16 11:50,10040
2020-07-16 11:55,10084
2020-07-16 12:00,10133
2020-07-16 12:05,10243
2020-07-16 12:10,10384
2020-07-16 12:15,10457
2020-07-16 12:20,10518
2020-07-16 12:25,10658
2020-07-16 12:30,10764
2020-07-16 12:35,10919
2020-07-16 12:40,11087
2020-07-16 12:45,11227
2020-07-16 12:50,11352
2020-07-16 12:55,11488
2020-07-16 13:00,11637
2020-07-16 13:05,11780
2020-07-16 13:10,11942
2020-07-16 13:15,12109
2020-07-16 13:20,12213
2020-07-16 13:25,12408
2020-07-16 13:30,12556
2020-07-16 13:35,12673
2020-07-16 13:40,12805
2020-07-16 13:45,12939
2020-07-16 13:50,13102
2020-07-16 13:55,13245
2020-07-16 14:00,13360
2020-07-16 14:05,13580
2020-07-16 14:10,13747
2020-07-16 14:15,13928
2020-07-16 14:20,14098
2020-07-16 14:25,14315
2020-07-16 14:30,14454
2020-07-16 14:35,14610
2020-07-16 14:40,14661
2020-07-16 14:45,14854
2020-07-16 14:50,14999
2020-07-16 14:55,15067
2020-07-16 15:00,15258
2020-07-16 15:05,15367
2020-07-16 15:10,15524
2020-07-16 15:15,15631
2020-07-16 15:20,15823
2020-07-16 15:25,16033
2020-07-16 15:30,16135
2020-07-16 15:35,16279
2020-07-16 15:40,16393
2020-07-16 15:45,16531
2020-07-16 15:50,16699
2020-07-16 15:55,16831
2020-07-16 16:00,16876
2020-07-16 16:05,17033
2020-07-16 16:10,17103
2020-07-16 16:15,17205
2020-07-16 16:20,17426
2020-07-16 16:25,17564
2020-07-16 16:30,17842
2020-07-16 16:35,18052
2020-07-16 16:40,18303
2020-07-16 16:45,18505
2020-07-16 16:50,18634
2020-07-16 16:55,18883
2020-07-16 17:00,19095
2020-07-16 17:05,19323
2020-07-16 17:10,19569
2020-07-16 17:15,19734
2020-07-16 17:20,19923
2020-07-16 17:25,20104
2020-07-16 17:30,
2020-07-16 17:35,20547
2020-07-16 17:40,20796
2020-07-16 17:45,20903
2020-07-16 17:50,21116
2020-07-16 17:55,21292
2020-07-16 18:00,21520
2020-07-16 18:05,21623
2020-07-16 18:10,21734
2020-07-16 18:15,21900
2020-07-16 18:20,22062
2020-07-16 18:25,22302
2020-07-16 18:30,22486
2020-07-16 18:35,22699
2020-07-16 18:40,22871
2020-07-16 18:45,23016
2020-07-16 18:50,23090
2020-07-16 18:55,23274
2020-07-16 19:00,23332
2020-07-16 19:05,23430
2020-07-16 19:10,23611
2020-07-16 19:15,23870
2020-07-16 19:20,24036
2020-07-16 19:25,24300
2020-07-16 19:30,24418
2020-07-16 19:35,24528
2020-07-16 19:40,24698
2020-07-16 19:45,24781
2020-07-16 19:50,24874
2020-07-16 19:55,24885
2020-07-16 20:00,25022
2020-07-16 20:05,25170
2020-07-16 20:10,25250
2020-07-16 20:15,25342
2020-07-16 20:20,25399
2020-07-16 20:25,25445
2020-07-16 20:30,25490
2020-07-16 20:35,25622
2020-07-16 20:40,25633
2020-07-16 20:45,25680
2020-07-16 20:50,25643
2020-07-16 20:55,25563
2020-07-16 21:00,25503
2020-07-16 21:05,25513
2020-07-16 21:10,25417
2020-07-16 21:15,25408
2020-07-16 21:20,25332
2020-07-16 21:25,25293
2020-07-16 21:30,25251
2020-07-16 21:35,25232
2020-07-16 21:40,25171
2020-07-16 21:45,25084
2020-07-16 21:50,24958
2020-07-16 21:55,24860
2020-07-16 22:00,24669
2020-07-16 22:05,24573
2020-07-16 22:10,24631
2020-07-16 22:15,24608
2020-07-16 22:20,24634
2020-07-16 22:25,24504
2020-07-16 22:30,24529
2020-07-16 22:35,24462
2020-07-16 22:40,24400
2020-07-16 22:45,24389
2020-07-16 22:50,24414
2020-07-16 22:55,24294
2020-07-16 23:00,24296
2020-07-16 23:05,24288
2020-07-16 23:10,24141
2020-07-16 23:15,24136
2020-07-16 23:20,24050
2020-07-16 23:25,24050
2020-07-16 23:30,24049
2020-07-16 23:35,23952
2020-07-16 23:40,23949
2020-07-16 23:45,23941
2020-07-16 23:50,23977
2020-07-16 23:55,23901
2020-07-17 00:00,23901
2020-07-17 00:05,23668
2020-07-17 00:10,23829
2020-07-17 00:15,23862
2020-07-17 00:20,23841
2020-07-17 00:25,23867
2020-07-17 00:30,23851
2020-07-17 00:35,23980
2020-07-17 00:40,24007
2020-07-17 00:45,24042
2020-07-17 00:50,24138
2020-07-17 00:55,24296
2020-07-17 01:00,24348
2020-07-17 01:05,24199
2020-07-17 01:10,24445
2020-07-17 01:15,24578
2020-07-17 01:20,24631
2020-07-17 01:25,24731
2020-07-17 01:30,24838
2020-07-17 01:35,24886
2020-07-17 01:40,24965
2020-07-17 01:45,24906
2020-07-17 01:50,24826
2020-07-17 01:55,24783
2020-07-17 02:00,24728
2020-07-17 02:05,24753
2020-07-17 02:10,24826
2020-07-17 02:15,24675
2020-07-17 02:20,24796
2020-07-17 02:25,24711
2020-07-17 02:30,24717
2020-07-17 02:35,24659
2020-07-17 02:40,24628
2020-07-17 02:45,24556
2020-07-17 02:50,24522
2020-07-17 02:55,24523
2020-07-17 03:00,24445
2020-07-17 03:05,24310
2020-07-17 03:10,24162
2020-07-17 03:15,23908
2020-07-17 03:20,23820
2020-07-17 03:25,23628
2020-07-17 03:30,23481
2020-07-17 03:35,23279
2020-07-17 03:40,23141
2020-07-17 03:45,22948
2020-07-17 03:50,22709
2020-07-17 03:55,22510
2020-07-17 04:00,22144
2020-07-17 04:05,21946
2020-07-17 04:10,21656
2020-07-17 04:15,21357
2020-07-17 04:20,21051
2020-07-17 04:25,20780
2020-07-17 04:30,20526
2020-07-17 04:35,20214
2020-07-17 04:40,19950
2020-07-17 04:45,19674
2020-07-17 04:50,19467
2020-07-17 04:55,19218
2020-07-17 05:00,18915
2020-07-17 05:05,18674
2020-07-17 05:10,18314
2020-07-17 05:15,17915
2020-07-17 05:20,17616
2020-07-17 05:25,17259
2020-07-17 05:30,17053
2020-07-17 05:35,16714
2020-07-17 05:40,16353
2020-07-17 05:45,16001
2020-07-17 05:50,15711
2020-07-17 05:55,15465
2020-07-17 06:00,15135
2020-07-17 06:05,14794
2020-07-17 06:10,14479
2020-07-17 06:15,14210
2020-07-17 06:20,13870
2020-07-17 06:25,13548
2020-07-17 06:30,13372
2020-07-17 06:35,12945
2020-07-17 06:40,12634
2020-07-17 06:45,12401
2020-07-17 06:50,12129
2020-07-17 06:55,11881
2020-07-17 07:00,11541
2020-07-17 07:05,11095
2020-07-17 07:10,10689
2020-07-17 07:15,10302
2020-07-17 07:20,9989
2020-07-17 07:25,9731
2020-07-17 07:30,9478
2020-07-17 07:35,7693
2020-07-17 07:40,6267
2020-07-17 07:45,4926
2020-07-17 07:50,3759
2020-07-17 07:55,3008
2020-07-17 08:00,2571
2020-07-17 08:05,2173
2020-07-17 08:10,2122
2020-07-17 08:15,2083
2020-07-17 08:20,2053
2020-07-17 08:25,2481
2020-07-17 08:30,3112
2020-07-17 08:35,3736
2020-07-17 08:40,4233
2020-07-17 08:45,4650
2020-07-17 08:50,5068
2020-07-17 08:55,5480
2020-07-17 09:00,5804
2020-07-17 09:05,6202
2020-07-17 09:10,6536
2020-07-17 09:15,6771
2020-07-17 09:20,7025
2020-07-17 09:25,7273
2020-07-17 09:30,7462
2020-07-17 09:35,7617
2020-07-17 09:40,7832
2020-07-17 09:45,8020
2020-07-17 09:50,8122
2020-07-17 09:55,8275
2020-07-17 10:00,8390
2020-07-17 10:05,8442
2020-07-17 10:10,8565
2020-07-17 10:15,8649
2020-07-17 10:20,8781
2020-07-17 10:25,8900
2020-07-17 10:30,8927
2020-07-17 10:35,8972
2020-07-17 10:40,9076
2020-07-17 10:45,9168
2020-07-17 10:50,9230
2020-07-17 10:55,9244
2020-07-17 11:00,9250
2020-07-17 11:05,9299
2020-07-17 11:10,9397
2020-07-17 11:15,9511
2020-07-17 11:20,9583
2020-07-17 11:25,9652
2020-07-17 11:30,9746
2020-07-17 11:35,9831
2020-07-17 11:40,9942
2020-07-17 11:45,9988
2020-07-17 11:50,10061
2020-07-17 11:55,10075
2020-07-17 12:00,10123
2020-07-17 12:05,10168
2020-07-17 12:10,10217
2020-07-17 12:15,10267
2020-07-17 12:20,10326
2020-07-17 12:25,10446
2020-07-17 12:30,10624
2020-07-17 12:35,10709
2020-07-17 12:40,10822
2020-07-17 12:45,10946
2020-07-17 12:50,11103
2020-07-17 12:55,11249
2020-07-17 13:00,11395
2020-07-17 13:05,11496
2020-07-17 13:10,11674
2020-07-17 13:15,11842
2020-07-17 13:20,11927
2020-07-17 13:25,12083
2020-07-17 13:30,12216
2020-07-17 13:35,12373
2020-07-17 13:40,12542
2020-07-17 13:45,12731
2020-07-17 13:50,12945
2020-07-17 13:55,13086
2020-07-17 14:00,13213
2020-07-17 14:05,13366
2020-07-17 14:10,13542
2020-07-17 14:15,13662
2020-07-17 14:20,13864
2020-07-17 14:25,14049
2020-07-17 14:30,14177
2020-07-17 14:35,14326
2020-07-17 14:40,14495
2020-07-17 14:45,14630
2020-07-17 14:50,14755
2020-07-17 14:55,14955
2020-07-17 15:00,15067
2020-07-17 15:05,15213
2020-07-17 15:10,15413
2020-07-17 15:15,15502
2020-07-17 15:20,15588
2020-07-17 15:25,15643
2020-07-17 15:30,15677
2020-07-17 15:35,15808
2020-07-17 15:40,15912
2020-07-17 15:45,16039
2020-07-17 15:50,16104
2020-07-17 15:55,16240
2020-07-17 16:00,16345
2020-07-17 16:05,16500
2020-07-17 16:10,16640
2020-07-17 16:15,16700
2020-07-17 16:20,
2020-07-17 16:25,16892
2020-07-17 16:30,16964
2020-07-17 16:35,17075
2020-07-17 16:40,17212
2020-07-17 16:45,17376
2020-07-17 16:50,17526
2020-07-17 16:55,17643
2020-07-17 17:00,17793
2020-07-17 17:05,17888
2020-07-17 17:10,18051
2020-07-17 17:15,18218
2020-07-17 17:20,18375
2020-07-17 17:25,18510
2020-07-17 17:30,18755
2020-07-17 17:35,18953
2020-07-17 17:40,19189
2020-07-17 17:45,19345
2020-07-17 17:50,19524
2020-07-17 17:55,19678
2020-07-17 18:00,19866
2020-07-17 18:05,19983
2020-07-17 18:10,20167
2020-07-17 18:15,20440
2020-07-17 18:20,20617
2020-07-17 18:25,20869
2020-07-17 18:30,21126
2020-07-17 18:35,21383
2020-07-17 18:40,21512
2020-07-17 18:45,21746
2020-07-17 18:50,21954
2020-07-17 18:55,22169
2020-07-17 19:00,22298
2020-07-17 19:05,22430
2020-07-17 19:10,22674
2020-07-17 19:15,22732
2020-07-17 19:20,22860
2020-07-17 19:25,23048
2020-07-17 19:30,23073
2020-07-17 19:35,23289
2020-07-17 19:40,23445
2020-07-17 19:45,23538
2020-07-17 19:50,23651
2020-07-17 19:55,23780
2020-07-17 20:00,23896
2020-07-17 20:05,24030
2020-07-17 20:10,24072
2020-07-17 20:15,24174
2020-07-17 20:20,24283
2020-07-17 20:25,24304
2020-07-17 20:30,24287
2020-07-17 20:35,24397
2020-07-17 20:40,24490
2020-07-17 20:45,24534
2020-07-17 20:50,24582
2020-07-17 20:55,24592
2020-07-17 21:00,24565
2020-07-17 21:05,24490
2020-07-17 21:10,24474
2020-07-17 21:15,24435
2020-07-17 21:20,23929
2020-07-17 21:25,23651
2020-07-17 21:30,23395
2020-07-17 21:35,23126
2020-07-17 21:40,23055
2020-07-17 21:45,23094
2020-07-17 21:50,23272
2020-07-17 21:55,23478
2020-07-17 22:00,23619
2020-07-17 22:05,23716
2020-07-17 22:10,23792
2020-07-17 22:15,24024
2020-07-17 22:20,24123
2020-07-17 22:25,24164
2020-07-17 22:30,24315
2020-07-17 22:35,24290
2020-07-17 22:40,24300
2020-07-17 22:45,24155
2020-07-17 22:50,23999
2020-07-17 22:55,23853
2020-07-17 23:00,23911
2020-07-17 23:05,23834
2020-07-17 23:10,23777
2020-07-17 23:15,23722
2020-07-17 23:20,23567
2020-07-17 23:25,23413
2020-07-17 23:30,23291
2020-07-17 23:35,23298
2020-07-17 23:40,23140
2020-07-17 23:45,23137
2020-07-17 23:50,23006
2020-07-17 23:55,22954
2020-07-18 00:00,22929
2020-07-18 00:05,22866
2020-07-18 00:10,22867
2020-07-18 00:15,22933
2020-07-18 00:20,22965
2020-07-18 00:25,23036
2020-07-18 00:30,22994
2020-07-18 00:35,23064
2020-07-18 00:40,23017
2020-07-18 00:45,23068
2020-07-18 00:50,23146
2020-07-18 00:55,23105
2020-07-18 01:00,23224
2020-07-18 01:05,23200
2020-07-18 01:10,23299
2020-07-18 01:15,23341
2020-07-18 01:20,23447
2020-07-18 01:25,23509
2020-07-18 01:30,23557
2020-07-18 01:35,23567
2020-07-18 01:40,23693
2020-07-18 01:45,23790
2020-07-18 01:50,23761
2020-07-18 01:55,23817
2020-07-18 02:00,23810
2020-07-18 02:05,23924
2020-07-18 02:10,23840
2020-07-18 02:15,23855
2020-07-18 02:20,23850
2020-07-18 02:25,23865
2020-07-18 02:30,23869
2020-07-18 02:35,23921
2020-07-18 02:40,23942
2020-07-18 02:45,23937
2020-07-18 02:50,23999
2020-07-18 02:55,23966
2020-07-18 03:00,23932
2020-07-18 03:05,23883
2020-07-18 03:10,23858
2020-07-18 03:15,23742
2020-07-18 03:20,23771
2020-07-18 03:25,23671
2020-07-18 03:30,23591
2020-07-18 03:35,23520
2020-07-18 03:40,23512
2020-07-18 03:45,23460
2020-07-18 03:50,23242
2020-07-18 03:55,23037
2020-07-18 04:00,22930
2020-07-18 04:05,22732
2020-07-18 04:10,22591
2020-07-18 04:15,22441
2020-07-18 04:20,22211
2020-07-18 04:25,22046
2020-07-18 04:30,21840
2020-07-18 04:35,21692
2020-07-18 04:40,21421
2020-07-18 04:45,21144
2020-07-18 04:50,20926
2020-07-18 04:55,20710
2020-07-18 05:00,20438
2020-07-18 05:05,20145
2020-07-18 05:10,19812
2020-07-18 05:15,19495
2020-07-18 05:20,19331
2020-07-18 05:25,18999
2020-07-18 05:30,18776
2020-07-18 05:35,18437
2020-07-18 05:40,18100
2020-07-18 05:45,17844
2020-07-18 05:50,17587
2020-07-18 05:55,17327
2020-07-18 06:00,17084
2020-07-18 06:05,16849
2020-07-18 06:10,16497
2020-07-18 06:15,16235
2020-07-18 06:20,15927
2020-07-18 06:25,15650
2020-07-18 06:30,15376
2020-07-18 06:35,15039
2020-07-18 06:40,14819
2020-07-18 06:45,14511
2020-07-18 06:50,14295
2020-07-18 06:55,14027
2020-07-18 07:00,13699
2020-07-18 07:05,13437
2020-07-18 07:10,13188
2020-07-18 07:15,12956
2020-07-18 07:20,12682
2020-07-18 07:25,12467
2020-07-18 07:30,12215
2020-07-18 07:35,12002
2020-07-18 07:40,11851
2020-07-18 07:45,11662
2020-07-18 07:50,11397
2020-07-18 07:55,11169
2020-07-18 08:00,10968
2020-07-18 08:05,10798
2020-07-18 08:10,10526
2020-07-18 08:15,10223
2020-07-18 08:20,10096
2020-07-18 08:25,10026
2020-07-18 08:30,9917
2020-07-18 08:35,9842
2020-07-18 08:40,9843
2020-07-18 08:45,9747
2020-07-18 08:50,9687
2020-07-18 08:55,9658
2020-07-18 09:00,9599
2020-07-18 09:05,9637
2020-07-18 09:10,9622
2020-07-18 09:15,9604
2020-07-18 09:20,9525
2020-07-18 09:25,9458
2020-07-18 09:30,9465
2020-07-18 09:35,9447
2020-07-18 09:40,9351
2020-07-18 09:45,9476
2020-07-18 09:50,9450
2020-07-18 09:55,9429
2020-07-18 10:00,9482
2020-07-18 10:05,9550
2020-07-18 10:10,9596
2020-07-18 10:15,9671
2020-07-18 10:20,9668
2020-07-18 10:25,9730
2020-07-18 10:30,9780
2020-07-18 10:35,9884
2020-07-18 10:40,9912
2020-07-18 10:45,10001
2020-07-18 10:50,9941
2020-07-18 10:55,9996
2020-07-18 11:00,10016
2020-07-18 11:05,10135
2020-07-18 11:10,10103
2020-07-18 11:15,10211
2020-07-18 11:20,10264
2020-07-18 11:25,10324
2020-07-18 11:30,10367
2020-07-18 11:35,10415
2020-07-18 11:40,10425
2020-07-18 11:45,10542
2020-07-18 11:50,10657
2020-07-18 11:55,10755
2020-07-18 12:00,10855
2020-07-18 12:05,10901
2020-07-18 12:10,10995
2020-07-18 12:15,
2020-07-18 12:20,
2020-07-18 12:25,
2020-07-18 12:30,
2020-07-18 12:35,
2020-07-18 12:40,
2020-07-18 12:45,
2020-07-18 12:50,11756
2020-07-18 12:55,11906
2020-07-18 13:00,12060
2020-07-18 13:05,12168
2020-07-18 13:10,12348
2020-07-18 13:15,12459
2020-07-18 13:20,12607
2020-07-18 13:25,12744
2020-07-18 13:30,12863
2020-07-18 13:35,12981
2020-07-18 13:40,13169
2020-07-18 13:45,13348
2020-07-18 13:50,13609
2020-07-18 13:55,13773
2020-07-18 14:00,13895
2020-07-18 14:05,14057
2020-07-18 14:10,14209
2020-07-18 14:15,14357
2020-07-18 14:20,14532
2020-07-18 14:25,14713
2020-07-18 14:30,14934
2020-07-18 14:35,14995
2020-07-18 14:40,15123
2020-07-18 14:45,15248
2020-07-18 14:50,15368
2020-07-18 14:55,15549
2020-07-18 15:00,15713
2020-07-18 15:05,15865
2020-07-18 15:10,15971
2020-07-18 15:15,16035
2020-07-18 15:20,16141
2020-07-18 15:25,16284
2020-07-18 15:30,16328
2020-07-18 15:35,16481
2020-07-18 15:40,16618
2020-07-18 15:45,16740
2020-07-18 15:50,16824
2020-07-18 15:55,16921
2020-07-18 16:00,17028
2020-07-18 16:05,17169
2020-07-18 16:10,17288
2020-07-18 16:15,17415
2020-07-18 16:20,17566
2020-07-18 16:25,17682
2020-07-18 16:30,17814
2020-07-18 16:35,17972
2020-07-18 16:40,18093
2020-07-18 16:45,18212
2020-07-18 16:50,18391
2020-07-18 16:55,18542
2020-07-18 17:00,18652
2020-07-18 17:05,18789
2020-07-18 17:10,18943
2020-07-18 17:15,19063
2020-07-18 17:20,19159
2020-07-18 17:25,19317
2020-07-18 17:30,19488
2020-07-18 17:35,19564
2020-07-18 17:40,19775
2020-07-18 17:45,19869
2020-07-18 17:50,20069
2020-07-18 17:55,20283
2020-07-18 18:00,20430
2020-07-18 18:05,20577
2020-07-18 18:10,20687
2020-07-18 18:15,20875
2020-07-18 18:20,21055
2020-07-18 18:25,21197
2020-07-18 18:30,21380
2020-07-18 18:35,21505
2020-07-18 18:40,21742
2020-07-18 18:45,21990
2020-07-18 18:50,22218
2020-07-18 18:55,22331
2020-07-18 19:00,22614
2020-07-18 19:05,22762
2020-07-18 19:10,22858
2020-07-18 19:15,23060
2020-07-18 19:20,23206
2020-07-18 19:25,23388
2020-07-18 19:30,23603
2020-07-18 19:35,23782
2020-07-18 19:40,23837
2020-07-18 19:45,23917
2020-07-18 19:50,23981
2020-07-18 19:55,24128
2020-07-18 20:00,24227
2020-07-18 20:05,24312
2020-07-18 20:10,24406
2020-07-18 20:15,24502
2020-07-18 20:20,24620
2020-07-18 20:25,24678
2020-07-18 20:30,24739
2020-07-18 20:35,24738
2020-07-18 20:40,24807
2020-07-18 20:45,24883
2020-07-18 20:50,24970
2020-07-18 20:55,25076
2020-07-18 21:00,25219
2020-07-18 21:05,25237
2020-07-18 21:10,25253
2020-07-18 21:15,25294
2020-07-18 21:20,25207
2020-07-18 21:25,25191
2020-07-18 21:30,25197
2020-07-18 21:35,25167
2020-07-18 21:40,25094
2020-07-18 21:45,24994
2020-07-18 21:50,24908
2020-07-18 21:55,24824
2020-07-18 22:00,24794
2020-07-18 22:05,24648
2020-07-18 22:10,24598
2020-07-18 22:15,24661
2020-07-18 22:20,24465
2020-07-18 22:25,24453
2020-07-18 22:30,24413
2020-07-18 22:35,24299
2020-07-18 22:40,24228
2020-07-18 22:45,24100
2020-07-18 22:50,24003
2020-07-18 22:55,23876
2020-07-18 23:00,23754
2020-07-18 23:05,23628
2020-07-18 23:10,23531
2020-07-18 23:15,23559
2020-07-18 23:20,23544
2020-07-18 23:25,23402
2020-07-18 23:30,23234
2020-07-18 23:35,23206
2020-07-18 23:40,23047
2020-07-18 23:45,22962
2020-07-18 23:50,22850
2020-07-18 23:55,22708
2020-07-19 00:00,22571
2020-07-19 00:05,22575
2020-07-19 00:10,22562
2020-07-19 00:15,22423
2020-07-19 00:20,22351
2020-07-19 00:25,22248
2020-07-19 00:30,22258
2020-07-19 00:35,22239
2020-07-19 00:40,22212
2020-07-19 00:45,22238
2020-07-19 00:50,22207
2020-07-19 00:55,22145
2020-07-19 01:00,22205
2020-07-19 01:05,22140
2020-07-19 01:10,22102
2020-07-19 01:15,22157
2020-07-19 01:20,22128
2020-07-19 01:25,22215
2020-07-19 01:30,22295
2020-07-19 01:35,22332
2020-07-19 01:40,22309
2020-07-19 01:45,22363
2020-07-19 01:50,22359
2020-07-19 01:55,22384
2020-07-19 02:00,22352
2020-07-19 02:05,22442
2020-07-19 02:10,22483
2020-07-19 02:15,22561
2020-07-19 02:20,22676
2020-07-19 02:25,22766
2020-07-19 02:30,22830
2020-07-19 02:35,22875
2020-07-19 02:40,22906
2020-07-19 02:45,22981
2020-07-19 02:50,23148
2020-07-19 02:55,23147
2020-07-19 03:00,23160
2020-07-19 03:05,23122
2020-07-19 03:10,23140
2020-07-19 03:15,23042
2020-07-19 03:20,23019
2020-07-19 03:25,23030
2020-07-19 03:30,22965
2020-07-19 03:35,22863
2020-07-19 03:40,22813
2020-07-19 03:45,22706
2020-07-19 03:50,22620
2020-07-19 03:55,22360
2020-07-19 04:00,22230
2020-07-19 04:05,22074
2020-07-19 04:10,21940
2020-07-19 04:15,21915
2020-07-19 04:20,21758
2020-07-19 04:25,21676
2020-07-19 04:30,21472
2020-07-19 04:35,21311
2020-07-19 04:40,21176
2020-07-19 04:45,20924
2020-07-19 04:50,20675
2020-07-19 04:55,20450
2020-07-19 05:00,20208
2020-07-19 05:05,19963
2020-07-19 05:10,19697
2020-07-19 05:15,19339
2020-07-19 05:20,19065
2020-07-19 05:25,18824
2020-07-19 05:30,18600
2020-07-19 05:35,18406
2020-07-19 05:40,18192
2020-07-19 05:45,17827
2020-07-19 05:50,17567
2020-07-19 05:55,17292
2020-07-19 06:00,16946
2020-07-19 06:05,16653
2020-07-19 06:10,16399
2020-07-19 06:15,16097
2020-07-19 06:20,15917
2020-07-19 06:25,15664
2020-07-19 06:30,15412
2020-07-19 06:35,15145
2020-07-19 06:40,14896
2020-07-19 06:45,14569
2020-07-19 06:50,14286
2020-07-19 06:55,14080
2020-07-19 07:00,13825
2020-07-19 07:05,13547
2020-07-19 07:10,13224
2020-07-19 07:15,13012
2020-07-19 07:20,12861
2020-07-19 07:25,12627
2020-07-19 07:30,12447
2020-07-19 07:35,12251
2020-07-19 07:40,12086
2020-07-19 07:45,11886
2020-07-19 07:50,11663
2020-07-19 07:55,11516
2020-07-19 08:00,11337
2020-07-19 08:05,11163
2020-07-19 08:10,10992
2020-07-19 08:15,10809
2020-07-19 08:20,10752
2020-07-19 08:25,10628
2020-07-19 08:30,10561
2020-07-19 08:35,10509
2020-07-19 08:40,10397
2020-07-19 08:45,10355
2020-07-19 08:50,10253
2020-07-19 08:55,10182
2020-07-19 09:00,10131
2020-07-19 09:05,10054
2020-07-19 09:10,10042
2020-07-19 09:15,10035
2020-07-19 09:20,10074
2020-07-19 09:25,10037
2020-07-19 09:30,10071
2020-07-19 09:35,10143
2020-07-19 09:40,10096
2020-07-19 09:45,10129
2020-07-19 09:50,10137
2020-07-19 09:55,10189
2020-07-19 10:00,10158
2020-07-19 10:05,10134
2020-07-19 10:10,10136
2020-07-19 10:15,10171
2020-07-19 10:20,10208
2020-07-19 10:25,10268
2020-07-19 10:30,10376
2020-07-19 10:35,10407
2020-07-19 10:40,10498
2020-07-19 10:45,10558
2020-07-19 10:50,10601
2020-07-19 10:55,10691
2020-07-19 11:00,10813
2020-07-19 11:05,10830
2020-07-19 11:10,10883
2020-07-19 11:15,10941
2020-07-19 11:20,11050
2020-07-19 11:25,11063
2020-07-19 11:30,11082
2020-07-19 11:35,11205
2020-07-19 11:40,11273
2020-07-19 11:45,11311
2020-07-19 11:50,11397
2020-07-19 11:55,11449
2020-07-19 12:00,11586
2020-07-19 12:05,11657
2020-07-19 12:10,11740
2020-07-19 12:15,11766
2020-07-19 12:20,11860
2020-07-19 12:25,12032
2020-07-19 12:30,12157
2020-07-19 12:35,12191
2020-07-19 12:40,12317
2020-07-19 12:45,12433
2020-07-19 12:50,12604
2020-07-19 12:55,12713
2020-07-19 13:00,12871
2020-07-19 13:05,12932
2020-07-19 13:10,13058
2020-07-19 13:15,13234
2020-07-19 13:20,13385
2020-07-19 13:25,13587
2020-07-19 13:30,13804
2020-07-19 13:35,13848
2020-07-19 13:40,13960
2020-07-19 13:45,14104
2020-07-19 13:50,14300
2020-07-19 13:55,14444
2020-07-19 14:00,14649
2020-07-19 14:05,14823
2020-07-19 14:10,15066
2020-07-19 14:15,15306
2020-07-19 14:20,15480
2020-07-19 14:25,15613
2020-07-19 14:30,15713
2020-07-19 14:35,15827
2020-07-19 14:40,15969
2020-07-19 14:45,16111
2020-07-19 14:50,16207
2020-07-19 14:55,16366
2020-07-19 15:00,16509
2020-07-19 15:05,16632
2020-07-19 15:10,16793
2020-07-19 15:15,16914
2020-07-19 15:20,17116
2020-07-19 15:25,17192
2020-07-19 15:30,17350
2020-07-19 15:35,17439
2020-07-19 15:40,17575
2020-07-19 15:45,17662
2020-07-19 15:50,17807
2020-07-19 15:55,17894
2020-07-19 16:00,18045
2020-07-19 16:05,18133
2020-07-19 16:10,18298
2020-07-19 16:15,18455
2020-07-19 16:20,18562
2020-07-19 16:25,18683
2020-07-19 16:30,18903
2020-07-19 16:35,19108
2020-07-19 16:40,19290
2020-07-19 16:45,19405
2020-07-19 16:50,19583
2020-07-19 16:55,19742
2020-07-19 17:00,19926
2020-07-19 17:05,20066
2020-07-19 17:10,20273
2020-07-19 17:15,20533
2020-07-19 17:20,20688
2020-07-19 17:25,20973
2020-07-19 17:30,21153
2020-07-19 17:35,21375
2020-07-19 17:40,21517
2020-07-19 17:45,21650
2020-07-19 17:50,21830
2020-07-19 17:55,21912
2020-07-19 18:00,22248
2020-07-19 18:05,22487
2020-07-19 18:10,22766
2020-07-19 18:15,22983
2020-07-19 18:20,23217
2020-07-19 18:25,23381
2020-07-19 18:30,23657
2020-07-19 18:35,23743
2020-07-19 18:40,23983
2020-07-19 18:45,24219
2020-07-19 18:50,24463
2020-07-19 18:55,24626
2020-07-19 19:00,24817
2020-07-19 19:05,25057
2020-07-19 19:10,25255
2020-07-19 19:15,25464
2020-07-19 19:20,25641
2020-07-19 19:25,25769
2020-07-19 19:30,25831
2020-07-19 19:35,26055
2020-07-19 19:40,26199
2020-07-19 19:45,26304
2020-07-19 19:50,26474
2020-07-19 19:55,26479
2020-07-19 20:00,26608
2020-07-19 20:05,26791
2020-07-19 20:10,26810
2020-07-19 20:15,26980
2020-07-19 20:20,27076
2020-07-19 20:25,27120
2020-07-19 20:30,27119
2020-07-19 20:35,27009
2020-07-19 20:40,26979
2020-07-19 20:45,26958
2020-07-19 20:50,26928
2020-07-19 20:55,26904
2020-07-19 21:00,26844
2020-07-19 21:05,26681
2020-07-19 21:10,26551
2020-07-19 21:15,26555
2020-07-19 21:20,26635
2020-07-19 21:25,26509
2020-07-19 21:30,26497
2020-07-19 21:35,26445
2020-07-19 21:40,26325
2020-07-19 21:45,26369
2020-07-19 21:50,26329
2020-07-19 21:55,26108
2020-07-19 22:00,25950
2020-07-19 22:05,25792
2020-07-19 22:10,25625
2020-07-19 22:15,25483
2020-07-19 22:20,25212
2020-07-19 22:25,25113
2020-07-19 22:30,25048
2020-07-19 22:35,24828
2020-07-19 22:40,24736
2020-07-19 22:45,24707
2020-07-19 22:50,24535
2020-07-19 22:55,24523
2020-07-19 23:00,24338
2020-07-19 23:05,24272
2020-07-19 23:10,24093
2020-07-19 23:15,24032
2020-07-19 23:20,23962
2020-07-19 23:25,23886
2020-07-19 23:30,23850
2020-07-19 23:35,23773
2020-07-19 23:40,23727
2020-07-19 23:45,23665
2020-07-19 23:50,23574
2020-07-19 23:55,23391
2020-07-20 00:00,23393
2020-07-20 00:05,23377
2020-07-20 00:10,23269
2020-07-20 00:15,23244
2020-07-20 00:20,23297
2020-07-20 00:25,23209
2020-07-20 00:30,23259
2020-07-20 00:35,23364
2020-07-20 00:40,23278
2020-07-20 00:45,23261
2020-07-20 00:50,23241
2020-07-20 00:55,23217
2020-07-20 01:00,23184
2020-07-20 01:05,23141
2020-07-20 01:10,23214
2020-07-20 01:15,23221
2020-07-20 01:20,23266
2020-07-20 01:25,23305
2020-07-20 01:30,23319
2020-07-20 01:35,23379
2020-07-20 01:40,23502
2020-07-20 01:45,23544
2020-07-20 01:50,23731
2020-07-20 01:55,23689
2020-07-20 02:00,23668
2020-07-20 02:05,23704
2020-07-20 02:10,23579
2020-07-20 02:15,23646
2020-07-20 02:20,23567
2020-07-20 02:25,23580
2020-07-20 02:30,23547
2020-07-20 02:35,23505
2020-07-20 02:40,23372
2020-07-20 02:45,23334
2020-07-20 02:50,23215
2020-07-20 02:55,23173
2020-07-20 03:00,23039
2020-07-20 03:05,22803
2020-07-20 03:10,22654
2020-07-20 03:15,22504
2020-07-20 03:20,22307
2020-07-20 03:25,22167
2020-07-20 03:30,21927
2020-07-20 03:35,21737
2020-07-20 03:40,21527
2020-07-20 03:45,21410
2020-07-20 03:50,21186
2020-07-20 03:55,20970
2020-07-20 04:00,20776
2020-07-20 04:05,20501
2020-07-20 04:10,20236
2020-07-20 04:15,20025
2020-07-20 04:20,19806
2020-07-20 04:25,19602
2020-07-20 04:30,19413
2020-07-20 04:35,19092
2020-07-20 04:40,18767
2020-07-20 04:45,18467
2020-07-20 04:50,18196
2020-07-20 04:55,17906
2020-07-20 05:00,17501
2020-07-20 05:05,17186
2020-07-20 05:10,16931
2020-07-20 05:15,16657
2020-07-20 05:20,16366
2020-07-20 05:25,16135
2020-07-20 05:30,15845
2020-07-20 05:35,15553
2020-07-20 05:40,15289
2020-07-20 05:45,15049
2020-07-20 05:50,14851
2020-07-20 05:55,14560
2020-07-20 06:00,14252
2020-07-20 06:05,13982
2020-07-20 06:10,13635
2020-07-20 06:15,13365
2020-07-20 06:20,13130
2020-07-20 06:25,12821
2020-07-20 06:30,12567
2020-07-20 06:35,12360
2020-07-20 06:40,12120
2020-07-20 06:45,11836
2020-07-20 06:50,11646
2020-07-20 06:55,11418
2020-07-20 07:00,11231
2020-07-20 07:05,10966
2020-07-20 07:10,10771
2020-07-20 07:15,10587
2020-07-20 07:20,10402
2020-07-20 07:25,10217
2020-07-20 07:30,10023
2020-07-20 07:35,9835
2020-07-20 07:40,9736
2020-07-20 07:45,9628
2020-07-20 07:50,9532
2020-07-20 07:55,9389
2020-07-20 08:00,9305
2020-07-20 08:05,9224
2020-07-20 08:10,9136
2020-07-20 08:15,9025
2020-07-20 08:20,8963
2020-07-20 08:25,8847
2020-07-20 08:30,8756
2020-07-20 08:35,8699
2020-07-20 08:40,8611
2020-07-20 08:45,8569
2020-07-20 08:50,8482
2020-07-20 08:55,8391
2020-07-20 09:00,8415
2020-07-20 09:05,8386
2020-07-20 09:10,8402
2020-07-20 09:15,8423
2020-07-20 09:20,8373
2020-07-20 09:25,8351
2020-07-20 09:30,8362
2020-07-20 09:35,8346
2020-07-20 09:40,8339
2020-07-20 09:45,8376
2020-07-20 09:50,8413
2020-07-20 09:55,8427
2020-07-20 10:00,8422
2020-07-20 10:05,8404
2020-07-20 10:10,8448
2020-07-20 10:15,8495
2020-07-20 10:20,8522
2020-07-20 10:25,8577
2020-07-20 10:30,8603
2020-07-20 10:35,8703
2020-07-20 10:40,8791
2020-07-20 10:45,8813
2020-07-20 10:50,8893
2020-07-20 10:55,8927
2020-07-20 11:00,8970
2020-07-20 11:05,9002
2020-07-20 11:10,9042
2020-07-20 11:15,9119
2020-07-20 11:20,9252
2020-07-20 11:25,
2020-07-20 11:30,9350
2020-07-20 11:35,9354
2020-07-20 11:40,9429
2020-07-20 11:45,9495
2020-07-20 11:50,9488
2020-07-20 11:55,9586
2020-07-20 12:00,9655
2020-07-20 12:05,9777
2020-07-20 12:10,9808
2020-07-20 12:15,9874
2020-07-20 12:20,9938
2020-07-20 12:25,9978
2020-07-20 12:30,10117
2020-07-20 12:35,10222
2020-07-20 12:40,10303
2020-07-20 12:45,10376
2020-07-20 12:50,10463
2020-07-20 12:55,10609
2020-07-20 13:00,10707
2020-07-20 13:05,10838
2020-07-20 13:10,10986
2020-07-20 13:15,11204
2020-07-20 13:20,11330
2020-07-20 13:25,11490
2020-07-20 13:30,11700
2020-07-20 13:35,11869
2020-07-20 13:40,12052
2020-07-20 13:45,12258
2020-07-20 13:50,12458
2020-07-20 13:55,12583
2020-07-20 14:00,12640
2020-07-20 14:05,12827
2020-07-20 14:10,13017
2020-07-20 14:15,13157
2020-07-20 14:20,13309
2020-07-20 14:25,13477
2020-07-20 14:30,13596
2020-07-20 14:35,13774
2020-07-20 14:40,13887
2020-07-20 14:45,14036
2020-07-20 14:50,14239
2020-07-20 14:55,14380
2020-07-20 15:00,14435
2020-07-20 15:05,14592
2020-07-20 15:10,14683
2020-07-20 15:15,14811
2020-07-20 15:20,14934
2020-07-20 15:25,15077
2020-07-20 15:30,15168
2020-07-20 15:35,15321
2020-07-20 15:40,15421
2020-07-20 15:45,15644
2020-07-20 15:50,15860
2020-07-20 15:55,16013
2020-07-20 16:00,16214
2020-07-20 16:05,16337
2020-07-20 16:10,16537
2020-07-20 16:15,16724
2020-07-20 16:20,16898
2020-07-20 16:25,17039
2020-07-20 16:30,17157
2020-07-20 16:35,17257
2020-07-20 16:40,17482
2020-07-20 16:45,17628
2020-07-20 16:50,17855
2020-07-20 16:55,17940
2020-07-20 17:00,18147
2020-07-20 17:05,18344
2020-07-20 17:10,18560
2020-07-20 17:15,18774
2020-07-20 17:20,19007
2020-07-20 17:25,19236
2020-07-20 17:30,19462
2020-07-20 17:35,19739
2020-07-20 17:40,19948
2020-07-20 17:45,20063
2020-07-20 17:50,20268
2020-07-20 17:55,20476
2020-07-20 18:00,20674
2020-07-20 18:05,20906
2020-07-20 18:10,21071
2020-07-20 18:15,21267
2020-07-20 18:20,21500
2020-07-20 18:25,21759
2020-07-20 18:30,21947
2020-07-20 18:35,22130
2020-07-20 18:40,22372
2020-07-20 18:45,22536
2020-07-20 18:50,22637
2020-07-20 18:55,22858
2020-07-20 19:00,23070
2020-07-20 19:05,23334
2020-07-20 19:10,23467
2020-07-20 19:15,23653
2020-07-20 19:20,23804
2020-07-20 19:25,23940
2020-07-20 19:30,24097
2020-07-20 19:35,24251
2020-07-20 19:40,24348
2020-07-20 19:45,24531
2020-07-20 19:50,24565
2020-07-20 19:55,24616
2020-07-20 20:00,24705
2020-07-20 20:05,24835
2020-07-20 20:10,24878
2020-07-20 20:15,24893
2020-07-20 20:20,24997
2020-07-20 20:25,25098
2020-07-20 20:30,25261
2020-07-20 20:35,25372
2020-07-20 20:40,25416
2020-07-20 20:45,25427
2020-07-20 20:50,25411
2020-07-20 20:55,25415
2020-07-20 21:00,25319
2020-07-20 21:05,25255
2020-07-20 21:10,25211
2020-07-20 21:15,25112
2020-07-20 21:20,25074
2020-07-20 21:25,24934
2020-07-20 21:30,24814
2020-07-20 21:35,24792
2020-07-20 21:40,24758
2020-07-20 21:45,24689
2020-07-20 21:50,24710
2020-07-20 21:55,24654
2020-07-20 22:00,24569
2020-07-20 22:05,24588
2020-07-20 22:10,24470
2020-07-20 22:15,24431
2020-07-20 22:20,24426
2020-07-20 22:25,24426
2020-07-20 22:30,24252
2020-07-20 22:35,24140
2020-07-20 22:40,24026
2020-07-20 22:45,23969
2020-07-20 22:50,23923
2020-07-20 22:55,23787
2020-07-20 23:00,23677
2020-07-20 23:05,23649
2020-07-20 23:10,23560
2020-07-20 23:15,23526
2020-07-20 23:20,23509
2020-07-20 23:25,23408
2020-07-20 23:30,23408
2020-07-20 23:35,23309
2020-07-20 23:40,23410
2020-07-20 23:45,23381
2020-07-20 23:50,23456
2020-07-20 23:55,23408
2020-07-21 00:00,23383
2020-07-21 00:05,23316
2020-07-21 00:10,23304
2020-07-21 00:15,23289
2020-07-21 00:20,0
2020-07-21 00:25,23267
2020-07-21 00:30,23312
2020-07-21 00:35,23306
2020-07-21 00:40,23350
2020-07-21 00:45,23487
2020-07-21 00:50,23534
2020-07-21 00:55,23585
2020-07-21 01:00,23625
2020-07-21 01:05,23737
2020-07-21 01:10,23809
2020-07-21 01:15,23864
2020-07-21 01:20,23919
2020-07-21 01:25,24033
2020-07-21 01:30,24074
2020-07-21 01:35,24142
2020-07-21 01:40,24202
2020-07-21 01:45,24193
2020-07-21 01:50,24192
2020-07-21 01:55,24237
2020-07-21 02:00,24184
2020-07-21 02:05,24150
2020-07-21 02:10,24041
2020-07-21 02:15,24125
2020-07-21 02:20,24012
2020-07-21 02:25,23996
2020-07-21 02:30,23900
2020-07-21 02:35,23826
2020-07-21 02:40,23775
2020-07-21 02:45,23789
2020-07-21 02:50,23695
2020-07-21 02:55,23649
2020-07-21 03:00,23555
2020-07-21 03:05,23404
2020-07-21 03:10,23309
2020-07-21 03:15,23153
2020-07-21 03:20,22999
2020-07-21 03:25,22747
2020-07-21 03:30,22589
2020-07-21 03:35,22498
2020-07-21 03:40,22202
2020-07-21 03:45,21988
2020-07-21 03:50,21754
2020-07-21 03:55,21487
2020-07-21 04:00,21305
2020-07-21 04:05,21305
2020-07-21 04:10,21305
2020-07-21 04:15,21277
2020-07-21 04:20,20266
2020-07-21 04:25,19818
2020-07-21 04:30,19416
2020-07-21 04:35,19173
2020-07-21 04:40,18876
2020-07-21 04:45,18634
2020-07-21 04:50,18392
2020-07-21 04:55,18087
2020-07-21 05:00,17780
2020-07-21 05:05,17513
2020-07-21 05:10,17244
2020-07-21 05:15,17037
2020-07-21 05:20,16757
2020-07-21 05:25,16496
2020-07-21 05:30,16242
2020-07-21 05:35,15929
2020-07-21 05:40,15607
2020-07-21 05:45,15326
2020-07-21 05:50,15096
2020-07-21 05:55,14794
2020-07-21 06:00,14428
2020-07-21 06:05,14114
2020-07-21 06:10,13853
2020-07-21 06:15,13585
2020-07-21 06:20,13299
2020-07-21 06:25,13110
2020-07-21 06:30,12848
2020-07-21 06:35,12657
2020-07-21 06:40,12389
2020-07-21 06:45,12137
2020-07-21 06:50,11934
2020-07-21 06:55,11710
2020-07-21 07:00,11517
2020-07-21 07:05,11342
2020-07-21 07:10,11079
2020-07-21 07:15,10832
2020-07-21 07:20,10586
2020-07-21 07:25,10409
2020-07-21 07:30,10316
2020-07-21 07:35,10207
2020-07-21 07:40,10072
2020-07-21 07:45,9935
2020-07-21 07:50,9823
2020-07-21 07:55,9624
2020-07-21 08:00,9450
2020-07-21 08:05,9286
2020-07-21 08:10,9181
2020-07-21 08:15,9063
2020-07-21 08:20,8980
2020-07-21 08:25,8882
2020-07-21 08:30,8825
2020-07-21 08:35,8770
2020-07-21 08:40,8712
2020-07-21 08:45,8640
2020-07-21 08:50,8588
2020-07-21 08:55,8535
2020-07-21 09:00,8544
2020-07-21 09:05,8474
2020-07-21 09:10,8492
2020-07-21 09:15,8440
2020-07-21 09:20,8396
2020-07-21 09:25,8416
2020-07-21 09:30,8398
2020-07-21 09:35,8394
2020-07-21 09:40,8409
2020-07-21 09:45,8448
2020-07-21 09:50,8487
2020-07-21 09:55,8533
2020-07-21 10:00,8568
2020-07-21 10:05,8570
2020-07-21 10:10,8590
2020-07-21 10:15,8618
2020-07-21 10:20,8641
2020-07-21 10:25,8704
2020-07-21 10:30,8678
2020-07-21 10:35,8811
2020-07-21 10:40,8899
2020-07-21 10:45,8924
2020-07-21 10:50,9021
2020-07-21 10:55,9032
2020-07-21 11:00,9070
2020-07-21 11:05,9099
2020-07-21 11:10,9103
2020-07-21 11:15,9169
2020-07-21 11:20,9194
2020-07-21 11:25,9284
2020-07-21 11:30,9355
2020-07-21 11:35,9348
2020-07-21 11:40,9408
2020-07-21 11:45,9490
2020-07-21 11:50,9533
2020-07-21 11:55,9632
2020-07-21 12:00,9688
2020-07-21 12:05,9837
2020-07-21 12:10,9907
2020-07-21 12:15,10013
2020-07-21 12:20,10165
2020-07-21 12:25,10263
2020-07-21 12:30,10430
2020-07-21 12:35,10484
2020-07-21 12:40,10600
2020-07-21 12:45,10694
2020-07-21 12:50,10785
2020-07-21 12:55,10895
2020-07-21 13:00,11024
2020-07-21 13:05,11168
2020-07-21 13:10,11317
2020-07-21 13:15,11406
2020-07-21 13:20,11529
2020-07-21 13:25,11738
2020-07-21 13:30,11909
2020-07-21 13:35,12059
2020-07-21 13:40,12234
2020-07-21 13:45,12379
2020-07-21 13:50,12537
2020-07-21 13:55,12719
2020-07-21 14:00,12859
2020-07-21 14:05,13055
2020-07-21 14:10,13275
2020-07-21 14:15,13349
2020-07-21 14:20,13528
2020-07-21 14:25,13682
2020-07-21 14:30,13810
2020-07-21 14:35,13986
2020-07-21 14:40,14133
2020-07-21 14:45,14252
2020-07-21 14:50,14445
2020-07-21 14:55,14590
2020-07-21 15:00,14736
2020-07-21 15:05,14836
2020-07-21 15:10,14859
2020-07-21 15:15,14994
2020-07-21 15:20,15093
2020-07-21 15:25,15247
2020-07-21 15:30,15371
2020-07-21 15:35,15559
2020-07-21 15:40,15773
2020-07-21 15:45,15876
2020-07-21 15:50,15981
2020-07-21 15:55,16096
2020-07-21 16:00,16227
2020-07-21 16:05,16402
2020-07-21 16:10,16598
2020-07-21 16:15,16726
2020-07-21 16:20,16882
2020-07-21 16:25,17053
2020-07-21 16:30,17244
2020-07-21 16:35,17421
2020-07-21 16:40,17575
2020-07-21 16:45,17779
2020-07-21 16:50,17894
2020-07-21 16:55,18115
2020-07-21 17:00,18314
2020-07-21 17:05,18565
2020-07-21 17:10,18714
2020-07-21 17:15,18793
2020-07-21 17:20,18994
2020-07-21 17:25,19239
2020-07-21 17:30,19403
2020-07-21 17:35,19580
2020-07-21 17:40,19748
2020-07-21 17:45,19886
2020-07-21 17:50,20064
2020-07-21 17:55,20253
2020-07-21 18:00,20379
2020-07-21 18:05,20541
2020-07-21 18:10,20716
2020-07-21 18:15,20960
2020-07-21 18:20,21089
2020-07-21 18:25,21280
2020-07-21 18:30,21512
2020-07-21 18:35,21651
2020-07-21 18:40,21820
2020-07-21 18:45,21956
2020-07-21 18:50,22138
2020-07-21 18:55,22340
2020-07-21 19:00,22416
2020-07-21 19:05,22540
2020-07-21 19:10,22696
2020-07-21 19:15,22935
2020-07-21 19:20,23183
2020-07-21 19:25,23322
2020-07-21 19:30,23378
2020-07-21 19:35,23469
2020-07-21 19:40,23697
2020-07-21 19:45,23849
2020-07-21 19:50,23888
2020-07-21 19:55,23917
2020-07-21 20:00,24107
2020-07-21 20:05,24142
2020-07-21 20:10,24147
2020-07-21 20:15,24247
2020-07-21 20:20,24357
2020-07-21 20:25,24449
2020-07-21 20:30,24444
2020-07-21 20:35,24474
2020-07-21 20:40,24463
2020-07-21 20:45,24474
2020-07-21 20:50,24519
2020-07-21 20:55,24468
2020-07-21 21:00,24494
2020-07-21 21:05,24386
2020-07-21 21:10,24373
2020-07-21 21:15,24382
2020-07-21 21:20,24353
2020-07-21 21:25,24391
2020-07-21 21:30,24399
2020-07-21 21:35,24337
2020-07-21 21:40,24321
2020-07-21 21:45,24314
2020-07-21 21:50,24266
2020-07-21 21:55,24238
2020-07-21 22:00,24171
2020-07-21 22:05,24122
2020-07-21 22:10,23993
2020-07-21 22:15,23957
2020-07-21 22:20,23768
2020-07-21 22:25,23647
2020-07-21 22:30,23552
2020-07-21 22:35,23491
2020-07-21 22:40,23505
2020-07-21 22:45,23415
2020-07-21 22:50,23363
2020-07-21 22:55,23263
2020-07-21 23:00,23207
2020-07-21 23:05,23142
2020-07-21 23:10,23211
2020-07-21 23:15,23177
2020-07-21 23:20,23085
2020-07-21 23:25,
2020-07-21 23:30,
2020-07-21 23:35,0
2020-07-21 23:40,22070
2020-07-21 23:45,22759
2020-07-21 23:50,22805
2020-07-21 23:55,22941
2020-07-22 00:00,22943
2020-07-22 00:05,22858
2020-07-22 00:10,22953
2020-07-22 00:15,22919
2020-07-22 00:20,23035
2020-07-22 00:25,23057
2020-07-22 00:30,23048
2020-07-22 00:35,23148
2020-07-22 00:40,23108
2020-07-22 00:45,23192
2020-07-22 00:50,23369
2020-07-22 00:55,23435
2020-07-22 01:00,23369
2020-07-22 01:05,23323
2020-07-22 01:10,23423
2020-07-22 01:15,23563
2020-07-22 01:20,23575
2020-07-22 01:25,23668
2020-07-22 01:30,23717
2020-07-22 01:35,23797
2020-07-22 01:40,23829
2020-07-22 01:45,23820
2020-07-22 01:50,23836
2020-07-22 01:55,23982
2020-07-22 02:00,23991
2020-07-22 02:05,23963
2020-07-22 02:10,24007
2020-07-22 02:15,23992
2020-07-22 02:20,24096
2020-07-22 02:25,24016
2020-07-22 02:30,23978
2020-07-22 02:35,23897
2020-07-22 02:40,23909
2020-07-22 02:45,23825
2020-07-22 02:50,23714
2020-07-22 02:55,23597
2020-07-22 03:00,23385
2020-07-22 03:05,23224
2020-07-22 03:10,23111
2020-07-22 03:15,22934
2020-07-22 03:20,22784
2020-07-22 03:25,22713
2020-07-22 03:30,22602
2020-07-22 03:35,22367
2020-07-22 03:40,22269
2020-07-22 03:45,22064
2020-07-22 03:50,21906
2020-07-22 03:55,21681
2020-07-22 04:00,21374
2020-07-22 04:05,21082
2020-07-22 04:10,20826
2020-07-22 04:15,20537
2020-07-22 04:20,20236
2020-07-22 04:25,19954
2020-07-22 04:30,19667
2020-07-22 04:35,19391
2020-07-22 04:40,19114
2020-07-22 04:45,18855
2020-07-22 04:50,18614
2020-07-22 04:55,18382
2020-07-22 05:00,18087
2020-07-22 05:05,17772
2020-07-22 05:10,17475
2020-07-22 05:15,17097
2020-07-22 05:20,16812
2020-07-22 05:25,16615
2020-07-22 05:30,16396
2020-07-22 05:35,16006
2020-07-22 05:40,15693
2020-07-22 05:45,15371
2020-07-22 05:50,15055
2020-07-22 05:55,14785
2020-07-22 06:00,14451
2020-07-22 06:05,14218
2020-07-22 06:10,13898
2020-07-22 06:15,13648
2020-07-22 06:20,13392
2020-07-22 06:25,13215
2020-07-22 06:30,12977
2020-07-22 06:35,12710
2020-07-22 06:40,12440
2020-07-22 06:45,12262
2020-07-22 06:50,12035
2020-07-22 06:55,11773
2020-07-22 07:00,11507
2020-07-22 07:05,11253
2020-07-22 07:10,10996
2020-07-22 07:15,10797
2020-07-22 07:20,10589
2020-07-22 07:25,10317
2020-07-22 07:30,10128
2020-07-22 07:35,9962
2020-07-22 07:40,9817
2020-07-22 07:45,9657
2020-07-22 07:50,9584
2020-07-22 07:55,9478
2020-07-22 08:00,9321
2020-07-22 08:05,9205
2020-07-22 08:10,9118
2020-07-22 08:15,8936
2020-07-22 08:20,8803
2020-07-22 08:25,8775
2020-07-22 08:30,8712
2020-07-22 08:35,8605
2020-07-22 08:40,8546
2020-07-22 08:45,8528
2020-07-22 08:50,8484
2020-07-22 08:55,8424
2020-07-22 09:00,8381
2020-07-22 09:05,8321
2020-07-22 09:10,8364
2020-07-22 09:15,8379
2020-07-22 09:20,8400
2020-07-22 09:25,8398
2020-07-22 09:30,8420
2020-07-22 09:35,8471
2020-07-22 09:40,8431
2020-07-22 09:45,8387
2020-07-22 09:50,8446
2020-07-22 09:55,8480
2020-07-22 10:00,8512
2020-07-22 10:05,8522
2020-07-22 10:10,8573
2020-07-22 10:15,8556
2020-07-22 10:20,8627
2020-07-22 10:25,8665
2020-07-22 10:30,8722
2020-07-22 10:35,8761
2020-07-22 10:40,8818
2020-07-22 10:45,8852
2020-07-22 10:50,8883
2020-07-22 10:55,8993
2020-07-22 11:00,9045
2020-07-22 11:05,9059
2020-07-22 11:10,9157
2020-07-22 11:15,9183
2020-07-22 11:20,9205
2020-07-22 11:25,9262
2020-07-22 11:30,9340
2020-07-22 11:35,9432
2020-07-22 11:40,9518
2020-07-22 11:45,9621
2020-07-22 11:50,9744
2020-07-22 11:55,9787
2020-07-22 12:00,9863
2020-07-22 12:05,9929
2020-07-22 12:10,9952
2020-07-22 12:15,10126
2020-07-22 12:20,10224
2020-07-22 12:25,10342
2020-07-22 12:30,10395
2020-07-22 12:35,10458
2020-07-22 12:40,10610
2020-07-22 12:45,10731
2020-07-22 12:50,10787
2020-07-22 12:55,10880
2020-07-22 13:00,11011
2020-07-22 13:05,11162
2020-07-22 13:10,11294
2020-07-22 13:15,11489
2020-07-22 13:20,11576
2020-07-22 13:25,11689
2020-07-22 13:30,11868
2020-07-22 13:35,12050
2020-07-22 13:40,12136
2020-07-22 13:45,12320
2020-07-22 13:50,12395
2020-07-22 13:55,12499
2020-07-22 14:00,12605
2020-07-22 14:05,12796
2020-07-22 14:10,12963
2020-07-22 14:15,13122
2020-07-22 14:20,13222
2020-07-22 14:25,13359
2020-07-22 14:30,13541
2020-07-22 14:35,13708
2020-07-22 14:40,13879
2020-07-22 14:45,14037
2020-07-22 14:50,14184
2020-07-22 14:55,14339
2020-07-22 15:00,14412
2020-07-22 15:05,14495
2020-07-22 15:10,14619
2020-07-22 15:15,14721
2020-07-22 15:20,14794
2020-07-22 15:25,14904
2020-07-22 15:30,15070
2020-07-22 15:35,15161
2020-07-22 15:40,15362
2020-07-22 15:45,15425
2020-07-22 15:50,15515
2020-07-22 15:55,15621
2020-07-22 16:00,15712
2020-07-22 16:05,15749
2020-07-22 16:10,15874
2020-07-22 16:15,16022
2020-07-22 16:20,16201
2020-07-22 16:25,16425
2020-07-22 16:30,16581
2020-07-22 16:35,16737
2020-07-22 16:40,16906
2020-07-22 16:45,17129
2020-07-22 16:50,17272
2020-07-22 16:55,17425
2020-07-22 17:00,17540
2020-07-22 17:05,17815
2020-07-22 17:10,18008
2020-07-22 17:15,18188
2020-07-22 17:20,18423
2020-07-22 17:25,18659
2020-07-22 17:30,18822
2020-07-22 17:35,19041
2020-07-22 17:40,19184
2020-07-22 17:45,19332
2020-07-22 17:50,19498
2020-07-22 17:55,19708
2020-07-22 18:00,19813
2020-07-22 18:05,19958
2020-07-22 18:10,20167
2020-07-22 18:15,20299
2020-07-22 18:20,20407
2020-07-22 18:25,20623
2020-07-22 18:30,20725
2020-07-22 18:35,20866
2020-07-22 18:40,21138
2020-07-22 18:45,21264
2020-07-22 18:50,21404
2020-07-22 18:55,21531
2020-07-22 19:00,21589
2020-07-22 19:05,20395
2020-07-22 19:10,21633
2020-07-22 19:15,21712
2020-07-22 19:20,21848
2020-07-22 19:25,21987
2020-07-22 19:30,21979
2020-07-22 19:35,22147
2020-07-22 19:40,22312
2020-07-22 19:45,22361
2020-07-22 19:50,22470
2020-07-22 19:55,22614
2020-07-22 20:00,22641
2020-07-22 20:05,22737
2020-07-22 20:10,22826
2020-07-22 20:15,23238
2020-07-22 20:20,23429
2020-07-22 20:25,23549
2020-07-22 20:30,23563
2020-07-22 20:35,23625
2020-07-22 20:40,23602
2020-07-22 20:45,23744
2020-07-22 20:50,23743
2020-07-22 20:55,23750
2020-07-22 21:00,23691
2020-07-22 21:05,23601
2020-07-22 21:10,23683
2020-07-22 21:15,23648
2020-07-22 21:20,23711
2020-07-22 21:25,23767
2020-07-22 21:30,23785
2020-07-22 21:35,23708
2020-07-22 21:40,23773
2020-07-22 21:45,23642
2020-07-22 21:50,23508
2020-07-22 21:55,23495
2020-07-22 22:00,23374
2020-07-22 22:05,23271
2020-07-22 22:10,23215
2020-07-22 22:15,23122
2020-07-22 22:20,23013
2020-07-22 22:25,22882
2020-07-22 22:30,22780
2020-07-22 22:35,22697
2020-07-22 22:40,22701
2020-07-22 22:45,22727
2020-07-22 22:50,22710
2020-07-22 22:55,22607
2020-07-22 23:00,22551
2020-07-22 23:05,22535
2020-07-22 23:10,22626
2020-07-22 23:15,22561
2020-07-22 23:20,22585
2020-07-22 23:25,22633
2020-07-22 23:30,22553
2020-07-22 23:35,22555
2020-07-22 23:40,22563
2020-07-22 23:45,22608
2020-07-22 23:50,22626
2020-07-22 23:55,22701
2020-07-23 00:00,22773
2020-07-23 00:05,22790
2020-07-23 00:10,22824
2020-07-23 00:15,22918
2020-07-23 00:20,22989
2020-07-23 00:25,23055
2020-07-23 00:30,23101
2020-07-23 00:35,23177
2020-07-23 00:40,23241
2020-07-23 00:45,23322
2020-07-23 00:50,23235
2020-07-23 00:55,23147
2020-07-23 01:00,23088
2020-07-23 01:05,23134
2020-07-23 01:10,0
2020-07-23 01:15,23214
2020-07-23 01:20,23201
2020-07-23 01:25,23137
2020-07-23 01:30,23154
2020-07-23 01:35,23158
2020-07-23 01:40,23116
2020-07-23 01:45,23130
2020-07-23 01:50,23191
2020-07-23 01:55,23171
2020-07-23 02:00,23257
2020-07-23 02:05,23283
2020-07-23 02:10,23184
2020-07-23 02:15,23041
2020-07-23 02:20,23008
2020-07-23 02:25,22961
2020-07-23 02:30,22895
2020-07-23 02:35,22759
2020-07-23 02:40,22740
2020-07-23 02:45,22751
2020-07-23 02:50,22642
2020-07-23 02:55,22607
2020-07-23 03:00,22451
2020-07-23 03:05,22242
2020-07-23 03:10,22073
2020-07-23 03:15,21942
2020-07-23 03:20,21763
2020-07-23 03:25,21558
2020-07-23 03:30,21490
2020-07-23 03:35,21319
2020-07-23 03:40,21177
2020-07-23 03:45,21067
2020-07-23 03:50,20875
2020-07-23 03:55,20680
2020-07-23 04:00,20463
2020-07-23 04:05,20230
2020-07-23 04:10,20039
2020-07-23 04:15,19842
2020-07-23 04:20,19628
2020-07-23 04:25,19291
2020-07-23 04:30,19091
2020-07-23 04:35,18911
2020-07-23 04:40,18792
2020-07-23 04:45,18589
2020-07-23 04:50,18320
2020-07-23 04:55,18016
2020-07-23 05:00,17733
2020-07-23 05:05,17452
2020-07-23 05:10,17101
2020-07-23 05:15,16766
2020-07-23 05:20,16450
2020-07-23 05:25,16218
2020-07-23 05:30,15970
2020-07-23 05:35,15682
2020-07-23 05:40,15404
2020-07-23 05:45,15112
2020-07-23 05:50,14774
2020-07-23 05:55,14483
2020-07-23 06:00,14188
2020-07-23 06:05,13910
2020-07-23 06:10,13647
2020-07-23 06:15,13436
2020-07-23 06:20,13139
2020-07-23 06:25,12868
2020-07-23 06:30,12612
2020-07-23 06:35,12365
2020-07-23 06:40,12150
2020-07-23 06:45,11848
2020-07-23 06:50,11658
2020-07-23 06:55,11452
2020-07-23 07:00,11215
2020-07-23 07:05,10981
2020-07-23 07:10,10715
2020-07-23 07:15,10510
2020-07-23 07:20,10378
2020-07-23 07:25,10184
2020-07-23 07:30,10004
2020-07-23 07:35,9874
2020-07-23 07:40,9693
2020-07-23 07:45,9564
2020-07-23 07:50,9369
2020-07-23 07:55,9202
2020-07-23 08:00,9087
2020-07-23 08:05,8893
2020-07-23 08:10,8811
2020-07-23 08:15,8705
2020-07-23 08:20,8639
2020-07-23 08:25,8596
2020-07-23 08:30,8506
2020-07-23 08:35,8446
2020-07-23 08:40,8404
2020-07-23 08:45,8393
2020-07-23 08:50,8356
2020-07-23 08:55,8296
2020-07-23 09:00,8239
2020-07-23 09:05,8224
2020-07-23 09:10,8239
2020-07-23 09:15,8288
2020-07-23 09:20,8279
2020-07-23 09:25,8316
2020-07-23 09:30,8347
2020-07-23 09:35,8292
2020-07-23 09:40,8325
2020-07-23 09:45,8318
2020-07-23 09:50,8297
2020-07-23 09:55,8274
2020-07-23 10:00,8314
2020-07-23 10:05,8268
2020-07-23 10:10,8253
2020-07-23 10:15,8273
2020-07-23 10:20,8282
2020-07-23 10:25,8352
2020-07-23 10:30,8336
2020-07-23 10:35,8358
2020-07-23 10:40,8410
2020-07-23 10:45,8445
2020-07-23 10:50,8530
2020-07-23 10:55,8549
2020-07-23 11:00,8583
2020-07-23 11:05,8598
2020-07-23 11:10,8680
2020-07-23 11:15,8727
2020-07-23 11:20,8782
2020-07-23 11:25,8846
2020-07-23 11:30,8924
2020-07-23 11:35,8920
2020-07-23 11:40,9004
2020-07-23 11:45,9096
2020-07-23 11:50,9183
2020-07-23 11:55,9260
2020-07-23 12:00,9334
2020-07-23 12:05,9408
2020-07-23 12:10,9482
2020-07-23 12:15,9538
2020-07-23 12:20,9664
2020-07-23 12:25,9717
2020-07-23 12:30,9816
2020-07-23 12:35,9857
2020-07-23 12:40,9919
2020-07-23 12:45,10046
2020-07-23 12:50,10152
2020-07-23 12:55,10261
2020-07-23 13:00,10391
2020-07-23 13:05,10585
2020-07-23 13:10,10725
2020-07-23 13:15,10881
2020-07-23 13:20,11071
2020-07-23 13:25,11235
2020-07-23 13:30,11393
2020-07-23 13:35,11533
2020-07-23 13:40,11699
2020-07-23 13:45,11901
2020-07-23 13:50,12060
2020-07-23 13:55,12197
2020-07-23 14:00,12323
2020-07-23 14:05,12477
2020-07-23 14:10,12568
2020-07-23 14:15,12667
2020-07-23 14:20,12847
2020-07-23 14:25,12961
2020-07-23 14:30,13050
2020-07-23 14:35,13165
2020-07-23 14:40,13294
2020-07-23 14:45,13477
2020-07-23 14:50,13531
2020-07-23 14:55,13594
2020-07-23 15:00,13714
2020-07-23 15:05,13820
2020-07-23 15:10,13901
2020-07-23 15:15,14073
2020-07-23 15:20,14203
2020-07-23 15:25,14314
2020-07-23 15:30,14463
2020-07-23 15:35,14642
2020-07-23 15:40,14761
2020-07-23 15:45,14907
2020-07-23 15:50,14985
2020-07-23 15:55,15051
2020-07-23 16:00,15154
2020-07-23 16:05,15260
2020-07-23 16:10,15292
2020-07-23 16:15,15340
2020-07-23 16:20,15459
2020-07-23 16:25,15549
2020-07-23 16:30,15747
2020-07-23 16:35,15889
2020-07-23 16:40,16037
2020-07-23 16:45,16185
2020-07-23 16:50,16269
2020-07-23 16:55,16436
2020-07-23 17:00,16579
2020-07-23 17:05,16829
2020-07-23 17:10,17131
2020-07-23 17:15,17300
2020-07-23 17:20,17514
2020-07-23 17:25,17722
2020-07-23 17:30,17955
2020-07-23 17:35,18125
2020-07-23 17:40,18360
2020-07-23 17:45,18614
2020-07-23 17:50,18790
2020-07-23 17:55,19028
2020-07-23 18:00,19151
2020-07-23 18:05,19328
2020-07-23 18:10,19515
2020-07-23 18:15,19721
2020-07-23 18:20,19964
2020-07-23 18:25,
2020-07-23 18:30,20485
2020-07-23 18:35,20704
2020-07-23 18:40,20948
2020-07-23 18:45,21087
2020-07-23 18:50,21217
2020-07-23 18:55,21288
2020-07-23 19:00,21407
2020-07-23 19:05,21556
2020-07-23 19:10,21672
2020-07-23 19:15,21781
2020-07-23 19:20,21884
2020-07-23 19:25,22035
2020-07-23 19:30,22200
2020-07-23 19:35,22325
2020-07-23 19:40,22417
2020-07-23 19:45,22530
2020-07-23 19:50,22630
2020-07-23 19:55,22660
2020-07-23 20:00,22733
2020-07-23 20:05,22796
2020-07-23 20:10,22946
2020-07-23 20:15,22935
2020-07-23 20:20,23002
2020-07-23 20:25,23132
2020-07-23 20:30,23133
2020-07-23 20:35,23087
2020-07-23 20:40,23120
2020-07-23 20:45,23087
2020-07-23 20:50,23180
2020-07-23 20:55,23196
2020-07-23 21:00,23206
2020-07-23 21:05,23146
2020-07-23 21:10,23135
2020-07-23 21:15,23060
2020-07-23 21:20,23013
2020-07-23 21:25,23016
2020-07-23 21:30,23056
2020-07-23 21:35,22978
2020-07-23 21:40,22894
2020-07-23 21:45,22958
2020-07-23 21:50,22835
2020-07-23 21:55,22791
2020-07-23 22:00,22630
2020-07-23 22:05,22515
2020-07-23 22:10,22471
2020-07-23 22:15,22355
2020-07-23 22:20,22286
2020-07-23 22:25,22165
2020-07-23 22:30,22173
2020-07-23 22:35,22078
2020-07-23 22:40,22079
2020-07-23 22:45,22092
2020-07-23 22:50,22097
2020-07-23 22:55,22049
2020-07-23 23:00,21970
2020-07-23 23:05,21935
2020-07-23 23:10,21870
2020-07-23 23:15,21838
2020-07-23 23:20,21886
2020-07-23 23:25,21954
2020-07-23 23:30,21989
2020-07-23 23:35,22073
2020-07-23 23:40,22026
2020-07-23 23:45,22034
2020-07-23 23:50,21934
2020-07-23 23:55,21989
2020-07-24 00:00,21905
2020-07-24 00:05,21839
2020-07-24 00:10,21783
2020-07-24 00:15,21741
2020-07-24 00:20,21756
2020-07-24 00:25,21821
2020-07-24 00:30,21959
2020-07-24 00:35,21998
2020-07-24 00:40,21997
2020-07-24 00:45,22058
2020-07-24 00:50,22053
2020-07-24 00:55,22141
2020-07-24 01:00,22167
2020-07-24 01:05,22287
2020-07-24 01:10,22381
2020-07-24 01:15,22465
2020-07-24 01:20,22463
2020-07-24 01:25,22457
2020-07-24 01:30,22494
2020-07-24 01:35,22529
2020-07-24 01:40,22607
2020-07-24 01:45,22669
2020-07-24 01:50,22730
2020-07-24 01:55,22696
2020-07-24 02:00,22688
2020-07-24 02:05,22704
2020-07-24 02:10,22568
2020-07-24 02:15,22534
2020-07-24 02:20,22498
2020-07-24 02:25,22532
2020-07-24 02:30,22542
2020-07-24 02:35,22524
2020-07-24 02:40,22471
2020-07-24 02:45,22351
2020-07-24 02:50,22316
2020-07-24 02:55,22225
2020-07-24 03:00,22091
2020-07-24 03:05,22086
2020-07-24 03:10,21948
2020-07-24 03:15,21808
2020-07-24 03:20,21627
2020-07-24 03:25,21465
2020-07-24 03:30,21225
2020-07-24 03:35,21061
2020-07-24 03:40,20881
2020-07-24 03:45,20773
2020-07-24 03:50,20587
2020-07-24 03:55,20445
2020-07-24 04:00,20217
2020-07-24 04:05,19944
2020-07-24 04:10,19621
2020-07-24 04:15,19352
2020-07-24 04:20,19132
2020-07-24 04:25,18817
2020-07-24 04:30,18568
2020-07-24 04:35,18377
2020-07-24 04:40,18081
2020-07-24 04:45,17887
2020-07-24 04:50,17716
2020-07-24 04:55,17352
2020-07-24 05:00,17111
2020-07-24 05:05,16756
2020-07-24 05:10,16435
2020-07-24 05:15,16158
2020-07-24 05:20,15902
2020-07-24 05:25,15702
2020-07-24 05:30,15459
2020-07-24 05:35,15241
2020-07-24 05:40,15020
2020-07-24 05:45,14685
2020-07-24 05:50,14394
2020-07-24 05:55,14110
2020-07-24 06:00,13860
2020-07-24 06:05,13567
2020-07-24 06:10,13254
2020-07-24 06:15,13042
2020-07-24 06:20,12769
2020-07-24 06:25,12606
2020-07-24 06:30,12288
2020-07-24 06:35,12012
2020-07-24 06:40,11767
2020-07-24 06:45,11543
2020-07-24 06:50,11358
2020-07-24 06:55,11201
2020-07-24 07:00,10962
2020-07-24 07:05,10748
2020-07-24 07:10,10459
2020-07-24 07:15,10200
2020-07-24 07:20,9952
2020-07-24 07:25,9777
2020-07-24 07:30,9704
2020-07-24 07:35,9529
2020-07-24 07:40,9334
2020-07-24 07:45,9219
2020-07-24 07:50,9084
2020-07-24 07:55,8930
2020-07-24 08:00,8804
2020-07-24 08:05,8718
2020-07-24 08:10,8643
2020-07-24 08:15,8457
2020-07-24 08:20,8388
2020-07-24 08:25,8321
2020-07-24 08:30,8209
2020-07-24 08:35,8128
2020-07-24 08:40,8068
2020-07-24 08:45,7933
2020-07-24 08:50,7892
2020-07-24 08:55,7923
2020-07-24 09:00,7870
2020-07-24 09:05,7873
2020-07-24 09:10,7891
2020-07-24 09:15,7914
2020-07-24 09:20,7944
2020-07-24 09:25,7985
2020-07-24 09:30,7992
2020-07-24 09:35,8002
2020-07-24 09:40,7998
2020-07-24 09:45,8057
2020-07-24 09:50,8138
2020-07-24 09:55,8073
2020-07-24 10:00,8087
2020-07-24 10:05,8099
2020-07-24 10:10,8144
2020-07-24 10:15,8173
2020-07-24 10:20,8223
2020-07-24 10:25,8287
2020-07-24 10:30,8329
2020-07-24 10:35,8379
2020-07-24 10:40,8445
2020-07-24 10:45,8456
2020-07-24 10:50,8521
2020-07-24 10:55,8590
2020-07-24 11:00,8612
2020-07-24 11:05,8652
2020-07-24 11:10,8679
2020-07-24 11:15,8804
2020-07-24 11:20,8881
2020-07-24 11:25,8996
2020-07-24 11:30,9058
2020-07-24 11:35,9137
2020-07-24 11:40,9196
2020-07-24 11:45,9206
2020-07-24 11:50,9242
2020-07-24 11:55,9338
2020-07-24 12:00,9397
2020-07-24 12:05,9401
2020-07-24 12:10,9517
2020-07-24 12:15,9578
2020-07-24 12:20,9658
2020-07-24 12:25,9803
2020-07-24 12:30,9885
2020-07-24 12:35,10011
2020-07-24 12:40,10126
2020-07-24 12:45,10262
2020-07-24 12:50,10393
2020-07-24 12:55,10514
2020-07-24 13:00,10737
2020-07-24 13:05,10882
2020-07-24 13:10,10992
2020-07-24 13:15,11083
2020-07-24 13:20,11272
2020-07-24 13:25,11425
2020-07-24 13:30,11668
2020-07-24 13:35,11790
2020-07-24 13:40,11930
2020-07-24 13:45,12072
2020-07-24 13:50,12202
2020-07-24 13:55,12360
2020-07-24 14:00,12456
2020-07-24 14:05,12677
2020-07-24 14:10,12749
2020-07-24 14:15,12877
2020-07-24 14:20,13010
2020-07-24 14:25,13121
2020-07-24 14:30,13304
2020-07-24 14:35,13491
2020-07-24 14:40,13649
2020-07-24 14:45,13771
2020-07-24 14:50,13887
2020-07-24 14:55,13969
2020-07-24 15:00,14114
2020-07-24 15:05,14241
2020-07-24 15:10,14337
2020-07-24 15:15,14423
2020-07-24 15:20,14560
2020-07-24 15:25,14697
2020-07-24 15:30,14872
2020-07-24 15:35,14973
2020-07-24 15:40,15041
2020-07-24 15:45,15161
2020-07-24 15:50,15305
2020-07-24 15:55,15460
2020-07-24 16:00,15590
2020-07-24 16:05,15753
2020-07-24 16:10,15826
2020-07-24 16:15,15893
2020-07-24 16:20,15956
2020-07-24 16:25,16091
2020-07-24 16:30,16208
2020-07-24 16:35,16316
2020-07-24 16:40,16446
2020-07-24 16:45,16591
2020-07-24 16:50,16741
2020-07-24 16:55,16835
2020-07-24 17:00,16954
2020-07-24 17:05,17095
2020-07-24 17:10,17176
2020-07-24 17:15,17293
2020-07-24 17:20,17450
2020-07-24 17:25,17650
2020-07-24 17:30,
2020-07-24 17:35,17903
2020-07-24 17:40,18027
2020-07-24 17:45,18131
2020-07-24 17:50,18255
2020-07-24 17:55,
2020-07-24 18:00,18569
2020-07-24 18:05,18698
2020-07-24 18:10,18887
2020-07-24 18:15,19058
2020-07-24 18:20,19213
2020-07-24 18:25,19378
2020-07-24 18:30,19562
2020-07-24 18:35,19732
2020-07-24 18:40,19883
2020-07-24 18:45,20025
2020-07-24 18:50,20137
2020-07-24 18:55,20363
2020-07-24 19:00,20502
2020-07-24 19:05,20608
2020-07-24 19:10,20780
2020-07-24 19:15,20883
2020-07-24 19:20,21019
2020-07-24 19:25,21093
2020-07-24 19:30,21243
2020-07-24 19:35,21351
2020-07-24 19:40,21499
2020-07-24 19:45,21644
2020-07-24 19:50,21839
2020-07-24 19:55,21975
2020-07-24 20:00,22056
2020-07-24 20:05,22123
2020-07-24 20:10,22186
2020-07-24 20:15,22333
2020-07-24 20:20,22417
2020-07-24 20:25,22487
2020-07-24 20:30,22689
2020-07-24 20:35,22713
2020-07-24 20:40,22745
2020-07-24 20:45,22764
2020-07-24 20:50,22823
2020-07-24 20:55,22856
2020-07-24 21:00,22951
2020-07-24 21:05,22910
2020-07-24 21:10,22912
2020-07-24 21:15,22995
2020-07-24 21:20,22920
2020-07-24 21:25,22885
2020-07-24 21:30,22963
2020-07-24 21:35,23044
2020-07-24 21:40,23011
2020-07-24 21:45,22968
2020-07-24 21:50,22912
2020-07-24 21:55,22876
2020-07-24 22:00,22777
2020-07-24 22:05,22573
2020-07-24 22:10,22495
2020-07-24 22:15,22360
2020-07-24 22:20,22353
2020-07-24 22:25,22371
2020-07-24 22:30,22330
2020-07-24 22:35,22315
2020-07-24 22:40,22379
2020-07-24 22:45,22317
2020-07-24 22:50,22271
2020-07-24 22:55,22335
2020-07-24 23:00,22174
2020-07-24 23:05,22118
2020-07-24 23:10,22047
2020-07-24 23:15,22004
2020-07-24 23:20,21865
2020-07-24 23:25,21778
2020-07-24 23:30,21684
2020-07-24 23:35,21678
2020-07-24 23:40,21692
2020-07-24 23:45,21645
2020-07-24 23:50,21632
2020-07-24 23:55,21669
2020-07-25 00:00,21740
2020-07-25 00:05,21707
2020-07-25 00:10,21677
2020-07-25 00:15,21703
2020-07-25 00:20,21660
2020-07-25 00:25,21655
2020-07-25 00:30,21681
2020-07-25 00:35,21727
2020-07-25 00:40,21801
2020-07-25 00:45,21806
2020-07-25 00:50,21769
2020-07-25 00:55,21765
2020-07-25 01:00,21775
2020-07-25 01:05,21838
2020-07-25 01:10,21917
2020-07-25 01:15,21979
2020-07-25 01:20,22099
2020-07-25 01:25,22159
2020-07-25 01:30,22224
2020-07-25 01:35,22230
2020-07-25 01:40,22241
2020-07-25 01:45,22339
2020-07-25 01:50,22404
2020-07-25 01:55,22400
2020-07-25 02:00,22482
2020-07-25 02:05,22538
2020-07-25 02:10,22513
2020-07-25 02:15,21101
2020-07-25 02:20,20392
2020-07-25 02:25,20144
2020-07-25 02:30,20107
2020-07-25 02:35,20394
2020-07-25 02:40,20573
2020-07-25 02:45,20846
2020-07-25 02:50,20937
2020-07-25 02:55,21176
2020-07-25 03:00,21307
2020-07-25 03:05,21521
2020-07-25 03:10,21742
2020-07-25 03:15,21887
2020-07-25 03:20,22026
2020-07-25 03:25,22015
2020-07-25 03:30,22063
2020-07-25 03:35,22106
2020-07-25 03:40,22011
2020-07-25 03:45,21958
2020-07-25 03:50,21922
2020-07-25 03:55,21918
2020-07-25 04:00,21852
2020-07-25 04:05,21771
2020-07-25 04:10,21766
2020-07-25 04:15,21633
2020-07-25 04:20,21412
2020-07-25 04:25,21280
2020-07-25 04:30,21123
2020-07-25 04:35,20874
2020-07-25 04:40,20763
2020-07-25 04:45,20525
2020-07-25 04:50,20423
2020-07-25 04:55,20132
2020-07-25 05:00,19951
2020-07-25 05:05,19678
2020-07-25 05:10,19411
2020-07-25 05:15,19155
2020-07-25 05:20,18869
2020-07-25 05:25,18630
2020-07-25 05:30,18386
2020-07-25 05:35,18090
2020-07-25 05:40,17859
2020-07-25 05:45,17570
2020-07-25 05:50,17288
2020-07-25 05:55,16925
2020-07-25 06:00,16622
2020-07-25 06:05,16319
2020-07-25 06:10,15952
2020-07-25 06:15,15630
2020-07-25 06:20,15418
2020-07-25 06:25,15119
2020-07-25 06:30,14828
2020-07-25 06:35,14459
2020-07-25 06:40,14043
2020-07-25 06:45,13693
2020-07-25 06:50,13361
2020-07-25 06:55,13067
2020-07-25 07:00,12768
2020-07-25 07:05,12383
2020-07-25 07:10,12064
2020-07-25 07:15,11715
2020-07-25 07:20,11276
2020-07-25 07:25,10946
2020-07-25 07:30,10637
2020-07-25 07:35,9598
2020-07-25 07:40,7758
2020-07-25 07:45,6163
2020-07-25 07:50,4628
2020-07-25 07:55,3483
2020-07-25 08:00,2927
2020-07-25 08:05,2337
2020-07-25 08:10,2214
2020-07-25 08:15,2143
2020-07-25 08:20,2256
2020-07-25 08:25,2256
2020-07-25 08:30,2761
2020-07-25 08:35,3228
2020-07-25 08:40,3713
2020-07-25 08:45,4238
2020-07-25 08:50,4643
2020-07-25 08:55,5006
2020-07-25 09:00,5376
2020-07-25 09:05,5749
2020-07-25 09:10,6123
2020-07-25 09:15,6492
2020-07-25 09:20,6715
2020-07-25 09:25,6993
2020-07-25 09:30,7224
2020-07-25 09:35,7484
2020-07-25 09:40,7657
2020-07-25 09:45,7818
2020-07-25 09:50,7977
2020-07-25 09:55,8135
2020-07-25 10:00,8323
2020-07-25 10:05,8439
2020-07-25 10:10,8573
2020-07-25 10:15,8666
2020-07-25 10:20,8770
2020-07-25 10:25,8852
2020-07-25 10:30,8986
2020-07-25 10:35,9124
2020-07-25 10:40,9193
2020-07-25 10:45,9293
2020-07-25 10:50,9381
2020-07-25 10:55,9448
2020-07-25 11:00,9524
2020-07-25 11:05,9618
2020-07-25 11:10,9682
2020-07-25 11:15,9798
2020-07-25 11:20,9855
2020-07-25 11:25,10007
2020-07-25 11:30,10084
2020-07-25 11:35,10202
2020-07-25 11:40,10369
2020-07-25 11:45,10489
2020-07-25 11:50,10560
2020-07-25 11:55,10699
2020-07-25 12:00,10757
2020-07-25 12:05,10842
2020-07-25 12:10,10909
2020-07-25 12:15,10964
2020-07-25 12:20,11036
2020-07-25 12:25,11123
2020-07-25 12:30,11231
2020-07-25 12:35,11305
2020-07-25 12:40,11430
2020-07-25 12:45,11527
2020-07-25 12:50,11655
2020-07-25 12:55,11793
2020-07-25 13:00,11898
2020-07-25 13:05,12046
2020-07-25 13:10,12150
2020-07-25 13:15,12277
2020-07-25 13:20,12465
2020-07-25 13:25,12571
2020-07-25 13:30,12751
2020-07-25 13:35,12947
2020-07-25 13:40,13082
2020-07-25 13:45,13221
2020-07-25 13:50,13341
2020-07-25 13:55,13522
2020-07-25 14:00,13635
2020-07-25 14:05,13784
2020-07-25 14:10,13977
2020-07-25 14:15,14089
2020-07-25 14:20,14209
2020-07-25 14:25,14400
2020-07-25 14:30,14563
2020-07-25 14:35,14741
2020-07-25 14:40,14810
2020-07-25 14:45,14964
2020-07-25 14:50,15113
2020-07-25 14:55,15238
2020-07-25 15:00,15387
2020-07-25 15:05,15587
2020-07-25 15:10,15687
2020-07-25 15:15,15771
2020-07-25 15:20,15848
2020-07-25 15:25,15968
2020-07-25 15:30,16070
2020-07-25 15:35,16179
2020-07-25 15:40,16334
2020-07-25 15:45,16488
2020-07-25 15:50,16555
2020-07-25 15:55,16611
2020-07-25 16:00,16700
2020-07-25 16:05,16779
2020-07-25 16:10,16936
2020-07-25 16:15,17085
2020-07-25 16:20,17204
2020-07-25 16:25,17379
2020-07-25 16:30,17489
2020-07-25 16:35,17686
2020-07-25 16:40,17808
2020-07-25 16:45,17979
2020-07-25 16:50,18050
2020-07-25 16:55,18123
2020-07-25 17:00,18272
2020-07-25 17:05,18384
2020-07-25 17:10,18630
2020-07-25 17:15,18734
2020-07-25 17:20,18892
2020-07-25 17:25,19085
2020-07-25 17:30,19275
2020-07-25 17:35,19384
2020-07-25 17:40,19452
2020-07-25 17:45,19616
2020-07-25 17:50,19688
2020-07-25 17:55,
2020-07-25 18:00,20105
2020-07-25 18:05,20312
2020-07-25 18:10,20439
2020-07-25 18:15,20647
2020-07-25 18:20,20720
2020-07-25 18:25,20874
2020-07-25 18:30,21067
2020-07-25 18:35,21326
2020-07-25 18:40,21447
2020-07-25 18:45,21434
2020-07-25 18:50,21534
2020-07-25 18:55,21702
2020-07-25 19:00,21825
2020-07-25 19:05,21995
2020-07-25 19:10,22208
2020-07-25 19:15,22352
2020-07-25 19:20,22452
2020-07-25 19:25,22597
2020-07-25 19:30,22680
2020-07-25 19:35,22787
2020-07-25 19:40,22964
2020-07-25 19:45,22976
2020-07-25 19:50,23051
2020-07-25 19:55,23088
2020-07-25 20:00,23082
2020-07-25 20:05,23220
2020-07-25 20:10,23327
2020-07-25 20:15,23353
2020-07-25 20:20,23536
2020-07-25 20:25,23655
2020-07-25 20:30,23696
2020-07-25 20:35,23802
2020-07-25 20:40,23943
2020-07-25 20:45,24099
2020-07-25 20:50,24117
2020-07-25 20:55,24221
2020-07-25 21:00,24195
2020-07-25 21:05,24206
2020-07-25 21:10,24140
2020-07-25 21:15,24086
2020-07-25 21:20,23981
2020-07-25 21:25,23840
2020-07-25 21:30,23820
2020-07-25 21:35,23786
2020-07-25 21:40,23741
2020-07-25 21:45,23683
2020-07-25 21:50,23583
2020-07-25 21:55,23547
2020-07-25 22:00,23449
2020-07-25 22:05,23403
2020-07-25 22:10,23416
2020-07-25 22:15,23375
2020-07-25 22:20,23273
2020-07-25 22:25,23178
2020-07-25 22:30,23114
2020-07-25 22:35,23015
2020-07-25 22:40,23018
2020-07-25 22:45,23020
2020-07-25 22:50,23049
2020-07-25 22:55,22914
2020-07-25 23:00,22788
2020-07-25 23:05,22726
2020-07-25 23:10,22648
2020-07-25 23:15,22611
2020-07-25 23:20,22524
2020-07-25 23:25,22427
2020-07-25 23:30,22324
2020-07-25 23:35,22257
2020-07-25 23:40,22183
2020-07-25 23:45,22159
2020-07-25 23:50,22115
2020-07-25 23:55,22054
2020-07-26 00:00,22014
2020-07-26 00:05,22000
2020-07-26 00:10,21986
2020-07-26 00:15,21923
2020-07-26 00:20,21792
2020-07-26 00:25,21775
2020-07-26 00:30,21824
2020-07-26 00:35,21845
2020-07-26 00:40,21866
2020-07-26 00:45,21825
2020-07-26 00:50,21782
2020-07-26 00:55,21667
2020-07-26 01:00,21600
2020-07-26 01:05,21613
2020-07-26 01:10,21667
2020-07-26 01:15,21685
2020-07-26 01:20,21765
2020-07-26 01:25,21784
2020-07-26 01:30,21861
2020-07-26 01:35,21970
2020-07-26 01:40,22125
2020-07-26 01:45,22236
2020-07-26 01:50,22318
2020-07-26 01:55,22363
2020-07-26 02:00,22333
2020-07-26 02:05,22420
2020-07-26 02:10,22500
2020-07-26 02:15,22643
2020-07-26 02:20,22711
2020-07-26 02:25,22731
2020-07-26 02:30,22759
2020-07-26 02:35,22775
2020-07-26 02:40,22781
2020-07-26 02:45,22755
2020-07-26 02:50,22737
2020-07-26 02:55,22637
2020-07-26 03:00,22586
2020-07-26 03:05,22579
2020-07-26 03:10,22549
2020-07-26 03:15,22511
2020-07-26 03:20,22463
2020-07-26 03:25,22391
2020-07-26 03:30,22379
2020-07-26 03:35,22395
2020-07-26 03:40,22361
2020-07-26 03:45,22381
2020-07-26 03:50,22368
2020-07-26 03:55,22220
2020-07-26 04:00,22088
2020-07-26 04:05,22087
2020-07-26 04:10,21933
2020-07-26 04:15,21782
2020-07-26 04:20,21615
2020-07-26 04:25,21396
2020-07-26 04:30,21273
2020-07-26 04:35,21119
2020-07-26 04:40,20968
2020-07-26 04:45,20802
2020-07-26 04:50,20532
2020-07-26 04:55,20351
2020-07-26 05:00,20104
2020-07-26 05:05,19834
2020-07-26 05:10,19526
2020-07-26 05:15,19276
2020-07-26 05:20,18957
2020-07-26 05:25,18701
2020-07-26 05:30,18450
2020-07-26 05:35,18197
2020-07-26 05:40,17889
2020-07-26 05:45,17602
2020-07-26 05:50,17326
2020-07-26 05:55,17068
2020-07-26 06:00,16753
2020-07-26 06:05,16524
2020-07-26 06:10,16195
2020-07-26 06:15,15890
2020-07-26 06:20,15635
2020-07-26 06:25,15367
2020-07-26 06:30,15107
2020-07-26 06:35,14883
2020-07-26 06:40,14648
2020-07-26 06:45,14494
2020-07-26 06:50,14165
2020-07-26 06:55,13813
2020-07-26 07:00,13604
2020-07-26 07:05,13396
2020-07-26 07:10,13178
2020-07-26 07:15,12927
2020-07-26 07:20,12755
2020-07-26 07:25,12548
2020-07-26 07:30,12338
2020-07-26 07:35,12090
2020-07-26 07:40,11868
2020-07-26 07:45,11731
2020-07-26 07:50,11603
2020-07-26 07:55,11422
2020-07-26 08:00,11231
2020-07-26 08:05,11064
2020-07-26 08:10,10888
2020-07-26 08:15,10612
2020-07-26 08:20,10453
2020-07-26 08:25,10339
2020-07-26 08:30,10237
2020-07-26 08:35,10116
2020-07-26 08:40,10059
2020-07-26 08:45,10021
2020-07-26 08:50,10020
2020-07-26 08:55,9959
2020-07-26 09:00,9851
2020-07-26 09:05,9851
2020-07-26 09:10,9843
2020-07-26 09:15,9866
2020-07-26 09:20,9866
2020-07-26 09:25,9868
2020-07-26 09:30,9874
2020-07-26 09:35,9949
2020-07-26 09:40,10006
2020-07-26 09:45,10002
2020-07-26 09:50,9998
2020-07-26 09:55,9971
2020-07-26 10:00,9941
2020-07-26 10:05,9919
2020-07-26 10:10,9914
2020-07-26 10:15,9960
2020-07-26 10:20,10009
2020-07-26 10:25,10033
2020-07-26 10:30,10049
2020-07-26 10:35,10154
2020-07-26 10:40,10170
2020-07-26 10:45,10237
2020-07-26 10:50,10232
2020-07-26 10:55,10254
2020-07-26 11:00,10333
2020-07-26 11:05,10436
2020-07-26 11:10,10477
2020-07-26 11:15,10561
2020-07-26 11:20,10629
2020-07-26 11:25,10720
2020-07-26 11:30,10762
2020-07-26 11:35,10812
2020-07-26 11:40,10885
2020-07-26 11:45,10996
2020-07-26 11:50,11076
2020-07-26 11:55,11199
2020-07-26 12:00,11276
2020-07-26 12:05,11340
2020-07-26 12:10,11472
2020-07-26 12:15,11548
2020-07-26 12:20,11674
2020-07-26 12:25,11703
2020-07-26 12:30,11827
2020-07-26 12:35,11888
2020-07-26 12:40,12019
2020-07-26 12:45,12190
2020-07-26 12:50,12298
2020-07-26 12:55,12447
2020-07-26 13:00,12487
2020-07-26 13:05,12681
2020-07-26 13:10,12851
2020-07-26 13:15,13009
2020-07-26 13:20,13215
2020-07-26 13:25,13350
2020-07-26 13:30,13489
2020-07-26 13:35,13682
2020-07-26 13:40,13830
2020-07-26 13:45,13990
2020-07-26 13:50,14188
2020-07-26 13:55,14302
2020-07-26 14:00,14568
2020-07-26 14:05,14699
2020-07-26 14:10,14882
2020-07-26 14:15,15043
2020-07-26 14:20,15188
2020-07-26 14:25,14503
2020-07-26 14:30,13239
2020-07-26 14:35,11730
2020-07-26 14:40,10234
2020-07-26 14:45,7835
2020-07-26 14:50,7765
2020-07-26 14:55,8730
2020-07-26 15:00,9583
2020-07-26 15:05,10435
2020-07-26 15:10,11223
2020-07-26 15:15,12001
2020-07-26 15:20,12769
2020-07-26 15:25,13444
2020-07-26 15:30,14070
2020-07-26 15:35,14659
2020-07-26 15:40,15209
2020-07-26 15:45,15632
2020-07-26 15:50,15922
2020-07-26 15:55,16311
2020-07-26 16:00,16701
2020-07-26 16:05,16996
2020-07-26 16:10,17303
2020-07-26 16:15,17610
2020-07-26 16:20,17931
2020-07-26 16:25,
2020-07-26 16:30,18404
2020-07-26 16:35,18683
2020-07-26 16:40,18867
2020-07-26 16:45,19115
2020-07-26 16:50,19325
2020-07-26 16:55,19589
2020-07-26 17:00,19793
2020-07-26 17:05,19962
2020-07-26 17:10,20246
2020-07-26 17:15,20561
2020-07-26 17:20,20843
2020-07-26 17:25,21056
2020-07-26 17:30,21248
2020-07-26 17:35,21490
2020-07-26 17:40,21723
2020-07-26 17:45,21968
2020-07-26 17:50,22188
2020-07-26 17:55,22380
2020-07-26 18:00,22574
2020-07-26 18:05,22748
2020-07-26 18:10,22952
2020-07-26 18:15,23068
2020-07-26 18:20,23268
2020-07-26 18:25,23560
2020-07-26 18:30,23770
2020-07-26 18:35,23976
2020-07-26 18:40,24188
2020-07-26 18:45,24414
2020-07-26 18:50,23049
2020-07-26 18:55,22215
2020-07-26 19:00,22112
2020-07-26 19:05,22327
2020-07-26 19:10,22678
2020-07-26 19:15,23012
2020-07-26 19:20,23215
2020-07-26 19:25,23579
2020-07-26 19:30,23974
2020-07-26 19:35,24309
2020-07-26 19:40,24537
2020-07-26 19:45,24805
2020-07-26 19:50,25055
2020-07-26 19:55,25238
2020-07-26 20:00,25411
2020-07-26 20:05,25561
2020-07-26 20:10,25611
2020-07-26 20:15,25696
2020-07-26 20:20,25771
2020-07-26 20:25,25842
2020-07-26 20:30,25924
2020-07-26 20:35,25907
2020-07-26 20:40,25991
2020-07-26 20:45,25863
2020-07-26 20:50,25877
2020-07-26 20:55,25815
2020-07-26 21:00,25880
2020-07-26 21:05,25810
2020-07-26 21:10,25743
2020-07-26 21:15,
2020-07-26 21:20,
2020-07-26 21:25,
2020-07-26 21:30,24326
2020-07-26 21:35,24666
2020-07-26 21:40,24719
2020-07-26 21:45,24786
2020-07-26 21:50,24886
2020-07-26 21:55,24788
2020-07-26 22:00,24596
2020-07-26 22:05,24596
2020-07-26 22:10,24601
2020-07-26 22:15,24460
2020-07-26 22:20,24357
2020-07-26 22:25,24154
2020-07-26 22:30,23997
2020-07-26 22:35,23883
2020-07-26 22:40,23782
2020-07-26 22:45,23813
2020-07-26 22:50,23813
2020-07-26 22:55,23757
2020-07-26 23:00,23656
2020-07-26 23:05,23488
2020-07-26 23:10,23375
2020-07-26 23:15,23296
2020-07-26 23:20,23340
2020-07-26 23:25,23400
2020-07-26 23:30,23436
2020-07-26 23:35,23451
2020-07-26 23:40,23508
2020-07-26 23:45,23450
2020-07-26 23:50,23401
2020-07-26 23:55,23256
2020-07-27 00:00,23288
2020-07-27 00:05,23195
2020-07-27 00:10,23201
2020-07-27 00:15,23170
2020-07-27 00:20,23129
2020-07-27 00:25,23114
2020-07-27 00:30,23111
2020-07-27 00:35,23128
2020-07-27 00:40,23130
2020-07-27 00:45,23194
2020-07-27 00:50,23209
2020-07-27 00:55,23275
2020-07-27 01:00,23215
2020-07-27 01:05,23240
2020-07-27 01:10,23215
2020-07-27 01:15,23211
2020-07-27 01:20,23277
2020-07-27 01:25,23269
2020-07-27 01:30,23235
2020-07-27 01:35,23195
2020-07-27 01:40,23142
2020-07-27 01:45,23174
2020-07-27 01:50,23216
2020-07-27 01:55,23223
2020-07-27 02:00,23132
2020-07-27 02:05,23209
2020-07-27 02:10,23227
2020-07-27 02:15,23276
2020-07-27 02:20,23286
2020-07-27 02:25,23209
2020-07-27 02:30,23139
2020-07-27 02:35,23048
2020-07-27 02:40,23003
2020-07-27 02:45,22840
2020-07-27 02:50,22687
2020-07-27 02:55,22633
2020-07-27 03:00,22513
2020-07-27 03:05,22359
2020-07-27 03:10,22340
2020-07-27 03:15,22141
2020-07-27 03:20,21992
2020-07-27 03:25,21737
2020-07-27 03:30,21630
2020-07-27 03:35,21475
2020-07-27 03:40,21265
2020-07-27 03:45,21023
2020-07-27 03:50,20852
2020-07-27 03:55,20661
2020-07-27 04:00,20403
2020-07-27 04:05,20111
2020-07-27 04:10,19835
2020-07-27 04:15,19658
2020-07-27 04:20,19408
2020-07-27 04:25,19085
2020-07-27 04:30,18771
2020-07-27 04:35,18585
2020-07-27 04:40,18348
2020-07-27 04:45,18028
2020-07-27 04:50,17685
2020-07-27 04:55,17443
2020-07-27 05:00,17155
2020-07-27 05:05,16873
2020-07-27 05:10,16554
2020-07-27 05:15,16305
2020-07-27 05:20,16043
2020-07-27 05:25,15869
2020-07-27 05:30,15552
2020-07-27 05:35,15398
2020-07-27 05:40,15073
2020-07-27 05:45,14739
2020-07-27 05:50,14524
2020-07-27 05:55,14291
2020-07-27 06:00,13986
2020-07-27 06:05,13655
2020-07-27 06:10,13382
2020-07-27 06:15,13102
2020-07-27 06:20,12874
2020-07-27 06:25,12593
2020-07-27 06:30,12222
2020-07-27 06:35,11838
2020-07-27 06:40,11571
2020-07-27 06:45,11225
2020-07-27 06:50,11001
2020-07-27 06:55,10834
2020-07-27 07:00,10607
2020-07-27 07:05,10263
2020-07-27 07:10,9934
2020-07-27 07:15,9684
2020-07-27 07:20,9359
2020-07-27 07:25,9025
2020-07-27 07:30,8704
2020-07-27 07:35,7463
2020-07-27 07:40,6072
2020-07-27 07:45,4838
2020-07-27 07:50,3750
2020-07-27 07:55,2945
2020-07-27 08:00,2489
2020-07-27 08:05,2256
2020-07-27 08:10,1965
2020-07-27 08:15,1958
2020-07-27 08:20,1949
2020-07-27 08:25,2295
2020-07-27 08:30,2749
2020-07-27 08:35,3215
2020-07-27 08:40,3630
2020-07-27 08:45,4054
2020-07-27 08:50,4415
2020-07-27 08:55,4789
2020-07-27 09:00,5148
2020-07-27 09:05,5512
2020-07-27 09:10,5803
2020-07-27 09:15,6084
2020-07-27 09:20,6311
2020-07-27 09:25,6542
2020-07-27 09:30,6722
2020-07-27 09:35,6894
2020-07-27 09:40,7055
2020-07-27 09:45,7224
2020-07-27 09:50,7331
2020-07-27 09:55,7450
2020-07-27 10:00,7589
2020-07-27 10:05,7699
2020-07-27 10:10,7738
2020-07-27 10:15,7868
2020-07-27 10:20,7943
2020-07-27 10:25,8000
2020-07-27 10:30,8041
2020-07-27 10:35,8121
2020-07-27 10:40,8191
2020-07-27 10:45,8250
2020-07-27 10:50,8302
2020-07-27 10:55,8355
2020-07-27 11:00,8389
2020-07-27 11:05,8406
2020-07-27 11:10,8485
2020-07-27 11:15,8559
2020-07-27 11:20,8645
2020-07-27 11:25,8747
2020-07-27 11:30,8785
2020-07-27 11:35,8887
2020-07-27 11:40,8954
2020-07-27 11:45,9035
2020-07-27 11:50,9071
2020-07-27 11:55,9151
2020-07-27 12:00,9183
2020-07-27 12:05,9227
2020-07-27 12:10,9283
2020-07-27 12:15,9344
2020-07-27 12:20,9433
2020-07-27 12:25,9564
2020-07-27 12:30,9663
2020-07-27 12:35,9762
2020-07-27 12:40,9928
2020-07-27 12:45,10044
2020-07-27 12:50,10199
2020-07-27 12:55,10317
2020-07-27 13:00,10441
2020-07-27 13:05,10535
2020-07-27 13:10,10658
2020-07-27 13:15,10824
2020-07-27 13:20,
2020-07-27 13:25,11059
2020-07-27 13:30,11263
2020-07-27 13:35,11442
2020-07-27 13:40,11586
2020-07-27 13:45,11749
2020-07-27 13:50,11880
2020-07-27 13:55,11975
2020-07-27 14:00,12140
2020-07-27 14:05,12242
2020-07-27 14:10,12360
2020-07-27 14:15,12515
2020-07-27 14:20,12730
2020-07-27 14:25,12899
2020-07-27 14:30,13115
2020-07-27 14:35,13233
2020-07-27 14:40,13343
2020-07-27 14:45,13463
2020-07-27 14:50,13649
2020-07-27 14:55,13749
2020-07-27 15:00,13930
2020-07-27 15:05,14010
2020-07-27 15:10,14128
2020-07-27 15:15,14260
2020-07-27 15:20,14345
2020-07-27 15:25,14438
2020-07-27 15:30,14549
2020-07-27 15:35,14747
2020-07-27 15:40,14906
2020-07-27 15:45,14984
2020-07-27 15:50,15091
2020-07-27 15:55,15190
2020-07-27 16:00,15364
2020-07-27 16:05,15492
2020-07-27 16:10,15614
2020-07-27 16:15,15721
2020-07-27 16:20,15850
2020-07-27 16:25,15994
2020-07-27 16:30,16170
2020-07-27 16:35,16312
2020-07-27 16:40,16477
2020-07-27 16:45,16565
2020-07-27 16:50,16754
2020-07-27 16:55,
2020-07-27 17:00,17089
2020-07-27 17:05,17228
2020-07-27 17:10,17415
2020-07-27 17:15,17646
2020-07-27 17:20,17804
2020-07-27 17:25,17930
2020-07-27 17:30,18030
2020-07-27 17:35,18235
2020-07-27 17:40,18400
2020-07-27 17:45,18499
2020-07-27 17:50,18841
2020-07-27 17:55,19080
2020-07-27 18:00,19261
2020-07-27 18:05,19349
2020-07-27 18:10,19567
2020-07-27 18:15,19763
2020-07-27 18:20,19886
2020-07-27 18:25,20032
2020-07-27 18:30,20139
2020-07-27 18:35,20364
2020-07-27 18:40,20490
2020-07-27 18:45,20662
2020-07-27 18:50,20872
2020-07-27 18:55,20993
2020-07-27 19:00,21083
2020-07-27 19:05,21200
2020-07-27 19:10,21355
2020-07-27 19:15,21520
2020-07-27 19:20,21715
2020-07-27 19:25,21942
2020-07-27 19:30,22104
2020-07-27 19:35,22249
2020-07-27 19:40,22415
2020-07-27 19:45,22572
2020-07-27 19:50,22604
2020-07-27 19:55,22625
2020-07-27 20:00,22757
2020-07-27 20:05,22696
2020-07-27 20:10,22785
2020-07-27 20:15,22911
2020-07-27 20:20,22957
2020-07-27 20:25,23011
2020-07-27 20:30,23008
2020-07-27 20:35,23070
2020-07-27 20:40,23088
2020-07-27 20:45,23080
2020-07-27 20:50,23021
2020-07-27 20:55,22937
2020-07-27 21:00,22941
2020-07-27 21:05,23017
2020-07-27 21:10,23062
2020-07-27 21:15,23054
2020-07-27 21:20,23000
2020-07-27 21:25,23013
2020-07-27 21:30,23035
2020-07-27 21:35,22968
2020-07-27 21:40,22993
2020-07-27 21:45,22915
2020-07-27 21:50,22996
2020-07-27 21:55,22966
2020-07-27 22:00,22819
2020-07-27 22:05,22661
2020-07-27 22:10,22548
2020-07-27 22:15,22508
2020-07-27 22:20,22458
2020-07-27 22:25,22449
2020-07-27 22:30,22442
2020-07-27 22:35,22416
2020-07-27 22:40,22299
2020-07-27 22:45,22224
2020-07-27 22:50,22194
2020-07-27 22:55,22062
2020-07-27 23:00,22038
2020-07-27 23:05,22007
2020-07-27 23:10,21851
2020-07-27 23:15,21760
2020-07-27 23:20,21760
2020-07-27 23:25,21649
2020-07-27 23:30,21675
2020-07-27 23:35,21696
2020-07-27 23:40,21691
2020-07-27 23:45,21721
2020-07-27 23:50,21786
2020-07-27 23:55,21829
2020-07-28 00:00,21890
2020-07-28 00:05,21897
2020-07-28 00:10,21954
2020-07-28 00:15,22001
2020-07-28 00:20,22033
2020-07-28 00:25,22029
2020-07-28 00:30,22052
2020-07-28 00:35,22165
2020-07-28 00:40,22373
2020-07-28 00:45,22496
2020-07-28 00:50,22662
2020-07-28 00:55,22636
2020-07-28 01:00,22680
2020-07-28 01:05,22717
2020-07-28 01:10,22758
2020-07-28 01:15,22871
2020-07-28 01:20,22888
2020-07-28 01:25,22823
2020-07-28 01:30,22858
2020-07-28 01:35,22847
2020-07-28 01:40,22824
2020-07-28 01:45,22831
2020-07-28 01:50,22808
2020-07-28 01:55,22957
2020-07-28 02:00,22955
2020-07-28 02:05,22962
2020-07-28 02:10,22944
2020-07-28 02:15,22915
2020-07-28 02:20,22873
2020-07-28 02:25,22805
2020-07-28 02:30,22723
2020-07-28 02:35,22695
2020-07-28 02:40,22626
2020-07-28 02:45,22514
2020-07-28 02:50,22393
2020-07-28 02:55,22263
2020-07-28 03:00,22120
2020-07-28 03:05,21956
2020-07-28 03:10,21792
2020-07-28 03:15,21555
2020-07-28 03:20,21303
2020-07-28 03:25,21140
2020-07-28 03:30,20961
2020-07-28 03:35,20719
2020-07-28 03:40,20571
2020-07-28 03:45,20386
2020-07-28 03:50,20169
2020-07-28 03:55,19922
2020-07-28 04:00,19651
2020-07-28 04:05,19331
2020-07-28 04:10,19184
2020-07-28 04:15,18917
2020-07-28 04:20,18666
2020-07-28 04:25,18406
2020-07-28 04:30,18183
2020-07-28 04:35,17924
2020-07-28 04:40,17685
2020-07-28 04:45,17355
2020-07-28 04:50,17208
2020-07-28 04:55,16973
2020-07-28 05:00,16658
2020-07-28 05:05,16363
2020-07-28 05:10,16019
2020-07-28 05:15,15837
2020-07-28 05:20,15699
2020-07-28 05:25,15498
2020-07-28 05:30,15256
2020-07-28 05:35,14923
2020-07-28 05:40,14651
2020-07-28 05:45,14397
2020-07-28 05:50,14129
2020-07-28 05:55,13865
2020-07-28 06:00,13640
2020-07-28 06:05,13392
2020-07-28 06:10,13093
2020-07-28 06:15,12755
2020-07-28 06:20,12581
2020-07-28 06:25,12340
2020-07-28 06:30,12076
2020-07-28 06:35,11757
2020-07-28 06:40,11449
2020-07-28 06:45,11234
2020-07-28 06:50,11060
2020-07-28 06:55,10878
2020-07-28 07:00,10669
2020-07-28 07:05,10517
2020-07-28 07:10,10287
2020-07-28 07:15,10096
2020-07-28 07:20,9905
2020-07-28 07:25,9779
2020-07-28 07:30,9686
2020-07-28 07:35,9584
2020-07-28 07:40,9401
2020-07-28 07:45,9308
2020-07-28 07:50,9152
2020-07-28 07:55,9059
2020-07-28 08:00,8896
2020-07-28 08:05,8752
2020-07-28 08:10,8636
2020-07-28 08:15,8519
2020-07-28 08:20,8370
2020-07-28 08:25,8230
2020-07-28 08:30,8195
2020-07-28 08:35,8100
2020-07-28 08:40,8086
2020-07-28 08:45,8034
2020-07-28 08:50,7986
2020-07-28 08:55,7931
2020-07-28 09:00,7903
2020-07-28 09:05,7861
2020-07-28 09:10,7840
2020-07-28 09:15,7884
2020-07-28 09:20,7909
2020-07-28 09:25,7930
2020-07-28 09:30,7900
2020-07-28 09:35,7887
2020-07-28 09:40,7821
2020-07-28 09:45,7769
2020-07-28 09:50,7687
2020-07-28 09:55,7683
2020-07-28 10:00,7633
2020-07-28 10:05,7548
2020-07-28 10:10,7445
2020-07-28 10:15,7398
2020-07-28 10:20,7366
2020-07-28 10:25,7226
2020-07-28 10:30,7163
2020-07-28 10:35,7112
2020-07-28 10:40,5851
2020-07-28 10:45,4859
2020-07-28 10:50,3961
2020-07-28 10:55,3210
2020-07-28 11:00,2693
2020-07-28 11:05,2385
2020-07-28 11:10,2108
2020-07-28 11:15,2105
2020-07-28 11:20,2041
2020-07-28 11:25,2044
2020-07-28 11:30,2015
2020-07-28 11:35,2007
2020-07-28 11:40,2048
2020-07-28 11:45,2059
2020-07-28 11:50,2094
2020-07-28 11:55,2132
2020-07-28 12:00,2111
2020-07-28 12:05,2725
2020-07-28 12:10,3633
2020-07-28 12:15,4352
2020-07-28 12:20,5036
2020-07-28 12:25,5705
2020-07-28 12:30,6310
2020-07-28 12:35,6836
2020-07-28 12:40,7395
2020-07-28 12:45,7913
2020-07-28 12:50,8422
2020-07-28 12:55,8804
2020-07-28 13:00,9202
2020-07-28 13:05,9555
2020-07-28 13:10,9876
2020-07-28 13:15,10251
2020-07-28 13:20,10569
2020-07-28 13:25,10879
2020-07-28 13:30,11112
2020-07-28 13:35,11347
2020-07-28 13:40,11611
2020-07-28 13:45,11814
2020-07-28 13:50,12010
2020-07-28 13:55,12242
2020-07-28 14:00,12472
2020-07-28 14:05,12651
2020-07-28 14:10,12788
2020-07-28 14:15,12955
2020-07-28 14:20,13150
2020-07-28 14:25,13341
2020-07-28 14:30,13499
2020-07-28 14:35,13659
2020-07-28 14:40,13853
2020-07-28 14:45,14026
2020-07-28 14:50,14162
2020-07-28 14:55,14355
2020-07-28 15:00,14422
2020-07-28 15:05,14449
2020-07-28 15:10,14584
2020-07-28 15:15,14758
2020-07-28 15:20,14829
2020-07-28 15:25,14889
2020-07-28 15:30,14981
2020-07-28 15:35,15052
2020-07-28 15:40,15193
2020-07-28 15:45,15265
2020-07-28 15:50,15321
2020-07-28 15:55,15437
2020-07-28 16:00,15515
2020-07-28 16:05,15586
2020-07-28 16:10,15739
2020-07-28 16:15,15829
2020-07-28 16:20,15936
2020-07-28 16:25,16054
2020-07-28 16:30,16151
2020-07-28 16:35,16298
2020-07-28 16:40,16530
2020-07-28 16:45,16635
2020-07-28 16:50,16817
2020-07-28 16:55,16913
2020-07-28 17:00,17028
2020-07-28 17:05,17078
2020-07-28 17:10,17163
2020-07-28 17:15,17316
2020-07-28 17:20,17478
2020-07-28 17:25,17667
2020-07-28 17:30,17824
2020-07-28 17:35,17970
2020-07-28 17:40,18151
2020-07-28 17:45,18307
2020-07-28 17:50,18488
2020-07-28 17:55,18657
2020-07-28 18:00,18874
2020-07-28 18:05,19039
2020-07-28 18:10,19290
2020-07-28 18:15,19549
2020-07-28 18:20,19704
2020-07-28 18:25,20021
2020-07-28 18:30,20127
2020-07-28 18:35,20243
2020-07-28 18:40,20402
2020-07-28 18:45,20505
2020-07-28 18:50,20612
2020-07-28 18:55,20735
2020-07-28 19:00,20937
2020-07-28 19:05,21185
2020-07-28 19:10,21340
2020-07-28 19:15,21417
2020-07-28 19:20,21630
2020-07-28 19:25,21759
2020-07-28 19:30,21920
2020-07-28 19:35,21987
2020-07-28 19:40,22037
2020-07-28 19:45,22088
2020-07-28 19:50,22222
2020-07-28 19:55,22180
2020-07-28 20:00,21860
2020-07-28 20:05,20930
2020-07-28 20:10,20702
2020-07-28 20:15,20622
2020-07-28 20:20,19703
2020-07-28 20:25,18256
2020-07-28 20:30,17954
2020-07-28 20:35,18084
2020-07-28 20:40,18641
2020-07-28 20:45,19265
2020-07-28 20:50,19704
2020-07-28 20:55,20003
2020-07-28 21:00,20416
2020-07-28 21:05,20741
2020-07-28 21:10,21025
2020-07-28 21:15,21279
2020-07-28 21:20,21458
2020-07-28 21:25,21649
2020-07-28 21:30,21916
2020-07-28 21:35,21986
2020-07-28 21:40,22040
2020-07-28 21:45,22119
2020-07-28 21:50,22110
2020-07-28 21:55,22135
2020-07-28 22:00,22163
2020-07-28 22:05,22129
2020-07-28 22:10,22134
2020-07-28 22:15,22143
2020-07-28 22:20,22051
2020-07-28 22:25,22002
2020-07-28 22:30,21981
2020-07-28 22:35,21972
2020-07-28 22:40,21976
2020-07-28 22:45,22016
2020-07-28 22:50,22033
2020-07-28 22:55,21969
2020-07-28 23:00,21977
2020-07-28 23:05,21894
2020-07-28 23:10,0
2020-07-28 23:15,19213
2020-07-28 23:20,21231
2020-07-28 23:25,21701
2020-07-28 23:30,21666
2020-07-28 23:35,21692
2020-07-28 23:40,21716
2020-07-28 23:45,21765
2020-07-28 23:50,21655
2020-07-28 23:55,21628
2020-07-29 00:00,21704
2020-07-29 00:05,21758
2020-07-29 00:10,21776
2020-07-29 00:15,21727
2020-07-29 00:20,21792
2020-07-29 00:25,21834
2020-07-29 00:30,21776
2020-07-29 00:35,21849
2020-07-29 00:40,21980
2020-07-29 00:45,22134
2020-07-29 00:50,22125
2020-07-29 00:55,22118
2020-07-29 01:00,22159
2020-07-29 01:05,22220
2020-07-29 01:10,22292
2020-07-29 01:15,22374
2020-07-29 01:20,22365
2020-07-29 01:25,22441
2020-07-29 01:30,22475
2020-07-29 01:35,22552
2020-07-29 01:40,22562
2020-07-29 01:45,22518
2020-07-29 01:50,22597
2020-07-29 01:55,22571
2020-07-29 02:00,22635
2020-07-29 02:05,22601
2020-07-29 02:10,22591
2020-07-29 02:15,22569
2020-07-29 02:20,22605
2020-07-29 02:25,22513
2020-07-29 02:30,22415
2020-07-29 02:35,22395
2020-07-29 02:40,22383
2020-07-29 02:45,22343
2020-07-29 02:50,22288
2020-07-29 02:55,22185
2020-07-29 03:00,22086
2020-07-29 03:05,21968
2020-07-29 03:10,21725
2020-07-29 03:15,21587
2020-07-29 03:20,21348
2020-07-29 03:25,21162
2020-07-29 03:30,21016
2020-07-29 03:35,20876
2020-07-29 03:40,20663
2020-07-29 03:45,20475
2020-07-29 03:50,20291
2020-07-29 03:55,20057
2020-07-29 04:00,19848
2020-07-29 04:05,19580
2020-07-29 04:10,19271
2020-07-29 04:15,19033
2020-07-29 04:20,18853
2020-07-29 04:25,18582
2020-07-29 04:30,18320
2020-07-29 04:35,18120
2020-07-29 04:40,17971
2020-07-29 04:45,17784
2020-07-29 04:50,17515
2020-07-29 04:55,17211
2020-07-29 05:00,16798
2020-07-29 05:05,16435
2020-07-29 05:10,16062
2020-07-29 05:15,15860
2020-07-29 05:20,15625
2020-07-29 05:25,15365
2020-07-29 05:30,15076
2020-07-29 05:35,14808
2020-07-29 05:40,14639
2020-07-29 05:45,14410
2020-07-29 05:50,14176
2020-07-29 05:55,13969
2020-07-29 06:00,13630
2020-07-29 06:05,13320
2020-07-29 06:10,13054
2020-07-29 06:15,12873
2020-07-29 06:20,12641
2020-07-29 06:25,12385
2020-07-29 06:30,12121
2020-07-29 06:35,11959
2020-07-29 06:40,11824
2020-07-29 06:45,11594
2020-07-29 06:50,11363
2020-07-29 06:55,11192
2020-07-29 07:00,10964
2020-07-29 07:05,10584
2020-07-29 07:10,10240
2020-07-29 07:15,9969
2020-07-29 07:20,9602
2020-07-29 07:25,9236
2020-07-29 07:30,8847
2020-07-29 07:35,7360
2020-07-29 07:40,6053
2020-07-29 07:45,4908
2020-07-29 07:50,3733
2020-07-29 07:55,2919
2020-07-29 08:00,2463
2020-07-29 08:05,2060
2020-07-29 08:10,1999
2020-07-29 08:15,1990
2020-07-29 08:20,2019
2020-07-29 08:25,2493
2020-07-29 08:30,2955
2020-07-29 08:35,3457
2020-07-29 08:40,3897
2020-07-29 08:45,4354
2020-07-29 08:50,4696
2020-07-29 08:55,5051
2020-07-29 09:00,5360
2020-07-29 09:05,5755
2020-07-29 09:10,6134
2020-07-29 09:15,6381
2020-07-29 09:20,6606
2020-07-29 09:25,6815
2020-07-29 09:30,7015
2020-07-29 09:35,7153
2020-07-29 09:40,7270
2020-07-29 09:45,7402
2020-07-29 09:50,7523
2020-07-29 09:55,7609
2020-07-29 10:00,7692
2020-07-29 10:05,7771
2020-07-29 10:10,7869
2020-07-29 10:15,7915
2020-07-29 10:20,7981
2020-07-29 10:25,8079
2020-07-29 10:30,8160
2020-07-29 10:35,8173
2020-07-29 10:40,8242
2020-07-29 10:45,8321
2020-07-29 10:50,8385
2020-07-29 10:55,8476
2020-07-29 11:00,8552
2020-07-29 11:05,8681
2020-07-29 11:10,8717
2020-07-29 11:15,8822
2020-07-29 11:20,8885
2020-07-29 11:25,8917
2020-07-29 11:30,9022
2020-07-29 11:35,9048
2020-07-29 11:40,9161
2020-07-29 11:45,9210
2020-07-29 11:50,9240
2020-07-29 11:55,9289
2020-07-29 12:00,9328
2020-07-29 12:05,9358
2020-07-29 12:10,9503
2020-07-29 12:15,9597
2020-07-29 12:20,9648
2020-07-29 12:25,9720
2020-07-29 12:30,9805
2020-07-29 12:35,9943
2020-07-29 12:40,10021
2020-07-29 12:45,10107
2020-07-29 12:50,10246
2020-07-29 12:55,10288
2020-07-29 13:00,10442
2020-07-29 13:05,10650
2020-07-29 13:10,10761
2020-07-29 13:15,10860
2020-07-29 13:20,11066
2020-07-29 13:25,11175
2020-07-29 13:30,11381
2020-07-29 13:35,11472
2020-07-29 13:40,11621
2020-07-29 13:45,11763
2020-07-29 13:50,11924
2020-07-29 13:55,12076
2020-07-29 14:00,12166
2020-07-29 14:05,12296
2020-07-29 14:10,12331
2020-07-29 14:15,12413
2020-07-29 14:20,12502
2020-07-29 14:25,12681
2020-07-29 14:30,12780
2020-07-29 14:35,12918
2020-07-29 14:40,13047
2020-07-29 14:45,13244
2020-07-29 14:50,13279
2020-07-29 14:55,13446
2020-07-29 15:00,13443
2020-07-29 15:05,13574
2020-07-29 15:10,13731
2020-07-29 15:15,13800
2020-07-29 15:20,13918
2020-07-29 15:25,14052
2020-07-29 15:30,14244
2020-07-29 15:35,14349
2020-07-29 15:40,14529
2020-07-29 15:45,14655
2020-07-29 15:50,14827
2020-07-29 15:55,14957
2020-07-29 16:00,15105
2020-07-29 16:05,15145
2020-07-29 16:10,15258
2020-07-29 16:15,15411
2020-07-29 16:20,15514
2020-07-29 16:25,15641
2020-07-29 16:30,15738
2020-07-29 16:35,
2020-07-29 16:40,16035
2020-07-29 16:45,16125
2020-07-29 16:50,16228
2020-07-29 16:55,16364
2020-07-29 17:00,16435
2020-07-29 17:05,16596
2020-07-29 17:10,16761
2020-07-29 17:15,16943
2020-07-29 17:20,17068
2020-07-29 17:25,17186
2020-07-29 17:30,17329
2020-07-29 17:35,17462
2020-07-29 17:40,17475
2020-07-29 17:45,17804
2020-07-29 17:50,18023
2020-07-29 17:55,18180
2020-07-29 18:00,18357
2020-07-29 18:05,18563
2020-07-29 18:10,18857
2020-07-29 18:15,19016
2020-07-29 18:20,19166
2020-07-29 18:25,19323
2020-07-29 18:30,19505
2020-07-29 18:35,19657
2020-07-29 18:40,19916
2020-07-29 18:45,20185
2020-07-29 18:50,20287
2020-07-29 18:55,20419
2020-07-29 19:00,20568
2020-07-29 19:05,20758
2020-07-29 19:10,20999
2020-07-29 19:15,21128
2020-07-29 19:20,21200
2020-07-29 19:25,21394
2020-07-29 19:30,21495
2020-07-29 19:35,21678
2020-07-29 19:40,21773
2020-07-29 19:45,21900
2020-07-29 19:50,22003
2020-07-29 19:55,21997
2020-07-29 20:00,22064
2020-07-29 20:05,22185
2020-07-29 20:10,22268
2020-07-29 20:15,22302
2020-07-29 20:20,22382
2020-07-29 20:25,22451
2020-07-29 20:30,22402
2020-07-29 20:35,22306
2020-07-29 20:40,22278
2020-07-29 20:45,22411
2020-07-29 20:50,22453
2020-07-29 20:55,22445
2020-07-29 21:00,22370
2020-07-29 21:05,22242
2020-07-29 21:10,22339
2020-07-29 21:15,22374
2020-07-29 21:20,22336
2020-07-29 21:25,22222
2020-07-29 21:30,22242
2020-07-29 21:35,22181
2020-07-29 21:40,22162
2020-07-29 21:45,22003
2020-07-29 21:50,21962
2020-07-29 21:55,21842
2020-07-29 22:00,21770
2020-07-29 22:05,21702
2020-07-29 22:10,21750
2020-07-29 22:15,21704
2020-07-29 22:20,21679
2020-07-29 22:25,21594
2020-07-29 22:30,21568
2020-07-29 22:35,21577
2020-07-29 22:40,21588
2020-07-29 22:45,21533
2020-07-29 22:50,21529
2020-07-29 22:55,21422
2020-07-29 23:00,21412
2020-07-29 23:05,21324
2020-07-29 23:10,21429
2020-07-29 23:15,21376
2020-07-29 23:20,21322
2020-07-29 23:25,21259
2020-07-29 23:30,
2020-07-29 23:35,
2020-07-29 23:40,20973
2020-07-29 23:45,21008
2020-07-29 23:50,21050
2020-07-29 23:55,21003
2020-07-30 00:00,20980
2020-07-30 00:05,21068
2020-07-30 00:10,21031
2020-07-30 00:15,20959
2020-07-30 00:20,20957
2020-07-30 00:25,21007
2020-07-30 00:30,21100
2020-07-30 00:35,21177
2020-07-30 00:40,21222
2020-07-30 00:45,21221
2020-07-30 00:50,21339
2020-07-30 00:55,21441
2020-07-30 01:00,21325
2020-07-30 01:05,21436
2020-07-30 01:10,21543
2020-07-30 01:15,21708
2020-07-30 01:20,21887
2020-07-30 01:25,22035
2020-07-30 01:30,22194
2020-07-30 01:35,22307
2020-07-30 01:40,22121
2020-07-30 01:45,22131
2020-07-30 01:50,22063
2020-07-30 01:55,22047
2020-07-30 02:00,22046
2020-07-30 02:05,22065
2020-07-30 02:10,22044
2020-07-30 02:15,21998
2020-07-30 02:20,22049
2020-07-30 02:25,21986
2020-07-30 02:30,22011
2020-07-30 02:35,22022
2020-07-30 02:40,22036
2020-07-30 02:45,21901
2020-07-30 02:50,21828
2020-07-30 02:55,21692
2020-07-30 03:00,21314
2020-07-30 03:05,19882
2020-07-30 03:10,18348
2020-07-30 03:15,17355
2020-07-30 03:20,17449
2020-07-30 03:25,17553
2020-07-30 03:30,17721
2020-07-30 03:35,17803
2020-07-30 03:40,17990
2020-07-30 03:45,18020
2020-07-30 03:50,18037
2020-07-30 03:55,18041
2020-07-30 04:00,18015
2020-07-30 04:05,17962
2020-07-30 04:10,17928
2020-07-30 04:15,17902
2020-07-30 04:20,17821
2020-07-30 04:25,17700
2020-07-30 04:30,17539
2020-07-30 04:35,17422
2020-07-30 04:40,17246
2020-07-30 04:45,17011
2020-07-30 04:50,16794
2020-07-30 04:55,16617
2020-07-30 05:00,16456
2020-07-30 05:05,16284
2020-07-30 05:10,15966
2020-07-30 05:15,15660
2020-07-30 05:20,15402
2020-07-30 05:25,15209
2020-07-30 05:30,14926
2020-07-30 05:35,14658
2020-07-30 05:40,14399
2020-07-30 05:45,14110
2020-07-30 05:50,13862
2020-07-30 05:55,13679
2020-07-30 06:00,13390
2020-07-30 06:05,13165
2020-07-30 06:10,12927
2020-07-30 06:15,12630
2020-07-30 06:20,12390
2020-07-30 06:25,12138
2020-07-30 06:30,11858
2020-07-30 06:35,11527
2020-07-30 06:40,11270
2020-07-30 06:45,11099
2020-07-30 06:50,10895
2020-07-30 06:55,10579
2020-07-30 07:00,10361
2020-07-30 07:05,9957
2020-07-30 07:10,9697
2020-07-30 07:15,9497
2020-07-30 07:20,9198
2020-07-30 07:25,8955
2020-07-30 07:30,8693
2020-07-30 07:35,7407
2020-07-30 07:40,6041
2020-07-30 07:45,4724
2020-07-30 07:50,3647
2020-07-30 07:55,2930
2020-07-30 08:00,2500
2020-07-30 08:05,1965
2020-07-30 08:10,1875
2020-07-30 08:15,1845
2020-07-30 08:20,2273
2020-07-30 08:25,2852
2020-07-30 08:30,3378
2020-07-30 08:35,3841
2020-07-30 08:40,4285
2020-07-30 08:45,4650
2020-07-30 08:50,5036
2020-07-30 08:55,5330
2020-07-30 09:00,5624
2020-07-30 09:05,5946
2020-07-30 09:10,6202
2020-07-30 09:15,6440
2020-07-30 09:20,6681
2020-07-30 09:25,6871
2020-07-30 09:30,7040
2020-07-30 09:35,7120
2020-07-30 09:40,7267
2020-07-30 09:45,7455
2020-07-30 09:50,7551
2020-07-30 09:55,7697
2020-07-30 10:00,7796
2020-07-30 10:05,7891
2020-07-30 10:10,7925
2020-07-30 10:15,7944
2020-07-30 10:20,8035
2020-07-30 10:25,8080
2020-07-30 10:30,8105
2020-07-30 10:35,8227
2020-07-30 10:40,8234
2020-07-30 10:45,8226
2020-07-30 10:50,8260
2020-07-30 10:55,8316
2020-07-30 11:00,8309
2020-07-30 11:05,8353
2020-07-30 11:10,8481
2020-07-30 11:15,8553
2020-07-30 11:20,8636
2020-07-30 11:25,8746
2020-07-30 11:30,8793
2020-07-30 11:35,8777
2020-07-30 11:40,8886
2020-07-30 11:45,8938
2020-07-30 11:50,8975
2020-07-30 11:55,9006
2020-07-30 12:00,9082
2020-07-30 12:05,9148
2020-07-30 12:10,9270
2020-07-30 12:15,9338
2020-07-30 12:20,9361
2020-07-30 12:25,9404
2020-07-30 12:30,9426
2020-07-30 12:35,9593
2020-07-30 12:40,9667
2020-07-30 12:45,9800
2020-07-30 12:50,9990
2020-07-30 12:55,10121
2020-07-30 13:00,10201
2020-07-30 13:05,10354
2020-07-30 13:10,10542
2020-07-30 13:15,10629
2020-07-30 13:20,10739
2020-07-30 13:25,10932
2020-07-30 13:30,11044
2020-07-30 13:35,11174
2020-07-30 13:40,11315
2020-07-30 13:45,11485
2020-07-30 13:50,11605
2020-07-30 13:55,11679
2020-07-30 14:00,11821
2020-07-30 14:05,11960
2020-07-30 14:10,12198
2020-07-30 14:15,12356
2020-07-30 14:20,12553
2020-07-30 14:25,12764
2020-07-30 14:30,12855
2020-07-30 14:35,13049
2020-07-30 14:40,13230
2020-07-30 14:45,13301
2020-07-30 14:50,13415
2020-07-30 14:55,13467
2020-07-30 15:00,13585
2020-07-30 15:05,13741
2020-07-30 15:10,13897
2020-07-30 15:15,13921
2020-07-30 15:20,14044
2020-07-30 15:25,14121
2020-07-30 15:30,14180
2020-07-30 15:35,14297
2020-07-30 15:40,14378
2020-07-30 15:45,14400
2020-07-30 15:50,14517
2020-07-30 15:55,
2020-07-30 16:00,14657
2020-07-30 16:05,14764
2020-07-30 16:10,14880
2020-07-30 16:15,15063
2020-07-30 16:20,15171
2020-07-30 16:25,15394
2020-07-30 16:30,15553
2020-07-30 16:35,15701
2020-07-30 16:40,15892
2020-07-30 16:45,15947
2020-07-30 16:50,16109
2020-07-30 16:55,16266
2020-07-30 17:00,16413
2020-07-30 17:05,16501
2020-07-30 17:10,16690
2020-07-30 17:15,16858
2020-07-30 17:20,16996
2020-07-30 17:25,17191
2020-07-30 17:30,17366
2020-07-30 17:35,17507
2020-07-30 17:40,17660
2020-07-30 17:45,17837
2020-07-30 17:50,18075
2020-07-30 17:55,18254
2020-07-30 18:00,18365
2020-07-30 18:05,18477
2020-07-30 18:10,18617
2020-07-30 18:15,18812
2020-07-30 18:20,19003
2020-07-30 18:25,19146
2020-07-30 18:30,19261
2020-07-30 18:35,19385
2020-07-30 18:40,19506
2020-07-30 18:45,19587
2020-07-30 18:50,19739
2020-07-30 18:55,19850
2020-07-30 19:00,20004
2020-07-30 19:05,20187
2020-07-30 19:10,20362
2020-07-30 19:15,20503
2020-07-30 19:20,20681
2020-07-30 19:25,20762
2020-07-30 19:30,20928
2020-07-30 19:35,21052
2020-07-30 19:40,21152
2020-07-30 19:45,21269
2020-07-30 19:50,21403
2020-07-30 19:55,21456
2020-07-30 20:00,21514
2020-07-30 20:05,21561
2020-07-30 20:10,21592
2020-07-30 20:15,21675
2020-07-30 20:20,21761
2020-07-30 20:25,21923
2020-07-30 20:30,21912
2020-07-30 20:35,21998
2020-07-30 20:40,22025
2020-07-30 20:45,22032
2020-07-30 20:50,21999
2020-07-30 20:55,21960
2020-07-30 21:00,21873
2020-07-30 21:05,21938
2020-07-30 21:10,21926
2020-07-30 21:15,21958
2020-07-30 21:20,22074
2020-07-30 21:25,22012
2020-07-30 21:30,21959
2020-07-30 21:35,21941
2020-07-30 21:40,22024
2020-07-30 21:45,21953
2020-07-30 21:50,21858
2020-07-30 21:55,21741
2020-07-30 22:00,21540
2020-07-30 22:05,21380
2020-07-30 22:10,21196
2020-07-30 22:15,21267
2020-07-30 22:20,21218
2020-07-30 22:25,21063
2020-07-30 22:30,21044
2020-07-30 22:35,21020
2020-07-30 22:40,20912
2020-07-30 22:45,20849
2020-07-30 22:50,20826
2020-07-30 22:55,20726
2020-07-30 23:00,20736
2020-07-30 23:05,20705
2020-07-30 23:10,20693
2020-07-30 23:15,20619
2020-07-30 23:20,20584
2020-07-30 23:25,20579
2020-07-30 23:30,20464
2020-07-30 23:35,20433
2020-07-30 23:40,20438
2020-07-30 23:45,20407
2020-07-30 23:50,20402
2020-07-30 23:55,20474
2020-07-31 00:00,20426
2020-07-31 00:05,20466
2020-07-31 00:10,20570
2020-07-31 00:15,20516
2020-07-31 00:20,20492
2020-07-31 00:25,20518
2020-07-31 00:30,20565
2020-07-31 00:35,20676
2020-07-31 00:40,20814
2020-07-31 00:45,20798
2020-07-31 00:50,20827
2020-07-31 00:55,20859
2020-07-31 01:00,20903
2020-07-31 01:05,20975
2020-07-31 01:10,21084
2020-07-31 01:15,21117
2020-07-31 01:20,21256
2020-07-31 01:25,21318
2020-07-31 01:30,21354
2020-07-31 01:35,21419
2020-07-31 01:40,21547
2020-07-31 01:45,21631
2020-07-31 01:50,21663
2020-07-31 01:55,21743
2020-07-31 02:00,21834
2020-07-31 02:05,21860
2020-07-31 02:10,21792
2020-07-31 02:15,21815
2020-07-31 02:20,21821
2020-07-31 02:25,21812
2020-07-31 02:30,21718
2020-07-31 02:35,21633
2020-07-31 02:40,21540
2020-07-31 02:45,21479
2020-07-31 02:50,21459
2020-07-31 02:55,21358
2020-07-31 03:00,21142
2020-07-31 03:05,21002
2020-07-31 03:10,20873
2020-07-31 03:15,20743
2020-07-31 03:20,20623
2020-07-31 03:25,20452
2020-07-31 03:30,20319
2020-07-31 03:35,20104
2020-07-31 03:40,19991
2020-07-31 03:45,19851
2020-07-31 03:50,19698
2020-07-31 03:55,19559
2020-07-31 04:00,19429
2020-07-31 04:05,19237
2020-07-31 04:10,18934
2020-07-31 04:15,18651
2020-07-31 04:20,18455
2020-07-31 04:25,18303
2020-07-31 04:30,18074
2020-07-31 04:35,17907
2020-07-31 04:40,17757
2020-07-31 04:45,17587
2020-07-31 04:50,17290
2020-07-31 04:55,16992
2020-07-31 05:00,16729
2020-07-31 05:05,16465
2020-07-31 05:10,16113
2020-07-31 05:15,15905
2020-07-31 05:20,15619
2020-07-31 05:25,15335
2020-07-31 05:30,15007
2020-07-31 05:35,14696
2020-07-31 05:40,14347
2020-07-31 05:45,14064
2020-07-31 05:50,13790
2020-07-31 05:55,13569
2020-07-31 06:00,13373
2020-07-31 06:05,13044
2020-07-31 06:10,12769
2020-07-31 06:15,12531
2020-07-31 06:20,12266
2020-07-31 06:25,11999
2020-07-31 06:30,11817
2020-07-31 06:35,11581
2020-07-31 06:40,11345
2020-07-31 06:45,11142
2020-07-31 06:50,10959
2020-07-31 06:55,10793
2020-07-31 07:00,10625
2020-07-31 07:05,10463
2020-07-31 07:10,10271
2020-07-31 07:15,10067
2020-07-31 07:20,9978
2020-07-31 07:25,9796
2020-07-31 07:30,9642
2020-07-31 07:35,9497
2020-07-31 07:40,9402
2020-07-31 07:45,9290
2020-07-31 07:50,9197
2020-07-31 07:55,9070
2020-07-31 08:00,8842
2020-07-31 08:05,8682
2020-07-31 08:10,8616
2020-07-31 08:15,8568
2020-07-31 08:20,8521
2020-07-31 08:25,8424
2020-07-31 08:30,8309
2020-07-31 08:35,8266
2020-07-31 08:40,8186
2020-07-31 08:45,8157
2020-07-31 08:50,8147
2020-07-31 08:55,8066
2020-07-31 09:00,8012
2020-07-31 09:05,8023
2020-07-31 09:10,8015
2020-07-31 09:15,8008
2020-07-31 09:20,7982
2020-07-31 09:25,7990
2020-07-31 09:30,7992
2020-07-31 09:35,7977
2020-07-31 09:40,8001
2020-07-31 09:45,8016
2020-07-31 09:50,8036
2020-07-31 09:55,8061
2020-07-31 10:00,8069
2020-07-31 10:05,8087
2020-07-31 10:10,8068
2020-07-31 10:15,8051
2020-07-31 10:20,8051
2020-07-31 10:25,8067
2020-07-31 10:30,8099
2020-07-31 10:35,8112
2020-07-31 10:40,8182
2020-07-31 10:45,8198
2020-07-31 10:50,8288
2020-07-31 10:55,8362
2020-07-31 11:00,8406
2020-07-31 11:05,8458
2020-07-31 11:10,8504
2020-07-31 11:15,8569
2020-07-31 11:20,8630
2020-07-31 11:25,8696
2020-07-31 11:30,8759
2020-07-31 11:35,8822
2020-07-31 11:40,8833
2020-07-31 11:45,8939
2020-07-31 11:50,9037
2020-07-31 11:55,9102
2020-07-31 12:00,9177
2020-07-31 12:05,9222
2020-07-31 12:10,9299
2020-07-31 12:15,9342
2020-07-31 12:20,9472
2020-07-31 12:25,9540
2020-07-31 12:30,9590
2020-07-31 12:35,9711
2020-07-31 12:40,9827
2020-07-31 12:45,9959
2020-07-31 12:50,10067
2020-07-31 12:55,10178
2020-07-31 13:00,10334
2020-07-31 13:05,10447
2020-07-31 13:10,10534
2020-07-31 13:15,10663
2020-07-31 13:20,10765
2020-07-31 13:25,10954
2020-07-31 13:30,11042
2020-07-31 13:35,11162
2020-07-31 13:40,11334
2020-07-31 13:45,11485
2020-07-31 13:50,11645
2020-07-31 13:55,11765
2020-07-31 14:00,11833
2020-07-31 14:05,11857
2020-07-31 14:10,11969
2020-07-31 14:15,12083
2020-07-31 14:20,12203
2020-07-31 14:25,12314
2020-07-31 14:30,12446
2020-07-31 14:35,12589
2020-07-31 14:40,12723
2020-07-31 14:45,12858
2020-07-31 14:50,12929
2020-07-31 14:55,13021
2020-07-31 15:00,13203
2020-07-31 15:05,13201
2020-07-31 15:10,13322
2020-07-31 15:15,13503
2020-07-31 15:20,13610
2020-07-31 15:25,13750
2020-07-31 15:30,13849
2020-07-31 15:35,13951
2020-07-31 15:40,13994
2020-07-31 15:45,14131
2020-07-31 15:50,14203
2020-07-31 15:55,14304
2020-07-31 16:00,14382
2020-07-31 16:05,14372
2020-07-31 16:10,14458
2020-07-31 16:15,14590
2020-07-31 16:20,14757
2020-07-31 16:25,14832
2020-07-31 16:30,14873
2020-07-31 16:35,15014
2020-07-31 16:40,15129
2020-07-31 16:45,15276
2020-07-31 16:50,15365
2020-07-31 16:55,15448
2020-07-31 17:00,15529
2020-07-31 17:05,15650
2020-07-31 17:10,15812
2020-07-31 17:15,15870
2020-07-31 17:20,15995
2020-07-31 17:25,16071
2020-07-31 17:30,16158
2020-07-31 17:35,16312
2020-07-31 17:40,16399
2020-07-31 17:45,16548
2020-07-31 17:50,16647
2020-07-31 17:55,16731
2020-07-31 18:00,16905
2020-07-31 18:05,16988
2020-07-31 18:10,17092
2020-07-31 18:15,17266
2020-07-31 18:20,17428
2020-07-31 18:25,17636
2020-07-31 18:30,17769
2020-07-31 18:35,17978
2020-07-31 18:40,18191
2020-07-31 18:45,18317
2020-07-31 18:50,18472
2020-07-31 18:55,18554
2020-07-31 19:00,18770
2020-07-31 19:05,18858
2020-07-31 19:10,18912
2020-07-31 19:15,19025
2020-07-31 19:20,19130
2020-07-31 19:25,19254
2020-07-31 19:30,19298
2020-07-31 19:35,19371
2020-07-31 19:40,19388
2020-07-31 19:45,19527
2020-07-31 19:50,19657
2020-07-31 19:55,19754
2020-07-31 20:00,19921
2020-07-31 20:05,20059
2020-07-31 20:10,20168
2020-07-31 20:15,20292
2020-07-31 20:20,20344
2020-07-31 20:25,20395
2020-07-31 20:30,20441
2020-07-31 20:35,20524
2020-07-31 20:40,20644
2020-07-31 20:45,20791
2020-07-31 20:50,20909
2020-07-31 20:55,20914
2020-07-31 21:00,20829
2020-07-31 21:05,20860
2020-07-31 21:10,20793
2020-07-31 21:15,20806
2020-07-31 21:20,20881
2020-07-31 21:25,20901
2020-07-31 21:30,20869
2020-07-31 21:35,20827
2020-07-31 21:40,20726
2020-07-31 21:45,20676
2020-07-31 21:50,20624
2020-07-31 21:55,20540
2020-07-31 22:00,20491
2020-07-31 22:05,20358
2020-07-31 22:10,20409
2020-07-31 22:15,20382
2020-07-31 22:20,20285
2020-07-31 22:25,20147
2020-07-31 22:30,20143
2020-07-31 22:35,20112
2020-07-31 22:40,20063
2020-07-31 22:45,20015
2020-07-31 22:50,19938
2020-07-31 22:55,20078
2020-07-31 23:00,20151
2020-07-31 23:05,20140
2020-07-31 23:10,20133
2020-07-31 23:15,20065
2020-07-31 23:20,20046
2020-07-31 23:25,20064
2020-07-31 23:30,20050
2020-07-31 23:35,20028
2020-07-31 23:40,19932
2020-07-31 23:45,18767
2020-07-31 23:50,18216
2020-07-31 23:55,17889
2020-08-01 00:00,17958
2020-08-01 00:05,18072
2020-08-01 00:10,18245
2020-08-01 00:15,18434
2020-08-01 00:20,18684
2020-08-01 00:25,18905
2020-08-01 00:30,19148
2020-08-01 00:35,19317
2020-08-01 00:40,19465
2020-08-01 00:45,19624
2020-08-01 00:50,19738
2020-08-01 00:55,19890
2020-08-01 01:00,19834
2020-08-01 01:05,19969
2020-08-01 01:10,20116
2020-08-01 01:15,20193
2020-08-01 01:20,20338
2020-08-01 01:25,20571
2020-08-01 01:30,20655
2020-08-01 01:35,20741
2020-08-01 01:40,20828
2020-08-01 01:45,20949
2020-08-01 01:50,21024
2020-08-01 01:55,21024
2020-08-01 02:00,21027
2020-08-01 02:05,21121
2020-08-01 02:10,21232
2020-08-01 02:15,21265
2020-08-01 02:20,21361
2020-08-01 02:25,21446
2020-08-01 02:30,21488
2020-08-01 02:35,21539
2020-08-01 02:40,21652
2020-08-01 02:45,21616
2020-08-01 02:50,20951
2020-08-01 02:55,19671
2020-08-01 03:00,19022
2020-08-01 03:05,18717
2020-08-01 03:10,18764
2020-08-01 03:15,18957
2020-08-01 03:20,19143
2020-08-01 03:25,19334
2020-08-01 03:30,19496
2020-08-01 03:35,19760
2020-08-01 03:40,19908
2020-08-01 03:45,20022
2020-08-01 03:50,20087
2020-08-01 03:55,20147
2020-08-01 04:00,20079
2020-08-01 04:05,20086
2020-08-01 04:10,20103
2020-08-01 04:15,20022
2020-08-01 04:20,20023
2020-08-01 04:25,19942
2020-08-01 04:30,19907
2020-08-01 04:35,19831
2020-08-01 04:40,19787
2020-08-01 04:45,19718
2020-08-01 04:50,19532
2020-08-01 04:55,19269
2020-08-01 05:00,18962
2020-08-01 05:05,18769
2020-08-01 05:10,18500
2020-08-01 05:15,18121
2020-08-01 05:20,17872
2020-08-01 05:25,17659
2020-08-01 05:30,17451
2020-08-01 05:35,17106
2020-08-01 05:40,16832
2020-08-01 05:45,16531
2020-08-01 05:50,16343
2020-08-01 05:55,16057
2020-08-01 06:00,15709
2020-08-01 06:05,15463
2020-08-01 06:10,15091
2020-08-01 06:15,14889
2020-08-01 06:20,14660
2020-08-01 06:25,14405
2020-08-01 06:30,14092
2020-08-01 06:35,13614
2020-08-01 06:40,13209
2020-08-01 06:45,12827
2020-08-01 06:50,12471
2020-08-01 06:55,12108
2020-08-01 07:00,11833
2020-08-01 07:05,11431
2020-08-01 07:10,11203
2020-08-01 07:15,10958
2020-08-01 07:20,10542
2020-08-01 07:25,10285
2020-08-01 07:30,9946
2020-08-01 07:35,7962
2020-08-01 07:40,6372
2020-08-01 07:45,4948
2020-08-01 07:50,3710
2020-08-01 07:55,3015
2020-08-01 08:00,2611
2020-08-01 08:05,2208
2020-08-01 08:10,2173
2020-08-01 08:15,2182
2020-08-01 08:20,2456
2020-08-01 08:25,2988
2020-08-01 08:30,3528
2020-08-01 08:35,4079
2020-08-01 08:40,4601
2020-08-01 08:45,5015
2020-08-01 08:50,5441
2020-08-01 08:55,5793
2020-08-01 09:00,6130
2020-08-01 09:05,6494
2020-08-01 09:10,6789
2020-08-01 09:15,7036
2020-08-01 09:20,7257
2020-08-01 09:25,7499
2020-08-01 09:30,7701
2020-08-01 09:35,7903
2020-08-01 09:40,8085
2020-08-01 09:45,8183
2020-08-01 09:50,8290
2020-08-01 09:55,8419
2020-08-01 10:00,8531
2020-08-01 10:05,8585
2020-08-01 10:10,8669
2020-08-01 10:15,8712
2020-08-01 10:20,8775
2020-08-01 10:25,8879
2020-08-01 10:30,8888
2020-08-01 10:35,8949
2020-08-01 10:40,9045
2020-08-01 10:45,9153
2020-08-01 10:50,9252
2020-08-01 10:55,9337
2020-08-01 11:00,9391
2020-08-01 11:05,9492
2020-08-01 11:10,9547
2020-08-01 11:15,9635
2020-08-01 11:20,9726
2020-08-01 11:25,9761
2020-08-01 11:30,9717
2020-08-01 11:35,9798
2020-08-01 11:40,9839
2020-08-01 11:45,9888
2020-08-01 11:50,9966
2020-08-01 11:55,10089
2020-08-01 12:00,10122
2020-08-01 12:05,10188
2020-08-01 12:10,10294
2020-08-01 12:15,10348
2020-08-01 12:20,10471
2020-08-01 12:25,10510
2020-08-01 12:30,10631
2020-08-01 12:35,10732
2020-08-01 12:40,10773
2020-08-01 12:45,10820
2020-08-01 12:50,10947
2020-08-01 12:55,11053
2020-08-01 13:00,11133
2020-08-01 13:05,11218
2020-08-01 13:10,11278
2020-08-01 13:15,11445
2020-08-01 13:20,11561
2020-08-01 13:25,11695
2020-08-01 13:30,11827
2020-08-01 13:35,11943
2020-08-01 13:40,12080
2020-08-01 13:45,12230
2020-08-01 13:50,12362
2020-08-01 13:55,12475
2020-08-01 14:00,12627
2020-08-01 14:05,12713
2020-08-01 14:10,12896
2020-08-01 14:15,13027
2020-08-01 14:20,13093
2020-08-01 14:25,13291
2020-08-01 14:30,13419
2020-08-01 14:35,13593
2020-08-01 14:40,13708
2020-08-01 14:45,13812
2020-08-01 14:50,13852
2020-08-01 14:55,13979
2020-08-01 15:00,14062
2020-08-01 15:05,14192
2020-08-01 15:10,14374
2020-08-01 15:15,14465
2020-08-01 15:20,14534
2020-08-01 15:25,14667
2020-08-01 15:30,14838
2020-08-01 15:35,14986
2020-08-01 15:40,15153
2020-08-01 15:45,15296
2020-08-01 15:50,15363
2020-08-01 15:55,15443
2020-08-01 16:00,15456
2020-08-01 16:05,15461
2020-08-01 16:10,15510
2020-08-01 16:15,15621
2020-08-01 16:20,15714
2020-08-01 16:25,15830
2020-08-01 16:30,15927
2020-08-01 16:35,15929
2020-08-01 16:40,16022
2020-08-01 16:45,16107
2020-08-01 16:50,16207
2020-08-01 16:55,16320
2020-08-01 17:00,16442
2020-08-01 17:05,16493
2020-08-01 17:10,16707
2020-08-01 17:15,16879
2020-08-01 17:20,16997
2020-08-01 17:25,17131
2020-08-01 17:30,17333
2020-08-01 17:35,17497
2020-08-01 17:40,17579
2020-08-01 17:45,17691
2020-08-01 17:50,17824
2020-08-01 17:55,17988
2020-08-01 18:00,18106
2020-08-01 18:05,18179
2020-08-01 18:10,18227
2020-08-01 18:15,18398
2020-08-01 18:20,18611
2020-08-01 18:25,18792
2020-08-01 18:30,18963
2020-08-01 18:35,19143
2020-08-01 18:40,19431
2020-08-01 18:45,19560
2020-08-01 18:50,19696
2020-08-01 18:55,
2020-08-01 19:00,19988
2020-08-01 19:05,20079
2020-08-01 19:10,20150
2020-08-01 19:15,20199
2020-08-01 19:20,20303
2020-08-01 19:25,20403
2020-08-01 19:30,20485
2020-08-01 19:35,20673
2020-08-01 19:40,20821
2020-08-01 19:45,20923
2020-08-01 19:50,21139
2020-08-01 19:55,21286
2020-08-01 20:00,21380
2020-08-01 20:05,21499
2020-08-01 20:10,21575
2020-08-01 20:15,21690
2020-08-01 20:20,21688
2020-08-01 20:25,21723
2020-08-01 20:30,21804
2020-08-01 20:35,21962
2020-08-01 20:40,21971
2020-08-01 20:45,21969
2020-08-01 20:50,22000
2020-08-01 20:55,22043
2020-08-01 21:00,22032
2020-08-01 21:05,22027
2020-08-01 21:10,22071
2020-08-01 21:15,22105
2020-08-01 21:20,22135
2020-08-01 21:25,22090
2020-08-01 21:30,22013
2020-08-01 21:35,22008
2020-08-01 21:40,21977
2020-08-01 21:45,21885
2020-08-01 21:50,21855
2020-08-01 21:55,21777
2020-08-01 22:00,21680
2020-08-01 22:05,21611
2020-08-01 22:10,21592
2020-08-01 22:15,21558
2020-08-01 22:20,21468
2020-08-01 22:25,21392
2020-08-01 22:30,21326
2020-08-01 22:35,21279
2020-08-01 22:40,21177
2020-08-01 22:45,21140
2020-08-01 22:50,21005
2020-08-01 22:55,20936
2020-08-01 23:00,20882
2020-08-01 23:05,20790
2020-08-01 23:10,20766
2020-08-01 23:15,20676
2020-08-01 23:20,20590
2020-08-01 23:25,20512
2020-08-01 23:30,20410
2020-08-01 23:35,20364
2020-08-01 23:40,20297
2020-08-01 23:45,20276
2020-08-01 23:50,20201
2020-08-01 23:55,20044
2020-08-02 00:00,20032
2020-08-02 00:05,19994
2020-08-02 00:10,19972
2020-08-02 00:15,19864
2020-08-02 00:20,19921
2020-08-02 00:25,19911
2020-08-02 00:30,19949
2020-08-02 00:35,19954
2020-08-02 00:40,19915
2020-08-02 00:45,19977
2020-08-02 00:50,20016
2020-08-02 00:55,19943
2020-08-02 01:00,19804
2020-08-02 01:05,19804
2020-08-02 01:10,19839
2020-08-02 01:15,19936
2020-08-02 01:20,20038
2020-08-02 01:25,20110
2020-08-02 01:30,20146
2020-08-02 01:35,20207
2020-08-02 01:40,20339
2020-08-02 01:45,20484
2020-08-02 01:50,20602
2020-08-02 01:55,20654
2020-08-02 02:00,20679
2020-08-02 02:05,20681
2020-08-02 02:10,20765
2020-08-02 02:15,20791
2020-08-02 02:20,20785
2020-08-02 02:25,20900
2020-08-02 02:30,21037
2020-08-02 02:35,21163
2020-08-02 02:40,21180
2020-08-02 02:45,21212
2020-08-02 02:50,21191
2020-08-02 02:55,21149
2020-08-02 03:00,21161
2020-08-02 03:05,21124
2020-08-02 03:10,21167
2020-08-02 03:15,21229
2020-08-02 03:20,21334
2020-08-02 03:25,21309
2020-08-02 03:30,21386
2020-08-02 03:35,21295
2020-08-02 03:40,21275
2020-08-02 03:45,21145
2020-08-02 03:50,21169
2020-08-02 03:55,21008
2020-08-02 04:00,20934
2020-08-02 04:05,20794
2020-08-02 04:10,20689
2020-08-02 04:15,20616
2020-08-02 04:20,20584
2020-08-02 04:25,20426
2020-08-02 04:30,20159
2020-08-02 04:35,19993
2020-08-02 04:40,19881
2020-08-02 04:45,19710
2020-08-02 04:50,19470
2020-08-02 04:55,19251
2020-08-02 05:00,19041
2020-08-02 05:05,18825
2020-08-02 05:10,18540
2020-08-02 05:15,18296
2020-08-02 05:20,18022
2020-08-02 05:25,17780
2020-08-02 05:30,17534
2020-08-02 05:35,17366
2020-08-02 05:40,17135
2020-08-02 05:45,16836
2020-08-02 05:50,16571
2020-08-02 05:55,16292
2020-08-02 06:00,16032
2020-08-02 06:05,15739
2020-08-02 06:10,15389
2020-08-02 06:15,15115
2020-08-02 06:20,14841
2020-08-02 06:25,14554
2020-08-02 06:30,14231
2020-08-02 06:35,14002
2020-08-02 06:40,13763
2020-08-02 06:45,13555
2020-08-02 06:50,13321
2020-08-02 06:55,13138
2020-08-02 07:00,12940
2020-08-02 07:05,12656
2020-08-02 07:10,12368
2020-08-02 07:15,12192
2020-08-02 07:20,12010
2020-08-02 07:25,11801
2020-08-02 07:30,11620
2020-08-02 07:35,11405
2020-08-02 07:40,11254
2020-08-02 07:45,11080
2020-08-02 07:50,10951
2020-08-02 07:55,10800
2020-08-02 08:00,10605
2020-08-02 08:05,10382
2020-08-02 08:10,10142
2020-08-02 08:15,10142
2020-08-02 08:20,9835
2020-08-02 08:25,9807
2020-08-02 08:30,9807
2020-08-02 08:35,9686
2020-08-02 08:40,9596
2020-08-02 08:45,9535
2020-08-02 08:50,9481
2020-08-02 08:55,9415
2020-08-02 09:00,9310
2020-08-02 09:05,9309
2020-08-02 09:10,9292
2020-08-02 09:15,9226
2020-08-02 09:20,9279
2020-08-02 09:25,9277
2020-08-02 09:30,9307
2020-08-02 09:35,9331
2020-08-02 09:40,9396
2020-08-02 09:45,9428
2020-08-02 09:50,9507
2020-08-02 09:55,9482
2020-08-02 10:00,9550
2020-08-02 10:05,9516
2020-08-02 10:10,9525
2020-08-02 10:15,9517
2020-08-02 10:20,9520
2020-08-02 10:25,9566
2020-08-02 10:30,9572
2020-08-02 10:35,9562
2020-08-02 10:40,9619
2020-08-02 10:45,9711
2020-08-02 10:50,9690
2020-08-02 10:55,9748
2020-08-02 11:00,9817
2020-08-02 11:05,9897
2020-08-02 11:10,9926
2020-08-02 11:15,10021
2020-08-02 11:20,10097
2020-08-02 11:25,10144
2020-08-02 11:30,10152
2020-08-02 11:35,10181
2020-08-02 11:40,10288
2020-08-02 11:45,10377
2020-08-02 11:50,10482
2020-08-02 11:55,10610
2020-08-02 12:00,10724
2020-08-02 12:05,10792
2020-08-02 12:10,10896
2020-08-02 12:15,10936
2020-08-02 12:20,11090
2020-08-02 12:25,11144
2020-08-02 12:30,11227
2020-08-02 12:35,11378
2020-08-02 12:40,11504
2020-08-02 12:45,11614
2020-08-02 12:50,11719
2020-08-02 12:55,11849
2020-08-02 13:00,11954
2020-08-02 13:05,12063
2020-08-02 13:10,12147
2020-08-02 13:15,12252
2020-08-02 13:20,12409
2020-08-02 13:25,12525
2020-08-02 13:30,12573
2020-08-02 13:35,12658
2020-08-02 13:40,12773
2020-08-02 13:45,12905
2020-08-02 13:50,13046
2020-08-02 13:55,13185
2020-08-02 14:00,13342
2020-08-02 14:05,13508
2020-08-02 14:10,13626
2020-08-02 14:15,13794
2020-08-02 14:20,13898
2020-08-02 14:25,14078
2020-08-02 14:30,14252
2020-08-02 14:35,14416
2020-08-02 14:40,14566
2020-08-02 14:45,14790
2020-08-02 14:50,14966
2020-08-02 14:55,15099
2020-08-02 15:00,15364
2020-08-02 15:05,15540
2020-08-02 15:10,15698
2020-08-02 15:15,15923
2020-08-02 15:20,16147
2020-08-02 15:25,
2020-08-02 15:30,16376
2020-08-02 15:35,16470
2020-08-02 15:40,16633
2020-08-02 15:45,16724
2020-08-02 15:50,16791
2020-08-02 15:55,16866
2020-08-02 16:00,17000
2020-08-02 16:05,17089
2020-08-02 16:10,17234
2020-08-02 16:15,17352
2020-08-02 16:20,17536
2020-08-02 16:25,17668
2020-08-02 16:30,17810
2020-08-02 16:35,18026
2020-08-02 16:40,18161
2020-08-02 16:45,18381
2020-08-02 16:50,18514
2020-08-02 16:55,18636
2020-08-02 17:00,18778
2020-08-02 17:05,18959
2020-08-02 17:10,19082
2020-08-02 17:15,19183
2020-08-02 17:20,19333
2020-08-02 17:25,19589
2020-08-02 17:30,19736
2020-08-02 17:35,19937
2020-08-02 17:40,20050
2020-08-02 17:45,20237
2020-08-02 17:50,20437
2020-08-02 17:55,20587
2020-08-02 18:00,20793
2020-08-02 18:05,20945
2020-08-02 18:10,21249
2020-08-02 18:15,21448
2020-08-02 18:20,21639
2020-08-02 18:25,21870
2020-08-02 18:30,22083
2020-08-02 18:35,22199
2020-08-02 18:40,22357
2020-08-02 18:45,22467
2020-08-02 18:50,22680
2020-08-02 18:55,22863
2020-08-02 19:00,22900
2020-08-02 19:05,23020
2020-08-02 19:10,23176
2020-08-02 19:15,23286
2020-08-02 19:20,23414
2020-08-02 19:25,23545
2020-08-02 19:30,23611
2020-08-02 19:35,23671
2020-08-02 19:40,23825
2020-08-02 19:45,23763
2020-08-02 19:50,23797
2020-08-02 19:55,23831
2020-08-02 20:00,23879
2020-08-02 20:05,23924
2020-08-02 20:10,23980
2020-08-02 20:15,24050
2020-08-02 20:20,24139
2020-08-02 20:25,24244
2020-08-02 20:30,24274
2020-08-02 20:35,24312
2020-08-02 20:40,24277
2020-08-02 20:45,24204
2020-08-02 20:50,24243
2020-08-02 20:55,24258
2020-08-02 21:00,24147
2020-08-02 21:05,24129
2020-08-02 21:10,24066
2020-08-02 21:15,24054
2020-08-02 21:20,24034
2020-08-02 21:25,23950
2020-08-02 21:30,23918
2020-08-02 21:35,23843
2020-08-02 21:40,23673
2020-08-02 21:45,23604
2020-08-02 21:50,23480
2020-08-02 21:55,23483
2020-08-02 22:00,23275
2020-08-02 22:05,23154
2020-08-02 22:10,23080
2020-08-02 22:15,22992
2020-08-02 22:20,22880
2020-08-02 22:25,22751
2020-08-02 22:30,22653
2020-08-02 22:35,22583
2020-08-02 22:40,22521
2020-08-02 22:45,22353
2020-08-02 22:50,22224
2020-08-02 22:55,22098
2020-08-02 23:00,22026
2020-08-02 23:05,22046
2020-08-02 23:10,21964
2020-08-02 23:15,21898
2020-08-02 23:20,21789
2020-08-02 23:25,21767
2020-08-02 23:30,21640
2020-08-02 23:35,21627
2020-08-02 23:40,21583
2020-08-02 23:45,21536
2020-08-02 23:50,21480
2020-08-02 23:55,21463
2020-08-03 00:00,21461
2020-08-03 00:05,21442
2020-08-03 00:10,21383
2020-08-03 00:15,21288
2020-08-03 00:20,21268
2020-08-03 00:25,21302
2020-08-03 00:30,21371
2020-08-03 00:35,21438
2020-08-03 00:40,21427
2020-08-03 00:45,21426
2020-08-03 00:50,21520
2020-08-03 00:55,21555
2020-08-03 01:00,21612
2020-08-03 01:05,21567
2020-08-03 01:10,21627
2020-08-03 01:15,21699
2020-08-03 01:20,21837
2020-08-03 01:25,21892
2020-08-03 01:30,21938
2020-08-03 01:35,22057
2020-08-03 01:40,22012
2020-08-03 01:45,22031
2020-08-03 01:50,21985
2020-08-03 01:55,21946
2020-08-03 02:00,21904
2020-08-03 02:05,21924
2020-08-03 02:10,21965
2020-08-03 02:15,21920
2020-08-03 02:20,21907
2020-08-03 02:25,21819
2020-08-03 02:30,21796
2020-08-03 02:35,21707
2020-08-03 02:40,21661
2020-08-03 02:45,21600
2020-08-03 02:50,21468
2020-08-03 02:55,21289
2020-08-03 03:00,21119
2020-08-03 03:05,21025
2020-08-03 03:10,20892
2020-08-03 03:15,20761
2020-08-03 03:20,20570
2020-08-03 03:25,20501
2020-08-03 03:30,20305
2020-08-03 03:35,20195
2020-08-03 03:40,20032
2020-08-03 03:45,19797
2020-08-03 03:50,19579
2020-08-03 03:55,19348
2020-08-03 04:00,19053
2020-08-03 04:05,18840
2020-08-03 04:10,18624
2020-08-03 04:15,18372
2020-08-03 04:20,18143
2020-08-03 04:25,17939
2020-08-03 04:30,17658
2020-08-03 04:35,17457
2020-08-03 04:40,17297
2020-08-03 04:45,17090
2020-08-03 04:50,16801
2020-08-03 04:55,16503
2020-08-03 05:00,16231
2020-08-03 05:05,15928
2020-08-03 05:10,15736
2020-08-03 05:15,15438
2020-08-03 05:20,15148
2020-08-03 05:25,14828
2020-08-03 05:30,14496
2020-08-03 05:35,14338
2020-08-03 05:40,14115
2020-08-03 05:45,13886
2020-08-03 05:50,13642
2020-08-03 05:55,13425
2020-08-03 06:00,13182
2020-08-03 06:05,12936
2020-08-03 06:10,12707
2020-08-03 06:15,12493
2020-08-03 06:20,12246
2020-08-03 06:25,11993
2020-08-03 06:30,11763
2020-08-03 06:35,11536
2020-08-03 06:40,11319
2020-08-03 06:45,11192
2020-08-03 06:50,10955
2020-08-03 06:55,10760
2020-08-03 07:00,10549
2020-08-03 07:05,10388
2020-08-03 07:10,10150
2020-08-03 07:15,9968
2020-08-03 07:20,9755
2020-08-03 07:25,9595
2020-08-03 07:30,9403
2020-08-03 07:35,9178
2020-08-03 07:40,9051
2020-08-03 07:45,8897
2020-08-03 07:50,8776
2020-08-03 07:55,8640
2020-08-03 08:00,8514
2020-08-03 08:05,8428
2020-08-03 08:10,8310
2020-08-03 08:15,8215
2020-08-03 08:20,8140
2020-08-03 08:25,8039
2020-08-03 08:30,8002
2020-08-03 08:35,7953
2020-08-03 08:40,7905
2020-08-03 08:45,7921
2020-08-03 08:50,7872
2020-08-03 08:55,7820
2020-08-03 09:00,7763
2020-08-03 09:05,7802
2020-08-03 09:10,7736
2020-08-03 09:15,7714
2020-08-03 09:20,7771
2020-08-03 09:25,7758
2020-08-03 09:30,7766
2020-08-03 09:35,7760
2020-08-03 09:40,7835
2020-08-03 09:45,7815
2020-08-03 09:50,7847
2020-08-03 09:55,7898
2020-08-03 10:00,7922
2020-08-03 10:05,7869
2020-08-03 10:10,7935
2020-08-03 10:15,7954
2020-08-03 10:20,7969
2020-08-03 10:25,
2020-08-03 10:30,8028
2020-08-03 10:35,8074
2020-08-03 10:40,8104
2020-08-03 10:45,8160
2020-08-03 10:50,8184
2020-08-03 10:55,8248
2020-08-03 11:00,8254
2020-08-03 11:05,8306
2020-08-03 11:10,8377
2020-08-03 11:15,8393
2020-08-03 11:20,8429
2020-08-03 11:25,8570
2020-08-03 11:30,8634
2020-08-03 11:35,8691
2020-08-03 11:40,8758
2020-08-03 11:45,8824
2020-08-03 11:50,8854
2020-08-03 11:55,8928
2020-08-03 12:00,8989
2020-08-03 12:05,9067
2020-08-03 12:10,9155
2020-08-03 12:15,9258
2020-08-03 12:20,9378
2020-08-03 12:25,9435
2020-08-03 12:30,9511
2020-08-03 12:35,9613
2020-08-03 12:40,9739
2020-08-03 12:45,9803
2020-08-03 12:50,9896
2020-08-03 12:55,9967
2020-08-03 13:00,10042
2020-08-03 13:05,10204
2020-08-03 13:10,10384
2020-08-03 13:15,10561
2020-08-03 13:20,10715
2020-08-03 13:25,10855
2020-08-03 13:30,11019
2020-08-03 13:35,11148
2020-08-03 13:40,11336
2020-08-03 13:45,11470
2020-08-03 13:50,11557
2020-08-03 13:55,11592
2020-08-03 14:00,11787
2020-08-03 14:05,11856
2020-08-03 14:10,11983
2020-08-03 14:15,12150
2020-08-03 14:20,12381
2020-08-03 14:25,12550
2020-08-03 14:30,12636
2020-08-03 14:35,12860
2020-08-03 14:40,12952
2020-08-03 14:45,13005
2020-08-03 14:50,13093
2020-08-03 14:55,13122
2020-08-03 15:00,13253
2020-08-03 15:05,13453
2020-08-03 15:10,13529
2020-08-03 15:15,13669
2020-08-03 15:20,13764
2020-08-03 15:25,13870
2020-08-03 15:30,14003
2020-08-03 15:35,14061
2020-08-03 15:40,14227
2020-08-03 15:45,14329
2020-08-03 15:50,14416
2020-08-03 15:55,14556
2020-08-03 16:00,14679
2020-08-03 16:05,14792
2020-08-03 16:10,14897
2020-08-03 16:15,15039
2020-08-03 16:20,
2020-08-03 16:25,
2020-08-03 16:30,15438
2020-08-03 16:35,15568
2020-08-03 16:40,15708
2020-08-03 16:45,15911
2020-08-03 16:50,16145
2020-08-03 16:55,16373
2020-08-03 17:00,16536
2020-08-03 17:05,16624
2020-08-03 17:10,16805
2020-08-03 17:15,16805
2020-08-03 17:20,17121
2020-08-03 17:25,17398
2020-08-03 17:30,17642
2020-08-03 17:35,17840
2020-08-03 17:40,18018
2020-08-03 17:45,18248
2020-08-03 17:50,18407
2020-08-03 17:55,18506
2020-08-03 18:00,18689
2020-08-03 18:05,18819
2020-08-03 18:10,19019
2020-08-03 18:15,19172
2020-08-03 18:20,19333
2020-08-03 18:25,19557
2020-08-03 18:30,19720
2020-08-03 18:35,19918
2020-08-03 18:40,20105
2020-08-03 18:45,20234
2020-08-03 18:50,20465
2020-08-03 18:55,20569
2020-08-03 19:00,20736
2020-08-03 19:05,20824
2020-08-03 19:10,21033
2020-08-03 19:15,21173
2020-08-03 19:20,21316
2020-08-03 19:25,21370
2020-08-03 19:30,21410
2020-08-03 19:35,21473
2020-08-03 19:40,21618
2020-08-03 19:45,21655
2020-08-03 19:50,21655
2020-08-03 19:55,21837
2020-08-03 20:00,21880
2020-08-03 20:05,21890
2020-08-03 20:10,21890
2020-08-03 20:15,21924
2020-08-03 20:20,21924
2020-08-03 20:25,21925
2020-08-03 20:30,21922
2020-08-03 20:35,21922
2020-08-03 20:40,22016
2020-08-03 20:45,22016
2020-08-03 20:50,22055
2020-08-03 20:55,22199
2020-08-03 21:00,22173
2020-08-03 21:05,22150
2020-08-03 21:10,22092
2020-08-03 21:15,22055
2020-08-03 21:20,22025
2020-08-03 21:25,22019
2020-08-03 21:30,21988
2020-08-03 21:35,22053
2020-08-03 21:40,22064
2020-08-03 21:45,21925
2020-08-03 21:50,21795
2020-08-03 21:55,21748
2020-08-03 22:00,21746
2020-08-03 22:05,21705
2020-08-03 22:10,21676
2020-08-03 22:15,21580
2020-08-03 22:20,21533
2020-08-03 22:25,21329
2020-08-03 22:30,21304
2020-08-03 22:35,21208
2020-08-03 22:40,21253
2020-08-03 22:45,21250
2020-08-03 22:50,21198
2020-08-03 22:55,21198
2020-08-03 23:00,21083
2020-08-03 23:05,21083
2020-08-03 23:10,21046
2020-08-03 23:15,21039
2020-08-03 23:20,21108
2020-08-03 23:25,21116
2020-08-03 23:30,21116
2020-08-03 23:35,21160
2020-08-03 23:40,21178
2020-08-03 23:45,21217
2020-08-03 23:50,21269
2020-08-03 23:55,21222
2020-08-04 00:00,21388
2020-08-04 00:05,21469
2020-08-04 00:10,21461
2020-08-04 00:15,21461
2020-08-04 00:20,21377
2020-08-04 00:25,21397
2020-08-04 00:30,21452
2020-08-04 00:35,21469
2020-08-04 00:40,21469
2020-08-04 00:45,21476
2020-08-04 00:50,21536
2020-08-04 00:55,21681
2020-08-04 01:00,21681
2020-08-04 01:05,21856
2020-08-04 01:10,22037
2020-08-04 01:15,22145
2020-08-04 01:20,22145
2020-08-04 01:25,22332
2020-08-04 01:30,22332
2020-08-04 01:35,22249
2020-08-04 01:40,22249
2020-08-04 01:45,22305
2020-08-04 01:50,22305
2020-08-04 01:55,22405
2020-08-04 02:00,22319
2020-08-04 02:05,22319
2020-08-04 02:10,22273
2020-08-04 02:15,22296
2020-08-04 02:20,22294
2020-08-04 02:25,22294
2020-08-04 02:30,22214
2020-08-04 02:35,22214
2020-08-04 02:40,22172
2020-08-04 02:45,22055
2020-08-04 02:50,22055
2020-08-04 02:55,21867
2020-08-04 03:00,21730
2020-08-04 03:05,21562
2020-08-04 03:10,21395
2020-08-04 03:15,21395
2020-08-04 03:20,21203
2020-08-04 03:25,21013
2020-08-04 03:30,20892
2020-08-04 03:35,20679
2020-08-04 03:40,20464
2020-08-04 03:45,20187
2020-08-04 03:50,19941
2020-08-04 03:55,19543
2020-08-04 04:00,19363
2020-08-04 04:05,19363
2020-08-04 04:10,19066
2020-08-04 04:15,18518
2020-08-04 04:20,18518
2020-08-04 04:25,18262
2020-08-04 04:30,17984
2020-08-04 04:35,17754
2020-08-04 04:40,17540
2020-08-04 04:45,17214
2020-08-04 04:50,17009
2020-08-04 04:55,16697
2020-08-04 05:00,16124
2020-08-04 05:05,16124
2020-08-04 05:10,15866
2020-08-04 05:15,15505
2020-08-04 05:20,15253
2020-08-04 05:25,14943
2020-08-04 05:30,14731
2020-08-04 05:35,14374
2020-08-04 05:40,14195
2020-08-04 05:45,13968
2020-08-04 05:50,13728
2020-08-04 05:55,13176
2020-08-04 06:00,13176
2020-08-04 06:05,12873
2020-08-04 06:10,12629
2020-08-04 06:15,12370
2020-08-04 06:20,12157
2020-08-04 06:25,11706
2020-08-04 06:30,11706
2020-08-04 06:35,11454
2020-08-04 06:40,11305
2020-08-04 06:45,11111
2020-08-04 06:50,10948
2020-08-04 06:55,10784
2020-08-04 07:00,10539
2020-08-04 07:05,10358
2020-08-04 07:10,10176
2020-08-04 07:15,9908
2020-08-04 07:20,9747
2020-08-04 07:25,9534
2020-08-04 07:30,9376
2020-08-04 07:35,9268
2020-08-04 07:40,9127
2020-08-04 07:45,9002
2020-08-04 07:50,8871
2020-08-04 07:55,8730
2020-08-04 08:00,8688
2020-08-04 08:05,8549
2020-08-04 08:10,8401
2020-08-04 08:15,8288
2020-08-04 08:20,8227
2020-08-04 08:25,8122
2020-08-04 08:30,8104
2020-08-04 08:35,8012
2020-08-04 08:40,7912
2020-08-04 08:45,7871
2020-08-04 08:50,7818
2020-08-04 08:55,7720
2020-08-04 09:00,7644
2020-08-04 09:05,7644
2020-08-04 09:10,7686
2020-08-04 09:15,7726
2020-08-04 09:20,7679
2020-08-04 09:25,7651
2020-08-04 09:30,7624
2020-08-04 09:35,7625
2020-08-04 09:40,7562
2020-08-04 09:45,7563
2020-08-04 09:50,7587
2020-08-04 09:55,7654
2020-08-04 10:00,6810
2020-08-04 10:05,7637
2020-08-04 10:10,7680
2020-08-04 10:15,7739
2020-08-04 10:20,7727
2020-08-04 10:25,7781
2020-08-04 10:30,7809
2020-08-04 10:35,7829
2020-08-04 10:40,7924
2020-08-04 10:45,7980
2020-08-04 10:50,8017
2020-08-04 10:55,8017
2020-08-04 11:00,8130
2020-08-04 11:05,8130
2020-08-04 11:10,8178
2020-08-04 11:15,8263
2020-08-04 11:20,8293
2020-08-04 11:25,8400
2020-08-04 11:30,8480
2020-08-04 11:35,8626
2020-08-04 11:40,8643
2020-08-04 11:45,8680
2020-08-04 11:50,8740
2020-08-04 11:55,8805
2020-08-04 12:00,8837
2020-08-04 12:05,8917
2020-08-04 12:10,8944
2020-08-04 12:15,9060
2020-08-04 12:20,9149
2020-08-04 12:25,9193
2020-08-04 12:30,9320
2020-08-04 12:35,9415
2020-08-04 12:40,9497
2020-08-04 12:45,9649
2020-08-04 12:50,9795
2020-08-04 12:55,9958
2020-08-04 13:00,10132
2020-08-04 13:05,10296
2020-08-04 13:10,10449
2020-08-04 13:15,10660
2020-08-04 13:20,10858
2020-08-04 13:25,11090
2020-08-04 13:30,11198
2020-08-04 13:35,11351
2020-08-04 13:40,11525
2020-08-04 13:45,11736
2020-08-04 13:50,11954
2020-08-04 13:55,12120
2020-08-04 14:00,12299
2020-08-04 14:05,12445
2020-08-04 14:10,12636
2020-08-04 14:15,12827
2020-08-04 14:20,12939
2020-08-04 14:25,13018
2020-08-04 14:30,13048
2020-08-04 14:35,13141
2020-08-04 14:40,13280
2020-08-04 14:45,13408
2020-08-04 14:50,13535
2020-08-04 14:55,13708
2020-08-04 15:00,13855
2020-08-04 15:05,13860
2020-08-04 15:10,13918
2020-08-04 15:15,13958
2020-08-04 15:20,14068
2020-08-04 15:25,14133
2020-08-04 15:30,14198
2020-08-04 15:35,14288
2020-08-04 15:40,14362
2020-08-04 15:45,14436
2020-08-04 15:50,14574
2020-08-04 15:55,14681
2020-08-04 16:00,14839
2020-08-04 16:05,14917
2020-08-04 16:10,15134
2020-08-04 16:15,15263
2020-08-04 16:20,15378
2020-08-04 16:25,15482
2020-08-04 16:30,15564
2020-08-04 16:35,15636
2020-08-04 16:40,15767
2020-08-04 16:45,15930
2020-08-04 16:50,16066
2020-08-04 16:55,16202
2020-08-04 17:00,16265
2020-08-04 17:05,16408
2020-08-04 17:10,16655
2020-08-04 17:15,16711
2020-08-04 17:20,16848
2020-08-04 17:25,17032
2020-08-04 17:30,17184
2020-08-04 17:35,17334
2020-08-04 17:40,17522
2020-08-04 17:45,17683
2020-08-04 17:50,17861
2020-08-04 17:55,17973
2020-08-04 18:00,18025
2020-08-04 18:05,18128
2020-08-04 18:10,18237
2020-08-04 18:15,18325
2020-08-04 18:20,18327
2020-08-04 18:25,
2020-08-04 18:30,18713
2020-08-04 18:35,18811
2020-08-04 18:40,18946
2020-08-04 18:45,19170
2020-08-04 18:50,19357
2020-08-04 18:55,19514
2020-08-04 19:00,19599
2020-08-04 19:05,19683
2020-08-04 19:10,19838
2020-08-04 19:15,20022
2020-08-04 19:20,20079
2020-08-04 19:25,20257
2020-08-04 19:30,20401
2020-08-04 19:35,20502
2020-08-04 19:40,20602
2020-08-04 19:45,20730
2020-08-04 19:50,20908
2020-08-04 19:55,20981
2020-08-04 20:00,21057
2020-08-04 20:05,21107
2020-08-04 20:10,21121
2020-08-04 20:15,21199
2020-08-04 20:20,21148
2020-08-04 20:25,21235
2020-08-04 20:30,21322
2020-08-04 20:35,21361
2020-08-04 20:40,21364
2020-08-04 20:45,21467
2020-08-04 20:50,21469
2020-08-04 20:55,21474
2020-08-04 21:00,21475
2020-08-04 21:05,21412
2020-08-04 21:10,21403
2020-08-04 21:15,21431
2020-08-04 21:20,21412
2020-08-04 21:25,21285
2020-08-04 21:30,21164
2020-08-04 21:35,20950
2020-08-04 21:40,20948
2020-08-04 21:45,20925
2020-08-04 21:50,20983
2020-08-04 21:55,20931
2020-08-04 22:00,20939
2020-08-04 22:05,20851
2020-08-04 22:10,20717
2020-08-04 22:15,20645
2020-08-04 22:20,20610
2020-08-04 22:25,20485
2020-08-04 22:30,20417
2020-08-04 22:35,20460
2020-08-04 22:40,20377
2020-08-04 22:45,20332
2020-08-04 22:50,20332
2020-08-04 22:55,20294
2020-08-04 23:00,20221
2020-08-04 23:05,20044
2020-08-04 23:10,20057
2020-08-04 23:15,
2020-08-04 23:20,
2020-08-04 23:25,
2020-08-04 23:30,
2020-08-04 23:35,0
2020-08-04 23:40,103
2020-08-04 23:45,16324
2020-08-04 23:50,18657
2020-08-04 23:55,19047
2020-08-05 00:00,19226
2020-08-05 00:05,19281
2020-08-05 00:10,19530
2020-08-05 00:15,19644
2020-08-05 00:20,19770
2020-08-05 00:25,19896
2020-08-05 00:30,19856
2020-08-05 00:35,20021
2020-08-05 00:40,20150
2020-08-05 00:45,20193
2020-08-05 00:50,20258
2020-08-05 00:55,20411
2020-08-05 01:00,20463
2020-08-05 01:05,20577
2020-08-05 01:10,20629
2020-08-05 01:15,20699
2020-08-05 01:20,20778
2020-08-05 01:25,20921
2020-08-05 01:30,20999
2020-08-05 01:35,21008
2020-08-05 01:40,21054
2020-08-05 01:45,21146
2020-08-05 01:50,21173
2020-08-05 01:55,21258
2020-08-05 02:00,21231
2020-08-05 02:05,21181
2020-08-05 02:10,21098
2020-08-05 02:15,21132
2020-08-05 02:20,21190
2020-08-05 02:25,21215
2020-08-05 02:30,21228
2020-08-05 02:35,21106
2020-08-05 02:40,21111
2020-08-05 02:45,21063
2020-08-05 02:50,20944
2020-08-05 02:55,20816
2020-08-05 03:00,20584
2020-08-05 03:05,20472
2020-08-05 03:10,20343
2020-08-05 03:15,20171
2020-08-05 03:20,20034
2020-08-05 03:25,19953
2020-08-05 03:30,19831
2020-08-05 03:35,19714
2020-08-05 03:40,19608
2020-08-05 03:45,19515
2020-08-05 03:50,19356
2020-08-05 03:55,19154
2020-08-05 04:00,18975
2020-08-05 04:05,18738
2020-08-05 04:10,18547
2020-08-05 04:15,18314
2020-08-05 04:20,18065
2020-08-05 04:25,17904
2020-08-05 04:30,17632
2020-08-05 04:35,17326
2020-08-05 04:40,17046
2020-08-05 04:45,16608
2020-08-05 04:50,16261
2020-08-05 04:55,15959
2020-08-05 05:00,15708
2020-08-05 05:05,15390
2020-08-05 05:10,15080
2020-08-05 05:15,14794
2020-08-05 05:20,14516
2020-08-05 05:25,14246
2020-08-05 05:30,13952
2020-08-05 05:35,13661
2020-08-05 05:40,13508
2020-08-05 05:45,13266
2020-08-05 05:50,13038
2020-08-05 05:55,12764
2020-08-05 06:00,12484
2020-08-05 06:05,12158
2020-08-05 06:10,11928
2020-08-05 06:15,11653
2020-08-05 06:20,11390
2020-08-05 06:25,11180
2020-08-05 06:30,10934
2020-08-05 06:35,10781
2020-08-05 06:40,10623
2020-08-05 06:45,10499
2020-08-05 06:50,10272
2020-08-05 06:55,10039
2020-08-05 07:00,9795
2020-08-05 07:05,9587
2020-08-05 07:10,9365
2020-08-05 07:15,9162
2020-08-05 07:20,9053
2020-08-05 07:25,8933
2020-08-05 07:30,8753
2020-08-05 07:35,8651
2020-08-05 07:40,8502
2020-08-05 07:45,8404
2020-08-05 07:50,8296
2020-08-05 07:55,8191
2020-08-05 08:00,8108
2020-08-05 08:05,8026
2020-08-05 08:10,7965
2020-08-05 08:15,7932
2020-08-05 08:20,7914
2020-08-05 08:25,7868
2020-08-05 08:30,7783
2020-08-05 08:35,7736
2020-08-05 08:40,7679
2020-08-05 08:45,7643
2020-08-05 08:50,7660
2020-08-05 08:55,7592
2020-08-05 09:00,7561
2020-08-05 09:05,7538
2020-08-05 09:10,7497
2020-08-05 09:15,7466
2020-08-05 09:20,7521
2020-08-05 09:25,7502
2020-08-05 09:30,7539
2020-08-05 09:35,7529
2020-08-05 09:40,7572
2020-08-05 09:45,7522
2020-08-05 09:50,7555
2020-08-05 09:55,7541
2020-08-05 10:00,7507
2020-08-05 10:05,7544
2020-08-05 10:10,7622
2020-08-05 10:15,7671
2020-08-05 10:20,7729
2020-08-05 10:25,7746
2020-08-05 10:30,7819
2020-08-05 10:35,7874
2020-08-05 10:40,7908
2020-08-05 10:45,7945
2020-08-05 10:50,7946
2020-08-05 10:55,7971
2020-08-05 11:00,7994
2020-08-05 11:05,8049
2020-08-05 11:10,8073
2020-08-05 11:15,8091
2020-08-05 11:20,8199
2020-08-05 11:25,8258
2020-08-05 11:30,8306
2020-08-05 11:35,8294
2020-08-05 11:40,8364
2020-08-05 11:45,8493
2020-08-05 11:50,8545
2020-08-05 11:55,8593
2020-08-05 12:00,8673
2020-08-05 12:05,8703
2020-08-05 12:10,8783
2020-08-05 12:15,8823
2020-08-05 12:20,8982
2020-08-05 12:25,9026
2020-08-05 12:30,9063
2020-08-05 12:35,9178
2020-08-05 12:40,9296
2020-08-05 12:45,9384
2020-08-05 12:50,9501
2020-08-05 12:55,9579
2020-08-05 13:00,9642
2020-08-05 13:05,9715
2020-08-05 13:10,9743
2020-08-05 13:15,9947
2020-08-05 13:20,10036
2020-08-05 13:25,10251
2020-08-05 13:30,10415
2020-08-05 13:35,10525
2020-08-05 13:40,10759
2020-08-05 13:45,10908
2020-08-05 13:50,11055
2020-08-05 13:55,11130
2020-08-05 14:00,11270
2020-08-05 14:05,11398
2020-08-05 14:10,11528
2020-08-05 14:15,11708
2020-08-05 14:20,11826
2020-08-05 14:25,11935
2020-08-05 14:30,11972
2020-08-05 14:35,12065
2020-08-05 14:40,12203
2020-08-05 14:45,12300
2020-08-05 14:50,12378
2020-08-05 14:55,12456
2020-08-05 15:00,12555
2020-08-05 15:05,12662
2020-08-05 15:10,12790
2020-08-05 15:15,12863
2020-08-05 15:20,12953
2020-08-05 15:25,13112
2020-08-05 15:30,13261
2020-08-05 15:35,13380
2020-08-05 15:40,13474
2020-08-05 15:45,13574
2020-08-05 15:50,13730
2020-08-05 15:55,13752
2020-08-05 16:00,13848
2020-08-05 16:05,13964
2020-08-05 16:10,14054
2020-08-05 16:15,14121
2020-08-05 16:20,14361
2020-08-05 16:25,14524
2020-08-05 16:30,14658
2020-08-05 16:35,14725
2020-08-05 16:40,14906
2020-08-05 16:45,15032
2020-08-05 16:50,15185
2020-08-05 16:55,15309
2020-08-05 17:00,15481
2020-08-05 17:05,15631
2020-08-05 17:10,15837
2020-08-05 17:15,15962
2020-08-05 17:20,16196
2020-08-05 17:25,16462
2020-08-05 17:30,16620
2020-08-05 17:35,16842
2020-08-05 17:40,16953
2020-08-05 17:45,17055
2020-08-05 17:50,17127
2020-08-05 17:55,
2020-08-05 18:00,17411
2020-08-05 18:05,17580
2020-08-05 18:10,17747
2020-08-05 18:15,17944
2020-08-05 18:20,18156
2020-08-05 18:25,18315
2020-08-05 18:30,18441
2020-08-05 18:35,18605
2020-08-05 18:40,18800
2020-08-05 18:45,18975
2020-08-05 18:50,18976
2020-08-05 18:55,19102
2020-08-05 19:00,19219
2020-08-05 19:05,19330
2020-08-05 19:10,19495
2020-08-05 19:15,19540
2020-08-05 19:20,19648
2020-08-05 19:25,19712
2020-08-05 19:30,
2020-08-05 19:35,19881
2020-08-05 19:40,20030
2020-08-05 19:45,20121
2020-08-05 19:50,20060
2020-08-05 19:55,20219
2020-08-05 20:00,20274
2020-08-05 20:05,20388
2020-08-05 20:10,20369
2020-08-05 20:15,20408
2020-08-05 20:20,20373
2020-08-05 20:25,20408
2020-08-05 20:30,20428
2020-08-05 20:35,20502
2020-08-05 20:40,20449
2020-08-05 20:45,20389
2020-08-05 20:50,20458
2020-08-05 20:55,20437
2020-08-05 21:00,20344
2020-08-05 21:05,20273
2020-08-05 21:10,20237
2020-08-05 21:15,20281
2020-08-05 21:20,20217
2020-08-05 21:25,20134
2020-08-05 21:30,20212
2020-08-05 21:35,20079
2020-08-05 21:40,20066
2020-08-05 21:45,20104
2020-08-05 21:50,20067
2020-08-05 21:55,20101
2020-08-05 22:00,19966
2020-08-05 22:05,19954
2020-08-05 22:10,19876
2020-08-05 22:15,19901
2020-08-05 22:20,19782
2020-08-05 22:25,19790
2020-08-05 22:30,19743
2020-08-05 22:35,19667
2020-08-05 22:40,19638
2020-08-05 22:45,19588
2020-08-05 22:50,19507
2020-08-05 22:55,19469
2020-08-05 23:00,19273
2020-08-05 23:05,19221
2020-08-05 23:10,
2020-08-05 23:15,
2020-08-05 23:20,
2020-08-05 23:25,
2020-08-05 23:30,
2020-08-05 23:35,
2020-08-05 23:40,
2020-08-05 23:45,
2020-08-05 23:50,0
2020-08-05 23:55,13206
2020-08-06 00:00,15172
2020-08-06 00:05,16098
2020-08-06 00:10,16541
2020-08-06 00:15,17016
2020-08-06 00:20,17312
2020-08-06 00:25,17662
2020-08-06 00:30,17988
2020-08-06 00:35,18259
2020-08-06 00:40,18505
2020-08-06 00:45,18670
2020-08-06 00:50,18900
2020-08-06 00:55,19130
2020-08-06 01:00,19281
2020-08-06 01:05,19407
2020-08-06 01:10,19568
2020-08-06 01:15,19705
2020-08-06 01:20,19821
2020-08-06 01:25,19870
2020-08-06 01:30,20016
2020-08-06 01:35,20216
2020-08-06 01:40,20342
2020-08-06 01:45,20524
2020-08-06 01:50,20607
2020-08-06 01:55,20672
2020-08-06 02:00,20625
2020-08-06 02:05,20630
2020-08-06 02:10,20569
2020-08-06 02:15,20611
2020-08-06 02:20,20633
2020-08-06 02:25,20702
2020-08-06 02:30,20690
2020-08-06 02:35,20696
2020-08-06 02:40,20601
2020-08-06 02:45,20501
2020-08-06 02:50,20512
2020-08-06 02:55,20415
2020-08-06 03:00,20251
2020-08-06 03:05,20103
2020-08-06 03:10,19918
2020-08-06 03:15,19858
2020-08-06 03:20,19728
2020-08-06 03:25,19487
2020-08-06 03:30,19418
2020-08-06 03:35,19284
2020-08-06 03:40,19120
2020-08-06 03:45,19021
2020-08-06 03:50,18787
2020-08-06 03:55,18596
2020-08-06 04:00,18418
2020-08-06 04:05,18315
2020-08-06 04:10,18109
2020-08-06 04:15,17914
2020-08-06 04:20,17719
2020-08-06 04:25,17516
2020-08-06 04:30,17261
2020-08-06 04:35,16993
2020-08-06 04:40,16652
2020-08-06 04:45,16398
2020-08-06 04:50,16159
2020-08-06 04:55,15873
2020-08-06 05:00,15531
2020-08-06 05:05,15166
2020-08-06 05:10,14871
2020-08-06 05:15,14632
2020-08-06 05:20,14430
2020-08-06 05:25,14122
2020-08-06 05:30,13838
2020-08-06 05:35,13522
2020-08-06 05:40,13377
2020-08-06 05:45,13163
2020-08-06 05:50,12953
2020-08-06 05:55,12698
2020-08-06 06:00,12529
2020-08-06 06:05,12257
2020-08-06 06:10,12000
2020-08-06 06:15,11735
2020-08-06 06:20,11493
2020-08-06 06:25,11231
2020-08-06 06:30,11032
2020-08-06 06:35,10778
2020-08-06 06:40,10517
2020-08-06 06:45,10338
2020-08-06 06:50,10088
2020-08-06 06:55,9912
2020-08-06 07:00,9702
2020-08-06 07:05,9486
2020-08-06 07:10,9309
2020-08-06 07:15,9172
2020-08-06 07:20,9086
2020-08-06 07:25,8918
2020-08-06 07:30,8794
2020-08-06 07:35,8666
2020-08-06 07:40,8540
2020-08-06 07:45,8439
2020-08-06 07:50,8281
2020-08-06 07:55,8210
2020-08-06 08:00,8088
2020-08-06 08:05,7952
2020-08-06 08:10,7880
2020-08-06 08:15,7775
2020-08-06 08:20,7702
2020-08-06 08:25,7616
2020-08-06 08:30,7543
2020-08-06 08:35,7460
2020-08-06 08:40,7395
2020-08-06 08:45,7297
2020-08-06 08:50,7257
2020-08-06 08:55,7202
2020-08-06 09:00,7125
2020-08-06 09:05,7125
2020-08-06 09:10,7131
2020-08-06 09:15,7128
2020-08-06 09:20,7102
2020-08-06 09:25,7152
2020-08-06 09:30,7147
2020-08-06 09:35,7140
2020-08-06 09:40,7175
2020-08-06 09:45,7154
2020-08-06 09:50,7194
2020-08-06 09:55,7163
2020-08-06 10:00,7218
2020-08-06 10:05,7218
2020-08-06 10:10,7253
2020-08-06 10:15,7246
2020-08-06 10:20,7237
2020-08-06 10:25,7274
2020-08-06 10:30,7289
2020-08-06 10:35,7265
2020-08-06 10:40,7326
2020-08-06 10:45,7389
2020-08-06 10:50,7480
2020-08-06 10:55,7549
2020-08-06 11:00,7562
2020-08-06 11:05,7651
2020-08-06 11:10,7708
2020-08-06 11:15,7791
2020-08-06 11:20,7884
2020-08-06 11:25,7901
2020-08-06 11:30,8007
2020-08-06 11:35,8029
2020-08-06 11:40,8142
2020-08-06 11:45,8273
2020-08-06 11:50,8337
2020-08-06 11:55,8377
2020-08-06 12:00,8432
2020-08-06 12:05,8523
2020-08-06 12:10,8556
2020-08-06 12:15,8643
2020-08-06 12:20,8722
2020-08-06 12:25,8825
2020-08-06 12:30,8876
2020-08-06 12:35,8947
2020-08-06 12:40,8971
2020-08-06 12:45,9092
2020-08-06 12:50,9256
2020-08-06 12:55,9399
2020-08-06 13:00,9477
2020-08-06 13:05,9565
2020-08-06 13:10,9668
2020-08-06 13:15,9761
2020-08-06 13:20,9886
2020-08-06 13:25,10021
2020-08-06 13:30,10174
2020-08-06 13:35,10260
2020-08-06 13:40,10366
2020-08-06 13:45,10435
2020-08-06 13:50,10604
2020-08-06 13:55,10673
2020-08-06 14:00,10791
2020-08-06 14:05,10861
2020-08-06 14:10,10992
2020-08-06 14:15,11114
2020-08-06 14:20,11285
2020-08-06 14:25,11474
2020-08-06 14:30,11556
2020-08-06 14:35,11590
2020-08-06 14:40,11728
2020-08-06 14:45,11925
2020-08-06 14:50,11991
2020-08-06 14:55,12172
2020-08-06 15:00,12303
2020-08-06 15:05,12402
2020-08-06 15:10,12461
2020-08-06 15:15,12569
2020-08-06 15:20,12719
2020-08-06 15:25,12813
2020-08-06 15:30,13009
2020-08-06 15:35,13122
2020-08-06 15:40,13188
2020-08-06 15:45,13259
2020-08-06 15:50,13376
2020-08-06 15:55,13440
2020-08-06 16:00,13506
2020-08-06 16:05,13660
2020-08-06 16:10,13826
2020-08-06 16:15,14027
2020-08-06 16:20,14059
2020-08-06 16:25,14099
2020-08-06 16:30,14090
2020-08-06 16:35,14291
2020-08-06 16:40,14486
2020-08-06 16:45,14608
2020-08-06 16:50,14691
2020-08-06 16:55,14788
2020-08-06 17:00,14891
2020-08-06 17:05,14906
2020-08-06 17:10,15023
2020-08-06 17:15,15175
2020-08-06 17:20,15255
2020-08-06 17:25,15389
2020-08-06 17:30,15551
2020-08-06 17:35,15693
2020-08-06 17:40,15831
2020-08-06 17:45,15992
2020-08-06 17:50,16072
2020-08-06 17:55,16266
2020-08-06 18:00,16388
2020-08-06 18:05,16574
2020-08-06 18:10,16717
2020-08-06 18:15,16934
2020-08-06 18:20,17060
2020-08-06 18:25,17205
2020-08-06 18:30,17330
2020-08-06 18:35,17457
2020-08-06 18:40,17609
2020-08-06 18:45,17752
2020-08-06 18:50,17837
2020-08-06 18:55,17916
2020-08-06 19:00,17997
2020-08-06 19:05,18136
2020-08-06 19:10,18258
2020-08-06 19:15,18362
2020-08-06 19:20,18554
2020-08-06 19:25,18695
2020-08-06 19:30,18789
2020-08-06 19:35,18823
2020-08-06 19:40,18941
2020-08-06 19:45,19005
2020-08-06 19:50,19089
2020-08-06 19:55,19097
2020-08-06 20:00,19163
2020-08-06 20:05,19172
2020-08-06 20:10,19225
2020-08-06 20:15,19227
2020-08-06 20:20,19281
2020-08-06 20:25,19257
2020-08-06 20:30,19285
2020-08-06 20:35,19297
2020-08-06 20:40,19389
2020-08-06 20:45,19401
2020-08-06 20:50,19517
2020-08-06 20:55,19594
2020-08-06 21:00,19487
2020-08-06 21:05,19403
2020-08-06 21:10,19395
2020-08-06 21:15,19454
2020-08-06 21:20,19559
2020-08-06 21:25,19512
2020-08-06 21:30,19561
2020-08-06 21:35,19509
2020-08-06 21:40,19608
2020-08-06 21:45,19604
2020-08-06 21:50,19622
2020-08-06 21:55,19626
2020-08-06 22:00,19556
2020-08-06 22:05,18339
2020-08-06 22:10,17620
2020-08-06 22:15,17261
2020-08-06 22:20,17232
2020-08-06 22:25,17390
2020-08-06 22:30,17517
2020-08-06 22:35,17565
2020-08-06 22:40,17733
2020-08-06 22:45,17813
2020-08-06 22:50,17926
2020-08-06 22:55,18046
2020-08-06 23:00,18051
2020-08-06 23:05,18150
2020-08-06 23:10,18239
2020-08-06 23:15,18353
2020-08-06 23:20,18409
2020-08-06 23:25,18502
2020-08-06 23:30,18586
2020-08-06 23:35,18597
2020-08-06 23:40,18629
2020-08-06 23:45,18696
2020-08-06 23:50,18790
2020-08-06 23:55,18818
2020-08-07 00:00,18826
2020-08-07 00:05,18787
2020-08-07 00:10,18835
2020-08-07 00:15,18759
2020-08-07 00:20,18790
2020-08-07 00:25,18767
2020-08-07 00:30,18778
2020-08-07 00:35,18749
2020-08-07 00:40,18821
2020-08-07 00:45,18845
2020-08-07 00:50,18934
2020-08-07 00:55,18939
2020-08-07 01:00,19019
2020-08-07 01:05,19037
2020-08-07 01:10,19110
2020-08-07 01:15,19150
2020-08-07 01:20,19308
2020-08-07 01:25,19356
2020-08-07 01:30,19372
2020-08-07 01:35,19407
2020-08-07 01:40,19471
2020-08-07 01:45,19523
2020-08-07 01:50,19637
2020-08-07 01:55,19631
2020-08-07 02:00,19682
2020-08-07 02:05,19671
2020-08-07 02:10,19700
2020-08-07 02:15,19696
2020-08-07 02:20,19694
2020-08-07 02:25,19709
2020-08-07 02:30,19767
2020-08-07 02:35,19734
2020-08-07 02:40,19704
2020-08-07 02:45,19620
2020-08-07 02:50,19586
2020-08-07 02:55,19563
2020-08-07 03:00,19523
2020-08-07 03:05,19399
2020-08-07 03:10,19304
2020-08-07 03:15,19210
2020-08-07 03:20,18980
2020-08-07 03:25,18845
2020-08-07 03:30,18734
2020-08-07 03:35,18637
2020-08-07 03:40,18581
2020-08-07 03:45,18429
2020-08-07 03:50,18315
2020-08-07 03:55,18204
2020-08-07 04:00,18049
2020-08-07 04:05,17820
2020-08-07 04:10,17578
2020-08-07 04:15,17347
2020-08-07 04:20,17233
2020-08-07 04:25,17046
2020-08-07 04:30,16840
2020-08-07 04:35,16704
2020-08-07 04:40,16525
2020-08-07 04:45,16263
2020-08-07 04:50,16007
2020-08-07 04:55,15839
2020-08-07 05:00,15637
2020-08-07 05:05,15279
2020-08-07 05:10,15095
2020-08-07 05:15,14863
2020-08-07 05:20,14624
2020-08-07 05:25,14326
2020-08-07 05:30,14100
2020-08-07 05:35,13752
2020-08-07 05:40,13528
2020-08-07 05:45,13343
2020-08-07 05:50,13040
2020-08-07 05:55,12795
2020-08-07 06:00,12542
2020-08-07 06:05,12398
2020-08-07 06:10,12165
2020-08-07 06:15,11931
2020-08-07 06:20,11676
2020-08-07 06:25,11364
2020-08-07 06:30,11108
2020-08-07 06:35,10827
2020-08-07 06:40,10491
2020-08-07 06:45,10293
2020-08-07 06:50,10020
2020-08-07 06:55,9804
2020-08-07 07:00,9630
2020-08-07 07:05,9397
2020-08-07 07:10,9143
2020-08-07 07:15,8840
2020-08-07 07:20,8543
2020-08-07 07:25,8290
2020-08-07 07:30,8023
2020-08-07 07:35,7294
2020-08-07 07:40,5975
2020-08-07 07:45,4802
2020-08-07 07:50,3773
2020-08-07 07:55,2925
2020-08-07 08:00,2430
2020-08-07 08:05,2182
2020-08-07 08:10,1859
2020-08-07 08:15,1800
2020-08-07 08:20,1945
2020-08-07 08:25,2342
2020-08-07 08:30,2709
2020-08-07 08:35,3156
2020-08-07 08:40,3527
2020-08-07 08:45,3877
2020-08-07 08:50,4213
2020-08-07 08:55,4505
2020-08-07 09:00,4774
2020-08-07 09:05,5028
2020-08-07 09:10,5278
2020-08-07 09:15,5522
2020-08-07 09:20,5732
2020-08-07 09:25,5913
2020-08-07 09:30,6106
2020-08-07 09:35,6290
2020-08-07 09:40,6428
2020-08-07 09:45,6580
2020-08-07 09:50,6704
2020-08-07 09:55,6782
2020-08-07 10:00,6843
2020-08-07 10:05,6990
2020-08-07 10:10,7086
2020-08-07 10:15,7156
2020-08-07 10:20,7227
2020-08-07 10:25,7275
2020-08-07 10:30,7341
2020-08-07 10:35,7400
2020-08-07 10:40,7539
2020-08-07 10:45,7570
2020-08-07 10:50,7657
2020-08-07 10:55,7760
2020-08-07 11:00,7837
2020-08-07 11:05,7883
2020-08-07 11:10,7919
2020-08-07 11:15,7966
2020-08-07 11:20,8036
2020-08-07 11:25,8094
2020-08-07 11:30,8188
2020-08-07 11:35,8274
2020-08-07 11:40,8323
2020-08-07 11:45,8305
2020-08-07 11:50,8353
2020-08-07 11:55,8415
2020-08-07 12:00,8539
2020-08-07 12:05,8615
2020-08-07 12:10,8677
2020-08-07 12:15,8704
2020-08-07 12:20,8838
2020-08-07 12:25,8898
2020-08-07 12:30,9051
2020-08-07 12:35,9174
2020-08-07 12:40,9189
2020-08-07 12:45,9300
2020-08-07 12:50,9431
2020-08-07 12:55,9596
2020-08-07 13:00,9758
2020-08-07 13:05,9848
2020-08-07 13:10,9931
2020-08-07 13:15,10065
2020-08-07 13:20,10200
2020-08-07 13:25,10343
2020-08-07 13:30,10456
2020-08-07 13:35,10646
2020-08-07 13:40,10763
2020-08-07 13:45,10912
2020-08-07 13:50,10997
2020-08-07 13:55,11129
2020-08-07 14:00,11181
2020-08-07 14:05,11297
2020-08-07 14:10,11377
2020-08-07 14:15,11486
2020-08-07 14:20,11625
2020-08-07 14:25,11760
2020-08-07 14:30,11895
2020-08-07 14:35,12001
2020-08-07 14:40,12178
2020-08-07 14:45,12292
2020-08-07 14:50,12365
2020-08-07 14:55,12468
2020-08-07 15:00,12660
2020-08-07 15:05,12689
2020-08-07 15:10,12757
2020-08-07 15:15,12879
2020-08-07 15:20,12976
2020-08-07 15:25,13110
2020-08-07 15:30,13169
2020-08-07 15:35,13234
2020-08-07 15:40,13335
2020-08-07 15:45,13466
2020-08-07 15:50,13592
2020-08-07 15:55,13726
2020-08-07 16:00,13807
2020-08-07 16:05,13873
2020-08-07 16:10,13971
2020-08-07 16:15,13999
2020-08-07 16:20,14094
2020-08-07 16:25,14217
2020-08-07 16:30,14356
2020-08-07 16:35,14476
2020-08-07 16:40,14539
2020-08-07 16:45,14605
2020-08-07 16:50,14768
2020-08-07 16:55,14889
2020-08-07 17:00,15027
2020-08-07 17:05,13720
2020-08-07 17:10,15160
2020-08-07 17:15,15361
2020-08-07 17:20,15384
2020-08-07 17:25,15555
2020-08-07 17:30,15609
2020-08-07 17:35,15673
2020-08-07 17:40,15822
2020-08-07 17:45,15978
2020-08-07 17:50,16151
2020-08-07 17:55,
2020-08-07 18:00,
2020-08-07 18:05,16408
2020-08-07 18:10,16462
2020-08-07 18:15,16605
2020-08-07 18:20,16715
2020-08-07 18:25,16851
2020-08-07 18:30,17000
2020-08-07 18:35,17139
2020-08-07 18:40,17242
2020-08-07 18:45,17445
2020-08-07 18:50,17553
2020-08-07 18:55,17614
2020-08-07 19:00,17660
2020-08-07 19:05,17787
2020-08-07 19:10,17881
2020-08-07 19:15,18003
2020-08-07 19:20,18034
2020-08-07 19:25,18086
2020-08-07 19:30,18241
2020-08-07 19:35,18248
2020-08-07 19:40,18385
2020-08-07 19:45,18557
2020-08-07 19:50,18750
2020-08-07 19:55,18830
2020-08-07 20:00,18864
2020-08-07 20:05,18933
2020-08-07 20:10,18913
2020-08-07 20:15,19027
2020-08-07 20:20,19067
2020-08-07 20:25,19161
2020-08-07 20:30,19302
2020-08-07 20:35,19344
2020-08-07 20:40,19360
2020-08-07 20:45,19403
2020-08-07 20:50,19440
2020-08-07 20:55,19456
2020-08-07 21:00,19487
2020-08-07 21:05,19563
2020-08-07 21:10,19670
2020-08-07 21:15,19824
2020-08-07 21:20,19981
2020-08-07 21:25,20129
2020-08-07 21:30,20205
2020-08-07 21:35,20312
2020-08-07 21:40,20341
2020-08-07 21:45,20302
2020-08-07 21:50,20311
2020-08-07 21:55,20304
2020-08-07 22:00,20332
2020-08-07 22:05,20396
2020-08-07 22:10,20384
2020-08-07 22:15,20371
2020-08-07 22:20,20311
2020-08-07 22:25,20267
2020-08-07 22:30,20256
2020-08-07 22:35,20363
2020-08-07 22:40,20415
2020-08-07 22:45,20347
2020-08-07 22:50,20349
2020-08-07 22:55,20276
2020-08-07 23:00,20218
2020-08-07 23:05,20103
2020-08-07 23:10,20044
2020-08-07 23:15,20043
2020-08-07 23:20,20041
2020-08-07 23:25,20045
2020-08-07 23:30,19920
2020-08-07 23:35,19918
2020-08-07 23:40,19951
2020-08-07 23:45,19914
2020-08-07 23:50,19851
2020-08-07 23:55,19835
2020-08-08 00:00,19781
2020-08-08 00:05,19719
2020-08-08 00:10,19708
2020-08-08 00:15,19557
2020-08-08 00:20,19584
2020-08-08 00:25,19573
2020-08-08 00:30,19601
2020-08-08 00:35,19662
2020-08-08 00:40,19664
2020-08-08 00:45,19736
2020-08-08 00:50,19781
2020-08-08 00:55,19909
2020-08-08 01:00,19873
2020-08-08 01:05,19856
2020-08-08 01:10,19928
2020-08-08 01:15,20002
2020-08-08 01:20,20143
2020-08-08 01:25,20199
2020-08-08 01:30,20304
2020-08-08 01:35,20299
2020-08-08 01:40,20385
2020-08-08 01:45,20487
2020-08-08 01:50,20543
2020-08-08 01:55,20641
2020-08-08 02:00,20770
2020-08-08 02:05,20841
2020-08-08 02:10,20951
2020-08-08 02:15,20951
2020-08-08 02:20,20998
2020-08-08 02:25,21040
2020-08-08 02:30,21124
2020-08-08 02:35,21213
2020-08-08 02:40,21108
2020-08-08 02:45,21144
2020-08-08 02:50,21199
2020-08-08 02:55,21291
2020-08-08 03:00,21265
2020-08-08 03:05,21230
2020-08-08 03:10,21218
2020-08-08 03:15,21181
2020-08-08 03:20,21226
2020-08-08 03:25,21130
2020-08-08 03:30,21083
2020-08-08 03:35,20938
2020-08-08 03:40,20889
2020-08-08 03:45,20831
2020-08-08 03:50,20704
2020-08-08 03:55,20596
2020-08-08 04:00,20433
2020-08-08 04:05,20177
2020-08-08 04:10,20034
2020-08-08 04:15,19864
2020-08-08 04:20,19666
2020-08-08 04:25,19536
2020-08-08 04:30,19394
2020-08-08 04:35,19234
2020-08-08 04:40,19086
2020-08-08 04:45,18943
2020-08-08 04:50,18771
2020-08-08 04:55,18525
2020-08-08 05:00,18385
2020-08-08 05:05,18084
2020-08-08 05:10,17939
2020-08-08 05:15,17698
2020-08-08 05:20,17451
2020-08-08 05:25,17263
2020-08-08 05:30,16976
2020-08-08 05:35,16733
2020-08-08 05:40,16411
2020-08-08 05:45,16092
2020-08-08 05:50,15865
2020-08-08 05:55,15569
2020-08-08 06:00,15282
2020-08-08 06:05,14953
2020-08-08 06:10,14697
2020-08-08 06:15,14077
2020-08-08 06:20,13781
2020-08-08 06:25,13552
2020-08-08 06:30,13415
2020-08-08 06:35,13184
2020-08-08 06:40,12934
2020-08-08 06:45,12702
2020-08-08 06:50,12452
2020-08-08 06:55,12140
2020-08-08 07:00,11855
2020-08-08 07:05,11626
2020-08-08 07:10,11387
2020-08-08 07:15,11240
2020-08-08 07:20,11003
2020-08-08 07:25,10815
2020-08-08 07:30,10583
2020-08-08 07:35,10424
2020-08-08 07:40,10238
2020-08-08 07:45,10073
2020-08-08 07:50,9936
2020-08-08 07:55,9769
2020-08-08 08:00,9629
2020-08-08 08:05,9535
2020-08-08 08:10,9393
2020-08-08 08:15,9082
2020-08-08 08:20,8943
2020-08-08 08:25,8879
2020-08-08 08:30,8758
2020-08-08 08:35,8718
2020-08-08 08:40,8624
2020-08-08 08:45,8584
2020-08-08 08:50,8521
2020-08-08 08:55,8507
2020-08-08 09:00,8399
2020-08-08 09:05,8394
2020-08-08 09:10,8405
2020-08-08 09:15,8384
2020-08-08 09:20,8354
2020-08-08 09:25,8336
2020-08-08 09:30,8349
2020-08-08 09:35,8346
2020-08-08 09:40,8334
2020-08-08 09:45,8393
2020-08-08 09:50,8390
2020-08-08 09:55,8417
2020-08-08 10:00,8415
2020-08-08 10:05,8421
2020-08-08 10:10,8417
2020-08-08 10:15,8420
2020-08-08 10:20,8408
2020-08-08 10:25,8451
2020-08-08 10:30,8526
2020-08-08 10:35,8499
2020-08-08 10:40,8503
2020-08-08 10:45,8577
2020-08-08 10:50,8610
2020-08-08 10:55,8675
2020-08-08 11:00,8736
2020-08-08 11:05,8818
2020-08-08 11:10,8916
2020-08-08 11:15,8958
2020-08-08 11:20,9031
2020-08-08 11:25,9047
2020-08-08 11:30,9109
2020-08-08 11:35,9131
2020-08-08 11:40,9168
2020-08-08 11:45,9239
2020-08-08 11:50,9387
2020-08-08 11:55,9485
2020-08-08 12:00,9535
2020-08-08 12:05,9532
2020-08-08 12:10,9648
2020-08-08 12:15,9754
2020-08-08 12:20,9826
2020-08-08 12:25,9841
2020-08-08 12:30,9929
2020-08-08 12:35,10048
2020-08-08 12:40,10134
2020-08-08 12:45,10237
2020-08-08 12:50,10359
2020-08-08 12:55,10414
2020-08-08 13:00,10563
2020-08-08 13:05,10689
2020-08-08 13:10,10763
2020-08-08 13:15,10865
2020-08-08 13:20,11015
2020-08-08 13:25,11114
2020-08-08 13:30,11217
2020-08-08 13:35,11345
2020-08-08 13:40,11478
2020-08-08 13:45,11612
2020-08-08 13:50,11782
2020-08-08 13:55,11917
2020-08-08 14:00,12018
2020-08-08 14:05,12112
2020-08-08 14:10,12216
2020-08-08 14:15,12317
2020-08-08 14:20,12462
2020-08-08 14:25,12600
2020-08-08 14:30,12694
2020-08-08 14:35,12805
2020-08-08 14:40,12953
2020-08-08 14:45,13133
2020-08-08 14:50,13248
2020-08-08 14:55,13450
2020-08-08 15:00,13533
2020-08-08 15:05,13637
2020-08-08 15:10,13764
2020-08-08 15:15,13916
2020-08-08 15:20,14020
2020-08-08 15:25,14207
2020-08-08 15:30,14302
2020-08-08 15:35,14362
2020-08-08 15:40,14471
2020-08-08 15:45,14602
2020-08-08 15:50,14750
2020-08-08 15:55,14811
2020-08-08 16:00,14926
2020-08-08 16:05,14903
2020-08-08 16:10,15035
2020-08-08 16:15,15089
2020-08-08 16:20,15139
2020-08-08 16:25,15185
2020-08-08 16:30,15351
2020-08-08 16:35,15428
2020-08-08 16:40,15471
2020-08-08 16:45,15618
2020-08-08 16:50,15814
2020-08-08 16:55,15853
2020-08-08 17:00,15849
2020-08-08 17:05,15994
2020-08-08 17:10,16102
2020-08-08 17:15,16186
2020-08-08 17:20,16304
2020-08-08 17:25,16429
2020-08-08 17:30,16524
2020-08-08 17:35,16640
2020-08-08 17:40,16790
2020-08-08 17:45,16914
2020-08-08 17:50,17113
2020-08-08 17:55,17150
2020-08-08 18:00,17244
2020-08-08 18:05,17382
2020-08-08 18:10,17579
2020-08-08 18:15,17716
2020-08-08 18:20,17795
2020-08-08 18:25,17944
2020-08-08 18:30,18116
2020-08-08 18:35,18291
2020-08-08 18:40,18467
2020-08-08 18:45,18658
2020-08-08 18:50,18815
2020-08-08 18:55,18973
2020-08-08 19:00,19009
2020-08-08 19:05,18976
2020-08-08 19:10,19078
2020-08-08 19:15,19296
2020-08-08 19:20,19373
2020-08-08 19:25,19522
2020-08-08 19:30,19539
2020-08-08 19:35,19626
2020-08-08 19:40,19748
2020-08-08 19:45,19863
2020-08-08 19:50,20045
2020-08-08 19:55,20074
2020-08-08 20:00,20099
2020-08-08 20:05,20148
2020-08-08 20:10,20350
2020-08-08 20:15,20501
2020-08-08 20:20,20589
2020-08-08 20:25,20684
2020-08-08 20:30,20808
2020-08-08 20:35,20814
2020-08-08 20:40,20870
2020-08-08 20:45,20930
2020-08-08 20:50,20947
2020-08-08 20:55,20965
2020-08-08 21:00,21035
2020-08-08 21:05,21059
2020-08-08 21:10,20975
2020-08-08 21:15,21018
2020-08-08 21:20,21011
2020-08-08 21:25,21030
2020-08-08 21:30,20999
2020-08-08 21:35,21010
2020-08-08 21:40,21070
2020-08-08 21:45,21128
2020-08-08 21:50,21211
2020-08-08 21:55,21297
2020-08-08 22:00,21100
2020-08-08 22:05,20983
2020-08-08 22:10,20873
2020-08-08 22:15,20822
2020-08-08 22:20,20770
2020-08-08 22:25,20709
2020-08-08 22:30,20593
2020-08-08 22:35,20439
2020-08-08 22:40,20395
2020-08-08 22:45,20408
2020-08-08 22:50,20343
2020-08-08 22:55,20276
2020-08-08 23:00,20237
2020-08-08 23:05,20221
2020-08-08 23:10,20196
2020-08-08 23:15,20103
2020-08-08 23:20,20016
2020-08-08 23:25,19940
2020-08-08 23:30,19917
2020-08-08 23:35,19798
2020-08-08 23:40,19723
2020-08-08 23:45,19731
2020-08-08 23:50,19664
2020-08-08 23:55,19567
2020-08-09 00:00,19530
2020-08-09 00:05,19466
2020-08-09 00:10,19416
2020-08-09 00:15,19335
2020-08-09 00:20,19287
2020-08-09 00:25,19283
2020-08-09 00:30,19307
2020-08-09 00:35,19265
2020-08-09 00:40,19185
2020-08-09 00:45,19163
2020-08-09 00:50,19187
2020-08-09 00:55,19252
2020-08-09 01:00,19139
2020-08-09 01:05,19196
2020-08-09 01:10,19207
2020-08-09 01:15,19216
2020-08-09 01:20,19224
2020-08-09 01:25,19247
2020-08-09 01:30,19317
2020-08-09 01:35,19360
2020-08-09 01:40,19428
2020-08-09 01:45,19546
2020-08-09 01:50,19548
2020-08-09 01:55,19528
2020-08-09 02:00,19649
2020-08-09 02:05,19745
2020-08-09 02:10,19874
2020-08-09 02:15,19929
2020-08-09 02:20,19929
2020-08-09 02:25,20008
2020-08-09 02:30,20110
2020-08-09 02:35,20121
2020-08-09 02:40,20167
2020-08-09 02:45,20205
2020-08-09 02:50,20375
2020-08-09 02:55,20418
2020-08-09 03:00,20410
2020-08-09 03:05,20405
2020-08-09 03:10,20360
2020-08-09 03:15,20297
2020-08-09 03:20,20232
2020-08-09 03:25,20273
2020-08-09 03:30,20314
2020-08-09 03:35,20356
2020-08-09 03:40,20282
2020-08-09 03:45,20265
2020-08-09 03:50,20237
2020-08-09 03:55,20094
2020-08-09 04:00,20012
2020-08-09 04:05,19936
2020-08-09 04:10,19851
2020-08-09 04:15,19781
2020-08-09 04:20,19704
2020-08-09 04:25,19514
2020-08-09 04:30,19267
2020-08-09 04:35,18991
2020-08-09 04:40,18824
2020-08-09 04:45,18651
2020-08-09 04:50,18472
2020-08-09 04:55,18219
2020-08-09 05:00,18000
2020-08-09 05:05,17781
2020-08-09 05:10,17593
2020-08-09 05:15,17373
2020-08-09 05:20,17145
2020-08-09 05:25,16962
2020-08-09 05:30,16813
2020-08-09 05:35,16546
2020-08-09 05:40,16243
2020-08-09 05:45,15974
2020-08-09 05:50,15665
2020-08-09 05:55,15419
2020-08-09 06:00,15118
2020-08-09 06:05,14849
2020-08-09 06:10,14682
2020-08-09 06:15,14440
2020-08-09 06:20,14206
2020-08-09 06:25,13914
2020-08-09 06:30,13673
2020-08-09 06:35,13458
2020-08-09 06:40,13204
2020-08-09 06:45,12942
2020-08-09 06:50,12719
2020-08-09 06:55,12496
2020-08-09 07:00,12367
2020-08-09 07:05,12129
2020-08-09 07:10,11822
2020-08-09 07:15,11576
2020-08-09 07:20,11405
2020-08-09 07:25,11275
2020-08-09 07:30,11098
2020-08-09 07:35,10921
2020-08-09 07:40,10734
2020-08-09 07:45,10540
2020-08-09 07:50,10418
2020-08-09 07:55,10276
2020-08-09 08:00,10073
2020-08-09 08:05,9960
2020-08-09 08:10,9886
2020-08-09 08:15,9661
2020-08-09 08:20,9459
2020-08-09 08:25,9368
2020-08-09 08:30,9277
2020-08-09 08:35,9180
2020-08-09 08:40,9086
2020-08-09 08:45,8989
2020-08-09 08:50,8941
2020-08-09 08:55,8921
2020-08-09 09:00,8874
2020-08-09 09:05,8867
2020-08-09 09:10,8834
2020-08-09 09:15,8871
2020-08-09 09:20,8821
2020-08-09 09:25,8819
2020-08-09 09:30,8867
2020-08-09 09:35,8902
2020-08-09 09:40,8960
2020-08-09 09:45,8979
2020-08-09 09:50,8980
2020-08-09 09:55,9016
2020-08-09 10:00,9019
2020-08-09 10:05,9012
2020-08-09 10:10,9071
2020-08-09 10:15,9135
2020-08-09 10:20,9134
2020-08-09 10:25,9174
2020-08-09 10:30,9253
2020-08-09 10:35,9281
2020-08-09 10:40,9332
2020-08-09 10:45,9342
2020-08-09 10:50,9393
2020-08-09 10:55,9438
2020-08-09 11:00,9453
2020-08-09 11:05,9473
2020-08-09 11:10,9533
2020-08-09 11:15,9581
2020-08-09 11:20,9601
2020-08-09 11:25,9670
2020-08-09 11:30,9697
2020-08-09 11:35,9773
2020-08-09 11:40,9834
2020-08-09 11:45,9953
2020-08-09 11:50,10005
2020-08-09 11:55,10065
2020-08-09 12:00,10107
2020-08-09 12:05,10186
2020-08-09 12:10,10252
2020-08-09 12:15,10384
2020-08-09 12:20,10507
2020-08-09 12:25,10658
2020-08-09 12:30,10677
2020-08-09 12:35,10790
2020-08-09 12:40,10878
2020-08-09 12:45,10951
2020-08-09 12:50,11039
2020-08-09 12:55,11134
2020-08-09 13:00,11223
2020-08-09 13:05,11257
2020-08-09 13:10,11410
2020-08-09 13:15,11534
2020-08-09 13:20,11630
2020-08-09 13:25,11790
2020-08-09 13:30,11969
2020-08-09 13:35,12104
2020-08-09 13:40,12325
2020-08-09 13:45,12387
2020-08-09 13:50,12489
2020-08-09 13:55,12634
2020-08-09 14:00,12777
2020-08-09 14:05,12960
2020-08-09 14:10,13055
2020-08-09 14:15,13211
2020-08-09 14:20,13376
2020-08-09 14:25,13502
2020-08-09 14:30,13665
2020-08-09 14:35,13836
2020-08-09 14:40,13940
2020-08-09 14:45,14026
2020-08-09 14:50,14116
2020-08-09 14:55,14349
2020-08-09 15:00,14528
2020-08-09 15:05,14595
2020-08-09 15:10,14717
2020-08-09 15:15,14862
2020-08-09 15:20,14910
2020-08-09 15:25,15153
2020-08-09 15:30,15299
2020-08-09 15:35,15401
2020-08-09 15:40,15503
2020-08-09 15:45,15617
2020-08-09 15:50,15785
2020-08-09 15:55,15818
2020-08-09 16:00,15906
2020-08-09 16:05,16037
2020-08-09 16:10,16163
2020-08-09 16:15,16195
2020-08-09 16:20,16300
2020-08-09 16:25,16382
2020-08-09 16:30,16437
2020-08-09 16:35,16604
2020-08-09 16:40,16651
2020-08-09 16:45,16791
2020-08-09 16:50,16916
2020-08-09 16:55,17091
2020-08-09 17:00,17215
2020-08-09 17:05,17336
2020-08-09 17:10,17425
2020-08-09 17:15,17530
2020-08-09 17:20,17718
2020-08-09 17:25,17869
2020-08-09 17:30,18023
2020-08-09 17:35,18205
2020-08-09 17:40,18359
2020-08-09 17:45,18591
2020-08-09 17:50,18734
2020-08-09 17:55,18890
2020-08-09 18:00,19057
2020-08-09 18:05,19256
2020-08-09 18:10,19492
2020-08-09 18:15,19667
2020-08-09 18:20,19777
2020-08-09 18:25,19935
2020-08-09 18:30,20123
2020-08-09 18:35,20307
2020-08-09 18:40,20448
2020-08-09 18:45,20727
2020-08-09 18:50,20840
2020-08-09 18:55,21014
2020-08-09 19:00,21159
2020-08-09 19:05,21251
2020-08-09 19:10,21373
2020-08-09 19:15,21419
2020-08-09 19:20,21542
2020-08-09 19:25,21692
2020-08-09 19:30,21739
2020-08-09 19:35,21813
2020-08-09 19:40,21799
2020-08-09 19:45,21924
2020-08-09 19:50,21958
2020-08-09 19:55,22033
2020-08-09 20:00,22043
2020-08-09 20:05,22201
2020-08-09 20:10,22267
2020-08-09 20:15,22380
2020-08-09 20:20,22373
2020-08-09 20:25,22452
2020-08-09 20:30,22443
2020-08-09 20:35,22536
2020-08-09 20:40,22587
2020-08-09 20:45,22677
2020-08-09 20:50,22688
2020-08-09 20:55,22691
2020-08-09 21:00,22666
2020-08-09 21:05,22646
2020-08-09 21:10,22627
2020-08-09 21:15,22580
2020-08-09 21:20,22525
2020-08-09 21:25,22517
2020-08-09 21:30,22455
2020-08-09 21:35,22377
2020-08-09 21:40,22298
2020-08-09 21:45,22270
2020-08-09 21:50,22192
2020-08-09 21:55,22159
2020-08-09 22:00,22027
2020-08-09 22:05,21944
2020-08-09 22:10,21785
2020-08-09 22:15,21628
2020-08-09 22:20,21481
2020-08-09 22:25,21357
2020-08-09 22:30,21288
2020-08-09 22:35,21258
2020-08-09 22:40,21254
2020-08-09 22:45,21267
2020-08-09 22:50,21197
2020-08-09 22:55,21170
2020-08-09 23:00,21070
2020-08-09 23:05,21018
2020-08-09 23:10,20931
2020-08-09 23:15,20818
2020-08-09 23:20,20727
2020-08-09 23:25,20637
2020-08-09 23:30,20615
2020-08-09 23:35,20557
2020-08-09 23:40,20618
2020-08-09 23:45,20621
2020-08-09 23:50,20591
2020-08-09 23:55,20574
2020-08-10 00:00,20501
2020-08-10 00:05,20508
2020-08-10 00:10,20477
2020-08-10 00:15,20371
2020-08-10 00:20,20398
2020-08-10 00:25,20418
2020-08-10 00:30,20409
2020-08-10 00:35,20418
2020-08-10 00:40,20435
2020-08-10 00:45,20506
2020-08-10 00:50,20512
2020-08-10 00:55,20545
2020-08-10 01:00,20513
2020-08-10 01:05,20530
2020-08-10 01:10,20581
2020-08-10 01:15,20651
2020-08-10 01:20,20697
2020-08-10 01:25,20843
2020-08-10 01:30,20895
2020-08-10 01:35,20843
2020-08-10 01:40,20891
2020-08-10 01:45,20882
2020-08-10 01:50,20928
2020-08-10 01:55,20934
2020-08-10 02:00,20817
2020-08-10 02:05,20800
2020-08-10 02:10,20825
2020-08-10 02:15,20843
2020-08-10 02:20,20805
2020-08-10 02:25,20690
2020-08-10 02:30,20626
2020-08-10 02:35,20583
2020-08-10 02:40,20575
2020-08-10 02:45,20494
2020-08-10 02:50,20362
2020-08-10 02:55,20143
2020-08-10 03:00,20009
2020-08-10 03:05,19822
2020-08-10 03:10,19642
2020-08-10 03:15,19571
2020-08-10 03:20,19480
2020-08-10 03:25,19396
2020-08-10 03:30,19270
2020-08-10 03:35,19073
2020-08-10 03:40,18970
2020-08-10 03:45,18783
2020-08-10 03:50,18515
2020-08-10 03:55,18432
2020-08-10 04:00,18287
2020-08-10 04:05,18077
2020-08-10 04:10,17850
2020-08-10 04:15,17604
2020-08-10 04:20,17278
2020-08-10 04:25,17048
2020-08-10 04:30,16758
2020-08-10 04:35,16454
2020-08-10 04:40,16107
2020-08-10 04:45,15842
2020-08-10 04:50,15613
2020-08-10 04:55,15401
2020-08-10 05:00,15181
2020-08-10 05:05,14893
2020-08-10 05:10,14632
2020-08-10 05:15,13505
2020-08-10 05:20,11769
2020-08-10 05:25,9837
2020-08-10 05:30,8135
2020-08-10 05:35,6831
2020-08-10 05:40,5851
2020-08-10 05:45,5092
2020-08-10 05:50,5560
2020-08-10 05:55,6095
2020-08-10 06:00,6519
2020-08-10 06:05,6926
2020-08-10 06:10,7265
2020-08-10 06:15,7587
2020-08-10 06:20,7833
2020-08-10 06:25,8073
2020-08-10 06:30,8221
2020-08-10 06:35,8385
2020-08-10 06:40,8515
2020-08-10 06:45,8622
2020-08-10 06:50,8692
2020-08-10 06:55,8749
2020-08-10 07:00,8797
2020-08-10 07:05,8774
2020-08-10 07:10,8752
2020-08-10 07:15,8710
2020-08-10 07:20,8659
2020-08-10 07:25,8585
2020-08-10 07:30,8544
2020-08-10 07:35,8455
2020-08-10 07:40,8417
2020-08-10 07:45,8375
2020-08-10 07:50,8281
2020-08-10 07:55,8196
2020-08-10 08:00,8087
2020-08-10 08:05,8030
2020-08-10 08:10,7915
2020-08-10 08:15,7888
2020-08-10 08:20,7804
2020-08-10 08:25,7768
2020-08-10 08:30,7665
2020-08-10 08:35,7606
2020-08-10 08:40,7495
2020-08-10 08:45,7450
2020-08-10 08:50,7386
2020-08-10 08:55,7335
2020-08-10 09:00,7290
2020-08-10 09:05,7234
2020-08-10 09:10,7208
2020-08-10 09:15,7205
2020-08-10 09:20,7190
2020-08-10 09:25,7181
2020-08-10 09:30,7193
2020-08-10 09:35,7268
2020-08-10 09:40,7332
2020-08-10 09:45,7354
2020-08-10 09:50,7340
2020-08-10 09:55,7364
2020-08-10 10:00,7412
2020-08-10 10:05,7441
2020-08-10 10:10,7478
2020-08-10 10:15,7527
2020-08-10 10:20,7551
2020-08-10 10:25,7548
2020-08-10 10:30,7546
2020-08-10 10:35,7582
2020-08-10 10:40,7609
2020-08-10 10:45,7615
2020-08-10 10:50,7673
2020-08-10 10:55,7723
2020-08-10 11:00,7709
2020-08-10 11:05,7732
2020-08-10 11:10,7806
2020-08-10 11:15,7886
2020-08-10 11:20,7889
2020-08-10 11:25,7934
2020-08-10 11:30,7977
2020-08-10 11:35,8044
2020-08-10 11:40,8161
2020-08-10 11:45,8232
2020-08-10 11:50,8258
2020-08-10 11:55,8312
2020-08-10 12:00,8394
2020-08-10 12:05,8428
2020-08-10 12:10,8511
2020-08-10 12:15,8618
2020-08-10 12:20,8643
2020-08-10 12:25,8737
2020-08-10 12:30,8846
2020-08-10 12:35,8914
2020-08-10 12:40,9037
2020-08-10 12:45,9123
2020-08-10 12:50,9200
2020-08-10 12:55,9359
2020-08-10 13:00,9495
2020-08-10 13:05,9625
2020-08-10 13:10,9680
2020-08-10 13:15,9855
2020-08-10 13:20,9969
2020-08-10 13:25,10060
2020-08-10 13:30,10221
2020-08-10 13:35,10338
2020-08-10 13:40,10482
2020-08-10 13:45,10638
2020-08-10 13:50,10791
2020-08-10 13:55,10984
2020-08-10 14:00,11106
2020-08-10 14:05,11250
2020-08-10 14:10,11381
2020-08-10 14:15,11475
2020-08-10 14:20,11593
2020-08-10 14:25,11675
2020-08-10 14:30,11840
2020-08-10 14:35,11992
2020-08-10 14:40,12142
2020-08-10 14:45,12180
2020-08-10 14:50,12303
2020-08-10 14:55,12381
2020-08-10 15:00,12485
2020-08-10 15:05,12526
2020-08-10 15:10,12737
2020-08-10 15:15,12859
2020-08-10 15:20,13009
2020-08-10 15:25,13114
2020-08-10 15:30,13298
2020-08-10 15:35,13351
2020-08-10 15:40,13403
2020-08-10 15:45,13585
2020-08-10 15:50,13714
2020-08-10 15:55,
2020-08-10 16:00,13840
2020-08-10 16:05,13883
2020-08-10 16:10,14017
2020-08-10 16:15,14151
2020-08-10 16:20,14247
2020-08-10 16:25,14354
2020-08-10 16:30,14446
2020-08-10 16:35,14577
2020-08-10 16:40,14738
2020-08-10 16:45,14835
2020-08-10 16:50,14990
2020-08-10 16:55,15136
2020-08-10 17:00,15313
2020-08-10 17:05,15469
2020-08-10 17:10,15668
2020-08-10 17:15,15792
2020-08-10 17:20,15897
2020-08-10 17:25,16064
2020-08-10 17:30,16265
2020-08-10 17:35,16424
2020-08-10 17:40,16613
2020-08-10 17:45,16716
2020-08-10 17:50,16882
2020-08-10 17:55,17065
2020-08-10 18:00,17194
2020-08-10 18:05,17362
2020-08-10 18:10,17596
2020-08-10 18:15,16920
2020-08-10 18:20,17011
2020-08-10 18:25,17039
2020-08-10 18:30,17121
2020-08-10 18:35,17326
2020-08-10 18:40,17412
2020-08-10 18:45,17619
2020-08-10 18:50,17797
2020-08-10 18:55,18104
2020-08-10 19:00,18330
2020-08-10 19:05,18453
2020-08-10 19:10,18665
2020-08-10 19:15,18844
2020-08-10 19:20,18950
2020-08-10 19:25,19050
2020-08-10 19:30,19168
2020-08-10 19:35,19252
2020-08-10 19:40,19427
2020-08-10 19:45,19594
2020-08-10 19:50,19725
2020-08-10 19:55,19727
2020-08-10 20:00,19837
2020-08-10 20:05,19895
2020-08-10 20:10,19959
2020-08-10 20:15,20124
2020-08-10 20:20,20147
2020-08-10 20:25,20131
2020-08-10 20:30,20236
2020-08-10 20:35,20244
2020-08-10 20:40,20285
2020-08-10 20:45,20340
2020-08-10 20:50,20352
2020-08-10 20:55,20296
2020-08-10 21:00,20310
2020-08-10 21:05,20313
2020-08-10 21:10,20187
2020-08-10 21:15,20213
2020-08-10 21:20,20245
2020-08-10 21:25,20323
2020-08-10 21:30,20400
2020-08-10 21:35,20501
2020-08-10 21:40,20403
2020-08-10 21:45,20467
2020-08-10 21:50,20393
2020-08-10 21:55,20338
2020-08-10 22:00,20246
2020-08-10 22:05,20200
2020-08-10 22:10,20218
2020-08-10 22:15,20173
2020-08-10 22:20,20165
2020-08-10 22:25,20156
2020-08-10 22:30,20108
2020-08-10 22:35,19981
2020-08-10 22:40,19978
2020-08-10 22:45,19871
2020-08-10 22:50,19804
2020-08-10 22:55,19738
2020-08-10 23:00,19610
2020-08-10 23:05,19654
2020-08-10 23:10,19602
2020-08-10 23:15,19583
2020-08-10 23:20,19520
2020-08-10 23:25,19542
2020-08-10 23:30,19621
2020-08-10 23:35,19587
2020-08-10 23:40,19581
2020-08-10 23:45,19589
2020-08-10 23:50,19619
2020-08-10 23:55,19583
2020-08-11 00:00,19616
2020-08-11 00:05,19620
2020-08-11 00:10,19667
2020-08-11 00:15,19770
2020-08-11 00:20,19849
2020-08-11 00:25,19889
2020-08-11 00:30,19854
2020-08-11 00:35,19980
2020-08-11 00:40,20113
2020-08-11 00:45,20209
2020-08-11 00:50,20355
2020-08-11 00:55,20374
2020-08-11 01:00,20391
2020-08-11 01:05,20429
2020-08-11 01:10,20451
2020-08-11 01:15,20512
2020-08-11 01:20,20588
2020-08-11 01:25,20621
2020-08-11 01:30,20642
2020-08-11 01:35,20731
2020-08-11 01:40,20699
2020-08-11 01:45,20669
2020-08-11 01:50,20682
2020-08-11 01:55,20741
2020-08-11 02:00,20738
2020-08-11 02:05,20672
2020-08-11 02:10,20610
2020-08-11 02:15,20572
2020-08-11 02:20,20502
2020-08-11 02:25,20445
2020-08-11 02:30,20363
2020-08-11 02:35,20427
2020-08-11 02:40,20419
2020-08-11 02:45,20304
2020-08-11 02:50,20245
2020-08-11 02:55,20119
2020-08-11 03:00,19957
2020-08-11 03:05,19770
2020-08-11 03:10,19591
2020-08-11 03:15,19390
2020-08-11 03:20,19252
2020-08-11 03:25,19075
2020-08-11 03:30,18985
2020-08-11 03:35,18797
2020-08-11 03:40,18622
2020-08-11 03:45,18452
2020-08-11 03:50,18211
2020-08-11 03:55,17980
2020-08-11 04:00,17777
2020-08-11 04:05,17522
2020-08-11 04:10,17322
2020-08-11 04:15,17118
2020-08-11 04:20,16810
2020-08-11 04:25,16568
2020-08-11 04:30,16331
2020-08-11 04:35,16173
2020-08-11 04:40,15863
2020-08-11 04:45,15605
2020-08-11 04:50,15407
2020-08-11 04:55,15108
2020-08-11 05:00,14820
2020-08-11 05:05,14558
2020-08-11 05:10,14366
2020-08-11 05:15,14092
2020-08-11 05:20,13904
2020-08-11 05:25,13680
2020-08-11 05:30,13447
2020-08-11 05:35,13191
2020-08-11 05:40,12958
2020-08-11 05:45,12739
2020-08-11 05:50,12513
2020-08-11 05:55,12371
2020-08-11 06:00,12182
2020-08-11 06:05,11930
2020-08-11 06:10,11650
2020-08-11 06:15,11412
2020-08-11 06:20,11234
2020-08-11 06:25,10979
2020-08-11 06:30,10798
2020-08-11 06:35,10642
2020-08-11 06:40,10413
2020-08-11 06:45,10177
2020-08-11 06:50,9962
2020-08-11 06:55,9744
2020-08-11 07:00,9609
2020-08-11 07:05,9443
2020-08-11 07:10,9301
2020-08-11 07:15,9064
2020-08-11 07:20,8859
2020-08-11 07:25,8685
2020-08-11 07:30,8509
2020-08-11 07:35,8388
2020-08-11 07:40,8268
2020-08-11 07:45,8248
2020-08-11 07:50,8137
2020-08-11 07:55,8073
2020-08-11 08:00,7930
2020-08-11 08:05,7882
2020-08-11 08:10,7793
2020-08-11 08:15,7726
2020-08-11 08:20,7643
2020-08-11 08:25,7609
2020-08-11 08:30,7521
2020-08-11 08:35,7441
2020-08-11 08:40,7353
2020-08-11 08:45,7332
2020-08-11 08:50,7255
2020-08-11 08:55,7256
2020-08-11 09:00,7236
2020-08-11 09:05,7219
2020-08-11 09:10,7185
2020-08-11 09:15,7179
2020-08-11 09:20,7202
2020-08-11 09:25,7173
2020-08-11 09:30,7105
2020-08-11 09:35,7004
2020-08-11 09:40,6998
2020-08-11 09:45,6975
2020-08-11 09:50,6954
2020-08-11 09:55,6932
2020-08-11 10:00,6879
2020-08-11 10:05,6749
2020-08-11 10:10,6741
2020-08-11 10:15,6743
2020-08-11 10:20,6611
2020-08-11 10:25,6551
2020-08-11 10:30,6504
2020-08-11 10:35,5992
2020-08-11 10:40,4968
2020-08-11 10:45,4064
2020-08-11 10:50,3290
2020-08-11 10:55,2682
2020-08-11 11:00,2290
2020-08-11 11:05,2083
2020-08-11 11:10,1898
2020-08-11 11:15,1884
2020-08-11 11:20,1876
2020-08-11 11:25,1879
2020-08-11 11:30,1927
2020-08-11 11:35,1751
2020-08-11 11:40,1719
2020-08-11 11:45,1672
2020-08-11 11:50,1694
2020-08-11 11:55,1773
2020-08-11 12:00,1812
2020-08-11 12:05,1852
2020-08-11 12:10,1883
2020-08-11 12:15,1938
2020-08-11 12:20,1972
2020-08-11 12:25,1999
2020-08-11 12:30,1984
2020-08-11 12:35,2012
2020-08-11 12:40,2024
2020-08-11 12:45,2087
2020-08-11 12:50,2072
2020-08-11 12:55,2115
2020-08-11 13:00,2088
2020-08-11 13:05,2139
2020-08-11 13:10,2191
2020-08-11 13:15,3115
2020-08-11 13:20,4390
2020-08-11 13:25,5476
2020-08-11 13:30,6393
2020-08-11 13:35,7237
2020-08-11 13:40,8272
2020-08-11 13:45,9110
2020-08-11 13:50,9860
2020-08-11 13:55,10619
2020-08-11 14:00,11227
2020-08-11 14:05,11743
2020-08-11 14:10,12196
2020-08-11 14:15,12553
2020-08-11 14:20,12868
2020-08-11 14:25,13223
2020-08-11 14:30,13580
2020-08-11 14:35,13841
2020-08-11 14:40,14127
2020-08-11 14:45,14411
2020-08-11 14:50,14582
2020-08-11 14:55,14775
2020-08-11 15:00,14913
2020-08-11 15:05,14955
2020-08-11 15:10,15078
2020-08-11 15:15,15207
2020-08-11 15:20,15261
2020-08-11 15:25,15371
2020-08-11 15:30,15457
2020-08-11 15:35,15520
2020-08-11 15:40,15613
2020-08-11 15:45,15758
2020-08-11 15:50,15819
2020-08-11 15:55,15913
2020-08-11 16:00,16009
2020-08-11 16:05,16136
2020-08-11 16:10,16256
2020-08-11 16:15,16325
2020-08-11 16:20,16403
2020-08-11 16:25,16589
2020-08-11 16:30,16720
2020-08-11 16:35,16883
2020-08-11 16:40,17020
2020-08-11 16:45,17086
2020-08-11 16:50,17196
2020-08-11 16:55,17346
2020-08-11 17:00,17520
2020-08-11 17:05,17686
2020-08-11 17:10,17843
2020-08-11 17:15,17998
2020-08-11 17:20,18140
2020-08-11 17:25,18301
2020-08-11 17:30,18477
2020-08-11 17:35,18583
2020-08-11 17:40,18729
2020-08-11 17:45,18907
2020-08-11 17:50,19061
2020-08-11 17:55,19227
2020-08-11 18:00,19359
2020-08-11 18:05,19425
2020-08-11 18:10,19548
2020-08-11 18:15,19696
2020-08-11 18:20,19864
2020-08-11 18:25,20072
2020-08-11 18:30,20270
2020-08-11 18:35,20367
2020-08-11 18:40,20524
2020-08-11 18:45,20797
2020-08-11 18:50,20880
2020-08-11 18:55,21047
2020-08-11 19:00,21212
2020-08-11 19:05,21378
2020-08-11 19:10,21500
2020-08-11 19:15,21532
2020-08-11 19:20,21654
2020-08-11 19:25,21772
2020-08-11 19:30,21854
2020-08-11 19:35,21946
2020-08-11 19:40,22120
2020-08-11 19:45,22225
2020-08-11 19:50,22270
2020-08-11 19:55,22364
2020-08-11 20:00,22371
2020-08-11 20:05,22410
2020-08-11 20:10,22532
2020-08-11 20:15,22631
2020-08-11 20:20,22689
2020-08-11 20:25,22706
2020-08-11 20:30,22784
2020-08-11 20:35,22775
2020-08-11 20:40,22789
2020-08-11 20:45,22882
2020-08-11 20:50,22896
2020-08-11 20:55,22929
2020-08-11 21:00,22983
2020-08-11 21:05,22955
2020-08-11 21:10,22870
2020-08-11 21:15,22765
2020-08-11 21:20,22702
2020-08-11 21:25,22613
2020-08-11 21:30,22565
2020-08-11 21:35,21853
2020-08-11 21:40,21681
2020-08-11 21:45,21798
2020-08-11 21:50,21838
2020-08-11 21:55,21786
2020-08-11 22:00,21545
2020-08-11 22:05,21485
2020-08-11 22:10,21402
2020-08-11 22:15,21401
2020-08-11 22:20,21278
2020-08-11 22:25,21272
2020-08-11 22:30,21292
2020-08-11 22:35,21329
2020-08-11 22:40,21276
2020-08-11 22:45,21284
2020-08-11 22:50,21287
2020-08-11 22:55,21313
2020-08-11 23:00,21310
2020-08-11 23:05,21222
2020-08-11 23:10,21227
2020-08-11 23:15,21218
2020-08-11 23:20,0
2020-08-11 23:25,19066
2020-08-11 23:30,20837
2020-08-11 23:35,21084
2020-08-11 23:40,21173
2020-08-11 23:45,21146
2020-08-11 23:50,21115
2020-08-11 23:55,21045
2020-08-12 00:00,21098
2020-08-12 00:05,21117
2020-08-12 00:10,21196
2020-08-12 00:15,21311
2020-08-12 00:20,21434
2020-08-12 00:25,21556
2020-08-12 00:30,21483
2020-08-12 00:35,21493
2020-08-12 00:40,21600
2020-08-12 00:45,21570
2020-08-12 00:50,21553
2020-08-12 00:55,21542
2020-08-12 01:00,21571
2020-08-12 01:05,21643
2020-08-12 01:10,21607
2020-08-12 01:15,21695
2020-08-12 01:20,21783
2020-08-12 01:25,21783
2020-08-12 01:30,21843
2020-08-12 01:35,21870
2020-08-12 01:40,21881
2020-08-12 01:45,22031
2020-08-12 01:50,22045
2020-08-12 01:55,22132
2020-08-12 02:00,22062
2020-08-12 02:05,22023
2020-08-12 02:10,22063
2020-08-12 02:15,22103
2020-08-12 02:20,22037
2020-08-12 02:25,21929
2020-08-12 02:30,21915
2020-08-12 02:35,21861
2020-08-12 02:40,21829
2020-08-12 02:45,21764
2020-08-12 02:50,21691
2020-08-12 02:55,21686
2020-08-12 03:00,21388
2020-08-12 03:05,21300
2020-08-12 03:10,21164
2020-08-12 03:15,20991
2020-08-12 03:20,20844
2020-08-12 03:25,20676
2020-08-12 03:30,20439
2020-08-12 03:35,20265
2020-08-12 03:40,20018
2020-08-12 03:45,19771
2020-08-12 03:50,19526
2020-08-12 03:55,19326
2020-08-12 04:00,19133
2020-08-12 04:05,18841
2020-08-12 04:10,18539
2020-08-12 04:15,18264
2020-08-12 04:20,17995
2020-08-12 04:25,17689
2020-08-12 04:30,17451
2020-08-12 04:35,17225
2020-08-12 04:40,17029
2020-08-12 04:45,16788
2020-08-12 04:50,16521
2020-08-12 04:55,16218
2020-08-12 05:00,15886
2020-08-12 05:05,15549
2020-08-12 05:10,15250
2020-08-12 05:15,15016
2020-08-12 05:20,14762
2020-08-12 05:25,14485
2020-08-12 05:30,14217
2020-08-12 05:35,13987
2020-08-12 05:40,13653
2020-08-12 05:45,13392
2020-08-12 05:50,13184
2020-08-12 05:55,12952
2020-08-12 06:00,12701
2020-08-12 06:05,12486
2020-08-12 06:10,12251
2020-08-12 06:15,11991
2020-08-12 06:20,11771
2020-08-12 06:25,11575
2020-08-12 06:30,11362
2020-08-12 06:35,11203
2020-08-12 06:40,10972
2020-08-12 06:45,10720
2020-08-12 06:50,10536
2020-08-12 06:55,10326
2020-08-12 07:00,10150
2020-08-12 07:05,9958
2020-08-12 07:10,9810
2020-08-12 07:15,9665
2020-08-12 07:20,9524
2020-08-12 07:25,9309
2020-08-12 07:30,9182
2020-08-12 07:35,9043
2020-08-12 07:40,8934
2020-08-12 07:45,8824
2020-08-12 07:50,8730
2020-08-12 07:55,8640
2020-08-12 08:00,8524
2020-08-12 08:05,8392
2020-08-12 08:10,8284
2020-08-12 08:15,8172
2020-08-12 08:20,8124
2020-08-12 08:25,8015
2020-08-12 08:30,7959
2020-08-12 08:35,7938
2020-08-12 08:40,7898
2020-08-12 08:45,7837
2020-08-12 08:50,7845
2020-08-12 08:55,7807
2020-08-12 09:00,7778
2020-08-12 09:05,7785
2020-08-12 09:10,7775
2020-08-12 09:15,7700
2020-08-12 09:20,7691
2020-08-12 09:25,7695
2020-08-12 09:30,7774
2020-08-12 09:35,7820
2020-08-12 09:40,7844
2020-08-12 09:45,7865
2020-08-12 09:50,7926
2020-08-12 09:55,7952
2020-08-12 10:00,7921
2020-08-12 10:05,7859
2020-08-12 10:10,7918
2020-08-12 10:15,7944
2020-08-12 10:20,7896
2020-08-12 10:25,7954
2020-08-12 10:30,8049
2020-08-12 10:35,8109
2020-08-12 10:40,8167
2020-08-12 10:45,8179
2020-08-12 10:50,8283
2020-08-12 10:55,8300
2020-08-12 11:00,8337
2020-08-12 11:05,8359
2020-08-12 11:10,8441
2020-08-12 11:15,8538
2020-08-12 11:20,8579
2020-08-12 11:25,8621
2020-08-12 11:30,8738
2020-08-12 11:35,8773
2020-08-12 11:40,8852
2020-08-12 11:45,8911
2020-08-12 11:50,8941
2020-08-12 11:55,9041
2020-08-12 12:00,9085
2020-08-12 12:05,9150
2020-08-12 12:10,9194
2020-08-12 12:15,9280
2020-08-12 12:20,9421
2020-08-12 12:25,9517
2020-08-12 12:30,9582
2020-08-12 12:35,9679
2020-08-12 12:40,9784
2020-08-12 12:45,9888
2020-08-12 12:50,10005
2020-08-12 12:55,10099
2020-08-12 13:00,10209
2020-08-12 13:05,10364
2020-08-12 13:10,10461
2020-08-12 13:15,10568
2020-08-12 13:20,10727
2020-08-12 13:25,10811
2020-08-12 13:30,11002
2020-08-12 13:35,11108
2020-08-12 13:40,11197
2020-08-12 13:45,11372
2020-08-12 13:50,11511
2020-08-12 13:55,11656
2020-08-12 14:00,11810
2020-08-12 14:05,11948
2020-08-12 14:10,12062
2020-08-12 14:15,12210
2020-08-12 14:20,12369
2020-08-12 14:25,12463
2020-08-12 14:30,12619
2020-08-12 14:35,12731
2020-08-12 14:40,12832
2020-08-12 14:45,13038
2020-08-12 14:50,13155
2020-08-12 14:55,13274
2020-08-12 15:00,13401
2020-08-12 15:05,13499
2020-08-12 15:10,13576
2020-08-12 15:15,13689
2020-08-12 15:20,13808
2020-08-12 15:25,13962
2020-08-12 15:30,14053
2020-08-12 15:35,14105
2020-08-12 15:40,14225
2020-08-12 15:45,14385
2020-08-12 15:50,13737
2020-08-12 15:55,13760
2020-08-12 16:00,13824
2020-08-12 16:05,13917
2020-08-12 16:10,14121
2020-08-12 16:15,14184
2020-08-12 16:20,14294
2020-08-12 16:25,14566
2020-08-12 16:30,14845
2020-08-12 16:35,15060
2020-08-12 16:40,15238
2020-08-12 16:45,15450
2020-08-12 16:50,15650
2020-08-12 16:55,15886
2020-08-12 17:00,16061
2020-08-12 17:05,16263
2020-08-12 17:10,16409
2020-08-12 17:15,16509
2020-08-12 17:20,16788
2020-08-12 17:25,16882
2020-08-12 17:30,16996
2020-08-12 17:35,17181
2020-08-12 17:40,17433
2020-08-12 17:45,17650
2020-08-12 17:50,17776
2020-08-12 17:55,17945
2020-08-12 18:00,18056
2020-08-12 18:05,18223
2020-08-12 18:10,18365
2020-08-12 18:15,18504
2020-08-12 18:20,0
2020-08-12 18:25,15843
2020-08-12 18:30,16045
2020-08-12 18:35,16199
2020-08-12 18:40,16316
2020-08-12 18:45,16403
2020-08-12 18:50,19379
2020-08-12 18:55,19454
2020-08-12 19:00,19551
2020-08-12 19:05,19644
2020-08-12 19:10,19747
2020-08-12 19:15,19805
2020-08-12 19:20,19817
2020-08-12 19:25,19973
2020-08-12 19:30,20035
2020-08-12 19:35,20124
2020-08-12 19:40,20138
2020-08-12 19:45,20189
2020-08-12 19:50,20304
2020-08-12 19:55,20295
2020-08-12 20:00,20319
2020-08-12 20:05,20380
2020-08-12 20:10,20390
2020-08-12 20:15,20419
2020-08-12 20:20,20393
2020-08-12 20:25,20401
2020-08-12 20:30,20399
2020-08-12 20:35,20414
2020-08-12 20:40,20422
2020-08-12 20:45,20386
2020-08-12 20:50,20254
2020-08-12 20:55,20274
2020-08-12 21:00,20310
2020-08-12 21:05,20326
2020-08-12 21:10,20489
2020-08-12 21:15,20542
2020-08-12 21:20,20590
2020-08-12 21:25,20655
2020-08-12 21:30,20786
2020-08-12 21:35,20807
2020-08-12 21:40,20827
2020-08-12 21:45,20852
2020-08-12 21:50,0
2020-08-12 21:55,20869
2020-08-12 22:00,20763
2020-08-12 22:05,20811
2020-08-12 22:10,20790
2020-08-12 22:15,20761
2020-08-12 22:20,20644
2020-08-12 22:25,20635
2020-08-12 22:30,20558
2020-08-12 22:35,20624
2020-08-12 22:40,20596
2020-08-12 22:45,20530
2020-08-12 22:50,20498
2020-08-12 22:55,20475
2020-08-12 23:00,20387
2020-08-12 23:05,20391
2020-08-12 23:10,20339
2020-08-12 23:15,20351
2020-08-12 23:20,20332
2020-08-12 23:25,20197
2020-08-12 23:30,20276
2020-08-12 23:35,20231
2020-08-12 23:40,20317
2020-08-12 23:45,20303
2020-08-12 23:50,20244
2020-08-12 23:55,20233
